xx_config_id,xx_readable,x1_local_id,x1_name,x2_local_id,x2_name,raw_arity,raw_tuple,raw_tuple_id,role_overlay
0,"XX[X[0,0|0,0],X[0,0|0,0]]",0,"X[0,0|0,0]",0,"X[0,0|0,0]",4,"(0,0,0,0)",0,"('A_X1','B_X1','A_X2','B_X2')"
1,"XX[X[0,0|0,0],X[0,0|0,1]]",0,"X[0,0|0,0]",1,"X[0,0|0,1]",4,"(0,0,0,1)",1,"('A_X1','B_X1','A_X2','B_X2')"
2,"XX[X[0,0|0,0],X[0,0|0,2]]",0,"X[0,0|0,0]",2,"X[0,0|0,2]",4,"(0,0,0,2)",2,"('A_X1','B_X1','A_X2','B_X2')"
3,"XX[X[0,0|0,0],X[0,0|1,0]]",0,"X[0,0|0,0]",3,"X[0,0|1,0]",4,"(0,0,0,3)",3,"('A_X1','B_X1','A_X2','B_X2')"
4,"XX[X[0,0|0,0],X[0,0|1,1]]",0,"X[0,0|0,0]",4,"X[0,0|1,1]",4,"(0,0,0,4)",4,"('A_X1','B_X1','A_X2','B_X2')"
5,"XX[X[0,0|0,0],X[0,0|1,2]]",0,"X[0,0|0,0]",5,"X[0,0|1,2]",4,"(0,0,0,5)",5,"('A_X1','B_X1','A_X2','B_X2')"
6,"XX[X[0,0|0,0],X[0,0|2,0]]",0,"X[0,0|0,0]",6,"X[0,0|2,0]",4,"(0,0,0,6)",6,"('A_X1','B_X1','A_X2','B_X2')"
7,"XX[X[0,0|0,0],X[0,0|2,1]]",0,"X[0,0|0,0]",7,"X[0,0|2,1]",4,"(0,0,0,7)",7,"('A_X1','B_X1','A_X2','B_X2')"
8,"XX[X[0,0|0,0],X[0,0|2,2]]",0,"X[0,0|0,0]",8,"X[0,0|2,2]",4,"(0,0,0,8)",8,"('A_X1','B_X1','A_X2','B_X2')"
9,"XX[X[0,0|0,0],X[0,1|0,0]]",0,"X[0,0|0,0]",9,"X[0,1|0,0]",4,"(0,0,1,0)",9,"('A_X1','B_X1','A_X2','B_X2')"
10,"XX[X[0,0|0,0],X[0,1|0,1]]",0,"X[0,0|0,0]",10,"X[0,1|0,1]",4,"(0,0,1,1)",10,"('A_X1','B_X1','A_X2','B_X2')"
11,"XX[X[0,0|0,0],X[0,1|0,2]]",0,"X[0,0|0,0]",11,"X[0,1|0,2]",4,"(0,0,1,2)",11,"('A_X1','B_X1','A_X2','B_X2')"
12,"XX[X[0,0|0,0],X[0,1|1,0]]",0,"X[0,0|0,0]",12,"X[0,1|1,0]",4,"(0,0,1,3)",12,"('A_X1','B_X1','A_X2','B_X2')"
13,"XX[X[0,0|0,0],X[0,1|1,1]]",0,"X[0,0|0,0]",13,"X[0,1|1,1]",4,"(0,0,1,4)",13,"('A_X1','B_X1','A_X2','B_X2')"
14,"XX[X[0,0|0,0],X[0,1|1,2]]",0,"X[0,0|0,0]",14,"X[0,1|1,2]",4,"(0,0,1,5)",14,"('A_X1','B_X1','A_X2','B_X2')"
15,"XX[X[0,0|0,0],X[0,1|2,0]]",0,"X[0,0|0,0]",15,"X[0,1|2,0]",4,"(0,0,1,6)",15,"('A_X1','B_X1','A_X2','B_X2')"
16,"XX[X[0,0|0,0],X[0,1|2,1]]",0,"X[0,0|0,0]",16,"X[0,1|2,1]",4,"(0,0,1,7)",16,"('A_X1','B_X1','A_X2','B_X2')"
17,"XX[X[0,0|0,0],X[0,1|2,2]]",0,"X[0,0|0,0]",17,"X[0,1|2,2]",4,"(0,0,1,8)",17,"('A_X1','B_X1','A_X2','B_X2')"
18,"XX[X[0,0|0,0],X[0,2|0,0]]",0,"X[0,0|0,0]",18,"X[0,2|0,0]",4,"(0,0,2,0)",18,"('A_X1','B_X1','A_X2','B_X2')"
19,"XX[X[0,0|0,0],X[0,2|0,1]]",0,"X[0,0|0,0]",19,"X[0,2|0,1]",4,"(0,0,2,1)",19,"('A_X1','B_X1','A_X2','B_X2')"
20,"XX[X[0,0|0,0],X[0,2|0,2]]",0,"X[0,0|0,0]",20,"X[0,2|0,2]",4,"(0,0,2,2)",20,"('A_X1','B_X1','A_X2','B_X2')"
21,"XX[X[0,0|0,0],X[0,2|1,0]]",0,"X[0,0|0,0]",21,"X[0,2|1,0]",4,"(0,0,2,3)",21,"('A_X1','B_X1','A_X2','B_X2')"
22,"XX[X[0,0|0,0],X[0,2|1,1]]",0,"X[0,0|0,0]",22,"X[0,2|1,1]",4,"(0,0,2,4)",22,"('A_X1','B_X1','A_X2','B_X2')"
23,"XX[X[0,0|0,0],X[0,2|1,2]]",0,"X[0,0|0,0]",23,"X[0,2|1,2]",4,"(0,0,2,5)",23,"('A_X1','B_X1','A_X2','B_X2')"
24,"XX[X[0,0|0,0],X[0,2|2,0]]",0,"X[0,0|0,0]",24,"X[0,2|2,0]",4,"(0,0,2,6)",24,"('A_X1','B_X1','A_X2','B_X2')"
25,"XX[X[0,0|0,0],X[0,2|2,1]]",0,"X[0,0|0,0]",25,"X[0,2|2,1]",4,"(0,0,2,7)",25,"('A_X1','B_X1','A_X2','B_X2')"
26,"XX[X[0,0|0,0],X[0,2|2,2]]",0,"X[0,0|0,0]",26,"X[0,2|2,2]",4,"(0,0,2,8)",26,"('A_X1','B_X1','A_X2','B_X2')"
27,"XX[X[0,0|0,0],X[1,0|0,0]]",0,"X[0,0|0,0]",27,"X[1,0|0,0]",4,"(0,0,3,0)",27,"('A_X1','B_X1','A_X2','B_X2')"
28,"XX[X[0,0|0,0],X[1,0|0,1]]",0,"X[0,0|0,0]",28,"X[1,0|0,1]",4,"(0,0,3,1)",28,"('A_X1','B_X1','A_X2','B_X2')"
29,"XX[X[0,0|0,0],X[1,0|0,2]]",0,"X[0,0|0,0]",29,"X[1,0|0,2]",4,"(0,0,3,2)",29,"('A_X1','B_X1','A_X2','B_X2')"
30,"XX[X[0,0|0,0],X[1,0|1,0]]",0,"X[0,0|0,0]",30,"X[1,0|1,0]",4,"(0,0,3,3)",30,"('A_X1','B_X1','A_X2','B_X2')"
31,"XX[X[0,0|0,0],X[1,0|1,1]]",0,"X[0,0|0,0]",31,"X[1,0|1,1]",4,"(0,0,3,4)",31,"('A_X1','B_X1','A_X2','B_X2')"
32,"XX[X[0,0|0,0],X[1,0|1,2]]",0,"X[0,0|0,0]",32,"X[1,0|1,2]",4,"(0,0,3,5)",32,"('A_X1','B_X1','A_X2','B_X2')"
33,"XX[X[0,0|0,0],X[1,0|2,0]]",0,"X[0,0|0,0]",33,"X[1,0|2,0]",4,"(0,0,3,6)",33,"('A_X1','B_X1','A_X2','B_X2')"
34,"XX[X[0,0|0,0],X[1,0|2,1]]",0,"X[0,0|0,0]",34,"X[1,0|2,1]",4,"(0,0,3,7)",34,"('A_X1','B_X1','A_X2','B_X2')"
35,"XX[X[0,0|0,0],X[1,0|2,2]]",0,"X[0,0|0,0]",35,"X[1,0|2,2]",4,"(0,0,3,8)",35,"('A_X1','B_X1','A_X2','B_X2')"
36,"XX[X[0,0|0,0],X[1,1|0,0]]",0,"X[0,0|0,0]",36,"X[1,1|0,0]",4,"(0,0,4,0)",36,"('A_X1','B_X1','A_X2','B_X2')"
37,"XX[X[0,0|0,0],X[1,1|0,1]]",0,"X[0,0|0,0]",37,"X[1,1|0,1]",4,"(0,0,4,1)",37,"('A_X1','B_X1','A_X2','B_X2')"
38,"XX[X[0,0|0,0],X[1,1|0,2]]",0,"X[0,0|0,0]",38,"X[1,1|0,2]",4,"(0,0,4,2)",38,"('A_X1','B_X1','A_X2','B_X2')"
39,"XX[X[0,0|0,0],X[1,1|1,0]]",0,"X[0,0|0,0]",39,"X[1,1|1,0]",4,"(0,0,4,3)",39,"('A_X1','B_X1','A_X2','B_X2')"
40,"XX[X[0,0|0,0],X[1,1|1,1]]",0,"X[0,0|0,0]",40,"X[1,1|1,1]",4,"(0,0,4,4)",40,"('A_X1','B_X1','A_X2','B_X2')"
41,"XX[X[0,0|0,0],X[1,1|1,2]]",0,"X[0,0|0,0]",41,"X[1,1|1,2]",4,"(0,0,4,5)",41,"('A_X1','B_X1','A_X2','B_X2')"
42,"XX[X[0,0|0,0],X[1,1|2,0]]",0,"X[0,0|0,0]",42,"X[1,1|2,0]",4,"(0,0,4,6)",42,"('A_X1','B_X1','A_X2','B_X2')"
43,"XX[X[0,0|0,0],X[1,1|2,1]]",0,"X[0,0|0,0]",43,"X[1,1|2,1]",4,"(0,0,4,7)",43,"('A_X1','B_X1','A_X2','B_X2')"
44,"XX[X[0,0|0,0],X[1,1|2,2]]",0,"X[0,0|0,0]",44,"X[1,1|2,2]",4,"(0,0,4,8)",44,"('A_X1','B_X1','A_X2','B_X2')"
45,"XX[X[0,0|0,0],X[1,2|0,0]]",0,"X[0,0|0,0]",45,"X[1,2|0,0]",4,"(0,0,5,0)",45,"('A_X1','B_X1','A_X2','B_X2')"
46,"XX[X[0,0|0,0],X[1,2|0,1]]",0,"X[0,0|0,0]",46,"X[1,2|0,1]",4,"(0,0,5,1)",46,"('A_X1','B_X1','A_X2','B_X2')"
47,"XX[X[0,0|0,0],X[1,2|0,2]]",0,"X[0,0|0,0]",47,"X[1,2|0,2]",4,"(0,0,5,2)",47,"('A_X1','B_X1','A_X2','B_X2')"
48,"XX[X[0,0|0,0],X[1,2|1,0]]",0,"X[0,0|0,0]",48,"X[1,2|1,0]",4,"(0,0,5,3)",48,"('A_X1','B_X1','A_X2','B_X2')"
49,"XX[X[0,0|0,0],X[1,2|1,1]]",0,"X[0,0|0,0]",49,"X[1,2|1,1]",4,"(0,0,5,4)",49,"('A_X1','B_X1','A_X2','B_X2')"
50,"XX[X[0,0|0,0],X[1,2|1,2]]",0,"X[0,0|0,0]",50,"X[1,2|1,2]",4,"(0,0,5,5)",50,"('A_X1','B_X1','A_X2','B_X2')"
51,"XX[X[0,0|0,0],X[1,2|2,0]]",0,"X[0,0|0,0]",51,"X[1,2|2,0]",4,"(0,0,5,6)",51,"('A_X1','B_X1','A_X2','B_X2')"
52,"XX[X[0,0|0,0],X[1,2|2,1]]",0,"X[0,0|0,0]",52,"X[1,2|2,1]",4,"(0,0,5,7)",52,"('A_X1','B_X1','A_X2','B_X2')"
53,"XX[X[0,0|0,0],X[1,2|2,2]]",0,"X[0,0|0,0]",53,"X[1,2|2,2]",4,"(0,0,5,8)",53,"('A_X1','B_X1','A_X2','B_X2')"
54,"XX[X[0,0|0,0],X[2,0|0,0]]",0,"X[0,0|0,0]",54,"X[2,0|0,0]",4,"(0,0,6,0)",54,"('A_X1','B_X1','A_X2','B_X2')"
55,"XX[X[0,0|0,0],X[2,0|0,1]]",0,"X[0,0|0,0]",55,"X[2,0|0,1]",4,"(0,0,6,1)",55,"('A_X1','B_X1','A_X2','B_X2')"
56,"XX[X[0,0|0,0],X[2,0|0,2]]",0,"X[0,0|0,0]",56,"X[2,0|0,2]",4,"(0,0,6,2)",56,"('A_X1','B_X1','A_X2','B_X2')"
57,"XX[X[0,0|0,0],X[2,0|1,0]]",0,"X[0,0|0,0]",57,"X[2,0|1,0]",4,"(0,0,6,3)",57,"('A_X1','B_X1','A_X2','B_X2')"
58,"XX[X[0,0|0,0],X[2,0|1,1]]",0,"X[0,0|0,0]",58,"X[2,0|1,1]",4,"(0,0,6,4)",58,"('A_X1','B_X1','A_X2','B_X2')"
59,"XX[X[0,0|0,0],X[2,0|1,2]]",0,"X[0,0|0,0]",59,"X[2,0|1,2]",4,"(0,0,6,5)",59,"('A_X1','B_X1','A_X2','B_X2')"
60,"XX[X[0,0|0,0],X[2,0|2,0]]",0,"X[0,0|0,0]",60,"X[2,0|2,0]",4,"(0,0,6,6)",60,"('A_X1','B_X1','A_X2','B_X2')"
61,"XX[X[0,0|0,0],X[2,0|2,1]]",0,"X[0,0|0,0]",61,"X[2,0|2,1]",4,"(0,0,6,7)",61,"('A_X1','B_X1','A_X2','B_X2')"
62,"XX[X[0,0|0,0],X[2,0|2,2]]",0,"X[0,0|0,0]",62,"X[2,0|2,2]",4,"(0,0,6,8)",62,"('A_X1','B_X1','A_X2','B_X2')"
63,"XX[X[0,0|0,0],X[2,1|0,0]]",0,"X[0,0|0,0]",63,"X[2,1|0,0]",4,"(0,0,7,0)",63,"('A_X1','B_X1','A_X2','B_X2')"
64,"XX[X[0,0|0,0],X[2,1|0,1]]",0,"X[0,0|0,0]",64,"X[2,1|0,1]",4,"(0,0,7,1)",64,"('A_X1','B_X1','A_X2','B_X2')"
65,"XX[X[0,0|0,0],X[2,1|0,2]]",0,"X[0,0|0,0]",65,"X[2,1|0,2]",4,"(0,0,7,2)",65,"('A_X1','B_X1','A_X2','B_X2')"
66,"XX[X[0,0|0,0],X[2,1|1,0]]",0,"X[0,0|0,0]",66,"X[2,1|1,0]",4,"(0,0,7,3)",66,"('A_X1','B_X1','A_X2','B_X2')"
67,"XX[X[0,0|0,0],X[2,1|1,1]]",0,"X[0,0|0,0]",67,"X[2,1|1,1]",4,"(0,0,7,4)",67,"('A_X1','B_X1','A_X2','B_X2')"
68,"XX[X[0,0|0,0],X[2,1|1,2]]",0,"X[0,0|0,0]",68,"X[2,1|1,2]",4,"(0,0,7,5)",68,"('A_X1','B_X1','A_X2','B_X2')"
69,"XX[X[0,0|0,0],X[2,1|2,0]]",0,"X[0,0|0,0]",69,"X[2,1|2,0]",4,"(0,0,7,6)",69,"('A_X1','B_X1','A_X2','B_X2')"
70,"XX[X[0,0|0,0],X[2,1|2,1]]",0,"X[0,0|0,0]",70,"X[2,1|2,1]",4,"(0,0,7,7)",70,"('A_X1','B_X1','A_X2','B_X2')"
71,"XX[X[0,0|0,0],X[2,1|2,2]]",0,"X[0,0|0,0]",71,"X[2,1|2,2]",4,"(0,0,7,8)",71,"('A_X1','B_X1','A_X2','B_X2')"
72,"XX[X[0,0|0,0],X[2,2|0,0]]",0,"X[0,0|0,0]",72,"X[2,2|0,0]",4,"(0,0,8,0)",72,"('A_X1','B_X1','A_X2','B_X2')"
73,"XX[X[0,0|0,0],X[2,2|0,1]]",0,"X[0,0|0,0]",73,"X[2,2|0,1]",4,"(0,0,8,1)",73,"('A_X1','B_X1','A_X2','B_X2')"
74,"XX[X[0,0|0,0],X[2,2|0,2]]",0,"X[0,0|0,0]",74,"X[2,2|0,2]",4,"(0,0,8,2)",74,"('A_X1','B_X1','A_X2','B_X2')"
75,"XX[X[0,0|0,0],X[2,2|1,0]]",0,"X[0,0|0,0]",75,"X[2,2|1,0]",4,"(0,0,8,3)",75,"('A_X1','B_X1','A_X2','B_X2')"
76,"XX[X[0,0|0,0],X[2,2|1,1]]",0,"X[0,0|0,0]",76,"X[2,2|1,1]",4,"(0,0,8,4)",76,"('A_X1','B_X1','A_X2','B_X2')"
77,"XX[X[0,0|0,0],X[2,2|1,2]]",0,"X[0,0|0,0]",77,"X[2,2|1,2]",4,"(0,0,8,5)",77,"('A_X1','B_X1','A_X2','B_X2')"
78,"XX[X[0,0|0,0],X[2,2|2,0]]",0,"X[0,0|0,0]",78,"X[2,2|2,0]",4,"(0,0,8,6)",78,"('A_X1','B_X1','A_X2','B_X2')"
79,"XX[X[0,0|0,0],X[2,2|2,1]]",0,"X[0,0|0,0]",79,"X[2,2|2,1]",4,"(0,0,8,7)",79,"('A_X1','B_X1','A_X2','B_X2')"
80,"XX[X[0,0|0,0],X[2,2|2,2]]",0,"X[0,0|0,0]",80,"X[2,2|2,2]",4,"(0,0,8,8)",80,"('A_X1','B_X1','A_X2','B_X2')"
81,"XX[X[0,0|0,1],X[0,0|0,0]]",1,"X[0,0|0,1]",0,"X[0,0|0,0]",4,"(0,1,0,0)",81,"('A_X1','B_X1','A_X2','B_X2')"
82,"XX[X[0,0|0,1],X[0,0|0,1]]",1,"X[0,0|0,1]",1,"X[0,0|0,1]",4,"(0,1,0,1)",82,"('A_X1','B_X1','A_X2','B_X2')"
83,"XX[X[0,0|0,1],X[0,0|0,2]]",1,"X[0,0|0,1]",2,"X[0,0|0,2]",4,"(0,1,0,2)",83,"('A_X1','B_X1','A_X2','B_X2')"
84,"XX[X[0,0|0,1],X[0,0|1,0]]",1,"X[0,0|0,1]",3,"X[0,0|1,0]",4,"(0,1,0,3)",84,"('A_X1','B_X1','A_X2','B_X2')"
85,"XX[X[0,0|0,1],X[0,0|1,1]]",1,"X[0,0|0,1]",4,"X[0,0|1,1]",4,"(0,1,0,4)",85,"('A_X1','B_X1','A_X2','B_X2')"
86,"XX[X[0,0|0,1],X[0,0|1,2]]",1,"X[0,0|0,1]",5,"X[0,0|1,2]",4,"(0,1,0,5)",86,"('A_X1','B_X1','A_X2','B_X2')"
87,"XX[X[0,0|0,1],X[0,0|2,0]]",1,"X[0,0|0,1]",6,"X[0,0|2,0]",4,"(0,1,0,6)",87,"('A_X1','B_X1','A_X2','B_X2')"
88,"XX[X[0,0|0,1],X[0,0|2,1]]",1,"X[0,0|0,1]",7,"X[0,0|2,1]",4,"(0,1,0,7)",88,"('A_X1','B_X1','A_X2','B_X2')"
89,"XX[X[0,0|0,1],X[0,0|2,2]]",1,"X[0,0|0,1]",8,"X[0,0|2,2]",4,"(0,1,0,8)",89,"('A_X1','B_X1','A_X2','B_X2')"
90,"XX[X[0,0|0,1],X[0,1|0,0]]",1,"X[0,0|0,1]",9,"X[0,1|0,0]",4,"(0,1,1,0)",90,"('A_X1','B_X1','A_X2','B_X2')"
91,"XX[X[0,0|0,1],X[0,1|0,1]]",1,"X[0,0|0,1]",10,"X[0,1|0,1]",4,"(0,1,1,1)",91,"('A_X1','B_X1','A_X2','B_X2')"
92,"XX[X[0,0|0,1],X[0,1|0,2]]",1,"X[0,0|0,1]",11,"X[0,1|0,2]",4,"(0,1,1,2)",92,"('A_X1','B_X1','A_X2','B_X2')"
93,"XX[X[0,0|0,1],X[0,1|1,0]]",1,"X[0,0|0,1]",12,"X[0,1|1,0]",4,"(0,1,1,3)",93,"('A_X1','B_X1','A_X2','B_X2')"
94,"XX[X[0,0|0,1],X[0,1|1,1]]",1,"X[0,0|0,1]",13,"X[0,1|1,1]",4,"(0,1,1,4)",94,"('A_X1','B_X1','A_X2','B_X2')"
95,"XX[X[0,0|0,1],X[0,1|1,2]]",1,"X[0,0|0,1]",14,"X[0,1|1,2]",4,"(0,1,1,5)",95,"('A_X1','B_X1','A_X2','B_X2')"
96,"XX[X[0,0|0,1],X[0,1|2,0]]",1,"X[0,0|0,1]",15,"X[0,1|2,0]",4,"(0,1,1,6)",96,"('A_X1','B_X1','A_X2','B_X2')"
97,"XX[X[0,0|0,1],X[0,1|2,1]]",1,"X[0,0|0,1]",16,"X[0,1|2,1]",4,"(0,1,1,7)",97,"('A_X1','B_X1','A_X2','B_X2')"
98,"XX[X[0,0|0,1],X[0,1|2,2]]",1,"X[0,0|0,1]",17,"X[0,1|2,2]",4,"(0,1,1,8)",98,"('A_X1','B_X1','A_X2','B_X2')"
99,"XX[X[0,0|0,1],X[0,2|0,0]]",1,"X[0,0|0,1]",18,"X[0,2|0,0]",4,"(0,1,2,0)",99,"('A_X1','B_X1','A_X2','B_X2')"
100,"XX[X[0,0|0,1],X[0,2|0,1]]",1,"X[0,0|0,1]",19,"X[0,2|0,1]",4,"(0,1,2,1)",100,"('A_X1','B_X1','A_X2','B_X2')"
101,"XX[X[0,0|0,1],X[0,2|0,2]]",1,"X[0,0|0,1]",20,"X[0,2|0,2]",4,"(0,1,2,2)",101,"('A_X1','B_X1','A_X2','B_X2')"
102,"XX[X[0,0|0,1],X[0,2|1,0]]",1,"X[0,0|0,1]",21,"X[0,2|1,0]",4,"(0,1,2,3)",102,"('A_X1','B_X1','A_X2','B_X2')"
103,"XX[X[0,0|0,1],X[0,2|1,1]]",1,"X[0,0|0,1]",22,"X[0,2|1,1]",4,"(0,1,2,4)",103,"('A_X1','B_X1','A_X2','B_X2')"
104,"XX[X[0,0|0,1],X[0,2|1,2]]",1,"X[0,0|0,1]",23,"X[0,2|1,2]",4,"(0,1,2,5)",104,"('A_X1','B_X1','A_X2','B_X2')"
105,"XX[X[0,0|0,1],X[0,2|2,0]]",1,"X[0,0|0,1]",24,"X[0,2|2,0]",4,"(0,1,2,6)",105,"('A_X1','B_X1','A_X2','B_X2')"
106,"XX[X[0,0|0,1],X[0,2|2,1]]",1,"X[0,0|0,1]",25,"X[0,2|2,1]",4,"(0,1,2,7)",106,"('A_X1','B_X1','A_X2','B_X2')"
107,"XX[X[0,0|0,1],X[0,2|2,2]]",1,"X[0,0|0,1]",26,"X[0,2|2,2]",4,"(0,1,2,8)",107,"('A_X1','B_X1','A_X2','B_X2')"
108,"XX[X[0,0|0,1],X[1,0|0,0]]",1,"X[0,0|0,1]",27,"X[1,0|0,0]",4,"(0,1,3,0)",108,"('A_X1','B_X1','A_X2','B_X2')"
109,"XX[X[0,0|0,1],X[1,0|0,1]]",1,"X[0,0|0,1]",28,"X[1,0|0,1]",4,"(0,1,3,1)",109,"('A_X1','B_X1','A_X2','B_X2')"
110,"XX[X[0,0|0,1],X[1,0|0,2]]",1,"X[0,0|0,1]",29,"X[1,0|0,2]",4,"(0,1,3,2)",110,"('A_X1','B_X1','A_X2','B_X2')"
111,"XX[X[0,0|0,1],X[1,0|1,0]]",1,"X[0,0|0,1]",30,"X[1,0|1,0]",4,"(0,1,3,3)",111,"('A_X1','B_X1','A_X2','B_X2')"
112,"XX[X[0,0|0,1],X[1,0|1,1]]",1,"X[0,0|0,1]",31,"X[1,0|1,1]",4,"(0,1,3,4)",112,"('A_X1','B_X1','A_X2','B_X2')"
113,"XX[X[0,0|0,1],X[1,0|1,2]]",1,"X[0,0|0,1]",32,"X[1,0|1,2]",4,"(0,1,3,5)",113,"('A_X1','B_X1','A_X2','B_X2')"
114,"XX[X[0,0|0,1],X[1,0|2,0]]",1,"X[0,0|0,1]",33,"X[1,0|2,0]",4,"(0,1,3,6)",114,"('A_X1','B_X1','A_X2','B_X2')"
115,"XX[X[0,0|0,1],X[1,0|2,1]]",1,"X[0,0|0,1]",34,"X[1,0|2,1]",4,"(0,1,3,7)",115,"('A_X1','B_X1','A_X2','B_X2')"
116,"XX[X[0,0|0,1],X[1,0|2,2]]",1,"X[0,0|0,1]",35,"X[1,0|2,2]",4,"(0,1,3,8)",116,"('A_X1','B_X1','A_X2','B_X2')"
117,"XX[X[0,0|0,1],X[1,1|0,0]]",1,"X[0,0|0,1]",36,"X[1,1|0,0]",4,"(0,1,4,0)",117,"('A_X1','B_X1','A_X2','B_X2')"
118,"XX[X[0,0|0,1],X[1,1|0,1]]",1,"X[0,0|0,1]",37,"X[1,1|0,1]",4,"(0,1,4,1)",118,"('A_X1','B_X1','A_X2','B_X2')"
119,"XX[X[0,0|0,1],X[1,1|0,2]]",1,"X[0,0|0,1]",38,"X[1,1|0,2]",4,"(0,1,4,2)",119,"('A_X1','B_X1','A_X2','B_X2')"
120,"XX[X[0,0|0,1],X[1,1|1,0]]",1,"X[0,0|0,1]",39,"X[1,1|1,0]",4,"(0,1,4,3)",120,"('A_X1','B_X1','A_X2','B_X2')"
121,"XX[X[0,0|0,1],X[1,1|1,1]]",1,"X[0,0|0,1]",40,"X[1,1|1,1]",4,"(0,1,4,4)",121,"('A_X1','B_X1','A_X2','B_X2')"
122,"XX[X[0,0|0,1],X[1,1|1,2]]",1,"X[0,0|0,1]",41,"X[1,1|1,2]",4,"(0,1,4,5)",122,"('A_X1','B_X1','A_X2','B_X2')"
123,"XX[X[0,0|0,1],X[1,1|2,0]]",1,"X[0,0|0,1]",42,"X[1,1|2,0]",4,"(0,1,4,6)",123,"('A_X1','B_X1','A_X2','B_X2')"
124,"XX[X[0,0|0,1],X[1,1|2,1]]",1,"X[0,0|0,1]",43,"X[1,1|2,1]",4,"(0,1,4,7)",124,"('A_X1','B_X1','A_X2','B_X2')"
125,"XX[X[0,0|0,1],X[1,1|2,2]]",1,"X[0,0|0,1]",44,"X[1,1|2,2]",4,"(0,1,4,8)",125,"('A_X1','B_X1','A_X2','B_X2')"
126,"XX[X[0,0|0,1],X[1,2|0,0]]",1,"X[0,0|0,1]",45,"X[1,2|0,0]",4,"(0,1,5,0)",126,"('A_X1','B_X1','A_X2','B_X2')"
127,"XX[X[0,0|0,1],X[1,2|0,1]]",1,"X[0,0|0,1]",46,"X[1,2|0,1]",4,"(0,1,5,1)",127,"('A_X1','B_X1','A_X2','B_X2')"
128,"XX[X[0,0|0,1],X[1,2|0,2]]",1,"X[0,0|0,1]",47,"X[1,2|0,2]",4,"(0,1,5,2)",128,"('A_X1','B_X1','A_X2','B_X2')"
129,"XX[X[0,0|0,1],X[1,2|1,0]]",1,"X[0,0|0,1]",48,"X[1,2|1,0]",4,"(0,1,5,3)",129,"('A_X1','B_X1','A_X2','B_X2')"
130,"XX[X[0,0|0,1],X[1,2|1,1]]",1,"X[0,0|0,1]",49,"X[1,2|1,1]",4,"(0,1,5,4)",130,"('A_X1','B_X1','A_X2','B_X2')"
131,"XX[X[0,0|0,1],X[1,2|1,2]]",1,"X[0,0|0,1]",50,"X[1,2|1,2]",4,"(0,1,5,5)",131,"('A_X1','B_X1','A_X2','B_X2')"
132,"XX[X[0,0|0,1],X[1,2|2,0]]",1,"X[0,0|0,1]",51,"X[1,2|2,0]",4,"(0,1,5,6)",132,"('A_X1','B_X1','A_X2','B_X2')"
133,"XX[X[0,0|0,1],X[1,2|2,1]]",1,"X[0,0|0,1]",52,"X[1,2|2,1]",4,"(0,1,5,7)",133,"('A_X1','B_X1','A_X2','B_X2')"
134,"XX[X[0,0|0,1],X[1,2|2,2]]",1,"X[0,0|0,1]",53,"X[1,2|2,2]",4,"(0,1,5,8)",134,"('A_X1','B_X1','A_X2','B_X2')"
135,"XX[X[0,0|0,1],X[2,0|0,0]]",1,"X[0,0|0,1]",54,"X[2,0|0,0]",4,"(0,1,6,0)",135,"('A_X1','B_X1','A_X2','B_X2')"
136,"XX[X[0,0|0,1],X[2,0|0,1]]",1,"X[0,0|0,1]",55,"X[2,0|0,1]",4,"(0,1,6,1)",136,"('A_X1','B_X1','A_X2','B_X2')"
137,"XX[X[0,0|0,1],X[2,0|0,2]]",1,"X[0,0|0,1]",56,"X[2,0|0,2]",4,"(0,1,6,2)",137,"('A_X1','B_X1','A_X2','B_X2')"
138,"XX[X[0,0|0,1],X[2,0|1,0]]",1,"X[0,0|0,1]",57,"X[2,0|1,0]",4,"(0,1,6,3)",138,"('A_X1','B_X1','A_X2','B_X2')"
139,"XX[X[0,0|0,1],X[2,0|1,1]]",1,"X[0,0|0,1]",58,"X[2,0|1,1]",4,"(0,1,6,4)",139,"('A_X1','B_X1','A_X2','B_X2')"
140,"XX[X[0,0|0,1],X[2,0|1,2]]",1,"X[0,0|0,1]",59,"X[2,0|1,2]",4,"(0,1,6,5)",140,"('A_X1','B_X1','A_X2','B_X2')"
141,"XX[X[0,0|0,1],X[2,0|2,0]]",1,"X[0,0|0,1]",60,"X[2,0|2,0]",4,"(0,1,6,6)",141,"('A_X1','B_X1','A_X2','B_X2')"
142,"XX[X[0,0|0,1],X[2,0|2,1]]",1,"X[0,0|0,1]",61,"X[2,0|2,1]",4,"(0,1,6,7)",142,"('A_X1','B_X1','A_X2','B_X2')"
143,"XX[X[0,0|0,1],X[2,0|2,2]]",1,"X[0,0|0,1]",62,"X[2,0|2,2]",4,"(0,1,6,8)",143,"('A_X1','B_X1','A_X2','B_X2')"
144,"XX[X[0,0|0,1],X[2,1|0,0]]",1,"X[0,0|0,1]",63,"X[2,1|0,0]",4,"(0,1,7,0)",144,"('A_X1','B_X1','A_X2','B_X2')"
145,"XX[X[0,0|0,1],X[2,1|0,1]]",1,"X[0,0|0,1]",64,"X[2,1|0,1]",4,"(0,1,7,1)",145,"('A_X1','B_X1','A_X2','B_X2')"
146,"XX[X[0,0|0,1],X[2,1|0,2]]",1,"X[0,0|0,1]",65,"X[2,1|0,2]",4,"(0,1,7,2)",146,"('A_X1','B_X1','A_X2','B_X2')"
147,"XX[X[0,0|0,1],X[2,1|1,0]]",1,"X[0,0|0,1]",66,"X[2,1|1,0]",4,"(0,1,7,3)",147,"('A_X1','B_X1','A_X2','B_X2')"
148,"XX[X[0,0|0,1],X[2,1|1,1]]",1,"X[0,0|0,1]",67,"X[2,1|1,1]",4,"(0,1,7,4)",148,"('A_X1','B_X1','A_X2','B_X2')"
149,"XX[X[0,0|0,1],X[2,1|1,2]]",1,"X[0,0|0,1]",68,"X[2,1|1,2]",4,"(0,1,7,5)",149,"('A_X1','B_X1','A_X2','B_X2')"
150,"XX[X[0,0|0,1],X[2,1|2,0]]",1,"X[0,0|0,1]",69,"X[2,1|2,0]",4,"(0,1,7,6)",150,"('A_X1','B_X1','A_X2','B_X2')"
151,"XX[X[0,0|0,1],X[2,1|2,1]]",1,"X[0,0|0,1]",70,"X[2,1|2,1]",4,"(0,1,7,7)",151,"('A_X1','B_X1','A_X2','B_X2')"
152,"XX[X[0,0|0,1],X[2,1|2,2]]",1,"X[0,0|0,1]",71,"X[2,1|2,2]",4,"(0,1,7,8)",152,"('A_X1','B_X1','A_X2','B_X2')"
153,"XX[X[0,0|0,1],X[2,2|0,0]]",1,"X[0,0|0,1]",72,"X[2,2|0,0]",4,"(0,1,8,0)",153,"('A_X1','B_X1','A_X2','B_X2')"
154,"XX[X[0,0|0,1],X[2,2|0,1]]",1,"X[0,0|0,1]",73,"X[2,2|0,1]",4,"(0,1,8,1)",154,"('A_X1','B_X1','A_X2','B_X2')"
155,"XX[X[0,0|0,1],X[2,2|0,2]]",1,"X[0,0|0,1]",74,"X[2,2|0,2]",4,"(0,1,8,2)",155,"('A_X1','B_X1','A_X2','B_X2')"
156,"XX[X[0,0|0,1],X[2,2|1,0]]",1,"X[0,0|0,1]",75,"X[2,2|1,0]",4,"(0,1,8,3)",156,"('A_X1','B_X1','A_X2','B_X2')"
157,"XX[X[0,0|0,1],X[2,2|1,1]]",1,"X[0,0|0,1]",76,"X[2,2|1,1]",4,"(0,1,8,4)",157,"('A_X1','B_X1','A_X2','B_X2')"
158,"XX[X[0,0|0,1],X[2,2|1,2]]",1,"X[0,0|0,1]",77,"X[2,2|1,2]",4,"(0,1,8,5)",158,"('A_X1','B_X1','A_X2','B_X2')"
159,"XX[X[0,0|0,1],X[2,2|2,0]]",1,"X[0,0|0,1]",78,"X[2,2|2,0]",4,"(0,1,8,6)",159,"('A_X1','B_X1','A_X2','B_X2')"
160,"XX[X[0,0|0,1],X[2,2|2,1]]",1,"X[0,0|0,1]",79,"X[2,2|2,1]",4,"(0,1,8,7)",160,"('A_X1','B_X1','A_X2','B_X2')"
161,"XX[X[0,0|0,1],X[2,2|2,2]]",1,"X[0,0|0,1]",80,"X[2,2|2,2]",4,"(0,1,8,8)",161,"('A_X1','B_X1','A_X2','B_X2')"
162,"XX[X[0,0|0,2],X[0,0|0,0]]",2,"X[0,0|0,2]",0,"X[0,0|0,0]",4,"(0,2,0,0)",162,"('A_X1','B_X1','A_X2','B_X2')"
163,"XX[X[0,0|0,2],X[0,0|0,1]]",2,"X[0,0|0,2]",1,"X[0,0|0,1]",4,"(0,2,0,1)",163,"('A_X1','B_X1','A_X2','B_X2')"
164,"XX[X[0,0|0,2],X[0,0|0,2]]",2,"X[0,0|0,2]",2,"X[0,0|0,2]",4,"(0,2,0,2)",164,"('A_X1','B_X1','A_X2','B_X2')"
165,"XX[X[0,0|0,2],X[0,0|1,0]]",2,"X[0,0|0,2]",3,"X[0,0|1,0]",4,"(0,2,0,3)",165,"('A_X1','B_X1','A_X2','B_X2')"
166,"XX[X[0,0|0,2],X[0,0|1,1]]",2,"X[0,0|0,2]",4,"X[0,0|1,1]",4,"(0,2,0,4)",166,"('A_X1','B_X1','A_X2','B_X2')"
167,"XX[X[0,0|0,2],X[0,0|1,2]]",2,"X[0,0|0,2]",5,"X[0,0|1,2]",4,"(0,2,0,5)",167,"('A_X1','B_X1','A_X2','B_X2')"
168,"XX[X[0,0|0,2],X[0,0|2,0]]",2,"X[0,0|0,2]",6,"X[0,0|2,0]",4,"(0,2,0,6)",168,"('A_X1','B_X1','A_X2','B_X2')"
169,"XX[X[0,0|0,2],X[0,0|2,1]]",2,"X[0,0|0,2]",7,"X[0,0|2,1]",4,"(0,2,0,7)",169,"('A_X1','B_X1','A_X2','B_X2')"
170,"XX[X[0,0|0,2],X[0,0|2,2]]",2,"X[0,0|0,2]",8,"X[0,0|2,2]",4,"(0,2,0,8)",170,"('A_X1','B_X1','A_X2','B_X2')"
171,"XX[X[0,0|0,2],X[0,1|0,0]]",2,"X[0,0|0,2]",9,"X[0,1|0,0]",4,"(0,2,1,0)",171,"('A_X1','B_X1','A_X2','B_X2')"
172,"XX[X[0,0|0,2],X[0,1|0,1]]",2,"X[0,0|0,2]",10,"X[0,1|0,1]",4,"(0,2,1,1)",172,"('A_X1','B_X1','A_X2','B_X2')"
173,"XX[X[0,0|0,2],X[0,1|0,2]]",2,"X[0,0|0,2]",11,"X[0,1|0,2]",4,"(0,2,1,2)",173,"('A_X1','B_X1','A_X2','B_X2')"
174,"XX[X[0,0|0,2],X[0,1|1,0]]",2,"X[0,0|0,2]",12,"X[0,1|1,0]",4,"(0,2,1,3)",174,"('A_X1','B_X1','A_X2','B_X2')"
175,"XX[X[0,0|0,2],X[0,1|1,1]]",2,"X[0,0|0,2]",13,"X[0,1|1,1]",4,"(0,2,1,4)",175,"('A_X1','B_X1','A_X2','B_X2')"
176,"XX[X[0,0|0,2],X[0,1|1,2]]",2,"X[0,0|0,2]",14,"X[0,1|1,2]",4,"(0,2,1,5)",176,"('A_X1','B_X1','A_X2','B_X2')"
177,"XX[X[0,0|0,2],X[0,1|2,0]]",2,"X[0,0|0,2]",15,"X[0,1|2,0]",4,"(0,2,1,6)",177,"('A_X1','B_X1','A_X2','B_X2')"
178,"XX[X[0,0|0,2],X[0,1|2,1]]",2,"X[0,0|0,2]",16,"X[0,1|2,1]",4,"(0,2,1,7)",178,"('A_X1','B_X1','A_X2','B_X2')"
179,"XX[X[0,0|0,2],X[0,1|2,2]]",2,"X[0,0|0,2]",17,"X[0,1|2,2]",4,"(0,2,1,8)",179,"('A_X1','B_X1','A_X2','B_X2')"
180,"XX[X[0,0|0,2],X[0,2|0,0]]",2,"X[0,0|0,2]",18,"X[0,2|0,0]",4,"(0,2,2,0)",180,"('A_X1','B_X1','A_X2','B_X2')"
181,"XX[X[0,0|0,2],X[0,2|0,1]]",2,"X[0,0|0,2]",19,"X[0,2|0,1]",4,"(0,2,2,1)",181,"('A_X1','B_X1','A_X2','B_X2')"
182,"XX[X[0,0|0,2],X[0,2|0,2]]",2,"X[0,0|0,2]",20,"X[0,2|0,2]",4,"(0,2,2,2)",182,"('A_X1','B_X1','A_X2','B_X2')"
183,"XX[X[0,0|0,2],X[0,2|1,0]]",2,"X[0,0|0,2]",21,"X[0,2|1,0]",4,"(0,2,2,3)",183,"('A_X1','B_X1','A_X2','B_X2')"
184,"XX[X[0,0|0,2],X[0,2|1,1]]",2,"X[0,0|0,2]",22,"X[0,2|1,1]",4,"(0,2,2,4)",184,"('A_X1','B_X1','A_X2','B_X2')"
185,"XX[X[0,0|0,2],X[0,2|1,2]]",2,"X[0,0|0,2]",23,"X[0,2|1,2]",4,"(0,2,2,5)",185,"('A_X1','B_X1','A_X2','B_X2')"
186,"XX[X[0,0|0,2],X[0,2|2,0]]",2,"X[0,0|0,2]",24,"X[0,2|2,0]",4,"(0,2,2,6)",186,"('A_X1','B_X1','A_X2','B_X2')"
187,"XX[X[0,0|0,2],X[0,2|2,1]]",2,"X[0,0|0,2]",25,"X[0,2|2,1]",4,"(0,2,2,7)",187,"('A_X1','B_X1','A_X2','B_X2')"
188,"XX[X[0,0|0,2],X[0,2|2,2]]",2,"X[0,0|0,2]",26,"X[0,2|2,2]",4,"(0,2,2,8)",188,"('A_X1','B_X1','A_X2','B_X2')"
189,"XX[X[0,0|0,2],X[1,0|0,0]]",2,"X[0,0|0,2]",27,"X[1,0|0,0]",4,"(0,2,3,0)",189,"('A_X1','B_X1','A_X2','B_X2')"
190,"XX[X[0,0|0,2],X[1,0|0,1]]",2,"X[0,0|0,2]",28,"X[1,0|0,1]",4,"(0,2,3,1)",190,"('A_X1','B_X1','A_X2','B_X2')"
191,"XX[X[0,0|0,2],X[1,0|0,2]]",2,"X[0,0|0,2]",29,"X[1,0|0,2]",4,"(0,2,3,2)",191,"('A_X1','B_X1','A_X2','B_X2')"
192,"XX[X[0,0|0,2],X[1,0|1,0]]",2,"X[0,0|0,2]",30,"X[1,0|1,0]",4,"(0,2,3,3)",192,"('A_X1','B_X1','A_X2','B_X2')"
193,"XX[X[0,0|0,2],X[1,0|1,1]]",2,"X[0,0|0,2]",31,"X[1,0|1,1]",4,"(0,2,3,4)",193,"('A_X1','B_X1','A_X2','B_X2')"
194,"XX[X[0,0|0,2],X[1,0|1,2]]",2,"X[0,0|0,2]",32,"X[1,0|1,2]",4,"(0,2,3,5)",194,"('A_X1','B_X1','A_X2','B_X2')"
195,"XX[X[0,0|0,2],X[1,0|2,0]]",2,"X[0,0|0,2]",33,"X[1,0|2,0]",4,"(0,2,3,6)",195,"('A_X1','B_X1','A_X2','B_X2')"
196,"XX[X[0,0|0,2],X[1,0|2,1]]",2,"X[0,0|0,2]",34,"X[1,0|2,1]",4,"(0,2,3,7)",196,"('A_X1','B_X1','A_X2','B_X2')"
197,"XX[X[0,0|0,2],X[1,0|2,2]]",2,"X[0,0|0,2]",35,"X[1,0|2,2]",4,"(0,2,3,8)",197,"('A_X1','B_X1','A_X2','B_X2')"
198,"XX[X[0,0|0,2],X[1,1|0,0]]",2,"X[0,0|0,2]",36,"X[1,1|0,0]",4,"(0,2,4,0)",198,"('A_X1','B_X1','A_X2','B_X2')"
199,"XX[X[0,0|0,2],X[1,1|0,1]]",2,"X[0,0|0,2]",37,"X[1,1|0,1]",4,"(0,2,4,1)",199,"('A_X1','B_X1','A_X2','B_X2')"
200,"XX[X[0,0|0,2],X[1,1|0,2]]",2,"X[0,0|0,2]",38,"X[1,1|0,2]",4,"(0,2,4,2)",200,"('A_X1','B_X1','A_X2','B_X2')"
201,"XX[X[0,0|0,2],X[1,1|1,0]]",2,"X[0,0|0,2]",39,"X[1,1|1,0]",4,"(0,2,4,3)",201,"('A_X1','B_X1','A_X2','B_X2')"
202,"XX[X[0,0|0,2],X[1,1|1,1]]",2,"X[0,0|0,2]",40,"X[1,1|1,1]",4,"(0,2,4,4)",202,"('A_X1','B_X1','A_X2','B_X2')"
203,"XX[X[0,0|0,2],X[1,1|1,2]]",2,"X[0,0|0,2]",41,"X[1,1|1,2]",4,"(0,2,4,5)",203,"('A_X1','B_X1','A_X2','B_X2')"
204,"XX[X[0,0|0,2],X[1,1|2,0]]",2,"X[0,0|0,2]",42,"X[1,1|2,0]",4,"(0,2,4,6)",204,"('A_X1','B_X1','A_X2','B_X2')"
205,"XX[X[0,0|0,2],X[1,1|2,1]]",2,"X[0,0|0,2]",43,"X[1,1|2,1]",4,"(0,2,4,7)",205,"('A_X1','B_X1','A_X2','B_X2')"
206,"XX[X[0,0|0,2],X[1,1|2,2]]",2,"X[0,0|0,2]",44,"X[1,1|2,2]",4,"(0,2,4,8)",206,"('A_X1','B_X1','A_X2','B_X2')"
207,"XX[X[0,0|0,2],X[1,2|0,0]]",2,"X[0,0|0,2]",45,"X[1,2|0,0]",4,"(0,2,5,0)",207,"('A_X1','B_X1','A_X2','B_X2')"
208,"XX[X[0,0|0,2],X[1,2|0,1]]",2,"X[0,0|0,2]",46,"X[1,2|0,1]",4,"(0,2,5,1)",208,"('A_X1','B_X1','A_X2','B_X2')"
209,"XX[X[0,0|0,2],X[1,2|0,2]]",2,"X[0,0|0,2]",47,"X[1,2|0,2]",4,"(0,2,5,2)",209,"('A_X1','B_X1','A_X2','B_X2')"
210,"XX[X[0,0|0,2],X[1,2|1,0]]",2,"X[0,0|0,2]",48,"X[1,2|1,0]",4,"(0,2,5,3)",210,"('A_X1','B_X1','A_X2','B_X2')"
211,"XX[X[0,0|0,2],X[1,2|1,1]]",2,"X[0,0|0,2]",49,"X[1,2|1,1]",4,"(0,2,5,4)",211,"('A_X1','B_X1','A_X2','B_X2')"
212,"XX[X[0,0|0,2],X[1,2|1,2]]",2,"X[0,0|0,2]",50,"X[1,2|1,2]",4,"(0,2,5,5)",212,"('A_X1','B_X1','A_X2','B_X2')"
213,"XX[X[0,0|0,2],X[1,2|2,0]]",2,"X[0,0|0,2]",51,"X[1,2|2,0]",4,"(0,2,5,6)",213,"('A_X1','B_X1','A_X2','B_X2')"
214,"XX[X[0,0|0,2],X[1,2|2,1]]",2,"X[0,0|0,2]",52,"X[1,2|2,1]",4,"(0,2,5,7)",214,"('A_X1','B_X1','A_X2','B_X2')"
215,"XX[X[0,0|0,2],X[1,2|2,2]]",2,"X[0,0|0,2]",53,"X[1,2|2,2]",4,"(0,2,5,8)",215,"('A_X1','B_X1','A_X2','B_X2')"
216,"XX[X[0,0|0,2],X[2,0|0,0]]",2,"X[0,0|0,2]",54,"X[2,0|0,0]",4,"(0,2,6,0)",216,"('A_X1','B_X1','A_X2','B_X2')"
217,"XX[X[0,0|0,2],X[2,0|0,1]]",2,"X[0,0|0,2]",55,"X[2,0|0,1]",4,"(0,2,6,1)",217,"('A_X1','B_X1','A_X2','B_X2')"
218,"XX[X[0,0|0,2],X[2,0|0,2]]",2,"X[0,0|0,2]",56,"X[2,0|0,2]",4,"(0,2,6,2)",218,"('A_X1','B_X1','A_X2','B_X2')"
219,"XX[X[0,0|0,2],X[2,0|1,0]]",2,"X[0,0|0,2]",57,"X[2,0|1,0]",4,"(0,2,6,3)",219,"('A_X1','B_X1','A_X2','B_X2')"
220,"XX[X[0,0|0,2],X[2,0|1,1]]",2,"X[0,0|0,2]",58,"X[2,0|1,1]",4,"(0,2,6,4)",220,"('A_X1','B_X1','A_X2','B_X2')"
221,"XX[X[0,0|0,2],X[2,0|1,2]]",2,"X[0,0|0,2]",59,"X[2,0|1,2]",4,"(0,2,6,5)",221,"('A_X1','B_X1','A_X2','B_X2')"
222,"XX[X[0,0|0,2],X[2,0|2,0]]",2,"X[0,0|0,2]",60,"X[2,0|2,0]",4,"(0,2,6,6)",222,"('A_X1','B_X1','A_X2','B_X2')"
223,"XX[X[0,0|0,2],X[2,0|2,1]]",2,"X[0,0|0,2]",61,"X[2,0|2,1]",4,"(0,2,6,7)",223,"('A_X1','B_X1','A_X2','B_X2')"
224,"XX[X[0,0|0,2],X[2,0|2,2]]",2,"X[0,0|0,2]",62,"X[2,0|2,2]",4,"(0,2,6,8)",224,"('A_X1','B_X1','A_X2','B_X2')"
225,"XX[X[0,0|0,2],X[2,1|0,0]]",2,"X[0,0|0,2]",63,"X[2,1|0,0]",4,"(0,2,7,0)",225,"('A_X1','B_X1','A_X2','B_X2')"
226,"XX[X[0,0|0,2],X[2,1|0,1]]",2,"X[0,0|0,2]",64,"X[2,1|0,1]",4,"(0,2,7,1)",226,"('A_X1','B_X1','A_X2','B_X2')"
227,"XX[X[0,0|0,2],X[2,1|0,2]]",2,"X[0,0|0,2]",65,"X[2,1|0,2]",4,"(0,2,7,2)",227,"('A_X1','B_X1','A_X2','B_X2')"
228,"XX[X[0,0|0,2],X[2,1|1,0]]",2,"X[0,0|0,2]",66,"X[2,1|1,0]",4,"(0,2,7,3)",228,"('A_X1','B_X1','A_X2','B_X2')"
229,"XX[X[0,0|0,2],X[2,1|1,1]]",2,"X[0,0|0,2]",67,"X[2,1|1,1]",4,"(0,2,7,4)",229,"('A_X1','B_X1','A_X2','B_X2')"
230,"XX[X[0,0|0,2],X[2,1|1,2]]",2,"X[0,0|0,2]",68,"X[2,1|1,2]",4,"(0,2,7,5)",230,"('A_X1','B_X1','A_X2','B_X2')"
231,"XX[X[0,0|0,2],X[2,1|2,0]]",2,"X[0,0|0,2]",69,"X[2,1|2,0]",4,"(0,2,7,6)",231,"('A_X1','B_X1','A_X2','B_X2')"
232,"XX[X[0,0|0,2],X[2,1|2,1]]",2,"X[0,0|0,2]",70,"X[2,1|2,1]",4,"(0,2,7,7)",232,"('A_X1','B_X1','A_X2','B_X2')"
233,"XX[X[0,0|0,2],X[2,1|2,2]]",2,"X[0,0|0,2]",71,"X[2,1|2,2]",4,"(0,2,7,8)",233,"('A_X1','B_X1','A_X2','B_X2')"
234,"XX[X[0,0|0,2],X[2,2|0,0]]",2,"X[0,0|0,2]",72,"X[2,2|0,0]",4,"(0,2,8,0)",234,"('A_X1','B_X1','A_X2','B_X2')"
235,"XX[X[0,0|0,2],X[2,2|0,1]]",2,"X[0,0|0,2]",73,"X[2,2|0,1]",4,"(0,2,8,1)",235,"('A_X1','B_X1','A_X2','B_X2')"
236,"XX[X[0,0|0,2],X[2,2|0,2]]",2,"X[0,0|0,2]",74,"X[2,2|0,2]",4,"(0,2,8,2)",236,"('A_X1','B_X1','A_X2','B_X2')"
237,"XX[X[0,0|0,2],X[2,2|1,0]]",2,"X[0,0|0,2]",75,"X[2,2|1,0]",4,"(0,2,8,3)",237,"('A_X1','B_X1','A_X2','B_X2')"
238,"XX[X[0,0|0,2],X[2,2|1,1]]",2,"X[0,0|0,2]",76,"X[2,2|1,1]",4,"(0,2,8,4)",238,"('A_X1','B_X1','A_X2','B_X2')"
239,"XX[X[0,0|0,2],X[2,2|1,2]]",2,"X[0,0|0,2]",77,"X[2,2|1,2]",4,"(0,2,8,5)",239,"('A_X1','B_X1','A_X2','B_X2')"
240,"XX[X[0,0|0,2],X[2,2|2,0]]",2,"X[0,0|0,2]",78,"X[2,2|2,0]",4,"(0,2,8,6)",240,"('A_X1','B_X1','A_X2','B_X2')"
241,"XX[X[0,0|0,2],X[2,2|2,1]]",2,"X[0,0|0,2]",79,"X[2,2|2,1]",4,"(0,2,8,7)",241,"('A_X1','B_X1','A_X2','B_X2')"
242,"XX[X[0,0|0,2],X[2,2|2,2]]",2,"X[0,0|0,2]",80,"X[2,2|2,2]",4,"(0,2,8,8)",242,"('A_X1','B_X1','A_X2','B_X2')"
243,"XX[X[0,0|1,0],X[0,0|0,0]]",3,"X[0,0|1,0]",0,"X[0,0|0,0]",4,"(0,3,0,0)",243,"('A_X1','B_X1','A_X2','B_X2')"
244,"XX[X[0,0|1,0],X[0,0|0,1]]",3,"X[0,0|1,0]",1,"X[0,0|0,1]",4,"(0,3,0,1)",244,"('A_X1','B_X1','A_X2','B_X2')"
245,"XX[X[0,0|1,0],X[0,0|0,2]]",3,"X[0,0|1,0]",2,"X[0,0|0,2]",4,"(0,3,0,2)",245,"('A_X1','B_X1','A_X2','B_X2')"
246,"XX[X[0,0|1,0],X[0,0|1,0]]",3,"X[0,0|1,0]",3,"X[0,0|1,0]",4,"(0,3,0,3)",246,"('A_X1','B_X1','A_X2','B_X2')"
247,"XX[X[0,0|1,0],X[0,0|1,1]]",3,"X[0,0|1,0]",4,"X[0,0|1,1]",4,"(0,3,0,4)",247,"('A_X1','B_X1','A_X2','B_X2')"
248,"XX[X[0,0|1,0],X[0,0|1,2]]",3,"X[0,0|1,0]",5,"X[0,0|1,2]",4,"(0,3,0,5)",248,"('A_X1','B_X1','A_X2','B_X2')"
249,"XX[X[0,0|1,0],X[0,0|2,0]]",3,"X[0,0|1,0]",6,"X[0,0|2,0]",4,"(0,3,0,6)",249,"('A_X1','B_X1','A_X2','B_X2')"
250,"XX[X[0,0|1,0],X[0,0|2,1]]",3,"X[0,0|1,0]",7,"X[0,0|2,1]",4,"(0,3,0,7)",250,"('A_X1','B_X1','A_X2','B_X2')"
251,"XX[X[0,0|1,0],X[0,0|2,2]]",3,"X[0,0|1,0]",8,"X[0,0|2,2]",4,"(0,3,0,8)",251,"('A_X1','B_X1','A_X2','B_X2')"
252,"XX[X[0,0|1,0],X[0,1|0,0]]",3,"X[0,0|1,0]",9,"X[0,1|0,0]",4,"(0,3,1,0)",252,"('A_X1','B_X1','A_X2','B_X2')"
253,"XX[X[0,0|1,0],X[0,1|0,1]]",3,"X[0,0|1,0]",10,"X[0,1|0,1]",4,"(0,3,1,1)",253,"('A_X1','B_X1','A_X2','B_X2')"
254,"XX[X[0,0|1,0],X[0,1|0,2]]",3,"X[0,0|1,0]",11,"X[0,1|0,2]",4,"(0,3,1,2)",254,"('A_X1','B_X1','A_X2','B_X2')"
255,"XX[X[0,0|1,0],X[0,1|1,0]]",3,"X[0,0|1,0]",12,"X[0,1|1,0]",4,"(0,3,1,3)",255,"('A_X1','B_X1','A_X2','B_X2')"
256,"XX[X[0,0|1,0],X[0,1|1,1]]",3,"X[0,0|1,0]",13,"X[0,1|1,1]",4,"(0,3,1,4)",256,"('A_X1','B_X1','A_X2','B_X2')"
257,"XX[X[0,0|1,0],X[0,1|1,2]]",3,"X[0,0|1,0]",14,"X[0,1|1,2]",4,"(0,3,1,5)",257,"('A_X1','B_X1','A_X2','B_X2')"
258,"XX[X[0,0|1,0],X[0,1|2,0]]",3,"X[0,0|1,0]",15,"X[0,1|2,0]",4,"(0,3,1,6)",258,"('A_X1','B_X1','A_X2','B_X2')"
259,"XX[X[0,0|1,0],X[0,1|2,1]]",3,"X[0,0|1,0]",16,"X[0,1|2,1]",4,"(0,3,1,7)",259,"('A_X1','B_X1','A_X2','B_X2')"
260,"XX[X[0,0|1,0],X[0,1|2,2]]",3,"X[0,0|1,0]",17,"X[0,1|2,2]",4,"(0,3,1,8)",260,"('A_X1','B_X1','A_X2','B_X2')"
261,"XX[X[0,0|1,0],X[0,2|0,0]]",3,"X[0,0|1,0]",18,"X[0,2|0,0]",4,"(0,3,2,0)",261,"('A_X1','B_X1','A_X2','B_X2')"
262,"XX[X[0,0|1,0],X[0,2|0,1]]",3,"X[0,0|1,0]",19,"X[0,2|0,1]",4,"(0,3,2,1)",262,"('A_X1','B_X1','A_X2','B_X2')"
263,"XX[X[0,0|1,0],X[0,2|0,2]]",3,"X[0,0|1,0]",20,"X[0,2|0,2]",4,"(0,3,2,2)",263,"('A_X1','B_X1','A_X2','B_X2')"
264,"XX[X[0,0|1,0],X[0,2|1,0]]",3,"X[0,0|1,0]",21,"X[0,2|1,0]",4,"(0,3,2,3)",264,"('A_X1','B_X1','A_X2','B_X2')"
265,"XX[X[0,0|1,0],X[0,2|1,1]]",3,"X[0,0|1,0]",22,"X[0,2|1,1]",4,"(0,3,2,4)",265,"('A_X1','B_X1','A_X2','B_X2')"
266,"XX[X[0,0|1,0],X[0,2|1,2]]",3,"X[0,0|1,0]",23,"X[0,2|1,2]",4,"(0,3,2,5)",266,"('A_X1','B_X1','A_X2','B_X2')"
267,"XX[X[0,0|1,0],X[0,2|2,0]]",3,"X[0,0|1,0]",24,"X[0,2|2,0]",4,"(0,3,2,6)",267,"('A_X1','B_X1','A_X2','B_X2')"
268,"XX[X[0,0|1,0],X[0,2|2,1]]",3,"X[0,0|1,0]",25,"X[0,2|2,1]",4,"(0,3,2,7)",268,"('A_X1','B_X1','A_X2','B_X2')"
269,"XX[X[0,0|1,0],X[0,2|2,2]]",3,"X[0,0|1,0]",26,"X[0,2|2,2]",4,"(0,3,2,8)",269,"('A_X1','B_X1','A_X2','B_X2')"
270,"XX[X[0,0|1,0],X[1,0|0,0]]",3,"X[0,0|1,0]",27,"X[1,0|0,0]",4,"(0,3,3,0)",270,"('A_X1','B_X1','A_X2','B_X2')"
271,"XX[X[0,0|1,0],X[1,0|0,1]]",3,"X[0,0|1,0]",28,"X[1,0|0,1]",4,"(0,3,3,1)",271,"('A_X1','B_X1','A_X2','B_X2')"
272,"XX[X[0,0|1,0],X[1,0|0,2]]",3,"X[0,0|1,0]",29,"X[1,0|0,2]",4,"(0,3,3,2)",272,"('A_X1','B_X1','A_X2','B_X2')"
273,"XX[X[0,0|1,0],X[1,0|1,0]]",3,"X[0,0|1,0]",30,"X[1,0|1,0]",4,"(0,3,3,3)",273,"('A_X1','B_X1','A_X2','B_X2')"
274,"XX[X[0,0|1,0],X[1,0|1,1]]",3,"X[0,0|1,0]",31,"X[1,0|1,1]",4,"(0,3,3,4)",274,"('A_X1','B_X1','A_X2','B_X2')"
275,"XX[X[0,0|1,0],X[1,0|1,2]]",3,"X[0,0|1,0]",32,"X[1,0|1,2]",4,"(0,3,3,5)",275,"('A_X1','B_X1','A_X2','B_X2')"
276,"XX[X[0,0|1,0],X[1,0|2,0]]",3,"X[0,0|1,0]",33,"X[1,0|2,0]",4,"(0,3,3,6)",276,"('A_X1','B_X1','A_X2','B_X2')"
277,"XX[X[0,0|1,0],X[1,0|2,1]]",3,"X[0,0|1,0]",34,"X[1,0|2,1]",4,"(0,3,3,7)",277,"('A_X1','B_X1','A_X2','B_X2')"
278,"XX[X[0,0|1,0],X[1,0|2,2]]",3,"X[0,0|1,0]",35,"X[1,0|2,2]",4,"(0,3,3,8)",278,"('A_X1','B_X1','A_X2','B_X2')"
279,"XX[X[0,0|1,0],X[1,1|0,0]]",3,"X[0,0|1,0]",36,"X[1,1|0,0]",4,"(0,3,4,0)",279,"('A_X1','B_X1','A_X2','B_X2')"
280,"XX[X[0,0|1,0],X[1,1|0,1]]",3,"X[0,0|1,0]",37,"X[1,1|0,1]",4,"(0,3,4,1)",280,"('A_X1','B_X1','A_X2','B_X2')"
281,"XX[X[0,0|1,0],X[1,1|0,2]]",3,"X[0,0|1,0]",38,"X[1,1|0,2]",4,"(0,3,4,2)",281,"('A_X1','B_X1','A_X2','B_X2')"
282,"XX[X[0,0|1,0],X[1,1|1,0]]",3,"X[0,0|1,0]",39,"X[1,1|1,0]",4,"(0,3,4,3)",282,"('A_X1','B_X1','A_X2','B_X2')"
283,"XX[X[0,0|1,0],X[1,1|1,1]]",3,"X[0,0|1,0]",40,"X[1,1|1,1]",4,"(0,3,4,4)",283,"('A_X1','B_X1','A_X2','B_X2')"
284,"XX[X[0,0|1,0],X[1,1|1,2]]",3,"X[0,0|1,0]",41,"X[1,1|1,2]",4,"(0,3,4,5)",284,"('A_X1','B_X1','A_X2','B_X2')"
285,"XX[X[0,0|1,0],X[1,1|2,0]]",3,"X[0,0|1,0]",42,"X[1,1|2,0]",4,"(0,3,4,6)",285,"('A_X1','B_X1','A_X2','B_X2')"
286,"XX[X[0,0|1,0],X[1,1|2,1]]",3,"X[0,0|1,0]",43,"X[1,1|2,1]",4,"(0,3,4,7)",286,"('A_X1','B_X1','A_X2','B_X2')"
287,"XX[X[0,0|1,0],X[1,1|2,2]]",3,"X[0,0|1,0]",44,"X[1,1|2,2]",4,"(0,3,4,8)",287,"('A_X1','B_X1','A_X2','B_X2')"
288,"XX[X[0,0|1,0],X[1,2|0,0]]",3,"X[0,0|1,0]",45,"X[1,2|0,0]",4,"(0,3,5,0)",288,"('A_X1','B_X1','A_X2','B_X2')"
289,"XX[X[0,0|1,0],X[1,2|0,1]]",3,"X[0,0|1,0]",46,"X[1,2|0,1]",4,"(0,3,5,1)",289,"('A_X1','B_X1','A_X2','B_X2')"
290,"XX[X[0,0|1,0],X[1,2|0,2]]",3,"X[0,0|1,0]",47,"X[1,2|0,2]",4,"(0,3,5,2)",290,"('A_X1','B_X1','A_X2','B_X2')"
291,"XX[X[0,0|1,0],X[1,2|1,0]]",3,"X[0,0|1,0]",48,"X[1,2|1,0]",4,"(0,3,5,3)",291,"('A_X1','B_X1','A_X2','B_X2')"
292,"XX[X[0,0|1,0],X[1,2|1,1]]",3,"X[0,0|1,0]",49,"X[1,2|1,1]",4,"(0,3,5,4)",292,"('A_X1','B_X1','A_X2','B_X2')"
293,"XX[X[0,0|1,0],X[1,2|1,2]]",3,"X[0,0|1,0]",50,"X[1,2|1,2]",4,"(0,3,5,5)",293,"('A_X1','B_X1','A_X2','B_X2')"
294,"XX[X[0,0|1,0],X[1,2|2,0]]",3,"X[0,0|1,0]",51,"X[1,2|2,0]",4,"(0,3,5,6)",294,"('A_X1','B_X1','A_X2','B_X2')"
295,"XX[X[0,0|1,0],X[1,2|2,1]]",3,"X[0,0|1,0]",52,"X[1,2|2,1]",4,"(0,3,5,7)",295,"('A_X1','B_X1','A_X2','B_X2')"
296,"XX[X[0,0|1,0],X[1,2|2,2]]",3,"X[0,0|1,0]",53,"X[1,2|2,2]",4,"(0,3,5,8)",296,"('A_X1','B_X1','A_X2','B_X2')"
297,"XX[X[0,0|1,0],X[2,0|0,0]]",3,"X[0,0|1,0]",54,"X[2,0|0,0]",4,"(0,3,6,0)",297,"('A_X1','B_X1','A_X2','B_X2')"
298,"XX[X[0,0|1,0],X[2,0|0,1]]",3,"X[0,0|1,0]",55,"X[2,0|0,1]",4,"(0,3,6,1)",298,"('A_X1','B_X1','A_X2','B_X2')"
299,"XX[X[0,0|1,0],X[2,0|0,2]]",3,"X[0,0|1,0]",56,"X[2,0|0,2]",4,"(0,3,6,2)",299,"('A_X1','B_X1','A_X2','B_X2')"
300,"XX[X[0,0|1,0],X[2,0|1,0]]",3,"X[0,0|1,0]",57,"X[2,0|1,0]",4,"(0,3,6,3)",300,"('A_X1','B_X1','A_X2','B_X2')"
301,"XX[X[0,0|1,0],X[2,0|1,1]]",3,"X[0,0|1,0]",58,"X[2,0|1,1]",4,"(0,3,6,4)",301,"('A_X1','B_X1','A_X2','B_X2')"
302,"XX[X[0,0|1,0],X[2,0|1,2]]",3,"X[0,0|1,0]",59,"X[2,0|1,2]",4,"(0,3,6,5)",302,"('A_X1','B_X1','A_X2','B_X2')"
303,"XX[X[0,0|1,0],X[2,0|2,0]]",3,"X[0,0|1,0]",60,"X[2,0|2,0]",4,"(0,3,6,6)",303,"('A_X1','B_X1','A_X2','B_X2')"
304,"XX[X[0,0|1,0],X[2,0|2,1]]",3,"X[0,0|1,0]",61,"X[2,0|2,1]",4,"(0,3,6,7)",304,"('A_X1','B_X1','A_X2','B_X2')"
305,"XX[X[0,0|1,0],X[2,0|2,2]]",3,"X[0,0|1,0]",62,"X[2,0|2,2]",4,"(0,3,6,8)",305,"('A_X1','B_X1','A_X2','B_X2')"
306,"XX[X[0,0|1,0],X[2,1|0,0]]",3,"X[0,0|1,0]",63,"X[2,1|0,0]",4,"(0,3,7,0)",306,"('A_X1','B_X1','A_X2','B_X2')"
307,"XX[X[0,0|1,0],X[2,1|0,1]]",3,"X[0,0|1,0]",64,"X[2,1|0,1]",4,"(0,3,7,1)",307,"('A_X1','B_X1','A_X2','B_X2')"
308,"XX[X[0,0|1,0],X[2,1|0,2]]",3,"X[0,0|1,0]",65,"X[2,1|0,2]",4,"(0,3,7,2)",308,"('A_X1','B_X1','A_X2','B_X2')"
309,"XX[X[0,0|1,0],X[2,1|1,0]]",3,"X[0,0|1,0]",66,"X[2,1|1,0]",4,"(0,3,7,3)",309,"('A_X1','B_X1','A_X2','B_X2')"
310,"XX[X[0,0|1,0],X[2,1|1,1]]",3,"X[0,0|1,0]",67,"X[2,1|1,1]",4,"(0,3,7,4)",310,"('A_X1','B_X1','A_X2','B_X2')"
311,"XX[X[0,0|1,0],X[2,1|1,2]]",3,"X[0,0|1,0]",68,"X[2,1|1,2]",4,"(0,3,7,5)",311,"('A_X1','B_X1','A_X2','B_X2')"
312,"XX[X[0,0|1,0],X[2,1|2,0]]",3,"X[0,0|1,0]",69,"X[2,1|2,0]",4,"(0,3,7,6)",312,"('A_X1','B_X1','A_X2','B_X2')"
313,"XX[X[0,0|1,0],X[2,1|2,1]]",3,"X[0,0|1,0]",70,"X[2,1|2,1]",4,"(0,3,7,7)",313,"('A_X1','B_X1','A_X2','B_X2')"
314,"XX[X[0,0|1,0],X[2,1|2,2]]",3,"X[0,0|1,0]",71,"X[2,1|2,2]",4,"(0,3,7,8)",314,"('A_X1','B_X1','A_X2','B_X2')"
315,"XX[X[0,0|1,0],X[2,2|0,0]]",3,"X[0,0|1,0]",72,"X[2,2|0,0]",4,"(0,3,8,0)",315,"('A_X1','B_X1','A_X2','B_X2')"
316,"XX[X[0,0|1,0],X[2,2|0,1]]",3,"X[0,0|1,0]",73,"X[2,2|0,1]",4,"(0,3,8,1)",316,"('A_X1','B_X1','A_X2','B_X2')"
317,"XX[X[0,0|1,0],X[2,2|0,2]]",3,"X[0,0|1,0]",74,"X[2,2|0,2]",4,"(0,3,8,2)",317,"('A_X1','B_X1','A_X2','B_X2')"
318,"XX[X[0,0|1,0],X[2,2|1,0]]",3,"X[0,0|1,0]",75,"X[2,2|1,0]",4,"(0,3,8,3)",318,"('A_X1','B_X1','A_X2','B_X2')"
319,"XX[X[0,0|1,0],X[2,2|1,1]]",3,"X[0,0|1,0]",76,"X[2,2|1,1]",4,"(0,3,8,4)",319,"('A_X1','B_X1','A_X2','B_X2')"
320,"XX[X[0,0|1,0],X[2,2|1,2]]",3,"X[0,0|1,0]",77,"X[2,2|1,2]",4,"(0,3,8,5)",320,"('A_X1','B_X1','A_X2','B_X2')"
321,"XX[X[0,0|1,0],X[2,2|2,0]]",3,"X[0,0|1,0]",78,"X[2,2|2,0]",4,"(0,3,8,6)",321,"('A_X1','B_X1','A_X2','B_X2')"
322,"XX[X[0,0|1,0],X[2,2|2,1]]",3,"X[0,0|1,0]",79,"X[2,2|2,1]",4,"(0,3,8,7)",322,"('A_X1','B_X1','A_X2','B_X2')"
323,"XX[X[0,0|1,0],X[2,2|2,2]]",3,"X[0,0|1,0]",80,"X[2,2|2,2]",4,"(0,3,8,8)",323,"('A_X1','B_X1','A_X2','B_X2')"
324,"XX[X[0,0|1,1],X[0,0|0,0]]",4,"X[0,0|1,1]",0,"X[0,0|0,0]",4,"(0,4,0,0)",324,"('A_X1','B_X1','A_X2','B_X2')"
325,"XX[X[0,0|1,1],X[0,0|0,1]]",4,"X[0,0|1,1]",1,"X[0,0|0,1]",4,"(0,4,0,1)",325,"('A_X1','B_X1','A_X2','B_X2')"
326,"XX[X[0,0|1,1],X[0,0|0,2]]",4,"X[0,0|1,1]",2,"X[0,0|0,2]",4,"(0,4,0,2)",326,"('A_X1','B_X1','A_X2','B_X2')"
327,"XX[X[0,0|1,1],X[0,0|1,0]]",4,"X[0,0|1,1]",3,"X[0,0|1,0]",4,"(0,4,0,3)",327,"('A_X1','B_X1','A_X2','B_X2')"
328,"XX[X[0,0|1,1],X[0,0|1,1]]",4,"X[0,0|1,1]",4,"X[0,0|1,1]",4,"(0,4,0,4)",328,"('A_X1','B_X1','A_X2','B_X2')"
329,"XX[X[0,0|1,1],X[0,0|1,2]]",4,"X[0,0|1,1]",5,"X[0,0|1,2]",4,"(0,4,0,5)",329,"('A_X1','B_X1','A_X2','B_X2')"
330,"XX[X[0,0|1,1],X[0,0|2,0]]",4,"X[0,0|1,1]",6,"X[0,0|2,0]",4,"(0,4,0,6)",330,"('A_X1','B_X1','A_X2','B_X2')"
331,"XX[X[0,0|1,1],X[0,0|2,1]]",4,"X[0,0|1,1]",7,"X[0,0|2,1]",4,"(0,4,0,7)",331,"('A_X1','B_X1','A_X2','B_X2')"
332,"XX[X[0,0|1,1],X[0,0|2,2]]",4,"X[0,0|1,1]",8,"X[0,0|2,2]",4,"(0,4,0,8)",332,"('A_X1','B_X1','A_X2','B_X2')"
333,"XX[X[0,0|1,1],X[0,1|0,0]]",4,"X[0,0|1,1]",9,"X[0,1|0,0]",4,"(0,4,1,0)",333,"('A_X1','B_X1','A_X2','B_X2')"
334,"XX[X[0,0|1,1],X[0,1|0,1]]",4,"X[0,0|1,1]",10,"X[0,1|0,1]",4,"(0,4,1,1)",334,"('A_X1','B_X1','A_X2','B_X2')"
335,"XX[X[0,0|1,1],X[0,1|0,2]]",4,"X[0,0|1,1]",11,"X[0,1|0,2]",4,"(0,4,1,2)",335,"('A_X1','B_X1','A_X2','B_X2')"
336,"XX[X[0,0|1,1],X[0,1|1,0]]",4,"X[0,0|1,1]",12,"X[0,1|1,0]",4,"(0,4,1,3)",336,"('A_X1','B_X1','A_X2','B_X2')"
337,"XX[X[0,0|1,1],X[0,1|1,1]]",4,"X[0,0|1,1]",13,"X[0,1|1,1]",4,"(0,4,1,4)",337,"('A_X1','B_X1','A_X2','B_X2')"
338,"XX[X[0,0|1,1],X[0,1|1,2]]",4,"X[0,0|1,1]",14,"X[0,1|1,2]",4,"(0,4,1,5)",338,"('A_X1','B_X1','A_X2','B_X2')"
339,"XX[X[0,0|1,1],X[0,1|2,0]]",4,"X[0,0|1,1]",15,"X[0,1|2,0]",4,"(0,4,1,6)",339,"('A_X1','B_X1','A_X2','B_X2')"
340,"XX[X[0,0|1,1],X[0,1|2,1]]",4,"X[0,0|1,1]",16,"X[0,1|2,1]",4,"(0,4,1,7)",340,"('A_X1','B_X1','A_X2','B_X2')"
341,"XX[X[0,0|1,1],X[0,1|2,2]]",4,"X[0,0|1,1]",17,"X[0,1|2,2]",4,"(0,4,1,8)",341,"('A_X1','B_X1','A_X2','B_X2')"
342,"XX[X[0,0|1,1],X[0,2|0,0]]",4,"X[0,0|1,1]",18,"X[0,2|0,0]",4,"(0,4,2,0)",342,"('A_X1','B_X1','A_X2','B_X2')"
343,"XX[X[0,0|1,1],X[0,2|0,1]]",4,"X[0,0|1,1]",19,"X[0,2|0,1]",4,"(0,4,2,1)",343,"('A_X1','B_X1','A_X2','B_X2')"
344,"XX[X[0,0|1,1],X[0,2|0,2]]",4,"X[0,0|1,1]",20,"X[0,2|0,2]",4,"(0,4,2,2)",344,"('A_X1','B_X1','A_X2','B_X2')"
345,"XX[X[0,0|1,1],X[0,2|1,0]]",4,"X[0,0|1,1]",21,"X[0,2|1,0]",4,"(0,4,2,3)",345,"('A_X1','B_X1','A_X2','B_X2')"
346,"XX[X[0,0|1,1],X[0,2|1,1]]",4,"X[0,0|1,1]",22,"X[0,2|1,1]",4,"(0,4,2,4)",346,"('A_X1','B_X1','A_X2','B_X2')"
347,"XX[X[0,0|1,1],X[0,2|1,2]]",4,"X[0,0|1,1]",23,"X[0,2|1,2]",4,"(0,4,2,5)",347,"('A_X1','B_X1','A_X2','B_X2')"
348,"XX[X[0,0|1,1],X[0,2|2,0]]",4,"X[0,0|1,1]",24,"X[0,2|2,0]",4,"(0,4,2,6)",348,"('A_X1','B_X1','A_X2','B_X2')"
349,"XX[X[0,0|1,1],X[0,2|2,1]]",4,"X[0,0|1,1]",25,"X[0,2|2,1]",4,"(0,4,2,7)",349,"('A_X1','B_X1','A_X2','B_X2')"
350,"XX[X[0,0|1,1],X[0,2|2,2]]",4,"X[0,0|1,1]",26,"X[0,2|2,2]",4,"(0,4,2,8)",350,"('A_X1','B_X1','A_X2','B_X2')"
351,"XX[X[0,0|1,1],X[1,0|0,0]]",4,"X[0,0|1,1]",27,"X[1,0|0,0]",4,"(0,4,3,0)",351,"('A_X1','B_X1','A_X2','B_X2')"
352,"XX[X[0,0|1,1],X[1,0|0,1]]",4,"X[0,0|1,1]",28,"X[1,0|0,1]",4,"(0,4,3,1)",352,"('A_X1','B_X1','A_X2','B_X2')"
353,"XX[X[0,0|1,1],X[1,0|0,2]]",4,"X[0,0|1,1]",29,"X[1,0|0,2]",4,"(0,4,3,2)",353,"('A_X1','B_X1','A_X2','B_X2')"
354,"XX[X[0,0|1,1],X[1,0|1,0]]",4,"X[0,0|1,1]",30,"X[1,0|1,0]",4,"(0,4,3,3)",354,"('A_X1','B_X1','A_X2','B_X2')"
355,"XX[X[0,0|1,1],X[1,0|1,1]]",4,"X[0,0|1,1]",31,"X[1,0|1,1]",4,"(0,4,3,4)",355,"('A_X1','B_X1','A_X2','B_X2')"
356,"XX[X[0,0|1,1],X[1,0|1,2]]",4,"X[0,0|1,1]",32,"X[1,0|1,2]",4,"(0,4,3,5)",356,"('A_X1','B_X1','A_X2','B_X2')"
357,"XX[X[0,0|1,1],X[1,0|2,0]]",4,"X[0,0|1,1]",33,"X[1,0|2,0]",4,"(0,4,3,6)",357,"('A_X1','B_X1','A_X2','B_X2')"
358,"XX[X[0,0|1,1],X[1,0|2,1]]",4,"X[0,0|1,1]",34,"X[1,0|2,1]",4,"(0,4,3,7)",358,"('A_X1','B_X1','A_X2','B_X2')"
359,"XX[X[0,0|1,1],X[1,0|2,2]]",4,"X[0,0|1,1]",35,"X[1,0|2,2]",4,"(0,4,3,8)",359,"('A_X1','B_X1','A_X2','B_X2')"
360,"XX[X[0,0|1,1],X[1,1|0,0]]",4,"X[0,0|1,1]",36,"X[1,1|0,0]",4,"(0,4,4,0)",360,"('A_X1','B_X1','A_X2','B_X2')"
361,"XX[X[0,0|1,1],X[1,1|0,1]]",4,"X[0,0|1,1]",37,"X[1,1|0,1]",4,"(0,4,4,1)",361,"('A_X1','B_X1','A_X2','B_X2')"
362,"XX[X[0,0|1,1],X[1,1|0,2]]",4,"X[0,0|1,1]",38,"X[1,1|0,2]",4,"(0,4,4,2)",362,"('A_X1','B_X1','A_X2','B_X2')"
363,"XX[X[0,0|1,1],X[1,1|1,0]]",4,"X[0,0|1,1]",39,"X[1,1|1,0]",4,"(0,4,4,3)",363,"('A_X1','B_X1','A_X2','B_X2')"
364,"XX[X[0,0|1,1],X[1,1|1,1]]",4,"X[0,0|1,1]",40,"X[1,1|1,1]",4,"(0,4,4,4)",364,"('A_X1','B_X1','A_X2','B_X2')"
365,"XX[X[0,0|1,1],X[1,1|1,2]]",4,"X[0,0|1,1]",41,"X[1,1|1,2]",4,"(0,4,4,5)",365,"('A_X1','B_X1','A_X2','B_X2')"
366,"XX[X[0,0|1,1],X[1,1|2,0]]",4,"X[0,0|1,1]",42,"X[1,1|2,0]",4,"(0,4,4,6)",366,"('A_X1','B_X1','A_X2','B_X2')"
367,"XX[X[0,0|1,1],X[1,1|2,1]]",4,"X[0,0|1,1]",43,"X[1,1|2,1]",4,"(0,4,4,7)",367,"('A_X1','B_X1','A_X2','B_X2')"
368,"XX[X[0,0|1,1],X[1,1|2,2]]",4,"X[0,0|1,1]",44,"X[1,1|2,2]",4,"(0,4,4,8)",368,"('A_X1','B_X1','A_X2','B_X2')"
369,"XX[X[0,0|1,1],X[1,2|0,0]]",4,"X[0,0|1,1]",45,"X[1,2|0,0]",4,"(0,4,5,0)",369,"('A_X1','B_X1','A_X2','B_X2')"
370,"XX[X[0,0|1,1],X[1,2|0,1]]",4,"X[0,0|1,1]",46,"X[1,2|0,1]",4,"(0,4,5,1)",370,"('A_X1','B_X1','A_X2','B_X2')"
371,"XX[X[0,0|1,1],X[1,2|0,2]]",4,"X[0,0|1,1]",47,"X[1,2|0,2]",4,"(0,4,5,2)",371,"('A_X1','B_X1','A_X2','B_X2')"
372,"XX[X[0,0|1,1],X[1,2|1,0]]",4,"X[0,0|1,1]",48,"X[1,2|1,0]",4,"(0,4,5,3)",372,"('A_X1','B_X1','A_X2','B_X2')"
373,"XX[X[0,0|1,1],X[1,2|1,1]]",4,"X[0,0|1,1]",49,"X[1,2|1,1]",4,"(0,4,5,4)",373,"('A_X1','B_X1','A_X2','B_X2')"
374,"XX[X[0,0|1,1],X[1,2|1,2]]",4,"X[0,0|1,1]",50,"X[1,2|1,2]",4,"(0,4,5,5)",374,"('A_X1','B_X1','A_X2','B_X2')"
375,"XX[X[0,0|1,1],X[1,2|2,0]]",4,"X[0,0|1,1]",51,"X[1,2|2,0]",4,"(0,4,5,6)",375,"('A_X1','B_X1','A_X2','B_X2')"
376,"XX[X[0,0|1,1],X[1,2|2,1]]",4,"X[0,0|1,1]",52,"X[1,2|2,1]",4,"(0,4,5,7)",376,"('A_X1','B_X1','A_X2','B_X2')"
377,"XX[X[0,0|1,1],X[1,2|2,2]]",4,"X[0,0|1,1]",53,"X[1,2|2,2]",4,"(0,4,5,8)",377,"('A_X1','B_X1','A_X2','B_X2')"
378,"XX[X[0,0|1,1],X[2,0|0,0]]",4,"X[0,0|1,1]",54,"X[2,0|0,0]",4,"(0,4,6,0)",378,"('A_X1','B_X1','A_X2','B_X2')"
379,"XX[X[0,0|1,1],X[2,0|0,1]]",4,"X[0,0|1,1]",55,"X[2,0|0,1]",4,"(0,4,6,1)",379,"('A_X1','B_X1','A_X2','B_X2')"
380,"XX[X[0,0|1,1],X[2,0|0,2]]",4,"X[0,0|1,1]",56,"X[2,0|0,2]",4,"(0,4,6,2)",380,"('A_X1','B_X1','A_X2','B_X2')"
381,"XX[X[0,0|1,1],X[2,0|1,0]]",4,"X[0,0|1,1]",57,"X[2,0|1,0]",4,"(0,4,6,3)",381,"('A_X1','B_X1','A_X2','B_X2')"
382,"XX[X[0,0|1,1],X[2,0|1,1]]",4,"X[0,0|1,1]",58,"X[2,0|1,1]",4,"(0,4,6,4)",382,"('A_X1','B_X1','A_X2','B_X2')"
383,"XX[X[0,0|1,1],X[2,0|1,2]]",4,"X[0,0|1,1]",59,"X[2,0|1,2]",4,"(0,4,6,5)",383,"('A_X1','B_X1','A_X2','B_X2')"
384,"XX[X[0,0|1,1],X[2,0|2,0]]",4,"X[0,0|1,1]",60,"X[2,0|2,0]",4,"(0,4,6,6)",384,"('A_X1','B_X1','A_X2','B_X2')"
385,"XX[X[0,0|1,1],X[2,0|2,1]]",4,"X[0,0|1,1]",61,"X[2,0|2,1]",4,"(0,4,6,7)",385,"('A_X1','B_X1','A_X2','B_X2')"
386,"XX[X[0,0|1,1],X[2,0|2,2]]",4,"X[0,0|1,1]",62,"X[2,0|2,2]",4,"(0,4,6,8)",386,"('A_X1','B_X1','A_X2','B_X2')"
387,"XX[X[0,0|1,1],X[2,1|0,0]]",4,"X[0,0|1,1]",63,"X[2,1|0,0]",4,"(0,4,7,0)",387,"('A_X1','B_X1','A_X2','B_X2')"
388,"XX[X[0,0|1,1],X[2,1|0,1]]",4,"X[0,0|1,1]",64,"X[2,1|0,1]",4,"(0,4,7,1)",388,"('A_X1','B_X1','A_X2','B_X2')"
389,"XX[X[0,0|1,1],X[2,1|0,2]]",4,"X[0,0|1,1]",65,"X[2,1|0,2]",4,"(0,4,7,2)",389,"('A_X1','B_X1','A_X2','B_X2')"
390,"XX[X[0,0|1,1],X[2,1|1,0]]",4,"X[0,0|1,1]",66,"X[2,1|1,0]",4,"(0,4,7,3)",390,"('A_X1','B_X1','A_X2','B_X2')"
391,"XX[X[0,0|1,1],X[2,1|1,1]]",4,"X[0,0|1,1]",67,"X[2,1|1,1]",4,"(0,4,7,4)",391,"('A_X1','B_X1','A_X2','B_X2')"
392,"XX[X[0,0|1,1],X[2,1|1,2]]",4,"X[0,0|1,1]",68,"X[2,1|1,2]",4,"(0,4,7,5)",392,"('A_X1','B_X1','A_X2','B_X2')"
393,"XX[X[0,0|1,1],X[2,1|2,0]]",4,"X[0,0|1,1]",69,"X[2,1|2,0]",4,"(0,4,7,6)",393,"('A_X1','B_X1','A_X2','B_X2')"
394,"XX[X[0,0|1,1],X[2,1|2,1]]",4,"X[0,0|1,1]",70,"X[2,1|2,1]",4,"(0,4,7,7)",394,"('A_X1','B_X1','A_X2','B_X2')"
395,"XX[X[0,0|1,1],X[2,1|2,2]]",4,"X[0,0|1,1]",71,"X[2,1|2,2]",4,"(0,4,7,8)",395,"('A_X1','B_X1','A_X2','B_X2')"
396,"XX[X[0,0|1,1],X[2,2|0,0]]",4,"X[0,0|1,1]",72,"X[2,2|0,0]",4,"(0,4,8,0)",396,"('A_X1','B_X1','A_X2','B_X2')"
397,"XX[X[0,0|1,1],X[2,2|0,1]]",4,"X[0,0|1,1]",73,"X[2,2|0,1]",4,"(0,4,8,1)",397,"('A_X1','B_X1','A_X2','B_X2')"
398,"XX[X[0,0|1,1],X[2,2|0,2]]",4,"X[0,0|1,1]",74,"X[2,2|0,2]",4,"(0,4,8,2)",398,"('A_X1','B_X1','A_X2','B_X2')"
399,"XX[X[0,0|1,1],X[2,2|1,0]]",4,"X[0,0|1,1]",75,"X[2,2|1,0]",4,"(0,4,8,3)",399,"('A_X1','B_X1','A_X2','B_X2')"
400,"XX[X[0,0|1,1],X[2,2|1,1]]",4,"X[0,0|1,1]",76,"X[2,2|1,1]",4,"(0,4,8,4)",400,"('A_X1','B_X1','A_X2','B_X2')"
401,"XX[X[0,0|1,1],X[2,2|1,2]]",4,"X[0,0|1,1]",77,"X[2,2|1,2]",4,"(0,4,8,5)",401,"('A_X1','B_X1','A_X2','B_X2')"
402,"XX[X[0,0|1,1],X[2,2|2,0]]",4,"X[0,0|1,1]",78,"X[2,2|2,0]",4,"(0,4,8,6)",402,"('A_X1','B_X1','A_X2','B_X2')"
403,"XX[X[0,0|1,1],X[2,2|2,1]]",4,"X[0,0|1,1]",79,"X[2,2|2,1]",4,"(0,4,8,7)",403,"('A_X1','B_X1','A_X2','B_X2')"
404,"XX[X[0,0|1,1],X[2,2|2,2]]",4,"X[0,0|1,1]",80,"X[2,2|2,2]",4,"(0,4,8,8)",404,"('A_X1','B_X1','A_X2','B_X2')"
405,"XX[X[0,0|1,2],X[0,0|0,0]]",5,"X[0,0|1,2]",0,"X[0,0|0,0]",4,"(0,5,0,0)",405,"('A_X1','B_X1','A_X2','B_X2')"
406,"XX[X[0,0|1,2],X[0,0|0,1]]",5,"X[0,0|1,2]",1,"X[0,0|0,1]",4,"(0,5,0,1)",406,"('A_X1','B_X1','A_X2','B_X2')"
407,"XX[X[0,0|1,2],X[0,0|0,2]]",5,"X[0,0|1,2]",2,"X[0,0|0,2]",4,"(0,5,0,2)",407,"('A_X1','B_X1','A_X2','B_X2')"
408,"XX[X[0,0|1,2],X[0,0|1,0]]",5,"X[0,0|1,2]",3,"X[0,0|1,0]",4,"(0,5,0,3)",408,"('A_X1','B_X1','A_X2','B_X2')"
409,"XX[X[0,0|1,2],X[0,0|1,1]]",5,"X[0,0|1,2]",4,"X[0,0|1,1]",4,"(0,5,0,4)",409,"('A_X1','B_X1','A_X2','B_X2')"
410,"XX[X[0,0|1,2],X[0,0|1,2]]",5,"X[0,0|1,2]",5,"X[0,0|1,2]",4,"(0,5,0,5)",410,"('A_X1','B_X1','A_X2','B_X2')"
411,"XX[X[0,0|1,2],X[0,0|2,0]]",5,"X[0,0|1,2]",6,"X[0,0|2,0]",4,"(0,5,0,6)",411,"('A_X1','B_X1','A_X2','B_X2')"
412,"XX[X[0,0|1,2],X[0,0|2,1]]",5,"X[0,0|1,2]",7,"X[0,0|2,1]",4,"(0,5,0,7)",412,"('A_X1','B_X1','A_X2','B_X2')"
413,"XX[X[0,0|1,2],X[0,0|2,2]]",5,"X[0,0|1,2]",8,"X[0,0|2,2]",4,"(0,5,0,8)",413,"('A_X1','B_X1','A_X2','B_X2')"
414,"XX[X[0,0|1,2],X[0,1|0,0]]",5,"X[0,0|1,2]",9,"X[0,1|0,0]",4,"(0,5,1,0)",414,"('A_X1','B_X1','A_X2','B_X2')"
415,"XX[X[0,0|1,2],X[0,1|0,1]]",5,"X[0,0|1,2]",10,"X[0,1|0,1]",4,"(0,5,1,1)",415,"('A_X1','B_X1','A_X2','B_X2')"
416,"XX[X[0,0|1,2],X[0,1|0,2]]",5,"X[0,0|1,2]",11,"X[0,1|0,2]",4,"(0,5,1,2)",416,"('A_X1','B_X1','A_X2','B_X2')"
417,"XX[X[0,0|1,2],X[0,1|1,0]]",5,"X[0,0|1,2]",12,"X[0,1|1,0]",4,"(0,5,1,3)",417,"('A_X1','B_X1','A_X2','B_X2')"
418,"XX[X[0,0|1,2],X[0,1|1,1]]",5,"X[0,0|1,2]",13,"X[0,1|1,1]",4,"(0,5,1,4)",418,"('A_X1','B_X1','A_X2','B_X2')"
419,"XX[X[0,0|1,2],X[0,1|1,2]]",5,"X[0,0|1,2]",14,"X[0,1|1,2]",4,"(0,5,1,5)",419,"('A_X1','B_X1','A_X2','B_X2')"
420,"XX[X[0,0|1,2],X[0,1|2,0]]",5,"X[0,0|1,2]",15,"X[0,1|2,0]",4,"(0,5,1,6)",420,"('A_X1','B_X1','A_X2','B_X2')"
421,"XX[X[0,0|1,2],X[0,1|2,1]]",5,"X[0,0|1,2]",16,"X[0,1|2,1]",4,"(0,5,1,7)",421,"('A_X1','B_X1','A_X2','B_X2')"
422,"XX[X[0,0|1,2],X[0,1|2,2]]",5,"X[0,0|1,2]",17,"X[0,1|2,2]",4,"(0,5,1,8)",422,"('A_X1','B_X1','A_X2','B_X2')"
423,"XX[X[0,0|1,2],X[0,2|0,0]]",5,"X[0,0|1,2]",18,"X[0,2|0,0]",4,"(0,5,2,0)",423,"('A_X1','B_X1','A_X2','B_X2')"
424,"XX[X[0,0|1,2],X[0,2|0,1]]",5,"X[0,0|1,2]",19,"X[0,2|0,1]",4,"(0,5,2,1)",424,"('A_X1','B_X1','A_X2','B_X2')"
425,"XX[X[0,0|1,2],X[0,2|0,2]]",5,"X[0,0|1,2]",20,"X[0,2|0,2]",4,"(0,5,2,2)",425,"('A_X1','B_X1','A_X2','B_X2')"
426,"XX[X[0,0|1,2],X[0,2|1,0]]",5,"X[0,0|1,2]",21,"X[0,2|1,0]",4,"(0,5,2,3)",426,"('A_X1','B_X1','A_X2','B_X2')"
427,"XX[X[0,0|1,2],X[0,2|1,1]]",5,"X[0,0|1,2]",22,"X[0,2|1,1]",4,"(0,5,2,4)",427,"('A_X1','B_X1','A_X2','B_X2')"
428,"XX[X[0,0|1,2],X[0,2|1,2]]",5,"X[0,0|1,2]",23,"X[0,2|1,2]",4,"(0,5,2,5)",428,"('A_X1','B_X1','A_X2','B_X2')"
429,"XX[X[0,0|1,2],X[0,2|2,0]]",5,"X[0,0|1,2]",24,"X[0,2|2,0]",4,"(0,5,2,6)",429,"('A_X1','B_X1','A_X2','B_X2')"
430,"XX[X[0,0|1,2],X[0,2|2,1]]",5,"X[0,0|1,2]",25,"X[0,2|2,1]",4,"(0,5,2,7)",430,"('A_X1','B_X1','A_X2','B_X2')"
431,"XX[X[0,0|1,2],X[0,2|2,2]]",5,"X[0,0|1,2]",26,"X[0,2|2,2]",4,"(0,5,2,8)",431,"('A_X1','B_X1','A_X2','B_X2')"
432,"XX[X[0,0|1,2],X[1,0|0,0]]",5,"X[0,0|1,2]",27,"X[1,0|0,0]",4,"(0,5,3,0)",432,"('A_X1','B_X1','A_X2','B_X2')"
433,"XX[X[0,0|1,2],X[1,0|0,1]]",5,"X[0,0|1,2]",28,"X[1,0|0,1]",4,"(0,5,3,1)",433,"('A_X1','B_X1','A_X2','B_X2')"
434,"XX[X[0,0|1,2],X[1,0|0,2]]",5,"X[0,0|1,2]",29,"X[1,0|0,2]",4,"(0,5,3,2)",434,"('A_X1','B_X1','A_X2','B_X2')"
435,"XX[X[0,0|1,2],X[1,0|1,0]]",5,"X[0,0|1,2]",30,"X[1,0|1,0]",4,"(0,5,3,3)",435,"('A_X1','B_X1','A_X2','B_X2')"
436,"XX[X[0,0|1,2],X[1,0|1,1]]",5,"X[0,0|1,2]",31,"X[1,0|1,1]",4,"(0,5,3,4)",436,"('A_X1','B_X1','A_X2','B_X2')"
437,"XX[X[0,0|1,2],X[1,0|1,2]]",5,"X[0,0|1,2]",32,"X[1,0|1,2]",4,"(0,5,3,5)",437,"('A_X1','B_X1','A_X2','B_X2')"
438,"XX[X[0,0|1,2],X[1,0|2,0]]",5,"X[0,0|1,2]",33,"X[1,0|2,0]",4,"(0,5,3,6)",438,"('A_X1','B_X1','A_X2','B_X2')"
439,"XX[X[0,0|1,2],X[1,0|2,1]]",5,"X[0,0|1,2]",34,"X[1,0|2,1]",4,"(0,5,3,7)",439,"('A_X1','B_X1','A_X2','B_X2')"
440,"XX[X[0,0|1,2],X[1,0|2,2]]",5,"X[0,0|1,2]",35,"X[1,0|2,2]",4,"(0,5,3,8)",440,"('A_X1','B_X1','A_X2','B_X2')"
441,"XX[X[0,0|1,2],X[1,1|0,0]]",5,"X[0,0|1,2]",36,"X[1,1|0,0]",4,"(0,5,4,0)",441,"('A_X1','B_X1','A_X2','B_X2')"
442,"XX[X[0,0|1,2],X[1,1|0,1]]",5,"X[0,0|1,2]",37,"X[1,1|0,1]",4,"(0,5,4,1)",442,"('A_X1','B_X1','A_X2','B_X2')"
443,"XX[X[0,0|1,2],X[1,1|0,2]]",5,"X[0,0|1,2]",38,"X[1,1|0,2]",4,"(0,5,4,2)",443,"('A_X1','B_X1','A_X2','B_X2')"
444,"XX[X[0,0|1,2],X[1,1|1,0]]",5,"X[0,0|1,2]",39,"X[1,1|1,0]",4,"(0,5,4,3)",444,"('A_X1','B_X1','A_X2','B_X2')"
445,"XX[X[0,0|1,2],X[1,1|1,1]]",5,"X[0,0|1,2]",40,"X[1,1|1,1]",4,"(0,5,4,4)",445,"('A_X1','B_X1','A_X2','B_X2')"
446,"XX[X[0,0|1,2],X[1,1|1,2]]",5,"X[0,0|1,2]",41,"X[1,1|1,2]",4,"(0,5,4,5)",446,"('A_X1','B_X1','A_X2','B_X2')"
447,"XX[X[0,0|1,2],X[1,1|2,0]]",5,"X[0,0|1,2]",42,"X[1,1|2,0]",4,"(0,5,4,6)",447,"('A_X1','B_X1','A_X2','B_X2')"
448,"XX[X[0,0|1,2],X[1,1|2,1]]",5,"X[0,0|1,2]",43,"X[1,1|2,1]",4,"(0,5,4,7)",448,"('A_X1','B_X1','A_X2','B_X2')"
449,"XX[X[0,0|1,2],X[1,1|2,2]]",5,"X[0,0|1,2]",44,"X[1,1|2,2]",4,"(0,5,4,8)",449,"('A_X1','B_X1','A_X2','B_X2')"
450,"XX[X[0,0|1,2],X[1,2|0,0]]",5,"X[0,0|1,2]",45,"X[1,2|0,0]",4,"(0,5,5,0)",450,"('A_X1','B_X1','A_X2','B_X2')"
451,"XX[X[0,0|1,2],X[1,2|0,1]]",5,"X[0,0|1,2]",46,"X[1,2|0,1]",4,"(0,5,5,1)",451,"('A_X1','B_X1','A_X2','B_X2')"
452,"XX[X[0,0|1,2],X[1,2|0,2]]",5,"X[0,0|1,2]",47,"X[1,2|0,2]",4,"(0,5,5,2)",452,"('A_X1','B_X1','A_X2','B_X2')"
453,"XX[X[0,0|1,2],X[1,2|1,0]]",5,"X[0,0|1,2]",48,"X[1,2|1,0]",4,"(0,5,5,3)",453,"('A_X1','B_X1','A_X2','B_X2')"
454,"XX[X[0,0|1,2],X[1,2|1,1]]",5,"X[0,0|1,2]",49,"X[1,2|1,1]",4,"(0,5,5,4)",454,"('A_X1','B_X1','A_X2','B_X2')"
455,"XX[X[0,0|1,2],X[1,2|1,2]]",5,"X[0,0|1,2]",50,"X[1,2|1,2]",4,"(0,5,5,5)",455,"('A_X1','B_X1','A_X2','B_X2')"
456,"XX[X[0,0|1,2],X[1,2|2,0]]",5,"X[0,0|1,2]",51,"X[1,2|2,0]",4,"(0,5,5,6)",456,"('A_X1','B_X1','A_X2','B_X2')"
457,"XX[X[0,0|1,2],X[1,2|2,1]]",5,"X[0,0|1,2]",52,"X[1,2|2,1]",4,"(0,5,5,7)",457,"('A_X1','B_X1','A_X2','B_X2')"
458,"XX[X[0,0|1,2],X[1,2|2,2]]",5,"X[0,0|1,2]",53,"X[1,2|2,2]",4,"(0,5,5,8)",458,"('A_X1','B_X1','A_X2','B_X2')"
459,"XX[X[0,0|1,2],X[2,0|0,0]]",5,"X[0,0|1,2]",54,"X[2,0|0,0]",4,"(0,5,6,0)",459,"('A_X1','B_X1','A_X2','B_X2')"
460,"XX[X[0,0|1,2],X[2,0|0,1]]",5,"X[0,0|1,2]",55,"X[2,0|0,1]",4,"(0,5,6,1)",460,"('A_X1','B_X1','A_X2','B_X2')"
461,"XX[X[0,0|1,2],X[2,0|0,2]]",5,"X[0,0|1,2]",56,"X[2,0|0,2]",4,"(0,5,6,2)",461,"('A_X1','B_X1','A_X2','B_X2')"
462,"XX[X[0,0|1,2],X[2,0|1,0]]",5,"X[0,0|1,2]",57,"X[2,0|1,0]",4,"(0,5,6,3)",462,"('A_X1','B_X1','A_X2','B_X2')"
463,"XX[X[0,0|1,2],X[2,0|1,1]]",5,"X[0,0|1,2]",58,"X[2,0|1,1]",4,"(0,5,6,4)",463,"('A_X1','B_X1','A_X2','B_X2')"
464,"XX[X[0,0|1,2],X[2,0|1,2]]",5,"X[0,0|1,2]",59,"X[2,0|1,2]",4,"(0,5,6,5)",464,"('A_X1','B_X1','A_X2','B_X2')"
465,"XX[X[0,0|1,2],X[2,0|2,0]]",5,"X[0,0|1,2]",60,"X[2,0|2,0]",4,"(0,5,6,6)",465,"('A_X1','B_X1','A_X2','B_X2')"
466,"XX[X[0,0|1,2],X[2,0|2,1]]",5,"X[0,0|1,2]",61,"X[2,0|2,1]",4,"(0,5,6,7)",466,"('A_X1','B_X1','A_X2','B_X2')"
467,"XX[X[0,0|1,2],X[2,0|2,2]]",5,"X[0,0|1,2]",62,"X[2,0|2,2]",4,"(0,5,6,8)",467,"('A_X1','B_X1','A_X2','B_X2')"
468,"XX[X[0,0|1,2],X[2,1|0,0]]",5,"X[0,0|1,2]",63,"X[2,1|0,0]",4,"(0,5,7,0)",468,"('A_X1','B_X1','A_X2','B_X2')"
469,"XX[X[0,0|1,2],X[2,1|0,1]]",5,"X[0,0|1,2]",64,"X[2,1|0,1]",4,"(0,5,7,1)",469,"('A_X1','B_X1','A_X2','B_X2')"
470,"XX[X[0,0|1,2],X[2,1|0,2]]",5,"X[0,0|1,2]",65,"X[2,1|0,2]",4,"(0,5,7,2)",470,"('A_X1','B_X1','A_X2','B_X2')"
471,"XX[X[0,0|1,2],X[2,1|1,0]]",5,"X[0,0|1,2]",66,"X[2,1|1,0]",4,"(0,5,7,3)",471,"('A_X1','B_X1','A_X2','B_X2')"
472,"XX[X[0,0|1,2],X[2,1|1,1]]",5,"X[0,0|1,2]",67,"X[2,1|1,1]",4,"(0,5,7,4)",472,"('A_X1','B_X1','A_X2','B_X2')"
473,"XX[X[0,0|1,2],X[2,1|1,2]]",5,"X[0,0|1,2]",68,"X[2,1|1,2]",4,"(0,5,7,5)",473,"('A_X1','B_X1','A_X2','B_X2')"
474,"XX[X[0,0|1,2],X[2,1|2,0]]",5,"X[0,0|1,2]",69,"X[2,1|2,0]",4,"(0,5,7,6)",474,"('A_X1','B_X1','A_X2','B_X2')"
475,"XX[X[0,0|1,2],X[2,1|2,1]]",5,"X[0,0|1,2]",70,"X[2,1|2,1]",4,"(0,5,7,7)",475,"('A_X1','B_X1','A_X2','B_X2')"
476,"XX[X[0,0|1,2],X[2,1|2,2]]",5,"X[0,0|1,2]",71,"X[2,1|2,2]",4,"(0,5,7,8)",476,"('A_X1','B_X1','A_X2','B_X2')"
477,"XX[X[0,0|1,2],X[2,2|0,0]]",5,"X[0,0|1,2]",72,"X[2,2|0,0]",4,"(0,5,8,0)",477,"('A_X1','B_X1','A_X2','B_X2')"
478,"XX[X[0,0|1,2],X[2,2|0,1]]",5,"X[0,0|1,2]",73,"X[2,2|0,1]",4,"(0,5,8,1)",478,"('A_X1','B_X1','A_X2','B_X2')"
479,"XX[X[0,0|1,2],X[2,2|0,2]]",5,"X[0,0|1,2]",74,"X[2,2|0,2]",4,"(0,5,8,2)",479,"('A_X1','B_X1','A_X2','B_X2')"
480,"XX[X[0,0|1,2],X[2,2|1,0]]",5,"X[0,0|1,2]",75,"X[2,2|1,0]",4,"(0,5,8,3)",480,"('A_X1','B_X1','A_X2','B_X2')"
481,"XX[X[0,0|1,2],X[2,2|1,1]]",5,"X[0,0|1,2]",76,"X[2,2|1,1]",4,"(0,5,8,4)",481,"('A_X1','B_X1','A_X2','B_X2')"
482,"XX[X[0,0|1,2],X[2,2|1,2]]",5,"X[0,0|1,2]",77,"X[2,2|1,2]",4,"(0,5,8,5)",482,"('A_X1','B_X1','A_X2','B_X2')"
483,"XX[X[0,0|1,2],X[2,2|2,0]]",5,"X[0,0|1,2]",78,"X[2,2|2,0]",4,"(0,5,8,6)",483,"('A_X1','B_X1','A_X2','B_X2')"
484,"XX[X[0,0|1,2],X[2,2|2,1]]",5,"X[0,0|1,2]",79,"X[2,2|2,1]",4,"(0,5,8,7)",484,"('A_X1','B_X1','A_X2','B_X2')"
485,"XX[X[0,0|1,2],X[2,2|2,2]]",5,"X[0,0|1,2]",80,"X[2,2|2,2]",4,"(0,5,8,8)",485,"('A_X1','B_X1','A_X2','B_X2')"
486,"XX[X[0,0|2,0],X[0,0|0,0]]",6,"X[0,0|2,0]",0,"X[0,0|0,0]",4,"(0,6,0,0)",486,"('A_X1','B_X1','A_X2','B_X2')"
487,"XX[X[0,0|2,0],X[0,0|0,1]]",6,"X[0,0|2,0]",1,"X[0,0|0,1]",4,"(0,6,0,1)",487,"('A_X1','B_X1','A_X2','B_X2')"
488,"XX[X[0,0|2,0],X[0,0|0,2]]",6,"X[0,0|2,0]",2,"X[0,0|0,2]",4,"(0,6,0,2)",488,"('A_X1','B_X1','A_X2','B_X2')"
489,"XX[X[0,0|2,0],X[0,0|1,0]]",6,"X[0,0|2,0]",3,"X[0,0|1,0]",4,"(0,6,0,3)",489,"('A_X1','B_X1','A_X2','B_X2')"
490,"XX[X[0,0|2,0],X[0,0|1,1]]",6,"X[0,0|2,0]",4,"X[0,0|1,1]",4,"(0,6,0,4)",490,"('A_X1','B_X1','A_X2','B_X2')"
491,"XX[X[0,0|2,0],X[0,0|1,2]]",6,"X[0,0|2,0]",5,"X[0,0|1,2]",4,"(0,6,0,5)",491,"('A_X1','B_X1','A_X2','B_X2')"
492,"XX[X[0,0|2,0],X[0,0|2,0]]",6,"X[0,0|2,0]",6,"X[0,0|2,0]",4,"(0,6,0,6)",492,"('A_X1','B_X1','A_X2','B_X2')"
493,"XX[X[0,0|2,0],X[0,0|2,1]]",6,"X[0,0|2,0]",7,"X[0,0|2,1]",4,"(0,6,0,7)",493,"('A_X1','B_X1','A_X2','B_X2')"
494,"XX[X[0,0|2,0],X[0,0|2,2]]",6,"X[0,0|2,0]",8,"X[0,0|2,2]",4,"(0,6,0,8)",494,"('A_X1','B_X1','A_X2','B_X2')"
495,"XX[X[0,0|2,0],X[0,1|0,0]]",6,"X[0,0|2,0]",9,"X[0,1|0,0]",4,"(0,6,1,0)",495,"('A_X1','B_X1','A_X2','B_X2')"
496,"XX[X[0,0|2,0],X[0,1|0,1]]",6,"X[0,0|2,0]",10,"X[0,1|0,1]",4,"(0,6,1,1)",496,"('A_X1','B_X1','A_X2','B_X2')"
497,"XX[X[0,0|2,0],X[0,1|0,2]]",6,"X[0,0|2,0]",11,"X[0,1|0,2]",4,"(0,6,1,2)",497,"('A_X1','B_X1','A_X2','B_X2')"
498,"XX[X[0,0|2,0],X[0,1|1,0]]",6,"X[0,0|2,0]",12,"X[0,1|1,0]",4,"(0,6,1,3)",498,"('A_X1','B_X1','A_X2','B_X2')"
499,"XX[X[0,0|2,0],X[0,1|1,1]]",6,"X[0,0|2,0]",13,"X[0,1|1,1]",4,"(0,6,1,4)",499,"('A_X1','B_X1','A_X2','B_X2')"
500,"XX[X[0,0|2,0],X[0,1|1,2]]",6,"X[0,0|2,0]",14,"X[0,1|1,2]",4,"(0,6,1,5)",500,"('A_X1','B_X1','A_X2','B_X2')"
501,"XX[X[0,0|2,0],X[0,1|2,0]]",6,"X[0,0|2,0]",15,"X[0,1|2,0]",4,"(0,6,1,6)",501,"('A_X1','B_X1','A_X2','B_X2')"
502,"XX[X[0,0|2,0],X[0,1|2,1]]",6,"X[0,0|2,0]",16,"X[0,1|2,1]",4,"(0,6,1,7)",502,"('A_X1','B_X1','A_X2','B_X2')"
503,"XX[X[0,0|2,0],X[0,1|2,2]]",6,"X[0,0|2,0]",17,"X[0,1|2,2]",4,"(0,6,1,8)",503,"('A_X1','B_X1','A_X2','B_X2')"
504,"XX[X[0,0|2,0],X[0,2|0,0]]",6,"X[0,0|2,0]",18,"X[0,2|0,0]",4,"(0,6,2,0)",504,"('A_X1','B_X1','A_X2','B_X2')"
505,"XX[X[0,0|2,0],X[0,2|0,1]]",6,"X[0,0|2,0]",19,"X[0,2|0,1]",4,"(0,6,2,1)",505,"('A_X1','B_X1','A_X2','B_X2')"
506,"XX[X[0,0|2,0],X[0,2|0,2]]",6,"X[0,0|2,0]",20,"X[0,2|0,2]",4,"(0,6,2,2)",506,"('A_X1','B_X1','A_X2','B_X2')"
507,"XX[X[0,0|2,0],X[0,2|1,0]]",6,"X[0,0|2,0]",21,"X[0,2|1,0]",4,"(0,6,2,3)",507,"('A_X1','B_X1','A_X2','B_X2')"
508,"XX[X[0,0|2,0],X[0,2|1,1]]",6,"X[0,0|2,0]",22,"X[0,2|1,1]",4,"(0,6,2,4)",508,"('A_X1','B_X1','A_X2','B_X2')"
509,"XX[X[0,0|2,0],X[0,2|1,2]]",6,"X[0,0|2,0]",23,"X[0,2|1,2]",4,"(0,6,2,5)",509,"('A_X1','B_X1','A_X2','B_X2')"
510,"XX[X[0,0|2,0],X[0,2|2,0]]",6,"X[0,0|2,0]",24,"X[0,2|2,0]",4,"(0,6,2,6)",510,"('A_X1','B_X1','A_X2','B_X2')"
511,"XX[X[0,0|2,0],X[0,2|2,1]]",6,"X[0,0|2,0]",25,"X[0,2|2,1]",4,"(0,6,2,7)",511,"('A_X1','B_X1','A_X2','B_X2')"
512,"XX[X[0,0|2,0],X[0,2|2,2]]",6,"X[0,0|2,0]",26,"X[0,2|2,2]",4,"(0,6,2,8)",512,"('A_X1','B_X1','A_X2','B_X2')"
513,"XX[X[0,0|2,0],X[1,0|0,0]]",6,"X[0,0|2,0]",27,"X[1,0|0,0]",4,"(0,6,3,0)",513,"('A_X1','B_X1','A_X2','B_X2')"
514,"XX[X[0,0|2,0],X[1,0|0,1]]",6,"X[0,0|2,0]",28,"X[1,0|0,1]",4,"(0,6,3,1)",514,"('A_X1','B_X1','A_X2','B_X2')"
515,"XX[X[0,0|2,0],X[1,0|0,2]]",6,"X[0,0|2,0]",29,"X[1,0|0,2]",4,"(0,6,3,2)",515,"('A_X1','B_X1','A_X2','B_X2')"
516,"XX[X[0,0|2,0],X[1,0|1,0]]",6,"X[0,0|2,0]",30,"X[1,0|1,0]",4,"(0,6,3,3)",516,"('A_X1','B_X1','A_X2','B_X2')"
517,"XX[X[0,0|2,0],X[1,0|1,1]]",6,"X[0,0|2,0]",31,"X[1,0|1,1]",4,"(0,6,3,4)",517,"('A_X1','B_X1','A_X2','B_X2')"
518,"XX[X[0,0|2,0],X[1,0|1,2]]",6,"X[0,0|2,0]",32,"X[1,0|1,2]",4,"(0,6,3,5)",518,"('A_X1','B_X1','A_X2','B_X2')"
519,"XX[X[0,0|2,0],X[1,0|2,0]]",6,"X[0,0|2,0]",33,"X[1,0|2,0]",4,"(0,6,3,6)",519,"('A_X1','B_X1','A_X2','B_X2')"
520,"XX[X[0,0|2,0],X[1,0|2,1]]",6,"X[0,0|2,0]",34,"X[1,0|2,1]",4,"(0,6,3,7)",520,"('A_X1','B_X1','A_X2','B_X2')"
521,"XX[X[0,0|2,0],X[1,0|2,2]]",6,"X[0,0|2,0]",35,"X[1,0|2,2]",4,"(0,6,3,8)",521,"('A_X1','B_X1','A_X2','B_X2')"
522,"XX[X[0,0|2,0],X[1,1|0,0]]",6,"X[0,0|2,0]",36,"X[1,1|0,0]",4,"(0,6,4,0)",522,"('A_X1','B_X1','A_X2','B_X2')"
523,"XX[X[0,0|2,0],X[1,1|0,1]]",6,"X[0,0|2,0]",37,"X[1,1|0,1]",4,"(0,6,4,1)",523,"('A_X1','B_X1','A_X2','B_X2')"
524,"XX[X[0,0|2,0],X[1,1|0,2]]",6,"X[0,0|2,0]",38,"X[1,1|0,2]",4,"(0,6,4,2)",524,"('A_X1','B_X1','A_X2','B_X2')"
525,"XX[X[0,0|2,0],X[1,1|1,0]]",6,"X[0,0|2,0]",39,"X[1,1|1,0]",4,"(0,6,4,3)",525,"('A_X1','B_X1','A_X2','B_X2')"
526,"XX[X[0,0|2,0],X[1,1|1,1]]",6,"X[0,0|2,0]",40,"X[1,1|1,1]",4,"(0,6,4,4)",526,"('A_X1','B_X1','A_X2','B_X2')"
527,"XX[X[0,0|2,0],X[1,1|1,2]]",6,"X[0,0|2,0]",41,"X[1,1|1,2]",4,"(0,6,4,5)",527,"('A_X1','B_X1','A_X2','B_X2')"
528,"XX[X[0,0|2,0],X[1,1|2,0]]",6,"X[0,0|2,0]",42,"X[1,1|2,0]",4,"(0,6,4,6)",528,"('A_X1','B_X1','A_X2','B_X2')"
529,"XX[X[0,0|2,0],X[1,1|2,1]]",6,"X[0,0|2,0]",43,"X[1,1|2,1]",4,"(0,6,4,7)",529,"('A_X1','B_X1','A_X2','B_X2')"
530,"XX[X[0,0|2,0],X[1,1|2,2]]",6,"X[0,0|2,0]",44,"X[1,1|2,2]",4,"(0,6,4,8)",530,"('A_X1','B_X1','A_X2','B_X2')"
531,"XX[X[0,0|2,0],X[1,2|0,0]]",6,"X[0,0|2,0]",45,"X[1,2|0,0]",4,"(0,6,5,0)",531,"('A_X1','B_X1','A_X2','B_X2')"
532,"XX[X[0,0|2,0],X[1,2|0,1]]",6,"X[0,0|2,0]",46,"X[1,2|0,1]",4,"(0,6,5,1)",532,"('A_X1','B_X1','A_X2','B_X2')"
533,"XX[X[0,0|2,0],X[1,2|0,2]]",6,"X[0,0|2,0]",47,"X[1,2|0,2]",4,"(0,6,5,2)",533,"('A_X1','B_X1','A_X2','B_X2')"
534,"XX[X[0,0|2,0],X[1,2|1,0]]",6,"X[0,0|2,0]",48,"X[1,2|1,0]",4,"(0,6,5,3)",534,"('A_X1','B_X1','A_X2','B_X2')"
535,"XX[X[0,0|2,0],X[1,2|1,1]]",6,"X[0,0|2,0]",49,"X[1,2|1,1]",4,"(0,6,5,4)",535,"('A_X1','B_X1','A_X2','B_X2')"
536,"XX[X[0,0|2,0],X[1,2|1,2]]",6,"X[0,0|2,0]",50,"X[1,2|1,2]",4,"(0,6,5,5)",536,"('A_X1','B_X1','A_X2','B_X2')"
537,"XX[X[0,0|2,0],X[1,2|2,0]]",6,"X[0,0|2,0]",51,"X[1,2|2,0]",4,"(0,6,5,6)",537,"('A_X1','B_X1','A_X2','B_X2')"
538,"XX[X[0,0|2,0],X[1,2|2,1]]",6,"X[0,0|2,0]",52,"X[1,2|2,1]",4,"(0,6,5,7)",538,"('A_X1','B_X1','A_X2','B_X2')"
539,"XX[X[0,0|2,0],X[1,2|2,2]]",6,"X[0,0|2,0]",53,"X[1,2|2,2]",4,"(0,6,5,8)",539,"('A_X1','B_X1','A_X2','B_X2')"
540,"XX[X[0,0|2,0],X[2,0|0,0]]",6,"X[0,0|2,0]",54,"X[2,0|0,0]",4,"(0,6,6,0)",540,"('A_X1','B_X1','A_X2','B_X2')"
541,"XX[X[0,0|2,0],X[2,0|0,1]]",6,"X[0,0|2,0]",55,"X[2,0|0,1]",4,"(0,6,6,1)",541,"('A_X1','B_X1','A_X2','B_X2')"
542,"XX[X[0,0|2,0],X[2,0|0,2]]",6,"X[0,0|2,0]",56,"X[2,0|0,2]",4,"(0,6,6,2)",542,"('A_X1','B_X1','A_X2','B_X2')"
543,"XX[X[0,0|2,0],X[2,0|1,0]]",6,"X[0,0|2,0]",57,"X[2,0|1,0]",4,"(0,6,6,3)",543,"('A_X1','B_X1','A_X2','B_X2')"
544,"XX[X[0,0|2,0],X[2,0|1,1]]",6,"X[0,0|2,0]",58,"X[2,0|1,1]",4,"(0,6,6,4)",544,"('A_X1','B_X1','A_X2','B_X2')"
545,"XX[X[0,0|2,0],X[2,0|1,2]]",6,"X[0,0|2,0]",59,"X[2,0|1,2]",4,"(0,6,6,5)",545,"('A_X1','B_X1','A_X2','B_X2')"
546,"XX[X[0,0|2,0],X[2,0|2,0]]",6,"X[0,0|2,0]",60,"X[2,0|2,0]",4,"(0,6,6,6)",546,"('A_X1','B_X1','A_X2','B_X2')"
547,"XX[X[0,0|2,0],X[2,0|2,1]]",6,"X[0,0|2,0]",61,"X[2,0|2,1]",4,"(0,6,6,7)",547,"('A_X1','B_X1','A_X2','B_X2')"
548,"XX[X[0,0|2,0],X[2,0|2,2]]",6,"X[0,0|2,0]",62,"X[2,0|2,2]",4,"(0,6,6,8)",548,"('A_X1','B_X1','A_X2','B_X2')"
549,"XX[X[0,0|2,0],X[2,1|0,0]]",6,"X[0,0|2,0]",63,"X[2,1|0,0]",4,"(0,6,7,0)",549,"('A_X1','B_X1','A_X2','B_X2')"
550,"XX[X[0,0|2,0],X[2,1|0,1]]",6,"X[0,0|2,0]",64,"X[2,1|0,1]",4,"(0,6,7,1)",550,"('A_X1','B_X1','A_X2','B_X2')"
551,"XX[X[0,0|2,0],X[2,1|0,2]]",6,"X[0,0|2,0]",65,"X[2,1|0,2]",4,"(0,6,7,2)",551,"('A_X1','B_X1','A_X2','B_X2')"
552,"XX[X[0,0|2,0],X[2,1|1,0]]",6,"X[0,0|2,0]",66,"X[2,1|1,0]",4,"(0,6,7,3)",552,"('A_X1','B_X1','A_X2','B_X2')"
553,"XX[X[0,0|2,0],X[2,1|1,1]]",6,"X[0,0|2,0]",67,"X[2,1|1,1]",4,"(0,6,7,4)",553,"('A_X1','B_X1','A_X2','B_X2')"
554,"XX[X[0,0|2,0],X[2,1|1,2]]",6,"X[0,0|2,0]",68,"X[2,1|1,2]",4,"(0,6,7,5)",554,"('A_X1','B_X1','A_X2','B_X2')"
555,"XX[X[0,0|2,0],X[2,1|2,0]]",6,"X[0,0|2,0]",69,"X[2,1|2,0]",4,"(0,6,7,6)",555,"('A_X1','B_X1','A_X2','B_X2')"
556,"XX[X[0,0|2,0],X[2,1|2,1]]",6,"X[0,0|2,0]",70,"X[2,1|2,1]",4,"(0,6,7,7)",556,"('A_X1','B_X1','A_X2','B_X2')"
557,"XX[X[0,0|2,0],X[2,1|2,2]]",6,"X[0,0|2,0]",71,"X[2,1|2,2]",4,"(0,6,7,8)",557,"('A_X1','B_X1','A_X2','B_X2')"
558,"XX[X[0,0|2,0],X[2,2|0,0]]",6,"X[0,0|2,0]",72,"X[2,2|0,0]",4,"(0,6,8,0)",558,"('A_X1','B_X1','A_X2','B_X2')"
559,"XX[X[0,0|2,0],X[2,2|0,1]]",6,"X[0,0|2,0]",73,"X[2,2|0,1]",4,"(0,6,8,1)",559,"('A_X1','B_X1','A_X2','B_X2')"
560,"XX[X[0,0|2,0],X[2,2|0,2]]",6,"X[0,0|2,0]",74,"X[2,2|0,2]",4,"(0,6,8,2)",560,"('A_X1','B_X1','A_X2','B_X2')"
561,"XX[X[0,0|2,0],X[2,2|1,0]]",6,"X[0,0|2,0]",75,"X[2,2|1,0]",4,"(0,6,8,3)",561,"('A_X1','B_X1','A_X2','B_X2')"
562,"XX[X[0,0|2,0],X[2,2|1,1]]",6,"X[0,0|2,0]",76,"X[2,2|1,1]",4,"(0,6,8,4)",562,"('A_X1','B_X1','A_X2','B_X2')"
563,"XX[X[0,0|2,0],X[2,2|1,2]]",6,"X[0,0|2,0]",77,"X[2,2|1,2]",4,"(0,6,8,5)",563,"('A_X1','B_X1','A_X2','B_X2')"
564,"XX[X[0,0|2,0],X[2,2|2,0]]",6,"X[0,0|2,0]",78,"X[2,2|2,0]",4,"(0,6,8,6)",564,"('A_X1','B_X1','A_X2','B_X2')"
565,"XX[X[0,0|2,0],X[2,2|2,1]]",6,"X[0,0|2,0]",79,"X[2,2|2,1]",4,"(0,6,8,7)",565,"('A_X1','B_X1','A_X2','B_X2')"
566,"XX[X[0,0|2,0],X[2,2|2,2]]",6,"X[0,0|2,0]",80,"X[2,2|2,2]",4,"(0,6,8,8)",566,"('A_X1','B_X1','A_X2','B_X2')"
567,"XX[X[0,0|2,1],X[0,0|0,0]]",7,"X[0,0|2,1]",0,"X[0,0|0,0]",4,"(0,7,0,0)",567,"('A_X1','B_X1','A_X2','B_X2')"
568,"XX[X[0,0|2,1],X[0,0|0,1]]",7,"X[0,0|2,1]",1,"X[0,0|0,1]",4,"(0,7,0,1)",568,"('A_X1','B_X1','A_X2','B_X2')"
569,"XX[X[0,0|2,1],X[0,0|0,2]]",7,"X[0,0|2,1]",2,"X[0,0|0,2]",4,"(0,7,0,2)",569,"('A_X1','B_X1','A_X2','B_X2')"
570,"XX[X[0,0|2,1],X[0,0|1,0]]",7,"X[0,0|2,1]",3,"X[0,0|1,0]",4,"(0,7,0,3)",570,"('A_X1','B_X1','A_X2','B_X2')"
571,"XX[X[0,0|2,1],X[0,0|1,1]]",7,"X[0,0|2,1]",4,"X[0,0|1,1]",4,"(0,7,0,4)",571,"('A_X1','B_X1','A_X2','B_X2')"
572,"XX[X[0,0|2,1],X[0,0|1,2]]",7,"X[0,0|2,1]",5,"X[0,0|1,2]",4,"(0,7,0,5)",572,"('A_X1','B_X1','A_X2','B_X2')"
573,"XX[X[0,0|2,1],X[0,0|2,0]]",7,"X[0,0|2,1]",6,"X[0,0|2,0]",4,"(0,7,0,6)",573,"('A_X1','B_X1','A_X2','B_X2')"
574,"XX[X[0,0|2,1],X[0,0|2,1]]",7,"X[0,0|2,1]",7,"X[0,0|2,1]",4,"(0,7,0,7)",574,"('A_X1','B_X1','A_X2','B_X2')"
575,"XX[X[0,0|2,1],X[0,0|2,2]]",7,"X[0,0|2,1]",8,"X[0,0|2,2]",4,"(0,7,0,8)",575,"('A_X1','B_X1','A_X2','B_X2')"
576,"XX[X[0,0|2,1],X[0,1|0,0]]",7,"X[0,0|2,1]",9,"X[0,1|0,0]",4,"(0,7,1,0)",576,"('A_X1','B_X1','A_X2','B_X2')"
577,"XX[X[0,0|2,1],X[0,1|0,1]]",7,"X[0,0|2,1]",10,"X[0,1|0,1]",4,"(0,7,1,1)",577,"('A_X1','B_X1','A_X2','B_X2')"
578,"XX[X[0,0|2,1],X[0,1|0,2]]",7,"X[0,0|2,1]",11,"X[0,1|0,2]",4,"(0,7,1,2)",578,"('A_X1','B_X1','A_X2','B_X2')"
579,"XX[X[0,0|2,1],X[0,1|1,0]]",7,"X[0,0|2,1]",12,"X[0,1|1,0]",4,"(0,7,1,3)",579,"('A_X1','B_X1','A_X2','B_X2')"
580,"XX[X[0,0|2,1],X[0,1|1,1]]",7,"X[0,0|2,1]",13,"X[0,1|1,1]",4,"(0,7,1,4)",580,"('A_X1','B_X1','A_X2','B_X2')"
581,"XX[X[0,0|2,1],X[0,1|1,2]]",7,"X[0,0|2,1]",14,"X[0,1|1,2]",4,"(0,7,1,5)",581,"('A_X1','B_X1','A_X2','B_X2')"
582,"XX[X[0,0|2,1],X[0,1|2,0]]",7,"X[0,0|2,1]",15,"X[0,1|2,0]",4,"(0,7,1,6)",582,"('A_X1','B_X1','A_X2','B_X2')"
583,"XX[X[0,0|2,1],X[0,1|2,1]]",7,"X[0,0|2,1]",16,"X[0,1|2,1]",4,"(0,7,1,7)",583,"('A_X1','B_X1','A_X2','B_X2')"
584,"XX[X[0,0|2,1],X[0,1|2,2]]",7,"X[0,0|2,1]",17,"X[0,1|2,2]",4,"(0,7,1,8)",584,"('A_X1','B_X1','A_X2','B_X2')"
585,"XX[X[0,0|2,1],X[0,2|0,0]]",7,"X[0,0|2,1]",18,"X[0,2|0,0]",4,"(0,7,2,0)",585,"('A_X1','B_X1','A_X2','B_X2')"
586,"XX[X[0,0|2,1],X[0,2|0,1]]",7,"X[0,0|2,1]",19,"X[0,2|0,1]",4,"(0,7,2,1)",586,"('A_X1','B_X1','A_X2','B_X2')"
587,"XX[X[0,0|2,1],X[0,2|0,2]]",7,"X[0,0|2,1]",20,"X[0,2|0,2]",4,"(0,7,2,2)",587,"('A_X1','B_X1','A_X2','B_X2')"
588,"XX[X[0,0|2,1],X[0,2|1,0]]",7,"X[0,0|2,1]",21,"X[0,2|1,0]",4,"(0,7,2,3)",588,"('A_X1','B_X1','A_X2','B_X2')"
589,"XX[X[0,0|2,1],X[0,2|1,1]]",7,"X[0,0|2,1]",22,"X[0,2|1,1]",4,"(0,7,2,4)",589,"('A_X1','B_X1','A_X2','B_X2')"
590,"XX[X[0,0|2,1],X[0,2|1,2]]",7,"X[0,0|2,1]",23,"X[0,2|1,2]",4,"(0,7,2,5)",590,"('A_X1','B_X1','A_X2','B_X2')"
591,"XX[X[0,0|2,1],X[0,2|2,0]]",7,"X[0,0|2,1]",24,"X[0,2|2,0]",4,"(0,7,2,6)",591,"('A_X1','B_X1','A_X2','B_X2')"
592,"XX[X[0,0|2,1],X[0,2|2,1]]",7,"X[0,0|2,1]",25,"X[0,2|2,1]",4,"(0,7,2,7)",592,"('A_X1','B_X1','A_X2','B_X2')"
593,"XX[X[0,0|2,1],X[0,2|2,2]]",7,"X[0,0|2,1]",26,"X[0,2|2,2]",4,"(0,7,2,8)",593,"('A_X1','B_X1','A_X2','B_X2')"
594,"XX[X[0,0|2,1],X[1,0|0,0]]",7,"X[0,0|2,1]",27,"X[1,0|0,0]",4,"(0,7,3,0)",594,"('A_X1','B_X1','A_X2','B_X2')"
595,"XX[X[0,0|2,1],X[1,0|0,1]]",7,"X[0,0|2,1]",28,"X[1,0|0,1]",4,"(0,7,3,1)",595,"('A_X1','B_X1','A_X2','B_X2')"
596,"XX[X[0,0|2,1],X[1,0|0,2]]",7,"X[0,0|2,1]",29,"X[1,0|0,2]",4,"(0,7,3,2)",596,"('A_X1','B_X1','A_X2','B_X2')"
597,"XX[X[0,0|2,1],X[1,0|1,0]]",7,"X[0,0|2,1]",30,"X[1,0|1,0]",4,"(0,7,3,3)",597,"('A_X1','B_X1','A_X2','B_X2')"
598,"XX[X[0,0|2,1],X[1,0|1,1]]",7,"X[0,0|2,1]",31,"X[1,0|1,1]",4,"(0,7,3,4)",598,"('A_X1','B_X1','A_X2','B_X2')"
599,"XX[X[0,0|2,1],X[1,0|1,2]]",7,"X[0,0|2,1]",32,"X[1,0|1,2]",4,"(0,7,3,5)",599,"('A_X1','B_X1','A_X2','B_X2')"
600,"XX[X[0,0|2,1],X[1,0|2,0]]",7,"X[0,0|2,1]",33,"X[1,0|2,0]",4,"(0,7,3,6)",600,"('A_X1','B_X1','A_X2','B_X2')"
601,"XX[X[0,0|2,1],X[1,0|2,1]]",7,"X[0,0|2,1]",34,"X[1,0|2,1]",4,"(0,7,3,7)",601,"('A_X1','B_X1','A_X2','B_X2')"
602,"XX[X[0,0|2,1],X[1,0|2,2]]",7,"X[0,0|2,1]",35,"X[1,0|2,2]",4,"(0,7,3,8)",602,"('A_X1','B_X1','A_X2','B_X2')"
603,"XX[X[0,0|2,1],X[1,1|0,0]]",7,"X[0,0|2,1]",36,"X[1,1|0,0]",4,"(0,7,4,0)",603,"('A_X1','B_X1','A_X2','B_X2')"
604,"XX[X[0,0|2,1],X[1,1|0,1]]",7,"X[0,0|2,1]",37,"X[1,1|0,1]",4,"(0,7,4,1)",604,"('A_X1','B_X1','A_X2','B_X2')"
605,"XX[X[0,0|2,1],X[1,1|0,2]]",7,"X[0,0|2,1]",38,"X[1,1|0,2]",4,"(0,7,4,2)",605,"('A_X1','B_X1','A_X2','B_X2')"
606,"XX[X[0,0|2,1],X[1,1|1,0]]",7,"X[0,0|2,1]",39,"X[1,1|1,0]",4,"(0,7,4,3)",606,"('A_X1','B_X1','A_X2','B_X2')"
607,"XX[X[0,0|2,1],X[1,1|1,1]]",7,"X[0,0|2,1]",40,"X[1,1|1,1]",4,"(0,7,4,4)",607,"('A_X1','B_X1','A_X2','B_X2')"
608,"XX[X[0,0|2,1],X[1,1|1,2]]",7,"X[0,0|2,1]",41,"X[1,1|1,2]",4,"(0,7,4,5)",608,"('A_X1','B_X1','A_X2','B_X2')"
609,"XX[X[0,0|2,1],X[1,1|2,0]]",7,"X[0,0|2,1]",42,"X[1,1|2,0]",4,"(0,7,4,6)",609,"('A_X1','B_X1','A_X2','B_X2')"
610,"XX[X[0,0|2,1],X[1,1|2,1]]",7,"X[0,0|2,1]",43,"X[1,1|2,1]",4,"(0,7,4,7)",610,"('A_X1','B_X1','A_X2','B_X2')"
611,"XX[X[0,0|2,1],X[1,1|2,2]]",7,"X[0,0|2,1]",44,"X[1,1|2,2]",4,"(0,7,4,8)",611,"('A_X1','B_X1','A_X2','B_X2')"
612,"XX[X[0,0|2,1],X[1,2|0,0]]",7,"X[0,0|2,1]",45,"X[1,2|0,0]",4,"(0,7,5,0)",612,"('A_X1','B_X1','A_X2','B_X2')"
613,"XX[X[0,0|2,1],X[1,2|0,1]]",7,"X[0,0|2,1]",46,"X[1,2|0,1]",4,"(0,7,5,1)",613,"('A_X1','B_X1','A_X2','B_X2')"
614,"XX[X[0,0|2,1],X[1,2|0,2]]",7,"X[0,0|2,1]",47,"X[1,2|0,2]",4,"(0,7,5,2)",614,"('A_X1','B_X1','A_X2','B_X2')"
615,"XX[X[0,0|2,1],X[1,2|1,0]]",7,"X[0,0|2,1]",48,"X[1,2|1,0]",4,"(0,7,5,3)",615,"('A_X1','B_X1','A_X2','B_X2')"
616,"XX[X[0,0|2,1],X[1,2|1,1]]",7,"X[0,0|2,1]",49,"X[1,2|1,1]",4,"(0,7,5,4)",616,"('A_X1','B_X1','A_X2','B_X2')"
617,"XX[X[0,0|2,1],X[1,2|1,2]]",7,"X[0,0|2,1]",50,"X[1,2|1,2]",4,"(0,7,5,5)",617,"('A_X1','B_X1','A_X2','B_X2')"
618,"XX[X[0,0|2,1],X[1,2|2,0]]",7,"X[0,0|2,1]",51,"X[1,2|2,0]",4,"(0,7,5,6)",618,"('A_X1','B_X1','A_X2','B_X2')"
619,"XX[X[0,0|2,1],X[1,2|2,1]]",7,"X[0,0|2,1]",52,"X[1,2|2,1]",4,"(0,7,5,7)",619,"('A_X1','B_X1','A_X2','B_X2')"
620,"XX[X[0,0|2,1],X[1,2|2,2]]",7,"X[0,0|2,1]",53,"X[1,2|2,2]",4,"(0,7,5,8)",620,"('A_X1','B_X1','A_X2','B_X2')"
621,"XX[X[0,0|2,1],X[2,0|0,0]]",7,"X[0,0|2,1]",54,"X[2,0|0,0]",4,"(0,7,6,0)",621,"('A_X1','B_X1','A_X2','B_X2')"
622,"XX[X[0,0|2,1],X[2,0|0,1]]",7,"X[0,0|2,1]",55,"X[2,0|0,1]",4,"(0,7,6,1)",622,"('A_X1','B_X1','A_X2','B_X2')"
623,"XX[X[0,0|2,1],X[2,0|0,2]]",7,"X[0,0|2,1]",56,"X[2,0|0,2]",4,"(0,7,6,2)",623,"('A_X1','B_X1','A_X2','B_X2')"
624,"XX[X[0,0|2,1],X[2,0|1,0]]",7,"X[0,0|2,1]",57,"X[2,0|1,0]",4,"(0,7,6,3)",624,"('A_X1','B_X1','A_X2','B_X2')"
625,"XX[X[0,0|2,1],X[2,0|1,1]]",7,"X[0,0|2,1]",58,"X[2,0|1,1]",4,"(0,7,6,4)",625,"('A_X1','B_X1','A_X2','B_X2')"
626,"XX[X[0,0|2,1],X[2,0|1,2]]",7,"X[0,0|2,1]",59,"X[2,0|1,2]",4,"(0,7,6,5)",626,"('A_X1','B_X1','A_X2','B_X2')"
627,"XX[X[0,0|2,1],X[2,0|2,0]]",7,"X[0,0|2,1]",60,"X[2,0|2,0]",4,"(0,7,6,6)",627,"('A_X1','B_X1','A_X2','B_X2')"
628,"XX[X[0,0|2,1],X[2,0|2,1]]",7,"X[0,0|2,1]",61,"X[2,0|2,1]",4,"(0,7,6,7)",628,"('A_X1','B_X1','A_X2','B_X2')"
629,"XX[X[0,0|2,1],X[2,0|2,2]]",7,"X[0,0|2,1]",62,"X[2,0|2,2]",4,"(0,7,6,8)",629,"('A_X1','B_X1','A_X2','B_X2')"
630,"XX[X[0,0|2,1],X[2,1|0,0]]",7,"X[0,0|2,1]",63,"X[2,1|0,0]",4,"(0,7,7,0)",630,"('A_X1','B_X1','A_X2','B_X2')"
631,"XX[X[0,0|2,1],X[2,1|0,1]]",7,"X[0,0|2,1]",64,"X[2,1|0,1]",4,"(0,7,7,1)",631,"('A_X1','B_X1','A_X2','B_X2')"
632,"XX[X[0,0|2,1],X[2,1|0,2]]",7,"X[0,0|2,1]",65,"X[2,1|0,2]",4,"(0,7,7,2)",632,"('A_X1','B_X1','A_X2','B_X2')"
633,"XX[X[0,0|2,1],X[2,1|1,0]]",7,"X[0,0|2,1]",66,"X[2,1|1,0]",4,"(0,7,7,3)",633,"('A_X1','B_X1','A_X2','B_X2')"
634,"XX[X[0,0|2,1],X[2,1|1,1]]",7,"X[0,0|2,1]",67,"X[2,1|1,1]",4,"(0,7,7,4)",634,"('A_X1','B_X1','A_X2','B_X2')"
635,"XX[X[0,0|2,1],X[2,1|1,2]]",7,"X[0,0|2,1]",68,"X[2,1|1,2]",4,"(0,7,7,5)",635,"('A_X1','B_X1','A_X2','B_X2')"
636,"XX[X[0,0|2,1],X[2,1|2,0]]",7,"X[0,0|2,1]",69,"X[2,1|2,0]",4,"(0,7,7,6)",636,"('A_X1','B_X1','A_X2','B_X2')"
637,"XX[X[0,0|2,1],X[2,1|2,1]]",7,"X[0,0|2,1]",70,"X[2,1|2,1]",4,"(0,7,7,7)",637,"('A_X1','B_X1','A_X2','B_X2')"
638,"XX[X[0,0|2,1],X[2,1|2,2]]",7,"X[0,0|2,1]",71,"X[2,1|2,2]",4,"(0,7,7,8)",638,"('A_X1','B_X1','A_X2','B_X2')"
639,"XX[X[0,0|2,1],X[2,2|0,0]]",7,"X[0,0|2,1]",72,"X[2,2|0,0]",4,"(0,7,8,0)",639,"('A_X1','B_X1','A_X2','B_X2')"
640,"XX[X[0,0|2,1],X[2,2|0,1]]",7,"X[0,0|2,1]",73,"X[2,2|0,1]",4,"(0,7,8,1)",640,"('A_X1','B_X1','A_X2','B_X2')"
641,"XX[X[0,0|2,1],X[2,2|0,2]]",7,"X[0,0|2,1]",74,"X[2,2|0,2]",4,"(0,7,8,2)",641,"('A_X1','B_X1','A_X2','B_X2')"
642,"XX[X[0,0|2,1],X[2,2|1,0]]",7,"X[0,0|2,1]",75,"X[2,2|1,0]",4,"(0,7,8,3)",642,"('A_X1','B_X1','A_X2','B_X2')"
643,"XX[X[0,0|2,1],X[2,2|1,1]]",7,"X[0,0|2,1]",76,"X[2,2|1,1]",4,"(0,7,8,4)",643,"('A_X1','B_X1','A_X2','B_X2')"
644,"XX[X[0,0|2,1],X[2,2|1,2]]",7,"X[0,0|2,1]",77,"X[2,2|1,2]",4,"(0,7,8,5)",644,"('A_X1','B_X1','A_X2','B_X2')"
645,"XX[X[0,0|2,1],X[2,2|2,0]]",7,"X[0,0|2,1]",78,"X[2,2|2,0]",4,"(0,7,8,6)",645,"('A_X1','B_X1','A_X2','B_X2')"
646,"XX[X[0,0|2,1],X[2,2|2,1]]",7,"X[0,0|2,1]",79,"X[2,2|2,1]",4,"(0,7,8,7)",646,"('A_X1','B_X1','A_X2','B_X2')"
647,"XX[X[0,0|2,1],X[2,2|2,2]]",7,"X[0,0|2,1]",80,"X[2,2|2,2]",4,"(0,7,8,8)",647,"('A_X1','B_X1','A_X2','B_X2')"
648,"XX[X[0,0|2,2],X[0,0|0,0]]",8,"X[0,0|2,2]",0,"X[0,0|0,0]",4,"(0,8,0,0)",648,"('A_X1','B_X1','A_X2','B_X2')"
649,"XX[X[0,0|2,2],X[0,0|0,1]]",8,"X[0,0|2,2]",1,"X[0,0|0,1]",4,"(0,8,0,1)",649,"('A_X1','B_X1','A_X2','B_X2')"
650,"XX[X[0,0|2,2],X[0,0|0,2]]",8,"X[0,0|2,2]",2,"X[0,0|0,2]",4,"(0,8,0,2)",650,"('A_X1','B_X1','A_X2','B_X2')"
651,"XX[X[0,0|2,2],X[0,0|1,0]]",8,"X[0,0|2,2]",3,"X[0,0|1,0]",4,"(0,8,0,3)",651,"('A_X1','B_X1','A_X2','B_X2')"
652,"XX[X[0,0|2,2],X[0,0|1,1]]",8,"X[0,0|2,2]",4,"X[0,0|1,1]",4,"(0,8,0,4)",652,"('A_X1','B_X1','A_X2','B_X2')"
653,"XX[X[0,0|2,2],X[0,0|1,2]]",8,"X[0,0|2,2]",5,"X[0,0|1,2]",4,"(0,8,0,5)",653,"('A_X1','B_X1','A_X2','B_X2')"
654,"XX[X[0,0|2,2],X[0,0|2,0]]",8,"X[0,0|2,2]",6,"X[0,0|2,0]",4,"(0,8,0,6)",654,"('A_X1','B_X1','A_X2','B_X2')"
655,"XX[X[0,0|2,2],X[0,0|2,1]]",8,"X[0,0|2,2]",7,"X[0,0|2,1]",4,"(0,8,0,7)",655,"('A_X1','B_X1','A_X2','B_X2')"
656,"XX[X[0,0|2,2],X[0,0|2,2]]",8,"X[0,0|2,2]",8,"X[0,0|2,2]",4,"(0,8,0,8)",656,"('A_X1','B_X1','A_X2','B_X2')"
657,"XX[X[0,0|2,2],X[0,1|0,0]]",8,"X[0,0|2,2]",9,"X[0,1|0,0]",4,"(0,8,1,0)",657,"('A_X1','B_X1','A_X2','B_X2')"
658,"XX[X[0,0|2,2],X[0,1|0,1]]",8,"X[0,0|2,2]",10,"X[0,1|0,1]",4,"(0,8,1,1)",658,"('A_X1','B_X1','A_X2','B_X2')"
659,"XX[X[0,0|2,2],X[0,1|0,2]]",8,"X[0,0|2,2]",11,"X[0,1|0,2]",4,"(0,8,1,2)",659,"('A_X1','B_X1','A_X2','B_X2')"
660,"XX[X[0,0|2,2],X[0,1|1,0]]",8,"X[0,0|2,2]",12,"X[0,1|1,0]",4,"(0,8,1,3)",660,"('A_X1','B_X1','A_X2','B_X2')"
661,"XX[X[0,0|2,2],X[0,1|1,1]]",8,"X[0,0|2,2]",13,"X[0,1|1,1]",4,"(0,8,1,4)",661,"('A_X1','B_X1','A_X2','B_X2')"
662,"XX[X[0,0|2,2],X[0,1|1,2]]",8,"X[0,0|2,2]",14,"X[0,1|1,2]",4,"(0,8,1,5)",662,"('A_X1','B_X1','A_X2','B_X2')"
663,"XX[X[0,0|2,2],X[0,1|2,0]]",8,"X[0,0|2,2]",15,"X[0,1|2,0]",4,"(0,8,1,6)",663,"('A_X1','B_X1','A_X2','B_X2')"
664,"XX[X[0,0|2,2],X[0,1|2,1]]",8,"X[0,0|2,2]",16,"X[0,1|2,1]",4,"(0,8,1,7)",664,"('A_X1','B_X1','A_X2','B_X2')"
665,"XX[X[0,0|2,2],X[0,1|2,2]]",8,"X[0,0|2,2]",17,"X[0,1|2,2]",4,"(0,8,1,8)",665,"('A_X1','B_X1','A_X2','B_X2')"
666,"XX[X[0,0|2,2],X[0,2|0,0]]",8,"X[0,0|2,2]",18,"X[0,2|0,0]",4,"(0,8,2,0)",666,"('A_X1','B_X1','A_X2','B_X2')"
667,"XX[X[0,0|2,2],X[0,2|0,1]]",8,"X[0,0|2,2]",19,"X[0,2|0,1]",4,"(0,8,2,1)",667,"('A_X1','B_X1','A_X2','B_X2')"
668,"XX[X[0,0|2,2],X[0,2|0,2]]",8,"X[0,0|2,2]",20,"X[0,2|0,2]",4,"(0,8,2,2)",668,"('A_X1','B_X1','A_X2','B_X2')"
669,"XX[X[0,0|2,2],X[0,2|1,0]]",8,"X[0,0|2,2]",21,"X[0,2|1,0]",4,"(0,8,2,3)",669,"('A_X1','B_X1','A_X2','B_X2')"
670,"XX[X[0,0|2,2],X[0,2|1,1]]",8,"X[0,0|2,2]",22,"X[0,2|1,1]",4,"(0,8,2,4)",670,"('A_X1','B_X1','A_X2','B_X2')"
671,"XX[X[0,0|2,2],X[0,2|1,2]]",8,"X[0,0|2,2]",23,"X[0,2|1,2]",4,"(0,8,2,5)",671,"('A_X1','B_X1','A_X2','B_X2')"
672,"XX[X[0,0|2,2],X[0,2|2,0]]",8,"X[0,0|2,2]",24,"X[0,2|2,0]",4,"(0,8,2,6)",672,"('A_X1','B_X1','A_X2','B_X2')"
673,"XX[X[0,0|2,2],X[0,2|2,1]]",8,"X[0,0|2,2]",25,"X[0,2|2,1]",4,"(0,8,2,7)",673,"('A_X1','B_X1','A_X2','B_X2')"
674,"XX[X[0,0|2,2],X[0,2|2,2]]",8,"X[0,0|2,2]",26,"X[0,2|2,2]",4,"(0,8,2,8)",674,"('A_X1','B_X1','A_X2','B_X2')"
675,"XX[X[0,0|2,2],X[1,0|0,0]]",8,"X[0,0|2,2]",27,"X[1,0|0,0]",4,"(0,8,3,0)",675,"('A_X1','B_X1','A_X2','B_X2')"
676,"XX[X[0,0|2,2],X[1,0|0,1]]",8,"X[0,0|2,2]",28,"X[1,0|0,1]",4,"(0,8,3,1)",676,"('A_X1','B_X1','A_X2','B_X2')"
677,"XX[X[0,0|2,2],X[1,0|0,2]]",8,"X[0,0|2,2]",29,"X[1,0|0,2]",4,"(0,8,3,2)",677,"('A_X1','B_X1','A_X2','B_X2')"
678,"XX[X[0,0|2,2],X[1,0|1,0]]",8,"X[0,0|2,2]",30,"X[1,0|1,0]",4,"(0,8,3,3)",678,"('A_X1','B_X1','A_X2','B_X2')"
679,"XX[X[0,0|2,2],X[1,0|1,1]]",8,"X[0,0|2,2]",31,"X[1,0|1,1]",4,"(0,8,3,4)",679,"('A_X1','B_X1','A_X2','B_X2')"
680,"XX[X[0,0|2,2],X[1,0|1,2]]",8,"X[0,0|2,2]",32,"X[1,0|1,2]",4,"(0,8,3,5)",680,"('A_X1','B_X1','A_X2','B_X2')"
681,"XX[X[0,0|2,2],X[1,0|2,0]]",8,"X[0,0|2,2]",33,"X[1,0|2,0]",4,"(0,8,3,6)",681,"('A_X1','B_X1','A_X2','B_X2')"
682,"XX[X[0,0|2,2],X[1,0|2,1]]",8,"X[0,0|2,2]",34,"X[1,0|2,1]",4,"(0,8,3,7)",682,"('A_X1','B_X1','A_X2','B_X2')"
683,"XX[X[0,0|2,2],X[1,0|2,2]]",8,"X[0,0|2,2]",35,"X[1,0|2,2]",4,"(0,8,3,8)",683,"('A_X1','B_X1','A_X2','B_X2')"
684,"XX[X[0,0|2,2],X[1,1|0,0]]",8,"X[0,0|2,2]",36,"X[1,1|0,0]",4,"(0,8,4,0)",684,"('A_X1','B_X1','A_X2','B_X2')"
685,"XX[X[0,0|2,2],X[1,1|0,1]]",8,"X[0,0|2,2]",37,"X[1,1|0,1]",4,"(0,8,4,1)",685,"('A_X1','B_X1','A_X2','B_X2')"
686,"XX[X[0,0|2,2],X[1,1|0,2]]",8,"X[0,0|2,2]",38,"X[1,1|0,2]",4,"(0,8,4,2)",686,"('A_X1','B_X1','A_X2','B_X2')"
687,"XX[X[0,0|2,2],X[1,1|1,0]]",8,"X[0,0|2,2]",39,"X[1,1|1,0]",4,"(0,8,4,3)",687,"('A_X1','B_X1','A_X2','B_X2')"
688,"XX[X[0,0|2,2],X[1,1|1,1]]",8,"X[0,0|2,2]",40,"X[1,1|1,1]",4,"(0,8,4,4)",688,"('A_X1','B_X1','A_X2','B_X2')"
689,"XX[X[0,0|2,2],X[1,1|1,2]]",8,"X[0,0|2,2]",41,"X[1,1|1,2]",4,"(0,8,4,5)",689,"('A_X1','B_X1','A_X2','B_X2')"
690,"XX[X[0,0|2,2],X[1,1|2,0]]",8,"X[0,0|2,2]",42,"X[1,1|2,0]",4,"(0,8,4,6)",690,"('A_X1','B_X1','A_X2','B_X2')"
691,"XX[X[0,0|2,2],X[1,1|2,1]]",8,"X[0,0|2,2]",43,"X[1,1|2,1]",4,"(0,8,4,7)",691,"('A_X1','B_X1','A_X2','B_X2')"
692,"XX[X[0,0|2,2],X[1,1|2,2]]",8,"X[0,0|2,2]",44,"X[1,1|2,2]",4,"(0,8,4,8)",692,"('A_X1','B_X1','A_X2','B_X2')"
693,"XX[X[0,0|2,2],X[1,2|0,0]]",8,"X[0,0|2,2]",45,"X[1,2|0,0]",4,"(0,8,5,0)",693,"('A_X1','B_X1','A_X2','B_X2')"
694,"XX[X[0,0|2,2],X[1,2|0,1]]",8,"X[0,0|2,2]",46,"X[1,2|0,1]",4,"(0,8,5,1)",694,"('A_X1','B_X1','A_X2','B_X2')"
695,"XX[X[0,0|2,2],X[1,2|0,2]]",8,"X[0,0|2,2]",47,"X[1,2|0,2]",4,"(0,8,5,2)",695,"('A_X1','B_X1','A_X2','B_X2')"
696,"XX[X[0,0|2,2],X[1,2|1,0]]",8,"X[0,0|2,2]",48,"X[1,2|1,0]",4,"(0,8,5,3)",696,"('A_X1','B_X1','A_X2','B_X2')"
697,"XX[X[0,0|2,2],X[1,2|1,1]]",8,"X[0,0|2,2]",49,"X[1,2|1,1]",4,"(0,8,5,4)",697,"('A_X1','B_X1','A_X2','B_X2')"
698,"XX[X[0,0|2,2],X[1,2|1,2]]",8,"X[0,0|2,2]",50,"X[1,2|1,2]",4,"(0,8,5,5)",698,"('A_X1','B_X1','A_X2','B_X2')"
699,"XX[X[0,0|2,2],X[1,2|2,0]]",8,"X[0,0|2,2]",51,"X[1,2|2,0]",4,"(0,8,5,6)",699,"('A_X1','B_X1','A_X2','B_X2')"
700,"XX[X[0,0|2,2],X[1,2|2,1]]",8,"X[0,0|2,2]",52,"X[1,2|2,1]",4,"(0,8,5,7)",700,"('A_X1','B_X1','A_X2','B_X2')"
701,"XX[X[0,0|2,2],X[1,2|2,2]]",8,"X[0,0|2,2]",53,"X[1,2|2,2]",4,"(0,8,5,8)",701,"('A_X1','B_X1','A_X2','B_X2')"
702,"XX[X[0,0|2,2],X[2,0|0,0]]",8,"X[0,0|2,2]",54,"X[2,0|0,0]",4,"(0,8,6,0)",702,"('A_X1','B_X1','A_X2','B_X2')"
703,"XX[X[0,0|2,2],X[2,0|0,1]]",8,"X[0,0|2,2]",55,"X[2,0|0,1]",4,"(0,8,6,1)",703,"('A_X1','B_X1','A_X2','B_X2')"
704,"XX[X[0,0|2,2],X[2,0|0,2]]",8,"X[0,0|2,2]",56,"X[2,0|0,2]",4,"(0,8,6,2)",704,"('A_X1','B_X1','A_X2','B_X2')"
705,"XX[X[0,0|2,2],X[2,0|1,0]]",8,"X[0,0|2,2]",57,"X[2,0|1,0]",4,"(0,8,6,3)",705,"('A_X1','B_X1','A_X2','B_X2')"
706,"XX[X[0,0|2,2],X[2,0|1,1]]",8,"X[0,0|2,2]",58,"X[2,0|1,1]",4,"(0,8,6,4)",706,"('A_X1','B_X1','A_X2','B_X2')"
707,"XX[X[0,0|2,2],X[2,0|1,2]]",8,"X[0,0|2,2]",59,"X[2,0|1,2]",4,"(0,8,6,5)",707,"('A_X1','B_X1','A_X2','B_X2')"
708,"XX[X[0,0|2,2],X[2,0|2,0]]",8,"X[0,0|2,2]",60,"X[2,0|2,0]",4,"(0,8,6,6)",708,"('A_X1','B_X1','A_X2','B_X2')"
709,"XX[X[0,0|2,2],X[2,0|2,1]]",8,"X[0,0|2,2]",61,"X[2,0|2,1]",4,"(0,8,6,7)",709,"('A_X1','B_X1','A_X2','B_X2')"
710,"XX[X[0,0|2,2],X[2,0|2,2]]",8,"X[0,0|2,2]",62,"X[2,0|2,2]",4,"(0,8,6,8)",710,"('A_X1','B_X1','A_X2','B_X2')"
711,"XX[X[0,0|2,2],X[2,1|0,0]]",8,"X[0,0|2,2]",63,"X[2,1|0,0]",4,"(0,8,7,0)",711,"('A_X1','B_X1','A_X2','B_X2')"
712,"XX[X[0,0|2,2],X[2,1|0,1]]",8,"X[0,0|2,2]",64,"X[2,1|0,1]",4,"(0,8,7,1)",712,"('A_X1','B_X1','A_X2','B_X2')"
713,"XX[X[0,0|2,2],X[2,1|0,2]]",8,"X[0,0|2,2]",65,"X[2,1|0,2]",4,"(0,8,7,2)",713,"('A_X1','B_X1','A_X2','B_X2')"
714,"XX[X[0,0|2,2],X[2,1|1,0]]",8,"X[0,0|2,2]",66,"X[2,1|1,0]",4,"(0,8,7,3)",714,"('A_X1','B_X1','A_X2','B_X2')"
715,"XX[X[0,0|2,2],X[2,1|1,1]]",8,"X[0,0|2,2]",67,"X[2,1|1,1]",4,"(0,8,7,4)",715,"('A_X1','B_X1','A_X2','B_X2')"
716,"XX[X[0,0|2,2],X[2,1|1,2]]",8,"X[0,0|2,2]",68,"X[2,1|1,2]",4,"(0,8,7,5)",716,"('A_X1','B_X1','A_X2','B_X2')"
717,"XX[X[0,0|2,2],X[2,1|2,0]]",8,"X[0,0|2,2]",69,"X[2,1|2,0]",4,"(0,8,7,6)",717,"('A_X1','B_X1','A_X2','B_X2')"
718,"XX[X[0,0|2,2],X[2,1|2,1]]",8,"X[0,0|2,2]",70,"X[2,1|2,1]",4,"(0,8,7,7)",718,"('A_X1','B_X1','A_X2','B_X2')"
719,"XX[X[0,0|2,2],X[2,1|2,2]]",8,"X[0,0|2,2]",71,"X[2,1|2,2]",4,"(0,8,7,8)",719,"('A_X1','B_X1','A_X2','B_X2')"
720,"XX[X[0,0|2,2],X[2,2|0,0]]",8,"X[0,0|2,2]",72,"X[2,2|0,0]",4,"(0,8,8,0)",720,"('A_X1','B_X1','A_X2','B_X2')"
721,"XX[X[0,0|2,2],X[2,2|0,1]]",8,"X[0,0|2,2]",73,"X[2,2|0,1]",4,"(0,8,8,1)",721,"('A_X1','B_X1','A_X2','B_X2')"
722,"XX[X[0,0|2,2],X[2,2|0,2]]",8,"X[0,0|2,2]",74,"X[2,2|0,2]",4,"(0,8,8,2)",722,"('A_X1','B_X1','A_X2','B_X2')"
723,"XX[X[0,0|2,2],X[2,2|1,0]]",8,"X[0,0|2,2]",75,"X[2,2|1,0]",4,"(0,8,8,3)",723,"('A_X1','B_X1','A_X2','B_X2')"
724,"XX[X[0,0|2,2],X[2,2|1,1]]",8,"X[0,0|2,2]",76,"X[2,2|1,1]",4,"(0,8,8,4)",724,"('A_X1','B_X1','A_X2','B_X2')"
725,"XX[X[0,0|2,2],X[2,2|1,2]]",8,"X[0,0|2,2]",77,"X[2,2|1,2]",4,"(0,8,8,5)",725,"('A_X1','B_X1','A_X2','B_X2')"
726,"XX[X[0,0|2,2],X[2,2|2,0]]",8,"X[0,0|2,2]",78,"X[2,2|2,0]",4,"(0,8,8,6)",726,"('A_X1','B_X1','A_X2','B_X2')"
727,"XX[X[0,0|2,2],X[2,2|2,1]]",8,"X[0,0|2,2]",79,"X[2,2|2,1]",4,"(0,8,8,7)",727,"('A_X1','B_X1','A_X2','B_X2')"
728,"XX[X[0,0|2,2],X[2,2|2,2]]",8,"X[0,0|2,2]",80,"X[2,2|2,2]",4,"(0,8,8,8)",728,"('A_X1','B_X1','A_X2','B_X2')"
729,"XX[X[0,1|0,0],X[0,0|0,0]]",9,"X[0,1|0,0]",0,"X[0,0|0,0]",4,"(1,0,0,0)",729,"('A_X1','B_X1','A_X2','B_X2')"
730,"XX[X[0,1|0,0],X[0,0|0,1]]",9,"X[0,1|0,0]",1,"X[0,0|0,1]",4,"(1,0,0,1)",730,"('A_X1','B_X1','A_X2','B_X2')"
731,"XX[X[0,1|0,0],X[0,0|0,2]]",9,"X[0,1|0,0]",2,"X[0,0|0,2]",4,"(1,0,0,2)",731,"('A_X1','B_X1','A_X2','B_X2')"
732,"XX[X[0,1|0,0],X[0,0|1,0]]",9,"X[0,1|0,0]",3,"X[0,0|1,0]",4,"(1,0,0,3)",732,"('A_X1','B_X1','A_X2','B_X2')"
733,"XX[X[0,1|0,0],X[0,0|1,1]]",9,"X[0,1|0,0]",4,"X[0,0|1,1]",4,"(1,0,0,4)",733,"('A_X1','B_X1','A_X2','B_X2')"
734,"XX[X[0,1|0,0],X[0,0|1,2]]",9,"X[0,1|0,0]",5,"X[0,0|1,2]",4,"(1,0,0,5)",734,"('A_X1','B_X1','A_X2','B_X2')"
735,"XX[X[0,1|0,0],X[0,0|2,0]]",9,"X[0,1|0,0]",6,"X[0,0|2,0]",4,"(1,0,0,6)",735,"('A_X1','B_X1','A_X2','B_X2')"
736,"XX[X[0,1|0,0],X[0,0|2,1]]",9,"X[0,1|0,0]",7,"X[0,0|2,1]",4,"(1,0,0,7)",736,"('A_X1','B_X1','A_X2','B_X2')"
737,"XX[X[0,1|0,0],X[0,0|2,2]]",9,"X[0,1|0,0]",8,"X[0,0|2,2]",4,"(1,0,0,8)",737,"('A_X1','B_X1','A_X2','B_X2')"
738,"XX[X[0,1|0,0],X[0,1|0,0]]",9,"X[0,1|0,0]",9,"X[0,1|0,0]",4,"(1,0,1,0)",738,"('A_X1','B_X1','A_X2','B_X2')"
739,"XX[X[0,1|0,0],X[0,1|0,1]]",9,"X[0,1|0,0]",10,"X[0,1|0,1]",4,"(1,0,1,1)",739,"('A_X1','B_X1','A_X2','B_X2')"
740,"XX[X[0,1|0,0],X[0,1|0,2]]",9,"X[0,1|0,0]",11,"X[0,1|0,2]",4,"(1,0,1,2)",740,"('A_X1','B_X1','A_X2','B_X2')"
741,"XX[X[0,1|0,0],X[0,1|1,0]]",9,"X[0,1|0,0]",12,"X[0,1|1,0]",4,"(1,0,1,3)",741,"('A_X1','B_X1','A_X2','B_X2')"
742,"XX[X[0,1|0,0],X[0,1|1,1]]",9,"X[0,1|0,0]",13,"X[0,1|1,1]",4,"(1,0,1,4)",742,"('A_X1','B_X1','A_X2','B_X2')"
743,"XX[X[0,1|0,0],X[0,1|1,2]]",9,"X[0,1|0,0]",14,"X[0,1|1,2]",4,"(1,0,1,5)",743,"('A_X1','B_X1','A_X2','B_X2')"
744,"XX[X[0,1|0,0],X[0,1|2,0]]",9,"X[0,1|0,0]",15,"X[0,1|2,0]",4,"(1,0,1,6)",744,"('A_X1','B_X1','A_X2','B_X2')"
745,"XX[X[0,1|0,0],X[0,1|2,1]]",9,"X[0,1|0,0]",16,"X[0,1|2,1]",4,"(1,0,1,7)",745,"('A_X1','B_X1','A_X2','B_X2')"
746,"XX[X[0,1|0,0],X[0,1|2,2]]",9,"X[0,1|0,0]",17,"X[0,1|2,2]",4,"(1,0,1,8)",746,"('A_X1','B_X1','A_X2','B_X2')"
747,"XX[X[0,1|0,0],X[0,2|0,0]]",9,"X[0,1|0,0]",18,"X[0,2|0,0]",4,"(1,0,2,0)",747,"('A_X1','B_X1','A_X2','B_X2')"
748,"XX[X[0,1|0,0],X[0,2|0,1]]",9,"X[0,1|0,0]",19,"X[0,2|0,1]",4,"(1,0,2,1)",748,"('A_X1','B_X1','A_X2','B_X2')"
749,"XX[X[0,1|0,0],X[0,2|0,2]]",9,"X[0,1|0,0]",20,"X[0,2|0,2]",4,"(1,0,2,2)",749,"('A_X1','B_X1','A_X2','B_X2')"
750,"XX[X[0,1|0,0],X[0,2|1,0]]",9,"X[0,1|0,0]",21,"X[0,2|1,0]",4,"(1,0,2,3)",750,"('A_X1','B_X1','A_X2','B_X2')"
751,"XX[X[0,1|0,0],X[0,2|1,1]]",9,"X[0,1|0,0]",22,"X[0,2|1,1]",4,"(1,0,2,4)",751,"('A_X1','B_X1','A_X2','B_X2')"
752,"XX[X[0,1|0,0],X[0,2|1,2]]",9,"X[0,1|0,0]",23,"X[0,2|1,2]",4,"(1,0,2,5)",752,"('A_X1','B_X1','A_X2','B_X2')"
753,"XX[X[0,1|0,0],X[0,2|2,0]]",9,"X[0,1|0,0]",24,"X[0,2|2,0]",4,"(1,0,2,6)",753,"('A_X1','B_X1','A_X2','B_X2')"
754,"XX[X[0,1|0,0],X[0,2|2,1]]",9,"X[0,1|0,0]",25,"X[0,2|2,1]",4,"(1,0,2,7)",754,"('A_X1','B_X1','A_X2','B_X2')"
755,"XX[X[0,1|0,0],X[0,2|2,2]]",9,"X[0,1|0,0]",26,"X[0,2|2,2]",4,"(1,0,2,8)",755,"('A_X1','B_X1','A_X2','B_X2')"
756,"XX[X[0,1|0,0],X[1,0|0,0]]",9,"X[0,1|0,0]",27,"X[1,0|0,0]",4,"(1,0,3,0)",756,"('A_X1','B_X1','A_X2','B_X2')"
757,"XX[X[0,1|0,0],X[1,0|0,1]]",9,"X[0,1|0,0]",28,"X[1,0|0,1]",4,"(1,0,3,1)",757,"('A_X1','B_X1','A_X2','B_X2')"
758,"XX[X[0,1|0,0],X[1,0|0,2]]",9,"X[0,1|0,0]",29,"X[1,0|0,2]",4,"(1,0,3,2)",758,"('A_X1','B_X1','A_X2','B_X2')"
759,"XX[X[0,1|0,0],X[1,0|1,0]]",9,"X[0,1|0,0]",30,"X[1,0|1,0]",4,"(1,0,3,3)",759,"('A_X1','B_X1','A_X2','B_X2')"
760,"XX[X[0,1|0,0],X[1,0|1,1]]",9,"X[0,1|0,0]",31,"X[1,0|1,1]",4,"(1,0,3,4)",760,"('A_X1','B_X1','A_X2','B_X2')"
761,"XX[X[0,1|0,0],X[1,0|1,2]]",9,"X[0,1|0,0]",32,"X[1,0|1,2]",4,"(1,0,3,5)",761,"('A_X1','B_X1','A_X2','B_X2')"
762,"XX[X[0,1|0,0],X[1,0|2,0]]",9,"X[0,1|0,0]",33,"X[1,0|2,0]",4,"(1,0,3,6)",762,"('A_X1','B_X1','A_X2','B_X2')"
763,"XX[X[0,1|0,0],X[1,0|2,1]]",9,"X[0,1|0,0]",34,"X[1,0|2,1]",4,"(1,0,3,7)",763,"('A_X1','B_X1','A_X2','B_X2')"
764,"XX[X[0,1|0,0],X[1,0|2,2]]",9,"X[0,1|0,0]",35,"X[1,0|2,2]",4,"(1,0,3,8)",764,"('A_X1','B_X1','A_X2','B_X2')"
765,"XX[X[0,1|0,0],X[1,1|0,0]]",9,"X[0,1|0,0]",36,"X[1,1|0,0]",4,"(1,0,4,0)",765,"('A_X1','B_X1','A_X2','B_X2')"
766,"XX[X[0,1|0,0],X[1,1|0,1]]",9,"X[0,1|0,0]",37,"X[1,1|0,1]",4,"(1,0,4,1)",766,"('A_X1','B_X1','A_X2','B_X2')"
767,"XX[X[0,1|0,0],X[1,1|0,2]]",9,"X[0,1|0,0]",38,"X[1,1|0,2]",4,"(1,0,4,2)",767,"('A_X1','B_X1','A_X2','B_X2')"
768,"XX[X[0,1|0,0],X[1,1|1,0]]",9,"X[0,1|0,0]",39,"X[1,1|1,0]",4,"(1,0,4,3)",768,"('A_X1','B_X1','A_X2','B_X2')"
769,"XX[X[0,1|0,0],X[1,1|1,1]]",9,"X[0,1|0,0]",40,"X[1,1|1,1]",4,"(1,0,4,4)",769,"('A_X1','B_X1','A_X2','B_X2')"
770,"XX[X[0,1|0,0],X[1,1|1,2]]",9,"X[0,1|0,0]",41,"X[1,1|1,2]",4,"(1,0,4,5)",770,"('A_X1','B_X1','A_X2','B_X2')"
771,"XX[X[0,1|0,0],X[1,1|2,0]]",9,"X[0,1|0,0]",42,"X[1,1|2,0]",4,"(1,0,4,6)",771,"('A_X1','B_X1','A_X2','B_X2')"
772,"XX[X[0,1|0,0],X[1,1|2,1]]",9,"X[0,1|0,0]",43,"X[1,1|2,1]",4,"(1,0,4,7)",772,"('A_X1','B_X1','A_X2','B_X2')"
773,"XX[X[0,1|0,0],X[1,1|2,2]]",9,"X[0,1|0,0]",44,"X[1,1|2,2]",4,"(1,0,4,8)",773,"('A_X1','B_X1','A_X2','B_X2')"
774,"XX[X[0,1|0,0],X[1,2|0,0]]",9,"X[0,1|0,0]",45,"X[1,2|0,0]",4,"(1,0,5,0)",774,"('A_X1','B_X1','A_X2','B_X2')"
775,"XX[X[0,1|0,0],X[1,2|0,1]]",9,"X[0,1|0,0]",46,"X[1,2|0,1]",4,"(1,0,5,1)",775,"('A_X1','B_X1','A_X2','B_X2')"
776,"XX[X[0,1|0,0],X[1,2|0,2]]",9,"X[0,1|0,0]",47,"X[1,2|0,2]",4,"(1,0,5,2)",776,"('A_X1','B_X1','A_X2','B_X2')"
777,"XX[X[0,1|0,0],X[1,2|1,0]]",9,"X[0,1|0,0]",48,"X[1,2|1,0]",4,"(1,0,5,3)",777,"('A_X1','B_X1','A_X2','B_X2')"
778,"XX[X[0,1|0,0],X[1,2|1,1]]",9,"X[0,1|0,0]",49,"X[1,2|1,1]",4,"(1,0,5,4)",778,"('A_X1','B_X1','A_X2','B_X2')"
779,"XX[X[0,1|0,0],X[1,2|1,2]]",9,"X[0,1|0,0]",50,"X[1,2|1,2]",4,"(1,0,5,5)",779,"('A_X1','B_X1','A_X2','B_X2')"
780,"XX[X[0,1|0,0],X[1,2|2,0]]",9,"X[0,1|0,0]",51,"X[1,2|2,0]",4,"(1,0,5,6)",780,"('A_X1','B_X1','A_X2','B_X2')"
781,"XX[X[0,1|0,0],X[1,2|2,1]]",9,"X[0,1|0,0]",52,"X[1,2|2,1]",4,"(1,0,5,7)",781,"('A_X1','B_X1','A_X2','B_X2')"
782,"XX[X[0,1|0,0],X[1,2|2,2]]",9,"X[0,1|0,0]",53,"X[1,2|2,2]",4,"(1,0,5,8)",782,"('A_X1','B_X1','A_X2','B_X2')"
783,"XX[X[0,1|0,0],X[2,0|0,0]]",9,"X[0,1|0,0]",54,"X[2,0|0,0]",4,"(1,0,6,0)",783,"('A_X1','B_X1','A_X2','B_X2')"
784,"XX[X[0,1|0,0],X[2,0|0,1]]",9,"X[0,1|0,0]",55,"X[2,0|0,1]",4,"(1,0,6,1)",784,"('A_X1','B_X1','A_X2','B_X2')"
785,"XX[X[0,1|0,0],X[2,0|0,2]]",9,"X[0,1|0,0]",56,"X[2,0|0,2]",4,"(1,0,6,2)",785,"('A_X1','B_X1','A_X2','B_X2')"
786,"XX[X[0,1|0,0],X[2,0|1,0]]",9,"X[0,1|0,0]",57,"X[2,0|1,0]",4,"(1,0,6,3)",786,"('A_X1','B_X1','A_X2','B_X2')"
787,"XX[X[0,1|0,0],X[2,0|1,1]]",9,"X[0,1|0,0]",58,"X[2,0|1,1]",4,"(1,0,6,4)",787,"('A_X1','B_X1','A_X2','B_X2')"
788,"XX[X[0,1|0,0],X[2,0|1,2]]",9,"X[0,1|0,0]",59,"X[2,0|1,2]",4,"(1,0,6,5)",788,"('A_X1','B_X1','A_X2','B_X2')"
789,"XX[X[0,1|0,0],X[2,0|2,0]]",9,"X[0,1|0,0]",60,"X[2,0|2,0]",4,"(1,0,6,6)",789,"('A_X1','B_X1','A_X2','B_X2')"
790,"XX[X[0,1|0,0],X[2,0|2,1]]",9,"X[0,1|0,0]",61,"X[2,0|2,1]",4,"(1,0,6,7)",790,"('A_X1','B_X1','A_X2','B_X2')"
791,"XX[X[0,1|0,0],X[2,0|2,2]]",9,"X[0,1|0,0]",62,"X[2,0|2,2]",4,"(1,0,6,8)",791,"('A_X1','B_X1','A_X2','B_X2')"
792,"XX[X[0,1|0,0],X[2,1|0,0]]",9,"X[0,1|0,0]",63,"X[2,1|0,0]",4,"(1,0,7,0)",792,"('A_X1','B_X1','A_X2','B_X2')"
793,"XX[X[0,1|0,0],X[2,1|0,1]]",9,"X[0,1|0,0]",64,"X[2,1|0,1]",4,"(1,0,7,1)",793,"('A_X1','B_X1','A_X2','B_X2')"
794,"XX[X[0,1|0,0],X[2,1|0,2]]",9,"X[0,1|0,0]",65,"X[2,1|0,2]",4,"(1,0,7,2)",794,"('A_X1','B_X1','A_X2','B_X2')"
795,"XX[X[0,1|0,0],X[2,1|1,0]]",9,"X[0,1|0,0]",66,"X[2,1|1,0]",4,"(1,0,7,3)",795,"('A_X1','B_X1','A_X2','B_X2')"
796,"XX[X[0,1|0,0],X[2,1|1,1]]",9,"X[0,1|0,0]",67,"X[2,1|1,1]",4,"(1,0,7,4)",796,"('A_X1','B_X1','A_X2','B_X2')"
797,"XX[X[0,1|0,0],X[2,1|1,2]]",9,"X[0,1|0,0]",68,"X[2,1|1,2]",4,"(1,0,7,5)",797,"('A_X1','B_X1','A_X2','B_X2')"
798,"XX[X[0,1|0,0],X[2,1|2,0]]",9,"X[0,1|0,0]",69,"X[2,1|2,0]",4,"(1,0,7,6)",798,"('A_X1','B_X1','A_X2','B_X2')"
799,"XX[X[0,1|0,0],X[2,1|2,1]]",9,"X[0,1|0,0]",70,"X[2,1|2,1]",4,"(1,0,7,7)",799,"('A_X1','B_X1','A_X2','B_X2')"
800,"XX[X[0,1|0,0],X[2,1|2,2]]",9,"X[0,1|0,0]",71,"X[2,1|2,2]",4,"(1,0,7,8)",800,"('A_X1','B_X1','A_X2','B_X2')"
801,"XX[X[0,1|0,0],X[2,2|0,0]]",9,"X[0,1|0,0]",72,"X[2,2|0,0]",4,"(1,0,8,0)",801,"('A_X1','B_X1','A_X2','B_X2')"
802,"XX[X[0,1|0,0],X[2,2|0,1]]",9,"X[0,1|0,0]",73,"X[2,2|0,1]",4,"(1,0,8,1)",802,"('A_X1','B_X1','A_X2','B_X2')"
803,"XX[X[0,1|0,0],X[2,2|0,2]]",9,"X[0,1|0,0]",74,"X[2,2|0,2]",4,"(1,0,8,2)",803,"('A_X1','B_X1','A_X2','B_X2')"
804,"XX[X[0,1|0,0],X[2,2|1,0]]",9,"X[0,1|0,0]",75,"X[2,2|1,0]",4,"(1,0,8,3)",804,"('A_X1','B_X1','A_X2','B_X2')"
805,"XX[X[0,1|0,0],X[2,2|1,1]]",9,"X[0,1|0,0]",76,"X[2,2|1,1]",4,"(1,0,8,4)",805,"('A_X1','B_X1','A_X2','B_X2')"
806,"XX[X[0,1|0,0],X[2,2|1,2]]",9,"X[0,1|0,0]",77,"X[2,2|1,2]",4,"(1,0,8,5)",806,"('A_X1','B_X1','A_X2','B_X2')"
807,"XX[X[0,1|0,0],X[2,2|2,0]]",9,"X[0,1|0,0]",78,"X[2,2|2,0]",4,"(1,0,8,6)",807,"('A_X1','B_X1','A_X2','B_X2')"
808,"XX[X[0,1|0,0],X[2,2|2,1]]",9,"X[0,1|0,0]",79,"X[2,2|2,1]",4,"(1,0,8,7)",808,"('A_X1','B_X1','A_X2','B_X2')"
809,"XX[X[0,1|0,0],X[2,2|2,2]]",9,"X[0,1|0,0]",80,"X[2,2|2,2]",4,"(1,0,8,8)",809,"('A_X1','B_X1','A_X2','B_X2')"
810,"XX[X[0,1|0,1],X[0,0|0,0]]",10,"X[0,1|0,1]",0,"X[0,0|0,0]",4,"(1,1,0,0)",810,"('A_X1','B_X1','A_X2','B_X2')"
811,"XX[X[0,1|0,1],X[0,0|0,1]]",10,"X[0,1|0,1]",1,"X[0,0|0,1]",4,"(1,1,0,1)",811,"('A_X1','B_X1','A_X2','B_X2')"
812,"XX[X[0,1|0,1],X[0,0|0,2]]",10,"X[0,1|0,1]",2,"X[0,0|0,2]",4,"(1,1,0,2)",812,"('A_X1','B_X1','A_X2','B_X2')"
813,"XX[X[0,1|0,1],X[0,0|1,0]]",10,"X[0,1|0,1]",3,"X[0,0|1,0]",4,"(1,1,0,3)",813,"('A_X1','B_X1','A_X2','B_X2')"
814,"XX[X[0,1|0,1],X[0,0|1,1]]",10,"X[0,1|0,1]",4,"X[0,0|1,1]",4,"(1,1,0,4)",814,"('A_X1','B_X1','A_X2','B_X2')"
815,"XX[X[0,1|0,1],X[0,0|1,2]]",10,"X[0,1|0,1]",5,"X[0,0|1,2]",4,"(1,1,0,5)",815,"('A_X1','B_X1','A_X2','B_X2')"
816,"XX[X[0,1|0,1],X[0,0|2,0]]",10,"X[0,1|0,1]",6,"X[0,0|2,0]",4,"(1,1,0,6)",816,"('A_X1','B_X1','A_X2','B_X2')"
817,"XX[X[0,1|0,1],X[0,0|2,1]]",10,"X[0,1|0,1]",7,"X[0,0|2,1]",4,"(1,1,0,7)",817,"('A_X1','B_X1','A_X2','B_X2')"
818,"XX[X[0,1|0,1],X[0,0|2,2]]",10,"X[0,1|0,1]",8,"X[0,0|2,2]",4,"(1,1,0,8)",818,"('A_X1','B_X1','A_X2','B_X2')"
819,"XX[X[0,1|0,1],X[0,1|0,0]]",10,"X[0,1|0,1]",9,"X[0,1|0,0]",4,"(1,1,1,0)",819,"('A_X1','B_X1','A_X2','B_X2')"
820,"XX[X[0,1|0,1],X[0,1|0,1]]",10,"X[0,1|0,1]",10,"X[0,1|0,1]",4,"(1,1,1,1)",820,"('A_X1','B_X1','A_X2','B_X2')"
821,"XX[X[0,1|0,1],X[0,1|0,2]]",10,"X[0,1|0,1]",11,"X[0,1|0,2]",4,"(1,1,1,2)",821,"('A_X1','B_X1','A_X2','B_X2')"
822,"XX[X[0,1|0,1],X[0,1|1,0]]",10,"X[0,1|0,1]",12,"X[0,1|1,0]",4,"(1,1,1,3)",822,"('A_X1','B_X1','A_X2','B_X2')"
823,"XX[X[0,1|0,1],X[0,1|1,1]]",10,"X[0,1|0,1]",13,"X[0,1|1,1]",4,"(1,1,1,4)",823,"('A_X1','B_X1','A_X2','B_X2')"
824,"XX[X[0,1|0,1],X[0,1|1,2]]",10,"X[0,1|0,1]",14,"X[0,1|1,2]",4,"(1,1,1,5)",824,"('A_X1','B_X1','A_X2','B_X2')"
825,"XX[X[0,1|0,1],X[0,1|2,0]]",10,"X[0,1|0,1]",15,"X[0,1|2,0]",4,"(1,1,1,6)",825,"('A_X1','B_X1','A_X2','B_X2')"
826,"XX[X[0,1|0,1],X[0,1|2,1]]",10,"X[0,1|0,1]",16,"X[0,1|2,1]",4,"(1,1,1,7)",826,"('A_X1','B_X1','A_X2','B_X2')"
827,"XX[X[0,1|0,1],X[0,1|2,2]]",10,"X[0,1|0,1]",17,"X[0,1|2,2]",4,"(1,1,1,8)",827,"('A_X1','B_X1','A_X2','B_X2')"
828,"XX[X[0,1|0,1],X[0,2|0,0]]",10,"X[0,1|0,1]",18,"X[0,2|0,0]",4,"(1,1,2,0)",828,"('A_X1','B_X1','A_X2','B_X2')"
829,"XX[X[0,1|0,1],X[0,2|0,1]]",10,"X[0,1|0,1]",19,"X[0,2|0,1]",4,"(1,1,2,1)",829,"('A_X1','B_X1','A_X2','B_X2')"
830,"XX[X[0,1|0,1],X[0,2|0,2]]",10,"X[0,1|0,1]",20,"X[0,2|0,2]",4,"(1,1,2,2)",830,"('A_X1','B_X1','A_X2','B_X2')"
831,"XX[X[0,1|0,1],X[0,2|1,0]]",10,"X[0,1|0,1]",21,"X[0,2|1,0]",4,"(1,1,2,3)",831,"('A_X1','B_X1','A_X2','B_X2')"
832,"XX[X[0,1|0,1],X[0,2|1,1]]",10,"X[0,1|0,1]",22,"X[0,2|1,1]",4,"(1,1,2,4)",832,"('A_X1','B_X1','A_X2','B_X2')"
833,"XX[X[0,1|0,1],X[0,2|1,2]]",10,"X[0,1|0,1]",23,"X[0,2|1,2]",4,"(1,1,2,5)",833,"('A_X1','B_X1','A_X2','B_X2')"
834,"XX[X[0,1|0,1],X[0,2|2,0]]",10,"X[0,1|0,1]",24,"X[0,2|2,0]",4,"(1,1,2,6)",834,"('A_X1','B_X1','A_X2','B_X2')"
835,"XX[X[0,1|0,1],X[0,2|2,1]]",10,"X[0,1|0,1]",25,"X[0,2|2,1]",4,"(1,1,2,7)",835,"('A_X1','B_X1','A_X2','B_X2')"
836,"XX[X[0,1|0,1],X[0,2|2,2]]",10,"X[0,1|0,1]",26,"X[0,2|2,2]",4,"(1,1,2,8)",836,"('A_X1','B_X1','A_X2','B_X2')"
837,"XX[X[0,1|0,1],X[1,0|0,0]]",10,"X[0,1|0,1]",27,"X[1,0|0,0]",4,"(1,1,3,0)",837,"('A_X1','B_X1','A_X2','B_X2')"
838,"XX[X[0,1|0,1],X[1,0|0,1]]",10,"X[0,1|0,1]",28,"X[1,0|0,1]",4,"(1,1,3,1)",838,"('A_X1','B_X1','A_X2','B_X2')"
839,"XX[X[0,1|0,1],X[1,0|0,2]]",10,"X[0,1|0,1]",29,"X[1,0|0,2]",4,"(1,1,3,2)",839,"('A_X1','B_X1','A_X2','B_X2')"
840,"XX[X[0,1|0,1],X[1,0|1,0]]",10,"X[0,1|0,1]",30,"X[1,0|1,0]",4,"(1,1,3,3)",840,"('A_X1','B_X1','A_X2','B_X2')"
841,"XX[X[0,1|0,1],X[1,0|1,1]]",10,"X[0,1|0,1]",31,"X[1,0|1,1]",4,"(1,1,3,4)",841,"('A_X1','B_X1','A_X2','B_X2')"
842,"XX[X[0,1|0,1],X[1,0|1,2]]",10,"X[0,1|0,1]",32,"X[1,0|1,2]",4,"(1,1,3,5)",842,"('A_X1','B_X1','A_X2','B_X2')"
843,"XX[X[0,1|0,1],X[1,0|2,0]]",10,"X[0,1|0,1]",33,"X[1,0|2,0]",4,"(1,1,3,6)",843,"('A_X1','B_X1','A_X2','B_X2')"
844,"XX[X[0,1|0,1],X[1,0|2,1]]",10,"X[0,1|0,1]",34,"X[1,0|2,1]",4,"(1,1,3,7)",844,"('A_X1','B_X1','A_X2','B_X2')"
845,"XX[X[0,1|0,1],X[1,0|2,2]]",10,"X[0,1|0,1]",35,"X[1,0|2,2]",4,"(1,1,3,8)",845,"('A_X1','B_X1','A_X2','B_X2')"
846,"XX[X[0,1|0,1],X[1,1|0,0]]",10,"X[0,1|0,1]",36,"X[1,1|0,0]",4,"(1,1,4,0)",846,"('A_X1','B_X1','A_X2','B_X2')"
847,"XX[X[0,1|0,1],X[1,1|0,1]]",10,"X[0,1|0,1]",37,"X[1,1|0,1]",4,"(1,1,4,1)",847,"('A_X1','B_X1','A_X2','B_X2')"
848,"XX[X[0,1|0,1],X[1,1|0,2]]",10,"X[0,1|0,1]",38,"X[1,1|0,2]",4,"(1,1,4,2)",848,"('A_X1','B_X1','A_X2','B_X2')"
849,"XX[X[0,1|0,1],X[1,1|1,0]]",10,"X[0,1|0,1]",39,"X[1,1|1,0]",4,"(1,1,4,3)",849,"('A_X1','B_X1','A_X2','B_X2')"
850,"XX[X[0,1|0,1],X[1,1|1,1]]",10,"X[0,1|0,1]",40,"X[1,1|1,1]",4,"(1,1,4,4)",850,"('A_X1','B_X1','A_X2','B_X2')"
851,"XX[X[0,1|0,1],X[1,1|1,2]]",10,"X[0,1|0,1]",41,"X[1,1|1,2]",4,"(1,1,4,5)",851,"('A_X1','B_X1','A_X2','B_X2')"
852,"XX[X[0,1|0,1],X[1,1|2,0]]",10,"X[0,1|0,1]",42,"X[1,1|2,0]",4,"(1,1,4,6)",852,"('A_X1','B_X1','A_X2','B_X2')"
853,"XX[X[0,1|0,1],X[1,1|2,1]]",10,"X[0,1|0,1]",43,"X[1,1|2,1]",4,"(1,1,4,7)",853,"('A_X1','B_X1','A_X2','B_X2')"
854,"XX[X[0,1|0,1],X[1,1|2,2]]",10,"X[0,1|0,1]",44,"X[1,1|2,2]",4,"(1,1,4,8)",854,"('A_X1','B_X1','A_X2','B_X2')"
855,"XX[X[0,1|0,1],X[1,2|0,0]]",10,"X[0,1|0,1]",45,"X[1,2|0,0]",4,"(1,1,5,0)",855,"('A_X1','B_X1','A_X2','B_X2')"
856,"XX[X[0,1|0,1],X[1,2|0,1]]",10,"X[0,1|0,1]",46,"X[1,2|0,1]",4,"(1,1,5,1)",856,"('A_X1','B_X1','A_X2','B_X2')"
857,"XX[X[0,1|0,1],X[1,2|0,2]]",10,"X[0,1|0,1]",47,"X[1,2|0,2]",4,"(1,1,5,2)",857,"('A_X1','B_X1','A_X2','B_X2')"
858,"XX[X[0,1|0,1],X[1,2|1,0]]",10,"X[0,1|0,1]",48,"X[1,2|1,0]",4,"(1,1,5,3)",858,"('A_X1','B_X1','A_X2','B_X2')"
859,"XX[X[0,1|0,1],X[1,2|1,1]]",10,"X[0,1|0,1]",49,"X[1,2|1,1]",4,"(1,1,5,4)",859,"('A_X1','B_X1','A_X2','B_X2')"
860,"XX[X[0,1|0,1],X[1,2|1,2]]",10,"X[0,1|0,1]",50,"X[1,2|1,2]",4,"(1,1,5,5)",860,"('A_X1','B_X1','A_X2','B_X2')"
861,"XX[X[0,1|0,1],X[1,2|2,0]]",10,"X[0,1|0,1]",51,"X[1,2|2,0]",4,"(1,1,5,6)",861,"('A_X1','B_X1','A_X2','B_X2')"
862,"XX[X[0,1|0,1],X[1,2|2,1]]",10,"X[0,1|0,1]",52,"X[1,2|2,1]",4,"(1,1,5,7)",862,"('A_X1','B_X1','A_X2','B_X2')"
863,"XX[X[0,1|0,1],X[1,2|2,2]]",10,"X[0,1|0,1]",53,"X[1,2|2,2]",4,"(1,1,5,8)",863,"('A_X1','B_X1','A_X2','B_X2')"
864,"XX[X[0,1|0,1],X[2,0|0,0]]",10,"X[0,1|0,1]",54,"X[2,0|0,0]",4,"(1,1,6,0)",864,"('A_X1','B_X1','A_X2','B_X2')"
865,"XX[X[0,1|0,1],X[2,0|0,1]]",10,"X[0,1|0,1]",55,"X[2,0|0,1]",4,"(1,1,6,1)",865,"('A_X1','B_X1','A_X2','B_X2')"
866,"XX[X[0,1|0,1],X[2,0|0,2]]",10,"X[0,1|0,1]",56,"X[2,0|0,2]",4,"(1,1,6,2)",866,"('A_X1','B_X1','A_X2','B_X2')"
867,"XX[X[0,1|0,1],X[2,0|1,0]]",10,"X[0,1|0,1]",57,"X[2,0|1,0]",4,"(1,1,6,3)",867,"('A_X1','B_X1','A_X2','B_X2')"
868,"XX[X[0,1|0,1],X[2,0|1,1]]",10,"X[0,1|0,1]",58,"X[2,0|1,1]",4,"(1,1,6,4)",868,"('A_X1','B_X1','A_X2','B_X2')"
869,"XX[X[0,1|0,1],X[2,0|1,2]]",10,"X[0,1|0,1]",59,"X[2,0|1,2]",4,"(1,1,6,5)",869,"('A_X1','B_X1','A_X2','B_X2')"
870,"XX[X[0,1|0,1],X[2,0|2,0]]",10,"X[0,1|0,1]",60,"X[2,0|2,0]",4,"(1,1,6,6)",870,"('A_X1','B_X1','A_X2','B_X2')"
871,"XX[X[0,1|0,1],X[2,0|2,1]]",10,"X[0,1|0,1]",61,"X[2,0|2,1]",4,"(1,1,6,7)",871,"('A_X1','B_X1','A_X2','B_X2')"
872,"XX[X[0,1|0,1],X[2,0|2,2]]",10,"X[0,1|0,1]",62,"X[2,0|2,2]",4,"(1,1,6,8)",872,"('A_X1','B_X1','A_X2','B_X2')"
873,"XX[X[0,1|0,1],X[2,1|0,0]]",10,"X[0,1|0,1]",63,"X[2,1|0,0]",4,"(1,1,7,0)",873,"('A_X1','B_X1','A_X2','B_X2')"
874,"XX[X[0,1|0,1],X[2,1|0,1]]",10,"X[0,1|0,1]",64,"X[2,1|0,1]",4,"(1,1,7,1)",874,"('A_X1','B_X1','A_X2','B_X2')"
875,"XX[X[0,1|0,1],X[2,1|0,2]]",10,"X[0,1|0,1]",65,"X[2,1|0,2]",4,"(1,1,7,2)",875,"('A_X1','B_X1','A_X2','B_X2')"
876,"XX[X[0,1|0,1],X[2,1|1,0]]",10,"X[0,1|0,1]",66,"X[2,1|1,0]",4,"(1,1,7,3)",876,"('A_X1','B_X1','A_X2','B_X2')"
877,"XX[X[0,1|0,1],X[2,1|1,1]]",10,"X[0,1|0,1]",67,"X[2,1|1,1]",4,"(1,1,7,4)",877,"('A_X1','B_X1','A_X2','B_X2')"
878,"XX[X[0,1|0,1],X[2,1|1,2]]",10,"X[0,1|0,1]",68,"X[2,1|1,2]",4,"(1,1,7,5)",878,"('A_X1','B_X1','A_X2','B_X2')"
879,"XX[X[0,1|0,1],X[2,1|2,0]]",10,"X[0,1|0,1]",69,"X[2,1|2,0]",4,"(1,1,7,6)",879,"('A_X1','B_X1','A_X2','B_X2')"
880,"XX[X[0,1|0,1],X[2,1|2,1]]",10,"X[0,1|0,1]",70,"X[2,1|2,1]",4,"(1,1,7,7)",880,"('A_X1','B_X1','A_X2','B_X2')"
881,"XX[X[0,1|0,1],X[2,1|2,2]]",10,"X[0,1|0,1]",71,"X[2,1|2,2]",4,"(1,1,7,8)",881,"('A_X1','B_X1','A_X2','B_X2')"
882,"XX[X[0,1|0,1],X[2,2|0,0]]",10,"X[0,1|0,1]",72,"X[2,2|0,0]",4,"(1,1,8,0)",882,"('A_X1','B_X1','A_X2','B_X2')"
883,"XX[X[0,1|0,1],X[2,2|0,1]]",10,"X[0,1|0,1]",73,"X[2,2|0,1]",4,"(1,1,8,1)",883,"('A_X1','B_X1','A_X2','B_X2')"
884,"XX[X[0,1|0,1],X[2,2|0,2]]",10,"X[0,1|0,1]",74,"X[2,2|0,2]",4,"(1,1,8,2)",884,"('A_X1','B_X1','A_X2','B_X2')"
885,"XX[X[0,1|0,1],X[2,2|1,0]]",10,"X[0,1|0,1]",75,"X[2,2|1,0]",4,"(1,1,8,3)",885,"('A_X1','B_X1','A_X2','B_X2')"
886,"XX[X[0,1|0,1],X[2,2|1,1]]",10,"X[0,1|0,1]",76,"X[2,2|1,1]",4,"(1,1,8,4)",886,"('A_X1','B_X1','A_X2','B_X2')"
887,"XX[X[0,1|0,1],X[2,2|1,2]]",10,"X[0,1|0,1]",77,"X[2,2|1,2]",4,"(1,1,8,5)",887,"('A_X1','B_X1','A_X2','B_X2')"
888,"XX[X[0,1|0,1],X[2,2|2,0]]",10,"X[0,1|0,1]",78,"X[2,2|2,0]",4,"(1,1,8,6)",888,"('A_X1','B_X1','A_X2','B_X2')"
889,"XX[X[0,1|0,1],X[2,2|2,1]]",10,"X[0,1|0,1]",79,"X[2,2|2,1]",4,"(1,1,8,7)",889,"('A_X1','B_X1','A_X2','B_X2')"
890,"XX[X[0,1|0,1],X[2,2|2,2]]",10,"X[0,1|0,1]",80,"X[2,2|2,2]",4,"(1,1,8,8)",890,"('A_X1','B_X1','A_X2','B_X2')"
891,"XX[X[0,1|0,2],X[0,0|0,0]]",11,"X[0,1|0,2]",0,"X[0,0|0,0]",4,"(1,2,0,0)",891,"('A_X1','B_X1','A_X2','B_X2')"
892,"XX[X[0,1|0,2],X[0,0|0,1]]",11,"X[0,1|0,2]",1,"X[0,0|0,1]",4,"(1,2,0,1)",892,"('A_X1','B_X1','A_X2','B_X2')"
893,"XX[X[0,1|0,2],X[0,0|0,2]]",11,"X[0,1|0,2]",2,"X[0,0|0,2]",4,"(1,2,0,2)",893,"('A_X1','B_X1','A_X2','B_X2')"
894,"XX[X[0,1|0,2],X[0,0|1,0]]",11,"X[0,1|0,2]",3,"X[0,0|1,0]",4,"(1,2,0,3)",894,"('A_X1','B_X1','A_X2','B_X2')"
895,"XX[X[0,1|0,2],X[0,0|1,1]]",11,"X[0,1|0,2]",4,"X[0,0|1,1]",4,"(1,2,0,4)",895,"('A_X1','B_X1','A_X2','B_X2')"
896,"XX[X[0,1|0,2],X[0,0|1,2]]",11,"X[0,1|0,2]",5,"X[0,0|1,2]",4,"(1,2,0,5)",896,"('A_X1','B_X1','A_X2','B_X2')"
897,"XX[X[0,1|0,2],X[0,0|2,0]]",11,"X[0,1|0,2]",6,"X[0,0|2,0]",4,"(1,2,0,6)",897,"('A_X1','B_X1','A_X2','B_X2')"
898,"XX[X[0,1|0,2],X[0,0|2,1]]",11,"X[0,1|0,2]",7,"X[0,0|2,1]",4,"(1,2,0,7)",898,"('A_X1','B_X1','A_X2','B_X2')"
899,"XX[X[0,1|0,2],X[0,0|2,2]]",11,"X[0,1|0,2]",8,"X[0,0|2,2]",4,"(1,2,0,8)",899,"('A_X1','B_X1','A_X2','B_X2')"
900,"XX[X[0,1|0,2],X[0,1|0,0]]",11,"X[0,1|0,2]",9,"X[0,1|0,0]",4,"(1,2,1,0)",900,"('A_X1','B_X1','A_X2','B_X2')"
901,"XX[X[0,1|0,2],X[0,1|0,1]]",11,"X[0,1|0,2]",10,"X[0,1|0,1]",4,"(1,2,1,1)",901,"('A_X1','B_X1','A_X2','B_X2')"
902,"XX[X[0,1|0,2],X[0,1|0,2]]",11,"X[0,1|0,2]",11,"X[0,1|0,2]",4,"(1,2,1,2)",902,"('A_X1','B_X1','A_X2','B_X2')"
903,"XX[X[0,1|0,2],X[0,1|1,0]]",11,"X[0,1|0,2]",12,"X[0,1|1,0]",4,"(1,2,1,3)",903,"('A_X1','B_X1','A_X2','B_X2')"
904,"XX[X[0,1|0,2],X[0,1|1,1]]",11,"X[0,1|0,2]",13,"X[0,1|1,1]",4,"(1,2,1,4)",904,"('A_X1','B_X1','A_X2','B_X2')"
905,"XX[X[0,1|0,2],X[0,1|1,2]]",11,"X[0,1|0,2]",14,"X[0,1|1,2]",4,"(1,2,1,5)",905,"('A_X1','B_X1','A_X2','B_X2')"
906,"XX[X[0,1|0,2],X[0,1|2,0]]",11,"X[0,1|0,2]",15,"X[0,1|2,0]",4,"(1,2,1,6)",906,"('A_X1','B_X1','A_X2','B_X2')"
907,"XX[X[0,1|0,2],X[0,1|2,1]]",11,"X[0,1|0,2]",16,"X[0,1|2,1]",4,"(1,2,1,7)",907,"('A_X1','B_X1','A_X2','B_X2')"
908,"XX[X[0,1|0,2],X[0,1|2,2]]",11,"X[0,1|0,2]",17,"X[0,1|2,2]",4,"(1,2,1,8)",908,"('A_X1','B_X1','A_X2','B_X2')"
909,"XX[X[0,1|0,2],X[0,2|0,0]]",11,"X[0,1|0,2]",18,"X[0,2|0,0]",4,"(1,2,2,0)",909,"('A_X1','B_X1','A_X2','B_X2')"
910,"XX[X[0,1|0,2],X[0,2|0,1]]",11,"X[0,1|0,2]",19,"X[0,2|0,1]",4,"(1,2,2,1)",910,"('A_X1','B_X1','A_X2','B_X2')"
911,"XX[X[0,1|0,2],X[0,2|0,2]]",11,"X[0,1|0,2]",20,"X[0,2|0,2]",4,"(1,2,2,2)",911,"('A_X1','B_X1','A_X2','B_X2')"
912,"XX[X[0,1|0,2],X[0,2|1,0]]",11,"X[0,1|0,2]",21,"X[0,2|1,0]",4,"(1,2,2,3)",912,"('A_X1','B_X1','A_X2','B_X2')"
913,"XX[X[0,1|0,2],X[0,2|1,1]]",11,"X[0,1|0,2]",22,"X[0,2|1,1]",4,"(1,2,2,4)",913,"('A_X1','B_X1','A_X2','B_X2')"
914,"XX[X[0,1|0,2],X[0,2|1,2]]",11,"X[0,1|0,2]",23,"X[0,2|1,2]",4,"(1,2,2,5)",914,"('A_X1','B_X1','A_X2','B_X2')"
915,"XX[X[0,1|0,2],X[0,2|2,0]]",11,"X[0,1|0,2]",24,"X[0,2|2,0]",4,"(1,2,2,6)",915,"('A_X1','B_X1','A_X2','B_X2')"
916,"XX[X[0,1|0,2],X[0,2|2,1]]",11,"X[0,1|0,2]",25,"X[0,2|2,1]",4,"(1,2,2,7)",916,"('A_X1','B_X1','A_X2','B_X2')"
917,"XX[X[0,1|0,2],X[0,2|2,2]]",11,"X[0,1|0,2]",26,"X[0,2|2,2]",4,"(1,2,2,8)",917,"('A_X1','B_X1','A_X2','B_X2')"
918,"XX[X[0,1|0,2],X[1,0|0,0]]",11,"X[0,1|0,2]",27,"X[1,0|0,0]",4,"(1,2,3,0)",918,"('A_X1','B_X1','A_X2','B_X2')"
919,"XX[X[0,1|0,2],X[1,0|0,1]]",11,"X[0,1|0,2]",28,"X[1,0|0,1]",4,"(1,2,3,1)",919,"('A_X1','B_X1','A_X2','B_X2')"
920,"XX[X[0,1|0,2],X[1,0|0,2]]",11,"X[0,1|0,2]",29,"X[1,0|0,2]",4,"(1,2,3,2)",920,"('A_X1','B_X1','A_X2','B_X2')"
921,"XX[X[0,1|0,2],X[1,0|1,0]]",11,"X[0,1|0,2]",30,"X[1,0|1,0]",4,"(1,2,3,3)",921,"('A_X1','B_X1','A_X2','B_X2')"
922,"XX[X[0,1|0,2],X[1,0|1,1]]",11,"X[0,1|0,2]",31,"X[1,0|1,1]",4,"(1,2,3,4)",922,"('A_X1','B_X1','A_X2','B_X2')"
923,"XX[X[0,1|0,2],X[1,0|1,2]]",11,"X[0,1|0,2]",32,"X[1,0|1,2]",4,"(1,2,3,5)",923,"('A_X1','B_X1','A_X2','B_X2')"
924,"XX[X[0,1|0,2],X[1,0|2,0]]",11,"X[0,1|0,2]",33,"X[1,0|2,0]",4,"(1,2,3,6)",924,"('A_X1','B_X1','A_X2','B_X2')"
925,"XX[X[0,1|0,2],X[1,0|2,1]]",11,"X[0,1|0,2]",34,"X[1,0|2,1]",4,"(1,2,3,7)",925,"('A_X1','B_X1','A_X2','B_X2')"
926,"XX[X[0,1|0,2],X[1,0|2,2]]",11,"X[0,1|0,2]",35,"X[1,0|2,2]",4,"(1,2,3,8)",926,"('A_X1','B_X1','A_X2','B_X2')"
927,"XX[X[0,1|0,2],X[1,1|0,0]]",11,"X[0,1|0,2]",36,"X[1,1|0,0]",4,"(1,2,4,0)",927,"('A_X1','B_X1','A_X2','B_X2')"
928,"XX[X[0,1|0,2],X[1,1|0,1]]",11,"X[0,1|0,2]",37,"X[1,1|0,1]",4,"(1,2,4,1)",928,"('A_X1','B_X1','A_X2','B_X2')"
929,"XX[X[0,1|0,2],X[1,1|0,2]]",11,"X[0,1|0,2]",38,"X[1,1|0,2]",4,"(1,2,4,2)",929,"('A_X1','B_X1','A_X2','B_X2')"
930,"XX[X[0,1|0,2],X[1,1|1,0]]",11,"X[0,1|0,2]",39,"X[1,1|1,0]",4,"(1,2,4,3)",930,"('A_X1','B_X1','A_X2','B_X2')"
931,"XX[X[0,1|0,2],X[1,1|1,1]]",11,"X[0,1|0,2]",40,"X[1,1|1,1]",4,"(1,2,4,4)",931,"('A_X1','B_X1','A_X2','B_X2')"
932,"XX[X[0,1|0,2],X[1,1|1,2]]",11,"X[0,1|0,2]",41,"X[1,1|1,2]",4,"(1,2,4,5)",932,"('A_X1','B_X1','A_X2','B_X2')"
933,"XX[X[0,1|0,2],X[1,1|2,0]]",11,"X[0,1|0,2]",42,"X[1,1|2,0]",4,"(1,2,4,6)",933,"('A_X1','B_X1','A_X2','B_X2')"
934,"XX[X[0,1|0,2],X[1,1|2,1]]",11,"X[0,1|0,2]",43,"X[1,1|2,1]",4,"(1,2,4,7)",934,"('A_X1','B_X1','A_X2','B_X2')"
935,"XX[X[0,1|0,2],X[1,1|2,2]]",11,"X[0,1|0,2]",44,"X[1,1|2,2]",4,"(1,2,4,8)",935,"('A_X1','B_X1','A_X2','B_X2')"
936,"XX[X[0,1|0,2],X[1,2|0,0]]",11,"X[0,1|0,2]",45,"X[1,2|0,0]",4,"(1,2,5,0)",936,"('A_X1','B_X1','A_X2','B_X2')"
937,"XX[X[0,1|0,2],X[1,2|0,1]]",11,"X[0,1|0,2]",46,"X[1,2|0,1]",4,"(1,2,5,1)",937,"('A_X1','B_X1','A_X2','B_X2')"
938,"XX[X[0,1|0,2],X[1,2|0,2]]",11,"X[0,1|0,2]",47,"X[1,2|0,2]",4,"(1,2,5,2)",938,"('A_X1','B_X1','A_X2','B_X2')"
939,"XX[X[0,1|0,2],X[1,2|1,0]]",11,"X[0,1|0,2]",48,"X[1,2|1,0]",4,"(1,2,5,3)",939,"('A_X1','B_X1','A_X2','B_X2')"
940,"XX[X[0,1|0,2],X[1,2|1,1]]",11,"X[0,1|0,2]",49,"X[1,2|1,1]",4,"(1,2,5,4)",940,"('A_X1','B_X1','A_X2','B_X2')"
941,"XX[X[0,1|0,2],X[1,2|1,2]]",11,"X[0,1|0,2]",50,"X[1,2|1,2]",4,"(1,2,5,5)",941,"('A_X1','B_X1','A_X2','B_X2')"
942,"XX[X[0,1|0,2],X[1,2|2,0]]",11,"X[0,1|0,2]",51,"X[1,2|2,0]",4,"(1,2,5,6)",942,"('A_X1','B_X1','A_X2','B_X2')"
943,"XX[X[0,1|0,2],X[1,2|2,1]]",11,"X[0,1|0,2]",52,"X[1,2|2,1]",4,"(1,2,5,7)",943,"('A_X1','B_X1','A_X2','B_X2')"
944,"XX[X[0,1|0,2],X[1,2|2,2]]",11,"X[0,1|0,2]",53,"X[1,2|2,2]",4,"(1,2,5,8)",944,"('A_X1','B_X1','A_X2','B_X2')"
945,"XX[X[0,1|0,2],X[2,0|0,0]]",11,"X[0,1|0,2]",54,"X[2,0|0,0]",4,"(1,2,6,0)",945,"('A_X1','B_X1','A_X2','B_X2')"
946,"XX[X[0,1|0,2],X[2,0|0,1]]",11,"X[0,1|0,2]",55,"X[2,0|0,1]",4,"(1,2,6,1)",946,"('A_X1','B_X1','A_X2','B_X2')"
947,"XX[X[0,1|0,2],X[2,0|0,2]]",11,"X[0,1|0,2]",56,"X[2,0|0,2]",4,"(1,2,6,2)",947,"('A_X1','B_X1','A_X2','B_X2')"
948,"XX[X[0,1|0,2],X[2,0|1,0]]",11,"X[0,1|0,2]",57,"X[2,0|1,0]",4,"(1,2,6,3)",948,"('A_X1','B_X1','A_X2','B_X2')"
949,"XX[X[0,1|0,2],X[2,0|1,1]]",11,"X[0,1|0,2]",58,"X[2,0|1,1]",4,"(1,2,6,4)",949,"('A_X1','B_X1','A_X2','B_X2')"
950,"XX[X[0,1|0,2],X[2,0|1,2]]",11,"X[0,1|0,2]",59,"X[2,0|1,2]",4,"(1,2,6,5)",950,"('A_X1','B_X1','A_X2','B_X2')"
951,"XX[X[0,1|0,2],X[2,0|2,0]]",11,"X[0,1|0,2]",60,"X[2,0|2,0]",4,"(1,2,6,6)",951,"('A_X1','B_X1','A_X2','B_X2')"
952,"XX[X[0,1|0,2],X[2,0|2,1]]",11,"X[0,1|0,2]",61,"X[2,0|2,1]",4,"(1,2,6,7)",952,"('A_X1','B_X1','A_X2','B_X2')"
953,"XX[X[0,1|0,2],X[2,0|2,2]]",11,"X[0,1|0,2]",62,"X[2,0|2,2]",4,"(1,2,6,8)",953,"('A_X1','B_X1','A_X2','B_X2')"
954,"XX[X[0,1|0,2],X[2,1|0,0]]",11,"X[0,1|0,2]",63,"X[2,1|0,0]",4,"(1,2,7,0)",954,"('A_X1','B_X1','A_X2','B_X2')"
955,"XX[X[0,1|0,2],X[2,1|0,1]]",11,"X[0,1|0,2]",64,"X[2,1|0,1]",4,"(1,2,7,1)",955,"('A_X1','B_X1','A_X2','B_X2')"
956,"XX[X[0,1|0,2],X[2,1|0,2]]",11,"X[0,1|0,2]",65,"X[2,1|0,2]",4,"(1,2,7,2)",956,"('A_X1','B_X1','A_X2','B_X2')"
957,"XX[X[0,1|0,2],X[2,1|1,0]]",11,"X[0,1|0,2]",66,"X[2,1|1,0]",4,"(1,2,7,3)",957,"('A_X1','B_X1','A_X2','B_X2')"
958,"XX[X[0,1|0,2],X[2,1|1,1]]",11,"X[0,1|0,2]",67,"X[2,1|1,1]",4,"(1,2,7,4)",958,"('A_X1','B_X1','A_X2','B_X2')"
959,"XX[X[0,1|0,2],X[2,1|1,2]]",11,"X[0,1|0,2]",68,"X[2,1|1,2]",4,"(1,2,7,5)",959,"('A_X1','B_X1','A_X2','B_X2')"
960,"XX[X[0,1|0,2],X[2,1|2,0]]",11,"X[0,1|0,2]",69,"X[2,1|2,0]",4,"(1,2,7,6)",960,"('A_X1','B_X1','A_X2','B_X2')"
961,"XX[X[0,1|0,2],X[2,1|2,1]]",11,"X[0,1|0,2]",70,"X[2,1|2,1]",4,"(1,2,7,7)",961,"('A_X1','B_X1','A_X2','B_X2')"
962,"XX[X[0,1|0,2],X[2,1|2,2]]",11,"X[0,1|0,2]",71,"X[2,1|2,2]",4,"(1,2,7,8)",962,"('A_X1','B_X1','A_X2','B_X2')"
963,"XX[X[0,1|0,2],X[2,2|0,0]]",11,"X[0,1|0,2]",72,"X[2,2|0,0]",4,"(1,2,8,0)",963,"('A_X1','B_X1','A_X2','B_X2')"
964,"XX[X[0,1|0,2],X[2,2|0,1]]",11,"X[0,1|0,2]",73,"X[2,2|0,1]",4,"(1,2,8,1)",964,"('A_X1','B_X1','A_X2','B_X2')"
965,"XX[X[0,1|0,2],X[2,2|0,2]]",11,"X[0,1|0,2]",74,"X[2,2|0,2]",4,"(1,2,8,2)",965,"('A_X1','B_X1','A_X2','B_X2')"
966,"XX[X[0,1|0,2],X[2,2|1,0]]",11,"X[0,1|0,2]",75,"X[2,2|1,0]",4,"(1,2,8,3)",966,"('A_X1','B_X1','A_X2','B_X2')"
967,"XX[X[0,1|0,2],X[2,2|1,1]]",11,"X[0,1|0,2]",76,"X[2,2|1,1]",4,"(1,2,8,4)",967,"('A_X1','B_X1','A_X2','B_X2')"
968,"XX[X[0,1|0,2],X[2,2|1,2]]",11,"X[0,1|0,2]",77,"X[2,2|1,2]",4,"(1,2,8,5)",968,"('A_X1','B_X1','A_X2','B_X2')"
969,"XX[X[0,1|0,2],X[2,2|2,0]]",11,"X[0,1|0,2]",78,"X[2,2|2,0]",4,"(1,2,8,6)",969,"('A_X1','B_X1','A_X2','B_X2')"
970,"XX[X[0,1|0,2],X[2,2|2,1]]",11,"X[0,1|0,2]",79,"X[2,2|2,1]",4,"(1,2,8,7)",970,"('A_X1','B_X1','A_X2','B_X2')"
971,"XX[X[0,1|0,2],X[2,2|2,2]]",11,"X[0,1|0,2]",80,"X[2,2|2,2]",4,"(1,2,8,8)",971,"('A_X1','B_X1','A_X2','B_X2')"
972,"XX[X[0,1|1,0],X[0,0|0,0]]",12,"X[0,1|1,0]",0,"X[0,0|0,0]",4,"(1,3,0,0)",972,"('A_X1','B_X1','A_X2','B_X2')"
973,"XX[X[0,1|1,0],X[0,0|0,1]]",12,"X[0,1|1,0]",1,"X[0,0|0,1]",4,"(1,3,0,1)",973,"('A_X1','B_X1','A_X2','B_X2')"
974,"XX[X[0,1|1,0],X[0,0|0,2]]",12,"X[0,1|1,0]",2,"X[0,0|0,2]",4,"(1,3,0,2)",974,"('A_X1','B_X1','A_X2','B_X2')"
975,"XX[X[0,1|1,0],X[0,0|1,0]]",12,"X[0,1|1,0]",3,"X[0,0|1,0]",4,"(1,3,0,3)",975,"('A_X1','B_X1','A_X2','B_X2')"
976,"XX[X[0,1|1,0],X[0,0|1,1]]",12,"X[0,1|1,0]",4,"X[0,0|1,1]",4,"(1,3,0,4)",976,"('A_X1','B_X1','A_X2','B_X2')"
977,"XX[X[0,1|1,0],X[0,0|1,2]]",12,"X[0,1|1,0]",5,"X[0,0|1,2]",4,"(1,3,0,5)",977,"('A_X1','B_X1','A_X2','B_X2')"
978,"XX[X[0,1|1,0],X[0,0|2,0]]",12,"X[0,1|1,0]",6,"X[0,0|2,0]",4,"(1,3,0,6)",978,"('A_X1','B_X1','A_X2','B_X2')"
979,"XX[X[0,1|1,0],X[0,0|2,1]]",12,"X[0,1|1,0]",7,"X[0,0|2,1]",4,"(1,3,0,7)",979,"('A_X1','B_X1','A_X2','B_X2')"
980,"XX[X[0,1|1,0],X[0,0|2,2]]",12,"X[0,1|1,0]",8,"X[0,0|2,2]",4,"(1,3,0,8)",980,"('A_X1','B_X1','A_X2','B_X2')"
981,"XX[X[0,1|1,0],X[0,1|0,0]]",12,"X[0,1|1,0]",9,"X[0,1|0,0]",4,"(1,3,1,0)",981,"('A_X1','B_X1','A_X2','B_X2')"
982,"XX[X[0,1|1,0],X[0,1|0,1]]",12,"X[0,1|1,0]",10,"X[0,1|0,1]",4,"(1,3,1,1)",982,"('A_X1','B_X1','A_X2','B_X2')"
983,"XX[X[0,1|1,0],X[0,1|0,2]]",12,"X[0,1|1,0]",11,"X[0,1|0,2]",4,"(1,3,1,2)",983,"('A_X1','B_X1','A_X2','B_X2')"
984,"XX[X[0,1|1,0],X[0,1|1,0]]",12,"X[0,1|1,0]",12,"X[0,1|1,0]",4,"(1,3,1,3)",984,"('A_X1','B_X1','A_X2','B_X2')"
985,"XX[X[0,1|1,0],X[0,1|1,1]]",12,"X[0,1|1,0]",13,"X[0,1|1,1]",4,"(1,3,1,4)",985,"('A_X1','B_X1','A_X2','B_X2')"
986,"XX[X[0,1|1,0],X[0,1|1,2]]",12,"X[0,1|1,0]",14,"X[0,1|1,2]",4,"(1,3,1,5)",986,"('A_X1','B_X1','A_X2','B_X2')"
987,"XX[X[0,1|1,0],X[0,1|2,0]]",12,"X[0,1|1,0]",15,"X[0,1|2,0]",4,"(1,3,1,6)",987,"('A_X1','B_X1','A_X2','B_X2')"
988,"XX[X[0,1|1,0],X[0,1|2,1]]",12,"X[0,1|1,0]",16,"X[0,1|2,1]",4,"(1,3,1,7)",988,"('A_X1','B_X1','A_X2','B_X2')"
989,"XX[X[0,1|1,0],X[0,1|2,2]]",12,"X[0,1|1,0]",17,"X[0,1|2,2]",4,"(1,3,1,8)",989,"('A_X1','B_X1','A_X2','B_X2')"
990,"XX[X[0,1|1,0],X[0,2|0,0]]",12,"X[0,1|1,0]",18,"X[0,2|0,0]",4,"(1,3,2,0)",990,"('A_X1','B_X1','A_X2','B_X2')"
991,"XX[X[0,1|1,0],X[0,2|0,1]]",12,"X[0,1|1,0]",19,"X[0,2|0,1]",4,"(1,3,2,1)",991,"('A_X1','B_X1','A_X2','B_X2')"
992,"XX[X[0,1|1,0],X[0,2|0,2]]",12,"X[0,1|1,0]",20,"X[0,2|0,2]",4,"(1,3,2,2)",992,"('A_X1','B_X1','A_X2','B_X2')"
993,"XX[X[0,1|1,0],X[0,2|1,0]]",12,"X[0,1|1,0]",21,"X[0,2|1,0]",4,"(1,3,2,3)",993,"('A_X1','B_X1','A_X2','B_X2')"
994,"XX[X[0,1|1,0],X[0,2|1,1]]",12,"X[0,1|1,0]",22,"X[0,2|1,1]",4,"(1,3,2,4)",994,"('A_X1','B_X1','A_X2','B_X2')"
995,"XX[X[0,1|1,0],X[0,2|1,2]]",12,"X[0,1|1,0]",23,"X[0,2|1,2]",4,"(1,3,2,5)",995,"('A_X1','B_X1','A_X2','B_X2')"
996,"XX[X[0,1|1,0],X[0,2|2,0]]",12,"X[0,1|1,0]",24,"X[0,2|2,0]",4,"(1,3,2,6)",996,"('A_X1','B_X1','A_X2','B_X2')"
997,"XX[X[0,1|1,0],X[0,2|2,1]]",12,"X[0,1|1,0]",25,"X[0,2|2,1]",4,"(1,3,2,7)",997,"('A_X1','B_X1','A_X2','B_X2')"
998,"XX[X[0,1|1,0],X[0,2|2,2]]",12,"X[0,1|1,0]",26,"X[0,2|2,2]",4,"(1,3,2,8)",998,"('A_X1','B_X1','A_X2','B_X2')"
999,"XX[X[0,1|1,0],X[1,0|0,0]]",12,"X[0,1|1,0]",27,"X[1,0|0,0]",4,"(1,3,3,0)",999,"('A_X1','B_X1','A_X2','B_X2')"
1000,"XX[X[0,1|1,0],X[1,0|0,1]]",12,"X[0,1|1,0]",28,"X[1,0|0,1]",4,"(1,3,3,1)",1000,"('A_X1','B_X1','A_X2','B_X2')"
1001,"XX[X[0,1|1,0],X[1,0|0,2]]",12,"X[0,1|1,0]",29,"X[1,0|0,2]",4,"(1,3,3,2)",1001,"('A_X1','B_X1','A_X2','B_X2')"
1002,"XX[X[0,1|1,0],X[1,0|1,0]]",12,"X[0,1|1,0]",30,"X[1,0|1,0]",4,"(1,3,3,3)",1002,"('A_X1','B_X1','A_X2','B_X2')"
1003,"XX[X[0,1|1,0],X[1,0|1,1]]",12,"X[0,1|1,0]",31,"X[1,0|1,1]",4,"(1,3,3,4)",1003,"('A_X1','B_X1','A_X2','B_X2')"
1004,"XX[X[0,1|1,0],X[1,0|1,2]]",12,"X[0,1|1,0]",32,"X[1,0|1,2]",4,"(1,3,3,5)",1004,"('A_X1','B_X1','A_X2','B_X2')"
1005,"XX[X[0,1|1,0],X[1,0|2,0]]",12,"X[0,1|1,0]",33,"X[1,0|2,0]",4,"(1,3,3,6)",1005,"('A_X1','B_X1','A_X2','B_X2')"
1006,"XX[X[0,1|1,0],X[1,0|2,1]]",12,"X[0,1|1,0]",34,"X[1,0|2,1]",4,"(1,3,3,7)",1006,"('A_X1','B_X1','A_X2','B_X2')"
1007,"XX[X[0,1|1,0],X[1,0|2,2]]",12,"X[0,1|1,0]",35,"X[1,0|2,2]",4,"(1,3,3,8)",1007,"('A_X1','B_X1','A_X2','B_X2')"
1008,"XX[X[0,1|1,0],X[1,1|0,0]]",12,"X[0,1|1,0]",36,"X[1,1|0,0]",4,"(1,3,4,0)",1008,"('A_X1','B_X1','A_X2','B_X2')"
1009,"XX[X[0,1|1,0],X[1,1|0,1]]",12,"X[0,1|1,0]",37,"X[1,1|0,1]",4,"(1,3,4,1)",1009,"('A_X1','B_X1','A_X2','B_X2')"
1010,"XX[X[0,1|1,0],X[1,1|0,2]]",12,"X[0,1|1,0]",38,"X[1,1|0,2]",4,"(1,3,4,2)",1010,"('A_X1','B_X1','A_X2','B_X2')"
1011,"XX[X[0,1|1,0],X[1,1|1,0]]",12,"X[0,1|1,0]",39,"X[1,1|1,0]",4,"(1,3,4,3)",1011,"('A_X1','B_X1','A_X2','B_X2')"
1012,"XX[X[0,1|1,0],X[1,1|1,1]]",12,"X[0,1|1,0]",40,"X[1,1|1,1]",4,"(1,3,4,4)",1012,"('A_X1','B_X1','A_X2','B_X2')"
1013,"XX[X[0,1|1,0],X[1,1|1,2]]",12,"X[0,1|1,0]",41,"X[1,1|1,2]",4,"(1,3,4,5)",1013,"('A_X1','B_X1','A_X2','B_X2')"
1014,"XX[X[0,1|1,0],X[1,1|2,0]]",12,"X[0,1|1,0]",42,"X[1,1|2,0]",4,"(1,3,4,6)",1014,"('A_X1','B_X1','A_X2','B_X2')"
1015,"XX[X[0,1|1,0],X[1,1|2,1]]",12,"X[0,1|1,0]",43,"X[1,1|2,1]",4,"(1,3,4,7)",1015,"('A_X1','B_X1','A_X2','B_X2')"
1016,"XX[X[0,1|1,0],X[1,1|2,2]]",12,"X[0,1|1,0]",44,"X[1,1|2,2]",4,"(1,3,4,8)",1016,"('A_X1','B_X1','A_X2','B_X2')"
1017,"XX[X[0,1|1,0],X[1,2|0,0]]",12,"X[0,1|1,0]",45,"X[1,2|0,0]",4,"(1,3,5,0)",1017,"('A_X1','B_X1','A_X2','B_X2')"
1018,"XX[X[0,1|1,0],X[1,2|0,1]]",12,"X[0,1|1,0]",46,"X[1,2|0,1]",4,"(1,3,5,1)",1018,"('A_X1','B_X1','A_X2','B_X2')"
1019,"XX[X[0,1|1,0],X[1,2|0,2]]",12,"X[0,1|1,0]",47,"X[1,2|0,2]",4,"(1,3,5,2)",1019,"('A_X1','B_X1','A_X2','B_X2')"
1020,"XX[X[0,1|1,0],X[1,2|1,0]]",12,"X[0,1|1,0]",48,"X[1,2|1,0]",4,"(1,3,5,3)",1020,"('A_X1','B_X1','A_X2','B_X2')"
1021,"XX[X[0,1|1,0],X[1,2|1,1]]",12,"X[0,1|1,0]",49,"X[1,2|1,1]",4,"(1,3,5,4)",1021,"('A_X1','B_X1','A_X2','B_X2')"
1022,"XX[X[0,1|1,0],X[1,2|1,2]]",12,"X[0,1|1,0]",50,"X[1,2|1,2]",4,"(1,3,5,5)",1022,"('A_X1','B_X1','A_X2','B_X2')"
1023,"XX[X[0,1|1,0],X[1,2|2,0]]",12,"X[0,1|1,0]",51,"X[1,2|2,0]",4,"(1,3,5,6)",1023,"('A_X1','B_X1','A_X2','B_X2')"
1024,"XX[X[0,1|1,0],X[1,2|2,1]]",12,"X[0,1|1,0]",52,"X[1,2|2,1]",4,"(1,3,5,7)",1024,"('A_X1','B_X1','A_X2','B_X2')"
1025,"XX[X[0,1|1,0],X[1,2|2,2]]",12,"X[0,1|1,0]",53,"X[1,2|2,2]",4,"(1,3,5,8)",1025,"('A_X1','B_X1','A_X2','B_X2')"
1026,"XX[X[0,1|1,0],X[2,0|0,0]]",12,"X[0,1|1,0]",54,"X[2,0|0,0]",4,"(1,3,6,0)",1026,"('A_X1','B_X1','A_X2','B_X2')"
1027,"XX[X[0,1|1,0],X[2,0|0,1]]",12,"X[0,1|1,0]",55,"X[2,0|0,1]",4,"(1,3,6,1)",1027,"('A_X1','B_X1','A_X2','B_X2')"
1028,"XX[X[0,1|1,0],X[2,0|0,2]]",12,"X[0,1|1,0]",56,"X[2,0|0,2]",4,"(1,3,6,2)",1028,"('A_X1','B_X1','A_X2','B_X2')"
1029,"XX[X[0,1|1,0],X[2,0|1,0]]",12,"X[0,1|1,0]",57,"X[2,0|1,0]",4,"(1,3,6,3)",1029,"('A_X1','B_X1','A_X2','B_X2')"
1030,"XX[X[0,1|1,0],X[2,0|1,1]]",12,"X[0,1|1,0]",58,"X[2,0|1,1]",4,"(1,3,6,4)",1030,"('A_X1','B_X1','A_X2','B_X2')"
1031,"XX[X[0,1|1,0],X[2,0|1,2]]",12,"X[0,1|1,0]",59,"X[2,0|1,2]",4,"(1,3,6,5)",1031,"('A_X1','B_X1','A_X2','B_X2')"
1032,"XX[X[0,1|1,0],X[2,0|2,0]]",12,"X[0,1|1,0]",60,"X[2,0|2,0]",4,"(1,3,6,6)",1032,"('A_X1','B_X1','A_X2','B_X2')"
1033,"XX[X[0,1|1,0],X[2,0|2,1]]",12,"X[0,1|1,0]",61,"X[2,0|2,1]",4,"(1,3,6,7)",1033,"('A_X1','B_X1','A_X2','B_X2')"
1034,"XX[X[0,1|1,0],X[2,0|2,2]]",12,"X[0,1|1,0]",62,"X[2,0|2,2]",4,"(1,3,6,8)",1034,"('A_X1','B_X1','A_X2','B_X2')"
1035,"XX[X[0,1|1,0],X[2,1|0,0]]",12,"X[0,1|1,0]",63,"X[2,1|0,0]",4,"(1,3,7,0)",1035,"('A_X1','B_X1','A_X2','B_X2')"
1036,"XX[X[0,1|1,0],X[2,1|0,1]]",12,"X[0,1|1,0]",64,"X[2,1|0,1]",4,"(1,3,7,1)",1036,"('A_X1','B_X1','A_X2','B_X2')"
1037,"XX[X[0,1|1,0],X[2,1|0,2]]",12,"X[0,1|1,0]",65,"X[2,1|0,2]",4,"(1,3,7,2)",1037,"('A_X1','B_X1','A_X2','B_X2')"
1038,"XX[X[0,1|1,0],X[2,1|1,0]]",12,"X[0,1|1,0]",66,"X[2,1|1,0]",4,"(1,3,7,3)",1038,"('A_X1','B_X1','A_X2','B_X2')"
1039,"XX[X[0,1|1,0],X[2,1|1,1]]",12,"X[0,1|1,0]",67,"X[2,1|1,1]",4,"(1,3,7,4)",1039,"('A_X1','B_X1','A_X2','B_X2')"
1040,"XX[X[0,1|1,0],X[2,1|1,2]]",12,"X[0,1|1,0]",68,"X[2,1|1,2]",4,"(1,3,7,5)",1040,"('A_X1','B_X1','A_X2','B_X2')"
1041,"XX[X[0,1|1,0],X[2,1|2,0]]",12,"X[0,1|1,0]",69,"X[2,1|2,0]",4,"(1,3,7,6)",1041,"('A_X1','B_X1','A_X2','B_X2')"
1042,"XX[X[0,1|1,0],X[2,1|2,1]]",12,"X[0,1|1,0]",70,"X[2,1|2,1]",4,"(1,3,7,7)",1042,"('A_X1','B_X1','A_X2','B_X2')"
1043,"XX[X[0,1|1,0],X[2,1|2,2]]",12,"X[0,1|1,0]",71,"X[2,1|2,2]",4,"(1,3,7,8)",1043,"('A_X1','B_X1','A_X2','B_X2')"
1044,"XX[X[0,1|1,0],X[2,2|0,0]]",12,"X[0,1|1,0]",72,"X[2,2|0,0]",4,"(1,3,8,0)",1044,"('A_X1','B_X1','A_X2','B_X2')"
1045,"XX[X[0,1|1,0],X[2,2|0,1]]",12,"X[0,1|1,0]",73,"X[2,2|0,1]",4,"(1,3,8,1)",1045,"('A_X1','B_X1','A_X2','B_X2')"
1046,"XX[X[0,1|1,0],X[2,2|0,2]]",12,"X[0,1|1,0]",74,"X[2,2|0,2]",4,"(1,3,8,2)",1046,"('A_X1','B_X1','A_X2','B_X2')"
1047,"XX[X[0,1|1,0],X[2,2|1,0]]",12,"X[0,1|1,0]",75,"X[2,2|1,0]",4,"(1,3,8,3)",1047,"('A_X1','B_X1','A_X2','B_X2')"
1048,"XX[X[0,1|1,0],X[2,2|1,1]]",12,"X[0,1|1,0]",76,"X[2,2|1,1]",4,"(1,3,8,4)",1048,"('A_X1','B_X1','A_X2','B_X2')"
1049,"XX[X[0,1|1,0],X[2,2|1,2]]",12,"X[0,1|1,0]",77,"X[2,2|1,2]",4,"(1,3,8,5)",1049,"('A_X1','B_X1','A_X2','B_X2')"
1050,"XX[X[0,1|1,0],X[2,2|2,0]]",12,"X[0,1|1,0]",78,"X[2,2|2,0]",4,"(1,3,8,6)",1050,"('A_X1','B_X1','A_X2','B_X2')"
1051,"XX[X[0,1|1,0],X[2,2|2,1]]",12,"X[0,1|1,0]",79,"X[2,2|2,1]",4,"(1,3,8,7)",1051,"('A_X1','B_X1','A_X2','B_X2')"
1052,"XX[X[0,1|1,0],X[2,2|2,2]]",12,"X[0,1|1,0]",80,"X[2,2|2,2]",4,"(1,3,8,8)",1052,"('A_X1','B_X1','A_X2','B_X2')"
1053,"XX[X[0,1|1,1],X[0,0|0,0]]",13,"X[0,1|1,1]",0,"X[0,0|0,0]",4,"(1,4,0,0)",1053,"('A_X1','B_X1','A_X2','B_X2')"
1054,"XX[X[0,1|1,1],X[0,0|0,1]]",13,"X[0,1|1,1]",1,"X[0,0|0,1]",4,"(1,4,0,1)",1054,"('A_X1','B_X1','A_X2','B_X2')"
1055,"XX[X[0,1|1,1],X[0,0|0,2]]",13,"X[0,1|1,1]",2,"X[0,0|0,2]",4,"(1,4,0,2)",1055,"('A_X1','B_X1','A_X2','B_X2')"
1056,"XX[X[0,1|1,1],X[0,0|1,0]]",13,"X[0,1|1,1]",3,"X[0,0|1,0]",4,"(1,4,0,3)",1056,"('A_X1','B_X1','A_X2','B_X2')"
1057,"XX[X[0,1|1,1],X[0,0|1,1]]",13,"X[0,1|1,1]",4,"X[0,0|1,1]",4,"(1,4,0,4)",1057,"('A_X1','B_X1','A_X2','B_X2')"
1058,"XX[X[0,1|1,1],X[0,0|1,2]]",13,"X[0,1|1,1]",5,"X[0,0|1,2]",4,"(1,4,0,5)",1058,"('A_X1','B_X1','A_X2','B_X2')"
1059,"XX[X[0,1|1,1],X[0,0|2,0]]",13,"X[0,1|1,1]",6,"X[0,0|2,0]",4,"(1,4,0,6)",1059,"('A_X1','B_X1','A_X2','B_X2')"
1060,"XX[X[0,1|1,1],X[0,0|2,1]]",13,"X[0,1|1,1]",7,"X[0,0|2,1]",4,"(1,4,0,7)",1060,"('A_X1','B_X1','A_X2','B_X2')"
1061,"XX[X[0,1|1,1],X[0,0|2,2]]",13,"X[0,1|1,1]",8,"X[0,0|2,2]",4,"(1,4,0,8)",1061,"('A_X1','B_X1','A_X2','B_X2')"
1062,"XX[X[0,1|1,1],X[0,1|0,0]]",13,"X[0,1|1,1]",9,"X[0,1|0,0]",4,"(1,4,1,0)",1062,"('A_X1','B_X1','A_X2','B_X2')"
1063,"XX[X[0,1|1,1],X[0,1|0,1]]",13,"X[0,1|1,1]",10,"X[0,1|0,1]",4,"(1,4,1,1)",1063,"('A_X1','B_X1','A_X2','B_X2')"
1064,"XX[X[0,1|1,1],X[0,1|0,2]]",13,"X[0,1|1,1]",11,"X[0,1|0,2]",4,"(1,4,1,2)",1064,"('A_X1','B_X1','A_X2','B_X2')"
1065,"XX[X[0,1|1,1],X[0,1|1,0]]",13,"X[0,1|1,1]",12,"X[0,1|1,0]",4,"(1,4,1,3)",1065,"('A_X1','B_X1','A_X2','B_X2')"
1066,"XX[X[0,1|1,1],X[0,1|1,1]]",13,"X[0,1|1,1]",13,"X[0,1|1,1]",4,"(1,4,1,4)",1066,"('A_X1','B_X1','A_X2','B_X2')"
1067,"XX[X[0,1|1,1],X[0,1|1,2]]",13,"X[0,1|1,1]",14,"X[0,1|1,2]",4,"(1,4,1,5)",1067,"('A_X1','B_X1','A_X2','B_X2')"
1068,"XX[X[0,1|1,1],X[0,1|2,0]]",13,"X[0,1|1,1]",15,"X[0,1|2,0]",4,"(1,4,1,6)",1068,"('A_X1','B_X1','A_X2','B_X2')"
1069,"XX[X[0,1|1,1],X[0,1|2,1]]",13,"X[0,1|1,1]",16,"X[0,1|2,1]",4,"(1,4,1,7)",1069,"('A_X1','B_X1','A_X2','B_X2')"
1070,"XX[X[0,1|1,1],X[0,1|2,2]]",13,"X[0,1|1,1]",17,"X[0,1|2,2]",4,"(1,4,1,8)",1070,"('A_X1','B_X1','A_X2','B_X2')"
1071,"XX[X[0,1|1,1],X[0,2|0,0]]",13,"X[0,1|1,1]",18,"X[0,2|0,0]",4,"(1,4,2,0)",1071,"('A_X1','B_X1','A_X2','B_X2')"
1072,"XX[X[0,1|1,1],X[0,2|0,1]]",13,"X[0,1|1,1]",19,"X[0,2|0,1]",4,"(1,4,2,1)",1072,"('A_X1','B_X1','A_X2','B_X2')"
1073,"XX[X[0,1|1,1],X[0,2|0,2]]",13,"X[0,1|1,1]",20,"X[0,2|0,2]",4,"(1,4,2,2)",1073,"('A_X1','B_X1','A_X2','B_X2')"
1074,"XX[X[0,1|1,1],X[0,2|1,0]]",13,"X[0,1|1,1]",21,"X[0,2|1,0]",4,"(1,4,2,3)",1074,"('A_X1','B_X1','A_X2','B_X2')"
1075,"XX[X[0,1|1,1],X[0,2|1,1]]",13,"X[0,1|1,1]",22,"X[0,2|1,1]",4,"(1,4,2,4)",1075,"('A_X1','B_X1','A_X2','B_X2')"
1076,"XX[X[0,1|1,1],X[0,2|1,2]]",13,"X[0,1|1,1]",23,"X[0,2|1,2]",4,"(1,4,2,5)",1076,"('A_X1','B_X1','A_X2','B_X2')"
1077,"XX[X[0,1|1,1],X[0,2|2,0]]",13,"X[0,1|1,1]",24,"X[0,2|2,0]",4,"(1,4,2,6)",1077,"('A_X1','B_X1','A_X2','B_X2')"
1078,"XX[X[0,1|1,1],X[0,2|2,1]]",13,"X[0,1|1,1]",25,"X[0,2|2,1]",4,"(1,4,2,7)",1078,"('A_X1','B_X1','A_X2','B_X2')"
1079,"XX[X[0,1|1,1],X[0,2|2,2]]",13,"X[0,1|1,1]",26,"X[0,2|2,2]",4,"(1,4,2,8)",1079,"('A_X1','B_X1','A_X2','B_X2')"
1080,"XX[X[0,1|1,1],X[1,0|0,0]]",13,"X[0,1|1,1]",27,"X[1,0|0,0]",4,"(1,4,3,0)",1080,"('A_X1','B_X1','A_X2','B_X2')"
1081,"XX[X[0,1|1,1],X[1,0|0,1]]",13,"X[0,1|1,1]",28,"X[1,0|0,1]",4,"(1,4,3,1)",1081,"('A_X1','B_X1','A_X2','B_X2')"
1082,"XX[X[0,1|1,1],X[1,0|0,2]]",13,"X[0,1|1,1]",29,"X[1,0|0,2]",4,"(1,4,3,2)",1082,"('A_X1','B_X1','A_X2','B_X2')"
1083,"XX[X[0,1|1,1],X[1,0|1,0]]",13,"X[0,1|1,1]",30,"X[1,0|1,0]",4,"(1,4,3,3)",1083,"('A_X1','B_X1','A_X2','B_X2')"
1084,"XX[X[0,1|1,1],X[1,0|1,1]]",13,"X[0,1|1,1]",31,"X[1,0|1,1]",4,"(1,4,3,4)",1084,"('A_X1','B_X1','A_X2','B_X2')"
1085,"XX[X[0,1|1,1],X[1,0|1,2]]",13,"X[0,1|1,1]",32,"X[1,0|1,2]",4,"(1,4,3,5)",1085,"('A_X1','B_X1','A_X2','B_X2')"
1086,"XX[X[0,1|1,1],X[1,0|2,0]]",13,"X[0,1|1,1]",33,"X[1,0|2,0]",4,"(1,4,3,6)",1086,"('A_X1','B_X1','A_X2','B_X2')"
1087,"XX[X[0,1|1,1],X[1,0|2,1]]",13,"X[0,1|1,1]",34,"X[1,0|2,1]",4,"(1,4,3,7)",1087,"('A_X1','B_X1','A_X2','B_X2')"
1088,"XX[X[0,1|1,1],X[1,0|2,2]]",13,"X[0,1|1,1]",35,"X[1,0|2,2]",4,"(1,4,3,8)",1088,"('A_X1','B_X1','A_X2','B_X2')"
1089,"XX[X[0,1|1,1],X[1,1|0,0]]",13,"X[0,1|1,1]",36,"X[1,1|0,0]",4,"(1,4,4,0)",1089,"('A_X1','B_X1','A_X2','B_X2')"
1090,"XX[X[0,1|1,1],X[1,1|0,1]]",13,"X[0,1|1,1]",37,"X[1,1|0,1]",4,"(1,4,4,1)",1090,"('A_X1','B_X1','A_X2','B_X2')"
1091,"XX[X[0,1|1,1],X[1,1|0,2]]",13,"X[0,1|1,1]",38,"X[1,1|0,2]",4,"(1,4,4,2)",1091,"('A_X1','B_X1','A_X2','B_X2')"
1092,"XX[X[0,1|1,1],X[1,1|1,0]]",13,"X[0,1|1,1]",39,"X[1,1|1,0]",4,"(1,4,4,3)",1092,"('A_X1','B_X1','A_X2','B_X2')"
1093,"XX[X[0,1|1,1],X[1,1|1,1]]",13,"X[0,1|1,1]",40,"X[1,1|1,1]",4,"(1,4,4,4)",1093,"('A_X1','B_X1','A_X2','B_X2')"
1094,"XX[X[0,1|1,1],X[1,1|1,2]]",13,"X[0,1|1,1]",41,"X[1,1|1,2]",4,"(1,4,4,5)",1094,"('A_X1','B_X1','A_X2','B_X2')"
1095,"XX[X[0,1|1,1],X[1,1|2,0]]",13,"X[0,1|1,1]",42,"X[1,1|2,0]",4,"(1,4,4,6)",1095,"('A_X1','B_X1','A_X2','B_X2')"
1096,"XX[X[0,1|1,1],X[1,1|2,1]]",13,"X[0,1|1,1]",43,"X[1,1|2,1]",4,"(1,4,4,7)",1096,"('A_X1','B_X1','A_X2','B_X2')"
1097,"XX[X[0,1|1,1],X[1,1|2,2]]",13,"X[0,1|1,1]",44,"X[1,1|2,2]",4,"(1,4,4,8)",1097,"('A_X1','B_X1','A_X2','B_X2')"
1098,"XX[X[0,1|1,1],X[1,2|0,0]]",13,"X[0,1|1,1]",45,"X[1,2|0,0]",4,"(1,4,5,0)",1098,"('A_X1','B_X1','A_X2','B_X2')"
1099,"XX[X[0,1|1,1],X[1,2|0,1]]",13,"X[0,1|1,1]",46,"X[1,2|0,1]",4,"(1,4,5,1)",1099,"('A_X1','B_X1','A_X2','B_X2')"
1100,"XX[X[0,1|1,1],X[1,2|0,2]]",13,"X[0,1|1,1]",47,"X[1,2|0,2]",4,"(1,4,5,2)",1100,"('A_X1','B_X1','A_X2','B_X2')"
1101,"XX[X[0,1|1,1],X[1,2|1,0]]",13,"X[0,1|1,1]",48,"X[1,2|1,0]",4,"(1,4,5,3)",1101,"('A_X1','B_X1','A_X2','B_X2')"
1102,"XX[X[0,1|1,1],X[1,2|1,1]]",13,"X[0,1|1,1]",49,"X[1,2|1,1]",4,"(1,4,5,4)",1102,"('A_X1','B_X1','A_X2','B_X2')"
1103,"XX[X[0,1|1,1],X[1,2|1,2]]",13,"X[0,1|1,1]",50,"X[1,2|1,2]",4,"(1,4,5,5)",1103,"('A_X1','B_X1','A_X2','B_X2')"
1104,"XX[X[0,1|1,1],X[1,2|2,0]]",13,"X[0,1|1,1]",51,"X[1,2|2,0]",4,"(1,4,5,6)",1104,"('A_X1','B_X1','A_X2','B_X2')"
1105,"XX[X[0,1|1,1],X[1,2|2,1]]",13,"X[0,1|1,1]",52,"X[1,2|2,1]",4,"(1,4,5,7)",1105,"('A_X1','B_X1','A_X2','B_X2')"
1106,"XX[X[0,1|1,1],X[1,2|2,2]]",13,"X[0,1|1,1]",53,"X[1,2|2,2]",4,"(1,4,5,8)",1106,"('A_X1','B_X1','A_X2','B_X2')"
1107,"XX[X[0,1|1,1],X[2,0|0,0]]",13,"X[0,1|1,1]",54,"X[2,0|0,0]",4,"(1,4,6,0)",1107,"('A_X1','B_X1','A_X2','B_X2')"
1108,"XX[X[0,1|1,1],X[2,0|0,1]]",13,"X[0,1|1,1]",55,"X[2,0|0,1]",4,"(1,4,6,1)",1108,"('A_X1','B_X1','A_X2','B_X2')"
1109,"XX[X[0,1|1,1],X[2,0|0,2]]",13,"X[0,1|1,1]",56,"X[2,0|0,2]",4,"(1,4,6,2)",1109,"('A_X1','B_X1','A_X2','B_X2')"
1110,"XX[X[0,1|1,1],X[2,0|1,0]]",13,"X[0,1|1,1]",57,"X[2,0|1,0]",4,"(1,4,6,3)",1110,"('A_X1','B_X1','A_X2','B_X2')"
1111,"XX[X[0,1|1,1],X[2,0|1,1]]",13,"X[0,1|1,1]",58,"X[2,0|1,1]",4,"(1,4,6,4)",1111,"('A_X1','B_X1','A_X2','B_X2')"
1112,"XX[X[0,1|1,1],X[2,0|1,2]]",13,"X[0,1|1,1]",59,"X[2,0|1,2]",4,"(1,4,6,5)",1112,"('A_X1','B_X1','A_X2','B_X2')"
1113,"XX[X[0,1|1,1],X[2,0|2,0]]",13,"X[0,1|1,1]",60,"X[2,0|2,0]",4,"(1,4,6,6)",1113,"('A_X1','B_X1','A_X2','B_X2')"
1114,"XX[X[0,1|1,1],X[2,0|2,1]]",13,"X[0,1|1,1]",61,"X[2,0|2,1]",4,"(1,4,6,7)",1114,"('A_X1','B_X1','A_X2','B_X2')"
1115,"XX[X[0,1|1,1],X[2,0|2,2]]",13,"X[0,1|1,1]",62,"X[2,0|2,2]",4,"(1,4,6,8)",1115,"('A_X1','B_X1','A_X2','B_X2')"
1116,"XX[X[0,1|1,1],X[2,1|0,0]]",13,"X[0,1|1,1]",63,"X[2,1|0,0]",4,"(1,4,7,0)",1116,"('A_X1','B_X1','A_X2','B_X2')"
1117,"XX[X[0,1|1,1],X[2,1|0,1]]",13,"X[0,1|1,1]",64,"X[2,1|0,1]",4,"(1,4,7,1)",1117,"('A_X1','B_X1','A_X2','B_X2')"
1118,"XX[X[0,1|1,1],X[2,1|0,2]]",13,"X[0,1|1,1]",65,"X[2,1|0,2]",4,"(1,4,7,2)",1118,"('A_X1','B_X1','A_X2','B_X2')"
1119,"XX[X[0,1|1,1],X[2,1|1,0]]",13,"X[0,1|1,1]",66,"X[2,1|1,0]",4,"(1,4,7,3)",1119,"('A_X1','B_X1','A_X2','B_X2')"
1120,"XX[X[0,1|1,1],X[2,1|1,1]]",13,"X[0,1|1,1]",67,"X[2,1|1,1]",4,"(1,4,7,4)",1120,"('A_X1','B_X1','A_X2','B_X2')"
1121,"XX[X[0,1|1,1],X[2,1|1,2]]",13,"X[0,1|1,1]",68,"X[2,1|1,2]",4,"(1,4,7,5)",1121,"('A_X1','B_X1','A_X2','B_X2')"
1122,"XX[X[0,1|1,1],X[2,1|2,0]]",13,"X[0,1|1,1]",69,"X[2,1|2,0]",4,"(1,4,7,6)",1122,"('A_X1','B_X1','A_X2','B_X2')"
1123,"XX[X[0,1|1,1],X[2,1|2,1]]",13,"X[0,1|1,1]",70,"X[2,1|2,1]",4,"(1,4,7,7)",1123,"('A_X1','B_X1','A_X2','B_X2')"
1124,"XX[X[0,1|1,1],X[2,1|2,2]]",13,"X[0,1|1,1]",71,"X[2,1|2,2]",4,"(1,4,7,8)",1124,"('A_X1','B_X1','A_X2','B_X2')"
1125,"XX[X[0,1|1,1],X[2,2|0,0]]",13,"X[0,1|1,1]",72,"X[2,2|0,0]",4,"(1,4,8,0)",1125,"('A_X1','B_X1','A_X2','B_X2')"
1126,"XX[X[0,1|1,1],X[2,2|0,1]]",13,"X[0,1|1,1]",73,"X[2,2|0,1]",4,"(1,4,8,1)",1126,"('A_X1','B_X1','A_X2','B_X2')"
1127,"XX[X[0,1|1,1],X[2,2|0,2]]",13,"X[0,1|1,1]",74,"X[2,2|0,2]",4,"(1,4,8,2)",1127,"('A_X1','B_X1','A_X2','B_X2')"
1128,"XX[X[0,1|1,1],X[2,2|1,0]]",13,"X[0,1|1,1]",75,"X[2,2|1,0]",4,"(1,4,8,3)",1128,"('A_X1','B_X1','A_X2','B_X2')"
1129,"XX[X[0,1|1,1],X[2,2|1,1]]",13,"X[0,1|1,1]",76,"X[2,2|1,1]",4,"(1,4,8,4)",1129,"('A_X1','B_X1','A_X2','B_X2')"
1130,"XX[X[0,1|1,1],X[2,2|1,2]]",13,"X[0,1|1,1]",77,"X[2,2|1,2]",4,"(1,4,8,5)",1130,"('A_X1','B_X1','A_X2','B_X2')"
1131,"XX[X[0,1|1,1],X[2,2|2,0]]",13,"X[0,1|1,1]",78,"X[2,2|2,0]",4,"(1,4,8,6)",1131,"('A_X1','B_X1','A_X2','B_X2')"
1132,"XX[X[0,1|1,1],X[2,2|2,1]]",13,"X[0,1|1,1]",79,"X[2,2|2,1]",4,"(1,4,8,7)",1132,"('A_X1','B_X1','A_X2','B_X2')"
1133,"XX[X[0,1|1,1],X[2,2|2,2]]",13,"X[0,1|1,1]",80,"X[2,2|2,2]",4,"(1,4,8,8)",1133,"('A_X1','B_X1','A_X2','B_X2')"
1134,"XX[X[0,1|1,2],X[0,0|0,0]]",14,"X[0,1|1,2]",0,"X[0,0|0,0]",4,"(1,5,0,0)",1134,"('A_X1','B_X1','A_X2','B_X2')"
1135,"XX[X[0,1|1,2],X[0,0|0,1]]",14,"X[0,1|1,2]",1,"X[0,0|0,1]",4,"(1,5,0,1)",1135,"('A_X1','B_X1','A_X2','B_X2')"
1136,"XX[X[0,1|1,2],X[0,0|0,2]]",14,"X[0,1|1,2]",2,"X[0,0|0,2]",4,"(1,5,0,2)",1136,"('A_X1','B_X1','A_X2','B_X2')"
1137,"XX[X[0,1|1,2],X[0,0|1,0]]",14,"X[0,1|1,2]",3,"X[0,0|1,0]",4,"(1,5,0,3)",1137,"('A_X1','B_X1','A_X2','B_X2')"
1138,"XX[X[0,1|1,2],X[0,0|1,1]]",14,"X[0,1|1,2]",4,"X[0,0|1,1]",4,"(1,5,0,4)",1138,"('A_X1','B_X1','A_X2','B_X2')"
1139,"XX[X[0,1|1,2],X[0,0|1,2]]",14,"X[0,1|1,2]",5,"X[0,0|1,2]",4,"(1,5,0,5)",1139,"('A_X1','B_X1','A_X2','B_X2')"
1140,"XX[X[0,1|1,2],X[0,0|2,0]]",14,"X[0,1|1,2]",6,"X[0,0|2,0]",4,"(1,5,0,6)",1140,"('A_X1','B_X1','A_X2','B_X2')"
1141,"XX[X[0,1|1,2],X[0,0|2,1]]",14,"X[0,1|1,2]",7,"X[0,0|2,1]",4,"(1,5,0,7)",1141,"('A_X1','B_X1','A_X2','B_X2')"
1142,"XX[X[0,1|1,2],X[0,0|2,2]]",14,"X[0,1|1,2]",8,"X[0,0|2,2]",4,"(1,5,0,8)",1142,"('A_X1','B_X1','A_X2','B_X2')"
1143,"XX[X[0,1|1,2],X[0,1|0,0]]",14,"X[0,1|1,2]",9,"X[0,1|0,0]",4,"(1,5,1,0)",1143,"('A_X1','B_X1','A_X2','B_X2')"
1144,"XX[X[0,1|1,2],X[0,1|0,1]]",14,"X[0,1|1,2]",10,"X[0,1|0,1]",4,"(1,5,1,1)",1144,"('A_X1','B_X1','A_X2','B_X2')"
1145,"XX[X[0,1|1,2],X[0,1|0,2]]",14,"X[0,1|1,2]",11,"X[0,1|0,2]",4,"(1,5,1,2)",1145,"('A_X1','B_X1','A_X2','B_X2')"
1146,"XX[X[0,1|1,2],X[0,1|1,0]]",14,"X[0,1|1,2]",12,"X[0,1|1,0]",4,"(1,5,1,3)",1146,"('A_X1','B_X1','A_X2','B_X2')"
1147,"XX[X[0,1|1,2],X[0,1|1,1]]",14,"X[0,1|1,2]",13,"X[0,1|1,1]",4,"(1,5,1,4)",1147,"('A_X1','B_X1','A_X2','B_X2')"
1148,"XX[X[0,1|1,2],X[0,1|1,2]]",14,"X[0,1|1,2]",14,"X[0,1|1,2]",4,"(1,5,1,5)",1148,"('A_X1','B_X1','A_X2','B_X2')"
1149,"XX[X[0,1|1,2],X[0,1|2,0]]",14,"X[0,1|1,2]",15,"X[0,1|2,0]",4,"(1,5,1,6)",1149,"('A_X1','B_X1','A_X2','B_X2')"
1150,"XX[X[0,1|1,2],X[0,1|2,1]]",14,"X[0,1|1,2]",16,"X[0,1|2,1]",4,"(1,5,1,7)",1150,"('A_X1','B_X1','A_X2','B_X2')"
1151,"XX[X[0,1|1,2],X[0,1|2,2]]",14,"X[0,1|1,2]",17,"X[0,1|2,2]",4,"(1,5,1,8)",1151,"('A_X1','B_X1','A_X2','B_X2')"
1152,"XX[X[0,1|1,2],X[0,2|0,0]]",14,"X[0,1|1,2]",18,"X[0,2|0,0]",4,"(1,5,2,0)",1152,"('A_X1','B_X1','A_X2','B_X2')"
1153,"XX[X[0,1|1,2],X[0,2|0,1]]",14,"X[0,1|1,2]",19,"X[0,2|0,1]",4,"(1,5,2,1)",1153,"('A_X1','B_X1','A_X2','B_X2')"
1154,"XX[X[0,1|1,2],X[0,2|0,2]]",14,"X[0,1|1,2]",20,"X[0,2|0,2]",4,"(1,5,2,2)",1154,"('A_X1','B_X1','A_X2','B_X2')"
1155,"XX[X[0,1|1,2],X[0,2|1,0]]",14,"X[0,1|1,2]",21,"X[0,2|1,0]",4,"(1,5,2,3)",1155,"('A_X1','B_X1','A_X2','B_X2')"
1156,"XX[X[0,1|1,2],X[0,2|1,1]]",14,"X[0,1|1,2]",22,"X[0,2|1,1]",4,"(1,5,2,4)",1156,"('A_X1','B_X1','A_X2','B_X2')"
1157,"XX[X[0,1|1,2],X[0,2|1,2]]",14,"X[0,1|1,2]",23,"X[0,2|1,2]",4,"(1,5,2,5)",1157,"('A_X1','B_X1','A_X2','B_X2')"
1158,"XX[X[0,1|1,2],X[0,2|2,0]]",14,"X[0,1|1,2]",24,"X[0,2|2,0]",4,"(1,5,2,6)",1158,"('A_X1','B_X1','A_X2','B_X2')"
1159,"XX[X[0,1|1,2],X[0,2|2,1]]",14,"X[0,1|1,2]",25,"X[0,2|2,1]",4,"(1,5,2,7)",1159,"('A_X1','B_X1','A_X2','B_X2')"
1160,"XX[X[0,1|1,2],X[0,2|2,2]]",14,"X[0,1|1,2]",26,"X[0,2|2,2]",4,"(1,5,2,8)",1160,"('A_X1','B_X1','A_X2','B_X2')"
1161,"XX[X[0,1|1,2],X[1,0|0,0]]",14,"X[0,1|1,2]",27,"X[1,0|0,0]",4,"(1,5,3,0)",1161,"('A_X1','B_X1','A_X2','B_X2')"
1162,"XX[X[0,1|1,2],X[1,0|0,1]]",14,"X[0,1|1,2]",28,"X[1,0|0,1]",4,"(1,5,3,1)",1162,"('A_X1','B_X1','A_X2','B_X2')"
1163,"XX[X[0,1|1,2],X[1,0|0,2]]",14,"X[0,1|1,2]",29,"X[1,0|0,2]",4,"(1,5,3,2)",1163,"('A_X1','B_X1','A_X2','B_X2')"
1164,"XX[X[0,1|1,2],X[1,0|1,0]]",14,"X[0,1|1,2]",30,"X[1,0|1,0]",4,"(1,5,3,3)",1164,"('A_X1','B_X1','A_X2','B_X2')"
1165,"XX[X[0,1|1,2],X[1,0|1,1]]",14,"X[0,1|1,2]",31,"X[1,0|1,1]",4,"(1,5,3,4)",1165,"('A_X1','B_X1','A_X2','B_X2')"
1166,"XX[X[0,1|1,2],X[1,0|1,2]]",14,"X[0,1|1,2]",32,"X[1,0|1,2]",4,"(1,5,3,5)",1166,"('A_X1','B_X1','A_X2','B_X2')"
1167,"XX[X[0,1|1,2],X[1,0|2,0]]",14,"X[0,1|1,2]",33,"X[1,0|2,0]",4,"(1,5,3,6)",1167,"('A_X1','B_X1','A_X2','B_X2')"
1168,"XX[X[0,1|1,2],X[1,0|2,1]]",14,"X[0,1|1,2]",34,"X[1,0|2,1]",4,"(1,5,3,7)",1168,"('A_X1','B_X1','A_X2','B_X2')"
1169,"XX[X[0,1|1,2],X[1,0|2,2]]",14,"X[0,1|1,2]",35,"X[1,0|2,2]",4,"(1,5,3,8)",1169,"('A_X1','B_X1','A_X2','B_X2')"
1170,"XX[X[0,1|1,2],X[1,1|0,0]]",14,"X[0,1|1,2]",36,"X[1,1|0,0]",4,"(1,5,4,0)",1170,"('A_X1','B_X1','A_X2','B_X2')"
1171,"XX[X[0,1|1,2],X[1,1|0,1]]",14,"X[0,1|1,2]",37,"X[1,1|0,1]",4,"(1,5,4,1)",1171,"('A_X1','B_X1','A_X2','B_X2')"
1172,"XX[X[0,1|1,2],X[1,1|0,2]]",14,"X[0,1|1,2]",38,"X[1,1|0,2]",4,"(1,5,4,2)",1172,"('A_X1','B_X1','A_X2','B_X2')"
1173,"XX[X[0,1|1,2],X[1,1|1,0]]",14,"X[0,1|1,2]",39,"X[1,1|1,0]",4,"(1,5,4,3)",1173,"('A_X1','B_X1','A_X2','B_X2')"
1174,"XX[X[0,1|1,2],X[1,1|1,1]]",14,"X[0,1|1,2]",40,"X[1,1|1,1]",4,"(1,5,4,4)",1174,"('A_X1','B_X1','A_X2','B_X2')"
1175,"XX[X[0,1|1,2],X[1,1|1,2]]",14,"X[0,1|1,2]",41,"X[1,1|1,2]",4,"(1,5,4,5)",1175,"('A_X1','B_X1','A_X2','B_X2')"
1176,"XX[X[0,1|1,2],X[1,1|2,0]]",14,"X[0,1|1,2]",42,"X[1,1|2,0]",4,"(1,5,4,6)",1176,"('A_X1','B_X1','A_X2','B_X2')"
1177,"XX[X[0,1|1,2],X[1,1|2,1]]",14,"X[0,1|1,2]",43,"X[1,1|2,1]",4,"(1,5,4,7)",1177,"('A_X1','B_X1','A_X2','B_X2')"
1178,"XX[X[0,1|1,2],X[1,1|2,2]]",14,"X[0,1|1,2]",44,"X[1,1|2,2]",4,"(1,5,4,8)",1178,"('A_X1','B_X1','A_X2','B_X2')"
1179,"XX[X[0,1|1,2],X[1,2|0,0]]",14,"X[0,1|1,2]",45,"X[1,2|0,0]",4,"(1,5,5,0)",1179,"('A_X1','B_X1','A_X2','B_X2')"
1180,"XX[X[0,1|1,2],X[1,2|0,1]]",14,"X[0,1|1,2]",46,"X[1,2|0,1]",4,"(1,5,5,1)",1180,"('A_X1','B_X1','A_X2','B_X2')"
1181,"XX[X[0,1|1,2],X[1,2|0,2]]",14,"X[0,1|1,2]",47,"X[1,2|0,2]",4,"(1,5,5,2)",1181,"('A_X1','B_X1','A_X2','B_X2')"
1182,"XX[X[0,1|1,2],X[1,2|1,0]]",14,"X[0,1|1,2]",48,"X[1,2|1,0]",4,"(1,5,5,3)",1182,"('A_X1','B_X1','A_X2','B_X2')"
1183,"XX[X[0,1|1,2],X[1,2|1,1]]",14,"X[0,1|1,2]",49,"X[1,2|1,1]",4,"(1,5,5,4)",1183,"('A_X1','B_X1','A_X2','B_X2')"
1184,"XX[X[0,1|1,2],X[1,2|1,2]]",14,"X[0,1|1,2]",50,"X[1,2|1,2]",4,"(1,5,5,5)",1184,"('A_X1','B_X1','A_X2','B_X2')"
1185,"XX[X[0,1|1,2],X[1,2|2,0]]",14,"X[0,1|1,2]",51,"X[1,2|2,0]",4,"(1,5,5,6)",1185,"('A_X1','B_X1','A_X2','B_X2')"
1186,"XX[X[0,1|1,2],X[1,2|2,1]]",14,"X[0,1|1,2]",52,"X[1,2|2,1]",4,"(1,5,5,7)",1186,"('A_X1','B_X1','A_X2','B_X2')"
1187,"XX[X[0,1|1,2],X[1,2|2,2]]",14,"X[0,1|1,2]",53,"X[1,2|2,2]",4,"(1,5,5,8)",1187,"('A_X1','B_X1','A_X2','B_X2')"
1188,"XX[X[0,1|1,2],X[2,0|0,0]]",14,"X[0,1|1,2]",54,"X[2,0|0,0]",4,"(1,5,6,0)",1188,"('A_X1','B_X1','A_X2','B_X2')"
1189,"XX[X[0,1|1,2],X[2,0|0,1]]",14,"X[0,1|1,2]",55,"X[2,0|0,1]",4,"(1,5,6,1)",1189,"('A_X1','B_X1','A_X2','B_X2')"
1190,"XX[X[0,1|1,2],X[2,0|0,2]]",14,"X[0,1|1,2]",56,"X[2,0|0,2]",4,"(1,5,6,2)",1190,"('A_X1','B_X1','A_X2','B_X2')"
1191,"XX[X[0,1|1,2],X[2,0|1,0]]",14,"X[0,1|1,2]",57,"X[2,0|1,0]",4,"(1,5,6,3)",1191,"('A_X1','B_X1','A_X2','B_X2')"
1192,"XX[X[0,1|1,2],X[2,0|1,1]]",14,"X[0,1|1,2]",58,"X[2,0|1,1]",4,"(1,5,6,4)",1192,"('A_X1','B_X1','A_X2','B_X2')"
1193,"XX[X[0,1|1,2],X[2,0|1,2]]",14,"X[0,1|1,2]",59,"X[2,0|1,2]",4,"(1,5,6,5)",1193,"('A_X1','B_X1','A_X2','B_X2')"
1194,"XX[X[0,1|1,2],X[2,0|2,0]]",14,"X[0,1|1,2]",60,"X[2,0|2,0]",4,"(1,5,6,6)",1194,"('A_X1','B_X1','A_X2','B_X2')"
1195,"XX[X[0,1|1,2],X[2,0|2,1]]",14,"X[0,1|1,2]",61,"X[2,0|2,1]",4,"(1,5,6,7)",1195,"('A_X1','B_X1','A_X2','B_X2')"
1196,"XX[X[0,1|1,2],X[2,0|2,2]]",14,"X[0,1|1,2]",62,"X[2,0|2,2]",4,"(1,5,6,8)",1196,"('A_X1','B_X1','A_X2','B_X2')"
1197,"XX[X[0,1|1,2],X[2,1|0,0]]",14,"X[0,1|1,2]",63,"X[2,1|0,0]",4,"(1,5,7,0)",1197,"('A_X1','B_X1','A_X2','B_X2')"
1198,"XX[X[0,1|1,2],X[2,1|0,1]]",14,"X[0,1|1,2]",64,"X[2,1|0,1]",4,"(1,5,7,1)",1198,"('A_X1','B_X1','A_X2','B_X2')"
1199,"XX[X[0,1|1,2],X[2,1|0,2]]",14,"X[0,1|1,2]",65,"X[2,1|0,2]",4,"(1,5,7,2)",1199,"('A_X1','B_X1','A_X2','B_X2')"
1200,"XX[X[0,1|1,2],X[2,1|1,0]]",14,"X[0,1|1,2]",66,"X[2,1|1,0]",4,"(1,5,7,3)",1200,"('A_X1','B_X1','A_X2','B_X2')"
1201,"XX[X[0,1|1,2],X[2,1|1,1]]",14,"X[0,1|1,2]",67,"X[2,1|1,1]",4,"(1,5,7,4)",1201,"('A_X1','B_X1','A_X2','B_X2')"
1202,"XX[X[0,1|1,2],X[2,1|1,2]]",14,"X[0,1|1,2]",68,"X[2,1|1,2]",4,"(1,5,7,5)",1202,"('A_X1','B_X1','A_X2','B_X2')"
1203,"XX[X[0,1|1,2],X[2,1|2,0]]",14,"X[0,1|1,2]",69,"X[2,1|2,0]",4,"(1,5,7,6)",1203,"('A_X1','B_X1','A_X2','B_X2')"
1204,"XX[X[0,1|1,2],X[2,1|2,1]]",14,"X[0,1|1,2]",70,"X[2,1|2,1]",4,"(1,5,7,7)",1204,"('A_X1','B_X1','A_X2','B_X2')"
1205,"XX[X[0,1|1,2],X[2,1|2,2]]",14,"X[0,1|1,2]",71,"X[2,1|2,2]",4,"(1,5,7,8)",1205,"('A_X1','B_X1','A_X2','B_X2')"
1206,"XX[X[0,1|1,2],X[2,2|0,0]]",14,"X[0,1|1,2]",72,"X[2,2|0,0]",4,"(1,5,8,0)",1206,"('A_X1','B_X1','A_X2','B_X2')"
1207,"XX[X[0,1|1,2],X[2,2|0,1]]",14,"X[0,1|1,2]",73,"X[2,2|0,1]",4,"(1,5,8,1)",1207,"('A_X1','B_X1','A_X2','B_X2')"
1208,"XX[X[0,1|1,2],X[2,2|0,2]]",14,"X[0,1|1,2]",74,"X[2,2|0,2]",4,"(1,5,8,2)",1208,"('A_X1','B_X1','A_X2','B_X2')"
1209,"XX[X[0,1|1,2],X[2,2|1,0]]",14,"X[0,1|1,2]",75,"X[2,2|1,0]",4,"(1,5,8,3)",1209,"('A_X1','B_X1','A_X2','B_X2')"
1210,"XX[X[0,1|1,2],X[2,2|1,1]]",14,"X[0,1|1,2]",76,"X[2,2|1,1]",4,"(1,5,8,4)",1210,"('A_X1','B_X1','A_X2','B_X2')"
1211,"XX[X[0,1|1,2],X[2,2|1,2]]",14,"X[0,1|1,2]",77,"X[2,2|1,2]",4,"(1,5,8,5)",1211,"('A_X1','B_X1','A_X2','B_X2')"
1212,"XX[X[0,1|1,2],X[2,2|2,0]]",14,"X[0,1|1,2]",78,"X[2,2|2,0]",4,"(1,5,8,6)",1212,"('A_X1','B_X1','A_X2','B_X2')"
1213,"XX[X[0,1|1,2],X[2,2|2,1]]",14,"X[0,1|1,2]",79,"X[2,2|2,1]",4,"(1,5,8,7)",1213,"('A_X1','B_X1','A_X2','B_X2')"
1214,"XX[X[0,1|1,2],X[2,2|2,2]]",14,"X[0,1|1,2]",80,"X[2,2|2,2]",4,"(1,5,8,8)",1214,"('A_X1','B_X1','A_X2','B_X2')"
1215,"XX[X[0,1|2,0],X[0,0|0,0]]",15,"X[0,1|2,0]",0,"X[0,0|0,0]",4,"(1,6,0,0)",1215,"('A_X1','B_X1','A_X2','B_X2')"
1216,"XX[X[0,1|2,0],X[0,0|0,1]]",15,"X[0,1|2,0]",1,"X[0,0|0,1]",4,"(1,6,0,1)",1216,"('A_X1','B_X1','A_X2','B_X2')"
1217,"XX[X[0,1|2,0],X[0,0|0,2]]",15,"X[0,1|2,0]",2,"X[0,0|0,2]",4,"(1,6,0,2)",1217,"('A_X1','B_X1','A_X2','B_X2')"
1218,"XX[X[0,1|2,0],X[0,0|1,0]]",15,"X[0,1|2,0]",3,"X[0,0|1,0]",4,"(1,6,0,3)",1218,"('A_X1','B_X1','A_X2','B_X2')"
1219,"XX[X[0,1|2,0],X[0,0|1,1]]",15,"X[0,1|2,0]",4,"X[0,0|1,1]",4,"(1,6,0,4)",1219,"('A_X1','B_X1','A_X2','B_X2')"
1220,"XX[X[0,1|2,0],X[0,0|1,2]]",15,"X[0,1|2,0]",5,"X[0,0|1,2]",4,"(1,6,0,5)",1220,"('A_X1','B_X1','A_X2','B_X2')"
1221,"XX[X[0,1|2,0],X[0,0|2,0]]",15,"X[0,1|2,0]",6,"X[0,0|2,0]",4,"(1,6,0,6)",1221,"('A_X1','B_X1','A_X2','B_X2')"
1222,"XX[X[0,1|2,0],X[0,0|2,1]]",15,"X[0,1|2,0]",7,"X[0,0|2,1]",4,"(1,6,0,7)",1222,"('A_X1','B_X1','A_X2','B_X2')"
1223,"XX[X[0,1|2,0],X[0,0|2,2]]",15,"X[0,1|2,0]",8,"X[0,0|2,2]",4,"(1,6,0,8)",1223,"('A_X1','B_X1','A_X2','B_X2')"
1224,"XX[X[0,1|2,0],X[0,1|0,0]]",15,"X[0,1|2,0]",9,"X[0,1|0,0]",4,"(1,6,1,0)",1224,"('A_X1','B_X1','A_X2','B_X2')"
1225,"XX[X[0,1|2,0],X[0,1|0,1]]",15,"X[0,1|2,0]",10,"X[0,1|0,1]",4,"(1,6,1,1)",1225,"('A_X1','B_X1','A_X2','B_X2')"
1226,"XX[X[0,1|2,0],X[0,1|0,2]]",15,"X[0,1|2,0]",11,"X[0,1|0,2]",4,"(1,6,1,2)",1226,"('A_X1','B_X1','A_X2','B_X2')"
1227,"XX[X[0,1|2,0],X[0,1|1,0]]",15,"X[0,1|2,0]",12,"X[0,1|1,0]",4,"(1,6,1,3)",1227,"('A_X1','B_X1','A_X2','B_X2')"
1228,"XX[X[0,1|2,0],X[0,1|1,1]]",15,"X[0,1|2,0]",13,"X[0,1|1,1]",4,"(1,6,1,4)",1228,"('A_X1','B_X1','A_X2','B_X2')"
1229,"XX[X[0,1|2,0],X[0,1|1,2]]",15,"X[0,1|2,0]",14,"X[0,1|1,2]",4,"(1,6,1,5)",1229,"('A_X1','B_X1','A_X2','B_X2')"
1230,"XX[X[0,1|2,0],X[0,1|2,0]]",15,"X[0,1|2,0]",15,"X[0,1|2,0]",4,"(1,6,1,6)",1230,"('A_X1','B_X1','A_X2','B_X2')"
1231,"XX[X[0,1|2,0],X[0,1|2,1]]",15,"X[0,1|2,0]",16,"X[0,1|2,1]",4,"(1,6,1,7)",1231,"('A_X1','B_X1','A_X2','B_X2')"
1232,"XX[X[0,1|2,0],X[0,1|2,2]]",15,"X[0,1|2,0]",17,"X[0,1|2,2]",4,"(1,6,1,8)",1232,"('A_X1','B_X1','A_X2','B_X2')"
1233,"XX[X[0,1|2,0],X[0,2|0,0]]",15,"X[0,1|2,0]",18,"X[0,2|0,0]",4,"(1,6,2,0)",1233,"('A_X1','B_X1','A_X2','B_X2')"
1234,"XX[X[0,1|2,0],X[0,2|0,1]]",15,"X[0,1|2,0]",19,"X[0,2|0,1]",4,"(1,6,2,1)",1234,"('A_X1','B_X1','A_X2','B_X2')"
1235,"XX[X[0,1|2,0],X[0,2|0,2]]",15,"X[0,1|2,0]",20,"X[0,2|0,2]",4,"(1,6,2,2)",1235,"('A_X1','B_X1','A_X2','B_X2')"
1236,"XX[X[0,1|2,0],X[0,2|1,0]]",15,"X[0,1|2,0]",21,"X[0,2|1,0]",4,"(1,6,2,3)",1236,"('A_X1','B_X1','A_X2','B_X2')"
1237,"XX[X[0,1|2,0],X[0,2|1,1]]",15,"X[0,1|2,0]",22,"X[0,2|1,1]",4,"(1,6,2,4)",1237,"('A_X1','B_X1','A_X2','B_X2')"
1238,"XX[X[0,1|2,0],X[0,2|1,2]]",15,"X[0,1|2,0]",23,"X[0,2|1,2]",4,"(1,6,2,5)",1238,"('A_X1','B_X1','A_X2','B_X2')"
1239,"XX[X[0,1|2,0],X[0,2|2,0]]",15,"X[0,1|2,0]",24,"X[0,2|2,0]",4,"(1,6,2,6)",1239,"('A_X1','B_X1','A_X2','B_X2')"
1240,"XX[X[0,1|2,0],X[0,2|2,1]]",15,"X[0,1|2,0]",25,"X[0,2|2,1]",4,"(1,6,2,7)",1240,"('A_X1','B_X1','A_X2','B_X2')"
1241,"XX[X[0,1|2,0],X[0,2|2,2]]",15,"X[0,1|2,0]",26,"X[0,2|2,2]",4,"(1,6,2,8)",1241,"('A_X1','B_X1','A_X2','B_X2')"
1242,"XX[X[0,1|2,0],X[1,0|0,0]]",15,"X[0,1|2,0]",27,"X[1,0|0,0]",4,"(1,6,3,0)",1242,"('A_X1','B_X1','A_X2','B_X2')"
1243,"XX[X[0,1|2,0],X[1,0|0,1]]",15,"X[0,1|2,0]",28,"X[1,0|0,1]",4,"(1,6,3,1)",1243,"('A_X1','B_X1','A_X2','B_X2')"
1244,"XX[X[0,1|2,0],X[1,0|0,2]]",15,"X[0,1|2,0]",29,"X[1,0|0,2]",4,"(1,6,3,2)",1244,"('A_X1','B_X1','A_X2','B_X2')"
1245,"XX[X[0,1|2,0],X[1,0|1,0]]",15,"X[0,1|2,0]",30,"X[1,0|1,0]",4,"(1,6,3,3)",1245,"('A_X1','B_X1','A_X2','B_X2')"
1246,"XX[X[0,1|2,0],X[1,0|1,1]]",15,"X[0,1|2,0]",31,"X[1,0|1,1]",4,"(1,6,3,4)",1246,"('A_X1','B_X1','A_X2','B_X2')"
1247,"XX[X[0,1|2,0],X[1,0|1,2]]",15,"X[0,1|2,0]",32,"X[1,0|1,2]",4,"(1,6,3,5)",1247,"('A_X1','B_X1','A_X2','B_X2')"
1248,"XX[X[0,1|2,0],X[1,0|2,0]]",15,"X[0,1|2,0]",33,"X[1,0|2,0]",4,"(1,6,3,6)",1248,"('A_X1','B_X1','A_X2','B_X2')"
1249,"XX[X[0,1|2,0],X[1,0|2,1]]",15,"X[0,1|2,0]",34,"X[1,0|2,1]",4,"(1,6,3,7)",1249,"('A_X1','B_X1','A_X2','B_X2')"
1250,"XX[X[0,1|2,0],X[1,0|2,2]]",15,"X[0,1|2,0]",35,"X[1,0|2,2]",4,"(1,6,3,8)",1250,"('A_X1','B_X1','A_X2','B_X2')"
1251,"XX[X[0,1|2,0],X[1,1|0,0]]",15,"X[0,1|2,0]",36,"X[1,1|0,0]",4,"(1,6,4,0)",1251,"('A_X1','B_X1','A_X2','B_X2')"
1252,"XX[X[0,1|2,0],X[1,1|0,1]]",15,"X[0,1|2,0]",37,"X[1,1|0,1]",4,"(1,6,4,1)",1252,"('A_X1','B_X1','A_X2','B_X2')"
1253,"XX[X[0,1|2,0],X[1,1|0,2]]",15,"X[0,1|2,0]",38,"X[1,1|0,2]",4,"(1,6,4,2)",1253,"('A_X1','B_X1','A_X2','B_X2')"
1254,"XX[X[0,1|2,0],X[1,1|1,0]]",15,"X[0,1|2,0]",39,"X[1,1|1,0]",4,"(1,6,4,3)",1254,"('A_X1','B_X1','A_X2','B_X2')"
1255,"XX[X[0,1|2,0],X[1,1|1,1]]",15,"X[0,1|2,0]",40,"X[1,1|1,1]",4,"(1,6,4,4)",1255,"('A_X1','B_X1','A_X2','B_X2')"
1256,"XX[X[0,1|2,0],X[1,1|1,2]]",15,"X[0,1|2,0]",41,"X[1,1|1,2]",4,"(1,6,4,5)",1256,"('A_X1','B_X1','A_X2','B_X2')"
1257,"XX[X[0,1|2,0],X[1,1|2,0]]",15,"X[0,1|2,0]",42,"X[1,1|2,0]",4,"(1,6,4,6)",1257,"('A_X1','B_X1','A_X2','B_X2')"
1258,"XX[X[0,1|2,0],X[1,1|2,1]]",15,"X[0,1|2,0]",43,"X[1,1|2,1]",4,"(1,6,4,7)",1258,"('A_X1','B_X1','A_X2','B_X2')"
1259,"XX[X[0,1|2,0],X[1,1|2,2]]",15,"X[0,1|2,0]",44,"X[1,1|2,2]",4,"(1,6,4,8)",1259,"('A_X1','B_X1','A_X2','B_X2')"
1260,"XX[X[0,1|2,0],X[1,2|0,0]]",15,"X[0,1|2,0]",45,"X[1,2|0,0]",4,"(1,6,5,0)",1260,"('A_X1','B_X1','A_X2','B_X2')"
1261,"XX[X[0,1|2,0],X[1,2|0,1]]",15,"X[0,1|2,0]",46,"X[1,2|0,1]",4,"(1,6,5,1)",1261,"('A_X1','B_X1','A_X2','B_X2')"
1262,"XX[X[0,1|2,0],X[1,2|0,2]]",15,"X[0,1|2,0]",47,"X[1,2|0,2]",4,"(1,6,5,2)",1262,"('A_X1','B_X1','A_X2','B_X2')"
1263,"XX[X[0,1|2,0],X[1,2|1,0]]",15,"X[0,1|2,0]",48,"X[1,2|1,0]",4,"(1,6,5,3)",1263,"('A_X1','B_X1','A_X2','B_X2')"
1264,"XX[X[0,1|2,0],X[1,2|1,1]]",15,"X[0,1|2,0]",49,"X[1,2|1,1]",4,"(1,6,5,4)",1264,"('A_X1','B_X1','A_X2','B_X2')"
1265,"XX[X[0,1|2,0],X[1,2|1,2]]",15,"X[0,1|2,0]",50,"X[1,2|1,2]",4,"(1,6,5,5)",1265,"('A_X1','B_X1','A_X2','B_X2')"
1266,"XX[X[0,1|2,0],X[1,2|2,0]]",15,"X[0,1|2,0]",51,"X[1,2|2,0]",4,"(1,6,5,6)",1266,"('A_X1','B_X1','A_X2','B_X2')"
1267,"XX[X[0,1|2,0],X[1,2|2,1]]",15,"X[0,1|2,0]",52,"X[1,2|2,1]",4,"(1,6,5,7)",1267,"('A_X1','B_X1','A_X2','B_X2')"
1268,"XX[X[0,1|2,0],X[1,2|2,2]]",15,"X[0,1|2,0]",53,"X[1,2|2,2]",4,"(1,6,5,8)",1268,"('A_X1','B_X1','A_X2','B_X2')"
1269,"XX[X[0,1|2,0],X[2,0|0,0]]",15,"X[0,1|2,0]",54,"X[2,0|0,0]",4,"(1,6,6,0)",1269,"('A_X1','B_X1','A_X2','B_X2')"
1270,"XX[X[0,1|2,0],X[2,0|0,1]]",15,"X[0,1|2,0]",55,"X[2,0|0,1]",4,"(1,6,6,1)",1270,"('A_X1','B_X1','A_X2','B_X2')"
1271,"XX[X[0,1|2,0],X[2,0|0,2]]",15,"X[0,1|2,0]",56,"X[2,0|0,2]",4,"(1,6,6,2)",1271,"('A_X1','B_X1','A_X2','B_X2')"
1272,"XX[X[0,1|2,0],X[2,0|1,0]]",15,"X[0,1|2,0]",57,"X[2,0|1,0]",4,"(1,6,6,3)",1272,"('A_X1','B_X1','A_X2','B_X2')"
1273,"XX[X[0,1|2,0],X[2,0|1,1]]",15,"X[0,1|2,0]",58,"X[2,0|1,1]",4,"(1,6,6,4)",1273,"('A_X1','B_X1','A_X2','B_X2')"
1274,"XX[X[0,1|2,0],X[2,0|1,2]]",15,"X[0,1|2,0]",59,"X[2,0|1,2]",4,"(1,6,6,5)",1274,"('A_X1','B_X1','A_X2','B_X2')"
1275,"XX[X[0,1|2,0],X[2,0|2,0]]",15,"X[0,1|2,0]",60,"X[2,0|2,0]",4,"(1,6,6,6)",1275,"('A_X1','B_X1','A_X2','B_X2')"
1276,"XX[X[0,1|2,0],X[2,0|2,1]]",15,"X[0,1|2,0]",61,"X[2,0|2,1]",4,"(1,6,6,7)",1276,"('A_X1','B_X1','A_X2','B_X2')"
1277,"XX[X[0,1|2,0],X[2,0|2,2]]",15,"X[0,1|2,0]",62,"X[2,0|2,2]",4,"(1,6,6,8)",1277,"('A_X1','B_X1','A_X2','B_X2')"
1278,"XX[X[0,1|2,0],X[2,1|0,0]]",15,"X[0,1|2,0]",63,"X[2,1|0,0]",4,"(1,6,7,0)",1278,"('A_X1','B_X1','A_X2','B_X2')"
1279,"XX[X[0,1|2,0],X[2,1|0,1]]",15,"X[0,1|2,0]",64,"X[2,1|0,1]",4,"(1,6,7,1)",1279,"('A_X1','B_X1','A_X2','B_X2')"
1280,"XX[X[0,1|2,0],X[2,1|0,2]]",15,"X[0,1|2,0]",65,"X[2,1|0,2]",4,"(1,6,7,2)",1280,"('A_X1','B_X1','A_X2','B_X2')"
1281,"XX[X[0,1|2,0],X[2,1|1,0]]",15,"X[0,1|2,0]",66,"X[2,1|1,0]",4,"(1,6,7,3)",1281,"('A_X1','B_X1','A_X2','B_X2')"
1282,"XX[X[0,1|2,0],X[2,1|1,1]]",15,"X[0,1|2,0]",67,"X[2,1|1,1]",4,"(1,6,7,4)",1282,"('A_X1','B_X1','A_X2','B_X2')"
1283,"XX[X[0,1|2,0],X[2,1|1,2]]",15,"X[0,1|2,0]",68,"X[2,1|1,2]",4,"(1,6,7,5)",1283,"('A_X1','B_X1','A_X2','B_X2')"
1284,"XX[X[0,1|2,0],X[2,1|2,0]]",15,"X[0,1|2,0]",69,"X[2,1|2,0]",4,"(1,6,7,6)",1284,"('A_X1','B_X1','A_X2','B_X2')"
1285,"XX[X[0,1|2,0],X[2,1|2,1]]",15,"X[0,1|2,0]",70,"X[2,1|2,1]",4,"(1,6,7,7)",1285,"('A_X1','B_X1','A_X2','B_X2')"
1286,"XX[X[0,1|2,0],X[2,1|2,2]]",15,"X[0,1|2,0]",71,"X[2,1|2,2]",4,"(1,6,7,8)",1286,"('A_X1','B_X1','A_X2','B_X2')"
1287,"XX[X[0,1|2,0],X[2,2|0,0]]",15,"X[0,1|2,0]",72,"X[2,2|0,0]",4,"(1,6,8,0)",1287,"('A_X1','B_X1','A_X2','B_X2')"
1288,"XX[X[0,1|2,0],X[2,2|0,1]]",15,"X[0,1|2,0]",73,"X[2,2|0,1]",4,"(1,6,8,1)",1288,"('A_X1','B_X1','A_X2','B_X2')"
1289,"XX[X[0,1|2,0],X[2,2|0,2]]",15,"X[0,1|2,0]",74,"X[2,2|0,2]",4,"(1,6,8,2)",1289,"('A_X1','B_X1','A_X2','B_X2')"
1290,"XX[X[0,1|2,0],X[2,2|1,0]]",15,"X[0,1|2,0]",75,"X[2,2|1,0]",4,"(1,6,8,3)",1290,"('A_X1','B_X1','A_X2','B_X2')"
1291,"XX[X[0,1|2,0],X[2,2|1,1]]",15,"X[0,1|2,0]",76,"X[2,2|1,1]",4,"(1,6,8,4)",1291,"('A_X1','B_X1','A_X2','B_X2')"
1292,"XX[X[0,1|2,0],X[2,2|1,2]]",15,"X[0,1|2,0]",77,"X[2,2|1,2]",4,"(1,6,8,5)",1292,"('A_X1','B_X1','A_X2','B_X2')"
1293,"XX[X[0,1|2,0],X[2,2|2,0]]",15,"X[0,1|2,0]",78,"X[2,2|2,0]",4,"(1,6,8,6)",1293,"('A_X1','B_X1','A_X2','B_X2')"
1294,"XX[X[0,1|2,0],X[2,2|2,1]]",15,"X[0,1|2,0]",79,"X[2,2|2,1]",4,"(1,6,8,7)",1294,"('A_X1','B_X1','A_X2','B_X2')"
1295,"XX[X[0,1|2,0],X[2,2|2,2]]",15,"X[0,1|2,0]",80,"X[2,2|2,2]",4,"(1,6,8,8)",1295,"('A_X1','B_X1','A_X2','B_X2')"
1296,"XX[X[0,1|2,1],X[0,0|0,0]]",16,"X[0,1|2,1]",0,"X[0,0|0,0]",4,"(1,7,0,0)",1296,"('A_X1','B_X1','A_X2','B_X2')"
1297,"XX[X[0,1|2,1],X[0,0|0,1]]",16,"X[0,1|2,1]",1,"X[0,0|0,1]",4,"(1,7,0,1)",1297,"('A_X1','B_X1','A_X2','B_X2')"
1298,"XX[X[0,1|2,1],X[0,0|0,2]]",16,"X[0,1|2,1]",2,"X[0,0|0,2]",4,"(1,7,0,2)",1298,"('A_X1','B_X1','A_X2','B_X2')"
1299,"XX[X[0,1|2,1],X[0,0|1,0]]",16,"X[0,1|2,1]",3,"X[0,0|1,0]",4,"(1,7,0,3)",1299,"('A_X1','B_X1','A_X2','B_X2')"
1300,"XX[X[0,1|2,1],X[0,0|1,1]]",16,"X[0,1|2,1]",4,"X[0,0|1,1]",4,"(1,7,0,4)",1300,"('A_X1','B_X1','A_X2','B_X2')"
1301,"XX[X[0,1|2,1],X[0,0|1,2]]",16,"X[0,1|2,1]",5,"X[0,0|1,2]",4,"(1,7,0,5)",1301,"('A_X1','B_X1','A_X2','B_X2')"
1302,"XX[X[0,1|2,1],X[0,0|2,0]]",16,"X[0,1|2,1]",6,"X[0,0|2,0]",4,"(1,7,0,6)",1302,"('A_X1','B_X1','A_X2','B_X2')"
1303,"XX[X[0,1|2,1],X[0,0|2,1]]",16,"X[0,1|2,1]",7,"X[0,0|2,1]",4,"(1,7,0,7)",1303,"('A_X1','B_X1','A_X2','B_X2')"
1304,"XX[X[0,1|2,1],X[0,0|2,2]]",16,"X[0,1|2,1]",8,"X[0,0|2,2]",4,"(1,7,0,8)",1304,"('A_X1','B_X1','A_X2','B_X2')"
1305,"XX[X[0,1|2,1],X[0,1|0,0]]",16,"X[0,1|2,1]",9,"X[0,1|0,0]",4,"(1,7,1,0)",1305,"('A_X1','B_X1','A_X2','B_X2')"
1306,"XX[X[0,1|2,1],X[0,1|0,1]]",16,"X[0,1|2,1]",10,"X[0,1|0,1]",4,"(1,7,1,1)",1306,"('A_X1','B_X1','A_X2','B_X2')"
1307,"XX[X[0,1|2,1],X[0,1|0,2]]",16,"X[0,1|2,1]",11,"X[0,1|0,2]",4,"(1,7,1,2)",1307,"('A_X1','B_X1','A_X2','B_X2')"
1308,"XX[X[0,1|2,1],X[0,1|1,0]]",16,"X[0,1|2,1]",12,"X[0,1|1,0]",4,"(1,7,1,3)",1308,"('A_X1','B_X1','A_X2','B_X2')"
1309,"XX[X[0,1|2,1],X[0,1|1,1]]",16,"X[0,1|2,1]",13,"X[0,1|1,1]",4,"(1,7,1,4)",1309,"('A_X1','B_X1','A_X2','B_X2')"
1310,"XX[X[0,1|2,1],X[0,1|1,2]]",16,"X[0,1|2,1]",14,"X[0,1|1,2]",4,"(1,7,1,5)",1310,"('A_X1','B_X1','A_X2','B_X2')"
1311,"XX[X[0,1|2,1],X[0,1|2,0]]",16,"X[0,1|2,1]",15,"X[0,1|2,0]",4,"(1,7,1,6)",1311,"('A_X1','B_X1','A_X2','B_X2')"
1312,"XX[X[0,1|2,1],X[0,1|2,1]]",16,"X[0,1|2,1]",16,"X[0,1|2,1]",4,"(1,7,1,7)",1312,"('A_X1','B_X1','A_X2','B_X2')"
1313,"XX[X[0,1|2,1],X[0,1|2,2]]",16,"X[0,1|2,1]",17,"X[0,1|2,2]",4,"(1,7,1,8)",1313,"('A_X1','B_X1','A_X2','B_X2')"
1314,"XX[X[0,1|2,1],X[0,2|0,0]]",16,"X[0,1|2,1]",18,"X[0,2|0,0]",4,"(1,7,2,0)",1314,"('A_X1','B_X1','A_X2','B_X2')"
1315,"XX[X[0,1|2,1],X[0,2|0,1]]",16,"X[0,1|2,1]",19,"X[0,2|0,1]",4,"(1,7,2,1)",1315,"('A_X1','B_X1','A_X2','B_X2')"
1316,"XX[X[0,1|2,1],X[0,2|0,2]]",16,"X[0,1|2,1]",20,"X[0,2|0,2]",4,"(1,7,2,2)",1316,"('A_X1','B_X1','A_X2','B_X2')"
1317,"XX[X[0,1|2,1],X[0,2|1,0]]",16,"X[0,1|2,1]",21,"X[0,2|1,0]",4,"(1,7,2,3)",1317,"('A_X1','B_X1','A_X2','B_X2')"
1318,"XX[X[0,1|2,1],X[0,2|1,1]]",16,"X[0,1|2,1]",22,"X[0,2|1,1]",4,"(1,7,2,4)",1318,"('A_X1','B_X1','A_X2','B_X2')"
1319,"XX[X[0,1|2,1],X[0,2|1,2]]",16,"X[0,1|2,1]",23,"X[0,2|1,2]",4,"(1,7,2,5)",1319,"('A_X1','B_X1','A_X2','B_X2')"
1320,"XX[X[0,1|2,1],X[0,2|2,0]]",16,"X[0,1|2,1]",24,"X[0,2|2,0]",4,"(1,7,2,6)",1320,"('A_X1','B_X1','A_X2','B_X2')"
1321,"XX[X[0,1|2,1],X[0,2|2,1]]",16,"X[0,1|2,1]",25,"X[0,2|2,1]",4,"(1,7,2,7)",1321,"('A_X1','B_X1','A_X2','B_X2')"
1322,"XX[X[0,1|2,1],X[0,2|2,2]]",16,"X[0,1|2,1]",26,"X[0,2|2,2]",4,"(1,7,2,8)",1322,"('A_X1','B_X1','A_X2','B_X2')"
1323,"XX[X[0,1|2,1],X[1,0|0,0]]",16,"X[0,1|2,1]",27,"X[1,0|0,0]",4,"(1,7,3,0)",1323,"('A_X1','B_X1','A_X2','B_X2')"
1324,"XX[X[0,1|2,1],X[1,0|0,1]]",16,"X[0,1|2,1]",28,"X[1,0|0,1]",4,"(1,7,3,1)",1324,"('A_X1','B_X1','A_X2','B_X2')"
1325,"XX[X[0,1|2,1],X[1,0|0,2]]",16,"X[0,1|2,1]",29,"X[1,0|0,2]",4,"(1,7,3,2)",1325,"('A_X1','B_X1','A_X2','B_X2')"
1326,"XX[X[0,1|2,1],X[1,0|1,0]]",16,"X[0,1|2,1]",30,"X[1,0|1,0]",4,"(1,7,3,3)",1326,"('A_X1','B_X1','A_X2','B_X2')"
1327,"XX[X[0,1|2,1],X[1,0|1,1]]",16,"X[0,1|2,1]",31,"X[1,0|1,1]",4,"(1,7,3,4)",1327,"('A_X1','B_X1','A_X2','B_X2')"
1328,"XX[X[0,1|2,1],X[1,0|1,2]]",16,"X[0,1|2,1]",32,"X[1,0|1,2]",4,"(1,7,3,5)",1328,"('A_X1','B_X1','A_X2','B_X2')"
1329,"XX[X[0,1|2,1],X[1,0|2,0]]",16,"X[0,1|2,1]",33,"X[1,0|2,0]",4,"(1,7,3,6)",1329,"('A_X1','B_X1','A_X2','B_X2')"
1330,"XX[X[0,1|2,1],X[1,0|2,1]]",16,"X[0,1|2,1]",34,"X[1,0|2,1]",4,"(1,7,3,7)",1330,"('A_X1','B_X1','A_X2','B_X2')"
1331,"XX[X[0,1|2,1],X[1,0|2,2]]",16,"X[0,1|2,1]",35,"X[1,0|2,2]",4,"(1,7,3,8)",1331,"('A_X1','B_X1','A_X2','B_X2')"
1332,"XX[X[0,1|2,1],X[1,1|0,0]]",16,"X[0,1|2,1]",36,"X[1,1|0,0]",4,"(1,7,4,0)",1332,"('A_X1','B_X1','A_X2','B_X2')"
1333,"XX[X[0,1|2,1],X[1,1|0,1]]",16,"X[0,1|2,1]",37,"X[1,1|0,1]",4,"(1,7,4,1)",1333,"('A_X1','B_X1','A_X2','B_X2')"
1334,"XX[X[0,1|2,1],X[1,1|0,2]]",16,"X[0,1|2,1]",38,"X[1,1|0,2]",4,"(1,7,4,2)",1334,"('A_X1','B_X1','A_X2','B_X2')"
1335,"XX[X[0,1|2,1],X[1,1|1,0]]",16,"X[0,1|2,1]",39,"X[1,1|1,0]",4,"(1,7,4,3)",1335,"('A_X1','B_X1','A_X2','B_X2')"
1336,"XX[X[0,1|2,1],X[1,1|1,1]]",16,"X[0,1|2,1]",40,"X[1,1|1,1]",4,"(1,7,4,4)",1336,"('A_X1','B_X1','A_X2','B_X2')"
1337,"XX[X[0,1|2,1],X[1,1|1,2]]",16,"X[0,1|2,1]",41,"X[1,1|1,2]",4,"(1,7,4,5)",1337,"('A_X1','B_X1','A_X2','B_X2')"
1338,"XX[X[0,1|2,1],X[1,1|2,0]]",16,"X[0,1|2,1]",42,"X[1,1|2,0]",4,"(1,7,4,6)",1338,"('A_X1','B_X1','A_X2','B_X2')"
1339,"XX[X[0,1|2,1],X[1,1|2,1]]",16,"X[0,1|2,1]",43,"X[1,1|2,1]",4,"(1,7,4,7)",1339,"('A_X1','B_X1','A_X2','B_X2')"
1340,"XX[X[0,1|2,1],X[1,1|2,2]]",16,"X[0,1|2,1]",44,"X[1,1|2,2]",4,"(1,7,4,8)",1340,"('A_X1','B_X1','A_X2','B_X2')"
1341,"XX[X[0,1|2,1],X[1,2|0,0]]",16,"X[0,1|2,1]",45,"X[1,2|0,0]",4,"(1,7,5,0)",1341,"('A_X1','B_X1','A_X2','B_X2')"
1342,"XX[X[0,1|2,1],X[1,2|0,1]]",16,"X[0,1|2,1]",46,"X[1,2|0,1]",4,"(1,7,5,1)",1342,"('A_X1','B_X1','A_X2','B_X2')"
1343,"XX[X[0,1|2,1],X[1,2|0,2]]",16,"X[0,1|2,1]",47,"X[1,2|0,2]",4,"(1,7,5,2)",1343,"('A_X1','B_X1','A_X2','B_X2')"
1344,"XX[X[0,1|2,1],X[1,2|1,0]]",16,"X[0,1|2,1]",48,"X[1,2|1,0]",4,"(1,7,5,3)",1344,"('A_X1','B_X1','A_X2','B_X2')"
1345,"XX[X[0,1|2,1],X[1,2|1,1]]",16,"X[0,1|2,1]",49,"X[1,2|1,1]",4,"(1,7,5,4)",1345,"('A_X1','B_X1','A_X2','B_X2')"
1346,"XX[X[0,1|2,1],X[1,2|1,2]]",16,"X[0,1|2,1]",50,"X[1,2|1,2]",4,"(1,7,5,5)",1346,"('A_X1','B_X1','A_X2','B_X2')"
1347,"XX[X[0,1|2,1],X[1,2|2,0]]",16,"X[0,1|2,1]",51,"X[1,2|2,0]",4,"(1,7,5,6)",1347,"('A_X1','B_X1','A_X2','B_X2')"
1348,"XX[X[0,1|2,1],X[1,2|2,1]]",16,"X[0,1|2,1]",52,"X[1,2|2,1]",4,"(1,7,5,7)",1348,"('A_X1','B_X1','A_X2','B_X2')"
1349,"XX[X[0,1|2,1],X[1,2|2,2]]",16,"X[0,1|2,1]",53,"X[1,2|2,2]",4,"(1,7,5,8)",1349,"('A_X1','B_X1','A_X2','B_X2')"
1350,"XX[X[0,1|2,1],X[2,0|0,0]]",16,"X[0,1|2,1]",54,"X[2,0|0,0]",4,"(1,7,6,0)",1350,"('A_X1','B_X1','A_X2','B_X2')"
1351,"XX[X[0,1|2,1],X[2,0|0,1]]",16,"X[0,1|2,1]",55,"X[2,0|0,1]",4,"(1,7,6,1)",1351,"('A_X1','B_X1','A_X2','B_X2')"
1352,"XX[X[0,1|2,1],X[2,0|0,2]]",16,"X[0,1|2,1]",56,"X[2,0|0,2]",4,"(1,7,6,2)",1352,"('A_X1','B_X1','A_X2','B_X2')"
1353,"XX[X[0,1|2,1],X[2,0|1,0]]",16,"X[0,1|2,1]",57,"X[2,0|1,0]",4,"(1,7,6,3)",1353,"('A_X1','B_X1','A_X2','B_X2')"
1354,"XX[X[0,1|2,1],X[2,0|1,1]]",16,"X[0,1|2,1]",58,"X[2,0|1,1]",4,"(1,7,6,4)",1354,"('A_X1','B_X1','A_X2','B_X2')"
1355,"XX[X[0,1|2,1],X[2,0|1,2]]",16,"X[0,1|2,1]",59,"X[2,0|1,2]",4,"(1,7,6,5)",1355,"('A_X1','B_X1','A_X2','B_X2')"
1356,"XX[X[0,1|2,1],X[2,0|2,0]]",16,"X[0,1|2,1]",60,"X[2,0|2,0]",4,"(1,7,6,6)",1356,"('A_X1','B_X1','A_X2','B_X2')"
1357,"XX[X[0,1|2,1],X[2,0|2,1]]",16,"X[0,1|2,1]",61,"X[2,0|2,1]",4,"(1,7,6,7)",1357,"('A_X1','B_X1','A_X2','B_X2')"
1358,"XX[X[0,1|2,1],X[2,0|2,2]]",16,"X[0,1|2,1]",62,"X[2,0|2,2]",4,"(1,7,6,8)",1358,"('A_X1','B_X1','A_X2','B_X2')"
1359,"XX[X[0,1|2,1],X[2,1|0,0]]",16,"X[0,1|2,1]",63,"X[2,1|0,0]",4,"(1,7,7,0)",1359,"('A_X1','B_X1','A_X2','B_X2')"
1360,"XX[X[0,1|2,1],X[2,1|0,1]]",16,"X[0,1|2,1]",64,"X[2,1|0,1]",4,"(1,7,7,1)",1360,"('A_X1','B_X1','A_X2','B_X2')"
1361,"XX[X[0,1|2,1],X[2,1|0,2]]",16,"X[0,1|2,1]",65,"X[2,1|0,2]",4,"(1,7,7,2)",1361,"('A_X1','B_X1','A_X2','B_X2')"
1362,"XX[X[0,1|2,1],X[2,1|1,0]]",16,"X[0,1|2,1]",66,"X[2,1|1,0]",4,"(1,7,7,3)",1362,"('A_X1','B_X1','A_X2','B_X2')"
1363,"XX[X[0,1|2,1],X[2,1|1,1]]",16,"X[0,1|2,1]",67,"X[2,1|1,1]",4,"(1,7,7,4)",1363,"('A_X1','B_X1','A_X2','B_X2')"
1364,"XX[X[0,1|2,1],X[2,1|1,2]]",16,"X[0,1|2,1]",68,"X[2,1|1,2]",4,"(1,7,7,5)",1364,"('A_X1','B_X1','A_X2','B_X2')"
1365,"XX[X[0,1|2,1],X[2,1|2,0]]",16,"X[0,1|2,1]",69,"X[2,1|2,0]",4,"(1,7,7,6)",1365,"('A_X1','B_X1','A_X2','B_X2')"
1366,"XX[X[0,1|2,1],X[2,1|2,1]]",16,"X[0,1|2,1]",70,"X[2,1|2,1]",4,"(1,7,7,7)",1366,"('A_X1','B_X1','A_X2','B_X2')"
1367,"XX[X[0,1|2,1],X[2,1|2,2]]",16,"X[0,1|2,1]",71,"X[2,1|2,2]",4,"(1,7,7,8)",1367,"('A_X1','B_X1','A_X2','B_X2')"
1368,"XX[X[0,1|2,1],X[2,2|0,0]]",16,"X[0,1|2,1]",72,"X[2,2|0,0]",4,"(1,7,8,0)",1368,"('A_X1','B_X1','A_X2','B_X2')"
1369,"XX[X[0,1|2,1],X[2,2|0,1]]",16,"X[0,1|2,1]",73,"X[2,2|0,1]",4,"(1,7,8,1)",1369,"('A_X1','B_X1','A_X2','B_X2')"
1370,"XX[X[0,1|2,1],X[2,2|0,2]]",16,"X[0,1|2,1]",74,"X[2,2|0,2]",4,"(1,7,8,2)",1370,"('A_X1','B_X1','A_X2','B_X2')"
1371,"XX[X[0,1|2,1],X[2,2|1,0]]",16,"X[0,1|2,1]",75,"X[2,2|1,0]",4,"(1,7,8,3)",1371,"('A_X1','B_X1','A_X2','B_X2')"
1372,"XX[X[0,1|2,1],X[2,2|1,1]]",16,"X[0,1|2,1]",76,"X[2,2|1,1]",4,"(1,7,8,4)",1372,"('A_X1','B_X1','A_X2','B_X2')"
1373,"XX[X[0,1|2,1],X[2,2|1,2]]",16,"X[0,1|2,1]",77,"X[2,2|1,2]",4,"(1,7,8,5)",1373,"('A_X1','B_X1','A_X2','B_X2')"
1374,"XX[X[0,1|2,1],X[2,2|2,0]]",16,"X[0,1|2,1]",78,"X[2,2|2,0]",4,"(1,7,8,6)",1374,"('A_X1','B_X1','A_X2','B_X2')"
1375,"XX[X[0,1|2,1],X[2,2|2,1]]",16,"X[0,1|2,1]",79,"X[2,2|2,1]",4,"(1,7,8,7)",1375,"('A_X1','B_X1','A_X2','B_X2')"
1376,"XX[X[0,1|2,1],X[2,2|2,2]]",16,"X[0,1|2,1]",80,"X[2,2|2,2]",4,"(1,7,8,8)",1376,"('A_X1','B_X1','A_X2','B_X2')"
1377,"XX[X[0,1|2,2],X[0,0|0,0]]",17,"X[0,1|2,2]",0,"X[0,0|0,0]",4,"(1,8,0,0)",1377,"('A_X1','B_X1','A_X2','B_X2')"
1378,"XX[X[0,1|2,2],X[0,0|0,1]]",17,"X[0,1|2,2]",1,"X[0,0|0,1]",4,"(1,8,0,1)",1378,"('A_X1','B_X1','A_X2','B_X2')"
1379,"XX[X[0,1|2,2],X[0,0|0,2]]",17,"X[0,1|2,2]",2,"X[0,0|0,2]",4,"(1,8,0,2)",1379,"('A_X1','B_X1','A_X2','B_X2')"
1380,"XX[X[0,1|2,2],X[0,0|1,0]]",17,"X[0,1|2,2]",3,"X[0,0|1,0]",4,"(1,8,0,3)",1380,"('A_X1','B_X1','A_X2','B_X2')"
1381,"XX[X[0,1|2,2],X[0,0|1,1]]",17,"X[0,1|2,2]",4,"X[0,0|1,1]",4,"(1,8,0,4)",1381,"('A_X1','B_X1','A_X2','B_X2')"
1382,"XX[X[0,1|2,2],X[0,0|1,2]]",17,"X[0,1|2,2]",5,"X[0,0|1,2]",4,"(1,8,0,5)",1382,"('A_X1','B_X1','A_X2','B_X2')"
1383,"XX[X[0,1|2,2],X[0,0|2,0]]",17,"X[0,1|2,2]",6,"X[0,0|2,0]",4,"(1,8,0,6)",1383,"('A_X1','B_X1','A_X2','B_X2')"
1384,"XX[X[0,1|2,2],X[0,0|2,1]]",17,"X[0,1|2,2]",7,"X[0,0|2,1]",4,"(1,8,0,7)",1384,"('A_X1','B_X1','A_X2','B_X2')"
1385,"XX[X[0,1|2,2],X[0,0|2,2]]",17,"X[0,1|2,2]",8,"X[0,0|2,2]",4,"(1,8,0,8)",1385,"('A_X1','B_X1','A_X2','B_X2')"
1386,"XX[X[0,1|2,2],X[0,1|0,0]]",17,"X[0,1|2,2]",9,"X[0,1|0,0]",4,"(1,8,1,0)",1386,"('A_X1','B_X1','A_X2','B_X2')"
1387,"XX[X[0,1|2,2],X[0,1|0,1]]",17,"X[0,1|2,2]",10,"X[0,1|0,1]",4,"(1,8,1,1)",1387,"('A_X1','B_X1','A_X2','B_X2')"
1388,"XX[X[0,1|2,2],X[0,1|0,2]]",17,"X[0,1|2,2]",11,"X[0,1|0,2]",4,"(1,8,1,2)",1388,"('A_X1','B_X1','A_X2','B_X2')"
1389,"XX[X[0,1|2,2],X[0,1|1,0]]",17,"X[0,1|2,2]",12,"X[0,1|1,0]",4,"(1,8,1,3)",1389,"('A_X1','B_X1','A_X2','B_X2')"
1390,"XX[X[0,1|2,2],X[0,1|1,1]]",17,"X[0,1|2,2]",13,"X[0,1|1,1]",4,"(1,8,1,4)",1390,"('A_X1','B_X1','A_X2','B_X2')"
1391,"XX[X[0,1|2,2],X[0,1|1,2]]",17,"X[0,1|2,2]",14,"X[0,1|1,2]",4,"(1,8,1,5)",1391,"('A_X1','B_X1','A_X2','B_X2')"
1392,"XX[X[0,1|2,2],X[0,1|2,0]]",17,"X[0,1|2,2]",15,"X[0,1|2,0]",4,"(1,8,1,6)",1392,"('A_X1','B_X1','A_X2','B_X2')"
1393,"XX[X[0,1|2,2],X[0,1|2,1]]",17,"X[0,1|2,2]",16,"X[0,1|2,1]",4,"(1,8,1,7)",1393,"('A_X1','B_X1','A_X2','B_X2')"
1394,"XX[X[0,1|2,2],X[0,1|2,2]]",17,"X[0,1|2,2]",17,"X[0,1|2,2]",4,"(1,8,1,8)",1394,"('A_X1','B_X1','A_X2','B_X2')"
1395,"XX[X[0,1|2,2],X[0,2|0,0]]",17,"X[0,1|2,2]",18,"X[0,2|0,0]",4,"(1,8,2,0)",1395,"('A_X1','B_X1','A_X2','B_X2')"
1396,"XX[X[0,1|2,2],X[0,2|0,1]]",17,"X[0,1|2,2]",19,"X[0,2|0,1]",4,"(1,8,2,1)",1396,"('A_X1','B_X1','A_X2','B_X2')"
1397,"XX[X[0,1|2,2],X[0,2|0,2]]",17,"X[0,1|2,2]",20,"X[0,2|0,2]",4,"(1,8,2,2)",1397,"('A_X1','B_X1','A_X2','B_X2')"
1398,"XX[X[0,1|2,2],X[0,2|1,0]]",17,"X[0,1|2,2]",21,"X[0,2|1,0]",4,"(1,8,2,3)",1398,"('A_X1','B_X1','A_X2','B_X2')"
1399,"XX[X[0,1|2,2],X[0,2|1,1]]",17,"X[0,1|2,2]",22,"X[0,2|1,1]",4,"(1,8,2,4)",1399,"('A_X1','B_X1','A_X2','B_X2')"
1400,"XX[X[0,1|2,2],X[0,2|1,2]]",17,"X[0,1|2,2]",23,"X[0,2|1,2]",4,"(1,8,2,5)",1400,"('A_X1','B_X1','A_X2','B_X2')"
1401,"XX[X[0,1|2,2],X[0,2|2,0]]",17,"X[0,1|2,2]",24,"X[0,2|2,0]",4,"(1,8,2,6)",1401,"('A_X1','B_X1','A_X2','B_X2')"
1402,"XX[X[0,1|2,2],X[0,2|2,1]]",17,"X[0,1|2,2]",25,"X[0,2|2,1]",4,"(1,8,2,7)",1402,"('A_X1','B_X1','A_X2','B_X2')"
1403,"XX[X[0,1|2,2],X[0,2|2,2]]",17,"X[0,1|2,2]",26,"X[0,2|2,2]",4,"(1,8,2,8)",1403,"('A_X1','B_X1','A_X2','B_X2')"
1404,"XX[X[0,1|2,2],X[1,0|0,0]]",17,"X[0,1|2,2]",27,"X[1,0|0,0]",4,"(1,8,3,0)",1404,"('A_X1','B_X1','A_X2','B_X2')"
1405,"XX[X[0,1|2,2],X[1,0|0,1]]",17,"X[0,1|2,2]",28,"X[1,0|0,1]",4,"(1,8,3,1)",1405,"('A_X1','B_X1','A_X2','B_X2')"
1406,"XX[X[0,1|2,2],X[1,0|0,2]]",17,"X[0,1|2,2]",29,"X[1,0|0,2]",4,"(1,8,3,2)",1406,"('A_X1','B_X1','A_X2','B_X2')"
1407,"XX[X[0,1|2,2],X[1,0|1,0]]",17,"X[0,1|2,2]",30,"X[1,0|1,0]",4,"(1,8,3,3)",1407,"('A_X1','B_X1','A_X2','B_X2')"
1408,"XX[X[0,1|2,2],X[1,0|1,1]]",17,"X[0,1|2,2]",31,"X[1,0|1,1]",4,"(1,8,3,4)",1408,"('A_X1','B_X1','A_X2','B_X2')"
1409,"XX[X[0,1|2,2],X[1,0|1,2]]",17,"X[0,1|2,2]",32,"X[1,0|1,2]",4,"(1,8,3,5)",1409,"('A_X1','B_X1','A_X2','B_X2')"
1410,"XX[X[0,1|2,2],X[1,0|2,0]]",17,"X[0,1|2,2]",33,"X[1,0|2,0]",4,"(1,8,3,6)",1410,"('A_X1','B_X1','A_X2','B_X2')"
1411,"XX[X[0,1|2,2],X[1,0|2,1]]",17,"X[0,1|2,2]",34,"X[1,0|2,1]",4,"(1,8,3,7)",1411,"('A_X1','B_X1','A_X2','B_X2')"
1412,"XX[X[0,1|2,2],X[1,0|2,2]]",17,"X[0,1|2,2]",35,"X[1,0|2,2]",4,"(1,8,3,8)",1412,"('A_X1','B_X1','A_X2','B_X2')"
1413,"XX[X[0,1|2,2],X[1,1|0,0]]",17,"X[0,1|2,2]",36,"X[1,1|0,0]",4,"(1,8,4,0)",1413,"('A_X1','B_X1','A_X2','B_X2')"
1414,"XX[X[0,1|2,2],X[1,1|0,1]]",17,"X[0,1|2,2]",37,"X[1,1|0,1]",4,"(1,8,4,1)",1414,"('A_X1','B_X1','A_X2','B_X2')"
1415,"XX[X[0,1|2,2],X[1,1|0,2]]",17,"X[0,1|2,2]",38,"X[1,1|0,2]",4,"(1,8,4,2)",1415,"('A_X1','B_X1','A_X2','B_X2')"
1416,"XX[X[0,1|2,2],X[1,1|1,0]]",17,"X[0,1|2,2]",39,"X[1,1|1,0]",4,"(1,8,4,3)",1416,"('A_X1','B_X1','A_X2','B_X2')"
1417,"XX[X[0,1|2,2],X[1,1|1,1]]",17,"X[0,1|2,2]",40,"X[1,1|1,1]",4,"(1,8,4,4)",1417,"('A_X1','B_X1','A_X2','B_X2')"
1418,"XX[X[0,1|2,2],X[1,1|1,2]]",17,"X[0,1|2,2]",41,"X[1,1|1,2]",4,"(1,8,4,5)",1418,"('A_X1','B_X1','A_X2','B_X2')"
1419,"XX[X[0,1|2,2],X[1,1|2,0]]",17,"X[0,1|2,2]",42,"X[1,1|2,0]",4,"(1,8,4,6)",1419,"('A_X1','B_X1','A_X2','B_X2')"
1420,"XX[X[0,1|2,2],X[1,1|2,1]]",17,"X[0,1|2,2]",43,"X[1,1|2,1]",4,"(1,8,4,7)",1420,"('A_X1','B_X1','A_X2','B_X2')"
1421,"XX[X[0,1|2,2],X[1,1|2,2]]",17,"X[0,1|2,2]",44,"X[1,1|2,2]",4,"(1,8,4,8)",1421,"('A_X1','B_X1','A_X2','B_X2')"
1422,"XX[X[0,1|2,2],X[1,2|0,0]]",17,"X[0,1|2,2]",45,"X[1,2|0,0]",4,"(1,8,5,0)",1422,"('A_X1','B_X1','A_X2','B_X2')"
1423,"XX[X[0,1|2,2],X[1,2|0,1]]",17,"X[0,1|2,2]",46,"X[1,2|0,1]",4,"(1,8,5,1)",1423,"('A_X1','B_X1','A_X2','B_X2')"
1424,"XX[X[0,1|2,2],X[1,2|0,2]]",17,"X[0,1|2,2]",47,"X[1,2|0,2]",4,"(1,8,5,2)",1424,"('A_X1','B_X1','A_X2','B_X2')"
1425,"XX[X[0,1|2,2],X[1,2|1,0]]",17,"X[0,1|2,2]",48,"X[1,2|1,0]",4,"(1,8,5,3)",1425,"('A_X1','B_X1','A_X2','B_X2')"
1426,"XX[X[0,1|2,2],X[1,2|1,1]]",17,"X[0,1|2,2]",49,"X[1,2|1,1]",4,"(1,8,5,4)",1426,"('A_X1','B_X1','A_X2','B_X2')"
1427,"XX[X[0,1|2,2],X[1,2|1,2]]",17,"X[0,1|2,2]",50,"X[1,2|1,2]",4,"(1,8,5,5)",1427,"('A_X1','B_X1','A_X2','B_X2')"
1428,"XX[X[0,1|2,2],X[1,2|2,0]]",17,"X[0,1|2,2]",51,"X[1,2|2,0]",4,"(1,8,5,6)",1428,"('A_X1','B_X1','A_X2','B_X2')"
1429,"XX[X[0,1|2,2],X[1,2|2,1]]",17,"X[0,1|2,2]",52,"X[1,2|2,1]",4,"(1,8,5,7)",1429,"('A_X1','B_X1','A_X2','B_X2')"
1430,"XX[X[0,1|2,2],X[1,2|2,2]]",17,"X[0,1|2,2]",53,"X[1,2|2,2]",4,"(1,8,5,8)",1430,"('A_X1','B_X1','A_X2','B_X2')"
1431,"XX[X[0,1|2,2],X[2,0|0,0]]",17,"X[0,1|2,2]",54,"X[2,0|0,0]",4,"(1,8,6,0)",1431,"('A_X1','B_X1','A_X2','B_X2')"
1432,"XX[X[0,1|2,2],X[2,0|0,1]]",17,"X[0,1|2,2]",55,"X[2,0|0,1]",4,"(1,8,6,1)",1432,"('A_X1','B_X1','A_X2','B_X2')"
1433,"XX[X[0,1|2,2],X[2,0|0,2]]",17,"X[0,1|2,2]",56,"X[2,0|0,2]",4,"(1,8,6,2)",1433,"('A_X1','B_X1','A_X2','B_X2')"
1434,"XX[X[0,1|2,2],X[2,0|1,0]]",17,"X[0,1|2,2]",57,"X[2,0|1,0]",4,"(1,8,6,3)",1434,"('A_X1','B_X1','A_X2','B_X2')"
1435,"XX[X[0,1|2,2],X[2,0|1,1]]",17,"X[0,1|2,2]",58,"X[2,0|1,1]",4,"(1,8,6,4)",1435,"('A_X1','B_X1','A_X2','B_X2')"
1436,"XX[X[0,1|2,2],X[2,0|1,2]]",17,"X[0,1|2,2]",59,"X[2,0|1,2]",4,"(1,8,6,5)",1436,"('A_X1','B_X1','A_X2','B_X2')"
1437,"XX[X[0,1|2,2],X[2,0|2,0]]",17,"X[0,1|2,2]",60,"X[2,0|2,0]",4,"(1,8,6,6)",1437,"('A_X1','B_X1','A_X2','B_X2')"
1438,"XX[X[0,1|2,2],X[2,0|2,1]]",17,"X[0,1|2,2]",61,"X[2,0|2,1]",4,"(1,8,6,7)",1438,"('A_X1','B_X1','A_X2','B_X2')"
1439,"XX[X[0,1|2,2],X[2,0|2,2]]",17,"X[0,1|2,2]",62,"X[2,0|2,2]",4,"(1,8,6,8)",1439,"('A_X1','B_X1','A_X2','B_X2')"
1440,"XX[X[0,1|2,2],X[2,1|0,0]]",17,"X[0,1|2,2]",63,"X[2,1|0,0]",4,"(1,8,7,0)",1440,"('A_X1','B_X1','A_X2','B_X2')"
1441,"XX[X[0,1|2,2],X[2,1|0,1]]",17,"X[0,1|2,2]",64,"X[2,1|0,1]",4,"(1,8,7,1)",1441,"('A_X1','B_X1','A_X2','B_X2')"
1442,"XX[X[0,1|2,2],X[2,1|0,2]]",17,"X[0,1|2,2]",65,"X[2,1|0,2]",4,"(1,8,7,2)",1442,"('A_X1','B_X1','A_X2','B_X2')"
1443,"XX[X[0,1|2,2],X[2,1|1,0]]",17,"X[0,1|2,2]",66,"X[2,1|1,0]",4,"(1,8,7,3)",1443,"('A_X1','B_X1','A_X2','B_X2')"
1444,"XX[X[0,1|2,2],X[2,1|1,1]]",17,"X[0,1|2,2]",67,"X[2,1|1,1]",4,"(1,8,7,4)",1444,"('A_X1','B_X1','A_X2','B_X2')"
1445,"XX[X[0,1|2,2],X[2,1|1,2]]",17,"X[0,1|2,2]",68,"X[2,1|1,2]",4,"(1,8,7,5)",1445,"('A_X1','B_X1','A_X2','B_X2')"
1446,"XX[X[0,1|2,2],X[2,1|2,0]]",17,"X[0,1|2,2]",69,"X[2,1|2,0]",4,"(1,8,7,6)",1446,"('A_X1','B_X1','A_X2','B_X2')"
1447,"XX[X[0,1|2,2],X[2,1|2,1]]",17,"X[0,1|2,2]",70,"X[2,1|2,1]",4,"(1,8,7,7)",1447,"('A_X1','B_X1','A_X2','B_X2')"
1448,"XX[X[0,1|2,2],X[2,1|2,2]]",17,"X[0,1|2,2]",71,"X[2,1|2,2]",4,"(1,8,7,8)",1448,"('A_X1','B_X1','A_X2','B_X2')"
1449,"XX[X[0,1|2,2],X[2,2|0,0]]",17,"X[0,1|2,2]",72,"X[2,2|0,0]",4,"(1,8,8,0)",1449,"('A_X1','B_X1','A_X2','B_X2')"
1450,"XX[X[0,1|2,2],X[2,2|0,1]]",17,"X[0,1|2,2]",73,"X[2,2|0,1]",4,"(1,8,8,1)",1450,"('A_X1','B_X1','A_X2','B_X2')"
1451,"XX[X[0,1|2,2],X[2,2|0,2]]",17,"X[0,1|2,2]",74,"X[2,2|0,2]",4,"(1,8,8,2)",1451,"('A_X1','B_X1','A_X2','B_X2')"
1452,"XX[X[0,1|2,2],X[2,2|1,0]]",17,"X[0,1|2,2]",75,"X[2,2|1,0]",4,"(1,8,8,3)",1452,"('A_X1','B_X1','A_X2','B_X2')"
1453,"XX[X[0,1|2,2],X[2,2|1,1]]",17,"X[0,1|2,2]",76,"X[2,2|1,1]",4,"(1,8,8,4)",1453,"('A_X1','B_X1','A_X2','B_X2')"
1454,"XX[X[0,1|2,2],X[2,2|1,2]]",17,"X[0,1|2,2]",77,"X[2,2|1,2]",4,"(1,8,8,5)",1454,"('A_X1','B_X1','A_X2','B_X2')"
1455,"XX[X[0,1|2,2],X[2,2|2,0]]",17,"X[0,1|2,2]",78,"X[2,2|2,0]",4,"(1,8,8,6)",1455,"('A_X1','B_X1','A_X2','B_X2')"
1456,"XX[X[0,1|2,2],X[2,2|2,1]]",17,"X[0,1|2,2]",79,"X[2,2|2,1]",4,"(1,8,8,7)",1456,"('A_X1','B_X1','A_X2','B_X2')"
1457,"XX[X[0,1|2,2],X[2,2|2,2]]",17,"X[0,1|2,2]",80,"X[2,2|2,2]",4,"(1,8,8,8)",1457,"('A_X1','B_X1','A_X2','B_X2')"
1458,"XX[X[0,2|0,0],X[0,0|0,0]]",18,"X[0,2|0,0]",0,"X[0,0|0,0]",4,"(2,0,0,0)",1458,"('A_X1','B_X1','A_X2','B_X2')"
1459,"XX[X[0,2|0,0],X[0,0|0,1]]",18,"X[0,2|0,0]",1,"X[0,0|0,1]",4,"(2,0,0,1)",1459,"('A_X1','B_X1','A_X2','B_X2')"
1460,"XX[X[0,2|0,0],X[0,0|0,2]]",18,"X[0,2|0,0]",2,"X[0,0|0,2]",4,"(2,0,0,2)",1460,"('A_X1','B_X1','A_X2','B_X2')"
1461,"XX[X[0,2|0,0],X[0,0|1,0]]",18,"X[0,2|0,0]",3,"X[0,0|1,0]",4,"(2,0,0,3)",1461,"('A_X1','B_X1','A_X2','B_X2')"
1462,"XX[X[0,2|0,0],X[0,0|1,1]]",18,"X[0,2|0,0]",4,"X[0,0|1,1]",4,"(2,0,0,4)",1462,"('A_X1','B_X1','A_X2','B_X2')"
1463,"XX[X[0,2|0,0],X[0,0|1,2]]",18,"X[0,2|0,0]",5,"X[0,0|1,2]",4,"(2,0,0,5)",1463,"('A_X1','B_X1','A_X2','B_X2')"
1464,"XX[X[0,2|0,0],X[0,0|2,0]]",18,"X[0,2|0,0]",6,"X[0,0|2,0]",4,"(2,0,0,6)",1464,"('A_X1','B_X1','A_X2','B_X2')"
1465,"XX[X[0,2|0,0],X[0,0|2,1]]",18,"X[0,2|0,0]",7,"X[0,0|2,1]",4,"(2,0,0,7)",1465,"('A_X1','B_X1','A_X2','B_X2')"
1466,"XX[X[0,2|0,0],X[0,0|2,2]]",18,"X[0,2|0,0]",8,"X[0,0|2,2]",4,"(2,0,0,8)",1466,"('A_X1','B_X1','A_X2','B_X2')"
1467,"XX[X[0,2|0,0],X[0,1|0,0]]",18,"X[0,2|0,0]",9,"X[0,1|0,0]",4,"(2,0,1,0)",1467,"('A_X1','B_X1','A_X2','B_X2')"
1468,"XX[X[0,2|0,0],X[0,1|0,1]]",18,"X[0,2|0,0]",10,"X[0,1|0,1]",4,"(2,0,1,1)",1468,"('A_X1','B_X1','A_X2','B_X2')"
1469,"XX[X[0,2|0,0],X[0,1|0,2]]",18,"X[0,2|0,0]",11,"X[0,1|0,2]",4,"(2,0,1,2)",1469,"('A_X1','B_X1','A_X2','B_X2')"
1470,"XX[X[0,2|0,0],X[0,1|1,0]]",18,"X[0,2|0,0]",12,"X[0,1|1,0]",4,"(2,0,1,3)",1470,"('A_X1','B_X1','A_X2','B_X2')"
1471,"XX[X[0,2|0,0],X[0,1|1,1]]",18,"X[0,2|0,0]",13,"X[0,1|1,1]",4,"(2,0,1,4)",1471,"('A_X1','B_X1','A_X2','B_X2')"
1472,"XX[X[0,2|0,0],X[0,1|1,2]]",18,"X[0,2|0,0]",14,"X[0,1|1,2]",4,"(2,0,1,5)",1472,"('A_X1','B_X1','A_X2','B_X2')"
1473,"XX[X[0,2|0,0],X[0,1|2,0]]",18,"X[0,2|0,0]",15,"X[0,1|2,0]",4,"(2,0,1,6)",1473,"('A_X1','B_X1','A_X2','B_X2')"
1474,"XX[X[0,2|0,0],X[0,1|2,1]]",18,"X[0,2|0,0]",16,"X[0,1|2,1]",4,"(2,0,1,7)",1474,"('A_X1','B_X1','A_X2','B_X2')"
1475,"XX[X[0,2|0,0],X[0,1|2,2]]",18,"X[0,2|0,0]",17,"X[0,1|2,2]",4,"(2,0,1,8)",1475,"('A_X1','B_X1','A_X2','B_X2')"
1476,"XX[X[0,2|0,0],X[0,2|0,0]]",18,"X[0,2|0,0]",18,"X[0,2|0,0]",4,"(2,0,2,0)",1476,"('A_X1','B_X1','A_X2','B_X2')"
1477,"XX[X[0,2|0,0],X[0,2|0,1]]",18,"X[0,2|0,0]",19,"X[0,2|0,1]",4,"(2,0,2,1)",1477,"('A_X1','B_X1','A_X2','B_X2')"
1478,"XX[X[0,2|0,0],X[0,2|0,2]]",18,"X[0,2|0,0]",20,"X[0,2|0,2]",4,"(2,0,2,2)",1478,"('A_X1','B_X1','A_X2','B_X2')"
1479,"XX[X[0,2|0,0],X[0,2|1,0]]",18,"X[0,2|0,0]",21,"X[0,2|1,0]",4,"(2,0,2,3)",1479,"('A_X1','B_X1','A_X2','B_X2')"
1480,"XX[X[0,2|0,0],X[0,2|1,1]]",18,"X[0,2|0,0]",22,"X[0,2|1,1]",4,"(2,0,2,4)",1480,"('A_X1','B_X1','A_X2','B_X2')"
1481,"XX[X[0,2|0,0],X[0,2|1,2]]",18,"X[0,2|0,0]",23,"X[0,2|1,2]",4,"(2,0,2,5)",1481,"('A_X1','B_X1','A_X2','B_X2')"
1482,"XX[X[0,2|0,0],X[0,2|2,0]]",18,"X[0,2|0,0]",24,"X[0,2|2,0]",4,"(2,0,2,6)",1482,"('A_X1','B_X1','A_X2','B_X2')"
1483,"XX[X[0,2|0,0],X[0,2|2,1]]",18,"X[0,2|0,0]",25,"X[0,2|2,1]",4,"(2,0,2,7)",1483,"('A_X1','B_X1','A_X2','B_X2')"
1484,"XX[X[0,2|0,0],X[0,2|2,2]]",18,"X[0,2|0,0]",26,"X[0,2|2,2]",4,"(2,0,2,8)",1484,"('A_X1','B_X1','A_X2','B_X2')"
1485,"XX[X[0,2|0,0],X[1,0|0,0]]",18,"X[0,2|0,0]",27,"X[1,0|0,0]",4,"(2,0,3,0)",1485,"('A_X1','B_X1','A_X2','B_X2')"
1486,"XX[X[0,2|0,0],X[1,0|0,1]]",18,"X[0,2|0,0]",28,"X[1,0|0,1]",4,"(2,0,3,1)",1486,"('A_X1','B_X1','A_X2','B_X2')"
1487,"XX[X[0,2|0,0],X[1,0|0,2]]",18,"X[0,2|0,0]",29,"X[1,0|0,2]",4,"(2,0,3,2)",1487,"('A_X1','B_X1','A_X2','B_X2')"
1488,"XX[X[0,2|0,0],X[1,0|1,0]]",18,"X[0,2|0,0]",30,"X[1,0|1,0]",4,"(2,0,3,3)",1488,"('A_X1','B_X1','A_X2','B_X2')"
1489,"XX[X[0,2|0,0],X[1,0|1,1]]",18,"X[0,2|0,0]",31,"X[1,0|1,1]",4,"(2,0,3,4)",1489,"('A_X1','B_X1','A_X2','B_X2')"
1490,"XX[X[0,2|0,0],X[1,0|1,2]]",18,"X[0,2|0,0]",32,"X[1,0|1,2]",4,"(2,0,3,5)",1490,"('A_X1','B_X1','A_X2','B_X2')"
1491,"XX[X[0,2|0,0],X[1,0|2,0]]",18,"X[0,2|0,0]",33,"X[1,0|2,0]",4,"(2,0,3,6)",1491,"('A_X1','B_X1','A_X2','B_X2')"
1492,"XX[X[0,2|0,0],X[1,0|2,1]]",18,"X[0,2|0,0]",34,"X[1,0|2,1]",4,"(2,0,3,7)",1492,"('A_X1','B_X1','A_X2','B_X2')"
1493,"XX[X[0,2|0,0],X[1,0|2,2]]",18,"X[0,2|0,0]",35,"X[1,0|2,2]",4,"(2,0,3,8)",1493,"('A_X1','B_X1','A_X2','B_X2')"
1494,"XX[X[0,2|0,0],X[1,1|0,0]]",18,"X[0,2|0,0]",36,"X[1,1|0,0]",4,"(2,0,4,0)",1494,"('A_X1','B_X1','A_X2','B_X2')"
1495,"XX[X[0,2|0,0],X[1,1|0,1]]",18,"X[0,2|0,0]",37,"X[1,1|0,1]",4,"(2,0,4,1)",1495,"('A_X1','B_X1','A_X2','B_X2')"
1496,"XX[X[0,2|0,0],X[1,1|0,2]]",18,"X[0,2|0,0]",38,"X[1,1|0,2]",4,"(2,0,4,2)",1496,"('A_X1','B_X1','A_X2','B_X2')"
1497,"XX[X[0,2|0,0],X[1,1|1,0]]",18,"X[0,2|0,0]",39,"X[1,1|1,0]",4,"(2,0,4,3)",1497,"('A_X1','B_X1','A_X2','B_X2')"
1498,"XX[X[0,2|0,0],X[1,1|1,1]]",18,"X[0,2|0,0]",40,"X[1,1|1,1]",4,"(2,0,4,4)",1498,"('A_X1','B_X1','A_X2','B_X2')"
1499,"XX[X[0,2|0,0],X[1,1|1,2]]",18,"X[0,2|0,0]",41,"X[1,1|1,2]",4,"(2,0,4,5)",1499,"('A_X1','B_X1','A_X2','B_X2')"
1500,"XX[X[0,2|0,0],X[1,1|2,0]]",18,"X[0,2|0,0]",42,"X[1,1|2,0]",4,"(2,0,4,6)",1500,"('A_X1','B_X1','A_X2','B_X2')"
1501,"XX[X[0,2|0,0],X[1,1|2,1]]",18,"X[0,2|0,0]",43,"X[1,1|2,1]",4,"(2,0,4,7)",1501,"('A_X1','B_X1','A_X2','B_X2')"
1502,"XX[X[0,2|0,0],X[1,1|2,2]]",18,"X[0,2|0,0]",44,"X[1,1|2,2]",4,"(2,0,4,8)",1502,"('A_X1','B_X1','A_X2','B_X2')"
1503,"XX[X[0,2|0,0],X[1,2|0,0]]",18,"X[0,2|0,0]",45,"X[1,2|0,0]",4,"(2,0,5,0)",1503,"('A_X1','B_X1','A_X2','B_X2')"
1504,"XX[X[0,2|0,0],X[1,2|0,1]]",18,"X[0,2|0,0]",46,"X[1,2|0,1]",4,"(2,0,5,1)",1504,"('A_X1','B_X1','A_X2','B_X2')"
1505,"XX[X[0,2|0,0],X[1,2|0,2]]",18,"X[0,2|0,0]",47,"X[1,2|0,2]",4,"(2,0,5,2)",1505,"('A_X1','B_X1','A_X2','B_X2')"
1506,"XX[X[0,2|0,0],X[1,2|1,0]]",18,"X[0,2|0,0]",48,"X[1,2|1,0]",4,"(2,0,5,3)",1506,"('A_X1','B_X1','A_X2','B_X2')"
1507,"XX[X[0,2|0,0],X[1,2|1,1]]",18,"X[0,2|0,0]",49,"X[1,2|1,1]",4,"(2,0,5,4)",1507,"('A_X1','B_X1','A_X2','B_X2')"
1508,"XX[X[0,2|0,0],X[1,2|1,2]]",18,"X[0,2|0,0]",50,"X[1,2|1,2]",4,"(2,0,5,5)",1508,"('A_X1','B_X1','A_X2','B_X2')"
1509,"XX[X[0,2|0,0],X[1,2|2,0]]",18,"X[0,2|0,0]",51,"X[1,2|2,0]",4,"(2,0,5,6)",1509,"('A_X1','B_X1','A_X2','B_X2')"
1510,"XX[X[0,2|0,0],X[1,2|2,1]]",18,"X[0,2|0,0]",52,"X[1,2|2,1]",4,"(2,0,5,7)",1510,"('A_X1','B_X1','A_X2','B_X2')"
1511,"XX[X[0,2|0,0],X[1,2|2,2]]",18,"X[0,2|0,0]",53,"X[1,2|2,2]",4,"(2,0,5,8)",1511,"('A_X1','B_X1','A_X2','B_X2')"
1512,"XX[X[0,2|0,0],X[2,0|0,0]]",18,"X[0,2|0,0]",54,"X[2,0|0,0]",4,"(2,0,6,0)",1512,"('A_X1','B_X1','A_X2','B_X2')"
1513,"XX[X[0,2|0,0],X[2,0|0,1]]",18,"X[0,2|0,0]",55,"X[2,0|0,1]",4,"(2,0,6,1)",1513,"('A_X1','B_X1','A_X2','B_X2')"
1514,"XX[X[0,2|0,0],X[2,0|0,2]]",18,"X[0,2|0,0]",56,"X[2,0|0,2]",4,"(2,0,6,2)",1514,"('A_X1','B_X1','A_X2','B_X2')"
1515,"XX[X[0,2|0,0],X[2,0|1,0]]",18,"X[0,2|0,0]",57,"X[2,0|1,0]",4,"(2,0,6,3)",1515,"('A_X1','B_X1','A_X2','B_X2')"
1516,"XX[X[0,2|0,0],X[2,0|1,1]]",18,"X[0,2|0,0]",58,"X[2,0|1,1]",4,"(2,0,6,4)",1516,"('A_X1','B_X1','A_X2','B_X2')"
1517,"XX[X[0,2|0,0],X[2,0|1,2]]",18,"X[0,2|0,0]",59,"X[2,0|1,2]",4,"(2,0,6,5)",1517,"('A_X1','B_X1','A_X2','B_X2')"
1518,"XX[X[0,2|0,0],X[2,0|2,0]]",18,"X[0,2|0,0]",60,"X[2,0|2,0]",4,"(2,0,6,6)",1518,"('A_X1','B_X1','A_X2','B_X2')"
1519,"XX[X[0,2|0,0],X[2,0|2,1]]",18,"X[0,2|0,0]",61,"X[2,0|2,1]",4,"(2,0,6,7)",1519,"('A_X1','B_X1','A_X2','B_X2')"
1520,"XX[X[0,2|0,0],X[2,0|2,2]]",18,"X[0,2|0,0]",62,"X[2,0|2,2]",4,"(2,0,6,8)",1520,"('A_X1','B_X1','A_X2','B_X2')"
1521,"XX[X[0,2|0,0],X[2,1|0,0]]",18,"X[0,2|0,0]",63,"X[2,1|0,0]",4,"(2,0,7,0)",1521,"('A_X1','B_X1','A_X2','B_X2')"
1522,"XX[X[0,2|0,0],X[2,1|0,1]]",18,"X[0,2|0,0]",64,"X[2,1|0,1]",4,"(2,0,7,1)",1522,"('A_X1','B_X1','A_X2','B_X2')"
1523,"XX[X[0,2|0,0],X[2,1|0,2]]",18,"X[0,2|0,0]",65,"X[2,1|0,2]",4,"(2,0,7,2)",1523,"('A_X1','B_X1','A_X2','B_X2')"
1524,"XX[X[0,2|0,0],X[2,1|1,0]]",18,"X[0,2|0,0]",66,"X[2,1|1,0]",4,"(2,0,7,3)",1524,"('A_X1','B_X1','A_X2','B_X2')"
1525,"XX[X[0,2|0,0],X[2,1|1,1]]",18,"X[0,2|0,0]",67,"X[2,1|1,1]",4,"(2,0,7,4)",1525,"('A_X1','B_X1','A_X2','B_X2')"
1526,"XX[X[0,2|0,0],X[2,1|1,2]]",18,"X[0,2|0,0]",68,"X[2,1|1,2]",4,"(2,0,7,5)",1526,"('A_X1','B_X1','A_X2','B_X2')"
1527,"XX[X[0,2|0,0],X[2,1|2,0]]",18,"X[0,2|0,0]",69,"X[2,1|2,0]",4,"(2,0,7,6)",1527,"('A_X1','B_X1','A_X2','B_X2')"
1528,"XX[X[0,2|0,0],X[2,1|2,1]]",18,"X[0,2|0,0]",70,"X[2,1|2,1]",4,"(2,0,7,7)",1528,"('A_X1','B_X1','A_X2','B_X2')"
1529,"XX[X[0,2|0,0],X[2,1|2,2]]",18,"X[0,2|0,0]",71,"X[2,1|2,2]",4,"(2,0,7,8)",1529,"('A_X1','B_X1','A_X2','B_X2')"
1530,"XX[X[0,2|0,0],X[2,2|0,0]]",18,"X[0,2|0,0]",72,"X[2,2|0,0]",4,"(2,0,8,0)",1530,"('A_X1','B_X1','A_X2','B_X2')"
1531,"XX[X[0,2|0,0],X[2,2|0,1]]",18,"X[0,2|0,0]",73,"X[2,2|0,1]",4,"(2,0,8,1)",1531,"('A_X1','B_X1','A_X2','B_X2')"
1532,"XX[X[0,2|0,0],X[2,2|0,2]]",18,"X[0,2|0,0]",74,"X[2,2|0,2]",4,"(2,0,8,2)",1532,"('A_X1','B_X1','A_X2','B_X2')"
1533,"XX[X[0,2|0,0],X[2,2|1,0]]",18,"X[0,2|0,0]",75,"X[2,2|1,0]",4,"(2,0,8,3)",1533,"('A_X1','B_X1','A_X2','B_X2')"
1534,"XX[X[0,2|0,0],X[2,2|1,1]]",18,"X[0,2|0,0]",76,"X[2,2|1,1]",4,"(2,0,8,4)",1534,"('A_X1','B_X1','A_X2','B_X2')"
1535,"XX[X[0,2|0,0],X[2,2|1,2]]",18,"X[0,2|0,0]",77,"X[2,2|1,2]",4,"(2,0,8,5)",1535,"('A_X1','B_X1','A_X2','B_X2')"
1536,"XX[X[0,2|0,0],X[2,2|2,0]]",18,"X[0,2|0,0]",78,"X[2,2|2,0]",4,"(2,0,8,6)",1536,"('A_X1','B_X1','A_X2','B_X2')"
1537,"XX[X[0,2|0,0],X[2,2|2,1]]",18,"X[0,2|0,0]",79,"X[2,2|2,1]",4,"(2,0,8,7)",1537,"('A_X1','B_X1','A_X2','B_X2')"
1538,"XX[X[0,2|0,0],X[2,2|2,2]]",18,"X[0,2|0,0]",80,"X[2,2|2,2]",4,"(2,0,8,8)",1538,"('A_X1','B_X1','A_X2','B_X2')"
1539,"XX[X[0,2|0,1],X[0,0|0,0]]",19,"X[0,2|0,1]",0,"X[0,0|0,0]",4,"(2,1,0,0)",1539,"('A_X1','B_X1','A_X2','B_X2')"
1540,"XX[X[0,2|0,1],X[0,0|0,1]]",19,"X[0,2|0,1]",1,"X[0,0|0,1]",4,"(2,1,0,1)",1540,"('A_X1','B_X1','A_X2','B_X2')"
1541,"XX[X[0,2|0,1],X[0,0|0,2]]",19,"X[0,2|0,1]",2,"X[0,0|0,2]",4,"(2,1,0,2)",1541,"('A_X1','B_X1','A_X2','B_X2')"
1542,"XX[X[0,2|0,1],X[0,0|1,0]]",19,"X[0,2|0,1]",3,"X[0,0|1,0]",4,"(2,1,0,3)",1542,"('A_X1','B_X1','A_X2','B_X2')"
1543,"XX[X[0,2|0,1],X[0,0|1,1]]",19,"X[0,2|0,1]",4,"X[0,0|1,1]",4,"(2,1,0,4)",1543,"('A_X1','B_X1','A_X2','B_X2')"
1544,"XX[X[0,2|0,1],X[0,0|1,2]]",19,"X[0,2|0,1]",5,"X[0,0|1,2]",4,"(2,1,0,5)",1544,"('A_X1','B_X1','A_X2','B_X2')"
1545,"XX[X[0,2|0,1],X[0,0|2,0]]",19,"X[0,2|0,1]",6,"X[0,0|2,0]",4,"(2,1,0,6)",1545,"('A_X1','B_X1','A_X2','B_X2')"
1546,"XX[X[0,2|0,1],X[0,0|2,1]]",19,"X[0,2|0,1]",7,"X[0,0|2,1]",4,"(2,1,0,7)",1546,"('A_X1','B_X1','A_X2','B_X2')"
1547,"XX[X[0,2|0,1],X[0,0|2,2]]",19,"X[0,2|0,1]",8,"X[0,0|2,2]",4,"(2,1,0,8)",1547,"('A_X1','B_X1','A_X2','B_X2')"
1548,"XX[X[0,2|0,1],X[0,1|0,0]]",19,"X[0,2|0,1]",9,"X[0,1|0,0]",4,"(2,1,1,0)",1548,"('A_X1','B_X1','A_X2','B_X2')"
1549,"XX[X[0,2|0,1],X[0,1|0,1]]",19,"X[0,2|0,1]",10,"X[0,1|0,1]",4,"(2,1,1,1)",1549,"('A_X1','B_X1','A_X2','B_X2')"
1550,"XX[X[0,2|0,1],X[0,1|0,2]]",19,"X[0,2|0,1]",11,"X[0,1|0,2]",4,"(2,1,1,2)",1550,"('A_X1','B_X1','A_X2','B_X2')"
1551,"XX[X[0,2|0,1],X[0,1|1,0]]",19,"X[0,2|0,1]",12,"X[0,1|1,0]",4,"(2,1,1,3)",1551,"('A_X1','B_X1','A_X2','B_X2')"
1552,"XX[X[0,2|0,1],X[0,1|1,1]]",19,"X[0,2|0,1]",13,"X[0,1|1,1]",4,"(2,1,1,4)",1552,"('A_X1','B_X1','A_X2','B_X2')"
1553,"XX[X[0,2|0,1],X[0,1|1,2]]",19,"X[0,2|0,1]",14,"X[0,1|1,2]",4,"(2,1,1,5)",1553,"('A_X1','B_X1','A_X2','B_X2')"
1554,"XX[X[0,2|0,1],X[0,1|2,0]]",19,"X[0,2|0,1]",15,"X[0,1|2,0]",4,"(2,1,1,6)",1554,"('A_X1','B_X1','A_X2','B_X2')"
1555,"XX[X[0,2|0,1],X[0,1|2,1]]",19,"X[0,2|0,1]",16,"X[0,1|2,1]",4,"(2,1,1,7)",1555,"('A_X1','B_X1','A_X2','B_X2')"
1556,"XX[X[0,2|0,1],X[0,1|2,2]]",19,"X[0,2|0,1]",17,"X[0,1|2,2]",4,"(2,1,1,8)",1556,"('A_X1','B_X1','A_X2','B_X2')"
1557,"XX[X[0,2|0,1],X[0,2|0,0]]",19,"X[0,2|0,1]",18,"X[0,2|0,0]",4,"(2,1,2,0)",1557,"('A_X1','B_X1','A_X2','B_X2')"
1558,"XX[X[0,2|0,1],X[0,2|0,1]]",19,"X[0,2|0,1]",19,"X[0,2|0,1]",4,"(2,1,2,1)",1558,"('A_X1','B_X1','A_X2','B_X2')"
1559,"XX[X[0,2|0,1],X[0,2|0,2]]",19,"X[0,2|0,1]",20,"X[0,2|0,2]",4,"(2,1,2,2)",1559,"('A_X1','B_X1','A_X2','B_X2')"
1560,"XX[X[0,2|0,1],X[0,2|1,0]]",19,"X[0,2|0,1]",21,"X[0,2|1,0]",4,"(2,1,2,3)",1560,"('A_X1','B_X1','A_X2','B_X2')"
1561,"XX[X[0,2|0,1],X[0,2|1,1]]",19,"X[0,2|0,1]",22,"X[0,2|1,1]",4,"(2,1,2,4)",1561,"('A_X1','B_X1','A_X2','B_X2')"
1562,"XX[X[0,2|0,1],X[0,2|1,2]]",19,"X[0,2|0,1]",23,"X[0,2|1,2]",4,"(2,1,2,5)",1562,"('A_X1','B_X1','A_X2','B_X2')"
1563,"XX[X[0,2|0,1],X[0,2|2,0]]",19,"X[0,2|0,1]",24,"X[0,2|2,0]",4,"(2,1,2,6)",1563,"('A_X1','B_X1','A_X2','B_X2')"
1564,"XX[X[0,2|0,1],X[0,2|2,1]]",19,"X[0,2|0,1]",25,"X[0,2|2,1]",4,"(2,1,2,7)",1564,"('A_X1','B_X1','A_X2','B_X2')"
1565,"XX[X[0,2|0,1],X[0,2|2,2]]",19,"X[0,2|0,1]",26,"X[0,2|2,2]",4,"(2,1,2,8)",1565,"('A_X1','B_X1','A_X2','B_X2')"
1566,"XX[X[0,2|0,1],X[1,0|0,0]]",19,"X[0,2|0,1]",27,"X[1,0|0,0]",4,"(2,1,3,0)",1566,"('A_X1','B_X1','A_X2','B_X2')"
1567,"XX[X[0,2|0,1],X[1,0|0,1]]",19,"X[0,2|0,1]",28,"X[1,0|0,1]",4,"(2,1,3,1)",1567,"('A_X1','B_X1','A_X2','B_X2')"
1568,"XX[X[0,2|0,1],X[1,0|0,2]]",19,"X[0,2|0,1]",29,"X[1,0|0,2]",4,"(2,1,3,2)",1568,"('A_X1','B_X1','A_X2','B_X2')"
1569,"XX[X[0,2|0,1],X[1,0|1,0]]",19,"X[0,2|0,1]",30,"X[1,0|1,0]",4,"(2,1,3,3)",1569,"('A_X1','B_X1','A_X2','B_X2')"
1570,"XX[X[0,2|0,1],X[1,0|1,1]]",19,"X[0,2|0,1]",31,"X[1,0|1,1]",4,"(2,1,3,4)",1570,"('A_X1','B_X1','A_X2','B_X2')"
1571,"XX[X[0,2|0,1],X[1,0|1,2]]",19,"X[0,2|0,1]",32,"X[1,0|1,2]",4,"(2,1,3,5)",1571,"('A_X1','B_X1','A_X2','B_X2')"
1572,"XX[X[0,2|0,1],X[1,0|2,0]]",19,"X[0,2|0,1]",33,"X[1,0|2,0]",4,"(2,1,3,6)",1572,"('A_X1','B_X1','A_X2','B_X2')"
1573,"XX[X[0,2|0,1],X[1,0|2,1]]",19,"X[0,2|0,1]",34,"X[1,0|2,1]",4,"(2,1,3,7)",1573,"('A_X1','B_X1','A_X2','B_X2')"
1574,"XX[X[0,2|0,1],X[1,0|2,2]]",19,"X[0,2|0,1]",35,"X[1,0|2,2]",4,"(2,1,3,8)",1574,"('A_X1','B_X1','A_X2','B_X2')"
1575,"XX[X[0,2|0,1],X[1,1|0,0]]",19,"X[0,2|0,1]",36,"X[1,1|0,0]",4,"(2,1,4,0)",1575,"('A_X1','B_X1','A_X2','B_X2')"
1576,"XX[X[0,2|0,1],X[1,1|0,1]]",19,"X[0,2|0,1]",37,"X[1,1|0,1]",4,"(2,1,4,1)",1576,"('A_X1','B_X1','A_X2','B_X2')"
1577,"XX[X[0,2|0,1],X[1,1|0,2]]",19,"X[0,2|0,1]",38,"X[1,1|0,2]",4,"(2,1,4,2)",1577,"('A_X1','B_X1','A_X2','B_X2')"
1578,"XX[X[0,2|0,1],X[1,1|1,0]]",19,"X[0,2|0,1]",39,"X[1,1|1,0]",4,"(2,1,4,3)",1578,"('A_X1','B_X1','A_X2','B_X2')"
1579,"XX[X[0,2|0,1],X[1,1|1,1]]",19,"X[0,2|0,1]",40,"X[1,1|1,1]",4,"(2,1,4,4)",1579,"('A_X1','B_X1','A_X2','B_X2')"
1580,"XX[X[0,2|0,1],X[1,1|1,2]]",19,"X[0,2|0,1]",41,"X[1,1|1,2]",4,"(2,1,4,5)",1580,"('A_X1','B_X1','A_X2','B_X2')"
1581,"XX[X[0,2|0,1],X[1,1|2,0]]",19,"X[0,2|0,1]",42,"X[1,1|2,0]",4,"(2,1,4,6)",1581,"('A_X1','B_X1','A_X2','B_X2')"
1582,"XX[X[0,2|0,1],X[1,1|2,1]]",19,"X[0,2|0,1]",43,"X[1,1|2,1]",4,"(2,1,4,7)",1582,"('A_X1','B_X1','A_X2','B_X2')"
1583,"XX[X[0,2|0,1],X[1,1|2,2]]",19,"X[0,2|0,1]",44,"X[1,1|2,2]",4,"(2,1,4,8)",1583,"('A_X1','B_X1','A_X2','B_X2')"
1584,"XX[X[0,2|0,1],X[1,2|0,0]]",19,"X[0,2|0,1]",45,"X[1,2|0,0]",4,"(2,1,5,0)",1584,"('A_X1','B_X1','A_X2','B_X2')"
1585,"XX[X[0,2|0,1],X[1,2|0,1]]",19,"X[0,2|0,1]",46,"X[1,2|0,1]",4,"(2,1,5,1)",1585,"('A_X1','B_X1','A_X2','B_X2')"
1586,"XX[X[0,2|0,1],X[1,2|0,2]]",19,"X[0,2|0,1]",47,"X[1,2|0,2]",4,"(2,1,5,2)",1586,"('A_X1','B_X1','A_X2','B_X2')"
1587,"XX[X[0,2|0,1],X[1,2|1,0]]",19,"X[0,2|0,1]",48,"X[1,2|1,0]",4,"(2,1,5,3)",1587,"('A_X1','B_X1','A_X2','B_X2')"
1588,"XX[X[0,2|0,1],X[1,2|1,1]]",19,"X[0,2|0,1]",49,"X[1,2|1,1]",4,"(2,1,5,4)",1588,"('A_X1','B_X1','A_X2','B_X2')"
1589,"XX[X[0,2|0,1],X[1,2|1,2]]",19,"X[0,2|0,1]",50,"X[1,2|1,2]",4,"(2,1,5,5)",1589,"('A_X1','B_X1','A_X2','B_X2')"
1590,"XX[X[0,2|0,1],X[1,2|2,0]]",19,"X[0,2|0,1]",51,"X[1,2|2,0]",4,"(2,1,5,6)",1590,"('A_X1','B_X1','A_X2','B_X2')"
1591,"XX[X[0,2|0,1],X[1,2|2,1]]",19,"X[0,2|0,1]",52,"X[1,2|2,1]",4,"(2,1,5,7)",1591,"('A_X1','B_X1','A_X2','B_X2')"
1592,"XX[X[0,2|0,1],X[1,2|2,2]]",19,"X[0,2|0,1]",53,"X[1,2|2,2]",4,"(2,1,5,8)",1592,"('A_X1','B_X1','A_X2','B_X2')"
1593,"XX[X[0,2|0,1],X[2,0|0,0]]",19,"X[0,2|0,1]",54,"X[2,0|0,0]",4,"(2,1,6,0)",1593,"('A_X1','B_X1','A_X2','B_X2')"
1594,"XX[X[0,2|0,1],X[2,0|0,1]]",19,"X[0,2|0,1]",55,"X[2,0|0,1]",4,"(2,1,6,1)",1594,"('A_X1','B_X1','A_X2','B_X2')"
1595,"XX[X[0,2|0,1],X[2,0|0,2]]",19,"X[0,2|0,1]",56,"X[2,0|0,2]",4,"(2,1,6,2)",1595,"('A_X1','B_X1','A_X2','B_X2')"
1596,"XX[X[0,2|0,1],X[2,0|1,0]]",19,"X[0,2|0,1]",57,"X[2,0|1,0]",4,"(2,1,6,3)",1596,"('A_X1','B_X1','A_X2','B_X2')"
1597,"XX[X[0,2|0,1],X[2,0|1,1]]",19,"X[0,2|0,1]",58,"X[2,0|1,1]",4,"(2,1,6,4)",1597,"('A_X1','B_X1','A_X2','B_X2')"
1598,"XX[X[0,2|0,1],X[2,0|1,2]]",19,"X[0,2|0,1]",59,"X[2,0|1,2]",4,"(2,1,6,5)",1598,"('A_X1','B_X1','A_X2','B_X2')"
1599,"XX[X[0,2|0,1],X[2,0|2,0]]",19,"X[0,2|0,1]",60,"X[2,0|2,0]",4,"(2,1,6,6)",1599,"('A_X1','B_X1','A_X2','B_X2')"
1600,"XX[X[0,2|0,1],X[2,0|2,1]]",19,"X[0,2|0,1]",61,"X[2,0|2,1]",4,"(2,1,6,7)",1600,"('A_X1','B_X1','A_X2','B_X2')"
1601,"XX[X[0,2|0,1],X[2,0|2,2]]",19,"X[0,2|0,1]",62,"X[2,0|2,2]",4,"(2,1,6,8)",1601,"('A_X1','B_X1','A_X2','B_X2')"
1602,"XX[X[0,2|0,1],X[2,1|0,0]]",19,"X[0,2|0,1]",63,"X[2,1|0,0]",4,"(2,1,7,0)",1602,"('A_X1','B_X1','A_X2','B_X2')"
1603,"XX[X[0,2|0,1],X[2,1|0,1]]",19,"X[0,2|0,1]",64,"X[2,1|0,1]",4,"(2,1,7,1)",1603,"('A_X1','B_X1','A_X2','B_X2')"
1604,"XX[X[0,2|0,1],X[2,1|0,2]]",19,"X[0,2|0,1]",65,"X[2,1|0,2]",4,"(2,1,7,2)",1604,"('A_X1','B_X1','A_X2','B_X2')"
1605,"XX[X[0,2|0,1],X[2,1|1,0]]",19,"X[0,2|0,1]",66,"X[2,1|1,0]",4,"(2,1,7,3)",1605,"('A_X1','B_X1','A_X2','B_X2')"
1606,"XX[X[0,2|0,1],X[2,1|1,1]]",19,"X[0,2|0,1]",67,"X[2,1|1,1]",4,"(2,1,7,4)",1606,"('A_X1','B_X1','A_X2','B_X2')"
1607,"XX[X[0,2|0,1],X[2,1|1,2]]",19,"X[0,2|0,1]",68,"X[2,1|1,2]",4,"(2,1,7,5)",1607,"('A_X1','B_X1','A_X2','B_X2')"
1608,"XX[X[0,2|0,1],X[2,1|2,0]]",19,"X[0,2|0,1]",69,"X[2,1|2,0]",4,"(2,1,7,6)",1608,"('A_X1','B_X1','A_X2','B_X2')"
1609,"XX[X[0,2|0,1],X[2,1|2,1]]",19,"X[0,2|0,1]",70,"X[2,1|2,1]",4,"(2,1,7,7)",1609,"('A_X1','B_X1','A_X2','B_X2')"
1610,"XX[X[0,2|0,1],X[2,1|2,2]]",19,"X[0,2|0,1]",71,"X[2,1|2,2]",4,"(2,1,7,8)",1610,"('A_X1','B_X1','A_X2','B_X2')"
1611,"XX[X[0,2|0,1],X[2,2|0,0]]",19,"X[0,2|0,1]",72,"X[2,2|0,0]",4,"(2,1,8,0)",1611,"('A_X1','B_X1','A_X2','B_X2')"
1612,"XX[X[0,2|0,1],X[2,2|0,1]]",19,"X[0,2|0,1]",73,"X[2,2|0,1]",4,"(2,1,8,1)",1612,"('A_X1','B_X1','A_X2','B_X2')"
1613,"XX[X[0,2|0,1],X[2,2|0,2]]",19,"X[0,2|0,1]",74,"X[2,2|0,2]",4,"(2,1,8,2)",1613,"('A_X1','B_X1','A_X2','B_X2')"
1614,"XX[X[0,2|0,1],X[2,2|1,0]]",19,"X[0,2|0,1]",75,"X[2,2|1,0]",4,"(2,1,8,3)",1614,"('A_X1','B_X1','A_X2','B_X2')"
1615,"XX[X[0,2|0,1],X[2,2|1,1]]",19,"X[0,2|0,1]",76,"X[2,2|1,1]",4,"(2,1,8,4)",1615,"('A_X1','B_X1','A_X2','B_X2')"
1616,"XX[X[0,2|0,1],X[2,2|1,2]]",19,"X[0,2|0,1]",77,"X[2,2|1,2]",4,"(2,1,8,5)",1616,"('A_X1','B_X1','A_X2','B_X2')"
1617,"XX[X[0,2|0,1],X[2,2|2,0]]",19,"X[0,2|0,1]",78,"X[2,2|2,0]",4,"(2,1,8,6)",1617,"('A_X1','B_X1','A_X2','B_X2')"
1618,"XX[X[0,2|0,1],X[2,2|2,1]]",19,"X[0,2|0,1]",79,"X[2,2|2,1]",4,"(2,1,8,7)",1618,"('A_X1','B_X1','A_X2','B_X2')"
1619,"XX[X[0,2|0,1],X[2,2|2,2]]",19,"X[0,2|0,1]",80,"X[2,2|2,2]",4,"(2,1,8,8)",1619,"('A_X1','B_X1','A_X2','B_X2')"
1620,"XX[X[0,2|0,2],X[0,0|0,0]]",20,"X[0,2|0,2]",0,"X[0,0|0,0]",4,"(2,2,0,0)",1620,"('A_X1','B_X1','A_X2','B_X2')"
1621,"XX[X[0,2|0,2],X[0,0|0,1]]",20,"X[0,2|0,2]",1,"X[0,0|0,1]",4,"(2,2,0,1)",1621,"('A_X1','B_X1','A_X2','B_X2')"
1622,"XX[X[0,2|0,2],X[0,0|0,2]]",20,"X[0,2|0,2]",2,"X[0,0|0,2]",4,"(2,2,0,2)",1622,"('A_X1','B_X1','A_X2','B_X2')"
1623,"XX[X[0,2|0,2],X[0,0|1,0]]",20,"X[0,2|0,2]",3,"X[0,0|1,0]",4,"(2,2,0,3)",1623,"('A_X1','B_X1','A_X2','B_X2')"
1624,"XX[X[0,2|0,2],X[0,0|1,1]]",20,"X[0,2|0,2]",4,"X[0,0|1,1]",4,"(2,2,0,4)",1624,"('A_X1','B_X1','A_X2','B_X2')"
1625,"XX[X[0,2|0,2],X[0,0|1,2]]",20,"X[0,2|0,2]",5,"X[0,0|1,2]",4,"(2,2,0,5)",1625,"('A_X1','B_X1','A_X2','B_X2')"
1626,"XX[X[0,2|0,2],X[0,0|2,0]]",20,"X[0,2|0,2]",6,"X[0,0|2,0]",4,"(2,2,0,6)",1626,"('A_X1','B_X1','A_X2','B_X2')"
1627,"XX[X[0,2|0,2],X[0,0|2,1]]",20,"X[0,2|0,2]",7,"X[0,0|2,1]",4,"(2,2,0,7)",1627,"('A_X1','B_X1','A_X2','B_X2')"
1628,"XX[X[0,2|0,2],X[0,0|2,2]]",20,"X[0,2|0,2]",8,"X[0,0|2,2]",4,"(2,2,0,8)",1628,"('A_X1','B_X1','A_X2','B_X2')"
1629,"XX[X[0,2|0,2],X[0,1|0,0]]",20,"X[0,2|0,2]",9,"X[0,1|0,0]",4,"(2,2,1,0)",1629,"('A_X1','B_X1','A_X2','B_X2')"
1630,"XX[X[0,2|0,2],X[0,1|0,1]]",20,"X[0,2|0,2]",10,"X[0,1|0,1]",4,"(2,2,1,1)",1630,"('A_X1','B_X1','A_X2','B_X2')"
1631,"XX[X[0,2|0,2],X[0,1|0,2]]",20,"X[0,2|0,2]",11,"X[0,1|0,2]",4,"(2,2,1,2)",1631,"('A_X1','B_X1','A_X2','B_X2')"
1632,"XX[X[0,2|0,2],X[0,1|1,0]]",20,"X[0,2|0,2]",12,"X[0,1|1,0]",4,"(2,2,1,3)",1632,"('A_X1','B_X1','A_X2','B_X2')"
1633,"XX[X[0,2|0,2],X[0,1|1,1]]",20,"X[0,2|0,2]",13,"X[0,1|1,1]",4,"(2,2,1,4)",1633,"('A_X1','B_X1','A_X2','B_X2')"
1634,"XX[X[0,2|0,2],X[0,1|1,2]]",20,"X[0,2|0,2]",14,"X[0,1|1,2]",4,"(2,2,1,5)",1634,"('A_X1','B_X1','A_X2','B_X2')"
1635,"XX[X[0,2|0,2],X[0,1|2,0]]",20,"X[0,2|0,2]",15,"X[0,1|2,0]",4,"(2,2,1,6)",1635,"('A_X1','B_X1','A_X2','B_X2')"
1636,"XX[X[0,2|0,2],X[0,1|2,1]]",20,"X[0,2|0,2]",16,"X[0,1|2,1]",4,"(2,2,1,7)",1636,"('A_X1','B_X1','A_X2','B_X2')"
1637,"XX[X[0,2|0,2],X[0,1|2,2]]",20,"X[0,2|0,2]",17,"X[0,1|2,2]",4,"(2,2,1,8)",1637,"('A_X1','B_X1','A_X2','B_X2')"
1638,"XX[X[0,2|0,2],X[0,2|0,0]]",20,"X[0,2|0,2]",18,"X[0,2|0,0]",4,"(2,2,2,0)",1638,"('A_X1','B_X1','A_X2','B_X2')"
1639,"XX[X[0,2|0,2],X[0,2|0,1]]",20,"X[0,2|0,2]",19,"X[0,2|0,1]",4,"(2,2,2,1)",1639,"('A_X1','B_X1','A_X2','B_X2')"
1640,"XX[X[0,2|0,2],X[0,2|0,2]]",20,"X[0,2|0,2]",20,"X[0,2|0,2]",4,"(2,2,2,2)",1640,"('A_X1','B_X1','A_X2','B_X2')"
1641,"XX[X[0,2|0,2],X[0,2|1,0]]",20,"X[0,2|0,2]",21,"X[0,2|1,0]",4,"(2,2,2,3)",1641,"('A_X1','B_X1','A_X2','B_X2')"
1642,"XX[X[0,2|0,2],X[0,2|1,1]]",20,"X[0,2|0,2]",22,"X[0,2|1,1]",4,"(2,2,2,4)",1642,"('A_X1','B_X1','A_X2','B_X2')"
1643,"XX[X[0,2|0,2],X[0,2|1,2]]",20,"X[0,2|0,2]",23,"X[0,2|1,2]",4,"(2,2,2,5)",1643,"('A_X1','B_X1','A_X2','B_X2')"
1644,"XX[X[0,2|0,2],X[0,2|2,0]]",20,"X[0,2|0,2]",24,"X[0,2|2,0]",4,"(2,2,2,6)",1644,"('A_X1','B_X1','A_X2','B_X2')"
1645,"XX[X[0,2|0,2],X[0,2|2,1]]",20,"X[0,2|0,2]",25,"X[0,2|2,1]",4,"(2,2,2,7)",1645,"('A_X1','B_X1','A_X2','B_X2')"
1646,"XX[X[0,2|0,2],X[0,2|2,2]]",20,"X[0,2|0,2]",26,"X[0,2|2,2]",4,"(2,2,2,8)",1646,"('A_X1','B_X1','A_X2','B_X2')"
1647,"XX[X[0,2|0,2],X[1,0|0,0]]",20,"X[0,2|0,2]",27,"X[1,0|0,0]",4,"(2,2,3,0)",1647,"('A_X1','B_X1','A_X2','B_X2')"
1648,"XX[X[0,2|0,2],X[1,0|0,1]]",20,"X[0,2|0,2]",28,"X[1,0|0,1]",4,"(2,2,3,1)",1648,"('A_X1','B_X1','A_X2','B_X2')"
1649,"XX[X[0,2|0,2],X[1,0|0,2]]",20,"X[0,2|0,2]",29,"X[1,0|0,2]",4,"(2,2,3,2)",1649,"('A_X1','B_X1','A_X2','B_X2')"
1650,"XX[X[0,2|0,2],X[1,0|1,0]]",20,"X[0,2|0,2]",30,"X[1,0|1,0]",4,"(2,2,3,3)",1650,"('A_X1','B_X1','A_X2','B_X2')"
1651,"XX[X[0,2|0,2],X[1,0|1,1]]",20,"X[0,2|0,2]",31,"X[1,0|1,1]",4,"(2,2,3,4)",1651,"('A_X1','B_X1','A_X2','B_X2')"
1652,"XX[X[0,2|0,2],X[1,0|1,2]]",20,"X[0,2|0,2]",32,"X[1,0|1,2]",4,"(2,2,3,5)",1652,"('A_X1','B_X1','A_X2','B_X2')"
1653,"XX[X[0,2|0,2],X[1,0|2,0]]",20,"X[0,2|0,2]",33,"X[1,0|2,0]",4,"(2,2,3,6)",1653,"('A_X1','B_X1','A_X2','B_X2')"
1654,"XX[X[0,2|0,2],X[1,0|2,1]]",20,"X[0,2|0,2]",34,"X[1,0|2,1]",4,"(2,2,3,7)",1654,"('A_X1','B_X1','A_X2','B_X2')"
1655,"XX[X[0,2|0,2],X[1,0|2,2]]",20,"X[0,2|0,2]",35,"X[1,0|2,2]",4,"(2,2,3,8)",1655,"('A_X1','B_X1','A_X2','B_X2')"
1656,"XX[X[0,2|0,2],X[1,1|0,0]]",20,"X[0,2|0,2]",36,"X[1,1|0,0]",4,"(2,2,4,0)",1656,"('A_X1','B_X1','A_X2','B_X2')"
1657,"XX[X[0,2|0,2],X[1,1|0,1]]",20,"X[0,2|0,2]",37,"X[1,1|0,1]",4,"(2,2,4,1)",1657,"('A_X1','B_X1','A_X2','B_X2')"
1658,"XX[X[0,2|0,2],X[1,1|0,2]]",20,"X[0,2|0,2]",38,"X[1,1|0,2]",4,"(2,2,4,2)",1658,"('A_X1','B_X1','A_X2','B_X2')"
1659,"XX[X[0,2|0,2],X[1,1|1,0]]",20,"X[0,2|0,2]",39,"X[1,1|1,0]",4,"(2,2,4,3)",1659,"('A_X1','B_X1','A_X2','B_X2')"
1660,"XX[X[0,2|0,2],X[1,1|1,1]]",20,"X[0,2|0,2]",40,"X[1,1|1,1]",4,"(2,2,4,4)",1660,"('A_X1','B_X1','A_X2','B_X2')"
1661,"XX[X[0,2|0,2],X[1,1|1,2]]",20,"X[0,2|0,2]",41,"X[1,1|1,2]",4,"(2,2,4,5)",1661,"('A_X1','B_X1','A_X2','B_X2')"
1662,"XX[X[0,2|0,2],X[1,1|2,0]]",20,"X[0,2|0,2]",42,"X[1,1|2,0]",4,"(2,2,4,6)",1662,"('A_X1','B_X1','A_X2','B_X2')"
1663,"XX[X[0,2|0,2],X[1,1|2,1]]",20,"X[0,2|0,2]",43,"X[1,1|2,1]",4,"(2,2,4,7)",1663,"('A_X1','B_X1','A_X2','B_X2')"
1664,"XX[X[0,2|0,2],X[1,1|2,2]]",20,"X[0,2|0,2]",44,"X[1,1|2,2]",4,"(2,2,4,8)",1664,"('A_X1','B_X1','A_X2','B_X2')"
1665,"XX[X[0,2|0,2],X[1,2|0,0]]",20,"X[0,2|0,2]",45,"X[1,2|0,0]",4,"(2,2,5,0)",1665,"('A_X1','B_X1','A_X2','B_X2')"
1666,"XX[X[0,2|0,2],X[1,2|0,1]]",20,"X[0,2|0,2]",46,"X[1,2|0,1]",4,"(2,2,5,1)",1666,"('A_X1','B_X1','A_X2','B_X2')"
1667,"XX[X[0,2|0,2],X[1,2|0,2]]",20,"X[0,2|0,2]",47,"X[1,2|0,2]",4,"(2,2,5,2)",1667,"('A_X1','B_X1','A_X2','B_X2')"
1668,"XX[X[0,2|0,2],X[1,2|1,0]]",20,"X[0,2|0,2]",48,"X[1,2|1,0]",4,"(2,2,5,3)",1668,"('A_X1','B_X1','A_X2','B_X2')"
1669,"XX[X[0,2|0,2],X[1,2|1,1]]",20,"X[0,2|0,2]",49,"X[1,2|1,1]",4,"(2,2,5,4)",1669,"('A_X1','B_X1','A_X2','B_X2')"
1670,"XX[X[0,2|0,2],X[1,2|1,2]]",20,"X[0,2|0,2]",50,"X[1,2|1,2]",4,"(2,2,5,5)",1670,"('A_X1','B_X1','A_X2','B_X2')"
1671,"XX[X[0,2|0,2],X[1,2|2,0]]",20,"X[0,2|0,2]",51,"X[1,2|2,0]",4,"(2,2,5,6)",1671,"('A_X1','B_X1','A_X2','B_X2')"
1672,"XX[X[0,2|0,2],X[1,2|2,1]]",20,"X[0,2|0,2]",52,"X[1,2|2,1]",4,"(2,2,5,7)",1672,"('A_X1','B_X1','A_X2','B_X2')"
1673,"XX[X[0,2|0,2],X[1,2|2,2]]",20,"X[0,2|0,2]",53,"X[1,2|2,2]",4,"(2,2,5,8)",1673,"('A_X1','B_X1','A_X2','B_X2')"
1674,"XX[X[0,2|0,2],X[2,0|0,0]]",20,"X[0,2|0,2]",54,"X[2,0|0,0]",4,"(2,2,6,0)",1674,"('A_X1','B_X1','A_X2','B_X2')"
1675,"XX[X[0,2|0,2],X[2,0|0,1]]",20,"X[0,2|0,2]",55,"X[2,0|0,1]",4,"(2,2,6,1)",1675,"('A_X1','B_X1','A_X2','B_X2')"
1676,"XX[X[0,2|0,2],X[2,0|0,2]]",20,"X[0,2|0,2]",56,"X[2,0|0,2]",4,"(2,2,6,2)",1676,"('A_X1','B_X1','A_X2','B_X2')"
1677,"XX[X[0,2|0,2],X[2,0|1,0]]",20,"X[0,2|0,2]",57,"X[2,0|1,0]",4,"(2,2,6,3)",1677,"('A_X1','B_X1','A_X2','B_X2')"
1678,"XX[X[0,2|0,2],X[2,0|1,1]]",20,"X[0,2|0,2]",58,"X[2,0|1,1]",4,"(2,2,6,4)",1678,"('A_X1','B_X1','A_X2','B_X2')"
1679,"XX[X[0,2|0,2],X[2,0|1,2]]",20,"X[0,2|0,2]",59,"X[2,0|1,2]",4,"(2,2,6,5)",1679,"('A_X1','B_X1','A_X2','B_X2')"
1680,"XX[X[0,2|0,2],X[2,0|2,0]]",20,"X[0,2|0,2]",60,"X[2,0|2,0]",4,"(2,2,6,6)",1680,"('A_X1','B_X1','A_X2','B_X2')"
1681,"XX[X[0,2|0,2],X[2,0|2,1]]",20,"X[0,2|0,2]",61,"X[2,0|2,1]",4,"(2,2,6,7)",1681,"('A_X1','B_X1','A_X2','B_X2')"
1682,"XX[X[0,2|0,2],X[2,0|2,2]]",20,"X[0,2|0,2]",62,"X[2,0|2,2]",4,"(2,2,6,8)",1682,"('A_X1','B_X1','A_X2','B_X2')"
1683,"XX[X[0,2|0,2],X[2,1|0,0]]",20,"X[0,2|0,2]",63,"X[2,1|0,0]",4,"(2,2,7,0)",1683,"('A_X1','B_X1','A_X2','B_X2')"
1684,"XX[X[0,2|0,2],X[2,1|0,1]]",20,"X[0,2|0,2]",64,"X[2,1|0,1]",4,"(2,2,7,1)",1684,"('A_X1','B_X1','A_X2','B_X2')"
1685,"XX[X[0,2|0,2],X[2,1|0,2]]",20,"X[0,2|0,2]",65,"X[2,1|0,2]",4,"(2,2,7,2)",1685,"('A_X1','B_X1','A_X2','B_X2')"
1686,"XX[X[0,2|0,2],X[2,1|1,0]]",20,"X[0,2|0,2]",66,"X[2,1|1,0]",4,"(2,2,7,3)",1686,"('A_X1','B_X1','A_X2','B_X2')"
1687,"XX[X[0,2|0,2],X[2,1|1,1]]",20,"X[0,2|0,2]",67,"X[2,1|1,1]",4,"(2,2,7,4)",1687,"('A_X1','B_X1','A_X2','B_X2')"
1688,"XX[X[0,2|0,2],X[2,1|1,2]]",20,"X[0,2|0,2]",68,"X[2,1|1,2]",4,"(2,2,7,5)",1688,"('A_X1','B_X1','A_X2','B_X2')"
1689,"XX[X[0,2|0,2],X[2,1|2,0]]",20,"X[0,2|0,2]",69,"X[2,1|2,0]",4,"(2,2,7,6)",1689,"('A_X1','B_X1','A_X2','B_X2')"
1690,"XX[X[0,2|0,2],X[2,1|2,1]]",20,"X[0,2|0,2]",70,"X[2,1|2,1]",4,"(2,2,7,7)",1690,"('A_X1','B_X1','A_X2','B_X2')"
1691,"XX[X[0,2|0,2],X[2,1|2,2]]",20,"X[0,2|0,2]",71,"X[2,1|2,2]",4,"(2,2,7,8)",1691,"('A_X1','B_X1','A_X2','B_X2')"
1692,"XX[X[0,2|0,2],X[2,2|0,0]]",20,"X[0,2|0,2]",72,"X[2,2|0,0]",4,"(2,2,8,0)",1692,"('A_X1','B_X1','A_X2','B_X2')"
1693,"XX[X[0,2|0,2],X[2,2|0,1]]",20,"X[0,2|0,2]",73,"X[2,2|0,1]",4,"(2,2,8,1)",1693,"('A_X1','B_X1','A_X2','B_X2')"
1694,"XX[X[0,2|0,2],X[2,2|0,2]]",20,"X[0,2|0,2]",74,"X[2,2|0,2]",4,"(2,2,8,2)",1694,"('A_X1','B_X1','A_X2','B_X2')"
1695,"XX[X[0,2|0,2],X[2,2|1,0]]",20,"X[0,2|0,2]",75,"X[2,2|1,0]",4,"(2,2,8,3)",1695,"('A_X1','B_X1','A_X2','B_X2')"
1696,"XX[X[0,2|0,2],X[2,2|1,1]]",20,"X[0,2|0,2]",76,"X[2,2|1,1]",4,"(2,2,8,4)",1696,"('A_X1','B_X1','A_X2','B_X2')"
1697,"XX[X[0,2|0,2],X[2,2|1,2]]",20,"X[0,2|0,2]",77,"X[2,2|1,2]",4,"(2,2,8,5)",1697,"('A_X1','B_X1','A_X2','B_X2')"
1698,"XX[X[0,2|0,2],X[2,2|2,0]]",20,"X[0,2|0,2]",78,"X[2,2|2,0]",4,"(2,2,8,6)",1698,"('A_X1','B_X1','A_X2','B_X2')"
1699,"XX[X[0,2|0,2],X[2,2|2,1]]",20,"X[0,2|0,2]",79,"X[2,2|2,1]",4,"(2,2,8,7)",1699,"('A_X1','B_X1','A_X2','B_X2')"
1700,"XX[X[0,2|0,2],X[2,2|2,2]]",20,"X[0,2|0,2]",80,"X[2,2|2,2]",4,"(2,2,8,8)",1700,"('A_X1','B_X1','A_X2','B_X2')"
1701,"XX[X[0,2|1,0],X[0,0|0,0]]",21,"X[0,2|1,0]",0,"X[0,0|0,0]",4,"(2,3,0,0)",1701,"('A_X1','B_X1','A_X2','B_X2')"
1702,"XX[X[0,2|1,0],X[0,0|0,1]]",21,"X[0,2|1,0]",1,"X[0,0|0,1]",4,"(2,3,0,1)",1702,"('A_X1','B_X1','A_X2','B_X2')"
1703,"XX[X[0,2|1,0],X[0,0|0,2]]",21,"X[0,2|1,0]",2,"X[0,0|0,2]",4,"(2,3,0,2)",1703,"('A_X1','B_X1','A_X2','B_X2')"
1704,"XX[X[0,2|1,0],X[0,0|1,0]]",21,"X[0,2|1,0]",3,"X[0,0|1,0]",4,"(2,3,0,3)",1704,"('A_X1','B_X1','A_X2','B_X2')"
1705,"XX[X[0,2|1,0],X[0,0|1,1]]",21,"X[0,2|1,0]",4,"X[0,0|1,1]",4,"(2,3,0,4)",1705,"('A_X1','B_X1','A_X2','B_X2')"
1706,"XX[X[0,2|1,0],X[0,0|1,2]]",21,"X[0,2|1,0]",5,"X[0,0|1,2]",4,"(2,3,0,5)",1706,"('A_X1','B_X1','A_X2','B_X2')"
1707,"XX[X[0,2|1,0],X[0,0|2,0]]",21,"X[0,2|1,0]",6,"X[0,0|2,0]",4,"(2,3,0,6)",1707,"('A_X1','B_X1','A_X2','B_X2')"
1708,"XX[X[0,2|1,0],X[0,0|2,1]]",21,"X[0,2|1,0]",7,"X[0,0|2,1]",4,"(2,3,0,7)",1708,"('A_X1','B_X1','A_X2','B_X2')"
1709,"XX[X[0,2|1,0],X[0,0|2,2]]",21,"X[0,2|1,0]",8,"X[0,0|2,2]",4,"(2,3,0,8)",1709,"('A_X1','B_X1','A_X2','B_X2')"
1710,"XX[X[0,2|1,0],X[0,1|0,0]]",21,"X[0,2|1,0]",9,"X[0,1|0,0]",4,"(2,3,1,0)",1710,"('A_X1','B_X1','A_X2','B_X2')"
1711,"XX[X[0,2|1,0],X[0,1|0,1]]",21,"X[0,2|1,0]",10,"X[0,1|0,1]",4,"(2,3,1,1)",1711,"('A_X1','B_X1','A_X2','B_X2')"
1712,"XX[X[0,2|1,0],X[0,1|0,2]]",21,"X[0,2|1,0]",11,"X[0,1|0,2]",4,"(2,3,1,2)",1712,"('A_X1','B_X1','A_X2','B_X2')"
1713,"XX[X[0,2|1,0],X[0,1|1,0]]",21,"X[0,2|1,0]",12,"X[0,1|1,0]",4,"(2,3,1,3)",1713,"('A_X1','B_X1','A_X2','B_X2')"
1714,"XX[X[0,2|1,0],X[0,1|1,1]]",21,"X[0,2|1,0]",13,"X[0,1|1,1]",4,"(2,3,1,4)",1714,"('A_X1','B_X1','A_X2','B_X2')"
1715,"XX[X[0,2|1,0],X[0,1|1,2]]",21,"X[0,2|1,0]",14,"X[0,1|1,2]",4,"(2,3,1,5)",1715,"('A_X1','B_X1','A_X2','B_X2')"
1716,"XX[X[0,2|1,0],X[0,1|2,0]]",21,"X[0,2|1,0]",15,"X[0,1|2,0]",4,"(2,3,1,6)",1716,"('A_X1','B_X1','A_X2','B_X2')"
1717,"XX[X[0,2|1,0],X[0,1|2,1]]",21,"X[0,2|1,0]",16,"X[0,1|2,1]",4,"(2,3,1,7)",1717,"('A_X1','B_X1','A_X2','B_X2')"
1718,"XX[X[0,2|1,0],X[0,1|2,2]]",21,"X[0,2|1,0]",17,"X[0,1|2,2]",4,"(2,3,1,8)",1718,"('A_X1','B_X1','A_X2','B_X2')"
1719,"XX[X[0,2|1,0],X[0,2|0,0]]",21,"X[0,2|1,0]",18,"X[0,2|0,0]",4,"(2,3,2,0)",1719,"('A_X1','B_X1','A_X2','B_X2')"
1720,"XX[X[0,2|1,0],X[0,2|0,1]]",21,"X[0,2|1,0]",19,"X[0,2|0,1]",4,"(2,3,2,1)",1720,"('A_X1','B_X1','A_X2','B_X2')"
1721,"XX[X[0,2|1,0],X[0,2|0,2]]",21,"X[0,2|1,0]",20,"X[0,2|0,2]",4,"(2,3,2,2)",1721,"('A_X1','B_X1','A_X2','B_X2')"
1722,"XX[X[0,2|1,0],X[0,2|1,0]]",21,"X[0,2|1,0]",21,"X[0,2|1,0]",4,"(2,3,2,3)",1722,"('A_X1','B_X1','A_X2','B_X2')"
1723,"XX[X[0,2|1,0],X[0,2|1,1]]",21,"X[0,2|1,0]",22,"X[0,2|1,1]",4,"(2,3,2,4)",1723,"('A_X1','B_X1','A_X2','B_X2')"
1724,"XX[X[0,2|1,0],X[0,2|1,2]]",21,"X[0,2|1,0]",23,"X[0,2|1,2]",4,"(2,3,2,5)",1724,"('A_X1','B_X1','A_X2','B_X2')"
1725,"XX[X[0,2|1,0],X[0,2|2,0]]",21,"X[0,2|1,0]",24,"X[0,2|2,0]",4,"(2,3,2,6)",1725,"('A_X1','B_X1','A_X2','B_X2')"
1726,"XX[X[0,2|1,0],X[0,2|2,1]]",21,"X[0,2|1,0]",25,"X[0,2|2,1]",4,"(2,3,2,7)",1726,"('A_X1','B_X1','A_X2','B_X2')"
1727,"XX[X[0,2|1,0],X[0,2|2,2]]",21,"X[0,2|1,0]",26,"X[0,2|2,2]",4,"(2,3,2,8)",1727,"('A_X1','B_X1','A_X2','B_X2')"
1728,"XX[X[0,2|1,0],X[1,0|0,0]]",21,"X[0,2|1,0]",27,"X[1,0|0,0]",4,"(2,3,3,0)",1728,"('A_X1','B_X1','A_X2','B_X2')"
1729,"XX[X[0,2|1,0],X[1,0|0,1]]",21,"X[0,2|1,0]",28,"X[1,0|0,1]",4,"(2,3,3,1)",1729,"('A_X1','B_X1','A_X2','B_X2')"
1730,"XX[X[0,2|1,0],X[1,0|0,2]]",21,"X[0,2|1,0]",29,"X[1,0|0,2]",4,"(2,3,3,2)",1730,"('A_X1','B_X1','A_X2','B_X2')"
1731,"XX[X[0,2|1,0],X[1,0|1,0]]",21,"X[0,2|1,0]",30,"X[1,0|1,0]",4,"(2,3,3,3)",1731,"('A_X1','B_X1','A_X2','B_X2')"
1732,"XX[X[0,2|1,0],X[1,0|1,1]]",21,"X[0,2|1,0]",31,"X[1,0|1,1]",4,"(2,3,3,4)",1732,"('A_X1','B_X1','A_X2','B_X2')"
1733,"XX[X[0,2|1,0],X[1,0|1,2]]",21,"X[0,2|1,0]",32,"X[1,0|1,2]",4,"(2,3,3,5)",1733,"('A_X1','B_X1','A_X2','B_X2')"
1734,"XX[X[0,2|1,0],X[1,0|2,0]]",21,"X[0,2|1,0]",33,"X[1,0|2,0]",4,"(2,3,3,6)",1734,"('A_X1','B_X1','A_X2','B_X2')"
1735,"XX[X[0,2|1,0],X[1,0|2,1]]",21,"X[0,2|1,0]",34,"X[1,0|2,1]",4,"(2,3,3,7)",1735,"('A_X1','B_X1','A_X2','B_X2')"
1736,"XX[X[0,2|1,0],X[1,0|2,2]]",21,"X[0,2|1,0]",35,"X[1,0|2,2]",4,"(2,3,3,8)",1736,"('A_X1','B_X1','A_X2','B_X2')"
1737,"XX[X[0,2|1,0],X[1,1|0,0]]",21,"X[0,2|1,0]",36,"X[1,1|0,0]",4,"(2,3,4,0)",1737,"('A_X1','B_X1','A_X2','B_X2')"
1738,"XX[X[0,2|1,0],X[1,1|0,1]]",21,"X[0,2|1,0]",37,"X[1,1|0,1]",4,"(2,3,4,1)",1738,"('A_X1','B_X1','A_X2','B_X2')"
1739,"XX[X[0,2|1,0],X[1,1|0,2]]",21,"X[0,2|1,0]",38,"X[1,1|0,2]",4,"(2,3,4,2)",1739,"('A_X1','B_X1','A_X2','B_X2')"
1740,"XX[X[0,2|1,0],X[1,1|1,0]]",21,"X[0,2|1,0]",39,"X[1,1|1,0]",4,"(2,3,4,3)",1740,"('A_X1','B_X1','A_X2','B_X2')"
1741,"XX[X[0,2|1,0],X[1,1|1,1]]",21,"X[0,2|1,0]",40,"X[1,1|1,1]",4,"(2,3,4,4)",1741,"('A_X1','B_X1','A_X2','B_X2')"
1742,"XX[X[0,2|1,0],X[1,1|1,2]]",21,"X[0,2|1,0]",41,"X[1,1|1,2]",4,"(2,3,4,5)",1742,"('A_X1','B_X1','A_X2','B_X2')"
1743,"XX[X[0,2|1,0],X[1,1|2,0]]",21,"X[0,2|1,0]",42,"X[1,1|2,0]",4,"(2,3,4,6)",1743,"('A_X1','B_X1','A_X2','B_X2')"
1744,"XX[X[0,2|1,0],X[1,1|2,1]]",21,"X[0,2|1,0]",43,"X[1,1|2,1]",4,"(2,3,4,7)",1744,"('A_X1','B_X1','A_X2','B_X2')"
1745,"XX[X[0,2|1,0],X[1,1|2,2]]",21,"X[0,2|1,0]",44,"X[1,1|2,2]",4,"(2,3,4,8)",1745,"('A_X1','B_X1','A_X2','B_X2')"
1746,"XX[X[0,2|1,0],X[1,2|0,0]]",21,"X[0,2|1,0]",45,"X[1,2|0,0]",4,"(2,3,5,0)",1746,"('A_X1','B_X1','A_X2','B_X2')"
1747,"XX[X[0,2|1,0],X[1,2|0,1]]",21,"X[0,2|1,0]",46,"X[1,2|0,1]",4,"(2,3,5,1)",1747,"('A_X1','B_X1','A_X2','B_X2')"
1748,"XX[X[0,2|1,0],X[1,2|0,2]]",21,"X[0,2|1,0]",47,"X[1,2|0,2]",4,"(2,3,5,2)",1748,"('A_X1','B_X1','A_X2','B_X2')"
1749,"XX[X[0,2|1,0],X[1,2|1,0]]",21,"X[0,2|1,0]",48,"X[1,2|1,0]",4,"(2,3,5,3)",1749,"('A_X1','B_X1','A_X2','B_X2')"
1750,"XX[X[0,2|1,0],X[1,2|1,1]]",21,"X[0,2|1,0]",49,"X[1,2|1,1]",4,"(2,3,5,4)",1750,"('A_X1','B_X1','A_X2','B_X2')"
1751,"XX[X[0,2|1,0],X[1,2|1,2]]",21,"X[0,2|1,0]",50,"X[1,2|1,2]",4,"(2,3,5,5)",1751,"('A_X1','B_X1','A_X2','B_X2')"
1752,"XX[X[0,2|1,0],X[1,2|2,0]]",21,"X[0,2|1,0]",51,"X[1,2|2,0]",4,"(2,3,5,6)",1752,"('A_X1','B_X1','A_X2','B_X2')"
1753,"XX[X[0,2|1,0],X[1,2|2,1]]",21,"X[0,2|1,0]",52,"X[1,2|2,1]",4,"(2,3,5,7)",1753,"('A_X1','B_X1','A_X2','B_X2')"
1754,"XX[X[0,2|1,0],X[1,2|2,2]]",21,"X[0,2|1,0]",53,"X[1,2|2,2]",4,"(2,3,5,8)",1754,"('A_X1','B_X1','A_X2','B_X2')"
1755,"XX[X[0,2|1,0],X[2,0|0,0]]",21,"X[0,2|1,0]",54,"X[2,0|0,0]",4,"(2,3,6,0)",1755,"('A_X1','B_X1','A_X2','B_X2')"
1756,"XX[X[0,2|1,0],X[2,0|0,1]]",21,"X[0,2|1,0]",55,"X[2,0|0,1]",4,"(2,3,6,1)",1756,"('A_X1','B_X1','A_X2','B_X2')"
1757,"XX[X[0,2|1,0],X[2,0|0,2]]",21,"X[0,2|1,0]",56,"X[2,0|0,2]",4,"(2,3,6,2)",1757,"('A_X1','B_X1','A_X2','B_X2')"
1758,"XX[X[0,2|1,0],X[2,0|1,0]]",21,"X[0,2|1,0]",57,"X[2,0|1,0]",4,"(2,3,6,3)",1758,"('A_X1','B_X1','A_X2','B_X2')"
1759,"XX[X[0,2|1,0],X[2,0|1,1]]",21,"X[0,2|1,0]",58,"X[2,0|1,1]",4,"(2,3,6,4)",1759,"('A_X1','B_X1','A_X2','B_X2')"
1760,"XX[X[0,2|1,0],X[2,0|1,2]]",21,"X[0,2|1,0]",59,"X[2,0|1,2]",4,"(2,3,6,5)",1760,"('A_X1','B_X1','A_X2','B_X2')"
1761,"XX[X[0,2|1,0],X[2,0|2,0]]",21,"X[0,2|1,0]",60,"X[2,0|2,0]",4,"(2,3,6,6)",1761,"('A_X1','B_X1','A_X2','B_X2')"
1762,"XX[X[0,2|1,0],X[2,0|2,1]]",21,"X[0,2|1,0]",61,"X[2,0|2,1]",4,"(2,3,6,7)",1762,"('A_X1','B_X1','A_X2','B_X2')"
1763,"XX[X[0,2|1,0],X[2,0|2,2]]",21,"X[0,2|1,0]",62,"X[2,0|2,2]",4,"(2,3,6,8)",1763,"('A_X1','B_X1','A_X2','B_X2')"
1764,"XX[X[0,2|1,0],X[2,1|0,0]]",21,"X[0,2|1,0]",63,"X[2,1|0,0]",4,"(2,3,7,0)",1764,"('A_X1','B_X1','A_X2','B_X2')"
1765,"XX[X[0,2|1,0],X[2,1|0,1]]",21,"X[0,2|1,0]",64,"X[2,1|0,1]",4,"(2,3,7,1)",1765,"('A_X1','B_X1','A_X2','B_X2')"
1766,"XX[X[0,2|1,0],X[2,1|0,2]]",21,"X[0,2|1,0]",65,"X[2,1|0,2]",4,"(2,3,7,2)",1766,"('A_X1','B_X1','A_X2','B_X2')"
1767,"XX[X[0,2|1,0],X[2,1|1,0]]",21,"X[0,2|1,0]",66,"X[2,1|1,0]",4,"(2,3,7,3)",1767,"('A_X1','B_X1','A_X2','B_X2')"
1768,"XX[X[0,2|1,0],X[2,1|1,1]]",21,"X[0,2|1,0]",67,"X[2,1|1,1]",4,"(2,3,7,4)",1768,"('A_X1','B_X1','A_X2','B_X2')"
1769,"XX[X[0,2|1,0],X[2,1|1,2]]",21,"X[0,2|1,0]",68,"X[2,1|1,2]",4,"(2,3,7,5)",1769,"('A_X1','B_X1','A_X2','B_X2')"
1770,"XX[X[0,2|1,0],X[2,1|2,0]]",21,"X[0,2|1,0]",69,"X[2,1|2,0]",4,"(2,3,7,6)",1770,"('A_X1','B_X1','A_X2','B_X2')"
1771,"XX[X[0,2|1,0],X[2,1|2,1]]",21,"X[0,2|1,0]",70,"X[2,1|2,1]",4,"(2,3,7,7)",1771,"('A_X1','B_X1','A_X2','B_X2')"
1772,"XX[X[0,2|1,0],X[2,1|2,2]]",21,"X[0,2|1,0]",71,"X[2,1|2,2]",4,"(2,3,7,8)",1772,"('A_X1','B_X1','A_X2','B_X2')"
1773,"XX[X[0,2|1,0],X[2,2|0,0]]",21,"X[0,2|1,0]",72,"X[2,2|0,0]",4,"(2,3,8,0)",1773,"('A_X1','B_X1','A_X2','B_X2')"
1774,"XX[X[0,2|1,0],X[2,2|0,1]]",21,"X[0,2|1,0]",73,"X[2,2|0,1]",4,"(2,3,8,1)",1774,"('A_X1','B_X1','A_X2','B_X2')"
1775,"XX[X[0,2|1,0],X[2,2|0,2]]",21,"X[0,2|1,0]",74,"X[2,2|0,2]",4,"(2,3,8,2)",1775,"('A_X1','B_X1','A_X2','B_X2')"
1776,"XX[X[0,2|1,0],X[2,2|1,0]]",21,"X[0,2|1,0]",75,"X[2,2|1,0]",4,"(2,3,8,3)",1776,"('A_X1','B_X1','A_X2','B_X2')"
1777,"XX[X[0,2|1,0],X[2,2|1,1]]",21,"X[0,2|1,0]",76,"X[2,2|1,1]",4,"(2,3,8,4)",1777,"('A_X1','B_X1','A_X2','B_X2')"
1778,"XX[X[0,2|1,0],X[2,2|1,2]]",21,"X[0,2|1,0]",77,"X[2,2|1,2]",4,"(2,3,8,5)",1778,"('A_X1','B_X1','A_X2','B_X2')"
1779,"XX[X[0,2|1,0],X[2,2|2,0]]",21,"X[0,2|1,0]",78,"X[2,2|2,0]",4,"(2,3,8,6)",1779,"('A_X1','B_X1','A_X2','B_X2')"
1780,"XX[X[0,2|1,0],X[2,2|2,1]]",21,"X[0,2|1,0]",79,"X[2,2|2,1]",4,"(2,3,8,7)",1780,"('A_X1','B_X1','A_X2','B_X2')"
1781,"XX[X[0,2|1,0],X[2,2|2,2]]",21,"X[0,2|1,0]",80,"X[2,2|2,2]",4,"(2,3,8,8)",1781,"('A_X1','B_X1','A_X2','B_X2')"
1782,"XX[X[0,2|1,1],X[0,0|0,0]]",22,"X[0,2|1,1]",0,"X[0,0|0,0]",4,"(2,4,0,0)",1782,"('A_X1','B_X1','A_X2','B_X2')"
1783,"XX[X[0,2|1,1],X[0,0|0,1]]",22,"X[0,2|1,1]",1,"X[0,0|0,1]",4,"(2,4,0,1)",1783,"('A_X1','B_X1','A_X2','B_X2')"
1784,"XX[X[0,2|1,1],X[0,0|0,2]]",22,"X[0,2|1,1]",2,"X[0,0|0,2]",4,"(2,4,0,2)",1784,"('A_X1','B_X1','A_X2','B_X2')"
1785,"XX[X[0,2|1,1],X[0,0|1,0]]",22,"X[0,2|1,1]",3,"X[0,0|1,0]",4,"(2,4,0,3)",1785,"('A_X1','B_X1','A_X2','B_X2')"
1786,"XX[X[0,2|1,1],X[0,0|1,1]]",22,"X[0,2|1,1]",4,"X[0,0|1,1]",4,"(2,4,0,4)",1786,"('A_X1','B_X1','A_X2','B_X2')"
1787,"XX[X[0,2|1,1],X[0,0|1,2]]",22,"X[0,2|1,1]",5,"X[0,0|1,2]",4,"(2,4,0,5)",1787,"('A_X1','B_X1','A_X2','B_X2')"
1788,"XX[X[0,2|1,1],X[0,0|2,0]]",22,"X[0,2|1,1]",6,"X[0,0|2,0]",4,"(2,4,0,6)",1788,"('A_X1','B_X1','A_X2','B_X2')"
1789,"XX[X[0,2|1,1],X[0,0|2,1]]",22,"X[0,2|1,1]",7,"X[0,0|2,1]",4,"(2,4,0,7)",1789,"('A_X1','B_X1','A_X2','B_X2')"
1790,"XX[X[0,2|1,1],X[0,0|2,2]]",22,"X[0,2|1,1]",8,"X[0,0|2,2]",4,"(2,4,0,8)",1790,"('A_X1','B_X1','A_X2','B_X2')"
1791,"XX[X[0,2|1,1],X[0,1|0,0]]",22,"X[0,2|1,1]",9,"X[0,1|0,0]",4,"(2,4,1,0)",1791,"('A_X1','B_X1','A_X2','B_X2')"
1792,"XX[X[0,2|1,1],X[0,1|0,1]]",22,"X[0,2|1,1]",10,"X[0,1|0,1]",4,"(2,4,1,1)",1792,"('A_X1','B_X1','A_X2','B_X2')"
1793,"XX[X[0,2|1,1],X[0,1|0,2]]",22,"X[0,2|1,1]",11,"X[0,1|0,2]",4,"(2,4,1,2)",1793,"('A_X1','B_X1','A_X2','B_X2')"
1794,"XX[X[0,2|1,1],X[0,1|1,0]]",22,"X[0,2|1,1]",12,"X[0,1|1,0]",4,"(2,4,1,3)",1794,"('A_X1','B_X1','A_X2','B_X2')"
1795,"XX[X[0,2|1,1],X[0,1|1,1]]",22,"X[0,2|1,1]",13,"X[0,1|1,1]",4,"(2,4,1,4)",1795,"('A_X1','B_X1','A_X2','B_X2')"
1796,"XX[X[0,2|1,1],X[0,1|1,2]]",22,"X[0,2|1,1]",14,"X[0,1|1,2]",4,"(2,4,1,5)",1796,"('A_X1','B_X1','A_X2','B_X2')"
1797,"XX[X[0,2|1,1],X[0,1|2,0]]",22,"X[0,2|1,1]",15,"X[0,1|2,0]",4,"(2,4,1,6)",1797,"('A_X1','B_X1','A_X2','B_X2')"
1798,"XX[X[0,2|1,1],X[0,1|2,1]]",22,"X[0,2|1,1]",16,"X[0,1|2,1]",4,"(2,4,1,7)",1798,"('A_X1','B_X1','A_X2','B_X2')"
1799,"XX[X[0,2|1,1],X[0,1|2,2]]",22,"X[0,2|1,1]",17,"X[0,1|2,2]",4,"(2,4,1,8)",1799,"('A_X1','B_X1','A_X2','B_X2')"
1800,"XX[X[0,2|1,1],X[0,2|0,0]]",22,"X[0,2|1,1]",18,"X[0,2|0,0]",4,"(2,4,2,0)",1800,"('A_X1','B_X1','A_X2','B_X2')"
1801,"XX[X[0,2|1,1],X[0,2|0,1]]",22,"X[0,2|1,1]",19,"X[0,2|0,1]",4,"(2,4,2,1)",1801,"('A_X1','B_X1','A_X2','B_X2')"
1802,"XX[X[0,2|1,1],X[0,2|0,2]]",22,"X[0,2|1,1]",20,"X[0,2|0,2]",4,"(2,4,2,2)",1802,"('A_X1','B_X1','A_X2','B_X2')"
1803,"XX[X[0,2|1,1],X[0,2|1,0]]",22,"X[0,2|1,1]",21,"X[0,2|1,0]",4,"(2,4,2,3)",1803,"('A_X1','B_X1','A_X2','B_X2')"
1804,"XX[X[0,2|1,1],X[0,2|1,1]]",22,"X[0,2|1,1]",22,"X[0,2|1,1]",4,"(2,4,2,4)",1804,"('A_X1','B_X1','A_X2','B_X2')"
1805,"XX[X[0,2|1,1],X[0,2|1,2]]",22,"X[0,2|1,1]",23,"X[0,2|1,2]",4,"(2,4,2,5)",1805,"('A_X1','B_X1','A_X2','B_X2')"
1806,"XX[X[0,2|1,1],X[0,2|2,0]]",22,"X[0,2|1,1]",24,"X[0,2|2,0]",4,"(2,4,2,6)",1806,"('A_X1','B_X1','A_X2','B_X2')"
1807,"XX[X[0,2|1,1],X[0,2|2,1]]",22,"X[0,2|1,1]",25,"X[0,2|2,1]",4,"(2,4,2,7)",1807,"('A_X1','B_X1','A_X2','B_X2')"
1808,"XX[X[0,2|1,1],X[0,2|2,2]]",22,"X[0,2|1,1]",26,"X[0,2|2,2]",4,"(2,4,2,8)",1808,"('A_X1','B_X1','A_X2','B_X2')"
1809,"XX[X[0,2|1,1],X[1,0|0,0]]",22,"X[0,2|1,1]",27,"X[1,0|0,0]",4,"(2,4,3,0)",1809,"('A_X1','B_X1','A_X2','B_X2')"
1810,"XX[X[0,2|1,1],X[1,0|0,1]]",22,"X[0,2|1,1]",28,"X[1,0|0,1]",4,"(2,4,3,1)",1810,"('A_X1','B_X1','A_X2','B_X2')"
1811,"XX[X[0,2|1,1],X[1,0|0,2]]",22,"X[0,2|1,1]",29,"X[1,0|0,2]",4,"(2,4,3,2)",1811,"('A_X1','B_X1','A_X2','B_X2')"
1812,"XX[X[0,2|1,1],X[1,0|1,0]]",22,"X[0,2|1,1]",30,"X[1,0|1,0]",4,"(2,4,3,3)",1812,"('A_X1','B_X1','A_X2','B_X2')"
1813,"XX[X[0,2|1,1],X[1,0|1,1]]",22,"X[0,2|1,1]",31,"X[1,0|1,1]",4,"(2,4,3,4)",1813,"('A_X1','B_X1','A_X2','B_X2')"
1814,"XX[X[0,2|1,1],X[1,0|1,2]]",22,"X[0,2|1,1]",32,"X[1,0|1,2]",4,"(2,4,3,5)",1814,"('A_X1','B_X1','A_X2','B_X2')"
1815,"XX[X[0,2|1,1],X[1,0|2,0]]",22,"X[0,2|1,1]",33,"X[1,0|2,0]",4,"(2,4,3,6)",1815,"('A_X1','B_X1','A_X2','B_X2')"
1816,"XX[X[0,2|1,1],X[1,0|2,1]]",22,"X[0,2|1,1]",34,"X[1,0|2,1]",4,"(2,4,3,7)",1816,"('A_X1','B_X1','A_X2','B_X2')"
1817,"XX[X[0,2|1,1],X[1,0|2,2]]",22,"X[0,2|1,1]",35,"X[1,0|2,2]",4,"(2,4,3,8)",1817,"('A_X1','B_X1','A_X2','B_X2')"
1818,"XX[X[0,2|1,1],X[1,1|0,0]]",22,"X[0,2|1,1]",36,"X[1,1|0,0]",4,"(2,4,4,0)",1818,"('A_X1','B_X1','A_X2','B_X2')"
1819,"XX[X[0,2|1,1],X[1,1|0,1]]",22,"X[0,2|1,1]",37,"X[1,1|0,1]",4,"(2,4,4,1)",1819,"('A_X1','B_X1','A_X2','B_X2')"
1820,"XX[X[0,2|1,1],X[1,1|0,2]]",22,"X[0,2|1,1]",38,"X[1,1|0,2]",4,"(2,4,4,2)",1820,"('A_X1','B_X1','A_X2','B_X2')"
1821,"XX[X[0,2|1,1],X[1,1|1,0]]",22,"X[0,2|1,1]",39,"X[1,1|1,0]",4,"(2,4,4,3)",1821,"('A_X1','B_X1','A_X2','B_X2')"
1822,"XX[X[0,2|1,1],X[1,1|1,1]]",22,"X[0,2|1,1]",40,"X[1,1|1,1]",4,"(2,4,4,4)",1822,"('A_X1','B_X1','A_X2','B_X2')"
1823,"XX[X[0,2|1,1],X[1,1|1,2]]",22,"X[0,2|1,1]",41,"X[1,1|1,2]",4,"(2,4,4,5)",1823,"('A_X1','B_X1','A_X2','B_X2')"
1824,"XX[X[0,2|1,1],X[1,1|2,0]]",22,"X[0,2|1,1]",42,"X[1,1|2,0]",4,"(2,4,4,6)",1824,"('A_X1','B_X1','A_X2','B_X2')"
1825,"XX[X[0,2|1,1],X[1,1|2,1]]",22,"X[0,2|1,1]",43,"X[1,1|2,1]",4,"(2,4,4,7)",1825,"('A_X1','B_X1','A_X2','B_X2')"
1826,"XX[X[0,2|1,1],X[1,1|2,2]]",22,"X[0,2|1,1]",44,"X[1,1|2,2]",4,"(2,4,4,8)",1826,"('A_X1','B_X1','A_X2','B_X2')"
1827,"XX[X[0,2|1,1],X[1,2|0,0]]",22,"X[0,2|1,1]",45,"X[1,2|0,0]",4,"(2,4,5,0)",1827,"('A_X1','B_X1','A_X2','B_X2')"
1828,"XX[X[0,2|1,1],X[1,2|0,1]]",22,"X[0,2|1,1]",46,"X[1,2|0,1]",4,"(2,4,5,1)",1828,"('A_X1','B_X1','A_X2','B_X2')"
1829,"XX[X[0,2|1,1],X[1,2|0,2]]",22,"X[0,2|1,1]",47,"X[1,2|0,2]",4,"(2,4,5,2)",1829,"('A_X1','B_X1','A_X2','B_X2')"
1830,"XX[X[0,2|1,1],X[1,2|1,0]]",22,"X[0,2|1,1]",48,"X[1,2|1,0]",4,"(2,4,5,3)",1830,"('A_X1','B_X1','A_X2','B_X2')"
1831,"XX[X[0,2|1,1],X[1,2|1,1]]",22,"X[0,2|1,1]",49,"X[1,2|1,1]",4,"(2,4,5,4)",1831,"('A_X1','B_X1','A_X2','B_X2')"
1832,"XX[X[0,2|1,1],X[1,2|1,2]]",22,"X[0,2|1,1]",50,"X[1,2|1,2]",4,"(2,4,5,5)",1832,"('A_X1','B_X1','A_X2','B_X2')"
1833,"XX[X[0,2|1,1],X[1,2|2,0]]",22,"X[0,2|1,1]",51,"X[1,2|2,0]",4,"(2,4,5,6)",1833,"('A_X1','B_X1','A_X2','B_X2')"
1834,"XX[X[0,2|1,1],X[1,2|2,1]]",22,"X[0,2|1,1]",52,"X[1,2|2,1]",4,"(2,4,5,7)",1834,"('A_X1','B_X1','A_X2','B_X2')"
1835,"XX[X[0,2|1,1],X[1,2|2,2]]",22,"X[0,2|1,1]",53,"X[1,2|2,2]",4,"(2,4,5,8)",1835,"('A_X1','B_X1','A_X2','B_X2')"
1836,"XX[X[0,2|1,1],X[2,0|0,0]]",22,"X[0,2|1,1]",54,"X[2,0|0,0]",4,"(2,4,6,0)",1836,"('A_X1','B_X1','A_X2','B_X2')"
1837,"XX[X[0,2|1,1],X[2,0|0,1]]",22,"X[0,2|1,1]",55,"X[2,0|0,1]",4,"(2,4,6,1)",1837,"('A_X1','B_X1','A_X2','B_X2')"
1838,"XX[X[0,2|1,1],X[2,0|0,2]]",22,"X[0,2|1,1]",56,"X[2,0|0,2]",4,"(2,4,6,2)",1838,"('A_X1','B_X1','A_X2','B_X2')"
1839,"XX[X[0,2|1,1],X[2,0|1,0]]",22,"X[0,2|1,1]",57,"X[2,0|1,0]",4,"(2,4,6,3)",1839,"('A_X1','B_X1','A_X2','B_X2')"
1840,"XX[X[0,2|1,1],X[2,0|1,1]]",22,"X[0,2|1,1]",58,"X[2,0|1,1]",4,"(2,4,6,4)",1840,"('A_X1','B_X1','A_X2','B_X2')"
1841,"XX[X[0,2|1,1],X[2,0|1,2]]",22,"X[0,2|1,1]",59,"X[2,0|1,2]",4,"(2,4,6,5)",1841,"('A_X1','B_X1','A_X2','B_X2')"
1842,"XX[X[0,2|1,1],X[2,0|2,0]]",22,"X[0,2|1,1]",60,"X[2,0|2,0]",4,"(2,4,6,6)",1842,"('A_X1','B_X1','A_X2','B_X2')"
1843,"XX[X[0,2|1,1],X[2,0|2,1]]",22,"X[0,2|1,1]",61,"X[2,0|2,1]",4,"(2,4,6,7)",1843,"('A_X1','B_X1','A_X2','B_X2')"
1844,"XX[X[0,2|1,1],X[2,0|2,2]]",22,"X[0,2|1,1]",62,"X[2,0|2,2]",4,"(2,4,6,8)",1844,"('A_X1','B_X1','A_X2','B_X2')"
1845,"XX[X[0,2|1,1],X[2,1|0,0]]",22,"X[0,2|1,1]",63,"X[2,1|0,0]",4,"(2,4,7,0)",1845,"('A_X1','B_X1','A_X2','B_X2')"
1846,"XX[X[0,2|1,1],X[2,1|0,1]]",22,"X[0,2|1,1]",64,"X[2,1|0,1]",4,"(2,4,7,1)",1846,"('A_X1','B_X1','A_X2','B_X2')"
1847,"XX[X[0,2|1,1],X[2,1|0,2]]",22,"X[0,2|1,1]",65,"X[2,1|0,2]",4,"(2,4,7,2)",1847,"('A_X1','B_X1','A_X2','B_X2')"
1848,"XX[X[0,2|1,1],X[2,1|1,0]]",22,"X[0,2|1,1]",66,"X[2,1|1,0]",4,"(2,4,7,3)",1848,"('A_X1','B_X1','A_X2','B_X2')"
1849,"XX[X[0,2|1,1],X[2,1|1,1]]",22,"X[0,2|1,1]",67,"X[2,1|1,1]",4,"(2,4,7,4)",1849,"('A_X1','B_X1','A_X2','B_X2')"
1850,"XX[X[0,2|1,1],X[2,1|1,2]]",22,"X[0,2|1,1]",68,"X[2,1|1,2]",4,"(2,4,7,5)",1850,"('A_X1','B_X1','A_X2','B_X2')"
1851,"XX[X[0,2|1,1],X[2,1|2,0]]",22,"X[0,2|1,1]",69,"X[2,1|2,0]",4,"(2,4,7,6)",1851,"('A_X1','B_X1','A_X2','B_X2')"
1852,"XX[X[0,2|1,1],X[2,1|2,1]]",22,"X[0,2|1,1]",70,"X[2,1|2,1]",4,"(2,4,7,7)",1852,"('A_X1','B_X1','A_X2','B_X2')"
1853,"XX[X[0,2|1,1],X[2,1|2,2]]",22,"X[0,2|1,1]",71,"X[2,1|2,2]",4,"(2,4,7,8)",1853,"('A_X1','B_X1','A_X2','B_X2')"
1854,"XX[X[0,2|1,1],X[2,2|0,0]]",22,"X[0,2|1,1]",72,"X[2,2|0,0]",4,"(2,4,8,0)",1854,"('A_X1','B_X1','A_X2','B_X2')"
1855,"XX[X[0,2|1,1],X[2,2|0,1]]",22,"X[0,2|1,1]",73,"X[2,2|0,1]",4,"(2,4,8,1)",1855,"('A_X1','B_X1','A_X2','B_X2')"
1856,"XX[X[0,2|1,1],X[2,2|0,2]]",22,"X[0,2|1,1]",74,"X[2,2|0,2]",4,"(2,4,8,2)",1856,"('A_X1','B_X1','A_X2','B_X2')"
1857,"XX[X[0,2|1,1],X[2,2|1,0]]",22,"X[0,2|1,1]",75,"X[2,2|1,0]",4,"(2,4,8,3)",1857,"('A_X1','B_X1','A_X2','B_X2')"
1858,"XX[X[0,2|1,1],X[2,2|1,1]]",22,"X[0,2|1,1]",76,"X[2,2|1,1]",4,"(2,4,8,4)",1858,"('A_X1','B_X1','A_X2','B_X2')"
1859,"XX[X[0,2|1,1],X[2,2|1,2]]",22,"X[0,2|1,1]",77,"X[2,2|1,2]",4,"(2,4,8,5)",1859,"('A_X1','B_X1','A_X2','B_X2')"
1860,"XX[X[0,2|1,1],X[2,2|2,0]]",22,"X[0,2|1,1]",78,"X[2,2|2,0]",4,"(2,4,8,6)",1860,"('A_X1','B_X1','A_X2','B_X2')"
1861,"XX[X[0,2|1,1],X[2,2|2,1]]",22,"X[0,2|1,1]",79,"X[2,2|2,1]",4,"(2,4,8,7)",1861,"('A_X1','B_X1','A_X2','B_X2')"
1862,"XX[X[0,2|1,1],X[2,2|2,2]]",22,"X[0,2|1,1]",80,"X[2,2|2,2]",4,"(2,4,8,8)",1862,"('A_X1','B_X1','A_X2','B_X2')"
1863,"XX[X[0,2|1,2],X[0,0|0,0]]",23,"X[0,2|1,2]",0,"X[0,0|0,0]",4,"(2,5,0,0)",1863,"('A_X1','B_X1','A_X2','B_X2')"
1864,"XX[X[0,2|1,2],X[0,0|0,1]]",23,"X[0,2|1,2]",1,"X[0,0|0,1]",4,"(2,5,0,1)",1864,"('A_X1','B_X1','A_X2','B_X2')"
1865,"XX[X[0,2|1,2],X[0,0|0,2]]",23,"X[0,2|1,2]",2,"X[0,0|0,2]",4,"(2,5,0,2)",1865,"('A_X1','B_X1','A_X2','B_X2')"
1866,"XX[X[0,2|1,2],X[0,0|1,0]]",23,"X[0,2|1,2]",3,"X[0,0|1,0]",4,"(2,5,0,3)",1866,"('A_X1','B_X1','A_X2','B_X2')"
1867,"XX[X[0,2|1,2],X[0,0|1,1]]",23,"X[0,2|1,2]",4,"X[0,0|1,1]",4,"(2,5,0,4)",1867,"('A_X1','B_X1','A_X2','B_X2')"
1868,"XX[X[0,2|1,2],X[0,0|1,2]]",23,"X[0,2|1,2]",5,"X[0,0|1,2]",4,"(2,5,0,5)",1868,"('A_X1','B_X1','A_X2','B_X2')"
1869,"XX[X[0,2|1,2],X[0,0|2,0]]",23,"X[0,2|1,2]",6,"X[0,0|2,0]",4,"(2,5,0,6)",1869,"('A_X1','B_X1','A_X2','B_X2')"
1870,"XX[X[0,2|1,2],X[0,0|2,1]]",23,"X[0,2|1,2]",7,"X[0,0|2,1]",4,"(2,5,0,7)",1870,"('A_X1','B_X1','A_X2','B_X2')"
1871,"XX[X[0,2|1,2],X[0,0|2,2]]",23,"X[0,2|1,2]",8,"X[0,0|2,2]",4,"(2,5,0,8)",1871,"('A_X1','B_X1','A_X2','B_X2')"
1872,"XX[X[0,2|1,2],X[0,1|0,0]]",23,"X[0,2|1,2]",9,"X[0,1|0,0]",4,"(2,5,1,0)",1872,"('A_X1','B_X1','A_X2','B_X2')"
1873,"XX[X[0,2|1,2],X[0,1|0,1]]",23,"X[0,2|1,2]",10,"X[0,1|0,1]",4,"(2,5,1,1)",1873,"('A_X1','B_X1','A_X2','B_X2')"
1874,"XX[X[0,2|1,2],X[0,1|0,2]]",23,"X[0,2|1,2]",11,"X[0,1|0,2]",4,"(2,5,1,2)",1874,"('A_X1','B_X1','A_X2','B_X2')"
1875,"XX[X[0,2|1,2],X[0,1|1,0]]",23,"X[0,2|1,2]",12,"X[0,1|1,0]",4,"(2,5,1,3)",1875,"('A_X1','B_X1','A_X2','B_X2')"
1876,"XX[X[0,2|1,2],X[0,1|1,1]]",23,"X[0,2|1,2]",13,"X[0,1|1,1]",4,"(2,5,1,4)",1876,"('A_X1','B_X1','A_X2','B_X2')"
1877,"XX[X[0,2|1,2],X[0,1|1,2]]",23,"X[0,2|1,2]",14,"X[0,1|1,2]",4,"(2,5,1,5)",1877,"('A_X1','B_X1','A_X2','B_X2')"
1878,"XX[X[0,2|1,2],X[0,1|2,0]]",23,"X[0,2|1,2]",15,"X[0,1|2,0]",4,"(2,5,1,6)",1878,"('A_X1','B_X1','A_X2','B_X2')"
1879,"XX[X[0,2|1,2],X[0,1|2,1]]",23,"X[0,2|1,2]",16,"X[0,1|2,1]",4,"(2,5,1,7)",1879,"('A_X1','B_X1','A_X2','B_X2')"
1880,"XX[X[0,2|1,2],X[0,1|2,2]]",23,"X[0,2|1,2]",17,"X[0,1|2,2]",4,"(2,5,1,8)",1880,"('A_X1','B_X1','A_X2','B_X2')"
1881,"XX[X[0,2|1,2],X[0,2|0,0]]",23,"X[0,2|1,2]",18,"X[0,2|0,0]",4,"(2,5,2,0)",1881,"('A_X1','B_X1','A_X2','B_X2')"
1882,"XX[X[0,2|1,2],X[0,2|0,1]]",23,"X[0,2|1,2]",19,"X[0,2|0,1]",4,"(2,5,2,1)",1882,"('A_X1','B_X1','A_X2','B_X2')"
1883,"XX[X[0,2|1,2],X[0,2|0,2]]",23,"X[0,2|1,2]",20,"X[0,2|0,2]",4,"(2,5,2,2)",1883,"('A_X1','B_X1','A_X2','B_X2')"
1884,"XX[X[0,2|1,2],X[0,2|1,0]]",23,"X[0,2|1,2]",21,"X[0,2|1,0]",4,"(2,5,2,3)",1884,"('A_X1','B_X1','A_X2','B_X2')"
1885,"XX[X[0,2|1,2],X[0,2|1,1]]",23,"X[0,2|1,2]",22,"X[0,2|1,1]",4,"(2,5,2,4)",1885,"('A_X1','B_X1','A_X2','B_X2')"
1886,"XX[X[0,2|1,2],X[0,2|1,2]]",23,"X[0,2|1,2]",23,"X[0,2|1,2]",4,"(2,5,2,5)",1886,"('A_X1','B_X1','A_X2','B_X2')"
1887,"XX[X[0,2|1,2],X[0,2|2,0]]",23,"X[0,2|1,2]",24,"X[0,2|2,0]",4,"(2,5,2,6)",1887,"('A_X1','B_X1','A_X2','B_X2')"
1888,"XX[X[0,2|1,2],X[0,2|2,1]]",23,"X[0,2|1,2]",25,"X[0,2|2,1]",4,"(2,5,2,7)",1888,"('A_X1','B_X1','A_X2','B_X2')"
1889,"XX[X[0,2|1,2],X[0,2|2,2]]",23,"X[0,2|1,2]",26,"X[0,2|2,2]",4,"(2,5,2,8)",1889,"('A_X1','B_X1','A_X2','B_X2')"
1890,"XX[X[0,2|1,2],X[1,0|0,0]]",23,"X[0,2|1,2]",27,"X[1,0|0,0]",4,"(2,5,3,0)",1890,"('A_X1','B_X1','A_X2','B_X2')"
1891,"XX[X[0,2|1,2],X[1,0|0,1]]",23,"X[0,2|1,2]",28,"X[1,0|0,1]",4,"(2,5,3,1)",1891,"('A_X1','B_X1','A_X2','B_X2')"
1892,"XX[X[0,2|1,2],X[1,0|0,2]]",23,"X[0,2|1,2]",29,"X[1,0|0,2]",4,"(2,5,3,2)",1892,"('A_X1','B_X1','A_X2','B_X2')"
1893,"XX[X[0,2|1,2],X[1,0|1,0]]",23,"X[0,2|1,2]",30,"X[1,0|1,0]",4,"(2,5,3,3)",1893,"('A_X1','B_X1','A_X2','B_X2')"
1894,"XX[X[0,2|1,2],X[1,0|1,1]]",23,"X[0,2|1,2]",31,"X[1,0|1,1]",4,"(2,5,3,4)",1894,"('A_X1','B_X1','A_X2','B_X2')"
1895,"XX[X[0,2|1,2],X[1,0|1,2]]",23,"X[0,2|1,2]",32,"X[1,0|1,2]",4,"(2,5,3,5)",1895,"('A_X1','B_X1','A_X2','B_X2')"
1896,"XX[X[0,2|1,2],X[1,0|2,0]]",23,"X[0,2|1,2]",33,"X[1,0|2,0]",4,"(2,5,3,6)",1896,"('A_X1','B_X1','A_X2','B_X2')"
1897,"XX[X[0,2|1,2],X[1,0|2,1]]",23,"X[0,2|1,2]",34,"X[1,0|2,1]",4,"(2,5,3,7)",1897,"('A_X1','B_X1','A_X2','B_X2')"
1898,"XX[X[0,2|1,2],X[1,0|2,2]]",23,"X[0,2|1,2]",35,"X[1,0|2,2]",4,"(2,5,3,8)",1898,"('A_X1','B_X1','A_X2','B_X2')"
1899,"XX[X[0,2|1,2],X[1,1|0,0]]",23,"X[0,2|1,2]",36,"X[1,1|0,0]",4,"(2,5,4,0)",1899,"('A_X1','B_X1','A_X2','B_X2')"
1900,"XX[X[0,2|1,2],X[1,1|0,1]]",23,"X[0,2|1,2]",37,"X[1,1|0,1]",4,"(2,5,4,1)",1900,"('A_X1','B_X1','A_X2','B_X2')"
1901,"XX[X[0,2|1,2],X[1,1|0,2]]",23,"X[0,2|1,2]",38,"X[1,1|0,2]",4,"(2,5,4,2)",1901,"('A_X1','B_X1','A_X2','B_X2')"
1902,"XX[X[0,2|1,2],X[1,1|1,0]]",23,"X[0,2|1,2]",39,"X[1,1|1,0]",4,"(2,5,4,3)",1902,"('A_X1','B_X1','A_X2','B_X2')"
1903,"XX[X[0,2|1,2],X[1,1|1,1]]",23,"X[0,2|1,2]",40,"X[1,1|1,1]",4,"(2,5,4,4)",1903,"('A_X1','B_X1','A_X2','B_X2')"
1904,"XX[X[0,2|1,2],X[1,1|1,2]]",23,"X[0,2|1,2]",41,"X[1,1|1,2]",4,"(2,5,4,5)",1904,"('A_X1','B_X1','A_X2','B_X2')"
1905,"XX[X[0,2|1,2],X[1,1|2,0]]",23,"X[0,2|1,2]",42,"X[1,1|2,0]",4,"(2,5,4,6)",1905,"('A_X1','B_X1','A_X2','B_X2')"
1906,"XX[X[0,2|1,2],X[1,1|2,1]]",23,"X[0,2|1,2]",43,"X[1,1|2,1]",4,"(2,5,4,7)",1906,"('A_X1','B_X1','A_X2','B_X2')"
1907,"XX[X[0,2|1,2],X[1,1|2,2]]",23,"X[0,2|1,2]",44,"X[1,1|2,2]",4,"(2,5,4,8)",1907,"('A_X1','B_X1','A_X2','B_X2')"
1908,"XX[X[0,2|1,2],X[1,2|0,0]]",23,"X[0,2|1,2]",45,"X[1,2|0,0]",4,"(2,5,5,0)",1908,"('A_X1','B_X1','A_X2','B_X2')"
1909,"XX[X[0,2|1,2],X[1,2|0,1]]",23,"X[0,2|1,2]",46,"X[1,2|0,1]",4,"(2,5,5,1)",1909,"('A_X1','B_X1','A_X2','B_X2')"
1910,"XX[X[0,2|1,2],X[1,2|0,2]]",23,"X[0,2|1,2]",47,"X[1,2|0,2]",4,"(2,5,5,2)",1910,"('A_X1','B_X1','A_X2','B_X2')"
1911,"XX[X[0,2|1,2],X[1,2|1,0]]",23,"X[0,2|1,2]",48,"X[1,2|1,0]",4,"(2,5,5,3)",1911,"('A_X1','B_X1','A_X2','B_X2')"
1912,"XX[X[0,2|1,2],X[1,2|1,1]]",23,"X[0,2|1,2]",49,"X[1,2|1,1]",4,"(2,5,5,4)",1912,"('A_X1','B_X1','A_X2','B_X2')"
1913,"XX[X[0,2|1,2],X[1,2|1,2]]",23,"X[0,2|1,2]",50,"X[1,2|1,2]",4,"(2,5,5,5)",1913,"('A_X1','B_X1','A_X2','B_X2')"
1914,"XX[X[0,2|1,2],X[1,2|2,0]]",23,"X[0,2|1,2]",51,"X[1,2|2,0]",4,"(2,5,5,6)",1914,"('A_X1','B_X1','A_X2','B_X2')"
1915,"XX[X[0,2|1,2],X[1,2|2,1]]",23,"X[0,2|1,2]",52,"X[1,2|2,1]",4,"(2,5,5,7)",1915,"('A_X1','B_X1','A_X2','B_X2')"
1916,"XX[X[0,2|1,2],X[1,2|2,2]]",23,"X[0,2|1,2]",53,"X[1,2|2,2]",4,"(2,5,5,8)",1916,"('A_X1','B_X1','A_X2','B_X2')"
1917,"XX[X[0,2|1,2],X[2,0|0,0]]",23,"X[0,2|1,2]",54,"X[2,0|0,0]",4,"(2,5,6,0)",1917,"('A_X1','B_X1','A_X2','B_X2')"
1918,"XX[X[0,2|1,2],X[2,0|0,1]]",23,"X[0,2|1,2]",55,"X[2,0|0,1]",4,"(2,5,6,1)",1918,"('A_X1','B_X1','A_X2','B_X2')"
1919,"XX[X[0,2|1,2],X[2,0|0,2]]",23,"X[0,2|1,2]",56,"X[2,0|0,2]",4,"(2,5,6,2)",1919,"('A_X1','B_X1','A_X2','B_X2')"
1920,"XX[X[0,2|1,2],X[2,0|1,0]]",23,"X[0,2|1,2]",57,"X[2,0|1,0]",4,"(2,5,6,3)",1920,"('A_X1','B_X1','A_X2','B_X2')"
1921,"XX[X[0,2|1,2],X[2,0|1,1]]",23,"X[0,2|1,2]",58,"X[2,0|1,1]",4,"(2,5,6,4)",1921,"('A_X1','B_X1','A_X2','B_X2')"
1922,"XX[X[0,2|1,2],X[2,0|1,2]]",23,"X[0,2|1,2]",59,"X[2,0|1,2]",4,"(2,5,6,5)",1922,"('A_X1','B_X1','A_X2','B_X2')"
1923,"XX[X[0,2|1,2],X[2,0|2,0]]",23,"X[0,2|1,2]",60,"X[2,0|2,0]",4,"(2,5,6,6)",1923,"('A_X1','B_X1','A_X2','B_X2')"
1924,"XX[X[0,2|1,2],X[2,0|2,1]]",23,"X[0,2|1,2]",61,"X[2,0|2,1]",4,"(2,5,6,7)",1924,"('A_X1','B_X1','A_X2','B_X2')"
1925,"XX[X[0,2|1,2],X[2,0|2,2]]",23,"X[0,2|1,2]",62,"X[2,0|2,2]",4,"(2,5,6,8)",1925,"('A_X1','B_X1','A_X2','B_X2')"
1926,"XX[X[0,2|1,2],X[2,1|0,0]]",23,"X[0,2|1,2]",63,"X[2,1|0,0]",4,"(2,5,7,0)",1926,"('A_X1','B_X1','A_X2','B_X2')"
1927,"XX[X[0,2|1,2],X[2,1|0,1]]",23,"X[0,2|1,2]",64,"X[2,1|0,1]",4,"(2,5,7,1)",1927,"('A_X1','B_X1','A_X2','B_X2')"
1928,"XX[X[0,2|1,2],X[2,1|0,2]]",23,"X[0,2|1,2]",65,"X[2,1|0,2]",4,"(2,5,7,2)",1928,"('A_X1','B_X1','A_X2','B_X2')"
1929,"XX[X[0,2|1,2],X[2,1|1,0]]",23,"X[0,2|1,2]",66,"X[2,1|1,0]",4,"(2,5,7,3)",1929,"('A_X1','B_X1','A_X2','B_X2')"
1930,"XX[X[0,2|1,2],X[2,1|1,1]]",23,"X[0,2|1,2]",67,"X[2,1|1,1]",4,"(2,5,7,4)",1930,"('A_X1','B_X1','A_X2','B_X2')"
1931,"XX[X[0,2|1,2],X[2,1|1,2]]",23,"X[0,2|1,2]",68,"X[2,1|1,2]",4,"(2,5,7,5)",1931,"('A_X1','B_X1','A_X2','B_X2')"
1932,"XX[X[0,2|1,2],X[2,1|2,0]]",23,"X[0,2|1,2]",69,"X[2,1|2,0]",4,"(2,5,7,6)",1932,"('A_X1','B_X1','A_X2','B_X2')"
1933,"XX[X[0,2|1,2],X[2,1|2,1]]",23,"X[0,2|1,2]",70,"X[2,1|2,1]",4,"(2,5,7,7)",1933,"('A_X1','B_X1','A_X2','B_X2')"
1934,"XX[X[0,2|1,2],X[2,1|2,2]]",23,"X[0,2|1,2]",71,"X[2,1|2,2]",4,"(2,5,7,8)",1934,"('A_X1','B_X1','A_X2','B_X2')"
1935,"XX[X[0,2|1,2],X[2,2|0,0]]",23,"X[0,2|1,2]",72,"X[2,2|0,0]",4,"(2,5,8,0)",1935,"('A_X1','B_X1','A_X2','B_X2')"
1936,"XX[X[0,2|1,2],X[2,2|0,1]]",23,"X[0,2|1,2]",73,"X[2,2|0,1]",4,"(2,5,8,1)",1936,"('A_X1','B_X1','A_X2','B_X2')"
1937,"XX[X[0,2|1,2],X[2,2|0,2]]",23,"X[0,2|1,2]",74,"X[2,2|0,2]",4,"(2,5,8,2)",1937,"('A_X1','B_X1','A_X2','B_X2')"
1938,"XX[X[0,2|1,2],X[2,2|1,0]]",23,"X[0,2|1,2]",75,"X[2,2|1,0]",4,"(2,5,8,3)",1938,"('A_X1','B_X1','A_X2','B_X2')"
1939,"XX[X[0,2|1,2],X[2,2|1,1]]",23,"X[0,2|1,2]",76,"X[2,2|1,1]",4,"(2,5,8,4)",1939,"('A_X1','B_X1','A_X2','B_X2')"
1940,"XX[X[0,2|1,2],X[2,2|1,2]]",23,"X[0,2|1,2]",77,"X[2,2|1,2]",4,"(2,5,8,5)",1940,"('A_X1','B_X1','A_X2','B_X2')"
1941,"XX[X[0,2|1,2],X[2,2|2,0]]",23,"X[0,2|1,2]",78,"X[2,2|2,0]",4,"(2,5,8,6)",1941,"('A_X1','B_X1','A_X2','B_X2')"
1942,"XX[X[0,2|1,2],X[2,2|2,1]]",23,"X[0,2|1,2]",79,"X[2,2|2,1]",4,"(2,5,8,7)",1942,"('A_X1','B_X1','A_X2','B_X2')"
1943,"XX[X[0,2|1,2],X[2,2|2,2]]",23,"X[0,2|1,2]",80,"X[2,2|2,2]",4,"(2,5,8,8)",1943,"('A_X1','B_X1','A_X2','B_X2')"
1944,"XX[X[0,2|2,0],X[0,0|0,0]]",24,"X[0,2|2,0]",0,"X[0,0|0,0]",4,"(2,6,0,0)",1944,"('A_X1','B_X1','A_X2','B_X2')"
1945,"XX[X[0,2|2,0],X[0,0|0,1]]",24,"X[0,2|2,0]",1,"X[0,0|0,1]",4,"(2,6,0,1)",1945,"('A_X1','B_X1','A_X2','B_X2')"
1946,"XX[X[0,2|2,0],X[0,0|0,2]]",24,"X[0,2|2,0]",2,"X[0,0|0,2]",4,"(2,6,0,2)",1946,"('A_X1','B_X1','A_X2','B_X2')"
1947,"XX[X[0,2|2,0],X[0,0|1,0]]",24,"X[0,2|2,0]",3,"X[0,0|1,0]",4,"(2,6,0,3)",1947,"('A_X1','B_X1','A_X2','B_X2')"
1948,"XX[X[0,2|2,0],X[0,0|1,1]]",24,"X[0,2|2,0]",4,"X[0,0|1,1]",4,"(2,6,0,4)",1948,"('A_X1','B_X1','A_X2','B_X2')"
1949,"XX[X[0,2|2,0],X[0,0|1,2]]",24,"X[0,2|2,0]",5,"X[0,0|1,2]",4,"(2,6,0,5)",1949,"('A_X1','B_X1','A_X2','B_X2')"
1950,"XX[X[0,2|2,0],X[0,0|2,0]]",24,"X[0,2|2,0]",6,"X[0,0|2,0]",4,"(2,6,0,6)",1950,"('A_X1','B_X1','A_X2','B_X2')"
1951,"XX[X[0,2|2,0],X[0,0|2,1]]",24,"X[0,2|2,0]",7,"X[0,0|2,1]",4,"(2,6,0,7)",1951,"('A_X1','B_X1','A_X2','B_X2')"
1952,"XX[X[0,2|2,0],X[0,0|2,2]]",24,"X[0,2|2,0]",8,"X[0,0|2,2]",4,"(2,6,0,8)",1952,"('A_X1','B_X1','A_X2','B_X2')"
1953,"XX[X[0,2|2,0],X[0,1|0,0]]",24,"X[0,2|2,0]",9,"X[0,1|0,0]",4,"(2,6,1,0)",1953,"('A_X1','B_X1','A_X2','B_X2')"
1954,"XX[X[0,2|2,0],X[0,1|0,1]]",24,"X[0,2|2,0]",10,"X[0,1|0,1]",4,"(2,6,1,1)",1954,"('A_X1','B_X1','A_X2','B_X2')"
1955,"XX[X[0,2|2,0],X[0,1|0,2]]",24,"X[0,2|2,0]",11,"X[0,1|0,2]",4,"(2,6,1,2)",1955,"('A_X1','B_X1','A_X2','B_X2')"
1956,"XX[X[0,2|2,0],X[0,1|1,0]]",24,"X[0,2|2,0]",12,"X[0,1|1,0]",4,"(2,6,1,3)",1956,"('A_X1','B_X1','A_X2','B_X2')"
1957,"XX[X[0,2|2,0],X[0,1|1,1]]",24,"X[0,2|2,0]",13,"X[0,1|1,1]",4,"(2,6,1,4)",1957,"('A_X1','B_X1','A_X2','B_X2')"
1958,"XX[X[0,2|2,0],X[0,1|1,2]]",24,"X[0,2|2,0]",14,"X[0,1|1,2]",4,"(2,6,1,5)",1958,"('A_X1','B_X1','A_X2','B_X2')"
1959,"XX[X[0,2|2,0],X[0,1|2,0]]",24,"X[0,2|2,0]",15,"X[0,1|2,0]",4,"(2,6,1,6)",1959,"('A_X1','B_X1','A_X2','B_X2')"
1960,"XX[X[0,2|2,0],X[0,1|2,1]]",24,"X[0,2|2,0]",16,"X[0,1|2,1]",4,"(2,6,1,7)",1960,"('A_X1','B_X1','A_X2','B_X2')"
1961,"XX[X[0,2|2,0],X[0,1|2,2]]",24,"X[0,2|2,0]",17,"X[0,1|2,2]",4,"(2,6,1,8)",1961,"('A_X1','B_X1','A_X2','B_X2')"
1962,"XX[X[0,2|2,0],X[0,2|0,0]]",24,"X[0,2|2,0]",18,"X[0,2|0,0]",4,"(2,6,2,0)",1962,"('A_X1','B_X1','A_X2','B_X2')"
1963,"XX[X[0,2|2,0],X[0,2|0,1]]",24,"X[0,2|2,0]",19,"X[0,2|0,1]",4,"(2,6,2,1)",1963,"('A_X1','B_X1','A_X2','B_X2')"
1964,"XX[X[0,2|2,0],X[0,2|0,2]]",24,"X[0,2|2,0]",20,"X[0,2|0,2]",4,"(2,6,2,2)",1964,"('A_X1','B_X1','A_X2','B_X2')"
1965,"XX[X[0,2|2,0],X[0,2|1,0]]",24,"X[0,2|2,0]",21,"X[0,2|1,0]",4,"(2,6,2,3)",1965,"('A_X1','B_X1','A_X2','B_X2')"
1966,"XX[X[0,2|2,0],X[0,2|1,1]]",24,"X[0,2|2,0]",22,"X[0,2|1,1]",4,"(2,6,2,4)",1966,"('A_X1','B_X1','A_X2','B_X2')"
1967,"XX[X[0,2|2,0],X[0,2|1,2]]",24,"X[0,2|2,0]",23,"X[0,2|1,2]",4,"(2,6,2,5)",1967,"('A_X1','B_X1','A_X2','B_X2')"
1968,"XX[X[0,2|2,0],X[0,2|2,0]]",24,"X[0,2|2,0]",24,"X[0,2|2,0]",4,"(2,6,2,6)",1968,"('A_X1','B_X1','A_X2','B_X2')"
1969,"XX[X[0,2|2,0],X[0,2|2,1]]",24,"X[0,2|2,0]",25,"X[0,2|2,1]",4,"(2,6,2,7)",1969,"('A_X1','B_X1','A_X2','B_X2')"
1970,"XX[X[0,2|2,0],X[0,2|2,2]]",24,"X[0,2|2,0]",26,"X[0,2|2,2]",4,"(2,6,2,8)",1970,"('A_X1','B_X1','A_X2','B_X2')"
1971,"XX[X[0,2|2,0],X[1,0|0,0]]",24,"X[0,2|2,0]",27,"X[1,0|0,0]",4,"(2,6,3,0)",1971,"('A_X1','B_X1','A_X2','B_X2')"
1972,"XX[X[0,2|2,0],X[1,0|0,1]]",24,"X[0,2|2,0]",28,"X[1,0|0,1]",4,"(2,6,3,1)",1972,"('A_X1','B_X1','A_X2','B_X2')"
1973,"XX[X[0,2|2,0],X[1,0|0,2]]",24,"X[0,2|2,0]",29,"X[1,0|0,2]",4,"(2,6,3,2)",1973,"('A_X1','B_X1','A_X2','B_X2')"
1974,"XX[X[0,2|2,0],X[1,0|1,0]]",24,"X[0,2|2,0]",30,"X[1,0|1,0]",4,"(2,6,3,3)",1974,"('A_X1','B_X1','A_X2','B_X2')"
1975,"XX[X[0,2|2,0],X[1,0|1,1]]",24,"X[0,2|2,0]",31,"X[1,0|1,1]",4,"(2,6,3,4)",1975,"('A_X1','B_X1','A_X2','B_X2')"
1976,"XX[X[0,2|2,0],X[1,0|1,2]]",24,"X[0,2|2,0]",32,"X[1,0|1,2]",4,"(2,6,3,5)",1976,"('A_X1','B_X1','A_X2','B_X2')"
1977,"XX[X[0,2|2,0],X[1,0|2,0]]",24,"X[0,2|2,0]",33,"X[1,0|2,0]",4,"(2,6,3,6)",1977,"('A_X1','B_X1','A_X2','B_X2')"
1978,"XX[X[0,2|2,0],X[1,0|2,1]]",24,"X[0,2|2,0]",34,"X[1,0|2,1]",4,"(2,6,3,7)",1978,"('A_X1','B_X1','A_X2','B_X2')"
1979,"XX[X[0,2|2,0],X[1,0|2,2]]",24,"X[0,2|2,0]",35,"X[1,0|2,2]",4,"(2,6,3,8)",1979,"('A_X1','B_X1','A_X2','B_X2')"
1980,"XX[X[0,2|2,0],X[1,1|0,0]]",24,"X[0,2|2,0]",36,"X[1,1|0,0]",4,"(2,6,4,0)",1980,"('A_X1','B_X1','A_X2','B_X2')"
1981,"XX[X[0,2|2,0],X[1,1|0,1]]",24,"X[0,2|2,0]",37,"X[1,1|0,1]",4,"(2,6,4,1)",1981,"('A_X1','B_X1','A_X2','B_X2')"
1982,"XX[X[0,2|2,0],X[1,1|0,2]]",24,"X[0,2|2,0]",38,"X[1,1|0,2]",4,"(2,6,4,2)",1982,"('A_X1','B_X1','A_X2','B_X2')"
1983,"XX[X[0,2|2,0],X[1,1|1,0]]",24,"X[0,2|2,0]",39,"X[1,1|1,0]",4,"(2,6,4,3)",1983,"('A_X1','B_X1','A_X2','B_X2')"
1984,"XX[X[0,2|2,0],X[1,1|1,1]]",24,"X[0,2|2,0]",40,"X[1,1|1,1]",4,"(2,6,4,4)",1984,"('A_X1','B_X1','A_X2','B_X2')"
1985,"XX[X[0,2|2,0],X[1,1|1,2]]",24,"X[0,2|2,0]",41,"X[1,1|1,2]",4,"(2,6,4,5)",1985,"('A_X1','B_X1','A_X2','B_X2')"
1986,"XX[X[0,2|2,0],X[1,1|2,0]]",24,"X[0,2|2,0]",42,"X[1,1|2,0]",4,"(2,6,4,6)",1986,"('A_X1','B_X1','A_X2','B_X2')"
1987,"XX[X[0,2|2,0],X[1,1|2,1]]",24,"X[0,2|2,0]",43,"X[1,1|2,1]",4,"(2,6,4,7)",1987,"('A_X1','B_X1','A_X2','B_X2')"
1988,"XX[X[0,2|2,0],X[1,1|2,2]]",24,"X[0,2|2,0]",44,"X[1,1|2,2]",4,"(2,6,4,8)",1988,"('A_X1','B_X1','A_X2','B_X2')"
1989,"XX[X[0,2|2,0],X[1,2|0,0]]",24,"X[0,2|2,0]",45,"X[1,2|0,0]",4,"(2,6,5,0)",1989,"('A_X1','B_X1','A_X2','B_X2')"
1990,"XX[X[0,2|2,0],X[1,2|0,1]]",24,"X[0,2|2,0]",46,"X[1,2|0,1]",4,"(2,6,5,1)",1990,"('A_X1','B_X1','A_X2','B_X2')"
1991,"XX[X[0,2|2,0],X[1,2|0,2]]",24,"X[0,2|2,0]",47,"X[1,2|0,2]",4,"(2,6,5,2)",1991,"('A_X1','B_X1','A_X2','B_X2')"
1992,"XX[X[0,2|2,0],X[1,2|1,0]]",24,"X[0,2|2,0]",48,"X[1,2|1,0]",4,"(2,6,5,3)",1992,"('A_X1','B_X1','A_X2','B_X2')"
1993,"XX[X[0,2|2,0],X[1,2|1,1]]",24,"X[0,2|2,0]",49,"X[1,2|1,1]",4,"(2,6,5,4)",1993,"('A_X1','B_X1','A_X2','B_X2')"
1994,"XX[X[0,2|2,0],X[1,2|1,2]]",24,"X[0,2|2,0]",50,"X[1,2|1,2]",4,"(2,6,5,5)",1994,"('A_X1','B_X1','A_X2','B_X2')"
1995,"XX[X[0,2|2,0],X[1,2|2,0]]",24,"X[0,2|2,0]",51,"X[1,2|2,0]",4,"(2,6,5,6)",1995,"('A_X1','B_X1','A_X2','B_X2')"
1996,"XX[X[0,2|2,0],X[1,2|2,1]]",24,"X[0,2|2,0]",52,"X[1,2|2,1]",4,"(2,6,5,7)",1996,"('A_X1','B_X1','A_X2','B_X2')"
1997,"XX[X[0,2|2,0],X[1,2|2,2]]",24,"X[0,2|2,0]",53,"X[1,2|2,2]",4,"(2,6,5,8)",1997,"('A_X1','B_X1','A_X2','B_X2')"
1998,"XX[X[0,2|2,0],X[2,0|0,0]]",24,"X[0,2|2,0]",54,"X[2,0|0,0]",4,"(2,6,6,0)",1998,"('A_X1','B_X1','A_X2','B_X2')"
1999,"XX[X[0,2|2,0],X[2,0|0,1]]",24,"X[0,2|2,0]",55,"X[2,0|0,1]",4,"(2,6,6,1)",1999,"('A_X1','B_X1','A_X2','B_X2')"
2000,"XX[X[0,2|2,0],X[2,0|0,2]]",24,"X[0,2|2,0]",56,"X[2,0|0,2]",4,"(2,6,6,2)",2000,"('A_X1','B_X1','A_X2','B_X2')"
2001,"XX[X[0,2|2,0],X[2,0|1,0]]",24,"X[0,2|2,0]",57,"X[2,0|1,0]",4,"(2,6,6,3)",2001,"('A_X1','B_X1','A_X2','B_X2')"
2002,"XX[X[0,2|2,0],X[2,0|1,1]]",24,"X[0,2|2,0]",58,"X[2,0|1,1]",4,"(2,6,6,4)",2002,"('A_X1','B_X1','A_X2','B_X2')"
2003,"XX[X[0,2|2,0],X[2,0|1,2]]",24,"X[0,2|2,0]",59,"X[2,0|1,2]",4,"(2,6,6,5)",2003,"('A_X1','B_X1','A_X2','B_X2')"
2004,"XX[X[0,2|2,0],X[2,0|2,0]]",24,"X[0,2|2,0]",60,"X[2,0|2,0]",4,"(2,6,6,6)",2004,"('A_X1','B_X1','A_X2','B_X2')"
2005,"XX[X[0,2|2,0],X[2,0|2,1]]",24,"X[0,2|2,0]",61,"X[2,0|2,1]",4,"(2,6,6,7)",2005,"('A_X1','B_X1','A_X2','B_X2')"
2006,"XX[X[0,2|2,0],X[2,0|2,2]]",24,"X[0,2|2,0]",62,"X[2,0|2,2]",4,"(2,6,6,8)",2006,"('A_X1','B_X1','A_X2','B_X2')"
2007,"XX[X[0,2|2,0],X[2,1|0,0]]",24,"X[0,2|2,0]",63,"X[2,1|0,0]",4,"(2,6,7,0)",2007,"('A_X1','B_X1','A_X2','B_X2')"
2008,"XX[X[0,2|2,0],X[2,1|0,1]]",24,"X[0,2|2,0]",64,"X[2,1|0,1]",4,"(2,6,7,1)",2008,"('A_X1','B_X1','A_X2','B_X2')"
2009,"XX[X[0,2|2,0],X[2,1|0,2]]",24,"X[0,2|2,0]",65,"X[2,1|0,2]",4,"(2,6,7,2)",2009,"('A_X1','B_X1','A_X2','B_X2')"
2010,"XX[X[0,2|2,0],X[2,1|1,0]]",24,"X[0,2|2,0]",66,"X[2,1|1,0]",4,"(2,6,7,3)",2010,"('A_X1','B_X1','A_X2','B_X2')"
2011,"XX[X[0,2|2,0],X[2,1|1,1]]",24,"X[0,2|2,0]",67,"X[2,1|1,1]",4,"(2,6,7,4)",2011,"('A_X1','B_X1','A_X2','B_X2')"
2012,"XX[X[0,2|2,0],X[2,1|1,2]]",24,"X[0,2|2,0]",68,"X[2,1|1,2]",4,"(2,6,7,5)",2012,"('A_X1','B_X1','A_X2','B_X2')"
2013,"XX[X[0,2|2,0],X[2,1|2,0]]",24,"X[0,2|2,0]",69,"X[2,1|2,0]",4,"(2,6,7,6)",2013,"('A_X1','B_X1','A_X2','B_X2')"
2014,"XX[X[0,2|2,0],X[2,1|2,1]]",24,"X[0,2|2,0]",70,"X[2,1|2,1]",4,"(2,6,7,7)",2014,"('A_X1','B_X1','A_X2','B_X2')"
2015,"XX[X[0,2|2,0],X[2,1|2,2]]",24,"X[0,2|2,0]",71,"X[2,1|2,2]",4,"(2,6,7,8)",2015,"('A_X1','B_X1','A_X2','B_X2')"
2016,"XX[X[0,2|2,0],X[2,2|0,0]]",24,"X[0,2|2,0]",72,"X[2,2|0,0]",4,"(2,6,8,0)",2016,"('A_X1','B_X1','A_X2','B_X2')"
2017,"XX[X[0,2|2,0],X[2,2|0,1]]",24,"X[0,2|2,0]",73,"X[2,2|0,1]",4,"(2,6,8,1)",2017,"('A_X1','B_X1','A_X2','B_X2')"
2018,"XX[X[0,2|2,0],X[2,2|0,2]]",24,"X[0,2|2,0]",74,"X[2,2|0,2]",4,"(2,6,8,2)",2018,"('A_X1','B_X1','A_X2','B_X2')"
2019,"XX[X[0,2|2,0],X[2,2|1,0]]",24,"X[0,2|2,0]",75,"X[2,2|1,0]",4,"(2,6,8,3)",2019,"('A_X1','B_X1','A_X2','B_X2')"
2020,"XX[X[0,2|2,0],X[2,2|1,1]]",24,"X[0,2|2,0]",76,"X[2,2|1,1]",4,"(2,6,8,4)",2020,"('A_X1','B_X1','A_X2','B_X2')"
2021,"XX[X[0,2|2,0],X[2,2|1,2]]",24,"X[0,2|2,0]",77,"X[2,2|1,2]",4,"(2,6,8,5)",2021,"('A_X1','B_X1','A_X2','B_X2')"
2022,"XX[X[0,2|2,0],X[2,2|2,0]]",24,"X[0,2|2,0]",78,"X[2,2|2,0]",4,"(2,6,8,6)",2022,"('A_X1','B_X1','A_X2','B_X2')"
2023,"XX[X[0,2|2,0],X[2,2|2,1]]",24,"X[0,2|2,0]",79,"X[2,2|2,1]",4,"(2,6,8,7)",2023,"('A_X1','B_X1','A_X2','B_X2')"
2024,"XX[X[0,2|2,0],X[2,2|2,2]]",24,"X[0,2|2,0]",80,"X[2,2|2,2]",4,"(2,6,8,8)",2024,"('A_X1','B_X1','A_X2','B_X2')"
2025,"XX[X[0,2|2,1],X[0,0|0,0]]",25,"X[0,2|2,1]",0,"X[0,0|0,0]",4,"(2,7,0,0)",2025,"('A_X1','B_X1','A_X2','B_X2')"
2026,"XX[X[0,2|2,1],X[0,0|0,1]]",25,"X[0,2|2,1]",1,"X[0,0|0,1]",4,"(2,7,0,1)",2026,"('A_X1','B_X1','A_X2','B_X2')"
2027,"XX[X[0,2|2,1],X[0,0|0,2]]",25,"X[0,2|2,1]",2,"X[0,0|0,2]",4,"(2,7,0,2)",2027,"('A_X1','B_X1','A_X2','B_X2')"
2028,"XX[X[0,2|2,1],X[0,0|1,0]]",25,"X[0,2|2,1]",3,"X[0,0|1,0]",4,"(2,7,0,3)",2028,"('A_X1','B_X1','A_X2','B_X2')"
2029,"XX[X[0,2|2,1],X[0,0|1,1]]",25,"X[0,2|2,1]",4,"X[0,0|1,1]",4,"(2,7,0,4)",2029,"('A_X1','B_X1','A_X2','B_X2')"
2030,"XX[X[0,2|2,1],X[0,0|1,2]]",25,"X[0,2|2,1]",5,"X[0,0|1,2]",4,"(2,7,0,5)",2030,"('A_X1','B_X1','A_X2','B_X2')"
2031,"XX[X[0,2|2,1],X[0,0|2,0]]",25,"X[0,2|2,1]",6,"X[0,0|2,0]",4,"(2,7,0,6)",2031,"('A_X1','B_X1','A_X2','B_X2')"
2032,"XX[X[0,2|2,1],X[0,0|2,1]]",25,"X[0,2|2,1]",7,"X[0,0|2,1]",4,"(2,7,0,7)",2032,"('A_X1','B_X1','A_X2','B_X2')"
2033,"XX[X[0,2|2,1],X[0,0|2,2]]",25,"X[0,2|2,1]",8,"X[0,0|2,2]",4,"(2,7,0,8)",2033,"('A_X1','B_X1','A_X2','B_X2')"
2034,"XX[X[0,2|2,1],X[0,1|0,0]]",25,"X[0,2|2,1]",9,"X[0,1|0,0]",4,"(2,7,1,0)",2034,"('A_X1','B_X1','A_X2','B_X2')"
2035,"XX[X[0,2|2,1],X[0,1|0,1]]",25,"X[0,2|2,1]",10,"X[0,1|0,1]",4,"(2,7,1,1)",2035,"('A_X1','B_X1','A_X2','B_X2')"
2036,"XX[X[0,2|2,1],X[0,1|0,2]]",25,"X[0,2|2,1]",11,"X[0,1|0,2]",4,"(2,7,1,2)",2036,"('A_X1','B_X1','A_X2','B_X2')"
2037,"XX[X[0,2|2,1],X[0,1|1,0]]",25,"X[0,2|2,1]",12,"X[0,1|1,0]",4,"(2,7,1,3)",2037,"('A_X1','B_X1','A_X2','B_X2')"
2038,"XX[X[0,2|2,1],X[0,1|1,1]]",25,"X[0,2|2,1]",13,"X[0,1|1,1]",4,"(2,7,1,4)",2038,"('A_X1','B_X1','A_X2','B_X2')"
2039,"XX[X[0,2|2,1],X[0,1|1,2]]",25,"X[0,2|2,1]",14,"X[0,1|1,2]",4,"(2,7,1,5)",2039,"('A_X1','B_X1','A_X2','B_X2')"
2040,"XX[X[0,2|2,1],X[0,1|2,0]]",25,"X[0,2|2,1]",15,"X[0,1|2,0]",4,"(2,7,1,6)",2040,"('A_X1','B_X1','A_X2','B_X2')"
2041,"XX[X[0,2|2,1],X[0,1|2,1]]",25,"X[0,2|2,1]",16,"X[0,1|2,1]",4,"(2,7,1,7)",2041,"('A_X1','B_X1','A_X2','B_X2')"
2042,"XX[X[0,2|2,1],X[0,1|2,2]]",25,"X[0,2|2,1]",17,"X[0,1|2,2]",4,"(2,7,1,8)",2042,"('A_X1','B_X1','A_X2','B_X2')"
2043,"XX[X[0,2|2,1],X[0,2|0,0]]",25,"X[0,2|2,1]",18,"X[0,2|0,0]",4,"(2,7,2,0)",2043,"('A_X1','B_X1','A_X2','B_X2')"
2044,"XX[X[0,2|2,1],X[0,2|0,1]]",25,"X[0,2|2,1]",19,"X[0,2|0,1]",4,"(2,7,2,1)",2044,"('A_X1','B_X1','A_X2','B_X2')"
2045,"XX[X[0,2|2,1],X[0,2|0,2]]",25,"X[0,2|2,1]",20,"X[0,2|0,2]",4,"(2,7,2,2)",2045,"('A_X1','B_X1','A_X2','B_X2')"
2046,"XX[X[0,2|2,1],X[0,2|1,0]]",25,"X[0,2|2,1]",21,"X[0,2|1,0]",4,"(2,7,2,3)",2046,"('A_X1','B_X1','A_X2','B_X2')"
2047,"XX[X[0,2|2,1],X[0,2|1,1]]",25,"X[0,2|2,1]",22,"X[0,2|1,1]",4,"(2,7,2,4)",2047,"('A_X1','B_X1','A_X2','B_X2')"
2048,"XX[X[0,2|2,1],X[0,2|1,2]]",25,"X[0,2|2,1]",23,"X[0,2|1,2]",4,"(2,7,2,5)",2048,"('A_X1','B_X1','A_X2','B_X2')"
2049,"XX[X[0,2|2,1],X[0,2|2,0]]",25,"X[0,2|2,1]",24,"X[0,2|2,0]",4,"(2,7,2,6)",2049,"('A_X1','B_X1','A_X2','B_X2')"
2050,"XX[X[0,2|2,1],X[0,2|2,1]]",25,"X[0,2|2,1]",25,"X[0,2|2,1]",4,"(2,7,2,7)",2050,"('A_X1','B_X1','A_X2','B_X2')"
2051,"XX[X[0,2|2,1],X[0,2|2,2]]",25,"X[0,2|2,1]",26,"X[0,2|2,2]",4,"(2,7,2,8)",2051,"('A_X1','B_X1','A_X2','B_X2')"
2052,"XX[X[0,2|2,1],X[1,0|0,0]]",25,"X[0,2|2,1]",27,"X[1,0|0,0]",4,"(2,7,3,0)",2052,"('A_X1','B_X1','A_X2','B_X2')"
2053,"XX[X[0,2|2,1],X[1,0|0,1]]",25,"X[0,2|2,1]",28,"X[1,0|0,1]",4,"(2,7,3,1)",2053,"('A_X1','B_X1','A_X2','B_X2')"
2054,"XX[X[0,2|2,1],X[1,0|0,2]]",25,"X[0,2|2,1]",29,"X[1,0|0,2]",4,"(2,7,3,2)",2054,"('A_X1','B_X1','A_X2','B_X2')"
2055,"XX[X[0,2|2,1],X[1,0|1,0]]",25,"X[0,2|2,1]",30,"X[1,0|1,0]",4,"(2,7,3,3)",2055,"('A_X1','B_X1','A_X2','B_X2')"
2056,"XX[X[0,2|2,1],X[1,0|1,1]]",25,"X[0,2|2,1]",31,"X[1,0|1,1]",4,"(2,7,3,4)",2056,"('A_X1','B_X1','A_X2','B_X2')"
2057,"XX[X[0,2|2,1],X[1,0|1,2]]",25,"X[0,2|2,1]",32,"X[1,0|1,2]",4,"(2,7,3,5)",2057,"('A_X1','B_X1','A_X2','B_X2')"
2058,"XX[X[0,2|2,1],X[1,0|2,0]]",25,"X[0,2|2,1]",33,"X[1,0|2,0]",4,"(2,7,3,6)",2058,"('A_X1','B_X1','A_X2','B_X2')"
2059,"XX[X[0,2|2,1],X[1,0|2,1]]",25,"X[0,2|2,1]",34,"X[1,0|2,1]",4,"(2,7,3,7)",2059,"('A_X1','B_X1','A_X2','B_X2')"
2060,"XX[X[0,2|2,1],X[1,0|2,2]]",25,"X[0,2|2,1]",35,"X[1,0|2,2]",4,"(2,7,3,8)",2060,"('A_X1','B_X1','A_X2','B_X2')"
2061,"XX[X[0,2|2,1],X[1,1|0,0]]",25,"X[0,2|2,1]",36,"X[1,1|0,0]",4,"(2,7,4,0)",2061,"('A_X1','B_X1','A_X2','B_X2')"
2062,"XX[X[0,2|2,1],X[1,1|0,1]]",25,"X[0,2|2,1]",37,"X[1,1|0,1]",4,"(2,7,4,1)",2062,"('A_X1','B_X1','A_X2','B_X2')"
2063,"XX[X[0,2|2,1],X[1,1|0,2]]",25,"X[0,2|2,1]",38,"X[1,1|0,2]",4,"(2,7,4,2)",2063,"('A_X1','B_X1','A_X2','B_X2')"
2064,"XX[X[0,2|2,1],X[1,1|1,0]]",25,"X[0,2|2,1]",39,"X[1,1|1,0]",4,"(2,7,4,3)",2064,"('A_X1','B_X1','A_X2','B_X2')"
2065,"XX[X[0,2|2,1],X[1,1|1,1]]",25,"X[0,2|2,1]",40,"X[1,1|1,1]",4,"(2,7,4,4)",2065,"('A_X1','B_X1','A_X2','B_X2')"
2066,"XX[X[0,2|2,1],X[1,1|1,2]]",25,"X[0,2|2,1]",41,"X[1,1|1,2]",4,"(2,7,4,5)",2066,"('A_X1','B_X1','A_X2','B_X2')"
2067,"XX[X[0,2|2,1],X[1,1|2,0]]",25,"X[0,2|2,1]",42,"X[1,1|2,0]",4,"(2,7,4,6)",2067,"('A_X1','B_X1','A_X2','B_X2')"
2068,"XX[X[0,2|2,1],X[1,1|2,1]]",25,"X[0,2|2,1]",43,"X[1,1|2,1]",4,"(2,7,4,7)",2068,"('A_X1','B_X1','A_X2','B_X2')"
2069,"XX[X[0,2|2,1],X[1,1|2,2]]",25,"X[0,2|2,1]",44,"X[1,1|2,2]",4,"(2,7,4,8)",2069,"('A_X1','B_X1','A_X2','B_X2')"
2070,"XX[X[0,2|2,1],X[1,2|0,0]]",25,"X[0,2|2,1]",45,"X[1,2|0,0]",4,"(2,7,5,0)",2070,"('A_X1','B_X1','A_X2','B_X2')"
2071,"XX[X[0,2|2,1],X[1,2|0,1]]",25,"X[0,2|2,1]",46,"X[1,2|0,1]",4,"(2,7,5,1)",2071,"('A_X1','B_X1','A_X2','B_X2')"
2072,"XX[X[0,2|2,1],X[1,2|0,2]]",25,"X[0,2|2,1]",47,"X[1,2|0,2]",4,"(2,7,5,2)",2072,"('A_X1','B_X1','A_X2','B_X2')"
2073,"XX[X[0,2|2,1],X[1,2|1,0]]",25,"X[0,2|2,1]",48,"X[1,2|1,0]",4,"(2,7,5,3)",2073,"('A_X1','B_X1','A_X2','B_X2')"
2074,"XX[X[0,2|2,1],X[1,2|1,1]]",25,"X[0,2|2,1]",49,"X[1,2|1,1]",4,"(2,7,5,4)",2074,"('A_X1','B_X1','A_X2','B_X2')"
2075,"XX[X[0,2|2,1],X[1,2|1,2]]",25,"X[0,2|2,1]",50,"X[1,2|1,2]",4,"(2,7,5,5)",2075,"('A_X1','B_X1','A_X2','B_X2')"
2076,"XX[X[0,2|2,1],X[1,2|2,0]]",25,"X[0,2|2,1]",51,"X[1,2|2,0]",4,"(2,7,5,6)",2076,"('A_X1','B_X1','A_X2','B_X2')"
2077,"XX[X[0,2|2,1],X[1,2|2,1]]",25,"X[0,2|2,1]",52,"X[1,2|2,1]",4,"(2,7,5,7)",2077,"('A_X1','B_X1','A_X2','B_X2')"
2078,"XX[X[0,2|2,1],X[1,2|2,2]]",25,"X[0,2|2,1]",53,"X[1,2|2,2]",4,"(2,7,5,8)",2078,"('A_X1','B_X1','A_X2','B_X2')"
2079,"XX[X[0,2|2,1],X[2,0|0,0]]",25,"X[0,2|2,1]",54,"X[2,0|0,0]",4,"(2,7,6,0)",2079,"('A_X1','B_X1','A_X2','B_X2')"
2080,"XX[X[0,2|2,1],X[2,0|0,1]]",25,"X[0,2|2,1]",55,"X[2,0|0,1]",4,"(2,7,6,1)",2080,"('A_X1','B_X1','A_X2','B_X2')"
2081,"XX[X[0,2|2,1],X[2,0|0,2]]",25,"X[0,2|2,1]",56,"X[2,0|0,2]",4,"(2,7,6,2)",2081,"('A_X1','B_X1','A_X2','B_X2')"
2082,"XX[X[0,2|2,1],X[2,0|1,0]]",25,"X[0,2|2,1]",57,"X[2,0|1,0]",4,"(2,7,6,3)",2082,"('A_X1','B_X1','A_X2','B_X2')"
2083,"XX[X[0,2|2,1],X[2,0|1,1]]",25,"X[0,2|2,1]",58,"X[2,0|1,1]",4,"(2,7,6,4)",2083,"('A_X1','B_X1','A_X2','B_X2')"
2084,"XX[X[0,2|2,1],X[2,0|1,2]]",25,"X[0,2|2,1]",59,"X[2,0|1,2]",4,"(2,7,6,5)",2084,"('A_X1','B_X1','A_X2','B_X2')"
2085,"XX[X[0,2|2,1],X[2,0|2,0]]",25,"X[0,2|2,1]",60,"X[2,0|2,0]",4,"(2,7,6,6)",2085,"('A_X1','B_X1','A_X2','B_X2')"
2086,"XX[X[0,2|2,1],X[2,0|2,1]]",25,"X[0,2|2,1]",61,"X[2,0|2,1]",4,"(2,7,6,7)",2086,"('A_X1','B_X1','A_X2','B_X2')"
2087,"XX[X[0,2|2,1],X[2,0|2,2]]",25,"X[0,2|2,1]",62,"X[2,0|2,2]",4,"(2,7,6,8)",2087,"('A_X1','B_X1','A_X2','B_X2')"
2088,"XX[X[0,2|2,1],X[2,1|0,0]]",25,"X[0,2|2,1]",63,"X[2,1|0,0]",4,"(2,7,7,0)",2088,"('A_X1','B_X1','A_X2','B_X2')"
2089,"XX[X[0,2|2,1],X[2,1|0,1]]",25,"X[0,2|2,1]",64,"X[2,1|0,1]",4,"(2,7,7,1)",2089,"('A_X1','B_X1','A_X2','B_X2')"
2090,"XX[X[0,2|2,1],X[2,1|0,2]]",25,"X[0,2|2,1]",65,"X[2,1|0,2]",4,"(2,7,7,2)",2090,"('A_X1','B_X1','A_X2','B_X2')"
2091,"XX[X[0,2|2,1],X[2,1|1,0]]",25,"X[0,2|2,1]",66,"X[2,1|1,0]",4,"(2,7,7,3)",2091,"('A_X1','B_X1','A_X2','B_X2')"
2092,"XX[X[0,2|2,1],X[2,1|1,1]]",25,"X[0,2|2,1]",67,"X[2,1|1,1]",4,"(2,7,7,4)",2092,"('A_X1','B_X1','A_X2','B_X2')"
2093,"XX[X[0,2|2,1],X[2,1|1,2]]",25,"X[0,2|2,1]",68,"X[2,1|1,2]",4,"(2,7,7,5)",2093,"('A_X1','B_X1','A_X2','B_X2')"
2094,"XX[X[0,2|2,1],X[2,1|2,0]]",25,"X[0,2|2,1]",69,"X[2,1|2,0]",4,"(2,7,7,6)",2094,"('A_X1','B_X1','A_X2','B_X2')"
2095,"XX[X[0,2|2,1],X[2,1|2,1]]",25,"X[0,2|2,1]",70,"X[2,1|2,1]",4,"(2,7,7,7)",2095,"('A_X1','B_X1','A_X2','B_X2')"
2096,"XX[X[0,2|2,1],X[2,1|2,2]]",25,"X[0,2|2,1]",71,"X[2,1|2,2]",4,"(2,7,7,8)",2096,"('A_X1','B_X1','A_X2','B_X2')"
2097,"XX[X[0,2|2,1],X[2,2|0,0]]",25,"X[0,2|2,1]",72,"X[2,2|0,0]",4,"(2,7,8,0)",2097,"('A_X1','B_X1','A_X2','B_X2')"
2098,"XX[X[0,2|2,1],X[2,2|0,1]]",25,"X[0,2|2,1]",73,"X[2,2|0,1]",4,"(2,7,8,1)",2098,"('A_X1','B_X1','A_X2','B_X2')"
2099,"XX[X[0,2|2,1],X[2,2|0,2]]",25,"X[0,2|2,1]",74,"X[2,2|0,2]",4,"(2,7,8,2)",2099,"('A_X1','B_X1','A_X2','B_X2')"
2100,"XX[X[0,2|2,1],X[2,2|1,0]]",25,"X[0,2|2,1]",75,"X[2,2|1,0]",4,"(2,7,8,3)",2100,"('A_X1','B_X1','A_X2','B_X2')"
2101,"XX[X[0,2|2,1],X[2,2|1,1]]",25,"X[0,2|2,1]",76,"X[2,2|1,1]",4,"(2,7,8,4)",2101,"('A_X1','B_X1','A_X2','B_X2')"
2102,"XX[X[0,2|2,1],X[2,2|1,2]]",25,"X[0,2|2,1]",77,"X[2,2|1,2]",4,"(2,7,8,5)",2102,"('A_X1','B_X1','A_X2','B_X2')"
2103,"XX[X[0,2|2,1],X[2,2|2,0]]",25,"X[0,2|2,1]",78,"X[2,2|2,0]",4,"(2,7,8,6)",2103,"('A_X1','B_X1','A_X2','B_X2')"
2104,"XX[X[0,2|2,1],X[2,2|2,1]]",25,"X[0,2|2,1]",79,"X[2,2|2,1]",4,"(2,7,8,7)",2104,"('A_X1','B_X1','A_X2','B_X2')"
2105,"XX[X[0,2|2,1],X[2,2|2,2]]",25,"X[0,2|2,1]",80,"X[2,2|2,2]",4,"(2,7,8,8)",2105,"('A_X1','B_X1','A_X2','B_X2')"
2106,"XX[X[0,2|2,2],X[0,0|0,0]]",26,"X[0,2|2,2]",0,"X[0,0|0,0]",4,"(2,8,0,0)",2106,"('A_X1','B_X1','A_X2','B_X2')"
2107,"XX[X[0,2|2,2],X[0,0|0,1]]",26,"X[0,2|2,2]",1,"X[0,0|0,1]",4,"(2,8,0,1)",2107,"('A_X1','B_X1','A_X2','B_X2')"
2108,"XX[X[0,2|2,2],X[0,0|0,2]]",26,"X[0,2|2,2]",2,"X[0,0|0,2]",4,"(2,8,0,2)",2108,"('A_X1','B_X1','A_X2','B_X2')"
2109,"XX[X[0,2|2,2],X[0,0|1,0]]",26,"X[0,2|2,2]",3,"X[0,0|1,0]",4,"(2,8,0,3)",2109,"('A_X1','B_X1','A_X2','B_X2')"
2110,"XX[X[0,2|2,2],X[0,0|1,1]]",26,"X[0,2|2,2]",4,"X[0,0|1,1]",4,"(2,8,0,4)",2110,"('A_X1','B_X1','A_X2','B_X2')"
2111,"XX[X[0,2|2,2],X[0,0|1,2]]",26,"X[0,2|2,2]",5,"X[0,0|1,2]",4,"(2,8,0,5)",2111,"('A_X1','B_X1','A_X2','B_X2')"
2112,"XX[X[0,2|2,2],X[0,0|2,0]]",26,"X[0,2|2,2]",6,"X[0,0|2,0]",4,"(2,8,0,6)",2112,"('A_X1','B_X1','A_X2','B_X2')"
2113,"XX[X[0,2|2,2],X[0,0|2,1]]",26,"X[0,2|2,2]",7,"X[0,0|2,1]",4,"(2,8,0,7)",2113,"('A_X1','B_X1','A_X2','B_X2')"
2114,"XX[X[0,2|2,2],X[0,0|2,2]]",26,"X[0,2|2,2]",8,"X[0,0|2,2]",4,"(2,8,0,8)",2114,"('A_X1','B_X1','A_X2','B_X2')"
2115,"XX[X[0,2|2,2],X[0,1|0,0]]",26,"X[0,2|2,2]",9,"X[0,1|0,0]",4,"(2,8,1,0)",2115,"('A_X1','B_X1','A_X2','B_X2')"
2116,"XX[X[0,2|2,2],X[0,1|0,1]]",26,"X[0,2|2,2]",10,"X[0,1|0,1]",4,"(2,8,1,1)",2116,"('A_X1','B_X1','A_X2','B_X2')"
2117,"XX[X[0,2|2,2],X[0,1|0,2]]",26,"X[0,2|2,2]",11,"X[0,1|0,2]",4,"(2,8,1,2)",2117,"('A_X1','B_X1','A_X2','B_X2')"
2118,"XX[X[0,2|2,2],X[0,1|1,0]]",26,"X[0,2|2,2]",12,"X[0,1|1,0]",4,"(2,8,1,3)",2118,"('A_X1','B_X1','A_X2','B_X2')"
2119,"XX[X[0,2|2,2],X[0,1|1,1]]",26,"X[0,2|2,2]",13,"X[0,1|1,1]",4,"(2,8,1,4)",2119,"('A_X1','B_X1','A_X2','B_X2')"
2120,"XX[X[0,2|2,2],X[0,1|1,2]]",26,"X[0,2|2,2]",14,"X[0,1|1,2]",4,"(2,8,1,5)",2120,"('A_X1','B_X1','A_X2','B_X2')"
2121,"XX[X[0,2|2,2],X[0,1|2,0]]",26,"X[0,2|2,2]",15,"X[0,1|2,0]",4,"(2,8,1,6)",2121,"('A_X1','B_X1','A_X2','B_X2')"
2122,"XX[X[0,2|2,2],X[0,1|2,1]]",26,"X[0,2|2,2]",16,"X[0,1|2,1]",4,"(2,8,1,7)",2122,"('A_X1','B_X1','A_X2','B_X2')"
2123,"XX[X[0,2|2,2],X[0,1|2,2]]",26,"X[0,2|2,2]",17,"X[0,1|2,2]",4,"(2,8,1,8)",2123,"('A_X1','B_X1','A_X2','B_X2')"
2124,"XX[X[0,2|2,2],X[0,2|0,0]]",26,"X[0,2|2,2]",18,"X[0,2|0,0]",4,"(2,8,2,0)",2124,"('A_X1','B_X1','A_X2','B_X2')"
2125,"XX[X[0,2|2,2],X[0,2|0,1]]",26,"X[0,2|2,2]",19,"X[0,2|0,1]",4,"(2,8,2,1)",2125,"('A_X1','B_X1','A_X2','B_X2')"
2126,"XX[X[0,2|2,2],X[0,2|0,2]]",26,"X[0,2|2,2]",20,"X[0,2|0,2]",4,"(2,8,2,2)",2126,"('A_X1','B_X1','A_X2','B_X2')"
2127,"XX[X[0,2|2,2],X[0,2|1,0]]",26,"X[0,2|2,2]",21,"X[0,2|1,0]",4,"(2,8,2,3)",2127,"('A_X1','B_X1','A_X2','B_X2')"
2128,"XX[X[0,2|2,2],X[0,2|1,1]]",26,"X[0,2|2,2]",22,"X[0,2|1,1]",4,"(2,8,2,4)",2128,"('A_X1','B_X1','A_X2','B_X2')"
2129,"XX[X[0,2|2,2],X[0,2|1,2]]",26,"X[0,2|2,2]",23,"X[0,2|1,2]",4,"(2,8,2,5)",2129,"('A_X1','B_X1','A_X2','B_X2')"
2130,"XX[X[0,2|2,2],X[0,2|2,0]]",26,"X[0,2|2,2]",24,"X[0,2|2,0]",4,"(2,8,2,6)",2130,"('A_X1','B_X1','A_X2','B_X2')"
2131,"XX[X[0,2|2,2],X[0,2|2,1]]",26,"X[0,2|2,2]",25,"X[0,2|2,1]",4,"(2,8,2,7)",2131,"('A_X1','B_X1','A_X2','B_X2')"
2132,"XX[X[0,2|2,2],X[0,2|2,2]]",26,"X[0,2|2,2]",26,"X[0,2|2,2]",4,"(2,8,2,8)",2132,"('A_X1','B_X1','A_X2','B_X2')"
2133,"XX[X[0,2|2,2],X[1,0|0,0]]",26,"X[0,2|2,2]",27,"X[1,0|0,0]",4,"(2,8,3,0)",2133,"('A_X1','B_X1','A_X2','B_X2')"
2134,"XX[X[0,2|2,2],X[1,0|0,1]]",26,"X[0,2|2,2]",28,"X[1,0|0,1]",4,"(2,8,3,1)",2134,"('A_X1','B_X1','A_X2','B_X2')"
2135,"XX[X[0,2|2,2],X[1,0|0,2]]",26,"X[0,2|2,2]",29,"X[1,0|0,2]",4,"(2,8,3,2)",2135,"('A_X1','B_X1','A_X2','B_X2')"
2136,"XX[X[0,2|2,2],X[1,0|1,0]]",26,"X[0,2|2,2]",30,"X[1,0|1,0]",4,"(2,8,3,3)",2136,"('A_X1','B_X1','A_X2','B_X2')"
2137,"XX[X[0,2|2,2],X[1,0|1,1]]",26,"X[0,2|2,2]",31,"X[1,0|1,1]",4,"(2,8,3,4)",2137,"('A_X1','B_X1','A_X2','B_X2')"
2138,"XX[X[0,2|2,2],X[1,0|1,2]]",26,"X[0,2|2,2]",32,"X[1,0|1,2]",4,"(2,8,3,5)",2138,"('A_X1','B_X1','A_X2','B_X2')"
2139,"XX[X[0,2|2,2],X[1,0|2,0]]",26,"X[0,2|2,2]",33,"X[1,0|2,0]",4,"(2,8,3,6)",2139,"('A_X1','B_X1','A_X2','B_X2')"
2140,"XX[X[0,2|2,2],X[1,0|2,1]]",26,"X[0,2|2,2]",34,"X[1,0|2,1]",4,"(2,8,3,7)",2140,"('A_X1','B_X1','A_X2','B_X2')"
2141,"XX[X[0,2|2,2],X[1,0|2,2]]",26,"X[0,2|2,2]",35,"X[1,0|2,2]",4,"(2,8,3,8)",2141,"('A_X1','B_X1','A_X2','B_X2')"
2142,"XX[X[0,2|2,2],X[1,1|0,0]]",26,"X[0,2|2,2]",36,"X[1,1|0,0]",4,"(2,8,4,0)",2142,"('A_X1','B_X1','A_X2','B_X2')"
2143,"XX[X[0,2|2,2],X[1,1|0,1]]",26,"X[0,2|2,2]",37,"X[1,1|0,1]",4,"(2,8,4,1)",2143,"('A_X1','B_X1','A_X2','B_X2')"
2144,"XX[X[0,2|2,2],X[1,1|0,2]]",26,"X[0,2|2,2]",38,"X[1,1|0,2]",4,"(2,8,4,2)",2144,"('A_X1','B_X1','A_X2','B_X2')"
2145,"XX[X[0,2|2,2],X[1,1|1,0]]",26,"X[0,2|2,2]",39,"X[1,1|1,0]",4,"(2,8,4,3)",2145,"('A_X1','B_X1','A_X2','B_X2')"
2146,"XX[X[0,2|2,2],X[1,1|1,1]]",26,"X[0,2|2,2]",40,"X[1,1|1,1]",4,"(2,8,4,4)",2146,"('A_X1','B_X1','A_X2','B_X2')"
2147,"XX[X[0,2|2,2],X[1,1|1,2]]",26,"X[0,2|2,2]",41,"X[1,1|1,2]",4,"(2,8,4,5)",2147,"('A_X1','B_X1','A_X2','B_X2')"
2148,"XX[X[0,2|2,2],X[1,1|2,0]]",26,"X[0,2|2,2]",42,"X[1,1|2,0]",4,"(2,8,4,6)",2148,"('A_X1','B_X1','A_X2','B_X2')"
2149,"XX[X[0,2|2,2],X[1,1|2,1]]",26,"X[0,2|2,2]",43,"X[1,1|2,1]",4,"(2,8,4,7)",2149,"('A_X1','B_X1','A_X2','B_X2')"
2150,"XX[X[0,2|2,2],X[1,1|2,2]]",26,"X[0,2|2,2]",44,"X[1,1|2,2]",4,"(2,8,4,8)",2150,"('A_X1','B_X1','A_X2','B_X2')"
2151,"XX[X[0,2|2,2],X[1,2|0,0]]",26,"X[0,2|2,2]",45,"X[1,2|0,0]",4,"(2,8,5,0)",2151,"('A_X1','B_X1','A_X2','B_X2')"
2152,"XX[X[0,2|2,2],X[1,2|0,1]]",26,"X[0,2|2,2]",46,"X[1,2|0,1]",4,"(2,8,5,1)",2152,"('A_X1','B_X1','A_X2','B_X2')"
2153,"XX[X[0,2|2,2],X[1,2|0,2]]",26,"X[0,2|2,2]",47,"X[1,2|0,2]",4,"(2,8,5,2)",2153,"('A_X1','B_X1','A_X2','B_X2')"
2154,"XX[X[0,2|2,2],X[1,2|1,0]]",26,"X[0,2|2,2]",48,"X[1,2|1,0]",4,"(2,8,5,3)",2154,"('A_X1','B_X1','A_X2','B_X2')"
2155,"XX[X[0,2|2,2],X[1,2|1,1]]",26,"X[0,2|2,2]",49,"X[1,2|1,1]",4,"(2,8,5,4)",2155,"('A_X1','B_X1','A_X2','B_X2')"
2156,"XX[X[0,2|2,2],X[1,2|1,2]]",26,"X[0,2|2,2]",50,"X[1,2|1,2]",4,"(2,8,5,5)",2156,"('A_X1','B_X1','A_X2','B_X2')"
2157,"XX[X[0,2|2,2],X[1,2|2,0]]",26,"X[0,2|2,2]",51,"X[1,2|2,0]",4,"(2,8,5,6)",2157,"('A_X1','B_X1','A_X2','B_X2')"
2158,"XX[X[0,2|2,2],X[1,2|2,1]]",26,"X[0,2|2,2]",52,"X[1,2|2,1]",4,"(2,8,5,7)",2158,"('A_X1','B_X1','A_X2','B_X2')"
2159,"XX[X[0,2|2,2],X[1,2|2,2]]",26,"X[0,2|2,2]",53,"X[1,2|2,2]",4,"(2,8,5,8)",2159,"('A_X1','B_X1','A_X2','B_X2')"
2160,"XX[X[0,2|2,2],X[2,0|0,0]]",26,"X[0,2|2,2]",54,"X[2,0|0,0]",4,"(2,8,6,0)",2160,"('A_X1','B_X1','A_X2','B_X2')"
2161,"XX[X[0,2|2,2],X[2,0|0,1]]",26,"X[0,2|2,2]",55,"X[2,0|0,1]",4,"(2,8,6,1)",2161,"('A_X1','B_X1','A_X2','B_X2')"
2162,"XX[X[0,2|2,2],X[2,0|0,2]]",26,"X[0,2|2,2]",56,"X[2,0|0,2]",4,"(2,8,6,2)",2162,"('A_X1','B_X1','A_X2','B_X2')"
2163,"XX[X[0,2|2,2],X[2,0|1,0]]",26,"X[0,2|2,2]",57,"X[2,0|1,0]",4,"(2,8,6,3)",2163,"('A_X1','B_X1','A_X2','B_X2')"
2164,"XX[X[0,2|2,2],X[2,0|1,1]]",26,"X[0,2|2,2]",58,"X[2,0|1,1]",4,"(2,8,6,4)",2164,"('A_X1','B_X1','A_X2','B_X2')"
2165,"XX[X[0,2|2,2],X[2,0|1,2]]",26,"X[0,2|2,2]",59,"X[2,0|1,2]",4,"(2,8,6,5)",2165,"('A_X1','B_X1','A_X2','B_X2')"
2166,"XX[X[0,2|2,2],X[2,0|2,0]]",26,"X[0,2|2,2]",60,"X[2,0|2,0]",4,"(2,8,6,6)",2166,"('A_X1','B_X1','A_X2','B_X2')"
2167,"XX[X[0,2|2,2],X[2,0|2,1]]",26,"X[0,2|2,2]",61,"X[2,0|2,1]",4,"(2,8,6,7)",2167,"('A_X1','B_X1','A_X2','B_X2')"
2168,"XX[X[0,2|2,2],X[2,0|2,2]]",26,"X[0,2|2,2]",62,"X[2,0|2,2]",4,"(2,8,6,8)",2168,"('A_X1','B_X1','A_X2','B_X2')"
2169,"XX[X[0,2|2,2],X[2,1|0,0]]",26,"X[0,2|2,2]",63,"X[2,1|0,0]",4,"(2,8,7,0)",2169,"('A_X1','B_X1','A_X2','B_X2')"
2170,"XX[X[0,2|2,2],X[2,1|0,1]]",26,"X[0,2|2,2]",64,"X[2,1|0,1]",4,"(2,8,7,1)",2170,"('A_X1','B_X1','A_X2','B_X2')"
2171,"XX[X[0,2|2,2],X[2,1|0,2]]",26,"X[0,2|2,2]",65,"X[2,1|0,2]",4,"(2,8,7,2)",2171,"('A_X1','B_X1','A_X2','B_X2')"
2172,"XX[X[0,2|2,2],X[2,1|1,0]]",26,"X[0,2|2,2]",66,"X[2,1|1,0]",4,"(2,8,7,3)",2172,"('A_X1','B_X1','A_X2','B_X2')"
2173,"XX[X[0,2|2,2],X[2,1|1,1]]",26,"X[0,2|2,2]",67,"X[2,1|1,1]",4,"(2,8,7,4)",2173,"('A_X1','B_X1','A_X2','B_X2')"
2174,"XX[X[0,2|2,2],X[2,1|1,2]]",26,"X[0,2|2,2]",68,"X[2,1|1,2]",4,"(2,8,7,5)",2174,"('A_X1','B_X1','A_X2','B_X2')"
2175,"XX[X[0,2|2,2],X[2,1|2,0]]",26,"X[0,2|2,2]",69,"X[2,1|2,0]",4,"(2,8,7,6)",2175,"('A_X1','B_X1','A_X2','B_X2')"
2176,"XX[X[0,2|2,2],X[2,1|2,1]]",26,"X[0,2|2,2]",70,"X[2,1|2,1]",4,"(2,8,7,7)",2176,"('A_X1','B_X1','A_X2','B_X2')"
2177,"XX[X[0,2|2,2],X[2,1|2,2]]",26,"X[0,2|2,2]",71,"X[2,1|2,2]",4,"(2,8,7,8)",2177,"('A_X1','B_X1','A_X2','B_X2')"
2178,"XX[X[0,2|2,2],X[2,2|0,0]]",26,"X[0,2|2,2]",72,"X[2,2|0,0]",4,"(2,8,8,0)",2178,"('A_X1','B_X1','A_X2','B_X2')"
2179,"XX[X[0,2|2,2],X[2,2|0,1]]",26,"X[0,2|2,2]",73,"X[2,2|0,1]",4,"(2,8,8,1)",2179,"('A_X1','B_X1','A_X2','B_X2')"
2180,"XX[X[0,2|2,2],X[2,2|0,2]]",26,"X[0,2|2,2]",74,"X[2,2|0,2]",4,"(2,8,8,2)",2180,"('A_X1','B_X1','A_X2','B_X2')"
2181,"XX[X[0,2|2,2],X[2,2|1,0]]",26,"X[0,2|2,2]",75,"X[2,2|1,0]",4,"(2,8,8,3)",2181,"('A_X1','B_X1','A_X2','B_X2')"
2182,"XX[X[0,2|2,2],X[2,2|1,1]]",26,"X[0,2|2,2]",76,"X[2,2|1,1]",4,"(2,8,8,4)",2182,"('A_X1','B_X1','A_X2','B_X2')"
2183,"XX[X[0,2|2,2],X[2,2|1,2]]",26,"X[0,2|2,2]",77,"X[2,2|1,2]",4,"(2,8,8,5)",2183,"('A_X1','B_X1','A_X2','B_X2')"
2184,"XX[X[0,2|2,2],X[2,2|2,0]]",26,"X[0,2|2,2]",78,"X[2,2|2,0]",4,"(2,8,8,6)",2184,"('A_X1','B_X1','A_X2','B_X2')"
2185,"XX[X[0,2|2,2],X[2,2|2,1]]",26,"X[0,2|2,2]",79,"X[2,2|2,1]",4,"(2,8,8,7)",2185,"('A_X1','B_X1','A_X2','B_X2')"
2186,"XX[X[0,2|2,2],X[2,2|2,2]]",26,"X[0,2|2,2]",80,"X[2,2|2,2]",4,"(2,8,8,8)",2186,"('A_X1','B_X1','A_X2','B_X2')"
2187,"XX[X[1,0|0,0],X[0,0|0,0]]",27,"X[1,0|0,0]",0,"X[0,0|0,0]",4,"(3,0,0,0)",2187,"('A_X1','B_X1','A_X2','B_X2')"
2188,"XX[X[1,0|0,0],X[0,0|0,1]]",27,"X[1,0|0,0]",1,"X[0,0|0,1]",4,"(3,0,0,1)",2188,"('A_X1','B_X1','A_X2','B_X2')"
2189,"XX[X[1,0|0,0],X[0,0|0,2]]",27,"X[1,0|0,0]",2,"X[0,0|0,2]",4,"(3,0,0,2)",2189,"('A_X1','B_X1','A_X2','B_X2')"
2190,"XX[X[1,0|0,0],X[0,0|1,0]]",27,"X[1,0|0,0]",3,"X[0,0|1,0]",4,"(3,0,0,3)",2190,"('A_X1','B_X1','A_X2','B_X2')"
2191,"XX[X[1,0|0,0],X[0,0|1,1]]",27,"X[1,0|0,0]",4,"X[0,0|1,1]",4,"(3,0,0,4)",2191,"('A_X1','B_X1','A_X2','B_X2')"
2192,"XX[X[1,0|0,0],X[0,0|1,2]]",27,"X[1,0|0,0]",5,"X[0,0|1,2]",4,"(3,0,0,5)",2192,"('A_X1','B_X1','A_X2','B_X2')"
2193,"XX[X[1,0|0,0],X[0,0|2,0]]",27,"X[1,0|0,0]",6,"X[0,0|2,0]",4,"(3,0,0,6)",2193,"('A_X1','B_X1','A_X2','B_X2')"
2194,"XX[X[1,0|0,0],X[0,0|2,1]]",27,"X[1,0|0,0]",7,"X[0,0|2,1]",4,"(3,0,0,7)",2194,"('A_X1','B_X1','A_X2','B_X2')"
2195,"XX[X[1,0|0,0],X[0,0|2,2]]",27,"X[1,0|0,0]",8,"X[0,0|2,2]",4,"(3,0,0,8)",2195,"('A_X1','B_X1','A_X2','B_X2')"
2196,"XX[X[1,0|0,0],X[0,1|0,0]]",27,"X[1,0|0,0]",9,"X[0,1|0,0]",4,"(3,0,1,0)",2196,"('A_X1','B_X1','A_X2','B_X2')"
2197,"XX[X[1,0|0,0],X[0,1|0,1]]",27,"X[1,0|0,0]",10,"X[0,1|0,1]",4,"(3,0,1,1)",2197,"('A_X1','B_X1','A_X2','B_X2')"
2198,"XX[X[1,0|0,0],X[0,1|0,2]]",27,"X[1,0|0,0]",11,"X[0,1|0,2]",4,"(3,0,1,2)",2198,"('A_X1','B_X1','A_X2','B_X2')"
2199,"XX[X[1,0|0,0],X[0,1|1,0]]",27,"X[1,0|0,0]",12,"X[0,1|1,0]",4,"(3,0,1,3)",2199,"('A_X1','B_X1','A_X2','B_X2')"
2200,"XX[X[1,0|0,0],X[0,1|1,1]]",27,"X[1,0|0,0]",13,"X[0,1|1,1]",4,"(3,0,1,4)",2200,"('A_X1','B_X1','A_X2','B_X2')"
2201,"XX[X[1,0|0,0],X[0,1|1,2]]",27,"X[1,0|0,0]",14,"X[0,1|1,2]",4,"(3,0,1,5)",2201,"('A_X1','B_X1','A_X2','B_X2')"
2202,"XX[X[1,0|0,0],X[0,1|2,0]]",27,"X[1,0|0,0]",15,"X[0,1|2,0]",4,"(3,0,1,6)",2202,"('A_X1','B_X1','A_X2','B_X2')"
2203,"XX[X[1,0|0,0],X[0,1|2,1]]",27,"X[1,0|0,0]",16,"X[0,1|2,1]",4,"(3,0,1,7)",2203,"('A_X1','B_X1','A_X2','B_X2')"
2204,"XX[X[1,0|0,0],X[0,1|2,2]]",27,"X[1,0|0,0]",17,"X[0,1|2,2]",4,"(3,0,1,8)",2204,"('A_X1','B_X1','A_X2','B_X2')"
2205,"XX[X[1,0|0,0],X[0,2|0,0]]",27,"X[1,0|0,0]",18,"X[0,2|0,0]",4,"(3,0,2,0)",2205,"('A_X1','B_X1','A_X2','B_X2')"
2206,"XX[X[1,0|0,0],X[0,2|0,1]]",27,"X[1,0|0,0]",19,"X[0,2|0,1]",4,"(3,0,2,1)",2206,"('A_X1','B_X1','A_X2','B_X2')"
2207,"XX[X[1,0|0,0],X[0,2|0,2]]",27,"X[1,0|0,0]",20,"X[0,2|0,2]",4,"(3,0,2,2)",2207,"('A_X1','B_X1','A_X2','B_X2')"
2208,"XX[X[1,0|0,0],X[0,2|1,0]]",27,"X[1,0|0,0]",21,"X[0,2|1,0]",4,"(3,0,2,3)",2208,"('A_X1','B_X1','A_X2','B_X2')"
2209,"XX[X[1,0|0,0],X[0,2|1,1]]",27,"X[1,0|0,0]",22,"X[0,2|1,1]",4,"(3,0,2,4)",2209,"('A_X1','B_X1','A_X2','B_X2')"
2210,"XX[X[1,0|0,0],X[0,2|1,2]]",27,"X[1,0|0,0]",23,"X[0,2|1,2]",4,"(3,0,2,5)",2210,"('A_X1','B_X1','A_X2','B_X2')"
2211,"XX[X[1,0|0,0],X[0,2|2,0]]",27,"X[1,0|0,0]",24,"X[0,2|2,0]",4,"(3,0,2,6)",2211,"('A_X1','B_X1','A_X2','B_X2')"
2212,"XX[X[1,0|0,0],X[0,2|2,1]]",27,"X[1,0|0,0]",25,"X[0,2|2,1]",4,"(3,0,2,7)",2212,"('A_X1','B_X1','A_X2','B_X2')"
2213,"XX[X[1,0|0,0],X[0,2|2,2]]",27,"X[1,0|0,0]",26,"X[0,2|2,2]",4,"(3,0,2,8)",2213,"('A_X1','B_X1','A_X2','B_X2')"
2214,"XX[X[1,0|0,0],X[1,0|0,0]]",27,"X[1,0|0,0]",27,"X[1,0|0,0]",4,"(3,0,3,0)",2214,"('A_X1','B_X1','A_X2','B_X2')"
2215,"XX[X[1,0|0,0],X[1,0|0,1]]",27,"X[1,0|0,0]",28,"X[1,0|0,1]",4,"(3,0,3,1)",2215,"('A_X1','B_X1','A_X2','B_X2')"
2216,"XX[X[1,0|0,0],X[1,0|0,2]]",27,"X[1,0|0,0]",29,"X[1,0|0,2]",4,"(3,0,3,2)",2216,"('A_X1','B_X1','A_X2','B_X2')"
2217,"XX[X[1,0|0,0],X[1,0|1,0]]",27,"X[1,0|0,0]",30,"X[1,0|1,0]",4,"(3,0,3,3)",2217,"('A_X1','B_X1','A_X2','B_X2')"
2218,"XX[X[1,0|0,0],X[1,0|1,1]]",27,"X[1,0|0,0]",31,"X[1,0|1,1]",4,"(3,0,3,4)",2218,"('A_X1','B_X1','A_X2','B_X2')"
2219,"XX[X[1,0|0,0],X[1,0|1,2]]",27,"X[1,0|0,0]",32,"X[1,0|1,2]",4,"(3,0,3,5)",2219,"('A_X1','B_X1','A_X2','B_X2')"
2220,"XX[X[1,0|0,0],X[1,0|2,0]]",27,"X[1,0|0,0]",33,"X[1,0|2,0]",4,"(3,0,3,6)",2220,"('A_X1','B_X1','A_X2','B_X2')"
2221,"XX[X[1,0|0,0],X[1,0|2,1]]",27,"X[1,0|0,0]",34,"X[1,0|2,1]",4,"(3,0,3,7)",2221,"('A_X1','B_X1','A_X2','B_X2')"
2222,"XX[X[1,0|0,0],X[1,0|2,2]]",27,"X[1,0|0,0]",35,"X[1,0|2,2]",4,"(3,0,3,8)",2222,"('A_X1','B_X1','A_X2','B_X2')"
2223,"XX[X[1,0|0,0],X[1,1|0,0]]",27,"X[1,0|0,0]",36,"X[1,1|0,0]",4,"(3,0,4,0)",2223,"('A_X1','B_X1','A_X2','B_X2')"
2224,"XX[X[1,0|0,0],X[1,1|0,1]]",27,"X[1,0|0,0]",37,"X[1,1|0,1]",4,"(3,0,4,1)",2224,"('A_X1','B_X1','A_X2','B_X2')"
2225,"XX[X[1,0|0,0],X[1,1|0,2]]",27,"X[1,0|0,0]",38,"X[1,1|0,2]",4,"(3,0,4,2)",2225,"('A_X1','B_X1','A_X2','B_X2')"
2226,"XX[X[1,0|0,0],X[1,1|1,0]]",27,"X[1,0|0,0]",39,"X[1,1|1,0]",4,"(3,0,4,3)",2226,"('A_X1','B_X1','A_X2','B_X2')"
2227,"XX[X[1,0|0,0],X[1,1|1,1]]",27,"X[1,0|0,0]",40,"X[1,1|1,1]",4,"(3,0,4,4)",2227,"('A_X1','B_X1','A_X2','B_X2')"
2228,"XX[X[1,0|0,0],X[1,1|1,2]]",27,"X[1,0|0,0]",41,"X[1,1|1,2]",4,"(3,0,4,5)",2228,"('A_X1','B_X1','A_X2','B_X2')"
2229,"XX[X[1,0|0,0],X[1,1|2,0]]",27,"X[1,0|0,0]",42,"X[1,1|2,0]",4,"(3,0,4,6)",2229,"('A_X1','B_X1','A_X2','B_X2')"
2230,"XX[X[1,0|0,0],X[1,1|2,1]]",27,"X[1,0|0,0]",43,"X[1,1|2,1]",4,"(3,0,4,7)",2230,"('A_X1','B_X1','A_X2','B_X2')"
2231,"XX[X[1,0|0,0],X[1,1|2,2]]",27,"X[1,0|0,0]",44,"X[1,1|2,2]",4,"(3,0,4,8)",2231,"('A_X1','B_X1','A_X2','B_X2')"
2232,"XX[X[1,0|0,0],X[1,2|0,0]]",27,"X[1,0|0,0]",45,"X[1,2|0,0]",4,"(3,0,5,0)",2232,"('A_X1','B_X1','A_X2','B_X2')"
2233,"XX[X[1,0|0,0],X[1,2|0,1]]",27,"X[1,0|0,0]",46,"X[1,2|0,1]",4,"(3,0,5,1)",2233,"('A_X1','B_X1','A_X2','B_X2')"
2234,"XX[X[1,0|0,0],X[1,2|0,2]]",27,"X[1,0|0,0]",47,"X[1,2|0,2]",4,"(3,0,5,2)",2234,"('A_X1','B_X1','A_X2','B_X2')"
2235,"XX[X[1,0|0,0],X[1,2|1,0]]",27,"X[1,0|0,0]",48,"X[1,2|1,0]",4,"(3,0,5,3)",2235,"('A_X1','B_X1','A_X2','B_X2')"
2236,"XX[X[1,0|0,0],X[1,2|1,1]]",27,"X[1,0|0,0]",49,"X[1,2|1,1]",4,"(3,0,5,4)",2236,"('A_X1','B_X1','A_X2','B_X2')"
2237,"XX[X[1,0|0,0],X[1,2|1,2]]",27,"X[1,0|0,0]",50,"X[1,2|1,2]",4,"(3,0,5,5)",2237,"('A_X1','B_X1','A_X2','B_X2')"
2238,"XX[X[1,0|0,0],X[1,2|2,0]]",27,"X[1,0|0,0]",51,"X[1,2|2,0]",4,"(3,0,5,6)",2238,"('A_X1','B_X1','A_X2','B_X2')"
2239,"XX[X[1,0|0,0],X[1,2|2,1]]",27,"X[1,0|0,0]",52,"X[1,2|2,1]",4,"(3,0,5,7)",2239,"('A_X1','B_X1','A_X2','B_X2')"
2240,"XX[X[1,0|0,0],X[1,2|2,2]]",27,"X[1,0|0,0]",53,"X[1,2|2,2]",4,"(3,0,5,8)",2240,"('A_X1','B_X1','A_X2','B_X2')"
2241,"XX[X[1,0|0,0],X[2,0|0,0]]",27,"X[1,0|0,0]",54,"X[2,0|0,0]",4,"(3,0,6,0)",2241,"('A_X1','B_X1','A_X2','B_X2')"
2242,"XX[X[1,0|0,0],X[2,0|0,1]]",27,"X[1,0|0,0]",55,"X[2,0|0,1]",4,"(3,0,6,1)",2242,"('A_X1','B_X1','A_X2','B_X2')"
2243,"XX[X[1,0|0,0],X[2,0|0,2]]",27,"X[1,0|0,0]",56,"X[2,0|0,2]",4,"(3,0,6,2)",2243,"('A_X1','B_X1','A_X2','B_X2')"
2244,"XX[X[1,0|0,0],X[2,0|1,0]]",27,"X[1,0|0,0]",57,"X[2,0|1,0]",4,"(3,0,6,3)",2244,"('A_X1','B_X1','A_X2','B_X2')"
2245,"XX[X[1,0|0,0],X[2,0|1,1]]",27,"X[1,0|0,0]",58,"X[2,0|1,1]",4,"(3,0,6,4)",2245,"('A_X1','B_X1','A_X2','B_X2')"
2246,"XX[X[1,0|0,0],X[2,0|1,2]]",27,"X[1,0|0,0]",59,"X[2,0|1,2]",4,"(3,0,6,5)",2246,"('A_X1','B_X1','A_X2','B_X2')"
2247,"XX[X[1,0|0,0],X[2,0|2,0]]",27,"X[1,0|0,0]",60,"X[2,0|2,0]",4,"(3,0,6,6)",2247,"('A_X1','B_X1','A_X2','B_X2')"
2248,"XX[X[1,0|0,0],X[2,0|2,1]]",27,"X[1,0|0,0]",61,"X[2,0|2,1]",4,"(3,0,6,7)",2248,"('A_X1','B_X1','A_X2','B_X2')"
2249,"XX[X[1,0|0,0],X[2,0|2,2]]",27,"X[1,0|0,0]",62,"X[2,0|2,2]",4,"(3,0,6,8)",2249,"('A_X1','B_X1','A_X2','B_X2')"
2250,"XX[X[1,0|0,0],X[2,1|0,0]]",27,"X[1,0|0,0]",63,"X[2,1|0,0]",4,"(3,0,7,0)",2250,"('A_X1','B_X1','A_X2','B_X2')"
2251,"XX[X[1,0|0,0],X[2,1|0,1]]",27,"X[1,0|0,0]",64,"X[2,1|0,1]",4,"(3,0,7,1)",2251,"('A_X1','B_X1','A_X2','B_X2')"
2252,"XX[X[1,0|0,0],X[2,1|0,2]]",27,"X[1,0|0,0]",65,"X[2,1|0,2]",4,"(3,0,7,2)",2252,"('A_X1','B_X1','A_X2','B_X2')"
2253,"XX[X[1,0|0,0],X[2,1|1,0]]",27,"X[1,0|0,0]",66,"X[2,1|1,0]",4,"(3,0,7,3)",2253,"('A_X1','B_X1','A_X2','B_X2')"
2254,"XX[X[1,0|0,0],X[2,1|1,1]]",27,"X[1,0|0,0]",67,"X[2,1|1,1]",4,"(3,0,7,4)",2254,"('A_X1','B_X1','A_X2','B_X2')"
2255,"XX[X[1,0|0,0],X[2,1|1,2]]",27,"X[1,0|0,0]",68,"X[2,1|1,2]",4,"(3,0,7,5)",2255,"('A_X1','B_X1','A_X2','B_X2')"
2256,"XX[X[1,0|0,0],X[2,1|2,0]]",27,"X[1,0|0,0]",69,"X[2,1|2,0]",4,"(3,0,7,6)",2256,"('A_X1','B_X1','A_X2','B_X2')"
2257,"XX[X[1,0|0,0],X[2,1|2,1]]",27,"X[1,0|0,0]",70,"X[2,1|2,1]",4,"(3,0,7,7)",2257,"('A_X1','B_X1','A_X2','B_X2')"
2258,"XX[X[1,0|0,0],X[2,1|2,2]]",27,"X[1,0|0,0]",71,"X[2,1|2,2]",4,"(3,0,7,8)",2258,"('A_X1','B_X1','A_X2','B_X2')"
2259,"XX[X[1,0|0,0],X[2,2|0,0]]",27,"X[1,0|0,0]",72,"X[2,2|0,0]",4,"(3,0,8,0)",2259,"('A_X1','B_X1','A_X2','B_X2')"
2260,"XX[X[1,0|0,0],X[2,2|0,1]]",27,"X[1,0|0,0]",73,"X[2,2|0,1]",4,"(3,0,8,1)",2260,"('A_X1','B_X1','A_X2','B_X2')"
2261,"XX[X[1,0|0,0],X[2,2|0,2]]",27,"X[1,0|0,0]",74,"X[2,2|0,2]",4,"(3,0,8,2)",2261,"('A_X1','B_X1','A_X2','B_X2')"
2262,"XX[X[1,0|0,0],X[2,2|1,0]]",27,"X[1,0|0,0]",75,"X[2,2|1,0]",4,"(3,0,8,3)",2262,"('A_X1','B_X1','A_X2','B_X2')"
2263,"XX[X[1,0|0,0],X[2,2|1,1]]",27,"X[1,0|0,0]",76,"X[2,2|1,1]",4,"(3,0,8,4)",2263,"('A_X1','B_X1','A_X2','B_X2')"
2264,"XX[X[1,0|0,0],X[2,2|1,2]]",27,"X[1,0|0,0]",77,"X[2,2|1,2]",4,"(3,0,8,5)",2264,"('A_X1','B_X1','A_X2','B_X2')"
2265,"XX[X[1,0|0,0],X[2,2|2,0]]",27,"X[1,0|0,0]",78,"X[2,2|2,0]",4,"(3,0,8,6)",2265,"('A_X1','B_X1','A_X2','B_X2')"
2266,"XX[X[1,0|0,0],X[2,2|2,1]]",27,"X[1,0|0,0]",79,"X[2,2|2,1]",4,"(3,0,8,7)",2266,"('A_X1','B_X1','A_X2','B_X2')"
2267,"XX[X[1,0|0,0],X[2,2|2,2]]",27,"X[1,0|0,0]",80,"X[2,2|2,2]",4,"(3,0,8,8)",2267,"('A_X1','B_X1','A_X2','B_X2')"
2268,"XX[X[1,0|0,1],X[0,0|0,0]]",28,"X[1,0|0,1]",0,"X[0,0|0,0]",4,"(3,1,0,0)",2268,"('A_X1','B_X1','A_X2','B_X2')"
2269,"XX[X[1,0|0,1],X[0,0|0,1]]",28,"X[1,0|0,1]",1,"X[0,0|0,1]",4,"(3,1,0,1)",2269,"('A_X1','B_X1','A_X2','B_X2')"
2270,"XX[X[1,0|0,1],X[0,0|0,2]]",28,"X[1,0|0,1]",2,"X[0,0|0,2]",4,"(3,1,0,2)",2270,"('A_X1','B_X1','A_X2','B_X2')"
2271,"XX[X[1,0|0,1],X[0,0|1,0]]",28,"X[1,0|0,1]",3,"X[0,0|1,0]",4,"(3,1,0,3)",2271,"('A_X1','B_X1','A_X2','B_X2')"
2272,"XX[X[1,0|0,1],X[0,0|1,1]]",28,"X[1,0|0,1]",4,"X[0,0|1,1]",4,"(3,1,0,4)",2272,"('A_X1','B_X1','A_X2','B_X2')"
2273,"XX[X[1,0|0,1],X[0,0|1,2]]",28,"X[1,0|0,1]",5,"X[0,0|1,2]",4,"(3,1,0,5)",2273,"('A_X1','B_X1','A_X2','B_X2')"
2274,"XX[X[1,0|0,1],X[0,0|2,0]]",28,"X[1,0|0,1]",6,"X[0,0|2,0]",4,"(3,1,0,6)",2274,"('A_X1','B_X1','A_X2','B_X2')"
2275,"XX[X[1,0|0,1],X[0,0|2,1]]",28,"X[1,0|0,1]",7,"X[0,0|2,1]",4,"(3,1,0,7)",2275,"('A_X1','B_X1','A_X2','B_X2')"
2276,"XX[X[1,0|0,1],X[0,0|2,2]]",28,"X[1,0|0,1]",8,"X[0,0|2,2]",4,"(3,1,0,8)",2276,"('A_X1','B_X1','A_X2','B_X2')"
2277,"XX[X[1,0|0,1],X[0,1|0,0]]",28,"X[1,0|0,1]",9,"X[0,1|0,0]",4,"(3,1,1,0)",2277,"('A_X1','B_X1','A_X2','B_X2')"
2278,"XX[X[1,0|0,1],X[0,1|0,1]]",28,"X[1,0|0,1]",10,"X[0,1|0,1]",4,"(3,1,1,1)",2278,"('A_X1','B_X1','A_X2','B_X2')"
2279,"XX[X[1,0|0,1],X[0,1|0,2]]",28,"X[1,0|0,1]",11,"X[0,1|0,2]",4,"(3,1,1,2)",2279,"('A_X1','B_X1','A_X2','B_X2')"
2280,"XX[X[1,0|0,1],X[0,1|1,0]]",28,"X[1,0|0,1]",12,"X[0,1|1,0]",4,"(3,1,1,3)",2280,"('A_X1','B_X1','A_X2','B_X2')"
2281,"XX[X[1,0|0,1],X[0,1|1,1]]",28,"X[1,0|0,1]",13,"X[0,1|1,1]",4,"(3,1,1,4)",2281,"('A_X1','B_X1','A_X2','B_X2')"
2282,"XX[X[1,0|0,1],X[0,1|1,2]]",28,"X[1,0|0,1]",14,"X[0,1|1,2]",4,"(3,1,1,5)",2282,"('A_X1','B_X1','A_X2','B_X2')"
2283,"XX[X[1,0|0,1],X[0,1|2,0]]",28,"X[1,0|0,1]",15,"X[0,1|2,0]",4,"(3,1,1,6)",2283,"('A_X1','B_X1','A_X2','B_X2')"
2284,"XX[X[1,0|0,1],X[0,1|2,1]]",28,"X[1,0|0,1]",16,"X[0,1|2,1]",4,"(3,1,1,7)",2284,"('A_X1','B_X1','A_X2','B_X2')"
2285,"XX[X[1,0|0,1],X[0,1|2,2]]",28,"X[1,0|0,1]",17,"X[0,1|2,2]",4,"(3,1,1,8)",2285,"('A_X1','B_X1','A_X2','B_X2')"
2286,"XX[X[1,0|0,1],X[0,2|0,0]]",28,"X[1,0|0,1]",18,"X[0,2|0,0]",4,"(3,1,2,0)",2286,"('A_X1','B_X1','A_X2','B_X2')"
2287,"XX[X[1,0|0,1],X[0,2|0,1]]",28,"X[1,0|0,1]",19,"X[0,2|0,1]",4,"(3,1,2,1)",2287,"('A_X1','B_X1','A_X2','B_X2')"
2288,"XX[X[1,0|0,1],X[0,2|0,2]]",28,"X[1,0|0,1]",20,"X[0,2|0,2]",4,"(3,1,2,2)",2288,"('A_X1','B_X1','A_X2','B_X2')"
2289,"XX[X[1,0|0,1],X[0,2|1,0]]",28,"X[1,0|0,1]",21,"X[0,2|1,0]",4,"(3,1,2,3)",2289,"('A_X1','B_X1','A_X2','B_X2')"
2290,"XX[X[1,0|0,1],X[0,2|1,1]]",28,"X[1,0|0,1]",22,"X[0,2|1,1]",4,"(3,1,2,4)",2290,"('A_X1','B_X1','A_X2','B_X2')"
2291,"XX[X[1,0|0,1],X[0,2|1,2]]",28,"X[1,0|0,1]",23,"X[0,2|1,2]",4,"(3,1,2,5)",2291,"('A_X1','B_X1','A_X2','B_X2')"
2292,"XX[X[1,0|0,1],X[0,2|2,0]]",28,"X[1,0|0,1]",24,"X[0,2|2,0]",4,"(3,1,2,6)",2292,"('A_X1','B_X1','A_X2','B_X2')"
2293,"XX[X[1,0|0,1],X[0,2|2,1]]",28,"X[1,0|0,1]",25,"X[0,2|2,1]",4,"(3,1,2,7)",2293,"('A_X1','B_X1','A_X2','B_X2')"
2294,"XX[X[1,0|0,1],X[0,2|2,2]]",28,"X[1,0|0,1]",26,"X[0,2|2,2]",4,"(3,1,2,8)",2294,"('A_X1','B_X1','A_X2','B_X2')"
2295,"XX[X[1,0|0,1],X[1,0|0,0]]",28,"X[1,0|0,1]",27,"X[1,0|0,0]",4,"(3,1,3,0)",2295,"('A_X1','B_X1','A_X2','B_X2')"
2296,"XX[X[1,0|0,1],X[1,0|0,1]]",28,"X[1,0|0,1]",28,"X[1,0|0,1]",4,"(3,1,3,1)",2296,"('A_X1','B_X1','A_X2','B_X2')"
2297,"XX[X[1,0|0,1],X[1,0|0,2]]",28,"X[1,0|0,1]",29,"X[1,0|0,2]",4,"(3,1,3,2)",2297,"('A_X1','B_X1','A_X2','B_X2')"
2298,"XX[X[1,0|0,1],X[1,0|1,0]]",28,"X[1,0|0,1]",30,"X[1,0|1,0]",4,"(3,1,3,3)",2298,"('A_X1','B_X1','A_X2','B_X2')"
2299,"XX[X[1,0|0,1],X[1,0|1,1]]",28,"X[1,0|0,1]",31,"X[1,0|1,1]",4,"(3,1,3,4)",2299,"('A_X1','B_X1','A_X2','B_X2')"
2300,"XX[X[1,0|0,1],X[1,0|1,2]]",28,"X[1,0|0,1]",32,"X[1,0|1,2]",4,"(3,1,3,5)",2300,"('A_X1','B_X1','A_X2','B_X2')"
2301,"XX[X[1,0|0,1],X[1,0|2,0]]",28,"X[1,0|0,1]",33,"X[1,0|2,0]",4,"(3,1,3,6)",2301,"('A_X1','B_X1','A_X2','B_X2')"
2302,"XX[X[1,0|0,1],X[1,0|2,1]]",28,"X[1,0|0,1]",34,"X[1,0|2,1]",4,"(3,1,3,7)",2302,"('A_X1','B_X1','A_X2','B_X2')"
2303,"XX[X[1,0|0,1],X[1,0|2,2]]",28,"X[1,0|0,1]",35,"X[1,0|2,2]",4,"(3,1,3,8)",2303,"('A_X1','B_X1','A_X2','B_X2')"
2304,"XX[X[1,0|0,1],X[1,1|0,0]]",28,"X[1,0|0,1]",36,"X[1,1|0,0]",4,"(3,1,4,0)",2304,"('A_X1','B_X1','A_X2','B_X2')"
2305,"XX[X[1,0|0,1],X[1,1|0,1]]",28,"X[1,0|0,1]",37,"X[1,1|0,1]",4,"(3,1,4,1)",2305,"('A_X1','B_X1','A_X2','B_X2')"
2306,"XX[X[1,0|0,1],X[1,1|0,2]]",28,"X[1,0|0,1]",38,"X[1,1|0,2]",4,"(3,1,4,2)",2306,"('A_X1','B_X1','A_X2','B_X2')"
2307,"XX[X[1,0|0,1],X[1,1|1,0]]",28,"X[1,0|0,1]",39,"X[1,1|1,0]",4,"(3,1,4,3)",2307,"('A_X1','B_X1','A_X2','B_X2')"
2308,"XX[X[1,0|0,1],X[1,1|1,1]]",28,"X[1,0|0,1]",40,"X[1,1|1,1]",4,"(3,1,4,4)",2308,"('A_X1','B_X1','A_X2','B_X2')"
2309,"XX[X[1,0|0,1],X[1,1|1,2]]",28,"X[1,0|0,1]",41,"X[1,1|1,2]",4,"(3,1,4,5)",2309,"('A_X1','B_X1','A_X2','B_X2')"
2310,"XX[X[1,0|0,1],X[1,1|2,0]]",28,"X[1,0|0,1]",42,"X[1,1|2,0]",4,"(3,1,4,6)",2310,"('A_X1','B_X1','A_X2','B_X2')"
2311,"XX[X[1,0|0,1],X[1,1|2,1]]",28,"X[1,0|0,1]",43,"X[1,1|2,1]",4,"(3,1,4,7)",2311,"('A_X1','B_X1','A_X2','B_X2')"
2312,"XX[X[1,0|0,1],X[1,1|2,2]]",28,"X[1,0|0,1]",44,"X[1,1|2,2]",4,"(3,1,4,8)",2312,"('A_X1','B_X1','A_X2','B_X2')"
2313,"XX[X[1,0|0,1],X[1,2|0,0]]",28,"X[1,0|0,1]",45,"X[1,2|0,0]",4,"(3,1,5,0)",2313,"('A_X1','B_X1','A_X2','B_X2')"
2314,"XX[X[1,0|0,1],X[1,2|0,1]]",28,"X[1,0|0,1]",46,"X[1,2|0,1]",4,"(3,1,5,1)",2314,"('A_X1','B_X1','A_X2','B_X2')"
2315,"XX[X[1,0|0,1],X[1,2|0,2]]",28,"X[1,0|0,1]",47,"X[1,2|0,2]",4,"(3,1,5,2)",2315,"('A_X1','B_X1','A_X2','B_X2')"
2316,"XX[X[1,0|0,1],X[1,2|1,0]]",28,"X[1,0|0,1]",48,"X[1,2|1,0]",4,"(3,1,5,3)",2316,"('A_X1','B_X1','A_X2','B_X2')"
2317,"XX[X[1,0|0,1],X[1,2|1,1]]",28,"X[1,0|0,1]",49,"X[1,2|1,1]",4,"(3,1,5,4)",2317,"('A_X1','B_X1','A_X2','B_X2')"
2318,"XX[X[1,0|0,1],X[1,2|1,2]]",28,"X[1,0|0,1]",50,"X[1,2|1,2]",4,"(3,1,5,5)",2318,"('A_X1','B_X1','A_X2','B_X2')"
2319,"XX[X[1,0|0,1],X[1,2|2,0]]",28,"X[1,0|0,1]",51,"X[1,2|2,0]",4,"(3,1,5,6)",2319,"('A_X1','B_X1','A_X2','B_X2')"
2320,"XX[X[1,0|0,1],X[1,2|2,1]]",28,"X[1,0|0,1]",52,"X[1,2|2,1]",4,"(3,1,5,7)",2320,"('A_X1','B_X1','A_X2','B_X2')"
2321,"XX[X[1,0|0,1],X[1,2|2,2]]",28,"X[1,0|0,1]",53,"X[1,2|2,2]",4,"(3,1,5,8)",2321,"('A_X1','B_X1','A_X2','B_X2')"
2322,"XX[X[1,0|0,1],X[2,0|0,0]]",28,"X[1,0|0,1]",54,"X[2,0|0,0]",4,"(3,1,6,0)",2322,"('A_X1','B_X1','A_X2','B_X2')"
2323,"XX[X[1,0|0,1],X[2,0|0,1]]",28,"X[1,0|0,1]",55,"X[2,0|0,1]",4,"(3,1,6,1)",2323,"('A_X1','B_X1','A_X2','B_X2')"
2324,"XX[X[1,0|0,1],X[2,0|0,2]]",28,"X[1,0|0,1]",56,"X[2,0|0,2]",4,"(3,1,6,2)",2324,"('A_X1','B_X1','A_X2','B_X2')"
2325,"XX[X[1,0|0,1],X[2,0|1,0]]",28,"X[1,0|0,1]",57,"X[2,0|1,0]",4,"(3,1,6,3)",2325,"('A_X1','B_X1','A_X2','B_X2')"
2326,"XX[X[1,0|0,1],X[2,0|1,1]]",28,"X[1,0|0,1]",58,"X[2,0|1,1]",4,"(3,1,6,4)",2326,"('A_X1','B_X1','A_X2','B_X2')"
2327,"XX[X[1,0|0,1],X[2,0|1,2]]",28,"X[1,0|0,1]",59,"X[2,0|1,2]",4,"(3,1,6,5)",2327,"('A_X1','B_X1','A_X2','B_X2')"
2328,"XX[X[1,0|0,1],X[2,0|2,0]]",28,"X[1,0|0,1]",60,"X[2,0|2,0]",4,"(3,1,6,6)",2328,"('A_X1','B_X1','A_X2','B_X2')"
2329,"XX[X[1,0|0,1],X[2,0|2,1]]",28,"X[1,0|0,1]",61,"X[2,0|2,1]",4,"(3,1,6,7)",2329,"('A_X1','B_X1','A_X2','B_X2')"
2330,"XX[X[1,0|0,1],X[2,0|2,2]]",28,"X[1,0|0,1]",62,"X[2,0|2,2]",4,"(3,1,6,8)",2330,"('A_X1','B_X1','A_X2','B_X2')"
2331,"XX[X[1,0|0,1],X[2,1|0,0]]",28,"X[1,0|0,1]",63,"X[2,1|0,0]",4,"(3,1,7,0)",2331,"('A_X1','B_X1','A_X2','B_X2')"
2332,"XX[X[1,0|0,1],X[2,1|0,1]]",28,"X[1,0|0,1]",64,"X[2,1|0,1]",4,"(3,1,7,1)",2332,"('A_X1','B_X1','A_X2','B_X2')"
2333,"XX[X[1,0|0,1],X[2,1|0,2]]",28,"X[1,0|0,1]",65,"X[2,1|0,2]",4,"(3,1,7,2)",2333,"('A_X1','B_X1','A_X2','B_X2')"
2334,"XX[X[1,0|0,1],X[2,1|1,0]]",28,"X[1,0|0,1]",66,"X[2,1|1,0]",4,"(3,1,7,3)",2334,"('A_X1','B_X1','A_X2','B_X2')"
2335,"XX[X[1,0|0,1],X[2,1|1,1]]",28,"X[1,0|0,1]",67,"X[2,1|1,1]",4,"(3,1,7,4)",2335,"('A_X1','B_X1','A_X2','B_X2')"
2336,"XX[X[1,0|0,1],X[2,1|1,2]]",28,"X[1,0|0,1]",68,"X[2,1|1,2]",4,"(3,1,7,5)",2336,"('A_X1','B_X1','A_X2','B_X2')"
2337,"XX[X[1,0|0,1],X[2,1|2,0]]",28,"X[1,0|0,1]",69,"X[2,1|2,0]",4,"(3,1,7,6)",2337,"('A_X1','B_X1','A_X2','B_X2')"
2338,"XX[X[1,0|0,1],X[2,1|2,1]]",28,"X[1,0|0,1]",70,"X[2,1|2,1]",4,"(3,1,7,7)",2338,"('A_X1','B_X1','A_X2','B_X2')"
2339,"XX[X[1,0|0,1],X[2,1|2,2]]",28,"X[1,0|0,1]",71,"X[2,1|2,2]",4,"(3,1,7,8)",2339,"('A_X1','B_X1','A_X2','B_X2')"
2340,"XX[X[1,0|0,1],X[2,2|0,0]]",28,"X[1,0|0,1]",72,"X[2,2|0,0]",4,"(3,1,8,0)",2340,"('A_X1','B_X1','A_X2','B_X2')"
2341,"XX[X[1,0|0,1],X[2,2|0,1]]",28,"X[1,0|0,1]",73,"X[2,2|0,1]",4,"(3,1,8,1)",2341,"('A_X1','B_X1','A_X2','B_X2')"
2342,"XX[X[1,0|0,1],X[2,2|0,2]]",28,"X[1,0|0,1]",74,"X[2,2|0,2]",4,"(3,1,8,2)",2342,"('A_X1','B_X1','A_X2','B_X2')"
2343,"XX[X[1,0|0,1],X[2,2|1,0]]",28,"X[1,0|0,1]",75,"X[2,2|1,0]",4,"(3,1,8,3)",2343,"('A_X1','B_X1','A_X2','B_X2')"
2344,"XX[X[1,0|0,1],X[2,2|1,1]]",28,"X[1,0|0,1]",76,"X[2,2|1,1]",4,"(3,1,8,4)",2344,"('A_X1','B_X1','A_X2','B_X2')"
2345,"XX[X[1,0|0,1],X[2,2|1,2]]",28,"X[1,0|0,1]",77,"X[2,2|1,2]",4,"(3,1,8,5)",2345,"('A_X1','B_X1','A_X2','B_X2')"
2346,"XX[X[1,0|0,1],X[2,2|2,0]]",28,"X[1,0|0,1]",78,"X[2,2|2,0]",4,"(3,1,8,6)",2346,"('A_X1','B_X1','A_X2','B_X2')"
2347,"XX[X[1,0|0,1],X[2,2|2,1]]",28,"X[1,0|0,1]",79,"X[2,2|2,1]",4,"(3,1,8,7)",2347,"('A_X1','B_X1','A_X2','B_X2')"
2348,"XX[X[1,0|0,1],X[2,2|2,2]]",28,"X[1,0|0,1]",80,"X[2,2|2,2]",4,"(3,1,8,8)",2348,"('A_X1','B_X1','A_X2','B_X2')"
2349,"XX[X[1,0|0,2],X[0,0|0,0]]",29,"X[1,0|0,2]",0,"X[0,0|0,0]",4,"(3,2,0,0)",2349,"('A_X1','B_X1','A_X2','B_X2')"
2350,"XX[X[1,0|0,2],X[0,0|0,1]]",29,"X[1,0|0,2]",1,"X[0,0|0,1]",4,"(3,2,0,1)",2350,"('A_X1','B_X1','A_X2','B_X2')"
2351,"XX[X[1,0|0,2],X[0,0|0,2]]",29,"X[1,0|0,2]",2,"X[0,0|0,2]",4,"(3,2,0,2)",2351,"('A_X1','B_X1','A_X2','B_X2')"
2352,"XX[X[1,0|0,2],X[0,0|1,0]]",29,"X[1,0|0,2]",3,"X[0,0|1,0]",4,"(3,2,0,3)",2352,"('A_X1','B_X1','A_X2','B_X2')"
2353,"XX[X[1,0|0,2],X[0,0|1,1]]",29,"X[1,0|0,2]",4,"X[0,0|1,1]",4,"(3,2,0,4)",2353,"('A_X1','B_X1','A_X2','B_X2')"
2354,"XX[X[1,0|0,2],X[0,0|1,2]]",29,"X[1,0|0,2]",5,"X[0,0|1,2]",4,"(3,2,0,5)",2354,"('A_X1','B_X1','A_X2','B_X2')"
2355,"XX[X[1,0|0,2],X[0,0|2,0]]",29,"X[1,0|0,2]",6,"X[0,0|2,0]",4,"(3,2,0,6)",2355,"('A_X1','B_X1','A_X2','B_X2')"
2356,"XX[X[1,0|0,2],X[0,0|2,1]]",29,"X[1,0|0,2]",7,"X[0,0|2,1]",4,"(3,2,0,7)",2356,"('A_X1','B_X1','A_X2','B_X2')"
2357,"XX[X[1,0|0,2],X[0,0|2,2]]",29,"X[1,0|0,2]",8,"X[0,0|2,2]",4,"(3,2,0,8)",2357,"('A_X1','B_X1','A_X2','B_X2')"
2358,"XX[X[1,0|0,2],X[0,1|0,0]]",29,"X[1,0|0,2]",9,"X[0,1|0,0]",4,"(3,2,1,0)",2358,"('A_X1','B_X1','A_X2','B_X2')"
2359,"XX[X[1,0|0,2],X[0,1|0,1]]",29,"X[1,0|0,2]",10,"X[0,1|0,1]",4,"(3,2,1,1)",2359,"('A_X1','B_X1','A_X2','B_X2')"
2360,"XX[X[1,0|0,2],X[0,1|0,2]]",29,"X[1,0|0,2]",11,"X[0,1|0,2]",4,"(3,2,1,2)",2360,"('A_X1','B_X1','A_X2','B_X2')"
2361,"XX[X[1,0|0,2],X[0,1|1,0]]",29,"X[1,0|0,2]",12,"X[0,1|1,0]",4,"(3,2,1,3)",2361,"('A_X1','B_X1','A_X2','B_X2')"
2362,"XX[X[1,0|0,2],X[0,1|1,1]]",29,"X[1,0|0,2]",13,"X[0,1|1,1]",4,"(3,2,1,4)",2362,"('A_X1','B_X1','A_X2','B_X2')"
2363,"XX[X[1,0|0,2],X[0,1|1,2]]",29,"X[1,0|0,2]",14,"X[0,1|1,2]",4,"(3,2,1,5)",2363,"('A_X1','B_X1','A_X2','B_X2')"
2364,"XX[X[1,0|0,2],X[0,1|2,0]]",29,"X[1,0|0,2]",15,"X[0,1|2,0]",4,"(3,2,1,6)",2364,"('A_X1','B_X1','A_X2','B_X2')"
2365,"XX[X[1,0|0,2],X[0,1|2,1]]",29,"X[1,0|0,2]",16,"X[0,1|2,1]",4,"(3,2,1,7)",2365,"('A_X1','B_X1','A_X2','B_X2')"
2366,"XX[X[1,0|0,2],X[0,1|2,2]]",29,"X[1,0|0,2]",17,"X[0,1|2,2]",4,"(3,2,1,8)",2366,"('A_X1','B_X1','A_X2','B_X2')"
2367,"XX[X[1,0|0,2],X[0,2|0,0]]",29,"X[1,0|0,2]",18,"X[0,2|0,0]",4,"(3,2,2,0)",2367,"('A_X1','B_X1','A_X2','B_X2')"
2368,"XX[X[1,0|0,2],X[0,2|0,1]]",29,"X[1,0|0,2]",19,"X[0,2|0,1]",4,"(3,2,2,1)",2368,"('A_X1','B_X1','A_X2','B_X2')"
2369,"XX[X[1,0|0,2],X[0,2|0,2]]",29,"X[1,0|0,2]",20,"X[0,2|0,2]",4,"(3,2,2,2)",2369,"('A_X1','B_X1','A_X2','B_X2')"
2370,"XX[X[1,0|0,2],X[0,2|1,0]]",29,"X[1,0|0,2]",21,"X[0,2|1,0]",4,"(3,2,2,3)",2370,"('A_X1','B_X1','A_X2','B_X2')"
2371,"XX[X[1,0|0,2],X[0,2|1,1]]",29,"X[1,0|0,2]",22,"X[0,2|1,1]",4,"(3,2,2,4)",2371,"('A_X1','B_X1','A_X2','B_X2')"
2372,"XX[X[1,0|0,2],X[0,2|1,2]]",29,"X[1,0|0,2]",23,"X[0,2|1,2]",4,"(3,2,2,5)",2372,"('A_X1','B_X1','A_X2','B_X2')"
2373,"XX[X[1,0|0,2],X[0,2|2,0]]",29,"X[1,0|0,2]",24,"X[0,2|2,0]",4,"(3,2,2,6)",2373,"('A_X1','B_X1','A_X2','B_X2')"
2374,"XX[X[1,0|0,2],X[0,2|2,1]]",29,"X[1,0|0,2]",25,"X[0,2|2,1]",4,"(3,2,2,7)",2374,"('A_X1','B_X1','A_X2','B_X2')"
2375,"XX[X[1,0|0,2],X[0,2|2,2]]",29,"X[1,0|0,2]",26,"X[0,2|2,2]",4,"(3,2,2,8)",2375,"('A_X1','B_X1','A_X2','B_X2')"
2376,"XX[X[1,0|0,2],X[1,0|0,0]]",29,"X[1,0|0,2]",27,"X[1,0|0,0]",4,"(3,2,3,0)",2376,"('A_X1','B_X1','A_X2','B_X2')"
2377,"XX[X[1,0|0,2],X[1,0|0,1]]",29,"X[1,0|0,2]",28,"X[1,0|0,1]",4,"(3,2,3,1)",2377,"('A_X1','B_X1','A_X2','B_X2')"
2378,"XX[X[1,0|0,2],X[1,0|0,2]]",29,"X[1,0|0,2]",29,"X[1,0|0,2]",4,"(3,2,3,2)",2378,"('A_X1','B_X1','A_X2','B_X2')"
2379,"XX[X[1,0|0,2],X[1,0|1,0]]",29,"X[1,0|0,2]",30,"X[1,0|1,0]",4,"(3,2,3,3)",2379,"('A_X1','B_X1','A_X2','B_X2')"
2380,"XX[X[1,0|0,2],X[1,0|1,1]]",29,"X[1,0|0,2]",31,"X[1,0|1,1]",4,"(3,2,3,4)",2380,"('A_X1','B_X1','A_X2','B_X2')"
2381,"XX[X[1,0|0,2],X[1,0|1,2]]",29,"X[1,0|0,2]",32,"X[1,0|1,2]",4,"(3,2,3,5)",2381,"('A_X1','B_X1','A_X2','B_X2')"
2382,"XX[X[1,0|0,2],X[1,0|2,0]]",29,"X[1,0|0,2]",33,"X[1,0|2,0]",4,"(3,2,3,6)",2382,"('A_X1','B_X1','A_X2','B_X2')"
2383,"XX[X[1,0|0,2],X[1,0|2,1]]",29,"X[1,0|0,2]",34,"X[1,0|2,1]",4,"(3,2,3,7)",2383,"('A_X1','B_X1','A_X2','B_X2')"
2384,"XX[X[1,0|0,2],X[1,0|2,2]]",29,"X[1,0|0,2]",35,"X[1,0|2,2]",4,"(3,2,3,8)",2384,"('A_X1','B_X1','A_X2','B_X2')"
2385,"XX[X[1,0|0,2],X[1,1|0,0]]",29,"X[1,0|0,2]",36,"X[1,1|0,0]",4,"(3,2,4,0)",2385,"('A_X1','B_X1','A_X2','B_X2')"
2386,"XX[X[1,0|0,2],X[1,1|0,1]]",29,"X[1,0|0,2]",37,"X[1,1|0,1]",4,"(3,2,4,1)",2386,"('A_X1','B_X1','A_X2','B_X2')"
2387,"XX[X[1,0|0,2],X[1,1|0,2]]",29,"X[1,0|0,2]",38,"X[1,1|0,2]",4,"(3,2,4,2)",2387,"('A_X1','B_X1','A_X2','B_X2')"
2388,"XX[X[1,0|0,2],X[1,1|1,0]]",29,"X[1,0|0,2]",39,"X[1,1|1,0]",4,"(3,2,4,3)",2388,"('A_X1','B_X1','A_X2','B_X2')"
2389,"XX[X[1,0|0,2],X[1,1|1,1]]",29,"X[1,0|0,2]",40,"X[1,1|1,1]",4,"(3,2,4,4)",2389,"('A_X1','B_X1','A_X2','B_X2')"
2390,"XX[X[1,0|0,2],X[1,1|1,2]]",29,"X[1,0|0,2]",41,"X[1,1|1,2]",4,"(3,2,4,5)",2390,"('A_X1','B_X1','A_X2','B_X2')"
2391,"XX[X[1,0|0,2],X[1,1|2,0]]",29,"X[1,0|0,2]",42,"X[1,1|2,0]",4,"(3,2,4,6)",2391,"('A_X1','B_X1','A_X2','B_X2')"
2392,"XX[X[1,0|0,2],X[1,1|2,1]]",29,"X[1,0|0,2]",43,"X[1,1|2,1]",4,"(3,2,4,7)",2392,"('A_X1','B_X1','A_X2','B_X2')"
2393,"XX[X[1,0|0,2],X[1,1|2,2]]",29,"X[1,0|0,2]",44,"X[1,1|2,2]",4,"(3,2,4,8)",2393,"('A_X1','B_X1','A_X2','B_X2')"
2394,"XX[X[1,0|0,2],X[1,2|0,0]]",29,"X[1,0|0,2]",45,"X[1,2|0,0]",4,"(3,2,5,0)",2394,"('A_X1','B_X1','A_X2','B_X2')"
2395,"XX[X[1,0|0,2],X[1,2|0,1]]",29,"X[1,0|0,2]",46,"X[1,2|0,1]",4,"(3,2,5,1)",2395,"('A_X1','B_X1','A_X2','B_X2')"
2396,"XX[X[1,0|0,2],X[1,2|0,2]]",29,"X[1,0|0,2]",47,"X[1,2|0,2]",4,"(3,2,5,2)",2396,"('A_X1','B_X1','A_X2','B_X2')"
2397,"XX[X[1,0|0,2],X[1,2|1,0]]",29,"X[1,0|0,2]",48,"X[1,2|1,0]",4,"(3,2,5,3)",2397,"('A_X1','B_X1','A_X2','B_X2')"
2398,"XX[X[1,0|0,2],X[1,2|1,1]]",29,"X[1,0|0,2]",49,"X[1,2|1,1]",4,"(3,2,5,4)",2398,"('A_X1','B_X1','A_X2','B_X2')"
2399,"XX[X[1,0|0,2],X[1,2|1,2]]",29,"X[1,0|0,2]",50,"X[1,2|1,2]",4,"(3,2,5,5)",2399,"('A_X1','B_X1','A_X2','B_X2')"
2400,"XX[X[1,0|0,2],X[1,2|2,0]]",29,"X[1,0|0,2]",51,"X[1,2|2,0]",4,"(3,2,5,6)",2400,"('A_X1','B_X1','A_X2','B_X2')"
2401,"XX[X[1,0|0,2],X[1,2|2,1]]",29,"X[1,0|0,2]",52,"X[1,2|2,1]",4,"(3,2,5,7)",2401,"('A_X1','B_X1','A_X2','B_X2')"
2402,"XX[X[1,0|0,2],X[1,2|2,2]]",29,"X[1,0|0,2]",53,"X[1,2|2,2]",4,"(3,2,5,8)",2402,"('A_X1','B_X1','A_X2','B_X2')"
2403,"XX[X[1,0|0,2],X[2,0|0,0]]",29,"X[1,0|0,2]",54,"X[2,0|0,0]",4,"(3,2,6,0)",2403,"('A_X1','B_X1','A_X2','B_X2')"
2404,"XX[X[1,0|0,2],X[2,0|0,1]]",29,"X[1,0|0,2]",55,"X[2,0|0,1]",4,"(3,2,6,1)",2404,"('A_X1','B_X1','A_X2','B_X2')"
2405,"XX[X[1,0|0,2],X[2,0|0,2]]",29,"X[1,0|0,2]",56,"X[2,0|0,2]",4,"(3,2,6,2)",2405,"('A_X1','B_X1','A_X2','B_X2')"
2406,"XX[X[1,0|0,2],X[2,0|1,0]]",29,"X[1,0|0,2]",57,"X[2,0|1,0]",4,"(3,2,6,3)",2406,"('A_X1','B_X1','A_X2','B_X2')"
2407,"XX[X[1,0|0,2],X[2,0|1,1]]",29,"X[1,0|0,2]",58,"X[2,0|1,1]",4,"(3,2,6,4)",2407,"('A_X1','B_X1','A_X2','B_X2')"
2408,"XX[X[1,0|0,2],X[2,0|1,2]]",29,"X[1,0|0,2]",59,"X[2,0|1,2]",4,"(3,2,6,5)",2408,"('A_X1','B_X1','A_X2','B_X2')"
2409,"XX[X[1,0|0,2],X[2,0|2,0]]",29,"X[1,0|0,2]",60,"X[2,0|2,0]",4,"(3,2,6,6)",2409,"('A_X1','B_X1','A_X2','B_X2')"
2410,"XX[X[1,0|0,2],X[2,0|2,1]]",29,"X[1,0|0,2]",61,"X[2,0|2,1]",4,"(3,2,6,7)",2410,"('A_X1','B_X1','A_X2','B_X2')"
2411,"XX[X[1,0|0,2],X[2,0|2,2]]",29,"X[1,0|0,2]",62,"X[2,0|2,2]",4,"(3,2,6,8)",2411,"('A_X1','B_X1','A_X2','B_X2')"
2412,"XX[X[1,0|0,2],X[2,1|0,0]]",29,"X[1,0|0,2]",63,"X[2,1|0,0]",4,"(3,2,7,0)",2412,"('A_X1','B_X1','A_X2','B_X2')"
2413,"XX[X[1,0|0,2],X[2,1|0,1]]",29,"X[1,0|0,2]",64,"X[2,1|0,1]",4,"(3,2,7,1)",2413,"('A_X1','B_X1','A_X2','B_X2')"
2414,"XX[X[1,0|0,2],X[2,1|0,2]]",29,"X[1,0|0,2]",65,"X[2,1|0,2]",4,"(3,2,7,2)",2414,"('A_X1','B_X1','A_X2','B_X2')"
2415,"XX[X[1,0|0,2],X[2,1|1,0]]",29,"X[1,0|0,2]",66,"X[2,1|1,0]",4,"(3,2,7,3)",2415,"('A_X1','B_X1','A_X2','B_X2')"
2416,"XX[X[1,0|0,2],X[2,1|1,1]]",29,"X[1,0|0,2]",67,"X[2,1|1,1]",4,"(3,2,7,4)",2416,"('A_X1','B_X1','A_X2','B_X2')"
2417,"XX[X[1,0|0,2],X[2,1|1,2]]",29,"X[1,0|0,2]",68,"X[2,1|1,2]",4,"(3,2,7,5)",2417,"('A_X1','B_X1','A_X2','B_X2')"
2418,"XX[X[1,0|0,2],X[2,1|2,0]]",29,"X[1,0|0,2]",69,"X[2,1|2,0]",4,"(3,2,7,6)",2418,"('A_X1','B_X1','A_X2','B_X2')"
2419,"XX[X[1,0|0,2],X[2,1|2,1]]",29,"X[1,0|0,2]",70,"X[2,1|2,1]",4,"(3,2,7,7)",2419,"('A_X1','B_X1','A_X2','B_X2')"
2420,"XX[X[1,0|0,2],X[2,1|2,2]]",29,"X[1,0|0,2]",71,"X[2,1|2,2]",4,"(3,2,7,8)",2420,"('A_X1','B_X1','A_X2','B_X2')"
2421,"XX[X[1,0|0,2],X[2,2|0,0]]",29,"X[1,0|0,2]",72,"X[2,2|0,0]",4,"(3,2,8,0)",2421,"('A_X1','B_X1','A_X2','B_X2')"
2422,"XX[X[1,0|0,2],X[2,2|0,1]]",29,"X[1,0|0,2]",73,"X[2,2|0,1]",4,"(3,2,8,1)",2422,"('A_X1','B_X1','A_X2','B_X2')"
2423,"XX[X[1,0|0,2],X[2,2|0,2]]",29,"X[1,0|0,2]",74,"X[2,2|0,2]",4,"(3,2,8,2)",2423,"('A_X1','B_X1','A_X2','B_X2')"
2424,"XX[X[1,0|0,2],X[2,2|1,0]]",29,"X[1,0|0,2]",75,"X[2,2|1,0]",4,"(3,2,8,3)",2424,"('A_X1','B_X1','A_X2','B_X2')"
2425,"XX[X[1,0|0,2],X[2,2|1,1]]",29,"X[1,0|0,2]",76,"X[2,2|1,1]",4,"(3,2,8,4)",2425,"('A_X1','B_X1','A_X2','B_X2')"
2426,"XX[X[1,0|0,2],X[2,2|1,2]]",29,"X[1,0|0,2]",77,"X[2,2|1,2]",4,"(3,2,8,5)",2426,"('A_X1','B_X1','A_X2','B_X2')"
2427,"XX[X[1,0|0,2],X[2,2|2,0]]",29,"X[1,0|0,2]",78,"X[2,2|2,0]",4,"(3,2,8,6)",2427,"('A_X1','B_X1','A_X2','B_X2')"
2428,"XX[X[1,0|0,2],X[2,2|2,1]]",29,"X[1,0|0,2]",79,"X[2,2|2,1]",4,"(3,2,8,7)",2428,"('A_X1','B_X1','A_X2','B_X2')"
2429,"XX[X[1,0|0,2],X[2,2|2,2]]",29,"X[1,0|0,2]",80,"X[2,2|2,2]",4,"(3,2,8,8)",2429,"('A_X1','B_X1','A_X2','B_X2')"
2430,"XX[X[1,0|1,0],X[0,0|0,0]]",30,"X[1,0|1,0]",0,"X[0,0|0,0]",4,"(3,3,0,0)",2430,"('A_X1','B_X1','A_X2','B_X2')"
2431,"XX[X[1,0|1,0],X[0,0|0,1]]",30,"X[1,0|1,0]",1,"X[0,0|0,1]",4,"(3,3,0,1)",2431,"('A_X1','B_X1','A_X2','B_X2')"
2432,"XX[X[1,0|1,0],X[0,0|0,2]]",30,"X[1,0|1,0]",2,"X[0,0|0,2]",4,"(3,3,0,2)",2432,"('A_X1','B_X1','A_X2','B_X2')"
2433,"XX[X[1,0|1,0],X[0,0|1,0]]",30,"X[1,0|1,0]",3,"X[0,0|1,0]",4,"(3,3,0,3)",2433,"('A_X1','B_X1','A_X2','B_X2')"
2434,"XX[X[1,0|1,0],X[0,0|1,1]]",30,"X[1,0|1,0]",4,"X[0,0|1,1]",4,"(3,3,0,4)",2434,"('A_X1','B_X1','A_X2','B_X2')"
2435,"XX[X[1,0|1,0],X[0,0|1,2]]",30,"X[1,0|1,0]",5,"X[0,0|1,2]",4,"(3,3,0,5)",2435,"('A_X1','B_X1','A_X2','B_X2')"
2436,"XX[X[1,0|1,0],X[0,0|2,0]]",30,"X[1,0|1,0]",6,"X[0,0|2,0]",4,"(3,3,0,6)",2436,"('A_X1','B_X1','A_X2','B_X2')"
2437,"XX[X[1,0|1,0],X[0,0|2,1]]",30,"X[1,0|1,0]",7,"X[0,0|2,1]",4,"(3,3,0,7)",2437,"('A_X1','B_X1','A_X2','B_X2')"
2438,"XX[X[1,0|1,0],X[0,0|2,2]]",30,"X[1,0|1,0]",8,"X[0,0|2,2]",4,"(3,3,0,8)",2438,"('A_X1','B_X1','A_X2','B_X2')"
2439,"XX[X[1,0|1,0],X[0,1|0,0]]",30,"X[1,0|1,0]",9,"X[0,1|0,0]",4,"(3,3,1,0)",2439,"('A_X1','B_X1','A_X2','B_X2')"
2440,"XX[X[1,0|1,0],X[0,1|0,1]]",30,"X[1,0|1,0]",10,"X[0,1|0,1]",4,"(3,3,1,1)",2440,"('A_X1','B_X1','A_X2','B_X2')"
2441,"XX[X[1,0|1,0],X[0,1|0,2]]",30,"X[1,0|1,0]",11,"X[0,1|0,2]",4,"(3,3,1,2)",2441,"('A_X1','B_X1','A_X2','B_X2')"
2442,"XX[X[1,0|1,0],X[0,1|1,0]]",30,"X[1,0|1,0]",12,"X[0,1|1,0]",4,"(3,3,1,3)",2442,"('A_X1','B_X1','A_X2','B_X2')"
2443,"XX[X[1,0|1,0],X[0,1|1,1]]",30,"X[1,0|1,0]",13,"X[0,1|1,1]",4,"(3,3,1,4)",2443,"('A_X1','B_X1','A_X2','B_X2')"
2444,"XX[X[1,0|1,0],X[0,1|1,2]]",30,"X[1,0|1,0]",14,"X[0,1|1,2]",4,"(3,3,1,5)",2444,"('A_X1','B_X1','A_X2','B_X2')"
2445,"XX[X[1,0|1,0],X[0,1|2,0]]",30,"X[1,0|1,0]",15,"X[0,1|2,0]",4,"(3,3,1,6)",2445,"('A_X1','B_X1','A_X2','B_X2')"
2446,"XX[X[1,0|1,0],X[0,1|2,1]]",30,"X[1,0|1,0]",16,"X[0,1|2,1]",4,"(3,3,1,7)",2446,"('A_X1','B_X1','A_X2','B_X2')"
2447,"XX[X[1,0|1,0],X[0,1|2,2]]",30,"X[1,0|1,0]",17,"X[0,1|2,2]",4,"(3,3,1,8)",2447,"('A_X1','B_X1','A_X2','B_X2')"
2448,"XX[X[1,0|1,0],X[0,2|0,0]]",30,"X[1,0|1,0]",18,"X[0,2|0,0]",4,"(3,3,2,0)",2448,"('A_X1','B_X1','A_X2','B_X2')"
2449,"XX[X[1,0|1,0],X[0,2|0,1]]",30,"X[1,0|1,0]",19,"X[0,2|0,1]",4,"(3,3,2,1)",2449,"('A_X1','B_X1','A_X2','B_X2')"
2450,"XX[X[1,0|1,0],X[0,2|0,2]]",30,"X[1,0|1,0]",20,"X[0,2|0,2]",4,"(3,3,2,2)",2450,"('A_X1','B_X1','A_X2','B_X2')"
2451,"XX[X[1,0|1,0],X[0,2|1,0]]",30,"X[1,0|1,0]",21,"X[0,2|1,0]",4,"(3,3,2,3)",2451,"('A_X1','B_X1','A_X2','B_X2')"
2452,"XX[X[1,0|1,0],X[0,2|1,1]]",30,"X[1,0|1,0]",22,"X[0,2|1,1]",4,"(3,3,2,4)",2452,"('A_X1','B_X1','A_X2','B_X2')"
2453,"XX[X[1,0|1,0],X[0,2|1,2]]",30,"X[1,0|1,0]",23,"X[0,2|1,2]",4,"(3,3,2,5)",2453,"('A_X1','B_X1','A_X2','B_X2')"
2454,"XX[X[1,0|1,0],X[0,2|2,0]]",30,"X[1,0|1,0]",24,"X[0,2|2,0]",4,"(3,3,2,6)",2454,"('A_X1','B_X1','A_X2','B_X2')"
2455,"XX[X[1,0|1,0],X[0,2|2,1]]",30,"X[1,0|1,0]",25,"X[0,2|2,1]",4,"(3,3,2,7)",2455,"('A_X1','B_X1','A_X2','B_X2')"
2456,"XX[X[1,0|1,0],X[0,2|2,2]]",30,"X[1,0|1,0]",26,"X[0,2|2,2]",4,"(3,3,2,8)",2456,"('A_X1','B_X1','A_X2','B_X2')"
2457,"XX[X[1,0|1,0],X[1,0|0,0]]",30,"X[1,0|1,0]",27,"X[1,0|0,0]",4,"(3,3,3,0)",2457,"('A_X1','B_X1','A_X2','B_X2')"
2458,"XX[X[1,0|1,0],X[1,0|0,1]]",30,"X[1,0|1,0]",28,"X[1,0|0,1]",4,"(3,3,3,1)",2458,"('A_X1','B_X1','A_X2','B_X2')"
2459,"XX[X[1,0|1,0],X[1,0|0,2]]",30,"X[1,0|1,0]",29,"X[1,0|0,2]",4,"(3,3,3,2)",2459,"('A_X1','B_X1','A_X2','B_X2')"
2460,"XX[X[1,0|1,0],X[1,0|1,0]]",30,"X[1,0|1,0]",30,"X[1,0|1,0]",4,"(3,3,3,3)",2460,"('A_X1','B_X1','A_X2','B_X2')"
2461,"XX[X[1,0|1,0],X[1,0|1,1]]",30,"X[1,0|1,0]",31,"X[1,0|1,1]",4,"(3,3,3,4)",2461,"('A_X1','B_X1','A_X2','B_X2')"
2462,"XX[X[1,0|1,0],X[1,0|1,2]]",30,"X[1,0|1,0]",32,"X[1,0|1,2]",4,"(3,3,3,5)",2462,"('A_X1','B_X1','A_X2','B_X2')"
2463,"XX[X[1,0|1,0],X[1,0|2,0]]",30,"X[1,0|1,0]",33,"X[1,0|2,0]",4,"(3,3,3,6)",2463,"('A_X1','B_X1','A_X2','B_X2')"
2464,"XX[X[1,0|1,0],X[1,0|2,1]]",30,"X[1,0|1,0]",34,"X[1,0|2,1]",4,"(3,3,3,7)",2464,"('A_X1','B_X1','A_X2','B_X2')"
2465,"XX[X[1,0|1,0],X[1,0|2,2]]",30,"X[1,0|1,0]",35,"X[1,0|2,2]",4,"(3,3,3,8)",2465,"('A_X1','B_X1','A_X2','B_X2')"
2466,"XX[X[1,0|1,0],X[1,1|0,0]]",30,"X[1,0|1,0]",36,"X[1,1|0,0]",4,"(3,3,4,0)",2466,"('A_X1','B_X1','A_X2','B_X2')"
2467,"XX[X[1,0|1,0],X[1,1|0,1]]",30,"X[1,0|1,0]",37,"X[1,1|0,1]",4,"(3,3,4,1)",2467,"('A_X1','B_X1','A_X2','B_X2')"
2468,"XX[X[1,0|1,0],X[1,1|0,2]]",30,"X[1,0|1,0]",38,"X[1,1|0,2]",4,"(3,3,4,2)",2468,"('A_X1','B_X1','A_X2','B_X2')"
2469,"XX[X[1,0|1,0],X[1,1|1,0]]",30,"X[1,0|1,0]",39,"X[1,1|1,0]",4,"(3,3,4,3)",2469,"('A_X1','B_X1','A_X2','B_X2')"
2470,"XX[X[1,0|1,0],X[1,1|1,1]]",30,"X[1,0|1,0]",40,"X[1,1|1,1]",4,"(3,3,4,4)",2470,"('A_X1','B_X1','A_X2','B_X2')"
2471,"XX[X[1,0|1,0],X[1,1|1,2]]",30,"X[1,0|1,0]",41,"X[1,1|1,2]",4,"(3,3,4,5)",2471,"('A_X1','B_X1','A_X2','B_X2')"
2472,"XX[X[1,0|1,0],X[1,1|2,0]]",30,"X[1,0|1,0]",42,"X[1,1|2,0]",4,"(3,3,4,6)",2472,"('A_X1','B_X1','A_X2','B_X2')"
2473,"XX[X[1,0|1,0],X[1,1|2,1]]",30,"X[1,0|1,0]",43,"X[1,1|2,1]",4,"(3,3,4,7)",2473,"('A_X1','B_X1','A_X2','B_X2')"
2474,"XX[X[1,0|1,0],X[1,1|2,2]]",30,"X[1,0|1,0]",44,"X[1,1|2,2]",4,"(3,3,4,8)",2474,"('A_X1','B_X1','A_X2','B_X2')"
2475,"XX[X[1,0|1,0],X[1,2|0,0]]",30,"X[1,0|1,0]",45,"X[1,2|0,0]",4,"(3,3,5,0)",2475,"('A_X1','B_X1','A_X2','B_X2')"
2476,"XX[X[1,0|1,0],X[1,2|0,1]]",30,"X[1,0|1,0]",46,"X[1,2|0,1]",4,"(3,3,5,1)",2476,"('A_X1','B_X1','A_X2','B_X2')"
2477,"XX[X[1,0|1,0],X[1,2|0,2]]",30,"X[1,0|1,0]",47,"X[1,2|0,2]",4,"(3,3,5,2)",2477,"('A_X1','B_X1','A_X2','B_X2')"
2478,"XX[X[1,0|1,0],X[1,2|1,0]]",30,"X[1,0|1,0]",48,"X[1,2|1,0]",4,"(3,3,5,3)",2478,"('A_X1','B_X1','A_X2','B_X2')"
2479,"XX[X[1,0|1,0],X[1,2|1,1]]",30,"X[1,0|1,0]",49,"X[1,2|1,1]",4,"(3,3,5,4)",2479,"('A_X1','B_X1','A_X2','B_X2')"
2480,"XX[X[1,0|1,0],X[1,2|1,2]]",30,"X[1,0|1,0]",50,"X[1,2|1,2]",4,"(3,3,5,5)",2480,"('A_X1','B_X1','A_X2','B_X2')"
2481,"XX[X[1,0|1,0],X[1,2|2,0]]",30,"X[1,0|1,0]",51,"X[1,2|2,0]",4,"(3,3,5,6)",2481,"('A_X1','B_X1','A_X2','B_X2')"
2482,"XX[X[1,0|1,0],X[1,2|2,1]]",30,"X[1,0|1,0]",52,"X[1,2|2,1]",4,"(3,3,5,7)",2482,"('A_X1','B_X1','A_X2','B_X2')"
2483,"XX[X[1,0|1,0],X[1,2|2,2]]",30,"X[1,0|1,0]",53,"X[1,2|2,2]",4,"(3,3,5,8)",2483,"('A_X1','B_X1','A_X2','B_X2')"
2484,"XX[X[1,0|1,0],X[2,0|0,0]]",30,"X[1,0|1,0]",54,"X[2,0|0,0]",4,"(3,3,6,0)",2484,"('A_X1','B_X1','A_X2','B_X2')"
2485,"XX[X[1,0|1,0],X[2,0|0,1]]",30,"X[1,0|1,0]",55,"X[2,0|0,1]",4,"(3,3,6,1)",2485,"('A_X1','B_X1','A_X2','B_X2')"
2486,"XX[X[1,0|1,0],X[2,0|0,2]]",30,"X[1,0|1,0]",56,"X[2,0|0,2]",4,"(3,3,6,2)",2486,"('A_X1','B_X1','A_X2','B_X2')"
2487,"XX[X[1,0|1,0],X[2,0|1,0]]",30,"X[1,0|1,0]",57,"X[2,0|1,0]",4,"(3,3,6,3)",2487,"('A_X1','B_X1','A_X2','B_X2')"
2488,"XX[X[1,0|1,0],X[2,0|1,1]]",30,"X[1,0|1,0]",58,"X[2,0|1,1]",4,"(3,3,6,4)",2488,"('A_X1','B_X1','A_X2','B_X2')"
2489,"XX[X[1,0|1,0],X[2,0|1,2]]",30,"X[1,0|1,0]",59,"X[2,0|1,2]",4,"(3,3,6,5)",2489,"('A_X1','B_X1','A_X2','B_X2')"
2490,"XX[X[1,0|1,0],X[2,0|2,0]]",30,"X[1,0|1,0]",60,"X[2,0|2,0]",4,"(3,3,6,6)",2490,"('A_X1','B_X1','A_X2','B_X2')"
2491,"XX[X[1,0|1,0],X[2,0|2,1]]",30,"X[1,0|1,0]",61,"X[2,0|2,1]",4,"(3,3,6,7)",2491,"('A_X1','B_X1','A_X2','B_X2')"
2492,"XX[X[1,0|1,0],X[2,0|2,2]]",30,"X[1,0|1,0]",62,"X[2,0|2,2]",4,"(3,3,6,8)",2492,"('A_X1','B_X1','A_X2','B_X2')"
2493,"XX[X[1,0|1,0],X[2,1|0,0]]",30,"X[1,0|1,0]",63,"X[2,1|0,0]",4,"(3,3,7,0)",2493,"('A_X1','B_X1','A_X2','B_X2')"
2494,"XX[X[1,0|1,0],X[2,1|0,1]]",30,"X[1,0|1,0]",64,"X[2,1|0,1]",4,"(3,3,7,1)",2494,"('A_X1','B_X1','A_X2','B_X2')"
2495,"XX[X[1,0|1,0],X[2,1|0,2]]",30,"X[1,0|1,0]",65,"X[2,1|0,2]",4,"(3,3,7,2)",2495,"('A_X1','B_X1','A_X2','B_X2')"
2496,"XX[X[1,0|1,0],X[2,1|1,0]]",30,"X[1,0|1,0]",66,"X[2,1|1,0]",4,"(3,3,7,3)",2496,"('A_X1','B_X1','A_X2','B_X2')"
2497,"XX[X[1,0|1,0],X[2,1|1,1]]",30,"X[1,0|1,0]",67,"X[2,1|1,1]",4,"(3,3,7,4)",2497,"('A_X1','B_X1','A_X2','B_X2')"
2498,"XX[X[1,0|1,0],X[2,1|1,2]]",30,"X[1,0|1,0]",68,"X[2,1|1,2]",4,"(3,3,7,5)",2498,"('A_X1','B_X1','A_X2','B_X2')"
2499,"XX[X[1,0|1,0],X[2,1|2,0]]",30,"X[1,0|1,0]",69,"X[2,1|2,0]",4,"(3,3,7,6)",2499,"('A_X1','B_X1','A_X2','B_X2')"
2500,"XX[X[1,0|1,0],X[2,1|2,1]]",30,"X[1,0|1,0]",70,"X[2,1|2,1]",4,"(3,3,7,7)",2500,"('A_X1','B_X1','A_X2','B_X2')"
2501,"XX[X[1,0|1,0],X[2,1|2,2]]",30,"X[1,0|1,0]",71,"X[2,1|2,2]",4,"(3,3,7,8)",2501,"('A_X1','B_X1','A_X2','B_X2')"
2502,"XX[X[1,0|1,0],X[2,2|0,0]]",30,"X[1,0|1,0]",72,"X[2,2|0,0]",4,"(3,3,8,0)",2502,"('A_X1','B_X1','A_X2','B_X2')"
2503,"XX[X[1,0|1,0],X[2,2|0,1]]",30,"X[1,0|1,0]",73,"X[2,2|0,1]",4,"(3,3,8,1)",2503,"('A_X1','B_X1','A_X2','B_X2')"
2504,"XX[X[1,0|1,0],X[2,2|0,2]]",30,"X[1,0|1,0]",74,"X[2,2|0,2]",4,"(3,3,8,2)",2504,"('A_X1','B_X1','A_X2','B_X2')"
2505,"XX[X[1,0|1,0],X[2,2|1,0]]",30,"X[1,0|1,0]",75,"X[2,2|1,0]",4,"(3,3,8,3)",2505,"('A_X1','B_X1','A_X2','B_X2')"
2506,"XX[X[1,0|1,0],X[2,2|1,1]]",30,"X[1,0|1,0]",76,"X[2,2|1,1]",4,"(3,3,8,4)",2506,"('A_X1','B_X1','A_X2','B_X2')"
2507,"XX[X[1,0|1,0],X[2,2|1,2]]",30,"X[1,0|1,0]",77,"X[2,2|1,2]",4,"(3,3,8,5)",2507,"('A_X1','B_X1','A_X2','B_X2')"
2508,"XX[X[1,0|1,0],X[2,2|2,0]]",30,"X[1,0|1,0]",78,"X[2,2|2,0]",4,"(3,3,8,6)",2508,"('A_X1','B_X1','A_X2','B_X2')"
2509,"XX[X[1,0|1,0],X[2,2|2,1]]",30,"X[1,0|1,0]",79,"X[2,2|2,1]",4,"(3,3,8,7)",2509,"('A_X1','B_X1','A_X2','B_X2')"
2510,"XX[X[1,0|1,0],X[2,2|2,2]]",30,"X[1,0|1,0]",80,"X[2,2|2,2]",4,"(3,3,8,8)",2510,"('A_X1','B_X1','A_X2','B_X2')"
2511,"XX[X[1,0|1,1],X[0,0|0,0]]",31,"X[1,0|1,1]",0,"X[0,0|0,0]",4,"(3,4,0,0)",2511,"('A_X1','B_X1','A_X2','B_X2')"
2512,"XX[X[1,0|1,1],X[0,0|0,1]]",31,"X[1,0|1,1]",1,"X[0,0|0,1]",4,"(3,4,0,1)",2512,"('A_X1','B_X1','A_X2','B_X2')"
2513,"XX[X[1,0|1,1],X[0,0|0,2]]",31,"X[1,0|1,1]",2,"X[0,0|0,2]",4,"(3,4,0,2)",2513,"('A_X1','B_X1','A_X2','B_X2')"
2514,"XX[X[1,0|1,1],X[0,0|1,0]]",31,"X[1,0|1,1]",3,"X[0,0|1,0]",4,"(3,4,0,3)",2514,"('A_X1','B_X1','A_X2','B_X2')"
2515,"XX[X[1,0|1,1],X[0,0|1,1]]",31,"X[1,0|1,1]",4,"X[0,0|1,1]",4,"(3,4,0,4)",2515,"('A_X1','B_X1','A_X2','B_X2')"
2516,"XX[X[1,0|1,1],X[0,0|1,2]]",31,"X[1,0|1,1]",5,"X[0,0|1,2]",4,"(3,4,0,5)",2516,"('A_X1','B_X1','A_X2','B_X2')"
2517,"XX[X[1,0|1,1],X[0,0|2,0]]",31,"X[1,0|1,1]",6,"X[0,0|2,0]",4,"(3,4,0,6)",2517,"('A_X1','B_X1','A_X2','B_X2')"
2518,"XX[X[1,0|1,1],X[0,0|2,1]]",31,"X[1,0|1,1]",7,"X[0,0|2,1]",4,"(3,4,0,7)",2518,"('A_X1','B_X1','A_X2','B_X2')"
2519,"XX[X[1,0|1,1],X[0,0|2,2]]",31,"X[1,0|1,1]",8,"X[0,0|2,2]",4,"(3,4,0,8)",2519,"('A_X1','B_X1','A_X2','B_X2')"
2520,"XX[X[1,0|1,1],X[0,1|0,0]]",31,"X[1,0|1,1]",9,"X[0,1|0,0]",4,"(3,4,1,0)",2520,"('A_X1','B_X1','A_X2','B_X2')"
2521,"XX[X[1,0|1,1],X[0,1|0,1]]",31,"X[1,0|1,1]",10,"X[0,1|0,1]",4,"(3,4,1,1)",2521,"('A_X1','B_X1','A_X2','B_X2')"
2522,"XX[X[1,0|1,1],X[0,1|0,2]]",31,"X[1,0|1,1]",11,"X[0,1|0,2]",4,"(3,4,1,2)",2522,"('A_X1','B_X1','A_X2','B_X2')"
2523,"XX[X[1,0|1,1],X[0,1|1,0]]",31,"X[1,0|1,1]",12,"X[0,1|1,0]",4,"(3,4,1,3)",2523,"('A_X1','B_X1','A_X2','B_X2')"
2524,"XX[X[1,0|1,1],X[0,1|1,1]]",31,"X[1,0|1,1]",13,"X[0,1|1,1]",4,"(3,4,1,4)",2524,"('A_X1','B_X1','A_X2','B_X2')"
2525,"XX[X[1,0|1,1],X[0,1|1,2]]",31,"X[1,0|1,1]",14,"X[0,1|1,2]",4,"(3,4,1,5)",2525,"('A_X1','B_X1','A_X2','B_X2')"
2526,"XX[X[1,0|1,1],X[0,1|2,0]]",31,"X[1,0|1,1]",15,"X[0,1|2,0]",4,"(3,4,1,6)",2526,"('A_X1','B_X1','A_X2','B_X2')"
2527,"XX[X[1,0|1,1],X[0,1|2,1]]",31,"X[1,0|1,1]",16,"X[0,1|2,1]",4,"(3,4,1,7)",2527,"('A_X1','B_X1','A_X2','B_X2')"
2528,"XX[X[1,0|1,1],X[0,1|2,2]]",31,"X[1,0|1,1]",17,"X[0,1|2,2]",4,"(3,4,1,8)",2528,"('A_X1','B_X1','A_X2','B_X2')"
2529,"XX[X[1,0|1,1],X[0,2|0,0]]",31,"X[1,0|1,1]",18,"X[0,2|0,0]",4,"(3,4,2,0)",2529,"('A_X1','B_X1','A_X2','B_X2')"
2530,"XX[X[1,0|1,1],X[0,2|0,1]]",31,"X[1,0|1,1]",19,"X[0,2|0,1]",4,"(3,4,2,1)",2530,"('A_X1','B_X1','A_X2','B_X2')"
2531,"XX[X[1,0|1,1],X[0,2|0,2]]",31,"X[1,0|1,1]",20,"X[0,2|0,2]",4,"(3,4,2,2)",2531,"('A_X1','B_X1','A_X2','B_X2')"
2532,"XX[X[1,0|1,1],X[0,2|1,0]]",31,"X[1,0|1,1]",21,"X[0,2|1,0]",4,"(3,4,2,3)",2532,"('A_X1','B_X1','A_X2','B_X2')"
2533,"XX[X[1,0|1,1],X[0,2|1,1]]",31,"X[1,0|1,1]",22,"X[0,2|1,1]",4,"(3,4,2,4)",2533,"('A_X1','B_X1','A_X2','B_X2')"
2534,"XX[X[1,0|1,1],X[0,2|1,2]]",31,"X[1,0|1,1]",23,"X[0,2|1,2]",4,"(3,4,2,5)",2534,"('A_X1','B_X1','A_X2','B_X2')"
2535,"XX[X[1,0|1,1],X[0,2|2,0]]",31,"X[1,0|1,1]",24,"X[0,2|2,0]",4,"(3,4,2,6)",2535,"('A_X1','B_X1','A_X2','B_X2')"
2536,"XX[X[1,0|1,1],X[0,2|2,1]]",31,"X[1,0|1,1]",25,"X[0,2|2,1]",4,"(3,4,2,7)",2536,"('A_X1','B_X1','A_X2','B_X2')"
2537,"XX[X[1,0|1,1],X[0,2|2,2]]",31,"X[1,0|1,1]",26,"X[0,2|2,2]",4,"(3,4,2,8)",2537,"('A_X1','B_X1','A_X2','B_X2')"
2538,"XX[X[1,0|1,1],X[1,0|0,0]]",31,"X[1,0|1,1]",27,"X[1,0|0,0]",4,"(3,4,3,0)",2538,"('A_X1','B_X1','A_X2','B_X2')"
2539,"XX[X[1,0|1,1],X[1,0|0,1]]",31,"X[1,0|1,1]",28,"X[1,0|0,1]",4,"(3,4,3,1)",2539,"('A_X1','B_X1','A_X2','B_X2')"
2540,"XX[X[1,0|1,1],X[1,0|0,2]]",31,"X[1,0|1,1]",29,"X[1,0|0,2]",4,"(3,4,3,2)",2540,"('A_X1','B_X1','A_X2','B_X2')"
2541,"XX[X[1,0|1,1],X[1,0|1,0]]",31,"X[1,0|1,1]",30,"X[1,0|1,0]",4,"(3,4,3,3)",2541,"('A_X1','B_X1','A_X2','B_X2')"
2542,"XX[X[1,0|1,1],X[1,0|1,1]]",31,"X[1,0|1,1]",31,"X[1,0|1,1]",4,"(3,4,3,4)",2542,"('A_X1','B_X1','A_X2','B_X2')"
2543,"XX[X[1,0|1,1],X[1,0|1,2]]",31,"X[1,0|1,1]",32,"X[1,0|1,2]",4,"(3,4,3,5)",2543,"('A_X1','B_X1','A_X2','B_X2')"
2544,"XX[X[1,0|1,1],X[1,0|2,0]]",31,"X[1,0|1,1]",33,"X[1,0|2,0]",4,"(3,4,3,6)",2544,"('A_X1','B_X1','A_X2','B_X2')"
2545,"XX[X[1,0|1,1],X[1,0|2,1]]",31,"X[1,0|1,1]",34,"X[1,0|2,1]",4,"(3,4,3,7)",2545,"('A_X1','B_X1','A_X2','B_X2')"
2546,"XX[X[1,0|1,1],X[1,0|2,2]]",31,"X[1,0|1,1]",35,"X[1,0|2,2]",4,"(3,4,3,8)",2546,"('A_X1','B_X1','A_X2','B_X2')"
2547,"XX[X[1,0|1,1],X[1,1|0,0]]",31,"X[1,0|1,1]",36,"X[1,1|0,0]",4,"(3,4,4,0)",2547,"('A_X1','B_X1','A_X2','B_X2')"
2548,"XX[X[1,0|1,1],X[1,1|0,1]]",31,"X[1,0|1,1]",37,"X[1,1|0,1]",4,"(3,4,4,1)",2548,"('A_X1','B_X1','A_X2','B_X2')"
2549,"XX[X[1,0|1,1],X[1,1|0,2]]",31,"X[1,0|1,1]",38,"X[1,1|0,2]",4,"(3,4,4,2)",2549,"('A_X1','B_X1','A_X2','B_X2')"
2550,"XX[X[1,0|1,1],X[1,1|1,0]]",31,"X[1,0|1,1]",39,"X[1,1|1,0]",4,"(3,4,4,3)",2550,"('A_X1','B_X1','A_X2','B_X2')"
2551,"XX[X[1,0|1,1],X[1,1|1,1]]",31,"X[1,0|1,1]",40,"X[1,1|1,1]",4,"(3,4,4,4)",2551,"('A_X1','B_X1','A_X2','B_X2')"
2552,"XX[X[1,0|1,1],X[1,1|1,2]]",31,"X[1,0|1,1]",41,"X[1,1|1,2]",4,"(3,4,4,5)",2552,"('A_X1','B_X1','A_X2','B_X2')"
2553,"XX[X[1,0|1,1],X[1,1|2,0]]",31,"X[1,0|1,1]",42,"X[1,1|2,0]",4,"(3,4,4,6)",2553,"('A_X1','B_X1','A_X2','B_X2')"
2554,"XX[X[1,0|1,1],X[1,1|2,1]]",31,"X[1,0|1,1]",43,"X[1,1|2,1]",4,"(3,4,4,7)",2554,"('A_X1','B_X1','A_X2','B_X2')"
2555,"XX[X[1,0|1,1],X[1,1|2,2]]",31,"X[1,0|1,1]",44,"X[1,1|2,2]",4,"(3,4,4,8)",2555,"('A_X1','B_X1','A_X2','B_X2')"
2556,"XX[X[1,0|1,1],X[1,2|0,0]]",31,"X[1,0|1,1]",45,"X[1,2|0,0]",4,"(3,4,5,0)",2556,"('A_X1','B_X1','A_X2','B_X2')"
2557,"XX[X[1,0|1,1],X[1,2|0,1]]",31,"X[1,0|1,1]",46,"X[1,2|0,1]",4,"(3,4,5,1)",2557,"('A_X1','B_X1','A_X2','B_X2')"
2558,"XX[X[1,0|1,1],X[1,2|0,2]]",31,"X[1,0|1,1]",47,"X[1,2|0,2]",4,"(3,4,5,2)",2558,"('A_X1','B_X1','A_X2','B_X2')"
2559,"XX[X[1,0|1,1],X[1,2|1,0]]",31,"X[1,0|1,1]",48,"X[1,2|1,0]",4,"(3,4,5,3)",2559,"('A_X1','B_X1','A_X2','B_X2')"
2560,"XX[X[1,0|1,1],X[1,2|1,1]]",31,"X[1,0|1,1]",49,"X[1,2|1,1]",4,"(3,4,5,4)",2560,"('A_X1','B_X1','A_X2','B_X2')"
2561,"XX[X[1,0|1,1],X[1,2|1,2]]",31,"X[1,0|1,1]",50,"X[1,2|1,2]",4,"(3,4,5,5)",2561,"('A_X1','B_X1','A_X2','B_X2')"
2562,"XX[X[1,0|1,1],X[1,2|2,0]]",31,"X[1,0|1,1]",51,"X[1,2|2,0]",4,"(3,4,5,6)",2562,"('A_X1','B_X1','A_X2','B_X2')"
2563,"XX[X[1,0|1,1],X[1,2|2,1]]",31,"X[1,0|1,1]",52,"X[1,2|2,1]",4,"(3,4,5,7)",2563,"('A_X1','B_X1','A_X2','B_X2')"
2564,"XX[X[1,0|1,1],X[1,2|2,2]]",31,"X[1,0|1,1]",53,"X[1,2|2,2]",4,"(3,4,5,8)",2564,"('A_X1','B_X1','A_X2','B_X2')"
2565,"XX[X[1,0|1,1],X[2,0|0,0]]",31,"X[1,0|1,1]",54,"X[2,0|0,0]",4,"(3,4,6,0)",2565,"('A_X1','B_X1','A_X2','B_X2')"
2566,"XX[X[1,0|1,1],X[2,0|0,1]]",31,"X[1,0|1,1]",55,"X[2,0|0,1]",4,"(3,4,6,1)",2566,"('A_X1','B_X1','A_X2','B_X2')"
2567,"XX[X[1,0|1,1],X[2,0|0,2]]",31,"X[1,0|1,1]",56,"X[2,0|0,2]",4,"(3,4,6,2)",2567,"('A_X1','B_X1','A_X2','B_X2')"
2568,"XX[X[1,0|1,1],X[2,0|1,0]]",31,"X[1,0|1,1]",57,"X[2,0|1,0]",4,"(3,4,6,3)",2568,"('A_X1','B_X1','A_X2','B_X2')"
2569,"XX[X[1,0|1,1],X[2,0|1,1]]",31,"X[1,0|1,1]",58,"X[2,0|1,1]",4,"(3,4,6,4)",2569,"('A_X1','B_X1','A_X2','B_X2')"
2570,"XX[X[1,0|1,1],X[2,0|1,2]]",31,"X[1,0|1,1]",59,"X[2,0|1,2]",4,"(3,4,6,5)",2570,"('A_X1','B_X1','A_X2','B_X2')"
2571,"XX[X[1,0|1,1],X[2,0|2,0]]",31,"X[1,0|1,1]",60,"X[2,0|2,0]",4,"(3,4,6,6)",2571,"('A_X1','B_X1','A_X2','B_X2')"
2572,"XX[X[1,0|1,1],X[2,0|2,1]]",31,"X[1,0|1,1]",61,"X[2,0|2,1]",4,"(3,4,6,7)",2572,"('A_X1','B_X1','A_X2','B_X2')"
2573,"XX[X[1,0|1,1],X[2,0|2,2]]",31,"X[1,0|1,1]",62,"X[2,0|2,2]",4,"(3,4,6,8)",2573,"('A_X1','B_X1','A_X2','B_X2')"
2574,"XX[X[1,0|1,1],X[2,1|0,0]]",31,"X[1,0|1,1]",63,"X[2,1|0,0]",4,"(3,4,7,0)",2574,"('A_X1','B_X1','A_X2','B_X2')"
2575,"XX[X[1,0|1,1],X[2,1|0,1]]",31,"X[1,0|1,1]",64,"X[2,1|0,1]",4,"(3,4,7,1)",2575,"('A_X1','B_X1','A_X2','B_X2')"
2576,"XX[X[1,0|1,1],X[2,1|0,2]]",31,"X[1,0|1,1]",65,"X[2,1|0,2]",4,"(3,4,7,2)",2576,"('A_X1','B_X1','A_X2','B_X2')"
2577,"XX[X[1,0|1,1],X[2,1|1,0]]",31,"X[1,0|1,1]",66,"X[2,1|1,0]",4,"(3,4,7,3)",2577,"('A_X1','B_X1','A_X2','B_X2')"
2578,"XX[X[1,0|1,1],X[2,1|1,1]]",31,"X[1,0|1,1]",67,"X[2,1|1,1]",4,"(3,4,7,4)",2578,"('A_X1','B_X1','A_X2','B_X2')"
2579,"XX[X[1,0|1,1],X[2,1|1,2]]",31,"X[1,0|1,1]",68,"X[2,1|1,2]",4,"(3,4,7,5)",2579,"('A_X1','B_X1','A_X2','B_X2')"
2580,"XX[X[1,0|1,1],X[2,1|2,0]]",31,"X[1,0|1,1]",69,"X[2,1|2,0]",4,"(3,4,7,6)",2580,"('A_X1','B_X1','A_X2','B_X2')"
2581,"XX[X[1,0|1,1],X[2,1|2,1]]",31,"X[1,0|1,1]",70,"X[2,1|2,1]",4,"(3,4,7,7)",2581,"('A_X1','B_X1','A_X2','B_X2')"
2582,"XX[X[1,0|1,1],X[2,1|2,2]]",31,"X[1,0|1,1]",71,"X[2,1|2,2]",4,"(3,4,7,8)",2582,"('A_X1','B_X1','A_X2','B_X2')"
2583,"XX[X[1,0|1,1],X[2,2|0,0]]",31,"X[1,0|1,1]",72,"X[2,2|0,0]",4,"(3,4,8,0)",2583,"('A_X1','B_X1','A_X2','B_X2')"
2584,"XX[X[1,0|1,1],X[2,2|0,1]]",31,"X[1,0|1,1]",73,"X[2,2|0,1]",4,"(3,4,8,1)",2584,"('A_X1','B_X1','A_X2','B_X2')"
2585,"XX[X[1,0|1,1],X[2,2|0,2]]",31,"X[1,0|1,1]",74,"X[2,2|0,2]",4,"(3,4,8,2)",2585,"('A_X1','B_X1','A_X2','B_X2')"
2586,"XX[X[1,0|1,1],X[2,2|1,0]]",31,"X[1,0|1,1]",75,"X[2,2|1,0]",4,"(3,4,8,3)",2586,"('A_X1','B_X1','A_X2','B_X2')"
2587,"XX[X[1,0|1,1],X[2,2|1,1]]",31,"X[1,0|1,1]",76,"X[2,2|1,1]",4,"(3,4,8,4)",2587,"('A_X1','B_X1','A_X2','B_X2')"
2588,"XX[X[1,0|1,1],X[2,2|1,2]]",31,"X[1,0|1,1]",77,"X[2,2|1,2]",4,"(3,4,8,5)",2588,"('A_X1','B_X1','A_X2','B_X2')"
2589,"XX[X[1,0|1,1],X[2,2|2,0]]",31,"X[1,0|1,1]",78,"X[2,2|2,0]",4,"(3,4,8,6)",2589,"('A_X1','B_X1','A_X2','B_X2')"
2590,"XX[X[1,0|1,1],X[2,2|2,1]]",31,"X[1,0|1,1]",79,"X[2,2|2,1]",4,"(3,4,8,7)",2590,"('A_X1','B_X1','A_X2','B_X2')"
2591,"XX[X[1,0|1,1],X[2,2|2,2]]",31,"X[1,0|1,1]",80,"X[2,2|2,2]",4,"(3,4,8,8)",2591,"('A_X1','B_X1','A_X2','B_X2')"
2592,"XX[X[1,0|1,2],X[0,0|0,0]]",32,"X[1,0|1,2]",0,"X[0,0|0,0]",4,"(3,5,0,0)",2592,"('A_X1','B_X1','A_X2','B_X2')"
2593,"XX[X[1,0|1,2],X[0,0|0,1]]",32,"X[1,0|1,2]",1,"X[0,0|0,1]",4,"(3,5,0,1)",2593,"('A_X1','B_X1','A_X2','B_X2')"
2594,"XX[X[1,0|1,2],X[0,0|0,2]]",32,"X[1,0|1,2]",2,"X[0,0|0,2]",4,"(3,5,0,2)",2594,"('A_X1','B_X1','A_X2','B_X2')"
2595,"XX[X[1,0|1,2],X[0,0|1,0]]",32,"X[1,0|1,2]",3,"X[0,0|1,0]",4,"(3,5,0,3)",2595,"('A_X1','B_X1','A_X2','B_X2')"
2596,"XX[X[1,0|1,2],X[0,0|1,1]]",32,"X[1,0|1,2]",4,"X[0,0|1,1]",4,"(3,5,0,4)",2596,"('A_X1','B_X1','A_X2','B_X2')"
2597,"XX[X[1,0|1,2],X[0,0|1,2]]",32,"X[1,0|1,2]",5,"X[0,0|1,2]",4,"(3,5,0,5)",2597,"('A_X1','B_X1','A_X2','B_X2')"
2598,"XX[X[1,0|1,2],X[0,0|2,0]]",32,"X[1,0|1,2]",6,"X[0,0|2,0]",4,"(3,5,0,6)",2598,"('A_X1','B_X1','A_X2','B_X2')"
2599,"XX[X[1,0|1,2],X[0,0|2,1]]",32,"X[1,0|1,2]",7,"X[0,0|2,1]",4,"(3,5,0,7)",2599,"('A_X1','B_X1','A_X2','B_X2')"
2600,"XX[X[1,0|1,2],X[0,0|2,2]]",32,"X[1,0|1,2]",8,"X[0,0|2,2]",4,"(3,5,0,8)",2600,"('A_X1','B_X1','A_X2','B_X2')"
2601,"XX[X[1,0|1,2],X[0,1|0,0]]",32,"X[1,0|1,2]",9,"X[0,1|0,0]",4,"(3,5,1,0)",2601,"('A_X1','B_X1','A_X2','B_X2')"
2602,"XX[X[1,0|1,2],X[0,1|0,1]]",32,"X[1,0|1,2]",10,"X[0,1|0,1]",4,"(3,5,1,1)",2602,"('A_X1','B_X1','A_X2','B_X2')"
2603,"XX[X[1,0|1,2],X[0,1|0,2]]",32,"X[1,0|1,2]",11,"X[0,1|0,2]",4,"(3,5,1,2)",2603,"('A_X1','B_X1','A_X2','B_X2')"
2604,"XX[X[1,0|1,2],X[0,1|1,0]]",32,"X[1,0|1,2]",12,"X[0,1|1,0]",4,"(3,5,1,3)",2604,"('A_X1','B_X1','A_X2','B_X2')"
2605,"XX[X[1,0|1,2],X[0,1|1,1]]",32,"X[1,0|1,2]",13,"X[0,1|1,1]",4,"(3,5,1,4)",2605,"('A_X1','B_X1','A_X2','B_X2')"
2606,"XX[X[1,0|1,2],X[0,1|1,2]]",32,"X[1,0|1,2]",14,"X[0,1|1,2]",4,"(3,5,1,5)",2606,"('A_X1','B_X1','A_X2','B_X2')"
2607,"XX[X[1,0|1,2],X[0,1|2,0]]",32,"X[1,0|1,2]",15,"X[0,1|2,0]",4,"(3,5,1,6)",2607,"('A_X1','B_X1','A_X2','B_X2')"
2608,"XX[X[1,0|1,2],X[0,1|2,1]]",32,"X[1,0|1,2]",16,"X[0,1|2,1]",4,"(3,5,1,7)",2608,"('A_X1','B_X1','A_X2','B_X2')"
2609,"XX[X[1,0|1,2],X[0,1|2,2]]",32,"X[1,0|1,2]",17,"X[0,1|2,2]",4,"(3,5,1,8)",2609,"('A_X1','B_X1','A_X2','B_X2')"
2610,"XX[X[1,0|1,2],X[0,2|0,0]]",32,"X[1,0|1,2]",18,"X[0,2|0,0]",4,"(3,5,2,0)",2610,"('A_X1','B_X1','A_X2','B_X2')"
2611,"XX[X[1,0|1,2],X[0,2|0,1]]",32,"X[1,0|1,2]",19,"X[0,2|0,1]",4,"(3,5,2,1)",2611,"('A_X1','B_X1','A_X2','B_X2')"
2612,"XX[X[1,0|1,2],X[0,2|0,2]]",32,"X[1,0|1,2]",20,"X[0,2|0,2]",4,"(3,5,2,2)",2612,"('A_X1','B_X1','A_X2','B_X2')"
2613,"XX[X[1,0|1,2],X[0,2|1,0]]",32,"X[1,0|1,2]",21,"X[0,2|1,0]",4,"(3,5,2,3)",2613,"('A_X1','B_X1','A_X2','B_X2')"
2614,"XX[X[1,0|1,2],X[0,2|1,1]]",32,"X[1,0|1,2]",22,"X[0,2|1,1]",4,"(3,5,2,4)",2614,"('A_X1','B_X1','A_X2','B_X2')"
2615,"XX[X[1,0|1,2],X[0,2|1,2]]",32,"X[1,0|1,2]",23,"X[0,2|1,2]",4,"(3,5,2,5)",2615,"('A_X1','B_X1','A_X2','B_X2')"
2616,"XX[X[1,0|1,2],X[0,2|2,0]]",32,"X[1,0|1,2]",24,"X[0,2|2,0]",4,"(3,5,2,6)",2616,"('A_X1','B_X1','A_X2','B_X2')"
2617,"XX[X[1,0|1,2],X[0,2|2,1]]",32,"X[1,0|1,2]",25,"X[0,2|2,1]",4,"(3,5,2,7)",2617,"('A_X1','B_X1','A_X2','B_X2')"
2618,"XX[X[1,0|1,2],X[0,2|2,2]]",32,"X[1,0|1,2]",26,"X[0,2|2,2]",4,"(3,5,2,8)",2618,"('A_X1','B_X1','A_X2','B_X2')"
2619,"XX[X[1,0|1,2],X[1,0|0,0]]",32,"X[1,0|1,2]",27,"X[1,0|0,0]",4,"(3,5,3,0)",2619,"('A_X1','B_X1','A_X2','B_X2')"
2620,"XX[X[1,0|1,2],X[1,0|0,1]]",32,"X[1,0|1,2]",28,"X[1,0|0,1]",4,"(3,5,3,1)",2620,"('A_X1','B_X1','A_X2','B_X2')"
2621,"XX[X[1,0|1,2],X[1,0|0,2]]",32,"X[1,0|1,2]",29,"X[1,0|0,2]",4,"(3,5,3,2)",2621,"('A_X1','B_X1','A_X2','B_X2')"
2622,"XX[X[1,0|1,2],X[1,0|1,0]]",32,"X[1,0|1,2]",30,"X[1,0|1,0]",4,"(3,5,3,3)",2622,"('A_X1','B_X1','A_X2','B_X2')"
2623,"XX[X[1,0|1,2],X[1,0|1,1]]",32,"X[1,0|1,2]",31,"X[1,0|1,1]",4,"(3,5,3,4)",2623,"('A_X1','B_X1','A_X2','B_X2')"
2624,"XX[X[1,0|1,2],X[1,0|1,2]]",32,"X[1,0|1,2]",32,"X[1,0|1,2]",4,"(3,5,3,5)",2624,"('A_X1','B_X1','A_X2','B_X2')"
2625,"XX[X[1,0|1,2],X[1,0|2,0]]",32,"X[1,0|1,2]",33,"X[1,0|2,0]",4,"(3,5,3,6)",2625,"('A_X1','B_X1','A_X2','B_X2')"
2626,"XX[X[1,0|1,2],X[1,0|2,1]]",32,"X[1,0|1,2]",34,"X[1,0|2,1]",4,"(3,5,3,7)",2626,"('A_X1','B_X1','A_X2','B_X2')"
2627,"XX[X[1,0|1,2],X[1,0|2,2]]",32,"X[1,0|1,2]",35,"X[1,0|2,2]",4,"(3,5,3,8)",2627,"('A_X1','B_X1','A_X2','B_X2')"
2628,"XX[X[1,0|1,2],X[1,1|0,0]]",32,"X[1,0|1,2]",36,"X[1,1|0,0]",4,"(3,5,4,0)",2628,"('A_X1','B_X1','A_X2','B_X2')"
2629,"XX[X[1,0|1,2],X[1,1|0,1]]",32,"X[1,0|1,2]",37,"X[1,1|0,1]",4,"(3,5,4,1)",2629,"('A_X1','B_X1','A_X2','B_X2')"
2630,"XX[X[1,0|1,2],X[1,1|0,2]]",32,"X[1,0|1,2]",38,"X[1,1|0,2]",4,"(3,5,4,2)",2630,"('A_X1','B_X1','A_X2','B_X2')"
2631,"XX[X[1,0|1,2],X[1,1|1,0]]",32,"X[1,0|1,2]",39,"X[1,1|1,0]",4,"(3,5,4,3)",2631,"('A_X1','B_X1','A_X2','B_X2')"
2632,"XX[X[1,0|1,2],X[1,1|1,1]]",32,"X[1,0|1,2]",40,"X[1,1|1,1]",4,"(3,5,4,4)",2632,"('A_X1','B_X1','A_X2','B_X2')"
2633,"XX[X[1,0|1,2],X[1,1|1,2]]",32,"X[1,0|1,2]",41,"X[1,1|1,2]",4,"(3,5,4,5)",2633,"('A_X1','B_X1','A_X2','B_X2')"
2634,"XX[X[1,0|1,2],X[1,1|2,0]]",32,"X[1,0|1,2]",42,"X[1,1|2,0]",4,"(3,5,4,6)",2634,"('A_X1','B_X1','A_X2','B_X2')"
2635,"XX[X[1,0|1,2],X[1,1|2,1]]",32,"X[1,0|1,2]",43,"X[1,1|2,1]",4,"(3,5,4,7)",2635,"('A_X1','B_X1','A_X2','B_X2')"
2636,"XX[X[1,0|1,2],X[1,1|2,2]]",32,"X[1,0|1,2]",44,"X[1,1|2,2]",4,"(3,5,4,8)",2636,"('A_X1','B_X1','A_X2','B_X2')"
2637,"XX[X[1,0|1,2],X[1,2|0,0]]",32,"X[1,0|1,2]",45,"X[1,2|0,0]",4,"(3,5,5,0)",2637,"('A_X1','B_X1','A_X2','B_X2')"
2638,"XX[X[1,0|1,2],X[1,2|0,1]]",32,"X[1,0|1,2]",46,"X[1,2|0,1]",4,"(3,5,5,1)",2638,"('A_X1','B_X1','A_X2','B_X2')"
2639,"XX[X[1,0|1,2],X[1,2|0,2]]",32,"X[1,0|1,2]",47,"X[1,2|0,2]",4,"(3,5,5,2)",2639,"('A_X1','B_X1','A_X2','B_X2')"
2640,"XX[X[1,0|1,2],X[1,2|1,0]]",32,"X[1,0|1,2]",48,"X[1,2|1,0]",4,"(3,5,5,3)",2640,"('A_X1','B_X1','A_X2','B_X2')"
2641,"XX[X[1,0|1,2],X[1,2|1,1]]",32,"X[1,0|1,2]",49,"X[1,2|1,1]",4,"(3,5,5,4)",2641,"('A_X1','B_X1','A_X2','B_X2')"
2642,"XX[X[1,0|1,2],X[1,2|1,2]]",32,"X[1,0|1,2]",50,"X[1,2|1,2]",4,"(3,5,5,5)",2642,"('A_X1','B_X1','A_X2','B_X2')"
2643,"XX[X[1,0|1,2],X[1,2|2,0]]",32,"X[1,0|1,2]",51,"X[1,2|2,0]",4,"(3,5,5,6)",2643,"('A_X1','B_X1','A_X2','B_X2')"
2644,"XX[X[1,0|1,2],X[1,2|2,1]]",32,"X[1,0|1,2]",52,"X[1,2|2,1]",4,"(3,5,5,7)",2644,"('A_X1','B_X1','A_X2','B_X2')"
2645,"XX[X[1,0|1,2],X[1,2|2,2]]",32,"X[1,0|1,2]",53,"X[1,2|2,2]",4,"(3,5,5,8)",2645,"('A_X1','B_X1','A_X2','B_X2')"
2646,"XX[X[1,0|1,2],X[2,0|0,0]]",32,"X[1,0|1,2]",54,"X[2,0|0,0]",4,"(3,5,6,0)",2646,"('A_X1','B_X1','A_X2','B_X2')"
2647,"XX[X[1,0|1,2],X[2,0|0,1]]",32,"X[1,0|1,2]",55,"X[2,0|0,1]",4,"(3,5,6,1)",2647,"('A_X1','B_X1','A_X2','B_X2')"
2648,"XX[X[1,0|1,2],X[2,0|0,2]]",32,"X[1,0|1,2]",56,"X[2,0|0,2]",4,"(3,5,6,2)",2648,"('A_X1','B_X1','A_X2','B_X2')"
2649,"XX[X[1,0|1,2],X[2,0|1,0]]",32,"X[1,0|1,2]",57,"X[2,0|1,0]",4,"(3,5,6,3)",2649,"('A_X1','B_X1','A_X2','B_X2')"
2650,"XX[X[1,0|1,2],X[2,0|1,1]]",32,"X[1,0|1,2]",58,"X[2,0|1,1]",4,"(3,5,6,4)",2650,"('A_X1','B_X1','A_X2','B_X2')"
2651,"XX[X[1,0|1,2],X[2,0|1,2]]",32,"X[1,0|1,2]",59,"X[2,0|1,2]",4,"(3,5,6,5)",2651,"('A_X1','B_X1','A_X2','B_X2')"
2652,"XX[X[1,0|1,2],X[2,0|2,0]]",32,"X[1,0|1,2]",60,"X[2,0|2,0]",4,"(3,5,6,6)",2652,"('A_X1','B_X1','A_X2','B_X2')"
2653,"XX[X[1,0|1,2],X[2,0|2,1]]",32,"X[1,0|1,2]",61,"X[2,0|2,1]",4,"(3,5,6,7)",2653,"('A_X1','B_X1','A_X2','B_X2')"
2654,"XX[X[1,0|1,2],X[2,0|2,2]]",32,"X[1,0|1,2]",62,"X[2,0|2,2]",4,"(3,5,6,8)",2654,"('A_X1','B_X1','A_X2','B_X2')"
2655,"XX[X[1,0|1,2],X[2,1|0,0]]",32,"X[1,0|1,2]",63,"X[2,1|0,0]",4,"(3,5,7,0)",2655,"('A_X1','B_X1','A_X2','B_X2')"
2656,"XX[X[1,0|1,2],X[2,1|0,1]]",32,"X[1,0|1,2]",64,"X[2,1|0,1]",4,"(3,5,7,1)",2656,"('A_X1','B_X1','A_X2','B_X2')"
2657,"XX[X[1,0|1,2],X[2,1|0,2]]",32,"X[1,0|1,2]",65,"X[2,1|0,2]",4,"(3,5,7,2)",2657,"('A_X1','B_X1','A_X2','B_X2')"
2658,"XX[X[1,0|1,2],X[2,1|1,0]]",32,"X[1,0|1,2]",66,"X[2,1|1,0]",4,"(3,5,7,3)",2658,"('A_X1','B_X1','A_X2','B_X2')"
2659,"XX[X[1,0|1,2],X[2,1|1,1]]",32,"X[1,0|1,2]",67,"X[2,1|1,1]",4,"(3,5,7,4)",2659,"('A_X1','B_X1','A_X2','B_X2')"
2660,"XX[X[1,0|1,2],X[2,1|1,2]]",32,"X[1,0|1,2]",68,"X[2,1|1,2]",4,"(3,5,7,5)",2660,"('A_X1','B_X1','A_X2','B_X2')"
2661,"XX[X[1,0|1,2],X[2,1|2,0]]",32,"X[1,0|1,2]",69,"X[2,1|2,0]",4,"(3,5,7,6)",2661,"('A_X1','B_X1','A_X2','B_X2')"
2662,"XX[X[1,0|1,2],X[2,1|2,1]]",32,"X[1,0|1,2]",70,"X[2,1|2,1]",4,"(3,5,7,7)",2662,"('A_X1','B_X1','A_X2','B_X2')"
2663,"XX[X[1,0|1,2],X[2,1|2,2]]",32,"X[1,0|1,2]",71,"X[2,1|2,2]",4,"(3,5,7,8)",2663,"('A_X1','B_X1','A_X2','B_X2')"
2664,"XX[X[1,0|1,2],X[2,2|0,0]]",32,"X[1,0|1,2]",72,"X[2,2|0,0]",4,"(3,5,8,0)",2664,"('A_X1','B_X1','A_X2','B_X2')"
2665,"XX[X[1,0|1,2],X[2,2|0,1]]",32,"X[1,0|1,2]",73,"X[2,2|0,1]",4,"(3,5,8,1)",2665,"('A_X1','B_X1','A_X2','B_X2')"
2666,"XX[X[1,0|1,2],X[2,2|0,2]]",32,"X[1,0|1,2]",74,"X[2,2|0,2]",4,"(3,5,8,2)",2666,"('A_X1','B_X1','A_X2','B_X2')"
2667,"XX[X[1,0|1,2],X[2,2|1,0]]",32,"X[1,0|1,2]",75,"X[2,2|1,0]",4,"(3,5,8,3)",2667,"('A_X1','B_X1','A_X2','B_X2')"
2668,"XX[X[1,0|1,2],X[2,2|1,1]]",32,"X[1,0|1,2]",76,"X[2,2|1,1]",4,"(3,5,8,4)",2668,"('A_X1','B_X1','A_X2','B_X2')"
2669,"XX[X[1,0|1,2],X[2,2|1,2]]",32,"X[1,0|1,2]",77,"X[2,2|1,2]",4,"(3,5,8,5)",2669,"('A_X1','B_X1','A_X2','B_X2')"
2670,"XX[X[1,0|1,2],X[2,2|2,0]]",32,"X[1,0|1,2]",78,"X[2,2|2,0]",4,"(3,5,8,6)",2670,"('A_X1','B_X1','A_X2','B_X2')"
2671,"XX[X[1,0|1,2],X[2,2|2,1]]",32,"X[1,0|1,2]",79,"X[2,2|2,1]",4,"(3,5,8,7)",2671,"('A_X1','B_X1','A_X2','B_X2')"
2672,"XX[X[1,0|1,2],X[2,2|2,2]]",32,"X[1,0|1,2]",80,"X[2,2|2,2]",4,"(3,5,8,8)",2672,"('A_X1','B_X1','A_X2','B_X2')"
2673,"XX[X[1,0|2,0],X[0,0|0,0]]",33,"X[1,0|2,0]",0,"X[0,0|0,0]",4,"(3,6,0,0)",2673,"('A_X1','B_X1','A_X2','B_X2')"
2674,"XX[X[1,0|2,0],X[0,0|0,1]]",33,"X[1,0|2,0]",1,"X[0,0|0,1]",4,"(3,6,0,1)",2674,"('A_X1','B_X1','A_X2','B_X2')"
2675,"XX[X[1,0|2,0],X[0,0|0,2]]",33,"X[1,0|2,0]",2,"X[0,0|0,2]",4,"(3,6,0,2)",2675,"('A_X1','B_X1','A_X2','B_X2')"
2676,"XX[X[1,0|2,0],X[0,0|1,0]]",33,"X[1,0|2,0]",3,"X[0,0|1,0]",4,"(3,6,0,3)",2676,"('A_X1','B_X1','A_X2','B_X2')"
2677,"XX[X[1,0|2,0],X[0,0|1,1]]",33,"X[1,0|2,0]",4,"X[0,0|1,1]",4,"(3,6,0,4)",2677,"('A_X1','B_X1','A_X2','B_X2')"
2678,"XX[X[1,0|2,0],X[0,0|1,2]]",33,"X[1,0|2,0]",5,"X[0,0|1,2]",4,"(3,6,0,5)",2678,"('A_X1','B_X1','A_X2','B_X2')"
2679,"XX[X[1,0|2,0],X[0,0|2,0]]",33,"X[1,0|2,0]",6,"X[0,0|2,0]",4,"(3,6,0,6)",2679,"('A_X1','B_X1','A_X2','B_X2')"
2680,"XX[X[1,0|2,0],X[0,0|2,1]]",33,"X[1,0|2,0]",7,"X[0,0|2,1]",4,"(3,6,0,7)",2680,"('A_X1','B_X1','A_X2','B_X2')"
2681,"XX[X[1,0|2,0],X[0,0|2,2]]",33,"X[1,0|2,0]",8,"X[0,0|2,2]",4,"(3,6,0,8)",2681,"('A_X1','B_X1','A_X2','B_X2')"
2682,"XX[X[1,0|2,0],X[0,1|0,0]]",33,"X[1,0|2,0]",9,"X[0,1|0,0]",4,"(3,6,1,0)",2682,"('A_X1','B_X1','A_X2','B_X2')"
2683,"XX[X[1,0|2,0],X[0,1|0,1]]",33,"X[1,0|2,0]",10,"X[0,1|0,1]",4,"(3,6,1,1)",2683,"('A_X1','B_X1','A_X2','B_X2')"
2684,"XX[X[1,0|2,0],X[0,1|0,2]]",33,"X[1,0|2,0]",11,"X[0,1|0,2]",4,"(3,6,1,2)",2684,"('A_X1','B_X1','A_X2','B_X2')"
2685,"XX[X[1,0|2,0],X[0,1|1,0]]",33,"X[1,0|2,0]",12,"X[0,1|1,0]",4,"(3,6,1,3)",2685,"('A_X1','B_X1','A_X2','B_X2')"
2686,"XX[X[1,0|2,0],X[0,1|1,1]]",33,"X[1,0|2,0]",13,"X[0,1|1,1]",4,"(3,6,1,4)",2686,"('A_X1','B_X1','A_X2','B_X2')"
2687,"XX[X[1,0|2,0],X[0,1|1,2]]",33,"X[1,0|2,0]",14,"X[0,1|1,2]",4,"(3,6,1,5)",2687,"('A_X1','B_X1','A_X2','B_X2')"
2688,"XX[X[1,0|2,0],X[0,1|2,0]]",33,"X[1,0|2,0]",15,"X[0,1|2,0]",4,"(3,6,1,6)",2688,"('A_X1','B_X1','A_X2','B_X2')"
2689,"XX[X[1,0|2,0],X[0,1|2,1]]",33,"X[1,0|2,0]",16,"X[0,1|2,1]",4,"(3,6,1,7)",2689,"('A_X1','B_X1','A_X2','B_X2')"
2690,"XX[X[1,0|2,0],X[0,1|2,2]]",33,"X[1,0|2,0]",17,"X[0,1|2,2]",4,"(3,6,1,8)",2690,"('A_X1','B_X1','A_X2','B_X2')"
2691,"XX[X[1,0|2,0],X[0,2|0,0]]",33,"X[1,0|2,0]",18,"X[0,2|0,0]",4,"(3,6,2,0)",2691,"('A_X1','B_X1','A_X2','B_X2')"
2692,"XX[X[1,0|2,0],X[0,2|0,1]]",33,"X[1,0|2,0]",19,"X[0,2|0,1]",4,"(3,6,2,1)",2692,"('A_X1','B_X1','A_X2','B_X2')"
2693,"XX[X[1,0|2,0],X[0,2|0,2]]",33,"X[1,0|2,0]",20,"X[0,2|0,2]",4,"(3,6,2,2)",2693,"('A_X1','B_X1','A_X2','B_X2')"
2694,"XX[X[1,0|2,0],X[0,2|1,0]]",33,"X[1,0|2,0]",21,"X[0,2|1,0]",4,"(3,6,2,3)",2694,"('A_X1','B_X1','A_X2','B_X2')"
2695,"XX[X[1,0|2,0],X[0,2|1,1]]",33,"X[1,0|2,0]",22,"X[0,2|1,1]",4,"(3,6,2,4)",2695,"('A_X1','B_X1','A_X2','B_X2')"
2696,"XX[X[1,0|2,0],X[0,2|1,2]]",33,"X[1,0|2,0]",23,"X[0,2|1,2]",4,"(3,6,2,5)",2696,"('A_X1','B_X1','A_X2','B_X2')"
2697,"XX[X[1,0|2,0],X[0,2|2,0]]",33,"X[1,0|2,0]",24,"X[0,2|2,0]",4,"(3,6,2,6)",2697,"('A_X1','B_X1','A_X2','B_X2')"
2698,"XX[X[1,0|2,0],X[0,2|2,1]]",33,"X[1,0|2,0]",25,"X[0,2|2,1]",4,"(3,6,2,7)",2698,"('A_X1','B_X1','A_X2','B_X2')"
2699,"XX[X[1,0|2,0],X[0,2|2,2]]",33,"X[1,0|2,0]",26,"X[0,2|2,2]",4,"(3,6,2,8)",2699,"('A_X1','B_X1','A_X2','B_X2')"
2700,"XX[X[1,0|2,0],X[1,0|0,0]]",33,"X[1,0|2,0]",27,"X[1,0|0,0]",4,"(3,6,3,0)",2700,"('A_X1','B_X1','A_X2','B_X2')"
2701,"XX[X[1,0|2,0],X[1,0|0,1]]",33,"X[1,0|2,0]",28,"X[1,0|0,1]",4,"(3,6,3,1)",2701,"('A_X1','B_X1','A_X2','B_X2')"
2702,"XX[X[1,0|2,0],X[1,0|0,2]]",33,"X[1,0|2,0]",29,"X[1,0|0,2]",4,"(3,6,3,2)",2702,"('A_X1','B_X1','A_X2','B_X2')"
2703,"XX[X[1,0|2,0],X[1,0|1,0]]",33,"X[1,0|2,0]",30,"X[1,0|1,0]",4,"(3,6,3,3)",2703,"('A_X1','B_X1','A_X2','B_X2')"
2704,"XX[X[1,0|2,0],X[1,0|1,1]]",33,"X[1,0|2,0]",31,"X[1,0|1,1]",4,"(3,6,3,4)",2704,"('A_X1','B_X1','A_X2','B_X2')"
2705,"XX[X[1,0|2,0],X[1,0|1,2]]",33,"X[1,0|2,0]",32,"X[1,0|1,2]",4,"(3,6,3,5)",2705,"('A_X1','B_X1','A_X2','B_X2')"
2706,"XX[X[1,0|2,0],X[1,0|2,0]]",33,"X[1,0|2,0]",33,"X[1,0|2,0]",4,"(3,6,3,6)",2706,"('A_X1','B_X1','A_X2','B_X2')"
2707,"XX[X[1,0|2,0],X[1,0|2,1]]",33,"X[1,0|2,0]",34,"X[1,0|2,1]",4,"(3,6,3,7)",2707,"('A_X1','B_X1','A_X2','B_X2')"
2708,"XX[X[1,0|2,0],X[1,0|2,2]]",33,"X[1,0|2,0]",35,"X[1,0|2,2]",4,"(3,6,3,8)",2708,"('A_X1','B_X1','A_X2','B_X2')"
2709,"XX[X[1,0|2,0],X[1,1|0,0]]",33,"X[1,0|2,0]",36,"X[1,1|0,0]",4,"(3,6,4,0)",2709,"('A_X1','B_X1','A_X2','B_X2')"
2710,"XX[X[1,0|2,0],X[1,1|0,1]]",33,"X[1,0|2,0]",37,"X[1,1|0,1]",4,"(3,6,4,1)",2710,"('A_X1','B_X1','A_X2','B_X2')"
2711,"XX[X[1,0|2,0],X[1,1|0,2]]",33,"X[1,0|2,0]",38,"X[1,1|0,2]",4,"(3,6,4,2)",2711,"('A_X1','B_X1','A_X2','B_X2')"
2712,"XX[X[1,0|2,0],X[1,1|1,0]]",33,"X[1,0|2,0]",39,"X[1,1|1,0]",4,"(3,6,4,3)",2712,"('A_X1','B_X1','A_X2','B_X2')"
2713,"XX[X[1,0|2,0],X[1,1|1,1]]",33,"X[1,0|2,0]",40,"X[1,1|1,1]",4,"(3,6,4,4)",2713,"('A_X1','B_X1','A_X2','B_X2')"
2714,"XX[X[1,0|2,0],X[1,1|1,2]]",33,"X[1,0|2,0]",41,"X[1,1|1,2]",4,"(3,6,4,5)",2714,"('A_X1','B_X1','A_X2','B_X2')"
2715,"XX[X[1,0|2,0],X[1,1|2,0]]",33,"X[1,0|2,0]",42,"X[1,1|2,0]",4,"(3,6,4,6)",2715,"('A_X1','B_X1','A_X2','B_X2')"
2716,"XX[X[1,0|2,0],X[1,1|2,1]]",33,"X[1,0|2,0]",43,"X[1,1|2,1]",4,"(3,6,4,7)",2716,"('A_X1','B_X1','A_X2','B_X2')"
2717,"XX[X[1,0|2,0],X[1,1|2,2]]",33,"X[1,0|2,0]",44,"X[1,1|2,2]",4,"(3,6,4,8)",2717,"('A_X1','B_X1','A_X2','B_X2')"
2718,"XX[X[1,0|2,0],X[1,2|0,0]]",33,"X[1,0|2,0]",45,"X[1,2|0,0]",4,"(3,6,5,0)",2718,"('A_X1','B_X1','A_X2','B_X2')"
2719,"XX[X[1,0|2,0],X[1,2|0,1]]",33,"X[1,0|2,0]",46,"X[1,2|0,1]",4,"(3,6,5,1)",2719,"('A_X1','B_X1','A_X2','B_X2')"
2720,"XX[X[1,0|2,0],X[1,2|0,2]]",33,"X[1,0|2,0]",47,"X[1,2|0,2]",4,"(3,6,5,2)",2720,"('A_X1','B_X1','A_X2','B_X2')"
2721,"XX[X[1,0|2,0],X[1,2|1,0]]",33,"X[1,0|2,0]",48,"X[1,2|1,0]",4,"(3,6,5,3)",2721,"('A_X1','B_X1','A_X2','B_X2')"
2722,"XX[X[1,0|2,0],X[1,2|1,1]]",33,"X[1,0|2,0]",49,"X[1,2|1,1]",4,"(3,6,5,4)",2722,"('A_X1','B_X1','A_X2','B_X2')"
2723,"XX[X[1,0|2,0],X[1,2|1,2]]",33,"X[1,0|2,0]",50,"X[1,2|1,2]",4,"(3,6,5,5)",2723,"('A_X1','B_X1','A_X2','B_X2')"
2724,"XX[X[1,0|2,0],X[1,2|2,0]]",33,"X[1,0|2,0]",51,"X[1,2|2,0]",4,"(3,6,5,6)",2724,"('A_X1','B_X1','A_X2','B_X2')"
2725,"XX[X[1,0|2,0],X[1,2|2,1]]",33,"X[1,0|2,0]",52,"X[1,2|2,1]",4,"(3,6,5,7)",2725,"('A_X1','B_X1','A_X2','B_X2')"
2726,"XX[X[1,0|2,0],X[1,2|2,2]]",33,"X[1,0|2,0]",53,"X[1,2|2,2]",4,"(3,6,5,8)",2726,"('A_X1','B_X1','A_X2','B_X2')"
2727,"XX[X[1,0|2,0],X[2,0|0,0]]",33,"X[1,0|2,0]",54,"X[2,0|0,0]",4,"(3,6,6,0)",2727,"('A_X1','B_X1','A_X2','B_X2')"
2728,"XX[X[1,0|2,0],X[2,0|0,1]]",33,"X[1,0|2,0]",55,"X[2,0|0,1]",4,"(3,6,6,1)",2728,"('A_X1','B_X1','A_X2','B_X2')"
2729,"XX[X[1,0|2,0],X[2,0|0,2]]",33,"X[1,0|2,0]",56,"X[2,0|0,2]",4,"(3,6,6,2)",2729,"('A_X1','B_X1','A_X2','B_X2')"
2730,"XX[X[1,0|2,0],X[2,0|1,0]]",33,"X[1,0|2,0]",57,"X[2,0|1,0]",4,"(3,6,6,3)",2730,"('A_X1','B_X1','A_X2','B_X2')"
2731,"XX[X[1,0|2,0],X[2,0|1,1]]",33,"X[1,0|2,0]",58,"X[2,0|1,1]",4,"(3,6,6,4)",2731,"('A_X1','B_X1','A_X2','B_X2')"
2732,"XX[X[1,0|2,0],X[2,0|1,2]]",33,"X[1,0|2,0]",59,"X[2,0|1,2]",4,"(3,6,6,5)",2732,"('A_X1','B_X1','A_X2','B_X2')"
2733,"XX[X[1,0|2,0],X[2,0|2,0]]",33,"X[1,0|2,0]",60,"X[2,0|2,0]",4,"(3,6,6,6)",2733,"('A_X1','B_X1','A_X2','B_X2')"
2734,"XX[X[1,0|2,0],X[2,0|2,1]]",33,"X[1,0|2,0]",61,"X[2,0|2,1]",4,"(3,6,6,7)",2734,"('A_X1','B_X1','A_X2','B_X2')"
2735,"XX[X[1,0|2,0],X[2,0|2,2]]",33,"X[1,0|2,0]",62,"X[2,0|2,2]",4,"(3,6,6,8)",2735,"('A_X1','B_X1','A_X2','B_X2')"
2736,"XX[X[1,0|2,0],X[2,1|0,0]]",33,"X[1,0|2,0]",63,"X[2,1|0,0]",4,"(3,6,7,0)",2736,"('A_X1','B_X1','A_X2','B_X2')"
2737,"XX[X[1,0|2,0],X[2,1|0,1]]",33,"X[1,0|2,0]",64,"X[2,1|0,1]",4,"(3,6,7,1)",2737,"('A_X1','B_X1','A_X2','B_X2')"
2738,"XX[X[1,0|2,0],X[2,1|0,2]]",33,"X[1,0|2,0]",65,"X[2,1|0,2]",4,"(3,6,7,2)",2738,"('A_X1','B_X1','A_X2','B_X2')"
2739,"XX[X[1,0|2,0],X[2,1|1,0]]",33,"X[1,0|2,0]",66,"X[2,1|1,0]",4,"(3,6,7,3)",2739,"('A_X1','B_X1','A_X2','B_X2')"
2740,"XX[X[1,0|2,0],X[2,1|1,1]]",33,"X[1,0|2,0]",67,"X[2,1|1,1]",4,"(3,6,7,4)",2740,"('A_X1','B_X1','A_X2','B_X2')"
2741,"XX[X[1,0|2,0],X[2,1|1,2]]",33,"X[1,0|2,0]",68,"X[2,1|1,2]",4,"(3,6,7,5)",2741,"('A_X1','B_X1','A_X2','B_X2')"
2742,"XX[X[1,0|2,0],X[2,1|2,0]]",33,"X[1,0|2,0]",69,"X[2,1|2,0]",4,"(3,6,7,6)",2742,"('A_X1','B_X1','A_X2','B_X2')"
2743,"XX[X[1,0|2,0],X[2,1|2,1]]",33,"X[1,0|2,0]",70,"X[2,1|2,1]",4,"(3,6,7,7)",2743,"('A_X1','B_X1','A_X2','B_X2')"
2744,"XX[X[1,0|2,0],X[2,1|2,2]]",33,"X[1,0|2,0]",71,"X[2,1|2,2]",4,"(3,6,7,8)",2744,"('A_X1','B_X1','A_X2','B_X2')"
2745,"XX[X[1,0|2,0],X[2,2|0,0]]",33,"X[1,0|2,0]",72,"X[2,2|0,0]",4,"(3,6,8,0)",2745,"('A_X1','B_X1','A_X2','B_X2')"
2746,"XX[X[1,0|2,0],X[2,2|0,1]]",33,"X[1,0|2,0]",73,"X[2,2|0,1]",4,"(3,6,8,1)",2746,"('A_X1','B_X1','A_X2','B_X2')"
2747,"XX[X[1,0|2,0],X[2,2|0,2]]",33,"X[1,0|2,0]",74,"X[2,2|0,2]",4,"(3,6,8,2)",2747,"('A_X1','B_X1','A_X2','B_X2')"
2748,"XX[X[1,0|2,0],X[2,2|1,0]]",33,"X[1,0|2,0]",75,"X[2,2|1,0]",4,"(3,6,8,3)",2748,"('A_X1','B_X1','A_X2','B_X2')"
2749,"XX[X[1,0|2,0],X[2,2|1,1]]",33,"X[1,0|2,0]",76,"X[2,2|1,1]",4,"(3,6,8,4)",2749,"('A_X1','B_X1','A_X2','B_X2')"
2750,"XX[X[1,0|2,0],X[2,2|1,2]]",33,"X[1,0|2,0]",77,"X[2,2|1,2]",4,"(3,6,8,5)",2750,"('A_X1','B_X1','A_X2','B_X2')"
2751,"XX[X[1,0|2,0],X[2,2|2,0]]",33,"X[1,0|2,0]",78,"X[2,2|2,0]",4,"(3,6,8,6)",2751,"('A_X1','B_X1','A_X2','B_X2')"
2752,"XX[X[1,0|2,0],X[2,2|2,1]]",33,"X[1,0|2,0]",79,"X[2,2|2,1]",4,"(3,6,8,7)",2752,"('A_X1','B_X1','A_X2','B_X2')"
2753,"XX[X[1,0|2,0],X[2,2|2,2]]",33,"X[1,0|2,0]",80,"X[2,2|2,2]",4,"(3,6,8,8)",2753,"('A_X1','B_X1','A_X2','B_X2')"
2754,"XX[X[1,0|2,1],X[0,0|0,0]]",34,"X[1,0|2,1]",0,"X[0,0|0,0]",4,"(3,7,0,0)",2754,"('A_X1','B_X1','A_X2','B_X2')"
2755,"XX[X[1,0|2,1],X[0,0|0,1]]",34,"X[1,0|2,1]",1,"X[0,0|0,1]",4,"(3,7,0,1)",2755,"('A_X1','B_X1','A_X2','B_X2')"
2756,"XX[X[1,0|2,1],X[0,0|0,2]]",34,"X[1,0|2,1]",2,"X[0,0|0,2]",4,"(3,7,0,2)",2756,"('A_X1','B_X1','A_X2','B_X2')"
2757,"XX[X[1,0|2,1],X[0,0|1,0]]",34,"X[1,0|2,1]",3,"X[0,0|1,0]",4,"(3,7,0,3)",2757,"('A_X1','B_X1','A_X2','B_X2')"
2758,"XX[X[1,0|2,1],X[0,0|1,1]]",34,"X[1,0|2,1]",4,"X[0,0|1,1]",4,"(3,7,0,4)",2758,"('A_X1','B_X1','A_X2','B_X2')"
2759,"XX[X[1,0|2,1],X[0,0|1,2]]",34,"X[1,0|2,1]",5,"X[0,0|1,2]",4,"(3,7,0,5)",2759,"('A_X1','B_X1','A_X2','B_X2')"
2760,"XX[X[1,0|2,1],X[0,0|2,0]]",34,"X[1,0|2,1]",6,"X[0,0|2,0]",4,"(3,7,0,6)",2760,"('A_X1','B_X1','A_X2','B_X2')"
2761,"XX[X[1,0|2,1],X[0,0|2,1]]",34,"X[1,0|2,1]",7,"X[0,0|2,1]",4,"(3,7,0,7)",2761,"('A_X1','B_X1','A_X2','B_X2')"
2762,"XX[X[1,0|2,1],X[0,0|2,2]]",34,"X[1,0|2,1]",8,"X[0,0|2,2]",4,"(3,7,0,8)",2762,"('A_X1','B_X1','A_X2','B_X2')"
2763,"XX[X[1,0|2,1],X[0,1|0,0]]",34,"X[1,0|2,1]",9,"X[0,1|0,0]",4,"(3,7,1,0)",2763,"('A_X1','B_X1','A_X2','B_X2')"
2764,"XX[X[1,0|2,1],X[0,1|0,1]]",34,"X[1,0|2,1]",10,"X[0,1|0,1]",4,"(3,7,1,1)",2764,"('A_X1','B_X1','A_X2','B_X2')"
2765,"XX[X[1,0|2,1],X[0,1|0,2]]",34,"X[1,0|2,1]",11,"X[0,1|0,2]",4,"(3,7,1,2)",2765,"('A_X1','B_X1','A_X2','B_X2')"
2766,"XX[X[1,0|2,1],X[0,1|1,0]]",34,"X[1,0|2,1]",12,"X[0,1|1,0]",4,"(3,7,1,3)",2766,"('A_X1','B_X1','A_X2','B_X2')"
2767,"XX[X[1,0|2,1],X[0,1|1,1]]",34,"X[1,0|2,1]",13,"X[0,1|1,1]",4,"(3,7,1,4)",2767,"('A_X1','B_X1','A_X2','B_X2')"
2768,"XX[X[1,0|2,1],X[0,1|1,2]]",34,"X[1,0|2,1]",14,"X[0,1|1,2]",4,"(3,7,1,5)",2768,"('A_X1','B_X1','A_X2','B_X2')"
2769,"XX[X[1,0|2,1],X[0,1|2,0]]",34,"X[1,0|2,1]",15,"X[0,1|2,0]",4,"(3,7,1,6)",2769,"('A_X1','B_X1','A_X2','B_X2')"
2770,"XX[X[1,0|2,1],X[0,1|2,1]]",34,"X[1,0|2,1]",16,"X[0,1|2,1]",4,"(3,7,1,7)",2770,"('A_X1','B_X1','A_X2','B_X2')"
2771,"XX[X[1,0|2,1],X[0,1|2,2]]",34,"X[1,0|2,1]",17,"X[0,1|2,2]",4,"(3,7,1,8)",2771,"('A_X1','B_X1','A_X2','B_X2')"
2772,"XX[X[1,0|2,1],X[0,2|0,0]]",34,"X[1,0|2,1]",18,"X[0,2|0,0]",4,"(3,7,2,0)",2772,"('A_X1','B_X1','A_X2','B_X2')"
2773,"XX[X[1,0|2,1],X[0,2|0,1]]",34,"X[1,0|2,1]",19,"X[0,2|0,1]",4,"(3,7,2,1)",2773,"('A_X1','B_X1','A_X2','B_X2')"
2774,"XX[X[1,0|2,1],X[0,2|0,2]]",34,"X[1,0|2,1]",20,"X[0,2|0,2]",4,"(3,7,2,2)",2774,"('A_X1','B_X1','A_X2','B_X2')"
2775,"XX[X[1,0|2,1],X[0,2|1,0]]",34,"X[1,0|2,1]",21,"X[0,2|1,0]",4,"(3,7,2,3)",2775,"('A_X1','B_X1','A_X2','B_X2')"
2776,"XX[X[1,0|2,1],X[0,2|1,1]]",34,"X[1,0|2,1]",22,"X[0,2|1,1]",4,"(3,7,2,4)",2776,"('A_X1','B_X1','A_X2','B_X2')"
2777,"XX[X[1,0|2,1],X[0,2|1,2]]",34,"X[1,0|2,1]",23,"X[0,2|1,2]",4,"(3,7,2,5)",2777,"('A_X1','B_X1','A_X2','B_X2')"
2778,"XX[X[1,0|2,1],X[0,2|2,0]]",34,"X[1,0|2,1]",24,"X[0,2|2,0]",4,"(3,7,2,6)",2778,"('A_X1','B_X1','A_X2','B_X2')"
2779,"XX[X[1,0|2,1],X[0,2|2,1]]",34,"X[1,0|2,1]",25,"X[0,2|2,1]",4,"(3,7,2,7)",2779,"('A_X1','B_X1','A_X2','B_X2')"
2780,"XX[X[1,0|2,1],X[0,2|2,2]]",34,"X[1,0|2,1]",26,"X[0,2|2,2]",4,"(3,7,2,8)",2780,"('A_X1','B_X1','A_X2','B_X2')"
2781,"XX[X[1,0|2,1],X[1,0|0,0]]",34,"X[1,0|2,1]",27,"X[1,0|0,0]",4,"(3,7,3,0)",2781,"('A_X1','B_X1','A_X2','B_X2')"
2782,"XX[X[1,0|2,1],X[1,0|0,1]]",34,"X[1,0|2,1]",28,"X[1,0|0,1]",4,"(3,7,3,1)",2782,"('A_X1','B_X1','A_X2','B_X2')"
2783,"XX[X[1,0|2,1],X[1,0|0,2]]",34,"X[1,0|2,1]",29,"X[1,0|0,2]",4,"(3,7,3,2)",2783,"('A_X1','B_X1','A_X2','B_X2')"
2784,"XX[X[1,0|2,1],X[1,0|1,0]]",34,"X[1,0|2,1]",30,"X[1,0|1,0]",4,"(3,7,3,3)",2784,"('A_X1','B_X1','A_X2','B_X2')"
2785,"XX[X[1,0|2,1],X[1,0|1,1]]",34,"X[1,0|2,1]",31,"X[1,0|1,1]",4,"(3,7,3,4)",2785,"('A_X1','B_X1','A_X2','B_X2')"
2786,"XX[X[1,0|2,1],X[1,0|1,2]]",34,"X[1,0|2,1]",32,"X[1,0|1,2]",4,"(3,7,3,5)",2786,"('A_X1','B_X1','A_X2','B_X2')"
2787,"XX[X[1,0|2,1],X[1,0|2,0]]",34,"X[1,0|2,1]",33,"X[1,0|2,0]",4,"(3,7,3,6)",2787,"('A_X1','B_X1','A_X2','B_X2')"
2788,"XX[X[1,0|2,1],X[1,0|2,1]]",34,"X[1,0|2,1]",34,"X[1,0|2,1]",4,"(3,7,3,7)",2788,"('A_X1','B_X1','A_X2','B_X2')"
2789,"XX[X[1,0|2,1],X[1,0|2,2]]",34,"X[1,0|2,1]",35,"X[1,0|2,2]",4,"(3,7,3,8)",2789,"('A_X1','B_X1','A_X2','B_X2')"
2790,"XX[X[1,0|2,1],X[1,1|0,0]]",34,"X[1,0|2,1]",36,"X[1,1|0,0]",4,"(3,7,4,0)",2790,"('A_X1','B_X1','A_X2','B_X2')"
2791,"XX[X[1,0|2,1],X[1,1|0,1]]",34,"X[1,0|2,1]",37,"X[1,1|0,1]",4,"(3,7,4,1)",2791,"('A_X1','B_X1','A_X2','B_X2')"
2792,"XX[X[1,0|2,1],X[1,1|0,2]]",34,"X[1,0|2,1]",38,"X[1,1|0,2]",4,"(3,7,4,2)",2792,"('A_X1','B_X1','A_X2','B_X2')"
2793,"XX[X[1,0|2,1],X[1,1|1,0]]",34,"X[1,0|2,1]",39,"X[1,1|1,0]",4,"(3,7,4,3)",2793,"('A_X1','B_X1','A_X2','B_X2')"
2794,"XX[X[1,0|2,1],X[1,1|1,1]]",34,"X[1,0|2,1]",40,"X[1,1|1,1]",4,"(3,7,4,4)",2794,"('A_X1','B_X1','A_X2','B_X2')"
2795,"XX[X[1,0|2,1],X[1,1|1,2]]",34,"X[1,0|2,1]",41,"X[1,1|1,2]",4,"(3,7,4,5)",2795,"('A_X1','B_X1','A_X2','B_X2')"
2796,"XX[X[1,0|2,1],X[1,1|2,0]]",34,"X[1,0|2,1]",42,"X[1,1|2,0]",4,"(3,7,4,6)",2796,"('A_X1','B_X1','A_X2','B_X2')"
2797,"XX[X[1,0|2,1],X[1,1|2,1]]",34,"X[1,0|2,1]",43,"X[1,1|2,1]",4,"(3,7,4,7)",2797,"('A_X1','B_X1','A_X2','B_X2')"
2798,"XX[X[1,0|2,1],X[1,1|2,2]]",34,"X[1,0|2,1]",44,"X[1,1|2,2]",4,"(3,7,4,8)",2798,"('A_X1','B_X1','A_X2','B_X2')"
2799,"XX[X[1,0|2,1],X[1,2|0,0]]",34,"X[1,0|2,1]",45,"X[1,2|0,0]",4,"(3,7,5,0)",2799,"('A_X1','B_X1','A_X2','B_X2')"
2800,"XX[X[1,0|2,1],X[1,2|0,1]]",34,"X[1,0|2,1]",46,"X[1,2|0,1]",4,"(3,7,5,1)",2800,"('A_X1','B_X1','A_X2','B_X2')"
2801,"XX[X[1,0|2,1],X[1,2|0,2]]",34,"X[1,0|2,1]",47,"X[1,2|0,2]",4,"(3,7,5,2)",2801,"('A_X1','B_X1','A_X2','B_X2')"
2802,"XX[X[1,0|2,1],X[1,2|1,0]]",34,"X[1,0|2,1]",48,"X[1,2|1,0]",4,"(3,7,5,3)",2802,"('A_X1','B_X1','A_X2','B_X2')"
2803,"XX[X[1,0|2,1],X[1,2|1,1]]",34,"X[1,0|2,1]",49,"X[1,2|1,1]",4,"(3,7,5,4)",2803,"('A_X1','B_X1','A_X2','B_X2')"
2804,"XX[X[1,0|2,1],X[1,2|1,2]]",34,"X[1,0|2,1]",50,"X[1,2|1,2]",4,"(3,7,5,5)",2804,"('A_X1','B_X1','A_X2','B_X2')"
2805,"XX[X[1,0|2,1],X[1,2|2,0]]",34,"X[1,0|2,1]",51,"X[1,2|2,0]",4,"(3,7,5,6)",2805,"('A_X1','B_X1','A_X2','B_X2')"
2806,"XX[X[1,0|2,1],X[1,2|2,1]]",34,"X[1,0|2,1]",52,"X[1,2|2,1]",4,"(3,7,5,7)",2806,"('A_X1','B_X1','A_X2','B_X2')"
2807,"XX[X[1,0|2,1],X[1,2|2,2]]",34,"X[1,0|2,1]",53,"X[1,2|2,2]",4,"(3,7,5,8)",2807,"('A_X1','B_X1','A_X2','B_X2')"
2808,"XX[X[1,0|2,1],X[2,0|0,0]]",34,"X[1,0|2,1]",54,"X[2,0|0,0]",4,"(3,7,6,0)",2808,"('A_X1','B_X1','A_X2','B_X2')"
2809,"XX[X[1,0|2,1],X[2,0|0,1]]",34,"X[1,0|2,1]",55,"X[2,0|0,1]",4,"(3,7,6,1)",2809,"('A_X1','B_X1','A_X2','B_X2')"
2810,"XX[X[1,0|2,1],X[2,0|0,2]]",34,"X[1,0|2,1]",56,"X[2,0|0,2]",4,"(3,7,6,2)",2810,"('A_X1','B_X1','A_X2','B_X2')"
2811,"XX[X[1,0|2,1],X[2,0|1,0]]",34,"X[1,0|2,1]",57,"X[2,0|1,0]",4,"(3,7,6,3)",2811,"('A_X1','B_X1','A_X2','B_X2')"
2812,"XX[X[1,0|2,1],X[2,0|1,1]]",34,"X[1,0|2,1]",58,"X[2,0|1,1]",4,"(3,7,6,4)",2812,"('A_X1','B_X1','A_X2','B_X2')"
2813,"XX[X[1,0|2,1],X[2,0|1,2]]",34,"X[1,0|2,1]",59,"X[2,0|1,2]",4,"(3,7,6,5)",2813,"('A_X1','B_X1','A_X2','B_X2')"
2814,"XX[X[1,0|2,1],X[2,0|2,0]]",34,"X[1,0|2,1]",60,"X[2,0|2,0]",4,"(3,7,6,6)",2814,"('A_X1','B_X1','A_X2','B_X2')"
2815,"XX[X[1,0|2,1],X[2,0|2,1]]",34,"X[1,0|2,1]",61,"X[2,0|2,1]",4,"(3,7,6,7)",2815,"('A_X1','B_X1','A_X2','B_X2')"
2816,"XX[X[1,0|2,1],X[2,0|2,2]]",34,"X[1,0|2,1]",62,"X[2,0|2,2]",4,"(3,7,6,8)",2816,"('A_X1','B_X1','A_X2','B_X2')"
2817,"XX[X[1,0|2,1],X[2,1|0,0]]",34,"X[1,0|2,1]",63,"X[2,1|0,0]",4,"(3,7,7,0)",2817,"('A_X1','B_X1','A_X2','B_X2')"
2818,"XX[X[1,0|2,1],X[2,1|0,1]]",34,"X[1,0|2,1]",64,"X[2,1|0,1]",4,"(3,7,7,1)",2818,"('A_X1','B_X1','A_X2','B_X2')"
2819,"XX[X[1,0|2,1],X[2,1|0,2]]",34,"X[1,0|2,1]",65,"X[2,1|0,2]",4,"(3,7,7,2)",2819,"('A_X1','B_X1','A_X2','B_X2')"
2820,"XX[X[1,0|2,1],X[2,1|1,0]]",34,"X[1,0|2,1]",66,"X[2,1|1,0]",4,"(3,7,7,3)",2820,"('A_X1','B_X1','A_X2','B_X2')"
2821,"XX[X[1,0|2,1],X[2,1|1,1]]",34,"X[1,0|2,1]",67,"X[2,1|1,1]",4,"(3,7,7,4)",2821,"('A_X1','B_X1','A_X2','B_X2')"
2822,"XX[X[1,0|2,1],X[2,1|1,2]]",34,"X[1,0|2,1]",68,"X[2,1|1,2]",4,"(3,7,7,5)",2822,"('A_X1','B_X1','A_X2','B_X2')"
2823,"XX[X[1,0|2,1],X[2,1|2,0]]",34,"X[1,0|2,1]",69,"X[2,1|2,0]",4,"(3,7,7,6)",2823,"('A_X1','B_X1','A_X2','B_X2')"
2824,"XX[X[1,0|2,1],X[2,1|2,1]]",34,"X[1,0|2,1]",70,"X[2,1|2,1]",4,"(3,7,7,7)",2824,"('A_X1','B_X1','A_X2','B_X2')"
2825,"XX[X[1,0|2,1],X[2,1|2,2]]",34,"X[1,0|2,1]",71,"X[2,1|2,2]",4,"(3,7,7,8)",2825,"('A_X1','B_X1','A_X2','B_X2')"
2826,"XX[X[1,0|2,1],X[2,2|0,0]]",34,"X[1,0|2,1]",72,"X[2,2|0,0]",4,"(3,7,8,0)",2826,"('A_X1','B_X1','A_X2','B_X2')"
2827,"XX[X[1,0|2,1],X[2,2|0,1]]",34,"X[1,0|2,1]",73,"X[2,2|0,1]",4,"(3,7,8,1)",2827,"('A_X1','B_X1','A_X2','B_X2')"
2828,"XX[X[1,0|2,1],X[2,2|0,2]]",34,"X[1,0|2,1]",74,"X[2,2|0,2]",4,"(3,7,8,2)",2828,"('A_X1','B_X1','A_X2','B_X2')"
2829,"XX[X[1,0|2,1],X[2,2|1,0]]",34,"X[1,0|2,1]",75,"X[2,2|1,0]",4,"(3,7,8,3)",2829,"('A_X1','B_X1','A_X2','B_X2')"
2830,"XX[X[1,0|2,1],X[2,2|1,1]]",34,"X[1,0|2,1]",76,"X[2,2|1,1]",4,"(3,7,8,4)",2830,"('A_X1','B_X1','A_X2','B_X2')"
2831,"XX[X[1,0|2,1],X[2,2|1,2]]",34,"X[1,0|2,1]",77,"X[2,2|1,2]",4,"(3,7,8,5)",2831,"('A_X1','B_X1','A_X2','B_X2')"
2832,"XX[X[1,0|2,1],X[2,2|2,0]]",34,"X[1,0|2,1]",78,"X[2,2|2,0]",4,"(3,7,8,6)",2832,"('A_X1','B_X1','A_X2','B_X2')"
2833,"XX[X[1,0|2,1],X[2,2|2,1]]",34,"X[1,0|2,1]",79,"X[2,2|2,1]",4,"(3,7,8,7)",2833,"('A_X1','B_X1','A_X2','B_X2')"
2834,"XX[X[1,0|2,1],X[2,2|2,2]]",34,"X[1,0|2,1]",80,"X[2,2|2,2]",4,"(3,7,8,8)",2834,"('A_X1','B_X1','A_X2','B_X2')"
2835,"XX[X[1,0|2,2],X[0,0|0,0]]",35,"X[1,0|2,2]",0,"X[0,0|0,0]",4,"(3,8,0,0)",2835,"('A_X1','B_X1','A_X2','B_X2')"
2836,"XX[X[1,0|2,2],X[0,0|0,1]]",35,"X[1,0|2,2]",1,"X[0,0|0,1]",4,"(3,8,0,1)",2836,"('A_X1','B_X1','A_X2','B_X2')"
2837,"XX[X[1,0|2,2],X[0,0|0,2]]",35,"X[1,0|2,2]",2,"X[0,0|0,2]",4,"(3,8,0,2)",2837,"('A_X1','B_X1','A_X2','B_X2')"
2838,"XX[X[1,0|2,2],X[0,0|1,0]]",35,"X[1,0|2,2]",3,"X[0,0|1,0]",4,"(3,8,0,3)",2838,"('A_X1','B_X1','A_X2','B_X2')"
2839,"XX[X[1,0|2,2],X[0,0|1,1]]",35,"X[1,0|2,2]",4,"X[0,0|1,1]",4,"(3,8,0,4)",2839,"('A_X1','B_X1','A_X2','B_X2')"
2840,"XX[X[1,0|2,2],X[0,0|1,2]]",35,"X[1,0|2,2]",5,"X[0,0|1,2]",4,"(3,8,0,5)",2840,"('A_X1','B_X1','A_X2','B_X2')"
2841,"XX[X[1,0|2,2],X[0,0|2,0]]",35,"X[1,0|2,2]",6,"X[0,0|2,0]",4,"(3,8,0,6)",2841,"('A_X1','B_X1','A_X2','B_X2')"
2842,"XX[X[1,0|2,2],X[0,0|2,1]]",35,"X[1,0|2,2]",7,"X[0,0|2,1]",4,"(3,8,0,7)",2842,"('A_X1','B_X1','A_X2','B_X2')"
2843,"XX[X[1,0|2,2],X[0,0|2,2]]",35,"X[1,0|2,2]",8,"X[0,0|2,2]",4,"(3,8,0,8)",2843,"('A_X1','B_X1','A_X2','B_X2')"
2844,"XX[X[1,0|2,2],X[0,1|0,0]]",35,"X[1,0|2,2]",9,"X[0,1|0,0]",4,"(3,8,1,0)",2844,"('A_X1','B_X1','A_X2','B_X2')"
2845,"XX[X[1,0|2,2],X[0,1|0,1]]",35,"X[1,0|2,2]",10,"X[0,1|0,1]",4,"(3,8,1,1)",2845,"('A_X1','B_X1','A_X2','B_X2')"
2846,"XX[X[1,0|2,2],X[0,1|0,2]]",35,"X[1,0|2,2]",11,"X[0,1|0,2]",4,"(3,8,1,2)",2846,"('A_X1','B_X1','A_X2','B_X2')"
2847,"XX[X[1,0|2,2],X[0,1|1,0]]",35,"X[1,0|2,2]",12,"X[0,1|1,0]",4,"(3,8,1,3)",2847,"('A_X1','B_X1','A_X2','B_X2')"
2848,"XX[X[1,0|2,2],X[0,1|1,1]]",35,"X[1,0|2,2]",13,"X[0,1|1,1]",4,"(3,8,1,4)",2848,"('A_X1','B_X1','A_X2','B_X2')"
2849,"XX[X[1,0|2,2],X[0,1|1,2]]",35,"X[1,0|2,2]",14,"X[0,1|1,2]",4,"(3,8,1,5)",2849,"('A_X1','B_X1','A_X2','B_X2')"
2850,"XX[X[1,0|2,2],X[0,1|2,0]]",35,"X[1,0|2,2]",15,"X[0,1|2,0]",4,"(3,8,1,6)",2850,"('A_X1','B_X1','A_X2','B_X2')"
2851,"XX[X[1,0|2,2],X[0,1|2,1]]",35,"X[1,0|2,2]",16,"X[0,1|2,1]",4,"(3,8,1,7)",2851,"('A_X1','B_X1','A_X2','B_X2')"
2852,"XX[X[1,0|2,2],X[0,1|2,2]]",35,"X[1,0|2,2]",17,"X[0,1|2,2]",4,"(3,8,1,8)",2852,"('A_X1','B_X1','A_X2','B_X2')"
2853,"XX[X[1,0|2,2],X[0,2|0,0]]",35,"X[1,0|2,2]",18,"X[0,2|0,0]",4,"(3,8,2,0)",2853,"('A_X1','B_X1','A_X2','B_X2')"
2854,"XX[X[1,0|2,2],X[0,2|0,1]]",35,"X[1,0|2,2]",19,"X[0,2|0,1]",4,"(3,8,2,1)",2854,"('A_X1','B_X1','A_X2','B_X2')"
2855,"XX[X[1,0|2,2],X[0,2|0,2]]",35,"X[1,0|2,2]",20,"X[0,2|0,2]",4,"(3,8,2,2)",2855,"('A_X1','B_X1','A_X2','B_X2')"
2856,"XX[X[1,0|2,2],X[0,2|1,0]]",35,"X[1,0|2,2]",21,"X[0,2|1,0]",4,"(3,8,2,3)",2856,"('A_X1','B_X1','A_X2','B_X2')"
2857,"XX[X[1,0|2,2],X[0,2|1,1]]",35,"X[1,0|2,2]",22,"X[0,2|1,1]",4,"(3,8,2,4)",2857,"('A_X1','B_X1','A_X2','B_X2')"
2858,"XX[X[1,0|2,2],X[0,2|1,2]]",35,"X[1,0|2,2]",23,"X[0,2|1,2]",4,"(3,8,2,5)",2858,"('A_X1','B_X1','A_X2','B_X2')"
2859,"XX[X[1,0|2,2],X[0,2|2,0]]",35,"X[1,0|2,2]",24,"X[0,2|2,0]",4,"(3,8,2,6)",2859,"('A_X1','B_X1','A_X2','B_X2')"
2860,"XX[X[1,0|2,2],X[0,2|2,1]]",35,"X[1,0|2,2]",25,"X[0,2|2,1]",4,"(3,8,2,7)",2860,"('A_X1','B_X1','A_X2','B_X2')"
2861,"XX[X[1,0|2,2],X[0,2|2,2]]",35,"X[1,0|2,2]",26,"X[0,2|2,2]",4,"(3,8,2,8)",2861,"('A_X1','B_X1','A_X2','B_X2')"
2862,"XX[X[1,0|2,2],X[1,0|0,0]]",35,"X[1,0|2,2]",27,"X[1,0|0,0]",4,"(3,8,3,0)",2862,"('A_X1','B_X1','A_X2','B_X2')"
2863,"XX[X[1,0|2,2],X[1,0|0,1]]",35,"X[1,0|2,2]",28,"X[1,0|0,1]",4,"(3,8,3,1)",2863,"('A_X1','B_X1','A_X2','B_X2')"
2864,"XX[X[1,0|2,2],X[1,0|0,2]]",35,"X[1,0|2,2]",29,"X[1,0|0,2]",4,"(3,8,3,2)",2864,"('A_X1','B_X1','A_X2','B_X2')"
2865,"XX[X[1,0|2,2],X[1,0|1,0]]",35,"X[1,0|2,2]",30,"X[1,0|1,0]",4,"(3,8,3,3)",2865,"('A_X1','B_X1','A_X2','B_X2')"
2866,"XX[X[1,0|2,2],X[1,0|1,1]]",35,"X[1,0|2,2]",31,"X[1,0|1,1]",4,"(3,8,3,4)",2866,"('A_X1','B_X1','A_X2','B_X2')"
2867,"XX[X[1,0|2,2],X[1,0|1,2]]",35,"X[1,0|2,2]",32,"X[1,0|1,2]",4,"(3,8,3,5)",2867,"('A_X1','B_X1','A_X2','B_X2')"
2868,"XX[X[1,0|2,2],X[1,0|2,0]]",35,"X[1,0|2,2]",33,"X[1,0|2,0]",4,"(3,8,3,6)",2868,"('A_X1','B_X1','A_X2','B_X2')"
2869,"XX[X[1,0|2,2],X[1,0|2,1]]",35,"X[1,0|2,2]",34,"X[1,0|2,1]",4,"(3,8,3,7)",2869,"('A_X1','B_X1','A_X2','B_X2')"
2870,"XX[X[1,0|2,2],X[1,0|2,2]]",35,"X[1,0|2,2]",35,"X[1,0|2,2]",4,"(3,8,3,8)",2870,"('A_X1','B_X1','A_X2','B_X2')"
2871,"XX[X[1,0|2,2],X[1,1|0,0]]",35,"X[1,0|2,2]",36,"X[1,1|0,0]",4,"(3,8,4,0)",2871,"('A_X1','B_X1','A_X2','B_X2')"
2872,"XX[X[1,0|2,2],X[1,1|0,1]]",35,"X[1,0|2,2]",37,"X[1,1|0,1]",4,"(3,8,4,1)",2872,"('A_X1','B_X1','A_X2','B_X2')"
2873,"XX[X[1,0|2,2],X[1,1|0,2]]",35,"X[1,0|2,2]",38,"X[1,1|0,2]",4,"(3,8,4,2)",2873,"('A_X1','B_X1','A_X2','B_X2')"
2874,"XX[X[1,0|2,2],X[1,1|1,0]]",35,"X[1,0|2,2]",39,"X[1,1|1,0]",4,"(3,8,4,3)",2874,"('A_X1','B_X1','A_X2','B_X2')"
2875,"XX[X[1,0|2,2],X[1,1|1,1]]",35,"X[1,0|2,2]",40,"X[1,1|1,1]",4,"(3,8,4,4)",2875,"('A_X1','B_X1','A_X2','B_X2')"
2876,"XX[X[1,0|2,2],X[1,1|1,2]]",35,"X[1,0|2,2]",41,"X[1,1|1,2]",4,"(3,8,4,5)",2876,"('A_X1','B_X1','A_X2','B_X2')"
2877,"XX[X[1,0|2,2],X[1,1|2,0]]",35,"X[1,0|2,2]",42,"X[1,1|2,0]",4,"(3,8,4,6)",2877,"('A_X1','B_X1','A_X2','B_X2')"
2878,"XX[X[1,0|2,2],X[1,1|2,1]]",35,"X[1,0|2,2]",43,"X[1,1|2,1]",4,"(3,8,4,7)",2878,"('A_X1','B_X1','A_X2','B_X2')"
2879,"XX[X[1,0|2,2],X[1,1|2,2]]",35,"X[1,0|2,2]",44,"X[1,1|2,2]",4,"(3,8,4,8)",2879,"('A_X1','B_X1','A_X2','B_X2')"
2880,"XX[X[1,0|2,2],X[1,2|0,0]]",35,"X[1,0|2,2]",45,"X[1,2|0,0]",4,"(3,8,5,0)",2880,"('A_X1','B_X1','A_X2','B_X2')"
2881,"XX[X[1,0|2,2],X[1,2|0,1]]",35,"X[1,0|2,2]",46,"X[1,2|0,1]",4,"(3,8,5,1)",2881,"('A_X1','B_X1','A_X2','B_X2')"
2882,"XX[X[1,0|2,2],X[1,2|0,2]]",35,"X[1,0|2,2]",47,"X[1,2|0,2]",4,"(3,8,5,2)",2882,"('A_X1','B_X1','A_X2','B_X2')"
2883,"XX[X[1,0|2,2],X[1,2|1,0]]",35,"X[1,0|2,2]",48,"X[1,2|1,0]",4,"(3,8,5,3)",2883,"('A_X1','B_X1','A_X2','B_X2')"
2884,"XX[X[1,0|2,2],X[1,2|1,1]]",35,"X[1,0|2,2]",49,"X[1,2|1,1]",4,"(3,8,5,4)",2884,"('A_X1','B_X1','A_X2','B_X2')"
2885,"XX[X[1,0|2,2],X[1,2|1,2]]",35,"X[1,0|2,2]",50,"X[1,2|1,2]",4,"(3,8,5,5)",2885,"('A_X1','B_X1','A_X2','B_X2')"
2886,"XX[X[1,0|2,2],X[1,2|2,0]]",35,"X[1,0|2,2]",51,"X[1,2|2,0]",4,"(3,8,5,6)",2886,"('A_X1','B_X1','A_X2','B_X2')"
2887,"XX[X[1,0|2,2],X[1,2|2,1]]",35,"X[1,0|2,2]",52,"X[1,2|2,1]",4,"(3,8,5,7)",2887,"('A_X1','B_X1','A_X2','B_X2')"
2888,"XX[X[1,0|2,2],X[1,2|2,2]]",35,"X[1,0|2,2]",53,"X[1,2|2,2]",4,"(3,8,5,8)",2888,"('A_X1','B_X1','A_X2','B_X2')"
2889,"XX[X[1,0|2,2],X[2,0|0,0]]",35,"X[1,0|2,2]",54,"X[2,0|0,0]",4,"(3,8,6,0)",2889,"('A_X1','B_X1','A_X2','B_X2')"
2890,"XX[X[1,0|2,2],X[2,0|0,1]]",35,"X[1,0|2,2]",55,"X[2,0|0,1]",4,"(3,8,6,1)",2890,"('A_X1','B_X1','A_X2','B_X2')"
2891,"XX[X[1,0|2,2],X[2,0|0,2]]",35,"X[1,0|2,2]",56,"X[2,0|0,2]",4,"(3,8,6,2)",2891,"('A_X1','B_X1','A_X2','B_X2')"
2892,"XX[X[1,0|2,2],X[2,0|1,0]]",35,"X[1,0|2,2]",57,"X[2,0|1,0]",4,"(3,8,6,3)",2892,"('A_X1','B_X1','A_X2','B_X2')"
2893,"XX[X[1,0|2,2],X[2,0|1,1]]",35,"X[1,0|2,2]",58,"X[2,0|1,1]",4,"(3,8,6,4)",2893,"('A_X1','B_X1','A_X2','B_X2')"
2894,"XX[X[1,0|2,2],X[2,0|1,2]]",35,"X[1,0|2,2]",59,"X[2,0|1,2]",4,"(3,8,6,5)",2894,"('A_X1','B_X1','A_X2','B_X2')"
2895,"XX[X[1,0|2,2],X[2,0|2,0]]",35,"X[1,0|2,2]",60,"X[2,0|2,0]",4,"(3,8,6,6)",2895,"('A_X1','B_X1','A_X2','B_X2')"
2896,"XX[X[1,0|2,2],X[2,0|2,1]]",35,"X[1,0|2,2]",61,"X[2,0|2,1]",4,"(3,8,6,7)",2896,"('A_X1','B_X1','A_X2','B_X2')"
2897,"XX[X[1,0|2,2],X[2,0|2,2]]",35,"X[1,0|2,2]",62,"X[2,0|2,2]",4,"(3,8,6,8)",2897,"('A_X1','B_X1','A_X2','B_X2')"
2898,"XX[X[1,0|2,2],X[2,1|0,0]]",35,"X[1,0|2,2]",63,"X[2,1|0,0]",4,"(3,8,7,0)",2898,"('A_X1','B_X1','A_X2','B_X2')"
2899,"XX[X[1,0|2,2],X[2,1|0,1]]",35,"X[1,0|2,2]",64,"X[2,1|0,1]",4,"(3,8,7,1)",2899,"('A_X1','B_X1','A_X2','B_X2')"
2900,"XX[X[1,0|2,2],X[2,1|0,2]]",35,"X[1,0|2,2]",65,"X[2,1|0,2]",4,"(3,8,7,2)",2900,"('A_X1','B_X1','A_X2','B_X2')"
2901,"XX[X[1,0|2,2],X[2,1|1,0]]",35,"X[1,0|2,2]",66,"X[2,1|1,0]",4,"(3,8,7,3)",2901,"('A_X1','B_X1','A_X2','B_X2')"
2902,"XX[X[1,0|2,2],X[2,1|1,1]]",35,"X[1,0|2,2]",67,"X[2,1|1,1]",4,"(3,8,7,4)",2902,"('A_X1','B_X1','A_X2','B_X2')"
2903,"XX[X[1,0|2,2],X[2,1|1,2]]",35,"X[1,0|2,2]",68,"X[2,1|1,2]",4,"(3,8,7,5)",2903,"('A_X1','B_X1','A_X2','B_X2')"
2904,"XX[X[1,0|2,2],X[2,1|2,0]]",35,"X[1,0|2,2]",69,"X[2,1|2,0]",4,"(3,8,7,6)",2904,"('A_X1','B_X1','A_X2','B_X2')"
2905,"XX[X[1,0|2,2],X[2,1|2,1]]",35,"X[1,0|2,2]",70,"X[2,1|2,1]",4,"(3,8,7,7)",2905,"('A_X1','B_X1','A_X2','B_X2')"
2906,"XX[X[1,0|2,2],X[2,1|2,2]]",35,"X[1,0|2,2]",71,"X[2,1|2,2]",4,"(3,8,7,8)",2906,"('A_X1','B_X1','A_X2','B_X2')"
2907,"XX[X[1,0|2,2],X[2,2|0,0]]",35,"X[1,0|2,2]",72,"X[2,2|0,0]",4,"(3,8,8,0)",2907,"('A_X1','B_X1','A_X2','B_X2')"
2908,"XX[X[1,0|2,2],X[2,2|0,1]]",35,"X[1,0|2,2]",73,"X[2,2|0,1]",4,"(3,8,8,1)",2908,"('A_X1','B_X1','A_X2','B_X2')"
2909,"XX[X[1,0|2,2],X[2,2|0,2]]",35,"X[1,0|2,2]",74,"X[2,2|0,2]",4,"(3,8,8,2)",2909,"('A_X1','B_X1','A_X2','B_X2')"
2910,"XX[X[1,0|2,2],X[2,2|1,0]]",35,"X[1,0|2,2]",75,"X[2,2|1,0]",4,"(3,8,8,3)",2910,"('A_X1','B_X1','A_X2','B_X2')"
2911,"XX[X[1,0|2,2],X[2,2|1,1]]",35,"X[1,0|2,2]",76,"X[2,2|1,1]",4,"(3,8,8,4)",2911,"('A_X1','B_X1','A_X2','B_X2')"
2912,"XX[X[1,0|2,2],X[2,2|1,2]]",35,"X[1,0|2,2]",77,"X[2,2|1,2]",4,"(3,8,8,5)",2912,"('A_X1','B_X1','A_X2','B_X2')"
2913,"XX[X[1,0|2,2],X[2,2|2,0]]",35,"X[1,0|2,2]",78,"X[2,2|2,0]",4,"(3,8,8,6)",2913,"('A_X1','B_X1','A_X2','B_X2')"
2914,"XX[X[1,0|2,2],X[2,2|2,1]]",35,"X[1,0|2,2]",79,"X[2,2|2,1]",4,"(3,8,8,7)",2914,"('A_X1','B_X1','A_X2','B_X2')"
2915,"XX[X[1,0|2,2],X[2,2|2,2]]",35,"X[1,0|2,2]",80,"X[2,2|2,2]",4,"(3,8,8,8)",2915,"('A_X1','B_X1','A_X2','B_X2')"
2916,"XX[X[1,1|0,0],X[0,0|0,0]]",36,"X[1,1|0,0]",0,"X[0,0|0,0]",4,"(4,0,0,0)",2916,"('A_X1','B_X1','A_X2','B_X2')"
2917,"XX[X[1,1|0,0],X[0,0|0,1]]",36,"X[1,1|0,0]",1,"X[0,0|0,1]",4,"(4,0,0,1)",2917,"('A_X1','B_X1','A_X2','B_X2')"
2918,"XX[X[1,1|0,0],X[0,0|0,2]]",36,"X[1,1|0,0]",2,"X[0,0|0,2]",4,"(4,0,0,2)",2918,"('A_X1','B_X1','A_X2','B_X2')"
2919,"XX[X[1,1|0,0],X[0,0|1,0]]",36,"X[1,1|0,0]",3,"X[0,0|1,0]",4,"(4,0,0,3)",2919,"('A_X1','B_X1','A_X2','B_X2')"
2920,"XX[X[1,1|0,0],X[0,0|1,1]]",36,"X[1,1|0,0]",4,"X[0,0|1,1]",4,"(4,0,0,4)",2920,"('A_X1','B_X1','A_X2','B_X2')"
2921,"XX[X[1,1|0,0],X[0,0|1,2]]",36,"X[1,1|0,0]",5,"X[0,0|1,2]",4,"(4,0,0,5)",2921,"('A_X1','B_X1','A_X2','B_X2')"
2922,"XX[X[1,1|0,0],X[0,0|2,0]]",36,"X[1,1|0,0]",6,"X[0,0|2,0]",4,"(4,0,0,6)",2922,"('A_X1','B_X1','A_X2','B_X2')"
2923,"XX[X[1,1|0,0],X[0,0|2,1]]",36,"X[1,1|0,0]",7,"X[0,0|2,1]",4,"(4,0,0,7)",2923,"('A_X1','B_X1','A_X2','B_X2')"
2924,"XX[X[1,1|0,0],X[0,0|2,2]]",36,"X[1,1|0,0]",8,"X[0,0|2,2]",4,"(4,0,0,8)",2924,"('A_X1','B_X1','A_X2','B_X2')"
2925,"XX[X[1,1|0,0],X[0,1|0,0]]",36,"X[1,1|0,0]",9,"X[0,1|0,0]",4,"(4,0,1,0)",2925,"('A_X1','B_X1','A_X2','B_X2')"
2926,"XX[X[1,1|0,0],X[0,1|0,1]]",36,"X[1,1|0,0]",10,"X[0,1|0,1]",4,"(4,0,1,1)",2926,"('A_X1','B_X1','A_X2','B_X2')"
2927,"XX[X[1,1|0,0],X[0,1|0,2]]",36,"X[1,1|0,0]",11,"X[0,1|0,2]",4,"(4,0,1,2)",2927,"('A_X1','B_X1','A_X2','B_X2')"
2928,"XX[X[1,1|0,0],X[0,1|1,0]]",36,"X[1,1|0,0]",12,"X[0,1|1,0]",4,"(4,0,1,3)",2928,"('A_X1','B_X1','A_X2','B_X2')"
2929,"XX[X[1,1|0,0],X[0,1|1,1]]",36,"X[1,1|0,0]",13,"X[0,1|1,1]",4,"(4,0,1,4)",2929,"('A_X1','B_X1','A_X2','B_X2')"
2930,"XX[X[1,1|0,0],X[0,1|1,2]]",36,"X[1,1|0,0]",14,"X[0,1|1,2]",4,"(4,0,1,5)",2930,"('A_X1','B_X1','A_X2','B_X2')"
2931,"XX[X[1,1|0,0],X[0,1|2,0]]",36,"X[1,1|0,0]",15,"X[0,1|2,0]",4,"(4,0,1,6)",2931,"('A_X1','B_X1','A_X2','B_X2')"
2932,"XX[X[1,1|0,0],X[0,1|2,1]]",36,"X[1,1|0,0]",16,"X[0,1|2,1]",4,"(4,0,1,7)",2932,"('A_X1','B_X1','A_X2','B_X2')"
2933,"XX[X[1,1|0,0],X[0,1|2,2]]",36,"X[1,1|0,0]",17,"X[0,1|2,2]",4,"(4,0,1,8)",2933,"('A_X1','B_X1','A_X2','B_X2')"
2934,"XX[X[1,1|0,0],X[0,2|0,0]]",36,"X[1,1|0,0]",18,"X[0,2|0,0]",4,"(4,0,2,0)",2934,"('A_X1','B_X1','A_X2','B_X2')"
2935,"XX[X[1,1|0,0],X[0,2|0,1]]",36,"X[1,1|0,0]",19,"X[0,2|0,1]",4,"(4,0,2,1)",2935,"('A_X1','B_X1','A_X2','B_X2')"
2936,"XX[X[1,1|0,0],X[0,2|0,2]]",36,"X[1,1|0,0]",20,"X[0,2|0,2]",4,"(4,0,2,2)",2936,"('A_X1','B_X1','A_X2','B_X2')"
2937,"XX[X[1,1|0,0],X[0,2|1,0]]",36,"X[1,1|0,0]",21,"X[0,2|1,0]",4,"(4,0,2,3)",2937,"('A_X1','B_X1','A_X2','B_X2')"
2938,"XX[X[1,1|0,0],X[0,2|1,1]]",36,"X[1,1|0,0]",22,"X[0,2|1,1]",4,"(4,0,2,4)",2938,"('A_X1','B_X1','A_X2','B_X2')"
2939,"XX[X[1,1|0,0],X[0,2|1,2]]",36,"X[1,1|0,0]",23,"X[0,2|1,2]",4,"(4,0,2,5)",2939,"('A_X1','B_X1','A_X2','B_X2')"
2940,"XX[X[1,1|0,0],X[0,2|2,0]]",36,"X[1,1|0,0]",24,"X[0,2|2,0]",4,"(4,0,2,6)",2940,"('A_X1','B_X1','A_X2','B_X2')"
2941,"XX[X[1,1|0,0],X[0,2|2,1]]",36,"X[1,1|0,0]",25,"X[0,2|2,1]",4,"(4,0,2,7)",2941,"('A_X1','B_X1','A_X2','B_X2')"
2942,"XX[X[1,1|0,0],X[0,2|2,2]]",36,"X[1,1|0,0]",26,"X[0,2|2,2]",4,"(4,0,2,8)",2942,"('A_X1','B_X1','A_X2','B_X2')"
2943,"XX[X[1,1|0,0],X[1,0|0,0]]",36,"X[1,1|0,0]",27,"X[1,0|0,0]",4,"(4,0,3,0)",2943,"('A_X1','B_X1','A_X2','B_X2')"
2944,"XX[X[1,1|0,0],X[1,0|0,1]]",36,"X[1,1|0,0]",28,"X[1,0|0,1]",4,"(4,0,3,1)",2944,"('A_X1','B_X1','A_X2','B_X2')"
2945,"XX[X[1,1|0,0],X[1,0|0,2]]",36,"X[1,1|0,0]",29,"X[1,0|0,2]",4,"(4,0,3,2)",2945,"('A_X1','B_X1','A_X2','B_X2')"
2946,"XX[X[1,1|0,0],X[1,0|1,0]]",36,"X[1,1|0,0]",30,"X[1,0|1,0]",4,"(4,0,3,3)",2946,"('A_X1','B_X1','A_X2','B_X2')"
2947,"XX[X[1,1|0,0],X[1,0|1,1]]",36,"X[1,1|0,0]",31,"X[1,0|1,1]",4,"(4,0,3,4)",2947,"('A_X1','B_X1','A_X2','B_X2')"
2948,"XX[X[1,1|0,0],X[1,0|1,2]]",36,"X[1,1|0,0]",32,"X[1,0|1,2]",4,"(4,0,3,5)",2948,"('A_X1','B_X1','A_X2','B_X2')"
2949,"XX[X[1,1|0,0],X[1,0|2,0]]",36,"X[1,1|0,0]",33,"X[1,0|2,0]",4,"(4,0,3,6)",2949,"('A_X1','B_X1','A_X2','B_X2')"
2950,"XX[X[1,1|0,0],X[1,0|2,1]]",36,"X[1,1|0,0]",34,"X[1,0|2,1]",4,"(4,0,3,7)",2950,"('A_X1','B_X1','A_X2','B_X2')"
2951,"XX[X[1,1|0,0],X[1,0|2,2]]",36,"X[1,1|0,0]",35,"X[1,0|2,2]",4,"(4,0,3,8)",2951,"('A_X1','B_X1','A_X2','B_X2')"
2952,"XX[X[1,1|0,0],X[1,1|0,0]]",36,"X[1,1|0,0]",36,"X[1,1|0,0]",4,"(4,0,4,0)",2952,"('A_X1','B_X1','A_X2','B_X2')"
2953,"XX[X[1,1|0,0],X[1,1|0,1]]",36,"X[1,1|0,0]",37,"X[1,1|0,1]",4,"(4,0,4,1)",2953,"('A_X1','B_X1','A_X2','B_X2')"
2954,"XX[X[1,1|0,0],X[1,1|0,2]]",36,"X[1,1|0,0]",38,"X[1,1|0,2]",4,"(4,0,4,2)",2954,"('A_X1','B_X1','A_X2','B_X2')"
2955,"XX[X[1,1|0,0],X[1,1|1,0]]",36,"X[1,1|0,0]",39,"X[1,1|1,0]",4,"(4,0,4,3)",2955,"('A_X1','B_X1','A_X2','B_X2')"
2956,"XX[X[1,1|0,0],X[1,1|1,1]]",36,"X[1,1|0,0]",40,"X[1,1|1,1]",4,"(4,0,4,4)",2956,"('A_X1','B_X1','A_X2','B_X2')"
2957,"XX[X[1,1|0,0],X[1,1|1,2]]",36,"X[1,1|0,0]",41,"X[1,1|1,2]",4,"(4,0,4,5)",2957,"('A_X1','B_X1','A_X2','B_X2')"
2958,"XX[X[1,1|0,0],X[1,1|2,0]]",36,"X[1,1|0,0]",42,"X[1,1|2,0]",4,"(4,0,4,6)",2958,"('A_X1','B_X1','A_X2','B_X2')"
2959,"XX[X[1,1|0,0],X[1,1|2,1]]",36,"X[1,1|0,0]",43,"X[1,1|2,1]",4,"(4,0,4,7)",2959,"('A_X1','B_X1','A_X2','B_X2')"
2960,"XX[X[1,1|0,0],X[1,1|2,2]]",36,"X[1,1|0,0]",44,"X[1,1|2,2]",4,"(4,0,4,8)",2960,"('A_X1','B_X1','A_X2','B_X2')"
2961,"XX[X[1,1|0,0],X[1,2|0,0]]",36,"X[1,1|0,0]",45,"X[1,2|0,0]",4,"(4,0,5,0)",2961,"('A_X1','B_X1','A_X2','B_X2')"
2962,"XX[X[1,1|0,0],X[1,2|0,1]]",36,"X[1,1|0,0]",46,"X[1,2|0,1]",4,"(4,0,5,1)",2962,"('A_X1','B_X1','A_X2','B_X2')"
2963,"XX[X[1,1|0,0],X[1,2|0,2]]",36,"X[1,1|0,0]",47,"X[1,2|0,2]",4,"(4,0,5,2)",2963,"('A_X1','B_X1','A_X2','B_X2')"
2964,"XX[X[1,1|0,0],X[1,2|1,0]]",36,"X[1,1|0,0]",48,"X[1,2|1,0]",4,"(4,0,5,3)",2964,"('A_X1','B_X1','A_X2','B_X2')"
2965,"XX[X[1,1|0,0],X[1,2|1,1]]",36,"X[1,1|0,0]",49,"X[1,2|1,1]",4,"(4,0,5,4)",2965,"('A_X1','B_X1','A_X2','B_X2')"
2966,"XX[X[1,1|0,0],X[1,2|1,2]]",36,"X[1,1|0,0]",50,"X[1,2|1,2]",4,"(4,0,5,5)",2966,"('A_X1','B_X1','A_X2','B_X2')"
2967,"XX[X[1,1|0,0],X[1,2|2,0]]",36,"X[1,1|0,0]",51,"X[1,2|2,0]",4,"(4,0,5,6)",2967,"('A_X1','B_X1','A_X2','B_X2')"
2968,"XX[X[1,1|0,0],X[1,2|2,1]]",36,"X[1,1|0,0]",52,"X[1,2|2,1]",4,"(4,0,5,7)",2968,"('A_X1','B_X1','A_X2','B_X2')"
2969,"XX[X[1,1|0,0],X[1,2|2,2]]",36,"X[1,1|0,0]",53,"X[1,2|2,2]",4,"(4,0,5,8)",2969,"('A_X1','B_X1','A_X2','B_X2')"
2970,"XX[X[1,1|0,0],X[2,0|0,0]]",36,"X[1,1|0,0]",54,"X[2,0|0,0]",4,"(4,0,6,0)",2970,"('A_X1','B_X1','A_X2','B_X2')"
2971,"XX[X[1,1|0,0],X[2,0|0,1]]",36,"X[1,1|0,0]",55,"X[2,0|0,1]",4,"(4,0,6,1)",2971,"('A_X1','B_X1','A_X2','B_X2')"
2972,"XX[X[1,1|0,0],X[2,0|0,2]]",36,"X[1,1|0,0]",56,"X[2,0|0,2]",4,"(4,0,6,2)",2972,"('A_X1','B_X1','A_X2','B_X2')"
2973,"XX[X[1,1|0,0],X[2,0|1,0]]",36,"X[1,1|0,0]",57,"X[2,0|1,0]",4,"(4,0,6,3)",2973,"('A_X1','B_X1','A_X2','B_X2')"
2974,"XX[X[1,1|0,0],X[2,0|1,1]]",36,"X[1,1|0,0]",58,"X[2,0|1,1]",4,"(4,0,6,4)",2974,"('A_X1','B_X1','A_X2','B_X2')"
2975,"XX[X[1,1|0,0],X[2,0|1,2]]",36,"X[1,1|0,0]",59,"X[2,0|1,2]",4,"(4,0,6,5)",2975,"('A_X1','B_X1','A_X2','B_X2')"
2976,"XX[X[1,1|0,0],X[2,0|2,0]]",36,"X[1,1|0,0]",60,"X[2,0|2,0]",4,"(4,0,6,6)",2976,"('A_X1','B_X1','A_X2','B_X2')"
2977,"XX[X[1,1|0,0],X[2,0|2,1]]",36,"X[1,1|0,0]",61,"X[2,0|2,1]",4,"(4,0,6,7)",2977,"('A_X1','B_X1','A_X2','B_X2')"
2978,"XX[X[1,1|0,0],X[2,0|2,2]]",36,"X[1,1|0,0]",62,"X[2,0|2,2]",4,"(4,0,6,8)",2978,"('A_X1','B_X1','A_X2','B_X2')"
2979,"XX[X[1,1|0,0],X[2,1|0,0]]",36,"X[1,1|0,0]",63,"X[2,1|0,0]",4,"(4,0,7,0)",2979,"('A_X1','B_X1','A_X2','B_X2')"
2980,"XX[X[1,1|0,0],X[2,1|0,1]]",36,"X[1,1|0,0]",64,"X[2,1|0,1]",4,"(4,0,7,1)",2980,"('A_X1','B_X1','A_X2','B_X2')"
2981,"XX[X[1,1|0,0],X[2,1|0,2]]",36,"X[1,1|0,0]",65,"X[2,1|0,2]",4,"(4,0,7,2)",2981,"('A_X1','B_X1','A_X2','B_X2')"
2982,"XX[X[1,1|0,0],X[2,1|1,0]]",36,"X[1,1|0,0]",66,"X[2,1|1,0]",4,"(4,0,7,3)",2982,"('A_X1','B_X1','A_X2','B_X2')"
2983,"XX[X[1,1|0,0],X[2,1|1,1]]",36,"X[1,1|0,0]",67,"X[2,1|1,1]",4,"(4,0,7,4)",2983,"('A_X1','B_X1','A_X2','B_X2')"
2984,"XX[X[1,1|0,0],X[2,1|1,2]]",36,"X[1,1|0,0]",68,"X[2,1|1,2]",4,"(4,0,7,5)",2984,"('A_X1','B_X1','A_X2','B_X2')"
2985,"XX[X[1,1|0,0],X[2,1|2,0]]",36,"X[1,1|0,0]",69,"X[2,1|2,0]",4,"(4,0,7,6)",2985,"('A_X1','B_X1','A_X2','B_X2')"
2986,"XX[X[1,1|0,0],X[2,1|2,1]]",36,"X[1,1|0,0]",70,"X[2,1|2,1]",4,"(4,0,7,7)",2986,"('A_X1','B_X1','A_X2','B_X2')"
2987,"XX[X[1,1|0,0],X[2,1|2,2]]",36,"X[1,1|0,0]",71,"X[2,1|2,2]",4,"(4,0,7,8)",2987,"('A_X1','B_X1','A_X2','B_X2')"
2988,"XX[X[1,1|0,0],X[2,2|0,0]]",36,"X[1,1|0,0]",72,"X[2,2|0,0]",4,"(4,0,8,0)",2988,"('A_X1','B_X1','A_X2','B_X2')"
2989,"XX[X[1,1|0,0],X[2,2|0,1]]",36,"X[1,1|0,0]",73,"X[2,2|0,1]",4,"(4,0,8,1)",2989,"('A_X1','B_X1','A_X2','B_X2')"
2990,"XX[X[1,1|0,0],X[2,2|0,2]]",36,"X[1,1|0,0]",74,"X[2,2|0,2]",4,"(4,0,8,2)",2990,"('A_X1','B_X1','A_X2','B_X2')"
2991,"XX[X[1,1|0,0],X[2,2|1,0]]",36,"X[1,1|0,0]",75,"X[2,2|1,0]",4,"(4,0,8,3)",2991,"('A_X1','B_X1','A_X2','B_X2')"
2992,"XX[X[1,1|0,0],X[2,2|1,1]]",36,"X[1,1|0,0]",76,"X[2,2|1,1]",4,"(4,0,8,4)",2992,"('A_X1','B_X1','A_X2','B_X2')"
2993,"XX[X[1,1|0,0],X[2,2|1,2]]",36,"X[1,1|0,0]",77,"X[2,2|1,2]",4,"(4,0,8,5)",2993,"('A_X1','B_X1','A_X2','B_X2')"
2994,"XX[X[1,1|0,0],X[2,2|2,0]]",36,"X[1,1|0,0]",78,"X[2,2|2,0]",4,"(4,0,8,6)",2994,"('A_X1','B_X1','A_X2','B_X2')"
2995,"XX[X[1,1|0,0],X[2,2|2,1]]",36,"X[1,1|0,0]",79,"X[2,2|2,1]",4,"(4,0,8,7)",2995,"('A_X1','B_X1','A_X2','B_X2')"
2996,"XX[X[1,1|0,0],X[2,2|2,2]]",36,"X[1,1|0,0]",80,"X[2,2|2,2]",4,"(4,0,8,8)",2996,"('A_X1','B_X1','A_X2','B_X2')"
2997,"XX[X[1,1|0,1],X[0,0|0,0]]",37,"X[1,1|0,1]",0,"X[0,0|0,0]",4,"(4,1,0,0)",2997,"('A_X1','B_X1','A_X2','B_X2')"
2998,"XX[X[1,1|0,1],X[0,0|0,1]]",37,"X[1,1|0,1]",1,"X[0,0|0,1]",4,"(4,1,0,1)",2998,"('A_X1','B_X1','A_X2','B_X2')"
2999,"XX[X[1,1|0,1],X[0,0|0,2]]",37,"X[1,1|0,1]",2,"X[0,0|0,2]",4,"(4,1,0,2)",2999,"('A_X1','B_X1','A_X2','B_X2')"
3000,"XX[X[1,1|0,1],X[0,0|1,0]]",37,"X[1,1|0,1]",3,"X[0,0|1,0]",4,"(4,1,0,3)",3000,"('A_X1','B_X1','A_X2','B_X2')"
3001,"XX[X[1,1|0,1],X[0,0|1,1]]",37,"X[1,1|0,1]",4,"X[0,0|1,1]",4,"(4,1,0,4)",3001,"('A_X1','B_X1','A_X2','B_X2')"
3002,"XX[X[1,1|0,1],X[0,0|1,2]]",37,"X[1,1|0,1]",5,"X[0,0|1,2]",4,"(4,1,0,5)",3002,"('A_X1','B_X1','A_X2','B_X2')"
3003,"XX[X[1,1|0,1],X[0,0|2,0]]",37,"X[1,1|0,1]",6,"X[0,0|2,0]",4,"(4,1,0,6)",3003,"('A_X1','B_X1','A_X2','B_X2')"
3004,"XX[X[1,1|0,1],X[0,0|2,1]]",37,"X[1,1|0,1]",7,"X[0,0|2,1]",4,"(4,1,0,7)",3004,"('A_X1','B_X1','A_X2','B_X2')"
3005,"XX[X[1,1|0,1],X[0,0|2,2]]",37,"X[1,1|0,1]",8,"X[0,0|2,2]",4,"(4,1,0,8)",3005,"('A_X1','B_X1','A_X2','B_X2')"
3006,"XX[X[1,1|0,1],X[0,1|0,0]]",37,"X[1,1|0,1]",9,"X[0,1|0,0]",4,"(4,1,1,0)",3006,"('A_X1','B_X1','A_X2','B_X2')"
3007,"XX[X[1,1|0,1],X[0,1|0,1]]",37,"X[1,1|0,1]",10,"X[0,1|0,1]",4,"(4,1,1,1)",3007,"('A_X1','B_X1','A_X2','B_X2')"
3008,"XX[X[1,1|0,1],X[0,1|0,2]]",37,"X[1,1|0,1]",11,"X[0,1|0,2]",4,"(4,1,1,2)",3008,"('A_X1','B_X1','A_X2','B_X2')"
3009,"XX[X[1,1|0,1],X[0,1|1,0]]",37,"X[1,1|0,1]",12,"X[0,1|1,0]",4,"(4,1,1,3)",3009,"('A_X1','B_X1','A_X2','B_X2')"
3010,"XX[X[1,1|0,1],X[0,1|1,1]]",37,"X[1,1|0,1]",13,"X[0,1|1,1]",4,"(4,1,1,4)",3010,"('A_X1','B_X1','A_X2','B_X2')"
3011,"XX[X[1,1|0,1],X[0,1|1,2]]",37,"X[1,1|0,1]",14,"X[0,1|1,2]",4,"(4,1,1,5)",3011,"('A_X1','B_X1','A_X2','B_X2')"
3012,"XX[X[1,1|0,1],X[0,1|2,0]]",37,"X[1,1|0,1]",15,"X[0,1|2,0]",4,"(4,1,1,6)",3012,"('A_X1','B_X1','A_X2','B_X2')"
3013,"XX[X[1,1|0,1],X[0,1|2,1]]",37,"X[1,1|0,1]",16,"X[0,1|2,1]",4,"(4,1,1,7)",3013,"('A_X1','B_X1','A_X2','B_X2')"
3014,"XX[X[1,1|0,1],X[0,1|2,2]]",37,"X[1,1|0,1]",17,"X[0,1|2,2]",4,"(4,1,1,8)",3014,"('A_X1','B_X1','A_X2','B_X2')"
3015,"XX[X[1,1|0,1],X[0,2|0,0]]",37,"X[1,1|0,1]",18,"X[0,2|0,0]",4,"(4,1,2,0)",3015,"('A_X1','B_X1','A_X2','B_X2')"
3016,"XX[X[1,1|0,1],X[0,2|0,1]]",37,"X[1,1|0,1]",19,"X[0,2|0,1]",4,"(4,1,2,1)",3016,"('A_X1','B_X1','A_X2','B_X2')"
3017,"XX[X[1,1|0,1],X[0,2|0,2]]",37,"X[1,1|0,1]",20,"X[0,2|0,2]",4,"(4,1,2,2)",3017,"('A_X1','B_X1','A_X2','B_X2')"
3018,"XX[X[1,1|0,1],X[0,2|1,0]]",37,"X[1,1|0,1]",21,"X[0,2|1,0]",4,"(4,1,2,3)",3018,"('A_X1','B_X1','A_X2','B_X2')"
3019,"XX[X[1,1|0,1],X[0,2|1,1]]",37,"X[1,1|0,1]",22,"X[0,2|1,1]",4,"(4,1,2,4)",3019,"('A_X1','B_X1','A_X2','B_X2')"
3020,"XX[X[1,1|0,1],X[0,2|1,2]]",37,"X[1,1|0,1]",23,"X[0,2|1,2]",4,"(4,1,2,5)",3020,"('A_X1','B_X1','A_X2','B_X2')"
3021,"XX[X[1,1|0,1],X[0,2|2,0]]",37,"X[1,1|0,1]",24,"X[0,2|2,0]",4,"(4,1,2,6)",3021,"('A_X1','B_X1','A_X2','B_X2')"
3022,"XX[X[1,1|0,1],X[0,2|2,1]]",37,"X[1,1|0,1]",25,"X[0,2|2,1]",4,"(4,1,2,7)",3022,"('A_X1','B_X1','A_X2','B_X2')"
3023,"XX[X[1,1|0,1],X[0,2|2,2]]",37,"X[1,1|0,1]",26,"X[0,2|2,2]",4,"(4,1,2,8)",3023,"('A_X1','B_X1','A_X2','B_X2')"
3024,"XX[X[1,1|0,1],X[1,0|0,0]]",37,"X[1,1|0,1]",27,"X[1,0|0,0]",4,"(4,1,3,0)",3024,"('A_X1','B_X1','A_X2','B_X2')"
3025,"XX[X[1,1|0,1],X[1,0|0,1]]",37,"X[1,1|0,1]",28,"X[1,0|0,1]",4,"(4,1,3,1)",3025,"('A_X1','B_X1','A_X2','B_X2')"
3026,"XX[X[1,1|0,1],X[1,0|0,2]]",37,"X[1,1|0,1]",29,"X[1,0|0,2]",4,"(4,1,3,2)",3026,"('A_X1','B_X1','A_X2','B_X2')"
3027,"XX[X[1,1|0,1],X[1,0|1,0]]",37,"X[1,1|0,1]",30,"X[1,0|1,0]",4,"(4,1,3,3)",3027,"('A_X1','B_X1','A_X2','B_X2')"
3028,"XX[X[1,1|0,1],X[1,0|1,1]]",37,"X[1,1|0,1]",31,"X[1,0|1,1]",4,"(4,1,3,4)",3028,"('A_X1','B_X1','A_X2','B_X2')"
3029,"XX[X[1,1|0,1],X[1,0|1,2]]",37,"X[1,1|0,1]",32,"X[1,0|1,2]",4,"(4,1,3,5)",3029,"('A_X1','B_X1','A_X2','B_X2')"
3030,"XX[X[1,1|0,1],X[1,0|2,0]]",37,"X[1,1|0,1]",33,"X[1,0|2,0]",4,"(4,1,3,6)",3030,"('A_X1','B_X1','A_X2','B_X2')"
3031,"XX[X[1,1|0,1],X[1,0|2,1]]",37,"X[1,1|0,1]",34,"X[1,0|2,1]",4,"(4,1,3,7)",3031,"('A_X1','B_X1','A_X2','B_X2')"
3032,"XX[X[1,1|0,1],X[1,0|2,2]]",37,"X[1,1|0,1]",35,"X[1,0|2,2]",4,"(4,1,3,8)",3032,"('A_X1','B_X1','A_X2','B_X2')"
3033,"XX[X[1,1|0,1],X[1,1|0,0]]",37,"X[1,1|0,1]",36,"X[1,1|0,0]",4,"(4,1,4,0)",3033,"('A_X1','B_X1','A_X2','B_X2')"
3034,"XX[X[1,1|0,1],X[1,1|0,1]]",37,"X[1,1|0,1]",37,"X[1,1|0,1]",4,"(4,1,4,1)",3034,"('A_X1','B_X1','A_X2','B_X2')"
3035,"XX[X[1,1|0,1],X[1,1|0,2]]",37,"X[1,1|0,1]",38,"X[1,1|0,2]",4,"(4,1,4,2)",3035,"('A_X1','B_X1','A_X2','B_X2')"
3036,"XX[X[1,1|0,1],X[1,1|1,0]]",37,"X[1,1|0,1]",39,"X[1,1|1,0]",4,"(4,1,4,3)",3036,"('A_X1','B_X1','A_X2','B_X2')"
3037,"XX[X[1,1|0,1],X[1,1|1,1]]",37,"X[1,1|0,1]",40,"X[1,1|1,1]",4,"(4,1,4,4)",3037,"('A_X1','B_X1','A_X2','B_X2')"
3038,"XX[X[1,1|0,1],X[1,1|1,2]]",37,"X[1,1|0,1]",41,"X[1,1|1,2]",4,"(4,1,4,5)",3038,"('A_X1','B_X1','A_X2','B_X2')"
3039,"XX[X[1,1|0,1],X[1,1|2,0]]",37,"X[1,1|0,1]",42,"X[1,1|2,0]",4,"(4,1,4,6)",3039,"('A_X1','B_X1','A_X2','B_X2')"
3040,"XX[X[1,1|0,1],X[1,1|2,1]]",37,"X[1,1|0,1]",43,"X[1,1|2,1]",4,"(4,1,4,7)",3040,"('A_X1','B_X1','A_X2','B_X2')"
3041,"XX[X[1,1|0,1],X[1,1|2,2]]",37,"X[1,1|0,1]",44,"X[1,1|2,2]",4,"(4,1,4,8)",3041,"('A_X1','B_X1','A_X2','B_X2')"
3042,"XX[X[1,1|0,1],X[1,2|0,0]]",37,"X[1,1|0,1]",45,"X[1,2|0,0]",4,"(4,1,5,0)",3042,"('A_X1','B_X1','A_X2','B_X2')"
3043,"XX[X[1,1|0,1],X[1,2|0,1]]",37,"X[1,1|0,1]",46,"X[1,2|0,1]",4,"(4,1,5,1)",3043,"('A_X1','B_X1','A_X2','B_X2')"
3044,"XX[X[1,1|0,1],X[1,2|0,2]]",37,"X[1,1|0,1]",47,"X[1,2|0,2]",4,"(4,1,5,2)",3044,"('A_X1','B_X1','A_X2','B_X2')"
3045,"XX[X[1,1|0,1],X[1,2|1,0]]",37,"X[1,1|0,1]",48,"X[1,2|1,0]",4,"(4,1,5,3)",3045,"('A_X1','B_X1','A_X2','B_X2')"
3046,"XX[X[1,1|0,1],X[1,2|1,1]]",37,"X[1,1|0,1]",49,"X[1,2|1,1]",4,"(4,1,5,4)",3046,"('A_X1','B_X1','A_X2','B_X2')"
3047,"XX[X[1,1|0,1],X[1,2|1,2]]",37,"X[1,1|0,1]",50,"X[1,2|1,2]",4,"(4,1,5,5)",3047,"('A_X1','B_X1','A_X2','B_X2')"
3048,"XX[X[1,1|0,1],X[1,2|2,0]]",37,"X[1,1|0,1]",51,"X[1,2|2,0]",4,"(4,1,5,6)",3048,"('A_X1','B_X1','A_X2','B_X2')"
3049,"XX[X[1,1|0,1],X[1,2|2,1]]",37,"X[1,1|0,1]",52,"X[1,2|2,1]",4,"(4,1,5,7)",3049,"('A_X1','B_X1','A_X2','B_X2')"
3050,"XX[X[1,1|0,1],X[1,2|2,2]]",37,"X[1,1|0,1]",53,"X[1,2|2,2]",4,"(4,1,5,8)",3050,"('A_X1','B_X1','A_X2','B_X2')"
3051,"XX[X[1,1|0,1],X[2,0|0,0]]",37,"X[1,1|0,1]",54,"X[2,0|0,0]",4,"(4,1,6,0)",3051,"('A_X1','B_X1','A_X2','B_X2')"
3052,"XX[X[1,1|0,1],X[2,0|0,1]]",37,"X[1,1|0,1]",55,"X[2,0|0,1]",4,"(4,1,6,1)",3052,"('A_X1','B_X1','A_X2','B_X2')"
3053,"XX[X[1,1|0,1],X[2,0|0,2]]",37,"X[1,1|0,1]",56,"X[2,0|0,2]",4,"(4,1,6,2)",3053,"('A_X1','B_X1','A_X2','B_X2')"
3054,"XX[X[1,1|0,1],X[2,0|1,0]]",37,"X[1,1|0,1]",57,"X[2,0|1,0]",4,"(4,1,6,3)",3054,"('A_X1','B_X1','A_X2','B_X2')"
3055,"XX[X[1,1|0,1],X[2,0|1,1]]",37,"X[1,1|0,1]",58,"X[2,0|1,1]",4,"(4,1,6,4)",3055,"('A_X1','B_X1','A_X2','B_X2')"
3056,"XX[X[1,1|0,1],X[2,0|1,2]]",37,"X[1,1|0,1]",59,"X[2,0|1,2]",4,"(4,1,6,5)",3056,"('A_X1','B_X1','A_X2','B_X2')"
3057,"XX[X[1,1|0,1],X[2,0|2,0]]",37,"X[1,1|0,1]",60,"X[2,0|2,0]",4,"(4,1,6,6)",3057,"('A_X1','B_X1','A_X2','B_X2')"
3058,"XX[X[1,1|0,1],X[2,0|2,1]]",37,"X[1,1|0,1]",61,"X[2,0|2,1]",4,"(4,1,6,7)",3058,"('A_X1','B_X1','A_X2','B_X2')"
3059,"XX[X[1,1|0,1],X[2,0|2,2]]",37,"X[1,1|0,1]",62,"X[2,0|2,2]",4,"(4,1,6,8)",3059,"('A_X1','B_X1','A_X2','B_X2')"
3060,"XX[X[1,1|0,1],X[2,1|0,0]]",37,"X[1,1|0,1]",63,"X[2,1|0,0]",4,"(4,1,7,0)",3060,"('A_X1','B_X1','A_X2','B_X2')"
3061,"XX[X[1,1|0,1],X[2,1|0,1]]",37,"X[1,1|0,1]",64,"X[2,1|0,1]",4,"(4,1,7,1)",3061,"('A_X1','B_X1','A_X2','B_X2')"
3062,"XX[X[1,1|0,1],X[2,1|0,2]]",37,"X[1,1|0,1]",65,"X[2,1|0,2]",4,"(4,1,7,2)",3062,"('A_X1','B_X1','A_X2','B_X2')"
3063,"XX[X[1,1|0,1],X[2,1|1,0]]",37,"X[1,1|0,1]",66,"X[2,1|1,0]",4,"(4,1,7,3)",3063,"('A_X1','B_X1','A_X2','B_X2')"
3064,"XX[X[1,1|0,1],X[2,1|1,1]]",37,"X[1,1|0,1]",67,"X[2,1|1,1]",4,"(4,1,7,4)",3064,"('A_X1','B_X1','A_X2','B_X2')"
3065,"XX[X[1,1|0,1],X[2,1|1,2]]",37,"X[1,1|0,1]",68,"X[2,1|1,2]",4,"(4,1,7,5)",3065,"('A_X1','B_X1','A_X2','B_X2')"
3066,"XX[X[1,1|0,1],X[2,1|2,0]]",37,"X[1,1|0,1]",69,"X[2,1|2,0]",4,"(4,1,7,6)",3066,"('A_X1','B_X1','A_X2','B_X2')"
3067,"XX[X[1,1|0,1],X[2,1|2,1]]",37,"X[1,1|0,1]",70,"X[2,1|2,1]",4,"(4,1,7,7)",3067,"('A_X1','B_X1','A_X2','B_X2')"
3068,"XX[X[1,1|0,1],X[2,1|2,2]]",37,"X[1,1|0,1]",71,"X[2,1|2,2]",4,"(4,1,7,8)",3068,"('A_X1','B_X1','A_X2','B_X2')"
3069,"XX[X[1,1|0,1],X[2,2|0,0]]",37,"X[1,1|0,1]",72,"X[2,2|0,0]",4,"(4,1,8,0)",3069,"('A_X1','B_X1','A_X2','B_X2')"
3070,"XX[X[1,1|0,1],X[2,2|0,1]]",37,"X[1,1|0,1]",73,"X[2,2|0,1]",4,"(4,1,8,1)",3070,"('A_X1','B_X1','A_X2','B_X2')"
3071,"XX[X[1,1|0,1],X[2,2|0,2]]",37,"X[1,1|0,1]",74,"X[2,2|0,2]",4,"(4,1,8,2)",3071,"('A_X1','B_X1','A_X2','B_X2')"
3072,"XX[X[1,1|0,1],X[2,2|1,0]]",37,"X[1,1|0,1]",75,"X[2,2|1,0]",4,"(4,1,8,3)",3072,"('A_X1','B_X1','A_X2','B_X2')"
3073,"XX[X[1,1|0,1],X[2,2|1,1]]",37,"X[1,1|0,1]",76,"X[2,2|1,1]",4,"(4,1,8,4)",3073,"('A_X1','B_X1','A_X2','B_X2')"
3074,"XX[X[1,1|0,1],X[2,2|1,2]]",37,"X[1,1|0,1]",77,"X[2,2|1,2]",4,"(4,1,8,5)",3074,"('A_X1','B_X1','A_X2','B_X2')"
3075,"XX[X[1,1|0,1],X[2,2|2,0]]",37,"X[1,1|0,1]",78,"X[2,2|2,0]",4,"(4,1,8,6)",3075,"('A_X1','B_X1','A_X2','B_X2')"
3076,"XX[X[1,1|0,1],X[2,2|2,1]]",37,"X[1,1|0,1]",79,"X[2,2|2,1]",4,"(4,1,8,7)",3076,"('A_X1','B_X1','A_X2','B_X2')"
3077,"XX[X[1,1|0,1],X[2,2|2,2]]",37,"X[1,1|0,1]",80,"X[2,2|2,2]",4,"(4,1,8,8)",3077,"('A_X1','B_X1','A_X2','B_X2')"
3078,"XX[X[1,1|0,2],X[0,0|0,0]]",38,"X[1,1|0,2]",0,"X[0,0|0,0]",4,"(4,2,0,0)",3078,"('A_X1','B_X1','A_X2','B_X2')"
3079,"XX[X[1,1|0,2],X[0,0|0,1]]",38,"X[1,1|0,2]",1,"X[0,0|0,1]",4,"(4,2,0,1)",3079,"('A_X1','B_X1','A_X2','B_X2')"
3080,"XX[X[1,1|0,2],X[0,0|0,2]]",38,"X[1,1|0,2]",2,"X[0,0|0,2]",4,"(4,2,0,2)",3080,"('A_X1','B_X1','A_X2','B_X2')"
3081,"XX[X[1,1|0,2],X[0,0|1,0]]",38,"X[1,1|0,2]",3,"X[0,0|1,0]",4,"(4,2,0,3)",3081,"('A_X1','B_X1','A_X2','B_X2')"
3082,"XX[X[1,1|0,2],X[0,0|1,1]]",38,"X[1,1|0,2]",4,"X[0,0|1,1]",4,"(4,2,0,4)",3082,"('A_X1','B_X1','A_X2','B_X2')"
3083,"XX[X[1,1|0,2],X[0,0|1,2]]",38,"X[1,1|0,2]",5,"X[0,0|1,2]",4,"(4,2,0,5)",3083,"('A_X1','B_X1','A_X2','B_X2')"
3084,"XX[X[1,1|0,2],X[0,0|2,0]]",38,"X[1,1|0,2]",6,"X[0,0|2,0]",4,"(4,2,0,6)",3084,"('A_X1','B_X1','A_X2','B_X2')"
3085,"XX[X[1,1|0,2],X[0,0|2,1]]",38,"X[1,1|0,2]",7,"X[0,0|2,1]",4,"(4,2,0,7)",3085,"('A_X1','B_X1','A_X2','B_X2')"
3086,"XX[X[1,1|0,2],X[0,0|2,2]]",38,"X[1,1|0,2]",8,"X[0,0|2,2]",4,"(4,2,0,8)",3086,"('A_X1','B_X1','A_X2','B_X2')"
3087,"XX[X[1,1|0,2],X[0,1|0,0]]",38,"X[1,1|0,2]",9,"X[0,1|0,0]",4,"(4,2,1,0)",3087,"('A_X1','B_X1','A_X2','B_X2')"
3088,"XX[X[1,1|0,2],X[0,1|0,1]]",38,"X[1,1|0,2]",10,"X[0,1|0,1]",4,"(4,2,1,1)",3088,"('A_X1','B_X1','A_X2','B_X2')"
3089,"XX[X[1,1|0,2],X[0,1|0,2]]",38,"X[1,1|0,2]",11,"X[0,1|0,2]",4,"(4,2,1,2)",3089,"('A_X1','B_X1','A_X2','B_X2')"
3090,"XX[X[1,1|0,2],X[0,1|1,0]]",38,"X[1,1|0,2]",12,"X[0,1|1,0]",4,"(4,2,1,3)",3090,"('A_X1','B_X1','A_X2','B_X2')"
3091,"XX[X[1,1|0,2],X[0,1|1,1]]",38,"X[1,1|0,2]",13,"X[0,1|1,1]",4,"(4,2,1,4)",3091,"('A_X1','B_X1','A_X2','B_X2')"
3092,"XX[X[1,1|0,2],X[0,1|1,2]]",38,"X[1,1|0,2]",14,"X[0,1|1,2]",4,"(4,2,1,5)",3092,"('A_X1','B_X1','A_X2','B_X2')"
3093,"XX[X[1,1|0,2],X[0,1|2,0]]",38,"X[1,1|0,2]",15,"X[0,1|2,0]",4,"(4,2,1,6)",3093,"('A_X1','B_X1','A_X2','B_X2')"
3094,"XX[X[1,1|0,2],X[0,1|2,1]]",38,"X[1,1|0,2]",16,"X[0,1|2,1]",4,"(4,2,1,7)",3094,"('A_X1','B_X1','A_X2','B_X2')"
3095,"XX[X[1,1|0,2],X[0,1|2,2]]",38,"X[1,1|0,2]",17,"X[0,1|2,2]",4,"(4,2,1,8)",3095,"('A_X1','B_X1','A_X2','B_X2')"
3096,"XX[X[1,1|0,2],X[0,2|0,0]]",38,"X[1,1|0,2]",18,"X[0,2|0,0]",4,"(4,2,2,0)",3096,"('A_X1','B_X1','A_X2','B_X2')"
3097,"XX[X[1,1|0,2],X[0,2|0,1]]",38,"X[1,1|0,2]",19,"X[0,2|0,1]",4,"(4,2,2,1)",3097,"('A_X1','B_X1','A_X2','B_X2')"
3098,"XX[X[1,1|0,2],X[0,2|0,2]]",38,"X[1,1|0,2]",20,"X[0,2|0,2]",4,"(4,2,2,2)",3098,"('A_X1','B_X1','A_X2','B_X2')"
3099,"XX[X[1,1|0,2],X[0,2|1,0]]",38,"X[1,1|0,2]",21,"X[0,2|1,0]",4,"(4,2,2,3)",3099,"('A_X1','B_X1','A_X2','B_X2')"
3100,"XX[X[1,1|0,2],X[0,2|1,1]]",38,"X[1,1|0,2]",22,"X[0,2|1,1]",4,"(4,2,2,4)",3100,"('A_X1','B_X1','A_X2','B_X2')"
3101,"XX[X[1,1|0,2],X[0,2|1,2]]",38,"X[1,1|0,2]",23,"X[0,2|1,2]",4,"(4,2,2,5)",3101,"('A_X1','B_X1','A_X2','B_X2')"
3102,"XX[X[1,1|0,2],X[0,2|2,0]]",38,"X[1,1|0,2]",24,"X[0,2|2,0]",4,"(4,2,2,6)",3102,"('A_X1','B_X1','A_X2','B_X2')"
3103,"XX[X[1,1|0,2],X[0,2|2,1]]",38,"X[1,1|0,2]",25,"X[0,2|2,1]",4,"(4,2,2,7)",3103,"('A_X1','B_X1','A_X2','B_X2')"
3104,"XX[X[1,1|0,2],X[0,2|2,2]]",38,"X[1,1|0,2]",26,"X[0,2|2,2]",4,"(4,2,2,8)",3104,"('A_X1','B_X1','A_X2','B_X2')"
3105,"XX[X[1,1|0,2],X[1,0|0,0]]",38,"X[1,1|0,2]",27,"X[1,0|0,0]",4,"(4,2,3,0)",3105,"('A_X1','B_X1','A_X2','B_X2')"
3106,"XX[X[1,1|0,2],X[1,0|0,1]]",38,"X[1,1|0,2]",28,"X[1,0|0,1]",4,"(4,2,3,1)",3106,"('A_X1','B_X1','A_X2','B_X2')"
3107,"XX[X[1,1|0,2],X[1,0|0,2]]",38,"X[1,1|0,2]",29,"X[1,0|0,2]",4,"(4,2,3,2)",3107,"('A_X1','B_X1','A_X2','B_X2')"
3108,"XX[X[1,1|0,2],X[1,0|1,0]]",38,"X[1,1|0,2]",30,"X[1,0|1,0]",4,"(4,2,3,3)",3108,"('A_X1','B_X1','A_X2','B_X2')"
3109,"XX[X[1,1|0,2],X[1,0|1,1]]",38,"X[1,1|0,2]",31,"X[1,0|1,1]",4,"(4,2,3,4)",3109,"('A_X1','B_X1','A_X2','B_X2')"
3110,"XX[X[1,1|0,2],X[1,0|1,2]]",38,"X[1,1|0,2]",32,"X[1,0|1,2]",4,"(4,2,3,5)",3110,"('A_X1','B_X1','A_X2','B_X2')"
3111,"XX[X[1,1|0,2],X[1,0|2,0]]",38,"X[1,1|0,2]",33,"X[1,0|2,0]",4,"(4,2,3,6)",3111,"('A_X1','B_X1','A_X2','B_X2')"
3112,"XX[X[1,1|0,2],X[1,0|2,1]]",38,"X[1,1|0,2]",34,"X[1,0|2,1]",4,"(4,2,3,7)",3112,"('A_X1','B_X1','A_X2','B_X2')"
3113,"XX[X[1,1|0,2],X[1,0|2,2]]",38,"X[1,1|0,2]",35,"X[1,0|2,2]",4,"(4,2,3,8)",3113,"('A_X1','B_X1','A_X2','B_X2')"
3114,"XX[X[1,1|0,2],X[1,1|0,0]]",38,"X[1,1|0,2]",36,"X[1,1|0,0]",4,"(4,2,4,0)",3114,"('A_X1','B_X1','A_X2','B_X2')"
3115,"XX[X[1,1|0,2],X[1,1|0,1]]",38,"X[1,1|0,2]",37,"X[1,1|0,1]",4,"(4,2,4,1)",3115,"('A_X1','B_X1','A_X2','B_X2')"
3116,"XX[X[1,1|0,2],X[1,1|0,2]]",38,"X[1,1|0,2]",38,"X[1,1|0,2]",4,"(4,2,4,2)",3116,"('A_X1','B_X1','A_X2','B_X2')"
3117,"XX[X[1,1|0,2],X[1,1|1,0]]",38,"X[1,1|0,2]",39,"X[1,1|1,0]",4,"(4,2,4,3)",3117,"('A_X1','B_X1','A_X2','B_X2')"
3118,"XX[X[1,1|0,2],X[1,1|1,1]]",38,"X[1,1|0,2]",40,"X[1,1|1,1]",4,"(4,2,4,4)",3118,"('A_X1','B_X1','A_X2','B_X2')"
3119,"XX[X[1,1|0,2],X[1,1|1,2]]",38,"X[1,1|0,2]",41,"X[1,1|1,2]",4,"(4,2,4,5)",3119,"('A_X1','B_X1','A_X2','B_X2')"
3120,"XX[X[1,1|0,2],X[1,1|2,0]]",38,"X[1,1|0,2]",42,"X[1,1|2,0]",4,"(4,2,4,6)",3120,"('A_X1','B_X1','A_X2','B_X2')"
3121,"XX[X[1,1|0,2],X[1,1|2,1]]",38,"X[1,1|0,2]",43,"X[1,1|2,1]",4,"(4,2,4,7)",3121,"('A_X1','B_X1','A_X2','B_X2')"
3122,"XX[X[1,1|0,2],X[1,1|2,2]]",38,"X[1,1|0,2]",44,"X[1,1|2,2]",4,"(4,2,4,8)",3122,"('A_X1','B_X1','A_X2','B_X2')"
3123,"XX[X[1,1|0,2],X[1,2|0,0]]",38,"X[1,1|0,2]",45,"X[1,2|0,0]",4,"(4,2,5,0)",3123,"('A_X1','B_X1','A_X2','B_X2')"
3124,"XX[X[1,1|0,2],X[1,2|0,1]]",38,"X[1,1|0,2]",46,"X[1,2|0,1]",4,"(4,2,5,1)",3124,"('A_X1','B_X1','A_X2','B_X2')"
3125,"XX[X[1,1|0,2],X[1,2|0,2]]",38,"X[1,1|0,2]",47,"X[1,2|0,2]",4,"(4,2,5,2)",3125,"('A_X1','B_X1','A_X2','B_X2')"
3126,"XX[X[1,1|0,2],X[1,2|1,0]]",38,"X[1,1|0,2]",48,"X[1,2|1,0]",4,"(4,2,5,3)",3126,"('A_X1','B_X1','A_X2','B_X2')"
3127,"XX[X[1,1|0,2],X[1,2|1,1]]",38,"X[1,1|0,2]",49,"X[1,2|1,1]",4,"(4,2,5,4)",3127,"('A_X1','B_X1','A_X2','B_X2')"
3128,"XX[X[1,1|0,2],X[1,2|1,2]]",38,"X[1,1|0,2]",50,"X[1,2|1,2]",4,"(4,2,5,5)",3128,"('A_X1','B_X1','A_X2','B_X2')"
3129,"XX[X[1,1|0,2],X[1,2|2,0]]",38,"X[1,1|0,2]",51,"X[1,2|2,0]",4,"(4,2,5,6)",3129,"('A_X1','B_X1','A_X2','B_X2')"
3130,"XX[X[1,1|0,2],X[1,2|2,1]]",38,"X[1,1|0,2]",52,"X[1,2|2,1]",4,"(4,2,5,7)",3130,"('A_X1','B_X1','A_X2','B_X2')"
3131,"XX[X[1,1|0,2],X[1,2|2,2]]",38,"X[1,1|0,2]",53,"X[1,2|2,2]",4,"(4,2,5,8)",3131,"('A_X1','B_X1','A_X2','B_X2')"
3132,"XX[X[1,1|0,2],X[2,0|0,0]]",38,"X[1,1|0,2]",54,"X[2,0|0,0]",4,"(4,2,6,0)",3132,"('A_X1','B_X1','A_X2','B_X2')"
3133,"XX[X[1,1|0,2],X[2,0|0,1]]",38,"X[1,1|0,2]",55,"X[2,0|0,1]",4,"(4,2,6,1)",3133,"('A_X1','B_X1','A_X2','B_X2')"
3134,"XX[X[1,1|0,2],X[2,0|0,2]]",38,"X[1,1|0,2]",56,"X[2,0|0,2]",4,"(4,2,6,2)",3134,"('A_X1','B_X1','A_X2','B_X2')"
3135,"XX[X[1,1|0,2],X[2,0|1,0]]",38,"X[1,1|0,2]",57,"X[2,0|1,0]",4,"(4,2,6,3)",3135,"('A_X1','B_X1','A_X2','B_X2')"
3136,"XX[X[1,1|0,2],X[2,0|1,1]]",38,"X[1,1|0,2]",58,"X[2,0|1,1]",4,"(4,2,6,4)",3136,"('A_X1','B_X1','A_X2','B_X2')"
3137,"XX[X[1,1|0,2],X[2,0|1,2]]",38,"X[1,1|0,2]",59,"X[2,0|1,2]",4,"(4,2,6,5)",3137,"('A_X1','B_X1','A_X2','B_X2')"
3138,"XX[X[1,1|0,2],X[2,0|2,0]]",38,"X[1,1|0,2]",60,"X[2,0|2,0]",4,"(4,2,6,6)",3138,"('A_X1','B_X1','A_X2','B_X2')"
3139,"XX[X[1,1|0,2],X[2,0|2,1]]",38,"X[1,1|0,2]",61,"X[2,0|2,1]",4,"(4,2,6,7)",3139,"('A_X1','B_X1','A_X2','B_X2')"
3140,"XX[X[1,1|0,2],X[2,0|2,2]]",38,"X[1,1|0,2]",62,"X[2,0|2,2]",4,"(4,2,6,8)",3140,"('A_X1','B_X1','A_X2','B_X2')"
3141,"XX[X[1,1|0,2],X[2,1|0,0]]",38,"X[1,1|0,2]",63,"X[2,1|0,0]",4,"(4,2,7,0)",3141,"('A_X1','B_X1','A_X2','B_X2')"
3142,"XX[X[1,1|0,2],X[2,1|0,1]]",38,"X[1,1|0,2]",64,"X[2,1|0,1]",4,"(4,2,7,1)",3142,"('A_X1','B_X1','A_X2','B_X2')"
3143,"XX[X[1,1|0,2],X[2,1|0,2]]",38,"X[1,1|0,2]",65,"X[2,1|0,2]",4,"(4,2,7,2)",3143,"('A_X1','B_X1','A_X2','B_X2')"
3144,"XX[X[1,1|0,2],X[2,1|1,0]]",38,"X[1,1|0,2]",66,"X[2,1|1,0]",4,"(4,2,7,3)",3144,"('A_X1','B_X1','A_X2','B_X2')"
3145,"XX[X[1,1|0,2],X[2,1|1,1]]",38,"X[1,1|0,2]",67,"X[2,1|1,1]",4,"(4,2,7,4)",3145,"('A_X1','B_X1','A_X2','B_X2')"
3146,"XX[X[1,1|0,2],X[2,1|1,2]]",38,"X[1,1|0,2]",68,"X[2,1|1,2]",4,"(4,2,7,5)",3146,"('A_X1','B_X1','A_X2','B_X2')"
3147,"XX[X[1,1|0,2],X[2,1|2,0]]",38,"X[1,1|0,2]",69,"X[2,1|2,0]",4,"(4,2,7,6)",3147,"('A_X1','B_X1','A_X2','B_X2')"
3148,"XX[X[1,1|0,2],X[2,1|2,1]]",38,"X[1,1|0,2]",70,"X[2,1|2,1]",4,"(4,2,7,7)",3148,"('A_X1','B_X1','A_X2','B_X2')"
3149,"XX[X[1,1|0,2],X[2,1|2,2]]",38,"X[1,1|0,2]",71,"X[2,1|2,2]",4,"(4,2,7,8)",3149,"('A_X1','B_X1','A_X2','B_X2')"
3150,"XX[X[1,1|0,2],X[2,2|0,0]]",38,"X[1,1|0,2]",72,"X[2,2|0,0]",4,"(4,2,8,0)",3150,"('A_X1','B_X1','A_X2','B_X2')"
3151,"XX[X[1,1|0,2],X[2,2|0,1]]",38,"X[1,1|0,2]",73,"X[2,2|0,1]",4,"(4,2,8,1)",3151,"('A_X1','B_X1','A_X2','B_X2')"
3152,"XX[X[1,1|0,2],X[2,2|0,2]]",38,"X[1,1|0,2]",74,"X[2,2|0,2]",4,"(4,2,8,2)",3152,"('A_X1','B_X1','A_X2','B_X2')"
3153,"XX[X[1,1|0,2],X[2,2|1,0]]",38,"X[1,1|0,2]",75,"X[2,2|1,0]",4,"(4,2,8,3)",3153,"('A_X1','B_X1','A_X2','B_X2')"
3154,"XX[X[1,1|0,2],X[2,2|1,1]]",38,"X[1,1|0,2]",76,"X[2,2|1,1]",4,"(4,2,8,4)",3154,"('A_X1','B_X1','A_X2','B_X2')"
3155,"XX[X[1,1|0,2],X[2,2|1,2]]",38,"X[1,1|0,2]",77,"X[2,2|1,2]",4,"(4,2,8,5)",3155,"('A_X1','B_X1','A_X2','B_X2')"
3156,"XX[X[1,1|0,2],X[2,2|2,0]]",38,"X[1,1|0,2]",78,"X[2,2|2,0]",4,"(4,2,8,6)",3156,"('A_X1','B_X1','A_X2','B_X2')"
3157,"XX[X[1,1|0,2],X[2,2|2,1]]",38,"X[1,1|0,2]",79,"X[2,2|2,1]",4,"(4,2,8,7)",3157,"('A_X1','B_X1','A_X2','B_X2')"
3158,"XX[X[1,1|0,2],X[2,2|2,2]]",38,"X[1,1|0,2]",80,"X[2,2|2,2]",4,"(4,2,8,8)",3158,"('A_X1','B_X1','A_X2','B_X2')"
3159,"XX[X[1,1|1,0],X[0,0|0,0]]",39,"X[1,1|1,0]",0,"X[0,0|0,0]",4,"(4,3,0,0)",3159,"('A_X1','B_X1','A_X2','B_X2')"
3160,"XX[X[1,1|1,0],X[0,0|0,1]]",39,"X[1,1|1,0]",1,"X[0,0|0,1]",4,"(4,3,0,1)",3160,"('A_X1','B_X1','A_X2','B_X2')"
3161,"XX[X[1,1|1,0],X[0,0|0,2]]",39,"X[1,1|1,0]",2,"X[0,0|0,2]",4,"(4,3,0,2)",3161,"('A_X1','B_X1','A_X2','B_X2')"
3162,"XX[X[1,1|1,0],X[0,0|1,0]]",39,"X[1,1|1,0]",3,"X[0,0|1,0]",4,"(4,3,0,3)",3162,"('A_X1','B_X1','A_X2','B_X2')"
3163,"XX[X[1,1|1,0],X[0,0|1,1]]",39,"X[1,1|1,0]",4,"X[0,0|1,1]",4,"(4,3,0,4)",3163,"('A_X1','B_X1','A_X2','B_X2')"
3164,"XX[X[1,1|1,0],X[0,0|1,2]]",39,"X[1,1|1,0]",5,"X[0,0|1,2]",4,"(4,3,0,5)",3164,"('A_X1','B_X1','A_X2','B_X2')"
3165,"XX[X[1,1|1,0],X[0,0|2,0]]",39,"X[1,1|1,0]",6,"X[0,0|2,0]",4,"(4,3,0,6)",3165,"('A_X1','B_X1','A_X2','B_X2')"
3166,"XX[X[1,1|1,0],X[0,0|2,1]]",39,"X[1,1|1,0]",7,"X[0,0|2,1]",4,"(4,3,0,7)",3166,"('A_X1','B_X1','A_X2','B_X2')"
3167,"XX[X[1,1|1,0],X[0,0|2,2]]",39,"X[1,1|1,0]",8,"X[0,0|2,2]",4,"(4,3,0,8)",3167,"('A_X1','B_X1','A_X2','B_X2')"
3168,"XX[X[1,1|1,0],X[0,1|0,0]]",39,"X[1,1|1,0]",9,"X[0,1|0,0]",4,"(4,3,1,0)",3168,"('A_X1','B_X1','A_X2','B_X2')"
3169,"XX[X[1,1|1,0],X[0,1|0,1]]",39,"X[1,1|1,0]",10,"X[0,1|0,1]",4,"(4,3,1,1)",3169,"('A_X1','B_X1','A_X2','B_X2')"
3170,"XX[X[1,1|1,0],X[0,1|0,2]]",39,"X[1,1|1,0]",11,"X[0,1|0,2]",4,"(4,3,1,2)",3170,"('A_X1','B_X1','A_X2','B_X2')"
3171,"XX[X[1,1|1,0],X[0,1|1,0]]",39,"X[1,1|1,0]",12,"X[0,1|1,0]",4,"(4,3,1,3)",3171,"('A_X1','B_X1','A_X2','B_X2')"
3172,"XX[X[1,1|1,0],X[0,1|1,1]]",39,"X[1,1|1,0]",13,"X[0,1|1,1]",4,"(4,3,1,4)",3172,"('A_X1','B_X1','A_X2','B_X2')"
3173,"XX[X[1,1|1,0],X[0,1|1,2]]",39,"X[1,1|1,0]",14,"X[0,1|1,2]",4,"(4,3,1,5)",3173,"('A_X1','B_X1','A_X2','B_X2')"
3174,"XX[X[1,1|1,0],X[0,1|2,0]]",39,"X[1,1|1,0]",15,"X[0,1|2,0]",4,"(4,3,1,6)",3174,"('A_X1','B_X1','A_X2','B_X2')"
3175,"XX[X[1,1|1,0],X[0,1|2,1]]",39,"X[1,1|1,0]",16,"X[0,1|2,1]",4,"(4,3,1,7)",3175,"('A_X1','B_X1','A_X2','B_X2')"
3176,"XX[X[1,1|1,0],X[0,1|2,2]]",39,"X[1,1|1,0]",17,"X[0,1|2,2]",4,"(4,3,1,8)",3176,"('A_X1','B_X1','A_X2','B_X2')"
3177,"XX[X[1,1|1,0],X[0,2|0,0]]",39,"X[1,1|1,0]",18,"X[0,2|0,0]",4,"(4,3,2,0)",3177,"('A_X1','B_X1','A_X2','B_X2')"
3178,"XX[X[1,1|1,0],X[0,2|0,1]]",39,"X[1,1|1,0]",19,"X[0,2|0,1]",4,"(4,3,2,1)",3178,"('A_X1','B_X1','A_X2','B_X2')"
3179,"XX[X[1,1|1,0],X[0,2|0,2]]",39,"X[1,1|1,0]",20,"X[0,2|0,2]",4,"(4,3,2,2)",3179,"('A_X1','B_X1','A_X2','B_X2')"
3180,"XX[X[1,1|1,0],X[0,2|1,0]]",39,"X[1,1|1,0]",21,"X[0,2|1,0]",4,"(4,3,2,3)",3180,"('A_X1','B_X1','A_X2','B_X2')"
3181,"XX[X[1,1|1,0],X[0,2|1,1]]",39,"X[1,1|1,0]",22,"X[0,2|1,1]",4,"(4,3,2,4)",3181,"('A_X1','B_X1','A_X2','B_X2')"
3182,"XX[X[1,1|1,0],X[0,2|1,2]]",39,"X[1,1|1,0]",23,"X[0,2|1,2]",4,"(4,3,2,5)",3182,"('A_X1','B_X1','A_X2','B_X2')"
3183,"XX[X[1,1|1,0],X[0,2|2,0]]",39,"X[1,1|1,0]",24,"X[0,2|2,0]",4,"(4,3,2,6)",3183,"('A_X1','B_X1','A_X2','B_X2')"
3184,"XX[X[1,1|1,0],X[0,2|2,1]]",39,"X[1,1|1,0]",25,"X[0,2|2,1]",4,"(4,3,2,7)",3184,"('A_X1','B_X1','A_X2','B_X2')"
3185,"XX[X[1,1|1,0],X[0,2|2,2]]",39,"X[1,1|1,0]",26,"X[0,2|2,2]",4,"(4,3,2,8)",3185,"('A_X1','B_X1','A_X2','B_X2')"
3186,"XX[X[1,1|1,0],X[1,0|0,0]]",39,"X[1,1|1,0]",27,"X[1,0|0,0]",4,"(4,3,3,0)",3186,"('A_X1','B_X1','A_X2','B_X2')"
3187,"XX[X[1,1|1,0],X[1,0|0,1]]",39,"X[1,1|1,0]",28,"X[1,0|0,1]",4,"(4,3,3,1)",3187,"('A_X1','B_X1','A_X2','B_X2')"
3188,"XX[X[1,1|1,0],X[1,0|0,2]]",39,"X[1,1|1,0]",29,"X[1,0|0,2]",4,"(4,3,3,2)",3188,"('A_X1','B_X1','A_X2','B_X2')"
3189,"XX[X[1,1|1,0],X[1,0|1,0]]",39,"X[1,1|1,0]",30,"X[1,0|1,0]",4,"(4,3,3,3)",3189,"('A_X1','B_X1','A_X2','B_X2')"
3190,"XX[X[1,1|1,0],X[1,0|1,1]]",39,"X[1,1|1,0]",31,"X[1,0|1,1]",4,"(4,3,3,4)",3190,"('A_X1','B_X1','A_X2','B_X2')"
3191,"XX[X[1,1|1,0],X[1,0|1,2]]",39,"X[1,1|1,0]",32,"X[1,0|1,2]",4,"(4,3,3,5)",3191,"('A_X1','B_X1','A_X2','B_X2')"
3192,"XX[X[1,1|1,0],X[1,0|2,0]]",39,"X[1,1|1,0]",33,"X[1,0|2,0]",4,"(4,3,3,6)",3192,"('A_X1','B_X1','A_X2','B_X2')"
3193,"XX[X[1,1|1,0],X[1,0|2,1]]",39,"X[1,1|1,0]",34,"X[1,0|2,1]",4,"(4,3,3,7)",3193,"('A_X1','B_X1','A_X2','B_X2')"
3194,"XX[X[1,1|1,0],X[1,0|2,2]]",39,"X[1,1|1,0]",35,"X[1,0|2,2]",4,"(4,3,3,8)",3194,"('A_X1','B_X1','A_X2','B_X2')"
3195,"XX[X[1,1|1,0],X[1,1|0,0]]",39,"X[1,1|1,0]",36,"X[1,1|0,0]",4,"(4,3,4,0)",3195,"('A_X1','B_X1','A_X2','B_X2')"
3196,"XX[X[1,1|1,0],X[1,1|0,1]]",39,"X[1,1|1,0]",37,"X[1,1|0,1]",4,"(4,3,4,1)",3196,"('A_X1','B_X1','A_X2','B_X2')"
3197,"XX[X[1,1|1,0],X[1,1|0,2]]",39,"X[1,1|1,0]",38,"X[1,1|0,2]",4,"(4,3,4,2)",3197,"('A_X1','B_X1','A_X2','B_X2')"
3198,"XX[X[1,1|1,0],X[1,1|1,0]]",39,"X[1,1|1,0]",39,"X[1,1|1,0]",4,"(4,3,4,3)",3198,"('A_X1','B_X1','A_X2','B_X2')"
3199,"XX[X[1,1|1,0],X[1,1|1,1]]",39,"X[1,1|1,0]",40,"X[1,1|1,1]",4,"(4,3,4,4)",3199,"('A_X1','B_X1','A_X2','B_X2')"
3200,"XX[X[1,1|1,0],X[1,1|1,2]]",39,"X[1,1|1,0]",41,"X[1,1|1,2]",4,"(4,3,4,5)",3200,"('A_X1','B_X1','A_X2','B_X2')"
3201,"XX[X[1,1|1,0],X[1,1|2,0]]",39,"X[1,1|1,0]",42,"X[1,1|2,0]",4,"(4,3,4,6)",3201,"('A_X1','B_X1','A_X2','B_X2')"
3202,"XX[X[1,1|1,0],X[1,1|2,1]]",39,"X[1,1|1,0]",43,"X[1,1|2,1]",4,"(4,3,4,7)",3202,"('A_X1','B_X1','A_X2','B_X2')"
3203,"XX[X[1,1|1,0],X[1,1|2,2]]",39,"X[1,1|1,0]",44,"X[1,1|2,2]",4,"(4,3,4,8)",3203,"('A_X1','B_X1','A_X2','B_X2')"
3204,"XX[X[1,1|1,0],X[1,2|0,0]]",39,"X[1,1|1,0]",45,"X[1,2|0,0]",4,"(4,3,5,0)",3204,"('A_X1','B_X1','A_X2','B_X2')"
3205,"XX[X[1,1|1,0],X[1,2|0,1]]",39,"X[1,1|1,0]",46,"X[1,2|0,1]",4,"(4,3,5,1)",3205,"('A_X1','B_X1','A_X2','B_X2')"
3206,"XX[X[1,1|1,0],X[1,2|0,2]]",39,"X[1,1|1,0]",47,"X[1,2|0,2]",4,"(4,3,5,2)",3206,"('A_X1','B_X1','A_X2','B_X2')"
3207,"XX[X[1,1|1,0],X[1,2|1,0]]",39,"X[1,1|1,0]",48,"X[1,2|1,0]",4,"(4,3,5,3)",3207,"('A_X1','B_X1','A_X2','B_X2')"
3208,"XX[X[1,1|1,0],X[1,2|1,1]]",39,"X[1,1|1,0]",49,"X[1,2|1,1]",4,"(4,3,5,4)",3208,"('A_X1','B_X1','A_X2','B_X2')"
3209,"XX[X[1,1|1,0],X[1,2|1,2]]",39,"X[1,1|1,0]",50,"X[1,2|1,2]",4,"(4,3,5,5)",3209,"('A_X1','B_X1','A_X2','B_X2')"
3210,"XX[X[1,1|1,0],X[1,2|2,0]]",39,"X[1,1|1,0]",51,"X[1,2|2,0]",4,"(4,3,5,6)",3210,"('A_X1','B_X1','A_X2','B_X2')"
3211,"XX[X[1,1|1,0],X[1,2|2,1]]",39,"X[1,1|1,0]",52,"X[1,2|2,1]",4,"(4,3,5,7)",3211,"('A_X1','B_X1','A_X2','B_X2')"
3212,"XX[X[1,1|1,0],X[1,2|2,2]]",39,"X[1,1|1,0]",53,"X[1,2|2,2]",4,"(4,3,5,8)",3212,"('A_X1','B_X1','A_X2','B_X2')"
3213,"XX[X[1,1|1,0],X[2,0|0,0]]",39,"X[1,1|1,0]",54,"X[2,0|0,0]",4,"(4,3,6,0)",3213,"('A_X1','B_X1','A_X2','B_X2')"
3214,"XX[X[1,1|1,0],X[2,0|0,1]]",39,"X[1,1|1,0]",55,"X[2,0|0,1]",4,"(4,3,6,1)",3214,"('A_X1','B_X1','A_X2','B_X2')"
3215,"XX[X[1,1|1,0],X[2,0|0,2]]",39,"X[1,1|1,0]",56,"X[2,0|0,2]",4,"(4,3,6,2)",3215,"('A_X1','B_X1','A_X2','B_X2')"
3216,"XX[X[1,1|1,0],X[2,0|1,0]]",39,"X[1,1|1,0]",57,"X[2,0|1,0]",4,"(4,3,6,3)",3216,"('A_X1','B_X1','A_X2','B_X2')"
3217,"XX[X[1,1|1,0],X[2,0|1,1]]",39,"X[1,1|1,0]",58,"X[2,0|1,1]",4,"(4,3,6,4)",3217,"('A_X1','B_X1','A_X2','B_X2')"
3218,"XX[X[1,1|1,0],X[2,0|1,2]]",39,"X[1,1|1,0]",59,"X[2,0|1,2]",4,"(4,3,6,5)",3218,"('A_X1','B_X1','A_X2','B_X2')"
3219,"XX[X[1,1|1,0],X[2,0|2,0]]",39,"X[1,1|1,0]",60,"X[2,0|2,0]",4,"(4,3,6,6)",3219,"('A_X1','B_X1','A_X2','B_X2')"
3220,"XX[X[1,1|1,0],X[2,0|2,1]]",39,"X[1,1|1,0]",61,"X[2,0|2,1]",4,"(4,3,6,7)",3220,"('A_X1','B_X1','A_X2','B_X2')"
3221,"XX[X[1,1|1,0],X[2,0|2,2]]",39,"X[1,1|1,0]",62,"X[2,0|2,2]",4,"(4,3,6,8)",3221,"('A_X1','B_X1','A_X2','B_X2')"
3222,"XX[X[1,1|1,0],X[2,1|0,0]]",39,"X[1,1|1,0]",63,"X[2,1|0,0]",4,"(4,3,7,0)",3222,"('A_X1','B_X1','A_X2','B_X2')"
3223,"XX[X[1,1|1,0],X[2,1|0,1]]",39,"X[1,1|1,0]",64,"X[2,1|0,1]",4,"(4,3,7,1)",3223,"('A_X1','B_X1','A_X2','B_X2')"
3224,"XX[X[1,1|1,0],X[2,1|0,2]]",39,"X[1,1|1,0]",65,"X[2,1|0,2]",4,"(4,3,7,2)",3224,"('A_X1','B_X1','A_X2','B_X2')"
3225,"XX[X[1,1|1,0],X[2,1|1,0]]",39,"X[1,1|1,0]",66,"X[2,1|1,0]",4,"(4,3,7,3)",3225,"('A_X1','B_X1','A_X2','B_X2')"
3226,"XX[X[1,1|1,0],X[2,1|1,1]]",39,"X[1,1|1,0]",67,"X[2,1|1,1]",4,"(4,3,7,4)",3226,"('A_X1','B_X1','A_X2','B_X2')"
3227,"XX[X[1,1|1,0],X[2,1|1,2]]",39,"X[1,1|1,0]",68,"X[2,1|1,2]",4,"(4,3,7,5)",3227,"('A_X1','B_X1','A_X2','B_X2')"
3228,"XX[X[1,1|1,0],X[2,1|2,0]]",39,"X[1,1|1,0]",69,"X[2,1|2,0]",4,"(4,3,7,6)",3228,"('A_X1','B_X1','A_X2','B_X2')"
3229,"XX[X[1,1|1,0],X[2,1|2,1]]",39,"X[1,1|1,0]",70,"X[2,1|2,1]",4,"(4,3,7,7)",3229,"('A_X1','B_X1','A_X2','B_X2')"
3230,"XX[X[1,1|1,0],X[2,1|2,2]]",39,"X[1,1|1,0]",71,"X[2,1|2,2]",4,"(4,3,7,8)",3230,"('A_X1','B_X1','A_X2','B_X2')"
3231,"XX[X[1,1|1,0],X[2,2|0,0]]",39,"X[1,1|1,0]",72,"X[2,2|0,0]",4,"(4,3,8,0)",3231,"('A_X1','B_X1','A_X2','B_X2')"
3232,"XX[X[1,1|1,0],X[2,2|0,1]]",39,"X[1,1|1,0]",73,"X[2,2|0,1]",4,"(4,3,8,1)",3232,"('A_X1','B_X1','A_X2','B_X2')"
3233,"XX[X[1,1|1,0],X[2,2|0,2]]",39,"X[1,1|1,0]",74,"X[2,2|0,2]",4,"(4,3,8,2)",3233,"('A_X1','B_X1','A_X2','B_X2')"
3234,"XX[X[1,1|1,0],X[2,2|1,0]]",39,"X[1,1|1,0]",75,"X[2,2|1,0]",4,"(4,3,8,3)",3234,"('A_X1','B_X1','A_X2','B_X2')"
3235,"XX[X[1,1|1,0],X[2,2|1,1]]",39,"X[1,1|1,0]",76,"X[2,2|1,1]",4,"(4,3,8,4)",3235,"('A_X1','B_X1','A_X2','B_X2')"
3236,"XX[X[1,1|1,0],X[2,2|1,2]]",39,"X[1,1|1,0]",77,"X[2,2|1,2]",4,"(4,3,8,5)",3236,"('A_X1','B_X1','A_X2','B_X2')"
3237,"XX[X[1,1|1,0],X[2,2|2,0]]",39,"X[1,1|1,0]",78,"X[2,2|2,0]",4,"(4,3,8,6)",3237,"('A_X1','B_X1','A_X2','B_X2')"
3238,"XX[X[1,1|1,0],X[2,2|2,1]]",39,"X[1,1|1,0]",79,"X[2,2|2,1]",4,"(4,3,8,7)",3238,"('A_X1','B_X1','A_X2','B_X2')"
3239,"XX[X[1,1|1,0],X[2,2|2,2]]",39,"X[1,1|1,0]",80,"X[2,2|2,2]",4,"(4,3,8,8)",3239,"('A_X1','B_X1','A_X2','B_X2')"
3240,"XX[X[1,1|1,1],X[0,0|0,0]]",40,"X[1,1|1,1]",0,"X[0,0|0,0]",4,"(4,4,0,0)",3240,"('A_X1','B_X1','A_X2','B_X2')"
3241,"XX[X[1,1|1,1],X[0,0|0,1]]",40,"X[1,1|1,1]",1,"X[0,0|0,1]",4,"(4,4,0,1)",3241,"('A_X1','B_X1','A_X2','B_X2')"
3242,"XX[X[1,1|1,1],X[0,0|0,2]]",40,"X[1,1|1,1]",2,"X[0,0|0,2]",4,"(4,4,0,2)",3242,"('A_X1','B_X1','A_X2','B_X2')"
3243,"XX[X[1,1|1,1],X[0,0|1,0]]",40,"X[1,1|1,1]",3,"X[0,0|1,0]",4,"(4,4,0,3)",3243,"('A_X1','B_X1','A_X2','B_X2')"
3244,"XX[X[1,1|1,1],X[0,0|1,1]]",40,"X[1,1|1,1]",4,"X[0,0|1,1]",4,"(4,4,0,4)",3244,"('A_X1','B_X1','A_X2','B_X2')"
3245,"XX[X[1,1|1,1],X[0,0|1,2]]",40,"X[1,1|1,1]",5,"X[0,0|1,2]",4,"(4,4,0,5)",3245,"('A_X1','B_X1','A_X2','B_X2')"
3246,"XX[X[1,1|1,1],X[0,0|2,0]]",40,"X[1,1|1,1]",6,"X[0,0|2,0]",4,"(4,4,0,6)",3246,"('A_X1','B_X1','A_X2','B_X2')"
3247,"XX[X[1,1|1,1],X[0,0|2,1]]",40,"X[1,1|1,1]",7,"X[0,0|2,1]",4,"(4,4,0,7)",3247,"('A_X1','B_X1','A_X2','B_X2')"
3248,"XX[X[1,1|1,1],X[0,0|2,2]]",40,"X[1,1|1,1]",8,"X[0,0|2,2]",4,"(4,4,0,8)",3248,"('A_X1','B_X1','A_X2','B_X2')"
3249,"XX[X[1,1|1,1],X[0,1|0,0]]",40,"X[1,1|1,1]",9,"X[0,1|0,0]",4,"(4,4,1,0)",3249,"('A_X1','B_X1','A_X2','B_X2')"
3250,"XX[X[1,1|1,1],X[0,1|0,1]]",40,"X[1,1|1,1]",10,"X[0,1|0,1]",4,"(4,4,1,1)",3250,"('A_X1','B_X1','A_X2','B_X2')"
3251,"XX[X[1,1|1,1],X[0,1|0,2]]",40,"X[1,1|1,1]",11,"X[0,1|0,2]",4,"(4,4,1,2)",3251,"('A_X1','B_X1','A_X2','B_X2')"
3252,"XX[X[1,1|1,1],X[0,1|1,0]]",40,"X[1,1|1,1]",12,"X[0,1|1,0]",4,"(4,4,1,3)",3252,"('A_X1','B_X1','A_X2','B_X2')"
3253,"XX[X[1,1|1,1],X[0,1|1,1]]",40,"X[1,1|1,1]",13,"X[0,1|1,1]",4,"(4,4,1,4)",3253,"('A_X1','B_X1','A_X2','B_X2')"
3254,"XX[X[1,1|1,1],X[0,1|1,2]]",40,"X[1,1|1,1]",14,"X[0,1|1,2]",4,"(4,4,1,5)",3254,"('A_X1','B_X1','A_X2','B_X2')"
3255,"XX[X[1,1|1,1],X[0,1|2,0]]",40,"X[1,1|1,1]",15,"X[0,1|2,0]",4,"(4,4,1,6)",3255,"('A_X1','B_X1','A_X2','B_X2')"
3256,"XX[X[1,1|1,1],X[0,1|2,1]]",40,"X[1,1|1,1]",16,"X[0,1|2,1]",4,"(4,4,1,7)",3256,"('A_X1','B_X1','A_X2','B_X2')"
3257,"XX[X[1,1|1,1],X[0,1|2,2]]",40,"X[1,1|1,1]",17,"X[0,1|2,2]",4,"(4,4,1,8)",3257,"('A_X1','B_X1','A_X2','B_X2')"
3258,"XX[X[1,1|1,1],X[0,2|0,0]]",40,"X[1,1|1,1]",18,"X[0,2|0,0]",4,"(4,4,2,0)",3258,"('A_X1','B_X1','A_X2','B_X2')"
3259,"XX[X[1,1|1,1],X[0,2|0,1]]",40,"X[1,1|1,1]",19,"X[0,2|0,1]",4,"(4,4,2,1)",3259,"('A_X1','B_X1','A_X2','B_X2')"
3260,"XX[X[1,1|1,1],X[0,2|0,2]]",40,"X[1,1|1,1]",20,"X[0,2|0,2]",4,"(4,4,2,2)",3260,"('A_X1','B_X1','A_X2','B_X2')"
3261,"XX[X[1,1|1,1],X[0,2|1,0]]",40,"X[1,1|1,1]",21,"X[0,2|1,0]",4,"(4,4,2,3)",3261,"('A_X1','B_X1','A_X2','B_X2')"
3262,"XX[X[1,1|1,1],X[0,2|1,1]]",40,"X[1,1|1,1]",22,"X[0,2|1,1]",4,"(4,4,2,4)",3262,"('A_X1','B_X1','A_X2','B_X2')"
3263,"XX[X[1,1|1,1],X[0,2|1,2]]",40,"X[1,1|1,1]",23,"X[0,2|1,2]",4,"(4,4,2,5)",3263,"('A_X1','B_X1','A_X2','B_X2')"
3264,"XX[X[1,1|1,1],X[0,2|2,0]]",40,"X[1,1|1,1]",24,"X[0,2|2,0]",4,"(4,4,2,6)",3264,"('A_X1','B_X1','A_X2','B_X2')"
3265,"XX[X[1,1|1,1],X[0,2|2,1]]",40,"X[1,1|1,1]",25,"X[0,2|2,1]",4,"(4,4,2,7)",3265,"('A_X1','B_X1','A_X2','B_X2')"
3266,"XX[X[1,1|1,1],X[0,2|2,2]]",40,"X[1,1|1,1]",26,"X[0,2|2,2]",4,"(4,4,2,8)",3266,"('A_X1','B_X1','A_X2','B_X2')"
3267,"XX[X[1,1|1,1],X[1,0|0,0]]",40,"X[1,1|1,1]",27,"X[1,0|0,0]",4,"(4,4,3,0)",3267,"('A_X1','B_X1','A_X2','B_X2')"
3268,"XX[X[1,1|1,1],X[1,0|0,1]]",40,"X[1,1|1,1]",28,"X[1,0|0,1]",4,"(4,4,3,1)",3268,"('A_X1','B_X1','A_X2','B_X2')"
3269,"XX[X[1,1|1,1],X[1,0|0,2]]",40,"X[1,1|1,1]",29,"X[1,0|0,2]",4,"(4,4,3,2)",3269,"('A_X1','B_X1','A_X2','B_X2')"
3270,"XX[X[1,1|1,1],X[1,0|1,0]]",40,"X[1,1|1,1]",30,"X[1,0|1,0]",4,"(4,4,3,3)",3270,"('A_X1','B_X1','A_X2','B_X2')"
3271,"XX[X[1,1|1,1],X[1,0|1,1]]",40,"X[1,1|1,1]",31,"X[1,0|1,1]",4,"(4,4,3,4)",3271,"('A_X1','B_X1','A_X2','B_X2')"
3272,"XX[X[1,1|1,1],X[1,0|1,2]]",40,"X[1,1|1,1]",32,"X[1,0|1,2]",4,"(4,4,3,5)",3272,"('A_X1','B_X1','A_X2','B_X2')"
3273,"XX[X[1,1|1,1],X[1,0|2,0]]",40,"X[1,1|1,1]",33,"X[1,0|2,0]",4,"(4,4,3,6)",3273,"('A_X1','B_X1','A_X2','B_X2')"
3274,"XX[X[1,1|1,1],X[1,0|2,1]]",40,"X[1,1|1,1]",34,"X[1,0|2,1]",4,"(4,4,3,7)",3274,"('A_X1','B_X1','A_X2','B_X2')"
3275,"XX[X[1,1|1,1],X[1,0|2,2]]",40,"X[1,1|1,1]",35,"X[1,0|2,2]",4,"(4,4,3,8)",3275,"('A_X1','B_X1','A_X2','B_X2')"
3276,"XX[X[1,1|1,1],X[1,1|0,0]]",40,"X[1,1|1,1]",36,"X[1,1|0,0]",4,"(4,4,4,0)",3276,"('A_X1','B_X1','A_X2','B_X2')"
3277,"XX[X[1,1|1,1],X[1,1|0,1]]",40,"X[1,1|1,1]",37,"X[1,1|0,1]",4,"(4,4,4,1)",3277,"('A_X1','B_X1','A_X2','B_X2')"
3278,"XX[X[1,1|1,1],X[1,1|0,2]]",40,"X[1,1|1,1]",38,"X[1,1|0,2]",4,"(4,4,4,2)",3278,"('A_X1','B_X1','A_X2','B_X2')"
3279,"XX[X[1,1|1,1],X[1,1|1,0]]",40,"X[1,1|1,1]",39,"X[1,1|1,0]",4,"(4,4,4,3)",3279,"('A_X1','B_X1','A_X2','B_X2')"
3280,"XX[X[1,1|1,1],X[1,1|1,1]]",40,"X[1,1|1,1]",40,"X[1,1|1,1]",4,"(4,4,4,4)",3280,"('A_X1','B_X1','A_X2','B_X2')"
3281,"XX[X[1,1|1,1],X[1,1|1,2]]",40,"X[1,1|1,1]",41,"X[1,1|1,2]",4,"(4,4,4,5)",3281,"('A_X1','B_X1','A_X2','B_X2')"
3282,"XX[X[1,1|1,1],X[1,1|2,0]]",40,"X[1,1|1,1]",42,"X[1,1|2,0]",4,"(4,4,4,6)",3282,"('A_X1','B_X1','A_X2','B_X2')"
3283,"XX[X[1,1|1,1],X[1,1|2,1]]",40,"X[1,1|1,1]",43,"X[1,1|2,1]",4,"(4,4,4,7)",3283,"('A_X1','B_X1','A_X2','B_X2')"
3284,"XX[X[1,1|1,1],X[1,1|2,2]]",40,"X[1,1|1,1]",44,"X[1,1|2,2]",4,"(4,4,4,8)",3284,"('A_X1','B_X1','A_X2','B_X2')"
3285,"XX[X[1,1|1,1],X[1,2|0,0]]",40,"X[1,1|1,1]",45,"X[1,2|0,0]",4,"(4,4,5,0)",3285,"('A_X1','B_X1','A_X2','B_X2')"
3286,"XX[X[1,1|1,1],X[1,2|0,1]]",40,"X[1,1|1,1]",46,"X[1,2|0,1]",4,"(4,4,5,1)",3286,"('A_X1','B_X1','A_X2','B_X2')"
3287,"XX[X[1,1|1,1],X[1,2|0,2]]",40,"X[1,1|1,1]",47,"X[1,2|0,2]",4,"(4,4,5,2)",3287,"('A_X1','B_X1','A_X2','B_X2')"
3288,"XX[X[1,1|1,1],X[1,2|1,0]]",40,"X[1,1|1,1]",48,"X[1,2|1,0]",4,"(4,4,5,3)",3288,"('A_X1','B_X1','A_X2','B_X2')"
3289,"XX[X[1,1|1,1],X[1,2|1,1]]",40,"X[1,1|1,1]",49,"X[1,2|1,1]",4,"(4,4,5,4)",3289,"('A_X1','B_X1','A_X2','B_X2')"
3290,"XX[X[1,1|1,1],X[1,2|1,2]]",40,"X[1,1|1,1]",50,"X[1,2|1,2]",4,"(4,4,5,5)",3290,"('A_X1','B_X1','A_X2','B_X2')"
3291,"XX[X[1,1|1,1],X[1,2|2,0]]",40,"X[1,1|1,1]",51,"X[1,2|2,0]",4,"(4,4,5,6)",3291,"('A_X1','B_X1','A_X2','B_X2')"
3292,"XX[X[1,1|1,1],X[1,2|2,1]]",40,"X[1,1|1,1]",52,"X[1,2|2,1]",4,"(4,4,5,7)",3292,"('A_X1','B_X1','A_X2','B_X2')"
3293,"XX[X[1,1|1,1],X[1,2|2,2]]",40,"X[1,1|1,1]",53,"X[1,2|2,2]",4,"(4,4,5,8)",3293,"('A_X1','B_X1','A_X2','B_X2')"
3294,"XX[X[1,1|1,1],X[2,0|0,0]]",40,"X[1,1|1,1]",54,"X[2,0|0,0]",4,"(4,4,6,0)",3294,"('A_X1','B_X1','A_X2','B_X2')"
3295,"XX[X[1,1|1,1],X[2,0|0,1]]",40,"X[1,1|1,1]",55,"X[2,0|0,1]",4,"(4,4,6,1)",3295,"('A_X1','B_X1','A_X2','B_X2')"
3296,"XX[X[1,1|1,1],X[2,0|0,2]]",40,"X[1,1|1,1]",56,"X[2,0|0,2]",4,"(4,4,6,2)",3296,"('A_X1','B_X1','A_X2','B_X2')"
3297,"XX[X[1,1|1,1],X[2,0|1,0]]",40,"X[1,1|1,1]",57,"X[2,0|1,0]",4,"(4,4,6,3)",3297,"('A_X1','B_X1','A_X2','B_X2')"
3298,"XX[X[1,1|1,1],X[2,0|1,1]]",40,"X[1,1|1,1]",58,"X[2,0|1,1]",4,"(4,4,6,4)",3298,"('A_X1','B_X1','A_X2','B_X2')"
3299,"XX[X[1,1|1,1],X[2,0|1,2]]",40,"X[1,1|1,1]",59,"X[2,0|1,2]",4,"(4,4,6,5)",3299,"('A_X1','B_X1','A_X2','B_X2')"
3300,"XX[X[1,1|1,1],X[2,0|2,0]]",40,"X[1,1|1,1]",60,"X[2,0|2,0]",4,"(4,4,6,6)",3300,"('A_X1','B_X1','A_X2','B_X2')"
3301,"XX[X[1,1|1,1],X[2,0|2,1]]",40,"X[1,1|1,1]",61,"X[2,0|2,1]",4,"(4,4,6,7)",3301,"('A_X1','B_X1','A_X2','B_X2')"
3302,"XX[X[1,1|1,1],X[2,0|2,2]]",40,"X[1,1|1,1]",62,"X[2,0|2,2]",4,"(4,4,6,8)",3302,"('A_X1','B_X1','A_X2','B_X2')"
3303,"XX[X[1,1|1,1],X[2,1|0,0]]",40,"X[1,1|1,1]",63,"X[2,1|0,0]",4,"(4,4,7,0)",3303,"('A_X1','B_X1','A_X2','B_X2')"
3304,"XX[X[1,1|1,1],X[2,1|0,1]]",40,"X[1,1|1,1]",64,"X[2,1|0,1]",4,"(4,4,7,1)",3304,"('A_X1','B_X1','A_X2','B_X2')"
3305,"XX[X[1,1|1,1],X[2,1|0,2]]",40,"X[1,1|1,1]",65,"X[2,1|0,2]",4,"(4,4,7,2)",3305,"('A_X1','B_X1','A_X2','B_X2')"
3306,"XX[X[1,1|1,1],X[2,1|1,0]]",40,"X[1,1|1,1]",66,"X[2,1|1,0]",4,"(4,4,7,3)",3306,"('A_X1','B_X1','A_X2','B_X2')"
3307,"XX[X[1,1|1,1],X[2,1|1,1]]",40,"X[1,1|1,1]",67,"X[2,1|1,1]",4,"(4,4,7,4)",3307,"('A_X1','B_X1','A_X2','B_X2')"
3308,"XX[X[1,1|1,1],X[2,1|1,2]]",40,"X[1,1|1,1]",68,"X[2,1|1,2]",4,"(4,4,7,5)",3308,"('A_X1','B_X1','A_X2','B_X2')"
3309,"XX[X[1,1|1,1],X[2,1|2,0]]",40,"X[1,1|1,1]",69,"X[2,1|2,0]",4,"(4,4,7,6)",3309,"('A_X1','B_X1','A_X2','B_X2')"
3310,"XX[X[1,1|1,1],X[2,1|2,1]]",40,"X[1,1|1,1]",70,"X[2,1|2,1]",4,"(4,4,7,7)",3310,"('A_X1','B_X1','A_X2','B_X2')"
3311,"XX[X[1,1|1,1],X[2,1|2,2]]",40,"X[1,1|1,1]",71,"X[2,1|2,2]",4,"(4,4,7,8)",3311,"('A_X1','B_X1','A_X2','B_X2')"
3312,"XX[X[1,1|1,1],X[2,2|0,0]]",40,"X[1,1|1,1]",72,"X[2,2|0,0]",4,"(4,4,8,0)",3312,"('A_X1','B_X1','A_X2','B_X2')"
3313,"XX[X[1,1|1,1],X[2,2|0,1]]",40,"X[1,1|1,1]",73,"X[2,2|0,1]",4,"(4,4,8,1)",3313,"('A_X1','B_X1','A_X2','B_X2')"
3314,"XX[X[1,1|1,1],X[2,2|0,2]]",40,"X[1,1|1,1]",74,"X[2,2|0,2]",4,"(4,4,8,2)",3314,"('A_X1','B_X1','A_X2','B_X2')"
3315,"XX[X[1,1|1,1],X[2,2|1,0]]",40,"X[1,1|1,1]",75,"X[2,2|1,0]",4,"(4,4,8,3)",3315,"('A_X1','B_X1','A_X2','B_X2')"
3316,"XX[X[1,1|1,1],X[2,2|1,1]]",40,"X[1,1|1,1]",76,"X[2,2|1,1]",4,"(4,4,8,4)",3316,"('A_X1','B_X1','A_X2','B_X2')"
3317,"XX[X[1,1|1,1],X[2,2|1,2]]",40,"X[1,1|1,1]",77,"X[2,2|1,2]",4,"(4,4,8,5)",3317,"('A_X1','B_X1','A_X2','B_X2')"
3318,"XX[X[1,1|1,1],X[2,2|2,0]]",40,"X[1,1|1,1]",78,"X[2,2|2,0]",4,"(4,4,8,6)",3318,"('A_X1','B_X1','A_X2','B_X2')"
3319,"XX[X[1,1|1,1],X[2,2|2,1]]",40,"X[1,1|1,1]",79,"X[2,2|2,1]",4,"(4,4,8,7)",3319,"('A_X1','B_X1','A_X2','B_X2')"
3320,"XX[X[1,1|1,1],X[2,2|2,2]]",40,"X[1,1|1,1]",80,"X[2,2|2,2]",4,"(4,4,8,8)",3320,"('A_X1','B_X1','A_X2','B_X2')"
3321,"XX[X[1,1|1,2],X[0,0|0,0]]",41,"X[1,1|1,2]",0,"X[0,0|0,0]",4,"(4,5,0,0)",3321,"('A_X1','B_X1','A_X2','B_X2')"
3322,"XX[X[1,1|1,2],X[0,0|0,1]]",41,"X[1,1|1,2]",1,"X[0,0|0,1]",4,"(4,5,0,1)",3322,"('A_X1','B_X1','A_X2','B_X2')"
3323,"XX[X[1,1|1,2],X[0,0|0,2]]",41,"X[1,1|1,2]",2,"X[0,0|0,2]",4,"(4,5,0,2)",3323,"('A_X1','B_X1','A_X2','B_X2')"
3324,"XX[X[1,1|1,2],X[0,0|1,0]]",41,"X[1,1|1,2]",3,"X[0,0|1,0]",4,"(4,5,0,3)",3324,"('A_X1','B_X1','A_X2','B_X2')"
3325,"XX[X[1,1|1,2],X[0,0|1,1]]",41,"X[1,1|1,2]",4,"X[0,0|1,1]",4,"(4,5,0,4)",3325,"('A_X1','B_X1','A_X2','B_X2')"
3326,"XX[X[1,1|1,2],X[0,0|1,2]]",41,"X[1,1|1,2]",5,"X[0,0|1,2]",4,"(4,5,0,5)",3326,"('A_X1','B_X1','A_X2','B_X2')"
3327,"XX[X[1,1|1,2],X[0,0|2,0]]",41,"X[1,1|1,2]",6,"X[0,0|2,0]",4,"(4,5,0,6)",3327,"('A_X1','B_X1','A_X2','B_X2')"
3328,"XX[X[1,1|1,2],X[0,0|2,1]]",41,"X[1,1|1,2]",7,"X[0,0|2,1]",4,"(4,5,0,7)",3328,"('A_X1','B_X1','A_X2','B_X2')"
3329,"XX[X[1,1|1,2],X[0,0|2,2]]",41,"X[1,1|1,2]",8,"X[0,0|2,2]",4,"(4,5,0,8)",3329,"('A_X1','B_X1','A_X2','B_X2')"
3330,"XX[X[1,1|1,2],X[0,1|0,0]]",41,"X[1,1|1,2]",9,"X[0,1|0,0]",4,"(4,5,1,0)",3330,"('A_X1','B_X1','A_X2','B_X2')"
3331,"XX[X[1,1|1,2],X[0,1|0,1]]",41,"X[1,1|1,2]",10,"X[0,1|0,1]",4,"(4,5,1,1)",3331,"('A_X1','B_X1','A_X2','B_X2')"
3332,"XX[X[1,1|1,2],X[0,1|0,2]]",41,"X[1,1|1,2]",11,"X[0,1|0,2]",4,"(4,5,1,2)",3332,"('A_X1','B_X1','A_X2','B_X2')"
3333,"XX[X[1,1|1,2],X[0,1|1,0]]",41,"X[1,1|1,2]",12,"X[0,1|1,0]",4,"(4,5,1,3)",3333,"('A_X1','B_X1','A_X2','B_X2')"
3334,"XX[X[1,1|1,2],X[0,1|1,1]]",41,"X[1,1|1,2]",13,"X[0,1|1,1]",4,"(4,5,1,4)",3334,"('A_X1','B_X1','A_X2','B_X2')"
3335,"XX[X[1,1|1,2],X[0,1|1,2]]",41,"X[1,1|1,2]",14,"X[0,1|1,2]",4,"(4,5,1,5)",3335,"('A_X1','B_X1','A_X2','B_X2')"
3336,"XX[X[1,1|1,2],X[0,1|2,0]]",41,"X[1,1|1,2]",15,"X[0,1|2,0]",4,"(4,5,1,6)",3336,"('A_X1','B_X1','A_X2','B_X2')"
3337,"XX[X[1,1|1,2],X[0,1|2,1]]",41,"X[1,1|1,2]",16,"X[0,1|2,1]",4,"(4,5,1,7)",3337,"('A_X1','B_X1','A_X2','B_X2')"
3338,"XX[X[1,1|1,2],X[0,1|2,2]]",41,"X[1,1|1,2]",17,"X[0,1|2,2]",4,"(4,5,1,8)",3338,"('A_X1','B_X1','A_X2','B_X2')"
3339,"XX[X[1,1|1,2],X[0,2|0,0]]",41,"X[1,1|1,2]",18,"X[0,2|0,0]",4,"(4,5,2,0)",3339,"('A_X1','B_X1','A_X2','B_X2')"
3340,"XX[X[1,1|1,2],X[0,2|0,1]]",41,"X[1,1|1,2]",19,"X[0,2|0,1]",4,"(4,5,2,1)",3340,"('A_X1','B_X1','A_X2','B_X2')"
3341,"XX[X[1,1|1,2],X[0,2|0,2]]",41,"X[1,1|1,2]",20,"X[0,2|0,2]",4,"(4,5,2,2)",3341,"('A_X1','B_X1','A_X2','B_X2')"
3342,"XX[X[1,1|1,2],X[0,2|1,0]]",41,"X[1,1|1,2]",21,"X[0,2|1,0]",4,"(4,5,2,3)",3342,"('A_X1','B_X1','A_X2','B_X2')"
3343,"XX[X[1,1|1,2],X[0,2|1,1]]",41,"X[1,1|1,2]",22,"X[0,2|1,1]",4,"(4,5,2,4)",3343,"('A_X1','B_X1','A_X2','B_X2')"
3344,"XX[X[1,1|1,2],X[0,2|1,2]]",41,"X[1,1|1,2]",23,"X[0,2|1,2]",4,"(4,5,2,5)",3344,"('A_X1','B_X1','A_X2','B_X2')"
3345,"XX[X[1,1|1,2],X[0,2|2,0]]",41,"X[1,1|1,2]",24,"X[0,2|2,0]",4,"(4,5,2,6)",3345,"('A_X1','B_X1','A_X2','B_X2')"
3346,"XX[X[1,1|1,2],X[0,2|2,1]]",41,"X[1,1|1,2]",25,"X[0,2|2,1]",4,"(4,5,2,7)",3346,"('A_X1','B_X1','A_X2','B_X2')"
3347,"XX[X[1,1|1,2],X[0,2|2,2]]",41,"X[1,1|1,2]",26,"X[0,2|2,2]",4,"(4,5,2,8)",3347,"('A_X1','B_X1','A_X2','B_X2')"
3348,"XX[X[1,1|1,2],X[1,0|0,0]]",41,"X[1,1|1,2]",27,"X[1,0|0,0]",4,"(4,5,3,0)",3348,"('A_X1','B_X1','A_X2','B_X2')"
3349,"XX[X[1,1|1,2],X[1,0|0,1]]",41,"X[1,1|1,2]",28,"X[1,0|0,1]",4,"(4,5,3,1)",3349,"('A_X1','B_X1','A_X2','B_X2')"
3350,"XX[X[1,1|1,2],X[1,0|0,2]]",41,"X[1,1|1,2]",29,"X[1,0|0,2]",4,"(4,5,3,2)",3350,"('A_X1','B_X1','A_X2','B_X2')"
3351,"XX[X[1,1|1,2],X[1,0|1,0]]",41,"X[1,1|1,2]",30,"X[1,0|1,0]",4,"(4,5,3,3)",3351,"('A_X1','B_X1','A_X2','B_X2')"
3352,"XX[X[1,1|1,2],X[1,0|1,1]]",41,"X[1,1|1,2]",31,"X[1,0|1,1]",4,"(4,5,3,4)",3352,"('A_X1','B_X1','A_X2','B_X2')"
3353,"XX[X[1,1|1,2],X[1,0|1,2]]",41,"X[1,1|1,2]",32,"X[1,0|1,2]",4,"(4,5,3,5)",3353,"('A_X1','B_X1','A_X2','B_X2')"
3354,"XX[X[1,1|1,2],X[1,0|2,0]]",41,"X[1,1|1,2]",33,"X[1,0|2,0]",4,"(4,5,3,6)",3354,"('A_X1','B_X1','A_X2','B_X2')"
3355,"XX[X[1,1|1,2],X[1,0|2,1]]",41,"X[1,1|1,2]",34,"X[1,0|2,1]",4,"(4,5,3,7)",3355,"('A_X1','B_X1','A_X2','B_X2')"
3356,"XX[X[1,1|1,2],X[1,0|2,2]]",41,"X[1,1|1,2]",35,"X[1,0|2,2]",4,"(4,5,3,8)",3356,"('A_X1','B_X1','A_X2','B_X2')"
3357,"XX[X[1,1|1,2],X[1,1|0,0]]",41,"X[1,1|1,2]",36,"X[1,1|0,0]",4,"(4,5,4,0)",3357,"('A_X1','B_X1','A_X2','B_X2')"
3358,"XX[X[1,1|1,2],X[1,1|0,1]]",41,"X[1,1|1,2]",37,"X[1,1|0,1]",4,"(4,5,4,1)",3358,"('A_X1','B_X1','A_X2','B_X2')"
3359,"XX[X[1,1|1,2],X[1,1|0,2]]",41,"X[1,1|1,2]",38,"X[1,1|0,2]",4,"(4,5,4,2)",3359,"('A_X1','B_X1','A_X2','B_X2')"
3360,"XX[X[1,1|1,2],X[1,1|1,0]]",41,"X[1,1|1,2]",39,"X[1,1|1,0]",4,"(4,5,4,3)",3360,"('A_X1','B_X1','A_X2','B_X2')"
3361,"XX[X[1,1|1,2],X[1,1|1,1]]",41,"X[1,1|1,2]",40,"X[1,1|1,1]",4,"(4,5,4,4)",3361,"('A_X1','B_X1','A_X2','B_X2')"
3362,"XX[X[1,1|1,2],X[1,1|1,2]]",41,"X[1,1|1,2]",41,"X[1,1|1,2]",4,"(4,5,4,5)",3362,"('A_X1','B_X1','A_X2','B_X2')"
3363,"XX[X[1,1|1,2],X[1,1|2,0]]",41,"X[1,1|1,2]",42,"X[1,1|2,0]",4,"(4,5,4,6)",3363,"('A_X1','B_X1','A_X2','B_X2')"
3364,"XX[X[1,1|1,2],X[1,1|2,1]]",41,"X[1,1|1,2]",43,"X[1,1|2,1]",4,"(4,5,4,7)",3364,"('A_X1','B_X1','A_X2','B_X2')"
3365,"XX[X[1,1|1,2],X[1,1|2,2]]",41,"X[1,1|1,2]",44,"X[1,1|2,2]",4,"(4,5,4,8)",3365,"('A_X1','B_X1','A_X2','B_X2')"
3366,"XX[X[1,1|1,2],X[1,2|0,0]]",41,"X[1,1|1,2]",45,"X[1,2|0,0]",4,"(4,5,5,0)",3366,"('A_X1','B_X1','A_X2','B_X2')"
3367,"XX[X[1,1|1,2],X[1,2|0,1]]",41,"X[1,1|1,2]",46,"X[1,2|0,1]",4,"(4,5,5,1)",3367,"('A_X1','B_X1','A_X2','B_X2')"
3368,"XX[X[1,1|1,2],X[1,2|0,2]]",41,"X[1,1|1,2]",47,"X[1,2|0,2]",4,"(4,5,5,2)",3368,"('A_X1','B_X1','A_X2','B_X2')"
3369,"XX[X[1,1|1,2],X[1,2|1,0]]",41,"X[1,1|1,2]",48,"X[1,2|1,0]",4,"(4,5,5,3)",3369,"('A_X1','B_X1','A_X2','B_X2')"
3370,"XX[X[1,1|1,2],X[1,2|1,1]]",41,"X[1,1|1,2]",49,"X[1,2|1,1]",4,"(4,5,5,4)",3370,"('A_X1','B_X1','A_X2','B_X2')"
3371,"XX[X[1,1|1,2],X[1,2|1,2]]",41,"X[1,1|1,2]",50,"X[1,2|1,2]",4,"(4,5,5,5)",3371,"('A_X1','B_X1','A_X2','B_X2')"
3372,"XX[X[1,1|1,2],X[1,2|2,0]]",41,"X[1,1|1,2]",51,"X[1,2|2,0]",4,"(4,5,5,6)",3372,"('A_X1','B_X1','A_X2','B_X2')"
3373,"XX[X[1,1|1,2],X[1,2|2,1]]",41,"X[1,1|1,2]",52,"X[1,2|2,1]",4,"(4,5,5,7)",3373,"('A_X1','B_X1','A_X2','B_X2')"
3374,"XX[X[1,1|1,2],X[1,2|2,2]]",41,"X[1,1|1,2]",53,"X[1,2|2,2]",4,"(4,5,5,8)",3374,"('A_X1','B_X1','A_X2','B_X2')"
3375,"XX[X[1,1|1,2],X[2,0|0,0]]",41,"X[1,1|1,2]",54,"X[2,0|0,0]",4,"(4,5,6,0)",3375,"('A_X1','B_X1','A_X2','B_X2')"
3376,"XX[X[1,1|1,2],X[2,0|0,1]]",41,"X[1,1|1,2]",55,"X[2,0|0,1]",4,"(4,5,6,1)",3376,"('A_X1','B_X1','A_X2','B_X2')"
3377,"XX[X[1,1|1,2],X[2,0|0,2]]",41,"X[1,1|1,2]",56,"X[2,0|0,2]",4,"(4,5,6,2)",3377,"('A_X1','B_X1','A_X2','B_X2')"
3378,"XX[X[1,1|1,2],X[2,0|1,0]]",41,"X[1,1|1,2]",57,"X[2,0|1,0]",4,"(4,5,6,3)",3378,"('A_X1','B_X1','A_X2','B_X2')"
3379,"XX[X[1,1|1,2],X[2,0|1,1]]",41,"X[1,1|1,2]",58,"X[2,0|1,1]",4,"(4,5,6,4)",3379,"('A_X1','B_X1','A_X2','B_X2')"
3380,"XX[X[1,1|1,2],X[2,0|1,2]]",41,"X[1,1|1,2]",59,"X[2,0|1,2]",4,"(4,5,6,5)",3380,"('A_X1','B_X1','A_X2','B_X2')"
3381,"XX[X[1,1|1,2],X[2,0|2,0]]",41,"X[1,1|1,2]",60,"X[2,0|2,0]",4,"(4,5,6,6)",3381,"('A_X1','B_X1','A_X2','B_X2')"
3382,"XX[X[1,1|1,2],X[2,0|2,1]]",41,"X[1,1|1,2]",61,"X[2,0|2,1]",4,"(4,5,6,7)",3382,"('A_X1','B_X1','A_X2','B_X2')"
3383,"XX[X[1,1|1,2],X[2,0|2,2]]",41,"X[1,1|1,2]",62,"X[2,0|2,2]",4,"(4,5,6,8)",3383,"('A_X1','B_X1','A_X2','B_X2')"
3384,"XX[X[1,1|1,2],X[2,1|0,0]]",41,"X[1,1|1,2]",63,"X[2,1|0,0]",4,"(4,5,7,0)",3384,"('A_X1','B_X1','A_X2','B_X2')"
3385,"XX[X[1,1|1,2],X[2,1|0,1]]",41,"X[1,1|1,2]",64,"X[2,1|0,1]",4,"(4,5,7,1)",3385,"('A_X1','B_X1','A_X2','B_X2')"
3386,"XX[X[1,1|1,2],X[2,1|0,2]]",41,"X[1,1|1,2]",65,"X[2,1|0,2]",4,"(4,5,7,2)",3386,"('A_X1','B_X1','A_X2','B_X2')"
3387,"XX[X[1,1|1,2],X[2,1|1,0]]",41,"X[1,1|1,2]",66,"X[2,1|1,0]",4,"(4,5,7,3)",3387,"('A_X1','B_X1','A_X2','B_X2')"
3388,"XX[X[1,1|1,2],X[2,1|1,1]]",41,"X[1,1|1,2]",67,"X[2,1|1,1]",4,"(4,5,7,4)",3388,"('A_X1','B_X1','A_X2','B_X2')"
3389,"XX[X[1,1|1,2],X[2,1|1,2]]",41,"X[1,1|1,2]",68,"X[2,1|1,2]",4,"(4,5,7,5)",3389,"('A_X1','B_X1','A_X2','B_X2')"
3390,"XX[X[1,1|1,2],X[2,1|2,0]]",41,"X[1,1|1,2]",69,"X[2,1|2,0]",4,"(4,5,7,6)",3390,"('A_X1','B_X1','A_X2','B_X2')"
3391,"XX[X[1,1|1,2],X[2,1|2,1]]",41,"X[1,1|1,2]",70,"X[2,1|2,1]",4,"(4,5,7,7)",3391,"('A_X1','B_X1','A_X2','B_X2')"
3392,"XX[X[1,1|1,2],X[2,1|2,2]]",41,"X[1,1|1,2]",71,"X[2,1|2,2]",4,"(4,5,7,8)",3392,"('A_X1','B_X1','A_X2','B_X2')"
3393,"XX[X[1,1|1,2],X[2,2|0,0]]",41,"X[1,1|1,2]",72,"X[2,2|0,0]",4,"(4,5,8,0)",3393,"('A_X1','B_X1','A_X2','B_X2')"
3394,"XX[X[1,1|1,2],X[2,2|0,1]]",41,"X[1,1|1,2]",73,"X[2,2|0,1]",4,"(4,5,8,1)",3394,"('A_X1','B_X1','A_X2','B_X2')"
3395,"XX[X[1,1|1,2],X[2,2|0,2]]",41,"X[1,1|1,2]",74,"X[2,2|0,2]",4,"(4,5,8,2)",3395,"('A_X1','B_X1','A_X2','B_X2')"
3396,"XX[X[1,1|1,2],X[2,2|1,0]]",41,"X[1,1|1,2]",75,"X[2,2|1,0]",4,"(4,5,8,3)",3396,"('A_X1','B_X1','A_X2','B_X2')"
3397,"XX[X[1,1|1,2],X[2,2|1,1]]",41,"X[1,1|1,2]",76,"X[2,2|1,1]",4,"(4,5,8,4)",3397,"('A_X1','B_X1','A_X2','B_X2')"
3398,"XX[X[1,1|1,2],X[2,2|1,2]]",41,"X[1,1|1,2]",77,"X[2,2|1,2]",4,"(4,5,8,5)",3398,"('A_X1','B_X1','A_X2','B_X2')"
3399,"XX[X[1,1|1,2],X[2,2|2,0]]",41,"X[1,1|1,2]",78,"X[2,2|2,0]",4,"(4,5,8,6)",3399,"('A_X1','B_X1','A_X2','B_X2')"
3400,"XX[X[1,1|1,2],X[2,2|2,1]]",41,"X[1,1|1,2]",79,"X[2,2|2,1]",4,"(4,5,8,7)",3400,"('A_X1','B_X1','A_X2','B_X2')"
3401,"XX[X[1,1|1,2],X[2,2|2,2]]",41,"X[1,1|1,2]",80,"X[2,2|2,2]",4,"(4,5,8,8)",3401,"('A_X1','B_X1','A_X2','B_X2')"
3402,"XX[X[1,1|2,0],X[0,0|0,0]]",42,"X[1,1|2,0]",0,"X[0,0|0,0]",4,"(4,6,0,0)",3402,"('A_X1','B_X1','A_X2','B_X2')"
3403,"XX[X[1,1|2,0],X[0,0|0,1]]",42,"X[1,1|2,0]",1,"X[0,0|0,1]",4,"(4,6,0,1)",3403,"('A_X1','B_X1','A_X2','B_X2')"
3404,"XX[X[1,1|2,0],X[0,0|0,2]]",42,"X[1,1|2,0]",2,"X[0,0|0,2]",4,"(4,6,0,2)",3404,"('A_X1','B_X1','A_X2','B_X2')"
3405,"XX[X[1,1|2,0],X[0,0|1,0]]",42,"X[1,1|2,0]",3,"X[0,0|1,0]",4,"(4,6,0,3)",3405,"('A_X1','B_X1','A_X2','B_X2')"
3406,"XX[X[1,1|2,0],X[0,0|1,1]]",42,"X[1,1|2,0]",4,"X[0,0|1,1]",4,"(4,6,0,4)",3406,"('A_X1','B_X1','A_X2','B_X2')"
3407,"XX[X[1,1|2,0],X[0,0|1,2]]",42,"X[1,1|2,0]",5,"X[0,0|1,2]",4,"(4,6,0,5)",3407,"('A_X1','B_X1','A_X2','B_X2')"
3408,"XX[X[1,1|2,0],X[0,0|2,0]]",42,"X[1,1|2,0]",6,"X[0,0|2,0]",4,"(4,6,0,6)",3408,"('A_X1','B_X1','A_X2','B_X2')"
3409,"XX[X[1,1|2,0],X[0,0|2,1]]",42,"X[1,1|2,0]",7,"X[0,0|2,1]",4,"(4,6,0,7)",3409,"('A_X1','B_X1','A_X2','B_X2')"
3410,"XX[X[1,1|2,0],X[0,0|2,2]]",42,"X[1,1|2,0]",8,"X[0,0|2,2]",4,"(4,6,0,8)",3410,"('A_X1','B_X1','A_X2','B_X2')"
3411,"XX[X[1,1|2,0],X[0,1|0,0]]",42,"X[1,1|2,0]",9,"X[0,1|0,0]",4,"(4,6,1,0)",3411,"('A_X1','B_X1','A_X2','B_X2')"
3412,"XX[X[1,1|2,0],X[0,1|0,1]]",42,"X[1,1|2,0]",10,"X[0,1|0,1]",4,"(4,6,1,1)",3412,"('A_X1','B_X1','A_X2','B_X2')"
3413,"XX[X[1,1|2,0],X[0,1|0,2]]",42,"X[1,1|2,0]",11,"X[0,1|0,2]",4,"(4,6,1,2)",3413,"('A_X1','B_X1','A_X2','B_X2')"
3414,"XX[X[1,1|2,0],X[0,1|1,0]]",42,"X[1,1|2,0]",12,"X[0,1|1,0]",4,"(4,6,1,3)",3414,"('A_X1','B_X1','A_X2','B_X2')"
3415,"XX[X[1,1|2,0],X[0,1|1,1]]",42,"X[1,1|2,0]",13,"X[0,1|1,1]",4,"(4,6,1,4)",3415,"('A_X1','B_X1','A_X2','B_X2')"
3416,"XX[X[1,1|2,0],X[0,1|1,2]]",42,"X[1,1|2,0]",14,"X[0,1|1,2]",4,"(4,6,1,5)",3416,"('A_X1','B_X1','A_X2','B_X2')"
3417,"XX[X[1,1|2,0],X[0,1|2,0]]",42,"X[1,1|2,0]",15,"X[0,1|2,0]",4,"(4,6,1,6)",3417,"('A_X1','B_X1','A_X2','B_X2')"
3418,"XX[X[1,1|2,0],X[0,1|2,1]]",42,"X[1,1|2,0]",16,"X[0,1|2,1]",4,"(4,6,1,7)",3418,"('A_X1','B_X1','A_X2','B_X2')"
3419,"XX[X[1,1|2,0],X[0,1|2,2]]",42,"X[1,1|2,0]",17,"X[0,1|2,2]",4,"(4,6,1,8)",3419,"('A_X1','B_X1','A_X2','B_X2')"
3420,"XX[X[1,1|2,0],X[0,2|0,0]]",42,"X[1,1|2,0]",18,"X[0,2|0,0]",4,"(4,6,2,0)",3420,"('A_X1','B_X1','A_X2','B_X2')"
3421,"XX[X[1,1|2,0],X[0,2|0,1]]",42,"X[1,1|2,0]",19,"X[0,2|0,1]",4,"(4,6,2,1)",3421,"('A_X1','B_X1','A_X2','B_X2')"
3422,"XX[X[1,1|2,0],X[0,2|0,2]]",42,"X[1,1|2,0]",20,"X[0,2|0,2]",4,"(4,6,2,2)",3422,"('A_X1','B_X1','A_X2','B_X2')"
3423,"XX[X[1,1|2,0],X[0,2|1,0]]",42,"X[1,1|2,0]",21,"X[0,2|1,0]",4,"(4,6,2,3)",3423,"('A_X1','B_X1','A_X2','B_X2')"
3424,"XX[X[1,1|2,0],X[0,2|1,1]]",42,"X[1,1|2,0]",22,"X[0,2|1,1]",4,"(4,6,2,4)",3424,"('A_X1','B_X1','A_X2','B_X2')"
3425,"XX[X[1,1|2,0],X[0,2|1,2]]",42,"X[1,1|2,0]",23,"X[0,2|1,2]",4,"(4,6,2,5)",3425,"('A_X1','B_X1','A_X2','B_X2')"
3426,"XX[X[1,1|2,0],X[0,2|2,0]]",42,"X[1,1|2,0]",24,"X[0,2|2,0]",4,"(4,6,2,6)",3426,"('A_X1','B_X1','A_X2','B_X2')"
3427,"XX[X[1,1|2,0],X[0,2|2,1]]",42,"X[1,1|2,0]",25,"X[0,2|2,1]",4,"(4,6,2,7)",3427,"('A_X1','B_X1','A_X2','B_X2')"
3428,"XX[X[1,1|2,0],X[0,2|2,2]]",42,"X[1,1|2,0]",26,"X[0,2|2,2]",4,"(4,6,2,8)",3428,"('A_X1','B_X1','A_X2','B_X2')"
3429,"XX[X[1,1|2,0],X[1,0|0,0]]",42,"X[1,1|2,0]",27,"X[1,0|0,0]",4,"(4,6,3,0)",3429,"('A_X1','B_X1','A_X2','B_X2')"
3430,"XX[X[1,1|2,0],X[1,0|0,1]]",42,"X[1,1|2,0]",28,"X[1,0|0,1]",4,"(4,6,3,1)",3430,"('A_X1','B_X1','A_X2','B_X2')"
3431,"XX[X[1,1|2,0],X[1,0|0,2]]",42,"X[1,1|2,0]",29,"X[1,0|0,2]",4,"(4,6,3,2)",3431,"('A_X1','B_X1','A_X2','B_X2')"
3432,"XX[X[1,1|2,0],X[1,0|1,0]]",42,"X[1,1|2,0]",30,"X[1,0|1,0]",4,"(4,6,3,3)",3432,"('A_X1','B_X1','A_X2','B_X2')"
3433,"XX[X[1,1|2,0],X[1,0|1,1]]",42,"X[1,1|2,0]",31,"X[1,0|1,1]",4,"(4,6,3,4)",3433,"('A_X1','B_X1','A_X2','B_X2')"
3434,"XX[X[1,1|2,0],X[1,0|1,2]]",42,"X[1,1|2,0]",32,"X[1,0|1,2]",4,"(4,6,3,5)",3434,"('A_X1','B_X1','A_X2','B_X2')"
3435,"XX[X[1,1|2,0],X[1,0|2,0]]",42,"X[1,1|2,0]",33,"X[1,0|2,0]",4,"(4,6,3,6)",3435,"('A_X1','B_X1','A_X2','B_X2')"
3436,"XX[X[1,1|2,0],X[1,0|2,1]]",42,"X[1,1|2,0]",34,"X[1,0|2,1]",4,"(4,6,3,7)",3436,"('A_X1','B_X1','A_X2','B_X2')"
3437,"XX[X[1,1|2,0],X[1,0|2,2]]",42,"X[1,1|2,0]",35,"X[1,0|2,2]",4,"(4,6,3,8)",3437,"('A_X1','B_X1','A_X2','B_X2')"
3438,"XX[X[1,1|2,0],X[1,1|0,0]]",42,"X[1,1|2,0]",36,"X[1,1|0,0]",4,"(4,6,4,0)",3438,"('A_X1','B_X1','A_X2','B_X2')"
3439,"XX[X[1,1|2,0],X[1,1|0,1]]",42,"X[1,1|2,0]",37,"X[1,1|0,1]",4,"(4,6,4,1)",3439,"('A_X1','B_X1','A_X2','B_X2')"
3440,"XX[X[1,1|2,0],X[1,1|0,2]]",42,"X[1,1|2,0]",38,"X[1,1|0,2]",4,"(4,6,4,2)",3440,"('A_X1','B_X1','A_X2','B_X2')"
3441,"XX[X[1,1|2,0],X[1,1|1,0]]",42,"X[1,1|2,0]",39,"X[1,1|1,0]",4,"(4,6,4,3)",3441,"('A_X1','B_X1','A_X2','B_X2')"
3442,"XX[X[1,1|2,0],X[1,1|1,1]]",42,"X[1,1|2,0]",40,"X[1,1|1,1]",4,"(4,6,4,4)",3442,"('A_X1','B_X1','A_X2','B_X2')"
3443,"XX[X[1,1|2,0],X[1,1|1,2]]",42,"X[1,1|2,0]",41,"X[1,1|1,2]",4,"(4,6,4,5)",3443,"('A_X1','B_X1','A_X2','B_X2')"
3444,"XX[X[1,1|2,0],X[1,1|2,0]]",42,"X[1,1|2,0]",42,"X[1,1|2,0]",4,"(4,6,4,6)",3444,"('A_X1','B_X1','A_X2','B_X2')"
3445,"XX[X[1,1|2,0],X[1,1|2,1]]",42,"X[1,1|2,0]",43,"X[1,1|2,1]",4,"(4,6,4,7)",3445,"('A_X1','B_X1','A_X2','B_X2')"
3446,"XX[X[1,1|2,0],X[1,1|2,2]]",42,"X[1,1|2,0]",44,"X[1,1|2,2]",4,"(4,6,4,8)",3446,"('A_X1','B_X1','A_X2','B_X2')"
3447,"XX[X[1,1|2,0],X[1,2|0,0]]",42,"X[1,1|2,0]",45,"X[1,2|0,0]",4,"(4,6,5,0)",3447,"('A_X1','B_X1','A_X2','B_X2')"
3448,"XX[X[1,1|2,0],X[1,2|0,1]]",42,"X[1,1|2,0]",46,"X[1,2|0,1]",4,"(4,6,5,1)",3448,"('A_X1','B_X1','A_X2','B_X2')"
3449,"XX[X[1,1|2,0],X[1,2|0,2]]",42,"X[1,1|2,0]",47,"X[1,2|0,2]",4,"(4,6,5,2)",3449,"('A_X1','B_X1','A_X2','B_X2')"
3450,"XX[X[1,1|2,0],X[1,2|1,0]]",42,"X[1,1|2,0]",48,"X[1,2|1,0]",4,"(4,6,5,3)",3450,"('A_X1','B_X1','A_X2','B_X2')"
3451,"XX[X[1,1|2,0],X[1,2|1,1]]",42,"X[1,1|2,0]",49,"X[1,2|1,1]",4,"(4,6,5,4)",3451,"('A_X1','B_X1','A_X2','B_X2')"
3452,"XX[X[1,1|2,0],X[1,2|1,2]]",42,"X[1,1|2,0]",50,"X[1,2|1,2]",4,"(4,6,5,5)",3452,"('A_X1','B_X1','A_X2','B_X2')"
3453,"XX[X[1,1|2,0],X[1,2|2,0]]",42,"X[1,1|2,0]",51,"X[1,2|2,0]",4,"(4,6,5,6)",3453,"('A_X1','B_X1','A_X2','B_X2')"
3454,"XX[X[1,1|2,0],X[1,2|2,1]]",42,"X[1,1|2,0]",52,"X[1,2|2,1]",4,"(4,6,5,7)",3454,"('A_X1','B_X1','A_X2','B_X2')"
3455,"XX[X[1,1|2,0],X[1,2|2,2]]",42,"X[1,1|2,0]",53,"X[1,2|2,2]",4,"(4,6,5,8)",3455,"('A_X1','B_X1','A_X2','B_X2')"
3456,"XX[X[1,1|2,0],X[2,0|0,0]]",42,"X[1,1|2,0]",54,"X[2,0|0,0]",4,"(4,6,6,0)",3456,"('A_X1','B_X1','A_X2','B_X2')"
3457,"XX[X[1,1|2,0],X[2,0|0,1]]",42,"X[1,1|2,0]",55,"X[2,0|0,1]",4,"(4,6,6,1)",3457,"('A_X1','B_X1','A_X2','B_X2')"
3458,"XX[X[1,1|2,0],X[2,0|0,2]]",42,"X[1,1|2,0]",56,"X[2,0|0,2]",4,"(4,6,6,2)",3458,"('A_X1','B_X1','A_X2','B_X2')"
3459,"XX[X[1,1|2,0],X[2,0|1,0]]",42,"X[1,1|2,0]",57,"X[2,0|1,0]",4,"(4,6,6,3)",3459,"('A_X1','B_X1','A_X2','B_X2')"
3460,"XX[X[1,1|2,0],X[2,0|1,1]]",42,"X[1,1|2,0]",58,"X[2,0|1,1]",4,"(4,6,6,4)",3460,"('A_X1','B_X1','A_X2','B_X2')"
3461,"XX[X[1,1|2,0],X[2,0|1,2]]",42,"X[1,1|2,0]",59,"X[2,0|1,2]",4,"(4,6,6,5)",3461,"('A_X1','B_X1','A_X2','B_X2')"
3462,"XX[X[1,1|2,0],X[2,0|2,0]]",42,"X[1,1|2,0]",60,"X[2,0|2,0]",4,"(4,6,6,6)",3462,"('A_X1','B_X1','A_X2','B_X2')"
3463,"XX[X[1,1|2,0],X[2,0|2,1]]",42,"X[1,1|2,0]",61,"X[2,0|2,1]",4,"(4,6,6,7)",3463,"('A_X1','B_X1','A_X2','B_X2')"
3464,"XX[X[1,1|2,0],X[2,0|2,2]]",42,"X[1,1|2,0]",62,"X[2,0|2,2]",4,"(4,6,6,8)",3464,"('A_X1','B_X1','A_X2','B_X2')"
3465,"XX[X[1,1|2,0],X[2,1|0,0]]",42,"X[1,1|2,0]",63,"X[2,1|0,0]",4,"(4,6,7,0)",3465,"('A_X1','B_X1','A_X2','B_X2')"
3466,"XX[X[1,1|2,0],X[2,1|0,1]]",42,"X[1,1|2,0]",64,"X[2,1|0,1]",4,"(4,6,7,1)",3466,"('A_X1','B_X1','A_X2','B_X2')"
3467,"XX[X[1,1|2,0],X[2,1|0,2]]",42,"X[1,1|2,0]",65,"X[2,1|0,2]",4,"(4,6,7,2)",3467,"('A_X1','B_X1','A_X2','B_X2')"
3468,"XX[X[1,1|2,0],X[2,1|1,0]]",42,"X[1,1|2,0]",66,"X[2,1|1,0]",4,"(4,6,7,3)",3468,"('A_X1','B_X1','A_X2','B_X2')"
3469,"XX[X[1,1|2,0],X[2,1|1,1]]",42,"X[1,1|2,0]",67,"X[2,1|1,1]",4,"(4,6,7,4)",3469,"('A_X1','B_X1','A_X2','B_X2')"
3470,"XX[X[1,1|2,0],X[2,1|1,2]]",42,"X[1,1|2,0]",68,"X[2,1|1,2]",4,"(4,6,7,5)",3470,"('A_X1','B_X1','A_X2','B_X2')"
3471,"XX[X[1,1|2,0],X[2,1|2,0]]",42,"X[1,1|2,0]",69,"X[2,1|2,0]",4,"(4,6,7,6)",3471,"('A_X1','B_X1','A_X2','B_X2')"
3472,"XX[X[1,1|2,0],X[2,1|2,1]]",42,"X[1,1|2,0]",70,"X[2,1|2,1]",4,"(4,6,7,7)",3472,"('A_X1','B_X1','A_X2','B_X2')"
3473,"XX[X[1,1|2,0],X[2,1|2,2]]",42,"X[1,1|2,0]",71,"X[2,1|2,2]",4,"(4,6,7,8)",3473,"('A_X1','B_X1','A_X2','B_X2')"
3474,"XX[X[1,1|2,0],X[2,2|0,0]]",42,"X[1,1|2,0]",72,"X[2,2|0,0]",4,"(4,6,8,0)",3474,"('A_X1','B_X1','A_X2','B_X2')"
3475,"XX[X[1,1|2,0],X[2,2|0,1]]",42,"X[1,1|2,0]",73,"X[2,2|0,1]",4,"(4,6,8,1)",3475,"('A_X1','B_X1','A_X2','B_X2')"
3476,"XX[X[1,1|2,0],X[2,2|0,2]]",42,"X[1,1|2,0]",74,"X[2,2|0,2]",4,"(4,6,8,2)",3476,"('A_X1','B_X1','A_X2','B_X2')"
3477,"XX[X[1,1|2,0],X[2,2|1,0]]",42,"X[1,1|2,0]",75,"X[2,2|1,0]",4,"(4,6,8,3)",3477,"('A_X1','B_X1','A_X2','B_X2')"
3478,"XX[X[1,1|2,0],X[2,2|1,1]]",42,"X[1,1|2,0]",76,"X[2,2|1,1]",4,"(4,6,8,4)",3478,"('A_X1','B_X1','A_X2','B_X2')"
3479,"XX[X[1,1|2,0],X[2,2|1,2]]",42,"X[1,1|2,0]",77,"X[2,2|1,2]",4,"(4,6,8,5)",3479,"('A_X1','B_X1','A_X2','B_X2')"
3480,"XX[X[1,1|2,0],X[2,2|2,0]]",42,"X[1,1|2,0]",78,"X[2,2|2,0]",4,"(4,6,8,6)",3480,"('A_X1','B_X1','A_X2','B_X2')"
3481,"XX[X[1,1|2,0],X[2,2|2,1]]",42,"X[1,1|2,0]",79,"X[2,2|2,1]",4,"(4,6,8,7)",3481,"('A_X1','B_X1','A_X2','B_X2')"
3482,"XX[X[1,1|2,0],X[2,2|2,2]]",42,"X[1,1|2,0]",80,"X[2,2|2,2]",4,"(4,6,8,8)",3482,"('A_X1','B_X1','A_X2','B_X2')"
3483,"XX[X[1,1|2,1],X[0,0|0,0]]",43,"X[1,1|2,1]",0,"X[0,0|0,0]",4,"(4,7,0,0)",3483,"('A_X1','B_X1','A_X2','B_X2')"
3484,"XX[X[1,1|2,1],X[0,0|0,1]]",43,"X[1,1|2,1]",1,"X[0,0|0,1]",4,"(4,7,0,1)",3484,"('A_X1','B_X1','A_X2','B_X2')"
3485,"XX[X[1,1|2,1],X[0,0|0,2]]",43,"X[1,1|2,1]",2,"X[0,0|0,2]",4,"(4,7,0,2)",3485,"('A_X1','B_X1','A_X2','B_X2')"
3486,"XX[X[1,1|2,1],X[0,0|1,0]]",43,"X[1,1|2,1]",3,"X[0,0|1,0]",4,"(4,7,0,3)",3486,"('A_X1','B_X1','A_X2','B_X2')"
3487,"XX[X[1,1|2,1],X[0,0|1,1]]",43,"X[1,1|2,1]",4,"X[0,0|1,1]",4,"(4,7,0,4)",3487,"('A_X1','B_X1','A_X2','B_X2')"
3488,"XX[X[1,1|2,1],X[0,0|1,2]]",43,"X[1,1|2,1]",5,"X[0,0|1,2]",4,"(4,7,0,5)",3488,"('A_X1','B_X1','A_X2','B_X2')"
3489,"XX[X[1,1|2,1],X[0,0|2,0]]",43,"X[1,1|2,1]",6,"X[0,0|2,0]",4,"(4,7,0,6)",3489,"('A_X1','B_X1','A_X2','B_X2')"
3490,"XX[X[1,1|2,1],X[0,0|2,1]]",43,"X[1,1|2,1]",7,"X[0,0|2,1]",4,"(4,7,0,7)",3490,"('A_X1','B_X1','A_X2','B_X2')"
3491,"XX[X[1,1|2,1],X[0,0|2,2]]",43,"X[1,1|2,1]",8,"X[0,0|2,2]",4,"(4,7,0,8)",3491,"('A_X1','B_X1','A_X2','B_X2')"
3492,"XX[X[1,1|2,1],X[0,1|0,0]]",43,"X[1,1|2,1]",9,"X[0,1|0,0]",4,"(4,7,1,0)",3492,"('A_X1','B_X1','A_X2','B_X2')"
3493,"XX[X[1,1|2,1],X[0,1|0,1]]",43,"X[1,1|2,1]",10,"X[0,1|0,1]",4,"(4,7,1,1)",3493,"('A_X1','B_X1','A_X2','B_X2')"
3494,"XX[X[1,1|2,1],X[0,1|0,2]]",43,"X[1,1|2,1]",11,"X[0,1|0,2]",4,"(4,7,1,2)",3494,"('A_X1','B_X1','A_X2','B_X2')"
3495,"XX[X[1,1|2,1],X[0,1|1,0]]",43,"X[1,1|2,1]",12,"X[0,1|1,0]",4,"(4,7,1,3)",3495,"('A_X1','B_X1','A_X2','B_X2')"
3496,"XX[X[1,1|2,1],X[0,1|1,1]]",43,"X[1,1|2,1]",13,"X[0,1|1,1]",4,"(4,7,1,4)",3496,"('A_X1','B_X1','A_X2','B_X2')"
3497,"XX[X[1,1|2,1],X[0,1|1,2]]",43,"X[1,1|2,1]",14,"X[0,1|1,2]",4,"(4,7,1,5)",3497,"('A_X1','B_X1','A_X2','B_X2')"
3498,"XX[X[1,1|2,1],X[0,1|2,0]]",43,"X[1,1|2,1]",15,"X[0,1|2,0]",4,"(4,7,1,6)",3498,"('A_X1','B_X1','A_X2','B_X2')"
3499,"XX[X[1,1|2,1],X[0,1|2,1]]",43,"X[1,1|2,1]",16,"X[0,1|2,1]",4,"(4,7,1,7)",3499,"('A_X1','B_X1','A_X2','B_X2')"
3500,"XX[X[1,1|2,1],X[0,1|2,2]]",43,"X[1,1|2,1]",17,"X[0,1|2,2]",4,"(4,7,1,8)",3500,"('A_X1','B_X1','A_X2','B_X2')"
3501,"XX[X[1,1|2,1],X[0,2|0,0]]",43,"X[1,1|2,1]",18,"X[0,2|0,0]",4,"(4,7,2,0)",3501,"('A_X1','B_X1','A_X2','B_X2')"
3502,"XX[X[1,1|2,1],X[0,2|0,1]]",43,"X[1,1|2,1]",19,"X[0,2|0,1]",4,"(4,7,2,1)",3502,"('A_X1','B_X1','A_X2','B_X2')"
3503,"XX[X[1,1|2,1],X[0,2|0,2]]",43,"X[1,1|2,1]",20,"X[0,2|0,2]",4,"(4,7,2,2)",3503,"('A_X1','B_X1','A_X2','B_X2')"
3504,"XX[X[1,1|2,1],X[0,2|1,0]]",43,"X[1,1|2,1]",21,"X[0,2|1,0]",4,"(4,7,2,3)",3504,"('A_X1','B_X1','A_X2','B_X2')"
3505,"XX[X[1,1|2,1],X[0,2|1,1]]",43,"X[1,1|2,1]",22,"X[0,2|1,1]",4,"(4,7,2,4)",3505,"('A_X1','B_X1','A_X2','B_X2')"
3506,"XX[X[1,1|2,1],X[0,2|1,2]]",43,"X[1,1|2,1]",23,"X[0,2|1,2]",4,"(4,7,2,5)",3506,"('A_X1','B_X1','A_X2','B_X2')"
3507,"XX[X[1,1|2,1],X[0,2|2,0]]",43,"X[1,1|2,1]",24,"X[0,2|2,0]",4,"(4,7,2,6)",3507,"('A_X1','B_X1','A_X2','B_X2')"
3508,"XX[X[1,1|2,1],X[0,2|2,1]]",43,"X[1,1|2,1]",25,"X[0,2|2,1]",4,"(4,7,2,7)",3508,"('A_X1','B_X1','A_X2','B_X2')"
3509,"XX[X[1,1|2,1],X[0,2|2,2]]",43,"X[1,1|2,1]",26,"X[0,2|2,2]",4,"(4,7,2,8)",3509,"('A_X1','B_X1','A_X2','B_X2')"
3510,"XX[X[1,1|2,1],X[1,0|0,0]]",43,"X[1,1|2,1]",27,"X[1,0|0,0]",4,"(4,7,3,0)",3510,"('A_X1','B_X1','A_X2','B_X2')"
3511,"XX[X[1,1|2,1],X[1,0|0,1]]",43,"X[1,1|2,1]",28,"X[1,0|0,1]",4,"(4,7,3,1)",3511,"('A_X1','B_X1','A_X2','B_X2')"
3512,"XX[X[1,1|2,1],X[1,0|0,2]]",43,"X[1,1|2,1]",29,"X[1,0|0,2]",4,"(4,7,3,2)",3512,"('A_X1','B_X1','A_X2','B_X2')"
3513,"XX[X[1,1|2,1],X[1,0|1,0]]",43,"X[1,1|2,1]",30,"X[1,0|1,0]",4,"(4,7,3,3)",3513,"('A_X1','B_X1','A_X2','B_X2')"
3514,"XX[X[1,1|2,1],X[1,0|1,1]]",43,"X[1,1|2,1]",31,"X[1,0|1,1]",4,"(4,7,3,4)",3514,"('A_X1','B_X1','A_X2','B_X2')"
3515,"XX[X[1,1|2,1],X[1,0|1,2]]",43,"X[1,1|2,1]",32,"X[1,0|1,2]",4,"(4,7,3,5)",3515,"('A_X1','B_X1','A_X2','B_X2')"
3516,"XX[X[1,1|2,1],X[1,0|2,0]]",43,"X[1,1|2,1]",33,"X[1,0|2,0]",4,"(4,7,3,6)",3516,"('A_X1','B_X1','A_X2','B_X2')"
3517,"XX[X[1,1|2,1],X[1,0|2,1]]",43,"X[1,1|2,1]",34,"X[1,0|2,1]",4,"(4,7,3,7)",3517,"('A_X1','B_X1','A_X2','B_X2')"
3518,"XX[X[1,1|2,1],X[1,0|2,2]]",43,"X[1,1|2,1]",35,"X[1,0|2,2]",4,"(4,7,3,8)",3518,"('A_X1','B_X1','A_X2','B_X2')"
3519,"XX[X[1,1|2,1],X[1,1|0,0]]",43,"X[1,1|2,1]",36,"X[1,1|0,0]",4,"(4,7,4,0)",3519,"('A_X1','B_X1','A_X2','B_X2')"
3520,"XX[X[1,1|2,1],X[1,1|0,1]]",43,"X[1,1|2,1]",37,"X[1,1|0,1]",4,"(4,7,4,1)",3520,"('A_X1','B_X1','A_X2','B_X2')"
3521,"XX[X[1,1|2,1],X[1,1|0,2]]",43,"X[1,1|2,1]",38,"X[1,1|0,2]",4,"(4,7,4,2)",3521,"('A_X1','B_X1','A_X2','B_X2')"
3522,"XX[X[1,1|2,1],X[1,1|1,0]]",43,"X[1,1|2,1]",39,"X[1,1|1,0]",4,"(4,7,4,3)",3522,"('A_X1','B_X1','A_X2','B_X2')"
3523,"XX[X[1,1|2,1],X[1,1|1,1]]",43,"X[1,1|2,1]",40,"X[1,1|1,1]",4,"(4,7,4,4)",3523,"('A_X1','B_X1','A_X2','B_X2')"
3524,"XX[X[1,1|2,1],X[1,1|1,2]]",43,"X[1,1|2,1]",41,"X[1,1|1,2]",4,"(4,7,4,5)",3524,"('A_X1','B_X1','A_X2','B_X2')"
3525,"XX[X[1,1|2,1],X[1,1|2,0]]",43,"X[1,1|2,1]",42,"X[1,1|2,0]",4,"(4,7,4,6)",3525,"('A_X1','B_X1','A_X2','B_X2')"
3526,"XX[X[1,1|2,1],X[1,1|2,1]]",43,"X[1,1|2,1]",43,"X[1,1|2,1]",4,"(4,7,4,7)",3526,"('A_X1','B_X1','A_X2','B_X2')"
3527,"XX[X[1,1|2,1],X[1,1|2,2]]",43,"X[1,1|2,1]",44,"X[1,1|2,2]",4,"(4,7,4,8)",3527,"('A_X1','B_X1','A_X2','B_X2')"
3528,"XX[X[1,1|2,1],X[1,2|0,0]]",43,"X[1,1|2,1]",45,"X[1,2|0,0]",4,"(4,7,5,0)",3528,"('A_X1','B_X1','A_X2','B_X2')"
3529,"XX[X[1,1|2,1],X[1,2|0,1]]",43,"X[1,1|2,1]",46,"X[1,2|0,1]",4,"(4,7,5,1)",3529,"('A_X1','B_X1','A_X2','B_X2')"
3530,"XX[X[1,1|2,1],X[1,2|0,2]]",43,"X[1,1|2,1]",47,"X[1,2|0,2]",4,"(4,7,5,2)",3530,"('A_X1','B_X1','A_X2','B_X2')"
3531,"XX[X[1,1|2,1],X[1,2|1,0]]",43,"X[1,1|2,1]",48,"X[1,2|1,0]",4,"(4,7,5,3)",3531,"('A_X1','B_X1','A_X2','B_X2')"
3532,"XX[X[1,1|2,1],X[1,2|1,1]]",43,"X[1,1|2,1]",49,"X[1,2|1,1]",4,"(4,7,5,4)",3532,"('A_X1','B_X1','A_X2','B_X2')"
3533,"XX[X[1,1|2,1],X[1,2|1,2]]",43,"X[1,1|2,1]",50,"X[1,2|1,2]",4,"(4,7,5,5)",3533,"('A_X1','B_X1','A_X2','B_X2')"
3534,"XX[X[1,1|2,1],X[1,2|2,0]]",43,"X[1,1|2,1]",51,"X[1,2|2,0]",4,"(4,7,5,6)",3534,"('A_X1','B_X1','A_X2','B_X2')"
3535,"XX[X[1,1|2,1],X[1,2|2,1]]",43,"X[1,1|2,1]",52,"X[1,2|2,1]",4,"(4,7,5,7)",3535,"('A_X1','B_X1','A_X2','B_X2')"
3536,"XX[X[1,1|2,1],X[1,2|2,2]]",43,"X[1,1|2,1]",53,"X[1,2|2,2]",4,"(4,7,5,8)",3536,"('A_X1','B_X1','A_X2','B_X2')"
3537,"XX[X[1,1|2,1],X[2,0|0,0]]",43,"X[1,1|2,1]",54,"X[2,0|0,0]",4,"(4,7,6,0)",3537,"('A_X1','B_X1','A_X2','B_X2')"
3538,"XX[X[1,1|2,1],X[2,0|0,1]]",43,"X[1,1|2,1]",55,"X[2,0|0,1]",4,"(4,7,6,1)",3538,"('A_X1','B_X1','A_X2','B_X2')"
3539,"XX[X[1,1|2,1],X[2,0|0,2]]",43,"X[1,1|2,1]",56,"X[2,0|0,2]",4,"(4,7,6,2)",3539,"('A_X1','B_X1','A_X2','B_X2')"
3540,"XX[X[1,1|2,1],X[2,0|1,0]]",43,"X[1,1|2,1]",57,"X[2,0|1,0]",4,"(4,7,6,3)",3540,"('A_X1','B_X1','A_X2','B_X2')"
3541,"XX[X[1,1|2,1],X[2,0|1,1]]",43,"X[1,1|2,1]",58,"X[2,0|1,1]",4,"(4,7,6,4)",3541,"('A_X1','B_X1','A_X2','B_X2')"
3542,"XX[X[1,1|2,1],X[2,0|1,2]]",43,"X[1,1|2,1]",59,"X[2,0|1,2]",4,"(4,7,6,5)",3542,"('A_X1','B_X1','A_X2','B_X2')"
3543,"XX[X[1,1|2,1],X[2,0|2,0]]",43,"X[1,1|2,1]",60,"X[2,0|2,0]",4,"(4,7,6,6)",3543,"('A_X1','B_X1','A_X2','B_X2')"
3544,"XX[X[1,1|2,1],X[2,0|2,1]]",43,"X[1,1|2,1]",61,"X[2,0|2,1]",4,"(4,7,6,7)",3544,"('A_X1','B_X1','A_X2','B_X2')"
3545,"XX[X[1,1|2,1],X[2,0|2,2]]",43,"X[1,1|2,1]",62,"X[2,0|2,2]",4,"(4,7,6,8)",3545,"('A_X1','B_X1','A_X2','B_X2')"
3546,"XX[X[1,1|2,1],X[2,1|0,0]]",43,"X[1,1|2,1]",63,"X[2,1|0,0]",4,"(4,7,7,0)",3546,"('A_X1','B_X1','A_X2','B_X2')"
3547,"XX[X[1,1|2,1],X[2,1|0,1]]",43,"X[1,1|2,1]",64,"X[2,1|0,1]",4,"(4,7,7,1)",3547,"('A_X1','B_X1','A_X2','B_X2')"
3548,"XX[X[1,1|2,1],X[2,1|0,2]]",43,"X[1,1|2,1]",65,"X[2,1|0,2]",4,"(4,7,7,2)",3548,"('A_X1','B_X1','A_X2','B_X2')"
3549,"XX[X[1,1|2,1],X[2,1|1,0]]",43,"X[1,1|2,1]",66,"X[2,1|1,0]",4,"(4,7,7,3)",3549,"('A_X1','B_X1','A_X2','B_X2')"
3550,"XX[X[1,1|2,1],X[2,1|1,1]]",43,"X[1,1|2,1]",67,"X[2,1|1,1]",4,"(4,7,7,4)",3550,"('A_X1','B_X1','A_X2','B_X2')"
3551,"XX[X[1,1|2,1],X[2,1|1,2]]",43,"X[1,1|2,1]",68,"X[2,1|1,2]",4,"(4,7,7,5)",3551,"('A_X1','B_X1','A_X2','B_X2')"
3552,"XX[X[1,1|2,1],X[2,1|2,0]]",43,"X[1,1|2,1]",69,"X[2,1|2,0]",4,"(4,7,7,6)",3552,"('A_X1','B_X1','A_X2','B_X2')"
3553,"XX[X[1,1|2,1],X[2,1|2,1]]",43,"X[1,1|2,1]",70,"X[2,1|2,1]",4,"(4,7,7,7)",3553,"('A_X1','B_X1','A_X2','B_X2')"
3554,"XX[X[1,1|2,1],X[2,1|2,2]]",43,"X[1,1|2,1]",71,"X[2,1|2,2]",4,"(4,7,7,8)",3554,"('A_X1','B_X1','A_X2','B_X2')"
3555,"XX[X[1,1|2,1],X[2,2|0,0]]",43,"X[1,1|2,1]",72,"X[2,2|0,0]",4,"(4,7,8,0)",3555,"('A_X1','B_X1','A_X2','B_X2')"
3556,"XX[X[1,1|2,1],X[2,2|0,1]]",43,"X[1,1|2,1]",73,"X[2,2|0,1]",4,"(4,7,8,1)",3556,"('A_X1','B_X1','A_X2','B_X2')"
3557,"XX[X[1,1|2,1],X[2,2|0,2]]",43,"X[1,1|2,1]",74,"X[2,2|0,2]",4,"(4,7,8,2)",3557,"('A_X1','B_X1','A_X2','B_X2')"
3558,"XX[X[1,1|2,1],X[2,2|1,0]]",43,"X[1,1|2,1]",75,"X[2,2|1,0]",4,"(4,7,8,3)",3558,"('A_X1','B_X1','A_X2','B_X2')"
3559,"XX[X[1,1|2,1],X[2,2|1,1]]",43,"X[1,1|2,1]",76,"X[2,2|1,1]",4,"(4,7,8,4)",3559,"('A_X1','B_X1','A_X2','B_X2')"
3560,"XX[X[1,1|2,1],X[2,2|1,2]]",43,"X[1,1|2,1]",77,"X[2,2|1,2]",4,"(4,7,8,5)",3560,"('A_X1','B_X1','A_X2','B_X2')"
3561,"XX[X[1,1|2,1],X[2,2|2,0]]",43,"X[1,1|2,1]",78,"X[2,2|2,0]",4,"(4,7,8,6)",3561,"('A_X1','B_X1','A_X2','B_X2')"
3562,"XX[X[1,1|2,1],X[2,2|2,1]]",43,"X[1,1|2,1]",79,"X[2,2|2,1]",4,"(4,7,8,7)",3562,"('A_X1','B_X1','A_X2','B_X2')"
3563,"XX[X[1,1|2,1],X[2,2|2,2]]",43,"X[1,1|2,1]",80,"X[2,2|2,2]",4,"(4,7,8,8)",3563,"('A_X1','B_X1','A_X2','B_X2')"
3564,"XX[X[1,1|2,2],X[0,0|0,0]]",44,"X[1,1|2,2]",0,"X[0,0|0,0]",4,"(4,8,0,0)",3564,"('A_X1','B_X1','A_X2','B_X2')"
3565,"XX[X[1,1|2,2],X[0,0|0,1]]",44,"X[1,1|2,2]",1,"X[0,0|0,1]",4,"(4,8,0,1)",3565,"('A_X1','B_X1','A_X2','B_X2')"
3566,"XX[X[1,1|2,2],X[0,0|0,2]]",44,"X[1,1|2,2]",2,"X[0,0|0,2]",4,"(4,8,0,2)",3566,"('A_X1','B_X1','A_X2','B_X2')"
3567,"XX[X[1,1|2,2],X[0,0|1,0]]",44,"X[1,1|2,2]",3,"X[0,0|1,0]",4,"(4,8,0,3)",3567,"('A_X1','B_X1','A_X2','B_X2')"
3568,"XX[X[1,1|2,2],X[0,0|1,1]]",44,"X[1,1|2,2]",4,"X[0,0|1,1]",4,"(4,8,0,4)",3568,"('A_X1','B_X1','A_X2','B_X2')"
3569,"XX[X[1,1|2,2],X[0,0|1,2]]",44,"X[1,1|2,2]",5,"X[0,0|1,2]",4,"(4,8,0,5)",3569,"('A_X1','B_X1','A_X2','B_X2')"
3570,"XX[X[1,1|2,2],X[0,0|2,0]]",44,"X[1,1|2,2]",6,"X[0,0|2,0]",4,"(4,8,0,6)",3570,"('A_X1','B_X1','A_X2','B_X2')"
3571,"XX[X[1,1|2,2],X[0,0|2,1]]",44,"X[1,1|2,2]",7,"X[0,0|2,1]",4,"(4,8,0,7)",3571,"('A_X1','B_X1','A_X2','B_X2')"
3572,"XX[X[1,1|2,2],X[0,0|2,2]]",44,"X[1,1|2,2]",8,"X[0,0|2,2]",4,"(4,8,0,8)",3572,"('A_X1','B_X1','A_X2','B_X2')"
3573,"XX[X[1,1|2,2],X[0,1|0,0]]",44,"X[1,1|2,2]",9,"X[0,1|0,0]",4,"(4,8,1,0)",3573,"('A_X1','B_X1','A_X2','B_X2')"
3574,"XX[X[1,1|2,2],X[0,1|0,1]]",44,"X[1,1|2,2]",10,"X[0,1|0,1]",4,"(4,8,1,1)",3574,"('A_X1','B_X1','A_X2','B_X2')"
3575,"XX[X[1,1|2,2],X[0,1|0,2]]",44,"X[1,1|2,2]",11,"X[0,1|0,2]",4,"(4,8,1,2)",3575,"('A_X1','B_X1','A_X2','B_X2')"
3576,"XX[X[1,1|2,2],X[0,1|1,0]]",44,"X[1,1|2,2]",12,"X[0,1|1,0]",4,"(4,8,1,3)",3576,"('A_X1','B_X1','A_X2','B_X2')"
3577,"XX[X[1,1|2,2],X[0,1|1,1]]",44,"X[1,1|2,2]",13,"X[0,1|1,1]",4,"(4,8,1,4)",3577,"('A_X1','B_X1','A_X2','B_X2')"
3578,"XX[X[1,1|2,2],X[0,1|1,2]]",44,"X[1,1|2,2]",14,"X[0,1|1,2]",4,"(4,8,1,5)",3578,"('A_X1','B_X1','A_X2','B_X2')"
3579,"XX[X[1,1|2,2],X[0,1|2,0]]",44,"X[1,1|2,2]",15,"X[0,1|2,0]",4,"(4,8,1,6)",3579,"('A_X1','B_X1','A_X2','B_X2')"
3580,"XX[X[1,1|2,2],X[0,1|2,1]]",44,"X[1,1|2,2]",16,"X[0,1|2,1]",4,"(4,8,1,7)",3580,"('A_X1','B_X1','A_X2','B_X2')"
3581,"XX[X[1,1|2,2],X[0,1|2,2]]",44,"X[1,1|2,2]",17,"X[0,1|2,2]",4,"(4,8,1,8)",3581,"('A_X1','B_X1','A_X2','B_X2')"
3582,"XX[X[1,1|2,2],X[0,2|0,0]]",44,"X[1,1|2,2]",18,"X[0,2|0,0]",4,"(4,8,2,0)",3582,"('A_X1','B_X1','A_X2','B_X2')"
3583,"XX[X[1,1|2,2],X[0,2|0,1]]",44,"X[1,1|2,2]",19,"X[0,2|0,1]",4,"(4,8,2,1)",3583,"('A_X1','B_X1','A_X2','B_X2')"
3584,"XX[X[1,1|2,2],X[0,2|0,2]]",44,"X[1,1|2,2]",20,"X[0,2|0,2]",4,"(4,8,2,2)",3584,"('A_X1','B_X1','A_X2','B_X2')"
3585,"XX[X[1,1|2,2],X[0,2|1,0]]",44,"X[1,1|2,2]",21,"X[0,2|1,0]",4,"(4,8,2,3)",3585,"('A_X1','B_X1','A_X2','B_X2')"
3586,"XX[X[1,1|2,2],X[0,2|1,1]]",44,"X[1,1|2,2]",22,"X[0,2|1,1]",4,"(4,8,2,4)",3586,"('A_X1','B_X1','A_X2','B_X2')"
3587,"XX[X[1,1|2,2],X[0,2|1,2]]",44,"X[1,1|2,2]",23,"X[0,2|1,2]",4,"(4,8,2,5)",3587,"('A_X1','B_X1','A_X2','B_X2')"
3588,"XX[X[1,1|2,2],X[0,2|2,0]]",44,"X[1,1|2,2]",24,"X[0,2|2,0]",4,"(4,8,2,6)",3588,"('A_X1','B_X1','A_X2','B_X2')"
3589,"XX[X[1,1|2,2],X[0,2|2,1]]",44,"X[1,1|2,2]",25,"X[0,2|2,1]",4,"(4,8,2,7)",3589,"('A_X1','B_X1','A_X2','B_X2')"
3590,"XX[X[1,1|2,2],X[0,2|2,2]]",44,"X[1,1|2,2]",26,"X[0,2|2,2]",4,"(4,8,2,8)",3590,"('A_X1','B_X1','A_X2','B_X2')"
3591,"XX[X[1,1|2,2],X[1,0|0,0]]",44,"X[1,1|2,2]",27,"X[1,0|0,0]",4,"(4,8,3,0)",3591,"('A_X1','B_X1','A_X2','B_X2')"
3592,"XX[X[1,1|2,2],X[1,0|0,1]]",44,"X[1,1|2,2]",28,"X[1,0|0,1]",4,"(4,8,3,1)",3592,"('A_X1','B_X1','A_X2','B_X2')"
3593,"XX[X[1,1|2,2],X[1,0|0,2]]",44,"X[1,1|2,2]",29,"X[1,0|0,2]",4,"(4,8,3,2)",3593,"('A_X1','B_X1','A_X2','B_X2')"
3594,"XX[X[1,1|2,2],X[1,0|1,0]]",44,"X[1,1|2,2]",30,"X[1,0|1,0]",4,"(4,8,3,3)",3594,"('A_X1','B_X1','A_X2','B_X2')"
3595,"XX[X[1,1|2,2],X[1,0|1,1]]",44,"X[1,1|2,2]",31,"X[1,0|1,1]",4,"(4,8,3,4)",3595,"('A_X1','B_X1','A_X2','B_X2')"
3596,"XX[X[1,1|2,2],X[1,0|1,2]]",44,"X[1,1|2,2]",32,"X[1,0|1,2]",4,"(4,8,3,5)",3596,"('A_X1','B_X1','A_X2','B_X2')"
3597,"XX[X[1,1|2,2],X[1,0|2,0]]",44,"X[1,1|2,2]",33,"X[1,0|2,0]",4,"(4,8,3,6)",3597,"('A_X1','B_X1','A_X2','B_X2')"
3598,"XX[X[1,1|2,2],X[1,0|2,1]]",44,"X[1,1|2,2]",34,"X[1,0|2,1]",4,"(4,8,3,7)",3598,"('A_X1','B_X1','A_X2','B_X2')"
3599,"XX[X[1,1|2,2],X[1,0|2,2]]",44,"X[1,1|2,2]",35,"X[1,0|2,2]",4,"(4,8,3,8)",3599,"('A_X1','B_X1','A_X2','B_X2')"
3600,"XX[X[1,1|2,2],X[1,1|0,0]]",44,"X[1,1|2,2]",36,"X[1,1|0,0]",4,"(4,8,4,0)",3600,"('A_X1','B_X1','A_X2','B_X2')"
3601,"XX[X[1,1|2,2],X[1,1|0,1]]",44,"X[1,1|2,2]",37,"X[1,1|0,1]",4,"(4,8,4,1)",3601,"('A_X1','B_X1','A_X2','B_X2')"
3602,"XX[X[1,1|2,2],X[1,1|0,2]]",44,"X[1,1|2,2]",38,"X[1,1|0,2]",4,"(4,8,4,2)",3602,"('A_X1','B_X1','A_X2','B_X2')"
3603,"XX[X[1,1|2,2],X[1,1|1,0]]",44,"X[1,1|2,2]",39,"X[1,1|1,0]",4,"(4,8,4,3)",3603,"('A_X1','B_X1','A_X2','B_X2')"
3604,"XX[X[1,1|2,2],X[1,1|1,1]]",44,"X[1,1|2,2]",40,"X[1,1|1,1]",4,"(4,8,4,4)",3604,"('A_X1','B_X1','A_X2','B_X2')"
3605,"XX[X[1,1|2,2],X[1,1|1,2]]",44,"X[1,1|2,2]",41,"X[1,1|1,2]",4,"(4,8,4,5)",3605,"('A_X1','B_X1','A_X2','B_X2')"
3606,"XX[X[1,1|2,2],X[1,1|2,0]]",44,"X[1,1|2,2]",42,"X[1,1|2,0]",4,"(4,8,4,6)",3606,"('A_X1','B_X1','A_X2','B_X2')"
3607,"XX[X[1,1|2,2],X[1,1|2,1]]",44,"X[1,1|2,2]",43,"X[1,1|2,1]",4,"(4,8,4,7)",3607,"('A_X1','B_X1','A_X2','B_X2')"
3608,"XX[X[1,1|2,2],X[1,1|2,2]]",44,"X[1,1|2,2]",44,"X[1,1|2,2]",4,"(4,8,4,8)",3608,"('A_X1','B_X1','A_X2','B_X2')"
3609,"XX[X[1,1|2,2],X[1,2|0,0]]",44,"X[1,1|2,2]",45,"X[1,2|0,0]",4,"(4,8,5,0)",3609,"('A_X1','B_X1','A_X2','B_X2')"
3610,"XX[X[1,1|2,2],X[1,2|0,1]]",44,"X[1,1|2,2]",46,"X[1,2|0,1]",4,"(4,8,5,1)",3610,"('A_X1','B_X1','A_X2','B_X2')"
3611,"XX[X[1,1|2,2],X[1,2|0,2]]",44,"X[1,1|2,2]",47,"X[1,2|0,2]",4,"(4,8,5,2)",3611,"('A_X1','B_X1','A_X2','B_X2')"
3612,"XX[X[1,1|2,2],X[1,2|1,0]]",44,"X[1,1|2,2]",48,"X[1,2|1,0]",4,"(4,8,5,3)",3612,"('A_X1','B_X1','A_X2','B_X2')"
3613,"XX[X[1,1|2,2],X[1,2|1,1]]",44,"X[1,1|2,2]",49,"X[1,2|1,1]",4,"(4,8,5,4)",3613,"('A_X1','B_X1','A_X2','B_X2')"
3614,"XX[X[1,1|2,2],X[1,2|1,2]]",44,"X[1,1|2,2]",50,"X[1,2|1,2]",4,"(4,8,5,5)",3614,"('A_X1','B_X1','A_X2','B_X2')"
3615,"XX[X[1,1|2,2],X[1,2|2,0]]",44,"X[1,1|2,2]",51,"X[1,2|2,0]",4,"(4,8,5,6)",3615,"('A_X1','B_X1','A_X2','B_X2')"
3616,"XX[X[1,1|2,2],X[1,2|2,1]]",44,"X[1,1|2,2]",52,"X[1,2|2,1]",4,"(4,8,5,7)",3616,"('A_X1','B_X1','A_X2','B_X2')"
3617,"XX[X[1,1|2,2],X[1,2|2,2]]",44,"X[1,1|2,2]",53,"X[1,2|2,2]",4,"(4,8,5,8)",3617,"('A_X1','B_X1','A_X2','B_X2')"
3618,"XX[X[1,1|2,2],X[2,0|0,0]]",44,"X[1,1|2,2]",54,"X[2,0|0,0]",4,"(4,8,6,0)",3618,"('A_X1','B_X1','A_X2','B_X2')"
3619,"XX[X[1,1|2,2],X[2,0|0,1]]",44,"X[1,1|2,2]",55,"X[2,0|0,1]",4,"(4,8,6,1)",3619,"('A_X1','B_X1','A_X2','B_X2')"
3620,"XX[X[1,1|2,2],X[2,0|0,2]]",44,"X[1,1|2,2]",56,"X[2,0|0,2]",4,"(4,8,6,2)",3620,"('A_X1','B_X1','A_X2','B_X2')"
3621,"XX[X[1,1|2,2],X[2,0|1,0]]",44,"X[1,1|2,2]",57,"X[2,0|1,0]",4,"(4,8,6,3)",3621,"('A_X1','B_X1','A_X2','B_X2')"
3622,"XX[X[1,1|2,2],X[2,0|1,1]]",44,"X[1,1|2,2]",58,"X[2,0|1,1]",4,"(4,8,6,4)",3622,"('A_X1','B_X1','A_X2','B_X2')"
3623,"XX[X[1,1|2,2],X[2,0|1,2]]",44,"X[1,1|2,2]",59,"X[2,0|1,2]",4,"(4,8,6,5)",3623,"('A_X1','B_X1','A_X2','B_X2')"
3624,"XX[X[1,1|2,2],X[2,0|2,0]]",44,"X[1,1|2,2]",60,"X[2,0|2,0]",4,"(4,8,6,6)",3624,"('A_X1','B_X1','A_X2','B_X2')"
3625,"XX[X[1,1|2,2],X[2,0|2,1]]",44,"X[1,1|2,2]",61,"X[2,0|2,1]",4,"(4,8,6,7)",3625,"('A_X1','B_X1','A_X2','B_X2')"
3626,"XX[X[1,1|2,2],X[2,0|2,2]]",44,"X[1,1|2,2]",62,"X[2,0|2,2]",4,"(4,8,6,8)",3626,"('A_X1','B_X1','A_X2','B_X2')"
3627,"XX[X[1,1|2,2],X[2,1|0,0]]",44,"X[1,1|2,2]",63,"X[2,1|0,0]",4,"(4,8,7,0)",3627,"('A_X1','B_X1','A_X2','B_X2')"
3628,"XX[X[1,1|2,2],X[2,1|0,1]]",44,"X[1,1|2,2]",64,"X[2,1|0,1]",4,"(4,8,7,1)",3628,"('A_X1','B_X1','A_X2','B_X2')"
3629,"XX[X[1,1|2,2],X[2,1|0,2]]",44,"X[1,1|2,2]",65,"X[2,1|0,2]",4,"(4,8,7,2)",3629,"('A_X1','B_X1','A_X2','B_X2')"
3630,"XX[X[1,1|2,2],X[2,1|1,0]]",44,"X[1,1|2,2]",66,"X[2,1|1,0]",4,"(4,8,7,3)",3630,"('A_X1','B_X1','A_X2','B_X2')"
3631,"XX[X[1,1|2,2],X[2,1|1,1]]",44,"X[1,1|2,2]",67,"X[2,1|1,1]",4,"(4,8,7,4)",3631,"('A_X1','B_X1','A_X2','B_X2')"
3632,"XX[X[1,1|2,2],X[2,1|1,2]]",44,"X[1,1|2,2]",68,"X[2,1|1,2]",4,"(4,8,7,5)",3632,"('A_X1','B_X1','A_X2','B_X2')"
3633,"XX[X[1,1|2,2],X[2,1|2,0]]",44,"X[1,1|2,2]",69,"X[2,1|2,0]",4,"(4,8,7,6)",3633,"('A_X1','B_X1','A_X2','B_X2')"
3634,"XX[X[1,1|2,2],X[2,1|2,1]]",44,"X[1,1|2,2]",70,"X[2,1|2,1]",4,"(4,8,7,7)",3634,"('A_X1','B_X1','A_X2','B_X2')"
3635,"XX[X[1,1|2,2],X[2,1|2,2]]",44,"X[1,1|2,2]",71,"X[2,1|2,2]",4,"(4,8,7,8)",3635,"('A_X1','B_X1','A_X2','B_X2')"
3636,"XX[X[1,1|2,2],X[2,2|0,0]]",44,"X[1,1|2,2]",72,"X[2,2|0,0]",4,"(4,8,8,0)",3636,"('A_X1','B_X1','A_X2','B_X2')"
3637,"XX[X[1,1|2,2],X[2,2|0,1]]",44,"X[1,1|2,2]",73,"X[2,2|0,1]",4,"(4,8,8,1)",3637,"('A_X1','B_X1','A_X2','B_X2')"
3638,"XX[X[1,1|2,2],X[2,2|0,2]]",44,"X[1,1|2,2]",74,"X[2,2|0,2]",4,"(4,8,8,2)",3638,"('A_X1','B_X1','A_X2','B_X2')"
3639,"XX[X[1,1|2,2],X[2,2|1,0]]",44,"X[1,1|2,2]",75,"X[2,2|1,0]",4,"(4,8,8,3)",3639,"('A_X1','B_X1','A_X2','B_X2')"
3640,"XX[X[1,1|2,2],X[2,2|1,1]]",44,"X[1,1|2,2]",76,"X[2,2|1,1]",4,"(4,8,8,4)",3640,"('A_X1','B_X1','A_X2','B_X2')"
3641,"XX[X[1,1|2,2],X[2,2|1,2]]",44,"X[1,1|2,2]",77,"X[2,2|1,2]",4,"(4,8,8,5)",3641,"('A_X1','B_X1','A_X2','B_X2')"
3642,"XX[X[1,1|2,2],X[2,2|2,0]]",44,"X[1,1|2,2]",78,"X[2,2|2,0]",4,"(4,8,8,6)",3642,"('A_X1','B_X1','A_X2','B_X2')"
3643,"XX[X[1,1|2,2],X[2,2|2,1]]",44,"X[1,1|2,2]",79,"X[2,2|2,1]",4,"(4,8,8,7)",3643,"('A_X1','B_X1','A_X2','B_X2')"
3644,"XX[X[1,1|2,2],X[2,2|2,2]]",44,"X[1,1|2,2]",80,"X[2,2|2,2]",4,"(4,8,8,8)",3644,"('A_X1','B_X1','A_X2','B_X2')"
3645,"XX[X[1,2|0,0],X[0,0|0,0]]",45,"X[1,2|0,0]",0,"X[0,0|0,0]",4,"(5,0,0,0)",3645,"('A_X1','B_X1','A_X2','B_X2')"
3646,"XX[X[1,2|0,0],X[0,0|0,1]]",45,"X[1,2|0,0]",1,"X[0,0|0,1]",4,"(5,0,0,1)",3646,"('A_X1','B_X1','A_X2','B_X2')"
3647,"XX[X[1,2|0,0],X[0,0|0,2]]",45,"X[1,2|0,0]",2,"X[0,0|0,2]",4,"(5,0,0,2)",3647,"('A_X1','B_X1','A_X2','B_X2')"
3648,"XX[X[1,2|0,0],X[0,0|1,0]]",45,"X[1,2|0,0]",3,"X[0,0|1,0]",4,"(5,0,0,3)",3648,"('A_X1','B_X1','A_X2','B_X2')"
3649,"XX[X[1,2|0,0],X[0,0|1,1]]",45,"X[1,2|0,0]",4,"X[0,0|1,1]",4,"(5,0,0,4)",3649,"('A_X1','B_X1','A_X2','B_X2')"
3650,"XX[X[1,2|0,0],X[0,0|1,2]]",45,"X[1,2|0,0]",5,"X[0,0|1,2]",4,"(5,0,0,5)",3650,"('A_X1','B_X1','A_X2','B_X2')"
3651,"XX[X[1,2|0,0],X[0,0|2,0]]",45,"X[1,2|0,0]",6,"X[0,0|2,0]",4,"(5,0,0,6)",3651,"('A_X1','B_X1','A_X2','B_X2')"
3652,"XX[X[1,2|0,0],X[0,0|2,1]]",45,"X[1,2|0,0]",7,"X[0,0|2,1]",4,"(5,0,0,7)",3652,"('A_X1','B_X1','A_X2','B_X2')"
3653,"XX[X[1,2|0,0],X[0,0|2,2]]",45,"X[1,2|0,0]",8,"X[0,0|2,2]",4,"(5,0,0,8)",3653,"('A_X1','B_X1','A_X2','B_X2')"
3654,"XX[X[1,2|0,0],X[0,1|0,0]]",45,"X[1,2|0,0]",9,"X[0,1|0,0]",4,"(5,0,1,0)",3654,"('A_X1','B_X1','A_X2','B_X2')"
3655,"XX[X[1,2|0,0],X[0,1|0,1]]",45,"X[1,2|0,0]",10,"X[0,1|0,1]",4,"(5,0,1,1)",3655,"('A_X1','B_X1','A_X2','B_X2')"
3656,"XX[X[1,2|0,0],X[0,1|0,2]]",45,"X[1,2|0,0]",11,"X[0,1|0,2]",4,"(5,0,1,2)",3656,"('A_X1','B_X1','A_X2','B_X2')"
3657,"XX[X[1,2|0,0],X[0,1|1,0]]",45,"X[1,2|0,0]",12,"X[0,1|1,0]",4,"(5,0,1,3)",3657,"('A_X1','B_X1','A_X2','B_X2')"
3658,"XX[X[1,2|0,0],X[0,1|1,1]]",45,"X[1,2|0,0]",13,"X[0,1|1,1]",4,"(5,0,1,4)",3658,"('A_X1','B_X1','A_X2','B_X2')"
3659,"XX[X[1,2|0,0],X[0,1|1,2]]",45,"X[1,2|0,0]",14,"X[0,1|1,2]",4,"(5,0,1,5)",3659,"('A_X1','B_X1','A_X2','B_X2')"
3660,"XX[X[1,2|0,0],X[0,1|2,0]]",45,"X[1,2|0,0]",15,"X[0,1|2,0]",4,"(5,0,1,6)",3660,"('A_X1','B_X1','A_X2','B_X2')"
3661,"XX[X[1,2|0,0],X[0,1|2,1]]",45,"X[1,2|0,0]",16,"X[0,1|2,1]",4,"(5,0,1,7)",3661,"('A_X1','B_X1','A_X2','B_X2')"
3662,"XX[X[1,2|0,0],X[0,1|2,2]]",45,"X[1,2|0,0]",17,"X[0,1|2,2]",4,"(5,0,1,8)",3662,"('A_X1','B_X1','A_X2','B_X2')"
3663,"XX[X[1,2|0,0],X[0,2|0,0]]",45,"X[1,2|0,0]",18,"X[0,2|0,0]",4,"(5,0,2,0)",3663,"('A_X1','B_X1','A_X2','B_X2')"
3664,"XX[X[1,2|0,0],X[0,2|0,1]]",45,"X[1,2|0,0]",19,"X[0,2|0,1]",4,"(5,0,2,1)",3664,"('A_X1','B_X1','A_X2','B_X2')"
3665,"XX[X[1,2|0,0],X[0,2|0,2]]",45,"X[1,2|0,0]",20,"X[0,2|0,2]",4,"(5,0,2,2)",3665,"('A_X1','B_X1','A_X2','B_X2')"
3666,"XX[X[1,2|0,0],X[0,2|1,0]]",45,"X[1,2|0,0]",21,"X[0,2|1,0]",4,"(5,0,2,3)",3666,"('A_X1','B_X1','A_X2','B_X2')"
3667,"XX[X[1,2|0,0],X[0,2|1,1]]",45,"X[1,2|0,0]",22,"X[0,2|1,1]",4,"(5,0,2,4)",3667,"('A_X1','B_X1','A_X2','B_X2')"
3668,"XX[X[1,2|0,0],X[0,2|1,2]]",45,"X[1,2|0,0]",23,"X[0,2|1,2]",4,"(5,0,2,5)",3668,"('A_X1','B_X1','A_X2','B_X2')"
3669,"XX[X[1,2|0,0],X[0,2|2,0]]",45,"X[1,2|0,0]",24,"X[0,2|2,0]",4,"(5,0,2,6)",3669,"('A_X1','B_X1','A_X2','B_X2')"
3670,"XX[X[1,2|0,0],X[0,2|2,1]]",45,"X[1,2|0,0]",25,"X[0,2|2,1]",4,"(5,0,2,7)",3670,"('A_X1','B_X1','A_X2','B_X2')"
3671,"XX[X[1,2|0,0],X[0,2|2,2]]",45,"X[1,2|0,0]",26,"X[0,2|2,2]",4,"(5,0,2,8)",3671,"('A_X1','B_X1','A_X2','B_X2')"
3672,"XX[X[1,2|0,0],X[1,0|0,0]]",45,"X[1,2|0,0]",27,"X[1,0|0,0]",4,"(5,0,3,0)",3672,"('A_X1','B_X1','A_X2','B_X2')"
3673,"XX[X[1,2|0,0],X[1,0|0,1]]",45,"X[1,2|0,0]",28,"X[1,0|0,1]",4,"(5,0,3,1)",3673,"('A_X1','B_X1','A_X2','B_X2')"
3674,"XX[X[1,2|0,0],X[1,0|0,2]]",45,"X[1,2|0,0]",29,"X[1,0|0,2]",4,"(5,0,3,2)",3674,"('A_X1','B_X1','A_X2','B_X2')"
3675,"XX[X[1,2|0,0],X[1,0|1,0]]",45,"X[1,2|0,0]",30,"X[1,0|1,0]",4,"(5,0,3,3)",3675,"('A_X1','B_X1','A_X2','B_X2')"
3676,"XX[X[1,2|0,0],X[1,0|1,1]]",45,"X[1,2|0,0]",31,"X[1,0|1,1]",4,"(5,0,3,4)",3676,"('A_X1','B_X1','A_X2','B_X2')"
3677,"XX[X[1,2|0,0],X[1,0|1,2]]",45,"X[1,2|0,0]",32,"X[1,0|1,2]",4,"(5,0,3,5)",3677,"('A_X1','B_X1','A_X2','B_X2')"
3678,"XX[X[1,2|0,0],X[1,0|2,0]]",45,"X[1,2|0,0]",33,"X[1,0|2,0]",4,"(5,0,3,6)",3678,"('A_X1','B_X1','A_X2','B_X2')"
3679,"XX[X[1,2|0,0],X[1,0|2,1]]",45,"X[1,2|0,0]",34,"X[1,0|2,1]",4,"(5,0,3,7)",3679,"('A_X1','B_X1','A_X2','B_X2')"
3680,"XX[X[1,2|0,0],X[1,0|2,2]]",45,"X[1,2|0,0]",35,"X[1,0|2,2]",4,"(5,0,3,8)",3680,"('A_X1','B_X1','A_X2','B_X2')"
3681,"XX[X[1,2|0,0],X[1,1|0,0]]",45,"X[1,2|0,0]",36,"X[1,1|0,0]",4,"(5,0,4,0)",3681,"('A_X1','B_X1','A_X2','B_X2')"
3682,"XX[X[1,2|0,0],X[1,1|0,1]]",45,"X[1,2|0,0]",37,"X[1,1|0,1]",4,"(5,0,4,1)",3682,"('A_X1','B_X1','A_X2','B_X2')"
3683,"XX[X[1,2|0,0],X[1,1|0,2]]",45,"X[1,2|0,0]",38,"X[1,1|0,2]",4,"(5,0,4,2)",3683,"('A_X1','B_X1','A_X2','B_X2')"
3684,"XX[X[1,2|0,0],X[1,1|1,0]]",45,"X[1,2|0,0]",39,"X[1,1|1,0]",4,"(5,0,4,3)",3684,"('A_X1','B_X1','A_X2','B_X2')"
3685,"XX[X[1,2|0,0],X[1,1|1,1]]",45,"X[1,2|0,0]",40,"X[1,1|1,1]",4,"(5,0,4,4)",3685,"('A_X1','B_X1','A_X2','B_X2')"
3686,"XX[X[1,2|0,0],X[1,1|1,2]]",45,"X[1,2|0,0]",41,"X[1,1|1,2]",4,"(5,0,4,5)",3686,"('A_X1','B_X1','A_X2','B_X2')"
3687,"XX[X[1,2|0,0],X[1,1|2,0]]",45,"X[1,2|0,0]",42,"X[1,1|2,0]",4,"(5,0,4,6)",3687,"('A_X1','B_X1','A_X2','B_X2')"
3688,"XX[X[1,2|0,0],X[1,1|2,1]]",45,"X[1,2|0,0]",43,"X[1,1|2,1]",4,"(5,0,4,7)",3688,"('A_X1','B_X1','A_X2','B_X2')"
3689,"XX[X[1,2|0,0],X[1,1|2,2]]",45,"X[1,2|0,0]",44,"X[1,1|2,2]",4,"(5,0,4,8)",3689,"('A_X1','B_X1','A_X2','B_X2')"
3690,"XX[X[1,2|0,0],X[1,2|0,0]]",45,"X[1,2|0,0]",45,"X[1,2|0,0]",4,"(5,0,5,0)",3690,"('A_X1','B_X1','A_X2','B_X2')"
3691,"XX[X[1,2|0,0],X[1,2|0,1]]",45,"X[1,2|0,0]",46,"X[1,2|0,1]",4,"(5,0,5,1)",3691,"('A_X1','B_X1','A_X2','B_X2')"
3692,"XX[X[1,2|0,0],X[1,2|0,2]]",45,"X[1,2|0,0]",47,"X[1,2|0,2]",4,"(5,0,5,2)",3692,"('A_X1','B_X1','A_X2','B_X2')"
3693,"XX[X[1,2|0,0],X[1,2|1,0]]",45,"X[1,2|0,0]",48,"X[1,2|1,0]",4,"(5,0,5,3)",3693,"('A_X1','B_X1','A_X2','B_X2')"
3694,"XX[X[1,2|0,0],X[1,2|1,1]]",45,"X[1,2|0,0]",49,"X[1,2|1,1]",4,"(5,0,5,4)",3694,"('A_X1','B_X1','A_X2','B_X2')"
3695,"XX[X[1,2|0,0],X[1,2|1,2]]",45,"X[1,2|0,0]",50,"X[1,2|1,2]",4,"(5,0,5,5)",3695,"('A_X1','B_X1','A_X2','B_X2')"
3696,"XX[X[1,2|0,0],X[1,2|2,0]]",45,"X[1,2|0,0]",51,"X[1,2|2,0]",4,"(5,0,5,6)",3696,"('A_X1','B_X1','A_X2','B_X2')"
3697,"XX[X[1,2|0,0],X[1,2|2,1]]",45,"X[1,2|0,0]",52,"X[1,2|2,1]",4,"(5,0,5,7)",3697,"('A_X1','B_X1','A_X2','B_X2')"
3698,"XX[X[1,2|0,0],X[1,2|2,2]]",45,"X[1,2|0,0]",53,"X[1,2|2,2]",4,"(5,0,5,8)",3698,"('A_X1','B_X1','A_X2','B_X2')"
3699,"XX[X[1,2|0,0],X[2,0|0,0]]",45,"X[1,2|0,0]",54,"X[2,0|0,0]",4,"(5,0,6,0)",3699,"('A_X1','B_X1','A_X2','B_X2')"
3700,"XX[X[1,2|0,0],X[2,0|0,1]]",45,"X[1,2|0,0]",55,"X[2,0|0,1]",4,"(5,0,6,1)",3700,"('A_X1','B_X1','A_X2','B_X2')"
3701,"XX[X[1,2|0,0],X[2,0|0,2]]",45,"X[1,2|0,0]",56,"X[2,0|0,2]",4,"(5,0,6,2)",3701,"('A_X1','B_X1','A_X2','B_X2')"
3702,"XX[X[1,2|0,0],X[2,0|1,0]]",45,"X[1,2|0,0]",57,"X[2,0|1,0]",4,"(5,0,6,3)",3702,"('A_X1','B_X1','A_X2','B_X2')"
3703,"XX[X[1,2|0,0],X[2,0|1,1]]",45,"X[1,2|0,0]",58,"X[2,0|1,1]",4,"(5,0,6,4)",3703,"('A_X1','B_X1','A_X2','B_X2')"
3704,"XX[X[1,2|0,0],X[2,0|1,2]]",45,"X[1,2|0,0]",59,"X[2,0|1,2]",4,"(5,0,6,5)",3704,"('A_X1','B_X1','A_X2','B_X2')"
3705,"XX[X[1,2|0,0],X[2,0|2,0]]",45,"X[1,2|0,0]",60,"X[2,0|2,0]",4,"(5,0,6,6)",3705,"('A_X1','B_X1','A_X2','B_X2')"
3706,"XX[X[1,2|0,0],X[2,0|2,1]]",45,"X[1,2|0,0]",61,"X[2,0|2,1]",4,"(5,0,6,7)",3706,"('A_X1','B_X1','A_X2','B_X2')"
3707,"XX[X[1,2|0,0],X[2,0|2,2]]",45,"X[1,2|0,0]",62,"X[2,0|2,2]",4,"(5,0,6,8)",3707,"('A_X1','B_X1','A_X2','B_X2')"
3708,"XX[X[1,2|0,0],X[2,1|0,0]]",45,"X[1,2|0,0]",63,"X[2,1|0,0]",4,"(5,0,7,0)",3708,"('A_X1','B_X1','A_X2','B_X2')"
3709,"XX[X[1,2|0,0],X[2,1|0,1]]",45,"X[1,2|0,0]",64,"X[2,1|0,1]",4,"(5,0,7,1)",3709,"('A_X1','B_X1','A_X2','B_X2')"
3710,"XX[X[1,2|0,0],X[2,1|0,2]]",45,"X[1,2|0,0]",65,"X[2,1|0,2]",4,"(5,0,7,2)",3710,"('A_X1','B_X1','A_X2','B_X2')"
3711,"XX[X[1,2|0,0],X[2,1|1,0]]",45,"X[1,2|0,0]",66,"X[2,1|1,0]",4,"(5,0,7,3)",3711,"('A_X1','B_X1','A_X2','B_X2')"
3712,"XX[X[1,2|0,0],X[2,1|1,1]]",45,"X[1,2|0,0]",67,"X[2,1|1,1]",4,"(5,0,7,4)",3712,"('A_X1','B_X1','A_X2','B_X2')"
3713,"XX[X[1,2|0,0],X[2,1|1,2]]",45,"X[1,2|0,0]",68,"X[2,1|1,2]",4,"(5,0,7,5)",3713,"('A_X1','B_X1','A_X2','B_X2')"
3714,"XX[X[1,2|0,0],X[2,1|2,0]]",45,"X[1,2|0,0]",69,"X[2,1|2,0]",4,"(5,0,7,6)",3714,"('A_X1','B_X1','A_X2','B_X2')"
3715,"XX[X[1,2|0,0],X[2,1|2,1]]",45,"X[1,2|0,0]",70,"X[2,1|2,1]",4,"(5,0,7,7)",3715,"('A_X1','B_X1','A_X2','B_X2')"
3716,"XX[X[1,2|0,0],X[2,1|2,2]]",45,"X[1,2|0,0]",71,"X[2,1|2,2]",4,"(5,0,7,8)",3716,"('A_X1','B_X1','A_X2','B_X2')"
3717,"XX[X[1,2|0,0],X[2,2|0,0]]",45,"X[1,2|0,0]",72,"X[2,2|0,0]",4,"(5,0,8,0)",3717,"('A_X1','B_X1','A_X2','B_X2')"
3718,"XX[X[1,2|0,0],X[2,2|0,1]]",45,"X[1,2|0,0]",73,"X[2,2|0,1]",4,"(5,0,8,1)",3718,"('A_X1','B_X1','A_X2','B_X2')"
3719,"XX[X[1,2|0,0],X[2,2|0,2]]",45,"X[1,2|0,0]",74,"X[2,2|0,2]",4,"(5,0,8,2)",3719,"('A_X1','B_X1','A_X2','B_X2')"
3720,"XX[X[1,2|0,0],X[2,2|1,0]]",45,"X[1,2|0,0]",75,"X[2,2|1,0]",4,"(5,0,8,3)",3720,"('A_X1','B_X1','A_X2','B_X2')"
3721,"XX[X[1,2|0,0],X[2,2|1,1]]",45,"X[1,2|0,0]",76,"X[2,2|1,1]",4,"(5,0,8,4)",3721,"('A_X1','B_X1','A_X2','B_X2')"
3722,"XX[X[1,2|0,0],X[2,2|1,2]]",45,"X[1,2|0,0]",77,"X[2,2|1,2]",4,"(5,0,8,5)",3722,"('A_X1','B_X1','A_X2','B_X2')"
3723,"XX[X[1,2|0,0],X[2,2|2,0]]",45,"X[1,2|0,0]",78,"X[2,2|2,0]",4,"(5,0,8,6)",3723,"('A_X1','B_X1','A_X2','B_X2')"
3724,"XX[X[1,2|0,0],X[2,2|2,1]]",45,"X[1,2|0,0]",79,"X[2,2|2,1]",4,"(5,0,8,7)",3724,"('A_X1','B_X1','A_X2','B_X2')"
3725,"XX[X[1,2|0,0],X[2,2|2,2]]",45,"X[1,2|0,0]",80,"X[2,2|2,2]",4,"(5,0,8,8)",3725,"('A_X1','B_X1','A_X2','B_X2')"
3726,"XX[X[1,2|0,1],X[0,0|0,0]]",46,"X[1,2|0,1]",0,"X[0,0|0,0]",4,"(5,1,0,0)",3726,"('A_X1','B_X1','A_X2','B_X2')"
3727,"XX[X[1,2|0,1],X[0,0|0,1]]",46,"X[1,2|0,1]",1,"X[0,0|0,1]",4,"(5,1,0,1)",3727,"('A_X1','B_X1','A_X2','B_X2')"
3728,"XX[X[1,2|0,1],X[0,0|0,2]]",46,"X[1,2|0,1]",2,"X[0,0|0,2]",4,"(5,1,0,2)",3728,"('A_X1','B_X1','A_X2','B_X2')"
3729,"XX[X[1,2|0,1],X[0,0|1,0]]",46,"X[1,2|0,1]",3,"X[0,0|1,0]",4,"(5,1,0,3)",3729,"('A_X1','B_X1','A_X2','B_X2')"
3730,"XX[X[1,2|0,1],X[0,0|1,1]]",46,"X[1,2|0,1]",4,"X[0,0|1,1]",4,"(5,1,0,4)",3730,"('A_X1','B_X1','A_X2','B_X2')"
3731,"XX[X[1,2|0,1],X[0,0|1,2]]",46,"X[1,2|0,1]",5,"X[0,0|1,2]",4,"(5,1,0,5)",3731,"('A_X1','B_X1','A_X2','B_X2')"
3732,"XX[X[1,2|0,1],X[0,0|2,0]]",46,"X[1,2|0,1]",6,"X[0,0|2,0]",4,"(5,1,0,6)",3732,"('A_X1','B_X1','A_X2','B_X2')"
3733,"XX[X[1,2|0,1],X[0,0|2,1]]",46,"X[1,2|0,1]",7,"X[0,0|2,1]",4,"(5,1,0,7)",3733,"('A_X1','B_X1','A_X2','B_X2')"
3734,"XX[X[1,2|0,1],X[0,0|2,2]]",46,"X[1,2|0,1]",8,"X[0,0|2,2]",4,"(5,1,0,8)",3734,"('A_X1','B_X1','A_X2','B_X2')"
3735,"XX[X[1,2|0,1],X[0,1|0,0]]",46,"X[1,2|0,1]",9,"X[0,1|0,0]",4,"(5,1,1,0)",3735,"('A_X1','B_X1','A_X2','B_X2')"
3736,"XX[X[1,2|0,1],X[0,1|0,1]]",46,"X[1,2|0,1]",10,"X[0,1|0,1]",4,"(5,1,1,1)",3736,"('A_X1','B_X1','A_X2','B_X2')"
3737,"XX[X[1,2|0,1],X[0,1|0,2]]",46,"X[1,2|0,1]",11,"X[0,1|0,2]",4,"(5,1,1,2)",3737,"('A_X1','B_X1','A_X2','B_X2')"
3738,"XX[X[1,2|0,1],X[0,1|1,0]]",46,"X[1,2|0,1]",12,"X[0,1|1,0]",4,"(5,1,1,3)",3738,"('A_X1','B_X1','A_X2','B_X2')"
3739,"XX[X[1,2|0,1],X[0,1|1,1]]",46,"X[1,2|0,1]",13,"X[0,1|1,1]",4,"(5,1,1,4)",3739,"('A_X1','B_X1','A_X2','B_X2')"
3740,"XX[X[1,2|0,1],X[0,1|1,2]]",46,"X[1,2|0,1]",14,"X[0,1|1,2]",4,"(5,1,1,5)",3740,"('A_X1','B_X1','A_X2','B_X2')"
3741,"XX[X[1,2|0,1],X[0,1|2,0]]",46,"X[1,2|0,1]",15,"X[0,1|2,0]",4,"(5,1,1,6)",3741,"('A_X1','B_X1','A_X2','B_X2')"
3742,"XX[X[1,2|0,1],X[0,1|2,1]]",46,"X[1,2|0,1]",16,"X[0,1|2,1]",4,"(5,1,1,7)",3742,"('A_X1','B_X1','A_X2','B_X2')"
3743,"XX[X[1,2|0,1],X[0,1|2,2]]",46,"X[1,2|0,1]",17,"X[0,1|2,2]",4,"(5,1,1,8)",3743,"('A_X1','B_X1','A_X2','B_X2')"
3744,"XX[X[1,2|0,1],X[0,2|0,0]]",46,"X[1,2|0,1]",18,"X[0,2|0,0]",4,"(5,1,2,0)",3744,"('A_X1','B_X1','A_X2','B_X2')"
3745,"XX[X[1,2|0,1],X[0,2|0,1]]",46,"X[1,2|0,1]",19,"X[0,2|0,1]",4,"(5,1,2,1)",3745,"('A_X1','B_X1','A_X2','B_X2')"
3746,"XX[X[1,2|0,1],X[0,2|0,2]]",46,"X[1,2|0,1]",20,"X[0,2|0,2]",4,"(5,1,2,2)",3746,"('A_X1','B_X1','A_X2','B_X2')"
3747,"XX[X[1,2|0,1],X[0,2|1,0]]",46,"X[1,2|0,1]",21,"X[0,2|1,0]",4,"(5,1,2,3)",3747,"('A_X1','B_X1','A_X2','B_X2')"
3748,"XX[X[1,2|0,1],X[0,2|1,1]]",46,"X[1,2|0,1]",22,"X[0,2|1,1]",4,"(5,1,2,4)",3748,"('A_X1','B_X1','A_X2','B_X2')"
3749,"XX[X[1,2|0,1],X[0,2|1,2]]",46,"X[1,2|0,1]",23,"X[0,2|1,2]",4,"(5,1,2,5)",3749,"('A_X1','B_X1','A_X2','B_X2')"
3750,"XX[X[1,2|0,1],X[0,2|2,0]]",46,"X[1,2|0,1]",24,"X[0,2|2,0]",4,"(5,1,2,6)",3750,"('A_X1','B_X1','A_X2','B_X2')"
3751,"XX[X[1,2|0,1],X[0,2|2,1]]",46,"X[1,2|0,1]",25,"X[0,2|2,1]",4,"(5,1,2,7)",3751,"('A_X1','B_X1','A_X2','B_X2')"
3752,"XX[X[1,2|0,1],X[0,2|2,2]]",46,"X[1,2|0,1]",26,"X[0,2|2,2]",4,"(5,1,2,8)",3752,"('A_X1','B_X1','A_X2','B_X2')"
3753,"XX[X[1,2|0,1],X[1,0|0,0]]",46,"X[1,2|0,1]",27,"X[1,0|0,0]",4,"(5,1,3,0)",3753,"('A_X1','B_X1','A_X2','B_X2')"
3754,"XX[X[1,2|0,1],X[1,0|0,1]]",46,"X[1,2|0,1]",28,"X[1,0|0,1]",4,"(5,1,3,1)",3754,"('A_X1','B_X1','A_X2','B_X2')"
3755,"XX[X[1,2|0,1],X[1,0|0,2]]",46,"X[1,2|0,1]",29,"X[1,0|0,2]",4,"(5,1,3,2)",3755,"('A_X1','B_X1','A_X2','B_X2')"
3756,"XX[X[1,2|0,1],X[1,0|1,0]]",46,"X[1,2|0,1]",30,"X[1,0|1,0]",4,"(5,1,3,3)",3756,"('A_X1','B_X1','A_X2','B_X2')"
3757,"XX[X[1,2|0,1],X[1,0|1,1]]",46,"X[1,2|0,1]",31,"X[1,0|1,1]",4,"(5,1,3,4)",3757,"('A_X1','B_X1','A_X2','B_X2')"
3758,"XX[X[1,2|0,1],X[1,0|1,2]]",46,"X[1,2|0,1]",32,"X[1,0|1,2]",4,"(5,1,3,5)",3758,"('A_X1','B_X1','A_X2','B_X2')"
3759,"XX[X[1,2|0,1],X[1,0|2,0]]",46,"X[1,2|0,1]",33,"X[1,0|2,0]",4,"(5,1,3,6)",3759,"('A_X1','B_X1','A_X2','B_X2')"
3760,"XX[X[1,2|0,1],X[1,0|2,1]]",46,"X[1,2|0,1]",34,"X[1,0|2,1]",4,"(5,1,3,7)",3760,"('A_X1','B_X1','A_X2','B_X2')"
3761,"XX[X[1,2|0,1],X[1,0|2,2]]",46,"X[1,2|0,1]",35,"X[1,0|2,2]",4,"(5,1,3,8)",3761,"('A_X1','B_X1','A_X2','B_X2')"
3762,"XX[X[1,2|0,1],X[1,1|0,0]]",46,"X[1,2|0,1]",36,"X[1,1|0,0]",4,"(5,1,4,0)",3762,"('A_X1','B_X1','A_X2','B_X2')"
3763,"XX[X[1,2|0,1],X[1,1|0,1]]",46,"X[1,2|0,1]",37,"X[1,1|0,1]",4,"(5,1,4,1)",3763,"('A_X1','B_X1','A_X2','B_X2')"
3764,"XX[X[1,2|0,1],X[1,1|0,2]]",46,"X[1,2|0,1]",38,"X[1,1|0,2]",4,"(5,1,4,2)",3764,"('A_X1','B_X1','A_X2','B_X2')"
3765,"XX[X[1,2|0,1],X[1,1|1,0]]",46,"X[1,2|0,1]",39,"X[1,1|1,0]",4,"(5,1,4,3)",3765,"('A_X1','B_X1','A_X2','B_X2')"
3766,"XX[X[1,2|0,1],X[1,1|1,1]]",46,"X[1,2|0,1]",40,"X[1,1|1,1]",4,"(5,1,4,4)",3766,"('A_X1','B_X1','A_X2','B_X2')"
3767,"XX[X[1,2|0,1],X[1,1|1,2]]",46,"X[1,2|0,1]",41,"X[1,1|1,2]",4,"(5,1,4,5)",3767,"('A_X1','B_X1','A_X2','B_X2')"
3768,"XX[X[1,2|0,1],X[1,1|2,0]]",46,"X[1,2|0,1]",42,"X[1,1|2,0]",4,"(5,1,4,6)",3768,"('A_X1','B_X1','A_X2','B_X2')"
3769,"XX[X[1,2|0,1],X[1,1|2,1]]",46,"X[1,2|0,1]",43,"X[1,1|2,1]",4,"(5,1,4,7)",3769,"('A_X1','B_X1','A_X2','B_X2')"
3770,"XX[X[1,2|0,1],X[1,1|2,2]]",46,"X[1,2|0,1]",44,"X[1,1|2,2]",4,"(5,1,4,8)",3770,"('A_X1','B_X1','A_X2','B_X2')"
3771,"XX[X[1,2|0,1],X[1,2|0,0]]",46,"X[1,2|0,1]",45,"X[1,2|0,0]",4,"(5,1,5,0)",3771,"('A_X1','B_X1','A_X2','B_X2')"
3772,"XX[X[1,2|0,1],X[1,2|0,1]]",46,"X[1,2|0,1]",46,"X[1,2|0,1]",4,"(5,1,5,1)",3772,"('A_X1','B_X1','A_X2','B_X2')"
3773,"XX[X[1,2|0,1],X[1,2|0,2]]",46,"X[1,2|0,1]",47,"X[1,2|0,2]",4,"(5,1,5,2)",3773,"('A_X1','B_X1','A_X2','B_X2')"
3774,"XX[X[1,2|0,1],X[1,2|1,0]]",46,"X[1,2|0,1]",48,"X[1,2|1,0]",4,"(5,1,5,3)",3774,"('A_X1','B_X1','A_X2','B_X2')"
3775,"XX[X[1,2|0,1],X[1,2|1,1]]",46,"X[1,2|0,1]",49,"X[1,2|1,1]",4,"(5,1,5,4)",3775,"('A_X1','B_X1','A_X2','B_X2')"
3776,"XX[X[1,2|0,1],X[1,2|1,2]]",46,"X[1,2|0,1]",50,"X[1,2|1,2]",4,"(5,1,5,5)",3776,"('A_X1','B_X1','A_X2','B_X2')"
3777,"XX[X[1,2|0,1],X[1,2|2,0]]",46,"X[1,2|0,1]",51,"X[1,2|2,0]",4,"(5,1,5,6)",3777,"('A_X1','B_X1','A_X2','B_X2')"
3778,"XX[X[1,2|0,1],X[1,2|2,1]]",46,"X[1,2|0,1]",52,"X[1,2|2,1]",4,"(5,1,5,7)",3778,"('A_X1','B_X1','A_X2','B_X2')"
3779,"XX[X[1,2|0,1],X[1,2|2,2]]",46,"X[1,2|0,1]",53,"X[1,2|2,2]",4,"(5,1,5,8)",3779,"('A_X1','B_X1','A_X2','B_X2')"
3780,"XX[X[1,2|0,1],X[2,0|0,0]]",46,"X[1,2|0,1]",54,"X[2,0|0,0]",4,"(5,1,6,0)",3780,"('A_X1','B_X1','A_X2','B_X2')"
3781,"XX[X[1,2|0,1],X[2,0|0,1]]",46,"X[1,2|0,1]",55,"X[2,0|0,1]",4,"(5,1,6,1)",3781,"('A_X1','B_X1','A_X2','B_X2')"
3782,"XX[X[1,2|0,1],X[2,0|0,2]]",46,"X[1,2|0,1]",56,"X[2,0|0,2]",4,"(5,1,6,2)",3782,"('A_X1','B_X1','A_X2','B_X2')"
3783,"XX[X[1,2|0,1],X[2,0|1,0]]",46,"X[1,2|0,1]",57,"X[2,0|1,0]",4,"(5,1,6,3)",3783,"('A_X1','B_X1','A_X2','B_X2')"
3784,"XX[X[1,2|0,1],X[2,0|1,1]]",46,"X[1,2|0,1]",58,"X[2,0|1,1]",4,"(5,1,6,4)",3784,"('A_X1','B_X1','A_X2','B_X2')"
3785,"XX[X[1,2|0,1],X[2,0|1,2]]",46,"X[1,2|0,1]",59,"X[2,0|1,2]",4,"(5,1,6,5)",3785,"('A_X1','B_X1','A_X2','B_X2')"
3786,"XX[X[1,2|0,1],X[2,0|2,0]]",46,"X[1,2|0,1]",60,"X[2,0|2,0]",4,"(5,1,6,6)",3786,"('A_X1','B_X1','A_X2','B_X2')"
3787,"XX[X[1,2|0,1],X[2,0|2,1]]",46,"X[1,2|0,1]",61,"X[2,0|2,1]",4,"(5,1,6,7)",3787,"('A_X1','B_X1','A_X2','B_X2')"
3788,"XX[X[1,2|0,1],X[2,0|2,2]]",46,"X[1,2|0,1]",62,"X[2,0|2,2]",4,"(5,1,6,8)",3788,"('A_X1','B_X1','A_X2','B_X2')"
3789,"XX[X[1,2|0,1],X[2,1|0,0]]",46,"X[1,2|0,1]",63,"X[2,1|0,0]",4,"(5,1,7,0)",3789,"('A_X1','B_X1','A_X2','B_X2')"
3790,"XX[X[1,2|0,1],X[2,1|0,1]]",46,"X[1,2|0,1]",64,"X[2,1|0,1]",4,"(5,1,7,1)",3790,"('A_X1','B_X1','A_X2','B_X2')"
3791,"XX[X[1,2|0,1],X[2,1|0,2]]",46,"X[1,2|0,1]",65,"X[2,1|0,2]",4,"(5,1,7,2)",3791,"('A_X1','B_X1','A_X2','B_X2')"
3792,"XX[X[1,2|0,1],X[2,1|1,0]]",46,"X[1,2|0,1]",66,"X[2,1|1,0]",4,"(5,1,7,3)",3792,"('A_X1','B_X1','A_X2','B_X2')"
3793,"XX[X[1,2|0,1],X[2,1|1,1]]",46,"X[1,2|0,1]",67,"X[2,1|1,1]",4,"(5,1,7,4)",3793,"('A_X1','B_X1','A_X2','B_X2')"
3794,"XX[X[1,2|0,1],X[2,1|1,2]]",46,"X[1,2|0,1]",68,"X[2,1|1,2]",4,"(5,1,7,5)",3794,"('A_X1','B_X1','A_X2','B_X2')"
3795,"XX[X[1,2|0,1],X[2,1|2,0]]",46,"X[1,2|0,1]",69,"X[2,1|2,0]",4,"(5,1,7,6)",3795,"('A_X1','B_X1','A_X2','B_X2')"
3796,"XX[X[1,2|0,1],X[2,1|2,1]]",46,"X[1,2|0,1]",70,"X[2,1|2,1]",4,"(5,1,7,7)",3796,"('A_X1','B_X1','A_X2','B_X2')"
3797,"XX[X[1,2|0,1],X[2,1|2,2]]",46,"X[1,2|0,1]",71,"X[2,1|2,2]",4,"(5,1,7,8)",3797,"('A_X1','B_X1','A_X2','B_X2')"
3798,"XX[X[1,2|0,1],X[2,2|0,0]]",46,"X[1,2|0,1]",72,"X[2,2|0,0]",4,"(5,1,8,0)",3798,"('A_X1','B_X1','A_X2','B_X2')"
3799,"XX[X[1,2|0,1],X[2,2|0,1]]",46,"X[1,2|0,1]",73,"X[2,2|0,1]",4,"(5,1,8,1)",3799,"('A_X1','B_X1','A_X2','B_X2')"
3800,"XX[X[1,2|0,1],X[2,2|0,2]]",46,"X[1,2|0,1]",74,"X[2,2|0,2]",4,"(5,1,8,2)",3800,"('A_X1','B_X1','A_X2','B_X2')"
3801,"XX[X[1,2|0,1],X[2,2|1,0]]",46,"X[1,2|0,1]",75,"X[2,2|1,0]",4,"(5,1,8,3)",3801,"('A_X1','B_X1','A_X2','B_X2')"
3802,"XX[X[1,2|0,1],X[2,2|1,1]]",46,"X[1,2|0,1]",76,"X[2,2|1,1]",4,"(5,1,8,4)",3802,"('A_X1','B_X1','A_X2','B_X2')"
3803,"XX[X[1,2|0,1],X[2,2|1,2]]",46,"X[1,2|0,1]",77,"X[2,2|1,2]",4,"(5,1,8,5)",3803,"('A_X1','B_X1','A_X2','B_X2')"
3804,"XX[X[1,2|0,1],X[2,2|2,0]]",46,"X[1,2|0,1]",78,"X[2,2|2,0]",4,"(5,1,8,6)",3804,"('A_X1','B_X1','A_X2','B_X2')"
3805,"XX[X[1,2|0,1],X[2,2|2,1]]",46,"X[1,2|0,1]",79,"X[2,2|2,1]",4,"(5,1,8,7)",3805,"('A_X1','B_X1','A_X2','B_X2')"
3806,"XX[X[1,2|0,1],X[2,2|2,2]]",46,"X[1,2|0,1]",80,"X[2,2|2,2]",4,"(5,1,8,8)",3806,"('A_X1','B_X1','A_X2','B_X2')"
3807,"XX[X[1,2|0,2],X[0,0|0,0]]",47,"X[1,2|0,2]",0,"X[0,0|0,0]",4,"(5,2,0,0)",3807,"('A_X1','B_X1','A_X2','B_X2')"
3808,"XX[X[1,2|0,2],X[0,0|0,1]]",47,"X[1,2|0,2]",1,"X[0,0|0,1]",4,"(5,2,0,1)",3808,"('A_X1','B_X1','A_X2','B_X2')"
3809,"XX[X[1,2|0,2],X[0,0|0,2]]",47,"X[1,2|0,2]",2,"X[0,0|0,2]",4,"(5,2,0,2)",3809,"('A_X1','B_X1','A_X2','B_X2')"
3810,"XX[X[1,2|0,2],X[0,0|1,0]]",47,"X[1,2|0,2]",3,"X[0,0|1,0]",4,"(5,2,0,3)",3810,"('A_X1','B_X1','A_X2','B_X2')"
3811,"XX[X[1,2|0,2],X[0,0|1,1]]",47,"X[1,2|0,2]",4,"X[0,0|1,1]",4,"(5,2,0,4)",3811,"('A_X1','B_X1','A_X2','B_X2')"
3812,"XX[X[1,2|0,2],X[0,0|1,2]]",47,"X[1,2|0,2]",5,"X[0,0|1,2]",4,"(5,2,0,5)",3812,"('A_X1','B_X1','A_X2','B_X2')"
3813,"XX[X[1,2|0,2],X[0,0|2,0]]",47,"X[1,2|0,2]",6,"X[0,0|2,0]",4,"(5,2,0,6)",3813,"('A_X1','B_X1','A_X2','B_X2')"
3814,"XX[X[1,2|0,2],X[0,0|2,1]]",47,"X[1,2|0,2]",7,"X[0,0|2,1]",4,"(5,2,0,7)",3814,"('A_X1','B_X1','A_X2','B_X2')"
3815,"XX[X[1,2|0,2],X[0,0|2,2]]",47,"X[1,2|0,2]",8,"X[0,0|2,2]",4,"(5,2,0,8)",3815,"('A_X1','B_X1','A_X2','B_X2')"
3816,"XX[X[1,2|0,2],X[0,1|0,0]]",47,"X[1,2|0,2]",9,"X[0,1|0,0]",4,"(5,2,1,0)",3816,"('A_X1','B_X1','A_X2','B_X2')"
3817,"XX[X[1,2|0,2],X[0,1|0,1]]",47,"X[1,2|0,2]",10,"X[0,1|0,1]",4,"(5,2,1,1)",3817,"('A_X1','B_X1','A_X2','B_X2')"
3818,"XX[X[1,2|0,2],X[0,1|0,2]]",47,"X[1,2|0,2]",11,"X[0,1|0,2]",4,"(5,2,1,2)",3818,"('A_X1','B_X1','A_X2','B_X2')"
3819,"XX[X[1,2|0,2],X[0,1|1,0]]",47,"X[1,2|0,2]",12,"X[0,1|1,0]",4,"(5,2,1,3)",3819,"('A_X1','B_X1','A_X2','B_X2')"
3820,"XX[X[1,2|0,2],X[0,1|1,1]]",47,"X[1,2|0,2]",13,"X[0,1|1,1]",4,"(5,2,1,4)",3820,"('A_X1','B_X1','A_X2','B_X2')"
3821,"XX[X[1,2|0,2],X[0,1|1,2]]",47,"X[1,2|0,2]",14,"X[0,1|1,2]",4,"(5,2,1,5)",3821,"('A_X1','B_X1','A_X2','B_X2')"
3822,"XX[X[1,2|0,2],X[0,1|2,0]]",47,"X[1,2|0,2]",15,"X[0,1|2,0]",4,"(5,2,1,6)",3822,"('A_X1','B_X1','A_X2','B_X2')"
3823,"XX[X[1,2|0,2],X[0,1|2,1]]",47,"X[1,2|0,2]",16,"X[0,1|2,1]",4,"(5,2,1,7)",3823,"('A_X1','B_X1','A_X2','B_X2')"
3824,"XX[X[1,2|0,2],X[0,1|2,2]]",47,"X[1,2|0,2]",17,"X[0,1|2,2]",4,"(5,2,1,8)",3824,"('A_X1','B_X1','A_X2','B_X2')"
3825,"XX[X[1,2|0,2],X[0,2|0,0]]",47,"X[1,2|0,2]",18,"X[0,2|0,0]",4,"(5,2,2,0)",3825,"('A_X1','B_X1','A_X2','B_X2')"
3826,"XX[X[1,2|0,2],X[0,2|0,1]]",47,"X[1,2|0,2]",19,"X[0,2|0,1]",4,"(5,2,2,1)",3826,"('A_X1','B_X1','A_X2','B_X2')"
3827,"XX[X[1,2|0,2],X[0,2|0,2]]",47,"X[1,2|0,2]",20,"X[0,2|0,2]",4,"(5,2,2,2)",3827,"('A_X1','B_X1','A_X2','B_X2')"
3828,"XX[X[1,2|0,2],X[0,2|1,0]]",47,"X[1,2|0,2]",21,"X[0,2|1,0]",4,"(5,2,2,3)",3828,"('A_X1','B_X1','A_X2','B_X2')"
3829,"XX[X[1,2|0,2],X[0,2|1,1]]",47,"X[1,2|0,2]",22,"X[0,2|1,1]",4,"(5,2,2,4)",3829,"('A_X1','B_X1','A_X2','B_X2')"
3830,"XX[X[1,2|0,2],X[0,2|1,2]]",47,"X[1,2|0,2]",23,"X[0,2|1,2]",4,"(5,2,2,5)",3830,"('A_X1','B_X1','A_X2','B_X2')"
3831,"XX[X[1,2|0,2],X[0,2|2,0]]",47,"X[1,2|0,2]",24,"X[0,2|2,0]",4,"(5,2,2,6)",3831,"('A_X1','B_X1','A_X2','B_X2')"
3832,"XX[X[1,2|0,2],X[0,2|2,1]]",47,"X[1,2|0,2]",25,"X[0,2|2,1]",4,"(5,2,2,7)",3832,"('A_X1','B_X1','A_X2','B_X2')"
3833,"XX[X[1,2|0,2],X[0,2|2,2]]",47,"X[1,2|0,2]",26,"X[0,2|2,2]",4,"(5,2,2,8)",3833,"('A_X1','B_X1','A_X2','B_X2')"
3834,"XX[X[1,2|0,2],X[1,0|0,0]]",47,"X[1,2|0,2]",27,"X[1,0|0,0]",4,"(5,2,3,0)",3834,"('A_X1','B_X1','A_X2','B_X2')"
3835,"XX[X[1,2|0,2],X[1,0|0,1]]",47,"X[1,2|0,2]",28,"X[1,0|0,1]",4,"(5,2,3,1)",3835,"('A_X1','B_X1','A_X2','B_X2')"
3836,"XX[X[1,2|0,2],X[1,0|0,2]]",47,"X[1,2|0,2]",29,"X[1,0|0,2]",4,"(5,2,3,2)",3836,"('A_X1','B_X1','A_X2','B_X2')"
3837,"XX[X[1,2|0,2],X[1,0|1,0]]",47,"X[1,2|0,2]",30,"X[1,0|1,0]",4,"(5,2,3,3)",3837,"('A_X1','B_X1','A_X2','B_X2')"
3838,"XX[X[1,2|0,2],X[1,0|1,1]]",47,"X[1,2|0,2]",31,"X[1,0|1,1]",4,"(5,2,3,4)",3838,"('A_X1','B_X1','A_X2','B_X2')"
3839,"XX[X[1,2|0,2],X[1,0|1,2]]",47,"X[1,2|0,2]",32,"X[1,0|1,2]",4,"(5,2,3,5)",3839,"('A_X1','B_X1','A_X2','B_X2')"
3840,"XX[X[1,2|0,2],X[1,0|2,0]]",47,"X[1,2|0,2]",33,"X[1,0|2,0]",4,"(5,2,3,6)",3840,"('A_X1','B_X1','A_X2','B_X2')"
3841,"XX[X[1,2|0,2],X[1,0|2,1]]",47,"X[1,2|0,2]",34,"X[1,0|2,1]",4,"(5,2,3,7)",3841,"('A_X1','B_X1','A_X2','B_X2')"
3842,"XX[X[1,2|0,2],X[1,0|2,2]]",47,"X[1,2|0,2]",35,"X[1,0|2,2]",4,"(5,2,3,8)",3842,"('A_X1','B_X1','A_X2','B_X2')"
3843,"XX[X[1,2|0,2],X[1,1|0,0]]",47,"X[1,2|0,2]",36,"X[1,1|0,0]",4,"(5,2,4,0)",3843,"('A_X1','B_X1','A_X2','B_X2')"
3844,"XX[X[1,2|0,2],X[1,1|0,1]]",47,"X[1,2|0,2]",37,"X[1,1|0,1]",4,"(5,2,4,1)",3844,"('A_X1','B_X1','A_X2','B_X2')"
3845,"XX[X[1,2|0,2],X[1,1|0,2]]",47,"X[1,2|0,2]",38,"X[1,1|0,2]",4,"(5,2,4,2)",3845,"('A_X1','B_X1','A_X2','B_X2')"
3846,"XX[X[1,2|0,2],X[1,1|1,0]]",47,"X[1,2|0,2]",39,"X[1,1|1,0]",4,"(5,2,4,3)",3846,"('A_X1','B_X1','A_X2','B_X2')"
3847,"XX[X[1,2|0,2],X[1,1|1,1]]",47,"X[1,2|0,2]",40,"X[1,1|1,1]",4,"(5,2,4,4)",3847,"('A_X1','B_X1','A_X2','B_X2')"
3848,"XX[X[1,2|0,2],X[1,1|1,2]]",47,"X[1,2|0,2]",41,"X[1,1|1,2]",4,"(5,2,4,5)",3848,"('A_X1','B_X1','A_X2','B_X2')"
3849,"XX[X[1,2|0,2],X[1,1|2,0]]",47,"X[1,2|0,2]",42,"X[1,1|2,0]",4,"(5,2,4,6)",3849,"('A_X1','B_X1','A_X2','B_X2')"
3850,"XX[X[1,2|0,2],X[1,1|2,1]]",47,"X[1,2|0,2]",43,"X[1,1|2,1]",4,"(5,2,4,7)",3850,"('A_X1','B_X1','A_X2','B_X2')"
3851,"XX[X[1,2|0,2],X[1,1|2,2]]",47,"X[1,2|0,2]",44,"X[1,1|2,2]",4,"(5,2,4,8)",3851,"('A_X1','B_X1','A_X2','B_X2')"
3852,"XX[X[1,2|0,2],X[1,2|0,0]]",47,"X[1,2|0,2]",45,"X[1,2|0,0]",4,"(5,2,5,0)",3852,"('A_X1','B_X1','A_X2','B_X2')"
3853,"XX[X[1,2|0,2],X[1,2|0,1]]",47,"X[1,2|0,2]",46,"X[1,2|0,1]",4,"(5,2,5,1)",3853,"('A_X1','B_X1','A_X2','B_X2')"
3854,"XX[X[1,2|0,2],X[1,2|0,2]]",47,"X[1,2|0,2]",47,"X[1,2|0,2]",4,"(5,2,5,2)",3854,"('A_X1','B_X1','A_X2','B_X2')"
3855,"XX[X[1,2|0,2],X[1,2|1,0]]",47,"X[1,2|0,2]",48,"X[1,2|1,0]",4,"(5,2,5,3)",3855,"('A_X1','B_X1','A_X2','B_X2')"
3856,"XX[X[1,2|0,2],X[1,2|1,1]]",47,"X[1,2|0,2]",49,"X[1,2|1,1]",4,"(5,2,5,4)",3856,"('A_X1','B_X1','A_X2','B_X2')"
3857,"XX[X[1,2|0,2],X[1,2|1,2]]",47,"X[1,2|0,2]",50,"X[1,2|1,2]",4,"(5,2,5,5)",3857,"('A_X1','B_X1','A_X2','B_X2')"
3858,"XX[X[1,2|0,2],X[1,2|2,0]]",47,"X[1,2|0,2]",51,"X[1,2|2,0]",4,"(5,2,5,6)",3858,"('A_X1','B_X1','A_X2','B_X2')"
3859,"XX[X[1,2|0,2],X[1,2|2,1]]",47,"X[1,2|0,2]",52,"X[1,2|2,1]",4,"(5,2,5,7)",3859,"('A_X1','B_X1','A_X2','B_X2')"
3860,"XX[X[1,2|0,2],X[1,2|2,2]]",47,"X[1,2|0,2]",53,"X[1,2|2,2]",4,"(5,2,5,8)",3860,"('A_X1','B_X1','A_X2','B_X2')"
3861,"XX[X[1,2|0,2],X[2,0|0,0]]",47,"X[1,2|0,2]",54,"X[2,0|0,0]",4,"(5,2,6,0)",3861,"('A_X1','B_X1','A_X2','B_X2')"
3862,"XX[X[1,2|0,2],X[2,0|0,1]]",47,"X[1,2|0,2]",55,"X[2,0|0,1]",4,"(5,2,6,1)",3862,"('A_X1','B_X1','A_X2','B_X2')"
3863,"XX[X[1,2|0,2],X[2,0|0,2]]",47,"X[1,2|0,2]",56,"X[2,0|0,2]",4,"(5,2,6,2)",3863,"('A_X1','B_X1','A_X2','B_X2')"
3864,"XX[X[1,2|0,2],X[2,0|1,0]]",47,"X[1,2|0,2]",57,"X[2,0|1,0]",4,"(5,2,6,3)",3864,"('A_X1','B_X1','A_X2','B_X2')"
3865,"XX[X[1,2|0,2],X[2,0|1,1]]",47,"X[1,2|0,2]",58,"X[2,0|1,1]",4,"(5,2,6,4)",3865,"('A_X1','B_X1','A_X2','B_X2')"
3866,"XX[X[1,2|0,2],X[2,0|1,2]]",47,"X[1,2|0,2]",59,"X[2,0|1,2]",4,"(5,2,6,5)",3866,"('A_X1','B_X1','A_X2','B_X2')"
3867,"XX[X[1,2|0,2],X[2,0|2,0]]",47,"X[1,2|0,2]",60,"X[2,0|2,0]",4,"(5,2,6,6)",3867,"('A_X1','B_X1','A_X2','B_X2')"
3868,"XX[X[1,2|0,2],X[2,0|2,1]]",47,"X[1,2|0,2]",61,"X[2,0|2,1]",4,"(5,2,6,7)",3868,"('A_X1','B_X1','A_X2','B_X2')"
3869,"XX[X[1,2|0,2],X[2,0|2,2]]",47,"X[1,2|0,2]",62,"X[2,0|2,2]",4,"(5,2,6,8)",3869,"('A_X1','B_X1','A_X2','B_X2')"
3870,"XX[X[1,2|0,2],X[2,1|0,0]]",47,"X[1,2|0,2]",63,"X[2,1|0,0]",4,"(5,2,7,0)",3870,"('A_X1','B_X1','A_X2','B_X2')"
3871,"XX[X[1,2|0,2],X[2,1|0,1]]",47,"X[1,2|0,2]",64,"X[2,1|0,1]",4,"(5,2,7,1)",3871,"('A_X1','B_X1','A_X2','B_X2')"
3872,"XX[X[1,2|0,2],X[2,1|0,2]]",47,"X[1,2|0,2]",65,"X[2,1|0,2]",4,"(5,2,7,2)",3872,"('A_X1','B_X1','A_X2','B_X2')"
3873,"XX[X[1,2|0,2],X[2,1|1,0]]",47,"X[1,2|0,2]",66,"X[2,1|1,0]",4,"(5,2,7,3)",3873,"('A_X1','B_X1','A_X2','B_X2')"
3874,"XX[X[1,2|0,2],X[2,1|1,1]]",47,"X[1,2|0,2]",67,"X[2,1|1,1]",4,"(5,2,7,4)",3874,"('A_X1','B_X1','A_X2','B_X2')"
3875,"XX[X[1,2|0,2],X[2,1|1,2]]",47,"X[1,2|0,2]",68,"X[2,1|1,2]",4,"(5,2,7,5)",3875,"('A_X1','B_X1','A_X2','B_X2')"
3876,"XX[X[1,2|0,2],X[2,1|2,0]]",47,"X[1,2|0,2]",69,"X[2,1|2,0]",4,"(5,2,7,6)",3876,"('A_X1','B_X1','A_X2','B_X2')"
3877,"XX[X[1,2|0,2],X[2,1|2,1]]",47,"X[1,2|0,2]",70,"X[2,1|2,1]",4,"(5,2,7,7)",3877,"('A_X1','B_X1','A_X2','B_X2')"
3878,"XX[X[1,2|0,2],X[2,1|2,2]]",47,"X[1,2|0,2]",71,"X[2,1|2,2]",4,"(5,2,7,8)",3878,"('A_X1','B_X1','A_X2','B_X2')"
3879,"XX[X[1,2|0,2],X[2,2|0,0]]",47,"X[1,2|0,2]",72,"X[2,2|0,0]",4,"(5,2,8,0)",3879,"('A_X1','B_X1','A_X2','B_X2')"
3880,"XX[X[1,2|0,2],X[2,2|0,1]]",47,"X[1,2|0,2]",73,"X[2,2|0,1]",4,"(5,2,8,1)",3880,"('A_X1','B_X1','A_X2','B_X2')"
3881,"XX[X[1,2|0,2],X[2,2|0,2]]",47,"X[1,2|0,2]",74,"X[2,2|0,2]",4,"(5,2,8,2)",3881,"('A_X1','B_X1','A_X2','B_X2')"
3882,"XX[X[1,2|0,2],X[2,2|1,0]]",47,"X[1,2|0,2]",75,"X[2,2|1,0]",4,"(5,2,8,3)",3882,"('A_X1','B_X1','A_X2','B_X2')"
3883,"XX[X[1,2|0,2],X[2,2|1,1]]",47,"X[1,2|0,2]",76,"X[2,2|1,1]",4,"(5,2,8,4)",3883,"('A_X1','B_X1','A_X2','B_X2')"
3884,"XX[X[1,2|0,2],X[2,2|1,2]]",47,"X[1,2|0,2]",77,"X[2,2|1,2]",4,"(5,2,8,5)",3884,"('A_X1','B_X1','A_X2','B_X2')"
3885,"XX[X[1,2|0,2],X[2,2|2,0]]",47,"X[1,2|0,2]",78,"X[2,2|2,0]",4,"(5,2,8,6)",3885,"('A_X1','B_X1','A_X2','B_X2')"
3886,"XX[X[1,2|0,2],X[2,2|2,1]]",47,"X[1,2|0,2]",79,"X[2,2|2,1]",4,"(5,2,8,7)",3886,"('A_X1','B_X1','A_X2','B_X2')"
3887,"XX[X[1,2|0,2],X[2,2|2,2]]",47,"X[1,2|0,2]",80,"X[2,2|2,2]",4,"(5,2,8,8)",3887,"('A_X1','B_X1','A_X2','B_X2')"
3888,"XX[X[1,2|1,0],X[0,0|0,0]]",48,"X[1,2|1,0]",0,"X[0,0|0,0]",4,"(5,3,0,0)",3888,"('A_X1','B_X1','A_X2','B_X2')"
3889,"XX[X[1,2|1,0],X[0,0|0,1]]",48,"X[1,2|1,0]",1,"X[0,0|0,1]",4,"(5,3,0,1)",3889,"('A_X1','B_X1','A_X2','B_X2')"
3890,"XX[X[1,2|1,0],X[0,0|0,2]]",48,"X[1,2|1,0]",2,"X[0,0|0,2]",4,"(5,3,0,2)",3890,"('A_X1','B_X1','A_X2','B_X2')"
3891,"XX[X[1,2|1,0],X[0,0|1,0]]",48,"X[1,2|1,0]",3,"X[0,0|1,0]",4,"(5,3,0,3)",3891,"('A_X1','B_X1','A_X2','B_X2')"
3892,"XX[X[1,2|1,0],X[0,0|1,1]]",48,"X[1,2|1,0]",4,"X[0,0|1,1]",4,"(5,3,0,4)",3892,"('A_X1','B_X1','A_X2','B_X2')"
3893,"XX[X[1,2|1,0],X[0,0|1,2]]",48,"X[1,2|1,0]",5,"X[0,0|1,2]",4,"(5,3,0,5)",3893,"('A_X1','B_X1','A_X2','B_X2')"
3894,"XX[X[1,2|1,0],X[0,0|2,0]]",48,"X[1,2|1,0]",6,"X[0,0|2,0]",4,"(5,3,0,6)",3894,"('A_X1','B_X1','A_X2','B_X2')"
3895,"XX[X[1,2|1,0],X[0,0|2,1]]",48,"X[1,2|1,0]",7,"X[0,0|2,1]",4,"(5,3,0,7)",3895,"('A_X1','B_X1','A_X2','B_X2')"
3896,"XX[X[1,2|1,0],X[0,0|2,2]]",48,"X[1,2|1,0]",8,"X[0,0|2,2]",4,"(5,3,0,8)",3896,"('A_X1','B_X1','A_X2','B_X2')"
3897,"XX[X[1,2|1,0],X[0,1|0,0]]",48,"X[1,2|1,0]",9,"X[0,1|0,0]",4,"(5,3,1,0)",3897,"('A_X1','B_X1','A_X2','B_X2')"
3898,"XX[X[1,2|1,0],X[0,1|0,1]]",48,"X[1,2|1,0]",10,"X[0,1|0,1]",4,"(5,3,1,1)",3898,"('A_X1','B_X1','A_X2','B_X2')"
3899,"XX[X[1,2|1,0],X[0,1|0,2]]",48,"X[1,2|1,0]",11,"X[0,1|0,2]",4,"(5,3,1,2)",3899,"('A_X1','B_X1','A_X2','B_X2')"
3900,"XX[X[1,2|1,0],X[0,1|1,0]]",48,"X[1,2|1,0]",12,"X[0,1|1,0]",4,"(5,3,1,3)",3900,"('A_X1','B_X1','A_X2','B_X2')"
3901,"XX[X[1,2|1,0],X[0,1|1,1]]",48,"X[1,2|1,0]",13,"X[0,1|1,1]",4,"(5,3,1,4)",3901,"('A_X1','B_X1','A_X2','B_X2')"
3902,"XX[X[1,2|1,0],X[0,1|1,2]]",48,"X[1,2|1,0]",14,"X[0,1|1,2]",4,"(5,3,1,5)",3902,"('A_X1','B_X1','A_X2','B_X2')"
3903,"XX[X[1,2|1,0],X[0,1|2,0]]",48,"X[1,2|1,0]",15,"X[0,1|2,0]",4,"(5,3,1,6)",3903,"('A_X1','B_X1','A_X2','B_X2')"
3904,"XX[X[1,2|1,0],X[0,1|2,1]]",48,"X[1,2|1,0]",16,"X[0,1|2,1]",4,"(5,3,1,7)",3904,"('A_X1','B_X1','A_X2','B_X2')"
3905,"XX[X[1,2|1,0],X[0,1|2,2]]",48,"X[1,2|1,0]",17,"X[0,1|2,2]",4,"(5,3,1,8)",3905,"('A_X1','B_X1','A_X2','B_X2')"
3906,"XX[X[1,2|1,0],X[0,2|0,0]]",48,"X[1,2|1,0]",18,"X[0,2|0,0]",4,"(5,3,2,0)",3906,"('A_X1','B_X1','A_X2','B_X2')"
3907,"XX[X[1,2|1,0],X[0,2|0,1]]",48,"X[1,2|1,0]",19,"X[0,2|0,1]",4,"(5,3,2,1)",3907,"('A_X1','B_X1','A_X2','B_X2')"
3908,"XX[X[1,2|1,0],X[0,2|0,2]]",48,"X[1,2|1,0]",20,"X[0,2|0,2]",4,"(5,3,2,2)",3908,"('A_X1','B_X1','A_X2','B_X2')"
3909,"XX[X[1,2|1,0],X[0,2|1,0]]",48,"X[1,2|1,0]",21,"X[0,2|1,0]",4,"(5,3,2,3)",3909,"('A_X1','B_X1','A_X2','B_X2')"
3910,"XX[X[1,2|1,0],X[0,2|1,1]]",48,"X[1,2|1,0]",22,"X[0,2|1,1]",4,"(5,3,2,4)",3910,"('A_X1','B_X1','A_X2','B_X2')"
3911,"XX[X[1,2|1,0],X[0,2|1,2]]",48,"X[1,2|1,0]",23,"X[0,2|1,2]",4,"(5,3,2,5)",3911,"('A_X1','B_X1','A_X2','B_X2')"
3912,"XX[X[1,2|1,0],X[0,2|2,0]]",48,"X[1,2|1,0]",24,"X[0,2|2,0]",4,"(5,3,2,6)",3912,"('A_X1','B_X1','A_X2','B_X2')"
3913,"XX[X[1,2|1,0],X[0,2|2,1]]",48,"X[1,2|1,0]",25,"X[0,2|2,1]",4,"(5,3,2,7)",3913,"('A_X1','B_X1','A_X2','B_X2')"
3914,"XX[X[1,2|1,0],X[0,2|2,2]]",48,"X[1,2|1,0]",26,"X[0,2|2,2]",4,"(5,3,2,8)",3914,"('A_X1','B_X1','A_X2','B_X2')"
3915,"XX[X[1,2|1,0],X[1,0|0,0]]",48,"X[1,2|1,0]",27,"X[1,0|0,0]",4,"(5,3,3,0)",3915,"('A_X1','B_X1','A_X2','B_X2')"
3916,"XX[X[1,2|1,0],X[1,0|0,1]]",48,"X[1,2|1,0]",28,"X[1,0|0,1]",4,"(5,3,3,1)",3916,"('A_X1','B_X1','A_X2','B_X2')"
3917,"XX[X[1,2|1,0],X[1,0|0,2]]",48,"X[1,2|1,0]",29,"X[1,0|0,2]",4,"(5,3,3,2)",3917,"('A_X1','B_X1','A_X2','B_X2')"
3918,"XX[X[1,2|1,0],X[1,0|1,0]]",48,"X[1,2|1,0]",30,"X[1,0|1,0]",4,"(5,3,3,3)",3918,"('A_X1','B_X1','A_X2','B_X2')"
3919,"XX[X[1,2|1,0],X[1,0|1,1]]",48,"X[1,2|1,0]",31,"X[1,0|1,1]",4,"(5,3,3,4)",3919,"('A_X1','B_X1','A_X2','B_X2')"
3920,"XX[X[1,2|1,0],X[1,0|1,2]]",48,"X[1,2|1,0]",32,"X[1,0|1,2]",4,"(5,3,3,5)",3920,"('A_X1','B_X1','A_X2','B_X2')"
3921,"XX[X[1,2|1,0],X[1,0|2,0]]",48,"X[1,2|1,0]",33,"X[1,0|2,0]",4,"(5,3,3,6)",3921,"('A_X1','B_X1','A_X2','B_X2')"
3922,"XX[X[1,2|1,0],X[1,0|2,1]]",48,"X[1,2|1,0]",34,"X[1,0|2,1]",4,"(5,3,3,7)",3922,"('A_X1','B_X1','A_X2','B_X2')"
3923,"XX[X[1,2|1,0],X[1,0|2,2]]",48,"X[1,2|1,0]",35,"X[1,0|2,2]",4,"(5,3,3,8)",3923,"('A_X1','B_X1','A_X2','B_X2')"
3924,"XX[X[1,2|1,0],X[1,1|0,0]]",48,"X[1,2|1,0]",36,"X[1,1|0,0]",4,"(5,3,4,0)",3924,"('A_X1','B_X1','A_X2','B_X2')"
3925,"XX[X[1,2|1,0],X[1,1|0,1]]",48,"X[1,2|1,0]",37,"X[1,1|0,1]",4,"(5,3,4,1)",3925,"('A_X1','B_X1','A_X2','B_X2')"
3926,"XX[X[1,2|1,0],X[1,1|0,2]]",48,"X[1,2|1,0]",38,"X[1,1|0,2]",4,"(5,3,4,2)",3926,"('A_X1','B_X1','A_X2','B_X2')"
3927,"XX[X[1,2|1,0],X[1,1|1,0]]",48,"X[1,2|1,0]",39,"X[1,1|1,0]",4,"(5,3,4,3)",3927,"('A_X1','B_X1','A_X2','B_X2')"
3928,"XX[X[1,2|1,0],X[1,1|1,1]]",48,"X[1,2|1,0]",40,"X[1,1|1,1]",4,"(5,3,4,4)",3928,"('A_X1','B_X1','A_X2','B_X2')"
3929,"XX[X[1,2|1,0],X[1,1|1,2]]",48,"X[1,2|1,0]",41,"X[1,1|1,2]",4,"(5,3,4,5)",3929,"('A_X1','B_X1','A_X2','B_X2')"
3930,"XX[X[1,2|1,0],X[1,1|2,0]]",48,"X[1,2|1,0]",42,"X[1,1|2,0]",4,"(5,3,4,6)",3930,"('A_X1','B_X1','A_X2','B_X2')"
3931,"XX[X[1,2|1,0],X[1,1|2,1]]",48,"X[1,2|1,0]",43,"X[1,1|2,1]",4,"(5,3,4,7)",3931,"('A_X1','B_X1','A_X2','B_X2')"
3932,"XX[X[1,2|1,0],X[1,1|2,2]]",48,"X[1,2|1,0]",44,"X[1,1|2,2]",4,"(5,3,4,8)",3932,"('A_X1','B_X1','A_X2','B_X2')"
3933,"XX[X[1,2|1,0],X[1,2|0,0]]",48,"X[1,2|1,0]",45,"X[1,2|0,0]",4,"(5,3,5,0)",3933,"('A_X1','B_X1','A_X2','B_X2')"
3934,"XX[X[1,2|1,0],X[1,2|0,1]]",48,"X[1,2|1,0]",46,"X[1,2|0,1]",4,"(5,3,5,1)",3934,"('A_X1','B_X1','A_X2','B_X2')"
3935,"XX[X[1,2|1,0],X[1,2|0,2]]",48,"X[1,2|1,0]",47,"X[1,2|0,2]",4,"(5,3,5,2)",3935,"('A_X1','B_X1','A_X2','B_X2')"
3936,"XX[X[1,2|1,0],X[1,2|1,0]]",48,"X[1,2|1,0]",48,"X[1,2|1,0]",4,"(5,3,5,3)",3936,"('A_X1','B_X1','A_X2','B_X2')"
3937,"XX[X[1,2|1,0],X[1,2|1,1]]",48,"X[1,2|1,0]",49,"X[1,2|1,1]",4,"(5,3,5,4)",3937,"('A_X1','B_X1','A_X2','B_X2')"
3938,"XX[X[1,2|1,0],X[1,2|1,2]]",48,"X[1,2|1,0]",50,"X[1,2|1,2]",4,"(5,3,5,5)",3938,"('A_X1','B_X1','A_X2','B_X2')"
3939,"XX[X[1,2|1,0],X[1,2|2,0]]",48,"X[1,2|1,0]",51,"X[1,2|2,0]",4,"(5,3,5,6)",3939,"('A_X1','B_X1','A_X2','B_X2')"
3940,"XX[X[1,2|1,0],X[1,2|2,1]]",48,"X[1,2|1,0]",52,"X[1,2|2,1]",4,"(5,3,5,7)",3940,"('A_X1','B_X1','A_X2','B_X2')"
3941,"XX[X[1,2|1,0],X[1,2|2,2]]",48,"X[1,2|1,0]",53,"X[1,2|2,2]",4,"(5,3,5,8)",3941,"('A_X1','B_X1','A_X2','B_X2')"
3942,"XX[X[1,2|1,0],X[2,0|0,0]]",48,"X[1,2|1,0]",54,"X[2,0|0,0]",4,"(5,3,6,0)",3942,"('A_X1','B_X1','A_X2','B_X2')"
3943,"XX[X[1,2|1,0],X[2,0|0,1]]",48,"X[1,2|1,0]",55,"X[2,0|0,1]",4,"(5,3,6,1)",3943,"('A_X1','B_X1','A_X2','B_X2')"
3944,"XX[X[1,2|1,0],X[2,0|0,2]]",48,"X[1,2|1,0]",56,"X[2,0|0,2]",4,"(5,3,6,2)",3944,"('A_X1','B_X1','A_X2','B_X2')"
3945,"XX[X[1,2|1,0],X[2,0|1,0]]",48,"X[1,2|1,0]",57,"X[2,0|1,0]",4,"(5,3,6,3)",3945,"('A_X1','B_X1','A_X2','B_X2')"
3946,"XX[X[1,2|1,0],X[2,0|1,1]]",48,"X[1,2|1,0]",58,"X[2,0|1,1]",4,"(5,3,6,4)",3946,"('A_X1','B_X1','A_X2','B_X2')"
3947,"XX[X[1,2|1,0],X[2,0|1,2]]",48,"X[1,2|1,0]",59,"X[2,0|1,2]",4,"(5,3,6,5)",3947,"('A_X1','B_X1','A_X2','B_X2')"
3948,"XX[X[1,2|1,0],X[2,0|2,0]]",48,"X[1,2|1,0]",60,"X[2,0|2,0]",4,"(5,3,6,6)",3948,"('A_X1','B_X1','A_X2','B_X2')"
3949,"XX[X[1,2|1,0],X[2,0|2,1]]",48,"X[1,2|1,0]",61,"X[2,0|2,1]",4,"(5,3,6,7)",3949,"('A_X1','B_X1','A_X2','B_X2')"
3950,"XX[X[1,2|1,0],X[2,0|2,2]]",48,"X[1,2|1,0]",62,"X[2,0|2,2]",4,"(5,3,6,8)",3950,"('A_X1','B_X1','A_X2','B_X2')"
3951,"XX[X[1,2|1,0],X[2,1|0,0]]",48,"X[1,2|1,0]",63,"X[2,1|0,0]",4,"(5,3,7,0)",3951,"('A_X1','B_X1','A_X2','B_X2')"
3952,"XX[X[1,2|1,0],X[2,1|0,1]]",48,"X[1,2|1,0]",64,"X[2,1|0,1]",4,"(5,3,7,1)",3952,"('A_X1','B_X1','A_X2','B_X2')"
3953,"XX[X[1,2|1,0],X[2,1|0,2]]",48,"X[1,2|1,0]",65,"X[2,1|0,2]",4,"(5,3,7,2)",3953,"('A_X1','B_X1','A_X2','B_X2')"
3954,"XX[X[1,2|1,0],X[2,1|1,0]]",48,"X[1,2|1,0]",66,"X[2,1|1,0]",4,"(5,3,7,3)",3954,"('A_X1','B_X1','A_X2','B_X2')"
3955,"XX[X[1,2|1,0],X[2,1|1,1]]",48,"X[1,2|1,0]",67,"X[2,1|1,1]",4,"(5,3,7,4)",3955,"('A_X1','B_X1','A_X2','B_X2')"
3956,"XX[X[1,2|1,0],X[2,1|1,2]]",48,"X[1,2|1,0]",68,"X[2,1|1,2]",4,"(5,3,7,5)",3956,"('A_X1','B_X1','A_X2','B_X2')"
3957,"XX[X[1,2|1,0],X[2,1|2,0]]",48,"X[1,2|1,0]",69,"X[2,1|2,0]",4,"(5,3,7,6)",3957,"('A_X1','B_X1','A_X2','B_X2')"
3958,"XX[X[1,2|1,0],X[2,1|2,1]]",48,"X[1,2|1,0]",70,"X[2,1|2,1]",4,"(5,3,7,7)",3958,"('A_X1','B_X1','A_X2','B_X2')"
3959,"XX[X[1,2|1,0],X[2,1|2,2]]",48,"X[1,2|1,0]",71,"X[2,1|2,2]",4,"(5,3,7,8)",3959,"('A_X1','B_X1','A_X2','B_X2')"
3960,"XX[X[1,2|1,0],X[2,2|0,0]]",48,"X[1,2|1,0]",72,"X[2,2|0,0]",4,"(5,3,8,0)",3960,"('A_X1','B_X1','A_X2','B_X2')"
3961,"XX[X[1,2|1,0],X[2,2|0,1]]",48,"X[1,2|1,0]",73,"X[2,2|0,1]",4,"(5,3,8,1)",3961,"('A_X1','B_X1','A_X2','B_X2')"
3962,"XX[X[1,2|1,0],X[2,2|0,2]]",48,"X[1,2|1,0]",74,"X[2,2|0,2]",4,"(5,3,8,2)",3962,"('A_X1','B_X1','A_X2','B_X2')"
3963,"XX[X[1,2|1,0],X[2,2|1,0]]",48,"X[1,2|1,0]",75,"X[2,2|1,0]",4,"(5,3,8,3)",3963,"('A_X1','B_X1','A_X2','B_X2')"
3964,"XX[X[1,2|1,0],X[2,2|1,1]]",48,"X[1,2|1,0]",76,"X[2,2|1,1]",4,"(5,3,8,4)",3964,"('A_X1','B_X1','A_X2','B_X2')"
3965,"XX[X[1,2|1,0],X[2,2|1,2]]",48,"X[1,2|1,0]",77,"X[2,2|1,2]",4,"(5,3,8,5)",3965,"('A_X1','B_X1','A_X2','B_X2')"
3966,"XX[X[1,2|1,0],X[2,2|2,0]]",48,"X[1,2|1,0]",78,"X[2,2|2,0]",4,"(5,3,8,6)",3966,"('A_X1','B_X1','A_X2','B_X2')"
3967,"XX[X[1,2|1,0],X[2,2|2,1]]",48,"X[1,2|1,0]",79,"X[2,2|2,1]",4,"(5,3,8,7)",3967,"('A_X1','B_X1','A_X2','B_X2')"
3968,"XX[X[1,2|1,0],X[2,2|2,2]]",48,"X[1,2|1,0]",80,"X[2,2|2,2]",4,"(5,3,8,8)",3968,"('A_X1','B_X1','A_X2','B_X2')"
3969,"XX[X[1,2|1,1],X[0,0|0,0]]",49,"X[1,2|1,1]",0,"X[0,0|0,0]",4,"(5,4,0,0)",3969,"('A_X1','B_X1','A_X2','B_X2')"
3970,"XX[X[1,2|1,1],X[0,0|0,1]]",49,"X[1,2|1,1]",1,"X[0,0|0,1]",4,"(5,4,0,1)",3970,"('A_X1','B_X1','A_X2','B_X2')"
3971,"XX[X[1,2|1,1],X[0,0|0,2]]",49,"X[1,2|1,1]",2,"X[0,0|0,2]",4,"(5,4,0,2)",3971,"('A_X1','B_X1','A_X2','B_X2')"
3972,"XX[X[1,2|1,1],X[0,0|1,0]]",49,"X[1,2|1,1]",3,"X[0,0|1,0]",4,"(5,4,0,3)",3972,"('A_X1','B_X1','A_X2','B_X2')"
3973,"XX[X[1,2|1,1],X[0,0|1,1]]",49,"X[1,2|1,1]",4,"X[0,0|1,1]",4,"(5,4,0,4)",3973,"('A_X1','B_X1','A_X2','B_X2')"
3974,"XX[X[1,2|1,1],X[0,0|1,2]]",49,"X[1,2|1,1]",5,"X[0,0|1,2]",4,"(5,4,0,5)",3974,"('A_X1','B_X1','A_X2','B_X2')"
3975,"XX[X[1,2|1,1],X[0,0|2,0]]",49,"X[1,2|1,1]",6,"X[0,0|2,0]",4,"(5,4,0,6)",3975,"('A_X1','B_X1','A_X2','B_X2')"
3976,"XX[X[1,2|1,1],X[0,0|2,1]]",49,"X[1,2|1,1]",7,"X[0,0|2,1]",4,"(5,4,0,7)",3976,"('A_X1','B_X1','A_X2','B_X2')"
3977,"XX[X[1,2|1,1],X[0,0|2,2]]",49,"X[1,2|1,1]",8,"X[0,0|2,2]",4,"(5,4,0,8)",3977,"('A_X1','B_X1','A_X2','B_X2')"
3978,"XX[X[1,2|1,1],X[0,1|0,0]]",49,"X[1,2|1,1]",9,"X[0,1|0,0]",4,"(5,4,1,0)",3978,"('A_X1','B_X1','A_X2','B_X2')"
3979,"XX[X[1,2|1,1],X[0,1|0,1]]",49,"X[1,2|1,1]",10,"X[0,1|0,1]",4,"(5,4,1,1)",3979,"('A_X1','B_X1','A_X2','B_X2')"
3980,"XX[X[1,2|1,1],X[0,1|0,2]]",49,"X[1,2|1,1]",11,"X[0,1|0,2]",4,"(5,4,1,2)",3980,"('A_X1','B_X1','A_X2','B_X2')"
3981,"XX[X[1,2|1,1],X[0,1|1,0]]",49,"X[1,2|1,1]",12,"X[0,1|1,0]",4,"(5,4,1,3)",3981,"('A_X1','B_X1','A_X2','B_X2')"
3982,"XX[X[1,2|1,1],X[0,1|1,1]]",49,"X[1,2|1,1]",13,"X[0,1|1,1]",4,"(5,4,1,4)",3982,"('A_X1','B_X1','A_X2','B_X2')"
3983,"XX[X[1,2|1,1],X[0,1|1,2]]",49,"X[1,2|1,1]",14,"X[0,1|1,2]",4,"(5,4,1,5)",3983,"('A_X1','B_X1','A_X2','B_X2')"
3984,"XX[X[1,2|1,1],X[0,1|2,0]]",49,"X[1,2|1,1]",15,"X[0,1|2,0]",4,"(5,4,1,6)",3984,"('A_X1','B_X1','A_X2','B_X2')"
3985,"XX[X[1,2|1,1],X[0,1|2,1]]",49,"X[1,2|1,1]",16,"X[0,1|2,1]",4,"(5,4,1,7)",3985,"('A_X1','B_X1','A_X2','B_X2')"
3986,"XX[X[1,2|1,1],X[0,1|2,2]]",49,"X[1,2|1,1]",17,"X[0,1|2,2]",4,"(5,4,1,8)",3986,"('A_X1','B_X1','A_X2','B_X2')"
3987,"XX[X[1,2|1,1],X[0,2|0,0]]",49,"X[1,2|1,1]",18,"X[0,2|0,0]",4,"(5,4,2,0)",3987,"('A_X1','B_X1','A_X2','B_X2')"
3988,"XX[X[1,2|1,1],X[0,2|0,1]]",49,"X[1,2|1,1]",19,"X[0,2|0,1]",4,"(5,4,2,1)",3988,"('A_X1','B_X1','A_X2','B_X2')"
3989,"XX[X[1,2|1,1],X[0,2|0,2]]",49,"X[1,2|1,1]",20,"X[0,2|0,2]",4,"(5,4,2,2)",3989,"('A_X1','B_X1','A_X2','B_X2')"
3990,"XX[X[1,2|1,1],X[0,2|1,0]]",49,"X[1,2|1,1]",21,"X[0,2|1,0]",4,"(5,4,2,3)",3990,"('A_X1','B_X1','A_X2','B_X2')"
3991,"XX[X[1,2|1,1],X[0,2|1,1]]",49,"X[1,2|1,1]",22,"X[0,2|1,1]",4,"(5,4,2,4)",3991,"('A_X1','B_X1','A_X2','B_X2')"
3992,"XX[X[1,2|1,1],X[0,2|1,2]]",49,"X[1,2|1,1]",23,"X[0,2|1,2]",4,"(5,4,2,5)",3992,"('A_X1','B_X1','A_X2','B_X2')"
3993,"XX[X[1,2|1,1],X[0,2|2,0]]",49,"X[1,2|1,1]",24,"X[0,2|2,0]",4,"(5,4,2,6)",3993,"('A_X1','B_X1','A_X2','B_X2')"
3994,"XX[X[1,2|1,1],X[0,2|2,1]]",49,"X[1,2|1,1]",25,"X[0,2|2,1]",4,"(5,4,2,7)",3994,"('A_X1','B_X1','A_X2','B_X2')"
3995,"XX[X[1,2|1,1],X[0,2|2,2]]",49,"X[1,2|1,1]",26,"X[0,2|2,2]",4,"(5,4,2,8)",3995,"('A_X1','B_X1','A_X2','B_X2')"
3996,"XX[X[1,2|1,1],X[1,0|0,0]]",49,"X[1,2|1,1]",27,"X[1,0|0,0]",4,"(5,4,3,0)",3996,"('A_X1','B_X1','A_X2','B_X2')"
3997,"XX[X[1,2|1,1],X[1,0|0,1]]",49,"X[1,2|1,1]",28,"X[1,0|0,1]",4,"(5,4,3,1)",3997,"('A_X1','B_X1','A_X2','B_X2')"
3998,"XX[X[1,2|1,1],X[1,0|0,2]]",49,"X[1,2|1,1]",29,"X[1,0|0,2]",4,"(5,4,3,2)",3998,"('A_X1','B_X1','A_X2','B_X2')"
3999,"XX[X[1,2|1,1],X[1,0|1,0]]",49,"X[1,2|1,1]",30,"X[1,0|1,0]",4,"(5,4,3,3)",3999,"('A_X1','B_X1','A_X2','B_X2')"
4000,"XX[X[1,2|1,1],X[1,0|1,1]]",49,"X[1,2|1,1]",31,"X[1,0|1,1]",4,"(5,4,3,4)",4000,"('A_X1','B_X1','A_X2','B_X2')"
4001,"XX[X[1,2|1,1],X[1,0|1,2]]",49,"X[1,2|1,1]",32,"X[1,0|1,2]",4,"(5,4,3,5)",4001,"('A_X1','B_X1','A_X2','B_X2')"
4002,"XX[X[1,2|1,1],X[1,0|2,0]]",49,"X[1,2|1,1]",33,"X[1,0|2,0]",4,"(5,4,3,6)",4002,"('A_X1','B_X1','A_X2','B_X2')"
4003,"XX[X[1,2|1,1],X[1,0|2,1]]",49,"X[1,2|1,1]",34,"X[1,0|2,1]",4,"(5,4,3,7)",4003,"('A_X1','B_X1','A_X2','B_X2')"
4004,"XX[X[1,2|1,1],X[1,0|2,2]]",49,"X[1,2|1,1]",35,"X[1,0|2,2]",4,"(5,4,3,8)",4004,"('A_X1','B_X1','A_X2','B_X2')"
4005,"XX[X[1,2|1,1],X[1,1|0,0]]",49,"X[1,2|1,1]",36,"X[1,1|0,0]",4,"(5,4,4,0)",4005,"('A_X1','B_X1','A_X2','B_X2')"
4006,"XX[X[1,2|1,1],X[1,1|0,1]]",49,"X[1,2|1,1]",37,"X[1,1|0,1]",4,"(5,4,4,1)",4006,"('A_X1','B_X1','A_X2','B_X2')"
4007,"XX[X[1,2|1,1],X[1,1|0,2]]",49,"X[1,2|1,1]",38,"X[1,1|0,2]",4,"(5,4,4,2)",4007,"('A_X1','B_X1','A_X2','B_X2')"
4008,"XX[X[1,2|1,1],X[1,1|1,0]]",49,"X[1,2|1,1]",39,"X[1,1|1,0]",4,"(5,4,4,3)",4008,"('A_X1','B_X1','A_X2','B_X2')"
4009,"XX[X[1,2|1,1],X[1,1|1,1]]",49,"X[1,2|1,1]",40,"X[1,1|1,1]",4,"(5,4,4,4)",4009,"('A_X1','B_X1','A_X2','B_X2')"
4010,"XX[X[1,2|1,1],X[1,1|1,2]]",49,"X[1,2|1,1]",41,"X[1,1|1,2]",4,"(5,4,4,5)",4010,"('A_X1','B_X1','A_X2','B_X2')"
4011,"XX[X[1,2|1,1],X[1,1|2,0]]",49,"X[1,2|1,1]",42,"X[1,1|2,0]",4,"(5,4,4,6)",4011,"('A_X1','B_X1','A_X2','B_X2')"
4012,"XX[X[1,2|1,1],X[1,1|2,1]]",49,"X[1,2|1,1]",43,"X[1,1|2,1]",4,"(5,4,4,7)",4012,"('A_X1','B_X1','A_X2','B_X2')"
4013,"XX[X[1,2|1,1],X[1,1|2,2]]",49,"X[1,2|1,1]",44,"X[1,1|2,2]",4,"(5,4,4,8)",4013,"('A_X1','B_X1','A_X2','B_X2')"
4014,"XX[X[1,2|1,1],X[1,2|0,0]]",49,"X[1,2|1,1]",45,"X[1,2|0,0]",4,"(5,4,5,0)",4014,"('A_X1','B_X1','A_X2','B_X2')"
4015,"XX[X[1,2|1,1],X[1,2|0,1]]",49,"X[1,2|1,1]",46,"X[1,2|0,1]",4,"(5,4,5,1)",4015,"('A_X1','B_X1','A_X2','B_X2')"
4016,"XX[X[1,2|1,1],X[1,2|0,2]]",49,"X[1,2|1,1]",47,"X[1,2|0,2]",4,"(5,4,5,2)",4016,"('A_X1','B_X1','A_X2','B_X2')"
4017,"XX[X[1,2|1,1],X[1,2|1,0]]",49,"X[1,2|1,1]",48,"X[1,2|1,0]",4,"(5,4,5,3)",4017,"('A_X1','B_X1','A_X2','B_X2')"
4018,"XX[X[1,2|1,1],X[1,2|1,1]]",49,"X[1,2|1,1]",49,"X[1,2|1,1]",4,"(5,4,5,4)",4018,"('A_X1','B_X1','A_X2','B_X2')"
4019,"XX[X[1,2|1,1],X[1,2|1,2]]",49,"X[1,2|1,1]",50,"X[1,2|1,2]",4,"(5,4,5,5)",4019,"('A_X1','B_X1','A_X2','B_X2')"
4020,"XX[X[1,2|1,1],X[1,2|2,0]]",49,"X[1,2|1,1]",51,"X[1,2|2,0]",4,"(5,4,5,6)",4020,"('A_X1','B_X1','A_X2','B_X2')"
4021,"XX[X[1,2|1,1],X[1,2|2,1]]",49,"X[1,2|1,1]",52,"X[1,2|2,1]",4,"(5,4,5,7)",4021,"('A_X1','B_X1','A_X2','B_X2')"
4022,"XX[X[1,2|1,1],X[1,2|2,2]]",49,"X[1,2|1,1]",53,"X[1,2|2,2]",4,"(5,4,5,8)",4022,"('A_X1','B_X1','A_X2','B_X2')"
4023,"XX[X[1,2|1,1],X[2,0|0,0]]",49,"X[1,2|1,1]",54,"X[2,0|0,0]",4,"(5,4,6,0)",4023,"('A_X1','B_X1','A_X2','B_X2')"
4024,"XX[X[1,2|1,1],X[2,0|0,1]]",49,"X[1,2|1,1]",55,"X[2,0|0,1]",4,"(5,4,6,1)",4024,"('A_X1','B_X1','A_X2','B_X2')"
4025,"XX[X[1,2|1,1],X[2,0|0,2]]",49,"X[1,2|1,1]",56,"X[2,0|0,2]",4,"(5,4,6,2)",4025,"('A_X1','B_X1','A_X2','B_X2')"
4026,"XX[X[1,2|1,1],X[2,0|1,0]]",49,"X[1,2|1,1]",57,"X[2,0|1,0]",4,"(5,4,6,3)",4026,"('A_X1','B_X1','A_X2','B_X2')"
4027,"XX[X[1,2|1,1],X[2,0|1,1]]",49,"X[1,2|1,1]",58,"X[2,0|1,1]",4,"(5,4,6,4)",4027,"('A_X1','B_X1','A_X2','B_X2')"
4028,"XX[X[1,2|1,1],X[2,0|1,2]]",49,"X[1,2|1,1]",59,"X[2,0|1,2]",4,"(5,4,6,5)",4028,"('A_X1','B_X1','A_X2','B_X2')"
4029,"XX[X[1,2|1,1],X[2,0|2,0]]",49,"X[1,2|1,1]",60,"X[2,0|2,0]",4,"(5,4,6,6)",4029,"('A_X1','B_X1','A_X2','B_X2')"
4030,"XX[X[1,2|1,1],X[2,0|2,1]]",49,"X[1,2|1,1]",61,"X[2,0|2,1]",4,"(5,4,6,7)",4030,"('A_X1','B_X1','A_X2','B_X2')"
4031,"XX[X[1,2|1,1],X[2,0|2,2]]",49,"X[1,2|1,1]",62,"X[2,0|2,2]",4,"(5,4,6,8)",4031,"('A_X1','B_X1','A_X2','B_X2')"
4032,"XX[X[1,2|1,1],X[2,1|0,0]]",49,"X[1,2|1,1]",63,"X[2,1|0,0]",4,"(5,4,7,0)",4032,"('A_X1','B_X1','A_X2','B_X2')"
4033,"XX[X[1,2|1,1],X[2,1|0,1]]",49,"X[1,2|1,1]",64,"X[2,1|0,1]",4,"(5,4,7,1)",4033,"('A_X1','B_X1','A_X2','B_X2')"
4034,"XX[X[1,2|1,1],X[2,1|0,2]]",49,"X[1,2|1,1]",65,"X[2,1|0,2]",4,"(5,4,7,2)",4034,"('A_X1','B_X1','A_X2','B_X2')"
4035,"XX[X[1,2|1,1],X[2,1|1,0]]",49,"X[1,2|1,1]",66,"X[2,1|1,0]",4,"(5,4,7,3)",4035,"('A_X1','B_X1','A_X2','B_X2')"
4036,"XX[X[1,2|1,1],X[2,1|1,1]]",49,"X[1,2|1,1]",67,"X[2,1|1,1]",4,"(5,4,7,4)",4036,"('A_X1','B_X1','A_X2','B_X2')"
4037,"XX[X[1,2|1,1],X[2,1|1,2]]",49,"X[1,2|1,1]",68,"X[2,1|1,2]",4,"(5,4,7,5)",4037,"('A_X1','B_X1','A_X2','B_X2')"
4038,"XX[X[1,2|1,1],X[2,1|2,0]]",49,"X[1,2|1,1]",69,"X[2,1|2,0]",4,"(5,4,7,6)",4038,"('A_X1','B_X1','A_X2','B_X2')"
4039,"XX[X[1,2|1,1],X[2,1|2,1]]",49,"X[1,2|1,1]",70,"X[2,1|2,1]",4,"(5,4,7,7)",4039,"('A_X1','B_X1','A_X2','B_X2')"
4040,"XX[X[1,2|1,1],X[2,1|2,2]]",49,"X[1,2|1,1]",71,"X[2,1|2,2]",4,"(5,4,7,8)",4040,"('A_X1','B_X1','A_X2','B_X2')"
4041,"XX[X[1,2|1,1],X[2,2|0,0]]",49,"X[1,2|1,1]",72,"X[2,2|0,0]",4,"(5,4,8,0)",4041,"('A_X1','B_X1','A_X2','B_X2')"
4042,"XX[X[1,2|1,1],X[2,2|0,1]]",49,"X[1,2|1,1]",73,"X[2,2|0,1]",4,"(5,4,8,1)",4042,"('A_X1','B_X1','A_X2','B_X2')"
4043,"XX[X[1,2|1,1],X[2,2|0,2]]",49,"X[1,2|1,1]",74,"X[2,2|0,2]",4,"(5,4,8,2)",4043,"('A_X1','B_X1','A_X2','B_X2')"
4044,"XX[X[1,2|1,1],X[2,2|1,0]]",49,"X[1,2|1,1]",75,"X[2,2|1,0]",4,"(5,4,8,3)",4044,"('A_X1','B_X1','A_X2','B_X2')"
4045,"XX[X[1,2|1,1],X[2,2|1,1]]",49,"X[1,2|1,1]",76,"X[2,2|1,1]",4,"(5,4,8,4)",4045,"('A_X1','B_X1','A_X2','B_X2')"
4046,"XX[X[1,2|1,1],X[2,2|1,2]]",49,"X[1,2|1,1]",77,"X[2,2|1,2]",4,"(5,4,8,5)",4046,"('A_X1','B_X1','A_X2','B_X2')"
4047,"XX[X[1,2|1,1],X[2,2|2,0]]",49,"X[1,2|1,1]",78,"X[2,2|2,0]",4,"(5,4,8,6)",4047,"('A_X1','B_X1','A_X2','B_X2')"
4048,"XX[X[1,2|1,1],X[2,2|2,1]]",49,"X[1,2|1,1]",79,"X[2,2|2,1]",4,"(5,4,8,7)",4048,"('A_X1','B_X1','A_X2','B_X2')"
4049,"XX[X[1,2|1,1],X[2,2|2,2]]",49,"X[1,2|1,1]",80,"X[2,2|2,2]",4,"(5,4,8,8)",4049,"('A_X1','B_X1','A_X2','B_X2')"
4050,"XX[X[1,2|1,2],X[0,0|0,0]]",50,"X[1,2|1,2]",0,"X[0,0|0,0]",4,"(5,5,0,0)",4050,"('A_X1','B_X1','A_X2','B_X2')"
4051,"XX[X[1,2|1,2],X[0,0|0,1]]",50,"X[1,2|1,2]",1,"X[0,0|0,1]",4,"(5,5,0,1)",4051,"('A_X1','B_X1','A_X2','B_X2')"
4052,"XX[X[1,2|1,2],X[0,0|0,2]]",50,"X[1,2|1,2]",2,"X[0,0|0,2]",4,"(5,5,0,2)",4052,"('A_X1','B_X1','A_X2','B_X2')"
4053,"XX[X[1,2|1,2],X[0,0|1,0]]",50,"X[1,2|1,2]",3,"X[0,0|1,0]",4,"(5,5,0,3)",4053,"('A_X1','B_X1','A_X2','B_X2')"
4054,"XX[X[1,2|1,2],X[0,0|1,1]]",50,"X[1,2|1,2]",4,"X[0,0|1,1]",4,"(5,5,0,4)",4054,"('A_X1','B_X1','A_X2','B_X2')"
4055,"XX[X[1,2|1,2],X[0,0|1,2]]",50,"X[1,2|1,2]",5,"X[0,0|1,2]",4,"(5,5,0,5)",4055,"('A_X1','B_X1','A_X2','B_X2')"
4056,"XX[X[1,2|1,2],X[0,0|2,0]]",50,"X[1,2|1,2]",6,"X[0,0|2,0]",4,"(5,5,0,6)",4056,"('A_X1','B_X1','A_X2','B_X2')"
4057,"XX[X[1,2|1,2],X[0,0|2,1]]",50,"X[1,2|1,2]",7,"X[0,0|2,1]",4,"(5,5,0,7)",4057,"('A_X1','B_X1','A_X2','B_X2')"
4058,"XX[X[1,2|1,2],X[0,0|2,2]]",50,"X[1,2|1,2]",8,"X[0,0|2,2]",4,"(5,5,0,8)",4058,"('A_X1','B_X1','A_X2','B_X2')"
4059,"XX[X[1,2|1,2],X[0,1|0,0]]",50,"X[1,2|1,2]",9,"X[0,1|0,0]",4,"(5,5,1,0)",4059,"('A_X1','B_X1','A_X2','B_X2')"
4060,"XX[X[1,2|1,2],X[0,1|0,1]]",50,"X[1,2|1,2]",10,"X[0,1|0,1]",4,"(5,5,1,1)",4060,"('A_X1','B_X1','A_X2','B_X2')"
4061,"XX[X[1,2|1,2],X[0,1|0,2]]",50,"X[1,2|1,2]",11,"X[0,1|0,2]",4,"(5,5,1,2)",4061,"('A_X1','B_X1','A_X2','B_X2')"
4062,"XX[X[1,2|1,2],X[0,1|1,0]]",50,"X[1,2|1,2]",12,"X[0,1|1,0]",4,"(5,5,1,3)",4062,"('A_X1','B_X1','A_X2','B_X2')"
4063,"XX[X[1,2|1,2],X[0,1|1,1]]",50,"X[1,2|1,2]",13,"X[0,1|1,1]",4,"(5,5,1,4)",4063,"('A_X1','B_X1','A_X2','B_X2')"
4064,"XX[X[1,2|1,2],X[0,1|1,2]]",50,"X[1,2|1,2]",14,"X[0,1|1,2]",4,"(5,5,1,5)",4064,"('A_X1','B_X1','A_X2','B_X2')"
4065,"XX[X[1,2|1,2],X[0,1|2,0]]",50,"X[1,2|1,2]",15,"X[0,1|2,0]",4,"(5,5,1,6)",4065,"('A_X1','B_X1','A_X2','B_X2')"
4066,"XX[X[1,2|1,2],X[0,1|2,1]]",50,"X[1,2|1,2]",16,"X[0,1|2,1]",4,"(5,5,1,7)",4066,"('A_X1','B_X1','A_X2','B_X2')"
4067,"XX[X[1,2|1,2],X[0,1|2,2]]",50,"X[1,2|1,2]",17,"X[0,1|2,2]",4,"(5,5,1,8)",4067,"('A_X1','B_X1','A_X2','B_X2')"
4068,"XX[X[1,2|1,2],X[0,2|0,0]]",50,"X[1,2|1,2]",18,"X[0,2|0,0]",4,"(5,5,2,0)",4068,"('A_X1','B_X1','A_X2','B_X2')"
4069,"XX[X[1,2|1,2],X[0,2|0,1]]",50,"X[1,2|1,2]",19,"X[0,2|0,1]",4,"(5,5,2,1)",4069,"('A_X1','B_X1','A_X2','B_X2')"
4070,"XX[X[1,2|1,2],X[0,2|0,2]]",50,"X[1,2|1,2]",20,"X[0,2|0,2]",4,"(5,5,2,2)",4070,"('A_X1','B_X1','A_X2','B_X2')"
4071,"XX[X[1,2|1,2],X[0,2|1,0]]",50,"X[1,2|1,2]",21,"X[0,2|1,0]",4,"(5,5,2,3)",4071,"('A_X1','B_X1','A_X2','B_X2')"
4072,"XX[X[1,2|1,2],X[0,2|1,1]]",50,"X[1,2|1,2]",22,"X[0,2|1,1]",4,"(5,5,2,4)",4072,"('A_X1','B_X1','A_X2','B_X2')"
4073,"XX[X[1,2|1,2],X[0,2|1,2]]",50,"X[1,2|1,2]",23,"X[0,2|1,2]",4,"(5,5,2,5)",4073,"('A_X1','B_X1','A_X2','B_X2')"
4074,"XX[X[1,2|1,2],X[0,2|2,0]]",50,"X[1,2|1,2]",24,"X[0,2|2,0]",4,"(5,5,2,6)",4074,"('A_X1','B_X1','A_X2','B_X2')"
4075,"XX[X[1,2|1,2],X[0,2|2,1]]",50,"X[1,2|1,2]",25,"X[0,2|2,1]",4,"(5,5,2,7)",4075,"('A_X1','B_X1','A_X2','B_X2')"
4076,"XX[X[1,2|1,2],X[0,2|2,2]]",50,"X[1,2|1,2]",26,"X[0,2|2,2]",4,"(5,5,2,8)",4076,"('A_X1','B_X1','A_X2','B_X2')"
4077,"XX[X[1,2|1,2],X[1,0|0,0]]",50,"X[1,2|1,2]",27,"X[1,0|0,0]",4,"(5,5,3,0)",4077,"('A_X1','B_X1','A_X2','B_X2')"
4078,"XX[X[1,2|1,2],X[1,0|0,1]]",50,"X[1,2|1,2]",28,"X[1,0|0,1]",4,"(5,5,3,1)",4078,"('A_X1','B_X1','A_X2','B_X2')"
4079,"XX[X[1,2|1,2],X[1,0|0,2]]",50,"X[1,2|1,2]",29,"X[1,0|0,2]",4,"(5,5,3,2)",4079,"('A_X1','B_X1','A_X2','B_X2')"
4080,"XX[X[1,2|1,2],X[1,0|1,0]]",50,"X[1,2|1,2]",30,"X[1,0|1,0]",4,"(5,5,3,3)",4080,"('A_X1','B_X1','A_X2','B_X2')"
4081,"XX[X[1,2|1,2],X[1,0|1,1]]",50,"X[1,2|1,2]",31,"X[1,0|1,1]",4,"(5,5,3,4)",4081,"('A_X1','B_X1','A_X2','B_X2')"
4082,"XX[X[1,2|1,2],X[1,0|1,2]]",50,"X[1,2|1,2]",32,"X[1,0|1,2]",4,"(5,5,3,5)",4082,"('A_X1','B_X1','A_X2','B_X2')"
4083,"XX[X[1,2|1,2],X[1,0|2,0]]",50,"X[1,2|1,2]",33,"X[1,0|2,0]",4,"(5,5,3,6)",4083,"('A_X1','B_X1','A_X2','B_X2')"
4084,"XX[X[1,2|1,2],X[1,0|2,1]]",50,"X[1,2|1,2]",34,"X[1,0|2,1]",4,"(5,5,3,7)",4084,"('A_X1','B_X1','A_X2','B_X2')"
4085,"XX[X[1,2|1,2],X[1,0|2,2]]",50,"X[1,2|1,2]",35,"X[1,0|2,2]",4,"(5,5,3,8)",4085,"('A_X1','B_X1','A_X2','B_X2')"
4086,"XX[X[1,2|1,2],X[1,1|0,0]]",50,"X[1,2|1,2]",36,"X[1,1|0,0]",4,"(5,5,4,0)",4086,"('A_X1','B_X1','A_X2','B_X2')"
4087,"XX[X[1,2|1,2],X[1,1|0,1]]",50,"X[1,2|1,2]",37,"X[1,1|0,1]",4,"(5,5,4,1)",4087,"('A_X1','B_X1','A_X2','B_X2')"
4088,"XX[X[1,2|1,2],X[1,1|0,2]]",50,"X[1,2|1,2]",38,"X[1,1|0,2]",4,"(5,5,4,2)",4088,"('A_X1','B_X1','A_X2','B_X2')"
4089,"XX[X[1,2|1,2],X[1,1|1,0]]",50,"X[1,2|1,2]",39,"X[1,1|1,0]",4,"(5,5,4,3)",4089,"('A_X1','B_X1','A_X2','B_X2')"
4090,"XX[X[1,2|1,2],X[1,1|1,1]]",50,"X[1,2|1,2]",40,"X[1,1|1,1]",4,"(5,5,4,4)",4090,"('A_X1','B_X1','A_X2','B_X2')"
4091,"XX[X[1,2|1,2],X[1,1|1,2]]",50,"X[1,2|1,2]",41,"X[1,1|1,2]",4,"(5,5,4,5)",4091,"('A_X1','B_X1','A_X2','B_X2')"
4092,"XX[X[1,2|1,2],X[1,1|2,0]]",50,"X[1,2|1,2]",42,"X[1,1|2,0]",4,"(5,5,4,6)",4092,"('A_X1','B_X1','A_X2','B_X2')"
4093,"XX[X[1,2|1,2],X[1,1|2,1]]",50,"X[1,2|1,2]",43,"X[1,1|2,1]",4,"(5,5,4,7)",4093,"('A_X1','B_X1','A_X2','B_X2')"
4094,"XX[X[1,2|1,2],X[1,1|2,2]]",50,"X[1,2|1,2]",44,"X[1,1|2,2]",4,"(5,5,4,8)",4094,"('A_X1','B_X1','A_X2','B_X2')"
4095,"XX[X[1,2|1,2],X[1,2|0,0]]",50,"X[1,2|1,2]",45,"X[1,2|0,0]",4,"(5,5,5,0)",4095,"('A_X1','B_X1','A_X2','B_X2')"
4096,"XX[X[1,2|1,2],X[1,2|0,1]]",50,"X[1,2|1,2]",46,"X[1,2|0,1]",4,"(5,5,5,1)",4096,"('A_X1','B_X1','A_X2','B_X2')"
4097,"XX[X[1,2|1,2],X[1,2|0,2]]",50,"X[1,2|1,2]",47,"X[1,2|0,2]",4,"(5,5,5,2)",4097,"('A_X1','B_X1','A_X2','B_X2')"
4098,"XX[X[1,2|1,2],X[1,2|1,0]]",50,"X[1,2|1,2]",48,"X[1,2|1,0]",4,"(5,5,5,3)",4098,"('A_X1','B_X1','A_X2','B_X2')"
4099,"XX[X[1,2|1,2],X[1,2|1,1]]",50,"X[1,2|1,2]",49,"X[1,2|1,1]",4,"(5,5,5,4)",4099,"('A_X1','B_X1','A_X2','B_X2')"
4100,"XX[X[1,2|1,2],X[1,2|1,2]]",50,"X[1,2|1,2]",50,"X[1,2|1,2]",4,"(5,5,5,5)",4100,"('A_X1','B_X1','A_X2','B_X2')"
4101,"XX[X[1,2|1,2],X[1,2|2,0]]",50,"X[1,2|1,2]",51,"X[1,2|2,0]",4,"(5,5,5,6)",4101,"('A_X1','B_X1','A_X2','B_X2')"
4102,"XX[X[1,2|1,2],X[1,2|2,1]]",50,"X[1,2|1,2]",52,"X[1,2|2,1]",4,"(5,5,5,7)",4102,"('A_X1','B_X1','A_X2','B_X2')"
4103,"XX[X[1,2|1,2],X[1,2|2,2]]",50,"X[1,2|1,2]",53,"X[1,2|2,2]",4,"(5,5,5,8)",4103,"('A_X1','B_X1','A_X2','B_X2')"
4104,"XX[X[1,2|1,2],X[2,0|0,0]]",50,"X[1,2|1,2]",54,"X[2,0|0,0]",4,"(5,5,6,0)",4104,"('A_X1','B_X1','A_X2','B_X2')"
4105,"XX[X[1,2|1,2],X[2,0|0,1]]",50,"X[1,2|1,2]",55,"X[2,0|0,1]",4,"(5,5,6,1)",4105,"('A_X1','B_X1','A_X2','B_X2')"
4106,"XX[X[1,2|1,2],X[2,0|0,2]]",50,"X[1,2|1,2]",56,"X[2,0|0,2]",4,"(5,5,6,2)",4106,"('A_X1','B_X1','A_X2','B_X2')"
4107,"XX[X[1,2|1,2],X[2,0|1,0]]",50,"X[1,2|1,2]",57,"X[2,0|1,0]",4,"(5,5,6,3)",4107,"('A_X1','B_X1','A_X2','B_X2')"
4108,"XX[X[1,2|1,2],X[2,0|1,1]]",50,"X[1,2|1,2]",58,"X[2,0|1,1]",4,"(5,5,6,4)",4108,"('A_X1','B_X1','A_X2','B_X2')"
4109,"XX[X[1,2|1,2],X[2,0|1,2]]",50,"X[1,2|1,2]",59,"X[2,0|1,2]",4,"(5,5,6,5)",4109,"('A_X1','B_X1','A_X2','B_X2')"
4110,"XX[X[1,2|1,2],X[2,0|2,0]]",50,"X[1,2|1,2]",60,"X[2,0|2,0]",4,"(5,5,6,6)",4110,"('A_X1','B_X1','A_X2','B_X2')"
4111,"XX[X[1,2|1,2],X[2,0|2,1]]",50,"X[1,2|1,2]",61,"X[2,0|2,1]",4,"(5,5,6,7)",4111,"('A_X1','B_X1','A_X2','B_X2')"
4112,"XX[X[1,2|1,2],X[2,0|2,2]]",50,"X[1,2|1,2]",62,"X[2,0|2,2]",4,"(5,5,6,8)",4112,"('A_X1','B_X1','A_X2','B_X2')"
4113,"XX[X[1,2|1,2],X[2,1|0,0]]",50,"X[1,2|1,2]",63,"X[2,1|0,0]",4,"(5,5,7,0)",4113,"('A_X1','B_X1','A_X2','B_X2')"
4114,"XX[X[1,2|1,2],X[2,1|0,1]]",50,"X[1,2|1,2]",64,"X[2,1|0,1]",4,"(5,5,7,1)",4114,"('A_X1','B_X1','A_X2','B_X2')"
4115,"XX[X[1,2|1,2],X[2,1|0,2]]",50,"X[1,2|1,2]",65,"X[2,1|0,2]",4,"(5,5,7,2)",4115,"('A_X1','B_X1','A_X2','B_X2')"
4116,"XX[X[1,2|1,2],X[2,1|1,0]]",50,"X[1,2|1,2]",66,"X[2,1|1,0]",4,"(5,5,7,3)",4116,"('A_X1','B_X1','A_X2','B_X2')"
4117,"XX[X[1,2|1,2],X[2,1|1,1]]",50,"X[1,2|1,2]",67,"X[2,1|1,1]",4,"(5,5,7,4)",4117,"('A_X1','B_X1','A_X2','B_X2')"
4118,"XX[X[1,2|1,2],X[2,1|1,2]]",50,"X[1,2|1,2]",68,"X[2,1|1,2]",4,"(5,5,7,5)",4118,"('A_X1','B_X1','A_X2','B_X2')"
4119,"XX[X[1,2|1,2],X[2,1|2,0]]",50,"X[1,2|1,2]",69,"X[2,1|2,0]",4,"(5,5,7,6)",4119,"('A_X1','B_X1','A_X2','B_X2')"
4120,"XX[X[1,2|1,2],X[2,1|2,1]]",50,"X[1,2|1,2]",70,"X[2,1|2,1]",4,"(5,5,7,7)",4120,"('A_X1','B_X1','A_X2','B_X2')"
4121,"XX[X[1,2|1,2],X[2,1|2,2]]",50,"X[1,2|1,2]",71,"X[2,1|2,2]",4,"(5,5,7,8)",4121,"('A_X1','B_X1','A_X2','B_X2')"
4122,"XX[X[1,2|1,2],X[2,2|0,0]]",50,"X[1,2|1,2]",72,"X[2,2|0,0]",4,"(5,5,8,0)",4122,"('A_X1','B_X1','A_X2','B_X2')"
4123,"XX[X[1,2|1,2],X[2,2|0,1]]",50,"X[1,2|1,2]",73,"X[2,2|0,1]",4,"(5,5,8,1)",4123,"('A_X1','B_X1','A_X2','B_X2')"
4124,"XX[X[1,2|1,2],X[2,2|0,2]]",50,"X[1,2|1,2]",74,"X[2,2|0,2]",4,"(5,5,8,2)",4124,"('A_X1','B_X1','A_X2','B_X2')"
4125,"XX[X[1,2|1,2],X[2,2|1,0]]",50,"X[1,2|1,2]",75,"X[2,2|1,0]",4,"(5,5,8,3)",4125,"('A_X1','B_X1','A_X2','B_X2')"
4126,"XX[X[1,2|1,2],X[2,2|1,1]]",50,"X[1,2|1,2]",76,"X[2,2|1,1]",4,"(5,5,8,4)",4126,"('A_X1','B_X1','A_X2','B_X2')"
4127,"XX[X[1,2|1,2],X[2,2|1,2]]",50,"X[1,2|1,2]",77,"X[2,2|1,2]",4,"(5,5,8,5)",4127,"('A_X1','B_X1','A_X2','B_X2')"
4128,"XX[X[1,2|1,2],X[2,2|2,0]]",50,"X[1,2|1,2]",78,"X[2,2|2,0]",4,"(5,5,8,6)",4128,"('A_X1','B_X1','A_X2','B_X2')"
4129,"XX[X[1,2|1,2],X[2,2|2,1]]",50,"X[1,2|1,2]",79,"X[2,2|2,1]",4,"(5,5,8,7)",4129,"('A_X1','B_X1','A_X2','B_X2')"
4130,"XX[X[1,2|1,2],X[2,2|2,2]]",50,"X[1,2|1,2]",80,"X[2,2|2,2]",4,"(5,5,8,8)",4130,"('A_X1','B_X1','A_X2','B_X2')"
4131,"XX[X[1,2|2,0],X[0,0|0,0]]",51,"X[1,2|2,0]",0,"X[0,0|0,0]",4,"(5,6,0,0)",4131,"('A_X1','B_X1','A_X2','B_X2')"
4132,"XX[X[1,2|2,0],X[0,0|0,1]]",51,"X[1,2|2,0]",1,"X[0,0|0,1]",4,"(5,6,0,1)",4132,"('A_X1','B_X1','A_X2','B_X2')"
4133,"XX[X[1,2|2,0],X[0,0|0,2]]",51,"X[1,2|2,0]",2,"X[0,0|0,2]",4,"(5,6,0,2)",4133,"('A_X1','B_X1','A_X2','B_X2')"
4134,"XX[X[1,2|2,0],X[0,0|1,0]]",51,"X[1,2|2,0]",3,"X[0,0|1,0]",4,"(5,6,0,3)",4134,"('A_X1','B_X1','A_X2','B_X2')"
4135,"XX[X[1,2|2,0],X[0,0|1,1]]",51,"X[1,2|2,0]",4,"X[0,0|1,1]",4,"(5,6,0,4)",4135,"('A_X1','B_X1','A_X2','B_X2')"
4136,"XX[X[1,2|2,0],X[0,0|1,2]]",51,"X[1,2|2,0]",5,"X[0,0|1,2]",4,"(5,6,0,5)",4136,"('A_X1','B_X1','A_X2','B_X2')"
4137,"XX[X[1,2|2,0],X[0,0|2,0]]",51,"X[1,2|2,0]",6,"X[0,0|2,0]",4,"(5,6,0,6)",4137,"('A_X1','B_X1','A_X2','B_X2')"
4138,"XX[X[1,2|2,0],X[0,0|2,1]]",51,"X[1,2|2,0]",7,"X[0,0|2,1]",4,"(5,6,0,7)",4138,"('A_X1','B_X1','A_X2','B_X2')"
4139,"XX[X[1,2|2,0],X[0,0|2,2]]",51,"X[1,2|2,0]",8,"X[0,0|2,2]",4,"(5,6,0,8)",4139,"('A_X1','B_X1','A_X2','B_X2')"
4140,"XX[X[1,2|2,0],X[0,1|0,0]]",51,"X[1,2|2,0]",9,"X[0,1|0,0]",4,"(5,6,1,0)",4140,"('A_X1','B_X1','A_X2','B_X2')"
4141,"XX[X[1,2|2,0],X[0,1|0,1]]",51,"X[1,2|2,0]",10,"X[0,1|0,1]",4,"(5,6,1,1)",4141,"('A_X1','B_X1','A_X2','B_X2')"
4142,"XX[X[1,2|2,0],X[0,1|0,2]]",51,"X[1,2|2,0]",11,"X[0,1|0,2]",4,"(5,6,1,2)",4142,"('A_X1','B_X1','A_X2','B_X2')"
4143,"XX[X[1,2|2,0],X[0,1|1,0]]",51,"X[1,2|2,0]",12,"X[0,1|1,0]",4,"(5,6,1,3)",4143,"('A_X1','B_X1','A_X2','B_X2')"
4144,"XX[X[1,2|2,0],X[0,1|1,1]]",51,"X[1,2|2,0]",13,"X[0,1|1,1]",4,"(5,6,1,4)",4144,"('A_X1','B_X1','A_X2','B_X2')"
4145,"XX[X[1,2|2,0],X[0,1|1,2]]",51,"X[1,2|2,0]",14,"X[0,1|1,2]",4,"(5,6,1,5)",4145,"('A_X1','B_X1','A_X2','B_X2')"
4146,"XX[X[1,2|2,0],X[0,1|2,0]]",51,"X[1,2|2,0]",15,"X[0,1|2,0]",4,"(5,6,1,6)",4146,"('A_X1','B_X1','A_X2','B_X2')"
4147,"XX[X[1,2|2,0],X[0,1|2,1]]",51,"X[1,2|2,0]",16,"X[0,1|2,1]",4,"(5,6,1,7)",4147,"('A_X1','B_X1','A_X2','B_X2')"
4148,"XX[X[1,2|2,0],X[0,1|2,2]]",51,"X[1,2|2,0]",17,"X[0,1|2,2]",4,"(5,6,1,8)",4148,"('A_X1','B_X1','A_X2','B_X2')"
4149,"XX[X[1,2|2,0],X[0,2|0,0]]",51,"X[1,2|2,0]",18,"X[0,2|0,0]",4,"(5,6,2,0)",4149,"('A_X1','B_X1','A_X2','B_X2')"
4150,"XX[X[1,2|2,0],X[0,2|0,1]]",51,"X[1,2|2,0]",19,"X[0,2|0,1]",4,"(5,6,2,1)",4150,"('A_X1','B_X1','A_X2','B_X2')"
4151,"XX[X[1,2|2,0],X[0,2|0,2]]",51,"X[1,2|2,0]",20,"X[0,2|0,2]",4,"(5,6,2,2)",4151,"('A_X1','B_X1','A_X2','B_X2')"
4152,"XX[X[1,2|2,0],X[0,2|1,0]]",51,"X[1,2|2,0]",21,"X[0,2|1,0]",4,"(5,6,2,3)",4152,"('A_X1','B_X1','A_X2','B_X2')"
4153,"XX[X[1,2|2,0],X[0,2|1,1]]",51,"X[1,2|2,0]",22,"X[0,2|1,1]",4,"(5,6,2,4)",4153,"('A_X1','B_X1','A_X2','B_X2')"
4154,"XX[X[1,2|2,0],X[0,2|1,2]]",51,"X[1,2|2,0]",23,"X[0,2|1,2]",4,"(5,6,2,5)",4154,"('A_X1','B_X1','A_X2','B_X2')"
4155,"XX[X[1,2|2,0],X[0,2|2,0]]",51,"X[1,2|2,0]",24,"X[0,2|2,0]",4,"(5,6,2,6)",4155,"('A_X1','B_X1','A_X2','B_X2')"
4156,"XX[X[1,2|2,0],X[0,2|2,1]]",51,"X[1,2|2,0]",25,"X[0,2|2,1]",4,"(5,6,2,7)",4156,"('A_X1','B_X1','A_X2','B_X2')"
4157,"XX[X[1,2|2,0],X[0,2|2,2]]",51,"X[1,2|2,0]",26,"X[0,2|2,2]",4,"(5,6,2,8)",4157,"('A_X1','B_X1','A_X2','B_X2')"
4158,"XX[X[1,2|2,0],X[1,0|0,0]]",51,"X[1,2|2,0]",27,"X[1,0|0,0]",4,"(5,6,3,0)",4158,"('A_X1','B_X1','A_X2','B_X2')"
4159,"XX[X[1,2|2,0],X[1,0|0,1]]",51,"X[1,2|2,0]",28,"X[1,0|0,1]",4,"(5,6,3,1)",4159,"('A_X1','B_X1','A_X2','B_X2')"
4160,"XX[X[1,2|2,0],X[1,0|0,2]]",51,"X[1,2|2,0]",29,"X[1,0|0,2]",4,"(5,6,3,2)",4160,"('A_X1','B_X1','A_X2','B_X2')"
4161,"XX[X[1,2|2,0],X[1,0|1,0]]",51,"X[1,2|2,0]",30,"X[1,0|1,0]",4,"(5,6,3,3)",4161,"('A_X1','B_X1','A_X2','B_X2')"
4162,"XX[X[1,2|2,0],X[1,0|1,1]]",51,"X[1,2|2,0]",31,"X[1,0|1,1]",4,"(5,6,3,4)",4162,"('A_X1','B_X1','A_X2','B_X2')"
4163,"XX[X[1,2|2,0],X[1,0|1,2]]",51,"X[1,2|2,0]",32,"X[1,0|1,2]",4,"(5,6,3,5)",4163,"('A_X1','B_X1','A_X2','B_X2')"
4164,"XX[X[1,2|2,0],X[1,0|2,0]]",51,"X[1,2|2,0]",33,"X[1,0|2,0]",4,"(5,6,3,6)",4164,"('A_X1','B_X1','A_X2','B_X2')"
4165,"XX[X[1,2|2,0],X[1,0|2,1]]",51,"X[1,2|2,0]",34,"X[1,0|2,1]",4,"(5,6,3,7)",4165,"('A_X1','B_X1','A_X2','B_X2')"
4166,"XX[X[1,2|2,0],X[1,0|2,2]]",51,"X[1,2|2,0]",35,"X[1,0|2,2]",4,"(5,6,3,8)",4166,"('A_X1','B_X1','A_X2','B_X2')"
4167,"XX[X[1,2|2,0],X[1,1|0,0]]",51,"X[1,2|2,0]",36,"X[1,1|0,0]",4,"(5,6,4,0)",4167,"('A_X1','B_X1','A_X2','B_X2')"
4168,"XX[X[1,2|2,0],X[1,1|0,1]]",51,"X[1,2|2,0]",37,"X[1,1|0,1]",4,"(5,6,4,1)",4168,"('A_X1','B_X1','A_X2','B_X2')"
4169,"XX[X[1,2|2,0],X[1,1|0,2]]",51,"X[1,2|2,0]",38,"X[1,1|0,2]",4,"(5,6,4,2)",4169,"('A_X1','B_X1','A_X2','B_X2')"
4170,"XX[X[1,2|2,0],X[1,1|1,0]]",51,"X[1,2|2,0]",39,"X[1,1|1,0]",4,"(5,6,4,3)",4170,"('A_X1','B_X1','A_X2','B_X2')"
4171,"XX[X[1,2|2,0],X[1,1|1,1]]",51,"X[1,2|2,0]",40,"X[1,1|1,1]",4,"(5,6,4,4)",4171,"('A_X1','B_X1','A_X2','B_X2')"
4172,"XX[X[1,2|2,0],X[1,1|1,2]]",51,"X[1,2|2,0]",41,"X[1,1|1,2]",4,"(5,6,4,5)",4172,"('A_X1','B_X1','A_X2','B_X2')"
4173,"XX[X[1,2|2,0],X[1,1|2,0]]",51,"X[1,2|2,0]",42,"X[1,1|2,0]",4,"(5,6,4,6)",4173,"('A_X1','B_X1','A_X2','B_X2')"
4174,"XX[X[1,2|2,0],X[1,1|2,1]]",51,"X[1,2|2,0]",43,"X[1,1|2,1]",4,"(5,6,4,7)",4174,"('A_X1','B_X1','A_X2','B_X2')"
4175,"XX[X[1,2|2,0],X[1,1|2,2]]",51,"X[1,2|2,0]",44,"X[1,1|2,2]",4,"(5,6,4,8)",4175,"('A_X1','B_X1','A_X2','B_X2')"
4176,"XX[X[1,2|2,0],X[1,2|0,0]]",51,"X[1,2|2,0]",45,"X[1,2|0,0]",4,"(5,6,5,0)",4176,"('A_X1','B_X1','A_X2','B_X2')"
4177,"XX[X[1,2|2,0],X[1,2|0,1]]",51,"X[1,2|2,0]",46,"X[1,2|0,1]",4,"(5,6,5,1)",4177,"('A_X1','B_X1','A_X2','B_X2')"
4178,"XX[X[1,2|2,0],X[1,2|0,2]]",51,"X[1,2|2,0]",47,"X[1,2|0,2]",4,"(5,6,5,2)",4178,"('A_X1','B_X1','A_X2','B_X2')"
4179,"XX[X[1,2|2,0],X[1,2|1,0]]",51,"X[1,2|2,0]",48,"X[1,2|1,0]",4,"(5,6,5,3)",4179,"('A_X1','B_X1','A_X2','B_X2')"
4180,"XX[X[1,2|2,0],X[1,2|1,1]]",51,"X[1,2|2,0]",49,"X[1,2|1,1]",4,"(5,6,5,4)",4180,"('A_X1','B_X1','A_X2','B_X2')"
4181,"XX[X[1,2|2,0],X[1,2|1,2]]",51,"X[1,2|2,0]",50,"X[1,2|1,2]",4,"(5,6,5,5)",4181,"('A_X1','B_X1','A_X2','B_X2')"
4182,"XX[X[1,2|2,0],X[1,2|2,0]]",51,"X[1,2|2,0]",51,"X[1,2|2,0]",4,"(5,6,5,6)",4182,"('A_X1','B_X1','A_X2','B_X2')"
4183,"XX[X[1,2|2,0],X[1,2|2,1]]",51,"X[1,2|2,0]",52,"X[1,2|2,1]",4,"(5,6,5,7)",4183,"('A_X1','B_X1','A_X2','B_X2')"
4184,"XX[X[1,2|2,0],X[1,2|2,2]]",51,"X[1,2|2,0]",53,"X[1,2|2,2]",4,"(5,6,5,8)",4184,"('A_X1','B_X1','A_X2','B_X2')"
4185,"XX[X[1,2|2,0],X[2,0|0,0]]",51,"X[1,2|2,0]",54,"X[2,0|0,0]",4,"(5,6,6,0)",4185,"('A_X1','B_X1','A_X2','B_X2')"
4186,"XX[X[1,2|2,0],X[2,0|0,1]]",51,"X[1,2|2,0]",55,"X[2,0|0,1]",4,"(5,6,6,1)",4186,"('A_X1','B_X1','A_X2','B_X2')"
4187,"XX[X[1,2|2,0],X[2,0|0,2]]",51,"X[1,2|2,0]",56,"X[2,0|0,2]",4,"(5,6,6,2)",4187,"('A_X1','B_X1','A_X2','B_X2')"
4188,"XX[X[1,2|2,0],X[2,0|1,0]]",51,"X[1,2|2,0]",57,"X[2,0|1,0]",4,"(5,6,6,3)",4188,"('A_X1','B_X1','A_X2','B_X2')"
4189,"XX[X[1,2|2,0],X[2,0|1,1]]",51,"X[1,2|2,0]",58,"X[2,0|1,1]",4,"(5,6,6,4)",4189,"('A_X1','B_X1','A_X2','B_X2')"
4190,"XX[X[1,2|2,0],X[2,0|1,2]]",51,"X[1,2|2,0]",59,"X[2,0|1,2]",4,"(5,6,6,5)",4190,"('A_X1','B_X1','A_X2','B_X2')"
4191,"XX[X[1,2|2,0],X[2,0|2,0]]",51,"X[1,2|2,0]",60,"X[2,0|2,0]",4,"(5,6,6,6)",4191,"('A_X1','B_X1','A_X2','B_X2')"
4192,"XX[X[1,2|2,0],X[2,0|2,1]]",51,"X[1,2|2,0]",61,"X[2,0|2,1]",4,"(5,6,6,7)",4192,"('A_X1','B_X1','A_X2','B_X2')"
4193,"XX[X[1,2|2,0],X[2,0|2,2]]",51,"X[1,2|2,0]",62,"X[2,0|2,2]",4,"(5,6,6,8)",4193,"('A_X1','B_X1','A_X2','B_X2')"
4194,"XX[X[1,2|2,0],X[2,1|0,0]]",51,"X[1,2|2,0]",63,"X[2,1|0,0]",4,"(5,6,7,0)",4194,"('A_X1','B_X1','A_X2','B_X2')"
4195,"XX[X[1,2|2,0],X[2,1|0,1]]",51,"X[1,2|2,0]",64,"X[2,1|0,1]",4,"(5,6,7,1)",4195,"('A_X1','B_X1','A_X2','B_X2')"
4196,"XX[X[1,2|2,0],X[2,1|0,2]]",51,"X[1,2|2,0]",65,"X[2,1|0,2]",4,"(5,6,7,2)",4196,"('A_X1','B_X1','A_X2','B_X2')"
4197,"XX[X[1,2|2,0],X[2,1|1,0]]",51,"X[1,2|2,0]",66,"X[2,1|1,0]",4,"(5,6,7,3)",4197,"('A_X1','B_X1','A_X2','B_X2')"
4198,"XX[X[1,2|2,0],X[2,1|1,1]]",51,"X[1,2|2,0]",67,"X[2,1|1,1]",4,"(5,6,7,4)",4198,"('A_X1','B_X1','A_X2','B_X2')"
4199,"XX[X[1,2|2,0],X[2,1|1,2]]",51,"X[1,2|2,0]",68,"X[2,1|1,2]",4,"(5,6,7,5)",4199,"('A_X1','B_X1','A_X2','B_X2')"
4200,"XX[X[1,2|2,0],X[2,1|2,0]]",51,"X[1,2|2,0]",69,"X[2,1|2,0]",4,"(5,6,7,6)",4200,"('A_X1','B_X1','A_X2','B_X2')"
4201,"XX[X[1,2|2,0],X[2,1|2,1]]",51,"X[1,2|2,0]",70,"X[2,1|2,1]",4,"(5,6,7,7)",4201,"('A_X1','B_X1','A_X2','B_X2')"
4202,"XX[X[1,2|2,0],X[2,1|2,2]]",51,"X[1,2|2,0]",71,"X[2,1|2,2]",4,"(5,6,7,8)",4202,"('A_X1','B_X1','A_X2','B_X2')"
4203,"XX[X[1,2|2,0],X[2,2|0,0]]",51,"X[1,2|2,0]",72,"X[2,2|0,0]",4,"(5,6,8,0)",4203,"('A_X1','B_X1','A_X2','B_X2')"
4204,"XX[X[1,2|2,0],X[2,2|0,1]]",51,"X[1,2|2,0]",73,"X[2,2|0,1]",4,"(5,6,8,1)",4204,"('A_X1','B_X1','A_X2','B_X2')"
4205,"XX[X[1,2|2,0],X[2,2|0,2]]",51,"X[1,2|2,0]",74,"X[2,2|0,2]",4,"(5,6,8,2)",4205,"('A_X1','B_X1','A_X2','B_X2')"
4206,"XX[X[1,2|2,0],X[2,2|1,0]]",51,"X[1,2|2,0]",75,"X[2,2|1,0]",4,"(5,6,8,3)",4206,"('A_X1','B_X1','A_X2','B_X2')"
4207,"XX[X[1,2|2,0],X[2,2|1,1]]",51,"X[1,2|2,0]",76,"X[2,2|1,1]",4,"(5,6,8,4)",4207,"('A_X1','B_X1','A_X2','B_X2')"
4208,"XX[X[1,2|2,0],X[2,2|1,2]]",51,"X[1,2|2,0]",77,"X[2,2|1,2]",4,"(5,6,8,5)",4208,"('A_X1','B_X1','A_X2','B_X2')"
4209,"XX[X[1,2|2,0],X[2,2|2,0]]",51,"X[1,2|2,0]",78,"X[2,2|2,0]",4,"(5,6,8,6)",4209,"('A_X1','B_X1','A_X2','B_X2')"
4210,"XX[X[1,2|2,0],X[2,2|2,1]]",51,"X[1,2|2,0]",79,"X[2,2|2,1]",4,"(5,6,8,7)",4210,"('A_X1','B_X1','A_X2','B_X2')"
4211,"XX[X[1,2|2,0],X[2,2|2,2]]",51,"X[1,2|2,0]",80,"X[2,2|2,2]",4,"(5,6,8,8)",4211,"('A_X1','B_X1','A_X2','B_X2')"
4212,"XX[X[1,2|2,1],X[0,0|0,0]]",52,"X[1,2|2,1]",0,"X[0,0|0,0]",4,"(5,7,0,0)",4212,"('A_X1','B_X1','A_X2','B_X2')"
4213,"XX[X[1,2|2,1],X[0,0|0,1]]",52,"X[1,2|2,1]",1,"X[0,0|0,1]",4,"(5,7,0,1)",4213,"('A_X1','B_X1','A_X2','B_X2')"
4214,"XX[X[1,2|2,1],X[0,0|0,2]]",52,"X[1,2|2,1]",2,"X[0,0|0,2]",4,"(5,7,0,2)",4214,"('A_X1','B_X1','A_X2','B_X2')"
4215,"XX[X[1,2|2,1],X[0,0|1,0]]",52,"X[1,2|2,1]",3,"X[0,0|1,0]",4,"(5,7,0,3)",4215,"('A_X1','B_X1','A_X2','B_X2')"
4216,"XX[X[1,2|2,1],X[0,0|1,1]]",52,"X[1,2|2,1]",4,"X[0,0|1,1]",4,"(5,7,0,4)",4216,"('A_X1','B_X1','A_X2','B_X2')"
4217,"XX[X[1,2|2,1],X[0,0|1,2]]",52,"X[1,2|2,1]",5,"X[0,0|1,2]",4,"(5,7,0,5)",4217,"('A_X1','B_X1','A_X2','B_X2')"
4218,"XX[X[1,2|2,1],X[0,0|2,0]]",52,"X[1,2|2,1]",6,"X[0,0|2,0]",4,"(5,7,0,6)",4218,"('A_X1','B_X1','A_X2','B_X2')"
4219,"XX[X[1,2|2,1],X[0,0|2,1]]",52,"X[1,2|2,1]",7,"X[0,0|2,1]",4,"(5,7,0,7)",4219,"('A_X1','B_X1','A_X2','B_X2')"
4220,"XX[X[1,2|2,1],X[0,0|2,2]]",52,"X[1,2|2,1]",8,"X[0,0|2,2]",4,"(5,7,0,8)",4220,"('A_X1','B_X1','A_X2','B_X2')"
4221,"XX[X[1,2|2,1],X[0,1|0,0]]",52,"X[1,2|2,1]",9,"X[0,1|0,0]",4,"(5,7,1,0)",4221,"('A_X1','B_X1','A_X2','B_X2')"
4222,"XX[X[1,2|2,1],X[0,1|0,1]]",52,"X[1,2|2,1]",10,"X[0,1|0,1]",4,"(5,7,1,1)",4222,"('A_X1','B_X1','A_X2','B_X2')"
4223,"XX[X[1,2|2,1],X[0,1|0,2]]",52,"X[1,2|2,1]",11,"X[0,1|0,2]",4,"(5,7,1,2)",4223,"('A_X1','B_X1','A_X2','B_X2')"
4224,"XX[X[1,2|2,1],X[0,1|1,0]]",52,"X[1,2|2,1]",12,"X[0,1|1,0]",4,"(5,7,1,3)",4224,"('A_X1','B_X1','A_X2','B_X2')"
4225,"XX[X[1,2|2,1],X[0,1|1,1]]",52,"X[1,2|2,1]",13,"X[0,1|1,1]",4,"(5,7,1,4)",4225,"('A_X1','B_X1','A_X2','B_X2')"
4226,"XX[X[1,2|2,1],X[0,1|1,2]]",52,"X[1,2|2,1]",14,"X[0,1|1,2]",4,"(5,7,1,5)",4226,"('A_X1','B_X1','A_X2','B_X2')"
4227,"XX[X[1,2|2,1],X[0,1|2,0]]",52,"X[1,2|2,1]",15,"X[0,1|2,0]",4,"(5,7,1,6)",4227,"('A_X1','B_X1','A_X2','B_X2')"
4228,"XX[X[1,2|2,1],X[0,1|2,1]]",52,"X[1,2|2,1]",16,"X[0,1|2,1]",4,"(5,7,1,7)",4228,"('A_X1','B_X1','A_X2','B_X2')"
4229,"XX[X[1,2|2,1],X[0,1|2,2]]",52,"X[1,2|2,1]",17,"X[0,1|2,2]",4,"(5,7,1,8)",4229,"('A_X1','B_X1','A_X2','B_X2')"
4230,"XX[X[1,2|2,1],X[0,2|0,0]]",52,"X[1,2|2,1]",18,"X[0,2|0,0]",4,"(5,7,2,0)",4230,"('A_X1','B_X1','A_X2','B_X2')"
4231,"XX[X[1,2|2,1],X[0,2|0,1]]",52,"X[1,2|2,1]",19,"X[0,2|0,1]",4,"(5,7,2,1)",4231,"('A_X1','B_X1','A_X2','B_X2')"
4232,"XX[X[1,2|2,1],X[0,2|0,2]]",52,"X[1,2|2,1]",20,"X[0,2|0,2]",4,"(5,7,2,2)",4232,"('A_X1','B_X1','A_X2','B_X2')"
4233,"XX[X[1,2|2,1],X[0,2|1,0]]",52,"X[1,2|2,1]",21,"X[0,2|1,0]",4,"(5,7,2,3)",4233,"('A_X1','B_X1','A_X2','B_X2')"
4234,"XX[X[1,2|2,1],X[0,2|1,1]]",52,"X[1,2|2,1]",22,"X[0,2|1,1]",4,"(5,7,2,4)",4234,"('A_X1','B_X1','A_X2','B_X2')"
4235,"XX[X[1,2|2,1],X[0,2|1,2]]",52,"X[1,2|2,1]",23,"X[0,2|1,2]",4,"(5,7,2,5)",4235,"('A_X1','B_X1','A_X2','B_X2')"
4236,"XX[X[1,2|2,1],X[0,2|2,0]]",52,"X[1,2|2,1]",24,"X[0,2|2,0]",4,"(5,7,2,6)",4236,"('A_X1','B_X1','A_X2','B_X2')"
4237,"XX[X[1,2|2,1],X[0,2|2,1]]",52,"X[1,2|2,1]",25,"X[0,2|2,1]",4,"(5,7,2,7)",4237,"('A_X1','B_X1','A_X2','B_X2')"
4238,"XX[X[1,2|2,1],X[0,2|2,2]]",52,"X[1,2|2,1]",26,"X[0,2|2,2]",4,"(5,7,2,8)",4238,"('A_X1','B_X1','A_X2','B_X2')"
4239,"XX[X[1,2|2,1],X[1,0|0,0]]",52,"X[1,2|2,1]",27,"X[1,0|0,0]",4,"(5,7,3,0)",4239,"('A_X1','B_X1','A_X2','B_X2')"
4240,"XX[X[1,2|2,1],X[1,0|0,1]]",52,"X[1,2|2,1]",28,"X[1,0|0,1]",4,"(5,7,3,1)",4240,"('A_X1','B_X1','A_X2','B_X2')"
4241,"XX[X[1,2|2,1],X[1,0|0,2]]",52,"X[1,2|2,1]",29,"X[1,0|0,2]",4,"(5,7,3,2)",4241,"('A_X1','B_X1','A_X2','B_X2')"
4242,"XX[X[1,2|2,1],X[1,0|1,0]]",52,"X[1,2|2,1]",30,"X[1,0|1,0]",4,"(5,7,3,3)",4242,"('A_X1','B_X1','A_X2','B_X2')"
4243,"XX[X[1,2|2,1],X[1,0|1,1]]",52,"X[1,2|2,1]",31,"X[1,0|1,1]",4,"(5,7,3,4)",4243,"('A_X1','B_X1','A_X2','B_X2')"
4244,"XX[X[1,2|2,1],X[1,0|1,2]]",52,"X[1,2|2,1]",32,"X[1,0|1,2]",4,"(5,7,3,5)",4244,"('A_X1','B_X1','A_X2','B_X2')"
4245,"XX[X[1,2|2,1],X[1,0|2,0]]",52,"X[1,2|2,1]",33,"X[1,0|2,0]",4,"(5,7,3,6)",4245,"('A_X1','B_X1','A_X2','B_X2')"
4246,"XX[X[1,2|2,1],X[1,0|2,1]]",52,"X[1,2|2,1]",34,"X[1,0|2,1]",4,"(5,7,3,7)",4246,"('A_X1','B_X1','A_X2','B_X2')"
4247,"XX[X[1,2|2,1],X[1,0|2,2]]",52,"X[1,2|2,1]",35,"X[1,0|2,2]",4,"(5,7,3,8)",4247,"('A_X1','B_X1','A_X2','B_X2')"
4248,"XX[X[1,2|2,1],X[1,1|0,0]]",52,"X[1,2|2,1]",36,"X[1,1|0,0]",4,"(5,7,4,0)",4248,"('A_X1','B_X1','A_X2','B_X2')"
4249,"XX[X[1,2|2,1],X[1,1|0,1]]",52,"X[1,2|2,1]",37,"X[1,1|0,1]",4,"(5,7,4,1)",4249,"('A_X1','B_X1','A_X2','B_X2')"
4250,"XX[X[1,2|2,1],X[1,1|0,2]]",52,"X[1,2|2,1]",38,"X[1,1|0,2]",4,"(5,7,4,2)",4250,"('A_X1','B_X1','A_X2','B_X2')"
4251,"XX[X[1,2|2,1],X[1,1|1,0]]",52,"X[1,2|2,1]",39,"X[1,1|1,0]",4,"(5,7,4,3)",4251,"('A_X1','B_X1','A_X2','B_X2')"
4252,"XX[X[1,2|2,1],X[1,1|1,1]]",52,"X[1,2|2,1]",40,"X[1,1|1,1]",4,"(5,7,4,4)",4252,"('A_X1','B_X1','A_X2','B_X2')"
4253,"XX[X[1,2|2,1],X[1,1|1,2]]",52,"X[1,2|2,1]",41,"X[1,1|1,2]",4,"(5,7,4,5)",4253,"('A_X1','B_X1','A_X2','B_X2')"
4254,"XX[X[1,2|2,1],X[1,1|2,0]]",52,"X[1,2|2,1]",42,"X[1,1|2,0]",4,"(5,7,4,6)",4254,"('A_X1','B_X1','A_X2','B_X2')"
4255,"XX[X[1,2|2,1],X[1,1|2,1]]",52,"X[1,2|2,1]",43,"X[1,1|2,1]",4,"(5,7,4,7)",4255,"('A_X1','B_X1','A_X2','B_X2')"
4256,"XX[X[1,2|2,1],X[1,1|2,2]]",52,"X[1,2|2,1]",44,"X[1,1|2,2]",4,"(5,7,4,8)",4256,"('A_X1','B_X1','A_X2','B_X2')"
4257,"XX[X[1,2|2,1],X[1,2|0,0]]",52,"X[1,2|2,1]",45,"X[1,2|0,0]",4,"(5,7,5,0)",4257,"('A_X1','B_X1','A_X2','B_X2')"
4258,"XX[X[1,2|2,1],X[1,2|0,1]]",52,"X[1,2|2,1]",46,"X[1,2|0,1]",4,"(5,7,5,1)",4258,"('A_X1','B_X1','A_X2','B_X2')"
4259,"XX[X[1,2|2,1],X[1,2|0,2]]",52,"X[1,2|2,1]",47,"X[1,2|0,2]",4,"(5,7,5,2)",4259,"('A_X1','B_X1','A_X2','B_X2')"
4260,"XX[X[1,2|2,1],X[1,2|1,0]]",52,"X[1,2|2,1]",48,"X[1,2|1,0]",4,"(5,7,5,3)",4260,"('A_X1','B_X1','A_X2','B_X2')"
4261,"XX[X[1,2|2,1],X[1,2|1,1]]",52,"X[1,2|2,1]",49,"X[1,2|1,1]",4,"(5,7,5,4)",4261,"('A_X1','B_X1','A_X2','B_X2')"
4262,"XX[X[1,2|2,1],X[1,2|1,2]]",52,"X[1,2|2,1]",50,"X[1,2|1,2]",4,"(5,7,5,5)",4262,"('A_X1','B_X1','A_X2','B_X2')"
4263,"XX[X[1,2|2,1],X[1,2|2,0]]",52,"X[1,2|2,1]",51,"X[1,2|2,0]",4,"(5,7,5,6)",4263,"('A_X1','B_X1','A_X2','B_X2')"
4264,"XX[X[1,2|2,1],X[1,2|2,1]]",52,"X[1,2|2,1]",52,"X[1,2|2,1]",4,"(5,7,5,7)",4264,"('A_X1','B_X1','A_X2','B_X2')"
4265,"XX[X[1,2|2,1],X[1,2|2,2]]",52,"X[1,2|2,1]",53,"X[1,2|2,2]",4,"(5,7,5,8)",4265,"('A_X1','B_X1','A_X2','B_X2')"
4266,"XX[X[1,2|2,1],X[2,0|0,0]]",52,"X[1,2|2,1]",54,"X[2,0|0,0]",4,"(5,7,6,0)",4266,"('A_X1','B_X1','A_X2','B_X2')"
4267,"XX[X[1,2|2,1],X[2,0|0,1]]",52,"X[1,2|2,1]",55,"X[2,0|0,1]",4,"(5,7,6,1)",4267,"('A_X1','B_X1','A_X2','B_X2')"
4268,"XX[X[1,2|2,1],X[2,0|0,2]]",52,"X[1,2|2,1]",56,"X[2,0|0,2]",4,"(5,7,6,2)",4268,"('A_X1','B_X1','A_X2','B_X2')"
4269,"XX[X[1,2|2,1],X[2,0|1,0]]",52,"X[1,2|2,1]",57,"X[2,0|1,0]",4,"(5,7,6,3)",4269,"('A_X1','B_X1','A_X2','B_X2')"
4270,"XX[X[1,2|2,1],X[2,0|1,1]]",52,"X[1,2|2,1]",58,"X[2,0|1,1]",4,"(5,7,6,4)",4270,"('A_X1','B_X1','A_X2','B_X2')"
4271,"XX[X[1,2|2,1],X[2,0|1,2]]",52,"X[1,2|2,1]",59,"X[2,0|1,2]",4,"(5,7,6,5)",4271,"('A_X1','B_X1','A_X2','B_X2')"
4272,"XX[X[1,2|2,1],X[2,0|2,0]]",52,"X[1,2|2,1]",60,"X[2,0|2,0]",4,"(5,7,6,6)",4272,"('A_X1','B_X1','A_X2','B_X2')"
4273,"XX[X[1,2|2,1],X[2,0|2,1]]",52,"X[1,2|2,1]",61,"X[2,0|2,1]",4,"(5,7,6,7)",4273,"('A_X1','B_X1','A_X2','B_X2')"
4274,"XX[X[1,2|2,1],X[2,0|2,2]]",52,"X[1,2|2,1]",62,"X[2,0|2,2]",4,"(5,7,6,8)",4274,"('A_X1','B_X1','A_X2','B_X2')"
4275,"XX[X[1,2|2,1],X[2,1|0,0]]",52,"X[1,2|2,1]",63,"X[2,1|0,0]",4,"(5,7,7,0)",4275,"('A_X1','B_X1','A_X2','B_X2')"
4276,"XX[X[1,2|2,1],X[2,1|0,1]]",52,"X[1,2|2,1]",64,"X[2,1|0,1]",4,"(5,7,7,1)",4276,"('A_X1','B_X1','A_X2','B_X2')"
4277,"XX[X[1,2|2,1],X[2,1|0,2]]",52,"X[1,2|2,1]",65,"X[2,1|0,2]",4,"(5,7,7,2)",4277,"('A_X1','B_X1','A_X2','B_X2')"
4278,"XX[X[1,2|2,1],X[2,1|1,0]]",52,"X[1,2|2,1]",66,"X[2,1|1,0]",4,"(5,7,7,3)",4278,"('A_X1','B_X1','A_X2','B_X2')"
4279,"XX[X[1,2|2,1],X[2,1|1,1]]",52,"X[1,2|2,1]",67,"X[2,1|1,1]",4,"(5,7,7,4)",4279,"('A_X1','B_X1','A_X2','B_X2')"
4280,"XX[X[1,2|2,1],X[2,1|1,2]]",52,"X[1,2|2,1]",68,"X[2,1|1,2]",4,"(5,7,7,5)",4280,"('A_X1','B_X1','A_X2','B_X2')"
4281,"XX[X[1,2|2,1],X[2,1|2,0]]",52,"X[1,2|2,1]",69,"X[2,1|2,0]",4,"(5,7,7,6)",4281,"('A_X1','B_X1','A_X2','B_X2')"
4282,"XX[X[1,2|2,1],X[2,1|2,1]]",52,"X[1,2|2,1]",70,"X[2,1|2,1]",4,"(5,7,7,7)",4282,"('A_X1','B_X1','A_X2','B_X2')"
4283,"XX[X[1,2|2,1],X[2,1|2,2]]",52,"X[1,2|2,1]",71,"X[2,1|2,2]",4,"(5,7,7,8)",4283,"('A_X1','B_X1','A_X2','B_X2')"
4284,"XX[X[1,2|2,1],X[2,2|0,0]]",52,"X[1,2|2,1]",72,"X[2,2|0,0]",4,"(5,7,8,0)",4284,"('A_X1','B_X1','A_X2','B_X2')"
4285,"XX[X[1,2|2,1],X[2,2|0,1]]",52,"X[1,2|2,1]",73,"X[2,2|0,1]",4,"(5,7,8,1)",4285,"('A_X1','B_X1','A_X2','B_X2')"
4286,"XX[X[1,2|2,1],X[2,2|0,2]]",52,"X[1,2|2,1]",74,"X[2,2|0,2]",4,"(5,7,8,2)",4286,"('A_X1','B_X1','A_X2','B_X2')"
4287,"XX[X[1,2|2,1],X[2,2|1,0]]",52,"X[1,2|2,1]",75,"X[2,2|1,0]",4,"(5,7,8,3)",4287,"('A_X1','B_X1','A_X2','B_X2')"
4288,"XX[X[1,2|2,1],X[2,2|1,1]]",52,"X[1,2|2,1]",76,"X[2,2|1,1]",4,"(5,7,8,4)",4288,"('A_X1','B_X1','A_X2','B_X2')"
4289,"XX[X[1,2|2,1],X[2,2|1,2]]",52,"X[1,2|2,1]",77,"X[2,2|1,2]",4,"(5,7,8,5)",4289,"('A_X1','B_X1','A_X2','B_X2')"
4290,"XX[X[1,2|2,1],X[2,2|2,0]]",52,"X[1,2|2,1]",78,"X[2,2|2,0]",4,"(5,7,8,6)",4290,"('A_X1','B_X1','A_X2','B_X2')"
4291,"XX[X[1,2|2,1],X[2,2|2,1]]",52,"X[1,2|2,1]",79,"X[2,2|2,1]",4,"(5,7,8,7)",4291,"('A_X1','B_X1','A_X2','B_X2')"
4292,"XX[X[1,2|2,1],X[2,2|2,2]]",52,"X[1,2|2,1]",80,"X[2,2|2,2]",4,"(5,7,8,8)",4292,"('A_X1','B_X1','A_X2','B_X2')"
4293,"XX[X[1,2|2,2],X[0,0|0,0]]",53,"X[1,2|2,2]",0,"X[0,0|0,0]",4,"(5,8,0,0)",4293,"('A_X1','B_X1','A_X2','B_X2')"
4294,"XX[X[1,2|2,2],X[0,0|0,1]]",53,"X[1,2|2,2]",1,"X[0,0|0,1]",4,"(5,8,0,1)",4294,"('A_X1','B_X1','A_X2','B_X2')"
4295,"XX[X[1,2|2,2],X[0,0|0,2]]",53,"X[1,2|2,2]",2,"X[0,0|0,2]",4,"(5,8,0,2)",4295,"('A_X1','B_X1','A_X2','B_X2')"
4296,"XX[X[1,2|2,2],X[0,0|1,0]]",53,"X[1,2|2,2]",3,"X[0,0|1,0]",4,"(5,8,0,3)",4296,"('A_X1','B_X1','A_X2','B_X2')"
4297,"XX[X[1,2|2,2],X[0,0|1,1]]",53,"X[1,2|2,2]",4,"X[0,0|1,1]",4,"(5,8,0,4)",4297,"('A_X1','B_X1','A_X2','B_X2')"
4298,"XX[X[1,2|2,2],X[0,0|1,2]]",53,"X[1,2|2,2]",5,"X[0,0|1,2]",4,"(5,8,0,5)",4298,"('A_X1','B_X1','A_X2','B_X2')"
4299,"XX[X[1,2|2,2],X[0,0|2,0]]",53,"X[1,2|2,2]",6,"X[0,0|2,0]",4,"(5,8,0,6)",4299,"('A_X1','B_X1','A_X2','B_X2')"
4300,"XX[X[1,2|2,2],X[0,0|2,1]]",53,"X[1,2|2,2]",7,"X[0,0|2,1]",4,"(5,8,0,7)",4300,"('A_X1','B_X1','A_X2','B_X2')"
4301,"XX[X[1,2|2,2],X[0,0|2,2]]",53,"X[1,2|2,2]",8,"X[0,0|2,2]",4,"(5,8,0,8)",4301,"('A_X1','B_X1','A_X2','B_X2')"
4302,"XX[X[1,2|2,2],X[0,1|0,0]]",53,"X[1,2|2,2]",9,"X[0,1|0,0]",4,"(5,8,1,0)",4302,"('A_X1','B_X1','A_X2','B_X2')"
4303,"XX[X[1,2|2,2],X[0,1|0,1]]",53,"X[1,2|2,2]",10,"X[0,1|0,1]",4,"(5,8,1,1)",4303,"('A_X1','B_X1','A_X2','B_X2')"
4304,"XX[X[1,2|2,2],X[0,1|0,2]]",53,"X[1,2|2,2]",11,"X[0,1|0,2]",4,"(5,8,1,2)",4304,"('A_X1','B_X1','A_X2','B_X2')"
4305,"XX[X[1,2|2,2],X[0,1|1,0]]",53,"X[1,2|2,2]",12,"X[0,1|1,0]",4,"(5,8,1,3)",4305,"('A_X1','B_X1','A_X2','B_X2')"
4306,"XX[X[1,2|2,2],X[0,1|1,1]]",53,"X[1,2|2,2]",13,"X[0,1|1,1]",4,"(5,8,1,4)",4306,"('A_X1','B_X1','A_X2','B_X2')"
4307,"XX[X[1,2|2,2],X[0,1|1,2]]",53,"X[1,2|2,2]",14,"X[0,1|1,2]",4,"(5,8,1,5)",4307,"('A_X1','B_X1','A_X2','B_X2')"
4308,"XX[X[1,2|2,2],X[0,1|2,0]]",53,"X[1,2|2,2]",15,"X[0,1|2,0]",4,"(5,8,1,6)",4308,"('A_X1','B_X1','A_X2','B_X2')"
4309,"XX[X[1,2|2,2],X[0,1|2,1]]",53,"X[1,2|2,2]",16,"X[0,1|2,1]",4,"(5,8,1,7)",4309,"('A_X1','B_X1','A_X2','B_X2')"
4310,"XX[X[1,2|2,2],X[0,1|2,2]]",53,"X[1,2|2,2]",17,"X[0,1|2,2]",4,"(5,8,1,8)",4310,"('A_X1','B_X1','A_X2','B_X2')"
4311,"XX[X[1,2|2,2],X[0,2|0,0]]",53,"X[1,2|2,2]",18,"X[0,2|0,0]",4,"(5,8,2,0)",4311,"('A_X1','B_X1','A_X2','B_X2')"
4312,"XX[X[1,2|2,2],X[0,2|0,1]]",53,"X[1,2|2,2]",19,"X[0,2|0,1]",4,"(5,8,2,1)",4312,"('A_X1','B_X1','A_X2','B_X2')"
4313,"XX[X[1,2|2,2],X[0,2|0,2]]",53,"X[1,2|2,2]",20,"X[0,2|0,2]",4,"(5,8,2,2)",4313,"('A_X1','B_X1','A_X2','B_X2')"
4314,"XX[X[1,2|2,2],X[0,2|1,0]]",53,"X[1,2|2,2]",21,"X[0,2|1,0]",4,"(5,8,2,3)",4314,"('A_X1','B_X1','A_X2','B_X2')"
4315,"XX[X[1,2|2,2],X[0,2|1,1]]",53,"X[1,2|2,2]",22,"X[0,2|1,1]",4,"(5,8,2,4)",4315,"('A_X1','B_X1','A_X2','B_X2')"
4316,"XX[X[1,2|2,2],X[0,2|1,2]]",53,"X[1,2|2,2]",23,"X[0,2|1,2]",4,"(5,8,2,5)",4316,"('A_X1','B_X1','A_X2','B_X2')"
4317,"XX[X[1,2|2,2],X[0,2|2,0]]",53,"X[1,2|2,2]",24,"X[0,2|2,0]",4,"(5,8,2,6)",4317,"('A_X1','B_X1','A_X2','B_X2')"
4318,"XX[X[1,2|2,2],X[0,2|2,1]]",53,"X[1,2|2,2]",25,"X[0,2|2,1]",4,"(5,8,2,7)",4318,"('A_X1','B_X1','A_X2','B_X2')"
4319,"XX[X[1,2|2,2],X[0,2|2,2]]",53,"X[1,2|2,2]",26,"X[0,2|2,2]",4,"(5,8,2,8)",4319,"('A_X1','B_X1','A_X2','B_X2')"
4320,"XX[X[1,2|2,2],X[1,0|0,0]]",53,"X[1,2|2,2]",27,"X[1,0|0,0]",4,"(5,8,3,0)",4320,"('A_X1','B_X1','A_X2','B_X2')"
4321,"XX[X[1,2|2,2],X[1,0|0,1]]",53,"X[1,2|2,2]",28,"X[1,0|0,1]",4,"(5,8,3,1)",4321,"('A_X1','B_X1','A_X2','B_X2')"
4322,"XX[X[1,2|2,2],X[1,0|0,2]]",53,"X[1,2|2,2]",29,"X[1,0|0,2]",4,"(5,8,3,2)",4322,"('A_X1','B_X1','A_X2','B_X2')"
4323,"XX[X[1,2|2,2],X[1,0|1,0]]",53,"X[1,2|2,2]",30,"X[1,0|1,0]",4,"(5,8,3,3)",4323,"('A_X1','B_X1','A_X2','B_X2')"
4324,"XX[X[1,2|2,2],X[1,0|1,1]]",53,"X[1,2|2,2]",31,"X[1,0|1,1]",4,"(5,8,3,4)",4324,"('A_X1','B_X1','A_X2','B_X2')"
4325,"XX[X[1,2|2,2],X[1,0|1,2]]",53,"X[1,2|2,2]",32,"X[1,0|1,2]",4,"(5,8,3,5)",4325,"('A_X1','B_X1','A_X2','B_X2')"
4326,"XX[X[1,2|2,2],X[1,0|2,0]]",53,"X[1,2|2,2]",33,"X[1,0|2,0]",4,"(5,8,3,6)",4326,"('A_X1','B_X1','A_X2','B_X2')"
4327,"XX[X[1,2|2,2],X[1,0|2,1]]",53,"X[1,2|2,2]",34,"X[1,0|2,1]",4,"(5,8,3,7)",4327,"('A_X1','B_X1','A_X2','B_X2')"
4328,"XX[X[1,2|2,2],X[1,0|2,2]]",53,"X[1,2|2,2]",35,"X[1,0|2,2]",4,"(5,8,3,8)",4328,"('A_X1','B_X1','A_X2','B_X2')"
4329,"XX[X[1,2|2,2],X[1,1|0,0]]",53,"X[1,2|2,2]",36,"X[1,1|0,0]",4,"(5,8,4,0)",4329,"('A_X1','B_X1','A_X2','B_X2')"
4330,"XX[X[1,2|2,2],X[1,1|0,1]]",53,"X[1,2|2,2]",37,"X[1,1|0,1]",4,"(5,8,4,1)",4330,"('A_X1','B_X1','A_X2','B_X2')"
4331,"XX[X[1,2|2,2],X[1,1|0,2]]",53,"X[1,2|2,2]",38,"X[1,1|0,2]",4,"(5,8,4,2)",4331,"('A_X1','B_X1','A_X2','B_X2')"
4332,"XX[X[1,2|2,2],X[1,1|1,0]]",53,"X[1,2|2,2]",39,"X[1,1|1,0]",4,"(5,8,4,3)",4332,"('A_X1','B_X1','A_X2','B_X2')"
4333,"XX[X[1,2|2,2],X[1,1|1,1]]",53,"X[1,2|2,2]",40,"X[1,1|1,1]",4,"(5,8,4,4)",4333,"('A_X1','B_X1','A_X2','B_X2')"
4334,"XX[X[1,2|2,2],X[1,1|1,2]]",53,"X[1,2|2,2]",41,"X[1,1|1,2]",4,"(5,8,4,5)",4334,"('A_X1','B_X1','A_X2','B_X2')"
4335,"XX[X[1,2|2,2],X[1,1|2,0]]",53,"X[1,2|2,2]",42,"X[1,1|2,0]",4,"(5,8,4,6)",4335,"('A_X1','B_X1','A_X2','B_X2')"
4336,"XX[X[1,2|2,2],X[1,1|2,1]]",53,"X[1,2|2,2]",43,"X[1,1|2,1]",4,"(5,8,4,7)",4336,"('A_X1','B_X1','A_X2','B_X2')"
4337,"XX[X[1,2|2,2],X[1,1|2,2]]",53,"X[1,2|2,2]",44,"X[1,1|2,2]",4,"(5,8,4,8)",4337,"('A_X1','B_X1','A_X2','B_X2')"
4338,"XX[X[1,2|2,2],X[1,2|0,0]]",53,"X[1,2|2,2]",45,"X[1,2|0,0]",4,"(5,8,5,0)",4338,"('A_X1','B_X1','A_X2','B_X2')"
4339,"XX[X[1,2|2,2],X[1,2|0,1]]",53,"X[1,2|2,2]",46,"X[1,2|0,1]",4,"(5,8,5,1)",4339,"('A_X1','B_X1','A_X2','B_X2')"
4340,"XX[X[1,2|2,2],X[1,2|0,2]]",53,"X[1,2|2,2]",47,"X[1,2|0,2]",4,"(5,8,5,2)",4340,"('A_X1','B_X1','A_X2','B_X2')"
4341,"XX[X[1,2|2,2],X[1,2|1,0]]",53,"X[1,2|2,2]",48,"X[1,2|1,0]",4,"(5,8,5,3)",4341,"('A_X1','B_X1','A_X2','B_X2')"
4342,"XX[X[1,2|2,2],X[1,2|1,1]]",53,"X[1,2|2,2]",49,"X[1,2|1,1]",4,"(5,8,5,4)",4342,"('A_X1','B_X1','A_X2','B_X2')"
4343,"XX[X[1,2|2,2],X[1,2|1,2]]",53,"X[1,2|2,2]",50,"X[1,2|1,2]",4,"(5,8,5,5)",4343,"('A_X1','B_X1','A_X2','B_X2')"
4344,"XX[X[1,2|2,2],X[1,2|2,0]]",53,"X[1,2|2,2]",51,"X[1,2|2,0]",4,"(5,8,5,6)",4344,"('A_X1','B_X1','A_X2','B_X2')"
4345,"XX[X[1,2|2,2],X[1,2|2,1]]",53,"X[1,2|2,2]",52,"X[1,2|2,1]",4,"(5,8,5,7)",4345,"('A_X1','B_X1','A_X2','B_X2')"
4346,"XX[X[1,2|2,2],X[1,2|2,2]]",53,"X[1,2|2,2]",53,"X[1,2|2,2]",4,"(5,8,5,8)",4346,"('A_X1','B_X1','A_X2','B_X2')"
4347,"XX[X[1,2|2,2],X[2,0|0,0]]",53,"X[1,2|2,2]",54,"X[2,0|0,0]",4,"(5,8,6,0)",4347,"('A_X1','B_X1','A_X2','B_X2')"
4348,"XX[X[1,2|2,2],X[2,0|0,1]]",53,"X[1,2|2,2]",55,"X[2,0|0,1]",4,"(5,8,6,1)",4348,"('A_X1','B_X1','A_X2','B_X2')"
4349,"XX[X[1,2|2,2],X[2,0|0,2]]",53,"X[1,2|2,2]",56,"X[2,0|0,2]",4,"(5,8,6,2)",4349,"('A_X1','B_X1','A_X2','B_X2')"
4350,"XX[X[1,2|2,2],X[2,0|1,0]]",53,"X[1,2|2,2]",57,"X[2,0|1,0]",4,"(5,8,6,3)",4350,"('A_X1','B_X1','A_X2','B_X2')"
4351,"XX[X[1,2|2,2],X[2,0|1,1]]",53,"X[1,2|2,2]",58,"X[2,0|1,1]",4,"(5,8,6,4)",4351,"('A_X1','B_X1','A_X2','B_X2')"
4352,"XX[X[1,2|2,2],X[2,0|1,2]]",53,"X[1,2|2,2]",59,"X[2,0|1,2]",4,"(5,8,6,5)",4352,"('A_X1','B_X1','A_X2','B_X2')"
4353,"XX[X[1,2|2,2],X[2,0|2,0]]",53,"X[1,2|2,2]",60,"X[2,0|2,0]",4,"(5,8,6,6)",4353,"('A_X1','B_X1','A_X2','B_X2')"
4354,"XX[X[1,2|2,2],X[2,0|2,1]]",53,"X[1,2|2,2]",61,"X[2,0|2,1]",4,"(5,8,6,7)",4354,"('A_X1','B_X1','A_X2','B_X2')"
4355,"XX[X[1,2|2,2],X[2,0|2,2]]",53,"X[1,2|2,2]",62,"X[2,0|2,2]",4,"(5,8,6,8)",4355,"('A_X1','B_X1','A_X2','B_X2')"
4356,"XX[X[1,2|2,2],X[2,1|0,0]]",53,"X[1,2|2,2]",63,"X[2,1|0,0]",4,"(5,8,7,0)",4356,"('A_X1','B_X1','A_X2','B_X2')"
4357,"XX[X[1,2|2,2],X[2,1|0,1]]",53,"X[1,2|2,2]",64,"X[2,1|0,1]",4,"(5,8,7,1)",4357,"('A_X1','B_X1','A_X2','B_X2')"
4358,"XX[X[1,2|2,2],X[2,1|0,2]]",53,"X[1,2|2,2]",65,"X[2,1|0,2]",4,"(5,8,7,2)",4358,"('A_X1','B_X1','A_X2','B_X2')"
4359,"XX[X[1,2|2,2],X[2,1|1,0]]",53,"X[1,2|2,2]",66,"X[2,1|1,0]",4,"(5,8,7,3)",4359,"('A_X1','B_X1','A_X2','B_X2')"
4360,"XX[X[1,2|2,2],X[2,1|1,1]]",53,"X[1,2|2,2]",67,"X[2,1|1,1]",4,"(5,8,7,4)",4360,"('A_X1','B_X1','A_X2','B_X2')"
4361,"XX[X[1,2|2,2],X[2,1|1,2]]",53,"X[1,2|2,2]",68,"X[2,1|1,2]",4,"(5,8,7,5)",4361,"('A_X1','B_X1','A_X2','B_X2')"
4362,"XX[X[1,2|2,2],X[2,1|2,0]]",53,"X[1,2|2,2]",69,"X[2,1|2,0]",4,"(5,8,7,6)",4362,"('A_X1','B_X1','A_X2','B_X2')"
4363,"XX[X[1,2|2,2],X[2,1|2,1]]",53,"X[1,2|2,2]",70,"X[2,1|2,1]",4,"(5,8,7,7)",4363,"('A_X1','B_X1','A_X2','B_X2')"
4364,"XX[X[1,2|2,2],X[2,1|2,2]]",53,"X[1,2|2,2]",71,"X[2,1|2,2]",4,"(5,8,7,8)",4364,"('A_X1','B_X1','A_X2','B_X2')"
4365,"XX[X[1,2|2,2],X[2,2|0,0]]",53,"X[1,2|2,2]",72,"X[2,2|0,0]",4,"(5,8,8,0)",4365,"('A_X1','B_X1','A_X2','B_X2')"
4366,"XX[X[1,2|2,2],X[2,2|0,1]]",53,"X[1,2|2,2]",73,"X[2,2|0,1]",4,"(5,8,8,1)",4366,"('A_X1','B_X1','A_X2','B_X2')"
4367,"XX[X[1,2|2,2],X[2,2|0,2]]",53,"X[1,2|2,2]",74,"X[2,2|0,2]",4,"(5,8,8,2)",4367,"('A_X1','B_X1','A_X2','B_X2')"
4368,"XX[X[1,2|2,2],X[2,2|1,0]]",53,"X[1,2|2,2]",75,"X[2,2|1,0]",4,"(5,8,8,3)",4368,"('A_X1','B_X1','A_X2','B_X2')"
4369,"XX[X[1,2|2,2],X[2,2|1,1]]",53,"X[1,2|2,2]",76,"X[2,2|1,1]",4,"(5,8,8,4)",4369,"('A_X1','B_X1','A_X2','B_X2')"
4370,"XX[X[1,2|2,2],X[2,2|1,2]]",53,"X[1,2|2,2]",77,"X[2,2|1,2]",4,"(5,8,8,5)",4370,"('A_X1','B_X1','A_X2','B_X2')"
4371,"XX[X[1,2|2,2],X[2,2|2,0]]",53,"X[1,2|2,2]",78,"X[2,2|2,0]",4,"(5,8,8,6)",4371,"('A_X1','B_X1','A_X2','B_X2')"
4372,"XX[X[1,2|2,2],X[2,2|2,1]]",53,"X[1,2|2,2]",79,"X[2,2|2,1]",4,"(5,8,8,7)",4372,"('A_X1','B_X1','A_X2','B_X2')"
4373,"XX[X[1,2|2,2],X[2,2|2,2]]",53,"X[1,2|2,2]",80,"X[2,2|2,2]",4,"(5,8,8,8)",4373,"('A_X1','B_X1','A_X2','B_X2')"
4374,"XX[X[2,0|0,0],X[0,0|0,0]]",54,"X[2,0|0,0]",0,"X[0,0|0,0]",4,"(6,0,0,0)",4374,"('A_X1','B_X1','A_X2','B_X2')"
4375,"XX[X[2,0|0,0],X[0,0|0,1]]",54,"X[2,0|0,0]",1,"X[0,0|0,1]",4,"(6,0,0,1)",4375,"('A_X1','B_X1','A_X2','B_X2')"
4376,"XX[X[2,0|0,0],X[0,0|0,2]]",54,"X[2,0|0,0]",2,"X[0,0|0,2]",4,"(6,0,0,2)",4376,"('A_X1','B_X1','A_X2','B_X2')"
4377,"XX[X[2,0|0,0],X[0,0|1,0]]",54,"X[2,0|0,0]",3,"X[0,0|1,0]",4,"(6,0,0,3)",4377,"('A_X1','B_X1','A_X2','B_X2')"
4378,"XX[X[2,0|0,0],X[0,0|1,1]]",54,"X[2,0|0,0]",4,"X[0,0|1,1]",4,"(6,0,0,4)",4378,"('A_X1','B_X1','A_X2','B_X2')"
4379,"XX[X[2,0|0,0],X[0,0|1,2]]",54,"X[2,0|0,0]",5,"X[0,0|1,2]",4,"(6,0,0,5)",4379,"('A_X1','B_X1','A_X2','B_X2')"
4380,"XX[X[2,0|0,0],X[0,0|2,0]]",54,"X[2,0|0,0]",6,"X[0,0|2,0]",4,"(6,0,0,6)",4380,"('A_X1','B_X1','A_X2','B_X2')"
4381,"XX[X[2,0|0,0],X[0,0|2,1]]",54,"X[2,0|0,0]",7,"X[0,0|2,1]",4,"(6,0,0,7)",4381,"('A_X1','B_X1','A_X2','B_X2')"
4382,"XX[X[2,0|0,0],X[0,0|2,2]]",54,"X[2,0|0,0]",8,"X[0,0|2,2]",4,"(6,0,0,8)",4382,"('A_X1','B_X1','A_X2','B_X2')"
4383,"XX[X[2,0|0,0],X[0,1|0,0]]",54,"X[2,0|0,0]",9,"X[0,1|0,0]",4,"(6,0,1,0)",4383,"('A_X1','B_X1','A_X2','B_X2')"
4384,"XX[X[2,0|0,0],X[0,1|0,1]]",54,"X[2,0|0,0]",10,"X[0,1|0,1]",4,"(6,0,1,1)",4384,"('A_X1','B_X1','A_X2','B_X2')"
4385,"XX[X[2,0|0,0],X[0,1|0,2]]",54,"X[2,0|0,0]",11,"X[0,1|0,2]",4,"(6,0,1,2)",4385,"('A_X1','B_X1','A_X2','B_X2')"
4386,"XX[X[2,0|0,0],X[0,1|1,0]]",54,"X[2,0|0,0]",12,"X[0,1|1,0]",4,"(6,0,1,3)",4386,"('A_X1','B_X1','A_X2','B_X2')"
4387,"XX[X[2,0|0,0],X[0,1|1,1]]",54,"X[2,0|0,0]",13,"X[0,1|1,1]",4,"(6,0,1,4)",4387,"('A_X1','B_X1','A_X2','B_X2')"
4388,"XX[X[2,0|0,0],X[0,1|1,2]]",54,"X[2,0|0,0]",14,"X[0,1|1,2]",4,"(6,0,1,5)",4388,"('A_X1','B_X1','A_X2','B_X2')"
4389,"XX[X[2,0|0,0],X[0,1|2,0]]",54,"X[2,0|0,0]",15,"X[0,1|2,0]",4,"(6,0,1,6)",4389,"('A_X1','B_X1','A_X2','B_X2')"
4390,"XX[X[2,0|0,0],X[0,1|2,1]]",54,"X[2,0|0,0]",16,"X[0,1|2,1]",4,"(6,0,1,7)",4390,"('A_X1','B_X1','A_X2','B_X2')"
4391,"XX[X[2,0|0,0],X[0,1|2,2]]",54,"X[2,0|0,0]",17,"X[0,1|2,2]",4,"(6,0,1,8)",4391,"('A_X1','B_X1','A_X2','B_X2')"
4392,"XX[X[2,0|0,0],X[0,2|0,0]]",54,"X[2,0|0,0]",18,"X[0,2|0,0]",4,"(6,0,2,0)",4392,"('A_X1','B_X1','A_X2','B_X2')"
4393,"XX[X[2,0|0,0],X[0,2|0,1]]",54,"X[2,0|0,0]",19,"X[0,2|0,1]",4,"(6,0,2,1)",4393,"('A_X1','B_X1','A_X2','B_X2')"
4394,"XX[X[2,0|0,0],X[0,2|0,2]]",54,"X[2,0|0,0]",20,"X[0,2|0,2]",4,"(6,0,2,2)",4394,"('A_X1','B_X1','A_X2','B_X2')"
4395,"XX[X[2,0|0,0],X[0,2|1,0]]",54,"X[2,0|0,0]",21,"X[0,2|1,0]",4,"(6,0,2,3)",4395,"('A_X1','B_X1','A_X2','B_X2')"
4396,"XX[X[2,0|0,0],X[0,2|1,1]]",54,"X[2,0|0,0]",22,"X[0,2|1,1]",4,"(6,0,2,4)",4396,"('A_X1','B_X1','A_X2','B_X2')"
4397,"XX[X[2,0|0,0],X[0,2|1,2]]",54,"X[2,0|0,0]",23,"X[0,2|1,2]",4,"(6,0,2,5)",4397,"('A_X1','B_X1','A_X2','B_X2')"
4398,"XX[X[2,0|0,0],X[0,2|2,0]]",54,"X[2,0|0,0]",24,"X[0,2|2,0]",4,"(6,0,2,6)",4398,"('A_X1','B_X1','A_X2','B_X2')"
4399,"XX[X[2,0|0,0],X[0,2|2,1]]",54,"X[2,0|0,0]",25,"X[0,2|2,1]",4,"(6,0,2,7)",4399,"('A_X1','B_X1','A_X2','B_X2')"
4400,"XX[X[2,0|0,0],X[0,2|2,2]]",54,"X[2,0|0,0]",26,"X[0,2|2,2]",4,"(6,0,2,8)",4400,"('A_X1','B_X1','A_X2','B_X2')"
4401,"XX[X[2,0|0,0],X[1,0|0,0]]",54,"X[2,0|0,0]",27,"X[1,0|0,0]",4,"(6,0,3,0)",4401,"('A_X1','B_X1','A_X2','B_X2')"
4402,"XX[X[2,0|0,0],X[1,0|0,1]]",54,"X[2,0|0,0]",28,"X[1,0|0,1]",4,"(6,0,3,1)",4402,"('A_X1','B_X1','A_X2','B_X2')"
4403,"XX[X[2,0|0,0],X[1,0|0,2]]",54,"X[2,0|0,0]",29,"X[1,0|0,2]",4,"(6,0,3,2)",4403,"('A_X1','B_X1','A_X2','B_X2')"
4404,"XX[X[2,0|0,0],X[1,0|1,0]]",54,"X[2,0|0,0]",30,"X[1,0|1,0]",4,"(6,0,3,3)",4404,"('A_X1','B_X1','A_X2','B_X2')"
4405,"XX[X[2,0|0,0],X[1,0|1,1]]",54,"X[2,0|0,0]",31,"X[1,0|1,1]",4,"(6,0,3,4)",4405,"('A_X1','B_X1','A_X2','B_X2')"
4406,"XX[X[2,0|0,0],X[1,0|1,2]]",54,"X[2,0|0,0]",32,"X[1,0|1,2]",4,"(6,0,3,5)",4406,"('A_X1','B_X1','A_X2','B_X2')"
4407,"XX[X[2,0|0,0],X[1,0|2,0]]",54,"X[2,0|0,0]",33,"X[1,0|2,0]",4,"(6,0,3,6)",4407,"('A_X1','B_X1','A_X2','B_X2')"
4408,"XX[X[2,0|0,0],X[1,0|2,1]]",54,"X[2,0|0,0]",34,"X[1,0|2,1]",4,"(6,0,3,7)",4408,"('A_X1','B_X1','A_X2','B_X2')"
4409,"XX[X[2,0|0,0],X[1,0|2,2]]",54,"X[2,0|0,0]",35,"X[1,0|2,2]",4,"(6,0,3,8)",4409,"('A_X1','B_X1','A_X2','B_X2')"
4410,"XX[X[2,0|0,0],X[1,1|0,0]]",54,"X[2,0|0,0]",36,"X[1,1|0,0]",4,"(6,0,4,0)",4410,"('A_X1','B_X1','A_X2','B_X2')"
4411,"XX[X[2,0|0,0],X[1,1|0,1]]",54,"X[2,0|0,0]",37,"X[1,1|0,1]",4,"(6,0,4,1)",4411,"('A_X1','B_X1','A_X2','B_X2')"
4412,"XX[X[2,0|0,0],X[1,1|0,2]]",54,"X[2,0|0,0]",38,"X[1,1|0,2]",4,"(6,0,4,2)",4412,"('A_X1','B_X1','A_X2','B_X2')"
4413,"XX[X[2,0|0,0],X[1,1|1,0]]",54,"X[2,0|0,0]",39,"X[1,1|1,0]",4,"(6,0,4,3)",4413,"('A_X1','B_X1','A_X2','B_X2')"
4414,"XX[X[2,0|0,0],X[1,1|1,1]]",54,"X[2,0|0,0]",40,"X[1,1|1,1]",4,"(6,0,4,4)",4414,"('A_X1','B_X1','A_X2','B_X2')"
4415,"XX[X[2,0|0,0],X[1,1|1,2]]",54,"X[2,0|0,0]",41,"X[1,1|1,2]",4,"(6,0,4,5)",4415,"('A_X1','B_X1','A_X2','B_X2')"
4416,"XX[X[2,0|0,0],X[1,1|2,0]]",54,"X[2,0|0,0]",42,"X[1,1|2,0]",4,"(6,0,4,6)",4416,"('A_X1','B_X1','A_X2','B_X2')"
4417,"XX[X[2,0|0,0],X[1,1|2,1]]",54,"X[2,0|0,0]",43,"X[1,1|2,1]",4,"(6,0,4,7)",4417,"('A_X1','B_X1','A_X2','B_X2')"
4418,"XX[X[2,0|0,0],X[1,1|2,2]]",54,"X[2,0|0,0]",44,"X[1,1|2,2]",4,"(6,0,4,8)",4418,"('A_X1','B_X1','A_X2','B_X2')"
4419,"XX[X[2,0|0,0],X[1,2|0,0]]",54,"X[2,0|0,0]",45,"X[1,2|0,0]",4,"(6,0,5,0)",4419,"('A_X1','B_X1','A_X2','B_X2')"
4420,"XX[X[2,0|0,0],X[1,2|0,1]]",54,"X[2,0|0,0]",46,"X[1,2|0,1]",4,"(6,0,5,1)",4420,"('A_X1','B_X1','A_X2','B_X2')"
4421,"XX[X[2,0|0,0],X[1,2|0,2]]",54,"X[2,0|0,0]",47,"X[1,2|0,2]",4,"(6,0,5,2)",4421,"('A_X1','B_X1','A_X2','B_X2')"
4422,"XX[X[2,0|0,0],X[1,2|1,0]]",54,"X[2,0|0,0]",48,"X[1,2|1,0]",4,"(6,0,5,3)",4422,"('A_X1','B_X1','A_X2','B_X2')"
4423,"XX[X[2,0|0,0],X[1,2|1,1]]",54,"X[2,0|0,0]",49,"X[1,2|1,1]",4,"(6,0,5,4)",4423,"('A_X1','B_X1','A_X2','B_X2')"
4424,"XX[X[2,0|0,0],X[1,2|1,2]]",54,"X[2,0|0,0]",50,"X[1,2|1,2]",4,"(6,0,5,5)",4424,"('A_X1','B_X1','A_X2','B_X2')"
4425,"XX[X[2,0|0,0],X[1,2|2,0]]",54,"X[2,0|0,0]",51,"X[1,2|2,0]",4,"(6,0,5,6)",4425,"('A_X1','B_X1','A_X2','B_X2')"
4426,"XX[X[2,0|0,0],X[1,2|2,1]]",54,"X[2,0|0,0]",52,"X[1,2|2,1]",4,"(6,0,5,7)",4426,"('A_X1','B_X1','A_X2','B_X2')"
4427,"XX[X[2,0|0,0],X[1,2|2,2]]",54,"X[2,0|0,0]",53,"X[1,2|2,2]",4,"(6,0,5,8)",4427,"('A_X1','B_X1','A_X2','B_X2')"
4428,"XX[X[2,0|0,0],X[2,0|0,0]]",54,"X[2,0|0,0]",54,"X[2,0|0,0]",4,"(6,0,6,0)",4428,"('A_X1','B_X1','A_X2','B_X2')"
4429,"XX[X[2,0|0,0],X[2,0|0,1]]",54,"X[2,0|0,0]",55,"X[2,0|0,1]",4,"(6,0,6,1)",4429,"('A_X1','B_X1','A_X2','B_X2')"
4430,"XX[X[2,0|0,0],X[2,0|0,2]]",54,"X[2,0|0,0]",56,"X[2,0|0,2]",4,"(6,0,6,2)",4430,"('A_X1','B_X1','A_X2','B_X2')"
4431,"XX[X[2,0|0,0],X[2,0|1,0]]",54,"X[2,0|0,0]",57,"X[2,0|1,0]",4,"(6,0,6,3)",4431,"('A_X1','B_X1','A_X2','B_X2')"
4432,"XX[X[2,0|0,0],X[2,0|1,1]]",54,"X[2,0|0,0]",58,"X[2,0|1,1]",4,"(6,0,6,4)",4432,"('A_X1','B_X1','A_X2','B_X2')"
4433,"XX[X[2,0|0,0],X[2,0|1,2]]",54,"X[2,0|0,0]",59,"X[2,0|1,2]",4,"(6,0,6,5)",4433,"('A_X1','B_X1','A_X2','B_X2')"
4434,"XX[X[2,0|0,0],X[2,0|2,0]]",54,"X[2,0|0,0]",60,"X[2,0|2,0]",4,"(6,0,6,6)",4434,"('A_X1','B_X1','A_X2','B_X2')"
4435,"XX[X[2,0|0,0],X[2,0|2,1]]",54,"X[2,0|0,0]",61,"X[2,0|2,1]",4,"(6,0,6,7)",4435,"('A_X1','B_X1','A_X2','B_X2')"
4436,"XX[X[2,0|0,0],X[2,0|2,2]]",54,"X[2,0|0,0]",62,"X[2,0|2,2]",4,"(6,0,6,8)",4436,"('A_X1','B_X1','A_X2','B_X2')"
4437,"XX[X[2,0|0,0],X[2,1|0,0]]",54,"X[2,0|0,0]",63,"X[2,1|0,0]",4,"(6,0,7,0)",4437,"('A_X1','B_X1','A_X2','B_X2')"
4438,"XX[X[2,0|0,0],X[2,1|0,1]]",54,"X[2,0|0,0]",64,"X[2,1|0,1]",4,"(6,0,7,1)",4438,"('A_X1','B_X1','A_X2','B_X2')"
4439,"XX[X[2,0|0,0],X[2,1|0,2]]",54,"X[2,0|0,0]",65,"X[2,1|0,2]",4,"(6,0,7,2)",4439,"('A_X1','B_X1','A_X2','B_X2')"
4440,"XX[X[2,0|0,0],X[2,1|1,0]]",54,"X[2,0|0,0]",66,"X[2,1|1,0]",4,"(6,0,7,3)",4440,"('A_X1','B_X1','A_X2','B_X2')"
4441,"XX[X[2,0|0,0],X[2,1|1,1]]",54,"X[2,0|0,0]",67,"X[2,1|1,1]",4,"(6,0,7,4)",4441,"('A_X1','B_X1','A_X2','B_X2')"
4442,"XX[X[2,0|0,0],X[2,1|1,2]]",54,"X[2,0|0,0]",68,"X[2,1|1,2]",4,"(6,0,7,5)",4442,"('A_X1','B_X1','A_X2','B_X2')"
4443,"XX[X[2,0|0,0],X[2,1|2,0]]",54,"X[2,0|0,0]",69,"X[2,1|2,0]",4,"(6,0,7,6)",4443,"('A_X1','B_X1','A_X2','B_X2')"
4444,"XX[X[2,0|0,0],X[2,1|2,1]]",54,"X[2,0|0,0]",70,"X[2,1|2,1]",4,"(6,0,7,7)",4444,"('A_X1','B_X1','A_X2','B_X2')"
4445,"XX[X[2,0|0,0],X[2,1|2,2]]",54,"X[2,0|0,0]",71,"X[2,1|2,2]",4,"(6,0,7,8)",4445,"('A_X1','B_X1','A_X2','B_X2')"
4446,"XX[X[2,0|0,0],X[2,2|0,0]]",54,"X[2,0|0,0]",72,"X[2,2|0,0]",4,"(6,0,8,0)",4446,"('A_X1','B_X1','A_X2','B_X2')"
4447,"XX[X[2,0|0,0],X[2,2|0,1]]",54,"X[2,0|0,0]",73,"X[2,2|0,1]",4,"(6,0,8,1)",4447,"('A_X1','B_X1','A_X2','B_X2')"
4448,"XX[X[2,0|0,0],X[2,2|0,2]]",54,"X[2,0|0,0]",74,"X[2,2|0,2]",4,"(6,0,8,2)",4448,"('A_X1','B_X1','A_X2','B_X2')"
4449,"XX[X[2,0|0,0],X[2,2|1,0]]",54,"X[2,0|0,0]",75,"X[2,2|1,0]",4,"(6,0,8,3)",4449,"('A_X1','B_X1','A_X2','B_X2')"
4450,"XX[X[2,0|0,0],X[2,2|1,1]]",54,"X[2,0|0,0]",76,"X[2,2|1,1]",4,"(6,0,8,4)",4450,"('A_X1','B_X1','A_X2','B_X2')"
4451,"XX[X[2,0|0,0],X[2,2|1,2]]",54,"X[2,0|0,0]",77,"X[2,2|1,2]",4,"(6,0,8,5)",4451,"('A_X1','B_X1','A_X2','B_X2')"
4452,"XX[X[2,0|0,0],X[2,2|2,0]]",54,"X[2,0|0,0]",78,"X[2,2|2,0]",4,"(6,0,8,6)",4452,"('A_X1','B_X1','A_X2','B_X2')"
4453,"XX[X[2,0|0,0],X[2,2|2,1]]",54,"X[2,0|0,0]",79,"X[2,2|2,1]",4,"(6,0,8,7)",4453,"('A_X1','B_X1','A_X2','B_X2')"
4454,"XX[X[2,0|0,0],X[2,2|2,2]]",54,"X[2,0|0,0]",80,"X[2,2|2,2]",4,"(6,0,8,8)",4454,"('A_X1','B_X1','A_X2','B_X2')"
4455,"XX[X[2,0|0,1],X[0,0|0,0]]",55,"X[2,0|0,1]",0,"X[0,0|0,0]",4,"(6,1,0,0)",4455,"('A_X1','B_X1','A_X2','B_X2')"
4456,"XX[X[2,0|0,1],X[0,0|0,1]]",55,"X[2,0|0,1]",1,"X[0,0|0,1]",4,"(6,1,0,1)",4456,"('A_X1','B_X1','A_X2','B_X2')"
4457,"XX[X[2,0|0,1],X[0,0|0,2]]",55,"X[2,0|0,1]",2,"X[0,0|0,2]",4,"(6,1,0,2)",4457,"('A_X1','B_X1','A_X2','B_X2')"
4458,"XX[X[2,0|0,1],X[0,0|1,0]]",55,"X[2,0|0,1]",3,"X[0,0|1,0]",4,"(6,1,0,3)",4458,"('A_X1','B_X1','A_X2','B_X2')"
4459,"XX[X[2,0|0,1],X[0,0|1,1]]",55,"X[2,0|0,1]",4,"X[0,0|1,1]",4,"(6,1,0,4)",4459,"('A_X1','B_X1','A_X2','B_X2')"
4460,"XX[X[2,0|0,1],X[0,0|1,2]]",55,"X[2,0|0,1]",5,"X[0,0|1,2]",4,"(6,1,0,5)",4460,"('A_X1','B_X1','A_X2','B_X2')"
4461,"XX[X[2,0|0,1],X[0,0|2,0]]",55,"X[2,0|0,1]",6,"X[0,0|2,0]",4,"(6,1,0,6)",4461,"('A_X1','B_X1','A_X2','B_X2')"
4462,"XX[X[2,0|0,1],X[0,0|2,1]]",55,"X[2,0|0,1]",7,"X[0,0|2,1]",4,"(6,1,0,7)",4462,"('A_X1','B_X1','A_X2','B_X2')"
4463,"XX[X[2,0|0,1],X[0,0|2,2]]",55,"X[2,0|0,1]",8,"X[0,0|2,2]",4,"(6,1,0,8)",4463,"('A_X1','B_X1','A_X2','B_X2')"
4464,"XX[X[2,0|0,1],X[0,1|0,0]]",55,"X[2,0|0,1]",9,"X[0,1|0,0]",4,"(6,1,1,0)",4464,"('A_X1','B_X1','A_X2','B_X2')"
4465,"XX[X[2,0|0,1],X[0,1|0,1]]",55,"X[2,0|0,1]",10,"X[0,1|0,1]",4,"(6,1,1,1)",4465,"('A_X1','B_X1','A_X2','B_X2')"
4466,"XX[X[2,0|0,1],X[0,1|0,2]]",55,"X[2,0|0,1]",11,"X[0,1|0,2]",4,"(6,1,1,2)",4466,"('A_X1','B_X1','A_X2','B_X2')"
4467,"XX[X[2,0|0,1],X[0,1|1,0]]",55,"X[2,0|0,1]",12,"X[0,1|1,0]",4,"(6,1,1,3)",4467,"('A_X1','B_X1','A_X2','B_X2')"
4468,"XX[X[2,0|0,1],X[0,1|1,1]]",55,"X[2,0|0,1]",13,"X[0,1|1,1]",4,"(6,1,1,4)",4468,"('A_X1','B_X1','A_X2','B_X2')"
4469,"XX[X[2,0|0,1],X[0,1|1,2]]",55,"X[2,0|0,1]",14,"X[0,1|1,2]",4,"(6,1,1,5)",4469,"('A_X1','B_X1','A_X2','B_X2')"
4470,"XX[X[2,0|0,1],X[0,1|2,0]]",55,"X[2,0|0,1]",15,"X[0,1|2,0]",4,"(6,1,1,6)",4470,"('A_X1','B_X1','A_X2','B_X2')"
4471,"XX[X[2,0|0,1],X[0,1|2,1]]",55,"X[2,0|0,1]",16,"X[0,1|2,1]",4,"(6,1,1,7)",4471,"('A_X1','B_X1','A_X2','B_X2')"
4472,"XX[X[2,0|0,1],X[0,1|2,2]]",55,"X[2,0|0,1]",17,"X[0,1|2,2]",4,"(6,1,1,8)",4472,"('A_X1','B_X1','A_X2','B_X2')"
4473,"XX[X[2,0|0,1],X[0,2|0,0]]",55,"X[2,0|0,1]",18,"X[0,2|0,0]",4,"(6,1,2,0)",4473,"('A_X1','B_X1','A_X2','B_X2')"
4474,"XX[X[2,0|0,1],X[0,2|0,1]]",55,"X[2,0|0,1]",19,"X[0,2|0,1]",4,"(6,1,2,1)",4474,"('A_X1','B_X1','A_X2','B_X2')"
4475,"XX[X[2,0|0,1],X[0,2|0,2]]",55,"X[2,0|0,1]",20,"X[0,2|0,2]",4,"(6,1,2,2)",4475,"('A_X1','B_X1','A_X2','B_X2')"
4476,"XX[X[2,0|0,1],X[0,2|1,0]]",55,"X[2,0|0,1]",21,"X[0,2|1,0]",4,"(6,1,2,3)",4476,"('A_X1','B_X1','A_X2','B_X2')"
4477,"XX[X[2,0|0,1],X[0,2|1,1]]",55,"X[2,0|0,1]",22,"X[0,2|1,1]",4,"(6,1,2,4)",4477,"('A_X1','B_X1','A_X2','B_X2')"
4478,"XX[X[2,0|0,1],X[0,2|1,2]]",55,"X[2,0|0,1]",23,"X[0,2|1,2]",4,"(6,1,2,5)",4478,"('A_X1','B_X1','A_X2','B_X2')"
4479,"XX[X[2,0|0,1],X[0,2|2,0]]",55,"X[2,0|0,1]",24,"X[0,2|2,0]",4,"(6,1,2,6)",4479,"('A_X1','B_X1','A_X2','B_X2')"
4480,"XX[X[2,0|0,1],X[0,2|2,1]]",55,"X[2,0|0,1]",25,"X[0,2|2,1]",4,"(6,1,2,7)",4480,"('A_X1','B_X1','A_X2','B_X2')"
4481,"XX[X[2,0|0,1],X[0,2|2,2]]",55,"X[2,0|0,1]",26,"X[0,2|2,2]",4,"(6,1,2,8)",4481,"('A_X1','B_X1','A_X2','B_X2')"
4482,"XX[X[2,0|0,1],X[1,0|0,0]]",55,"X[2,0|0,1]",27,"X[1,0|0,0]",4,"(6,1,3,0)",4482,"('A_X1','B_X1','A_X2','B_X2')"
4483,"XX[X[2,0|0,1],X[1,0|0,1]]",55,"X[2,0|0,1]",28,"X[1,0|0,1]",4,"(6,1,3,1)",4483,"('A_X1','B_X1','A_X2','B_X2')"
4484,"XX[X[2,0|0,1],X[1,0|0,2]]",55,"X[2,0|0,1]",29,"X[1,0|0,2]",4,"(6,1,3,2)",4484,"('A_X1','B_X1','A_X2','B_X2')"
4485,"XX[X[2,0|0,1],X[1,0|1,0]]",55,"X[2,0|0,1]",30,"X[1,0|1,0]",4,"(6,1,3,3)",4485,"('A_X1','B_X1','A_X2','B_X2')"
4486,"XX[X[2,0|0,1],X[1,0|1,1]]",55,"X[2,0|0,1]",31,"X[1,0|1,1]",4,"(6,1,3,4)",4486,"('A_X1','B_X1','A_X2','B_X2')"
4487,"XX[X[2,0|0,1],X[1,0|1,2]]",55,"X[2,0|0,1]",32,"X[1,0|1,2]",4,"(6,1,3,5)",4487,"('A_X1','B_X1','A_X2','B_X2')"
4488,"XX[X[2,0|0,1],X[1,0|2,0]]",55,"X[2,0|0,1]",33,"X[1,0|2,0]",4,"(6,1,3,6)",4488,"('A_X1','B_X1','A_X2','B_X2')"
4489,"XX[X[2,0|0,1],X[1,0|2,1]]",55,"X[2,0|0,1]",34,"X[1,0|2,1]",4,"(6,1,3,7)",4489,"('A_X1','B_X1','A_X2','B_X2')"
4490,"XX[X[2,0|0,1],X[1,0|2,2]]",55,"X[2,0|0,1]",35,"X[1,0|2,2]",4,"(6,1,3,8)",4490,"('A_X1','B_X1','A_X2','B_X2')"
4491,"XX[X[2,0|0,1],X[1,1|0,0]]",55,"X[2,0|0,1]",36,"X[1,1|0,0]",4,"(6,1,4,0)",4491,"('A_X1','B_X1','A_X2','B_X2')"
4492,"XX[X[2,0|0,1],X[1,1|0,1]]",55,"X[2,0|0,1]",37,"X[1,1|0,1]",4,"(6,1,4,1)",4492,"('A_X1','B_X1','A_X2','B_X2')"
4493,"XX[X[2,0|0,1],X[1,1|0,2]]",55,"X[2,0|0,1]",38,"X[1,1|0,2]",4,"(6,1,4,2)",4493,"('A_X1','B_X1','A_X2','B_X2')"
4494,"XX[X[2,0|0,1],X[1,1|1,0]]",55,"X[2,0|0,1]",39,"X[1,1|1,0]",4,"(6,1,4,3)",4494,"('A_X1','B_X1','A_X2','B_X2')"
4495,"XX[X[2,0|0,1],X[1,1|1,1]]",55,"X[2,0|0,1]",40,"X[1,1|1,1]",4,"(6,1,4,4)",4495,"('A_X1','B_X1','A_X2','B_X2')"
4496,"XX[X[2,0|0,1],X[1,1|1,2]]",55,"X[2,0|0,1]",41,"X[1,1|1,2]",4,"(6,1,4,5)",4496,"('A_X1','B_X1','A_X2','B_X2')"
4497,"XX[X[2,0|0,1],X[1,1|2,0]]",55,"X[2,0|0,1]",42,"X[1,1|2,0]",4,"(6,1,4,6)",4497,"('A_X1','B_X1','A_X2','B_X2')"
4498,"XX[X[2,0|0,1],X[1,1|2,1]]",55,"X[2,0|0,1]",43,"X[1,1|2,1]",4,"(6,1,4,7)",4498,"('A_X1','B_X1','A_X2','B_X2')"
4499,"XX[X[2,0|0,1],X[1,1|2,2]]",55,"X[2,0|0,1]",44,"X[1,1|2,2]",4,"(6,1,4,8)",4499,"('A_X1','B_X1','A_X2','B_X2')"
4500,"XX[X[2,0|0,1],X[1,2|0,0]]",55,"X[2,0|0,1]",45,"X[1,2|0,0]",4,"(6,1,5,0)",4500,"('A_X1','B_X1','A_X2','B_X2')"
4501,"XX[X[2,0|0,1],X[1,2|0,1]]",55,"X[2,0|0,1]",46,"X[1,2|0,1]",4,"(6,1,5,1)",4501,"('A_X1','B_X1','A_X2','B_X2')"
4502,"XX[X[2,0|0,1],X[1,2|0,2]]",55,"X[2,0|0,1]",47,"X[1,2|0,2]",4,"(6,1,5,2)",4502,"('A_X1','B_X1','A_X2','B_X2')"
4503,"XX[X[2,0|0,1],X[1,2|1,0]]",55,"X[2,0|0,1]",48,"X[1,2|1,0]",4,"(6,1,5,3)",4503,"('A_X1','B_X1','A_X2','B_X2')"
4504,"XX[X[2,0|0,1],X[1,2|1,1]]",55,"X[2,0|0,1]",49,"X[1,2|1,1]",4,"(6,1,5,4)",4504,"('A_X1','B_X1','A_X2','B_X2')"
4505,"XX[X[2,0|0,1],X[1,2|1,2]]",55,"X[2,0|0,1]",50,"X[1,2|1,2]",4,"(6,1,5,5)",4505,"('A_X1','B_X1','A_X2','B_X2')"
4506,"XX[X[2,0|0,1],X[1,2|2,0]]",55,"X[2,0|0,1]",51,"X[1,2|2,0]",4,"(6,1,5,6)",4506,"('A_X1','B_X1','A_X2','B_X2')"
4507,"XX[X[2,0|0,1],X[1,2|2,1]]",55,"X[2,0|0,1]",52,"X[1,2|2,1]",4,"(6,1,5,7)",4507,"('A_X1','B_X1','A_X2','B_X2')"
4508,"XX[X[2,0|0,1],X[1,2|2,2]]",55,"X[2,0|0,1]",53,"X[1,2|2,2]",4,"(6,1,5,8)",4508,"('A_X1','B_X1','A_X2','B_X2')"
4509,"XX[X[2,0|0,1],X[2,0|0,0]]",55,"X[2,0|0,1]",54,"X[2,0|0,0]",4,"(6,1,6,0)",4509,"('A_X1','B_X1','A_X2','B_X2')"
4510,"XX[X[2,0|0,1],X[2,0|0,1]]",55,"X[2,0|0,1]",55,"X[2,0|0,1]",4,"(6,1,6,1)",4510,"('A_X1','B_X1','A_X2','B_X2')"
4511,"XX[X[2,0|0,1],X[2,0|0,2]]",55,"X[2,0|0,1]",56,"X[2,0|0,2]",4,"(6,1,6,2)",4511,"('A_X1','B_X1','A_X2','B_X2')"
4512,"XX[X[2,0|0,1],X[2,0|1,0]]",55,"X[2,0|0,1]",57,"X[2,0|1,0]",4,"(6,1,6,3)",4512,"('A_X1','B_X1','A_X2','B_X2')"
4513,"XX[X[2,0|0,1],X[2,0|1,1]]",55,"X[2,0|0,1]",58,"X[2,0|1,1]",4,"(6,1,6,4)",4513,"('A_X1','B_X1','A_X2','B_X2')"
4514,"XX[X[2,0|0,1],X[2,0|1,2]]",55,"X[2,0|0,1]",59,"X[2,0|1,2]",4,"(6,1,6,5)",4514,"('A_X1','B_X1','A_X2','B_X2')"
4515,"XX[X[2,0|0,1],X[2,0|2,0]]",55,"X[2,0|0,1]",60,"X[2,0|2,0]",4,"(6,1,6,6)",4515,"('A_X1','B_X1','A_X2','B_X2')"
4516,"XX[X[2,0|0,1],X[2,0|2,1]]",55,"X[2,0|0,1]",61,"X[2,0|2,1]",4,"(6,1,6,7)",4516,"('A_X1','B_X1','A_X2','B_X2')"
4517,"XX[X[2,0|0,1],X[2,0|2,2]]",55,"X[2,0|0,1]",62,"X[2,0|2,2]",4,"(6,1,6,8)",4517,"('A_X1','B_X1','A_X2','B_X2')"
4518,"XX[X[2,0|0,1],X[2,1|0,0]]",55,"X[2,0|0,1]",63,"X[2,1|0,0]",4,"(6,1,7,0)",4518,"('A_X1','B_X1','A_X2','B_X2')"
4519,"XX[X[2,0|0,1],X[2,1|0,1]]",55,"X[2,0|0,1]",64,"X[2,1|0,1]",4,"(6,1,7,1)",4519,"('A_X1','B_X1','A_X2','B_X2')"
4520,"XX[X[2,0|0,1],X[2,1|0,2]]",55,"X[2,0|0,1]",65,"X[2,1|0,2]",4,"(6,1,7,2)",4520,"('A_X1','B_X1','A_X2','B_X2')"
4521,"XX[X[2,0|0,1],X[2,1|1,0]]",55,"X[2,0|0,1]",66,"X[2,1|1,0]",4,"(6,1,7,3)",4521,"('A_X1','B_X1','A_X2','B_X2')"
4522,"XX[X[2,0|0,1],X[2,1|1,1]]",55,"X[2,0|0,1]",67,"X[2,1|1,1]",4,"(6,1,7,4)",4522,"('A_X1','B_X1','A_X2','B_X2')"
4523,"XX[X[2,0|0,1],X[2,1|1,2]]",55,"X[2,0|0,1]",68,"X[2,1|1,2]",4,"(6,1,7,5)",4523,"('A_X1','B_X1','A_X2','B_X2')"
4524,"XX[X[2,0|0,1],X[2,1|2,0]]",55,"X[2,0|0,1]",69,"X[2,1|2,0]",4,"(6,1,7,6)",4524,"('A_X1','B_X1','A_X2','B_X2')"
4525,"XX[X[2,0|0,1],X[2,1|2,1]]",55,"X[2,0|0,1]",70,"X[2,1|2,1]",4,"(6,1,7,7)",4525,"('A_X1','B_X1','A_X2','B_X2')"
4526,"XX[X[2,0|0,1],X[2,1|2,2]]",55,"X[2,0|0,1]",71,"X[2,1|2,2]",4,"(6,1,7,8)",4526,"('A_X1','B_X1','A_X2','B_X2')"
4527,"XX[X[2,0|0,1],X[2,2|0,0]]",55,"X[2,0|0,1]",72,"X[2,2|0,0]",4,"(6,1,8,0)",4527,"('A_X1','B_X1','A_X2','B_X2')"
4528,"XX[X[2,0|0,1],X[2,2|0,1]]",55,"X[2,0|0,1]",73,"X[2,2|0,1]",4,"(6,1,8,1)",4528,"('A_X1','B_X1','A_X2','B_X2')"
4529,"XX[X[2,0|0,1],X[2,2|0,2]]",55,"X[2,0|0,1]",74,"X[2,2|0,2]",4,"(6,1,8,2)",4529,"('A_X1','B_X1','A_X2','B_X2')"
4530,"XX[X[2,0|0,1],X[2,2|1,0]]",55,"X[2,0|0,1]",75,"X[2,2|1,0]",4,"(6,1,8,3)",4530,"('A_X1','B_X1','A_X2','B_X2')"
4531,"XX[X[2,0|0,1],X[2,2|1,1]]",55,"X[2,0|0,1]",76,"X[2,2|1,1]",4,"(6,1,8,4)",4531,"('A_X1','B_X1','A_X2','B_X2')"
4532,"XX[X[2,0|0,1],X[2,2|1,2]]",55,"X[2,0|0,1]",77,"X[2,2|1,2]",4,"(6,1,8,5)",4532,"('A_X1','B_X1','A_X2','B_X2')"
4533,"XX[X[2,0|0,1],X[2,2|2,0]]",55,"X[2,0|0,1]",78,"X[2,2|2,0]",4,"(6,1,8,6)",4533,"('A_X1','B_X1','A_X2','B_X2')"
4534,"XX[X[2,0|0,1],X[2,2|2,1]]",55,"X[2,0|0,1]",79,"X[2,2|2,1]",4,"(6,1,8,7)",4534,"('A_X1','B_X1','A_X2','B_X2')"
4535,"XX[X[2,0|0,1],X[2,2|2,2]]",55,"X[2,0|0,1]",80,"X[2,2|2,2]",4,"(6,1,8,8)",4535,"('A_X1','B_X1','A_X2','B_X2')"
4536,"XX[X[2,0|0,2],X[0,0|0,0]]",56,"X[2,0|0,2]",0,"X[0,0|0,0]",4,"(6,2,0,0)",4536,"('A_X1','B_X1','A_X2','B_X2')"
4537,"XX[X[2,0|0,2],X[0,0|0,1]]",56,"X[2,0|0,2]",1,"X[0,0|0,1]",4,"(6,2,0,1)",4537,"('A_X1','B_X1','A_X2','B_X2')"
4538,"XX[X[2,0|0,2],X[0,0|0,2]]",56,"X[2,0|0,2]",2,"X[0,0|0,2]",4,"(6,2,0,2)",4538,"('A_X1','B_X1','A_X2','B_X2')"
4539,"XX[X[2,0|0,2],X[0,0|1,0]]",56,"X[2,0|0,2]",3,"X[0,0|1,0]",4,"(6,2,0,3)",4539,"('A_X1','B_X1','A_X2','B_X2')"
4540,"XX[X[2,0|0,2],X[0,0|1,1]]",56,"X[2,0|0,2]",4,"X[0,0|1,1]",4,"(6,2,0,4)",4540,"('A_X1','B_X1','A_X2','B_X2')"
4541,"XX[X[2,0|0,2],X[0,0|1,2]]",56,"X[2,0|0,2]",5,"X[0,0|1,2]",4,"(6,2,0,5)",4541,"('A_X1','B_X1','A_X2','B_X2')"
4542,"XX[X[2,0|0,2],X[0,0|2,0]]",56,"X[2,0|0,2]",6,"X[0,0|2,0]",4,"(6,2,0,6)",4542,"('A_X1','B_X1','A_X2','B_X2')"
4543,"XX[X[2,0|0,2],X[0,0|2,1]]",56,"X[2,0|0,2]",7,"X[0,0|2,1]",4,"(6,2,0,7)",4543,"('A_X1','B_X1','A_X2','B_X2')"
4544,"XX[X[2,0|0,2],X[0,0|2,2]]",56,"X[2,0|0,2]",8,"X[0,0|2,2]",4,"(6,2,0,8)",4544,"('A_X1','B_X1','A_X2','B_X2')"
4545,"XX[X[2,0|0,2],X[0,1|0,0]]",56,"X[2,0|0,2]",9,"X[0,1|0,0]",4,"(6,2,1,0)",4545,"('A_X1','B_X1','A_X2','B_X2')"
4546,"XX[X[2,0|0,2],X[0,1|0,1]]",56,"X[2,0|0,2]",10,"X[0,1|0,1]",4,"(6,2,1,1)",4546,"('A_X1','B_X1','A_X2','B_X2')"
4547,"XX[X[2,0|0,2],X[0,1|0,2]]",56,"X[2,0|0,2]",11,"X[0,1|0,2]",4,"(6,2,1,2)",4547,"('A_X1','B_X1','A_X2','B_X2')"
4548,"XX[X[2,0|0,2],X[0,1|1,0]]",56,"X[2,0|0,2]",12,"X[0,1|1,0]",4,"(6,2,1,3)",4548,"('A_X1','B_X1','A_X2','B_X2')"
4549,"XX[X[2,0|0,2],X[0,1|1,1]]",56,"X[2,0|0,2]",13,"X[0,1|1,1]",4,"(6,2,1,4)",4549,"('A_X1','B_X1','A_X2','B_X2')"
4550,"XX[X[2,0|0,2],X[0,1|1,2]]",56,"X[2,0|0,2]",14,"X[0,1|1,2]",4,"(6,2,1,5)",4550,"('A_X1','B_X1','A_X2','B_X2')"
4551,"XX[X[2,0|0,2],X[0,1|2,0]]",56,"X[2,0|0,2]",15,"X[0,1|2,0]",4,"(6,2,1,6)",4551,"('A_X1','B_X1','A_X2','B_X2')"
4552,"XX[X[2,0|0,2],X[0,1|2,1]]",56,"X[2,0|0,2]",16,"X[0,1|2,1]",4,"(6,2,1,7)",4552,"('A_X1','B_X1','A_X2','B_X2')"
4553,"XX[X[2,0|0,2],X[0,1|2,2]]",56,"X[2,0|0,2]",17,"X[0,1|2,2]",4,"(6,2,1,8)",4553,"('A_X1','B_X1','A_X2','B_X2')"
4554,"XX[X[2,0|0,2],X[0,2|0,0]]",56,"X[2,0|0,2]",18,"X[0,2|0,0]",4,"(6,2,2,0)",4554,"('A_X1','B_X1','A_X2','B_X2')"
4555,"XX[X[2,0|0,2],X[0,2|0,1]]",56,"X[2,0|0,2]",19,"X[0,2|0,1]",4,"(6,2,2,1)",4555,"('A_X1','B_X1','A_X2','B_X2')"
4556,"XX[X[2,0|0,2],X[0,2|0,2]]",56,"X[2,0|0,2]",20,"X[0,2|0,2]",4,"(6,2,2,2)",4556,"('A_X1','B_X1','A_X2','B_X2')"
4557,"XX[X[2,0|0,2],X[0,2|1,0]]",56,"X[2,0|0,2]",21,"X[0,2|1,0]",4,"(6,2,2,3)",4557,"('A_X1','B_X1','A_X2','B_X2')"
4558,"XX[X[2,0|0,2],X[0,2|1,1]]",56,"X[2,0|0,2]",22,"X[0,2|1,1]",4,"(6,2,2,4)",4558,"('A_X1','B_X1','A_X2','B_X2')"
4559,"XX[X[2,0|0,2],X[0,2|1,2]]",56,"X[2,0|0,2]",23,"X[0,2|1,2]",4,"(6,2,2,5)",4559,"('A_X1','B_X1','A_X2','B_X2')"
4560,"XX[X[2,0|0,2],X[0,2|2,0]]",56,"X[2,0|0,2]",24,"X[0,2|2,0]",4,"(6,2,2,6)",4560,"('A_X1','B_X1','A_X2','B_X2')"
4561,"XX[X[2,0|0,2],X[0,2|2,1]]",56,"X[2,0|0,2]",25,"X[0,2|2,1]",4,"(6,2,2,7)",4561,"('A_X1','B_X1','A_X2','B_X2')"
4562,"XX[X[2,0|0,2],X[0,2|2,2]]",56,"X[2,0|0,2]",26,"X[0,2|2,2]",4,"(6,2,2,8)",4562,"('A_X1','B_X1','A_X2','B_X2')"
4563,"XX[X[2,0|0,2],X[1,0|0,0]]",56,"X[2,0|0,2]",27,"X[1,0|0,0]",4,"(6,2,3,0)",4563,"('A_X1','B_X1','A_X2','B_X2')"
4564,"XX[X[2,0|0,2],X[1,0|0,1]]",56,"X[2,0|0,2]",28,"X[1,0|0,1]",4,"(6,2,3,1)",4564,"('A_X1','B_X1','A_X2','B_X2')"
4565,"XX[X[2,0|0,2],X[1,0|0,2]]",56,"X[2,0|0,2]",29,"X[1,0|0,2]",4,"(6,2,3,2)",4565,"('A_X1','B_X1','A_X2','B_X2')"
4566,"XX[X[2,0|0,2],X[1,0|1,0]]",56,"X[2,0|0,2]",30,"X[1,0|1,0]",4,"(6,2,3,3)",4566,"('A_X1','B_X1','A_X2','B_X2')"
4567,"XX[X[2,0|0,2],X[1,0|1,1]]",56,"X[2,0|0,2]",31,"X[1,0|1,1]",4,"(6,2,3,4)",4567,"('A_X1','B_X1','A_X2','B_X2')"
4568,"XX[X[2,0|0,2],X[1,0|1,2]]",56,"X[2,0|0,2]",32,"X[1,0|1,2]",4,"(6,2,3,5)",4568,"('A_X1','B_X1','A_X2','B_X2')"
4569,"XX[X[2,0|0,2],X[1,0|2,0]]",56,"X[2,0|0,2]",33,"X[1,0|2,0]",4,"(6,2,3,6)",4569,"('A_X1','B_X1','A_X2','B_X2')"
4570,"XX[X[2,0|0,2],X[1,0|2,1]]",56,"X[2,0|0,2]",34,"X[1,0|2,1]",4,"(6,2,3,7)",4570,"('A_X1','B_X1','A_X2','B_X2')"
4571,"XX[X[2,0|0,2],X[1,0|2,2]]",56,"X[2,0|0,2]",35,"X[1,0|2,2]",4,"(6,2,3,8)",4571,"('A_X1','B_X1','A_X2','B_X2')"
4572,"XX[X[2,0|0,2],X[1,1|0,0]]",56,"X[2,0|0,2]",36,"X[1,1|0,0]",4,"(6,2,4,0)",4572,"('A_X1','B_X1','A_X2','B_X2')"
4573,"XX[X[2,0|0,2],X[1,1|0,1]]",56,"X[2,0|0,2]",37,"X[1,1|0,1]",4,"(6,2,4,1)",4573,"('A_X1','B_X1','A_X2','B_X2')"
4574,"XX[X[2,0|0,2],X[1,1|0,2]]",56,"X[2,0|0,2]",38,"X[1,1|0,2]",4,"(6,2,4,2)",4574,"('A_X1','B_X1','A_X2','B_X2')"
4575,"XX[X[2,0|0,2],X[1,1|1,0]]",56,"X[2,0|0,2]",39,"X[1,1|1,0]",4,"(6,2,4,3)",4575,"('A_X1','B_X1','A_X2','B_X2')"
4576,"XX[X[2,0|0,2],X[1,1|1,1]]",56,"X[2,0|0,2]",40,"X[1,1|1,1]",4,"(6,2,4,4)",4576,"('A_X1','B_X1','A_X2','B_X2')"
4577,"XX[X[2,0|0,2],X[1,1|1,2]]",56,"X[2,0|0,2]",41,"X[1,1|1,2]",4,"(6,2,4,5)",4577,"('A_X1','B_X1','A_X2','B_X2')"
4578,"XX[X[2,0|0,2],X[1,1|2,0]]",56,"X[2,0|0,2]",42,"X[1,1|2,0]",4,"(6,2,4,6)",4578,"('A_X1','B_X1','A_X2','B_X2')"
4579,"XX[X[2,0|0,2],X[1,1|2,1]]",56,"X[2,0|0,2]",43,"X[1,1|2,1]",4,"(6,2,4,7)",4579,"('A_X1','B_X1','A_X2','B_X2')"
4580,"XX[X[2,0|0,2],X[1,1|2,2]]",56,"X[2,0|0,2]",44,"X[1,1|2,2]",4,"(6,2,4,8)",4580,"('A_X1','B_X1','A_X2','B_X2')"
4581,"XX[X[2,0|0,2],X[1,2|0,0]]",56,"X[2,0|0,2]",45,"X[1,2|0,0]",4,"(6,2,5,0)",4581,"('A_X1','B_X1','A_X2','B_X2')"
4582,"XX[X[2,0|0,2],X[1,2|0,1]]",56,"X[2,0|0,2]",46,"X[1,2|0,1]",4,"(6,2,5,1)",4582,"('A_X1','B_X1','A_X2','B_X2')"
4583,"XX[X[2,0|0,2],X[1,2|0,2]]",56,"X[2,0|0,2]",47,"X[1,2|0,2]",4,"(6,2,5,2)",4583,"('A_X1','B_X1','A_X2','B_X2')"
4584,"XX[X[2,0|0,2],X[1,2|1,0]]",56,"X[2,0|0,2]",48,"X[1,2|1,0]",4,"(6,2,5,3)",4584,"('A_X1','B_X1','A_X2','B_X2')"
4585,"XX[X[2,0|0,2],X[1,2|1,1]]",56,"X[2,0|0,2]",49,"X[1,2|1,1]",4,"(6,2,5,4)",4585,"('A_X1','B_X1','A_X2','B_X2')"
4586,"XX[X[2,0|0,2],X[1,2|1,2]]",56,"X[2,0|0,2]",50,"X[1,2|1,2]",4,"(6,2,5,5)",4586,"('A_X1','B_X1','A_X2','B_X2')"
4587,"XX[X[2,0|0,2],X[1,2|2,0]]",56,"X[2,0|0,2]",51,"X[1,2|2,0]",4,"(6,2,5,6)",4587,"('A_X1','B_X1','A_X2','B_X2')"
4588,"XX[X[2,0|0,2],X[1,2|2,1]]",56,"X[2,0|0,2]",52,"X[1,2|2,1]",4,"(6,2,5,7)",4588,"('A_X1','B_X1','A_X2','B_X2')"
4589,"XX[X[2,0|0,2],X[1,2|2,2]]",56,"X[2,0|0,2]",53,"X[1,2|2,2]",4,"(6,2,5,8)",4589,"('A_X1','B_X1','A_X2','B_X2')"
4590,"XX[X[2,0|0,2],X[2,0|0,0]]",56,"X[2,0|0,2]",54,"X[2,0|0,0]",4,"(6,2,6,0)",4590,"('A_X1','B_X1','A_X2','B_X2')"
4591,"XX[X[2,0|0,2],X[2,0|0,1]]",56,"X[2,0|0,2]",55,"X[2,0|0,1]",4,"(6,2,6,1)",4591,"('A_X1','B_X1','A_X2','B_X2')"
4592,"XX[X[2,0|0,2],X[2,0|0,2]]",56,"X[2,0|0,2]",56,"X[2,0|0,2]",4,"(6,2,6,2)",4592,"('A_X1','B_X1','A_X2','B_X2')"
4593,"XX[X[2,0|0,2],X[2,0|1,0]]",56,"X[2,0|0,2]",57,"X[2,0|1,0]",4,"(6,2,6,3)",4593,"('A_X1','B_X1','A_X2','B_X2')"
4594,"XX[X[2,0|0,2],X[2,0|1,1]]",56,"X[2,0|0,2]",58,"X[2,0|1,1]",4,"(6,2,6,4)",4594,"('A_X1','B_X1','A_X2','B_X2')"
4595,"XX[X[2,0|0,2],X[2,0|1,2]]",56,"X[2,0|0,2]",59,"X[2,0|1,2]",4,"(6,2,6,5)",4595,"('A_X1','B_X1','A_X2','B_X2')"
4596,"XX[X[2,0|0,2],X[2,0|2,0]]",56,"X[2,0|0,2]",60,"X[2,0|2,0]",4,"(6,2,6,6)",4596,"('A_X1','B_X1','A_X2','B_X2')"
4597,"XX[X[2,0|0,2],X[2,0|2,1]]",56,"X[2,0|0,2]",61,"X[2,0|2,1]",4,"(6,2,6,7)",4597,"('A_X1','B_X1','A_X2','B_X2')"
4598,"XX[X[2,0|0,2],X[2,0|2,2]]",56,"X[2,0|0,2]",62,"X[2,0|2,2]",4,"(6,2,6,8)",4598,"('A_X1','B_X1','A_X2','B_X2')"
4599,"XX[X[2,0|0,2],X[2,1|0,0]]",56,"X[2,0|0,2]",63,"X[2,1|0,0]",4,"(6,2,7,0)",4599,"('A_X1','B_X1','A_X2','B_X2')"
4600,"XX[X[2,0|0,2],X[2,1|0,1]]",56,"X[2,0|0,2]",64,"X[2,1|0,1]",4,"(6,2,7,1)",4600,"('A_X1','B_X1','A_X2','B_X2')"
4601,"XX[X[2,0|0,2],X[2,1|0,2]]",56,"X[2,0|0,2]",65,"X[2,1|0,2]",4,"(6,2,7,2)",4601,"('A_X1','B_X1','A_X2','B_X2')"
4602,"XX[X[2,0|0,2],X[2,1|1,0]]",56,"X[2,0|0,2]",66,"X[2,1|1,0]",4,"(6,2,7,3)",4602,"('A_X1','B_X1','A_X2','B_X2')"
4603,"XX[X[2,0|0,2],X[2,1|1,1]]",56,"X[2,0|0,2]",67,"X[2,1|1,1]",4,"(6,2,7,4)",4603,"('A_X1','B_X1','A_X2','B_X2')"
4604,"XX[X[2,0|0,2],X[2,1|1,2]]",56,"X[2,0|0,2]",68,"X[2,1|1,2]",4,"(6,2,7,5)",4604,"('A_X1','B_X1','A_X2','B_X2')"
4605,"XX[X[2,0|0,2],X[2,1|2,0]]",56,"X[2,0|0,2]",69,"X[2,1|2,0]",4,"(6,2,7,6)",4605,"('A_X1','B_X1','A_X2','B_X2')"
4606,"XX[X[2,0|0,2],X[2,1|2,1]]",56,"X[2,0|0,2]",70,"X[2,1|2,1]",4,"(6,2,7,7)",4606,"('A_X1','B_X1','A_X2','B_X2')"
4607,"XX[X[2,0|0,2],X[2,1|2,2]]",56,"X[2,0|0,2]",71,"X[2,1|2,2]",4,"(6,2,7,8)",4607,"('A_X1','B_X1','A_X2','B_X2')"
4608,"XX[X[2,0|0,2],X[2,2|0,0]]",56,"X[2,0|0,2]",72,"X[2,2|0,0]",4,"(6,2,8,0)",4608,"('A_X1','B_X1','A_X2','B_X2')"
4609,"XX[X[2,0|0,2],X[2,2|0,1]]",56,"X[2,0|0,2]",73,"X[2,2|0,1]",4,"(6,2,8,1)",4609,"('A_X1','B_X1','A_X2','B_X2')"
4610,"XX[X[2,0|0,2],X[2,2|0,2]]",56,"X[2,0|0,2]",74,"X[2,2|0,2]",4,"(6,2,8,2)",4610,"('A_X1','B_X1','A_X2','B_X2')"
4611,"XX[X[2,0|0,2],X[2,2|1,0]]",56,"X[2,0|0,2]",75,"X[2,2|1,0]",4,"(6,2,8,3)",4611,"('A_X1','B_X1','A_X2','B_X2')"
4612,"XX[X[2,0|0,2],X[2,2|1,1]]",56,"X[2,0|0,2]",76,"X[2,2|1,1]",4,"(6,2,8,4)",4612,"('A_X1','B_X1','A_X2','B_X2')"
4613,"XX[X[2,0|0,2],X[2,2|1,2]]",56,"X[2,0|0,2]",77,"X[2,2|1,2]",4,"(6,2,8,5)",4613,"('A_X1','B_X1','A_X2','B_X2')"
4614,"XX[X[2,0|0,2],X[2,2|2,0]]",56,"X[2,0|0,2]",78,"X[2,2|2,0]",4,"(6,2,8,6)",4614,"('A_X1','B_X1','A_X2','B_X2')"
4615,"XX[X[2,0|0,2],X[2,2|2,1]]",56,"X[2,0|0,2]",79,"X[2,2|2,1]",4,"(6,2,8,7)",4615,"('A_X1','B_X1','A_X2','B_X2')"
4616,"XX[X[2,0|0,2],X[2,2|2,2]]",56,"X[2,0|0,2]",80,"X[2,2|2,2]",4,"(6,2,8,8)",4616,"('A_X1','B_X1','A_X2','B_X2')"
4617,"XX[X[2,0|1,0],X[0,0|0,0]]",57,"X[2,0|1,0]",0,"X[0,0|0,0]",4,"(6,3,0,0)",4617,"('A_X1','B_X1','A_X2','B_X2')"
4618,"XX[X[2,0|1,0],X[0,0|0,1]]",57,"X[2,0|1,0]",1,"X[0,0|0,1]",4,"(6,3,0,1)",4618,"('A_X1','B_X1','A_X2','B_X2')"
4619,"XX[X[2,0|1,0],X[0,0|0,2]]",57,"X[2,0|1,0]",2,"X[0,0|0,2]",4,"(6,3,0,2)",4619,"('A_X1','B_X1','A_X2','B_X2')"
4620,"XX[X[2,0|1,0],X[0,0|1,0]]",57,"X[2,0|1,0]",3,"X[0,0|1,0]",4,"(6,3,0,3)",4620,"('A_X1','B_X1','A_X2','B_X2')"
4621,"XX[X[2,0|1,0],X[0,0|1,1]]",57,"X[2,0|1,0]",4,"X[0,0|1,1]",4,"(6,3,0,4)",4621,"('A_X1','B_X1','A_X2','B_X2')"
4622,"XX[X[2,0|1,0],X[0,0|1,2]]",57,"X[2,0|1,0]",5,"X[0,0|1,2]",4,"(6,3,0,5)",4622,"('A_X1','B_X1','A_X2','B_X2')"
4623,"XX[X[2,0|1,0],X[0,0|2,0]]",57,"X[2,0|1,0]",6,"X[0,0|2,0]",4,"(6,3,0,6)",4623,"('A_X1','B_X1','A_X2','B_X2')"
4624,"XX[X[2,0|1,0],X[0,0|2,1]]",57,"X[2,0|1,0]",7,"X[0,0|2,1]",4,"(6,3,0,7)",4624,"('A_X1','B_X1','A_X2','B_X2')"
4625,"XX[X[2,0|1,0],X[0,0|2,2]]",57,"X[2,0|1,0]",8,"X[0,0|2,2]",4,"(6,3,0,8)",4625,"('A_X1','B_X1','A_X2','B_X2')"
4626,"XX[X[2,0|1,0],X[0,1|0,0]]",57,"X[2,0|1,0]",9,"X[0,1|0,0]",4,"(6,3,1,0)",4626,"('A_X1','B_X1','A_X2','B_X2')"
4627,"XX[X[2,0|1,0],X[0,1|0,1]]",57,"X[2,0|1,0]",10,"X[0,1|0,1]",4,"(6,3,1,1)",4627,"('A_X1','B_X1','A_X2','B_X2')"
4628,"XX[X[2,0|1,0],X[0,1|0,2]]",57,"X[2,0|1,0]",11,"X[0,1|0,2]",4,"(6,3,1,2)",4628,"('A_X1','B_X1','A_X2','B_X2')"
4629,"XX[X[2,0|1,0],X[0,1|1,0]]",57,"X[2,0|1,0]",12,"X[0,1|1,0]",4,"(6,3,1,3)",4629,"('A_X1','B_X1','A_X2','B_X2')"
4630,"XX[X[2,0|1,0],X[0,1|1,1]]",57,"X[2,0|1,0]",13,"X[0,1|1,1]",4,"(6,3,1,4)",4630,"('A_X1','B_X1','A_X2','B_X2')"
4631,"XX[X[2,0|1,0],X[0,1|1,2]]",57,"X[2,0|1,0]",14,"X[0,1|1,2]",4,"(6,3,1,5)",4631,"('A_X1','B_X1','A_X2','B_X2')"
4632,"XX[X[2,0|1,0],X[0,1|2,0]]",57,"X[2,0|1,0]",15,"X[0,1|2,0]",4,"(6,3,1,6)",4632,"('A_X1','B_X1','A_X2','B_X2')"
4633,"XX[X[2,0|1,0],X[0,1|2,1]]",57,"X[2,0|1,0]",16,"X[0,1|2,1]",4,"(6,3,1,7)",4633,"('A_X1','B_X1','A_X2','B_X2')"
4634,"XX[X[2,0|1,0],X[0,1|2,2]]",57,"X[2,0|1,0]",17,"X[0,1|2,2]",4,"(6,3,1,8)",4634,"('A_X1','B_X1','A_X2','B_X2')"
4635,"XX[X[2,0|1,0],X[0,2|0,0]]",57,"X[2,0|1,0]",18,"X[0,2|0,0]",4,"(6,3,2,0)",4635,"('A_X1','B_X1','A_X2','B_X2')"
4636,"XX[X[2,0|1,0],X[0,2|0,1]]",57,"X[2,0|1,0]",19,"X[0,2|0,1]",4,"(6,3,2,1)",4636,"('A_X1','B_X1','A_X2','B_X2')"
4637,"XX[X[2,0|1,0],X[0,2|0,2]]",57,"X[2,0|1,0]",20,"X[0,2|0,2]",4,"(6,3,2,2)",4637,"('A_X1','B_X1','A_X2','B_X2')"
4638,"XX[X[2,0|1,0],X[0,2|1,0]]",57,"X[2,0|1,0]",21,"X[0,2|1,0]",4,"(6,3,2,3)",4638,"('A_X1','B_X1','A_X2','B_X2')"
4639,"XX[X[2,0|1,0],X[0,2|1,1]]",57,"X[2,0|1,0]",22,"X[0,2|1,1]",4,"(6,3,2,4)",4639,"('A_X1','B_X1','A_X2','B_X2')"
4640,"XX[X[2,0|1,0],X[0,2|1,2]]",57,"X[2,0|1,0]",23,"X[0,2|1,2]",4,"(6,3,2,5)",4640,"('A_X1','B_X1','A_X2','B_X2')"
4641,"XX[X[2,0|1,0],X[0,2|2,0]]",57,"X[2,0|1,0]",24,"X[0,2|2,0]",4,"(6,3,2,6)",4641,"('A_X1','B_X1','A_X2','B_X2')"
4642,"XX[X[2,0|1,0],X[0,2|2,1]]",57,"X[2,0|1,0]",25,"X[0,2|2,1]",4,"(6,3,2,7)",4642,"('A_X1','B_X1','A_X2','B_X2')"
4643,"XX[X[2,0|1,0],X[0,2|2,2]]",57,"X[2,0|1,0]",26,"X[0,2|2,2]",4,"(6,3,2,8)",4643,"('A_X1','B_X1','A_X2','B_X2')"
4644,"XX[X[2,0|1,0],X[1,0|0,0]]",57,"X[2,0|1,0]",27,"X[1,0|0,0]",4,"(6,3,3,0)",4644,"('A_X1','B_X1','A_X2','B_X2')"
4645,"XX[X[2,0|1,0],X[1,0|0,1]]",57,"X[2,0|1,0]",28,"X[1,0|0,1]",4,"(6,3,3,1)",4645,"('A_X1','B_X1','A_X2','B_X2')"
4646,"XX[X[2,0|1,0],X[1,0|0,2]]",57,"X[2,0|1,0]",29,"X[1,0|0,2]",4,"(6,3,3,2)",4646,"('A_X1','B_X1','A_X2','B_X2')"
4647,"XX[X[2,0|1,0],X[1,0|1,0]]",57,"X[2,0|1,0]",30,"X[1,0|1,0]",4,"(6,3,3,3)",4647,"('A_X1','B_X1','A_X2','B_X2')"
4648,"XX[X[2,0|1,0],X[1,0|1,1]]",57,"X[2,0|1,0]",31,"X[1,0|1,1]",4,"(6,3,3,4)",4648,"('A_X1','B_X1','A_X2','B_X2')"
4649,"XX[X[2,0|1,0],X[1,0|1,2]]",57,"X[2,0|1,0]",32,"X[1,0|1,2]",4,"(6,3,3,5)",4649,"('A_X1','B_X1','A_X2','B_X2')"
4650,"XX[X[2,0|1,0],X[1,0|2,0]]",57,"X[2,0|1,0]",33,"X[1,0|2,0]",4,"(6,3,3,6)",4650,"('A_X1','B_X1','A_X2','B_X2')"
4651,"XX[X[2,0|1,0],X[1,0|2,1]]",57,"X[2,0|1,0]",34,"X[1,0|2,1]",4,"(6,3,3,7)",4651,"('A_X1','B_X1','A_X2','B_X2')"
4652,"XX[X[2,0|1,0],X[1,0|2,2]]",57,"X[2,0|1,0]",35,"X[1,0|2,2]",4,"(6,3,3,8)",4652,"('A_X1','B_X1','A_X2','B_X2')"
4653,"XX[X[2,0|1,0],X[1,1|0,0]]",57,"X[2,0|1,0]",36,"X[1,1|0,0]",4,"(6,3,4,0)",4653,"('A_X1','B_X1','A_X2','B_X2')"
4654,"XX[X[2,0|1,0],X[1,1|0,1]]",57,"X[2,0|1,0]",37,"X[1,1|0,1]",4,"(6,3,4,1)",4654,"('A_X1','B_X1','A_X2','B_X2')"
4655,"XX[X[2,0|1,0],X[1,1|0,2]]",57,"X[2,0|1,0]",38,"X[1,1|0,2]",4,"(6,3,4,2)",4655,"('A_X1','B_X1','A_X2','B_X2')"
4656,"XX[X[2,0|1,0],X[1,1|1,0]]",57,"X[2,0|1,0]",39,"X[1,1|1,0]",4,"(6,3,4,3)",4656,"('A_X1','B_X1','A_X2','B_X2')"
4657,"XX[X[2,0|1,0],X[1,1|1,1]]",57,"X[2,0|1,0]",40,"X[1,1|1,1]",4,"(6,3,4,4)",4657,"('A_X1','B_X1','A_X2','B_X2')"
4658,"XX[X[2,0|1,0],X[1,1|1,2]]",57,"X[2,0|1,0]",41,"X[1,1|1,2]",4,"(6,3,4,5)",4658,"('A_X1','B_X1','A_X2','B_X2')"
4659,"XX[X[2,0|1,0],X[1,1|2,0]]",57,"X[2,0|1,0]",42,"X[1,1|2,0]",4,"(6,3,4,6)",4659,"('A_X1','B_X1','A_X2','B_X2')"
4660,"XX[X[2,0|1,0],X[1,1|2,1]]",57,"X[2,0|1,0]",43,"X[1,1|2,1]",4,"(6,3,4,7)",4660,"('A_X1','B_X1','A_X2','B_X2')"
4661,"XX[X[2,0|1,0],X[1,1|2,2]]",57,"X[2,0|1,0]",44,"X[1,1|2,2]",4,"(6,3,4,8)",4661,"('A_X1','B_X1','A_X2','B_X2')"
4662,"XX[X[2,0|1,0],X[1,2|0,0]]",57,"X[2,0|1,0]",45,"X[1,2|0,0]",4,"(6,3,5,0)",4662,"('A_X1','B_X1','A_X2','B_X2')"
4663,"XX[X[2,0|1,0],X[1,2|0,1]]",57,"X[2,0|1,0]",46,"X[1,2|0,1]",4,"(6,3,5,1)",4663,"('A_X1','B_X1','A_X2','B_X2')"
4664,"XX[X[2,0|1,0],X[1,2|0,2]]",57,"X[2,0|1,0]",47,"X[1,2|0,2]",4,"(6,3,5,2)",4664,"('A_X1','B_X1','A_X2','B_X2')"
4665,"XX[X[2,0|1,0],X[1,2|1,0]]",57,"X[2,0|1,0]",48,"X[1,2|1,0]",4,"(6,3,5,3)",4665,"('A_X1','B_X1','A_X2','B_X2')"
4666,"XX[X[2,0|1,0],X[1,2|1,1]]",57,"X[2,0|1,0]",49,"X[1,2|1,1]",4,"(6,3,5,4)",4666,"('A_X1','B_X1','A_X2','B_X2')"
4667,"XX[X[2,0|1,0],X[1,2|1,2]]",57,"X[2,0|1,0]",50,"X[1,2|1,2]",4,"(6,3,5,5)",4667,"('A_X1','B_X1','A_X2','B_X2')"
4668,"XX[X[2,0|1,0],X[1,2|2,0]]",57,"X[2,0|1,0]",51,"X[1,2|2,0]",4,"(6,3,5,6)",4668,"('A_X1','B_X1','A_X2','B_X2')"
4669,"XX[X[2,0|1,0],X[1,2|2,1]]",57,"X[2,0|1,0]",52,"X[1,2|2,1]",4,"(6,3,5,7)",4669,"('A_X1','B_X1','A_X2','B_X2')"
4670,"XX[X[2,0|1,0],X[1,2|2,2]]",57,"X[2,0|1,0]",53,"X[1,2|2,2]",4,"(6,3,5,8)",4670,"('A_X1','B_X1','A_X2','B_X2')"
4671,"XX[X[2,0|1,0],X[2,0|0,0]]",57,"X[2,0|1,0]",54,"X[2,0|0,0]",4,"(6,3,6,0)",4671,"('A_X1','B_X1','A_X2','B_X2')"
4672,"XX[X[2,0|1,0],X[2,0|0,1]]",57,"X[2,0|1,0]",55,"X[2,0|0,1]",4,"(6,3,6,1)",4672,"('A_X1','B_X1','A_X2','B_X2')"
4673,"XX[X[2,0|1,0],X[2,0|0,2]]",57,"X[2,0|1,0]",56,"X[2,0|0,2]",4,"(6,3,6,2)",4673,"('A_X1','B_X1','A_X2','B_X2')"
4674,"XX[X[2,0|1,0],X[2,0|1,0]]",57,"X[2,0|1,0]",57,"X[2,0|1,0]",4,"(6,3,6,3)",4674,"('A_X1','B_X1','A_X2','B_X2')"
4675,"XX[X[2,0|1,0],X[2,0|1,1]]",57,"X[2,0|1,0]",58,"X[2,0|1,1]",4,"(6,3,6,4)",4675,"('A_X1','B_X1','A_X2','B_X2')"
4676,"XX[X[2,0|1,0],X[2,0|1,2]]",57,"X[2,0|1,0]",59,"X[2,0|1,2]",4,"(6,3,6,5)",4676,"('A_X1','B_X1','A_X2','B_X2')"
4677,"XX[X[2,0|1,0],X[2,0|2,0]]",57,"X[2,0|1,0]",60,"X[2,0|2,0]",4,"(6,3,6,6)",4677,"('A_X1','B_X1','A_X2','B_X2')"
4678,"XX[X[2,0|1,0],X[2,0|2,1]]",57,"X[2,0|1,0]",61,"X[2,0|2,1]",4,"(6,3,6,7)",4678,"('A_X1','B_X1','A_X2','B_X2')"
4679,"XX[X[2,0|1,0],X[2,0|2,2]]",57,"X[2,0|1,0]",62,"X[2,0|2,2]",4,"(6,3,6,8)",4679,"('A_X1','B_X1','A_X2','B_X2')"
4680,"XX[X[2,0|1,0],X[2,1|0,0]]",57,"X[2,0|1,0]",63,"X[2,1|0,0]",4,"(6,3,7,0)",4680,"('A_X1','B_X1','A_X2','B_X2')"
4681,"XX[X[2,0|1,0],X[2,1|0,1]]",57,"X[2,0|1,0]",64,"X[2,1|0,1]",4,"(6,3,7,1)",4681,"('A_X1','B_X1','A_X2','B_X2')"
4682,"XX[X[2,0|1,0],X[2,1|0,2]]",57,"X[2,0|1,0]",65,"X[2,1|0,2]",4,"(6,3,7,2)",4682,"('A_X1','B_X1','A_X2','B_X2')"
4683,"XX[X[2,0|1,0],X[2,1|1,0]]",57,"X[2,0|1,0]",66,"X[2,1|1,0]",4,"(6,3,7,3)",4683,"('A_X1','B_X1','A_X2','B_X2')"
4684,"XX[X[2,0|1,0],X[2,1|1,1]]",57,"X[2,0|1,0]",67,"X[2,1|1,1]",4,"(6,3,7,4)",4684,"('A_X1','B_X1','A_X2','B_X2')"
4685,"XX[X[2,0|1,0],X[2,1|1,2]]",57,"X[2,0|1,0]",68,"X[2,1|1,2]",4,"(6,3,7,5)",4685,"('A_X1','B_X1','A_X2','B_X2')"
4686,"XX[X[2,0|1,0],X[2,1|2,0]]",57,"X[2,0|1,0]",69,"X[2,1|2,0]",4,"(6,3,7,6)",4686,"('A_X1','B_X1','A_X2','B_X2')"
4687,"XX[X[2,0|1,0],X[2,1|2,1]]",57,"X[2,0|1,0]",70,"X[2,1|2,1]",4,"(6,3,7,7)",4687,"('A_X1','B_X1','A_X2','B_X2')"
4688,"XX[X[2,0|1,0],X[2,1|2,2]]",57,"X[2,0|1,0]",71,"X[2,1|2,2]",4,"(6,3,7,8)",4688,"('A_X1','B_X1','A_X2','B_X2')"
4689,"XX[X[2,0|1,0],X[2,2|0,0]]",57,"X[2,0|1,0]",72,"X[2,2|0,0]",4,"(6,3,8,0)",4689,"('A_X1','B_X1','A_X2','B_X2')"
4690,"XX[X[2,0|1,0],X[2,2|0,1]]",57,"X[2,0|1,0]",73,"X[2,2|0,1]",4,"(6,3,8,1)",4690,"('A_X1','B_X1','A_X2','B_X2')"
4691,"XX[X[2,0|1,0],X[2,2|0,2]]",57,"X[2,0|1,0]",74,"X[2,2|0,2]",4,"(6,3,8,2)",4691,"('A_X1','B_X1','A_X2','B_X2')"
4692,"XX[X[2,0|1,0],X[2,2|1,0]]",57,"X[2,0|1,0]",75,"X[2,2|1,0]",4,"(6,3,8,3)",4692,"('A_X1','B_X1','A_X2','B_X2')"
4693,"XX[X[2,0|1,0],X[2,2|1,1]]",57,"X[2,0|1,0]",76,"X[2,2|1,1]",4,"(6,3,8,4)",4693,"('A_X1','B_X1','A_X2','B_X2')"
4694,"XX[X[2,0|1,0],X[2,2|1,2]]",57,"X[2,0|1,0]",77,"X[2,2|1,2]",4,"(6,3,8,5)",4694,"('A_X1','B_X1','A_X2','B_X2')"
4695,"XX[X[2,0|1,0],X[2,2|2,0]]",57,"X[2,0|1,0]",78,"X[2,2|2,0]",4,"(6,3,8,6)",4695,"('A_X1','B_X1','A_X2','B_X2')"
4696,"XX[X[2,0|1,0],X[2,2|2,1]]",57,"X[2,0|1,0]",79,"X[2,2|2,1]",4,"(6,3,8,7)",4696,"('A_X1','B_X1','A_X2','B_X2')"
4697,"XX[X[2,0|1,0],X[2,2|2,2]]",57,"X[2,0|1,0]",80,"X[2,2|2,2]",4,"(6,3,8,8)",4697,"('A_X1','B_X1','A_X2','B_X2')"
4698,"XX[X[2,0|1,1],X[0,0|0,0]]",58,"X[2,0|1,1]",0,"X[0,0|0,0]",4,"(6,4,0,0)",4698,"('A_X1','B_X1','A_X2','B_X2')"
4699,"XX[X[2,0|1,1],X[0,0|0,1]]",58,"X[2,0|1,1]",1,"X[0,0|0,1]",4,"(6,4,0,1)",4699,"('A_X1','B_X1','A_X2','B_X2')"
4700,"XX[X[2,0|1,1],X[0,0|0,2]]",58,"X[2,0|1,1]",2,"X[0,0|0,2]",4,"(6,4,0,2)",4700,"('A_X1','B_X1','A_X2','B_X2')"
4701,"XX[X[2,0|1,1],X[0,0|1,0]]",58,"X[2,0|1,1]",3,"X[0,0|1,0]",4,"(6,4,0,3)",4701,"('A_X1','B_X1','A_X2','B_X2')"
4702,"XX[X[2,0|1,1],X[0,0|1,1]]",58,"X[2,0|1,1]",4,"X[0,0|1,1]",4,"(6,4,0,4)",4702,"('A_X1','B_X1','A_X2','B_X2')"
4703,"XX[X[2,0|1,1],X[0,0|1,2]]",58,"X[2,0|1,1]",5,"X[0,0|1,2]",4,"(6,4,0,5)",4703,"('A_X1','B_X1','A_X2','B_X2')"
4704,"XX[X[2,0|1,1],X[0,0|2,0]]",58,"X[2,0|1,1]",6,"X[0,0|2,0]",4,"(6,4,0,6)",4704,"('A_X1','B_X1','A_X2','B_X2')"
4705,"XX[X[2,0|1,1],X[0,0|2,1]]",58,"X[2,0|1,1]",7,"X[0,0|2,1]",4,"(6,4,0,7)",4705,"('A_X1','B_X1','A_X2','B_X2')"
4706,"XX[X[2,0|1,1],X[0,0|2,2]]",58,"X[2,0|1,1]",8,"X[0,0|2,2]",4,"(6,4,0,8)",4706,"('A_X1','B_X1','A_X2','B_X2')"
4707,"XX[X[2,0|1,1],X[0,1|0,0]]",58,"X[2,0|1,1]",9,"X[0,1|0,0]",4,"(6,4,1,0)",4707,"('A_X1','B_X1','A_X2','B_X2')"
4708,"XX[X[2,0|1,1],X[0,1|0,1]]",58,"X[2,0|1,1]",10,"X[0,1|0,1]",4,"(6,4,1,1)",4708,"('A_X1','B_X1','A_X2','B_X2')"
4709,"XX[X[2,0|1,1],X[0,1|0,2]]",58,"X[2,0|1,1]",11,"X[0,1|0,2]",4,"(6,4,1,2)",4709,"('A_X1','B_X1','A_X2','B_X2')"
4710,"XX[X[2,0|1,1],X[0,1|1,0]]",58,"X[2,0|1,1]",12,"X[0,1|1,0]",4,"(6,4,1,3)",4710,"('A_X1','B_X1','A_X2','B_X2')"
4711,"XX[X[2,0|1,1],X[0,1|1,1]]",58,"X[2,0|1,1]",13,"X[0,1|1,1]",4,"(6,4,1,4)",4711,"('A_X1','B_X1','A_X2','B_X2')"
4712,"XX[X[2,0|1,1],X[0,1|1,2]]",58,"X[2,0|1,1]",14,"X[0,1|1,2]",4,"(6,4,1,5)",4712,"('A_X1','B_X1','A_X2','B_X2')"
4713,"XX[X[2,0|1,1],X[0,1|2,0]]",58,"X[2,0|1,1]",15,"X[0,1|2,0]",4,"(6,4,1,6)",4713,"('A_X1','B_X1','A_X2','B_X2')"
4714,"XX[X[2,0|1,1],X[0,1|2,1]]",58,"X[2,0|1,1]",16,"X[0,1|2,1]",4,"(6,4,1,7)",4714,"('A_X1','B_X1','A_X2','B_X2')"
4715,"XX[X[2,0|1,1],X[0,1|2,2]]",58,"X[2,0|1,1]",17,"X[0,1|2,2]",4,"(6,4,1,8)",4715,"('A_X1','B_X1','A_X2','B_X2')"
4716,"XX[X[2,0|1,1],X[0,2|0,0]]",58,"X[2,0|1,1]",18,"X[0,2|0,0]",4,"(6,4,2,0)",4716,"('A_X1','B_X1','A_X2','B_X2')"
4717,"XX[X[2,0|1,1],X[0,2|0,1]]",58,"X[2,0|1,1]",19,"X[0,2|0,1]",4,"(6,4,2,1)",4717,"('A_X1','B_X1','A_X2','B_X2')"
4718,"XX[X[2,0|1,1],X[0,2|0,2]]",58,"X[2,0|1,1]",20,"X[0,2|0,2]",4,"(6,4,2,2)",4718,"('A_X1','B_X1','A_X2','B_X2')"
4719,"XX[X[2,0|1,1],X[0,2|1,0]]",58,"X[2,0|1,1]",21,"X[0,2|1,0]",4,"(6,4,2,3)",4719,"('A_X1','B_X1','A_X2','B_X2')"
4720,"XX[X[2,0|1,1],X[0,2|1,1]]",58,"X[2,0|1,1]",22,"X[0,2|1,1]",4,"(6,4,2,4)",4720,"('A_X1','B_X1','A_X2','B_X2')"
4721,"XX[X[2,0|1,1],X[0,2|1,2]]",58,"X[2,0|1,1]",23,"X[0,2|1,2]",4,"(6,4,2,5)",4721,"('A_X1','B_X1','A_X2','B_X2')"
4722,"XX[X[2,0|1,1],X[0,2|2,0]]",58,"X[2,0|1,1]",24,"X[0,2|2,0]",4,"(6,4,2,6)",4722,"('A_X1','B_X1','A_X2','B_X2')"
4723,"XX[X[2,0|1,1],X[0,2|2,1]]",58,"X[2,0|1,1]",25,"X[0,2|2,1]",4,"(6,4,2,7)",4723,"('A_X1','B_X1','A_X2','B_X2')"
4724,"XX[X[2,0|1,1],X[0,2|2,2]]",58,"X[2,0|1,1]",26,"X[0,2|2,2]",4,"(6,4,2,8)",4724,"('A_X1','B_X1','A_X2','B_X2')"
4725,"XX[X[2,0|1,1],X[1,0|0,0]]",58,"X[2,0|1,1]",27,"X[1,0|0,0]",4,"(6,4,3,0)",4725,"('A_X1','B_X1','A_X2','B_X2')"
4726,"XX[X[2,0|1,1],X[1,0|0,1]]",58,"X[2,0|1,1]",28,"X[1,0|0,1]",4,"(6,4,3,1)",4726,"('A_X1','B_X1','A_X2','B_X2')"
4727,"XX[X[2,0|1,1],X[1,0|0,2]]",58,"X[2,0|1,1]",29,"X[1,0|0,2]",4,"(6,4,3,2)",4727,"('A_X1','B_X1','A_X2','B_X2')"
4728,"XX[X[2,0|1,1],X[1,0|1,0]]",58,"X[2,0|1,1]",30,"X[1,0|1,0]",4,"(6,4,3,3)",4728,"('A_X1','B_X1','A_X2','B_X2')"
4729,"XX[X[2,0|1,1],X[1,0|1,1]]",58,"X[2,0|1,1]",31,"X[1,0|1,1]",4,"(6,4,3,4)",4729,"('A_X1','B_X1','A_X2','B_X2')"
4730,"XX[X[2,0|1,1],X[1,0|1,2]]",58,"X[2,0|1,1]",32,"X[1,0|1,2]",4,"(6,4,3,5)",4730,"('A_X1','B_X1','A_X2','B_X2')"
4731,"XX[X[2,0|1,1],X[1,0|2,0]]",58,"X[2,0|1,1]",33,"X[1,0|2,0]",4,"(6,4,3,6)",4731,"('A_X1','B_X1','A_X2','B_X2')"
4732,"XX[X[2,0|1,1],X[1,0|2,1]]",58,"X[2,0|1,1]",34,"X[1,0|2,1]",4,"(6,4,3,7)",4732,"('A_X1','B_X1','A_X2','B_X2')"
4733,"XX[X[2,0|1,1],X[1,0|2,2]]",58,"X[2,0|1,1]",35,"X[1,0|2,2]",4,"(6,4,3,8)",4733,"('A_X1','B_X1','A_X2','B_X2')"
4734,"XX[X[2,0|1,1],X[1,1|0,0]]",58,"X[2,0|1,1]",36,"X[1,1|0,0]",4,"(6,4,4,0)",4734,"('A_X1','B_X1','A_X2','B_X2')"
4735,"XX[X[2,0|1,1],X[1,1|0,1]]",58,"X[2,0|1,1]",37,"X[1,1|0,1]",4,"(6,4,4,1)",4735,"('A_X1','B_X1','A_X2','B_X2')"
4736,"XX[X[2,0|1,1],X[1,1|0,2]]",58,"X[2,0|1,1]",38,"X[1,1|0,2]",4,"(6,4,4,2)",4736,"('A_X1','B_X1','A_X2','B_X2')"
4737,"XX[X[2,0|1,1],X[1,1|1,0]]",58,"X[2,0|1,1]",39,"X[1,1|1,0]",4,"(6,4,4,3)",4737,"('A_X1','B_X1','A_X2','B_X2')"
4738,"XX[X[2,0|1,1],X[1,1|1,1]]",58,"X[2,0|1,1]",40,"X[1,1|1,1]",4,"(6,4,4,4)",4738,"('A_X1','B_X1','A_X2','B_X2')"
4739,"XX[X[2,0|1,1],X[1,1|1,2]]",58,"X[2,0|1,1]",41,"X[1,1|1,2]",4,"(6,4,4,5)",4739,"('A_X1','B_X1','A_X2','B_X2')"
4740,"XX[X[2,0|1,1],X[1,1|2,0]]",58,"X[2,0|1,1]",42,"X[1,1|2,0]",4,"(6,4,4,6)",4740,"('A_X1','B_X1','A_X2','B_X2')"
4741,"XX[X[2,0|1,1],X[1,1|2,1]]",58,"X[2,0|1,1]",43,"X[1,1|2,1]",4,"(6,4,4,7)",4741,"('A_X1','B_X1','A_X2','B_X2')"
4742,"XX[X[2,0|1,1],X[1,1|2,2]]",58,"X[2,0|1,1]",44,"X[1,1|2,2]",4,"(6,4,4,8)",4742,"('A_X1','B_X1','A_X2','B_X2')"
4743,"XX[X[2,0|1,1],X[1,2|0,0]]",58,"X[2,0|1,1]",45,"X[1,2|0,0]",4,"(6,4,5,0)",4743,"('A_X1','B_X1','A_X2','B_X2')"
4744,"XX[X[2,0|1,1],X[1,2|0,1]]",58,"X[2,0|1,1]",46,"X[1,2|0,1]",4,"(6,4,5,1)",4744,"('A_X1','B_X1','A_X2','B_X2')"
4745,"XX[X[2,0|1,1],X[1,2|0,2]]",58,"X[2,0|1,1]",47,"X[1,2|0,2]",4,"(6,4,5,2)",4745,"('A_X1','B_X1','A_X2','B_X2')"
4746,"XX[X[2,0|1,1],X[1,2|1,0]]",58,"X[2,0|1,1]",48,"X[1,2|1,0]",4,"(6,4,5,3)",4746,"('A_X1','B_X1','A_X2','B_X2')"
4747,"XX[X[2,0|1,1],X[1,2|1,1]]",58,"X[2,0|1,1]",49,"X[1,2|1,1]",4,"(6,4,5,4)",4747,"('A_X1','B_X1','A_X2','B_X2')"
4748,"XX[X[2,0|1,1],X[1,2|1,2]]",58,"X[2,0|1,1]",50,"X[1,2|1,2]",4,"(6,4,5,5)",4748,"('A_X1','B_X1','A_X2','B_X2')"
4749,"XX[X[2,0|1,1],X[1,2|2,0]]",58,"X[2,0|1,1]",51,"X[1,2|2,0]",4,"(6,4,5,6)",4749,"('A_X1','B_X1','A_X2','B_X2')"
4750,"XX[X[2,0|1,1],X[1,2|2,1]]",58,"X[2,0|1,1]",52,"X[1,2|2,1]",4,"(6,4,5,7)",4750,"('A_X1','B_X1','A_X2','B_X2')"
4751,"XX[X[2,0|1,1],X[1,2|2,2]]",58,"X[2,0|1,1]",53,"X[1,2|2,2]",4,"(6,4,5,8)",4751,"('A_X1','B_X1','A_X2','B_X2')"
4752,"XX[X[2,0|1,1],X[2,0|0,0]]",58,"X[2,0|1,1]",54,"X[2,0|0,0]",4,"(6,4,6,0)",4752,"('A_X1','B_X1','A_X2','B_X2')"
4753,"XX[X[2,0|1,1],X[2,0|0,1]]",58,"X[2,0|1,1]",55,"X[2,0|0,1]",4,"(6,4,6,1)",4753,"('A_X1','B_X1','A_X2','B_X2')"
4754,"XX[X[2,0|1,1],X[2,0|0,2]]",58,"X[2,0|1,1]",56,"X[2,0|0,2]",4,"(6,4,6,2)",4754,"('A_X1','B_X1','A_X2','B_X2')"
4755,"XX[X[2,0|1,1],X[2,0|1,0]]",58,"X[2,0|1,1]",57,"X[2,0|1,0]",4,"(6,4,6,3)",4755,"('A_X1','B_X1','A_X2','B_X2')"
4756,"XX[X[2,0|1,1],X[2,0|1,1]]",58,"X[2,0|1,1]",58,"X[2,0|1,1]",4,"(6,4,6,4)",4756,"('A_X1','B_X1','A_X2','B_X2')"
4757,"XX[X[2,0|1,1],X[2,0|1,2]]",58,"X[2,0|1,1]",59,"X[2,0|1,2]",4,"(6,4,6,5)",4757,"('A_X1','B_X1','A_X2','B_X2')"
4758,"XX[X[2,0|1,1],X[2,0|2,0]]",58,"X[2,0|1,1]",60,"X[2,0|2,0]",4,"(6,4,6,6)",4758,"('A_X1','B_X1','A_X2','B_X2')"
4759,"XX[X[2,0|1,1],X[2,0|2,1]]",58,"X[2,0|1,1]",61,"X[2,0|2,1]",4,"(6,4,6,7)",4759,"('A_X1','B_X1','A_X2','B_X2')"
4760,"XX[X[2,0|1,1],X[2,0|2,2]]",58,"X[2,0|1,1]",62,"X[2,0|2,2]",4,"(6,4,6,8)",4760,"('A_X1','B_X1','A_X2','B_X2')"
4761,"XX[X[2,0|1,1],X[2,1|0,0]]",58,"X[2,0|1,1]",63,"X[2,1|0,0]",4,"(6,4,7,0)",4761,"('A_X1','B_X1','A_X2','B_X2')"
4762,"XX[X[2,0|1,1],X[2,1|0,1]]",58,"X[2,0|1,1]",64,"X[2,1|0,1]",4,"(6,4,7,1)",4762,"('A_X1','B_X1','A_X2','B_X2')"
4763,"XX[X[2,0|1,1],X[2,1|0,2]]",58,"X[2,0|1,1]",65,"X[2,1|0,2]",4,"(6,4,7,2)",4763,"('A_X1','B_X1','A_X2','B_X2')"
4764,"XX[X[2,0|1,1],X[2,1|1,0]]",58,"X[2,0|1,1]",66,"X[2,1|1,0]",4,"(6,4,7,3)",4764,"('A_X1','B_X1','A_X2','B_X2')"
4765,"XX[X[2,0|1,1],X[2,1|1,1]]",58,"X[2,0|1,1]",67,"X[2,1|1,1]",4,"(6,4,7,4)",4765,"('A_X1','B_X1','A_X2','B_X2')"
4766,"XX[X[2,0|1,1],X[2,1|1,2]]",58,"X[2,0|1,1]",68,"X[2,1|1,2]",4,"(6,4,7,5)",4766,"('A_X1','B_X1','A_X2','B_X2')"
4767,"XX[X[2,0|1,1],X[2,1|2,0]]",58,"X[2,0|1,1]",69,"X[2,1|2,0]",4,"(6,4,7,6)",4767,"('A_X1','B_X1','A_X2','B_X2')"
4768,"XX[X[2,0|1,1],X[2,1|2,1]]",58,"X[2,0|1,1]",70,"X[2,1|2,1]",4,"(6,4,7,7)",4768,"('A_X1','B_X1','A_X2','B_X2')"
4769,"XX[X[2,0|1,1],X[2,1|2,2]]",58,"X[2,0|1,1]",71,"X[2,1|2,2]",4,"(6,4,7,8)",4769,"('A_X1','B_X1','A_X2','B_X2')"
4770,"XX[X[2,0|1,1],X[2,2|0,0]]",58,"X[2,0|1,1]",72,"X[2,2|0,0]",4,"(6,4,8,0)",4770,"('A_X1','B_X1','A_X2','B_X2')"
4771,"XX[X[2,0|1,1],X[2,2|0,1]]",58,"X[2,0|1,1]",73,"X[2,2|0,1]",4,"(6,4,8,1)",4771,"('A_X1','B_X1','A_X2','B_X2')"
4772,"XX[X[2,0|1,1],X[2,2|0,2]]",58,"X[2,0|1,1]",74,"X[2,2|0,2]",4,"(6,4,8,2)",4772,"('A_X1','B_X1','A_X2','B_X2')"
4773,"XX[X[2,0|1,1],X[2,2|1,0]]",58,"X[2,0|1,1]",75,"X[2,2|1,0]",4,"(6,4,8,3)",4773,"('A_X1','B_X1','A_X2','B_X2')"
4774,"XX[X[2,0|1,1],X[2,2|1,1]]",58,"X[2,0|1,1]",76,"X[2,2|1,1]",4,"(6,4,8,4)",4774,"('A_X1','B_X1','A_X2','B_X2')"
4775,"XX[X[2,0|1,1],X[2,2|1,2]]",58,"X[2,0|1,1]",77,"X[2,2|1,2]",4,"(6,4,8,5)",4775,"('A_X1','B_X1','A_X2','B_X2')"
4776,"XX[X[2,0|1,1],X[2,2|2,0]]",58,"X[2,0|1,1]",78,"X[2,2|2,0]",4,"(6,4,8,6)",4776,"('A_X1','B_X1','A_X2','B_X2')"
4777,"XX[X[2,0|1,1],X[2,2|2,1]]",58,"X[2,0|1,1]",79,"X[2,2|2,1]",4,"(6,4,8,7)",4777,"('A_X1','B_X1','A_X2','B_X2')"
4778,"XX[X[2,0|1,1],X[2,2|2,2]]",58,"X[2,0|1,1]",80,"X[2,2|2,2]",4,"(6,4,8,8)",4778,"('A_X1','B_X1','A_X2','B_X2')"
4779,"XX[X[2,0|1,2],X[0,0|0,0]]",59,"X[2,0|1,2]",0,"X[0,0|0,0]",4,"(6,5,0,0)",4779,"('A_X1','B_X1','A_X2','B_X2')"
4780,"XX[X[2,0|1,2],X[0,0|0,1]]",59,"X[2,0|1,2]",1,"X[0,0|0,1]",4,"(6,5,0,1)",4780,"('A_X1','B_X1','A_X2','B_X2')"
4781,"XX[X[2,0|1,2],X[0,0|0,2]]",59,"X[2,0|1,2]",2,"X[0,0|0,2]",4,"(6,5,0,2)",4781,"('A_X1','B_X1','A_X2','B_X2')"
4782,"XX[X[2,0|1,2],X[0,0|1,0]]",59,"X[2,0|1,2]",3,"X[0,0|1,0]",4,"(6,5,0,3)",4782,"('A_X1','B_X1','A_X2','B_X2')"
4783,"XX[X[2,0|1,2],X[0,0|1,1]]",59,"X[2,0|1,2]",4,"X[0,0|1,1]",4,"(6,5,0,4)",4783,"('A_X1','B_X1','A_X2','B_X2')"
4784,"XX[X[2,0|1,2],X[0,0|1,2]]",59,"X[2,0|1,2]",5,"X[0,0|1,2]",4,"(6,5,0,5)",4784,"('A_X1','B_X1','A_X2','B_X2')"
4785,"XX[X[2,0|1,2],X[0,0|2,0]]",59,"X[2,0|1,2]",6,"X[0,0|2,0]",4,"(6,5,0,6)",4785,"('A_X1','B_X1','A_X2','B_X2')"
4786,"XX[X[2,0|1,2],X[0,0|2,1]]",59,"X[2,0|1,2]",7,"X[0,0|2,1]",4,"(6,5,0,7)",4786,"('A_X1','B_X1','A_X2','B_X2')"
4787,"XX[X[2,0|1,2],X[0,0|2,2]]",59,"X[2,0|1,2]",8,"X[0,0|2,2]",4,"(6,5,0,8)",4787,"('A_X1','B_X1','A_X2','B_X2')"
4788,"XX[X[2,0|1,2],X[0,1|0,0]]",59,"X[2,0|1,2]",9,"X[0,1|0,0]",4,"(6,5,1,0)",4788,"('A_X1','B_X1','A_X2','B_X2')"
4789,"XX[X[2,0|1,2],X[0,1|0,1]]",59,"X[2,0|1,2]",10,"X[0,1|0,1]",4,"(6,5,1,1)",4789,"('A_X1','B_X1','A_X2','B_X2')"
4790,"XX[X[2,0|1,2],X[0,1|0,2]]",59,"X[2,0|1,2]",11,"X[0,1|0,2]",4,"(6,5,1,2)",4790,"('A_X1','B_X1','A_X2','B_X2')"
4791,"XX[X[2,0|1,2],X[0,1|1,0]]",59,"X[2,0|1,2]",12,"X[0,1|1,0]",4,"(6,5,1,3)",4791,"('A_X1','B_X1','A_X2','B_X2')"
4792,"XX[X[2,0|1,2],X[0,1|1,1]]",59,"X[2,0|1,2]",13,"X[0,1|1,1]",4,"(6,5,1,4)",4792,"('A_X1','B_X1','A_X2','B_X2')"
4793,"XX[X[2,0|1,2],X[0,1|1,2]]",59,"X[2,0|1,2]",14,"X[0,1|1,2]",4,"(6,5,1,5)",4793,"('A_X1','B_X1','A_X2','B_X2')"
4794,"XX[X[2,0|1,2],X[0,1|2,0]]",59,"X[2,0|1,2]",15,"X[0,1|2,0]",4,"(6,5,1,6)",4794,"('A_X1','B_X1','A_X2','B_X2')"
4795,"XX[X[2,0|1,2],X[0,1|2,1]]",59,"X[2,0|1,2]",16,"X[0,1|2,1]",4,"(6,5,1,7)",4795,"('A_X1','B_X1','A_X2','B_X2')"
4796,"XX[X[2,0|1,2],X[0,1|2,2]]",59,"X[2,0|1,2]",17,"X[0,1|2,2]",4,"(6,5,1,8)",4796,"('A_X1','B_X1','A_X2','B_X2')"
4797,"XX[X[2,0|1,2],X[0,2|0,0]]",59,"X[2,0|1,2]",18,"X[0,2|0,0]",4,"(6,5,2,0)",4797,"('A_X1','B_X1','A_X2','B_X2')"
4798,"XX[X[2,0|1,2],X[0,2|0,1]]",59,"X[2,0|1,2]",19,"X[0,2|0,1]",4,"(6,5,2,1)",4798,"('A_X1','B_X1','A_X2','B_X2')"
4799,"XX[X[2,0|1,2],X[0,2|0,2]]",59,"X[2,0|1,2]",20,"X[0,2|0,2]",4,"(6,5,2,2)",4799,"('A_X1','B_X1','A_X2','B_X2')"
4800,"XX[X[2,0|1,2],X[0,2|1,0]]",59,"X[2,0|1,2]",21,"X[0,2|1,0]",4,"(6,5,2,3)",4800,"('A_X1','B_X1','A_X2','B_X2')"
4801,"XX[X[2,0|1,2],X[0,2|1,1]]",59,"X[2,0|1,2]",22,"X[0,2|1,1]",4,"(6,5,2,4)",4801,"('A_X1','B_X1','A_X2','B_X2')"
4802,"XX[X[2,0|1,2],X[0,2|1,2]]",59,"X[2,0|1,2]",23,"X[0,2|1,2]",4,"(6,5,2,5)",4802,"('A_X1','B_X1','A_X2','B_X2')"
4803,"XX[X[2,0|1,2],X[0,2|2,0]]",59,"X[2,0|1,2]",24,"X[0,2|2,0]",4,"(6,5,2,6)",4803,"('A_X1','B_X1','A_X2','B_X2')"
4804,"XX[X[2,0|1,2],X[0,2|2,1]]",59,"X[2,0|1,2]",25,"X[0,2|2,1]",4,"(6,5,2,7)",4804,"('A_X1','B_X1','A_X2','B_X2')"
4805,"XX[X[2,0|1,2],X[0,2|2,2]]",59,"X[2,0|1,2]",26,"X[0,2|2,2]",4,"(6,5,2,8)",4805,"('A_X1','B_X1','A_X2','B_X2')"
4806,"XX[X[2,0|1,2],X[1,0|0,0]]",59,"X[2,0|1,2]",27,"X[1,0|0,0]",4,"(6,5,3,0)",4806,"('A_X1','B_X1','A_X2','B_X2')"
4807,"XX[X[2,0|1,2],X[1,0|0,1]]",59,"X[2,0|1,2]",28,"X[1,0|0,1]",4,"(6,5,3,1)",4807,"('A_X1','B_X1','A_X2','B_X2')"
4808,"XX[X[2,0|1,2],X[1,0|0,2]]",59,"X[2,0|1,2]",29,"X[1,0|0,2]",4,"(6,5,3,2)",4808,"('A_X1','B_X1','A_X2','B_X2')"
4809,"XX[X[2,0|1,2],X[1,0|1,0]]",59,"X[2,0|1,2]",30,"X[1,0|1,0]",4,"(6,5,3,3)",4809,"('A_X1','B_X1','A_X2','B_X2')"
4810,"XX[X[2,0|1,2],X[1,0|1,1]]",59,"X[2,0|1,2]",31,"X[1,0|1,1]",4,"(6,5,3,4)",4810,"('A_X1','B_X1','A_X2','B_X2')"
4811,"XX[X[2,0|1,2],X[1,0|1,2]]",59,"X[2,0|1,2]",32,"X[1,0|1,2]",4,"(6,5,3,5)",4811,"('A_X1','B_X1','A_X2','B_X2')"
4812,"XX[X[2,0|1,2],X[1,0|2,0]]",59,"X[2,0|1,2]",33,"X[1,0|2,0]",4,"(6,5,3,6)",4812,"('A_X1','B_X1','A_X2','B_X2')"
4813,"XX[X[2,0|1,2],X[1,0|2,1]]",59,"X[2,0|1,2]",34,"X[1,0|2,1]",4,"(6,5,3,7)",4813,"('A_X1','B_X1','A_X2','B_X2')"
4814,"XX[X[2,0|1,2],X[1,0|2,2]]",59,"X[2,0|1,2]",35,"X[1,0|2,2]",4,"(6,5,3,8)",4814,"('A_X1','B_X1','A_X2','B_X2')"
4815,"XX[X[2,0|1,2],X[1,1|0,0]]",59,"X[2,0|1,2]",36,"X[1,1|0,0]",4,"(6,5,4,0)",4815,"('A_X1','B_X1','A_X2','B_X2')"
4816,"XX[X[2,0|1,2],X[1,1|0,1]]",59,"X[2,0|1,2]",37,"X[1,1|0,1]",4,"(6,5,4,1)",4816,"('A_X1','B_X1','A_X2','B_X2')"
4817,"XX[X[2,0|1,2],X[1,1|0,2]]",59,"X[2,0|1,2]",38,"X[1,1|0,2]",4,"(6,5,4,2)",4817,"('A_X1','B_X1','A_X2','B_X2')"
4818,"XX[X[2,0|1,2],X[1,1|1,0]]",59,"X[2,0|1,2]",39,"X[1,1|1,0]",4,"(6,5,4,3)",4818,"('A_X1','B_X1','A_X2','B_X2')"
4819,"XX[X[2,0|1,2],X[1,1|1,1]]",59,"X[2,0|1,2]",40,"X[1,1|1,1]",4,"(6,5,4,4)",4819,"('A_X1','B_X1','A_X2','B_X2')"
4820,"XX[X[2,0|1,2],X[1,1|1,2]]",59,"X[2,0|1,2]",41,"X[1,1|1,2]",4,"(6,5,4,5)",4820,"('A_X1','B_X1','A_X2','B_X2')"
4821,"XX[X[2,0|1,2],X[1,1|2,0]]",59,"X[2,0|1,2]",42,"X[1,1|2,0]",4,"(6,5,4,6)",4821,"('A_X1','B_X1','A_X2','B_X2')"
4822,"XX[X[2,0|1,2],X[1,1|2,1]]",59,"X[2,0|1,2]",43,"X[1,1|2,1]",4,"(6,5,4,7)",4822,"('A_X1','B_X1','A_X2','B_X2')"
4823,"XX[X[2,0|1,2],X[1,1|2,2]]",59,"X[2,0|1,2]",44,"X[1,1|2,2]",4,"(6,5,4,8)",4823,"('A_X1','B_X1','A_X2','B_X2')"
4824,"XX[X[2,0|1,2],X[1,2|0,0]]",59,"X[2,0|1,2]",45,"X[1,2|0,0]",4,"(6,5,5,0)",4824,"('A_X1','B_X1','A_X2','B_X2')"
4825,"XX[X[2,0|1,2],X[1,2|0,1]]",59,"X[2,0|1,2]",46,"X[1,2|0,1]",4,"(6,5,5,1)",4825,"('A_X1','B_X1','A_X2','B_X2')"
4826,"XX[X[2,0|1,2],X[1,2|0,2]]",59,"X[2,0|1,2]",47,"X[1,2|0,2]",4,"(6,5,5,2)",4826,"('A_X1','B_X1','A_X2','B_X2')"
4827,"XX[X[2,0|1,2],X[1,2|1,0]]",59,"X[2,0|1,2]",48,"X[1,2|1,0]",4,"(6,5,5,3)",4827,"('A_X1','B_X1','A_X2','B_X2')"
4828,"XX[X[2,0|1,2],X[1,2|1,1]]",59,"X[2,0|1,2]",49,"X[1,2|1,1]",4,"(6,5,5,4)",4828,"('A_X1','B_X1','A_X2','B_X2')"
4829,"XX[X[2,0|1,2],X[1,2|1,2]]",59,"X[2,0|1,2]",50,"X[1,2|1,2]",4,"(6,5,5,5)",4829,"('A_X1','B_X1','A_X2','B_X2')"
4830,"XX[X[2,0|1,2],X[1,2|2,0]]",59,"X[2,0|1,2]",51,"X[1,2|2,0]",4,"(6,5,5,6)",4830,"('A_X1','B_X1','A_X2','B_X2')"
4831,"XX[X[2,0|1,2],X[1,2|2,1]]",59,"X[2,0|1,2]",52,"X[1,2|2,1]",4,"(6,5,5,7)",4831,"('A_X1','B_X1','A_X2','B_X2')"
4832,"XX[X[2,0|1,2],X[1,2|2,2]]",59,"X[2,0|1,2]",53,"X[1,2|2,2]",4,"(6,5,5,8)",4832,"('A_X1','B_X1','A_X2','B_X2')"
4833,"XX[X[2,0|1,2],X[2,0|0,0]]",59,"X[2,0|1,2]",54,"X[2,0|0,0]",4,"(6,5,6,0)",4833,"('A_X1','B_X1','A_X2','B_X2')"
4834,"XX[X[2,0|1,2],X[2,0|0,1]]",59,"X[2,0|1,2]",55,"X[2,0|0,1]",4,"(6,5,6,1)",4834,"('A_X1','B_X1','A_X2','B_X2')"
4835,"XX[X[2,0|1,2],X[2,0|0,2]]",59,"X[2,0|1,2]",56,"X[2,0|0,2]",4,"(6,5,6,2)",4835,"('A_X1','B_X1','A_X2','B_X2')"
4836,"XX[X[2,0|1,2],X[2,0|1,0]]",59,"X[2,0|1,2]",57,"X[2,0|1,0]",4,"(6,5,6,3)",4836,"('A_X1','B_X1','A_X2','B_X2')"
4837,"XX[X[2,0|1,2],X[2,0|1,1]]",59,"X[2,0|1,2]",58,"X[2,0|1,1]",4,"(6,5,6,4)",4837,"('A_X1','B_X1','A_X2','B_X2')"
4838,"XX[X[2,0|1,2],X[2,0|1,2]]",59,"X[2,0|1,2]",59,"X[2,0|1,2]",4,"(6,5,6,5)",4838,"('A_X1','B_X1','A_X2','B_X2')"
4839,"XX[X[2,0|1,2],X[2,0|2,0]]",59,"X[2,0|1,2]",60,"X[2,0|2,0]",4,"(6,5,6,6)",4839,"('A_X1','B_X1','A_X2','B_X2')"
4840,"XX[X[2,0|1,2],X[2,0|2,1]]",59,"X[2,0|1,2]",61,"X[2,0|2,1]",4,"(6,5,6,7)",4840,"('A_X1','B_X1','A_X2','B_X2')"
4841,"XX[X[2,0|1,2],X[2,0|2,2]]",59,"X[2,0|1,2]",62,"X[2,0|2,2]",4,"(6,5,6,8)",4841,"('A_X1','B_X1','A_X2','B_X2')"
4842,"XX[X[2,0|1,2],X[2,1|0,0]]",59,"X[2,0|1,2]",63,"X[2,1|0,0]",4,"(6,5,7,0)",4842,"('A_X1','B_X1','A_X2','B_X2')"
4843,"XX[X[2,0|1,2],X[2,1|0,1]]",59,"X[2,0|1,2]",64,"X[2,1|0,1]",4,"(6,5,7,1)",4843,"('A_X1','B_X1','A_X2','B_X2')"
4844,"XX[X[2,0|1,2],X[2,1|0,2]]",59,"X[2,0|1,2]",65,"X[2,1|0,2]",4,"(6,5,7,2)",4844,"('A_X1','B_X1','A_X2','B_X2')"
4845,"XX[X[2,0|1,2],X[2,1|1,0]]",59,"X[2,0|1,2]",66,"X[2,1|1,0]",4,"(6,5,7,3)",4845,"('A_X1','B_X1','A_X2','B_X2')"
4846,"XX[X[2,0|1,2],X[2,1|1,1]]",59,"X[2,0|1,2]",67,"X[2,1|1,1]",4,"(6,5,7,4)",4846,"('A_X1','B_X1','A_X2','B_X2')"
4847,"XX[X[2,0|1,2],X[2,1|1,2]]",59,"X[2,0|1,2]",68,"X[2,1|1,2]",4,"(6,5,7,5)",4847,"('A_X1','B_X1','A_X2','B_X2')"
4848,"XX[X[2,0|1,2],X[2,1|2,0]]",59,"X[2,0|1,2]",69,"X[2,1|2,0]",4,"(6,5,7,6)",4848,"('A_X1','B_X1','A_X2','B_X2')"
4849,"XX[X[2,0|1,2],X[2,1|2,1]]",59,"X[2,0|1,2]",70,"X[2,1|2,1]",4,"(6,5,7,7)",4849,"('A_X1','B_X1','A_X2','B_X2')"
4850,"XX[X[2,0|1,2],X[2,1|2,2]]",59,"X[2,0|1,2]",71,"X[2,1|2,2]",4,"(6,5,7,8)",4850,"('A_X1','B_X1','A_X2','B_X2')"
4851,"XX[X[2,0|1,2],X[2,2|0,0]]",59,"X[2,0|1,2]",72,"X[2,2|0,0]",4,"(6,5,8,0)",4851,"('A_X1','B_X1','A_X2','B_X2')"
4852,"XX[X[2,0|1,2],X[2,2|0,1]]",59,"X[2,0|1,2]",73,"X[2,2|0,1]",4,"(6,5,8,1)",4852,"('A_X1','B_X1','A_X2','B_X2')"
4853,"XX[X[2,0|1,2],X[2,2|0,2]]",59,"X[2,0|1,2]",74,"X[2,2|0,2]",4,"(6,5,8,2)",4853,"('A_X1','B_X1','A_X2','B_X2')"
4854,"XX[X[2,0|1,2],X[2,2|1,0]]",59,"X[2,0|1,2]",75,"X[2,2|1,0]",4,"(6,5,8,3)",4854,"('A_X1','B_X1','A_X2','B_X2')"
4855,"XX[X[2,0|1,2],X[2,2|1,1]]",59,"X[2,0|1,2]",76,"X[2,2|1,1]",4,"(6,5,8,4)",4855,"('A_X1','B_X1','A_X2','B_X2')"
4856,"XX[X[2,0|1,2],X[2,2|1,2]]",59,"X[2,0|1,2]",77,"X[2,2|1,2]",4,"(6,5,8,5)",4856,"('A_X1','B_X1','A_X2','B_X2')"
4857,"XX[X[2,0|1,2],X[2,2|2,0]]",59,"X[2,0|1,2]",78,"X[2,2|2,0]",4,"(6,5,8,6)",4857,"('A_X1','B_X1','A_X2','B_X2')"
4858,"XX[X[2,0|1,2],X[2,2|2,1]]",59,"X[2,0|1,2]",79,"X[2,2|2,1]",4,"(6,5,8,7)",4858,"('A_X1','B_X1','A_X2','B_X2')"
4859,"XX[X[2,0|1,2],X[2,2|2,2]]",59,"X[2,0|1,2]",80,"X[2,2|2,2]",4,"(6,5,8,8)",4859,"('A_X1','B_X1','A_X2','B_X2')"
4860,"XX[X[2,0|2,0],X[0,0|0,0]]",60,"X[2,0|2,0]",0,"X[0,0|0,0]",4,"(6,6,0,0)",4860,"('A_X1','B_X1','A_X2','B_X2')"
4861,"XX[X[2,0|2,0],X[0,0|0,1]]",60,"X[2,0|2,0]",1,"X[0,0|0,1]",4,"(6,6,0,1)",4861,"('A_X1','B_X1','A_X2','B_X2')"
4862,"XX[X[2,0|2,0],X[0,0|0,2]]",60,"X[2,0|2,0]",2,"X[0,0|0,2]",4,"(6,6,0,2)",4862,"('A_X1','B_X1','A_X2','B_X2')"
4863,"XX[X[2,0|2,0],X[0,0|1,0]]",60,"X[2,0|2,0]",3,"X[0,0|1,0]",4,"(6,6,0,3)",4863,"('A_X1','B_X1','A_X2','B_X2')"
4864,"XX[X[2,0|2,0],X[0,0|1,1]]",60,"X[2,0|2,0]",4,"X[0,0|1,1]",4,"(6,6,0,4)",4864,"('A_X1','B_X1','A_X2','B_X2')"
4865,"XX[X[2,0|2,0],X[0,0|1,2]]",60,"X[2,0|2,0]",5,"X[0,0|1,2]",4,"(6,6,0,5)",4865,"('A_X1','B_X1','A_X2','B_X2')"
4866,"XX[X[2,0|2,0],X[0,0|2,0]]",60,"X[2,0|2,0]",6,"X[0,0|2,0]",4,"(6,6,0,6)",4866,"('A_X1','B_X1','A_X2','B_X2')"
4867,"XX[X[2,0|2,0],X[0,0|2,1]]",60,"X[2,0|2,0]",7,"X[0,0|2,1]",4,"(6,6,0,7)",4867,"('A_X1','B_X1','A_X2','B_X2')"
4868,"XX[X[2,0|2,0],X[0,0|2,2]]",60,"X[2,0|2,0]",8,"X[0,0|2,2]",4,"(6,6,0,8)",4868,"('A_X1','B_X1','A_X2','B_X2')"
4869,"XX[X[2,0|2,0],X[0,1|0,0]]",60,"X[2,0|2,0]",9,"X[0,1|0,0]",4,"(6,6,1,0)",4869,"('A_X1','B_X1','A_X2','B_X2')"
4870,"XX[X[2,0|2,0],X[0,1|0,1]]",60,"X[2,0|2,0]",10,"X[0,1|0,1]",4,"(6,6,1,1)",4870,"('A_X1','B_X1','A_X2','B_X2')"
4871,"XX[X[2,0|2,0],X[0,1|0,2]]",60,"X[2,0|2,0]",11,"X[0,1|0,2]",4,"(6,6,1,2)",4871,"('A_X1','B_X1','A_X2','B_X2')"
4872,"XX[X[2,0|2,0],X[0,1|1,0]]",60,"X[2,0|2,0]",12,"X[0,1|1,0]",4,"(6,6,1,3)",4872,"('A_X1','B_X1','A_X2','B_X2')"
4873,"XX[X[2,0|2,0],X[0,1|1,1]]",60,"X[2,0|2,0]",13,"X[0,1|1,1]",4,"(6,6,1,4)",4873,"('A_X1','B_X1','A_X2','B_X2')"
4874,"XX[X[2,0|2,0],X[0,1|1,2]]",60,"X[2,0|2,0]",14,"X[0,1|1,2]",4,"(6,6,1,5)",4874,"('A_X1','B_X1','A_X2','B_X2')"
4875,"XX[X[2,0|2,0],X[0,1|2,0]]",60,"X[2,0|2,0]",15,"X[0,1|2,0]",4,"(6,6,1,6)",4875,"('A_X1','B_X1','A_X2','B_X2')"
4876,"XX[X[2,0|2,0],X[0,1|2,1]]",60,"X[2,0|2,0]",16,"X[0,1|2,1]",4,"(6,6,1,7)",4876,"('A_X1','B_X1','A_X2','B_X2')"
4877,"XX[X[2,0|2,0],X[0,1|2,2]]",60,"X[2,0|2,0]",17,"X[0,1|2,2]",4,"(6,6,1,8)",4877,"('A_X1','B_X1','A_X2','B_X2')"
4878,"XX[X[2,0|2,0],X[0,2|0,0]]",60,"X[2,0|2,0]",18,"X[0,2|0,0]",4,"(6,6,2,0)",4878,"('A_X1','B_X1','A_X2','B_X2')"
4879,"XX[X[2,0|2,0],X[0,2|0,1]]",60,"X[2,0|2,0]",19,"X[0,2|0,1]",4,"(6,6,2,1)",4879,"('A_X1','B_X1','A_X2','B_X2')"
4880,"XX[X[2,0|2,0],X[0,2|0,2]]",60,"X[2,0|2,0]",20,"X[0,2|0,2]",4,"(6,6,2,2)",4880,"('A_X1','B_X1','A_X2','B_X2')"
4881,"XX[X[2,0|2,0],X[0,2|1,0]]",60,"X[2,0|2,0]",21,"X[0,2|1,0]",4,"(6,6,2,3)",4881,"('A_X1','B_X1','A_X2','B_X2')"
4882,"XX[X[2,0|2,0],X[0,2|1,1]]",60,"X[2,0|2,0]",22,"X[0,2|1,1]",4,"(6,6,2,4)",4882,"('A_X1','B_X1','A_X2','B_X2')"
4883,"XX[X[2,0|2,0],X[0,2|1,2]]",60,"X[2,0|2,0]",23,"X[0,2|1,2]",4,"(6,6,2,5)",4883,"('A_X1','B_X1','A_X2','B_X2')"
4884,"XX[X[2,0|2,0],X[0,2|2,0]]",60,"X[2,0|2,0]",24,"X[0,2|2,0]",4,"(6,6,2,6)",4884,"('A_X1','B_X1','A_X2','B_X2')"
4885,"XX[X[2,0|2,0],X[0,2|2,1]]",60,"X[2,0|2,0]",25,"X[0,2|2,1]",4,"(6,6,2,7)",4885,"('A_X1','B_X1','A_X2','B_X2')"
4886,"XX[X[2,0|2,0],X[0,2|2,2]]",60,"X[2,0|2,0]",26,"X[0,2|2,2]",4,"(6,6,2,8)",4886,"('A_X1','B_X1','A_X2','B_X2')"
4887,"XX[X[2,0|2,0],X[1,0|0,0]]",60,"X[2,0|2,0]",27,"X[1,0|0,0]",4,"(6,6,3,0)",4887,"('A_X1','B_X1','A_X2','B_X2')"
4888,"XX[X[2,0|2,0],X[1,0|0,1]]",60,"X[2,0|2,0]",28,"X[1,0|0,1]",4,"(6,6,3,1)",4888,"('A_X1','B_X1','A_X2','B_X2')"
4889,"XX[X[2,0|2,0],X[1,0|0,2]]",60,"X[2,0|2,0]",29,"X[1,0|0,2]",4,"(6,6,3,2)",4889,"('A_X1','B_X1','A_X2','B_X2')"
4890,"XX[X[2,0|2,0],X[1,0|1,0]]",60,"X[2,0|2,0]",30,"X[1,0|1,0]",4,"(6,6,3,3)",4890,"('A_X1','B_X1','A_X2','B_X2')"
4891,"XX[X[2,0|2,0],X[1,0|1,1]]",60,"X[2,0|2,0]",31,"X[1,0|1,1]",4,"(6,6,3,4)",4891,"('A_X1','B_X1','A_X2','B_X2')"
4892,"XX[X[2,0|2,0],X[1,0|1,2]]",60,"X[2,0|2,0]",32,"X[1,0|1,2]",4,"(6,6,3,5)",4892,"('A_X1','B_X1','A_X2','B_X2')"
4893,"XX[X[2,0|2,0],X[1,0|2,0]]",60,"X[2,0|2,0]",33,"X[1,0|2,0]",4,"(6,6,3,6)",4893,"('A_X1','B_X1','A_X2','B_X2')"
4894,"XX[X[2,0|2,0],X[1,0|2,1]]",60,"X[2,0|2,0]",34,"X[1,0|2,1]",4,"(6,6,3,7)",4894,"('A_X1','B_X1','A_X2','B_X2')"
4895,"XX[X[2,0|2,0],X[1,0|2,2]]",60,"X[2,0|2,0]",35,"X[1,0|2,2]",4,"(6,6,3,8)",4895,"('A_X1','B_X1','A_X2','B_X2')"
4896,"XX[X[2,0|2,0],X[1,1|0,0]]",60,"X[2,0|2,0]",36,"X[1,1|0,0]",4,"(6,6,4,0)",4896,"('A_X1','B_X1','A_X2','B_X2')"
4897,"XX[X[2,0|2,0],X[1,1|0,1]]",60,"X[2,0|2,0]",37,"X[1,1|0,1]",4,"(6,6,4,1)",4897,"('A_X1','B_X1','A_X2','B_X2')"
4898,"XX[X[2,0|2,0],X[1,1|0,2]]",60,"X[2,0|2,0]",38,"X[1,1|0,2]",4,"(6,6,4,2)",4898,"('A_X1','B_X1','A_X2','B_X2')"
4899,"XX[X[2,0|2,0],X[1,1|1,0]]",60,"X[2,0|2,0]",39,"X[1,1|1,0]",4,"(6,6,4,3)",4899,"('A_X1','B_X1','A_X2','B_X2')"
4900,"XX[X[2,0|2,0],X[1,1|1,1]]",60,"X[2,0|2,0]",40,"X[1,1|1,1]",4,"(6,6,4,4)",4900,"('A_X1','B_X1','A_X2','B_X2')"
4901,"XX[X[2,0|2,0],X[1,1|1,2]]",60,"X[2,0|2,0]",41,"X[1,1|1,2]",4,"(6,6,4,5)",4901,"('A_X1','B_X1','A_X2','B_X2')"
4902,"XX[X[2,0|2,0],X[1,1|2,0]]",60,"X[2,0|2,0]",42,"X[1,1|2,0]",4,"(6,6,4,6)",4902,"('A_X1','B_X1','A_X2','B_X2')"
4903,"XX[X[2,0|2,0],X[1,1|2,1]]",60,"X[2,0|2,0]",43,"X[1,1|2,1]",4,"(6,6,4,7)",4903,"('A_X1','B_X1','A_X2','B_X2')"
4904,"XX[X[2,0|2,0],X[1,1|2,2]]",60,"X[2,0|2,0]",44,"X[1,1|2,2]",4,"(6,6,4,8)",4904,"('A_X1','B_X1','A_X2','B_X2')"
4905,"XX[X[2,0|2,0],X[1,2|0,0]]",60,"X[2,0|2,0]",45,"X[1,2|0,0]",4,"(6,6,5,0)",4905,"('A_X1','B_X1','A_X2','B_X2')"
4906,"XX[X[2,0|2,0],X[1,2|0,1]]",60,"X[2,0|2,0]",46,"X[1,2|0,1]",4,"(6,6,5,1)",4906,"('A_X1','B_X1','A_X2','B_X2')"
4907,"XX[X[2,0|2,0],X[1,2|0,2]]",60,"X[2,0|2,0]",47,"X[1,2|0,2]",4,"(6,6,5,2)",4907,"('A_X1','B_X1','A_X2','B_X2')"
4908,"XX[X[2,0|2,0],X[1,2|1,0]]",60,"X[2,0|2,0]",48,"X[1,2|1,0]",4,"(6,6,5,3)",4908,"('A_X1','B_X1','A_X2','B_X2')"
4909,"XX[X[2,0|2,0],X[1,2|1,1]]",60,"X[2,0|2,0]",49,"X[1,2|1,1]",4,"(6,6,5,4)",4909,"('A_X1','B_X1','A_X2','B_X2')"
4910,"XX[X[2,0|2,0],X[1,2|1,2]]",60,"X[2,0|2,0]",50,"X[1,2|1,2]",4,"(6,6,5,5)",4910,"('A_X1','B_X1','A_X2','B_X2')"
4911,"XX[X[2,0|2,0],X[1,2|2,0]]",60,"X[2,0|2,0]",51,"X[1,2|2,0]",4,"(6,6,5,6)",4911,"('A_X1','B_X1','A_X2','B_X2')"
4912,"XX[X[2,0|2,0],X[1,2|2,1]]",60,"X[2,0|2,0]",52,"X[1,2|2,1]",4,"(6,6,5,7)",4912,"('A_X1','B_X1','A_X2','B_X2')"
4913,"XX[X[2,0|2,0],X[1,2|2,2]]",60,"X[2,0|2,0]",53,"X[1,2|2,2]",4,"(6,6,5,8)",4913,"('A_X1','B_X1','A_X2','B_X2')"
4914,"XX[X[2,0|2,0],X[2,0|0,0]]",60,"X[2,0|2,0]",54,"X[2,0|0,0]",4,"(6,6,6,0)",4914,"('A_X1','B_X1','A_X2','B_X2')"
4915,"XX[X[2,0|2,0],X[2,0|0,1]]",60,"X[2,0|2,0]",55,"X[2,0|0,1]",4,"(6,6,6,1)",4915,"('A_X1','B_X1','A_X2','B_X2')"
4916,"XX[X[2,0|2,0],X[2,0|0,2]]",60,"X[2,0|2,0]",56,"X[2,0|0,2]",4,"(6,6,6,2)",4916,"('A_X1','B_X1','A_X2','B_X2')"
4917,"XX[X[2,0|2,0],X[2,0|1,0]]",60,"X[2,0|2,0]",57,"X[2,0|1,0]",4,"(6,6,6,3)",4917,"('A_X1','B_X1','A_X2','B_X2')"
4918,"XX[X[2,0|2,0],X[2,0|1,1]]",60,"X[2,0|2,0]",58,"X[2,0|1,1]",4,"(6,6,6,4)",4918,"('A_X1','B_X1','A_X2','B_X2')"
4919,"XX[X[2,0|2,0],X[2,0|1,2]]",60,"X[2,0|2,0]",59,"X[2,0|1,2]",4,"(6,6,6,5)",4919,"('A_X1','B_X1','A_X2','B_X2')"
4920,"XX[X[2,0|2,0],X[2,0|2,0]]",60,"X[2,0|2,0]",60,"X[2,0|2,0]",4,"(6,6,6,6)",4920,"('A_X1','B_X1','A_X2','B_X2')"
4921,"XX[X[2,0|2,0],X[2,0|2,1]]",60,"X[2,0|2,0]",61,"X[2,0|2,1]",4,"(6,6,6,7)",4921,"('A_X1','B_X1','A_X2','B_X2')"
4922,"XX[X[2,0|2,0],X[2,0|2,2]]",60,"X[2,0|2,0]",62,"X[2,0|2,2]",4,"(6,6,6,8)",4922,"('A_X1','B_X1','A_X2','B_X2')"
4923,"XX[X[2,0|2,0],X[2,1|0,0]]",60,"X[2,0|2,0]",63,"X[2,1|0,0]",4,"(6,6,7,0)",4923,"('A_X1','B_X1','A_X2','B_X2')"
4924,"XX[X[2,0|2,0],X[2,1|0,1]]",60,"X[2,0|2,0]",64,"X[2,1|0,1]",4,"(6,6,7,1)",4924,"('A_X1','B_X1','A_X2','B_X2')"
4925,"XX[X[2,0|2,0],X[2,1|0,2]]",60,"X[2,0|2,0]",65,"X[2,1|0,2]",4,"(6,6,7,2)",4925,"('A_X1','B_X1','A_X2','B_X2')"
4926,"XX[X[2,0|2,0],X[2,1|1,0]]",60,"X[2,0|2,0]",66,"X[2,1|1,0]",4,"(6,6,7,3)",4926,"('A_X1','B_X1','A_X2','B_X2')"
4927,"XX[X[2,0|2,0],X[2,1|1,1]]",60,"X[2,0|2,0]",67,"X[2,1|1,1]",4,"(6,6,7,4)",4927,"('A_X1','B_X1','A_X2','B_X2')"
4928,"XX[X[2,0|2,0],X[2,1|1,2]]",60,"X[2,0|2,0]",68,"X[2,1|1,2]",4,"(6,6,7,5)",4928,"('A_X1','B_X1','A_X2','B_X2')"
4929,"XX[X[2,0|2,0],X[2,1|2,0]]",60,"X[2,0|2,0]",69,"X[2,1|2,0]",4,"(6,6,7,6)",4929,"('A_X1','B_X1','A_X2','B_X2')"
4930,"XX[X[2,0|2,0],X[2,1|2,1]]",60,"X[2,0|2,0]",70,"X[2,1|2,1]",4,"(6,6,7,7)",4930,"('A_X1','B_X1','A_X2','B_X2')"
4931,"XX[X[2,0|2,0],X[2,1|2,2]]",60,"X[2,0|2,0]",71,"X[2,1|2,2]",4,"(6,6,7,8)",4931,"('A_X1','B_X1','A_X2','B_X2')"
4932,"XX[X[2,0|2,0],X[2,2|0,0]]",60,"X[2,0|2,0]",72,"X[2,2|0,0]",4,"(6,6,8,0)",4932,"('A_X1','B_X1','A_X2','B_X2')"
4933,"XX[X[2,0|2,0],X[2,2|0,1]]",60,"X[2,0|2,0]",73,"X[2,2|0,1]",4,"(6,6,8,1)",4933,"('A_X1','B_X1','A_X2','B_X2')"
4934,"XX[X[2,0|2,0],X[2,2|0,2]]",60,"X[2,0|2,0]",74,"X[2,2|0,2]",4,"(6,6,8,2)",4934,"('A_X1','B_X1','A_X2','B_X2')"
4935,"XX[X[2,0|2,0],X[2,2|1,0]]",60,"X[2,0|2,0]",75,"X[2,2|1,0]",4,"(6,6,8,3)",4935,"('A_X1','B_X1','A_X2','B_X2')"
4936,"XX[X[2,0|2,0],X[2,2|1,1]]",60,"X[2,0|2,0]",76,"X[2,2|1,1]",4,"(6,6,8,4)",4936,"('A_X1','B_X1','A_X2','B_X2')"
4937,"XX[X[2,0|2,0],X[2,2|1,2]]",60,"X[2,0|2,0]",77,"X[2,2|1,2]",4,"(6,6,8,5)",4937,"('A_X1','B_X1','A_X2','B_X2')"
4938,"XX[X[2,0|2,0],X[2,2|2,0]]",60,"X[2,0|2,0]",78,"X[2,2|2,0]",4,"(6,6,8,6)",4938,"('A_X1','B_X1','A_X2','B_X2')"
4939,"XX[X[2,0|2,0],X[2,2|2,1]]",60,"X[2,0|2,0]",79,"X[2,2|2,1]",4,"(6,6,8,7)",4939,"('A_X1','B_X1','A_X2','B_X2')"
4940,"XX[X[2,0|2,0],X[2,2|2,2]]",60,"X[2,0|2,0]",80,"X[2,2|2,2]",4,"(6,6,8,8)",4940,"('A_X1','B_X1','A_X2','B_X2')"
4941,"XX[X[2,0|2,1],X[0,0|0,0]]",61,"X[2,0|2,1]",0,"X[0,0|0,0]",4,"(6,7,0,0)",4941,"('A_X1','B_X1','A_X2','B_X2')"
4942,"XX[X[2,0|2,1],X[0,0|0,1]]",61,"X[2,0|2,1]",1,"X[0,0|0,1]",4,"(6,7,0,1)",4942,"('A_X1','B_X1','A_X2','B_X2')"
4943,"XX[X[2,0|2,1],X[0,0|0,2]]",61,"X[2,0|2,1]",2,"X[0,0|0,2]",4,"(6,7,0,2)",4943,"('A_X1','B_X1','A_X2','B_X2')"
4944,"XX[X[2,0|2,1],X[0,0|1,0]]",61,"X[2,0|2,1]",3,"X[0,0|1,0]",4,"(6,7,0,3)",4944,"('A_X1','B_X1','A_X2','B_X2')"
4945,"XX[X[2,0|2,1],X[0,0|1,1]]",61,"X[2,0|2,1]",4,"X[0,0|1,1]",4,"(6,7,0,4)",4945,"('A_X1','B_X1','A_X2','B_X2')"
4946,"XX[X[2,0|2,1],X[0,0|1,2]]",61,"X[2,0|2,1]",5,"X[0,0|1,2]",4,"(6,7,0,5)",4946,"('A_X1','B_X1','A_X2','B_X2')"
4947,"XX[X[2,0|2,1],X[0,0|2,0]]",61,"X[2,0|2,1]",6,"X[0,0|2,0]",4,"(6,7,0,6)",4947,"('A_X1','B_X1','A_X2','B_X2')"
4948,"XX[X[2,0|2,1],X[0,0|2,1]]",61,"X[2,0|2,1]",7,"X[0,0|2,1]",4,"(6,7,0,7)",4948,"('A_X1','B_X1','A_X2','B_X2')"
4949,"XX[X[2,0|2,1],X[0,0|2,2]]",61,"X[2,0|2,1]",8,"X[0,0|2,2]",4,"(6,7,0,8)",4949,"('A_X1','B_X1','A_X2','B_X2')"
4950,"XX[X[2,0|2,1],X[0,1|0,0]]",61,"X[2,0|2,1]",9,"X[0,1|0,0]",4,"(6,7,1,0)",4950,"('A_X1','B_X1','A_X2','B_X2')"
4951,"XX[X[2,0|2,1],X[0,1|0,1]]",61,"X[2,0|2,1]",10,"X[0,1|0,1]",4,"(6,7,1,1)",4951,"('A_X1','B_X1','A_X2','B_X2')"
4952,"XX[X[2,0|2,1],X[0,1|0,2]]",61,"X[2,0|2,1]",11,"X[0,1|0,2]",4,"(6,7,1,2)",4952,"('A_X1','B_X1','A_X2','B_X2')"
4953,"XX[X[2,0|2,1],X[0,1|1,0]]",61,"X[2,0|2,1]",12,"X[0,1|1,0]",4,"(6,7,1,3)",4953,"('A_X1','B_X1','A_X2','B_X2')"
4954,"XX[X[2,0|2,1],X[0,1|1,1]]",61,"X[2,0|2,1]",13,"X[0,1|1,1]",4,"(6,7,1,4)",4954,"('A_X1','B_X1','A_X2','B_X2')"
4955,"XX[X[2,0|2,1],X[0,1|1,2]]",61,"X[2,0|2,1]",14,"X[0,1|1,2]",4,"(6,7,1,5)",4955,"('A_X1','B_X1','A_X2','B_X2')"
4956,"XX[X[2,0|2,1],X[0,1|2,0]]",61,"X[2,0|2,1]",15,"X[0,1|2,0]",4,"(6,7,1,6)",4956,"('A_X1','B_X1','A_X2','B_X2')"
4957,"XX[X[2,0|2,1],X[0,1|2,1]]",61,"X[2,0|2,1]",16,"X[0,1|2,1]",4,"(6,7,1,7)",4957,"('A_X1','B_X1','A_X2','B_X2')"
4958,"XX[X[2,0|2,1],X[0,1|2,2]]",61,"X[2,0|2,1]",17,"X[0,1|2,2]",4,"(6,7,1,8)",4958,"('A_X1','B_X1','A_X2','B_X2')"
4959,"XX[X[2,0|2,1],X[0,2|0,0]]",61,"X[2,0|2,1]",18,"X[0,2|0,0]",4,"(6,7,2,0)",4959,"('A_X1','B_X1','A_X2','B_X2')"
4960,"XX[X[2,0|2,1],X[0,2|0,1]]",61,"X[2,0|2,1]",19,"X[0,2|0,1]",4,"(6,7,2,1)",4960,"('A_X1','B_X1','A_X2','B_X2')"
4961,"XX[X[2,0|2,1],X[0,2|0,2]]",61,"X[2,0|2,1]",20,"X[0,2|0,2]",4,"(6,7,2,2)",4961,"('A_X1','B_X1','A_X2','B_X2')"
4962,"XX[X[2,0|2,1],X[0,2|1,0]]",61,"X[2,0|2,1]",21,"X[0,2|1,0]",4,"(6,7,2,3)",4962,"('A_X1','B_X1','A_X2','B_X2')"
4963,"XX[X[2,0|2,1],X[0,2|1,1]]",61,"X[2,0|2,1]",22,"X[0,2|1,1]",4,"(6,7,2,4)",4963,"('A_X1','B_X1','A_X2','B_X2')"
4964,"XX[X[2,0|2,1],X[0,2|1,2]]",61,"X[2,0|2,1]",23,"X[0,2|1,2]",4,"(6,7,2,5)",4964,"('A_X1','B_X1','A_X2','B_X2')"
4965,"XX[X[2,0|2,1],X[0,2|2,0]]",61,"X[2,0|2,1]",24,"X[0,2|2,0]",4,"(6,7,2,6)",4965,"('A_X1','B_X1','A_X2','B_X2')"
4966,"XX[X[2,0|2,1],X[0,2|2,1]]",61,"X[2,0|2,1]",25,"X[0,2|2,1]",4,"(6,7,2,7)",4966,"('A_X1','B_X1','A_X2','B_X2')"
4967,"XX[X[2,0|2,1],X[0,2|2,2]]",61,"X[2,0|2,1]",26,"X[0,2|2,2]",4,"(6,7,2,8)",4967,"('A_X1','B_X1','A_X2','B_X2')"
4968,"XX[X[2,0|2,1],X[1,0|0,0]]",61,"X[2,0|2,1]",27,"X[1,0|0,0]",4,"(6,7,3,0)",4968,"('A_X1','B_X1','A_X2','B_X2')"
4969,"XX[X[2,0|2,1],X[1,0|0,1]]",61,"X[2,0|2,1]",28,"X[1,0|0,1]",4,"(6,7,3,1)",4969,"('A_X1','B_X1','A_X2','B_X2')"
4970,"XX[X[2,0|2,1],X[1,0|0,2]]",61,"X[2,0|2,1]",29,"X[1,0|0,2]",4,"(6,7,3,2)",4970,"('A_X1','B_X1','A_X2','B_X2')"
4971,"XX[X[2,0|2,1],X[1,0|1,0]]",61,"X[2,0|2,1]",30,"X[1,0|1,0]",4,"(6,7,3,3)",4971,"('A_X1','B_X1','A_X2','B_X2')"
4972,"XX[X[2,0|2,1],X[1,0|1,1]]",61,"X[2,0|2,1]",31,"X[1,0|1,1]",4,"(6,7,3,4)",4972,"('A_X1','B_X1','A_X2','B_X2')"
4973,"XX[X[2,0|2,1],X[1,0|1,2]]",61,"X[2,0|2,1]",32,"X[1,0|1,2]",4,"(6,7,3,5)",4973,"('A_X1','B_X1','A_X2','B_X2')"
4974,"XX[X[2,0|2,1],X[1,0|2,0]]",61,"X[2,0|2,1]",33,"X[1,0|2,0]",4,"(6,7,3,6)",4974,"('A_X1','B_X1','A_X2','B_X2')"
4975,"XX[X[2,0|2,1],X[1,0|2,1]]",61,"X[2,0|2,1]",34,"X[1,0|2,1]",4,"(6,7,3,7)",4975,"('A_X1','B_X1','A_X2','B_X2')"
4976,"XX[X[2,0|2,1],X[1,0|2,2]]",61,"X[2,0|2,1]",35,"X[1,0|2,2]",4,"(6,7,3,8)",4976,"('A_X1','B_X1','A_X2','B_X2')"
4977,"XX[X[2,0|2,1],X[1,1|0,0]]",61,"X[2,0|2,1]",36,"X[1,1|0,0]",4,"(6,7,4,0)",4977,"('A_X1','B_X1','A_X2','B_X2')"
4978,"XX[X[2,0|2,1],X[1,1|0,1]]",61,"X[2,0|2,1]",37,"X[1,1|0,1]",4,"(6,7,4,1)",4978,"('A_X1','B_X1','A_X2','B_X2')"
4979,"XX[X[2,0|2,1],X[1,1|0,2]]",61,"X[2,0|2,1]",38,"X[1,1|0,2]",4,"(6,7,4,2)",4979,"('A_X1','B_X1','A_X2','B_X2')"
4980,"XX[X[2,0|2,1],X[1,1|1,0]]",61,"X[2,0|2,1]",39,"X[1,1|1,0]",4,"(6,7,4,3)",4980,"('A_X1','B_X1','A_X2','B_X2')"
4981,"XX[X[2,0|2,1],X[1,1|1,1]]",61,"X[2,0|2,1]",40,"X[1,1|1,1]",4,"(6,7,4,4)",4981,"('A_X1','B_X1','A_X2','B_X2')"
4982,"XX[X[2,0|2,1],X[1,1|1,2]]",61,"X[2,0|2,1]",41,"X[1,1|1,2]",4,"(6,7,4,5)",4982,"('A_X1','B_X1','A_X2','B_X2')"
4983,"XX[X[2,0|2,1],X[1,1|2,0]]",61,"X[2,0|2,1]",42,"X[1,1|2,0]",4,"(6,7,4,6)",4983,"('A_X1','B_X1','A_X2','B_X2')"
4984,"XX[X[2,0|2,1],X[1,1|2,1]]",61,"X[2,0|2,1]",43,"X[1,1|2,1]",4,"(6,7,4,7)",4984,"('A_X1','B_X1','A_X2','B_X2')"
4985,"XX[X[2,0|2,1],X[1,1|2,2]]",61,"X[2,0|2,1]",44,"X[1,1|2,2]",4,"(6,7,4,8)",4985,"('A_X1','B_X1','A_X2','B_X2')"
4986,"XX[X[2,0|2,1],X[1,2|0,0]]",61,"X[2,0|2,1]",45,"X[1,2|0,0]",4,"(6,7,5,0)",4986,"('A_X1','B_X1','A_X2','B_X2')"
4987,"XX[X[2,0|2,1],X[1,2|0,1]]",61,"X[2,0|2,1]",46,"X[1,2|0,1]",4,"(6,7,5,1)",4987,"('A_X1','B_X1','A_X2','B_X2')"
4988,"XX[X[2,0|2,1],X[1,2|0,2]]",61,"X[2,0|2,1]",47,"X[1,2|0,2]",4,"(6,7,5,2)",4988,"('A_X1','B_X1','A_X2','B_X2')"
4989,"XX[X[2,0|2,1],X[1,2|1,0]]",61,"X[2,0|2,1]",48,"X[1,2|1,0]",4,"(6,7,5,3)",4989,"('A_X1','B_X1','A_X2','B_X2')"
4990,"XX[X[2,0|2,1],X[1,2|1,1]]",61,"X[2,0|2,1]",49,"X[1,2|1,1]",4,"(6,7,5,4)",4990,"('A_X1','B_X1','A_X2','B_X2')"
4991,"XX[X[2,0|2,1],X[1,2|1,2]]",61,"X[2,0|2,1]",50,"X[1,2|1,2]",4,"(6,7,5,5)",4991,"('A_X1','B_X1','A_X2','B_X2')"
4992,"XX[X[2,0|2,1],X[1,2|2,0]]",61,"X[2,0|2,1]",51,"X[1,2|2,0]",4,"(6,7,5,6)",4992,"('A_X1','B_X1','A_X2','B_X2')"
4993,"XX[X[2,0|2,1],X[1,2|2,1]]",61,"X[2,0|2,1]",52,"X[1,2|2,1]",4,"(6,7,5,7)",4993,"('A_X1','B_X1','A_X2','B_X2')"
4994,"XX[X[2,0|2,1],X[1,2|2,2]]",61,"X[2,0|2,1]",53,"X[1,2|2,2]",4,"(6,7,5,8)",4994,"('A_X1','B_X1','A_X2','B_X2')"
4995,"XX[X[2,0|2,1],X[2,0|0,0]]",61,"X[2,0|2,1]",54,"X[2,0|0,0]",4,"(6,7,6,0)",4995,"('A_X1','B_X1','A_X2','B_X2')"
4996,"XX[X[2,0|2,1],X[2,0|0,1]]",61,"X[2,0|2,1]",55,"X[2,0|0,1]",4,"(6,7,6,1)",4996,"('A_X1','B_X1','A_X2','B_X2')"
4997,"XX[X[2,0|2,1],X[2,0|0,2]]",61,"X[2,0|2,1]",56,"X[2,0|0,2]",4,"(6,7,6,2)",4997,"('A_X1','B_X1','A_X2','B_X2')"
4998,"XX[X[2,0|2,1],X[2,0|1,0]]",61,"X[2,0|2,1]",57,"X[2,0|1,0]",4,"(6,7,6,3)",4998,"('A_X1','B_X1','A_X2','B_X2')"
4999,"XX[X[2,0|2,1],X[2,0|1,1]]",61,"X[2,0|2,1]",58,"X[2,0|1,1]",4,"(6,7,6,4)",4999,"('A_X1','B_X1','A_X2','B_X2')"
5000,"XX[X[2,0|2,1],X[2,0|1,2]]",61,"X[2,0|2,1]",59,"X[2,0|1,2]",4,"(6,7,6,5)",5000,"('A_X1','B_X1','A_X2','B_X2')"
5001,"XX[X[2,0|2,1],X[2,0|2,0]]",61,"X[2,0|2,1]",60,"X[2,0|2,0]",4,"(6,7,6,6)",5001,"('A_X1','B_X1','A_X2','B_X2')"
5002,"XX[X[2,0|2,1],X[2,0|2,1]]",61,"X[2,0|2,1]",61,"X[2,0|2,1]",4,"(6,7,6,7)",5002,"('A_X1','B_X1','A_X2','B_X2')"
5003,"XX[X[2,0|2,1],X[2,0|2,2]]",61,"X[2,0|2,1]",62,"X[2,0|2,2]",4,"(6,7,6,8)",5003,"('A_X1','B_X1','A_X2','B_X2')"
5004,"XX[X[2,0|2,1],X[2,1|0,0]]",61,"X[2,0|2,1]",63,"X[2,1|0,0]",4,"(6,7,7,0)",5004,"('A_X1','B_X1','A_X2','B_X2')"
5005,"XX[X[2,0|2,1],X[2,1|0,1]]",61,"X[2,0|2,1]",64,"X[2,1|0,1]",4,"(6,7,7,1)",5005,"('A_X1','B_X1','A_X2','B_X2')"
5006,"XX[X[2,0|2,1],X[2,1|0,2]]",61,"X[2,0|2,1]",65,"X[2,1|0,2]",4,"(6,7,7,2)",5006,"('A_X1','B_X1','A_X2','B_X2')"
5007,"XX[X[2,0|2,1],X[2,1|1,0]]",61,"X[2,0|2,1]",66,"X[2,1|1,0]",4,"(6,7,7,3)",5007,"('A_X1','B_X1','A_X2','B_X2')"
5008,"XX[X[2,0|2,1],X[2,1|1,1]]",61,"X[2,0|2,1]",67,"X[2,1|1,1]",4,"(6,7,7,4)",5008,"('A_X1','B_X1','A_X2','B_X2')"
5009,"XX[X[2,0|2,1],X[2,1|1,2]]",61,"X[2,0|2,1]",68,"X[2,1|1,2]",4,"(6,7,7,5)",5009,"('A_X1','B_X1','A_X2','B_X2')"
5010,"XX[X[2,0|2,1],X[2,1|2,0]]",61,"X[2,0|2,1]",69,"X[2,1|2,0]",4,"(6,7,7,6)",5010,"('A_X1','B_X1','A_X2','B_X2')"
5011,"XX[X[2,0|2,1],X[2,1|2,1]]",61,"X[2,0|2,1]",70,"X[2,1|2,1]",4,"(6,7,7,7)",5011,"('A_X1','B_X1','A_X2','B_X2')"
5012,"XX[X[2,0|2,1],X[2,1|2,2]]",61,"X[2,0|2,1]",71,"X[2,1|2,2]",4,"(6,7,7,8)",5012,"('A_X1','B_X1','A_X2','B_X2')"
5013,"XX[X[2,0|2,1],X[2,2|0,0]]",61,"X[2,0|2,1]",72,"X[2,2|0,0]",4,"(6,7,8,0)",5013,"('A_X1','B_X1','A_X2','B_X2')"
5014,"XX[X[2,0|2,1],X[2,2|0,1]]",61,"X[2,0|2,1]",73,"X[2,2|0,1]",4,"(6,7,8,1)",5014,"('A_X1','B_X1','A_X2','B_X2')"
5015,"XX[X[2,0|2,1],X[2,2|0,2]]",61,"X[2,0|2,1]",74,"X[2,2|0,2]",4,"(6,7,8,2)",5015,"('A_X1','B_X1','A_X2','B_X2')"
5016,"XX[X[2,0|2,1],X[2,2|1,0]]",61,"X[2,0|2,1]",75,"X[2,2|1,0]",4,"(6,7,8,3)",5016,"('A_X1','B_X1','A_X2','B_X2')"
5017,"XX[X[2,0|2,1],X[2,2|1,1]]",61,"X[2,0|2,1]",76,"X[2,2|1,1]",4,"(6,7,8,4)",5017,"('A_X1','B_X1','A_X2','B_X2')"
5018,"XX[X[2,0|2,1],X[2,2|1,2]]",61,"X[2,0|2,1]",77,"X[2,2|1,2]",4,"(6,7,8,5)",5018,"('A_X1','B_X1','A_X2','B_X2')"
5019,"XX[X[2,0|2,1],X[2,2|2,0]]",61,"X[2,0|2,1]",78,"X[2,2|2,0]",4,"(6,7,8,6)",5019,"('A_X1','B_X1','A_X2','B_X2')"
5020,"XX[X[2,0|2,1],X[2,2|2,1]]",61,"X[2,0|2,1]",79,"X[2,2|2,1]",4,"(6,7,8,7)",5020,"('A_X1','B_X1','A_X2','B_X2')"
5021,"XX[X[2,0|2,1],X[2,2|2,2]]",61,"X[2,0|2,1]",80,"X[2,2|2,2]",4,"(6,7,8,8)",5021,"('A_X1','B_X1','A_X2','B_X2')"
5022,"XX[X[2,0|2,2],X[0,0|0,0]]",62,"X[2,0|2,2]",0,"X[0,0|0,0]",4,"(6,8,0,0)",5022,"('A_X1','B_X1','A_X2','B_X2')"
5023,"XX[X[2,0|2,2],X[0,0|0,1]]",62,"X[2,0|2,2]",1,"X[0,0|0,1]",4,"(6,8,0,1)",5023,"('A_X1','B_X1','A_X2','B_X2')"
5024,"XX[X[2,0|2,2],X[0,0|0,2]]",62,"X[2,0|2,2]",2,"X[0,0|0,2]",4,"(6,8,0,2)",5024,"('A_X1','B_X1','A_X2','B_X2')"
5025,"XX[X[2,0|2,2],X[0,0|1,0]]",62,"X[2,0|2,2]",3,"X[0,0|1,0]",4,"(6,8,0,3)",5025,"('A_X1','B_X1','A_X2','B_X2')"
5026,"XX[X[2,0|2,2],X[0,0|1,1]]",62,"X[2,0|2,2]",4,"X[0,0|1,1]",4,"(6,8,0,4)",5026,"('A_X1','B_X1','A_X2','B_X2')"
5027,"XX[X[2,0|2,2],X[0,0|1,2]]",62,"X[2,0|2,2]",5,"X[0,0|1,2]",4,"(6,8,0,5)",5027,"('A_X1','B_X1','A_X2','B_X2')"
5028,"XX[X[2,0|2,2],X[0,0|2,0]]",62,"X[2,0|2,2]",6,"X[0,0|2,0]",4,"(6,8,0,6)",5028,"('A_X1','B_X1','A_X2','B_X2')"
5029,"XX[X[2,0|2,2],X[0,0|2,1]]",62,"X[2,0|2,2]",7,"X[0,0|2,1]",4,"(6,8,0,7)",5029,"('A_X1','B_X1','A_X2','B_X2')"
5030,"XX[X[2,0|2,2],X[0,0|2,2]]",62,"X[2,0|2,2]",8,"X[0,0|2,2]",4,"(6,8,0,8)",5030,"('A_X1','B_X1','A_X2','B_X2')"
5031,"XX[X[2,0|2,2],X[0,1|0,0]]",62,"X[2,0|2,2]",9,"X[0,1|0,0]",4,"(6,8,1,0)",5031,"('A_X1','B_X1','A_X2','B_X2')"
5032,"XX[X[2,0|2,2],X[0,1|0,1]]",62,"X[2,0|2,2]",10,"X[0,1|0,1]",4,"(6,8,1,1)",5032,"('A_X1','B_X1','A_X2','B_X2')"
5033,"XX[X[2,0|2,2],X[0,1|0,2]]",62,"X[2,0|2,2]",11,"X[0,1|0,2]",4,"(6,8,1,2)",5033,"('A_X1','B_X1','A_X2','B_X2')"
5034,"XX[X[2,0|2,2],X[0,1|1,0]]",62,"X[2,0|2,2]",12,"X[0,1|1,0]",4,"(6,8,1,3)",5034,"('A_X1','B_X1','A_X2','B_X2')"
5035,"XX[X[2,0|2,2],X[0,1|1,1]]",62,"X[2,0|2,2]",13,"X[0,1|1,1]",4,"(6,8,1,4)",5035,"('A_X1','B_X1','A_X2','B_X2')"
5036,"XX[X[2,0|2,2],X[0,1|1,2]]",62,"X[2,0|2,2]",14,"X[0,1|1,2]",4,"(6,8,1,5)",5036,"('A_X1','B_X1','A_X2','B_X2')"
5037,"XX[X[2,0|2,2],X[0,1|2,0]]",62,"X[2,0|2,2]",15,"X[0,1|2,0]",4,"(6,8,1,6)",5037,"('A_X1','B_X1','A_X2','B_X2')"
5038,"XX[X[2,0|2,2],X[0,1|2,1]]",62,"X[2,0|2,2]",16,"X[0,1|2,1]",4,"(6,8,1,7)",5038,"('A_X1','B_X1','A_X2','B_X2')"
5039,"XX[X[2,0|2,2],X[0,1|2,2]]",62,"X[2,0|2,2]",17,"X[0,1|2,2]",4,"(6,8,1,8)",5039,"('A_X1','B_X1','A_X2','B_X2')"
5040,"XX[X[2,0|2,2],X[0,2|0,0]]",62,"X[2,0|2,2]",18,"X[0,2|0,0]",4,"(6,8,2,0)",5040,"('A_X1','B_X1','A_X2','B_X2')"
5041,"XX[X[2,0|2,2],X[0,2|0,1]]",62,"X[2,0|2,2]",19,"X[0,2|0,1]",4,"(6,8,2,1)",5041,"('A_X1','B_X1','A_X2','B_X2')"
5042,"XX[X[2,0|2,2],X[0,2|0,2]]",62,"X[2,0|2,2]",20,"X[0,2|0,2]",4,"(6,8,2,2)",5042,"('A_X1','B_X1','A_X2','B_X2')"
5043,"XX[X[2,0|2,2],X[0,2|1,0]]",62,"X[2,0|2,2]",21,"X[0,2|1,0]",4,"(6,8,2,3)",5043,"('A_X1','B_X1','A_X2','B_X2')"
5044,"XX[X[2,0|2,2],X[0,2|1,1]]",62,"X[2,0|2,2]",22,"X[0,2|1,1]",4,"(6,8,2,4)",5044,"('A_X1','B_X1','A_X2','B_X2')"
5045,"XX[X[2,0|2,2],X[0,2|1,2]]",62,"X[2,0|2,2]",23,"X[0,2|1,2]",4,"(6,8,2,5)",5045,"('A_X1','B_X1','A_X2','B_X2')"
5046,"XX[X[2,0|2,2],X[0,2|2,0]]",62,"X[2,0|2,2]",24,"X[0,2|2,0]",4,"(6,8,2,6)",5046,"('A_X1','B_X1','A_X2','B_X2')"
5047,"XX[X[2,0|2,2],X[0,2|2,1]]",62,"X[2,0|2,2]",25,"X[0,2|2,1]",4,"(6,8,2,7)",5047,"('A_X1','B_X1','A_X2','B_X2')"
5048,"XX[X[2,0|2,2],X[0,2|2,2]]",62,"X[2,0|2,2]",26,"X[0,2|2,2]",4,"(6,8,2,8)",5048,"('A_X1','B_X1','A_X2','B_X2')"
5049,"XX[X[2,0|2,2],X[1,0|0,0]]",62,"X[2,0|2,2]",27,"X[1,0|0,0]",4,"(6,8,3,0)",5049,"('A_X1','B_X1','A_X2','B_X2')"
5050,"XX[X[2,0|2,2],X[1,0|0,1]]",62,"X[2,0|2,2]",28,"X[1,0|0,1]",4,"(6,8,3,1)",5050,"('A_X1','B_X1','A_X2','B_X2')"
5051,"XX[X[2,0|2,2],X[1,0|0,2]]",62,"X[2,0|2,2]",29,"X[1,0|0,2]",4,"(6,8,3,2)",5051,"('A_X1','B_X1','A_X2','B_X2')"
5052,"XX[X[2,0|2,2],X[1,0|1,0]]",62,"X[2,0|2,2]",30,"X[1,0|1,0]",4,"(6,8,3,3)",5052,"('A_X1','B_X1','A_X2','B_X2')"
5053,"XX[X[2,0|2,2],X[1,0|1,1]]",62,"X[2,0|2,2]",31,"X[1,0|1,1]",4,"(6,8,3,4)",5053,"('A_X1','B_X1','A_X2','B_X2')"
5054,"XX[X[2,0|2,2],X[1,0|1,2]]",62,"X[2,0|2,2]",32,"X[1,0|1,2]",4,"(6,8,3,5)",5054,"('A_X1','B_X1','A_X2','B_X2')"
5055,"XX[X[2,0|2,2],X[1,0|2,0]]",62,"X[2,0|2,2]",33,"X[1,0|2,0]",4,"(6,8,3,6)",5055,"('A_X1','B_X1','A_X2','B_X2')"
5056,"XX[X[2,0|2,2],X[1,0|2,1]]",62,"X[2,0|2,2]",34,"X[1,0|2,1]",4,"(6,8,3,7)",5056,"('A_X1','B_X1','A_X2','B_X2')"
5057,"XX[X[2,0|2,2],X[1,0|2,2]]",62,"X[2,0|2,2]",35,"X[1,0|2,2]",4,"(6,8,3,8)",5057,"('A_X1','B_X1','A_X2','B_X2')"
5058,"XX[X[2,0|2,2],X[1,1|0,0]]",62,"X[2,0|2,2]",36,"X[1,1|0,0]",4,"(6,8,4,0)",5058,"('A_X1','B_X1','A_X2','B_X2')"
5059,"XX[X[2,0|2,2],X[1,1|0,1]]",62,"X[2,0|2,2]",37,"X[1,1|0,1]",4,"(6,8,4,1)",5059,"('A_X1','B_X1','A_X2','B_X2')"
5060,"XX[X[2,0|2,2],X[1,1|0,2]]",62,"X[2,0|2,2]",38,"X[1,1|0,2]",4,"(6,8,4,2)",5060,"('A_X1','B_X1','A_X2','B_X2')"
5061,"XX[X[2,0|2,2],X[1,1|1,0]]",62,"X[2,0|2,2]",39,"X[1,1|1,0]",4,"(6,8,4,3)",5061,"('A_X1','B_X1','A_X2','B_X2')"
5062,"XX[X[2,0|2,2],X[1,1|1,1]]",62,"X[2,0|2,2]",40,"X[1,1|1,1]",4,"(6,8,4,4)",5062,"('A_X1','B_X1','A_X2','B_X2')"
5063,"XX[X[2,0|2,2],X[1,1|1,2]]",62,"X[2,0|2,2]",41,"X[1,1|1,2]",4,"(6,8,4,5)",5063,"('A_X1','B_X1','A_X2','B_X2')"
5064,"XX[X[2,0|2,2],X[1,1|2,0]]",62,"X[2,0|2,2]",42,"X[1,1|2,0]",4,"(6,8,4,6)",5064,"('A_X1','B_X1','A_X2','B_X2')"
5065,"XX[X[2,0|2,2],X[1,1|2,1]]",62,"X[2,0|2,2]",43,"X[1,1|2,1]",4,"(6,8,4,7)",5065,"('A_X1','B_X1','A_X2','B_X2')"
5066,"XX[X[2,0|2,2],X[1,1|2,2]]",62,"X[2,0|2,2]",44,"X[1,1|2,2]",4,"(6,8,4,8)",5066,"('A_X1','B_X1','A_X2','B_X2')"
5067,"XX[X[2,0|2,2],X[1,2|0,0]]",62,"X[2,0|2,2]",45,"X[1,2|0,0]",4,"(6,8,5,0)",5067,"('A_X1','B_X1','A_X2','B_X2')"
5068,"XX[X[2,0|2,2],X[1,2|0,1]]",62,"X[2,0|2,2]",46,"X[1,2|0,1]",4,"(6,8,5,1)",5068,"('A_X1','B_X1','A_X2','B_X2')"
5069,"XX[X[2,0|2,2],X[1,2|0,2]]",62,"X[2,0|2,2]",47,"X[1,2|0,2]",4,"(6,8,5,2)",5069,"('A_X1','B_X1','A_X2','B_X2')"
5070,"XX[X[2,0|2,2],X[1,2|1,0]]",62,"X[2,0|2,2]",48,"X[1,2|1,0]",4,"(6,8,5,3)",5070,"('A_X1','B_X1','A_X2','B_X2')"
5071,"XX[X[2,0|2,2],X[1,2|1,1]]",62,"X[2,0|2,2]",49,"X[1,2|1,1]",4,"(6,8,5,4)",5071,"('A_X1','B_X1','A_X2','B_X2')"
5072,"XX[X[2,0|2,2],X[1,2|1,2]]",62,"X[2,0|2,2]",50,"X[1,2|1,2]",4,"(6,8,5,5)",5072,"('A_X1','B_X1','A_X2','B_X2')"
5073,"XX[X[2,0|2,2],X[1,2|2,0]]",62,"X[2,0|2,2]",51,"X[1,2|2,0]",4,"(6,8,5,6)",5073,"('A_X1','B_X1','A_X2','B_X2')"
5074,"XX[X[2,0|2,2],X[1,2|2,1]]",62,"X[2,0|2,2]",52,"X[1,2|2,1]",4,"(6,8,5,7)",5074,"('A_X1','B_X1','A_X2','B_X2')"
5075,"XX[X[2,0|2,2],X[1,2|2,2]]",62,"X[2,0|2,2]",53,"X[1,2|2,2]",4,"(6,8,5,8)",5075,"('A_X1','B_X1','A_X2','B_X2')"
5076,"XX[X[2,0|2,2],X[2,0|0,0]]",62,"X[2,0|2,2]",54,"X[2,0|0,0]",4,"(6,8,6,0)",5076,"('A_X1','B_X1','A_X2','B_X2')"
5077,"XX[X[2,0|2,2],X[2,0|0,1]]",62,"X[2,0|2,2]",55,"X[2,0|0,1]",4,"(6,8,6,1)",5077,"('A_X1','B_X1','A_X2','B_X2')"
5078,"XX[X[2,0|2,2],X[2,0|0,2]]",62,"X[2,0|2,2]",56,"X[2,0|0,2]",4,"(6,8,6,2)",5078,"('A_X1','B_X1','A_X2','B_X2')"
5079,"XX[X[2,0|2,2],X[2,0|1,0]]",62,"X[2,0|2,2]",57,"X[2,0|1,0]",4,"(6,8,6,3)",5079,"('A_X1','B_X1','A_X2','B_X2')"
5080,"XX[X[2,0|2,2],X[2,0|1,1]]",62,"X[2,0|2,2]",58,"X[2,0|1,1]",4,"(6,8,6,4)",5080,"('A_X1','B_X1','A_X2','B_X2')"
5081,"XX[X[2,0|2,2],X[2,0|1,2]]",62,"X[2,0|2,2]",59,"X[2,0|1,2]",4,"(6,8,6,5)",5081,"('A_X1','B_X1','A_X2','B_X2')"
5082,"XX[X[2,0|2,2],X[2,0|2,0]]",62,"X[2,0|2,2]",60,"X[2,0|2,0]",4,"(6,8,6,6)",5082,"('A_X1','B_X1','A_X2','B_X2')"
5083,"XX[X[2,0|2,2],X[2,0|2,1]]",62,"X[2,0|2,2]",61,"X[2,0|2,1]",4,"(6,8,6,7)",5083,"('A_X1','B_X1','A_X2','B_X2')"
5084,"XX[X[2,0|2,2],X[2,0|2,2]]",62,"X[2,0|2,2]",62,"X[2,0|2,2]",4,"(6,8,6,8)",5084,"('A_X1','B_X1','A_X2','B_X2')"
5085,"XX[X[2,0|2,2],X[2,1|0,0]]",62,"X[2,0|2,2]",63,"X[2,1|0,0]",4,"(6,8,7,0)",5085,"('A_X1','B_X1','A_X2','B_X2')"
5086,"XX[X[2,0|2,2],X[2,1|0,1]]",62,"X[2,0|2,2]",64,"X[2,1|0,1]",4,"(6,8,7,1)",5086,"('A_X1','B_X1','A_X2','B_X2')"
5087,"XX[X[2,0|2,2],X[2,1|0,2]]",62,"X[2,0|2,2]",65,"X[2,1|0,2]",4,"(6,8,7,2)",5087,"('A_X1','B_X1','A_X2','B_X2')"
5088,"XX[X[2,0|2,2],X[2,1|1,0]]",62,"X[2,0|2,2]",66,"X[2,1|1,0]",4,"(6,8,7,3)",5088,"('A_X1','B_X1','A_X2','B_X2')"
5089,"XX[X[2,0|2,2],X[2,1|1,1]]",62,"X[2,0|2,2]",67,"X[2,1|1,1]",4,"(6,8,7,4)",5089,"('A_X1','B_X1','A_X2','B_X2')"
5090,"XX[X[2,0|2,2],X[2,1|1,2]]",62,"X[2,0|2,2]",68,"X[2,1|1,2]",4,"(6,8,7,5)",5090,"('A_X1','B_X1','A_X2','B_X2')"
5091,"XX[X[2,0|2,2],X[2,1|2,0]]",62,"X[2,0|2,2]",69,"X[2,1|2,0]",4,"(6,8,7,6)",5091,"('A_X1','B_X1','A_X2','B_X2')"
5092,"XX[X[2,0|2,2],X[2,1|2,1]]",62,"X[2,0|2,2]",70,"X[2,1|2,1]",4,"(6,8,7,7)",5092,"('A_X1','B_X1','A_X2','B_X2')"
5093,"XX[X[2,0|2,2],X[2,1|2,2]]",62,"X[2,0|2,2]",71,"X[2,1|2,2]",4,"(6,8,7,8)",5093,"('A_X1','B_X1','A_X2','B_X2')"
5094,"XX[X[2,0|2,2],X[2,2|0,0]]",62,"X[2,0|2,2]",72,"X[2,2|0,0]",4,"(6,8,8,0)",5094,"('A_X1','B_X1','A_X2','B_X2')"
5095,"XX[X[2,0|2,2],X[2,2|0,1]]",62,"X[2,0|2,2]",73,"X[2,2|0,1]",4,"(6,8,8,1)",5095,"('A_X1','B_X1','A_X2','B_X2')"
5096,"XX[X[2,0|2,2],X[2,2|0,2]]",62,"X[2,0|2,2]",74,"X[2,2|0,2]",4,"(6,8,8,2)",5096,"('A_X1','B_X1','A_X2','B_X2')"
5097,"XX[X[2,0|2,2],X[2,2|1,0]]",62,"X[2,0|2,2]",75,"X[2,2|1,0]",4,"(6,8,8,3)",5097,"('A_X1','B_X1','A_X2','B_X2')"
5098,"XX[X[2,0|2,2],X[2,2|1,1]]",62,"X[2,0|2,2]",76,"X[2,2|1,1]",4,"(6,8,8,4)",5098,"('A_X1','B_X1','A_X2','B_X2')"
5099,"XX[X[2,0|2,2],X[2,2|1,2]]",62,"X[2,0|2,2]",77,"X[2,2|1,2]",4,"(6,8,8,5)",5099,"('A_X1','B_X1','A_X2','B_X2')"
5100,"XX[X[2,0|2,2],X[2,2|2,0]]",62,"X[2,0|2,2]",78,"X[2,2|2,0]",4,"(6,8,8,6)",5100,"('A_X1','B_X1','A_X2','B_X2')"
5101,"XX[X[2,0|2,2],X[2,2|2,1]]",62,"X[2,0|2,2]",79,"X[2,2|2,1]",4,"(6,8,8,7)",5101,"('A_X1','B_X1','A_X2','B_X2')"
5102,"XX[X[2,0|2,2],X[2,2|2,2]]",62,"X[2,0|2,2]",80,"X[2,2|2,2]",4,"(6,8,8,8)",5102,"('A_X1','B_X1','A_X2','B_X2')"
5103,"XX[X[2,1|0,0],X[0,0|0,0]]",63,"X[2,1|0,0]",0,"X[0,0|0,0]",4,"(7,0,0,0)",5103,"('A_X1','B_X1','A_X2','B_X2')"
5104,"XX[X[2,1|0,0],X[0,0|0,1]]",63,"X[2,1|0,0]",1,"X[0,0|0,1]",4,"(7,0,0,1)",5104,"('A_X1','B_X1','A_X2','B_X2')"
5105,"XX[X[2,1|0,0],X[0,0|0,2]]",63,"X[2,1|0,0]",2,"X[0,0|0,2]",4,"(7,0,0,2)",5105,"('A_X1','B_X1','A_X2','B_X2')"
5106,"XX[X[2,1|0,0],X[0,0|1,0]]",63,"X[2,1|0,0]",3,"X[0,0|1,0]",4,"(7,0,0,3)",5106,"('A_X1','B_X1','A_X2','B_X2')"
5107,"XX[X[2,1|0,0],X[0,0|1,1]]",63,"X[2,1|0,0]",4,"X[0,0|1,1]",4,"(7,0,0,4)",5107,"('A_X1','B_X1','A_X2','B_X2')"
5108,"XX[X[2,1|0,0],X[0,0|1,2]]",63,"X[2,1|0,0]",5,"X[0,0|1,2]",4,"(7,0,0,5)",5108,"('A_X1','B_X1','A_X2','B_X2')"
5109,"XX[X[2,1|0,0],X[0,0|2,0]]",63,"X[2,1|0,0]",6,"X[0,0|2,0]",4,"(7,0,0,6)",5109,"('A_X1','B_X1','A_X2','B_X2')"
5110,"XX[X[2,1|0,0],X[0,0|2,1]]",63,"X[2,1|0,0]",7,"X[0,0|2,1]",4,"(7,0,0,7)",5110,"('A_X1','B_X1','A_X2','B_X2')"
5111,"XX[X[2,1|0,0],X[0,0|2,2]]",63,"X[2,1|0,0]",8,"X[0,0|2,2]",4,"(7,0,0,8)",5111,"('A_X1','B_X1','A_X2','B_X2')"
5112,"XX[X[2,1|0,0],X[0,1|0,0]]",63,"X[2,1|0,0]",9,"X[0,1|0,0]",4,"(7,0,1,0)",5112,"('A_X1','B_X1','A_X2','B_X2')"
5113,"XX[X[2,1|0,0],X[0,1|0,1]]",63,"X[2,1|0,0]",10,"X[0,1|0,1]",4,"(7,0,1,1)",5113,"('A_X1','B_X1','A_X2','B_X2')"
5114,"XX[X[2,1|0,0],X[0,1|0,2]]",63,"X[2,1|0,0]",11,"X[0,1|0,2]",4,"(7,0,1,2)",5114,"('A_X1','B_X1','A_X2','B_X2')"
5115,"XX[X[2,1|0,0],X[0,1|1,0]]",63,"X[2,1|0,0]",12,"X[0,1|1,0]",4,"(7,0,1,3)",5115,"('A_X1','B_X1','A_X2','B_X2')"
5116,"XX[X[2,1|0,0],X[0,1|1,1]]",63,"X[2,1|0,0]",13,"X[0,1|1,1]",4,"(7,0,1,4)",5116,"('A_X1','B_X1','A_X2','B_X2')"
5117,"XX[X[2,1|0,0],X[0,1|1,2]]",63,"X[2,1|0,0]",14,"X[0,1|1,2]",4,"(7,0,1,5)",5117,"('A_X1','B_X1','A_X2','B_X2')"
5118,"XX[X[2,1|0,0],X[0,1|2,0]]",63,"X[2,1|0,0]",15,"X[0,1|2,0]",4,"(7,0,1,6)",5118,"('A_X1','B_X1','A_X2','B_X2')"
5119,"XX[X[2,1|0,0],X[0,1|2,1]]",63,"X[2,1|0,0]",16,"X[0,1|2,1]",4,"(7,0,1,7)",5119,"('A_X1','B_X1','A_X2','B_X2')"
5120,"XX[X[2,1|0,0],X[0,1|2,2]]",63,"X[2,1|0,0]",17,"X[0,1|2,2]",4,"(7,0,1,8)",5120,"('A_X1','B_X1','A_X2','B_X2')"
5121,"XX[X[2,1|0,0],X[0,2|0,0]]",63,"X[2,1|0,0]",18,"X[0,2|0,0]",4,"(7,0,2,0)",5121,"('A_X1','B_X1','A_X2','B_X2')"
5122,"XX[X[2,1|0,0],X[0,2|0,1]]",63,"X[2,1|0,0]",19,"X[0,2|0,1]",4,"(7,0,2,1)",5122,"('A_X1','B_X1','A_X2','B_X2')"
5123,"XX[X[2,1|0,0],X[0,2|0,2]]",63,"X[2,1|0,0]",20,"X[0,2|0,2]",4,"(7,0,2,2)",5123,"('A_X1','B_X1','A_X2','B_X2')"
5124,"XX[X[2,1|0,0],X[0,2|1,0]]",63,"X[2,1|0,0]",21,"X[0,2|1,0]",4,"(7,0,2,3)",5124,"('A_X1','B_X1','A_X2','B_X2')"
5125,"XX[X[2,1|0,0],X[0,2|1,1]]",63,"X[2,1|0,0]",22,"X[0,2|1,1]",4,"(7,0,2,4)",5125,"('A_X1','B_X1','A_X2','B_X2')"
5126,"XX[X[2,1|0,0],X[0,2|1,2]]",63,"X[2,1|0,0]",23,"X[0,2|1,2]",4,"(7,0,2,5)",5126,"('A_X1','B_X1','A_X2','B_X2')"
5127,"XX[X[2,1|0,0],X[0,2|2,0]]",63,"X[2,1|0,0]",24,"X[0,2|2,0]",4,"(7,0,2,6)",5127,"('A_X1','B_X1','A_X2','B_X2')"
5128,"XX[X[2,1|0,0],X[0,2|2,1]]",63,"X[2,1|0,0]",25,"X[0,2|2,1]",4,"(7,0,2,7)",5128,"('A_X1','B_X1','A_X2','B_X2')"
5129,"XX[X[2,1|0,0],X[0,2|2,2]]",63,"X[2,1|0,0]",26,"X[0,2|2,2]",4,"(7,0,2,8)",5129,"('A_X1','B_X1','A_X2','B_X2')"
5130,"XX[X[2,1|0,0],X[1,0|0,0]]",63,"X[2,1|0,0]",27,"X[1,0|0,0]",4,"(7,0,3,0)",5130,"('A_X1','B_X1','A_X2','B_X2')"
5131,"XX[X[2,1|0,0],X[1,0|0,1]]",63,"X[2,1|0,0]",28,"X[1,0|0,1]",4,"(7,0,3,1)",5131,"('A_X1','B_X1','A_X2','B_X2')"
5132,"XX[X[2,1|0,0],X[1,0|0,2]]",63,"X[2,1|0,0]",29,"X[1,0|0,2]",4,"(7,0,3,2)",5132,"('A_X1','B_X1','A_X2','B_X2')"
5133,"XX[X[2,1|0,0],X[1,0|1,0]]",63,"X[2,1|0,0]",30,"X[1,0|1,0]",4,"(7,0,3,3)",5133,"('A_X1','B_X1','A_X2','B_X2')"
5134,"XX[X[2,1|0,0],X[1,0|1,1]]",63,"X[2,1|0,0]",31,"X[1,0|1,1]",4,"(7,0,3,4)",5134,"('A_X1','B_X1','A_X2','B_X2')"
5135,"XX[X[2,1|0,0],X[1,0|1,2]]",63,"X[2,1|0,0]",32,"X[1,0|1,2]",4,"(7,0,3,5)",5135,"('A_X1','B_X1','A_X2','B_X2')"
5136,"XX[X[2,1|0,0],X[1,0|2,0]]",63,"X[2,1|0,0]",33,"X[1,0|2,0]",4,"(7,0,3,6)",5136,"('A_X1','B_X1','A_X2','B_X2')"
5137,"XX[X[2,1|0,0],X[1,0|2,1]]",63,"X[2,1|0,0]",34,"X[1,0|2,1]",4,"(7,0,3,7)",5137,"('A_X1','B_X1','A_X2','B_X2')"
5138,"XX[X[2,1|0,0],X[1,0|2,2]]",63,"X[2,1|0,0]",35,"X[1,0|2,2]",4,"(7,0,3,8)",5138,"('A_X1','B_X1','A_X2','B_X2')"
5139,"XX[X[2,1|0,0],X[1,1|0,0]]",63,"X[2,1|0,0]",36,"X[1,1|0,0]",4,"(7,0,4,0)",5139,"('A_X1','B_X1','A_X2','B_X2')"
5140,"XX[X[2,1|0,0],X[1,1|0,1]]",63,"X[2,1|0,0]",37,"X[1,1|0,1]",4,"(7,0,4,1)",5140,"('A_X1','B_X1','A_X2','B_X2')"
5141,"XX[X[2,1|0,0],X[1,1|0,2]]",63,"X[2,1|0,0]",38,"X[1,1|0,2]",4,"(7,0,4,2)",5141,"('A_X1','B_X1','A_X2','B_X2')"
5142,"XX[X[2,1|0,0],X[1,1|1,0]]",63,"X[2,1|0,0]",39,"X[1,1|1,0]",4,"(7,0,4,3)",5142,"('A_X1','B_X1','A_X2','B_X2')"
5143,"XX[X[2,1|0,0],X[1,1|1,1]]",63,"X[2,1|0,0]",40,"X[1,1|1,1]",4,"(7,0,4,4)",5143,"('A_X1','B_X1','A_X2','B_X2')"
5144,"XX[X[2,1|0,0],X[1,1|1,2]]",63,"X[2,1|0,0]",41,"X[1,1|1,2]",4,"(7,0,4,5)",5144,"('A_X1','B_X1','A_X2','B_X2')"
5145,"XX[X[2,1|0,0],X[1,1|2,0]]",63,"X[2,1|0,0]",42,"X[1,1|2,0]",4,"(7,0,4,6)",5145,"('A_X1','B_X1','A_X2','B_X2')"
5146,"XX[X[2,1|0,0],X[1,1|2,1]]",63,"X[2,1|0,0]",43,"X[1,1|2,1]",4,"(7,0,4,7)",5146,"('A_X1','B_X1','A_X2','B_X2')"
5147,"XX[X[2,1|0,0],X[1,1|2,2]]",63,"X[2,1|0,0]",44,"X[1,1|2,2]",4,"(7,0,4,8)",5147,"('A_X1','B_X1','A_X2','B_X2')"
5148,"XX[X[2,1|0,0],X[1,2|0,0]]",63,"X[2,1|0,0]",45,"X[1,2|0,0]",4,"(7,0,5,0)",5148,"('A_X1','B_X1','A_X2','B_X2')"
5149,"XX[X[2,1|0,0],X[1,2|0,1]]",63,"X[2,1|0,0]",46,"X[1,2|0,1]",4,"(7,0,5,1)",5149,"('A_X1','B_X1','A_X2','B_X2')"
5150,"XX[X[2,1|0,0],X[1,2|0,2]]",63,"X[2,1|0,0]",47,"X[1,2|0,2]",4,"(7,0,5,2)",5150,"('A_X1','B_X1','A_X2','B_X2')"
5151,"XX[X[2,1|0,0],X[1,2|1,0]]",63,"X[2,1|0,0]",48,"X[1,2|1,0]",4,"(7,0,5,3)",5151,"('A_X1','B_X1','A_X2','B_X2')"
5152,"XX[X[2,1|0,0],X[1,2|1,1]]",63,"X[2,1|0,0]",49,"X[1,2|1,1]",4,"(7,0,5,4)",5152,"('A_X1','B_X1','A_X2','B_X2')"
5153,"XX[X[2,1|0,0],X[1,2|1,2]]",63,"X[2,1|0,0]",50,"X[1,2|1,2]",4,"(7,0,5,5)",5153,"('A_X1','B_X1','A_X2','B_X2')"
5154,"XX[X[2,1|0,0],X[1,2|2,0]]",63,"X[2,1|0,0]",51,"X[1,2|2,0]",4,"(7,0,5,6)",5154,"('A_X1','B_X1','A_X2','B_X2')"
5155,"XX[X[2,1|0,0],X[1,2|2,1]]",63,"X[2,1|0,0]",52,"X[1,2|2,1]",4,"(7,0,5,7)",5155,"('A_X1','B_X1','A_X2','B_X2')"
5156,"XX[X[2,1|0,0],X[1,2|2,2]]",63,"X[2,1|0,0]",53,"X[1,2|2,2]",4,"(7,0,5,8)",5156,"('A_X1','B_X1','A_X2','B_X2')"
5157,"XX[X[2,1|0,0],X[2,0|0,0]]",63,"X[2,1|0,0]",54,"X[2,0|0,0]",4,"(7,0,6,0)",5157,"('A_X1','B_X1','A_X2','B_X2')"
5158,"XX[X[2,1|0,0],X[2,0|0,1]]",63,"X[2,1|0,0]",55,"X[2,0|0,1]",4,"(7,0,6,1)",5158,"('A_X1','B_X1','A_X2','B_X2')"
5159,"XX[X[2,1|0,0],X[2,0|0,2]]",63,"X[2,1|0,0]",56,"X[2,0|0,2]",4,"(7,0,6,2)",5159,"('A_X1','B_X1','A_X2','B_X2')"
5160,"XX[X[2,1|0,0],X[2,0|1,0]]",63,"X[2,1|0,0]",57,"X[2,0|1,0]",4,"(7,0,6,3)",5160,"('A_X1','B_X1','A_X2','B_X2')"
5161,"XX[X[2,1|0,0],X[2,0|1,1]]",63,"X[2,1|0,0]",58,"X[2,0|1,1]",4,"(7,0,6,4)",5161,"('A_X1','B_X1','A_X2','B_X2')"
5162,"XX[X[2,1|0,0],X[2,0|1,2]]",63,"X[2,1|0,0]",59,"X[2,0|1,2]",4,"(7,0,6,5)",5162,"('A_X1','B_X1','A_X2','B_X2')"
5163,"XX[X[2,1|0,0],X[2,0|2,0]]",63,"X[2,1|0,0]",60,"X[2,0|2,0]",4,"(7,0,6,6)",5163,"('A_X1','B_X1','A_X2','B_X2')"
5164,"XX[X[2,1|0,0],X[2,0|2,1]]",63,"X[2,1|0,0]",61,"X[2,0|2,1]",4,"(7,0,6,7)",5164,"('A_X1','B_X1','A_X2','B_X2')"
5165,"XX[X[2,1|0,0],X[2,0|2,2]]",63,"X[2,1|0,0]",62,"X[2,0|2,2]",4,"(7,0,6,8)",5165,"('A_X1','B_X1','A_X2','B_X2')"
5166,"XX[X[2,1|0,0],X[2,1|0,0]]",63,"X[2,1|0,0]",63,"X[2,1|0,0]",4,"(7,0,7,0)",5166,"('A_X1','B_X1','A_X2','B_X2')"
5167,"XX[X[2,1|0,0],X[2,1|0,1]]",63,"X[2,1|0,0]",64,"X[2,1|0,1]",4,"(7,0,7,1)",5167,"('A_X1','B_X1','A_X2','B_X2')"
5168,"XX[X[2,1|0,0],X[2,1|0,2]]",63,"X[2,1|0,0]",65,"X[2,1|0,2]",4,"(7,0,7,2)",5168,"('A_X1','B_X1','A_X2','B_X2')"
5169,"XX[X[2,1|0,0],X[2,1|1,0]]",63,"X[2,1|0,0]",66,"X[2,1|1,0]",4,"(7,0,7,3)",5169,"('A_X1','B_X1','A_X2','B_X2')"
5170,"XX[X[2,1|0,0],X[2,1|1,1]]",63,"X[2,1|0,0]",67,"X[2,1|1,1]",4,"(7,0,7,4)",5170,"('A_X1','B_X1','A_X2','B_X2')"
5171,"XX[X[2,1|0,0],X[2,1|1,2]]",63,"X[2,1|0,0]",68,"X[2,1|1,2]",4,"(7,0,7,5)",5171,"('A_X1','B_X1','A_X2','B_X2')"
5172,"XX[X[2,1|0,0],X[2,1|2,0]]",63,"X[2,1|0,0]",69,"X[2,1|2,0]",4,"(7,0,7,6)",5172,"('A_X1','B_X1','A_X2','B_X2')"
5173,"XX[X[2,1|0,0],X[2,1|2,1]]",63,"X[2,1|0,0]",70,"X[2,1|2,1]",4,"(7,0,7,7)",5173,"('A_X1','B_X1','A_X2','B_X2')"
5174,"XX[X[2,1|0,0],X[2,1|2,2]]",63,"X[2,1|0,0]",71,"X[2,1|2,2]",4,"(7,0,7,8)",5174,"('A_X1','B_X1','A_X2','B_X2')"
5175,"XX[X[2,1|0,0],X[2,2|0,0]]",63,"X[2,1|0,0]",72,"X[2,2|0,0]",4,"(7,0,8,0)",5175,"('A_X1','B_X1','A_X2','B_X2')"
5176,"XX[X[2,1|0,0],X[2,2|0,1]]",63,"X[2,1|0,0]",73,"X[2,2|0,1]",4,"(7,0,8,1)",5176,"('A_X1','B_X1','A_X2','B_X2')"
5177,"XX[X[2,1|0,0],X[2,2|0,2]]",63,"X[2,1|0,0]",74,"X[2,2|0,2]",4,"(7,0,8,2)",5177,"('A_X1','B_X1','A_X2','B_X2')"
5178,"XX[X[2,1|0,0],X[2,2|1,0]]",63,"X[2,1|0,0]",75,"X[2,2|1,0]",4,"(7,0,8,3)",5178,"('A_X1','B_X1','A_X2','B_X2')"
5179,"XX[X[2,1|0,0],X[2,2|1,1]]",63,"X[2,1|0,0]",76,"X[2,2|1,1]",4,"(7,0,8,4)",5179,"('A_X1','B_X1','A_X2','B_X2')"
5180,"XX[X[2,1|0,0],X[2,2|1,2]]",63,"X[2,1|0,0]",77,"X[2,2|1,2]",4,"(7,0,8,5)",5180,"('A_X1','B_X1','A_X2','B_X2')"
5181,"XX[X[2,1|0,0],X[2,2|2,0]]",63,"X[2,1|0,0]",78,"X[2,2|2,0]",4,"(7,0,8,6)",5181,"('A_X1','B_X1','A_X2','B_X2')"
5182,"XX[X[2,1|0,0],X[2,2|2,1]]",63,"X[2,1|0,0]",79,"X[2,2|2,1]",4,"(7,0,8,7)",5182,"('A_X1','B_X1','A_X2','B_X2')"
5183,"XX[X[2,1|0,0],X[2,2|2,2]]",63,"X[2,1|0,0]",80,"X[2,2|2,2]",4,"(7,0,8,8)",5183,"('A_X1','B_X1','A_X2','B_X2')"
5184,"XX[X[2,1|0,1],X[0,0|0,0]]",64,"X[2,1|0,1]",0,"X[0,0|0,0]",4,"(7,1,0,0)",5184,"('A_X1','B_X1','A_X2','B_X2')"
5185,"XX[X[2,1|0,1],X[0,0|0,1]]",64,"X[2,1|0,1]",1,"X[0,0|0,1]",4,"(7,1,0,1)",5185,"('A_X1','B_X1','A_X2','B_X2')"
5186,"XX[X[2,1|0,1],X[0,0|0,2]]",64,"X[2,1|0,1]",2,"X[0,0|0,2]",4,"(7,1,0,2)",5186,"('A_X1','B_X1','A_X2','B_X2')"
5187,"XX[X[2,1|0,1],X[0,0|1,0]]",64,"X[2,1|0,1]",3,"X[0,0|1,0]",4,"(7,1,0,3)",5187,"('A_X1','B_X1','A_X2','B_X2')"
5188,"XX[X[2,1|0,1],X[0,0|1,1]]",64,"X[2,1|0,1]",4,"X[0,0|1,1]",4,"(7,1,0,4)",5188,"('A_X1','B_X1','A_X2','B_X2')"
5189,"XX[X[2,1|0,1],X[0,0|1,2]]",64,"X[2,1|0,1]",5,"X[0,0|1,2]",4,"(7,1,0,5)",5189,"('A_X1','B_X1','A_X2','B_X2')"
5190,"XX[X[2,1|0,1],X[0,0|2,0]]",64,"X[2,1|0,1]",6,"X[0,0|2,0]",4,"(7,1,0,6)",5190,"('A_X1','B_X1','A_X2','B_X2')"
5191,"XX[X[2,1|0,1],X[0,0|2,1]]",64,"X[2,1|0,1]",7,"X[0,0|2,1]",4,"(7,1,0,7)",5191,"('A_X1','B_X1','A_X2','B_X2')"
5192,"XX[X[2,1|0,1],X[0,0|2,2]]",64,"X[2,1|0,1]",8,"X[0,0|2,2]",4,"(7,1,0,8)",5192,"('A_X1','B_X1','A_X2','B_X2')"
5193,"XX[X[2,1|0,1],X[0,1|0,0]]",64,"X[2,1|0,1]",9,"X[0,1|0,0]",4,"(7,1,1,0)",5193,"('A_X1','B_X1','A_X2','B_X2')"
5194,"XX[X[2,1|0,1],X[0,1|0,1]]",64,"X[2,1|0,1]",10,"X[0,1|0,1]",4,"(7,1,1,1)",5194,"('A_X1','B_X1','A_X2','B_X2')"
5195,"XX[X[2,1|0,1],X[0,1|0,2]]",64,"X[2,1|0,1]",11,"X[0,1|0,2]",4,"(7,1,1,2)",5195,"('A_X1','B_X1','A_X2','B_X2')"
5196,"XX[X[2,1|0,1],X[0,1|1,0]]",64,"X[2,1|0,1]",12,"X[0,1|1,0]",4,"(7,1,1,3)",5196,"('A_X1','B_X1','A_X2','B_X2')"
5197,"XX[X[2,1|0,1],X[0,1|1,1]]",64,"X[2,1|0,1]",13,"X[0,1|1,1]",4,"(7,1,1,4)",5197,"('A_X1','B_X1','A_X2','B_X2')"
5198,"XX[X[2,1|0,1],X[0,1|1,2]]",64,"X[2,1|0,1]",14,"X[0,1|1,2]",4,"(7,1,1,5)",5198,"('A_X1','B_X1','A_X2','B_X2')"
5199,"XX[X[2,1|0,1],X[0,1|2,0]]",64,"X[2,1|0,1]",15,"X[0,1|2,0]",4,"(7,1,1,6)",5199,"('A_X1','B_X1','A_X2','B_X2')"
5200,"XX[X[2,1|0,1],X[0,1|2,1]]",64,"X[2,1|0,1]",16,"X[0,1|2,1]",4,"(7,1,1,7)",5200,"('A_X1','B_X1','A_X2','B_X2')"
5201,"XX[X[2,1|0,1],X[0,1|2,2]]",64,"X[2,1|0,1]",17,"X[0,1|2,2]",4,"(7,1,1,8)",5201,"('A_X1','B_X1','A_X2','B_X2')"
5202,"XX[X[2,1|0,1],X[0,2|0,0]]",64,"X[2,1|0,1]",18,"X[0,2|0,0]",4,"(7,1,2,0)",5202,"('A_X1','B_X1','A_X2','B_X2')"
5203,"XX[X[2,1|0,1],X[0,2|0,1]]",64,"X[2,1|0,1]",19,"X[0,2|0,1]",4,"(7,1,2,1)",5203,"('A_X1','B_X1','A_X2','B_X2')"
5204,"XX[X[2,1|0,1],X[0,2|0,2]]",64,"X[2,1|0,1]",20,"X[0,2|0,2]",4,"(7,1,2,2)",5204,"('A_X1','B_X1','A_X2','B_X2')"
5205,"XX[X[2,1|0,1],X[0,2|1,0]]",64,"X[2,1|0,1]",21,"X[0,2|1,0]",4,"(7,1,2,3)",5205,"('A_X1','B_X1','A_X2','B_X2')"
5206,"XX[X[2,1|0,1],X[0,2|1,1]]",64,"X[2,1|0,1]",22,"X[0,2|1,1]",4,"(7,1,2,4)",5206,"('A_X1','B_X1','A_X2','B_X2')"
5207,"XX[X[2,1|0,1],X[0,2|1,2]]",64,"X[2,1|0,1]",23,"X[0,2|1,2]",4,"(7,1,2,5)",5207,"('A_X1','B_X1','A_X2','B_X2')"
5208,"XX[X[2,1|0,1],X[0,2|2,0]]",64,"X[2,1|0,1]",24,"X[0,2|2,0]",4,"(7,1,2,6)",5208,"('A_X1','B_X1','A_X2','B_X2')"
5209,"XX[X[2,1|0,1],X[0,2|2,1]]",64,"X[2,1|0,1]",25,"X[0,2|2,1]",4,"(7,1,2,7)",5209,"('A_X1','B_X1','A_X2','B_X2')"
5210,"XX[X[2,1|0,1],X[0,2|2,2]]",64,"X[2,1|0,1]",26,"X[0,2|2,2]",4,"(7,1,2,8)",5210,"('A_X1','B_X1','A_X2','B_X2')"
5211,"XX[X[2,1|0,1],X[1,0|0,0]]",64,"X[2,1|0,1]",27,"X[1,0|0,0]",4,"(7,1,3,0)",5211,"('A_X1','B_X1','A_X2','B_X2')"
5212,"XX[X[2,1|0,1],X[1,0|0,1]]",64,"X[2,1|0,1]",28,"X[1,0|0,1]",4,"(7,1,3,1)",5212,"('A_X1','B_X1','A_X2','B_X2')"
5213,"XX[X[2,1|0,1],X[1,0|0,2]]",64,"X[2,1|0,1]",29,"X[1,0|0,2]",4,"(7,1,3,2)",5213,"('A_X1','B_X1','A_X2','B_X2')"
5214,"XX[X[2,1|0,1],X[1,0|1,0]]",64,"X[2,1|0,1]",30,"X[1,0|1,0]",4,"(7,1,3,3)",5214,"('A_X1','B_X1','A_X2','B_X2')"
5215,"XX[X[2,1|0,1],X[1,0|1,1]]",64,"X[2,1|0,1]",31,"X[1,0|1,1]",4,"(7,1,3,4)",5215,"('A_X1','B_X1','A_X2','B_X2')"
5216,"XX[X[2,1|0,1],X[1,0|1,2]]",64,"X[2,1|0,1]",32,"X[1,0|1,2]",4,"(7,1,3,5)",5216,"('A_X1','B_X1','A_X2','B_X2')"
5217,"XX[X[2,1|0,1],X[1,0|2,0]]",64,"X[2,1|0,1]",33,"X[1,0|2,0]",4,"(7,1,3,6)",5217,"('A_X1','B_X1','A_X2','B_X2')"
5218,"XX[X[2,1|0,1],X[1,0|2,1]]",64,"X[2,1|0,1]",34,"X[1,0|2,1]",4,"(7,1,3,7)",5218,"('A_X1','B_X1','A_X2','B_X2')"
5219,"XX[X[2,1|0,1],X[1,0|2,2]]",64,"X[2,1|0,1]",35,"X[1,0|2,2]",4,"(7,1,3,8)",5219,"('A_X1','B_X1','A_X2','B_X2')"
5220,"XX[X[2,1|0,1],X[1,1|0,0]]",64,"X[2,1|0,1]",36,"X[1,1|0,0]",4,"(7,1,4,0)",5220,"('A_X1','B_X1','A_X2','B_X2')"
5221,"XX[X[2,1|0,1],X[1,1|0,1]]",64,"X[2,1|0,1]",37,"X[1,1|0,1]",4,"(7,1,4,1)",5221,"('A_X1','B_X1','A_X2','B_X2')"
5222,"XX[X[2,1|0,1],X[1,1|0,2]]",64,"X[2,1|0,1]",38,"X[1,1|0,2]",4,"(7,1,4,2)",5222,"('A_X1','B_X1','A_X2','B_X2')"
5223,"XX[X[2,1|0,1],X[1,1|1,0]]",64,"X[2,1|0,1]",39,"X[1,1|1,0]",4,"(7,1,4,3)",5223,"('A_X1','B_X1','A_X2','B_X2')"
5224,"XX[X[2,1|0,1],X[1,1|1,1]]",64,"X[2,1|0,1]",40,"X[1,1|1,1]",4,"(7,1,4,4)",5224,"('A_X1','B_X1','A_X2','B_X2')"
5225,"XX[X[2,1|0,1],X[1,1|1,2]]",64,"X[2,1|0,1]",41,"X[1,1|1,2]",4,"(7,1,4,5)",5225,"('A_X1','B_X1','A_X2','B_X2')"
5226,"XX[X[2,1|0,1],X[1,1|2,0]]",64,"X[2,1|0,1]",42,"X[1,1|2,0]",4,"(7,1,4,6)",5226,"('A_X1','B_X1','A_X2','B_X2')"
5227,"XX[X[2,1|0,1],X[1,1|2,1]]",64,"X[2,1|0,1]",43,"X[1,1|2,1]",4,"(7,1,4,7)",5227,"('A_X1','B_X1','A_X2','B_X2')"
5228,"XX[X[2,1|0,1],X[1,1|2,2]]",64,"X[2,1|0,1]",44,"X[1,1|2,2]",4,"(7,1,4,8)",5228,"('A_X1','B_X1','A_X2','B_X2')"
5229,"XX[X[2,1|0,1],X[1,2|0,0]]",64,"X[2,1|0,1]",45,"X[1,2|0,0]",4,"(7,1,5,0)",5229,"('A_X1','B_X1','A_X2','B_X2')"
5230,"XX[X[2,1|0,1],X[1,2|0,1]]",64,"X[2,1|0,1]",46,"X[1,2|0,1]",4,"(7,1,5,1)",5230,"('A_X1','B_X1','A_X2','B_X2')"
5231,"XX[X[2,1|0,1],X[1,2|0,2]]",64,"X[2,1|0,1]",47,"X[1,2|0,2]",4,"(7,1,5,2)",5231,"('A_X1','B_X1','A_X2','B_X2')"
5232,"XX[X[2,1|0,1],X[1,2|1,0]]",64,"X[2,1|0,1]",48,"X[1,2|1,0]",4,"(7,1,5,3)",5232,"('A_X1','B_X1','A_X2','B_X2')"
5233,"XX[X[2,1|0,1],X[1,2|1,1]]",64,"X[2,1|0,1]",49,"X[1,2|1,1]",4,"(7,1,5,4)",5233,"('A_X1','B_X1','A_X2','B_X2')"
5234,"XX[X[2,1|0,1],X[1,2|1,2]]",64,"X[2,1|0,1]",50,"X[1,2|1,2]",4,"(7,1,5,5)",5234,"('A_X1','B_X1','A_X2','B_X2')"
5235,"XX[X[2,1|0,1],X[1,2|2,0]]",64,"X[2,1|0,1]",51,"X[1,2|2,0]",4,"(7,1,5,6)",5235,"('A_X1','B_X1','A_X2','B_X2')"
5236,"XX[X[2,1|0,1],X[1,2|2,1]]",64,"X[2,1|0,1]",52,"X[1,2|2,1]",4,"(7,1,5,7)",5236,"('A_X1','B_X1','A_X2','B_X2')"
5237,"XX[X[2,1|0,1],X[1,2|2,2]]",64,"X[2,1|0,1]",53,"X[1,2|2,2]",4,"(7,1,5,8)",5237,"('A_X1','B_X1','A_X2','B_X2')"
5238,"XX[X[2,1|0,1],X[2,0|0,0]]",64,"X[2,1|0,1]",54,"X[2,0|0,0]",4,"(7,1,6,0)",5238,"('A_X1','B_X1','A_X2','B_X2')"
5239,"XX[X[2,1|0,1],X[2,0|0,1]]",64,"X[2,1|0,1]",55,"X[2,0|0,1]",4,"(7,1,6,1)",5239,"('A_X1','B_X1','A_X2','B_X2')"
5240,"XX[X[2,1|0,1],X[2,0|0,2]]",64,"X[2,1|0,1]",56,"X[2,0|0,2]",4,"(7,1,6,2)",5240,"('A_X1','B_X1','A_X2','B_X2')"
5241,"XX[X[2,1|0,1],X[2,0|1,0]]",64,"X[2,1|0,1]",57,"X[2,0|1,0]",4,"(7,1,6,3)",5241,"('A_X1','B_X1','A_X2','B_X2')"
5242,"XX[X[2,1|0,1],X[2,0|1,1]]",64,"X[2,1|0,1]",58,"X[2,0|1,1]",4,"(7,1,6,4)",5242,"('A_X1','B_X1','A_X2','B_X2')"
5243,"XX[X[2,1|0,1],X[2,0|1,2]]",64,"X[2,1|0,1]",59,"X[2,0|1,2]",4,"(7,1,6,5)",5243,"('A_X1','B_X1','A_X2','B_X2')"
5244,"XX[X[2,1|0,1],X[2,0|2,0]]",64,"X[2,1|0,1]",60,"X[2,0|2,0]",4,"(7,1,6,6)",5244,"('A_X1','B_X1','A_X2','B_X2')"
5245,"XX[X[2,1|0,1],X[2,0|2,1]]",64,"X[2,1|0,1]",61,"X[2,0|2,1]",4,"(7,1,6,7)",5245,"('A_X1','B_X1','A_X2','B_X2')"
5246,"XX[X[2,1|0,1],X[2,0|2,2]]",64,"X[2,1|0,1]",62,"X[2,0|2,2]",4,"(7,1,6,8)",5246,"('A_X1','B_X1','A_X2','B_X2')"
5247,"XX[X[2,1|0,1],X[2,1|0,0]]",64,"X[2,1|0,1]",63,"X[2,1|0,0]",4,"(7,1,7,0)",5247,"('A_X1','B_X1','A_X2','B_X2')"
5248,"XX[X[2,1|0,1],X[2,1|0,1]]",64,"X[2,1|0,1]",64,"X[2,1|0,1]",4,"(7,1,7,1)",5248,"('A_X1','B_X1','A_X2','B_X2')"
5249,"XX[X[2,1|0,1],X[2,1|0,2]]",64,"X[2,1|0,1]",65,"X[2,1|0,2]",4,"(7,1,7,2)",5249,"('A_X1','B_X1','A_X2','B_X2')"
5250,"XX[X[2,1|0,1],X[2,1|1,0]]",64,"X[2,1|0,1]",66,"X[2,1|1,0]",4,"(7,1,7,3)",5250,"('A_X1','B_X1','A_X2','B_X2')"
5251,"XX[X[2,1|0,1],X[2,1|1,1]]",64,"X[2,1|0,1]",67,"X[2,1|1,1]",4,"(7,1,7,4)",5251,"('A_X1','B_X1','A_X2','B_X2')"
5252,"XX[X[2,1|0,1],X[2,1|1,2]]",64,"X[2,1|0,1]",68,"X[2,1|1,2]",4,"(7,1,7,5)",5252,"('A_X1','B_X1','A_X2','B_X2')"
5253,"XX[X[2,1|0,1],X[2,1|2,0]]",64,"X[2,1|0,1]",69,"X[2,1|2,0]",4,"(7,1,7,6)",5253,"('A_X1','B_X1','A_X2','B_X2')"
5254,"XX[X[2,1|0,1],X[2,1|2,1]]",64,"X[2,1|0,1]",70,"X[2,1|2,1]",4,"(7,1,7,7)",5254,"('A_X1','B_X1','A_X2','B_X2')"
5255,"XX[X[2,1|0,1],X[2,1|2,2]]",64,"X[2,1|0,1]",71,"X[2,1|2,2]",4,"(7,1,7,8)",5255,"('A_X1','B_X1','A_X2','B_X2')"
5256,"XX[X[2,1|0,1],X[2,2|0,0]]",64,"X[2,1|0,1]",72,"X[2,2|0,0]",4,"(7,1,8,0)",5256,"('A_X1','B_X1','A_X2','B_X2')"
5257,"XX[X[2,1|0,1],X[2,2|0,1]]",64,"X[2,1|0,1]",73,"X[2,2|0,1]",4,"(7,1,8,1)",5257,"('A_X1','B_X1','A_X2','B_X2')"
5258,"XX[X[2,1|0,1],X[2,2|0,2]]",64,"X[2,1|0,1]",74,"X[2,2|0,2]",4,"(7,1,8,2)",5258,"('A_X1','B_X1','A_X2','B_X2')"
5259,"XX[X[2,1|0,1],X[2,2|1,0]]",64,"X[2,1|0,1]",75,"X[2,2|1,0]",4,"(7,1,8,3)",5259,"('A_X1','B_X1','A_X2','B_X2')"
5260,"XX[X[2,1|0,1],X[2,2|1,1]]",64,"X[2,1|0,1]",76,"X[2,2|1,1]",4,"(7,1,8,4)",5260,"('A_X1','B_X1','A_X2','B_X2')"
5261,"XX[X[2,1|0,1],X[2,2|1,2]]",64,"X[2,1|0,1]",77,"X[2,2|1,2]",4,"(7,1,8,5)",5261,"('A_X1','B_X1','A_X2','B_X2')"
5262,"XX[X[2,1|0,1],X[2,2|2,0]]",64,"X[2,1|0,1]",78,"X[2,2|2,0]",4,"(7,1,8,6)",5262,"('A_X1','B_X1','A_X2','B_X2')"
5263,"XX[X[2,1|0,1],X[2,2|2,1]]",64,"X[2,1|0,1]",79,"X[2,2|2,1]",4,"(7,1,8,7)",5263,"('A_X1','B_X1','A_X2','B_X2')"
5264,"XX[X[2,1|0,1],X[2,2|2,2]]",64,"X[2,1|0,1]",80,"X[2,2|2,2]",4,"(7,1,8,8)",5264,"('A_X1','B_X1','A_X2','B_X2')"
5265,"XX[X[2,1|0,2],X[0,0|0,0]]",65,"X[2,1|0,2]",0,"X[0,0|0,0]",4,"(7,2,0,0)",5265,"('A_X1','B_X1','A_X2','B_X2')"
5266,"XX[X[2,1|0,2],X[0,0|0,1]]",65,"X[2,1|0,2]",1,"X[0,0|0,1]",4,"(7,2,0,1)",5266,"('A_X1','B_X1','A_X2','B_X2')"
5267,"XX[X[2,1|0,2],X[0,0|0,2]]",65,"X[2,1|0,2]",2,"X[0,0|0,2]",4,"(7,2,0,2)",5267,"('A_X1','B_X1','A_X2','B_X2')"
5268,"XX[X[2,1|0,2],X[0,0|1,0]]",65,"X[2,1|0,2]",3,"X[0,0|1,0]",4,"(7,2,0,3)",5268,"('A_X1','B_X1','A_X2','B_X2')"
5269,"XX[X[2,1|0,2],X[0,0|1,1]]",65,"X[2,1|0,2]",4,"X[0,0|1,1]",4,"(7,2,0,4)",5269,"('A_X1','B_X1','A_X2','B_X2')"
5270,"XX[X[2,1|0,2],X[0,0|1,2]]",65,"X[2,1|0,2]",5,"X[0,0|1,2]",4,"(7,2,0,5)",5270,"('A_X1','B_X1','A_X2','B_X2')"
5271,"XX[X[2,1|0,2],X[0,0|2,0]]",65,"X[2,1|0,2]",6,"X[0,0|2,0]",4,"(7,2,0,6)",5271,"('A_X1','B_X1','A_X2','B_X2')"
5272,"XX[X[2,1|0,2],X[0,0|2,1]]",65,"X[2,1|0,2]",7,"X[0,0|2,1]",4,"(7,2,0,7)",5272,"('A_X1','B_X1','A_X2','B_X2')"
5273,"XX[X[2,1|0,2],X[0,0|2,2]]",65,"X[2,1|0,2]",8,"X[0,0|2,2]",4,"(7,2,0,8)",5273,"('A_X1','B_X1','A_X2','B_X2')"
5274,"XX[X[2,1|0,2],X[0,1|0,0]]",65,"X[2,1|0,2]",9,"X[0,1|0,0]",4,"(7,2,1,0)",5274,"('A_X1','B_X1','A_X2','B_X2')"
5275,"XX[X[2,1|0,2],X[0,1|0,1]]",65,"X[2,1|0,2]",10,"X[0,1|0,1]",4,"(7,2,1,1)",5275,"('A_X1','B_X1','A_X2','B_X2')"
5276,"XX[X[2,1|0,2],X[0,1|0,2]]",65,"X[2,1|0,2]",11,"X[0,1|0,2]",4,"(7,2,1,2)",5276,"('A_X1','B_X1','A_X2','B_X2')"
5277,"XX[X[2,1|0,2],X[0,1|1,0]]",65,"X[2,1|0,2]",12,"X[0,1|1,0]",4,"(7,2,1,3)",5277,"('A_X1','B_X1','A_X2','B_X2')"
5278,"XX[X[2,1|0,2],X[0,1|1,1]]",65,"X[2,1|0,2]",13,"X[0,1|1,1]",4,"(7,2,1,4)",5278,"('A_X1','B_X1','A_X2','B_X2')"
5279,"XX[X[2,1|0,2],X[0,1|1,2]]",65,"X[2,1|0,2]",14,"X[0,1|1,2]",4,"(7,2,1,5)",5279,"('A_X1','B_X1','A_X2','B_X2')"
5280,"XX[X[2,1|0,2],X[0,1|2,0]]",65,"X[2,1|0,2]",15,"X[0,1|2,0]",4,"(7,2,1,6)",5280,"('A_X1','B_X1','A_X2','B_X2')"
5281,"XX[X[2,1|0,2],X[0,1|2,1]]",65,"X[2,1|0,2]",16,"X[0,1|2,1]",4,"(7,2,1,7)",5281,"('A_X1','B_X1','A_X2','B_X2')"
5282,"XX[X[2,1|0,2],X[0,1|2,2]]",65,"X[2,1|0,2]",17,"X[0,1|2,2]",4,"(7,2,1,8)",5282,"('A_X1','B_X1','A_X2','B_X2')"
5283,"XX[X[2,1|0,2],X[0,2|0,0]]",65,"X[2,1|0,2]",18,"X[0,2|0,0]",4,"(7,2,2,0)",5283,"('A_X1','B_X1','A_X2','B_X2')"
5284,"XX[X[2,1|0,2],X[0,2|0,1]]",65,"X[2,1|0,2]",19,"X[0,2|0,1]",4,"(7,2,2,1)",5284,"('A_X1','B_X1','A_X2','B_X2')"
5285,"XX[X[2,1|0,2],X[0,2|0,2]]",65,"X[2,1|0,2]",20,"X[0,2|0,2]",4,"(7,2,2,2)",5285,"('A_X1','B_X1','A_X2','B_X2')"
5286,"XX[X[2,1|0,2],X[0,2|1,0]]",65,"X[2,1|0,2]",21,"X[0,2|1,0]",4,"(7,2,2,3)",5286,"('A_X1','B_X1','A_X2','B_X2')"
5287,"XX[X[2,1|0,2],X[0,2|1,1]]",65,"X[2,1|0,2]",22,"X[0,2|1,1]",4,"(7,2,2,4)",5287,"('A_X1','B_X1','A_X2','B_X2')"
5288,"XX[X[2,1|0,2],X[0,2|1,2]]",65,"X[2,1|0,2]",23,"X[0,2|1,2]",4,"(7,2,2,5)",5288,"('A_X1','B_X1','A_X2','B_X2')"
5289,"XX[X[2,1|0,2],X[0,2|2,0]]",65,"X[2,1|0,2]",24,"X[0,2|2,0]",4,"(7,2,2,6)",5289,"('A_X1','B_X1','A_X2','B_X2')"
5290,"XX[X[2,1|0,2],X[0,2|2,1]]",65,"X[2,1|0,2]",25,"X[0,2|2,1]",4,"(7,2,2,7)",5290,"('A_X1','B_X1','A_X2','B_X2')"
5291,"XX[X[2,1|0,2],X[0,2|2,2]]",65,"X[2,1|0,2]",26,"X[0,2|2,2]",4,"(7,2,2,8)",5291,"('A_X1','B_X1','A_X2','B_X2')"
5292,"XX[X[2,1|0,2],X[1,0|0,0]]",65,"X[2,1|0,2]",27,"X[1,0|0,0]",4,"(7,2,3,0)",5292,"('A_X1','B_X1','A_X2','B_X2')"
5293,"XX[X[2,1|0,2],X[1,0|0,1]]",65,"X[2,1|0,2]",28,"X[1,0|0,1]",4,"(7,2,3,1)",5293,"('A_X1','B_X1','A_X2','B_X2')"
5294,"XX[X[2,1|0,2],X[1,0|0,2]]",65,"X[2,1|0,2]",29,"X[1,0|0,2]",4,"(7,2,3,2)",5294,"('A_X1','B_X1','A_X2','B_X2')"
5295,"XX[X[2,1|0,2],X[1,0|1,0]]",65,"X[2,1|0,2]",30,"X[1,0|1,0]",4,"(7,2,3,3)",5295,"('A_X1','B_X1','A_X2','B_X2')"
5296,"XX[X[2,1|0,2],X[1,0|1,1]]",65,"X[2,1|0,2]",31,"X[1,0|1,1]",4,"(7,2,3,4)",5296,"('A_X1','B_X1','A_X2','B_X2')"
5297,"XX[X[2,1|0,2],X[1,0|1,2]]",65,"X[2,1|0,2]",32,"X[1,0|1,2]",4,"(7,2,3,5)",5297,"('A_X1','B_X1','A_X2','B_X2')"
5298,"XX[X[2,1|0,2],X[1,0|2,0]]",65,"X[2,1|0,2]",33,"X[1,0|2,0]",4,"(7,2,3,6)",5298,"('A_X1','B_X1','A_X2','B_X2')"
5299,"XX[X[2,1|0,2],X[1,0|2,1]]",65,"X[2,1|0,2]",34,"X[1,0|2,1]",4,"(7,2,3,7)",5299,"('A_X1','B_X1','A_X2','B_X2')"
5300,"XX[X[2,1|0,2],X[1,0|2,2]]",65,"X[2,1|0,2]",35,"X[1,0|2,2]",4,"(7,2,3,8)",5300,"('A_X1','B_X1','A_X2','B_X2')"
5301,"XX[X[2,1|0,2],X[1,1|0,0]]",65,"X[2,1|0,2]",36,"X[1,1|0,0]",4,"(7,2,4,0)",5301,"('A_X1','B_X1','A_X2','B_X2')"
5302,"XX[X[2,1|0,2],X[1,1|0,1]]",65,"X[2,1|0,2]",37,"X[1,1|0,1]",4,"(7,2,4,1)",5302,"('A_X1','B_X1','A_X2','B_X2')"
5303,"XX[X[2,1|0,2],X[1,1|0,2]]",65,"X[2,1|0,2]",38,"X[1,1|0,2]",4,"(7,2,4,2)",5303,"('A_X1','B_X1','A_X2','B_X2')"
5304,"XX[X[2,1|0,2],X[1,1|1,0]]",65,"X[2,1|0,2]",39,"X[1,1|1,0]",4,"(7,2,4,3)",5304,"('A_X1','B_X1','A_X2','B_X2')"
5305,"XX[X[2,1|0,2],X[1,1|1,1]]",65,"X[2,1|0,2]",40,"X[1,1|1,1]",4,"(7,2,4,4)",5305,"('A_X1','B_X1','A_X2','B_X2')"
5306,"XX[X[2,1|0,2],X[1,1|1,2]]",65,"X[2,1|0,2]",41,"X[1,1|1,2]",4,"(7,2,4,5)",5306,"('A_X1','B_X1','A_X2','B_X2')"
5307,"XX[X[2,1|0,2],X[1,1|2,0]]",65,"X[2,1|0,2]",42,"X[1,1|2,0]",4,"(7,2,4,6)",5307,"('A_X1','B_X1','A_X2','B_X2')"
5308,"XX[X[2,1|0,2],X[1,1|2,1]]",65,"X[2,1|0,2]",43,"X[1,1|2,1]",4,"(7,2,4,7)",5308,"('A_X1','B_X1','A_X2','B_X2')"
5309,"XX[X[2,1|0,2],X[1,1|2,2]]",65,"X[2,1|0,2]",44,"X[1,1|2,2]",4,"(7,2,4,8)",5309,"('A_X1','B_X1','A_X2','B_X2')"
5310,"XX[X[2,1|0,2],X[1,2|0,0]]",65,"X[2,1|0,2]",45,"X[1,2|0,0]",4,"(7,2,5,0)",5310,"('A_X1','B_X1','A_X2','B_X2')"
5311,"XX[X[2,1|0,2],X[1,2|0,1]]",65,"X[2,1|0,2]",46,"X[1,2|0,1]",4,"(7,2,5,1)",5311,"('A_X1','B_X1','A_X2','B_X2')"
5312,"XX[X[2,1|0,2],X[1,2|0,2]]",65,"X[2,1|0,2]",47,"X[1,2|0,2]",4,"(7,2,5,2)",5312,"('A_X1','B_X1','A_X2','B_X2')"
5313,"XX[X[2,1|0,2],X[1,2|1,0]]",65,"X[2,1|0,2]",48,"X[1,2|1,0]",4,"(7,2,5,3)",5313,"('A_X1','B_X1','A_X2','B_X2')"
5314,"XX[X[2,1|0,2],X[1,2|1,1]]",65,"X[2,1|0,2]",49,"X[1,2|1,1]",4,"(7,2,5,4)",5314,"('A_X1','B_X1','A_X2','B_X2')"
5315,"XX[X[2,1|0,2],X[1,2|1,2]]",65,"X[2,1|0,2]",50,"X[1,2|1,2]",4,"(7,2,5,5)",5315,"('A_X1','B_X1','A_X2','B_X2')"
5316,"XX[X[2,1|0,2],X[1,2|2,0]]",65,"X[2,1|0,2]",51,"X[1,2|2,0]",4,"(7,2,5,6)",5316,"('A_X1','B_X1','A_X2','B_X2')"
5317,"XX[X[2,1|0,2],X[1,2|2,1]]",65,"X[2,1|0,2]",52,"X[1,2|2,1]",4,"(7,2,5,7)",5317,"('A_X1','B_X1','A_X2','B_X2')"
5318,"XX[X[2,1|0,2],X[1,2|2,2]]",65,"X[2,1|0,2]",53,"X[1,2|2,2]",4,"(7,2,5,8)",5318,"('A_X1','B_X1','A_X2','B_X2')"
5319,"XX[X[2,1|0,2],X[2,0|0,0]]",65,"X[2,1|0,2]",54,"X[2,0|0,0]",4,"(7,2,6,0)",5319,"('A_X1','B_X1','A_X2','B_X2')"
5320,"XX[X[2,1|0,2],X[2,0|0,1]]",65,"X[2,1|0,2]",55,"X[2,0|0,1]",4,"(7,2,6,1)",5320,"('A_X1','B_X1','A_X2','B_X2')"
5321,"XX[X[2,1|0,2],X[2,0|0,2]]",65,"X[2,1|0,2]",56,"X[2,0|0,2]",4,"(7,2,6,2)",5321,"('A_X1','B_X1','A_X2','B_X2')"
5322,"XX[X[2,1|0,2],X[2,0|1,0]]",65,"X[2,1|0,2]",57,"X[2,0|1,0]",4,"(7,2,6,3)",5322,"('A_X1','B_X1','A_X2','B_X2')"
5323,"XX[X[2,1|0,2],X[2,0|1,1]]",65,"X[2,1|0,2]",58,"X[2,0|1,1]",4,"(7,2,6,4)",5323,"('A_X1','B_X1','A_X2','B_X2')"
5324,"XX[X[2,1|0,2],X[2,0|1,2]]",65,"X[2,1|0,2]",59,"X[2,0|1,2]",4,"(7,2,6,5)",5324,"('A_X1','B_X1','A_X2','B_X2')"
5325,"XX[X[2,1|0,2],X[2,0|2,0]]",65,"X[2,1|0,2]",60,"X[2,0|2,0]",4,"(7,2,6,6)",5325,"('A_X1','B_X1','A_X2','B_X2')"
5326,"XX[X[2,1|0,2],X[2,0|2,1]]",65,"X[2,1|0,2]",61,"X[2,0|2,1]",4,"(7,2,6,7)",5326,"('A_X1','B_X1','A_X2','B_X2')"
5327,"XX[X[2,1|0,2],X[2,0|2,2]]",65,"X[2,1|0,2]",62,"X[2,0|2,2]",4,"(7,2,6,8)",5327,"('A_X1','B_X1','A_X2','B_X2')"
5328,"XX[X[2,1|0,2],X[2,1|0,0]]",65,"X[2,1|0,2]",63,"X[2,1|0,0]",4,"(7,2,7,0)",5328,"('A_X1','B_X1','A_X2','B_X2')"
5329,"XX[X[2,1|0,2],X[2,1|0,1]]",65,"X[2,1|0,2]",64,"X[2,1|0,1]",4,"(7,2,7,1)",5329,"('A_X1','B_X1','A_X2','B_X2')"
5330,"XX[X[2,1|0,2],X[2,1|0,2]]",65,"X[2,1|0,2]",65,"X[2,1|0,2]",4,"(7,2,7,2)",5330,"('A_X1','B_X1','A_X2','B_X2')"
5331,"XX[X[2,1|0,2],X[2,1|1,0]]",65,"X[2,1|0,2]",66,"X[2,1|1,0]",4,"(7,2,7,3)",5331,"('A_X1','B_X1','A_X2','B_X2')"
5332,"XX[X[2,1|0,2],X[2,1|1,1]]",65,"X[2,1|0,2]",67,"X[2,1|1,1]",4,"(7,2,7,4)",5332,"('A_X1','B_X1','A_X2','B_X2')"
5333,"XX[X[2,1|0,2],X[2,1|1,2]]",65,"X[2,1|0,2]",68,"X[2,1|1,2]",4,"(7,2,7,5)",5333,"('A_X1','B_X1','A_X2','B_X2')"
5334,"XX[X[2,1|0,2],X[2,1|2,0]]",65,"X[2,1|0,2]",69,"X[2,1|2,0]",4,"(7,2,7,6)",5334,"('A_X1','B_X1','A_X2','B_X2')"
5335,"XX[X[2,1|0,2],X[2,1|2,1]]",65,"X[2,1|0,2]",70,"X[2,1|2,1]",4,"(7,2,7,7)",5335,"('A_X1','B_X1','A_X2','B_X2')"
5336,"XX[X[2,1|0,2],X[2,1|2,2]]",65,"X[2,1|0,2]",71,"X[2,1|2,2]",4,"(7,2,7,8)",5336,"('A_X1','B_X1','A_X2','B_X2')"
5337,"XX[X[2,1|0,2],X[2,2|0,0]]",65,"X[2,1|0,2]",72,"X[2,2|0,0]",4,"(7,2,8,0)",5337,"('A_X1','B_X1','A_X2','B_X2')"
5338,"XX[X[2,1|0,2],X[2,2|0,1]]",65,"X[2,1|0,2]",73,"X[2,2|0,1]",4,"(7,2,8,1)",5338,"('A_X1','B_X1','A_X2','B_X2')"
5339,"XX[X[2,1|0,2],X[2,2|0,2]]",65,"X[2,1|0,2]",74,"X[2,2|0,2]",4,"(7,2,8,2)",5339,"('A_X1','B_X1','A_X2','B_X2')"
5340,"XX[X[2,1|0,2],X[2,2|1,0]]",65,"X[2,1|0,2]",75,"X[2,2|1,0]",4,"(7,2,8,3)",5340,"('A_X1','B_X1','A_X2','B_X2')"
5341,"XX[X[2,1|0,2],X[2,2|1,1]]",65,"X[2,1|0,2]",76,"X[2,2|1,1]",4,"(7,2,8,4)",5341,"('A_X1','B_X1','A_X2','B_X2')"
5342,"XX[X[2,1|0,2],X[2,2|1,2]]",65,"X[2,1|0,2]",77,"X[2,2|1,2]",4,"(7,2,8,5)",5342,"('A_X1','B_X1','A_X2','B_X2')"
5343,"XX[X[2,1|0,2],X[2,2|2,0]]",65,"X[2,1|0,2]",78,"X[2,2|2,0]",4,"(7,2,8,6)",5343,"('A_X1','B_X1','A_X2','B_X2')"
5344,"XX[X[2,1|0,2],X[2,2|2,1]]",65,"X[2,1|0,2]",79,"X[2,2|2,1]",4,"(7,2,8,7)",5344,"('A_X1','B_X1','A_X2','B_X2')"
5345,"XX[X[2,1|0,2],X[2,2|2,2]]",65,"X[2,1|0,2]",80,"X[2,2|2,2]",4,"(7,2,8,8)",5345,"('A_X1','B_X1','A_X2','B_X2')"
5346,"XX[X[2,1|1,0],X[0,0|0,0]]",66,"X[2,1|1,0]",0,"X[0,0|0,0]",4,"(7,3,0,0)",5346,"('A_X1','B_X1','A_X2','B_X2')"
5347,"XX[X[2,1|1,0],X[0,0|0,1]]",66,"X[2,1|1,0]",1,"X[0,0|0,1]",4,"(7,3,0,1)",5347,"('A_X1','B_X1','A_X2','B_X2')"
5348,"XX[X[2,1|1,0],X[0,0|0,2]]",66,"X[2,1|1,0]",2,"X[0,0|0,2]",4,"(7,3,0,2)",5348,"('A_X1','B_X1','A_X2','B_X2')"
5349,"XX[X[2,1|1,0],X[0,0|1,0]]",66,"X[2,1|1,0]",3,"X[0,0|1,0]",4,"(7,3,0,3)",5349,"('A_X1','B_X1','A_X2','B_X2')"
5350,"XX[X[2,1|1,0],X[0,0|1,1]]",66,"X[2,1|1,0]",4,"X[0,0|1,1]",4,"(7,3,0,4)",5350,"('A_X1','B_X1','A_X2','B_X2')"
5351,"XX[X[2,1|1,0],X[0,0|1,2]]",66,"X[2,1|1,0]",5,"X[0,0|1,2]",4,"(7,3,0,5)",5351,"('A_X1','B_X1','A_X2','B_X2')"
5352,"XX[X[2,1|1,0],X[0,0|2,0]]",66,"X[2,1|1,0]",6,"X[0,0|2,0]",4,"(7,3,0,6)",5352,"('A_X1','B_X1','A_X2','B_X2')"
5353,"XX[X[2,1|1,0],X[0,0|2,1]]",66,"X[2,1|1,0]",7,"X[0,0|2,1]",4,"(7,3,0,7)",5353,"('A_X1','B_X1','A_X2','B_X2')"
5354,"XX[X[2,1|1,0],X[0,0|2,2]]",66,"X[2,1|1,0]",8,"X[0,0|2,2]",4,"(7,3,0,8)",5354,"('A_X1','B_X1','A_X2','B_X2')"
5355,"XX[X[2,1|1,0],X[0,1|0,0]]",66,"X[2,1|1,0]",9,"X[0,1|0,0]",4,"(7,3,1,0)",5355,"('A_X1','B_X1','A_X2','B_X2')"
5356,"XX[X[2,1|1,0],X[0,1|0,1]]",66,"X[2,1|1,0]",10,"X[0,1|0,1]",4,"(7,3,1,1)",5356,"('A_X1','B_X1','A_X2','B_X2')"
5357,"XX[X[2,1|1,0],X[0,1|0,2]]",66,"X[2,1|1,0]",11,"X[0,1|0,2]",4,"(7,3,1,2)",5357,"('A_X1','B_X1','A_X2','B_X2')"
5358,"XX[X[2,1|1,0],X[0,1|1,0]]",66,"X[2,1|1,0]",12,"X[0,1|1,0]",4,"(7,3,1,3)",5358,"('A_X1','B_X1','A_X2','B_X2')"
5359,"XX[X[2,1|1,0],X[0,1|1,1]]",66,"X[2,1|1,0]",13,"X[0,1|1,1]",4,"(7,3,1,4)",5359,"('A_X1','B_X1','A_X2','B_X2')"
5360,"XX[X[2,1|1,0],X[0,1|1,2]]",66,"X[2,1|1,0]",14,"X[0,1|1,2]",4,"(7,3,1,5)",5360,"('A_X1','B_X1','A_X2','B_X2')"
5361,"XX[X[2,1|1,0],X[0,1|2,0]]",66,"X[2,1|1,0]",15,"X[0,1|2,0]",4,"(7,3,1,6)",5361,"('A_X1','B_X1','A_X2','B_X2')"
5362,"XX[X[2,1|1,0],X[0,1|2,1]]",66,"X[2,1|1,0]",16,"X[0,1|2,1]",4,"(7,3,1,7)",5362,"('A_X1','B_X1','A_X2','B_X2')"
5363,"XX[X[2,1|1,0],X[0,1|2,2]]",66,"X[2,1|1,0]",17,"X[0,1|2,2]",4,"(7,3,1,8)",5363,"('A_X1','B_X1','A_X2','B_X2')"
5364,"XX[X[2,1|1,0],X[0,2|0,0]]",66,"X[2,1|1,0]",18,"X[0,2|0,0]",4,"(7,3,2,0)",5364,"('A_X1','B_X1','A_X2','B_X2')"
5365,"XX[X[2,1|1,0],X[0,2|0,1]]",66,"X[2,1|1,0]",19,"X[0,2|0,1]",4,"(7,3,2,1)",5365,"('A_X1','B_X1','A_X2','B_X2')"
5366,"XX[X[2,1|1,0],X[0,2|0,2]]",66,"X[2,1|1,0]",20,"X[0,2|0,2]",4,"(7,3,2,2)",5366,"('A_X1','B_X1','A_X2','B_X2')"
5367,"XX[X[2,1|1,0],X[0,2|1,0]]",66,"X[2,1|1,0]",21,"X[0,2|1,0]",4,"(7,3,2,3)",5367,"('A_X1','B_X1','A_X2','B_X2')"
5368,"XX[X[2,1|1,0],X[0,2|1,1]]",66,"X[2,1|1,0]",22,"X[0,2|1,1]",4,"(7,3,2,4)",5368,"('A_X1','B_X1','A_X2','B_X2')"
5369,"XX[X[2,1|1,0],X[0,2|1,2]]",66,"X[2,1|1,0]",23,"X[0,2|1,2]",4,"(7,3,2,5)",5369,"('A_X1','B_X1','A_X2','B_X2')"
5370,"XX[X[2,1|1,0],X[0,2|2,0]]",66,"X[2,1|1,0]",24,"X[0,2|2,0]",4,"(7,3,2,6)",5370,"('A_X1','B_X1','A_X2','B_X2')"
5371,"XX[X[2,1|1,0],X[0,2|2,1]]",66,"X[2,1|1,0]",25,"X[0,2|2,1]",4,"(7,3,2,7)",5371,"('A_X1','B_X1','A_X2','B_X2')"
5372,"XX[X[2,1|1,0],X[0,2|2,2]]",66,"X[2,1|1,0]",26,"X[0,2|2,2]",4,"(7,3,2,8)",5372,"('A_X1','B_X1','A_X2','B_X2')"
5373,"XX[X[2,1|1,0],X[1,0|0,0]]",66,"X[2,1|1,0]",27,"X[1,0|0,0]",4,"(7,3,3,0)",5373,"('A_X1','B_X1','A_X2','B_X2')"
5374,"XX[X[2,1|1,0],X[1,0|0,1]]",66,"X[2,1|1,0]",28,"X[1,0|0,1]",4,"(7,3,3,1)",5374,"('A_X1','B_X1','A_X2','B_X2')"
5375,"XX[X[2,1|1,0],X[1,0|0,2]]",66,"X[2,1|1,0]",29,"X[1,0|0,2]",4,"(7,3,3,2)",5375,"('A_X1','B_X1','A_X2','B_X2')"
5376,"XX[X[2,1|1,0],X[1,0|1,0]]",66,"X[2,1|1,0]",30,"X[1,0|1,0]",4,"(7,3,3,3)",5376,"('A_X1','B_X1','A_X2','B_X2')"
5377,"XX[X[2,1|1,0],X[1,0|1,1]]",66,"X[2,1|1,0]",31,"X[1,0|1,1]",4,"(7,3,3,4)",5377,"('A_X1','B_X1','A_X2','B_X2')"
5378,"XX[X[2,1|1,0],X[1,0|1,2]]",66,"X[2,1|1,0]",32,"X[1,0|1,2]",4,"(7,3,3,5)",5378,"('A_X1','B_X1','A_X2','B_X2')"
5379,"XX[X[2,1|1,0],X[1,0|2,0]]",66,"X[2,1|1,0]",33,"X[1,0|2,0]",4,"(7,3,3,6)",5379,"('A_X1','B_X1','A_X2','B_X2')"
5380,"XX[X[2,1|1,0],X[1,0|2,1]]",66,"X[2,1|1,0]",34,"X[1,0|2,1]",4,"(7,3,3,7)",5380,"('A_X1','B_X1','A_X2','B_X2')"
5381,"XX[X[2,1|1,0],X[1,0|2,2]]",66,"X[2,1|1,0]",35,"X[1,0|2,2]",4,"(7,3,3,8)",5381,"('A_X1','B_X1','A_X2','B_X2')"
5382,"XX[X[2,1|1,0],X[1,1|0,0]]",66,"X[2,1|1,0]",36,"X[1,1|0,0]",4,"(7,3,4,0)",5382,"('A_X1','B_X1','A_X2','B_X2')"
5383,"XX[X[2,1|1,0],X[1,1|0,1]]",66,"X[2,1|1,0]",37,"X[1,1|0,1]",4,"(7,3,4,1)",5383,"('A_X1','B_X1','A_X2','B_X2')"
5384,"XX[X[2,1|1,0],X[1,1|0,2]]",66,"X[2,1|1,0]",38,"X[1,1|0,2]",4,"(7,3,4,2)",5384,"('A_X1','B_X1','A_X2','B_X2')"
5385,"XX[X[2,1|1,0],X[1,1|1,0]]",66,"X[2,1|1,0]",39,"X[1,1|1,0]",4,"(7,3,4,3)",5385,"('A_X1','B_X1','A_X2','B_X2')"
5386,"XX[X[2,1|1,0],X[1,1|1,1]]",66,"X[2,1|1,0]",40,"X[1,1|1,1]",4,"(7,3,4,4)",5386,"('A_X1','B_X1','A_X2','B_X2')"
5387,"XX[X[2,1|1,0],X[1,1|1,2]]",66,"X[2,1|1,0]",41,"X[1,1|1,2]",4,"(7,3,4,5)",5387,"('A_X1','B_X1','A_X2','B_X2')"
5388,"XX[X[2,1|1,0],X[1,1|2,0]]",66,"X[2,1|1,0]",42,"X[1,1|2,0]",4,"(7,3,4,6)",5388,"('A_X1','B_X1','A_X2','B_X2')"
5389,"XX[X[2,1|1,0],X[1,1|2,1]]",66,"X[2,1|1,0]",43,"X[1,1|2,1]",4,"(7,3,4,7)",5389,"('A_X1','B_X1','A_X2','B_X2')"
5390,"XX[X[2,1|1,0],X[1,1|2,2]]",66,"X[2,1|1,0]",44,"X[1,1|2,2]",4,"(7,3,4,8)",5390,"('A_X1','B_X1','A_X2','B_X2')"
5391,"XX[X[2,1|1,0],X[1,2|0,0]]",66,"X[2,1|1,0]",45,"X[1,2|0,0]",4,"(7,3,5,0)",5391,"('A_X1','B_X1','A_X2','B_X2')"
5392,"XX[X[2,1|1,0],X[1,2|0,1]]",66,"X[2,1|1,0]",46,"X[1,2|0,1]",4,"(7,3,5,1)",5392,"('A_X1','B_X1','A_X2','B_X2')"
5393,"XX[X[2,1|1,0],X[1,2|0,2]]",66,"X[2,1|1,0]",47,"X[1,2|0,2]",4,"(7,3,5,2)",5393,"('A_X1','B_X1','A_X2','B_X2')"
5394,"XX[X[2,1|1,0],X[1,2|1,0]]",66,"X[2,1|1,0]",48,"X[1,2|1,0]",4,"(7,3,5,3)",5394,"('A_X1','B_X1','A_X2','B_X2')"
5395,"XX[X[2,1|1,0],X[1,2|1,1]]",66,"X[2,1|1,0]",49,"X[1,2|1,1]",4,"(7,3,5,4)",5395,"('A_X1','B_X1','A_X2','B_X2')"
5396,"XX[X[2,1|1,0],X[1,2|1,2]]",66,"X[2,1|1,0]",50,"X[1,2|1,2]",4,"(7,3,5,5)",5396,"('A_X1','B_X1','A_X2','B_X2')"
5397,"XX[X[2,1|1,0],X[1,2|2,0]]",66,"X[2,1|1,0]",51,"X[1,2|2,0]",4,"(7,3,5,6)",5397,"('A_X1','B_X1','A_X2','B_X2')"
5398,"XX[X[2,1|1,0],X[1,2|2,1]]",66,"X[2,1|1,0]",52,"X[1,2|2,1]",4,"(7,3,5,7)",5398,"('A_X1','B_X1','A_X2','B_X2')"
5399,"XX[X[2,1|1,0],X[1,2|2,2]]",66,"X[2,1|1,0]",53,"X[1,2|2,2]",4,"(7,3,5,8)",5399,"('A_X1','B_X1','A_X2','B_X2')"
5400,"XX[X[2,1|1,0],X[2,0|0,0]]",66,"X[2,1|1,0]",54,"X[2,0|0,0]",4,"(7,3,6,0)",5400,"('A_X1','B_X1','A_X2','B_X2')"
5401,"XX[X[2,1|1,0],X[2,0|0,1]]",66,"X[2,1|1,0]",55,"X[2,0|0,1]",4,"(7,3,6,1)",5401,"('A_X1','B_X1','A_X2','B_X2')"
5402,"XX[X[2,1|1,0],X[2,0|0,2]]",66,"X[2,1|1,0]",56,"X[2,0|0,2]",4,"(7,3,6,2)",5402,"('A_X1','B_X1','A_X2','B_X2')"
5403,"XX[X[2,1|1,0],X[2,0|1,0]]",66,"X[2,1|1,0]",57,"X[2,0|1,0]",4,"(7,3,6,3)",5403,"('A_X1','B_X1','A_X2','B_X2')"
5404,"XX[X[2,1|1,0],X[2,0|1,1]]",66,"X[2,1|1,0]",58,"X[2,0|1,1]",4,"(7,3,6,4)",5404,"('A_X1','B_X1','A_X2','B_X2')"
5405,"XX[X[2,1|1,0],X[2,0|1,2]]",66,"X[2,1|1,0]",59,"X[2,0|1,2]",4,"(7,3,6,5)",5405,"('A_X1','B_X1','A_X2','B_X2')"
5406,"XX[X[2,1|1,0],X[2,0|2,0]]",66,"X[2,1|1,0]",60,"X[2,0|2,0]",4,"(7,3,6,6)",5406,"('A_X1','B_X1','A_X2','B_X2')"
5407,"XX[X[2,1|1,0],X[2,0|2,1]]",66,"X[2,1|1,0]",61,"X[2,0|2,1]",4,"(7,3,6,7)",5407,"('A_X1','B_X1','A_X2','B_X2')"
5408,"XX[X[2,1|1,0],X[2,0|2,2]]",66,"X[2,1|1,0]",62,"X[2,0|2,2]",4,"(7,3,6,8)",5408,"('A_X1','B_X1','A_X2','B_X2')"
5409,"XX[X[2,1|1,0],X[2,1|0,0]]",66,"X[2,1|1,0]",63,"X[2,1|0,0]",4,"(7,3,7,0)",5409,"('A_X1','B_X1','A_X2','B_X2')"
5410,"XX[X[2,1|1,0],X[2,1|0,1]]",66,"X[2,1|1,0]",64,"X[2,1|0,1]",4,"(7,3,7,1)",5410,"('A_X1','B_X1','A_X2','B_X2')"
5411,"XX[X[2,1|1,0],X[2,1|0,2]]",66,"X[2,1|1,0]",65,"X[2,1|0,2]",4,"(7,3,7,2)",5411,"('A_X1','B_X1','A_X2','B_X2')"
5412,"XX[X[2,1|1,0],X[2,1|1,0]]",66,"X[2,1|1,0]",66,"X[2,1|1,0]",4,"(7,3,7,3)",5412,"('A_X1','B_X1','A_X2','B_X2')"
5413,"XX[X[2,1|1,0],X[2,1|1,1]]",66,"X[2,1|1,0]",67,"X[2,1|1,1]",4,"(7,3,7,4)",5413,"('A_X1','B_X1','A_X2','B_X2')"
5414,"XX[X[2,1|1,0],X[2,1|1,2]]",66,"X[2,1|1,0]",68,"X[2,1|1,2]",4,"(7,3,7,5)",5414,"('A_X1','B_X1','A_X2','B_X2')"
5415,"XX[X[2,1|1,0],X[2,1|2,0]]",66,"X[2,1|1,0]",69,"X[2,1|2,0]",4,"(7,3,7,6)",5415,"('A_X1','B_X1','A_X2','B_X2')"
5416,"XX[X[2,1|1,0],X[2,1|2,1]]",66,"X[2,1|1,0]",70,"X[2,1|2,1]",4,"(7,3,7,7)",5416,"('A_X1','B_X1','A_X2','B_X2')"
5417,"XX[X[2,1|1,0],X[2,1|2,2]]",66,"X[2,1|1,0]",71,"X[2,1|2,2]",4,"(7,3,7,8)",5417,"('A_X1','B_X1','A_X2','B_X2')"
5418,"XX[X[2,1|1,0],X[2,2|0,0]]",66,"X[2,1|1,0]",72,"X[2,2|0,0]",4,"(7,3,8,0)",5418,"('A_X1','B_X1','A_X2','B_X2')"
5419,"XX[X[2,1|1,0],X[2,2|0,1]]",66,"X[2,1|1,0]",73,"X[2,2|0,1]",4,"(7,3,8,1)",5419,"('A_X1','B_X1','A_X2','B_X2')"
5420,"XX[X[2,1|1,0],X[2,2|0,2]]",66,"X[2,1|1,0]",74,"X[2,2|0,2]",4,"(7,3,8,2)",5420,"('A_X1','B_X1','A_X2','B_X2')"
5421,"XX[X[2,1|1,0],X[2,2|1,0]]",66,"X[2,1|1,0]",75,"X[2,2|1,0]",4,"(7,3,8,3)",5421,"('A_X1','B_X1','A_X2','B_X2')"
5422,"XX[X[2,1|1,0],X[2,2|1,1]]",66,"X[2,1|1,0]",76,"X[2,2|1,1]",4,"(7,3,8,4)",5422,"('A_X1','B_X1','A_X2','B_X2')"
5423,"XX[X[2,1|1,0],X[2,2|1,2]]",66,"X[2,1|1,0]",77,"X[2,2|1,2]",4,"(7,3,8,5)",5423,"('A_X1','B_X1','A_X2','B_X2')"
5424,"XX[X[2,1|1,0],X[2,2|2,0]]",66,"X[2,1|1,0]",78,"X[2,2|2,0]",4,"(7,3,8,6)",5424,"('A_X1','B_X1','A_X2','B_X2')"
5425,"XX[X[2,1|1,0],X[2,2|2,1]]",66,"X[2,1|1,0]",79,"X[2,2|2,1]",4,"(7,3,8,7)",5425,"('A_X1','B_X1','A_X2','B_X2')"
5426,"XX[X[2,1|1,0],X[2,2|2,2]]",66,"X[2,1|1,0]",80,"X[2,2|2,2]",4,"(7,3,8,8)",5426,"('A_X1','B_X1','A_X2','B_X2')"
5427,"XX[X[2,1|1,1],X[0,0|0,0]]",67,"X[2,1|1,1]",0,"X[0,0|0,0]",4,"(7,4,0,0)",5427,"('A_X1','B_X1','A_X2','B_X2')"
5428,"XX[X[2,1|1,1],X[0,0|0,1]]",67,"X[2,1|1,1]",1,"X[0,0|0,1]",4,"(7,4,0,1)",5428,"('A_X1','B_X1','A_X2','B_X2')"
5429,"XX[X[2,1|1,1],X[0,0|0,2]]",67,"X[2,1|1,1]",2,"X[0,0|0,2]",4,"(7,4,0,2)",5429,"('A_X1','B_X1','A_X2','B_X2')"
5430,"XX[X[2,1|1,1],X[0,0|1,0]]",67,"X[2,1|1,1]",3,"X[0,0|1,0]",4,"(7,4,0,3)",5430,"('A_X1','B_X1','A_X2','B_X2')"
5431,"XX[X[2,1|1,1],X[0,0|1,1]]",67,"X[2,1|1,1]",4,"X[0,0|1,1]",4,"(7,4,0,4)",5431,"('A_X1','B_X1','A_X2','B_X2')"
5432,"XX[X[2,1|1,1],X[0,0|1,2]]",67,"X[2,1|1,1]",5,"X[0,0|1,2]",4,"(7,4,0,5)",5432,"('A_X1','B_X1','A_X2','B_X2')"
5433,"XX[X[2,1|1,1],X[0,0|2,0]]",67,"X[2,1|1,1]",6,"X[0,0|2,0]",4,"(7,4,0,6)",5433,"('A_X1','B_X1','A_X2','B_X2')"
5434,"XX[X[2,1|1,1],X[0,0|2,1]]",67,"X[2,1|1,1]",7,"X[0,0|2,1]",4,"(7,4,0,7)",5434,"('A_X1','B_X1','A_X2','B_X2')"
5435,"XX[X[2,1|1,1],X[0,0|2,2]]",67,"X[2,1|1,1]",8,"X[0,0|2,2]",4,"(7,4,0,8)",5435,"('A_X1','B_X1','A_X2','B_X2')"
5436,"XX[X[2,1|1,1],X[0,1|0,0]]",67,"X[2,1|1,1]",9,"X[0,1|0,0]",4,"(7,4,1,0)",5436,"('A_X1','B_X1','A_X2','B_X2')"
5437,"XX[X[2,1|1,1],X[0,1|0,1]]",67,"X[2,1|1,1]",10,"X[0,1|0,1]",4,"(7,4,1,1)",5437,"('A_X1','B_X1','A_X2','B_X2')"
5438,"XX[X[2,1|1,1],X[0,1|0,2]]",67,"X[2,1|1,1]",11,"X[0,1|0,2]",4,"(7,4,1,2)",5438,"('A_X1','B_X1','A_X2','B_X2')"
5439,"XX[X[2,1|1,1],X[0,1|1,0]]",67,"X[2,1|1,1]",12,"X[0,1|1,0]",4,"(7,4,1,3)",5439,"('A_X1','B_X1','A_X2','B_X2')"
5440,"XX[X[2,1|1,1],X[0,1|1,1]]",67,"X[2,1|1,1]",13,"X[0,1|1,1]",4,"(7,4,1,4)",5440,"('A_X1','B_X1','A_X2','B_X2')"
5441,"XX[X[2,1|1,1],X[0,1|1,2]]",67,"X[2,1|1,1]",14,"X[0,1|1,2]",4,"(7,4,1,5)",5441,"('A_X1','B_X1','A_X2','B_X2')"
5442,"XX[X[2,1|1,1],X[0,1|2,0]]",67,"X[2,1|1,1]",15,"X[0,1|2,0]",4,"(7,4,1,6)",5442,"('A_X1','B_X1','A_X2','B_X2')"
5443,"XX[X[2,1|1,1],X[0,1|2,1]]",67,"X[2,1|1,1]",16,"X[0,1|2,1]",4,"(7,4,1,7)",5443,"('A_X1','B_X1','A_X2','B_X2')"
5444,"XX[X[2,1|1,1],X[0,1|2,2]]",67,"X[2,1|1,1]",17,"X[0,1|2,2]",4,"(7,4,1,8)",5444,"('A_X1','B_X1','A_X2','B_X2')"
5445,"XX[X[2,1|1,1],X[0,2|0,0]]",67,"X[2,1|1,1]",18,"X[0,2|0,0]",4,"(7,4,2,0)",5445,"('A_X1','B_X1','A_X2','B_X2')"
5446,"XX[X[2,1|1,1],X[0,2|0,1]]",67,"X[2,1|1,1]",19,"X[0,2|0,1]",4,"(7,4,2,1)",5446,"('A_X1','B_X1','A_X2','B_X2')"
5447,"XX[X[2,1|1,1],X[0,2|0,2]]",67,"X[2,1|1,1]",20,"X[0,2|0,2]",4,"(7,4,2,2)",5447,"('A_X1','B_X1','A_X2','B_X2')"
5448,"XX[X[2,1|1,1],X[0,2|1,0]]",67,"X[2,1|1,1]",21,"X[0,2|1,0]",4,"(7,4,2,3)",5448,"('A_X1','B_X1','A_X2','B_X2')"
5449,"XX[X[2,1|1,1],X[0,2|1,1]]",67,"X[2,1|1,1]",22,"X[0,2|1,1]",4,"(7,4,2,4)",5449,"('A_X1','B_X1','A_X2','B_X2')"
5450,"XX[X[2,1|1,1],X[0,2|1,2]]",67,"X[2,1|1,1]",23,"X[0,2|1,2]",4,"(7,4,2,5)",5450,"('A_X1','B_X1','A_X2','B_X2')"
5451,"XX[X[2,1|1,1],X[0,2|2,0]]",67,"X[2,1|1,1]",24,"X[0,2|2,0]",4,"(7,4,2,6)",5451,"('A_X1','B_X1','A_X2','B_X2')"
5452,"XX[X[2,1|1,1],X[0,2|2,1]]",67,"X[2,1|1,1]",25,"X[0,2|2,1]",4,"(7,4,2,7)",5452,"('A_X1','B_X1','A_X2','B_X2')"
5453,"XX[X[2,1|1,1],X[0,2|2,2]]",67,"X[2,1|1,1]",26,"X[0,2|2,2]",4,"(7,4,2,8)",5453,"('A_X1','B_X1','A_X2','B_X2')"
5454,"XX[X[2,1|1,1],X[1,0|0,0]]",67,"X[2,1|1,1]",27,"X[1,0|0,0]",4,"(7,4,3,0)",5454,"('A_X1','B_X1','A_X2','B_X2')"
5455,"XX[X[2,1|1,1],X[1,0|0,1]]",67,"X[2,1|1,1]",28,"X[1,0|0,1]",4,"(7,4,3,1)",5455,"('A_X1','B_X1','A_X2','B_X2')"
5456,"XX[X[2,1|1,1],X[1,0|0,2]]",67,"X[2,1|1,1]",29,"X[1,0|0,2]",4,"(7,4,3,2)",5456,"('A_X1','B_X1','A_X2','B_X2')"
5457,"XX[X[2,1|1,1],X[1,0|1,0]]",67,"X[2,1|1,1]",30,"X[1,0|1,0]",4,"(7,4,3,3)",5457,"('A_X1','B_X1','A_X2','B_X2')"
5458,"XX[X[2,1|1,1],X[1,0|1,1]]",67,"X[2,1|1,1]",31,"X[1,0|1,1]",4,"(7,4,3,4)",5458,"('A_X1','B_X1','A_X2','B_X2')"
5459,"XX[X[2,1|1,1],X[1,0|1,2]]",67,"X[2,1|1,1]",32,"X[1,0|1,2]",4,"(7,4,3,5)",5459,"('A_X1','B_X1','A_X2','B_X2')"
5460,"XX[X[2,1|1,1],X[1,0|2,0]]",67,"X[2,1|1,1]",33,"X[1,0|2,0]",4,"(7,4,3,6)",5460,"('A_X1','B_X1','A_X2','B_X2')"
5461,"XX[X[2,1|1,1],X[1,0|2,1]]",67,"X[2,1|1,1]",34,"X[1,0|2,1]",4,"(7,4,3,7)",5461,"('A_X1','B_X1','A_X2','B_X2')"
5462,"XX[X[2,1|1,1],X[1,0|2,2]]",67,"X[2,1|1,1]",35,"X[1,0|2,2]",4,"(7,4,3,8)",5462,"('A_X1','B_X1','A_X2','B_X2')"
5463,"XX[X[2,1|1,1],X[1,1|0,0]]",67,"X[2,1|1,1]",36,"X[1,1|0,0]",4,"(7,4,4,0)",5463,"('A_X1','B_X1','A_X2','B_X2')"
5464,"XX[X[2,1|1,1],X[1,1|0,1]]",67,"X[2,1|1,1]",37,"X[1,1|0,1]",4,"(7,4,4,1)",5464,"('A_X1','B_X1','A_X2','B_X2')"
5465,"XX[X[2,1|1,1],X[1,1|0,2]]",67,"X[2,1|1,1]",38,"X[1,1|0,2]",4,"(7,4,4,2)",5465,"('A_X1','B_X1','A_X2','B_X2')"
5466,"XX[X[2,1|1,1],X[1,1|1,0]]",67,"X[2,1|1,1]",39,"X[1,1|1,0]",4,"(7,4,4,3)",5466,"('A_X1','B_X1','A_X2','B_X2')"
5467,"XX[X[2,1|1,1],X[1,1|1,1]]",67,"X[2,1|1,1]",40,"X[1,1|1,1]",4,"(7,4,4,4)",5467,"('A_X1','B_X1','A_X2','B_X2')"
5468,"XX[X[2,1|1,1],X[1,1|1,2]]",67,"X[2,1|1,1]",41,"X[1,1|1,2]",4,"(7,4,4,5)",5468,"('A_X1','B_X1','A_X2','B_X2')"
5469,"XX[X[2,1|1,1],X[1,1|2,0]]",67,"X[2,1|1,1]",42,"X[1,1|2,0]",4,"(7,4,4,6)",5469,"('A_X1','B_X1','A_X2','B_X2')"
5470,"XX[X[2,1|1,1],X[1,1|2,1]]",67,"X[2,1|1,1]",43,"X[1,1|2,1]",4,"(7,4,4,7)",5470,"('A_X1','B_X1','A_X2','B_X2')"
5471,"XX[X[2,1|1,1],X[1,1|2,2]]",67,"X[2,1|1,1]",44,"X[1,1|2,2]",4,"(7,4,4,8)",5471,"('A_X1','B_X1','A_X2','B_X2')"
5472,"XX[X[2,1|1,1],X[1,2|0,0]]",67,"X[2,1|1,1]",45,"X[1,2|0,0]",4,"(7,4,5,0)",5472,"('A_X1','B_X1','A_X2','B_X2')"
5473,"XX[X[2,1|1,1],X[1,2|0,1]]",67,"X[2,1|1,1]",46,"X[1,2|0,1]",4,"(7,4,5,1)",5473,"('A_X1','B_X1','A_X2','B_X2')"
5474,"XX[X[2,1|1,1],X[1,2|0,2]]",67,"X[2,1|1,1]",47,"X[1,2|0,2]",4,"(7,4,5,2)",5474,"('A_X1','B_X1','A_X2','B_X2')"
5475,"XX[X[2,1|1,1],X[1,2|1,0]]",67,"X[2,1|1,1]",48,"X[1,2|1,0]",4,"(7,4,5,3)",5475,"('A_X1','B_X1','A_X2','B_X2')"
5476,"XX[X[2,1|1,1],X[1,2|1,1]]",67,"X[2,1|1,1]",49,"X[1,2|1,1]",4,"(7,4,5,4)",5476,"('A_X1','B_X1','A_X2','B_X2')"
5477,"XX[X[2,1|1,1],X[1,2|1,2]]",67,"X[2,1|1,1]",50,"X[1,2|1,2]",4,"(7,4,5,5)",5477,"('A_X1','B_X1','A_X2','B_X2')"
5478,"XX[X[2,1|1,1],X[1,2|2,0]]",67,"X[2,1|1,1]",51,"X[1,2|2,0]",4,"(7,4,5,6)",5478,"('A_X1','B_X1','A_X2','B_X2')"
5479,"XX[X[2,1|1,1],X[1,2|2,1]]",67,"X[2,1|1,1]",52,"X[1,2|2,1]",4,"(7,4,5,7)",5479,"('A_X1','B_X1','A_X2','B_X2')"
5480,"XX[X[2,1|1,1],X[1,2|2,2]]",67,"X[2,1|1,1]",53,"X[1,2|2,2]",4,"(7,4,5,8)",5480,"('A_X1','B_X1','A_X2','B_X2')"
5481,"XX[X[2,1|1,1],X[2,0|0,0]]",67,"X[2,1|1,1]",54,"X[2,0|0,0]",4,"(7,4,6,0)",5481,"('A_X1','B_X1','A_X2','B_X2')"
5482,"XX[X[2,1|1,1],X[2,0|0,1]]",67,"X[2,1|1,1]",55,"X[2,0|0,1]",4,"(7,4,6,1)",5482,"('A_X1','B_X1','A_X2','B_X2')"
5483,"XX[X[2,1|1,1],X[2,0|0,2]]",67,"X[2,1|1,1]",56,"X[2,0|0,2]",4,"(7,4,6,2)",5483,"('A_X1','B_X1','A_X2','B_X2')"
5484,"XX[X[2,1|1,1],X[2,0|1,0]]",67,"X[2,1|1,1]",57,"X[2,0|1,0]",4,"(7,4,6,3)",5484,"('A_X1','B_X1','A_X2','B_X2')"
5485,"XX[X[2,1|1,1],X[2,0|1,1]]",67,"X[2,1|1,1]",58,"X[2,0|1,1]",4,"(7,4,6,4)",5485,"('A_X1','B_X1','A_X2','B_X2')"
5486,"XX[X[2,1|1,1],X[2,0|1,2]]",67,"X[2,1|1,1]",59,"X[2,0|1,2]",4,"(7,4,6,5)",5486,"('A_X1','B_X1','A_X2','B_X2')"
5487,"XX[X[2,1|1,1],X[2,0|2,0]]",67,"X[2,1|1,1]",60,"X[2,0|2,0]",4,"(7,4,6,6)",5487,"('A_X1','B_X1','A_X2','B_X2')"
5488,"XX[X[2,1|1,1],X[2,0|2,1]]",67,"X[2,1|1,1]",61,"X[2,0|2,1]",4,"(7,4,6,7)",5488,"('A_X1','B_X1','A_X2','B_X2')"
5489,"XX[X[2,1|1,1],X[2,0|2,2]]",67,"X[2,1|1,1]",62,"X[2,0|2,2]",4,"(7,4,6,8)",5489,"('A_X1','B_X1','A_X2','B_X2')"
5490,"XX[X[2,1|1,1],X[2,1|0,0]]",67,"X[2,1|1,1]",63,"X[2,1|0,0]",4,"(7,4,7,0)",5490,"('A_X1','B_X1','A_X2','B_X2')"
5491,"XX[X[2,1|1,1],X[2,1|0,1]]",67,"X[2,1|1,1]",64,"X[2,1|0,1]",4,"(7,4,7,1)",5491,"('A_X1','B_X1','A_X2','B_X2')"
5492,"XX[X[2,1|1,1],X[2,1|0,2]]",67,"X[2,1|1,1]",65,"X[2,1|0,2]",4,"(7,4,7,2)",5492,"('A_X1','B_X1','A_X2','B_X2')"
5493,"XX[X[2,1|1,1],X[2,1|1,0]]",67,"X[2,1|1,1]",66,"X[2,1|1,0]",4,"(7,4,7,3)",5493,"('A_X1','B_X1','A_X2','B_X2')"
5494,"XX[X[2,1|1,1],X[2,1|1,1]]",67,"X[2,1|1,1]",67,"X[2,1|1,1]",4,"(7,4,7,4)",5494,"('A_X1','B_X1','A_X2','B_X2')"
5495,"XX[X[2,1|1,1],X[2,1|1,2]]",67,"X[2,1|1,1]",68,"X[2,1|1,2]",4,"(7,4,7,5)",5495,"('A_X1','B_X1','A_X2','B_X2')"
5496,"XX[X[2,1|1,1],X[2,1|2,0]]",67,"X[2,1|1,1]",69,"X[2,1|2,0]",4,"(7,4,7,6)",5496,"('A_X1','B_X1','A_X2','B_X2')"
5497,"XX[X[2,1|1,1],X[2,1|2,1]]",67,"X[2,1|1,1]",70,"X[2,1|2,1]",4,"(7,4,7,7)",5497,"('A_X1','B_X1','A_X2','B_X2')"
5498,"XX[X[2,1|1,1],X[2,1|2,2]]",67,"X[2,1|1,1]",71,"X[2,1|2,2]",4,"(7,4,7,8)",5498,"('A_X1','B_X1','A_X2','B_X2')"
5499,"XX[X[2,1|1,1],X[2,2|0,0]]",67,"X[2,1|1,1]",72,"X[2,2|0,0]",4,"(7,4,8,0)",5499,"('A_X1','B_X1','A_X2','B_X2')"
5500,"XX[X[2,1|1,1],X[2,2|0,1]]",67,"X[2,1|1,1]",73,"X[2,2|0,1]",4,"(7,4,8,1)",5500,"('A_X1','B_X1','A_X2','B_X2')"
5501,"XX[X[2,1|1,1],X[2,2|0,2]]",67,"X[2,1|1,1]",74,"X[2,2|0,2]",4,"(7,4,8,2)",5501,"('A_X1','B_X1','A_X2','B_X2')"
5502,"XX[X[2,1|1,1],X[2,2|1,0]]",67,"X[2,1|1,1]",75,"X[2,2|1,0]",4,"(7,4,8,3)",5502,"('A_X1','B_X1','A_X2','B_X2')"
5503,"XX[X[2,1|1,1],X[2,2|1,1]]",67,"X[2,1|1,1]",76,"X[2,2|1,1]",4,"(7,4,8,4)",5503,"('A_X1','B_X1','A_X2','B_X2')"
5504,"XX[X[2,1|1,1],X[2,2|1,2]]",67,"X[2,1|1,1]",77,"X[2,2|1,2]",4,"(7,4,8,5)",5504,"('A_X1','B_X1','A_X2','B_X2')"
5505,"XX[X[2,1|1,1],X[2,2|2,0]]",67,"X[2,1|1,1]",78,"X[2,2|2,0]",4,"(7,4,8,6)",5505,"('A_X1','B_X1','A_X2','B_X2')"
5506,"XX[X[2,1|1,1],X[2,2|2,1]]",67,"X[2,1|1,1]",79,"X[2,2|2,1]",4,"(7,4,8,7)",5506,"('A_X1','B_X1','A_X2','B_X2')"
5507,"XX[X[2,1|1,1],X[2,2|2,2]]",67,"X[2,1|1,1]",80,"X[2,2|2,2]",4,"(7,4,8,8)",5507,"('A_X1','B_X1','A_X2','B_X2')"
5508,"XX[X[2,1|1,2],X[0,0|0,0]]",68,"X[2,1|1,2]",0,"X[0,0|0,0]",4,"(7,5,0,0)",5508,"('A_X1','B_X1','A_X2','B_X2')"
5509,"XX[X[2,1|1,2],X[0,0|0,1]]",68,"X[2,1|1,2]",1,"X[0,0|0,1]",4,"(7,5,0,1)",5509,"('A_X1','B_X1','A_X2','B_X2')"
5510,"XX[X[2,1|1,2],X[0,0|0,2]]",68,"X[2,1|1,2]",2,"X[0,0|0,2]",4,"(7,5,0,2)",5510,"('A_X1','B_X1','A_X2','B_X2')"
5511,"XX[X[2,1|1,2],X[0,0|1,0]]",68,"X[2,1|1,2]",3,"X[0,0|1,0]",4,"(7,5,0,3)",5511,"('A_X1','B_X1','A_X2','B_X2')"
5512,"XX[X[2,1|1,2],X[0,0|1,1]]",68,"X[2,1|1,2]",4,"X[0,0|1,1]",4,"(7,5,0,4)",5512,"('A_X1','B_X1','A_X2','B_X2')"
5513,"XX[X[2,1|1,2],X[0,0|1,2]]",68,"X[2,1|1,2]",5,"X[0,0|1,2]",4,"(7,5,0,5)",5513,"('A_X1','B_X1','A_X2','B_X2')"
5514,"XX[X[2,1|1,2],X[0,0|2,0]]",68,"X[2,1|1,2]",6,"X[0,0|2,0]",4,"(7,5,0,6)",5514,"('A_X1','B_X1','A_X2','B_X2')"
5515,"XX[X[2,1|1,2],X[0,0|2,1]]",68,"X[2,1|1,2]",7,"X[0,0|2,1]",4,"(7,5,0,7)",5515,"('A_X1','B_X1','A_X2','B_X2')"
5516,"XX[X[2,1|1,2],X[0,0|2,2]]",68,"X[2,1|1,2]",8,"X[0,0|2,2]",4,"(7,5,0,8)",5516,"('A_X1','B_X1','A_X2','B_X2')"
5517,"XX[X[2,1|1,2],X[0,1|0,0]]",68,"X[2,1|1,2]",9,"X[0,1|0,0]",4,"(7,5,1,0)",5517,"('A_X1','B_X1','A_X2','B_X2')"
5518,"XX[X[2,1|1,2],X[0,1|0,1]]",68,"X[2,1|1,2]",10,"X[0,1|0,1]",4,"(7,5,1,1)",5518,"('A_X1','B_X1','A_X2','B_X2')"
5519,"XX[X[2,1|1,2],X[0,1|0,2]]",68,"X[2,1|1,2]",11,"X[0,1|0,2]",4,"(7,5,1,2)",5519,"('A_X1','B_X1','A_X2','B_X2')"
5520,"XX[X[2,1|1,2],X[0,1|1,0]]",68,"X[2,1|1,2]",12,"X[0,1|1,0]",4,"(7,5,1,3)",5520,"('A_X1','B_X1','A_X2','B_X2')"
5521,"XX[X[2,1|1,2],X[0,1|1,1]]",68,"X[2,1|1,2]",13,"X[0,1|1,1]",4,"(7,5,1,4)",5521,"('A_X1','B_X1','A_X2','B_X2')"
5522,"XX[X[2,1|1,2],X[0,1|1,2]]",68,"X[2,1|1,2]",14,"X[0,1|1,2]",4,"(7,5,1,5)",5522,"('A_X1','B_X1','A_X2','B_X2')"
5523,"XX[X[2,1|1,2],X[0,1|2,0]]",68,"X[2,1|1,2]",15,"X[0,1|2,0]",4,"(7,5,1,6)",5523,"('A_X1','B_X1','A_X2','B_X2')"
5524,"XX[X[2,1|1,2],X[0,1|2,1]]",68,"X[2,1|1,2]",16,"X[0,1|2,1]",4,"(7,5,1,7)",5524,"('A_X1','B_X1','A_X2','B_X2')"
5525,"XX[X[2,1|1,2],X[0,1|2,2]]",68,"X[2,1|1,2]",17,"X[0,1|2,2]",4,"(7,5,1,8)",5525,"('A_X1','B_X1','A_X2','B_X2')"
5526,"XX[X[2,1|1,2],X[0,2|0,0]]",68,"X[2,1|1,2]",18,"X[0,2|0,0]",4,"(7,5,2,0)",5526,"('A_X1','B_X1','A_X2','B_X2')"
5527,"XX[X[2,1|1,2],X[0,2|0,1]]",68,"X[2,1|1,2]",19,"X[0,2|0,1]",4,"(7,5,2,1)",5527,"('A_X1','B_X1','A_X2','B_X2')"
5528,"XX[X[2,1|1,2],X[0,2|0,2]]",68,"X[2,1|1,2]",20,"X[0,2|0,2]",4,"(7,5,2,2)",5528,"('A_X1','B_X1','A_X2','B_X2')"
5529,"XX[X[2,1|1,2],X[0,2|1,0]]",68,"X[2,1|1,2]",21,"X[0,2|1,0]",4,"(7,5,2,3)",5529,"('A_X1','B_X1','A_X2','B_X2')"
5530,"XX[X[2,1|1,2],X[0,2|1,1]]",68,"X[2,1|1,2]",22,"X[0,2|1,1]",4,"(7,5,2,4)",5530,"('A_X1','B_X1','A_X2','B_X2')"
5531,"XX[X[2,1|1,2],X[0,2|1,2]]",68,"X[2,1|1,2]",23,"X[0,2|1,2]",4,"(7,5,2,5)",5531,"('A_X1','B_X1','A_X2','B_X2')"
5532,"XX[X[2,1|1,2],X[0,2|2,0]]",68,"X[2,1|1,2]",24,"X[0,2|2,0]",4,"(7,5,2,6)",5532,"('A_X1','B_X1','A_X2','B_X2')"
5533,"XX[X[2,1|1,2],X[0,2|2,1]]",68,"X[2,1|1,2]",25,"X[0,2|2,1]",4,"(7,5,2,7)",5533,"('A_X1','B_X1','A_X2','B_X2')"
5534,"XX[X[2,1|1,2],X[0,2|2,2]]",68,"X[2,1|1,2]",26,"X[0,2|2,2]",4,"(7,5,2,8)",5534,"('A_X1','B_X1','A_X2','B_X2')"
5535,"XX[X[2,1|1,2],X[1,0|0,0]]",68,"X[2,1|1,2]",27,"X[1,0|0,0]",4,"(7,5,3,0)",5535,"('A_X1','B_X1','A_X2','B_X2')"
5536,"XX[X[2,1|1,2],X[1,0|0,1]]",68,"X[2,1|1,2]",28,"X[1,0|0,1]",4,"(7,5,3,1)",5536,"('A_X1','B_X1','A_X2','B_X2')"
5537,"XX[X[2,1|1,2],X[1,0|0,2]]",68,"X[2,1|1,2]",29,"X[1,0|0,2]",4,"(7,5,3,2)",5537,"('A_X1','B_X1','A_X2','B_X2')"
5538,"XX[X[2,1|1,2],X[1,0|1,0]]",68,"X[2,1|1,2]",30,"X[1,0|1,0]",4,"(7,5,3,3)",5538,"('A_X1','B_X1','A_X2','B_X2')"
5539,"XX[X[2,1|1,2],X[1,0|1,1]]",68,"X[2,1|1,2]",31,"X[1,0|1,1]",4,"(7,5,3,4)",5539,"('A_X1','B_X1','A_X2','B_X2')"
5540,"XX[X[2,1|1,2],X[1,0|1,2]]",68,"X[2,1|1,2]",32,"X[1,0|1,2]",4,"(7,5,3,5)",5540,"('A_X1','B_X1','A_X2','B_X2')"
5541,"XX[X[2,1|1,2],X[1,0|2,0]]",68,"X[2,1|1,2]",33,"X[1,0|2,0]",4,"(7,5,3,6)",5541,"('A_X1','B_X1','A_X2','B_X2')"
5542,"XX[X[2,1|1,2],X[1,0|2,1]]",68,"X[2,1|1,2]",34,"X[1,0|2,1]",4,"(7,5,3,7)",5542,"('A_X1','B_X1','A_X2','B_X2')"
5543,"XX[X[2,1|1,2],X[1,0|2,2]]",68,"X[2,1|1,2]",35,"X[1,0|2,2]",4,"(7,5,3,8)",5543,"('A_X1','B_X1','A_X2','B_X2')"
5544,"XX[X[2,1|1,2],X[1,1|0,0]]",68,"X[2,1|1,2]",36,"X[1,1|0,0]",4,"(7,5,4,0)",5544,"('A_X1','B_X1','A_X2','B_X2')"
5545,"XX[X[2,1|1,2],X[1,1|0,1]]",68,"X[2,1|1,2]",37,"X[1,1|0,1]",4,"(7,5,4,1)",5545,"('A_X1','B_X1','A_X2','B_X2')"
5546,"XX[X[2,1|1,2],X[1,1|0,2]]",68,"X[2,1|1,2]",38,"X[1,1|0,2]",4,"(7,5,4,2)",5546,"('A_X1','B_X1','A_X2','B_X2')"
5547,"XX[X[2,1|1,2],X[1,1|1,0]]",68,"X[2,1|1,2]",39,"X[1,1|1,0]",4,"(7,5,4,3)",5547,"('A_X1','B_X1','A_X2','B_X2')"
5548,"XX[X[2,1|1,2],X[1,1|1,1]]",68,"X[2,1|1,2]",40,"X[1,1|1,1]",4,"(7,5,4,4)",5548,"('A_X1','B_X1','A_X2','B_X2')"
5549,"XX[X[2,1|1,2],X[1,1|1,2]]",68,"X[2,1|1,2]",41,"X[1,1|1,2]",4,"(7,5,4,5)",5549,"('A_X1','B_X1','A_X2','B_X2')"
5550,"XX[X[2,1|1,2],X[1,1|2,0]]",68,"X[2,1|1,2]",42,"X[1,1|2,0]",4,"(7,5,4,6)",5550,"('A_X1','B_X1','A_X2','B_X2')"
5551,"XX[X[2,1|1,2],X[1,1|2,1]]",68,"X[2,1|1,2]",43,"X[1,1|2,1]",4,"(7,5,4,7)",5551,"('A_X1','B_X1','A_X2','B_X2')"
5552,"XX[X[2,1|1,2],X[1,1|2,2]]",68,"X[2,1|1,2]",44,"X[1,1|2,2]",4,"(7,5,4,8)",5552,"('A_X1','B_X1','A_X2','B_X2')"
5553,"XX[X[2,1|1,2],X[1,2|0,0]]",68,"X[2,1|1,2]",45,"X[1,2|0,0]",4,"(7,5,5,0)",5553,"('A_X1','B_X1','A_X2','B_X2')"
5554,"XX[X[2,1|1,2],X[1,2|0,1]]",68,"X[2,1|1,2]",46,"X[1,2|0,1]",4,"(7,5,5,1)",5554,"('A_X1','B_X1','A_X2','B_X2')"
5555,"XX[X[2,1|1,2],X[1,2|0,2]]",68,"X[2,1|1,2]",47,"X[1,2|0,2]",4,"(7,5,5,2)",5555,"('A_X1','B_X1','A_X2','B_X2')"
5556,"XX[X[2,1|1,2],X[1,2|1,0]]",68,"X[2,1|1,2]",48,"X[1,2|1,0]",4,"(7,5,5,3)",5556,"('A_X1','B_X1','A_X2','B_X2')"
5557,"XX[X[2,1|1,2],X[1,2|1,1]]",68,"X[2,1|1,2]",49,"X[1,2|1,1]",4,"(7,5,5,4)",5557,"('A_X1','B_X1','A_X2','B_X2')"
5558,"XX[X[2,1|1,2],X[1,2|1,2]]",68,"X[2,1|1,2]",50,"X[1,2|1,2]",4,"(7,5,5,5)",5558,"('A_X1','B_X1','A_X2','B_X2')"
5559,"XX[X[2,1|1,2],X[1,2|2,0]]",68,"X[2,1|1,2]",51,"X[1,2|2,0]",4,"(7,5,5,6)",5559,"('A_X1','B_X1','A_X2','B_X2')"
5560,"XX[X[2,1|1,2],X[1,2|2,1]]",68,"X[2,1|1,2]",52,"X[1,2|2,1]",4,"(7,5,5,7)",5560,"('A_X1','B_X1','A_X2','B_X2')"
5561,"XX[X[2,1|1,2],X[1,2|2,2]]",68,"X[2,1|1,2]",53,"X[1,2|2,2]",4,"(7,5,5,8)",5561,"('A_X1','B_X1','A_X2','B_X2')"
5562,"XX[X[2,1|1,2],X[2,0|0,0]]",68,"X[2,1|1,2]",54,"X[2,0|0,0]",4,"(7,5,6,0)",5562,"('A_X1','B_X1','A_X2','B_X2')"
5563,"XX[X[2,1|1,2],X[2,0|0,1]]",68,"X[2,1|1,2]",55,"X[2,0|0,1]",4,"(7,5,6,1)",5563,"('A_X1','B_X1','A_X2','B_X2')"
5564,"XX[X[2,1|1,2],X[2,0|0,2]]",68,"X[2,1|1,2]",56,"X[2,0|0,2]",4,"(7,5,6,2)",5564,"('A_X1','B_X1','A_X2','B_X2')"
5565,"XX[X[2,1|1,2],X[2,0|1,0]]",68,"X[2,1|1,2]",57,"X[2,0|1,0]",4,"(7,5,6,3)",5565,"('A_X1','B_X1','A_X2','B_X2')"
5566,"XX[X[2,1|1,2],X[2,0|1,1]]",68,"X[2,1|1,2]",58,"X[2,0|1,1]",4,"(7,5,6,4)",5566,"('A_X1','B_X1','A_X2','B_X2')"
5567,"XX[X[2,1|1,2],X[2,0|1,2]]",68,"X[2,1|1,2]",59,"X[2,0|1,2]",4,"(7,5,6,5)",5567,"('A_X1','B_X1','A_X2','B_X2')"
5568,"XX[X[2,1|1,2],X[2,0|2,0]]",68,"X[2,1|1,2]",60,"X[2,0|2,0]",4,"(7,5,6,6)",5568,"('A_X1','B_X1','A_X2','B_X2')"
5569,"XX[X[2,1|1,2],X[2,0|2,1]]",68,"X[2,1|1,2]",61,"X[2,0|2,1]",4,"(7,5,6,7)",5569,"('A_X1','B_X1','A_X2','B_X2')"
5570,"XX[X[2,1|1,2],X[2,0|2,2]]",68,"X[2,1|1,2]",62,"X[2,0|2,2]",4,"(7,5,6,8)",5570,"('A_X1','B_X1','A_X2','B_X2')"
5571,"XX[X[2,1|1,2],X[2,1|0,0]]",68,"X[2,1|1,2]",63,"X[2,1|0,0]",4,"(7,5,7,0)",5571,"('A_X1','B_X1','A_X2','B_X2')"
5572,"XX[X[2,1|1,2],X[2,1|0,1]]",68,"X[2,1|1,2]",64,"X[2,1|0,1]",4,"(7,5,7,1)",5572,"('A_X1','B_X1','A_X2','B_X2')"
5573,"XX[X[2,1|1,2],X[2,1|0,2]]",68,"X[2,1|1,2]",65,"X[2,1|0,2]",4,"(7,5,7,2)",5573,"('A_X1','B_X1','A_X2','B_X2')"
5574,"XX[X[2,1|1,2],X[2,1|1,0]]",68,"X[2,1|1,2]",66,"X[2,1|1,0]",4,"(7,5,7,3)",5574,"('A_X1','B_X1','A_X2','B_X2')"
5575,"XX[X[2,1|1,2],X[2,1|1,1]]",68,"X[2,1|1,2]",67,"X[2,1|1,1]",4,"(7,5,7,4)",5575,"('A_X1','B_X1','A_X2','B_X2')"
5576,"XX[X[2,1|1,2],X[2,1|1,2]]",68,"X[2,1|1,2]",68,"X[2,1|1,2]",4,"(7,5,7,5)",5576,"('A_X1','B_X1','A_X2','B_X2')"
5577,"XX[X[2,1|1,2],X[2,1|2,0]]",68,"X[2,1|1,2]",69,"X[2,1|2,0]",4,"(7,5,7,6)",5577,"('A_X1','B_X1','A_X2','B_X2')"
5578,"XX[X[2,1|1,2],X[2,1|2,1]]",68,"X[2,1|1,2]",70,"X[2,1|2,1]",4,"(7,5,7,7)",5578,"('A_X1','B_X1','A_X2','B_X2')"
5579,"XX[X[2,1|1,2],X[2,1|2,2]]",68,"X[2,1|1,2]",71,"X[2,1|2,2]",4,"(7,5,7,8)",5579,"('A_X1','B_X1','A_X2','B_X2')"
5580,"XX[X[2,1|1,2],X[2,2|0,0]]",68,"X[2,1|1,2]",72,"X[2,2|0,0]",4,"(7,5,8,0)",5580,"('A_X1','B_X1','A_X2','B_X2')"
5581,"XX[X[2,1|1,2],X[2,2|0,1]]",68,"X[2,1|1,2]",73,"X[2,2|0,1]",4,"(7,5,8,1)",5581,"('A_X1','B_X1','A_X2','B_X2')"
5582,"XX[X[2,1|1,2],X[2,2|0,2]]",68,"X[2,1|1,2]",74,"X[2,2|0,2]",4,"(7,5,8,2)",5582,"('A_X1','B_X1','A_X2','B_X2')"
5583,"XX[X[2,1|1,2],X[2,2|1,0]]",68,"X[2,1|1,2]",75,"X[2,2|1,0]",4,"(7,5,8,3)",5583,"('A_X1','B_X1','A_X2','B_X2')"
5584,"XX[X[2,1|1,2],X[2,2|1,1]]",68,"X[2,1|1,2]",76,"X[2,2|1,1]",4,"(7,5,8,4)",5584,"('A_X1','B_X1','A_X2','B_X2')"
5585,"XX[X[2,1|1,2],X[2,2|1,2]]",68,"X[2,1|1,2]",77,"X[2,2|1,2]",4,"(7,5,8,5)",5585,"('A_X1','B_X1','A_X2','B_X2')"
5586,"XX[X[2,1|1,2],X[2,2|2,0]]",68,"X[2,1|1,2]",78,"X[2,2|2,0]",4,"(7,5,8,6)",5586,"('A_X1','B_X1','A_X2','B_X2')"
5587,"XX[X[2,1|1,2],X[2,2|2,1]]",68,"X[2,1|1,2]",79,"X[2,2|2,1]",4,"(7,5,8,7)",5587,"('A_X1','B_X1','A_X2','B_X2')"
5588,"XX[X[2,1|1,2],X[2,2|2,2]]",68,"X[2,1|1,2]",80,"X[2,2|2,2]",4,"(7,5,8,8)",5588,"('A_X1','B_X1','A_X2','B_X2')"
5589,"XX[X[2,1|2,0],X[0,0|0,0]]",69,"X[2,1|2,0]",0,"X[0,0|0,0]",4,"(7,6,0,0)",5589,"('A_X1','B_X1','A_X2','B_X2')"
5590,"XX[X[2,1|2,0],X[0,0|0,1]]",69,"X[2,1|2,0]",1,"X[0,0|0,1]",4,"(7,6,0,1)",5590,"('A_X1','B_X1','A_X2','B_X2')"
5591,"XX[X[2,1|2,0],X[0,0|0,2]]",69,"X[2,1|2,0]",2,"X[0,0|0,2]",4,"(7,6,0,2)",5591,"('A_X1','B_X1','A_X2','B_X2')"
5592,"XX[X[2,1|2,0],X[0,0|1,0]]",69,"X[2,1|2,0]",3,"X[0,0|1,0]",4,"(7,6,0,3)",5592,"('A_X1','B_X1','A_X2','B_X2')"
5593,"XX[X[2,1|2,0],X[0,0|1,1]]",69,"X[2,1|2,0]",4,"X[0,0|1,1]",4,"(7,6,0,4)",5593,"('A_X1','B_X1','A_X2','B_X2')"
5594,"XX[X[2,1|2,0],X[0,0|1,2]]",69,"X[2,1|2,0]",5,"X[0,0|1,2]",4,"(7,6,0,5)",5594,"('A_X1','B_X1','A_X2','B_X2')"
5595,"XX[X[2,1|2,0],X[0,0|2,0]]",69,"X[2,1|2,0]",6,"X[0,0|2,0]",4,"(7,6,0,6)",5595,"('A_X1','B_X1','A_X2','B_X2')"
5596,"XX[X[2,1|2,0],X[0,0|2,1]]",69,"X[2,1|2,0]",7,"X[0,0|2,1]",4,"(7,6,0,7)",5596,"('A_X1','B_X1','A_X2','B_X2')"
5597,"XX[X[2,1|2,0],X[0,0|2,2]]",69,"X[2,1|2,0]",8,"X[0,0|2,2]",4,"(7,6,0,8)",5597,"('A_X1','B_X1','A_X2','B_X2')"
5598,"XX[X[2,1|2,0],X[0,1|0,0]]",69,"X[2,1|2,0]",9,"X[0,1|0,0]",4,"(7,6,1,0)",5598,"('A_X1','B_X1','A_X2','B_X2')"
5599,"XX[X[2,1|2,0],X[0,1|0,1]]",69,"X[2,1|2,0]",10,"X[0,1|0,1]",4,"(7,6,1,1)",5599,"('A_X1','B_X1','A_X2','B_X2')"
5600,"XX[X[2,1|2,0],X[0,1|0,2]]",69,"X[2,1|2,0]",11,"X[0,1|0,2]",4,"(7,6,1,2)",5600,"('A_X1','B_X1','A_X2','B_X2')"
5601,"XX[X[2,1|2,0],X[0,1|1,0]]",69,"X[2,1|2,0]",12,"X[0,1|1,0]",4,"(7,6,1,3)",5601,"('A_X1','B_X1','A_X2','B_X2')"
5602,"XX[X[2,1|2,0],X[0,1|1,1]]",69,"X[2,1|2,0]",13,"X[0,1|1,1]",4,"(7,6,1,4)",5602,"('A_X1','B_X1','A_X2','B_X2')"
5603,"XX[X[2,1|2,0],X[0,1|1,2]]",69,"X[2,1|2,0]",14,"X[0,1|1,2]",4,"(7,6,1,5)",5603,"('A_X1','B_X1','A_X2','B_X2')"
5604,"XX[X[2,1|2,0],X[0,1|2,0]]",69,"X[2,1|2,0]",15,"X[0,1|2,0]",4,"(7,6,1,6)",5604,"('A_X1','B_X1','A_X2','B_X2')"
5605,"XX[X[2,1|2,0],X[0,1|2,1]]",69,"X[2,1|2,0]",16,"X[0,1|2,1]",4,"(7,6,1,7)",5605,"('A_X1','B_X1','A_X2','B_X2')"
5606,"XX[X[2,1|2,0],X[0,1|2,2]]",69,"X[2,1|2,0]",17,"X[0,1|2,2]",4,"(7,6,1,8)",5606,"('A_X1','B_X1','A_X2','B_X2')"
5607,"XX[X[2,1|2,0],X[0,2|0,0]]",69,"X[2,1|2,0]",18,"X[0,2|0,0]",4,"(7,6,2,0)",5607,"('A_X1','B_X1','A_X2','B_X2')"
5608,"XX[X[2,1|2,0],X[0,2|0,1]]",69,"X[2,1|2,0]",19,"X[0,2|0,1]",4,"(7,6,2,1)",5608,"('A_X1','B_X1','A_X2','B_X2')"
5609,"XX[X[2,1|2,0],X[0,2|0,2]]",69,"X[2,1|2,0]",20,"X[0,2|0,2]",4,"(7,6,2,2)",5609,"('A_X1','B_X1','A_X2','B_X2')"
5610,"XX[X[2,1|2,0],X[0,2|1,0]]",69,"X[2,1|2,0]",21,"X[0,2|1,0]",4,"(7,6,2,3)",5610,"('A_X1','B_X1','A_X2','B_X2')"
5611,"XX[X[2,1|2,0],X[0,2|1,1]]",69,"X[2,1|2,0]",22,"X[0,2|1,1]",4,"(7,6,2,4)",5611,"('A_X1','B_X1','A_X2','B_X2')"
5612,"XX[X[2,1|2,0],X[0,2|1,2]]",69,"X[2,1|2,0]",23,"X[0,2|1,2]",4,"(7,6,2,5)",5612,"('A_X1','B_X1','A_X2','B_X2')"
5613,"XX[X[2,1|2,0],X[0,2|2,0]]",69,"X[2,1|2,0]",24,"X[0,2|2,0]",4,"(7,6,2,6)",5613,"('A_X1','B_X1','A_X2','B_X2')"
5614,"XX[X[2,1|2,0],X[0,2|2,1]]",69,"X[2,1|2,0]",25,"X[0,2|2,1]",4,"(7,6,2,7)",5614,"('A_X1','B_X1','A_X2','B_X2')"
5615,"XX[X[2,1|2,0],X[0,2|2,2]]",69,"X[2,1|2,0]",26,"X[0,2|2,2]",4,"(7,6,2,8)",5615,"('A_X1','B_X1','A_X2','B_X2')"
5616,"XX[X[2,1|2,0],X[1,0|0,0]]",69,"X[2,1|2,0]",27,"X[1,0|0,0]",4,"(7,6,3,0)",5616,"('A_X1','B_X1','A_X2','B_X2')"
5617,"XX[X[2,1|2,0],X[1,0|0,1]]",69,"X[2,1|2,0]",28,"X[1,0|0,1]",4,"(7,6,3,1)",5617,"('A_X1','B_X1','A_X2','B_X2')"
5618,"XX[X[2,1|2,0],X[1,0|0,2]]",69,"X[2,1|2,0]",29,"X[1,0|0,2]",4,"(7,6,3,2)",5618,"('A_X1','B_X1','A_X2','B_X2')"
5619,"XX[X[2,1|2,0],X[1,0|1,0]]",69,"X[2,1|2,0]",30,"X[1,0|1,0]",4,"(7,6,3,3)",5619,"('A_X1','B_X1','A_X2','B_X2')"
5620,"XX[X[2,1|2,0],X[1,0|1,1]]",69,"X[2,1|2,0]",31,"X[1,0|1,1]",4,"(7,6,3,4)",5620,"('A_X1','B_X1','A_X2','B_X2')"
5621,"XX[X[2,1|2,0],X[1,0|1,2]]",69,"X[2,1|2,0]",32,"X[1,0|1,2]",4,"(7,6,3,5)",5621,"('A_X1','B_X1','A_X2','B_X2')"
5622,"XX[X[2,1|2,0],X[1,0|2,0]]",69,"X[2,1|2,0]",33,"X[1,0|2,0]",4,"(7,6,3,6)",5622,"('A_X1','B_X1','A_X2','B_X2')"
5623,"XX[X[2,1|2,0],X[1,0|2,1]]",69,"X[2,1|2,0]",34,"X[1,0|2,1]",4,"(7,6,3,7)",5623,"('A_X1','B_X1','A_X2','B_X2')"
5624,"XX[X[2,1|2,0],X[1,0|2,2]]",69,"X[2,1|2,0]",35,"X[1,0|2,2]",4,"(7,6,3,8)",5624,"('A_X1','B_X1','A_X2','B_X2')"
5625,"XX[X[2,1|2,0],X[1,1|0,0]]",69,"X[2,1|2,0]",36,"X[1,1|0,0]",4,"(7,6,4,0)",5625,"('A_X1','B_X1','A_X2','B_X2')"
5626,"XX[X[2,1|2,0],X[1,1|0,1]]",69,"X[2,1|2,0]",37,"X[1,1|0,1]",4,"(7,6,4,1)",5626,"('A_X1','B_X1','A_X2','B_X2')"
5627,"XX[X[2,1|2,0],X[1,1|0,2]]",69,"X[2,1|2,0]",38,"X[1,1|0,2]",4,"(7,6,4,2)",5627,"('A_X1','B_X1','A_X2','B_X2')"
5628,"XX[X[2,1|2,0],X[1,1|1,0]]",69,"X[2,1|2,0]",39,"X[1,1|1,0]",4,"(7,6,4,3)",5628,"('A_X1','B_X1','A_X2','B_X2')"
5629,"XX[X[2,1|2,0],X[1,1|1,1]]",69,"X[2,1|2,0]",40,"X[1,1|1,1]",4,"(7,6,4,4)",5629,"('A_X1','B_X1','A_X2','B_X2')"
5630,"XX[X[2,1|2,0],X[1,1|1,2]]",69,"X[2,1|2,0]",41,"X[1,1|1,2]",4,"(7,6,4,5)",5630,"('A_X1','B_X1','A_X2','B_X2')"
5631,"XX[X[2,1|2,0],X[1,1|2,0]]",69,"X[2,1|2,0]",42,"X[1,1|2,0]",4,"(7,6,4,6)",5631,"('A_X1','B_X1','A_X2','B_X2')"
5632,"XX[X[2,1|2,0],X[1,1|2,1]]",69,"X[2,1|2,0]",43,"X[1,1|2,1]",4,"(7,6,4,7)",5632,"('A_X1','B_X1','A_X2','B_X2')"
5633,"XX[X[2,1|2,0],X[1,1|2,2]]",69,"X[2,1|2,0]",44,"X[1,1|2,2]",4,"(7,6,4,8)",5633,"('A_X1','B_X1','A_X2','B_X2')"
5634,"XX[X[2,1|2,0],X[1,2|0,0]]",69,"X[2,1|2,0]",45,"X[1,2|0,0]",4,"(7,6,5,0)",5634,"('A_X1','B_X1','A_X2','B_X2')"
5635,"XX[X[2,1|2,0],X[1,2|0,1]]",69,"X[2,1|2,0]",46,"X[1,2|0,1]",4,"(7,6,5,1)",5635,"('A_X1','B_X1','A_X2','B_X2')"
5636,"XX[X[2,1|2,0],X[1,2|0,2]]",69,"X[2,1|2,0]",47,"X[1,2|0,2]",4,"(7,6,5,2)",5636,"('A_X1','B_X1','A_X2','B_X2')"
5637,"XX[X[2,1|2,0],X[1,2|1,0]]",69,"X[2,1|2,0]",48,"X[1,2|1,0]",4,"(7,6,5,3)",5637,"('A_X1','B_X1','A_X2','B_X2')"
5638,"XX[X[2,1|2,0],X[1,2|1,1]]",69,"X[2,1|2,0]",49,"X[1,2|1,1]",4,"(7,6,5,4)",5638,"('A_X1','B_X1','A_X2','B_X2')"
5639,"XX[X[2,1|2,0],X[1,2|1,2]]",69,"X[2,1|2,0]",50,"X[1,2|1,2]",4,"(7,6,5,5)",5639,"('A_X1','B_X1','A_X2','B_X2')"
5640,"XX[X[2,1|2,0],X[1,2|2,0]]",69,"X[2,1|2,0]",51,"X[1,2|2,0]",4,"(7,6,5,6)",5640,"('A_X1','B_X1','A_X2','B_X2')"
5641,"XX[X[2,1|2,0],X[1,2|2,1]]",69,"X[2,1|2,0]",52,"X[1,2|2,1]",4,"(7,6,5,7)",5641,"('A_X1','B_X1','A_X2','B_X2')"
5642,"XX[X[2,1|2,0],X[1,2|2,2]]",69,"X[2,1|2,0]",53,"X[1,2|2,2]",4,"(7,6,5,8)",5642,"('A_X1','B_X1','A_X2','B_X2')"
5643,"XX[X[2,1|2,0],X[2,0|0,0]]",69,"X[2,1|2,0]",54,"X[2,0|0,0]",4,"(7,6,6,0)",5643,"('A_X1','B_X1','A_X2','B_X2')"
5644,"XX[X[2,1|2,0],X[2,0|0,1]]",69,"X[2,1|2,0]",55,"X[2,0|0,1]",4,"(7,6,6,1)",5644,"('A_X1','B_X1','A_X2','B_X2')"
5645,"XX[X[2,1|2,0],X[2,0|0,2]]",69,"X[2,1|2,0]",56,"X[2,0|0,2]",4,"(7,6,6,2)",5645,"('A_X1','B_X1','A_X2','B_X2')"
5646,"XX[X[2,1|2,0],X[2,0|1,0]]",69,"X[2,1|2,0]",57,"X[2,0|1,0]",4,"(7,6,6,3)",5646,"('A_X1','B_X1','A_X2','B_X2')"
5647,"XX[X[2,1|2,0],X[2,0|1,1]]",69,"X[2,1|2,0]",58,"X[2,0|1,1]",4,"(7,6,6,4)",5647,"('A_X1','B_X1','A_X2','B_X2')"
5648,"XX[X[2,1|2,0],X[2,0|1,2]]",69,"X[2,1|2,0]",59,"X[2,0|1,2]",4,"(7,6,6,5)",5648,"('A_X1','B_X1','A_X2','B_X2')"
5649,"XX[X[2,1|2,0],X[2,0|2,0]]",69,"X[2,1|2,0]",60,"X[2,0|2,0]",4,"(7,6,6,6)",5649,"('A_X1','B_X1','A_X2','B_X2')"
5650,"XX[X[2,1|2,0],X[2,0|2,1]]",69,"X[2,1|2,0]",61,"X[2,0|2,1]",4,"(7,6,6,7)",5650,"('A_X1','B_X1','A_X2','B_X2')"
5651,"XX[X[2,1|2,0],X[2,0|2,2]]",69,"X[2,1|2,0]",62,"X[2,0|2,2]",4,"(7,6,6,8)",5651,"('A_X1','B_X1','A_X2','B_X2')"
5652,"XX[X[2,1|2,0],X[2,1|0,0]]",69,"X[2,1|2,0]",63,"X[2,1|0,0]",4,"(7,6,7,0)",5652,"('A_X1','B_X1','A_X2','B_X2')"
5653,"XX[X[2,1|2,0],X[2,1|0,1]]",69,"X[2,1|2,0]",64,"X[2,1|0,1]",4,"(7,6,7,1)",5653,"('A_X1','B_X1','A_X2','B_X2')"
5654,"XX[X[2,1|2,0],X[2,1|0,2]]",69,"X[2,1|2,0]",65,"X[2,1|0,2]",4,"(7,6,7,2)",5654,"('A_X1','B_X1','A_X2','B_X2')"
5655,"XX[X[2,1|2,0],X[2,1|1,0]]",69,"X[2,1|2,0]",66,"X[2,1|1,0]",4,"(7,6,7,3)",5655,"('A_X1','B_X1','A_X2','B_X2')"
5656,"XX[X[2,1|2,0],X[2,1|1,1]]",69,"X[2,1|2,0]",67,"X[2,1|1,1]",4,"(7,6,7,4)",5656,"('A_X1','B_X1','A_X2','B_X2')"
5657,"XX[X[2,1|2,0],X[2,1|1,2]]",69,"X[2,1|2,0]",68,"X[2,1|1,2]",4,"(7,6,7,5)",5657,"('A_X1','B_X1','A_X2','B_X2')"
5658,"XX[X[2,1|2,0],X[2,1|2,0]]",69,"X[2,1|2,0]",69,"X[2,1|2,0]",4,"(7,6,7,6)",5658,"('A_X1','B_X1','A_X2','B_X2')"
5659,"XX[X[2,1|2,0],X[2,1|2,1]]",69,"X[2,1|2,0]",70,"X[2,1|2,1]",4,"(7,6,7,7)",5659,"('A_X1','B_X1','A_X2','B_X2')"
5660,"XX[X[2,1|2,0],X[2,1|2,2]]",69,"X[2,1|2,0]",71,"X[2,1|2,2]",4,"(7,6,7,8)",5660,"('A_X1','B_X1','A_X2','B_X2')"
5661,"XX[X[2,1|2,0],X[2,2|0,0]]",69,"X[2,1|2,0]",72,"X[2,2|0,0]",4,"(7,6,8,0)",5661,"('A_X1','B_X1','A_X2','B_X2')"
5662,"XX[X[2,1|2,0],X[2,2|0,1]]",69,"X[2,1|2,0]",73,"X[2,2|0,1]",4,"(7,6,8,1)",5662,"('A_X1','B_X1','A_X2','B_X2')"
5663,"XX[X[2,1|2,0],X[2,2|0,2]]",69,"X[2,1|2,0]",74,"X[2,2|0,2]",4,"(7,6,8,2)",5663,"('A_X1','B_X1','A_X2','B_X2')"
5664,"XX[X[2,1|2,0],X[2,2|1,0]]",69,"X[2,1|2,0]",75,"X[2,2|1,0]",4,"(7,6,8,3)",5664,"('A_X1','B_X1','A_X2','B_X2')"
5665,"XX[X[2,1|2,0],X[2,2|1,1]]",69,"X[2,1|2,0]",76,"X[2,2|1,1]",4,"(7,6,8,4)",5665,"('A_X1','B_X1','A_X2','B_X2')"
5666,"XX[X[2,1|2,0],X[2,2|1,2]]",69,"X[2,1|2,0]",77,"X[2,2|1,2]",4,"(7,6,8,5)",5666,"('A_X1','B_X1','A_X2','B_X2')"
5667,"XX[X[2,1|2,0],X[2,2|2,0]]",69,"X[2,1|2,0]",78,"X[2,2|2,0]",4,"(7,6,8,6)",5667,"('A_X1','B_X1','A_X2','B_X2')"
5668,"XX[X[2,1|2,0],X[2,2|2,1]]",69,"X[2,1|2,0]",79,"X[2,2|2,1]",4,"(7,6,8,7)",5668,"('A_X1','B_X1','A_X2','B_X2')"
5669,"XX[X[2,1|2,0],X[2,2|2,2]]",69,"X[2,1|2,0]",80,"X[2,2|2,2]",4,"(7,6,8,8)",5669,"('A_X1','B_X1','A_X2','B_X2')"
5670,"XX[X[2,1|2,1],X[0,0|0,0]]",70,"X[2,1|2,1]",0,"X[0,0|0,0]",4,"(7,7,0,0)",5670,"('A_X1','B_X1','A_X2','B_X2')"
5671,"XX[X[2,1|2,1],X[0,0|0,1]]",70,"X[2,1|2,1]",1,"X[0,0|0,1]",4,"(7,7,0,1)",5671,"('A_X1','B_X1','A_X2','B_X2')"
5672,"XX[X[2,1|2,1],X[0,0|0,2]]",70,"X[2,1|2,1]",2,"X[0,0|0,2]",4,"(7,7,0,2)",5672,"('A_X1','B_X1','A_X2','B_X2')"
5673,"XX[X[2,1|2,1],X[0,0|1,0]]",70,"X[2,1|2,1]",3,"X[0,0|1,0]",4,"(7,7,0,3)",5673,"('A_X1','B_X1','A_X2','B_X2')"
5674,"XX[X[2,1|2,1],X[0,0|1,1]]",70,"X[2,1|2,1]",4,"X[0,0|1,1]",4,"(7,7,0,4)",5674,"('A_X1','B_X1','A_X2','B_X2')"
5675,"XX[X[2,1|2,1],X[0,0|1,2]]",70,"X[2,1|2,1]",5,"X[0,0|1,2]",4,"(7,7,0,5)",5675,"('A_X1','B_X1','A_X2','B_X2')"
5676,"XX[X[2,1|2,1],X[0,0|2,0]]",70,"X[2,1|2,1]",6,"X[0,0|2,0]",4,"(7,7,0,6)",5676,"('A_X1','B_X1','A_X2','B_X2')"
5677,"XX[X[2,1|2,1],X[0,0|2,1]]",70,"X[2,1|2,1]",7,"X[0,0|2,1]",4,"(7,7,0,7)",5677,"('A_X1','B_X1','A_X2','B_X2')"
5678,"XX[X[2,1|2,1],X[0,0|2,2]]",70,"X[2,1|2,1]",8,"X[0,0|2,2]",4,"(7,7,0,8)",5678,"('A_X1','B_X1','A_X2','B_X2')"
5679,"XX[X[2,1|2,1],X[0,1|0,0]]",70,"X[2,1|2,1]",9,"X[0,1|0,0]",4,"(7,7,1,0)",5679,"('A_X1','B_X1','A_X2','B_X2')"
5680,"XX[X[2,1|2,1],X[0,1|0,1]]",70,"X[2,1|2,1]",10,"X[0,1|0,1]",4,"(7,7,1,1)",5680,"('A_X1','B_X1','A_X2','B_X2')"
5681,"XX[X[2,1|2,1],X[0,1|0,2]]",70,"X[2,1|2,1]",11,"X[0,1|0,2]",4,"(7,7,1,2)",5681,"('A_X1','B_X1','A_X2','B_X2')"
5682,"XX[X[2,1|2,1],X[0,1|1,0]]",70,"X[2,1|2,1]",12,"X[0,1|1,0]",4,"(7,7,1,3)",5682,"('A_X1','B_X1','A_X2','B_X2')"
5683,"XX[X[2,1|2,1],X[0,1|1,1]]",70,"X[2,1|2,1]",13,"X[0,1|1,1]",4,"(7,7,1,4)",5683,"('A_X1','B_X1','A_X2','B_X2')"
5684,"XX[X[2,1|2,1],X[0,1|1,2]]",70,"X[2,1|2,1]",14,"X[0,1|1,2]",4,"(7,7,1,5)",5684,"('A_X1','B_X1','A_X2','B_X2')"
5685,"XX[X[2,1|2,1],X[0,1|2,0]]",70,"X[2,1|2,1]",15,"X[0,1|2,0]",4,"(7,7,1,6)",5685,"('A_X1','B_X1','A_X2','B_X2')"
5686,"XX[X[2,1|2,1],X[0,1|2,1]]",70,"X[2,1|2,1]",16,"X[0,1|2,1]",4,"(7,7,1,7)",5686,"('A_X1','B_X1','A_X2','B_X2')"
5687,"XX[X[2,1|2,1],X[0,1|2,2]]",70,"X[2,1|2,1]",17,"X[0,1|2,2]",4,"(7,7,1,8)",5687,"('A_X1','B_X1','A_X2','B_X2')"
5688,"XX[X[2,1|2,1],X[0,2|0,0]]",70,"X[2,1|2,1]",18,"X[0,2|0,0]",4,"(7,7,2,0)",5688,"('A_X1','B_X1','A_X2','B_X2')"
5689,"XX[X[2,1|2,1],X[0,2|0,1]]",70,"X[2,1|2,1]",19,"X[0,2|0,1]",4,"(7,7,2,1)",5689,"('A_X1','B_X1','A_X2','B_X2')"
5690,"XX[X[2,1|2,1],X[0,2|0,2]]",70,"X[2,1|2,1]",20,"X[0,2|0,2]",4,"(7,7,2,2)",5690,"('A_X1','B_X1','A_X2','B_X2')"
5691,"XX[X[2,1|2,1],X[0,2|1,0]]",70,"X[2,1|2,1]",21,"X[0,2|1,0]",4,"(7,7,2,3)",5691,"('A_X1','B_X1','A_X2','B_X2')"
5692,"XX[X[2,1|2,1],X[0,2|1,1]]",70,"X[2,1|2,1]",22,"X[0,2|1,1]",4,"(7,7,2,4)",5692,"('A_X1','B_X1','A_X2','B_X2')"
5693,"XX[X[2,1|2,1],X[0,2|1,2]]",70,"X[2,1|2,1]",23,"X[0,2|1,2]",4,"(7,7,2,5)",5693,"('A_X1','B_X1','A_X2','B_X2')"
5694,"XX[X[2,1|2,1],X[0,2|2,0]]",70,"X[2,1|2,1]",24,"X[0,2|2,0]",4,"(7,7,2,6)",5694,"('A_X1','B_X1','A_X2','B_X2')"
5695,"XX[X[2,1|2,1],X[0,2|2,1]]",70,"X[2,1|2,1]",25,"X[0,2|2,1]",4,"(7,7,2,7)",5695,"('A_X1','B_X1','A_X2','B_X2')"
5696,"XX[X[2,1|2,1],X[0,2|2,2]]",70,"X[2,1|2,1]",26,"X[0,2|2,2]",4,"(7,7,2,8)",5696,"('A_X1','B_X1','A_X2','B_X2')"
5697,"XX[X[2,1|2,1],X[1,0|0,0]]",70,"X[2,1|2,1]",27,"X[1,0|0,0]",4,"(7,7,3,0)",5697,"('A_X1','B_X1','A_X2','B_X2')"
5698,"XX[X[2,1|2,1],X[1,0|0,1]]",70,"X[2,1|2,1]",28,"X[1,0|0,1]",4,"(7,7,3,1)",5698,"('A_X1','B_X1','A_X2','B_X2')"
5699,"XX[X[2,1|2,1],X[1,0|0,2]]",70,"X[2,1|2,1]",29,"X[1,0|0,2]",4,"(7,7,3,2)",5699,"('A_X1','B_X1','A_X2','B_X2')"
5700,"XX[X[2,1|2,1],X[1,0|1,0]]",70,"X[2,1|2,1]",30,"X[1,0|1,0]",4,"(7,7,3,3)",5700,"('A_X1','B_X1','A_X2','B_X2')"
5701,"XX[X[2,1|2,1],X[1,0|1,1]]",70,"X[2,1|2,1]",31,"X[1,0|1,1]",4,"(7,7,3,4)",5701,"('A_X1','B_X1','A_X2','B_X2')"
5702,"XX[X[2,1|2,1],X[1,0|1,2]]",70,"X[2,1|2,1]",32,"X[1,0|1,2]",4,"(7,7,3,5)",5702,"('A_X1','B_X1','A_X2','B_X2')"
5703,"XX[X[2,1|2,1],X[1,0|2,0]]",70,"X[2,1|2,1]",33,"X[1,0|2,0]",4,"(7,7,3,6)",5703,"('A_X1','B_X1','A_X2','B_X2')"
5704,"XX[X[2,1|2,1],X[1,0|2,1]]",70,"X[2,1|2,1]",34,"X[1,0|2,1]",4,"(7,7,3,7)",5704,"('A_X1','B_X1','A_X2','B_X2')"
5705,"XX[X[2,1|2,1],X[1,0|2,2]]",70,"X[2,1|2,1]",35,"X[1,0|2,2]",4,"(7,7,3,8)",5705,"('A_X1','B_X1','A_X2','B_X2')"
5706,"XX[X[2,1|2,1],X[1,1|0,0]]",70,"X[2,1|2,1]",36,"X[1,1|0,0]",4,"(7,7,4,0)",5706,"('A_X1','B_X1','A_X2','B_X2')"
5707,"XX[X[2,1|2,1],X[1,1|0,1]]",70,"X[2,1|2,1]",37,"X[1,1|0,1]",4,"(7,7,4,1)",5707,"('A_X1','B_X1','A_X2','B_X2')"
5708,"XX[X[2,1|2,1],X[1,1|0,2]]",70,"X[2,1|2,1]",38,"X[1,1|0,2]",4,"(7,7,4,2)",5708,"('A_X1','B_X1','A_X2','B_X2')"
5709,"XX[X[2,1|2,1],X[1,1|1,0]]",70,"X[2,1|2,1]",39,"X[1,1|1,0]",4,"(7,7,4,3)",5709,"('A_X1','B_X1','A_X2','B_X2')"
5710,"XX[X[2,1|2,1],X[1,1|1,1]]",70,"X[2,1|2,1]",40,"X[1,1|1,1]",4,"(7,7,4,4)",5710,"('A_X1','B_X1','A_X2','B_X2')"
5711,"XX[X[2,1|2,1],X[1,1|1,2]]",70,"X[2,1|2,1]",41,"X[1,1|1,2]",4,"(7,7,4,5)",5711,"('A_X1','B_X1','A_X2','B_X2')"
5712,"XX[X[2,1|2,1],X[1,1|2,0]]",70,"X[2,1|2,1]",42,"X[1,1|2,0]",4,"(7,7,4,6)",5712,"('A_X1','B_X1','A_X2','B_X2')"
5713,"XX[X[2,1|2,1],X[1,1|2,1]]",70,"X[2,1|2,1]",43,"X[1,1|2,1]",4,"(7,7,4,7)",5713,"('A_X1','B_X1','A_X2','B_X2')"
5714,"XX[X[2,1|2,1],X[1,1|2,2]]",70,"X[2,1|2,1]",44,"X[1,1|2,2]",4,"(7,7,4,8)",5714,"('A_X1','B_X1','A_X2','B_X2')"
5715,"XX[X[2,1|2,1],X[1,2|0,0]]",70,"X[2,1|2,1]",45,"X[1,2|0,0]",4,"(7,7,5,0)",5715,"('A_X1','B_X1','A_X2','B_X2')"
5716,"XX[X[2,1|2,1],X[1,2|0,1]]",70,"X[2,1|2,1]",46,"X[1,2|0,1]",4,"(7,7,5,1)",5716,"('A_X1','B_X1','A_X2','B_X2')"
5717,"XX[X[2,1|2,1],X[1,2|0,2]]",70,"X[2,1|2,1]",47,"X[1,2|0,2]",4,"(7,7,5,2)",5717,"('A_X1','B_X1','A_X2','B_X2')"
5718,"XX[X[2,1|2,1],X[1,2|1,0]]",70,"X[2,1|2,1]",48,"X[1,2|1,0]",4,"(7,7,5,3)",5718,"('A_X1','B_X1','A_X2','B_X2')"
5719,"XX[X[2,1|2,1],X[1,2|1,1]]",70,"X[2,1|2,1]",49,"X[1,2|1,1]",4,"(7,7,5,4)",5719,"('A_X1','B_X1','A_X2','B_X2')"
5720,"XX[X[2,1|2,1],X[1,2|1,2]]",70,"X[2,1|2,1]",50,"X[1,2|1,2]",4,"(7,7,5,5)",5720,"('A_X1','B_X1','A_X2','B_X2')"
5721,"XX[X[2,1|2,1],X[1,2|2,0]]",70,"X[2,1|2,1]",51,"X[1,2|2,0]",4,"(7,7,5,6)",5721,"('A_X1','B_X1','A_X2','B_X2')"
5722,"XX[X[2,1|2,1],X[1,2|2,1]]",70,"X[2,1|2,1]",52,"X[1,2|2,1]",4,"(7,7,5,7)",5722,"('A_X1','B_X1','A_X2','B_X2')"
5723,"XX[X[2,1|2,1],X[1,2|2,2]]",70,"X[2,1|2,1]",53,"X[1,2|2,2]",4,"(7,7,5,8)",5723,"('A_X1','B_X1','A_X2','B_X2')"
5724,"XX[X[2,1|2,1],X[2,0|0,0]]",70,"X[2,1|2,1]",54,"X[2,0|0,0]",4,"(7,7,6,0)",5724,"('A_X1','B_X1','A_X2','B_X2')"
5725,"XX[X[2,1|2,1],X[2,0|0,1]]",70,"X[2,1|2,1]",55,"X[2,0|0,1]",4,"(7,7,6,1)",5725,"('A_X1','B_X1','A_X2','B_X2')"
5726,"XX[X[2,1|2,1],X[2,0|0,2]]",70,"X[2,1|2,1]",56,"X[2,0|0,2]",4,"(7,7,6,2)",5726,"('A_X1','B_X1','A_X2','B_X2')"
5727,"XX[X[2,1|2,1],X[2,0|1,0]]",70,"X[2,1|2,1]",57,"X[2,0|1,0]",4,"(7,7,6,3)",5727,"('A_X1','B_X1','A_X2','B_X2')"
5728,"XX[X[2,1|2,1],X[2,0|1,1]]",70,"X[2,1|2,1]",58,"X[2,0|1,1]",4,"(7,7,6,4)",5728,"('A_X1','B_X1','A_X2','B_X2')"
5729,"XX[X[2,1|2,1],X[2,0|1,2]]",70,"X[2,1|2,1]",59,"X[2,0|1,2]",4,"(7,7,6,5)",5729,"('A_X1','B_X1','A_X2','B_X2')"
5730,"XX[X[2,1|2,1],X[2,0|2,0]]",70,"X[2,1|2,1]",60,"X[2,0|2,0]",4,"(7,7,6,6)",5730,"('A_X1','B_X1','A_X2','B_X2')"
5731,"XX[X[2,1|2,1],X[2,0|2,1]]",70,"X[2,1|2,1]",61,"X[2,0|2,1]",4,"(7,7,6,7)",5731,"('A_X1','B_X1','A_X2','B_X2')"
5732,"XX[X[2,1|2,1],X[2,0|2,2]]",70,"X[2,1|2,1]",62,"X[2,0|2,2]",4,"(7,7,6,8)",5732,"('A_X1','B_X1','A_X2','B_X2')"
5733,"XX[X[2,1|2,1],X[2,1|0,0]]",70,"X[2,1|2,1]",63,"X[2,1|0,0]",4,"(7,7,7,0)",5733,"('A_X1','B_X1','A_X2','B_X2')"
5734,"XX[X[2,1|2,1],X[2,1|0,1]]",70,"X[2,1|2,1]",64,"X[2,1|0,1]",4,"(7,7,7,1)",5734,"('A_X1','B_X1','A_X2','B_X2')"
5735,"XX[X[2,1|2,1],X[2,1|0,2]]",70,"X[2,1|2,1]",65,"X[2,1|0,2]",4,"(7,7,7,2)",5735,"('A_X1','B_X1','A_X2','B_X2')"
5736,"XX[X[2,1|2,1],X[2,1|1,0]]",70,"X[2,1|2,1]",66,"X[2,1|1,0]",4,"(7,7,7,3)",5736,"('A_X1','B_X1','A_X2','B_X2')"
5737,"XX[X[2,1|2,1],X[2,1|1,1]]",70,"X[2,1|2,1]",67,"X[2,1|1,1]",4,"(7,7,7,4)",5737,"('A_X1','B_X1','A_X2','B_X2')"
5738,"XX[X[2,1|2,1],X[2,1|1,2]]",70,"X[2,1|2,1]",68,"X[2,1|1,2]",4,"(7,7,7,5)",5738,"('A_X1','B_X1','A_X2','B_X2')"
5739,"XX[X[2,1|2,1],X[2,1|2,0]]",70,"X[2,1|2,1]",69,"X[2,1|2,0]",4,"(7,7,7,6)",5739,"('A_X1','B_X1','A_X2','B_X2')"
5740,"XX[X[2,1|2,1],X[2,1|2,1]]",70,"X[2,1|2,1]",70,"X[2,1|2,1]",4,"(7,7,7,7)",5740,"('A_X1','B_X1','A_X2','B_X2')"
5741,"XX[X[2,1|2,1],X[2,1|2,2]]",70,"X[2,1|2,1]",71,"X[2,1|2,2]",4,"(7,7,7,8)",5741,"('A_X1','B_X1','A_X2','B_X2')"
5742,"XX[X[2,1|2,1],X[2,2|0,0]]",70,"X[2,1|2,1]",72,"X[2,2|0,0]",4,"(7,7,8,0)",5742,"('A_X1','B_X1','A_X2','B_X2')"
5743,"XX[X[2,1|2,1],X[2,2|0,1]]",70,"X[2,1|2,1]",73,"X[2,2|0,1]",4,"(7,7,8,1)",5743,"('A_X1','B_X1','A_X2','B_X2')"
5744,"XX[X[2,1|2,1],X[2,2|0,2]]",70,"X[2,1|2,1]",74,"X[2,2|0,2]",4,"(7,7,8,2)",5744,"('A_X1','B_X1','A_X2','B_X2')"
5745,"XX[X[2,1|2,1],X[2,2|1,0]]",70,"X[2,1|2,1]",75,"X[2,2|1,0]",4,"(7,7,8,3)",5745,"('A_X1','B_X1','A_X2','B_X2')"
5746,"XX[X[2,1|2,1],X[2,2|1,1]]",70,"X[2,1|2,1]",76,"X[2,2|1,1]",4,"(7,7,8,4)",5746,"('A_X1','B_X1','A_X2','B_X2')"
5747,"XX[X[2,1|2,1],X[2,2|1,2]]",70,"X[2,1|2,1]",77,"X[2,2|1,2]",4,"(7,7,8,5)",5747,"('A_X1','B_X1','A_X2','B_X2')"
5748,"XX[X[2,1|2,1],X[2,2|2,0]]",70,"X[2,1|2,1]",78,"X[2,2|2,0]",4,"(7,7,8,6)",5748,"('A_X1','B_X1','A_X2','B_X2')"
5749,"XX[X[2,1|2,1],X[2,2|2,1]]",70,"X[2,1|2,1]",79,"X[2,2|2,1]",4,"(7,7,8,7)",5749,"('A_X1','B_X1','A_X2','B_X2')"
5750,"XX[X[2,1|2,1],X[2,2|2,2]]",70,"X[2,1|2,1]",80,"X[2,2|2,2]",4,"(7,7,8,8)",5750,"('A_X1','B_X1','A_X2','B_X2')"
5751,"XX[X[2,1|2,2],X[0,0|0,0]]",71,"X[2,1|2,2]",0,"X[0,0|0,0]",4,"(7,8,0,0)",5751,"('A_X1','B_X1','A_X2','B_X2')"
5752,"XX[X[2,1|2,2],X[0,0|0,1]]",71,"X[2,1|2,2]",1,"X[0,0|0,1]",4,"(7,8,0,1)",5752,"('A_X1','B_X1','A_X2','B_X2')"
5753,"XX[X[2,1|2,2],X[0,0|0,2]]",71,"X[2,1|2,2]",2,"X[0,0|0,2]",4,"(7,8,0,2)",5753,"('A_X1','B_X1','A_X2','B_X2')"
5754,"XX[X[2,1|2,2],X[0,0|1,0]]",71,"X[2,1|2,2]",3,"X[0,0|1,0]",4,"(7,8,0,3)",5754,"('A_X1','B_X1','A_X2','B_X2')"
5755,"XX[X[2,1|2,2],X[0,0|1,1]]",71,"X[2,1|2,2]",4,"X[0,0|1,1]",4,"(7,8,0,4)",5755,"('A_X1','B_X1','A_X2','B_X2')"
5756,"XX[X[2,1|2,2],X[0,0|1,2]]",71,"X[2,1|2,2]",5,"X[0,0|1,2]",4,"(7,8,0,5)",5756,"('A_X1','B_X1','A_X2','B_X2')"
5757,"XX[X[2,1|2,2],X[0,0|2,0]]",71,"X[2,1|2,2]",6,"X[0,0|2,0]",4,"(7,8,0,6)",5757,"('A_X1','B_X1','A_X2','B_X2')"
5758,"XX[X[2,1|2,2],X[0,0|2,1]]",71,"X[2,1|2,2]",7,"X[0,0|2,1]",4,"(7,8,0,7)",5758,"('A_X1','B_X1','A_X2','B_X2')"
5759,"XX[X[2,1|2,2],X[0,0|2,2]]",71,"X[2,1|2,2]",8,"X[0,0|2,2]",4,"(7,8,0,8)",5759,"('A_X1','B_X1','A_X2','B_X2')"
5760,"XX[X[2,1|2,2],X[0,1|0,0]]",71,"X[2,1|2,2]",9,"X[0,1|0,0]",4,"(7,8,1,0)",5760,"('A_X1','B_X1','A_X2','B_X2')"
5761,"XX[X[2,1|2,2],X[0,1|0,1]]",71,"X[2,1|2,2]",10,"X[0,1|0,1]",4,"(7,8,1,1)",5761,"('A_X1','B_X1','A_X2','B_X2')"
5762,"XX[X[2,1|2,2],X[0,1|0,2]]",71,"X[2,1|2,2]",11,"X[0,1|0,2]",4,"(7,8,1,2)",5762,"('A_X1','B_X1','A_X2','B_X2')"
5763,"XX[X[2,1|2,2],X[0,1|1,0]]",71,"X[2,1|2,2]",12,"X[0,1|1,0]",4,"(7,8,1,3)",5763,"('A_X1','B_X1','A_X2','B_X2')"
5764,"XX[X[2,1|2,2],X[0,1|1,1]]",71,"X[2,1|2,2]",13,"X[0,1|1,1]",4,"(7,8,1,4)",5764,"('A_X1','B_X1','A_X2','B_X2')"
5765,"XX[X[2,1|2,2],X[0,1|1,2]]",71,"X[2,1|2,2]",14,"X[0,1|1,2]",4,"(7,8,1,5)",5765,"('A_X1','B_X1','A_X2','B_X2')"
5766,"XX[X[2,1|2,2],X[0,1|2,0]]",71,"X[2,1|2,2]",15,"X[0,1|2,0]",4,"(7,8,1,6)",5766,"('A_X1','B_X1','A_X2','B_X2')"
5767,"XX[X[2,1|2,2],X[0,1|2,1]]",71,"X[2,1|2,2]",16,"X[0,1|2,1]",4,"(7,8,1,7)",5767,"('A_X1','B_X1','A_X2','B_X2')"
5768,"XX[X[2,1|2,2],X[0,1|2,2]]",71,"X[2,1|2,2]",17,"X[0,1|2,2]",4,"(7,8,1,8)",5768,"('A_X1','B_X1','A_X2','B_X2')"
5769,"XX[X[2,1|2,2],X[0,2|0,0]]",71,"X[2,1|2,2]",18,"X[0,2|0,0]",4,"(7,8,2,0)",5769,"('A_X1','B_X1','A_X2','B_X2')"
5770,"XX[X[2,1|2,2],X[0,2|0,1]]",71,"X[2,1|2,2]",19,"X[0,2|0,1]",4,"(7,8,2,1)",5770,"('A_X1','B_X1','A_X2','B_X2')"
5771,"XX[X[2,1|2,2],X[0,2|0,2]]",71,"X[2,1|2,2]",20,"X[0,2|0,2]",4,"(7,8,2,2)",5771,"('A_X1','B_X1','A_X2','B_X2')"
5772,"XX[X[2,1|2,2],X[0,2|1,0]]",71,"X[2,1|2,2]",21,"X[0,2|1,0]",4,"(7,8,2,3)",5772,"('A_X1','B_X1','A_X2','B_X2')"
5773,"XX[X[2,1|2,2],X[0,2|1,1]]",71,"X[2,1|2,2]",22,"X[0,2|1,1]",4,"(7,8,2,4)",5773,"('A_X1','B_X1','A_X2','B_X2')"
5774,"XX[X[2,1|2,2],X[0,2|1,2]]",71,"X[2,1|2,2]",23,"X[0,2|1,2]",4,"(7,8,2,5)",5774,"('A_X1','B_X1','A_X2','B_X2')"
5775,"XX[X[2,1|2,2],X[0,2|2,0]]",71,"X[2,1|2,2]",24,"X[0,2|2,0]",4,"(7,8,2,6)",5775,"('A_X1','B_X1','A_X2','B_X2')"
5776,"XX[X[2,1|2,2],X[0,2|2,1]]",71,"X[2,1|2,2]",25,"X[0,2|2,1]",4,"(7,8,2,7)",5776,"('A_X1','B_X1','A_X2','B_X2')"
5777,"XX[X[2,1|2,2],X[0,2|2,2]]",71,"X[2,1|2,2]",26,"X[0,2|2,2]",4,"(7,8,2,8)",5777,"('A_X1','B_X1','A_X2','B_X2')"
5778,"XX[X[2,1|2,2],X[1,0|0,0]]",71,"X[2,1|2,2]",27,"X[1,0|0,0]",4,"(7,8,3,0)",5778,"('A_X1','B_X1','A_X2','B_X2')"
5779,"XX[X[2,1|2,2],X[1,0|0,1]]",71,"X[2,1|2,2]",28,"X[1,0|0,1]",4,"(7,8,3,1)",5779,"('A_X1','B_X1','A_X2','B_X2')"
5780,"XX[X[2,1|2,2],X[1,0|0,2]]",71,"X[2,1|2,2]",29,"X[1,0|0,2]",4,"(7,8,3,2)",5780,"('A_X1','B_X1','A_X2','B_X2')"
5781,"XX[X[2,1|2,2],X[1,0|1,0]]",71,"X[2,1|2,2]",30,"X[1,0|1,0]",4,"(7,8,3,3)",5781,"('A_X1','B_X1','A_X2','B_X2')"
5782,"XX[X[2,1|2,2],X[1,0|1,1]]",71,"X[2,1|2,2]",31,"X[1,0|1,1]",4,"(7,8,3,4)",5782,"('A_X1','B_X1','A_X2','B_X2')"
5783,"XX[X[2,1|2,2],X[1,0|1,2]]",71,"X[2,1|2,2]",32,"X[1,0|1,2]",4,"(7,8,3,5)",5783,"('A_X1','B_X1','A_X2','B_X2')"
5784,"XX[X[2,1|2,2],X[1,0|2,0]]",71,"X[2,1|2,2]",33,"X[1,0|2,0]",4,"(7,8,3,6)",5784,"('A_X1','B_X1','A_X2','B_X2')"
5785,"XX[X[2,1|2,2],X[1,0|2,1]]",71,"X[2,1|2,2]",34,"X[1,0|2,1]",4,"(7,8,3,7)",5785,"('A_X1','B_X1','A_X2','B_X2')"
5786,"XX[X[2,1|2,2],X[1,0|2,2]]",71,"X[2,1|2,2]",35,"X[1,0|2,2]",4,"(7,8,3,8)",5786,"('A_X1','B_X1','A_X2','B_X2')"
5787,"XX[X[2,1|2,2],X[1,1|0,0]]",71,"X[2,1|2,2]",36,"X[1,1|0,0]",4,"(7,8,4,0)",5787,"('A_X1','B_X1','A_X2','B_X2')"
5788,"XX[X[2,1|2,2],X[1,1|0,1]]",71,"X[2,1|2,2]",37,"X[1,1|0,1]",4,"(7,8,4,1)",5788,"('A_X1','B_X1','A_X2','B_X2')"
5789,"XX[X[2,1|2,2],X[1,1|0,2]]",71,"X[2,1|2,2]",38,"X[1,1|0,2]",4,"(7,8,4,2)",5789,"('A_X1','B_X1','A_X2','B_X2')"
5790,"XX[X[2,1|2,2],X[1,1|1,0]]",71,"X[2,1|2,2]",39,"X[1,1|1,0]",4,"(7,8,4,3)",5790,"('A_X1','B_X1','A_X2','B_X2')"
5791,"XX[X[2,1|2,2],X[1,1|1,1]]",71,"X[2,1|2,2]",40,"X[1,1|1,1]",4,"(7,8,4,4)",5791,"('A_X1','B_X1','A_X2','B_X2')"
5792,"XX[X[2,1|2,2],X[1,1|1,2]]",71,"X[2,1|2,2]",41,"X[1,1|1,2]",4,"(7,8,4,5)",5792,"('A_X1','B_X1','A_X2','B_X2')"
5793,"XX[X[2,1|2,2],X[1,1|2,0]]",71,"X[2,1|2,2]",42,"X[1,1|2,0]",4,"(7,8,4,6)",5793,"('A_X1','B_X1','A_X2','B_X2')"
5794,"XX[X[2,1|2,2],X[1,1|2,1]]",71,"X[2,1|2,2]",43,"X[1,1|2,1]",4,"(7,8,4,7)",5794,"('A_X1','B_X1','A_X2','B_X2')"
5795,"XX[X[2,1|2,2],X[1,1|2,2]]",71,"X[2,1|2,2]",44,"X[1,1|2,2]",4,"(7,8,4,8)",5795,"('A_X1','B_X1','A_X2','B_X2')"
5796,"XX[X[2,1|2,2],X[1,2|0,0]]",71,"X[2,1|2,2]",45,"X[1,2|0,0]",4,"(7,8,5,0)",5796,"('A_X1','B_X1','A_X2','B_X2')"
5797,"XX[X[2,1|2,2],X[1,2|0,1]]",71,"X[2,1|2,2]",46,"X[1,2|0,1]",4,"(7,8,5,1)",5797,"('A_X1','B_X1','A_X2','B_X2')"
5798,"XX[X[2,1|2,2],X[1,2|0,2]]",71,"X[2,1|2,2]",47,"X[1,2|0,2]",4,"(7,8,5,2)",5798,"('A_X1','B_X1','A_X2','B_X2')"
5799,"XX[X[2,1|2,2],X[1,2|1,0]]",71,"X[2,1|2,2]",48,"X[1,2|1,0]",4,"(7,8,5,3)",5799,"('A_X1','B_X1','A_X2','B_X2')"
5800,"XX[X[2,1|2,2],X[1,2|1,1]]",71,"X[2,1|2,2]",49,"X[1,2|1,1]",4,"(7,8,5,4)",5800,"('A_X1','B_X1','A_X2','B_X2')"
5801,"XX[X[2,1|2,2],X[1,2|1,2]]",71,"X[2,1|2,2]",50,"X[1,2|1,2]",4,"(7,8,5,5)",5801,"('A_X1','B_X1','A_X2','B_X2')"
5802,"XX[X[2,1|2,2],X[1,2|2,0]]",71,"X[2,1|2,2]",51,"X[1,2|2,0]",4,"(7,8,5,6)",5802,"('A_X1','B_X1','A_X2','B_X2')"
5803,"XX[X[2,1|2,2],X[1,2|2,1]]",71,"X[2,1|2,2]",52,"X[1,2|2,1]",4,"(7,8,5,7)",5803,"('A_X1','B_X1','A_X2','B_X2')"
5804,"XX[X[2,1|2,2],X[1,2|2,2]]",71,"X[2,1|2,2]",53,"X[1,2|2,2]",4,"(7,8,5,8)",5804,"('A_X1','B_X1','A_X2','B_X2')"
5805,"XX[X[2,1|2,2],X[2,0|0,0]]",71,"X[2,1|2,2]",54,"X[2,0|0,0]",4,"(7,8,6,0)",5805,"('A_X1','B_X1','A_X2','B_X2')"
5806,"XX[X[2,1|2,2],X[2,0|0,1]]",71,"X[2,1|2,2]",55,"X[2,0|0,1]",4,"(7,8,6,1)",5806,"('A_X1','B_X1','A_X2','B_X2')"
5807,"XX[X[2,1|2,2],X[2,0|0,2]]",71,"X[2,1|2,2]",56,"X[2,0|0,2]",4,"(7,8,6,2)",5807,"('A_X1','B_X1','A_X2','B_X2')"
5808,"XX[X[2,1|2,2],X[2,0|1,0]]",71,"X[2,1|2,2]",57,"X[2,0|1,0]",4,"(7,8,6,3)",5808,"('A_X1','B_X1','A_X2','B_X2')"
5809,"XX[X[2,1|2,2],X[2,0|1,1]]",71,"X[2,1|2,2]",58,"X[2,0|1,1]",4,"(7,8,6,4)",5809,"('A_X1','B_X1','A_X2','B_X2')"
5810,"XX[X[2,1|2,2],X[2,0|1,2]]",71,"X[2,1|2,2]",59,"X[2,0|1,2]",4,"(7,8,6,5)",5810,"('A_X1','B_X1','A_X2','B_X2')"
5811,"XX[X[2,1|2,2],X[2,0|2,0]]",71,"X[2,1|2,2]",60,"X[2,0|2,0]",4,"(7,8,6,6)",5811,"('A_X1','B_X1','A_X2','B_X2')"
5812,"XX[X[2,1|2,2],X[2,0|2,1]]",71,"X[2,1|2,2]",61,"X[2,0|2,1]",4,"(7,8,6,7)",5812,"('A_X1','B_X1','A_X2','B_X2')"
5813,"XX[X[2,1|2,2],X[2,0|2,2]]",71,"X[2,1|2,2]",62,"X[2,0|2,2]",4,"(7,8,6,8)",5813,"('A_X1','B_X1','A_X2','B_X2')"
5814,"XX[X[2,1|2,2],X[2,1|0,0]]",71,"X[2,1|2,2]",63,"X[2,1|0,0]",4,"(7,8,7,0)",5814,"('A_X1','B_X1','A_X2','B_X2')"
5815,"XX[X[2,1|2,2],X[2,1|0,1]]",71,"X[2,1|2,2]",64,"X[2,1|0,1]",4,"(7,8,7,1)",5815,"('A_X1','B_X1','A_X2','B_X2')"
5816,"XX[X[2,1|2,2],X[2,1|0,2]]",71,"X[2,1|2,2]",65,"X[2,1|0,2]",4,"(7,8,7,2)",5816,"('A_X1','B_X1','A_X2','B_X2')"
5817,"XX[X[2,1|2,2],X[2,1|1,0]]",71,"X[2,1|2,2]",66,"X[2,1|1,0]",4,"(7,8,7,3)",5817,"('A_X1','B_X1','A_X2','B_X2')"
5818,"XX[X[2,1|2,2],X[2,1|1,1]]",71,"X[2,1|2,2]",67,"X[2,1|1,1]",4,"(7,8,7,4)",5818,"('A_X1','B_X1','A_X2','B_X2')"
5819,"XX[X[2,1|2,2],X[2,1|1,2]]",71,"X[2,1|2,2]",68,"X[2,1|1,2]",4,"(7,8,7,5)",5819,"('A_X1','B_X1','A_X2','B_X2')"
5820,"XX[X[2,1|2,2],X[2,1|2,0]]",71,"X[2,1|2,2]",69,"X[2,1|2,0]",4,"(7,8,7,6)",5820,"('A_X1','B_X1','A_X2','B_X2')"
5821,"XX[X[2,1|2,2],X[2,1|2,1]]",71,"X[2,1|2,2]",70,"X[2,1|2,1]",4,"(7,8,7,7)",5821,"('A_X1','B_X1','A_X2','B_X2')"
5822,"XX[X[2,1|2,2],X[2,1|2,2]]",71,"X[2,1|2,2]",71,"X[2,1|2,2]",4,"(7,8,7,8)",5822,"('A_X1','B_X1','A_X2','B_X2')"
5823,"XX[X[2,1|2,2],X[2,2|0,0]]",71,"X[2,1|2,2]",72,"X[2,2|0,0]",4,"(7,8,8,0)",5823,"('A_X1','B_X1','A_X2','B_X2')"
5824,"XX[X[2,1|2,2],X[2,2|0,1]]",71,"X[2,1|2,2]",73,"X[2,2|0,1]",4,"(7,8,8,1)",5824,"('A_X1','B_X1','A_X2','B_X2')"
5825,"XX[X[2,1|2,2],X[2,2|0,2]]",71,"X[2,1|2,2]",74,"X[2,2|0,2]",4,"(7,8,8,2)",5825,"('A_X1','B_X1','A_X2','B_X2')"
5826,"XX[X[2,1|2,2],X[2,2|1,0]]",71,"X[2,1|2,2]",75,"X[2,2|1,0]",4,"(7,8,8,3)",5826,"('A_X1','B_X1','A_X2','B_X2')"
5827,"XX[X[2,1|2,2],X[2,2|1,1]]",71,"X[2,1|2,2]",76,"X[2,2|1,1]",4,"(7,8,8,4)",5827,"('A_X1','B_X1','A_X2','B_X2')"
5828,"XX[X[2,1|2,2],X[2,2|1,2]]",71,"X[2,1|2,2]",77,"X[2,2|1,2]",4,"(7,8,8,5)",5828,"('A_X1','B_X1','A_X2','B_X2')"
5829,"XX[X[2,1|2,2],X[2,2|2,0]]",71,"X[2,1|2,2]",78,"X[2,2|2,0]",4,"(7,8,8,6)",5829,"('A_X1','B_X1','A_X2','B_X2')"
5830,"XX[X[2,1|2,2],X[2,2|2,1]]",71,"X[2,1|2,2]",79,"X[2,2|2,1]",4,"(7,8,8,7)",5830,"('A_X1','B_X1','A_X2','B_X2')"
5831,"XX[X[2,1|2,2],X[2,2|2,2]]",71,"X[2,1|2,2]",80,"X[2,2|2,2]",4,"(7,8,8,8)",5831,"('A_X1','B_X1','A_X2','B_X2')"
5832,"XX[X[2,2|0,0],X[0,0|0,0]]",72,"X[2,2|0,0]",0,"X[0,0|0,0]",4,"(8,0,0,0)",5832,"('A_X1','B_X1','A_X2','B_X2')"
5833,"XX[X[2,2|0,0],X[0,0|0,1]]",72,"X[2,2|0,0]",1,"X[0,0|0,1]",4,"(8,0,0,1)",5833,"('A_X1','B_X1','A_X2','B_X2')"
5834,"XX[X[2,2|0,0],X[0,0|0,2]]",72,"X[2,2|0,0]",2,"X[0,0|0,2]",4,"(8,0,0,2)",5834,"('A_X1','B_X1','A_X2','B_X2')"
5835,"XX[X[2,2|0,0],X[0,0|1,0]]",72,"X[2,2|0,0]",3,"X[0,0|1,0]",4,"(8,0,0,3)",5835,"('A_X1','B_X1','A_X2','B_X2')"
5836,"XX[X[2,2|0,0],X[0,0|1,1]]",72,"X[2,2|0,0]",4,"X[0,0|1,1]",4,"(8,0,0,4)",5836,"('A_X1','B_X1','A_X2','B_X2')"
5837,"XX[X[2,2|0,0],X[0,0|1,2]]",72,"X[2,2|0,0]",5,"X[0,0|1,2]",4,"(8,0,0,5)",5837,"('A_X1','B_X1','A_X2','B_X2')"
5838,"XX[X[2,2|0,0],X[0,0|2,0]]",72,"X[2,2|0,0]",6,"X[0,0|2,0]",4,"(8,0,0,6)",5838,"('A_X1','B_X1','A_X2','B_X2')"
5839,"XX[X[2,2|0,0],X[0,0|2,1]]",72,"X[2,2|0,0]",7,"X[0,0|2,1]",4,"(8,0,0,7)",5839,"('A_X1','B_X1','A_X2','B_X2')"
5840,"XX[X[2,2|0,0],X[0,0|2,2]]",72,"X[2,2|0,0]",8,"X[0,0|2,2]",4,"(8,0,0,8)",5840,"('A_X1','B_X1','A_X2','B_X2')"
5841,"XX[X[2,2|0,0],X[0,1|0,0]]",72,"X[2,2|0,0]",9,"X[0,1|0,0]",4,"(8,0,1,0)",5841,"('A_X1','B_X1','A_X2','B_X2')"
5842,"XX[X[2,2|0,0],X[0,1|0,1]]",72,"X[2,2|0,0]",10,"X[0,1|0,1]",4,"(8,0,1,1)",5842,"('A_X1','B_X1','A_X2','B_X2')"
5843,"XX[X[2,2|0,0],X[0,1|0,2]]",72,"X[2,2|0,0]",11,"X[0,1|0,2]",4,"(8,0,1,2)",5843,"('A_X1','B_X1','A_X2','B_X2')"
5844,"XX[X[2,2|0,0],X[0,1|1,0]]",72,"X[2,2|0,0]",12,"X[0,1|1,0]",4,"(8,0,1,3)",5844,"('A_X1','B_X1','A_X2','B_X2')"
5845,"XX[X[2,2|0,0],X[0,1|1,1]]",72,"X[2,2|0,0]",13,"X[0,1|1,1]",4,"(8,0,1,4)",5845,"('A_X1','B_X1','A_X2','B_X2')"
5846,"XX[X[2,2|0,0],X[0,1|1,2]]",72,"X[2,2|0,0]",14,"X[0,1|1,2]",4,"(8,0,1,5)",5846,"('A_X1','B_X1','A_X2','B_X2')"
5847,"XX[X[2,2|0,0],X[0,1|2,0]]",72,"X[2,2|0,0]",15,"X[0,1|2,0]",4,"(8,0,1,6)",5847,"('A_X1','B_X1','A_X2','B_X2')"
5848,"XX[X[2,2|0,0],X[0,1|2,1]]",72,"X[2,2|0,0]",16,"X[0,1|2,1]",4,"(8,0,1,7)",5848,"('A_X1','B_X1','A_X2','B_X2')"
5849,"XX[X[2,2|0,0],X[0,1|2,2]]",72,"X[2,2|0,0]",17,"X[0,1|2,2]",4,"(8,0,1,8)",5849,"('A_X1','B_X1','A_X2','B_X2')"
5850,"XX[X[2,2|0,0],X[0,2|0,0]]",72,"X[2,2|0,0]",18,"X[0,2|0,0]",4,"(8,0,2,0)",5850,"('A_X1','B_X1','A_X2','B_X2')"
5851,"XX[X[2,2|0,0],X[0,2|0,1]]",72,"X[2,2|0,0]",19,"X[0,2|0,1]",4,"(8,0,2,1)",5851,"('A_X1','B_X1','A_X2','B_X2')"
5852,"XX[X[2,2|0,0],X[0,2|0,2]]",72,"X[2,2|0,0]",20,"X[0,2|0,2]",4,"(8,0,2,2)",5852,"('A_X1','B_X1','A_X2','B_X2')"
5853,"XX[X[2,2|0,0],X[0,2|1,0]]",72,"X[2,2|0,0]",21,"X[0,2|1,0]",4,"(8,0,2,3)",5853,"('A_X1','B_X1','A_X2','B_X2')"
5854,"XX[X[2,2|0,0],X[0,2|1,1]]",72,"X[2,2|0,0]",22,"X[0,2|1,1]",4,"(8,0,2,4)",5854,"('A_X1','B_X1','A_X2','B_X2')"
5855,"XX[X[2,2|0,0],X[0,2|1,2]]",72,"X[2,2|0,0]",23,"X[0,2|1,2]",4,"(8,0,2,5)",5855,"('A_X1','B_X1','A_X2','B_X2')"
5856,"XX[X[2,2|0,0],X[0,2|2,0]]",72,"X[2,2|0,0]",24,"X[0,2|2,0]",4,"(8,0,2,6)",5856,"('A_X1','B_X1','A_X2','B_X2')"
5857,"XX[X[2,2|0,0],X[0,2|2,1]]",72,"X[2,2|0,0]",25,"X[0,2|2,1]",4,"(8,0,2,7)",5857,"('A_X1','B_X1','A_X2','B_X2')"
5858,"XX[X[2,2|0,0],X[0,2|2,2]]",72,"X[2,2|0,0]",26,"X[0,2|2,2]",4,"(8,0,2,8)",5858,"('A_X1','B_X1','A_X2','B_X2')"
5859,"XX[X[2,2|0,0],X[1,0|0,0]]",72,"X[2,2|0,0]",27,"X[1,0|0,0]",4,"(8,0,3,0)",5859,"('A_X1','B_X1','A_X2','B_X2')"
5860,"XX[X[2,2|0,0],X[1,0|0,1]]",72,"X[2,2|0,0]",28,"X[1,0|0,1]",4,"(8,0,3,1)",5860,"('A_X1','B_X1','A_X2','B_X2')"
5861,"XX[X[2,2|0,0],X[1,0|0,2]]",72,"X[2,2|0,0]",29,"X[1,0|0,2]",4,"(8,0,3,2)",5861,"('A_X1','B_X1','A_X2','B_X2')"
5862,"XX[X[2,2|0,0],X[1,0|1,0]]",72,"X[2,2|0,0]",30,"X[1,0|1,0]",4,"(8,0,3,3)",5862,"('A_X1','B_X1','A_X2','B_X2')"
5863,"XX[X[2,2|0,0],X[1,0|1,1]]",72,"X[2,2|0,0]",31,"X[1,0|1,1]",4,"(8,0,3,4)",5863,"('A_X1','B_X1','A_X2','B_X2')"
5864,"XX[X[2,2|0,0],X[1,0|1,2]]",72,"X[2,2|0,0]",32,"X[1,0|1,2]",4,"(8,0,3,5)",5864,"('A_X1','B_X1','A_X2','B_X2')"
5865,"XX[X[2,2|0,0],X[1,0|2,0]]",72,"X[2,2|0,0]",33,"X[1,0|2,0]",4,"(8,0,3,6)",5865,"('A_X1','B_X1','A_X2','B_X2')"
5866,"XX[X[2,2|0,0],X[1,0|2,1]]",72,"X[2,2|0,0]",34,"X[1,0|2,1]",4,"(8,0,3,7)",5866,"('A_X1','B_X1','A_X2','B_X2')"
5867,"XX[X[2,2|0,0],X[1,0|2,2]]",72,"X[2,2|0,0]",35,"X[1,0|2,2]",4,"(8,0,3,8)",5867,"('A_X1','B_X1','A_X2','B_X2')"
5868,"XX[X[2,2|0,0],X[1,1|0,0]]",72,"X[2,2|0,0]",36,"X[1,1|0,0]",4,"(8,0,4,0)",5868,"('A_X1','B_X1','A_X2','B_X2')"
5869,"XX[X[2,2|0,0],X[1,1|0,1]]",72,"X[2,2|0,0]",37,"X[1,1|0,1]",4,"(8,0,4,1)",5869,"('A_X1','B_X1','A_X2','B_X2')"
5870,"XX[X[2,2|0,0],X[1,1|0,2]]",72,"X[2,2|0,0]",38,"X[1,1|0,2]",4,"(8,0,4,2)",5870,"('A_X1','B_X1','A_X2','B_X2')"
5871,"XX[X[2,2|0,0],X[1,1|1,0]]",72,"X[2,2|0,0]",39,"X[1,1|1,0]",4,"(8,0,4,3)",5871,"('A_X1','B_X1','A_X2','B_X2')"
5872,"XX[X[2,2|0,0],X[1,1|1,1]]",72,"X[2,2|0,0]",40,"X[1,1|1,1]",4,"(8,0,4,4)",5872,"('A_X1','B_X1','A_X2','B_X2')"
5873,"XX[X[2,2|0,0],X[1,1|1,2]]",72,"X[2,2|0,0]",41,"X[1,1|1,2]",4,"(8,0,4,5)",5873,"('A_X1','B_X1','A_X2','B_X2')"
5874,"XX[X[2,2|0,0],X[1,1|2,0]]",72,"X[2,2|0,0]",42,"X[1,1|2,0]",4,"(8,0,4,6)",5874,"('A_X1','B_X1','A_X2','B_X2')"
5875,"XX[X[2,2|0,0],X[1,1|2,1]]",72,"X[2,2|0,0]",43,"X[1,1|2,1]",4,"(8,0,4,7)",5875,"('A_X1','B_X1','A_X2','B_X2')"
5876,"XX[X[2,2|0,0],X[1,1|2,2]]",72,"X[2,2|0,0]",44,"X[1,1|2,2]",4,"(8,0,4,8)",5876,"('A_X1','B_X1','A_X2','B_X2')"
5877,"XX[X[2,2|0,0],X[1,2|0,0]]",72,"X[2,2|0,0]",45,"X[1,2|0,0]",4,"(8,0,5,0)",5877,"('A_X1','B_X1','A_X2','B_X2')"
5878,"XX[X[2,2|0,0],X[1,2|0,1]]",72,"X[2,2|0,0]",46,"X[1,2|0,1]",4,"(8,0,5,1)",5878,"('A_X1','B_X1','A_X2','B_X2')"
5879,"XX[X[2,2|0,0],X[1,2|0,2]]",72,"X[2,2|0,0]",47,"X[1,2|0,2]",4,"(8,0,5,2)",5879,"('A_X1','B_X1','A_X2','B_X2')"
5880,"XX[X[2,2|0,0],X[1,2|1,0]]",72,"X[2,2|0,0]",48,"X[1,2|1,0]",4,"(8,0,5,3)",5880,"('A_X1','B_X1','A_X2','B_X2')"
5881,"XX[X[2,2|0,0],X[1,2|1,1]]",72,"X[2,2|0,0]",49,"X[1,2|1,1]",4,"(8,0,5,4)",5881,"('A_X1','B_X1','A_X2','B_X2')"
5882,"XX[X[2,2|0,0],X[1,2|1,2]]",72,"X[2,2|0,0]",50,"X[1,2|1,2]",4,"(8,0,5,5)",5882,"('A_X1','B_X1','A_X2','B_X2')"
5883,"XX[X[2,2|0,0],X[1,2|2,0]]",72,"X[2,2|0,0]",51,"X[1,2|2,0]",4,"(8,0,5,6)",5883,"('A_X1','B_X1','A_X2','B_X2')"
5884,"XX[X[2,2|0,0],X[1,2|2,1]]",72,"X[2,2|0,0]",52,"X[1,2|2,1]",4,"(8,0,5,7)",5884,"('A_X1','B_X1','A_X2','B_X2')"
5885,"XX[X[2,2|0,0],X[1,2|2,2]]",72,"X[2,2|0,0]",53,"X[1,2|2,2]",4,"(8,0,5,8)",5885,"('A_X1','B_X1','A_X2','B_X2')"
5886,"XX[X[2,2|0,0],X[2,0|0,0]]",72,"X[2,2|0,0]",54,"X[2,0|0,0]",4,"(8,0,6,0)",5886,"('A_X1','B_X1','A_X2','B_X2')"
5887,"XX[X[2,2|0,0],X[2,0|0,1]]",72,"X[2,2|0,0]",55,"X[2,0|0,1]",4,"(8,0,6,1)",5887,"('A_X1','B_X1','A_X2','B_X2')"
5888,"XX[X[2,2|0,0],X[2,0|0,2]]",72,"X[2,2|0,0]",56,"X[2,0|0,2]",4,"(8,0,6,2)",5888,"('A_X1','B_X1','A_X2','B_X2')"
5889,"XX[X[2,2|0,0],X[2,0|1,0]]",72,"X[2,2|0,0]",57,"X[2,0|1,0]",4,"(8,0,6,3)",5889,"('A_X1','B_X1','A_X2','B_X2')"
5890,"XX[X[2,2|0,0],X[2,0|1,1]]",72,"X[2,2|0,0]",58,"X[2,0|1,1]",4,"(8,0,6,4)",5890,"('A_X1','B_X1','A_X2','B_X2')"
5891,"XX[X[2,2|0,0],X[2,0|1,2]]",72,"X[2,2|0,0]",59,"X[2,0|1,2]",4,"(8,0,6,5)",5891,"('A_X1','B_X1','A_X2','B_X2')"
5892,"XX[X[2,2|0,0],X[2,0|2,0]]",72,"X[2,2|0,0]",60,"X[2,0|2,0]",4,"(8,0,6,6)",5892,"('A_X1','B_X1','A_X2','B_X2')"
5893,"XX[X[2,2|0,0],X[2,0|2,1]]",72,"X[2,2|0,0]",61,"X[2,0|2,1]",4,"(8,0,6,7)",5893,"('A_X1','B_X1','A_X2','B_X2')"
5894,"XX[X[2,2|0,0],X[2,0|2,2]]",72,"X[2,2|0,0]",62,"X[2,0|2,2]",4,"(8,0,6,8)",5894,"('A_X1','B_X1','A_X2','B_X2')"
5895,"XX[X[2,2|0,0],X[2,1|0,0]]",72,"X[2,2|0,0]",63,"X[2,1|0,0]",4,"(8,0,7,0)",5895,"('A_X1','B_X1','A_X2','B_X2')"
5896,"XX[X[2,2|0,0],X[2,1|0,1]]",72,"X[2,2|0,0]",64,"X[2,1|0,1]",4,"(8,0,7,1)",5896,"('A_X1','B_X1','A_X2','B_X2')"
5897,"XX[X[2,2|0,0],X[2,1|0,2]]",72,"X[2,2|0,0]",65,"X[2,1|0,2]",4,"(8,0,7,2)",5897,"('A_X1','B_X1','A_X2','B_X2')"
5898,"XX[X[2,2|0,0],X[2,1|1,0]]",72,"X[2,2|0,0]",66,"X[2,1|1,0]",4,"(8,0,7,3)",5898,"('A_X1','B_X1','A_X2','B_X2')"
5899,"XX[X[2,2|0,0],X[2,1|1,1]]",72,"X[2,2|0,0]",67,"X[2,1|1,1]",4,"(8,0,7,4)",5899,"('A_X1','B_X1','A_X2','B_X2')"
5900,"XX[X[2,2|0,0],X[2,1|1,2]]",72,"X[2,2|0,0]",68,"X[2,1|1,2]",4,"(8,0,7,5)",5900,"('A_X1','B_X1','A_X2','B_X2')"
5901,"XX[X[2,2|0,0],X[2,1|2,0]]",72,"X[2,2|0,0]",69,"X[2,1|2,0]",4,"(8,0,7,6)",5901,"('A_X1','B_X1','A_X2','B_X2')"
5902,"XX[X[2,2|0,0],X[2,1|2,1]]",72,"X[2,2|0,0]",70,"X[2,1|2,1]",4,"(8,0,7,7)",5902,"('A_X1','B_X1','A_X2','B_X2')"
5903,"XX[X[2,2|0,0],X[2,1|2,2]]",72,"X[2,2|0,0]",71,"X[2,1|2,2]",4,"(8,0,7,8)",5903,"('A_X1','B_X1','A_X2','B_X2')"
5904,"XX[X[2,2|0,0],X[2,2|0,0]]",72,"X[2,2|0,0]",72,"X[2,2|0,0]",4,"(8,0,8,0)",5904,"('A_X1','B_X1','A_X2','B_X2')"
5905,"XX[X[2,2|0,0],X[2,2|0,1]]",72,"X[2,2|0,0]",73,"X[2,2|0,1]",4,"(8,0,8,1)",5905,"('A_X1','B_X1','A_X2','B_X2')"
5906,"XX[X[2,2|0,0],X[2,2|0,2]]",72,"X[2,2|0,0]",74,"X[2,2|0,2]",4,"(8,0,8,2)",5906,"('A_X1','B_X1','A_X2','B_X2')"
5907,"XX[X[2,2|0,0],X[2,2|1,0]]",72,"X[2,2|0,0]",75,"X[2,2|1,0]",4,"(8,0,8,3)",5907,"('A_X1','B_X1','A_X2','B_X2')"
5908,"XX[X[2,2|0,0],X[2,2|1,1]]",72,"X[2,2|0,0]",76,"X[2,2|1,1]",4,"(8,0,8,4)",5908,"('A_X1','B_X1','A_X2','B_X2')"
5909,"XX[X[2,2|0,0],X[2,2|1,2]]",72,"X[2,2|0,0]",77,"X[2,2|1,2]",4,"(8,0,8,5)",5909,"('A_X1','B_X1','A_X2','B_X2')"
5910,"XX[X[2,2|0,0],X[2,2|2,0]]",72,"X[2,2|0,0]",78,"X[2,2|2,0]",4,"(8,0,8,6)",5910,"('A_X1','B_X1','A_X2','B_X2')"
5911,"XX[X[2,2|0,0],X[2,2|2,1]]",72,"X[2,2|0,0]",79,"X[2,2|2,1]",4,"(8,0,8,7)",5911,"('A_X1','B_X1','A_X2','B_X2')"
5912,"XX[X[2,2|0,0],X[2,2|2,2]]",72,"X[2,2|0,0]",80,"X[2,2|2,2]",4,"(8,0,8,8)",5912,"('A_X1','B_X1','A_X2','B_X2')"
5913,"XX[X[2,2|0,1],X[0,0|0,0]]",73,"X[2,2|0,1]",0,"X[0,0|0,0]",4,"(8,1,0,0)",5913,"('A_X1','B_X1','A_X2','B_X2')"
5914,"XX[X[2,2|0,1],X[0,0|0,1]]",73,"X[2,2|0,1]",1,"X[0,0|0,1]",4,"(8,1,0,1)",5914,"('A_X1','B_X1','A_X2','B_X2')"
5915,"XX[X[2,2|0,1],X[0,0|0,2]]",73,"X[2,2|0,1]",2,"X[0,0|0,2]",4,"(8,1,0,2)",5915,"('A_X1','B_X1','A_X2','B_X2')"
5916,"XX[X[2,2|0,1],X[0,0|1,0]]",73,"X[2,2|0,1]",3,"X[0,0|1,0]",4,"(8,1,0,3)",5916,"('A_X1','B_X1','A_X2','B_X2')"
5917,"XX[X[2,2|0,1],X[0,0|1,1]]",73,"X[2,2|0,1]",4,"X[0,0|1,1]",4,"(8,1,0,4)",5917,"('A_X1','B_X1','A_X2','B_X2')"
5918,"XX[X[2,2|0,1],X[0,0|1,2]]",73,"X[2,2|0,1]",5,"X[0,0|1,2]",4,"(8,1,0,5)",5918,"('A_X1','B_X1','A_X2','B_X2')"
5919,"XX[X[2,2|0,1],X[0,0|2,0]]",73,"X[2,2|0,1]",6,"X[0,0|2,0]",4,"(8,1,0,6)",5919,"('A_X1','B_X1','A_X2','B_X2')"
5920,"XX[X[2,2|0,1],X[0,0|2,1]]",73,"X[2,2|0,1]",7,"X[0,0|2,1]",4,"(8,1,0,7)",5920,"('A_X1','B_X1','A_X2','B_X2')"
5921,"XX[X[2,2|0,1],X[0,0|2,2]]",73,"X[2,2|0,1]",8,"X[0,0|2,2]",4,"(8,1,0,8)",5921,"('A_X1','B_X1','A_X2','B_X2')"
5922,"XX[X[2,2|0,1],X[0,1|0,0]]",73,"X[2,2|0,1]",9,"X[0,1|0,0]",4,"(8,1,1,0)",5922,"('A_X1','B_X1','A_X2','B_X2')"
5923,"XX[X[2,2|0,1],X[0,1|0,1]]",73,"X[2,2|0,1]",10,"X[0,1|0,1]",4,"(8,1,1,1)",5923,"('A_X1','B_X1','A_X2','B_X2')"
5924,"XX[X[2,2|0,1],X[0,1|0,2]]",73,"X[2,2|0,1]",11,"X[0,1|0,2]",4,"(8,1,1,2)",5924,"('A_X1','B_X1','A_X2','B_X2')"
5925,"XX[X[2,2|0,1],X[0,1|1,0]]",73,"X[2,2|0,1]",12,"X[0,1|1,0]",4,"(8,1,1,3)",5925,"('A_X1','B_X1','A_X2','B_X2')"
5926,"XX[X[2,2|0,1],X[0,1|1,1]]",73,"X[2,2|0,1]",13,"X[0,1|1,1]",4,"(8,1,1,4)",5926,"('A_X1','B_X1','A_X2','B_X2')"
5927,"XX[X[2,2|0,1],X[0,1|1,2]]",73,"X[2,2|0,1]",14,"X[0,1|1,2]",4,"(8,1,1,5)",5927,"('A_X1','B_X1','A_X2','B_X2')"
5928,"XX[X[2,2|0,1],X[0,1|2,0]]",73,"X[2,2|0,1]",15,"X[0,1|2,0]",4,"(8,1,1,6)",5928,"('A_X1','B_X1','A_X2','B_X2')"
5929,"XX[X[2,2|0,1],X[0,1|2,1]]",73,"X[2,2|0,1]",16,"X[0,1|2,1]",4,"(8,1,1,7)",5929,"('A_X1','B_X1','A_X2','B_X2')"
5930,"XX[X[2,2|0,1],X[0,1|2,2]]",73,"X[2,2|0,1]",17,"X[0,1|2,2]",4,"(8,1,1,8)",5930,"('A_X1','B_X1','A_X2','B_X2')"
5931,"XX[X[2,2|0,1],X[0,2|0,0]]",73,"X[2,2|0,1]",18,"X[0,2|0,0]",4,"(8,1,2,0)",5931,"('A_X1','B_X1','A_X2','B_X2')"
5932,"XX[X[2,2|0,1],X[0,2|0,1]]",73,"X[2,2|0,1]",19,"X[0,2|0,1]",4,"(8,1,2,1)",5932,"('A_X1','B_X1','A_X2','B_X2')"
5933,"XX[X[2,2|0,1],X[0,2|0,2]]",73,"X[2,2|0,1]",20,"X[0,2|0,2]",4,"(8,1,2,2)",5933,"('A_X1','B_X1','A_X2','B_X2')"
5934,"XX[X[2,2|0,1],X[0,2|1,0]]",73,"X[2,2|0,1]",21,"X[0,2|1,0]",4,"(8,1,2,3)",5934,"('A_X1','B_X1','A_X2','B_X2')"
5935,"XX[X[2,2|0,1],X[0,2|1,1]]",73,"X[2,2|0,1]",22,"X[0,2|1,1]",4,"(8,1,2,4)",5935,"('A_X1','B_X1','A_X2','B_X2')"
5936,"XX[X[2,2|0,1],X[0,2|1,2]]",73,"X[2,2|0,1]",23,"X[0,2|1,2]",4,"(8,1,2,5)",5936,"('A_X1','B_X1','A_X2','B_X2')"
5937,"XX[X[2,2|0,1],X[0,2|2,0]]",73,"X[2,2|0,1]",24,"X[0,2|2,0]",4,"(8,1,2,6)",5937,"('A_X1','B_X1','A_X2','B_X2')"
5938,"XX[X[2,2|0,1],X[0,2|2,1]]",73,"X[2,2|0,1]",25,"X[0,2|2,1]",4,"(8,1,2,7)",5938,"('A_X1','B_X1','A_X2','B_X2')"
5939,"XX[X[2,2|0,1],X[0,2|2,2]]",73,"X[2,2|0,1]",26,"X[0,2|2,2]",4,"(8,1,2,8)",5939,"('A_X1','B_X1','A_X2','B_X2')"
5940,"XX[X[2,2|0,1],X[1,0|0,0]]",73,"X[2,2|0,1]",27,"X[1,0|0,0]",4,"(8,1,3,0)",5940,"('A_X1','B_X1','A_X2','B_X2')"
5941,"XX[X[2,2|0,1],X[1,0|0,1]]",73,"X[2,2|0,1]",28,"X[1,0|0,1]",4,"(8,1,3,1)",5941,"('A_X1','B_X1','A_X2','B_X2')"
5942,"XX[X[2,2|0,1],X[1,0|0,2]]",73,"X[2,2|0,1]",29,"X[1,0|0,2]",4,"(8,1,3,2)",5942,"('A_X1','B_X1','A_X2','B_X2')"
5943,"XX[X[2,2|0,1],X[1,0|1,0]]",73,"X[2,2|0,1]",30,"X[1,0|1,0]",4,"(8,1,3,3)",5943,"('A_X1','B_X1','A_X2','B_X2')"
5944,"XX[X[2,2|0,1],X[1,0|1,1]]",73,"X[2,2|0,1]",31,"X[1,0|1,1]",4,"(8,1,3,4)",5944,"('A_X1','B_X1','A_X2','B_X2')"
5945,"XX[X[2,2|0,1],X[1,0|1,2]]",73,"X[2,2|0,1]",32,"X[1,0|1,2]",4,"(8,1,3,5)",5945,"('A_X1','B_X1','A_X2','B_X2')"
5946,"XX[X[2,2|0,1],X[1,0|2,0]]",73,"X[2,2|0,1]",33,"X[1,0|2,0]",4,"(8,1,3,6)",5946,"('A_X1','B_X1','A_X2','B_X2')"
5947,"XX[X[2,2|0,1],X[1,0|2,1]]",73,"X[2,2|0,1]",34,"X[1,0|2,1]",4,"(8,1,3,7)",5947,"('A_X1','B_X1','A_X2','B_X2')"
5948,"XX[X[2,2|0,1],X[1,0|2,2]]",73,"X[2,2|0,1]",35,"X[1,0|2,2]",4,"(8,1,3,8)",5948,"('A_X1','B_X1','A_X2','B_X2')"
5949,"XX[X[2,2|0,1],X[1,1|0,0]]",73,"X[2,2|0,1]",36,"X[1,1|0,0]",4,"(8,1,4,0)",5949,"('A_X1','B_X1','A_X2','B_X2')"
5950,"XX[X[2,2|0,1],X[1,1|0,1]]",73,"X[2,2|0,1]",37,"X[1,1|0,1]",4,"(8,1,4,1)",5950,"('A_X1','B_X1','A_X2','B_X2')"
5951,"XX[X[2,2|0,1],X[1,1|0,2]]",73,"X[2,2|0,1]",38,"X[1,1|0,2]",4,"(8,1,4,2)",5951,"('A_X1','B_X1','A_X2','B_X2')"
5952,"XX[X[2,2|0,1],X[1,1|1,0]]",73,"X[2,2|0,1]",39,"X[1,1|1,0]",4,"(8,1,4,3)",5952,"('A_X1','B_X1','A_X2','B_X2')"
5953,"XX[X[2,2|0,1],X[1,1|1,1]]",73,"X[2,2|0,1]",40,"X[1,1|1,1]",4,"(8,1,4,4)",5953,"('A_X1','B_X1','A_X2','B_X2')"
5954,"XX[X[2,2|0,1],X[1,1|1,2]]",73,"X[2,2|0,1]",41,"X[1,1|1,2]",4,"(8,1,4,5)",5954,"('A_X1','B_X1','A_X2','B_X2')"
5955,"XX[X[2,2|0,1],X[1,1|2,0]]",73,"X[2,2|0,1]",42,"X[1,1|2,0]",4,"(8,1,4,6)",5955,"('A_X1','B_X1','A_X2','B_X2')"
5956,"XX[X[2,2|0,1],X[1,1|2,1]]",73,"X[2,2|0,1]",43,"X[1,1|2,1]",4,"(8,1,4,7)",5956,"('A_X1','B_X1','A_X2','B_X2')"
5957,"XX[X[2,2|0,1],X[1,1|2,2]]",73,"X[2,2|0,1]",44,"X[1,1|2,2]",4,"(8,1,4,8)",5957,"('A_X1','B_X1','A_X2','B_X2')"
5958,"XX[X[2,2|0,1],X[1,2|0,0]]",73,"X[2,2|0,1]",45,"X[1,2|0,0]",4,"(8,1,5,0)",5958,"('A_X1','B_X1','A_X2','B_X2')"
5959,"XX[X[2,2|0,1],X[1,2|0,1]]",73,"X[2,2|0,1]",46,"X[1,2|0,1]",4,"(8,1,5,1)",5959,"('A_X1','B_X1','A_X2','B_X2')"
5960,"XX[X[2,2|0,1],X[1,2|0,2]]",73,"X[2,2|0,1]",47,"X[1,2|0,2]",4,"(8,1,5,2)",5960,"('A_X1','B_X1','A_X2','B_X2')"
5961,"XX[X[2,2|0,1],X[1,2|1,0]]",73,"X[2,2|0,1]",48,"X[1,2|1,0]",4,"(8,1,5,3)",5961,"('A_X1','B_X1','A_X2','B_X2')"
5962,"XX[X[2,2|0,1],X[1,2|1,1]]",73,"X[2,2|0,1]",49,"X[1,2|1,1]",4,"(8,1,5,4)",5962,"('A_X1','B_X1','A_X2','B_X2')"
5963,"XX[X[2,2|0,1],X[1,2|1,2]]",73,"X[2,2|0,1]",50,"X[1,2|1,2]",4,"(8,1,5,5)",5963,"('A_X1','B_X1','A_X2','B_X2')"
5964,"XX[X[2,2|0,1],X[1,2|2,0]]",73,"X[2,2|0,1]",51,"X[1,2|2,0]",4,"(8,1,5,6)",5964,"('A_X1','B_X1','A_X2','B_X2')"
5965,"XX[X[2,2|0,1],X[1,2|2,1]]",73,"X[2,2|0,1]",52,"X[1,2|2,1]",4,"(8,1,5,7)",5965,"('A_X1','B_X1','A_X2','B_X2')"
5966,"XX[X[2,2|0,1],X[1,2|2,2]]",73,"X[2,2|0,1]",53,"X[1,2|2,2]",4,"(8,1,5,8)",5966,"('A_X1','B_X1','A_X2','B_X2')"
5967,"XX[X[2,2|0,1],X[2,0|0,0]]",73,"X[2,2|0,1]",54,"X[2,0|0,0]",4,"(8,1,6,0)",5967,"('A_X1','B_X1','A_X2','B_X2')"
5968,"XX[X[2,2|0,1],X[2,0|0,1]]",73,"X[2,2|0,1]",55,"X[2,0|0,1]",4,"(8,1,6,1)",5968,"('A_X1','B_X1','A_X2','B_X2')"
5969,"XX[X[2,2|0,1],X[2,0|0,2]]",73,"X[2,2|0,1]",56,"X[2,0|0,2]",4,"(8,1,6,2)",5969,"('A_X1','B_X1','A_X2','B_X2')"
5970,"XX[X[2,2|0,1],X[2,0|1,0]]",73,"X[2,2|0,1]",57,"X[2,0|1,0]",4,"(8,1,6,3)",5970,"('A_X1','B_X1','A_X2','B_X2')"
5971,"XX[X[2,2|0,1],X[2,0|1,1]]",73,"X[2,2|0,1]",58,"X[2,0|1,1]",4,"(8,1,6,4)",5971,"('A_X1','B_X1','A_X2','B_X2')"
5972,"XX[X[2,2|0,1],X[2,0|1,2]]",73,"X[2,2|0,1]",59,"X[2,0|1,2]",4,"(8,1,6,5)",5972,"('A_X1','B_X1','A_X2','B_X2')"
5973,"XX[X[2,2|0,1],X[2,0|2,0]]",73,"X[2,2|0,1]",60,"X[2,0|2,0]",4,"(8,1,6,6)",5973,"('A_X1','B_X1','A_X2','B_X2')"
5974,"XX[X[2,2|0,1],X[2,0|2,1]]",73,"X[2,2|0,1]",61,"X[2,0|2,1]",4,"(8,1,6,7)",5974,"('A_X1','B_X1','A_X2','B_X2')"
5975,"XX[X[2,2|0,1],X[2,0|2,2]]",73,"X[2,2|0,1]",62,"X[2,0|2,2]",4,"(8,1,6,8)",5975,"('A_X1','B_X1','A_X2','B_X2')"
5976,"XX[X[2,2|0,1],X[2,1|0,0]]",73,"X[2,2|0,1]",63,"X[2,1|0,0]",4,"(8,1,7,0)",5976,"('A_X1','B_X1','A_X2','B_X2')"
5977,"XX[X[2,2|0,1],X[2,1|0,1]]",73,"X[2,2|0,1]",64,"X[2,1|0,1]",4,"(8,1,7,1)",5977,"('A_X1','B_X1','A_X2','B_X2')"
5978,"XX[X[2,2|0,1],X[2,1|0,2]]",73,"X[2,2|0,1]",65,"X[2,1|0,2]",4,"(8,1,7,2)",5978,"('A_X1','B_X1','A_X2','B_X2')"
5979,"XX[X[2,2|0,1],X[2,1|1,0]]",73,"X[2,2|0,1]",66,"X[2,1|1,0]",4,"(8,1,7,3)",5979,"('A_X1','B_X1','A_X2','B_X2')"
5980,"XX[X[2,2|0,1],X[2,1|1,1]]",73,"X[2,2|0,1]",67,"X[2,1|1,1]",4,"(8,1,7,4)",5980,"('A_X1','B_X1','A_X2','B_X2')"
5981,"XX[X[2,2|0,1],X[2,1|1,2]]",73,"X[2,2|0,1]",68,"X[2,1|1,2]",4,"(8,1,7,5)",5981,"('A_X1','B_X1','A_X2','B_X2')"
5982,"XX[X[2,2|0,1],X[2,1|2,0]]",73,"X[2,2|0,1]",69,"X[2,1|2,0]",4,"(8,1,7,6)",5982,"('A_X1','B_X1','A_X2','B_X2')"
5983,"XX[X[2,2|0,1],X[2,1|2,1]]",73,"X[2,2|0,1]",70,"X[2,1|2,1]",4,"(8,1,7,7)",5983,"('A_X1','B_X1','A_X2','B_X2')"
5984,"XX[X[2,2|0,1],X[2,1|2,2]]",73,"X[2,2|0,1]",71,"X[2,1|2,2]",4,"(8,1,7,8)",5984,"('A_X1','B_X1','A_X2','B_X2')"
5985,"XX[X[2,2|0,1],X[2,2|0,0]]",73,"X[2,2|0,1]",72,"X[2,2|0,0]",4,"(8,1,8,0)",5985,"('A_X1','B_X1','A_X2','B_X2')"
5986,"XX[X[2,2|0,1],X[2,2|0,1]]",73,"X[2,2|0,1]",73,"X[2,2|0,1]",4,"(8,1,8,1)",5986,"('A_X1','B_X1','A_X2','B_X2')"
5987,"XX[X[2,2|0,1],X[2,2|0,2]]",73,"X[2,2|0,1]",74,"X[2,2|0,2]",4,"(8,1,8,2)",5987,"('A_X1','B_X1','A_X2','B_X2')"
5988,"XX[X[2,2|0,1],X[2,2|1,0]]",73,"X[2,2|0,1]",75,"X[2,2|1,0]",4,"(8,1,8,3)",5988,"('A_X1','B_X1','A_X2','B_X2')"
5989,"XX[X[2,2|0,1],X[2,2|1,1]]",73,"X[2,2|0,1]",76,"X[2,2|1,1]",4,"(8,1,8,4)",5989,"('A_X1','B_X1','A_X2','B_X2')"
5990,"XX[X[2,2|0,1],X[2,2|1,2]]",73,"X[2,2|0,1]",77,"X[2,2|1,2]",4,"(8,1,8,5)",5990,"('A_X1','B_X1','A_X2','B_X2')"
5991,"XX[X[2,2|0,1],X[2,2|2,0]]",73,"X[2,2|0,1]",78,"X[2,2|2,0]",4,"(8,1,8,6)",5991,"('A_X1','B_X1','A_X2','B_X2')"
5992,"XX[X[2,2|0,1],X[2,2|2,1]]",73,"X[2,2|0,1]",79,"X[2,2|2,1]",4,"(8,1,8,7)",5992,"('A_X1','B_X1','A_X2','B_X2')"
5993,"XX[X[2,2|0,1],X[2,2|2,2]]",73,"X[2,2|0,1]",80,"X[2,2|2,2]",4,"(8,1,8,8)",5993,"('A_X1','B_X1','A_X2','B_X2')"
5994,"XX[X[2,2|0,2],X[0,0|0,0]]",74,"X[2,2|0,2]",0,"X[0,0|0,0]",4,"(8,2,0,0)",5994,"('A_X1','B_X1','A_X2','B_X2')"
5995,"XX[X[2,2|0,2],X[0,0|0,1]]",74,"X[2,2|0,2]",1,"X[0,0|0,1]",4,"(8,2,0,1)",5995,"('A_X1','B_X1','A_X2','B_X2')"
5996,"XX[X[2,2|0,2],X[0,0|0,2]]",74,"X[2,2|0,2]",2,"X[0,0|0,2]",4,"(8,2,0,2)",5996,"('A_X1','B_X1','A_X2','B_X2')"
5997,"XX[X[2,2|0,2],X[0,0|1,0]]",74,"X[2,2|0,2]",3,"X[0,0|1,0]",4,"(8,2,0,3)",5997,"('A_X1','B_X1','A_X2','B_X2')"
5998,"XX[X[2,2|0,2],X[0,0|1,1]]",74,"X[2,2|0,2]",4,"X[0,0|1,1]",4,"(8,2,0,4)",5998,"('A_X1','B_X1','A_X2','B_X2')"
5999,"XX[X[2,2|0,2],X[0,0|1,2]]",74,"X[2,2|0,2]",5,"X[0,0|1,2]",4,"(8,2,0,5)",5999,"('A_X1','B_X1','A_X2','B_X2')"
6000,"XX[X[2,2|0,2],X[0,0|2,0]]",74,"X[2,2|0,2]",6,"X[0,0|2,0]",4,"(8,2,0,6)",6000,"('A_X1','B_X1','A_X2','B_X2')"
6001,"XX[X[2,2|0,2],X[0,0|2,1]]",74,"X[2,2|0,2]",7,"X[0,0|2,1]",4,"(8,2,0,7)",6001,"('A_X1','B_X1','A_X2','B_X2')"
6002,"XX[X[2,2|0,2],X[0,0|2,2]]",74,"X[2,2|0,2]",8,"X[0,0|2,2]",4,"(8,2,0,8)",6002,"('A_X1','B_X1','A_X2','B_X2')"
6003,"XX[X[2,2|0,2],X[0,1|0,0]]",74,"X[2,2|0,2]",9,"X[0,1|0,0]",4,"(8,2,1,0)",6003,"('A_X1','B_X1','A_X2','B_X2')"
6004,"XX[X[2,2|0,2],X[0,1|0,1]]",74,"X[2,2|0,2]",10,"X[0,1|0,1]",4,"(8,2,1,1)",6004,"('A_X1','B_X1','A_X2','B_X2')"
6005,"XX[X[2,2|0,2],X[0,1|0,2]]",74,"X[2,2|0,2]",11,"X[0,1|0,2]",4,"(8,2,1,2)",6005,"('A_X1','B_X1','A_X2','B_X2')"
6006,"XX[X[2,2|0,2],X[0,1|1,0]]",74,"X[2,2|0,2]",12,"X[0,1|1,0]",4,"(8,2,1,3)",6006,"('A_X1','B_X1','A_X2','B_X2')"
6007,"XX[X[2,2|0,2],X[0,1|1,1]]",74,"X[2,2|0,2]",13,"X[0,1|1,1]",4,"(8,2,1,4)",6007,"('A_X1','B_X1','A_X2','B_X2')"
6008,"XX[X[2,2|0,2],X[0,1|1,2]]",74,"X[2,2|0,2]",14,"X[0,1|1,2]",4,"(8,2,1,5)",6008,"('A_X1','B_X1','A_X2','B_X2')"
6009,"XX[X[2,2|0,2],X[0,1|2,0]]",74,"X[2,2|0,2]",15,"X[0,1|2,0]",4,"(8,2,1,6)",6009,"('A_X1','B_X1','A_X2','B_X2')"
6010,"XX[X[2,2|0,2],X[0,1|2,1]]",74,"X[2,2|0,2]",16,"X[0,1|2,1]",4,"(8,2,1,7)",6010,"('A_X1','B_X1','A_X2','B_X2')"
6011,"XX[X[2,2|0,2],X[0,1|2,2]]",74,"X[2,2|0,2]",17,"X[0,1|2,2]",4,"(8,2,1,8)",6011,"('A_X1','B_X1','A_X2','B_X2')"
6012,"XX[X[2,2|0,2],X[0,2|0,0]]",74,"X[2,2|0,2]",18,"X[0,2|0,0]",4,"(8,2,2,0)",6012,"('A_X1','B_X1','A_X2','B_X2')"
6013,"XX[X[2,2|0,2],X[0,2|0,1]]",74,"X[2,2|0,2]",19,"X[0,2|0,1]",4,"(8,2,2,1)",6013,"('A_X1','B_X1','A_X2','B_X2')"
6014,"XX[X[2,2|0,2],X[0,2|0,2]]",74,"X[2,2|0,2]",20,"X[0,2|0,2]",4,"(8,2,2,2)",6014,"('A_X1','B_X1','A_X2','B_X2')"
6015,"XX[X[2,2|0,2],X[0,2|1,0]]",74,"X[2,2|0,2]",21,"X[0,2|1,0]",4,"(8,2,2,3)",6015,"('A_X1','B_X1','A_X2','B_X2')"
6016,"XX[X[2,2|0,2],X[0,2|1,1]]",74,"X[2,2|0,2]",22,"X[0,2|1,1]",4,"(8,2,2,4)",6016,"('A_X1','B_X1','A_X2','B_X2')"
6017,"XX[X[2,2|0,2],X[0,2|1,2]]",74,"X[2,2|0,2]",23,"X[0,2|1,2]",4,"(8,2,2,5)",6017,"('A_X1','B_X1','A_X2','B_X2')"
6018,"XX[X[2,2|0,2],X[0,2|2,0]]",74,"X[2,2|0,2]",24,"X[0,2|2,0]",4,"(8,2,2,6)",6018,"('A_X1','B_X1','A_X2','B_X2')"
6019,"XX[X[2,2|0,2],X[0,2|2,1]]",74,"X[2,2|0,2]",25,"X[0,2|2,1]",4,"(8,2,2,7)",6019,"('A_X1','B_X1','A_X2','B_X2')"
6020,"XX[X[2,2|0,2],X[0,2|2,2]]",74,"X[2,2|0,2]",26,"X[0,2|2,2]",4,"(8,2,2,8)",6020,"('A_X1','B_X1','A_X2','B_X2')"
6021,"XX[X[2,2|0,2],X[1,0|0,0]]",74,"X[2,2|0,2]",27,"X[1,0|0,0]",4,"(8,2,3,0)",6021,"('A_X1','B_X1','A_X2','B_X2')"
6022,"XX[X[2,2|0,2],X[1,0|0,1]]",74,"X[2,2|0,2]",28,"X[1,0|0,1]",4,"(8,2,3,1)",6022,"('A_X1','B_X1','A_X2','B_X2')"
6023,"XX[X[2,2|0,2],X[1,0|0,2]]",74,"X[2,2|0,2]",29,"X[1,0|0,2]",4,"(8,2,3,2)",6023,"('A_X1','B_X1','A_X2','B_X2')"
6024,"XX[X[2,2|0,2],X[1,0|1,0]]",74,"X[2,2|0,2]",30,"X[1,0|1,0]",4,"(8,2,3,3)",6024,"('A_X1','B_X1','A_X2','B_X2')"
6025,"XX[X[2,2|0,2],X[1,0|1,1]]",74,"X[2,2|0,2]",31,"X[1,0|1,1]",4,"(8,2,3,4)",6025,"('A_X1','B_X1','A_X2','B_X2')"
6026,"XX[X[2,2|0,2],X[1,0|1,2]]",74,"X[2,2|0,2]",32,"X[1,0|1,2]",4,"(8,2,3,5)",6026,"('A_X1','B_X1','A_X2','B_X2')"
6027,"XX[X[2,2|0,2],X[1,0|2,0]]",74,"X[2,2|0,2]",33,"X[1,0|2,0]",4,"(8,2,3,6)",6027,"('A_X1','B_X1','A_X2','B_X2')"
6028,"XX[X[2,2|0,2],X[1,0|2,1]]",74,"X[2,2|0,2]",34,"X[1,0|2,1]",4,"(8,2,3,7)",6028,"('A_X1','B_X1','A_X2','B_X2')"
6029,"XX[X[2,2|0,2],X[1,0|2,2]]",74,"X[2,2|0,2]",35,"X[1,0|2,2]",4,"(8,2,3,8)",6029,"('A_X1','B_X1','A_X2','B_X2')"
6030,"XX[X[2,2|0,2],X[1,1|0,0]]",74,"X[2,2|0,2]",36,"X[1,1|0,0]",4,"(8,2,4,0)",6030,"('A_X1','B_X1','A_X2','B_X2')"
6031,"XX[X[2,2|0,2],X[1,1|0,1]]",74,"X[2,2|0,2]",37,"X[1,1|0,1]",4,"(8,2,4,1)",6031,"('A_X1','B_X1','A_X2','B_X2')"
6032,"XX[X[2,2|0,2],X[1,1|0,2]]",74,"X[2,2|0,2]",38,"X[1,1|0,2]",4,"(8,2,4,2)",6032,"('A_X1','B_X1','A_X2','B_X2')"
6033,"XX[X[2,2|0,2],X[1,1|1,0]]",74,"X[2,2|0,2]",39,"X[1,1|1,0]",4,"(8,2,4,3)",6033,"('A_X1','B_X1','A_X2','B_X2')"
6034,"XX[X[2,2|0,2],X[1,1|1,1]]",74,"X[2,2|0,2]",40,"X[1,1|1,1]",4,"(8,2,4,4)",6034,"('A_X1','B_X1','A_X2','B_X2')"
6035,"XX[X[2,2|0,2],X[1,1|1,2]]",74,"X[2,2|0,2]",41,"X[1,1|1,2]",4,"(8,2,4,5)",6035,"('A_X1','B_X1','A_X2','B_X2')"
6036,"XX[X[2,2|0,2],X[1,1|2,0]]",74,"X[2,2|0,2]",42,"X[1,1|2,0]",4,"(8,2,4,6)",6036,"('A_X1','B_X1','A_X2','B_X2')"
6037,"XX[X[2,2|0,2],X[1,1|2,1]]",74,"X[2,2|0,2]",43,"X[1,1|2,1]",4,"(8,2,4,7)",6037,"('A_X1','B_X1','A_X2','B_X2')"
6038,"XX[X[2,2|0,2],X[1,1|2,2]]",74,"X[2,2|0,2]",44,"X[1,1|2,2]",4,"(8,2,4,8)",6038,"('A_X1','B_X1','A_X2','B_X2')"
6039,"XX[X[2,2|0,2],X[1,2|0,0]]",74,"X[2,2|0,2]",45,"X[1,2|0,0]",4,"(8,2,5,0)",6039,"('A_X1','B_X1','A_X2','B_X2')"
6040,"XX[X[2,2|0,2],X[1,2|0,1]]",74,"X[2,2|0,2]",46,"X[1,2|0,1]",4,"(8,2,5,1)",6040,"('A_X1','B_X1','A_X2','B_X2')"
6041,"XX[X[2,2|0,2],X[1,2|0,2]]",74,"X[2,2|0,2]",47,"X[1,2|0,2]",4,"(8,2,5,2)",6041,"('A_X1','B_X1','A_X2','B_X2')"
6042,"XX[X[2,2|0,2],X[1,2|1,0]]",74,"X[2,2|0,2]",48,"X[1,2|1,0]",4,"(8,2,5,3)",6042,"('A_X1','B_X1','A_X2','B_X2')"
6043,"XX[X[2,2|0,2],X[1,2|1,1]]",74,"X[2,2|0,2]",49,"X[1,2|1,1]",4,"(8,2,5,4)",6043,"('A_X1','B_X1','A_X2','B_X2')"
6044,"XX[X[2,2|0,2],X[1,2|1,2]]",74,"X[2,2|0,2]",50,"X[1,2|1,2]",4,"(8,2,5,5)",6044,"('A_X1','B_X1','A_X2','B_X2')"
6045,"XX[X[2,2|0,2],X[1,2|2,0]]",74,"X[2,2|0,2]",51,"X[1,2|2,0]",4,"(8,2,5,6)",6045,"('A_X1','B_X1','A_X2','B_X2')"
6046,"XX[X[2,2|0,2],X[1,2|2,1]]",74,"X[2,2|0,2]",52,"X[1,2|2,1]",4,"(8,2,5,7)",6046,"('A_X1','B_X1','A_X2','B_X2')"
6047,"XX[X[2,2|0,2],X[1,2|2,2]]",74,"X[2,2|0,2]",53,"X[1,2|2,2]",4,"(8,2,5,8)",6047,"('A_X1','B_X1','A_X2','B_X2')"
6048,"XX[X[2,2|0,2],X[2,0|0,0]]",74,"X[2,2|0,2]",54,"X[2,0|0,0]",4,"(8,2,6,0)",6048,"('A_X1','B_X1','A_X2','B_X2')"
6049,"XX[X[2,2|0,2],X[2,0|0,1]]",74,"X[2,2|0,2]",55,"X[2,0|0,1]",4,"(8,2,6,1)",6049,"('A_X1','B_X1','A_X2','B_X2')"
6050,"XX[X[2,2|0,2],X[2,0|0,2]]",74,"X[2,2|0,2]",56,"X[2,0|0,2]",4,"(8,2,6,2)",6050,"('A_X1','B_X1','A_X2','B_X2')"
6051,"XX[X[2,2|0,2],X[2,0|1,0]]",74,"X[2,2|0,2]",57,"X[2,0|1,0]",4,"(8,2,6,3)",6051,"('A_X1','B_X1','A_X2','B_X2')"
6052,"XX[X[2,2|0,2],X[2,0|1,1]]",74,"X[2,2|0,2]",58,"X[2,0|1,1]",4,"(8,2,6,4)",6052,"('A_X1','B_X1','A_X2','B_X2')"
6053,"XX[X[2,2|0,2],X[2,0|1,2]]",74,"X[2,2|0,2]",59,"X[2,0|1,2]",4,"(8,2,6,5)",6053,"('A_X1','B_X1','A_X2','B_X2')"
6054,"XX[X[2,2|0,2],X[2,0|2,0]]",74,"X[2,2|0,2]",60,"X[2,0|2,0]",4,"(8,2,6,6)",6054,"('A_X1','B_X1','A_X2','B_X2')"
6055,"XX[X[2,2|0,2],X[2,0|2,1]]",74,"X[2,2|0,2]",61,"X[2,0|2,1]",4,"(8,2,6,7)",6055,"('A_X1','B_X1','A_X2','B_X2')"
6056,"XX[X[2,2|0,2],X[2,0|2,2]]",74,"X[2,2|0,2]",62,"X[2,0|2,2]",4,"(8,2,6,8)",6056,"('A_X1','B_X1','A_X2','B_X2')"
6057,"XX[X[2,2|0,2],X[2,1|0,0]]",74,"X[2,2|0,2]",63,"X[2,1|0,0]",4,"(8,2,7,0)",6057,"('A_X1','B_X1','A_X2','B_X2')"
6058,"XX[X[2,2|0,2],X[2,1|0,1]]",74,"X[2,2|0,2]",64,"X[2,1|0,1]",4,"(8,2,7,1)",6058,"('A_X1','B_X1','A_X2','B_X2')"
6059,"XX[X[2,2|0,2],X[2,1|0,2]]",74,"X[2,2|0,2]",65,"X[2,1|0,2]",4,"(8,2,7,2)",6059,"('A_X1','B_X1','A_X2','B_X2')"
6060,"XX[X[2,2|0,2],X[2,1|1,0]]",74,"X[2,2|0,2]",66,"X[2,1|1,0]",4,"(8,2,7,3)",6060,"('A_X1','B_X1','A_X2','B_X2')"
6061,"XX[X[2,2|0,2],X[2,1|1,1]]",74,"X[2,2|0,2]",67,"X[2,1|1,1]",4,"(8,2,7,4)",6061,"('A_X1','B_X1','A_X2','B_X2')"
6062,"XX[X[2,2|0,2],X[2,1|1,2]]",74,"X[2,2|0,2]",68,"X[2,1|1,2]",4,"(8,2,7,5)",6062,"('A_X1','B_X1','A_X2','B_X2')"
6063,"XX[X[2,2|0,2],X[2,1|2,0]]",74,"X[2,2|0,2]",69,"X[2,1|2,0]",4,"(8,2,7,6)",6063,"('A_X1','B_X1','A_X2','B_X2')"
6064,"XX[X[2,2|0,2],X[2,1|2,1]]",74,"X[2,2|0,2]",70,"X[2,1|2,1]",4,"(8,2,7,7)",6064,"('A_X1','B_X1','A_X2','B_X2')"
6065,"XX[X[2,2|0,2],X[2,1|2,2]]",74,"X[2,2|0,2]",71,"X[2,1|2,2]",4,"(8,2,7,8)",6065,"('A_X1','B_X1','A_X2','B_X2')"
6066,"XX[X[2,2|0,2],X[2,2|0,0]]",74,"X[2,2|0,2]",72,"X[2,2|0,0]",4,"(8,2,8,0)",6066,"('A_X1','B_X1','A_X2','B_X2')"
6067,"XX[X[2,2|0,2],X[2,2|0,1]]",74,"X[2,2|0,2]",73,"X[2,2|0,1]",4,"(8,2,8,1)",6067,"('A_X1','B_X1','A_X2','B_X2')"
6068,"XX[X[2,2|0,2],X[2,2|0,2]]",74,"X[2,2|0,2]",74,"X[2,2|0,2]",4,"(8,2,8,2)",6068,"('A_X1','B_X1','A_X2','B_X2')"
6069,"XX[X[2,2|0,2],X[2,2|1,0]]",74,"X[2,2|0,2]",75,"X[2,2|1,0]",4,"(8,2,8,3)",6069,"('A_X1','B_X1','A_X2','B_X2')"
6070,"XX[X[2,2|0,2],X[2,2|1,1]]",74,"X[2,2|0,2]",76,"X[2,2|1,1]",4,"(8,2,8,4)",6070,"('A_X1','B_X1','A_X2','B_X2')"
6071,"XX[X[2,2|0,2],X[2,2|1,2]]",74,"X[2,2|0,2]",77,"X[2,2|1,2]",4,"(8,2,8,5)",6071,"('A_X1','B_X1','A_X2','B_X2')"
6072,"XX[X[2,2|0,2],X[2,2|2,0]]",74,"X[2,2|0,2]",78,"X[2,2|2,0]",4,"(8,2,8,6)",6072,"('A_X1','B_X1','A_X2','B_X2')"
6073,"XX[X[2,2|0,2],X[2,2|2,1]]",74,"X[2,2|0,2]",79,"X[2,2|2,1]",4,"(8,2,8,7)",6073,"('A_X1','B_X1','A_X2','B_X2')"
6074,"XX[X[2,2|0,2],X[2,2|2,2]]",74,"X[2,2|0,2]",80,"X[2,2|2,2]",4,"(8,2,8,8)",6074,"('A_X1','B_X1','A_X2','B_X2')"
6075,"XX[X[2,2|1,0],X[0,0|0,0]]",75,"X[2,2|1,0]",0,"X[0,0|0,0]",4,"(8,3,0,0)",6075,"('A_X1','B_X1','A_X2','B_X2')"
6076,"XX[X[2,2|1,0],X[0,0|0,1]]",75,"X[2,2|1,0]",1,"X[0,0|0,1]",4,"(8,3,0,1)",6076,"('A_X1','B_X1','A_X2','B_X2')"
6077,"XX[X[2,2|1,0],X[0,0|0,2]]",75,"X[2,2|1,0]",2,"X[0,0|0,2]",4,"(8,3,0,2)",6077,"('A_X1','B_X1','A_X2','B_X2')"
6078,"XX[X[2,2|1,0],X[0,0|1,0]]",75,"X[2,2|1,0]",3,"X[0,0|1,0]",4,"(8,3,0,3)",6078,"('A_X1','B_X1','A_X2','B_X2')"
6079,"XX[X[2,2|1,0],X[0,0|1,1]]",75,"X[2,2|1,0]",4,"X[0,0|1,1]",4,"(8,3,0,4)",6079,"('A_X1','B_X1','A_X2','B_X2')"
6080,"XX[X[2,2|1,0],X[0,0|1,2]]",75,"X[2,2|1,0]",5,"X[0,0|1,2]",4,"(8,3,0,5)",6080,"('A_X1','B_X1','A_X2','B_X2')"
6081,"XX[X[2,2|1,0],X[0,0|2,0]]",75,"X[2,2|1,0]",6,"X[0,0|2,0]",4,"(8,3,0,6)",6081,"('A_X1','B_X1','A_X2','B_X2')"
6082,"XX[X[2,2|1,0],X[0,0|2,1]]",75,"X[2,2|1,0]",7,"X[0,0|2,1]",4,"(8,3,0,7)",6082,"('A_X1','B_X1','A_X2','B_X2')"
6083,"XX[X[2,2|1,0],X[0,0|2,2]]",75,"X[2,2|1,0]",8,"X[0,0|2,2]",4,"(8,3,0,8)",6083,"('A_X1','B_X1','A_X2','B_X2')"
6084,"XX[X[2,2|1,0],X[0,1|0,0]]",75,"X[2,2|1,0]",9,"X[0,1|0,0]",4,"(8,3,1,0)",6084,"('A_X1','B_X1','A_X2','B_X2')"
6085,"XX[X[2,2|1,0],X[0,1|0,1]]",75,"X[2,2|1,0]",10,"X[0,1|0,1]",4,"(8,3,1,1)",6085,"('A_X1','B_X1','A_X2','B_X2')"
6086,"XX[X[2,2|1,0],X[0,1|0,2]]",75,"X[2,2|1,0]",11,"X[0,1|0,2]",4,"(8,3,1,2)",6086,"('A_X1','B_X1','A_X2','B_X2')"
6087,"XX[X[2,2|1,0],X[0,1|1,0]]",75,"X[2,2|1,0]",12,"X[0,1|1,0]",4,"(8,3,1,3)",6087,"('A_X1','B_X1','A_X2','B_X2')"
6088,"XX[X[2,2|1,0],X[0,1|1,1]]",75,"X[2,2|1,0]",13,"X[0,1|1,1]",4,"(8,3,1,4)",6088,"('A_X1','B_X1','A_X2','B_X2')"
6089,"XX[X[2,2|1,0],X[0,1|1,2]]",75,"X[2,2|1,0]",14,"X[0,1|1,2]",4,"(8,3,1,5)",6089,"('A_X1','B_X1','A_X2','B_X2')"
6090,"XX[X[2,2|1,0],X[0,1|2,0]]",75,"X[2,2|1,0]",15,"X[0,1|2,0]",4,"(8,3,1,6)",6090,"('A_X1','B_X1','A_X2','B_X2')"
6091,"XX[X[2,2|1,0],X[0,1|2,1]]",75,"X[2,2|1,0]",16,"X[0,1|2,1]",4,"(8,3,1,7)",6091,"('A_X1','B_X1','A_X2','B_X2')"
6092,"XX[X[2,2|1,0],X[0,1|2,2]]",75,"X[2,2|1,0]",17,"X[0,1|2,2]",4,"(8,3,1,8)",6092,"('A_X1','B_X1','A_X2','B_X2')"
6093,"XX[X[2,2|1,0],X[0,2|0,0]]",75,"X[2,2|1,0]",18,"X[0,2|0,0]",4,"(8,3,2,0)",6093,"('A_X1','B_X1','A_X2','B_X2')"
6094,"XX[X[2,2|1,0],X[0,2|0,1]]",75,"X[2,2|1,0]",19,"X[0,2|0,1]",4,"(8,3,2,1)",6094,"('A_X1','B_X1','A_X2','B_X2')"
6095,"XX[X[2,2|1,0],X[0,2|0,2]]",75,"X[2,2|1,0]",20,"X[0,2|0,2]",4,"(8,3,2,2)",6095,"('A_X1','B_X1','A_X2','B_X2')"
6096,"XX[X[2,2|1,0],X[0,2|1,0]]",75,"X[2,2|1,0]",21,"X[0,2|1,0]",4,"(8,3,2,3)",6096,"('A_X1','B_X1','A_X2','B_X2')"
6097,"XX[X[2,2|1,0],X[0,2|1,1]]",75,"X[2,2|1,0]",22,"X[0,2|1,1]",4,"(8,3,2,4)",6097,"('A_X1','B_X1','A_X2','B_X2')"
6098,"XX[X[2,2|1,0],X[0,2|1,2]]",75,"X[2,2|1,0]",23,"X[0,2|1,2]",4,"(8,3,2,5)",6098,"('A_X1','B_X1','A_X2','B_X2')"
6099,"XX[X[2,2|1,0],X[0,2|2,0]]",75,"X[2,2|1,0]",24,"X[0,2|2,0]",4,"(8,3,2,6)",6099,"('A_X1','B_X1','A_X2','B_X2')"
6100,"XX[X[2,2|1,0],X[0,2|2,1]]",75,"X[2,2|1,0]",25,"X[0,2|2,1]",4,"(8,3,2,7)",6100,"('A_X1','B_X1','A_X2','B_X2')"
6101,"XX[X[2,2|1,0],X[0,2|2,2]]",75,"X[2,2|1,0]",26,"X[0,2|2,2]",4,"(8,3,2,8)",6101,"('A_X1','B_X1','A_X2','B_X2')"
6102,"XX[X[2,2|1,0],X[1,0|0,0]]",75,"X[2,2|1,0]",27,"X[1,0|0,0]",4,"(8,3,3,0)",6102,"('A_X1','B_X1','A_X2','B_X2')"
6103,"XX[X[2,2|1,0],X[1,0|0,1]]",75,"X[2,2|1,0]",28,"X[1,0|0,1]",4,"(8,3,3,1)",6103,"('A_X1','B_X1','A_X2','B_X2')"
6104,"XX[X[2,2|1,0],X[1,0|0,2]]",75,"X[2,2|1,0]",29,"X[1,0|0,2]",4,"(8,3,3,2)",6104,"('A_X1','B_X1','A_X2','B_X2')"
6105,"XX[X[2,2|1,0],X[1,0|1,0]]",75,"X[2,2|1,0]",30,"X[1,0|1,0]",4,"(8,3,3,3)",6105,"('A_X1','B_X1','A_X2','B_X2')"
6106,"XX[X[2,2|1,0],X[1,0|1,1]]",75,"X[2,2|1,0]",31,"X[1,0|1,1]",4,"(8,3,3,4)",6106,"('A_X1','B_X1','A_X2','B_X2')"
6107,"XX[X[2,2|1,0],X[1,0|1,2]]",75,"X[2,2|1,0]",32,"X[1,0|1,2]",4,"(8,3,3,5)",6107,"('A_X1','B_X1','A_X2','B_X2')"
6108,"XX[X[2,2|1,0],X[1,0|2,0]]",75,"X[2,2|1,0]",33,"X[1,0|2,0]",4,"(8,3,3,6)",6108,"('A_X1','B_X1','A_X2','B_X2')"
6109,"XX[X[2,2|1,0],X[1,0|2,1]]",75,"X[2,2|1,0]",34,"X[1,0|2,1]",4,"(8,3,3,7)",6109,"('A_X1','B_X1','A_X2','B_X2')"
6110,"XX[X[2,2|1,0],X[1,0|2,2]]",75,"X[2,2|1,0]",35,"X[1,0|2,2]",4,"(8,3,3,8)",6110,"('A_X1','B_X1','A_X2','B_X2')"
6111,"XX[X[2,2|1,0],X[1,1|0,0]]",75,"X[2,2|1,0]",36,"X[1,1|0,0]",4,"(8,3,4,0)",6111,"('A_X1','B_X1','A_X2','B_X2')"
6112,"XX[X[2,2|1,0],X[1,1|0,1]]",75,"X[2,2|1,0]",37,"X[1,1|0,1]",4,"(8,3,4,1)",6112,"('A_X1','B_X1','A_X2','B_X2')"
6113,"XX[X[2,2|1,0],X[1,1|0,2]]",75,"X[2,2|1,0]",38,"X[1,1|0,2]",4,"(8,3,4,2)",6113,"('A_X1','B_X1','A_X2','B_X2')"
6114,"XX[X[2,2|1,0],X[1,1|1,0]]",75,"X[2,2|1,0]",39,"X[1,1|1,0]",4,"(8,3,4,3)",6114,"('A_X1','B_X1','A_X2','B_X2')"
6115,"XX[X[2,2|1,0],X[1,1|1,1]]",75,"X[2,2|1,0]",40,"X[1,1|1,1]",4,"(8,3,4,4)",6115,"('A_X1','B_X1','A_X2','B_X2')"
6116,"XX[X[2,2|1,0],X[1,1|1,2]]",75,"X[2,2|1,0]",41,"X[1,1|1,2]",4,"(8,3,4,5)",6116,"('A_X1','B_X1','A_X2','B_X2')"
6117,"XX[X[2,2|1,0],X[1,1|2,0]]",75,"X[2,2|1,0]",42,"X[1,1|2,0]",4,"(8,3,4,6)",6117,"('A_X1','B_X1','A_X2','B_X2')"
6118,"XX[X[2,2|1,0],X[1,1|2,1]]",75,"X[2,2|1,0]",43,"X[1,1|2,1]",4,"(8,3,4,7)",6118,"('A_X1','B_X1','A_X2','B_X2')"
6119,"XX[X[2,2|1,0],X[1,1|2,2]]",75,"X[2,2|1,0]",44,"X[1,1|2,2]",4,"(8,3,4,8)",6119,"('A_X1','B_X1','A_X2','B_X2')"
6120,"XX[X[2,2|1,0],X[1,2|0,0]]",75,"X[2,2|1,0]",45,"X[1,2|0,0]",4,"(8,3,5,0)",6120,"('A_X1','B_X1','A_X2','B_X2')"
6121,"XX[X[2,2|1,0],X[1,2|0,1]]",75,"X[2,2|1,0]",46,"X[1,2|0,1]",4,"(8,3,5,1)",6121,"('A_X1','B_X1','A_X2','B_X2')"
6122,"XX[X[2,2|1,0],X[1,2|0,2]]",75,"X[2,2|1,0]",47,"X[1,2|0,2]",4,"(8,3,5,2)",6122,"('A_X1','B_X1','A_X2','B_X2')"
6123,"XX[X[2,2|1,0],X[1,2|1,0]]",75,"X[2,2|1,0]",48,"X[1,2|1,0]",4,"(8,3,5,3)",6123,"('A_X1','B_X1','A_X2','B_X2')"
6124,"XX[X[2,2|1,0],X[1,2|1,1]]",75,"X[2,2|1,0]",49,"X[1,2|1,1]",4,"(8,3,5,4)",6124,"('A_X1','B_X1','A_X2','B_X2')"
6125,"XX[X[2,2|1,0],X[1,2|1,2]]",75,"X[2,2|1,0]",50,"X[1,2|1,2]",4,"(8,3,5,5)",6125,"('A_X1','B_X1','A_X2','B_X2')"
6126,"XX[X[2,2|1,0],X[1,2|2,0]]",75,"X[2,2|1,0]",51,"X[1,2|2,0]",4,"(8,3,5,6)",6126,"('A_X1','B_X1','A_X2','B_X2')"
6127,"XX[X[2,2|1,0],X[1,2|2,1]]",75,"X[2,2|1,0]",52,"X[1,2|2,1]",4,"(8,3,5,7)",6127,"('A_X1','B_X1','A_X2','B_X2')"
6128,"XX[X[2,2|1,0],X[1,2|2,2]]",75,"X[2,2|1,0]",53,"X[1,2|2,2]",4,"(8,3,5,8)",6128,"('A_X1','B_X1','A_X2','B_X2')"
6129,"XX[X[2,2|1,0],X[2,0|0,0]]",75,"X[2,2|1,0]",54,"X[2,0|0,0]",4,"(8,3,6,0)",6129,"('A_X1','B_X1','A_X2','B_X2')"
6130,"XX[X[2,2|1,0],X[2,0|0,1]]",75,"X[2,2|1,0]",55,"X[2,0|0,1]",4,"(8,3,6,1)",6130,"('A_X1','B_X1','A_X2','B_X2')"
6131,"XX[X[2,2|1,0],X[2,0|0,2]]",75,"X[2,2|1,0]",56,"X[2,0|0,2]",4,"(8,3,6,2)",6131,"('A_X1','B_X1','A_X2','B_X2')"
6132,"XX[X[2,2|1,0],X[2,0|1,0]]",75,"X[2,2|1,0]",57,"X[2,0|1,0]",4,"(8,3,6,3)",6132,"('A_X1','B_X1','A_X2','B_X2')"
6133,"XX[X[2,2|1,0],X[2,0|1,1]]",75,"X[2,2|1,0]",58,"X[2,0|1,1]",4,"(8,3,6,4)",6133,"('A_X1','B_X1','A_X2','B_X2')"
6134,"XX[X[2,2|1,0],X[2,0|1,2]]",75,"X[2,2|1,0]",59,"X[2,0|1,2]",4,"(8,3,6,5)",6134,"('A_X1','B_X1','A_X2','B_X2')"
6135,"XX[X[2,2|1,0],X[2,0|2,0]]",75,"X[2,2|1,0]",60,"X[2,0|2,0]",4,"(8,3,6,6)",6135,"('A_X1','B_X1','A_X2','B_X2')"
6136,"XX[X[2,2|1,0],X[2,0|2,1]]",75,"X[2,2|1,0]",61,"X[2,0|2,1]",4,"(8,3,6,7)",6136,"('A_X1','B_X1','A_X2','B_X2')"
6137,"XX[X[2,2|1,0],X[2,0|2,2]]",75,"X[2,2|1,0]",62,"X[2,0|2,2]",4,"(8,3,6,8)",6137,"('A_X1','B_X1','A_X2','B_X2')"
6138,"XX[X[2,2|1,0],X[2,1|0,0]]",75,"X[2,2|1,0]",63,"X[2,1|0,0]",4,"(8,3,7,0)",6138,"('A_X1','B_X1','A_X2','B_X2')"
6139,"XX[X[2,2|1,0],X[2,1|0,1]]",75,"X[2,2|1,0]",64,"X[2,1|0,1]",4,"(8,3,7,1)",6139,"('A_X1','B_X1','A_X2','B_X2')"
6140,"XX[X[2,2|1,0],X[2,1|0,2]]",75,"X[2,2|1,0]",65,"X[2,1|0,2]",4,"(8,3,7,2)",6140,"('A_X1','B_X1','A_X2','B_X2')"
6141,"XX[X[2,2|1,0],X[2,1|1,0]]",75,"X[2,2|1,0]",66,"X[2,1|1,0]",4,"(8,3,7,3)",6141,"('A_X1','B_X1','A_X2','B_X2')"
6142,"XX[X[2,2|1,0],X[2,1|1,1]]",75,"X[2,2|1,0]",67,"X[2,1|1,1]",4,"(8,3,7,4)",6142,"('A_X1','B_X1','A_X2','B_X2')"
6143,"XX[X[2,2|1,0],X[2,1|1,2]]",75,"X[2,2|1,0]",68,"X[2,1|1,2]",4,"(8,3,7,5)",6143,"('A_X1','B_X1','A_X2','B_X2')"
6144,"XX[X[2,2|1,0],X[2,1|2,0]]",75,"X[2,2|1,0]",69,"X[2,1|2,0]",4,"(8,3,7,6)",6144,"('A_X1','B_X1','A_X2','B_X2')"
6145,"XX[X[2,2|1,0],X[2,1|2,1]]",75,"X[2,2|1,0]",70,"X[2,1|2,1]",4,"(8,3,7,7)",6145,"('A_X1','B_X1','A_X2','B_X2')"
6146,"XX[X[2,2|1,0],X[2,1|2,2]]",75,"X[2,2|1,0]",71,"X[2,1|2,2]",4,"(8,3,7,8)",6146,"('A_X1','B_X1','A_X2','B_X2')"
6147,"XX[X[2,2|1,0],X[2,2|0,0]]",75,"X[2,2|1,0]",72,"X[2,2|0,0]",4,"(8,3,8,0)",6147,"('A_X1','B_X1','A_X2','B_X2')"
6148,"XX[X[2,2|1,0],X[2,2|0,1]]",75,"X[2,2|1,0]",73,"X[2,2|0,1]",4,"(8,3,8,1)",6148,"('A_X1','B_X1','A_X2','B_X2')"
6149,"XX[X[2,2|1,0],X[2,2|0,2]]",75,"X[2,2|1,0]",74,"X[2,2|0,2]",4,"(8,3,8,2)",6149,"('A_X1','B_X1','A_X2','B_X2')"
6150,"XX[X[2,2|1,0],X[2,2|1,0]]",75,"X[2,2|1,0]",75,"X[2,2|1,0]",4,"(8,3,8,3)",6150,"('A_X1','B_X1','A_X2','B_X2')"
6151,"XX[X[2,2|1,0],X[2,2|1,1]]",75,"X[2,2|1,0]",76,"X[2,2|1,1]",4,"(8,3,8,4)",6151,"('A_X1','B_X1','A_X2','B_X2')"
6152,"XX[X[2,2|1,0],X[2,2|1,2]]",75,"X[2,2|1,0]",77,"X[2,2|1,2]",4,"(8,3,8,5)",6152,"('A_X1','B_X1','A_X2','B_X2')"
6153,"XX[X[2,2|1,0],X[2,2|2,0]]",75,"X[2,2|1,0]",78,"X[2,2|2,0]",4,"(8,3,8,6)",6153,"('A_X1','B_X1','A_X2','B_X2')"
6154,"XX[X[2,2|1,0],X[2,2|2,1]]",75,"X[2,2|1,0]",79,"X[2,2|2,1]",4,"(8,3,8,7)",6154,"('A_X1','B_X1','A_X2','B_X2')"
6155,"XX[X[2,2|1,0],X[2,2|2,2]]",75,"X[2,2|1,0]",80,"X[2,2|2,2]",4,"(8,3,8,8)",6155,"('A_X1','B_X1','A_X2','B_X2')"
6156,"XX[X[2,2|1,1],X[0,0|0,0]]",76,"X[2,2|1,1]",0,"X[0,0|0,0]",4,"(8,4,0,0)",6156,"('A_X1','B_X1','A_X2','B_X2')"
6157,"XX[X[2,2|1,1],X[0,0|0,1]]",76,"X[2,2|1,1]",1,"X[0,0|0,1]",4,"(8,4,0,1)",6157,"('A_X1','B_X1','A_X2','B_X2')"
6158,"XX[X[2,2|1,1],X[0,0|0,2]]",76,"X[2,2|1,1]",2,"X[0,0|0,2]",4,"(8,4,0,2)",6158,"('A_X1','B_X1','A_X2','B_X2')"
6159,"XX[X[2,2|1,1],X[0,0|1,0]]",76,"X[2,2|1,1]",3,"X[0,0|1,0]",4,"(8,4,0,3)",6159,"('A_X1','B_X1','A_X2','B_X2')"
6160,"XX[X[2,2|1,1],X[0,0|1,1]]",76,"X[2,2|1,1]",4,"X[0,0|1,1]",4,"(8,4,0,4)",6160,"('A_X1','B_X1','A_X2','B_X2')"
6161,"XX[X[2,2|1,1],X[0,0|1,2]]",76,"X[2,2|1,1]",5,"X[0,0|1,2]",4,"(8,4,0,5)",6161,"('A_X1','B_X1','A_X2','B_X2')"
6162,"XX[X[2,2|1,1],X[0,0|2,0]]",76,"X[2,2|1,1]",6,"X[0,0|2,0]",4,"(8,4,0,6)",6162,"('A_X1','B_X1','A_X2','B_X2')"
6163,"XX[X[2,2|1,1],X[0,0|2,1]]",76,"X[2,2|1,1]",7,"X[0,0|2,1]",4,"(8,4,0,7)",6163,"('A_X1','B_X1','A_X2','B_X2')"
6164,"XX[X[2,2|1,1],X[0,0|2,2]]",76,"X[2,2|1,1]",8,"X[0,0|2,2]",4,"(8,4,0,8)",6164,"('A_X1','B_X1','A_X2','B_X2')"
6165,"XX[X[2,2|1,1],X[0,1|0,0]]",76,"X[2,2|1,1]",9,"X[0,1|0,0]",4,"(8,4,1,0)",6165,"('A_X1','B_X1','A_X2','B_X2')"
6166,"XX[X[2,2|1,1],X[0,1|0,1]]",76,"X[2,2|1,1]",10,"X[0,1|0,1]",4,"(8,4,1,1)",6166,"('A_X1','B_X1','A_X2','B_X2')"
6167,"XX[X[2,2|1,1],X[0,1|0,2]]",76,"X[2,2|1,1]",11,"X[0,1|0,2]",4,"(8,4,1,2)",6167,"('A_X1','B_X1','A_X2','B_X2')"
6168,"XX[X[2,2|1,1],X[0,1|1,0]]",76,"X[2,2|1,1]",12,"X[0,1|1,0]",4,"(8,4,1,3)",6168,"('A_X1','B_X1','A_X2','B_X2')"
6169,"XX[X[2,2|1,1],X[0,1|1,1]]",76,"X[2,2|1,1]",13,"X[0,1|1,1]",4,"(8,4,1,4)",6169,"('A_X1','B_X1','A_X2','B_X2')"
6170,"XX[X[2,2|1,1],X[0,1|1,2]]",76,"X[2,2|1,1]",14,"X[0,1|1,2]",4,"(8,4,1,5)",6170,"('A_X1','B_X1','A_X2','B_X2')"
6171,"XX[X[2,2|1,1],X[0,1|2,0]]",76,"X[2,2|1,1]",15,"X[0,1|2,0]",4,"(8,4,1,6)",6171,"('A_X1','B_X1','A_X2','B_X2')"
6172,"XX[X[2,2|1,1],X[0,1|2,1]]",76,"X[2,2|1,1]",16,"X[0,1|2,1]",4,"(8,4,1,7)",6172,"('A_X1','B_X1','A_X2','B_X2')"
6173,"XX[X[2,2|1,1],X[0,1|2,2]]",76,"X[2,2|1,1]",17,"X[0,1|2,2]",4,"(8,4,1,8)",6173,"('A_X1','B_X1','A_X2','B_X2')"
6174,"XX[X[2,2|1,1],X[0,2|0,0]]",76,"X[2,2|1,1]",18,"X[0,2|0,0]",4,"(8,4,2,0)",6174,"('A_X1','B_X1','A_X2','B_X2')"
6175,"XX[X[2,2|1,1],X[0,2|0,1]]",76,"X[2,2|1,1]",19,"X[0,2|0,1]",4,"(8,4,2,1)",6175,"('A_X1','B_X1','A_X2','B_X2')"
6176,"XX[X[2,2|1,1],X[0,2|0,2]]",76,"X[2,2|1,1]",20,"X[0,2|0,2]",4,"(8,4,2,2)",6176,"('A_X1','B_X1','A_X2','B_X2')"
6177,"XX[X[2,2|1,1],X[0,2|1,0]]",76,"X[2,2|1,1]",21,"X[0,2|1,0]",4,"(8,4,2,3)",6177,"('A_X1','B_X1','A_X2','B_X2')"
6178,"XX[X[2,2|1,1],X[0,2|1,1]]",76,"X[2,2|1,1]",22,"X[0,2|1,1]",4,"(8,4,2,4)",6178,"('A_X1','B_X1','A_X2','B_X2')"
6179,"XX[X[2,2|1,1],X[0,2|1,2]]",76,"X[2,2|1,1]",23,"X[0,2|1,2]",4,"(8,4,2,5)",6179,"('A_X1','B_X1','A_X2','B_X2')"
6180,"XX[X[2,2|1,1],X[0,2|2,0]]",76,"X[2,2|1,1]",24,"X[0,2|2,0]",4,"(8,4,2,6)",6180,"('A_X1','B_X1','A_X2','B_X2')"
6181,"XX[X[2,2|1,1],X[0,2|2,1]]",76,"X[2,2|1,1]",25,"X[0,2|2,1]",4,"(8,4,2,7)",6181,"('A_X1','B_X1','A_X2','B_X2')"
6182,"XX[X[2,2|1,1],X[0,2|2,2]]",76,"X[2,2|1,1]",26,"X[0,2|2,2]",4,"(8,4,2,8)",6182,"('A_X1','B_X1','A_X2','B_X2')"
6183,"XX[X[2,2|1,1],X[1,0|0,0]]",76,"X[2,2|1,1]",27,"X[1,0|0,0]",4,"(8,4,3,0)",6183,"('A_X1','B_X1','A_X2','B_X2')"
6184,"XX[X[2,2|1,1],X[1,0|0,1]]",76,"X[2,2|1,1]",28,"X[1,0|0,1]",4,"(8,4,3,1)",6184,"('A_X1','B_X1','A_X2','B_X2')"
6185,"XX[X[2,2|1,1],X[1,0|0,2]]",76,"X[2,2|1,1]",29,"X[1,0|0,2]",4,"(8,4,3,2)",6185,"('A_X1','B_X1','A_X2','B_X2')"
6186,"XX[X[2,2|1,1],X[1,0|1,0]]",76,"X[2,2|1,1]",30,"X[1,0|1,0]",4,"(8,4,3,3)",6186,"('A_X1','B_X1','A_X2','B_X2')"
6187,"XX[X[2,2|1,1],X[1,0|1,1]]",76,"X[2,2|1,1]",31,"X[1,0|1,1]",4,"(8,4,3,4)",6187,"('A_X1','B_X1','A_X2','B_X2')"
6188,"XX[X[2,2|1,1],X[1,0|1,2]]",76,"X[2,2|1,1]",32,"X[1,0|1,2]",4,"(8,4,3,5)",6188,"('A_X1','B_X1','A_X2','B_X2')"
6189,"XX[X[2,2|1,1],X[1,0|2,0]]",76,"X[2,2|1,1]",33,"X[1,0|2,0]",4,"(8,4,3,6)",6189,"('A_X1','B_X1','A_X2','B_X2')"
6190,"XX[X[2,2|1,1],X[1,0|2,1]]",76,"X[2,2|1,1]",34,"X[1,0|2,1]",4,"(8,4,3,7)",6190,"('A_X1','B_X1','A_X2','B_X2')"
6191,"XX[X[2,2|1,1],X[1,0|2,2]]",76,"X[2,2|1,1]",35,"X[1,0|2,2]",4,"(8,4,3,8)",6191,"('A_X1','B_X1','A_X2','B_X2')"
6192,"XX[X[2,2|1,1],X[1,1|0,0]]",76,"X[2,2|1,1]",36,"X[1,1|0,0]",4,"(8,4,4,0)",6192,"('A_X1','B_X1','A_X2','B_X2')"
6193,"XX[X[2,2|1,1],X[1,1|0,1]]",76,"X[2,2|1,1]",37,"X[1,1|0,1]",4,"(8,4,4,1)",6193,"('A_X1','B_X1','A_X2','B_X2')"
6194,"XX[X[2,2|1,1],X[1,1|0,2]]",76,"X[2,2|1,1]",38,"X[1,1|0,2]",4,"(8,4,4,2)",6194,"('A_X1','B_X1','A_X2','B_X2')"
6195,"XX[X[2,2|1,1],X[1,1|1,0]]",76,"X[2,2|1,1]",39,"X[1,1|1,0]",4,"(8,4,4,3)",6195,"('A_X1','B_X1','A_X2','B_X2')"
6196,"XX[X[2,2|1,1],X[1,1|1,1]]",76,"X[2,2|1,1]",40,"X[1,1|1,1]",4,"(8,4,4,4)",6196,"('A_X1','B_X1','A_X2','B_X2')"
6197,"XX[X[2,2|1,1],X[1,1|1,2]]",76,"X[2,2|1,1]",41,"X[1,1|1,2]",4,"(8,4,4,5)",6197,"('A_X1','B_X1','A_X2','B_X2')"
6198,"XX[X[2,2|1,1],X[1,1|2,0]]",76,"X[2,2|1,1]",42,"X[1,1|2,0]",4,"(8,4,4,6)",6198,"('A_X1','B_X1','A_X2','B_X2')"
6199,"XX[X[2,2|1,1],X[1,1|2,1]]",76,"X[2,2|1,1]",43,"X[1,1|2,1]",4,"(8,4,4,7)",6199,"('A_X1','B_X1','A_X2','B_X2')"
6200,"XX[X[2,2|1,1],X[1,1|2,2]]",76,"X[2,2|1,1]",44,"X[1,1|2,2]",4,"(8,4,4,8)",6200,"('A_X1','B_X1','A_X2','B_X2')"
6201,"XX[X[2,2|1,1],X[1,2|0,0]]",76,"X[2,2|1,1]",45,"X[1,2|0,0]",4,"(8,4,5,0)",6201,"('A_X1','B_X1','A_X2','B_X2')"
6202,"XX[X[2,2|1,1],X[1,2|0,1]]",76,"X[2,2|1,1]",46,"X[1,2|0,1]",4,"(8,4,5,1)",6202,"('A_X1','B_X1','A_X2','B_X2')"
6203,"XX[X[2,2|1,1],X[1,2|0,2]]",76,"X[2,2|1,1]",47,"X[1,2|0,2]",4,"(8,4,5,2)",6203,"('A_X1','B_X1','A_X2','B_X2')"
6204,"XX[X[2,2|1,1],X[1,2|1,0]]",76,"X[2,2|1,1]",48,"X[1,2|1,0]",4,"(8,4,5,3)",6204,"('A_X1','B_X1','A_X2','B_X2')"
6205,"XX[X[2,2|1,1],X[1,2|1,1]]",76,"X[2,2|1,1]",49,"X[1,2|1,1]",4,"(8,4,5,4)",6205,"('A_X1','B_X1','A_X2','B_X2')"
6206,"XX[X[2,2|1,1],X[1,2|1,2]]",76,"X[2,2|1,1]",50,"X[1,2|1,2]",4,"(8,4,5,5)",6206,"('A_X1','B_X1','A_X2','B_X2')"
6207,"XX[X[2,2|1,1],X[1,2|2,0]]",76,"X[2,2|1,1]",51,"X[1,2|2,0]",4,"(8,4,5,6)",6207,"('A_X1','B_X1','A_X2','B_X2')"
6208,"XX[X[2,2|1,1],X[1,2|2,1]]",76,"X[2,2|1,1]",52,"X[1,2|2,1]",4,"(8,4,5,7)",6208,"('A_X1','B_X1','A_X2','B_X2')"
6209,"XX[X[2,2|1,1],X[1,2|2,2]]",76,"X[2,2|1,1]",53,"X[1,2|2,2]",4,"(8,4,5,8)",6209,"('A_X1','B_X1','A_X2','B_X2')"
6210,"XX[X[2,2|1,1],X[2,0|0,0]]",76,"X[2,2|1,1]",54,"X[2,0|0,0]",4,"(8,4,6,0)",6210,"('A_X1','B_X1','A_X2','B_X2')"
6211,"XX[X[2,2|1,1],X[2,0|0,1]]",76,"X[2,2|1,1]",55,"X[2,0|0,1]",4,"(8,4,6,1)",6211,"('A_X1','B_X1','A_X2','B_X2')"
6212,"XX[X[2,2|1,1],X[2,0|0,2]]",76,"X[2,2|1,1]",56,"X[2,0|0,2]",4,"(8,4,6,2)",6212,"('A_X1','B_X1','A_X2','B_X2')"
6213,"XX[X[2,2|1,1],X[2,0|1,0]]",76,"X[2,2|1,1]",57,"X[2,0|1,0]",4,"(8,4,6,3)",6213,"('A_X1','B_X1','A_X2','B_X2')"
6214,"XX[X[2,2|1,1],X[2,0|1,1]]",76,"X[2,2|1,1]",58,"X[2,0|1,1]",4,"(8,4,6,4)",6214,"('A_X1','B_X1','A_X2','B_X2')"
6215,"XX[X[2,2|1,1],X[2,0|1,2]]",76,"X[2,2|1,1]",59,"X[2,0|1,2]",4,"(8,4,6,5)",6215,"('A_X1','B_X1','A_X2','B_X2')"
6216,"XX[X[2,2|1,1],X[2,0|2,0]]",76,"X[2,2|1,1]",60,"X[2,0|2,0]",4,"(8,4,6,6)",6216,"('A_X1','B_X1','A_X2','B_X2')"
6217,"XX[X[2,2|1,1],X[2,0|2,1]]",76,"X[2,2|1,1]",61,"X[2,0|2,1]",4,"(8,4,6,7)",6217,"('A_X1','B_X1','A_X2','B_X2')"
6218,"XX[X[2,2|1,1],X[2,0|2,2]]",76,"X[2,2|1,1]",62,"X[2,0|2,2]",4,"(8,4,6,8)",6218,"('A_X1','B_X1','A_X2','B_X2')"
6219,"XX[X[2,2|1,1],X[2,1|0,0]]",76,"X[2,2|1,1]",63,"X[2,1|0,0]",4,"(8,4,7,0)",6219,"('A_X1','B_X1','A_X2','B_X2')"
6220,"XX[X[2,2|1,1],X[2,1|0,1]]",76,"X[2,2|1,1]",64,"X[2,1|0,1]",4,"(8,4,7,1)",6220,"('A_X1','B_X1','A_X2','B_X2')"
6221,"XX[X[2,2|1,1],X[2,1|0,2]]",76,"X[2,2|1,1]",65,"X[2,1|0,2]",4,"(8,4,7,2)",6221,"('A_X1','B_X1','A_X2','B_X2')"
6222,"XX[X[2,2|1,1],X[2,1|1,0]]",76,"X[2,2|1,1]",66,"X[2,1|1,0]",4,"(8,4,7,3)",6222,"('A_X1','B_X1','A_X2','B_X2')"
6223,"XX[X[2,2|1,1],X[2,1|1,1]]",76,"X[2,2|1,1]",67,"X[2,1|1,1]",4,"(8,4,7,4)",6223,"('A_X1','B_X1','A_X2','B_X2')"
6224,"XX[X[2,2|1,1],X[2,1|1,2]]",76,"X[2,2|1,1]",68,"X[2,1|1,2]",4,"(8,4,7,5)",6224,"('A_X1','B_X1','A_X2','B_X2')"
6225,"XX[X[2,2|1,1],X[2,1|2,0]]",76,"X[2,2|1,1]",69,"X[2,1|2,0]",4,"(8,4,7,6)",6225,"('A_X1','B_X1','A_X2','B_X2')"
6226,"XX[X[2,2|1,1],X[2,1|2,1]]",76,"X[2,2|1,1]",70,"X[2,1|2,1]",4,"(8,4,7,7)",6226,"('A_X1','B_X1','A_X2','B_X2')"
6227,"XX[X[2,2|1,1],X[2,1|2,2]]",76,"X[2,2|1,1]",71,"X[2,1|2,2]",4,"(8,4,7,8)",6227,"('A_X1','B_X1','A_X2','B_X2')"
6228,"XX[X[2,2|1,1],X[2,2|0,0]]",76,"X[2,2|1,1]",72,"X[2,2|0,0]",4,"(8,4,8,0)",6228,"('A_X1','B_X1','A_X2','B_X2')"
6229,"XX[X[2,2|1,1],X[2,2|0,1]]",76,"X[2,2|1,1]",73,"X[2,2|0,1]",4,"(8,4,8,1)",6229,"('A_X1','B_X1','A_X2','B_X2')"
6230,"XX[X[2,2|1,1],X[2,2|0,2]]",76,"X[2,2|1,1]",74,"X[2,2|0,2]",4,"(8,4,8,2)",6230,"('A_X1','B_X1','A_X2','B_X2')"
6231,"XX[X[2,2|1,1],X[2,2|1,0]]",76,"X[2,2|1,1]",75,"X[2,2|1,0]",4,"(8,4,8,3)",6231,"('A_X1','B_X1','A_X2','B_X2')"
6232,"XX[X[2,2|1,1],X[2,2|1,1]]",76,"X[2,2|1,1]",76,"X[2,2|1,1]",4,"(8,4,8,4)",6232,"('A_X1','B_X1','A_X2','B_X2')"
6233,"XX[X[2,2|1,1],X[2,2|1,2]]",76,"X[2,2|1,1]",77,"X[2,2|1,2]",4,"(8,4,8,5)",6233,"('A_X1','B_X1','A_X2','B_X2')"
6234,"XX[X[2,2|1,1],X[2,2|2,0]]",76,"X[2,2|1,1]",78,"X[2,2|2,0]",4,"(8,4,8,6)",6234,"('A_X1','B_X1','A_X2','B_X2')"
6235,"XX[X[2,2|1,1],X[2,2|2,1]]",76,"X[2,2|1,1]",79,"X[2,2|2,1]",4,"(8,4,8,7)",6235,"('A_X1','B_X1','A_X2','B_X2')"
6236,"XX[X[2,2|1,1],X[2,2|2,2]]",76,"X[2,2|1,1]",80,"X[2,2|2,2]",4,"(8,4,8,8)",6236,"('A_X1','B_X1','A_X2','B_X2')"
6237,"XX[X[2,2|1,2],X[0,0|0,0]]",77,"X[2,2|1,2]",0,"X[0,0|0,0]",4,"(8,5,0,0)",6237,"('A_X1','B_X1','A_X2','B_X2')"
6238,"XX[X[2,2|1,2],X[0,0|0,1]]",77,"X[2,2|1,2]",1,"X[0,0|0,1]",4,"(8,5,0,1)",6238,"('A_X1','B_X1','A_X2','B_X2')"
6239,"XX[X[2,2|1,2],X[0,0|0,2]]",77,"X[2,2|1,2]",2,"X[0,0|0,2]",4,"(8,5,0,2)",6239,"('A_X1','B_X1','A_X2','B_X2')"
6240,"XX[X[2,2|1,2],X[0,0|1,0]]",77,"X[2,2|1,2]",3,"X[0,0|1,0]",4,"(8,5,0,3)",6240,"('A_X1','B_X1','A_X2','B_X2')"
6241,"XX[X[2,2|1,2],X[0,0|1,1]]",77,"X[2,2|1,2]",4,"X[0,0|1,1]",4,"(8,5,0,4)",6241,"('A_X1','B_X1','A_X2','B_X2')"
6242,"XX[X[2,2|1,2],X[0,0|1,2]]",77,"X[2,2|1,2]",5,"X[0,0|1,2]",4,"(8,5,0,5)",6242,"('A_X1','B_X1','A_X2','B_X2')"
6243,"XX[X[2,2|1,2],X[0,0|2,0]]",77,"X[2,2|1,2]",6,"X[0,0|2,0]",4,"(8,5,0,6)",6243,"('A_X1','B_X1','A_X2','B_X2')"
6244,"XX[X[2,2|1,2],X[0,0|2,1]]",77,"X[2,2|1,2]",7,"X[0,0|2,1]",4,"(8,5,0,7)",6244,"('A_X1','B_X1','A_X2','B_X2')"
6245,"XX[X[2,2|1,2],X[0,0|2,2]]",77,"X[2,2|1,2]",8,"X[0,0|2,2]",4,"(8,5,0,8)",6245,"('A_X1','B_X1','A_X2','B_X2')"
6246,"XX[X[2,2|1,2],X[0,1|0,0]]",77,"X[2,2|1,2]",9,"X[0,1|0,0]",4,"(8,5,1,0)",6246,"('A_X1','B_X1','A_X2','B_X2')"
6247,"XX[X[2,2|1,2],X[0,1|0,1]]",77,"X[2,2|1,2]",10,"X[0,1|0,1]",4,"(8,5,1,1)",6247,"('A_X1','B_X1','A_X2','B_X2')"
6248,"XX[X[2,2|1,2],X[0,1|0,2]]",77,"X[2,2|1,2]",11,"X[0,1|0,2]",4,"(8,5,1,2)",6248,"('A_X1','B_X1','A_X2','B_X2')"
6249,"XX[X[2,2|1,2],X[0,1|1,0]]",77,"X[2,2|1,2]",12,"X[0,1|1,0]",4,"(8,5,1,3)",6249,"('A_X1','B_X1','A_X2','B_X2')"
6250,"XX[X[2,2|1,2],X[0,1|1,1]]",77,"X[2,2|1,2]",13,"X[0,1|1,1]",4,"(8,5,1,4)",6250,"('A_X1','B_X1','A_X2','B_X2')"
6251,"XX[X[2,2|1,2],X[0,1|1,2]]",77,"X[2,2|1,2]",14,"X[0,1|1,2]",4,"(8,5,1,5)",6251,"('A_X1','B_X1','A_X2','B_X2')"
6252,"XX[X[2,2|1,2],X[0,1|2,0]]",77,"X[2,2|1,2]",15,"X[0,1|2,0]",4,"(8,5,1,6)",6252,"('A_X1','B_X1','A_X2','B_X2')"
6253,"XX[X[2,2|1,2],X[0,1|2,1]]",77,"X[2,2|1,2]",16,"X[0,1|2,1]",4,"(8,5,1,7)",6253,"('A_X1','B_X1','A_X2','B_X2')"
6254,"XX[X[2,2|1,2],X[0,1|2,2]]",77,"X[2,2|1,2]",17,"X[0,1|2,2]",4,"(8,5,1,8)",6254,"('A_X1','B_X1','A_X2','B_X2')"
6255,"XX[X[2,2|1,2],X[0,2|0,0]]",77,"X[2,2|1,2]",18,"X[0,2|0,0]",4,"(8,5,2,0)",6255,"('A_X1','B_X1','A_X2','B_X2')"
6256,"XX[X[2,2|1,2],X[0,2|0,1]]",77,"X[2,2|1,2]",19,"X[0,2|0,1]",4,"(8,5,2,1)",6256,"('A_X1','B_X1','A_X2','B_X2')"
6257,"XX[X[2,2|1,2],X[0,2|0,2]]",77,"X[2,2|1,2]",20,"X[0,2|0,2]",4,"(8,5,2,2)",6257,"('A_X1','B_X1','A_X2','B_X2')"
6258,"XX[X[2,2|1,2],X[0,2|1,0]]",77,"X[2,2|1,2]",21,"X[0,2|1,0]",4,"(8,5,2,3)",6258,"('A_X1','B_X1','A_X2','B_X2')"
6259,"XX[X[2,2|1,2],X[0,2|1,1]]",77,"X[2,2|1,2]",22,"X[0,2|1,1]",4,"(8,5,2,4)",6259,"('A_X1','B_X1','A_X2','B_X2')"
6260,"XX[X[2,2|1,2],X[0,2|1,2]]",77,"X[2,2|1,2]",23,"X[0,2|1,2]",4,"(8,5,2,5)",6260,"('A_X1','B_X1','A_X2','B_X2')"
6261,"XX[X[2,2|1,2],X[0,2|2,0]]",77,"X[2,2|1,2]",24,"X[0,2|2,0]",4,"(8,5,2,6)",6261,"('A_X1','B_X1','A_X2','B_X2')"
6262,"XX[X[2,2|1,2],X[0,2|2,1]]",77,"X[2,2|1,2]",25,"X[0,2|2,1]",4,"(8,5,2,7)",6262,"('A_X1','B_X1','A_X2','B_X2')"
6263,"XX[X[2,2|1,2],X[0,2|2,2]]",77,"X[2,2|1,2]",26,"X[0,2|2,2]",4,"(8,5,2,8)",6263,"('A_X1','B_X1','A_X2','B_X2')"
6264,"XX[X[2,2|1,2],X[1,0|0,0]]",77,"X[2,2|1,2]",27,"X[1,0|0,0]",4,"(8,5,3,0)",6264,"('A_X1','B_X1','A_X2','B_X2')"
6265,"XX[X[2,2|1,2],X[1,0|0,1]]",77,"X[2,2|1,2]",28,"X[1,0|0,1]",4,"(8,5,3,1)",6265,"('A_X1','B_X1','A_X2','B_X2')"
6266,"XX[X[2,2|1,2],X[1,0|0,2]]",77,"X[2,2|1,2]",29,"X[1,0|0,2]",4,"(8,5,3,2)",6266,"('A_X1','B_X1','A_X2','B_X2')"
6267,"XX[X[2,2|1,2],X[1,0|1,0]]",77,"X[2,2|1,2]",30,"X[1,0|1,0]",4,"(8,5,3,3)",6267,"('A_X1','B_X1','A_X2','B_X2')"
6268,"XX[X[2,2|1,2],X[1,0|1,1]]",77,"X[2,2|1,2]",31,"X[1,0|1,1]",4,"(8,5,3,4)",6268,"('A_X1','B_X1','A_X2','B_X2')"
6269,"XX[X[2,2|1,2],X[1,0|1,2]]",77,"X[2,2|1,2]",32,"X[1,0|1,2]",4,"(8,5,3,5)",6269,"('A_X1','B_X1','A_X2','B_X2')"
6270,"XX[X[2,2|1,2],X[1,0|2,0]]",77,"X[2,2|1,2]",33,"X[1,0|2,0]",4,"(8,5,3,6)",6270,"('A_X1','B_X1','A_X2','B_X2')"
6271,"XX[X[2,2|1,2],X[1,0|2,1]]",77,"X[2,2|1,2]",34,"X[1,0|2,1]",4,"(8,5,3,7)",6271,"('A_X1','B_X1','A_X2','B_X2')"
6272,"XX[X[2,2|1,2],X[1,0|2,2]]",77,"X[2,2|1,2]",35,"X[1,0|2,2]",4,"(8,5,3,8)",6272,"('A_X1','B_X1','A_X2','B_X2')"
6273,"XX[X[2,2|1,2],X[1,1|0,0]]",77,"X[2,2|1,2]",36,"X[1,1|0,0]",4,"(8,5,4,0)",6273,"('A_X1','B_X1','A_X2','B_X2')"
6274,"XX[X[2,2|1,2],X[1,1|0,1]]",77,"X[2,2|1,2]",37,"X[1,1|0,1]",4,"(8,5,4,1)",6274,"('A_X1','B_X1','A_X2','B_X2')"
6275,"XX[X[2,2|1,2],X[1,1|0,2]]",77,"X[2,2|1,2]",38,"X[1,1|0,2]",4,"(8,5,4,2)",6275,"('A_X1','B_X1','A_X2','B_X2')"
6276,"XX[X[2,2|1,2],X[1,1|1,0]]",77,"X[2,2|1,2]",39,"X[1,1|1,0]",4,"(8,5,4,3)",6276,"('A_X1','B_X1','A_X2','B_X2')"
6277,"XX[X[2,2|1,2],X[1,1|1,1]]",77,"X[2,2|1,2]",40,"X[1,1|1,1]",4,"(8,5,4,4)",6277,"('A_X1','B_X1','A_X2','B_X2')"
6278,"XX[X[2,2|1,2],X[1,1|1,2]]",77,"X[2,2|1,2]",41,"X[1,1|1,2]",4,"(8,5,4,5)",6278,"('A_X1','B_X1','A_X2','B_X2')"
6279,"XX[X[2,2|1,2],X[1,1|2,0]]",77,"X[2,2|1,2]",42,"X[1,1|2,0]",4,"(8,5,4,6)",6279,"('A_X1','B_X1','A_X2','B_X2')"
6280,"XX[X[2,2|1,2],X[1,1|2,1]]",77,"X[2,2|1,2]",43,"X[1,1|2,1]",4,"(8,5,4,7)",6280,"('A_X1','B_X1','A_X2','B_X2')"
6281,"XX[X[2,2|1,2],X[1,1|2,2]]",77,"X[2,2|1,2]",44,"X[1,1|2,2]",4,"(8,5,4,8)",6281,"('A_X1','B_X1','A_X2','B_X2')"
6282,"XX[X[2,2|1,2],X[1,2|0,0]]",77,"X[2,2|1,2]",45,"X[1,2|0,0]",4,"(8,5,5,0)",6282,"('A_X1','B_X1','A_X2','B_X2')"
6283,"XX[X[2,2|1,2],X[1,2|0,1]]",77,"X[2,2|1,2]",46,"X[1,2|0,1]",4,"(8,5,5,1)",6283,"('A_X1','B_X1','A_X2','B_X2')"
6284,"XX[X[2,2|1,2],X[1,2|0,2]]",77,"X[2,2|1,2]",47,"X[1,2|0,2]",4,"(8,5,5,2)",6284,"('A_X1','B_X1','A_X2','B_X2')"
6285,"XX[X[2,2|1,2],X[1,2|1,0]]",77,"X[2,2|1,2]",48,"X[1,2|1,0]",4,"(8,5,5,3)",6285,"('A_X1','B_X1','A_X2','B_X2')"
6286,"XX[X[2,2|1,2],X[1,2|1,1]]",77,"X[2,2|1,2]",49,"X[1,2|1,1]",4,"(8,5,5,4)",6286,"('A_X1','B_X1','A_X2','B_X2')"
6287,"XX[X[2,2|1,2],X[1,2|1,2]]",77,"X[2,2|1,2]",50,"X[1,2|1,2]",4,"(8,5,5,5)",6287,"('A_X1','B_X1','A_X2','B_X2')"
6288,"XX[X[2,2|1,2],X[1,2|2,0]]",77,"X[2,2|1,2]",51,"X[1,2|2,0]",4,"(8,5,5,6)",6288,"('A_X1','B_X1','A_X2','B_X2')"
6289,"XX[X[2,2|1,2],X[1,2|2,1]]",77,"X[2,2|1,2]",52,"X[1,2|2,1]",4,"(8,5,5,7)",6289,"('A_X1','B_X1','A_X2','B_X2')"
6290,"XX[X[2,2|1,2],X[1,2|2,2]]",77,"X[2,2|1,2]",53,"X[1,2|2,2]",4,"(8,5,5,8)",6290,"('A_X1','B_X1','A_X2','B_X2')"
6291,"XX[X[2,2|1,2],X[2,0|0,0]]",77,"X[2,2|1,2]",54,"X[2,0|0,0]",4,"(8,5,6,0)",6291,"('A_X1','B_X1','A_X2','B_X2')"
6292,"XX[X[2,2|1,2],X[2,0|0,1]]",77,"X[2,2|1,2]",55,"X[2,0|0,1]",4,"(8,5,6,1)",6292,"('A_X1','B_X1','A_X2','B_X2')"
6293,"XX[X[2,2|1,2],X[2,0|0,2]]",77,"X[2,2|1,2]",56,"X[2,0|0,2]",4,"(8,5,6,2)",6293,"('A_X1','B_X1','A_X2','B_X2')"
6294,"XX[X[2,2|1,2],X[2,0|1,0]]",77,"X[2,2|1,2]",57,"X[2,0|1,0]",4,"(8,5,6,3)",6294,"('A_X1','B_X1','A_X2','B_X2')"
6295,"XX[X[2,2|1,2],X[2,0|1,1]]",77,"X[2,2|1,2]",58,"X[2,0|1,1]",4,"(8,5,6,4)",6295,"('A_X1','B_X1','A_X2','B_X2')"
6296,"XX[X[2,2|1,2],X[2,0|1,2]]",77,"X[2,2|1,2]",59,"X[2,0|1,2]",4,"(8,5,6,5)",6296,"('A_X1','B_X1','A_X2','B_X2')"
6297,"XX[X[2,2|1,2],X[2,0|2,0]]",77,"X[2,2|1,2]",60,"X[2,0|2,0]",4,"(8,5,6,6)",6297,"('A_X1','B_X1','A_X2','B_X2')"
6298,"XX[X[2,2|1,2],X[2,0|2,1]]",77,"X[2,2|1,2]",61,"X[2,0|2,1]",4,"(8,5,6,7)",6298,"('A_X1','B_X1','A_X2','B_X2')"
6299,"XX[X[2,2|1,2],X[2,0|2,2]]",77,"X[2,2|1,2]",62,"X[2,0|2,2]",4,"(8,5,6,8)",6299,"('A_X1','B_X1','A_X2','B_X2')"
6300,"XX[X[2,2|1,2],X[2,1|0,0]]",77,"X[2,2|1,2]",63,"X[2,1|0,0]",4,"(8,5,7,0)",6300,"('A_X1','B_X1','A_X2','B_X2')"
6301,"XX[X[2,2|1,2],X[2,1|0,1]]",77,"X[2,2|1,2]",64,"X[2,1|0,1]",4,"(8,5,7,1)",6301,"('A_X1','B_X1','A_X2','B_X2')"
6302,"XX[X[2,2|1,2],X[2,1|0,2]]",77,"X[2,2|1,2]",65,"X[2,1|0,2]",4,"(8,5,7,2)",6302,"('A_X1','B_X1','A_X2','B_X2')"
6303,"XX[X[2,2|1,2],X[2,1|1,0]]",77,"X[2,2|1,2]",66,"X[2,1|1,0]",4,"(8,5,7,3)",6303,"('A_X1','B_X1','A_X2','B_X2')"
6304,"XX[X[2,2|1,2],X[2,1|1,1]]",77,"X[2,2|1,2]",67,"X[2,1|1,1]",4,"(8,5,7,4)",6304,"('A_X1','B_X1','A_X2','B_X2')"
6305,"XX[X[2,2|1,2],X[2,1|1,2]]",77,"X[2,2|1,2]",68,"X[2,1|1,2]",4,"(8,5,7,5)",6305,"('A_X1','B_X1','A_X2','B_X2')"
6306,"XX[X[2,2|1,2],X[2,1|2,0]]",77,"X[2,2|1,2]",69,"X[2,1|2,0]",4,"(8,5,7,6)",6306,"('A_X1','B_X1','A_X2','B_X2')"
6307,"XX[X[2,2|1,2],X[2,1|2,1]]",77,"X[2,2|1,2]",70,"X[2,1|2,1]",4,"(8,5,7,7)",6307,"('A_X1','B_X1','A_X2','B_X2')"
6308,"XX[X[2,2|1,2],X[2,1|2,2]]",77,"X[2,2|1,2]",71,"X[2,1|2,2]",4,"(8,5,7,8)",6308,"('A_X1','B_X1','A_X2','B_X2')"
6309,"XX[X[2,2|1,2],X[2,2|0,0]]",77,"X[2,2|1,2]",72,"X[2,2|0,0]",4,"(8,5,8,0)",6309,"('A_X1','B_X1','A_X2','B_X2')"
6310,"XX[X[2,2|1,2],X[2,2|0,1]]",77,"X[2,2|1,2]",73,"X[2,2|0,1]",4,"(8,5,8,1)",6310,"('A_X1','B_X1','A_X2','B_X2')"
6311,"XX[X[2,2|1,2],X[2,2|0,2]]",77,"X[2,2|1,2]",74,"X[2,2|0,2]",4,"(8,5,8,2)",6311,"('A_X1','B_X1','A_X2','B_X2')"
6312,"XX[X[2,2|1,2],X[2,2|1,0]]",77,"X[2,2|1,2]",75,"X[2,2|1,0]",4,"(8,5,8,3)",6312,"('A_X1','B_X1','A_X2','B_X2')"
6313,"XX[X[2,2|1,2],X[2,2|1,1]]",77,"X[2,2|1,2]",76,"X[2,2|1,1]",4,"(8,5,8,4)",6313,"('A_X1','B_X1','A_X2','B_X2')"
6314,"XX[X[2,2|1,2],X[2,2|1,2]]",77,"X[2,2|1,2]",77,"X[2,2|1,2]",4,"(8,5,8,5)",6314,"('A_X1','B_X1','A_X2','B_X2')"
6315,"XX[X[2,2|1,2],X[2,2|2,0]]",77,"X[2,2|1,2]",78,"X[2,2|2,0]",4,"(8,5,8,6)",6315,"('A_X1','B_X1','A_X2','B_X2')"
6316,"XX[X[2,2|1,2],X[2,2|2,1]]",77,"X[2,2|1,2]",79,"X[2,2|2,1]",4,"(8,5,8,7)",6316,"('A_X1','B_X1','A_X2','B_X2')"
6317,"XX[X[2,2|1,2],X[2,2|2,2]]",77,"X[2,2|1,2]",80,"X[2,2|2,2]",4,"(8,5,8,8)",6317,"('A_X1','B_X1','A_X2','B_X2')"
6318,"XX[X[2,2|2,0],X[0,0|0,0]]",78,"X[2,2|2,0]",0,"X[0,0|0,0]",4,"(8,6,0,0)",6318,"('A_X1','B_X1','A_X2','B_X2')"
6319,"XX[X[2,2|2,0],X[0,0|0,1]]",78,"X[2,2|2,0]",1,"X[0,0|0,1]",4,"(8,6,0,1)",6319,"('A_X1','B_X1','A_X2','B_X2')"
6320,"XX[X[2,2|2,0],X[0,0|0,2]]",78,"X[2,2|2,0]",2,"X[0,0|0,2]",4,"(8,6,0,2)",6320,"('A_X1','B_X1','A_X2','B_X2')"
6321,"XX[X[2,2|2,0],X[0,0|1,0]]",78,"X[2,2|2,0]",3,"X[0,0|1,0]",4,"(8,6,0,3)",6321,"('A_X1','B_X1','A_X2','B_X2')"
6322,"XX[X[2,2|2,0],X[0,0|1,1]]",78,"X[2,2|2,0]",4,"X[0,0|1,1]",4,"(8,6,0,4)",6322,"('A_X1','B_X1','A_X2','B_X2')"
6323,"XX[X[2,2|2,0],X[0,0|1,2]]",78,"X[2,2|2,0]",5,"X[0,0|1,2]",4,"(8,6,0,5)",6323,"('A_X1','B_X1','A_X2','B_X2')"
6324,"XX[X[2,2|2,0],X[0,0|2,0]]",78,"X[2,2|2,0]",6,"X[0,0|2,0]",4,"(8,6,0,6)",6324,"('A_X1','B_X1','A_X2','B_X2')"
6325,"XX[X[2,2|2,0],X[0,0|2,1]]",78,"X[2,2|2,0]",7,"X[0,0|2,1]",4,"(8,6,0,7)",6325,"('A_X1','B_X1','A_X2','B_X2')"
6326,"XX[X[2,2|2,0],X[0,0|2,2]]",78,"X[2,2|2,0]",8,"X[0,0|2,2]",4,"(8,6,0,8)",6326,"('A_X1','B_X1','A_X2','B_X2')"
6327,"XX[X[2,2|2,0],X[0,1|0,0]]",78,"X[2,2|2,0]",9,"X[0,1|0,0]",4,"(8,6,1,0)",6327,"('A_X1','B_X1','A_X2','B_X2')"
6328,"XX[X[2,2|2,0],X[0,1|0,1]]",78,"X[2,2|2,0]",10,"X[0,1|0,1]",4,"(8,6,1,1)",6328,"('A_X1','B_X1','A_X2','B_X2')"
6329,"XX[X[2,2|2,0],X[0,1|0,2]]",78,"X[2,2|2,0]",11,"X[0,1|0,2]",4,"(8,6,1,2)",6329,"('A_X1','B_X1','A_X2','B_X2')"
6330,"XX[X[2,2|2,0],X[0,1|1,0]]",78,"X[2,2|2,0]",12,"X[0,1|1,0]",4,"(8,6,1,3)",6330,"('A_X1','B_X1','A_X2','B_X2')"
6331,"XX[X[2,2|2,0],X[0,1|1,1]]",78,"X[2,2|2,0]",13,"X[0,1|1,1]",4,"(8,6,1,4)",6331,"('A_X1','B_X1','A_X2','B_X2')"
6332,"XX[X[2,2|2,0],X[0,1|1,2]]",78,"X[2,2|2,0]",14,"X[0,1|1,2]",4,"(8,6,1,5)",6332,"('A_X1','B_X1','A_X2','B_X2')"
6333,"XX[X[2,2|2,0],X[0,1|2,0]]",78,"X[2,2|2,0]",15,"X[0,1|2,0]",4,"(8,6,1,6)",6333,"('A_X1','B_X1','A_X2','B_X2')"
6334,"XX[X[2,2|2,0],X[0,1|2,1]]",78,"X[2,2|2,0]",16,"X[0,1|2,1]",4,"(8,6,1,7)",6334,"('A_X1','B_X1','A_X2','B_X2')"
6335,"XX[X[2,2|2,0],X[0,1|2,2]]",78,"X[2,2|2,0]",17,"X[0,1|2,2]",4,"(8,6,1,8)",6335,"('A_X1','B_X1','A_X2','B_X2')"
6336,"XX[X[2,2|2,0],X[0,2|0,0]]",78,"X[2,2|2,0]",18,"X[0,2|0,0]",4,"(8,6,2,0)",6336,"('A_X1','B_X1','A_X2','B_X2')"
6337,"XX[X[2,2|2,0],X[0,2|0,1]]",78,"X[2,2|2,0]",19,"X[0,2|0,1]",4,"(8,6,2,1)",6337,"('A_X1','B_X1','A_X2','B_X2')"
6338,"XX[X[2,2|2,0],X[0,2|0,2]]",78,"X[2,2|2,0]",20,"X[0,2|0,2]",4,"(8,6,2,2)",6338,"('A_X1','B_X1','A_X2','B_X2')"
6339,"XX[X[2,2|2,0],X[0,2|1,0]]",78,"X[2,2|2,0]",21,"X[0,2|1,0]",4,"(8,6,2,3)",6339,"('A_X1','B_X1','A_X2','B_X2')"
6340,"XX[X[2,2|2,0],X[0,2|1,1]]",78,"X[2,2|2,0]",22,"X[0,2|1,1]",4,"(8,6,2,4)",6340,"('A_X1','B_X1','A_X2','B_X2')"
6341,"XX[X[2,2|2,0],X[0,2|1,2]]",78,"X[2,2|2,0]",23,"X[0,2|1,2]",4,"(8,6,2,5)",6341,"('A_X1','B_X1','A_X2','B_X2')"
6342,"XX[X[2,2|2,0],X[0,2|2,0]]",78,"X[2,2|2,0]",24,"X[0,2|2,0]",4,"(8,6,2,6)",6342,"('A_X1','B_X1','A_X2','B_X2')"
6343,"XX[X[2,2|2,0],X[0,2|2,1]]",78,"X[2,2|2,0]",25,"X[0,2|2,1]",4,"(8,6,2,7)",6343,"('A_X1','B_X1','A_X2','B_X2')"
6344,"XX[X[2,2|2,0],X[0,2|2,2]]",78,"X[2,2|2,0]",26,"X[0,2|2,2]",4,"(8,6,2,8)",6344,"('A_X1','B_X1','A_X2','B_X2')"
6345,"XX[X[2,2|2,0],X[1,0|0,0]]",78,"X[2,2|2,0]",27,"X[1,0|0,0]",4,"(8,6,3,0)",6345,"('A_X1','B_X1','A_X2','B_X2')"
6346,"XX[X[2,2|2,0],X[1,0|0,1]]",78,"X[2,2|2,0]",28,"X[1,0|0,1]",4,"(8,6,3,1)",6346,"('A_X1','B_X1','A_X2','B_X2')"
6347,"XX[X[2,2|2,0],X[1,0|0,2]]",78,"X[2,2|2,0]",29,"X[1,0|0,2]",4,"(8,6,3,2)",6347,"('A_X1','B_X1','A_X2','B_X2')"
6348,"XX[X[2,2|2,0],X[1,0|1,0]]",78,"X[2,2|2,0]",30,"X[1,0|1,0]",4,"(8,6,3,3)",6348,"('A_X1','B_X1','A_X2','B_X2')"
6349,"XX[X[2,2|2,0],X[1,0|1,1]]",78,"X[2,2|2,0]",31,"X[1,0|1,1]",4,"(8,6,3,4)",6349,"('A_X1','B_X1','A_X2','B_X2')"
6350,"XX[X[2,2|2,0],X[1,0|1,2]]",78,"X[2,2|2,0]",32,"X[1,0|1,2]",4,"(8,6,3,5)",6350,"('A_X1','B_X1','A_X2','B_X2')"
6351,"XX[X[2,2|2,0],X[1,0|2,0]]",78,"X[2,2|2,0]",33,"X[1,0|2,0]",4,"(8,6,3,6)",6351,"('A_X1','B_X1','A_X2','B_X2')"
6352,"XX[X[2,2|2,0],X[1,0|2,1]]",78,"X[2,2|2,0]",34,"X[1,0|2,1]",4,"(8,6,3,7)",6352,"('A_X1','B_X1','A_X2','B_X2')"
6353,"XX[X[2,2|2,0],X[1,0|2,2]]",78,"X[2,2|2,0]",35,"X[1,0|2,2]",4,"(8,6,3,8)",6353,"('A_X1','B_X1','A_X2','B_X2')"
6354,"XX[X[2,2|2,0],X[1,1|0,0]]",78,"X[2,2|2,0]",36,"X[1,1|0,0]",4,"(8,6,4,0)",6354,"('A_X1','B_X1','A_X2','B_X2')"
6355,"XX[X[2,2|2,0],X[1,1|0,1]]",78,"X[2,2|2,0]",37,"X[1,1|0,1]",4,"(8,6,4,1)",6355,"('A_X1','B_X1','A_X2','B_X2')"
6356,"XX[X[2,2|2,0],X[1,1|0,2]]",78,"X[2,2|2,0]",38,"X[1,1|0,2]",4,"(8,6,4,2)",6356,"('A_X1','B_X1','A_X2','B_X2')"
6357,"XX[X[2,2|2,0],X[1,1|1,0]]",78,"X[2,2|2,0]",39,"X[1,1|1,0]",4,"(8,6,4,3)",6357,"('A_X1','B_X1','A_X2','B_X2')"
6358,"XX[X[2,2|2,0],X[1,1|1,1]]",78,"X[2,2|2,0]",40,"X[1,1|1,1]",4,"(8,6,4,4)",6358,"('A_X1','B_X1','A_X2','B_X2')"
6359,"XX[X[2,2|2,0],X[1,1|1,2]]",78,"X[2,2|2,0]",41,"X[1,1|1,2]",4,"(8,6,4,5)",6359,"('A_X1','B_X1','A_X2','B_X2')"
6360,"XX[X[2,2|2,0],X[1,1|2,0]]",78,"X[2,2|2,0]",42,"X[1,1|2,0]",4,"(8,6,4,6)",6360,"('A_X1','B_X1','A_X2','B_X2')"
6361,"XX[X[2,2|2,0],X[1,1|2,1]]",78,"X[2,2|2,0]",43,"X[1,1|2,1]",4,"(8,6,4,7)",6361,"('A_X1','B_X1','A_X2','B_X2')"
6362,"XX[X[2,2|2,0],X[1,1|2,2]]",78,"X[2,2|2,0]",44,"X[1,1|2,2]",4,"(8,6,4,8)",6362,"('A_X1','B_X1','A_X2','B_X2')"
6363,"XX[X[2,2|2,0],X[1,2|0,0]]",78,"X[2,2|2,0]",45,"X[1,2|0,0]",4,"(8,6,5,0)",6363,"('A_X1','B_X1','A_X2','B_X2')"
6364,"XX[X[2,2|2,0],X[1,2|0,1]]",78,"X[2,2|2,0]",46,"X[1,2|0,1]",4,"(8,6,5,1)",6364,"('A_X1','B_X1','A_X2','B_X2')"
6365,"XX[X[2,2|2,0],X[1,2|0,2]]",78,"X[2,2|2,0]",47,"X[1,2|0,2]",4,"(8,6,5,2)",6365,"('A_X1','B_X1','A_X2','B_X2')"
6366,"XX[X[2,2|2,0],X[1,2|1,0]]",78,"X[2,2|2,0]",48,"X[1,2|1,0]",4,"(8,6,5,3)",6366,"('A_X1','B_X1','A_X2','B_X2')"
6367,"XX[X[2,2|2,0],X[1,2|1,1]]",78,"X[2,2|2,0]",49,"X[1,2|1,1]",4,"(8,6,5,4)",6367,"('A_X1','B_X1','A_X2','B_X2')"
6368,"XX[X[2,2|2,0],X[1,2|1,2]]",78,"X[2,2|2,0]",50,"X[1,2|1,2]",4,"(8,6,5,5)",6368,"('A_X1','B_X1','A_X2','B_X2')"
6369,"XX[X[2,2|2,0],X[1,2|2,0]]",78,"X[2,2|2,0]",51,"X[1,2|2,0]",4,"(8,6,5,6)",6369,"('A_X1','B_X1','A_X2','B_X2')"
6370,"XX[X[2,2|2,0],X[1,2|2,1]]",78,"X[2,2|2,0]",52,"X[1,2|2,1]",4,"(8,6,5,7)",6370,"('A_X1','B_X1','A_X2','B_X2')"
6371,"XX[X[2,2|2,0],X[1,2|2,2]]",78,"X[2,2|2,0]",53,"X[1,2|2,2]",4,"(8,6,5,8)",6371,"('A_X1','B_X1','A_X2','B_X2')"
6372,"XX[X[2,2|2,0],X[2,0|0,0]]",78,"X[2,2|2,0]",54,"X[2,0|0,0]",4,"(8,6,6,0)",6372,"('A_X1','B_X1','A_X2','B_X2')"
6373,"XX[X[2,2|2,0],X[2,0|0,1]]",78,"X[2,2|2,0]",55,"X[2,0|0,1]",4,"(8,6,6,1)",6373,"('A_X1','B_X1','A_X2','B_X2')"
6374,"XX[X[2,2|2,0],X[2,0|0,2]]",78,"X[2,2|2,0]",56,"X[2,0|0,2]",4,"(8,6,6,2)",6374,"('A_X1','B_X1','A_X2','B_X2')"
6375,"XX[X[2,2|2,0],X[2,0|1,0]]",78,"X[2,2|2,0]",57,"X[2,0|1,0]",4,"(8,6,6,3)",6375,"('A_X1','B_X1','A_X2','B_X2')"
6376,"XX[X[2,2|2,0],X[2,0|1,1]]",78,"X[2,2|2,0]",58,"X[2,0|1,1]",4,"(8,6,6,4)",6376,"('A_X1','B_X1','A_X2','B_X2')"
6377,"XX[X[2,2|2,0],X[2,0|1,2]]",78,"X[2,2|2,0]",59,"X[2,0|1,2]",4,"(8,6,6,5)",6377,"('A_X1','B_X1','A_X2','B_X2')"
6378,"XX[X[2,2|2,0],X[2,0|2,0]]",78,"X[2,2|2,0]",60,"X[2,0|2,0]",4,"(8,6,6,6)",6378,"('A_X1','B_X1','A_X2','B_X2')"
6379,"XX[X[2,2|2,0],X[2,0|2,1]]",78,"X[2,2|2,0]",61,"X[2,0|2,1]",4,"(8,6,6,7)",6379,"('A_X1','B_X1','A_X2','B_X2')"
6380,"XX[X[2,2|2,0],X[2,0|2,2]]",78,"X[2,2|2,0]",62,"X[2,0|2,2]",4,"(8,6,6,8)",6380,"('A_X1','B_X1','A_X2','B_X2')"
6381,"XX[X[2,2|2,0],X[2,1|0,0]]",78,"X[2,2|2,0]",63,"X[2,1|0,0]",4,"(8,6,7,0)",6381,"('A_X1','B_X1','A_X2','B_X2')"
6382,"XX[X[2,2|2,0],X[2,1|0,1]]",78,"X[2,2|2,0]",64,"X[2,1|0,1]",4,"(8,6,7,1)",6382,"('A_X1','B_X1','A_X2','B_X2')"
6383,"XX[X[2,2|2,0],X[2,1|0,2]]",78,"X[2,2|2,0]",65,"X[2,1|0,2]",4,"(8,6,7,2)",6383,"('A_X1','B_X1','A_X2','B_X2')"
6384,"XX[X[2,2|2,0],X[2,1|1,0]]",78,"X[2,2|2,0]",66,"X[2,1|1,0]",4,"(8,6,7,3)",6384,"('A_X1','B_X1','A_X2','B_X2')"
6385,"XX[X[2,2|2,0],X[2,1|1,1]]",78,"X[2,2|2,0]",67,"X[2,1|1,1]",4,"(8,6,7,4)",6385,"('A_X1','B_X1','A_X2','B_X2')"
6386,"XX[X[2,2|2,0],X[2,1|1,2]]",78,"X[2,2|2,0]",68,"X[2,1|1,2]",4,"(8,6,7,5)",6386,"('A_X1','B_X1','A_X2','B_X2')"
6387,"XX[X[2,2|2,0],X[2,1|2,0]]",78,"X[2,2|2,0]",69,"X[2,1|2,0]",4,"(8,6,7,6)",6387,"('A_X1','B_X1','A_X2','B_X2')"
6388,"XX[X[2,2|2,0],X[2,1|2,1]]",78,"X[2,2|2,0]",70,"X[2,1|2,1]",4,"(8,6,7,7)",6388,"('A_X1','B_X1','A_X2','B_X2')"
6389,"XX[X[2,2|2,0],X[2,1|2,2]]",78,"X[2,2|2,0]",71,"X[2,1|2,2]",4,"(8,6,7,8)",6389,"('A_X1','B_X1','A_X2','B_X2')"
6390,"XX[X[2,2|2,0],X[2,2|0,0]]",78,"X[2,2|2,0]",72,"X[2,2|0,0]",4,"(8,6,8,0)",6390,"('A_X1','B_X1','A_X2','B_X2')"
6391,"XX[X[2,2|2,0],X[2,2|0,1]]",78,"X[2,2|2,0]",73,"X[2,2|0,1]",4,"(8,6,8,1)",6391,"('A_X1','B_X1','A_X2','B_X2')"
6392,"XX[X[2,2|2,0],X[2,2|0,2]]",78,"X[2,2|2,0]",74,"X[2,2|0,2]",4,"(8,6,8,2)",6392,"('A_X1','B_X1','A_X2','B_X2')"
6393,"XX[X[2,2|2,0],X[2,2|1,0]]",78,"X[2,2|2,0]",75,"X[2,2|1,0]",4,"(8,6,8,3)",6393,"('A_X1','B_X1','A_X2','B_X2')"
6394,"XX[X[2,2|2,0],X[2,2|1,1]]",78,"X[2,2|2,0]",76,"X[2,2|1,1]",4,"(8,6,8,4)",6394,"('A_X1','B_X1','A_X2','B_X2')"
6395,"XX[X[2,2|2,0],X[2,2|1,2]]",78,"X[2,2|2,0]",77,"X[2,2|1,2]",4,"(8,6,8,5)",6395,"('A_X1','B_X1','A_X2','B_X2')"
6396,"XX[X[2,2|2,0],X[2,2|2,0]]",78,"X[2,2|2,0]",78,"X[2,2|2,0]",4,"(8,6,8,6)",6396,"('A_X1','B_X1','A_X2','B_X2')"
6397,"XX[X[2,2|2,0],X[2,2|2,1]]",78,"X[2,2|2,0]",79,"X[2,2|2,1]",4,"(8,6,8,7)",6397,"('A_X1','B_X1','A_X2','B_X2')"
6398,"XX[X[2,2|2,0],X[2,2|2,2]]",78,"X[2,2|2,0]",80,"X[2,2|2,2]",4,"(8,6,8,8)",6398,"('A_X1','B_X1','A_X2','B_X2')"
6399,"XX[X[2,2|2,1],X[0,0|0,0]]",79,"X[2,2|2,1]",0,"X[0,0|0,0]",4,"(8,7,0,0)",6399,"('A_X1','B_X1','A_X2','B_X2')"
6400,"XX[X[2,2|2,1],X[0,0|0,1]]",79,"X[2,2|2,1]",1,"X[0,0|0,1]",4,"(8,7,0,1)",6400,"('A_X1','B_X1','A_X2','B_X2')"
6401,"XX[X[2,2|2,1],X[0,0|0,2]]",79,"X[2,2|2,1]",2,"X[0,0|0,2]",4,"(8,7,0,2)",6401,"('A_X1','B_X1','A_X2','B_X2')"
6402,"XX[X[2,2|2,1],X[0,0|1,0]]",79,"X[2,2|2,1]",3,"X[0,0|1,0]",4,"(8,7,0,3)",6402,"('A_X1','B_X1','A_X2','B_X2')"
6403,"XX[X[2,2|2,1],X[0,0|1,1]]",79,"X[2,2|2,1]",4,"X[0,0|1,1]",4,"(8,7,0,4)",6403,"('A_X1','B_X1','A_X2','B_X2')"
6404,"XX[X[2,2|2,1],X[0,0|1,2]]",79,"X[2,2|2,1]",5,"X[0,0|1,2]",4,"(8,7,0,5)",6404,"('A_X1','B_X1','A_X2','B_X2')"
6405,"XX[X[2,2|2,1],X[0,0|2,0]]",79,"X[2,2|2,1]",6,"X[0,0|2,0]",4,"(8,7,0,6)",6405,"('A_X1','B_X1','A_X2','B_X2')"
6406,"XX[X[2,2|2,1],X[0,0|2,1]]",79,"X[2,2|2,1]",7,"X[0,0|2,1]",4,"(8,7,0,7)",6406,"('A_X1','B_X1','A_X2','B_X2')"
6407,"XX[X[2,2|2,1],X[0,0|2,2]]",79,"X[2,2|2,1]",8,"X[0,0|2,2]",4,"(8,7,0,8)",6407,"('A_X1','B_X1','A_X2','B_X2')"
6408,"XX[X[2,2|2,1],X[0,1|0,0]]",79,"X[2,2|2,1]",9,"X[0,1|0,0]",4,"(8,7,1,0)",6408,"('A_X1','B_X1','A_X2','B_X2')"
6409,"XX[X[2,2|2,1],X[0,1|0,1]]",79,"X[2,2|2,1]",10,"X[0,1|0,1]",4,"(8,7,1,1)",6409,"('A_X1','B_X1','A_X2','B_X2')"
6410,"XX[X[2,2|2,1],X[0,1|0,2]]",79,"X[2,2|2,1]",11,"X[0,1|0,2]",4,"(8,7,1,2)",6410,"('A_X1','B_X1','A_X2','B_X2')"
6411,"XX[X[2,2|2,1],X[0,1|1,0]]",79,"X[2,2|2,1]",12,"X[0,1|1,0]",4,"(8,7,1,3)",6411,"('A_X1','B_X1','A_X2','B_X2')"
6412,"XX[X[2,2|2,1],X[0,1|1,1]]",79,"X[2,2|2,1]",13,"X[0,1|1,1]",4,"(8,7,1,4)",6412,"('A_X1','B_X1','A_X2','B_X2')"
6413,"XX[X[2,2|2,1],X[0,1|1,2]]",79,"X[2,2|2,1]",14,"X[0,1|1,2]",4,"(8,7,1,5)",6413,"('A_X1','B_X1','A_X2','B_X2')"
6414,"XX[X[2,2|2,1],X[0,1|2,0]]",79,"X[2,2|2,1]",15,"X[0,1|2,0]",4,"(8,7,1,6)",6414,"('A_X1','B_X1','A_X2','B_X2')"
6415,"XX[X[2,2|2,1],X[0,1|2,1]]",79,"X[2,2|2,1]",16,"X[0,1|2,1]",4,"(8,7,1,7)",6415,"('A_X1','B_X1','A_X2','B_X2')"
6416,"XX[X[2,2|2,1],X[0,1|2,2]]",79,"X[2,2|2,1]",17,"X[0,1|2,2]",4,"(8,7,1,8)",6416,"('A_X1','B_X1','A_X2','B_X2')"
6417,"XX[X[2,2|2,1],X[0,2|0,0]]",79,"X[2,2|2,1]",18,"X[0,2|0,0]",4,"(8,7,2,0)",6417,"('A_X1','B_X1','A_X2','B_X2')"
6418,"XX[X[2,2|2,1],X[0,2|0,1]]",79,"X[2,2|2,1]",19,"X[0,2|0,1]",4,"(8,7,2,1)",6418,"('A_X1','B_X1','A_X2','B_X2')"
6419,"XX[X[2,2|2,1],X[0,2|0,2]]",79,"X[2,2|2,1]",20,"X[0,2|0,2]",4,"(8,7,2,2)",6419,"('A_X1','B_X1','A_X2','B_X2')"
6420,"XX[X[2,2|2,1],X[0,2|1,0]]",79,"X[2,2|2,1]",21,"X[0,2|1,0]",4,"(8,7,2,3)",6420,"('A_X1','B_X1','A_X2','B_X2')"
6421,"XX[X[2,2|2,1],X[0,2|1,1]]",79,"X[2,2|2,1]",22,"X[0,2|1,1]",4,"(8,7,2,4)",6421,"('A_X1','B_X1','A_X2','B_X2')"
6422,"XX[X[2,2|2,1],X[0,2|1,2]]",79,"X[2,2|2,1]",23,"X[0,2|1,2]",4,"(8,7,2,5)",6422,"('A_X1','B_X1','A_X2','B_X2')"
6423,"XX[X[2,2|2,1],X[0,2|2,0]]",79,"X[2,2|2,1]",24,"X[0,2|2,0]",4,"(8,7,2,6)",6423,"('A_X1','B_X1','A_X2','B_X2')"
6424,"XX[X[2,2|2,1],X[0,2|2,1]]",79,"X[2,2|2,1]",25,"X[0,2|2,1]",4,"(8,7,2,7)",6424,"('A_X1','B_X1','A_X2','B_X2')"
6425,"XX[X[2,2|2,1],X[0,2|2,2]]",79,"X[2,2|2,1]",26,"X[0,2|2,2]",4,"(8,7,2,8)",6425,"('A_X1','B_X1','A_X2','B_X2')"
6426,"XX[X[2,2|2,1],X[1,0|0,0]]",79,"X[2,2|2,1]",27,"X[1,0|0,0]",4,"(8,7,3,0)",6426,"('A_X1','B_X1','A_X2','B_X2')"
6427,"XX[X[2,2|2,1],X[1,0|0,1]]",79,"X[2,2|2,1]",28,"X[1,0|0,1]",4,"(8,7,3,1)",6427,"('A_X1','B_X1','A_X2','B_X2')"
6428,"XX[X[2,2|2,1],X[1,0|0,2]]",79,"X[2,2|2,1]",29,"X[1,0|0,2]",4,"(8,7,3,2)",6428,"('A_X1','B_X1','A_X2','B_X2')"
6429,"XX[X[2,2|2,1],X[1,0|1,0]]",79,"X[2,2|2,1]",30,"X[1,0|1,0]",4,"(8,7,3,3)",6429,"('A_X1','B_X1','A_X2','B_X2')"
6430,"XX[X[2,2|2,1],X[1,0|1,1]]",79,"X[2,2|2,1]",31,"X[1,0|1,1]",4,"(8,7,3,4)",6430,"('A_X1','B_X1','A_X2','B_X2')"
6431,"XX[X[2,2|2,1],X[1,0|1,2]]",79,"X[2,2|2,1]",32,"X[1,0|1,2]",4,"(8,7,3,5)",6431,"('A_X1','B_X1','A_X2','B_X2')"
6432,"XX[X[2,2|2,1],X[1,0|2,0]]",79,"X[2,2|2,1]",33,"X[1,0|2,0]",4,"(8,7,3,6)",6432,"('A_X1','B_X1','A_X2','B_X2')"
6433,"XX[X[2,2|2,1],X[1,0|2,1]]",79,"X[2,2|2,1]",34,"X[1,0|2,1]",4,"(8,7,3,7)",6433,"('A_X1','B_X1','A_X2','B_X2')"
6434,"XX[X[2,2|2,1],X[1,0|2,2]]",79,"X[2,2|2,1]",35,"X[1,0|2,2]",4,"(8,7,3,8)",6434,"('A_X1','B_X1','A_X2','B_X2')"
6435,"XX[X[2,2|2,1],X[1,1|0,0]]",79,"X[2,2|2,1]",36,"X[1,1|0,0]",4,"(8,7,4,0)",6435,"('A_X1','B_X1','A_X2','B_X2')"
6436,"XX[X[2,2|2,1],X[1,1|0,1]]",79,"X[2,2|2,1]",37,"X[1,1|0,1]",4,"(8,7,4,1)",6436,"('A_X1','B_X1','A_X2','B_X2')"
6437,"XX[X[2,2|2,1],X[1,1|0,2]]",79,"X[2,2|2,1]",38,"X[1,1|0,2]",4,"(8,7,4,2)",6437,"('A_X1','B_X1','A_X2','B_X2')"
6438,"XX[X[2,2|2,1],X[1,1|1,0]]",79,"X[2,2|2,1]",39,"X[1,1|1,0]",4,"(8,7,4,3)",6438,"('A_X1','B_X1','A_X2','B_X2')"
6439,"XX[X[2,2|2,1],X[1,1|1,1]]",79,"X[2,2|2,1]",40,"X[1,1|1,1]",4,"(8,7,4,4)",6439,"('A_X1','B_X1','A_X2','B_X2')"
6440,"XX[X[2,2|2,1],X[1,1|1,2]]",79,"X[2,2|2,1]",41,"X[1,1|1,2]",4,"(8,7,4,5)",6440,"('A_X1','B_X1','A_X2','B_X2')"
6441,"XX[X[2,2|2,1],X[1,1|2,0]]",79,"X[2,2|2,1]",42,"X[1,1|2,0]",4,"(8,7,4,6)",6441,"('A_X1','B_X1','A_X2','B_X2')"
6442,"XX[X[2,2|2,1],X[1,1|2,1]]",79,"X[2,2|2,1]",43,"X[1,1|2,1]",4,"(8,7,4,7)",6442,"('A_X1','B_X1','A_X2','B_X2')"
6443,"XX[X[2,2|2,1],X[1,1|2,2]]",79,"X[2,2|2,1]",44,"X[1,1|2,2]",4,"(8,7,4,8)",6443,"('A_X1','B_X1','A_X2','B_X2')"
6444,"XX[X[2,2|2,1],X[1,2|0,0]]",79,"X[2,2|2,1]",45,"X[1,2|0,0]",4,"(8,7,5,0)",6444,"('A_X1','B_X1','A_X2','B_X2')"
6445,"XX[X[2,2|2,1],X[1,2|0,1]]",79,"X[2,2|2,1]",46,"X[1,2|0,1]",4,"(8,7,5,1)",6445,"('A_X1','B_X1','A_X2','B_X2')"
6446,"XX[X[2,2|2,1],X[1,2|0,2]]",79,"X[2,2|2,1]",47,"X[1,2|0,2]",4,"(8,7,5,2)",6446,"('A_X1','B_X1','A_X2','B_X2')"
6447,"XX[X[2,2|2,1],X[1,2|1,0]]",79,"X[2,2|2,1]",48,"X[1,2|1,0]",4,"(8,7,5,3)",6447,"('A_X1','B_X1','A_X2','B_X2')"
6448,"XX[X[2,2|2,1],X[1,2|1,1]]",79,"X[2,2|2,1]",49,"X[1,2|1,1]",4,"(8,7,5,4)",6448,"('A_X1','B_X1','A_X2','B_X2')"
6449,"XX[X[2,2|2,1],X[1,2|1,2]]",79,"X[2,2|2,1]",50,"X[1,2|1,2]",4,"(8,7,5,5)",6449,"('A_X1','B_X1','A_X2','B_X2')"
6450,"XX[X[2,2|2,1],X[1,2|2,0]]",79,"X[2,2|2,1]",51,"X[1,2|2,0]",4,"(8,7,5,6)",6450,"('A_X1','B_X1','A_X2','B_X2')"
6451,"XX[X[2,2|2,1],X[1,2|2,1]]",79,"X[2,2|2,1]",52,"X[1,2|2,1]",4,"(8,7,5,7)",6451,"('A_X1','B_X1','A_X2','B_X2')"
6452,"XX[X[2,2|2,1],X[1,2|2,2]]",79,"X[2,2|2,1]",53,"X[1,2|2,2]",4,"(8,7,5,8)",6452,"('A_X1','B_X1','A_X2','B_X2')"
6453,"XX[X[2,2|2,1],X[2,0|0,0]]",79,"X[2,2|2,1]",54,"X[2,0|0,0]",4,"(8,7,6,0)",6453,"('A_X1','B_X1','A_X2','B_X2')"
6454,"XX[X[2,2|2,1],X[2,0|0,1]]",79,"X[2,2|2,1]",55,"X[2,0|0,1]",4,"(8,7,6,1)",6454,"('A_X1','B_X1','A_X2','B_X2')"
6455,"XX[X[2,2|2,1],X[2,0|0,2]]",79,"X[2,2|2,1]",56,"X[2,0|0,2]",4,"(8,7,6,2)",6455,"('A_X1','B_X1','A_X2','B_X2')"
6456,"XX[X[2,2|2,1],X[2,0|1,0]]",79,"X[2,2|2,1]",57,"X[2,0|1,0]",4,"(8,7,6,3)",6456,"('A_X1','B_X1','A_X2','B_X2')"
6457,"XX[X[2,2|2,1],X[2,0|1,1]]",79,"X[2,2|2,1]",58,"X[2,0|1,1]",4,"(8,7,6,4)",6457,"('A_X1','B_X1','A_X2','B_X2')"
6458,"XX[X[2,2|2,1],X[2,0|1,2]]",79,"X[2,2|2,1]",59,"X[2,0|1,2]",4,"(8,7,6,5)",6458,"('A_X1','B_X1','A_X2','B_X2')"
6459,"XX[X[2,2|2,1],X[2,0|2,0]]",79,"X[2,2|2,1]",60,"X[2,0|2,0]",4,"(8,7,6,6)",6459,"('A_X1','B_X1','A_X2','B_X2')"
6460,"XX[X[2,2|2,1],X[2,0|2,1]]",79,"X[2,2|2,1]",61,"X[2,0|2,1]",4,"(8,7,6,7)",6460,"('A_X1','B_X1','A_X2','B_X2')"
6461,"XX[X[2,2|2,1],X[2,0|2,2]]",79,"X[2,2|2,1]",62,"X[2,0|2,2]",4,"(8,7,6,8)",6461,"('A_X1','B_X1','A_X2','B_X2')"
6462,"XX[X[2,2|2,1],X[2,1|0,0]]",79,"X[2,2|2,1]",63,"X[2,1|0,0]",4,"(8,7,7,0)",6462,"('A_X1','B_X1','A_X2','B_X2')"
6463,"XX[X[2,2|2,1],X[2,1|0,1]]",79,"X[2,2|2,1]",64,"X[2,1|0,1]",4,"(8,7,7,1)",6463,"('A_X1','B_X1','A_X2','B_X2')"
6464,"XX[X[2,2|2,1],X[2,1|0,2]]",79,"X[2,2|2,1]",65,"X[2,1|0,2]",4,"(8,7,7,2)",6464,"('A_X1','B_X1','A_X2','B_X2')"
6465,"XX[X[2,2|2,1],X[2,1|1,0]]",79,"X[2,2|2,1]",66,"X[2,1|1,0]",4,"(8,7,7,3)",6465,"('A_X1','B_X1','A_X2','B_X2')"
6466,"XX[X[2,2|2,1],X[2,1|1,1]]",79,"X[2,2|2,1]",67,"X[2,1|1,1]",4,"(8,7,7,4)",6466,"('A_X1','B_X1','A_X2','B_X2')"
6467,"XX[X[2,2|2,1],X[2,1|1,2]]",79,"X[2,2|2,1]",68,"X[2,1|1,2]",4,"(8,7,7,5)",6467,"('A_X1','B_X1','A_X2','B_X2')"
6468,"XX[X[2,2|2,1],X[2,1|2,0]]",79,"X[2,2|2,1]",69,"X[2,1|2,0]",4,"(8,7,7,6)",6468,"('A_X1','B_X1','A_X2','B_X2')"
6469,"XX[X[2,2|2,1],X[2,1|2,1]]",79,"X[2,2|2,1]",70,"X[2,1|2,1]",4,"(8,7,7,7)",6469,"('A_X1','B_X1','A_X2','B_X2')"
6470,"XX[X[2,2|2,1],X[2,1|2,2]]",79,"X[2,2|2,1]",71,"X[2,1|2,2]",4,"(8,7,7,8)",6470,"('A_X1','B_X1','A_X2','B_X2')"
6471,"XX[X[2,2|2,1],X[2,2|0,0]]",79,"X[2,2|2,1]",72,"X[2,2|0,0]",4,"(8,7,8,0)",6471,"('A_X1','B_X1','A_X2','B_X2')"
6472,"XX[X[2,2|2,1],X[2,2|0,1]]",79,"X[2,2|2,1]",73,"X[2,2|0,1]",4,"(8,7,8,1)",6472,"('A_X1','B_X1','A_X2','B_X2')"
6473,"XX[X[2,2|2,1],X[2,2|0,2]]",79,"X[2,2|2,1]",74,"X[2,2|0,2]",4,"(8,7,8,2)",6473,"('A_X1','B_X1','A_X2','B_X2')"
6474,"XX[X[2,2|2,1],X[2,2|1,0]]",79,"X[2,2|2,1]",75,"X[2,2|1,0]",4,"(8,7,8,3)",6474,"('A_X1','B_X1','A_X2','B_X2')"
6475,"XX[X[2,2|2,1],X[2,2|1,1]]",79,"X[2,2|2,1]",76,"X[2,2|1,1]",4,"(8,7,8,4)",6475,"('A_X1','B_X1','A_X2','B_X2')"
6476,"XX[X[2,2|2,1],X[2,2|1,2]]",79,"X[2,2|2,1]",77,"X[2,2|1,2]",4,"(8,7,8,5)",6476,"('A_X1','B_X1','A_X2','B_X2')"
6477,"XX[X[2,2|2,1],X[2,2|2,0]]",79,"X[2,2|2,1]",78,"X[2,2|2,0]",4,"(8,7,8,6)",6477,"('A_X1','B_X1','A_X2','B_X2')"
6478,"XX[X[2,2|2,1],X[2,2|2,1]]",79,"X[2,2|2,1]",79,"X[2,2|2,1]",4,"(8,7,8,7)",6478,"('A_X1','B_X1','A_X2','B_X2')"
6479,"XX[X[2,2|2,1],X[2,2|2,2]]",79,"X[2,2|2,1]",80,"X[2,2|2,2]",4,"(8,7,8,8)",6479,"('A_X1','B_X1','A_X2','B_X2')"
6480,"XX[X[2,2|2,2],X[0,0|0,0]]",80,"X[2,2|2,2]",0,"X[0,0|0,0]",4,"(8,8,0,0)",6480,"('A_X1','B_X1','A_X2','B_X2')"
6481,"XX[X[2,2|2,2],X[0,0|0,1]]",80,"X[2,2|2,2]",1,"X[0,0|0,1]",4,"(8,8,0,1)",6481,"('A_X1','B_X1','A_X2','B_X2')"
6482,"XX[X[2,2|2,2],X[0,0|0,2]]",80,"X[2,2|2,2]",2,"X[0,0|0,2]",4,"(8,8,0,2)",6482,"('A_X1','B_X1','A_X2','B_X2')"
6483,"XX[X[2,2|2,2],X[0,0|1,0]]",80,"X[2,2|2,2]",3,"X[0,0|1,0]",4,"(8,8,0,3)",6483,"('A_X1','B_X1','A_X2','B_X2')"
6484,"XX[X[2,2|2,2],X[0,0|1,1]]",80,"X[2,2|2,2]",4,"X[0,0|1,1]",4,"(8,8,0,4)",6484,"('A_X1','B_X1','A_X2','B_X2')"
6485,"XX[X[2,2|2,2],X[0,0|1,2]]",80,"X[2,2|2,2]",5,"X[0,0|1,2]",4,"(8,8,0,5)",6485,"('A_X1','B_X1','A_X2','B_X2')"
6486,"XX[X[2,2|2,2],X[0,0|2,0]]",80,"X[2,2|2,2]",6,"X[0,0|2,0]",4,"(8,8,0,6)",6486,"('A_X1','B_X1','A_X2','B_X2')"
6487,"XX[X[2,2|2,2],X[0,0|2,1]]",80,"X[2,2|2,2]",7,"X[0,0|2,1]",4,"(8,8,0,7)",6487,"('A_X1','B_X1','A_X2','B_X2')"
6488,"XX[X[2,2|2,2],X[0,0|2,2]]",80,"X[2,2|2,2]",8,"X[0,0|2,2]",4,"(8,8,0,8)",6488,"('A_X1','B_X1','A_X2','B_X2')"
6489,"XX[X[2,2|2,2],X[0,1|0,0]]",80,"X[2,2|2,2]",9,"X[0,1|0,0]",4,"(8,8,1,0)",6489,"('A_X1','B_X1','A_X2','B_X2')"
6490,"XX[X[2,2|2,2],X[0,1|0,1]]",80,"X[2,2|2,2]",10,"X[0,1|0,1]",4,"(8,8,1,1)",6490,"('A_X1','B_X1','A_X2','B_X2')"
6491,"XX[X[2,2|2,2],X[0,1|0,2]]",80,"X[2,2|2,2]",11,"X[0,1|0,2]",4,"(8,8,1,2)",6491,"('A_X1','B_X1','A_X2','B_X2')"
6492,"XX[X[2,2|2,2],X[0,1|1,0]]",80,"X[2,2|2,2]",12,"X[0,1|1,0]",4,"(8,8,1,3)",6492,"('A_X1','B_X1','A_X2','B_X2')"
6493,"XX[X[2,2|2,2],X[0,1|1,1]]",80,"X[2,2|2,2]",13,"X[0,1|1,1]",4,"(8,8,1,4)",6493,"('A_X1','B_X1','A_X2','B_X2')"
6494,"XX[X[2,2|2,2],X[0,1|1,2]]",80,"X[2,2|2,2]",14,"X[0,1|1,2]",4,"(8,8,1,5)",6494,"('A_X1','B_X1','A_X2','B_X2')"
6495,"XX[X[2,2|2,2],X[0,1|2,0]]",80,"X[2,2|2,2]",15,"X[0,1|2,0]",4,"(8,8,1,6)",6495,"('A_X1','B_X1','A_X2','B_X2')"
6496,"XX[X[2,2|2,2],X[0,1|2,1]]",80,"X[2,2|2,2]",16,"X[0,1|2,1]",4,"(8,8,1,7)",6496,"('A_X1','B_X1','A_X2','B_X2')"
6497,"XX[X[2,2|2,2],X[0,1|2,2]]",80,"X[2,2|2,2]",17,"X[0,1|2,2]",4,"(8,8,1,8)",6497,"('A_X1','B_X1','A_X2','B_X2')"
6498,"XX[X[2,2|2,2],X[0,2|0,0]]",80,"X[2,2|2,2]",18,"X[0,2|0,0]",4,"(8,8,2,0)",6498,"('A_X1','B_X1','A_X2','B_X2')"
6499,"XX[X[2,2|2,2],X[0,2|0,1]]",80,"X[2,2|2,2]",19,"X[0,2|0,1]",4,"(8,8,2,1)",6499,"('A_X1','B_X1','A_X2','B_X2')"
6500,"XX[X[2,2|2,2],X[0,2|0,2]]",80,"X[2,2|2,2]",20,"X[0,2|0,2]",4,"(8,8,2,2)",6500,"('A_X1','B_X1','A_X2','B_X2')"
6501,"XX[X[2,2|2,2],X[0,2|1,0]]",80,"X[2,2|2,2]",21,"X[0,2|1,0]",4,"(8,8,2,3)",6501,"('A_X1','B_X1','A_X2','B_X2')"
6502,"XX[X[2,2|2,2],X[0,2|1,1]]",80,"X[2,2|2,2]",22,"X[0,2|1,1]",4,"(8,8,2,4)",6502,"('A_X1','B_X1','A_X2','B_X2')"
6503,"XX[X[2,2|2,2],X[0,2|1,2]]",80,"X[2,2|2,2]",23,"X[0,2|1,2]",4,"(8,8,2,5)",6503,"('A_X1','B_X1','A_X2','B_X2')"
6504,"XX[X[2,2|2,2],X[0,2|2,0]]",80,"X[2,2|2,2]",24,"X[0,2|2,0]",4,"(8,8,2,6)",6504,"('A_X1','B_X1','A_X2','B_X2')"
6505,"XX[X[2,2|2,2],X[0,2|2,1]]",80,"X[2,2|2,2]",25,"X[0,2|2,1]",4,"(8,8,2,7)",6505,"('A_X1','B_X1','A_X2','B_X2')"
6506,"XX[X[2,2|2,2],X[0,2|2,2]]",80,"X[2,2|2,2]",26,"X[0,2|2,2]",4,"(8,8,2,8)",6506,"('A_X1','B_X1','A_X2','B_X2')"
6507,"XX[X[2,2|2,2],X[1,0|0,0]]",80,"X[2,2|2,2]",27,"X[1,0|0,0]",4,"(8,8,3,0)",6507,"('A_X1','B_X1','A_X2','B_X2')"
6508,"XX[X[2,2|2,2],X[1,0|0,1]]",80,"X[2,2|2,2]",28,"X[1,0|0,1]",4,"(8,8,3,1)",6508,"('A_X1','B_X1','A_X2','B_X2')"
6509,"XX[X[2,2|2,2],X[1,0|0,2]]",80,"X[2,2|2,2]",29,"X[1,0|0,2]",4,"(8,8,3,2)",6509,"('A_X1','B_X1','A_X2','B_X2')"
6510,"XX[X[2,2|2,2],X[1,0|1,0]]",80,"X[2,2|2,2]",30,"X[1,0|1,0]",4,"(8,8,3,3)",6510,"('A_X1','B_X1','A_X2','B_X2')"
6511,"XX[X[2,2|2,2],X[1,0|1,1]]",80,"X[2,2|2,2]",31,"X[1,0|1,1]",4,"(8,8,3,4)",6511,"('A_X1','B_X1','A_X2','B_X2')"
6512,"XX[X[2,2|2,2],X[1,0|1,2]]",80,"X[2,2|2,2]",32,"X[1,0|1,2]",4,"(8,8,3,5)",6512,"('A_X1','B_X1','A_X2','B_X2')"
6513,"XX[X[2,2|2,2],X[1,0|2,0]]",80,"X[2,2|2,2]",33,"X[1,0|2,0]",4,"(8,8,3,6)",6513,"('A_X1','B_X1','A_X2','B_X2')"
6514,"XX[X[2,2|2,2],X[1,0|2,1]]",80,"X[2,2|2,2]",34,"X[1,0|2,1]",4,"(8,8,3,7)",6514,"('A_X1','B_X1','A_X2','B_X2')"
6515,"XX[X[2,2|2,2],X[1,0|2,2]]",80,"X[2,2|2,2]",35,"X[1,0|2,2]",4,"(8,8,3,8)",6515,"('A_X1','B_X1','A_X2','B_X2')"
6516,"XX[X[2,2|2,2],X[1,1|0,0]]",80,"X[2,2|2,2]",36,"X[1,1|0,0]",4,"(8,8,4,0)",6516,"('A_X1','B_X1','A_X2','B_X2')"
6517,"XX[X[2,2|2,2],X[1,1|0,1]]",80,"X[2,2|2,2]",37,"X[1,1|0,1]",4,"(8,8,4,1)",6517,"('A_X1','B_X1','A_X2','B_X2')"
6518,"XX[X[2,2|2,2],X[1,1|0,2]]",80,"X[2,2|2,2]",38,"X[1,1|0,2]",4,"(8,8,4,2)",6518,"('A_X1','B_X1','A_X2','B_X2')"
6519,"XX[X[2,2|2,2],X[1,1|1,0]]",80,"X[2,2|2,2]",39,"X[1,1|1,0]",4,"(8,8,4,3)",6519,"('A_X1','B_X1','A_X2','B_X2')"
6520,"XX[X[2,2|2,2],X[1,1|1,1]]",80,"X[2,2|2,2]",40,"X[1,1|1,1]",4,"(8,8,4,4)",6520,"('A_X1','B_X1','A_X2','B_X2')"
6521,"XX[X[2,2|2,2],X[1,1|1,2]]",80,"X[2,2|2,2]",41,"X[1,1|1,2]",4,"(8,8,4,5)",6521,"('A_X1','B_X1','A_X2','B_X2')"
6522,"XX[X[2,2|2,2],X[1,1|2,0]]",80,"X[2,2|2,2]",42,"X[1,1|2,0]",4,"(8,8,4,6)",6522,"('A_X1','B_X1','A_X2','B_X2')"
6523,"XX[X[2,2|2,2],X[1,1|2,1]]",80,"X[2,2|2,2]",43,"X[1,1|2,1]",4,"(8,8,4,7)",6523,"('A_X1','B_X1','A_X2','B_X2')"
6524,"XX[X[2,2|2,2],X[1,1|2,2]]",80,"X[2,2|2,2]",44,"X[1,1|2,2]",4,"(8,8,4,8)",6524,"('A_X1','B_X1','A_X2','B_X2')"
6525,"XX[X[2,2|2,2],X[1,2|0,0]]",80,"X[2,2|2,2]",45,"X[1,2|0,0]",4,"(8,8,5,0)",6525,"('A_X1','B_X1','A_X2','B_X2')"
6526,"XX[X[2,2|2,2],X[1,2|0,1]]",80,"X[2,2|2,2]",46,"X[1,2|0,1]",4,"(8,8,5,1)",6526,"('A_X1','B_X1','A_X2','B_X2')"
6527,"XX[X[2,2|2,2],X[1,2|0,2]]",80,"X[2,2|2,2]",47,"X[1,2|0,2]",4,"(8,8,5,2)",6527,"('A_X1','B_X1','A_X2','B_X2')"
6528,"XX[X[2,2|2,2],X[1,2|1,0]]",80,"X[2,2|2,2]",48,"X[1,2|1,0]",4,"(8,8,5,3)",6528,"('A_X1','B_X1','A_X2','B_X2')"
6529,"XX[X[2,2|2,2],X[1,2|1,1]]",80,"X[2,2|2,2]",49,"X[1,2|1,1]",4,"(8,8,5,4)",6529,"('A_X1','B_X1','A_X2','B_X2')"
6530,"XX[X[2,2|2,2],X[1,2|1,2]]",80,"X[2,2|2,2]",50,"X[1,2|1,2]",4,"(8,8,5,5)",6530,"('A_X1','B_X1','A_X2','B_X2')"
6531,"XX[X[2,2|2,2],X[1,2|2,0]]",80,"X[2,2|2,2]",51,"X[1,2|2,0]",4,"(8,8,5,6)",6531,"('A_X1','B_X1','A_X2','B_X2')"
6532,"XX[X[2,2|2,2],X[1,2|2,1]]",80,"X[2,2|2,2]",52,"X[1,2|2,1]",4,"(8,8,5,7)",6532,"('A_X1','B_X1','A_X2','B_X2')"
6533,"XX[X[2,2|2,2],X[1,2|2,2]]",80,"X[2,2|2,2]",53,"X[1,2|2,2]",4,"(8,8,5,8)",6533,"('A_X1','B_X1','A_X2','B_X2')"
6534,"XX[X[2,2|2,2],X[2,0|0,0]]",80,"X[2,2|2,2]",54,"X[2,0|0,0]",4,"(8,8,6,0)",6534,"('A_X1','B_X1','A_X2','B_X2')"
6535,"XX[X[2,2|2,2],X[2,0|0,1]]",80,"X[2,2|2,2]",55,"X[2,0|0,1]",4,"(8,8,6,1)",6535,"('A_X1','B_X1','A_X2','B_X2')"
6536,"XX[X[2,2|2,2],X[2,0|0,2]]",80,"X[2,2|2,2]",56,"X[2,0|0,2]",4,"(8,8,6,2)",6536,"('A_X1','B_X1','A_X2','B_X2')"
6537,"XX[X[2,2|2,2],X[2,0|1,0]]",80,"X[2,2|2,2]",57,"X[2,0|1,0]",4,"(8,8,6,3)",6537,"('A_X1','B_X1','A_X2','B_X2')"
6538,"XX[X[2,2|2,2],X[2,0|1,1]]",80,"X[2,2|2,2]",58,"X[2,0|1,1]",4,"(8,8,6,4)",6538,"('A_X1','B_X1','A_X2','B_X2')"
6539,"XX[X[2,2|2,2],X[2,0|1,2]]",80,"X[2,2|2,2]",59,"X[2,0|1,2]",4,"(8,8,6,5)",6539,"('A_X1','B_X1','A_X2','B_X2')"
6540,"XX[X[2,2|2,2],X[2,0|2,0]]",80,"X[2,2|2,2]",60,"X[2,0|2,0]",4,"(8,8,6,6)",6540,"('A_X1','B_X1','A_X2','B_X2')"
6541,"XX[X[2,2|2,2],X[2,0|2,1]]",80,"X[2,2|2,2]",61,"X[2,0|2,1]",4,"(8,8,6,7)",6541,"('A_X1','B_X1','A_X2','B_X2')"
6542,"XX[X[2,2|2,2],X[2,0|2,2]]",80,"X[2,2|2,2]",62,"X[2,0|2,2]",4,"(8,8,6,8)",6542,"('A_X1','B_X1','A_X2','B_X2')"
6543,"XX[X[2,2|2,2],X[2,1|0,0]]",80,"X[2,2|2,2]",63,"X[2,1|0,0]",4,"(8,8,7,0)",6543,"('A_X1','B_X1','A_X2','B_X2')"
6544,"XX[X[2,2|2,2],X[2,1|0,1]]",80,"X[2,2|2,2]",64,"X[2,1|0,1]",4,"(8,8,7,1)",6544,"('A_X1','B_X1','A_X2','B_X2')"
6545,"XX[X[2,2|2,2],X[2,1|0,2]]",80,"X[2,2|2,2]",65,"X[2,1|0,2]",4,"(8,8,7,2)",6545,"('A_X1','B_X1','A_X2','B_X2')"
6546,"XX[X[2,2|2,2],X[2,1|1,0]]",80,"X[2,2|2,2]",66,"X[2,1|1,0]",4,"(8,8,7,3)",6546,"('A_X1','B_X1','A_X2','B_X2')"
6547,"XX[X[2,2|2,2],X[2,1|1,1]]",80,"X[2,2|2,2]",67,"X[2,1|1,1]",4,"(8,8,7,4)",6547,"('A_X1','B_X1','A_X2','B_X2')"
6548,"XX[X[2,2|2,2],X[2,1|1,2]]",80,"X[2,2|2,2]",68,"X[2,1|1,2]",4,"(8,8,7,5)",6548,"('A_X1','B_X1','A_X2','B_X2')"
6549,"XX[X[2,2|2,2],X[2,1|2,0]]",80,"X[2,2|2,2]",69,"X[2,1|2,0]",4,"(8,8,7,6)",6549,"('A_X1','B_X1','A_X2','B_X2')"
6550,"XX[X[2,2|2,2],X[2,1|2,1]]",80,"X[2,2|2,2]",70,"X[2,1|2,1]",4,"(8,8,7,7)",6550,"('A_X1','B_X1','A_X2','B_X2')"
6551,"XX[X[2,2|2,2],X[2,1|2,2]]",80,"X[2,2|2,2]",71,"X[2,1|2,2]",4,"(8,8,7,8)",6551,"('A_X1','B_X1','A_X2','B_X2')"
6552,"XX[X[2,2|2,2],X[2,2|0,0]]",80,"X[2,2|2,2]",72,"X[2,2|0,0]",4,"(8,8,8,0)",6552,"('A_X1','B_X1','A_X2','B_X2')"
6553,"XX[X[2,2|2,2],X[2,2|0,1]]",80,"X[2,2|2,2]",73,"X[2,2|0,1]",4,"(8,8,8,1)",6553,"('A_X1','B_X1','A_X2','B_X2')"
6554,"XX[X[2,2|2,2],X[2,2|0,2]]",80,"X[2,2|2,2]",74,"X[2,2|0,2]",4,"(8,8,8,2)",6554,"('A_X1','B_X1','A_X2','B_X2')"
6555,"XX[X[2,2|2,2],X[2,2|1,0]]",80,"X[2,2|2,2]",75,"X[2,2|1,0]",4,"(8,8,8,3)",6555,"('A_X1','B_X1','A_X2','B_X2')"
6556,"XX[X[2,2|2,2],X[2,2|1,1]]",80,"X[2,2|2,2]",76,"X[2,2|1,1]",4,"(8,8,8,4)",6556,"('A_X1','B_X1','A_X2','B_X2')"
6557,"XX[X[2,2|2,2],X[2,2|1,2]]",80,"X[2,2|2,2]",77,"X[2,2|1,2]",4,"(8,8,8,5)",6557,"('A_X1','B_X1','A_X2','B_X2')"
6558,"XX[X[2,2|2,2],X[2,2|2,0]]",80,"X[2,2|2,2]",78,"X[2,2|2,0]",4,"(8,8,8,6)",6558,"('A_X1','B_X1','A_X2','B_X2')"
6559,"XX[X[2,2|2,2],X[2,2|2,1]]",80,"X[2,2|2,2]",79,"X[2,2|2,1]",4,"(8,8,8,7)",6559,"('A_X1','B_X1','A_X2','B_X2')"
6560,"XX[X[2,2|2,2],X[2,2|2,2]]",80,"X[2,2|2,2]",80,"X[2,2|2,2]",4,"(8,8,8,8)",6560,"('A_X1','B_X1','A_X2','B_X2')"
