schema,orbit_id,rep_config_id,rep_readable,orbit_size,stabilizer_size
AXXC,0,0,"AXXC[A[0,0],X[0,0|0,0],X[0,0|0,0],C[0,0]]",27,8
AXXC,1,1,"AXXC[A[0,0],X[0,0|0,0],X[0,0|0,0],C[0,1]]",54,4
AXXC,2,3,"AXXC[A[0,0],X[0,0|0,0],X[0,0|0,0],C[1,0]]",54,4
AXXC,3,4,"AXXC[A[0,0],X[0,0|0,0],X[0,0|0,0],C[1,1]]",108,2
AXXC,4,9,"AXXC[A[0,0],X[0,0|0,0],X[0,0|0,1],C[0,0]]",54,4
AXXC,5,10,"AXXC[A[0,0],X[0,0|0,0],X[0,0|0,1],C[0,1]]",54,4
AXXC,6,11,"AXXC[A[0,0],X[0,0|0,0],X[0,0|0,1],C[0,2]]",54,4
AXXC,7,12,"AXXC[A[0,0],X[0,0|0,0],X[0,0|0,1],C[1,0]]",108,2
AXXC,8,13,"AXXC[A[0,0],X[0,0|0,0],X[0,0|0,1],C[1,1]]",108,2
AXXC,9,14,"AXXC[A[0,0],X[0,0|0,0],X[0,0|0,1],C[1,2]]",108,2
AXXC,10,27,"AXXC[A[0,0],X[0,0|0,0],X[0,0|1,0],C[0,0]]",54,4
AXXC,11,28,"AXXC[A[0,0],X[0,0|0,0],X[0,0|1,0],C[0,1]]",108,2
AXXC,12,30,"AXXC[A[0,0],X[0,0|0,0],X[0,0|1,0],C[1,0]]",108,2
AXXC,13,31,"AXXC[A[0,0],X[0,0|0,0],X[0,0|1,0],C[1,1]]",216,1
AXXC,14,36,"AXXC[A[0,0],X[0,0|0,0],X[0,0|1,1],C[0,0]]",108,2
AXXC,15,37,"AXXC[A[0,0],X[0,0|0,0],X[0,0|1,1],C[0,1]]",108,2
AXXC,16,38,"AXXC[A[0,0],X[0,0|0,0],X[0,0|1,1],C[0,2]]",108,2
AXXC,17,39,"AXXC[A[0,0],X[0,0|0,0],X[0,0|1,1],C[1,0]]",216,1
AXXC,18,40,"AXXC[A[0,0],X[0,0|0,0],X[0,0|1,1],C[1,1]]",216,1
AXXC,19,41,"AXXC[A[0,0],X[0,0|0,0],X[0,0|1,1],C[1,2]]",216,1
AXXC,20,81,"AXXC[A[0,0],X[0,0|0,0],X[0,1|0,0],C[0,0]]",54,4
AXXC,21,82,"AXXC[A[0,0],X[0,0|0,0],X[0,1|0,0],C[0,1]]",108,2
AXXC,22,84,"AXXC[A[0,0],X[0,0|0,0],X[0,1|0,0],C[1,0]]",108,2
AXXC,23,85,"AXXC[A[0,0],X[0,0|0,0],X[0,1|0,0],C[1,1]]",216,1
AXXC,24,90,"AXXC[A[0,0],X[0,0|0,0],X[0,1|0,1],C[0,0]]",108,2
AXXC,25,91,"AXXC[A[0,0],X[0,0|0,0],X[0,1|0,1],C[0,1]]",108,2
AXXC,26,92,"AXXC[A[0,0],X[0,0|0,0],X[0,1|0,1],C[0,2]]",108,2
AXXC,27,93,"AXXC[A[0,0],X[0,0|0,0],X[0,1|0,1],C[1,0]]",216,1
AXXC,28,94,"AXXC[A[0,0],X[0,0|0,0],X[0,1|0,1],C[1,1]]",216,1
AXXC,29,95,"AXXC[A[0,0],X[0,0|0,0],X[0,1|0,1],C[1,2]]",216,1
AXXC,30,108,"AXXC[A[0,0],X[0,0|0,0],X[0,1|1,0],C[0,0]]",54,4
AXXC,31,109,"AXXC[A[0,0],X[0,0|0,0],X[0,1|1,0],C[0,1]]",108,2
AXXC,32,111,"AXXC[A[0,0],X[0,0|0,0],X[0,1|1,0],C[1,0]]",108,2
AXXC,33,112,"AXXC[A[0,0],X[0,0|0,0],X[0,1|1,0],C[1,1]]",216,1
AXXC,34,117,"AXXC[A[0,0],X[0,0|0,0],X[0,1|1,1],C[0,0]]",108,2
AXXC,35,118,"AXXC[A[0,0],X[0,0|0,0],X[0,1|1,1],C[0,1]]",108,2
AXXC,36,119,"AXXC[A[0,0],X[0,0|0,0],X[0,1|1,1],C[0,2]]",108,2
AXXC,37,120,"AXXC[A[0,0],X[0,0|0,0],X[0,1|1,1],C[1,0]]",216,1
AXXC,38,121,"AXXC[A[0,0],X[0,0|0,0],X[0,1|1,1],C[1,1]]",216,1
AXXC,39,122,"AXXC[A[0,0],X[0,0|0,0],X[0,1|1,1],C[1,2]]",216,1
AXXC,40,135,"AXXC[A[0,0],X[0,0|0,0],X[0,1|2,0],C[0,0]]",54,4
AXXC,41,136,"AXXC[A[0,0],X[0,0|0,0],X[0,1|2,0],C[0,1]]",108,2
AXXC,42,138,"AXXC[A[0,0],X[0,0|0,0],X[0,1|2,0],C[1,0]]",108,2
AXXC,43,139,"AXXC[A[0,0],X[0,0|0,0],X[0,1|2,0],C[1,1]]",216,1
AXXC,44,144,"AXXC[A[0,0],X[0,0|0,0],X[0,1|2,1],C[0,0]]",108,2
AXXC,45,145,"AXXC[A[0,0],X[0,0|0,0],X[0,1|2,1],C[0,1]]",108,2
AXXC,46,146,"AXXC[A[0,0],X[0,0|0,0],X[0,1|2,1],C[0,2]]",108,2
AXXC,47,147,"AXXC[A[0,0],X[0,0|0,0],X[0,1|2,1],C[1,0]]",216,1
AXXC,48,148,"AXXC[A[0,0],X[0,0|0,0],X[0,1|2,1],C[1,1]]",216,1
AXXC,49,149,"AXXC[A[0,0],X[0,0|0,0],X[0,1|2,1],C[1,2]]",216,1
AXXC,50,243,"AXXC[A[0,0],X[0,0|0,0],X[1,0|0,0],C[0,0]]",54,4
AXXC,51,244,"AXXC[A[0,0],X[0,0|0,0],X[1,0|0,0],C[0,1]]",108,2
AXXC,52,246,"AXXC[A[0,0],X[0,0|0,0],X[1,0|0,0],C[1,0]]",54,4
AXXC,53,247,"AXXC[A[0,0],X[0,0|0,0],X[1,0|0,0],C[1,1]]",108,2
AXXC,54,249,"AXXC[A[0,0],X[0,0|0,0],X[1,0|0,0],C[2,0]]",54,4
AXXC,55,250,"AXXC[A[0,0],X[0,0|0,0],X[1,0|0,0],C[2,1]]",108,2
AXXC,56,252,"AXXC[A[0,0],X[0,0|0,0],X[1,0|0,1],C[0,0]]",108,2
AXXC,57,253,"AXXC[A[0,0],X[0,0|0,0],X[1,0|0,1],C[0,1]]",108,2
AXXC,58,254,"AXXC[A[0,0],X[0,0|0,0],X[1,0|0,1],C[0,2]]",108,2
AXXC,59,255,"AXXC[A[0,0],X[0,0|0,0],X[1,0|0,1],C[1,0]]",108,2
AXXC,60,256,"AXXC[A[0,0],X[0,0|0,0],X[1,0|0,1],C[1,1]]",108,2
AXXC,61,257,"AXXC[A[0,0],X[0,0|0,0],X[1,0|0,1],C[1,2]]",108,2
AXXC,62,258,"AXXC[A[0,0],X[0,0|0,0],X[1,0|0,1],C[2,0]]",108,2
AXXC,63,259,"AXXC[A[0,0],X[0,0|0,0],X[1,0|0,1],C[2,1]]",108,2
AXXC,64,260,"AXXC[A[0,0],X[0,0|0,0],X[1,0|0,1],C[2,2]]",108,2
AXXC,65,270,"AXXC[A[0,0],X[0,0|0,0],X[1,0|1,0],C[0,0]]",108,2
AXXC,66,271,"AXXC[A[0,0],X[0,0|0,0],X[1,0|1,0],C[0,1]]",216,1
AXXC,67,273,"AXXC[A[0,0],X[0,0|0,0],X[1,0|1,0],C[1,0]]",108,2
AXXC,68,274,"AXXC[A[0,0],X[0,0|0,0],X[1,0|1,0],C[1,1]]",216,1
AXXC,69,276,"AXXC[A[0,0],X[0,0|0,0],X[1,0|1,0],C[2,0]]",108,2
AXXC,70,277,"AXXC[A[0,0],X[0,0|0,0],X[1,0|1,0],C[2,1]]",216,1
AXXC,71,279,"AXXC[A[0,0],X[0,0|0,0],X[1,0|1,1],C[0,0]]",216,1
AXXC,72,280,"AXXC[A[0,0],X[0,0|0,0],X[1,0|1,1],C[0,1]]",216,1
AXXC,73,281,"AXXC[A[0,0],X[0,0|0,0],X[1,0|1,1],C[0,2]]",216,1
AXXC,74,282,"AXXC[A[0,0],X[0,0|0,0],X[1,0|1,1],C[1,0]]",216,1
AXXC,75,283,"AXXC[A[0,0],X[0,0|0,0],X[1,0|1,1],C[1,1]]",216,1
AXXC,76,284,"AXXC[A[0,0],X[0,0|0,0],X[1,0|1,1],C[1,2]]",216,1
AXXC,77,285,"AXXC[A[0,0],X[0,0|0,0],X[1,0|1,1],C[2,0]]",216,1
AXXC,78,286,"AXXC[A[0,0],X[0,0|0,0],X[1,0|1,1],C[2,1]]",216,1
AXXC,79,287,"AXXC[A[0,0],X[0,0|0,0],X[1,0|1,1],C[2,2]]",216,1
AXXC,80,324,"AXXC[A[0,0],X[0,0|0,0],X[1,1|0,0],C[0,0]]",108,2
AXXC,81,325,"AXXC[A[0,0],X[0,0|0,0],X[1,1|0,0],C[0,1]]",216,1
AXXC,82,327,"AXXC[A[0,0],X[0,0|0,0],X[1,1|0,0],C[1,0]]",108,2
AXXC,83,328,"AXXC[A[0,0],X[0,0|0,0],X[1,1|0,0],C[1,1]]",216,1
AXXC,84,330,"AXXC[A[0,0],X[0,0|0,0],X[1,1|0,0],C[2,0]]",108,2
AXXC,85,331,"AXXC[A[0,0],X[0,0|0,0],X[1,1|0,0],C[2,1]]",216,1
AXXC,86,333,"AXXC[A[0,0],X[0,0|0,0],X[1,1|0,1],C[0,0]]",216,1
AXXC,87,334,"AXXC[A[0,0],X[0,0|0,0],X[1,1|0,1],C[0,1]]",216,1
AXXC,88,335,"AXXC[A[0,0],X[0,0|0,0],X[1,1|0,1],C[0,2]]",216,1
AXXC,89,336,"AXXC[A[0,0],X[0,0|0,0],X[1,1|0,1],C[1,0]]",216,1
AXXC,90,337,"AXXC[A[0,0],X[0,0|0,0],X[1,1|0,1],C[1,1]]",216,1
AXXC,91,338,"AXXC[A[0,0],X[0,0|0,0],X[1,1|0,1],C[1,2]]",216,1
AXXC,92,339,"AXXC[A[0,0],X[0,0|0,0],X[1,1|0,1],C[2,0]]",216,1
AXXC,93,340,"AXXC[A[0,0],X[0,0|0,0],X[1,1|0,1],C[2,1]]",216,1
AXXC,94,341,"AXXC[A[0,0],X[0,0|0,0],X[1,1|0,1],C[2,2]]",216,1
AXXC,95,351,"AXXC[A[0,0],X[0,0|0,0],X[1,1|1,0],C[0,0]]",108,2
AXXC,96,352,"AXXC[A[0,0],X[0,0|0,0],X[1,1|1,0],C[0,1]]",216,1
AXXC,97,354,"AXXC[A[0,0],X[0,0|0,0],X[1,1|1,0],C[1,0]]",108,2
AXXC,98,355,"AXXC[A[0,0],X[0,0|0,0],X[1,1|1,0],C[1,1]]",216,1
AXXC,99,357,"AXXC[A[0,0],X[0,0|0,0],X[1,1|1,0],C[2,0]]",108,2
AXXC,100,358,"AXXC[A[0,0],X[0,0|0,0],X[1,1|1,0],C[2,1]]",216,1
AXXC,101,360,"AXXC[A[0,0],X[0,0|0,0],X[1,1|1,1],C[0,0]]",216,1
AXXC,102,361,"AXXC[A[0,0],X[0,0|0,0],X[1,1|1,1],C[0,1]]",216,1
AXXC,103,362,"AXXC[A[0,0],X[0,0|0,0],X[1,1|1,1],C[0,2]]",216,1
AXXC,104,363,"AXXC[A[0,0],X[0,0|0,0],X[1,1|1,1],C[1,0]]",216,1
AXXC,105,364,"AXXC[A[0,0],X[0,0|0,0],X[1,1|1,1],C[1,1]]",216,1
AXXC,106,365,"AXXC[A[0,0],X[0,0|0,0],X[1,1|1,1],C[1,2]]",216,1
AXXC,107,366,"AXXC[A[0,0],X[0,0|0,0],X[1,1|1,1],C[2,0]]",216,1
AXXC,108,367,"AXXC[A[0,0],X[0,0|0,0],X[1,1|1,1],C[2,1]]",216,1
AXXC,109,368,"AXXC[A[0,0],X[0,0|0,0],X[1,1|1,1],C[2,2]]",216,1
AXXC,110,378,"AXXC[A[0,0],X[0,0|0,0],X[1,1|2,0],C[0,0]]",108,2
AXXC,111,379,"AXXC[A[0,0],X[0,0|0,0],X[1,1|2,0],C[0,1]]",216,1
AXXC,112,381,"AXXC[A[0,0],X[0,0|0,0],X[1,1|2,0],C[1,0]]",108,2
AXXC,113,382,"AXXC[A[0,0],X[0,0|0,0],X[1,1|2,0],C[1,1]]",216,1
AXXC,114,384,"AXXC[A[0,0],X[0,0|0,0],X[1,1|2,0],C[2,0]]",108,2
AXXC,115,385,"AXXC[A[0,0],X[0,0|0,0],X[1,1|2,0],C[2,1]]",216,1
AXXC,116,387,"AXXC[A[0,0],X[0,0|0,0],X[1,1|2,1],C[0,0]]",216,1
AXXC,117,388,"AXXC[A[0,0],X[0,0|0,0],X[1,1|2,1],C[0,1]]",216,1
AXXC,118,389,"AXXC[A[0,0],X[0,0|0,0],X[1,1|2,1],C[0,2]]",216,1
AXXC,119,390,"AXXC[A[0,0],X[0,0|0,0],X[1,1|2,1],C[1,0]]",216,1
AXXC,120,391,"AXXC[A[0,0],X[0,0|0,0],X[1,1|2,1],C[1,1]]",216,1
AXXC,121,392,"AXXC[A[0,0],X[0,0|0,0],X[1,1|2,1],C[1,2]]",216,1
AXXC,122,393,"AXXC[A[0,0],X[0,0|0,0],X[1,1|2,1],C[2,0]]",216,1
AXXC,123,394,"AXXC[A[0,0],X[0,0|0,0],X[1,1|2,1],C[2,1]]",216,1
AXXC,124,395,"AXXC[A[0,0],X[0,0|0,0],X[1,1|2,1],C[2,2]]",216,1
AXXC,125,2187,"AXXC[A[0,0],X[0,0|1,0],X[0,0|0,0],C[0,0]]",54,4
AXXC,126,2188,"AXXC[A[0,0],X[0,0|1,0],X[0,0|0,0],C[0,1]]",108,2
AXXC,127,2190,"AXXC[A[0,0],X[0,0|1,0],X[0,0|0,0],C[1,0]]",108,2
AXXC,128,2191,"AXXC[A[0,0],X[0,0|1,0],X[0,0|0,0],C[1,1]]",216,1
AXXC,129,2196,"AXXC[A[0,0],X[0,0|1,0],X[0,0|0,1],C[0,0]]",108,2
AXXC,130,2197,"AXXC[A[0,0],X[0,0|1,0],X[0,0|0,1],C[0,1]]",108,2
AXXC,131,2198,"AXXC[A[0,0],X[0,0|1,0],X[0,0|0,1],C[0,2]]",108,2
AXXC,132,2199,"AXXC[A[0,0],X[0,0|1,0],X[0,0|0,1],C[1,0]]",216,1
AXXC,133,2200,"AXXC[A[0,0],X[0,0|1,0],X[0,0|0,1],C[1,1]]",216,1
AXXC,134,2201,"AXXC[A[0,0],X[0,0|1,0],X[0,0|0,1],C[1,2]]",216,1
AXXC,135,2214,"AXXC[A[0,0],X[0,0|1,0],X[0,0|1,0],C[0,0]]",54,4
AXXC,136,2215,"AXXC[A[0,0],X[0,0|1,0],X[0,0|1,0],C[0,1]]",108,2
AXXC,137,2217,"AXXC[A[0,0],X[0,0|1,0],X[0,0|1,0],C[1,0]]",108,2
AXXC,138,2218,"AXXC[A[0,0],X[0,0|1,0],X[0,0|1,0],C[1,1]]",216,1
AXXC,139,2223,"AXXC[A[0,0],X[0,0|1,0],X[0,0|1,1],C[0,0]]",108,2
AXXC,140,2224,"AXXC[A[0,0],X[0,0|1,0],X[0,0|1,1],C[0,1]]",108,2
AXXC,141,2225,"AXXC[A[0,0],X[0,0|1,0],X[0,0|1,1],C[0,2]]",108,2
AXXC,142,2226,"AXXC[A[0,0],X[0,0|1,0],X[0,0|1,1],C[1,0]]",216,1
AXXC,143,2227,"AXXC[A[0,0],X[0,0|1,0],X[0,0|1,1],C[1,1]]",216,1
AXXC,144,2228,"AXXC[A[0,0],X[0,0|1,0],X[0,0|1,1],C[1,2]]",216,1
AXXC,145,2241,"AXXC[A[0,0],X[0,0|1,0],X[0,0|2,0],C[0,0]]",54,4
AXXC,146,2242,"AXXC[A[0,0],X[0,0|1,0],X[0,0|2,0],C[0,1]]",108,2
AXXC,147,2244,"AXXC[A[0,0],X[0,0|1,0],X[0,0|2,0],C[1,0]]",108,2
AXXC,148,2245,"AXXC[A[0,0],X[0,0|1,0],X[0,0|2,0],C[1,1]]",216,1
AXXC,149,2250,"AXXC[A[0,0],X[0,0|1,0],X[0,0|2,1],C[0,0]]",108,2
AXXC,150,2251,"AXXC[A[0,0],X[0,0|1,0],X[0,0|2,1],C[0,1]]",108,2
AXXC,151,2252,"AXXC[A[0,0],X[0,0|1,0],X[0,0|2,1],C[0,2]]",108,2
AXXC,152,2253,"AXXC[A[0,0],X[0,0|1,0],X[0,0|2,1],C[1,0]]",216,1
AXXC,153,2254,"AXXC[A[0,0],X[0,0|1,0],X[0,0|2,1],C[1,1]]",216,1
AXXC,154,2255,"AXXC[A[0,0],X[0,0|1,0],X[0,0|2,1],C[1,2]]",216,1
AXXC,155,2268,"AXXC[A[0,0],X[0,0|1,0],X[0,1|0,0],C[0,0]]",54,4
AXXC,156,2269,"AXXC[A[0,0],X[0,0|1,0],X[0,1|0,0],C[0,1]]",108,2
AXXC,157,2271,"AXXC[A[0,0],X[0,0|1,0],X[0,1|0,0],C[1,0]]",108,2
AXXC,158,2272,"AXXC[A[0,0],X[0,0|1,0],X[0,1|0,0],C[1,1]]",216,1
AXXC,159,2277,"AXXC[A[0,0],X[0,0|1,0],X[0,1|0,1],C[0,0]]",108,2
AXXC,160,2278,"AXXC[A[0,0],X[0,0|1,0],X[0,1|0,1],C[0,1]]",108,2
AXXC,161,2279,"AXXC[A[0,0],X[0,0|1,0],X[0,1|0,1],C[0,2]]",108,2
AXXC,162,2280,"AXXC[A[0,0],X[0,0|1,0],X[0,1|0,1],C[1,0]]",216,1
AXXC,163,2281,"AXXC[A[0,0],X[0,0|1,0],X[0,1|0,1],C[1,1]]",216,1
AXXC,164,2282,"AXXC[A[0,0],X[0,0|1,0],X[0,1|0,1],C[1,2]]",216,1
AXXC,165,2295,"AXXC[A[0,0],X[0,0|1,0],X[0,1|1,0],C[0,0]]",54,4
AXXC,166,2296,"AXXC[A[0,0],X[0,0|1,0],X[0,1|1,0],C[0,1]]",108,2
AXXC,167,2298,"AXXC[A[0,0],X[0,0|1,0],X[0,1|1,0],C[1,0]]",108,2
AXXC,168,2299,"AXXC[A[0,0],X[0,0|1,0],X[0,1|1,0],C[1,1]]",216,1
AXXC,169,2304,"AXXC[A[0,0],X[0,0|1,0],X[0,1|1,1],C[0,0]]",108,2
AXXC,170,2305,"AXXC[A[0,0],X[0,0|1,0],X[0,1|1,1],C[0,1]]",108,2
AXXC,171,2306,"AXXC[A[0,0],X[0,0|1,0],X[0,1|1,1],C[0,2]]",108,2
AXXC,172,2307,"AXXC[A[0,0],X[0,0|1,0],X[0,1|1,1],C[1,0]]",216,1
AXXC,173,2308,"AXXC[A[0,0],X[0,0|1,0],X[0,1|1,1],C[1,1]]",216,1
AXXC,174,2309,"AXXC[A[0,0],X[0,0|1,0],X[0,1|1,1],C[1,2]]",216,1
AXXC,175,2322,"AXXC[A[0,0],X[0,0|1,0],X[0,1|2,0],C[0,0]]",54,4
AXXC,176,2323,"AXXC[A[0,0],X[0,0|1,0],X[0,1|2,0],C[0,1]]",108,2
AXXC,177,2325,"AXXC[A[0,0],X[0,0|1,0],X[0,1|2,0],C[1,0]]",108,2
AXXC,178,2326,"AXXC[A[0,0],X[0,0|1,0],X[0,1|2,0],C[1,1]]",216,1
AXXC,179,2331,"AXXC[A[0,0],X[0,0|1,0],X[0,1|2,1],C[0,0]]",108,2
AXXC,180,2332,"AXXC[A[0,0],X[0,0|1,0],X[0,1|2,1],C[0,1]]",108,2
AXXC,181,2333,"AXXC[A[0,0],X[0,0|1,0],X[0,1|2,1],C[0,2]]",108,2
AXXC,182,2334,"AXXC[A[0,0],X[0,0|1,0],X[0,1|2,1],C[1,0]]",216,1
AXXC,183,2335,"AXXC[A[0,0],X[0,0|1,0],X[0,1|2,1],C[1,1]]",216,1
AXXC,184,2336,"AXXC[A[0,0],X[0,0|1,0],X[0,1|2,1],C[1,2]]",216,1
AXXC,185,2349,"AXXC[A[0,0],X[0,0|1,0],X[0,2|0,0],C[0,0]]",54,4
AXXC,186,2350,"AXXC[A[0,0],X[0,0|1,0],X[0,2|0,0],C[0,1]]",108,2
AXXC,187,2352,"AXXC[A[0,0],X[0,0|1,0],X[0,2|0,0],C[1,0]]",108,2
AXXC,188,2353,"AXXC[A[0,0],X[0,0|1,0],X[0,2|0,0],C[1,1]]",216,1
AXXC,189,2358,"AXXC[A[0,0],X[0,0|1,0],X[0,2|0,1],C[0,0]]",108,2
AXXC,190,2359,"AXXC[A[0,0],X[0,0|1,0],X[0,2|0,1],C[0,1]]",108,2
AXXC,191,2360,"AXXC[A[0,0],X[0,0|1,0],X[0,2|0,1],C[0,2]]",108,2
AXXC,192,2361,"AXXC[A[0,0],X[0,0|1,0],X[0,2|0,1],C[1,0]]",216,1
AXXC,193,2362,"AXXC[A[0,0],X[0,0|1,0],X[0,2|0,1],C[1,1]]",216,1
AXXC,194,2363,"AXXC[A[0,0],X[0,0|1,0],X[0,2|0,1],C[1,2]]",216,1
AXXC,195,2376,"AXXC[A[0,0],X[0,0|1,0],X[0,2|1,0],C[0,0]]",54,4
AXXC,196,2377,"AXXC[A[0,0],X[0,0|1,0],X[0,2|1,0],C[0,1]]",108,2
AXXC,197,2379,"AXXC[A[0,0],X[0,0|1,0],X[0,2|1,0],C[1,0]]",108,2
AXXC,198,2380,"AXXC[A[0,0],X[0,0|1,0],X[0,2|1,0],C[1,1]]",216,1
AXXC,199,2385,"AXXC[A[0,0],X[0,0|1,0],X[0,2|1,1],C[0,0]]",108,2
AXXC,200,2386,"AXXC[A[0,0],X[0,0|1,0],X[0,2|1,1],C[0,1]]",108,2
AXXC,201,2387,"AXXC[A[0,0],X[0,0|1,0],X[0,2|1,1],C[0,2]]",108,2
AXXC,202,2388,"AXXC[A[0,0],X[0,0|1,0],X[0,2|1,1],C[1,0]]",216,1
AXXC,203,2389,"AXXC[A[0,0],X[0,0|1,0],X[0,2|1,1],C[1,1]]",216,1
AXXC,204,2390,"AXXC[A[0,0],X[0,0|1,0],X[0,2|1,1],C[1,2]]",216,1
AXXC,205,2403,"AXXC[A[0,0],X[0,0|1,0],X[0,2|2,0],C[0,0]]",54,4
AXXC,206,2404,"AXXC[A[0,0],X[0,0|1,0],X[0,2|2,0],C[0,1]]",108,2
AXXC,207,2406,"AXXC[A[0,0],X[0,0|1,0],X[0,2|2,0],C[1,0]]",108,2
AXXC,208,2407,"AXXC[A[0,0],X[0,0|1,0],X[0,2|2,0],C[1,1]]",216,1
AXXC,209,2412,"AXXC[A[0,0],X[0,0|1,0],X[0,2|2,1],C[0,0]]",108,2
AXXC,210,2413,"AXXC[A[0,0],X[0,0|1,0],X[0,2|2,1],C[0,1]]",108,2
AXXC,211,2414,"AXXC[A[0,0],X[0,0|1,0],X[0,2|2,1],C[0,2]]",108,2
AXXC,212,2415,"AXXC[A[0,0],X[0,0|1,0],X[0,2|2,1],C[1,0]]",216,1
AXXC,213,2416,"AXXC[A[0,0],X[0,0|1,0],X[0,2|2,1],C[1,1]]",216,1
AXXC,214,2417,"AXXC[A[0,0],X[0,0|1,0],X[0,2|2,1],C[1,2]]",216,1
AXXC,215,2430,"AXXC[A[0,0],X[0,0|1,0],X[1,0|0,0],C[0,0]]",108,2
AXXC,216,2431,"AXXC[A[0,0],X[0,0|1,0],X[1,0|0,0],C[0,1]]",216,1
AXXC,217,2433,"AXXC[A[0,0],X[0,0|1,0],X[1,0|0,0],C[1,0]]",108,2
AXXC,218,2434,"AXXC[A[0,0],X[0,0|1,0],X[1,0|0,0],C[1,1]]",216,1
AXXC,219,2436,"AXXC[A[0,0],X[0,0|1,0],X[1,0|0,0],C[2,0]]",108,2
AXXC,220,2437,"AXXC[A[0,0],X[0,0|1,0],X[1,0|0,0],C[2,1]]",216,1
AXXC,221,2439,"AXXC[A[0,0],X[0,0|1,0],X[1,0|0,1],C[0,0]]",216,1
AXXC,222,2440,"AXXC[A[0,0],X[0,0|1,0],X[1,0|0,1],C[0,1]]",216,1
AXXC,223,2441,"AXXC[A[0,0],X[0,0|1,0],X[1,0|0,1],C[0,2]]",216,1
AXXC,224,2442,"AXXC[A[0,0],X[0,0|1,0],X[1,0|0,1],C[1,0]]",216,1
AXXC,225,2443,"AXXC[A[0,0],X[0,0|1,0],X[1,0|0,1],C[1,1]]",216,1
AXXC,226,2444,"AXXC[A[0,0],X[0,0|1,0],X[1,0|0,1],C[1,2]]",216,1
AXXC,227,2445,"AXXC[A[0,0],X[0,0|1,0],X[1,0|0,1],C[2,0]]",216,1
AXXC,228,2446,"AXXC[A[0,0],X[0,0|1,0],X[1,0|0,1],C[2,1]]",216,1
AXXC,229,2447,"AXXC[A[0,0],X[0,0|1,0],X[1,0|0,1],C[2,2]]",216,1
AXXC,230,2457,"AXXC[A[0,0],X[0,0|1,0],X[1,0|1,0],C[0,0]]",108,2
AXXC,231,2458,"AXXC[A[0,0],X[0,0|1,0],X[1,0|1,0],C[0,1]]",216,1
AXXC,232,2460,"AXXC[A[0,0],X[0,0|1,0],X[1,0|1,0],C[1,0]]",108,2
AXXC,233,2461,"AXXC[A[0,0],X[0,0|1,0],X[1,0|1,0],C[1,1]]",216,1
AXXC,234,2463,"AXXC[A[0,0],X[0,0|1,0],X[1,0|1,0],C[2,0]]",108,2
AXXC,235,2464,"AXXC[A[0,0],X[0,0|1,0],X[1,0|1,0],C[2,1]]",216,1
AXXC,236,2466,"AXXC[A[0,0],X[0,0|1,0],X[1,0|1,1],C[0,0]]",216,1
AXXC,237,2467,"AXXC[A[0,0],X[0,0|1,0],X[1,0|1,1],C[0,1]]",216,1
AXXC,238,2468,"AXXC[A[0,0],X[0,0|1,0],X[1,0|1,1],C[0,2]]",216,1
AXXC,239,2469,"AXXC[A[0,0],X[0,0|1,0],X[1,0|1,1],C[1,0]]",216,1
AXXC,240,2470,"AXXC[A[0,0],X[0,0|1,0],X[1,0|1,1],C[1,1]]",216,1
AXXC,241,2471,"AXXC[A[0,0],X[0,0|1,0],X[1,0|1,1],C[1,2]]",216,1
AXXC,242,2472,"AXXC[A[0,0],X[0,0|1,0],X[1,0|1,1],C[2,0]]",216,1
AXXC,243,2473,"AXXC[A[0,0],X[0,0|1,0],X[1,0|1,1],C[2,1]]",216,1
AXXC,244,2474,"AXXC[A[0,0],X[0,0|1,0],X[1,0|1,1],C[2,2]]",216,1
AXXC,245,2484,"AXXC[A[0,0],X[0,0|1,0],X[1,0|2,0],C[0,0]]",108,2
AXXC,246,2485,"AXXC[A[0,0],X[0,0|1,0],X[1,0|2,0],C[0,1]]",216,1
AXXC,247,2487,"AXXC[A[0,0],X[0,0|1,0],X[1,0|2,0],C[1,0]]",108,2
AXXC,248,2488,"AXXC[A[0,0],X[0,0|1,0],X[1,0|2,0],C[1,1]]",216,1
AXXC,249,2490,"AXXC[A[0,0],X[0,0|1,0],X[1,0|2,0],C[2,0]]",108,2
AXXC,250,2491,"AXXC[A[0,0],X[0,0|1,0],X[1,0|2,0],C[2,1]]",216,1
AXXC,251,2493,"AXXC[A[0,0],X[0,0|1,0],X[1,0|2,1],C[0,0]]",216,1
AXXC,252,2494,"AXXC[A[0,0],X[0,0|1,0],X[1,0|2,1],C[0,1]]",216,1
AXXC,253,2495,"AXXC[A[0,0],X[0,0|1,0],X[1,0|2,1],C[0,2]]",216,1
AXXC,254,2496,"AXXC[A[0,0],X[0,0|1,0],X[1,0|2,1],C[1,0]]",216,1
AXXC,255,2497,"AXXC[A[0,0],X[0,0|1,0],X[1,0|2,1],C[1,1]]",216,1
AXXC,256,2498,"AXXC[A[0,0],X[0,0|1,0],X[1,0|2,1],C[1,2]]",216,1
AXXC,257,2499,"AXXC[A[0,0],X[0,0|1,0],X[1,0|2,1],C[2,0]]",216,1
AXXC,258,2500,"AXXC[A[0,0],X[0,0|1,0],X[1,0|2,1],C[2,1]]",216,1
AXXC,259,2501,"AXXC[A[0,0],X[0,0|1,0],X[1,0|2,1],C[2,2]]",216,1
AXXC,260,2511,"AXXC[A[0,0],X[0,0|1,0],X[1,1|0,0],C[0,0]]",108,2
AXXC,261,2512,"AXXC[A[0,0],X[0,0|1,0],X[1,1|0,0],C[0,1]]",216,1
AXXC,262,2514,"AXXC[A[0,0],X[0,0|1,0],X[1,1|0,0],C[1,0]]",108,2
AXXC,263,2515,"AXXC[A[0,0],X[0,0|1,0],X[1,1|0,0],C[1,1]]",216,1
AXXC,264,2517,"AXXC[A[0,0],X[0,0|1,0],X[1,1|0,0],C[2,0]]",108,2
AXXC,265,2518,"AXXC[A[0,0],X[0,0|1,0],X[1,1|0,0],C[2,1]]",216,1
AXXC,266,2520,"AXXC[A[0,0],X[0,0|1,0],X[1,1|0,1],C[0,0]]",216,1
AXXC,267,2521,"AXXC[A[0,0],X[0,0|1,0],X[1,1|0,1],C[0,1]]",216,1
AXXC,268,2522,"AXXC[A[0,0],X[0,0|1,0],X[1,1|0,1],C[0,2]]",216,1
AXXC,269,2523,"AXXC[A[0,0],X[0,0|1,0],X[1,1|0,1],C[1,0]]",216,1
AXXC,270,2524,"AXXC[A[0,0],X[0,0|1,0],X[1,1|0,1],C[1,1]]",216,1
AXXC,271,2525,"AXXC[A[0,0],X[0,0|1,0],X[1,1|0,1],C[1,2]]",216,1
AXXC,272,2526,"AXXC[A[0,0],X[0,0|1,0],X[1,1|0,1],C[2,0]]",216,1
AXXC,273,2527,"AXXC[A[0,0],X[0,0|1,0],X[1,1|0,1],C[2,1]]",216,1
AXXC,274,2528,"AXXC[A[0,0],X[0,0|1,0],X[1,1|0,1],C[2,2]]",216,1
AXXC,275,2538,"AXXC[A[0,0],X[0,0|1,0],X[1,1|1,0],C[0,0]]",108,2
AXXC,276,2539,"AXXC[A[0,0],X[0,0|1,0],X[1,1|1,0],C[0,1]]",216,1
AXXC,277,2541,"AXXC[A[0,0],X[0,0|1,0],X[1,1|1,0],C[1,0]]",108,2
AXXC,278,2542,"AXXC[A[0,0],X[0,0|1,0],X[1,1|1,0],C[1,1]]",216,1
AXXC,279,2544,"AXXC[A[0,0],X[0,0|1,0],X[1,1|1,0],C[2,0]]",108,2
AXXC,280,2545,"AXXC[A[0,0],X[0,0|1,0],X[1,1|1,0],C[2,1]]",216,1
AXXC,281,2547,"AXXC[A[0,0],X[0,0|1,0],X[1,1|1,1],C[0,0]]",216,1
AXXC,282,2548,"AXXC[A[0,0],X[0,0|1,0],X[1,1|1,1],C[0,1]]",216,1
AXXC,283,2549,"AXXC[A[0,0],X[0,0|1,0],X[1,1|1,1],C[0,2]]",216,1
AXXC,284,2550,"AXXC[A[0,0],X[0,0|1,0],X[1,1|1,1],C[1,0]]",216,1
AXXC,285,2551,"AXXC[A[0,0],X[0,0|1,0],X[1,1|1,1],C[1,1]]",216,1
AXXC,286,2552,"AXXC[A[0,0],X[0,0|1,0],X[1,1|1,1],C[1,2]]",216,1
AXXC,287,2553,"AXXC[A[0,0],X[0,0|1,0],X[1,1|1,1],C[2,0]]",216,1
AXXC,288,2554,"AXXC[A[0,0],X[0,0|1,0],X[1,1|1,1],C[2,1]]",216,1
AXXC,289,2555,"AXXC[A[0,0],X[0,0|1,0],X[1,1|1,1],C[2,2]]",216,1
AXXC,290,2565,"AXXC[A[0,0],X[0,0|1,0],X[1,1|2,0],C[0,0]]",108,2
AXXC,291,2566,"AXXC[A[0,0],X[0,0|1,0],X[1,1|2,0],C[0,1]]",216,1
AXXC,292,2568,"AXXC[A[0,0],X[0,0|1,0],X[1,1|2,0],C[1,0]]",108,2
AXXC,293,2569,"AXXC[A[0,0],X[0,0|1,0],X[1,1|2,0],C[1,1]]",216,1
AXXC,294,2571,"AXXC[A[0,0],X[0,0|1,0],X[1,1|2,0],C[2,0]]",108,2
AXXC,295,2572,"AXXC[A[0,0],X[0,0|1,0],X[1,1|2,0],C[2,1]]",216,1
AXXC,296,2574,"AXXC[A[0,0],X[0,0|1,0],X[1,1|2,1],C[0,0]]",216,1
AXXC,297,2575,"AXXC[A[0,0],X[0,0|1,0],X[1,1|2,1],C[0,1]]",216,1
AXXC,298,2576,"AXXC[A[0,0],X[0,0|1,0],X[1,1|2,1],C[0,2]]",216,1
AXXC,299,2577,"AXXC[A[0,0],X[0,0|1,0],X[1,1|2,1],C[1,0]]",216,1
AXXC,300,2578,"AXXC[A[0,0],X[0,0|1,0],X[1,1|2,1],C[1,1]]",216,1
AXXC,301,2579,"AXXC[A[0,0],X[0,0|1,0],X[1,1|2,1],C[1,2]]",216,1
AXXC,302,2580,"AXXC[A[0,0],X[0,0|1,0],X[1,1|2,1],C[2,0]]",216,1
AXXC,303,2581,"AXXC[A[0,0],X[0,0|1,0],X[1,1|2,1],C[2,1]]",216,1
AXXC,304,2582,"AXXC[A[0,0],X[0,0|1,0],X[1,1|2,1],C[2,2]]",216,1
AXXC,305,2592,"AXXC[A[0,0],X[0,0|1,0],X[1,2|0,0],C[0,0]]",108,2
AXXC,306,2593,"AXXC[A[0,0],X[0,0|1,0],X[1,2|0,0],C[0,1]]",216,1
AXXC,307,2595,"AXXC[A[0,0],X[0,0|1,0],X[1,2|0,0],C[1,0]]",108,2
AXXC,308,2596,"AXXC[A[0,0],X[0,0|1,0],X[1,2|0,0],C[1,1]]",216,1
AXXC,309,2598,"AXXC[A[0,0],X[0,0|1,0],X[1,2|0,0],C[2,0]]",108,2
AXXC,310,2599,"AXXC[A[0,0],X[0,0|1,0],X[1,2|0,0],C[2,1]]",216,1
AXXC,311,2601,"AXXC[A[0,0],X[0,0|1,0],X[1,2|0,1],C[0,0]]",216,1
AXXC,312,2602,"AXXC[A[0,0],X[0,0|1,0],X[1,2|0,1],C[0,1]]",216,1
AXXC,313,2603,"AXXC[A[0,0],X[0,0|1,0],X[1,2|0,1],C[0,2]]",216,1
AXXC,314,2604,"AXXC[A[0,0],X[0,0|1,0],X[1,2|0,1],C[1,0]]",216,1
AXXC,315,2605,"AXXC[A[0,0],X[0,0|1,0],X[1,2|0,1],C[1,1]]",216,1
AXXC,316,2606,"AXXC[A[0,0],X[0,0|1,0],X[1,2|0,1],C[1,2]]",216,1
AXXC,317,2607,"AXXC[A[0,0],X[0,0|1,0],X[1,2|0,1],C[2,0]]",216,1
AXXC,318,2608,"AXXC[A[0,0],X[0,0|1,0],X[1,2|0,1],C[2,1]]",216,1
AXXC,319,2609,"AXXC[A[0,0],X[0,0|1,0],X[1,2|0,1],C[2,2]]",216,1
AXXC,320,2619,"AXXC[A[0,0],X[0,0|1,0],X[1,2|1,0],C[0,0]]",108,2
AXXC,321,2620,"AXXC[A[0,0],X[0,0|1,0],X[1,2|1,0],C[0,1]]",216,1
AXXC,322,2622,"AXXC[A[0,0],X[0,0|1,0],X[1,2|1,0],C[1,0]]",108,2
AXXC,323,2623,"AXXC[A[0,0],X[0,0|1,0],X[1,2|1,0],C[1,1]]",216,1
AXXC,324,2625,"AXXC[A[0,0],X[0,0|1,0],X[1,2|1,0],C[2,0]]",108,2
AXXC,325,2626,"AXXC[A[0,0],X[0,0|1,0],X[1,2|1,0],C[2,1]]",216,1
AXXC,326,2628,"AXXC[A[0,0],X[0,0|1,0],X[1,2|1,1],C[0,0]]",216,1
AXXC,327,2629,"AXXC[A[0,0],X[0,0|1,0],X[1,2|1,1],C[0,1]]",216,1
AXXC,328,2630,"AXXC[A[0,0],X[0,0|1,0],X[1,2|1,1],C[0,2]]",216,1
AXXC,329,2631,"AXXC[A[0,0],X[0,0|1,0],X[1,2|1,1],C[1,0]]",216,1
AXXC,330,2632,"AXXC[A[0,0],X[0,0|1,0],X[1,2|1,1],C[1,1]]",216,1
AXXC,331,2633,"AXXC[A[0,0],X[0,0|1,0],X[1,2|1,1],C[1,2]]",216,1
AXXC,332,2634,"AXXC[A[0,0],X[0,0|1,0],X[1,2|1,1],C[2,0]]",216,1
AXXC,333,2635,"AXXC[A[0,0],X[0,0|1,0],X[1,2|1,1],C[2,1]]",216,1
AXXC,334,2636,"AXXC[A[0,0],X[0,0|1,0],X[1,2|1,1],C[2,2]]",216,1
AXXC,335,2646,"AXXC[A[0,0],X[0,0|1,0],X[1,2|2,0],C[0,0]]",108,2
AXXC,336,2647,"AXXC[A[0,0],X[0,0|1,0],X[1,2|2,0],C[0,1]]",216,1
AXXC,337,2649,"AXXC[A[0,0],X[0,0|1,0],X[1,2|2,0],C[1,0]]",108,2
AXXC,338,2650,"AXXC[A[0,0],X[0,0|1,0],X[1,2|2,0],C[1,1]]",216,1
AXXC,339,2652,"AXXC[A[0,0],X[0,0|1,0],X[1,2|2,0],C[2,0]]",108,2
AXXC,340,2653,"AXXC[A[0,0],X[0,0|1,0],X[1,2|2,0],C[2,1]]",216,1
AXXC,341,2655,"AXXC[A[0,0],X[0,0|1,0],X[1,2|2,1],C[0,0]]",216,1
AXXC,342,2656,"AXXC[A[0,0],X[0,0|1,0],X[1,2|2,1],C[0,1]]",216,1
AXXC,343,2657,"AXXC[A[0,0],X[0,0|1,0],X[1,2|2,1],C[0,2]]",216,1
AXXC,344,2658,"AXXC[A[0,0],X[0,0|1,0],X[1,2|2,1],C[1,0]]",216,1
AXXC,345,2659,"AXXC[A[0,0],X[0,0|1,0],X[1,2|2,1],C[1,1]]",216,1
AXXC,346,2660,"AXXC[A[0,0],X[0,0|1,0],X[1,2|2,1],C[1,2]]",216,1
AXXC,347,2661,"AXXC[A[0,0],X[0,0|1,0],X[1,2|2,1],C[2,0]]",216,1
AXXC,348,2662,"AXXC[A[0,0],X[0,0|1,0],X[1,2|2,1],C[2,1]]",216,1
AXXC,349,2663,"AXXC[A[0,0],X[0,0|1,0],X[1,2|2,1],C[2,2]]",216,1
AXXC,350,6561,"AXXC[A[0,0],X[0,1|0,0],X[0,0|0,0],C[0,0]]",54,4
AXXC,351,6562,"AXXC[A[0,0],X[0,1|0,0],X[0,0|0,0],C[0,1]]",108,2
AXXC,352,6564,"AXXC[A[0,0],X[0,1|0,0],X[0,0|0,0],C[1,0]]",108,2
AXXC,353,6565,"AXXC[A[0,0],X[0,1|0,0],X[0,0|0,0],C[1,1]]",216,1
AXXC,354,6570,"AXXC[A[0,0],X[0,1|0,0],X[0,0|0,1],C[0,0]]",108,2
AXXC,355,6571,"AXXC[A[0,0],X[0,1|0,0],X[0,0|0,1],C[0,1]]",108,2
AXXC,356,6572,"AXXC[A[0,0],X[0,1|0,0],X[0,0|0,1],C[0,2]]",108,2
AXXC,357,6573,"AXXC[A[0,0],X[0,1|0,0],X[0,0|0,1],C[1,0]]",216,1
AXXC,358,6574,"AXXC[A[0,0],X[0,1|0,0],X[0,0|0,1],C[1,1]]",216,1
AXXC,359,6575,"AXXC[A[0,0],X[0,1|0,0],X[0,0|0,1],C[1,2]]",216,1
AXXC,360,6588,"AXXC[A[0,0],X[0,1|0,0],X[0,0|1,0],C[0,0]]",54,4
AXXC,361,6589,"AXXC[A[0,0],X[0,1|0,0],X[0,0|1,0],C[0,1]]",108,2
AXXC,362,6591,"AXXC[A[0,0],X[0,1|0,0],X[0,0|1,0],C[1,0]]",108,2
AXXC,363,6592,"AXXC[A[0,0],X[0,1|0,0],X[0,0|1,0],C[1,1]]",216,1
AXXC,364,6597,"AXXC[A[0,0],X[0,1|0,0],X[0,0|1,1],C[0,0]]",108,2
AXXC,365,6598,"AXXC[A[0,0],X[0,1|0,0],X[0,0|1,1],C[0,1]]",108,2
AXXC,366,6599,"AXXC[A[0,0],X[0,1|0,0],X[0,0|1,1],C[0,2]]",108,2
AXXC,367,6600,"AXXC[A[0,0],X[0,1|0,0],X[0,0|1,1],C[1,0]]",216,1
AXXC,368,6601,"AXXC[A[0,0],X[0,1|0,0],X[0,0|1,1],C[1,1]]",216,1
AXXC,369,6602,"AXXC[A[0,0],X[0,1|0,0],X[0,0|1,1],C[1,2]]",216,1
AXXC,370,6615,"AXXC[A[0,0],X[0,1|0,0],X[0,0|2,0],C[0,0]]",54,4
AXXC,371,6616,"AXXC[A[0,0],X[0,1|0,0],X[0,0|2,0],C[0,1]]",108,2
AXXC,372,6618,"AXXC[A[0,0],X[0,1|0,0],X[0,0|2,0],C[1,0]]",108,2
AXXC,373,6619,"AXXC[A[0,0],X[0,1|0,0],X[0,0|2,0],C[1,1]]",216,1
AXXC,374,6624,"AXXC[A[0,0],X[0,1|0,0],X[0,0|2,1],C[0,0]]",108,2
AXXC,375,6625,"AXXC[A[0,0],X[0,1|0,0],X[0,0|2,1],C[0,1]]",108,2
AXXC,376,6626,"AXXC[A[0,0],X[0,1|0,0],X[0,0|2,1],C[0,2]]",108,2
AXXC,377,6627,"AXXC[A[0,0],X[0,1|0,0],X[0,0|2,1],C[1,0]]",216,1
AXXC,378,6628,"AXXC[A[0,0],X[0,1|0,0],X[0,0|2,1],C[1,1]]",216,1
AXXC,379,6629,"AXXC[A[0,0],X[0,1|0,0],X[0,0|2,1],C[1,2]]",216,1
AXXC,380,6642,"AXXC[A[0,0],X[0,1|0,0],X[0,1|0,0],C[0,0]]",54,4
AXXC,381,6643,"AXXC[A[0,0],X[0,1|0,0],X[0,1|0,0],C[0,1]]",108,2
AXXC,382,6645,"AXXC[A[0,0],X[0,1|0,0],X[0,1|0,0],C[1,0]]",108,2
AXXC,383,6646,"AXXC[A[0,0],X[0,1|0,0],X[0,1|0,0],C[1,1]]",216,1
AXXC,384,6651,"AXXC[A[0,0],X[0,1|0,0],X[0,1|0,1],C[0,0]]",108,2
AXXC,385,6652,"AXXC[A[0,0],X[0,1|0,0],X[0,1|0,1],C[0,1]]",108,2
AXXC,386,6653,"AXXC[A[0,0],X[0,1|0,0],X[0,1|0,1],C[0,2]]",108,2
AXXC,387,6654,"AXXC[A[0,0],X[0,1|0,0],X[0,1|0,1],C[1,0]]",216,1
AXXC,388,6655,"AXXC[A[0,0],X[0,1|0,0],X[0,1|0,1],C[1,1]]",216,1
AXXC,389,6656,"AXXC[A[0,0],X[0,1|0,0],X[0,1|0,1],C[1,2]]",216,1
AXXC,390,6669,"AXXC[A[0,0],X[0,1|0,0],X[0,1|1,0],C[0,0]]",54,4
AXXC,391,6670,"AXXC[A[0,0],X[0,1|0,0],X[0,1|1,0],C[0,1]]",108,2
AXXC,392,6672,"AXXC[A[0,0],X[0,1|0,0],X[0,1|1,0],C[1,0]]",108,2
AXXC,393,6673,"AXXC[A[0,0],X[0,1|0,0],X[0,1|1,0],C[1,1]]",216,1
AXXC,394,6678,"AXXC[A[0,0],X[0,1|0,0],X[0,1|1,1],C[0,0]]",108,2
AXXC,395,6679,"AXXC[A[0,0],X[0,1|0,0],X[0,1|1,1],C[0,1]]",108,2
AXXC,396,6680,"AXXC[A[0,0],X[0,1|0,0],X[0,1|1,1],C[0,2]]",108,2
AXXC,397,6681,"AXXC[A[0,0],X[0,1|0,0],X[0,1|1,1],C[1,0]]",216,1
AXXC,398,6682,"AXXC[A[0,0],X[0,1|0,0],X[0,1|1,1],C[1,1]]",216,1
AXXC,399,6683,"AXXC[A[0,0],X[0,1|0,0],X[0,1|1,1],C[1,2]]",216,1
AXXC,400,6696,"AXXC[A[0,0],X[0,1|0,0],X[0,1|2,0],C[0,0]]",54,4
AXXC,401,6697,"AXXC[A[0,0],X[0,1|0,0],X[0,1|2,0],C[0,1]]",108,2
AXXC,402,6699,"AXXC[A[0,0],X[0,1|0,0],X[0,1|2,0],C[1,0]]",108,2
AXXC,403,6700,"AXXC[A[0,0],X[0,1|0,0],X[0,1|2,0],C[1,1]]",216,1
AXXC,404,6705,"AXXC[A[0,0],X[0,1|0,0],X[0,1|2,1],C[0,0]]",108,2
AXXC,405,6706,"AXXC[A[0,0],X[0,1|0,0],X[0,1|2,1],C[0,1]]",108,2
AXXC,406,6707,"AXXC[A[0,0],X[0,1|0,0],X[0,1|2,1],C[0,2]]",108,2
AXXC,407,6708,"AXXC[A[0,0],X[0,1|0,0],X[0,1|2,1],C[1,0]]",216,1
AXXC,408,6709,"AXXC[A[0,0],X[0,1|0,0],X[0,1|2,1],C[1,1]]",216,1
AXXC,409,6710,"AXXC[A[0,0],X[0,1|0,0],X[0,1|2,1],C[1,2]]",216,1
AXXC,410,6723,"AXXC[A[0,0],X[0,1|0,0],X[0,2|0,0],C[0,0]]",54,4
AXXC,411,6724,"AXXC[A[0,0],X[0,1|0,0],X[0,2|0,0],C[0,1]]",108,2
AXXC,412,6726,"AXXC[A[0,0],X[0,1|0,0],X[0,2|0,0],C[1,0]]",108,2
AXXC,413,6727,"AXXC[A[0,0],X[0,1|0,0],X[0,2|0,0],C[1,1]]",216,1
AXXC,414,6732,"AXXC[A[0,0],X[0,1|0,0],X[0,2|0,1],C[0,0]]",108,2
AXXC,415,6733,"AXXC[A[0,0],X[0,1|0,0],X[0,2|0,1],C[0,1]]",108,2
AXXC,416,6734,"AXXC[A[0,0],X[0,1|0,0],X[0,2|0,1],C[0,2]]",108,2
AXXC,417,6735,"AXXC[A[0,0],X[0,1|0,0],X[0,2|0,1],C[1,0]]",216,1
AXXC,418,6736,"AXXC[A[0,0],X[0,1|0,0],X[0,2|0,1],C[1,1]]",216,1
AXXC,419,6737,"AXXC[A[0,0],X[0,1|0,0],X[0,2|0,1],C[1,2]]",216,1
AXXC,420,6750,"AXXC[A[0,0],X[0,1|0,0],X[0,2|1,0],C[0,0]]",54,4
AXXC,421,6751,"AXXC[A[0,0],X[0,1|0,0],X[0,2|1,0],C[0,1]]",108,2
AXXC,422,6753,"AXXC[A[0,0],X[0,1|0,0],X[0,2|1,0],C[1,0]]",108,2
AXXC,423,6754,"AXXC[A[0,0],X[0,1|0,0],X[0,2|1,0],C[1,1]]",216,1
AXXC,424,6759,"AXXC[A[0,0],X[0,1|0,0],X[0,2|1,1],C[0,0]]",108,2
AXXC,425,6760,"AXXC[A[0,0],X[0,1|0,0],X[0,2|1,1],C[0,1]]",108,2
AXXC,426,6761,"AXXC[A[0,0],X[0,1|0,0],X[0,2|1,1],C[0,2]]",108,2
AXXC,427,6762,"AXXC[A[0,0],X[0,1|0,0],X[0,2|1,1],C[1,0]]",216,1
AXXC,428,6763,"AXXC[A[0,0],X[0,1|0,0],X[0,2|1,1],C[1,1]]",216,1
AXXC,429,6764,"AXXC[A[0,0],X[0,1|0,0],X[0,2|1,1],C[1,2]]",216,1
AXXC,430,6777,"AXXC[A[0,0],X[0,1|0,0],X[0,2|2,0],C[0,0]]",54,4
AXXC,431,6778,"AXXC[A[0,0],X[0,1|0,0],X[0,2|2,0],C[0,1]]",108,2
AXXC,432,6780,"AXXC[A[0,0],X[0,1|0,0],X[0,2|2,0],C[1,0]]",108,2
AXXC,433,6781,"AXXC[A[0,0],X[0,1|0,0],X[0,2|2,0],C[1,1]]",216,1
AXXC,434,6786,"AXXC[A[0,0],X[0,1|0,0],X[0,2|2,1],C[0,0]]",108,2
AXXC,435,6787,"AXXC[A[0,0],X[0,1|0,0],X[0,2|2,1],C[0,1]]",108,2
AXXC,436,6788,"AXXC[A[0,0],X[0,1|0,0],X[0,2|2,1],C[0,2]]",108,2
AXXC,437,6789,"AXXC[A[0,0],X[0,1|0,0],X[0,2|2,1],C[1,0]]",216,1
AXXC,438,6790,"AXXC[A[0,0],X[0,1|0,0],X[0,2|2,1],C[1,1]]",216,1
AXXC,439,6791,"AXXC[A[0,0],X[0,1|0,0],X[0,2|2,1],C[1,2]]",216,1
AXXC,440,6804,"AXXC[A[0,0],X[0,1|0,0],X[1,0|0,0],C[0,0]]",108,2
AXXC,441,6805,"AXXC[A[0,0],X[0,1|0,0],X[1,0|0,0],C[0,1]]",216,1
AXXC,442,6807,"AXXC[A[0,0],X[0,1|0,0],X[1,0|0,0],C[1,0]]",108,2
AXXC,443,6808,"AXXC[A[0,0],X[0,1|0,0],X[1,0|0,0],C[1,1]]",216,1
AXXC,444,6810,"AXXC[A[0,0],X[0,1|0,0],X[1,0|0,0],C[2,0]]",108,2
AXXC,445,6811,"AXXC[A[0,0],X[0,1|0,0],X[1,0|0,0],C[2,1]]",216,1
AXXC,446,6813,"AXXC[A[0,0],X[0,1|0,0],X[1,0|0,1],C[0,0]]",216,1
AXXC,447,6814,"AXXC[A[0,0],X[0,1|0,0],X[1,0|0,1],C[0,1]]",216,1
AXXC,448,6815,"AXXC[A[0,0],X[0,1|0,0],X[1,0|0,1],C[0,2]]",216,1
AXXC,449,6816,"AXXC[A[0,0],X[0,1|0,0],X[1,0|0,1],C[1,0]]",216,1
AXXC,450,6817,"AXXC[A[0,0],X[0,1|0,0],X[1,0|0,1],C[1,1]]",216,1
AXXC,451,6818,"AXXC[A[0,0],X[0,1|0,0],X[1,0|0,1],C[1,2]]",216,1
AXXC,452,6819,"AXXC[A[0,0],X[0,1|0,0],X[1,0|0,1],C[2,0]]",216,1
AXXC,453,6820,"AXXC[A[0,0],X[0,1|0,0],X[1,0|0,1],C[2,1]]",216,1
AXXC,454,6821,"AXXC[A[0,0],X[0,1|0,0],X[1,0|0,1],C[2,2]]",216,1
AXXC,455,6831,"AXXC[A[0,0],X[0,1|0,0],X[1,0|1,0],C[0,0]]",108,2
AXXC,456,6832,"AXXC[A[0,0],X[0,1|0,0],X[1,0|1,0],C[0,1]]",216,1
AXXC,457,6834,"AXXC[A[0,0],X[0,1|0,0],X[1,0|1,0],C[1,0]]",108,2
AXXC,458,6835,"AXXC[A[0,0],X[0,1|0,0],X[1,0|1,0],C[1,1]]",216,1
AXXC,459,6837,"AXXC[A[0,0],X[0,1|0,0],X[1,0|1,0],C[2,0]]",108,2
AXXC,460,6838,"AXXC[A[0,0],X[0,1|0,0],X[1,0|1,0],C[2,1]]",216,1
AXXC,461,6840,"AXXC[A[0,0],X[0,1|0,0],X[1,0|1,1],C[0,0]]",216,1
AXXC,462,6841,"AXXC[A[0,0],X[0,1|0,0],X[1,0|1,1],C[0,1]]",216,1
AXXC,463,6842,"AXXC[A[0,0],X[0,1|0,0],X[1,0|1,1],C[0,2]]",216,1
AXXC,464,6843,"AXXC[A[0,0],X[0,1|0,0],X[1,0|1,1],C[1,0]]",216,1
AXXC,465,6844,"AXXC[A[0,0],X[0,1|0,0],X[1,0|1,1],C[1,1]]",216,1
AXXC,466,6845,"AXXC[A[0,0],X[0,1|0,0],X[1,0|1,1],C[1,2]]",216,1
AXXC,467,6846,"AXXC[A[0,0],X[0,1|0,0],X[1,0|1,1],C[2,0]]",216,1
AXXC,468,6847,"AXXC[A[0,0],X[0,1|0,0],X[1,0|1,1],C[2,1]]",216,1
AXXC,469,6848,"AXXC[A[0,0],X[0,1|0,0],X[1,0|1,1],C[2,2]]",216,1
AXXC,470,6858,"AXXC[A[0,0],X[0,1|0,0],X[1,0|2,0],C[0,0]]",108,2
AXXC,471,6859,"AXXC[A[0,0],X[0,1|0,0],X[1,0|2,0],C[0,1]]",216,1
AXXC,472,6861,"AXXC[A[0,0],X[0,1|0,0],X[1,0|2,0],C[1,0]]",108,2
AXXC,473,6862,"AXXC[A[0,0],X[0,1|0,0],X[1,0|2,0],C[1,1]]",216,1
AXXC,474,6864,"AXXC[A[0,0],X[0,1|0,0],X[1,0|2,0],C[2,0]]",108,2
AXXC,475,6865,"AXXC[A[0,0],X[0,1|0,0],X[1,0|2,0],C[2,1]]",216,1
AXXC,476,6867,"AXXC[A[0,0],X[0,1|0,0],X[1,0|2,1],C[0,0]]",216,1
AXXC,477,6868,"AXXC[A[0,0],X[0,1|0,0],X[1,0|2,1],C[0,1]]",216,1
AXXC,478,6869,"AXXC[A[0,0],X[0,1|0,0],X[1,0|2,1],C[0,2]]",216,1
AXXC,479,6870,"AXXC[A[0,0],X[0,1|0,0],X[1,0|2,1],C[1,0]]",216,1
AXXC,480,6871,"AXXC[A[0,0],X[0,1|0,0],X[1,0|2,1],C[1,1]]",216,1
AXXC,481,6872,"AXXC[A[0,0],X[0,1|0,0],X[1,0|2,1],C[1,2]]",216,1
AXXC,482,6873,"AXXC[A[0,0],X[0,1|0,0],X[1,0|2,1],C[2,0]]",216,1
AXXC,483,6874,"AXXC[A[0,0],X[0,1|0,0],X[1,0|2,1],C[2,1]]",216,1
AXXC,484,6875,"AXXC[A[0,0],X[0,1|0,0],X[1,0|2,1],C[2,2]]",216,1
AXXC,485,6885,"AXXC[A[0,0],X[0,1|0,0],X[1,1|0,0],C[0,0]]",108,2
AXXC,486,6886,"AXXC[A[0,0],X[0,1|0,0],X[1,1|0,0],C[0,1]]",216,1
AXXC,487,6888,"AXXC[A[0,0],X[0,1|0,0],X[1,1|0,0],C[1,0]]",108,2
AXXC,488,6889,"AXXC[A[0,0],X[0,1|0,0],X[1,1|0,0],C[1,1]]",216,1
AXXC,489,6891,"AXXC[A[0,0],X[0,1|0,0],X[1,1|0,0],C[2,0]]",108,2
AXXC,490,6892,"AXXC[A[0,0],X[0,1|0,0],X[1,1|0,0],C[2,1]]",216,1
AXXC,491,6894,"AXXC[A[0,0],X[0,1|0,0],X[1,1|0,1],C[0,0]]",216,1
AXXC,492,6895,"AXXC[A[0,0],X[0,1|0,0],X[1,1|0,1],C[0,1]]",216,1
AXXC,493,6896,"AXXC[A[0,0],X[0,1|0,0],X[1,1|0,1],C[0,2]]",216,1
AXXC,494,6897,"AXXC[A[0,0],X[0,1|0,0],X[1,1|0,1],C[1,0]]",216,1
AXXC,495,6898,"AXXC[A[0,0],X[0,1|0,0],X[1,1|0,1],C[1,1]]",216,1
AXXC,496,6899,"AXXC[A[0,0],X[0,1|0,0],X[1,1|0,1],C[1,2]]",216,1
AXXC,497,6900,"AXXC[A[0,0],X[0,1|0,0],X[1,1|0,1],C[2,0]]",216,1
AXXC,498,6901,"AXXC[A[0,0],X[0,1|0,0],X[1,1|0,1],C[2,1]]",216,1
AXXC,499,6902,"AXXC[A[0,0],X[0,1|0,0],X[1,1|0,1],C[2,2]]",216,1
AXXC,500,6912,"AXXC[A[0,0],X[0,1|0,0],X[1,1|1,0],C[0,0]]",108,2
AXXC,501,6913,"AXXC[A[0,0],X[0,1|0,0],X[1,1|1,0],C[0,1]]",216,1
AXXC,502,6915,"AXXC[A[0,0],X[0,1|0,0],X[1,1|1,0],C[1,0]]",108,2
AXXC,503,6916,"AXXC[A[0,0],X[0,1|0,0],X[1,1|1,0],C[1,1]]",216,1
AXXC,504,6918,"AXXC[A[0,0],X[0,1|0,0],X[1,1|1,0],C[2,0]]",108,2
AXXC,505,6919,"AXXC[A[0,0],X[0,1|0,0],X[1,1|1,0],C[2,1]]",216,1
AXXC,506,6921,"AXXC[A[0,0],X[0,1|0,0],X[1,1|1,1],C[0,0]]",216,1
AXXC,507,6922,"AXXC[A[0,0],X[0,1|0,0],X[1,1|1,1],C[0,1]]",216,1
AXXC,508,6923,"AXXC[A[0,0],X[0,1|0,0],X[1,1|1,1],C[0,2]]",216,1
AXXC,509,6924,"AXXC[A[0,0],X[0,1|0,0],X[1,1|1,1],C[1,0]]",216,1
AXXC,510,6925,"AXXC[A[0,0],X[0,1|0,0],X[1,1|1,1],C[1,1]]",216,1
AXXC,511,6926,"AXXC[A[0,0],X[0,1|0,0],X[1,1|1,1],C[1,2]]",216,1
AXXC,512,6927,"AXXC[A[0,0],X[0,1|0,0],X[1,1|1,1],C[2,0]]",216,1
AXXC,513,6928,"AXXC[A[0,0],X[0,1|0,0],X[1,1|1,1],C[2,1]]",216,1
AXXC,514,6929,"AXXC[A[0,0],X[0,1|0,0],X[1,1|1,1],C[2,2]]",216,1
AXXC,515,6939,"AXXC[A[0,0],X[0,1|0,0],X[1,1|2,0],C[0,0]]",108,2
AXXC,516,6940,"AXXC[A[0,0],X[0,1|0,0],X[1,1|2,0],C[0,1]]",216,1
AXXC,517,6942,"AXXC[A[0,0],X[0,1|0,0],X[1,1|2,0],C[1,0]]",108,2
AXXC,518,6943,"AXXC[A[0,0],X[0,1|0,0],X[1,1|2,0],C[1,1]]",216,1
AXXC,519,6945,"AXXC[A[0,0],X[0,1|0,0],X[1,1|2,0],C[2,0]]",108,2
AXXC,520,6946,"AXXC[A[0,0],X[0,1|0,0],X[1,1|2,0],C[2,1]]",216,1
AXXC,521,6948,"AXXC[A[0,0],X[0,1|0,0],X[1,1|2,1],C[0,0]]",216,1
AXXC,522,6949,"AXXC[A[0,0],X[0,1|0,0],X[1,1|2,1],C[0,1]]",216,1
AXXC,523,6950,"AXXC[A[0,0],X[0,1|0,0],X[1,1|2,1],C[0,2]]",216,1
AXXC,524,6951,"AXXC[A[0,0],X[0,1|0,0],X[1,1|2,1],C[1,0]]",216,1
AXXC,525,6952,"AXXC[A[0,0],X[0,1|0,0],X[1,1|2,1],C[1,1]]",216,1
AXXC,526,6953,"AXXC[A[0,0],X[0,1|0,0],X[1,1|2,1],C[1,2]]",216,1
AXXC,527,6954,"AXXC[A[0,0],X[0,1|0,0],X[1,1|2,1],C[2,0]]",216,1
AXXC,528,6955,"AXXC[A[0,0],X[0,1|0,0],X[1,1|2,1],C[2,1]]",216,1
AXXC,529,6956,"AXXC[A[0,0],X[0,1|0,0],X[1,1|2,1],C[2,2]]",216,1
AXXC,530,6966,"AXXC[A[0,0],X[0,1|0,0],X[1,2|0,0],C[0,0]]",108,2
AXXC,531,6967,"AXXC[A[0,0],X[0,1|0,0],X[1,2|0,0],C[0,1]]",216,1
AXXC,532,6969,"AXXC[A[0,0],X[0,1|0,0],X[1,2|0,0],C[1,0]]",108,2
AXXC,533,6970,"AXXC[A[0,0],X[0,1|0,0],X[1,2|0,0],C[1,1]]",216,1
AXXC,534,6972,"AXXC[A[0,0],X[0,1|0,0],X[1,2|0,0],C[2,0]]",108,2
AXXC,535,6973,"AXXC[A[0,0],X[0,1|0,0],X[1,2|0,0],C[2,1]]",216,1
AXXC,536,6975,"AXXC[A[0,0],X[0,1|0,0],X[1,2|0,1],C[0,0]]",216,1
AXXC,537,6976,"AXXC[A[0,0],X[0,1|0,0],X[1,2|0,1],C[0,1]]",216,1
AXXC,538,6977,"AXXC[A[0,0],X[0,1|0,0],X[1,2|0,1],C[0,2]]",216,1
AXXC,539,6978,"AXXC[A[0,0],X[0,1|0,0],X[1,2|0,1],C[1,0]]",216,1
AXXC,540,6979,"AXXC[A[0,0],X[0,1|0,0],X[1,2|0,1],C[1,1]]",216,1
AXXC,541,6980,"AXXC[A[0,0],X[0,1|0,0],X[1,2|0,1],C[1,2]]",216,1
AXXC,542,6981,"AXXC[A[0,0],X[0,1|0,0],X[1,2|0,1],C[2,0]]",216,1
AXXC,543,6982,"AXXC[A[0,0],X[0,1|0,0],X[1,2|0,1],C[2,1]]",216,1
AXXC,544,6983,"AXXC[A[0,0],X[0,1|0,0],X[1,2|0,1],C[2,2]]",216,1
AXXC,545,6993,"AXXC[A[0,0],X[0,1|0,0],X[1,2|1,0],C[0,0]]",108,2
AXXC,546,6994,"AXXC[A[0,0],X[0,1|0,0],X[1,2|1,0],C[0,1]]",216,1
AXXC,547,6996,"AXXC[A[0,0],X[0,1|0,0],X[1,2|1,0],C[1,0]]",108,2
AXXC,548,6997,"AXXC[A[0,0],X[0,1|0,0],X[1,2|1,0],C[1,1]]",216,1
AXXC,549,6999,"AXXC[A[0,0],X[0,1|0,0],X[1,2|1,0],C[2,0]]",108,2
AXXC,550,7000,"AXXC[A[0,0],X[0,1|0,0],X[1,2|1,0],C[2,1]]",216,1
AXXC,551,7002,"AXXC[A[0,0],X[0,1|0,0],X[1,2|1,1],C[0,0]]",216,1
AXXC,552,7003,"AXXC[A[0,0],X[0,1|0,0],X[1,2|1,1],C[0,1]]",216,1
AXXC,553,7004,"AXXC[A[0,0],X[0,1|0,0],X[1,2|1,1],C[0,2]]",216,1
AXXC,554,7005,"AXXC[A[0,0],X[0,1|0,0],X[1,2|1,1],C[1,0]]",216,1
AXXC,555,7006,"AXXC[A[0,0],X[0,1|0,0],X[1,2|1,1],C[1,1]]",216,1
AXXC,556,7007,"AXXC[A[0,0],X[0,1|0,0],X[1,2|1,1],C[1,2]]",216,1
AXXC,557,7008,"AXXC[A[0,0],X[0,1|0,0],X[1,2|1,1],C[2,0]]",216,1
AXXC,558,7009,"AXXC[A[0,0],X[0,1|0,0],X[1,2|1,1],C[2,1]]",216,1
AXXC,559,7010,"AXXC[A[0,0],X[0,1|0,0],X[1,2|1,1],C[2,2]]",216,1
AXXC,560,7020,"AXXC[A[0,0],X[0,1|0,0],X[1,2|2,0],C[0,0]]",108,2
AXXC,561,7021,"AXXC[A[0,0],X[0,1|0,0],X[1,2|2,0],C[0,1]]",216,1
AXXC,562,7023,"AXXC[A[0,0],X[0,1|0,0],X[1,2|2,0],C[1,0]]",108,2
AXXC,563,7024,"AXXC[A[0,0],X[0,1|0,0],X[1,2|2,0],C[1,1]]",216,1
AXXC,564,7026,"AXXC[A[0,0],X[0,1|0,0],X[1,2|2,0],C[2,0]]",108,2
AXXC,565,7027,"AXXC[A[0,0],X[0,1|0,0],X[1,2|2,0],C[2,1]]",216,1
AXXC,566,7029,"AXXC[A[0,0],X[0,1|0,0],X[1,2|2,1],C[0,0]]",216,1
AXXC,567,7030,"AXXC[A[0,0],X[0,1|0,0],X[1,2|2,1],C[0,1]]",216,1
AXXC,568,7031,"AXXC[A[0,0],X[0,1|0,0],X[1,2|2,1],C[0,2]]",216,1
AXXC,569,7032,"AXXC[A[0,0],X[0,1|0,0],X[1,2|2,1],C[1,0]]",216,1
AXXC,570,7033,"AXXC[A[0,0],X[0,1|0,0],X[1,2|2,1],C[1,1]]",216,1
AXXC,571,7034,"AXXC[A[0,0],X[0,1|0,0],X[1,2|2,1],C[1,2]]",216,1
AXXC,572,7035,"AXXC[A[0,0],X[0,1|0,0],X[1,2|2,1],C[2,0]]",216,1
AXXC,573,7036,"AXXC[A[0,0],X[0,1|0,0],X[1,2|2,1],C[2,1]]",216,1
AXXC,574,7037,"AXXC[A[0,0],X[0,1|0,0],X[1,2|2,1],C[2,2]]",216,1
AXXC,575,8748,"AXXC[A[0,0],X[0,1|1,0],X[0,0|0,0],C[0,0]]",54,4
AXXC,576,8749,"AXXC[A[0,0],X[0,1|1,0],X[0,0|0,0],C[0,1]]",108,2
AXXC,577,8751,"AXXC[A[0,0],X[0,1|1,0],X[0,0|0,0],C[1,0]]",108,2
AXXC,578,8752,"AXXC[A[0,0],X[0,1|1,0],X[0,0|0,0],C[1,1]]",216,1
AXXC,579,8757,"AXXC[A[0,0],X[0,1|1,0],X[0,0|0,1],C[0,0]]",108,2
AXXC,580,8758,"AXXC[A[0,0],X[0,1|1,0],X[0,0|0,1],C[0,1]]",108,2
AXXC,581,8759,"AXXC[A[0,0],X[0,1|1,0],X[0,0|0,1],C[0,2]]",108,2
AXXC,582,8760,"AXXC[A[0,0],X[0,1|1,0],X[0,0|0,1],C[1,0]]",216,1
AXXC,583,8761,"AXXC[A[0,0],X[0,1|1,0],X[0,0|0,1],C[1,1]]",216,1
AXXC,584,8762,"AXXC[A[0,0],X[0,1|1,0],X[0,0|0,1],C[1,2]]",216,1
AXXC,585,8775,"AXXC[A[0,0],X[0,1|1,0],X[0,0|1,0],C[0,0]]",54,4
AXXC,586,8776,"AXXC[A[0,0],X[0,1|1,0],X[0,0|1,0],C[0,1]]",108,2
AXXC,587,8778,"AXXC[A[0,0],X[0,1|1,0],X[0,0|1,0],C[1,0]]",108,2
AXXC,588,8779,"AXXC[A[0,0],X[0,1|1,0],X[0,0|1,0],C[1,1]]",216,1
AXXC,589,8784,"AXXC[A[0,0],X[0,1|1,0],X[0,0|1,1],C[0,0]]",108,2
AXXC,590,8785,"AXXC[A[0,0],X[0,1|1,0],X[0,0|1,1],C[0,1]]",108,2
AXXC,591,8786,"AXXC[A[0,0],X[0,1|1,0],X[0,0|1,1],C[0,2]]",108,2
AXXC,592,8787,"AXXC[A[0,0],X[0,1|1,0],X[0,0|1,1],C[1,0]]",216,1
AXXC,593,8788,"AXXC[A[0,0],X[0,1|1,0],X[0,0|1,1],C[1,1]]",216,1
AXXC,594,8789,"AXXC[A[0,0],X[0,1|1,0],X[0,0|1,1],C[1,2]]",216,1
AXXC,595,8802,"AXXC[A[0,0],X[0,1|1,0],X[0,0|2,0],C[0,0]]",54,4
AXXC,596,8803,"AXXC[A[0,0],X[0,1|1,0],X[0,0|2,0],C[0,1]]",108,2
AXXC,597,8805,"AXXC[A[0,0],X[0,1|1,0],X[0,0|2,0],C[1,0]]",108,2
AXXC,598,8806,"AXXC[A[0,0],X[0,1|1,0],X[0,0|2,0],C[1,1]]",216,1
AXXC,599,8811,"AXXC[A[0,0],X[0,1|1,0],X[0,0|2,1],C[0,0]]",108,2
AXXC,600,8812,"AXXC[A[0,0],X[0,1|1,0],X[0,0|2,1],C[0,1]]",108,2
AXXC,601,8813,"AXXC[A[0,0],X[0,1|1,0],X[0,0|2,1],C[0,2]]",108,2
AXXC,602,8814,"AXXC[A[0,0],X[0,1|1,0],X[0,0|2,1],C[1,0]]",216,1
AXXC,603,8815,"AXXC[A[0,0],X[0,1|1,0],X[0,0|2,1],C[1,1]]",216,1
AXXC,604,8816,"AXXC[A[0,0],X[0,1|1,0],X[0,0|2,1],C[1,2]]",216,1
AXXC,605,8829,"AXXC[A[0,0],X[0,1|1,0],X[0,1|0,0],C[0,0]]",54,4
AXXC,606,8830,"AXXC[A[0,0],X[0,1|1,0],X[0,1|0,0],C[0,1]]",108,2
AXXC,607,8832,"AXXC[A[0,0],X[0,1|1,0],X[0,1|0,0],C[1,0]]",108,2
AXXC,608,8833,"AXXC[A[0,0],X[0,1|1,0],X[0,1|0,0],C[1,1]]",216,1
AXXC,609,8838,"AXXC[A[0,0],X[0,1|1,0],X[0,1|0,1],C[0,0]]",108,2
AXXC,610,8839,"AXXC[A[0,0],X[0,1|1,0],X[0,1|0,1],C[0,1]]",108,2
AXXC,611,8840,"AXXC[A[0,0],X[0,1|1,0],X[0,1|0,1],C[0,2]]",108,2
AXXC,612,8841,"AXXC[A[0,0],X[0,1|1,0],X[0,1|0,1],C[1,0]]",216,1
AXXC,613,8842,"AXXC[A[0,0],X[0,1|1,0],X[0,1|0,1],C[1,1]]",216,1
AXXC,614,8843,"AXXC[A[0,0],X[0,1|1,0],X[0,1|0,1],C[1,2]]",216,1
AXXC,615,8856,"AXXC[A[0,0],X[0,1|1,0],X[0,1|1,0],C[0,0]]",54,4
AXXC,616,8857,"AXXC[A[0,0],X[0,1|1,0],X[0,1|1,0],C[0,1]]",108,2
AXXC,617,8859,"AXXC[A[0,0],X[0,1|1,0],X[0,1|1,0],C[1,0]]",108,2
AXXC,618,8860,"AXXC[A[0,0],X[0,1|1,0],X[0,1|1,0],C[1,1]]",216,1
AXXC,619,8865,"AXXC[A[0,0],X[0,1|1,0],X[0,1|1,1],C[0,0]]",108,2
AXXC,620,8866,"AXXC[A[0,0],X[0,1|1,0],X[0,1|1,1],C[0,1]]",108,2
AXXC,621,8867,"AXXC[A[0,0],X[0,1|1,0],X[0,1|1,1],C[0,2]]",108,2
AXXC,622,8868,"AXXC[A[0,0],X[0,1|1,0],X[0,1|1,1],C[1,0]]",216,1
AXXC,623,8869,"AXXC[A[0,0],X[0,1|1,0],X[0,1|1,1],C[1,1]]",216,1
AXXC,624,8870,"AXXC[A[0,0],X[0,1|1,0],X[0,1|1,1],C[1,2]]",216,1
AXXC,625,8883,"AXXC[A[0,0],X[0,1|1,0],X[0,1|2,0],C[0,0]]",54,4
AXXC,626,8884,"AXXC[A[0,0],X[0,1|1,0],X[0,1|2,0],C[0,1]]",108,2
AXXC,627,8886,"AXXC[A[0,0],X[0,1|1,0],X[0,1|2,0],C[1,0]]",108,2
AXXC,628,8887,"AXXC[A[0,0],X[0,1|1,0],X[0,1|2,0],C[1,1]]",216,1
AXXC,629,8892,"AXXC[A[0,0],X[0,1|1,0],X[0,1|2,1],C[0,0]]",108,2
AXXC,630,8893,"AXXC[A[0,0],X[0,1|1,0],X[0,1|2,1],C[0,1]]",108,2
AXXC,631,8894,"AXXC[A[0,0],X[0,1|1,0],X[0,1|2,1],C[0,2]]",108,2
AXXC,632,8895,"AXXC[A[0,0],X[0,1|1,0],X[0,1|2,1],C[1,0]]",216,1
AXXC,633,8896,"AXXC[A[0,0],X[0,1|1,0],X[0,1|2,1],C[1,1]]",216,1
AXXC,634,8897,"AXXC[A[0,0],X[0,1|1,0],X[0,1|2,1],C[1,2]]",216,1
AXXC,635,8910,"AXXC[A[0,0],X[0,1|1,0],X[0,2|0,0],C[0,0]]",54,4
AXXC,636,8911,"AXXC[A[0,0],X[0,1|1,0],X[0,2|0,0],C[0,1]]",108,2
AXXC,637,8913,"AXXC[A[0,0],X[0,1|1,0],X[0,2|0,0],C[1,0]]",108,2
AXXC,638,8914,"AXXC[A[0,0],X[0,1|1,0],X[0,2|0,0],C[1,1]]",216,1
AXXC,639,8919,"AXXC[A[0,0],X[0,1|1,0],X[0,2|0,1],C[0,0]]",108,2
AXXC,640,8920,"AXXC[A[0,0],X[0,1|1,0],X[0,2|0,1],C[0,1]]",108,2
AXXC,641,8921,"AXXC[A[0,0],X[0,1|1,0],X[0,2|0,1],C[0,2]]",108,2
AXXC,642,8922,"AXXC[A[0,0],X[0,1|1,0],X[0,2|0,1],C[1,0]]",216,1
AXXC,643,8923,"AXXC[A[0,0],X[0,1|1,0],X[0,2|0,1],C[1,1]]",216,1
AXXC,644,8924,"AXXC[A[0,0],X[0,1|1,0],X[0,2|0,1],C[1,2]]",216,1
AXXC,645,8937,"AXXC[A[0,0],X[0,1|1,0],X[0,2|1,0],C[0,0]]",54,4
AXXC,646,8938,"AXXC[A[0,0],X[0,1|1,0],X[0,2|1,0],C[0,1]]",108,2
AXXC,647,8940,"AXXC[A[0,0],X[0,1|1,0],X[0,2|1,0],C[1,0]]",108,2
AXXC,648,8941,"AXXC[A[0,0],X[0,1|1,0],X[0,2|1,0],C[1,1]]",216,1
AXXC,649,8946,"AXXC[A[0,0],X[0,1|1,0],X[0,2|1,1],C[0,0]]",108,2
AXXC,650,8947,"AXXC[A[0,0],X[0,1|1,0],X[0,2|1,1],C[0,1]]",108,2
AXXC,651,8948,"AXXC[A[0,0],X[0,1|1,0],X[0,2|1,1],C[0,2]]",108,2
AXXC,652,8949,"AXXC[A[0,0],X[0,1|1,0],X[0,2|1,1],C[1,0]]",216,1
AXXC,653,8950,"AXXC[A[0,0],X[0,1|1,0],X[0,2|1,1],C[1,1]]",216,1
AXXC,654,8951,"AXXC[A[0,0],X[0,1|1,0],X[0,2|1,1],C[1,2]]",216,1
AXXC,655,8964,"AXXC[A[0,0],X[0,1|1,0],X[0,2|2,0],C[0,0]]",54,4
AXXC,656,8965,"AXXC[A[0,0],X[0,1|1,0],X[0,2|2,0],C[0,1]]",108,2
AXXC,657,8967,"AXXC[A[0,0],X[0,1|1,0],X[0,2|2,0],C[1,0]]",108,2
AXXC,658,8968,"AXXC[A[0,0],X[0,1|1,0],X[0,2|2,0],C[1,1]]",216,1
AXXC,659,8973,"AXXC[A[0,0],X[0,1|1,0],X[0,2|2,1],C[0,0]]",108,2
AXXC,660,8974,"AXXC[A[0,0],X[0,1|1,0],X[0,2|2,1],C[0,1]]",108,2
AXXC,661,8975,"AXXC[A[0,0],X[0,1|1,0],X[0,2|2,1],C[0,2]]",108,2
AXXC,662,8976,"AXXC[A[0,0],X[0,1|1,0],X[0,2|2,1],C[1,0]]",216,1
AXXC,663,8977,"AXXC[A[0,0],X[0,1|1,0],X[0,2|2,1],C[1,1]]",216,1
AXXC,664,8978,"AXXC[A[0,0],X[0,1|1,0],X[0,2|2,1],C[1,2]]",216,1
AXXC,665,8991,"AXXC[A[0,0],X[0,1|1,0],X[1,0|0,0],C[0,0]]",108,2
AXXC,666,8992,"AXXC[A[0,0],X[0,1|1,0],X[1,0|0,0],C[0,1]]",216,1
AXXC,667,8994,"AXXC[A[0,0],X[0,1|1,0],X[1,0|0,0],C[1,0]]",108,2
AXXC,668,8995,"AXXC[A[0,0],X[0,1|1,0],X[1,0|0,0],C[1,1]]",216,1
AXXC,669,8997,"AXXC[A[0,0],X[0,1|1,0],X[1,0|0,0],C[2,0]]",108,2
AXXC,670,8998,"AXXC[A[0,0],X[0,1|1,0],X[1,0|0,0],C[2,1]]",216,1
AXXC,671,9000,"AXXC[A[0,0],X[0,1|1,0],X[1,0|0,1],C[0,0]]",216,1
AXXC,672,9001,"AXXC[A[0,0],X[0,1|1,0],X[1,0|0,1],C[0,1]]",216,1
AXXC,673,9002,"AXXC[A[0,0],X[0,1|1,0],X[1,0|0,1],C[0,2]]",216,1
AXXC,674,9003,"AXXC[A[0,0],X[0,1|1,0],X[1,0|0,1],C[1,0]]",216,1
AXXC,675,9004,"AXXC[A[0,0],X[0,1|1,0],X[1,0|0,1],C[1,1]]",216,1
AXXC,676,9005,"AXXC[A[0,0],X[0,1|1,0],X[1,0|0,1],C[1,2]]",216,1
AXXC,677,9006,"AXXC[A[0,0],X[0,1|1,0],X[1,0|0,1],C[2,0]]",216,1
AXXC,678,9007,"AXXC[A[0,0],X[0,1|1,0],X[1,0|0,1],C[2,1]]",216,1
AXXC,679,9008,"AXXC[A[0,0],X[0,1|1,0],X[1,0|0,1],C[2,2]]",216,1
AXXC,680,9018,"AXXC[A[0,0],X[0,1|1,0],X[1,0|1,0],C[0,0]]",108,2
AXXC,681,9019,"AXXC[A[0,0],X[0,1|1,0],X[1,0|1,0],C[0,1]]",216,1
AXXC,682,9021,"AXXC[A[0,0],X[0,1|1,0],X[1,0|1,0],C[1,0]]",108,2
AXXC,683,9022,"AXXC[A[0,0],X[0,1|1,0],X[1,0|1,0],C[1,1]]",216,1
AXXC,684,9024,"AXXC[A[0,0],X[0,1|1,0],X[1,0|1,0],C[2,0]]",108,2
AXXC,685,9025,"AXXC[A[0,0],X[0,1|1,0],X[1,0|1,0],C[2,1]]",216,1
AXXC,686,9027,"AXXC[A[0,0],X[0,1|1,0],X[1,0|1,1],C[0,0]]",216,1
AXXC,687,9028,"AXXC[A[0,0],X[0,1|1,0],X[1,0|1,1],C[0,1]]",216,1
AXXC,688,9029,"AXXC[A[0,0],X[0,1|1,0],X[1,0|1,1],C[0,2]]",216,1
AXXC,689,9030,"AXXC[A[0,0],X[0,1|1,0],X[1,0|1,1],C[1,0]]",216,1
AXXC,690,9031,"AXXC[A[0,0],X[0,1|1,0],X[1,0|1,1],C[1,1]]",216,1
AXXC,691,9032,"AXXC[A[0,0],X[0,1|1,0],X[1,0|1,1],C[1,2]]",216,1
AXXC,692,9033,"AXXC[A[0,0],X[0,1|1,0],X[1,0|1,1],C[2,0]]",216,1
AXXC,693,9034,"AXXC[A[0,0],X[0,1|1,0],X[1,0|1,1],C[2,1]]",216,1
AXXC,694,9035,"AXXC[A[0,0],X[0,1|1,0],X[1,0|1,1],C[2,2]]",216,1
AXXC,695,9045,"AXXC[A[0,0],X[0,1|1,0],X[1,0|2,0],C[0,0]]",108,2
AXXC,696,9046,"AXXC[A[0,0],X[0,1|1,0],X[1,0|2,0],C[0,1]]",216,1
AXXC,697,9048,"AXXC[A[0,0],X[0,1|1,0],X[1,0|2,0],C[1,0]]",108,2
AXXC,698,9049,"AXXC[A[0,0],X[0,1|1,0],X[1,0|2,0],C[1,1]]",216,1
AXXC,699,9051,"AXXC[A[0,0],X[0,1|1,0],X[1,0|2,0],C[2,0]]",108,2
AXXC,700,9052,"AXXC[A[0,0],X[0,1|1,0],X[1,0|2,0],C[2,1]]",216,1
AXXC,701,9054,"AXXC[A[0,0],X[0,1|1,0],X[1,0|2,1],C[0,0]]",216,1
AXXC,702,9055,"AXXC[A[0,0],X[0,1|1,0],X[1,0|2,1],C[0,1]]",216,1
AXXC,703,9056,"AXXC[A[0,0],X[0,1|1,0],X[1,0|2,1],C[0,2]]",216,1
AXXC,704,9057,"AXXC[A[0,0],X[0,1|1,0],X[1,0|2,1],C[1,0]]",216,1
AXXC,705,9058,"AXXC[A[0,0],X[0,1|1,0],X[1,0|2,1],C[1,1]]",216,1
AXXC,706,9059,"AXXC[A[0,0],X[0,1|1,0],X[1,0|2,1],C[1,2]]",216,1
AXXC,707,9060,"AXXC[A[0,0],X[0,1|1,0],X[1,0|2,1],C[2,0]]",216,1
AXXC,708,9061,"AXXC[A[0,0],X[0,1|1,0],X[1,0|2,1],C[2,1]]",216,1
AXXC,709,9062,"AXXC[A[0,0],X[0,1|1,0],X[1,0|2,1],C[2,2]]",216,1
AXXC,710,9072,"AXXC[A[0,0],X[0,1|1,0],X[1,1|0,0],C[0,0]]",108,2
AXXC,711,9073,"AXXC[A[0,0],X[0,1|1,0],X[1,1|0,0],C[0,1]]",216,1
AXXC,712,9075,"AXXC[A[0,0],X[0,1|1,0],X[1,1|0,0],C[1,0]]",108,2
AXXC,713,9076,"AXXC[A[0,0],X[0,1|1,0],X[1,1|0,0],C[1,1]]",216,1
AXXC,714,9078,"AXXC[A[0,0],X[0,1|1,0],X[1,1|0,0],C[2,0]]",108,2
AXXC,715,9079,"AXXC[A[0,0],X[0,1|1,0],X[1,1|0,0],C[2,1]]",216,1
AXXC,716,9081,"AXXC[A[0,0],X[0,1|1,0],X[1,1|0,1],C[0,0]]",216,1
AXXC,717,9082,"AXXC[A[0,0],X[0,1|1,0],X[1,1|0,1],C[0,1]]",216,1
AXXC,718,9083,"AXXC[A[0,0],X[0,1|1,0],X[1,1|0,1],C[0,2]]",216,1
AXXC,719,9084,"AXXC[A[0,0],X[0,1|1,0],X[1,1|0,1],C[1,0]]",216,1
AXXC,720,9085,"AXXC[A[0,0],X[0,1|1,0],X[1,1|0,1],C[1,1]]",216,1
AXXC,721,9086,"AXXC[A[0,0],X[0,1|1,0],X[1,1|0,1],C[1,2]]",216,1
AXXC,722,9087,"AXXC[A[0,0],X[0,1|1,0],X[1,1|0,1],C[2,0]]",216,1
AXXC,723,9088,"AXXC[A[0,0],X[0,1|1,0],X[1,1|0,1],C[2,1]]",216,1
AXXC,724,9089,"AXXC[A[0,0],X[0,1|1,0],X[1,1|0,1],C[2,2]]",216,1
AXXC,725,9099,"AXXC[A[0,0],X[0,1|1,0],X[1,1|1,0],C[0,0]]",108,2
AXXC,726,9100,"AXXC[A[0,0],X[0,1|1,0],X[1,1|1,0],C[0,1]]",216,1
AXXC,727,9102,"AXXC[A[0,0],X[0,1|1,0],X[1,1|1,0],C[1,0]]",108,2
AXXC,728,9103,"AXXC[A[0,0],X[0,1|1,0],X[1,1|1,0],C[1,1]]",216,1
AXXC,729,9105,"AXXC[A[0,0],X[0,1|1,0],X[1,1|1,0],C[2,0]]",108,2
AXXC,730,9106,"AXXC[A[0,0],X[0,1|1,0],X[1,1|1,0],C[2,1]]",216,1
AXXC,731,9108,"AXXC[A[0,0],X[0,1|1,0],X[1,1|1,1],C[0,0]]",216,1
AXXC,732,9109,"AXXC[A[0,0],X[0,1|1,0],X[1,1|1,1],C[0,1]]",216,1
AXXC,733,9110,"AXXC[A[0,0],X[0,1|1,0],X[1,1|1,1],C[0,2]]",216,1
AXXC,734,9111,"AXXC[A[0,0],X[0,1|1,0],X[1,1|1,1],C[1,0]]",216,1
AXXC,735,9112,"AXXC[A[0,0],X[0,1|1,0],X[1,1|1,1],C[1,1]]",216,1
AXXC,736,9113,"AXXC[A[0,0],X[0,1|1,0],X[1,1|1,1],C[1,2]]",216,1
AXXC,737,9114,"AXXC[A[0,0],X[0,1|1,0],X[1,1|1,1],C[2,0]]",216,1
AXXC,738,9115,"AXXC[A[0,0],X[0,1|1,0],X[1,1|1,1],C[2,1]]",216,1
AXXC,739,9116,"AXXC[A[0,0],X[0,1|1,0],X[1,1|1,1],C[2,2]]",216,1
AXXC,740,9126,"AXXC[A[0,0],X[0,1|1,0],X[1,1|2,0],C[0,0]]",108,2
AXXC,741,9127,"AXXC[A[0,0],X[0,1|1,0],X[1,1|2,0],C[0,1]]",216,1
AXXC,742,9129,"AXXC[A[0,0],X[0,1|1,0],X[1,1|2,0],C[1,0]]",108,2
AXXC,743,9130,"AXXC[A[0,0],X[0,1|1,0],X[1,1|2,0],C[1,1]]",216,1
AXXC,744,9132,"AXXC[A[0,0],X[0,1|1,0],X[1,1|2,0],C[2,0]]",108,2
AXXC,745,9133,"AXXC[A[0,0],X[0,1|1,0],X[1,1|2,0],C[2,1]]",216,1
AXXC,746,9135,"AXXC[A[0,0],X[0,1|1,0],X[1,1|2,1],C[0,0]]",216,1
AXXC,747,9136,"AXXC[A[0,0],X[0,1|1,0],X[1,1|2,1],C[0,1]]",216,1
AXXC,748,9137,"AXXC[A[0,0],X[0,1|1,0],X[1,1|2,1],C[0,2]]",216,1
AXXC,749,9138,"AXXC[A[0,0],X[0,1|1,0],X[1,1|2,1],C[1,0]]",216,1
AXXC,750,9139,"AXXC[A[0,0],X[0,1|1,0],X[1,1|2,1],C[1,1]]",216,1
AXXC,751,9140,"AXXC[A[0,0],X[0,1|1,0],X[1,1|2,1],C[1,2]]",216,1
AXXC,752,9141,"AXXC[A[0,0],X[0,1|1,0],X[1,1|2,1],C[2,0]]",216,1
AXXC,753,9142,"AXXC[A[0,0],X[0,1|1,0],X[1,1|2,1],C[2,1]]",216,1
AXXC,754,9143,"AXXC[A[0,0],X[0,1|1,0],X[1,1|2,1],C[2,2]]",216,1
AXXC,755,9153,"AXXC[A[0,0],X[0,1|1,0],X[1,2|0,0],C[0,0]]",108,2
AXXC,756,9154,"AXXC[A[0,0],X[0,1|1,0],X[1,2|0,0],C[0,1]]",216,1
AXXC,757,9156,"AXXC[A[0,0],X[0,1|1,0],X[1,2|0,0],C[1,0]]",108,2
AXXC,758,9157,"AXXC[A[0,0],X[0,1|1,0],X[1,2|0,0],C[1,1]]",216,1
AXXC,759,9159,"AXXC[A[0,0],X[0,1|1,0],X[1,2|0,0],C[2,0]]",108,2
AXXC,760,9160,"AXXC[A[0,0],X[0,1|1,0],X[1,2|0,0],C[2,1]]",216,1
AXXC,761,9162,"AXXC[A[0,0],X[0,1|1,0],X[1,2|0,1],C[0,0]]",216,1
AXXC,762,9163,"AXXC[A[0,0],X[0,1|1,0],X[1,2|0,1],C[0,1]]",216,1
AXXC,763,9164,"AXXC[A[0,0],X[0,1|1,0],X[1,2|0,1],C[0,2]]",216,1
AXXC,764,9165,"AXXC[A[0,0],X[0,1|1,0],X[1,2|0,1],C[1,0]]",216,1
AXXC,765,9166,"AXXC[A[0,0],X[0,1|1,0],X[1,2|0,1],C[1,1]]",216,1
AXXC,766,9167,"AXXC[A[0,0],X[0,1|1,0],X[1,2|0,1],C[1,2]]",216,1
AXXC,767,9168,"AXXC[A[0,0],X[0,1|1,0],X[1,2|0,1],C[2,0]]",216,1
AXXC,768,9169,"AXXC[A[0,0],X[0,1|1,0],X[1,2|0,1],C[2,1]]",216,1
AXXC,769,9170,"AXXC[A[0,0],X[0,1|1,0],X[1,2|0,1],C[2,2]]",216,1
AXXC,770,9180,"AXXC[A[0,0],X[0,1|1,0],X[1,2|1,0],C[0,0]]",108,2
AXXC,771,9181,"AXXC[A[0,0],X[0,1|1,0],X[1,2|1,0],C[0,1]]",216,1
AXXC,772,9183,"AXXC[A[0,0],X[0,1|1,0],X[1,2|1,0],C[1,0]]",108,2
AXXC,773,9184,"AXXC[A[0,0],X[0,1|1,0],X[1,2|1,0],C[1,1]]",216,1
AXXC,774,9186,"AXXC[A[0,0],X[0,1|1,0],X[1,2|1,0],C[2,0]]",108,2
AXXC,775,9187,"AXXC[A[0,0],X[0,1|1,0],X[1,2|1,0],C[2,1]]",216,1
AXXC,776,9189,"AXXC[A[0,0],X[0,1|1,0],X[1,2|1,1],C[0,0]]",216,1
AXXC,777,9190,"AXXC[A[0,0],X[0,1|1,0],X[1,2|1,1],C[0,1]]",216,1
AXXC,778,9191,"AXXC[A[0,0],X[0,1|1,0],X[1,2|1,1],C[0,2]]",216,1
AXXC,779,9192,"AXXC[A[0,0],X[0,1|1,0],X[1,2|1,1],C[1,0]]",216,1
AXXC,780,9193,"AXXC[A[0,0],X[0,1|1,0],X[1,2|1,1],C[1,1]]",216,1
AXXC,781,9194,"AXXC[A[0,0],X[0,1|1,0],X[1,2|1,1],C[1,2]]",216,1
AXXC,782,9195,"AXXC[A[0,0],X[0,1|1,0],X[1,2|1,1],C[2,0]]",216,1
AXXC,783,9196,"AXXC[A[0,0],X[0,1|1,0],X[1,2|1,1],C[2,1]]",216,1
AXXC,784,9197,"AXXC[A[0,0],X[0,1|1,0],X[1,2|1,1],C[2,2]]",216,1
AXXC,785,9207,"AXXC[A[0,0],X[0,1|1,0],X[1,2|2,0],C[0,0]]",108,2
AXXC,786,9208,"AXXC[A[0,0],X[0,1|1,0],X[1,2|2,0],C[0,1]]",216,1
AXXC,787,9210,"AXXC[A[0,0],X[0,1|1,0],X[1,2|2,0],C[1,0]]",108,2
AXXC,788,9211,"AXXC[A[0,0],X[0,1|1,0],X[1,2|2,0],C[1,1]]",216,1
AXXC,789,9213,"AXXC[A[0,0],X[0,1|1,0],X[1,2|2,0],C[2,0]]",108,2
AXXC,790,9214,"AXXC[A[0,0],X[0,1|1,0],X[1,2|2,0],C[2,1]]",216,1
AXXC,791,9216,"AXXC[A[0,0],X[0,1|1,0],X[1,2|2,1],C[0,0]]",216,1
AXXC,792,9217,"AXXC[A[0,0],X[0,1|1,0],X[1,2|2,1],C[0,1]]",216,1
AXXC,793,9218,"AXXC[A[0,0],X[0,1|1,0],X[1,2|2,1],C[0,2]]",216,1
AXXC,794,9219,"AXXC[A[0,0],X[0,1|1,0],X[1,2|2,1],C[1,0]]",216,1
AXXC,795,9220,"AXXC[A[0,0],X[0,1|1,0],X[1,2|2,1],C[1,1]]",216,1
AXXC,796,9221,"AXXC[A[0,0],X[0,1|1,0],X[1,2|2,1],C[1,2]]",216,1
AXXC,797,9222,"AXXC[A[0,0],X[0,1|1,0],X[1,2|2,1],C[2,0]]",216,1
AXXC,798,9223,"AXXC[A[0,0],X[0,1|1,0],X[1,2|2,1],C[2,1]]",216,1
AXXC,799,9224,"AXXC[A[0,0],X[0,1|1,0],X[1,2|2,1],C[2,2]]",216,1
AXXC,800,10935,"AXXC[A[0,0],X[0,1|2,0],X[0,0|0,0],C[0,0]]",54,4
AXXC,801,10936,"AXXC[A[0,0],X[0,1|2,0],X[0,0|0,0],C[0,1]]",108,2
AXXC,802,10938,"AXXC[A[0,0],X[0,1|2,0],X[0,0|0,0],C[1,0]]",108,2
AXXC,803,10939,"AXXC[A[0,0],X[0,1|2,0],X[0,0|0,0],C[1,1]]",216,1
AXXC,804,10944,"AXXC[A[0,0],X[0,1|2,0],X[0,0|0,1],C[0,0]]",108,2
AXXC,805,10945,"AXXC[A[0,0],X[0,1|2,0],X[0,0|0,1],C[0,1]]",108,2
AXXC,806,10946,"AXXC[A[0,0],X[0,1|2,0],X[0,0|0,1],C[0,2]]",108,2
AXXC,807,10947,"AXXC[A[0,0],X[0,1|2,0],X[0,0|0,1],C[1,0]]",216,1
AXXC,808,10948,"AXXC[A[0,0],X[0,1|2,0],X[0,0|0,1],C[1,1]]",216,1
AXXC,809,10949,"AXXC[A[0,0],X[0,1|2,0],X[0,0|0,1],C[1,2]]",216,1
AXXC,810,10962,"AXXC[A[0,0],X[0,1|2,0],X[0,0|1,0],C[0,0]]",54,4
AXXC,811,10963,"AXXC[A[0,0],X[0,1|2,0],X[0,0|1,0],C[0,1]]",108,2
AXXC,812,10965,"AXXC[A[0,0],X[0,1|2,0],X[0,0|1,0],C[1,0]]",108,2
AXXC,813,10966,"AXXC[A[0,0],X[0,1|2,0],X[0,0|1,0],C[1,1]]",216,1
AXXC,814,10971,"AXXC[A[0,0],X[0,1|2,0],X[0,0|1,1],C[0,0]]",108,2
AXXC,815,10972,"AXXC[A[0,0],X[0,1|2,0],X[0,0|1,1],C[0,1]]",108,2
AXXC,816,10973,"AXXC[A[0,0],X[0,1|2,0],X[0,0|1,1],C[0,2]]",108,2
AXXC,817,10974,"AXXC[A[0,0],X[0,1|2,0],X[0,0|1,1],C[1,0]]",216,1
AXXC,818,10975,"AXXC[A[0,0],X[0,1|2,0],X[0,0|1,1],C[1,1]]",216,1
AXXC,819,10976,"AXXC[A[0,0],X[0,1|2,0],X[0,0|1,1],C[1,2]]",216,1
AXXC,820,10989,"AXXC[A[0,0],X[0,1|2,0],X[0,0|2,0],C[0,0]]",54,4
AXXC,821,10990,"AXXC[A[0,0],X[0,1|2,0],X[0,0|2,0],C[0,1]]",108,2
AXXC,822,10992,"AXXC[A[0,0],X[0,1|2,0],X[0,0|2,0],C[1,0]]",108,2
AXXC,823,10993,"AXXC[A[0,0],X[0,1|2,0],X[0,0|2,0],C[1,1]]",216,1
AXXC,824,10998,"AXXC[A[0,0],X[0,1|2,0],X[0,0|2,1],C[0,0]]",108,2
AXXC,825,10999,"AXXC[A[0,0],X[0,1|2,0],X[0,0|2,1],C[0,1]]",108,2
AXXC,826,11000,"AXXC[A[0,0],X[0,1|2,0],X[0,0|2,1],C[0,2]]",108,2
AXXC,827,11001,"AXXC[A[0,0],X[0,1|2,0],X[0,0|2,1],C[1,0]]",216,1
AXXC,828,11002,"AXXC[A[0,0],X[0,1|2,0],X[0,0|2,1],C[1,1]]",216,1
AXXC,829,11003,"AXXC[A[0,0],X[0,1|2,0],X[0,0|2,1],C[1,2]]",216,1
AXXC,830,11016,"AXXC[A[0,0],X[0,1|2,0],X[0,1|0,0],C[0,0]]",54,4
AXXC,831,11017,"AXXC[A[0,0],X[0,1|2,0],X[0,1|0,0],C[0,1]]",108,2
AXXC,832,11019,"AXXC[A[0,0],X[0,1|2,0],X[0,1|0,0],C[1,0]]",108,2
AXXC,833,11020,"AXXC[A[0,0],X[0,1|2,0],X[0,1|0,0],C[1,1]]",216,1
AXXC,834,11025,"AXXC[A[0,0],X[0,1|2,0],X[0,1|0,1],C[0,0]]",108,2
AXXC,835,11026,"AXXC[A[0,0],X[0,1|2,0],X[0,1|0,1],C[0,1]]",108,2
AXXC,836,11027,"AXXC[A[0,0],X[0,1|2,0],X[0,1|0,1],C[0,2]]",108,2
AXXC,837,11028,"AXXC[A[0,0],X[0,1|2,0],X[0,1|0,1],C[1,0]]",216,1
AXXC,838,11029,"AXXC[A[0,0],X[0,1|2,0],X[0,1|0,1],C[1,1]]",216,1
AXXC,839,11030,"AXXC[A[0,0],X[0,1|2,0],X[0,1|0,1],C[1,2]]",216,1
AXXC,840,11043,"AXXC[A[0,0],X[0,1|2,0],X[0,1|1,0],C[0,0]]",54,4
AXXC,841,11044,"AXXC[A[0,0],X[0,1|2,0],X[0,1|1,0],C[0,1]]",108,2
AXXC,842,11046,"AXXC[A[0,0],X[0,1|2,0],X[0,1|1,0],C[1,0]]",108,2
AXXC,843,11047,"AXXC[A[0,0],X[0,1|2,0],X[0,1|1,0],C[1,1]]",216,1
AXXC,844,11052,"AXXC[A[0,0],X[0,1|2,0],X[0,1|1,1],C[0,0]]",108,2
AXXC,845,11053,"AXXC[A[0,0],X[0,1|2,0],X[0,1|1,1],C[0,1]]",108,2
AXXC,846,11054,"AXXC[A[0,0],X[0,1|2,0],X[0,1|1,1],C[0,2]]",108,2
AXXC,847,11055,"AXXC[A[0,0],X[0,1|2,0],X[0,1|1,1],C[1,0]]",216,1
AXXC,848,11056,"AXXC[A[0,0],X[0,1|2,0],X[0,1|1,1],C[1,1]]",216,1
AXXC,849,11057,"AXXC[A[0,0],X[0,1|2,0],X[0,1|1,1],C[1,2]]",216,1
AXXC,850,11070,"AXXC[A[0,0],X[0,1|2,0],X[0,1|2,0],C[0,0]]",54,4
AXXC,851,11071,"AXXC[A[0,0],X[0,1|2,0],X[0,1|2,0],C[0,1]]",108,2
AXXC,852,11073,"AXXC[A[0,0],X[0,1|2,0],X[0,1|2,0],C[1,0]]",108,2
AXXC,853,11074,"AXXC[A[0,0],X[0,1|2,0],X[0,1|2,0],C[1,1]]",216,1
AXXC,854,11079,"AXXC[A[0,0],X[0,1|2,0],X[0,1|2,1],C[0,0]]",108,2
AXXC,855,11080,"AXXC[A[0,0],X[0,1|2,0],X[0,1|2,1],C[0,1]]",108,2
AXXC,856,11081,"AXXC[A[0,0],X[0,1|2,0],X[0,1|2,1],C[0,2]]",108,2
AXXC,857,11082,"AXXC[A[0,0],X[0,1|2,0],X[0,1|2,1],C[1,0]]",216,1
AXXC,858,11083,"AXXC[A[0,0],X[0,1|2,0],X[0,1|2,1],C[1,1]]",216,1
AXXC,859,11084,"AXXC[A[0,0],X[0,1|2,0],X[0,1|2,1],C[1,2]]",216,1
AXXC,860,11097,"AXXC[A[0,0],X[0,1|2,0],X[0,2|0,0],C[0,0]]",54,4
AXXC,861,11098,"AXXC[A[0,0],X[0,1|2,0],X[0,2|0,0],C[0,1]]",108,2
AXXC,862,11100,"AXXC[A[0,0],X[0,1|2,0],X[0,2|0,0],C[1,0]]",108,2
AXXC,863,11101,"AXXC[A[0,0],X[0,1|2,0],X[0,2|0,0],C[1,1]]",216,1
AXXC,864,11106,"AXXC[A[0,0],X[0,1|2,0],X[0,2|0,1],C[0,0]]",108,2
AXXC,865,11107,"AXXC[A[0,0],X[0,1|2,0],X[0,2|0,1],C[0,1]]",108,2
AXXC,866,11108,"AXXC[A[0,0],X[0,1|2,0],X[0,2|0,1],C[0,2]]",108,2
AXXC,867,11109,"AXXC[A[0,0],X[0,1|2,0],X[0,2|0,1],C[1,0]]",216,1
AXXC,868,11110,"AXXC[A[0,0],X[0,1|2,0],X[0,2|0,1],C[1,1]]",216,1
AXXC,869,11111,"AXXC[A[0,0],X[0,1|2,0],X[0,2|0,1],C[1,2]]",216,1
AXXC,870,11124,"AXXC[A[0,0],X[0,1|2,0],X[0,2|1,0],C[0,0]]",54,4
AXXC,871,11125,"AXXC[A[0,0],X[0,1|2,0],X[0,2|1,0],C[0,1]]",108,2
AXXC,872,11127,"AXXC[A[0,0],X[0,1|2,0],X[0,2|1,0],C[1,0]]",108,2
AXXC,873,11128,"AXXC[A[0,0],X[0,1|2,0],X[0,2|1,0],C[1,1]]",216,1
AXXC,874,11133,"AXXC[A[0,0],X[0,1|2,0],X[0,2|1,1],C[0,0]]",108,2
AXXC,875,11134,"AXXC[A[0,0],X[0,1|2,0],X[0,2|1,1],C[0,1]]",108,2
AXXC,876,11135,"AXXC[A[0,0],X[0,1|2,0],X[0,2|1,1],C[0,2]]",108,2
AXXC,877,11136,"AXXC[A[0,0],X[0,1|2,0],X[0,2|1,1],C[1,0]]",216,1
AXXC,878,11137,"AXXC[A[0,0],X[0,1|2,0],X[0,2|1,1],C[1,1]]",216,1
AXXC,879,11138,"AXXC[A[0,0],X[0,1|2,0],X[0,2|1,1],C[1,2]]",216,1
AXXC,880,11151,"AXXC[A[0,0],X[0,1|2,0],X[0,2|2,0],C[0,0]]",54,4
AXXC,881,11152,"AXXC[A[0,0],X[0,1|2,0],X[0,2|2,0],C[0,1]]",108,2
AXXC,882,11154,"AXXC[A[0,0],X[0,1|2,0],X[0,2|2,0],C[1,0]]",108,2
AXXC,883,11155,"AXXC[A[0,0],X[0,1|2,0],X[0,2|2,0],C[1,1]]",216,1
AXXC,884,11160,"AXXC[A[0,0],X[0,1|2,0],X[0,2|2,1],C[0,0]]",108,2
AXXC,885,11161,"AXXC[A[0,0],X[0,1|2,0],X[0,2|2,1],C[0,1]]",108,2
AXXC,886,11162,"AXXC[A[0,0],X[0,1|2,0],X[0,2|2,1],C[0,2]]",108,2
AXXC,887,11163,"AXXC[A[0,0],X[0,1|2,0],X[0,2|2,1],C[1,0]]",216,1
AXXC,888,11164,"AXXC[A[0,0],X[0,1|2,0],X[0,2|2,1],C[1,1]]",216,1
AXXC,889,11165,"AXXC[A[0,0],X[0,1|2,0],X[0,2|2,1],C[1,2]]",216,1
AXXC,890,11178,"AXXC[A[0,0],X[0,1|2,0],X[1,0|0,0],C[0,0]]",108,2
AXXC,891,11179,"AXXC[A[0,0],X[0,1|2,0],X[1,0|0,0],C[0,1]]",216,1
AXXC,892,11181,"AXXC[A[0,0],X[0,1|2,0],X[1,0|0,0],C[1,0]]",108,2
AXXC,893,11182,"AXXC[A[0,0],X[0,1|2,0],X[1,0|0,0],C[1,1]]",216,1
AXXC,894,11184,"AXXC[A[0,0],X[0,1|2,0],X[1,0|0,0],C[2,0]]",108,2
AXXC,895,11185,"AXXC[A[0,0],X[0,1|2,0],X[1,0|0,0],C[2,1]]",216,1
AXXC,896,11187,"AXXC[A[0,0],X[0,1|2,0],X[1,0|0,1],C[0,0]]",216,1
AXXC,897,11188,"AXXC[A[0,0],X[0,1|2,0],X[1,0|0,1],C[0,1]]",216,1
AXXC,898,11189,"AXXC[A[0,0],X[0,1|2,0],X[1,0|0,1],C[0,2]]",216,1
AXXC,899,11190,"AXXC[A[0,0],X[0,1|2,0],X[1,0|0,1],C[1,0]]",216,1
AXXC,900,11191,"AXXC[A[0,0],X[0,1|2,0],X[1,0|0,1],C[1,1]]",216,1
AXXC,901,11192,"AXXC[A[0,0],X[0,1|2,0],X[1,0|0,1],C[1,2]]",216,1
AXXC,902,11193,"AXXC[A[0,0],X[0,1|2,0],X[1,0|0,1],C[2,0]]",216,1
AXXC,903,11194,"AXXC[A[0,0],X[0,1|2,0],X[1,0|0,1],C[2,1]]",216,1
AXXC,904,11195,"AXXC[A[0,0],X[0,1|2,0],X[1,0|0,1],C[2,2]]",216,1
AXXC,905,11205,"AXXC[A[0,0],X[0,1|2,0],X[1,0|1,0],C[0,0]]",108,2
AXXC,906,11206,"AXXC[A[0,0],X[0,1|2,0],X[1,0|1,0],C[0,1]]",216,1
AXXC,907,11208,"AXXC[A[0,0],X[0,1|2,0],X[1,0|1,0],C[1,0]]",108,2
AXXC,908,11209,"AXXC[A[0,0],X[0,1|2,0],X[1,0|1,0],C[1,1]]",216,1
AXXC,909,11211,"AXXC[A[0,0],X[0,1|2,0],X[1,0|1,0],C[2,0]]",108,2
AXXC,910,11212,"AXXC[A[0,0],X[0,1|2,0],X[1,0|1,0],C[2,1]]",216,1
AXXC,911,11214,"AXXC[A[0,0],X[0,1|2,0],X[1,0|1,1],C[0,0]]",216,1
AXXC,912,11215,"AXXC[A[0,0],X[0,1|2,0],X[1,0|1,1],C[0,1]]",216,1
AXXC,913,11216,"AXXC[A[0,0],X[0,1|2,0],X[1,0|1,1],C[0,2]]",216,1
AXXC,914,11217,"AXXC[A[0,0],X[0,1|2,0],X[1,0|1,1],C[1,0]]",216,1
AXXC,915,11218,"AXXC[A[0,0],X[0,1|2,0],X[1,0|1,1],C[1,1]]",216,1
AXXC,916,11219,"AXXC[A[0,0],X[0,1|2,0],X[1,0|1,1],C[1,2]]",216,1
AXXC,917,11220,"AXXC[A[0,0],X[0,1|2,0],X[1,0|1,1],C[2,0]]",216,1
AXXC,918,11221,"AXXC[A[0,0],X[0,1|2,0],X[1,0|1,1],C[2,1]]",216,1
AXXC,919,11222,"AXXC[A[0,0],X[0,1|2,0],X[1,0|1,1],C[2,2]]",216,1
AXXC,920,11232,"AXXC[A[0,0],X[0,1|2,0],X[1,0|2,0],C[0,0]]",108,2
AXXC,921,11233,"AXXC[A[0,0],X[0,1|2,0],X[1,0|2,0],C[0,1]]",216,1
AXXC,922,11235,"AXXC[A[0,0],X[0,1|2,0],X[1,0|2,0],C[1,0]]",108,2
AXXC,923,11236,"AXXC[A[0,0],X[0,1|2,0],X[1,0|2,0],C[1,1]]",216,1
AXXC,924,11238,"AXXC[A[0,0],X[0,1|2,0],X[1,0|2,0],C[2,0]]",108,2
AXXC,925,11239,"AXXC[A[0,0],X[0,1|2,0],X[1,0|2,0],C[2,1]]",216,1
AXXC,926,11241,"AXXC[A[0,0],X[0,1|2,0],X[1,0|2,1],C[0,0]]",216,1
AXXC,927,11242,"AXXC[A[0,0],X[0,1|2,0],X[1,0|2,1],C[0,1]]",216,1
AXXC,928,11243,"AXXC[A[0,0],X[0,1|2,0],X[1,0|2,1],C[0,2]]",216,1
AXXC,929,11244,"AXXC[A[0,0],X[0,1|2,0],X[1,0|2,1],C[1,0]]",216,1
AXXC,930,11245,"AXXC[A[0,0],X[0,1|2,0],X[1,0|2,1],C[1,1]]",216,1
AXXC,931,11246,"AXXC[A[0,0],X[0,1|2,0],X[1,0|2,1],C[1,2]]",216,1
AXXC,932,11247,"AXXC[A[0,0],X[0,1|2,0],X[1,0|2,1],C[2,0]]",216,1
AXXC,933,11248,"AXXC[A[0,0],X[0,1|2,0],X[1,0|2,1],C[2,1]]",216,1
AXXC,934,11249,"AXXC[A[0,0],X[0,1|2,0],X[1,0|2,1],C[2,2]]",216,1
AXXC,935,11259,"AXXC[A[0,0],X[0,1|2,0],X[1,1|0,0],C[0,0]]",108,2
AXXC,936,11260,"AXXC[A[0,0],X[0,1|2,0],X[1,1|0,0],C[0,1]]",216,1
AXXC,937,11262,"AXXC[A[0,0],X[0,1|2,0],X[1,1|0,0],C[1,0]]",108,2
AXXC,938,11263,"AXXC[A[0,0],X[0,1|2,0],X[1,1|0,0],C[1,1]]",216,1
AXXC,939,11265,"AXXC[A[0,0],X[0,1|2,0],X[1,1|0,0],C[2,0]]",108,2
AXXC,940,11266,"AXXC[A[0,0],X[0,1|2,0],X[1,1|0,0],C[2,1]]",216,1
AXXC,941,11268,"AXXC[A[0,0],X[0,1|2,0],X[1,1|0,1],C[0,0]]",216,1
AXXC,942,11269,"AXXC[A[0,0],X[0,1|2,0],X[1,1|0,1],C[0,1]]",216,1
AXXC,943,11270,"AXXC[A[0,0],X[0,1|2,0],X[1,1|0,1],C[0,2]]",216,1
AXXC,944,11271,"AXXC[A[0,0],X[0,1|2,0],X[1,1|0,1],C[1,0]]",216,1
AXXC,945,11272,"AXXC[A[0,0],X[0,1|2,0],X[1,1|0,1],C[1,1]]",216,1
AXXC,946,11273,"AXXC[A[0,0],X[0,1|2,0],X[1,1|0,1],C[1,2]]",216,1
AXXC,947,11274,"AXXC[A[0,0],X[0,1|2,0],X[1,1|0,1],C[2,0]]",216,1
AXXC,948,11275,"AXXC[A[0,0],X[0,1|2,0],X[1,1|0,1],C[2,1]]",216,1
AXXC,949,11276,"AXXC[A[0,0],X[0,1|2,0],X[1,1|0,1],C[2,2]]",216,1
AXXC,950,11286,"AXXC[A[0,0],X[0,1|2,0],X[1,1|1,0],C[0,0]]",108,2
AXXC,951,11287,"AXXC[A[0,0],X[0,1|2,0],X[1,1|1,0],C[0,1]]",216,1
AXXC,952,11289,"AXXC[A[0,0],X[0,1|2,0],X[1,1|1,0],C[1,0]]",108,2
AXXC,953,11290,"AXXC[A[0,0],X[0,1|2,0],X[1,1|1,0],C[1,1]]",216,1
AXXC,954,11292,"AXXC[A[0,0],X[0,1|2,0],X[1,1|1,0],C[2,0]]",108,2
AXXC,955,11293,"AXXC[A[0,0],X[0,1|2,0],X[1,1|1,0],C[2,1]]",216,1
AXXC,956,11295,"AXXC[A[0,0],X[0,1|2,0],X[1,1|1,1],C[0,0]]",216,1
AXXC,957,11296,"AXXC[A[0,0],X[0,1|2,0],X[1,1|1,1],C[0,1]]",216,1
AXXC,958,11297,"AXXC[A[0,0],X[0,1|2,0],X[1,1|1,1],C[0,2]]",216,1
AXXC,959,11298,"AXXC[A[0,0],X[0,1|2,0],X[1,1|1,1],C[1,0]]",216,1
AXXC,960,11299,"AXXC[A[0,0],X[0,1|2,0],X[1,1|1,1],C[1,1]]",216,1
AXXC,961,11300,"AXXC[A[0,0],X[0,1|2,0],X[1,1|1,1],C[1,2]]",216,1
AXXC,962,11301,"AXXC[A[0,0],X[0,1|2,0],X[1,1|1,1],C[2,0]]",216,1
AXXC,963,11302,"AXXC[A[0,0],X[0,1|2,0],X[1,1|1,1],C[2,1]]",216,1
AXXC,964,11303,"AXXC[A[0,0],X[0,1|2,0],X[1,1|1,1],C[2,2]]",216,1
AXXC,965,11313,"AXXC[A[0,0],X[0,1|2,0],X[1,1|2,0],C[0,0]]",108,2
AXXC,966,11314,"AXXC[A[0,0],X[0,1|2,0],X[1,1|2,0],C[0,1]]",216,1
AXXC,967,11316,"AXXC[A[0,0],X[0,1|2,0],X[1,1|2,0],C[1,0]]",108,2
AXXC,968,11317,"AXXC[A[0,0],X[0,1|2,0],X[1,1|2,0],C[1,1]]",216,1
AXXC,969,11319,"AXXC[A[0,0],X[0,1|2,0],X[1,1|2,0],C[2,0]]",108,2
AXXC,970,11320,"AXXC[A[0,0],X[0,1|2,0],X[1,1|2,0],C[2,1]]",216,1
AXXC,971,11322,"AXXC[A[0,0],X[0,1|2,0],X[1,1|2,1],C[0,0]]",216,1
AXXC,972,11323,"AXXC[A[0,0],X[0,1|2,0],X[1,1|2,1],C[0,1]]",216,1
AXXC,973,11324,"AXXC[A[0,0],X[0,1|2,0],X[1,1|2,1],C[0,2]]",216,1
AXXC,974,11325,"AXXC[A[0,0],X[0,1|2,0],X[1,1|2,1],C[1,0]]",216,1
AXXC,975,11326,"AXXC[A[0,0],X[0,1|2,0],X[1,1|2,1],C[1,1]]",216,1
AXXC,976,11327,"AXXC[A[0,0],X[0,1|2,0],X[1,1|2,1],C[1,2]]",216,1
AXXC,977,11328,"AXXC[A[0,0],X[0,1|2,0],X[1,1|2,1],C[2,0]]",216,1
AXXC,978,11329,"AXXC[A[0,0],X[0,1|2,0],X[1,1|2,1],C[2,1]]",216,1
AXXC,979,11330,"AXXC[A[0,0],X[0,1|2,0],X[1,1|2,1],C[2,2]]",216,1
AXXC,980,11340,"AXXC[A[0,0],X[0,1|2,0],X[1,2|0,0],C[0,0]]",108,2
AXXC,981,11341,"AXXC[A[0,0],X[0,1|2,0],X[1,2|0,0],C[0,1]]",216,1
AXXC,982,11343,"AXXC[A[0,0],X[0,1|2,0],X[1,2|0,0],C[1,0]]",108,2
AXXC,983,11344,"AXXC[A[0,0],X[0,1|2,0],X[1,2|0,0],C[1,1]]",216,1
AXXC,984,11346,"AXXC[A[0,0],X[0,1|2,0],X[1,2|0,0],C[2,0]]",108,2
AXXC,985,11347,"AXXC[A[0,0],X[0,1|2,0],X[1,2|0,0],C[2,1]]",216,1
AXXC,986,11349,"AXXC[A[0,0],X[0,1|2,0],X[1,2|0,1],C[0,0]]",216,1
AXXC,987,11350,"AXXC[A[0,0],X[0,1|2,0],X[1,2|0,1],C[0,1]]",216,1
AXXC,988,11351,"AXXC[A[0,0],X[0,1|2,0],X[1,2|0,1],C[0,2]]",216,1
AXXC,989,11352,"AXXC[A[0,0],X[0,1|2,0],X[1,2|0,1],C[1,0]]",216,1
AXXC,990,11353,"AXXC[A[0,0],X[0,1|2,0],X[1,2|0,1],C[1,1]]",216,1
AXXC,991,11354,"AXXC[A[0,0],X[0,1|2,0],X[1,2|0,1],C[1,2]]",216,1
AXXC,992,11355,"AXXC[A[0,0],X[0,1|2,0],X[1,2|0,1],C[2,0]]",216,1
AXXC,993,11356,"AXXC[A[0,0],X[0,1|2,0],X[1,2|0,1],C[2,1]]",216,1
AXXC,994,11357,"AXXC[A[0,0],X[0,1|2,0],X[1,2|0,1],C[2,2]]",216,1
AXXC,995,11367,"AXXC[A[0,0],X[0,1|2,0],X[1,2|1,0],C[0,0]]",108,2
AXXC,996,11368,"AXXC[A[0,0],X[0,1|2,0],X[1,2|1,0],C[0,1]]",216,1
AXXC,997,11370,"AXXC[A[0,0],X[0,1|2,0],X[1,2|1,0],C[1,0]]",108,2
AXXC,998,11371,"AXXC[A[0,0],X[0,1|2,0],X[1,2|1,0],C[1,1]]",216,1
AXXC,999,11373,"AXXC[A[0,0],X[0,1|2,0],X[1,2|1,0],C[2,0]]",108,2
AXXC,1000,11374,"AXXC[A[0,0],X[0,1|2,0],X[1,2|1,0],C[2,1]]",216,1
AXXC,1001,11376,"AXXC[A[0,0],X[0,1|2,0],X[1,2|1,1],C[0,0]]",216,1
AXXC,1002,11377,"AXXC[A[0,0],X[0,1|2,0],X[1,2|1,1],C[0,1]]",216,1
AXXC,1003,11378,"AXXC[A[0,0],X[0,1|2,0],X[1,2|1,1],C[0,2]]",216,1
AXXC,1004,11379,"AXXC[A[0,0],X[0,1|2,0],X[1,2|1,1],C[1,0]]",216,1
AXXC,1005,11380,"AXXC[A[0,0],X[0,1|2,0],X[1,2|1,1],C[1,1]]",216,1
AXXC,1006,11381,"AXXC[A[0,0],X[0,1|2,0],X[1,2|1,1],C[1,2]]",216,1
AXXC,1007,11382,"AXXC[A[0,0],X[0,1|2,0],X[1,2|1,1],C[2,0]]",216,1
AXXC,1008,11383,"AXXC[A[0,0],X[0,1|2,0],X[1,2|1,1],C[2,1]]",216,1
AXXC,1009,11384,"AXXC[A[0,0],X[0,1|2,0],X[1,2|1,1],C[2,2]]",216,1
AXXC,1010,11394,"AXXC[A[0,0],X[0,1|2,0],X[1,2|2,0],C[0,0]]",108,2
AXXC,1011,11395,"AXXC[A[0,0],X[0,1|2,0],X[1,2|2,0],C[0,1]]",216,1
AXXC,1012,11397,"AXXC[A[0,0],X[0,1|2,0],X[1,2|2,0],C[1,0]]",108,2
AXXC,1013,11398,"AXXC[A[0,0],X[0,1|2,0],X[1,2|2,0],C[1,1]]",216,1
AXXC,1014,11400,"AXXC[A[0,0],X[0,1|2,0],X[1,2|2,0],C[2,0]]",108,2
AXXC,1015,11401,"AXXC[A[0,0],X[0,1|2,0],X[1,2|2,0],C[2,1]]",216,1
AXXC,1016,11403,"AXXC[A[0,0],X[0,1|2,0],X[1,2|2,1],C[0,0]]",216,1
AXXC,1017,11404,"AXXC[A[0,0],X[0,1|2,0],X[1,2|2,1],C[0,1]]",216,1
AXXC,1018,11405,"AXXC[A[0,0],X[0,1|2,0],X[1,2|2,1],C[0,2]]",216,1
AXXC,1019,11406,"AXXC[A[0,0],X[0,1|2,0],X[1,2|2,1],C[1,0]]",216,1
AXXC,1020,11407,"AXXC[A[0,0],X[0,1|2,0],X[1,2|2,1],C[1,1]]",216,1
AXXC,1021,11408,"AXXC[A[0,0],X[0,1|2,0],X[1,2|2,1],C[1,2]]",216,1
AXXC,1022,11409,"AXXC[A[0,0],X[0,1|2,0],X[1,2|2,1],C[2,0]]",216,1
AXXC,1023,11410,"AXXC[A[0,0],X[0,1|2,0],X[1,2|2,1],C[2,1]]",216,1
AXXC,1024,11411,"AXXC[A[0,0],X[0,1|2,0],X[1,2|2,1],C[2,2]]",216,1
AXXC,1025,19683,"AXXC[A[0,0],X[1,0|0,0],X[0,0|0,0],C[0,0]]",54,4
AXXC,1026,19684,"AXXC[A[0,0],X[1,0|0,0],X[0,0|0,0],C[0,1]]",108,2
AXXC,1027,19686,"AXXC[A[0,0],X[1,0|0,0],X[0,0|0,0],C[1,0]]",54,4
AXXC,1028,19687,"AXXC[A[0,0],X[1,0|0,0],X[0,0|0,0],C[1,1]]",108,2
AXXC,1029,19689,"AXXC[A[0,0],X[1,0|0,0],X[0,0|0,0],C[2,0]]",54,4
AXXC,1030,19690,"AXXC[A[0,0],X[1,0|0,0],X[0,0|0,0],C[2,1]]",108,2
AXXC,1031,19692,"AXXC[A[0,0],X[1,0|0,0],X[0,0|0,1],C[0,0]]",108,2
AXXC,1032,19693,"AXXC[A[0,0],X[1,0|0,0],X[0,0|0,1],C[0,1]]",108,2
AXXC,1033,19694,"AXXC[A[0,0],X[1,0|0,0],X[0,0|0,1],C[0,2]]",108,2
AXXC,1034,19695,"AXXC[A[0,0],X[1,0|0,0],X[0,0|0,1],C[1,0]]",108,2
AXXC,1035,19696,"AXXC[A[0,0],X[1,0|0,0],X[0,0|0,1],C[1,1]]",108,2
AXXC,1036,19697,"AXXC[A[0,0],X[1,0|0,0],X[0,0|0,1],C[1,2]]",108,2
AXXC,1037,19698,"AXXC[A[0,0],X[1,0|0,0],X[0,0|0,1],C[2,0]]",108,2
AXXC,1038,19699,"AXXC[A[0,0],X[1,0|0,0],X[0,0|0,1],C[2,1]]",108,2
AXXC,1039,19700,"AXXC[A[0,0],X[1,0|0,0],X[0,0|0,1],C[2,2]]",108,2
AXXC,1040,19710,"AXXC[A[0,0],X[1,0|0,0],X[0,0|1,0],C[0,0]]",108,2
AXXC,1041,19711,"AXXC[A[0,0],X[1,0|0,0],X[0,0|1,0],C[0,1]]",216,1
AXXC,1042,19713,"AXXC[A[0,0],X[1,0|0,0],X[0,0|1,0],C[1,0]]",108,2
AXXC,1043,19714,"AXXC[A[0,0],X[1,0|0,0],X[0,0|1,0],C[1,1]]",216,1
AXXC,1044,19716,"AXXC[A[0,0],X[1,0|0,0],X[0,0|1,0],C[2,0]]",108,2
AXXC,1045,19717,"AXXC[A[0,0],X[1,0|0,0],X[0,0|1,0],C[2,1]]",216,1
AXXC,1046,19719,"AXXC[A[0,0],X[1,0|0,0],X[0,0|1,1],C[0,0]]",216,1
AXXC,1047,19720,"AXXC[A[0,0],X[1,0|0,0],X[0,0|1,1],C[0,1]]",216,1
AXXC,1048,19721,"AXXC[A[0,0],X[1,0|0,0],X[0,0|1,1],C[0,2]]",216,1
AXXC,1049,19722,"AXXC[A[0,0],X[1,0|0,0],X[0,0|1,1],C[1,0]]",216,1
AXXC,1050,19723,"AXXC[A[0,0],X[1,0|0,0],X[0,0|1,1],C[1,1]]",216,1
AXXC,1051,19724,"AXXC[A[0,0],X[1,0|0,0],X[0,0|1,1],C[1,2]]",216,1
AXXC,1052,19725,"AXXC[A[0,0],X[1,0|0,0],X[0,0|1,1],C[2,0]]",216,1
AXXC,1053,19726,"AXXC[A[0,0],X[1,0|0,0],X[0,0|1,1],C[2,1]]",216,1
AXXC,1054,19727,"AXXC[A[0,0],X[1,0|0,0],X[0,0|1,1],C[2,2]]",216,1
AXXC,1055,19764,"AXXC[A[0,0],X[1,0|0,0],X[0,1|0,0],C[0,0]]",108,2
AXXC,1056,19765,"AXXC[A[0,0],X[1,0|0,0],X[0,1|0,0],C[0,1]]",216,1
AXXC,1057,19767,"AXXC[A[0,0],X[1,0|0,0],X[0,1|0,0],C[1,0]]",108,2
AXXC,1058,19768,"AXXC[A[0,0],X[1,0|0,0],X[0,1|0,0],C[1,1]]",216,1
AXXC,1059,19770,"AXXC[A[0,0],X[1,0|0,0],X[0,1|0,0],C[2,0]]",108,2
AXXC,1060,19771,"AXXC[A[0,0],X[1,0|0,0],X[0,1|0,0],C[2,1]]",216,1
AXXC,1061,19773,"AXXC[A[0,0],X[1,0|0,0],X[0,1|0,1],C[0,0]]",216,1
AXXC,1062,19774,"AXXC[A[0,0],X[1,0|0,0],X[0,1|0,1],C[0,1]]",216,1
AXXC,1063,19775,"AXXC[A[0,0],X[1,0|0,0],X[0,1|0,1],C[0,2]]",216,1
AXXC,1064,19776,"AXXC[A[0,0],X[1,0|0,0],X[0,1|0,1],C[1,0]]",216,1
AXXC,1065,19777,"AXXC[A[0,0],X[1,0|0,0],X[0,1|0,1],C[1,1]]",216,1
AXXC,1066,19778,"AXXC[A[0,0],X[1,0|0,0],X[0,1|0,1],C[1,2]]",216,1
AXXC,1067,19779,"AXXC[A[0,0],X[1,0|0,0],X[0,1|0,1],C[2,0]]",216,1
AXXC,1068,19780,"AXXC[A[0,0],X[1,0|0,0],X[0,1|0,1],C[2,1]]",216,1
AXXC,1069,19781,"AXXC[A[0,0],X[1,0|0,0],X[0,1|0,1],C[2,2]]",216,1
AXXC,1070,19791,"AXXC[A[0,0],X[1,0|0,0],X[0,1|1,0],C[0,0]]",108,2
AXXC,1071,19792,"AXXC[A[0,0],X[1,0|0,0],X[0,1|1,0],C[0,1]]",216,1
AXXC,1072,19794,"AXXC[A[0,0],X[1,0|0,0],X[0,1|1,0],C[1,0]]",108,2
AXXC,1073,19795,"AXXC[A[0,0],X[1,0|0,0],X[0,1|1,0],C[1,1]]",216,1
AXXC,1074,19797,"AXXC[A[0,0],X[1,0|0,0],X[0,1|1,0],C[2,0]]",108,2
AXXC,1075,19798,"AXXC[A[0,0],X[1,0|0,0],X[0,1|1,0],C[2,1]]",216,1
AXXC,1076,19800,"AXXC[A[0,0],X[1,0|0,0],X[0,1|1,1],C[0,0]]",216,1
AXXC,1077,19801,"AXXC[A[0,0],X[1,0|0,0],X[0,1|1,1],C[0,1]]",216,1
AXXC,1078,19802,"AXXC[A[0,0],X[1,0|0,0],X[0,1|1,1],C[0,2]]",216,1
AXXC,1079,19803,"AXXC[A[0,0],X[1,0|0,0],X[0,1|1,1],C[1,0]]",216,1
AXXC,1080,19804,"AXXC[A[0,0],X[1,0|0,0],X[0,1|1,1],C[1,1]]",216,1
AXXC,1081,19805,"AXXC[A[0,0],X[1,0|0,0],X[0,1|1,1],C[1,2]]",216,1
AXXC,1082,19806,"AXXC[A[0,0],X[1,0|0,0],X[0,1|1,1],C[2,0]]",216,1
AXXC,1083,19807,"AXXC[A[0,0],X[1,0|0,0],X[0,1|1,1],C[2,1]]",216,1
AXXC,1084,19808,"AXXC[A[0,0],X[1,0|0,0],X[0,1|1,1],C[2,2]]",216,1
AXXC,1085,19818,"AXXC[A[0,0],X[1,0|0,0],X[0,1|2,0],C[0,0]]",108,2
AXXC,1086,19819,"AXXC[A[0,0],X[1,0|0,0],X[0,1|2,0],C[0,1]]",216,1
AXXC,1087,19821,"AXXC[A[0,0],X[1,0|0,0],X[0,1|2,0],C[1,0]]",108,2
AXXC,1088,19822,"AXXC[A[0,0],X[1,0|0,0],X[0,1|2,0],C[1,1]]",216,1
AXXC,1089,19824,"AXXC[A[0,0],X[1,0|0,0],X[0,1|2,0],C[2,0]]",108,2
AXXC,1090,19825,"AXXC[A[0,0],X[1,0|0,0],X[0,1|2,0],C[2,1]]",216,1
AXXC,1091,19827,"AXXC[A[0,0],X[1,0|0,0],X[0,1|2,1],C[0,0]]",216,1
AXXC,1092,19828,"AXXC[A[0,0],X[1,0|0,0],X[0,1|2,1],C[0,1]]",216,1
AXXC,1093,19829,"AXXC[A[0,0],X[1,0|0,0],X[0,1|2,1],C[0,2]]",216,1
AXXC,1094,19830,"AXXC[A[0,0],X[1,0|0,0],X[0,1|2,1],C[1,0]]",216,1
AXXC,1095,19831,"AXXC[A[0,0],X[1,0|0,0],X[0,1|2,1],C[1,1]]",216,1
AXXC,1096,19832,"AXXC[A[0,0],X[1,0|0,0],X[0,1|2,1],C[1,2]]",216,1
AXXC,1097,19833,"AXXC[A[0,0],X[1,0|0,0],X[0,1|2,1],C[2,0]]",216,1
AXXC,1098,19834,"AXXC[A[0,0],X[1,0|0,0],X[0,1|2,1],C[2,1]]",216,1
AXXC,1099,19835,"AXXC[A[0,0],X[1,0|0,0],X[0,1|2,1],C[2,2]]",216,1
AXXC,1100,19926,"AXXC[A[0,0],X[1,0|0,0],X[1,0|0,0],C[0,0]]",54,4
AXXC,1101,19927,"AXXC[A[0,0],X[1,0|0,0],X[1,0|0,0],C[0,1]]",108,2
AXXC,1102,19929,"AXXC[A[0,0],X[1,0|0,0],X[1,0|0,0],C[1,0]]",54,4
AXXC,1103,19930,"AXXC[A[0,0],X[1,0|0,0],X[1,0|0,0],C[1,1]]",108,2
AXXC,1104,19932,"AXXC[A[0,0],X[1,0|0,0],X[1,0|0,0],C[2,0]]",54,4
AXXC,1105,19933,"AXXC[A[0,0],X[1,0|0,0],X[1,0|0,0],C[2,1]]",108,2
AXXC,1106,19935,"AXXC[A[0,0],X[1,0|0,0],X[1,0|0,1],C[0,0]]",108,2
AXXC,1107,19936,"AXXC[A[0,0],X[1,0|0,0],X[1,0|0,1],C[0,1]]",108,2
AXXC,1108,19937,"AXXC[A[0,0],X[1,0|0,0],X[1,0|0,1],C[0,2]]",108,2
AXXC,1109,19938,"AXXC[A[0,0],X[1,0|0,0],X[1,0|0,1],C[1,0]]",108,2
AXXC,1110,19939,"AXXC[A[0,0],X[1,0|0,0],X[1,0|0,1],C[1,1]]",108,2
AXXC,1111,19940,"AXXC[A[0,0],X[1,0|0,0],X[1,0|0,1],C[1,2]]",108,2
AXXC,1112,19941,"AXXC[A[0,0],X[1,0|0,0],X[1,0|0,1],C[2,0]]",108,2
AXXC,1113,19942,"AXXC[A[0,0],X[1,0|0,0],X[1,0|0,1],C[2,1]]",108,2
AXXC,1114,19943,"AXXC[A[0,0],X[1,0|0,0],X[1,0|0,1],C[2,2]]",108,2
AXXC,1115,19953,"AXXC[A[0,0],X[1,0|0,0],X[1,0|1,0],C[0,0]]",108,2
AXXC,1116,19954,"AXXC[A[0,0],X[1,0|0,0],X[1,0|1,0],C[0,1]]",216,1
AXXC,1117,19956,"AXXC[A[0,0],X[1,0|0,0],X[1,0|1,0],C[1,0]]",108,2
AXXC,1118,19957,"AXXC[A[0,0],X[1,0|0,0],X[1,0|1,0],C[1,1]]",216,1
AXXC,1119,19959,"AXXC[A[0,0],X[1,0|0,0],X[1,0|1,0],C[2,0]]",108,2
AXXC,1120,19960,"AXXC[A[0,0],X[1,0|0,0],X[1,0|1,0],C[2,1]]",216,1
AXXC,1121,19962,"AXXC[A[0,0],X[1,0|0,0],X[1,0|1,1],C[0,0]]",216,1
AXXC,1122,19963,"AXXC[A[0,0],X[1,0|0,0],X[1,0|1,1],C[0,1]]",216,1
AXXC,1123,19964,"AXXC[A[0,0],X[1,0|0,0],X[1,0|1,1],C[0,2]]",216,1
AXXC,1124,19965,"AXXC[A[0,0],X[1,0|0,0],X[1,0|1,1],C[1,0]]",216,1
AXXC,1125,19966,"AXXC[A[0,0],X[1,0|0,0],X[1,0|1,1],C[1,1]]",216,1
AXXC,1126,19967,"AXXC[A[0,0],X[1,0|0,0],X[1,0|1,1],C[1,2]]",216,1
AXXC,1127,19968,"AXXC[A[0,0],X[1,0|0,0],X[1,0|1,1],C[2,0]]",216,1
AXXC,1128,19969,"AXXC[A[0,0],X[1,0|0,0],X[1,0|1,1],C[2,1]]",216,1
AXXC,1129,19970,"AXXC[A[0,0],X[1,0|0,0],X[1,0|1,1],C[2,2]]",216,1
AXXC,1130,20007,"AXXC[A[0,0],X[1,0|0,0],X[1,1|0,0],C[0,0]]",108,2
AXXC,1131,20008,"AXXC[A[0,0],X[1,0|0,0],X[1,1|0,0],C[0,1]]",216,1
AXXC,1132,20010,"AXXC[A[0,0],X[1,0|0,0],X[1,1|0,0],C[1,0]]",108,2
AXXC,1133,20011,"AXXC[A[0,0],X[1,0|0,0],X[1,1|0,0],C[1,1]]",216,1
AXXC,1134,20013,"AXXC[A[0,0],X[1,0|0,0],X[1,1|0,0],C[2,0]]",108,2
AXXC,1135,20014,"AXXC[A[0,0],X[1,0|0,0],X[1,1|0,0],C[2,1]]",216,1
AXXC,1136,20016,"AXXC[A[0,0],X[1,0|0,0],X[1,1|0,1],C[0,0]]",216,1
AXXC,1137,20017,"AXXC[A[0,0],X[1,0|0,0],X[1,1|0,1],C[0,1]]",216,1
AXXC,1138,20018,"AXXC[A[0,0],X[1,0|0,0],X[1,1|0,1],C[0,2]]",216,1
AXXC,1139,20019,"AXXC[A[0,0],X[1,0|0,0],X[1,1|0,1],C[1,0]]",216,1
AXXC,1140,20020,"AXXC[A[0,0],X[1,0|0,0],X[1,1|0,1],C[1,1]]",216,1
AXXC,1141,20021,"AXXC[A[0,0],X[1,0|0,0],X[1,1|0,1],C[1,2]]",216,1
AXXC,1142,20022,"AXXC[A[0,0],X[1,0|0,0],X[1,1|0,1],C[2,0]]",216,1
AXXC,1143,20023,"AXXC[A[0,0],X[1,0|0,0],X[1,1|0,1],C[2,1]]",216,1
AXXC,1144,20024,"AXXC[A[0,0],X[1,0|0,0],X[1,1|0,1],C[2,2]]",216,1
AXXC,1145,20034,"AXXC[A[0,0],X[1,0|0,0],X[1,1|1,0],C[0,0]]",108,2
AXXC,1146,20035,"AXXC[A[0,0],X[1,0|0,0],X[1,1|1,0],C[0,1]]",216,1
AXXC,1147,20037,"AXXC[A[0,0],X[1,0|0,0],X[1,1|1,0],C[1,0]]",108,2
AXXC,1148,20038,"AXXC[A[0,0],X[1,0|0,0],X[1,1|1,0],C[1,1]]",216,1
AXXC,1149,20040,"AXXC[A[0,0],X[1,0|0,0],X[1,1|1,0],C[2,0]]",108,2
AXXC,1150,20041,"AXXC[A[0,0],X[1,0|0,0],X[1,1|1,0],C[2,1]]",216,1
AXXC,1151,20043,"AXXC[A[0,0],X[1,0|0,0],X[1,1|1,1],C[0,0]]",216,1
AXXC,1152,20044,"AXXC[A[0,0],X[1,0|0,0],X[1,1|1,1],C[0,1]]",216,1
AXXC,1153,20045,"AXXC[A[0,0],X[1,0|0,0],X[1,1|1,1],C[0,2]]",216,1
AXXC,1154,20046,"AXXC[A[0,0],X[1,0|0,0],X[1,1|1,1],C[1,0]]",216,1
AXXC,1155,20047,"AXXC[A[0,0],X[1,0|0,0],X[1,1|1,1],C[1,1]]",216,1
AXXC,1156,20048,"AXXC[A[0,0],X[1,0|0,0],X[1,1|1,1],C[1,2]]",216,1
AXXC,1157,20049,"AXXC[A[0,0],X[1,0|0,0],X[1,1|1,1],C[2,0]]",216,1
AXXC,1158,20050,"AXXC[A[0,0],X[1,0|0,0],X[1,1|1,1],C[2,1]]",216,1
AXXC,1159,20051,"AXXC[A[0,0],X[1,0|0,0],X[1,1|1,1],C[2,2]]",216,1
AXXC,1160,20061,"AXXC[A[0,0],X[1,0|0,0],X[1,1|2,0],C[0,0]]",108,2
AXXC,1161,20062,"AXXC[A[0,0],X[1,0|0,0],X[1,1|2,0],C[0,1]]",216,1
AXXC,1162,20064,"AXXC[A[0,0],X[1,0|0,0],X[1,1|2,0],C[1,0]]",108,2
AXXC,1163,20065,"AXXC[A[0,0],X[1,0|0,0],X[1,1|2,0],C[1,1]]",216,1
AXXC,1164,20067,"AXXC[A[0,0],X[1,0|0,0],X[1,1|2,0],C[2,0]]",108,2
AXXC,1165,20068,"AXXC[A[0,0],X[1,0|0,0],X[1,1|2,0],C[2,1]]",216,1
AXXC,1166,20070,"AXXC[A[0,0],X[1,0|0,0],X[1,1|2,1],C[0,0]]",216,1
AXXC,1167,20071,"AXXC[A[0,0],X[1,0|0,0],X[1,1|2,1],C[0,1]]",216,1
AXXC,1168,20072,"AXXC[A[0,0],X[1,0|0,0],X[1,1|2,1],C[0,2]]",216,1
AXXC,1169,20073,"AXXC[A[0,0],X[1,0|0,0],X[1,1|2,1],C[1,0]]",216,1
AXXC,1170,20074,"AXXC[A[0,0],X[1,0|0,0],X[1,1|2,1],C[1,1]]",216,1
AXXC,1171,20075,"AXXC[A[0,0],X[1,0|0,0],X[1,1|2,1],C[1,2]]",216,1
AXXC,1172,20076,"AXXC[A[0,0],X[1,0|0,0],X[1,1|2,1],C[2,0]]",216,1
AXXC,1173,20077,"AXXC[A[0,0],X[1,0|0,0],X[1,1|2,1],C[2,1]]",216,1
AXXC,1174,20078,"AXXC[A[0,0],X[1,0|0,0],X[1,1|2,1],C[2,2]]",216,1
AXXC,1175,20169,"AXXC[A[0,0],X[1,0|0,0],X[2,0|0,0],C[0,0]]",54,4
AXXC,1176,20170,"AXXC[A[0,0],X[1,0|0,0],X[2,0|0,0],C[0,1]]",108,2
AXXC,1177,20172,"AXXC[A[0,0],X[1,0|0,0],X[2,0|0,0],C[1,0]]",54,4
AXXC,1178,20173,"AXXC[A[0,0],X[1,0|0,0],X[2,0|0,0],C[1,1]]",108,2
AXXC,1179,20175,"AXXC[A[0,0],X[1,0|0,0],X[2,0|0,0],C[2,0]]",54,4
AXXC,1180,20176,"AXXC[A[0,0],X[1,0|0,0],X[2,0|0,0],C[2,1]]",108,2
AXXC,1181,20178,"AXXC[A[0,0],X[1,0|0,0],X[2,0|0,1],C[0,0]]",108,2
AXXC,1182,20179,"AXXC[A[0,0],X[1,0|0,0],X[2,0|0,1],C[0,1]]",108,2
AXXC,1183,20180,"AXXC[A[0,0],X[1,0|0,0],X[2,0|0,1],C[0,2]]",108,2
AXXC,1184,20181,"AXXC[A[0,0],X[1,0|0,0],X[2,0|0,1],C[1,0]]",108,2
AXXC,1185,20182,"AXXC[A[0,0],X[1,0|0,0],X[2,0|0,1],C[1,1]]",108,2
AXXC,1186,20183,"AXXC[A[0,0],X[1,0|0,0],X[2,0|0,1],C[1,2]]",108,2
AXXC,1187,20184,"AXXC[A[0,0],X[1,0|0,0],X[2,0|0,1],C[2,0]]",108,2
AXXC,1188,20185,"AXXC[A[0,0],X[1,0|0,0],X[2,0|0,1],C[2,1]]",108,2
AXXC,1189,20186,"AXXC[A[0,0],X[1,0|0,0],X[2,0|0,1],C[2,2]]",108,2
AXXC,1190,20196,"AXXC[A[0,0],X[1,0|0,0],X[2,0|1,0],C[0,0]]",108,2
AXXC,1191,20197,"AXXC[A[0,0],X[1,0|0,0],X[2,0|1,0],C[0,1]]",216,1
AXXC,1192,20199,"AXXC[A[0,0],X[1,0|0,0],X[2,0|1,0],C[1,0]]",108,2
AXXC,1193,20200,"AXXC[A[0,0],X[1,0|0,0],X[2,0|1,0],C[1,1]]",216,1
AXXC,1194,20202,"AXXC[A[0,0],X[1,0|0,0],X[2,0|1,0],C[2,0]]",108,2
AXXC,1195,20203,"AXXC[A[0,0],X[1,0|0,0],X[2,0|1,0],C[2,1]]",216,1
AXXC,1196,20205,"AXXC[A[0,0],X[1,0|0,0],X[2,0|1,1],C[0,0]]",216,1
AXXC,1197,20206,"AXXC[A[0,0],X[1,0|0,0],X[2,0|1,1],C[0,1]]",216,1
AXXC,1198,20207,"AXXC[A[0,0],X[1,0|0,0],X[2,0|1,1],C[0,2]]",216,1
AXXC,1199,20208,"AXXC[A[0,0],X[1,0|0,0],X[2,0|1,1],C[1,0]]",216,1
AXXC,1200,20209,"AXXC[A[0,0],X[1,0|0,0],X[2,0|1,1],C[1,1]]",216,1
AXXC,1201,20210,"AXXC[A[0,0],X[1,0|0,0],X[2,0|1,1],C[1,2]]",216,1
AXXC,1202,20211,"AXXC[A[0,0],X[1,0|0,0],X[2,0|1,1],C[2,0]]",216,1
AXXC,1203,20212,"AXXC[A[0,0],X[1,0|0,0],X[2,0|1,1],C[2,1]]",216,1
AXXC,1204,20213,"AXXC[A[0,0],X[1,0|0,0],X[2,0|1,1],C[2,2]]",216,1
AXXC,1205,20250,"AXXC[A[0,0],X[1,0|0,0],X[2,1|0,0],C[0,0]]",108,2
AXXC,1206,20251,"AXXC[A[0,0],X[1,0|0,0],X[2,1|0,0],C[0,1]]",216,1
AXXC,1207,20253,"AXXC[A[0,0],X[1,0|0,0],X[2,1|0,0],C[1,0]]",108,2
AXXC,1208,20254,"AXXC[A[0,0],X[1,0|0,0],X[2,1|0,0],C[1,1]]",216,1
AXXC,1209,20256,"AXXC[A[0,0],X[1,0|0,0],X[2,1|0,0],C[2,0]]",108,2
AXXC,1210,20257,"AXXC[A[0,0],X[1,0|0,0],X[2,1|0,0],C[2,1]]",216,1
AXXC,1211,20259,"AXXC[A[0,0],X[1,0|0,0],X[2,1|0,1],C[0,0]]",216,1
AXXC,1212,20260,"AXXC[A[0,0],X[1,0|0,0],X[2,1|0,1],C[0,1]]",216,1
AXXC,1213,20261,"AXXC[A[0,0],X[1,0|0,0],X[2,1|0,1],C[0,2]]",216,1
AXXC,1214,20262,"AXXC[A[0,0],X[1,0|0,0],X[2,1|0,1],C[1,0]]",216,1
AXXC,1215,20263,"AXXC[A[0,0],X[1,0|0,0],X[2,1|0,1],C[1,1]]",216,1
AXXC,1216,20264,"AXXC[A[0,0],X[1,0|0,0],X[2,1|0,1],C[1,2]]",216,1
AXXC,1217,20265,"AXXC[A[0,0],X[1,0|0,0],X[2,1|0,1],C[2,0]]",216,1
AXXC,1218,20266,"AXXC[A[0,0],X[1,0|0,0],X[2,1|0,1],C[2,1]]",216,1
AXXC,1219,20267,"AXXC[A[0,0],X[1,0|0,0],X[2,1|0,1],C[2,2]]",216,1
AXXC,1220,20277,"AXXC[A[0,0],X[1,0|0,0],X[2,1|1,0],C[0,0]]",108,2
AXXC,1221,20278,"AXXC[A[0,0],X[1,0|0,0],X[2,1|1,0],C[0,1]]",216,1
AXXC,1222,20280,"AXXC[A[0,0],X[1,0|0,0],X[2,1|1,0],C[1,0]]",108,2
AXXC,1223,20281,"AXXC[A[0,0],X[1,0|0,0],X[2,1|1,0],C[1,1]]",216,1
AXXC,1224,20283,"AXXC[A[0,0],X[1,0|0,0],X[2,1|1,0],C[2,0]]",108,2
AXXC,1225,20284,"AXXC[A[0,0],X[1,0|0,0],X[2,1|1,0],C[2,1]]",216,1
AXXC,1226,20286,"AXXC[A[0,0],X[1,0|0,0],X[2,1|1,1],C[0,0]]",216,1
AXXC,1227,20287,"AXXC[A[0,0],X[1,0|0,0],X[2,1|1,1],C[0,1]]",216,1
AXXC,1228,20288,"AXXC[A[0,0],X[1,0|0,0],X[2,1|1,1],C[0,2]]",216,1
AXXC,1229,20289,"AXXC[A[0,0],X[1,0|0,0],X[2,1|1,1],C[1,0]]",216,1
AXXC,1230,20290,"AXXC[A[0,0],X[1,0|0,0],X[2,1|1,1],C[1,1]]",216,1
AXXC,1231,20291,"AXXC[A[0,0],X[1,0|0,0],X[2,1|1,1],C[1,2]]",216,1
AXXC,1232,20292,"AXXC[A[0,0],X[1,0|0,0],X[2,1|1,1],C[2,0]]",216,1
AXXC,1233,20293,"AXXC[A[0,0],X[1,0|0,0],X[2,1|1,1],C[2,1]]",216,1
AXXC,1234,20294,"AXXC[A[0,0],X[1,0|0,0],X[2,1|1,1],C[2,2]]",216,1
AXXC,1235,20304,"AXXC[A[0,0],X[1,0|0,0],X[2,1|2,0],C[0,0]]",108,2
AXXC,1236,20305,"AXXC[A[0,0],X[1,0|0,0],X[2,1|2,0],C[0,1]]",216,1
AXXC,1237,20307,"AXXC[A[0,0],X[1,0|0,0],X[2,1|2,0],C[1,0]]",108,2
AXXC,1238,20308,"AXXC[A[0,0],X[1,0|0,0],X[2,1|2,0],C[1,1]]",216,1
AXXC,1239,20310,"AXXC[A[0,0],X[1,0|0,0],X[2,1|2,0],C[2,0]]",108,2
AXXC,1240,20311,"AXXC[A[0,0],X[1,0|0,0],X[2,1|2,0],C[2,1]]",216,1
AXXC,1241,20313,"AXXC[A[0,0],X[1,0|0,0],X[2,1|2,1],C[0,0]]",216,1
AXXC,1242,20314,"AXXC[A[0,0],X[1,0|0,0],X[2,1|2,1],C[0,1]]",216,1
AXXC,1243,20315,"AXXC[A[0,0],X[1,0|0,0],X[2,1|2,1],C[0,2]]",216,1
AXXC,1244,20316,"AXXC[A[0,0],X[1,0|0,0],X[2,1|2,1],C[1,0]]",216,1
AXXC,1245,20317,"AXXC[A[0,0],X[1,0|0,0],X[2,1|2,1],C[1,1]]",216,1
AXXC,1246,20318,"AXXC[A[0,0],X[1,0|0,0],X[2,1|2,1],C[1,2]]",216,1
AXXC,1247,20319,"AXXC[A[0,0],X[1,0|0,0],X[2,1|2,1],C[2,0]]",216,1
AXXC,1248,20320,"AXXC[A[0,0],X[1,0|0,0],X[2,1|2,1],C[2,1]]",216,1
AXXC,1249,20321,"AXXC[A[0,0],X[1,0|0,0],X[2,1|2,1],C[2,2]]",216,1
AXXC,1250,21870,"AXXC[A[0,0],X[1,0|1,0],X[0,0|0,0],C[0,0]]",108,2
AXXC,1251,21871,"AXXC[A[0,0],X[1,0|1,0],X[0,0|0,0],C[0,1]]",216,1
AXXC,1252,21873,"AXXC[A[0,0],X[1,0|1,0],X[0,0|0,0],C[1,0]]",108,2
AXXC,1253,21874,"AXXC[A[0,0],X[1,0|1,0],X[0,0|0,0],C[1,1]]",216,1
AXXC,1254,21876,"AXXC[A[0,0],X[1,0|1,0],X[0,0|0,0],C[2,0]]",108,2
AXXC,1255,21877,"AXXC[A[0,0],X[1,0|1,0],X[0,0|0,0],C[2,1]]",216,1
AXXC,1256,21879,"AXXC[A[0,0],X[1,0|1,0],X[0,0|0,1],C[0,0]]",216,1
AXXC,1257,21880,"AXXC[A[0,0],X[1,0|1,0],X[0,0|0,1],C[0,1]]",216,1
AXXC,1258,21881,"AXXC[A[0,0],X[1,0|1,0],X[0,0|0,1],C[0,2]]",216,1
AXXC,1259,21882,"AXXC[A[0,0],X[1,0|1,0],X[0,0|0,1],C[1,0]]",216,1
AXXC,1260,21883,"AXXC[A[0,0],X[1,0|1,0],X[0,0|0,1],C[1,1]]",216,1
AXXC,1261,21884,"AXXC[A[0,0],X[1,0|1,0],X[0,0|0,1],C[1,2]]",216,1
AXXC,1262,21885,"AXXC[A[0,0],X[1,0|1,0],X[0,0|0,1],C[2,0]]",216,1
AXXC,1263,21886,"AXXC[A[0,0],X[1,0|1,0],X[0,0|0,1],C[2,1]]",216,1
AXXC,1264,21887,"AXXC[A[0,0],X[1,0|1,0],X[0,0|0,1],C[2,2]]",216,1
AXXC,1265,21897,"AXXC[A[0,0],X[1,0|1,0],X[0,0|1,0],C[0,0]]",108,2
AXXC,1266,21898,"AXXC[A[0,0],X[1,0|1,0],X[0,0|1,0],C[0,1]]",216,1
AXXC,1267,21900,"AXXC[A[0,0],X[1,0|1,0],X[0,0|1,0],C[1,0]]",108,2
AXXC,1268,21901,"AXXC[A[0,0],X[1,0|1,0],X[0,0|1,0],C[1,1]]",216,1
AXXC,1269,21903,"AXXC[A[0,0],X[1,0|1,0],X[0,0|1,0],C[2,0]]",108,2
AXXC,1270,21904,"AXXC[A[0,0],X[1,0|1,0],X[0,0|1,0],C[2,1]]",216,1
AXXC,1271,21906,"AXXC[A[0,0],X[1,0|1,0],X[0,0|1,1],C[0,0]]",216,1
AXXC,1272,21907,"AXXC[A[0,0],X[1,0|1,0],X[0,0|1,1],C[0,1]]",216,1
AXXC,1273,21908,"AXXC[A[0,0],X[1,0|1,0],X[0,0|1,1],C[0,2]]",216,1
AXXC,1274,21909,"AXXC[A[0,0],X[1,0|1,0],X[0,0|1,1],C[1,0]]",216,1
AXXC,1275,21910,"AXXC[A[0,0],X[1,0|1,0],X[0,0|1,1],C[1,1]]",216,1
AXXC,1276,21911,"AXXC[A[0,0],X[1,0|1,0],X[0,0|1,1],C[1,2]]",216,1
AXXC,1277,21912,"AXXC[A[0,0],X[1,0|1,0],X[0,0|1,1],C[2,0]]",216,1
AXXC,1278,21913,"AXXC[A[0,0],X[1,0|1,0],X[0,0|1,1],C[2,1]]",216,1
AXXC,1279,21914,"AXXC[A[0,0],X[1,0|1,0],X[0,0|1,1],C[2,2]]",216,1
AXXC,1280,21924,"AXXC[A[0,0],X[1,0|1,0],X[0,0|2,0],C[0,0]]",108,2
AXXC,1281,21925,"AXXC[A[0,0],X[1,0|1,0],X[0,0|2,0],C[0,1]]",216,1
AXXC,1282,21927,"AXXC[A[0,0],X[1,0|1,0],X[0,0|2,0],C[1,0]]",108,2
AXXC,1283,21928,"AXXC[A[0,0],X[1,0|1,0],X[0,0|2,0],C[1,1]]",216,1
AXXC,1284,21930,"AXXC[A[0,0],X[1,0|1,0],X[0,0|2,0],C[2,0]]",108,2
AXXC,1285,21931,"AXXC[A[0,0],X[1,0|1,0],X[0,0|2,0],C[2,1]]",216,1
AXXC,1286,21933,"AXXC[A[0,0],X[1,0|1,0],X[0,0|2,1],C[0,0]]",216,1
AXXC,1287,21934,"AXXC[A[0,0],X[1,0|1,0],X[0,0|2,1],C[0,1]]",216,1
AXXC,1288,21935,"AXXC[A[0,0],X[1,0|1,0],X[0,0|2,1],C[0,2]]",216,1
AXXC,1289,21936,"AXXC[A[0,0],X[1,0|1,0],X[0,0|2,1],C[1,0]]",216,1
AXXC,1290,21937,"AXXC[A[0,0],X[1,0|1,0],X[0,0|2,1],C[1,1]]",216,1
AXXC,1291,21938,"AXXC[A[0,0],X[1,0|1,0],X[0,0|2,1],C[1,2]]",216,1
AXXC,1292,21939,"AXXC[A[0,0],X[1,0|1,0],X[0,0|2,1],C[2,0]]",216,1
AXXC,1293,21940,"AXXC[A[0,0],X[1,0|1,0],X[0,0|2,1],C[2,1]]",216,1
AXXC,1294,21941,"AXXC[A[0,0],X[1,0|1,0],X[0,0|2,1],C[2,2]]",216,1
AXXC,1295,21951,"AXXC[A[0,0],X[1,0|1,0],X[0,1|0,0],C[0,0]]",108,2
AXXC,1296,21952,"AXXC[A[0,0],X[1,0|1,0],X[0,1|0,0],C[0,1]]",216,1
AXXC,1297,21954,"AXXC[A[0,0],X[1,0|1,0],X[0,1|0,0],C[1,0]]",108,2
AXXC,1298,21955,"AXXC[A[0,0],X[1,0|1,0],X[0,1|0,0],C[1,1]]",216,1
AXXC,1299,21957,"AXXC[A[0,0],X[1,0|1,0],X[0,1|0,0],C[2,0]]",108,2
AXXC,1300,21958,"AXXC[A[0,0],X[1,0|1,0],X[0,1|0,0],C[2,1]]",216,1
AXXC,1301,21960,"AXXC[A[0,0],X[1,0|1,0],X[0,1|0,1],C[0,0]]",216,1
AXXC,1302,21961,"AXXC[A[0,0],X[1,0|1,0],X[0,1|0,1],C[0,1]]",216,1
AXXC,1303,21962,"AXXC[A[0,0],X[1,0|1,0],X[0,1|0,1],C[0,2]]",216,1
AXXC,1304,21963,"AXXC[A[0,0],X[1,0|1,0],X[0,1|0,1],C[1,0]]",216,1
AXXC,1305,21964,"AXXC[A[0,0],X[1,0|1,0],X[0,1|0,1],C[1,1]]",216,1
AXXC,1306,21965,"AXXC[A[0,0],X[1,0|1,0],X[0,1|0,1],C[1,2]]",216,1
AXXC,1307,21966,"AXXC[A[0,0],X[1,0|1,0],X[0,1|0,1],C[2,0]]",216,1
AXXC,1308,21967,"AXXC[A[0,0],X[1,0|1,0],X[0,1|0,1],C[2,1]]",216,1
AXXC,1309,21968,"AXXC[A[0,0],X[1,0|1,0],X[0,1|0,1],C[2,2]]",216,1
AXXC,1310,21978,"AXXC[A[0,0],X[1,0|1,0],X[0,1|1,0],C[0,0]]",108,2
AXXC,1311,21979,"AXXC[A[0,0],X[1,0|1,0],X[0,1|1,0],C[0,1]]",216,1
AXXC,1312,21981,"AXXC[A[0,0],X[1,0|1,0],X[0,1|1,0],C[1,0]]",108,2
AXXC,1313,21982,"AXXC[A[0,0],X[1,0|1,0],X[0,1|1,0],C[1,1]]",216,1
AXXC,1314,21984,"AXXC[A[0,0],X[1,0|1,0],X[0,1|1,0],C[2,0]]",108,2
AXXC,1315,21985,"AXXC[A[0,0],X[1,0|1,0],X[0,1|1,0],C[2,1]]",216,1
AXXC,1316,21987,"AXXC[A[0,0],X[1,0|1,0],X[0,1|1,1],C[0,0]]",216,1
AXXC,1317,21988,"AXXC[A[0,0],X[1,0|1,0],X[0,1|1,1],C[0,1]]",216,1
AXXC,1318,21989,"AXXC[A[0,0],X[1,0|1,0],X[0,1|1,1],C[0,2]]",216,1
AXXC,1319,21990,"AXXC[A[0,0],X[1,0|1,0],X[0,1|1,1],C[1,0]]",216,1
AXXC,1320,21991,"AXXC[A[0,0],X[1,0|1,0],X[0,1|1,1],C[1,1]]",216,1
AXXC,1321,21992,"AXXC[A[0,0],X[1,0|1,0],X[0,1|1,1],C[1,2]]",216,1
AXXC,1322,21993,"AXXC[A[0,0],X[1,0|1,0],X[0,1|1,1],C[2,0]]",216,1
AXXC,1323,21994,"AXXC[A[0,0],X[1,0|1,0],X[0,1|1,1],C[2,1]]",216,1
AXXC,1324,21995,"AXXC[A[0,0],X[1,0|1,0],X[0,1|1,1],C[2,2]]",216,1
AXXC,1325,22005,"AXXC[A[0,0],X[1,0|1,0],X[0,1|2,0],C[0,0]]",108,2
AXXC,1326,22006,"AXXC[A[0,0],X[1,0|1,0],X[0,1|2,0],C[0,1]]",216,1
AXXC,1327,22008,"AXXC[A[0,0],X[1,0|1,0],X[0,1|2,0],C[1,0]]",108,2
AXXC,1328,22009,"AXXC[A[0,0],X[1,0|1,0],X[0,1|2,0],C[1,1]]",216,1
AXXC,1329,22011,"AXXC[A[0,0],X[1,0|1,0],X[0,1|2,0],C[2,0]]",108,2
AXXC,1330,22012,"AXXC[A[0,0],X[1,0|1,0],X[0,1|2,0],C[2,1]]",216,1
AXXC,1331,22014,"AXXC[A[0,0],X[1,0|1,0],X[0,1|2,1],C[0,0]]",216,1
AXXC,1332,22015,"AXXC[A[0,0],X[1,0|1,0],X[0,1|2,1],C[0,1]]",216,1
AXXC,1333,22016,"AXXC[A[0,0],X[1,0|1,0],X[0,1|2,1],C[0,2]]",216,1
AXXC,1334,22017,"AXXC[A[0,0],X[1,0|1,0],X[0,1|2,1],C[1,0]]",216,1
AXXC,1335,22018,"AXXC[A[0,0],X[1,0|1,0],X[0,1|2,1],C[1,1]]",216,1
AXXC,1336,22019,"AXXC[A[0,0],X[1,0|1,0],X[0,1|2,1],C[1,2]]",216,1
AXXC,1337,22020,"AXXC[A[0,0],X[1,0|1,0],X[0,1|2,1],C[2,0]]",216,1
AXXC,1338,22021,"AXXC[A[0,0],X[1,0|1,0],X[0,1|2,1],C[2,1]]",216,1
AXXC,1339,22022,"AXXC[A[0,0],X[1,0|1,0],X[0,1|2,1],C[2,2]]",216,1
AXXC,1340,22032,"AXXC[A[0,0],X[1,0|1,0],X[0,2|0,0],C[0,0]]",108,2
AXXC,1341,22033,"AXXC[A[0,0],X[1,0|1,0],X[0,2|0,0],C[0,1]]",216,1
AXXC,1342,22035,"AXXC[A[0,0],X[1,0|1,0],X[0,2|0,0],C[1,0]]",108,2
AXXC,1343,22036,"AXXC[A[0,0],X[1,0|1,0],X[0,2|0,0],C[1,1]]",216,1
AXXC,1344,22038,"AXXC[A[0,0],X[1,0|1,0],X[0,2|0,0],C[2,0]]",108,2
AXXC,1345,22039,"AXXC[A[0,0],X[1,0|1,0],X[0,2|0,0],C[2,1]]",216,1
AXXC,1346,22041,"AXXC[A[0,0],X[1,0|1,0],X[0,2|0,1],C[0,0]]",216,1
AXXC,1347,22042,"AXXC[A[0,0],X[1,0|1,0],X[0,2|0,1],C[0,1]]",216,1
AXXC,1348,22043,"AXXC[A[0,0],X[1,0|1,0],X[0,2|0,1],C[0,2]]",216,1
AXXC,1349,22044,"AXXC[A[0,0],X[1,0|1,0],X[0,2|0,1],C[1,0]]",216,1
AXXC,1350,22045,"AXXC[A[0,0],X[1,0|1,0],X[0,2|0,1],C[1,1]]",216,1
AXXC,1351,22046,"AXXC[A[0,0],X[1,0|1,0],X[0,2|0,1],C[1,2]]",216,1
AXXC,1352,22047,"AXXC[A[0,0],X[1,0|1,0],X[0,2|0,1],C[2,0]]",216,1
AXXC,1353,22048,"AXXC[A[0,0],X[1,0|1,0],X[0,2|0,1],C[2,1]]",216,1
AXXC,1354,22049,"AXXC[A[0,0],X[1,0|1,0],X[0,2|0,1],C[2,2]]",216,1
AXXC,1355,22059,"AXXC[A[0,0],X[1,0|1,0],X[0,2|1,0],C[0,0]]",108,2
AXXC,1356,22060,"AXXC[A[0,0],X[1,0|1,0],X[0,2|1,0],C[0,1]]",216,1
AXXC,1357,22062,"AXXC[A[0,0],X[1,0|1,0],X[0,2|1,0],C[1,0]]",108,2
AXXC,1358,22063,"AXXC[A[0,0],X[1,0|1,0],X[0,2|1,0],C[1,1]]",216,1
AXXC,1359,22065,"AXXC[A[0,0],X[1,0|1,0],X[0,2|1,0],C[2,0]]",108,2
AXXC,1360,22066,"AXXC[A[0,0],X[1,0|1,0],X[0,2|1,0],C[2,1]]",216,1
AXXC,1361,22068,"AXXC[A[0,0],X[1,0|1,0],X[0,2|1,1],C[0,0]]",216,1
AXXC,1362,22069,"AXXC[A[0,0],X[1,0|1,0],X[0,2|1,1],C[0,1]]",216,1
AXXC,1363,22070,"AXXC[A[0,0],X[1,0|1,0],X[0,2|1,1],C[0,2]]",216,1
AXXC,1364,22071,"AXXC[A[0,0],X[1,0|1,0],X[0,2|1,1],C[1,0]]",216,1
AXXC,1365,22072,"AXXC[A[0,0],X[1,0|1,0],X[0,2|1,1],C[1,1]]",216,1
AXXC,1366,22073,"AXXC[A[0,0],X[1,0|1,0],X[0,2|1,1],C[1,2]]",216,1
AXXC,1367,22074,"AXXC[A[0,0],X[1,0|1,0],X[0,2|1,1],C[2,0]]",216,1
AXXC,1368,22075,"AXXC[A[0,0],X[1,0|1,0],X[0,2|1,1],C[2,1]]",216,1
AXXC,1369,22076,"AXXC[A[0,0],X[1,0|1,0],X[0,2|1,1],C[2,2]]",216,1
AXXC,1370,22086,"AXXC[A[0,0],X[1,0|1,0],X[0,2|2,0],C[0,0]]",108,2
AXXC,1371,22087,"AXXC[A[0,0],X[1,0|1,0],X[0,2|2,0],C[0,1]]",216,1
AXXC,1372,22089,"AXXC[A[0,0],X[1,0|1,0],X[0,2|2,0],C[1,0]]",108,2
AXXC,1373,22090,"AXXC[A[0,0],X[1,0|1,0],X[0,2|2,0],C[1,1]]",216,1
AXXC,1374,22092,"AXXC[A[0,0],X[1,0|1,0],X[0,2|2,0],C[2,0]]",108,2
AXXC,1375,22093,"AXXC[A[0,0],X[1,0|1,0],X[0,2|2,0],C[2,1]]",216,1
AXXC,1376,22095,"AXXC[A[0,0],X[1,0|1,0],X[0,2|2,1],C[0,0]]",216,1
AXXC,1377,22096,"AXXC[A[0,0],X[1,0|1,0],X[0,2|2,1],C[0,1]]",216,1
AXXC,1378,22097,"AXXC[A[0,0],X[1,0|1,0],X[0,2|2,1],C[0,2]]",216,1
AXXC,1379,22098,"AXXC[A[0,0],X[1,0|1,0],X[0,2|2,1],C[1,0]]",216,1
AXXC,1380,22099,"AXXC[A[0,0],X[1,0|1,0],X[0,2|2,1],C[1,1]]",216,1
AXXC,1381,22100,"AXXC[A[0,0],X[1,0|1,0],X[0,2|2,1],C[1,2]]",216,1
AXXC,1382,22101,"AXXC[A[0,0],X[1,0|1,0],X[0,2|2,1],C[2,0]]",216,1
AXXC,1383,22102,"AXXC[A[0,0],X[1,0|1,0],X[0,2|2,1],C[2,1]]",216,1
AXXC,1384,22103,"AXXC[A[0,0],X[1,0|1,0],X[0,2|2,1],C[2,2]]",216,1
AXXC,1385,22113,"AXXC[A[0,0],X[1,0|1,0],X[1,0|0,0],C[0,0]]",108,2
AXXC,1386,22114,"AXXC[A[0,0],X[1,0|1,0],X[1,0|0,0],C[0,1]]",216,1
AXXC,1387,22116,"AXXC[A[0,0],X[1,0|1,0],X[1,0|0,0],C[1,0]]",108,2
AXXC,1388,22117,"AXXC[A[0,0],X[1,0|1,0],X[1,0|0,0],C[1,1]]",216,1
AXXC,1389,22119,"AXXC[A[0,0],X[1,0|1,0],X[1,0|0,0],C[2,0]]",108,2
AXXC,1390,22120,"AXXC[A[0,0],X[1,0|1,0],X[1,0|0,0],C[2,1]]",216,1
AXXC,1391,22122,"AXXC[A[0,0],X[1,0|1,0],X[1,0|0,1],C[0,0]]",216,1
AXXC,1392,22123,"AXXC[A[0,0],X[1,0|1,0],X[1,0|0,1],C[0,1]]",216,1
AXXC,1393,22124,"AXXC[A[0,0],X[1,0|1,0],X[1,0|0,1],C[0,2]]",216,1
AXXC,1394,22125,"AXXC[A[0,0],X[1,0|1,0],X[1,0|0,1],C[1,0]]",216,1
AXXC,1395,22126,"AXXC[A[0,0],X[1,0|1,0],X[1,0|0,1],C[1,1]]",216,1
AXXC,1396,22127,"AXXC[A[0,0],X[1,0|1,0],X[1,0|0,1],C[1,2]]",216,1
AXXC,1397,22128,"AXXC[A[0,0],X[1,0|1,0],X[1,0|0,1],C[2,0]]",216,1
AXXC,1398,22129,"AXXC[A[0,0],X[1,0|1,0],X[1,0|0,1],C[2,1]]",216,1
AXXC,1399,22130,"AXXC[A[0,0],X[1,0|1,0],X[1,0|0,1],C[2,2]]",216,1
AXXC,1400,22140,"AXXC[A[0,0],X[1,0|1,0],X[1,0|1,0],C[0,0]]",108,2
AXXC,1401,22141,"AXXC[A[0,0],X[1,0|1,0],X[1,0|1,0],C[0,1]]",216,1
AXXC,1402,22143,"AXXC[A[0,0],X[1,0|1,0],X[1,0|1,0],C[1,0]]",108,2
AXXC,1403,22144,"AXXC[A[0,0],X[1,0|1,0],X[1,0|1,0],C[1,1]]",216,1
AXXC,1404,22146,"AXXC[A[0,0],X[1,0|1,0],X[1,0|1,0],C[2,0]]",108,2
AXXC,1405,22147,"AXXC[A[0,0],X[1,0|1,0],X[1,0|1,0],C[2,1]]",216,1
AXXC,1406,22149,"AXXC[A[0,0],X[1,0|1,0],X[1,0|1,1],C[0,0]]",216,1
AXXC,1407,22150,"AXXC[A[0,0],X[1,0|1,0],X[1,0|1,1],C[0,1]]",216,1
AXXC,1408,22151,"AXXC[A[0,0],X[1,0|1,0],X[1,0|1,1],C[0,2]]",216,1
AXXC,1409,22152,"AXXC[A[0,0],X[1,0|1,0],X[1,0|1,1],C[1,0]]",216,1
AXXC,1410,22153,"AXXC[A[0,0],X[1,0|1,0],X[1,0|1,1],C[1,1]]",216,1
AXXC,1411,22154,"AXXC[A[0,0],X[1,0|1,0],X[1,0|1,1],C[1,2]]",216,1
AXXC,1412,22155,"AXXC[A[0,0],X[1,0|1,0],X[1,0|1,1],C[2,0]]",216,1
AXXC,1413,22156,"AXXC[A[0,0],X[1,0|1,0],X[1,0|1,1],C[2,1]]",216,1
AXXC,1414,22157,"AXXC[A[0,0],X[1,0|1,0],X[1,0|1,1],C[2,2]]",216,1
AXXC,1415,22167,"AXXC[A[0,0],X[1,0|1,0],X[1,0|2,0],C[0,0]]",108,2
AXXC,1416,22168,"AXXC[A[0,0],X[1,0|1,0],X[1,0|2,0],C[0,1]]",216,1
AXXC,1417,22170,"AXXC[A[0,0],X[1,0|1,0],X[1,0|2,0],C[1,0]]",108,2
AXXC,1418,22171,"AXXC[A[0,0],X[1,0|1,0],X[1,0|2,0],C[1,1]]",216,1
AXXC,1419,22173,"AXXC[A[0,0],X[1,0|1,0],X[1,0|2,0],C[2,0]]",108,2
AXXC,1420,22174,"AXXC[A[0,0],X[1,0|1,0],X[1,0|2,0],C[2,1]]",216,1
AXXC,1421,22176,"AXXC[A[0,0],X[1,0|1,0],X[1,0|2,1],C[0,0]]",216,1
AXXC,1422,22177,"AXXC[A[0,0],X[1,0|1,0],X[1,0|2,1],C[0,1]]",216,1
AXXC,1423,22178,"AXXC[A[0,0],X[1,0|1,0],X[1,0|2,1],C[0,2]]",216,1
AXXC,1424,22179,"AXXC[A[0,0],X[1,0|1,0],X[1,0|2,1],C[1,0]]",216,1
AXXC,1425,22180,"AXXC[A[0,0],X[1,0|1,0],X[1,0|2,1],C[1,1]]",216,1
AXXC,1426,22181,"AXXC[A[0,0],X[1,0|1,0],X[1,0|2,1],C[1,2]]",216,1
AXXC,1427,22182,"AXXC[A[0,0],X[1,0|1,0],X[1,0|2,1],C[2,0]]",216,1
AXXC,1428,22183,"AXXC[A[0,0],X[1,0|1,0],X[1,0|2,1],C[2,1]]",216,1
AXXC,1429,22184,"AXXC[A[0,0],X[1,0|1,0],X[1,0|2,1],C[2,2]]",216,1
AXXC,1430,22194,"AXXC[A[0,0],X[1,0|1,0],X[1,1|0,0],C[0,0]]",108,2
AXXC,1431,22195,"AXXC[A[0,0],X[1,0|1,0],X[1,1|0,0],C[0,1]]",216,1
AXXC,1432,22197,"AXXC[A[0,0],X[1,0|1,0],X[1,1|0,0],C[1,0]]",108,2
AXXC,1433,22198,"AXXC[A[0,0],X[1,0|1,0],X[1,1|0,0],C[1,1]]",216,1
AXXC,1434,22200,"AXXC[A[0,0],X[1,0|1,0],X[1,1|0,0],C[2,0]]",108,2
AXXC,1435,22201,"AXXC[A[0,0],X[1,0|1,0],X[1,1|0,0],C[2,1]]",216,1
AXXC,1436,22203,"AXXC[A[0,0],X[1,0|1,0],X[1,1|0,1],C[0,0]]",216,1
AXXC,1437,22204,"AXXC[A[0,0],X[1,0|1,0],X[1,1|0,1],C[0,1]]",216,1
AXXC,1438,22205,"AXXC[A[0,0],X[1,0|1,0],X[1,1|0,1],C[0,2]]",216,1
AXXC,1439,22206,"AXXC[A[0,0],X[1,0|1,0],X[1,1|0,1],C[1,0]]",216,1
AXXC,1440,22207,"AXXC[A[0,0],X[1,0|1,0],X[1,1|0,1],C[1,1]]",216,1
AXXC,1441,22208,"AXXC[A[0,0],X[1,0|1,0],X[1,1|0,1],C[1,2]]",216,1
AXXC,1442,22209,"AXXC[A[0,0],X[1,0|1,0],X[1,1|0,1],C[2,0]]",216,1
AXXC,1443,22210,"AXXC[A[0,0],X[1,0|1,0],X[1,1|0,1],C[2,1]]",216,1
AXXC,1444,22211,"AXXC[A[0,0],X[1,0|1,0],X[1,1|0,1],C[2,2]]",216,1
AXXC,1445,22221,"AXXC[A[0,0],X[1,0|1,0],X[1,1|1,0],C[0,0]]",108,2
AXXC,1446,22222,"AXXC[A[0,0],X[1,0|1,0],X[1,1|1,0],C[0,1]]",216,1
AXXC,1447,22224,"AXXC[A[0,0],X[1,0|1,0],X[1,1|1,0],C[1,0]]",108,2
AXXC,1448,22225,"AXXC[A[0,0],X[1,0|1,0],X[1,1|1,0],C[1,1]]",216,1
AXXC,1449,22227,"AXXC[A[0,0],X[1,0|1,0],X[1,1|1,0],C[2,0]]",108,2
AXXC,1450,22228,"AXXC[A[0,0],X[1,0|1,0],X[1,1|1,0],C[2,1]]",216,1
AXXC,1451,22230,"AXXC[A[0,0],X[1,0|1,0],X[1,1|1,1],C[0,0]]",216,1
AXXC,1452,22231,"AXXC[A[0,0],X[1,0|1,0],X[1,1|1,1],C[0,1]]",216,1
AXXC,1453,22232,"AXXC[A[0,0],X[1,0|1,0],X[1,1|1,1],C[0,2]]",216,1
AXXC,1454,22233,"AXXC[A[0,0],X[1,0|1,0],X[1,1|1,1],C[1,0]]",216,1
AXXC,1455,22234,"AXXC[A[0,0],X[1,0|1,0],X[1,1|1,1],C[1,1]]",216,1
AXXC,1456,22235,"AXXC[A[0,0],X[1,0|1,0],X[1,1|1,1],C[1,2]]",216,1
AXXC,1457,22236,"AXXC[A[0,0],X[1,0|1,0],X[1,1|1,1],C[2,0]]",216,1
AXXC,1458,22237,"AXXC[A[0,0],X[1,0|1,0],X[1,1|1,1],C[2,1]]",216,1
AXXC,1459,22238,"AXXC[A[0,0],X[1,0|1,0],X[1,1|1,1],C[2,2]]",216,1
AXXC,1460,22248,"AXXC[A[0,0],X[1,0|1,0],X[1,1|2,0],C[0,0]]",108,2
AXXC,1461,22249,"AXXC[A[0,0],X[1,0|1,0],X[1,1|2,0],C[0,1]]",216,1
AXXC,1462,22251,"AXXC[A[0,0],X[1,0|1,0],X[1,1|2,0],C[1,0]]",108,2
AXXC,1463,22252,"AXXC[A[0,0],X[1,0|1,0],X[1,1|2,0],C[1,1]]",216,1
AXXC,1464,22254,"AXXC[A[0,0],X[1,0|1,0],X[1,1|2,0],C[2,0]]",108,2
AXXC,1465,22255,"AXXC[A[0,0],X[1,0|1,0],X[1,1|2,0],C[2,1]]",216,1
AXXC,1466,22257,"AXXC[A[0,0],X[1,0|1,0],X[1,1|2,1],C[0,0]]",216,1
AXXC,1467,22258,"AXXC[A[0,0],X[1,0|1,0],X[1,1|2,1],C[0,1]]",216,1
AXXC,1468,22259,"AXXC[A[0,0],X[1,0|1,0],X[1,1|2,1],C[0,2]]",216,1
AXXC,1469,22260,"AXXC[A[0,0],X[1,0|1,0],X[1,1|2,1],C[1,0]]",216,1
AXXC,1470,22261,"AXXC[A[0,0],X[1,0|1,0],X[1,1|2,1],C[1,1]]",216,1
AXXC,1471,22262,"AXXC[A[0,0],X[1,0|1,0],X[1,1|2,1],C[1,2]]",216,1
AXXC,1472,22263,"AXXC[A[0,0],X[1,0|1,0],X[1,1|2,1],C[2,0]]",216,1
AXXC,1473,22264,"AXXC[A[0,0],X[1,0|1,0],X[1,1|2,1],C[2,1]]",216,1
AXXC,1474,22265,"AXXC[A[0,0],X[1,0|1,0],X[1,1|2,1],C[2,2]]",216,1
AXXC,1475,22275,"AXXC[A[0,0],X[1,0|1,0],X[1,2|0,0],C[0,0]]",108,2
AXXC,1476,22276,"AXXC[A[0,0],X[1,0|1,0],X[1,2|0,0],C[0,1]]",216,1
AXXC,1477,22278,"AXXC[A[0,0],X[1,0|1,0],X[1,2|0,0],C[1,0]]",108,2
AXXC,1478,22279,"AXXC[A[0,0],X[1,0|1,0],X[1,2|0,0],C[1,1]]",216,1
AXXC,1479,22281,"AXXC[A[0,0],X[1,0|1,0],X[1,2|0,0],C[2,0]]",108,2
AXXC,1480,22282,"AXXC[A[0,0],X[1,0|1,0],X[1,2|0,0],C[2,1]]",216,1
AXXC,1481,22284,"AXXC[A[0,0],X[1,0|1,0],X[1,2|0,1],C[0,0]]",216,1
AXXC,1482,22285,"AXXC[A[0,0],X[1,0|1,0],X[1,2|0,1],C[0,1]]",216,1
AXXC,1483,22286,"AXXC[A[0,0],X[1,0|1,0],X[1,2|0,1],C[0,2]]",216,1
AXXC,1484,22287,"AXXC[A[0,0],X[1,0|1,0],X[1,2|0,1],C[1,0]]",216,1
AXXC,1485,22288,"AXXC[A[0,0],X[1,0|1,0],X[1,2|0,1],C[1,1]]",216,1
AXXC,1486,22289,"AXXC[A[0,0],X[1,0|1,0],X[1,2|0,1],C[1,2]]",216,1
AXXC,1487,22290,"AXXC[A[0,0],X[1,0|1,0],X[1,2|0,1],C[2,0]]",216,1
AXXC,1488,22291,"AXXC[A[0,0],X[1,0|1,0],X[1,2|0,1],C[2,1]]",216,1
AXXC,1489,22292,"AXXC[A[0,0],X[1,0|1,0],X[1,2|0,1],C[2,2]]",216,1
AXXC,1490,22302,"AXXC[A[0,0],X[1,0|1,0],X[1,2|1,0],C[0,0]]",108,2
AXXC,1491,22303,"AXXC[A[0,0],X[1,0|1,0],X[1,2|1,0],C[0,1]]",216,1
AXXC,1492,22305,"AXXC[A[0,0],X[1,0|1,0],X[1,2|1,0],C[1,0]]",108,2
AXXC,1493,22306,"AXXC[A[0,0],X[1,0|1,0],X[1,2|1,0],C[1,1]]",216,1
AXXC,1494,22308,"AXXC[A[0,0],X[1,0|1,0],X[1,2|1,0],C[2,0]]",108,2
AXXC,1495,22309,"AXXC[A[0,0],X[1,0|1,0],X[1,2|1,0],C[2,1]]",216,1
AXXC,1496,22311,"AXXC[A[0,0],X[1,0|1,0],X[1,2|1,1],C[0,0]]",216,1
AXXC,1497,22312,"AXXC[A[0,0],X[1,0|1,0],X[1,2|1,1],C[0,1]]",216,1
AXXC,1498,22313,"AXXC[A[0,0],X[1,0|1,0],X[1,2|1,1],C[0,2]]",216,1
AXXC,1499,22314,"AXXC[A[0,0],X[1,0|1,0],X[1,2|1,1],C[1,0]]",216,1
AXXC,1500,22315,"AXXC[A[0,0],X[1,0|1,0],X[1,2|1,1],C[1,1]]",216,1
AXXC,1501,22316,"AXXC[A[0,0],X[1,0|1,0],X[1,2|1,1],C[1,2]]",216,1
AXXC,1502,22317,"AXXC[A[0,0],X[1,0|1,0],X[1,2|1,1],C[2,0]]",216,1
AXXC,1503,22318,"AXXC[A[0,0],X[1,0|1,0],X[1,2|1,1],C[2,1]]",216,1
AXXC,1504,22319,"AXXC[A[0,0],X[1,0|1,0],X[1,2|1,1],C[2,2]]",216,1
AXXC,1505,22329,"AXXC[A[0,0],X[1,0|1,0],X[1,2|2,0],C[0,0]]",108,2
AXXC,1506,22330,"AXXC[A[0,0],X[1,0|1,0],X[1,2|2,0],C[0,1]]",216,1
AXXC,1507,22332,"AXXC[A[0,0],X[1,0|1,0],X[1,2|2,0],C[1,0]]",108,2
AXXC,1508,22333,"AXXC[A[0,0],X[1,0|1,0],X[1,2|2,0],C[1,1]]",216,1
AXXC,1509,22335,"AXXC[A[0,0],X[1,0|1,0],X[1,2|2,0],C[2,0]]",108,2
AXXC,1510,22336,"AXXC[A[0,0],X[1,0|1,0],X[1,2|2,0],C[2,1]]",216,1
AXXC,1511,22338,"AXXC[A[0,0],X[1,0|1,0],X[1,2|2,1],C[0,0]]",216,1
AXXC,1512,22339,"AXXC[A[0,0],X[1,0|1,0],X[1,2|2,1],C[0,1]]",216,1
AXXC,1513,22340,"AXXC[A[0,0],X[1,0|1,0],X[1,2|2,1],C[0,2]]",216,1
AXXC,1514,22341,"AXXC[A[0,0],X[1,0|1,0],X[1,2|2,1],C[1,0]]",216,1
AXXC,1515,22342,"AXXC[A[0,0],X[1,0|1,0],X[1,2|2,1],C[1,1]]",216,1
AXXC,1516,22343,"AXXC[A[0,0],X[1,0|1,0],X[1,2|2,1],C[1,2]]",216,1
AXXC,1517,22344,"AXXC[A[0,0],X[1,0|1,0],X[1,2|2,1],C[2,0]]",216,1
AXXC,1518,22345,"AXXC[A[0,0],X[1,0|1,0],X[1,2|2,1],C[2,1]]",216,1
AXXC,1519,22346,"AXXC[A[0,0],X[1,0|1,0],X[1,2|2,1],C[2,2]]",216,1
AXXC,1520,22356,"AXXC[A[0,0],X[1,0|1,0],X[2,0|0,0],C[0,0]]",108,2
AXXC,1521,22357,"AXXC[A[0,0],X[1,0|1,0],X[2,0|0,0],C[0,1]]",216,1
AXXC,1522,22359,"AXXC[A[0,0],X[1,0|1,0],X[2,0|0,0],C[1,0]]",108,2
AXXC,1523,22360,"AXXC[A[0,0],X[1,0|1,0],X[2,0|0,0],C[1,1]]",216,1
AXXC,1524,22362,"AXXC[A[0,0],X[1,0|1,0],X[2,0|0,0],C[2,0]]",108,2
AXXC,1525,22363,"AXXC[A[0,0],X[1,0|1,0],X[2,0|0,0],C[2,1]]",216,1
AXXC,1526,22365,"AXXC[A[0,0],X[1,0|1,0],X[2,0|0,1],C[0,0]]",216,1
AXXC,1527,22366,"AXXC[A[0,0],X[1,0|1,0],X[2,0|0,1],C[0,1]]",216,1
AXXC,1528,22367,"AXXC[A[0,0],X[1,0|1,0],X[2,0|0,1],C[0,2]]",216,1
AXXC,1529,22368,"AXXC[A[0,0],X[1,0|1,0],X[2,0|0,1],C[1,0]]",216,1
AXXC,1530,22369,"AXXC[A[0,0],X[1,0|1,0],X[2,0|0,1],C[1,1]]",216,1
AXXC,1531,22370,"AXXC[A[0,0],X[1,0|1,0],X[2,0|0,1],C[1,2]]",216,1
AXXC,1532,22371,"AXXC[A[0,0],X[1,0|1,0],X[2,0|0,1],C[2,0]]",216,1
AXXC,1533,22372,"AXXC[A[0,0],X[1,0|1,0],X[2,0|0,1],C[2,1]]",216,1
AXXC,1534,22373,"AXXC[A[0,0],X[1,0|1,0],X[2,0|0,1],C[2,2]]",216,1
AXXC,1535,22383,"AXXC[A[0,0],X[1,0|1,0],X[2,0|1,0],C[0,0]]",108,2
AXXC,1536,22384,"AXXC[A[0,0],X[1,0|1,0],X[2,0|1,0],C[0,1]]",216,1
AXXC,1537,22386,"AXXC[A[0,0],X[1,0|1,0],X[2,0|1,0],C[1,0]]",108,2
AXXC,1538,22387,"AXXC[A[0,0],X[1,0|1,0],X[2,0|1,0],C[1,1]]",216,1
AXXC,1539,22389,"AXXC[A[0,0],X[1,0|1,0],X[2,0|1,0],C[2,0]]",108,2
AXXC,1540,22390,"AXXC[A[0,0],X[1,0|1,0],X[2,0|1,0],C[2,1]]",216,1
AXXC,1541,22392,"AXXC[A[0,0],X[1,0|1,0],X[2,0|1,1],C[0,0]]",216,1
AXXC,1542,22393,"AXXC[A[0,0],X[1,0|1,0],X[2,0|1,1],C[0,1]]",216,1
AXXC,1543,22394,"AXXC[A[0,0],X[1,0|1,0],X[2,0|1,1],C[0,2]]",216,1
AXXC,1544,22395,"AXXC[A[0,0],X[1,0|1,0],X[2,0|1,1],C[1,0]]",216,1
AXXC,1545,22396,"AXXC[A[0,0],X[1,0|1,0],X[2,0|1,1],C[1,1]]",216,1
AXXC,1546,22397,"AXXC[A[0,0],X[1,0|1,0],X[2,0|1,1],C[1,2]]",216,1
AXXC,1547,22398,"AXXC[A[0,0],X[1,0|1,0],X[2,0|1,1],C[2,0]]",216,1
AXXC,1548,22399,"AXXC[A[0,0],X[1,0|1,0],X[2,0|1,1],C[2,1]]",216,1
AXXC,1549,22400,"AXXC[A[0,0],X[1,0|1,0],X[2,0|1,1],C[2,2]]",216,1
AXXC,1550,22410,"AXXC[A[0,0],X[1,0|1,0],X[2,0|2,0],C[0,0]]",108,2
AXXC,1551,22411,"AXXC[A[0,0],X[1,0|1,0],X[2,0|2,0],C[0,1]]",216,1
AXXC,1552,22413,"AXXC[A[0,0],X[1,0|1,0],X[2,0|2,0],C[1,0]]",108,2
AXXC,1553,22414,"AXXC[A[0,0],X[1,0|1,0],X[2,0|2,0],C[1,1]]",216,1
AXXC,1554,22416,"AXXC[A[0,0],X[1,0|1,0],X[2,0|2,0],C[2,0]]",108,2
AXXC,1555,22417,"AXXC[A[0,0],X[1,0|1,0],X[2,0|2,0],C[2,1]]",216,1
AXXC,1556,22419,"AXXC[A[0,0],X[1,0|1,0],X[2,0|2,1],C[0,0]]",216,1
AXXC,1557,22420,"AXXC[A[0,0],X[1,0|1,0],X[2,0|2,1],C[0,1]]",216,1
AXXC,1558,22421,"AXXC[A[0,0],X[1,0|1,0],X[2,0|2,1],C[0,2]]",216,1
AXXC,1559,22422,"AXXC[A[0,0],X[1,0|1,0],X[2,0|2,1],C[1,0]]",216,1
AXXC,1560,22423,"AXXC[A[0,0],X[1,0|1,0],X[2,0|2,1],C[1,1]]",216,1
AXXC,1561,22424,"AXXC[A[0,0],X[1,0|1,0],X[2,0|2,1],C[1,2]]",216,1
AXXC,1562,22425,"AXXC[A[0,0],X[1,0|1,0],X[2,0|2,1],C[2,0]]",216,1
AXXC,1563,22426,"AXXC[A[0,0],X[1,0|1,0],X[2,0|2,1],C[2,1]]",216,1
AXXC,1564,22427,"AXXC[A[0,0],X[1,0|1,0],X[2,0|2,1],C[2,2]]",216,1
AXXC,1565,22437,"AXXC[A[0,0],X[1,0|1,0],X[2,1|0,0],C[0,0]]",108,2
AXXC,1566,22438,"AXXC[A[0,0],X[1,0|1,0],X[2,1|0,0],C[0,1]]",216,1
AXXC,1567,22440,"AXXC[A[0,0],X[1,0|1,0],X[2,1|0,0],C[1,0]]",108,2
AXXC,1568,22441,"AXXC[A[0,0],X[1,0|1,0],X[2,1|0,0],C[1,1]]",216,1
AXXC,1569,22443,"AXXC[A[0,0],X[1,0|1,0],X[2,1|0,0],C[2,0]]",108,2
AXXC,1570,22444,"AXXC[A[0,0],X[1,0|1,0],X[2,1|0,0],C[2,1]]",216,1
AXXC,1571,22446,"AXXC[A[0,0],X[1,0|1,0],X[2,1|0,1],C[0,0]]",216,1
AXXC,1572,22447,"AXXC[A[0,0],X[1,0|1,0],X[2,1|0,1],C[0,1]]",216,1
AXXC,1573,22448,"AXXC[A[0,0],X[1,0|1,0],X[2,1|0,1],C[0,2]]",216,1
AXXC,1574,22449,"AXXC[A[0,0],X[1,0|1,0],X[2,1|0,1],C[1,0]]",216,1
AXXC,1575,22450,"AXXC[A[0,0],X[1,0|1,0],X[2,1|0,1],C[1,1]]",216,1
AXXC,1576,22451,"AXXC[A[0,0],X[1,0|1,0],X[2,1|0,1],C[1,2]]",216,1
AXXC,1577,22452,"AXXC[A[0,0],X[1,0|1,0],X[2,1|0,1],C[2,0]]",216,1
AXXC,1578,22453,"AXXC[A[0,0],X[1,0|1,0],X[2,1|0,1],C[2,1]]",216,1
AXXC,1579,22454,"AXXC[A[0,0],X[1,0|1,0],X[2,1|0,1],C[2,2]]",216,1
AXXC,1580,22464,"AXXC[A[0,0],X[1,0|1,0],X[2,1|1,0],C[0,0]]",108,2
AXXC,1581,22465,"AXXC[A[0,0],X[1,0|1,0],X[2,1|1,0],C[0,1]]",216,1
AXXC,1582,22467,"AXXC[A[0,0],X[1,0|1,0],X[2,1|1,0],C[1,0]]",108,2
AXXC,1583,22468,"AXXC[A[0,0],X[1,0|1,0],X[2,1|1,0],C[1,1]]",216,1
AXXC,1584,22470,"AXXC[A[0,0],X[1,0|1,0],X[2,1|1,0],C[2,0]]",108,2
AXXC,1585,22471,"AXXC[A[0,0],X[1,0|1,0],X[2,1|1,0],C[2,1]]",216,1
AXXC,1586,22473,"AXXC[A[0,0],X[1,0|1,0],X[2,1|1,1],C[0,0]]",216,1
AXXC,1587,22474,"AXXC[A[0,0],X[1,0|1,0],X[2,1|1,1],C[0,1]]",216,1
AXXC,1588,22475,"AXXC[A[0,0],X[1,0|1,0],X[2,1|1,1],C[0,2]]",216,1
AXXC,1589,22476,"AXXC[A[0,0],X[1,0|1,0],X[2,1|1,1],C[1,0]]",216,1
AXXC,1590,22477,"AXXC[A[0,0],X[1,0|1,0],X[2,1|1,1],C[1,1]]",216,1
AXXC,1591,22478,"AXXC[A[0,0],X[1,0|1,0],X[2,1|1,1],C[1,2]]",216,1
AXXC,1592,22479,"AXXC[A[0,0],X[1,0|1,0],X[2,1|1,1],C[2,0]]",216,1
AXXC,1593,22480,"AXXC[A[0,0],X[1,0|1,0],X[2,1|1,1],C[2,1]]",216,1
AXXC,1594,22481,"AXXC[A[0,0],X[1,0|1,0],X[2,1|1,1],C[2,2]]",216,1
AXXC,1595,22491,"AXXC[A[0,0],X[1,0|1,0],X[2,1|2,0],C[0,0]]",108,2
AXXC,1596,22492,"AXXC[A[0,0],X[1,0|1,0],X[2,1|2,0],C[0,1]]",216,1
AXXC,1597,22494,"AXXC[A[0,0],X[1,0|1,0],X[2,1|2,0],C[1,0]]",108,2
AXXC,1598,22495,"AXXC[A[0,0],X[1,0|1,0],X[2,1|2,0],C[1,1]]",216,1
AXXC,1599,22497,"AXXC[A[0,0],X[1,0|1,0],X[2,1|2,0],C[2,0]]",108,2
AXXC,1600,22498,"AXXC[A[0,0],X[1,0|1,0],X[2,1|2,0],C[2,1]]",216,1
AXXC,1601,22500,"AXXC[A[0,0],X[1,0|1,0],X[2,1|2,1],C[0,0]]",216,1
AXXC,1602,22501,"AXXC[A[0,0],X[1,0|1,0],X[2,1|2,1],C[0,1]]",216,1
AXXC,1603,22502,"AXXC[A[0,0],X[1,0|1,0],X[2,1|2,1],C[0,2]]",216,1
AXXC,1604,22503,"AXXC[A[0,0],X[1,0|1,0],X[2,1|2,1],C[1,0]]",216,1
AXXC,1605,22504,"AXXC[A[0,0],X[1,0|1,0],X[2,1|2,1],C[1,1]]",216,1
AXXC,1606,22505,"AXXC[A[0,0],X[1,0|1,0],X[2,1|2,1],C[1,2]]",216,1
AXXC,1607,22506,"AXXC[A[0,0],X[1,0|1,0],X[2,1|2,1],C[2,0]]",216,1
AXXC,1608,22507,"AXXC[A[0,0],X[1,0|1,0],X[2,1|2,1],C[2,1]]",216,1
AXXC,1609,22508,"AXXC[A[0,0],X[1,0|1,0],X[2,1|2,1],C[2,2]]",216,1
AXXC,1610,22518,"AXXC[A[0,0],X[1,0|1,0],X[2,2|0,0],C[0,0]]",108,2
AXXC,1611,22519,"AXXC[A[0,0],X[1,0|1,0],X[2,2|0,0],C[0,1]]",216,1
AXXC,1612,22521,"AXXC[A[0,0],X[1,0|1,0],X[2,2|0,0],C[1,0]]",108,2
AXXC,1613,22522,"AXXC[A[0,0],X[1,0|1,0],X[2,2|0,0],C[1,1]]",216,1
AXXC,1614,22524,"AXXC[A[0,0],X[1,0|1,0],X[2,2|0,0],C[2,0]]",108,2
AXXC,1615,22525,"AXXC[A[0,0],X[1,0|1,0],X[2,2|0,0],C[2,1]]",216,1
AXXC,1616,22527,"AXXC[A[0,0],X[1,0|1,0],X[2,2|0,1],C[0,0]]",216,1
AXXC,1617,22528,"AXXC[A[0,0],X[1,0|1,0],X[2,2|0,1],C[0,1]]",216,1
AXXC,1618,22529,"AXXC[A[0,0],X[1,0|1,0],X[2,2|0,1],C[0,2]]",216,1
AXXC,1619,22530,"AXXC[A[0,0],X[1,0|1,0],X[2,2|0,1],C[1,0]]",216,1
AXXC,1620,22531,"AXXC[A[0,0],X[1,0|1,0],X[2,2|0,1],C[1,1]]",216,1
AXXC,1621,22532,"AXXC[A[0,0],X[1,0|1,0],X[2,2|0,1],C[1,2]]",216,1
AXXC,1622,22533,"AXXC[A[0,0],X[1,0|1,0],X[2,2|0,1],C[2,0]]",216,1
AXXC,1623,22534,"AXXC[A[0,0],X[1,0|1,0],X[2,2|0,1],C[2,1]]",216,1
AXXC,1624,22535,"AXXC[A[0,0],X[1,0|1,0],X[2,2|0,1],C[2,2]]",216,1
AXXC,1625,22545,"AXXC[A[0,0],X[1,0|1,0],X[2,2|1,0],C[0,0]]",108,2
AXXC,1626,22546,"AXXC[A[0,0],X[1,0|1,0],X[2,2|1,0],C[0,1]]",216,1
AXXC,1627,22548,"AXXC[A[0,0],X[1,0|1,0],X[2,2|1,0],C[1,0]]",108,2
AXXC,1628,22549,"AXXC[A[0,0],X[1,0|1,0],X[2,2|1,0],C[1,1]]",216,1
AXXC,1629,22551,"AXXC[A[0,0],X[1,0|1,0],X[2,2|1,0],C[2,0]]",108,2
AXXC,1630,22552,"AXXC[A[0,0],X[1,0|1,0],X[2,2|1,0],C[2,1]]",216,1
AXXC,1631,22554,"AXXC[A[0,0],X[1,0|1,0],X[2,2|1,1],C[0,0]]",216,1
AXXC,1632,22555,"AXXC[A[0,0],X[1,0|1,0],X[2,2|1,1],C[0,1]]",216,1
AXXC,1633,22556,"AXXC[A[0,0],X[1,0|1,0],X[2,2|1,1],C[0,2]]",216,1
AXXC,1634,22557,"AXXC[A[0,0],X[1,0|1,0],X[2,2|1,1],C[1,0]]",216,1
AXXC,1635,22558,"AXXC[A[0,0],X[1,0|1,0],X[2,2|1,1],C[1,1]]",216,1
AXXC,1636,22559,"AXXC[A[0,0],X[1,0|1,0],X[2,2|1,1],C[1,2]]",216,1
AXXC,1637,22560,"AXXC[A[0,0],X[1,0|1,0],X[2,2|1,1],C[2,0]]",216,1
AXXC,1638,22561,"AXXC[A[0,0],X[1,0|1,0],X[2,2|1,1],C[2,1]]",216,1
AXXC,1639,22562,"AXXC[A[0,0],X[1,0|1,0],X[2,2|1,1],C[2,2]]",216,1
AXXC,1640,22572,"AXXC[A[0,0],X[1,0|1,0],X[2,2|2,0],C[0,0]]",108,2
AXXC,1641,22573,"AXXC[A[0,0],X[1,0|1,0],X[2,2|2,0],C[0,1]]",216,1
AXXC,1642,22575,"AXXC[A[0,0],X[1,0|1,0],X[2,2|2,0],C[1,0]]",108,2
AXXC,1643,22576,"AXXC[A[0,0],X[1,0|1,0],X[2,2|2,0],C[1,1]]",216,1
AXXC,1644,22578,"AXXC[A[0,0],X[1,0|1,0],X[2,2|2,0],C[2,0]]",108,2
AXXC,1645,22579,"AXXC[A[0,0],X[1,0|1,0],X[2,2|2,0],C[2,1]]",216,1
AXXC,1646,22581,"AXXC[A[0,0],X[1,0|1,0],X[2,2|2,1],C[0,0]]",216,1
AXXC,1647,22582,"AXXC[A[0,0],X[1,0|1,0],X[2,2|2,1],C[0,1]]",216,1
AXXC,1648,22583,"AXXC[A[0,0],X[1,0|1,0],X[2,2|2,1],C[0,2]]",216,1
AXXC,1649,22584,"AXXC[A[0,0],X[1,0|1,0],X[2,2|2,1],C[1,0]]",216,1
AXXC,1650,22585,"AXXC[A[0,0],X[1,0|1,0],X[2,2|2,1],C[1,1]]",216,1
AXXC,1651,22586,"AXXC[A[0,0],X[1,0|1,0],X[2,2|2,1],C[1,2]]",216,1
AXXC,1652,22587,"AXXC[A[0,0],X[1,0|1,0],X[2,2|2,1],C[2,0]]",216,1
AXXC,1653,22588,"AXXC[A[0,0],X[1,0|1,0],X[2,2|2,1],C[2,1]]",216,1
AXXC,1654,22589,"AXXC[A[0,0],X[1,0|1,0],X[2,2|2,1],C[2,2]]",216,1
AXXC,1655,26244,"AXXC[A[0,0],X[1,1|0,0],X[0,0|0,0],C[0,0]]",108,2
AXXC,1656,26245,"AXXC[A[0,0],X[1,1|0,0],X[0,0|0,0],C[0,1]]",216,1
AXXC,1657,26247,"AXXC[A[0,0],X[1,1|0,0],X[0,0|0,0],C[1,0]]",108,2
AXXC,1658,26248,"AXXC[A[0,0],X[1,1|0,0],X[0,0|0,0],C[1,1]]",216,1
AXXC,1659,26250,"AXXC[A[0,0],X[1,1|0,0],X[0,0|0,0],C[2,0]]",108,2
AXXC,1660,26251,"AXXC[A[0,0],X[1,1|0,0],X[0,0|0,0],C[2,1]]",216,1
AXXC,1661,26253,"AXXC[A[0,0],X[1,1|0,0],X[0,0|0,1],C[0,0]]",216,1
AXXC,1662,26254,"AXXC[A[0,0],X[1,1|0,0],X[0,0|0,1],C[0,1]]",216,1
AXXC,1663,26255,"AXXC[A[0,0],X[1,1|0,0],X[0,0|0,1],C[0,2]]",216,1
AXXC,1664,26256,"AXXC[A[0,0],X[1,1|0,0],X[0,0|0,1],C[1,0]]",216,1
AXXC,1665,26257,"AXXC[A[0,0],X[1,1|0,0],X[0,0|0,1],C[1,1]]",216,1
AXXC,1666,26258,"AXXC[A[0,0],X[1,1|0,0],X[0,0|0,1],C[1,2]]",216,1
AXXC,1667,26259,"AXXC[A[0,0],X[1,1|0,0],X[0,0|0,1],C[2,0]]",216,1
AXXC,1668,26260,"AXXC[A[0,0],X[1,1|0,0],X[0,0|0,1],C[2,1]]",216,1
AXXC,1669,26261,"AXXC[A[0,0],X[1,1|0,0],X[0,0|0,1],C[2,2]]",216,1
AXXC,1670,26271,"AXXC[A[0,0],X[1,1|0,0],X[0,0|1,0],C[0,0]]",108,2
AXXC,1671,26272,"AXXC[A[0,0],X[1,1|0,0],X[0,0|1,0],C[0,1]]",216,1
AXXC,1672,26274,"AXXC[A[0,0],X[1,1|0,0],X[0,0|1,0],C[1,0]]",108,2
AXXC,1673,26275,"AXXC[A[0,0],X[1,1|0,0],X[0,0|1,0],C[1,1]]",216,1
AXXC,1674,26277,"AXXC[A[0,0],X[1,1|0,0],X[0,0|1,0],C[2,0]]",108,2
AXXC,1675,26278,"AXXC[A[0,0],X[1,1|0,0],X[0,0|1,0],C[2,1]]",216,1
AXXC,1676,26280,"AXXC[A[0,0],X[1,1|0,0],X[0,0|1,1],C[0,0]]",216,1
AXXC,1677,26281,"AXXC[A[0,0],X[1,1|0,0],X[0,0|1,1],C[0,1]]",216,1
AXXC,1678,26282,"AXXC[A[0,0],X[1,1|0,0],X[0,0|1,1],C[0,2]]",216,1
AXXC,1679,26283,"AXXC[A[0,0],X[1,1|0,0],X[0,0|1,1],C[1,0]]",216,1
AXXC,1680,26284,"AXXC[A[0,0],X[1,1|0,0],X[0,0|1,1],C[1,1]]",216,1
AXXC,1681,26285,"AXXC[A[0,0],X[1,1|0,0],X[0,0|1,1],C[1,2]]",216,1
AXXC,1682,26286,"AXXC[A[0,0],X[1,1|0,0],X[0,0|1,1],C[2,0]]",216,1
AXXC,1683,26287,"AXXC[A[0,0],X[1,1|0,0],X[0,0|1,1],C[2,1]]",216,1
AXXC,1684,26288,"AXXC[A[0,0],X[1,1|0,0],X[0,0|1,1],C[2,2]]",216,1
AXXC,1685,26298,"AXXC[A[0,0],X[1,1|0,0],X[0,0|2,0],C[0,0]]",108,2
AXXC,1686,26299,"AXXC[A[0,0],X[1,1|0,0],X[0,0|2,0],C[0,1]]",216,1
AXXC,1687,26301,"AXXC[A[0,0],X[1,1|0,0],X[0,0|2,0],C[1,0]]",108,2
AXXC,1688,26302,"AXXC[A[0,0],X[1,1|0,0],X[0,0|2,0],C[1,1]]",216,1
AXXC,1689,26304,"AXXC[A[0,0],X[1,1|0,0],X[0,0|2,0],C[2,0]]",108,2
AXXC,1690,26305,"AXXC[A[0,0],X[1,1|0,0],X[0,0|2,0],C[2,1]]",216,1
AXXC,1691,26307,"AXXC[A[0,0],X[1,1|0,0],X[0,0|2,1],C[0,0]]",216,1
AXXC,1692,26308,"AXXC[A[0,0],X[1,1|0,0],X[0,0|2,1],C[0,1]]",216,1
AXXC,1693,26309,"AXXC[A[0,0],X[1,1|0,0],X[0,0|2,1],C[0,2]]",216,1
AXXC,1694,26310,"AXXC[A[0,0],X[1,1|0,0],X[0,0|2,1],C[1,0]]",216,1
AXXC,1695,26311,"AXXC[A[0,0],X[1,1|0,0],X[0,0|2,1],C[1,1]]",216,1
AXXC,1696,26312,"AXXC[A[0,0],X[1,1|0,0],X[0,0|2,1],C[1,2]]",216,1
AXXC,1697,26313,"AXXC[A[0,0],X[1,1|0,0],X[0,0|2,1],C[2,0]]",216,1
AXXC,1698,26314,"AXXC[A[0,0],X[1,1|0,0],X[0,0|2,1],C[2,1]]",216,1
AXXC,1699,26315,"AXXC[A[0,0],X[1,1|0,0],X[0,0|2,1],C[2,2]]",216,1
AXXC,1700,26325,"AXXC[A[0,0],X[1,1|0,0],X[0,1|0,0],C[0,0]]",108,2
AXXC,1701,26326,"AXXC[A[0,0],X[1,1|0,0],X[0,1|0,0],C[0,1]]",216,1
AXXC,1702,26328,"AXXC[A[0,0],X[1,1|0,0],X[0,1|0,0],C[1,0]]",108,2
AXXC,1703,26329,"AXXC[A[0,0],X[1,1|0,0],X[0,1|0,0],C[1,1]]",216,1
AXXC,1704,26331,"AXXC[A[0,0],X[1,1|0,0],X[0,1|0,0],C[2,0]]",108,2
AXXC,1705,26332,"AXXC[A[0,0],X[1,1|0,0],X[0,1|0,0],C[2,1]]",216,1
AXXC,1706,26334,"AXXC[A[0,0],X[1,1|0,0],X[0,1|0,1],C[0,0]]",216,1
AXXC,1707,26335,"AXXC[A[0,0],X[1,1|0,0],X[0,1|0,1],C[0,1]]",216,1
AXXC,1708,26336,"AXXC[A[0,0],X[1,1|0,0],X[0,1|0,1],C[0,2]]",216,1
AXXC,1709,26337,"AXXC[A[0,0],X[1,1|0,0],X[0,1|0,1],C[1,0]]",216,1
AXXC,1710,26338,"AXXC[A[0,0],X[1,1|0,0],X[0,1|0,1],C[1,1]]",216,1
AXXC,1711,26339,"AXXC[A[0,0],X[1,1|0,0],X[0,1|0,1],C[1,2]]",216,1
AXXC,1712,26340,"AXXC[A[0,0],X[1,1|0,0],X[0,1|0,1],C[2,0]]",216,1
AXXC,1713,26341,"AXXC[A[0,0],X[1,1|0,0],X[0,1|0,1],C[2,1]]",216,1
AXXC,1714,26342,"AXXC[A[0,0],X[1,1|0,0],X[0,1|0,1],C[2,2]]",216,1
AXXC,1715,26352,"AXXC[A[0,0],X[1,1|0,0],X[0,1|1,0],C[0,0]]",108,2
AXXC,1716,26353,"AXXC[A[0,0],X[1,1|0,0],X[0,1|1,0],C[0,1]]",216,1
AXXC,1717,26355,"AXXC[A[0,0],X[1,1|0,0],X[0,1|1,0],C[1,0]]",108,2
AXXC,1718,26356,"AXXC[A[0,0],X[1,1|0,0],X[0,1|1,0],C[1,1]]",216,1
AXXC,1719,26358,"AXXC[A[0,0],X[1,1|0,0],X[0,1|1,0],C[2,0]]",108,2
AXXC,1720,26359,"AXXC[A[0,0],X[1,1|0,0],X[0,1|1,0],C[2,1]]",216,1
AXXC,1721,26361,"AXXC[A[0,0],X[1,1|0,0],X[0,1|1,1],C[0,0]]",216,1
AXXC,1722,26362,"AXXC[A[0,0],X[1,1|0,0],X[0,1|1,1],C[0,1]]",216,1
AXXC,1723,26363,"AXXC[A[0,0],X[1,1|0,0],X[0,1|1,1],C[0,2]]",216,1
AXXC,1724,26364,"AXXC[A[0,0],X[1,1|0,0],X[0,1|1,1],C[1,0]]",216,1
AXXC,1725,26365,"AXXC[A[0,0],X[1,1|0,0],X[0,1|1,1],C[1,1]]",216,1
AXXC,1726,26366,"AXXC[A[0,0],X[1,1|0,0],X[0,1|1,1],C[1,2]]",216,1
AXXC,1727,26367,"AXXC[A[0,0],X[1,1|0,0],X[0,1|1,1],C[2,0]]",216,1
AXXC,1728,26368,"AXXC[A[0,0],X[1,1|0,0],X[0,1|1,1],C[2,1]]",216,1
AXXC,1729,26369,"AXXC[A[0,0],X[1,1|0,0],X[0,1|1,1],C[2,2]]",216,1
AXXC,1730,26379,"AXXC[A[0,0],X[1,1|0,0],X[0,1|2,0],C[0,0]]",108,2
AXXC,1731,26380,"AXXC[A[0,0],X[1,1|0,0],X[0,1|2,0],C[0,1]]",216,1
AXXC,1732,26382,"AXXC[A[0,0],X[1,1|0,0],X[0,1|2,0],C[1,0]]",108,2
AXXC,1733,26383,"AXXC[A[0,0],X[1,1|0,0],X[0,1|2,0],C[1,1]]",216,1
AXXC,1734,26385,"AXXC[A[0,0],X[1,1|0,0],X[0,1|2,0],C[2,0]]",108,2
AXXC,1735,26386,"AXXC[A[0,0],X[1,1|0,0],X[0,1|2,0],C[2,1]]",216,1
AXXC,1736,26388,"AXXC[A[0,0],X[1,1|0,0],X[0,1|2,1],C[0,0]]",216,1
AXXC,1737,26389,"AXXC[A[0,0],X[1,1|0,0],X[0,1|2,1],C[0,1]]",216,1
AXXC,1738,26390,"AXXC[A[0,0],X[1,1|0,0],X[0,1|2,1],C[0,2]]",216,1
AXXC,1739,26391,"AXXC[A[0,0],X[1,1|0,0],X[0,1|2,1],C[1,0]]",216,1
AXXC,1740,26392,"AXXC[A[0,0],X[1,1|0,0],X[0,1|2,1],C[1,1]]",216,1
AXXC,1741,26393,"AXXC[A[0,0],X[1,1|0,0],X[0,1|2,1],C[1,2]]",216,1
AXXC,1742,26394,"AXXC[A[0,0],X[1,1|0,0],X[0,1|2,1],C[2,0]]",216,1
AXXC,1743,26395,"AXXC[A[0,0],X[1,1|0,0],X[0,1|2,1],C[2,1]]",216,1
AXXC,1744,26396,"AXXC[A[0,0],X[1,1|0,0],X[0,1|2,1],C[2,2]]",216,1
AXXC,1745,26406,"AXXC[A[0,0],X[1,1|0,0],X[0,2|0,0],C[0,0]]",108,2
AXXC,1746,26407,"AXXC[A[0,0],X[1,1|0,0],X[0,2|0,0],C[0,1]]",216,1
AXXC,1747,26409,"AXXC[A[0,0],X[1,1|0,0],X[0,2|0,0],C[1,0]]",108,2
AXXC,1748,26410,"AXXC[A[0,0],X[1,1|0,0],X[0,2|0,0],C[1,1]]",216,1
AXXC,1749,26412,"AXXC[A[0,0],X[1,1|0,0],X[0,2|0,0],C[2,0]]",108,2
AXXC,1750,26413,"AXXC[A[0,0],X[1,1|0,0],X[0,2|0,0],C[2,1]]",216,1
AXXC,1751,26415,"AXXC[A[0,0],X[1,1|0,0],X[0,2|0,1],C[0,0]]",216,1
AXXC,1752,26416,"AXXC[A[0,0],X[1,1|0,0],X[0,2|0,1],C[0,1]]",216,1
AXXC,1753,26417,"AXXC[A[0,0],X[1,1|0,0],X[0,2|0,1],C[0,2]]",216,1
AXXC,1754,26418,"AXXC[A[0,0],X[1,1|0,0],X[0,2|0,1],C[1,0]]",216,1
AXXC,1755,26419,"AXXC[A[0,0],X[1,1|0,0],X[0,2|0,1],C[1,1]]",216,1
AXXC,1756,26420,"AXXC[A[0,0],X[1,1|0,0],X[0,2|0,1],C[1,2]]",216,1
AXXC,1757,26421,"AXXC[A[0,0],X[1,1|0,0],X[0,2|0,1],C[2,0]]",216,1
AXXC,1758,26422,"AXXC[A[0,0],X[1,1|0,0],X[0,2|0,1],C[2,1]]",216,1
AXXC,1759,26423,"AXXC[A[0,0],X[1,1|0,0],X[0,2|0,1],C[2,2]]",216,1
AXXC,1760,26433,"AXXC[A[0,0],X[1,1|0,0],X[0,2|1,0],C[0,0]]",108,2
AXXC,1761,26434,"AXXC[A[0,0],X[1,1|0,0],X[0,2|1,0],C[0,1]]",216,1
AXXC,1762,26436,"AXXC[A[0,0],X[1,1|0,0],X[0,2|1,0],C[1,0]]",108,2
AXXC,1763,26437,"AXXC[A[0,0],X[1,1|0,0],X[0,2|1,0],C[1,1]]",216,1
AXXC,1764,26439,"AXXC[A[0,0],X[1,1|0,0],X[0,2|1,0],C[2,0]]",108,2
AXXC,1765,26440,"AXXC[A[0,0],X[1,1|0,0],X[0,2|1,0],C[2,1]]",216,1
AXXC,1766,26442,"AXXC[A[0,0],X[1,1|0,0],X[0,2|1,1],C[0,0]]",216,1
AXXC,1767,26443,"AXXC[A[0,0],X[1,1|0,0],X[0,2|1,1],C[0,1]]",216,1
AXXC,1768,26444,"AXXC[A[0,0],X[1,1|0,0],X[0,2|1,1],C[0,2]]",216,1
AXXC,1769,26445,"AXXC[A[0,0],X[1,1|0,0],X[0,2|1,1],C[1,0]]",216,1
AXXC,1770,26446,"AXXC[A[0,0],X[1,1|0,0],X[0,2|1,1],C[1,1]]",216,1
AXXC,1771,26447,"AXXC[A[0,0],X[1,1|0,0],X[0,2|1,1],C[1,2]]",216,1
AXXC,1772,26448,"AXXC[A[0,0],X[1,1|0,0],X[0,2|1,1],C[2,0]]",216,1
AXXC,1773,26449,"AXXC[A[0,0],X[1,1|0,0],X[0,2|1,1],C[2,1]]",216,1
AXXC,1774,26450,"AXXC[A[0,0],X[1,1|0,0],X[0,2|1,1],C[2,2]]",216,1
AXXC,1775,26460,"AXXC[A[0,0],X[1,1|0,0],X[0,2|2,0],C[0,0]]",108,2
AXXC,1776,26461,"AXXC[A[0,0],X[1,1|0,0],X[0,2|2,0],C[0,1]]",216,1
AXXC,1777,26463,"AXXC[A[0,0],X[1,1|0,0],X[0,2|2,0],C[1,0]]",108,2
AXXC,1778,26464,"AXXC[A[0,0],X[1,1|0,0],X[0,2|2,0],C[1,1]]",216,1
AXXC,1779,26466,"AXXC[A[0,0],X[1,1|0,0],X[0,2|2,0],C[2,0]]",108,2
AXXC,1780,26467,"AXXC[A[0,0],X[1,1|0,0],X[0,2|2,0],C[2,1]]",216,1
AXXC,1781,26469,"AXXC[A[0,0],X[1,1|0,0],X[0,2|2,1],C[0,0]]",216,1
AXXC,1782,26470,"AXXC[A[0,0],X[1,1|0,0],X[0,2|2,1],C[0,1]]",216,1
AXXC,1783,26471,"AXXC[A[0,0],X[1,1|0,0],X[0,2|2,1],C[0,2]]",216,1
AXXC,1784,26472,"AXXC[A[0,0],X[1,1|0,0],X[0,2|2,1],C[1,0]]",216,1
AXXC,1785,26473,"AXXC[A[0,0],X[1,1|0,0],X[0,2|2,1],C[1,1]]",216,1
AXXC,1786,26474,"AXXC[A[0,0],X[1,1|0,0],X[0,2|2,1],C[1,2]]",216,1
AXXC,1787,26475,"AXXC[A[0,0],X[1,1|0,0],X[0,2|2,1],C[2,0]]",216,1
AXXC,1788,26476,"AXXC[A[0,0],X[1,1|0,0],X[0,2|2,1],C[2,1]]",216,1
AXXC,1789,26477,"AXXC[A[0,0],X[1,1|0,0],X[0,2|2,1],C[2,2]]",216,1
AXXC,1790,26487,"AXXC[A[0,0],X[1,1|0,0],X[1,0|0,0],C[0,0]]",108,2
AXXC,1791,26488,"AXXC[A[0,0],X[1,1|0,0],X[1,0|0,0],C[0,1]]",216,1
AXXC,1792,26490,"AXXC[A[0,0],X[1,1|0,0],X[1,0|0,0],C[1,0]]",108,2
AXXC,1793,26491,"AXXC[A[0,0],X[1,1|0,0],X[1,0|0,0],C[1,1]]",216,1
AXXC,1794,26493,"AXXC[A[0,0],X[1,1|0,0],X[1,0|0,0],C[2,0]]",108,2
AXXC,1795,26494,"AXXC[A[0,0],X[1,1|0,0],X[1,0|0,0],C[2,1]]",216,1
AXXC,1796,26496,"AXXC[A[0,0],X[1,1|0,0],X[1,0|0,1],C[0,0]]",216,1
AXXC,1797,26497,"AXXC[A[0,0],X[1,1|0,0],X[1,0|0,1],C[0,1]]",216,1
AXXC,1798,26498,"AXXC[A[0,0],X[1,1|0,0],X[1,0|0,1],C[0,2]]",216,1
AXXC,1799,26499,"AXXC[A[0,0],X[1,1|0,0],X[1,0|0,1],C[1,0]]",216,1
AXXC,1800,26500,"AXXC[A[0,0],X[1,1|0,0],X[1,0|0,1],C[1,1]]",216,1
AXXC,1801,26501,"AXXC[A[0,0],X[1,1|0,0],X[1,0|0,1],C[1,2]]",216,1
AXXC,1802,26502,"AXXC[A[0,0],X[1,1|0,0],X[1,0|0,1],C[2,0]]",216,1
AXXC,1803,26503,"AXXC[A[0,0],X[1,1|0,0],X[1,0|0,1],C[2,1]]",216,1
AXXC,1804,26504,"AXXC[A[0,0],X[1,1|0,0],X[1,0|0,1],C[2,2]]",216,1
AXXC,1805,26514,"AXXC[A[0,0],X[1,1|0,0],X[1,0|1,0],C[0,0]]",108,2
AXXC,1806,26515,"AXXC[A[0,0],X[1,1|0,0],X[1,0|1,0],C[0,1]]",216,1
AXXC,1807,26517,"AXXC[A[0,0],X[1,1|0,0],X[1,0|1,0],C[1,0]]",108,2
AXXC,1808,26518,"AXXC[A[0,0],X[1,1|0,0],X[1,0|1,0],C[1,1]]",216,1
AXXC,1809,26520,"AXXC[A[0,0],X[1,1|0,0],X[1,0|1,0],C[2,0]]",108,2
AXXC,1810,26521,"AXXC[A[0,0],X[1,1|0,0],X[1,0|1,0],C[2,1]]",216,1
AXXC,1811,26523,"AXXC[A[0,0],X[1,1|0,0],X[1,0|1,1],C[0,0]]",216,1
AXXC,1812,26524,"AXXC[A[0,0],X[1,1|0,0],X[1,0|1,1],C[0,1]]",216,1
AXXC,1813,26525,"AXXC[A[0,0],X[1,1|0,0],X[1,0|1,1],C[0,2]]",216,1
AXXC,1814,26526,"AXXC[A[0,0],X[1,1|0,0],X[1,0|1,1],C[1,0]]",216,1
AXXC,1815,26527,"AXXC[A[0,0],X[1,1|0,0],X[1,0|1,1],C[1,1]]",216,1
AXXC,1816,26528,"AXXC[A[0,0],X[1,1|0,0],X[1,0|1,1],C[1,2]]",216,1
AXXC,1817,26529,"AXXC[A[0,0],X[1,1|0,0],X[1,0|1,1],C[2,0]]",216,1
AXXC,1818,26530,"AXXC[A[0,0],X[1,1|0,0],X[1,0|1,1],C[2,1]]",216,1
AXXC,1819,26531,"AXXC[A[0,0],X[1,1|0,0],X[1,0|1,1],C[2,2]]",216,1
AXXC,1820,26541,"AXXC[A[0,0],X[1,1|0,0],X[1,0|2,0],C[0,0]]",108,2
AXXC,1821,26542,"AXXC[A[0,0],X[1,1|0,0],X[1,0|2,0],C[0,1]]",216,1
AXXC,1822,26544,"AXXC[A[0,0],X[1,1|0,0],X[1,0|2,0],C[1,0]]",108,2
AXXC,1823,26545,"AXXC[A[0,0],X[1,1|0,0],X[1,0|2,0],C[1,1]]",216,1
AXXC,1824,26547,"AXXC[A[0,0],X[1,1|0,0],X[1,0|2,0],C[2,0]]",108,2
AXXC,1825,26548,"AXXC[A[0,0],X[1,1|0,0],X[1,0|2,0],C[2,1]]",216,1
AXXC,1826,26550,"AXXC[A[0,0],X[1,1|0,0],X[1,0|2,1],C[0,0]]",216,1
AXXC,1827,26551,"AXXC[A[0,0],X[1,1|0,0],X[1,0|2,1],C[0,1]]",216,1
AXXC,1828,26552,"AXXC[A[0,0],X[1,1|0,0],X[1,0|2,1],C[0,2]]",216,1
AXXC,1829,26553,"AXXC[A[0,0],X[1,1|0,0],X[1,0|2,1],C[1,0]]",216,1
AXXC,1830,26554,"AXXC[A[0,0],X[1,1|0,0],X[1,0|2,1],C[1,1]]",216,1
AXXC,1831,26555,"AXXC[A[0,0],X[1,1|0,0],X[1,0|2,1],C[1,2]]",216,1
AXXC,1832,26556,"AXXC[A[0,0],X[1,1|0,0],X[1,0|2,1],C[2,0]]",216,1
AXXC,1833,26557,"AXXC[A[0,0],X[1,1|0,0],X[1,0|2,1],C[2,1]]",216,1
AXXC,1834,26558,"AXXC[A[0,0],X[1,1|0,0],X[1,0|2,1],C[2,2]]",216,1
AXXC,1835,26568,"AXXC[A[0,0],X[1,1|0,0],X[1,1|0,0],C[0,0]]",108,2
AXXC,1836,26569,"AXXC[A[0,0],X[1,1|0,0],X[1,1|0,0],C[0,1]]",216,1
AXXC,1837,26571,"AXXC[A[0,0],X[1,1|0,0],X[1,1|0,0],C[1,0]]",108,2
AXXC,1838,26572,"AXXC[A[0,0],X[1,1|0,0],X[1,1|0,0],C[1,1]]",216,1
AXXC,1839,26574,"AXXC[A[0,0],X[1,1|0,0],X[1,1|0,0],C[2,0]]",108,2
AXXC,1840,26575,"AXXC[A[0,0],X[1,1|0,0],X[1,1|0,0],C[2,1]]",216,1
AXXC,1841,26577,"AXXC[A[0,0],X[1,1|0,0],X[1,1|0,1],C[0,0]]",216,1
AXXC,1842,26578,"AXXC[A[0,0],X[1,1|0,0],X[1,1|0,1],C[0,1]]",216,1
AXXC,1843,26579,"AXXC[A[0,0],X[1,1|0,0],X[1,1|0,1],C[0,2]]",216,1
AXXC,1844,26580,"AXXC[A[0,0],X[1,1|0,0],X[1,1|0,1],C[1,0]]",216,1
AXXC,1845,26581,"AXXC[A[0,0],X[1,1|0,0],X[1,1|0,1],C[1,1]]",216,1
AXXC,1846,26582,"AXXC[A[0,0],X[1,1|0,0],X[1,1|0,1],C[1,2]]",216,1
AXXC,1847,26583,"AXXC[A[0,0],X[1,1|0,0],X[1,1|0,1],C[2,0]]",216,1
AXXC,1848,26584,"AXXC[A[0,0],X[1,1|0,0],X[1,1|0,1],C[2,1]]",216,1
AXXC,1849,26585,"AXXC[A[0,0],X[1,1|0,0],X[1,1|0,1],C[2,2]]",216,1
AXXC,1850,26595,"AXXC[A[0,0],X[1,1|0,0],X[1,1|1,0],C[0,0]]",108,2
AXXC,1851,26596,"AXXC[A[0,0],X[1,1|0,0],X[1,1|1,0],C[0,1]]",216,1
AXXC,1852,26598,"AXXC[A[0,0],X[1,1|0,0],X[1,1|1,0],C[1,0]]",108,2
AXXC,1853,26599,"AXXC[A[0,0],X[1,1|0,0],X[1,1|1,0],C[1,1]]",216,1
AXXC,1854,26601,"AXXC[A[0,0],X[1,1|0,0],X[1,1|1,0],C[2,0]]",108,2
AXXC,1855,26602,"AXXC[A[0,0],X[1,1|0,0],X[1,1|1,0],C[2,1]]",216,1
AXXC,1856,26604,"AXXC[A[0,0],X[1,1|0,0],X[1,1|1,1],C[0,0]]",216,1
AXXC,1857,26605,"AXXC[A[0,0],X[1,1|0,0],X[1,1|1,1],C[0,1]]",216,1
AXXC,1858,26606,"AXXC[A[0,0],X[1,1|0,0],X[1,1|1,1],C[0,2]]",216,1
AXXC,1859,26607,"AXXC[A[0,0],X[1,1|0,0],X[1,1|1,1],C[1,0]]",216,1
AXXC,1860,26608,"AXXC[A[0,0],X[1,1|0,0],X[1,1|1,1],C[1,1]]",216,1
AXXC,1861,26609,"AXXC[A[0,0],X[1,1|0,0],X[1,1|1,1],C[1,2]]",216,1
AXXC,1862,26610,"AXXC[A[0,0],X[1,1|0,0],X[1,1|1,1],C[2,0]]",216,1
AXXC,1863,26611,"AXXC[A[0,0],X[1,1|0,0],X[1,1|1,1],C[2,1]]",216,1
AXXC,1864,26612,"AXXC[A[0,0],X[1,1|0,0],X[1,1|1,1],C[2,2]]",216,1
AXXC,1865,26622,"AXXC[A[0,0],X[1,1|0,0],X[1,1|2,0],C[0,0]]",108,2
AXXC,1866,26623,"AXXC[A[0,0],X[1,1|0,0],X[1,1|2,0],C[0,1]]",216,1
AXXC,1867,26625,"AXXC[A[0,0],X[1,1|0,0],X[1,1|2,0],C[1,0]]",108,2
AXXC,1868,26626,"AXXC[A[0,0],X[1,1|0,0],X[1,1|2,0],C[1,1]]",216,1
AXXC,1869,26628,"AXXC[A[0,0],X[1,1|0,0],X[1,1|2,0],C[2,0]]",108,2
AXXC,1870,26629,"AXXC[A[0,0],X[1,1|0,0],X[1,1|2,0],C[2,1]]",216,1
AXXC,1871,26631,"AXXC[A[0,0],X[1,1|0,0],X[1,1|2,1],C[0,0]]",216,1
AXXC,1872,26632,"AXXC[A[0,0],X[1,1|0,0],X[1,1|2,1],C[0,1]]",216,1
AXXC,1873,26633,"AXXC[A[0,0],X[1,1|0,0],X[1,1|2,1],C[0,2]]",216,1
AXXC,1874,26634,"AXXC[A[0,0],X[1,1|0,0],X[1,1|2,1],C[1,0]]",216,1
AXXC,1875,26635,"AXXC[A[0,0],X[1,1|0,0],X[1,1|2,1],C[1,1]]",216,1
AXXC,1876,26636,"AXXC[A[0,0],X[1,1|0,0],X[1,1|2,1],C[1,2]]",216,1
AXXC,1877,26637,"AXXC[A[0,0],X[1,1|0,0],X[1,1|2,1],C[2,0]]",216,1
AXXC,1878,26638,"AXXC[A[0,0],X[1,1|0,0],X[1,1|2,1],C[2,1]]",216,1
AXXC,1879,26639,"AXXC[A[0,0],X[1,1|0,0],X[1,1|2,1],C[2,2]]",216,1
AXXC,1880,26649,"AXXC[A[0,0],X[1,1|0,0],X[1,2|0,0],C[0,0]]",108,2
AXXC,1881,26650,"AXXC[A[0,0],X[1,1|0,0],X[1,2|0,0],C[0,1]]",216,1
AXXC,1882,26652,"AXXC[A[0,0],X[1,1|0,0],X[1,2|0,0],C[1,0]]",108,2
AXXC,1883,26653,"AXXC[A[0,0],X[1,1|0,0],X[1,2|0,0],C[1,1]]",216,1
AXXC,1884,26655,"AXXC[A[0,0],X[1,1|0,0],X[1,2|0,0],C[2,0]]",108,2
AXXC,1885,26656,"AXXC[A[0,0],X[1,1|0,0],X[1,2|0,0],C[2,1]]",216,1
AXXC,1886,26658,"AXXC[A[0,0],X[1,1|0,0],X[1,2|0,1],C[0,0]]",216,1
AXXC,1887,26659,"AXXC[A[0,0],X[1,1|0,0],X[1,2|0,1],C[0,1]]",216,1
AXXC,1888,26660,"AXXC[A[0,0],X[1,1|0,0],X[1,2|0,1],C[0,2]]",216,1
AXXC,1889,26661,"AXXC[A[0,0],X[1,1|0,0],X[1,2|0,1],C[1,0]]",216,1
AXXC,1890,26662,"AXXC[A[0,0],X[1,1|0,0],X[1,2|0,1],C[1,1]]",216,1
AXXC,1891,26663,"AXXC[A[0,0],X[1,1|0,0],X[1,2|0,1],C[1,2]]",216,1
AXXC,1892,26664,"AXXC[A[0,0],X[1,1|0,0],X[1,2|0,1],C[2,0]]",216,1
AXXC,1893,26665,"AXXC[A[0,0],X[1,1|0,0],X[1,2|0,1],C[2,1]]",216,1
AXXC,1894,26666,"AXXC[A[0,0],X[1,1|0,0],X[1,2|0,1],C[2,2]]",216,1
AXXC,1895,26676,"AXXC[A[0,0],X[1,1|0,0],X[1,2|1,0],C[0,0]]",108,2
AXXC,1896,26677,"AXXC[A[0,0],X[1,1|0,0],X[1,2|1,0],C[0,1]]",216,1
AXXC,1897,26679,"AXXC[A[0,0],X[1,1|0,0],X[1,2|1,0],C[1,0]]",108,2
AXXC,1898,26680,"AXXC[A[0,0],X[1,1|0,0],X[1,2|1,0],C[1,1]]",216,1
AXXC,1899,26682,"AXXC[A[0,0],X[1,1|0,0],X[1,2|1,0],C[2,0]]",108,2
AXXC,1900,26683,"AXXC[A[0,0],X[1,1|0,0],X[1,2|1,0],C[2,1]]",216,1
AXXC,1901,26685,"AXXC[A[0,0],X[1,1|0,0],X[1,2|1,1],C[0,0]]",216,1
AXXC,1902,26686,"AXXC[A[0,0],X[1,1|0,0],X[1,2|1,1],C[0,1]]",216,1
AXXC,1903,26687,"AXXC[A[0,0],X[1,1|0,0],X[1,2|1,1],C[0,2]]",216,1
AXXC,1904,26688,"AXXC[A[0,0],X[1,1|0,0],X[1,2|1,1],C[1,0]]",216,1
AXXC,1905,26689,"AXXC[A[0,0],X[1,1|0,0],X[1,2|1,1],C[1,1]]",216,1
AXXC,1906,26690,"AXXC[A[0,0],X[1,1|0,0],X[1,2|1,1],C[1,2]]",216,1
AXXC,1907,26691,"AXXC[A[0,0],X[1,1|0,0],X[1,2|1,1],C[2,0]]",216,1
AXXC,1908,26692,"AXXC[A[0,0],X[1,1|0,0],X[1,2|1,1],C[2,1]]",216,1
AXXC,1909,26693,"AXXC[A[0,0],X[1,1|0,0],X[1,2|1,1],C[2,2]]",216,1
AXXC,1910,26703,"AXXC[A[0,0],X[1,1|0,0],X[1,2|2,0],C[0,0]]",108,2
AXXC,1911,26704,"AXXC[A[0,0],X[1,1|0,0],X[1,2|2,0],C[0,1]]",216,1
AXXC,1912,26706,"AXXC[A[0,0],X[1,1|0,0],X[1,2|2,0],C[1,0]]",108,2
AXXC,1913,26707,"AXXC[A[0,0],X[1,1|0,0],X[1,2|2,0],C[1,1]]",216,1
AXXC,1914,26709,"AXXC[A[0,0],X[1,1|0,0],X[1,2|2,0],C[2,0]]",108,2
AXXC,1915,26710,"AXXC[A[0,0],X[1,1|0,0],X[1,2|2,0],C[2,1]]",216,1
AXXC,1916,26712,"AXXC[A[0,0],X[1,1|0,0],X[1,2|2,1],C[0,0]]",216,1
AXXC,1917,26713,"AXXC[A[0,0],X[1,1|0,0],X[1,2|2,1],C[0,1]]",216,1
AXXC,1918,26714,"AXXC[A[0,0],X[1,1|0,0],X[1,2|2,1],C[0,2]]",216,1
AXXC,1919,26715,"AXXC[A[0,0],X[1,1|0,0],X[1,2|2,1],C[1,0]]",216,1
AXXC,1920,26716,"AXXC[A[0,0],X[1,1|0,0],X[1,2|2,1],C[1,1]]",216,1
AXXC,1921,26717,"AXXC[A[0,0],X[1,1|0,0],X[1,2|2,1],C[1,2]]",216,1
AXXC,1922,26718,"AXXC[A[0,0],X[1,1|0,0],X[1,2|2,1],C[2,0]]",216,1
AXXC,1923,26719,"AXXC[A[0,0],X[1,1|0,0],X[1,2|2,1],C[2,1]]",216,1
AXXC,1924,26720,"AXXC[A[0,0],X[1,1|0,0],X[1,2|2,1],C[2,2]]",216,1
AXXC,1925,26730,"AXXC[A[0,0],X[1,1|0,0],X[2,0|0,0],C[0,0]]",108,2
AXXC,1926,26731,"AXXC[A[0,0],X[1,1|0,0],X[2,0|0,0],C[0,1]]",216,1
AXXC,1927,26733,"AXXC[A[0,0],X[1,1|0,0],X[2,0|0,0],C[1,0]]",108,2
AXXC,1928,26734,"AXXC[A[0,0],X[1,1|0,0],X[2,0|0,0],C[1,1]]",216,1
AXXC,1929,26736,"AXXC[A[0,0],X[1,1|0,0],X[2,0|0,0],C[2,0]]",108,2
AXXC,1930,26737,"AXXC[A[0,0],X[1,1|0,0],X[2,0|0,0],C[2,1]]",216,1
AXXC,1931,26739,"AXXC[A[0,0],X[1,1|0,0],X[2,0|0,1],C[0,0]]",216,1
AXXC,1932,26740,"AXXC[A[0,0],X[1,1|0,0],X[2,0|0,1],C[0,1]]",216,1
AXXC,1933,26741,"AXXC[A[0,0],X[1,1|0,0],X[2,0|0,1],C[0,2]]",216,1
AXXC,1934,26742,"AXXC[A[0,0],X[1,1|0,0],X[2,0|0,1],C[1,0]]",216,1
AXXC,1935,26743,"AXXC[A[0,0],X[1,1|0,0],X[2,0|0,1],C[1,1]]",216,1
AXXC,1936,26744,"AXXC[A[0,0],X[1,1|0,0],X[2,0|0,1],C[1,2]]",216,1
AXXC,1937,26745,"AXXC[A[0,0],X[1,1|0,0],X[2,0|0,1],C[2,0]]",216,1
AXXC,1938,26746,"AXXC[A[0,0],X[1,1|0,0],X[2,0|0,1],C[2,1]]",216,1
AXXC,1939,26747,"AXXC[A[0,0],X[1,1|0,0],X[2,0|0,1],C[2,2]]",216,1
AXXC,1940,26757,"AXXC[A[0,0],X[1,1|0,0],X[2,0|1,0],C[0,0]]",108,2
AXXC,1941,26758,"AXXC[A[0,0],X[1,1|0,0],X[2,0|1,0],C[0,1]]",216,1
AXXC,1942,26760,"AXXC[A[0,0],X[1,1|0,0],X[2,0|1,0],C[1,0]]",108,2
AXXC,1943,26761,"AXXC[A[0,0],X[1,1|0,0],X[2,0|1,0],C[1,1]]",216,1
AXXC,1944,26763,"AXXC[A[0,0],X[1,1|0,0],X[2,0|1,0],C[2,0]]",108,2
AXXC,1945,26764,"AXXC[A[0,0],X[1,1|0,0],X[2,0|1,0],C[2,1]]",216,1
AXXC,1946,26766,"AXXC[A[0,0],X[1,1|0,0],X[2,0|1,1],C[0,0]]",216,1
AXXC,1947,26767,"AXXC[A[0,0],X[1,1|0,0],X[2,0|1,1],C[0,1]]",216,1
AXXC,1948,26768,"AXXC[A[0,0],X[1,1|0,0],X[2,0|1,1],C[0,2]]",216,1
AXXC,1949,26769,"AXXC[A[0,0],X[1,1|0,0],X[2,0|1,1],C[1,0]]",216,1
AXXC,1950,26770,"AXXC[A[0,0],X[1,1|0,0],X[2,0|1,1],C[1,1]]",216,1
AXXC,1951,26771,"AXXC[A[0,0],X[1,1|0,0],X[2,0|1,1],C[1,2]]",216,1
AXXC,1952,26772,"AXXC[A[0,0],X[1,1|0,0],X[2,0|1,1],C[2,0]]",216,1
AXXC,1953,26773,"AXXC[A[0,0],X[1,1|0,0],X[2,0|1,1],C[2,1]]",216,1
AXXC,1954,26774,"AXXC[A[0,0],X[1,1|0,0],X[2,0|1,1],C[2,2]]",216,1
AXXC,1955,26784,"AXXC[A[0,0],X[1,1|0,0],X[2,0|2,0],C[0,0]]",108,2
AXXC,1956,26785,"AXXC[A[0,0],X[1,1|0,0],X[2,0|2,0],C[0,1]]",216,1
AXXC,1957,26787,"AXXC[A[0,0],X[1,1|0,0],X[2,0|2,0],C[1,0]]",108,2
AXXC,1958,26788,"AXXC[A[0,0],X[1,1|0,0],X[2,0|2,0],C[1,1]]",216,1
AXXC,1959,26790,"AXXC[A[0,0],X[1,1|0,0],X[2,0|2,0],C[2,0]]",108,2
AXXC,1960,26791,"AXXC[A[0,0],X[1,1|0,0],X[2,0|2,0],C[2,1]]",216,1
AXXC,1961,26793,"AXXC[A[0,0],X[1,1|0,0],X[2,0|2,1],C[0,0]]",216,1
AXXC,1962,26794,"AXXC[A[0,0],X[1,1|0,0],X[2,0|2,1],C[0,1]]",216,1
AXXC,1963,26795,"AXXC[A[0,0],X[1,1|0,0],X[2,0|2,1],C[0,2]]",216,1
AXXC,1964,26796,"AXXC[A[0,0],X[1,1|0,0],X[2,0|2,1],C[1,0]]",216,1
AXXC,1965,26797,"AXXC[A[0,0],X[1,1|0,0],X[2,0|2,1],C[1,1]]",216,1
AXXC,1966,26798,"AXXC[A[0,0],X[1,1|0,0],X[2,0|2,1],C[1,2]]",216,1
AXXC,1967,26799,"AXXC[A[0,0],X[1,1|0,0],X[2,0|2,1],C[2,0]]",216,1
AXXC,1968,26800,"AXXC[A[0,0],X[1,1|0,0],X[2,0|2,1],C[2,1]]",216,1
AXXC,1969,26801,"AXXC[A[0,0],X[1,1|0,0],X[2,0|2,1],C[2,2]]",216,1
AXXC,1970,26811,"AXXC[A[0,0],X[1,1|0,0],X[2,1|0,0],C[0,0]]",108,2
AXXC,1971,26812,"AXXC[A[0,0],X[1,1|0,0],X[2,1|0,0],C[0,1]]",216,1
AXXC,1972,26814,"AXXC[A[0,0],X[1,1|0,0],X[2,1|0,0],C[1,0]]",108,2
AXXC,1973,26815,"AXXC[A[0,0],X[1,1|0,0],X[2,1|0,0],C[1,1]]",216,1
AXXC,1974,26817,"AXXC[A[0,0],X[1,1|0,0],X[2,1|0,0],C[2,0]]",108,2
AXXC,1975,26818,"AXXC[A[0,0],X[1,1|0,0],X[2,1|0,0],C[2,1]]",216,1
AXXC,1976,26820,"AXXC[A[0,0],X[1,1|0,0],X[2,1|0,1],C[0,0]]",216,1
AXXC,1977,26821,"AXXC[A[0,0],X[1,1|0,0],X[2,1|0,1],C[0,1]]",216,1
AXXC,1978,26822,"AXXC[A[0,0],X[1,1|0,0],X[2,1|0,1],C[0,2]]",216,1
AXXC,1979,26823,"AXXC[A[0,0],X[1,1|0,0],X[2,1|0,1],C[1,0]]",216,1
AXXC,1980,26824,"AXXC[A[0,0],X[1,1|0,0],X[2,1|0,1],C[1,1]]",216,1
AXXC,1981,26825,"AXXC[A[0,0],X[1,1|0,0],X[2,1|0,1],C[1,2]]",216,1
AXXC,1982,26826,"AXXC[A[0,0],X[1,1|0,0],X[2,1|0,1],C[2,0]]",216,1
AXXC,1983,26827,"AXXC[A[0,0],X[1,1|0,0],X[2,1|0,1],C[2,1]]",216,1
AXXC,1984,26828,"AXXC[A[0,0],X[1,1|0,0],X[2,1|0,1],C[2,2]]",216,1
AXXC,1985,26838,"AXXC[A[0,0],X[1,1|0,0],X[2,1|1,0],C[0,0]]",108,2
AXXC,1986,26839,"AXXC[A[0,0],X[1,1|0,0],X[2,1|1,0],C[0,1]]",216,1
AXXC,1987,26841,"AXXC[A[0,0],X[1,1|0,0],X[2,1|1,0],C[1,0]]",108,2
AXXC,1988,26842,"AXXC[A[0,0],X[1,1|0,0],X[2,1|1,0],C[1,1]]",216,1
AXXC,1989,26844,"AXXC[A[0,0],X[1,1|0,0],X[2,1|1,0],C[2,0]]",108,2
AXXC,1990,26845,"AXXC[A[0,0],X[1,1|0,0],X[2,1|1,0],C[2,1]]",216,1
AXXC,1991,26847,"AXXC[A[0,0],X[1,1|0,0],X[2,1|1,1],C[0,0]]",216,1
AXXC,1992,26848,"AXXC[A[0,0],X[1,1|0,0],X[2,1|1,1],C[0,1]]",216,1
AXXC,1993,26849,"AXXC[A[0,0],X[1,1|0,0],X[2,1|1,1],C[0,2]]",216,1
AXXC,1994,26850,"AXXC[A[0,0],X[1,1|0,0],X[2,1|1,1],C[1,0]]",216,1
AXXC,1995,26851,"AXXC[A[0,0],X[1,1|0,0],X[2,1|1,1],C[1,1]]",216,1
AXXC,1996,26852,"AXXC[A[0,0],X[1,1|0,0],X[2,1|1,1],C[1,2]]",216,1
AXXC,1997,26853,"AXXC[A[0,0],X[1,1|0,0],X[2,1|1,1],C[2,0]]",216,1
AXXC,1998,26854,"AXXC[A[0,0],X[1,1|0,0],X[2,1|1,1],C[2,1]]",216,1
AXXC,1999,26855,"AXXC[A[0,0],X[1,1|0,0],X[2,1|1,1],C[2,2]]",216,1
AXXC,2000,26865,"AXXC[A[0,0],X[1,1|0,0],X[2,1|2,0],C[0,0]]",108,2
AXXC,2001,26866,"AXXC[A[0,0],X[1,1|0,0],X[2,1|2,0],C[0,1]]",216,1
AXXC,2002,26868,"AXXC[A[0,0],X[1,1|0,0],X[2,1|2,0],C[1,0]]",108,2
AXXC,2003,26869,"AXXC[A[0,0],X[1,1|0,0],X[2,1|2,0],C[1,1]]",216,1
AXXC,2004,26871,"AXXC[A[0,0],X[1,1|0,0],X[2,1|2,0],C[2,0]]",108,2
AXXC,2005,26872,"AXXC[A[0,0],X[1,1|0,0],X[2,1|2,0],C[2,1]]",216,1
AXXC,2006,26874,"AXXC[A[0,0],X[1,1|0,0],X[2,1|2,1],C[0,0]]",216,1
AXXC,2007,26875,"AXXC[A[0,0],X[1,1|0,0],X[2,1|2,1],C[0,1]]",216,1
AXXC,2008,26876,"AXXC[A[0,0],X[1,1|0,0],X[2,1|2,1],C[0,2]]",216,1
AXXC,2009,26877,"AXXC[A[0,0],X[1,1|0,0],X[2,1|2,1],C[1,0]]",216,1
AXXC,2010,26878,"AXXC[A[0,0],X[1,1|0,0],X[2,1|2,1],C[1,1]]",216,1
AXXC,2011,26879,"AXXC[A[0,0],X[1,1|0,0],X[2,1|2,1],C[1,2]]",216,1
AXXC,2012,26880,"AXXC[A[0,0],X[1,1|0,0],X[2,1|2,1],C[2,0]]",216,1
AXXC,2013,26881,"AXXC[A[0,0],X[1,1|0,0],X[2,1|2,1],C[2,1]]",216,1
AXXC,2014,26882,"AXXC[A[0,0],X[1,1|0,0],X[2,1|2,1],C[2,2]]",216,1
AXXC,2015,26892,"AXXC[A[0,0],X[1,1|0,0],X[2,2|0,0],C[0,0]]",108,2
AXXC,2016,26893,"AXXC[A[0,0],X[1,1|0,0],X[2,2|0,0],C[0,1]]",216,1
AXXC,2017,26895,"AXXC[A[0,0],X[1,1|0,0],X[2,2|0,0],C[1,0]]",108,2
AXXC,2018,26896,"AXXC[A[0,0],X[1,1|0,0],X[2,2|0,0],C[1,1]]",216,1
AXXC,2019,26898,"AXXC[A[0,0],X[1,1|0,0],X[2,2|0,0],C[2,0]]",108,2
AXXC,2020,26899,"AXXC[A[0,0],X[1,1|0,0],X[2,2|0,0],C[2,1]]",216,1
AXXC,2021,26901,"AXXC[A[0,0],X[1,1|0,0],X[2,2|0,1],C[0,0]]",216,1
AXXC,2022,26902,"AXXC[A[0,0],X[1,1|0,0],X[2,2|0,1],C[0,1]]",216,1
AXXC,2023,26903,"AXXC[A[0,0],X[1,1|0,0],X[2,2|0,1],C[0,2]]",216,1
AXXC,2024,26904,"AXXC[A[0,0],X[1,1|0,0],X[2,2|0,1],C[1,0]]",216,1
AXXC,2025,26905,"AXXC[A[0,0],X[1,1|0,0],X[2,2|0,1],C[1,1]]",216,1
AXXC,2026,26906,"AXXC[A[0,0],X[1,1|0,0],X[2,2|0,1],C[1,2]]",216,1
AXXC,2027,26907,"AXXC[A[0,0],X[1,1|0,0],X[2,2|0,1],C[2,0]]",216,1
AXXC,2028,26908,"AXXC[A[0,0],X[1,1|0,0],X[2,2|0,1],C[2,1]]",216,1
AXXC,2029,26909,"AXXC[A[0,0],X[1,1|0,0],X[2,2|0,1],C[2,2]]",216,1
AXXC,2030,26919,"AXXC[A[0,0],X[1,1|0,0],X[2,2|1,0],C[0,0]]",108,2
AXXC,2031,26920,"AXXC[A[0,0],X[1,1|0,0],X[2,2|1,0],C[0,1]]",216,1
AXXC,2032,26922,"AXXC[A[0,0],X[1,1|0,0],X[2,2|1,0],C[1,0]]",108,2
AXXC,2033,26923,"AXXC[A[0,0],X[1,1|0,0],X[2,2|1,0],C[1,1]]",216,1
AXXC,2034,26925,"AXXC[A[0,0],X[1,1|0,0],X[2,2|1,0],C[2,0]]",108,2
AXXC,2035,26926,"AXXC[A[0,0],X[1,1|0,0],X[2,2|1,0],C[2,1]]",216,1
AXXC,2036,26928,"AXXC[A[0,0],X[1,1|0,0],X[2,2|1,1],C[0,0]]",216,1
AXXC,2037,26929,"AXXC[A[0,0],X[1,1|0,0],X[2,2|1,1],C[0,1]]",216,1
AXXC,2038,26930,"AXXC[A[0,0],X[1,1|0,0],X[2,2|1,1],C[0,2]]",216,1
AXXC,2039,26931,"AXXC[A[0,0],X[1,1|0,0],X[2,2|1,1],C[1,0]]",216,1
AXXC,2040,26932,"AXXC[A[0,0],X[1,1|0,0],X[2,2|1,1],C[1,1]]",216,1
AXXC,2041,26933,"AXXC[A[0,0],X[1,1|0,0],X[2,2|1,1],C[1,2]]",216,1
AXXC,2042,26934,"AXXC[A[0,0],X[1,1|0,0],X[2,2|1,1],C[2,0]]",216,1
AXXC,2043,26935,"AXXC[A[0,0],X[1,1|0,0],X[2,2|1,1],C[2,1]]",216,1
AXXC,2044,26936,"AXXC[A[0,0],X[1,1|0,0],X[2,2|1,1],C[2,2]]",216,1
AXXC,2045,26946,"AXXC[A[0,0],X[1,1|0,0],X[2,2|2,0],C[0,0]]",108,2
AXXC,2046,26947,"AXXC[A[0,0],X[1,1|0,0],X[2,2|2,0],C[0,1]]",216,1
AXXC,2047,26949,"AXXC[A[0,0],X[1,1|0,0],X[2,2|2,0],C[1,0]]",108,2
AXXC,2048,26950,"AXXC[A[0,0],X[1,1|0,0],X[2,2|2,0],C[1,1]]",216,1
AXXC,2049,26952,"AXXC[A[0,0],X[1,1|0,0],X[2,2|2,0],C[2,0]]",108,2
AXXC,2050,26953,"AXXC[A[0,0],X[1,1|0,0],X[2,2|2,0],C[2,1]]",216,1
AXXC,2051,26955,"AXXC[A[0,0],X[1,1|0,0],X[2,2|2,1],C[0,0]]",216,1
AXXC,2052,26956,"AXXC[A[0,0],X[1,1|0,0],X[2,2|2,1],C[0,1]]",216,1
AXXC,2053,26957,"AXXC[A[0,0],X[1,1|0,0],X[2,2|2,1],C[0,2]]",216,1
AXXC,2054,26958,"AXXC[A[0,0],X[1,1|0,0],X[2,2|2,1],C[1,0]]",216,1
AXXC,2055,26959,"AXXC[A[0,0],X[1,1|0,0],X[2,2|2,1],C[1,1]]",216,1
AXXC,2056,26960,"AXXC[A[0,0],X[1,1|0,0],X[2,2|2,1],C[1,2]]",216,1
AXXC,2057,26961,"AXXC[A[0,0],X[1,1|0,0],X[2,2|2,1],C[2,0]]",216,1
AXXC,2058,26962,"AXXC[A[0,0],X[1,1|0,0],X[2,2|2,1],C[2,1]]",216,1
AXXC,2059,26963,"AXXC[A[0,0],X[1,1|0,0],X[2,2|2,1],C[2,2]]",216,1
AXXC,2060,28431,"AXXC[A[0,0],X[1,1|1,0],X[0,0|0,0],C[0,0]]",108,2
AXXC,2061,28432,"AXXC[A[0,0],X[1,1|1,0],X[0,0|0,0],C[0,1]]",216,1
AXXC,2062,28434,"AXXC[A[0,0],X[1,1|1,0],X[0,0|0,0],C[1,0]]",108,2
AXXC,2063,28435,"AXXC[A[0,0],X[1,1|1,0],X[0,0|0,0],C[1,1]]",216,1
AXXC,2064,28437,"AXXC[A[0,0],X[1,1|1,0],X[0,0|0,0],C[2,0]]",108,2
AXXC,2065,28438,"AXXC[A[0,0],X[1,1|1,0],X[0,0|0,0],C[2,1]]",216,1
AXXC,2066,28440,"AXXC[A[0,0],X[1,1|1,0],X[0,0|0,1],C[0,0]]",216,1
AXXC,2067,28441,"AXXC[A[0,0],X[1,1|1,0],X[0,0|0,1],C[0,1]]",216,1
AXXC,2068,28442,"AXXC[A[0,0],X[1,1|1,0],X[0,0|0,1],C[0,2]]",216,1
AXXC,2069,28443,"AXXC[A[0,0],X[1,1|1,0],X[0,0|0,1],C[1,0]]",216,1
AXXC,2070,28444,"AXXC[A[0,0],X[1,1|1,0],X[0,0|0,1],C[1,1]]",216,1
AXXC,2071,28445,"AXXC[A[0,0],X[1,1|1,0],X[0,0|0,1],C[1,2]]",216,1
AXXC,2072,28446,"AXXC[A[0,0],X[1,1|1,0],X[0,0|0,1],C[2,0]]",216,1
AXXC,2073,28447,"AXXC[A[0,0],X[1,1|1,0],X[0,0|0,1],C[2,1]]",216,1
AXXC,2074,28448,"AXXC[A[0,0],X[1,1|1,0],X[0,0|0,1],C[2,2]]",216,1
AXXC,2075,28458,"AXXC[A[0,0],X[1,1|1,0],X[0,0|1,0],C[0,0]]",108,2
AXXC,2076,28459,"AXXC[A[0,0],X[1,1|1,0],X[0,0|1,0],C[0,1]]",216,1
AXXC,2077,28461,"AXXC[A[0,0],X[1,1|1,0],X[0,0|1,0],C[1,0]]",108,2
AXXC,2078,28462,"AXXC[A[0,0],X[1,1|1,0],X[0,0|1,0],C[1,1]]",216,1
AXXC,2079,28464,"AXXC[A[0,0],X[1,1|1,0],X[0,0|1,0],C[2,0]]",108,2
AXXC,2080,28465,"AXXC[A[0,0],X[1,1|1,0],X[0,0|1,0],C[2,1]]",216,1
AXXC,2081,28467,"AXXC[A[0,0],X[1,1|1,0],X[0,0|1,1],C[0,0]]",216,1
AXXC,2082,28468,"AXXC[A[0,0],X[1,1|1,0],X[0,0|1,1],C[0,1]]",216,1
AXXC,2083,28469,"AXXC[A[0,0],X[1,1|1,0],X[0,0|1,1],C[0,2]]",216,1
AXXC,2084,28470,"AXXC[A[0,0],X[1,1|1,0],X[0,0|1,1],C[1,0]]",216,1
AXXC,2085,28471,"AXXC[A[0,0],X[1,1|1,0],X[0,0|1,1],C[1,1]]",216,1
AXXC,2086,28472,"AXXC[A[0,0],X[1,1|1,0],X[0,0|1,1],C[1,2]]",216,1
AXXC,2087,28473,"AXXC[A[0,0],X[1,1|1,0],X[0,0|1,1],C[2,0]]",216,1
AXXC,2088,28474,"AXXC[A[0,0],X[1,1|1,0],X[0,0|1,1],C[2,1]]",216,1
AXXC,2089,28475,"AXXC[A[0,0],X[1,1|1,0],X[0,0|1,1],C[2,2]]",216,1
AXXC,2090,28485,"AXXC[A[0,0],X[1,1|1,0],X[0,0|2,0],C[0,0]]",108,2
AXXC,2091,28486,"AXXC[A[0,0],X[1,1|1,0],X[0,0|2,0],C[0,1]]",216,1
AXXC,2092,28488,"AXXC[A[0,0],X[1,1|1,0],X[0,0|2,0],C[1,0]]",108,2
AXXC,2093,28489,"AXXC[A[0,0],X[1,1|1,0],X[0,0|2,0],C[1,1]]",216,1
AXXC,2094,28491,"AXXC[A[0,0],X[1,1|1,0],X[0,0|2,0],C[2,0]]",108,2
AXXC,2095,28492,"AXXC[A[0,0],X[1,1|1,0],X[0,0|2,0],C[2,1]]",216,1
AXXC,2096,28494,"AXXC[A[0,0],X[1,1|1,0],X[0,0|2,1],C[0,0]]",216,1
AXXC,2097,28495,"AXXC[A[0,0],X[1,1|1,0],X[0,0|2,1],C[0,1]]",216,1
AXXC,2098,28496,"AXXC[A[0,0],X[1,1|1,0],X[0,0|2,1],C[0,2]]",216,1
AXXC,2099,28497,"AXXC[A[0,0],X[1,1|1,0],X[0,0|2,1],C[1,0]]",216,1
AXXC,2100,28498,"AXXC[A[0,0],X[1,1|1,0],X[0,0|2,1],C[1,1]]",216,1
AXXC,2101,28499,"AXXC[A[0,0],X[1,1|1,0],X[0,0|2,1],C[1,2]]",216,1
AXXC,2102,28500,"AXXC[A[0,0],X[1,1|1,0],X[0,0|2,1],C[2,0]]",216,1
AXXC,2103,28501,"AXXC[A[0,0],X[1,1|1,0],X[0,0|2,1],C[2,1]]",216,1
AXXC,2104,28502,"AXXC[A[0,0],X[1,1|1,0],X[0,0|2,1],C[2,2]]",216,1
AXXC,2105,28512,"AXXC[A[0,0],X[1,1|1,0],X[0,1|0,0],C[0,0]]",108,2
AXXC,2106,28513,"AXXC[A[0,0],X[1,1|1,0],X[0,1|0,0],C[0,1]]",216,1
AXXC,2107,28515,"AXXC[A[0,0],X[1,1|1,0],X[0,1|0,0],C[1,0]]",108,2
AXXC,2108,28516,"AXXC[A[0,0],X[1,1|1,0],X[0,1|0,0],C[1,1]]",216,1
AXXC,2109,28518,"AXXC[A[0,0],X[1,1|1,0],X[0,1|0,0],C[2,0]]",108,2
AXXC,2110,28519,"AXXC[A[0,0],X[1,1|1,0],X[0,1|0,0],C[2,1]]",216,1
AXXC,2111,28521,"AXXC[A[0,0],X[1,1|1,0],X[0,1|0,1],C[0,0]]",216,1
AXXC,2112,28522,"AXXC[A[0,0],X[1,1|1,0],X[0,1|0,1],C[0,1]]",216,1
AXXC,2113,28523,"AXXC[A[0,0],X[1,1|1,0],X[0,1|0,1],C[0,2]]",216,1
AXXC,2114,28524,"AXXC[A[0,0],X[1,1|1,0],X[0,1|0,1],C[1,0]]",216,1
AXXC,2115,28525,"AXXC[A[0,0],X[1,1|1,0],X[0,1|0,1],C[1,1]]",216,1
AXXC,2116,28526,"AXXC[A[0,0],X[1,1|1,0],X[0,1|0,1],C[1,2]]",216,1
AXXC,2117,28527,"AXXC[A[0,0],X[1,1|1,0],X[0,1|0,1],C[2,0]]",216,1
AXXC,2118,28528,"AXXC[A[0,0],X[1,1|1,0],X[0,1|0,1],C[2,1]]",216,1
AXXC,2119,28529,"AXXC[A[0,0],X[1,1|1,0],X[0,1|0,1],C[2,2]]",216,1
AXXC,2120,28539,"AXXC[A[0,0],X[1,1|1,0],X[0,1|1,0],C[0,0]]",108,2
AXXC,2121,28540,"AXXC[A[0,0],X[1,1|1,0],X[0,1|1,0],C[0,1]]",216,1
AXXC,2122,28542,"AXXC[A[0,0],X[1,1|1,0],X[0,1|1,0],C[1,0]]",108,2
AXXC,2123,28543,"AXXC[A[0,0],X[1,1|1,0],X[0,1|1,0],C[1,1]]",216,1
AXXC,2124,28545,"AXXC[A[0,0],X[1,1|1,0],X[0,1|1,0],C[2,0]]",108,2
AXXC,2125,28546,"AXXC[A[0,0],X[1,1|1,0],X[0,1|1,0],C[2,1]]",216,1
AXXC,2126,28548,"AXXC[A[0,0],X[1,1|1,0],X[0,1|1,1],C[0,0]]",216,1
AXXC,2127,28549,"AXXC[A[0,0],X[1,1|1,0],X[0,1|1,1],C[0,1]]",216,1
AXXC,2128,28550,"AXXC[A[0,0],X[1,1|1,0],X[0,1|1,1],C[0,2]]",216,1
AXXC,2129,28551,"AXXC[A[0,0],X[1,1|1,0],X[0,1|1,1],C[1,0]]",216,1
AXXC,2130,28552,"AXXC[A[0,0],X[1,1|1,0],X[0,1|1,1],C[1,1]]",216,1
AXXC,2131,28553,"AXXC[A[0,0],X[1,1|1,0],X[0,1|1,1],C[1,2]]",216,1
AXXC,2132,28554,"AXXC[A[0,0],X[1,1|1,0],X[0,1|1,1],C[2,0]]",216,1
AXXC,2133,28555,"AXXC[A[0,0],X[1,1|1,0],X[0,1|1,1],C[2,1]]",216,1
AXXC,2134,28556,"AXXC[A[0,0],X[1,1|1,0],X[0,1|1,1],C[2,2]]",216,1
AXXC,2135,28566,"AXXC[A[0,0],X[1,1|1,0],X[0,1|2,0],C[0,0]]",108,2
AXXC,2136,28567,"AXXC[A[0,0],X[1,1|1,0],X[0,1|2,0],C[0,1]]",216,1
AXXC,2137,28569,"AXXC[A[0,0],X[1,1|1,0],X[0,1|2,0],C[1,0]]",108,2
AXXC,2138,28570,"AXXC[A[0,0],X[1,1|1,0],X[0,1|2,0],C[1,1]]",216,1
AXXC,2139,28572,"AXXC[A[0,0],X[1,1|1,0],X[0,1|2,0],C[2,0]]",108,2
AXXC,2140,28573,"AXXC[A[0,0],X[1,1|1,0],X[0,1|2,0],C[2,1]]",216,1
AXXC,2141,28575,"AXXC[A[0,0],X[1,1|1,0],X[0,1|2,1],C[0,0]]",216,1
AXXC,2142,28576,"AXXC[A[0,0],X[1,1|1,0],X[0,1|2,1],C[0,1]]",216,1
AXXC,2143,28577,"AXXC[A[0,0],X[1,1|1,0],X[0,1|2,1],C[0,2]]",216,1
AXXC,2144,28578,"AXXC[A[0,0],X[1,1|1,0],X[0,1|2,1],C[1,0]]",216,1
AXXC,2145,28579,"AXXC[A[0,0],X[1,1|1,0],X[0,1|2,1],C[1,1]]",216,1
AXXC,2146,28580,"AXXC[A[0,0],X[1,1|1,0],X[0,1|2,1],C[1,2]]",216,1
AXXC,2147,28581,"AXXC[A[0,0],X[1,1|1,0],X[0,1|2,1],C[2,0]]",216,1
AXXC,2148,28582,"AXXC[A[0,0],X[1,1|1,0],X[0,1|2,1],C[2,1]]",216,1
AXXC,2149,28583,"AXXC[A[0,0],X[1,1|1,0],X[0,1|2,1],C[2,2]]",216,1
AXXC,2150,28593,"AXXC[A[0,0],X[1,1|1,0],X[0,2|0,0],C[0,0]]",108,2
AXXC,2151,28594,"AXXC[A[0,0],X[1,1|1,0],X[0,2|0,0],C[0,1]]",216,1
AXXC,2152,28596,"AXXC[A[0,0],X[1,1|1,0],X[0,2|0,0],C[1,0]]",108,2
AXXC,2153,28597,"AXXC[A[0,0],X[1,1|1,0],X[0,2|0,0],C[1,1]]",216,1
AXXC,2154,28599,"AXXC[A[0,0],X[1,1|1,0],X[0,2|0,0],C[2,0]]",108,2
AXXC,2155,28600,"AXXC[A[0,0],X[1,1|1,0],X[0,2|0,0],C[2,1]]",216,1
AXXC,2156,28602,"AXXC[A[0,0],X[1,1|1,0],X[0,2|0,1],C[0,0]]",216,1
AXXC,2157,28603,"AXXC[A[0,0],X[1,1|1,0],X[0,2|0,1],C[0,1]]",216,1
AXXC,2158,28604,"AXXC[A[0,0],X[1,1|1,0],X[0,2|0,1],C[0,2]]",216,1
AXXC,2159,28605,"AXXC[A[0,0],X[1,1|1,0],X[0,2|0,1],C[1,0]]",216,1
AXXC,2160,28606,"AXXC[A[0,0],X[1,1|1,0],X[0,2|0,1],C[1,1]]",216,1
AXXC,2161,28607,"AXXC[A[0,0],X[1,1|1,0],X[0,2|0,1],C[1,2]]",216,1
AXXC,2162,28608,"AXXC[A[0,0],X[1,1|1,0],X[0,2|0,1],C[2,0]]",216,1
AXXC,2163,28609,"AXXC[A[0,0],X[1,1|1,0],X[0,2|0,1],C[2,1]]",216,1
AXXC,2164,28610,"AXXC[A[0,0],X[1,1|1,0],X[0,2|0,1],C[2,2]]",216,1
AXXC,2165,28620,"AXXC[A[0,0],X[1,1|1,0],X[0,2|1,0],C[0,0]]",108,2
AXXC,2166,28621,"AXXC[A[0,0],X[1,1|1,0],X[0,2|1,0],C[0,1]]",216,1
AXXC,2167,28623,"AXXC[A[0,0],X[1,1|1,0],X[0,2|1,0],C[1,0]]",108,2
AXXC,2168,28624,"AXXC[A[0,0],X[1,1|1,0],X[0,2|1,0],C[1,1]]",216,1
AXXC,2169,28626,"AXXC[A[0,0],X[1,1|1,0],X[0,2|1,0],C[2,0]]",108,2
AXXC,2170,28627,"AXXC[A[0,0],X[1,1|1,0],X[0,2|1,0],C[2,1]]",216,1
AXXC,2171,28629,"AXXC[A[0,0],X[1,1|1,0],X[0,2|1,1],C[0,0]]",216,1
AXXC,2172,28630,"AXXC[A[0,0],X[1,1|1,0],X[0,2|1,1],C[0,1]]",216,1
AXXC,2173,28631,"AXXC[A[0,0],X[1,1|1,0],X[0,2|1,1],C[0,2]]",216,1
AXXC,2174,28632,"AXXC[A[0,0],X[1,1|1,0],X[0,2|1,1],C[1,0]]",216,1
AXXC,2175,28633,"AXXC[A[0,0],X[1,1|1,0],X[0,2|1,1],C[1,1]]",216,1
AXXC,2176,28634,"AXXC[A[0,0],X[1,1|1,0],X[0,2|1,1],C[1,2]]",216,1
AXXC,2177,28635,"AXXC[A[0,0],X[1,1|1,0],X[0,2|1,1],C[2,0]]",216,1
AXXC,2178,28636,"AXXC[A[0,0],X[1,1|1,0],X[0,2|1,1],C[2,1]]",216,1
AXXC,2179,28637,"AXXC[A[0,0],X[1,1|1,0],X[0,2|1,1],C[2,2]]",216,1
AXXC,2180,28647,"AXXC[A[0,0],X[1,1|1,0],X[0,2|2,0],C[0,0]]",108,2
AXXC,2181,28648,"AXXC[A[0,0],X[1,1|1,0],X[0,2|2,0],C[0,1]]",216,1
AXXC,2182,28650,"AXXC[A[0,0],X[1,1|1,0],X[0,2|2,0],C[1,0]]",108,2
AXXC,2183,28651,"AXXC[A[0,0],X[1,1|1,0],X[0,2|2,0],C[1,1]]",216,1
AXXC,2184,28653,"AXXC[A[0,0],X[1,1|1,0],X[0,2|2,0],C[2,0]]",108,2
AXXC,2185,28654,"AXXC[A[0,0],X[1,1|1,0],X[0,2|2,0],C[2,1]]",216,1
AXXC,2186,28656,"AXXC[A[0,0],X[1,1|1,0],X[0,2|2,1],C[0,0]]",216,1
AXXC,2187,28657,"AXXC[A[0,0],X[1,1|1,0],X[0,2|2,1],C[0,1]]",216,1
AXXC,2188,28658,"AXXC[A[0,0],X[1,1|1,0],X[0,2|2,1],C[0,2]]",216,1
AXXC,2189,28659,"AXXC[A[0,0],X[1,1|1,0],X[0,2|2,1],C[1,0]]",216,1
AXXC,2190,28660,"AXXC[A[0,0],X[1,1|1,0],X[0,2|2,1],C[1,1]]",216,1
AXXC,2191,28661,"AXXC[A[0,0],X[1,1|1,0],X[0,2|2,1],C[1,2]]",216,1
AXXC,2192,28662,"AXXC[A[0,0],X[1,1|1,0],X[0,2|2,1],C[2,0]]",216,1
AXXC,2193,28663,"AXXC[A[0,0],X[1,1|1,0],X[0,2|2,1],C[2,1]]",216,1
AXXC,2194,28664,"AXXC[A[0,0],X[1,1|1,0],X[0,2|2,1],C[2,2]]",216,1
AXXC,2195,28674,"AXXC[A[0,0],X[1,1|1,0],X[1,0|0,0],C[0,0]]",108,2
AXXC,2196,28675,"AXXC[A[0,0],X[1,1|1,0],X[1,0|0,0],C[0,1]]",216,1
AXXC,2197,28677,"AXXC[A[0,0],X[1,1|1,0],X[1,0|0,0],C[1,0]]",108,2
AXXC,2198,28678,"AXXC[A[0,0],X[1,1|1,0],X[1,0|0,0],C[1,1]]",216,1
AXXC,2199,28680,"AXXC[A[0,0],X[1,1|1,0],X[1,0|0,0],C[2,0]]",108,2
AXXC,2200,28681,"AXXC[A[0,0],X[1,1|1,0],X[1,0|0,0],C[2,1]]",216,1
AXXC,2201,28683,"AXXC[A[0,0],X[1,1|1,0],X[1,0|0,1],C[0,0]]",216,1
AXXC,2202,28684,"AXXC[A[0,0],X[1,1|1,0],X[1,0|0,1],C[0,1]]",216,1
AXXC,2203,28685,"AXXC[A[0,0],X[1,1|1,0],X[1,0|0,1],C[0,2]]",216,1
AXXC,2204,28686,"AXXC[A[0,0],X[1,1|1,0],X[1,0|0,1],C[1,0]]",216,1
AXXC,2205,28687,"AXXC[A[0,0],X[1,1|1,0],X[1,0|0,1],C[1,1]]",216,1
AXXC,2206,28688,"AXXC[A[0,0],X[1,1|1,0],X[1,0|0,1],C[1,2]]",216,1
AXXC,2207,28689,"AXXC[A[0,0],X[1,1|1,0],X[1,0|0,1],C[2,0]]",216,1
AXXC,2208,28690,"AXXC[A[0,0],X[1,1|1,0],X[1,0|0,1],C[2,1]]",216,1
AXXC,2209,28691,"AXXC[A[0,0],X[1,1|1,0],X[1,0|0,1],C[2,2]]",216,1
AXXC,2210,28701,"AXXC[A[0,0],X[1,1|1,0],X[1,0|1,0],C[0,0]]",108,2
AXXC,2211,28702,"AXXC[A[0,0],X[1,1|1,0],X[1,0|1,0],C[0,1]]",216,1
AXXC,2212,28704,"AXXC[A[0,0],X[1,1|1,0],X[1,0|1,0],C[1,0]]",108,2
AXXC,2213,28705,"AXXC[A[0,0],X[1,1|1,0],X[1,0|1,0],C[1,1]]",216,1
AXXC,2214,28707,"AXXC[A[0,0],X[1,1|1,0],X[1,0|1,0],C[2,0]]",108,2
AXXC,2215,28708,"AXXC[A[0,0],X[1,1|1,0],X[1,0|1,0],C[2,1]]",216,1
AXXC,2216,28710,"AXXC[A[0,0],X[1,1|1,0],X[1,0|1,1],C[0,0]]",216,1
AXXC,2217,28711,"AXXC[A[0,0],X[1,1|1,0],X[1,0|1,1],C[0,1]]",216,1
AXXC,2218,28712,"AXXC[A[0,0],X[1,1|1,0],X[1,0|1,1],C[0,2]]",216,1
AXXC,2219,28713,"AXXC[A[0,0],X[1,1|1,0],X[1,0|1,1],C[1,0]]",216,1
AXXC,2220,28714,"AXXC[A[0,0],X[1,1|1,0],X[1,0|1,1],C[1,1]]",216,1
AXXC,2221,28715,"AXXC[A[0,0],X[1,1|1,0],X[1,0|1,1],C[1,2]]",216,1
AXXC,2222,28716,"AXXC[A[0,0],X[1,1|1,0],X[1,0|1,1],C[2,0]]",216,1
AXXC,2223,28717,"AXXC[A[0,0],X[1,1|1,0],X[1,0|1,1],C[2,1]]",216,1
AXXC,2224,28718,"AXXC[A[0,0],X[1,1|1,0],X[1,0|1,1],C[2,2]]",216,1
AXXC,2225,28728,"AXXC[A[0,0],X[1,1|1,0],X[1,0|2,0],C[0,0]]",108,2
AXXC,2226,28729,"AXXC[A[0,0],X[1,1|1,0],X[1,0|2,0],C[0,1]]",216,1
AXXC,2227,28731,"AXXC[A[0,0],X[1,1|1,0],X[1,0|2,0],C[1,0]]",108,2
AXXC,2228,28732,"AXXC[A[0,0],X[1,1|1,0],X[1,0|2,0],C[1,1]]",216,1
AXXC,2229,28734,"AXXC[A[0,0],X[1,1|1,0],X[1,0|2,0],C[2,0]]",108,2
AXXC,2230,28735,"AXXC[A[0,0],X[1,1|1,0],X[1,0|2,0],C[2,1]]",216,1
AXXC,2231,28737,"AXXC[A[0,0],X[1,1|1,0],X[1,0|2,1],C[0,0]]",216,1
AXXC,2232,28738,"AXXC[A[0,0],X[1,1|1,0],X[1,0|2,1],C[0,1]]",216,1
AXXC,2233,28739,"AXXC[A[0,0],X[1,1|1,0],X[1,0|2,1],C[0,2]]",216,1
AXXC,2234,28740,"AXXC[A[0,0],X[1,1|1,0],X[1,0|2,1],C[1,0]]",216,1
AXXC,2235,28741,"AXXC[A[0,0],X[1,1|1,0],X[1,0|2,1],C[1,1]]",216,1
AXXC,2236,28742,"AXXC[A[0,0],X[1,1|1,0],X[1,0|2,1],C[1,2]]",216,1
AXXC,2237,28743,"AXXC[A[0,0],X[1,1|1,0],X[1,0|2,1],C[2,0]]",216,1
AXXC,2238,28744,"AXXC[A[0,0],X[1,1|1,0],X[1,0|2,1],C[2,1]]",216,1
AXXC,2239,28745,"AXXC[A[0,0],X[1,1|1,0],X[1,0|2,1],C[2,2]]",216,1
AXXC,2240,28755,"AXXC[A[0,0],X[1,1|1,0],X[1,1|0,0],C[0,0]]",108,2
AXXC,2241,28756,"AXXC[A[0,0],X[1,1|1,0],X[1,1|0,0],C[0,1]]",216,1
AXXC,2242,28758,"AXXC[A[0,0],X[1,1|1,0],X[1,1|0,0],C[1,0]]",108,2
AXXC,2243,28759,"AXXC[A[0,0],X[1,1|1,0],X[1,1|0,0],C[1,1]]",216,1
AXXC,2244,28761,"AXXC[A[0,0],X[1,1|1,0],X[1,1|0,0],C[2,0]]",108,2
AXXC,2245,28762,"AXXC[A[0,0],X[1,1|1,0],X[1,1|0,0],C[2,1]]",216,1
AXXC,2246,28764,"AXXC[A[0,0],X[1,1|1,0],X[1,1|0,1],C[0,0]]",216,1
AXXC,2247,28765,"AXXC[A[0,0],X[1,1|1,0],X[1,1|0,1],C[0,1]]",216,1
AXXC,2248,28766,"AXXC[A[0,0],X[1,1|1,0],X[1,1|0,1],C[0,2]]",216,1
AXXC,2249,28767,"AXXC[A[0,0],X[1,1|1,0],X[1,1|0,1],C[1,0]]",216,1
AXXC,2250,28768,"AXXC[A[0,0],X[1,1|1,0],X[1,1|0,1],C[1,1]]",216,1
AXXC,2251,28769,"AXXC[A[0,0],X[1,1|1,0],X[1,1|0,1],C[1,2]]",216,1
AXXC,2252,28770,"AXXC[A[0,0],X[1,1|1,0],X[1,1|0,1],C[2,0]]",216,1
AXXC,2253,28771,"AXXC[A[0,0],X[1,1|1,0],X[1,1|0,1],C[2,1]]",216,1
AXXC,2254,28772,"AXXC[A[0,0],X[1,1|1,0],X[1,1|0,1],C[2,2]]",216,1
AXXC,2255,28782,"AXXC[A[0,0],X[1,1|1,0],X[1,1|1,0],C[0,0]]",108,2
AXXC,2256,28783,"AXXC[A[0,0],X[1,1|1,0],X[1,1|1,0],C[0,1]]",216,1
AXXC,2257,28785,"AXXC[A[0,0],X[1,1|1,0],X[1,1|1,0],C[1,0]]",108,2
AXXC,2258,28786,"AXXC[A[0,0],X[1,1|1,0],X[1,1|1,0],C[1,1]]",216,1
AXXC,2259,28788,"AXXC[A[0,0],X[1,1|1,0],X[1,1|1,0],C[2,0]]",108,2
AXXC,2260,28789,"AXXC[A[0,0],X[1,1|1,0],X[1,1|1,0],C[2,1]]",216,1
AXXC,2261,28791,"AXXC[A[0,0],X[1,1|1,0],X[1,1|1,1],C[0,0]]",216,1
AXXC,2262,28792,"AXXC[A[0,0],X[1,1|1,0],X[1,1|1,1],C[0,1]]",216,1
AXXC,2263,28793,"AXXC[A[0,0],X[1,1|1,0],X[1,1|1,1],C[0,2]]",216,1
AXXC,2264,28794,"AXXC[A[0,0],X[1,1|1,0],X[1,1|1,1],C[1,0]]",216,1
AXXC,2265,28795,"AXXC[A[0,0],X[1,1|1,0],X[1,1|1,1],C[1,1]]",216,1
AXXC,2266,28796,"AXXC[A[0,0],X[1,1|1,0],X[1,1|1,1],C[1,2]]",216,1
AXXC,2267,28797,"AXXC[A[0,0],X[1,1|1,0],X[1,1|1,1],C[2,0]]",216,1
AXXC,2268,28798,"AXXC[A[0,0],X[1,1|1,0],X[1,1|1,1],C[2,1]]",216,1
AXXC,2269,28799,"AXXC[A[0,0],X[1,1|1,0],X[1,1|1,1],C[2,2]]",216,1
AXXC,2270,28809,"AXXC[A[0,0],X[1,1|1,0],X[1,1|2,0],C[0,0]]",108,2
AXXC,2271,28810,"AXXC[A[0,0],X[1,1|1,0],X[1,1|2,0],C[0,1]]",216,1
AXXC,2272,28812,"AXXC[A[0,0],X[1,1|1,0],X[1,1|2,0],C[1,0]]",108,2
AXXC,2273,28813,"AXXC[A[0,0],X[1,1|1,0],X[1,1|2,0],C[1,1]]",216,1
AXXC,2274,28815,"AXXC[A[0,0],X[1,1|1,0],X[1,1|2,0],C[2,0]]",108,2
AXXC,2275,28816,"AXXC[A[0,0],X[1,1|1,0],X[1,1|2,0],C[2,1]]",216,1
AXXC,2276,28818,"AXXC[A[0,0],X[1,1|1,0],X[1,1|2,1],C[0,0]]",216,1
AXXC,2277,28819,"AXXC[A[0,0],X[1,1|1,0],X[1,1|2,1],C[0,1]]",216,1
AXXC,2278,28820,"AXXC[A[0,0],X[1,1|1,0],X[1,1|2,1],C[0,2]]",216,1
AXXC,2279,28821,"AXXC[A[0,0],X[1,1|1,0],X[1,1|2,1],C[1,0]]",216,1
AXXC,2280,28822,"AXXC[A[0,0],X[1,1|1,0],X[1,1|2,1],C[1,1]]",216,1
AXXC,2281,28823,"AXXC[A[0,0],X[1,1|1,0],X[1,1|2,1],C[1,2]]",216,1
AXXC,2282,28824,"AXXC[A[0,0],X[1,1|1,0],X[1,1|2,1],C[2,0]]",216,1
AXXC,2283,28825,"AXXC[A[0,0],X[1,1|1,0],X[1,1|2,1],C[2,1]]",216,1
AXXC,2284,28826,"AXXC[A[0,0],X[1,1|1,0],X[1,1|2,1],C[2,2]]",216,1
AXXC,2285,28836,"AXXC[A[0,0],X[1,1|1,0],X[1,2|0,0],C[0,0]]",108,2
AXXC,2286,28837,"AXXC[A[0,0],X[1,1|1,0],X[1,2|0,0],C[0,1]]",216,1
AXXC,2287,28839,"AXXC[A[0,0],X[1,1|1,0],X[1,2|0,0],C[1,0]]",108,2
AXXC,2288,28840,"AXXC[A[0,0],X[1,1|1,0],X[1,2|0,0],C[1,1]]",216,1
AXXC,2289,28842,"AXXC[A[0,0],X[1,1|1,0],X[1,2|0,0],C[2,0]]",108,2
AXXC,2290,28843,"AXXC[A[0,0],X[1,1|1,0],X[1,2|0,0],C[2,1]]",216,1
AXXC,2291,28845,"AXXC[A[0,0],X[1,1|1,0],X[1,2|0,1],C[0,0]]",216,1
AXXC,2292,28846,"AXXC[A[0,0],X[1,1|1,0],X[1,2|0,1],C[0,1]]",216,1
AXXC,2293,28847,"AXXC[A[0,0],X[1,1|1,0],X[1,2|0,1],C[0,2]]",216,1
AXXC,2294,28848,"AXXC[A[0,0],X[1,1|1,0],X[1,2|0,1],C[1,0]]",216,1
AXXC,2295,28849,"AXXC[A[0,0],X[1,1|1,0],X[1,2|0,1],C[1,1]]",216,1
AXXC,2296,28850,"AXXC[A[0,0],X[1,1|1,0],X[1,2|0,1],C[1,2]]",216,1
AXXC,2297,28851,"AXXC[A[0,0],X[1,1|1,0],X[1,2|0,1],C[2,0]]",216,1
AXXC,2298,28852,"AXXC[A[0,0],X[1,1|1,0],X[1,2|0,1],C[2,1]]",216,1
AXXC,2299,28853,"AXXC[A[0,0],X[1,1|1,0],X[1,2|0,1],C[2,2]]",216,1
AXXC,2300,28863,"AXXC[A[0,0],X[1,1|1,0],X[1,2|1,0],C[0,0]]",108,2
AXXC,2301,28864,"AXXC[A[0,0],X[1,1|1,0],X[1,2|1,0],C[0,1]]",216,1
AXXC,2302,28866,"AXXC[A[0,0],X[1,1|1,0],X[1,2|1,0],C[1,0]]",108,2
AXXC,2303,28867,"AXXC[A[0,0],X[1,1|1,0],X[1,2|1,0],C[1,1]]",216,1
AXXC,2304,28869,"AXXC[A[0,0],X[1,1|1,0],X[1,2|1,0],C[2,0]]",108,2
AXXC,2305,28870,"AXXC[A[0,0],X[1,1|1,0],X[1,2|1,0],C[2,1]]",216,1
AXXC,2306,28872,"AXXC[A[0,0],X[1,1|1,0],X[1,2|1,1],C[0,0]]",216,1
AXXC,2307,28873,"AXXC[A[0,0],X[1,1|1,0],X[1,2|1,1],C[0,1]]",216,1
AXXC,2308,28874,"AXXC[A[0,0],X[1,1|1,0],X[1,2|1,1],C[0,2]]",216,1
AXXC,2309,28875,"AXXC[A[0,0],X[1,1|1,0],X[1,2|1,1],C[1,0]]",216,1
AXXC,2310,28876,"AXXC[A[0,0],X[1,1|1,0],X[1,2|1,1],C[1,1]]",216,1
AXXC,2311,28877,"AXXC[A[0,0],X[1,1|1,0],X[1,2|1,1],C[1,2]]",216,1
AXXC,2312,28878,"AXXC[A[0,0],X[1,1|1,0],X[1,2|1,1],C[2,0]]",216,1
AXXC,2313,28879,"AXXC[A[0,0],X[1,1|1,0],X[1,2|1,1],C[2,1]]",216,1
AXXC,2314,28880,"AXXC[A[0,0],X[1,1|1,0],X[1,2|1,1],C[2,2]]",216,1
AXXC,2315,28890,"AXXC[A[0,0],X[1,1|1,0],X[1,2|2,0],C[0,0]]",108,2
AXXC,2316,28891,"AXXC[A[0,0],X[1,1|1,0],X[1,2|2,0],C[0,1]]",216,1
AXXC,2317,28893,"AXXC[A[0,0],X[1,1|1,0],X[1,2|2,0],C[1,0]]",108,2
AXXC,2318,28894,"AXXC[A[0,0],X[1,1|1,0],X[1,2|2,0],C[1,1]]",216,1
AXXC,2319,28896,"AXXC[A[0,0],X[1,1|1,0],X[1,2|2,0],C[2,0]]",108,2
AXXC,2320,28897,"AXXC[A[0,0],X[1,1|1,0],X[1,2|2,0],C[2,1]]",216,1
AXXC,2321,28899,"AXXC[A[0,0],X[1,1|1,0],X[1,2|2,1],C[0,0]]",216,1
AXXC,2322,28900,"AXXC[A[0,0],X[1,1|1,0],X[1,2|2,1],C[0,1]]",216,1
AXXC,2323,28901,"AXXC[A[0,0],X[1,1|1,0],X[1,2|2,1],C[0,2]]",216,1
AXXC,2324,28902,"AXXC[A[0,0],X[1,1|1,0],X[1,2|2,1],C[1,0]]",216,1
AXXC,2325,28903,"AXXC[A[0,0],X[1,1|1,0],X[1,2|2,1],C[1,1]]",216,1
AXXC,2326,28904,"AXXC[A[0,0],X[1,1|1,0],X[1,2|2,1],C[1,2]]",216,1
AXXC,2327,28905,"AXXC[A[0,0],X[1,1|1,0],X[1,2|2,1],C[2,0]]",216,1
AXXC,2328,28906,"AXXC[A[0,0],X[1,1|1,0],X[1,2|2,1],C[2,1]]",216,1
AXXC,2329,28907,"AXXC[A[0,0],X[1,1|1,0],X[1,2|2,1],C[2,2]]",216,1
AXXC,2330,28917,"AXXC[A[0,0],X[1,1|1,0],X[2,0|0,0],C[0,0]]",108,2
AXXC,2331,28918,"AXXC[A[0,0],X[1,1|1,0],X[2,0|0,0],C[0,1]]",216,1
AXXC,2332,28920,"AXXC[A[0,0],X[1,1|1,0],X[2,0|0,0],C[1,0]]",108,2
AXXC,2333,28921,"AXXC[A[0,0],X[1,1|1,0],X[2,0|0,0],C[1,1]]",216,1
AXXC,2334,28923,"AXXC[A[0,0],X[1,1|1,0],X[2,0|0,0],C[2,0]]",108,2
AXXC,2335,28924,"AXXC[A[0,0],X[1,1|1,0],X[2,0|0,0],C[2,1]]",216,1
AXXC,2336,28926,"AXXC[A[0,0],X[1,1|1,0],X[2,0|0,1],C[0,0]]",216,1
AXXC,2337,28927,"AXXC[A[0,0],X[1,1|1,0],X[2,0|0,1],C[0,1]]",216,1
AXXC,2338,28928,"AXXC[A[0,0],X[1,1|1,0],X[2,0|0,1],C[0,2]]",216,1
AXXC,2339,28929,"AXXC[A[0,0],X[1,1|1,0],X[2,0|0,1],C[1,0]]",216,1
AXXC,2340,28930,"AXXC[A[0,0],X[1,1|1,0],X[2,0|0,1],C[1,1]]",216,1
AXXC,2341,28931,"AXXC[A[0,0],X[1,1|1,0],X[2,0|0,1],C[1,2]]",216,1
AXXC,2342,28932,"AXXC[A[0,0],X[1,1|1,0],X[2,0|0,1],C[2,0]]",216,1
AXXC,2343,28933,"AXXC[A[0,0],X[1,1|1,0],X[2,0|0,1],C[2,1]]",216,1
AXXC,2344,28934,"AXXC[A[0,0],X[1,1|1,0],X[2,0|0,1],C[2,2]]",216,1
AXXC,2345,28944,"AXXC[A[0,0],X[1,1|1,0],X[2,0|1,0],C[0,0]]",108,2
AXXC,2346,28945,"AXXC[A[0,0],X[1,1|1,0],X[2,0|1,0],C[0,1]]",216,1
AXXC,2347,28947,"AXXC[A[0,0],X[1,1|1,0],X[2,0|1,0],C[1,0]]",108,2
AXXC,2348,28948,"AXXC[A[0,0],X[1,1|1,0],X[2,0|1,0],C[1,1]]",216,1
AXXC,2349,28950,"AXXC[A[0,0],X[1,1|1,0],X[2,0|1,0],C[2,0]]",108,2
AXXC,2350,28951,"AXXC[A[0,0],X[1,1|1,0],X[2,0|1,0],C[2,1]]",216,1
AXXC,2351,28953,"AXXC[A[0,0],X[1,1|1,0],X[2,0|1,1],C[0,0]]",216,1
AXXC,2352,28954,"AXXC[A[0,0],X[1,1|1,0],X[2,0|1,1],C[0,1]]",216,1
AXXC,2353,28955,"AXXC[A[0,0],X[1,1|1,0],X[2,0|1,1],C[0,2]]",216,1
AXXC,2354,28956,"AXXC[A[0,0],X[1,1|1,0],X[2,0|1,1],C[1,0]]",216,1
AXXC,2355,28957,"AXXC[A[0,0],X[1,1|1,0],X[2,0|1,1],C[1,1]]",216,1
AXXC,2356,28958,"AXXC[A[0,0],X[1,1|1,0],X[2,0|1,1],C[1,2]]",216,1
AXXC,2357,28959,"AXXC[A[0,0],X[1,1|1,0],X[2,0|1,1],C[2,0]]",216,1
AXXC,2358,28960,"AXXC[A[0,0],X[1,1|1,0],X[2,0|1,1],C[2,1]]",216,1
AXXC,2359,28961,"AXXC[A[0,0],X[1,1|1,0],X[2,0|1,1],C[2,2]]",216,1
AXXC,2360,28971,"AXXC[A[0,0],X[1,1|1,0],X[2,0|2,0],C[0,0]]",108,2
AXXC,2361,28972,"AXXC[A[0,0],X[1,1|1,0],X[2,0|2,0],C[0,1]]",216,1
AXXC,2362,28974,"AXXC[A[0,0],X[1,1|1,0],X[2,0|2,0],C[1,0]]",108,2
AXXC,2363,28975,"AXXC[A[0,0],X[1,1|1,0],X[2,0|2,0],C[1,1]]",216,1
AXXC,2364,28977,"AXXC[A[0,0],X[1,1|1,0],X[2,0|2,0],C[2,0]]",108,2
AXXC,2365,28978,"AXXC[A[0,0],X[1,1|1,0],X[2,0|2,0],C[2,1]]",216,1
AXXC,2366,28980,"AXXC[A[0,0],X[1,1|1,0],X[2,0|2,1],C[0,0]]",216,1
AXXC,2367,28981,"AXXC[A[0,0],X[1,1|1,0],X[2,0|2,1],C[0,1]]",216,1
AXXC,2368,28982,"AXXC[A[0,0],X[1,1|1,0],X[2,0|2,1],C[0,2]]",216,1
AXXC,2369,28983,"AXXC[A[0,0],X[1,1|1,0],X[2,0|2,1],C[1,0]]",216,1
AXXC,2370,28984,"AXXC[A[0,0],X[1,1|1,0],X[2,0|2,1],C[1,1]]",216,1
AXXC,2371,28985,"AXXC[A[0,0],X[1,1|1,0],X[2,0|2,1],C[1,2]]",216,1
AXXC,2372,28986,"AXXC[A[0,0],X[1,1|1,0],X[2,0|2,1],C[2,0]]",216,1
AXXC,2373,28987,"AXXC[A[0,0],X[1,1|1,0],X[2,0|2,1],C[2,1]]",216,1
AXXC,2374,28988,"AXXC[A[0,0],X[1,1|1,0],X[2,0|2,1],C[2,2]]",216,1
AXXC,2375,28998,"AXXC[A[0,0],X[1,1|1,0],X[2,1|0,0],C[0,0]]",108,2
AXXC,2376,28999,"AXXC[A[0,0],X[1,1|1,0],X[2,1|0,0],C[0,1]]",216,1
AXXC,2377,29001,"AXXC[A[0,0],X[1,1|1,0],X[2,1|0,0],C[1,0]]",108,2
AXXC,2378,29002,"AXXC[A[0,0],X[1,1|1,0],X[2,1|0,0],C[1,1]]",216,1
AXXC,2379,29004,"AXXC[A[0,0],X[1,1|1,0],X[2,1|0,0],C[2,0]]",108,2
AXXC,2380,29005,"AXXC[A[0,0],X[1,1|1,0],X[2,1|0,0],C[2,1]]",216,1
AXXC,2381,29007,"AXXC[A[0,0],X[1,1|1,0],X[2,1|0,1],C[0,0]]",216,1
AXXC,2382,29008,"AXXC[A[0,0],X[1,1|1,0],X[2,1|0,1],C[0,1]]",216,1
AXXC,2383,29009,"AXXC[A[0,0],X[1,1|1,0],X[2,1|0,1],C[0,2]]",216,1
AXXC,2384,29010,"AXXC[A[0,0],X[1,1|1,0],X[2,1|0,1],C[1,0]]",216,1
AXXC,2385,29011,"AXXC[A[0,0],X[1,1|1,0],X[2,1|0,1],C[1,1]]",216,1
AXXC,2386,29012,"AXXC[A[0,0],X[1,1|1,0],X[2,1|0,1],C[1,2]]",216,1
AXXC,2387,29013,"AXXC[A[0,0],X[1,1|1,0],X[2,1|0,1],C[2,0]]",216,1
AXXC,2388,29014,"AXXC[A[0,0],X[1,1|1,0],X[2,1|0,1],C[2,1]]",216,1
AXXC,2389,29015,"AXXC[A[0,0],X[1,1|1,0],X[2,1|0,1],C[2,2]]",216,1
AXXC,2390,29025,"AXXC[A[0,0],X[1,1|1,0],X[2,1|1,0],C[0,0]]",108,2
AXXC,2391,29026,"AXXC[A[0,0],X[1,1|1,0],X[2,1|1,0],C[0,1]]",216,1
AXXC,2392,29028,"AXXC[A[0,0],X[1,1|1,0],X[2,1|1,0],C[1,0]]",108,2
AXXC,2393,29029,"AXXC[A[0,0],X[1,1|1,0],X[2,1|1,0],C[1,1]]",216,1
AXXC,2394,29031,"AXXC[A[0,0],X[1,1|1,0],X[2,1|1,0],C[2,0]]",108,2
AXXC,2395,29032,"AXXC[A[0,0],X[1,1|1,0],X[2,1|1,0],C[2,1]]",216,1
AXXC,2396,29034,"AXXC[A[0,0],X[1,1|1,0],X[2,1|1,1],C[0,0]]",216,1
AXXC,2397,29035,"AXXC[A[0,0],X[1,1|1,0],X[2,1|1,1],C[0,1]]",216,1
AXXC,2398,29036,"AXXC[A[0,0],X[1,1|1,0],X[2,1|1,1],C[0,2]]",216,1
AXXC,2399,29037,"AXXC[A[0,0],X[1,1|1,0],X[2,1|1,1],C[1,0]]",216,1
AXXC,2400,29038,"AXXC[A[0,0],X[1,1|1,0],X[2,1|1,1],C[1,1]]",216,1
AXXC,2401,29039,"AXXC[A[0,0],X[1,1|1,0],X[2,1|1,1],C[1,2]]",216,1
AXXC,2402,29040,"AXXC[A[0,0],X[1,1|1,0],X[2,1|1,1],C[2,0]]",216,1
AXXC,2403,29041,"AXXC[A[0,0],X[1,1|1,0],X[2,1|1,1],C[2,1]]",216,1
AXXC,2404,29042,"AXXC[A[0,0],X[1,1|1,0],X[2,1|1,1],C[2,2]]",216,1
AXXC,2405,29052,"AXXC[A[0,0],X[1,1|1,0],X[2,1|2,0],C[0,0]]",108,2
AXXC,2406,29053,"AXXC[A[0,0],X[1,1|1,0],X[2,1|2,0],C[0,1]]",216,1
AXXC,2407,29055,"AXXC[A[0,0],X[1,1|1,0],X[2,1|2,0],C[1,0]]",108,2
AXXC,2408,29056,"AXXC[A[0,0],X[1,1|1,0],X[2,1|2,0],C[1,1]]",216,1
AXXC,2409,29058,"AXXC[A[0,0],X[1,1|1,0],X[2,1|2,0],C[2,0]]",108,2
AXXC,2410,29059,"AXXC[A[0,0],X[1,1|1,0],X[2,1|2,0],C[2,1]]",216,1
AXXC,2411,29061,"AXXC[A[0,0],X[1,1|1,0],X[2,1|2,1],C[0,0]]",216,1
AXXC,2412,29062,"AXXC[A[0,0],X[1,1|1,0],X[2,1|2,1],C[0,1]]",216,1
AXXC,2413,29063,"AXXC[A[0,0],X[1,1|1,0],X[2,1|2,1],C[0,2]]",216,1
AXXC,2414,29064,"AXXC[A[0,0],X[1,1|1,0],X[2,1|2,1],C[1,0]]",216,1
AXXC,2415,29065,"AXXC[A[0,0],X[1,1|1,0],X[2,1|2,1],C[1,1]]",216,1
AXXC,2416,29066,"AXXC[A[0,0],X[1,1|1,0],X[2,1|2,1],C[1,2]]",216,1
AXXC,2417,29067,"AXXC[A[0,0],X[1,1|1,0],X[2,1|2,1],C[2,0]]",216,1
AXXC,2418,29068,"AXXC[A[0,0],X[1,1|1,0],X[2,1|2,1],C[2,1]]",216,1
AXXC,2419,29069,"AXXC[A[0,0],X[1,1|1,0],X[2,1|2,1],C[2,2]]",216,1
AXXC,2420,29079,"AXXC[A[0,0],X[1,1|1,0],X[2,2|0,0],C[0,0]]",108,2
AXXC,2421,29080,"AXXC[A[0,0],X[1,1|1,0],X[2,2|0,0],C[0,1]]",216,1
AXXC,2422,29082,"AXXC[A[0,0],X[1,1|1,0],X[2,2|0,0],C[1,0]]",108,2
AXXC,2423,29083,"AXXC[A[0,0],X[1,1|1,0],X[2,2|0,0],C[1,1]]",216,1
AXXC,2424,29085,"AXXC[A[0,0],X[1,1|1,0],X[2,2|0,0],C[2,0]]",108,2
AXXC,2425,29086,"AXXC[A[0,0],X[1,1|1,0],X[2,2|0,0],C[2,1]]",216,1
AXXC,2426,29088,"AXXC[A[0,0],X[1,1|1,0],X[2,2|0,1],C[0,0]]",216,1
AXXC,2427,29089,"AXXC[A[0,0],X[1,1|1,0],X[2,2|0,1],C[0,1]]",216,1
AXXC,2428,29090,"AXXC[A[0,0],X[1,1|1,0],X[2,2|0,1],C[0,2]]",216,1
AXXC,2429,29091,"AXXC[A[0,0],X[1,1|1,0],X[2,2|0,1],C[1,0]]",216,1
AXXC,2430,29092,"AXXC[A[0,0],X[1,1|1,0],X[2,2|0,1],C[1,1]]",216,1
AXXC,2431,29093,"AXXC[A[0,0],X[1,1|1,0],X[2,2|0,1],C[1,2]]",216,1
AXXC,2432,29094,"AXXC[A[0,0],X[1,1|1,0],X[2,2|0,1],C[2,0]]",216,1
AXXC,2433,29095,"AXXC[A[0,0],X[1,1|1,0],X[2,2|0,1],C[2,1]]",216,1
AXXC,2434,29096,"AXXC[A[0,0],X[1,1|1,0],X[2,2|0,1],C[2,2]]",216,1
AXXC,2435,29106,"AXXC[A[0,0],X[1,1|1,0],X[2,2|1,0],C[0,0]]",108,2
AXXC,2436,29107,"AXXC[A[0,0],X[1,1|1,0],X[2,2|1,0],C[0,1]]",216,1
AXXC,2437,29109,"AXXC[A[0,0],X[1,1|1,0],X[2,2|1,0],C[1,0]]",108,2
AXXC,2438,29110,"AXXC[A[0,0],X[1,1|1,0],X[2,2|1,0],C[1,1]]",216,1
AXXC,2439,29112,"AXXC[A[0,0],X[1,1|1,0],X[2,2|1,0],C[2,0]]",108,2
AXXC,2440,29113,"AXXC[A[0,0],X[1,1|1,0],X[2,2|1,0],C[2,1]]",216,1
AXXC,2441,29115,"AXXC[A[0,0],X[1,1|1,0],X[2,2|1,1],C[0,0]]",216,1
AXXC,2442,29116,"AXXC[A[0,0],X[1,1|1,0],X[2,2|1,1],C[0,1]]",216,1
AXXC,2443,29117,"AXXC[A[0,0],X[1,1|1,0],X[2,2|1,1],C[0,2]]",216,1
AXXC,2444,29118,"AXXC[A[0,0],X[1,1|1,0],X[2,2|1,1],C[1,0]]",216,1
AXXC,2445,29119,"AXXC[A[0,0],X[1,1|1,0],X[2,2|1,1],C[1,1]]",216,1
AXXC,2446,29120,"AXXC[A[0,0],X[1,1|1,0],X[2,2|1,1],C[1,2]]",216,1
AXXC,2447,29121,"AXXC[A[0,0],X[1,1|1,0],X[2,2|1,1],C[2,0]]",216,1
AXXC,2448,29122,"AXXC[A[0,0],X[1,1|1,0],X[2,2|1,1],C[2,1]]",216,1
AXXC,2449,29123,"AXXC[A[0,0],X[1,1|1,0],X[2,2|1,1],C[2,2]]",216,1
AXXC,2450,29133,"AXXC[A[0,0],X[1,1|1,0],X[2,2|2,0],C[0,0]]",108,2
AXXC,2451,29134,"AXXC[A[0,0],X[1,1|1,0],X[2,2|2,0],C[0,1]]",216,1
AXXC,2452,29136,"AXXC[A[0,0],X[1,1|1,0],X[2,2|2,0],C[1,0]]",108,2
AXXC,2453,29137,"AXXC[A[0,0],X[1,1|1,0],X[2,2|2,0],C[1,1]]",216,1
AXXC,2454,29139,"AXXC[A[0,0],X[1,1|1,0],X[2,2|2,0],C[2,0]]",108,2
AXXC,2455,29140,"AXXC[A[0,0],X[1,1|1,0],X[2,2|2,0],C[2,1]]",216,1
AXXC,2456,29142,"AXXC[A[0,0],X[1,1|1,0],X[2,2|2,1],C[0,0]]",216,1
AXXC,2457,29143,"AXXC[A[0,0],X[1,1|1,0],X[2,2|2,1],C[0,1]]",216,1
AXXC,2458,29144,"AXXC[A[0,0],X[1,1|1,0],X[2,2|2,1],C[0,2]]",216,1
AXXC,2459,29145,"AXXC[A[0,0],X[1,1|1,0],X[2,2|2,1],C[1,0]]",216,1
AXXC,2460,29146,"AXXC[A[0,0],X[1,1|1,0],X[2,2|2,1],C[1,1]]",216,1
AXXC,2461,29147,"AXXC[A[0,0],X[1,1|1,0],X[2,2|2,1],C[1,2]]",216,1
AXXC,2462,29148,"AXXC[A[0,0],X[1,1|1,0],X[2,2|2,1],C[2,0]]",216,1
AXXC,2463,29149,"AXXC[A[0,0],X[1,1|1,0],X[2,2|2,1],C[2,1]]",216,1
AXXC,2464,29150,"AXXC[A[0,0],X[1,1|1,0],X[2,2|2,1],C[2,2]]",216,1
AXXC,2465,30618,"AXXC[A[0,0],X[1,1|2,0],X[0,0|0,0],C[0,0]]",108,2
AXXC,2466,30619,"AXXC[A[0,0],X[1,1|2,0],X[0,0|0,0],C[0,1]]",216,1
AXXC,2467,30621,"AXXC[A[0,0],X[1,1|2,0],X[0,0|0,0],C[1,0]]",108,2
AXXC,2468,30622,"AXXC[A[0,0],X[1,1|2,0],X[0,0|0,0],C[1,1]]",216,1
AXXC,2469,30624,"AXXC[A[0,0],X[1,1|2,0],X[0,0|0,0],C[2,0]]",108,2
AXXC,2470,30625,"AXXC[A[0,0],X[1,1|2,0],X[0,0|0,0],C[2,1]]",216,1
AXXC,2471,30627,"AXXC[A[0,0],X[1,1|2,0],X[0,0|0,1],C[0,0]]",216,1
AXXC,2472,30628,"AXXC[A[0,0],X[1,1|2,0],X[0,0|0,1],C[0,1]]",216,1
AXXC,2473,30629,"AXXC[A[0,0],X[1,1|2,0],X[0,0|0,1],C[0,2]]",216,1
AXXC,2474,30630,"AXXC[A[0,0],X[1,1|2,0],X[0,0|0,1],C[1,0]]",216,1
AXXC,2475,30631,"AXXC[A[0,0],X[1,1|2,0],X[0,0|0,1],C[1,1]]",216,1
AXXC,2476,30632,"AXXC[A[0,0],X[1,1|2,0],X[0,0|0,1],C[1,2]]",216,1
AXXC,2477,30633,"AXXC[A[0,0],X[1,1|2,0],X[0,0|0,1],C[2,0]]",216,1
AXXC,2478,30634,"AXXC[A[0,0],X[1,1|2,0],X[0,0|0,1],C[2,1]]",216,1
AXXC,2479,30635,"AXXC[A[0,0],X[1,1|2,0],X[0,0|0,1],C[2,2]]",216,1
AXXC,2480,30645,"AXXC[A[0,0],X[1,1|2,0],X[0,0|1,0],C[0,0]]",108,2
AXXC,2481,30646,"AXXC[A[0,0],X[1,1|2,0],X[0,0|1,0],C[0,1]]",216,1
AXXC,2482,30648,"AXXC[A[0,0],X[1,1|2,0],X[0,0|1,0],C[1,0]]",108,2
AXXC,2483,30649,"AXXC[A[0,0],X[1,1|2,0],X[0,0|1,0],C[1,1]]",216,1
AXXC,2484,30651,"AXXC[A[0,0],X[1,1|2,0],X[0,0|1,0],C[2,0]]",108,2
AXXC,2485,30652,"AXXC[A[0,0],X[1,1|2,0],X[0,0|1,0],C[2,1]]",216,1
AXXC,2486,30654,"AXXC[A[0,0],X[1,1|2,0],X[0,0|1,1],C[0,0]]",216,1
AXXC,2487,30655,"AXXC[A[0,0],X[1,1|2,0],X[0,0|1,1],C[0,1]]",216,1
AXXC,2488,30656,"AXXC[A[0,0],X[1,1|2,0],X[0,0|1,1],C[0,2]]",216,1
AXXC,2489,30657,"AXXC[A[0,0],X[1,1|2,0],X[0,0|1,1],C[1,0]]",216,1
AXXC,2490,30658,"AXXC[A[0,0],X[1,1|2,0],X[0,0|1,1],C[1,1]]",216,1
AXXC,2491,30659,"AXXC[A[0,0],X[1,1|2,0],X[0,0|1,1],C[1,2]]",216,1
AXXC,2492,30660,"AXXC[A[0,0],X[1,1|2,0],X[0,0|1,1],C[2,0]]",216,1
AXXC,2493,30661,"AXXC[A[0,0],X[1,1|2,0],X[0,0|1,1],C[2,1]]",216,1
AXXC,2494,30662,"AXXC[A[0,0],X[1,1|2,0],X[0,0|1,1],C[2,2]]",216,1
AXXC,2495,30672,"AXXC[A[0,0],X[1,1|2,0],X[0,0|2,0],C[0,0]]",108,2
AXXC,2496,30673,"AXXC[A[0,0],X[1,1|2,0],X[0,0|2,0],C[0,1]]",216,1
AXXC,2497,30675,"AXXC[A[0,0],X[1,1|2,0],X[0,0|2,0],C[1,0]]",108,2
AXXC,2498,30676,"AXXC[A[0,0],X[1,1|2,0],X[0,0|2,0],C[1,1]]",216,1
AXXC,2499,30678,"AXXC[A[0,0],X[1,1|2,0],X[0,0|2,0],C[2,0]]",108,2
AXXC,2500,30679,"AXXC[A[0,0],X[1,1|2,0],X[0,0|2,0],C[2,1]]",216,1
AXXC,2501,30681,"AXXC[A[0,0],X[1,1|2,0],X[0,0|2,1],C[0,0]]",216,1
AXXC,2502,30682,"AXXC[A[0,0],X[1,1|2,0],X[0,0|2,1],C[0,1]]",216,1
AXXC,2503,30683,"AXXC[A[0,0],X[1,1|2,0],X[0,0|2,1],C[0,2]]",216,1
AXXC,2504,30684,"AXXC[A[0,0],X[1,1|2,0],X[0,0|2,1],C[1,0]]",216,1
AXXC,2505,30685,"AXXC[A[0,0],X[1,1|2,0],X[0,0|2,1],C[1,1]]",216,1
AXXC,2506,30686,"AXXC[A[0,0],X[1,1|2,0],X[0,0|2,1],C[1,2]]",216,1
AXXC,2507,30687,"AXXC[A[0,0],X[1,1|2,0],X[0,0|2,1],C[2,0]]",216,1
AXXC,2508,30688,"AXXC[A[0,0],X[1,1|2,0],X[0,0|2,1],C[2,1]]",216,1
AXXC,2509,30689,"AXXC[A[0,0],X[1,1|2,0],X[0,0|2,1],C[2,2]]",216,1
AXXC,2510,30699,"AXXC[A[0,0],X[1,1|2,0],X[0,1|0,0],C[0,0]]",108,2
AXXC,2511,30700,"AXXC[A[0,0],X[1,1|2,0],X[0,1|0,0],C[0,1]]",216,1
AXXC,2512,30702,"AXXC[A[0,0],X[1,1|2,0],X[0,1|0,0],C[1,0]]",108,2
AXXC,2513,30703,"AXXC[A[0,0],X[1,1|2,0],X[0,1|0,0],C[1,1]]",216,1
AXXC,2514,30705,"AXXC[A[0,0],X[1,1|2,0],X[0,1|0,0],C[2,0]]",108,2
AXXC,2515,30706,"AXXC[A[0,0],X[1,1|2,0],X[0,1|0,0],C[2,1]]",216,1
AXXC,2516,30708,"AXXC[A[0,0],X[1,1|2,0],X[0,1|0,1],C[0,0]]",216,1
AXXC,2517,30709,"AXXC[A[0,0],X[1,1|2,0],X[0,1|0,1],C[0,1]]",216,1
AXXC,2518,30710,"AXXC[A[0,0],X[1,1|2,0],X[0,1|0,1],C[0,2]]",216,1
AXXC,2519,30711,"AXXC[A[0,0],X[1,1|2,0],X[0,1|0,1],C[1,0]]",216,1
AXXC,2520,30712,"AXXC[A[0,0],X[1,1|2,0],X[0,1|0,1],C[1,1]]",216,1
AXXC,2521,30713,"AXXC[A[0,0],X[1,1|2,0],X[0,1|0,1],C[1,2]]",216,1
AXXC,2522,30714,"AXXC[A[0,0],X[1,1|2,0],X[0,1|0,1],C[2,0]]",216,1
AXXC,2523,30715,"AXXC[A[0,0],X[1,1|2,0],X[0,1|0,1],C[2,1]]",216,1
AXXC,2524,30716,"AXXC[A[0,0],X[1,1|2,0],X[0,1|0,1],C[2,2]]",216,1
AXXC,2525,30726,"AXXC[A[0,0],X[1,1|2,0],X[0,1|1,0],C[0,0]]",108,2
AXXC,2526,30727,"AXXC[A[0,0],X[1,1|2,0],X[0,1|1,0],C[0,1]]",216,1
AXXC,2527,30729,"AXXC[A[0,0],X[1,1|2,0],X[0,1|1,0],C[1,0]]",108,2
AXXC,2528,30730,"AXXC[A[0,0],X[1,1|2,0],X[0,1|1,0],C[1,1]]",216,1
AXXC,2529,30732,"AXXC[A[0,0],X[1,1|2,0],X[0,1|1,0],C[2,0]]",108,2
AXXC,2530,30733,"AXXC[A[0,0],X[1,1|2,0],X[0,1|1,0],C[2,1]]",216,1
AXXC,2531,30735,"AXXC[A[0,0],X[1,1|2,0],X[0,1|1,1],C[0,0]]",216,1
AXXC,2532,30736,"AXXC[A[0,0],X[1,1|2,0],X[0,1|1,1],C[0,1]]",216,1
AXXC,2533,30737,"AXXC[A[0,0],X[1,1|2,0],X[0,1|1,1],C[0,2]]",216,1
AXXC,2534,30738,"AXXC[A[0,0],X[1,1|2,0],X[0,1|1,1],C[1,0]]",216,1
AXXC,2535,30739,"AXXC[A[0,0],X[1,1|2,0],X[0,1|1,1],C[1,1]]",216,1
AXXC,2536,30740,"AXXC[A[0,0],X[1,1|2,0],X[0,1|1,1],C[1,2]]",216,1
AXXC,2537,30741,"AXXC[A[0,0],X[1,1|2,0],X[0,1|1,1],C[2,0]]",216,1
AXXC,2538,30742,"AXXC[A[0,0],X[1,1|2,0],X[0,1|1,1],C[2,1]]",216,1
AXXC,2539,30743,"AXXC[A[0,0],X[1,1|2,0],X[0,1|1,1],C[2,2]]",216,1
AXXC,2540,30753,"AXXC[A[0,0],X[1,1|2,0],X[0,1|2,0],C[0,0]]",108,2
AXXC,2541,30754,"AXXC[A[0,0],X[1,1|2,0],X[0,1|2,0],C[0,1]]",216,1
AXXC,2542,30756,"AXXC[A[0,0],X[1,1|2,0],X[0,1|2,0],C[1,0]]",108,2
AXXC,2543,30757,"AXXC[A[0,0],X[1,1|2,0],X[0,1|2,0],C[1,1]]",216,1
AXXC,2544,30759,"AXXC[A[0,0],X[1,1|2,0],X[0,1|2,0],C[2,0]]",108,2
AXXC,2545,30760,"AXXC[A[0,0],X[1,1|2,0],X[0,1|2,0],C[2,1]]",216,1
AXXC,2546,30762,"AXXC[A[0,0],X[1,1|2,0],X[0,1|2,1],C[0,0]]",216,1
AXXC,2547,30763,"AXXC[A[0,0],X[1,1|2,0],X[0,1|2,1],C[0,1]]",216,1
AXXC,2548,30764,"AXXC[A[0,0],X[1,1|2,0],X[0,1|2,1],C[0,2]]",216,1
AXXC,2549,30765,"AXXC[A[0,0],X[1,1|2,0],X[0,1|2,1],C[1,0]]",216,1
AXXC,2550,30766,"AXXC[A[0,0],X[1,1|2,0],X[0,1|2,1],C[1,1]]",216,1
AXXC,2551,30767,"AXXC[A[0,0],X[1,1|2,0],X[0,1|2,1],C[1,2]]",216,1
AXXC,2552,30768,"AXXC[A[0,0],X[1,1|2,0],X[0,1|2,1],C[2,0]]",216,1
AXXC,2553,30769,"AXXC[A[0,0],X[1,1|2,0],X[0,1|2,1],C[2,1]]",216,1
AXXC,2554,30770,"AXXC[A[0,0],X[1,1|2,0],X[0,1|2,1],C[2,2]]",216,1
AXXC,2555,30780,"AXXC[A[0,0],X[1,1|2,0],X[0,2|0,0],C[0,0]]",108,2
AXXC,2556,30781,"AXXC[A[0,0],X[1,1|2,0],X[0,2|0,0],C[0,1]]",216,1
AXXC,2557,30783,"AXXC[A[0,0],X[1,1|2,0],X[0,2|0,0],C[1,0]]",108,2
AXXC,2558,30784,"AXXC[A[0,0],X[1,1|2,0],X[0,2|0,0],C[1,1]]",216,1
AXXC,2559,30786,"AXXC[A[0,0],X[1,1|2,0],X[0,2|0,0],C[2,0]]",108,2
AXXC,2560,30787,"AXXC[A[0,0],X[1,1|2,0],X[0,2|0,0],C[2,1]]",216,1
AXXC,2561,30789,"AXXC[A[0,0],X[1,1|2,0],X[0,2|0,1],C[0,0]]",216,1
AXXC,2562,30790,"AXXC[A[0,0],X[1,1|2,0],X[0,2|0,1],C[0,1]]",216,1
AXXC,2563,30791,"AXXC[A[0,0],X[1,1|2,0],X[0,2|0,1],C[0,2]]",216,1
AXXC,2564,30792,"AXXC[A[0,0],X[1,1|2,0],X[0,2|0,1],C[1,0]]",216,1
AXXC,2565,30793,"AXXC[A[0,0],X[1,1|2,0],X[0,2|0,1],C[1,1]]",216,1
AXXC,2566,30794,"AXXC[A[0,0],X[1,1|2,0],X[0,2|0,1],C[1,2]]",216,1
AXXC,2567,30795,"AXXC[A[0,0],X[1,1|2,0],X[0,2|0,1],C[2,0]]",216,1
AXXC,2568,30796,"AXXC[A[0,0],X[1,1|2,0],X[0,2|0,1],C[2,1]]",216,1
AXXC,2569,30797,"AXXC[A[0,0],X[1,1|2,0],X[0,2|0,1],C[2,2]]",216,1
AXXC,2570,30807,"AXXC[A[0,0],X[1,1|2,0],X[0,2|1,0],C[0,0]]",108,2
AXXC,2571,30808,"AXXC[A[0,0],X[1,1|2,0],X[0,2|1,0],C[0,1]]",216,1
AXXC,2572,30810,"AXXC[A[0,0],X[1,1|2,0],X[0,2|1,0],C[1,0]]",108,2
AXXC,2573,30811,"AXXC[A[0,0],X[1,1|2,0],X[0,2|1,0],C[1,1]]",216,1
AXXC,2574,30813,"AXXC[A[0,0],X[1,1|2,0],X[0,2|1,0],C[2,0]]",108,2
AXXC,2575,30814,"AXXC[A[0,0],X[1,1|2,0],X[0,2|1,0],C[2,1]]",216,1
AXXC,2576,30816,"AXXC[A[0,0],X[1,1|2,0],X[0,2|1,1],C[0,0]]",216,1
AXXC,2577,30817,"AXXC[A[0,0],X[1,1|2,0],X[0,2|1,1],C[0,1]]",216,1
AXXC,2578,30818,"AXXC[A[0,0],X[1,1|2,0],X[0,2|1,1],C[0,2]]",216,1
AXXC,2579,30819,"AXXC[A[0,0],X[1,1|2,0],X[0,2|1,1],C[1,0]]",216,1
AXXC,2580,30820,"AXXC[A[0,0],X[1,1|2,0],X[0,2|1,1],C[1,1]]",216,1
AXXC,2581,30821,"AXXC[A[0,0],X[1,1|2,0],X[0,2|1,1],C[1,2]]",216,1
AXXC,2582,30822,"AXXC[A[0,0],X[1,1|2,0],X[0,2|1,1],C[2,0]]",216,1
AXXC,2583,30823,"AXXC[A[0,0],X[1,1|2,0],X[0,2|1,1],C[2,1]]",216,1
AXXC,2584,30824,"AXXC[A[0,0],X[1,1|2,0],X[0,2|1,1],C[2,2]]",216,1
AXXC,2585,30834,"AXXC[A[0,0],X[1,1|2,0],X[0,2|2,0],C[0,0]]",108,2
AXXC,2586,30835,"AXXC[A[0,0],X[1,1|2,0],X[0,2|2,0],C[0,1]]",216,1
AXXC,2587,30837,"AXXC[A[0,0],X[1,1|2,0],X[0,2|2,0],C[1,0]]",108,2
AXXC,2588,30838,"AXXC[A[0,0],X[1,1|2,0],X[0,2|2,0],C[1,1]]",216,1
AXXC,2589,30840,"AXXC[A[0,0],X[1,1|2,0],X[0,2|2,0],C[2,0]]",108,2
AXXC,2590,30841,"AXXC[A[0,0],X[1,1|2,0],X[0,2|2,0],C[2,1]]",216,1
AXXC,2591,30843,"AXXC[A[0,0],X[1,1|2,0],X[0,2|2,1],C[0,0]]",216,1
AXXC,2592,30844,"AXXC[A[0,0],X[1,1|2,0],X[0,2|2,1],C[0,1]]",216,1
AXXC,2593,30845,"AXXC[A[0,0],X[1,1|2,0],X[0,2|2,1],C[0,2]]",216,1
AXXC,2594,30846,"AXXC[A[0,0],X[1,1|2,0],X[0,2|2,1],C[1,0]]",216,1
AXXC,2595,30847,"AXXC[A[0,0],X[1,1|2,0],X[0,2|2,1],C[1,1]]",216,1
AXXC,2596,30848,"AXXC[A[0,0],X[1,1|2,0],X[0,2|2,1],C[1,2]]",216,1
AXXC,2597,30849,"AXXC[A[0,0],X[1,1|2,0],X[0,2|2,1],C[2,0]]",216,1
AXXC,2598,30850,"AXXC[A[0,0],X[1,1|2,0],X[0,2|2,1],C[2,1]]",216,1
AXXC,2599,30851,"AXXC[A[0,0],X[1,1|2,0],X[0,2|2,1],C[2,2]]",216,1
AXXC,2600,30861,"AXXC[A[0,0],X[1,1|2,0],X[1,0|0,0],C[0,0]]",108,2
AXXC,2601,30862,"AXXC[A[0,0],X[1,1|2,0],X[1,0|0,0],C[0,1]]",216,1
AXXC,2602,30864,"AXXC[A[0,0],X[1,1|2,0],X[1,0|0,0],C[1,0]]",108,2
AXXC,2603,30865,"AXXC[A[0,0],X[1,1|2,0],X[1,0|0,0],C[1,1]]",216,1
AXXC,2604,30867,"AXXC[A[0,0],X[1,1|2,0],X[1,0|0,0],C[2,0]]",108,2
AXXC,2605,30868,"AXXC[A[0,0],X[1,1|2,0],X[1,0|0,0],C[2,1]]",216,1
AXXC,2606,30870,"AXXC[A[0,0],X[1,1|2,0],X[1,0|0,1],C[0,0]]",216,1
AXXC,2607,30871,"AXXC[A[0,0],X[1,1|2,0],X[1,0|0,1],C[0,1]]",216,1
AXXC,2608,30872,"AXXC[A[0,0],X[1,1|2,0],X[1,0|0,1],C[0,2]]",216,1
AXXC,2609,30873,"AXXC[A[0,0],X[1,1|2,0],X[1,0|0,1],C[1,0]]",216,1
AXXC,2610,30874,"AXXC[A[0,0],X[1,1|2,0],X[1,0|0,1],C[1,1]]",216,1
AXXC,2611,30875,"AXXC[A[0,0],X[1,1|2,0],X[1,0|0,1],C[1,2]]",216,1
AXXC,2612,30876,"AXXC[A[0,0],X[1,1|2,0],X[1,0|0,1],C[2,0]]",216,1
AXXC,2613,30877,"AXXC[A[0,0],X[1,1|2,0],X[1,0|0,1],C[2,1]]",216,1
AXXC,2614,30878,"AXXC[A[0,0],X[1,1|2,0],X[1,0|0,1],C[2,2]]",216,1
AXXC,2615,30888,"AXXC[A[0,0],X[1,1|2,0],X[1,0|1,0],C[0,0]]",108,2
AXXC,2616,30889,"AXXC[A[0,0],X[1,1|2,0],X[1,0|1,0],C[0,1]]",216,1
AXXC,2617,30891,"AXXC[A[0,0],X[1,1|2,0],X[1,0|1,0],C[1,0]]",108,2
AXXC,2618,30892,"AXXC[A[0,0],X[1,1|2,0],X[1,0|1,0],C[1,1]]",216,1
AXXC,2619,30894,"AXXC[A[0,0],X[1,1|2,0],X[1,0|1,0],C[2,0]]",108,2
AXXC,2620,30895,"AXXC[A[0,0],X[1,1|2,0],X[1,0|1,0],C[2,1]]",216,1
AXXC,2621,30897,"AXXC[A[0,0],X[1,1|2,0],X[1,0|1,1],C[0,0]]",216,1
AXXC,2622,30898,"AXXC[A[0,0],X[1,1|2,0],X[1,0|1,1],C[0,1]]",216,1
AXXC,2623,30899,"AXXC[A[0,0],X[1,1|2,0],X[1,0|1,1],C[0,2]]",216,1
AXXC,2624,30900,"AXXC[A[0,0],X[1,1|2,0],X[1,0|1,1],C[1,0]]",216,1
AXXC,2625,30901,"AXXC[A[0,0],X[1,1|2,0],X[1,0|1,1],C[1,1]]",216,1
AXXC,2626,30902,"AXXC[A[0,0],X[1,1|2,0],X[1,0|1,1],C[1,2]]",216,1
AXXC,2627,30903,"AXXC[A[0,0],X[1,1|2,0],X[1,0|1,1],C[2,0]]",216,1
AXXC,2628,30904,"AXXC[A[0,0],X[1,1|2,0],X[1,0|1,1],C[2,1]]",216,1
AXXC,2629,30905,"AXXC[A[0,0],X[1,1|2,0],X[1,0|1,1],C[2,2]]",216,1
AXXC,2630,30915,"AXXC[A[0,0],X[1,1|2,0],X[1,0|2,0],C[0,0]]",108,2
AXXC,2631,30916,"AXXC[A[0,0],X[1,1|2,0],X[1,0|2,0],C[0,1]]",216,1
AXXC,2632,30918,"AXXC[A[0,0],X[1,1|2,0],X[1,0|2,0],C[1,0]]",108,2
AXXC,2633,30919,"AXXC[A[0,0],X[1,1|2,0],X[1,0|2,0],C[1,1]]",216,1
AXXC,2634,30921,"AXXC[A[0,0],X[1,1|2,0],X[1,0|2,0],C[2,0]]",108,2
AXXC,2635,30922,"AXXC[A[0,0],X[1,1|2,0],X[1,0|2,0],C[2,1]]",216,1
AXXC,2636,30924,"AXXC[A[0,0],X[1,1|2,0],X[1,0|2,1],C[0,0]]",216,1
AXXC,2637,30925,"AXXC[A[0,0],X[1,1|2,0],X[1,0|2,1],C[0,1]]",216,1
AXXC,2638,30926,"AXXC[A[0,0],X[1,1|2,0],X[1,0|2,1],C[0,2]]",216,1
AXXC,2639,30927,"AXXC[A[0,0],X[1,1|2,0],X[1,0|2,1],C[1,0]]",216,1
AXXC,2640,30928,"AXXC[A[0,0],X[1,1|2,0],X[1,0|2,1],C[1,1]]",216,1
AXXC,2641,30929,"AXXC[A[0,0],X[1,1|2,0],X[1,0|2,1],C[1,2]]",216,1
AXXC,2642,30930,"AXXC[A[0,0],X[1,1|2,0],X[1,0|2,1],C[2,0]]",216,1
AXXC,2643,30931,"AXXC[A[0,0],X[1,1|2,0],X[1,0|2,1],C[2,1]]",216,1
AXXC,2644,30932,"AXXC[A[0,0],X[1,1|2,0],X[1,0|2,1],C[2,2]]",216,1
AXXC,2645,30942,"AXXC[A[0,0],X[1,1|2,0],X[1,1|0,0],C[0,0]]",108,2
AXXC,2646,30943,"AXXC[A[0,0],X[1,1|2,0],X[1,1|0,0],C[0,1]]",216,1
AXXC,2647,30945,"AXXC[A[0,0],X[1,1|2,0],X[1,1|0,0],C[1,0]]",108,2
AXXC,2648,30946,"AXXC[A[0,0],X[1,1|2,0],X[1,1|0,0],C[1,1]]",216,1
AXXC,2649,30948,"AXXC[A[0,0],X[1,1|2,0],X[1,1|0,0],C[2,0]]",108,2
AXXC,2650,30949,"AXXC[A[0,0],X[1,1|2,0],X[1,1|0,0],C[2,1]]",216,1
AXXC,2651,30951,"AXXC[A[0,0],X[1,1|2,0],X[1,1|0,1],C[0,0]]",216,1
AXXC,2652,30952,"AXXC[A[0,0],X[1,1|2,0],X[1,1|0,1],C[0,1]]",216,1
AXXC,2653,30953,"AXXC[A[0,0],X[1,1|2,0],X[1,1|0,1],C[0,2]]",216,1
AXXC,2654,30954,"AXXC[A[0,0],X[1,1|2,0],X[1,1|0,1],C[1,0]]",216,1
AXXC,2655,30955,"AXXC[A[0,0],X[1,1|2,0],X[1,1|0,1],C[1,1]]",216,1
AXXC,2656,30956,"AXXC[A[0,0],X[1,1|2,0],X[1,1|0,1],C[1,2]]",216,1
AXXC,2657,30957,"AXXC[A[0,0],X[1,1|2,0],X[1,1|0,1],C[2,0]]",216,1
AXXC,2658,30958,"AXXC[A[0,0],X[1,1|2,0],X[1,1|0,1],C[2,1]]",216,1
AXXC,2659,30959,"AXXC[A[0,0],X[1,1|2,0],X[1,1|0,1],C[2,2]]",216,1
AXXC,2660,30969,"AXXC[A[0,0],X[1,1|2,0],X[1,1|1,0],C[0,0]]",108,2
AXXC,2661,30970,"AXXC[A[0,0],X[1,1|2,0],X[1,1|1,0],C[0,1]]",216,1
AXXC,2662,30972,"AXXC[A[0,0],X[1,1|2,0],X[1,1|1,0],C[1,0]]",108,2
AXXC,2663,30973,"AXXC[A[0,0],X[1,1|2,0],X[1,1|1,0],C[1,1]]",216,1
AXXC,2664,30975,"AXXC[A[0,0],X[1,1|2,0],X[1,1|1,0],C[2,0]]",108,2
AXXC,2665,30976,"AXXC[A[0,0],X[1,1|2,0],X[1,1|1,0],C[2,1]]",216,1
AXXC,2666,30978,"AXXC[A[0,0],X[1,1|2,0],X[1,1|1,1],C[0,0]]",216,1
AXXC,2667,30979,"AXXC[A[0,0],X[1,1|2,0],X[1,1|1,1],C[0,1]]",216,1
AXXC,2668,30980,"AXXC[A[0,0],X[1,1|2,0],X[1,1|1,1],C[0,2]]",216,1
AXXC,2669,30981,"AXXC[A[0,0],X[1,1|2,0],X[1,1|1,1],C[1,0]]",216,1
AXXC,2670,30982,"AXXC[A[0,0],X[1,1|2,0],X[1,1|1,1],C[1,1]]",216,1
AXXC,2671,30983,"AXXC[A[0,0],X[1,1|2,0],X[1,1|1,1],C[1,2]]",216,1
AXXC,2672,30984,"AXXC[A[0,0],X[1,1|2,0],X[1,1|1,1],C[2,0]]",216,1
AXXC,2673,30985,"AXXC[A[0,0],X[1,1|2,0],X[1,1|1,1],C[2,1]]",216,1
AXXC,2674,30986,"AXXC[A[0,0],X[1,1|2,0],X[1,1|1,1],C[2,2]]",216,1
AXXC,2675,30996,"AXXC[A[0,0],X[1,1|2,0],X[1,1|2,0],C[0,0]]",108,2
AXXC,2676,30997,"AXXC[A[0,0],X[1,1|2,0],X[1,1|2,0],C[0,1]]",216,1
AXXC,2677,30999,"AXXC[A[0,0],X[1,1|2,0],X[1,1|2,0],C[1,0]]",108,2
AXXC,2678,31000,"AXXC[A[0,0],X[1,1|2,0],X[1,1|2,0],C[1,1]]",216,1
AXXC,2679,31002,"AXXC[A[0,0],X[1,1|2,0],X[1,1|2,0],C[2,0]]",108,2
AXXC,2680,31003,"AXXC[A[0,0],X[1,1|2,0],X[1,1|2,0],C[2,1]]",216,1
AXXC,2681,31005,"AXXC[A[0,0],X[1,1|2,0],X[1,1|2,1],C[0,0]]",216,1
AXXC,2682,31006,"AXXC[A[0,0],X[1,1|2,0],X[1,1|2,1],C[0,1]]",216,1
AXXC,2683,31007,"AXXC[A[0,0],X[1,1|2,0],X[1,1|2,1],C[0,2]]",216,1
AXXC,2684,31008,"AXXC[A[0,0],X[1,1|2,0],X[1,1|2,1],C[1,0]]",216,1
AXXC,2685,31009,"AXXC[A[0,0],X[1,1|2,0],X[1,1|2,1],C[1,1]]",216,1
AXXC,2686,31010,"AXXC[A[0,0],X[1,1|2,0],X[1,1|2,1],C[1,2]]",216,1
AXXC,2687,31011,"AXXC[A[0,0],X[1,1|2,0],X[1,1|2,1],C[2,0]]",216,1
AXXC,2688,31012,"AXXC[A[0,0],X[1,1|2,0],X[1,1|2,1],C[2,1]]",216,1
AXXC,2689,31013,"AXXC[A[0,0],X[1,1|2,0],X[1,1|2,1],C[2,2]]",216,1
AXXC,2690,31023,"AXXC[A[0,0],X[1,1|2,0],X[1,2|0,0],C[0,0]]",108,2
AXXC,2691,31024,"AXXC[A[0,0],X[1,1|2,0],X[1,2|0,0],C[0,1]]",216,1
AXXC,2692,31026,"AXXC[A[0,0],X[1,1|2,0],X[1,2|0,0],C[1,0]]",108,2
AXXC,2693,31027,"AXXC[A[0,0],X[1,1|2,0],X[1,2|0,0],C[1,1]]",216,1
AXXC,2694,31029,"AXXC[A[0,0],X[1,1|2,0],X[1,2|0,0],C[2,0]]",108,2
AXXC,2695,31030,"AXXC[A[0,0],X[1,1|2,0],X[1,2|0,0],C[2,1]]",216,1
AXXC,2696,31032,"AXXC[A[0,0],X[1,1|2,0],X[1,2|0,1],C[0,0]]",216,1
AXXC,2697,31033,"AXXC[A[0,0],X[1,1|2,0],X[1,2|0,1],C[0,1]]",216,1
AXXC,2698,31034,"AXXC[A[0,0],X[1,1|2,0],X[1,2|0,1],C[0,2]]",216,1
AXXC,2699,31035,"AXXC[A[0,0],X[1,1|2,0],X[1,2|0,1],C[1,0]]",216,1
AXXC,2700,31036,"AXXC[A[0,0],X[1,1|2,0],X[1,2|0,1],C[1,1]]",216,1
AXXC,2701,31037,"AXXC[A[0,0],X[1,1|2,0],X[1,2|0,1],C[1,2]]",216,1
AXXC,2702,31038,"AXXC[A[0,0],X[1,1|2,0],X[1,2|0,1],C[2,0]]",216,1
AXXC,2703,31039,"AXXC[A[0,0],X[1,1|2,0],X[1,2|0,1],C[2,1]]",216,1
AXXC,2704,31040,"AXXC[A[0,0],X[1,1|2,0],X[1,2|0,1],C[2,2]]",216,1
AXXC,2705,31050,"AXXC[A[0,0],X[1,1|2,0],X[1,2|1,0],C[0,0]]",108,2
AXXC,2706,31051,"AXXC[A[0,0],X[1,1|2,0],X[1,2|1,0],C[0,1]]",216,1
AXXC,2707,31053,"AXXC[A[0,0],X[1,1|2,0],X[1,2|1,0],C[1,0]]",108,2
AXXC,2708,31054,"AXXC[A[0,0],X[1,1|2,0],X[1,2|1,0],C[1,1]]",216,1
AXXC,2709,31056,"AXXC[A[0,0],X[1,1|2,0],X[1,2|1,0],C[2,0]]",108,2
AXXC,2710,31057,"AXXC[A[0,0],X[1,1|2,0],X[1,2|1,0],C[2,1]]",216,1
AXXC,2711,31059,"AXXC[A[0,0],X[1,1|2,0],X[1,2|1,1],C[0,0]]",216,1
AXXC,2712,31060,"AXXC[A[0,0],X[1,1|2,0],X[1,2|1,1],C[0,1]]",216,1
AXXC,2713,31061,"AXXC[A[0,0],X[1,1|2,0],X[1,2|1,1],C[0,2]]",216,1
AXXC,2714,31062,"AXXC[A[0,0],X[1,1|2,0],X[1,2|1,1],C[1,0]]",216,1
AXXC,2715,31063,"AXXC[A[0,0],X[1,1|2,0],X[1,2|1,1],C[1,1]]",216,1
AXXC,2716,31064,"AXXC[A[0,0],X[1,1|2,0],X[1,2|1,1],C[1,2]]",216,1
AXXC,2717,31065,"AXXC[A[0,0],X[1,1|2,0],X[1,2|1,1],C[2,0]]",216,1
AXXC,2718,31066,"AXXC[A[0,0],X[1,1|2,0],X[1,2|1,1],C[2,1]]",216,1
AXXC,2719,31067,"AXXC[A[0,0],X[1,1|2,0],X[1,2|1,1],C[2,2]]",216,1
AXXC,2720,31077,"AXXC[A[0,0],X[1,1|2,0],X[1,2|2,0],C[0,0]]",108,2
AXXC,2721,31078,"AXXC[A[0,0],X[1,1|2,0],X[1,2|2,0],C[0,1]]",216,1
AXXC,2722,31080,"AXXC[A[0,0],X[1,1|2,0],X[1,2|2,0],C[1,0]]",108,2
AXXC,2723,31081,"AXXC[A[0,0],X[1,1|2,0],X[1,2|2,0],C[1,1]]",216,1
AXXC,2724,31083,"AXXC[A[0,0],X[1,1|2,0],X[1,2|2,0],C[2,0]]",108,2
AXXC,2725,31084,"AXXC[A[0,0],X[1,1|2,0],X[1,2|2,0],C[2,1]]",216,1
AXXC,2726,31086,"AXXC[A[0,0],X[1,1|2,0],X[1,2|2,1],C[0,0]]",216,1
AXXC,2727,31087,"AXXC[A[0,0],X[1,1|2,0],X[1,2|2,1],C[0,1]]",216,1
AXXC,2728,31088,"AXXC[A[0,0],X[1,1|2,0],X[1,2|2,1],C[0,2]]",216,1
AXXC,2729,31089,"AXXC[A[0,0],X[1,1|2,0],X[1,2|2,1],C[1,0]]",216,1
AXXC,2730,31090,"AXXC[A[0,0],X[1,1|2,0],X[1,2|2,1],C[1,1]]",216,1
AXXC,2731,31091,"AXXC[A[0,0],X[1,1|2,0],X[1,2|2,1],C[1,2]]",216,1
AXXC,2732,31092,"AXXC[A[0,0],X[1,1|2,0],X[1,2|2,1],C[2,0]]",216,1
AXXC,2733,31093,"AXXC[A[0,0],X[1,1|2,0],X[1,2|2,1],C[2,1]]",216,1
AXXC,2734,31094,"AXXC[A[0,0],X[1,1|2,0],X[1,2|2,1],C[2,2]]",216,1
AXXC,2735,31104,"AXXC[A[0,0],X[1,1|2,0],X[2,0|0,0],C[0,0]]",108,2
AXXC,2736,31105,"AXXC[A[0,0],X[1,1|2,0],X[2,0|0,0],C[0,1]]",216,1
AXXC,2737,31107,"AXXC[A[0,0],X[1,1|2,0],X[2,0|0,0],C[1,0]]",108,2
AXXC,2738,31108,"AXXC[A[0,0],X[1,1|2,0],X[2,0|0,0],C[1,1]]",216,1
AXXC,2739,31110,"AXXC[A[0,0],X[1,1|2,0],X[2,0|0,0],C[2,0]]",108,2
AXXC,2740,31111,"AXXC[A[0,0],X[1,1|2,0],X[2,0|0,0],C[2,1]]",216,1
AXXC,2741,31113,"AXXC[A[0,0],X[1,1|2,0],X[2,0|0,1],C[0,0]]",216,1
AXXC,2742,31114,"AXXC[A[0,0],X[1,1|2,0],X[2,0|0,1],C[0,1]]",216,1
AXXC,2743,31115,"AXXC[A[0,0],X[1,1|2,0],X[2,0|0,1],C[0,2]]",216,1
AXXC,2744,31116,"AXXC[A[0,0],X[1,1|2,0],X[2,0|0,1],C[1,0]]",216,1
AXXC,2745,31117,"AXXC[A[0,0],X[1,1|2,0],X[2,0|0,1],C[1,1]]",216,1
AXXC,2746,31118,"AXXC[A[0,0],X[1,1|2,0],X[2,0|0,1],C[1,2]]",216,1
AXXC,2747,31119,"AXXC[A[0,0],X[1,1|2,0],X[2,0|0,1],C[2,0]]",216,1
AXXC,2748,31120,"AXXC[A[0,0],X[1,1|2,0],X[2,0|0,1],C[2,1]]",216,1
AXXC,2749,31121,"AXXC[A[0,0],X[1,1|2,0],X[2,0|0,1],C[2,2]]",216,1
AXXC,2750,31131,"AXXC[A[0,0],X[1,1|2,0],X[2,0|1,0],C[0,0]]",108,2
AXXC,2751,31132,"AXXC[A[0,0],X[1,1|2,0],X[2,0|1,0],C[0,1]]",216,1
AXXC,2752,31134,"AXXC[A[0,0],X[1,1|2,0],X[2,0|1,0],C[1,0]]",108,2
AXXC,2753,31135,"AXXC[A[0,0],X[1,1|2,0],X[2,0|1,0],C[1,1]]",216,1
AXXC,2754,31137,"AXXC[A[0,0],X[1,1|2,0],X[2,0|1,0],C[2,0]]",108,2
AXXC,2755,31138,"AXXC[A[0,0],X[1,1|2,0],X[2,0|1,0],C[2,1]]",216,1
AXXC,2756,31140,"AXXC[A[0,0],X[1,1|2,0],X[2,0|1,1],C[0,0]]",216,1
AXXC,2757,31141,"AXXC[A[0,0],X[1,1|2,0],X[2,0|1,1],C[0,1]]",216,1
AXXC,2758,31142,"AXXC[A[0,0],X[1,1|2,0],X[2,0|1,1],C[0,2]]",216,1
AXXC,2759,31143,"AXXC[A[0,0],X[1,1|2,0],X[2,0|1,1],C[1,0]]",216,1
AXXC,2760,31144,"AXXC[A[0,0],X[1,1|2,0],X[2,0|1,1],C[1,1]]",216,1
AXXC,2761,31145,"AXXC[A[0,0],X[1,1|2,0],X[2,0|1,1],C[1,2]]",216,1
AXXC,2762,31146,"AXXC[A[0,0],X[1,1|2,0],X[2,0|1,1],C[2,0]]",216,1
AXXC,2763,31147,"AXXC[A[0,0],X[1,1|2,0],X[2,0|1,1],C[2,1]]",216,1
AXXC,2764,31148,"AXXC[A[0,0],X[1,1|2,0],X[2,0|1,1],C[2,2]]",216,1
AXXC,2765,31158,"AXXC[A[0,0],X[1,1|2,0],X[2,0|2,0],C[0,0]]",108,2
AXXC,2766,31159,"AXXC[A[0,0],X[1,1|2,0],X[2,0|2,0],C[0,1]]",216,1
AXXC,2767,31161,"AXXC[A[0,0],X[1,1|2,0],X[2,0|2,0],C[1,0]]",108,2
AXXC,2768,31162,"AXXC[A[0,0],X[1,1|2,0],X[2,0|2,0],C[1,1]]",216,1
AXXC,2769,31164,"AXXC[A[0,0],X[1,1|2,0],X[2,0|2,0],C[2,0]]",108,2
AXXC,2770,31165,"AXXC[A[0,0],X[1,1|2,0],X[2,0|2,0],C[2,1]]",216,1
AXXC,2771,31167,"AXXC[A[0,0],X[1,1|2,0],X[2,0|2,1],C[0,0]]",216,1
AXXC,2772,31168,"AXXC[A[0,0],X[1,1|2,0],X[2,0|2,1],C[0,1]]",216,1
AXXC,2773,31169,"AXXC[A[0,0],X[1,1|2,0],X[2,0|2,1],C[0,2]]",216,1
AXXC,2774,31170,"AXXC[A[0,0],X[1,1|2,0],X[2,0|2,1],C[1,0]]",216,1
AXXC,2775,31171,"AXXC[A[0,0],X[1,1|2,0],X[2,0|2,1],C[1,1]]",216,1
AXXC,2776,31172,"AXXC[A[0,0],X[1,1|2,0],X[2,0|2,1],C[1,2]]",216,1
AXXC,2777,31173,"AXXC[A[0,0],X[1,1|2,0],X[2,0|2,1],C[2,0]]",216,1
AXXC,2778,31174,"AXXC[A[0,0],X[1,1|2,0],X[2,0|2,1],C[2,1]]",216,1
AXXC,2779,31175,"AXXC[A[0,0],X[1,1|2,0],X[2,0|2,1],C[2,2]]",216,1
AXXC,2780,31185,"AXXC[A[0,0],X[1,1|2,0],X[2,1|0,0],C[0,0]]",108,2
AXXC,2781,31186,"AXXC[A[0,0],X[1,1|2,0],X[2,1|0,0],C[0,1]]",216,1
AXXC,2782,31188,"AXXC[A[0,0],X[1,1|2,0],X[2,1|0,0],C[1,0]]",108,2
AXXC,2783,31189,"AXXC[A[0,0],X[1,1|2,0],X[2,1|0,0],C[1,1]]",216,1
AXXC,2784,31191,"AXXC[A[0,0],X[1,1|2,0],X[2,1|0,0],C[2,0]]",108,2
AXXC,2785,31192,"AXXC[A[0,0],X[1,1|2,0],X[2,1|0,0],C[2,1]]",216,1
AXXC,2786,31194,"AXXC[A[0,0],X[1,1|2,0],X[2,1|0,1],C[0,0]]",216,1
AXXC,2787,31195,"AXXC[A[0,0],X[1,1|2,0],X[2,1|0,1],C[0,1]]",216,1
AXXC,2788,31196,"AXXC[A[0,0],X[1,1|2,0],X[2,1|0,1],C[0,2]]",216,1
AXXC,2789,31197,"AXXC[A[0,0],X[1,1|2,0],X[2,1|0,1],C[1,0]]",216,1
AXXC,2790,31198,"AXXC[A[0,0],X[1,1|2,0],X[2,1|0,1],C[1,1]]",216,1
AXXC,2791,31199,"AXXC[A[0,0],X[1,1|2,0],X[2,1|0,1],C[1,2]]",216,1
AXXC,2792,31200,"AXXC[A[0,0],X[1,1|2,0],X[2,1|0,1],C[2,0]]",216,1
AXXC,2793,31201,"AXXC[A[0,0],X[1,1|2,0],X[2,1|0,1],C[2,1]]",216,1
AXXC,2794,31202,"AXXC[A[0,0],X[1,1|2,0],X[2,1|0,1],C[2,2]]",216,1
AXXC,2795,31212,"AXXC[A[0,0],X[1,1|2,0],X[2,1|1,0],C[0,0]]",108,2
AXXC,2796,31213,"AXXC[A[0,0],X[1,1|2,0],X[2,1|1,0],C[0,1]]",216,1
AXXC,2797,31215,"AXXC[A[0,0],X[1,1|2,0],X[2,1|1,0],C[1,0]]",108,2
AXXC,2798,31216,"AXXC[A[0,0],X[1,1|2,0],X[2,1|1,0],C[1,1]]",216,1
AXXC,2799,31218,"AXXC[A[0,0],X[1,1|2,0],X[2,1|1,0],C[2,0]]",108,2
AXXC,2800,31219,"AXXC[A[0,0],X[1,1|2,0],X[2,1|1,0],C[2,1]]",216,1
AXXC,2801,31221,"AXXC[A[0,0],X[1,1|2,0],X[2,1|1,1],C[0,0]]",216,1
AXXC,2802,31222,"AXXC[A[0,0],X[1,1|2,0],X[2,1|1,1],C[0,1]]",216,1
AXXC,2803,31223,"AXXC[A[0,0],X[1,1|2,0],X[2,1|1,1],C[0,2]]",216,1
AXXC,2804,31224,"AXXC[A[0,0],X[1,1|2,0],X[2,1|1,1],C[1,0]]",216,1
AXXC,2805,31225,"AXXC[A[0,0],X[1,1|2,0],X[2,1|1,1],C[1,1]]",216,1
AXXC,2806,31226,"AXXC[A[0,0],X[1,1|2,0],X[2,1|1,1],C[1,2]]",216,1
AXXC,2807,31227,"AXXC[A[0,0],X[1,1|2,0],X[2,1|1,1],C[2,0]]",216,1
AXXC,2808,31228,"AXXC[A[0,0],X[1,1|2,0],X[2,1|1,1],C[2,1]]",216,1
AXXC,2809,31229,"AXXC[A[0,0],X[1,1|2,0],X[2,1|1,1],C[2,2]]",216,1
AXXC,2810,31239,"AXXC[A[0,0],X[1,1|2,0],X[2,1|2,0],C[0,0]]",108,2
AXXC,2811,31240,"AXXC[A[0,0],X[1,1|2,0],X[2,1|2,0],C[0,1]]",216,1
AXXC,2812,31242,"AXXC[A[0,0],X[1,1|2,0],X[2,1|2,0],C[1,0]]",108,2
AXXC,2813,31243,"AXXC[A[0,0],X[1,1|2,0],X[2,1|2,0],C[1,1]]",216,1
AXXC,2814,31245,"AXXC[A[0,0],X[1,1|2,0],X[2,1|2,0],C[2,0]]",108,2
AXXC,2815,31246,"AXXC[A[0,0],X[1,1|2,0],X[2,1|2,0],C[2,1]]",216,1
AXXC,2816,31248,"AXXC[A[0,0],X[1,1|2,0],X[2,1|2,1],C[0,0]]",216,1
AXXC,2817,31249,"AXXC[A[0,0],X[1,1|2,0],X[2,1|2,1],C[0,1]]",216,1
AXXC,2818,31250,"AXXC[A[0,0],X[1,1|2,0],X[2,1|2,1],C[0,2]]",216,1
AXXC,2819,31251,"AXXC[A[0,0],X[1,1|2,0],X[2,1|2,1],C[1,0]]",216,1
AXXC,2820,31252,"AXXC[A[0,0],X[1,1|2,0],X[2,1|2,1],C[1,1]]",216,1
AXXC,2821,31253,"AXXC[A[0,0],X[1,1|2,0],X[2,1|2,1],C[1,2]]",216,1
AXXC,2822,31254,"AXXC[A[0,0],X[1,1|2,0],X[2,1|2,1],C[2,0]]",216,1
AXXC,2823,31255,"AXXC[A[0,0],X[1,1|2,0],X[2,1|2,1],C[2,1]]",216,1
AXXC,2824,31256,"AXXC[A[0,0],X[1,1|2,0],X[2,1|2,1],C[2,2]]",216,1
AXXC,2825,31266,"AXXC[A[0,0],X[1,1|2,0],X[2,2|0,0],C[0,0]]",108,2
AXXC,2826,31267,"AXXC[A[0,0],X[1,1|2,0],X[2,2|0,0],C[0,1]]",216,1
AXXC,2827,31269,"AXXC[A[0,0],X[1,1|2,0],X[2,2|0,0],C[1,0]]",108,2
AXXC,2828,31270,"AXXC[A[0,0],X[1,1|2,0],X[2,2|0,0],C[1,1]]",216,1
AXXC,2829,31272,"AXXC[A[0,0],X[1,1|2,0],X[2,2|0,0],C[2,0]]",108,2
AXXC,2830,31273,"AXXC[A[0,0],X[1,1|2,0],X[2,2|0,0],C[2,1]]",216,1
AXXC,2831,31275,"AXXC[A[0,0],X[1,1|2,0],X[2,2|0,1],C[0,0]]",216,1
AXXC,2832,31276,"AXXC[A[0,0],X[1,1|2,0],X[2,2|0,1],C[0,1]]",216,1
AXXC,2833,31277,"AXXC[A[0,0],X[1,1|2,0],X[2,2|0,1],C[0,2]]",216,1
AXXC,2834,31278,"AXXC[A[0,0],X[1,1|2,0],X[2,2|0,1],C[1,0]]",216,1
AXXC,2835,31279,"AXXC[A[0,0],X[1,1|2,0],X[2,2|0,1],C[1,1]]",216,1
AXXC,2836,31280,"AXXC[A[0,0],X[1,1|2,0],X[2,2|0,1],C[1,2]]",216,1
AXXC,2837,31281,"AXXC[A[0,0],X[1,1|2,0],X[2,2|0,1],C[2,0]]",216,1
AXXC,2838,31282,"AXXC[A[0,0],X[1,1|2,0],X[2,2|0,1],C[2,1]]",216,1
AXXC,2839,31283,"AXXC[A[0,0],X[1,1|2,0],X[2,2|0,1],C[2,2]]",216,1
AXXC,2840,31293,"AXXC[A[0,0],X[1,1|2,0],X[2,2|1,0],C[0,0]]",108,2
AXXC,2841,31294,"AXXC[A[0,0],X[1,1|2,0],X[2,2|1,0],C[0,1]]",216,1
AXXC,2842,31296,"AXXC[A[0,0],X[1,1|2,0],X[2,2|1,0],C[1,0]]",108,2
AXXC,2843,31297,"AXXC[A[0,0],X[1,1|2,0],X[2,2|1,0],C[1,1]]",216,1
AXXC,2844,31299,"AXXC[A[0,0],X[1,1|2,0],X[2,2|1,0],C[2,0]]",108,2
AXXC,2845,31300,"AXXC[A[0,0],X[1,1|2,0],X[2,2|1,0],C[2,1]]",216,1
AXXC,2846,31302,"AXXC[A[0,0],X[1,1|2,0],X[2,2|1,1],C[0,0]]",216,1
AXXC,2847,31303,"AXXC[A[0,0],X[1,1|2,0],X[2,2|1,1],C[0,1]]",216,1
AXXC,2848,31304,"AXXC[A[0,0],X[1,1|2,0],X[2,2|1,1],C[0,2]]",216,1
AXXC,2849,31305,"AXXC[A[0,0],X[1,1|2,0],X[2,2|1,1],C[1,0]]",216,1
AXXC,2850,31306,"AXXC[A[0,0],X[1,1|2,0],X[2,2|1,1],C[1,1]]",216,1
AXXC,2851,31307,"AXXC[A[0,0],X[1,1|2,0],X[2,2|1,1],C[1,2]]",216,1
AXXC,2852,31308,"AXXC[A[0,0],X[1,1|2,0],X[2,2|1,1],C[2,0]]",216,1
AXXC,2853,31309,"AXXC[A[0,0],X[1,1|2,0],X[2,2|1,1],C[2,1]]",216,1
AXXC,2854,31310,"AXXC[A[0,0],X[1,1|2,0],X[2,2|1,1],C[2,2]]",216,1
AXXC,2855,31320,"AXXC[A[0,0],X[1,1|2,0],X[2,2|2,0],C[0,0]]",108,2
AXXC,2856,31321,"AXXC[A[0,0],X[1,1|2,0],X[2,2|2,0],C[0,1]]",216,1
AXXC,2857,31323,"AXXC[A[0,0],X[1,1|2,0],X[2,2|2,0],C[1,0]]",108,2
AXXC,2858,31324,"AXXC[A[0,0],X[1,1|2,0],X[2,2|2,0],C[1,1]]",216,1
AXXC,2859,31326,"AXXC[A[0,0],X[1,1|2,0],X[2,2|2,0],C[2,0]]",108,2
AXXC,2860,31327,"AXXC[A[0,0],X[1,1|2,0],X[2,2|2,0],C[2,1]]",216,1
AXXC,2861,31329,"AXXC[A[0,0],X[1,1|2,0],X[2,2|2,1],C[0,0]]",216,1
AXXC,2862,31330,"AXXC[A[0,0],X[1,1|2,0],X[2,2|2,1],C[0,1]]",216,1
AXXC,2863,31331,"AXXC[A[0,0],X[1,1|2,0],X[2,2|2,1],C[0,2]]",216,1
AXXC,2864,31332,"AXXC[A[0,0],X[1,1|2,0],X[2,2|2,1],C[1,0]]",216,1
AXXC,2865,31333,"AXXC[A[0,0],X[1,1|2,0],X[2,2|2,1],C[1,1]]",216,1
AXXC,2866,31334,"AXXC[A[0,0],X[1,1|2,0],X[2,2|2,1],C[1,2]]",216,1
AXXC,2867,31335,"AXXC[A[0,0],X[1,1|2,0],X[2,2|2,1],C[2,0]]",216,1
AXXC,2868,31336,"AXXC[A[0,0],X[1,1|2,0],X[2,2|2,1],C[2,1]]",216,1
AXXC,2869,31337,"AXXC[A[0,0],X[1,1|2,0],X[2,2|2,1],C[2,2]]",216,1
