schema,orbit_id,rep_config_id,rep_readable,signature_key,orbit_size,stabilizer_size
CCXX,0,0,"CCXX[C[0,0],C[0,0],X[0,0|0,0],X[0,0|0,0]]","(True, True, True, True, True, True, True, (0, 0, 0, 0), (0, 0, 0, 0))",27,8
CCXX,1,1,"CCXX[C[0,0],C[0,0],X[0,0|0,0],X[0,0|0,1]]","(True, True, True, True, False, True, False, (0, 0, 0, 0), (0, 0, 0, 1))",54,4
CCXX,2,3,"CCXX[C[0,0],C[0,0],X[0,0|0,0],X[0,0|1,0]]","(True, False, True, True, False, True, False, (0, 0, 0, 0), (0, 0, 0, 0))",54,4
CCXX,3,4,"CCXX[C[0,0],C[0,0],X[0,0|0,0],X[0,0|1,1]]","(True, False, True, True, False, True, False, (0, 0, 0, 0), (0, 0, 0, 1))",108,2
CCXX,4,9,"CCXX[C[0,0],C[0,0],X[0,0|0,0],X[0,1|0,0]]","(True, False, True, True, False, True, False, (0, 0, 0, 0), (0, 0, 0, 0))",54,4
CCXX,5,10,"CCXX[C[0,0],C[0,0],X[0,0|0,0],X[0,1|0,1]]","(True, False, True, True, False, True, False, (0, 0, 0, 0), (0, 0, 0, 1))",108,2
CCXX,6,12,"CCXX[C[0,0],C[0,0],X[0,0|0,0],X[0,1|1,0]]","(True, True, True, True, True, True, True, (0, 0, 0, 0), (0, 0, 0, 0))",54,4
CCXX,7,13,"CCXX[C[0,0],C[0,0],X[0,0|0,0],X[0,1|1,1]]","(True, True, True, True, False, True, False, (0, 0, 0, 0), (0, 0, 0, 1))",108,2
CCXX,8,15,"CCXX[C[0,0],C[0,0],X[0,0|0,0],X[0,1|2,0]]","(True, False, True, True, False, True, False, (0, 0, 0, 0), (0, 0, 0, 0))",54,4
CCXX,9,16,"CCXX[C[0,0],C[0,0],X[0,0|0,0],X[0,1|2,1]]","(True, False, True, True, False, True, False, (0, 0, 0, 0), (0, 0, 0, 1))",108,2
CCXX,10,27,"CCXX[C[0,0],C[0,0],X[0,0|0,0],X[1,0|0,0]]","(True, True, True, True, False, True, False, (0, 0, 0, 1), (0, 0, 0, 0))",54,4
CCXX,11,28,"CCXX[C[0,0],C[0,0],X[0,0|0,0],X[1,0|0,1]]","(True, True, True, True, False, True, False, (0, 0, 0, 1), (0, 0, 0, 1))",108,2
CCXX,12,30,"CCXX[C[0,0],C[0,0],X[0,0|0,0],X[1,0|1,0]]","(True, False, True, True, False, True, False, (0, 0, 0, 1), (0, 0, 0, 0))",108,2
CCXX,13,31,"CCXX[C[0,0],C[0,0],X[0,0|0,0],X[1,0|1,1]]","(True, False, True, True, False, True, False, (0, 0, 0, 1), (0, 0, 0, 1))",216,1
CCXX,14,36,"CCXX[C[0,0],C[0,0],X[0,0|0,0],X[1,1|0,0]]","(True, False, True, True, False, True, False, (0, 0, 0, 1), (0, 0, 0, 0))",108,2
CCXX,15,37,"CCXX[C[0,0],C[0,0],X[0,0|0,0],X[1,1|0,1]]","(True, False, True, True, False, True, False, (0, 0, 0, 1), (0, 0, 0, 1))",216,1
CCXX,16,39,"CCXX[C[0,0],C[0,0],X[0,0|0,0],X[1,1|1,0]]","(True, True, True, True, False, True, False, (0, 0, 0, 1), (0, 0, 0, 0))",108,2
CCXX,17,40,"CCXX[C[0,0],C[0,0],X[0,0|0,0],X[1,1|1,1]]","(True, True, True, True, False, True, False, (0, 0, 0, 1), (0, 0, 0, 1))",216,1
CCXX,18,42,"CCXX[C[0,0],C[0,0],X[0,0|0,0],X[1,1|2,0]]","(True, False, True, True, False, True, False, (0, 0, 0, 1), (0, 0, 0, 0))",108,2
CCXX,19,43,"CCXX[C[0,0],C[0,0],X[0,0|0,0],X[1,1|2,1]]","(True, False, True, True, False, True, False, (0, 0, 0, 1), (0, 0, 0, 1))",216,1
CCXX,20,81,"CCXX[C[0,0],C[0,0],X[0,0|0,1],X[0,0|0,0]]","(True, True, True, False, True, False, True, (0, 0, 0, 0), (0, 0, 1, 0))",54,4
CCXX,21,82,"CCXX[C[0,0],C[0,0],X[0,0|0,1],X[0,0|0,1]]","(True, True, True, False, False, False, False, (0, 0, 0, 0), (0, 0, 1, 1))",54,4
CCXX,22,83,"CCXX[C[0,0],C[0,0],X[0,0|0,1],X[0,0|0,2]]","(True, True, True, False, False, False, False, (0, 0, 0, 0), (0, 0, 1, 2))",54,4
CCXX,23,84,"CCXX[C[0,0],C[0,0],X[0,0|0,1],X[0,0|1,0]]","(True, False, True, False, False, False, False, (0, 0, 0, 0), (0, 0, 1, 0))",108,2
CCXX,24,85,"CCXX[C[0,0],C[0,0],X[0,0|0,1],X[0,0|1,1]]","(True, False, True, False, False, False, False, (0, 0, 0, 0), (0, 0, 1, 1))",108,2
CCXX,25,86,"CCXX[C[0,0],C[0,0],X[0,0|0,1],X[0,0|1,2]]","(True, False, True, False, False, False, False, (0, 0, 0, 0), (0, 0, 1, 2))",108,2
CCXX,26,90,"CCXX[C[0,0],C[0,0],X[0,0|0,1],X[0,1|0,0]]","(True, False, True, False, False, False, False, (0, 0, 0, 0), (0, 0, 1, 0))",108,2
CCXX,27,91,"CCXX[C[0,0],C[0,0],X[0,0|0,1],X[0,1|0,1]]","(True, False, True, False, False, False, False, (0, 0, 0, 0), (0, 0, 1, 1))",108,2
CCXX,28,92,"CCXX[C[0,0],C[0,0],X[0,0|0,1],X[0,1|0,2]]","(True, False, True, False, False, False, False, (0, 0, 0, 0), (0, 0, 1, 2))",108,2
CCXX,29,93,"CCXX[C[0,0],C[0,0],X[0,0|0,1],X[0,1|1,0]]","(True, True, True, False, True, False, True, (0, 0, 0, 0), (0, 0, 1, 0))",108,2
CCXX,30,94,"CCXX[C[0,0],C[0,0],X[0,0|0,1],X[0,1|1,1]]","(True, True, True, False, False, False, False, (0, 0, 0, 0), (0, 0, 1, 1))",108,2
CCXX,31,95,"CCXX[C[0,0],C[0,0],X[0,0|0,1],X[0,1|1,2]]","(True, True, True, False, False, False, False, (0, 0, 0, 0), (0, 0, 1, 2))",108,2
CCXX,32,96,"CCXX[C[0,0],C[0,0],X[0,0|0,1],X[0,1|2,0]]","(True, False, True, False, False, False, False, (0, 0, 0, 0), (0, 0, 1, 0))",108,2
CCXX,33,97,"CCXX[C[0,0],C[0,0],X[0,0|0,1],X[0,1|2,1]]","(True, False, True, False, False, False, False, (0, 0, 0, 0), (0, 0, 1, 1))",108,2
CCXX,34,98,"CCXX[C[0,0],C[0,0],X[0,0|0,1],X[0,1|2,2]]","(True, False, True, False, False, False, False, (0, 0, 0, 0), (0, 0, 1, 2))",108,2
CCXX,35,108,"CCXX[C[0,0],C[0,0],X[0,0|0,1],X[1,0|0,0]]","(True, True, True, False, False, False, False, (0, 0, 0, 1), (0, 0, 1, 0))",108,2
CCXX,36,109,"CCXX[C[0,0],C[0,0],X[0,0|0,1],X[1,0|0,1]]","(True, True, True, False, False, False, False, (0, 0, 0, 1), (0, 0, 1, 1))",108,2
CCXX,37,110,"CCXX[C[0,0],C[0,0],X[0,0|0,1],X[1,0|0,2]]","(True, True, True, False, False, False, False, (0, 0, 0, 1), (0, 0, 1, 2))",108,2
CCXX,38,111,"CCXX[C[0,0],C[0,0],X[0,0|0,1],X[1,0|1,0]]","(True, False, True, False, False, False, False, (0, 0, 0, 1), (0, 0, 1, 0))",216,1
CCXX,39,112,"CCXX[C[0,0],C[0,0],X[0,0|0,1],X[1,0|1,1]]","(True, False, True, False, False, False, False, (0, 0, 0, 1), (0, 0, 1, 1))",216,1
CCXX,40,113,"CCXX[C[0,0],C[0,0],X[0,0|0,1],X[1,0|1,2]]","(True, False, True, False, False, False, False, (0, 0, 0, 1), (0, 0, 1, 2))",216,1
CCXX,41,117,"CCXX[C[0,0],C[0,0],X[0,0|0,1],X[1,1|0,0]]","(True, False, True, False, False, False, False, (0, 0, 0, 1), (0, 0, 1, 0))",216,1
CCXX,42,118,"CCXX[C[0,0],C[0,0],X[0,0|0,1],X[1,1|0,1]]","(True, False, True, False, False, False, False, (0, 0, 0, 1), (0, 0, 1, 1))",216,1
CCXX,43,119,"CCXX[C[0,0],C[0,0],X[0,0|0,1],X[1,1|0,2]]","(True, False, True, False, False, False, False, (0, 0, 0, 1), (0, 0, 1, 2))",216,1
CCXX,44,120,"CCXX[C[0,0],C[0,0],X[0,0|0,1],X[1,1|1,0]]","(True, True, True, False, False, False, False, (0, 0, 0, 1), (0, 0, 1, 0))",216,1
CCXX,45,121,"CCXX[C[0,0],C[0,0],X[0,0|0,1],X[1,1|1,1]]","(True, True, True, False, False, False, False, (0, 0, 0, 1), (0, 0, 1, 1))",216,1
CCXX,46,122,"CCXX[C[0,0],C[0,0],X[0,0|0,1],X[1,1|1,2]]","(True, True, True, False, False, False, False, (0, 0, 0, 1), (0, 0, 1, 2))",216,1
CCXX,47,123,"CCXX[C[0,0],C[0,0],X[0,0|0,1],X[1,1|2,0]]","(True, False, True, False, False, False, False, (0, 0, 0, 1), (0, 0, 1, 0))",216,1
CCXX,48,124,"CCXX[C[0,0],C[0,0],X[0,0|0,1],X[1,1|2,1]]","(True, False, True, False, False, False, False, (0, 0, 0, 1), (0, 0, 1, 1))",216,1
CCXX,49,125,"CCXX[C[0,0],C[0,0],X[0,0|0,1],X[1,1|2,2]]","(True, False, True, False, False, False, False, (0, 0, 0, 1), (0, 0, 1, 2))",216,1
CCXX,50,243,"CCXX[C[0,0],C[0,0],X[0,0|1,0],X[0,0|0,0]]","(False, True, True, False, True, False, True, (0, 0, 0, 0), (0, 0, 0, 0))",54,4
CCXX,51,244,"CCXX[C[0,0],C[0,0],X[0,0|1,0],X[0,0|0,1]]","(False, True, True, False, False, False, False, (0, 0, 0, 0), (0, 0, 0, 1))",108,2
CCXX,52,246,"CCXX[C[0,0],C[0,0],X[0,0|1,0],X[0,0|1,0]]","(False, False, True, False, False, False, False, (0, 0, 0, 0), (0, 0, 0, 0))",54,4
CCXX,53,247,"CCXX[C[0,0],C[0,0],X[0,0|1,0],X[0,0|1,1]]","(False, False, True, False, False, False, False, (0, 0, 0, 0), (0, 0, 0, 1))",108,2
CCXX,54,249,"CCXX[C[0,0],C[0,0],X[0,0|1,0],X[0,0|2,0]]","(False, False, True, False, False, False, False, (0, 0, 0, 0), (0, 0, 0, 0))",54,4
CCXX,55,250,"CCXX[C[0,0],C[0,0],X[0,0|1,0],X[0,0|2,1]]","(False, False, True, False, False, False, False, (0, 0, 0, 0), (0, 0, 0, 1))",108,2
CCXX,56,252,"CCXX[C[0,0],C[0,0],X[0,0|1,0],X[0,1|0,0]]","(False, False, True, False, False, False, False, (0, 0, 0, 0), (0, 0, 0, 0))",54,4
CCXX,57,253,"CCXX[C[0,0],C[0,0],X[0,0|1,0],X[0,1|0,1]]","(False, False, True, False, False, False, False, (0, 0, 0, 0), (0, 0, 0, 1))",108,2
CCXX,58,255,"CCXX[C[0,0],C[0,0],X[0,0|1,0],X[0,1|1,0]]","(False, True, True, False, True, False, True, (0, 0, 0, 0), (0, 0, 0, 0))",54,4
CCXX,59,256,"CCXX[C[0,0],C[0,0],X[0,0|1,0],X[0,1|1,1]]","(False, True, True, False, False, False, False, (0, 0, 0, 0), (0, 0, 0, 1))",108,2
CCXX,60,258,"CCXX[C[0,0],C[0,0],X[0,0|1,0],X[0,1|2,0]]","(False, False, True, False, False, False, False, (0, 0, 0, 0), (0, 0, 0, 0))",54,4
CCXX,61,259,"CCXX[C[0,0],C[0,0],X[0,0|1,0],X[0,1|2,1]]","(False, False, True, False, False, False, False, (0, 0, 0, 0), (0, 0, 0, 1))",108,2
CCXX,62,261,"CCXX[C[0,0],C[0,0],X[0,0|1,0],X[0,2|0,0]]","(False, False, True, False, False, False, False, (0, 0, 0, 0), (0, 0, 0, 0))",54,4
CCXX,63,262,"CCXX[C[0,0],C[0,0],X[0,0|1,0],X[0,2|0,1]]","(False, False, True, False, False, False, False, (0, 0, 0, 0), (0, 0, 0, 1))",108,2
CCXX,64,264,"CCXX[C[0,0],C[0,0],X[0,0|1,0],X[0,2|1,0]]","(False, False, True, False, False, False, False, (0, 0, 0, 0), (0, 0, 0, 0))",54,4
CCXX,65,265,"CCXX[C[0,0],C[0,0],X[0,0|1,0],X[0,2|1,1]]","(False, False, True, False, False, False, False, (0, 0, 0, 0), (0, 0, 0, 1))",108,2
CCXX,66,267,"CCXX[C[0,0],C[0,0],X[0,0|1,0],X[0,2|2,0]]","(False, True, True, False, True, False, True, (0, 0, 0, 0), (0, 0, 0, 0))",54,4
CCXX,67,268,"CCXX[C[0,0],C[0,0],X[0,0|1,0],X[0,2|2,1]]","(False, True, True, False, False, False, False, (0, 0, 0, 0), (0, 0, 0, 1))",108,2
CCXX,68,270,"CCXX[C[0,0],C[0,0],X[0,0|1,0],X[1,0|0,0]]","(False, True, True, False, False, False, False, (0, 0, 0, 1), (0, 0, 0, 0))",108,2
CCXX,69,271,"CCXX[C[0,0],C[0,0],X[0,0|1,0],X[1,0|0,1]]","(False, True, True, False, False, False, False, (0, 0, 0, 1), (0, 0, 0, 1))",216,1
CCXX,70,273,"CCXX[C[0,0],C[0,0],X[0,0|1,0],X[1,0|1,0]]","(False, False, True, False, False, False, False, (0, 0, 0, 1), (0, 0, 0, 0))",108,2
CCXX,71,274,"CCXX[C[0,0],C[0,0],X[0,0|1,0],X[1,0|1,1]]","(False, False, True, False, False, False, False, (0, 0, 0, 1), (0, 0, 0, 1))",216,1
CCXX,72,276,"CCXX[C[0,0],C[0,0],X[0,0|1,0],X[1,0|2,0]]","(False, False, True, False, False, False, False, (0, 0, 0, 1), (0, 0, 0, 0))",108,2
CCXX,73,277,"CCXX[C[0,0],C[0,0],X[0,0|1,0],X[1,0|2,1]]","(False, False, True, False, False, False, False, (0, 0, 0, 1), (0, 0, 0, 1))",216,1
CCXX,74,279,"CCXX[C[0,0],C[0,0],X[0,0|1,0],X[1,1|0,0]]","(False, False, True, False, False, False, False, (0, 0, 0, 1), (0, 0, 0, 0))",108,2
CCXX,75,280,"CCXX[C[0,0],C[0,0],X[0,0|1,0],X[1,1|0,1]]","(False, False, True, False, False, False, False, (0, 0, 0, 1), (0, 0, 0, 1))",216,1
CCXX,76,282,"CCXX[C[0,0],C[0,0],X[0,0|1,0],X[1,1|1,0]]","(False, True, True, False, False, False, False, (0, 0, 0, 1), (0, 0, 0, 0))",108,2
CCXX,77,283,"CCXX[C[0,0],C[0,0],X[0,0|1,0],X[1,1|1,1]]","(False, True, True, False, False, False, False, (0, 0, 0, 1), (0, 0, 0, 1))",216,1
CCXX,78,285,"CCXX[C[0,0],C[0,0],X[0,0|1,0],X[1,1|2,0]]","(False, False, True, False, False, False, False, (0, 0, 0, 1), (0, 0, 0, 0))",108,2
CCXX,79,286,"CCXX[C[0,0],C[0,0],X[0,0|1,0],X[1,1|2,1]]","(False, False, True, False, False, False, False, (0, 0, 0, 1), (0, 0, 0, 1))",216,1
CCXX,80,288,"CCXX[C[0,0],C[0,0],X[0,0|1,0],X[1,2|0,0]]","(False, False, True, False, False, False, False, (0, 0, 0, 1), (0, 0, 0, 0))",108,2
CCXX,81,289,"CCXX[C[0,0],C[0,0],X[0,0|1,0],X[1,2|0,1]]","(False, False, True, False, False, False, False, (0, 0, 0, 1), (0, 0, 0, 1))",216,1
CCXX,82,291,"CCXX[C[0,0],C[0,0],X[0,0|1,0],X[1,2|1,0]]","(False, False, True, False, False, False, False, (0, 0, 0, 1), (0, 0, 0, 0))",108,2
CCXX,83,292,"CCXX[C[0,0],C[0,0],X[0,0|1,0],X[1,2|1,1]]","(False, False, True, False, False, False, False, (0, 0, 0, 1), (0, 0, 0, 1))",216,1
CCXX,84,294,"CCXX[C[0,0],C[0,0],X[0,0|1,0],X[1,2|2,0]]","(False, True, True, False, False, False, False, (0, 0, 0, 1), (0, 0, 0, 0))",108,2
CCXX,85,295,"CCXX[C[0,0],C[0,0],X[0,0|1,0],X[1,2|2,1]]","(False, True, True, False, False, False, False, (0, 0, 0, 1), (0, 0, 0, 1))",216,1
CCXX,86,324,"CCXX[C[0,0],C[0,0],X[0,0|1,1],X[0,0|0,0]]","(False, True, True, False, True, False, True, (0, 0, 0, 0), (0, 0, 1, 0))",108,2
CCXX,87,325,"CCXX[C[0,0],C[0,0],X[0,0|1,1],X[0,0|0,1]]","(False, True, True, False, False, False, False, (0, 0, 0, 0), (0, 0, 1, 1))",108,2
CCXX,88,326,"CCXX[C[0,0],C[0,0],X[0,0|1,1],X[0,0|0,2]]","(False, True, True, False, False, False, False, (0, 0, 0, 0), (0, 0, 1, 2))",108,2
CCXX,89,327,"CCXX[C[0,0],C[0,0],X[0,0|1,1],X[0,0|1,0]]","(False, False, True, False, False, False, False, (0, 0, 0, 0), (0, 0, 1, 0))",108,2
CCXX,90,328,"CCXX[C[0,0],C[0,0],X[0,0|1,1],X[0,0|1,1]]","(False, False, True, False, False, False, False, (0, 0, 0, 0), (0, 0, 1, 1))",108,2
CCXX,91,329,"CCXX[C[0,0],C[0,0],X[0,0|1,1],X[0,0|1,2]]","(False, False, True, False, False, False, False, (0, 0, 0, 0), (0, 0, 1, 2))",108,2
CCXX,92,330,"CCXX[C[0,0],C[0,0],X[0,0|1,1],X[0,0|2,0]]","(False, False, True, False, False, False, False, (0, 0, 0, 0), (0, 0, 1, 0))",108,2
CCXX,93,331,"CCXX[C[0,0],C[0,0],X[0,0|1,1],X[0,0|2,1]]","(False, False, True, False, False, False, False, (0, 0, 0, 0), (0, 0, 1, 1))",108,2
CCXX,94,332,"CCXX[C[0,0],C[0,0],X[0,0|1,1],X[0,0|2,2]]","(False, False, True, False, False, False, False, (0, 0, 0, 0), (0, 0, 1, 2))",108,2
CCXX,95,333,"CCXX[C[0,0],C[0,0],X[0,0|1,1],X[0,1|0,0]]","(False, False, True, False, False, False, False, (0, 0, 0, 0), (0, 0, 1, 0))",108,2
CCXX,96,334,"CCXX[C[0,0],C[0,0],X[0,0|1,1],X[0,1|0,1]]","(False, False, True, False, False, False, False, (0, 0, 0, 0), (0, 0, 1, 1))",108,2
CCXX,97,335,"CCXX[C[0,0],C[0,0],X[0,0|1,1],X[0,1|0,2]]","(False, False, True, False, False, False, False, (0, 0, 0, 0), (0, 0, 1, 2))",108,2
CCXX,98,336,"CCXX[C[0,0],C[0,0],X[0,0|1,1],X[0,1|1,0]]","(False, True, True, False, True, False, True, (0, 0, 0, 0), (0, 0, 1, 0))",108,2
CCXX,99,337,"CCXX[C[0,0],C[0,0],X[0,0|1,1],X[0,1|1,1]]","(False, True, True, False, False, False, False, (0, 0, 0, 0), (0, 0, 1, 1))",108,2
CCXX,100,338,"CCXX[C[0,0],C[0,0],X[0,0|1,1],X[0,1|1,2]]","(False, True, True, False, False, False, False, (0, 0, 0, 0), (0, 0, 1, 2))",108,2
CCXX,101,339,"CCXX[C[0,0],C[0,0],X[0,0|1,1],X[0,1|2,0]]","(False, False, True, False, False, False, False, (0, 0, 0, 0), (0, 0, 1, 0))",108,2
CCXX,102,340,"CCXX[C[0,0],C[0,0],X[0,0|1,1],X[0,1|2,1]]","(False, False, True, False, False, False, False, (0, 0, 0, 0), (0, 0, 1, 1))",108,2
CCXX,103,341,"CCXX[C[0,0],C[0,0],X[0,0|1,1],X[0,1|2,2]]","(False, False, True, False, False, False, False, (0, 0, 0, 0), (0, 0, 1, 2))",108,2
CCXX,104,342,"CCXX[C[0,0],C[0,0],X[0,0|1,1],X[0,2|0,0]]","(False, False, True, False, False, False, False, (0, 0, 0, 0), (0, 0, 1, 0))",108,2
CCXX,105,343,"CCXX[C[0,0],C[0,0],X[0,0|1,1],X[0,2|0,1]]","(False, False, True, False, False, False, False, (0, 0, 0, 0), (0, 0, 1, 1))",108,2
CCXX,106,344,"CCXX[C[0,0],C[0,0],X[0,0|1,1],X[0,2|0,2]]","(False, False, True, False, False, False, False, (0, 0, 0, 0), (0, 0, 1, 2))",108,2
CCXX,107,345,"CCXX[C[0,0],C[0,0],X[0,0|1,1],X[0,2|1,0]]","(False, False, True, False, False, False, False, (0, 0, 0, 0), (0, 0, 1, 0))",108,2
CCXX,108,346,"CCXX[C[0,0],C[0,0],X[0,0|1,1],X[0,2|1,1]]","(False, False, True, False, False, False, False, (0, 0, 0, 0), (0, 0, 1, 1))",108,2
CCXX,109,347,"CCXX[C[0,0],C[0,0],X[0,0|1,1],X[0,2|1,2]]","(False, False, True, False, False, False, False, (0, 0, 0, 0), (0, 0, 1, 2))",108,2
CCXX,110,348,"CCXX[C[0,0],C[0,0],X[0,0|1,1],X[0,2|2,0]]","(False, True, True, False, True, False, True, (0, 0, 0, 0), (0, 0, 1, 0))",108,2
CCXX,111,349,"CCXX[C[0,0],C[0,0],X[0,0|1,1],X[0,2|2,1]]","(False, True, True, False, False, False, False, (0, 0, 0, 0), (0, 0, 1, 1))",108,2
CCXX,112,350,"CCXX[C[0,0],C[0,0],X[0,0|1,1],X[0,2|2,2]]","(False, True, True, False, False, False, False, (0, 0, 0, 0), (0, 0, 1, 2))",108,2
CCXX,113,351,"CCXX[C[0,0],C[0,0],X[0,0|1,1],X[1,0|0,0]]","(False, True, True, False, False, False, False, (0, 0, 0, 1), (0, 0, 1, 0))",216,1
CCXX,114,352,"CCXX[C[0,0],C[0,0],X[0,0|1,1],X[1,0|0,1]]","(False, True, True, False, False, False, False, (0, 0, 0, 1), (0, 0, 1, 1))",216,1
CCXX,115,353,"CCXX[C[0,0],C[0,0],X[0,0|1,1],X[1,0|0,2]]","(False, True, True, False, False, False, False, (0, 0, 0, 1), (0, 0, 1, 2))",216,1
CCXX,116,354,"CCXX[C[0,0],C[0,0],X[0,0|1,1],X[1,0|1,0]]","(False, False, True, False, False, False, False, (0, 0, 0, 1), (0, 0, 1, 0))",216,1
CCXX,117,355,"CCXX[C[0,0],C[0,0],X[0,0|1,1],X[1,0|1,1]]","(False, False, True, False, False, False, False, (0, 0, 0, 1), (0, 0, 1, 1))",216,1
CCXX,118,356,"CCXX[C[0,0],C[0,0],X[0,0|1,1],X[1,0|1,2]]","(False, False, True, False, False, False, False, (0, 0, 0, 1), (0, 0, 1, 2))",216,1
CCXX,119,357,"CCXX[C[0,0],C[0,0],X[0,0|1,1],X[1,0|2,0]]","(False, False, True, False, False, False, False, (0, 0, 0, 1), (0, 0, 1, 0))",216,1
CCXX,120,358,"CCXX[C[0,0],C[0,0],X[0,0|1,1],X[1,0|2,1]]","(False, False, True, False, False, False, False, (0, 0, 0, 1), (0, 0, 1, 1))",216,1
CCXX,121,359,"CCXX[C[0,0],C[0,0],X[0,0|1,1],X[1,0|2,2]]","(False, False, True, False, False, False, False, (0, 0, 0, 1), (0, 0, 1, 2))",216,1
CCXX,122,360,"CCXX[C[0,0],C[0,0],X[0,0|1,1],X[1,1|0,0]]","(False, False, True, False, False, False, False, (0, 0, 0, 1), (0, 0, 1, 0))",216,1
CCXX,123,361,"CCXX[C[0,0],C[0,0],X[0,0|1,1],X[1,1|0,1]]","(False, False, True, False, False, False, False, (0, 0, 0, 1), (0, 0, 1, 1))",216,1
CCXX,124,362,"CCXX[C[0,0],C[0,0],X[0,0|1,1],X[1,1|0,2]]","(False, False, True, False, False, False, False, (0, 0, 0, 1), (0, 0, 1, 2))",216,1
CCXX,125,363,"CCXX[C[0,0],C[0,0],X[0,0|1,1],X[1,1|1,0]]","(False, True, True, False, False, False, False, (0, 0, 0, 1), (0, 0, 1, 0))",216,1
CCXX,126,364,"CCXX[C[0,0],C[0,0],X[0,0|1,1],X[1,1|1,1]]","(False, True, True, False, False, False, False, (0, 0, 0, 1), (0, 0, 1, 1))",216,1
CCXX,127,365,"CCXX[C[0,0],C[0,0],X[0,0|1,1],X[1,1|1,2]]","(False, True, True, False, False, False, False, (0, 0, 0, 1), (0, 0, 1, 2))",216,1
CCXX,128,366,"CCXX[C[0,0],C[0,0],X[0,0|1,1],X[1,1|2,0]]","(False, False, True, False, False, False, False, (0, 0, 0, 1), (0, 0, 1, 0))",216,1
CCXX,129,367,"CCXX[C[0,0],C[0,0],X[0,0|1,1],X[1,1|2,1]]","(False, False, True, False, False, False, False, (0, 0, 0, 1), (0, 0, 1, 1))",216,1
CCXX,130,368,"CCXX[C[0,0],C[0,0],X[0,0|1,1],X[1,1|2,2]]","(False, False, True, False, False, False, False, (0, 0, 0, 1), (0, 0, 1, 2))",216,1
CCXX,131,369,"CCXX[C[0,0],C[0,0],X[0,0|1,1],X[1,2|0,0]]","(False, False, True, False, False, False, False, (0, 0, 0, 1), (0, 0, 1, 0))",216,1
CCXX,132,370,"CCXX[C[0,0],C[0,0],X[0,0|1,1],X[1,2|0,1]]","(False, False, True, False, False, False, False, (0, 0, 0, 1), (0, 0, 1, 1))",216,1
CCXX,133,371,"CCXX[C[0,0],C[0,0],X[0,0|1,1],X[1,2|0,2]]","(False, False, True, False, False, False, False, (0, 0, 0, 1), (0, 0, 1, 2))",216,1
CCXX,134,372,"CCXX[C[0,0],C[0,0],X[0,0|1,1],X[1,2|1,0]]","(False, False, True, False, False, False, False, (0, 0, 0, 1), (0, 0, 1, 0))",216,1
CCXX,135,373,"CCXX[C[0,0],C[0,0],X[0,0|1,1],X[1,2|1,1]]","(False, False, True, False, False, False, False, (0, 0, 0, 1), (0, 0, 1, 1))",216,1
CCXX,136,374,"CCXX[C[0,0],C[0,0],X[0,0|1,1],X[1,2|1,2]]","(False, False, True, False, False, False, False, (0, 0, 0, 1), (0, 0, 1, 2))",216,1
CCXX,137,375,"CCXX[C[0,0],C[0,0],X[0,0|1,1],X[1,2|2,0]]","(False, True, True, False, False, False, False, (0, 0, 0, 1), (0, 0, 1, 0))",216,1
CCXX,138,376,"CCXX[C[0,0],C[0,0],X[0,0|1,1],X[1,2|2,1]]","(False, True, True, False, False, False, False, (0, 0, 0, 1), (0, 0, 1, 1))",216,1
CCXX,139,377,"CCXX[C[0,0],C[0,0],X[0,0|1,1],X[1,2|2,2]]","(False, True, True, False, False, False, False, (0, 0, 0, 1), (0, 0, 1, 2))",216,1
CCXX,140,2187,"CCXX[C[0,0],C[0,0],X[1,0|0,0],X[0,0|0,0]]","(True, True, True, False, True, False, True, (0, 0, 1, 0), (0, 0, 0, 0))",54,4
CCXX,141,2188,"CCXX[C[0,0],C[0,0],X[1,0|0,0],X[0,0|0,1]]","(True, True, True, False, False, False, False, (0, 0, 1, 0), (0, 0, 0, 1))",108,2
CCXX,142,2190,"CCXX[C[0,0],C[0,0],X[1,0|0,0],X[0,0|1,0]]","(True, False, True, False, False, False, False, (0, 0, 1, 0), (0, 0, 0, 0))",108,2
CCXX,143,2191,"CCXX[C[0,0],C[0,0],X[1,0|0,0],X[0,0|1,1]]","(True, False, True, False, False, False, False, (0, 0, 1, 0), (0, 0, 0, 1))",216,1
CCXX,144,2196,"CCXX[C[0,0],C[0,0],X[1,0|0,0],X[0,1|0,0]]","(True, False, True, False, False, False, False, (0, 0, 1, 0), (0, 0, 0, 0))",108,2
CCXX,145,2197,"CCXX[C[0,0],C[0,0],X[1,0|0,0],X[0,1|0,1]]","(True, False, True, False, False, False, False, (0, 0, 1, 0), (0, 0, 0, 1))",216,1
CCXX,146,2199,"CCXX[C[0,0],C[0,0],X[1,0|0,0],X[0,1|1,0]]","(True, True, True, False, True, False, True, (0, 0, 1, 0), (0, 0, 0, 0))",108,2
CCXX,147,2200,"CCXX[C[0,0],C[0,0],X[1,0|0,0],X[0,1|1,1]]","(True, True, True, False, False, False, False, (0, 0, 1, 0), (0, 0, 0, 1))",216,1
CCXX,148,2202,"CCXX[C[0,0],C[0,0],X[1,0|0,0],X[0,1|2,0]]","(True, False, True, False, False, False, False, (0, 0, 1, 0), (0, 0, 0, 0))",108,2
CCXX,149,2203,"CCXX[C[0,0],C[0,0],X[1,0|0,0],X[0,1|2,1]]","(True, False, True, False, False, False, False, (0, 0, 1, 0), (0, 0, 0, 1))",216,1
CCXX,150,2214,"CCXX[C[0,0],C[0,0],X[1,0|0,0],X[1,0|0,0]]","(True, True, True, False, False, False, False, (0, 0, 1, 1), (0, 0, 0, 0))",54,4
CCXX,151,2215,"CCXX[C[0,0],C[0,0],X[1,0|0,0],X[1,0|0,1]]","(True, True, True, False, False, False, False, (0, 0, 1, 1), (0, 0, 0, 1))",108,2
CCXX,152,2217,"CCXX[C[0,0],C[0,0],X[1,0|0,0],X[1,0|1,0]]","(True, False, True, False, False, False, False, (0, 0, 1, 1), (0, 0, 0, 0))",108,2
CCXX,153,2218,"CCXX[C[0,0],C[0,0],X[1,0|0,0],X[1,0|1,1]]","(True, False, True, False, False, False, False, (0, 0, 1, 1), (0, 0, 0, 1))",216,1
CCXX,154,2223,"CCXX[C[0,0],C[0,0],X[1,0|0,0],X[1,1|0,0]]","(True, False, True, False, False, False, False, (0, 0, 1, 1), (0, 0, 0, 0))",108,2
CCXX,155,2224,"CCXX[C[0,0],C[0,0],X[1,0|0,0],X[1,1|0,1]]","(True, False, True, False, False, False, False, (0, 0, 1, 1), (0, 0, 0, 1))",216,1
CCXX,156,2226,"CCXX[C[0,0],C[0,0],X[1,0|0,0],X[1,1|1,0]]","(True, True, True, False, False, False, False, (0, 0, 1, 1), (0, 0, 0, 0))",108,2
CCXX,157,2227,"CCXX[C[0,0],C[0,0],X[1,0|0,0],X[1,1|1,1]]","(True, True, True, False, False, False, False, (0, 0, 1, 1), (0, 0, 0, 1))",216,1
CCXX,158,2229,"CCXX[C[0,0],C[0,0],X[1,0|0,0],X[1,1|2,0]]","(True, False, True, False, False, False, False, (0, 0, 1, 1), (0, 0, 0, 0))",108,2
CCXX,159,2230,"CCXX[C[0,0],C[0,0],X[1,0|0,0],X[1,1|2,1]]","(True, False, True, False, False, False, False, (0, 0, 1, 1), (0, 0, 0, 1))",216,1
CCXX,160,2241,"CCXX[C[0,0],C[0,0],X[1,0|0,0],X[2,0|0,0]]","(True, True, True, False, False, False, False, (0, 0, 1, 2), (0, 0, 0, 0))",54,4
CCXX,161,2242,"CCXX[C[0,0],C[0,0],X[1,0|0,0],X[2,0|0,1]]","(True, True, True, False, False, False, False, (0, 0, 1, 2), (0, 0, 0, 1))",108,2
CCXX,162,2244,"CCXX[C[0,0],C[0,0],X[1,0|0,0],X[2,0|1,0]]","(True, False, True, False, False, False, False, (0, 0, 1, 2), (0, 0, 0, 0))",108,2
CCXX,163,2245,"CCXX[C[0,0],C[0,0],X[1,0|0,0],X[2,0|1,1]]","(True, False, True, False, False, False, False, (0, 0, 1, 2), (0, 0, 0, 1))",216,1
CCXX,164,2250,"CCXX[C[0,0],C[0,0],X[1,0|0,0],X[2,1|0,0]]","(True, False, True, False, False, False, False, (0, 0, 1, 2), (0, 0, 0, 0))",108,2
CCXX,165,2251,"CCXX[C[0,0],C[0,0],X[1,0|0,0],X[2,1|0,1]]","(True, False, True, False, False, False, False, (0, 0, 1, 2), (0, 0, 0, 1))",216,1
CCXX,166,2253,"CCXX[C[0,0],C[0,0],X[1,0|0,0],X[2,1|1,0]]","(True, True, True, False, False, False, False, (0, 0, 1, 2), (0, 0, 0, 0))",108,2
CCXX,167,2254,"CCXX[C[0,0],C[0,0],X[1,0|0,0],X[2,1|1,1]]","(True, True, True, False, False, False, False, (0, 0, 1, 2), (0, 0, 0, 1))",216,1
CCXX,168,2256,"CCXX[C[0,0],C[0,0],X[1,0|0,0],X[2,1|2,0]]","(True, False, True, False, False, False, False, (0, 0, 1, 2), (0, 0, 0, 0))",108,2
CCXX,169,2257,"CCXX[C[0,0],C[0,0],X[1,0|0,0],X[2,1|2,1]]","(True, False, True, False, False, False, False, (0, 0, 1, 2), (0, 0, 0, 1))",216,1
CCXX,170,2268,"CCXX[C[0,0],C[0,0],X[1,0|0,1],X[0,0|0,0]]","(True, True, True, False, True, False, True, (0, 0, 1, 0), (0, 0, 1, 0))",108,2
CCXX,171,2269,"CCXX[C[0,0],C[0,0],X[1,0|0,1],X[0,0|0,1]]","(True, True, True, False, False, False, False, (0, 0, 1, 0), (0, 0, 1, 1))",108,2
CCXX,172,2270,"CCXX[C[0,0],C[0,0],X[1,0|0,1],X[0,0|0,2]]","(True, True, True, False, False, False, False, (0, 0, 1, 0), (0, 0, 1, 2))",108,2
CCXX,173,2271,"CCXX[C[0,0],C[0,0],X[1,0|0,1],X[0,0|1,0]]","(True, False, True, False, False, False, False, (0, 0, 1, 0), (0, 0, 1, 0))",216,1
CCXX,174,2272,"CCXX[C[0,0],C[0,0],X[1,0|0,1],X[0,0|1,1]]","(True, False, True, False, False, False, False, (0, 0, 1, 0), (0, 0, 1, 1))",216,1
CCXX,175,2273,"CCXX[C[0,0],C[0,0],X[1,0|0,1],X[0,0|1,2]]","(True, False, True, False, False, False, False, (0, 0, 1, 0), (0, 0, 1, 2))",216,1
CCXX,176,2277,"CCXX[C[0,0],C[0,0],X[1,0|0,1],X[0,1|0,0]]","(True, False, True, False, False, False, False, (0, 0, 1, 0), (0, 0, 1, 0))",216,1
CCXX,177,2278,"CCXX[C[0,0],C[0,0],X[1,0|0,1],X[0,1|0,1]]","(True, False, True, False, False, False, False, (0, 0, 1, 0), (0, 0, 1, 1))",216,1
CCXX,178,2279,"CCXX[C[0,0],C[0,0],X[1,0|0,1],X[0,1|0,2]]","(True, False, True, False, False, False, False, (0, 0, 1, 0), (0, 0, 1, 2))",216,1
CCXX,179,2280,"CCXX[C[0,0],C[0,0],X[1,0|0,1],X[0,1|1,0]]","(True, True, True, False, True, False, True, (0, 0, 1, 0), (0, 0, 1, 0))",216,1
CCXX,180,2281,"CCXX[C[0,0],C[0,0],X[1,0|0,1],X[0,1|1,1]]","(True, True, True, False, False, False, False, (0, 0, 1, 0), (0, 0, 1, 1))",216,1
CCXX,181,2282,"CCXX[C[0,0],C[0,0],X[1,0|0,1],X[0,1|1,2]]","(True, True, True, False, False, False, False, (0, 0, 1, 0), (0, 0, 1, 2))",216,1
CCXX,182,2283,"CCXX[C[0,0],C[0,0],X[1,0|0,1],X[0,1|2,0]]","(True, False, True, False, False, False, False, (0, 0, 1, 0), (0, 0, 1, 0))",216,1
CCXX,183,2284,"CCXX[C[0,0],C[0,0],X[1,0|0,1],X[0,1|2,1]]","(True, False, True, False, False, False, False, (0, 0, 1, 0), (0, 0, 1, 1))",216,1
CCXX,184,2285,"CCXX[C[0,0],C[0,0],X[1,0|0,1],X[0,1|2,2]]","(True, False, True, False, False, False, False, (0, 0, 1, 0), (0, 0, 1, 2))",216,1
CCXX,185,2295,"CCXX[C[0,0],C[0,0],X[1,0|0,1],X[1,0|0,0]]","(True, True, True, False, False, False, False, (0, 0, 1, 1), (0, 0, 1, 0))",108,2
CCXX,186,2296,"CCXX[C[0,0],C[0,0],X[1,0|0,1],X[1,0|0,1]]","(True, True, True, False, False, False, False, (0, 0, 1, 1), (0, 0, 1, 1))",108,2
CCXX,187,2297,"CCXX[C[0,0],C[0,0],X[1,0|0,1],X[1,0|0,2]]","(True, True, True, False, False, False, False, (0, 0, 1, 1), (0, 0, 1, 2))",108,2
CCXX,188,2298,"CCXX[C[0,0],C[0,0],X[1,0|0,1],X[1,0|1,0]]","(True, False, True, False, False, False, False, (0, 0, 1, 1), (0, 0, 1, 0))",216,1
CCXX,189,2299,"CCXX[C[0,0],C[0,0],X[1,0|0,1],X[1,0|1,1]]","(True, False, True, False, False, False, False, (0, 0, 1, 1), (0, 0, 1, 1))",216,1
CCXX,190,2300,"CCXX[C[0,0],C[0,0],X[1,0|0,1],X[1,0|1,2]]","(True, False, True, False, False, False, False, (0, 0, 1, 1), (0, 0, 1, 2))",216,1
CCXX,191,2304,"CCXX[C[0,0],C[0,0],X[1,0|0,1],X[1,1|0,0]]","(True, False, True, False, False, False, False, (0, 0, 1, 1), (0, 0, 1, 0))",216,1
CCXX,192,2305,"CCXX[C[0,0],C[0,0],X[1,0|0,1],X[1,1|0,1]]","(True, False, True, False, False, False, False, (0, 0, 1, 1), (0, 0, 1, 1))",216,1
CCXX,193,2306,"CCXX[C[0,0],C[0,0],X[1,0|0,1],X[1,1|0,2]]","(True, False, True, False, False, False, False, (0, 0, 1, 1), (0, 0, 1, 2))",216,1
CCXX,194,2307,"CCXX[C[0,0],C[0,0],X[1,0|0,1],X[1,1|1,0]]","(True, True, True, False, False, False, False, (0, 0, 1, 1), (0, 0, 1, 0))",216,1
CCXX,195,2308,"CCXX[C[0,0],C[0,0],X[1,0|0,1],X[1,1|1,1]]","(True, True, True, False, False, False, False, (0, 0, 1, 1), (0, 0, 1, 1))",216,1
CCXX,196,2309,"CCXX[C[0,0],C[0,0],X[1,0|0,1],X[1,1|1,2]]","(True, True, True, False, False, False, False, (0, 0, 1, 1), (0, 0, 1, 2))",216,1
CCXX,197,2310,"CCXX[C[0,0],C[0,0],X[1,0|0,1],X[1,1|2,0]]","(True, False, True, False, False, False, False, (0, 0, 1, 1), (0, 0, 1, 0))",216,1
CCXX,198,2311,"CCXX[C[0,0],C[0,0],X[1,0|0,1],X[1,1|2,1]]","(True, False, True, False, False, False, False, (0, 0, 1, 1), (0, 0, 1, 1))",216,1
CCXX,199,2312,"CCXX[C[0,0],C[0,0],X[1,0|0,1],X[1,1|2,2]]","(True, False, True, False, False, False, False, (0, 0, 1, 1), (0, 0, 1, 2))",216,1
CCXX,200,2322,"CCXX[C[0,0],C[0,0],X[1,0|0,1],X[2,0|0,0]]","(True, True, True, False, False, False, False, (0, 0, 1, 2), (0, 0, 1, 0))",108,2
CCXX,201,2323,"CCXX[C[0,0],C[0,0],X[1,0|0,1],X[2,0|0,1]]","(True, True, True, False, False, False, False, (0, 0, 1, 2), (0, 0, 1, 1))",108,2
CCXX,202,2324,"CCXX[C[0,0],C[0,0],X[1,0|0,1],X[2,0|0,2]]","(True, True, True, False, False, False, False, (0, 0, 1, 2), (0, 0, 1, 2))",108,2
CCXX,203,2325,"CCXX[C[0,0],C[0,0],X[1,0|0,1],X[2,0|1,0]]","(True, False, True, False, False, False, False, (0, 0, 1, 2), (0, 0, 1, 0))",216,1
CCXX,204,2326,"CCXX[C[0,0],C[0,0],X[1,0|0,1],X[2,0|1,1]]","(True, False, True, False, False, False, False, (0, 0, 1, 2), (0, 0, 1, 1))",216,1
CCXX,205,2327,"CCXX[C[0,0],C[0,0],X[1,0|0,1],X[2,0|1,2]]","(True, False, True, False, False, False, False, (0, 0, 1, 2), (0, 0, 1, 2))",216,1
CCXX,206,2331,"CCXX[C[0,0],C[0,0],X[1,0|0,1],X[2,1|0,0]]","(True, False, True, False, False, False, False, (0, 0, 1, 2), (0, 0, 1, 0))",216,1
CCXX,207,2332,"CCXX[C[0,0],C[0,0],X[1,0|0,1],X[2,1|0,1]]","(True, False, True, False, False, False, False, (0, 0, 1, 2), (0, 0, 1, 1))",216,1
CCXX,208,2333,"CCXX[C[0,0],C[0,0],X[1,0|0,1],X[2,1|0,2]]","(True, False, True, False, False, False, False, (0, 0, 1, 2), (0, 0, 1, 2))",216,1
CCXX,209,2334,"CCXX[C[0,0],C[0,0],X[1,0|0,1],X[2,1|1,0]]","(True, True, True, False, False, False, False, (0, 0, 1, 2), (0, 0, 1, 0))",216,1
CCXX,210,2335,"CCXX[C[0,0],C[0,0],X[1,0|0,1],X[2,1|1,1]]","(True, True, True, False, False, False, False, (0, 0, 1, 2), (0, 0, 1, 1))",216,1
CCXX,211,2336,"CCXX[C[0,0],C[0,0],X[1,0|0,1],X[2,1|1,2]]","(True, True, True, False, False, False, False, (0, 0, 1, 2), (0, 0, 1, 2))",216,1
CCXX,212,2337,"CCXX[C[0,0],C[0,0],X[1,0|0,1],X[2,1|2,0]]","(True, False, True, False, False, False, False, (0, 0, 1, 2), (0, 0, 1, 0))",216,1
CCXX,213,2338,"CCXX[C[0,0],C[0,0],X[1,0|0,1],X[2,1|2,1]]","(True, False, True, False, False, False, False, (0, 0, 1, 2), (0, 0, 1, 1))",216,1
CCXX,214,2339,"CCXX[C[0,0],C[0,0],X[1,0|0,1],X[2,1|2,2]]","(True, False, True, False, False, False, False, (0, 0, 1, 2), (0, 0, 1, 2))",216,1
CCXX,215,2430,"CCXX[C[0,0],C[0,0],X[1,0|1,0],X[0,0|0,0]]","(False, True, True, False, True, False, True, (0, 0, 1, 0), (0, 0, 0, 0))",108,2
CCXX,216,2431,"CCXX[C[0,0],C[0,0],X[1,0|1,0],X[0,0|0,1]]","(False, True, True, False, False, False, False, (0, 0, 1, 0), (0, 0, 0, 1))",216,1
CCXX,217,2433,"CCXX[C[0,0],C[0,0],X[1,0|1,0],X[0,0|1,0]]","(False, False, True, False, False, False, False, (0, 0, 1, 0), (0, 0, 0, 0))",108,2
CCXX,218,2434,"CCXX[C[0,0],C[0,0],X[1,0|1,0],X[0,0|1,1]]","(False, False, True, False, False, False, False, (0, 0, 1, 0), (0, 0, 0, 1))",216,1
CCXX,219,2436,"CCXX[C[0,0],C[0,0],X[1,0|1,0],X[0,0|2,0]]","(False, False, True, False, False, False, False, (0, 0, 1, 0), (0, 0, 0, 0))",108,2
CCXX,220,2437,"CCXX[C[0,0],C[0,0],X[1,0|1,0],X[0,0|2,1]]","(False, False, True, False, False, False, False, (0, 0, 1, 0), (0, 0, 0, 1))",216,1
CCXX,221,2439,"CCXX[C[0,0],C[0,0],X[1,0|1,0],X[0,1|0,0]]","(False, False, True, False, False, False, False, (0, 0, 1, 0), (0, 0, 0, 0))",108,2
CCXX,222,2440,"CCXX[C[0,0],C[0,0],X[1,0|1,0],X[0,1|0,1]]","(False, False, True, False, False, False, False, (0, 0, 1, 0), (0, 0, 0, 1))",216,1
CCXX,223,2442,"CCXX[C[0,0],C[0,0],X[1,0|1,0],X[0,1|1,0]]","(False, True, True, False, True, False, True, (0, 0, 1, 0), (0, 0, 0, 0))",108,2
CCXX,224,2443,"CCXX[C[0,0],C[0,0],X[1,0|1,0],X[0,1|1,1]]","(False, True, True, False, False, False, False, (0, 0, 1, 0), (0, 0, 0, 1))",216,1
CCXX,225,2445,"CCXX[C[0,0],C[0,0],X[1,0|1,0],X[0,1|2,0]]","(False, False, True, False, False, False, False, (0, 0, 1, 0), (0, 0, 0, 0))",108,2
CCXX,226,2446,"CCXX[C[0,0],C[0,0],X[1,0|1,0],X[0,1|2,1]]","(False, False, True, False, False, False, False, (0, 0, 1, 0), (0, 0, 0, 1))",216,1
CCXX,227,2448,"CCXX[C[0,0],C[0,0],X[1,0|1,0],X[0,2|0,0]]","(False, False, True, False, False, False, False, (0, 0, 1, 0), (0, 0, 0, 0))",108,2
CCXX,228,2449,"CCXX[C[0,0],C[0,0],X[1,0|1,0],X[0,2|0,1]]","(False, False, True, False, False, False, False, (0, 0, 1, 0), (0, 0, 0, 1))",216,1
CCXX,229,2451,"CCXX[C[0,0],C[0,0],X[1,0|1,0],X[0,2|1,0]]","(False, False, True, False, False, False, False, (0, 0, 1, 0), (0, 0, 0, 0))",108,2
CCXX,230,2452,"CCXX[C[0,0],C[0,0],X[1,0|1,0],X[0,2|1,1]]","(False, False, True, False, False, False, False, (0, 0, 1, 0), (0, 0, 0, 1))",216,1
CCXX,231,2454,"CCXX[C[0,0],C[0,0],X[1,0|1,0],X[0,2|2,0]]","(False, True, True, False, True, False, True, (0, 0, 1, 0), (0, 0, 0, 0))",108,2
CCXX,232,2455,"CCXX[C[0,0],C[0,0],X[1,0|1,0],X[0,2|2,1]]","(False, True, True, False, False, False, False, (0, 0, 1, 0), (0, 0, 0, 1))",216,1
CCXX,233,2457,"CCXX[C[0,0],C[0,0],X[1,0|1,0],X[1,0|0,0]]","(False, True, True, False, False, False, False, (0, 0, 1, 1), (0, 0, 0, 0))",108,2
CCXX,234,2458,"CCXX[C[0,0],C[0,0],X[1,0|1,0],X[1,0|0,1]]","(False, True, True, False, False, False, False, (0, 0, 1, 1), (0, 0, 0, 1))",216,1
CCXX,235,2460,"CCXX[C[0,0],C[0,0],X[1,0|1,0],X[1,0|1,0]]","(False, False, True, False, False, False, False, (0, 0, 1, 1), (0, 0, 0, 0))",108,2
CCXX,236,2461,"CCXX[C[0,0],C[0,0],X[1,0|1,0],X[1,0|1,1]]","(False, False, True, False, False, False, False, (0, 0, 1, 1), (0, 0, 0, 1))",216,1
CCXX,237,2463,"CCXX[C[0,0],C[0,0],X[1,0|1,0],X[1,0|2,0]]","(False, False, True, False, False, False, False, (0, 0, 1, 1), (0, 0, 0, 0))",108,2
CCXX,238,2464,"CCXX[C[0,0],C[0,0],X[1,0|1,0],X[1,0|2,1]]","(False, False, True, False, False, False, False, (0, 0, 1, 1), (0, 0, 0, 1))",216,1
CCXX,239,2466,"CCXX[C[0,0],C[0,0],X[1,0|1,0],X[1,1|0,0]]","(False, False, True, False, False, False, False, (0, 0, 1, 1), (0, 0, 0, 0))",108,2
CCXX,240,2467,"CCXX[C[0,0],C[0,0],X[1,0|1,0],X[1,1|0,1]]","(False, False, True, False, False, False, False, (0, 0, 1, 1), (0, 0, 0, 1))",216,1
CCXX,241,2469,"CCXX[C[0,0],C[0,0],X[1,0|1,0],X[1,1|1,0]]","(False, True, True, False, False, False, False, (0, 0, 1, 1), (0, 0, 0, 0))",108,2
CCXX,242,2470,"CCXX[C[0,0],C[0,0],X[1,0|1,0],X[1,1|1,1]]","(False, True, True, False, False, False, False, (0, 0, 1, 1), (0, 0, 0, 1))",216,1
CCXX,243,2472,"CCXX[C[0,0],C[0,0],X[1,0|1,0],X[1,1|2,0]]","(False, False, True, False, False, False, False, (0, 0, 1, 1), (0, 0, 0, 0))",108,2
CCXX,244,2473,"CCXX[C[0,0],C[0,0],X[1,0|1,0],X[1,1|2,1]]","(False, False, True, False, False, False, False, (0, 0, 1, 1), (0, 0, 0, 1))",216,1
CCXX,245,2475,"CCXX[C[0,0],C[0,0],X[1,0|1,0],X[1,2|0,0]]","(False, False, True, False, False, False, False, (0, 0, 1, 1), (0, 0, 0, 0))",108,2
CCXX,246,2476,"CCXX[C[0,0],C[0,0],X[1,0|1,0],X[1,2|0,1]]","(False, False, True, False, False, False, False, (0, 0, 1, 1), (0, 0, 0, 1))",216,1
CCXX,247,2478,"CCXX[C[0,0],C[0,0],X[1,0|1,0],X[1,2|1,0]]","(False, False, True, False, False, False, False, (0, 0, 1, 1), (0, 0, 0, 0))",108,2
CCXX,248,2479,"CCXX[C[0,0],C[0,0],X[1,0|1,0],X[1,2|1,1]]","(False, False, True, False, False, False, False, (0, 0, 1, 1), (0, 0, 0, 1))",216,1
CCXX,249,2481,"CCXX[C[0,0],C[0,0],X[1,0|1,0],X[1,2|2,0]]","(False, True, True, False, False, False, False, (0, 0, 1, 1), (0, 0, 0, 0))",108,2
CCXX,250,2482,"CCXX[C[0,0],C[0,0],X[1,0|1,0],X[1,2|2,1]]","(False, True, True, False, False, False, False, (0, 0, 1, 1), (0, 0, 0, 1))",216,1
CCXX,251,2484,"CCXX[C[0,0],C[0,0],X[1,0|1,0],X[2,0|0,0]]","(False, True, True, False, False, False, False, (0, 0, 1, 2), (0, 0, 0, 0))",108,2
CCXX,252,2485,"CCXX[C[0,0],C[0,0],X[1,0|1,0],X[2,0|0,1]]","(False, True, True, False, False, False, False, (0, 0, 1, 2), (0, 0, 0, 1))",216,1
CCXX,253,2487,"CCXX[C[0,0],C[0,0],X[1,0|1,0],X[2,0|1,0]]","(False, False, True, False, False, False, False, (0, 0, 1, 2), (0, 0, 0, 0))",108,2
CCXX,254,2488,"CCXX[C[0,0],C[0,0],X[1,0|1,0],X[2,0|1,1]]","(False, False, True, False, False, False, False, (0, 0, 1, 2), (0, 0, 0, 1))",216,1
CCXX,255,2490,"CCXX[C[0,0],C[0,0],X[1,0|1,0],X[2,0|2,0]]","(False, False, True, False, False, False, False, (0, 0, 1, 2), (0, 0, 0, 0))",108,2
CCXX,256,2491,"CCXX[C[0,0],C[0,0],X[1,0|1,0],X[2,0|2,1]]","(False, False, True, False, False, False, False, (0, 0, 1, 2), (0, 0, 0, 1))",216,1
CCXX,257,2493,"CCXX[C[0,0],C[0,0],X[1,0|1,0],X[2,1|0,0]]","(False, False, True, False, False, False, False, (0, 0, 1, 2), (0, 0, 0, 0))",108,2
CCXX,258,2494,"CCXX[C[0,0],C[0,0],X[1,0|1,0],X[2,1|0,1]]","(False, False, True, False, False, False, False, (0, 0, 1, 2), (0, 0, 0, 1))",216,1
CCXX,259,2496,"CCXX[C[0,0],C[0,0],X[1,0|1,0],X[2,1|1,0]]","(False, True, True, False, False, False, False, (0, 0, 1, 2), (0, 0, 0, 0))",108,2
CCXX,260,2497,"CCXX[C[0,0],C[0,0],X[1,0|1,0],X[2,1|1,1]]","(False, True, True, False, False, False, False, (0, 0, 1, 2), (0, 0, 0, 1))",216,1
CCXX,261,2499,"CCXX[C[0,0],C[0,0],X[1,0|1,0],X[2,1|2,0]]","(False, False, True, False, False, False, False, (0, 0, 1, 2), (0, 0, 0, 0))",108,2
CCXX,262,2500,"CCXX[C[0,0],C[0,0],X[1,0|1,0],X[2,1|2,1]]","(False, False, True, False, False, False, False, (0, 0, 1, 2), (0, 0, 0, 1))",216,1
CCXX,263,2502,"CCXX[C[0,0],C[0,0],X[1,0|1,0],X[2,2|0,0]]","(False, False, True, False, False, False, False, (0, 0, 1, 2), (0, 0, 0, 0))",108,2
CCXX,264,2503,"CCXX[C[0,0],C[0,0],X[1,0|1,0],X[2,2|0,1]]","(False, False, True, False, False, False, False, (0, 0, 1, 2), (0, 0, 0, 1))",216,1
CCXX,265,2505,"CCXX[C[0,0],C[0,0],X[1,0|1,0],X[2,2|1,0]]","(False, False, True, False, False, False, False, (0, 0, 1, 2), (0, 0, 0, 0))",108,2
CCXX,266,2506,"CCXX[C[0,0],C[0,0],X[1,0|1,0],X[2,2|1,1]]","(False, False, True, False, False, False, False, (0, 0, 1, 2), (0, 0, 0, 1))",216,1
CCXX,267,2508,"CCXX[C[0,0],C[0,0],X[1,0|1,0],X[2,2|2,0]]","(False, True, True, False, False, False, False, (0, 0, 1, 2), (0, 0, 0, 0))",108,2
CCXX,268,2509,"CCXX[C[0,0],C[0,0],X[1,0|1,0],X[2,2|2,1]]","(False, True, True, False, False, False, False, (0, 0, 1, 2), (0, 0, 0, 1))",216,1
CCXX,269,2511,"CCXX[C[0,0],C[0,0],X[1,0|1,1],X[0,0|0,0]]","(False, True, True, False, True, False, True, (0, 0, 1, 0), (0, 0, 1, 0))",216,1
CCXX,270,2512,"CCXX[C[0,0],C[0,0],X[1,0|1,1],X[0,0|0,1]]","(False, True, True, False, False, False, False, (0, 0, 1, 0), (0, 0, 1, 1))",216,1
CCXX,271,2513,"CCXX[C[0,0],C[0,0],X[1,0|1,1],X[0,0|0,2]]","(False, True, True, False, False, False, False, (0, 0, 1, 0), (0, 0, 1, 2))",216,1
CCXX,272,2514,"CCXX[C[0,0],C[0,0],X[1,0|1,1],X[0,0|1,0]]","(False, False, True, False, False, False, False, (0, 0, 1, 0), (0, 0, 1, 0))",216,1
CCXX,273,2515,"CCXX[C[0,0],C[0,0],X[1,0|1,1],X[0,0|1,1]]","(False, False, True, False, False, False, False, (0, 0, 1, 0), (0, 0, 1, 1))",216,1
CCXX,274,2516,"CCXX[C[0,0],C[0,0],X[1,0|1,1],X[0,0|1,2]]","(False, False, True, False, False, False, False, (0, 0, 1, 0), (0, 0, 1, 2))",216,1
CCXX,275,2517,"CCXX[C[0,0],C[0,0],X[1,0|1,1],X[0,0|2,0]]","(False, False, True, False, False, False, False, (0, 0, 1, 0), (0, 0, 1, 0))",216,1
CCXX,276,2518,"CCXX[C[0,0],C[0,0],X[1,0|1,1],X[0,0|2,1]]","(False, False, True, False, False, False, False, (0, 0, 1, 0), (0, 0, 1, 1))",216,1
CCXX,277,2519,"CCXX[C[0,0],C[0,0],X[1,0|1,1],X[0,0|2,2]]","(False, False, True, False, False, False, False, (0, 0, 1, 0), (0, 0, 1, 2))",216,1
CCXX,278,2520,"CCXX[C[0,0],C[0,0],X[1,0|1,1],X[0,1|0,0]]","(False, False, True, False, False, False, False, (0, 0, 1, 0), (0, 0, 1, 0))",216,1
CCXX,279,2521,"CCXX[C[0,0],C[0,0],X[1,0|1,1],X[0,1|0,1]]","(False, False, True, False, False, False, False, (0, 0, 1, 0), (0, 0, 1, 1))",216,1
CCXX,280,2522,"CCXX[C[0,0],C[0,0],X[1,0|1,1],X[0,1|0,2]]","(False, False, True, False, False, False, False, (0, 0, 1, 0), (0, 0, 1, 2))",216,1
CCXX,281,2523,"CCXX[C[0,0],C[0,0],X[1,0|1,1],X[0,1|1,0]]","(False, True, True, False, True, False, True, (0, 0, 1, 0), (0, 0, 1, 0))",216,1
CCXX,282,2524,"CCXX[C[0,0],C[0,0],X[1,0|1,1],X[0,1|1,1]]","(False, True, True, False, False, False, False, (0, 0, 1, 0), (0, 0, 1, 1))",216,1
CCXX,283,2525,"CCXX[C[0,0],C[0,0],X[1,0|1,1],X[0,1|1,2]]","(False, True, True, False, False, False, False, (0, 0, 1, 0), (0, 0, 1, 2))",216,1
CCXX,284,2526,"CCXX[C[0,0],C[0,0],X[1,0|1,1],X[0,1|2,0]]","(False, False, True, False, False, False, False, (0, 0, 1, 0), (0, 0, 1, 0))",216,1
CCXX,285,2527,"CCXX[C[0,0],C[0,0],X[1,0|1,1],X[0,1|2,1]]","(False, False, True, False, False, False, False, (0, 0, 1, 0), (0, 0, 1, 1))",216,1
CCXX,286,2528,"CCXX[C[0,0],C[0,0],X[1,0|1,1],X[0,1|2,2]]","(False, False, True, False, False, False, False, (0, 0, 1, 0), (0, 0, 1, 2))",216,1
CCXX,287,2529,"CCXX[C[0,0],C[0,0],X[1,0|1,1],X[0,2|0,0]]","(False, False, True, False, False, False, False, (0, 0, 1, 0), (0, 0, 1, 0))",216,1
CCXX,288,2530,"CCXX[C[0,0],C[0,0],X[1,0|1,1],X[0,2|0,1]]","(False, False, True, False, False, False, False, (0, 0, 1, 0), (0, 0, 1, 1))",216,1
CCXX,289,2531,"CCXX[C[0,0],C[0,0],X[1,0|1,1],X[0,2|0,2]]","(False, False, True, False, False, False, False, (0, 0, 1, 0), (0, 0, 1, 2))",216,1
CCXX,290,2532,"CCXX[C[0,0],C[0,0],X[1,0|1,1],X[0,2|1,0]]","(False, False, True, False, False, False, False, (0, 0, 1, 0), (0, 0, 1, 0))",216,1
CCXX,291,2533,"CCXX[C[0,0],C[0,0],X[1,0|1,1],X[0,2|1,1]]","(False, False, True, False, False, False, False, (0, 0, 1, 0), (0, 0, 1, 1))",216,1
CCXX,292,2534,"CCXX[C[0,0],C[0,0],X[1,0|1,1],X[0,2|1,2]]","(False, False, True, False, False, False, False, (0, 0, 1, 0), (0, 0, 1, 2))",216,1
CCXX,293,2535,"CCXX[C[0,0],C[0,0],X[1,0|1,1],X[0,2|2,0]]","(False, True, True, False, True, False, True, (0, 0, 1, 0), (0, 0, 1, 0))",216,1
CCXX,294,2536,"CCXX[C[0,0],C[0,0],X[1,0|1,1],X[0,2|2,1]]","(False, True, True, False, False, False, False, (0, 0, 1, 0), (0, 0, 1, 1))",216,1
CCXX,295,2537,"CCXX[C[0,0],C[0,0],X[1,0|1,1],X[0,2|2,2]]","(False, True, True, False, False, False, False, (0, 0, 1, 0), (0, 0, 1, 2))",216,1
CCXX,296,2538,"CCXX[C[0,0],C[0,0],X[1,0|1,1],X[1,0|0,0]]","(False, True, True, False, False, False, False, (0, 0, 1, 1), (0, 0, 1, 0))",216,1
CCXX,297,2539,"CCXX[C[0,0],C[0,0],X[1,0|1,1],X[1,0|0,1]]","(False, True, True, False, False, False, False, (0, 0, 1, 1), (0, 0, 1, 1))",216,1
CCXX,298,2540,"CCXX[C[0,0],C[0,0],X[1,0|1,1],X[1,0|0,2]]","(False, True, True, False, False, False, False, (0, 0, 1, 1), (0, 0, 1, 2))",216,1
CCXX,299,2541,"CCXX[C[0,0],C[0,0],X[1,0|1,1],X[1,0|1,0]]","(False, False, True, False, False, False, False, (0, 0, 1, 1), (0, 0, 1, 0))",216,1
CCXX,300,2542,"CCXX[C[0,0],C[0,0],X[1,0|1,1],X[1,0|1,1]]","(False, False, True, False, False, False, False, (0, 0, 1, 1), (0, 0, 1, 1))",216,1
CCXX,301,2543,"CCXX[C[0,0],C[0,0],X[1,0|1,1],X[1,0|1,2]]","(False, False, True, False, False, False, False, (0, 0, 1, 1), (0, 0, 1, 2))",216,1
CCXX,302,2544,"CCXX[C[0,0],C[0,0],X[1,0|1,1],X[1,0|2,0]]","(False, False, True, False, False, False, False, (0, 0, 1, 1), (0, 0, 1, 0))",216,1
CCXX,303,2545,"CCXX[C[0,0],C[0,0],X[1,0|1,1],X[1,0|2,1]]","(False, False, True, False, False, False, False, (0, 0, 1, 1), (0, 0, 1, 1))",216,1
CCXX,304,2546,"CCXX[C[0,0],C[0,0],X[1,0|1,1],X[1,0|2,2]]","(False, False, True, False, False, False, False, (0, 0, 1, 1), (0, 0, 1, 2))",216,1
CCXX,305,2547,"CCXX[C[0,0],C[0,0],X[1,0|1,1],X[1,1|0,0]]","(False, False, True, False, False, False, False, (0, 0, 1, 1), (0, 0, 1, 0))",216,1
CCXX,306,2548,"CCXX[C[0,0],C[0,0],X[1,0|1,1],X[1,1|0,1]]","(False, False, True, False, False, False, False, (0, 0, 1, 1), (0, 0, 1, 1))",216,1
CCXX,307,2549,"CCXX[C[0,0],C[0,0],X[1,0|1,1],X[1,1|0,2]]","(False, False, True, False, False, False, False, (0, 0, 1, 1), (0, 0, 1, 2))",216,1
CCXX,308,2550,"CCXX[C[0,0],C[0,0],X[1,0|1,1],X[1,1|1,0]]","(False, True, True, False, False, False, False, (0, 0, 1, 1), (0, 0, 1, 0))",216,1
CCXX,309,2551,"CCXX[C[0,0],C[0,0],X[1,0|1,1],X[1,1|1,1]]","(False, True, True, False, False, False, False, (0, 0, 1, 1), (0, 0, 1, 1))",216,1
CCXX,310,2552,"CCXX[C[0,0],C[0,0],X[1,0|1,1],X[1,1|1,2]]","(False, True, True, False, False, False, False, (0, 0, 1, 1), (0, 0, 1, 2))",216,1
CCXX,311,2553,"CCXX[C[0,0],C[0,0],X[1,0|1,1],X[1,1|2,0]]","(False, False, True, False, False, False, False, (0, 0, 1, 1), (0, 0, 1, 0))",216,1
CCXX,312,2554,"CCXX[C[0,0],C[0,0],X[1,0|1,1],X[1,1|2,1]]","(False, False, True, False, False, False, False, (0, 0, 1, 1), (0, 0, 1, 1))",216,1
CCXX,313,2555,"CCXX[C[0,0],C[0,0],X[1,0|1,1],X[1,1|2,2]]","(False, False, True, False, False, False, False, (0, 0, 1, 1), (0, 0, 1, 2))",216,1
CCXX,314,2556,"CCXX[C[0,0],C[0,0],X[1,0|1,1],X[1,2|0,0]]","(False, False, True, False, False, False, False, (0, 0, 1, 1), (0, 0, 1, 0))",216,1
CCXX,315,2557,"CCXX[C[0,0],C[0,0],X[1,0|1,1],X[1,2|0,1]]","(False, False, True, False, False, False, False, (0, 0, 1, 1), (0, 0, 1, 1))",216,1
CCXX,316,2558,"CCXX[C[0,0],C[0,0],X[1,0|1,1],X[1,2|0,2]]","(False, False, True, False, False, False, False, (0, 0, 1, 1), (0, 0, 1, 2))",216,1
CCXX,317,2559,"CCXX[C[0,0],C[0,0],X[1,0|1,1],X[1,2|1,0]]","(False, False, True, False, False, False, False, (0, 0, 1, 1), (0, 0, 1, 0))",216,1
CCXX,318,2560,"CCXX[C[0,0],C[0,0],X[1,0|1,1],X[1,2|1,1]]","(False, False, True, False, False, False, False, (0, 0, 1, 1), (0, 0, 1, 1))",216,1
CCXX,319,2561,"CCXX[C[0,0],C[0,0],X[1,0|1,1],X[1,2|1,2]]","(False, False, True, False, False, False, False, (0, 0, 1, 1), (0, 0, 1, 2))",216,1
CCXX,320,2562,"CCXX[C[0,0],C[0,0],X[1,0|1,1],X[1,2|2,0]]","(False, True, True, False, False, False, False, (0, 0, 1, 1), (0, 0, 1, 0))",216,1
CCXX,321,2563,"CCXX[C[0,0],C[0,0],X[1,0|1,1],X[1,2|2,1]]","(False, True, True, False, False, False, False, (0, 0, 1, 1), (0, 0, 1, 1))",216,1
CCXX,322,2564,"CCXX[C[0,0],C[0,0],X[1,0|1,1],X[1,2|2,2]]","(False, True, True, False, False, False, False, (0, 0, 1, 1), (0, 0, 1, 2))",216,1
CCXX,323,2565,"CCXX[C[0,0],C[0,0],X[1,0|1,1],X[2,0|0,0]]","(False, True, True, False, False, False, False, (0, 0, 1, 2), (0, 0, 1, 0))",216,1
CCXX,324,2566,"CCXX[C[0,0],C[0,0],X[1,0|1,1],X[2,0|0,1]]","(False, True, True, False, False, False, False, (0, 0, 1, 2), (0, 0, 1, 1))",216,1
CCXX,325,2567,"CCXX[C[0,0],C[0,0],X[1,0|1,1],X[2,0|0,2]]","(False, True, True, False, False, False, False, (0, 0, 1, 2), (0, 0, 1, 2))",216,1
CCXX,326,2568,"CCXX[C[0,0],C[0,0],X[1,0|1,1],X[2,0|1,0]]","(False, False, True, False, False, False, False, (0, 0, 1, 2), (0, 0, 1, 0))",216,1
CCXX,327,2569,"CCXX[C[0,0],C[0,0],X[1,0|1,1],X[2,0|1,1]]","(False, False, True, False, False, False, False, (0, 0, 1, 2), (0, 0, 1, 1))",216,1
CCXX,328,2570,"CCXX[C[0,0],C[0,0],X[1,0|1,1],X[2,0|1,2]]","(False, False, True, False, False, False, False, (0, 0, 1, 2), (0, 0, 1, 2))",216,1
CCXX,329,2571,"CCXX[C[0,0],C[0,0],X[1,0|1,1],X[2,0|2,0]]","(False, False, True, False, False, False, False, (0, 0, 1, 2), (0, 0, 1, 0))",216,1
CCXX,330,2572,"CCXX[C[0,0],C[0,0],X[1,0|1,1],X[2,0|2,1]]","(False, False, True, False, False, False, False, (0, 0, 1, 2), (0, 0, 1, 1))",216,1
CCXX,331,2573,"CCXX[C[0,0],C[0,0],X[1,0|1,1],X[2,0|2,2]]","(False, False, True, False, False, False, False, (0, 0, 1, 2), (0, 0, 1, 2))",216,1
CCXX,332,2574,"CCXX[C[0,0],C[0,0],X[1,0|1,1],X[2,1|0,0]]","(False, False, True, False, False, False, False, (0, 0, 1, 2), (0, 0, 1, 0))",216,1
CCXX,333,2575,"CCXX[C[0,0],C[0,0],X[1,0|1,1],X[2,1|0,1]]","(False, False, True, False, False, False, False, (0, 0, 1, 2), (0, 0, 1, 1))",216,1
CCXX,334,2576,"CCXX[C[0,0],C[0,0],X[1,0|1,1],X[2,1|0,2]]","(False, False, True, False, False, False, False, (0, 0, 1, 2), (0, 0, 1, 2))",216,1
CCXX,335,2577,"CCXX[C[0,0],C[0,0],X[1,0|1,1],X[2,1|1,0]]","(False, True, True, False, False, False, False, (0, 0, 1, 2), (0, 0, 1, 0))",216,1
CCXX,336,2578,"CCXX[C[0,0],C[0,0],X[1,0|1,1],X[2,1|1,1]]","(False, True, True, False, False, False, False, (0, 0, 1, 2), (0, 0, 1, 1))",216,1
CCXX,337,2579,"CCXX[C[0,0],C[0,0],X[1,0|1,1],X[2,1|1,2]]","(False, True, True, False, False, False, False, (0, 0, 1, 2), (0, 0, 1, 2))",216,1
CCXX,338,2580,"CCXX[C[0,0],C[0,0],X[1,0|1,1],X[2,1|2,0]]","(False, False, True, False, False, False, False, (0, 0, 1, 2), (0, 0, 1, 0))",216,1
CCXX,339,2581,"CCXX[C[0,0],C[0,0],X[1,0|1,1],X[2,1|2,1]]","(False, False, True, False, False, False, False, (0, 0, 1, 2), (0, 0, 1, 1))",216,1
CCXX,340,2582,"CCXX[C[0,0],C[0,0],X[1,0|1,1],X[2,1|2,2]]","(False, False, True, False, False, False, False, (0, 0, 1, 2), (0, 0, 1, 2))",216,1
CCXX,341,2583,"CCXX[C[0,0],C[0,0],X[1,0|1,1],X[2,2|0,0]]","(False, False, True, False, False, False, False, (0, 0, 1, 2), (0, 0, 1, 0))",216,1
CCXX,342,2584,"CCXX[C[0,0],C[0,0],X[1,0|1,1],X[2,2|0,1]]","(False, False, True, False, False, False, False, (0, 0, 1, 2), (0, 0, 1, 1))",216,1
CCXX,343,2585,"CCXX[C[0,0],C[0,0],X[1,0|1,1],X[2,2|0,2]]","(False, False, True, False, False, False, False, (0, 0, 1, 2), (0, 0, 1, 2))",216,1
CCXX,344,2586,"CCXX[C[0,0],C[0,0],X[1,0|1,1],X[2,2|1,0]]","(False, False, True, False, False, False, False, (0, 0, 1, 2), (0, 0, 1, 0))",216,1
CCXX,345,2587,"CCXX[C[0,0],C[0,0],X[1,0|1,1],X[2,2|1,1]]","(False, False, True, False, False, False, False, (0, 0, 1, 2), (0, 0, 1, 1))",216,1
CCXX,346,2588,"CCXX[C[0,0],C[0,0],X[1,0|1,1],X[2,2|1,2]]","(False, False, True, False, False, False, False, (0, 0, 1, 2), (0, 0, 1, 2))",216,1
CCXX,347,2589,"CCXX[C[0,0],C[0,0],X[1,0|1,1],X[2,2|2,0]]","(False, True, True, False, False, False, False, (0, 0, 1, 2), (0, 0, 1, 0))",216,1
CCXX,348,2590,"CCXX[C[0,0],C[0,0],X[1,0|1,1],X[2,2|2,1]]","(False, True, True, False, False, False, False, (0, 0, 1, 2), (0, 0, 1, 1))",216,1
CCXX,349,2591,"CCXX[C[0,0],C[0,0],X[1,0|1,1],X[2,2|2,2]]","(False, True, True, False, False, False, False, (0, 0, 1, 2), (0, 0, 1, 2))",216,1
CCXX,350,6561,"CCXX[C[0,0],C[0,1],X[0,0|0,0],X[0,0|0,0]]","(True, True, False, True, True, False, False, (0, 0, 0, 0), (0, 1, 0, 0))",54,4
CCXX,351,6562,"CCXX[C[0,0],C[0,1],X[0,0|0,0],X[0,0|0,1]]","(True, True, False, True, False, False, True, (0, 0, 0, 0), (0, 1, 0, 1))",54,4
CCXX,352,6563,"CCXX[C[0,0],C[0,1],X[0,0|0,0],X[0,0|0,2]]","(True, True, False, True, False, False, False, (0, 0, 0, 0), (0, 1, 0, 2))",54,4
CCXX,353,6564,"CCXX[C[0,0],C[0,1],X[0,0|0,0],X[0,0|1,0]]","(True, False, False, True, False, False, False, (0, 0, 0, 0), (0, 1, 0, 0))",108,2
CCXX,354,6565,"CCXX[C[0,0],C[0,1],X[0,0|0,0],X[0,0|1,1]]","(True, False, False, True, False, False, False, (0, 0, 0, 0), (0, 1, 0, 1))",108,2
CCXX,355,6566,"CCXX[C[0,0],C[0,1],X[0,0|0,0],X[0,0|1,2]]","(True, False, False, True, False, False, False, (0, 0, 0, 0), (0, 1, 0, 2))",108,2
CCXX,356,6570,"CCXX[C[0,0],C[0,1],X[0,0|0,0],X[0,1|0,0]]","(True, False, False, True, False, False, False, (0, 0, 0, 0), (0, 1, 0, 0))",108,2
CCXX,357,6571,"CCXX[C[0,0],C[0,1],X[0,0|0,0],X[0,1|0,1]]","(True, False, False, True, False, False, False, (0, 0, 0, 0), (0, 1, 0, 1))",108,2
CCXX,358,6572,"CCXX[C[0,0],C[0,1],X[0,0|0,0],X[0,1|0,2]]","(True, False, False, True, False, False, False, (0, 0, 0, 0), (0, 1, 0, 2))",108,2
CCXX,359,6573,"CCXX[C[0,0],C[0,1],X[0,0|0,0],X[0,1|1,0]]","(True, True, False, True, True, False, False, (0, 0, 0, 0), (0, 1, 0, 0))",108,2
CCXX,360,6574,"CCXX[C[0,0],C[0,1],X[0,0|0,0],X[0,1|1,1]]","(True, True, False, True, False, False, True, (0, 0, 0, 0), (0, 1, 0, 1))",108,2
CCXX,361,6575,"CCXX[C[0,0],C[0,1],X[0,0|0,0],X[0,1|1,2]]","(True, True, False, True, False, False, False, (0, 0, 0, 0), (0, 1, 0, 2))",108,2
CCXX,362,6576,"CCXX[C[0,0],C[0,1],X[0,0|0,0],X[0,1|2,0]]","(True, False, False, True, False, False, False, (0, 0, 0, 0), (0, 1, 0, 0))",108,2
CCXX,363,6577,"CCXX[C[0,0],C[0,1],X[0,0|0,0],X[0,1|2,1]]","(True, False, False, True, False, False, False, (0, 0, 0, 0), (0, 1, 0, 1))",108,2
CCXX,364,6578,"CCXX[C[0,0],C[0,1],X[0,0|0,0],X[0,1|2,2]]","(True, False, False, True, False, False, False, (0, 0, 0, 0), (0, 1, 0, 2))",108,2
CCXX,365,6588,"CCXX[C[0,0],C[0,1],X[0,0|0,0],X[1,0|0,0]]","(True, True, False, True, False, False, False, (0, 0, 0, 1), (0, 1, 0, 0))",108,2
CCXX,366,6589,"CCXX[C[0,0],C[0,1],X[0,0|0,0],X[1,0|0,1]]","(True, True, False, True, False, False, False, (0, 0, 0, 1), (0, 1, 0, 1))",108,2
CCXX,367,6590,"CCXX[C[0,0],C[0,1],X[0,0|0,0],X[1,0|0,2]]","(True, True, False, True, False, False, False, (0, 0, 0, 1), (0, 1, 0, 2))",108,2
CCXX,368,6591,"CCXX[C[0,0],C[0,1],X[0,0|0,0],X[1,0|1,0]]","(True, False, False, True, False, False, False, (0, 0, 0, 1), (0, 1, 0, 0))",216,1
CCXX,369,6592,"CCXX[C[0,0],C[0,1],X[0,0|0,0],X[1,0|1,1]]","(True, False, False, True, False, False, False, (0, 0, 0, 1), (0, 1, 0, 1))",216,1
CCXX,370,6593,"CCXX[C[0,0],C[0,1],X[0,0|0,0],X[1,0|1,2]]","(True, False, False, True, False, False, False, (0, 0, 0, 1), (0, 1, 0, 2))",216,1
CCXX,371,6597,"CCXX[C[0,0],C[0,1],X[0,0|0,0],X[1,1|0,0]]","(True, False, False, True, False, False, False, (0, 0, 0, 1), (0, 1, 0, 0))",216,1
CCXX,372,6598,"CCXX[C[0,0],C[0,1],X[0,0|0,0],X[1,1|0,1]]","(True, False, False, True, False, False, False, (0, 0, 0, 1), (0, 1, 0, 1))",216,1
CCXX,373,6599,"CCXX[C[0,0],C[0,1],X[0,0|0,0],X[1,1|0,2]]","(True, False, False, True, False, False, False, (0, 0, 0, 1), (0, 1, 0, 2))",216,1
CCXX,374,6600,"CCXX[C[0,0],C[0,1],X[0,0|0,0],X[1,1|1,0]]","(True, True, False, True, False, False, False, (0, 0, 0, 1), (0, 1, 0, 0))",216,1
CCXX,375,6601,"CCXX[C[0,0],C[0,1],X[0,0|0,0],X[1,1|1,1]]","(True, True, False, True, False, False, False, (0, 0, 0, 1), (0, 1, 0, 1))",216,1
CCXX,376,6602,"CCXX[C[0,0],C[0,1],X[0,0|0,0],X[1,1|1,2]]","(True, True, False, True, False, False, False, (0, 0, 0, 1), (0, 1, 0, 2))",216,1
CCXX,377,6603,"CCXX[C[0,0],C[0,1],X[0,0|0,0],X[1,1|2,0]]","(True, False, False, True, False, False, False, (0, 0, 0, 1), (0, 1, 0, 0))",216,1
CCXX,378,6604,"CCXX[C[0,0],C[0,1],X[0,0|0,0],X[1,1|2,1]]","(True, False, False, True, False, False, False, (0, 0, 0, 1), (0, 1, 0, 1))",216,1
CCXX,379,6605,"CCXX[C[0,0],C[0,1],X[0,0|0,0],X[1,1|2,2]]","(True, False, False, True, False, False, False, (0, 0, 0, 1), (0, 1, 0, 2))",216,1
CCXX,380,6642,"CCXX[C[0,0],C[0,1],X[0,0|0,1],X[0,0|0,0]]","(True, True, False, False, True, True, False, (0, 0, 0, 0), (0, 1, 1, 0))",54,4
CCXX,381,6643,"CCXX[C[0,0],C[0,1],X[0,0|0,1],X[0,0|0,1]]","(True, True, False, False, False, True, True, (0, 0, 0, 0), (0, 1, 1, 1))",54,4
CCXX,382,6644,"CCXX[C[0,0],C[0,1],X[0,0|0,1],X[0,0|0,2]]","(True, True, False, False, False, True, False, (0, 0, 0, 0), (0, 1, 1, 2))",54,4
CCXX,383,6645,"CCXX[C[0,0],C[0,1],X[0,0|0,1],X[0,0|1,0]]","(True, False, False, False, False, True, False, (0, 0, 0, 0), (0, 1, 1, 0))",108,2
CCXX,384,6646,"CCXX[C[0,0],C[0,1],X[0,0|0,1],X[0,0|1,1]]","(True, False, False, False, False, True, False, (0, 0, 0, 0), (0, 1, 1, 1))",108,2
CCXX,385,6647,"CCXX[C[0,0],C[0,1],X[0,0|0,1],X[0,0|1,2]]","(True, False, False, False, False, True, False, (0, 0, 0, 0), (0, 1, 1, 2))",108,2
CCXX,386,6651,"CCXX[C[0,0],C[0,1],X[0,0|0,1],X[0,1|0,0]]","(True, False, False, False, False, True, False, (0, 0, 0, 0), (0, 1, 1, 0))",108,2
CCXX,387,6652,"CCXX[C[0,0],C[0,1],X[0,0|0,1],X[0,1|0,1]]","(True, False, False, False, False, True, False, (0, 0, 0, 0), (0, 1, 1, 1))",108,2
CCXX,388,6653,"CCXX[C[0,0],C[0,1],X[0,0|0,1],X[0,1|0,2]]","(True, False, False, False, False, True, False, (0, 0, 0, 0), (0, 1, 1, 2))",108,2
CCXX,389,6654,"CCXX[C[0,0],C[0,1],X[0,0|0,1],X[0,1|1,0]]","(True, True, False, False, True, True, False, (0, 0, 0, 0), (0, 1, 1, 0))",108,2
CCXX,390,6655,"CCXX[C[0,0],C[0,1],X[0,0|0,1],X[0,1|1,1]]","(True, True, False, False, False, True, True, (0, 0, 0, 0), (0, 1, 1, 1))",108,2
CCXX,391,6656,"CCXX[C[0,0],C[0,1],X[0,0|0,1],X[0,1|1,2]]","(True, True, False, False, False, True, False, (0, 0, 0, 0), (0, 1, 1, 2))",108,2
CCXX,392,6657,"CCXX[C[0,0],C[0,1],X[0,0|0,1],X[0,1|2,0]]","(True, False, False, False, False, True, False, (0, 0, 0, 0), (0, 1, 1, 0))",108,2
CCXX,393,6658,"CCXX[C[0,0],C[0,1],X[0,0|0,1],X[0,1|2,1]]","(True, False, False, False, False, True, False, (0, 0, 0, 0), (0, 1, 1, 1))",108,2
CCXX,394,6659,"CCXX[C[0,0],C[0,1],X[0,0|0,1],X[0,1|2,2]]","(True, False, False, False, False, True, False, (0, 0, 0, 0), (0, 1, 1, 2))",108,2
CCXX,395,6669,"CCXX[C[0,0],C[0,1],X[0,0|0,1],X[1,0|0,0]]","(True, True, False, False, False, True, False, (0, 0, 0, 1), (0, 1, 1, 0))",108,2
CCXX,396,6670,"CCXX[C[0,0],C[0,1],X[0,0|0,1],X[1,0|0,1]]","(True, True, False, False, False, True, False, (0, 0, 0, 1), (0, 1, 1, 1))",108,2
CCXX,397,6671,"CCXX[C[0,0],C[0,1],X[0,0|0,1],X[1,0|0,2]]","(True, True, False, False, False, True, False, (0, 0, 0, 1), (0, 1, 1, 2))",108,2
CCXX,398,6672,"CCXX[C[0,0],C[0,1],X[0,0|0,1],X[1,0|1,0]]","(True, False, False, False, False, True, False, (0, 0, 0, 1), (0, 1, 1, 0))",216,1
CCXX,399,6673,"CCXX[C[0,0],C[0,1],X[0,0|0,1],X[1,0|1,1]]","(True, False, False, False, False, True, False, (0, 0, 0, 1), (0, 1, 1, 1))",216,1
CCXX,400,6674,"CCXX[C[0,0],C[0,1],X[0,0|0,1],X[1,0|1,2]]","(True, False, False, False, False, True, False, (0, 0, 0, 1), (0, 1, 1, 2))",216,1
CCXX,401,6678,"CCXX[C[0,0],C[0,1],X[0,0|0,1],X[1,1|0,0]]","(True, False, False, False, False, True, False, (0, 0, 0, 1), (0, 1, 1, 0))",216,1
CCXX,402,6679,"CCXX[C[0,0],C[0,1],X[0,0|0,1],X[1,1|0,1]]","(True, False, False, False, False, True, False, (0, 0, 0, 1), (0, 1, 1, 1))",216,1
CCXX,403,6680,"CCXX[C[0,0],C[0,1],X[0,0|0,1],X[1,1|0,2]]","(True, False, False, False, False, True, False, (0, 0, 0, 1), (0, 1, 1, 2))",216,1
CCXX,404,6681,"CCXX[C[0,0],C[0,1],X[0,0|0,1],X[1,1|1,0]]","(True, True, False, False, False, True, False, (0, 0, 0, 1), (0, 1, 1, 0))",216,1
CCXX,405,6682,"CCXX[C[0,0],C[0,1],X[0,0|0,1],X[1,1|1,1]]","(True, True, False, False, False, True, False, (0, 0, 0, 1), (0, 1, 1, 1))",216,1
CCXX,406,6683,"CCXX[C[0,0],C[0,1],X[0,0|0,1],X[1,1|1,2]]","(True, True, False, False, False, True, False, (0, 0, 0, 1), (0, 1, 1, 2))",216,1
CCXX,407,6684,"CCXX[C[0,0],C[0,1],X[0,0|0,1],X[1,1|2,0]]","(True, False, False, False, False, True, False, (0, 0, 0, 1), (0, 1, 1, 0))",216,1
CCXX,408,6685,"CCXX[C[0,0],C[0,1],X[0,0|0,1],X[1,1|2,1]]","(True, False, False, False, False, True, False, (0, 0, 0, 1), (0, 1, 1, 1))",216,1
CCXX,409,6686,"CCXX[C[0,0],C[0,1],X[0,0|0,1],X[1,1|2,2]]","(True, False, False, False, False, True, False, (0, 0, 0, 1), (0, 1, 1, 2))",216,1
CCXX,410,6723,"CCXX[C[0,0],C[0,1],X[0,0|0,2],X[0,0|0,0]]","(True, True, False, False, True, False, False, (0, 0, 0, 0), (0, 1, 2, 0))",54,4
CCXX,411,6724,"CCXX[C[0,0],C[0,1],X[0,0|0,2],X[0,0|0,1]]","(True, True, False, False, False, False, True, (0, 0, 0, 0), (0, 1, 2, 1))",54,4
CCXX,412,6725,"CCXX[C[0,0],C[0,1],X[0,0|0,2],X[0,0|0,2]]","(True, True, False, False, False, False, False, (0, 0, 0, 0), (0, 1, 2, 2))",54,4
CCXX,413,6726,"CCXX[C[0,0],C[0,1],X[0,0|0,2],X[0,0|1,0]]","(True, False, False, False, False, False, False, (0, 0, 0, 0), (0, 1, 2, 0))",108,2
CCXX,414,6727,"CCXX[C[0,0],C[0,1],X[0,0|0,2],X[0,0|1,1]]","(True, False, False, False, False, False, False, (0, 0, 0, 0), (0, 1, 2, 1))",108,2
CCXX,415,6728,"CCXX[C[0,0],C[0,1],X[0,0|0,2],X[0,0|1,2]]","(True, False, False, False, False, False, False, (0, 0, 0, 0), (0, 1, 2, 2))",108,2
CCXX,416,6732,"CCXX[C[0,0],C[0,1],X[0,0|0,2],X[0,1|0,0]]","(True, False, False, False, False, False, False, (0, 0, 0, 0), (0, 1, 2, 0))",108,2
CCXX,417,6733,"CCXX[C[0,0],C[0,1],X[0,0|0,2],X[0,1|0,1]]","(True, False, False, False, False, False, False, (0, 0, 0, 0), (0, 1, 2, 1))",108,2
CCXX,418,6734,"CCXX[C[0,0],C[0,1],X[0,0|0,2],X[0,1|0,2]]","(True, False, False, False, False, False, False, (0, 0, 0, 0), (0, 1, 2, 2))",108,2
CCXX,419,6735,"CCXX[C[0,0],C[0,1],X[0,0|0,2],X[0,1|1,0]]","(True, True, False, False, True, False, False, (0, 0, 0, 0), (0, 1, 2, 0))",108,2
CCXX,420,6736,"CCXX[C[0,0],C[0,1],X[0,0|0,2],X[0,1|1,1]]","(True, True, False, False, False, False, True, (0, 0, 0, 0), (0, 1, 2, 1))",108,2
CCXX,421,6737,"CCXX[C[0,0],C[0,1],X[0,0|0,2],X[0,1|1,2]]","(True, True, False, False, False, False, False, (0, 0, 0, 0), (0, 1, 2, 2))",108,2
CCXX,422,6738,"CCXX[C[0,0],C[0,1],X[0,0|0,2],X[0,1|2,0]]","(True, False, False, False, False, False, False, (0, 0, 0, 0), (0, 1, 2, 0))",108,2
CCXX,423,6739,"CCXX[C[0,0],C[0,1],X[0,0|0,2],X[0,1|2,1]]","(True, False, False, False, False, False, False, (0, 0, 0, 0), (0, 1, 2, 1))",108,2
CCXX,424,6740,"CCXX[C[0,0],C[0,1],X[0,0|0,2],X[0,1|2,2]]","(True, False, False, False, False, False, False, (0, 0, 0, 0), (0, 1, 2, 2))",108,2
CCXX,425,6750,"CCXX[C[0,0],C[0,1],X[0,0|0,2],X[1,0|0,0]]","(True, True, False, False, False, False, False, (0, 0, 0, 1), (0, 1, 2, 0))",108,2
CCXX,426,6751,"CCXX[C[0,0],C[0,1],X[0,0|0,2],X[1,0|0,1]]","(True, True, False, False, False, False, False, (0, 0, 0, 1), (0, 1, 2, 1))",108,2
CCXX,427,6752,"CCXX[C[0,0],C[0,1],X[0,0|0,2],X[1,0|0,2]]","(True, True, False, False, False, False, False, (0, 0, 0, 1), (0, 1, 2, 2))",108,2
CCXX,428,6753,"CCXX[C[0,0],C[0,1],X[0,0|0,2],X[1,0|1,0]]","(True, False, False, False, False, False, False, (0, 0, 0, 1), (0, 1, 2, 0))",216,1
CCXX,429,6754,"CCXX[C[0,0],C[0,1],X[0,0|0,2],X[1,0|1,1]]","(True, False, False, False, False, False, False, (0, 0, 0, 1), (0, 1, 2, 1))",216,1
CCXX,430,6755,"CCXX[C[0,0],C[0,1],X[0,0|0,2],X[1,0|1,2]]","(True, False, False, False, False, False, False, (0, 0, 0, 1), (0, 1, 2, 2))",216,1
CCXX,431,6759,"CCXX[C[0,0],C[0,1],X[0,0|0,2],X[1,1|0,0]]","(True, False, False, False, False, False, False, (0, 0, 0, 1), (0, 1, 2, 0))",216,1
CCXX,432,6760,"CCXX[C[0,0],C[0,1],X[0,0|0,2],X[1,1|0,1]]","(True, False, False, False, False, False, False, (0, 0, 0, 1), (0, 1, 2, 1))",216,1
CCXX,433,6761,"CCXX[C[0,0],C[0,1],X[0,0|0,2],X[1,1|0,2]]","(True, False, False, False, False, False, False, (0, 0, 0, 1), (0, 1, 2, 2))",216,1
CCXX,434,6762,"CCXX[C[0,0],C[0,1],X[0,0|0,2],X[1,1|1,0]]","(True, True, False, False, False, False, False, (0, 0, 0, 1), (0, 1, 2, 0))",216,1
CCXX,435,6763,"CCXX[C[0,0],C[0,1],X[0,0|0,2],X[1,1|1,1]]","(True, True, False, False, False, False, False, (0, 0, 0, 1), (0, 1, 2, 1))",216,1
CCXX,436,6764,"CCXX[C[0,0],C[0,1],X[0,0|0,2],X[1,1|1,2]]","(True, True, False, False, False, False, False, (0, 0, 0, 1), (0, 1, 2, 2))",216,1
CCXX,437,6765,"CCXX[C[0,0],C[0,1],X[0,0|0,2],X[1,1|2,0]]","(True, False, False, False, False, False, False, (0, 0, 0, 1), (0, 1, 2, 0))",216,1
CCXX,438,6766,"CCXX[C[0,0],C[0,1],X[0,0|0,2],X[1,1|2,1]]","(True, False, False, False, False, False, False, (0, 0, 0, 1), (0, 1, 2, 1))",216,1
CCXX,439,6767,"CCXX[C[0,0],C[0,1],X[0,0|0,2],X[1,1|2,2]]","(True, False, False, False, False, False, False, (0, 0, 0, 1), (0, 1, 2, 2))",216,1
CCXX,440,6804,"CCXX[C[0,0],C[0,1],X[0,0|1,0],X[0,0|0,0]]","(False, True, False, False, True, False, False, (0, 0, 0, 0), (0, 1, 0, 0))",108,2
CCXX,441,6805,"CCXX[C[0,0],C[0,1],X[0,0|1,0],X[0,0|0,1]]","(False, True, False, False, False, False, True, (0, 0, 0, 0), (0, 1, 0, 1))",108,2
CCXX,442,6806,"CCXX[C[0,0],C[0,1],X[0,0|1,0],X[0,0|0,2]]","(False, True, False, False, False, False, False, (0, 0, 0, 0), (0, 1, 0, 2))",108,2
CCXX,443,6807,"CCXX[C[0,0],C[0,1],X[0,0|1,0],X[0,0|1,0]]","(False, False, False, False, False, False, False, (0, 0, 0, 0), (0, 1, 0, 0))",108,2
CCXX,444,6808,"CCXX[C[0,0],C[0,1],X[0,0|1,0],X[0,0|1,1]]","(False, False, False, False, False, False, False, (0, 0, 0, 0), (0, 1, 0, 1))",108,2
CCXX,445,6809,"CCXX[C[0,0],C[0,1],X[0,0|1,0],X[0,0|1,2]]","(False, False, False, False, False, False, False, (0, 0, 0, 0), (0, 1, 0, 2))",108,2
CCXX,446,6810,"CCXX[C[0,0],C[0,1],X[0,0|1,0],X[0,0|2,0]]","(False, False, False, False, False, False, False, (0, 0, 0, 0), (0, 1, 0, 0))",108,2
CCXX,447,6811,"CCXX[C[0,0],C[0,1],X[0,0|1,0],X[0,0|2,1]]","(False, False, False, False, False, False, False, (0, 0, 0, 0), (0, 1, 0, 1))",108,2
CCXX,448,6812,"CCXX[C[0,0],C[0,1],X[0,0|1,0],X[0,0|2,2]]","(False, False, False, False, False, False, False, (0, 0, 0, 0), (0, 1, 0, 2))",108,2
CCXX,449,6813,"CCXX[C[0,0],C[0,1],X[0,0|1,0],X[0,1|0,0]]","(False, False, False, False, False, False, False, (0, 0, 0, 0), (0, 1, 0, 0))",108,2
CCXX,450,6814,"CCXX[C[0,0],C[0,1],X[0,0|1,0],X[0,1|0,1]]","(False, False, False, False, False, False, False, (0, 0, 0, 0), (0, 1, 0, 1))",108,2
CCXX,451,6815,"CCXX[C[0,0],C[0,1],X[0,0|1,0],X[0,1|0,2]]","(False, False, False, False, False, False, False, (0, 0, 0, 0), (0, 1, 0, 2))",108,2
CCXX,452,6816,"CCXX[C[0,0],C[0,1],X[0,0|1,0],X[0,1|1,0]]","(False, True, False, False, True, False, False, (0, 0, 0, 0), (0, 1, 0, 0))",108,2
CCXX,453,6817,"CCXX[C[0,0],C[0,1],X[0,0|1,0],X[0,1|1,1]]","(False, True, False, False, False, False, True, (0, 0, 0, 0), (0, 1, 0, 1))",108,2
CCXX,454,6818,"CCXX[C[0,0],C[0,1],X[0,0|1,0],X[0,1|1,2]]","(False, True, False, False, False, False, False, (0, 0, 0, 0), (0, 1, 0, 2))",108,2
CCXX,455,6819,"CCXX[C[0,0],C[0,1],X[0,0|1,0],X[0,1|2,0]]","(False, False, False, False, False, False, False, (0, 0, 0, 0), (0, 1, 0, 0))",108,2
CCXX,456,6820,"CCXX[C[0,0],C[0,1],X[0,0|1,0],X[0,1|2,1]]","(False, False, False, False, False, False, False, (0, 0, 0, 0), (0, 1, 0, 1))",108,2
CCXX,457,6821,"CCXX[C[0,0],C[0,1],X[0,0|1,0],X[0,1|2,2]]","(False, False, False, False, False, False, False, (0, 0, 0, 0), (0, 1, 0, 2))",108,2
CCXX,458,6822,"CCXX[C[0,0],C[0,1],X[0,0|1,0],X[0,2|0,0]]","(False, False, False, False, False, False, False, (0, 0, 0, 0), (0, 1, 0, 0))",108,2
CCXX,459,6823,"CCXX[C[0,0],C[0,1],X[0,0|1,0],X[0,2|0,1]]","(False, False, False, False, False, False, False, (0, 0, 0, 0), (0, 1, 0, 1))",108,2
CCXX,460,6824,"CCXX[C[0,0],C[0,1],X[0,0|1,0],X[0,2|0,2]]","(False, False, False, False, False, False, False, (0, 0, 0, 0), (0, 1, 0, 2))",108,2
CCXX,461,6825,"CCXX[C[0,0],C[0,1],X[0,0|1,0],X[0,2|1,0]]","(False, False, False, False, False, False, False, (0, 0, 0, 0), (0, 1, 0, 0))",108,2
CCXX,462,6826,"CCXX[C[0,0],C[0,1],X[0,0|1,0],X[0,2|1,1]]","(False, False, False, False, False, False, False, (0, 0, 0, 0), (0, 1, 0, 1))",108,2
CCXX,463,6827,"CCXX[C[0,0],C[0,1],X[0,0|1,0],X[0,2|1,2]]","(False, False, False, False, False, False, False, (0, 0, 0, 0), (0, 1, 0, 2))",108,2
CCXX,464,6828,"CCXX[C[0,0],C[0,1],X[0,0|1,0],X[0,2|2,0]]","(False, True, False, False, True, False, False, (0, 0, 0, 0), (0, 1, 0, 0))",108,2
CCXX,465,6829,"CCXX[C[0,0],C[0,1],X[0,0|1,0],X[0,2|2,1]]","(False, True, False, False, False, False, True, (0, 0, 0, 0), (0, 1, 0, 1))",108,2
CCXX,466,6830,"CCXX[C[0,0],C[0,1],X[0,0|1,0],X[0,2|2,2]]","(False, True, False, False, False, False, False, (0, 0, 0, 0), (0, 1, 0, 2))",108,2
CCXX,467,6831,"CCXX[C[0,0],C[0,1],X[0,0|1,0],X[1,0|0,0]]","(False, True, False, False, False, False, False, (0, 0, 0, 1), (0, 1, 0, 0))",216,1
CCXX,468,6832,"CCXX[C[0,0],C[0,1],X[0,0|1,0],X[1,0|0,1]]","(False, True, False, False, False, False, False, (0, 0, 0, 1), (0, 1, 0, 1))",216,1
CCXX,469,6833,"CCXX[C[0,0],C[0,1],X[0,0|1,0],X[1,0|0,2]]","(False, True, False, False, False, False, False, (0, 0, 0, 1), (0, 1, 0, 2))",216,1
CCXX,470,6834,"CCXX[C[0,0],C[0,1],X[0,0|1,0],X[1,0|1,0]]","(False, False, False, False, False, False, False, (0, 0, 0, 1), (0, 1, 0, 0))",216,1
CCXX,471,6835,"CCXX[C[0,0],C[0,1],X[0,0|1,0],X[1,0|1,1]]","(False, False, False, False, False, False, False, (0, 0, 0, 1), (0, 1, 0, 1))",216,1
CCXX,472,6836,"CCXX[C[0,0],C[0,1],X[0,0|1,0],X[1,0|1,2]]","(False, False, False, False, False, False, False, (0, 0, 0, 1), (0, 1, 0, 2))",216,1
CCXX,473,6837,"CCXX[C[0,0],C[0,1],X[0,0|1,0],X[1,0|2,0]]","(False, False, False, False, False, False, False, (0, 0, 0, 1), (0, 1, 0, 0))",216,1
CCXX,474,6838,"CCXX[C[0,0],C[0,1],X[0,0|1,0],X[1,0|2,1]]","(False, False, False, False, False, False, False, (0, 0, 0, 1), (0, 1, 0, 1))",216,1
CCXX,475,6839,"CCXX[C[0,0],C[0,1],X[0,0|1,0],X[1,0|2,2]]","(False, False, False, False, False, False, False, (0, 0, 0, 1), (0, 1, 0, 2))",216,1
CCXX,476,6840,"CCXX[C[0,0],C[0,1],X[0,0|1,0],X[1,1|0,0]]","(False, False, False, False, False, False, False, (0, 0, 0, 1), (0, 1, 0, 0))",216,1
CCXX,477,6841,"CCXX[C[0,0],C[0,1],X[0,0|1,0],X[1,1|0,1]]","(False, False, False, False, False, False, False, (0, 0, 0, 1), (0, 1, 0, 1))",216,1
CCXX,478,6842,"CCXX[C[0,0],C[0,1],X[0,0|1,0],X[1,1|0,2]]","(False, False, False, False, False, False, False, (0, 0, 0, 1), (0, 1, 0, 2))",216,1
CCXX,479,6843,"CCXX[C[0,0],C[0,1],X[0,0|1,0],X[1,1|1,0]]","(False, True, False, False, False, False, False, (0, 0, 0, 1), (0, 1, 0, 0))",216,1
CCXX,480,6844,"CCXX[C[0,0],C[0,1],X[0,0|1,0],X[1,1|1,1]]","(False, True, False, False, False, False, False, (0, 0, 0, 1), (0, 1, 0, 1))",216,1
CCXX,481,6845,"CCXX[C[0,0],C[0,1],X[0,0|1,0],X[1,1|1,2]]","(False, True, False, False, False, False, False, (0, 0, 0, 1), (0, 1, 0, 2))",216,1
CCXX,482,6846,"CCXX[C[0,0],C[0,1],X[0,0|1,0],X[1,1|2,0]]","(False, False, False, False, False, False, False, (0, 0, 0, 1), (0, 1, 0, 0))",216,1
CCXX,483,6847,"CCXX[C[0,0],C[0,1],X[0,0|1,0],X[1,1|2,1]]","(False, False, False, False, False, False, False, (0, 0, 0, 1), (0, 1, 0, 1))",216,1
CCXX,484,6848,"CCXX[C[0,0],C[0,1],X[0,0|1,0],X[1,1|2,2]]","(False, False, False, False, False, False, False, (0, 0, 0, 1), (0, 1, 0, 2))",216,1
CCXX,485,6849,"CCXX[C[0,0],C[0,1],X[0,0|1,0],X[1,2|0,0]]","(False, False, False, False, False, False, False, (0, 0, 0, 1), (0, 1, 0, 0))",216,1
CCXX,486,6850,"CCXX[C[0,0],C[0,1],X[0,0|1,0],X[1,2|0,1]]","(False, False, False, False, False, False, False, (0, 0, 0, 1), (0, 1, 0, 1))",216,1
CCXX,487,6851,"CCXX[C[0,0],C[0,1],X[0,0|1,0],X[1,2|0,2]]","(False, False, False, False, False, False, False, (0, 0, 0, 1), (0, 1, 0, 2))",216,1
CCXX,488,6852,"CCXX[C[0,0],C[0,1],X[0,0|1,0],X[1,2|1,0]]","(False, False, False, False, False, False, False, (0, 0, 0, 1), (0, 1, 0, 0))",216,1
CCXX,489,6853,"CCXX[C[0,0],C[0,1],X[0,0|1,0],X[1,2|1,1]]","(False, False, False, False, False, False, False, (0, 0, 0, 1), (0, 1, 0, 1))",216,1
CCXX,490,6854,"CCXX[C[0,0],C[0,1],X[0,0|1,0],X[1,2|1,2]]","(False, False, False, False, False, False, False, (0, 0, 0, 1), (0, 1, 0, 2))",216,1
CCXX,491,6855,"CCXX[C[0,0],C[0,1],X[0,0|1,0],X[1,2|2,0]]","(False, True, False, False, False, False, False, (0, 0, 0, 1), (0, 1, 0, 0))",216,1
CCXX,492,6856,"CCXX[C[0,0],C[0,1],X[0,0|1,0],X[1,2|2,1]]","(False, True, False, False, False, False, False, (0, 0, 0, 1), (0, 1, 0, 1))",216,1
CCXX,493,6857,"CCXX[C[0,0],C[0,1],X[0,0|1,0],X[1,2|2,2]]","(False, True, False, False, False, False, False, (0, 0, 0, 1), (0, 1, 0, 2))",216,1
CCXX,494,6885,"CCXX[C[0,0],C[0,1],X[0,0|1,1],X[0,0|0,0]]","(False, True, False, False, True, False, False, (0, 0, 0, 0), (0, 1, 1, 0))",108,2
CCXX,495,6886,"CCXX[C[0,0],C[0,1],X[0,0|1,1],X[0,0|0,1]]","(False, True, False, False, False, False, True, (0, 0, 0, 0), (0, 1, 1, 1))",108,2
CCXX,496,6887,"CCXX[C[0,0],C[0,1],X[0,0|1,1],X[0,0|0,2]]","(False, True, False, False, False, False, False, (0, 0, 0, 0), (0, 1, 1, 2))",108,2
CCXX,497,6888,"CCXX[C[0,0],C[0,1],X[0,0|1,1],X[0,0|1,0]]","(False, False, False, False, False, False, False, (0, 0, 0, 0), (0, 1, 1, 0))",108,2
CCXX,498,6889,"CCXX[C[0,0],C[0,1],X[0,0|1,1],X[0,0|1,1]]","(False, False, False, False, False, False, False, (0, 0, 0, 0), (0, 1, 1, 1))",108,2
CCXX,499,6890,"CCXX[C[0,0],C[0,1],X[0,0|1,1],X[0,0|1,2]]","(False, False, False, False, False, False, False, (0, 0, 0, 0), (0, 1, 1, 2))",108,2
CCXX,500,6891,"CCXX[C[0,0],C[0,1],X[0,0|1,1],X[0,0|2,0]]","(False, False, False, False, False, False, False, (0, 0, 0, 0), (0, 1, 1, 0))",108,2
CCXX,501,6892,"CCXX[C[0,0],C[0,1],X[0,0|1,1],X[0,0|2,1]]","(False, False, False, False, False, False, False, (0, 0, 0, 0), (0, 1, 1, 1))",108,2
CCXX,502,6893,"CCXX[C[0,0],C[0,1],X[0,0|1,1],X[0,0|2,2]]","(False, False, False, False, False, False, False, (0, 0, 0, 0), (0, 1, 1, 2))",108,2
CCXX,503,6894,"CCXX[C[0,0],C[0,1],X[0,0|1,1],X[0,1|0,0]]","(False, False, False, False, False, False, False, (0, 0, 0, 0), (0, 1, 1, 0))",108,2
CCXX,504,6895,"CCXX[C[0,0],C[0,1],X[0,0|1,1],X[0,1|0,1]]","(False, False, False, False, False, False, False, (0, 0, 0, 0), (0, 1, 1, 1))",108,2
CCXX,505,6896,"CCXX[C[0,0],C[0,1],X[0,0|1,1],X[0,1|0,2]]","(False, False, False, False, False, False, False, (0, 0, 0, 0), (0, 1, 1, 2))",108,2
CCXX,506,6897,"CCXX[C[0,0],C[0,1],X[0,0|1,1],X[0,1|1,0]]","(False, True, False, False, True, False, False, (0, 0, 0, 0), (0, 1, 1, 0))",108,2
CCXX,507,6898,"CCXX[C[0,0],C[0,1],X[0,0|1,1],X[0,1|1,1]]","(False, True, False, False, False, False, True, (0, 0, 0, 0), (0, 1, 1, 1))",108,2
CCXX,508,6899,"CCXX[C[0,0],C[0,1],X[0,0|1,1],X[0,1|1,2]]","(False, True, False, False, False, False, False, (0, 0, 0, 0), (0, 1, 1, 2))",108,2
CCXX,509,6900,"CCXX[C[0,0],C[0,1],X[0,0|1,1],X[0,1|2,0]]","(False, False, False, False, False, False, False, (0, 0, 0, 0), (0, 1, 1, 0))",108,2
CCXX,510,6901,"CCXX[C[0,0],C[0,1],X[0,0|1,1],X[0,1|2,1]]","(False, False, False, False, False, False, False, (0, 0, 0, 0), (0, 1, 1, 1))",108,2
CCXX,511,6902,"CCXX[C[0,0],C[0,1],X[0,0|1,1],X[0,1|2,2]]","(False, False, False, False, False, False, False, (0, 0, 0, 0), (0, 1, 1, 2))",108,2
CCXX,512,6903,"CCXX[C[0,0],C[0,1],X[0,0|1,1],X[0,2|0,0]]","(False, False, False, False, False, False, False, (0, 0, 0, 0), (0, 1, 1, 0))",108,2
CCXX,513,6904,"CCXX[C[0,0],C[0,1],X[0,0|1,1],X[0,2|0,1]]","(False, False, False, False, False, False, False, (0, 0, 0, 0), (0, 1, 1, 1))",108,2
CCXX,514,6905,"CCXX[C[0,0],C[0,1],X[0,0|1,1],X[0,2|0,2]]","(False, False, False, False, False, False, False, (0, 0, 0, 0), (0, 1, 1, 2))",108,2
CCXX,515,6906,"CCXX[C[0,0],C[0,1],X[0,0|1,1],X[0,2|1,0]]","(False, False, False, False, False, False, False, (0, 0, 0, 0), (0, 1, 1, 0))",108,2
CCXX,516,6907,"CCXX[C[0,0],C[0,1],X[0,0|1,1],X[0,2|1,1]]","(False, False, False, False, False, False, False, (0, 0, 0, 0), (0, 1, 1, 1))",108,2
CCXX,517,6908,"CCXX[C[0,0],C[0,1],X[0,0|1,1],X[0,2|1,2]]","(False, False, False, False, False, False, False, (0, 0, 0, 0), (0, 1, 1, 2))",108,2
CCXX,518,6909,"CCXX[C[0,0],C[0,1],X[0,0|1,1],X[0,2|2,0]]","(False, True, False, False, True, False, False, (0, 0, 0, 0), (0, 1, 1, 0))",108,2
CCXX,519,6910,"CCXX[C[0,0],C[0,1],X[0,0|1,1],X[0,2|2,1]]","(False, True, False, False, False, False, True, (0, 0, 0, 0), (0, 1, 1, 1))",108,2
CCXX,520,6911,"CCXX[C[0,0],C[0,1],X[0,0|1,1],X[0,2|2,2]]","(False, True, False, False, False, False, False, (0, 0, 0, 0), (0, 1, 1, 2))",108,2
CCXX,521,6912,"CCXX[C[0,0],C[0,1],X[0,0|1,1],X[1,0|0,0]]","(False, True, False, False, False, False, False, (0, 0, 0, 1), (0, 1, 1, 0))",216,1
CCXX,522,6913,"CCXX[C[0,0],C[0,1],X[0,0|1,1],X[1,0|0,1]]","(False, True, False, False, False, False, False, (0, 0, 0, 1), (0, 1, 1, 1))",216,1
CCXX,523,6914,"CCXX[C[0,0],C[0,1],X[0,0|1,1],X[1,0|0,2]]","(False, True, False, False, False, False, False, (0, 0, 0, 1), (0, 1, 1, 2))",216,1
CCXX,524,6915,"CCXX[C[0,0],C[0,1],X[0,0|1,1],X[1,0|1,0]]","(False, False, False, False, False, False, False, (0, 0, 0, 1), (0, 1, 1, 0))",216,1
CCXX,525,6916,"CCXX[C[0,0],C[0,1],X[0,0|1,1],X[1,0|1,1]]","(False, False, False, False, False, False, False, (0, 0, 0, 1), (0, 1, 1, 1))",216,1
CCXX,526,6917,"CCXX[C[0,0],C[0,1],X[0,0|1,1],X[1,0|1,2]]","(False, False, False, False, False, False, False, (0, 0, 0, 1), (0, 1, 1, 2))",216,1
CCXX,527,6918,"CCXX[C[0,0],C[0,1],X[0,0|1,1],X[1,0|2,0]]","(False, False, False, False, False, False, False, (0, 0, 0, 1), (0, 1, 1, 0))",216,1
CCXX,528,6919,"CCXX[C[0,0],C[0,1],X[0,0|1,1],X[1,0|2,1]]","(False, False, False, False, False, False, False, (0, 0, 0, 1), (0, 1, 1, 1))",216,1
CCXX,529,6920,"CCXX[C[0,0],C[0,1],X[0,0|1,1],X[1,0|2,2]]","(False, False, False, False, False, False, False, (0, 0, 0, 1), (0, 1, 1, 2))",216,1
CCXX,530,6921,"CCXX[C[0,0],C[0,1],X[0,0|1,1],X[1,1|0,0]]","(False, False, False, False, False, False, False, (0, 0, 0, 1), (0, 1, 1, 0))",216,1
CCXX,531,6922,"CCXX[C[0,0],C[0,1],X[0,0|1,1],X[1,1|0,1]]","(False, False, False, False, False, False, False, (0, 0, 0, 1), (0, 1, 1, 1))",216,1
CCXX,532,6923,"CCXX[C[0,0],C[0,1],X[0,0|1,1],X[1,1|0,2]]","(False, False, False, False, False, False, False, (0, 0, 0, 1), (0, 1, 1, 2))",216,1
CCXX,533,6924,"CCXX[C[0,0],C[0,1],X[0,0|1,1],X[1,1|1,0]]","(False, True, False, False, False, False, False, (0, 0, 0, 1), (0, 1, 1, 0))",216,1
CCXX,534,6925,"CCXX[C[0,0],C[0,1],X[0,0|1,1],X[1,1|1,1]]","(False, True, False, False, False, False, False, (0, 0, 0, 1), (0, 1, 1, 1))",216,1
CCXX,535,6926,"CCXX[C[0,0],C[0,1],X[0,0|1,1],X[1,1|1,2]]","(False, True, False, False, False, False, False, (0, 0, 0, 1), (0, 1, 1, 2))",216,1
CCXX,536,6927,"CCXX[C[0,0],C[0,1],X[0,0|1,1],X[1,1|2,0]]","(False, False, False, False, False, False, False, (0, 0, 0, 1), (0, 1, 1, 0))",216,1
CCXX,537,6928,"CCXX[C[0,0],C[0,1],X[0,0|1,1],X[1,1|2,1]]","(False, False, False, False, False, False, False, (0, 0, 0, 1), (0, 1, 1, 1))",216,1
CCXX,538,6929,"CCXX[C[0,0],C[0,1],X[0,0|1,1],X[1,1|2,2]]","(False, False, False, False, False, False, False, (0, 0, 0, 1), (0, 1, 1, 2))",216,1
CCXX,539,6930,"CCXX[C[0,0],C[0,1],X[0,0|1,1],X[1,2|0,0]]","(False, False, False, False, False, False, False, (0, 0, 0, 1), (0, 1, 1, 0))",216,1
CCXX,540,6931,"CCXX[C[0,0],C[0,1],X[0,0|1,1],X[1,2|0,1]]","(False, False, False, False, False, False, False, (0, 0, 0, 1), (0, 1, 1, 1))",216,1
CCXX,541,6932,"CCXX[C[0,0],C[0,1],X[0,0|1,1],X[1,2|0,2]]","(False, False, False, False, False, False, False, (0, 0, 0, 1), (0, 1, 1, 2))",216,1
CCXX,542,6933,"CCXX[C[0,0],C[0,1],X[0,0|1,1],X[1,2|1,0]]","(False, False, False, False, False, False, False, (0, 0, 0, 1), (0, 1, 1, 0))",216,1
CCXX,543,6934,"CCXX[C[0,0],C[0,1],X[0,0|1,1],X[1,2|1,1]]","(False, False, False, False, False, False, False, (0, 0, 0, 1), (0, 1, 1, 1))",216,1
CCXX,544,6935,"CCXX[C[0,0],C[0,1],X[0,0|1,1],X[1,2|1,2]]","(False, False, False, False, False, False, False, (0, 0, 0, 1), (0, 1, 1, 2))",216,1
CCXX,545,6936,"CCXX[C[0,0],C[0,1],X[0,0|1,1],X[1,2|2,0]]","(False, True, False, False, False, False, False, (0, 0, 0, 1), (0, 1, 1, 0))",216,1
CCXX,546,6937,"CCXX[C[0,0],C[0,1],X[0,0|1,1],X[1,2|2,1]]","(False, True, False, False, False, False, False, (0, 0, 0, 1), (0, 1, 1, 1))",216,1
CCXX,547,6938,"CCXX[C[0,0],C[0,1],X[0,0|1,1],X[1,2|2,2]]","(False, True, False, False, False, False, False, (0, 0, 0, 1), (0, 1, 1, 2))",216,1
CCXX,548,6966,"CCXX[C[0,0],C[0,1],X[0,0|1,2],X[0,0|0,0]]","(False, True, False, False, True, False, False, (0, 0, 0, 0), (0, 1, 2, 0))",108,2
CCXX,549,6967,"CCXX[C[0,0],C[0,1],X[0,0|1,2],X[0,0|0,1]]","(False, True, False, False, False, False, True, (0, 0, 0, 0), (0, 1, 2, 1))",108,2
CCXX,550,6968,"CCXX[C[0,0],C[0,1],X[0,0|1,2],X[0,0|0,2]]","(False, True, False, False, False, False, False, (0, 0, 0, 0), (0, 1, 2, 2))",108,2
CCXX,551,6969,"CCXX[C[0,0],C[0,1],X[0,0|1,2],X[0,0|1,0]]","(False, False, False, False, False, False, False, (0, 0, 0, 0), (0, 1, 2, 0))",108,2
CCXX,552,6970,"CCXX[C[0,0],C[0,1],X[0,0|1,2],X[0,0|1,1]]","(False, False, False, False, False, False, False, (0, 0, 0, 0), (0, 1, 2, 1))",108,2
CCXX,553,6971,"CCXX[C[0,0],C[0,1],X[0,0|1,2],X[0,0|1,2]]","(False, False, False, False, False, False, False, (0, 0, 0, 0), (0, 1, 2, 2))",108,2
CCXX,554,6972,"CCXX[C[0,0],C[0,1],X[0,0|1,2],X[0,0|2,0]]","(False, False, False, False, False, False, False, (0, 0, 0, 0), (0, 1, 2, 0))",108,2
CCXX,555,6973,"CCXX[C[0,0],C[0,1],X[0,0|1,2],X[0,0|2,1]]","(False, False, False, False, False, False, False, (0, 0, 0, 0), (0, 1, 2, 1))",108,2
CCXX,556,6974,"CCXX[C[0,0],C[0,1],X[0,0|1,2],X[0,0|2,2]]","(False, False, False, False, False, False, False, (0, 0, 0, 0), (0, 1, 2, 2))",108,2
CCXX,557,6975,"CCXX[C[0,0],C[0,1],X[0,0|1,2],X[0,1|0,0]]","(False, False, False, False, False, False, False, (0, 0, 0, 0), (0, 1, 2, 0))",108,2
CCXX,558,6976,"CCXX[C[0,0],C[0,1],X[0,0|1,2],X[0,1|0,1]]","(False, False, False, False, False, False, False, (0, 0, 0, 0), (0, 1, 2, 1))",108,2
CCXX,559,6977,"CCXX[C[0,0],C[0,1],X[0,0|1,2],X[0,1|0,2]]","(False, False, False, False, False, False, False, (0, 0, 0, 0), (0, 1, 2, 2))",108,2
CCXX,560,6978,"CCXX[C[0,0],C[0,1],X[0,0|1,2],X[0,1|1,0]]","(False, True, False, False, True, False, False, (0, 0, 0, 0), (0, 1, 2, 0))",108,2
CCXX,561,6979,"CCXX[C[0,0],C[0,1],X[0,0|1,2],X[0,1|1,1]]","(False, True, False, False, False, False, True, (0, 0, 0, 0), (0, 1, 2, 1))",108,2
CCXX,562,6980,"CCXX[C[0,0],C[0,1],X[0,0|1,2],X[0,1|1,2]]","(False, True, False, False, False, False, False, (0, 0, 0, 0), (0, 1, 2, 2))",108,2
CCXX,563,6981,"CCXX[C[0,0],C[0,1],X[0,0|1,2],X[0,1|2,0]]","(False, False, False, False, False, False, False, (0, 0, 0, 0), (0, 1, 2, 0))",108,2
CCXX,564,6982,"CCXX[C[0,0],C[0,1],X[0,0|1,2],X[0,1|2,1]]","(False, False, False, False, False, False, False, (0, 0, 0, 0), (0, 1, 2, 1))",108,2
CCXX,565,6983,"CCXX[C[0,0],C[0,1],X[0,0|1,2],X[0,1|2,2]]","(False, False, False, False, False, False, False, (0, 0, 0, 0), (0, 1, 2, 2))",108,2
CCXX,566,6984,"CCXX[C[0,0],C[0,1],X[0,0|1,2],X[0,2|0,0]]","(False, False, False, False, False, False, False, (0, 0, 0, 0), (0, 1, 2, 0))",108,2
CCXX,567,6985,"CCXX[C[0,0],C[0,1],X[0,0|1,2],X[0,2|0,1]]","(False, False, False, False, False, False, False, (0, 0, 0, 0), (0, 1, 2, 1))",108,2
CCXX,568,6986,"CCXX[C[0,0],C[0,1],X[0,0|1,2],X[0,2|0,2]]","(False, False, False, False, False, False, False, (0, 0, 0, 0), (0, 1, 2, 2))",108,2
CCXX,569,6987,"CCXX[C[0,0],C[0,1],X[0,0|1,2],X[0,2|1,0]]","(False, False, False, False, False, False, False, (0, 0, 0, 0), (0, 1, 2, 0))",108,2
CCXX,570,6988,"CCXX[C[0,0],C[0,1],X[0,0|1,2],X[0,2|1,1]]","(False, False, False, False, False, False, False, (0, 0, 0, 0), (0, 1, 2, 1))",108,2
CCXX,571,6989,"CCXX[C[0,0],C[0,1],X[0,0|1,2],X[0,2|1,2]]","(False, False, False, False, False, False, False, (0, 0, 0, 0), (0, 1, 2, 2))",108,2
CCXX,572,6990,"CCXX[C[0,0],C[0,1],X[0,0|1,2],X[0,2|2,0]]","(False, True, False, False, True, False, False, (0, 0, 0, 0), (0, 1, 2, 0))",108,2
CCXX,573,6991,"CCXX[C[0,0],C[0,1],X[0,0|1,2],X[0,2|2,1]]","(False, True, False, False, False, False, True, (0, 0, 0, 0), (0, 1, 2, 1))",108,2
CCXX,574,6992,"CCXX[C[0,0],C[0,1],X[0,0|1,2],X[0,2|2,2]]","(False, True, False, False, False, False, False, (0, 0, 0, 0), (0, 1, 2, 2))",108,2
CCXX,575,6993,"CCXX[C[0,0],C[0,1],X[0,0|1,2],X[1,0|0,0]]","(False, True, False, False, False, False, False, (0, 0, 0, 1), (0, 1, 2, 0))",216,1
CCXX,576,6994,"CCXX[C[0,0],C[0,1],X[0,0|1,2],X[1,0|0,1]]","(False, True, False, False, False, False, False, (0, 0, 0, 1), (0, 1, 2, 1))",216,1
CCXX,577,6995,"CCXX[C[0,0],C[0,1],X[0,0|1,2],X[1,0|0,2]]","(False, True, False, False, False, False, False, (0, 0, 0, 1), (0, 1, 2, 2))",216,1
CCXX,578,6996,"CCXX[C[0,0],C[0,1],X[0,0|1,2],X[1,0|1,0]]","(False, False, False, False, False, False, False, (0, 0, 0, 1), (0, 1, 2, 0))",216,1
CCXX,579,6997,"CCXX[C[0,0],C[0,1],X[0,0|1,2],X[1,0|1,1]]","(False, False, False, False, False, False, False, (0, 0, 0, 1), (0, 1, 2, 1))",216,1
CCXX,580,6998,"CCXX[C[0,0],C[0,1],X[0,0|1,2],X[1,0|1,2]]","(False, False, False, False, False, False, False, (0, 0, 0, 1), (0, 1, 2, 2))",216,1
CCXX,581,6999,"CCXX[C[0,0],C[0,1],X[0,0|1,2],X[1,0|2,0]]","(False, False, False, False, False, False, False, (0, 0, 0, 1), (0, 1, 2, 0))",216,1
CCXX,582,7000,"CCXX[C[0,0],C[0,1],X[0,0|1,2],X[1,0|2,1]]","(False, False, False, False, False, False, False, (0, 0, 0, 1), (0, 1, 2, 1))",216,1
CCXX,583,7001,"CCXX[C[0,0],C[0,1],X[0,0|1,2],X[1,0|2,2]]","(False, False, False, False, False, False, False, (0, 0, 0, 1), (0, 1, 2, 2))",216,1
CCXX,584,7002,"CCXX[C[0,0],C[0,1],X[0,0|1,2],X[1,1|0,0]]","(False, False, False, False, False, False, False, (0, 0, 0, 1), (0, 1, 2, 0))",216,1
CCXX,585,7003,"CCXX[C[0,0],C[0,1],X[0,0|1,2],X[1,1|0,1]]","(False, False, False, False, False, False, False, (0, 0, 0, 1), (0, 1, 2, 1))",216,1
CCXX,586,7004,"CCXX[C[0,0],C[0,1],X[0,0|1,2],X[1,1|0,2]]","(False, False, False, False, False, False, False, (0, 0, 0, 1), (0, 1, 2, 2))",216,1
CCXX,587,7005,"CCXX[C[0,0],C[0,1],X[0,0|1,2],X[1,1|1,0]]","(False, True, False, False, False, False, False, (0, 0, 0, 1), (0, 1, 2, 0))",216,1
CCXX,588,7006,"CCXX[C[0,0],C[0,1],X[0,0|1,2],X[1,1|1,1]]","(False, True, False, False, False, False, False, (0, 0, 0, 1), (0, 1, 2, 1))",216,1
CCXX,589,7007,"CCXX[C[0,0],C[0,1],X[0,0|1,2],X[1,1|1,2]]","(False, True, False, False, False, False, False, (0, 0, 0, 1), (0, 1, 2, 2))",216,1
CCXX,590,7008,"CCXX[C[0,0],C[0,1],X[0,0|1,2],X[1,1|2,0]]","(False, False, False, False, False, False, False, (0, 0, 0, 1), (0, 1, 2, 0))",216,1
CCXX,591,7009,"CCXX[C[0,0],C[0,1],X[0,0|1,2],X[1,1|2,1]]","(False, False, False, False, False, False, False, (0, 0, 0, 1), (0, 1, 2, 1))",216,1
CCXX,592,7010,"CCXX[C[0,0],C[0,1],X[0,0|1,2],X[1,1|2,2]]","(False, False, False, False, False, False, False, (0, 0, 0, 1), (0, 1, 2, 2))",216,1
CCXX,593,7011,"CCXX[C[0,0],C[0,1],X[0,0|1,2],X[1,2|0,0]]","(False, False, False, False, False, False, False, (0, 0, 0, 1), (0, 1, 2, 0))",216,1
CCXX,594,7012,"CCXX[C[0,0],C[0,1],X[0,0|1,2],X[1,2|0,1]]","(False, False, False, False, False, False, False, (0, 0, 0, 1), (0, 1, 2, 1))",216,1
CCXX,595,7013,"CCXX[C[0,0],C[0,1],X[0,0|1,2],X[1,2|0,2]]","(False, False, False, False, False, False, False, (0, 0, 0, 1), (0, 1, 2, 2))",216,1
CCXX,596,7014,"CCXX[C[0,0],C[0,1],X[0,0|1,2],X[1,2|1,0]]","(False, False, False, False, False, False, False, (0, 0, 0, 1), (0, 1, 2, 0))",216,1
CCXX,597,7015,"CCXX[C[0,0],C[0,1],X[0,0|1,2],X[1,2|1,1]]","(False, False, False, False, False, False, False, (0, 0, 0, 1), (0, 1, 2, 1))",216,1
CCXX,598,7016,"CCXX[C[0,0],C[0,1],X[0,0|1,2],X[1,2|1,2]]","(False, False, False, False, False, False, False, (0, 0, 0, 1), (0, 1, 2, 2))",216,1
CCXX,599,7017,"CCXX[C[0,0],C[0,1],X[0,0|1,2],X[1,2|2,0]]","(False, True, False, False, False, False, False, (0, 0, 0, 1), (0, 1, 2, 0))",216,1
CCXX,600,7018,"CCXX[C[0,0],C[0,1],X[0,0|1,2],X[1,2|2,1]]","(False, True, False, False, False, False, False, (0, 0, 0, 1), (0, 1, 2, 1))",216,1
CCXX,601,7019,"CCXX[C[0,0],C[0,1],X[0,0|1,2],X[1,2|2,2]]","(False, True, False, False, False, False, False, (0, 0, 0, 1), (0, 1, 2, 2))",216,1
CCXX,602,8748,"CCXX[C[0,0],C[0,1],X[1,0|0,0],X[0,0|0,0]]","(True, True, False, False, True, False, False, (0, 0, 1, 0), (0, 1, 0, 0))",108,2
CCXX,603,8749,"CCXX[C[0,0],C[0,1],X[1,0|0,0],X[0,0|0,1]]","(True, True, False, False, False, False, True, (0, 0, 1, 0), (0, 1, 0, 1))",108,2
CCXX,604,8750,"CCXX[C[0,0],C[0,1],X[1,0|0,0],X[0,0|0,2]]","(True, True, False, False, False, False, False, (0, 0, 1, 0), (0, 1, 0, 2))",108,2
CCXX,605,8751,"CCXX[C[0,0],C[0,1],X[1,0|0,0],X[0,0|1,0]]","(True, False, False, False, False, False, False, (0, 0, 1, 0), (0, 1, 0, 0))",216,1
CCXX,606,8752,"CCXX[C[0,0],C[0,1],X[1,0|0,0],X[0,0|1,1]]","(True, False, False, False, False, False, False, (0, 0, 1, 0), (0, 1, 0, 1))",216,1
CCXX,607,8753,"CCXX[C[0,0],C[0,1],X[1,0|0,0],X[0,0|1,2]]","(True, False, False, False, False, False, False, (0, 0, 1, 0), (0, 1, 0, 2))",216,1
CCXX,608,8757,"CCXX[C[0,0],C[0,1],X[1,0|0,0],X[0,1|0,0]]","(True, False, False, False, False, False, False, (0, 0, 1, 0), (0, 1, 0, 0))",216,1
CCXX,609,8758,"CCXX[C[0,0],C[0,1],X[1,0|0,0],X[0,1|0,1]]","(True, False, False, False, False, False, False, (0, 0, 1, 0), (0, 1, 0, 1))",216,1
CCXX,610,8759,"CCXX[C[0,0],C[0,1],X[1,0|0,0],X[0,1|0,2]]","(True, False, False, False, False, False, False, (0, 0, 1, 0), (0, 1, 0, 2))",216,1
CCXX,611,8760,"CCXX[C[0,0],C[0,1],X[1,0|0,0],X[0,1|1,0]]","(True, True, False, False, True, False, False, (0, 0, 1, 0), (0, 1, 0, 0))",216,1
CCXX,612,8761,"CCXX[C[0,0],C[0,1],X[1,0|0,0],X[0,1|1,1]]","(True, True, False, False, False, False, True, (0, 0, 1, 0), (0, 1, 0, 1))",216,1
CCXX,613,8762,"CCXX[C[0,0],C[0,1],X[1,0|0,0],X[0,1|1,2]]","(True, True, False, False, False, False, False, (0, 0, 1, 0), (0, 1, 0, 2))",216,1
CCXX,614,8763,"CCXX[C[0,0],C[0,1],X[1,0|0,0],X[0,1|2,0]]","(True, False, False, False, False, False, False, (0, 0, 1, 0), (0, 1, 0, 0))",216,1
CCXX,615,8764,"CCXX[C[0,0],C[0,1],X[1,0|0,0],X[0,1|2,1]]","(True, False, False, False, False, False, False, (0, 0, 1, 0), (0, 1, 0, 1))",216,1
CCXX,616,8765,"CCXX[C[0,0],C[0,1],X[1,0|0,0],X[0,1|2,2]]","(True, False, False, False, False, False, False, (0, 0, 1, 0), (0, 1, 0, 2))",216,1
CCXX,617,8775,"CCXX[C[0,0],C[0,1],X[1,0|0,0],X[1,0|0,0]]","(True, True, False, False, False, False, False, (0, 0, 1, 1), (0, 1, 0, 0))",108,2
CCXX,618,8776,"CCXX[C[0,0],C[0,1],X[1,0|0,0],X[1,0|0,1]]","(True, True, False, False, False, False, False, (0, 0, 1, 1), (0, 1, 0, 1))",108,2
CCXX,619,8777,"CCXX[C[0,0],C[0,1],X[1,0|0,0],X[1,0|0,2]]","(True, True, False, False, False, False, False, (0, 0, 1, 1), (0, 1, 0, 2))",108,2
CCXX,620,8778,"CCXX[C[0,0],C[0,1],X[1,0|0,0],X[1,0|1,0]]","(True, False, False, False, False, False, False, (0, 0, 1, 1), (0, 1, 0, 0))",216,1
CCXX,621,8779,"CCXX[C[0,0],C[0,1],X[1,0|0,0],X[1,0|1,1]]","(True, False, False, False, False, False, False, (0, 0, 1, 1), (0, 1, 0, 1))",216,1
CCXX,622,8780,"CCXX[C[0,0],C[0,1],X[1,0|0,0],X[1,0|1,2]]","(True, False, False, False, False, False, False, (0, 0, 1, 1), (0, 1, 0, 2))",216,1
CCXX,623,8784,"CCXX[C[0,0],C[0,1],X[1,0|0,0],X[1,1|0,0]]","(True, False, False, False, False, False, False, (0, 0, 1, 1), (0, 1, 0, 0))",216,1
CCXX,624,8785,"CCXX[C[0,0],C[0,1],X[1,0|0,0],X[1,1|0,1]]","(True, False, False, False, False, False, False, (0, 0, 1, 1), (0, 1, 0, 1))",216,1
CCXX,625,8786,"CCXX[C[0,0],C[0,1],X[1,0|0,0],X[1,1|0,2]]","(True, False, False, False, False, False, False, (0, 0, 1, 1), (0, 1, 0, 2))",216,1
CCXX,626,8787,"CCXX[C[0,0],C[0,1],X[1,0|0,0],X[1,1|1,0]]","(True, True, False, False, False, False, False, (0, 0, 1, 1), (0, 1, 0, 0))",216,1
CCXX,627,8788,"CCXX[C[0,0],C[0,1],X[1,0|0,0],X[1,1|1,1]]","(True, True, False, False, False, False, False, (0, 0, 1, 1), (0, 1, 0, 1))",216,1
CCXX,628,8789,"CCXX[C[0,0],C[0,1],X[1,0|0,0],X[1,1|1,2]]","(True, True, False, False, False, False, False, (0, 0, 1, 1), (0, 1, 0, 2))",216,1
CCXX,629,8790,"CCXX[C[0,0],C[0,1],X[1,0|0,0],X[1,1|2,0]]","(True, False, False, False, False, False, False, (0, 0, 1, 1), (0, 1, 0, 0))",216,1
CCXX,630,8791,"CCXX[C[0,0],C[0,1],X[1,0|0,0],X[1,1|2,1]]","(True, False, False, False, False, False, False, (0, 0, 1, 1), (0, 1, 0, 1))",216,1
CCXX,631,8792,"CCXX[C[0,0],C[0,1],X[1,0|0,0],X[1,1|2,2]]","(True, False, False, False, False, False, False, (0, 0, 1, 1), (0, 1, 0, 2))",216,1
CCXX,632,8802,"CCXX[C[0,0],C[0,1],X[1,0|0,0],X[2,0|0,0]]","(True, True, False, False, False, False, False, (0, 0, 1, 2), (0, 1, 0, 0))",108,2
CCXX,633,8803,"CCXX[C[0,0],C[0,1],X[1,0|0,0],X[2,0|0,1]]","(True, True, False, False, False, False, False, (0, 0, 1, 2), (0, 1, 0, 1))",108,2
CCXX,634,8804,"CCXX[C[0,0],C[0,1],X[1,0|0,0],X[2,0|0,2]]","(True, True, False, False, False, False, False, (0, 0, 1, 2), (0, 1, 0, 2))",108,2
CCXX,635,8805,"CCXX[C[0,0],C[0,1],X[1,0|0,0],X[2,0|1,0]]","(True, False, False, False, False, False, False, (0, 0, 1, 2), (0, 1, 0, 0))",216,1
CCXX,636,8806,"CCXX[C[0,0],C[0,1],X[1,0|0,0],X[2,0|1,1]]","(True, False, False, False, False, False, False, (0, 0, 1, 2), (0, 1, 0, 1))",216,1
CCXX,637,8807,"CCXX[C[0,0],C[0,1],X[1,0|0,0],X[2,0|1,2]]","(True, False, False, False, False, False, False, (0, 0, 1, 2), (0, 1, 0, 2))",216,1
CCXX,638,8811,"CCXX[C[0,0],C[0,1],X[1,0|0,0],X[2,1|0,0]]","(True, False, False, False, False, False, False, (0, 0, 1, 2), (0, 1, 0, 0))",216,1
CCXX,639,8812,"CCXX[C[0,0],C[0,1],X[1,0|0,0],X[2,1|0,1]]","(True, False, False, False, False, False, False, (0, 0, 1, 2), (0, 1, 0, 1))",216,1
CCXX,640,8813,"CCXX[C[0,0],C[0,1],X[1,0|0,0],X[2,1|0,2]]","(True, False, False, False, False, False, False, (0, 0, 1, 2), (0, 1, 0, 2))",216,1
CCXX,641,8814,"CCXX[C[0,0],C[0,1],X[1,0|0,0],X[2,1|1,0]]","(True, True, False, False, False, False, False, (0, 0, 1, 2), (0, 1, 0, 0))",216,1
CCXX,642,8815,"CCXX[C[0,0],C[0,1],X[1,0|0,0],X[2,1|1,1]]","(True, True, False, False, False, False, False, (0, 0, 1, 2), (0, 1, 0, 1))",216,1
CCXX,643,8816,"CCXX[C[0,0],C[0,1],X[1,0|0,0],X[2,1|1,2]]","(True, True, False, False, False, False, False, (0, 0, 1, 2), (0, 1, 0, 2))",216,1
CCXX,644,8817,"CCXX[C[0,0],C[0,1],X[1,0|0,0],X[2,1|2,0]]","(True, False, False, False, False, False, False, (0, 0, 1, 2), (0, 1, 0, 0))",216,1
CCXX,645,8818,"CCXX[C[0,0],C[0,1],X[1,0|0,0],X[2,1|2,1]]","(True, False, False, False, False, False, False, (0, 0, 1, 2), (0, 1, 0, 1))",216,1
CCXX,646,8819,"CCXX[C[0,0],C[0,1],X[1,0|0,0],X[2,1|2,2]]","(True, False, False, False, False, False, False, (0, 0, 1, 2), (0, 1, 0, 2))",216,1
CCXX,647,8829,"CCXX[C[0,0],C[0,1],X[1,0|0,1],X[0,0|0,0]]","(True, True, False, False, True, False, False, (0, 0, 1, 0), (0, 1, 1, 0))",108,2
CCXX,648,8830,"CCXX[C[0,0],C[0,1],X[1,0|0,1],X[0,0|0,1]]","(True, True, False, False, False, False, True, (0, 0, 1, 0), (0, 1, 1, 1))",108,2
CCXX,649,8831,"CCXX[C[0,0],C[0,1],X[1,0|0,1],X[0,0|0,2]]","(True, True, False, False, False, False, False, (0, 0, 1, 0), (0, 1, 1, 2))",108,2
CCXX,650,8832,"CCXX[C[0,0],C[0,1],X[1,0|0,1],X[0,0|1,0]]","(True, False, False, False, False, False, False, (0, 0, 1, 0), (0, 1, 1, 0))",216,1
CCXX,651,8833,"CCXX[C[0,0],C[0,1],X[1,0|0,1],X[0,0|1,1]]","(True, False, False, False, False, False, False, (0, 0, 1, 0), (0, 1, 1, 1))",216,1
CCXX,652,8834,"CCXX[C[0,0],C[0,1],X[1,0|0,1],X[0,0|1,2]]","(True, False, False, False, False, False, False, (0, 0, 1, 0), (0, 1, 1, 2))",216,1
CCXX,653,8838,"CCXX[C[0,0],C[0,1],X[1,0|0,1],X[0,1|0,0]]","(True, False, False, False, False, False, False, (0, 0, 1, 0), (0, 1, 1, 0))",216,1
CCXX,654,8839,"CCXX[C[0,0],C[0,1],X[1,0|0,1],X[0,1|0,1]]","(True, False, False, False, False, False, False, (0, 0, 1, 0), (0, 1, 1, 1))",216,1
CCXX,655,8840,"CCXX[C[0,0],C[0,1],X[1,0|0,1],X[0,1|0,2]]","(True, False, False, False, False, False, False, (0, 0, 1, 0), (0, 1, 1, 2))",216,1
CCXX,656,8841,"CCXX[C[0,0],C[0,1],X[1,0|0,1],X[0,1|1,0]]","(True, True, False, False, True, False, False, (0, 0, 1, 0), (0, 1, 1, 0))",216,1
CCXX,657,8842,"CCXX[C[0,0],C[0,1],X[1,0|0,1],X[0,1|1,1]]","(True, True, False, False, False, False, True, (0, 0, 1, 0), (0, 1, 1, 1))",216,1
CCXX,658,8843,"CCXX[C[0,0],C[0,1],X[1,0|0,1],X[0,1|1,2]]","(True, True, False, False, False, False, False, (0, 0, 1, 0), (0, 1, 1, 2))",216,1
CCXX,659,8844,"CCXX[C[0,0],C[0,1],X[1,0|0,1],X[0,1|2,0]]","(True, False, False, False, False, False, False, (0, 0, 1, 0), (0, 1, 1, 0))",216,1
CCXX,660,8845,"CCXX[C[0,0],C[0,1],X[1,0|0,1],X[0,1|2,1]]","(True, False, False, False, False, False, False, (0, 0, 1, 0), (0, 1, 1, 1))",216,1
CCXX,661,8846,"CCXX[C[0,0],C[0,1],X[1,0|0,1],X[0,1|2,2]]","(True, False, False, False, False, False, False, (0, 0, 1, 0), (0, 1, 1, 2))",216,1
CCXX,662,8856,"CCXX[C[0,0],C[0,1],X[1,0|0,1],X[1,0|0,0]]","(True, True, False, False, False, False, False, (0, 0, 1, 1), (0, 1, 1, 0))",108,2
CCXX,663,8857,"CCXX[C[0,0],C[0,1],X[1,0|0,1],X[1,0|0,1]]","(True, True, False, False, False, False, False, (0, 0, 1, 1), (0, 1, 1, 1))",108,2
CCXX,664,8858,"CCXX[C[0,0],C[0,1],X[1,0|0,1],X[1,0|0,2]]","(True, True, False, False, False, False, False, (0, 0, 1, 1), (0, 1, 1, 2))",108,2
CCXX,665,8859,"CCXX[C[0,0],C[0,1],X[1,0|0,1],X[1,0|1,0]]","(True, False, False, False, False, False, False, (0, 0, 1, 1), (0, 1, 1, 0))",216,1
CCXX,666,8860,"CCXX[C[0,0],C[0,1],X[1,0|0,1],X[1,0|1,1]]","(True, False, False, False, False, False, False, (0, 0, 1, 1), (0, 1, 1, 1))",216,1
CCXX,667,8861,"CCXX[C[0,0],C[0,1],X[1,0|0,1],X[1,0|1,2]]","(True, False, False, False, False, False, False, (0, 0, 1, 1), (0, 1, 1, 2))",216,1
CCXX,668,8865,"CCXX[C[0,0],C[0,1],X[1,0|0,1],X[1,1|0,0]]","(True, False, False, False, False, False, False, (0, 0, 1, 1), (0, 1, 1, 0))",216,1
CCXX,669,8866,"CCXX[C[0,0],C[0,1],X[1,0|0,1],X[1,1|0,1]]","(True, False, False, False, False, False, False, (0, 0, 1, 1), (0, 1, 1, 1))",216,1
CCXX,670,8867,"CCXX[C[0,0],C[0,1],X[1,0|0,1],X[1,1|0,2]]","(True, False, False, False, False, False, False, (0, 0, 1, 1), (0, 1, 1, 2))",216,1
CCXX,671,8868,"CCXX[C[0,0],C[0,1],X[1,0|0,1],X[1,1|1,0]]","(True, True, False, False, False, False, False, (0, 0, 1, 1), (0, 1, 1, 0))",216,1
CCXX,672,8869,"CCXX[C[0,0],C[0,1],X[1,0|0,1],X[1,1|1,1]]","(True, True, False, False, False, False, False, (0, 0, 1, 1), (0, 1, 1, 1))",216,1
CCXX,673,8870,"CCXX[C[0,0],C[0,1],X[1,0|0,1],X[1,1|1,2]]","(True, True, False, False, False, False, False, (0, 0, 1, 1), (0, 1, 1, 2))",216,1
CCXX,674,8871,"CCXX[C[0,0],C[0,1],X[1,0|0,1],X[1,1|2,0]]","(True, False, False, False, False, False, False, (0, 0, 1, 1), (0, 1, 1, 0))",216,1
CCXX,675,8872,"CCXX[C[0,0],C[0,1],X[1,0|0,1],X[1,1|2,1]]","(True, False, False, False, False, False, False, (0, 0, 1, 1), (0, 1, 1, 1))",216,1
CCXX,676,8873,"CCXX[C[0,0],C[0,1],X[1,0|0,1],X[1,1|2,2]]","(True, False, False, False, False, False, False, (0, 0, 1, 1), (0, 1, 1, 2))",216,1
CCXX,677,8883,"CCXX[C[0,0],C[0,1],X[1,0|0,1],X[2,0|0,0]]","(True, True, False, False, False, False, False, (0, 0, 1, 2), (0, 1, 1, 0))",108,2
CCXX,678,8884,"CCXX[C[0,0],C[0,1],X[1,0|0,1],X[2,0|0,1]]","(True, True, False, False, False, False, False, (0, 0, 1, 2), (0, 1, 1, 1))",108,2
CCXX,679,8885,"CCXX[C[0,0],C[0,1],X[1,0|0,1],X[2,0|0,2]]","(True, True, False, False, False, False, False, (0, 0, 1, 2), (0, 1, 1, 2))",108,2
CCXX,680,8886,"CCXX[C[0,0],C[0,1],X[1,0|0,1],X[2,0|1,0]]","(True, False, False, False, False, False, False, (0, 0, 1, 2), (0, 1, 1, 0))",216,1
CCXX,681,8887,"CCXX[C[0,0],C[0,1],X[1,0|0,1],X[2,0|1,1]]","(True, False, False, False, False, False, False, (0, 0, 1, 2), (0, 1, 1, 1))",216,1
CCXX,682,8888,"CCXX[C[0,0],C[0,1],X[1,0|0,1],X[2,0|1,2]]","(True, False, False, False, False, False, False, (0, 0, 1, 2), (0, 1, 1, 2))",216,1
CCXX,683,8892,"CCXX[C[0,0],C[0,1],X[1,0|0,1],X[2,1|0,0]]","(True, False, False, False, False, False, False, (0, 0, 1, 2), (0, 1, 1, 0))",216,1
CCXX,684,8893,"CCXX[C[0,0],C[0,1],X[1,0|0,1],X[2,1|0,1]]","(True, False, False, False, False, False, False, (0, 0, 1, 2), (0, 1, 1, 1))",216,1
CCXX,685,8894,"CCXX[C[0,0],C[0,1],X[1,0|0,1],X[2,1|0,2]]","(True, False, False, False, False, False, False, (0, 0, 1, 2), (0, 1, 1, 2))",216,1
CCXX,686,8895,"CCXX[C[0,0],C[0,1],X[1,0|0,1],X[2,1|1,0]]","(True, True, False, False, False, False, False, (0, 0, 1, 2), (0, 1, 1, 0))",216,1
CCXX,687,8896,"CCXX[C[0,0],C[0,1],X[1,0|0,1],X[2,1|1,1]]","(True, True, False, False, False, False, False, (0, 0, 1, 2), (0, 1, 1, 1))",216,1
CCXX,688,8897,"CCXX[C[0,0],C[0,1],X[1,0|0,1],X[2,1|1,2]]","(True, True, False, False, False, False, False, (0, 0, 1, 2), (0, 1, 1, 2))",216,1
CCXX,689,8898,"CCXX[C[0,0],C[0,1],X[1,0|0,1],X[2,1|2,0]]","(True, False, False, False, False, False, False, (0, 0, 1, 2), (0, 1, 1, 0))",216,1
CCXX,690,8899,"CCXX[C[0,0],C[0,1],X[1,0|0,1],X[2,1|2,1]]","(True, False, False, False, False, False, False, (0, 0, 1, 2), (0, 1, 1, 1))",216,1
CCXX,691,8900,"CCXX[C[0,0],C[0,1],X[1,0|0,1],X[2,1|2,2]]","(True, False, False, False, False, False, False, (0, 0, 1, 2), (0, 1, 1, 2))",216,1
CCXX,692,8910,"CCXX[C[0,0],C[0,1],X[1,0|0,2],X[0,0|0,0]]","(True, True, False, False, True, False, False, (0, 0, 1, 0), (0, 1, 2, 0))",108,2
CCXX,693,8911,"CCXX[C[0,0],C[0,1],X[1,0|0,2],X[0,0|0,1]]","(True, True, False, False, False, False, True, (0, 0, 1, 0), (0, 1, 2, 1))",108,2
CCXX,694,8912,"CCXX[C[0,0],C[0,1],X[1,0|0,2],X[0,0|0,2]]","(True, True, False, False, False, False, False, (0, 0, 1, 0), (0, 1, 2, 2))",108,2
CCXX,695,8913,"CCXX[C[0,0],C[0,1],X[1,0|0,2],X[0,0|1,0]]","(True, False, False, False, False, False, False, (0, 0, 1, 0), (0, 1, 2, 0))",216,1
CCXX,696,8914,"CCXX[C[0,0],C[0,1],X[1,0|0,2],X[0,0|1,1]]","(True, False, False, False, False, False, False, (0, 0, 1, 0), (0, 1, 2, 1))",216,1
CCXX,697,8915,"CCXX[C[0,0],C[0,1],X[1,0|0,2],X[0,0|1,2]]","(True, False, False, False, False, False, False, (0, 0, 1, 0), (0, 1, 2, 2))",216,1
CCXX,698,8919,"CCXX[C[0,0],C[0,1],X[1,0|0,2],X[0,1|0,0]]","(True, False, False, False, False, False, False, (0, 0, 1, 0), (0, 1, 2, 0))",216,1
CCXX,699,8920,"CCXX[C[0,0],C[0,1],X[1,0|0,2],X[0,1|0,1]]","(True, False, False, False, False, False, False, (0, 0, 1, 0), (0, 1, 2, 1))",216,1
CCXX,700,8921,"CCXX[C[0,0],C[0,1],X[1,0|0,2],X[0,1|0,2]]","(True, False, False, False, False, False, False, (0, 0, 1, 0), (0, 1, 2, 2))",216,1
CCXX,701,8922,"CCXX[C[0,0],C[0,1],X[1,0|0,2],X[0,1|1,0]]","(True, True, False, False, True, False, False, (0, 0, 1, 0), (0, 1, 2, 0))",216,1
CCXX,702,8923,"CCXX[C[0,0],C[0,1],X[1,0|0,2],X[0,1|1,1]]","(True, True, False, False, False, False, True, (0, 0, 1, 0), (0, 1, 2, 1))",216,1
CCXX,703,8924,"CCXX[C[0,0],C[0,1],X[1,0|0,2],X[0,1|1,2]]","(True, True, False, False, False, False, False, (0, 0, 1, 0), (0, 1, 2, 2))",216,1
CCXX,704,8925,"CCXX[C[0,0],C[0,1],X[1,0|0,2],X[0,1|2,0]]","(True, False, False, False, False, False, False, (0, 0, 1, 0), (0, 1, 2, 0))",216,1
CCXX,705,8926,"CCXX[C[0,0],C[0,1],X[1,0|0,2],X[0,1|2,1]]","(True, False, False, False, False, False, False, (0, 0, 1, 0), (0, 1, 2, 1))",216,1
CCXX,706,8927,"CCXX[C[0,0],C[0,1],X[1,0|0,2],X[0,1|2,2]]","(True, False, False, False, False, False, False, (0, 0, 1, 0), (0, 1, 2, 2))",216,1
CCXX,707,8937,"CCXX[C[0,0],C[0,1],X[1,0|0,2],X[1,0|0,0]]","(True, True, False, False, False, False, False, (0, 0, 1, 1), (0, 1, 2, 0))",108,2
CCXX,708,8938,"CCXX[C[0,0],C[0,1],X[1,0|0,2],X[1,0|0,1]]","(True, True, False, False, False, False, False, (0, 0, 1, 1), (0, 1, 2, 1))",108,2
CCXX,709,8939,"CCXX[C[0,0],C[0,1],X[1,0|0,2],X[1,0|0,2]]","(True, True, False, False, False, False, False, (0, 0, 1, 1), (0, 1, 2, 2))",108,2
CCXX,710,8940,"CCXX[C[0,0],C[0,1],X[1,0|0,2],X[1,0|1,0]]","(True, False, False, False, False, False, False, (0, 0, 1, 1), (0, 1, 2, 0))",216,1
CCXX,711,8941,"CCXX[C[0,0],C[0,1],X[1,0|0,2],X[1,0|1,1]]","(True, False, False, False, False, False, False, (0, 0, 1, 1), (0, 1, 2, 1))",216,1
CCXX,712,8942,"CCXX[C[0,0],C[0,1],X[1,0|0,2],X[1,0|1,2]]","(True, False, False, False, False, False, False, (0, 0, 1, 1), (0, 1, 2, 2))",216,1
CCXX,713,8946,"CCXX[C[0,0],C[0,1],X[1,0|0,2],X[1,1|0,0]]","(True, False, False, False, False, False, False, (0, 0, 1, 1), (0, 1, 2, 0))",216,1
CCXX,714,8947,"CCXX[C[0,0],C[0,1],X[1,0|0,2],X[1,1|0,1]]","(True, False, False, False, False, False, False, (0, 0, 1, 1), (0, 1, 2, 1))",216,1
CCXX,715,8948,"CCXX[C[0,0],C[0,1],X[1,0|0,2],X[1,1|0,2]]","(True, False, False, False, False, False, False, (0, 0, 1, 1), (0, 1, 2, 2))",216,1
CCXX,716,8949,"CCXX[C[0,0],C[0,1],X[1,0|0,2],X[1,1|1,0]]","(True, True, False, False, False, False, False, (0, 0, 1, 1), (0, 1, 2, 0))",216,1
CCXX,717,8950,"CCXX[C[0,0],C[0,1],X[1,0|0,2],X[1,1|1,1]]","(True, True, False, False, False, False, False, (0, 0, 1, 1), (0, 1, 2, 1))",216,1
CCXX,718,8951,"CCXX[C[0,0],C[0,1],X[1,0|0,2],X[1,1|1,2]]","(True, True, False, False, False, False, False, (0, 0, 1, 1), (0, 1, 2, 2))",216,1
CCXX,719,8952,"CCXX[C[0,0],C[0,1],X[1,0|0,2],X[1,1|2,0]]","(True, False, False, False, False, False, False, (0, 0, 1, 1), (0, 1, 2, 0))",216,1
CCXX,720,8953,"CCXX[C[0,0],C[0,1],X[1,0|0,2],X[1,1|2,1]]","(True, False, False, False, False, False, False, (0, 0, 1, 1), (0, 1, 2, 1))",216,1
CCXX,721,8954,"CCXX[C[0,0],C[0,1],X[1,0|0,2],X[1,1|2,2]]","(True, False, False, False, False, False, False, (0, 0, 1, 1), (0, 1, 2, 2))",216,1
CCXX,722,8964,"CCXX[C[0,0],C[0,1],X[1,0|0,2],X[2,0|0,0]]","(True, True, False, False, False, False, False, (0, 0, 1, 2), (0, 1, 2, 0))",108,2
CCXX,723,8965,"CCXX[C[0,0],C[0,1],X[1,0|0,2],X[2,0|0,1]]","(True, True, False, False, False, False, False, (0, 0, 1, 2), (0, 1, 2, 1))",108,2
CCXX,724,8966,"CCXX[C[0,0],C[0,1],X[1,0|0,2],X[2,0|0,2]]","(True, True, False, False, False, False, False, (0, 0, 1, 2), (0, 1, 2, 2))",108,2
CCXX,725,8967,"CCXX[C[0,0],C[0,1],X[1,0|0,2],X[2,0|1,0]]","(True, False, False, False, False, False, False, (0, 0, 1, 2), (0, 1, 2, 0))",216,1
CCXX,726,8968,"CCXX[C[0,0],C[0,1],X[1,0|0,2],X[2,0|1,1]]","(True, False, False, False, False, False, False, (0, 0, 1, 2), (0, 1, 2, 1))",216,1
CCXX,727,8969,"CCXX[C[0,0],C[0,1],X[1,0|0,2],X[2,0|1,2]]","(True, False, False, False, False, False, False, (0, 0, 1, 2), (0, 1, 2, 2))",216,1
CCXX,728,8973,"CCXX[C[0,0],C[0,1],X[1,0|0,2],X[2,1|0,0]]","(True, False, False, False, False, False, False, (0, 0, 1, 2), (0, 1, 2, 0))",216,1
CCXX,729,8974,"CCXX[C[0,0],C[0,1],X[1,0|0,2],X[2,1|0,1]]","(True, False, False, False, False, False, False, (0, 0, 1, 2), (0, 1, 2, 1))",216,1
CCXX,730,8975,"CCXX[C[0,0],C[0,1],X[1,0|0,2],X[2,1|0,2]]","(True, False, False, False, False, False, False, (0, 0, 1, 2), (0, 1, 2, 2))",216,1
CCXX,731,8976,"CCXX[C[0,0],C[0,1],X[1,0|0,2],X[2,1|1,0]]","(True, True, False, False, False, False, False, (0, 0, 1, 2), (0, 1, 2, 0))",216,1
CCXX,732,8977,"CCXX[C[0,0],C[0,1],X[1,0|0,2],X[2,1|1,1]]","(True, True, False, False, False, False, False, (0, 0, 1, 2), (0, 1, 2, 1))",216,1
CCXX,733,8978,"CCXX[C[0,0],C[0,1],X[1,0|0,2],X[2,1|1,2]]","(True, True, False, False, False, False, False, (0, 0, 1, 2), (0, 1, 2, 2))",216,1
CCXX,734,8979,"CCXX[C[0,0],C[0,1],X[1,0|0,2],X[2,1|2,0]]","(True, False, False, False, False, False, False, (0, 0, 1, 2), (0, 1, 2, 0))",216,1
CCXX,735,8980,"CCXX[C[0,0],C[0,1],X[1,0|0,2],X[2,1|2,1]]","(True, False, False, False, False, False, False, (0, 0, 1, 2), (0, 1, 2, 1))",216,1
CCXX,736,8981,"CCXX[C[0,0],C[0,1],X[1,0|0,2],X[2,1|2,2]]","(True, False, False, False, False, False, False, (0, 0, 1, 2), (0, 1, 2, 2))",216,1
CCXX,737,8991,"CCXX[C[0,0],C[0,1],X[1,0|1,0],X[0,0|0,0]]","(False, True, False, False, True, False, False, (0, 0, 1, 0), (0, 1, 0, 0))",216,1
CCXX,738,8992,"CCXX[C[0,0],C[0,1],X[1,0|1,0],X[0,0|0,1]]","(False, True, False, False, False, False, True, (0, 0, 1, 0), (0, 1, 0, 1))",216,1
CCXX,739,8993,"CCXX[C[0,0],C[0,1],X[1,0|1,0],X[0,0|0,2]]","(False, True, False, False, False, False, False, (0, 0, 1, 0), (0, 1, 0, 2))",216,1
CCXX,740,8994,"CCXX[C[0,0],C[0,1],X[1,0|1,0],X[0,0|1,0]]","(False, False, False, False, False, False, False, (0, 0, 1, 0), (0, 1, 0, 0))",216,1
CCXX,741,8995,"CCXX[C[0,0],C[0,1],X[1,0|1,0],X[0,0|1,1]]","(False, False, False, False, False, False, False, (0, 0, 1, 0), (0, 1, 0, 1))",216,1
CCXX,742,8996,"CCXX[C[0,0],C[0,1],X[1,0|1,0],X[0,0|1,2]]","(False, False, False, False, False, False, False, (0, 0, 1, 0), (0, 1, 0, 2))",216,1
CCXX,743,8997,"CCXX[C[0,0],C[0,1],X[1,0|1,0],X[0,0|2,0]]","(False, False, False, False, False, False, False, (0, 0, 1, 0), (0, 1, 0, 0))",216,1
CCXX,744,8998,"CCXX[C[0,0],C[0,1],X[1,0|1,0],X[0,0|2,1]]","(False, False, False, False, False, False, False, (0, 0, 1, 0), (0, 1, 0, 1))",216,1
CCXX,745,8999,"CCXX[C[0,0],C[0,1],X[1,0|1,0],X[0,0|2,2]]","(False, False, False, False, False, False, False, (0, 0, 1, 0), (0, 1, 0, 2))",216,1
CCXX,746,9000,"CCXX[C[0,0],C[0,1],X[1,0|1,0],X[0,1|0,0]]","(False, False, False, False, False, False, False, (0, 0, 1, 0), (0, 1, 0, 0))",216,1
CCXX,747,9001,"CCXX[C[0,0],C[0,1],X[1,0|1,0],X[0,1|0,1]]","(False, False, False, False, False, False, False, (0, 0, 1, 0), (0, 1, 0, 1))",216,1
CCXX,748,9002,"CCXX[C[0,0],C[0,1],X[1,0|1,0],X[0,1|0,2]]","(False, False, False, False, False, False, False, (0, 0, 1, 0), (0, 1, 0, 2))",216,1
CCXX,749,9003,"CCXX[C[0,0],C[0,1],X[1,0|1,0],X[0,1|1,0]]","(False, True, False, False, True, False, False, (0, 0, 1, 0), (0, 1, 0, 0))",216,1
CCXX,750,9004,"CCXX[C[0,0],C[0,1],X[1,0|1,0],X[0,1|1,1]]","(False, True, False, False, False, False, True, (0, 0, 1, 0), (0, 1, 0, 1))",216,1
CCXX,751,9005,"CCXX[C[0,0],C[0,1],X[1,0|1,0],X[0,1|1,2]]","(False, True, False, False, False, False, False, (0, 0, 1, 0), (0, 1, 0, 2))",216,1
CCXX,752,9006,"CCXX[C[0,0],C[0,1],X[1,0|1,0],X[0,1|2,0]]","(False, False, False, False, False, False, False, (0, 0, 1, 0), (0, 1, 0, 0))",216,1
CCXX,753,9007,"CCXX[C[0,0],C[0,1],X[1,0|1,0],X[0,1|2,1]]","(False, False, False, False, False, False, False, (0, 0, 1, 0), (0, 1, 0, 1))",216,1
CCXX,754,9008,"CCXX[C[0,0],C[0,1],X[1,0|1,0],X[0,1|2,2]]","(False, False, False, False, False, False, False, (0, 0, 1, 0), (0, 1, 0, 2))",216,1
CCXX,755,9009,"CCXX[C[0,0],C[0,1],X[1,0|1,0],X[0,2|0,0]]","(False, False, False, False, False, False, False, (0, 0, 1, 0), (0, 1, 0, 0))",216,1
CCXX,756,9010,"CCXX[C[0,0],C[0,1],X[1,0|1,0],X[0,2|0,1]]","(False, False, False, False, False, False, False, (0, 0, 1, 0), (0, 1, 0, 1))",216,1
CCXX,757,9011,"CCXX[C[0,0],C[0,1],X[1,0|1,0],X[0,2|0,2]]","(False, False, False, False, False, False, False, (0, 0, 1, 0), (0, 1, 0, 2))",216,1
CCXX,758,9012,"CCXX[C[0,0],C[0,1],X[1,0|1,0],X[0,2|1,0]]","(False, False, False, False, False, False, False, (0, 0, 1, 0), (0, 1, 0, 0))",216,1
CCXX,759,9013,"CCXX[C[0,0],C[0,1],X[1,0|1,0],X[0,2|1,1]]","(False, False, False, False, False, False, False, (0, 0, 1, 0), (0, 1, 0, 1))",216,1
CCXX,760,9014,"CCXX[C[0,0],C[0,1],X[1,0|1,0],X[0,2|1,2]]","(False, False, False, False, False, False, False, (0, 0, 1, 0), (0, 1, 0, 2))",216,1
CCXX,761,9015,"CCXX[C[0,0],C[0,1],X[1,0|1,0],X[0,2|2,0]]","(False, True, False, False, True, False, False, (0, 0, 1, 0), (0, 1, 0, 0))",216,1
CCXX,762,9016,"CCXX[C[0,0],C[0,1],X[1,0|1,0],X[0,2|2,1]]","(False, True, False, False, False, False, True, (0, 0, 1, 0), (0, 1, 0, 1))",216,1
CCXX,763,9017,"CCXX[C[0,0],C[0,1],X[1,0|1,0],X[0,2|2,2]]","(False, True, False, False, False, False, False, (0, 0, 1, 0), (0, 1, 0, 2))",216,1
CCXX,764,9018,"CCXX[C[0,0],C[0,1],X[1,0|1,0],X[1,0|0,0]]","(False, True, False, False, False, False, False, (0, 0, 1, 1), (0, 1, 0, 0))",216,1
CCXX,765,9019,"CCXX[C[0,0],C[0,1],X[1,0|1,0],X[1,0|0,1]]","(False, True, False, False, False, False, False, (0, 0, 1, 1), (0, 1, 0, 1))",216,1
CCXX,766,9020,"CCXX[C[0,0],C[0,1],X[1,0|1,0],X[1,0|0,2]]","(False, True, False, False, False, False, False, (0, 0, 1, 1), (0, 1, 0, 2))",216,1
CCXX,767,9021,"CCXX[C[0,0],C[0,1],X[1,0|1,0],X[1,0|1,0]]","(False, False, False, False, False, False, False, (0, 0, 1, 1), (0, 1, 0, 0))",216,1
CCXX,768,9022,"CCXX[C[0,0],C[0,1],X[1,0|1,0],X[1,0|1,1]]","(False, False, False, False, False, False, False, (0, 0, 1, 1), (0, 1, 0, 1))",216,1
CCXX,769,9023,"CCXX[C[0,0],C[0,1],X[1,0|1,0],X[1,0|1,2]]","(False, False, False, False, False, False, False, (0, 0, 1, 1), (0, 1, 0, 2))",216,1
CCXX,770,9024,"CCXX[C[0,0],C[0,1],X[1,0|1,0],X[1,0|2,0]]","(False, False, False, False, False, False, False, (0, 0, 1, 1), (0, 1, 0, 0))",216,1
CCXX,771,9025,"CCXX[C[0,0],C[0,1],X[1,0|1,0],X[1,0|2,1]]","(False, False, False, False, False, False, False, (0, 0, 1, 1), (0, 1, 0, 1))",216,1
CCXX,772,9026,"CCXX[C[0,0],C[0,1],X[1,0|1,0],X[1,0|2,2]]","(False, False, False, False, False, False, False, (0, 0, 1, 1), (0, 1, 0, 2))",216,1
CCXX,773,9027,"CCXX[C[0,0],C[0,1],X[1,0|1,0],X[1,1|0,0]]","(False, False, False, False, False, False, False, (0, 0, 1, 1), (0, 1, 0, 0))",216,1
CCXX,774,9028,"CCXX[C[0,0],C[0,1],X[1,0|1,0],X[1,1|0,1]]","(False, False, False, False, False, False, False, (0, 0, 1, 1), (0, 1, 0, 1))",216,1
CCXX,775,9029,"CCXX[C[0,0],C[0,1],X[1,0|1,0],X[1,1|0,2]]","(False, False, False, False, False, False, False, (0, 0, 1, 1), (0, 1, 0, 2))",216,1
CCXX,776,9030,"CCXX[C[0,0],C[0,1],X[1,0|1,0],X[1,1|1,0]]","(False, True, False, False, False, False, False, (0, 0, 1, 1), (0, 1, 0, 0))",216,1
CCXX,777,9031,"CCXX[C[0,0],C[0,1],X[1,0|1,0],X[1,1|1,1]]","(False, True, False, False, False, False, False, (0, 0, 1, 1), (0, 1, 0, 1))",216,1
CCXX,778,9032,"CCXX[C[0,0],C[0,1],X[1,0|1,0],X[1,1|1,2]]","(False, True, False, False, False, False, False, (0, 0, 1, 1), (0, 1, 0, 2))",216,1
CCXX,779,9033,"CCXX[C[0,0],C[0,1],X[1,0|1,0],X[1,1|2,0]]","(False, False, False, False, False, False, False, (0, 0, 1, 1), (0, 1, 0, 0))",216,1
CCXX,780,9034,"CCXX[C[0,0],C[0,1],X[1,0|1,0],X[1,1|2,1]]","(False, False, False, False, False, False, False, (0, 0, 1, 1), (0, 1, 0, 1))",216,1
CCXX,781,9035,"CCXX[C[0,0],C[0,1],X[1,0|1,0],X[1,1|2,2]]","(False, False, False, False, False, False, False, (0, 0, 1, 1), (0, 1, 0, 2))",216,1
CCXX,782,9036,"CCXX[C[0,0],C[0,1],X[1,0|1,0],X[1,2|0,0]]","(False, False, False, False, False, False, False, (0, 0, 1, 1), (0, 1, 0, 0))",216,1
CCXX,783,9037,"CCXX[C[0,0],C[0,1],X[1,0|1,0],X[1,2|0,1]]","(False, False, False, False, False, False, False, (0, 0, 1, 1), (0, 1, 0, 1))",216,1
CCXX,784,9038,"CCXX[C[0,0],C[0,1],X[1,0|1,0],X[1,2|0,2]]","(False, False, False, False, False, False, False, (0, 0, 1, 1), (0, 1, 0, 2))",216,1
CCXX,785,9039,"CCXX[C[0,0],C[0,1],X[1,0|1,0],X[1,2|1,0]]","(False, False, False, False, False, False, False, (0, 0, 1, 1), (0, 1, 0, 0))",216,1
CCXX,786,9040,"CCXX[C[0,0],C[0,1],X[1,0|1,0],X[1,2|1,1]]","(False, False, False, False, False, False, False, (0, 0, 1, 1), (0, 1, 0, 1))",216,1
CCXX,787,9041,"CCXX[C[0,0],C[0,1],X[1,0|1,0],X[1,2|1,2]]","(False, False, False, False, False, False, False, (0, 0, 1, 1), (0, 1, 0, 2))",216,1
CCXX,788,9042,"CCXX[C[0,0],C[0,1],X[1,0|1,0],X[1,2|2,0]]","(False, True, False, False, False, False, False, (0, 0, 1, 1), (0, 1, 0, 0))",216,1
CCXX,789,9043,"CCXX[C[0,0],C[0,1],X[1,0|1,0],X[1,2|2,1]]","(False, True, False, False, False, False, False, (0, 0, 1, 1), (0, 1, 0, 1))",216,1
CCXX,790,9044,"CCXX[C[0,0],C[0,1],X[1,0|1,0],X[1,2|2,2]]","(False, True, False, False, False, False, False, (0, 0, 1, 1), (0, 1, 0, 2))",216,1
CCXX,791,9045,"CCXX[C[0,0],C[0,1],X[1,0|1,0],X[2,0|0,0]]","(False, True, False, False, False, False, False, (0, 0, 1, 2), (0, 1, 0, 0))",216,1
CCXX,792,9046,"CCXX[C[0,0],C[0,1],X[1,0|1,0],X[2,0|0,1]]","(False, True, False, False, False, False, False, (0, 0, 1, 2), (0, 1, 0, 1))",216,1
CCXX,793,9047,"CCXX[C[0,0],C[0,1],X[1,0|1,0],X[2,0|0,2]]","(False, True, False, False, False, False, False, (0, 0, 1, 2), (0, 1, 0, 2))",216,1
CCXX,794,9048,"CCXX[C[0,0],C[0,1],X[1,0|1,0],X[2,0|1,0]]","(False, False, False, False, False, False, False, (0, 0, 1, 2), (0, 1, 0, 0))",216,1
CCXX,795,9049,"CCXX[C[0,0],C[0,1],X[1,0|1,0],X[2,0|1,1]]","(False, False, False, False, False, False, False, (0, 0, 1, 2), (0, 1, 0, 1))",216,1
CCXX,796,9050,"CCXX[C[0,0],C[0,1],X[1,0|1,0],X[2,0|1,2]]","(False, False, False, False, False, False, False, (0, 0, 1, 2), (0, 1, 0, 2))",216,1
CCXX,797,9051,"CCXX[C[0,0],C[0,1],X[1,0|1,0],X[2,0|2,0]]","(False, False, False, False, False, False, False, (0, 0, 1, 2), (0, 1, 0, 0))",216,1
CCXX,798,9052,"CCXX[C[0,0],C[0,1],X[1,0|1,0],X[2,0|2,1]]","(False, False, False, False, False, False, False, (0, 0, 1, 2), (0, 1, 0, 1))",216,1
CCXX,799,9053,"CCXX[C[0,0],C[0,1],X[1,0|1,0],X[2,0|2,2]]","(False, False, False, False, False, False, False, (0, 0, 1, 2), (0, 1, 0, 2))",216,1
CCXX,800,9054,"CCXX[C[0,0],C[0,1],X[1,0|1,0],X[2,1|0,0]]","(False, False, False, False, False, False, False, (0, 0, 1, 2), (0, 1, 0, 0))",216,1
CCXX,801,9055,"CCXX[C[0,0],C[0,1],X[1,0|1,0],X[2,1|0,1]]","(False, False, False, False, False, False, False, (0, 0, 1, 2), (0, 1, 0, 1))",216,1
CCXX,802,9056,"CCXX[C[0,0],C[0,1],X[1,0|1,0],X[2,1|0,2]]","(False, False, False, False, False, False, False, (0, 0, 1, 2), (0, 1, 0, 2))",216,1
CCXX,803,9057,"CCXX[C[0,0],C[0,1],X[1,0|1,0],X[2,1|1,0]]","(False, True, False, False, False, False, False, (0, 0, 1, 2), (0, 1, 0, 0))",216,1
CCXX,804,9058,"CCXX[C[0,0],C[0,1],X[1,0|1,0],X[2,1|1,1]]","(False, True, False, False, False, False, False, (0, 0, 1, 2), (0, 1, 0, 1))",216,1
CCXX,805,9059,"CCXX[C[0,0],C[0,1],X[1,0|1,0],X[2,1|1,2]]","(False, True, False, False, False, False, False, (0, 0, 1, 2), (0, 1, 0, 2))",216,1
CCXX,806,9060,"CCXX[C[0,0],C[0,1],X[1,0|1,0],X[2,1|2,0]]","(False, False, False, False, False, False, False, (0, 0, 1, 2), (0, 1, 0, 0))",216,1
CCXX,807,9061,"CCXX[C[0,0],C[0,1],X[1,0|1,0],X[2,1|2,1]]","(False, False, False, False, False, False, False, (0, 0, 1, 2), (0, 1, 0, 1))",216,1
CCXX,808,9062,"CCXX[C[0,0],C[0,1],X[1,0|1,0],X[2,1|2,2]]","(False, False, False, False, False, False, False, (0, 0, 1, 2), (0, 1, 0, 2))",216,1
CCXX,809,9063,"CCXX[C[0,0],C[0,1],X[1,0|1,0],X[2,2|0,0]]","(False, False, False, False, False, False, False, (0, 0, 1, 2), (0, 1, 0, 0))",216,1
CCXX,810,9064,"CCXX[C[0,0],C[0,1],X[1,0|1,0],X[2,2|0,1]]","(False, False, False, False, False, False, False, (0, 0, 1, 2), (0, 1, 0, 1))",216,1
CCXX,811,9065,"CCXX[C[0,0],C[0,1],X[1,0|1,0],X[2,2|0,2]]","(False, False, False, False, False, False, False, (0, 0, 1, 2), (0, 1, 0, 2))",216,1
CCXX,812,9066,"CCXX[C[0,0],C[0,1],X[1,0|1,0],X[2,2|1,0]]","(False, False, False, False, False, False, False, (0, 0, 1, 2), (0, 1, 0, 0))",216,1
CCXX,813,9067,"CCXX[C[0,0],C[0,1],X[1,0|1,0],X[2,2|1,1]]","(False, False, False, False, False, False, False, (0, 0, 1, 2), (0, 1, 0, 1))",216,1
CCXX,814,9068,"CCXX[C[0,0],C[0,1],X[1,0|1,0],X[2,2|1,2]]","(False, False, False, False, False, False, False, (0, 0, 1, 2), (0, 1, 0, 2))",216,1
CCXX,815,9069,"CCXX[C[0,0],C[0,1],X[1,0|1,0],X[2,2|2,0]]","(False, True, False, False, False, False, False, (0, 0, 1, 2), (0, 1, 0, 0))",216,1
CCXX,816,9070,"CCXX[C[0,0],C[0,1],X[1,0|1,0],X[2,2|2,1]]","(False, True, False, False, False, False, False, (0, 0, 1, 2), (0, 1, 0, 1))",216,1
CCXX,817,9071,"CCXX[C[0,0],C[0,1],X[1,0|1,0],X[2,2|2,2]]","(False, True, False, False, False, False, False, (0, 0, 1, 2), (0, 1, 0, 2))",216,1
CCXX,818,9072,"CCXX[C[0,0],C[0,1],X[1,0|1,1],X[0,0|0,0]]","(False, True, False, False, True, False, False, (0, 0, 1, 0), (0, 1, 1, 0))",216,1
CCXX,819,9073,"CCXX[C[0,0],C[0,1],X[1,0|1,1],X[0,0|0,1]]","(False, True, False, False, False, False, True, (0, 0, 1, 0), (0, 1, 1, 1))",216,1
CCXX,820,9074,"CCXX[C[0,0],C[0,1],X[1,0|1,1],X[0,0|0,2]]","(False, True, False, False, False, False, False, (0, 0, 1, 0), (0, 1, 1, 2))",216,1
CCXX,821,9075,"CCXX[C[0,0],C[0,1],X[1,0|1,1],X[0,0|1,0]]","(False, False, False, False, False, False, False, (0, 0, 1, 0), (0, 1, 1, 0))",216,1
CCXX,822,9076,"CCXX[C[0,0],C[0,1],X[1,0|1,1],X[0,0|1,1]]","(False, False, False, False, False, False, False, (0, 0, 1, 0), (0, 1, 1, 1))",216,1
CCXX,823,9077,"CCXX[C[0,0],C[0,1],X[1,0|1,1],X[0,0|1,2]]","(False, False, False, False, False, False, False, (0, 0, 1, 0), (0, 1, 1, 2))",216,1
CCXX,824,9078,"CCXX[C[0,0],C[0,1],X[1,0|1,1],X[0,0|2,0]]","(False, False, False, False, False, False, False, (0, 0, 1, 0), (0, 1, 1, 0))",216,1
CCXX,825,9079,"CCXX[C[0,0],C[0,1],X[1,0|1,1],X[0,0|2,1]]","(False, False, False, False, False, False, False, (0, 0, 1, 0), (0, 1, 1, 1))",216,1
CCXX,826,9080,"CCXX[C[0,0],C[0,1],X[1,0|1,1],X[0,0|2,2]]","(False, False, False, False, False, False, False, (0, 0, 1, 0), (0, 1, 1, 2))",216,1
CCXX,827,9081,"CCXX[C[0,0],C[0,1],X[1,0|1,1],X[0,1|0,0]]","(False, False, False, False, False, False, False, (0, 0, 1, 0), (0, 1, 1, 0))",216,1
CCXX,828,9082,"CCXX[C[0,0],C[0,1],X[1,0|1,1],X[0,1|0,1]]","(False, False, False, False, False, False, False, (0, 0, 1, 0), (0, 1, 1, 1))",216,1
CCXX,829,9083,"CCXX[C[0,0],C[0,1],X[1,0|1,1],X[0,1|0,2]]","(False, False, False, False, False, False, False, (0, 0, 1, 0), (0, 1, 1, 2))",216,1
CCXX,830,9084,"CCXX[C[0,0],C[0,1],X[1,0|1,1],X[0,1|1,0]]","(False, True, False, False, True, False, False, (0, 0, 1, 0), (0, 1, 1, 0))",216,1
CCXX,831,9085,"CCXX[C[0,0],C[0,1],X[1,0|1,1],X[0,1|1,1]]","(False, True, False, False, False, False, True, (0, 0, 1, 0), (0, 1, 1, 1))",216,1
CCXX,832,9086,"CCXX[C[0,0],C[0,1],X[1,0|1,1],X[0,1|1,2]]","(False, True, False, False, False, False, False, (0, 0, 1, 0), (0, 1, 1, 2))",216,1
CCXX,833,9087,"CCXX[C[0,0],C[0,1],X[1,0|1,1],X[0,1|2,0]]","(False, False, False, False, False, False, False, (0, 0, 1, 0), (0, 1, 1, 0))",216,1
CCXX,834,9088,"CCXX[C[0,0],C[0,1],X[1,0|1,1],X[0,1|2,1]]","(False, False, False, False, False, False, False, (0, 0, 1, 0), (0, 1, 1, 1))",216,1
CCXX,835,9089,"CCXX[C[0,0],C[0,1],X[1,0|1,1],X[0,1|2,2]]","(False, False, False, False, False, False, False, (0, 0, 1, 0), (0, 1, 1, 2))",216,1
CCXX,836,9090,"CCXX[C[0,0],C[0,1],X[1,0|1,1],X[0,2|0,0]]","(False, False, False, False, False, False, False, (0, 0, 1, 0), (0, 1, 1, 0))",216,1
CCXX,837,9091,"CCXX[C[0,0],C[0,1],X[1,0|1,1],X[0,2|0,1]]","(False, False, False, False, False, False, False, (0, 0, 1, 0), (0, 1, 1, 1))",216,1
CCXX,838,9092,"CCXX[C[0,0],C[0,1],X[1,0|1,1],X[0,2|0,2]]","(False, False, False, False, False, False, False, (0, 0, 1, 0), (0, 1, 1, 2))",216,1
CCXX,839,9093,"CCXX[C[0,0],C[0,1],X[1,0|1,1],X[0,2|1,0]]","(False, False, False, False, False, False, False, (0, 0, 1, 0), (0, 1, 1, 0))",216,1
CCXX,840,9094,"CCXX[C[0,0],C[0,1],X[1,0|1,1],X[0,2|1,1]]","(False, False, False, False, False, False, False, (0, 0, 1, 0), (0, 1, 1, 1))",216,1
CCXX,841,9095,"CCXX[C[0,0],C[0,1],X[1,0|1,1],X[0,2|1,2]]","(False, False, False, False, False, False, False, (0, 0, 1, 0), (0, 1, 1, 2))",216,1
CCXX,842,9096,"CCXX[C[0,0],C[0,1],X[1,0|1,1],X[0,2|2,0]]","(False, True, False, False, True, False, False, (0, 0, 1, 0), (0, 1, 1, 0))",216,1
CCXX,843,9097,"CCXX[C[0,0],C[0,1],X[1,0|1,1],X[0,2|2,1]]","(False, True, False, False, False, False, True, (0, 0, 1, 0), (0, 1, 1, 1))",216,1
CCXX,844,9098,"CCXX[C[0,0],C[0,1],X[1,0|1,1],X[0,2|2,2]]","(False, True, False, False, False, False, False, (0, 0, 1, 0), (0, 1, 1, 2))",216,1
CCXX,845,9099,"CCXX[C[0,0],C[0,1],X[1,0|1,1],X[1,0|0,0]]","(False, True, False, False, False, False, False, (0, 0, 1, 1), (0, 1, 1, 0))",216,1
CCXX,846,9100,"CCXX[C[0,0],C[0,1],X[1,0|1,1],X[1,0|0,1]]","(False, True, False, False, False, False, False, (0, 0, 1, 1), (0, 1, 1, 1))",216,1
CCXX,847,9101,"CCXX[C[0,0],C[0,1],X[1,0|1,1],X[1,0|0,2]]","(False, True, False, False, False, False, False, (0, 0, 1, 1), (0, 1, 1, 2))",216,1
CCXX,848,9102,"CCXX[C[0,0],C[0,1],X[1,0|1,1],X[1,0|1,0]]","(False, False, False, False, False, False, False, (0, 0, 1, 1), (0, 1, 1, 0))",216,1
CCXX,849,9103,"CCXX[C[0,0],C[0,1],X[1,0|1,1],X[1,0|1,1]]","(False, False, False, False, False, False, False, (0, 0, 1, 1), (0, 1, 1, 1))",216,1
CCXX,850,9104,"CCXX[C[0,0],C[0,1],X[1,0|1,1],X[1,0|1,2]]","(False, False, False, False, False, False, False, (0, 0, 1, 1), (0, 1, 1, 2))",216,1
CCXX,851,9105,"CCXX[C[0,0],C[0,1],X[1,0|1,1],X[1,0|2,0]]","(False, False, False, False, False, False, False, (0, 0, 1, 1), (0, 1, 1, 0))",216,1
CCXX,852,9106,"CCXX[C[0,0],C[0,1],X[1,0|1,1],X[1,0|2,1]]","(False, False, False, False, False, False, False, (0, 0, 1, 1), (0, 1, 1, 1))",216,1
CCXX,853,9107,"CCXX[C[0,0],C[0,1],X[1,0|1,1],X[1,0|2,2]]","(False, False, False, False, False, False, False, (0, 0, 1, 1), (0, 1, 1, 2))",216,1
CCXX,854,9108,"CCXX[C[0,0],C[0,1],X[1,0|1,1],X[1,1|0,0]]","(False, False, False, False, False, False, False, (0, 0, 1, 1), (0, 1, 1, 0))",216,1
CCXX,855,9109,"CCXX[C[0,0],C[0,1],X[1,0|1,1],X[1,1|0,1]]","(False, False, False, False, False, False, False, (0, 0, 1, 1), (0, 1, 1, 1))",216,1
CCXX,856,9110,"CCXX[C[0,0],C[0,1],X[1,0|1,1],X[1,1|0,2]]","(False, False, False, False, False, False, False, (0, 0, 1, 1), (0, 1, 1, 2))",216,1
CCXX,857,9111,"CCXX[C[0,0],C[0,1],X[1,0|1,1],X[1,1|1,0]]","(False, True, False, False, False, False, False, (0, 0, 1, 1), (0, 1, 1, 0))",216,1
CCXX,858,9112,"CCXX[C[0,0],C[0,1],X[1,0|1,1],X[1,1|1,1]]","(False, True, False, False, False, False, False, (0, 0, 1, 1), (0, 1, 1, 1))",216,1
CCXX,859,9113,"CCXX[C[0,0],C[0,1],X[1,0|1,1],X[1,1|1,2]]","(False, True, False, False, False, False, False, (0, 0, 1, 1), (0, 1, 1, 2))",216,1
CCXX,860,9114,"CCXX[C[0,0],C[0,1],X[1,0|1,1],X[1,1|2,0]]","(False, False, False, False, False, False, False, (0, 0, 1, 1), (0, 1, 1, 0))",216,1
CCXX,861,9115,"CCXX[C[0,0],C[0,1],X[1,0|1,1],X[1,1|2,1]]","(False, False, False, False, False, False, False, (0, 0, 1, 1), (0, 1, 1, 1))",216,1
CCXX,862,9116,"CCXX[C[0,0],C[0,1],X[1,0|1,1],X[1,1|2,2]]","(False, False, False, False, False, False, False, (0, 0, 1, 1), (0, 1, 1, 2))",216,1
CCXX,863,9117,"CCXX[C[0,0],C[0,1],X[1,0|1,1],X[1,2|0,0]]","(False, False, False, False, False, False, False, (0, 0, 1, 1), (0, 1, 1, 0))",216,1
CCXX,864,9118,"CCXX[C[0,0],C[0,1],X[1,0|1,1],X[1,2|0,1]]","(False, False, False, False, False, False, False, (0, 0, 1, 1), (0, 1, 1, 1))",216,1
CCXX,865,9119,"CCXX[C[0,0],C[0,1],X[1,0|1,1],X[1,2|0,2]]","(False, False, False, False, False, False, False, (0, 0, 1, 1), (0, 1, 1, 2))",216,1
CCXX,866,9120,"CCXX[C[0,0],C[0,1],X[1,0|1,1],X[1,2|1,0]]","(False, False, False, False, False, False, False, (0, 0, 1, 1), (0, 1, 1, 0))",216,1
CCXX,867,9121,"CCXX[C[0,0],C[0,1],X[1,0|1,1],X[1,2|1,1]]","(False, False, False, False, False, False, False, (0, 0, 1, 1), (0, 1, 1, 1))",216,1
CCXX,868,9122,"CCXX[C[0,0],C[0,1],X[1,0|1,1],X[1,2|1,2]]","(False, False, False, False, False, False, False, (0, 0, 1, 1), (0, 1, 1, 2))",216,1
CCXX,869,9123,"CCXX[C[0,0],C[0,1],X[1,0|1,1],X[1,2|2,0]]","(False, True, False, False, False, False, False, (0, 0, 1, 1), (0, 1, 1, 0))",216,1
CCXX,870,9124,"CCXX[C[0,0],C[0,1],X[1,0|1,1],X[1,2|2,1]]","(False, True, False, False, False, False, False, (0, 0, 1, 1), (0, 1, 1, 1))",216,1
CCXX,871,9125,"CCXX[C[0,0],C[0,1],X[1,0|1,1],X[1,2|2,2]]","(False, True, False, False, False, False, False, (0, 0, 1, 1), (0, 1, 1, 2))",216,1
CCXX,872,9126,"CCXX[C[0,0],C[0,1],X[1,0|1,1],X[2,0|0,0]]","(False, True, False, False, False, False, False, (0, 0, 1, 2), (0, 1, 1, 0))",216,1
CCXX,873,9127,"CCXX[C[0,0],C[0,1],X[1,0|1,1],X[2,0|0,1]]","(False, True, False, False, False, False, False, (0, 0, 1, 2), (0, 1, 1, 1))",216,1
CCXX,874,9128,"CCXX[C[0,0],C[0,1],X[1,0|1,1],X[2,0|0,2]]","(False, True, False, False, False, False, False, (0, 0, 1, 2), (0, 1, 1, 2))",216,1
CCXX,875,9129,"CCXX[C[0,0],C[0,1],X[1,0|1,1],X[2,0|1,0]]","(False, False, False, False, False, False, False, (0, 0, 1, 2), (0, 1, 1, 0))",216,1
CCXX,876,9130,"CCXX[C[0,0],C[0,1],X[1,0|1,1],X[2,0|1,1]]","(False, False, False, False, False, False, False, (0, 0, 1, 2), (0, 1, 1, 1))",216,1
CCXX,877,9131,"CCXX[C[0,0],C[0,1],X[1,0|1,1],X[2,0|1,2]]","(False, False, False, False, False, False, False, (0, 0, 1, 2), (0, 1, 1, 2))",216,1
CCXX,878,9132,"CCXX[C[0,0],C[0,1],X[1,0|1,1],X[2,0|2,0]]","(False, False, False, False, False, False, False, (0, 0, 1, 2), (0, 1, 1, 0))",216,1
CCXX,879,9133,"CCXX[C[0,0],C[0,1],X[1,0|1,1],X[2,0|2,1]]","(False, False, False, False, False, False, False, (0, 0, 1, 2), (0, 1, 1, 1))",216,1
CCXX,880,9134,"CCXX[C[0,0],C[0,1],X[1,0|1,1],X[2,0|2,2]]","(False, False, False, False, False, False, False, (0, 0, 1, 2), (0, 1, 1, 2))",216,1
CCXX,881,9135,"CCXX[C[0,0],C[0,1],X[1,0|1,1],X[2,1|0,0]]","(False, False, False, False, False, False, False, (0, 0, 1, 2), (0, 1, 1, 0))",216,1
CCXX,882,9136,"CCXX[C[0,0],C[0,1],X[1,0|1,1],X[2,1|0,1]]","(False, False, False, False, False, False, False, (0, 0, 1, 2), (0, 1, 1, 1))",216,1
CCXX,883,9137,"CCXX[C[0,0],C[0,1],X[1,0|1,1],X[2,1|0,2]]","(False, False, False, False, False, False, False, (0, 0, 1, 2), (0, 1, 1, 2))",216,1
CCXX,884,9138,"CCXX[C[0,0],C[0,1],X[1,0|1,1],X[2,1|1,0]]","(False, True, False, False, False, False, False, (0, 0, 1, 2), (0, 1, 1, 0))",216,1
CCXX,885,9139,"CCXX[C[0,0],C[0,1],X[1,0|1,1],X[2,1|1,1]]","(False, True, False, False, False, False, False, (0, 0, 1, 2), (0, 1, 1, 1))",216,1
CCXX,886,9140,"CCXX[C[0,0],C[0,1],X[1,0|1,1],X[2,1|1,2]]","(False, True, False, False, False, False, False, (0, 0, 1, 2), (0, 1, 1, 2))",216,1
CCXX,887,9141,"CCXX[C[0,0],C[0,1],X[1,0|1,1],X[2,1|2,0]]","(False, False, False, False, False, False, False, (0, 0, 1, 2), (0, 1, 1, 0))",216,1
CCXX,888,9142,"CCXX[C[0,0],C[0,1],X[1,0|1,1],X[2,1|2,1]]","(False, False, False, False, False, False, False, (0, 0, 1, 2), (0, 1, 1, 1))",216,1
CCXX,889,9143,"CCXX[C[0,0],C[0,1],X[1,0|1,1],X[2,1|2,2]]","(False, False, False, False, False, False, False, (0, 0, 1, 2), (0, 1, 1, 2))",216,1
CCXX,890,9144,"CCXX[C[0,0],C[0,1],X[1,0|1,1],X[2,2|0,0]]","(False, False, False, False, False, False, False, (0, 0, 1, 2), (0, 1, 1, 0))",216,1
CCXX,891,9145,"CCXX[C[0,0],C[0,1],X[1,0|1,1],X[2,2|0,1]]","(False, False, False, False, False, False, False, (0, 0, 1, 2), (0, 1, 1, 1))",216,1
CCXX,892,9146,"CCXX[C[0,0],C[0,1],X[1,0|1,1],X[2,2|0,2]]","(False, False, False, False, False, False, False, (0, 0, 1, 2), (0, 1, 1, 2))",216,1
CCXX,893,9147,"CCXX[C[0,0],C[0,1],X[1,0|1,1],X[2,2|1,0]]","(False, False, False, False, False, False, False, (0, 0, 1, 2), (0, 1, 1, 0))",216,1
CCXX,894,9148,"CCXX[C[0,0],C[0,1],X[1,0|1,1],X[2,2|1,1]]","(False, False, False, False, False, False, False, (0, 0, 1, 2), (0, 1, 1, 1))",216,1
CCXX,895,9149,"CCXX[C[0,0],C[0,1],X[1,0|1,1],X[2,2|1,2]]","(False, False, False, False, False, False, False, (0, 0, 1, 2), (0, 1, 1, 2))",216,1
CCXX,896,9150,"CCXX[C[0,0],C[0,1],X[1,0|1,1],X[2,2|2,0]]","(False, True, False, False, False, False, False, (0, 0, 1, 2), (0, 1, 1, 0))",216,1
CCXX,897,9151,"CCXX[C[0,0],C[0,1],X[1,0|1,1],X[2,2|2,1]]","(False, True, False, False, False, False, False, (0, 0, 1, 2), (0, 1, 1, 1))",216,1
CCXX,898,9152,"CCXX[C[0,0],C[0,1],X[1,0|1,1],X[2,2|2,2]]","(False, True, False, False, False, False, False, (0, 0, 1, 2), (0, 1, 1, 2))",216,1
CCXX,899,9153,"CCXX[C[0,0],C[0,1],X[1,0|1,2],X[0,0|0,0]]","(False, True, False, False, True, False, False, (0, 0, 1, 0), (0, 1, 2, 0))",216,1
CCXX,900,9154,"CCXX[C[0,0],C[0,1],X[1,0|1,2],X[0,0|0,1]]","(False, True, False, False, False, False, True, (0, 0, 1, 0), (0, 1, 2, 1))",216,1
CCXX,901,9155,"CCXX[C[0,0],C[0,1],X[1,0|1,2],X[0,0|0,2]]","(False, True, False, False, False, False, False, (0, 0, 1, 0), (0, 1, 2, 2))",216,1
CCXX,902,9156,"CCXX[C[0,0],C[0,1],X[1,0|1,2],X[0,0|1,0]]","(False, False, False, False, False, False, False, (0, 0, 1, 0), (0, 1, 2, 0))",216,1
CCXX,903,9157,"CCXX[C[0,0],C[0,1],X[1,0|1,2],X[0,0|1,1]]","(False, False, False, False, False, False, False, (0, 0, 1, 0), (0, 1, 2, 1))",216,1
CCXX,904,9158,"CCXX[C[0,0],C[0,1],X[1,0|1,2],X[0,0|1,2]]","(False, False, False, False, False, False, False, (0, 0, 1, 0), (0, 1, 2, 2))",216,1
CCXX,905,9159,"CCXX[C[0,0],C[0,1],X[1,0|1,2],X[0,0|2,0]]","(False, False, False, False, False, False, False, (0, 0, 1, 0), (0, 1, 2, 0))",216,1
CCXX,906,9160,"CCXX[C[0,0],C[0,1],X[1,0|1,2],X[0,0|2,1]]","(False, False, False, False, False, False, False, (0, 0, 1, 0), (0, 1, 2, 1))",216,1
CCXX,907,9161,"CCXX[C[0,0],C[0,1],X[1,0|1,2],X[0,0|2,2]]","(False, False, False, False, False, False, False, (0, 0, 1, 0), (0, 1, 2, 2))",216,1
CCXX,908,9162,"CCXX[C[0,0],C[0,1],X[1,0|1,2],X[0,1|0,0]]","(False, False, False, False, False, False, False, (0, 0, 1, 0), (0, 1, 2, 0))",216,1
CCXX,909,9163,"CCXX[C[0,0],C[0,1],X[1,0|1,2],X[0,1|0,1]]","(False, False, False, False, False, False, False, (0, 0, 1, 0), (0, 1, 2, 1))",216,1
CCXX,910,9164,"CCXX[C[0,0],C[0,1],X[1,0|1,2],X[0,1|0,2]]","(False, False, False, False, False, False, False, (0, 0, 1, 0), (0, 1, 2, 2))",216,1
CCXX,911,9165,"CCXX[C[0,0],C[0,1],X[1,0|1,2],X[0,1|1,0]]","(False, True, False, False, True, False, False, (0, 0, 1, 0), (0, 1, 2, 0))",216,1
CCXX,912,9166,"CCXX[C[0,0],C[0,1],X[1,0|1,2],X[0,1|1,1]]","(False, True, False, False, False, False, True, (0, 0, 1, 0), (0, 1, 2, 1))",216,1
CCXX,913,9167,"CCXX[C[0,0],C[0,1],X[1,0|1,2],X[0,1|1,2]]","(False, True, False, False, False, False, False, (0, 0, 1, 0), (0, 1, 2, 2))",216,1
CCXX,914,9168,"CCXX[C[0,0],C[0,1],X[1,0|1,2],X[0,1|2,0]]","(False, False, False, False, False, False, False, (0, 0, 1, 0), (0, 1, 2, 0))",216,1
CCXX,915,9169,"CCXX[C[0,0],C[0,1],X[1,0|1,2],X[0,1|2,1]]","(False, False, False, False, False, False, False, (0, 0, 1, 0), (0, 1, 2, 1))",216,1
CCXX,916,9170,"CCXX[C[0,0],C[0,1],X[1,0|1,2],X[0,1|2,2]]","(False, False, False, False, False, False, False, (0, 0, 1, 0), (0, 1, 2, 2))",216,1
CCXX,917,9171,"CCXX[C[0,0],C[0,1],X[1,0|1,2],X[0,2|0,0]]","(False, False, False, False, False, False, False, (0, 0, 1, 0), (0, 1, 2, 0))",216,1
CCXX,918,9172,"CCXX[C[0,0],C[0,1],X[1,0|1,2],X[0,2|0,1]]","(False, False, False, False, False, False, False, (0, 0, 1, 0), (0, 1, 2, 1))",216,1
CCXX,919,9173,"CCXX[C[0,0],C[0,1],X[1,0|1,2],X[0,2|0,2]]","(False, False, False, False, False, False, False, (0, 0, 1, 0), (0, 1, 2, 2))",216,1
CCXX,920,9174,"CCXX[C[0,0],C[0,1],X[1,0|1,2],X[0,2|1,0]]","(False, False, False, False, False, False, False, (0, 0, 1, 0), (0, 1, 2, 0))",216,1
CCXX,921,9175,"CCXX[C[0,0],C[0,1],X[1,0|1,2],X[0,2|1,1]]","(False, False, False, False, False, False, False, (0, 0, 1, 0), (0, 1, 2, 1))",216,1
CCXX,922,9176,"CCXX[C[0,0],C[0,1],X[1,0|1,2],X[0,2|1,2]]","(False, False, False, False, False, False, False, (0, 0, 1, 0), (0, 1, 2, 2))",216,1
CCXX,923,9177,"CCXX[C[0,0],C[0,1],X[1,0|1,2],X[0,2|2,0]]","(False, True, False, False, True, False, False, (0, 0, 1, 0), (0, 1, 2, 0))",216,1
CCXX,924,9178,"CCXX[C[0,0],C[0,1],X[1,0|1,2],X[0,2|2,1]]","(False, True, False, False, False, False, True, (0, 0, 1, 0), (0, 1, 2, 1))",216,1
CCXX,925,9179,"CCXX[C[0,0],C[0,1],X[1,0|1,2],X[0,2|2,2]]","(False, True, False, False, False, False, False, (0, 0, 1, 0), (0, 1, 2, 2))",216,1
CCXX,926,9180,"CCXX[C[0,0],C[0,1],X[1,0|1,2],X[1,0|0,0]]","(False, True, False, False, False, False, False, (0, 0, 1, 1), (0, 1, 2, 0))",216,1
CCXX,927,9181,"CCXX[C[0,0],C[0,1],X[1,0|1,2],X[1,0|0,1]]","(False, True, False, False, False, False, False, (0, 0, 1, 1), (0, 1, 2, 1))",216,1
CCXX,928,9182,"CCXX[C[0,0],C[0,1],X[1,0|1,2],X[1,0|0,2]]","(False, True, False, False, False, False, False, (0, 0, 1, 1), (0, 1, 2, 2))",216,1
CCXX,929,9183,"CCXX[C[0,0],C[0,1],X[1,0|1,2],X[1,0|1,0]]","(False, False, False, False, False, False, False, (0, 0, 1, 1), (0, 1, 2, 0))",216,1
CCXX,930,9184,"CCXX[C[0,0],C[0,1],X[1,0|1,2],X[1,0|1,1]]","(False, False, False, False, False, False, False, (0, 0, 1, 1), (0, 1, 2, 1))",216,1
CCXX,931,9185,"CCXX[C[0,0],C[0,1],X[1,0|1,2],X[1,0|1,2]]","(False, False, False, False, False, False, False, (0, 0, 1, 1), (0, 1, 2, 2))",216,1
CCXX,932,9186,"CCXX[C[0,0],C[0,1],X[1,0|1,2],X[1,0|2,0]]","(False, False, False, False, False, False, False, (0, 0, 1, 1), (0, 1, 2, 0))",216,1
CCXX,933,9187,"CCXX[C[0,0],C[0,1],X[1,0|1,2],X[1,0|2,1]]","(False, False, False, False, False, False, False, (0, 0, 1, 1), (0, 1, 2, 1))",216,1
CCXX,934,9188,"CCXX[C[0,0],C[0,1],X[1,0|1,2],X[1,0|2,2]]","(False, False, False, False, False, False, False, (0, 0, 1, 1), (0, 1, 2, 2))",216,1
CCXX,935,9189,"CCXX[C[0,0],C[0,1],X[1,0|1,2],X[1,1|0,0]]","(False, False, False, False, False, False, False, (0, 0, 1, 1), (0, 1, 2, 0))",216,1
CCXX,936,9190,"CCXX[C[0,0],C[0,1],X[1,0|1,2],X[1,1|0,1]]","(False, False, False, False, False, False, False, (0, 0, 1, 1), (0, 1, 2, 1))",216,1
CCXX,937,9191,"CCXX[C[0,0],C[0,1],X[1,0|1,2],X[1,1|0,2]]","(False, False, False, False, False, False, False, (0, 0, 1, 1), (0, 1, 2, 2))",216,1
CCXX,938,9192,"CCXX[C[0,0],C[0,1],X[1,0|1,2],X[1,1|1,0]]","(False, True, False, False, False, False, False, (0, 0, 1, 1), (0, 1, 2, 0))",216,1
CCXX,939,9193,"CCXX[C[0,0],C[0,1],X[1,0|1,2],X[1,1|1,1]]","(False, True, False, False, False, False, False, (0, 0, 1, 1), (0, 1, 2, 1))",216,1
CCXX,940,9194,"CCXX[C[0,0],C[0,1],X[1,0|1,2],X[1,1|1,2]]","(False, True, False, False, False, False, False, (0, 0, 1, 1), (0, 1, 2, 2))",216,1
CCXX,941,9195,"CCXX[C[0,0],C[0,1],X[1,0|1,2],X[1,1|2,0]]","(False, False, False, False, False, False, False, (0, 0, 1, 1), (0, 1, 2, 0))",216,1
CCXX,942,9196,"CCXX[C[0,0],C[0,1],X[1,0|1,2],X[1,1|2,1]]","(False, False, False, False, False, False, False, (0, 0, 1, 1), (0, 1, 2, 1))",216,1
CCXX,943,9197,"CCXX[C[0,0],C[0,1],X[1,0|1,2],X[1,1|2,2]]","(False, False, False, False, False, False, False, (0, 0, 1, 1), (0, 1, 2, 2))",216,1
CCXX,944,9198,"CCXX[C[0,0],C[0,1],X[1,0|1,2],X[1,2|0,0]]","(False, False, False, False, False, False, False, (0, 0, 1, 1), (0, 1, 2, 0))",216,1
CCXX,945,9199,"CCXX[C[0,0],C[0,1],X[1,0|1,2],X[1,2|0,1]]","(False, False, False, False, False, False, False, (0, 0, 1, 1), (0, 1, 2, 1))",216,1
CCXX,946,9200,"CCXX[C[0,0],C[0,1],X[1,0|1,2],X[1,2|0,2]]","(False, False, False, False, False, False, False, (0, 0, 1, 1), (0, 1, 2, 2))",216,1
CCXX,947,9201,"CCXX[C[0,0],C[0,1],X[1,0|1,2],X[1,2|1,0]]","(False, False, False, False, False, False, False, (0, 0, 1, 1), (0, 1, 2, 0))",216,1
CCXX,948,9202,"CCXX[C[0,0],C[0,1],X[1,0|1,2],X[1,2|1,1]]","(False, False, False, False, False, False, False, (0, 0, 1, 1), (0, 1, 2, 1))",216,1
CCXX,949,9203,"CCXX[C[0,0],C[0,1],X[1,0|1,2],X[1,2|1,2]]","(False, False, False, False, False, False, False, (0, 0, 1, 1), (0, 1, 2, 2))",216,1
CCXX,950,9204,"CCXX[C[0,0],C[0,1],X[1,0|1,2],X[1,2|2,0]]","(False, True, False, False, False, False, False, (0, 0, 1, 1), (0, 1, 2, 0))",216,1
CCXX,951,9205,"CCXX[C[0,0],C[0,1],X[1,0|1,2],X[1,2|2,1]]","(False, True, False, False, False, False, False, (0, 0, 1, 1), (0, 1, 2, 1))",216,1
CCXX,952,9206,"CCXX[C[0,0],C[0,1],X[1,0|1,2],X[1,2|2,2]]","(False, True, False, False, False, False, False, (0, 0, 1, 1), (0, 1, 2, 2))",216,1
CCXX,953,9207,"CCXX[C[0,0],C[0,1],X[1,0|1,2],X[2,0|0,0]]","(False, True, False, False, False, False, False, (0, 0, 1, 2), (0, 1, 2, 0))",216,1
CCXX,954,9208,"CCXX[C[0,0],C[0,1],X[1,0|1,2],X[2,0|0,1]]","(False, True, False, False, False, False, False, (0, 0, 1, 2), (0, 1, 2, 1))",216,1
CCXX,955,9209,"CCXX[C[0,0],C[0,1],X[1,0|1,2],X[2,0|0,2]]","(False, True, False, False, False, False, False, (0, 0, 1, 2), (0, 1, 2, 2))",216,1
CCXX,956,9210,"CCXX[C[0,0],C[0,1],X[1,0|1,2],X[2,0|1,0]]","(False, False, False, False, False, False, False, (0, 0, 1, 2), (0, 1, 2, 0))",216,1
CCXX,957,9211,"CCXX[C[0,0],C[0,1],X[1,0|1,2],X[2,0|1,1]]","(False, False, False, False, False, False, False, (0, 0, 1, 2), (0, 1, 2, 1))",216,1
CCXX,958,9212,"CCXX[C[0,0],C[0,1],X[1,0|1,2],X[2,0|1,2]]","(False, False, False, False, False, False, False, (0, 0, 1, 2), (0, 1, 2, 2))",216,1
CCXX,959,9213,"CCXX[C[0,0],C[0,1],X[1,0|1,2],X[2,0|2,0]]","(False, False, False, False, False, False, False, (0, 0, 1, 2), (0, 1, 2, 0))",216,1
CCXX,960,9214,"CCXX[C[0,0],C[0,1],X[1,0|1,2],X[2,0|2,1]]","(False, False, False, False, False, False, False, (0, 0, 1, 2), (0, 1, 2, 1))",216,1
CCXX,961,9215,"CCXX[C[0,0],C[0,1],X[1,0|1,2],X[2,0|2,2]]","(False, False, False, False, False, False, False, (0, 0, 1, 2), (0, 1, 2, 2))",216,1
CCXX,962,9216,"CCXX[C[0,0],C[0,1],X[1,0|1,2],X[2,1|0,0]]","(False, False, False, False, False, False, False, (0, 0, 1, 2), (0, 1, 2, 0))",216,1
CCXX,963,9217,"CCXX[C[0,0],C[0,1],X[1,0|1,2],X[2,1|0,1]]","(False, False, False, False, False, False, False, (0, 0, 1, 2), (0, 1, 2, 1))",216,1
CCXX,964,9218,"CCXX[C[0,0],C[0,1],X[1,0|1,2],X[2,1|0,2]]","(False, False, False, False, False, False, False, (0, 0, 1, 2), (0, 1, 2, 2))",216,1
CCXX,965,9219,"CCXX[C[0,0],C[0,1],X[1,0|1,2],X[2,1|1,0]]","(False, True, False, False, False, False, False, (0, 0, 1, 2), (0, 1, 2, 0))",216,1
CCXX,966,9220,"CCXX[C[0,0],C[0,1],X[1,0|1,2],X[2,1|1,1]]","(False, True, False, False, False, False, False, (0, 0, 1, 2), (0, 1, 2, 1))",216,1
CCXX,967,9221,"CCXX[C[0,0],C[0,1],X[1,0|1,2],X[2,1|1,2]]","(False, True, False, False, False, False, False, (0, 0, 1, 2), (0, 1, 2, 2))",216,1
CCXX,968,9222,"CCXX[C[0,0],C[0,1],X[1,0|1,2],X[2,1|2,0]]","(False, False, False, False, False, False, False, (0, 0, 1, 2), (0, 1, 2, 0))",216,1
CCXX,969,9223,"CCXX[C[0,0],C[0,1],X[1,0|1,2],X[2,1|2,1]]","(False, False, False, False, False, False, False, (0, 0, 1, 2), (0, 1, 2, 1))",216,1
CCXX,970,9224,"CCXX[C[0,0],C[0,1],X[1,0|1,2],X[2,1|2,2]]","(False, False, False, False, False, False, False, (0, 0, 1, 2), (0, 1, 2, 2))",216,1
CCXX,971,9225,"CCXX[C[0,0],C[0,1],X[1,0|1,2],X[2,2|0,0]]","(False, False, False, False, False, False, False, (0, 0, 1, 2), (0, 1, 2, 0))",216,1
CCXX,972,9226,"CCXX[C[0,0],C[0,1],X[1,0|1,2],X[2,2|0,1]]","(False, False, False, False, False, False, False, (0, 0, 1, 2), (0, 1, 2, 1))",216,1
CCXX,973,9227,"CCXX[C[0,0],C[0,1],X[1,0|1,2],X[2,2|0,2]]","(False, False, False, False, False, False, False, (0, 0, 1, 2), (0, 1, 2, 2))",216,1
CCXX,974,9228,"CCXX[C[0,0],C[0,1],X[1,0|1,2],X[2,2|1,0]]","(False, False, False, False, False, False, False, (0, 0, 1, 2), (0, 1, 2, 0))",216,1
CCXX,975,9229,"CCXX[C[0,0],C[0,1],X[1,0|1,2],X[2,2|1,1]]","(False, False, False, False, False, False, False, (0, 0, 1, 2), (0, 1, 2, 1))",216,1
CCXX,976,9230,"CCXX[C[0,0],C[0,1],X[1,0|1,2],X[2,2|1,2]]","(False, False, False, False, False, False, False, (0, 0, 1, 2), (0, 1, 2, 2))",216,1
CCXX,977,9231,"CCXX[C[0,0],C[0,1],X[1,0|1,2],X[2,2|2,0]]","(False, True, False, False, False, False, False, (0, 0, 1, 2), (0, 1, 2, 0))",216,1
CCXX,978,9232,"CCXX[C[0,0],C[0,1],X[1,0|1,2],X[2,2|2,1]]","(False, True, False, False, False, False, False, (0, 0, 1, 2), (0, 1, 2, 1))",216,1
CCXX,979,9233,"CCXX[C[0,0],C[0,1],X[1,0|1,2],X[2,2|2,2]]","(False, True, False, False, False, False, False, (0, 0, 1, 2), (0, 1, 2, 2))",216,1
CCXX,980,19683,"CCXX[C[0,0],C[1,0],X[0,0|0,0],X[0,0|0,0]]","(True, True, False, True, True, False, False, (0, 1, 0, 0), (0, 0, 0, 0))",54,4
CCXX,981,19684,"CCXX[C[0,0],C[1,0],X[0,0|0,0],X[0,0|0,1]]","(True, True, False, True, False, False, False, (0, 1, 0, 0), (0, 0, 0, 1))",108,2
CCXX,982,19686,"CCXX[C[0,0],C[1,0],X[0,0|0,0],X[0,0|1,0]]","(True, False, False, True, False, False, False, (0, 1, 0, 0), (0, 0, 0, 0))",108,2
CCXX,983,19687,"CCXX[C[0,0],C[1,0],X[0,0|0,0],X[0,0|1,1]]","(True, False, False, True, False, False, False, (0, 1, 0, 0), (0, 0, 0, 1))",216,1
CCXX,984,19692,"CCXX[C[0,0],C[1,0],X[0,0|0,0],X[0,1|0,0]]","(True, False, False, True, False, False, False, (0, 1, 0, 0), (0, 0, 0, 0))",108,2
CCXX,985,19693,"CCXX[C[0,0],C[1,0],X[0,0|0,0],X[0,1|0,1]]","(True, False, False, True, False, False, False, (0, 1, 0, 0), (0, 0, 0, 1))",216,1
CCXX,986,19695,"CCXX[C[0,0],C[1,0],X[0,0|0,0],X[0,1|1,0]]","(True, True, False, True, True, False, False, (0, 1, 0, 0), (0, 0, 0, 0))",108,2
CCXX,987,19696,"CCXX[C[0,0],C[1,0],X[0,0|0,0],X[0,1|1,1]]","(True, True, False, True, False, False, False, (0, 1, 0, 0), (0, 0, 0, 1))",216,1
CCXX,988,19698,"CCXX[C[0,0],C[1,0],X[0,0|0,0],X[0,1|2,0]]","(True, False, False, True, False, False, False, (0, 1, 0, 0), (0, 0, 0, 0))",108,2
CCXX,989,19699,"CCXX[C[0,0],C[1,0],X[0,0|0,0],X[0,1|2,1]]","(True, False, False, True, False, False, False, (0, 1, 0, 0), (0, 0, 0, 1))",216,1
CCXX,990,19710,"CCXX[C[0,0],C[1,0],X[0,0|0,0],X[1,0|0,0]]","(True, True, False, True, False, False, True, (0, 1, 0, 1), (0, 0, 0, 0))",54,4
CCXX,991,19711,"CCXX[C[0,0],C[1,0],X[0,0|0,0],X[1,0|0,1]]","(True, True, False, True, False, False, False, (0, 1, 0, 1), (0, 0, 0, 1))",108,2
CCXX,992,19713,"CCXX[C[0,0],C[1,0],X[0,0|0,0],X[1,0|1,0]]","(True, False, False, True, False, False, False, (0, 1, 0, 1), (0, 0, 0, 0))",108,2
CCXX,993,19714,"CCXX[C[0,0],C[1,0],X[0,0|0,0],X[1,0|1,1]]","(True, False, False, True, False, False, False, (0, 1, 0, 1), (0, 0, 0, 1))",216,1
CCXX,994,19719,"CCXX[C[0,0],C[1,0],X[0,0|0,0],X[1,1|0,0]]","(True, False, False, True, False, False, False, (0, 1, 0, 1), (0, 0, 0, 0))",108,2
CCXX,995,19720,"CCXX[C[0,0],C[1,0],X[0,0|0,0],X[1,1|0,1]]","(True, False, False, True, False, False, False, (0, 1, 0, 1), (0, 0, 0, 1))",216,1
CCXX,996,19722,"CCXX[C[0,0],C[1,0],X[0,0|0,0],X[1,1|1,0]]","(True, True, False, True, False, False, True, (0, 1, 0, 1), (0, 0, 0, 0))",108,2
CCXX,997,19723,"CCXX[C[0,0],C[1,0],X[0,0|0,0],X[1,1|1,1]]","(True, True, False, True, False, False, False, (0, 1, 0, 1), (0, 0, 0, 1))",216,1
CCXX,998,19725,"CCXX[C[0,0],C[1,0],X[0,0|0,0],X[1,1|2,0]]","(True, False, False, True, False, False, False, (0, 1, 0, 1), (0, 0, 0, 0))",108,2
CCXX,999,19726,"CCXX[C[0,0],C[1,0],X[0,0|0,0],X[1,1|2,1]]","(True, False, False, True, False, False, False, (0, 1, 0, 1), (0, 0, 0, 1))",216,1
CCXX,1000,19737,"CCXX[C[0,0],C[1,0],X[0,0|0,0],X[2,0|0,0]]","(True, True, False, True, False, False, False, (0, 1, 0, 2), (0, 0, 0, 0))",54,4
CCXX,1001,19738,"CCXX[C[0,0],C[1,0],X[0,0|0,0],X[2,0|0,1]]","(True, True, False, True, False, False, False, (0, 1, 0, 2), (0, 0, 0, 1))",108,2
CCXX,1002,19740,"CCXX[C[0,0],C[1,0],X[0,0|0,0],X[2,0|1,0]]","(True, False, False, True, False, False, False, (0, 1, 0, 2), (0, 0, 0, 0))",108,2
CCXX,1003,19741,"CCXX[C[0,0],C[1,0],X[0,0|0,0],X[2,0|1,1]]","(True, False, False, True, False, False, False, (0, 1, 0, 2), (0, 0, 0, 1))",216,1
CCXX,1004,19746,"CCXX[C[0,0],C[1,0],X[0,0|0,0],X[2,1|0,0]]","(True, False, False, True, False, False, False, (0, 1, 0, 2), (0, 0, 0, 0))",108,2
CCXX,1005,19747,"CCXX[C[0,0],C[1,0],X[0,0|0,0],X[2,1|0,1]]","(True, False, False, True, False, False, False, (0, 1, 0, 2), (0, 0, 0, 1))",216,1
CCXX,1006,19749,"CCXX[C[0,0],C[1,0],X[0,0|0,0],X[2,1|1,0]]","(True, True, False, True, False, False, False, (0, 1, 0, 2), (0, 0, 0, 0))",108,2
CCXX,1007,19750,"CCXX[C[0,0],C[1,0],X[0,0|0,0],X[2,1|1,1]]","(True, True, False, True, False, False, False, (0, 1, 0, 2), (0, 0, 0, 1))",216,1
CCXX,1008,19752,"CCXX[C[0,0],C[1,0],X[0,0|0,0],X[2,1|2,0]]","(True, False, False, True, False, False, False, (0, 1, 0, 2), (0, 0, 0, 0))",108,2
CCXX,1009,19753,"CCXX[C[0,0],C[1,0],X[0,0|0,0],X[2,1|2,1]]","(True, False, False, True, False, False, False, (0, 1, 0, 2), (0, 0, 0, 1))",216,1
CCXX,1010,19764,"CCXX[C[0,0],C[1,0],X[0,0|0,1],X[0,0|0,0]]","(True, True, False, False, True, False, False, (0, 1, 0, 0), (0, 0, 1, 0))",108,2
CCXX,1011,19765,"CCXX[C[0,0],C[1,0],X[0,0|0,1],X[0,0|0,1]]","(True, True, False, False, False, False, False, (0, 1, 0, 0), (0, 0, 1, 1))",108,2
CCXX,1012,19766,"CCXX[C[0,0],C[1,0],X[0,0|0,1],X[0,0|0,2]]","(True, True, False, False, False, False, False, (0, 1, 0, 0), (0, 0, 1, 2))",108,2
CCXX,1013,19767,"CCXX[C[0,0],C[1,0],X[0,0|0,1],X[0,0|1,0]]","(True, False, False, False, False, False, False, (0, 1, 0, 0), (0, 0, 1, 0))",216,1
CCXX,1014,19768,"CCXX[C[0,0],C[1,0],X[0,0|0,1],X[0,0|1,1]]","(True, False, False, False, False, False, False, (0, 1, 0, 0), (0, 0, 1, 1))",216,1
CCXX,1015,19769,"CCXX[C[0,0],C[1,0],X[0,0|0,1],X[0,0|1,2]]","(True, False, False, False, False, False, False, (0, 1, 0, 0), (0, 0, 1, 2))",216,1
CCXX,1016,19773,"CCXX[C[0,0],C[1,0],X[0,0|0,1],X[0,1|0,0]]","(True, False, False, False, False, False, False, (0, 1, 0, 0), (0, 0, 1, 0))",216,1
CCXX,1017,19774,"CCXX[C[0,0],C[1,0],X[0,0|0,1],X[0,1|0,1]]","(True, False, False, False, False, False, False, (0, 1, 0, 0), (0, 0, 1, 1))",216,1
CCXX,1018,19775,"CCXX[C[0,0],C[1,0],X[0,0|0,1],X[0,1|0,2]]","(True, False, False, False, False, False, False, (0, 1, 0, 0), (0, 0, 1, 2))",216,1
CCXX,1019,19776,"CCXX[C[0,0],C[1,0],X[0,0|0,1],X[0,1|1,0]]","(True, True, False, False, True, False, False, (0, 1, 0, 0), (0, 0, 1, 0))",216,1
CCXX,1020,19777,"CCXX[C[0,0],C[1,0],X[0,0|0,1],X[0,1|1,1]]","(True, True, False, False, False, False, False, (0, 1, 0, 0), (0, 0, 1, 1))",216,1
CCXX,1021,19778,"CCXX[C[0,0],C[1,0],X[0,0|0,1],X[0,1|1,2]]","(True, True, False, False, False, False, False, (0, 1, 0, 0), (0, 0, 1, 2))",216,1
CCXX,1022,19779,"CCXX[C[0,0],C[1,0],X[0,0|0,1],X[0,1|2,0]]","(True, False, False, False, False, False, False, (0, 1, 0, 0), (0, 0, 1, 0))",216,1
CCXX,1023,19780,"CCXX[C[0,0],C[1,0],X[0,0|0,1],X[0,1|2,1]]","(True, False, False, False, False, False, False, (0, 1, 0, 0), (0, 0, 1, 1))",216,1
CCXX,1024,19781,"CCXX[C[0,0],C[1,0],X[0,0|0,1],X[0,1|2,2]]","(True, False, False, False, False, False, False, (0, 1, 0, 0), (0, 0, 1, 2))",216,1
CCXX,1025,19791,"CCXX[C[0,0],C[1,0],X[0,0|0,1],X[1,0|0,0]]","(True, True, False, False, False, False, True, (0, 1, 0, 1), (0, 0, 1, 0))",108,2
CCXX,1026,19792,"CCXX[C[0,0],C[1,0],X[0,0|0,1],X[1,0|0,1]]","(True, True, False, False, False, False, False, (0, 1, 0, 1), (0, 0, 1, 1))",108,2
CCXX,1027,19793,"CCXX[C[0,0],C[1,0],X[0,0|0,1],X[1,0|0,2]]","(True, True, False, False, False, False, False, (0, 1, 0, 1), (0, 0, 1, 2))",108,2
CCXX,1028,19794,"CCXX[C[0,0],C[1,0],X[0,0|0,1],X[1,0|1,0]]","(True, False, False, False, False, False, False, (0, 1, 0, 1), (0, 0, 1, 0))",216,1
CCXX,1029,19795,"CCXX[C[0,0],C[1,0],X[0,0|0,1],X[1,0|1,1]]","(True, False, False, False, False, False, False, (0, 1, 0, 1), (0, 0, 1, 1))",216,1
CCXX,1030,19796,"CCXX[C[0,0],C[1,0],X[0,0|0,1],X[1,0|1,2]]","(True, False, False, False, False, False, False, (0, 1, 0, 1), (0, 0, 1, 2))",216,1
CCXX,1031,19800,"CCXX[C[0,0],C[1,0],X[0,0|0,1],X[1,1|0,0]]","(True, False, False, False, False, False, False, (0, 1, 0, 1), (0, 0, 1, 0))",216,1
CCXX,1032,19801,"CCXX[C[0,0],C[1,0],X[0,0|0,1],X[1,1|0,1]]","(True, False, False, False, False, False, False, (0, 1, 0, 1), (0, 0, 1, 1))",216,1
CCXX,1033,19802,"CCXX[C[0,0],C[1,0],X[0,0|0,1],X[1,1|0,2]]","(True, False, False, False, False, False, False, (0, 1, 0, 1), (0, 0, 1, 2))",216,1
CCXX,1034,19803,"CCXX[C[0,0],C[1,0],X[0,0|0,1],X[1,1|1,0]]","(True, True, False, False, False, False, True, (0, 1, 0, 1), (0, 0, 1, 0))",216,1
CCXX,1035,19804,"CCXX[C[0,0],C[1,0],X[0,0|0,1],X[1,1|1,1]]","(True, True, False, False, False, False, False, (0, 1, 0, 1), (0, 0, 1, 1))",216,1
CCXX,1036,19805,"CCXX[C[0,0],C[1,0],X[0,0|0,1],X[1,1|1,2]]","(True, True, False, False, False, False, False, (0, 1, 0, 1), (0, 0, 1, 2))",216,1
CCXX,1037,19806,"CCXX[C[0,0],C[1,0],X[0,0|0,1],X[1,1|2,0]]","(True, False, False, False, False, False, False, (0, 1, 0, 1), (0, 0, 1, 0))",216,1
CCXX,1038,19807,"CCXX[C[0,0],C[1,0],X[0,0|0,1],X[1,1|2,1]]","(True, False, False, False, False, False, False, (0, 1, 0, 1), (0, 0, 1, 1))",216,1
CCXX,1039,19808,"CCXX[C[0,0],C[1,0],X[0,0|0,1],X[1,1|2,2]]","(True, False, False, False, False, False, False, (0, 1, 0, 1), (0, 0, 1, 2))",216,1
CCXX,1040,19818,"CCXX[C[0,0],C[1,0],X[0,0|0,1],X[2,0|0,0]]","(True, True, False, False, False, False, False, (0, 1, 0, 2), (0, 0, 1, 0))",108,2
CCXX,1041,19819,"CCXX[C[0,0],C[1,0],X[0,0|0,1],X[2,0|0,1]]","(True, True, False, False, False, False, False, (0, 1, 0, 2), (0, 0, 1, 1))",108,2
CCXX,1042,19820,"CCXX[C[0,0],C[1,0],X[0,0|0,1],X[2,0|0,2]]","(True, True, False, False, False, False, False, (0, 1, 0, 2), (0, 0, 1, 2))",108,2
CCXX,1043,19821,"CCXX[C[0,0],C[1,0],X[0,0|0,1],X[2,0|1,0]]","(True, False, False, False, False, False, False, (0, 1, 0, 2), (0, 0, 1, 0))",216,1
CCXX,1044,19822,"CCXX[C[0,0],C[1,0],X[0,0|0,1],X[2,0|1,1]]","(True, False, False, False, False, False, False, (0, 1, 0, 2), (0, 0, 1, 1))",216,1
CCXX,1045,19823,"CCXX[C[0,0],C[1,0],X[0,0|0,1],X[2,0|1,2]]","(True, False, False, False, False, False, False, (0, 1, 0, 2), (0, 0, 1, 2))",216,1
CCXX,1046,19827,"CCXX[C[0,0],C[1,0],X[0,0|0,1],X[2,1|0,0]]","(True, False, False, False, False, False, False, (0, 1, 0, 2), (0, 0, 1, 0))",216,1
CCXX,1047,19828,"CCXX[C[0,0],C[1,0],X[0,0|0,1],X[2,1|0,1]]","(True, False, False, False, False, False, False, (0, 1, 0, 2), (0, 0, 1, 1))",216,1
CCXX,1048,19829,"CCXX[C[0,0],C[1,0],X[0,0|0,1],X[2,1|0,2]]","(True, False, False, False, False, False, False, (0, 1, 0, 2), (0, 0, 1, 2))",216,1
CCXX,1049,19830,"CCXX[C[0,0],C[1,0],X[0,0|0,1],X[2,1|1,0]]","(True, True, False, False, False, False, False, (0, 1, 0, 2), (0, 0, 1, 0))",216,1
CCXX,1050,19831,"CCXX[C[0,0],C[1,0],X[0,0|0,1],X[2,1|1,1]]","(True, True, False, False, False, False, False, (0, 1, 0, 2), (0, 0, 1, 1))",216,1
CCXX,1051,19832,"CCXX[C[0,0],C[1,0],X[0,0|0,1],X[2,1|1,2]]","(True, True, False, False, False, False, False, (0, 1, 0, 2), (0, 0, 1, 2))",216,1
CCXX,1052,19833,"CCXX[C[0,0],C[1,0],X[0,0|0,1],X[2,1|2,0]]","(True, False, False, False, False, False, False, (0, 1, 0, 2), (0, 0, 1, 0))",216,1
CCXX,1053,19834,"CCXX[C[0,0],C[1,0],X[0,0|0,1],X[2,1|2,1]]","(True, False, False, False, False, False, False, (0, 1, 0, 2), (0, 0, 1, 1))",216,1
CCXX,1054,19835,"CCXX[C[0,0],C[1,0],X[0,0|0,1],X[2,1|2,2]]","(True, False, False, False, False, False, False, (0, 1, 0, 2), (0, 0, 1, 2))",216,1
CCXX,1055,19926,"CCXX[C[0,0],C[1,0],X[0,0|1,0],X[0,0|0,0]]","(False, True, False, False, True, False, False, (0, 1, 0, 0), (0, 0, 0, 0))",108,2
CCXX,1056,19927,"CCXX[C[0,0],C[1,0],X[0,0|1,0],X[0,0|0,1]]","(False, True, False, False, False, False, False, (0, 1, 0, 0), (0, 0, 0, 1))",216,1
CCXX,1057,19929,"CCXX[C[0,0],C[1,0],X[0,0|1,0],X[0,0|1,0]]","(False, False, False, False, False, False, False, (0, 1, 0, 0), (0, 0, 0, 0))",108,2
CCXX,1058,19930,"CCXX[C[0,0],C[1,0],X[0,0|1,0],X[0,0|1,1]]","(False, False, False, False, False, False, False, (0, 1, 0, 0), (0, 0, 0, 1))",216,1
CCXX,1059,19932,"CCXX[C[0,0],C[1,0],X[0,0|1,0],X[0,0|2,0]]","(False, False, False, False, False, False, False, (0, 1, 0, 0), (0, 0, 0, 0))",108,2
CCXX,1060,19933,"CCXX[C[0,0],C[1,0],X[0,0|1,0],X[0,0|2,1]]","(False, False, False, False, False, False, False, (0, 1, 0, 0), (0, 0, 0, 1))",216,1
CCXX,1061,19935,"CCXX[C[0,0],C[1,0],X[0,0|1,0],X[0,1|0,0]]","(False, False, False, False, False, False, False, (0, 1, 0, 0), (0, 0, 0, 0))",108,2
CCXX,1062,19936,"CCXX[C[0,0],C[1,0],X[0,0|1,0],X[0,1|0,1]]","(False, False, False, False, False, False, False, (0, 1, 0, 0), (0, 0, 0, 1))",216,1
CCXX,1063,19938,"CCXX[C[0,0],C[1,0],X[0,0|1,0],X[0,1|1,0]]","(False, True, False, False, True, False, False, (0, 1, 0, 0), (0, 0, 0, 0))",108,2
CCXX,1064,19939,"CCXX[C[0,0],C[1,0],X[0,0|1,0],X[0,1|1,1]]","(False, True, False, False, False, False, False, (0, 1, 0, 0), (0, 0, 0, 1))",216,1
CCXX,1065,19941,"CCXX[C[0,0],C[1,0],X[0,0|1,0],X[0,1|2,0]]","(False, False, False, False, False, False, False, (0, 1, 0, 0), (0, 0, 0, 0))",108,2
CCXX,1066,19942,"CCXX[C[0,0],C[1,0],X[0,0|1,0],X[0,1|2,1]]","(False, False, False, False, False, False, False, (0, 1, 0, 0), (0, 0, 0, 1))",216,1
CCXX,1067,19944,"CCXX[C[0,0],C[1,0],X[0,0|1,0],X[0,2|0,0]]","(False, False, False, False, False, False, False, (0, 1, 0, 0), (0, 0, 0, 0))",108,2
CCXX,1068,19945,"CCXX[C[0,0],C[1,0],X[0,0|1,0],X[0,2|0,1]]","(False, False, False, False, False, False, False, (0, 1, 0, 0), (0, 0, 0, 1))",216,1
CCXX,1069,19947,"CCXX[C[0,0],C[1,0],X[0,0|1,0],X[0,2|1,0]]","(False, False, False, False, False, False, False, (0, 1, 0, 0), (0, 0, 0, 0))",108,2
CCXX,1070,19948,"CCXX[C[0,0],C[1,0],X[0,0|1,0],X[0,2|1,1]]","(False, False, False, False, False, False, False, (0, 1, 0, 0), (0, 0, 0, 1))",216,1
CCXX,1071,19950,"CCXX[C[0,0],C[1,0],X[0,0|1,0],X[0,2|2,0]]","(False, True, False, False, True, False, False, (0, 1, 0, 0), (0, 0, 0, 0))",108,2
CCXX,1072,19951,"CCXX[C[0,0],C[1,0],X[0,0|1,0],X[0,2|2,1]]","(False, True, False, False, False, False, False, (0, 1, 0, 0), (0, 0, 0, 1))",216,1
CCXX,1073,19953,"CCXX[C[0,0],C[1,0],X[0,0|1,0],X[1,0|0,0]]","(False, True, False, False, False, False, True, (0, 1, 0, 1), (0, 0, 0, 0))",108,2
CCXX,1074,19954,"CCXX[C[0,0],C[1,0],X[0,0|1,0],X[1,0|0,1]]","(False, True, False, False, False, False, False, (0, 1, 0, 1), (0, 0, 0, 1))",216,1
CCXX,1075,19956,"CCXX[C[0,0],C[1,0],X[0,0|1,0],X[1,0|1,0]]","(False, False, False, False, False, False, False, (0, 1, 0, 1), (0, 0, 0, 0))",108,2
CCXX,1076,19957,"CCXX[C[0,0],C[1,0],X[0,0|1,0],X[1,0|1,1]]","(False, False, False, False, False, False, False, (0, 1, 0, 1), (0, 0, 0, 1))",216,1
CCXX,1077,19959,"CCXX[C[0,0],C[1,0],X[0,0|1,0],X[1,0|2,0]]","(False, False, False, False, False, False, False, (0, 1, 0, 1), (0, 0, 0, 0))",108,2
CCXX,1078,19960,"CCXX[C[0,0],C[1,0],X[0,0|1,0],X[1,0|2,1]]","(False, False, False, False, False, False, False, (0, 1, 0, 1), (0, 0, 0, 1))",216,1
CCXX,1079,19962,"CCXX[C[0,0],C[1,0],X[0,0|1,0],X[1,1|0,0]]","(False, False, False, False, False, False, False, (0, 1, 0, 1), (0, 0, 0, 0))",108,2
CCXX,1080,19963,"CCXX[C[0,0],C[1,0],X[0,0|1,0],X[1,1|0,1]]","(False, False, False, False, False, False, False, (0, 1, 0, 1), (0, 0, 0, 1))",216,1
CCXX,1081,19965,"CCXX[C[0,0],C[1,0],X[0,0|1,0],X[1,1|1,0]]","(False, True, False, False, False, False, True, (0, 1, 0, 1), (0, 0, 0, 0))",108,2
CCXX,1082,19966,"CCXX[C[0,0],C[1,0],X[0,0|1,0],X[1,1|1,1]]","(False, True, False, False, False, False, False, (0, 1, 0, 1), (0, 0, 0, 1))",216,1
CCXX,1083,19968,"CCXX[C[0,0],C[1,0],X[0,0|1,0],X[1,1|2,0]]","(False, False, False, False, False, False, False, (0, 1, 0, 1), (0, 0, 0, 0))",108,2
CCXX,1084,19969,"CCXX[C[0,0],C[1,0],X[0,0|1,0],X[1,1|2,1]]","(False, False, False, False, False, False, False, (0, 1, 0, 1), (0, 0, 0, 1))",216,1
CCXX,1085,19971,"CCXX[C[0,0],C[1,0],X[0,0|1,0],X[1,2|0,0]]","(False, False, False, False, False, False, False, (0, 1, 0, 1), (0, 0, 0, 0))",108,2
CCXX,1086,19972,"CCXX[C[0,0],C[1,0],X[0,0|1,0],X[1,2|0,1]]","(False, False, False, False, False, False, False, (0, 1, 0, 1), (0, 0, 0, 1))",216,1
CCXX,1087,19974,"CCXX[C[0,0],C[1,0],X[0,0|1,0],X[1,2|1,0]]","(False, False, False, False, False, False, False, (0, 1, 0, 1), (0, 0, 0, 0))",108,2
CCXX,1088,19975,"CCXX[C[0,0],C[1,0],X[0,0|1,0],X[1,2|1,1]]","(False, False, False, False, False, False, False, (0, 1, 0, 1), (0, 0, 0, 1))",216,1
CCXX,1089,19977,"CCXX[C[0,0],C[1,0],X[0,0|1,0],X[1,2|2,0]]","(False, True, False, False, False, False, True, (0, 1, 0, 1), (0, 0, 0, 0))",108,2
CCXX,1090,19978,"CCXX[C[0,0],C[1,0],X[0,0|1,0],X[1,2|2,1]]","(False, True, False, False, False, False, False, (0, 1, 0, 1), (0, 0, 0, 1))",216,1
CCXX,1091,19980,"CCXX[C[0,0],C[1,0],X[0,0|1,0],X[2,0|0,0]]","(False, True, False, False, False, False, False, (0, 1, 0, 2), (0, 0, 0, 0))",108,2
CCXX,1092,19981,"CCXX[C[0,0],C[1,0],X[0,0|1,0],X[2,0|0,1]]","(False, True, False, False, False, False, False, (0, 1, 0, 2), (0, 0, 0, 1))",216,1
CCXX,1093,19983,"CCXX[C[0,0],C[1,0],X[0,0|1,0],X[2,0|1,0]]","(False, False, False, False, False, False, False, (0, 1, 0, 2), (0, 0, 0, 0))",108,2
CCXX,1094,19984,"CCXX[C[0,0],C[1,0],X[0,0|1,0],X[2,0|1,1]]","(False, False, False, False, False, False, False, (0, 1, 0, 2), (0, 0, 0, 1))",216,1
CCXX,1095,19986,"CCXX[C[0,0],C[1,0],X[0,0|1,0],X[2,0|2,0]]","(False, False, False, False, False, False, False, (0, 1, 0, 2), (0, 0, 0, 0))",108,2
CCXX,1096,19987,"CCXX[C[0,0],C[1,0],X[0,0|1,0],X[2,0|2,1]]","(False, False, False, False, False, False, False, (0, 1, 0, 2), (0, 0, 0, 1))",216,1
CCXX,1097,19989,"CCXX[C[0,0],C[1,0],X[0,0|1,0],X[2,1|0,0]]","(False, False, False, False, False, False, False, (0, 1, 0, 2), (0, 0, 0, 0))",108,2
CCXX,1098,19990,"CCXX[C[0,0],C[1,0],X[0,0|1,0],X[2,1|0,1]]","(False, False, False, False, False, False, False, (0, 1, 0, 2), (0, 0, 0, 1))",216,1
CCXX,1099,19992,"CCXX[C[0,0],C[1,0],X[0,0|1,0],X[2,1|1,0]]","(False, True, False, False, False, False, False, (0, 1, 0, 2), (0, 0, 0, 0))",108,2
CCXX,1100,19993,"CCXX[C[0,0],C[1,0],X[0,0|1,0],X[2,1|1,1]]","(False, True, False, False, False, False, False, (0, 1, 0, 2), (0, 0, 0, 1))",216,1
CCXX,1101,19995,"CCXX[C[0,0],C[1,0],X[0,0|1,0],X[2,1|2,0]]","(False, False, False, False, False, False, False, (0, 1, 0, 2), (0, 0, 0, 0))",108,2
CCXX,1102,19996,"CCXX[C[0,0],C[1,0],X[0,0|1,0],X[2,1|2,1]]","(False, False, False, False, False, False, False, (0, 1, 0, 2), (0, 0, 0, 1))",216,1
CCXX,1103,19998,"CCXX[C[0,0],C[1,0],X[0,0|1,0],X[2,2|0,0]]","(False, False, False, False, False, False, False, (0, 1, 0, 2), (0, 0, 0, 0))",108,2
CCXX,1104,19999,"CCXX[C[0,0],C[1,0],X[0,0|1,0],X[2,2|0,1]]","(False, False, False, False, False, False, False, (0, 1, 0, 2), (0, 0, 0, 1))",216,1
CCXX,1105,20001,"CCXX[C[0,0],C[1,0],X[0,0|1,0],X[2,2|1,0]]","(False, False, False, False, False, False, False, (0, 1, 0, 2), (0, 0, 0, 0))",108,2
CCXX,1106,20002,"CCXX[C[0,0],C[1,0],X[0,0|1,0],X[2,2|1,1]]","(False, False, False, False, False, False, False, (0, 1, 0, 2), (0, 0, 0, 1))",216,1
CCXX,1107,20004,"CCXX[C[0,0],C[1,0],X[0,0|1,0],X[2,2|2,0]]","(False, True, False, False, False, False, False, (0, 1, 0, 2), (0, 0, 0, 0))",108,2
CCXX,1108,20005,"CCXX[C[0,0],C[1,0],X[0,0|1,0],X[2,2|2,1]]","(False, True, False, False, False, False, False, (0, 1, 0, 2), (0, 0, 0, 1))",216,1
CCXX,1109,20007,"CCXX[C[0,0],C[1,0],X[0,0|1,1],X[0,0|0,0]]","(False, True, False, False, True, False, False, (0, 1, 0, 0), (0, 0, 1, 0))",216,1
CCXX,1110,20008,"CCXX[C[0,0],C[1,0],X[0,0|1,1],X[0,0|0,1]]","(False, True, False, False, False, False, False, (0, 1, 0, 0), (0, 0, 1, 1))",216,1
CCXX,1111,20009,"CCXX[C[0,0],C[1,0],X[0,0|1,1],X[0,0|0,2]]","(False, True, False, False, False, False, False, (0, 1, 0, 0), (0, 0, 1, 2))",216,1
CCXX,1112,20010,"CCXX[C[0,0],C[1,0],X[0,0|1,1],X[0,0|1,0]]","(False, False, False, False, False, False, False, (0, 1, 0, 0), (0, 0, 1, 0))",216,1
CCXX,1113,20011,"CCXX[C[0,0],C[1,0],X[0,0|1,1],X[0,0|1,1]]","(False, False, False, False, False, False, False, (0, 1, 0, 0), (0, 0, 1, 1))",216,1
CCXX,1114,20012,"CCXX[C[0,0],C[1,0],X[0,0|1,1],X[0,0|1,2]]","(False, False, False, False, False, False, False, (0, 1, 0, 0), (0, 0, 1, 2))",216,1
CCXX,1115,20013,"CCXX[C[0,0],C[1,0],X[0,0|1,1],X[0,0|2,0]]","(False, False, False, False, False, False, False, (0, 1, 0, 0), (0, 0, 1, 0))",216,1
CCXX,1116,20014,"CCXX[C[0,0],C[1,0],X[0,0|1,1],X[0,0|2,1]]","(False, False, False, False, False, False, False, (0, 1, 0, 0), (0, 0, 1, 1))",216,1
CCXX,1117,20015,"CCXX[C[0,0],C[1,0],X[0,0|1,1],X[0,0|2,2]]","(False, False, False, False, False, False, False, (0, 1, 0, 0), (0, 0, 1, 2))",216,1
CCXX,1118,20016,"CCXX[C[0,0],C[1,0],X[0,0|1,1],X[0,1|0,0]]","(False, False, False, False, False, False, False, (0, 1, 0, 0), (0, 0, 1, 0))",216,1
CCXX,1119,20017,"CCXX[C[0,0],C[1,0],X[0,0|1,1],X[0,1|0,1]]","(False, False, False, False, False, False, False, (0, 1, 0, 0), (0, 0, 1, 1))",216,1
CCXX,1120,20018,"CCXX[C[0,0],C[1,0],X[0,0|1,1],X[0,1|0,2]]","(False, False, False, False, False, False, False, (0, 1, 0, 0), (0, 0, 1, 2))",216,1
CCXX,1121,20019,"CCXX[C[0,0],C[1,0],X[0,0|1,1],X[0,1|1,0]]","(False, True, False, False, True, False, False, (0, 1, 0, 0), (0, 0, 1, 0))",216,1
CCXX,1122,20020,"CCXX[C[0,0],C[1,0],X[0,0|1,1],X[0,1|1,1]]","(False, True, False, False, False, False, False, (0, 1, 0, 0), (0, 0, 1, 1))",216,1
CCXX,1123,20021,"CCXX[C[0,0],C[1,0],X[0,0|1,1],X[0,1|1,2]]","(False, True, False, False, False, False, False, (0, 1, 0, 0), (0, 0, 1, 2))",216,1
CCXX,1124,20022,"CCXX[C[0,0],C[1,0],X[0,0|1,1],X[0,1|2,0]]","(False, False, False, False, False, False, False, (0, 1, 0, 0), (0, 0, 1, 0))",216,1
CCXX,1125,20023,"CCXX[C[0,0],C[1,0],X[0,0|1,1],X[0,1|2,1]]","(False, False, False, False, False, False, False, (0, 1, 0, 0), (0, 0, 1, 1))",216,1
CCXX,1126,20024,"CCXX[C[0,0],C[1,0],X[0,0|1,1],X[0,1|2,2]]","(False, False, False, False, False, False, False, (0, 1, 0, 0), (0, 0, 1, 2))",216,1
CCXX,1127,20025,"CCXX[C[0,0],C[1,0],X[0,0|1,1],X[0,2|0,0]]","(False, False, False, False, False, False, False, (0, 1, 0, 0), (0, 0, 1, 0))",216,1
CCXX,1128,20026,"CCXX[C[0,0],C[1,0],X[0,0|1,1],X[0,2|0,1]]","(False, False, False, False, False, False, False, (0, 1, 0, 0), (0, 0, 1, 1))",216,1
CCXX,1129,20027,"CCXX[C[0,0],C[1,0],X[0,0|1,1],X[0,2|0,2]]","(False, False, False, False, False, False, False, (0, 1, 0, 0), (0, 0, 1, 2))",216,1
CCXX,1130,20028,"CCXX[C[0,0],C[1,0],X[0,0|1,1],X[0,2|1,0]]","(False, False, False, False, False, False, False, (0, 1, 0, 0), (0, 0, 1, 0))",216,1
CCXX,1131,20029,"CCXX[C[0,0],C[1,0],X[0,0|1,1],X[0,2|1,1]]","(False, False, False, False, False, False, False, (0, 1, 0, 0), (0, 0, 1, 1))",216,1
CCXX,1132,20030,"CCXX[C[0,0],C[1,0],X[0,0|1,1],X[0,2|1,2]]","(False, False, False, False, False, False, False, (0, 1, 0, 0), (0, 0, 1, 2))",216,1
CCXX,1133,20031,"CCXX[C[0,0],C[1,0],X[0,0|1,1],X[0,2|2,0]]","(False, True, False, False, True, False, False, (0, 1, 0, 0), (0, 0, 1, 0))",216,1
CCXX,1134,20032,"CCXX[C[0,0],C[1,0],X[0,0|1,1],X[0,2|2,1]]","(False, True, False, False, False, False, False, (0, 1, 0, 0), (0, 0, 1, 1))",216,1
CCXX,1135,20033,"CCXX[C[0,0],C[1,0],X[0,0|1,1],X[0,2|2,2]]","(False, True, False, False, False, False, False, (0, 1, 0, 0), (0, 0, 1, 2))",216,1
CCXX,1136,20034,"CCXX[C[0,0],C[1,0],X[0,0|1,1],X[1,0|0,0]]","(False, True, False, False, False, False, True, (0, 1, 0, 1), (0, 0, 1, 0))",216,1
CCXX,1137,20035,"CCXX[C[0,0],C[1,0],X[0,0|1,1],X[1,0|0,1]]","(False, True, False, False, False, False, False, (0, 1, 0, 1), (0, 0, 1, 1))",216,1
CCXX,1138,20036,"CCXX[C[0,0],C[1,0],X[0,0|1,1],X[1,0|0,2]]","(False, True, False, False, False, False, False, (0, 1, 0, 1), (0, 0, 1, 2))",216,1
CCXX,1139,20037,"CCXX[C[0,0],C[1,0],X[0,0|1,1],X[1,0|1,0]]","(False, False, False, False, False, False, False, (0, 1, 0, 1), (0, 0, 1, 0))",216,1
CCXX,1140,20038,"CCXX[C[0,0],C[1,0],X[0,0|1,1],X[1,0|1,1]]","(False, False, False, False, False, False, False, (0, 1, 0, 1), (0, 0, 1, 1))",216,1
CCXX,1141,20039,"CCXX[C[0,0],C[1,0],X[0,0|1,1],X[1,0|1,2]]","(False, False, False, False, False, False, False, (0, 1, 0, 1), (0, 0, 1, 2))",216,1
CCXX,1142,20040,"CCXX[C[0,0],C[1,0],X[0,0|1,1],X[1,0|2,0]]","(False, False, False, False, False, False, False, (0, 1, 0, 1), (0, 0, 1, 0))",216,1
CCXX,1143,20041,"CCXX[C[0,0],C[1,0],X[0,0|1,1],X[1,0|2,1]]","(False, False, False, False, False, False, False, (0, 1, 0, 1), (0, 0, 1, 1))",216,1
CCXX,1144,20042,"CCXX[C[0,0],C[1,0],X[0,0|1,1],X[1,0|2,2]]","(False, False, False, False, False, False, False, (0, 1, 0, 1), (0, 0, 1, 2))",216,1
CCXX,1145,20043,"CCXX[C[0,0],C[1,0],X[0,0|1,1],X[1,1|0,0]]","(False, False, False, False, False, False, False, (0, 1, 0, 1), (0, 0, 1, 0))",216,1
CCXX,1146,20044,"CCXX[C[0,0],C[1,0],X[0,0|1,1],X[1,1|0,1]]","(False, False, False, False, False, False, False, (0, 1, 0, 1), (0, 0, 1, 1))",216,1
CCXX,1147,20045,"CCXX[C[0,0],C[1,0],X[0,0|1,1],X[1,1|0,2]]","(False, False, False, False, False, False, False, (0, 1, 0, 1), (0, 0, 1, 2))",216,1
CCXX,1148,20046,"CCXX[C[0,0],C[1,0],X[0,0|1,1],X[1,1|1,0]]","(False, True, False, False, False, False, True, (0, 1, 0, 1), (0, 0, 1, 0))",216,1
CCXX,1149,20047,"CCXX[C[0,0],C[1,0],X[0,0|1,1],X[1,1|1,1]]","(False, True, False, False, False, False, False, (0, 1, 0, 1), (0, 0, 1, 1))",216,1
CCXX,1150,20048,"CCXX[C[0,0],C[1,0],X[0,0|1,1],X[1,1|1,2]]","(False, True, False, False, False, False, False, (0, 1, 0, 1), (0, 0, 1, 2))",216,1
CCXX,1151,20049,"CCXX[C[0,0],C[1,0],X[0,0|1,1],X[1,1|2,0]]","(False, False, False, False, False, False, False, (0, 1, 0, 1), (0, 0, 1, 0))",216,1
CCXX,1152,20050,"CCXX[C[0,0],C[1,0],X[0,0|1,1],X[1,1|2,1]]","(False, False, False, False, False, False, False, (0, 1, 0, 1), (0, 0, 1, 1))",216,1
CCXX,1153,20051,"CCXX[C[0,0],C[1,0],X[0,0|1,1],X[1,1|2,2]]","(False, False, False, False, False, False, False, (0, 1, 0, 1), (0, 0, 1, 2))",216,1
CCXX,1154,20052,"CCXX[C[0,0],C[1,0],X[0,0|1,1],X[1,2|0,0]]","(False, False, False, False, False, False, False, (0, 1, 0, 1), (0, 0, 1, 0))",216,1
CCXX,1155,20053,"CCXX[C[0,0],C[1,0],X[0,0|1,1],X[1,2|0,1]]","(False, False, False, False, False, False, False, (0, 1, 0, 1), (0, 0, 1, 1))",216,1
CCXX,1156,20054,"CCXX[C[0,0],C[1,0],X[0,0|1,1],X[1,2|0,2]]","(False, False, False, False, False, False, False, (0, 1, 0, 1), (0, 0, 1, 2))",216,1
CCXX,1157,20055,"CCXX[C[0,0],C[1,0],X[0,0|1,1],X[1,2|1,0]]","(False, False, False, False, False, False, False, (0, 1, 0, 1), (0, 0, 1, 0))",216,1
CCXX,1158,20056,"CCXX[C[0,0],C[1,0],X[0,0|1,1],X[1,2|1,1]]","(False, False, False, False, False, False, False, (0, 1, 0, 1), (0, 0, 1, 1))",216,1
CCXX,1159,20057,"CCXX[C[0,0],C[1,0],X[0,0|1,1],X[1,2|1,2]]","(False, False, False, False, False, False, False, (0, 1, 0, 1), (0, 0, 1, 2))",216,1
CCXX,1160,20058,"CCXX[C[0,0],C[1,0],X[0,0|1,1],X[1,2|2,0]]","(False, True, False, False, False, False, True, (0, 1, 0, 1), (0, 0, 1, 0))",216,1
CCXX,1161,20059,"CCXX[C[0,0],C[1,0],X[0,0|1,1],X[1,2|2,1]]","(False, True, False, False, False, False, False, (0, 1, 0, 1), (0, 0, 1, 1))",216,1
CCXX,1162,20060,"CCXX[C[0,0],C[1,0],X[0,0|1,1],X[1,2|2,2]]","(False, True, False, False, False, False, False, (0, 1, 0, 1), (0, 0, 1, 2))",216,1
CCXX,1163,20061,"CCXX[C[0,0],C[1,0],X[0,0|1,1],X[2,0|0,0]]","(False, True, False, False, False, False, False, (0, 1, 0, 2), (0, 0, 1, 0))",216,1
CCXX,1164,20062,"CCXX[C[0,0],C[1,0],X[0,0|1,1],X[2,0|0,1]]","(False, True, False, False, False, False, False, (0, 1, 0, 2), (0, 0, 1, 1))",216,1
CCXX,1165,20063,"CCXX[C[0,0],C[1,0],X[0,0|1,1],X[2,0|0,2]]","(False, True, False, False, False, False, False, (0, 1, 0, 2), (0, 0, 1, 2))",216,1
CCXX,1166,20064,"CCXX[C[0,0],C[1,0],X[0,0|1,1],X[2,0|1,0]]","(False, False, False, False, False, False, False, (0, 1, 0, 2), (0, 0, 1, 0))",216,1
CCXX,1167,20065,"CCXX[C[0,0],C[1,0],X[0,0|1,1],X[2,0|1,1]]","(False, False, False, False, False, False, False, (0, 1, 0, 2), (0, 0, 1, 1))",216,1
CCXX,1168,20066,"CCXX[C[0,0],C[1,0],X[0,0|1,1],X[2,0|1,2]]","(False, False, False, False, False, False, False, (0, 1, 0, 2), (0, 0, 1, 2))",216,1
CCXX,1169,20067,"CCXX[C[0,0],C[1,0],X[0,0|1,1],X[2,0|2,0]]","(False, False, False, False, False, False, False, (0, 1, 0, 2), (0, 0, 1, 0))",216,1
CCXX,1170,20068,"CCXX[C[0,0],C[1,0],X[0,0|1,1],X[2,0|2,1]]","(False, False, False, False, False, False, False, (0, 1, 0, 2), (0, 0, 1, 1))",216,1
CCXX,1171,20069,"CCXX[C[0,0],C[1,0],X[0,0|1,1],X[2,0|2,2]]","(False, False, False, False, False, False, False, (0, 1, 0, 2), (0, 0, 1, 2))",216,1
CCXX,1172,20070,"CCXX[C[0,0],C[1,0],X[0,0|1,1],X[2,1|0,0]]","(False, False, False, False, False, False, False, (0, 1, 0, 2), (0, 0, 1, 0))",216,1
CCXX,1173,20071,"CCXX[C[0,0],C[1,0],X[0,0|1,1],X[2,1|0,1]]","(False, False, False, False, False, False, False, (0, 1, 0, 2), (0, 0, 1, 1))",216,1
CCXX,1174,20072,"CCXX[C[0,0],C[1,0],X[0,0|1,1],X[2,1|0,2]]","(False, False, False, False, False, False, False, (0, 1, 0, 2), (0, 0, 1, 2))",216,1
CCXX,1175,20073,"CCXX[C[0,0],C[1,0],X[0,0|1,1],X[2,1|1,0]]","(False, True, False, False, False, False, False, (0, 1, 0, 2), (0, 0, 1, 0))",216,1
CCXX,1176,20074,"CCXX[C[0,0],C[1,0],X[0,0|1,1],X[2,1|1,1]]","(False, True, False, False, False, False, False, (0, 1, 0, 2), (0, 0, 1, 1))",216,1
CCXX,1177,20075,"CCXX[C[0,0],C[1,0],X[0,0|1,1],X[2,1|1,2]]","(False, True, False, False, False, False, False, (0, 1, 0, 2), (0, 0, 1, 2))",216,1
CCXX,1178,20076,"CCXX[C[0,0],C[1,0],X[0,0|1,1],X[2,1|2,0]]","(False, False, False, False, False, False, False, (0, 1, 0, 2), (0, 0, 1, 0))",216,1
CCXX,1179,20077,"CCXX[C[0,0],C[1,0],X[0,0|1,1],X[2,1|2,1]]","(False, False, False, False, False, False, False, (0, 1, 0, 2), (0, 0, 1, 1))",216,1
CCXX,1180,20078,"CCXX[C[0,0],C[1,0],X[0,0|1,1],X[2,1|2,2]]","(False, False, False, False, False, False, False, (0, 1, 0, 2), (0, 0, 1, 2))",216,1
CCXX,1181,20079,"CCXX[C[0,0],C[1,0],X[0,0|1,1],X[2,2|0,0]]","(False, False, False, False, False, False, False, (0, 1, 0, 2), (0, 0, 1, 0))",216,1
CCXX,1182,20080,"CCXX[C[0,0],C[1,0],X[0,0|1,1],X[2,2|0,1]]","(False, False, False, False, False, False, False, (0, 1, 0, 2), (0, 0, 1, 1))",216,1
CCXX,1183,20081,"CCXX[C[0,0],C[1,0],X[0,0|1,1],X[2,2|0,2]]","(False, False, False, False, False, False, False, (0, 1, 0, 2), (0, 0, 1, 2))",216,1
CCXX,1184,20082,"CCXX[C[0,0],C[1,0],X[0,0|1,1],X[2,2|1,0]]","(False, False, False, False, False, False, False, (0, 1, 0, 2), (0, 0, 1, 0))",216,1
CCXX,1185,20083,"CCXX[C[0,0],C[1,0],X[0,0|1,1],X[2,2|1,1]]","(False, False, False, False, False, False, False, (0, 1, 0, 2), (0, 0, 1, 1))",216,1
CCXX,1186,20084,"CCXX[C[0,0],C[1,0],X[0,0|1,1],X[2,2|1,2]]","(False, False, False, False, False, False, False, (0, 1, 0, 2), (0, 0, 1, 2))",216,1
CCXX,1187,20085,"CCXX[C[0,0],C[1,0],X[0,0|1,1],X[2,2|2,0]]","(False, True, False, False, False, False, False, (0, 1, 0, 2), (0, 0, 1, 0))",216,1
CCXX,1188,20086,"CCXX[C[0,0],C[1,0],X[0,0|1,1],X[2,2|2,1]]","(False, True, False, False, False, False, False, (0, 1, 0, 2), (0, 0, 1, 1))",216,1
CCXX,1189,20087,"CCXX[C[0,0],C[1,0],X[0,0|1,1],X[2,2|2,2]]","(False, True, False, False, False, False, False, (0, 1, 0, 2), (0, 0, 1, 2))",216,1
CCXX,1190,21870,"CCXX[C[0,0],C[1,0],X[1,0|0,0],X[0,0|0,0]]","(True, True, False, False, True, True, False, (0, 1, 1, 0), (0, 0, 0, 0))",54,4
CCXX,1191,21871,"CCXX[C[0,0],C[1,0],X[1,0|0,0],X[0,0|0,1]]","(True, True, False, False, False, True, False, (0, 1, 1, 0), (0, 0, 0, 1))",108,2
CCXX,1192,21873,"CCXX[C[0,0],C[1,0],X[1,0|0,0],X[0,0|1,0]]","(True, False, False, False, False, True, False, (0, 1, 1, 0), (0, 0, 0, 0))",108,2
CCXX,1193,21874,"CCXX[C[0,0],C[1,0],X[1,0|0,0],X[0,0|1,1]]","(True, False, False, False, False, True, False, (0, 1, 1, 0), (0, 0, 0, 1))",216,1
CCXX,1194,21879,"CCXX[C[0,0],C[1,0],X[1,0|0,0],X[0,1|0,0]]","(True, False, False, False, False, True, False, (0, 1, 1, 0), (0, 0, 0, 0))",108,2
CCXX,1195,21880,"CCXX[C[0,0],C[1,0],X[1,0|0,0],X[0,1|0,1]]","(True, False, False, False, False, True, False, (0, 1, 1, 0), (0, 0, 0, 1))",216,1
CCXX,1196,21882,"CCXX[C[0,0],C[1,0],X[1,0|0,0],X[0,1|1,0]]","(True, True, False, False, True, True, False, (0, 1, 1, 0), (0, 0, 0, 0))",108,2
CCXX,1197,21883,"CCXX[C[0,0],C[1,0],X[1,0|0,0],X[0,1|1,1]]","(True, True, False, False, False, True, False, (0, 1, 1, 0), (0, 0, 0, 1))",216,1
CCXX,1198,21885,"CCXX[C[0,0],C[1,0],X[1,0|0,0],X[0,1|2,0]]","(True, False, False, False, False, True, False, (0, 1, 1, 0), (0, 0, 0, 0))",108,2
CCXX,1199,21886,"CCXX[C[0,0],C[1,0],X[1,0|0,0],X[0,1|2,1]]","(True, False, False, False, False, True, False, (0, 1, 1, 0), (0, 0, 0, 1))",216,1
CCXX,1200,21897,"CCXX[C[0,0],C[1,0],X[1,0|0,0],X[1,0|0,0]]","(True, True, False, False, False, True, True, (0, 1, 1, 1), (0, 0, 0, 0))",54,4
CCXX,1201,21898,"CCXX[C[0,0],C[1,0],X[1,0|0,0],X[1,0|0,1]]","(True, True, False, False, False, True, False, (0, 1, 1, 1), (0, 0, 0, 1))",108,2
CCXX,1202,21900,"CCXX[C[0,0],C[1,0],X[1,0|0,0],X[1,0|1,0]]","(True, False, False, False, False, True, False, (0, 1, 1, 1), (0, 0, 0, 0))",108,2
CCXX,1203,21901,"CCXX[C[0,0],C[1,0],X[1,0|0,0],X[1,0|1,1]]","(True, False, False, False, False, True, False, (0, 1, 1, 1), (0, 0, 0, 1))",216,1
CCXX,1204,21906,"CCXX[C[0,0],C[1,0],X[1,0|0,0],X[1,1|0,0]]","(True, False, False, False, False, True, False, (0, 1, 1, 1), (0, 0, 0, 0))",108,2
CCXX,1205,21907,"CCXX[C[0,0],C[1,0],X[1,0|0,0],X[1,1|0,1]]","(True, False, False, False, False, True, False, (0, 1, 1, 1), (0, 0, 0, 1))",216,1
CCXX,1206,21909,"CCXX[C[0,0],C[1,0],X[1,0|0,0],X[1,1|1,0]]","(True, True, False, False, False, True, True, (0, 1, 1, 1), (0, 0, 0, 0))",108,2
CCXX,1207,21910,"CCXX[C[0,0],C[1,0],X[1,0|0,0],X[1,1|1,1]]","(True, True, False, False, False, True, False, (0, 1, 1, 1), (0, 0, 0, 1))",216,1
CCXX,1208,21912,"CCXX[C[0,0],C[1,0],X[1,0|0,0],X[1,1|2,0]]","(True, False, False, False, False, True, False, (0, 1, 1, 1), (0, 0, 0, 0))",108,2
CCXX,1209,21913,"CCXX[C[0,0],C[1,0],X[1,0|0,0],X[1,1|2,1]]","(True, False, False, False, False, True, False, (0, 1, 1, 1), (0, 0, 0, 1))",216,1
CCXX,1210,21924,"CCXX[C[0,0],C[1,0],X[1,0|0,0],X[2,0|0,0]]","(True, True, False, False, False, True, False, (0, 1, 1, 2), (0, 0, 0, 0))",54,4
CCXX,1211,21925,"CCXX[C[0,0],C[1,0],X[1,0|0,0],X[2,0|0,1]]","(True, True, False, False, False, True, False, (0, 1, 1, 2), (0, 0, 0, 1))",108,2
CCXX,1212,21927,"CCXX[C[0,0],C[1,0],X[1,0|0,0],X[2,0|1,0]]","(True, False, False, False, False, True, False, (0, 1, 1, 2), (0, 0, 0, 0))",108,2
CCXX,1213,21928,"CCXX[C[0,0],C[1,0],X[1,0|0,0],X[2,0|1,1]]","(True, False, False, False, False, True, False, (0, 1, 1, 2), (0, 0, 0, 1))",216,1
CCXX,1214,21933,"CCXX[C[0,0],C[1,0],X[1,0|0,0],X[2,1|0,0]]","(True, False, False, False, False, True, False, (0, 1, 1, 2), (0, 0, 0, 0))",108,2
CCXX,1215,21934,"CCXX[C[0,0],C[1,0],X[1,0|0,0],X[2,1|0,1]]","(True, False, False, False, False, True, False, (0, 1, 1, 2), (0, 0, 0, 1))",216,1
CCXX,1216,21936,"CCXX[C[0,0],C[1,0],X[1,0|0,0],X[2,1|1,0]]","(True, True, False, False, False, True, False, (0, 1, 1, 2), (0, 0, 0, 0))",108,2
CCXX,1217,21937,"CCXX[C[0,0],C[1,0],X[1,0|0,0],X[2,1|1,1]]","(True, True, False, False, False, True, False, (0, 1, 1, 2), (0, 0, 0, 1))",216,1
CCXX,1218,21939,"CCXX[C[0,0],C[1,0],X[1,0|0,0],X[2,1|2,0]]","(True, False, False, False, False, True, False, (0, 1, 1, 2), (0, 0, 0, 0))",108,2
CCXX,1219,21940,"CCXX[C[0,0],C[1,0],X[1,0|0,0],X[2,1|2,1]]","(True, False, False, False, False, True, False, (0, 1, 1, 2), (0, 0, 0, 1))",216,1
CCXX,1220,21951,"CCXX[C[0,0],C[1,0],X[1,0|0,1],X[0,0|0,0]]","(True, True, False, False, True, False, False, (0, 1, 1, 0), (0, 0, 1, 0))",108,2
CCXX,1221,21952,"CCXX[C[0,0],C[1,0],X[1,0|0,1],X[0,0|0,1]]","(True, True, False, False, False, False, False, (0, 1, 1, 0), (0, 0, 1, 1))",108,2
CCXX,1222,21953,"CCXX[C[0,0],C[1,0],X[1,0|0,1],X[0,0|0,2]]","(True, True, False, False, False, False, False, (0, 1, 1, 0), (0, 0, 1, 2))",108,2
CCXX,1223,21954,"CCXX[C[0,0],C[1,0],X[1,0|0,1],X[0,0|1,0]]","(True, False, False, False, False, False, False, (0, 1, 1, 0), (0, 0, 1, 0))",216,1
CCXX,1224,21955,"CCXX[C[0,0],C[1,0],X[1,0|0,1],X[0,0|1,1]]","(True, False, False, False, False, False, False, (0, 1, 1, 0), (0, 0, 1, 1))",216,1
CCXX,1225,21956,"CCXX[C[0,0],C[1,0],X[1,0|0,1],X[0,0|1,2]]","(True, False, False, False, False, False, False, (0, 1, 1, 0), (0, 0, 1, 2))",216,1
CCXX,1226,21960,"CCXX[C[0,0],C[1,0],X[1,0|0,1],X[0,1|0,0]]","(True, False, False, False, False, False, False, (0, 1, 1, 0), (0, 0, 1, 0))",216,1
CCXX,1227,21961,"CCXX[C[0,0],C[1,0],X[1,0|0,1],X[0,1|0,1]]","(True, False, False, False, False, False, False, (0, 1, 1, 0), (0, 0, 1, 1))",216,1
CCXX,1228,21962,"CCXX[C[0,0],C[1,0],X[1,0|0,1],X[0,1|0,2]]","(True, False, False, False, False, False, False, (0, 1, 1, 0), (0, 0, 1, 2))",216,1
CCXX,1229,21963,"CCXX[C[0,0],C[1,0],X[1,0|0,1],X[0,1|1,0]]","(True, True, False, False, True, False, False, (0, 1, 1, 0), (0, 0, 1, 0))",216,1
CCXX,1230,21964,"CCXX[C[0,0],C[1,0],X[1,0|0,1],X[0,1|1,1]]","(True, True, False, False, False, False, False, (0, 1, 1, 0), (0, 0, 1, 1))",216,1
CCXX,1231,21965,"CCXX[C[0,0],C[1,0],X[1,0|0,1],X[0,1|1,2]]","(True, True, False, False, False, False, False, (0, 1, 1, 0), (0, 0, 1, 2))",216,1
CCXX,1232,21966,"CCXX[C[0,0],C[1,0],X[1,0|0,1],X[0,1|2,0]]","(True, False, False, False, False, False, False, (0, 1, 1, 0), (0, 0, 1, 0))",216,1
CCXX,1233,21967,"CCXX[C[0,0],C[1,0],X[1,0|0,1],X[0,1|2,1]]","(True, False, False, False, False, False, False, (0, 1, 1, 0), (0, 0, 1, 1))",216,1
CCXX,1234,21968,"CCXX[C[0,0],C[1,0],X[1,0|0,1],X[0,1|2,2]]","(True, False, False, False, False, False, False, (0, 1, 1, 0), (0, 0, 1, 2))",216,1
CCXX,1235,21978,"CCXX[C[0,0],C[1,0],X[1,0|0,1],X[1,0|0,0]]","(True, True, False, False, False, False, True, (0, 1, 1, 1), (0, 0, 1, 0))",108,2
CCXX,1236,21979,"CCXX[C[0,0],C[1,0],X[1,0|0,1],X[1,0|0,1]]","(True, True, False, False, False, False, False, (0, 1, 1, 1), (0, 0, 1, 1))",108,2
CCXX,1237,21980,"CCXX[C[0,0],C[1,0],X[1,0|0,1],X[1,0|0,2]]","(True, True, False, False, False, False, False, (0, 1, 1, 1), (0, 0, 1, 2))",108,2
CCXX,1238,21981,"CCXX[C[0,0],C[1,0],X[1,0|0,1],X[1,0|1,0]]","(True, False, False, False, False, False, False, (0, 1, 1, 1), (0, 0, 1, 0))",216,1
CCXX,1239,21982,"CCXX[C[0,0],C[1,0],X[1,0|0,1],X[1,0|1,1]]","(True, False, False, False, False, False, False, (0, 1, 1, 1), (0, 0, 1, 1))",216,1
CCXX,1240,21983,"CCXX[C[0,0],C[1,0],X[1,0|0,1],X[1,0|1,2]]","(True, False, False, False, False, False, False, (0, 1, 1, 1), (0, 0, 1, 2))",216,1
CCXX,1241,21987,"CCXX[C[0,0],C[1,0],X[1,0|0,1],X[1,1|0,0]]","(True, False, False, False, False, False, False, (0, 1, 1, 1), (0, 0, 1, 0))",216,1
CCXX,1242,21988,"CCXX[C[0,0],C[1,0],X[1,0|0,1],X[1,1|0,1]]","(True, False, False, False, False, False, False, (0, 1, 1, 1), (0, 0, 1, 1))",216,1
CCXX,1243,21989,"CCXX[C[0,0],C[1,0],X[1,0|0,1],X[1,1|0,2]]","(True, False, False, False, False, False, False, (0, 1, 1, 1), (0, 0, 1, 2))",216,1
CCXX,1244,21990,"CCXX[C[0,0],C[1,0],X[1,0|0,1],X[1,1|1,0]]","(True, True, False, False, False, False, True, (0, 1, 1, 1), (0, 0, 1, 0))",216,1
CCXX,1245,21991,"CCXX[C[0,0],C[1,0],X[1,0|0,1],X[1,1|1,1]]","(True, True, False, False, False, False, False, (0, 1, 1, 1), (0, 0, 1, 1))",216,1
CCXX,1246,21992,"CCXX[C[0,0],C[1,0],X[1,0|0,1],X[1,1|1,2]]","(True, True, False, False, False, False, False, (0, 1, 1, 1), (0, 0, 1, 2))",216,1
CCXX,1247,21993,"CCXX[C[0,0],C[1,0],X[1,0|0,1],X[1,1|2,0]]","(True, False, False, False, False, False, False, (0, 1, 1, 1), (0, 0, 1, 0))",216,1
CCXX,1248,21994,"CCXX[C[0,0],C[1,0],X[1,0|0,1],X[1,1|2,1]]","(True, False, False, False, False, False, False, (0, 1, 1, 1), (0, 0, 1, 1))",216,1
CCXX,1249,21995,"CCXX[C[0,0],C[1,0],X[1,0|0,1],X[1,1|2,2]]","(True, False, False, False, False, False, False, (0, 1, 1, 1), (0, 0, 1, 2))",216,1
CCXX,1250,22005,"CCXX[C[0,0],C[1,0],X[1,0|0,1],X[2,0|0,0]]","(True, True, False, False, False, False, False, (0, 1, 1, 2), (0, 0, 1, 0))",108,2
CCXX,1251,22006,"CCXX[C[0,0],C[1,0],X[1,0|0,1],X[2,0|0,1]]","(True, True, False, False, False, False, False, (0, 1, 1, 2), (0, 0, 1, 1))",108,2
CCXX,1252,22007,"CCXX[C[0,0],C[1,0],X[1,0|0,1],X[2,0|0,2]]","(True, True, False, False, False, False, False, (0, 1, 1, 2), (0, 0, 1, 2))",108,2
CCXX,1253,22008,"CCXX[C[0,0],C[1,0],X[1,0|0,1],X[2,0|1,0]]","(True, False, False, False, False, False, False, (0, 1, 1, 2), (0, 0, 1, 0))",216,1
CCXX,1254,22009,"CCXX[C[0,0],C[1,0],X[1,0|0,1],X[2,0|1,1]]","(True, False, False, False, False, False, False, (0, 1, 1, 2), (0, 0, 1, 1))",216,1
CCXX,1255,22010,"CCXX[C[0,0],C[1,0],X[1,0|0,1],X[2,0|1,2]]","(True, False, False, False, False, False, False, (0, 1, 1, 2), (0, 0, 1, 2))",216,1
CCXX,1256,22014,"CCXX[C[0,0],C[1,0],X[1,0|0,1],X[2,1|0,0]]","(True, False, False, False, False, False, False, (0, 1, 1, 2), (0, 0, 1, 0))",216,1
CCXX,1257,22015,"CCXX[C[0,0],C[1,0],X[1,0|0,1],X[2,1|0,1]]","(True, False, False, False, False, False, False, (0, 1, 1, 2), (0, 0, 1, 1))",216,1
CCXX,1258,22016,"CCXX[C[0,0],C[1,0],X[1,0|0,1],X[2,1|0,2]]","(True, False, False, False, False, False, False, (0, 1, 1, 2), (0, 0, 1, 2))",216,1
CCXX,1259,22017,"CCXX[C[0,0],C[1,0],X[1,0|0,1],X[2,1|1,0]]","(True, True, False, False, False, False, False, (0, 1, 1, 2), (0, 0, 1, 0))",216,1
CCXX,1260,22018,"CCXX[C[0,0],C[1,0],X[1,0|0,1],X[2,1|1,1]]","(True, True, False, False, False, False, False, (0, 1, 1, 2), (0, 0, 1, 1))",216,1
CCXX,1261,22019,"CCXX[C[0,0],C[1,0],X[1,0|0,1],X[2,1|1,2]]","(True, True, False, False, False, False, False, (0, 1, 1, 2), (0, 0, 1, 2))",216,1
CCXX,1262,22020,"CCXX[C[0,0],C[1,0],X[1,0|0,1],X[2,1|2,0]]","(True, False, False, False, False, False, False, (0, 1, 1, 2), (0, 0, 1, 0))",216,1
CCXX,1263,22021,"CCXX[C[0,0],C[1,0],X[1,0|0,1],X[2,1|2,1]]","(True, False, False, False, False, False, False, (0, 1, 1, 2), (0, 0, 1, 1))",216,1
CCXX,1264,22022,"CCXX[C[0,0],C[1,0],X[1,0|0,1],X[2,1|2,2]]","(True, False, False, False, False, False, False, (0, 1, 1, 2), (0, 0, 1, 2))",216,1
CCXX,1265,22113,"CCXX[C[0,0],C[1,0],X[1,0|1,0],X[0,0|0,0]]","(False, True, False, False, True, False, False, (0, 1, 1, 0), (0, 0, 0, 0))",108,2
CCXX,1266,22114,"CCXX[C[0,0],C[1,0],X[1,0|1,0],X[0,0|0,1]]","(False, True, False, False, False, False, False, (0, 1, 1, 0), (0, 0, 0, 1))",216,1
CCXX,1267,22116,"CCXX[C[0,0],C[1,0],X[1,0|1,0],X[0,0|1,0]]","(False, False, False, False, False, False, False, (0, 1, 1, 0), (0, 0, 0, 0))",108,2
CCXX,1268,22117,"CCXX[C[0,0],C[1,0],X[1,0|1,0],X[0,0|1,1]]","(False, False, False, False, False, False, False, (0, 1, 1, 0), (0, 0, 0, 1))",216,1
CCXX,1269,22119,"CCXX[C[0,0],C[1,0],X[1,0|1,0],X[0,0|2,0]]","(False, False, False, False, False, False, False, (0, 1, 1, 0), (0, 0, 0, 0))",108,2
CCXX,1270,22120,"CCXX[C[0,0],C[1,0],X[1,0|1,0],X[0,0|2,1]]","(False, False, False, False, False, False, False, (0, 1, 1, 0), (0, 0, 0, 1))",216,1
CCXX,1271,22122,"CCXX[C[0,0],C[1,0],X[1,0|1,0],X[0,1|0,0]]","(False, False, False, False, False, False, False, (0, 1, 1, 0), (0, 0, 0, 0))",108,2
CCXX,1272,22123,"CCXX[C[0,0],C[1,0],X[1,0|1,0],X[0,1|0,1]]","(False, False, False, False, False, False, False, (0, 1, 1, 0), (0, 0, 0, 1))",216,1
CCXX,1273,22125,"CCXX[C[0,0],C[1,0],X[1,0|1,0],X[0,1|1,0]]","(False, True, False, False, True, False, False, (0, 1, 1, 0), (0, 0, 0, 0))",108,2
CCXX,1274,22126,"CCXX[C[0,0],C[1,0],X[1,0|1,0],X[0,1|1,1]]","(False, True, False, False, False, False, False, (0, 1, 1, 0), (0, 0, 0, 1))",216,1
CCXX,1275,22128,"CCXX[C[0,0],C[1,0],X[1,0|1,0],X[0,1|2,0]]","(False, False, False, False, False, False, False, (0, 1, 1, 0), (0, 0, 0, 0))",108,2
CCXX,1276,22129,"CCXX[C[0,0],C[1,0],X[1,0|1,0],X[0,1|2,1]]","(False, False, False, False, False, False, False, (0, 1, 1, 0), (0, 0, 0, 1))",216,1
CCXX,1277,22131,"CCXX[C[0,0],C[1,0],X[1,0|1,0],X[0,2|0,0]]","(False, False, False, False, False, False, False, (0, 1, 1, 0), (0, 0, 0, 0))",108,2
CCXX,1278,22132,"CCXX[C[0,0],C[1,0],X[1,0|1,0],X[0,2|0,1]]","(False, False, False, False, False, False, False, (0, 1, 1, 0), (0, 0, 0, 1))",216,1
CCXX,1279,22134,"CCXX[C[0,0],C[1,0],X[1,0|1,0],X[0,2|1,0]]","(False, False, False, False, False, False, False, (0, 1, 1, 0), (0, 0, 0, 0))",108,2
CCXX,1280,22135,"CCXX[C[0,0],C[1,0],X[1,0|1,0],X[0,2|1,1]]","(False, False, False, False, False, False, False, (0, 1, 1, 0), (0, 0, 0, 1))",216,1
CCXX,1281,22137,"CCXX[C[0,0],C[1,0],X[1,0|1,0],X[0,2|2,0]]","(False, True, False, False, True, False, False, (0, 1, 1, 0), (0, 0, 0, 0))",108,2
CCXX,1282,22138,"CCXX[C[0,0],C[1,0],X[1,0|1,0],X[0,2|2,1]]","(False, True, False, False, False, False, False, (0, 1, 1, 0), (0, 0, 0, 1))",216,1
CCXX,1283,22140,"CCXX[C[0,0],C[1,0],X[1,0|1,0],X[1,0|0,0]]","(False, True, False, False, False, False, True, (0, 1, 1, 1), (0, 0, 0, 0))",108,2
CCXX,1284,22141,"CCXX[C[0,0],C[1,0],X[1,0|1,0],X[1,0|0,1]]","(False, True, False, False, False, False, False, (0, 1, 1, 1), (0, 0, 0, 1))",216,1
CCXX,1285,22143,"CCXX[C[0,0],C[1,0],X[1,0|1,0],X[1,0|1,0]]","(False, False, False, False, False, False, False, (0, 1, 1, 1), (0, 0, 0, 0))",108,2
CCXX,1286,22144,"CCXX[C[0,0],C[1,0],X[1,0|1,0],X[1,0|1,1]]","(False, False, False, False, False, False, False, (0, 1, 1, 1), (0, 0, 0, 1))",216,1
CCXX,1287,22146,"CCXX[C[0,0],C[1,0],X[1,0|1,0],X[1,0|2,0]]","(False, False, False, False, False, False, False, (0, 1, 1, 1), (0, 0, 0, 0))",108,2
CCXX,1288,22147,"CCXX[C[0,0],C[1,0],X[1,0|1,0],X[1,0|2,1]]","(False, False, False, False, False, False, False, (0, 1, 1, 1), (0, 0, 0, 1))",216,1
CCXX,1289,22149,"CCXX[C[0,0],C[1,0],X[1,0|1,0],X[1,1|0,0]]","(False, False, False, False, False, False, False, (0, 1, 1, 1), (0, 0, 0, 0))",108,2
CCXX,1290,22150,"CCXX[C[0,0],C[1,0],X[1,0|1,0],X[1,1|0,1]]","(False, False, False, False, False, False, False, (0, 1, 1, 1), (0, 0, 0, 1))",216,1
CCXX,1291,22152,"CCXX[C[0,0],C[1,0],X[1,0|1,0],X[1,1|1,0]]","(False, True, False, False, False, False, True, (0, 1, 1, 1), (0, 0, 0, 0))",108,2
CCXX,1292,22153,"CCXX[C[0,0],C[1,0],X[1,0|1,0],X[1,1|1,1]]","(False, True, False, False, False, False, False, (0, 1, 1, 1), (0, 0, 0, 1))",216,1
CCXX,1293,22155,"CCXX[C[0,0],C[1,0],X[1,0|1,0],X[1,1|2,0]]","(False, False, False, False, False, False, False, (0, 1, 1, 1), (0, 0, 0, 0))",108,2
CCXX,1294,22156,"CCXX[C[0,0],C[1,0],X[1,0|1,0],X[1,1|2,1]]","(False, False, False, False, False, False, False, (0, 1, 1, 1), (0, 0, 0, 1))",216,1
CCXX,1295,22158,"CCXX[C[0,0],C[1,0],X[1,0|1,0],X[1,2|0,0]]","(False, False, False, False, False, False, False, (0, 1, 1, 1), (0, 0, 0, 0))",108,2
CCXX,1296,22159,"CCXX[C[0,0],C[1,0],X[1,0|1,0],X[1,2|0,1]]","(False, False, False, False, False, False, False, (0, 1, 1, 1), (0, 0, 0, 1))",216,1
CCXX,1297,22161,"CCXX[C[0,0],C[1,0],X[1,0|1,0],X[1,2|1,0]]","(False, False, False, False, False, False, False, (0, 1, 1, 1), (0, 0, 0, 0))",108,2
CCXX,1298,22162,"CCXX[C[0,0],C[1,0],X[1,0|1,0],X[1,2|1,1]]","(False, False, False, False, False, False, False, (0, 1, 1, 1), (0, 0, 0, 1))",216,1
CCXX,1299,22164,"CCXX[C[0,0],C[1,0],X[1,0|1,0],X[1,2|2,0]]","(False, True, False, False, False, False, True, (0, 1, 1, 1), (0, 0, 0, 0))",108,2
CCXX,1300,22165,"CCXX[C[0,0],C[1,0],X[1,0|1,0],X[1,2|2,1]]","(False, True, False, False, False, False, False, (0, 1, 1, 1), (0, 0, 0, 1))",216,1
CCXX,1301,22167,"CCXX[C[0,0],C[1,0],X[1,0|1,0],X[2,0|0,0]]","(False, True, False, False, False, False, False, (0, 1, 1, 2), (0, 0, 0, 0))",108,2
CCXX,1302,22168,"CCXX[C[0,0],C[1,0],X[1,0|1,0],X[2,0|0,1]]","(False, True, False, False, False, False, False, (0, 1, 1, 2), (0, 0, 0, 1))",216,1
CCXX,1303,22170,"CCXX[C[0,0],C[1,0],X[1,0|1,0],X[2,0|1,0]]","(False, False, False, False, False, False, False, (0, 1, 1, 2), (0, 0, 0, 0))",108,2
CCXX,1304,22171,"CCXX[C[0,0],C[1,0],X[1,0|1,0],X[2,0|1,1]]","(False, False, False, False, False, False, False, (0, 1, 1, 2), (0, 0, 0, 1))",216,1
CCXX,1305,22173,"CCXX[C[0,0],C[1,0],X[1,0|1,0],X[2,0|2,0]]","(False, False, False, False, False, False, False, (0, 1, 1, 2), (0, 0, 0, 0))",108,2
CCXX,1306,22174,"CCXX[C[0,0],C[1,0],X[1,0|1,0],X[2,0|2,1]]","(False, False, False, False, False, False, False, (0, 1, 1, 2), (0, 0, 0, 1))",216,1
CCXX,1307,22176,"CCXX[C[0,0],C[1,0],X[1,0|1,0],X[2,1|0,0]]","(False, False, False, False, False, False, False, (0, 1, 1, 2), (0, 0, 0, 0))",108,2
CCXX,1308,22177,"CCXX[C[0,0],C[1,0],X[1,0|1,0],X[2,1|0,1]]","(False, False, False, False, False, False, False, (0, 1, 1, 2), (0, 0, 0, 1))",216,1
CCXX,1309,22179,"CCXX[C[0,0],C[1,0],X[1,0|1,0],X[2,1|1,0]]","(False, True, False, False, False, False, False, (0, 1, 1, 2), (0, 0, 0, 0))",108,2
CCXX,1310,22180,"CCXX[C[0,0],C[1,0],X[1,0|1,0],X[2,1|1,1]]","(False, True, False, False, False, False, False, (0, 1, 1, 2), (0, 0, 0, 1))",216,1
CCXX,1311,22182,"CCXX[C[0,0],C[1,0],X[1,0|1,0],X[2,1|2,0]]","(False, False, False, False, False, False, False, (0, 1, 1, 2), (0, 0, 0, 0))",108,2
CCXX,1312,22183,"CCXX[C[0,0],C[1,0],X[1,0|1,0],X[2,1|2,1]]","(False, False, False, False, False, False, False, (0, 1, 1, 2), (0, 0, 0, 1))",216,1
CCXX,1313,22185,"CCXX[C[0,0],C[1,0],X[1,0|1,0],X[2,2|0,0]]","(False, False, False, False, False, False, False, (0, 1, 1, 2), (0, 0, 0, 0))",108,2
CCXX,1314,22186,"CCXX[C[0,0],C[1,0],X[1,0|1,0],X[2,2|0,1]]","(False, False, False, False, False, False, False, (0, 1, 1, 2), (0, 0, 0, 1))",216,1
CCXX,1315,22188,"CCXX[C[0,0],C[1,0],X[1,0|1,0],X[2,2|1,0]]","(False, False, False, False, False, False, False, (0, 1, 1, 2), (0, 0, 0, 0))",108,2
CCXX,1316,22189,"CCXX[C[0,0],C[1,0],X[1,0|1,0],X[2,2|1,1]]","(False, False, False, False, False, False, False, (0, 1, 1, 2), (0, 0, 0, 1))",216,1
CCXX,1317,22191,"CCXX[C[0,0],C[1,0],X[1,0|1,0],X[2,2|2,0]]","(False, True, False, False, False, False, False, (0, 1, 1, 2), (0, 0, 0, 0))",108,2
CCXX,1318,22192,"CCXX[C[0,0],C[1,0],X[1,0|1,0],X[2,2|2,1]]","(False, True, False, False, False, False, False, (0, 1, 1, 2), (0, 0, 0, 1))",216,1
CCXX,1319,22194,"CCXX[C[0,0],C[1,0],X[1,0|1,1],X[0,0|0,0]]","(False, True, False, False, True, False, False, (0, 1, 1, 0), (0, 0, 1, 0))",216,1
CCXX,1320,22195,"CCXX[C[0,0],C[1,0],X[1,0|1,1],X[0,0|0,1]]","(False, True, False, False, False, False, False, (0, 1, 1, 0), (0, 0, 1, 1))",216,1
CCXX,1321,22196,"CCXX[C[0,0],C[1,0],X[1,0|1,1],X[0,0|0,2]]","(False, True, False, False, False, False, False, (0, 1, 1, 0), (0, 0, 1, 2))",216,1
CCXX,1322,22197,"CCXX[C[0,0],C[1,0],X[1,0|1,1],X[0,0|1,0]]","(False, False, False, False, False, False, False, (0, 1, 1, 0), (0, 0, 1, 0))",216,1
CCXX,1323,22198,"CCXX[C[0,0],C[1,0],X[1,0|1,1],X[0,0|1,1]]","(False, False, False, False, False, False, False, (0, 1, 1, 0), (0, 0, 1, 1))",216,1
CCXX,1324,22199,"CCXX[C[0,0],C[1,0],X[1,0|1,1],X[0,0|1,2]]","(False, False, False, False, False, False, False, (0, 1, 1, 0), (0, 0, 1, 2))",216,1
CCXX,1325,22200,"CCXX[C[0,0],C[1,0],X[1,0|1,1],X[0,0|2,0]]","(False, False, False, False, False, False, False, (0, 1, 1, 0), (0, 0, 1, 0))",216,1
CCXX,1326,22201,"CCXX[C[0,0],C[1,0],X[1,0|1,1],X[0,0|2,1]]","(False, False, False, False, False, False, False, (0, 1, 1, 0), (0, 0, 1, 1))",216,1
CCXX,1327,22202,"CCXX[C[0,0],C[1,0],X[1,0|1,1],X[0,0|2,2]]","(False, False, False, False, False, False, False, (0, 1, 1, 0), (0, 0, 1, 2))",216,1
CCXX,1328,22203,"CCXX[C[0,0],C[1,0],X[1,0|1,1],X[0,1|0,0]]","(False, False, False, False, False, False, False, (0, 1, 1, 0), (0, 0, 1, 0))",216,1
CCXX,1329,22204,"CCXX[C[0,0],C[1,0],X[1,0|1,1],X[0,1|0,1]]","(False, False, False, False, False, False, False, (0, 1, 1, 0), (0, 0, 1, 1))",216,1
CCXX,1330,22205,"CCXX[C[0,0],C[1,0],X[1,0|1,1],X[0,1|0,2]]","(False, False, False, False, False, False, False, (0, 1, 1, 0), (0, 0, 1, 2))",216,1
CCXX,1331,22206,"CCXX[C[0,0],C[1,0],X[1,0|1,1],X[0,1|1,0]]","(False, True, False, False, True, False, False, (0, 1, 1, 0), (0, 0, 1, 0))",216,1
CCXX,1332,22207,"CCXX[C[0,0],C[1,0],X[1,0|1,1],X[0,1|1,1]]","(False, True, False, False, False, False, False, (0, 1, 1, 0), (0, 0, 1, 1))",216,1
CCXX,1333,22208,"CCXX[C[0,0],C[1,0],X[1,0|1,1],X[0,1|1,2]]","(False, True, False, False, False, False, False, (0, 1, 1, 0), (0, 0, 1, 2))",216,1
CCXX,1334,22209,"CCXX[C[0,0],C[1,0],X[1,0|1,1],X[0,1|2,0]]","(False, False, False, False, False, False, False, (0, 1, 1, 0), (0, 0, 1, 0))",216,1
CCXX,1335,22210,"CCXX[C[0,0],C[1,0],X[1,0|1,1],X[0,1|2,1]]","(False, False, False, False, False, False, False, (0, 1, 1, 0), (0, 0, 1, 1))",216,1
CCXX,1336,22211,"CCXX[C[0,0],C[1,0],X[1,0|1,1],X[0,1|2,2]]","(False, False, False, False, False, False, False, (0, 1, 1, 0), (0, 0, 1, 2))",216,1
CCXX,1337,22212,"CCXX[C[0,0],C[1,0],X[1,0|1,1],X[0,2|0,0]]","(False, False, False, False, False, False, False, (0, 1, 1, 0), (0, 0, 1, 0))",216,1
CCXX,1338,22213,"CCXX[C[0,0],C[1,0],X[1,0|1,1],X[0,2|0,1]]","(False, False, False, False, False, False, False, (0, 1, 1, 0), (0, 0, 1, 1))",216,1
CCXX,1339,22214,"CCXX[C[0,0],C[1,0],X[1,0|1,1],X[0,2|0,2]]","(False, False, False, False, False, False, False, (0, 1, 1, 0), (0, 0, 1, 2))",216,1
CCXX,1340,22215,"CCXX[C[0,0],C[1,0],X[1,0|1,1],X[0,2|1,0]]","(False, False, False, False, False, False, False, (0, 1, 1, 0), (0, 0, 1, 0))",216,1
CCXX,1341,22216,"CCXX[C[0,0],C[1,0],X[1,0|1,1],X[0,2|1,1]]","(False, False, False, False, False, False, False, (0, 1, 1, 0), (0, 0, 1, 1))",216,1
CCXX,1342,22217,"CCXX[C[0,0],C[1,0],X[1,0|1,1],X[0,2|1,2]]","(False, False, False, False, False, False, False, (0, 1, 1, 0), (0, 0, 1, 2))",216,1
CCXX,1343,22218,"CCXX[C[0,0],C[1,0],X[1,0|1,1],X[0,2|2,0]]","(False, True, False, False, True, False, False, (0, 1, 1, 0), (0, 0, 1, 0))",216,1
CCXX,1344,22219,"CCXX[C[0,0],C[1,0],X[1,0|1,1],X[0,2|2,1]]","(False, True, False, False, False, False, False, (0, 1, 1, 0), (0, 0, 1, 1))",216,1
CCXX,1345,22220,"CCXX[C[0,0],C[1,0],X[1,0|1,1],X[0,2|2,2]]","(False, True, False, False, False, False, False, (0, 1, 1, 0), (0, 0, 1, 2))",216,1
CCXX,1346,22221,"CCXX[C[0,0],C[1,0],X[1,0|1,1],X[1,0|0,0]]","(False, True, False, False, False, False, True, (0, 1, 1, 1), (0, 0, 1, 0))",216,1
CCXX,1347,22222,"CCXX[C[0,0],C[1,0],X[1,0|1,1],X[1,0|0,1]]","(False, True, False, False, False, False, False, (0, 1, 1, 1), (0, 0, 1, 1))",216,1
CCXX,1348,22223,"CCXX[C[0,0],C[1,0],X[1,0|1,1],X[1,0|0,2]]","(False, True, False, False, False, False, False, (0, 1, 1, 1), (0, 0, 1, 2))",216,1
CCXX,1349,22224,"CCXX[C[0,0],C[1,0],X[1,0|1,1],X[1,0|1,0]]","(False, False, False, False, False, False, False, (0, 1, 1, 1), (0, 0, 1, 0))",216,1
CCXX,1350,22225,"CCXX[C[0,0],C[1,0],X[1,0|1,1],X[1,0|1,1]]","(False, False, False, False, False, False, False, (0, 1, 1, 1), (0, 0, 1, 1))",216,1
CCXX,1351,22226,"CCXX[C[0,0],C[1,0],X[1,0|1,1],X[1,0|1,2]]","(False, False, False, False, False, False, False, (0, 1, 1, 1), (0, 0, 1, 2))",216,1
CCXX,1352,22227,"CCXX[C[0,0],C[1,0],X[1,0|1,1],X[1,0|2,0]]","(False, False, False, False, False, False, False, (0, 1, 1, 1), (0, 0, 1, 0))",216,1
CCXX,1353,22228,"CCXX[C[0,0],C[1,0],X[1,0|1,1],X[1,0|2,1]]","(False, False, False, False, False, False, False, (0, 1, 1, 1), (0, 0, 1, 1))",216,1
CCXX,1354,22229,"CCXX[C[0,0],C[1,0],X[1,0|1,1],X[1,0|2,2]]","(False, False, False, False, False, False, False, (0, 1, 1, 1), (0, 0, 1, 2))",216,1
CCXX,1355,22230,"CCXX[C[0,0],C[1,0],X[1,0|1,1],X[1,1|0,0]]","(False, False, False, False, False, False, False, (0, 1, 1, 1), (0, 0, 1, 0))",216,1
CCXX,1356,22231,"CCXX[C[0,0],C[1,0],X[1,0|1,1],X[1,1|0,1]]","(False, False, False, False, False, False, False, (0, 1, 1, 1), (0, 0, 1, 1))",216,1
CCXX,1357,22232,"CCXX[C[0,0],C[1,0],X[1,0|1,1],X[1,1|0,2]]","(False, False, False, False, False, False, False, (0, 1, 1, 1), (0, 0, 1, 2))",216,1
CCXX,1358,22233,"CCXX[C[0,0],C[1,0],X[1,0|1,1],X[1,1|1,0]]","(False, True, False, False, False, False, True, (0, 1, 1, 1), (0, 0, 1, 0))",216,1
CCXX,1359,22234,"CCXX[C[0,0],C[1,0],X[1,0|1,1],X[1,1|1,1]]","(False, True, False, False, False, False, False, (0, 1, 1, 1), (0, 0, 1, 1))",216,1
CCXX,1360,22235,"CCXX[C[0,0],C[1,0],X[1,0|1,1],X[1,1|1,2]]","(False, True, False, False, False, False, False, (0, 1, 1, 1), (0, 0, 1, 2))",216,1
CCXX,1361,22236,"CCXX[C[0,0],C[1,0],X[1,0|1,1],X[1,1|2,0]]","(False, False, False, False, False, False, False, (0, 1, 1, 1), (0, 0, 1, 0))",216,1
CCXX,1362,22237,"CCXX[C[0,0],C[1,0],X[1,0|1,1],X[1,1|2,1]]","(False, False, False, False, False, False, False, (0, 1, 1, 1), (0, 0, 1, 1))",216,1
CCXX,1363,22238,"CCXX[C[0,0],C[1,0],X[1,0|1,1],X[1,1|2,2]]","(False, False, False, False, False, False, False, (0, 1, 1, 1), (0, 0, 1, 2))",216,1
CCXX,1364,22239,"CCXX[C[0,0],C[1,0],X[1,0|1,1],X[1,2|0,0]]","(False, False, False, False, False, False, False, (0, 1, 1, 1), (0, 0, 1, 0))",216,1
CCXX,1365,22240,"CCXX[C[0,0],C[1,0],X[1,0|1,1],X[1,2|0,1]]","(False, False, False, False, False, False, False, (0, 1, 1, 1), (0, 0, 1, 1))",216,1
CCXX,1366,22241,"CCXX[C[0,0],C[1,0],X[1,0|1,1],X[1,2|0,2]]","(False, False, False, False, False, False, False, (0, 1, 1, 1), (0, 0, 1, 2))",216,1
CCXX,1367,22242,"CCXX[C[0,0],C[1,0],X[1,0|1,1],X[1,2|1,0]]","(False, False, False, False, False, False, False, (0, 1, 1, 1), (0, 0, 1, 0))",216,1
CCXX,1368,22243,"CCXX[C[0,0],C[1,0],X[1,0|1,1],X[1,2|1,1]]","(False, False, False, False, False, False, False, (0, 1, 1, 1), (0, 0, 1, 1))",216,1
CCXX,1369,22244,"CCXX[C[0,0],C[1,0],X[1,0|1,1],X[1,2|1,2]]","(False, False, False, False, False, False, False, (0, 1, 1, 1), (0, 0, 1, 2))",216,1
CCXX,1370,22245,"CCXX[C[0,0],C[1,0],X[1,0|1,1],X[1,2|2,0]]","(False, True, False, False, False, False, True, (0, 1, 1, 1), (0, 0, 1, 0))",216,1
CCXX,1371,22246,"CCXX[C[0,0],C[1,0],X[1,0|1,1],X[1,2|2,1]]","(False, True, False, False, False, False, False, (0, 1, 1, 1), (0, 0, 1, 1))",216,1
CCXX,1372,22247,"CCXX[C[0,0],C[1,0],X[1,0|1,1],X[1,2|2,2]]","(False, True, False, False, False, False, False, (0, 1, 1, 1), (0, 0, 1, 2))",216,1
CCXX,1373,22248,"CCXX[C[0,0],C[1,0],X[1,0|1,1],X[2,0|0,0]]","(False, True, False, False, False, False, False, (0, 1, 1, 2), (0, 0, 1, 0))",216,1
CCXX,1374,22249,"CCXX[C[0,0],C[1,0],X[1,0|1,1],X[2,0|0,1]]","(False, True, False, False, False, False, False, (0, 1, 1, 2), (0, 0, 1, 1))",216,1
CCXX,1375,22250,"CCXX[C[0,0],C[1,0],X[1,0|1,1],X[2,0|0,2]]","(False, True, False, False, False, False, False, (0, 1, 1, 2), (0, 0, 1, 2))",216,1
CCXX,1376,22251,"CCXX[C[0,0],C[1,0],X[1,0|1,1],X[2,0|1,0]]","(False, False, False, False, False, False, False, (0, 1, 1, 2), (0, 0, 1, 0))",216,1
CCXX,1377,22252,"CCXX[C[0,0],C[1,0],X[1,0|1,1],X[2,0|1,1]]","(False, False, False, False, False, False, False, (0, 1, 1, 2), (0, 0, 1, 1))",216,1
CCXX,1378,22253,"CCXX[C[0,0],C[1,0],X[1,0|1,1],X[2,0|1,2]]","(False, False, False, False, False, False, False, (0, 1, 1, 2), (0, 0, 1, 2))",216,1
CCXX,1379,22254,"CCXX[C[0,0],C[1,0],X[1,0|1,1],X[2,0|2,0]]","(False, False, False, False, False, False, False, (0, 1, 1, 2), (0, 0, 1, 0))",216,1
CCXX,1380,22255,"CCXX[C[0,0],C[1,0],X[1,0|1,1],X[2,0|2,1]]","(False, False, False, False, False, False, False, (0, 1, 1, 2), (0, 0, 1, 1))",216,1
CCXX,1381,22256,"CCXX[C[0,0],C[1,0],X[1,0|1,1],X[2,0|2,2]]","(False, False, False, False, False, False, False, (0, 1, 1, 2), (0, 0, 1, 2))",216,1
CCXX,1382,22257,"CCXX[C[0,0],C[1,0],X[1,0|1,1],X[2,1|0,0]]","(False, False, False, False, False, False, False, (0, 1, 1, 2), (0, 0, 1, 0))",216,1
CCXX,1383,22258,"CCXX[C[0,0],C[1,0],X[1,0|1,1],X[2,1|0,1]]","(False, False, False, False, False, False, False, (0, 1, 1, 2), (0, 0, 1, 1))",216,1
CCXX,1384,22259,"CCXX[C[0,0],C[1,0],X[1,0|1,1],X[2,1|0,2]]","(False, False, False, False, False, False, False, (0, 1, 1, 2), (0, 0, 1, 2))",216,1
CCXX,1385,22260,"CCXX[C[0,0],C[1,0],X[1,0|1,1],X[2,1|1,0]]","(False, True, False, False, False, False, False, (0, 1, 1, 2), (0, 0, 1, 0))",216,1
CCXX,1386,22261,"CCXX[C[0,0],C[1,0],X[1,0|1,1],X[2,1|1,1]]","(False, True, False, False, False, False, False, (0, 1, 1, 2), (0, 0, 1, 1))",216,1
CCXX,1387,22262,"CCXX[C[0,0],C[1,0],X[1,0|1,1],X[2,1|1,2]]","(False, True, False, False, False, False, False, (0, 1, 1, 2), (0, 0, 1, 2))",216,1
CCXX,1388,22263,"CCXX[C[0,0],C[1,0],X[1,0|1,1],X[2,1|2,0]]","(False, False, False, False, False, False, False, (0, 1, 1, 2), (0, 0, 1, 0))",216,1
CCXX,1389,22264,"CCXX[C[0,0],C[1,0],X[1,0|1,1],X[2,1|2,1]]","(False, False, False, False, False, False, False, (0, 1, 1, 2), (0, 0, 1, 1))",216,1
CCXX,1390,22265,"CCXX[C[0,0],C[1,0],X[1,0|1,1],X[2,1|2,2]]","(False, False, False, False, False, False, False, (0, 1, 1, 2), (0, 0, 1, 2))",216,1
CCXX,1391,22266,"CCXX[C[0,0],C[1,0],X[1,0|1,1],X[2,2|0,0]]","(False, False, False, False, False, False, False, (0, 1, 1, 2), (0, 0, 1, 0))",216,1
CCXX,1392,22267,"CCXX[C[0,0],C[1,0],X[1,0|1,1],X[2,2|0,1]]","(False, False, False, False, False, False, False, (0, 1, 1, 2), (0, 0, 1, 1))",216,1
CCXX,1393,22268,"CCXX[C[0,0],C[1,0],X[1,0|1,1],X[2,2|0,2]]","(False, False, False, False, False, False, False, (0, 1, 1, 2), (0, 0, 1, 2))",216,1
CCXX,1394,22269,"CCXX[C[0,0],C[1,0],X[1,0|1,1],X[2,2|1,0]]","(False, False, False, False, False, False, False, (0, 1, 1, 2), (0, 0, 1, 0))",216,1
CCXX,1395,22270,"CCXX[C[0,0],C[1,0],X[1,0|1,1],X[2,2|1,1]]","(False, False, False, False, False, False, False, (0, 1, 1, 2), (0, 0, 1, 1))",216,1
CCXX,1396,22271,"CCXX[C[0,0],C[1,0],X[1,0|1,1],X[2,2|1,2]]","(False, False, False, False, False, False, False, (0, 1, 1, 2), (0, 0, 1, 2))",216,1
CCXX,1397,22272,"CCXX[C[0,0],C[1,0],X[1,0|1,1],X[2,2|2,0]]","(False, True, False, False, False, False, False, (0, 1, 1, 2), (0, 0, 1, 0))",216,1
CCXX,1398,22273,"CCXX[C[0,0],C[1,0],X[1,0|1,1],X[2,2|2,1]]","(False, True, False, False, False, False, False, (0, 1, 1, 2), (0, 0, 1, 1))",216,1
CCXX,1399,22274,"CCXX[C[0,0],C[1,0],X[1,0|1,1],X[2,2|2,2]]","(False, True, False, False, False, False, False, (0, 1, 1, 2), (0, 0, 1, 2))",216,1
CCXX,1400,24057,"CCXX[C[0,0],C[1,0],X[2,0|0,0],X[0,0|0,0]]","(True, True, False, False, True, False, False, (0, 1, 2, 0), (0, 0, 0, 0))",54,4
CCXX,1401,24058,"CCXX[C[0,0],C[1,0],X[2,0|0,0],X[0,0|0,1]]","(True, True, False, False, False, False, False, (0, 1, 2, 0), (0, 0, 0, 1))",108,2
CCXX,1402,24060,"CCXX[C[0,0],C[1,0],X[2,0|0,0],X[0,0|1,0]]","(True, False, False, False, False, False, False, (0, 1, 2, 0), (0, 0, 0, 0))",108,2
CCXX,1403,24061,"CCXX[C[0,0],C[1,0],X[2,0|0,0],X[0,0|1,1]]","(True, False, False, False, False, False, False, (0, 1, 2, 0), (0, 0, 0, 1))",216,1
CCXX,1404,24066,"CCXX[C[0,0],C[1,0],X[2,0|0,0],X[0,1|0,0]]","(True, False, False, False, False, False, False, (0, 1, 2, 0), (0, 0, 0, 0))",108,2
CCXX,1405,24067,"CCXX[C[0,0],C[1,0],X[2,0|0,0],X[0,1|0,1]]","(True, False, False, False, False, False, False, (0, 1, 2, 0), (0, 0, 0, 1))",216,1
CCXX,1406,24069,"CCXX[C[0,0],C[1,0],X[2,0|0,0],X[0,1|1,0]]","(True, True, False, False, True, False, False, (0, 1, 2, 0), (0, 0, 0, 0))",108,2
CCXX,1407,24070,"CCXX[C[0,0],C[1,0],X[2,0|0,0],X[0,1|1,1]]","(True, True, False, False, False, False, False, (0, 1, 2, 0), (0, 0, 0, 1))",216,1
CCXX,1408,24072,"CCXX[C[0,0],C[1,0],X[2,0|0,0],X[0,1|2,0]]","(True, False, False, False, False, False, False, (0, 1, 2, 0), (0, 0, 0, 0))",108,2
CCXX,1409,24073,"CCXX[C[0,0],C[1,0],X[2,0|0,0],X[0,1|2,1]]","(True, False, False, False, False, False, False, (0, 1, 2, 0), (0, 0, 0, 1))",216,1
CCXX,1410,24084,"CCXX[C[0,0],C[1,0],X[2,0|0,0],X[1,0|0,0]]","(True, True, False, False, False, False, True, (0, 1, 2, 1), (0, 0, 0, 0))",54,4
CCXX,1411,24085,"CCXX[C[0,0],C[1,0],X[2,0|0,0],X[1,0|0,1]]","(True, True, False, False, False, False, False, (0, 1, 2, 1), (0, 0, 0, 1))",108,2
CCXX,1412,24087,"CCXX[C[0,0],C[1,0],X[2,0|0,0],X[1,0|1,0]]","(True, False, False, False, False, False, False, (0, 1, 2, 1), (0, 0, 0, 0))",108,2
CCXX,1413,24088,"CCXX[C[0,0],C[1,0],X[2,0|0,0],X[1,0|1,1]]","(True, False, False, False, False, False, False, (0, 1, 2, 1), (0, 0, 0, 1))",216,1
CCXX,1414,24093,"CCXX[C[0,0],C[1,0],X[2,0|0,0],X[1,1|0,0]]","(True, False, False, False, False, False, False, (0, 1, 2, 1), (0, 0, 0, 0))",108,2
CCXX,1415,24094,"CCXX[C[0,0],C[1,0],X[2,0|0,0],X[1,1|0,1]]","(True, False, False, False, False, False, False, (0, 1, 2, 1), (0, 0, 0, 1))",216,1
CCXX,1416,24096,"CCXX[C[0,0],C[1,0],X[2,0|0,0],X[1,1|1,0]]","(True, True, False, False, False, False, True, (0, 1, 2, 1), (0, 0, 0, 0))",108,2
CCXX,1417,24097,"CCXX[C[0,0],C[1,0],X[2,0|0,0],X[1,1|1,1]]","(True, True, False, False, False, False, False, (0, 1, 2, 1), (0, 0, 0, 1))",216,1
CCXX,1418,24099,"CCXX[C[0,0],C[1,0],X[2,0|0,0],X[1,1|2,0]]","(True, False, False, False, False, False, False, (0, 1, 2, 1), (0, 0, 0, 0))",108,2
CCXX,1419,24100,"CCXX[C[0,0],C[1,0],X[2,0|0,0],X[1,1|2,1]]","(True, False, False, False, False, False, False, (0, 1, 2, 1), (0, 0, 0, 1))",216,1
CCXX,1420,24111,"CCXX[C[0,0],C[1,0],X[2,0|0,0],X[2,0|0,0]]","(True, True, False, False, False, False, False, (0, 1, 2, 2), (0, 0, 0, 0))",54,4
CCXX,1421,24112,"CCXX[C[0,0],C[1,0],X[2,0|0,0],X[2,0|0,1]]","(True, True, False, False, False, False, False, (0, 1, 2, 2), (0, 0, 0, 1))",108,2
CCXX,1422,24114,"CCXX[C[0,0],C[1,0],X[2,0|0,0],X[2,0|1,0]]","(True, False, False, False, False, False, False, (0, 1, 2, 2), (0, 0, 0, 0))",108,2
CCXX,1423,24115,"CCXX[C[0,0],C[1,0],X[2,0|0,0],X[2,0|1,1]]","(True, False, False, False, False, False, False, (0, 1, 2, 2), (0, 0, 0, 1))",216,1
CCXX,1424,24120,"CCXX[C[0,0],C[1,0],X[2,0|0,0],X[2,1|0,0]]","(True, False, False, False, False, False, False, (0, 1, 2, 2), (0, 0, 0, 0))",108,2
CCXX,1425,24121,"CCXX[C[0,0],C[1,0],X[2,0|0,0],X[2,1|0,1]]","(True, False, False, False, False, False, False, (0, 1, 2, 2), (0, 0, 0, 1))",216,1
CCXX,1426,24123,"CCXX[C[0,0],C[1,0],X[2,0|0,0],X[2,1|1,0]]","(True, True, False, False, False, False, False, (0, 1, 2, 2), (0, 0, 0, 0))",108,2
CCXX,1427,24124,"CCXX[C[0,0],C[1,0],X[2,0|0,0],X[2,1|1,1]]","(True, True, False, False, False, False, False, (0, 1, 2, 2), (0, 0, 0, 1))",216,1
CCXX,1428,24126,"CCXX[C[0,0],C[1,0],X[2,0|0,0],X[2,1|2,0]]","(True, False, False, False, False, False, False, (0, 1, 2, 2), (0, 0, 0, 0))",108,2
CCXX,1429,24127,"CCXX[C[0,0],C[1,0],X[2,0|0,0],X[2,1|2,1]]","(True, False, False, False, False, False, False, (0, 1, 2, 2), (0, 0, 0, 1))",216,1
CCXX,1430,24138,"CCXX[C[0,0],C[1,0],X[2,0|0,1],X[0,0|0,0]]","(True, True, False, False, True, False, False, (0, 1, 2, 0), (0, 0, 1, 0))",108,2
CCXX,1431,24139,"CCXX[C[0,0],C[1,0],X[2,0|0,1],X[0,0|0,1]]","(True, True, False, False, False, False, False, (0, 1, 2, 0), (0, 0, 1, 1))",108,2
CCXX,1432,24140,"CCXX[C[0,0],C[1,0],X[2,0|0,1],X[0,0|0,2]]","(True, True, False, False, False, False, False, (0, 1, 2, 0), (0, 0, 1, 2))",108,2
CCXX,1433,24141,"CCXX[C[0,0],C[1,0],X[2,0|0,1],X[0,0|1,0]]","(True, False, False, False, False, False, False, (0, 1, 2, 0), (0, 0, 1, 0))",216,1
CCXX,1434,24142,"CCXX[C[0,0],C[1,0],X[2,0|0,1],X[0,0|1,1]]","(True, False, False, False, False, False, False, (0, 1, 2, 0), (0, 0, 1, 1))",216,1
CCXX,1435,24143,"CCXX[C[0,0],C[1,0],X[2,0|0,1],X[0,0|1,2]]","(True, False, False, False, False, False, False, (0, 1, 2, 0), (0, 0, 1, 2))",216,1
CCXX,1436,24147,"CCXX[C[0,0],C[1,0],X[2,0|0,1],X[0,1|0,0]]","(True, False, False, False, False, False, False, (0, 1, 2, 0), (0, 0, 1, 0))",216,1
CCXX,1437,24148,"CCXX[C[0,0],C[1,0],X[2,0|0,1],X[0,1|0,1]]","(True, False, False, False, False, False, False, (0, 1, 2, 0), (0, 0, 1, 1))",216,1
CCXX,1438,24149,"CCXX[C[0,0],C[1,0],X[2,0|0,1],X[0,1|0,2]]","(True, False, False, False, False, False, False, (0, 1, 2, 0), (0, 0, 1, 2))",216,1
CCXX,1439,24150,"CCXX[C[0,0],C[1,0],X[2,0|0,1],X[0,1|1,0]]","(True, True, False, False, True, False, False, (0, 1, 2, 0), (0, 0, 1, 0))",216,1
CCXX,1440,24151,"CCXX[C[0,0],C[1,0],X[2,0|0,1],X[0,1|1,1]]","(True, True, False, False, False, False, False, (0, 1, 2, 0), (0, 0, 1, 1))",216,1
CCXX,1441,24152,"CCXX[C[0,0],C[1,0],X[2,0|0,1],X[0,1|1,2]]","(True, True, False, False, False, False, False, (0, 1, 2, 0), (0, 0, 1, 2))",216,1
CCXX,1442,24153,"CCXX[C[0,0],C[1,0],X[2,0|0,1],X[0,1|2,0]]","(True, False, False, False, False, False, False, (0, 1, 2, 0), (0, 0, 1, 0))",216,1
CCXX,1443,24154,"CCXX[C[0,0],C[1,0],X[2,0|0,1],X[0,1|2,1]]","(True, False, False, False, False, False, False, (0, 1, 2, 0), (0, 0, 1, 1))",216,1
CCXX,1444,24155,"CCXX[C[0,0],C[1,0],X[2,0|0,1],X[0,1|2,2]]","(True, False, False, False, False, False, False, (0, 1, 2, 0), (0, 0, 1, 2))",216,1
CCXX,1445,24165,"CCXX[C[0,0],C[1,0],X[2,0|0,1],X[1,0|0,0]]","(True, True, False, False, False, False, True, (0, 1, 2, 1), (0, 0, 1, 0))",108,2
CCXX,1446,24166,"CCXX[C[0,0],C[1,0],X[2,0|0,1],X[1,0|0,1]]","(True, True, False, False, False, False, False, (0, 1, 2, 1), (0, 0, 1, 1))",108,2
CCXX,1447,24167,"CCXX[C[0,0],C[1,0],X[2,0|0,1],X[1,0|0,2]]","(True, True, False, False, False, False, False, (0, 1, 2, 1), (0, 0, 1, 2))",108,2
CCXX,1448,24168,"CCXX[C[0,0],C[1,0],X[2,0|0,1],X[1,0|1,0]]","(True, False, False, False, False, False, False, (0, 1, 2, 1), (0, 0, 1, 0))",216,1
CCXX,1449,24169,"CCXX[C[0,0],C[1,0],X[2,0|0,1],X[1,0|1,1]]","(True, False, False, False, False, False, False, (0, 1, 2, 1), (0, 0, 1, 1))",216,1
CCXX,1450,24170,"CCXX[C[0,0],C[1,0],X[2,0|0,1],X[1,0|1,2]]","(True, False, False, False, False, False, False, (0, 1, 2, 1), (0, 0, 1, 2))",216,1
CCXX,1451,24174,"CCXX[C[0,0],C[1,0],X[2,0|0,1],X[1,1|0,0]]","(True, False, False, False, False, False, False, (0, 1, 2, 1), (0, 0, 1, 0))",216,1
CCXX,1452,24175,"CCXX[C[0,0],C[1,0],X[2,0|0,1],X[1,1|0,1]]","(True, False, False, False, False, False, False, (0, 1, 2, 1), (0, 0, 1, 1))",216,1
CCXX,1453,24176,"CCXX[C[0,0],C[1,0],X[2,0|0,1],X[1,1|0,2]]","(True, False, False, False, False, False, False, (0, 1, 2, 1), (0, 0, 1, 2))",216,1
CCXX,1454,24177,"CCXX[C[0,0],C[1,0],X[2,0|0,1],X[1,1|1,0]]","(True, True, False, False, False, False, True, (0, 1, 2, 1), (0, 0, 1, 0))",216,1
CCXX,1455,24178,"CCXX[C[0,0],C[1,0],X[2,0|0,1],X[1,1|1,1]]","(True, True, False, False, False, False, False, (0, 1, 2, 1), (0, 0, 1, 1))",216,1
CCXX,1456,24179,"CCXX[C[0,0],C[1,0],X[2,0|0,1],X[1,1|1,2]]","(True, True, False, False, False, False, False, (0, 1, 2, 1), (0, 0, 1, 2))",216,1
CCXX,1457,24180,"CCXX[C[0,0],C[1,0],X[2,0|0,1],X[1,1|2,0]]","(True, False, False, False, False, False, False, (0, 1, 2, 1), (0, 0, 1, 0))",216,1
CCXX,1458,24181,"CCXX[C[0,0],C[1,0],X[2,0|0,1],X[1,1|2,1]]","(True, False, False, False, False, False, False, (0, 1, 2, 1), (0, 0, 1, 1))",216,1
CCXX,1459,24182,"CCXX[C[0,0],C[1,0],X[2,0|0,1],X[1,1|2,2]]","(True, False, False, False, False, False, False, (0, 1, 2, 1), (0, 0, 1, 2))",216,1
CCXX,1460,24192,"CCXX[C[0,0],C[1,0],X[2,0|0,1],X[2,0|0,0]]","(True, True, False, False, False, False, False, (0, 1, 2, 2), (0, 0, 1, 0))",108,2
CCXX,1461,24193,"CCXX[C[0,0],C[1,0],X[2,0|0,1],X[2,0|0,1]]","(True, True, False, False, False, False, False, (0, 1, 2, 2), (0, 0, 1, 1))",108,2
CCXX,1462,24194,"CCXX[C[0,0],C[1,0],X[2,0|0,1],X[2,0|0,2]]","(True, True, False, False, False, False, False, (0, 1, 2, 2), (0, 0, 1, 2))",108,2
CCXX,1463,24195,"CCXX[C[0,0],C[1,0],X[2,0|0,1],X[2,0|1,0]]","(True, False, False, False, False, False, False, (0, 1, 2, 2), (0, 0, 1, 0))",216,1
CCXX,1464,24196,"CCXX[C[0,0],C[1,0],X[2,0|0,1],X[2,0|1,1]]","(True, False, False, False, False, False, False, (0, 1, 2, 2), (0, 0, 1, 1))",216,1
CCXX,1465,24197,"CCXX[C[0,0],C[1,0],X[2,0|0,1],X[2,0|1,2]]","(True, False, False, False, False, False, False, (0, 1, 2, 2), (0, 0, 1, 2))",216,1
CCXX,1466,24201,"CCXX[C[0,0],C[1,0],X[2,0|0,1],X[2,1|0,0]]","(True, False, False, False, False, False, False, (0, 1, 2, 2), (0, 0, 1, 0))",216,1
CCXX,1467,24202,"CCXX[C[0,0],C[1,0],X[2,0|0,1],X[2,1|0,1]]","(True, False, False, False, False, False, False, (0, 1, 2, 2), (0, 0, 1, 1))",216,1
CCXX,1468,24203,"CCXX[C[0,0],C[1,0],X[2,0|0,1],X[2,1|0,2]]","(True, False, False, False, False, False, False, (0, 1, 2, 2), (0, 0, 1, 2))",216,1
CCXX,1469,24204,"CCXX[C[0,0],C[1,0],X[2,0|0,1],X[2,1|1,0]]","(True, True, False, False, False, False, False, (0, 1, 2, 2), (0, 0, 1, 0))",216,1
CCXX,1470,24205,"CCXX[C[0,0],C[1,0],X[2,0|0,1],X[2,1|1,1]]","(True, True, False, False, False, False, False, (0, 1, 2, 2), (0, 0, 1, 1))",216,1
CCXX,1471,24206,"CCXX[C[0,0],C[1,0],X[2,0|0,1],X[2,1|1,2]]","(True, True, False, False, False, False, False, (0, 1, 2, 2), (0, 0, 1, 2))",216,1
CCXX,1472,24207,"CCXX[C[0,0],C[1,0],X[2,0|0,1],X[2,1|2,0]]","(True, False, False, False, False, False, False, (0, 1, 2, 2), (0, 0, 1, 0))",216,1
CCXX,1473,24208,"CCXX[C[0,0],C[1,0],X[2,0|0,1],X[2,1|2,1]]","(True, False, False, False, False, False, False, (0, 1, 2, 2), (0, 0, 1, 1))",216,1
CCXX,1474,24209,"CCXX[C[0,0],C[1,0],X[2,0|0,1],X[2,1|2,2]]","(True, False, False, False, False, False, False, (0, 1, 2, 2), (0, 0, 1, 2))",216,1
CCXX,1475,24300,"CCXX[C[0,0],C[1,0],X[2,0|1,0],X[0,0|0,0]]","(False, True, False, False, True, False, False, (0, 1, 2, 0), (0, 0, 0, 0))",108,2
CCXX,1476,24301,"CCXX[C[0,0],C[1,0],X[2,0|1,0],X[0,0|0,1]]","(False, True, False, False, False, False, False, (0, 1, 2, 0), (0, 0, 0, 1))",216,1
CCXX,1477,24303,"CCXX[C[0,0],C[1,0],X[2,0|1,0],X[0,0|1,0]]","(False, False, False, False, False, False, False, (0, 1, 2, 0), (0, 0, 0, 0))",108,2
CCXX,1478,24304,"CCXX[C[0,0],C[1,0],X[2,0|1,0],X[0,0|1,1]]","(False, False, False, False, False, False, False, (0, 1, 2, 0), (0, 0, 0, 1))",216,1
CCXX,1479,24306,"CCXX[C[0,0],C[1,0],X[2,0|1,0],X[0,0|2,0]]","(False, False, False, False, False, False, False, (0, 1, 2, 0), (0, 0, 0, 0))",108,2
CCXX,1480,24307,"CCXX[C[0,0],C[1,0],X[2,0|1,0],X[0,0|2,1]]","(False, False, False, False, False, False, False, (0, 1, 2, 0), (0, 0, 0, 1))",216,1
CCXX,1481,24309,"CCXX[C[0,0],C[1,0],X[2,0|1,0],X[0,1|0,0]]","(False, False, False, False, False, False, False, (0, 1, 2, 0), (0, 0, 0, 0))",108,2
CCXX,1482,24310,"CCXX[C[0,0],C[1,0],X[2,0|1,0],X[0,1|0,1]]","(False, False, False, False, False, False, False, (0, 1, 2, 0), (0, 0, 0, 1))",216,1
CCXX,1483,24312,"CCXX[C[0,0],C[1,0],X[2,0|1,0],X[0,1|1,0]]","(False, True, False, False, True, False, False, (0, 1, 2, 0), (0, 0, 0, 0))",108,2
CCXX,1484,24313,"CCXX[C[0,0],C[1,0],X[2,0|1,0],X[0,1|1,1]]","(False, True, False, False, False, False, False, (0, 1, 2, 0), (0, 0, 0, 1))",216,1
CCXX,1485,24315,"CCXX[C[0,0],C[1,0],X[2,0|1,0],X[0,1|2,0]]","(False, False, False, False, False, False, False, (0, 1, 2, 0), (0, 0, 0, 0))",108,2
CCXX,1486,24316,"CCXX[C[0,0],C[1,0],X[2,0|1,0],X[0,1|2,1]]","(False, False, False, False, False, False, False, (0, 1, 2, 0), (0, 0, 0, 1))",216,1
CCXX,1487,24318,"CCXX[C[0,0],C[1,0],X[2,0|1,0],X[0,2|0,0]]","(False, False, False, False, False, False, False, (0, 1, 2, 0), (0, 0, 0, 0))",108,2
CCXX,1488,24319,"CCXX[C[0,0],C[1,0],X[2,0|1,0],X[0,2|0,1]]","(False, False, False, False, False, False, False, (0, 1, 2, 0), (0, 0, 0, 1))",216,1
CCXX,1489,24321,"CCXX[C[0,0],C[1,0],X[2,0|1,0],X[0,2|1,0]]","(False, False, False, False, False, False, False, (0, 1, 2, 0), (0, 0, 0, 0))",108,2
CCXX,1490,24322,"CCXX[C[0,0],C[1,0],X[2,0|1,0],X[0,2|1,1]]","(False, False, False, False, False, False, False, (0, 1, 2, 0), (0, 0, 0, 1))",216,1
CCXX,1491,24324,"CCXX[C[0,0],C[1,0],X[2,0|1,0],X[0,2|2,0]]","(False, True, False, False, True, False, False, (0, 1, 2, 0), (0, 0, 0, 0))",108,2
CCXX,1492,24325,"CCXX[C[0,0],C[1,0],X[2,0|1,0],X[0,2|2,1]]","(False, True, False, False, False, False, False, (0, 1, 2, 0), (0, 0, 0, 1))",216,1
CCXX,1493,24327,"CCXX[C[0,0],C[1,0],X[2,0|1,0],X[1,0|0,0]]","(False, True, False, False, False, False, True, (0, 1, 2, 1), (0, 0, 0, 0))",108,2
CCXX,1494,24328,"CCXX[C[0,0],C[1,0],X[2,0|1,0],X[1,0|0,1]]","(False, True, False, False, False, False, False, (0, 1, 2, 1), (0, 0, 0, 1))",216,1
CCXX,1495,24330,"CCXX[C[0,0],C[1,0],X[2,0|1,0],X[1,0|1,0]]","(False, False, False, False, False, False, False, (0, 1, 2, 1), (0, 0, 0, 0))",108,2
CCXX,1496,24331,"CCXX[C[0,0],C[1,0],X[2,0|1,0],X[1,0|1,1]]","(False, False, False, False, False, False, False, (0, 1, 2, 1), (0, 0, 0, 1))",216,1
CCXX,1497,24333,"CCXX[C[0,0],C[1,0],X[2,0|1,0],X[1,0|2,0]]","(False, False, False, False, False, False, False, (0, 1, 2, 1), (0, 0, 0, 0))",108,2
CCXX,1498,24334,"CCXX[C[0,0],C[1,0],X[2,0|1,0],X[1,0|2,1]]","(False, False, False, False, False, False, False, (0, 1, 2, 1), (0, 0, 0, 1))",216,1
CCXX,1499,24336,"CCXX[C[0,0],C[1,0],X[2,0|1,0],X[1,1|0,0]]","(False, False, False, False, False, False, False, (0, 1, 2, 1), (0, 0, 0, 0))",108,2
CCXX,1500,24337,"CCXX[C[0,0],C[1,0],X[2,0|1,0],X[1,1|0,1]]","(False, False, False, False, False, False, False, (0, 1, 2, 1), (0, 0, 0, 1))",216,1
CCXX,1501,24339,"CCXX[C[0,0],C[1,0],X[2,0|1,0],X[1,1|1,0]]","(False, True, False, False, False, False, True, (0, 1, 2, 1), (0, 0, 0, 0))",108,2
CCXX,1502,24340,"CCXX[C[0,0],C[1,0],X[2,0|1,0],X[1,1|1,1]]","(False, True, False, False, False, False, False, (0, 1, 2, 1), (0, 0, 0, 1))",216,1
CCXX,1503,24342,"CCXX[C[0,0],C[1,0],X[2,0|1,0],X[1,1|2,0]]","(False, False, False, False, False, False, False, (0, 1, 2, 1), (0, 0, 0, 0))",108,2
CCXX,1504,24343,"CCXX[C[0,0],C[1,0],X[2,0|1,0],X[1,1|2,1]]","(False, False, False, False, False, False, False, (0, 1, 2, 1), (0, 0, 0, 1))",216,1
CCXX,1505,24345,"CCXX[C[0,0],C[1,0],X[2,0|1,0],X[1,2|0,0]]","(False, False, False, False, False, False, False, (0, 1, 2, 1), (0, 0, 0, 0))",108,2
CCXX,1506,24346,"CCXX[C[0,0],C[1,0],X[2,0|1,0],X[1,2|0,1]]","(False, False, False, False, False, False, False, (0, 1, 2, 1), (0, 0, 0, 1))",216,1
CCXX,1507,24348,"CCXX[C[0,0],C[1,0],X[2,0|1,0],X[1,2|1,0]]","(False, False, False, False, False, False, False, (0, 1, 2, 1), (0, 0, 0, 0))",108,2
CCXX,1508,24349,"CCXX[C[0,0],C[1,0],X[2,0|1,0],X[1,2|1,1]]","(False, False, False, False, False, False, False, (0, 1, 2, 1), (0, 0, 0, 1))",216,1
CCXX,1509,24351,"CCXX[C[0,0],C[1,0],X[2,0|1,0],X[1,2|2,0]]","(False, True, False, False, False, False, True, (0, 1, 2, 1), (0, 0, 0, 0))",108,2
CCXX,1510,24352,"CCXX[C[0,0],C[1,0],X[2,0|1,0],X[1,2|2,1]]","(False, True, False, False, False, False, False, (0, 1, 2, 1), (0, 0, 0, 1))",216,1
CCXX,1511,24354,"CCXX[C[0,0],C[1,0],X[2,0|1,0],X[2,0|0,0]]","(False, True, False, False, False, False, False, (0, 1, 2, 2), (0, 0, 0, 0))",108,2
CCXX,1512,24355,"CCXX[C[0,0],C[1,0],X[2,0|1,0],X[2,0|0,1]]","(False, True, False, False, False, False, False, (0, 1, 2, 2), (0, 0, 0, 1))",216,1
CCXX,1513,24357,"CCXX[C[0,0],C[1,0],X[2,0|1,0],X[2,0|1,0]]","(False, False, False, False, False, False, False, (0, 1, 2, 2), (0, 0, 0, 0))",108,2
CCXX,1514,24358,"CCXX[C[0,0],C[1,0],X[2,0|1,0],X[2,0|1,1]]","(False, False, False, False, False, False, False, (0, 1, 2, 2), (0, 0, 0, 1))",216,1
CCXX,1515,24360,"CCXX[C[0,0],C[1,0],X[2,0|1,0],X[2,0|2,0]]","(False, False, False, False, False, False, False, (0, 1, 2, 2), (0, 0, 0, 0))",108,2
CCXX,1516,24361,"CCXX[C[0,0],C[1,0],X[2,0|1,0],X[2,0|2,1]]","(False, False, False, False, False, False, False, (0, 1, 2, 2), (0, 0, 0, 1))",216,1
CCXX,1517,24363,"CCXX[C[0,0],C[1,0],X[2,0|1,0],X[2,1|0,0]]","(False, False, False, False, False, False, False, (0, 1, 2, 2), (0, 0, 0, 0))",108,2
CCXX,1518,24364,"CCXX[C[0,0],C[1,0],X[2,0|1,0],X[2,1|0,1]]","(False, False, False, False, False, False, False, (0, 1, 2, 2), (0, 0, 0, 1))",216,1
CCXX,1519,24366,"CCXX[C[0,0],C[1,0],X[2,0|1,0],X[2,1|1,0]]","(False, True, False, False, False, False, False, (0, 1, 2, 2), (0, 0, 0, 0))",108,2
CCXX,1520,24367,"CCXX[C[0,0],C[1,0],X[2,0|1,0],X[2,1|1,1]]","(False, True, False, False, False, False, False, (0, 1, 2, 2), (0, 0, 0, 1))",216,1
CCXX,1521,24369,"CCXX[C[0,0],C[1,0],X[2,0|1,0],X[2,1|2,0]]","(False, False, False, False, False, False, False, (0, 1, 2, 2), (0, 0, 0, 0))",108,2
CCXX,1522,24370,"CCXX[C[0,0],C[1,0],X[2,0|1,0],X[2,1|2,1]]","(False, False, False, False, False, False, False, (0, 1, 2, 2), (0, 0, 0, 1))",216,1
CCXX,1523,24372,"CCXX[C[0,0],C[1,0],X[2,0|1,0],X[2,2|0,0]]","(False, False, False, False, False, False, False, (0, 1, 2, 2), (0, 0, 0, 0))",108,2
CCXX,1524,24373,"CCXX[C[0,0],C[1,0],X[2,0|1,0],X[2,2|0,1]]","(False, False, False, False, False, False, False, (0, 1, 2, 2), (0, 0, 0, 1))",216,1
CCXX,1525,24375,"CCXX[C[0,0],C[1,0],X[2,0|1,0],X[2,2|1,0]]","(False, False, False, False, False, False, False, (0, 1, 2, 2), (0, 0, 0, 0))",108,2
CCXX,1526,24376,"CCXX[C[0,0],C[1,0],X[2,0|1,0],X[2,2|1,1]]","(False, False, False, False, False, False, False, (0, 1, 2, 2), (0, 0, 0, 1))",216,1
CCXX,1527,24378,"CCXX[C[0,0],C[1,0],X[2,0|1,0],X[2,2|2,0]]","(False, True, False, False, False, False, False, (0, 1, 2, 2), (0, 0, 0, 0))",108,2
CCXX,1528,24379,"CCXX[C[0,0],C[1,0],X[2,0|1,0],X[2,2|2,1]]","(False, True, False, False, False, False, False, (0, 1, 2, 2), (0, 0, 0, 1))",216,1
CCXX,1529,24381,"CCXX[C[0,0],C[1,0],X[2,0|1,1],X[0,0|0,0]]","(False, True, False, False, True, False, False, (0, 1, 2, 0), (0, 0, 1, 0))",216,1
CCXX,1530,24382,"CCXX[C[0,0],C[1,0],X[2,0|1,1],X[0,0|0,1]]","(False, True, False, False, False, False, False, (0, 1, 2, 0), (0, 0, 1, 1))",216,1
CCXX,1531,24383,"CCXX[C[0,0],C[1,0],X[2,0|1,1],X[0,0|0,2]]","(False, True, False, False, False, False, False, (0, 1, 2, 0), (0, 0, 1, 2))",216,1
CCXX,1532,24384,"CCXX[C[0,0],C[1,0],X[2,0|1,1],X[0,0|1,0]]","(False, False, False, False, False, False, False, (0, 1, 2, 0), (0, 0, 1, 0))",216,1
CCXX,1533,24385,"CCXX[C[0,0],C[1,0],X[2,0|1,1],X[0,0|1,1]]","(False, False, False, False, False, False, False, (0, 1, 2, 0), (0, 0, 1, 1))",216,1
CCXX,1534,24386,"CCXX[C[0,0],C[1,0],X[2,0|1,1],X[0,0|1,2]]","(False, False, False, False, False, False, False, (0, 1, 2, 0), (0, 0, 1, 2))",216,1
CCXX,1535,24387,"CCXX[C[0,0],C[1,0],X[2,0|1,1],X[0,0|2,0]]","(False, False, False, False, False, False, False, (0, 1, 2, 0), (0, 0, 1, 0))",216,1
CCXX,1536,24388,"CCXX[C[0,0],C[1,0],X[2,0|1,1],X[0,0|2,1]]","(False, False, False, False, False, False, False, (0, 1, 2, 0), (0, 0, 1, 1))",216,1
CCXX,1537,24389,"CCXX[C[0,0],C[1,0],X[2,0|1,1],X[0,0|2,2]]","(False, False, False, False, False, False, False, (0, 1, 2, 0), (0, 0, 1, 2))",216,1
CCXX,1538,24390,"CCXX[C[0,0],C[1,0],X[2,0|1,1],X[0,1|0,0]]","(False, False, False, False, False, False, False, (0, 1, 2, 0), (0, 0, 1, 0))",216,1
CCXX,1539,24391,"CCXX[C[0,0],C[1,0],X[2,0|1,1],X[0,1|0,1]]","(False, False, False, False, False, False, False, (0, 1, 2, 0), (0, 0, 1, 1))",216,1
CCXX,1540,24392,"CCXX[C[0,0],C[1,0],X[2,0|1,1],X[0,1|0,2]]","(False, False, False, False, False, False, False, (0, 1, 2, 0), (0, 0, 1, 2))",216,1
CCXX,1541,24393,"CCXX[C[0,0],C[1,0],X[2,0|1,1],X[0,1|1,0]]","(False, True, False, False, True, False, False, (0, 1, 2, 0), (0, 0, 1, 0))",216,1
CCXX,1542,24394,"CCXX[C[0,0],C[1,0],X[2,0|1,1],X[0,1|1,1]]","(False, True, False, False, False, False, False, (0, 1, 2, 0), (0, 0, 1, 1))",216,1
CCXX,1543,24395,"CCXX[C[0,0],C[1,0],X[2,0|1,1],X[0,1|1,2]]","(False, True, False, False, False, False, False, (0, 1, 2, 0), (0, 0, 1, 2))",216,1
CCXX,1544,24396,"CCXX[C[0,0],C[1,0],X[2,0|1,1],X[0,1|2,0]]","(False, False, False, False, False, False, False, (0, 1, 2, 0), (0, 0, 1, 0))",216,1
CCXX,1545,24397,"CCXX[C[0,0],C[1,0],X[2,0|1,1],X[0,1|2,1]]","(False, False, False, False, False, False, False, (0, 1, 2, 0), (0, 0, 1, 1))",216,1
CCXX,1546,24398,"CCXX[C[0,0],C[1,0],X[2,0|1,1],X[0,1|2,2]]","(False, False, False, False, False, False, False, (0, 1, 2, 0), (0, 0, 1, 2))",216,1
CCXX,1547,24399,"CCXX[C[0,0],C[1,0],X[2,0|1,1],X[0,2|0,0]]","(False, False, False, False, False, False, False, (0, 1, 2, 0), (0, 0, 1, 0))",216,1
CCXX,1548,24400,"CCXX[C[0,0],C[1,0],X[2,0|1,1],X[0,2|0,1]]","(False, False, False, False, False, False, False, (0, 1, 2, 0), (0, 0, 1, 1))",216,1
CCXX,1549,24401,"CCXX[C[0,0],C[1,0],X[2,0|1,1],X[0,2|0,2]]","(False, False, False, False, False, False, False, (0, 1, 2, 0), (0, 0, 1, 2))",216,1
CCXX,1550,24402,"CCXX[C[0,0],C[1,0],X[2,0|1,1],X[0,2|1,0]]","(False, False, False, False, False, False, False, (0, 1, 2, 0), (0, 0, 1, 0))",216,1
CCXX,1551,24403,"CCXX[C[0,0],C[1,0],X[2,0|1,1],X[0,2|1,1]]","(False, False, False, False, False, False, False, (0, 1, 2, 0), (0, 0, 1, 1))",216,1
CCXX,1552,24404,"CCXX[C[0,0],C[1,0],X[2,0|1,1],X[0,2|1,2]]","(False, False, False, False, False, False, False, (0, 1, 2, 0), (0, 0, 1, 2))",216,1
CCXX,1553,24405,"CCXX[C[0,0],C[1,0],X[2,0|1,1],X[0,2|2,0]]","(False, True, False, False, True, False, False, (0, 1, 2, 0), (0, 0, 1, 0))",216,1
CCXX,1554,24406,"CCXX[C[0,0],C[1,0],X[2,0|1,1],X[0,2|2,1]]","(False, True, False, False, False, False, False, (0, 1, 2, 0), (0, 0, 1, 1))",216,1
CCXX,1555,24407,"CCXX[C[0,0],C[1,0],X[2,0|1,1],X[0,2|2,2]]","(False, True, False, False, False, False, False, (0, 1, 2, 0), (0, 0, 1, 2))",216,1
CCXX,1556,24408,"CCXX[C[0,0],C[1,0],X[2,0|1,1],X[1,0|0,0]]","(False, True, False, False, False, False, True, (0, 1, 2, 1), (0, 0, 1, 0))",216,1
CCXX,1557,24409,"CCXX[C[0,0],C[1,0],X[2,0|1,1],X[1,0|0,1]]","(False, True, False, False, False, False, False, (0, 1, 2, 1), (0, 0, 1, 1))",216,1
CCXX,1558,24410,"CCXX[C[0,0],C[1,0],X[2,0|1,1],X[1,0|0,2]]","(False, True, False, False, False, False, False, (0, 1, 2, 1), (0, 0, 1, 2))",216,1
CCXX,1559,24411,"CCXX[C[0,0],C[1,0],X[2,0|1,1],X[1,0|1,0]]","(False, False, False, False, False, False, False, (0, 1, 2, 1), (0, 0, 1, 0))",216,1
CCXX,1560,24412,"CCXX[C[0,0],C[1,0],X[2,0|1,1],X[1,0|1,1]]","(False, False, False, False, False, False, False, (0, 1, 2, 1), (0, 0, 1, 1))",216,1
CCXX,1561,24413,"CCXX[C[0,0],C[1,0],X[2,0|1,1],X[1,0|1,2]]","(False, False, False, False, False, False, False, (0, 1, 2, 1), (0, 0, 1, 2))",216,1
CCXX,1562,24414,"CCXX[C[0,0],C[1,0],X[2,0|1,1],X[1,0|2,0]]","(False, False, False, False, False, False, False, (0, 1, 2, 1), (0, 0, 1, 0))",216,1
CCXX,1563,24415,"CCXX[C[0,0],C[1,0],X[2,0|1,1],X[1,0|2,1]]","(False, False, False, False, False, False, False, (0, 1, 2, 1), (0, 0, 1, 1))",216,1
CCXX,1564,24416,"CCXX[C[0,0],C[1,0],X[2,0|1,1],X[1,0|2,2]]","(False, False, False, False, False, False, False, (0, 1, 2, 1), (0, 0, 1, 2))",216,1
CCXX,1565,24417,"CCXX[C[0,0],C[1,0],X[2,0|1,1],X[1,1|0,0]]","(False, False, False, False, False, False, False, (0, 1, 2, 1), (0, 0, 1, 0))",216,1
CCXX,1566,24418,"CCXX[C[0,0],C[1,0],X[2,0|1,1],X[1,1|0,1]]","(False, False, False, False, False, False, False, (0, 1, 2, 1), (0, 0, 1, 1))",216,1
CCXX,1567,24419,"CCXX[C[0,0],C[1,0],X[2,0|1,1],X[1,1|0,2]]","(False, False, False, False, False, False, False, (0, 1, 2, 1), (0, 0, 1, 2))",216,1
CCXX,1568,24420,"CCXX[C[0,0],C[1,0],X[2,0|1,1],X[1,1|1,0]]","(False, True, False, False, False, False, True, (0, 1, 2, 1), (0, 0, 1, 0))",216,1
CCXX,1569,24421,"CCXX[C[0,0],C[1,0],X[2,0|1,1],X[1,1|1,1]]","(False, True, False, False, False, False, False, (0, 1, 2, 1), (0, 0, 1, 1))",216,1
CCXX,1570,24422,"CCXX[C[0,0],C[1,0],X[2,0|1,1],X[1,1|1,2]]","(False, True, False, False, False, False, False, (0, 1, 2, 1), (0, 0, 1, 2))",216,1
CCXX,1571,24423,"CCXX[C[0,0],C[1,0],X[2,0|1,1],X[1,1|2,0]]","(False, False, False, False, False, False, False, (0, 1, 2, 1), (0, 0, 1, 0))",216,1
CCXX,1572,24424,"CCXX[C[0,0],C[1,0],X[2,0|1,1],X[1,1|2,1]]","(False, False, False, False, False, False, False, (0, 1, 2, 1), (0, 0, 1, 1))",216,1
CCXX,1573,24425,"CCXX[C[0,0],C[1,0],X[2,0|1,1],X[1,1|2,2]]","(False, False, False, False, False, False, False, (0, 1, 2, 1), (0, 0, 1, 2))",216,1
CCXX,1574,24426,"CCXX[C[0,0],C[1,0],X[2,0|1,1],X[1,2|0,0]]","(False, False, False, False, False, False, False, (0, 1, 2, 1), (0, 0, 1, 0))",216,1
CCXX,1575,24427,"CCXX[C[0,0],C[1,0],X[2,0|1,1],X[1,2|0,1]]","(False, False, False, False, False, False, False, (0, 1, 2, 1), (0, 0, 1, 1))",216,1
CCXX,1576,24428,"CCXX[C[0,0],C[1,0],X[2,0|1,1],X[1,2|0,2]]","(False, False, False, False, False, False, False, (0, 1, 2, 1), (0, 0, 1, 2))",216,1
CCXX,1577,24429,"CCXX[C[0,0],C[1,0],X[2,0|1,1],X[1,2|1,0]]","(False, False, False, False, False, False, False, (0, 1, 2, 1), (0, 0, 1, 0))",216,1
CCXX,1578,24430,"CCXX[C[0,0],C[1,0],X[2,0|1,1],X[1,2|1,1]]","(False, False, False, False, False, False, False, (0, 1, 2, 1), (0, 0, 1, 1))",216,1
CCXX,1579,24431,"CCXX[C[0,0],C[1,0],X[2,0|1,1],X[1,2|1,2]]","(False, False, False, False, False, False, False, (0, 1, 2, 1), (0, 0, 1, 2))",216,1
CCXX,1580,24432,"CCXX[C[0,0],C[1,0],X[2,0|1,1],X[1,2|2,0]]","(False, True, False, False, False, False, True, (0, 1, 2, 1), (0, 0, 1, 0))",216,1
CCXX,1581,24433,"CCXX[C[0,0],C[1,0],X[2,0|1,1],X[1,2|2,1]]","(False, True, False, False, False, False, False, (0, 1, 2, 1), (0, 0, 1, 1))",216,1
CCXX,1582,24434,"CCXX[C[0,0],C[1,0],X[2,0|1,1],X[1,2|2,2]]","(False, True, False, False, False, False, False, (0, 1, 2, 1), (0, 0, 1, 2))",216,1
CCXX,1583,24435,"CCXX[C[0,0],C[1,0],X[2,0|1,1],X[2,0|0,0]]","(False, True, False, False, False, False, False, (0, 1, 2, 2), (0, 0, 1, 0))",216,1
CCXX,1584,24436,"CCXX[C[0,0],C[1,0],X[2,0|1,1],X[2,0|0,1]]","(False, True, False, False, False, False, False, (0, 1, 2, 2), (0, 0, 1, 1))",216,1
CCXX,1585,24437,"CCXX[C[0,0],C[1,0],X[2,0|1,1],X[2,0|0,2]]","(False, True, False, False, False, False, False, (0, 1, 2, 2), (0, 0, 1, 2))",216,1
CCXX,1586,24438,"CCXX[C[0,0],C[1,0],X[2,0|1,1],X[2,0|1,0]]","(False, False, False, False, False, False, False, (0, 1, 2, 2), (0, 0, 1, 0))",216,1
CCXX,1587,24439,"CCXX[C[0,0],C[1,0],X[2,0|1,1],X[2,0|1,1]]","(False, False, False, False, False, False, False, (0, 1, 2, 2), (0, 0, 1, 1))",216,1
CCXX,1588,24440,"CCXX[C[0,0],C[1,0],X[2,0|1,1],X[2,0|1,2]]","(False, False, False, False, False, False, False, (0, 1, 2, 2), (0, 0, 1, 2))",216,1
CCXX,1589,24441,"CCXX[C[0,0],C[1,0],X[2,0|1,1],X[2,0|2,0]]","(False, False, False, False, False, False, False, (0, 1, 2, 2), (0, 0, 1, 0))",216,1
CCXX,1590,24442,"CCXX[C[0,0],C[1,0],X[2,0|1,1],X[2,0|2,1]]","(False, False, False, False, False, False, False, (0, 1, 2, 2), (0, 0, 1, 1))",216,1
CCXX,1591,24443,"CCXX[C[0,0],C[1,0],X[2,0|1,1],X[2,0|2,2]]","(False, False, False, False, False, False, False, (0, 1, 2, 2), (0, 0, 1, 2))",216,1
CCXX,1592,24444,"CCXX[C[0,0],C[1,0],X[2,0|1,1],X[2,1|0,0]]","(False, False, False, False, False, False, False, (0, 1, 2, 2), (0, 0, 1, 0))",216,1
CCXX,1593,24445,"CCXX[C[0,0],C[1,0],X[2,0|1,1],X[2,1|0,1]]","(False, False, False, False, False, False, False, (0, 1, 2, 2), (0, 0, 1, 1))",216,1
CCXX,1594,24446,"CCXX[C[0,0],C[1,0],X[2,0|1,1],X[2,1|0,2]]","(False, False, False, False, False, False, False, (0, 1, 2, 2), (0, 0, 1, 2))",216,1
CCXX,1595,24447,"CCXX[C[0,0],C[1,0],X[2,0|1,1],X[2,1|1,0]]","(False, True, False, False, False, False, False, (0, 1, 2, 2), (0, 0, 1, 0))",216,1
CCXX,1596,24448,"CCXX[C[0,0],C[1,0],X[2,0|1,1],X[2,1|1,1]]","(False, True, False, False, False, False, False, (0, 1, 2, 2), (0, 0, 1, 1))",216,1
CCXX,1597,24449,"CCXX[C[0,0],C[1,0],X[2,0|1,1],X[2,1|1,2]]","(False, True, False, False, False, False, False, (0, 1, 2, 2), (0, 0, 1, 2))",216,1
CCXX,1598,24450,"CCXX[C[0,0],C[1,0],X[2,0|1,1],X[2,1|2,0]]","(False, False, False, False, False, False, False, (0, 1, 2, 2), (0, 0, 1, 0))",216,1
CCXX,1599,24451,"CCXX[C[0,0],C[1,0],X[2,0|1,1],X[2,1|2,1]]","(False, False, False, False, False, False, False, (0, 1, 2, 2), (0, 0, 1, 1))",216,1
CCXX,1600,24452,"CCXX[C[0,0],C[1,0],X[2,0|1,1],X[2,1|2,2]]","(False, False, False, False, False, False, False, (0, 1, 2, 2), (0, 0, 1, 2))",216,1
CCXX,1601,24453,"CCXX[C[0,0],C[1,0],X[2,0|1,1],X[2,2|0,0]]","(False, False, False, False, False, False, False, (0, 1, 2, 2), (0, 0, 1, 0))",216,1
CCXX,1602,24454,"CCXX[C[0,0],C[1,0],X[2,0|1,1],X[2,2|0,1]]","(False, False, False, False, False, False, False, (0, 1, 2, 2), (0, 0, 1, 1))",216,1
CCXX,1603,24455,"CCXX[C[0,0],C[1,0],X[2,0|1,1],X[2,2|0,2]]","(False, False, False, False, False, False, False, (0, 1, 2, 2), (0, 0, 1, 2))",216,1
CCXX,1604,24456,"CCXX[C[0,0],C[1,0],X[2,0|1,1],X[2,2|1,0]]","(False, False, False, False, False, False, False, (0, 1, 2, 2), (0, 0, 1, 0))",216,1
CCXX,1605,24457,"CCXX[C[0,0],C[1,0],X[2,0|1,1],X[2,2|1,1]]","(False, False, False, False, False, False, False, (0, 1, 2, 2), (0, 0, 1, 1))",216,1
CCXX,1606,24458,"CCXX[C[0,0],C[1,0],X[2,0|1,1],X[2,2|1,2]]","(False, False, False, False, False, False, False, (0, 1, 2, 2), (0, 0, 1, 2))",216,1
CCXX,1607,24459,"CCXX[C[0,0],C[1,0],X[2,0|1,1],X[2,2|2,0]]","(False, True, False, False, False, False, False, (0, 1, 2, 2), (0, 0, 1, 0))",216,1
CCXX,1608,24460,"CCXX[C[0,0],C[1,0],X[2,0|1,1],X[2,2|2,1]]","(False, True, False, False, False, False, False, (0, 1, 2, 2), (0, 0, 1, 1))",216,1
CCXX,1609,24461,"CCXX[C[0,0],C[1,0],X[2,0|1,1],X[2,2|2,2]]","(False, True, False, False, False, False, False, (0, 1, 2, 2), (0, 0, 1, 2))",216,1
CCXX,1610,26244,"CCXX[C[0,0],C[1,1],X[0,0|0,0],X[0,0|0,0]]","(True, True, False, True, True, False, False, (0, 1, 0, 0), (0, 1, 0, 0))",108,2
CCXX,1611,26245,"CCXX[C[0,0],C[1,1],X[0,0|0,0],X[0,0|0,1]]","(True, True, False, True, False, False, False, (0, 1, 0, 0), (0, 1, 0, 1))",108,2
CCXX,1612,26246,"CCXX[C[0,0],C[1,1],X[0,0|0,0],X[0,0|0,2]]","(True, True, False, True, False, False, False, (0, 1, 0, 0), (0, 1, 0, 2))",108,2
CCXX,1613,26247,"CCXX[C[0,0],C[1,1],X[0,0|0,0],X[0,0|1,0]]","(True, False, False, True, False, False, False, (0, 1, 0, 0), (0, 1, 0, 0))",216,1
CCXX,1614,26248,"CCXX[C[0,0],C[1,1],X[0,0|0,0],X[0,0|1,1]]","(True, False, False, True, False, False, False, (0, 1, 0, 0), (0, 1, 0, 1))",216,1
CCXX,1615,26249,"CCXX[C[0,0],C[1,1],X[0,0|0,0],X[0,0|1,2]]","(True, False, False, True, False, False, False, (0, 1, 0, 0), (0, 1, 0, 2))",216,1
CCXX,1616,26253,"CCXX[C[0,0],C[1,1],X[0,0|0,0],X[0,1|0,0]]","(True, False, False, True, False, False, False, (0, 1, 0, 0), (0, 1, 0, 0))",216,1
CCXX,1617,26254,"CCXX[C[0,0],C[1,1],X[0,0|0,0],X[0,1|0,1]]","(True, False, False, True, False, False, False, (0, 1, 0, 0), (0, 1, 0, 1))",216,1
CCXX,1618,26255,"CCXX[C[0,0],C[1,1],X[0,0|0,0],X[0,1|0,2]]","(True, False, False, True, False, False, False, (0, 1, 0, 0), (0, 1, 0, 2))",216,1
CCXX,1619,26256,"CCXX[C[0,0],C[1,1],X[0,0|0,0],X[0,1|1,0]]","(True, True, False, True, True, False, False, (0, 1, 0, 0), (0, 1, 0, 0))",216,1
CCXX,1620,26257,"CCXX[C[0,0],C[1,1],X[0,0|0,0],X[0,1|1,1]]","(True, True, False, True, False, False, False, (0, 1, 0, 0), (0, 1, 0, 1))",216,1
CCXX,1621,26258,"CCXX[C[0,0],C[1,1],X[0,0|0,0],X[0,1|1,2]]","(True, True, False, True, False, False, False, (0, 1, 0, 0), (0, 1, 0, 2))",216,1
CCXX,1622,26259,"CCXX[C[0,0],C[1,1],X[0,0|0,0],X[0,1|2,0]]","(True, False, False, True, False, False, False, (0, 1, 0, 0), (0, 1, 0, 0))",216,1
CCXX,1623,26260,"CCXX[C[0,0],C[1,1],X[0,0|0,0],X[0,1|2,1]]","(True, False, False, True, False, False, False, (0, 1, 0, 0), (0, 1, 0, 1))",216,1
CCXX,1624,26261,"CCXX[C[0,0],C[1,1],X[0,0|0,0],X[0,1|2,2]]","(True, False, False, True, False, False, False, (0, 1, 0, 0), (0, 1, 0, 2))",216,1
CCXX,1625,26271,"CCXX[C[0,0],C[1,1],X[0,0|0,0],X[1,0|0,0]]","(True, True, False, True, False, False, False, (0, 1, 0, 1), (0, 1, 0, 0))",108,2
CCXX,1626,26272,"CCXX[C[0,0],C[1,1],X[0,0|0,0],X[1,0|0,1]]","(True, True, False, True, False, False, True, (0, 1, 0, 1), (0, 1, 0, 1))",108,2
CCXX,1627,26273,"CCXX[C[0,0],C[1,1],X[0,0|0,0],X[1,0|0,2]]","(True, True, False, True, False, False, False, (0, 1, 0, 1), (0, 1, 0, 2))",108,2
CCXX,1628,26274,"CCXX[C[0,0],C[1,1],X[0,0|0,0],X[1,0|1,0]]","(True, False, False, True, False, False, False, (0, 1, 0, 1), (0, 1, 0, 0))",216,1
CCXX,1629,26275,"CCXX[C[0,0],C[1,1],X[0,0|0,0],X[1,0|1,1]]","(True, False, False, True, False, False, False, (0, 1, 0, 1), (0, 1, 0, 1))",216,1
CCXX,1630,26276,"CCXX[C[0,0],C[1,1],X[0,0|0,0],X[1,0|1,2]]","(True, False, False, True, False, False, False, (0, 1, 0, 1), (0, 1, 0, 2))",216,1
CCXX,1631,26280,"CCXX[C[0,0],C[1,1],X[0,0|0,0],X[1,1|0,0]]","(True, False, False, True, False, False, False, (0, 1, 0, 1), (0, 1, 0, 0))",216,1
CCXX,1632,26281,"CCXX[C[0,0],C[1,1],X[0,0|0,0],X[1,1|0,1]]","(True, False, False, True, False, False, False, (0, 1, 0, 1), (0, 1, 0, 1))",216,1
CCXX,1633,26282,"CCXX[C[0,0],C[1,1],X[0,0|0,0],X[1,1|0,2]]","(True, False, False, True, False, False, False, (0, 1, 0, 1), (0, 1, 0, 2))",216,1
CCXX,1634,26283,"CCXX[C[0,0],C[1,1],X[0,0|0,0],X[1,1|1,0]]","(True, True, False, True, False, False, False, (0, 1, 0, 1), (0, 1, 0, 0))",216,1
CCXX,1635,26284,"CCXX[C[0,0],C[1,1],X[0,0|0,0],X[1,1|1,1]]","(True, True, False, True, False, False, True, (0, 1, 0, 1), (0, 1, 0, 1))",216,1
CCXX,1636,26285,"CCXX[C[0,0],C[1,1],X[0,0|0,0],X[1,1|1,2]]","(True, True, False, True, False, False, False, (0, 1, 0, 1), (0, 1, 0, 2))",216,1
CCXX,1637,26286,"CCXX[C[0,0],C[1,1],X[0,0|0,0],X[1,1|2,0]]","(True, False, False, True, False, False, False, (0, 1, 0, 1), (0, 1, 0, 0))",216,1
CCXX,1638,26287,"CCXX[C[0,0],C[1,1],X[0,0|0,0],X[1,1|2,1]]","(True, False, False, True, False, False, False, (0, 1, 0, 1), (0, 1, 0, 1))",216,1
CCXX,1639,26288,"CCXX[C[0,0],C[1,1],X[0,0|0,0],X[1,1|2,2]]","(True, False, False, True, False, False, False, (0, 1, 0, 1), (0, 1, 0, 2))",216,1
CCXX,1640,26298,"CCXX[C[0,0],C[1,1],X[0,0|0,0],X[2,0|0,0]]","(True, True, False, True, False, False, False, (0, 1, 0, 2), (0, 1, 0, 0))",108,2
CCXX,1641,26299,"CCXX[C[0,0],C[1,1],X[0,0|0,0],X[2,0|0,1]]","(True, True, False, True, False, False, False, (0, 1, 0, 2), (0, 1, 0, 1))",108,2
CCXX,1642,26300,"CCXX[C[0,0],C[1,1],X[0,0|0,0],X[2,0|0,2]]","(True, True, False, True, False, False, False, (0, 1, 0, 2), (0, 1, 0, 2))",108,2
CCXX,1643,26301,"CCXX[C[0,0],C[1,1],X[0,0|0,0],X[2,0|1,0]]","(True, False, False, True, False, False, False, (0, 1, 0, 2), (0, 1, 0, 0))",216,1
CCXX,1644,26302,"CCXX[C[0,0],C[1,1],X[0,0|0,0],X[2,0|1,1]]","(True, False, False, True, False, False, False, (0, 1, 0, 2), (0, 1, 0, 1))",216,1
CCXX,1645,26303,"CCXX[C[0,0],C[1,1],X[0,0|0,0],X[2,0|1,2]]","(True, False, False, True, False, False, False, (0, 1, 0, 2), (0, 1, 0, 2))",216,1
CCXX,1646,26307,"CCXX[C[0,0],C[1,1],X[0,0|0,0],X[2,1|0,0]]","(True, False, False, True, False, False, False, (0, 1, 0, 2), (0, 1, 0, 0))",216,1
CCXX,1647,26308,"CCXX[C[0,0],C[1,1],X[0,0|0,0],X[2,1|0,1]]","(True, False, False, True, False, False, False, (0, 1, 0, 2), (0, 1, 0, 1))",216,1
CCXX,1648,26309,"CCXX[C[0,0],C[1,1],X[0,0|0,0],X[2,1|0,2]]","(True, False, False, True, False, False, False, (0, 1, 0, 2), (0, 1, 0, 2))",216,1
CCXX,1649,26310,"CCXX[C[0,0],C[1,1],X[0,0|0,0],X[2,1|1,0]]","(True, True, False, True, False, False, False, (0, 1, 0, 2), (0, 1, 0, 0))",216,1
CCXX,1650,26311,"CCXX[C[0,0],C[1,1],X[0,0|0,0],X[2,1|1,1]]","(True, True, False, True, False, False, False, (0, 1, 0, 2), (0, 1, 0, 1))",216,1
CCXX,1651,26312,"CCXX[C[0,0],C[1,1],X[0,0|0,0],X[2,1|1,2]]","(True, True, False, True, False, False, False, (0, 1, 0, 2), (0, 1, 0, 2))",216,1
CCXX,1652,26313,"CCXX[C[0,0],C[1,1],X[0,0|0,0],X[2,1|2,0]]","(True, False, False, True, False, False, False, (0, 1, 0, 2), (0, 1, 0, 0))",216,1
CCXX,1653,26314,"CCXX[C[0,0],C[1,1],X[0,0|0,0],X[2,1|2,1]]","(True, False, False, True, False, False, False, (0, 1, 0, 2), (0, 1, 0, 1))",216,1
CCXX,1654,26315,"CCXX[C[0,0],C[1,1],X[0,0|0,0],X[2,1|2,2]]","(True, False, False, True, False, False, False, (0, 1, 0, 2), (0, 1, 0, 2))",216,1
CCXX,1655,26325,"CCXX[C[0,0],C[1,1],X[0,0|0,1],X[0,0|0,0]]","(True, True, False, False, True, False, False, (0, 1, 0, 0), (0, 1, 1, 0))",108,2
CCXX,1656,26326,"CCXX[C[0,0],C[1,1],X[0,0|0,1],X[0,0|0,1]]","(True, True, False, False, False, False, False, (0, 1, 0, 0), (0, 1, 1, 1))",108,2
CCXX,1657,26327,"CCXX[C[0,0],C[1,1],X[0,0|0,1],X[0,0|0,2]]","(True, True, False, False, False, False, False, (0, 1, 0, 0), (0, 1, 1, 2))",108,2
CCXX,1658,26328,"CCXX[C[0,0],C[1,1],X[0,0|0,1],X[0,0|1,0]]","(True, False, False, False, False, False, False, (0, 1, 0, 0), (0, 1, 1, 0))",216,1
CCXX,1659,26329,"CCXX[C[0,0],C[1,1],X[0,0|0,1],X[0,0|1,1]]","(True, False, False, False, False, False, False, (0, 1, 0, 0), (0, 1, 1, 1))",216,1
CCXX,1660,26330,"CCXX[C[0,0],C[1,1],X[0,0|0,1],X[0,0|1,2]]","(True, False, False, False, False, False, False, (0, 1, 0, 0), (0, 1, 1, 2))",216,1
CCXX,1661,26334,"CCXX[C[0,0],C[1,1],X[0,0|0,1],X[0,1|0,0]]","(True, False, False, False, False, False, False, (0, 1, 0, 0), (0, 1, 1, 0))",216,1
CCXX,1662,26335,"CCXX[C[0,0],C[1,1],X[0,0|0,1],X[0,1|0,1]]","(True, False, False, False, False, False, False, (0, 1, 0, 0), (0, 1, 1, 1))",216,1
CCXX,1663,26336,"CCXX[C[0,0],C[1,1],X[0,0|0,1],X[0,1|0,2]]","(True, False, False, False, False, False, False, (0, 1, 0, 0), (0, 1, 1, 2))",216,1
CCXX,1664,26337,"CCXX[C[0,0],C[1,1],X[0,0|0,1],X[0,1|1,0]]","(True, True, False, False, True, False, False, (0, 1, 0, 0), (0, 1, 1, 0))",216,1
CCXX,1665,26338,"CCXX[C[0,0],C[1,1],X[0,0|0,1],X[0,1|1,1]]","(True, True, False, False, False, False, False, (0, 1, 0, 0), (0, 1, 1, 1))",216,1
CCXX,1666,26339,"CCXX[C[0,0],C[1,1],X[0,0|0,1],X[0,1|1,2]]","(True, True, False, False, False, False, False, (0, 1, 0, 0), (0, 1, 1, 2))",216,1
CCXX,1667,26340,"CCXX[C[0,0],C[1,1],X[0,0|0,1],X[0,1|2,0]]","(True, False, False, False, False, False, False, (0, 1, 0, 0), (0, 1, 1, 0))",216,1
CCXX,1668,26341,"CCXX[C[0,0],C[1,1],X[0,0|0,1],X[0,1|2,1]]","(True, False, False, False, False, False, False, (0, 1, 0, 0), (0, 1, 1, 1))",216,1
CCXX,1669,26342,"CCXX[C[0,0],C[1,1],X[0,0|0,1],X[0,1|2,2]]","(True, False, False, False, False, False, False, (0, 1, 0, 0), (0, 1, 1, 2))",216,1
CCXX,1670,26352,"CCXX[C[0,0],C[1,1],X[0,0|0,1],X[1,0|0,0]]","(True, True, False, False, False, False, False, (0, 1, 0, 1), (0, 1, 1, 0))",108,2
CCXX,1671,26353,"CCXX[C[0,0],C[1,1],X[0,0|0,1],X[1,0|0,1]]","(True, True, False, False, False, False, True, (0, 1, 0, 1), (0, 1, 1, 1))",108,2
CCXX,1672,26354,"CCXX[C[0,0],C[1,1],X[0,0|0,1],X[1,0|0,2]]","(True, True, False, False, False, False, False, (0, 1, 0, 1), (0, 1, 1, 2))",108,2
CCXX,1673,26355,"CCXX[C[0,0],C[1,1],X[0,0|0,1],X[1,0|1,0]]","(True, False, False, False, False, False, False, (0, 1, 0, 1), (0, 1, 1, 0))",216,1
CCXX,1674,26356,"CCXX[C[0,0],C[1,1],X[0,0|0,1],X[1,0|1,1]]","(True, False, False, False, False, False, False, (0, 1, 0, 1), (0, 1, 1, 1))",216,1
CCXX,1675,26357,"CCXX[C[0,0],C[1,1],X[0,0|0,1],X[1,0|1,2]]","(True, False, False, False, False, False, False, (0, 1, 0, 1), (0, 1, 1, 2))",216,1
CCXX,1676,26361,"CCXX[C[0,0],C[1,1],X[0,0|0,1],X[1,1|0,0]]","(True, False, False, False, False, False, False, (0, 1, 0, 1), (0, 1, 1, 0))",216,1
CCXX,1677,26362,"CCXX[C[0,0],C[1,1],X[0,0|0,1],X[1,1|0,1]]","(True, False, False, False, False, False, False, (0, 1, 0, 1), (0, 1, 1, 1))",216,1
CCXX,1678,26363,"CCXX[C[0,0],C[1,1],X[0,0|0,1],X[1,1|0,2]]","(True, False, False, False, False, False, False, (0, 1, 0, 1), (0, 1, 1, 2))",216,1
CCXX,1679,26364,"CCXX[C[0,0],C[1,1],X[0,0|0,1],X[1,1|1,0]]","(True, True, False, False, False, False, False, (0, 1, 0, 1), (0, 1, 1, 0))",216,1
CCXX,1680,26365,"CCXX[C[0,0],C[1,1],X[0,0|0,1],X[1,1|1,1]]","(True, True, False, False, False, False, True, (0, 1, 0, 1), (0, 1, 1, 1))",216,1
CCXX,1681,26366,"CCXX[C[0,0],C[1,1],X[0,0|0,1],X[1,1|1,2]]","(True, True, False, False, False, False, False, (0, 1, 0, 1), (0, 1, 1, 2))",216,1
CCXX,1682,26367,"CCXX[C[0,0],C[1,1],X[0,0|0,1],X[1,1|2,0]]","(True, False, False, False, False, False, False, (0, 1, 0, 1), (0, 1, 1, 0))",216,1
CCXX,1683,26368,"CCXX[C[0,0],C[1,1],X[0,0|0,1],X[1,1|2,1]]","(True, False, False, False, False, False, False, (0, 1, 0, 1), (0, 1, 1, 1))",216,1
CCXX,1684,26369,"CCXX[C[0,0],C[1,1],X[0,0|0,1],X[1,1|2,2]]","(True, False, False, False, False, False, False, (0, 1, 0, 1), (0, 1, 1, 2))",216,1
CCXX,1685,26379,"CCXX[C[0,0],C[1,1],X[0,0|0,1],X[2,0|0,0]]","(True, True, False, False, False, False, False, (0, 1, 0, 2), (0, 1, 1, 0))",108,2
CCXX,1686,26380,"CCXX[C[0,0],C[1,1],X[0,0|0,1],X[2,0|0,1]]","(True, True, False, False, False, False, False, (0, 1, 0, 2), (0, 1, 1, 1))",108,2
CCXX,1687,26381,"CCXX[C[0,0],C[1,1],X[0,0|0,1],X[2,0|0,2]]","(True, True, False, False, False, False, False, (0, 1, 0, 2), (0, 1, 1, 2))",108,2
CCXX,1688,26382,"CCXX[C[0,0],C[1,1],X[0,0|0,1],X[2,0|1,0]]","(True, False, False, False, False, False, False, (0, 1, 0, 2), (0, 1, 1, 0))",216,1
CCXX,1689,26383,"CCXX[C[0,0],C[1,1],X[0,0|0,1],X[2,0|1,1]]","(True, False, False, False, False, False, False, (0, 1, 0, 2), (0, 1, 1, 1))",216,1
CCXX,1690,26384,"CCXX[C[0,0],C[1,1],X[0,0|0,1],X[2,0|1,2]]","(True, False, False, False, False, False, False, (0, 1, 0, 2), (0, 1, 1, 2))",216,1
CCXX,1691,26388,"CCXX[C[0,0],C[1,1],X[0,0|0,1],X[2,1|0,0]]","(True, False, False, False, False, False, False, (0, 1, 0, 2), (0, 1, 1, 0))",216,1
CCXX,1692,26389,"CCXX[C[0,0],C[1,1],X[0,0|0,1],X[2,1|0,1]]","(True, False, False, False, False, False, False, (0, 1, 0, 2), (0, 1, 1, 1))",216,1
CCXX,1693,26390,"CCXX[C[0,0],C[1,1],X[0,0|0,1],X[2,1|0,2]]","(True, False, False, False, False, False, False, (0, 1, 0, 2), (0, 1, 1, 2))",216,1
CCXX,1694,26391,"CCXX[C[0,0],C[1,1],X[0,0|0,1],X[2,1|1,0]]","(True, True, False, False, False, False, False, (0, 1, 0, 2), (0, 1, 1, 0))",216,1
CCXX,1695,26392,"CCXX[C[0,0],C[1,1],X[0,0|0,1],X[2,1|1,1]]","(True, True, False, False, False, False, False, (0, 1, 0, 2), (0, 1, 1, 1))",216,1
CCXX,1696,26393,"CCXX[C[0,0],C[1,1],X[0,0|0,1],X[2,1|1,2]]","(True, True, False, False, False, False, False, (0, 1, 0, 2), (0, 1, 1, 2))",216,1
CCXX,1697,26394,"CCXX[C[0,0],C[1,1],X[0,0|0,1],X[2,1|2,0]]","(True, False, False, False, False, False, False, (0, 1, 0, 2), (0, 1, 1, 0))",216,1
CCXX,1698,26395,"CCXX[C[0,0],C[1,1],X[0,0|0,1],X[2,1|2,1]]","(True, False, False, False, False, False, False, (0, 1, 0, 2), (0, 1, 1, 1))",216,1
CCXX,1699,26396,"CCXX[C[0,0],C[1,1],X[0,0|0,1],X[2,1|2,2]]","(True, False, False, False, False, False, False, (0, 1, 0, 2), (0, 1, 1, 2))",216,1
CCXX,1700,26406,"CCXX[C[0,0],C[1,1],X[0,0|0,2],X[0,0|0,0]]","(True, True, False, False, True, False, False, (0, 1, 0, 0), (0, 1, 2, 0))",108,2
CCXX,1701,26407,"CCXX[C[0,0],C[1,1],X[0,0|0,2],X[0,0|0,1]]","(True, True, False, False, False, False, False, (0, 1, 0, 0), (0, 1, 2, 1))",108,2
CCXX,1702,26408,"CCXX[C[0,0],C[1,1],X[0,0|0,2],X[0,0|0,2]]","(True, True, False, False, False, False, False, (0, 1, 0, 0), (0, 1, 2, 2))",108,2
CCXX,1703,26409,"CCXX[C[0,0],C[1,1],X[0,0|0,2],X[0,0|1,0]]","(True, False, False, False, False, False, False, (0, 1, 0, 0), (0, 1, 2, 0))",216,1
CCXX,1704,26410,"CCXX[C[0,0],C[1,1],X[0,0|0,2],X[0,0|1,1]]","(True, False, False, False, False, False, False, (0, 1, 0, 0), (0, 1, 2, 1))",216,1
CCXX,1705,26411,"CCXX[C[0,0],C[1,1],X[0,0|0,2],X[0,0|1,2]]","(True, False, False, False, False, False, False, (0, 1, 0, 0), (0, 1, 2, 2))",216,1
CCXX,1706,26415,"CCXX[C[0,0],C[1,1],X[0,0|0,2],X[0,1|0,0]]","(True, False, False, False, False, False, False, (0, 1, 0, 0), (0, 1, 2, 0))",216,1
CCXX,1707,26416,"CCXX[C[0,0],C[1,1],X[0,0|0,2],X[0,1|0,1]]","(True, False, False, False, False, False, False, (0, 1, 0, 0), (0, 1, 2, 1))",216,1
CCXX,1708,26417,"CCXX[C[0,0],C[1,1],X[0,0|0,2],X[0,1|0,2]]","(True, False, False, False, False, False, False, (0, 1, 0, 0), (0, 1, 2, 2))",216,1
CCXX,1709,26418,"CCXX[C[0,0],C[1,1],X[0,0|0,2],X[0,1|1,0]]","(True, True, False, False, True, False, False, (0, 1, 0, 0), (0, 1, 2, 0))",216,1
CCXX,1710,26419,"CCXX[C[0,0],C[1,1],X[0,0|0,2],X[0,1|1,1]]","(True, True, False, False, False, False, False, (0, 1, 0, 0), (0, 1, 2, 1))",216,1
CCXX,1711,26420,"CCXX[C[0,0],C[1,1],X[0,0|0,2],X[0,1|1,2]]","(True, True, False, False, False, False, False, (0, 1, 0, 0), (0, 1, 2, 2))",216,1
CCXX,1712,26421,"CCXX[C[0,0],C[1,1],X[0,0|0,2],X[0,1|2,0]]","(True, False, False, False, False, False, False, (0, 1, 0, 0), (0, 1, 2, 0))",216,1
CCXX,1713,26422,"CCXX[C[0,0],C[1,1],X[0,0|0,2],X[0,1|2,1]]","(True, False, False, False, False, False, False, (0, 1, 0, 0), (0, 1, 2, 1))",216,1
CCXX,1714,26423,"CCXX[C[0,0],C[1,1],X[0,0|0,2],X[0,1|2,2]]","(True, False, False, False, False, False, False, (0, 1, 0, 0), (0, 1, 2, 2))",216,1
CCXX,1715,26433,"CCXX[C[0,0],C[1,1],X[0,0|0,2],X[1,0|0,0]]","(True, True, False, False, False, False, False, (0, 1, 0, 1), (0, 1, 2, 0))",108,2
CCXX,1716,26434,"CCXX[C[0,0],C[1,1],X[0,0|0,2],X[1,0|0,1]]","(True, True, False, False, False, False, True, (0, 1, 0, 1), (0, 1, 2, 1))",108,2
CCXX,1717,26435,"CCXX[C[0,0],C[1,1],X[0,0|0,2],X[1,0|0,2]]","(True, True, False, False, False, False, False, (0, 1, 0, 1), (0, 1, 2, 2))",108,2
CCXX,1718,26436,"CCXX[C[0,0],C[1,1],X[0,0|0,2],X[1,0|1,0]]","(True, False, False, False, False, False, False, (0, 1, 0, 1), (0, 1, 2, 0))",216,1
CCXX,1719,26437,"CCXX[C[0,0],C[1,1],X[0,0|0,2],X[1,0|1,1]]","(True, False, False, False, False, False, False, (0, 1, 0, 1), (0, 1, 2, 1))",216,1
CCXX,1720,26438,"CCXX[C[0,0],C[1,1],X[0,0|0,2],X[1,0|1,2]]","(True, False, False, False, False, False, False, (0, 1, 0, 1), (0, 1, 2, 2))",216,1
CCXX,1721,26442,"CCXX[C[0,0],C[1,1],X[0,0|0,2],X[1,1|0,0]]","(True, False, False, False, False, False, False, (0, 1, 0, 1), (0, 1, 2, 0))",216,1
CCXX,1722,26443,"CCXX[C[0,0],C[1,1],X[0,0|0,2],X[1,1|0,1]]","(True, False, False, False, False, False, False, (0, 1, 0, 1), (0, 1, 2, 1))",216,1
CCXX,1723,26444,"CCXX[C[0,0],C[1,1],X[0,0|0,2],X[1,1|0,2]]","(True, False, False, False, False, False, False, (0, 1, 0, 1), (0, 1, 2, 2))",216,1
CCXX,1724,26445,"CCXX[C[0,0],C[1,1],X[0,0|0,2],X[1,1|1,0]]","(True, True, False, False, False, False, False, (0, 1, 0, 1), (0, 1, 2, 0))",216,1
CCXX,1725,26446,"CCXX[C[0,0],C[1,1],X[0,0|0,2],X[1,1|1,1]]","(True, True, False, False, False, False, True, (0, 1, 0, 1), (0, 1, 2, 1))",216,1
CCXX,1726,26447,"CCXX[C[0,0],C[1,1],X[0,0|0,2],X[1,1|1,2]]","(True, True, False, False, False, False, False, (0, 1, 0, 1), (0, 1, 2, 2))",216,1
CCXX,1727,26448,"CCXX[C[0,0],C[1,1],X[0,0|0,2],X[1,1|2,0]]","(True, False, False, False, False, False, False, (0, 1, 0, 1), (0, 1, 2, 0))",216,1
CCXX,1728,26449,"CCXX[C[0,0],C[1,1],X[0,0|0,2],X[1,1|2,1]]","(True, False, False, False, False, False, False, (0, 1, 0, 1), (0, 1, 2, 1))",216,1
CCXX,1729,26450,"CCXX[C[0,0],C[1,1],X[0,0|0,2],X[1,1|2,2]]","(True, False, False, False, False, False, False, (0, 1, 0, 1), (0, 1, 2, 2))",216,1
CCXX,1730,26460,"CCXX[C[0,0],C[1,1],X[0,0|0,2],X[2,0|0,0]]","(True, True, False, False, False, False, False, (0, 1, 0, 2), (0, 1, 2, 0))",108,2
CCXX,1731,26461,"CCXX[C[0,0],C[1,1],X[0,0|0,2],X[2,0|0,1]]","(True, True, False, False, False, False, False, (0, 1, 0, 2), (0, 1, 2, 1))",108,2
CCXX,1732,26462,"CCXX[C[0,0],C[1,1],X[0,0|0,2],X[2,0|0,2]]","(True, True, False, False, False, False, False, (0, 1, 0, 2), (0, 1, 2, 2))",108,2
CCXX,1733,26463,"CCXX[C[0,0],C[1,1],X[0,0|0,2],X[2,0|1,0]]","(True, False, False, False, False, False, False, (0, 1, 0, 2), (0, 1, 2, 0))",216,1
CCXX,1734,26464,"CCXX[C[0,0],C[1,1],X[0,0|0,2],X[2,0|1,1]]","(True, False, False, False, False, False, False, (0, 1, 0, 2), (0, 1, 2, 1))",216,1
CCXX,1735,26465,"CCXX[C[0,0],C[1,1],X[0,0|0,2],X[2,0|1,2]]","(True, False, False, False, False, False, False, (0, 1, 0, 2), (0, 1, 2, 2))",216,1
CCXX,1736,26469,"CCXX[C[0,0],C[1,1],X[0,0|0,2],X[2,1|0,0]]","(True, False, False, False, False, False, False, (0, 1, 0, 2), (0, 1, 2, 0))",216,1
CCXX,1737,26470,"CCXX[C[0,0],C[1,1],X[0,0|0,2],X[2,1|0,1]]","(True, False, False, False, False, False, False, (0, 1, 0, 2), (0, 1, 2, 1))",216,1
CCXX,1738,26471,"CCXX[C[0,0],C[1,1],X[0,0|0,2],X[2,1|0,2]]","(True, False, False, False, False, False, False, (0, 1, 0, 2), (0, 1, 2, 2))",216,1
CCXX,1739,26472,"CCXX[C[0,0],C[1,1],X[0,0|0,2],X[2,1|1,0]]","(True, True, False, False, False, False, False, (0, 1, 0, 2), (0, 1, 2, 0))",216,1
CCXX,1740,26473,"CCXX[C[0,0],C[1,1],X[0,0|0,2],X[2,1|1,1]]","(True, True, False, False, False, False, False, (0, 1, 0, 2), (0, 1, 2, 1))",216,1
CCXX,1741,26474,"CCXX[C[0,0],C[1,1],X[0,0|0,2],X[2,1|1,2]]","(True, True, False, False, False, False, False, (0, 1, 0, 2), (0, 1, 2, 2))",216,1
CCXX,1742,26475,"CCXX[C[0,0],C[1,1],X[0,0|0,2],X[2,1|2,0]]","(True, False, False, False, False, False, False, (0, 1, 0, 2), (0, 1, 2, 0))",216,1
CCXX,1743,26476,"CCXX[C[0,0],C[1,1],X[0,0|0,2],X[2,1|2,1]]","(True, False, False, False, False, False, False, (0, 1, 0, 2), (0, 1, 2, 1))",216,1
CCXX,1744,26477,"CCXX[C[0,0],C[1,1],X[0,0|0,2],X[2,1|2,2]]","(True, False, False, False, False, False, False, (0, 1, 0, 2), (0, 1, 2, 2))",216,1
CCXX,1745,26487,"CCXX[C[0,0],C[1,1],X[0,0|1,0],X[0,0|0,0]]","(False, True, False, False, True, False, False, (0, 1, 0, 0), (0, 1, 0, 0))",216,1
CCXX,1746,26488,"CCXX[C[0,0],C[1,1],X[0,0|1,0],X[0,0|0,1]]","(False, True, False, False, False, False, False, (0, 1, 0, 0), (0, 1, 0, 1))",216,1
CCXX,1747,26489,"CCXX[C[0,0],C[1,1],X[0,0|1,0],X[0,0|0,2]]","(False, True, False, False, False, False, False, (0, 1, 0, 0), (0, 1, 0, 2))",216,1
CCXX,1748,26490,"CCXX[C[0,0],C[1,1],X[0,0|1,0],X[0,0|1,0]]","(False, False, False, False, False, False, False, (0, 1, 0, 0), (0, 1, 0, 0))",216,1
CCXX,1749,26491,"CCXX[C[0,0],C[1,1],X[0,0|1,0],X[0,0|1,1]]","(False, False, False, False, False, False, False, (0, 1, 0, 0), (0, 1, 0, 1))",216,1
CCXX,1750,26492,"CCXX[C[0,0],C[1,1],X[0,0|1,0],X[0,0|1,2]]","(False, False, False, False, False, False, False, (0, 1, 0, 0), (0, 1, 0, 2))",216,1
CCXX,1751,26493,"CCXX[C[0,0],C[1,1],X[0,0|1,0],X[0,0|2,0]]","(False, False, False, False, False, False, False, (0, 1, 0, 0), (0, 1, 0, 0))",216,1
CCXX,1752,26494,"CCXX[C[0,0],C[1,1],X[0,0|1,0],X[0,0|2,1]]","(False, False, False, False, False, False, False, (0, 1, 0, 0), (0, 1, 0, 1))",216,1
CCXX,1753,26495,"CCXX[C[0,0],C[1,1],X[0,0|1,0],X[0,0|2,2]]","(False, False, False, False, False, False, False, (0, 1, 0, 0), (0, 1, 0, 2))",216,1
CCXX,1754,26496,"CCXX[C[0,0],C[1,1],X[0,0|1,0],X[0,1|0,0]]","(False, False, False, False, False, False, False, (0, 1, 0, 0), (0, 1, 0, 0))",216,1
CCXX,1755,26497,"CCXX[C[0,0],C[1,1],X[0,0|1,0],X[0,1|0,1]]","(False, False, False, False, False, False, False, (0, 1, 0, 0), (0, 1, 0, 1))",216,1
CCXX,1756,26498,"CCXX[C[0,0],C[1,1],X[0,0|1,0],X[0,1|0,2]]","(False, False, False, False, False, False, False, (0, 1, 0, 0), (0, 1, 0, 2))",216,1
CCXX,1757,26499,"CCXX[C[0,0],C[1,1],X[0,0|1,0],X[0,1|1,0]]","(False, True, False, False, True, False, False, (0, 1, 0, 0), (0, 1, 0, 0))",216,1
CCXX,1758,26500,"CCXX[C[0,0],C[1,1],X[0,0|1,0],X[0,1|1,1]]","(False, True, False, False, False, False, False, (0, 1, 0, 0), (0, 1, 0, 1))",216,1
CCXX,1759,26501,"CCXX[C[0,0],C[1,1],X[0,0|1,0],X[0,1|1,2]]","(False, True, False, False, False, False, False, (0, 1, 0, 0), (0, 1, 0, 2))",216,1
CCXX,1760,26502,"CCXX[C[0,0],C[1,1],X[0,0|1,0],X[0,1|2,0]]","(False, False, False, False, False, False, False, (0, 1, 0, 0), (0, 1, 0, 0))",216,1
CCXX,1761,26503,"CCXX[C[0,0],C[1,1],X[0,0|1,0],X[0,1|2,1]]","(False, False, False, False, False, False, False, (0, 1, 0, 0), (0, 1, 0, 1))",216,1
CCXX,1762,26504,"CCXX[C[0,0],C[1,1],X[0,0|1,0],X[0,1|2,2]]","(False, False, False, False, False, False, False, (0, 1, 0, 0), (0, 1, 0, 2))",216,1
CCXX,1763,26505,"CCXX[C[0,0],C[1,1],X[0,0|1,0],X[0,2|0,0]]","(False, False, False, False, False, False, False, (0, 1, 0, 0), (0, 1, 0, 0))",216,1
CCXX,1764,26506,"CCXX[C[0,0],C[1,1],X[0,0|1,0],X[0,2|0,1]]","(False, False, False, False, False, False, False, (0, 1, 0, 0), (0, 1, 0, 1))",216,1
CCXX,1765,26507,"CCXX[C[0,0],C[1,1],X[0,0|1,0],X[0,2|0,2]]","(False, False, False, False, False, False, False, (0, 1, 0, 0), (0, 1, 0, 2))",216,1
CCXX,1766,26508,"CCXX[C[0,0],C[1,1],X[0,0|1,0],X[0,2|1,0]]","(False, False, False, False, False, False, False, (0, 1, 0, 0), (0, 1, 0, 0))",216,1
CCXX,1767,26509,"CCXX[C[0,0],C[1,1],X[0,0|1,0],X[0,2|1,1]]","(False, False, False, False, False, False, False, (0, 1, 0, 0), (0, 1, 0, 1))",216,1
CCXX,1768,26510,"CCXX[C[0,0],C[1,1],X[0,0|1,0],X[0,2|1,2]]","(False, False, False, False, False, False, False, (0, 1, 0, 0), (0, 1, 0, 2))",216,1
CCXX,1769,26511,"CCXX[C[0,0],C[1,1],X[0,0|1,0],X[0,2|2,0]]","(False, True, False, False, True, False, False, (0, 1, 0, 0), (0, 1, 0, 0))",216,1
CCXX,1770,26512,"CCXX[C[0,0],C[1,1],X[0,0|1,0],X[0,2|2,1]]","(False, True, False, False, False, False, False, (0, 1, 0, 0), (0, 1, 0, 1))",216,1
CCXX,1771,26513,"CCXX[C[0,0],C[1,1],X[0,0|1,0],X[0,2|2,2]]","(False, True, False, False, False, False, False, (0, 1, 0, 0), (0, 1, 0, 2))",216,1
CCXX,1772,26514,"CCXX[C[0,0],C[1,1],X[0,0|1,0],X[1,0|0,0]]","(False, True, False, False, False, False, False, (0, 1, 0, 1), (0, 1, 0, 0))",216,1
CCXX,1773,26515,"CCXX[C[0,0],C[1,1],X[0,0|1,0],X[1,0|0,1]]","(False, True, False, False, False, False, True, (0, 1, 0, 1), (0, 1, 0, 1))",216,1
CCXX,1774,26516,"CCXX[C[0,0],C[1,1],X[0,0|1,0],X[1,0|0,2]]","(False, True, False, False, False, False, False, (0, 1, 0, 1), (0, 1, 0, 2))",216,1
CCXX,1775,26517,"CCXX[C[0,0],C[1,1],X[0,0|1,0],X[1,0|1,0]]","(False, False, False, False, False, False, False, (0, 1, 0, 1), (0, 1, 0, 0))",216,1
CCXX,1776,26518,"CCXX[C[0,0],C[1,1],X[0,0|1,0],X[1,0|1,1]]","(False, False, False, False, False, False, False, (0, 1, 0, 1), (0, 1, 0, 1))",216,1
CCXX,1777,26519,"CCXX[C[0,0],C[1,1],X[0,0|1,0],X[1,0|1,2]]","(False, False, False, False, False, False, False, (0, 1, 0, 1), (0, 1, 0, 2))",216,1
CCXX,1778,26520,"CCXX[C[0,0],C[1,1],X[0,0|1,0],X[1,0|2,0]]","(False, False, False, False, False, False, False, (0, 1, 0, 1), (0, 1, 0, 0))",216,1
CCXX,1779,26521,"CCXX[C[0,0],C[1,1],X[0,0|1,0],X[1,0|2,1]]","(False, False, False, False, False, False, False, (0, 1, 0, 1), (0, 1, 0, 1))",216,1
CCXX,1780,26522,"CCXX[C[0,0],C[1,1],X[0,0|1,0],X[1,0|2,2]]","(False, False, False, False, False, False, False, (0, 1, 0, 1), (0, 1, 0, 2))",216,1
CCXX,1781,26523,"CCXX[C[0,0],C[1,1],X[0,0|1,0],X[1,1|0,0]]","(False, False, False, False, False, False, False, (0, 1, 0, 1), (0, 1, 0, 0))",216,1
CCXX,1782,26524,"CCXX[C[0,0],C[1,1],X[0,0|1,0],X[1,1|0,1]]","(False, False, False, False, False, False, False, (0, 1, 0, 1), (0, 1, 0, 1))",216,1
CCXX,1783,26525,"CCXX[C[0,0],C[1,1],X[0,0|1,0],X[1,1|0,2]]","(False, False, False, False, False, False, False, (0, 1, 0, 1), (0, 1, 0, 2))",216,1
CCXX,1784,26526,"CCXX[C[0,0],C[1,1],X[0,0|1,0],X[1,1|1,0]]","(False, True, False, False, False, False, False, (0, 1, 0, 1), (0, 1, 0, 0))",216,1
CCXX,1785,26527,"CCXX[C[0,0],C[1,1],X[0,0|1,0],X[1,1|1,1]]","(False, True, False, False, False, False, True, (0, 1, 0, 1), (0, 1, 0, 1))",216,1
CCXX,1786,26528,"CCXX[C[0,0],C[1,1],X[0,0|1,0],X[1,1|1,2]]","(False, True, False, False, False, False, False, (0, 1, 0, 1), (0, 1, 0, 2))",216,1
CCXX,1787,26529,"CCXX[C[0,0],C[1,1],X[0,0|1,0],X[1,1|2,0]]","(False, False, False, False, False, False, False, (0, 1, 0, 1), (0, 1, 0, 0))",216,1
CCXX,1788,26530,"CCXX[C[0,0],C[1,1],X[0,0|1,0],X[1,1|2,1]]","(False, False, False, False, False, False, False, (0, 1, 0, 1), (0, 1, 0, 1))",216,1
CCXX,1789,26531,"CCXX[C[0,0],C[1,1],X[0,0|1,0],X[1,1|2,2]]","(False, False, False, False, False, False, False, (0, 1, 0, 1), (0, 1, 0, 2))",216,1
CCXX,1790,26532,"CCXX[C[0,0],C[1,1],X[0,0|1,0],X[1,2|0,0]]","(False, False, False, False, False, False, False, (0, 1, 0, 1), (0, 1, 0, 0))",216,1
CCXX,1791,26533,"CCXX[C[0,0],C[1,1],X[0,0|1,0],X[1,2|0,1]]","(False, False, False, False, False, False, False, (0, 1, 0, 1), (0, 1, 0, 1))",216,1
CCXX,1792,26534,"CCXX[C[0,0],C[1,1],X[0,0|1,0],X[1,2|0,2]]","(False, False, False, False, False, False, False, (0, 1, 0, 1), (0, 1, 0, 2))",216,1
CCXX,1793,26535,"CCXX[C[0,0],C[1,1],X[0,0|1,0],X[1,2|1,0]]","(False, False, False, False, False, False, False, (0, 1, 0, 1), (0, 1, 0, 0))",216,1
CCXX,1794,26536,"CCXX[C[0,0],C[1,1],X[0,0|1,0],X[1,2|1,1]]","(False, False, False, False, False, False, False, (0, 1, 0, 1), (0, 1, 0, 1))",216,1
CCXX,1795,26537,"CCXX[C[0,0],C[1,1],X[0,0|1,0],X[1,2|1,2]]","(False, False, False, False, False, False, False, (0, 1, 0, 1), (0, 1, 0, 2))",216,1
CCXX,1796,26538,"CCXX[C[0,0],C[1,1],X[0,0|1,0],X[1,2|2,0]]","(False, True, False, False, False, False, False, (0, 1, 0, 1), (0, 1, 0, 0))",216,1
CCXX,1797,26539,"CCXX[C[0,0],C[1,1],X[0,0|1,0],X[1,2|2,1]]","(False, True, False, False, False, False, True, (0, 1, 0, 1), (0, 1, 0, 1))",216,1
CCXX,1798,26540,"CCXX[C[0,0],C[1,1],X[0,0|1,0],X[1,2|2,2]]","(False, True, False, False, False, False, False, (0, 1, 0, 1), (0, 1, 0, 2))",216,1
CCXX,1799,26541,"CCXX[C[0,0],C[1,1],X[0,0|1,0],X[2,0|0,0]]","(False, True, False, False, False, False, False, (0, 1, 0, 2), (0, 1, 0, 0))",216,1
CCXX,1800,26542,"CCXX[C[0,0],C[1,1],X[0,0|1,0],X[2,0|0,1]]","(False, True, False, False, False, False, False, (0, 1, 0, 2), (0, 1, 0, 1))",216,1
CCXX,1801,26543,"CCXX[C[0,0],C[1,1],X[0,0|1,0],X[2,0|0,2]]","(False, True, False, False, False, False, False, (0, 1, 0, 2), (0, 1, 0, 2))",216,1
CCXX,1802,26544,"CCXX[C[0,0],C[1,1],X[0,0|1,0],X[2,0|1,0]]","(False, False, False, False, False, False, False, (0, 1, 0, 2), (0, 1, 0, 0))",216,1
CCXX,1803,26545,"CCXX[C[0,0],C[1,1],X[0,0|1,0],X[2,0|1,1]]","(False, False, False, False, False, False, False, (0, 1, 0, 2), (0, 1, 0, 1))",216,1
CCXX,1804,26546,"CCXX[C[0,0],C[1,1],X[0,0|1,0],X[2,0|1,2]]","(False, False, False, False, False, False, False, (0, 1, 0, 2), (0, 1, 0, 2))",216,1
CCXX,1805,26547,"CCXX[C[0,0],C[1,1],X[0,0|1,0],X[2,0|2,0]]","(False, False, False, False, False, False, False, (0, 1, 0, 2), (0, 1, 0, 0))",216,1
CCXX,1806,26548,"CCXX[C[0,0],C[1,1],X[0,0|1,0],X[2,0|2,1]]","(False, False, False, False, False, False, False, (0, 1, 0, 2), (0, 1, 0, 1))",216,1
CCXX,1807,26549,"CCXX[C[0,0],C[1,1],X[0,0|1,0],X[2,0|2,2]]","(False, False, False, False, False, False, False, (0, 1, 0, 2), (0, 1, 0, 2))",216,1
CCXX,1808,26550,"CCXX[C[0,0],C[1,1],X[0,0|1,0],X[2,1|0,0]]","(False, False, False, False, False, False, False, (0, 1, 0, 2), (0, 1, 0, 0))",216,1
CCXX,1809,26551,"CCXX[C[0,0],C[1,1],X[0,0|1,0],X[2,1|0,1]]","(False, False, False, False, False, False, False, (0, 1, 0, 2), (0, 1, 0, 1))",216,1
CCXX,1810,26552,"CCXX[C[0,0],C[1,1],X[0,0|1,0],X[2,1|0,2]]","(False, False, False, False, False, False, False, (0, 1, 0, 2), (0, 1, 0, 2))",216,1
CCXX,1811,26553,"CCXX[C[0,0],C[1,1],X[0,0|1,0],X[2,1|1,0]]","(False, True, False, False, False, False, False, (0, 1, 0, 2), (0, 1, 0, 0))",216,1
CCXX,1812,26554,"CCXX[C[0,0],C[1,1],X[0,0|1,0],X[2,1|1,1]]","(False, True, False, False, False, False, False, (0, 1, 0, 2), (0, 1, 0, 1))",216,1
CCXX,1813,26555,"CCXX[C[0,0],C[1,1],X[0,0|1,0],X[2,1|1,2]]","(False, True, False, False, False, False, False, (0, 1, 0, 2), (0, 1, 0, 2))",216,1
CCXX,1814,26556,"CCXX[C[0,0],C[1,1],X[0,0|1,0],X[2,1|2,0]]","(False, False, False, False, False, False, False, (0, 1, 0, 2), (0, 1, 0, 0))",216,1
CCXX,1815,26557,"CCXX[C[0,0],C[1,1],X[0,0|1,0],X[2,1|2,1]]","(False, False, False, False, False, False, False, (0, 1, 0, 2), (0, 1, 0, 1))",216,1
CCXX,1816,26558,"CCXX[C[0,0],C[1,1],X[0,0|1,0],X[2,1|2,2]]","(False, False, False, False, False, False, False, (0, 1, 0, 2), (0, 1, 0, 2))",216,1
CCXX,1817,26559,"CCXX[C[0,0],C[1,1],X[0,0|1,0],X[2,2|0,0]]","(False, False, False, False, False, False, False, (0, 1, 0, 2), (0, 1, 0, 0))",216,1
CCXX,1818,26560,"CCXX[C[0,0],C[1,1],X[0,0|1,0],X[2,2|0,1]]","(False, False, False, False, False, False, False, (0, 1, 0, 2), (0, 1, 0, 1))",216,1
CCXX,1819,26561,"CCXX[C[0,0],C[1,1],X[0,0|1,0],X[2,2|0,2]]","(False, False, False, False, False, False, False, (0, 1, 0, 2), (0, 1, 0, 2))",216,1
CCXX,1820,26562,"CCXX[C[0,0],C[1,1],X[0,0|1,0],X[2,2|1,0]]","(False, False, False, False, False, False, False, (0, 1, 0, 2), (0, 1, 0, 0))",216,1
CCXX,1821,26563,"CCXX[C[0,0],C[1,1],X[0,0|1,0],X[2,2|1,1]]","(False, False, False, False, False, False, False, (0, 1, 0, 2), (0, 1, 0, 1))",216,1
CCXX,1822,26564,"CCXX[C[0,0],C[1,1],X[0,0|1,0],X[2,2|1,2]]","(False, False, False, False, False, False, False, (0, 1, 0, 2), (0, 1, 0, 2))",216,1
CCXX,1823,26565,"CCXX[C[0,0],C[1,1],X[0,0|1,0],X[2,2|2,0]]","(False, True, False, False, False, False, False, (0, 1, 0, 2), (0, 1, 0, 0))",216,1
CCXX,1824,26566,"CCXX[C[0,0],C[1,1],X[0,0|1,0],X[2,2|2,1]]","(False, True, False, False, False, False, False, (0, 1, 0, 2), (0, 1, 0, 1))",216,1
CCXX,1825,26567,"CCXX[C[0,0],C[1,1],X[0,0|1,0],X[2,2|2,2]]","(False, True, False, False, False, False, False, (0, 1, 0, 2), (0, 1, 0, 2))",216,1
CCXX,1826,26568,"CCXX[C[0,0],C[1,1],X[0,0|1,1],X[0,0|0,0]]","(False, True, False, False, True, False, False, (0, 1, 0, 0), (0, 1, 1, 0))",216,1
CCXX,1827,26569,"CCXX[C[0,0],C[1,1],X[0,0|1,1],X[0,0|0,1]]","(False, True, False, False, False, False, False, (0, 1, 0, 0), (0, 1, 1, 1))",216,1
CCXX,1828,26570,"CCXX[C[0,0],C[1,1],X[0,0|1,1],X[0,0|0,2]]","(False, True, False, False, False, False, False, (0, 1, 0, 0), (0, 1, 1, 2))",216,1
CCXX,1829,26571,"CCXX[C[0,0],C[1,1],X[0,0|1,1],X[0,0|1,0]]","(False, False, False, False, False, False, False, (0, 1, 0, 0), (0, 1, 1, 0))",216,1
CCXX,1830,26572,"CCXX[C[0,0],C[1,1],X[0,0|1,1],X[0,0|1,1]]","(False, False, False, False, False, False, False, (0, 1, 0, 0), (0, 1, 1, 1))",216,1
CCXX,1831,26573,"CCXX[C[0,0],C[1,1],X[0,0|1,1],X[0,0|1,2]]","(False, False, False, False, False, False, False, (0, 1, 0, 0), (0, 1, 1, 2))",216,1
CCXX,1832,26574,"CCXX[C[0,0],C[1,1],X[0,0|1,1],X[0,0|2,0]]","(False, False, False, False, False, False, False, (0, 1, 0, 0), (0, 1, 1, 0))",216,1
CCXX,1833,26575,"CCXX[C[0,0],C[1,1],X[0,0|1,1],X[0,0|2,1]]","(False, False, False, False, False, False, False, (0, 1, 0, 0), (0, 1, 1, 1))",216,1
CCXX,1834,26576,"CCXX[C[0,0],C[1,1],X[0,0|1,1],X[0,0|2,2]]","(False, False, False, False, False, False, False, (0, 1, 0, 0), (0, 1, 1, 2))",216,1
CCXX,1835,26577,"CCXX[C[0,0],C[1,1],X[0,0|1,1],X[0,1|0,0]]","(False, False, False, False, False, False, False, (0, 1, 0, 0), (0, 1, 1, 0))",216,1
CCXX,1836,26578,"CCXX[C[0,0],C[1,1],X[0,0|1,1],X[0,1|0,1]]","(False, False, False, False, False, False, False, (0, 1, 0, 0), (0, 1, 1, 1))",216,1
CCXX,1837,26579,"CCXX[C[0,0],C[1,1],X[0,0|1,1],X[0,1|0,2]]","(False, False, False, False, False, False, False, (0, 1, 0, 0), (0, 1, 1, 2))",216,1
CCXX,1838,26580,"CCXX[C[0,0],C[1,1],X[0,0|1,1],X[0,1|1,0]]","(False, True, False, False, True, False, False, (0, 1, 0, 0), (0, 1, 1, 0))",216,1
CCXX,1839,26581,"CCXX[C[0,0],C[1,1],X[0,0|1,1],X[0,1|1,1]]","(False, True, False, False, False, False, False, (0, 1, 0, 0), (0, 1, 1, 1))",216,1
CCXX,1840,26582,"CCXX[C[0,0],C[1,1],X[0,0|1,1],X[0,1|1,2]]","(False, True, False, False, False, False, False, (0, 1, 0, 0), (0, 1, 1, 2))",216,1
CCXX,1841,26583,"CCXX[C[0,0],C[1,1],X[0,0|1,1],X[0,1|2,0]]","(False, False, False, False, False, False, False, (0, 1, 0, 0), (0, 1, 1, 0))",216,1
CCXX,1842,26584,"CCXX[C[0,0],C[1,1],X[0,0|1,1],X[0,1|2,1]]","(False, False, False, False, False, False, False, (0, 1, 0, 0), (0, 1, 1, 1))",216,1
CCXX,1843,26585,"CCXX[C[0,0],C[1,1],X[0,0|1,1],X[0,1|2,2]]","(False, False, False, False, False, False, False, (0, 1, 0, 0), (0, 1, 1, 2))",216,1
CCXX,1844,26586,"CCXX[C[0,0],C[1,1],X[0,0|1,1],X[0,2|0,0]]","(False, False, False, False, False, False, False, (0, 1, 0, 0), (0, 1, 1, 0))",216,1
CCXX,1845,26587,"CCXX[C[0,0],C[1,1],X[0,0|1,1],X[0,2|0,1]]","(False, False, False, False, False, False, False, (0, 1, 0, 0), (0, 1, 1, 1))",216,1
CCXX,1846,26588,"CCXX[C[0,0],C[1,1],X[0,0|1,1],X[0,2|0,2]]","(False, False, False, False, False, False, False, (0, 1, 0, 0), (0, 1, 1, 2))",216,1
CCXX,1847,26589,"CCXX[C[0,0],C[1,1],X[0,0|1,1],X[0,2|1,0]]","(False, False, False, False, False, False, False, (0, 1, 0, 0), (0, 1, 1, 0))",216,1
CCXX,1848,26590,"CCXX[C[0,0],C[1,1],X[0,0|1,1],X[0,2|1,1]]","(False, False, False, False, False, False, False, (0, 1, 0, 0), (0, 1, 1, 1))",216,1
CCXX,1849,26591,"CCXX[C[0,0],C[1,1],X[0,0|1,1],X[0,2|1,2]]","(False, False, False, False, False, False, False, (0, 1, 0, 0), (0, 1, 1, 2))",216,1
CCXX,1850,26592,"CCXX[C[0,0],C[1,1],X[0,0|1,1],X[0,2|2,0]]","(False, True, False, False, True, False, False, (0, 1, 0, 0), (0, 1, 1, 0))",216,1
CCXX,1851,26593,"CCXX[C[0,0],C[1,1],X[0,0|1,1],X[0,2|2,1]]","(False, True, False, False, False, False, False, (0, 1, 0, 0), (0, 1, 1, 1))",216,1
CCXX,1852,26594,"CCXX[C[0,0],C[1,1],X[0,0|1,1],X[0,2|2,2]]","(False, True, False, False, False, False, False, (0, 1, 0, 0), (0, 1, 1, 2))",216,1
CCXX,1853,26595,"CCXX[C[0,0],C[1,1],X[0,0|1,1],X[1,0|0,0]]","(False, True, False, False, False, False, False, (0, 1, 0, 1), (0, 1, 1, 0))",216,1
CCXX,1854,26596,"CCXX[C[0,0],C[1,1],X[0,0|1,1],X[1,0|0,1]]","(False, True, False, False, False, False, True, (0, 1, 0, 1), (0, 1, 1, 1))",216,1
CCXX,1855,26597,"CCXX[C[0,0],C[1,1],X[0,0|1,1],X[1,0|0,2]]","(False, True, False, False, False, False, False, (0, 1, 0, 1), (0, 1, 1, 2))",216,1
CCXX,1856,26598,"CCXX[C[0,0],C[1,1],X[0,0|1,1],X[1,0|1,0]]","(False, False, False, False, False, False, False, (0, 1, 0, 1), (0, 1, 1, 0))",216,1
CCXX,1857,26599,"CCXX[C[0,0],C[1,1],X[0,0|1,1],X[1,0|1,1]]","(False, False, False, False, False, False, False, (0, 1, 0, 1), (0, 1, 1, 1))",216,1
CCXX,1858,26600,"CCXX[C[0,0],C[1,1],X[0,0|1,1],X[1,0|1,2]]","(False, False, False, False, False, False, False, (0, 1, 0, 1), (0, 1, 1, 2))",216,1
CCXX,1859,26601,"CCXX[C[0,0],C[1,1],X[0,0|1,1],X[1,0|2,0]]","(False, False, False, False, False, False, False, (0, 1, 0, 1), (0, 1, 1, 0))",216,1
CCXX,1860,26602,"CCXX[C[0,0],C[1,1],X[0,0|1,1],X[1,0|2,1]]","(False, False, False, False, False, False, False, (0, 1, 0, 1), (0, 1, 1, 1))",216,1
CCXX,1861,26603,"CCXX[C[0,0],C[1,1],X[0,0|1,1],X[1,0|2,2]]","(False, False, False, False, False, False, False, (0, 1, 0, 1), (0, 1, 1, 2))",216,1
CCXX,1862,26604,"CCXX[C[0,0],C[1,1],X[0,0|1,1],X[1,1|0,0]]","(False, False, False, False, False, False, False, (0, 1, 0, 1), (0, 1, 1, 0))",216,1
CCXX,1863,26605,"CCXX[C[0,0],C[1,1],X[0,0|1,1],X[1,1|0,1]]","(False, False, False, False, False, False, False, (0, 1, 0, 1), (0, 1, 1, 1))",216,1
CCXX,1864,26606,"CCXX[C[0,0],C[1,1],X[0,0|1,1],X[1,1|0,2]]","(False, False, False, False, False, False, False, (0, 1, 0, 1), (0, 1, 1, 2))",216,1
CCXX,1865,26607,"CCXX[C[0,0],C[1,1],X[0,0|1,1],X[1,1|1,0]]","(False, True, False, False, False, False, False, (0, 1, 0, 1), (0, 1, 1, 0))",216,1
CCXX,1866,26608,"CCXX[C[0,0],C[1,1],X[0,0|1,1],X[1,1|1,1]]","(False, True, False, False, False, False, True, (0, 1, 0, 1), (0, 1, 1, 1))",216,1
CCXX,1867,26609,"CCXX[C[0,0],C[1,1],X[0,0|1,1],X[1,1|1,2]]","(False, True, False, False, False, False, False, (0, 1, 0, 1), (0, 1, 1, 2))",216,1
CCXX,1868,26610,"CCXX[C[0,0],C[1,1],X[0,0|1,1],X[1,1|2,0]]","(False, False, False, False, False, False, False, (0, 1, 0, 1), (0, 1, 1, 0))",216,1
CCXX,1869,26611,"CCXX[C[0,0],C[1,1],X[0,0|1,1],X[1,1|2,1]]","(False, False, False, False, False, False, False, (0, 1, 0, 1), (0, 1, 1, 1))",216,1
CCXX,1870,26612,"CCXX[C[0,0],C[1,1],X[0,0|1,1],X[1,1|2,2]]","(False, False, False, False, False, False, False, (0, 1, 0, 1), (0, 1, 1, 2))",216,1
CCXX,1871,26613,"CCXX[C[0,0],C[1,1],X[0,0|1,1],X[1,2|0,0]]","(False, False, False, False, False, False, False, (0, 1, 0, 1), (0, 1, 1, 0))",216,1
CCXX,1872,26614,"CCXX[C[0,0],C[1,1],X[0,0|1,1],X[1,2|0,1]]","(False, False, False, False, False, False, False, (0, 1, 0, 1), (0, 1, 1, 1))",216,1
CCXX,1873,26615,"CCXX[C[0,0],C[1,1],X[0,0|1,1],X[1,2|0,2]]","(False, False, False, False, False, False, False, (0, 1, 0, 1), (0, 1, 1, 2))",216,1
CCXX,1874,26616,"CCXX[C[0,0],C[1,1],X[0,0|1,1],X[1,2|1,0]]","(False, False, False, False, False, False, False, (0, 1, 0, 1), (0, 1, 1, 0))",216,1
CCXX,1875,26617,"CCXX[C[0,0],C[1,1],X[0,0|1,1],X[1,2|1,1]]","(False, False, False, False, False, False, False, (0, 1, 0, 1), (0, 1, 1, 1))",216,1
CCXX,1876,26618,"CCXX[C[0,0],C[1,1],X[0,0|1,1],X[1,2|1,2]]","(False, False, False, False, False, False, False, (0, 1, 0, 1), (0, 1, 1, 2))",216,1
CCXX,1877,26619,"CCXX[C[0,0],C[1,1],X[0,0|1,1],X[1,2|2,0]]","(False, True, False, False, False, False, False, (0, 1, 0, 1), (0, 1, 1, 0))",216,1
CCXX,1878,26620,"CCXX[C[0,0],C[1,1],X[0,0|1,1],X[1,2|2,1]]","(False, True, False, False, False, False, True, (0, 1, 0, 1), (0, 1, 1, 1))",216,1
CCXX,1879,26621,"CCXX[C[0,0],C[1,1],X[0,0|1,1],X[1,2|2,2]]","(False, True, False, False, False, False, False, (0, 1, 0, 1), (0, 1, 1, 2))",216,1
CCXX,1880,26622,"CCXX[C[0,0],C[1,1],X[0,0|1,1],X[2,0|0,0]]","(False, True, False, False, False, False, False, (0, 1, 0, 2), (0, 1, 1, 0))",216,1
CCXX,1881,26623,"CCXX[C[0,0],C[1,1],X[0,0|1,1],X[2,0|0,1]]","(False, True, False, False, False, False, False, (0, 1, 0, 2), (0, 1, 1, 1))",216,1
CCXX,1882,26624,"CCXX[C[0,0],C[1,1],X[0,0|1,1],X[2,0|0,2]]","(False, True, False, False, False, False, False, (0, 1, 0, 2), (0, 1, 1, 2))",216,1
CCXX,1883,26625,"CCXX[C[0,0],C[1,1],X[0,0|1,1],X[2,0|1,0]]","(False, False, False, False, False, False, False, (0, 1, 0, 2), (0, 1, 1, 0))",216,1
CCXX,1884,26626,"CCXX[C[0,0],C[1,1],X[0,0|1,1],X[2,0|1,1]]","(False, False, False, False, False, False, False, (0, 1, 0, 2), (0, 1, 1, 1))",216,1
CCXX,1885,26627,"CCXX[C[0,0],C[1,1],X[0,0|1,1],X[2,0|1,2]]","(False, False, False, False, False, False, False, (0, 1, 0, 2), (0, 1, 1, 2))",216,1
CCXX,1886,26628,"CCXX[C[0,0],C[1,1],X[0,0|1,1],X[2,0|2,0]]","(False, False, False, False, False, False, False, (0, 1, 0, 2), (0, 1, 1, 0))",216,1
CCXX,1887,26629,"CCXX[C[0,0],C[1,1],X[0,0|1,1],X[2,0|2,1]]","(False, False, False, False, False, False, False, (0, 1, 0, 2), (0, 1, 1, 1))",216,1
CCXX,1888,26630,"CCXX[C[0,0],C[1,1],X[0,0|1,1],X[2,0|2,2]]","(False, False, False, False, False, False, False, (0, 1, 0, 2), (0, 1, 1, 2))",216,1
CCXX,1889,26631,"CCXX[C[0,0],C[1,1],X[0,0|1,1],X[2,1|0,0]]","(False, False, False, False, False, False, False, (0, 1, 0, 2), (0, 1, 1, 0))",216,1
CCXX,1890,26632,"CCXX[C[0,0],C[1,1],X[0,0|1,1],X[2,1|0,1]]","(False, False, False, False, False, False, False, (0, 1, 0, 2), (0, 1, 1, 1))",216,1
CCXX,1891,26633,"CCXX[C[0,0],C[1,1],X[0,0|1,1],X[2,1|0,2]]","(False, False, False, False, False, False, False, (0, 1, 0, 2), (0, 1, 1, 2))",216,1
CCXX,1892,26634,"CCXX[C[0,0],C[1,1],X[0,0|1,1],X[2,1|1,0]]","(False, True, False, False, False, False, False, (0, 1, 0, 2), (0, 1, 1, 0))",216,1
CCXX,1893,26635,"CCXX[C[0,0],C[1,1],X[0,0|1,1],X[2,1|1,1]]","(False, True, False, False, False, False, False, (0, 1, 0, 2), (0, 1, 1, 1))",216,1
CCXX,1894,26636,"CCXX[C[0,0],C[1,1],X[0,0|1,1],X[2,1|1,2]]","(False, True, False, False, False, False, False, (0, 1, 0, 2), (0, 1, 1, 2))",216,1
CCXX,1895,26637,"CCXX[C[0,0],C[1,1],X[0,0|1,1],X[2,1|2,0]]","(False, False, False, False, False, False, False, (0, 1, 0, 2), (0, 1, 1, 0))",216,1
CCXX,1896,26638,"CCXX[C[0,0],C[1,1],X[0,0|1,1],X[2,1|2,1]]","(False, False, False, False, False, False, False, (0, 1, 0, 2), (0, 1, 1, 1))",216,1
CCXX,1897,26639,"CCXX[C[0,0],C[1,1],X[0,0|1,1],X[2,1|2,2]]","(False, False, False, False, False, False, False, (0, 1, 0, 2), (0, 1, 1, 2))",216,1
CCXX,1898,26640,"CCXX[C[0,0],C[1,1],X[0,0|1,1],X[2,2|0,0]]","(False, False, False, False, False, False, False, (0, 1, 0, 2), (0, 1, 1, 0))",216,1
CCXX,1899,26641,"CCXX[C[0,0],C[1,1],X[0,0|1,1],X[2,2|0,1]]","(False, False, False, False, False, False, False, (0, 1, 0, 2), (0, 1, 1, 1))",216,1
CCXX,1900,26642,"CCXX[C[0,0],C[1,1],X[0,0|1,1],X[2,2|0,2]]","(False, False, False, False, False, False, False, (0, 1, 0, 2), (0, 1, 1, 2))",216,1
CCXX,1901,26643,"CCXX[C[0,0],C[1,1],X[0,0|1,1],X[2,2|1,0]]","(False, False, False, False, False, False, False, (0, 1, 0, 2), (0, 1, 1, 0))",216,1
CCXX,1902,26644,"CCXX[C[0,0],C[1,1],X[0,0|1,1],X[2,2|1,1]]","(False, False, False, False, False, False, False, (0, 1, 0, 2), (0, 1, 1, 1))",216,1
CCXX,1903,26645,"CCXX[C[0,0],C[1,1],X[0,0|1,1],X[2,2|1,2]]","(False, False, False, False, False, False, False, (0, 1, 0, 2), (0, 1, 1, 2))",216,1
CCXX,1904,26646,"CCXX[C[0,0],C[1,1],X[0,0|1,1],X[2,2|2,0]]","(False, True, False, False, False, False, False, (0, 1, 0, 2), (0, 1, 1, 0))",216,1
CCXX,1905,26647,"CCXX[C[0,0],C[1,1],X[0,0|1,1],X[2,2|2,1]]","(False, True, False, False, False, False, False, (0, 1, 0, 2), (0, 1, 1, 1))",216,1
CCXX,1906,26648,"CCXX[C[0,0],C[1,1],X[0,0|1,1],X[2,2|2,2]]","(False, True, False, False, False, False, False, (0, 1, 0, 2), (0, 1, 1, 2))",216,1
CCXX,1907,26649,"CCXX[C[0,0],C[1,1],X[0,0|1,2],X[0,0|0,0]]","(False, True, False, False, True, False, False, (0, 1, 0, 0), (0, 1, 2, 0))",216,1
CCXX,1908,26650,"CCXX[C[0,0],C[1,1],X[0,0|1,2],X[0,0|0,1]]","(False, True, False, False, False, False, False, (0, 1, 0, 0), (0, 1, 2, 1))",216,1
CCXX,1909,26651,"CCXX[C[0,0],C[1,1],X[0,0|1,2],X[0,0|0,2]]","(False, True, False, False, False, False, False, (0, 1, 0, 0), (0, 1, 2, 2))",216,1
CCXX,1910,26652,"CCXX[C[0,0],C[1,1],X[0,0|1,2],X[0,0|1,0]]","(False, False, False, False, False, False, False, (0, 1, 0, 0), (0, 1, 2, 0))",216,1
CCXX,1911,26653,"CCXX[C[0,0],C[1,1],X[0,0|1,2],X[0,0|1,1]]","(False, False, False, False, False, False, False, (0, 1, 0, 0), (0, 1, 2, 1))",216,1
CCXX,1912,26654,"CCXX[C[0,0],C[1,1],X[0,0|1,2],X[0,0|1,2]]","(False, False, False, False, False, False, False, (0, 1, 0, 0), (0, 1, 2, 2))",216,1
CCXX,1913,26655,"CCXX[C[0,0],C[1,1],X[0,0|1,2],X[0,0|2,0]]","(False, False, False, False, False, False, False, (0, 1, 0, 0), (0, 1, 2, 0))",216,1
CCXX,1914,26656,"CCXX[C[0,0],C[1,1],X[0,0|1,2],X[0,0|2,1]]","(False, False, False, False, False, False, False, (0, 1, 0, 0), (0, 1, 2, 1))",216,1
CCXX,1915,26657,"CCXX[C[0,0],C[1,1],X[0,0|1,2],X[0,0|2,2]]","(False, False, False, False, False, False, False, (0, 1, 0, 0), (0, 1, 2, 2))",216,1
CCXX,1916,26658,"CCXX[C[0,0],C[1,1],X[0,0|1,2],X[0,1|0,0]]","(False, False, False, False, False, False, False, (0, 1, 0, 0), (0, 1, 2, 0))",216,1
CCXX,1917,26659,"CCXX[C[0,0],C[1,1],X[0,0|1,2],X[0,1|0,1]]","(False, False, False, False, False, False, False, (0, 1, 0, 0), (0, 1, 2, 1))",216,1
CCXX,1918,26660,"CCXX[C[0,0],C[1,1],X[0,0|1,2],X[0,1|0,2]]","(False, False, False, False, False, False, False, (0, 1, 0, 0), (0, 1, 2, 2))",216,1
CCXX,1919,26661,"CCXX[C[0,0],C[1,1],X[0,0|1,2],X[0,1|1,0]]","(False, True, False, False, True, False, False, (0, 1, 0, 0), (0, 1, 2, 0))",216,1
CCXX,1920,26662,"CCXX[C[0,0],C[1,1],X[0,0|1,2],X[0,1|1,1]]","(False, True, False, False, False, False, False, (0, 1, 0, 0), (0, 1, 2, 1))",216,1
CCXX,1921,26663,"CCXX[C[0,0],C[1,1],X[0,0|1,2],X[0,1|1,2]]","(False, True, False, False, False, False, False, (0, 1, 0, 0), (0, 1, 2, 2))",216,1
CCXX,1922,26664,"CCXX[C[0,0],C[1,1],X[0,0|1,2],X[0,1|2,0]]","(False, False, False, False, False, False, False, (0, 1, 0, 0), (0, 1, 2, 0))",216,1
CCXX,1923,26665,"CCXX[C[0,0],C[1,1],X[0,0|1,2],X[0,1|2,1]]","(False, False, False, False, False, False, False, (0, 1, 0, 0), (0, 1, 2, 1))",216,1
CCXX,1924,26666,"CCXX[C[0,0],C[1,1],X[0,0|1,2],X[0,1|2,2]]","(False, False, False, False, False, False, False, (0, 1, 0, 0), (0, 1, 2, 2))",216,1
CCXX,1925,26667,"CCXX[C[0,0],C[1,1],X[0,0|1,2],X[0,2|0,0]]","(False, False, False, False, False, False, False, (0, 1, 0, 0), (0, 1, 2, 0))",216,1
CCXX,1926,26668,"CCXX[C[0,0],C[1,1],X[0,0|1,2],X[0,2|0,1]]","(False, False, False, False, False, False, False, (0, 1, 0, 0), (0, 1, 2, 1))",216,1
CCXX,1927,26669,"CCXX[C[0,0],C[1,1],X[0,0|1,2],X[0,2|0,2]]","(False, False, False, False, False, False, False, (0, 1, 0, 0), (0, 1, 2, 2))",216,1
CCXX,1928,26670,"CCXX[C[0,0],C[1,1],X[0,0|1,2],X[0,2|1,0]]","(False, False, False, False, False, False, False, (0, 1, 0, 0), (0, 1, 2, 0))",216,1
CCXX,1929,26671,"CCXX[C[0,0],C[1,1],X[0,0|1,2],X[0,2|1,1]]","(False, False, False, False, False, False, False, (0, 1, 0, 0), (0, 1, 2, 1))",216,1
CCXX,1930,26672,"CCXX[C[0,0],C[1,1],X[0,0|1,2],X[0,2|1,2]]","(False, False, False, False, False, False, False, (0, 1, 0, 0), (0, 1, 2, 2))",216,1
CCXX,1931,26673,"CCXX[C[0,0],C[1,1],X[0,0|1,2],X[0,2|2,0]]","(False, True, False, False, True, False, False, (0, 1, 0, 0), (0, 1, 2, 0))",216,1
CCXX,1932,26674,"CCXX[C[0,0],C[1,1],X[0,0|1,2],X[0,2|2,1]]","(False, True, False, False, False, False, False, (0, 1, 0, 0), (0, 1, 2, 1))",216,1
CCXX,1933,26675,"CCXX[C[0,0],C[1,1],X[0,0|1,2],X[0,2|2,2]]","(False, True, False, False, False, False, False, (0, 1, 0, 0), (0, 1, 2, 2))",216,1
CCXX,1934,26676,"CCXX[C[0,0],C[1,1],X[0,0|1,2],X[1,0|0,0]]","(False, True, False, False, False, False, False, (0, 1, 0, 1), (0, 1, 2, 0))",216,1
CCXX,1935,26677,"CCXX[C[0,0],C[1,1],X[0,0|1,2],X[1,0|0,1]]","(False, True, False, False, False, False, True, (0, 1, 0, 1), (0, 1, 2, 1))",216,1
CCXX,1936,26678,"CCXX[C[0,0],C[1,1],X[0,0|1,2],X[1,0|0,2]]","(False, True, False, False, False, False, False, (0, 1, 0, 1), (0, 1, 2, 2))",216,1
CCXX,1937,26679,"CCXX[C[0,0],C[1,1],X[0,0|1,2],X[1,0|1,0]]","(False, False, False, False, False, False, False, (0, 1, 0, 1), (0, 1, 2, 0))",216,1
CCXX,1938,26680,"CCXX[C[0,0],C[1,1],X[0,0|1,2],X[1,0|1,1]]","(False, False, False, False, False, False, False, (0, 1, 0, 1), (0, 1, 2, 1))",216,1
CCXX,1939,26681,"CCXX[C[0,0],C[1,1],X[0,0|1,2],X[1,0|1,2]]","(False, False, False, False, False, False, False, (0, 1, 0, 1), (0, 1, 2, 2))",216,1
CCXX,1940,26682,"CCXX[C[0,0],C[1,1],X[0,0|1,2],X[1,0|2,0]]","(False, False, False, False, False, False, False, (0, 1, 0, 1), (0, 1, 2, 0))",216,1
CCXX,1941,26683,"CCXX[C[0,0],C[1,1],X[0,0|1,2],X[1,0|2,1]]","(False, False, False, False, False, False, False, (0, 1, 0, 1), (0, 1, 2, 1))",216,1
CCXX,1942,26684,"CCXX[C[0,0],C[1,1],X[0,0|1,2],X[1,0|2,2]]","(False, False, False, False, False, False, False, (0, 1, 0, 1), (0, 1, 2, 2))",216,1
CCXX,1943,26685,"CCXX[C[0,0],C[1,1],X[0,0|1,2],X[1,1|0,0]]","(False, False, False, False, False, False, False, (0, 1, 0, 1), (0, 1, 2, 0))",216,1
CCXX,1944,26686,"CCXX[C[0,0],C[1,1],X[0,0|1,2],X[1,1|0,1]]","(False, False, False, False, False, False, False, (0, 1, 0, 1), (0, 1, 2, 1))",216,1
CCXX,1945,26687,"CCXX[C[0,0],C[1,1],X[0,0|1,2],X[1,1|0,2]]","(False, False, False, False, False, False, False, (0, 1, 0, 1), (0, 1, 2, 2))",216,1
CCXX,1946,26688,"CCXX[C[0,0],C[1,1],X[0,0|1,2],X[1,1|1,0]]","(False, True, False, False, False, False, False, (0, 1, 0, 1), (0, 1, 2, 0))",216,1
CCXX,1947,26689,"CCXX[C[0,0],C[1,1],X[0,0|1,2],X[1,1|1,1]]","(False, True, False, False, False, False, True, (0, 1, 0, 1), (0, 1, 2, 1))",216,1
CCXX,1948,26690,"CCXX[C[0,0],C[1,1],X[0,0|1,2],X[1,1|1,2]]","(False, True, False, False, False, False, False, (0, 1, 0, 1), (0, 1, 2, 2))",216,1
CCXX,1949,26691,"CCXX[C[0,0],C[1,1],X[0,0|1,2],X[1,1|2,0]]","(False, False, False, False, False, False, False, (0, 1, 0, 1), (0, 1, 2, 0))",216,1
CCXX,1950,26692,"CCXX[C[0,0],C[1,1],X[0,0|1,2],X[1,1|2,1]]","(False, False, False, False, False, False, False, (0, 1, 0, 1), (0, 1, 2, 1))",216,1
CCXX,1951,26693,"CCXX[C[0,0],C[1,1],X[0,0|1,2],X[1,1|2,2]]","(False, False, False, False, False, False, False, (0, 1, 0, 1), (0, 1, 2, 2))",216,1
CCXX,1952,26694,"CCXX[C[0,0],C[1,1],X[0,0|1,2],X[1,2|0,0]]","(False, False, False, False, False, False, False, (0, 1, 0, 1), (0, 1, 2, 0))",216,1
CCXX,1953,26695,"CCXX[C[0,0],C[1,1],X[0,0|1,2],X[1,2|0,1]]","(False, False, False, False, False, False, False, (0, 1, 0, 1), (0, 1, 2, 1))",216,1
CCXX,1954,26696,"CCXX[C[0,0],C[1,1],X[0,0|1,2],X[1,2|0,2]]","(False, False, False, False, False, False, False, (0, 1, 0, 1), (0, 1, 2, 2))",216,1
CCXX,1955,26697,"CCXX[C[0,0],C[1,1],X[0,0|1,2],X[1,2|1,0]]","(False, False, False, False, False, False, False, (0, 1, 0, 1), (0, 1, 2, 0))",216,1
CCXX,1956,26698,"CCXX[C[0,0],C[1,1],X[0,0|1,2],X[1,2|1,1]]","(False, False, False, False, False, False, False, (0, 1, 0, 1), (0, 1, 2, 1))",216,1
CCXX,1957,26699,"CCXX[C[0,0],C[1,1],X[0,0|1,2],X[1,2|1,2]]","(False, False, False, False, False, False, False, (0, 1, 0, 1), (0, 1, 2, 2))",216,1
CCXX,1958,26700,"CCXX[C[0,0],C[1,1],X[0,0|1,2],X[1,2|2,0]]","(False, True, False, False, False, False, False, (0, 1, 0, 1), (0, 1, 2, 0))",216,1
CCXX,1959,26701,"CCXX[C[0,0],C[1,1],X[0,0|1,2],X[1,2|2,1]]","(False, True, False, False, False, False, True, (0, 1, 0, 1), (0, 1, 2, 1))",216,1
CCXX,1960,26702,"CCXX[C[0,0],C[1,1],X[0,0|1,2],X[1,2|2,2]]","(False, True, False, False, False, False, False, (0, 1, 0, 1), (0, 1, 2, 2))",216,1
CCXX,1961,26703,"CCXX[C[0,0],C[1,1],X[0,0|1,2],X[2,0|0,0]]","(False, True, False, False, False, False, False, (0, 1, 0, 2), (0, 1, 2, 0))",216,1
CCXX,1962,26704,"CCXX[C[0,0],C[1,1],X[0,0|1,2],X[2,0|0,1]]","(False, True, False, False, False, False, False, (0, 1, 0, 2), (0, 1, 2, 1))",216,1
CCXX,1963,26705,"CCXX[C[0,0],C[1,1],X[0,0|1,2],X[2,0|0,2]]","(False, True, False, False, False, False, False, (0, 1, 0, 2), (0, 1, 2, 2))",216,1
CCXX,1964,26706,"CCXX[C[0,0],C[1,1],X[0,0|1,2],X[2,0|1,0]]","(False, False, False, False, False, False, False, (0, 1, 0, 2), (0, 1, 2, 0))",216,1
CCXX,1965,26707,"CCXX[C[0,0],C[1,1],X[0,0|1,2],X[2,0|1,1]]","(False, False, False, False, False, False, False, (0, 1, 0, 2), (0, 1, 2, 1))",216,1
CCXX,1966,26708,"CCXX[C[0,0],C[1,1],X[0,0|1,2],X[2,0|1,2]]","(False, False, False, False, False, False, False, (0, 1, 0, 2), (0, 1, 2, 2))",216,1
CCXX,1967,26709,"CCXX[C[0,0],C[1,1],X[0,0|1,2],X[2,0|2,0]]","(False, False, False, False, False, False, False, (0, 1, 0, 2), (0, 1, 2, 0))",216,1
CCXX,1968,26710,"CCXX[C[0,0],C[1,1],X[0,0|1,2],X[2,0|2,1]]","(False, False, False, False, False, False, False, (0, 1, 0, 2), (0, 1, 2, 1))",216,1
CCXX,1969,26711,"CCXX[C[0,0],C[1,1],X[0,0|1,2],X[2,0|2,2]]","(False, False, False, False, False, False, False, (0, 1, 0, 2), (0, 1, 2, 2))",216,1
CCXX,1970,26712,"CCXX[C[0,0],C[1,1],X[0,0|1,2],X[2,1|0,0]]","(False, False, False, False, False, False, False, (0, 1, 0, 2), (0, 1, 2, 0))",216,1
CCXX,1971,26713,"CCXX[C[0,0],C[1,1],X[0,0|1,2],X[2,1|0,1]]","(False, False, False, False, False, False, False, (0, 1, 0, 2), (0, 1, 2, 1))",216,1
CCXX,1972,26714,"CCXX[C[0,0],C[1,1],X[0,0|1,2],X[2,1|0,2]]","(False, False, False, False, False, False, False, (0, 1, 0, 2), (0, 1, 2, 2))",216,1
CCXX,1973,26715,"CCXX[C[0,0],C[1,1],X[0,0|1,2],X[2,1|1,0]]","(False, True, False, False, False, False, False, (0, 1, 0, 2), (0, 1, 2, 0))",216,1
CCXX,1974,26716,"CCXX[C[0,0],C[1,1],X[0,0|1,2],X[2,1|1,1]]","(False, True, False, False, False, False, False, (0, 1, 0, 2), (0, 1, 2, 1))",216,1
CCXX,1975,26717,"CCXX[C[0,0],C[1,1],X[0,0|1,2],X[2,1|1,2]]","(False, True, False, False, False, False, False, (0, 1, 0, 2), (0, 1, 2, 2))",216,1
CCXX,1976,26718,"CCXX[C[0,0],C[1,1],X[0,0|1,2],X[2,1|2,0]]","(False, False, False, False, False, False, False, (0, 1, 0, 2), (0, 1, 2, 0))",216,1
CCXX,1977,26719,"CCXX[C[0,0],C[1,1],X[0,0|1,2],X[2,1|2,1]]","(False, False, False, False, False, False, False, (0, 1, 0, 2), (0, 1, 2, 1))",216,1
CCXX,1978,26720,"CCXX[C[0,0],C[1,1],X[0,0|1,2],X[2,1|2,2]]","(False, False, False, False, False, False, False, (0, 1, 0, 2), (0, 1, 2, 2))",216,1
CCXX,1979,26721,"CCXX[C[0,0],C[1,1],X[0,0|1,2],X[2,2|0,0]]","(False, False, False, False, False, False, False, (0, 1, 0, 2), (0, 1, 2, 0))",216,1
CCXX,1980,26722,"CCXX[C[0,0],C[1,1],X[0,0|1,2],X[2,2|0,1]]","(False, False, False, False, False, False, False, (0, 1, 0, 2), (0, 1, 2, 1))",216,1
CCXX,1981,26723,"CCXX[C[0,0],C[1,1],X[0,0|1,2],X[2,2|0,2]]","(False, False, False, False, False, False, False, (0, 1, 0, 2), (0, 1, 2, 2))",216,1
CCXX,1982,26724,"CCXX[C[0,0],C[1,1],X[0,0|1,2],X[2,2|1,0]]","(False, False, False, False, False, False, False, (0, 1, 0, 2), (0, 1, 2, 0))",216,1
CCXX,1983,26725,"CCXX[C[0,0],C[1,1],X[0,0|1,2],X[2,2|1,1]]","(False, False, False, False, False, False, False, (0, 1, 0, 2), (0, 1, 2, 1))",216,1
CCXX,1984,26726,"CCXX[C[0,0],C[1,1],X[0,0|1,2],X[2,2|1,2]]","(False, False, False, False, False, False, False, (0, 1, 0, 2), (0, 1, 2, 2))",216,1
CCXX,1985,26727,"CCXX[C[0,0],C[1,1],X[0,0|1,2],X[2,2|2,0]]","(False, True, False, False, False, False, False, (0, 1, 0, 2), (0, 1, 2, 0))",216,1
CCXX,1986,26728,"CCXX[C[0,0],C[1,1],X[0,0|1,2],X[2,2|2,1]]","(False, True, False, False, False, False, False, (0, 1, 0, 2), (0, 1, 2, 1))",216,1
CCXX,1987,26729,"CCXX[C[0,0],C[1,1],X[0,0|1,2],X[2,2|2,2]]","(False, True, False, False, False, False, False, (0, 1, 0, 2), (0, 1, 2, 2))",216,1
CCXX,1988,28431,"CCXX[C[0,0],C[1,1],X[1,0|0,0],X[0,0|0,0]]","(True, True, False, False, True, False, False, (0, 1, 1, 0), (0, 1, 0, 0))",108,2
CCXX,1989,28432,"CCXX[C[0,0],C[1,1],X[1,0|0,0],X[0,0|0,1]]","(True, True, False, False, False, False, False, (0, 1, 1, 0), (0, 1, 0, 1))",108,2
CCXX,1990,28433,"CCXX[C[0,0],C[1,1],X[1,0|0,0],X[0,0|0,2]]","(True, True, False, False, False, False, False, (0, 1, 1, 0), (0, 1, 0, 2))",108,2
CCXX,1991,28434,"CCXX[C[0,0],C[1,1],X[1,0|0,0],X[0,0|1,0]]","(True, False, False, False, False, False, False, (0, 1, 1, 0), (0, 1, 0, 0))",216,1
CCXX,1992,28435,"CCXX[C[0,0],C[1,1],X[1,0|0,0],X[0,0|1,1]]","(True, False, False, False, False, False, False, (0, 1, 1, 0), (0, 1, 0, 1))",216,1
CCXX,1993,28436,"CCXX[C[0,0],C[1,1],X[1,0|0,0],X[0,0|1,2]]","(True, False, False, False, False, False, False, (0, 1, 1, 0), (0, 1, 0, 2))",216,1
CCXX,1994,28440,"CCXX[C[0,0],C[1,1],X[1,0|0,0],X[0,1|0,0]]","(True, False, False, False, False, False, False, (0, 1, 1, 0), (0, 1, 0, 0))",216,1
CCXX,1995,28441,"CCXX[C[0,0],C[1,1],X[1,0|0,0],X[0,1|0,1]]","(True, False, False, False, False, False, False, (0, 1, 1, 0), (0, 1, 0, 1))",216,1
CCXX,1996,28442,"CCXX[C[0,0],C[1,1],X[1,0|0,0],X[0,1|0,2]]","(True, False, False, False, False, False, False, (0, 1, 1, 0), (0, 1, 0, 2))",216,1
CCXX,1997,28443,"CCXX[C[0,0],C[1,1],X[1,0|0,0],X[0,1|1,0]]","(True, True, False, False, True, False, False, (0, 1, 1, 0), (0, 1, 0, 0))",216,1
CCXX,1998,28444,"CCXX[C[0,0],C[1,1],X[1,0|0,0],X[0,1|1,1]]","(True, True, False, False, False, False, False, (0, 1, 1, 0), (0, 1, 0, 1))",216,1
CCXX,1999,28445,"CCXX[C[0,0],C[1,1],X[1,0|0,0],X[0,1|1,2]]","(True, True, False, False, False, False, False, (0, 1, 1, 0), (0, 1, 0, 2))",216,1
CCXX,2000,28446,"CCXX[C[0,0],C[1,1],X[1,0|0,0],X[0,1|2,0]]","(True, False, False, False, False, False, False, (0, 1, 1, 0), (0, 1, 0, 0))",216,1
CCXX,2001,28447,"CCXX[C[0,0],C[1,1],X[1,0|0,0],X[0,1|2,1]]","(True, False, False, False, False, False, False, (0, 1, 1, 0), (0, 1, 0, 1))",216,1
CCXX,2002,28448,"CCXX[C[0,0],C[1,1],X[1,0|0,0],X[0,1|2,2]]","(True, False, False, False, False, False, False, (0, 1, 1, 0), (0, 1, 0, 2))",216,1
CCXX,2003,28458,"CCXX[C[0,0],C[1,1],X[1,0|0,0],X[1,0|0,0]]","(True, True, False, False, False, False, False, (0, 1, 1, 1), (0, 1, 0, 0))",108,2
CCXX,2004,28459,"CCXX[C[0,0],C[1,1],X[1,0|0,0],X[1,0|0,1]]","(True, True, False, False, False, False, True, (0, 1, 1, 1), (0, 1, 0, 1))",108,2
CCXX,2005,28460,"CCXX[C[0,0],C[1,1],X[1,0|0,0],X[1,0|0,2]]","(True, True, False, False, False, False, False, (0, 1, 1, 1), (0, 1, 0, 2))",108,2
CCXX,2006,28461,"CCXX[C[0,0],C[1,1],X[1,0|0,0],X[1,0|1,0]]","(True, False, False, False, False, False, False, (0, 1, 1, 1), (0, 1, 0, 0))",216,1
CCXX,2007,28462,"CCXX[C[0,0],C[1,1],X[1,0|0,0],X[1,0|1,1]]","(True, False, False, False, False, False, False, (0, 1, 1, 1), (0, 1, 0, 1))",216,1
CCXX,2008,28463,"CCXX[C[0,0],C[1,1],X[1,0|0,0],X[1,0|1,2]]","(True, False, False, False, False, False, False, (0, 1, 1, 1), (0, 1, 0, 2))",216,1
CCXX,2009,28467,"CCXX[C[0,0],C[1,1],X[1,0|0,0],X[1,1|0,0]]","(True, False, False, False, False, False, False, (0, 1, 1, 1), (0, 1, 0, 0))",216,1
CCXX,2010,28468,"CCXX[C[0,0],C[1,1],X[1,0|0,0],X[1,1|0,1]]","(True, False, False, False, False, False, False, (0, 1, 1, 1), (0, 1, 0, 1))",216,1
CCXX,2011,28469,"CCXX[C[0,0],C[1,1],X[1,0|0,0],X[1,1|0,2]]","(True, False, False, False, False, False, False, (0, 1, 1, 1), (0, 1, 0, 2))",216,1
CCXX,2012,28470,"CCXX[C[0,0],C[1,1],X[1,0|0,0],X[1,1|1,0]]","(True, True, False, False, False, False, False, (0, 1, 1, 1), (0, 1, 0, 0))",216,1
CCXX,2013,28471,"CCXX[C[0,0],C[1,1],X[1,0|0,0],X[1,1|1,1]]","(True, True, False, False, False, False, True, (0, 1, 1, 1), (0, 1, 0, 1))",216,1
CCXX,2014,28472,"CCXX[C[0,0],C[1,1],X[1,0|0,0],X[1,1|1,2]]","(True, True, False, False, False, False, False, (0, 1, 1, 1), (0, 1, 0, 2))",216,1
CCXX,2015,28473,"CCXX[C[0,0],C[1,1],X[1,0|0,0],X[1,1|2,0]]","(True, False, False, False, False, False, False, (0, 1, 1, 1), (0, 1, 0, 0))",216,1
CCXX,2016,28474,"CCXX[C[0,0],C[1,1],X[1,0|0,0],X[1,1|2,1]]","(True, False, False, False, False, False, False, (0, 1, 1, 1), (0, 1, 0, 1))",216,1
CCXX,2017,28475,"CCXX[C[0,0],C[1,1],X[1,0|0,0],X[1,1|2,2]]","(True, False, False, False, False, False, False, (0, 1, 1, 1), (0, 1, 0, 2))",216,1
CCXX,2018,28485,"CCXX[C[0,0],C[1,1],X[1,0|0,0],X[2,0|0,0]]","(True, True, False, False, False, False, False, (0, 1, 1, 2), (0, 1, 0, 0))",108,2
CCXX,2019,28486,"CCXX[C[0,0],C[1,1],X[1,0|0,0],X[2,0|0,1]]","(True, True, False, False, False, False, False, (0, 1, 1, 2), (0, 1, 0, 1))",108,2
CCXX,2020,28487,"CCXX[C[0,0],C[1,1],X[1,0|0,0],X[2,0|0,2]]","(True, True, False, False, False, False, False, (0, 1, 1, 2), (0, 1, 0, 2))",108,2
CCXX,2021,28488,"CCXX[C[0,0],C[1,1],X[1,0|0,0],X[2,0|1,0]]","(True, False, False, False, False, False, False, (0, 1, 1, 2), (0, 1, 0, 0))",216,1
CCXX,2022,28489,"CCXX[C[0,0],C[1,1],X[1,0|0,0],X[2,0|1,1]]","(True, False, False, False, False, False, False, (0, 1, 1, 2), (0, 1, 0, 1))",216,1
CCXX,2023,28490,"CCXX[C[0,0],C[1,1],X[1,0|0,0],X[2,0|1,2]]","(True, False, False, False, False, False, False, (0, 1, 1, 2), (0, 1, 0, 2))",216,1
CCXX,2024,28494,"CCXX[C[0,0],C[1,1],X[1,0|0,0],X[2,1|0,0]]","(True, False, False, False, False, False, False, (0, 1, 1, 2), (0, 1, 0, 0))",216,1
CCXX,2025,28495,"CCXX[C[0,0],C[1,1],X[1,0|0,0],X[2,1|0,1]]","(True, False, False, False, False, False, False, (0, 1, 1, 2), (0, 1, 0, 1))",216,1
CCXX,2026,28496,"CCXX[C[0,0],C[1,1],X[1,0|0,0],X[2,1|0,2]]","(True, False, False, False, False, False, False, (0, 1, 1, 2), (0, 1, 0, 2))",216,1
CCXX,2027,28497,"CCXX[C[0,0],C[1,1],X[1,0|0,0],X[2,1|1,0]]","(True, True, False, False, False, False, False, (0, 1, 1, 2), (0, 1, 0, 0))",216,1
CCXX,2028,28498,"CCXX[C[0,0],C[1,1],X[1,0|0,0],X[2,1|1,1]]","(True, True, False, False, False, False, False, (0, 1, 1, 2), (0, 1, 0, 1))",216,1
CCXX,2029,28499,"CCXX[C[0,0],C[1,1],X[1,0|0,0],X[2,1|1,2]]","(True, True, False, False, False, False, False, (0, 1, 1, 2), (0, 1, 0, 2))",216,1
CCXX,2030,28500,"CCXX[C[0,0],C[1,1],X[1,0|0,0],X[2,1|2,0]]","(True, False, False, False, False, False, False, (0, 1, 1, 2), (0, 1, 0, 0))",216,1
CCXX,2031,28501,"CCXX[C[0,0],C[1,1],X[1,0|0,0],X[2,1|2,1]]","(True, False, False, False, False, False, False, (0, 1, 1, 2), (0, 1, 0, 1))",216,1
CCXX,2032,28502,"CCXX[C[0,0],C[1,1],X[1,0|0,0],X[2,1|2,2]]","(True, False, False, False, False, False, False, (0, 1, 1, 2), (0, 1, 0, 2))",216,1
CCXX,2033,28512,"CCXX[C[0,0],C[1,1],X[1,0|0,1],X[0,0|0,0]]","(True, True, False, False, True, True, False, (0, 1, 1, 0), (0, 1, 1, 0))",108,2
CCXX,2034,28513,"CCXX[C[0,0],C[1,1],X[1,0|0,1],X[0,0|0,1]]","(True, True, False, False, False, True, False, (0, 1, 1, 0), (0, 1, 1, 1))",108,2
CCXX,2035,28514,"CCXX[C[0,0],C[1,1],X[1,0|0,1],X[0,0|0,2]]","(True, True, False, False, False, True, False, (0, 1, 1, 0), (0, 1, 1, 2))",108,2
CCXX,2036,28515,"CCXX[C[0,0],C[1,1],X[1,0|0,1],X[0,0|1,0]]","(True, False, False, False, False, True, False, (0, 1, 1, 0), (0, 1, 1, 0))",216,1
CCXX,2037,28516,"CCXX[C[0,0],C[1,1],X[1,0|0,1],X[0,0|1,1]]","(True, False, False, False, False, True, False, (0, 1, 1, 0), (0, 1, 1, 1))",216,1
CCXX,2038,28517,"CCXX[C[0,0],C[1,1],X[1,0|0,1],X[0,0|1,2]]","(True, False, False, False, False, True, False, (0, 1, 1, 0), (0, 1, 1, 2))",216,1
CCXX,2039,28521,"CCXX[C[0,0],C[1,1],X[1,0|0,1],X[0,1|0,0]]","(True, False, False, False, False, True, False, (0, 1, 1, 0), (0, 1, 1, 0))",216,1
CCXX,2040,28522,"CCXX[C[0,0],C[1,1],X[1,0|0,1],X[0,1|0,1]]","(True, False, False, False, False, True, False, (0, 1, 1, 0), (0, 1, 1, 1))",216,1
CCXX,2041,28523,"CCXX[C[0,0],C[1,1],X[1,0|0,1],X[0,1|0,2]]","(True, False, False, False, False, True, False, (0, 1, 1, 0), (0, 1, 1, 2))",216,1
CCXX,2042,28524,"CCXX[C[0,0],C[1,1],X[1,0|0,1],X[0,1|1,0]]","(True, True, False, False, True, True, False, (0, 1, 1, 0), (0, 1, 1, 0))",216,1
CCXX,2043,28525,"CCXX[C[0,0],C[1,1],X[1,0|0,1],X[0,1|1,1]]","(True, True, False, False, False, True, False, (0, 1, 1, 0), (0, 1, 1, 1))",216,1
CCXX,2044,28526,"CCXX[C[0,0],C[1,1],X[1,0|0,1],X[0,1|1,2]]","(True, True, False, False, False, True, False, (0, 1, 1, 0), (0, 1, 1, 2))",216,1
CCXX,2045,28527,"CCXX[C[0,0],C[1,1],X[1,0|0,1],X[0,1|2,0]]","(True, False, False, False, False, True, False, (0, 1, 1, 0), (0, 1, 1, 0))",216,1
CCXX,2046,28528,"CCXX[C[0,0],C[1,1],X[1,0|0,1],X[0,1|2,1]]","(True, False, False, False, False, True, False, (0, 1, 1, 0), (0, 1, 1, 1))",216,1
CCXX,2047,28529,"CCXX[C[0,0],C[1,1],X[1,0|0,1],X[0,1|2,2]]","(True, False, False, False, False, True, False, (0, 1, 1, 0), (0, 1, 1, 2))",216,1
CCXX,2048,28539,"CCXX[C[0,0],C[1,1],X[1,0|0,1],X[1,0|0,0]]","(True, True, False, False, False, True, False, (0, 1, 1, 1), (0, 1, 1, 0))",108,2
CCXX,2049,28540,"CCXX[C[0,0],C[1,1],X[1,0|0,1],X[1,0|0,1]]","(True, True, False, False, False, True, True, (0, 1, 1, 1), (0, 1, 1, 1))",108,2
CCXX,2050,28541,"CCXX[C[0,0],C[1,1],X[1,0|0,1],X[1,0|0,2]]","(True, True, False, False, False, True, False, (0, 1, 1, 1), (0, 1, 1, 2))",108,2
CCXX,2051,28542,"CCXX[C[0,0],C[1,1],X[1,0|0,1],X[1,0|1,0]]","(True, False, False, False, False, True, False, (0, 1, 1, 1), (0, 1, 1, 0))",216,1
CCXX,2052,28543,"CCXX[C[0,0],C[1,1],X[1,0|0,1],X[1,0|1,1]]","(True, False, False, False, False, True, False, (0, 1, 1, 1), (0, 1, 1, 1))",216,1
CCXX,2053,28544,"CCXX[C[0,0],C[1,1],X[1,0|0,1],X[1,0|1,2]]","(True, False, False, False, False, True, False, (0, 1, 1, 1), (0, 1, 1, 2))",216,1
CCXX,2054,28548,"CCXX[C[0,0],C[1,1],X[1,0|0,1],X[1,1|0,0]]","(True, False, False, False, False, True, False, (0, 1, 1, 1), (0, 1, 1, 0))",216,1
CCXX,2055,28549,"CCXX[C[0,0],C[1,1],X[1,0|0,1],X[1,1|0,1]]","(True, False, False, False, False, True, False, (0, 1, 1, 1), (0, 1, 1, 1))",216,1
CCXX,2056,28550,"CCXX[C[0,0],C[1,1],X[1,0|0,1],X[1,1|0,2]]","(True, False, False, False, False, True, False, (0, 1, 1, 1), (0, 1, 1, 2))",216,1
CCXX,2057,28551,"CCXX[C[0,0],C[1,1],X[1,0|0,1],X[1,1|1,0]]","(True, True, False, False, False, True, False, (0, 1, 1, 1), (0, 1, 1, 0))",216,1
CCXX,2058,28552,"CCXX[C[0,0],C[1,1],X[1,0|0,1],X[1,1|1,1]]","(True, True, False, False, False, True, True, (0, 1, 1, 1), (0, 1, 1, 1))",216,1
CCXX,2059,28553,"CCXX[C[0,0],C[1,1],X[1,0|0,1],X[1,1|1,2]]","(True, True, False, False, False, True, False, (0, 1, 1, 1), (0, 1, 1, 2))",216,1
CCXX,2060,28554,"CCXX[C[0,0],C[1,1],X[1,0|0,1],X[1,1|2,0]]","(True, False, False, False, False, True, False, (0, 1, 1, 1), (0, 1, 1, 0))",216,1
CCXX,2061,28555,"CCXX[C[0,0],C[1,1],X[1,0|0,1],X[1,1|2,1]]","(True, False, False, False, False, True, False, (0, 1, 1, 1), (0, 1, 1, 1))",216,1
CCXX,2062,28556,"CCXX[C[0,0],C[1,1],X[1,0|0,1],X[1,1|2,2]]","(True, False, False, False, False, True, False, (0, 1, 1, 1), (0, 1, 1, 2))",216,1
CCXX,2063,28566,"CCXX[C[0,0],C[1,1],X[1,0|0,1],X[2,0|0,0]]","(True, True, False, False, False, True, False, (0, 1, 1, 2), (0, 1, 1, 0))",108,2
CCXX,2064,28567,"CCXX[C[0,0],C[1,1],X[1,0|0,1],X[2,0|0,1]]","(True, True, False, False, False, True, False, (0, 1, 1, 2), (0, 1, 1, 1))",108,2
CCXX,2065,28568,"CCXX[C[0,0],C[1,1],X[1,0|0,1],X[2,0|0,2]]","(True, True, False, False, False, True, False, (0, 1, 1, 2), (0, 1, 1, 2))",108,2
CCXX,2066,28569,"CCXX[C[0,0],C[1,1],X[1,0|0,1],X[2,0|1,0]]","(True, False, False, False, False, True, False, (0, 1, 1, 2), (0, 1, 1, 0))",216,1
CCXX,2067,28570,"CCXX[C[0,0],C[1,1],X[1,0|0,1],X[2,0|1,1]]","(True, False, False, False, False, True, False, (0, 1, 1, 2), (0, 1, 1, 1))",216,1
CCXX,2068,28571,"CCXX[C[0,0],C[1,1],X[1,0|0,1],X[2,0|1,2]]","(True, False, False, False, False, True, False, (0, 1, 1, 2), (0, 1, 1, 2))",216,1
CCXX,2069,28575,"CCXX[C[0,0],C[1,1],X[1,0|0,1],X[2,1|0,0]]","(True, False, False, False, False, True, False, (0, 1, 1, 2), (0, 1, 1, 0))",216,1
CCXX,2070,28576,"CCXX[C[0,0],C[1,1],X[1,0|0,1],X[2,1|0,1]]","(True, False, False, False, False, True, False, (0, 1, 1, 2), (0, 1, 1, 1))",216,1
CCXX,2071,28577,"CCXX[C[0,0],C[1,1],X[1,0|0,1],X[2,1|0,2]]","(True, False, False, False, False, True, False, (0, 1, 1, 2), (0, 1, 1, 2))",216,1
CCXX,2072,28578,"CCXX[C[0,0],C[1,1],X[1,0|0,1],X[2,1|1,0]]","(True, True, False, False, False, True, False, (0, 1, 1, 2), (0, 1, 1, 0))",216,1
CCXX,2073,28579,"CCXX[C[0,0],C[1,1],X[1,0|0,1],X[2,1|1,1]]","(True, True, False, False, False, True, False, (0, 1, 1, 2), (0, 1, 1, 1))",216,1
CCXX,2074,28580,"CCXX[C[0,0],C[1,1],X[1,0|0,1],X[2,1|1,2]]","(True, True, False, False, False, True, False, (0, 1, 1, 2), (0, 1, 1, 2))",216,1
CCXX,2075,28581,"CCXX[C[0,0],C[1,1],X[1,0|0,1],X[2,1|2,0]]","(True, False, False, False, False, True, False, (0, 1, 1, 2), (0, 1, 1, 0))",216,1
CCXX,2076,28582,"CCXX[C[0,0],C[1,1],X[1,0|0,1],X[2,1|2,1]]","(True, False, False, False, False, True, False, (0, 1, 1, 2), (0, 1, 1, 1))",216,1
CCXX,2077,28583,"CCXX[C[0,0],C[1,1],X[1,0|0,1],X[2,1|2,2]]","(True, False, False, False, False, True, False, (0, 1, 1, 2), (0, 1, 1, 2))",216,1
CCXX,2078,28593,"CCXX[C[0,0],C[1,1],X[1,0|0,2],X[0,0|0,0]]","(True, True, False, False, True, False, False, (0, 1, 1, 0), (0, 1, 2, 0))",108,2
CCXX,2079,28594,"CCXX[C[0,0],C[1,1],X[1,0|0,2],X[0,0|0,1]]","(True, True, False, False, False, False, False, (0, 1, 1, 0), (0, 1, 2, 1))",108,2
CCXX,2080,28595,"CCXX[C[0,0],C[1,1],X[1,0|0,2],X[0,0|0,2]]","(True, True, False, False, False, False, False, (0, 1, 1, 0), (0, 1, 2, 2))",108,2
CCXX,2081,28596,"CCXX[C[0,0],C[1,1],X[1,0|0,2],X[0,0|1,0]]","(True, False, False, False, False, False, False, (0, 1, 1, 0), (0, 1, 2, 0))",216,1
CCXX,2082,28597,"CCXX[C[0,0],C[1,1],X[1,0|0,2],X[0,0|1,1]]","(True, False, False, False, False, False, False, (0, 1, 1, 0), (0, 1, 2, 1))",216,1
CCXX,2083,28598,"CCXX[C[0,0],C[1,1],X[1,0|0,2],X[0,0|1,2]]","(True, False, False, False, False, False, False, (0, 1, 1, 0), (0, 1, 2, 2))",216,1
CCXX,2084,28602,"CCXX[C[0,0],C[1,1],X[1,0|0,2],X[0,1|0,0]]","(True, False, False, False, False, False, False, (0, 1, 1, 0), (0, 1, 2, 0))",216,1
CCXX,2085,28603,"CCXX[C[0,0],C[1,1],X[1,0|0,2],X[0,1|0,1]]","(True, False, False, False, False, False, False, (0, 1, 1, 0), (0, 1, 2, 1))",216,1
CCXX,2086,28604,"CCXX[C[0,0],C[1,1],X[1,0|0,2],X[0,1|0,2]]","(True, False, False, False, False, False, False, (0, 1, 1, 0), (0, 1, 2, 2))",216,1
CCXX,2087,28605,"CCXX[C[0,0],C[1,1],X[1,0|0,2],X[0,1|1,0]]","(True, True, False, False, True, False, False, (0, 1, 1, 0), (0, 1, 2, 0))",216,1
CCXX,2088,28606,"CCXX[C[0,0],C[1,1],X[1,0|0,2],X[0,1|1,1]]","(True, True, False, False, False, False, False, (0, 1, 1, 0), (0, 1, 2, 1))",216,1
CCXX,2089,28607,"CCXX[C[0,0],C[1,1],X[1,0|0,2],X[0,1|1,2]]","(True, True, False, False, False, False, False, (0, 1, 1, 0), (0, 1, 2, 2))",216,1
CCXX,2090,28608,"CCXX[C[0,0],C[1,1],X[1,0|0,2],X[0,1|2,0]]","(True, False, False, False, False, False, False, (0, 1, 1, 0), (0, 1, 2, 0))",216,1
CCXX,2091,28609,"CCXX[C[0,0],C[1,1],X[1,0|0,2],X[0,1|2,1]]","(True, False, False, False, False, False, False, (0, 1, 1, 0), (0, 1, 2, 1))",216,1
CCXX,2092,28610,"CCXX[C[0,0],C[1,1],X[1,0|0,2],X[0,1|2,2]]","(True, False, False, False, False, False, False, (0, 1, 1, 0), (0, 1, 2, 2))",216,1
CCXX,2093,28620,"CCXX[C[0,0],C[1,1],X[1,0|0,2],X[1,0|0,0]]","(True, True, False, False, False, False, False, (0, 1, 1, 1), (0, 1, 2, 0))",108,2
CCXX,2094,28621,"CCXX[C[0,0],C[1,1],X[1,0|0,2],X[1,0|0,1]]","(True, True, False, False, False, False, True, (0, 1, 1, 1), (0, 1, 2, 1))",108,2
CCXX,2095,28622,"CCXX[C[0,0],C[1,1],X[1,0|0,2],X[1,0|0,2]]","(True, True, False, False, False, False, False, (0, 1, 1, 1), (0, 1, 2, 2))",108,2
CCXX,2096,28623,"CCXX[C[0,0],C[1,1],X[1,0|0,2],X[1,0|1,0]]","(True, False, False, False, False, False, False, (0, 1, 1, 1), (0, 1, 2, 0))",216,1
CCXX,2097,28624,"CCXX[C[0,0],C[1,1],X[1,0|0,2],X[1,0|1,1]]","(True, False, False, False, False, False, False, (0, 1, 1, 1), (0, 1, 2, 1))",216,1
CCXX,2098,28625,"CCXX[C[0,0],C[1,1],X[1,0|0,2],X[1,0|1,2]]","(True, False, False, False, False, False, False, (0, 1, 1, 1), (0, 1, 2, 2))",216,1
CCXX,2099,28629,"CCXX[C[0,0],C[1,1],X[1,0|0,2],X[1,1|0,0]]","(True, False, False, False, False, False, False, (0, 1, 1, 1), (0, 1, 2, 0))",216,1
CCXX,2100,28630,"CCXX[C[0,0],C[1,1],X[1,0|0,2],X[1,1|0,1]]","(True, False, False, False, False, False, False, (0, 1, 1, 1), (0, 1, 2, 1))",216,1
CCXX,2101,28631,"CCXX[C[0,0],C[1,1],X[1,0|0,2],X[1,1|0,2]]","(True, False, False, False, False, False, False, (0, 1, 1, 1), (0, 1, 2, 2))",216,1
CCXX,2102,28632,"CCXX[C[0,0],C[1,1],X[1,0|0,2],X[1,1|1,0]]","(True, True, False, False, False, False, False, (0, 1, 1, 1), (0, 1, 2, 0))",216,1
CCXX,2103,28633,"CCXX[C[0,0],C[1,1],X[1,0|0,2],X[1,1|1,1]]","(True, True, False, False, False, False, True, (0, 1, 1, 1), (0, 1, 2, 1))",216,1
CCXX,2104,28634,"CCXX[C[0,0],C[1,1],X[1,0|0,2],X[1,1|1,2]]","(True, True, False, False, False, False, False, (0, 1, 1, 1), (0, 1, 2, 2))",216,1
CCXX,2105,28635,"CCXX[C[0,0],C[1,1],X[1,0|0,2],X[1,1|2,0]]","(True, False, False, False, False, False, False, (0, 1, 1, 1), (0, 1, 2, 0))",216,1
CCXX,2106,28636,"CCXX[C[0,0],C[1,1],X[1,0|0,2],X[1,1|2,1]]","(True, False, False, False, False, False, False, (0, 1, 1, 1), (0, 1, 2, 1))",216,1
CCXX,2107,28637,"CCXX[C[0,0],C[1,1],X[1,0|0,2],X[1,1|2,2]]","(True, False, False, False, False, False, False, (0, 1, 1, 1), (0, 1, 2, 2))",216,1
CCXX,2108,28647,"CCXX[C[0,0],C[1,1],X[1,0|0,2],X[2,0|0,0]]","(True, True, False, False, False, False, False, (0, 1, 1, 2), (0, 1, 2, 0))",108,2
CCXX,2109,28648,"CCXX[C[0,0],C[1,1],X[1,0|0,2],X[2,0|0,1]]","(True, True, False, False, False, False, False, (0, 1, 1, 2), (0, 1, 2, 1))",108,2
CCXX,2110,28649,"CCXX[C[0,0],C[1,1],X[1,0|0,2],X[2,0|0,2]]","(True, True, False, False, False, False, False, (0, 1, 1, 2), (0, 1, 2, 2))",108,2
CCXX,2111,28650,"CCXX[C[0,0],C[1,1],X[1,0|0,2],X[2,0|1,0]]","(True, False, False, False, False, False, False, (0, 1, 1, 2), (0, 1, 2, 0))",216,1
CCXX,2112,28651,"CCXX[C[0,0],C[1,1],X[1,0|0,2],X[2,0|1,1]]","(True, False, False, False, False, False, False, (0, 1, 1, 2), (0, 1, 2, 1))",216,1
CCXX,2113,28652,"CCXX[C[0,0],C[1,1],X[1,0|0,2],X[2,0|1,2]]","(True, False, False, False, False, False, False, (0, 1, 1, 2), (0, 1, 2, 2))",216,1
CCXX,2114,28656,"CCXX[C[0,0],C[1,1],X[1,0|0,2],X[2,1|0,0]]","(True, False, False, False, False, False, False, (0, 1, 1, 2), (0, 1, 2, 0))",216,1
CCXX,2115,28657,"CCXX[C[0,0],C[1,1],X[1,0|0,2],X[2,1|0,1]]","(True, False, False, False, False, False, False, (0, 1, 1, 2), (0, 1, 2, 1))",216,1
CCXX,2116,28658,"CCXX[C[0,0],C[1,1],X[1,0|0,2],X[2,1|0,2]]","(True, False, False, False, False, False, False, (0, 1, 1, 2), (0, 1, 2, 2))",216,1
CCXX,2117,28659,"CCXX[C[0,0],C[1,1],X[1,0|0,2],X[2,1|1,0]]","(True, True, False, False, False, False, False, (0, 1, 1, 2), (0, 1, 2, 0))",216,1
CCXX,2118,28660,"CCXX[C[0,0],C[1,1],X[1,0|0,2],X[2,1|1,1]]","(True, True, False, False, False, False, False, (0, 1, 1, 2), (0, 1, 2, 1))",216,1
CCXX,2119,28661,"CCXX[C[0,0],C[1,1],X[1,0|0,2],X[2,1|1,2]]","(True, True, False, False, False, False, False, (0, 1, 1, 2), (0, 1, 2, 2))",216,1
CCXX,2120,28662,"CCXX[C[0,0],C[1,1],X[1,0|0,2],X[2,1|2,0]]","(True, False, False, False, False, False, False, (0, 1, 1, 2), (0, 1, 2, 0))",216,1
CCXX,2121,28663,"CCXX[C[0,0],C[1,1],X[1,0|0,2],X[2,1|2,1]]","(True, False, False, False, False, False, False, (0, 1, 1, 2), (0, 1, 2, 1))",216,1
CCXX,2122,28664,"CCXX[C[0,0],C[1,1],X[1,0|0,2],X[2,1|2,2]]","(True, False, False, False, False, False, False, (0, 1, 1, 2), (0, 1, 2, 2))",216,1
CCXX,2123,28674,"CCXX[C[0,0],C[1,1],X[1,0|1,0],X[0,0|0,0]]","(False, True, False, False, True, False, False, (0, 1, 1, 0), (0, 1, 0, 0))",216,1
CCXX,2124,28675,"CCXX[C[0,0],C[1,1],X[1,0|1,0],X[0,0|0,1]]","(False, True, False, False, False, False, False, (0, 1, 1, 0), (0, 1, 0, 1))",216,1
CCXX,2125,28676,"CCXX[C[0,0],C[1,1],X[1,0|1,0],X[0,0|0,2]]","(False, True, False, False, False, False, False, (0, 1, 1, 0), (0, 1, 0, 2))",216,1
CCXX,2126,28677,"CCXX[C[0,0],C[1,1],X[1,0|1,0],X[0,0|1,0]]","(False, False, False, False, False, False, False, (0, 1, 1, 0), (0, 1, 0, 0))",216,1
CCXX,2127,28678,"CCXX[C[0,0],C[1,1],X[1,0|1,0],X[0,0|1,1]]","(False, False, False, False, False, False, False, (0, 1, 1, 0), (0, 1, 0, 1))",216,1
CCXX,2128,28679,"CCXX[C[0,0],C[1,1],X[1,0|1,0],X[0,0|1,2]]","(False, False, False, False, False, False, False, (0, 1, 1, 0), (0, 1, 0, 2))",216,1
CCXX,2129,28680,"CCXX[C[0,0],C[1,1],X[1,0|1,0],X[0,0|2,0]]","(False, False, False, False, False, False, False, (0, 1, 1, 0), (0, 1, 0, 0))",216,1
CCXX,2130,28681,"CCXX[C[0,0],C[1,1],X[1,0|1,0],X[0,0|2,1]]","(False, False, False, False, False, False, False, (0, 1, 1, 0), (0, 1, 0, 1))",216,1
CCXX,2131,28682,"CCXX[C[0,0],C[1,1],X[1,0|1,0],X[0,0|2,2]]","(False, False, False, False, False, False, False, (0, 1, 1, 0), (0, 1, 0, 2))",216,1
CCXX,2132,28683,"CCXX[C[0,0],C[1,1],X[1,0|1,0],X[0,1|0,0]]","(False, False, False, False, False, False, False, (0, 1, 1, 0), (0, 1, 0, 0))",216,1
CCXX,2133,28684,"CCXX[C[0,0],C[1,1],X[1,0|1,0],X[0,1|0,1]]","(False, False, False, False, False, False, False, (0, 1, 1, 0), (0, 1, 0, 1))",216,1
CCXX,2134,28685,"CCXX[C[0,0],C[1,1],X[1,0|1,0],X[0,1|0,2]]","(False, False, False, False, False, False, False, (0, 1, 1, 0), (0, 1, 0, 2))",216,1
CCXX,2135,28686,"CCXX[C[0,0],C[1,1],X[1,0|1,0],X[0,1|1,0]]","(False, True, False, False, True, False, False, (0, 1, 1, 0), (0, 1, 0, 0))",216,1
CCXX,2136,28687,"CCXX[C[0,0],C[1,1],X[1,0|1,0],X[0,1|1,1]]","(False, True, False, False, False, False, False, (0, 1, 1, 0), (0, 1, 0, 1))",216,1
CCXX,2137,28688,"CCXX[C[0,0],C[1,1],X[1,0|1,0],X[0,1|1,2]]","(False, True, False, False, False, False, False, (0, 1, 1, 0), (0, 1, 0, 2))",216,1
CCXX,2138,28689,"CCXX[C[0,0],C[1,1],X[1,0|1,0],X[0,1|2,0]]","(False, False, False, False, False, False, False, (0, 1, 1, 0), (0, 1, 0, 0))",216,1
CCXX,2139,28690,"CCXX[C[0,0],C[1,1],X[1,0|1,0],X[0,1|2,1]]","(False, False, False, False, False, False, False, (0, 1, 1, 0), (0, 1, 0, 1))",216,1
CCXX,2140,28691,"CCXX[C[0,0],C[1,1],X[1,0|1,0],X[0,1|2,2]]","(False, False, False, False, False, False, False, (0, 1, 1, 0), (0, 1, 0, 2))",216,1
CCXX,2141,28692,"CCXX[C[0,0],C[1,1],X[1,0|1,0],X[0,2|0,0]]","(False, False, False, False, False, False, False, (0, 1, 1, 0), (0, 1, 0, 0))",216,1
CCXX,2142,28693,"CCXX[C[0,0],C[1,1],X[1,0|1,0],X[0,2|0,1]]","(False, False, False, False, False, False, False, (0, 1, 1, 0), (0, 1, 0, 1))",216,1
CCXX,2143,28694,"CCXX[C[0,0],C[1,1],X[1,0|1,0],X[0,2|0,2]]","(False, False, False, False, False, False, False, (0, 1, 1, 0), (0, 1, 0, 2))",216,1
CCXX,2144,28695,"CCXX[C[0,0],C[1,1],X[1,0|1,0],X[0,2|1,0]]","(False, False, False, False, False, False, False, (0, 1, 1, 0), (0, 1, 0, 0))",216,1
CCXX,2145,28696,"CCXX[C[0,0],C[1,1],X[1,0|1,0],X[0,2|1,1]]","(False, False, False, False, False, False, False, (0, 1, 1, 0), (0, 1, 0, 1))",216,1
CCXX,2146,28697,"CCXX[C[0,0],C[1,1],X[1,0|1,0],X[0,2|1,2]]","(False, False, False, False, False, False, False, (0, 1, 1, 0), (0, 1, 0, 2))",216,1
CCXX,2147,28698,"CCXX[C[0,0],C[1,1],X[1,0|1,0],X[0,2|2,0]]","(False, True, False, False, True, False, False, (0, 1, 1, 0), (0, 1, 0, 0))",216,1
CCXX,2148,28699,"CCXX[C[0,0],C[1,1],X[1,0|1,0],X[0,2|2,1]]","(False, True, False, False, False, False, False, (0, 1, 1, 0), (0, 1, 0, 1))",216,1
CCXX,2149,28700,"CCXX[C[0,0],C[1,1],X[1,0|1,0],X[0,2|2,2]]","(False, True, False, False, False, False, False, (0, 1, 1, 0), (0, 1, 0, 2))",216,1
CCXX,2150,28701,"CCXX[C[0,0],C[1,1],X[1,0|1,0],X[1,0|0,0]]","(False, True, False, False, False, False, False, (0, 1, 1, 1), (0, 1, 0, 0))",216,1
CCXX,2151,28702,"CCXX[C[0,0],C[1,1],X[1,0|1,0],X[1,0|0,1]]","(False, True, False, False, False, False, True, (0, 1, 1, 1), (0, 1, 0, 1))",216,1
CCXX,2152,28703,"CCXX[C[0,0],C[1,1],X[1,0|1,0],X[1,0|0,2]]","(False, True, False, False, False, False, False, (0, 1, 1, 1), (0, 1, 0, 2))",216,1
CCXX,2153,28704,"CCXX[C[0,0],C[1,1],X[1,0|1,0],X[1,0|1,0]]","(False, False, False, False, False, False, False, (0, 1, 1, 1), (0, 1, 0, 0))",216,1
CCXX,2154,28705,"CCXX[C[0,0],C[1,1],X[1,0|1,0],X[1,0|1,1]]","(False, False, False, False, False, False, False, (0, 1, 1, 1), (0, 1, 0, 1))",216,1
CCXX,2155,28706,"CCXX[C[0,0],C[1,1],X[1,0|1,0],X[1,0|1,2]]","(False, False, False, False, False, False, False, (0, 1, 1, 1), (0, 1, 0, 2))",216,1
CCXX,2156,28707,"CCXX[C[0,0],C[1,1],X[1,0|1,0],X[1,0|2,0]]","(False, False, False, False, False, False, False, (0, 1, 1, 1), (0, 1, 0, 0))",216,1
CCXX,2157,28708,"CCXX[C[0,0],C[1,1],X[1,0|1,0],X[1,0|2,1]]","(False, False, False, False, False, False, False, (0, 1, 1, 1), (0, 1, 0, 1))",216,1
CCXX,2158,28709,"CCXX[C[0,0],C[1,1],X[1,0|1,0],X[1,0|2,2]]","(False, False, False, False, False, False, False, (0, 1, 1, 1), (0, 1, 0, 2))",216,1
CCXX,2159,28710,"CCXX[C[0,0],C[1,1],X[1,0|1,0],X[1,1|0,0]]","(False, False, False, False, False, False, False, (0, 1, 1, 1), (0, 1, 0, 0))",216,1
CCXX,2160,28711,"CCXX[C[0,0],C[1,1],X[1,0|1,0],X[1,1|0,1]]","(False, False, False, False, False, False, False, (0, 1, 1, 1), (0, 1, 0, 1))",216,1
CCXX,2161,28712,"CCXX[C[0,0],C[1,1],X[1,0|1,0],X[1,1|0,2]]","(False, False, False, False, False, False, False, (0, 1, 1, 1), (0, 1, 0, 2))",216,1
CCXX,2162,28713,"CCXX[C[0,0],C[1,1],X[1,0|1,0],X[1,1|1,0]]","(False, True, False, False, False, False, False, (0, 1, 1, 1), (0, 1, 0, 0))",216,1
CCXX,2163,28714,"CCXX[C[0,0],C[1,1],X[1,0|1,0],X[1,1|1,1]]","(False, True, False, False, False, False, True, (0, 1, 1, 1), (0, 1, 0, 1))",216,1
CCXX,2164,28715,"CCXX[C[0,0],C[1,1],X[1,0|1,0],X[1,1|1,2]]","(False, True, False, False, False, False, False, (0, 1, 1, 1), (0, 1, 0, 2))",216,1
CCXX,2165,28716,"CCXX[C[0,0],C[1,1],X[1,0|1,0],X[1,1|2,0]]","(False, False, False, False, False, False, False, (0, 1, 1, 1), (0, 1, 0, 0))",216,1
CCXX,2166,28717,"CCXX[C[0,0],C[1,1],X[1,0|1,0],X[1,1|2,1]]","(False, False, False, False, False, False, False, (0, 1, 1, 1), (0, 1, 0, 1))",216,1
CCXX,2167,28718,"CCXX[C[0,0],C[1,1],X[1,0|1,0],X[1,1|2,2]]","(False, False, False, False, False, False, False, (0, 1, 1, 1), (0, 1, 0, 2))",216,1
CCXX,2168,28719,"CCXX[C[0,0],C[1,1],X[1,0|1,0],X[1,2|0,0]]","(False, False, False, False, False, False, False, (0, 1, 1, 1), (0, 1, 0, 0))",216,1
CCXX,2169,28720,"CCXX[C[0,0],C[1,1],X[1,0|1,0],X[1,2|0,1]]","(False, False, False, False, False, False, False, (0, 1, 1, 1), (0, 1, 0, 1))",216,1
CCXX,2170,28721,"CCXX[C[0,0],C[1,1],X[1,0|1,0],X[1,2|0,2]]","(False, False, False, False, False, False, False, (0, 1, 1, 1), (0, 1, 0, 2))",216,1
CCXX,2171,28722,"CCXX[C[0,0],C[1,1],X[1,0|1,0],X[1,2|1,0]]","(False, False, False, False, False, False, False, (0, 1, 1, 1), (0, 1, 0, 0))",216,1
CCXX,2172,28723,"CCXX[C[0,0],C[1,1],X[1,0|1,0],X[1,2|1,1]]","(False, False, False, False, False, False, False, (0, 1, 1, 1), (0, 1, 0, 1))",216,1
CCXX,2173,28724,"CCXX[C[0,0],C[1,1],X[1,0|1,0],X[1,2|1,2]]","(False, False, False, False, False, False, False, (0, 1, 1, 1), (0, 1, 0, 2))",216,1
CCXX,2174,28725,"CCXX[C[0,0],C[1,1],X[1,0|1,0],X[1,2|2,0]]","(False, True, False, False, False, False, False, (0, 1, 1, 1), (0, 1, 0, 0))",216,1
CCXX,2175,28726,"CCXX[C[0,0],C[1,1],X[1,0|1,0],X[1,2|2,1]]","(False, True, False, False, False, False, True, (0, 1, 1, 1), (0, 1, 0, 1))",216,1
CCXX,2176,28727,"CCXX[C[0,0],C[1,1],X[1,0|1,0],X[1,2|2,2]]","(False, True, False, False, False, False, False, (0, 1, 1, 1), (0, 1, 0, 2))",216,1
CCXX,2177,28728,"CCXX[C[0,0],C[1,1],X[1,0|1,0],X[2,0|0,0]]","(False, True, False, False, False, False, False, (0, 1, 1, 2), (0, 1, 0, 0))",216,1
CCXX,2178,28729,"CCXX[C[0,0],C[1,1],X[1,0|1,0],X[2,0|0,1]]","(False, True, False, False, False, False, False, (0, 1, 1, 2), (0, 1, 0, 1))",216,1
CCXX,2179,28730,"CCXX[C[0,0],C[1,1],X[1,0|1,0],X[2,0|0,2]]","(False, True, False, False, False, False, False, (0, 1, 1, 2), (0, 1, 0, 2))",216,1
CCXX,2180,28731,"CCXX[C[0,0],C[1,1],X[1,0|1,0],X[2,0|1,0]]","(False, False, False, False, False, False, False, (0, 1, 1, 2), (0, 1, 0, 0))",216,1
CCXX,2181,28732,"CCXX[C[0,0],C[1,1],X[1,0|1,0],X[2,0|1,1]]","(False, False, False, False, False, False, False, (0, 1, 1, 2), (0, 1, 0, 1))",216,1
CCXX,2182,28733,"CCXX[C[0,0],C[1,1],X[1,0|1,0],X[2,0|1,2]]","(False, False, False, False, False, False, False, (0, 1, 1, 2), (0, 1, 0, 2))",216,1
CCXX,2183,28734,"CCXX[C[0,0],C[1,1],X[1,0|1,0],X[2,0|2,0]]","(False, False, False, False, False, False, False, (0, 1, 1, 2), (0, 1, 0, 0))",216,1
CCXX,2184,28735,"CCXX[C[0,0],C[1,1],X[1,0|1,0],X[2,0|2,1]]","(False, False, False, False, False, False, False, (0, 1, 1, 2), (0, 1, 0, 1))",216,1
CCXX,2185,28736,"CCXX[C[0,0],C[1,1],X[1,0|1,0],X[2,0|2,2]]","(False, False, False, False, False, False, False, (0, 1, 1, 2), (0, 1, 0, 2))",216,1
CCXX,2186,28737,"CCXX[C[0,0],C[1,1],X[1,0|1,0],X[2,1|0,0]]","(False, False, False, False, False, False, False, (0, 1, 1, 2), (0, 1, 0, 0))",216,1
CCXX,2187,28738,"CCXX[C[0,0],C[1,1],X[1,0|1,0],X[2,1|0,1]]","(False, False, False, False, False, False, False, (0, 1, 1, 2), (0, 1, 0, 1))",216,1
CCXX,2188,28739,"CCXX[C[0,0],C[1,1],X[1,0|1,0],X[2,1|0,2]]","(False, False, False, False, False, False, False, (0, 1, 1, 2), (0, 1, 0, 2))",216,1
CCXX,2189,28740,"CCXX[C[0,0],C[1,1],X[1,0|1,0],X[2,1|1,0]]","(False, True, False, False, False, False, False, (0, 1, 1, 2), (0, 1, 0, 0))",216,1
CCXX,2190,28741,"CCXX[C[0,0],C[1,1],X[1,0|1,0],X[2,1|1,1]]","(False, True, False, False, False, False, False, (0, 1, 1, 2), (0, 1, 0, 1))",216,1
CCXX,2191,28742,"CCXX[C[0,0],C[1,1],X[1,0|1,0],X[2,1|1,2]]","(False, True, False, False, False, False, False, (0, 1, 1, 2), (0, 1, 0, 2))",216,1
CCXX,2192,28743,"CCXX[C[0,0],C[1,1],X[1,0|1,0],X[2,1|2,0]]","(False, False, False, False, False, False, False, (0, 1, 1, 2), (0, 1, 0, 0))",216,1
CCXX,2193,28744,"CCXX[C[0,0],C[1,1],X[1,0|1,0],X[2,1|2,1]]","(False, False, False, False, False, False, False, (0, 1, 1, 2), (0, 1, 0, 1))",216,1
CCXX,2194,28745,"CCXX[C[0,0],C[1,1],X[1,0|1,0],X[2,1|2,2]]","(False, False, False, False, False, False, False, (0, 1, 1, 2), (0, 1, 0, 2))",216,1
CCXX,2195,28746,"CCXX[C[0,0],C[1,1],X[1,0|1,0],X[2,2|0,0]]","(False, False, False, False, False, False, False, (0, 1, 1, 2), (0, 1, 0, 0))",216,1
CCXX,2196,28747,"CCXX[C[0,0],C[1,1],X[1,0|1,0],X[2,2|0,1]]","(False, False, False, False, False, False, False, (0, 1, 1, 2), (0, 1, 0, 1))",216,1
CCXX,2197,28748,"CCXX[C[0,0],C[1,1],X[1,0|1,0],X[2,2|0,2]]","(False, False, False, False, False, False, False, (0, 1, 1, 2), (0, 1, 0, 2))",216,1
CCXX,2198,28749,"CCXX[C[0,0],C[1,1],X[1,0|1,0],X[2,2|1,0]]","(False, False, False, False, False, False, False, (0, 1, 1, 2), (0, 1, 0, 0))",216,1
CCXX,2199,28750,"CCXX[C[0,0],C[1,1],X[1,0|1,0],X[2,2|1,1]]","(False, False, False, False, False, False, False, (0, 1, 1, 2), (0, 1, 0, 1))",216,1
CCXX,2200,28751,"CCXX[C[0,0],C[1,1],X[1,0|1,0],X[2,2|1,2]]","(False, False, False, False, False, False, False, (0, 1, 1, 2), (0, 1, 0, 2))",216,1
CCXX,2201,28752,"CCXX[C[0,0],C[1,1],X[1,0|1,0],X[2,2|2,0]]","(False, True, False, False, False, False, False, (0, 1, 1, 2), (0, 1, 0, 0))",216,1
CCXX,2202,28753,"CCXX[C[0,0],C[1,1],X[1,0|1,0],X[2,2|2,1]]","(False, True, False, False, False, False, False, (0, 1, 1, 2), (0, 1, 0, 1))",216,1
CCXX,2203,28754,"CCXX[C[0,0],C[1,1],X[1,0|1,0],X[2,2|2,2]]","(False, True, False, False, False, False, False, (0, 1, 1, 2), (0, 1, 0, 2))",216,1
CCXX,2204,28755,"CCXX[C[0,0],C[1,1],X[1,0|1,1],X[0,0|0,0]]","(False, True, False, False, True, False, False, (0, 1, 1, 0), (0, 1, 1, 0))",216,1
CCXX,2205,28756,"CCXX[C[0,0],C[1,1],X[1,0|1,1],X[0,0|0,1]]","(False, True, False, False, False, False, False, (0, 1, 1, 0), (0, 1, 1, 1))",216,1
CCXX,2206,28757,"CCXX[C[0,0],C[1,1],X[1,0|1,1],X[0,0|0,2]]","(False, True, False, False, False, False, False, (0, 1, 1, 0), (0, 1, 1, 2))",216,1
CCXX,2207,28758,"CCXX[C[0,0],C[1,1],X[1,0|1,1],X[0,0|1,0]]","(False, False, False, False, False, False, False, (0, 1, 1, 0), (0, 1, 1, 0))",216,1
CCXX,2208,28759,"CCXX[C[0,0],C[1,1],X[1,0|1,1],X[0,0|1,1]]","(False, False, False, False, False, False, False, (0, 1, 1, 0), (0, 1, 1, 1))",216,1
CCXX,2209,28760,"CCXX[C[0,0],C[1,1],X[1,0|1,1],X[0,0|1,2]]","(False, False, False, False, False, False, False, (0, 1, 1, 0), (0, 1, 1, 2))",216,1
CCXX,2210,28761,"CCXX[C[0,0],C[1,1],X[1,0|1,1],X[0,0|2,0]]","(False, False, False, False, False, False, False, (0, 1, 1, 0), (0, 1, 1, 0))",216,1
CCXX,2211,28762,"CCXX[C[0,0],C[1,1],X[1,0|1,1],X[0,0|2,1]]","(False, False, False, False, False, False, False, (0, 1, 1, 0), (0, 1, 1, 1))",216,1
CCXX,2212,28763,"CCXX[C[0,0],C[1,1],X[1,0|1,1],X[0,0|2,2]]","(False, False, False, False, False, False, False, (0, 1, 1, 0), (0, 1, 1, 2))",216,1
CCXX,2213,28764,"CCXX[C[0,0],C[1,1],X[1,0|1,1],X[0,1|0,0]]","(False, False, False, False, False, False, False, (0, 1, 1, 0), (0, 1, 1, 0))",216,1
CCXX,2214,28765,"CCXX[C[0,0],C[1,1],X[1,0|1,1],X[0,1|0,1]]","(False, False, False, False, False, False, False, (0, 1, 1, 0), (0, 1, 1, 1))",216,1
CCXX,2215,28766,"CCXX[C[0,0],C[1,1],X[1,0|1,1],X[0,1|0,2]]","(False, False, False, False, False, False, False, (0, 1, 1, 0), (0, 1, 1, 2))",216,1
CCXX,2216,28767,"CCXX[C[0,0],C[1,1],X[1,0|1,1],X[0,1|1,0]]","(False, True, False, False, True, False, False, (0, 1, 1, 0), (0, 1, 1, 0))",216,1
CCXX,2217,28768,"CCXX[C[0,0],C[1,1],X[1,0|1,1],X[0,1|1,1]]","(False, True, False, False, False, False, False, (0, 1, 1, 0), (0, 1, 1, 1))",216,1
CCXX,2218,28769,"CCXX[C[0,0],C[1,1],X[1,0|1,1],X[0,1|1,2]]","(False, True, False, False, False, False, False, (0, 1, 1, 0), (0, 1, 1, 2))",216,1
CCXX,2219,28770,"CCXX[C[0,0],C[1,1],X[1,0|1,1],X[0,1|2,0]]","(False, False, False, False, False, False, False, (0, 1, 1, 0), (0, 1, 1, 0))",216,1
CCXX,2220,28771,"CCXX[C[0,0],C[1,1],X[1,0|1,1],X[0,1|2,1]]","(False, False, False, False, False, False, False, (0, 1, 1, 0), (0, 1, 1, 1))",216,1
CCXX,2221,28772,"CCXX[C[0,0],C[1,1],X[1,0|1,1],X[0,1|2,2]]","(False, False, False, False, False, False, False, (0, 1, 1, 0), (0, 1, 1, 2))",216,1
CCXX,2222,28773,"CCXX[C[0,0],C[1,1],X[1,0|1,1],X[0,2|0,0]]","(False, False, False, False, False, False, False, (0, 1, 1, 0), (0, 1, 1, 0))",216,1
CCXX,2223,28774,"CCXX[C[0,0],C[1,1],X[1,0|1,1],X[0,2|0,1]]","(False, False, False, False, False, False, False, (0, 1, 1, 0), (0, 1, 1, 1))",216,1
CCXX,2224,28775,"CCXX[C[0,0],C[1,1],X[1,0|1,1],X[0,2|0,2]]","(False, False, False, False, False, False, False, (0, 1, 1, 0), (0, 1, 1, 2))",216,1
CCXX,2225,28776,"CCXX[C[0,0],C[1,1],X[1,0|1,1],X[0,2|1,0]]","(False, False, False, False, False, False, False, (0, 1, 1, 0), (0, 1, 1, 0))",216,1
CCXX,2226,28777,"CCXX[C[0,0],C[1,1],X[1,0|1,1],X[0,2|1,1]]","(False, False, False, False, False, False, False, (0, 1, 1, 0), (0, 1, 1, 1))",216,1
CCXX,2227,28778,"CCXX[C[0,0],C[1,1],X[1,0|1,1],X[0,2|1,2]]","(False, False, False, False, False, False, False, (0, 1, 1, 0), (0, 1, 1, 2))",216,1
CCXX,2228,28779,"CCXX[C[0,0],C[1,1],X[1,0|1,1],X[0,2|2,0]]","(False, True, False, False, True, False, False, (0, 1, 1, 0), (0, 1, 1, 0))",216,1
CCXX,2229,28780,"CCXX[C[0,0],C[1,1],X[1,0|1,1],X[0,2|2,1]]","(False, True, False, False, False, False, False, (0, 1, 1, 0), (0, 1, 1, 1))",216,1
CCXX,2230,28781,"CCXX[C[0,0],C[1,1],X[1,0|1,1],X[0,2|2,2]]","(False, True, False, False, False, False, False, (0, 1, 1, 0), (0, 1, 1, 2))",216,1
CCXX,2231,28782,"CCXX[C[0,0],C[1,1],X[1,0|1,1],X[1,0|0,0]]","(False, True, False, False, False, False, False, (0, 1, 1, 1), (0, 1, 1, 0))",216,1
CCXX,2232,28783,"CCXX[C[0,0],C[1,1],X[1,0|1,1],X[1,0|0,1]]","(False, True, False, False, False, False, True, (0, 1, 1, 1), (0, 1, 1, 1))",216,1
CCXX,2233,28784,"CCXX[C[0,0],C[1,1],X[1,0|1,1],X[1,0|0,2]]","(False, True, False, False, False, False, False, (0, 1, 1, 1), (0, 1, 1, 2))",216,1
CCXX,2234,28785,"CCXX[C[0,0],C[1,1],X[1,0|1,1],X[1,0|1,0]]","(False, False, False, False, False, False, False, (0, 1, 1, 1), (0, 1, 1, 0))",216,1
CCXX,2235,28786,"CCXX[C[0,0],C[1,1],X[1,0|1,1],X[1,0|1,1]]","(False, False, False, False, False, False, False, (0, 1, 1, 1), (0, 1, 1, 1))",216,1
CCXX,2236,28787,"CCXX[C[0,0],C[1,1],X[1,0|1,1],X[1,0|1,2]]","(False, False, False, False, False, False, False, (0, 1, 1, 1), (0, 1, 1, 2))",216,1
CCXX,2237,28788,"CCXX[C[0,0],C[1,1],X[1,0|1,1],X[1,0|2,0]]","(False, False, False, False, False, False, False, (0, 1, 1, 1), (0, 1, 1, 0))",216,1
CCXX,2238,28789,"CCXX[C[0,0],C[1,1],X[1,0|1,1],X[1,0|2,1]]","(False, False, False, False, False, False, False, (0, 1, 1, 1), (0, 1, 1, 1))",216,1
CCXX,2239,28790,"CCXX[C[0,0],C[1,1],X[1,0|1,1],X[1,0|2,2]]","(False, False, False, False, False, False, False, (0, 1, 1, 1), (0, 1, 1, 2))",216,1
CCXX,2240,28791,"CCXX[C[0,0],C[1,1],X[1,0|1,1],X[1,1|0,0]]","(False, False, False, False, False, False, False, (0, 1, 1, 1), (0, 1, 1, 0))",216,1
CCXX,2241,28792,"CCXX[C[0,0],C[1,1],X[1,0|1,1],X[1,1|0,1]]","(False, False, False, False, False, False, False, (0, 1, 1, 1), (0, 1, 1, 1))",216,1
CCXX,2242,28793,"CCXX[C[0,0],C[1,1],X[1,0|1,1],X[1,1|0,2]]","(False, False, False, False, False, False, False, (0, 1, 1, 1), (0, 1, 1, 2))",216,1
CCXX,2243,28794,"CCXX[C[0,0],C[1,1],X[1,0|1,1],X[1,1|1,0]]","(False, True, False, False, False, False, False, (0, 1, 1, 1), (0, 1, 1, 0))",216,1
CCXX,2244,28795,"CCXX[C[0,0],C[1,1],X[1,0|1,1],X[1,1|1,1]]","(False, True, False, False, False, False, True, (0, 1, 1, 1), (0, 1, 1, 1))",216,1
CCXX,2245,28796,"CCXX[C[0,0],C[1,1],X[1,0|1,1],X[1,1|1,2]]","(False, True, False, False, False, False, False, (0, 1, 1, 1), (0, 1, 1, 2))",216,1
CCXX,2246,28797,"CCXX[C[0,0],C[1,1],X[1,0|1,1],X[1,1|2,0]]","(False, False, False, False, False, False, False, (0, 1, 1, 1), (0, 1, 1, 0))",216,1
CCXX,2247,28798,"CCXX[C[0,0],C[1,1],X[1,0|1,1],X[1,1|2,1]]","(False, False, False, False, False, False, False, (0, 1, 1, 1), (0, 1, 1, 1))",216,1
CCXX,2248,28799,"CCXX[C[0,0],C[1,1],X[1,0|1,1],X[1,1|2,2]]","(False, False, False, False, False, False, False, (0, 1, 1, 1), (0, 1, 1, 2))",216,1
CCXX,2249,28800,"CCXX[C[0,0],C[1,1],X[1,0|1,1],X[1,2|0,0]]","(False, False, False, False, False, False, False, (0, 1, 1, 1), (0, 1, 1, 0))",216,1
CCXX,2250,28801,"CCXX[C[0,0],C[1,1],X[1,0|1,1],X[1,2|0,1]]","(False, False, False, False, False, False, False, (0, 1, 1, 1), (0, 1, 1, 1))",216,1
CCXX,2251,28802,"CCXX[C[0,0],C[1,1],X[1,0|1,1],X[1,2|0,2]]","(False, False, False, False, False, False, False, (0, 1, 1, 1), (0, 1, 1, 2))",216,1
CCXX,2252,28803,"CCXX[C[0,0],C[1,1],X[1,0|1,1],X[1,2|1,0]]","(False, False, False, False, False, False, False, (0, 1, 1, 1), (0, 1, 1, 0))",216,1
CCXX,2253,28804,"CCXX[C[0,0],C[1,1],X[1,0|1,1],X[1,2|1,1]]","(False, False, False, False, False, False, False, (0, 1, 1, 1), (0, 1, 1, 1))",216,1
CCXX,2254,28805,"CCXX[C[0,0],C[1,1],X[1,0|1,1],X[1,2|1,2]]","(False, False, False, False, False, False, False, (0, 1, 1, 1), (0, 1, 1, 2))",216,1
CCXX,2255,28806,"CCXX[C[0,0],C[1,1],X[1,0|1,1],X[1,2|2,0]]","(False, True, False, False, False, False, False, (0, 1, 1, 1), (0, 1, 1, 0))",216,1
CCXX,2256,28807,"CCXX[C[0,0],C[1,1],X[1,0|1,1],X[1,2|2,1]]","(False, True, False, False, False, False, True, (0, 1, 1, 1), (0, 1, 1, 1))",216,1
CCXX,2257,28808,"CCXX[C[0,0],C[1,1],X[1,0|1,1],X[1,2|2,2]]","(False, True, False, False, False, False, False, (0, 1, 1, 1), (0, 1, 1, 2))",216,1
CCXX,2258,28809,"CCXX[C[0,0],C[1,1],X[1,0|1,1],X[2,0|0,0]]","(False, True, False, False, False, False, False, (0, 1, 1, 2), (0, 1, 1, 0))",216,1
CCXX,2259,28810,"CCXX[C[0,0],C[1,1],X[1,0|1,1],X[2,0|0,1]]","(False, True, False, False, False, False, False, (0, 1, 1, 2), (0, 1, 1, 1))",216,1
CCXX,2260,28811,"CCXX[C[0,0],C[1,1],X[1,0|1,1],X[2,0|0,2]]","(False, True, False, False, False, False, False, (0, 1, 1, 2), (0, 1, 1, 2))",216,1
CCXX,2261,28812,"CCXX[C[0,0],C[1,1],X[1,0|1,1],X[2,0|1,0]]","(False, False, False, False, False, False, False, (0, 1, 1, 2), (0, 1, 1, 0))",216,1
CCXX,2262,28813,"CCXX[C[0,0],C[1,1],X[1,0|1,1],X[2,0|1,1]]","(False, False, False, False, False, False, False, (0, 1, 1, 2), (0, 1, 1, 1))",216,1
CCXX,2263,28814,"CCXX[C[0,0],C[1,1],X[1,0|1,1],X[2,0|1,2]]","(False, False, False, False, False, False, False, (0, 1, 1, 2), (0, 1, 1, 2))",216,1
CCXX,2264,28815,"CCXX[C[0,0],C[1,1],X[1,0|1,1],X[2,0|2,0]]","(False, False, False, False, False, False, False, (0, 1, 1, 2), (0, 1, 1, 0))",216,1
CCXX,2265,28816,"CCXX[C[0,0],C[1,1],X[1,0|1,1],X[2,0|2,1]]","(False, False, False, False, False, False, False, (0, 1, 1, 2), (0, 1, 1, 1))",216,1
CCXX,2266,28817,"CCXX[C[0,0],C[1,1],X[1,0|1,1],X[2,0|2,2]]","(False, False, False, False, False, False, False, (0, 1, 1, 2), (0, 1, 1, 2))",216,1
CCXX,2267,28818,"CCXX[C[0,0],C[1,1],X[1,0|1,1],X[2,1|0,0]]","(False, False, False, False, False, False, False, (0, 1, 1, 2), (0, 1, 1, 0))",216,1
CCXX,2268,28819,"CCXX[C[0,0],C[1,1],X[1,0|1,1],X[2,1|0,1]]","(False, False, False, False, False, False, False, (0, 1, 1, 2), (0, 1, 1, 1))",216,1
CCXX,2269,28820,"CCXX[C[0,0],C[1,1],X[1,0|1,1],X[2,1|0,2]]","(False, False, False, False, False, False, False, (0, 1, 1, 2), (0, 1, 1, 2))",216,1
CCXX,2270,28821,"CCXX[C[0,0],C[1,1],X[1,0|1,1],X[2,1|1,0]]","(False, True, False, False, False, False, False, (0, 1, 1, 2), (0, 1, 1, 0))",216,1
CCXX,2271,28822,"CCXX[C[0,0],C[1,1],X[1,0|1,1],X[2,1|1,1]]","(False, True, False, False, False, False, False, (0, 1, 1, 2), (0, 1, 1, 1))",216,1
CCXX,2272,28823,"CCXX[C[0,0],C[1,1],X[1,0|1,1],X[2,1|1,2]]","(False, True, False, False, False, False, False, (0, 1, 1, 2), (0, 1, 1, 2))",216,1
CCXX,2273,28824,"CCXX[C[0,0],C[1,1],X[1,0|1,1],X[2,1|2,0]]","(False, False, False, False, False, False, False, (0, 1, 1, 2), (0, 1, 1, 0))",216,1
CCXX,2274,28825,"CCXX[C[0,0],C[1,1],X[1,0|1,1],X[2,1|2,1]]","(False, False, False, False, False, False, False, (0, 1, 1, 2), (0, 1, 1, 1))",216,1
CCXX,2275,28826,"CCXX[C[0,0],C[1,1],X[1,0|1,1],X[2,1|2,2]]","(False, False, False, False, False, False, False, (0, 1, 1, 2), (0, 1, 1, 2))",216,1
CCXX,2276,28827,"CCXX[C[0,0],C[1,1],X[1,0|1,1],X[2,2|0,0]]","(False, False, False, False, False, False, False, (0, 1, 1, 2), (0, 1, 1, 0))",216,1
CCXX,2277,28828,"CCXX[C[0,0],C[1,1],X[1,0|1,1],X[2,2|0,1]]","(False, False, False, False, False, False, False, (0, 1, 1, 2), (0, 1, 1, 1))",216,1
CCXX,2278,28829,"CCXX[C[0,0],C[1,1],X[1,0|1,1],X[2,2|0,2]]","(False, False, False, False, False, False, False, (0, 1, 1, 2), (0, 1, 1, 2))",216,1
CCXX,2279,28830,"CCXX[C[0,0],C[1,1],X[1,0|1,1],X[2,2|1,0]]","(False, False, False, False, False, False, False, (0, 1, 1, 2), (0, 1, 1, 0))",216,1
CCXX,2280,28831,"CCXX[C[0,0],C[1,1],X[1,0|1,1],X[2,2|1,1]]","(False, False, False, False, False, False, False, (0, 1, 1, 2), (0, 1, 1, 1))",216,1
CCXX,2281,28832,"CCXX[C[0,0],C[1,1],X[1,0|1,1],X[2,2|1,2]]","(False, False, False, False, False, False, False, (0, 1, 1, 2), (0, 1, 1, 2))",216,1
CCXX,2282,28833,"CCXX[C[0,0],C[1,1],X[1,0|1,1],X[2,2|2,0]]","(False, True, False, False, False, False, False, (0, 1, 1, 2), (0, 1, 1, 0))",216,1
CCXX,2283,28834,"CCXX[C[0,0],C[1,1],X[1,0|1,1],X[2,2|2,1]]","(False, True, False, False, False, False, False, (0, 1, 1, 2), (0, 1, 1, 1))",216,1
CCXX,2284,28835,"CCXX[C[0,0],C[1,1],X[1,0|1,1],X[2,2|2,2]]","(False, True, False, False, False, False, False, (0, 1, 1, 2), (0, 1, 1, 2))",216,1
CCXX,2285,28836,"CCXX[C[0,0],C[1,1],X[1,0|1,2],X[0,0|0,0]]","(False, True, False, False, True, False, False, (0, 1, 1, 0), (0, 1, 2, 0))",216,1
CCXX,2286,28837,"CCXX[C[0,0],C[1,1],X[1,0|1,2],X[0,0|0,1]]","(False, True, False, False, False, False, False, (0, 1, 1, 0), (0, 1, 2, 1))",216,1
CCXX,2287,28838,"CCXX[C[0,0],C[1,1],X[1,0|1,2],X[0,0|0,2]]","(False, True, False, False, False, False, False, (0, 1, 1, 0), (0, 1, 2, 2))",216,1
CCXX,2288,28839,"CCXX[C[0,0],C[1,1],X[1,0|1,2],X[0,0|1,0]]","(False, False, False, False, False, False, False, (0, 1, 1, 0), (0, 1, 2, 0))",216,1
CCXX,2289,28840,"CCXX[C[0,0],C[1,1],X[1,0|1,2],X[0,0|1,1]]","(False, False, False, False, False, False, False, (0, 1, 1, 0), (0, 1, 2, 1))",216,1
CCXX,2290,28841,"CCXX[C[0,0],C[1,1],X[1,0|1,2],X[0,0|1,2]]","(False, False, False, False, False, False, False, (0, 1, 1, 0), (0, 1, 2, 2))",216,1
CCXX,2291,28842,"CCXX[C[0,0],C[1,1],X[1,0|1,2],X[0,0|2,0]]","(False, False, False, False, False, False, False, (0, 1, 1, 0), (0, 1, 2, 0))",216,1
CCXX,2292,28843,"CCXX[C[0,0],C[1,1],X[1,0|1,2],X[0,0|2,1]]","(False, False, False, False, False, False, False, (0, 1, 1, 0), (0, 1, 2, 1))",216,1
CCXX,2293,28844,"CCXX[C[0,0],C[1,1],X[1,0|1,2],X[0,0|2,2]]","(False, False, False, False, False, False, False, (0, 1, 1, 0), (0, 1, 2, 2))",216,1
CCXX,2294,28845,"CCXX[C[0,0],C[1,1],X[1,0|1,2],X[0,1|0,0]]","(False, False, False, False, False, False, False, (0, 1, 1, 0), (0, 1, 2, 0))",216,1
CCXX,2295,28846,"CCXX[C[0,0],C[1,1],X[1,0|1,2],X[0,1|0,1]]","(False, False, False, False, False, False, False, (0, 1, 1, 0), (0, 1, 2, 1))",216,1
CCXX,2296,28847,"CCXX[C[0,0],C[1,1],X[1,0|1,2],X[0,1|0,2]]","(False, False, False, False, False, False, False, (0, 1, 1, 0), (0, 1, 2, 2))",216,1
CCXX,2297,28848,"CCXX[C[0,0],C[1,1],X[1,0|1,2],X[0,1|1,0]]","(False, True, False, False, True, False, False, (0, 1, 1, 0), (0, 1, 2, 0))",216,1
CCXX,2298,28849,"CCXX[C[0,0],C[1,1],X[1,0|1,2],X[0,1|1,1]]","(False, True, False, False, False, False, False, (0, 1, 1, 0), (0, 1, 2, 1))",216,1
CCXX,2299,28850,"CCXX[C[0,0],C[1,1],X[1,0|1,2],X[0,1|1,2]]","(False, True, False, False, False, False, False, (0, 1, 1, 0), (0, 1, 2, 2))",216,1
CCXX,2300,28851,"CCXX[C[0,0],C[1,1],X[1,0|1,2],X[0,1|2,0]]","(False, False, False, False, False, False, False, (0, 1, 1, 0), (0, 1, 2, 0))",216,1
CCXX,2301,28852,"CCXX[C[0,0],C[1,1],X[1,0|1,2],X[0,1|2,1]]","(False, False, False, False, False, False, False, (0, 1, 1, 0), (0, 1, 2, 1))",216,1
CCXX,2302,28853,"CCXX[C[0,0],C[1,1],X[1,0|1,2],X[0,1|2,2]]","(False, False, False, False, False, False, False, (0, 1, 1, 0), (0, 1, 2, 2))",216,1
CCXX,2303,28854,"CCXX[C[0,0],C[1,1],X[1,0|1,2],X[0,2|0,0]]","(False, False, False, False, False, False, False, (0, 1, 1, 0), (0, 1, 2, 0))",216,1
CCXX,2304,28855,"CCXX[C[0,0],C[1,1],X[1,0|1,2],X[0,2|0,1]]","(False, False, False, False, False, False, False, (0, 1, 1, 0), (0, 1, 2, 1))",216,1
CCXX,2305,28856,"CCXX[C[0,0],C[1,1],X[1,0|1,2],X[0,2|0,2]]","(False, False, False, False, False, False, False, (0, 1, 1, 0), (0, 1, 2, 2))",216,1
CCXX,2306,28857,"CCXX[C[0,0],C[1,1],X[1,0|1,2],X[0,2|1,0]]","(False, False, False, False, False, False, False, (0, 1, 1, 0), (0, 1, 2, 0))",216,1
CCXX,2307,28858,"CCXX[C[0,0],C[1,1],X[1,0|1,2],X[0,2|1,1]]","(False, False, False, False, False, False, False, (0, 1, 1, 0), (0, 1, 2, 1))",216,1
CCXX,2308,28859,"CCXX[C[0,0],C[1,1],X[1,0|1,2],X[0,2|1,2]]","(False, False, False, False, False, False, False, (0, 1, 1, 0), (0, 1, 2, 2))",216,1
CCXX,2309,28860,"CCXX[C[0,0],C[1,1],X[1,0|1,2],X[0,2|2,0]]","(False, True, False, False, True, False, False, (0, 1, 1, 0), (0, 1, 2, 0))",216,1
CCXX,2310,28861,"CCXX[C[0,0],C[1,1],X[1,0|1,2],X[0,2|2,1]]","(False, True, False, False, False, False, False, (0, 1, 1, 0), (0, 1, 2, 1))",216,1
CCXX,2311,28862,"CCXX[C[0,0],C[1,1],X[1,0|1,2],X[0,2|2,2]]","(False, True, False, False, False, False, False, (0, 1, 1, 0), (0, 1, 2, 2))",216,1
CCXX,2312,28863,"CCXX[C[0,0],C[1,1],X[1,0|1,2],X[1,0|0,0]]","(False, True, False, False, False, False, False, (0, 1, 1, 1), (0, 1, 2, 0))",216,1
CCXX,2313,28864,"CCXX[C[0,0],C[1,1],X[1,0|1,2],X[1,0|0,1]]","(False, True, False, False, False, False, True, (0, 1, 1, 1), (0, 1, 2, 1))",216,1
CCXX,2314,28865,"CCXX[C[0,0],C[1,1],X[1,0|1,2],X[1,0|0,2]]","(False, True, False, False, False, False, False, (0, 1, 1, 1), (0, 1, 2, 2))",216,1
CCXX,2315,28866,"CCXX[C[0,0],C[1,1],X[1,0|1,2],X[1,0|1,0]]","(False, False, False, False, False, False, False, (0, 1, 1, 1), (0, 1, 2, 0))",216,1
CCXX,2316,28867,"CCXX[C[0,0],C[1,1],X[1,0|1,2],X[1,0|1,1]]","(False, False, False, False, False, False, False, (0, 1, 1, 1), (0, 1, 2, 1))",216,1
CCXX,2317,28868,"CCXX[C[0,0],C[1,1],X[1,0|1,2],X[1,0|1,2]]","(False, False, False, False, False, False, False, (0, 1, 1, 1), (0, 1, 2, 2))",216,1
CCXX,2318,28869,"CCXX[C[0,0],C[1,1],X[1,0|1,2],X[1,0|2,0]]","(False, False, False, False, False, False, False, (0, 1, 1, 1), (0, 1, 2, 0))",216,1
CCXX,2319,28870,"CCXX[C[0,0],C[1,1],X[1,0|1,2],X[1,0|2,1]]","(False, False, False, False, False, False, False, (0, 1, 1, 1), (0, 1, 2, 1))",216,1
CCXX,2320,28871,"CCXX[C[0,0],C[1,1],X[1,0|1,2],X[1,0|2,2]]","(False, False, False, False, False, False, False, (0, 1, 1, 1), (0, 1, 2, 2))",216,1
CCXX,2321,28872,"CCXX[C[0,0],C[1,1],X[1,0|1,2],X[1,1|0,0]]","(False, False, False, False, False, False, False, (0, 1, 1, 1), (0, 1, 2, 0))",216,1
CCXX,2322,28873,"CCXX[C[0,0],C[1,1],X[1,0|1,2],X[1,1|0,1]]","(False, False, False, False, False, False, False, (0, 1, 1, 1), (0, 1, 2, 1))",216,1
CCXX,2323,28874,"CCXX[C[0,0],C[1,1],X[1,0|1,2],X[1,1|0,2]]","(False, False, False, False, False, False, False, (0, 1, 1, 1), (0, 1, 2, 2))",216,1
CCXX,2324,28875,"CCXX[C[0,0],C[1,1],X[1,0|1,2],X[1,1|1,0]]","(False, True, False, False, False, False, False, (0, 1, 1, 1), (0, 1, 2, 0))",216,1
CCXX,2325,28876,"CCXX[C[0,0],C[1,1],X[1,0|1,2],X[1,1|1,1]]","(False, True, False, False, False, False, True, (0, 1, 1, 1), (0, 1, 2, 1))",216,1
CCXX,2326,28877,"CCXX[C[0,0],C[1,1],X[1,0|1,2],X[1,1|1,2]]","(False, True, False, False, False, False, False, (0, 1, 1, 1), (0, 1, 2, 2))",216,1
CCXX,2327,28878,"CCXX[C[0,0],C[1,1],X[1,0|1,2],X[1,1|2,0]]","(False, False, False, False, False, False, False, (0, 1, 1, 1), (0, 1, 2, 0))",216,1
CCXX,2328,28879,"CCXX[C[0,0],C[1,1],X[1,0|1,2],X[1,1|2,1]]","(False, False, False, False, False, False, False, (0, 1, 1, 1), (0, 1, 2, 1))",216,1
CCXX,2329,28880,"CCXX[C[0,0],C[1,1],X[1,0|1,2],X[1,1|2,2]]","(False, False, False, False, False, False, False, (0, 1, 1, 1), (0, 1, 2, 2))",216,1
CCXX,2330,28881,"CCXX[C[0,0],C[1,1],X[1,0|1,2],X[1,2|0,0]]","(False, False, False, False, False, False, False, (0, 1, 1, 1), (0, 1, 2, 0))",216,1
CCXX,2331,28882,"CCXX[C[0,0],C[1,1],X[1,0|1,2],X[1,2|0,1]]","(False, False, False, False, False, False, False, (0, 1, 1, 1), (0, 1, 2, 1))",216,1
CCXX,2332,28883,"CCXX[C[0,0],C[1,1],X[1,0|1,2],X[1,2|0,2]]","(False, False, False, False, False, False, False, (0, 1, 1, 1), (0, 1, 2, 2))",216,1
CCXX,2333,28884,"CCXX[C[0,0],C[1,1],X[1,0|1,2],X[1,2|1,0]]","(False, False, False, False, False, False, False, (0, 1, 1, 1), (0, 1, 2, 0))",216,1
CCXX,2334,28885,"CCXX[C[0,0],C[1,1],X[1,0|1,2],X[1,2|1,1]]","(False, False, False, False, False, False, False, (0, 1, 1, 1), (0, 1, 2, 1))",216,1
CCXX,2335,28886,"CCXX[C[0,0],C[1,1],X[1,0|1,2],X[1,2|1,2]]","(False, False, False, False, False, False, False, (0, 1, 1, 1), (0, 1, 2, 2))",216,1
CCXX,2336,28887,"CCXX[C[0,0],C[1,1],X[1,0|1,2],X[1,2|2,0]]","(False, True, False, False, False, False, False, (0, 1, 1, 1), (0, 1, 2, 0))",216,1
CCXX,2337,28888,"CCXX[C[0,0],C[1,1],X[1,0|1,2],X[1,2|2,1]]","(False, True, False, False, False, False, True, (0, 1, 1, 1), (0, 1, 2, 1))",216,1
CCXX,2338,28889,"CCXX[C[0,0],C[1,1],X[1,0|1,2],X[1,2|2,2]]","(False, True, False, False, False, False, False, (0, 1, 1, 1), (0, 1, 2, 2))",216,1
CCXX,2339,28890,"CCXX[C[0,0],C[1,1],X[1,0|1,2],X[2,0|0,0]]","(False, True, False, False, False, False, False, (0, 1, 1, 2), (0, 1, 2, 0))",216,1
CCXX,2340,28891,"CCXX[C[0,0],C[1,1],X[1,0|1,2],X[2,0|0,1]]","(False, True, False, False, False, False, False, (0, 1, 1, 2), (0, 1, 2, 1))",216,1
CCXX,2341,28892,"CCXX[C[0,0],C[1,1],X[1,0|1,2],X[2,0|0,2]]","(False, True, False, False, False, False, False, (0, 1, 1, 2), (0, 1, 2, 2))",216,1
CCXX,2342,28893,"CCXX[C[0,0],C[1,1],X[1,0|1,2],X[2,0|1,0]]","(False, False, False, False, False, False, False, (0, 1, 1, 2), (0, 1, 2, 0))",216,1
CCXX,2343,28894,"CCXX[C[0,0],C[1,1],X[1,0|1,2],X[2,0|1,1]]","(False, False, False, False, False, False, False, (0, 1, 1, 2), (0, 1, 2, 1))",216,1
CCXX,2344,28895,"CCXX[C[0,0],C[1,1],X[1,0|1,2],X[2,0|1,2]]","(False, False, False, False, False, False, False, (0, 1, 1, 2), (0, 1, 2, 2))",216,1
CCXX,2345,28896,"CCXX[C[0,0],C[1,1],X[1,0|1,2],X[2,0|2,0]]","(False, False, False, False, False, False, False, (0, 1, 1, 2), (0, 1, 2, 0))",216,1
CCXX,2346,28897,"CCXX[C[0,0],C[1,1],X[1,0|1,2],X[2,0|2,1]]","(False, False, False, False, False, False, False, (0, 1, 1, 2), (0, 1, 2, 1))",216,1
CCXX,2347,28898,"CCXX[C[0,0],C[1,1],X[1,0|1,2],X[2,0|2,2]]","(False, False, False, False, False, False, False, (0, 1, 1, 2), (0, 1, 2, 2))",216,1
CCXX,2348,28899,"CCXX[C[0,0],C[1,1],X[1,0|1,2],X[2,1|0,0]]","(False, False, False, False, False, False, False, (0, 1, 1, 2), (0, 1, 2, 0))",216,1
CCXX,2349,28900,"CCXX[C[0,0],C[1,1],X[1,0|1,2],X[2,1|0,1]]","(False, False, False, False, False, False, False, (0, 1, 1, 2), (0, 1, 2, 1))",216,1
CCXX,2350,28901,"CCXX[C[0,0],C[1,1],X[1,0|1,2],X[2,1|0,2]]","(False, False, False, False, False, False, False, (0, 1, 1, 2), (0, 1, 2, 2))",216,1
CCXX,2351,28902,"CCXX[C[0,0],C[1,1],X[1,0|1,2],X[2,1|1,0]]","(False, True, False, False, False, False, False, (0, 1, 1, 2), (0, 1, 2, 0))",216,1
CCXX,2352,28903,"CCXX[C[0,0],C[1,1],X[1,0|1,2],X[2,1|1,1]]","(False, True, False, False, False, False, False, (0, 1, 1, 2), (0, 1, 2, 1))",216,1
CCXX,2353,28904,"CCXX[C[0,0],C[1,1],X[1,0|1,2],X[2,1|1,2]]","(False, True, False, False, False, False, False, (0, 1, 1, 2), (0, 1, 2, 2))",216,1
CCXX,2354,28905,"CCXX[C[0,0],C[1,1],X[1,0|1,2],X[2,1|2,0]]","(False, False, False, False, False, False, False, (0, 1, 1, 2), (0, 1, 2, 0))",216,1
CCXX,2355,28906,"CCXX[C[0,0],C[1,1],X[1,0|1,2],X[2,1|2,1]]","(False, False, False, False, False, False, False, (0, 1, 1, 2), (0, 1, 2, 1))",216,1
CCXX,2356,28907,"CCXX[C[0,0],C[1,1],X[1,0|1,2],X[2,1|2,2]]","(False, False, False, False, False, False, False, (0, 1, 1, 2), (0, 1, 2, 2))",216,1
CCXX,2357,28908,"CCXX[C[0,0],C[1,1],X[1,0|1,2],X[2,2|0,0]]","(False, False, False, False, False, False, False, (0, 1, 1, 2), (0, 1, 2, 0))",216,1
CCXX,2358,28909,"CCXX[C[0,0],C[1,1],X[1,0|1,2],X[2,2|0,1]]","(False, False, False, False, False, False, False, (0, 1, 1, 2), (0, 1, 2, 1))",216,1
CCXX,2359,28910,"CCXX[C[0,0],C[1,1],X[1,0|1,2],X[2,2|0,2]]","(False, False, False, False, False, False, False, (0, 1, 1, 2), (0, 1, 2, 2))",216,1
CCXX,2360,28911,"CCXX[C[0,0],C[1,1],X[1,0|1,2],X[2,2|1,0]]","(False, False, False, False, False, False, False, (0, 1, 1, 2), (0, 1, 2, 0))",216,1
CCXX,2361,28912,"CCXX[C[0,0],C[1,1],X[1,0|1,2],X[2,2|1,1]]","(False, False, False, False, False, False, False, (0, 1, 1, 2), (0, 1, 2, 1))",216,1
CCXX,2362,28913,"CCXX[C[0,0],C[1,1],X[1,0|1,2],X[2,2|1,2]]","(False, False, False, False, False, False, False, (0, 1, 1, 2), (0, 1, 2, 2))",216,1
CCXX,2363,28914,"CCXX[C[0,0],C[1,1],X[1,0|1,2],X[2,2|2,0]]","(False, True, False, False, False, False, False, (0, 1, 1, 2), (0, 1, 2, 0))",216,1
CCXX,2364,28915,"CCXX[C[0,0],C[1,1],X[1,0|1,2],X[2,2|2,1]]","(False, True, False, False, False, False, False, (0, 1, 1, 2), (0, 1, 2, 1))",216,1
CCXX,2365,28916,"CCXX[C[0,0],C[1,1],X[1,0|1,2],X[2,2|2,2]]","(False, True, False, False, False, False, False, (0, 1, 1, 2), (0, 1, 2, 2))",216,1
CCXX,2366,30618,"CCXX[C[0,0],C[1,1],X[2,0|0,0],X[0,0|0,0]]","(True, True, False, False, True, False, False, (0, 1, 2, 0), (0, 1, 0, 0))",108,2
CCXX,2367,30619,"CCXX[C[0,0],C[1,1],X[2,0|0,0],X[0,0|0,1]]","(True, True, False, False, False, False, False, (0, 1, 2, 0), (0, 1, 0, 1))",108,2
CCXX,2368,30620,"CCXX[C[0,0],C[1,1],X[2,0|0,0],X[0,0|0,2]]","(True, True, False, False, False, False, False, (0, 1, 2, 0), (0, 1, 0, 2))",108,2
CCXX,2369,30621,"CCXX[C[0,0],C[1,1],X[2,0|0,0],X[0,0|1,0]]","(True, False, False, False, False, False, False, (0, 1, 2, 0), (0, 1, 0, 0))",216,1
CCXX,2370,30622,"CCXX[C[0,0],C[1,1],X[2,0|0,0],X[0,0|1,1]]","(True, False, False, False, False, False, False, (0, 1, 2, 0), (0, 1, 0, 1))",216,1
CCXX,2371,30623,"CCXX[C[0,0],C[1,1],X[2,0|0,0],X[0,0|1,2]]","(True, False, False, False, False, False, False, (0, 1, 2, 0), (0, 1, 0, 2))",216,1
CCXX,2372,30627,"CCXX[C[0,0],C[1,1],X[2,0|0,0],X[0,1|0,0]]","(True, False, False, False, False, False, False, (0, 1, 2, 0), (0, 1, 0, 0))",216,1
CCXX,2373,30628,"CCXX[C[0,0],C[1,1],X[2,0|0,0],X[0,1|0,1]]","(True, False, False, False, False, False, False, (0, 1, 2, 0), (0, 1, 0, 1))",216,1
CCXX,2374,30629,"CCXX[C[0,0],C[1,1],X[2,0|0,0],X[0,1|0,2]]","(True, False, False, False, False, False, False, (0, 1, 2, 0), (0, 1, 0, 2))",216,1
CCXX,2375,30630,"CCXX[C[0,0],C[1,1],X[2,0|0,0],X[0,1|1,0]]","(True, True, False, False, True, False, False, (0, 1, 2, 0), (0, 1, 0, 0))",216,1
CCXX,2376,30631,"CCXX[C[0,0],C[1,1],X[2,0|0,0],X[0,1|1,1]]","(True, True, False, False, False, False, False, (0, 1, 2, 0), (0, 1, 0, 1))",216,1
CCXX,2377,30632,"CCXX[C[0,0],C[1,1],X[2,0|0,0],X[0,1|1,2]]","(True, True, False, False, False, False, False, (0, 1, 2, 0), (0, 1, 0, 2))",216,1
CCXX,2378,30633,"CCXX[C[0,0],C[1,1],X[2,0|0,0],X[0,1|2,0]]","(True, False, False, False, False, False, False, (0, 1, 2, 0), (0, 1, 0, 0))",216,1
CCXX,2379,30634,"CCXX[C[0,0],C[1,1],X[2,0|0,0],X[0,1|2,1]]","(True, False, False, False, False, False, False, (0, 1, 2, 0), (0, 1, 0, 1))",216,1
CCXX,2380,30635,"CCXX[C[0,0],C[1,1],X[2,0|0,0],X[0,1|2,2]]","(True, False, False, False, False, False, False, (0, 1, 2, 0), (0, 1, 0, 2))",216,1
CCXX,2381,30645,"CCXX[C[0,0],C[1,1],X[2,0|0,0],X[1,0|0,0]]","(True, True, False, False, False, False, False, (0, 1, 2, 1), (0, 1, 0, 0))",108,2
CCXX,2382,30646,"CCXX[C[0,0],C[1,1],X[2,0|0,0],X[1,0|0,1]]","(True, True, False, False, False, False, True, (0, 1, 2, 1), (0, 1, 0, 1))",108,2
CCXX,2383,30647,"CCXX[C[0,0],C[1,1],X[2,0|0,0],X[1,0|0,2]]","(True, True, False, False, False, False, False, (0, 1, 2, 1), (0, 1, 0, 2))",108,2
CCXX,2384,30648,"CCXX[C[0,0],C[1,1],X[2,0|0,0],X[1,0|1,0]]","(True, False, False, False, False, False, False, (0, 1, 2, 1), (0, 1, 0, 0))",216,1
CCXX,2385,30649,"CCXX[C[0,0],C[1,1],X[2,0|0,0],X[1,0|1,1]]","(True, False, False, False, False, False, False, (0, 1, 2, 1), (0, 1, 0, 1))",216,1
CCXX,2386,30650,"CCXX[C[0,0],C[1,1],X[2,0|0,0],X[1,0|1,2]]","(True, False, False, False, False, False, False, (0, 1, 2, 1), (0, 1, 0, 2))",216,1
CCXX,2387,30654,"CCXX[C[0,0],C[1,1],X[2,0|0,0],X[1,1|0,0]]","(True, False, False, False, False, False, False, (0, 1, 2, 1), (0, 1, 0, 0))",216,1
CCXX,2388,30655,"CCXX[C[0,0],C[1,1],X[2,0|0,0],X[1,1|0,1]]","(True, False, False, False, False, False, False, (0, 1, 2, 1), (0, 1, 0, 1))",216,1
CCXX,2389,30656,"CCXX[C[0,0],C[1,1],X[2,0|0,0],X[1,1|0,2]]","(True, False, False, False, False, False, False, (0, 1, 2, 1), (0, 1, 0, 2))",216,1
CCXX,2390,30657,"CCXX[C[0,0],C[1,1],X[2,0|0,0],X[1,1|1,0]]","(True, True, False, False, False, False, False, (0, 1, 2, 1), (0, 1, 0, 0))",216,1
CCXX,2391,30658,"CCXX[C[0,0],C[1,1],X[2,0|0,0],X[1,1|1,1]]","(True, True, False, False, False, False, True, (0, 1, 2, 1), (0, 1, 0, 1))",216,1
CCXX,2392,30659,"CCXX[C[0,0],C[1,1],X[2,0|0,0],X[1,1|1,2]]","(True, True, False, False, False, False, False, (0, 1, 2, 1), (0, 1, 0, 2))",216,1
CCXX,2393,30660,"CCXX[C[0,0],C[1,1],X[2,0|0,0],X[1,1|2,0]]","(True, False, False, False, False, False, False, (0, 1, 2, 1), (0, 1, 0, 0))",216,1
CCXX,2394,30661,"CCXX[C[0,0],C[1,1],X[2,0|0,0],X[1,1|2,1]]","(True, False, False, False, False, False, False, (0, 1, 2, 1), (0, 1, 0, 1))",216,1
CCXX,2395,30662,"CCXX[C[0,0],C[1,1],X[2,0|0,0],X[1,1|2,2]]","(True, False, False, False, False, False, False, (0, 1, 2, 1), (0, 1, 0, 2))",216,1
CCXX,2396,30672,"CCXX[C[0,0],C[1,1],X[2,0|0,0],X[2,0|0,0]]","(True, True, False, False, False, False, False, (0, 1, 2, 2), (0, 1, 0, 0))",108,2
CCXX,2397,30673,"CCXX[C[0,0],C[1,1],X[2,0|0,0],X[2,0|0,1]]","(True, True, False, False, False, False, False, (0, 1, 2, 2), (0, 1, 0, 1))",108,2
CCXX,2398,30674,"CCXX[C[0,0],C[1,1],X[2,0|0,0],X[2,0|0,2]]","(True, True, False, False, False, False, False, (0, 1, 2, 2), (0, 1, 0, 2))",108,2
CCXX,2399,30675,"CCXX[C[0,0],C[1,1],X[2,0|0,0],X[2,0|1,0]]","(True, False, False, False, False, False, False, (0, 1, 2, 2), (0, 1, 0, 0))",216,1
CCXX,2400,30676,"CCXX[C[0,0],C[1,1],X[2,0|0,0],X[2,0|1,1]]","(True, False, False, False, False, False, False, (0, 1, 2, 2), (0, 1, 0, 1))",216,1
CCXX,2401,30677,"CCXX[C[0,0],C[1,1],X[2,0|0,0],X[2,0|1,2]]","(True, False, False, False, False, False, False, (0, 1, 2, 2), (0, 1, 0, 2))",216,1
CCXX,2402,30681,"CCXX[C[0,0],C[1,1],X[2,0|0,0],X[2,1|0,0]]","(True, False, False, False, False, False, False, (0, 1, 2, 2), (0, 1, 0, 0))",216,1
CCXX,2403,30682,"CCXX[C[0,0],C[1,1],X[2,0|0,0],X[2,1|0,1]]","(True, False, False, False, False, False, False, (0, 1, 2, 2), (0, 1, 0, 1))",216,1
CCXX,2404,30683,"CCXX[C[0,0],C[1,1],X[2,0|0,0],X[2,1|0,2]]","(True, False, False, False, False, False, False, (0, 1, 2, 2), (0, 1, 0, 2))",216,1
CCXX,2405,30684,"CCXX[C[0,0],C[1,1],X[2,0|0,0],X[2,1|1,0]]","(True, True, False, False, False, False, False, (0, 1, 2, 2), (0, 1, 0, 0))",216,1
CCXX,2406,30685,"CCXX[C[0,0],C[1,1],X[2,0|0,0],X[2,1|1,1]]","(True, True, False, False, False, False, False, (0, 1, 2, 2), (0, 1, 0, 1))",216,1
CCXX,2407,30686,"CCXX[C[0,0],C[1,1],X[2,0|0,0],X[2,1|1,2]]","(True, True, False, False, False, False, False, (0, 1, 2, 2), (0, 1, 0, 2))",216,1
CCXX,2408,30687,"CCXX[C[0,0],C[1,1],X[2,0|0,0],X[2,1|2,0]]","(True, False, False, False, False, False, False, (0, 1, 2, 2), (0, 1, 0, 0))",216,1
CCXX,2409,30688,"CCXX[C[0,0],C[1,1],X[2,0|0,0],X[2,1|2,1]]","(True, False, False, False, False, False, False, (0, 1, 2, 2), (0, 1, 0, 1))",216,1
CCXX,2410,30689,"CCXX[C[0,0],C[1,1],X[2,0|0,0],X[2,1|2,2]]","(True, False, False, False, False, False, False, (0, 1, 2, 2), (0, 1, 0, 2))",216,1
CCXX,2411,30699,"CCXX[C[0,0],C[1,1],X[2,0|0,1],X[0,0|0,0]]","(True, True, False, False, True, False, False, (0, 1, 2, 0), (0, 1, 1, 0))",108,2
CCXX,2412,30700,"CCXX[C[0,0],C[1,1],X[2,0|0,1],X[0,0|0,1]]","(True, True, False, False, False, False, False, (0, 1, 2, 0), (0, 1, 1, 1))",108,2
CCXX,2413,30701,"CCXX[C[0,0],C[1,1],X[2,0|0,1],X[0,0|0,2]]","(True, True, False, False, False, False, False, (0, 1, 2, 0), (0, 1, 1, 2))",108,2
CCXX,2414,30702,"CCXX[C[0,0],C[1,1],X[2,0|0,1],X[0,0|1,0]]","(True, False, False, False, False, False, False, (0, 1, 2, 0), (0, 1, 1, 0))",216,1
CCXX,2415,30703,"CCXX[C[0,0],C[1,1],X[2,0|0,1],X[0,0|1,1]]","(True, False, False, False, False, False, False, (0, 1, 2, 0), (0, 1, 1, 1))",216,1
CCXX,2416,30704,"CCXX[C[0,0],C[1,1],X[2,0|0,1],X[0,0|1,2]]","(True, False, False, False, False, False, False, (0, 1, 2, 0), (0, 1, 1, 2))",216,1
CCXX,2417,30708,"CCXX[C[0,0],C[1,1],X[2,0|0,1],X[0,1|0,0]]","(True, False, False, False, False, False, False, (0, 1, 2, 0), (0, 1, 1, 0))",216,1
CCXX,2418,30709,"CCXX[C[0,0],C[1,1],X[2,0|0,1],X[0,1|0,1]]","(True, False, False, False, False, False, False, (0, 1, 2, 0), (0, 1, 1, 1))",216,1
CCXX,2419,30710,"CCXX[C[0,0],C[1,1],X[2,0|0,1],X[0,1|0,2]]","(True, False, False, False, False, False, False, (0, 1, 2, 0), (0, 1, 1, 2))",216,1
CCXX,2420,30711,"CCXX[C[0,0],C[1,1],X[2,0|0,1],X[0,1|1,0]]","(True, True, False, False, True, False, False, (0, 1, 2, 0), (0, 1, 1, 0))",216,1
CCXX,2421,30712,"CCXX[C[0,0],C[1,1],X[2,0|0,1],X[0,1|1,1]]","(True, True, False, False, False, False, False, (0, 1, 2, 0), (0, 1, 1, 1))",216,1
CCXX,2422,30713,"CCXX[C[0,0],C[1,1],X[2,0|0,1],X[0,1|1,2]]","(True, True, False, False, False, False, False, (0, 1, 2, 0), (0, 1, 1, 2))",216,1
CCXX,2423,30714,"CCXX[C[0,0],C[1,1],X[2,0|0,1],X[0,1|2,0]]","(True, False, False, False, False, False, False, (0, 1, 2, 0), (0, 1, 1, 0))",216,1
CCXX,2424,30715,"CCXX[C[0,0],C[1,1],X[2,0|0,1],X[0,1|2,1]]","(True, False, False, False, False, False, False, (0, 1, 2, 0), (0, 1, 1, 1))",216,1
CCXX,2425,30716,"CCXX[C[0,0],C[1,1],X[2,0|0,1],X[0,1|2,2]]","(True, False, False, False, False, False, False, (0, 1, 2, 0), (0, 1, 1, 2))",216,1
CCXX,2426,30726,"CCXX[C[0,0],C[1,1],X[2,0|0,1],X[1,0|0,0]]","(True, True, False, False, False, False, False, (0, 1, 2, 1), (0, 1, 1, 0))",108,2
CCXX,2427,30727,"CCXX[C[0,0],C[1,1],X[2,0|0,1],X[1,0|0,1]]","(True, True, False, False, False, False, True, (0, 1, 2, 1), (0, 1, 1, 1))",108,2
CCXX,2428,30728,"CCXX[C[0,0],C[1,1],X[2,0|0,1],X[1,0|0,2]]","(True, True, False, False, False, False, False, (0, 1, 2, 1), (0, 1, 1, 2))",108,2
CCXX,2429,30729,"CCXX[C[0,0],C[1,1],X[2,0|0,1],X[1,0|1,0]]","(True, False, False, False, False, False, False, (0, 1, 2, 1), (0, 1, 1, 0))",216,1
CCXX,2430,30730,"CCXX[C[0,0],C[1,1],X[2,0|0,1],X[1,0|1,1]]","(True, False, False, False, False, False, False, (0, 1, 2, 1), (0, 1, 1, 1))",216,1
CCXX,2431,30731,"CCXX[C[0,0],C[1,1],X[2,0|0,1],X[1,0|1,2]]","(True, False, False, False, False, False, False, (0, 1, 2, 1), (0, 1, 1, 2))",216,1
CCXX,2432,30735,"CCXX[C[0,0],C[1,1],X[2,0|0,1],X[1,1|0,0]]","(True, False, False, False, False, False, False, (0, 1, 2, 1), (0, 1, 1, 0))",216,1
CCXX,2433,30736,"CCXX[C[0,0],C[1,1],X[2,0|0,1],X[1,1|0,1]]","(True, False, False, False, False, False, False, (0, 1, 2, 1), (0, 1, 1, 1))",216,1
CCXX,2434,30737,"CCXX[C[0,0],C[1,1],X[2,0|0,1],X[1,1|0,2]]","(True, False, False, False, False, False, False, (0, 1, 2, 1), (0, 1, 1, 2))",216,1
CCXX,2435,30738,"CCXX[C[0,0],C[1,1],X[2,0|0,1],X[1,1|1,0]]","(True, True, False, False, False, False, False, (0, 1, 2, 1), (0, 1, 1, 0))",216,1
CCXX,2436,30739,"CCXX[C[0,0],C[1,1],X[2,0|0,1],X[1,1|1,1]]","(True, True, False, False, False, False, True, (0, 1, 2, 1), (0, 1, 1, 1))",216,1
CCXX,2437,30740,"CCXX[C[0,0],C[1,1],X[2,0|0,1],X[1,1|1,2]]","(True, True, False, False, False, False, False, (0, 1, 2, 1), (0, 1, 1, 2))",216,1
CCXX,2438,30741,"CCXX[C[0,0],C[1,1],X[2,0|0,1],X[1,1|2,0]]","(True, False, False, False, False, False, False, (0, 1, 2, 1), (0, 1, 1, 0))",216,1
CCXX,2439,30742,"CCXX[C[0,0],C[1,1],X[2,0|0,1],X[1,1|2,1]]","(True, False, False, False, False, False, False, (0, 1, 2, 1), (0, 1, 1, 1))",216,1
CCXX,2440,30743,"CCXX[C[0,0],C[1,1],X[2,0|0,1],X[1,1|2,2]]","(True, False, False, False, False, False, False, (0, 1, 2, 1), (0, 1, 1, 2))",216,1
CCXX,2441,30753,"CCXX[C[0,0],C[1,1],X[2,0|0,1],X[2,0|0,0]]","(True, True, False, False, False, False, False, (0, 1, 2, 2), (0, 1, 1, 0))",108,2
CCXX,2442,30754,"CCXX[C[0,0],C[1,1],X[2,0|0,1],X[2,0|0,1]]","(True, True, False, False, False, False, False, (0, 1, 2, 2), (0, 1, 1, 1))",108,2
CCXX,2443,30755,"CCXX[C[0,0],C[1,1],X[2,0|0,1],X[2,0|0,2]]","(True, True, False, False, False, False, False, (0, 1, 2, 2), (0, 1, 1, 2))",108,2
CCXX,2444,30756,"CCXX[C[0,0],C[1,1],X[2,0|0,1],X[2,0|1,0]]","(True, False, False, False, False, False, False, (0, 1, 2, 2), (0, 1, 1, 0))",216,1
CCXX,2445,30757,"CCXX[C[0,0],C[1,1],X[2,0|0,1],X[2,0|1,1]]","(True, False, False, False, False, False, False, (0, 1, 2, 2), (0, 1, 1, 1))",216,1
CCXX,2446,30758,"CCXX[C[0,0],C[1,1],X[2,0|0,1],X[2,0|1,2]]","(True, False, False, False, False, False, False, (0, 1, 2, 2), (0, 1, 1, 2))",216,1
CCXX,2447,30762,"CCXX[C[0,0],C[1,1],X[2,0|0,1],X[2,1|0,0]]","(True, False, False, False, False, False, False, (0, 1, 2, 2), (0, 1, 1, 0))",216,1
CCXX,2448,30763,"CCXX[C[0,0],C[1,1],X[2,0|0,1],X[2,1|0,1]]","(True, False, False, False, False, False, False, (0, 1, 2, 2), (0, 1, 1, 1))",216,1
CCXX,2449,30764,"CCXX[C[0,0],C[1,1],X[2,0|0,1],X[2,1|0,2]]","(True, False, False, False, False, False, False, (0, 1, 2, 2), (0, 1, 1, 2))",216,1
CCXX,2450,30765,"CCXX[C[0,0],C[1,1],X[2,0|0,1],X[2,1|1,0]]","(True, True, False, False, False, False, False, (0, 1, 2, 2), (0, 1, 1, 0))",216,1
CCXX,2451,30766,"CCXX[C[0,0],C[1,1],X[2,0|0,1],X[2,1|1,1]]","(True, True, False, False, False, False, False, (0, 1, 2, 2), (0, 1, 1, 1))",216,1
CCXX,2452,30767,"CCXX[C[0,0],C[1,1],X[2,0|0,1],X[2,1|1,2]]","(True, True, False, False, False, False, False, (0, 1, 2, 2), (0, 1, 1, 2))",216,1
CCXX,2453,30768,"CCXX[C[0,0],C[1,1],X[2,0|0,1],X[2,1|2,0]]","(True, False, False, False, False, False, False, (0, 1, 2, 2), (0, 1, 1, 0))",216,1
CCXX,2454,30769,"CCXX[C[0,0],C[1,1],X[2,0|0,1],X[2,1|2,1]]","(True, False, False, False, False, False, False, (0, 1, 2, 2), (0, 1, 1, 1))",216,1
CCXX,2455,30770,"CCXX[C[0,0],C[1,1],X[2,0|0,1],X[2,1|2,2]]","(True, False, False, False, False, False, False, (0, 1, 2, 2), (0, 1, 1, 2))",216,1
CCXX,2456,30780,"CCXX[C[0,0],C[1,1],X[2,0|0,2],X[0,0|0,0]]","(True, True, False, False, True, False, False, (0, 1, 2, 0), (0, 1, 2, 0))",108,2
CCXX,2457,30781,"CCXX[C[0,0],C[1,1],X[2,0|0,2],X[0,0|0,1]]","(True, True, False, False, False, False, False, (0, 1, 2, 0), (0, 1, 2, 1))",108,2
CCXX,2458,30782,"CCXX[C[0,0],C[1,1],X[2,0|0,2],X[0,0|0,2]]","(True, True, False, False, False, False, False, (0, 1, 2, 0), (0, 1, 2, 2))",108,2
CCXX,2459,30783,"CCXX[C[0,0],C[1,1],X[2,0|0,2],X[0,0|1,0]]","(True, False, False, False, False, False, False, (0, 1, 2, 0), (0, 1, 2, 0))",216,1
CCXX,2460,30784,"CCXX[C[0,0],C[1,1],X[2,0|0,2],X[0,0|1,1]]","(True, False, False, False, False, False, False, (0, 1, 2, 0), (0, 1, 2, 1))",216,1
CCXX,2461,30785,"CCXX[C[0,0],C[1,1],X[2,0|0,2],X[0,0|1,2]]","(True, False, False, False, False, False, False, (0, 1, 2, 0), (0, 1, 2, 2))",216,1
CCXX,2462,30789,"CCXX[C[0,0],C[1,1],X[2,0|0,2],X[0,1|0,0]]","(True, False, False, False, False, False, False, (0, 1, 2, 0), (0, 1, 2, 0))",216,1
CCXX,2463,30790,"CCXX[C[0,0],C[1,1],X[2,0|0,2],X[0,1|0,1]]","(True, False, False, False, False, False, False, (0, 1, 2, 0), (0, 1, 2, 1))",216,1
CCXX,2464,30791,"CCXX[C[0,0],C[1,1],X[2,0|0,2],X[0,1|0,2]]","(True, False, False, False, False, False, False, (0, 1, 2, 0), (0, 1, 2, 2))",216,1
CCXX,2465,30792,"CCXX[C[0,0],C[1,1],X[2,0|0,2],X[0,1|1,0]]","(True, True, False, False, True, False, False, (0, 1, 2, 0), (0, 1, 2, 0))",216,1
CCXX,2466,30793,"CCXX[C[0,0],C[1,1],X[2,0|0,2],X[0,1|1,1]]","(True, True, False, False, False, False, False, (0, 1, 2, 0), (0, 1, 2, 1))",216,1
CCXX,2467,30794,"CCXX[C[0,0],C[1,1],X[2,0|0,2],X[0,1|1,2]]","(True, True, False, False, False, False, False, (0, 1, 2, 0), (0, 1, 2, 2))",216,1
CCXX,2468,30795,"CCXX[C[0,0],C[1,1],X[2,0|0,2],X[0,1|2,0]]","(True, False, False, False, False, False, False, (0, 1, 2, 0), (0, 1, 2, 0))",216,1
CCXX,2469,30796,"CCXX[C[0,0],C[1,1],X[2,0|0,2],X[0,1|2,1]]","(True, False, False, False, False, False, False, (0, 1, 2, 0), (0, 1, 2, 1))",216,1
CCXX,2470,30797,"CCXX[C[0,0],C[1,1],X[2,0|0,2],X[0,1|2,2]]","(True, False, False, False, False, False, False, (0, 1, 2, 0), (0, 1, 2, 2))",216,1
CCXX,2471,30807,"CCXX[C[0,0],C[1,1],X[2,0|0,2],X[1,0|0,0]]","(True, True, False, False, False, False, False, (0, 1, 2, 1), (0, 1, 2, 0))",108,2
CCXX,2472,30808,"CCXX[C[0,0],C[1,1],X[2,0|0,2],X[1,0|0,1]]","(True, True, False, False, False, False, True, (0, 1, 2, 1), (0, 1, 2, 1))",108,2
CCXX,2473,30809,"CCXX[C[0,0],C[1,1],X[2,0|0,2],X[1,0|0,2]]","(True, True, False, False, False, False, False, (0, 1, 2, 1), (0, 1, 2, 2))",108,2
CCXX,2474,30810,"CCXX[C[0,0],C[1,1],X[2,0|0,2],X[1,0|1,0]]","(True, False, False, False, False, False, False, (0, 1, 2, 1), (0, 1, 2, 0))",216,1
CCXX,2475,30811,"CCXX[C[0,0],C[1,1],X[2,0|0,2],X[1,0|1,1]]","(True, False, False, False, False, False, False, (0, 1, 2, 1), (0, 1, 2, 1))",216,1
CCXX,2476,30812,"CCXX[C[0,0],C[1,1],X[2,0|0,2],X[1,0|1,2]]","(True, False, False, False, False, False, False, (0, 1, 2, 1), (0, 1, 2, 2))",216,1
CCXX,2477,30816,"CCXX[C[0,0],C[1,1],X[2,0|0,2],X[1,1|0,0]]","(True, False, False, False, False, False, False, (0, 1, 2, 1), (0, 1, 2, 0))",216,1
CCXX,2478,30817,"CCXX[C[0,0],C[1,1],X[2,0|0,2],X[1,1|0,1]]","(True, False, False, False, False, False, False, (0, 1, 2, 1), (0, 1, 2, 1))",216,1
CCXX,2479,30818,"CCXX[C[0,0],C[1,1],X[2,0|0,2],X[1,1|0,2]]","(True, False, False, False, False, False, False, (0, 1, 2, 1), (0, 1, 2, 2))",216,1
CCXX,2480,30819,"CCXX[C[0,0],C[1,1],X[2,0|0,2],X[1,1|1,0]]","(True, True, False, False, False, False, False, (0, 1, 2, 1), (0, 1, 2, 0))",216,1
CCXX,2481,30820,"CCXX[C[0,0],C[1,1],X[2,0|0,2],X[1,1|1,1]]","(True, True, False, False, False, False, True, (0, 1, 2, 1), (0, 1, 2, 1))",216,1
CCXX,2482,30821,"CCXX[C[0,0],C[1,1],X[2,0|0,2],X[1,1|1,2]]","(True, True, False, False, False, False, False, (0, 1, 2, 1), (0, 1, 2, 2))",216,1
CCXX,2483,30822,"CCXX[C[0,0],C[1,1],X[2,0|0,2],X[1,1|2,0]]","(True, False, False, False, False, False, False, (0, 1, 2, 1), (0, 1, 2, 0))",216,1
CCXX,2484,30823,"CCXX[C[0,0],C[1,1],X[2,0|0,2],X[1,1|2,1]]","(True, False, False, False, False, False, False, (0, 1, 2, 1), (0, 1, 2, 1))",216,1
CCXX,2485,30824,"CCXX[C[0,0],C[1,1],X[2,0|0,2],X[1,1|2,2]]","(True, False, False, False, False, False, False, (0, 1, 2, 1), (0, 1, 2, 2))",216,1
CCXX,2486,30834,"CCXX[C[0,0],C[1,1],X[2,0|0,2],X[2,0|0,0]]","(True, True, False, False, False, False, False, (0, 1, 2, 2), (0, 1, 2, 0))",108,2
CCXX,2487,30835,"CCXX[C[0,0],C[1,1],X[2,0|0,2],X[2,0|0,1]]","(True, True, False, False, False, False, False, (0, 1, 2, 2), (0, 1, 2, 1))",108,2
CCXX,2488,30836,"CCXX[C[0,0],C[1,1],X[2,0|0,2],X[2,0|0,2]]","(True, True, False, False, False, False, False, (0, 1, 2, 2), (0, 1, 2, 2))",108,2
CCXX,2489,30837,"CCXX[C[0,0],C[1,1],X[2,0|0,2],X[2,0|1,0]]","(True, False, False, False, False, False, False, (0, 1, 2, 2), (0, 1, 2, 0))",216,1
CCXX,2490,30838,"CCXX[C[0,0],C[1,1],X[2,0|0,2],X[2,0|1,1]]","(True, False, False, False, False, False, False, (0, 1, 2, 2), (0, 1, 2, 1))",216,1
CCXX,2491,30839,"CCXX[C[0,0],C[1,1],X[2,0|0,2],X[2,0|1,2]]","(True, False, False, False, False, False, False, (0, 1, 2, 2), (0, 1, 2, 2))",216,1
CCXX,2492,30843,"CCXX[C[0,0],C[1,1],X[2,0|0,2],X[2,1|0,0]]","(True, False, False, False, False, False, False, (0, 1, 2, 2), (0, 1, 2, 0))",216,1
CCXX,2493,30844,"CCXX[C[0,0],C[1,1],X[2,0|0,2],X[2,1|0,1]]","(True, False, False, False, False, False, False, (0, 1, 2, 2), (0, 1, 2, 1))",216,1
CCXX,2494,30845,"CCXX[C[0,0],C[1,1],X[2,0|0,2],X[2,1|0,2]]","(True, False, False, False, False, False, False, (0, 1, 2, 2), (0, 1, 2, 2))",216,1
CCXX,2495,30846,"CCXX[C[0,0],C[1,1],X[2,0|0,2],X[2,1|1,0]]","(True, True, False, False, False, False, False, (0, 1, 2, 2), (0, 1, 2, 0))",216,1
CCXX,2496,30847,"CCXX[C[0,0],C[1,1],X[2,0|0,2],X[2,1|1,1]]","(True, True, False, False, False, False, False, (0, 1, 2, 2), (0, 1, 2, 1))",216,1
CCXX,2497,30848,"CCXX[C[0,0],C[1,1],X[2,0|0,2],X[2,1|1,2]]","(True, True, False, False, False, False, False, (0, 1, 2, 2), (0, 1, 2, 2))",216,1
CCXX,2498,30849,"CCXX[C[0,0],C[1,1],X[2,0|0,2],X[2,1|2,0]]","(True, False, False, False, False, False, False, (0, 1, 2, 2), (0, 1, 2, 0))",216,1
CCXX,2499,30850,"CCXX[C[0,0],C[1,1],X[2,0|0,2],X[2,1|2,1]]","(True, False, False, False, False, False, False, (0, 1, 2, 2), (0, 1, 2, 1))",216,1
CCXX,2500,30851,"CCXX[C[0,0],C[1,1],X[2,0|0,2],X[2,1|2,2]]","(True, False, False, False, False, False, False, (0, 1, 2, 2), (0, 1, 2, 2))",216,1
CCXX,2501,30861,"CCXX[C[0,0],C[1,1],X[2,0|1,0],X[0,0|0,0]]","(False, True, False, False, True, False, False, (0, 1, 2, 0), (0, 1, 0, 0))",216,1
CCXX,2502,30862,"CCXX[C[0,0],C[1,1],X[2,0|1,0],X[0,0|0,1]]","(False, True, False, False, False, False, False, (0, 1, 2, 0), (0, 1, 0, 1))",216,1
CCXX,2503,30863,"CCXX[C[0,0],C[1,1],X[2,0|1,0],X[0,0|0,2]]","(False, True, False, False, False, False, False, (0, 1, 2, 0), (0, 1, 0, 2))",216,1
CCXX,2504,30864,"CCXX[C[0,0],C[1,1],X[2,0|1,0],X[0,0|1,0]]","(False, False, False, False, False, False, False, (0, 1, 2, 0), (0, 1, 0, 0))",216,1
CCXX,2505,30865,"CCXX[C[0,0],C[1,1],X[2,0|1,0],X[0,0|1,1]]","(False, False, False, False, False, False, False, (0, 1, 2, 0), (0, 1, 0, 1))",216,1
CCXX,2506,30866,"CCXX[C[0,0],C[1,1],X[2,0|1,0],X[0,0|1,2]]","(False, False, False, False, False, False, False, (0, 1, 2, 0), (0, 1, 0, 2))",216,1
CCXX,2507,30867,"CCXX[C[0,0],C[1,1],X[2,0|1,0],X[0,0|2,0]]","(False, False, False, False, False, False, False, (0, 1, 2, 0), (0, 1, 0, 0))",216,1
CCXX,2508,30868,"CCXX[C[0,0],C[1,1],X[2,0|1,0],X[0,0|2,1]]","(False, False, False, False, False, False, False, (0, 1, 2, 0), (0, 1, 0, 1))",216,1
CCXX,2509,30869,"CCXX[C[0,0],C[1,1],X[2,0|1,0],X[0,0|2,2]]","(False, False, False, False, False, False, False, (0, 1, 2, 0), (0, 1, 0, 2))",216,1
CCXX,2510,30870,"CCXX[C[0,0],C[1,1],X[2,0|1,0],X[0,1|0,0]]","(False, False, False, False, False, False, False, (0, 1, 2, 0), (0, 1, 0, 0))",216,1
CCXX,2511,30871,"CCXX[C[0,0],C[1,1],X[2,0|1,0],X[0,1|0,1]]","(False, False, False, False, False, False, False, (0, 1, 2, 0), (0, 1, 0, 1))",216,1
CCXX,2512,30872,"CCXX[C[0,0],C[1,1],X[2,0|1,0],X[0,1|0,2]]","(False, False, False, False, False, False, False, (0, 1, 2, 0), (0, 1, 0, 2))",216,1
CCXX,2513,30873,"CCXX[C[0,0],C[1,1],X[2,0|1,0],X[0,1|1,0]]","(False, True, False, False, True, False, False, (0, 1, 2, 0), (0, 1, 0, 0))",216,1
CCXX,2514,30874,"CCXX[C[0,0],C[1,1],X[2,0|1,0],X[0,1|1,1]]","(False, True, False, False, False, False, False, (0, 1, 2, 0), (0, 1, 0, 1))",216,1
CCXX,2515,30875,"CCXX[C[0,0],C[1,1],X[2,0|1,0],X[0,1|1,2]]","(False, True, False, False, False, False, False, (0, 1, 2, 0), (0, 1, 0, 2))",216,1
CCXX,2516,30876,"CCXX[C[0,0],C[1,1],X[2,0|1,0],X[0,1|2,0]]","(False, False, False, False, False, False, False, (0, 1, 2, 0), (0, 1, 0, 0))",216,1
CCXX,2517,30877,"CCXX[C[0,0],C[1,1],X[2,0|1,0],X[0,1|2,1]]","(False, False, False, False, False, False, False, (0, 1, 2, 0), (0, 1, 0, 1))",216,1
CCXX,2518,30878,"CCXX[C[0,0],C[1,1],X[2,0|1,0],X[0,1|2,2]]","(False, False, False, False, False, False, False, (0, 1, 2, 0), (0, 1, 0, 2))",216,1
CCXX,2519,30879,"CCXX[C[0,0],C[1,1],X[2,0|1,0],X[0,2|0,0]]","(False, False, False, False, False, False, False, (0, 1, 2, 0), (0, 1, 0, 0))",216,1
CCXX,2520,30880,"CCXX[C[0,0],C[1,1],X[2,0|1,0],X[0,2|0,1]]","(False, False, False, False, False, False, False, (0, 1, 2, 0), (0, 1, 0, 1))",216,1
CCXX,2521,30881,"CCXX[C[0,0],C[1,1],X[2,0|1,0],X[0,2|0,2]]","(False, False, False, False, False, False, False, (0, 1, 2, 0), (0, 1, 0, 2))",216,1
CCXX,2522,30882,"CCXX[C[0,0],C[1,1],X[2,0|1,0],X[0,2|1,0]]","(False, False, False, False, False, False, False, (0, 1, 2, 0), (0, 1, 0, 0))",216,1
CCXX,2523,30883,"CCXX[C[0,0],C[1,1],X[2,0|1,0],X[0,2|1,1]]","(False, False, False, False, False, False, False, (0, 1, 2, 0), (0, 1, 0, 1))",216,1
CCXX,2524,30884,"CCXX[C[0,0],C[1,1],X[2,0|1,0],X[0,2|1,2]]","(False, False, False, False, False, False, False, (0, 1, 2, 0), (0, 1, 0, 2))",216,1
CCXX,2525,30885,"CCXX[C[0,0],C[1,1],X[2,0|1,0],X[0,2|2,0]]","(False, True, False, False, True, False, False, (0, 1, 2, 0), (0, 1, 0, 0))",216,1
CCXX,2526,30886,"CCXX[C[0,0],C[1,1],X[2,0|1,0],X[0,2|2,1]]","(False, True, False, False, False, False, False, (0, 1, 2, 0), (0, 1, 0, 1))",216,1
CCXX,2527,30887,"CCXX[C[0,0],C[1,1],X[2,0|1,0],X[0,2|2,2]]","(False, True, False, False, False, False, False, (0, 1, 2, 0), (0, 1, 0, 2))",216,1
CCXX,2528,30888,"CCXX[C[0,0],C[1,1],X[2,0|1,0],X[1,0|0,0]]","(False, True, False, False, False, False, False, (0, 1, 2, 1), (0, 1, 0, 0))",216,1
CCXX,2529,30889,"CCXX[C[0,0],C[1,1],X[2,0|1,0],X[1,0|0,1]]","(False, True, False, False, False, False, True, (0, 1, 2, 1), (0, 1, 0, 1))",216,1
CCXX,2530,30890,"CCXX[C[0,0],C[1,1],X[2,0|1,0],X[1,0|0,2]]","(False, True, False, False, False, False, False, (0, 1, 2, 1), (0, 1, 0, 2))",216,1
CCXX,2531,30891,"CCXX[C[0,0],C[1,1],X[2,0|1,0],X[1,0|1,0]]","(False, False, False, False, False, False, False, (0, 1, 2, 1), (0, 1, 0, 0))",216,1
CCXX,2532,30892,"CCXX[C[0,0],C[1,1],X[2,0|1,0],X[1,0|1,1]]","(False, False, False, False, False, False, False, (0, 1, 2, 1), (0, 1, 0, 1))",216,1
CCXX,2533,30893,"CCXX[C[0,0],C[1,1],X[2,0|1,0],X[1,0|1,2]]","(False, False, False, False, False, False, False, (0, 1, 2, 1), (0, 1, 0, 2))",216,1
CCXX,2534,30894,"CCXX[C[0,0],C[1,1],X[2,0|1,0],X[1,0|2,0]]","(False, False, False, False, False, False, False, (0, 1, 2, 1), (0, 1, 0, 0))",216,1
CCXX,2535,30895,"CCXX[C[0,0],C[1,1],X[2,0|1,0],X[1,0|2,1]]","(False, False, False, False, False, False, False, (0, 1, 2, 1), (0, 1, 0, 1))",216,1
CCXX,2536,30896,"CCXX[C[0,0],C[1,1],X[2,0|1,0],X[1,0|2,2]]","(False, False, False, False, False, False, False, (0, 1, 2, 1), (0, 1, 0, 2))",216,1
CCXX,2537,30897,"CCXX[C[0,0],C[1,1],X[2,0|1,0],X[1,1|0,0]]","(False, False, False, False, False, False, False, (0, 1, 2, 1), (0, 1, 0, 0))",216,1
CCXX,2538,30898,"CCXX[C[0,0],C[1,1],X[2,0|1,0],X[1,1|0,1]]","(False, False, False, False, False, False, False, (0, 1, 2, 1), (0, 1, 0, 1))",216,1
CCXX,2539,30899,"CCXX[C[0,0],C[1,1],X[2,0|1,0],X[1,1|0,2]]","(False, False, False, False, False, False, False, (0, 1, 2, 1), (0, 1, 0, 2))",216,1
CCXX,2540,30900,"CCXX[C[0,0],C[1,1],X[2,0|1,0],X[1,1|1,0]]","(False, True, False, False, False, False, False, (0, 1, 2, 1), (0, 1, 0, 0))",216,1
CCXX,2541,30901,"CCXX[C[0,0],C[1,1],X[2,0|1,0],X[1,1|1,1]]","(False, True, False, False, False, False, True, (0, 1, 2, 1), (0, 1, 0, 1))",216,1
CCXX,2542,30902,"CCXX[C[0,0],C[1,1],X[2,0|1,0],X[1,1|1,2]]","(False, True, False, False, False, False, False, (0, 1, 2, 1), (0, 1, 0, 2))",216,1
CCXX,2543,30903,"CCXX[C[0,0],C[1,1],X[2,0|1,0],X[1,1|2,0]]","(False, False, False, False, False, False, False, (0, 1, 2, 1), (0, 1, 0, 0))",216,1
CCXX,2544,30904,"CCXX[C[0,0],C[1,1],X[2,0|1,0],X[1,1|2,1]]","(False, False, False, False, False, False, False, (0, 1, 2, 1), (0, 1, 0, 1))",216,1
CCXX,2545,30905,"CCXX[C[0,0],C[1,1],X[2,0|1,0],X[1,1|2,2]]","(False, False, False, False, False, False, False, (0, 1, 2, 1), (0, 1, 0, 2))",216,1
CCXX,2546,30906,"CCXX[C[0,0],C[1,1],X[2,0|1,0],X[1,2|0,0]]","(False, False, False, False, False, False, False, (0, 1, 2, 1), (0, 1, 0, 0))",216,1
CCXX,2547,30907,"CCXX[C[0,0],C[1,1],X[2,0|1,0],X[1,2|0,1]]","(False, False, False, False, False, False, False, (0, 1, 2, 1), (0, 1, 0, 1))",216,1
CCXX,2548,30908,"CCXX[C[0,0],C[1,1],X[2,0|1,0],X[1,2|0,2]]","(False, False, False, False, False, False, False, (0, 1, 2, 1), (0, 1, 0, 2))",216,1
CCXX,2549,30909,"CCXX[C[0,0],C[1,1],X[2,0|1,0],X[1,2|1,0]]","(False, False, False, False, False, False, False, (0, 1, 2, 1), (0, 1, 0, 0))",216,1
CCXX,2550,30910,"CCXX[C[0,0],C[1,1],X[2,0|1,0],X[1,2|1,1]]","(False, False, False, False, False, False, False, (0, 1, 2, 1), (0, 1, 0, 1))",216,1
CCXX,2551,30911,"CCXX[C[0,0],C[1,1],X[2,0|1,0],X[1,2|1,2]]","(False, False, False, False, False, False, False, (0, 1, 2, 1), (0, 1, 0, 2))",216,1
CCXX,2552,30912,"CCXX[C[0,0],C[1,1],X[2,0|1,0],X[1,2|2,0]]","(False, True, False, False, False, False, False, (0, 1, 2, 1), (0, 1, 0, 0))",216,1
CCXX,2553,30913,"CCXX[C[0,0],C[1,1],X[2,0|1,0],X[1,2|2,1]]","(False, True, False, False, False, False, True, (0, 1, 2, 1), (0, 1, 0, 1))",216,1
CCXX,2554,30914,"CCXX[C[0,0],C[1,1],X[2,0|1,0],X[1,2|2,2]]","(False, True, False, False, False, False, False, (0, 1, 2, 1), (0, 1, 0, 2))",216,1
CCXX,2555,30915,"CCXX[C[0,0],C[1,1],X[2,0|1,0],X[2,0|0,0]]","(False, True, False, False, False, False, False, (0, 1, 2, 2), (0, 1, 0, 0))",216,1
CCXX,2556,30916,"CCXX[C[0,0],C[1,1],X[2,0|1,0],X[2,0|0,1]]","(False, True, False, False, False, False, False, (0, 1, 2, 2), (0, 1, 0, 1))",216,1
CCXX,2557,30917,"CCXX[C[0,0],C[1,1],X[2,0|1,0],X[2,0|0,2]]","(False, True, False, False, False, False, False, (0, 1, 2, 2), (0, 1, 0, 2))",216,1
CCXX,2558,30918,"CCXX[C[0,0],C[1,1],X[2,0|1,0],X[2,0|1,0]]","(False, False, False, False, False, False, False, (0, 1, 2, 2), (0, 1, 0, 0))",216,1
CCXX,2559,30919,"CCXX[C[0,0],C[1,1],X[2,0|1,0],X[2,0|1,1]]","(False, False, False, False, False, False, False, (0, 1, 2, 2), (0, 1, 0, 1))",216,1
CCXX,2560,30920,"CCXX[C[0,0],C[1,1],X[2,0|1,0],X[2,0|1,2]]","(False, False, False, False, False, False, False, (0, 1, 2, 2), (0, 1, 0, 2))",216,1
CCXX,2561,30921,"CCXX[C[0,0],C[1,1],X[2,0|1,0],X[2,0|2,0]]","(False, False, False, False, False, False, False, (0, 1, 2, 2), (0, 1, 0, 0))",216,1
CCXX,2562,30922,"CCXX[C[0,0],C[1,1],X[2,0|1,0],X[2,0|2,1]]","(False, False, False, False, False, False, False, (0, 1, 2, 2), (0, 1, 0, 1))",216,1
CCXX,2563,30923,"CCXX[C[0,0],C[1,1],X[2,0|1,0],X[2,0|2,2]]","(False, False, False, False, False, False, False, (0, 1, 2, 2), (0, 1, 0, 2))",216,1
CCXX,2564,30924,"CCXX[C[0,0],C[1,1],X[2,0|1,0],X[2,1|0,0]]","(False, False, False, False, False, False, False, (0, 1, 2, 2), (0, 1, 0, 0))",216,1
CCXX,2565,30925,"CCXX[C[0,0],C[1,1],X[2,0|1,0],X[2,1|0,1]]","(False, False, False, False, False, False, False, (0, 1, 2, 2), (0, 1, 0, 1))",216,1
CCXX,2566,30926,"CCXX[C[0,0],C[1,1],X[2,0|1,0],X[2,1|0,2]]","(False, False, False, False, False, False, False, (0, 1, 2, 2), (0, 1, 0, 2))",216,1
CCXX,2567,30927,"CCXX[C[0,0],C[1,1],X[2,0|1,0],X[2,1|1,0]]","(False, True, False, False, False, False, False, (0, 1, 2, 2), (0, 1, 0, 0))",216,1
CCXX,2568,30928,"CCXX[C[0,0],C[1,1],X[2,0|1,0],X[2,1|1,1]]","(False, True, False, False, False, False, False, (0, 1, 2, 2), (0, 1, 0, 1))",216,1
CCXX,2569,30929,"CCXX[C[0,0],C[1,1],X[2,0|1,0],X[2,1|1,2]]","(False, True, False, False, False, False, False, (0, 1, 2, 2), (0, 1, 0, 2))",216,1
CCXX,2570,30930,"CCXX[C[0,0],C[1,1],X[2,0|1,0],X[2,1|2,0]]","(False, False, False, False, False, False, False, (0, 1, 2, 2), (0, 1, 0, 0))",216,1
CCXX,2571,30931,"CCXX[C[0,0],C[1,1],X[2,0|1,0],X[2,1|2,1]]","(False, False, False, False, False, False, False, (0, 1, 2, 2), (0, 1, 0, 1))",216,1
CCXX,2572,30932,"CCXX[C[0,0],C[1,1],X[2,0|1,0],X[2,1|2,2]]","(False, False, False, False, False, False, False, (0, 1, 2, 2), (0, 1, 0, 2))",216,1
CCXX,2573,30933,"CCXX[C[0,0],C[1,1],X[2,0|1,0],X[2,2|0,0]]","(False, False, False, False, False, False, False, (0, 1, 2, 2), (0, 1, 0, 0))",216,1
CCXX,2574,30934,"CCXX[C[0,0],C[1,1],X[2,0|1,0],X[2,2|0,1]]","(False, False, False, False, False, False, False, (0, 1, 2, 2), (0, 1, 0, 1))",216,1
CCXX,2575,30935,"CCXX[C[0,0],C[1,1],X[2,0|1,0],X[2,2|0,2]]","(False, False, False, False, False, False, False, (0, 1, 2, 2), (0, 1, 0, 2))",216,1
CCXX,2576,30936,"CCXX[C[0,0],C[1,1],X[2,0|1,0],X[2,2|1,0]]","(False, False, False, False, False, False, False, (0, 1, 2, 2), (0, 1, 0, 0))",216,1
CCXX,2577,30937,"CCXX[C[0,0],C[1,1],X[2,0|1,0],X[2,2|1,1]]","(False, False, False, False, False, False, False, (0, 1, 2, 2), (0, 1, 0, 1))",216,1
CCXX,2578,30938,"CCXX[C[0,0],C[1,1],X[2,0|1,0],X[2,2|1,2]]","(False, False, False, False, False, False, False, (0, 1, 2, 2), (0, 1, 0, 2))",216,1
CCXX,2579,30939,"CCXX[C[0,0],C[1,1],X[2,0|1,0],X[2,2|2,0]]","(False, True, False, False, False, False, False, (0, 1, 2, 2), (0, 1, 0, 0))",216,1
CCXX,2580,30940,"CCXX[C[0,0],C[1,1],X[2,0|1,0],X[2,2|2,1]]","(False, True, False, False, False, False, False, (0, 1, 2, 2), (0, 1, 0, 1))",216,1
CCXX,2581,30941,"CCXX[C[0,0],C[1,1],X[2,0|1,0],X[2,2|2,2]]","(False, True, False, False, False, False, False, (0, 1, 2, 2), (0, 1, 0, 2))",216,1
CCXX,2582,30942,"CCXX[C[0,0],C[1,1],X[2,0|1,1],X[0,0|0,0]]","(False, True, False, False, True, False, False, (0, 1, 2, 0), (0, 1, 1, 0))",216,1
CCXX,2583,30943,"CCXX[C[0,0],C[1,1],X[2,0|1,1],X[0,0|0,1]]","(False, True, False, False, False, False, False, (0, 1, 2, 0), (0, 1, 1, 1))",216,1
CCXX,2584,30944,"CCXX[C[0,0],C[1,1],X[2,0|1,1],X[0,0|0,2]]","(False, True, False, False, False, False, False, (0, 1, 2, 0), (0, 1, 1, 2))",216,1
CCXX,2585,30945,"CCXX[C[0,0],C[1,1],X[2,0|1,1],X[0,0|1,0]]","(False, False, False, False, False, False, False, (0, 1, 2, 0), (0, 1, 1, 0))",216,1
CCXX,2586,30946,"CCXX[C[0,0],C[1,1],X[2,0|1,1],X[0,0|1,1]]","(False, False, False, False, False, False, False, (0, 1, 2, 0), (0, 1, 1, 1))",216,1
CCXX,2587,30947,"CCXX[C[0,0],C[1,1],X[2,0|1,1],X[0,0|1,2]]","(False, False, False, False, False, False, False, (0, 1, 2, 0), (0, 1, 1, 2))",216,1
CCXX,2588,30948,"CCXX[C[0,0],C[1,1],X[2,0|1,1],X[0,0|2,0]]","(False, False, False, False, False, False, False, (0, 1, 2, 0), (0, 1, 1, 0))",216,1
CCXX,2589,30949,"CCXX[C[0,0],C[1,1],X[2,0|1,1],X[0,0|2,1]]","(False, False, False, False, False, False, False, (0, 1, 2, 0), (0, 1, 1, 1))",216,1
CCXX,2590,30950,"CCXX[C[0,0],C[1,1],X[2,0|1,1],X[0,0|2,2]]","(False, False, False, False, False, False, False, (0, 1, 2, 0), (0, 1, 1, 2))",216,1
CCXX,2591,30951,"CCXX[C[0,0],C[1,1],X[2,0|1,1],X[0,1|0,0]]","(False, False, False, False, False, False, False, (0, 1, 2, 0), (0, 1, 1, 0))",216,1
CCXX,2592,30952,"CCXX[C[0,0],C[1,1],X[2,0|1,1],X[0,1|0,1]]","(False, False, False, False, False, False, False, (0, 1, 2, 0), (0, 1, 1, 1))",216,1
CCXX,2593,30953,"CCXX[C[0,0],C[1,1],X[2,0|1,1],X[0,1|0,2]]","(False, False, False, False, False, False, False, (0, 1, 2, 0), (0, 1, 1, 2))",216,1
CCXX,2594,30954,"CCXX[C[0,0],C[1,1],X[2,0|1,1],X[0,1|1,0]]","(False, True, False, False, True, False, False, (0, 1, 2, 0), (0, 1, 1, 0))",216,1
CCXX,2595,30955,"CCXX[C[0,0],C[1,1],X[2,0|1,1],X[0,1|1,1]]","(False, True, False, False, False, False, False, (0, 1, 2, 0), (0, 1, 1, 1))",216,1
CCXX,2596,30956,"CCXX[C[0,0],C[1,1],X[2,0|1,1],X[0,1|1,2]]","(False, True, False, False, False, False, False, (0, 1, 2, 0), (0, 1, 1, 2))",216,1
CCXX,2597,30957,"CCXX[C[0,0],C[1,1],X[2,0|1,1],X[0,1|2,0]]","(False, False, False, False, False, False, False, (0, 1, 2, 0), (0, 1, 1, 0))",216,1
CCXX,2598,30958,"CCXX[C[0,0],C[1,1],X[2,0|1,1],X[0,1|2,1]]","(False, False, False, False, False, False, False, (0, 1, 2, 0), (0, 1, 1, 1))",216,1
CCXX,2599,30959,"CCXX[C[0,0],C[1,1],X[2,0|1,1],X[0,1|2,2]]","(False, False, False, False, False, False, False, (0, 1, 2, 0), (0, 1, 1, 2))",216,1
CCXX,2600,30960,"CCXX[C[0,0],C[1,1],X[2,0|1,1],X[0,2|0,0]]","(False, False, False, False, False, False, False, (0, 1, 2, 0), (0, 1, 1, 0))",216,1
CCXX,2601,30961,"CCXX[C[0,0],C[1,1],X[2,0|1,1],X[0,2|0,1]]","(False, False, False, False, False, False, False, (0, 1, 2, 0), (0, 1, 1, 1))",216,1
CCXX,2602,30962,"CCXX[C[0,0],C[1,1],X[2,0|1,1],X[0,2|0,2]]","(False, False, False, False, False, False, False, (0, 1, 2, 0), (0, 1, 1, 2))",216,1
CCXX,2603,30963,"CCXX[C[0,0],C[1,1],X[2,0|1,1],X[0,2|1,0]]","(False, False, False, False, False, False, False, (0, 1, 2, 0), (0, 1, 1, 0))",216,1
CCXX,2604,30964,"CCXX[C[0,0],C[1,1],X[2,0|1,1],X[0,2|1,1]]","(False, False, False, False, False, False, False, (0, 1, 2, 0), (0, 1, 1, 1))",216,1
CCXX,2605,30965,"CCXX[C[0,0],C[1,1],X[2,0|1,1],X[0,2|1,2]]","(False, False, False, False, False, False, False, (0, 1, 2, 0), (0, 1, 1, 2))",216,1
CCXX,2606,30966,"CCXX[C[0,0],C[1,1],X[2,0|1,1],X[0,2|2,0]]","(False, True, False, False, True, False, False, (0, 1, 2, 0), (0, 1, 1, 0))",216,1
CCXX,2607,30967,"CCXX[C[0,0],C[1,1],X[2,0|1,1],X[0,2|2,1]]","(False, True, False, False, False, False, False, (0, 1, 2, 0), (0, 1, 1, 1))",216,1
CCXX,2608,30968,"CCXX[C[0,0],C[1,1],X[2,0|1,1],X[0,2|2,2]]","(False, True, False, False, False, False, False, (0, 1, 2, 0), (0, 1, 1, 2))",216,1
CCXX,2609,30969,"CCXX[C[0,0],C[1,1],X[2,0|1,1],X[1,0|0,0]]","(False, True, False, False, False, False, False, (0, 1, 2, 1), (0, 1, 1, 0))",216,1
CCXX,2610,30970,"CCXX[C[0,0],C[1,1],X[2,0|1,1],X[1,0|0,1]]","(False, True, False, False, False, False, True, (0, 1, 2, 1), (0, 1, 1, 1))",216,1
CCXX,2611,30971,"CCXX[C[0,0],C[1,1],X[2,0|1,1],X[1,0|0,2]]","(False, True, False, False, False, False, False, (0, 1, 2, 1), (0, 1, 1, 2))",216,1
CCXX,2612,30972,"CCXX[C[0,0],C[1,1],X[2,0|1,1],X[1,0|1,0]]","(False, False, False, False, False, False, False, (0, 1, 2, 1), (0, 1, 1, 0))",216,1
CCXX,2613,30973,"CCXX[C[0,0],C[1,1],X[2,0|1,1],X[1,0|1,1]]","(False, False, False, False, False, False, False, (0, 1, 2, 1), (0, 1, 1, 1))",216,1
CCXX,2614,30974,"CCXX[C[0,0],C[1,1],X[2,0|1,1],X[1,0|1,2]]","(False, False, False, False, False, False, False, (0, 1, 2, 1), (0, 1, 1, 2))",216,1
CCXX,2615,30975,"CCXX[C[0,0],C[1,1],X[2,0|1,1],X[1,0|2,0]]","(False, False, False, False, False, False, False, (0, 1, 2, 1), (0, 1, 1, 0))",216,1
CCXX,2616,30976,"CCXX[C[0,0],C[1,1],X[2,0|1,1],X[1,0|2,1]]","(False, False, False, False, False, False, False, (0, 1, 2, 1), (0, 1, 1, 1))",216,1
CCXX,2617,30977,"CCXX[C[0,0],C[1,1],X[2,0|1,1],X[1,0|2,2]]","(False, False, False, False, False, False, False, (0, 1, 2, 1), (0, 1, 1, 2))",216,1
CCXX,2618,30978,"CCXX[C[0,0],C[1,1],X[2,0|1,1],X[1,1|0,0]]","(False, False, False, False, False, False, False, (0, 1, 2, 1), (0, 1, 1, 0))",216,1
CCXX,2619,30979,"CCXX[C[0,0],C[1,1],X[2,0|1,1],X[1,1|0,1]]","(False, False, False, False, False, False, False, (0, 1, 2, 1), (0, 1, 1, 1))",216,1
CCXX,2620,30980,"CCXX[C[0,0],C[1,1],X[2,0|1,1],X[1,1|0,2]]","(False, False, False, False, False, False, False, (0, 1, 2, 1), (0, 1, 1, 2))",216,1
CCXX,2621,30981,"CCXX[C[0,0],C[1,1],X[2,0|1,1],X[1,1|1,0]]","(False, True, False, False, False, False, False, (0, 1, 2, 1), (0, 1, 1, 0))",216,1
CCXX,2622,30982,"CCXX[C[0,0],C[1,1],X[2,0|1,1],X[1,1|1,1]]","(False, True, False, False, False, False, True, (0, 1, 2, 1), (0, 1, 1, 1))",216,1
CCXX,2623,30983,"CCXX[C[0,0],C[1,1],X[2,0|1,1],X[1,1|1,2]]","(False, True, False, False, False, False, False, (0, 1, 2, 1), (0, 1, 1, 2))",216,1
CCXX,2624,30984,"CCXX[C[0,0],C[1,1],X[2,0|1,1],X[1,1|2,0]]","(False, False, False, False, False, False, False, (0, 1, 2, 1), (0, 1, 1, 0))",216,1
CCXX,2625,30985,"CCXX[C[0,0],C[1,1],X[2,0|1,1],X[1,1|2,1]]","(False, False, False, False, False, False, False, (0, 1, 2, 1), (0, 1, 1, 1))",216,1
CCXX,2626,30986,"CCXX[C[0,0],C[1,1],X[2,0|1,1],X[1,1|2,2]]","(False, False, False, False, False, False, False, (0, 1, 2, 1), (0, 1, 1, 2))",216,1
CCXX,2627,30987,"CCXX[C[0,0],C[1,1],X[2,0|1,1],X[1,2|0,0]]","(False, False, False, False, False, False, False, (0, 1, 2, 1), (0, 1, 1, 0))",216,1
CCXX,2628,30988,"CCXX[C[0,0],C[1,1],X[2,0|1,1],X[1,2|0,1]]","(False, False, False, False, False, False, False, (0, 1, 2, 1), (0, 1, 1, 1))",216,1
CCXX,2629,30989,"CCXX[C[0,0],C[1,1],X[2,0|1,1],X[1,2|0,2]]","(False, False, False, False, False, False, False, (0, 1, 2, 1), (0, 1, 1, 2))",216,1
CCXX,2630,30990,"CCXX[C[0,0],C[1,1],X[2,0|1,1],X[1,2|1,0]]","(False, False, False, False, False, False, False, (0, 1, 2, 1), (0, 1, 1, 0))",216,1
CCXX,2631,30991,"CCXX[C[0,0],C[1,1],X[2,0|1,1],X[1,2|1,1]]","(False, False, False, False, False, False, False, (0, 1, 2, 1), (0, 1, 1, 1))",216,1
CCXX,2632,30992,"CCXX[C[0,0],C[1,1],X[2,0|1,1],X[1,2|1,2]]","(False, False, False, False, False, False, False, (0, 1, 2, 1), (0, 1, 1, 2))",216,1
CCXX,2633,30993,"CCXX[C[0,0],C[1,1],X[2,0|1,1],X[1,2|2,0]]","(False, True, False, False, False, False, False, (0, 1, 2, 1), (0, 1, 1, 0))",216,1
CCXX,2634,30994,"CCXX[C[0,0],C[1,1],X[2,0|1,1],X[1,2|2,1]]","(False, True, False, False, False, False, True, (0, 1, 2, 1), (0, 1, 1, 1))",216,1
CCXX,2635,30995,"CCXX[C[0,0],C[1,1],X[2,0|1,1],X[1,2|2,2]]","(False, True, False, False, False, False, False, (0, 1, 2, 1), (0, 1, 1, 2))",216,1
CCXX,2636,30996,"CCXX[C[0,0],C[1,1],X[2,0|1,1],X[2,0|0,0]]","(False, True, False, False, False, False, False, (0, 1, 2, 2), (0, 1, 1, 0))",216,1
CCXX,2637,30997,"CCXX[C[0,0],C[1,1],X[2,0|1,1],X[2,0|0,1]]","(False, True, False, False, False, False, False, (0, 1, 2, 2), (0, 1, 1, 1))",216,1
CCXX,2638,30998,"CCXX[C[0,0],C[1,1],X[2,0|1,1],X[2,0|0,2]]","(False, True, False, False, False, False, False, (0, 1, 2, 2), (0, 1, 1, 2))",216,1
CCXX,2639,30999,"CCXX[C[0,0],C[1,1],X[2,0|1,1],X[2,0|1,0]]","(False, False, False, False, False, False, False, (0, 1, 2, 2), (0, 1, 1, 0))",216,1
CCXX,2640,31000,"CCXX[C[0,0],C[1,1],X[2,0|1,1],X[2,0|1,1]]","(False, False, False, False, False, False, False, (0, 1, 2, 2), (0, 1, 1, 1))",216,1
CCXX,2641,31001,"CCXX[C[0,0],C[1,1],X[2,0|1,1],X[2,0|1,2]]","(False, False, False, False, False, False, False, (0, 1, 2, 2), (0, 1, 1, 2))",216,1
CCXX,2642,31002,"CCXX[C[0,0],C[1,1],X[2,0|1,1],X[2,0|2,0]]","(False, False, False, False, False, False, False, (0, 1, 2, 2), (0, 1, 1, 0))",216,1
CCXX,2643,31003,"CCXX[C[0,0],C[1,1],X[2,0|1,1],X[2,0|2,1]]","(False, False, False, False, False, False, False, (0, 1, 2, 2), (0, 1, 1, 1))",216,1
CCXX,2644,31004,"CCXX[C[0,0],C[1,1],X[2,0|1,1],X[2,0|2,2]]","(False, False, False, False, False, False, False, (0, 1, 2, 2), (0, 1, 1, 2))",216,1
CCXX,2645,31005,"CCXX[C[0,0],C[1,1],X[2,0|1,1],X[2,1|0,0]]","(False, False, False, False, False, False, False, (0, 1, 2, 2), (0, 1, 1, 0))",216,1
CCXX,2646,31006,"CCXX[C[0,0],C[1,1],X[2,0|1,1],X[2,1|0,1]]","(False, False, False, False, False, False, False, (0, 1, 2, 2), (0, 1, 1, 1))",216,1
CCXX,2647,31007,"CCXX[C[0,0],C[1,1],X[2,0|1,1],X[2,1|0,2]]","(False, False, False, False, False, False, False, (0, 1, 2, 2), (0, 1, 1, 2))",216,1
CCXX,2648,31008,"CCXX[C[0,0],C[1,1],X[2,0|1,1],X[2,1|1,0]]","(False, True, False, False, False, False, False, (0, 1, 2, 2), (0, 1, 1, 0))",216,1
CCXX,2649,31009,"CCXX[C[0,0],C[1,1],X[2,0|1,1],X[2,1|1,1]]","(False, True, False, False, False, False, False, (0, 1, 2, 2), (0, 1, 1, 1))",216,1
CCXX,2650,31010,"CCXX[C[0,0],C[1,1],X[2,0|1,1],X[2,1|1,2]]","(False, True, False, False, False, False, False, (0, 1, 2, 2), (0, 1, 1, 2))",216,1
CCXX,2651,31011,"CCXX[C[0,0],C[1,1],X[2,0|1,1],X[2,1|2,0]]","(False, False, False, False, False, False, False, (0, 1, 2, 2), (0, 1, 1, 0))",216,1
CCXX,2652,31012,"CCXX[C[0,0],C[1,1],X[2,0|1,1],X[2,1|2,1]]","(False, False, False, False, False, False, False, (0, 1, 2, 2), (0, 1, 1, 1))",216,1
CCXX,2653,31013,"CCXX[C[0,0],C[1,1],X[2,0|1,1],X[2,1|2,2]]","(False, False, False, False, False, False, False, (0, 1, 2, 2), (0, 1, 1, 2))",216,1
CCXX,2654,31014,"CCXX[C[0,0],C[1,1],X[2,0|1,1],X[2,2|0,0]]","(False, False, False, False, False, False, False, (0, 1, 2, 2), (0, 1, 1, 0))",216,1
CCXX,2655,31015,"CCXX[C[0,0],C[1,1],X[2,0|1,1],X[2,2|0,1]]","(False, False, False, False, False, False, False, (0, 1, 2, 2), (0, 1, 1, 1))",216,1
CCXX,2656,31016,"CCXX[C[0,0],C[1,1],X[2,0|1,1],X[2,2|0,2]]","(False, False, False, False, False, False, False, (0, 1, 2, 2), (0, 1, 1, 2))",216,1
CCXX,2657,31017,"CCXX[C[0,0],C[1,1],X[2,0|1,1],X[2,2|1,0]]","(False, False, False, False, False, False, False, (0, 1, 2, 2), (0, 1, 1, 0))",216,1
CCXX,2658,31018,"CCXX[C[0,0],C[1,1],X[2,0|1,1],X[2,2|1,1]]","(False, False, False, False, False, False, False, (0, 1, 2, 2), (0, 1, 1, 1))",216,1
CCXX,2659,31019,"CCXX[C[0,0],C[1,1],X[2,0|1,1],X[2,2|1,2]]","(False, False, False, False, False, False, False, (0, 1, 2, 2), (0, 1, 1, 2))",216,1
CCXX,2660,31020,"CCXX[C[0,0],C[1,1],X[2,0|1,1],X[2,2|2,0]]","(False, True, False, False, False, False, False, (0, 1, 2, 2), (0, 1, 1, 0))",216,1
CCXX,2661,31021,"CCXX[C[0,0],C[1,1],X[2,0|1,1],X[2,2|2,1]]","(False, True, False, False, False, False, False, (0, 1, 2, 2), (0, 1, 1, 1))",216,1
CCXX,2662,31022,"CCXX[C[0,0],C[1,1],X[2,0|1,1],X[2,2|2,2]]","(False, True, False, False, False, False, False, (0, 1, 2, 2), (0, 1, 1, 2))",216,1
CCXX,2663,31023,"CCXX[C[0,0],C[1,1],X[2,0|1,2],X[0,0|0,0]]","(False, True, False, False, True, False, False, (0, 1, 2, 0), (0, 1, 2, 0))",216,1
CCXX,2664,31024,"CCXX[C[0,0],C[1,1],X[2,0|1,2],X[0,0|0,1]]","(False, True, False, False, False, False, False, (0, 1, 2, 0), (0, 1, 2, 1))",216,1
CCXX,2665,31025,"CCXX[C[0,0],C[1,1],X[2,0|1,2],X[0,0|0,2]]","(False, True, False, False, False, False, False, (0, 1, 2, 0), (0, 1, 2, 2))",216,1
CCXX,2666,31026,"CCXX[C[0,0],C[1,1],X[2,0|1,2],X[0,0|1,0]]","(False, False, False, False, False, False, False, (0, 1, 2, 0), (0, 1, 2, 0))",216,1
CCXX,2667,31027,"CCXX[C[0,0],C[1,1],X[2,0|1,2],X[0,0|1,1]]","(False, False, False, False, False, False, False, (0, 1, 2, 0), (0, 1, 2, 1))",216,1
CCXX,2668,31028,"CCXX[C[0,0],C[1,1],X[2,0|1,2],X[0,0|1,2]]","(False, False, False, False, False, False, False, (0, 1, 2, 0), (0, 1, 2, 2))",216,1
CCXX,2669,31029,"CCXX[C[0,0],C[1,1],X[2,0|1,2],X[0,0|2,0]]","(False, False, False, False, False, False, False, (0, 1, 2, 0), (0, 1, 2, 0))",216,1
CCXX,2670,31030,"CCXX[C[0,0],C[1,1],X[2,0|1,2],X[0,0|2,1]]","(False, False, False, False, False, False, False, (0, 1, 2, 0), (0, 1, 2, 1))",216,1
CCXX,2671,31031,"CCXX[C[0,0],C[1,1],X[2,0|1,2],X[0,0|2,2]]","(False, False, False, False, False, False, False, (0, 1, 2, 0), (0, 1, 2, 2))",216,1
CCXX,2672,31032,"CCXX[C[0,0],C[1,1],X[2,0|1,2],X[0,1|0,0]]","(False, False, False, False, False, False, False, (0, 1, 2, 0), (0, 1, 2, 0))",216,1
CCXX,2673,31033,"CCXX[C[0,0],C[1,1],X[2,0|1,2],X[0,1|0,1]]","(False, False, False, False, False, False, False, (0, 1, 2, 0), (0, 1, 2, 1))",216,1
CCXX,2674,31034,"CCXX[C[0,0],C[1,1],X[2,0|1,2],X[0,1|0,2]]","(False, False, False, False, False, False, False, (0, 1, 2, 0), (0, 1, 2, 2))",216,1
CCXX,2675,31035,"CCXX[C[0,0],C[1,1],X[2,0|1,2],X[0,1|1,0]]","(False, True, False, False, True, False, False, (0, 1, 2, 0), (0, 1, 2, 0))",216,1
CCXX,2676,31036,"CCXX[C[0,0],C[1,1],X[2,0|1,2],X[0,1|1,1]]","(False, True, False, False, False, False, False, (0, 1, 2, 0), (0, 1, 2, 1))",216,1
CCXX,2677,31037,"CCXX[C[0,0],C[1,1],X[2,0|1,2],X[0,1|1,2]]","(False, True, False, False, False, False, False, (0, 1, 2, 0), (0, 1, 2, 2))",216,1
CCXX,2678,31038,"CCXX[C[0,0],C[1,1],X[2,0|1,2],X[0,1|2,0]]","(False, False, False, False, False, False, False, (0, 1, 2, 0), (0, 1, 2, 0))",216,1
CCXX,2679,31039,"CCXX[C[0,0],C[1,1],X[2,0|1,2],X[0,1|2,1]]","(False, False, False, False, False, False, False, (0, 1, 2, 0), (0, 1, 2, 1))",216,1
CCXX,2680,31040,"CCXX[C[0,0],C[1,1],X[2,0|1,2],X[0,1|2,2]]","(False, False, False, False, False, False, False, (0, 1, 2, 0), (0, 1, 2, 2))",216,1
CCXX,2681,31041,"CCXX[C[0,0],C[1,1],X[2,0|1,2],X[0,2|0,0]]","(False, False, False, False, False, False, False, (0, 1, 2, 0), (0, 1, 2, 0))",216,1
CCXX,2682,31042,"CCXX[C[0,0],C[1,1],X[2,0|1,2],X[0,2|0,1]]","(False, False, False, False, False, False, False, (0, 1, 2, 0), (0, 1, 2, 1))",216,1
CCXX,2683,31043,"CCXX[C[0,0],C[1,1],X[2,0|1,2],X[0,2|0,2]]","(False, False, False, False, False, False, False, (0, 1, 2, 0), (0, 1, 2, 2))",216,1
CCXX,2684,31044,"CCXX[C[0,0],C[1,1],X[2,0|1,2],X[0,2|1,0]]","(False, False, False, False, False, False, False, (0, 1, 2, 0), (0, 1, 2, 0))",216,1
CCXX,2685,31045,"CCXX[C[0,0],C[1,1],X[2,0|1,2],X[0,2|1,1]]","(False, False, False, False, False, False, False, (0, 1, 2, 0), (0, 1, 2, 1))",216,1
CCXX,2686,31046,"CCXX[C[0,0],C[1,1],X[2,0|1,2],X[0,2|1,2]]","(False, False, False, False, False, False, False, (0, 1, 2, 0), (0, 1, 2, 2))",216,1
CCXX,2687,31047,"CCXX[C[0,0],C[1,1],X[2,0|1,2],X[0,2|2,0]]","(False, True, False, False, True, False, False, (0, 1, 2, 0), (0, 1, 2, 0))",216,1
CCXX,2688,31048,"CCXX[C[0,0],C[1,1],X[2,0|1,2],X[0,2|2,1]]","(False, True, False, False, False, False, False, (0, 1, 2, 0), (0, 1, 2, 1))",216,1
CCXX,2689,31049,"CCXX[C[0,0],C[1,1],X[2,0|1,2],X[0,2|2,2]]","(False, True, False, False, False, False, False, (0, 1, 2, 0), (0, 1, 2, 2))",216,1
CCXX,2690,31050,"CCXX[C[0,0],C[1,1],X[2,0|1,2],X[1,0|0,0]]","(False, True, False, False, False, False, False, (0, 1, 2, 1), (0, 1, 2, 0))",216,1
CCXX,2691,31051,"CCXX[C[0,0],C[1,1],X[2,0|1,2],X[1,0|0,1]]","(False, True, False, False, False, False, True, (0, 1, 2, 1), (0, 1, 2, 1))",216,1
CCXX,2692,31052,"CCXX[C[0,0],C[1,1],X[2,0|1,2],X[1,0|0,2]]","(False, True, False, False, False, False, False, (0, 1, 2, 1), (0, 1, 2, 2))",216,1
CCXX,2693,31053,"CCXX[C[0,0],C[1,1],X[2,0|1,2],X[1,0|1,0]]","(False, False, False, False, False, False, False, (0, 1, 2, 1), (0, 1, 2, 0))",216,1
CCXX,2694,31054,"CCXX[C[0,0],C[1,1],X[2,0|1,2],X[1,0|1,1]]","(False, False, False, False, False, False, False, (0, 1, 2, 1), (0, 1, 2, 1))",216,1
CCXX,2695,31055,"CCXX[C[0,0],C[1,1],X[2,0|1,2],X[1,0|1,2]]","(False, False, False, False, False, False, False, (0, 1, 2, 1), (0, 1, 2, 2))",216,1
CCXX,2696,31056,"CCXX[C[0,0],C[1,1],X[2,0|1,2],X[1,0|2,0]]","(False, False, False, False, False, False, False, (0, 1, 2, 1), (0, 1, 2, 0))",216,1
CCXX,2697,31057,"CCXX[C[0,0],C[1,1],X[2,0|1,2],X[1,0|2,1]]","(False, False, False, False, False, False, False, (0, 1, 2, 1), (0, 1, 2, 1))",216,1
CCXX,2698,31058,"CCXX[C[0,0],C[1,1],X[2,0|1,2],X[1,0|2,2]]","(False, False, False, False, False, False, False, (0, 1, 2, 1), (0, 1, 2, 2))",216,1
CCXX,2699,31059,"CCXX[C[0,0],C[1,1],X[2,0|1,2],X[1,1|0,0]]","(False, False, False, False, False, False, False, (0, 1, 2, 1), (0, 1, 2, 0))",216,1
CCXX,2700,31060,"CCXX[C[0,0],C[1,1],X[2,0|1,2],X[1,1|0,1]]","(False, False, False, False, False, False, False, (0, 1, 2, 1), (0, 1, 2, 1))",216,1
CCXX,2701,31061,"CCXX[C[0,0],C[1,1],X[2,0|1,2],X[1,1|0,2]]","(False, False, False, False, False, False, False, (0, 1, 2, 1), (0, 1, 2, 2))",216,1
CCXX,2702,31062,"CCXX[C[0,0],C[1,1],X[2,0|1,2],X[1,1|1,0]]","(False, True, False, False, False, False, False, (0, 1, 2, 1), (0, 1, 2, 0))",216,1
CCXX,2703,31063,"CCXX[C[0,0],C[1,1],X[2,0|1,2],X[1,1|1,1]]","(False, True, False, False, False, False, True, (0, 1, 2, 1), (0, 1, 2, 1))",216,1
CCXX,2704,31064,"CCXX[C[0,0],C[1,1],X[2,0|1,2],X[1,1|1,2]]","(False, True, False, False, False, False, False, (0, 1, 2, 1), (0, 1, 2, 2))",216,1
CCXX,2705,31065,"CCXX[C[0,0],C[1,1],X[2,0|1,2],X[1,1|2,0]]","(False, False, False, False, False, False, False, (0, 1, 2, 1), (0, 1, 2, 0))",216,1
CCXX,2706,31066,"CCXX[C[0,0],C[1,1],X[2,0|1,2],X[1,1|2,1]]","(False, False, False, False, False, False, False, (0, 1, 2, 1), (0, 1, 2, 1))",216,1
CCXX,2707,31067,"CCXX[C[0,0],C[1,1],X[2,0|1,2],X[1,1|2,2]]","(False, False, False, False, False, False, False, (0, 1, 2, 1), (0, 1, 2, 2))",216,1
CCXX,2708,31068,"CCXX[C[0,0],C[1,1],X[2,0|1,2],X[1,2|0,0]]","(False, False, False, False, False, False, False, (0, 1, 2, 1), (0, 1, 2, 0))",216,1
CCXX,2709,31069,"CCXX[C[0,0],C[1,1],X[2,0|1,2],X[1,2|0,1]]","(False, False, False, False, False, False, False, (0, 1, 2, 1), (0, 1, 2, 1))",216,1
CCXX,2710,31070,"CCXX[C[0,0],C[1,1],X[2,0|1,2],X[1,2|0,2]]","(False, False, False, False, False, False, False, (0, 1, 2, 1), (0, 1, 2, 2))",216,1
CCXX,2711,31071,"CCXX[C[0,0],C[1,1],X[2,0|1,2],X[1,2|1,0]]","(False, False, False, False, False, False, False, (0, 1, 2, 1), (0, 1, 2, 0))",216,1
CCXX,2712,31072,"CCXX[C[0,0],C[1,1],X[2,0|1,2],X[1,2|1,1]]","(False, False, False, False, False, False, False, (0, 1, 2, 1), (0, 1, 2, 1))",216,1
CCXX,2713,31073,"CCXX[C[0,0],C[1,1],X[2,0|1,2],X[1,2|1,2]]","(False, False, False, False, False, False, False, (0, 1, 2, 1), (0, 1, 2, 2))",216,1
CCXX,2714,31074,"CCXX[C[0,0],C[1,1],X[2,0|1,2],X[1,2|2,0]]","(False, True, False, False, False, False, False, (0, 1, 2, 1), (0, 1, 2, 0))",216,1
CCXX,2715,31075,"CCXX[C[0,0],C[1,1],X[2,0|1,2],X[1,2|2,1]]","(False, True, False, False, False, False, True, (0, 1, 2, 1), (0, 1, 2, 1))",216,1
CCXX,2716,31076,"CCXX[C[0,0],C[1,1],X[2,0|1,2],X[1,2|2,2]]","(False, True, False, False, False, False, False, (0, 1, 2, 1), (0, 1, 2, 2))",216,1
CCXX,2717,31077,"CCXX[C[0,0],C[1,1],X[2,0|1,2],X[2,0|0,0]]","(False, True, False, False, False, False, False, (0, 1, 2, 2), (0, 1, 2, 0))",216,1
CCXX,2718,31078,"CCXX[C[0,0],C[1,1],X[2,0|1,2],X[2,0|0,1]]","(False, True, False, False, False, False, False, (0, 1, 2, 2), (0, 1, 2, 1))",216,1
CCXX,2719,31079,"CCXX[C[0,0],C[1,1],X[2,0|1,2],X[2,0|0,2]]","(False, True, False, False, False, False, False, (0, 1, 2, 2), (0, 1, 2, 2))",216,1
CCXX,2720,31080,"CCXX[C[0,0],C[1,1],X[2,0|1,2],X[2,0|1,0]]","(False, False, False, False, False, False, False, (0, 1, 2, 2), (0, 1, 2, 0))",216,1
CCXX,2721,31081,"CCXX[C[0,0],C[1,1],X[2,0|1,2],X[2,0|1,1]]","(False, False, False, False, False, False, False, (0, 1, 2, 2), (0, 1, 2, 1))",216,1
CCXX,2722,31082,"CCXX[C[0,0],C[1,1],X[2,0|1,2],X[2,0|1,2]]","(False, False, False, False, False, False, False, (0, 1, 2, 2), (0, 1, 2, 2))",216,1
CCXX,2723,31083,"CCXX[C[0,0],C[1,1],X[2,0|1,2],X[2,0|2,0]]","(False, False, False, False, False, False, False, (0, 1, 2, 2), (0, 1, 2, 0))",216,1
CCXX,2724,31084,"CCXX[C[0,0],C[1,1],X[2,0|1,2],X[2,0|2,1]]","(False, False, False, False, False, False, False, (0, 1, 2, 2), (0, 1, 2, 1))",216,1
CCXX,2725,31085,"CCXX[C[0,0],C[1,1],X[2,0|1,2],X[2,0|2,2]]","(False, False, False, False, False, False, False, (0, 1, 2, 2), (0, 1, 2, 2))",216,1
CCXX,2726,31086,"CCXX[C[0,0],C[1,1],X[2,0|1,2],X[2,1|0,0]]","(False, False, False, False, False, False, False, (0, 1, 2, 2), (0, 1, 2, 0))",216,1
CCXX,2727,31087,"CCXX[C[0,0],C[1,1],X[2,0|1,2],X[2,1|0,1]]","(False, False, False, False, False, False, False, (0, 1, 2, 2), (0, 1, 2, 1))",216,1
CCXX,2728,31088,"CCXX[C[0,0],C[1,1],X[2,0|1,2],X[2,1|0,2]]","(False, False, False, False, False, False, False, (0, 1, 2, 2), (0, 1, 2, 2))",216,1
CCXX,2729,31089,"CCXX[C[0,0],C[1,1],X[2,0|1,2],X[2,1|1,0]]","(False, True, False, False, False, False, False, (0, 1, 2, 2), (0, 1, 2, 0))",216,1
CCXX,2730,31090,"CCXX[C[0,0],C[1,1],X[2,0|1,2],X[2,1|1,1]]","(False, True, False, False, False, False, False, (0, 1, 2, 2), (0, 1, 2, 1))",216,1
CCXX,2731,31091,"CCXX[C[0,0],C[1,1],X[2,0|1,2],X[2,1|1,2]]","(False, True, False, False, False, False, False, (0, 1, 2, 2), (0, 1, 2, 2))",216,1
CCXX,2732,31092,"CCXX[C[0,0],C[1,1],X[2,0|1,2],X[2,1|2,0]]","(False, False, False, False, False, False, False, (0, 1, 2, 2), (0, 1, 2, 0))",216,1
CCXX,2733,31093,"CCXX[C[0,0],C[1,1],X[2,0|1,2],X[2,1|2,1]]","(False, False, False, False, False, False, False, (0, 1, 2, 2), (0, 1, 2, 1))",216,1
CCXX,2734,31094,"CCXX[C[0,0],C[1,1],X[2,0|1,2],X[2,1|2,2]]","(False, False, False, False, False, False, False, (0, 1, 2, 2), (0, 1, 2, 2))",216,1
CCXX,2735,31095,"CCXX[C[0,0],C[1,1],X[2,0|1,2],X[2,2|0,0]]","(False, False, False, False, False, False, False, (0, 1, 2, 2), (0, 1, 2, 0))",216,1
CCXX,2736,31096,"CCXX[C[0,0],C[1,1],X[2,0|1,2],X[2,2|0,1]]","(False, False, False, False, False, False, False, (0, 1, 2, 2), (0, 1, 2, 1))",216,1
CCXX,2737,31097,"CCXX[C[0,0],C[1,1],X[2,0|1,2],X[2,2|0,2]]","(False, False, False, False, False, False, False, (0, 1, 2, 2), (0, 1, 2, 2))",216,1
CCXX,2738,31098,"CCXX[C[0,0],C[1,1],X[2,0|1,2],X[2,2|1,0]]","(False, False, False, False, False, False, False, (0, 1, 2, 2), (0, 1, 2, 0))",216,1
CCXX,2739,31099,"CCXX[C[0,0],C[1,1],X[2,0|1,2],X[2,2|1,1]]","(False, False, False, False, False, False, False, (0, 1, 2, 2), (0, 1, 2, 1))",216,1
CCXX,2740,31100,"CCXX[C[0,0],C[1,1],X[2,0|1,2],X[2,2|1,2]]","(False, False, False, False, False, False, False, (0, 1, 2, 2), (0, 1, 2, 2))",216,1
CCXX,2741,31101,"CCXX[C[0,0],C[1,1],X[2,0|1,2],X[2,2|2,0]]","(False, True, False, False, False, False, False, (0, 1, 2, 2), (0, 1, 2, 0))",216,1
CCXX,2742,31102,"CCXX[C[0,0],C[1,1],X[2,0|1,2],X[2,2|2,1]]","(False, True, False, False, False, False, False, (0, 1, 2, 2), (0, 1, 2, 1))",216,1
CCXX,2743,31103,"CCXX[C[0,0],C[1,1],X[2,0|1,2],X[2,2|2,2]]","(False, True, False, False, False, False, False, (0, 1, 2, 2), (0, 1, 2, 2))",216,1
