orbit_A,orbit_B,compatible,total_pairs,output_orbits,deterministic,stab_type_A,stab_type_B,stab_type_out,output_counts
0,0,True,27,[0],True,(Z2)^3,(Z2)^3,['(Z2)^3'],{0: 27}
0,1,False,0,[],False,(Z2)^3,Z2xZ2,[],{}
0,2,False,0,[],False,(Z2)^3,Z2xZ2,[],{}
0,4,True,54,[4],True,(Z2)^3,Z2xZ2,['Z2xZ2'],{4: 54}
0,5,False,0,[],False,(Z2)^3,Z2xZ2,[],{}
0,6,False,0,[],False,(Z2)^3,Z2xZ2,[],{}
0,10,True,54,[10],True,(Z2)^3,Z2xZ2,['Z2xZ2'],{10: 54}
0,20,True,54,[20],True,(Z2)^3,Z2xZ2,['Z2xZ2'],{20: 54}
0,30,True,54,[30],True,(Z2)^3,Z2xZ2,['Z2xZ2'],{30: 54}
0,34,True,108,[34],True,(Z2)^3,Z2,['Z2'],{34: 108}
0,40,True,54,[40],True,(Z2)^3,Z2xZ2,['Z2xZ2'],{40: 54}
0,50,True,54,[50],True,(Z2)^3,Z2xZ2,['Z2xZ2'],{50: 54}
0,52,False,0,[],False,(Z2)^3,Z2xZ2,[],{}
0,54,False,0,[],False,(Z2)^3,Z2xZ2,[],{}
0,95,True,108,[95],True,(Z2)^3,Z2,['Z2'],{95: 108}
0,125,False,0,[],False,(Z2)^3,Z2xZ2,[],{}
0,126,False,0,[],False,(Z2)^3,Z2xZ2,[],{}
0,127,False,0,[],False,(Z2)^3,Z2xZ2,[],{}
0,131,False,0,[],False,(Z2)^3,Z2xZ2,[],{}
0,132,False,0,[],False,(Z2)^3,Z2xZ2,[],{}
0,133,False,0,[],False,(Z2)^3,Z2xZ2,[],{}
0,137,False,0,[],False,(Z2)^3,Z2xZ2,[],{}
0,138,False,0,[],False,(Z2)^3,Z2xZ2,[],{}
0,139,False,0,[],False,(Z2)^3,Z2xZ2,[],{}
0,143,False,0,[],False,(Z2)^3,Z2,[],{}
0,161,False,0,[],False,(Z2)^3,Z2,[],{}
0,179,False,0,[],False,(Z2)^3,Z2,[],{}
0,185,False,0,[],False,(Z2)^3,Z2,[],{}
0,191,False,0,[],False,(Z2)^3,Z2,[],{}
0,197,False,0,[],False,(Z2)^3,Z2,[],{}
0,215,False,0,[],False,(Z2)^3,Z2,[],{}
0,296,False,0,[],False,(Z2)^3,Trivial,[],{}
0,350,False,0,[],False,(Z2)^3,Z2xZ2,[],{}
0,354,False,0,[],False,(Z2)^3,Z2,[],{}
0,360,False,0,[],False,(Z2)^3,Z2xZ2,[],{}
0,370,False,0,[],False,(Z2)^3,Z2xZ2,[],{}
0,380,False,0,[],False,(Z2)^3,Z2xZ2,[],{}
0,390,False,0,[],False,(Z2)^3,Z2xZ2,[],{}
0,394,False,0,[],False,(Z2)^3,Z2,[],{}
0,400,False,0,[],False,(Z2)^3,Z2xZ2,[],{}
0,410,False,0,[],False,(Z2)^3,Z2xZ2,[],{}
0,420,False,0,[],False,(Z2)^3,Z2xZ2,[],{}
0,430,False,0,[],False,(Z2)^3,Z2xZ2,[],{}
0,434,False,0,[],False,(Z2)^3,Z2,[],{}
0,440,False,0,[],False,(Z2)^3,Z2,[],{}
0,500,False,0,[],False,(Z2)^3,Z2,[],{}
0,560,False,0,[],False,(Z2)^3,Z2,[],{}
0,980,False,0,[],False,(Z2)^3,Z2xZ2,[],{}
0,982,False,0,[],False,(Z2)^3,Z2xZ2,[],{}
0,984,False,0,[],False,(Z2)^3,Z2xZ2,[],{}
0,986,False,0,[],False,(Z2)^3,Z2,[],{}
0,995,False,0,[],False,(Z2)^3,Z2,[],{}
0,1010,False,0,[],False,(Z2)^3,Z2,[],{}
0,1025,False,0,[],False,(Z2)^3,Z2,[],{}
0,1031,False,0,[],False,(Z2)^3,Trivial,[],{}
0,1040,False,0,[],False,(Z2)^3,Z2,[],{}
0,1055,False,0,[],False,(Z2)^3,Z2xZ2,[],{}
0,1057,False,0,[],False,(Z2)^3,Z2xZ2,[],{}
0,1059,False,0,[],False,(Z2)^3,Z2xZ2,[],{}
0,1100,False,0,[],False,(Z2)^3,Z2,[],{}
0,1130,False,0,[],False,(Z2)^3,Z2xZ2,[],{}
0,1132,False,0,[],False,(Z2)^3,Z2xZ2,[],{}
0,1134,False,0,[],False,(Z2)^3,Z2xZ2,[],{}
0,1175,False,0,[],False,(Z2)^3,Z2,[],{}
1,0,False,0,[],False,Z2xZ2,(Z2)^3,[],{}
1,1,True,54,[1],True,Z2xZ2,Z2xZ2,['Z2xZ2'],{1: 54}
1,2,False,0,[],False,Z2xZ2,Z2xZ2,[],{}
1,4,False,0,[],False,Z2xZ2,Z2xZ2,[],{}
1,5,True,54,[5],True,Z2xZ2,Z2xZ2,['Z2xZ2'],{5: 54}
1,6,True,54,[6],True,Z2xZ2,Z2xZ2,['Z2xZ2'],{6: 54}
1,10,False,0,[],False,Z2xZ2,Z2xZ2,[],{}
1,20,False,0,[],False,Z2xZ2,Z2xZ2,[],{}
1,30,False,0,[],False,Z2xZ2,Z2xZ2,[],{}
1,34,False,0,[],False,Z2xZ2,Z2,[],{}
1,40,False,0,[],False,Z2xZ2,Z2xZ2,[],{}
1,50,False,0,[],False,Z2xZ2,Z2xZ2,[],{}
1,52,False,0,[],False,Z2xZ2,Z2xZ2,[],{}
1,54,False,0,[],False,Z2xZ2,Z2xZ2,[],{}
1,95,False,0,[],False,Z2xZ2,Z2,[],{}
1,125,False,0,[],False,Z2xZ2,Z2xZ2,[],{}
1,126,False,0,[],False,Z2xZ2,Z2xZ2,[],{}
1,127,False,0,[],False,Z2xZ2,Z2xZ2,[],{}
1,131,False,0,[],False,Z2xZ2,Z2xZ2,[],{}
1,132,False,0,[],False,Z2xZ2,Z2xZ2,[],{}
1,133,False,0,[],False,Z2xZ2,Z2xZ2,[],{}
1,137,False,0,[],False,Z2xZ2,Z2xZ2,[],{}
1,138,False,0,[],False,Z2xZ2,Z2xZ2,[],{}
1,139,False,0,[],False,Z2xZ2,Z2xZ2,[],{}
1,143,False,0,[],False,Z2xZ2,Z2,[],{}
1,161,False,0,[],False,Z2xZ2,Z2,[],{}
1,179,False,0,[],False,Z2xZ2,Z2,[],{}
1,185,False,0,[],False,Z2xZ2,Z2,[],{}
1,191,False,0,[],False,Z2xZ2,Z2,[],{}
1,197,False,0,[],False,Z2xZ2,Z2,[],{}
1,215,False,0,[],False,Z2xZ2,Z2,[],{}
1,296,False,0,[],False,Z2xZ2,Trivial,[],{}
1,350,False,0,[],False,Z2xZ2,Z2xZ2,[],{}
1,354,False,0,[],False,Z2xZ2,Z2,[],{}
1,360,False,0,[],False,Z2xZ2,Z2xZ2,[],{}
1,370,False,0,[],False,Z2xZ2,Z2xZ2,[],{}
1,380,False,0,[],False,Z2xZ2,Z2xZ2,[],{}
1,390,False,0,[],False,Z2xZ2,Z2xZ2,[],{}
1,394,False,0,[],False,Z2xZ2,Z2,[],{}
1,400,False,0,[],False,Z2xZ2,Z2xZ2,[],{}
1,410,False,0,[],False,Z2xZ2,Z2xZ2,[],{}
1,420,False,0,[],False,Z2xZ2,Z2xZ2,[],{}
1,430,False,0,[],False,Z2xZ2,Z2xZ2,[],{}
1,434,False,0,[],False,Z2xZ2,Z2,[],{}
1,440,False,0,[],False,Z2xZ2,Z2,[],{}
1,500,False,0,[],False,Z2xZ2,Z2,[],{}
1,560,False,0,[],False,Z2xZ2,Z2,[],{}
1,980,False,0,[],False,Z2xZ2,Z2xZ2,[],{}
1,982,False,0,[],False,Z2xZ2,Z2xZ2,[],{}
1,984,False,0,[],False,Z2xZ2,Z2xZ2,[],{}
1,986,False,0,[],False,Z2xZ2,Z2,[],{}
1,995,False,0,[],False,Z2xZ2,Z2,[],{}
1,1010,False,0,[],False,Z2xZ2,Z2,[],{}
1,1025,False,0,[],False,Z2xZ2,Z2,[],{}
1,1031,False,0,[],False,Z2xZ2,Trivial,[],{}
1,1040,False,0,[],False,Z2xZ2,Z2,[],{}
1,1055,False,0,[],False,Z2xZ2,Z2xZ2,[],{}
1,1057,False,0,[],False,Z2xZ2,Z2xZ2,[],{}
1,1059,False,0,[],False,Z2xZ2,Z2xZ2,[],{}
1,1100,False,0,[],False,Z2xZ2,Z2,[],{}
1,1130,False,0,[],False,Z2xZ2,Z2xZ2,[],{}
1,1132,False,0,[],False,Z2xZ2,Z2xZ2,[],{}
1,1134,False,0,[],False,Z2xZ2,Z2xZ2,[],{}
1,1175,False,0,[],False,Z2xZ2,Z2,[],{}
2,0,False,0,[],False,Z2xZ2,(Z2)^3,[],{}
2,1,False,0,[],False,Z2xZ2,Z2xZ2,[],{}
2,2,True,54,[2],True,Z2xZ2,Z2xZ2,['Z2xZ2'],{2: 54}
2,4,False,0,[],False,Z2xZ2,Z2xZ2,[],{}
2,5,False,0,[],False,Z2xZ2,Z2xZ2,[],{}
2,6,False,0,[],False,Z2xZ2,Z2xZ2,[],{}
2,10,False,0,[],False,Z2xZ2,Z2xZ2,[],{}
2,20,False,0,[],False,Z2xZ2,Z2xZ2,[],{}
2,30,False,0,[],False,Z2xZ2,Z2xZ2,[],{}
2,34,False,0,[],False,Z2xZ2,Z2,[],{}
2,40,False,0,[],False,Z2xZ2,Z2xZ2,[],{}
2,50,False,0,[],False,Z2xZ2,Z2xZ2,[],{}
2,52,True,54,[52],True,Z2xZ2,Z2xZ2,['Z2xZ2'],{52: 54}
2,54,True,54,[54],True,Z2xZ2,Z2xZ2,['Z2xZ2'],{54: 54}
2,95,False,0,[],False,Z2xZ2,Z2,[],{}
2,125,False,0,[],False,Z2xZ2,Z2xZ2,[],{}
2,126,False,0,[],False,Z2xZ2,Z2xZ2,[],{}
2,127,False,0,[],False,Z2xZ2,Z2xZ2,[],{}
2,131,False,0,[],False,Z2xZ2,Z2xZ2,[],{}
2,132,False,0,[],False,Z2xZ2,Z2xZ2,[],{}
2,133,False,0,[],False,Z2xZ2,Z2xZ2,[],{}
2,137,False,0,[],False,Z2xZ2,Z2xZ2,[],{}
2,138,False,0,[],False,Z2xZ2,Z2xZ2,[],{}
2,139,False,0,[],False,Z2xZ2,Z2xZ2,[],{}
2,143,False,0,[],False,Z2xZ2,Z2,[],{}
2,161,False,0,[],False,Z2xZ2,Z2,[],{}
2,179,False,0,[],False,Z2xZ2,Z2,[],{}
2,185,False,0,[],False,Z2xZ2,Z2,[],{}
2,191,False,0,[],False,Z2xZ2,Z2,[],{}
2,197,False,0,[],False,Z2xZ2,Z2,[],{}
2,215,False,0,[],False,Z2xZ2,Z2,[],{}
2,296,False,0,[],False,Z2xZ2,Trivial,[],{}
2,350,False,0,[],False,Z2xZ2,Z2xZ2,[],{}
2,354,False,0,[],False,Z2xZ2,Z2,[],{}
2,360,False,0,[],False,Z2xZ2,Z2xZ2,[],{}
2,370,False,0,[],False,Z2xZ2,Z2xZ2,[],{}
2,380,False,0,[],False,Z2xZ2,Z2xZ2,[],{}
2,390,False,0,[],False,Z2xZ2,Z2xZ2,[],{}
2,394,False,0,[],False,Z2xZ2,Z2,[],{}
2,400,False,0,[],False,Z2xZ2,Z2xZ2,[],{}
2,410,False,0,[],False,Z2xZ2,Z2xZ2,[],{}
2,420,False,0,[],False,Z2xZ2,Z2xZ2,[],{}
2,430,False,0,[],False,Z2xZ2,Z2xZ2,[],{}
2,434,False,0,[],False,Z2xZ2,Z2,[],{}
2,440,False,0,[],False,Z2xZ2,Z2,[],{}
2,500,False,0,[],False,Z2xZ2,Z2,[],{}
2,560,False,0,[],False,Z2xZ2,Z2,[],{}
2,980,False,0,[],False,Z2xZ2,Z2xZ2,[],{}
2,982,False,0,[],False,Z2xZ2,Z2xZ2,[],{}
2,984,False,0,[],False,Z2xZ2,Z2xZ2,[],{}
2,986,False,0,[],False,Z2xZ2,Z2,[],{}
2,995,False,0,[],False,Z2xZ2,Z2,[],{}
2,1010,False,0,[],False,Z2xZ2,Z2,[],{}
2,1025,False,0,[],False,Z2xZ2,Z2,[],{}
2,1031,False,0,[],False,Z2xZ2,Trivial,[],{}
2,1040,False,0,[],False,Z2xZ2,Z2,[],{}
2,1055,False,0,[],False,Z2xZ2,Z2xZ2,[],{}
2,1057,False,0,[],False,Z2xZ2,Z2xZ2,[],{}
2,1059,False,0,[],False,Z2xZ2,Z2xZ2,[],{}
2,1100,False,0,[],False,Z2xZ2,Z2,[],{}
2,1130,False,0,[],False,Z2xZ2,Z2xZ2,[],{}
2,1132,False,0,[],False,Z2xZ2,Z2xZ2,[],{}
2,1134,False,0,[],False,Z2xZ2,Z2xZ2,[],{}
2,1175,False,0,[],False,Z2xZ2,Z2,[],{}
4,0,False,0,[],False,Z2xZ2,(Z2)^3,[],{}
4,1,False,0,[],False,Z2xZ2,Z2xZ2,[],{}
4,2,False,0,[],False,Z2xZ2,Z2xZ2,[],{}
4,4,False,0,[],False,Z2xZ2,Z2xZ2,[],{}
4,5,False,0,[],False,Z2xZ2,Z2xZ2,[],{}
4,6,False,0,[],False,Z2xZ2,Z2xZ2,[],{}
4,10,False,0,[],False,Z2xZ2,Z2xZ2,[],{}
4,20,False,0,[],False,Z2xZ2,Z2xZ2,[],{}
4,30,False,0,[],False,Z2xZ2,Z2xZ2,[],{}
4,34,False,0,[],False,Z2xZ2,Z2,[],{}
4,40,False,0,[],False,Z2xZ2,Z2xZ2,[],{}
4,50,False,0,[],False,Z2xZ2,Z2xZ2,[],{}
4,52,False,0,[],False,Z2xZ2,Z2xZ2,[],{}
4,54,False,0,[],False,Z2xZ2,Z2xZ2,[],{}
4,95,False,0,[],False,Z2xZ2,Z2,[],{}
4,125,True,54,[0],True,Z2xZ2,Z2xZ2,['(Z2)^3'],{0: 54}
4,126,False,0,[],False,Z2xZ2,Z2xZ2,[],{}
4,127,False,0,[],False,Z2xZ2,Z2xZ2,[],{}
4,131,True,54,[4],True,Z2xZ2,Z2xZ2,['Z2xZ2'],{4: 54}
4,132,False,0,[],False,Z2xZ2,Z2xZ2,[],{}
4,133,False,0,[],False,Z2xZ2,Z2xZ2,[],{}
4,137,True,54,[4],True,Z2xZ2,Z2xZ2,['Z2xZ2'],{4: 54}
4,138,False,0,[],False,Z2xZ2,Z2xZ2,[],{}
4,139,False,0,[],False,Z2xZ2,Z2xZ2,[],{}
4,143,True,108,[10],True,Z2xZ2,Z2,['Z2xZ2'],{10: 108}
4,161,True,108,[20],True,Z2xZ2,Z2,['Z2xZ2'],{20: 108}
4,179,True,108,[30],True,Z2xZ2,Z2,['Z2xZ2'],{30: 108}
4,185,True,108,[34],True,Z2xZ2,Z2,['Z2'],{34: 108}
4,191,True,108,[34],True,Z2xZ2,Z2,['Z2'],{34: 108}
4,197,True,108,[40],True,Z2xZ2,Z2,['Z2xZ2'],{40: 108}
4,215,True,108,[50],True,Z2xZ2,Z2,['Z2xZ2'],{50: 108}
4,296,True,216,[95],True,Z2xZ2,Trivial,['Z2'],{95: 216}
4,350,False,0,[],False,Z2xZ2,Z2xZ2,[],{}
4,354,False,0,[],False,Z2xZ2,Z2,[],{}
4,360,False,0,[],False,Z2xZ2,Z2xZ2,[],{}
4,370,False,0,[],False,Z2xZ2,Z2xZ2,[],{}
4,380,False,0,[],False,Z2xZ2,Z2xZ2,[],{}
4,390,False,0,[],False,Z2xZ2,Z2xZ2,[],{}
4,394,False,0,[],False,Z2xZ2,Z2,[],{}
4,400,False,0,[],False,Z2xZ2,Z2xZ2,[],{}
4,410,False,0,[],False,Z2xZ2,Z2xZ2,[],{}
4,420,False,0,[],False,Z2xZ2,Z2xZ2,[],{}
4,430,False,0,[],False,Z2xZ2,Z2xZ2,[],{}
4,434,False,0,[],False,Z2xZ2,Z2,[],{}
4,440,False,0,[],False,Z2xZ2,Z2,[],{}
4,500,False,0,[],False,Z2xZ2,Z2,[],{}
4,560,False,0,[],False,Z2xZ2,Z2,[],{}
4,980,False,0,[],False,Z2xZ2,Z2xZ2,[],{}
4,982,False,0,[],False,Z2xZ2,Z2xZ2,[],{}
4,984,False,0,[],False,Z2xZ2,Z2xZ2,[],{}
4,986,False,0,[],False,Z2xZ2,Z2,[],{}
4,995,False,0,[],False,Z2xZ2,Z2,[],{}
4,1010,False,0,[],False,Z2xZ2,Z2,[],{}
4,1025,False,0,[],False,Z2xZ2,Z2,[],{}
4,1031,False,0,[],False,Z2xZ2,Trivial,[],{}
4,1040,False,0,[],False,Z2xZ2,Z2,[],{}
4,1055,False,0,[],False,Z2xZ2,Z2xZ2,[],{}
4,1057,False,0,[],False,Z2xZ2,Z2xZ2,[],{}
4,1059,False,0,[],False,Z2xZ2,Z2xZ2,[],{}
4,1100,False,0,[],False,Z2xZ2,Z2,[],{}
4,1130,False,0,[],False,Z2xZ2,Z2xZ2,[],{}
4,1132,False,0,[],False,Z2xZ2,Z2xZ2,[],{}
4,1134,False,0,[],False,Z2xZ2,Z2xZ2,[],{}
4,1175,False,0,[],False,Z2xZ2,Z2,[],{}
5,0,False,0,[],False,Z2xZ2,(Z2)^3,[],{}
5,1,False,0,[],False,Z2xZ2,Z2xZ2,[],{}
5,2,False,0,[],False,Z2xZ2,Z2xZ2,[],{}
5,4,False,0,[],False,Z2xZ2,Z2xZ2,[],{}
5,5,False,0,[],False,Z2xZ2,Z2xZ2,[],{}
5,6,False,0,[],False,Z2xZ2,Z2xZ2,[],{}
5,10,False,0,[],False,Z2xZ2,Z2xZ2,[],{}
5,20,False,0,[],False,Z2xZ2,Z2xZ2,[],{}
5,30,False,0,[],False,Z2xZ2,Z2xZ2,[],{}
5,34,False,0,[],False,Z2xZ2,Z2,[],{}
5,40,False,0,[],False,Z2xZ2,Z2xZ2,[],{}
5,50,False,0,[],False,Z2xZ2,Z2xZ2,[],{}
5,52,False,0,[],False,Z2xZ2,Z2xZ2,[],{}
5,54,False,0,[],False,Z2xZ2,Z2xZ2,[],{}
5,95,False,0,[],False,Z2xZ2,Z2,[],{}
5,125,False,0,[],False,Z2xZ2,Z2xZ2,[],{}
5,126,True,54,[1],True,Z2xZ2,Z2xZ2,['Z2xZ2'],{1: 54}
5,127,False,0,[],False,Z2xZ2,Z2xZ2,[],{}
5,131,False,0,[],False,Z2xZ2,Z2xZ2,[],{}
5,132,True,54,[5],True,Z2xZ2,Z2xZ2,['Z2xZ2'],{5: 54}
5,133,False,0,[],False,Z2xZ2,Z2xZ2,[],{}
5,137,False,0,[],False,Z2xZ2,Z2xZ2,[],{}
5,138,True,54,[6],True,Z2xZ2,Z2xZ2,['Z2xZ2'],{6: 54}
5,139,False,0,[],False,Z2xZ2,Z2xZ2,[],{}
5,143,False,0,[],False,Z2xZ2,Z2,[],{}
5,161,False,0,[],False,Z2xZ2,Z2,[],{}
5,179,False,0,[],False,Z2xZ2,Z2,[],{}
5,185,False,0,[],False,Z2xZ2,Z2,[],{}
5,191,False,0,[],False,Z2xZ2,Z2,[],{}
5,197,False,0,[],False,Z2xZ2,Z2,[],{}
5,215,False,0,[],False,Z2xZ2,Z2,[],{}
5,296,False,0,[],False,Z2xZ2,Trivial,[],{}
5,350,False,0,[],False,Z2xZ2,Z2xZ2,[],{}
5,354,False,0,[],False,Z2xZ2,Z2,[],{}
5,360,False,0,[],False,Z2xZ2,Z2xZ2,[],{}
5,370,False,0,[],False,Z2xZ2,Z2xZ2,[],{}
5,380,False,0,[],False,Z2xZ2,Z2xZ2,[],{}
5,390,False,0,[],False,Z2xZ2,Z2xZ2,[],{}
5,394,False,0,[],False,Z2xZ2,Z2,[],{}
5,400,False,0,[],False,Z2xZ2,Z2xZ2,[],{}
5,410,False,0,[],False,Z2xZ2,Z2xZ2,[],{}
5,420,False,0,[],False,Z2xZ2,Z2xZ2,[],{}
5,430,False,0,[],False,Z2xZ2,Z2xZ2,[],{}
5,434,False,0,[],False,Z2xZ2,Z2,[],{}
5,440,False,0,[],False,Z2xZ2,Z2,[],{}
5,500,False,0,[],False,Z2xZ2,Z2,[],{}
5,560,False,0,[],False,Z2xZ2,Z2,[],{}
5,980,False,0,[],False,Z2xZ2,Z2xZ2,[],{}
5,982,False,0,[],False,Z2xZ2,Z2xZ2,[],{}
5,984,False,0,[],False,Z2xZ2,Z2xZ2,[],{}
5,986,False,0,[],False,Z2xZ2,Z2,[],{}
5,995,False,0,[],False,Z2xZ2,Z2,[],{}
5,1010,False,0,[],False,Z2xZ2,Z2,[],{}
5,1025,False,0,[],False,Z2xZ2,Z2,[],{}
5,1031,False,0,[],False,Z2xZ2,Trivial,[],{}
5,1040,False,0,[],False,Z2xZ2,Z2,[],{}
5,1055,False,0,[],False,Z2xZ2,Z2xZ2,[],{}
5,1057,False,0,[],False,Z2xZ2,Z2xZ2,[],{}
5,1059,False,0,[],False,Z2xZ2,Z2xZ2,[],{}
5,1100,False,0,[],False,Z2xZ2,Z2,[],{}
5,1130,False,0,[],False,Z2xZ2,Z2xZ2,[],{}
5,1132,False,0,[],False,Z2xZ2,Z2xZ2,[],{}
5,1134,False,0,[],False,Z2xZ2,Z2xZ2,[],{}
5,1175,False,0,[],False,Z2xZ2,Z2,[],{}
6,0,False,0,[],False,Z2xZ2,(Z2)^3,[],{}
6,1,False,0,[],False,Z2xZ2,Z2xZ2,[],{}
6,2,False,0,[],False,Z2xZ2,Z2xZ2,[],{}
6,4,False,0,[],False,Z2xZ2,Z2xZ2,[],{}
6,5,False,0,[],False,Z2xZ2,Z2xZ2,[],{}
6,6,False,0,[],False,Z2xZ2,Z2xZ2,[],{}
6,10,False,0,[],False,Z2xZ2,Z2xZ2,[],{}
6,20,False,0,[],False,Z2xZ2,Z2xZ2,[],{}
6,30,False,0,[],False,Z2xZ2,Z2xZ2,[],{}
6,34,False,0,[],False,Z2xZ2,Z2,[],{}
6,40,False,0,[],False,Z2xZ2,Z2xZ2,[],{}
6,50,False,0,[],False,Z2xZ2,Z2xZ2,[],{}
6,52,False,0,[],False,Z2xZ2,Z2xZ2,[],{}
6,54,False,0,[],False,Z2xZ2,Z2xZ2,[],{}
6,95,False,0,[],False,Z2xZ2,Z2,[],{}
6,125,False,0,[],False,Z2xZ2,Z2xZ2,[],{}
6,126,False,0,[],False,Z2xZ2,Z2xZ2,[],{}
6,127,True,54,[1],True,Z2xZ2,Z2xZ2,['Z2xZ2'],{1: 54}
6,131,False,0,[],False,Z2xZ2,Z2xZ2,[],{}
6,132,False,0,[],False,Z2xZ2,Z2xZ2,[],{}
6,133,True,54,[6],True,Z2xZ2,Z2xZ2,['Z2xZ2'],{6: 54}
6,137,False,0,[],False,Z2xZ2,Z2xZ2,[],{}
6,138,False,0,[],False,Z2xZ2,Z2xZ2,[],{}
6,139,True,54,[5],True,Z2xZ2,Z2xZ2,['Z2xZ2'],{5: 54}
6,143,False,0,[],False,Z2xZ2,Z2,[],{}
6,161,False,0,[],False,Z2xZ2,Z2,[],{}
6,179,False,0,[],False,Z2xZ2,Z2,[],{}
6,185,False,0,[],False,Z2xZ2,Z2,[],{}
6,191,False,0,[],False,Z2xZ2,Z2,[],{}
6,197,False,0,[],False,Z2xZ2,Z2,[],{}
6,215,False,0,[],False,Z2xZ2,Z2,[],{}
6,296,False,0,[],False,Z2xZ2,Trivial,[],{}
6,350,False,0,[],False,Z2xZ2,Z2xZ2,[],{}
6,354,False,0,[],False,Z2xZ2,Z2,[],{}
6,360,False,0,[],False,Z2xZ2,Z2xZ2,[],{}
6,370,False,0,[],False,Z2xZ2,Z2xZ2,[],{}
6,380,False,0,[],False,Z2xZ2,Z2xZ2,[],{}
6,390,False,0,[],False,Z2xZ2,Z2xZ2,[],{}
6,394,False,0,[],False,Z2xZ2,Z2,[],{}
6,400,False,0,[],False,Z2xZ2,Z2xZ2,[],{}
6,410,False,0,[],False,Z2xZ2,Z2xZ2,[],{}
6,420,False,0,[],False,Z2xZ2,Z2xZ2,[],{}
6,430,False,0,[],False,Z2xZ2,Z2xZ2,[],{}
6,434,False,0,[],False,Z2xZ2,Z2,[],{}
6,440,False,0,[],False,Z2xZ2,Z2,[],{}
6,500,False,0,[],False,Z2xZ2,Z2,[],{}
6,560,False,0,[],False,Z2xZ2,Z2,[],{}
6,980,False,0,[],False,Z2xZ2,Z2xZ2,[],{}
6,982,False,0,[],False,Z2xZ2,Z2xZ2,[],{}
6,984,False,0,[],False,Z2xZ2,Z2xZ2,[],{}
6,986,False,0,[],False,Z2xZ2,Z2,[],{}
6,995,False,0,[],False,Z2xZ2,Z2,[],{}
6,1010,False,0,[],False,Z2xZ2,Z2,[],{}
6,1025,False,0,[],False,Z2xZ2,Z2,[],{}
6,1031,False,0,[],False,Z2xZ2,Trivial,[],{}
6,1040,False,0,[],False,Z2xZ2,Z2,[],{}
6,1055,False,0,[],False,Z2xZ2,Z2xZ2,[],{}
6,1057,False,0,[],False,Z2xZ2,Z2xZ2,[],{}
6,1059,False,0,[],False,Z2xZ2,Z2xZ2,[],{}
6,1100,False,0,[],False,Z2xZ2,Z2,[],{}
6,1130,False,0,[],False,Z2xZ2,Z2xZ2,[],{}
6,1132,False,0,[],False,Z2xZ2,Z2xZ2,[],{}
6,1134,False,0,[],False,Z2xZ2,Z2xZ2,[],{}
6,1175,False,0,[],False,Z2xZ2,Z2,[],{}
10,0,False,0,[],False,Z2xZ2,(Z2)^3,[],{}
10,1,False,0,[],False,Z2xZ2,Z2xZ2,[],{}
10,2,False,0,[],False,Z2xZ2,Z2xZ2,[],{}
10,4,False,0,[],False,Z2xZ2,Z2xZ2,[],{}
10,5,False,0,[],False,Z2xZ2,Z2xZ2,[],{}
10,6,False,0,[],False,Z2xZ2,Z2xZ2,[],{}
10,10,False,0,[],False,Z2xZ2,Z2xZ2,[],{}
10,20,False,0,[],False,Z2xZ2,Z2xZ2,[],{}
10,30,False,0,[],False,Z2xZ2,Z2xZ2,[],{}
10,34,False,0,[],False,Z2xZ2,Z2,[],{}
10,40,False,0,[],False,Z2xZ2,Z2xZ2,[],{}
10,50,False,0,[],False,Z2xZ2,Z2xZ2,[],{}
10,52,False,0,[],False,Z2xZ2,Z2xZ2,[],{}
10,54,False,0,[],False,Z2xZ2,Z2xZ2,[],{}
10,95,False,0,[],False,Z2xZ2,Z2,[],{}
10,125,False,0,[],False,Z2xZ2,Z2xZ2,[],{}
10,126,False,0,[],False,Z2xZ2,Z2xZ2,[],{}
10,127,False,0,[],False,Z2xZ2,Z2xZ2,[],{}
10,131,False,0,[],False,Z2xZ2,Z2xZ2,[],{}
10,132,False,0,[],False,Z2xZ2,Z2xZ2,[],{}
10,133,False,0,[],False,Z2xZ2,Z2xZ2,[],{}
10,137,False,0,[],False,Z2xZ2,Z2xZ2,[],{}
10,138,False,0,[],False,Z2xZ2,Z2xZ2,[],{}
10,139,False,0,[],False,Z2xZ2,Z2xZ2,[],{}
10,143,False,0,[],False,Z2xZ2,Z2,[],{}
10,161,False,0,[],False,Z2xZ2,Z2,[],{}
10,179,False,0,[],False,Z2xZ2,Z2,[],{}
10,185,False,0,[],False,Z2xZ2,Z2,[],{}
10,191,False,0,[],False,Z2xZ2,Z2,[],{}
10,197,False,0,[],False,Z2xZ2,Z2,[],{}
10,215,False,0,[],False,Z2xZ2,Z2,[],{}
10,296,False,0,[],False,Z2xZ2,Trivial,[],{}
10,350,True,54,[0],True,Z2xZ2,Z2xZ2,['(Z2)^3'],{0: 54}
10,354,True,108,[4],True,Z2xZ2,Z2,['Z2xZ2'],{4: 108}
10,360,True,54,[10],True,Z2xZ2,Z2xZ2,['Z2xZ2'],{10: 54}
10,370,True,54,[10],True,Z2xZ2,Z2xZ2,['Z2xZ2'],{10: 54}
10,380,True,54,[20],True,Z2xZ2,Z2xZ2,['Z2xZ2'],{20: 54}
10,390,True,54,[30],True,Z2xZ2,Z2xZ2,['Z2xZ2'],{30: 54}
10,394,True,108,[34],True,Z2xZ2,Z2,['Z2'],{34: 108}
10,400,True,54,[40],True,Z2xZ2,Z2xZ2,['Z2xZ2'],{40: 54}
10,410,True,54,[20],True,Z2xZ2,Z2xZ2,['Z2xZ2'],{20: 54}
10,420,True,54,[40],True,Z2xZ2,Z2xZ2,['Z2xZ2'],{40: 54}
10,430,True,54,[30],True,Z2xZ2,Z2xZ2,['Z2xZ2'],{30: 54}
10,434,True,108,[34],True,Z2xZ2,Z2,['Z2'],{34: 108}
10,440,True,108,[50],True,Z2xZ2,Z2,['Z2xZ2'],{50: 108}
10,500,True,108,[95],True,Z2xZ2,Z2,['Z2'],{95: 108}
10,560,True,108,[95],True,Z2xZ2,Z2,['Z2'],{95: 108}
10,980,False,0,[],False,Z2xZ2,Z2xZ2,[],{}
10,982,False,0,[],False,Z2xZ2,Z2xZ2,[],{}
10,984,False,0,[],False,Z2xZ2,Z2xZ2,[],{}
10,986,False,0,[],False,Z2xZ2,Z2,[],{}
10,995,False,0,[],False,Z2xZ2,Z2,[],{}
10,1010,False,0,[],False,Z2xZ2,Z2,[],{}
10,1025,False,0,[],False,Z2xZ2,Z2,[],{}
10,1031,False,0,[],False,Z2xZ2,Trivial,[],{}
10,1040,False,0,[],False,Z2xZ2,Z2,[],{}
10,1055,False,0,[],False,Z2xZ2,Z2xZ2,[],{}
10,1057,False,0,[],False,Z2xZ2,Z2xZ2,[],{}
10,1059,False,0,[],False,Z2xZ2,Z2xZ2,[],{}
10,1100,False,0,[],False,Z2xZ2,Z2,[],{}
10,1130,False,0,[],False,Z2xZ2,Z2xZ2,[],{}
10,1132,False,0,[],False,Z2xZ2,Z2xZ2,[],{}
10,1134,False,0,[],False,Z2xZ2,Z2xZ2,[],{}
10,1175,False,0,[],False,Z2xZ2,Z2,[],{}
20,0,False,0,[],False,Z2xZ2,(Z2)^3,[],{}
20,1,False,0,[],False,Z2xZ2,Z2xZ2,[],{}
20,2,False,0,[],False,Z2xZ2,Z2xZ2,[],{}
20,4,False,0,[],False,Z2xZ2,Z2xZ2,[],{}
20,5,False,0,[],False,Z2xZ2,Z2xZ2,[],{}
20,6,False,0,[],False,Z2xZ2,Z2xZ2,[],{}
20,10,False,0,[],False,Z2xZ2,Z2xZ2,[],{}
20,20,False,0,[],False,Z2xZ2,Z2xZ2,[],{}
20,30,False,0,[],False,Z2xZ2,Z2xZ2,[],{}
20,34,False,0,[],False,Z2xZ2,Z2,[],{}
20,40,False,0,[],False,Z2xZ2,Z2xZ2,[],{}
20,50,False,0,[],False,Z2xZ2,Z2xZ2,[],{}
20,52,False,0,[],False,Z2xZ2,Z2xZ2,[],{}
20,54,False,0,[],False,Z2xZ2,Z2xZ2,[],{}
20,95,False,0,[],False,Z2xZ2,Z2,[],{}
20,125,False,0,[],False,Z2xZ2,Z2xZ2,[],{}
20,126,False,0,[],False,Z2xZ2,Z2xZ2,[],{}
20,127,False,0,[],False,Z2xZ2,Z2xZ2,[],{}
20,131,False,0,[],False,Z2xZ2,Z2xZ2,[],{}
20,132,False,0,[],False,Z2xZ2,Z2xZ2,[],{}
20,133,False,0,[],False,Z2xZ2,Z2xZ2,[],{}
20,137,False,0,[],False,Z2xZ2,Z2xZ2,[],{}
20,138,False,0,[],False,Z2xZ2,Z2xZ2,[],{}
20,139,False,0,[],False,Z2xZ2,Z2xZ2,[],{}
20,143,False,0,[],False,Z2xZ2,Z2,[],{}
20,161,False,0,[],False,Z2xZ2,Z2,[],{}
20,179,False,0,[],False,Z2xZ2,Z2,[],{}
20,185,False,0,[],False,Z2xZ2,Z2,[],{}
20,191,False,0,[],False,Z2xZ2,Z2,[],{}
20,197,False,0,[],False,Z2xZ2,Z2,[],{}
20,215,False,0,[],False,Z2xZ2,Z2,[],{}
20,296,False,0,[],False,Z2xZ2,Trivial,[],{}
20,350,True,54,[30],True,Z2xZ2,Z2xZ2,['Z2xZ2'],{30: 54}
20,354,True,108,[34],True,Z2xZ2,Z2,['Z2'],{34: 108}
20,360,True,54,[20],True,Z2xZ2,Z2xZ2,['Z2xZ2'],{20: 54}
20,370,True,54,[40],True,Z2xZ2,Z2xZ2,['Z2xZ2'],{40: 54}
20,380,True,54,[10],True,Z2xZ2,Z2xZ2,['Z2xZ2'],{10: 54}
20,390,True,54,[0],True,Z2xZ2,Z2xZ2,['(Z2)^3'],{0: 54}
20,394,True,108,[4],True,Z2xZ2,Z2,['Z2xZ2'],{4: 108}
20,400,True,54,[10],True,Z2xZ2,Z2xZ2,['Z2xZ2'],{10: 54}
20,410,True,54,[40],True,Z2xZ2,Z2xZ2,['Z2xZ2'],{40: 54}
20,420,True,54,[20],True,Z2xZ2,Z2xZ2,['Z2xZ2'],{20: 54}
20,430,True,54,[30],True,Z2xZ2,Z2xZ2,['Z2xZ2'],{30: 54}
20,434,True,108,[34],True,Z2xZ2,Z2,['Z2'],{34: 108}
20,440,True,108,[95],True,Z2xZ2,Z2,['Z2'],{95: 108}
20,500,True,108,[50],True,Z2xZ2,Z2,['Z2xZ2'],{50: 108}
20,560,True,108,[95],True,Z2xZ2,Z2,['Z2'],{95: 108}
20,980,False,0,[],False,Z2xZ2,Z2xZ2,[],{}
20,982,False,0,[],False,Z2xZ2,Z2xZ2,[],{}
20,984,False,0,[],False,Z2xZ2,Z2xZ2,[],{}
20,986,False,0,[],False,Z2xZ2,Z2,[],{}
20,995,False,0,[],False,Z2xZ2,Z2,[],{}
20,1010,False,0,[],False,Z2xZ2,Z2,[],{}
20,1025,False,0,[],False,Z2xZ2,Z2,[],{}
20,1031,False,0,[],False,Z2xZ2,Trivial,[],{}
20,1040,False,0,[],False,Z2xZ2,Z2,[],{}
20,1055,False,0,[],False,Z2xZ2,Z2xZ2,[],{}
20,1057,False,0,[],False,Z2xZ2,Z2xZ2,[],{}
20,1059,False,0,[],False,Z2xZ2,Z2xZ2,[],{}
20,1100,False,0,[],False,Z2xZ2,Z2,[],{}
20,1130,False,0,[],False,Z2xZ2,Z2xZ2,[],{}
20,1132,False,0,[],False,Z2xZ2,Z2xZ2,[],{}
20,1134,False,0,[],False,Z2xZ2,Z2xZ2,[],{}
20,1175,False,0,[],False,Z2xZ2,Z2,[],{}
30,0,True,54,[30],True,Z2xZ2,(Z2)^3,['Z2xZ2'],{30: 54}
30,1,False,0,[],False,Z2xZ2,Z2xZ2,[],{}
30,2,False,0,[],False,Z2xZ2,Z2xZ2,[],{}
30,4,True,108,[34],True,Z2xZ2,Z2xZ2,['Z2'],{34: 108}
30,5,False,0,[],False,Z2xZ2,Z2xZ2,[],{}
30,6,False,0,[],False,Z2xZ2,Z2xZ2,[],{}
30,10,True,108,"[20, 40]",False,Z2xZ2,Z2xZ2,['Z2xZ2'],"{20: 54, 40: 54}"
30,20,True,108,"[10, 40]",False,Z2xZ2,Z2xZ2,['Z2xZ2'],"{10: 54, 40: 54}"
30,30,True,108,"[0, 30]",False,Z2xZ2,Z2xZ2,"['(Z2)^3', 'Z2xZ2']","{0: 54, 30: 54}"
30,34,True,216,"[4, 34]",False,Z2xZ2,Z2,"['Z2', 'Z2xZ2']","{4: 108, 34: 108}"
30,40,True,108,"[10, 20]",False,Z2xZ2,Z2xZ2,['Z2xZ2'],"{10: 54, 20: 54}"
30,50,True,108,[95],True,Z2xZ2,Z2xZ2,['Z2'],{95: 108}
30,52,False,0,[],False,Z2xZ2,Z2xZ2,[],{}
30,54,False,0,[],False,Z2xZ2,Z2xZ2,[],{}
30,95,True,216,"[50, 95]",False,Z2xZ2,Z2,"['Z2', 'Z2xZ2']","{50: 108, 95: 108}"
30,125,False,0,[],False,Z2xZ2,Z2xZ2,[],{}
30,126,False,0,[],False,Z2xZ2,Z2xZ2,[],{}
30,127,False,0,[],False,Z2xZ2,Z2xZ2,[],{}
30,131,False,0,[],False,Z2xZ2,Z2xZ2,[],{}
30,132,False,0,[],False,Z2xZ2,Z2xZ2,[],{}
30,133,False,0,[],False,Z2xZ2,Z2xZ2,[],{}
30,137,False,0,[],False,Z2xZ2,Z2xZ2,[],{}
30,138,False,0,[],False,Z2xZ2,Z2xZ2,[],{}
30,139,False,0,[],False,Z2xZ2,Z2xZ2,[],{}
30,143,False,0,[],False,Z2xZ2,Z2,[],{}
30,161,False,0,[],False,Z2xZ2,Z2,[],{}
30,179,False,0,[],False,Z2xZ2,Z2,[],{}
30,185,False,0,[],False,Z2xZ2,Z2,[],{}
30,191,False,0,[],False,Z2xZ2,Z2,[],{}
30,197,False,0,[],False,Z2xZ2,Z2,[],{}
30,215,False,0,[],False,Z2xZ2,Z2,[],{}
30,296,False,0,[],False,Z2xZ2,Trivial,[],{}
30,350,False,0,[],False,Z2xZ2,Z2xZ2,[],{}
30,354,False,0,[],False,Z2xZ2,Z2,[],{}
30,360,False,0,[],False,Z2xZ2,Z2xZ2,[],{}
30,370,False,0,[],False,Z2xZ2,Z2xZ2,[],{}
30,380,False,0,[],False,Z2xZ2,Z2xZ2,[],{}
30,390,False,0,[],False,Z2xZ2,Z2xZ2,[],{}
30,394,False,0,[],False,Z2xZ2,Z2,[],{}
30,400,False,0,[],False,Z2xZ2,Z2xZ2,[],{}
30,410,False,0,[],False,Z2xZ2,Z2xZ2,[],{}
30,420,False,0,[],False,Z2xZ2,Z2xZ2,[],{}
30,430,False,0,[],False,Z2xZ2,Z2xZ2,[],{}
30,434,False,0,[],False,Z2xZ2,Z2,[],{}
30,440,False,0,[],False,Z2xZ2,Z2,[],{}
30,500,False,0,[],False,Z2xZ2,Z2,[],{}
30,560,False,0,[],False,Z2xZ2,Z2,[],{}
30,980,False,0,[],False,Z2xZ2,Z2xZ2,[],{}
30,982,False,0,[],False,Z2xZ2,Z2xZ2,[],{}
30,984,False,0,[],False,Z2xZ2,Z2xZ2,[],{}
30,986,False,0,[],False,Z2xZ2,Z2,[],{}
30,995,False,0,[],False,Z2xZ2,Z2,[],{}
30,1010,False,0,[],False,Z2xZ2,Z2,[],{}
30,1025,False,0,[],False,Z2xZ2,Z2,[],{}
30,1031,False,0,[],False,Z2xZ2,Trivial,[],{}
30,1040,False,0,[],False,Z2xZ2,Z2,[],{}
30,1055,False,0,[],False,Z2xZ2,Z2xZ2,[],{}
30,1057,False,0,[],False,Z2xZ2,Z2xZ2,[],{}
30,1059,False,0,[],False,Z2xZ2,Z2xZ2,[],{}
30,1100,False,0,[],False,Z2xZ2,Z2,[],{}
30,1130,False,0,[],False,Z2xZ2,Z2xZ2,[],{}
30,1132,False,0,[],False,Z2xZ2,Z2xZ2,[],{}
30,1134,False,0,[],False,Z2xZ2,Z2xZ2,[],{}
30,1175,False,0,[],False,Z2xZ2,Z2,[],{}
34,0,False,0,[],False,Z2,(Z2)^3,[],{}
34,1,False,0,[],False,Z2,Z2xZ2,[],{}
34,2,False,0,[],False,Z2,Z2xZ2,[],{}
34,4,False,0,[],False,Z2,Z2xZ2,[],{}
34,5,False,0,[],False,Z2,Z2xZ2,[],{}
34,6,False,0,[],False,Z2,Z2xZ2,[],{}
34,10,False,0,[],False,Z2,Z2xZ2,[],{}
34,20,False,0,[],False,Z2,Z2xZ2,[],{}
34,30,False,0,[],False,Z2,Z2xZ2,[],{}
34,34,False,0,[],False,Z2,Z2,[],{}
34,40,False,0,[],False,Z2,Z2xZ2,[],{}
34,50,False,0,[],False,Z2,Z2xZ2,[],{}
34,52,False,0,[],False,Z2,Z2xZ2,[],{}
34,54,False,0,[],False,Z2,Z2xZ2,[],{}
34,95,False,0,[],False,Z2,Z2,[],{}
34,125,True,108,[30],True,Z2,Z2xZ2,['Z2xZ2'],{30: 108}
34,126,False,0,[],False,Z2,Z2xZ2,[],{}
34,127,False,0,[],False,Z2,Z2xZ2,[],{}
34,131,True,108,[34],True,Z2,Z2xZ2,['Z2'],{34: 108}
34,132,False,0,[],False,Z2,Z2xZ2,[],{}
34,133,False,0,[],False,Z2,Z2xZ2,[],{}
34,137,True,108,[34],True,Z2,Z2xZ2,['Z2'],{34: 108}
34,138,False,0,[],False,Z2,Z2xZ2,[],{}
34,139,False,0,[],False,Z2,Z2xZ2,[],{}
34,143,True,216,"[20, 40]",False,Z2,Z2,['Z2xZ2'],"{20: 108, 40: 108}"
34,161,True,216,"[10, 40]",False,Z2,Z2,['Z2xZ2'],"{10: 108, 40: 108}"
34,179,True,216,"[0, 30]",False,Z2,Z2,"['(Z2)^3', 'Z2xZ2']","{0: 108, 30: 108}"
34,185,True,216,"[4, 34]",False,Z2,Z2,"['Z2', 'Z2xZ2']","{4: 108, 34: 108}"
34,191,True,216,"[4, 34]",False,Z2,Z2,"['Z2', 'Z2xZ2']","{4: 108, 34: 108}"
34,197,True,216,"[10, 20]",False,Z2,Z2,['Z2xZ2'],"{10: 108, 20: 108}"
34,215,True,216,[95],True,Z2,Z2,['Z2'],{95: 216}
34,296,True,432,"[50, 95]",False,Z2,Trivial,"['Z2', 'Z2xZ2']","{50: 216, 95: 216}"
34,350,False,0,[],False,Z2,Z2xZ2,[],{}
34,354,False,0,[],False,Z2,Z2,[],{}
34,360,False,0,[],False,Z2,Z2xZ2,[],{}
34,370,False,0,[],False,Z2,Z2xZ2,[],{}
34,380,False,0,[],False,Z2,Z2xZ2,[],{}
34,390,False,0,[],False,Z2,Z2xZ2,[],{}
34,394,False,0,[],False,Z2,Z2,[],{}
34,400,False,0,[],False,Z2,Z2xZ2,[],{}
34,410,False,0,[],False,Z2,Z2xZ2,[],{}
34,420,False,0,[],False,Z2,Z2xZ2,[],{}
34,430,False,0,[],False,Z2,Z2xZ2,[],{}
34,434,False,0,[],False,Z2,Z2,[],{}
34,440,False,0,[],False,Z2,Z2,[],{}
34,500,False,0,[],False,Z2,Z2,[],{}
34,560,False,0,[],False,Z2,Z2,[],{}
34,980,False,0,[],False,Z2,Z2xZ2,[],{}
34,982,False,0,[],False,Z2,Z2xZ2,[],{}
34,984,False,0,[],False,Z2,Z2xZ2,[],{}
34,986,False,0,[],False,Z2,Z2,[],{}
34,995,False,0,[],False,Z2,Z2,[],{}
34,1010,False,0,[],False,Z2,Z2,[],{}
34,1025,False,0,[],False,Z2,Z2,[],{}
34,1031,False,0,[],False,Z2,Trivial,[],{}
34,1040,False,0,[],False,Z2,Z2,[],{}
34,1055,False,0,[],False,Z2,Z2xZ2,[],{}
34,1057,False,0,[],False,Z2,Z2xZ2,[],{}
34,1059,False,0,[],False,Z2,Z2xZ2,[],{}
34,1100,False,0,[],False,Z2,Z2,[],{}
34,1130,False,0,[],False,Z2,Z2xZ2,[],{}
34,1132,False,0,[],False,Z2,Z2xZ2,[],{}
34,1134,False,0,[],False,Z2,Z2xZ2,[],{}
34,1175,False,0,[],False,Z2,Z2,[],{}
40,0,False,0,[],False,Z2xZ2,(Z2)^3,[],{}
40,1,False,0,[],False,Z2xZ2,Z2xZ2,[],{}
40,2,False,0,[],False,Z2xZ2,Z2xZ2,[],{}
40,4,False,0,[],False,Z2xZ2,Z2xZ2,[],{}
40,5,False,0,[],False,Z2xZ2,Z2xZ2,[],{}
40,6,False,0,[],False,Z2xZ2,Z2xZ2,[],{}
40,10,False,0,[],False,Z2xZ2,Z2xZ2,[],{}
40,20,False,0,[],False,Z2xZ2,Z2xZ2,[],{}
40,30,False,0,[],False,Z2xZ2,Z2xZ2,[],{}
40,34,False,0,[],False,Z2xZ2,Z2,[],{}
40,40,False,0,[],False,Z2xZ2,Z2xZ2,[],{}
40,50,False,0,[],False,Z2xZ2,Z2xZ2,[],{}
40,52,False,0,[],False,Z2xZ2,Z2xZ2,[],{}
40,54,False,0,[],False,Z2xZ2,Z2xZ2,[],{}
40,95,False,0,[],False,Z2xZ2,Z2,[],{}
40,125,False,0,[],False,Z2xZ2,Z2xZ2,[],{}
40,126,False,0,[],False,Z2xZ2,Z2xZ2,[],{}
40,127,False,0,[],False,Z2xZ2,Z2xZ2,[],{}
40,131,False,0,[],False,Z2xZ2,Z2xZ2,[],{}
40,132,False,0,[],False,Z2xZ2,Z2xZ2,[],{}
40,133,False,0,[],False,Z2xZ2,Z2xZ2,[],{}
40,137,False,0,[],False,Z2xZ2,Z2xZ2,[],{}
40,138,False,0,[],False,Z2xZ2,Z2xZ2,[],{}
40,139,False,0,[],False,Z2xZ2,Z2xZ2,[],{}
40,143,False,0,[],False,Z2xZ2,Z2,[],{}
40,161,False,0,[],False,Z2xZ2,Z2,[],{}
40,179,False,0,[],False,Z2xZ2,Z2,[],{}
40,185,False,0,[],False,Z2xZ2,Z2,[],{}
40,191,False,0,[],False,Z2xZ2,Z2,[],{}
40,197,False,0,[],False,Z2xZ2,Z2,[],{}
40,215,False,0,[],False,Z2xZ2,Z2,[],{}
40,296,False,0,[],False,Z2xZ2,Trivial,[],{}
40,350,True,54,[30],True,Z2xZ2,Z2xZ2,['Z2xZ2'],{30: 54}
40,354,True,108,[34],True,Z2xZ2,Z2,['Z2'],{34: 108}
40,360,True,54,[40],True,Z2xZ2,Z2xZ2,['Z2xZ2'],{40: 54}
40,370,True,54,[20],True,Z2xZ2,Z2xZ2,['Z2xZ2'],{20: 54}
40,380,True,54,[40],True,Z2xZ2,Z2xZ2,['Z2xZ2'],{40: 54}
40,390,True,54,[30],True,Z2xZ2,Z2xZ2,['Z2xZ2'],{30: 54}
40,394,True,108,[34],True,Z2xZ2,Z2,['Z2'],{34: 108}
40,400,True,54,[20],True,Z2xZ2,Z2xZ2,['Z2xZ2'],{20: 54}
40,410,True,54,[10],True,Z2xZ2,Z2xZ2,['Z2xZ2'],{10: 54}
40,420,True,54,[10],True,Z2xZ2,Z2xZ2,['Z2xZ2'],{10: 54}
40,430,True,54,[0],True,Z2xZ2,Z2xZ2,['(Z2)^3'],{0: 54}
40,434,True,108,[4],True,Z2xZ2,Z2,['Z2xZ2'],{4: 108}
40,440,True,108,[95],True,Z2xZ2,Z2,['Z2'],{95: 108}
40,500,True,108,[95],True,Z2xZ2,Z2,['Z2'],{95: 108}
40,560,True,108,[50],True,Z2xZ2,Z2,['Z2xZ2'],{50: 108}
40,980,False,0,[],False,Z2xZ2,Z2xZ2,[],{}
40,982,False,0,[],False,Z2xZ2,Z2xZ2,[],{}
40,984,False,0,[],False,Z2xZ2,Z2xZ2,[],{}
40,986,False,0,[],False,Z2xZ2,Z2,[],{}
40,995,False,0,[],False,Z2xZ2,Z2,[],{}
40,1010,False,0,[],False,Z2xZ2,Z2,[],{}
40,1025,False,0,[],False,Z2xZ2,Z2,[],{}
40,1031,False,0,[],False,Z2xZ2,Trivial,[],{}
40,1040,False,0,[],False,Z2xZ2,Z2,[],{}
40,1055,False,0,[],False,Z2xZ2,Z2xZ2,[],{}
40,1057,False,0,[],False,Z2xZ2,Z2xZ2,[],{}
40,1059,False,0,[],False,Z2xZ2,Z2xZ2,[],{}
40,1100,False,0,[],False,Z2xZ2,Z2,[],{}
40,1130,False,0,[],False,Z2xZ2,Z2xZ2,[],{}
40,1132,False,0,[],False,Z2xZ2,Z2xZ2,[],{}
40,1134,False,0,[],False,Z2xZ2,Z2xZ2,[],{}
40,1175,False,0,[],False,Z2xZ2,Z2,[],{}
50,0,False,0,[],False,Z2xZ2,(Z2)^3,[],{}
50,1,False,0,[],False,Z2xZ2,Z2xZ2,[],{}
50,2,False,0,[],False,Z2xZ2,Z2xZ2,[],{}
50,4,False,0,[],False,Z2xZ2,Z2xZ2,[],{}
50,5,False,0,[],False,Z2xZ2,Z2xZ2,[],{}
50,6,False,0,[],False,Z2xZ2,Z2xZ2,[],{}
50,10,False,0,[],False,Z2xZ2,Z2xZ2,[],{}
50,20,False,0,[],False,Z2xZ2,Z2xZ2,[],{}
50,30,False,0,[],False,Z2xZ2,Z2xZ2,[],{}
50,34,False,0,[],False,Z2xZ2,Z2,[],{}
50,40,False,0,[],False,Z2xZ2,Z2xZ2,[],{}
50,50,False,0,[],False,Z2xZ2,Z2xZ2,[],{}
50,52,False,0,[],False,Z2xZ2,Z2xZ2,[],{}
50,54,False,0,[],False,Z2xZ2,Z2xZ2,[],{}
50,95,False,0,[],False,Z2xZ2,Z2,[],{}
50,125,False,0,[],False,Z2xZ2,Z2xZ2,[],{}
50,126,False,0,[],False,Z2xZ2,Z2xZ2,[],{}
50,127,False,0,[],False,Z2xZ2,Z2xZ2,[],{}
50,131,False,0,[],False,Z2xZ2,Z2xZ2,[],{}
50,132,False,0,[],False,Z2xZ2,Z2xZ2,[],{}
50,133,False,0,[],False,Z2xZ2,Z2xZ2,[],{}
50,137,False,0,[],False,Z2xZ2,Z2xZ2,[],{}
50,138,False,0,[],False,Z2xZ2,Z2xZ2,[],{}
50,139,False,0,[],False,Z2xZ2,Z2xZ2,[],{}
50,143,False,0,[],False,Z2xZ2,Z2,[],{}
50,161,False,0,[],False,Z2xZ2,Z2,[],{}
50,179,False,0,[],False,Z2xZ2,Z2,[],{}
50,185,False,0,[],False,Z2xZ2,Z2,[],{}
50,191,False,0,[],False,Z2xZ2,Z2,[],{}
50,197,False,0,[],False,Z2xZ2,Z2,[],{}
50,215,False,0,[],False,Z2xZ2,Z2,[],{}
50,296,False,0,[],False,Z2xZ2,Trivial,[],{}
50,350,False,0,[],False,Z2xZ2,Z2xZ2,[],{}
50,354,False,0,[],False,Z2xZ2,Z2,[],{}
50,360,False,0,[],False,Z2xZ2,Z2xZ2,[],{}
50,370,False,0,[],False,Z2xZ2,Z2xZ2,[],{}
50,380,False,0,[],False,Z2xZ2,Z2xZ2,[],{}
50,390,False,0,[],False,Z2xZ2,Z2xZ2,[],{}
50,394,False,0,[],False,Z2xZ2,Z2,[],{}
50,400,False,0,[],False,Z2xZ2,Z2xZ2,[],{}
50,410,False,0,[],False,Z2xZ2,Z2xZ2,[],{}
50,420,False,0,[],False,Z2xZ2,Z2xZ2,[],{}
50,430,False,0,[],False,Z2xZ2,Z2xZ2,[],{}
50,434,False,0,[],False,Z2xZ2,Z2,[],{}
50,440,False,0,[],False,Z2xZ2,Z2,[],{}
50,500,False,0,[],False,Z2xZ2,Z2,[],{}
50,560,False,0,[],False,Z2xZ2,Z2,[],{}
50,980,True,54,[0],True,Z2xZ2,Z2xZ2,['(Z2)^3'],{0: 54}
50,982,False,0,[],False,Z2xZ2,Z2xZ2,[],{}
50,984,False,0,[],False,Z2xZ2,Z2xZ2,[],{}
50,986,True,108,[4],True,Z2xZ2,Z2,['Z2xZ2'],{4: 108}
50,995,True,108,[10],True,Z2xZ2,Z2,['Z2xZ2'],{10: 108}
50,1010,True,108,[20],True,Z2xZ2,Z2,['Z2xZ2'],{20: 108}
50,1025,True,108,[30],True,Z2xZ2,Z2,['Z2xZ2'],{30: 108}
50,1031,True,216,[34],True,Z2xZ2,Trivial,['Z2'],{34: 216}
50,1040,True,108,[40],True,Z2xZ2,Z2,['Z2xZ2'],{40: 108}
50,1055,True,54,[50],True,Z2xZ2,Z2xZ2,['Z2xZ2'],{50: 54}
50,1057,False,0,[],False,Z2xZ2,Z2xZ2,[],{}
50,1059,False,0,[],False,Z2xZ2,Z2xZ2,[],{}
50,1100,True,108,[95],True,Z2xZ2,Z2,['Z2'],{95: 108}
50,1130,True,54,[50],True,Z2xZ2,Z2xZ2,['Z2xZ2'],{50: 54}
50,1132,False,0,[],False,Z2xZ2,Z2xZ2,[],{}
50,1134,False,0,[],False,Z2xZ2,Z2xZ2,[],{}
50,1175,True,108,[95],True,Z2xZ2,Z2,['Z2'],{95: 108}
52,0,False,0,[],False,Z2xZ2,(Z2)^3,[],{}
52,1,False,0,[],False,Z2xZ2,Z2xZ2,[],{}
52,2,False,0,[],False,Z2xZ2,Z2xZ2,[],{}
52,4,False,0,[],False,Z2xZ2,Z2xZ2,[],{}
52,5,False,0,[],False,Z2xZ2,Z2xZ2,[],{}
52,6,False,0,[],False,Z2xZ2,Z2xZ2,[],{}
52,10,False,0,[],False,Z2xZ2,Z2xZ2,[],{}
52,20,False,0,[],False,Z2xZ2,Z2xZ2,[],{}
52,30,False,0,[],False,Z2xZ2,Z2xZ2,[],{}
52,34,False,0,[],False,Z2xZ2,Z2,[],{}
52,40,False,0,[],False,Z2xZ2,Z2xZ2,[],{}
52,50,False,0,[],False,Z2xZ2,Z2xZ2,[],{}
52,52,False,0,[],False,Z2xZ2,Z2xZ2,[],{}
52,54,False,0,[],False,Z2xZ2,Z2xZ2,[],{}
52,95,False,0,[],False,Z2xZ2,Z2,[],{}
52,125,False,0,[],False,Z2xZ2,Z2xZ2,[],{}
52,126,False,0,[],False,Z2xZ2,Z2xZ2,[],{}
52,127,False,0,[],False,Z2xZ2,Z2xZ2,[],{}
52,131,False,0,[],False,Z2xZ2,Z2xZ2,[],{}
52,132,False,0,[],False,Z2xZ2,Z2xZ2,[],{}
52,133,False,0,[],False,Z2xZ2,Z2xZ2,[],{}
52,137,False,0,[],False,Z2xZ2,Z2xZ2,[],{}
52,138,False,0,[],False,Z2xZ2,Z2xZ2,[],{}
52,139,False,0,[],False,Z2xZ2,Z2xZ2,[],{}
52,143,False,0,[],False,Z2xZ2,Z2,[],{}
52,161,False,0,[],False,Z2xZ2,Z2,[],{}
52,179,False,0,[],False,Z2xZ2,Z2,[],{}
52,185,False,0,[],False,Z2xZ2,Z2,[],{}
52,191,False,0,[],False,Z2xZ2,Z2,[],{}
52,197,False,0,[],False,Z2xZ2,Z2,[],{}
52,215,False,0,[],False,Z2xZ2,Z2,[],{}
52,296,False,0,[],False,Z2xZ2,Trivial,[],{}
52,350,False,0,[],False,Z2xZ2,Z2xZ2,[],{}
52,354,False,0,[],False,Z2xZ2,Z2,[],{}
52,360,False,0,[],False,Z2xZ2,Z2xZ2,[],{}
52,370,False,0,[],False,Z2xZ2,Z2xZ2,[],{}
52,380,False,0,[],False,Z2xZ2,Z2xZ2,[],{}
52,390,False,0,[],False,Z2xZ2,Z2xZ2,[],{}
52,394,False,0,[],False,Z2xZ2,Z2,[],{}
52,400,False,0,[],False,Z2xZ2,Z2xZ2,[],{}
52,410,False,0,[],False,Z2xZ2,Z2xZ2,[],{}
52,420,False,0,[],False,Z2xZ2,Z2xZ2,[],{}
52,430,False,0,[],False,Z2xZ2,Z2xZ2,[],{}
52,434,False,0,[],False,Z2xZ2,Z2,[],{}
52,440,False,0,[],False,Z2xZ2,Z2,[],{}
52,500,False,0,[],False,Z2xZ2,Z2,[],{}
52,560,False,0,[],False,Z2xZ2,Z2,[],{}
52,980,False,0,[],False,Z2xZ2,Z2xZ2,[],{}
52,982,True,54,[2],True,Z2xZ2,Z2xZ2,['Z2xZ2'],{2: 54}
52,984,False,0,[],False,Z2xZ2,Z2xZ2,[],{}
52,986,False,0,[],False,Z2xZ2,Z2,[],{}
52,995,False,0,[],False,Z2xZ2,Z2,[],{}
52,1010,False,0,[],False,Z2xZ2,Z2,[],{}
52,1025,False,0,[],False,Z2xZ2,Z2,[],{}
52,1031,False,0,[],False,Z2xZ2,Trivial,[],{}
52,1040,False,0,[],False,Z2xZ2,Z2,[],{}
52,1055,False,0,[],False,Z2xZ2,Z2xZ2,[],{}
52,1057,True,54,[52],True,Z2xZ2,Z2xZ2,['Z2xZ2'],{52: 54}
52,1059,False,0,[],False,Z2xZ2,Z2xZ2,[],{}
52,1100,False,0,[],False,Z2xZ2,Z2,[],{}
52,1130,False,0,[],False,Z2xZ2,Z2xZ2,[],{}
52,1132,True,54,[54],True,Z2xZ2,Z2xZ2,['Z2xZ2'],{54: 54}
52,1134,False,0,[],False,Z2xZ2,Z2xZ2,[],{}
52,1175,False,0,[],False,Z2xZ2,Z2,[],{}
54,0,False,0,[],False,Z2xZ2,(Z2)^3,[],{}
54,1,False,0,[],False,Z2xZ2,Z2xZ2,[],{}
54,2,False,0,[],False,Z2xZ2,Z2xZ2,[],{}
54,4,False,0,[],False,Z2xZ2,Z2xZ2,[],{}
54,5,False,0,[],False,Z2xZ2,Z2xZ2,[],{}
54,6,False,0,[],False,Z2xZ2,Z2xZ2,[],{}
54,10,False,0,[],False,Z2xZ2,Z2xZ2,[],{}
54,20,False,0,[],False,Z2xZ2,Z2xZ2,[],{}
54,30,False,0,[],False,Z2xZ2,Z2xZ2,[],{}
54,34,False,0,[],False,Z2xZ2,Z2,[],{}
54,40,False,0,[],False,Z2xZ2,Z2xZ2,[],{}
54,50,False,0,[],False,Z2xZ2,Z2xZ2,[],{}
54,52,False,0,[],False,Z2xZ2,Z2xZ2,[],{}
54,54,False,0,[],False,Z2xZ2,Z2xZ2,[],{}
54,95,False,0,[],False,Z2xZ2,Z2,[],{}
54,125,False,0,[],False,Z2xZ2,Z2xZ2,[],{}
54,126,False,0,[],False,Z2xZ2,Z2xZ2,[],{}
54,127,False,0,[],False,Z2xZ2,Z2xZ2,[],{}
54,131,False,0,[],False,Z2xZ2,Z2xZ2,[],{}
54,132,False,0,[],False,Z2xZ2,Z2xZ2,[],{}
54,133,False,0,[],False,Z2xZ2,Z2xZ2,[],{}
54,137,False,0,[],False,Z2xZ2,Z2xZ2,[],{}
54,138,False,0,[],False,Z2xZ2,Z2xZ2,[],{}
54,139,False,0,[],False,Z2xZ2,Z2xZ2,[],{}
54,143,False,0,[],False,Z2xZ2,Z2,[],{}
54,161,False,0,[],False,Z2xZ2,Z2,[],{}
54,179,False,0,[],False,Z2xZ2,Z2,[],{}
54,185,False,0,[],False,Z2xZ2,Z2,[],{}
54,191,False,0,[],False,Z2xZ2,Z2,[],{}
54,197,False,0,[],False,Z2xZ2,Z2,[],{}
54,215,False,0,[],False,Z2xZ2,Z2,[],{}
54,296,False,0,[],False,Z2xZ2,Trivial,[],{}
54,350,False,0,[],False,Z2xZ2,Z2xZ2,[],{}
54,354,False,0,[],False,Z2xZ2,Z2,[],{}
54,360,False,0,[],False,Z2xZ2,Z2xZ2,[],{}
54,370,False,0,[],False,Z2xZ2,Z2xZ2,[],{}
54,380,False,0,[],False,Z2xZ2,Z2xZ2,[],{}
54,390,False,0,[],False,Z2xZ2,Z2xZ2,[],{}
54,394,False,0,[],False,Z2xZ2,Z2,[],{}
54,400,False,0,[],False,Z2xZ2,Z2xZ2,[],{}
54,410,False,0,[],False,Z2xZ2,Z2xZ2,[],{}
54,420,False,0,[],False,Z2xZ2,Z2xZ2,[],{}
54,430,False,0,[],False,Z2xZ2,Z2xZ2,[],{}
54,434,False,0,[],False,Z2xZ2,Z2,[],{}
54,440,False,0,[],False,Z2xZ2,Z2,[],{}
54,500,False,0,[],False,Z2xZ2,Z2,[],{}
54,560,False,0,[],False,Z2xZ2,Z2,[],{}
54,980,False,0,[],False,Z2xZ2,Z2xZ2,[],{}
54,982,False,0,[],False,Z2xZ2,Z2xZ2,[],{}
54,984,True,54,[2],True,Z2xZ2,Z2xZ2,['Z2xZ2'],{2: 54}
54,986,False,0,[],False,Z2xZ2,Z2,[],{}
54,995,False,0,[],False,Z2xZ2,Z2,[],{}
54,1010,False,0,[],False,Z2xZ2,Z2,[],{}
54,1025,False,0,[],False,Z2xZ2,Z2,[],{}
54,1031,False,0,[],False,Z2xZ2,Trivial,[],{}
54,1040,False,0,[],False,Z2xZ2,Z2,[],{}
54,1055,False,0,[],False,Z2xZ2,Z2xZ2,[],{}
54,1057,False,0,[],False,Z2xZ2,Z2xZ2,[],{}
54,1059,True,54,[54],True,Z2xZ2,Z2xZ2,['Z2xZ2'],{54: 54}
54,1100,False,0,[],False,Z2xZ2,Z2,[],{}
54,1130,False,0,[],False,Z2xZ2,Z2xZ2,[],{}
54,1132,False,0,[],False,Z2xZ2,Z2xZ2,[],{}
54,1134,True,54,[52],True,Z2xZ2,Z2xZ2,['Z2xZ2'],{52: 54}
54,1175,False,0,[],False,Z2xZ2,Z2,[],{}
95,0,False,0,[],False,Z2,(Z2)^3,[],{}
95,1,False,0,[],False,Z2,Z2xZ2,[],{}
95,2,False,0,[],False,Z2,Z2xZ2,[],{}
95,4,False,0,[],False,Z2,Z2xZ2,[],{}
95,5,False,0,[],False,Z2,Z2xZ2,[],{}
95,6,False,0,[],False,Z2,Z2xZ2,[],{}
95,10,False,0,[],False,Z2,Z2xZ2,[],{}
95,20,False,0,[],False,Z2,Z2xZ2,[],{}
95,30,False,0,[],False,Z2,Z2xZ2,[],{}
95,34,False,0,[],False,Z2,Z2,[],{}
95,40,False,0,[],False,Z2,Z2xZ2,[],{}
95,50,False,0,[],False,Z2,Z2xZ2,[],{}
95,52,False,0,[],False,Z2,Z2xZ2,[],{}
95,54,False,0,[],False,Z2,Z2xZ2,[],{}
95,95,False,0,[],False,Z2,Z2,[],{}
95,125,False,0,[],False,Z2,Z2xZ2,[],{}
95,126,False,0,[],False,Z2,Z2xZ2,[],{}
95,127,False,0,[],False,Z2,Z2xZ2,[],{}
95,131,False,0,[],False,Z2,Z2xZ2,[],{}
95,132,False,0,[],False,Z2,Z2xZ2,[],{}
95,133,False,0,[],False,Z2,Z2xZ2,[],{}
95,137,False,0,[],False,Z2,Z2xZ2,[],{}
95,138,False,0,[],False,Z2,Z2xZ2,[],{}
95,139,False,0,[],False,Z2,Z2xZ2,[],{}
95,143,False,0,[],False,Z2,Z2,[],{}
95,161,False,0,[],False,Z2,Z2,[],{}
95,179,False,0,[],False,Z2,Z2,[],{}
95,185,False,0,[],False,Z2,Z2,[],{}
95,191,False,0,[],False,Z2,Z2,[],{}
95,197,False,0,[],False,Z2,Z2,[],{}
95,215,False,0,[],False,Z2,Z2,[],{}
95,296,False,0,[],False,Z2,Trivial,[],{}
95,350,False,0,[],False,Z2,Z2xZ2,[],{}
95,354,False,0,[],False,Z2,Z2,[],{}
95,360,False,0,[],False,Z2,Z2xZ2,[],{}
95,370,False,0,[],False,Z2,Z2xZ2,[],{}
95,380,False,0,[],False,Z2,Z2xZ2,[],{}
95,390,False,0,[],False,Z2,Z2xZ2,[],{}
95,394,False,0,[],False,Z2,Z2,[],{}
95,400,False,0,[],False,Z2,Z2xZ2,[],{}
95,410,False,0,[],False,Z2,Z2xZ2,[],{}
95,420,False,0,[],False,Z2,Z2xZ2,[],{}
95,430,False,0,[],False,Z2,Z2xZ2,[],{}
95,434,False,0,[],False,Z2,Z2,[],{}
95,440,False,0,[],False,Z2,Z2,[],{}
95,500,False,0,[],False,Z2,Z2,[],{}
95,560,False,0,[],False,Z2,Z2,[],{}
95,980,True,108,[30],True,Z2,Z2xZ2,['Z2xZ2'],{30: 108}
95,982,False,0,[],False,Z2,Z2xZ2,[],{}
95,984,False,0,[],False,Z2,Z2xZ2,[],{}
95,986,True,216,[34],True,Z2,Z2,['Z2'],{34: 216}
95,995,True,216,"[20, 40]",False,Z2,Z2,['Z2xZ2'],"{20: 108, 40: 108}"
95,1010,True,216,"[10, 40]",False,Z2,Z2,['Z2xZ2'],"{10: 108, 40: 108}"
95,1025,True,216,"[0, 30]",False,Z2,Z2,"['(Z2)^3', 'Z2xZ2']","{0: 108, 30: 108}"
95,1031,True,432,"[4, 34]",False,Z2,Trivial,"['Z2', 'Z2xZ2']","{4: 216, 34: 216}"
95,1040,True,216,"[10, 20]",False,Z2,Z2,['Z2xZ2'],"{10: 108, 20: 108}"
95,1055,True,108,[95],True,Z2,Z2xZ2,['Z2'],{95: 108}
95,1057,False,0,[],False,Z2,Z2xZ2,[],{}
95,1059,False,0,[],False,Z2,Z2xZ2,[],{}
95,1100,True,216,"[50, 95]",False,Z2,Z2,"['Z2', 'Z2xZ2']","{50: 108, 95: 108}"
95,1130,True,108,[95],True,Z2,Z2xZ2,['Z2'],{95: 108}
95,1132,False,0,[],False,Z2,Z2xZ2,[],{}
95,1134,False,0,[],False,Z2,Z2xZ2,[],{}
95,1175,True,216,"[50, 95]",False,Z2,Z2,"['Z2', 'Z2xZ2']","{50: 108, 95: 108}"
125,0,True,54,[125],True,Z2xZ2,(Z2)^3,['Z2xZ2'],{125: 54}
125,1,False,0,[],False,Z2xZ2,Z2xZ2,[],{}
125,2,False,0,[],False,Z2xZ2,Z2xZ2,[],{}
125,4,True,108,"[131, 137]",False,Z2xZ2,Z2xZ2,['Z2xZ2'],"{131: 54, 137: 54}"
125,5,False,0,[],False,Z2xZ2,Z2xZ2,[],{}
125,6,False,0,[],False,Z2xZ2,Z2xZ2,[],{}
125,10,True,108,[143],True,Z2xZ2,Z2xZ2,['Z2'],{143: 108}
125,20,True,108,[161],True,Z2xZ2,Z2xZ2,['Z2'],{161: 108}
125,30,True,108,[179],True,Z2xZ2,Z2xZ2,['Z2'],{179: 108}
125,34,True,216,"[185, 191]",False,Z2xZ2,Z2,['Z2'],"{185: 108, 191: 108}"
125,40,True,108,[197],True,Z2xZ2,Z2xZ2,['Z2'],{197: 108}
125,50,True,108,[215],True,Z2xZ2,Z2xZ2,['Z2'],{215: 108}
125,52,False,0,[],False,Z2xZ2,Z2xZ2,[],{}
125,54,False,0,[],False,Z2xZ2,Z2xZ2,[],{}
125,95,True,216,[296],True,Z2xZ2,Z2,['Trivial'],{296: 216}
125,125,False,0,[],False,Z2xZ2,Z2xZ2,[],{}
125,126,False,0,[],False,Z2xZ2,Z2xZ2,[],{}
125,127,False,0,[],False,Z2xZ2,Z2xZ2,[],{}
125,131,False,0,[],False,Z2xZ2,Z2xZ2,[],{}
125,132,False,0,[],False,Z2xZ2,Z2xZ2,[],{}
125,133,False,0,[],False,Z2xZ2,Z2xZ2,[],{}
125,137,False,0,[],False,Z2xZ2,Z2xZ2,[],{}
125,138,False,0,[],False,Z2xZ2,Z2xZ2,[],{}
125,139,False,0,[],False,Z2xZ2,Z2xZ2,[],{}
125,143,False,0,[],False,Z2xZ2,Z2,[],{}
125,161,False,0,[],False,Z2xZ2,Z2,[],{}
125,179,False,0,[],False,Z2xZ2,Z2,[],{}
125,185,False,0,[],False,Z2xZ2,Z2,[],{}
125,191,False,0,[],False,Z2xZ2,Z2,[],{}
125,197,False,0,[],False,Z2xZ2,Z2,[],{}
125,215,False,0,[],False,Z2xZ2,Z2,[],{}
125,296,False,0,[],False,Z2xZ2,Trivial,[],{}
125,350,False,0,[],False,Z2xZ2,Z2xZ2,[],{}
125,354,False,0,[],False,Z2xZ2,Z2,[],{}
125,360,False,0,[],False,Z2xZ2,Z2xZ2,[],{}
125,370,False,0,[],False,Z2xZ2,Z2xZ2,[],{}
125,380,False,0,[],False,Z2xZ2,Z2xZ2,[],{}
125,390,False,0,[],False,Z2xZ2,Z2xZ2,[],{}
125,394,False,0,[],False,Z2xZ2,Z2,[],{}
125,400,False,0,[],False,Z2xZ2,Z2xZ2,[],{}
125,410,False,0,[],False,Z2xZ2,Z2xZ2,[],{}
125,420,False,0,[],False,Z2xZ2,Z2xZ2,[],{}
125,430,False,0,[],False,Z2xZ2,Z2xZ2,[],{}
125,434,False,0,[],False,Z2xZ2,Z2,[],{}
125,440,False,0,[],False,Z2xZ2,Z2,[],{}
125,500,False,0,[],False,Z2xZ2,Z2,[],{}
125,560,False,0,[],False,Z2xZ2,Z2,[],{}
125,980,False,0,[],False,Z2xZ2,Z2xZ2,[],{}
125,982,False,0,[],False,Z2xZ2,Z2xZ2,[],{}
125,984,False,0,[],False,Z2xZ2,Z2xZ2,[],{}
125,986,False,0,[],False,Z2xZ2,Z2,[],{}
125,995,False,0,[],False,Z2xZ2,Z2,[],{}
125,1010,False,0,[],False,Z2xZ2,Z2,[],{}
125,1025,False,0,[],False,Z2xZ2,Z2,[],{}
125,1031,False,0,[],False,Z2xZ2,Trivial,[],{}
125,1040,False,0,[],False,Z2xZ2,Z2,[],{}
125,1055,False,0,[],False,Z2xZ2,Z2xZ2,[],{}
125,1057,False,0,[],False,Z2xZ2,Z2xZ2,[],{}
125,1059,False,0,[],False,Z2xZ2,Z2xZ2,[],{}
125,1100,False,0,[],False,Z2xZ2,Z2,[],{}
125,1130,False,0,[],False,Z2xZ2,Z2xZ2,[],{}
125,1132,False,0,[],False,Z2xZ2,Z2xZ2,[],{}
125,1134,False,0,[],False,Z2xZ2,Z2xZ2,[],{}
125,1175,False,0,[],False,Z2xZ2,Z2,[],{}
126,0,False,0,[],False,Z2xZ2,(Z2)^3,[],{}
126,1,True,54,[126],True,Z2xZ2,Z2xZ2,['Z2xZ2'],{126: 54}
126,2,False,0,[],False,Z2xZ2,Z2xZ2,[],{}
126,4,False,0,[],False,Z2xZ2,Z2xZ2,[],{}
126,5,True,54,[132],True,Z2xZ2,Z2xZ2,['Z2xZ2'],{132: 54}
126,6,True,54,[138],True,Z2xZ2,Z2xZ2,['Z2xZ2'],{138: 54}
126,10,False,0,[],False,Z2xZ2,Z2xZ2,[],{}
126,20,False,0,[],False,Z2xZ2,Z2xZ2,[],{}
126,30,False,0,[],False,Z2xZ2,Z2xZ2,[],{}
126,34,False,0,[],False,Z2xZ2,Z2,[],{}
126,40,False,0,[],False,Z2xZ2,Z2xZ2,[],{}
126,50,False,0,[],False,Z2xZ2,Z2xZ2,[],{}
126,52,False,0,[],False,Z2xZ2,Z2xZ2,[],{}
126,54,False,0,[],False,Z2xZ2,Z2xZ2,[],{}
126,95,False,0,[],False,Z2xZ2,Z2,[],{}
126,125,False,0,[],False,Z2xZ2,Z2xZ2,[],{}
126,126,False,0,[],False,Z2xZ2,Z2xZ2,[],{}
126,127,False,0,[],False,Z2xZ2,Z2xZ2,[],{}
126,131,False,0,[],False,Z2xZ2,Z2xZ2,[],{}
126,132,False,0,[],False,Z2xZ2,Z2xZ2,[],{}
126,133,False,0,[],False,Z2xZ2,Z2xZ2,[],{}
126,137,False,0,[],False,Z2xZ2,Z2xZ2,[],{}
126,138,False,0,[],False,Z2xZ2,Z2xZ2,[],{}
126,139,False,0,[],False,Z2xZ2,Z2xZ2,[],{}
126,143,False,0,[],False,Z2xZ2,Z2,[],{}
126,161,False,0,[],False,Z2xZ2,Z2,[],{}
126,179,False,0,[],False,Z2xZ2,Z2,[],{}
126,185,False,0,[],False,Z2xZ2,Z2,[],{}
126,191,False,0,[],False,Z2xZ2,Z2,[],{}
126,197,False,0,[],False,Z2xZ2,Z2,[],{}
126,215,False,0,[],False,Z2xZ2,Z2,[],{}
126,296,False,0,[],False,Z2xZ2,Trivial,[],{}
126,350,False,0,[],False,Z2xZ2,Z2xZ2,[],{}
126,354,False,0,[],False,Z2xZ2,Z2,[],{}
126,360,False,0,[],False,Z2xZ2,Z2xZ2,[],{}
126,370,False,0,[],False,Z2xZ2,Z2xZ2,[],{}
126,380,False,0,[],False,Z2xZ2,Z2xZ2,[],{}
126,390,False,0,[],False,Z2xZ2,Z2xZ2,[],{}
126,394,False,0,[],False,Z2xZ2,Z2,[],{}
126,400,False,0,[],False,Z2xZ2,Z2xZ2,[],{}
126,410,False,0,[],False,Z2xZ2,Z2xZ2,[],{}
126,420,False,0,[],False,Z2xZ2,Z2xZ2,[],{}
126,430,False,0,[],False,Z2xZ2,Z2xZ2,[],{}
126,434,False,0,[],False,Z2xZ2,Z2,[],{}
126,440,False,0,[],False,Z2xZ2,Z2,[],{}
126,500,False,0,[],False,Z2xZ2,Z2,[],{}
126,560,False,0,[],False,Z2xZ2,Z2,[],{}
126,980,False,0,[],False,Z2xZ2,Z2xZ2,[],{}
126,982,False,0,[],False,Z2xZ2,Z2xZ2,[],{}
126,984,False,0,[],False,Z2xZ2,Z2xZ2,[],{}
126,986,False,0,[],False,Z2xZ2,Z2,[],{}
126,995,False,0,[],False,Z2xZ2,Z2,[],{}
126,1010,False,0,[],False,Z2xZ2,Z2,[],{}
126,1025,False,0,[],False,Z2xZ2,Z2,[],{}
126,1031,False,0,[],False,Z2xZ2,Trivial,[],{}
126,1040,False,0,[],False,Z2xZ2,Z2,[],{}
126,1055,False,0,[],False,Z2xZ2,Z2xZ2,[],{}
126,1057,False,0,[],False,Z2xZ2,Z2xZ2,[],{}
126,1059,False,0,[],False,Z2xZ2,Z2xZ2,[],{}
126,1100,False,0,[],False,Z2xZ2,Z2,[],{}
126,1130,False,0,[],False,Z2xZ2,Z2xZ2,[],{}
126,1132,False,0,[],False,Z2xZ2,Z2xZ2,[],{}
126,1134,False,0,[],False,Z2xZ2,Z2xZ2,[],{}
126,1175,False,0,[],False,Z2xZ2,Z2,[],{}
127,0,False,0,[],False,Z2xZ2,(Z2)^3,[],{}
127,1,True,54,[127],True,Z2xZ2,Z2xZ2,['Z2xZ2'],{127: 54}
127,2,False,0,[],False,Z2xZ2,Z2xZ2,[],{}
127,4,False,0,[],False,Z2xZ2,Z2xZ2,[],{}
127,5,True,54,[139],True,Z2xZ2,Z2xZ2,['Z2xZ2'],{139: 54}
127,6,True,54,[133],True,Z2xZ2,Z2xZ2,['Z2xZ2'],{133: 54}
127,10,False,0,[],False,Z2xZ2,Z2xZ2,[],{}
127,20,False,0,[],False,Z2xZ2,Z2xZ2,[],{}
127,30,False,0,[],False,Z2xZ2,Z2xZ2,[],{}
127,34,False,0,[],False,Z2xZ2,Z2,[],{}
127,40,False,0,[],False,Z2xZ2,Z2xZ2,[],{}
127,50,False,0,[],False,Z2xZ2,Z2xZ2,[],{}
127,52,False,0,[],False,Z2xZ2,Z2xZ2,[],{}
127,54,False,0,[],False,Z2xZ2,Z2xZ2,[],{}
127,95,False,0,[],False,Z2xZ2,Z2,[],{}
127,125,False,0,[],False,Z2xZ2,Z2xZ2,[],{}
127,126,False,0,[],False,Z2xZ2,Z2xZ2,[],{}
127,127,False,0,[],False,Z2xZ2,Z2xZ2,[],{}
127,131,False,0,[],False,Z2xZ2,Z2xZ2,[],{}
127,132,False,0,[],False,Z2xZ2,Z2xZ2,[],{}
127,133,False,0,[],False,Z2xZ2,Z2xZ2,[],{}
127,137,False,0,[],False,Z2xZ2,Z2xZ2,[],{}
127,138,False,0,[],False,Z2xZ2,Z2xZ2,[],{}
127,139,False,0,[],False,Z2xZ2,Z2xZ2,[],{}
127,143,False,0,[],False,Z2xZ2,Z2,[],{}
127,161,False,0,[],False,Z2xZ2,Z2,[],{}
127,179,False,0,[],False,Z2xZ2,Z2,[],{}
127,185,False,0,[],False,Z2xZ2,Z2,[],{}
127,191,False,0,[],False,Z2xZ2,Z2,[],{}
127,197,False,0,[],False,Z2xZ2,Z2,[],{}
127,215,False,0,[],False,Z2xZ2,Z2,[],{}
127,296,False,0,[],False,Z2xZ2,Trivial,[],{}
127,350,False,0,[],False,Z2xZ2,Z2xZ2,[],{}
127,354,False,0,[],False,Z2xZ2,Z2,[],{}
127,360,False,0,[],False,Z2xZ2,Z2xZ2,[],{}
127,370,False,0,[],False,Z2xZ2,Z2xZ2,[],{}
127,380,False,0,[],False,Z2xZ2,Z2xZ2,[],{}
127,390,False,0,[],False,Z2xZ2,Z2xZ2,[],{}
127,394,False,0,[],False,Z2xZ2,Z2,[],{}
127,400,False,0,[],False,Z2xZ2,Z2xZ2,[],{}
127,410,False,0,[],False,Z2xZ2,Z2xZ2,[],{}
127,420,False,0,[],False,Z2xZ2,Z2xZ2,[],{}
127,430,False,0,[],False,Z2xZ2,Z2xZ2,[],{}
127,434,False,0,[],False,Z2xZ2,Z2,[],{}
127,440,False,0,[],False,Z2xZ2,Z2,[],{}
127,500,False,0,[],False,Z2xZ2,Z2,[],{}
127,560,False,0,[],False,Z2xZ2,Z2,[],{}
127,980,False,0,[],False,Z2xZ2,Z2xZ2,[],{}
127,982,False,0,[],False,Z2xZ2,Z2xZ2,[],{}
127,984,False,0,[],False,Z2xZ2,Z2xZ2,[],{}
127,986,False,0,[],False,Z2xZ2,Z2,[],{}
127,995,False,0,[],False,Z2xZ2,Z2,[],{}
127,1010,False,0,[],False,Z2xZ2,Z2,[],{}
127,1025,False,0,[],False,Z2xZ2,Z2,[],{}
127,1031,False,0,[],False,Z2xZ2,Trivial,[],{}
127,1040,False,0,[],False,Z2xZ2,Z2,[],{}
127,1055,False,0,[],False,Z2xZ2,Z2xZ2,[],{}
127,1057,False,0,[],False,Z2xZ2,Z2xZ2,[],{}
127,1059,False,0,[],False,Z2xZ2,Z2xZ2,[],{}
127,1100,False,0,[],False,Z2xZ2,Z2,[],{}
127,1130,False,0,[],False,Z2xZ2,Z2xZ2,[],{}
127,1132,False,0,[],False,Z2xZ2,Z2xZ2,[],{}
127,1134,False,0,[],False,Z2xZ2,Z2xZ2,[],{}
127,1175,False,0,[],False,Z2xZ2,Z2,[],{}
131,0,False,0,[],False,Z2xZ2,(Z2)^3,[],{}
131,1,False,0,[],False,Z2xZ2,Z2xZ2,[],{}
131,2,False,0,[],False,Z2xZ2,Z2xZ2,[],{}
131,4,False,0,[],False,Z2xZ2,Z2xZ2,[],{}
131,5,False,0,[],False,Z2xZ2,Z2xZ2,[],{}
131,6,False,0,[],False,Z2xZ2,Z2xZ2,[],{}
131,10,False,0,[],False,Z2xZ2,Z2xZ2,[],{}
131,20,False,0,[],False,Z2xZ2,Z2xZ2,[],{}
131,30,False,0,[],False,Z2xZ2,Z2xZ2,[],{}
131,34,False,0,[],False,Z2xZ2,Z2,[],{}
131,40,False,0,[],False,Z2xZ2,Z2xZ2,[],{}
131,50,False,0,[],False,Z2xZ2,Z2xZ2,[],{}
131,52,False,0,[],False,Z2xZ2,Z2xZ2,[],{}
131,54,False,0,[],False,Z2xZ2,Z2xZ2,[],{}
131,95,False,0,[],False,Z2xZ2,Z2,[],{}
131,125,True,54,[125],True,Z2xZ2,Z2xZ2,['Z2xZ2'],{125: 54}
131,126,False,0,[],False,Z2xZ2,Z2xZ2,[],{}
131,127,False,0,[],False,Z2xZ2,Z2xZ2,[],{}
131,131,True,54,[131],True,Z2xZ2,Z2xZ2,['Z2xZ2'],{131: 54}
131,132,False,0,[],False,Z2xZ2,Z2xZ2,[],{}
131,133,False,0,[],False,Z2xZ2,Z2xZ2,[],{}
131,137,True,54,[137],True,Z2xZ2,Z2xZ2,['Z2xZ2'],{137: 54}
131,138,False,0,[],False,Z2xZ2,Z2xZ2,[],{}
131,139,False,0,[],False,Z2xZ2,Z2xZ2,[],{}
131,143,True,108,[143],True,Z2xZ2,Z2,['Z2'],{143: 108}
131,161,True,108,[161],True,Z2xZ2,Z2,['Z2'],{161: 108}
131,179,True,108,[179],True,Z2xZ2,Z2,['Z2'],{179: 108}
131,185,True,108,[185],True,Z2xZ2,Z2,['Z2'],{185: 108}
131,191,True,108,[191],True,Z2xZ2,Z2,['Z2'],{191: 108}
131,197,True,108,[197],True,Z2xZ2,Z2,['Z2'],{197: 108}
131,215,True,108,[215],True,Z2xZ2,Z2,['Z2'],{215: 108}
131,296,True,216,[296],True,Z2xZ2,Trivial,['Trivial'],{296: 216}
131,350,False,0,[],False,Z2xZ2,Z2xZ2,[],{}
131,354,False,0,[],False,Z2xZ2,Z2,[],{}
131,360,False,0,[],False,Z2xZ2,Z2xZ2,[],{}
131,370,False,0,[],False,Z2xZ2,Z2xZ2,[],{}
131,380,False,0,[],False,Z2xZ2,Z2xZ2,[],{}
131,390,False,0,[],False,Z2xZ2,Z2xZ2,[],{}
131,394,False,0,[],False,Z2xZ2,Z2,[],{}
131,400,False,0,[],False,Z2xZ2,Z2xZ2,[],{}
131,410,False,0,[],False,Z2xZ2,Z2xZ2,[],{}
131,420,False,0,[],False,Z2xZ2,Z2xZ2,[],{}
131,430,False,0,[],False,Z2xZ2,Z2xZ2,[],{}
131,434,False,0,[],False,Z2xZ2,Z2,[],{}
131,440,False,0,[],False,Z2xZ2,Z2,[],{}
131,500,False,0,[],False,Z2xZ2,Z2,[],{}
131,560,False,0,[],False,Z2xZ2,Z2,[],{}
131,980,False,0,[],False,Z2xZ2,Z2xZ2,[],{}
131,982,False,0,[],False,Z2xZ2,Z2xZ2,[],{}
131,984,False,0,[],False,Z2xZ2,Z2xZ2,[],{}
131,986,False,0,[],False,Z2xZ2,Z2,[],{}
131,995,False,0,[],False,Z2xZ2,Z2,[],{}
131,1010,False,0,[],False,Z2xZ2,Z2,[],{}
131,1025,False,0,[],False,Z2xZ2,Z2,[],{}
131,1031,False,0,[],False,Z2xZ2,Trivial,[],{}
131,1040,False,0,[],False,Z2xZ2,Z2,[],{}
131,1055,False,0,[],False,Z2xZ2,Z2xZ2,[],{}
131,1057,False,0,[],False,Z2xZ2,Z2xZ2,[],{}
131,1059,False,0,[],False,Z2xZ2,Z2xZ2,[],{}
131,1100,False,0,[],False,Z2xZ2,Z2,[],{}
131,1130,False,0,[],False,Z2xZ2,Z2xZ2,[],{}
131,1132,False,0,[],False,Z2xZ2,Z2xZ2,[],{}
131,1134,False,0,[],False,Z2xZ2,Z2xZ2,[],{}
131,1175,False,0,[],False,Z2xZ2,Z2,[],{}
132,0,False,0,[],False,Z2xZ2,(Z2)^3,[],{}
132,1,False,0,[],False,Z2xZ2,Z2xZ2,[],{}
132,2,False,0,[],False,Z2xZ2,Z2xZ2,[],{}
132,4,False,0,[],False,Z2xZ2,Z2xZ2,[],{}
132,5,False,0,[],False,Z2xZ2,Z2xZ2,[],{}
132,6,False,0,[],False,Z2xZ2,Z2xZ2,[],{}
132,10,False,0,[],False,Z2xZ2,Z2xZ2,[],{}
132,20,False,0,[],False,Z2xZ2,Z2xZ2,[],{}
132,30,False,0,[],False,Z2xZ2,Z2xZ2,[],{}
132,34,False,0,[],False,Z2xZ2,Z2,[],{}
132,40,False,0,[],False,Z2xZ2,Z2xZ2,[],{}
132,50,False,0,[],False,Z2xZ2,Z2xZ2,[],{}
132,52,False,0,[],False,Z2xZ2,Z2xZ2,[],{}
132,54,False,0,[],False,Z2xZ2,Z2xZ2,[],{}
132,95,False,0,[],False,Z2xZ2,Z2,[],{}
132,125,False,0,[],False,Z2xZ2,Z2xZ2,[],{}
132,126,True,54,[126],True,Z2xZ2,Z2xZ2,['Z2xZ2'],{126: 54}
132,127,False,0,[],False,Z2xZ2,Z2xZ2,[],{}
132,131,False,0,[],False,Z2xZ2,Z2xZ2,[],{}
132,132,True,54,[132],True,Z2xZ2,Z2xZ2,['Z2xZ2'],{132: 54}
132,133,False,0,[],False,Z2xZ2,Z2xZ2,[],{}
132,137,False,0,[],False,Z2xZ2,Z2xZ2,[],{}
132,138,True,54,[138],True,Z2xZ2,Z2xZ2,['Z2xZ2'],{138: 54}
132,139,False,0,[],False,Z2xZ2,Z2xZ2,[],{}
132,143,False,0,[],False,Z2xZ2,Z2,[],{}
132,161,False,0,[],False,Z2xZ2,Z2,[],{}
132,179,False,0,[],False,Z2xZ2,Z2,[],{}
132,185,False,0,[],False,Z2xZ2,Z2,[],{}
132,191,False,0,[],False,Z2xZ2,Z2,[],{}
132,197,False,0,[],False,Z2xZ2,Z2,[],{}
132,215,False,0,[],False,Z2xZ2,Z2,[],{}
132,296,False,0,[],False,Z2xZ2,Trivial,[],{}
132,350,False,0,[],False,Z2xZ2,Z2xZ2,[],{}
132,354,False,0,[],False,Z2xZ2,Z2,[],{}
132,360,False,0,[],False,Z2xZ2,Z2xZ2,[],{}
132,370,False,0,[],False,Z2xZ2,Z2xZ2,[],{}
132,380,False,0,[],False,Z2xZ2,Z2xZ2,[],{}
132,390,False,0,[],False,Z2xZ2,Z2xZ2,[],{}
132,394,False,0,[],False,Z2xZ2,Z2,[],{}
132,400,False,0,[],False,Z2xZ2,Z2xZ2,[],{}
132,410,False,0,[],False,Z2xZ2,Z2xZ2,[],{}
132,420,False,0,[],False,Z2xZ2,Z2xZ2,[],{}
132,430,False,0,[],False,Z2xZ2,Z2xZ2,[],{}
132,434,False,0,[],False,Z2xZ2,Z2,[],{}
132,440,False,0,[],False,Z2xZ2,Z2,[],{}
132,500,False,0,[],False,Z2xZ2,Z2,[],{}
132,560,False,0,[],False,Z2xZ2,Z2,[],{}
132,980,False,0,[],False,Z2xZ2,Z2xZ2,[],{}
132,982,False,0,[],False,Z2xZ2,Z2xZ2,[],{}
132,984,False,0,[],False,Z2xZ2,Z2xZ2,[],{}
132,986,False,0,[],False,Z2xZ2,Z2,[],{}
132,995,False,0,[],False,Z2xZ2,Z2,[],{}
132,1010,False,0,[],False,Z2xZ2,Z2,[],{}
132,1025,False,0,[],False,Z2xZ2,Z2,[],{}
132,1031,False,0,[],False,Z2xZ2,Trivial,[],{}
132,1040,False,0,[],False,Z2xZ2,Z2,[],{}
132,1055,False,0,[],False,Z2xZ2,Z2xZ2,[],{}
132,1057,False,0,[],False,Z2xZ2,Z2xZ2,[],{}
132,1059,False,0,[],False,Z2xZ2,Z2xZ2,[],{}
132,1100,False,0,[],False,Z2xZ2,Z2,[],{}
132,1130,False,0,[],False,Z2xZ2,Z2xZ2,[],{}
132,1132,False,0,[],False,Z2xZ2,Z2xZ2,[],{}
132,1134,False,0,[],False,Z2xZ2,Z2xZ2,[],{}
132,1175,False,0,[],False,Z2xZ2,Z2,[],{}
133,0,False,0,[],False,Z2xZ2,(Z2)^3,[],{}
133,1,False,0,[],False,Z2xZ2,Z2xZ2,[],{}
133,2,False,0,[],False,Z2xZ2,Z2xZ2,[],{}
133,4,False,0,[],False,Z2xZ2,Z2xZ2,[],{}
133,5,False,0,[],False,Z2xZ2,Z2xZ2,[],{}
133,6,False,0,[],False,Z2xZ2,Z2xZ2,[],{}
133,10,False,0,[],False,Z2xZ2,Z2xZ2,[],{}
133,20,False,0,[],False,Z2xZ2,Z2xZ2,[],{}
133,30,False,0,[],False,Z2xZ2,Z2xZ2,[],{}
133,34,False,0,[],False,Z2xZ2,Z2,[],{}
133,40,False,0,[],False,Z2xZ2,Z2xZ2,[],{}
133,50,False,0,[],False,Z2xZ2,Z2xZ2,[],{}
133,52,False,0,[],False,Z2xZ2,Z2xZ2,[],{}
133,54,False,0,[],False,Z2xZ2,Z2xZ2,[],{}
133,95,False,0,[],False,Z2xZ2,Z2,[],{}
133,125,False,0,[],False,Z2xZ2,Z2xZ2,[],{}
133,126,False,0,[],False,Z2xZ2,Z2xZ2,[],{}
133,127,True,54,[127],True,Z2xZ2,Z2xZ2,['Z2xZ2'],{127: 54}
133,131,False,0,[],False,Z2xZ2,Z2xZ2,[],{}
133,132,False,0,[],False,Z2xZ2,Z2xZ2,[],{}
133,133,True,54,[133],True,Z2xZ2,Z2xZ2,['Z2xZ2'],{133: 54}
133,137,False,0,[],False,Z2xZ2,Z2xZ2,[],{}
133,138,False,0,[],False,Z2xZ2,Z2xZ2,[],{}
133,139,True,54,[139],True,Z2xZ2,Z2xZ2,['Z2xZ2'],{139: 54}
133,143,False,0,[],False,Z2xZ2,Z2,[],{}
133,161,False,0,[],False,Z2xZ2,Z2,[],{}
133,179,False,0,[],False,Z2xZ2,Z2,[],{}
133,185,False,0,[],False,Z2xZ2,Z2,[],{}
133,191,False,0,[],False,Z2xZ2,Z2,[],{}
133,197,False,0,[],False,Z2xZ2,Z2,[],{}
133,215,False,0,[],False,Z2xZ2,Z2,[],{}
133,296,False,0,[],False,Z2xZ2,Trivial,[],{}
133,350,False,0,[],False,Z2xZ2,Z2xZ2,[],{}
133,354,False,0,[],False,Z2xZ2,Z2,[],{}
133,360,False,0,[],False,Z2xZ2,Z2xZ2,[],{}
133,370,False,0,[],False,Z2xZ2,Z2xZ2,[],{}
133,380,False,0,[],False,Z2xZ2,Z2xZ2,[],{}
133,390,False,0,[],False,Z2xZ2,Z2xZ2,[],{}
133,394,False,0,[],False,Z2xZ2,Z2,[],{}
133,400,False,0,[],False,Z2xZ2,Z2xZ2,[],{}
133,410,False,0,[],False,Z2xZ2,Z2xZ2,[],{}
133,420,False,0,[],False,Z2xZ2,Z2xZ2,[],{}
133,430,False,0,[],False,Z2xZ2,Z2xZ2,[],{}
133,434,False,0,[],False,Z2xZ2,Z2,[],{}
133,440,False,0,[],False,Z2xZ2,Z2,[],{}
133,500,False,0,[],False,Z2xZ2,Z2,[],{}
133,560,False,0,[],False,Z2xZ2,Z2,[],{}
133,980,False,0,[],False,Z2xZ2,Z2xZ2,[],{}
133,982,False,0,[],False,Z2xZ2,Z2xZ2,[],{}
133,984,False,0,[],False,Z2xZ2,Z2xZ2,[],{}
133,986,False,0,[],False,Z2xZ2,Z2,[],{}
133,995,False,0,[],False,Z2xZ2,Z2,[],{}
133,1010,False,0,[],False,Z2xZ2,Z2,[],{}
133,1025,False,0,[],False,Z2xZ2,Z2,[],{}
133,1031,False,0,[],False,Z2xZ2,Trivial,[],{}
133,1040,False,0,[],False,Z2xZ2,Z2,[],{}
133,1055,False,0,[],False,Z2xZ2,Z2xZ2,[],{}
133,1057,False,0,[],False,Z2xZ2,Z2xZ2,[],{}
133,1059,False,0,[],False,Z2xZ2,Z2xZ2,[],{}
133,1100,False,0,[],False,Z2xZ2,Z2,[],{}
133,1130,False,0,[],False,Z2xZ2,Z2xZ2,[],{}
133,1132,False,0,[],False,Z2xZ2,Z2xZ2,[],{}
133,1134,False,0,[],False,Z2xZ2,Z2xZ2,[],{}
133,1175,False,0,[],False,Z2xZ2,Z2,[],{}
137,0,False,0,[],False,Z2xZ2,(Z2)^3,[],{}
137,1,False,0,[],False,Z2xZ2,Z2xZ2,[],{}
137,2,False,0,[],False,Z2xZ2,Z2xZ2,[],{}
137,4,False,0,[],False,Z2xZ2,Z2xZ2,[],{}
137,5,False,0,[],False,Z2xZ2,Z2xZ2,[],{}
137,6,False,0,[],False,Z2xZ2,Z2xZ2,[],{}
137,10,False,0,[],False,Z2xZ2,Z2xZ2,[],{}
137,20,False,0,[],False,Z2xZ2,Z2xZ2,[],{}
137,30,False,0,[],False,Z2xZ2,Z2xZ2,[],{}
137,34,False,0,[],False,Z2xZ2,Z2,[],{}
137,40,False,0,[],False,Z2xZ2,Z2xZ2,[],{}
137,50,False,0,[],False,Z2xZ2,Z2xZ2,[],{}
137,52,False,0,[],False,Z2xZ2,Z2xZ2,[],{}
137,54,False,0,[],False,Z2xZ2,Z2xZ2,[],{}
137,95,False,0,[],False,Z2xZ2,Z2,[],{}
137,125,True,54,[125],True,Z2xZ2,Z2xZ2,['Z2xZ2'],{125: 54}
137,126,False,0,[],False,Z2xZ2,Z2xZ2,[],{}
137,127,False,0,[],False,Z2xZ2,Z2xZ2,[],{}
137,131,True,54,[137],True,Z2xZ2,Z2xZ2,['Z2xZ2'],{137: 54}
137,132,False,0,[],False,Z2xZ2,Z2xZ2,[],{}
137,133,False,0,[],False,Z2xZ2,Z2xZ2,[],{}
137,137,True,54,[131],True,Z2xZ2,Z2xZ2,['Z2xZ2'],{131: 54}
137,138,False,0,[],False,Z2xZ2,Z2xZ2,[],{}
137,139,False,0,[],False,Z2xZ2,Z2xZ2,[],{}
137,143,True,108,[143],True,Z2xZ2,Z2,['Z2'],{143: 108}
137,161,True,108,[161],True,Z2xZ2,Z2,['Z2'],{161: 108}
137,179,True,108,[179],True,Z2xZ2,Z2,['Z2'],{179: 108}
137,185,True,108,[191],True,Z2xZ2,Z2,['Z2'],{191: 108}
137,191,True,108,[185],True,Z2xZ2,Z2,['Z2'],{185: 108}
137,197,True,108,[197],True,Z2xZ2,Z2,['Z2'],{197: 108}
137,215,True,108,[215],True,Z2xZ2,Z2,['Z2'],{215: 108}
137,296,True,216,[296],True,Z2xZ2,Trivial,['Trivial'],{296: 216}
137,350,False,0,[],False,Z2xZ2,Z2xZ2,[],{}
137,354,False,0,[],False,Z2xZ2,Z2,[],{}
137,360,False,0,[],False,Z2xZ2,Z2xZ2,[],{}
137,370,False,0,[],False,Z2xZ2,Z2xZ2,[],{}
137,380,False,0,[],False,Z2xZ2,Z2xZ2,[],{}
137,390,False,0,[],False,Z2xZ2,Z2xZ2,[],{}
137,394,False,0,[],False,Z2xZ2,Z2,[],{}
137,400,False,0,[],False,Z2xZ2,Z2xZ2,[],{}
137,410,False,0,[],False,Z2xZ2,Z2xZ2,[],{}
137,420,False,0,[],False,Z2xZ2,Z2xZ2,[],{}
137,430,False,0,[],False,Z2xZ2,Z2xZ2,[],{}
137,434,False,0,[],False,Z2xZ2,Z2,[],{}
137,440,False,0,[],False,Z2xZ2,Z2,[],{}
137,500,False,0,[],False,Z2xZ2,Z2,[],{}
137,560,False,0,[],False,Z2xZ2,Z2,[],{}
137,980,False,0,[],False,Z2xZ2,Z2xZ2,[],{}
137,982,False,0,[],False,Z2xZ2,Z2xZ2,[],{}
137,984,False,0,[],False,Z2xZ2,Z2xZ2,[],{}
137,986,False,0,[],False,Z2xZ2,Z2,[],{}
137,995,False,0,[],False,Z2xZ2,Z2,[],{}
137,1010,False,0,[],False,Z2xZ2,Z2,[],{}
137,1025,False,0,[],False,Z2xZ2,Z2,[],{}
137,1031,False,0,[],False,Z2xZ2,Trivial,[],{}
137,1040,False,0,[],False,Z2xZ2,Z2,[],{}
137,1055,False,0,[],False,Z2xZ2,Z2xZ2,[],{}
137,1057,False,0,[],False,Z2xZ2,Z2xZ2,[],{}
137,1059,False,0,[],False,Z2xZ2,Z2xZ2,[],{}
137,1100,False,0,[],False,Z2xZ2,Z2,[],{}
137,1130,False,0,[],False,Z2xZ2,Z2xZ2,[],{}
137,1132,False,0,[],False,Z2xZ2,Z2xZ2,[],{}
137,1134,False,0,[],False,Z2xZ2,Z2xZ2,[],{}
137,1175,False,0,[],False,Z2xZ2,Z2,[],{}
138,0,False,0,[],False,Z2xZ2,(Z2)^3,[],{}
138,1,False,0,[],False,Z2xZ2,Z2xZ2,[],{}
138,2,False,0,[],False,Z2xZ2,Z2xZ2,[],{}
138,4,False,0,[],False,Z2xZ2,Z2xZ2,[],{}
138,5,False,0,[],False,Z2xZ2,Z2xZ2,[],{}
138,6,False,0,[],False,Z2xZ2,Z2xZ2,[],{}
138,10,False,0,[],False,Z2xZ2,Z2xZ2,[],{}
138,20,False,0,[],False,Z2xZ2,Z2xZ2,[],{}
138,30,False,0,[],False,Z2xZ2,Z2xZ2,[],{}
138,34,False,0,[],False,Z2xZ2,Z2,[],{}
138,40,False,0,[],False,Z2xZ2,Z2xZ2,[],{}
138,50,False,0,[],False,Z2xZ2,Z2xZ2,[],{}
138,52,False,0,[],False,Z2xZ2,Z2xZ2,[],{}
138,54,False,0,[],False,Z2xZ2,Z2xZ2,[],{}
138,95,False,0,[],False,Z2xZ2,Z2,[],{}
138,125,False,0,[],False,Z2xZ2,Z2xZ2,[],{}
138,126,False,0,[],False,Z2xZ2,Z2xZ2,[],{}
138,127,True,54,[126],True,Z2xZ2,Z2xZ2,['Z2xZ2'],{126: 54}
138,131,False,0,[],False,Z2xZ2,Z2xZ2,[],{}
138,132,False,0,[],False,Z2xZ2,Z2xZ2,[],{}
138,133,True,54,[138],True,Z2xZ2,Z2xZ2,['Z2xZ2'],{138: 54}
138,137,False,0,[],False,Z2xZ2,Z2xZ2,[],{}
138,138,False,0,[],False,Z2xZ2,Z2xZ2,[],{}
138,139,True,54,[132],True,Z2xZ2,Z2xZ2,['Z2xZ2'],{132: 54}
138,143,False,0,[],False,Z2xZ2,Z2,[],{}
138,161,False,0,[],False,Z2xZ2,Z2,[],{}
138,179,False,0,[],False,Z2xZ2,Z2,[],{}
138,185,False,0,[],False,Z2xZ2,Z2,[],{}
138,191,False,0,[],False,Z2xZ2,Z2,[],{}
138,197,False,0,[],False,Z2xZ2,Z2,[],{}
138,215,False,0,[],False,Z2xZ2,Z2,[],{}
138,296,False,0,[],False,Z2xZ2,Trivial,[],{}
138,350,False,0,[],False,Z2xZ2,Z2xZ2,[],{}
138,354,False,0,[],False,Z2xZ2,Z2,[],{}
138,360,False,0,[],False,Z2xZ2,Z2xZ2,[],{}
138,370,False,0,[],False,Z2xZ2,Z2xZ2,[],{}
138,380,False,0,[],False,Z2xZ2,Z2xZ2,[],{}
138,390,False,0,[],False,Z2xZ2,Z2xZ2,[],{}
138,394,False,0,[],False,Z2xZ2,Z2,[],{}
138,400,False,0,[],False,Z2xZ2,Z2xZ2,[],{}
138,410,False,0,[],False,Z2xZ2,Z2xZ2,[],{}
138,420,False,0,[],False,Z2xZ2,Z2xZ2,[],{}
138,430,False,0,[],False,Z2xZ2,Z2xZ2,[],{}
138,434,False,0,[],False,Z2xZ2,Z2,[],{}
138,440,False,0,[],False,Z2xZ2,Z2,[],{}
138,500,False,0,[],False,Z2xZ2,Z2,[],{}
138,560,False,0,[],False,Z2xZ2,Z2,[],{}
138,980,False,0,[],False,Z2xZ2,Z2xZ2,[],{}
138,982,False,0,[],False,Z2xZ2,Z2xZ2,[],{}
138,984,False,0,[],False,Z2xZ2,Z2xZ2,[],{}
138,986,False,0,[],False,Z2xZ2,Z2,[],{}
138,995,False,0,[],False,Z2xZ2,Z2,[],{}
138,1010,False,0,[],False,Z2xZ2,Z2,[],{}
138,1025,False,0,[],False,Z2xZ2,Z2,[],{}
138,1031,False,0,[],False,Z2xZ2,Trivial,[],{}
138,1040,False,0,[],False,Z2xZ2,Z2,[],{}
138,1055,False,0,[],False,Z2xZ2,Z2xZ2,[],{}
138,1057,False,0,[],False,Z2xZ2,Z2xZ2,[],{}
138,1059,False,0,[],False,Z2xZ2,Z2xZ2,[],{}
138,1100,False,0,[],False,Z2xZ2,Z2,[],{}
138,1130,False,0,[],False,Z2xZ2,Z2xZ2,[],{}
138,1132,False,0,[],False,Z2xZ2,Z2xZ2,[],{}
138,1134,False,0,[],False,Z2xZ2,Z2xZ2,[],{}
138,1175,False,0,[],False,Z2xZ2,Z2,[],{}
139,0,False,0,[],False,Z2xZ2,(Z2)^3,[],{}
139,1,False,0,[],False,Z2xZ2,Z2xZ2,[],{}
139,2,False,0,[],False,Z2xZ2,Z2xZ2,[],{}
139,4,False,0,[],False,Z2xZ2,Z2xZ2,[],{}
139,5,False,0,[],False,Z2xZ2,Z2xZ2,[],{}
139,6,False,0,[],False,Z2xZ2,Z2xZ2,[],{}
139,10,False,0,[],False,Z2xZ2,Z2xZ2,[],{}
139,20,False,0,[],False,Z2xZ2,Z2xZ2,[],{}
139,30,False,0,[],False,Z2xZ2,Z2xZ2,[],{}
139,34,False,0,[],False,Z2xZ2,Z2,[],{}
139,40,False,0,[],False,Z2xZ2,Z2xZ2,[],{}
139,50,False,0,[],False,Z2xZ2,Z2xZ2,[],{}
139,52,False,0,[],False,Z2xZ2,Z2xZ2,[],{}
139,54,False,0,[],False,Z2xZ2,Z2xZ2,[],{}
139,95,False,0,[],False,Z2xZ2,Z2,[],{}
139,125,False,0,[],False,Z2xZ2,Z2xZ2,[],{}
139,126,True,54,[127],True,Z2xZ2,Z2xZ2,['Z2xZ2'],{127: 54}
139,127,False,0,[],False,Z2xZ2,Z2xZ2,[],{}
139,131,False,0,[],False,Z2xZ2,Z2xZ2,[],{}
139,132,True,54,[139],True,Z2xZ2,Z2xZ2,['Z2xZ2'],{139: 54}
139,133,False,0,[],False,Z2xZ2,Z2xZ2,[],{}
139,137,False,0,[],False,Z2xZ2,Z2xZ2,[],{}
139,138,True,54,[133],True,Z2xZ2,Z2xZ2,['Z2xZ2'],{133: 54}
139,139,False,0,[],False,Z2xZ2,Z2xZ2,[],{}
139,143,False,0,[],False,Z2xZ2,Z2,[],{}
139,161,False,0,[],False,Z2xZ2,Z2,[],{}
139,179,False,0,[],False,Z2xZ2,Z2,[],{}
139,185,False,0,[],False,Z2xZ2,Z2,[],{}
139,191,False,0,[],False,Z2xZ2,Z2,[],{}
139,197,False,0,[],False,Z2xZ2,Z2,[],{}
139,215,False,0,[],False,Z2xZ2,Z2,[],{}
139,296,False,0,[],False,Z2xZ2,Trivial,[],{}
139,350,False,0,[],False,Z2xZ2,Z2xZ2,[],{}
139,354,False,0,[],False,Z2xZ2,Z2,[],{}
139,360,False,0,[],False,Z2xZ2,Z2xZ2,[],{}
139,370,False,0,[],False,Z2xZ2,Z2xZ2,[],{}
139,380,False,0,[],False,Z2xZ2,Z2xZ2,[],{}
139,390,False,0,[],False,Z2xZ2,Z2xZ2,[],{}
139,394,False,0,[],False,Z2xZ2,Z2,[],{}
139,400,False,0,[],False,Z2xZ2,Z2xZ2,[],{}
139,410,False,0,[],False,Z2xZ2,Z2xZ2,[],{}
139,420,False,0,[],False,Z2xZ2,Z2xZ2,[],{}
139,430,False,0,[],False,Z2xZ2,Z2xZ2,[],{}
139,434,False,0,[],False,Z2xZ2,Z2,[],{}
139,440,False,0,[],False,Z2xZ2,Z2,[],{}
139,500,False,0,[],False,Z2xZ2,Z2,[],{}
139,560,False,0,[],False,Z2xZ2,Z2,[],{}
139,980,False,0,[],False,Z2xZ2,Z2xZ2,[],{}
139,982,False,0,[],False,Z2xZ2,Z2xZ2,[],{}
139,984,False,0,[],False,Z2xZ2,Z2xZ2,[],{}
139,986,False,0,[],False,Z2xZ2,Z2,[],{}
139,995,False,0,[],False,Z2xZ2,Z2,[],{}
139,1010,False,0,[],False,Z2xZ2,Z2,[],{}
139,1025,False,0,[],False,Z2xZ2,Z2,[],{}
139,1031,False,0,[],False,Z2xZ2,Trivial,[],{}
139,1040,False,0,[],False,Z2xZ2,Z2,[],{}
139,1055,False,0,[],False,Z2xZ2,Z2xZ2,[],{}
139,1057,False,0,[],False,Z2xZ2,Z2xZ2,[],{}
139,1059,False,0,[],False,Z2xZ2,Z2xZ2,[],{}
139,1100,False,0,[],False,Z2xZ2,Z2,[],{}
139,1130,False,0,[],False,Z2xZ2,Z2xZ2,[],{}
139,1132,False,0,[],False,Z2xZ2,Z2xZ2,[],{}
139,1134,False,0,[],False,Z2xZ2,Z2xZ2,[],{}
139,1175,False,0,[],False,Z2xZ2,Z2,[],{}
143,0,False,0,[],False,Z2,(Z2)^3,[],{}
143,1,False,0,[],False,Z2,Z2xZ2,[],{}
143,2,False,0,[],False,Z2,Z2xZ2,[],{}
143,4,False,0,[],False,Z2,Z2xZ2,[],{}
143,5,False,0,[],False,Z2,Z2xZ2,[],{}
143,6,False,0,[],False,Z2,Z2xZ2,[],{}
143,10,False,0,[],False,Z2,Z2xZ2,[],{}
143,20,False,0,[],False,Z2,Z2xZ2,[],{}
143,30,False,0,[],False,Z2,Z2xZ2,[],{}
143,34,False,0,[],False,Z2,Z2,[],{}
143,40,False,0,[],False,Z2,Z2xZ2,[],{}
143,50,False,0,[],False,Z2,Z2xZ2,[],{}
143,52,False,0,[],False,Z2,Z2xZ2,[],{}
143,54,False,0,[],False,Z2,Z2xZ2,[],{}
143,95,False,0,[],False,Z2,Z2,[],{}
143,125,False,0,[],False,Z2,Z2xZ2,[],{}
143,126,False,0,[],False,Z2,Z2xZ2,[],{}
143,127,False,0,[],False,Z2,Z2xZ2,[],{}
143,131,False,0,[],False,Z2,Z2xZ2,[],{}
143,132,False,0,[],False,Z2,Z2xZ2,[],{}
143,133,False,0,[],False,Z2,Z2xZ2,[],{}
143,137,False,0,[],False,Z2,Z2xZ2,[],{}
143,138,False,0,[],False,Z2,Z2xZ2,[],{}
143,139,False,0,[],False,Z2,Z2xZ2,[],{}
143,143,False,0,[],False,Z2,Z2,[],{}
143,161,False,0,[],False,Z2,Z2,[],{}
143,179,False,0,[],False,Z2,Z2,[],{}
143,185,False,0,[],False,Z2,Z2,[],{}
143,191,False,0,[],False,Z2,Z2,[],{}
143,197,False,0,[],False,Z2,Z2,[],{}
143,215,False,0,[],False,Z2,Z2,[],{}
143,296,False,0,[],False,Z2,Trivial,[],{}
143,350,True,108,[125],True,Z2,Z2xZ2,['Z2xZ2'],{125: 108}
143,354,True,216,"[131, 137]",False,Z2,Z2,['Z2xZ2'],"{131: 108, 137: 108}"
143,360,True,108,[143],True,Z2,Z2xZ2,['Z2'],{143: 108}
143,370,True,108,[143],True,Z2,Z2xZ2,['Z2'],{143: 108}
143,380,True,108,[161],True,Z2,Z2xZ2,['Z2'],{161: 108}
143,390,True,108,[179],True,Z2,Z2xZ2,['Z2'],{179: 108}
143,394,True,216,"[185, 191]",False,Z2,Z2,['Z2'],"{185: 108, 191: 108}"
143,400,True,108,[197],True,Z2,Z2xZ2,['Z2'],{197: 108}
143,410,True,108,[161],True,Z2,Z2xZ2,['Z2'],{161: 108}
143,420,True,108,[197],True,Z2,Z2xZ2,['Z2'],{197: 108}
143,430,True,108,[179],True,Z2,Z2xZ2,['Z2'],{179: 108}
143,434,True,216,"[185, 191]",False,Z2,Z2,['Z2'],"{185: 108, 191: 108}"
143,440,True,216,[215],True,Z2,Z2,['Z2'],{215: 216}
143,500,True,216,[296],True,Z2,Z2,['Trivial'],{296: 216}
143,560,True,216,[296],True,Z2,Z2,['Trivial'],{296: 216}
143,980,False,0,[],False,Z2,Z2xZ2,[],{}
143,982,False,0,[],False,Z2,Z2xZ2,[],{}
143,984,False,0,[],False,Z2,Z2xZ2,[],{}
143,986,False,0,[],False,Z2,Z2,[],{}
143,995,False,0,[],False,Z2,Z2,[],{}
143,1010,False,0,[],False,Z2,Z2,[],{}
143,1025,False,0,[],False,Z2,Z2,[],{}
143,1031,False,0,[],False,Z2,Trivial,[],{}
143,1040,False,0,[],False,Z2,Z2,[],{}
143,1055,False,0,[],False,Z2,Z2xZ2,[],{}
143,1057,False,0,[],False,Z2,Z2xZ2,[],{}
143,1059,False,0,[],False,Z2,Z2xZ2,[],{}
143,1100,False,0,[],False,Z2,Z2,[],{}
143,1130,False,0,[],False,Z2,Z2xZ2,[],{}
143,1132,False,0,[],False,Z2,Z2xZ2,[],{}
143,1134,False,0,[],False,Z2,Z2xZ2,[],{}
143,1175,False,0,[],False,Z2,Z2,[],{}
161,0,False,0,[],False,Z2,(Z2)^3,[],{}
161,1,False,0,[],False,Z2,Z2xZ2,[],{}
161,2,False,0,[],False,Z2,Z2xZ2,[],{}
161,4,False,0,[],False,Z2,Z2xZ2,[],{}
161,5,False,0,[],False,Z2,Z2xZ2,[],{}
161,6,False,0,[],False,Z2,Z2xZ2,[],{}
161,10,False,0,[],False,Z2,Z2xZ2,[],{}
161,20,False,0,[],False,Z2,Z2xZ2,[],{}
161,30,False,0,[],False,Z2,Z2xZ2,[],{}
161,34,False,0,[],False,Z2,Z2,[],{}
161,40,False,0,[],False,Z2,Z2xZ2,[],{}
161,50,False,0,[],False,Z2,Z2xZ2,[],{}
161,52,False,0,[],False,Z2,Z2xZ2,[],{}
161,54,False,0,[],False,Z2,Z2xZ2,[],{}
161,95,False,0,[],False,Z2,Z2,[],{}
161,125,False,0,[],False,Z2,Z2xZ2,[],{}
161,126,False,0,[],False,Z2,Z2xZ2,[],{}
161,127,False,0,[],False,Z2,Z2xZ2,[],{}
161,131,False,0,[],False,Z2,Z2xZ2,[],{}
161,132,False,0,[],False,Z2,Z2xZ2,[],{}
161,133,False,0,[],False,Z2,Z2xZ2,[],{}
161,137,False,0,[],False,Z2,Z2xZ2,[],{}
161,138,False,0,[],False,Z2,Z2xZ2,[],{}
161,139,False,0,[],False,Z2,Z2xZ2,[],{}
161,143,False,0,[],False,Z2,Z2,[],{}
161,161,False,0,[],False,Z2,Z2,[],{}
161,179,False,0,[],False,Z2,Z2,[],{}
161,185,False,0,[],False,Z2,Z2,[],{}
161,191,False,0,[],False,Z2,Z2,[],{}
161,197,False,0,[],False,Z2,Z2,[],{}
161,215,False,0,[],False,Z2,Z2,[],{}
161,296,False,0,[],False,Z2,Trivial,[],{}
161,350,True,108,[179],True,Z2,Z2xZ2,['Z2'],{179: 108}
161,354,True,216,"[185, 191]",False,Z2,Z2,['Z2'],"{185: 108, 191: 108}"
161,360,True,108,[161],True,Z2,Z2xZ2,['Z2'],{161: 108}
161,370,True,108,[197],True,Z2,Z2xZ2,['Z2'],{197: 108}
161,380,True,108,[143],True,Z2,Z2xZ2,['Z2'],{143: 108}
161,390,True,108,[125],True,Z2,Z2xZ2,['Z2xZ2'],{125: 108}
161,394,True,216,"[131, 137]",False,Z2,Z2,['Z2xZ2'],"{131: 108, 137: 108}"
161,400,True,108,[143],True,Z2,Z2xZ2,['Z2'],{143: 108}
161,410,True,108,[197],True,Z2,Z2xZ2,['Z2'],{197: 108}
161,420,True,108,[161],True,Z2,Z2xZ2,['Z2'],{161: 108}
161,430,True,108,[179],True,Z2,Z2xZ2,['Z2'],{179: 108}
161,434,True,216,"[185, 191]",False,Z2,Z2,['Z2'],"{185: 108, 191: 108}"
161,440,True,216,[296],True,Z2,Z2,['Trivial'],{296: 216}
161,500,True,216,[215],True,Z2,Z2,['Z2'],{215: 216}
161,560,True,216,[296],True,Z2,Z2,['Trivial'],{296: 216}
161,980,False,0,[],False,Z2,Z2xZ2,[],{}
161,982,False,0,[],False,Z2,Z2xZ2,[],{}
161,984,False,0,[],False,Z2,Z2xZ2,[],{}
161,986,False,0,[],False,Z2,Z2,[],{}
161,995,False,0,[],False,Z2,Z2,[],{}
161,1010,False,0,[],False,Z2,Z2,[],{}
161,1025,False,0,[],False,Z2,Z2,[],{}
161,1031,False,0,[],False,Z2,Trivial,[],{}
161,1040,False,0,[],False,Z2,Z2,[],{}
161,1055,False,0,[],False,Z2,Z2xZ2,[],{}
161,1057,False,0,[],False,Z2,Z2xZ2,[],{}
161,1059,False,0,[],False,Z2,Z2xZ2,[],{}
161,1100,False,0,[],False,Z2,Z2,[],{}
161,1130,False,0,[],False,Z2,Z2xZ2,[],{}
161,1132,False,0,[],False,Z2,Z2xZ2,[],{}
161,1134,False,0,[],False,Z2,Z2xZ2,[],{}
161,1175,False,0,[],False,Z2,Z2,[],{}
179,0,True,108,[179],True,Z2,(Z2)^3,['Z2'],{179: 108}
179,1,False,0,[],False,Z2,Z2xZ2,[],{}
179,2,False,0,[],False,Z2,Z2xZ2,[],{}
179,4,True,216,"[185, 191]",False,Z2,Z2xZ2,['Z2'],"{185: 108, 191: 108}"
179,5,False,0,[],False,Z2,Z2xZ2,[],{}
179,6,False,0,[],False,Z2,Z2xZ2,[],{}
179,10,True,216,"[161, 197]",False,Z2,Z2xZ2,['Z2'],"{161: 108, 197: 108}"
179,20,True,216,"[143, 197]",False,Z2,Z2xZ2,['Z2'],"{143: 108, 197: 108}"
179,30,True,216,"[125, 179]",False,Z2,Z2xZ2,"['Z2', 'Z2xZ2']","{125: 108, 179: 108}"
179,34,True,432,"[131, 137, 185, 191]",False,Z2,Z2,"['Z2', 'Z2xZ2']","{131: 108, 137: 108, 185: 108, 191: 108}"
179,40,True,216,"[143, 161]",False,Z2,Z2xZ2,['Z2'],"{143: 108, 161: 108}"
179,50,True,216,[296],True,Z2,Z2xZ2,['Trivial'],{296: 216}
179,52,False,0,[],False,Z2,Z2xZ2,[],{}
179,54,False,0,[],False,Z2,Z2xZ2,[],{}
179,95,True,432,"[215, 296]",False,Z2,Z2,"['Trivial', 'Z2']","{215: 216, 296: 216}"
179,125,False,0,[],False,Z2,Z2xZ2,[],{}
179,126,False,0,[],False,Z2,Z2xZ2,[],{}
179,127,False,0,[],False,Z2,Z2xZ2,[],{}
179,131,False,0,[],False,Z2,Z2xZ2,[],{}
179,132,False,0,[],False,Z2,Z2xZ2,[],{}
179,133,False,0,[],False,Z2,Z2xZ2,[],{}
179,137,False,0,[],False,Z2,Z2xZ2,[],{}
179,138,False,0,[],False,Z2,Z2xZ2,[],{}
179,139,False,0,[],False,Z2,Z2xZ2,[],{}
179,143,False,0,[],False,Z2,Z2,[],{}
179,161,False,0,[],False,Z2,Z2,[],{}
179,179,False,0,[],False,Z2,Z2,[],{}
179,185,False,0,[],False,Z2,Z2,[],{}
179,191,False,0,[],False,Z2,Z2,[],{}
179,197,False,0,[],False,Z2,Z2,[],{}
179,215,False,0,[],False,Z2,Z2,[],{}
179,296,False,0,[],False,Z2,Trivial,[],{}
179,350,False,0,[],False,Z2,Z2xZ2,[],{}
179,354,False,0,[],False,Z2,Z2,[],{}
179,360,False,0,[],False,Z2,Z2xZ2,[],{}
179,370,False,0,[],False,Z2,Z2xZ2,[],{}
179,380,False,0,[],False,Z2,Z2xZ2,[],{}
179,390,False,0,[],False,Z2,Z2xZ2,[],{}
179,394,False,0,[],False,Z2,Z2,[],{}
179,400,False,0,[],False,Z2,Z2xZ2,[],{}
179,410,False,0,[],False,Z2,Z2xZ2,[],{}
179,420,False,0,[],False,Z2,Z2xZ2,[],{}
179,430,False,0,[],False,Z2,Z2xZ2,[],{}
179,434,False,0,[],False,Z2,Z2,[],{}
179,440,False,0,[],False,Z2,Z2,[],{}
179,500,False,0,[],False,Z2,Z2,[],{}
179,560,False,0,[],False,Z2,Z2,[],{}
179,980,False,0,[],False,Z2,Z2xZ2,[],{}
179,982,False,0,[],False,Z2,Z2xZ2,[],{}
179,984,False,0,[],False,Z2,Z2xZ2,[],{}
179,986,False,0,[],False,Z2,Z2,[],{}
179,995,False,0,[],False,Z2,Z2,[],{}
179,1010,False,0,[],False,Z2,Z2,[],{}
179,1025,False,0,[],False,Z2,Z2,[],{}
179,1031,False,0,[],False,Z2,Trivial,[],{}
179,1040,False,0,[],False,Z2,Z2,[],{}
179,1055,False,0,[],False,Z2,Z2xZ2,[],{}
179,1057,False,0,[],False,Z2,Z2xZ2,[],{}
179,1059,False,0,[],False,Z2,Z2xZ2,[],{}
179,1100,False,0,[],False,Z2,Z2,[],{}
179,1130,False,0,[],False,Z2,Z2xZ2,[],{}
179,1132,False,0,[],False,Z2,Z2xZ2,[],{}
179,1134,False,0,[],False,Z2,Z2xZ2,[],{}
179,1175,False,0,[],False,Z2,Z2,[],{}
185,0,False,0,[],False,Z2,(Z2)^3,[],{}
185,1,False,0,[],False,Z2,Z2xZ2,[],{}
185,2,False,0,[],False,Z2,Z2xZ2,[],{}
185,4,False,0,[],False,Z2,Z2xZ2,[],{}
185,5,False,0,[],False,Z2,Z2xZ2,[],{}
185,6,False,0,[],False,Z2,Z2xZ2,[],{}
185,10,False,0,[],False,Z2,Z2xZ2,[],{}
185,20,False,0,[],False,Z2,Z2xZ2,[],{}
185,30,False,0,[],False,Z2,Z2xZ2,[],{}
185,34,False,0,[],False,Z2,Z2,[],{}
185,40,False,0,[],False,Z2,Z2xZ2,[],{}
185,50,False,0,[],False,Z2,Z2xZ2,[],{}
185,52,False,0,[],False,Z2,Z2xZ2,[],{}
185,54,False,0,[],False,Z2,Z2xZ2,[],{}
185,95,False,0,[],False,Z2,Z2,[],{}
185,125,True,108,[179],True,Z2,Z2xZ2,['Z2'],{179: 108}
185,126,False,0,[],False,Z2,Z2xZ2,[],{}
185,127,False,0,[],False,Z2,Z2xZ2,[],{}
185,131,True,108,[185],True,Z2,Z2xZ2,['Z2'],{185: 108}
185,132,False,0,[],False,Z2,Z2xZ2,[],{}
185,133,False,0,[],False,Z2,Z2xZ2,[],{}
185,137,True,108,[191],True,Z2,Z2xZ2,['Z2'],{191: 108}
185,138,False,0,[],False,Z2,Z2xZ2,[],{}
185,139,False,0,[],False,Z2,Z2xZ2,[],{}
185,143,True,216,"[161, 197]",False,Z2,Z2,['Z2'],"{161: 108, 197: 108}"
185,161,True,216,"[143, 197]",False,Z2,Z2,['Z2'],"{143: 108, 197: 108}"
185,179,True,216,"[125, 179]",False,Z2,Z2,"['Z2', 'Z2xZ2']","{125: 108, 179: 108}"
185,185,True,216,"[131, 185]",False,Z2,Z2,"['Z2', 'Z2xZ2']","{131: 108, 185: 108}"
185,191,True,216,"[137, 191]",False,Z2,Z2,"['Z2', 'Z2xZ2']","{137: 108, 191: 108}"
185,197,True,216,"[143, 161]",False,Z2,Z2,['Z2'],"{143: 108, 161: 108}"
185,215,True,216,[296],True,Z2,Z2,['Trivial'],{296: 216}
185,296,True,432,"[215, 296]",False,Z2,Trivial,"['Trivial', 'Z2']","{215: 216, 296: 216}"
185,350,False,0,[],False,Z2,Z2xZ2,[],{}
185,354,False,0,[],False,Z2,Z2,[],{}
185,360,False,0,[],False,Z2,Z2xZ2,[],{}
185,370,False,0,[],False,Z2,Z2xZ2,[],{}
185,380,False,0,[],False,Z2,Z2xZ2,[],{}
185,390,False,0,[],False,Z2,Z2xZ2,[],{}
185,394,False,0,[],False,Z2,Z2,[],{}
185,400,False,0,[],False,Z2,Z2xZ2,[],{}
185,410,False,0,[],False,Z2,Z2xZ2,[],{}
185,420,False,0,[],False,Z2,Z2xZ2,[],{}
185,430,False,0,[],False,Z2,Z2xZ2,[],{}
185,434,False,0,[],False,Z2,Z2,[],{}
185,440,False,0,[],False,Z2,Z2,[],{}
185,500,False,0,[],False,Z2,Z2,[],{}
185,560,False,0,[],False,Z2,Z2,[],{}
185,980,False,0,[],False,Z2,Z2xZ2,[],{}
185,982,False,0,[],False,Z2,Z2xZ2,[],{}
185,984,False,0,[],False,Z2,Z2xZ2,[],{}
185,986,False,0,[],False,Z2,Z2,[],{}
185,995,False,0,[],False,Z2,Z2,[],{}
185,1010,False,0,[],False,Z2,Z2,[],{}
185,1025,False,0,[],False,Z2,Z2,[],{}
185,1031,False,0,[],False,Z2,Trivial,[],{}
185,1040,False,0,[],False,Z2,Z2,[],{}
185,1055,False,0,[],False,Z2,Z2xZ2,[],{}
185,1057,False,0,[],False,Z2,Z2xZ2,[],{}
185,1059,False,0,[],False,Z2,Z2xZ2,[],{}
185,1100,False,0,[],False,Z2,Z2,[],{}
185,1130,False,0,[],False,Z2,Z2xZ2,[],{}
185,1132,False,0,[],False,Z2,Z2xZ2,[],{}
185,1134,False,0,[],False,Z2,Z2xZ2,[],{}
185,1175,False,0,[],False,Z2,Z2,[],{}
191,0,False,0,[],False,Z2,(Z2)^3,[],{}
191,1,False,0,[],False,Z2,Z2xZ2,[],{}
191,2,False,0,[],False,Z2,Z2xZ2,[],{}
191,4,False,0,[],False,Z2,Z2xZ2,[],{}
191,5,False,0,[],False,Z2,Z2xZ2,[],{}
191,6,False,0,[],False,Z2,Z2xZ2,[],{}
191,10,False,0,[],False,Z2,Z2xZ2,[],{}
191,20,False,0,[],False,Z2,Z2xZ2,[],{}
191,30,False,0,[],False,Z2,Z2xZ2,[],{}
191,34,False,0,[],False,Z2,Z2,[],{}
191,40,False,0,[],False,Z2,Z2xZ2,[],{}
191,50,False,0,[],False,Z2,Z2xZ2,[],{}
191,52,False,0,[],False,Z2,Z2xZ2,[],{}
191,54,False,0,[],False,Z2,Z2xZ2,[],{}
191,95,False,0,[],False,Z2,Z2,[],{}
191,125,True,108,[179],True,Z2,Z2xZ2,['Z2'],{179: 108}
191,126,False,0,[],False,Z2,Z2xZ2,[],{}
191,127,False,0,[],False,Z2,Z2xZ2,[],{}
191,131,True,108,[191],True,Z2,Z2xZ2,['Z2'],{191: 108}
191,132,False,0,[],False,Z2,Z2xZ2,[],{}
191,133,False,0,[],False,Z2,Z2xZ2,[],{}
191,137,True,108,[185],True,Z2,Z2xZ2,['Z2'],{185: 108}
191,138,False,0,[],False,Z2,Z2xZ2,[],{}
191,139,False,0,[],False,Z2,Z2xZ2,[],{}
191,143,True,216,"[161, 197]",False,Z2,Z2,['Z2'],"{161: 108, 197: 108}"
191,161,True,216,"[143, 197]",False,Z2,Z2,['Z2'],"{143: 108, 197: 108}"
191,179,True,216,"[125, 179]",False,Z2,Z2,"['Z2', 'Z2xZ2']","{125: 108, 179: 108}"
191,185,True,216,"[137, 191]",False,Z2,Z2,"['Z2', 'Z2xZ2']","{137: 108, 191: 108}"
191,191,True,216,"[131, 185]",False,Z2,Z2,"['Z2', 'Z2xZ2']","{131: 108, 185: 108}"
191,197,True,216,"[143, 161]",False,Z2,Z2,['Z2'],"{143: 108, 161: 108}"
191,215,True,216,[296],True,Z2,Z2,['Trivial'],{296: 216}
191,296,True,432,"[215, 296]",False,Z2,Trivial,"['Trivial', 'Z2']","{215: 216, 296: 216}"
191,350,False,0,[],False,Z2,Z2xZ2,[],{}
191,354,False,0,[],False,Z2,Z2,[],{}
191,360,False,0,[],False,Z2,Z2xZ2,[],{}
191,370,False,0,[],False,Z2,Z2xZ2,[],{}
191,380,False,0,[],False,Z2,Z2xZ2,[],{}
191,390,False,0,[],False,Z2,Z2xZ2,[],{}
191,394,False,0,[],False,Z2,Z2,[],{}
191,400,False,0,[],False,Z2,Z2xZ2,[],{}
191,410,False,0,[],False,Z2,Z2xZ2,[],{}
191,420,False,0,[],False,Z2,Z2xZ2,[],{}
191,430,False,0,[],False,Z2,Z2xZ2,[],{}
191,434,False,0,[],False,Z2,Z2,[],{}
191,440,False,0,[],False,Z2,Z2,[],{}
191,500,False,0,[],False,Z2,Z2,[],{}
191,560,False,0,[],False,Z2,Z2,[],{}
191,980,False,0,[],False,Z2,Z2xZ2,[],{}
191,982,False,0,[],False,Z2,Z2xZ2,[],{}
191,984,False,0,[],False,Z2,Z2xZ2,[],{}
191,986,False,0,[],False,Z2,Z2,[],{}
191,995,False,0,[],False,Z2,Z2,[],{}
191,1010,False,0,[],False,Z2,Z2,[],{}
191,1025,False,0,[],False,Z2,Z2,[],{}
191,1031,False,0,[],False,Z2,Trivial,[],{}
191,1040,False,0,[],False,Z2,Z2,[],{}
191,1055,False,0,[],False,Z2,Z2xZ2,[],{}
191,1057,False,0,[],False,Z2,Z2xZ2,[],{}
191,1059,False,0,[],False,Z2,Z2xZ2,[],{}
191,1100,False,0,[],False,Z2,Z2,[],{}
191,1130,False,0,[],False,Z2,Z2xZ2,[],{}
191,1132,False,0,[],False,Z2,Z2xZ2,[],{}
191,1134,False,0,[],False,Z2,Z2xZ2,[],{}
191,1175,False,0,[],False,Z2,Z2,[],{}
197,0,False,0,[],False,Z2,(Z2)^3,[],{}
197,1,False,0,[],False,Z2,Z2xZ2,[],{}
197,2,False,0,[],False,Z2,Z2xZ2,[],{}
197,4,False,0,[],False,Z2,Z2xZ2,[],{}
197,5,False,0,[],False,Z2,Z2xZ2,[],{}
197,6,False,0,[],False,Z2,Z2xZ2,[],{}
197,10,False,0,[],False,Z2,Z2xZ2,[],{}
197,20,False,0,[],False,Z2,Z2xZ2,[],{}
197,30,False,0,[],False,Z2,Z2xZ2,[],{}
197,34,False,0,[],False,Z2,Z2,[],{}
197,40,False,0,[],False,Z2,Z2xZ2,[],{}
197,50,False,0,[],False,Z2,Z2xZ2,[],{}
197,52,False,0,[],False,Z2,Z2xZ2,[],{}
197,54,False,0,[],False,Z2,Z2xZ2,[],{}
197,95,False,0,[],False,Z2,Z2,[],{}
197,125,False,0,[],False,Z2,Z2xZ2,[],{}
197,126,False,0,[],False,Z2,Z2xZ2,[],{}
197,127,False,0,[],False,Z2,Z2xZ2,[],{}
197,131,False,0,[],False,Z2,Z2xZ2,[],{}
197,132,False,0,[],False,Z2,Z2xZ2,[],{}
197,133,False,0,[],False,Z2,Z2xZ2,[],{}
197,137,False,0,[],False,Z2,Z2xZ2,[],{}
197,138,False,0,[],False,Z2,Z2xZ2,[],{}
197,139,False,0,[],False,Z2,Z2xZ2,[],{}
197,143,False,0,[],False,Z2,Z2,[],{}
197,161,False,0,[],False,Z2,Z2,[],{}
197,179,False,0,[],False,Z2,Z2,[],{}
197,185,False,0,[],False,Z2,Z2,[],{}
197,191,False,0,[],False,Z2,Z2,[],{}
197,197,False,0,[],False,Z2,Z2,[],{}
197,215,False,0,[],False,Z2,Z2,[],{}
197,296,False,0,[],False,Z2,Trivial,[],{}
197,350,True,108,[179],True,Z2,Z2xZ2,['Z2'],{179: 108}
197,354,True,216,"[185, 191]",False,Z2,Z2,['Z2'],"{185: 108, 191: 108}"
197,360,True,108,[197],True,Z2,Z2xZ2,['Z2'],{197: 108}
197,370,True,108,[161],True,Z2,Z2xZ2,['Z2'],{161: 108}
197,380,True,108,[197],True,Z2,Z2xZ2,['Z2'],{197: 108}
197,390,True,108,[179],True,Z2,Z2xZ2,['Z2'],{179: 108}
197,394,True,216,"[185, 191]",False,Z2,Z2,['Z2'],"{185: 108, 191: 108}"
197,400,True,108,[161],True,Z2,Z2xZ2,['Z2'],{161: 108}
197,410,True,108,[143],True,Z2,Z2xZ2,['Z2'],{143: 108}
197,420,True,108,[143],True,Z2,Z2xZ2,['Z2'],{143: 108}
197,430,True,108,[125],True,Z2,Z2xZ2,['Z2xZ2'],{125: 108}
197,434,True,216,"[131, 137]",False,Z2,Z2,['Z2xZ2'],"{131: 108, 137: 108}"
197,440,True,216,[296],True,Z2,Z2,['Trivial'],{296: 216}
197,500,True,216,[296],True,Z2,Z2,['Trivial'],{296: 216}
197,560,True,216,[215],True,Z2,Z2,['Z2'],{215: 216}
197,980,False,0,[],False,Z2,Z2xZ2,[],{}
197,982,False,0,[],False,Z2,Z2xZ2,[],{}
197,984,False,0,[],False,Z2,Z2xZ2,[],{}
197,986,False,0,[],False,Z2,Z2,[],{}
197,995,False,0,[],False,Z2,Z2,[],{}
197,1010,False,0,[],False,Z2,Z2,[],{}
197,1025,False,0,[],False,Z2,Z2,[],{}
197,1031,False,0,[],False,Z2,Trivial,[],{}
197,1040,False,0,[],False,Z2,Z2,[],{}
197,1055,False,0,[],False,Z2,Z2xZ2,[],{}
197,1057,False,0,[],False,Z2,Z2xZ2,[],{}
197,1059,False,0,[],False,Z2,Z2xZ2,[],{}
197,1100,False,0,[],False,Z2,Z2,[],{}
197,1130,False,0,[],False,Z2,Z2xZ2,[],{}
197,1132,False,0,[],False,Z2,Z2xZ2,[],{}
197,1134,False,0,[],False,Z2,Z2xZ2,[],{}
197,1175,False,0,[],False,Z2,Z2,[],{}
215,0,False,0,[],False,Z2,(Z2)^3,[],{}
215,1,False,0,[],False,Z2,Z2xZ2,[],{}
215,2,False,0,[],False,Z2,Z2xZ2,[],{}
215,4,False,0,[],False,Z2,Z2xZ2,[],{}
215,5,False,0,[],False,Z2,Z2xZ2,[],{}
215,6,False,0,[],False,Z2,Z2xZ2,[],{}
215,10,False,0,[],False,Z2,Z2xZ2,[],{}
215,20,False,0,[],False,Z2,Z2xZ2,[],{}
215,30,False,0,[],False,Z2,Z2xZ2,[],{}
215,34,False,0,[],False,Z2,Z2,[],{}
215,40,False,0,[],False,Z2,Z2xZ2,[],{}
215,50,False,0,[],False,Z2,Z2xZ2,[],{}
215,52,False,0,[],False,Z2,Z2xZ2,[],{}
215,54,False,0,[],False,Z2,Z2xZ2,[],{}
215,95,False,0,[],False,Z2,Z2,[],{}
215,125,False,0,[],False,Z2,Z2xZ2,[],{}
215,126,False,0,[],False,Z2,Z2xZ2,[],{}
215,127,False,0,[],False,Z2,Z2xZ2,[],{}
215,131,False,0,[],False,Z2,Z2xZ2,[],{}
215,132,False,0,[],False,Z2,Z2xZ2,[],{}
215,133,False,0,[],False,Z2,Z2xZ2,[],{}
215,137,False,0,[],False,Z2,Z2xZ2,[],{}
215,138,False,0,[],False,Z2,Z2xZ2,[],{}
215,139,False,0,[],False,Z2,Z2xZ2,[],{}
215,143,False,0,[],False,Z2,Z2,[],{}
215,161,False,0,[],False,Z2,Z2,[],{}
215,179,False,0,[],False,Z2,Z2,[],{}
215,185,False,0,[],False,Z2,Z2,[],{}
215,191,False,0,[],False,Z2,Z2,[],{}
215,197,False,0,[],False,Z2,Z2,[],{}
215,215,False,0,[],False,Z2,Z2,[],{}
215,296,False,0,[],False,Z2,Trivial,[],{}
215,350,False,0,[],False,Z2,Z2xZ2,[],{}
215,354,False,0,[],False,Z2,Z2,[],{}
215,360,False,0,[],False,Z2,Z2xZ2,[],{}
215,370,False,0,[],False,Z2,Z2xZ2,[],{}
215,380,False,0,[],False,Z2,Z2xZ2,[],{}
215,390,False,0,[],False,Z2,Z2xZ2,[],{}
215,394,False,0,[],False,Z2,Z2,[],{}
215,400,False,0,[],False,Z2,Z2xZ2,[],{}
215,410,False,0,[],False,Z2,Z2xZ2,[],{}
215,420,False,0,[],False,Z2,Z2xZ2,[],{}
215,430,False,0,[],False,Z2,Z2xZ2,[],{}
215,434,False,0,[],False,Z2,Z2,[],{}
215,440,False,0,[],False,Z2,Z2,[],{}
215,500,False,0,[],False,Z2,Z2,[],{}
215,560,False,0,[],False,Z2,Z2,[],{}
215,980,True,108,[125],True,Z2,Z2xZ2,['Z2xZ2'],{125: 108}
215,982,False,0,[],False,Z2,Z2xZ2,[],{}
215,984,False,0,[],False,Z2,Z2xZ2,[],{}
215,986,True,216,"[131, 137]",False,Z2,Z2,['Z2xZ2'],"{131: 108, 137: 108}"
215,995,True,216,[143],True,Z2,Z2,['Z2'],{143: 216}
215,1010,True,216,[161],True,Z2,Z2,['Z2'],{161: 216}
215,1025,True,216,[179],True,Z2,Z2,['Z2'],{179: 216}
215,1031,True,432,"[185, 191]",False,Z2,Trivial,['Z2'],"{185: 216, 191: 216}"
215,1040,True,216,[197],True,Z2,Z2,['Z2'],{197: 216}
215,1055,True,108,[215],True,Z2,Z2xZ2,['Z2'],{215: 108}
215,1057,False,0,[],False,Z2,Z2xZ2,[],{}
215,1059,False,0,[],False,Z2,Z2xZ2,[],{}
215,1100,True,216,[296],True,Z2,Z2,['Trivial'],{296: 216}
215,1130,True,108,[215],True,Z2,Z2xZ2,['Z2'],{215: 108}
215,1132,False,0,[],False,Z2,Z2xZ2,[],{}
215,1134,False,0,[],False,Z2,Z2xZ2,[],{}
215,1175,True,216,[296],True,Z2,Z2,['Trivial'],{296: 216}
296,0,False,0,[],False,Trivial,(Z2)^3,[],{}
296,1,False,0,[],False,Trivial,Z2xZ2,[],{}
296,2,False,0,[],False,Trivial,Z2xZ2,[],{}
296,4,False,0,[],False,Trivial,Z2xZ2,[],{}
296,5,False,0,[],False,Trivial,Z2xZ2,[],{}
296,6,False,0,[],False,Trivial,Z2xZ2,[],{}
296,10,False,0,[],False,Trivial,Z2xZ2,[],{}
296,20,False,0,[],False,Trivial,Z2xZ2,[],{}
296,30,False,0,[],False,Trivial,Z2xZ2,[],{}
296,34,False,0,[],False,Trivial,Z2,[],{}
296,40,False,0,[],False,Trivial,Z2xZ2,[],{}
296,50,False,0,[],False,Trivial,Z2xZ2,[],{}
296,52,False,0,[],False,Trivial,Z2xZ2,[],{}
296,54,False,0,[],False,Trivial,Z2xZ2,[],{}
296,95,False,0,[],False,Trivial,Z2,[],{}
296,125,False,0,[],False,Trivial,Z2xZ2,[],{}
296,126,False,0,[],False,Trivial,Z2xZ2,[],{}
296,127,False,0,[],False,Trivial,Z2xZ2,[],{}
296,131,False,0,[],False,Trivial,Z2xZ2,[],{}
296,132,False,0,[],False,Trivial,Z2xZ2,[],{}
296,133,False,0,[],False,Trivial,Z2xZ2,[],{}
296,137,False,0,[],False,Trivial,Z2xZ2,[],{}
296,138,False,0,[],False,Trivial,Z2xZ2,[],{}
296,139,False,0,[],False,Trivial,Z2xZ2,[],{}
296,143,False,0,[],False,Trivial,Z2,[],{}
296,161,False,0,[],False,Trivial,Z2,[],{}
296,179,False,0,[],False,Trivial,Z2,[],{}
296,185,False,0,[],False,Trivial,Z2,[],{}
296,191,False,0,[],False,Trivial,Z2,[],{}
296,197,False,0,[],False,Trivial,Z2,[],{}
296,215,False,0,[],False,Trivial,Z2,[],{}
296,296,False,0,[],False,Trivial,Trivial,[],{}
296,350,False,0,[],False,Trivial,Z2xZ2,[],{}
296,354,False,0,[],False,Trivial,Z2,[],{}
296,360,False,0,[],False,Trivial,Z2xZ2,[],{}
296,370,False,0,[],False,Trivial,Z2xZ2,[],{}
296,380,False,0,[],False,Trivial,Z2xZ2,[],{}
296,390,False,0,[],False,Trivial,Z2xZ2,[],{}
296,394,False,0,[],False,Trivial,Z2,[],{}
296,400,False,0,[],False,Trivial,Z2xZ2,[],{}
296,410,False,0,[],False,Trivial,Z2xZ2,[],{}
296,420,False,0,[],False,Trivial,Z2xZ2,[],{}
296,430,False,0,[],False,Trivial,Z2xZ2,[],{}
296,434,False,0,[],False,Trivial,Z2,[],{}
296,440,False,0,[],False,Trivial,Z2,[],{}
296,500,False,0,[],False,Trivial,Z2,[],{}
296,560,False,0,[],False,Trivial,Z2,[],{}
296,980,True,216,[179],True,Trivial,Z2xZ2,['Z2'],{179: 216}
296,982,False,0,[],False,Trivial,Z2xZ2,[],{}
296,984,False,0,[],False,Trivial,Z2xZ2,[],{}
296,986,True,432,"[185, 191]",False,Trivial,Z2,['Z2'],"{185: 216, 191: 216}"
296,995,True,432,"[161, 197]",False,Trivial,Z2,['Z2'],"{161: 216, 197: 216}"
296,1010,True,432,"[143, 197]",False,Trivial,Z2,['Z2'],"{143: 216, 197: 216}"
296,1025,True,432,"[125, 179]",False,Trivial,Z2,"['Z2', 'Z2xZ2']","{125: 216, 179: 216}"
296,1031,True,864,"[131, 137, 185, 191]",False,Trivial,Trivial,"['Z2', 'Z2xZ2']","{131: 216, 137: 216, 185: 216, 191: 216}"
296,1040,True,432,"[143, 161]",False,Trivial,Z2,['Z2'],"{143: 216, 161: 216}"
296,1055,True,216,[296],True,Trivial,Z2xZ2,['Trivial'],{296: 216}
296,1057,False,0,[],False,Trivial,Z2xZ2,[],{}
296,1059,False,0,[],False,Trivial,Z2xZ2,[],{}
296,1100,True,432,"[215, 296]",False,Trivial,Z2,"['Trivial', 'Z2']","{215: 216, 296: 216}"
296,1130,True,216,[296],True,Trivial,Z2xZ2,['Trivial'],{296: 216}
296,1132,False,0,[],False,Trivial,Z2xZ2,[],{}
296,1134,False,0,[],False,Trivial,Z2xZ2,[],{}
296,1175,True,432,"[215, 296]",False,Trivial,Z2,"['Trivial', 'Z2']","{215: 216, 296: 216}"
350,0,True,54,[350],True,Z2xZ2,(Z2)^3,['Z2xZ2'],{350: 54}
350,1,False,0,[],False,Z2xZ2,Z2xZ2,[],{}
350,2,False,0,[],False,Z2xZ2,Z2xZ2,[],{}
350,4,True,108,[354],True,Z2xZ2,Z2xZ2,['Z2'],{354: 108}
350,5,False,0,[],False,Z2xZ2,Z2xZ2,[],{}
350,6,False,0,[],False,Z2xZ2,Z2xZ2,[],{}
350,10,True,108,"[360, 370]",False,Z2xZ2,Z2xZ2,['Z2xZ2'],"{360: 54, 370: 54}"
350,20,True,108,"[380, 410]",False,Z2xZ2,Z2xZ2,['Z2xZ2'],"{380: 54, 410: 54}"
350,30,True,108,"[390, 430]",False,Z2xZ2,Z2xZ2,['Z2xZ2'],"{390: 54, 430: 54}"
350,34,True,216,"[394, 434]",False,Z2xZ2,Z2,['Z2'],"{394: 108, 434: 108}"
350,40,True,108,"[400, 420]",False,Z2xZ2,Z2xZ2,['Z2xZ2'],"{400: 54, 420: 54}"
350,50,True,108,[440],True,Z2xZ2,Z2xZ2,['Z2'],{440: 108}
350,52,False,0,[],False,Z2xZ2,Z2xZ2,[],{}
350,54,False,0,[],False,Z2xZ2,Z2xZ2,[],{}
350,95,True,216,"[500, 560]",False,Z2xZ2,Z2,['Z2'],"{500: 108, 560: 108}"
350,125,False,0,[],False,Z2xZ2,Z2xZ2,[],{}
350,126,False,0,[],False,Z2xZ2,Z2xZ2,[],{}
350,127,False,0,[],False,Z2xZ2,Z2xZ2,[],{}
350,131,False,0,[],False,Z2xZ2,Z2xZ2,[],{}
350,132,False,0,[],False,Z2xZ2,Z2xZ2,[],{}
350,133,False,0,[],False,Z2xZ2,Z2xZ2,[],{}
350,137,False,0,[],False,Z2xZ2,Z2xZ2,[],{}
350,138,False,0,[],False,Z2xZ2,Z2xZ2,[],{}
350,139,False,0,[],False,Z2xZ2,Z2xZ2,[],{}
350,143,False,0,[],False,Z2xZ2,Z2,[],{}
350,161,False,0,[],False,Z2xZ2,Z2,[],{}
350,179,False,0,[],False,Z2xZ2,Z2,[],{}
350,185,False,0,[],False,Z2xZ2,Z2,[],{}
350,191,False,0,[],False,Z2xZ2,Z2,[],{}
350,197,False,0,[],False,Z2xZ2,Z2,[],{}
350,215,False,0,[],False,Z2xZ2,Z2,[],{}
350,296,False,0,[],False,Z2xZ2,Trivial,[],{}
350,350,False,0,[],False,Z2xZ2,Z2xZ2,[],{}
350,354,False,0,[],False,Z2xZ2,Z2,[],{}
350,360,False,0,[],False,Z2xZ2,Z2xZ2,[],{}
350,370,False,0,[],False,Z2xZ2,Z2xZ2,[],{}
350,380,False,0,[],False,Z2xZ2,Z2xZ2,[],{}
350,390,False,0,[],False,Z2xZ2,Z2xZ2,[],{}
350,394,False,0,[],False,Z2xZ2,Z2,[],{}
350,400,False,0,[],False,Z2xZ2,Z2xZ2,[],{}
350,410,False,0,[],False,Z2xZ2,Z2xZ2,[],{}
350,420,False,0,[],False,Z2xZ2,Z2xZ2,[],{}
350,430,False,0,[],False,Z2xZ2,Z2xZ2,[],{}
350,434,False,0,[],False,Z2xZ2,Z2,[],{}
350,440,False,0,[],False,Z2xZ2,Z2,[],{}
350,500,False,0,[],False,Z2xZ2,Z2,[],{}
350,560,False,0,[],False,Z2xZ2,Z2,[],{}
350,980,False,0,[],False,Z2xZ2,Z2xZ2,[],{}
350,982,False,0,[],False,Z2xZ2,Z2xZ2,[],{}
350,984,False,0,[],False,Z2xZ2,Z2xZ2,[],{}
350,986,False,0,[],False,Z2xZ2,Z2,[],{}
350,995,False,0,[],False,Z2xZ2,Z2,[],{}
350,1010,False,0,[],False,Z2xZ2,Z2,[],{}
350,1025,False,0,[],False,Z2xZ2,Z2,[],{}
350,1031,False,0,[],False,Z2xZ2,Trivial,[],{}
350,1040,False,0,[],False,Z2xZ2,Z2,[],{}
350,1055,False,0,[],False,Z2xZ2,Z2xZ2,[],{}
350,1057,False,0,[],False,Z2xZ2,Z2xZ2,[],{}
350,1059,False,0,[],False,Z2xZ2,Z2xZ2,[],{}
350,1100,False,0,[],False,Z2xZ2,Z2,[],{}
350,1130,False,0,[],False,Z2xZ2,Z2xZ2,[],{}
350,1132,False,0,[],False,Z2xZ2,Z2xZ2,[],{}
350,1134,False,0,[],False,Z2xZ2,Z2xZ2,[],{}
350,1175,False,0,[],False,Z2xZ2,Z2,[],{}
354,0,False,0,[],False,Z2,(Z2)^3,[],{}
354,1,False,0,[],False,Z2,Z2xZ2,[],{}
354,2,False,0,[],False,Z2,Z2xZ2,[],{}
354,4,False,0,[],False,Z2,Z2xZ2,[],{}
354,5,False,0,[],False,Z2,Z2xZ2,[],{}
354,6,False,0,[],False,Z2,Z2xZ2,[],{}
354,10,False,0,[],False,Z2,Z2xZ2,[],{}
354,20,False,0,[],False,Z2,Z2xZ2,[],{}
354,30,False,0,[],False,Z2,Z2xZ2,[],{}
354,34,False,0,[],False,Z2,Z2,[],{}
354,40,False,0,[],False,Z2,Z2xZ2,[],{}
354,50,False,0,[],False,Z2,Z2xZ2,[],{}
354,52,False,0,[],False,Z2,Z2xZ2,[],{}
354,54,False,0,[],False,Z2,Z2xZ2,[],{}
354,95,False,0,[],False,Z2,Z2,[],{}
354,125,True,108,[350],True,Z2,Z2xZ2,['Z2xZ2'],{350: 108}
354,126,False,0,[],False,Z2,Z2xZ2,[],{}
354,127,False,0,[],False,Z2,Z2xZ2,[],{}
354,131,True,108,[354],True,Z2,Z2xZ2,['Z2'],{354: 108}
354,132,False,0,[],False,Z2,Z2xZ2,[],{}
354,133,False,0,[],False,Z2,Z2xZ2,[],{}
354,137,True,108,[354],True,Z2,Z2xZ2,['Z2'],{354: 108}
354,138,False,0,[],False,Z2,Z2xZ2,[],{}
354,139,False,0,[],False,Z2,Z2xZ2,[],{}
354,143,True,216,"[360, 370]",False,Z2,Z2,['Z2xZ2'],"{360: 108, 370: 108}"
354,161,True,216,"[380, 410]",False,Z2,Z2,['Z2xZ2'],"{380: 108, 410: 108}"
354,179,True,216,"[390, 430]",False,Z2,Z2,['Z2xZ2'],"{390: 108, 430: 108}"
354,185,True,216,"[394, 434]",False,Z2,Z2,['Z2'],"{394: 108, 434: 108}"
354,191,True,216,"[394, 434]",False,Z2,Z2,['Z2'],"{394: 108, 434: 108}"
354,197,True,216,"[400, 420]",False,Z2,Z2,['Z2xZ2'],"{400: 108, 420: 108}"
354,215,True,216,[440],True,Z2,Z2,['Z2'],{440: 216}
354,296,True,432,"[500, 560]",False,Z2,Trivial,['Z2'],"{500: 216, 560: 216}"
354,350,False,0,[],False,Z2,Z2xZ2,[],{}
354,354,False,0,[],False,Z2,Z2,[],{}
354,360,False,0,[],False,Z2,Z2xZ2,[],{}
354,370,False,0,[],False,Z2,Z2xZ2,[],{}
354,380,False,0,[],False,Z2,Z2xZ2,[],{}
354,390,False,0,[],False,Z2,Z2xZ2,[],{}
354,394,False,0,[],False,Z2,Z2,[],{}
354,400,False,0,[],False,Z2,Z2xZ2,[],{}
354,410,False,0,[],False,Z2,Z2xZ2,[],{}
354,420,False,0,[],False,Z2,Z2xZ2,[],{}
354,430,False,0,[],False,Z2,Z2xZ2,[],{}
354,434,False,0,[],False,Z2,Z2,[],{}
354,440,False,0,[],False,Z2,Z2,[],{}
354,500,False,0,[],False,Z2,Z2,[],{}
354,560,False,0,[],False,Z2,Z2,[],{}
354,980,False,0,[],False,Z2,Z2xZ2,[],{}
354,982,False,0,[],False,Z2,Z2xZ2,[],{}
354,984,False,0,[],False,Z2,Z2xZ2,[],{}
354,986,False,0,[],False,Z2,Z2,[],{}
354,995,False,0,[],False,Z2,Z2,[],{}
354,1010,False,0,[],False,Z2,Z2,[],{}
354,1025,False,0,[],False,Z2,Z2,[],{}
354,1031,False,0,[],False,Z2,Trivial,[],{}
354,1040,False,0,[],False,Z2,Z2,[],{}
354,1055,False,0,[],False,Z2,Z2xZ2,[],{}
354,1057,False,0,[],False,Z2,Z2xZ2,[],{}
354,1059,False,0,[],False,Z2,Z2xZ2,[],{}
354,1100,False,0,[],False,Z2,Z2,[],{}
354,1130,False,0,[],False,Z2,Z2xZ2,[],{}
354,1132,False,0,[],False,Z2,Z2xZ2,[],{}
354,1134,False,0,[],False,Z2,Z2xZ2,[],{}
354,1175,False,0,[],False,Z2,Z2,[],{}
360,0,False,0,[],False,Z2xZ2,(Z2)^3,[],{}
360,1,False,0,[],False,Z2xZ2,Z2xZ2,[],{}
360,2,False,0,[],False,Z2xZ2,Z2xZ2,[],{}
360,4,False,0,[],False,Z2xZ2,Z2xZ2,[],{}
360,5,False,0,[],False,Z2xZ2,Z2xZ2,[],{}
360,6,False,0,[],False,Z2xZ2,Z2xZ2,[],{}
360,10,False,0,[],False,Z2xZ2,Z2xZ2,[],{}
360,20,False,0,[],False,Z2xZ2,Z2xZ2,[],{}
360,30,False,0,[],False,Z2xZ2,Z2xZ2,[],{}
360,34,False,0,[],False,Z2xZ2,Z2,[],{}
360,40,False,0,[],False,Z2xZ2,Z2xZ2,[],{}
360,50,False,0,[],False,Z2xZ2,Z2xZ2,[],{}
360,52,False,0,[],False,Z2xZ2,Z2xZ2,[],{}
360,54,False,0,[],False,Z2xZ2,Z2xZ2,[],{}
360,95,False,0,[],False,Z2xZ2,Z2,[],{}
360,125,False,0,[],False,Z2xZ2,Z2xZ2,[],{}
360,126,False,0,[],False,Z2xZ2,Z2xZ2,[],{}
360,127,False,0,[],False,Z2xZ2,Z2xZ2,[],{}
360,131,False,0,[],False,Z2xZ2,Z2xZ2,[],{}
360,132,False,0,[],False,Z2xZ2,Z2xZ2,[],{}
360,133,False,0,[],False,Z2xZ2,Z2xZ2,[],{}
360,137,False,0,[],False,Z2xZ2,Z2xZ2,[],{}
360,138,False,0,[],False,Z2xZ2,Z2xZ2,[],{}
360,139,False,0,[],False,Z2xZ2,Z2xZ2,[],{}
360,143,False,0,[],False,Z2xZ2,Z2,[],{}
360,161,False,0,[],False,Z2xZ2,Z2,[],{}
360,179,False,0,[],False,Z2xZ2,Z2,[],{}
360,185,False,0,[],False,Z2xZ2,Z2,[],{}
360,191,False,0,[],False,Z2xZ2,Z2,[],{}
360,197,False,0,[],False,Z2xZ2,Z2,[],{}
360,215,False,0,[],False,Z2xZ2,Z2,[],{}
360,296,False,0,[],False,Z2xZ2,Trivial,[],{}
360,350,True,54,[350],True,Z2xZ2,Z2xZ2,['Z2xZ2'],{350: 54}
360,354,True,108,[354],True,Z2xZ2,Z2,['Z2'],{354: 108}
360,360,True,54,[360],True,Z2xZ2,Z2xZ2,['Z2xZ2'],{360: 54}
360,370,True,54,[370],True,Z2xZ2,Z2xZ2,['Z2xZ2'],{370: 54}
360,380,True,54,[380],True,Z2xZ2,Z2xZ2,['Z2xZ2'],{380: 54}
360,390,True,54,[390],True,Z2xZ2,Z2xZ2,['Z2xZ2'],{390: 54}
360,394,True,108,[394],True,Z2xZ2,Z2,['Z2'],{394: 108}
360,400,True,54,[400],True,Z2xZ2,Z2xZ2,['Z2xZ2'],{400: 54}
360,410,True,54,[410],True,Z2xZ2,Z2xZ2,['Z2xZ2'],{410: 54}
360,420,True,54,[420],True,Z2xZ2,Z2xZ2,['Z2xZ2'],{420: 54}
360,430,True,54,[430],True,Z2xZ2,Z2xZ2,['Z2xZ2'],{430: 54}
360,434,True,108,[434],True,Z2xZ2,Z2,['Z2'],{434: 108}
360,440,True,108,[440],True,Z2xZ2,Z2,['Z2'],{440: 108}
360,500,True,108,[500],True,Z2xZ2,Z2,['Z2'],{500: 108}
360,560,True,108,[560],True,Z2xZ2,Z2,['Z2'],{560: 108}
360,980,False,0,[],False,Z2xZ2,Z2xZ2,[],{}
360,982,False,0,[],False,Z2xZ2,Z2xZ2,[],{}
360,984,False,0,[],False,Z2xZ2,Z2xZ2,[],{}
360,986,False,0,[],False,Z2xZ2,Z2,[],{}
360,995,False,0,[],False,Z2xZ2,Z2,[],{}
360,1010,False,0,[],False,Z2xZ2,Z2,[],{}
360,1025,False,0,[],False,Z2xZ2,Z2,[],{}
360,1031,False,0,[],False,Z2xZ2,Trivial,[],{}
360,1040,False,0,[],False,Z2xZ2,Z2,[],{}
360,1055,False,0,[],False,Z2xZ2,Z2xZ2,[],{}
360,1057,False,0,[],False,Z2xZ2,Z2xZ2,[],{}
360,1059,False,0,[],False,Z2xZ2,Z2xZ2,[],{}
360,1100,False,0,[],False,Z2xZ2,Z2,[],{}
360,1130,False,0,[],False,Z2xZ2,Z2xZ2,[],{}
360,1132,False,0,[],False,Z2xZ2,Z2xZ2,[],{}
360,1134,False,0,[],False,Z2xZ2,Z2xZ2,[],{}
360,1175,False,0,[],False,Z2xZ2,Z2,[],{}
370,0,False,0,[],False,Z2xZ2,(Z2)^3,[],{}
370,1,False,0,[],False,Z2xZ2,Z2xZ2,[],{}
370,2,False,0,[],False,Z2xZ2,Z2xZ2,[],{}
370,4,False,0,[],False,Z2xZ2,Z2xZ2,[],{}
370,5,False,0,[],False,Z2xZ2,Z2xZ2,[],{}
370,6,False,0,[],False,Z2xZ2,Z2xZ2,[],{}
370,10,False,0,[],False,Z2xZ2,Z2xZ2,[],{}
370,20,False,0,[],False,Z2xZ2,Z2xZ2,[],{}
370,30,False,0,[],False,Z2xZ2,Z2xZ2,[],{}
370,34,False,0,[],False,Z2xZ2,Z2,[],{}
370,40,False,0,[],False,Z2xZ2,Z2xZ2,[],{}
370,50,False,0,[],False,Z2xZ2,Z2xZ2,[],{}
370,52,False,0,[],False,Z2xZ2,Z2xZ2,[],{}
370,54,False,0,[],False,Z2xZ2,Z2xZ2,[],{}
370,95,False,0,[],False,Z2xZ2,Z2,[],{}
370,125,False,0,[],False,Z2xZ2,Z2xZ2,[],{}
370,126,False,0,[],False,Z2xZ2,Z2xZ2,[],{}
370,127,False,0,[],False,Z2xZ2,Z2xZ2,[],{}
370,131,False,0,[],False,Z2xZ2,Z2xZ2,[],{}
370,132,False,0,[],False,Z2xZ2,Z2xZ2,[],{}
370,133,False,0,[],False,Z2xZ2,Z2xZ2,[],{}
370,137,False,0,[],False,Z2xZ2,Z2xZ2,[],{}
370,138,False,0,[],False,Z2xZ2,Z2xZ2,[],{}
370,139,False,0,[],False,Z2xZ2,Z2xZ2,[],{}
370,143,False,0,[],False,Z2xZ2,Z2,[],{}
370,161,False,0,[],False,Z2xZ2,Z2,[],{}
370,179,False,0,[],False,Z2xZ2,Z2,[],{}
370,185,False,0,[],False,Z2xZ2,Z2,[],{}
370,191,False,0,[],False,Z2xZ2,Z2,[],{}
370,197,False,0,[],False,Z2xZ2,Z2,[],{}
370,215,False,0,[],False,Z2xZ2,Z2,[],{}
370,296,False,0,[],False,Z2xZ2,Trivial,[],{}
370,350,True,54,[350],True,Z2xZ2,Z2xZ2,['Z2xZ2'],{350: 54}
370,354,True,108,[354],True,Z2xZ2,Z2,['Z2'],{354: 108}
370,360,True,54,[370],True,Z2xZ2,Z2xZ2,['Z2xZ2'],{370: 54}
370,370,True,54,[360],True,Z2xZ2,Z2xZ2,['Z2xZ2'],{360: 54}
370,380,True,54,[410],True,Z2xZ2,Z2xZ2,['Z2xZ2'],{410: 54}
370,390,True,54,[430],True,Z2xZ2,Z2xZ2,['Z2xZ2'],{430: 54}
370,394,True,108,[434],True,Z2xZ2,Z2,['Z2'],{434: 108}
370,400,True,54,[420],True,Z2xZ2,Z2xZ2,['Z2xZ2'],{420: 54}
370,410,True,54,[380],True,Z2xZ2,Z2xZ2,['Z2xZ2'],{380: 54}
370,420,True,54,[400],True,Z2xZ2,Z2xZ2,['Z2xZ2'],{400: 54}
370,430,True,54,[390],True,Z2xZ2,Z2xZ2,['Z2xZ2'],{390: 54}
370,434,True,108,[394],True,Z2xZ2,Z2,['Z2'],{394: 108}
370,440,True,108,[440],True,Z2xZ2,Z2,['Z2'],{440: 108}
370,500,True,108,[560],True,Z2xZ2,Z2,['Z2'],{560: 108}
370,560,True,108,[500],True,Z2xZ2,Z2,['Z2'],{500: 108}
370,980,False,0,[],False,Z2xZ2,Z2xZ2,[],{}
370,982,False,0,[],False,Z2xZ2,Z2xZ2,[],{}
370,984,False,0,[],False,Z2xZ2,Z2xZ2,[],{}
370,986,False,0,[],False,Z2xZ2,Z2,[],{}
370,995,False,0,[],False,Z2xZ2,Z2,[],{}
370,1010,False,0,[],False,Z2xZ2,Z2,[],{}
370,1025,False,0,[],False,Z2xZ2,Z2,[],{}
370,1031,False,0,[],False,Z2xZ2,Trivial,[],{}
370,1040,False,0,[],False,Z2xZ2,Z2,[],{}
370,1055,False,0,[],False,Z2xZ2,Z2xZ2,[],{}
370,1057,False,0,[],False,Z2xZ2,Z2xZ2,[],{}
370,1059,False,0,[],False,Z2xZ2,Z2xZ2,[],{}
370,1100,False,0,[],False,Z2xZ2,Z2,[],{}
370,1130,False,0,[],False,Z2xZ2,Z2xZ2,[],{}
370,1132,False,0,[],False,Z2xZ2,Z2xZ2,[],{}
370,1134,False,0,[],False,Z2xZ2,Z2xZ2,[],{}
370,1175,False,0,[],False,Z2xZ2,Z2,[],{}
380,0,False,0,[],False,Z2xZ2,(Z2)^3,[],{}
380,1,False,0,[],False,Z2xZ2,Z2xZ2,[],{}
380,2,False,0,[],False,Z2xZ2,Z2xZ2,[],{}
380,4,False,0,[],False,Z2xZ2,Z2xZ2,[],{}
380,5,False,0,[],False,Z2xZ2,Z2xZ2,[],{}
380,6,False,0,[],False,Z2xZ2,Z2xZ2,[],{}
380,10,False,0,[],False,Z2xZ2,Z2xZ2,[],{}
380,20,False,0,[],False,Z2xZ2,Z2xZ2,[],{}
380,30,False,0,[],False,Z2xZ2,Z2xZ2,[],{}
380,34,False,0,[],False,Z2xZ2,Z2,[],{}
380,40,False,0,[],False,Z2xZ2,Z2xZ2,[],{}
380,50,False,0,[],False,Z2xZ2,Z2xZ2,[],{}
380,52,False,0,[],False,Z2xZ2,Z2xZ2,[],{}
380,54,False,0,[],False,Z2xZ2,Z2xZ2,[],{}
380,95,False,0,[],False,Z2xZ2,Z2,[],{}
380,125,False,0,[],False,Z2xZ2,Z2xZ2,[],{}
380,126,False,0,[],False,Z2xZ2,Z2xZ2,[],{}
380,127,False,0,[],False,Z2xZ2,Z2xZ2,[],{}
380,131,False,0,[],False,Z2xZ2,Z2xZ2,[],{}
380,132,False,0,[],False,Z2xZ2,Z2xZ2,[],{}
380,133,False,0,[],False,Z2xZ2,Z2xZ2,[],{}
380,137,False,0,[],False,Z2xZ2,Z2xZ2,[],{}
380,138,False,0,[],False,Z2xZ2,Z2xZ2,[],{}
380,139,False,0,[],False,Z2xZ2,Z2xZ2,[],{}
380,143,False,0,[],False,Z2xZ2,Z2,[],{}
380,161,False,0,[],False,Z2xZ2,Z2,[],{}
380,179,False,0,[],False,Z2xZ2,Z2,[],{}
380,185,False,0,[],False,Z2xZ2,Z2,[],{}
380,191,False,0,[],False,Z2xZ2,Z2,[],{}
380,197,False,0,[],False,Z2xZ2,Z2,[],{}
380,215,False,0,[],False,Z2xZ2,Z2,[],{}
380,296,False,0,[],False,Z2xZ2,Trivial,[],{}
380,350,True,54,[390],True,Z2xZ2,Z2xZ2,['Z2xZ2'],{390: 54}
380,354,True,108,[394],True,Z2xZ2,Z2,['Z2'],{394: 108}
380,360,True,54,[380],True,Z2xZ2,Z2xZ2,['Z2xZ2'],{380: 54}
380,370,True,54,[400],True,Z2xZ2,Z2xZ2,['Z2xZ2'],{400: 54}
380,380,True,54,[360],True,Z2xZ2,Z2xZ2,['Z2xZ2'],{360: 54}
380,390,True,54,[350],True,Z2xZ2,Z2xZ2,['Z2xZ2'],{350: 54}
380,394,True,108,[354],True,Z2xZ2,Z2,['Z2'],{354: 108}
380,400,True,54,[370],True,Z2xZ2,Z2xZ2,['Z2xZ2'],{370: 54}
380,410,True,54,[420],True,Z2xZ2,Z2xZ2,['Z2xZ2'],{420: 54}
380,420,True,54,[410],True,Z2xZ2,Z2xZ2,['Z2xZ2'],{410: 54}
380,430,True,54,[430],True,Z2xZ2,Z2xZ2,['Z2xZ2'],{430: 54}
380,434,True,108,[434],True,Z2xZ2,Z2,['Z2'],{434: 108}
380,440,True,108,[500],True,Z2xZ2,Z2,['Z2'],{500: 108}
380,500,True,108,[440],True,Z2xZ2,Z2,['Z2'],{440: 108}
380,560,True,108,[560],True,Z2xZ2,Z2,['Z2'],{560: 108}
380,980,False,0,[],False,Z2xZ2,Z2xZ2,[],{}
380,982,False,0,[],False,Z2xZ2,Z2xZ2,[],{}
380,984,False,0,[],False,Z2xZ2,Z2xZ2,[],{}
380,986,False,0,[],False,Z2xZ2,Z2,[],{}
380,995,False,0,[],False,Z2xZ2,Z2,[],{}
380,1010,False,0,[],False,Z2xZ2,Z2,[],{}
380,1025,False,0,[],False,Z2xZ2,Z2,[],{}
380,1031,False,0,[],False,Z2xZ2,Trivial,[],{}
380,1040,False,0,[],False,Z2xZ2,Z2,[],{}
380,1055,False,0,[],False,Z2xZ2,Z2xZ2,[],{}
380,1057,False,0,[],False,Z2xZ2,Z2xZ2,[],{}
380,1059,False,0,[],False,Z2xZ2,Z2xZ2,[],{}
380,1100,False,0,[],False,Z2xZ2,Z2,[],{}
380,1130,False,0,[],False,Z2xZ2,Z2xZ2,[],{}
380,1132,False,0,[],False,Z2xZ2,Z2xZ2,[],{}
380,1134,False,0,[],False,Z2xZ2,Z2xZ2,[],{}
380,1175,False,0,[],False,Z2xZ2,Z2,[],{}
390,0,True,54,[390],True,Z2xZ2,(Z2)^3,['Z2xZ2'],{390: 54}
390,1,False,0,[],False,Z2xZ2,Z2xZ2,[],{}
390,2,False,0,[],False,Z2xZ2,Z2xZ2,[],{}
390,4,True,108,[394],True,Z2xZ2,Z2xZ2,['Z2'],{394: 108}
390,5,False,0,[],False,Z2xZ2,Z2xZ2,[],{}
390,6,False,0,[],False,Z2xZ2,Z2xZ2,[],{}
390,10,True,108,"[380, 400]",False,Z2xZ2,Z2xZ2,['Z2xZ2'],"{380: 54, 400: 54}"
390,20,True,108,"[360, 420]",False,Z2xZ2,Z2xZ2,['Z2xZ2'],"{360: 54, 420: 54}"
390,30,True,108,"[350, 430]",False,Z2xZ2,Z2xZ2,['Z2xZ2'],"{350: 54, 430: 54}"
390,34,True,216,"[354, 434]",False,Z2xZ2,Z2,['Z2'],"{354: 108, 434: 108}"
390,40,True,108,"[370, 410]",False,Z2xZ2,Z2xZ2,['Z2xZ2'],"{370: 54, 410: 54}"
390,50,True,108,[500],True,Z2xZ2,Z2xZ2,['Z2'],{500: 108}
390,52,False,0,[],False,Z2xZ2,Z2xZ2,[],{}
390,54,False,0,[],False,Z2xZ2,Z2xZ2,[],{}
390,95,True,216,"[440, 560]",False,Z2xZ2,Z2,['Z2'],"{440: 108, 560: 108}"
390,125,False,0,[],False,Z2xZ2,Z2xZ2,[],{}
390,126,False,0,[],False,Z2xZ2,Z2xZ2,[],{}
390,127,False,0,[],False,Z2xZ2,Z2xZ2,[],{}
390,131,False,0,[],False,Z2xZ2,Z2xZ2,[],{}
390,132,False,0,[],False,Z2xZ2,Z2xZ2,[],{}
390,133,False,0,[],False,Z2xZ2,Z2xZ2,[],{}
390,137,False,0,[],False,Z2xZ2,Z2xZ2,[],{}
390,138,False,0,[],False,Z2xZ2,Z2xZ2,[],{}
390,139,False,0,[],False,Z2xZ2,Z2xZ2,[],{}
390,143,False,0,[],False,Z2xZ2,Z2,[],{}
390,161,False,0,[],False,Z2xZ2,Z2,[],{}
390,179,False,0,[],False,Z2xZ2,Z2,[],{}
390,185,False,0,[],False,Z2xZ2,Z2,[],{}
390,191,False,0,[],False,Z2xZ2,Z2,[],{}
390,197,False,0,[],False,Z2xZ2,Z2,[],{}
390,215,False,0,[],False,Z2xZ2,Z2,[],{}
390,296,False,0,[],False,Z2xZ2,Trivial,[],{}
390,350,False,0,[],False,Z2xZ2,Z2xZ2,[],{}
390,354,False,0,[],False,Z2xZ2,Z2,[],{}
390,360,False,0,[],False,Z2xZ2,Z2xZ2,[],{}
390,370,False,0,[],False,Z2xZ2,Z2xZ2,[],{}
390,380,False,0,[],False,Z2xZ2,Z2xZ2,[],{}
390,390,False,0,[],False,Z2xZ2,Z2xZ2,[],{}
390,394,False,0,[],False,Z2xZ2,Z2,[],{}
390,400,False,0,[],False,Z2xZ2,Z2xZ2,[],{}
390,410,False,0,[],False,Z2xZ2,Z2xZ2,[],{}
390,420,False,0,[],False,Z2xZ2,Z2xZ2,[],{}
390,430,False,0,[],False,Z2xZ2,Z2xZ2,[],{}
390,434,False,0,[],False,Z2xZ2,Z2,[],{}
390,440,False,0,[],False,Z2xZ2,Z2,[],{}
390,500,False,0,[],False,Z2xZ2,Z2,[],{}
390,560,False,0,[],False,Z2xZ2,Z2,[],{}
390,980,False,0,[],False,Z2xZ2,Z2xZ2,[],{}
390,982,False,0,[],False,Z2xZ2,Z2xZ2,[],{}
390,984,False,0,[],False,Z2xZ2,Z2xZ2,[],{}
390,986,False,0,[],False,Z2xZ2,Z2,[],{}
390,995,False,0,[],False,Z2xZ2,Z2,[],{}
390,1010,False,0,[],False,Z2xZ2,Z2,[],{}
390,1025,False,0,[],False,Z2xZ2,Z2,[],{}
390,1031,False,0,[],False,Z2xZ2,Trivial,[],{}
390,1040,False,0,[],False,Z2xZ2,Z2,[],{}
390,1055,False,0,[],False,Z2xZ2,Z2xZ2,[],{}
390,1057,False,0,[],False,Z2xZ2,Z2xZ2,[],{}
390,1059,False,0,[],False,Z2xZ2,Z2xZ2,[],{}
390,1100,False,0,[],False,Z2xZ2,Z2,[],{}
390,1130,False,0,[],False,Z2xZ2,Z2xZ2,[],{}
390,1132,False,0,[],False,Z2xZ2,Z2xZ2,[],{}
390,1134,False,0,[],False,Z2xZ2,Z2xZ2,[],{}
390,1175,False,0,[],False,Z2xZ2,Z2,[],{}
394,0,False,0,[],False,Z2,(Z2)^3,[],{}
394,1,False,0,[],False,Z2,Z2xZ2,[],{}
394,2,False,0,[],False,Z2,Z2xZ2,[],{}
394,4,False,0,[],False,Z2,Z2xZ2,[],{}
394,5,False,0,[],False,Z2,Z2xZ2,[],{}
394,6,False,0,[],False,Z2,Z2xZ2,[],{}
394,10,False,0,[],False,Z2,Z2xZ2,[],{}
394,20,False,0,[],False,Z2,Z2xZ2,[],{}
394,30,False,0,[],False,Z2,Z2xZ2,[],{}
394,34,False,0,[],False,Z2,Z2,[],{}
394,40,False,0,[],False,Z2,Z2xZ2,[],{}
394,50,False,0,[],False,Z2,Z2xZ2,[],{}
394,52,False,0,[],False,Z2,Z2xZ2,[],{}
394,54,False,0,[],False,Z2,Z2xZ2,[],{}
394,95,False,0,[],False,Z2,Z2,[],{}
394,125,True,108,[390],True,Z2,Z2xZ2,['Z2xZ2'],{390: 108}
394,126,False,0,[],False,Z2,Z2xZ2,[],{}
394,127,False,0,[],False,Z2,Z2xZ2,[],{}
394,131,True,108,[394],True,Z2,Z2xZ2,['Z2'],{394: 108}
394,132,False,0,[],False,Z2,Z2xZ2,[],{}
394,133,False,0,[],False,Z2,Z2xZ2,[],{}
394,137,True,108,[394],True,Z2,Z2xZ2,['Z2'],{394: 108}
394,138,False,0,[],False,Z2,Z2xZ2,[],{}
394,139,False,0,[],False,Z2,Z2xZ2,[],{}
394,143,True,216,"[380, 400]",False,Z2,Z2,['Z2xZ2'],"{380: 108, 400: 108}"
394,161,True,216,"[360, 420]",False,Z2,Z2,['Z2xZ2'],"{360: 108, 420: 108}"
394,179,True,216,"[350, 430]",False,Z2,Z2,['Z2xZ2'],"{350: 108, 430: 108}"
394,185,True,216,"[354, 434]",False,Z2,Z2,['Z2'],"{354: 108, 434: 108}"
394,191,True,216,"[354, 434]",False,Z2,Z2,['Z2'],"{354: 108, 434: 108}"
394,197,True,216,"[370, 410]",False,Z2,Z2,['Z2xZ2'],"{370: 108, 410: 108}"
394,215,True,216,[500],True,Z2,Z2,['Z2'],{500: 216}
394,296,True,432,"[440, 560]",False,Z2,Trivial,['Z2'],"{440: 216, 560: 216}"
394,350,False,0,[],False,Z2,Z2xZ2,[],{}
394,354,False,0,[],False,Z2,Z2,[],{}
394,360,False,0,[],False,Z2,Z2xZ2,[],{}
394,370,False,0,[],False,Z2,Z2xZ2,[],{}
394,380,False,0,[],False,Z2,Z2xZ2,[],{}
394,390,False,0,[],False,Z2,Z2xZ2,[],{}
394,394,False,0,[],False,Z2,Z2,[],{}
394,400,False,0,[],False,Z2,Z2xZ2,[],{}
394,410,False,0,[],False,Z2,Z2xZ2,[],{}
394,420,False,0,[],False,Z2,Z2xZ2,[],{}
394,430,False,0,[],False,Z2,Z2xZ2,[],{}
394,434,False,0,[],False,Z2,Z2,[],{}
394,440,False,0,[],False,Z2,Z2,[],{}
394,500,False,0,[],False,Z2,Z2,[],{}
394,560,False,0,[],False,Z2,Z2,[],{}
394,980,False,0,[],False,Z2,Z2xZ2,[],{}
394,982,False,0,[],False,Z2,Z2xZ2,[],{}
394,984,False,0,[],False,Z2,Z2xZ2,[],{}
394,986,False,0,[],False,Z2,Z2,[],{}
394,995,False,0,[],False,Z2,Z2,[],{}
394,1010,False,0,[],False,Z2,Z2,[],{}
394,1025,False,0,[],False,Z2,Z2,[],{}
394,1031,False,0,[],False,Z2,Trivial,[],{}
394,1040,False,0,[],False,Z2,Z2,[],{}
394,1055,False,0,[],False,Z2,Z2xZ2,[],{}
394,1057,False,0,[],False,Z2,Z2xZ2,[],{}
394,1059,False,0,[],False,Z2,Z2xZ2,[],{}
394,1100,False,0,[],False,Z2,Z2,[],{}
394,1130,False,0,[],False,Z2,Z2xZ2,[],{}
394,1132,False,0,[],False,Z2,Z2xZ2,[],{}
394,1134,False,0,[],False,Z2,Z2xZ2,[],{}
394,1175,False,0,[],False,Z2,Z2,[],{}
400,0,False,0,[],False,Z2xZ2,(Z2)^3,[],{}
400,1,False,0,[],False,Z2xZ2,Z2xZ2,[],{}
400,2,False,0,[],False,Z2xZ2,Z2xZ2,[],{}
400,4,False,0,[],False,Z2xZ2,Z2xZ2,[],{}
400,5,False,0,[],False,Z2xZ2,Z2xZ2,[],{}
400,6,False,0,[],False,Z2xZ2,Z2xZ2,[],{}
400,10,False,0,[],False,Z2xZ2,Z2xZ2,[],{}
400,20,False,0,[],False,Z2xZ2,Z2xZ2,[],{}
400,30,False,0,[],False,Z2xZ2,Z2xZ2,[],{}
400,34,False,0,[],False,Z2xZ2,Z2,[],{}
400,40,False,0,[],False,Z2xZ2,Z2xZ2,[],{}
400,50,False,0,[],False,Z2xZ2,Z2xZ2,[],{}
400,52,False,0,[],False,Z2xZ2,Z2xZ2,[],{}
400,54,False,0,[],False,Z2xZ2,Z2xZ2,[],{}
400,95,False,0,[],False,Z2xZ2,Z2,[],{}
400,125,False,0,[],False,Z2xZ2,Z2xZ2,[],{}
400,126,False,0,[],False,Z2xZ2,Z2xZ2,[],{}
400,127,False,0,[],False,Z2xZ2,Z2xZ2,[],{}
400,131,False,0,[],False,Z2xZ2,Z2xZ2,[],{}
400,132,False,0,[],False,Z2xZ2,Z2xZ2,[],{}
400,133,False,0,[],False,Z2xZ2,Z2xZ2,[],{}
400,137,False,0,[],False,Z2xZ2,Z2xZ2,[],{}
400,138,False,0,[],False,Z2xZ2,Z2xZ2,[],{}
400,139,False,0,[],False,Z2xZ2,Z2xZ2,[],{}
400,143,False,0,[],False,Z2xZ2,Z2,[],{}
400,161,False,0,[],False,Z2xZ2,Z2,[],{}
400,179,False,0,[],False,Z2xZ2,Z2,[],{}
400,185,False,0,[],False,Z2xZ2,Z2,[],{}
400,191,False,0,[],False,Z2xZ2,Z2,[],{}
400,197,False,0,[],False,Z2xZ2,Z2,[],{}
400,215,False,0,[],False,Z2xZ2,Z2,[],{}
400,296,False,0,[],False,Z2xZ2,Trivial,[],{}
400,350,True,54,[390],True,Z2xZ2,Z2xZ2,['Z2xZ2'],{390: 54}
400,354,True,108,[394],True,Z2xZ2,Z2,['Z2'],{394: 108}
400,360,True,54,[400],True,Z2xZ2,Z2xZ2,['Z2xZ2'],{400: 54}
400,370,True,54,[380],True,Z2xZ2,Z2xZ2,['Z2xZ2'],{380: 54}
400,380,True,54,[420],True,Z2xZ2,Z2xZ2,['Z2xZ2'],{420: 54}
400,390,True,54,[430],True,Z2xZ2,Z2xZ2,['Z2xZ2'],{430: 54}
400,394,True,108,[434],True,Z2xZ2,Z2,['Z2'],{434: 108}
400,400,True,54,[410],True,Z2xZ2,Z2xZ2,['Z2xZ2'],{410: 54}
400,410,True,54,[360],True,Z2xZ2,Z2xZ2,['Z2xZ2'],{360: 54}
400,420,True,54,[370],True,Z2xZ2,Z2xZ2,['Z2xZ2'],{370: 54}
400,430,True,54,[350],True,Z2xZ2,Z2xZ2,['Z2xZ2'],{350: 54}
400,434,True,108,[354],True,Z2xZ2,Z2,['Z2'],{354: 108}
400,440,True,108,[500],True,Z2xZ2,Z2,['Z2'],{500: 108}
400,500,True,108,[560],True,Z2xZ2,Z2,['Z2'],{560: 108}
400,560,True,108,[440],True,Z2xZ2,Z2,['Z2'],{440: 108}
400,980,False,0,[],False,Z2xZ2,Z2xZ2,[],{}
400,982,False,0,[],False,Z2xZ2,Z2xZ2,[],{}
400,984,False,0,[],False,Z2xZ2,Z2xZ2,[],{}
400,986,False,0,[],False,Z2xZ2,Z2,[],{}
400,995,False,0,[],False,Z2xZ2,Z2,[],{}
400,1010,False,0,[],False,Z2xZ2,Z2,[],{}
400,1025,False,0,[],False,Z2xZ2,Z2,[],{}
400,1031,False,0,[],False,Z2xZ2,Trivial,[],{}
400,1040,False,0,[],False,Z2xZ2,Z2,[],{}
400,1055,False,0,[],False,Z2xZ2,Z2xZ2,[],{}
400,1057,False,0,[],False,Z2xZ2,Z2xZ2,[],{}
400,1059,False,0,[],False,Z2xZ2,Z2xZ2,[],{}
400,1100,False,0,[],False,Z2xZ2,Z2,[],{}
400,1130,False,0,[],False,Z2xZ2,Z2xZ2,[],{}
400,1132,False,0,[],False,Z2xZ2,Z2xZ2,[],{}
400,1134,False,0,[],False,Z2xZ2,Z2xZ2,[],{}
400,1175,False,0,[],False,Z2xZ2,Z2,[],{}
410,0,False,0,[],False,Z2xZ2,(Z2)^3,[],{}
410,1,False,0,[],False,Z2xZ2,Z2xZ2,[],{}
410,2,False,0,[],False,Z2xZ2,Z2xZ2,[],{}
410,4,False,0,[],False,Z2xZ2,Z2xZ2,[],{}
410,5,False,0,[],False,Z2xZ2,Z2xZ2,[],{}
410,6,False,0,[],False,Z2xZ2,Z2xZ2,[],{}
410,10,False,0,[],False,Z2xZ2,Z2xZ2,[],{}
410,20,False,0,[],False,Z2xZ2,Z2xZ2,[],{}
410,30,False,0,[],False,Z2xZ2,Z2xZ2,[],{}
410,34,False,0,[],False,Z2xZ2,Z2,[],{}
410,40,False,0,[],False,Z2xZ2,Z2xZ2,[],{}
410,50,False,0,[],False,Z2xZ2,Z2xZ2,[],{}
410,52,False,0,[],False,Z2xZ2,Z2xZ2,[],{}
410,54,False,0,[],False,Z2xZ2,Z2xZ2,[],{}
410,95,False,0,[],False,Z2xZ2,Z2,[],{}
410,125,False,0,[],False,Z2xZ2,Z2xZ2,[],{}
410,126,False,0,[],False,Z2xZ2,Z2xZ2,[],{}
410,127,False,0,[],False,Z2xZ2,Z2xZ2,[],{}
410,131,False,0,[],False,Z2xZ2,Z2xZ2,[],{}
410,132,False,0,[],False,Z2xZ2,Z2xZ2,[],{}
410,133,False,0,[],False,Z2xZ2,Z2xZ2,[],{}
410,137,False,0,[],False,Z2xZ2,Z2xZ2,[],{}
410,138,False,0,[],False,Z2xZ2,Z2xZ2,[],{}
410,139,False,0,[],False,Z2xZ2,Z2xZ2,[],{}
410,143,False,0,[],False,Z2xZ2,Z2,[],{}
410,161,False,0,[],False,Z2xZ2,Z2,[],{}
410,179,False,0,[],False,Z2xZ2,Z2,[],{}
410,185,False,0,[],False,Z2xZ2,Z2,[],{}
410,191,False,0,[],False,Z2xZ2,Z2,[],{}
410,197,False,0,[],False,Z2xZ2,Z2,[],{}
410,215,False,0,[],False,Z2xZ2,Z2,[],{}
410,296,False,0,[],False,Z2xZ2,Trivial,[],{}
410,350,True,54,[430],True,Z2xZ2,Z2xZ2,['Z2xZ2'],{430: 54}
410,354,True,108,[434],True,Z2xZ2,Z2,['Z2'],{434: 108}
410,360,True,54,[410],True,Z2xZ2,Z2xZ2,['Z2xZ2'],{410: 54}
410,370,True,54,[420],True,Z2xZ2,Z2xZ2,['Z2xZ2'],{420: 54}
410,380,True,54,[370],True,Z2xZ2,Z2xZ2,['Z2xZ2'],{370: 54}
410,390,True,54,[350],True,Z2xZ2,Z2xZ2,['Z2xZ2'],{350: 54}
410,394,True,108,[354],True,Z2xZ2,Z2,['Z2'],{354: 108}
410,400,True,54,[360],True,Z2xZ2,Z2xZ2,['Z2xZ2'],{360: 54}
410,410,True,54,[400],True,Z2xZ2,Z2xZ2,['Z2xZ2'],{400: 54}
410,420,True,54,[380],True,Z2xZ2,Z2xZ2,['Z2xZ2'],{380: 54}
410,430,True,54,[390],True,Z2xZ2,Z2xZ2,['Z2xZ2'],{390: 54}
410,434,True,108,[394],True,Z2xZ2,Z2,['Z2'],{394: 108}
410,440,True,108,[560],True,Z2xZ2,Z2,['Z2'],{560: 108}
410,500,True,108,[440],True,Z2xZ2,Z2,['Z2'],{440: 108}
410,560,True,108,[500],True,Z2xZ2,Z2,['Z2'],{500: 108}
410,980,False,0,[],False,Z2xZ2,Z2xZ2,[],{}
410,982,False,0,[],False,Z2xZ2,Z2xZ2,[],{}
410,984,False,0,[],False,Z2xZ2,Z2xZ2,[],{}
410,986,False,0,[],False,Z2xZ2,Z2,[],{}
410,995,False,0,[],False,Z2xZ2,Z2,[],{}
410,1010,False,0,[],False,Z2xZ2,Z2,[],{}
410,1025,False,0,[],False,Z2xZ2,Z2,[],{}
410,1031,False,0,[],False,Z2xZ2,Trivial,[],{}
410,1040,False,0,[],False,Z2xZ2,Z2,[],{}
410,1055,False,0,[],False,Z2xZ2,Z2xZ2,[],{}
410,1057,False,0,[],False,Z2xZ2,Z2xZ2,[],{}
410,1059,False,0,[],False,Z2xZ2,Z2xZ2,[],{}
410,1100,False,0,[],False,Z2xZ2,Z2,[],{}
410,1130,False,0,[],False,Z2xZ2,Z2xZ2,[],{}
410,1132,False,0,[],False,Z2xZ2,Z2xZ2,[],{}
410,1134,False,0,[],False,Z2xZ2,Z2xZ2,[],{}
410,1175,False,0,[],False,Z2xZ2,Z2,[],{}
420,0,False,0,[],False,Z2xZ2,(Z2)^3,[],{}
420,1,False,0,[],False,Z2xZ2,Z2xZ2,[],{}
420,2,False,0,[],False,Z2xZ2,Z2xZ2,[],{}
420,4,False,0,[],False,Z2xZ2,Z2xZ2,[],{}
420,5,False,0,[],False,Z2xZ2,Z2xZ2,[],{}
420,6,False,0,[],False,Z2xZ2,Z2xZ2,[],{}
420,10,False,0,[],False,Z2xZ2,Z2xZ2,[],{}
420,20,False,0,[],False,Z2xZ2,Z2xZ2,[],{}
420,30,False,0,[],False,Z2xZ2,Z2xZ2,[],{}
420,34,False,0,[],False,Z2xZ2,Z2,[],{}
420,40,False,0,[],False,Z2xZ2,Z2xZ2,[],{}
420,50,False,0,[],False,Z2xZ2,Z2xZ2,[],{}
420,52,False,0,[],False,Z2xZ2,Z2xZ2,[],{}
420,54,False,0,[],False,Z2xZ2,Z2xZ2,[],{}
420,95,False,0,[],False,Z2xZ2,Z2,[],{}
420,125,False,0,[],False,Z2xZ2,Z2xZ2,[],{}
420,126,False,0,[],False,Z2xZ2,Z2xZ2,[],{}
420,127,False,0,[],False,Z2xZ2,Z2xZ2,[],{}
420,131,False,0,[],False,Z2xZ2,Z2xZ2,[],{}
420,132,False,0,[],False,Z2xZ2,Z2xZ2,[],{}
420,133,False,0,[],False,Z2xZ2,Z2xZ2,[],{}
420,137,False,0,[],False,Z2xZ2,Z2xZ2,[],{}
420,138,False,0,[],False,Z2xZ2,Z2xZ2,[],{}
420,139,False,0,[],False,Z2xZ2,Z2xZ2,[],{}
420,143,False,0,[],False,Z2xZ2,Z2,[],{}
420,161,False,0,[],False,Z2xZ2,Z2,[],{}
420,179,False,0,[],False,Z2xZ2,Z2,[],{}
420,185,False,0,[],False,Z2xZ2,Z2,[],{}
420,191,False,0,[],False,Z2xZ2,Z2,[],{}
420,197,False,0,[],False,Z2xZ2,Z2,[],{}
420,215,False,0,[],False,Z2xZ2,Z2,[],{}
420,296,False,0,[],False,Z2xZ2,Trivial,[],{}
420,350,True,54,[430],True,Z2xZ2,Z2xZ2,['Z2xZ2'],{430: 54}
420,354,True,108,[434],True,Z2xZ2,Z2,['Z2'],{434: 108}
420,360,True,54,[420],True,Z2xZ2,Z2xZ2,['Z2xZ2'],{420: 54}
420,370,True,54,[410],True,Z2xZ2,Z2xZ2,['Z2xZ2'],{410: 54}
420,380,True,54,[400],True,Z2xZ2,Z2xZ2,['Z2xZ2'],{400: 54}
420,390,True,54,[390],True,Z2xZ2,Z2xZ2,['Z2xZ2'],{390: 54}
420,394,True,108,[394],True,Z2xZ2,Z2,['Z2'],{394: 108}
420,400,True,54,[380],True,Z2xZ2,Z2xZ2,['Z2xZ2'],{380: 54}
420,410,True,54,[370],True,Z2xZ2,Z2xZ2,['Z2xZ2'],{370: 54}
420,420,True,54,[360],True,Z2xZ2,Z2xZ2,['Z2xZ2'],{360: 54}
420,430,True,54,[350],True,Z2xZ2,Z2xZ2,['Z2xZ2'],{350: 54}
420,434,True,108,[354],True,Z2xZ2,Z2,['Z2'],{354: 108}
420,440,True,108,[560],True,Z2xZ2,Z2,['Z2'],{560: 108}
420,500,True,108,[500],True,Z2xZ2,Z2,['Z2'],{500: 108}
420,560,True,108,[440],True,Z2xZ2,Z2,['Z2'],{440: 108}
420,980,False,0,[],False,Z2xZ2,Z2xZ2,[],{}
420,982,False,0,[],False,Z2xZ2,Z2xZ2,[],{}
420,984,False,0,[],False,Z2xZ2,Z2xZ2,[],{}
420,986,False,0,[],False,Z2xZ2,Z2,[],{}
420,995,False,0,[],False,Z2xZ2,Z2,[],{}
420,1010,False,0,[],False,Z2xZ2,Z2,[],{}
420,1025,False,0,[],False,Z2xZ2,Z2,[],{}
420,1031,False,0,[],False,Z2xZ2,Trivial,[],{}
420,1040,False,0,[],False,Z2xZ2,Z2,[],{}
420,1055,False,0,[],False,Z2xZ2,Z2xZ2,[],{}
420,1057,False,0,[],False,Z2xZ2,Z2xZ2,[],{}
420,1059,False,0,[],False,Z2xZ2,Z2xZ2,[],{}
420,1100,False,0,[],False,Z2xZ2,Z2,[],{}
420,1130,False,0,[],False,Z2xZ2,Z2xZ2,[],{}
420,1132,False,0,[],False,Z2xZ2,Z2xZ2,[],{}
420,1134,False,0,[],False,Z2xZ2,Z2xZ2,[],{}
420,1175,False,0,[],False,Z2xZ2,Z2,[],{}
430,0,True,54,[430],True,Z2xZ2,(Z2)^3,['Z2xZ2'],{430: 54}
430,1,False,0,[],False,Z2xZ2,Z2xZ2,[],{}
430,2,False,0,[],False,Z2xZ2,Z2xZ2,[],{}
430,4,True,108,[434],True,Z2xZ2,Z2xZ2,['Z2'],{434: 108}
430,5,False,0,[],False,Z2xZ2,Z2xZ2,[],{}
430,6,False,0,[],False,Z2xZ2,Z2xZ2,[],{}
430,10,True,108,"[410, 420]",False,Z2xZ2,Z2xZ2,['Z2xZ2'],"{410: 54, 420: 54}"
430,20,True,108,"[370, 400]",False,Z2xZ2,Z2xZ2,['Z2xZ2'],"{370: 54, 400: 54}"
430,30,True,108,"[350, 390]",False,Z2xZ2,Z2xZ2,['Z2xZ2'],"{350: 54, 390: 54}"
430,34,True,216,"[354, 394]",False,Z2xZ2,Z2,['Z2'],"{354: 108, 394: 108}"
430,40,True,108,"[360, 380]",False,Z2xZ2,Z2xZ2,['Z2xZ2'],"{360: 54, 380: 54}"
430,50,True,108,[560],True,Z2xZ2,Z2xZ2,['Z2'],{560: 108}
430,52,False,0,[],False,Z2xZ2,Z2xZ2,[],{}
430,54,False,0,[],False,Z2xZ2,Z2xZ2,[],{}
430,95,True,216,"[440, 500]",False,Z2xZ2,Z2,['Z2'],"{440: 108, 500: 108}"
430,125,False,0,[],False,Z2xZ2,Z2xZ2,[],{}
430,126,False,0,[],False,Z2xZ2,Z2xZ2,[],{}
430,127,False,0,[],False,Z2xZ2,Z2xZ2,[],{}
430,131,False,0,[],False,Z2xZ2,Z2xZ2,[],{}
430,132,False,0,[],False,Z2xZ2,Z2xZ2,[],{}
430,133,False,0,[],False,Z2xZ2,Z2xZ2,[],{}
430,137,False,0,[],False,Z2xZ2,Z2xZ2,[],{}
430,138,False,0,[],False,Z2xZ2,Z2xZ2,[],{}
430,139,False,0,[],False,Z2xZ2,Z2xZ2,[],{}
430,143,False,0,[],False,Z2xZ2,Z2,[],{}
430,161,False,0,[],False,Z2xZ2,Z2,[],{}
430,179,False,0,[],False,Z2xZ2,Z2,[],{}
430,185,False,0,[],False,Z2xZ2,Z2,[],{}
430,191,False,0,[],False,Z2xZ2,Z2,[],{}
430,197,False,0,[],False,Z2xZ2,Z2,[],{}
430,215,False,0,[],False,Z2xZ2,Z2,[],{}
430,296,False,0,[],False,Z2xZ2,Trivial,[],{}
430,350,False,0,[],False,Z2xZ2,Z2xZ2,[],{}
430,354,False,0,[],False,Z2xZ2,Z2,[],{}
430,360,False,0,[],False,Z2xZ2,Z2xZ2,[],{}
430,370,False,0,[],False,Z2xZ2,Z2xZ2,[],{}
430,380,False,0,[],False,Z2xZ2,Z2xZ2,[],{}
430,390,False,0,[],False,Z2xZ2,Z2xZ2,[],{}
430,394,False,0,[],False,Z2xZ2,Z2,[],{}
430,400,False,0,[],False,Z2xZ2,Z2xZ2,[],{}
430,410,False,0,[],False,Z2xZ2,Z2xZ2,[],{}
430,420,False,0,[],False,Z2xZ2,Z2xZ2,[],{}
430,430,False,0,[],False,Z2xZ2,Z2xZ2,[],{}
430,434,False,0,[],False,Z2xZ2,Z2,[],{}
430,440,False,0,[],False,Z2xZ2,Z2,[],{}
430,500,False,0,[],False,Z2xZ2,Z2,[],{}
430,560,False,0,[],False,Z2xZ2,Z2,[],{}
430,980,False,0,[],False,Z2xZ2,Z2xZ2,[],{}
430,982,False,0,[],False,Z2xZ2,Z2xZ2,[],{}
430,984,False,0,[],False,Z2xZ2,Z2xZ2,[],{}
430,986,False,0,[],False,Z2xZ2,Z2,[],{}
430,995,False,0,[],False,Z2xZ2,Z2,[],{}
430,1010,False,0,[],False,Z2xZ2,Z2,[],{}
430,1025,False,0,[],False,Z2xZ2,Z2,[],{}
430,1031,False,0,[],False,Z2xZ2,Trivial,[],{}
430,1040,False,0,[],False,Z2xZ2,Z2,[],{}
430,1055,False,0,[],False,Z2xZ2,Z2xZ2,[],{}
430,1057,False,0,[],False,Z2xZ2,Z2xZ2,[],{}
430,1059,False,0,[],False,Z2xZ2,Z2xZ2,[],{}
430,1100,False,0,[],False,Z2xZ2,Z2,[],{}
430,1130,False,0,[],False,Z2xZ2,Z2xZ2,[],{}
430,1132,False,0,[],False,Z2xZ2,Z2xZ2,[],{}
430,1134,False,0,[],False,Z2xZ2,Z2xZ2,[],{}
430,1175,False,0,[],False,Z2xZ2,Z2,[],{}
434,0,False,0,[],False,Z2,(Z2)^3,[],{}
434,1,False,0,[],False,Z2,Z2xZ2,[],{}
434,2,False,0,[],False,Z2,Z2xZ2,[],{}
434,4,False,0,[],False,Z2,Z2xZ2,[],{}
434,5,False,0,[],False,Z2,Z2xZ2,[],{}
434,6,False,0,[],False,Z2,Z2xZ2,[],{}
434,10,False,0,[],False,Z2,Z2xZ2,[],{}
434,20,False,0,[],False,Z2,Z2xZ2,[],{}
434,30,False,0,[],False,Z2,Z2xZ2,[],{}
434,34,False,0,[],False,Z2,Z2,[],{}
434,40,False,0,[],False,Z2,Z2xZ2,[],{}
434,50,False,0,[],False,Z2,Z2xZ2,[],{}
434,52,False,0,[],False,Z2,Z2xZ2,[],{}
434,54,False,0,[],False,Z2,Z2xZ2,[],{}
434,95,False,0,[],False,Z2,Z2,[],{}
434,125,True,108,[430],True,Z2,Z2xZ2,['Z2xZ2'],{430: 108}
434,126,False,0,[],False,Z2,Z2xZ2,[],{}
434,127,False,0,[],False,Z2,Z2xZ2,[],{}
434,131,True,108,[434],True,Z2,Z2xZ2,['Z2'],{434: 108}
434,132,False,0,[],False,Z2,Z2xZ2,[],{}
434,133,False,0,[],False,Z2,Z2xZ2,[],{}
434,137,True,108,[434],True,Z2,Z2xZ2,['Z2'],{434: 108}
434,138,False,0,[],False,Z2,Z2xZ2,[],{}
434,139,False,0,[],False,Z2,Z2xZ2,[],{}
434,143,True,216,"[410, 420]",False,Z2,Z2,['Z2xZ2'],"{410: 108, 420: 108}"
434,161,True,216,"[370, 400]",False,Z2,Z2,['Z2xZ2'],"{370: 108, 400: 108}"
434,179,True,216,"[350, 390]",False,Z2,Z2,['Z2xZ2'],"{350: 108, 390: 108}"
434,185,True,216,"[354, 394]",False,Z2,Z2,['Z2'],"{354: 108, 394: 108}"
434,191,True,216,"[354, 394]",False,Z2,Z2,['Z2'],"{354: 108, 394: 108}"
434,197,True,216,"[360, 380]",False,Z2,Z2,['Z2xZ2'],"{360: 108, 380: 108}"
434,215,True,216,[560],True,Z2,Z2,['Z2'],{560: 216}
434,296,True,432,"[440, 500]",False,Z2,Trivial,['Z2'],"{440: 216, 500: 216}"
434,350,False,0,[],False,Z2,Z2xZ2,[],{}
434,354,False,0,[],False,Z2,Z2,[],{}
434,360,False,0,[],False,Z2,Z2xZ2,[],{}
434,370,False,0,[],False,Z2,Z2xZ2,[],{}
434,380,False,0,[],False,Z2,Z2xZ2,[],{}
434,390,False,0,[],False,Z2,Z2xZ2,[],{}
434,394,False,0,[],False,Z2,Z2,[],{}
434,400,False,0,[],False,Z2,Z2xZ2,[],{}
434,410,False,0,[],False,Z2,Z2xZ2,[],{}
434,420,False,0,[],False,Z2,Z2xZ2,[],{}
434,430,False,0,[],False,Z2,Z2xZ2,[],{}
434,434,False,0,[],False,Z2,Z2,[],{}
434,440,False,0,[],False,Z2,Z2,[],{}
434,500,False,0,[],False,Z2,Z2,[],{}
434,560,False,0,[],False,Z2,Z2,[],{}
434,980,False,0,[],False,Z2,Z2xZ2,[],{}
434,982,False,0,[],False,Z2,Z2xZ2,[],{}
434,984,False,0,[],False,Z2,Z2xZ2,[],{}
434,986,False,0,[],False,Z2,Z2,[],{}
434,995,False,0,[],False,Z2,Z2,[],{}
434,1010,False,0,[],False,Z2,Z2,[],{}
434,1025,False,0,[],False,Z2,Z2,[],{}
434,1031,False,0,[],False,Z2,Trivial,[],{}
434,1040,False,0,[],False,Z2,Z2,[],{}
434,1055,False,0,[],False,Z2,Z2xZ2,[],{}
434,1057,False,0,[],False,Z2,Z2xZ2,[],{}
434,1059,False,0,[],False,Z2,Z2xZ2,[],{}
434,1100,False,0,[],False,Z2,Z2,[],{}
434,1130,False,0,[],False,Z2,Z2xZ2,[],{}
434,1132,False,0,[],False,Z2,Z2xZ2,[],{}
434,1134,False,0,[],False,Z2,Z2xZ2,[],{}
434,1175,False,0,[],False,Z2,Z2,[],{}
440,0,False,0,[],False,Z2,(Z2)^3,[],{}
440,1,False,0,[],False,Z2,Z2xZ2,[],{}
440,2,False,0,[],False,Z2,Z2xZ2,[],{}
440,4,False,0,[],False,Z2,Z2xZ2,[],{}
440,5,False,0,[],False,Z2,Z2xZ2,[],{}
440,6,False,0,[],False,Z2,Z2xZ2,[],{}
440,10,False,0,[],False,Z2,Z2xZ2,[],{}
440,20,False,0,[],False,Z2,Z2xZ2,[],{}
440,30,False,0,[],False,Z2,Z2xZ2,[],{}
440,34,False,0,[],False,Z2,Z2,[],{}
440,40,False,0,[],False,Z2,Z2xZ2,[],{}
440,50,False,0,[],False,Z2,Z2xZ2,[],{}
440,52,False,0,[],False,Z2,Z2xZ2,[],{}
440,54,False,0,[],False,Z2,Z2xZ2,[],{}
440,95,False,0,[],False,Z2,Z2,[],{}
440,125,False,0,[],False,Z2,Z2xZ2,[],{}
440,126,False,0,[],False,Z2,Z2xZ2,[],{}
440,127,False,0,[],False,Z2,Z2xZ2,[],{}
440,131,False,0,[],False,Z2,Z2xZ2,[],{}
440,132,False,0,[],False,Z2,Z2xZ2,[],{}
440,133,False,0,[],False,Z2,Z2xZ2,[],{}
440,137,False,0,[],False,Z2,Z2xZ2,[],{}
440,138,False,0,[],False,Z2,Z2xZ2,[],{}
440,139,False,0,[],False,Z2,Z2xZ2,[],{}
440,143,False,0,[],False,Z2,Z2,[],{}
440,161,False,0,[],False,Z2,Z2,[],{}
440,179,False,0,[],False,Z2,Z2,[],{}
440,185,False,0,[],False,Z2,Z2,[],{}
440,191,False,0,[],False,Z2,Z2,[],{}
440,197,False,0,[],False,Z2,Z2,[],{}
440,215,False,0,[],False,Z2,Z2,[],{}
440,296,False,0,[],False,Z2,Trivial,[],{}
440,350,False,0,[],False,Z2,Z2xZ2,[],{}
440,354,False,0,[],False,Z2,Z2,[],{}
440,360,False,0,[],False,Z2,Z2xZ2,[],{}
440,370,False,0,[],False,Z2,Z2xZ2,[],{}
440,380,False,0,[],False,Z2,Z2xZ2,[],{}
440,390,False,0,[],False,Z2,Z2xZ2,[],{}
440,394,False,0,[],False,Z2,Z2,[],{}
440,400,False,0,[],False,Z2,Z2xZ2,[],{}
440,410,False,0,[],False,Z2,Z2xZ2,[],{}
440,420,False,0,[],False,Z2,Z2xZ2,[],{}
440,430,False,0,[],False,Z2,Z2xZ2,[],{}
440,434,False,0,[],False,Z2,Z2,[],{}
440,440,False,0,[],False,Z2,Z2,[],{}
440,500,False,0,[],False,Z2,Z2,[],{}
440,560,False,0,[],False,Z2,Z2,[],{}
440,980,True,108,[350],True,Z2,Z2xZ2,['Z2xZ2'],{350: 108}
440,982,False,0,[],False,Z2,Z2xZ2,[],{}
440,984,False,0,[],False,Z2,Z2xZ2,[],{}
440,986,True,216,[354],True,Z2,Z2,['Z2'],{354: 216}
440,995,True,216,"[360, 370]",False,Z2,Z2,['Z2xZ2'],"{360: 108, 370: 108}"
440,1010,True,216,"[380, 410]",False,Z2,Z2,['Z2xZ2'],"{380: 108, 410: 108}"
440,1025,True,216,"[390, 430]",False,Z2,Z2,['Z2xZ2'],"{390: 108, 430: 108}"
440,1031,True,432,"[394, 434]",False,Z2,Trivial,['Z2'],"{394: 216, 434: 216}"
440,1040,True,216,"[400, 420]",False,Z2,Z2,['Z2xZ2'],"{400: 108, 420: 108}"
440,1055,True,108,[440],True,Z2,Z2xZ2,['Z2'],{440: 108}
440,1057,False,0,[],False,Z2,Z2xZ2,[],{}
440,1059,False,0,[],False,Z2,Z2xZ2,[],{}
440,1100,True,216,"[500, 560]",False,Z2,Z2,['Z2'],"{500: 108, 560: 108}"
440,1130,True,108,[440],True,Z2,Z2xZ2,['Z2'],{440: 108}
440,1132,False,0,[],False,Z2,Z2xZ2,[],{}
440,1134,False,0,[],False,Z2,Z2xZ2,[],{}
440,1175,True,216,"[500, 560]",False,Z2,Z2,['Z2'],"{500: 108, 560: 108}"
500,0,False,0,[],False,Z2,(Z2)^3,[],{}
500,1,False,0,[],False,Z2,Z2xZ2,[],{}
500,2,False,0,[],False,Z2,Z2xZ2,[],{}
500,4,False,0,[],False,Z2,Z2xZ2,[],{}
500,5,False,0,[],False,Z2,Z2xZ2,[],{}
500,6,False,0,[],False,Z2,Z2xZ2,[],{}
500,10,False,0,[],False,Z2,Z2xZ2,[],{}
500,20,False,0,[],False,Z2,Z2xZ2,[],{}
500,30,False,0,[],False,Z2,Z2xZ2,[],{}
500,34,False,0,[],False,Z2,Z2,[],{}
500,40,False,0,[],False,Z2,Z2xZ2,[],{}
500,50,False,0,[],False,Z2,Z2xZ2,[],{}
500,52,False,0,[],False,Z2,Z2xZ2,[],{}
500,54,False,0,[],False,Z2,Z2xZ2,[],{}
500,95,False,0,[],False,Z2,Z2,[],{}
500,125,False,0,[],False,Z2,Z2xZ2,[],{}
500,126,False,0,[],False,Z2,Z2xZ2,[],{}
500,127,False,0,[],False,Z2,Z2xZ2,[],{}
500,131,False,0,[],False,Z2,Z2xZ2,[],{}
500,132,False,0,[],False,Z2,Z2xZ2,[],{}
500,133,False,0,[],False,Z2,Z2xZ2,[],{}
500,137,False,0,[],False,Z2,Z2xZ2,[],{}
500,138,False,0,[],False,Z2,Z2xZ2,[],{}
500,139,False,0,[],False,Z2,Z2xZ2,[],{}
500,143,False,0,[],False,Z2,Z2,[],{}
500,161,False,0,[],False,Z2,Z2,[],{}
500,179,False,0,[],False,Z2,Z2,[],{}
500,185,False,0,[],False,Z2,Z2,[],{}
500,191,False,0,[],False,Z2,Z2,[],{}
500,197,False,0,[],False,Z2,Z2,[],{}
500,215,False,0,[],False,Z2,Z2,[],{}
500,296,False,0,[],False,Z2,Trivial,[],{}
500,350,False,0,[],False,Z2,Z2xZ2,[],{}
500,354,False,0,[],False,Z2,Z2,[],{}
500,360,False,0,[],False,Z2,Z2xZ2,[],{}
500,370,False,0,[],False,Z2,Z2xZ2,[],{}
500,380,False,0,[],False,Z2,Z2xZ2,[],{}
500,390,False,0,[],False,Z2,Z2xZ2,[],{}
500,394,False,0,[],False,Z2,Z2,[],{}
500,400,False,0,[],False,Z2,Z2xZ2,[],{}
500,410,False,0,[],False,Z2,Z2xZ2,[],{}
500,420,False,0,[],False,Z2,Z2xZ2,[],{}
500,430,False,0,[],False,Z2,Z2xZ2,[],{}
500,434,False,0,[],False,Z2,Z2,[],{}
500,440,False,0,[],False,Z2,Z2,[],{}
500,500,False,0,[],False,Z2,Z2,[],{}
500,560,False,0,[],False,Z2,Z2,[],{}
500,980,True,108,[390],True,Z2,Z2xZ2,['Z2xZ2'],{390: 108}
500,982,False,0,[],False,Z2,Z2xZ2,[],{}
500,984,False,0,[],False,Z2,Z2xZ2,[],{}
500,986,True,216,[394],True,Z2,Z2,['Z2'],{394: 216}
500,995,True,216,"[380, 400]",False,Z2,Z2,['Z2xZ2'],"{380: 108, 400: 108}"
500,1010,True,216,"[360, 420]",False,Z2,Z2,['Z2xZ2'],"{360: 108, 420: 108}"
500,1025,True,216,"[350, 430]",False,Z2,Z2,['Z2xZ2'],"{350: 108, 430: 108}"
500,1031,True,432,"[354, 434]",False,Z2,Trivial,['Z2'],"{354: 216, 434: 216}"
500,1040,True,216,"[370, 410]",False,Z2,Z2,['Z2xZ2'],"{370: 108, 410: 108}"
500,1055,True,108,[500],True,Z2,Z2xZ2,['Z2'],{500: 108}
500,1057,False,0,[],False,Z2,Z2xZ2,[],{}
500,1059,False,0,[],False,Z2,Z2xZ2,[],{}
500,1100,True,216,"[440, 560]",False,Z2,Z2,['Z2'],"{440: 108, 560: 108}"
500,1130,True,108,[500],True,Z2,Z2xZ2,['Z2'],{500: 108}
500,1132,False,0,[],False,Z2,Z2xZ2,[],{}
500,1134,False,0,[],False,Z2,Z2xZ2,[],{}
500,1175,True,216,"[440, 560]",False,Z2,Z2,['Z2'],"{440: 108, 560: 108}"
560,0,False,0,[],False,Z2,(Z2)^3,[],{}
560,1,False,0,[],False,Z2,Z2xZ2,[],{}
560,2,False,0,[],False,Z2,Z2xZ2,[],{}
560,4,False,0,[],False,Z2,Z2xZ2,[],{}
560,5,False,0,[],False,Z2,Z2xZ2,[],{}
560,6,False,0,[],False,Z2,Z2xZ2,[],{}
560,10,False,0,[],False,Z2,Z2xZ2,[],{}
560,20,False,0,[],False,Z2,Z2xZ2,[],{}
560,30,False,0,[],False,Z2,Z2xZ2,[],{}
560,34,False,0,[],False,Z2,Z2,[],{}
560,40,False,0,[],False,Z2,Z2xZ2,[],{}
560,50,False,0,[],False,Z2,Z2xZ2,[],{}
560,52,False,0,[],False,Z2,Z2xZ2,[],{}
560,54,False,0,[],False,Z2,Z2xZ2,[],{}
560,95,False,0,[],False,Z2,Z2,[],{}
560,125,False,0,[],False,Z2,Z2xZ2,[],{}
560,126,False,0,[],False,Z2,Z2xZ2,[],{}
560,127,False,0,[],False,Z2,Z2xZ2,[],{}
560,131,False,0,[],False,Z2,Z2xZ2,[],{}
560,132,False,0,[],False,Z2,Z2xZ2,[],{}
560,133,False,0,[],False,Z2,Z2xZ2,[],{}
560,137,False,0,[],False,Z2,Z2xZ2,[],{}
560,138,False,0,[],False,Z2,Z2xZ2,[],{}
560,139,False,0,[],False,Z2,Z2xZ2,[],{}
560,143,False,0,[],False,Z2,Z2,[],{}
560,161,False,0,[],False,Z2,Z2,[],{}
560,179,False,0,[],False,Z2,Z2,[],{}
560,185,False,0,[],False,Z2,Z2,[],{}
560,191,False,0,[],False,Z2,Z2,[],{}
560,197,False,0,[],False,Z2,Z2,[],{}
560,215,False,0,[],False,Z2,Z2,[],{}
560,296,False,0,[],False,Z2,Trivial,[],{}
560,350,False,0,[],False,Z2,Z2xZ2,[],{}
560,354,False,0,[],False,Z2,Z2,[],{}
560,360,False,0,[],False,Z2,Z2xZ2,[],{}
560,370,False,0,[],False,Z2,Z2xZ2,[],{}
560,380,False,0,[],False,Z2,Z2xZ2,[],{}
560,390,False,0,[],False,Z2,Z2xZ2,[],{}
560,394,False,0,[],False,Z2,Z2,[],{}
560,400,False,0,[],False,Z2,Z2xZ2,[],{}
560,410,False,0,[],False,Z2,Z2xZ2,[],{}
560,420,False,0,[],False,Z2,Z2xZ2,[],{}
560,430,False,0,[],False,Z2,Z2xZ2,[],{}
560,434,False,0,[],False,Z2,Z2,[],{}
560,440,False,0,[],False,Z2,Z2,[],{}
560,500,False,0,[],False,Z2,Z2,[],{}
560,560,False,0,[],False,Z2,Z2,[],{}
560,980,True,108,[430],True,Z2,Z2xZ2,['Z2xZ2'],{430: 108}
560,982,False,0,[],False,Z2,Z2xZ2,[],{}
560,984,False,0,[],False,Z2,Z2xZ2,[],{}
560,986,True,216,[434],True,Z2,Z2,['Z2'],{434: 216}
560,995,True,216,"[410, 420]",False,Z2,Z2,['Z2xZ2'],"{410: 108, 420: 108}"
560,1010,True,216,"[370, 400]",False,Z2,Z2,['Z2xZ2'],"{370: 108, 400: 108}"
560,1025,True,216,"[350, 390]",False,Z2,Z2,['Z2xZ2'],"{350: 108, 390: 108}"
560,1031,True,432,"[354, 394]",False,Z2,Trivial,['Z2'],"{354: 216, 394: 216}"
560,1040,True,216,"[360, 380]",False,Z2,Z2,['Z2xZ2'],"{360: 108, 380: 108}"
560,1055,True,108,[560],True,Z2,Z2xZ2,['Z2'],{560: 108}
560,1057,False,0,[],False,Z2,Z2xZ2,[],{}
560,1059,False,0,[],False,Z2,Z2xZ2,[],{}
560,1100,True,216,"[440, 500]",False,Z2,Z2,['Z2'],"{440: 108, 500: 108}"
560,1130,True,108,[560],True,Z2,Z2xZ2,['Z2'],{560: 108}
560,1132,False,0,[],False,Z2,Z2xZ2,[],{}
560,1134,False,0,[],False,Z2,Z2xZ2,[],{}
560,1175,True,216,"[440, 500]",False,Z2,Z2,['Z2'],"{440: 108, 500: 108}"
980,0,True,54,[980],True,Z2xZ2,(Z2)^3,['Z2xZ2'],{980: 54}
980,1,False,0,[],False,Z2xZ2,Z2xZ2,[],{}
980,2,False,0,[],False,Z2xZ2,Z2xZ2,[],{}
980,4,True,108,[986],True,Z2xZ2,Z2xZ2,['Z2'],{986: 108}
980,5,False,0,[],False,Z2xZ2,Z2xZ2,[],{}
980,6,False,0,[],False,Z2xZ2,Z2xZ2,[],{}
980,10,True,108,[995],True,Z2xZ2,Z2xZ2,['Z2'],{995: 108}
980,20,True,108,[1010],True,Z2xZ2,Z2xZ2,['Z2'],{1010: 108}
980,30,True,108,[1025],True,Z2xZ2,Z2xZ2,['Z2'],{1025: 108}
980,34,True,216,[1031],True,Z2xZ2,Z2,['Trivial'],{1031: 216}
980,40,True,108,[1040],True,Z2xZ2,Z2xZ2,['Z2'],{1040: 108}
980,50,True,108,"[1055, 1130]",False,Z2xZ2,Z2xZ2,['Z2xZ2'],"{1055: 54, 1130: 54}"
980,52,False,0,[],False,Z2xZ2,Z2xZ2,[],{}
980,54,False,0,[],False,Z2xZ2,Z2xZ2,[],{}
980,95,True,216,"[1100, 1175]",False,Z2xZ2,Z2,['Z2'],"{1100: 108, 1175: 108}"
980,125,False,0,[],False,Z2xZ2,Z2xZ2,[],{}
980,126,False,0,[],False,Z2xZ2,Z2xZ2,[],{}
980,127,False,0,[],False,Z2xZ2,Z2xZ2,[],{}
980,131,False,0,[],False,Z2xZ2,Z2xZ2,[],{}
980,132,False,0,[],False,Z2xZ2,Z2xZ2,[],{}
980,133,False,0,[],False,Z2xZ2,Z2xZ2,[],{}
980,137,False,0,[],False,Z2xZ2,Z2xZ2,[],{}
980,138,False,0,[],False,Z2xZ2,Z2xZ2,[],{}
980,139,False,0,[],False,Z2xZ2,Z2xZ2,[],{}
980,143,False,0,[],False,Z2xZ2,Z2,[],{}
980,161,False,0,[],False,Z2xZ2,Z2,[],{}
980,179,False,0,[],False,Z2xZ2,Z2,[],{}
980,185,False,0,[],False,Z2xZ2,Z2,[],{}
980,191,False,0,[],False,Z2xZ2,Z2,[],{}
980,197,False,0,[],False,Z2xZ2,Z2,[],{}
980,215,False,0,[],False,Z2xZ2,Z2,[],{}
980,296,False,0,[],False,Z2xZ2,Trivial,[],{}
980,350,False,0,[],False,Z2xZ2,Z2xZ2,[],{}
980,354,False,0,[],False,Z2xZ2,Z2,[],{}
980,360,False,0,[],False,Z2xZ2,Z2xZ2,[],{}
980,370,False,0,[],False,Z2xZ2,Z2xZ2,[],{}
980,380,False,0,[],False,Z2xZ2,Z2xZ2,[],{}
980,390,False,0,[],False,Z2xZ2,Z2xZ2,[],{}
980,394,False,0,[],False,Z2xZ2,Z2,[],{}
980,400,False,0,[],False,Z2xZ2,Z2xZ2,[],{}
980,410,False,0,[],False,Z2xZ2,Z2xZ2,[],{}
980,420,False,0,[],False,Z2xZ2,Z2xZ2,[],{}
980,430,False,0,[],False,Z2xZ2,Z2xZ2,[],{}
980,434,False,0,[],False,Z2xZ2,Z2,[],{}
980,440,False,0,[],False,Z2xZ2,Z2,[],{}
980,500,False,0,[],False,Z2xZ2,Z2,[],{}
980,560,False,0,[],False,Z2xZ2,Z2,[],{}
980,980,False,0,[],False,Z2xZ2,Z2xZ2,[],{}
980,982,False,0,[],False,Z2xZ2,Z2xZ2,[],{}
980,984,False,0,[],False,Z2xZ2,Z2xZ2,[],{}
980,986,False,0,[],False,Z2xZ2,Z2,[],{}
980,995,False,0,[],False,Z2xZ2,Z2,[],{}
980,1010,False,0,[],False,Z2xZ2,Z2,[],{}
980,1025,False,0,[],False,Z2xZ2,Z2,[],{}
980,1031,False,0,[],False,Z2xZ2,Trivial,[],{}
980,1040,False,0,[],False,Z2xZ2,Z2,[],{}
980,1055,False,0,[],False,Z2xZ2,Z2xZ2,[],{}
980,1057,False,0,[],False,Z2xZ2,Z2xZ2,[],{}
980,1059,False,0,[],False,Z2xZ2,Z2xZ2,[],{}
980,1100,False,0,[],False,Z2xZ2,Z2,[],{}
980,1130,False,0,[],False,Z2xZ2,Z2xZ2,[],{}
980,1132,False,0,[],False,Z2xZ2,Z2xZ2,[],{}
980,1134,False,0,[],False,Z2xZ2,Z2xZ2,[],{}
980,1175,False,0,[],False,Z2xZ2,Z2,[],{}
982,0,False,0,[],False,Z2xZ2,(Z2)^3,[],{}
982,1,False,0,[],False,Z2xZ2,Z2xZ2,[],{}
982,2,True,54,[982],True,Z2xZ2,Z2xZ2,['Z2xZ2'],{982: 54}
982,4,False,0,[],False,Z2xZ2,Z2xZ2,[],{}
982,5,False,0,[],False,Z2xZ2,Z2xZ2,[],{}
982,6,False,0,[],False,Z2xZ2,Z2xZ2,[],{}
982,10,False,0,[],False,Z2xZ2,Z2xZ2,[],{}
982,20,False,0,[],False,Z2xZ2,Z2xZ2,[],{}
982,30,False,0,[],False,Z2xZ2,Z2xZ2,[],{}
982,34,False,0,[],False,Z2xZ2,Z2,[],{}
982,40,False,0,[],False,Z2xZ2,Z2xZ2,[],{}
982,50,False,0,[],False,Z2xZ2,Z2xZ2,[],{}
982,52,True,54,[1057],True,Z2xZ2,Z2xZ2,['Z2xZ2'],{1057: 54}
982,54,True,54,[1132],True,Z2xZ2,Z2xZ2,['Z2xZ2'],{1132: 54}
982,95,False,0,[],False,Z2xZ2,Z2,[],{}
982,125,False,0,[],False,Z2xZ2,Z2xZ2,[],{}
982,126,False,0,[],False,Z2xZ2,Z2xZ2,[],{}
982,127,False,0,[],False,Z2xZ2,Z2xZ2,[],{}
982,131,False,0,[],False,Z2xZ2,Z2xZ2,[],{}
982,132,False,0,[],False,Z2xZ2,Z2xZ2,[],{}
982,133,False,0,[],False,Z2xZ2,Z2xZ2,[],{}
982,137,False,0,[],False,Z2xZ2,Z2xZ2,[],{}
982,138,False,0,[],False,Z2xZ2,Z2xZ2,[],{}
982,139,False,0,[],False,Z2xZ2,Z2xZ2,[],{}
982,143,False,0,[],False,Z2xZ2,Z2,[],{}
982,161,False,0,[],False,Z2xZ2,Z2,[],{}
982,179,False,0,[],False,Z2xZ2,Z2,[],{}
982,185,False,0,[],False,Z2xZ2,Z2,[],{}
982,191,False,0,[],False,Z2xZ2,Z2,[],{}
982,197,False,0,[],False,Z2xZ2,Z2,[],{}
982,215,False,0,[],False,Z2xZ2,Z2,[],{}
982,296,False,0,[],False,Z2xZ2,Trivial,[],{}
982,350,False,0,[],False,Z2xZ2,Z2xZ2,[],{}
982,354,False,0,[],False,Z2xZ2,Z2,[],{}
982,360,False,0,[],False,Z2xZ2,Z2xZ2,[],{}
982,370,False,0,[],False,Z2xZ2,Z2xZ2,[],{}
982,380,False,0,[],False,Z2xZ2,Z2xZ2,[],{}
982,390,False,0,[],False,Z2xZ2,Z2xZ2,[],{}
982,394,False,0,[],False,Z2xZ2,Z2,[],{}
982,400,False,0,[],False,Z2xZ2,Z2xZ2,[],{}
982,410,False,0,[],False,Z2xZ2,Z2xZ2,[],{}
982,420,False,0,[],False,Z2xZ2,Z2xZ2,[],{}
982,430,False,0,[],False,Z2xZ2,Z2xZ2,[],{}
982,434,False,0,[],False,Z2xZ2,Z2,[],{}
982,440,False,0,[],False,Z2xZ2,Z2,[],{}
982,500,False,0,[],False,Z2xZ2,Z2,[],{}
982,560,False,0,[],False,Z2xZ2,Z2,[],{}
982,980,False,0,[],False,Z2xZ2,Z2xZ2,[],{}
982,982,False,0,[],False,Z2xZ2,Z2xZ2,[],{}
982,984,False,0,[],False,Z2xZ2,Z2xZ2,[],{}
982,986,False,0,[],False,Z2xZ2,Z2,[],{}
982,995,False,0,[],False,Z2xZ2,Z2,[],{}
982,1010,False,0,[],False,Z2xZ2,Z2,[],{}
982,1025,False,0,[],False,Z2xZ2,Z2,[],{}
982,1031,False,0,[],False,Z2xZ2,Trivial,[],{}
982,1040,False,0,[],False,Z2xZ2,Z2,[],{}
982,1055,False,0,[],False,Z2xZ2,Z2xZ2,[],{}
982,1057,False,0,[],False,Z2xZ2,Z2xZ2,[],{}
982,1059,False,0,[],False,Z2xZ2,Z2xZ2,[],{}
982,1100,False,0,[],False,Z2xZ2,Z2,[],{}
982,1130,False,0,[],False,Z2xZ2,Z2xZ2,[],{}
982,1132,False,0,[],False,Z2xZ2,Z2xZ2,[],{}
982,1134,False,0,[],False,Z2xZ2,Z2xZ2,[],{}
982,1175,False,0,[],False,Z2xZ2,Z2,[],{}
984,0,False,0,[],False,Z2xZ2,(Z2)^3,[],{}
984,1,False,0,[],False,Z2xZ2,Z2xZ2,[],{}
984,2,True,54,[984],True,Z2xZ2,Z2xZ2,['Z2xZ2'],{984: 54}
984,4,False,0,[],False,Z2xZ2,Z2xZ2,[],{}
984,5,False,0,[],False,Z2xZ2,Z2xZ2,[],{}
984,6,False,0,[],False,Z2xZ2,Z2xZ2,[],{}
984,10,False,0,[],False,Z2xZ2,Z2xZ2,[],{}
984,20,False,0,[],False,Z2xZ2,Z2xZ2,[],{}
984,30,False,0,[],False,Z2xZ2,Z2xZ2,[],{}
984,34,False,0,[],False,Z2xZ2,Z2,[],{}
984,40,False,0,[],False,Z2xZ2,Z2xZ2,[],{}
984,50,False,0,[],False,Z2xZ2,Z2xZ2,[],{}
984,52,True,54,[1134],True,Z2xZ2,Z2xZ2,['Z2xZ2'],{1134: 54}
984,54,True,54,[1059],True,Z2xZ2,Z2xZ2,['Z2xZ2'],{1059: 54}
984,95,False,0,[],False,Z2xZ2,Z2,[],{}
984,125,False,0,[],False,Z2xZ2,Z2xZ2,[],{}
984,126,False,0,[],False,Z2xZ2,Z2xZ2,[],{}
984,127,False,0,[],False,Z2xZ2,Z2xZ2,[],{}
984,131,False,0,[],False,Z2xZ2,Z2xZ2,[],{}
984,132,False,0,[],False,Z2xZ2,Z2xZ2,[],{}
984,133,False,0,[],False,Z2xZ2,Z2xZ2,[],{}
984,137,False,0,[],False,Z2xZ2,Z2xZ2,[],{}
984,138,False,0,[],False,Z2xZ2,Z2xZ2,[],{}
984,139,False,0,[],False,Z2xZ2,Z2xZ2,[],{}
984,143,False,0,[],False,Z2xZ2,Z2,[],{}
984,161,False,0,[],False,Z2xZ2,Z2,[],{}
984,179,False,0,[],False,Z2xZ2,Z2,[],{}
984,185,False,0,[],False,Z2xZ2,Z2,[],{}
984,191,False,0,[],False,Z2xZ2,Z2,[],{}
984,197,False,0,[],False,Z2xZ2,Z2,[],{}
984,215,False,0,[],False,Z2xZ2,Z2,[],{}
984,296,False,0,[],False,Z2xZ2,Trivial,[],{}
984,350,False,0,[],False,Z2xZ2,Z2xZ2,[],{}
984,354,False,0,[],False,Z2xZ2,Z2,[],{}
984,360,False,0,[],False,Z2xZ2,Z2xZ2,[],{}
984,370,False,0,[],False,Z2xZ2,Z2xZ2,[],{}
984,380,False,0,[],False,Z2xZ2,Z2xZ2,[],{}
984,390,False,0,[],False,Z2xZ2,Z2xZ2,[],{}
984,394,False,0,[],False,Z2xZ2,Z2,[],{}
984,400,False,0,[],False,Z2xZ2,Z2xZ2,[],{}
984,410,False,0,[],False,Z2xZ2,Z2xZ2,[],{}
984,420,False,0,[],False,Z2xZ2,Z2xZ2,[],{}
984,430,False,0,[],False,Z2xZ2,Z2xZ2,[],{}
984,434,False,0,[],False,Z2xZ2,Z2,[],{}
984,440,False,0,[],False,Z2xZ2,Z2,[],{}
984,500,False,0,[],False,Z2xZ2,Z2,[],{}
984,560,False,0,[],False,Z2xZ2,Z2,[],{}
984,980,False,0,[],False,Z2xZ2,Z2xZ2,[],{}
984,982,False,0,[],False,Z2xZ2,Z2xZ2,[],{}
984,984,False,0,[],False,Z2xZ2,Z2xZ2,[],{}
984,986,False,0,[],False,Z2xZ2,Z2,[],{}
984,995,False,0,[],False,Z2xZ2,Z2,[],{}
984,1010,False,0,[],False,Z2xZ2,Z2,[],{}
984,1025,False,0,[],False,Z2xZ2,Z2,[],{}
984,1031,False,0,[],False,Z2xZ2,Trivial,[],{}
984,1040,False,0,[],False,Z2xZ2,Z2,[],{}
984,1055,False,0,[],False,Z2xZ2,Z2xZ2,[],{}
984,1057,False,0,[],False,Z2xZ2,Z2xZ2,[],{}
984,1059,False,0,[],False,Z2xZ2,Z2xZ2,[],{}
984,1100,False,0,[],False,Z2xZ2,Z2,[],{}
984,1130,False,0,[],False,Z2xZ2,Z2xZ2,[],{}
984,1132,False,0,[],False,Z2xZ2,Z2xZ2,[],{}
984,1134,False,0,[],False,Z2xZ2,Z2xZ2,[],{}
984,1175,False,0,[],False,Z2xZ2,Z2,[],{}
986,0,False,0,[],False,Z2,(Z2)^3,[],{}
986,1,False,0,[],False,Z2,Z2xZ2,[],{}
986,2,False,0,[],False,Z2,Z2xZ2,[],{}
986,4,False,0,[],False,Z2,Z2xZ2,[],{}
986,5,False,0,[],False,Z2,Z2xZ2,[],{}
986,6,False,0,[],False,Z2,Z2xZ2,[],{}
986,10,False,0,[],False,Z2,Z2xZ2,[],{}
986,20,False,0,[],False,Z2,Z2xZ2,[],{}
986,30,False,0,[],False,Z2,Z2xZ2,[],{}
986,34,False,0,[],False,Z2,Z2,[],{}
986,40,False,0,[],False,Z2,Z2xZ2,[],{}
986,50,False,0,[],False,Z2,Z2xZ2,[],{}
986,52,False,0,[],False,Z2,Z2xZ2,[],{}
986,54,False,0,[],False,Z2,Z2xZ2,[],{}
986,95,False,0,[],False,Z2,Z2,[],{}
986,125,True,108,[980],True,Z2,Z2xZ2,['Z2xZ2'],{980: 108}
986,126,False,0,[],False,Z2,Z2xZ2,[],{}
986,127,False,0,[],False,Z2,Z2xZ2,[],{}
986,131,True,108,[986],True,Z2,Z2xZ2,['Z2'],{986: 108}
986,132,False,0,[],False,Z2,Z2xZ2,[],{}
986,133,False,0,[],False,Z2,Z2xZ2,[],{}
986,137,True,108,[986],True,Z2,Z2xZ2,['Z2'],{986: 108}
986,138,False,0,[],False,Z2,Z2xZ2,[],{}
986,139,False,0,[],False,Z2,Z2xZ2,[],{}
986,143,True,216,[995],True,Z2,Z2,['Z2'],{995: 216}
986,161,True,216,[1010],True,Z2,Z2,['Z2'],{1010: 216}
986,179,True,216,[1025],True,Z2,Z2,['Z2'],{1025: 216}
986,185,True,216,[1031],True,Z2,Z2,['Trivial'],{1031: 216}
986,191,True,216,[1031],True,Z2,Z2,['Trivial'],{1031: 216}
986,197,True,216,[1040],True,Z2,Z2,['Z2'],{1040: 216}
986,215,True,216,"[1055, 1130]",False,Z2,Z2,['Z2xZ2'],"{1055: 108, 1130: 108}"
986,296,True,432,"[1100, 1175]",False,Z2,Trivial,['Z2'],"{1100: 216, 1175: 216}"
986,350,False,0,[],False,Z2,Z2xZ2,[],{}
986,354,False,0,[],False,Z2,Z2,[],{}
986,360,False,0,[],False,Z2,Z2xZ2,[],{}
986,370,False,0,[],False,Z2,Z2xZ2,[],{}
986,380,False,0,[],False,Z2,Z2xZ2,[],{}
986,390,False,0,[],False,Z2,Z2xZ2,[],{}
986,394,False,0,[],False,Z2,Z2,[],{}
986,400,False,0,[],False,Z2,Z2xZ2,[],{}
986,410,False,0,[],False,Z2,Z2xZ2,[],{}
986,420,False,0,[],False,Z2,Z2xZ2,[],{}
986,430,False,0,[],False,Z2,Z2xZ2,[],{}
986,434,False,0,[],False,Z2,Z2,[],{}
986,440,False,0,[],False,Z2,Z2,[],{}
986,500,False,0,[],False,Z2,Z2,[],{}
986,560,False,0,[],False,Z2,Z2,[],{}
986,980,False,0,[],False,Z2,Z2xZ2,[],{}
986,982,False,0,[],False,Z2,Z2xZ2,[],{}
986,984,False,0,[],False,Z2,Z2xZ2,[],{}
986,986,False,0,[],False,Z2,Z2,[],{}
986,995,False,0,[],False,Z2,Z2,[],{}
986,1010,False,0,[],False,Z2,Z2,[],{}
986,1025,False,0,[],False,Z2,Z2,[],{}
986,1031,False,0,[],False,Z2,Trivial,[],{}
986,1040,False,0,[],False,Z2,Z2,[],{}
986,1055,False,0,[],False,Z2,Z2xZ2,[],{}
986,1057,False,0,[],False,Z2,Z2xZ2,[],{}
986,1059,False,0,[],False,Z2,Z2xZ2,[],{}
986,1100,False,0,[],False,Z2,Z2,[],{}
986,1130,False,0,[],False,Z2,Z2xZ2,[],{}
986,1132,False,0,[],False,Z2,Z2xZ2,[],{}
986,1134,False,0,[],False,Z2,Z2xZ2,[],{}
986,1175,False,0,[],False,Z2,Z2,[],{}
995,0,False,0,[],False,Z2,(Z2)^3,[],{}
995,1,False,0,[],False,Z2,Z2xZ2,[],{}
995,2,False,0,[],False,Z2,Z2xZ2,[],{}
995,4,False,0,[],False,Z2,Z2xZ2,[],{}
995,5,False,0,[],False,Z2,Z2xZ2,[],{}
995,6,False,0,[],False,Z2,Z2xZ2,[],{}
995,10,False,0,[],False,Z2,Z2xZ2,[],{}
995,20,False,0,[],False,Z2,Z2xZ2,[],{}
995,30,False,0,[],False,Z2,Z2xZ2,[],{}
995,34,False,0,[],False,Z2,Z2,[],{}
995,40,False,0,[],False,Z2,Z2xZ2,[],{}
995,50,False,0,[],False,Z2,Z2xZ2,[],{}
995,52,False,0,[],False,Z2,Z2xZ2,[],{}
995,54,False,0,[],False,Z2,Z2xZ2,[],{}
995,95,False,0,[],False,Z2,Z2,[],{}
995,125,False,0,[],False,Z2,Z2xZ2,[],{}
995,126,False,0,[],False,Z2,Z2xZ2,[],{}
995,127,False,0,[],False,Z2,Z2xZ2,[],{}
995,131,False,0,[],False,Z2,Z2xZ2,[],{}
995,132,False,0,[],False,Z2,Z2xZ2,[],{}
995,133,False,0,[],False,Z2,Z2xZ2,[],{}
995,137,False,0,[],False,Z2,Z2xZ2,[],{}
995,138,False,0,[],False,Z2,Z2xZ2,[],{}
995,139,False,0,[],False,Z2,Z2xZ2,[],{}
995,143,False,0,[],False,Z2,Z2,[],{}
995,161,False,0,[],False,Z2,Z2,[],{}
995,179,False,0,[],False,Z2,Z2,[],{}
995,185,False,0,[],False,Z2,Z2,[],{}
995,191,False,0,[],False,Z2,Z2,[],{}
995,197,False,0,[],False,Z2,Z2,[],{}
995,215,False,0,[],False,Z2,Z2,[],{}
995,296,False,0,[],False,Z2,Trivial,[],{}
995,350,True,108,[980],True,Z2,Z2xZ2,['Z2xZ2'],{980: 108}
995,354,True,216,[986],True,Z2,Z2,['Z2'],{986: 216}
995,360,True,108,[995],True,Z2,Z2xZ2,['Z2'],{995: 108}
995,370,True,108,[995],True,Z2,Z2xZ2,['Z2'],{995: 108}
995,380,True,108,[1010],True,Z2,Z2xZ2,['Z2'],{1010: 108}
995,390,True,108,[1025],True,Z2,Z2xZ2,['Z2'],{1025: 108}
995,394,True,216,[1031],True,Z2,Z2,['Trivial'],{1031: 216}
995,400,True,108,[1040],True,Z2,Z2xZ2,['Z2'],{1040: 108}
995,410,True,108,[1010],True,Z2,Z2xZ2,['Z2'],{1010: 108}
995,420,True,108,[1040],True,Z2,Z2xZ2,['Z2'],{1040: 108}
995,430,True,108,[1025],True,Z2,Z2xZ2,['Z2'],{1025: 108}
995,434,True,216,[1031],True,Z2,Z2,['Trivial'],{1031: 216}
995,440,True,216,"[1055, 1130]",False,Z2,Z2,['Z2xZ2'],"{1055: 108, 1130: 108}"
995,500,True,216,"[1100, 1175]",False,Z2,Z2,['Z2'],"{1100: 108, 1175: 108}"
995,560,True,216,"[1100, 1175]",False,Z2,Z2,['Z2'],"{1100: 108, 1175: 108}"
995,980,False,0,[],False,Z2,Z2xZ2,[],{}
995,982,False,0,[],False,Z2,Z2xZ2,[],{}
995,984,False,0,[],False,Z2,Z2xZ2,[],{}
995,986,False,0,[],False,Z2,Z2,[],{}
995,995,False,0,[],False,Z2,Z2,[],{}
995,1010,False,0,[],False,Z2,Z2,[],{}
995,1025,False,0,[],False,Z2,Z2,[],{}
995,1031,False,0,[],False,Z2,Trivial,[],{}
995,1040,False,0,[],False,Z2,Z2,[],{}
995,1055,False,0,[],False,Z2,Z2xZ2,[],{}
995,1057,False,0,[],False,Z2,Z2xZ2,[],{}
995,1059,False,0,[],False,Z2,Z2xZ2,[],{}
995,1100,False,0,[],False,Z2,Z2,[],{}
995,1130,False,0,[],False,Z2,Z2xZ2,[],{}
995,1132,False,0,[],False,Z2,Z2xZ2,[],{}
995,1134,False,0,[],False,Z2,Z2xZ2,[],{}
995,1175,False,0,[],False,Z2,Z2,[],{}
1010,0,False,0,[],False,Z2,(Z2)^3,[],{}
1010,1,False,0,[],False,Z2,Z2xZ2,[],{}
1010,2,False,0,[],False,Z2,Z2xZ2,[],{}
1010,4,False,0,[],False,Z2,Z2xZ2,[],{}
1010,5,False,0,[],False,Z2,Z2xZ2,[],{}
1010,6,False,0,[],False,Z2,Z2xZ2,[],{}
1010,10,False,0,[],False,Z2,Z2xZ2,[],{}
1010,20,False,0,[],False,Z2,Z2xZ2,[],{}
1010,30,False,0,[],False,Z2,Z2xZ2,[],{}
1010,34,False,0,[],False,Z2,Z2,[],{}
1010,40,False,0,[],False,Z2,Z2xZ2,[],{}
1010,50,False,0,[],False,Z2,Z2xZ2,[],{}
1010,52,False,0,[],False,Z2,Z2xZ2,[],{}
1010,54,False,0,[],False,Z2,Z2xZ2,[],{}
1010,95,False,0,[],False,Z2,Z2,[],{}
1010,125,False,0,[],False,Z2,Z2xZ2,[],{}
1010,126,False,0,[],False,Z2,Z2xZ2,[],{}
1010,127,False,0,[],False,Z2,Z2xZ2,[],{}
1010,131,False,0,[],False,Z2,Z2xZ2,[],{}
1010,132,False,0,[],False,Z2,Z2xZ2,[],{}
1010,133,False,0,[],False,Z2,Z2xZ2,[],{}
1010,137,False,0,[],False,Z2,Z2xZ2,[],{}
1010,138,False,0,[],False,Z2,Z2xZ2,[],{}
1010,139,False,0,[],False,Z2,Z2xZ2,[],{}
1010,143,False,0,[],False,Z2,Z2,[],{}
1010,161,False,0,[],False,Z2,Z2,[],{}
1010,179,False,0,[],False,Z2,Z2,[],{}
1010,185,False,0,[],False,Z2,Z2,[],{}
1010,191,False,0,[],False,Z2,Z2,[],{}
1010,197,False,0,[],False,Z2,Z2,[],{}
1010,215,False,0,[],False,Z2,Z2,[],{}
1010,296,False,0,[],False,Z2,Trivial,[],{}
1010,350,True,108,[1025],True,Z2,Z2xZ2,['Z2'],{1025: 108}
1010,354,True,216,[1031],True,Z2,Z2,['Trivial'],{1031: 216}
1010,360,True,108,[1010],True,Z2,Z2xZ2,['Z2'],{1010: 108}
1010,370,True,108,[1040],True,Z2,Z2xZ2,['Z2'],{1040: 108}
1010,380,True,108,[995],True,Z2,Z2xZ2,['Z2'],{995: 108}
1010,390,True,108,[980],True,Z2,Z2xZ2,['Z2xZ2'],{980: 108}
1010,394,True,216,[986],True,Z2,Z2,['Z2'],{986: 216}
1010,400,True,108,[995],True,Z2,Z2xZ2,['Z2'],{995: 108}
1010,410,True,108,[1040],True,Z2,Z2xZ2,['Z2'],{1040: 108}
1010,420,True,108,[1010],True,Z2,Z2xZ2,['Z2'],{1010: 108}
1010,430,True,108,[1025],True,Z2,Z2xZ2,['Z2'],{1025: 108}
1010,434,True,216,[1031],True,Z2,Z2,['Trivial'],{1031: 216}
1010,440,True,216,"[1100, 1175]",False,Z2,Z2,['Z2'],"{1100: 108, 1175: 108}"
1010,500,True,216,"[1055, 1130]",False,Z2,Z2,['Z2xZ2'],"{1055: 108, 1130: 108}"
1010,560,True,216,"[1100, 1175]",False,Z2,Z2,['Z2'],"{1100: 108, 1175: 108}"
1010,980,False,0,[],False,Z2,Z2xZ2,[],{}
1010,982,False,0,[],False,Z2,Z2xZ2,[],{}
1010,984,False,0,[],False,Z2,Z2xZ2,[],{}
1010,986,False,0,[],False,Z2,Z2,[],{}
1010,995,False,0,[],False,Z2,Z2,[],{}
1010,1010,False,0,[],False,Z2,Z2,[],{}
1010,1025,False,0,[],False,Z2,Z2,[],{}
1010,1031,False,0,[],False,Z2,Trivial,[],{}
1010,1040,False,0,[],False,Z2,Z2,[],{}
1010,1055,False,0,[],False,Z2,Z2xZ2,[],{}
1010,1057,False,0,[],False,Z2,Z2xZ2,[],{}
1010,1059,False,0,[],False,Z2,Z2xZ2,[],{}
1010,1100,False,0,[],False,Z2,Z2,[],{}
1010,1130,False,0,[],False,Z2,Z2xZ2,[],{}
1010,1132,False,0,[],False,Z2,Z2xZ2,[],{}
1010,1134,False,0,[],False,Z2,Z2xZ2,[],{}
1010,1175,False,0,[],False,Z2,Z2,[],{}
1025,0,True,108,[1025],True,Z2,(Z2)^3,['Z2'],{1025: 108}
1025,1,False,0,[],False,Z2,Z2xZ2,[],{}
1025,2,False,0,[],False,Z2,Z2xZ2,[],{}
1025,4,True,216,[1031],True,Z2,Z2xZ2,['Trivial'],{1031: 216}
1025,5,False,0,[],False,Z2,Z2xZ2,[],{}
1025,6,False,0,[],False,Z2,Z2xZ2,[],{}
1025,10,True,216,"[1010, 1040]",False,Z2,Z2xZ2,['Z2'],"{1010: 108, 1040: 108}"
1025,20,True,216,"[995, 1040]",False,Z2,Z2xZ2,['Z2'],"{995: 108, 1040: 108}"
1025,30,True,216,"[980, 1025]",False,Z2,Z2xZ2,"['Z2', 'Z2xZ2']","{980: 108, 1025: 108}"
1025,34,True,432,"[986, 1031]",False,Z2,Z2,"['Trivial', 'Z2']","{986: 216, 1031: 216}"
1025,40,True,216,"[995, 1010]",False,Z2,Z2xZ2,['Z2'],"{995: 108, 1010: 108}"
1025,50,True,216,"[1100, 1175]",False,Z2,Z2xZ2,['Z2'],"{1100: 108, 1175: 108}"
1025,52,False,0,[],False,Z2,Z2xZ2,[],{}
1025,54,False,0,[],False,Z2,Z2xZ2,[],{}
1025,95,True,432,"[1055, 1100, 1130, 1175]",False,Z2,Z2,"['Z2', 'Z2xZ2']","{1055: 108, 1100: 108, 1130: 108, 1175: 108}"
1025,125,False,0,[],False,Z2,Z2xZ2,[],{}
1025,126,False,0,[],False,Z2,Z2xZ2,[],{}
1025,127,False,0,[],False,Z2,Z2xZ2,[],{}
1025,131,False,0,[],False,Z2,Z2xZ2,[],{}
1025,132,False,0,[],False,Z2,Z2xZ2,[],{}
1025,133,False,0,[],False,Z2,Z2xZ2,[],{}
1025,137,False,0,[],False,Z2,Z2xZ2,[],{}
1025,138,False,0,[],False,Z2,Z2xZ2,[],{}
1025,139,False,0,[],False,Z2,Z2xZ2,[],{}
1025,143,False,0,[],False,Z2,Z2,[],{}
1025,161,False,0,[],False,Z2,Z2,[],{}
1025,179,False,0,[],False,Z2,Z2,[],{}
1025,185,False,0,[],False,Z2,Z2,[],{}
1025,191,False,0,[],False,Z2,Z2,[],{}
1025,197,False,0,[],False,Z2,Z2,[],{}
1025,215,False,0,[],False,Z2,Z2,[],{}
1025,296,False,0,[],False,Z2,Trivial,[],{}
1025,350,False,0,[],False,Z2,Z2xZ2,[],{}
1025,354,False,0,[],False,Z2,Z2,[],{}
1025,360,False,0,[],False,Z2,Z2xZ2,[],{}
1025,370,False,0,[],False,Z2,Z2xZ2,[],{}
1025,380,False,0,[],False,Z2,Z2xZ2,[],{}
1025,390,False,0,[],False,Z2,Z2xZ2,[],{}
1025,394,False,0,[],False,Z2,Z2,[],{}
1025,400,False,0,[],False,Z2,Z2xZ2,[],{}
1025,410,False,0,[],False,Z2,Z2xZ2,[],{}
1025,420,False,0,[],False,Z2,Z2xZ2,[],{}
1025,430,False,0,[],False,Z2,Z2xZ2,[],{}
1025,434,False,0,[],False,Z2,Z2,[],{}
1025,440,False,0,[],False,Z2,Z2,[],{}
1025,500,False,0,[],False,Z2,Z2,[],{}
1025,560,False,0,[],False,Z2,Z2,[],{}
1025,980,False,0,[],False,Z2,Z2xZ2,[],{}
1025,982,False,0,[],False,Z2,Z2xZ2,[],{}
1025,984,False,0,[],False,Z2,Z2xZ2,[],{}
1025,986,False,0,[],False,Z2,Z2,[],{}
1025,995,False,0,[],False,Z2,Z2,[],{}
1025,1010,False,0,[],False,Z2,Z2,[],{}
1025,1025,False,0,[],False,Z2,Z2,[],{}
1025,1031,False,0,[],False,Z2,Trivial,[],{}
1025,1040,False,0,[],False,Z2,Z2,[],{}
1025,1055,False,0,[],False,Z2,Z2xZ2,[],{}
1025,1057,False,0,[],False,Z2,Z2xZ2,[],{}
1025,1059,False,0,[],False,Z2,Z2xZ2,[],{}
1025,1100,False,0,[],False,Z2,Z2,[],{}
1025,1130,False,0,[],False,Z2,Z2xZ2,[],{}
1025,1132,False,0,[],False,Z2,Z2xZ2,[],{}
1025,1134,False,0,[],False,Z2,Z2xZ2,[],{}
1025,1175,False,0,[],False,Z2,Z2,[],{}
1031,0,False,0,[],False,Trivial,(Z2)^3,[],{}
1031,1,False,0,[],False,Trivial,Z2xZ2,[],{}
1031,2,False,0,[],False,Trivial,Z2xZ2,[],{}
1031,4,False,0,[],False,Trivial,Z2xZ2,[],{}
1031,5,False,0,[],False,Trivial,Z2xZ2,[],{}
1031,6,False,0,[],False,Trivial,Z2xZ2,[],{}
1031,10,False,0,[],False,Trivial,Z2xZ2,[],{}
1031,20,False,0,[],False,Trivial,Z2xZ2,[],{}
1031,30,False,0,[],False,Trivial,Z2xZ2,[],{}
1031,34,False,0,[],False,Trivial,Z2,[],{}
1031,40,False,0,[],False,Trivial,Z2xZ2,[],{}
1031,50,False,0,[],False,Trivial,Z2xZ2,[],{}
1031,52,False,0,[],False,Trivial,Z2xZ2,[],{}
1031,54,False,0,[],False,Trivial,Z2xZ2,[],{}
1031,95,False,0,[],False,Trivial,Z2,[],{}
1031,125,True,216,[1025],True,Trivial,Z2xZ2,['Z2'],{1025: 216}
1031,126,False,0,[],False,Trivial,Z2xZ2,[],{}
1031,127,False,0,[],False,Trivial,Z2xZ2,[],{}
1031,131,True,216,[1031],True,Trivial,Z2xZ2,['Trivial'],{1031: 216}
1031,132,False,0,[],False,Trivial,Z2xZ2,[],{}
1031,133,False,0,[],False,Trivial,Z2xZ2,[],{}
1031,137,True,216,[1031],True,Trivial,Z2xZ2,['Trivial'],{1031: 216}
1031,138,False,0,[],False,Trivial,Z2xZ2,[],{}
1031,139,False,0,[],False,Trivial,Z2xZ2,[],{}
1031,143,True,432,"[1010, 1040]",False,Trivial,Z2,['Z2'],"{1010: 216, 1040: 216}"
1031,161,True,432,"[995, 1040]",False,Trivial,Z2,['Z2'],"{995: 216, 1040: 216}"
1031,179,True,432,"[980, 1025]",False,Trivial,Z2,"['Z2', 'Z2xZ2']","{980: 216, 1025: 216}"
1031,185,True,432,"[986, 1031]",False,Trivial,Z2,"['Trivial', 'Z2']","{986: 216, 1031: 216}"
1031,191,True,432,"[986, 1031]",False,Trivial,Z2,"['Trivial', 'Z2']","{986: 216, 1031: 216}"
1031,197,True,432,"[995, 1010]",False,Trivial,Z2,['Z2'],"{995: 216, 1010: 216}"
1031,215,True,432,"[1100, 1175]",False,Trivial,Z2,['Z2'],"{1100: 216, 1175: 216}"
1031,296,True,864,"[1055, 1100, 1130, 1175]",False,Trivial,Trivial,"['Z2', 'Z2xZ2']","{1055: 216, 1100: 216, 1130: 216, 1175: 216}"
1031,350,False,0,[],False,Trivial,Z2xZ2,[],{}
1031,354,False,0,[],False,Trivial,Z2,[],{}
1031,360,False,0,[],False,Trivial,Z2xZ2,[],{}
1031,370,False,0,[],False,Trivial,Z2xZ2,[],{}
1031,380,False,0,[],False,Trivial,Z2xZ2,[],{}
1031,390,False,0,[],False,Trivial,Z2xZ2,[],{}
1031,394,False,0,[],False,Trivial,Z2,[],{}
1031,400,False,0,[],False,Trivial,Z2xZ2,[],{}
1031,410,False,0,[],False,Trivial,Z2xZ2,[],{}
1031,420,False,0,[],False,Trivial,Z2xZ2,[],{}
1031,430,False,0,[],False,Trivial,Z2xZ2,[],{}
1031,434,False,0,[],False,Trivial,Z2,[],{}
1031,440,False,0,[],False,Trivial,Z2,[],{}
1031,500,False,0,[],False,Trivial,Z2,[],{}
1031,560,False,0,[],False,Trivial,Z2,[],{}
1031,980,False,0,[],False,Trivial,Z2xZ2,[],{}
1031,982,False,0,[],False,Trivial,Z2xZ2,[],{}
1031,984,False,0,[],False,Trivial,Z2xZ2,[],{}
1031,986,False,0,[],False,Trivial,Z2,[],{}
1031,995,False,0,[],False,Trivial,Z2,[],{}
1031,1010,False,0,[],False,Trivial,Z2,[],{}
1031,1025,False,0,[],False,Trivial,Z2,[],{}
1031,1031,False,0,[],False,Trivial,Trivial,[],{}
1031,1040,False,0,[],False,Trivial,Z2,[],{}
1031,1055,False,0,[],False,Trivial,Z2xZ2,[],{}
1031,1057,False,0,[],False,Trivial,Z2xZ2,[],{}
1031,1059,False,0,[],False,Trivial,Z2xZ2,[],{}
1031,1100,False,0,[],False,Trivial,Z2,[],{}
1031,1130,False,0,[],False,Trivial,Z2xZ2,[],{}
1031,1132,False,0,[],False,Trivial,Z2xZ2,[],{}
1031,1134,False,0,[],False,Trivial,Z2xZ2,[],{}
1031,1175,False,0,[],False,Trivial,Z2,[],{}
1040,0,False,0,[],False,Z2,(Z2)^3,[],{}
1040,1,False,0,[],False,Z2,Z2xZ2,[],{}
1040,2,False,0,[],False,Z2,Z2xZ2,[],{}
1040,4,False,0,[],False,Z2,Z2xZ2,[],{}
1040,5,False,0,[],False,Z2,Z2xZ2,[],{}
1040,6,False,0,[],False,Z2,Z2xZ2,[],{}
1040,10,False,0,[],False,Z2,Z2xZ2,[],{}
1040,20,False,0,[],False,Z2,Z2xZ2,[],{}
1040,30,False,0,[],False,Z2,Z2xZ2,[],{}
1040,34,False,0,[],False,Z2,Z2,[],{}
1040,40,False,0,[],False,Z2,Z2xZ2,[],{}
1040,50,False,0,[],False,Z2,Z2xZ2,[],{}
1040,52,False,0,[],False,Z2,Z2xZ2,[],{}
1040,54,False,0,[],False,Z2,Z2xZ2,[],{}
1040,95,False,0,[],False,Z2,Z2,[],{}
1040,125,False,0,[],False,Z2,Z2xZ2,[],{}
1040,126,False,0,[],False,Z2,Z2xZ2,[],{}
1040,127,False,0,[],False,Z2,Z2xZ2,[],{}
1040,131,False,0,[],False,Z2,Z2xZ2,[],{}
1040,132,False,0,[],False,Z2,Z2xZ2,[],{}
1040,133,False,0,[],False,Z2,Z2xZ2,[],{}
1040,137,False,0,[],False,Z2,Z2xZ2,[],{}
1040,138,False,0,[],False,Z2,Z2xZ2,[],{}
1040,139,False,0,[],False,Z2,Z2xZ2,[],{}
1040,143,False,0,[],False,Z2,Z2,[],{}
1040,161,False,0,[],False,Z2,Z2,[],{}
1040,179,False,0,[],False,Z2,Z2,[],{}
1040,185,False,0,[],False,Z2,Z2,[],{}
1040,191,False,0,[],False,Z2,Z2,[],{}
1040,197,False,0,[],False,Z2,Z2,[],{}
1040,215,False,0,[],False,Z2,Z2,[],{}
1040,296,False,0,[],False,Z2,Trivial,[],{}
1040,350,True,108,[1025],True,Z2,Z2xZ2,['Z2'],{1025: 108}
1040,354,True,216,[1031],True,Z2,Z2,['Trivial'],{1031: 216}
1040,360,True,108,[1040],True,Z2,Z2xZ2,['Z2'],{1040: 108}
1040,370,True,108,[1010],True,Z2,Z2xZ2,['Z2'],{1010: 108}
1040,380,True,108,[1040],True,Z2,Z2xZ2,['Z2'],{1040: 108}
1040,390,True,108,[1025],True,Z2,Z2xZ2,['Z2'],{1025: 108}
1040,394,True,216,[1031],True,Z2,Z2,['Trivial'],{1031: 216}
1040,400,True,108,[1010],True,Z2,Z2xZ2,['Z2'],{1010: 108}
1040,410,True,108,[995],True,Z2,Z2xZ2,['Z2'],{995: 108}
1040,420,True,108,[995],True,Z2,Z2xZ2,['Z2'],{995: 108}
1040,430,True,108,[980],True,Z2,Z2xZ2,['Z2xZ2'],{980: 108}
1040,434,True,216,[986],True,Z2,Z2,['Z2'],{986: 216}
1040,440,True,216,"[1100, 1175]",False,Z2,Z2,['Z2'],"{1100: 108, 1175: 108}"
1040,500,True,216,"[1100, 1175]",False,Z2,Z2,['Z2'],"{1100: 108, 1175: 108}"
1040,560,True,216,"[1055, 1130]",False,Z2,Z2,['Z2xZ2'],"{1055: 108, 1130: 108}"
1040,980,False,0,[],False,Z2,Z2xZ2,[],{}
1040,982,False,0,[],False,Z2,Z2xZ2,[],{}
1040,984,False,0,[],False,Z2,Z2xZ2,[],{}
1040,986,False,0,[],False,Z2,Z2,[],{}
1040,995,False,0,[],False,Z2,Z2,[],{}
1040,1010,False,0,[],False,Z2,Z2,[],{}
1040,1025,False,0,[],False,Z2,Z2,[],{}
1040,1031,False,0,[],False,Z2,Trivial,[],{}
1040,1040,False,0,[],False,Z2,Z2,[],{}
1040,1055,False,0,[],False,Z2,Z2xZ2,[],{}
1040,1057,False,0,[],False,Z2,Z2xZ2,[],{}
1040,1059,False,0,[],False,Z2,Z2xZ2,[],{}
1040,1100,False,0,[],False,Z2,Z2,[],{}
1040,1130,False,0,[],False,Z2,Z2xZ2,[],{}
1040,1132,False,0,[],False,Z2,Z2xZ2,[],{}
1040,1134,False,0,[],False,Z2,Z2xZ2,[],{}
1040,1175,False,0,[],False,Z2,Z2,[],{}
1055,0,False,0,[],False,Z2xZ2,(Z2)^3,[],{}
1055,1,False,0,[],False,Z2xZ2,Z2xZ2,[],{}
1055,2,False,0,[],False,Z2xZ2,Z2xZ2,[],{}
1055,4,False,0,[],False,Z2xZ2,Z2xZ2,[],{}
1055,5,False,0,[],False,Z2xZ2,Z2xZ2,[],{}
1055,6,False,0,[],False,Z2xZ2,Z2xZ2,[],{}
1055,10,False,0,[],False,Z2xZ2,Z2xZ2,[],{}
1055,20,False,0,[],False,Z2xZ2,Z2xZ2,[],{}
1055,30,False,0,[],False,Z2xZ2,Z2xZ2,[],{}
1055,34,False,0,[],False,Z2xZ2,Z2,[],{}
1055,40,False,0,[],False,Z2xZ2,Z2xZ2,[],{}
1055,50,False,0,[],False,Z2xZ2,Z2xZ2,[],{}
1055,52,False,0,[],False,Z2xZ2,Z2xZ2,[],{}
1055,54,False,0,[],False,Z2xZ2,Z2xZ2,[],{}
1055,95,False,0,[],False,Z2xZ2,Z2,[],{}
1055,125,False,0,[],False,Z2xZ2,Z2xZ2,[],{}
1055,126,False,0,[],False,Z2xZ2,Z2xZ2,[],{}
1055,127,False,0,[],False,Z2xZ2,Z2xZ2,[],{}
1055,131,False,0,[],False,Z2xZ2,Z2xZ2,[],{}
1055,132,False,0,[],False,Z2xZ2,Z2xZ2,[],{}
1055,133,False,0,[],False,Z2xZ2,Z2xZ2,[],{}
1055,137,False,0,[],False,Z2xZ2,Z2xZ2,[],{}
1055,138,False,0,[],False,Z2xZ2,Z2xZ2,[],{}
1055,139,False,0,[],False,Z2xZ2,Z2xZ2,[],{}
1055,143,False,0,[],False,Z2xZ2,Z2,[],{}
1055,161,False,0,[],False,Z2xZ2,Z2,[],{}
1055,179,False,0,[],False,Z2xZ2,Z2,[],{}
1055,185,False,0,[],False,Z2xZ2,Z2,[],{}
1055,191,False,0,[],False,Z2xZ2,Z2,[],{}
1055,197,False,0,[],False,Z2xZ2,Z2,[],{}
1055,215,False,0,[],False,Z2xZ2,Z2,[],{}
1055,296,False,0,[],False,Z2xZ2,Trivial,[],{}
1055,350,False,0,[],False,Z2xZ2,Z2xZ2,[],{}
1055,354,False,0,[],False,Z2xZ2,Z2,[],{}
1055,360,False,0,[],False,Z2xZ2,Z2xZ2,[],{}
1055,370,False,0,[],False,Z2xZ2,Z2xZ2,[],{}
1055,380,False,0,[],False,Z2xZ2,Z2xZ2,[],{}
1055,390,False,0,[],False,Z2xZ2,Z2xZ2,[],{}
1055,394,False,0,[],False,Z2xZ2,Z2,[],{}
1055,400,False,0,[],False,Z2xZ2,Z2xZ2,[],{}
1055,410,False,0,[],False,Z2xZ2,Z2xZ2,[],{}
1055,420,False,0,[],False,Z2xZ2,Z2xZ2,[],{}
1055,430,False,0,[],False,Z2xZ2,Z2xZ2,[],{}
1055,434,False,0,[],False,Z2xZ2,Z2,[],{}
1055,440,False,0,[],False,Z2xZ2,Z2,[],{}
1055,500,False,0,[],False,Z2xZ2,Z2,[],{}
1055,560,False,0,[],False,Z2xZ2,Z2,[],{}
1055,980,True,54,[980],True,Z2xZ2,Z2xZ2,['Z2xZ2'],{980: 54}
1055,982,False,0,[],False,Z2xZ2,Z2xZ2,[],{}
1055,984,False,0,[],False,Z2xZ2,Z2xZ2,[],{}
1055,986,True,108,[986],True,Z2xZ2,Z2,['Z2'],{986: 108}
1055,995,True,108,[995],True,Z2xZ2,Z2,['Z2'],{995: 108}
1055,1010,True,108,[1010],True,Z2xZ2,Z2,['Z2'],{1010: 108}
1055,1025,True,108,[1025],True,Z2xZ2,Z2,['Z2'],{1025: 108}
1055,1031,True,216,[1031],True,Z2xZ2,Trivial,['Trivial'],{1031: 216}
1055,1040,True,108,[1040],True,Z2xZ2,Z2,['Z2'],{1040: 108}
1055,1055,True,54,[1055],True,Z2xZ2,Z2xZ2,['Z2xZ2'],{1055: 54}
1055,1057,False,0,[],False,Z2xZ2,Z2xZ2,[],{}
1055,1059,False,0,[],False,Z2xZ2,Z2xZ2,[],{}
1055,1100,True,108,[1100],True,Z2xZ2,Z2,['Z2'],{1100: 108}
1055,1130,True,54,[1130],True,Z2xZ2,Z2xZ2,['Z2xZ2'],{1130: 54}
1055,1132,False,0,[],False,Z2xZ2,Z2xZ2,[],{}
1055,1134,False,0,[],False,Z2xZ2,Z2xZ2,[],{}
1055,1175,True,108,[1175],True,Z2xZ2,Z2,['Z2'],{1175: 108}
1057,0,False,0,[],False,Z2xZ2,(Z2)^3,[],{}
1057,1,False,0,[],False,Z2xZ2,Z2xZ2,[],{}
1057,2,False,0,[],False,Z2xZ2,Z2xZ2,[],{}
1057,4,False,0,[],False,Z2xZ2,Z2xZ2,[],{}
1057,5,False,0,[],False,Z2xZ2,Z2xZ2,[],{}
1057,6,False,0,[],False,Z2xZ2,Z2xZ2,[],{}
1057,10,False,0,[],False,Z2xZ2,Z2xZ2,[],{}
1057,20,False,0,[],False,Z2xZ2,Z2xZ2,[],{}
1057,30,False,0,[],False,Z2xZ2,Z2xZ2,[],{}
1057,34,False,0,[],False,Z2xZ2,Z2,[],{}
1057,40,False,0,[],False,Z2xZ2,Z2xZ2,[],{}
1057,50,False,0,[],False,Z2xZ2,Z2xZ2,[],{}
1057,52,False,0,[],False,Z2xZ2,Z2xZ2,[],{}
1057,54,False,0,[],False,Z2xZ2,Z2xZ2,[],{}
1057,95,False,0,[],False,Z2xZ2,Z2,[],{}
1057,125,False,0,[],False,Z2xZ2,Z2xZ2,[],{}
1057,126,False,0,[],False,Z2xZ2,Z2xZ2,[],{}
1057,127,False,0,[],False,Z2xZ2,Z2xZ2,[],{}
1057,131,False,0,[],False,Z2xZ2,Z2xZ2,[],{}
1057,132,False,0,[],False,Z2xZ2,Z2xZ2,[],{}
1057,133,False,0,[],False,Z2xZ2,Z2xZ2,[],{}
1057,137,False,0,[],False,Z2xZ2,Z2xZ2,[],{}
1057,138,False,0,[],False,Z2xZ2,Z2xZ2,[],{}
1057,139,False,0,[],False,Z2xZ2,Z2xZ2,[],{}
1057,143,False,0,[],False,Z2xZ2,Z2,[],{}
1057,161,False,0,[],False,Z2xZ2,Z2,[],{}
1057,179,False,0,[],False,Z2xZ2,Z2,[],{}
1057,185,False,0,[],False,Z2xZ2,Z2,[],{}
1057,191,False,0,[],False,Z2xZ2,Z2,[],{}
1057,197,False,0,[],False,Z2xZ2,Z2,[],{}
1057,215,False,0,[],False,Z2xZ2,Z2,[],{}
1057,296,False,0,[],False,Z2xZ2,Trivial,[],{}
1057,350,False,0,[],False,Z2xZ2,Z2xZ2,[],{}
1057,354,False,0,[],False,Z2xZ2,Z2,[],{}
1057,360,False,0,[],False,Z2xZ2,Z2xZ2,[],{}
1057,370,False,0,[],False,Z2xZ2,Z2xZ2,[],{}
1057,380,False,0,[],False,Z2xZ2,Z2xZ2,[],{}
1057,390,False,0,[],False,Z2xZ2,Z2xZ2,[],{}
1057,394,False,0,[],False,Z2xZ2,Z2,[],{}
1057,400,False,0,[],False,Z2xZ2,Z2xZ2,[],{}
1057,410,False,0,[],False,Z2xZ2,Z2xZ2,[],{}
1057,420,False,0,[],False,Z2xZ2,Z2xZ2,[],{}
1057,430,False,0,[],False,Z2xZ2,Z2xZ2,[],{}
1057,434,False,0,[],False,Z2xZ2,Z2,[],{}
1057,440,False,0,[],False,Z2xZ2,Z2,[],{}
1057,500,False,0,[],False,Z2xZ2,Z2,[],{}
1057,560,False,0,[],False,Z2xZ2,Z2,[],{}
1057,980,False,0,[],False,Z2xZ2,Z2xZ2,[],{}
1057,982,True,54,[982],True,Z2xZ2,Z2xZ2,['Z2xZ2'],{982: 54}
1057,984,False,0,[],False,Z2xZ2,Z2xZ2,[],{}
1057,986,False,0,[],False,Z2xZ2,Z2,[],{}
1057,995,False,0,[],False,Z2xZ2,Z2,[],{}
1057,1010,False,0,[],False,Z2xZ2,Z2,[],{}
1057,1025,False,0,[],False,Z2xZ2,Z2,[],{}
1057,1031,False,0,[],False,Z2xZ2,Trivial,[],{}
1057,1040,False,0,[],False,Z2xZ2,Z2,[],{}
1057,1055,False,0,[],False,Z2xZ2,Z2xZ2,[],{}
1057,1057,True,54,[1057],True,Z2xZ2,Z2xZ2,['Z2xZ2'],{1057: 54}
1057,1059,False,0,[],False,Z2xZ2,Z2xZ2,[],{}
1057,1100,False,0,[],False,Z2xZ2,Z2,[],{}
1057,1130,False,0,[],False,Z2xZ2,Z2xZ2,[],{}
1057,1132,True,54,[1132],True,Z2xZ2,Z2xZ2,['Z2xZ2'],{1132: 54}
1057,1134,False,0,[],False,Z2xZ2,Z2xZ2,[],{}
1057,1175,False,0,[],False,Z2xZ2,Z2,[],{}
1059,0,False,0,[],False,Z2xZ2,(Z2)^3,[],{}
1059,1,False,0,[],False,Z2xZ2,Z2xZ2,[],{}
1059,2,False,0,[],False,Z2xZ2,Z2xZ2,[],{}
1059,4,False,0,[],False,Z2xZ2,Z2xZ2,[],{}
1059,5,False,0,[],False,Z2xZ2,Z2xZ2,[],{}
1059,6,False,0,[],False,Z2xZ2,Z2xZ2,[],{}
1059,10,False,0,[],False,Z2xZ2,Z2xZ2,[],{}
1059,20,False,0,[],False,Z2xZ2,Z2xZ2,[],{}
1059,30,False,0,[],False,Z2xZ2,Z2xZ2,[],{}
1059,34,False,0,[],False,Z2xZ2,Z2,[],{}
1059,40,False,0,[],False,Z2xZ2,Z2xZ2,[],{}
1059,50,False,0,[],False,Z2xZ2,Z2xZ2,[],{}
1059,52,False,0,[],False,Z2xZ2,Z2xZ2,[],{}
1059,54,False,0,[],False,Z2xZ2,Z2xZ2,[],{}
1059,95,False,0,[],False,Z2xZ2,Z2,[],{}
1059,125,False,0,[],False,Z2xZ2,Z2xZ2,[],{}
1059,126,False,0,[],False,Z2xZ2,Z2xZ2,[],{}
1059,127,False,0,[],False,Z2xZ2,Z2xZ2,[],{}
1059,131,False,0,[],False,Z2xZ2,Z2xZ2,[],{}
1059,132,False,0,[],False,Z2xZ2,Z2xZ2,[],{}
1059,133,False,0,[],False,Z2xZ2,Z2xZ2,[],{}
1059,137,False,0,[],False,Z2xZ2,Z2xZ2,[],{}
1059,138,False,0,[],False,Z2xZ2,Z2xZ2,[],{}
1059,139,False,0,[],False,Z2xZ2,Z2xZ2,[],{}
1059,143,False,0,[],False,Z2xZ2,Z2,[],{}
1059,161,False,0,[],False,Z2xZ2,Z2,[],{}
1059,179,False,0,[],False,Z2xZ2,Z2,[],{}
1059,185,False,0,[],False,Z2xZ2,Z2,[],{}
1059,191,False,0,[],False,Z2xZ2,Z2,[],{}
1059,197,False,0,[],False,Z2xZ2,Z2,[],{}
1059,215,False,0,[],False,Z2xZ2,Z2,[],{}
1059,296,False,0,[],False,Z2xZ2,Trivial,[],{}
1059,350,False,0,[],False,Z2xZ2,Z2xZ2,[],{}
1059,354,False,0,[],False,Z2xZ2,Z2,[],{}
1059,360,False,0,[],False,Z2xZ2,Z2xZ2,[],{}
1059,370,False,0,[],False,Z2xZ2,Z2xZ2,[],{}
1059,380,False,0,[],False,Z2xZ2,Z2xZ2,[],{}
1059,390,False,0,[],False,Z2xZ2,Z2xZ2,[],{}
1059,394,False,0,[],False,Z2xZ2,Z2,[],{}
1059,400,False,0,[],False,Z2xZ2,Z2xZ2,[],{}
1059,410,False,0,[],False,Z2xZ2,Z2xZ2,[],{}
1059,420,False,0,[],False,Z2xZ2,Z2xZ2,[],{}
1059,430,False,0,[],False,Z2xZ2,Z2xZ2,[],{}
1059,434,False,0,[],False,Z2xZ2,Z2,[],{}
1059,440,False,0,[],False,Z2xZ2,Z2,[],{}
1059,500,False,0,[],False,Z2xZ2,Z2,[],{}
1059,560,False,0,[],False,Z2xZ2,Z2,[],{}
1059,980,False,0,[],False,Z2xZ2,Z2xZ2,[],{}
1059,982,False,0,[],False,Z2xZ2,Z2xZ2,[],{}
1059,984,True,54,[984],True,Z2xZ2,Z2xZ2,['Z2xZ2'],{984: 54}
1059,986,False,0,[],False,Z2xZ2,Z2,[],{}
1059,995,False,0,[],False,Z2xZ2,Z2,[],{}
1059,1010,False,0,[],False,Z2xZ2,Z2,[],{}
1059,1025,False,0,[],False,Z2xZ2,Z2,[],{}
1059,1031,False,0,[],False,Z2xZ2,Trivial,[],{}
1059,1040,False,0,[],False,Z2xZ2,Z2,[],{}
1059,1055,False,0,[],False,Z2xZ2,Z2xZ2,[],{}
1059,1057,False,0,[],False,Z2xZ2,Z2xZ2,[],{}
1059,1059,True,54,[1059],True,Z2xZ2,Z2xZ2,['Z2xZ2'],{1059: 54}
1059,1100,False,0,[],False,Z2xZ2,Z2,[],{}
1059,1130,False,0,[],False,Z2xZ2,Z2xZ2,[],{}
1059,1132,False,0,[],False,Z2xZ2,Z2xZ2,[],{}
1059,1134,True,54,[1134],True,Z2xZ2,Z2xZ2,['Z2xZ2'],{1134: 54}
1059,1175,False,0,[],False,Z2xZ2,Z2,[],{}
1100,0,False,0,[],False,Z2,(Z2)^3,[],{}
1100,1,False,0,[],False,Z2,Z2xZ2,[],{}
1100,2,False,0,[],False,Z2,Z2xZ2,[],{}
1100,4,False,0,[],False,Z2,Z2xZ2,[],{}
1100,5,False,0,[],False,Z2,Z2xZ2,[],{}
1100,6,False,0,[],False,Z2,Z2xZ2,[],{}
1100,10,False,0,[],False,Z2,Z2xZ2,[],{}
1100,20,False,0,[],False,Z2,Z2xZ2,[],{}
1100,30,False,0,[],False,Z2,Z2xZ2,[],{}
1100,34,False,0,[],False,Z2,Z2,[],{}
1100,40,False,0,[],False,Z2,Z2xZ2,[],{}
1100,50,False,0,[],False,Z2,Z2xZ2,[],{}
1100,52,False,0,[],False,Z2,Z2xZ2,[],{}
1100,54,False,0,[],False,Z2,Z2xZ2,[],{}
1100,95,False,0,[],False,Z2,Z2,[],{}
1100,125,False,0,[],False,Z2,Z2xZ2,[],{}
1100,126,False,0,[],False,Z2,Z2xZ2,[],{}
1100,127,False,0,[],False,Z2,Z2xZ2,[],{}
1100,131,False,0,[],False,Z2,Z2xZ2,[],{}
1100,132,False,0,[],False,Z2,Z2xZ2,[],{}
1100,133,False,0,[],False,Z2,Z2xZ2,[],{}
1100,137,False,0,[],False,Z2,Z2xZ2,[],{}
1100,138,False,0,[],False,Z2,Z2xZ2,[],{}
1100,139,False,0,[],False,Z2,Z2xZ2,[],{}
1100,143,False,0,[],False,Z2,Z2,[],{}
1100,161,False,0,[],False,Z2,Z2,[],{}
1100,179,False,0,[],False,Z2,Z2,[],{}
1100,185,False,0,[],False,Z2,Z2,[],{}
1100,191,False,0,[],False,Z2,Z2,[],{}
1100,197,False,0,[],False,Z2,Z2,[],{}
1100,215,False,0,[],False,Z2,Z2,[],{}
1100,296,False,0,[],False,Z2,Trivial,[],{}
1100,350,False,0,[],False,Z2,Z2xZ2,[],{}
1100,354,False,0,[],False,Z2,Z2,[],{}
1100,360,False,0,[],False,Z2,Z2xZ2,[],{}
1100,370,False,0,[],False,Z2,Z2xZ2,[],{}
1100,380,False,0,[],False,Z2,Z2xZ2,[],{}
1100,390,False,0,[],False,Z2,Z2xZ2,[],{}
1100,394,False,0,[],False,Z2,Z2,[],{}
1100,400,False,0,[],False,Z2,Z2xZ2,[],{}
1100,410,False,0,[],False,Z2,Z2xZ2,[],{}
1100,420,False,0,[],False,Z2,Z2xZ2,[],{}
1100,430,False,0,[],False,Z2,Z2xZ2,[],{}
1100,434,False,0,[],False,Z2,Z2,[],{}
1100,440,False,0,[],False,Z2,Z2,[],{}
1100,500,False,0,[],False,Z2,Z2,[],{}
1100,560,False,0,[],False,Z2,Z2,[],{}
1100,980,True,108,[1025],True,Z2,Z2xZ2,['Z2'],{1025: 108}
1100,982,False,0,[],False,Z2,Z2xZ2,[],{}
1100,984,False,0,[],False,Z2,Z2xZ2,[],{}
1100,986,True,216,[1031],True,Z2,Z2,['Trivial'],{1031: 216}
1100,995,True,216,"[1010, 1040]",False,Z2,Z2,['Z2'],"{1010: 108, 1040: 108}"
1100,1010,True,216,"[995, 1040]",False,Z2,Z2,['Z2'],"{995: 108, 1040: 108}"
1100,1025,True,216,"[980, 1025]",False,Z2,Z2,"['Z2', 'Z2xZ2']","{980: 108, 1025: 108}"
1100,1031,True,432,"[986, 1031]",False,Z2,Trivial,"['Trivial', 'Z2']","{986: 216, 1031: 216}"
1100,1040,True,216,"[995, 1010]",False,Z2,Z2,['Z2'],"{995: 108, 1010: 108}"
1100,1055,True,108,[1100],True,Z2,Z2xZ2,['Z2'],{1100: 108}
1100,1057,False,0,[],False,Z2,Z2xZ2,[],{}
1100,1059,False,0,[],False,Z2,Z2xZ2,[],{}
1100,1100,True,216,"[1055, 1100]",False,Z2,Z2,"['Z2', 'Z2xZ2']","{1055: 108, 1100: 108}"
1100,1130,True,108,[1175],True,Z2,Z2xZ2,['Z2'],{1175: 108}
1100,1132,False,0,[],False,Z2,Z2xZ2,[],{}
1100,1134,False,0,[],False,Z2,Z2xZ2,[],{}
1100,1175,True,216,"[1130, 1175]",False,Z2,Z2,"['Z2', 'Z2xZ2']","{1130: 108, 1175: 108}"
1130,0,False,0,[],False,Z2xZ2,(Z2)^3,[],{}
1130,1,False,0,[],False,Z2xZ2,Z2xZ2,[],{}
1130,2,False,0,[],False,Z2xZ2,Z2xZ2,[],{}
1130,4,False,0,[],False,Z2xZ2,Z2xZ2,[],{}
1130,5,False,0,[],False,Z2xZ2,Z2xZ2,[],{}
1130,6,False,0,[],False,Z2xZ2,Z2xZ2,[],{}
1130,10,False,0,[],False,Z2xZ2,Z2xZ2,[],{}
1130,20,False,0,[],False,Z2xZ2,Z2xZ2,[],{}
1130,30,False,0,[],False,Z2xZ2,Z2xZ2,[],{}
1130,34,False,0,[],False,Z2xZ2,Z2,[],{}
1130,40,False,0,[],False,Z2xZ2,Z2xZ2,[],{}
1130,50,False,0,[],False,Z2xZ2,Z2xZ2,[],{}
1130,52,False,0,[],False,Z2xZ2,Z2xZ2,[],{}
1130,54,False,0,[],False,Z2xZ2,Z2xZ2,[],{}
1130,95,False,0,[],False,Z2xZ2,Z2,[],{}
1130,125,False,0,[],False,Z2xZ2,Z2xZ2,[],{}
1130,126,False,0,[],False,Z2xZ2,Z2xZ2,[],{}
1130,127,False,0,[],False,Z2xZ2,Z2xZ2,[],{}
1130,131,False,0,[],False,Z2xZ2,Z2xZ2,[],{}
1130,132,False,0,[],False,Z2xZ2,Z2xZ2,[],{}
1130,133,False,0,[],False,Z2xZ2,Z2xZ2,[],{}
1130,137,False,0,[],False,Z2xZ2,Z2xZ2,[],{}
1130,138,False,0,[],False,Z2xZ2,Z2xZ2,[],{}
1130,139,False,0,[],False,Z2xZ2,Z2xZ2,[],{}
1130,143,False,0,[],False,Z2xZ2,Z2,[],{}
1130,161,False,0,[],False,Z2xZ2,Z2,[],{}
1130,179,False,0,[],False,Z2xZ2,Z2,[],{}
1130,185,False,0,[],False,Z2xZ2,Z2,[],{}
1130,191,False,0,[],False,Z2xZ2,Z2,[],{}
1130,197,False,0,[],False,Z2xZ2,Z2,[],{}
1130,215,False,0,[],False,Z2xZ2,Z2,[],{}
1130,296,False,0,[],False,Z2xZ2,Trivial,[],{}
1130,350,False,0,[],False,Z2xZ2,Z2xZ2,[],{}
1130,354,False,0,[],False,Z2xZ2,Z2,[],{}
1130,360,False,0,[],False,Z2xZ2,Z2xZ2,[],{}
1130,370,False,0,[],False,Z2xZ2,Z2xZ2,[],{}
1130,380,False,0,[],False,Z2xZ2,Z2xZ2,[],{}
1130,390,False,0,[],False,Z2xZ2,Z2xZ2,[],{}
1130,394,False,0,[],False,Z2xZ2,Z2,[],{}
1130,400,False,0,[],False,Z2xZ2,Z2xZ2,[],{}
1130,410,False,0,[],False,Z2xZ2,Z2xZ2,[],{}
1130,420,False,0,[],False,Z2xZ2,Z2xZ2,[],{}
1130,430,False,0,[],False,Z2xZ2,Z2xZ2,[],{}
1130,434,False,0,[],False,Z2xZ2,Z2,[],{}
1130,440,False,0,[],False,Z2xZ2,Z2,[],{}
1130,500,False,0,[],False,Z2xZ2,Z2,[],{}
1130,560,False,0,[],False,Z2xZ2,Z2,[],{}
1130,980,True,54,[980],True,Z2xZ2,Z2xZ2,['Z2xZ2'],{980: 54}
1130,982,False,0,[],False,Z2xZ2,Z2xZ2,[],{}
1130,984,False,0,[],False,Z2xZ2,Z2xZ2,[],{}
1130,986,True,108,[986],True,Z2xZ2,Z2,['Z2'],{986: 108}
1130,995,True,108,[995],True,Z2xZ2,Z2,['Z2'],{995: 108}
1130,1010,True,108,[1010],True,Z2xZ2,Z2,['Z2'],{1010: 108}
1130,1025,True,108,[1025],True,Z2xZ2,Z2,['Z2'],{1025: 108}
1130,1031,True,216,[1031],True,Z2xZ2,Trivial,['Trivial'],{1031: 216}
1130,1040,True,108,[1040],True,Z2xZ2,Z2,['Z2'],{1040: 108}
1130,1055,True,54,[1130],True,Z2xZ2,Z2xZ2,['Z2xZ2'],{1130: 54}
1130,1057,False,0,[],False,Z2xZ2,Z2xZ2,[],{}
1130,1059,False,0,[],False,Z2xZ2,Z2xZ2,[],{}
1130,1100,True,108,[1175],True,Z2xZ2,Z2,['Z2'],{1175: 108}
1130,1130,True,54,[1055],True,Z2xZ2,Z2xZ2,['Z2xZ2'],{1055: 54}
1130,1132,False,0,[],False,Z2xZ2,Z2xZ2,[],{}
1130,1134,False,0,[],False,Z2xZ2,Z2xZ2,[],{}
1130,1175,True,108,[1100],True,Z2xZ2,Z2,['Z2'],{1100: 108}
1132,0,False,0,[],False,Z2xZ2,(Z2)^3,[],{}
1132,1,False,0,[],False,Z2xZ2,Z2xZ2,[],{}
1132,2,False,0,[],False,Z2xZ2,Z2xZ2,[],{}
1132,4,False,0,[],False,Z2xZ2,Z2xZ2,[],{}
1132,5,False,0,[],False,Z2xZ2,Z2xZ2,[],{}
1132,6,False,0,[],False,Z2xZ2,Z2xZ2,[],{}
1132,10,False,0,[],False,Z2xZ2,Z2xZ2,[],{}
1132,20,False,0,[],False,Z2xZ2,Z2xZ2,[],{}
1132,30,False,0,[],False,Z2xZ2,Z2xZ2,[],{}
1132,34,False,0,[],False,Z2xZ2,Z2,[],{}
1132,40,False,0,[],False,Z2xZ2,Z2xZ2,[],{}
1132,50,False,0,[],False,Z2xZ2,Z2xZ2,[],{}
1132,52,False,0,[],False,Z2xZ2,Z2xZ2,[],{}
1132,54,False,0,[],False,Z2xZ2,Z2xZ2,[],{}
1132,95,False,0,[],False,Z2xZ2,Z2,[],{}
1132,125,False,0,[],False,Z2xZ2,Z2xZ2,[],{}
1132,126,False,0,[],False,Z2xZ2,Z2xZ2,[],{}
1132,127,False,0,[],False,Z2xZ2,Z2xZ2,[],{}
1132,131,False,0,[],False,Z2xZ2,Z2xZ2,[],{}
1132,132,False,0,[],False,Z2xZ2,Z2xZ2,[],{}
1132,133,False,0,[],False,Z2xZ2,Z2xZ2,[],{}
1132,137,False,0,[],False,Z2xZ2,Z2xZ2,[],{}
1132,138,False,0,[],False,Z2xZ2,Z2xZ2,[],{}
1132,139,False,0,[],False,Z2xZ2,Z2xZ2,[],{}
1132,143,False,0,[],False,Z2xZ2,Z2,[],{}
1132,161,False,0,[],False,Z2xZ2,Z2,[],{}
1132,179,False,0,[],False,Z2xZ2,Z2,[],{}
1132,185,False,0,[],False,Z2xZ2,Z2,[],{}
1132,191,False,0,[],False,Z2xZ2,Z2,[],{}
1132,197,False,0,[],False,Z2xZ2,Z2,[],{}
1132,215,False,0,[],False,Z2xZ2,Z2,[],{}
1132,296,False,0,[],False,Z2xZ2,Trivial,[],{}
1132,350,False,0,[],False,Z2xZ2,Z2xZ2,[],{}
1132,354,False,0,[],False,Z2xZ2,Z2,[],{}
1132,360,False,0,[],False,Z2xZ2,Z2xZ2,[],{}
1132,370,False,0,[],False,Z2xZ2,Z2xZ2,[],{}
1132,380,False,0,[],False,Z2xZ2,Z2xZ2,[],{}
1132,390,False,0,[],False,Z2xZ2,Z2xZ2,[],{}
1132,394,False,0,[],False,Z2xZ2,Z2,[],{}
1132,400,False,0,[],False,Z2xZ2,Z2xZ2,[],{}
1132,410,False,0,[],False,Z2xZ2,Z2xZ2,[],{}
1132,420,False,0,[],False,Z2xZ2,Z2xZ2,[],{}
1132,430,False,0,[],False,Z2xZ2,Z2xZ2,[],{}
1132,434,False,0,[],False,Z2xZ2,Z2,[],{}
1132,440,False,0,[],False,Z2xZ2,Z2,[],{}
1132,500,False,0,[],False,Z2xZ2,Z2,[],{}
1132,560,False,0,[],False,Z2xZ2,Z2,[],{}
1132,980,False,0,[],False,Z2xZ2,Z2xZ2,[],{}
1132,982,False,0,[],False,Z2xZ2,Z2xZ2,[],{}
1132,984,True,54,[982],True,Z2xZ2,Z2xZ2,['Z2xZ2'],{982: 54}
1132,986,False,0,[],False,Z2xZ2,Z2,[],{}
1132,995,False,0,[],False,Z2xZ2,Z2,[],{}
1132,1010,False,0,[],False,Z2xZ2,Z2,[],{}
1132,1025,False,0,[],False,Z2xZ2,Z2,[],{}
1132,1031,False,0,[],False,Z2xZ2,Trivial,[],{}
1132,1040,False,0,[],False,Z2xZ2,Z2,[],{}
1132,1055,False,0,[],False,Z2xZ2,Z2xZ2,[],{}
1132,1057,False,0,[],False,Z2xZ2,Z2xZ2,[],{}
1132,1059,True,54,[1132],True,Z2xZ2,Z2xZ2,['Z2xZ2'],{1132: 54}
1132,1100,False,0,[],False,Z2xZ2,Z2,[],{}
1132,1130,False,0,[],False,Z2xZ2,Z2xZ2,[],{}
1132,1132,False,0,[],False,Z2xZ2,Z2xZ2,[],{}
1132,1134,True,54,[1057],True,Z2xZ2,Z2xZ2,['Z2xZ2'],{1057: 54}
1132,1175,False,0,[],False,Z2xZ2,Z2,[],{}
1134,0,False,0,[],False,Z2xZ2,(Z2)^3,[],{}
1134,1,False,0,[],False,Z2xZ2,Z2xZ2,[],{}
1134,2,False,0,[],False,Z2xZ2,Z2xZ2,[],{}
1134,4,False,0,[],False,Z2xZ2,Z2xZ2,[],{}
1134,5,False,0,[],False,Z2xZ2,Z2xZ2,[],{}
1134,6,False,0,[],False,Z2xZ2,Z2xZ2,[],{}
1134,10,False,0,[],False,Z2xZ2,Z2xZ2,[],{}
1134,20,False,0,[],False,Z2xZ2,Z2xZ2,[],{}
1134,30,False,0,[],False,Z2xZ2,Z2xZ2,[],{}
1134,34,False,0,[],False,Z2xZ2,Z2,[],{}
1134,40,False,0,[],False,Z2xZ2,Z2xZ2,[],{}
1134,50,False,0,[],False,Z2xZ2,Z2xZ2,[],{}
1134,52,False,0,[],False,Z2xZ2,Z2xZ2,[],{}
1134,54,False,0,[],False,Z2xZ2,Z2xZ2,[],{}
1134,95,False,0,[],False,Z2xZ2,Z2,[],{}
1134,125,False,0,[],False,Z2xZ2,Z2xZ2,[],{}
1134,126,False,0,[],False,Z2xZ2,Z2xZ2,[],{}
1134,127,False,0,[],False,Z2xZ2,Z2xZ2,[],{}
1134,131,False,0,[],False,Z2xZ2,Z2xZ2,[],{}
1134,132,False,0,[],False,Z2xZ2,Z2xZ2,[],{}
1134,133,False,0,[],False,Z2xZ2,Z2xZ2,[],{}
1134,137,False,0,[],False,Z2xZ2,Z2xZ2,[],{}
1134,138,False,0,[],False,Z2xZ2,Z2xZ2,[],{}
1134,139,False,0,[],False,Z2xZ2,Z2xZ2,[],{}
1134,143,False,0,[],False,Z2xZ2,Z2,[],{}
1134,161,False,0,[],False,Z2xZ2,Z2,[],{}
1134,179,False,0,[],False,Z2xZ2,Z2,[],{}
1134,185,False,0,[],False,Z2xZ2,Z2,[],{}
1134,191,False,0,[],False,Z2xZ2,Z2,[],{}
1134,197,False,0,[],False,Z2xZ2,Z2,[],{}
1134,215,False,0,[],False,Z2xZ2,Z2,[],{}
1134,296,False,0,[],False,Z2xZ2,Trivial,[],{}
1134,350,False,0,[],False,Z2xZ2,Z2xZ2,[],{}
1134,354,False,0,[],False,Z2xZ2,Z2,[],{}
1134,360,False,0,[],False,Z2xZ2,Z2xZ2,[],{}
1134,370,False,0,[],False,Z2xZ2,Z2xZ2,[],{}
1134,380,False,0,[],False,Z2xZ2,Z2xZ2,[],{}
1134,390,False,0,[],False,Z2xZ2,Z2xZ2,[],{}
1134,394,False,0,[],False,Z2xZ2,Z2,[],{}
1134,400,False,0,[],False,Z2xZ2,Z2xZ2,[],{}
1134,410,False,0,[],False,Z2xZ2,Z2xZ2,[],{}
1134,420,False,0,[],False,Z2xZ2,Z2xZ2,[],{}
1134,430,False,0,[],False,Z2xZ2,Z2xZ2,[],{}
1134,434,False,0,[],False,Z2xZ2,Z2,[],{}
1134,440,False,0,[],False,Z2xZ2,Z2,[],{}
1134,500,False,0,[],False,Z2xZ2,Z2,[],{}
1134,560,False,0,[],False,Z2xZ2,Z2,[],{}
1134,980,False,0,[],False,Z2xZ2,Z2xZ2,[],{}
1134,982,True,54,[984],True,Z2xZ2,Z2xZ2,['Z2xZ2'],{984: 54}
1134,984,False,0,[],False,Z2xZ2,Z2xZ2,[],{}
1134,986,False,0,[],False,Z2xZ2,Z2,[],{}
1134,995,False,0,[],False,Z2xZ2,Z2,[],{}
1134,1010,False,0,[],False,Z2xZ2,Z2,[],{}
1134,1025,False,0,[],False,Z2xZ2,Z2,[],{}
1134,1031,False,0,[],False,Z2xZ2,Trivial,[],{}
1134,1040,False,0,[],False,Z2xZ2,Z2,[],{}
1134,1055,False,0,[],False,Z2xZ2,Z2xZ2,[],{}
1134,1057,True,54,[1134],True,Z2xZ2,Z2xZ2,['Z2xZ2'],{1134: 54}
1134,1059,False,0,[],False,Z2xZ2,Z2xZ2,[],{}
1134,1100,False,0,[],False,Z2xZ2,Z2,[],{}
1134,1130,False,0,[],False,Z2xZ2,Z2xZ2,[],{}
1134,1132,True,54,[1059],True,Z2xZ2,Z2xZ2,['Z2xZ2'],{1059: 54}
1134,1134,False,0,[],False,Z2xZ2,Z2xZ2,[],{}
1134,1175,False,0,[],False,Z2xZ2,Z2,[],{}
1175,0,False,0,[],False,Z2,(Z2)^3,[],{}
1175,1,False,0,[],False,Z2,Z2xZ2,[],{}
1175,2,False,0,[],False,Z2,Z2xZ2,[],{}
1175,4,False,0,[],False,Z2,Z2xZ2,[],{}
1175,5,False,0,[],False,Z2,Z2xZ2,[],{}
1175,6,False,0,[],False,Z2,Z2xZ2,[],{}
1175,10,False,0,[],False,Z2,Z2xZ2,[],{}
1175,20,False,0,[],False,Z2,Z2xZ2,[],{}
1175,30,False,0,[],False,Z2,Z2xZ2,[],{}
1175,34,False,0,[],False,Z2,Z2,[],{}
1175,40,False,0,[],False,Z2,Z2xZ2,[],{}
1175,50,False,0,[],False,Z2,Z2xZ2,[],{}
1175,52,False,0,[],False,Z2,Z2xZ2,[],{}
1175,54,False,0,[],False,Z2,Z2xZ2,[],{}
1175,95,False,0,[],False,Z2,Z2,[],{}
1175,125,False,0,[],False,Z2,Z2xZ2,[],{}
1175,126,False,0,[],False,Z2,Z2xZ2,[],{}
1175,127,False,0,[],False,Z2,Z2xZ2,[],{}
1175,131,False,0,[],False,Z2,Z2xZ2,[],{}
1175,132,False,0,[],False,Z2,Z2xZ2,[],{}
1175,133,False,0,[],False,Z2,Z2xZ2,[],{}
1175,137,False,0,[],False,Z2,Z2xZ2,[],{}
1175,138,False,0,[],False,Z2,Z2xZ2,[],{}
1175,139,False,0,[],False,Z2,Z2xZ2,[],{}
1175,143,False,0,[],False,Z2,Z2,[],{}
1175,161,False,0,[],False,Z2,Z2,[],{}
1175,179,False,0,[],False,Z2,Z2,[],{}
1175,185,False,0,[],False,Z2,Z2,[],{}
1175,191,False,0,[],False,Z2,Z2,[],{}
1175,197,False,0,[],False,Z2,Z2,[],{}
1175,215,False,0,[],False,Z2,Z2,[],{}
1175,296,False,0,[],False,Z2,Trivial,[],{}
1175,350,False,0,[],False,Z2,Z2xZ2,[],{}
1175,354,False,0,[],False,Z2,Z2,[],{}
1175,360,False,0,[],False,Z2,Z2xZ2,[],{}
1175,370,False,0,[],False,Z2,Z2xZ2,[],{}
1175,380,False,0,[],False,Z2,Z2xZ2,[],{}
1175,390,False,0,[],False,Z2,Z2xZ2,[],{}
1175,394,False,0,[],False,Z2,Z2,[],{}
1175,400,False,0,[],False,Z2,Z2xZ2,[],{}
1175,410,False,0,[],False,Z2,Z2xZ2,[],{}
1175,420,False,0,[],False,Z2,Z2xZ2,[],{}
1175,430,False,0,[],False,Z2,Z2xZ2,[],{}
1175,434,False,0,[],False,Z2,Z2,[],{}
1175,440,False,0,[],False,Z2,Z2,[],{}
1175,500,False,0,[],False,Z2,Z2,[],{}
1175,560,False,0,[],False,Z2,Z2,[],{}
1175,980,True,108,[1025],True,Z2,Z2xZ2,['Z2'],{1025: 108}
1175,982,False,0,[],False,Z2,Z2xZ2,[],{}
1175,984,False,0,[],False,Z2,Z2xZ2,[],{}
1175,986,True,216,[1031],True,Z2,Z2,['Trivial'],{1031: 216}
1175,995,True,216,"[1010, 1040]",False,Z2,Z2,['Z2'],"{1010: 108, 1040: 108}"
1175,1010,True,216,"[995, 1040]",False,Z2,Z2,['Z2'],"{995: 108, 1040: 108}"
1175,1025,True,216,"[980, 1025]",False,Z2,Z2,"['Z2', 'Z2xZ2']","{980: 108, 1025: 108}"
1175,1031,True,432,"[986, 1031]",False,Z2,Trivial,"['Trivial', 'Z2']","{986: 216, 1031: 216}"
1175,1040,True,216,"[995, 1010]",False,Z2,Z2,['Z2'],"{995: 108, 1010: 108}"
1175,1055,True,108,[1175],True,Z2,Z2xZ2,['Z2'],{1175: 108}
1175,1057,False,0,[],False,Z2,Z2xZ2,[],{}
1175,1059,False,0,[],False,Z2,Z2xZ2,[],{}
1175,1100,True,216,"[1130, 1175]",False,Z2,Z2,"['Z2', 'Z2xZ2']","{1130: 108, 1175: 108}"
1175,1130,True,108,[1100],True,Z2,Z2xZ2,['Z2'],{1100: 108}
1175,1132,False,0,[],False,Z2,Z2xZ2,[],{}
1175,1134,False,0,[],False,Z2,Z2xZ2,[],{}
1175,1175,True,216,"[1055, 1100]",False,Z2,Z2,"['Z2', 'Z2xZ2']","{1055: 108, 1100: 108}"
