profile_id,alpha,beta,profile,provenance
0,"[[-1, -1], [-1, -1]]","[[-1, -1], [-1, -1]]","[1, 1, 1, 1, 1, 1, 1, 1, 1, 1, 1, 1, 1, 1, 1, 1]",EXACT_DERIVED
1,"[[-1, -1], [-1, -1]]","[[-1, -1], [-1, 0]]","[1, 1, 1, 0, 1, 1, 1, 0, 1, 1, 1, 0, 1, 1, 1, 0]",EXACT_DERIVED
2,"[[-1, -1], [-1, -1]]","[[-1, -1], [-1, 1]]","[1, 1, 1, -1, 1, 1, 1, -1, 1, 1, 1, -1, 1, 1, 1, -1]",EXACT_DERIVED
3,"[[-1, -1], [-1, -1]]","[[-1, -1], [0, -1]]","[1, 1, 0, 1, 1, 1, 0, 1, 1, 1, 0, 1, 1, 1, 0, 1]",EXACT_DERIVED
4,"[[-1, -1], [-1, -1]]","[[-1, -1], [0, 0]]","[1, 1, 0, 0, 1, 1, 0, 0, 1, 1, 0, 0, 1, 1, 0, 0]",EXACT_DERIVED
5,"[[-1, -1], [-1, -1]]","[[-1, -1], [0, 1]]","[1, 1, 0, -1, 1, 1, 0, -1, 1, 1, 0, -1, 1, 1, 0, -1]",EXACT_DERIVED
6,"[[-1, -1], [-1, -1]]","[[-1, -1], [1, -1]]","[1, 1, -1, 1, 1, 1, -1, 1, 1, 1, -1, 1, 1, 1, -1, 1]",EXACT_DERIVED
7,"[[-1, -1], [-1, -1]]","[[-1, -1], [1, 0]]","[1, 1, -1, 0, 1, 1, -1, 0, 1, 1, -1, 0, 1, 1, -1, 0]",EXACT_DERIVED
8,"[[-1, -1], [-1, -1]]","[[-1, -1], [1, 1]]","[1, 1, -1, -1, 1, 1, -1, -1, 1, 1, -1, -1, 1, 1, -1, -1]",EXACT_DERIVED
9,"[[-1, -1], [-1, -1]]","[[-1, 0], [-1, -1]]","[1, 0, 1, 1, 1, 0, 1, 1, 1, 0, 1, 1, 1, 0, 1, 1]",EXACT_DERIVED
10,"[[-1, -1], [-1, -1]]","[[-1, 0], [-1, 0]]","[1, 0, 1, 0, 1, 0, 1, 0, 1, 0, 1, 0, 1, 0, 1, 0]",EXACT_DERIVED
11,"[[-1, -1], [-1, -1]]","[[-1, 0], [-1, 1]]","[1, 0, 1, -1, 1, 0, 1, -1, 1, 0, 1, -1, 1, 0, 1, -1]",EXACT_DERIVED
12,"[[-1, -1], [-1, -1]]","[[-1, 0], [0, -1]]","[1, 0, 0, 1, 1, 0, 0, 1, 1, 0, 0, 1, 1, 0, 0, 1]",EXACT_DERIVED
13,"[[-1, -1], [-1, -1]]","[[-1, 0], [0, 0]]","[1, 0, 0, 0, 1, 0, 0, 0, 1, 0, 0, 0, 1, 0, 0, 0]",EXACT_DERIVED
14,"[[-1, -1], [-1, -1]]","[[-1, 0], [0, 1]]","[1, 0, 0, -1, 1, 0, 0, -1, 1, 0, 0, -1, 1, 0, 0, -1]",EXACT_DERIVED
15,"[[-1, -1], [-1, -1]]","[[-1, 0], [1, -1]]","[1, 0, -1, 1, 1, 0, -1, 1, 1, 0, -1, 1, 1, 0, -1, 1]",EXACT_DERIVED
16,"[[-1, -1], [-1, -1]]","[[-1, 0], [1, 0]]","[1, 0, -1, 0, 1, 0, -1, 0, 1, 0, -1, 0, 1, 0, -1, 0]",EXACT_DERIVED
17,"[[-1, -1], [-1, -1]]","[[-1, 0], [1, 1]]","[1, 0, -1, -1, 1, 0, -1, -1, 1, 0, -1, -1, 1, 0, -1, -1]",EXACT_DERIVED
18,"[[-1, -1], [-1, -1]]","[[-1, 1], [-1, -1]]","[1, -1, 1, 1, 1, -1, 1, 1, 1, -1, 1, 1, 1, -1, 1, 1]",EXACT_DERIVED
19,"[[-1, -1], [-1, -1]]","[[-1, 1], [-1, 0]]","[1, -1, 1, 0, 1, -1, 1, 0, 1, -1, 1, 0, 1, -1, 1, 0]",EXACT_DERIVED
20,"[[-1, -1], [-1, -1]]","[[-1, 1], [-1, 1]]","[1, -1, 1, -1, 1, -1, 1, -1, 1, -1, 1, -1, 1, -1, 1, -1]",EXACT_DERIVED
21,"[[-1, -1], [-1, -1]]","[[-1, 1], [0, -1]]","[1, -1, 0, 1, 1, -1, 0, 1, 1, -1, 0, 1, 1, -1, 0, 1]",EXACT_DERIVED
22,"[[-1, -1], [-1, -1]]","[[-1, 1], [0, 0]]","[1, -1, 0, 0, 1, -1, 0, 0, 1, -1, 0, 0, 1, -1, 0, 0]",EXACT_DERIVED
23,"[[-1, -1], [-1, -1]]","[[-1, 1], [0, 1]]","[1, -1, 0, -1, 1, -1, 0, -1, 1, -1, 0, -1, 1, -1, 0, -1]",EXACT_DERIVED
24,"[[-1, -1], [-1, -1]]","[[-1, 1], [1, -1]]","[1, -1, -1, 1, 1, -1, -1, 1, 1, -1, -1, 1, 1, -1, -1, 1]",EXACT_DERIVED
25,"[[-1, -1], [-1, -1]]","[[-1, 1], [1, 0]]","[1, -1, -1, 0, 1, -1, -1, 0, 1, -1, -1, 0, 1, -1, -1, 0]",EXACT_DERIVED
26,"[[-1, -1], [-1, -1]]","[[-1, 1], [1, 1]]","[1, -1, -1, -1, 1, -1, -1, -1, 1, -1, -1, -1, 1, -1, -1, -1]",EXACT_DERIVED
27,"[[-1, -1], [-1, -1]]","[[0, -1], [-1, -1]]","[0, 1, 1, 1, 0, 1, 1, 1, 0, 1, 1, 1, 0, 1, 1, 1]",EXACT_DERIVED
28,"[[-1, -1], [-1, -1]]","[[0, -1], [-1, 0]]","[0, 1, 1, 0, 0, 1, 1, 0, 0, 1, 1, 0, 0, 1, 1, 0]",EXACT_DERIVED
29,"[[-1, -1], [-1, -1]]","[[0, -1], [-1, 1]]","[0, 1, 1, -1, 0, 1, 1, -1, 0, 1, 1, -1, 0, 1, 1, -1]",EXACT_DERIVED
30,"[[-1, -1], [-1, -1]]","[[0, -1], [0, -1]]","[0, 1, 0, 1, 0, 1, 0, 1, 0, 1, 0, 1, 0, 1, 0, 1]",EXACT_DERIVED
31,"[[-1, -1], [-1, -1]]","[[0, -1], [0, 0]]","[0, 1, 0, 0, 0, 1, 0, 0, 0, 1, 0, 0, 0, 1, 0, 0]",EXACT_DERIVED
32,"[[-1, -1], [-1, -1]]","[[0, -1], [0, 1]]","[0, 1, 0, -1, 0, 1, 0, -1, 0, 1, 0, -1, 0, 1, 0, -1]",EXACT_DERIVED
33,"[[-1, -1], [-1, -1]]","[[0, -1], [1, -1]]","[0, 1, -1, 1, 0, 1, -1, 1, 0, 1, -1, 1, 0, 1, -1, 1]",EXACT_DERIVED
34,"[[-1, -1], [-1, -1]]","[[0, -1], [1, 0]]","[0, 1, -1, 0, 0, 1, -1, 0, 0, 1, -1, 0, 0, 1, -1, 0]",EXACT_DERIVED
35,"[[-1, -1], [-1, -1]]","[[0, -1], [1, 1]]","[0, 1, -1, -1, 0, 1, -1, -1, 0, 1, -1, -1, 0, 1, -1, -1]",EXACT_DERIVED
36,"[[-1, -1], [-1, -1]]","[[0, 0], [-1, -1]]","[0, 0, 1, 1, 0, 0, 1, 1, 0, 0, 1, 1, 0, 0, 1, 1]",EXACT_DERIVED
37,"[[-1, -1], [-1, -1]]","[[0, 0], [-1, 0]]","[0, 0, 1, 0, 0, 0, 1, 0, 0, 0, 1, 0, 0, 0, 1, 0]",EXACT_DERIVED
38,"[[-1, -1], [-1, -1]]","[[0, 0], [-1, 1]]","[0, 0, 1, -1, 0, 0, 1, -1, 0, 0, 1, -1, 0, 0, 1, -1]",EXACT_DERIVED
39,"[[-1, -1], [-1, -1]]","[[0, 0], [0, -1]]","[0, 0, 0, 1, 0, 0, 0, 1, 0, 0, 0, 1, 0, 0, 0, 1]",EXACT_DERIVED
40,"[[-1, -1], [-1, 0]]","[[-1, -1], [-1, -1]]","[1, 1, 1, 1, 1, 1, 1, 1, 1, 1, 1, 1, 0, 0, 0, 0]",EXACT_DERIVED
41,"[[-1, -1], [-1, 0]]","[[-1, -1], [-1, 0]]","[1, 1, 1, 0, 1, 1, 1, 0, 1, 1, 1, 0, 0, 0, 0, 0]",EXACT_DERIVED
42,"[[-1, -1], [-1, 0]]","[[-1, -1], [-1, 1]]","[1, 1, 1, -1, 1, 1, 1, -1, 1, 1, 1, -1, 0, 0, 0, 0]",EXACT_DERIVED
43,"[[-1, -1], [-1, 0]]","[[-1, -1], [0, -1]]","[1, 1, 0, 1, 1, 1, 0, 1, 1, 1, 0, 1, 0, 0, 0, 0]",EXACT_DERIVED
44,"[[-1, -1], [-1, 0]]","[[-1, -1], [0, 0]]","[1, 1, 0, 0, 1, 1, 0, 0, 1, 1, 0, 0, 0, 0, 0, 0]",EXACT_DERIVED
45,"[[-1, -1], [-1, 0]]","[[-1, -1], [0, 1]]","[1, 1, 0, -1, 1, 1, 0, -1, 1, 1, 0, -1, 0, 0, 0, 0]",EXACT_DERIVED
46,"[[-1, -1], [-1, 0]]","[[-1, -1], [1, -1]]","[1, 1, -1, 1, 1, 1, -1, 1, 1, 1, -1, 1, 0, 0, 0, 0]",EXACT_DERIVED
47,"[[-1, -1], [-1, 0]]","[[-1, -1], [1, 0]]","[1, 1, -1, 0, 1, 1, -1, 0, 1, 1, -1, 0, 0, 0, 0, 0]",EXACT_DERIVED
48,"[[-1, -1], [-1, 0]]","[[-1, -1], [1, 1]]","[1, 1, -1, -1, 1, 1, -1, -1, 1, 1, -1, -1, 0, 0, 0, 0]",EXACT_DERIVED
49,"[[-1, -1], [-1, 0]]","[[-1, 0], [-1, -1]]","[1, 0, 1, 1, 1, 0, 1, 1, 1, 0, 1, 1, 0, 0, 0, 0]",EXACT_DERIVED
50,"[[-1, -1], [-1, 0]]","[[-1, 0], [-1, 0]]","[1, 0, 1, 0, 1, 0, 1, 0, 1, 0, 1, 0, 0, 0, 0, 0]",EXACT_DERIVED
51,"[[-1, -1], [-1, 0]]","[[-1, 0], [-1, 1]]","[1, 0, 1, -1, 1, 0, 1, -1, 1, 0, 1, -1, 0, 0, 0, 0]",EXACT_DERIVED
52,"[[-1, -1], [-1, 0]]","[[-1, 0], [0, -1]]","[1, 0, 0, 1, 1, 0, 0, 1, 1, 0, 0, 1, 0, 0, 0, 0]",EXACT_DERIVED
53,"[[-1, -1], [-1, 0]]","[[-1, 0], [0, 0]]","[1, 0, 0, 0, 1, 0, 0, 0, 1, 0, 0, 0, 0, 0, 0, 0]",EXACT_DERIVED
54,"[[-1, -1], [-1, 0]]","[[-1, 0], [0, 1]]","[1, 0, 0, -1, 1, 0, 0, -1, 1, 0, 0, -1, 0, 0, 0, 0]",EXACT_DERIVED
55,"[[-1, -1], [-1, 0]]","[[-1, 0], [1, -1]]","[1, 0, -1, 1, 1, 0, -1, 1, 1, 0, -1, 1, 0, 0, 0, 0]",EXACT_DERIVED
56,"[[-1, -1], [-1, 0]]","[[-1, 0], [1, 0]]","[1, 0, -1, 0, 1, 0, -1, 0, 1, 0, -1, 0, 0, 0, 0, 0]",EXACT_DERIVED
57,"[[-1, -1], [-1, 0]]","[[-1, 0], [1, 1]]","[1, 0, -1, -1, 1, 0, -1, -1, 1, 0, -1, -1, 0, 0, 0, 0]",EXACT_DERIVED
58,"[[-1, -1], [-1, 0]]","[[-1, 1], [-1, -1]]","[1, -1, 1, 1, 1, -1, 1, 1, 1, -1, 1, 1, 0, 0, 0, 0]",EXACT_DERIVED
59,"[[-1, -1], [-1, 0]]","[[-1, 1], [-1, 0]]","[1, -1, 1, 0, 1, -1, 1, 0, 1, -1, 1, 0, 0, 0, 0, 0]",EXACT_DERIVED
60,"[[-1, -1], [-1, 0]]","[[-1, 1], [-1, 1]]","[1, -1, 1, -1, 1, -1, 1, -1, 1, -1, 1, -1, 0, 0, 0, 0]",EXACT_DERIVED
61,"[[-1, -1], [-1, 0]]","[[-1, 1], [0, -1]]","[1, -1, 0, 1, 1, -1, 0, 1, 1, -1, 0, 1, 0, 0, 0, 0]",EXACT_DERIVED
62,"[[-1, -1], [-1, 0]]","[[-1, 1], [0, 0]]","[1, -1, 0, 0, 1, -1, 0, 0, 1, -1, 0, 0, 0, 0, 0, 0]",EXACT_DERIVED
63,"[[-1, -1], [-1, 0]]","[[-1, 1], [0, 1]]","[1, -1, 0, -1, 1, -1, 0, -1, 1, -1, 0, -1, 0, 0, 0, 0]",EXACT_DERIVED
64,"[[-1, -1], [-1, 0]]","[[-1, 1], [1, -1]]","[1, -1, -1, 1, 1, -1, -1, 1, 1, -1, -1, 1, 0, 0, 0, 0]",EXACT_DERIVED
65,"[[-1, -1], [-1, 0]]","[[-1, 1], [1, 0]]","[1, -1, -1, 0, 1, -1, -1, 0, 1, -1, -1, 0, 0, 0, 0, 0]",EXACT_DERIVED
66,"[[-1, -1], [-1, 0]]","[[-1, 1], [1, 1]]","[1, -1, -1, -1, 1, -1, -1, -1, 1, -1, -1, -1, 0, 0, 0, 0]",EXACT_DERIVED
67,"[[-1, -1], [-1, 0]]","[[0, -1], [-1, -1]]","[0, 1, 1, 1, 0, 1, 1, 1, 0, 1, 1, 1, 0, 0, 0, 0]",EXACT_DERIVED
68,"[[-1, -1], [-1, 0]]","[[0, -1], [-1, 0]]","[0, 1, 1, 0, 0, 1, 1, 0, 0, 1, 1, 0, 0, 0, 0, 0]",EXACT_DERIVED
69,"[[-1, -1], [-1, 0]]","[[0, -1], [-1, 1]]","[0, 1, 1, -1, 0, 1, 1, -1, 0, 1, 1, -1, 0, 0, 0, 0]",EXACT_DERIVED
70,"[[-1, -1], [-1, 0]]","[[0, -1], [0, -1]]","[0, 1, 0, 1, 0, 1, 0, 1, 0, 1, 0, 1, 0, 0, 0, 0]",EXACT_DERIVED
71,"[[-1, -1], [-1, 0]]","[[0, -1], [0, 0]]","[0, 1, 0, 0, 0, 1, 0, 0, 0, 1, 0, 0, 0, 0, 0, 0]",EXACT_DERIVED
72,"[[-1, -1], [-1, 0]]","[[0, -1], [0, 1]]","[0, 1, 0, -1, 0, 1, 0, -1, 0, 1, 0, -1, 0, 0, 0, 0]",EXACT_DERIVED
73,"[[-1, -1], [-1, 0]]","[[0, -1], [1, -1]]","[0, 1, -1, 1, 0, 1, -1, 1, 0, 1, -1, 1, 0, 0, 0, 0]",EXACT_DERIVED
74,"[[-1, -1], [-1, 0]]","[[0, -1], [1, 0]]","[0, 1, -1, 0, 0, 1, -1, 0, 0, 1, -1, 0, 0, 0, 0, 0]",EXACT_DERIVED
75,"[[-1, -1], [-1, 0]]","[[0, -1], [1, 1]]","[0, 1, -1, -1, 0, 1, -1, -1, 0, 1, -1, -1, 0, 0, 0, 0]",EXACT_DERIVED
76,"[[-1, -1], [-1, 0]]","[[0, 0], [-1, -1]]","[0, 0, 1, 1, 0, 0, 1, 1, 0, 0, 1, 1, 0, 0, 0, 0]",EXACT_DERIVED
77,"[[-1, -1], [-1, 0]]","[[0, 0], [-1, 0]]","[0, 0, 1, 0, 0, 0, 1, 0, 0, 0, 1, 0, 0, 0, 0, 0]",EXACT_DERIVED
78,"[[-1, -1], [-1, 0]]","[[0, 0], [-1, 1]]","[0, 0, 1, -1, 0, 0, 1, -1, 0, 0, 1, -1, 0, 0, 0, 0]",EXACT_DERIVED
79,"[[-1, -1], [-1, 0]]","[[0, 0], [0, -1]]","[0, 0, 0, 1, 0, 0, 0, 1, 0, 0, 0, 1, 0, 0, 0, 0]",EXACT_DERIVED
80,"[[-1, -1], [-1, 1]]","[[-1, -1], [-1, -1]]","[1, 1, 1, 1, 1, 1, 1, 1, 1, 1, 1, 1, -1, -1, -1, -1]",EXACT_DERIVED
81,"[[-1, -1], [-1, 1]]","[[-1, -1], [-1, 0]]","[1, 1, 1, 0, 1, 1, 1, 0, 1, 1, 1, 0, -1, -1, -1, 0]",EXACT_DERIVED
82,"[[-1, -1], [-1, 1]]","[[-1, -1], [-1, 1]]","[1, 1, 1, -1, 1, 1, 1, -1, 1, 1, 1, -1, -1, -1, -1, 1]",EXACT_DERIVED
83,"[[-1, -1], [-1, 1]]","[[-1, -1], [0, -1]]","[1, 1, 0, 1, 1, 1, 0, 1, 1, 1, 0, 1, -1, -1, 0, -1]",EXACT_DERIVED
84,"[[-1, -1], [-1, 1]]","[[-1, -1], [0, 0]]","[1, 1, 0, 0, 1, 1, 0, 0, 1, 1, 0, 0, -1, -1, 0, 0]",EXACT_DERIVED
85,"[[-1, -1], [-1, 1]]","[[-1, -1], [0, 1]]","[1, 1, 0, -1, 1, 1, 0, -1, 1, 1, 0, -1, -1, -1, 0, 1]",EXACT_DERIVED
86,"[[-1, -1], [-1, 1]]","[[-1, -1], [1, -1]]","[1, 1, -1, 1, 1, 1, -1, 1, 1, 1, -1, 1, -1, -1, 1, -1]",EXACT_DERIVED
87,"[[-1, -1], [-1, 1]]","[[-1, -1], [1, 0]]","[1, 1, -1, 0, 1, 1, -1, 0, 1, 1, -1, 0, -1, -1, 1, 0]",EXACT_DERIVED
88,"[[-1, -1], [-1, 1]]","[[-1, -1], [1, 1]]","[1, 1, -1, -1, 1, 1, -1, -1, 1, 1, -1, -1, -1, -1, 1, 1]",EXACT_DERIVED
89,"[[-1, -1], [-1, 1]]","[[-1, 0], [-1, -1]]","[1, 0, 1, 1, 1, 0, 1, 1, 1, 0, 1, 1, -1, 0, -1, -1]",EXACT_DERIVED
90,"[[-1, -1], [-1, 1]]","[[-1, 0], [-1, 0]]","[1, 0, 1, 0, 1, 0, 1, 0, 1, 0, 1, 0, -1, 0, -1, 0]",EXACT_DERIVED
91,"[[-1, -1], [-1, 1]]","[[-1, 0], [-1, 1]]","[1, 0, 1, -1, 1, 0, 1, -1, 1, 0, 1, -1, -1, 0, -1, 1]",EXACT_DERIVED
92,"[[-1, -1], [-1, 1]]","[[-1, 0], [0, -1]]","[1, 0, 0, 1, 1, 0, 0, 1, 1, 0, 0, 1, -1, 0, 0, -1]",EXACT_DERIVED
93,"[[-1, -1], [-1, 1]]","[[-1, 0], [0, 0]]","[1, 0, 0, 0, 1, 0, 0, 0, 1, 0, 0, 0, -1, 0, 0, 0]",EXACT_DERIVED
94,"[[-1, -1], [-1, 1]]","[[-1, 0], [0, 1]]","[1, 0, 0, -1, 1, 0, 0, -1, 1, 0, 0, -1, -1, 0, 0, 1]",EXACT_DERIVED
95,"[[-1, -1], [-1, 1]]","[[-1, 0], [1, -1]]","[1, 0, -1, 1, 1, 0, -1, 1, 1, 0, -1, 1, -1, 0, 1, -1]",EXACT_DERIVED
96,"[[-1, -1], [-1, 1]]","[[-1, 0], [1, 0]]","[1, 0, -1, 0, 1, 0, -1, 0, 1, 0, -1, 0, -1, 0, 1, 0]",EXACT_DERIVED
97,"[[-1, -1], [-1, 1]]","[[-1, 0], [1, 1]]","[1, 0, -1, -1, 1, 0, -1, -1, 1, 0, -1, -1, -1, 0, 1, 1]",EXACT_DERIVED
98,"[[-1, -1], [-1, 1]]","[[-1, 1], [-1, -1]]","[1, -1, 1, 1, 1, -1, 1, 1, 1, -1, 1, 1, -1, 1, -1, -1]",EXACT_DERIVED
99,"[[-1, -1], [-1, 1]]","[[-1, 1], [-1, 0]]","[1, -1, 1, 0, 1, -1, 1, 0, 1, -1, 1, 0, -1, 1, -1, 0]",EXACT_DERIVED
100,"[[-1, -1], [-1, 1]]","[[-1, 1], [-1, 1]]","[1, -1, 1, -1, 1, -1, 1, -1, 1, -1, 1, -1, -1, 1, -1, 1]",EXACT_DERIVED
101,"[[-1, -1], [-1, 1]]","[[-1, 1], [0, -1]]","[1, -1, 0, 1, 1, -1, 0, 1, 1, -1, 0, 1, -1, 1, 0, -1]",EXACT_DERIVED
102,"[[-1, -1], [-1, 1]]","[[-1, 1], [0, 0]]","[1, -1, 0, 0, 1, -1, 0, 0, 1, -1, 0, 0, -1, 1, 0, 0]",EXACT_DERIVED
103,"[[-1, -1], [-1, 1]]","[[-1, 1], [0, 1]]","[1, -1, 0, -1, 1, -1, 0, -1, 1, -1, 0, -1, -1, 1, 0, 1]",EXACT_DERIVED
104,"[[-1, -1], [-1, 1]]","[[-1, 1], [1, -1]]","[1, -1, -1, 1, 1, -1, -1, 1, 1, -1, -1, 1, -1, 1, 1, -1]",EXACT_DERIVED
105,"[[-1, -1], [-1, 1]]","[[-1, 1], [1, 0]]","[1, -1, -1, 0, 1, -1, -1, 0, 1, -1, -1, 0, -1, 1, 1, 0]",EXACT_DERIVED
106,"[[-1, -1], [-1, 1]]","[[-1, 1], [1, 1]]","[1, -1, -1, -1, 1, -1, -1, -1, 1, -1, -1, -1, -1, 1, 1, 1]",EXACT_DERIVED
107,"[[-1, -1], [-1, 1]]","[[0, -1], [-1, -1]]","[0, 1, 1, 1, 0, 1, 1, 1, 0, 1, 1, 1, 0, -1, -1, -1]",EXACT_DERIVED
108,"[[-1, -1], [-1, 1]]","[[0, -1], [-1, 0]]","[0, 1, 1, 0, 0, 1, 1, 0, 0, 1, 1, 0, 0, -1, -1, 0]",EXACT_DERIVED
109,"[[-1, -1], [-1, 1]]","[[0, -1], [-1, 1]]","[0, 1, 1, -1, 0, 1, 1, -1, 0, 1, 1, -1, 0, -1, -1, 1]",EXACT_DERIVED
110,"[[-1, -1], [-1, 1]]","[[0, -1], [0, -1]]","[0, 1, 0, 1, 0, 1, 0, 1, 0, 1, 0, 1, 0, -1, 0, -1]",EXACT_DERIVED
111,"[[-1, -1], [-1, 1]]","[[0, -1], [0, 0]]","[0, 1, 0, 0, 0, 1, 0, 0, 0, 1, 0, 0, 0, -1, 0, 0]",EXACT_DERIVED
112,"[[-1, -1], [-1, 1]]","[[0, -1], [0, 1]]","[0, 1, 0, -1, 0, 1, 0, -1, 0, 1, 0, -1, 0, -1, 0, 1]",EXACT_DERIVED
113,"[[-1, -1], [-1, 1]]","[[0, -1], [1, -1]]","[0, 1, -1, 1, 0, 1, -1, 1, 0, 1, -1, 1, 0, -1, 1, -1]",EXACT_DERIVED
114,"[[-1, -1], [-1, 1]]","[[0, -1], [1, 0]]","[0, 1, -1, 0, 0, 1, -1, 0, 0, 1, -1, 0, 0, -1, 1, 0]",EXACT_DERIVED
115,"[[-1, -1], [-1, 1]]","[[0, -1], [1, 1]]","[0, 1, -1, -1, 0, 1, -1, -1, 0, 1, -1, -1, 0, -1, 1, 1]",EXACT_DERIVED
116,"[[-1, -1], [-1, 1]]","[[0, 0], [-1, -1]]","[0, 0, 1, 1, 0, 0, 1, 1, 0, 0, 1, 1, 0, 0, -1, -1]",EXACT_DERIVED
117,"[[-1, -1], [-1, 1]]","[[0, 0], [-1, 0]]","[0, 0, 1, 0, 0, 0, 1, 0, 0, 0, 1, 0, 0, 0, -1, 0]",EXACT_DERIVED
118,"[[-1, -1], [-1, 1]]","[[0, 0], [-1, 1]]","[0, 0, 1, -1, 0, 0, 1, -1, 0, 0, 1, -1, 0, 0, -1, 1]",EXACT_DERIVED
119,"[[-1, -1], [-1, 1]]","[[0, 0], [0, -1]]","[0, 0, 0, 1, 0, 0, 0, 1, 0, 0, 0, 1, 0, 0, 0, -1]",EXACT_DERIVED
120,"[[-1, -1], [0, -1]]","[[-1, -1], [-1, -1]]","[1, 1, 1, 1, 1, 1, 1, 1, 0, 0, 0, 0, 1, 1, 1, 1]",EXACT_DERIVED
121,"[[-1, -1], [0, -1]]","[[-1, -1], [-1, 0]]","[1, 1, 1, 0, 1, 1, 1, 0, 0, 0, 0, 0, 1, 1, 1, 0]",EXACT_DERIVED
122,"[[-1, -1], [0, -1]]","[[-1, -1], [-1, 1]]","[1, 1, 1, -1, 1, 1, 1, -1, 0, 0, 0, 0, 1, 1, 1, -1]",EXACT_DERIVED
123,"[[-1, -1], [0, -1]]","[[-1, -1], [0, -1]]","[1, 1, 0, 1, 1, 1, 0, 1, 0, 0, 0, 0, 1, 1, 0, 1]",EXACT_DERIVED
124,"[[-1, -1], [0, -1]]","[[-1, -1], [0, 0]]","[1, 1, 0, 0, 1, 1, 0, 0, 0, 0, 0, 0, 1, 1, 0, 0]",EXACT_DERIVED
125,"[[-1, -1], [0, -1]]","[[-1, -1], [0, 1]]","[1, 1, 0, -1, 1, 1, 0, -1, 0, 0, 0, 0, 1, 1, 0, -1]",EXACT_DERIVED
126,"[[-1, -1], [0, -1]]","[[-1, -1], [1, -1]]","[1, 1, -1, 1, 1, 1, -1, 1, 0, 0, 0, 0, 1, 1, -1, 1]",EXACT_DERIVED
127,"[[-1, -1], [0, -1]]","[[-1, -1], [1, 0]]","[1, 1, -1, 0, 1, 1, -1, 0, 0, 0, 0, 0, 1, 1, -1, 0]",EXACT_DERIVED
128,"[[-1, -1], [0, -1]]","[[-1, -1], [1, 1]]","[1, 1, -1, -1, 1, 1, -1, -1, 0, 0, 0, 0, 1, 1, -1, -1]",EXACT_DERIVED
129,"[[-1, -1], [0, -1]]","[[-1, 0], [-1, -1]]","[1, 0, 1, 1, 1, 0, 1, 1, 0, 0, 0, 0, 1, 0, 1, 1]",EXACT_DERIVED
130,"[[-1, -1], [0, -1]]","[[-1, 0], [-1, 0]]","[1, 0, 1, 0, 1, 0, 1, 0, 0, 0, 0, 0, 1, 0, 1, 0]",EXACT_DERIVED
131,"[[-1, -1], [0, -1]]","[[-1, 0], [-1, 1]]","[1, 0, 1, -1, 1, 0, 1, -1, 0, 0, 0, 0, 1, 0, 1, -1]",EXACT_DERIVED
132,"[[-1, -1], [0, -1]]","[[-1, 0], [0, -1]]","[1, 0, 0, 1, 1, 0, 0, 1, 0, 0, 0, 0, 1, 0, 0, 1]",EXACT_DERIVED
133,"[[-1, -1], [0, -1]]","[[-1, 0], [0, 0]]","[1, 0, 0, 0, 1, 0, 0, 0, 0, 0, 0, 0, 1, 0, 0, 0]",EXACT_DERIVED
134,"[[-1, -1], [0, -1]]","[[-1, 0], [0, 1]]","[1, 0, 0, -1, 1, 0, 0, -1, 0, 0, 0, 0, 1, 0, 0, -1]",EXACT_DERIVED
135,"[[-1, -1], [0, -1]]","[[-1, 0], [1, -1]]","[1, 0, -1, 1, 1, 0, -1, 1, 0, 0, 0, 0, 1, 0, -1, 1]",EXACT_DERIVED
136,"[[-1, -1], [0, -1]]","[[-1, 0], [1, 0]]","[1, 0, -1, 0, 1, 0, -1, 0, 0, 0, 0, 0, 1, 0, -1, 0]",EXACT_DERIVED
137,"[[-1, -1], [0, -1]]","[[-1, 0], [1, 1]]","[1, 0, -1, -1, 1, 0, -1, -1, 0, 0, 0, 0, 1, 0, -1, -1]",EXACT_DERIVED
138,"[[-1, -1], [0, -1]]","[[-1, 1], [-1, -1]]","[1, -1, 1, 1, 1, -1, 1, 1, 0, 0, 0, 0, 1, -1, 1, 1]",EXACT_DERIVED
139,"[[-1, -1], [0, -1]]","[[-1, 1], [-1, 0]]","[1, -1, 1, 0, 1, -1, 1, 0, 0, 0, 0, 0, 1, -1, 1, 0]",EXACT_DERIVED
140,"[[-1, -1], [0, -1]]","[[-1, 1], [-1, 1]]","[1, -1, 1, -1, 1, -1, 1, -1, 0, 0, 0, 0, 1, -1, 1, -1]",EXACT_DERIVED
141,"[[-1, -1], [0, -1]]","[[-1, 1], [0, -1]]","[1, -1, 0, 1, 1, -1, 0, 1, 0, 0, 0, 0, 1, -1, 0, 1]",EXACT_DERIVED
142,"[[-1, -1], [0, -1]]","[[-1, 1], [0, 0]]","[1, -1, 0, 0, 1, -1, 0, 0, 0, 0, 0, 0, 1, -1, 0, 0]",EXACT_DERIVED
143,"[[-1, -1], [0, -1]]","[[-1, 1], [0, 1]]","[1, -1, 0, -1, 1, -1, 0, -1, 0, 0, 0, 0, 1, -1, 0, -1]",EXACT_DERIVED
144,"[[-1, -1], [0, -1]]","[[-1, 1], [1, -1]]","[1, -1, -1, 1, 1, -1, -1, 1, 0, 0, 0, 0, 1, -1, -1, 1]",EXACT_DERIVED
145,"[[-1, -1], [0, -1]]","[[-1, 1], [1, 0]]","[1, -1, -1, 0, 1, -1, -1, 0, 0, 0, 0, 0, 1, -1, -1, 0]",EXACT_DERIVED
146,"[[-1, -1], [0, -1]]","[[-1, 1], [1, 1]]","[1, -1, -1, -1, 1, -1, -1, -1, 0, 0, 0, 0, 1, -1, -1, -1]",EXACT_DERIVED
147,"[[-1, -1], [0, -1]]","[[0, -1], [-1, -1]]","[0, 1, 1, 1, 0, 1, 1, 1, 0, 0, 0, 0, 0, 1, 1, 1]",EXACT_DERIVED
148,"[[-1, -1], [0, -1]]","[[0, -1], [-1, 0]]","[0, 1, 1, 0, 0, 1, 1, 0, 0, 0, 0, 0, 0, 1, 1, 0]",EXACT_DERIVED
149,"[[-1, -1], [0, -1]]","[[0, -1], [-1, 1]]","[0, 1, 1, -1, 0, 1, 1, -1, 0, 0, 0, 0, 0, 1, 1, -1]",EXACT_DERIVED
150,"[[-1, -1], [0, -1]]","[[0, -1], [0, -1]]","[0, 1, 0, 1, 0, 1, 0, 1, 0, 0, 0, 0, 0, 1, 0, 1]",EXACT_DERIVED
151,"[[-1, -1], [0, -1]]","[[0, -1], [0, 0]]","[0, 1, 0, 0, 0, 1, 0, 0, 0, 0, 0, 0, 0, 1, 0, 0]",EXACT_DERIVED
152,"[[-1, -1], [0, -1]]","[[0, -1], [0, 1]]","[0, 1, 0, -1, 0, 1, 0, -1, 0, 0, 0, 0, 0, 1, 0, -1]",EXACT_DERIVED
153,"[[-1, -1], [0, -1]]","[[0, -1], [1, -1]]","[0, 1, -1, 1, 0, 1, -1, 1, 0, 0, 0, 0, 0, 1, -1, 1]",EXACT_DERIVED
154,"[[-1, -1], [0, -1]]","[[0, -1], [1, 0]]","[0, 1, -1, 0, 0, 1, -1, 0, 0, 0, 0, 0, 0, 1, -1, 0]",EXACT_DERIVED
155,"[[-1, -1], [0, -1]]","[[0, -1], [1, 1]]","[0, 1, -1, -1, 0, 1, -1, -1, 0, 0, 0, 0, 0, 1, -1, -1]",EXACT_DERIVED
156,"[[-1, -1], [0, -1]]","[[0, 0], [-1, -1]]","[0, 0, 1, 1, 0, 0, 1, 1, 0, 0, 0, 0, 0, 0, 1, 1]",EXACT_DERIVED
157,"[[-1, -1], [0, -1]]","[[0, 0], [-1, 0]]","[0, 0, 1, 0, 0, 0, 1, 0, 0, 0, 0, 0, 0, 0, 1, 0]",EXACT_DERIVED
158,"[[-1, -1], [0, -1]]","[[0, 0], [-1, 1]]","[0, 0, 1, -1, 0, 0, 1, -1, 0, 0, 0, 0, 0, 0, 1, -1]",EXACT_DERIVED
159,"[[-1, -1], [0, -1]]","[[0, 0], [0, -1]]","[0, 0, 0, 1, 0, 0, 0, 1, 0, 0, 0, 0, 0, 0, 0, 1]",EXACT_DERIVED
160,"[[-1, -1], [0, 0]]","[[-1, -1], [-1, -1]]","[1, 1, 1, 1, 1, 1, 1, 1, 0, 0, 0, 0, 0, 0, 0, 0]",EXACT_DERIVED
161,"[[-1, -1], [0, 0]]","[[-1, -1], [-1, 0]]","[1, 1, 1, 0, 1, 1, 1, 0, 0, 0, 0, 0, 0, 0, 0, 0]",EXACT_DERIVED
162,"[[-1, -1], [0, 0]]","[[-1, -1], [-1, 1]]","[1, 1, 1, -1, 1, 1, 1, -1, 0, 0, 0, 0, 0, 0, 0, 0]",EXACT_DERIVED
163,"[[-1, -1], [0, 0]]","[[-1, -1], [0, -1]]","[1, 1, 0, 1, 1, 1, 0, 1, 0, 0, 0, 0, 0, 0, 0, 0]",EXACT_DERIVED
164,"[[-1, -1], [0, 0]]","[[-1, -1], [0, 0]]","[1, 1, 0, 0, 1, 1, 0, 0, 0, 0, 0, 0, 0, 0, 0, 0]",EXACT_DERIVED
165,"[[-1, -1], [0, 0]]","[[-1, -1], [0, 1]]","[1, 1, 0, -1, 1, 1, 0, -1, 0, 0, 0, 0, 0, 0, 0, 0]",EXACT_DERIVED
166,"[[-1, -1], [0, 0]]","[[-1, -1], [1, -1]]","[1, 1, -1, 1, 1, 1, -1, 1, 0, 0, 0, 0, 0, 0, 0, 0]",EXACT_DERIVED
167,"[[-1, -1], [0, 0]]","[[-1, -1], [1, 0]]","[1, 1, -1, 0, 1, 1, -1, 0, 0, 0, 0, 0, 0, 0, 0, 0]",EXACT_DERIVED
168,"[[-1, -1], [0, 0]]","[[-1, -1], [1, 1]]","[1, 1, -1, -1, 1, 1, -1, -1, 0, 0, 0, 0, 0, 0, 0, 0]",EXACT_DERIVED
169,"[[-1, -1], [0, 0]]","[[-1, 0], [-1, -1]]","[1, 0, 1, 1, 1, 0, 1, 1, 0, 0, 0, 0, 0, 0, 0, 0]",EXACT_DERIVED
170,"[[-1, -1], [0, 0]]","[[-1, 0], [-1, 0]]","[1, 0, 1, 0, 1, 0, 1, 0, 0, 0, 0, 0, 0, 0, 0, 0]",EXACT_DERIVED
171,"[[-1, -1], [0, 0]]","[[-1, 0], [-1, 1]]","[1, 0, 1, -1, 1, 0, 1, -1, 0, 0, 0, 0, 0, 0, 0, 0]",EXACT_DERIVED
172,"[[-1, -1], [0, 0]]","[[-1, 0], [0, -1]]","[1, 0, 0, 1, 1, 0, 0, 1, 0, 0, 0, 0, 0, 0, 0, 0]",EXACT_DERIVED
173,"[[-1, -1], [0, 0]]","[[-1, 0], [0, 0]]","[1, 0, 0, 0, 1, 0, 0, 0, 0, 0, 0, 0, 0, 0, 0, 0]",EXACT_DERIVED
174,"[[-1, -1], [0, 0]]","[[-1, 0], [0, 1]]","[1, 0, 0, -1, 1, 0, 0, -1, 0, 0, 0, 0, 0, 0, 0, 0]",EXACT_DERIVED
175,"[[-1, -1], [0, 0]]","[[-1, 0], [1, -1]]","[1, 0, -1, 1, 1, 0, -1, 1, 0, 0, 0, 0, 0, 0, 0, 0]",EXACT_DERIVED
176,"[[-1, -1], [0, 0]]","[[-1, 0], [1, 0]]","[1, 0, -1, 0, 1, 0, -1, 0, 0, 0, 0, 0, 0, 0, 0, 0]",EXACT_DERIVED
177,"[[-1, -1], [0, 0]]","[[-1, 0], [1, 1]]","[1, 0, -1, -1, 1, 0, -1, -1, 0, 0, 0, 0, 0, 0, 0, 0]",EXACT_DERIVED
178,"[[-1, -1], [0, 0]]","[[-1, 1], [-1, -1]]","[1, -1, 1, 1, 1, -1, 1, 1, 0, 0, 0, 0, 0, 0, 0, 0]",EXACT_DERIVED
179,"[[-1, -1], [0, 0]]","[[-1, 1], [-1, 0]]","[1, -1, 1, 0, 1, -1, 1, 0, 0, 0, 0, 0, 0, 0, 0, 0]",EXACT_DERIVED
180,"[[-1, -1], [0, 0]]","[[-1, 1], [-1, 1]]","[1, -1, 1, -1, 1, -1, 1, -1, 0, 0, 0, 0, 0, 0, 0, 0]",EXACT_DERIVED
181,"[[-1, -1], [0, 0]]","[[-1, 1], [0, -1]]","[1, -1, 0, 1, 1, -1, 0, 1, 0, 0, 0, 0, 0, 0, 0, 0]",EXACT_DERIVED
182,"[[-1, -1], [0, 0]]","[[-1, 1], [0, 0]]","[1, -1, 0, 0, 1, -1, 0, 0, 0, 0, 0, 0, 0, 0, 0, 0]",EXACT_DERIVED
183,"[[-1, -1], [0, 0]]","[[-1, 1], [0, 1]]","[1, -1, 0, -1, 1, -1, 0, -1, 0, 0, 0, 0, 0, 0, 0, 0]",EXACT_DERIVED
184,"[[-1, -1], [0, 0]]","[[-1, 1], [1, -1]]","[1, -1, -1, 1, 1, -1, -1, 1, 0, 0, 0, 0, 0, 0, 0, 0]",EXACT_DERIVED
185,"[[-1, -1], [0, 0]]","[[-1, 1], [1, 0]]","[1, -1, -1, 0, 1, -1, -1, 0, 0, 0, 0, 0, 0, 0, 0, 0]",EXACT_DERIVED
186,"[[-1, -1], [0, 0]]","[[-1, 1], [1, 1]]","[1, -1, -1, -1, 1, -1, -1, -1, 0, 0, 0, 0, 0, 0, 0, 0]",EXACT_DERIVED
187,"[[-1, -1], [0, 0]]","[[0, -1], [-1, -1]]","[0, 1, 1, 1, 0, 1, 1, 1, 0, 0, 0, 0, 0, 0, 0, 0]",EXACT_DERIVED
188,"[[-1, -1], [0, 0]]","[[0, -1], [-1, 0]]","[0, 1, 1, 0, 0, 1, 1, 0, 0, 0, 0, 0, 0, 0, 0, 0]",EXACT_DERIVED
189,"[[-1, -1], [0, 0]]","[[0, -1], [-1, 1]]","[0, 1, 1, -1, 0, 1, 1, -1, 0, 0, 0, 0, 0, 0, 0, 0]",EXACT_DERIVED
190,"[[-1, -1], [0, 0]]","[[0, -1], [0, -1]]","[0, 1, 0, 1, 0, 1, 0, 1, 0, 0, 0, 0, 0, 0, 0, 0]",EXACT_DERIVED
191,"[[-1, -1], [0, 0]]","[[0, -1], [0, 0]]","[0, 1, 0, 0, 0, 1, 0, 0, 0, 0, 0, 0, 0, 0, 0, 0]",EXACT_DERIVED
192,"[[-1, -1], [0, 0]]","[[0, -1], [0, 1]]","[0, 1, 0, -1, 0, 1, 0, -1, 0, 0, 0, 0, 0, 0, 0, 0]",EXACT_DERIVED
193,"[[-1, -1], [0, 0]]","[[0, -1], [1, -1]]","[0, 1, -1, 1, 0, 1, -1, 1, 0, 0, 0, 0, 0, 0, 0, 0]",EXACT_DERIVED
194,"[[-1, -1], [0, 0]]","[[0, -1], [1, 0]]","[0, 1, -1, 0, 0, 1, -1, 0, 0, 0, 0, 0, 0, 0, 0, 0]",EXACT_DERIVED
195,"[[-1, -1], [0, 0]]","[[0, -1], [1, 1]]","[0, 1, -1, -1, 0, 1, -1, -1, 0, 0, 0, 0, 0, 0, 0, 0]",EXACT_DERIVED
196,"[[-1, -1], [0, 0]]","[[0, 0], [-1, -1]]","[0, 0, 1, 1, 0, 0, 1, 1, 0, 0, 0, 0, 0, 0, 0, 0]",EXACT_DERIVED
197,"[[-1, -1], [0, 0]]","[[0, 0], [-1, 0]]","[0, 0, 1, 0, 0, 0, 1, 0, 0, 0, 0, 0, 0, 0, 0, 0]",EXACT_DERIVED
198,"[[-1, -1], [0, 0]]","[[0, 0], [-1, 1]]","[0, 0, 1, -1, 0, 0, 1, -1, 0, 0, 0, 0, 0, 0, 0, 0]",EXACT_DERIVED
199,"[[-1, -1], [0, 0]]","[[0, 0], [0, -1]]","[0, 0, 0, 1, 0, 0, 0, 1, 0, 0, 0, 0, 0, 0, 0, 0]",EXACT_DERIVED
200,"[[-1, -1], [0, 1]]","[[-1, -1], [-1, -1]]","[1, 1, 1, 1, 1, 1, 1, 1, 0, 0, 0, 0, -1, -1, -1, -1]",EXACT_DERIVED
201,"[[-1, -1], [0, 1]]","[[-1, -1], [-1, 0]]","[1, 1, 1, 0, 1, 1, 1, 0, 0, 0, 0, 0, -1, -1, -1, 0]",EXACT_DERIVED
202,"[[-1, -1], [0, 1]]","[[-1, -1], [-1, 1]]","[1, 1, 1, -1, 1, 1, 1, -1, 0, 0, 0, 0, -1, -1, -1, 1]",EXACT_DERIVED
203,"[[-1, -1], [0, 1]]","[[-1, -1], [0, -1]]","[1, 1, 0, 1, 1, 1, 0, 1, 0, 0, 0, 0, -1, -1, 0, -1]",EXACT_DERIVED
204,"[[-1, -1], [0, 1]]","[[-1, -1], [0, 0]]","[1, 1, 0, 0, 1, 1, 0, 0, 0, 0, 0, 0, -1, -1, 0, 0]",EXACT_DERIVED
205,"[[-1, -1], [0, 1]]","[[-1, -1], [0, 1]]","[1, 1, 0, -1, 1, 1, 0, -1, 0, 0, 0, 0, -1, -1, 0, 1]",EXACT_DERIVED
206,"[[-1, -1], [0, 1]]","[[-1, -1], [1, -1]]","[1, 1, -1, 1, 1, 1, -1, 1, 0, 0, 0, 0, -1, -1, 1, -1]",EXACT_DERIVED
207,"[[-1, -1], [0, 1]]","[[-1, -1], [1, 0]]","[1, 1, -1, 0, 1, 1, -1, 0, 0, 0, 0, 0, -1, -1, 1, 0]",EXACT_DERIVED
208,"[[-1, -1], [0, 1]]","[[-1, -1], [1, 1]]","[1, 1, -1, -1, 1, 1, -1, -1, 0, 0, 0, 0, -1, -1, 1, 1]",EXACT_DERIVED
209,"[[-1, -1], [0, 1]]","[[-1, 0], [-1, -1]]","[1, 0, 1, 1, 1, 0, 1, 1, 0, 0, 0, 0, -1, 0, -1, -1]",EXACT_DERIVED
210,"[[-1, -1], [0, 1]]","[[-1, 0], [-1, 0]]","[1, 0, 1, 0, 1, 0, 1, 0, 0, 0, 0, 0, -1, 0, -1, 0]",EXACT_DERIVED
211,"[[-1, -1], [0, 1]]","[[-1, 0], [-1, 1]]","[1, 0, 1, -1, 1, 0, 1, -1, 0, 0, 0, 0, -1, 0, -1, 1]",EXACT_DERIVED
212,"[[-1, -1], [0, 1]]","[[-1, 0], [0, -1]]","[1, 0, 0, 1, 1, 0, 0, 1, 0, 0, 0, 0, -1, 0, 0, -1]",EXACT_DERIVED
213,"[[-1, -1], [0, 1]]","[[-1, 0], [0, 0]]","[1, 0, 0, 0, 1, 0, 0, 0, 0, 0, 0, 0, -1, 0, 0, 0]",EXACT_DERIVED
214,"[[-1, -1], [0, 1]]","[[-1, 0], [0, 1]]","[1, 0, 0, -1, 1, 0, 0, -1, 0, 0, 0, 0, -1, 0, 0, 1]",EXACT_DERIVED
215,"[[-1, -1], [0, 1]]","[[-1, 0], [1, -1]]","[1, 0, -1, 1, 1, 0, -1, 1, 0, 0, 0, 0, -1, 0, 1, -1]",EXACT_DERIVED
216,"[[-1, -1], [0, 1]]","[[-1, 0], [1, 0]]","[1, 0, -1, 0, 1, 0, -1, 0, 0, 0, 0, 0, -1, 0, 1, 0]",EXACT_DERIVED
217,"[[-1, -1], [0, 1]]","[[-1, 0], [1, 1]]","[1, 0, -1, -1, 1, 0, -1, -1, 0, 0, 0, 0, -1, 0, 1, 1]",EXACT_DERIVED
218,"[[-1, -1], [0, 1]]","[[-1, 1], [-1, -1]]","[1, -1, 1, 1, 1, -1, 1, 1, 0, 0, 0, 0, -1, 1, -1, -1]",EXACT_DERIVED
219,"[[-1, -1], [0, 1]]","[[-1, 1], [-1, 0]]","[1, -1, 1, 0, 1, -1, 1, 0, 0, 0, 0, 0, -1, 1, -1, 0]",EXACT_DERIVED
220,"[[-1, -1], [0, 1]]","[[-1, 1], [-1, 1]]","[1, -1, 1, -1, 1, -1, 1, -1, 0, 0, 0, 0, -1, 1, -1, 1]",EXACT_DERIVED
221,"[[-1, -1], [0, 1]]","[[-1, 1], [0, -1]]","[1, -1, 0, 1, 1, -1, 0, 1, 0, 0, 0, 0, -1, 1, 0, -1]",EXACT_DERIVED
222,"[[-1, -1], [0, 1]]","[[-1, 1], [0, 0]]","[1, -1, 0, 0, 1, -1, 0, 0, 0, 0, 0, 0, -1, 1, 0, 0]",EXACT_DERIVED
223,"[[-1, -1], [0, 1]]","[[-1, 1], [0, 1]]","[1, -1, 0, -1, 1, -1, 0, -1, 0, 0, 0, 0, -1, 1, 0, 1]",EXACT_DERIVED
224,"[[-1, -1], [0, 1]]","[[-1, 1], [1, -1]]","[1, -1, -1, 1, 1, -1, -1, 1, 0, 0, 0, 0, -1, 1, 1, -1]",EXACT_DERIVED
225,"[[-1, -1], [0, 1]]","[[-1, 1], [1, 0]]","[1, -1, -1, 0, 1, -1, -1, 0, 0, 0, 0, 0, -1, 1, 1, 0]",EXACT_DERIVED
226,"[[-1, -1], [0, 1]]","[[-1, 1], [1, 1]]","[1, -1, -1, -1, 1, -1, -1, -1, 0, 0, 0, 0, -1, 1, 1, 1]",EXACT_DERIVED
227,"[[-1, -1], [0, 1]]","[[0, -1], [-1, -1]]","[0, 1, 1, 1, 0, 1, 1, 1, 0, 0, 0, 0, 0, -1, -1, -1]",EXACT_DERIVED
228,"[[-1, -1], [0, 1]]","[[0, -1], [-1, 0]]","[0, 1, 1, 0, 0, 1, 1, 0, 0, 0, 0, 0, 0, -1, -1, 0]",EXACT_DERIVED
229,"[[-1, -1], [0, 1]]","[[0, -1], [-1, 1]]","[0, 1, 1, -1, 0, 1, 1, -1, 0, 0, 0, 0, 0, -1, -1, 1]",EXACT_DERIVED
230,"[[-1, -1], [0, 1]]","[[0, -1], [0, -1]]","[0, 1, 0, 1, 0, 1, 0, 1, 0, 0, 0, 0, 0, -1, 0, -1]",EXACT_DERIVED
231,"[[-1, -1], [0, 1]]","[[0, -1], [0, 0]]","[0, 1, 0, 0, 0, 1, 0, 0, 0, 0, 0, 0, 0, -1, 0, 0]",EXACT_DERIVED
232,"[[-1, -1], [0, 1]]","[[0, -1], [0, 1]]","[0, 1, 0, -1, 0, 1, 0, -1, 0, 0, 0, 0, 0, -1, 0, 1]",EXACT_DERIVED
233,"[[-1, -1], [0, 1]]","[[0, -1], [1, -1]]","[0, 1, -1, 1, 0, 1, -1, 1, 0, 0, 0, 0, 0, -1, 1, -1]",EXACT_DERIVED
234,"[[-1, -1], [0, 1]]","[[0, -1], [1, 0]]","[0, 1, -1, 0, 0, 1, -1, 0, 0, 0, 0, 0, 0, -1, 1, 0]",EXACT_DERIVED
235,"[[-1, -1], [0, 1]]","[[0, -1], [1, 1]]","[0, 1, -1, -1, 0, 1, -1, -1, 0, 0, 0, 0, 0, -1, 1, 1]",EXACT_DERIVED
236,"[[-1, -1], [0, 1]]","[[0, 0], [-1, -1]]","[0, 0, 1, 1, 0, 0, 1, 1, 0, 0, 0, 0, 0, 0, -1, -1]",EXACT_DERIVED
237,"[[-1, -1], [0, 1]]","[[0, 0], [-1, 0]]","[0, 0, 1, 0, 0, 0, 1, 0, 0, 0, 0, 0, 0, 0, -1, 0]",EXACT_DERIVED
238,"[[-1, -1], [0, 1]]","[[0, 0], [-1, 1]]","[0, 0, 1, -1, 0, 0, 1, -1, 0, 0, 0, 0, 0, 0, -1, 1]",EXACT_DERIVED
239,"[[-1, -1], [0, 1]]","[[0, 0], [0, -1]]","[0, 0, 0, 1, 0, 0, 0, 1, 0, 0, 0, 0, 0, 0, 0, -1]",EXACT_DERIVED
240,"[[-1, -1], [1, -1]]","[[-1, -1], [-1, -1]]","[1, 1, 1, 1, 1, 1, 1, 1, -1, -1, -1, -1, 1, 1, 1, 1]",EXACT_DERIVED
241,"[[-1, -1], [1, -1]]","[[-1, -1], [-1, 0]]","[1, 1, 1, 0, 1, 1, 1, 0, -1, -1, -1, 0, 1, 1, 1, 0]",EXACT_DERIVED
242,"[[-1, -1], [1, -1]]","[[-1, -1], [-1, 1]]","[1, 1, 1, -1, 1, 1, 1, -1, -1, -1, -1, 1, 1, 1, 1, -1]",EXACT_DERIVED
243,"[[-1, -1], [1, -1]]","[[-1, -1], [0, -1]]","[1, 1, 0, 1, 1, 1, 0, 1, -1, -1, 0, -1, 1, 1, 0, 1]",EXACT_DERIVED
244,"[[-1, -1], [1, -1]]","[[-1, -1], [0, 0]]","[1, 1, 0, 0, 1, 1, 0, 0, -1, -1, 0, 0, 1, 1, 0, 0]",EXACT_DERIVED
245,"[[-1, -1], [1, -1]]","[[-1, -1], [0, 1]]","[1, 1, 0, -1, 1, 1, 0, -1, -1, -1, 0, 1, 1, 1, 0, -1]",EXACT_DERIVED
246,"[[-1, -1], [1, -1]]","[[-1, -1], [1, -1]]","[1, 1, -1, 1, 1, 1, -1, 1, -1, -1, 1, -1, 1, 1, -1, 1]",EXACT_DERIVED
247,"[[-1, -1], [1, -1]]","[[-1, -1], [1, 0]]","[1, 1, -1, 0, 1, 1, -1, 0, -1, -1, 1, 0, 1, 1, -1, 0]",EXACT_DERIVED
248,"[[-1, -1], [1, -1]]","[[-1, -1], [1, 1]]","[1, 1, -1, -1, 1, 1, -1, -1, -1, -1, 1, 1, 1, 1, -1, -1]",EXACT_DERIVED
249,"[[-1, -1], [1, -1]]","[[-1, 0], [-1, -1]]","[1, 0, 1, 1, 1, 0, 1, 1, -1, 0, -1, -1, 1, 0, 1, 1]",EXACT_DERIVED
250,"[[-1, -1], [1, -1]]","[[-1, 0], [-1, 0]]","[1, 0, 1, 0, 1, 0, 1, 0, -1, 0, -1, 0, 1, 0, 1, 0]",EXACT_DERIVED
251,"[[-1, -1], [1, -1]]","[[-1, 0], [-1, 1]]","[1, 0, 1, -1, 1, 0, 1, -1, -1, 0, -1, 1, 1, 0, 1, -1]",EXACT_DERIVED
252,"[[-1, -1], [1, -1]]","[[-1, 0], [0, -1]]","[1, 0, 0, 1, 1, 0, 0, 1, -1, 0, 0, -1, 1, 0, 0, 1]",EXACT_DERIVED
253,"[[-1, -1], [1, -1]]","[[-1, 0], [0, 0]]","[1, 0, 0, 0, 1, 0, 0, 0, -1, 0, 0, 0, 1, 0, 0, 0]",EXACT_DERIVED
254,"[[-1, -1], [1, -1]]","[[-1, 0], [0, 1]]","[1, 0, 0, -1, 1, 0, 0, -1, -1, 0, 0, 1, 1, 0, 0, -1]",EXACT_DERIVED
255,"[[-1, -1], [1, -1]]","[[-1, 0], [1, -1]]","[1, 0, -1, 1, 1, 0, -1, 1, -1, 0, 1, -1, 1, 0, -1, 1]",EXACT_DERIVED
256,"[[-1, -1], [1, -1]]","[[-1, 0], [1, 0]]","[1, 0, -1, 0, 1, 0, -1, 0, -1, 0, 1, 0, 1, 0, -1, 0]",EXACT_DERIVED
257,"[[-1, -1], [1, -1]]","[[-1, 0], [1, 1]]","[1, 0, -1, -1, 1, 0, -1, -1, -1, 0, 1, 1, 1, 0, -1, -1]",EXACT_DERIVED
258,"[[-1, -1], [1, -1]]","[[-1, 1], [-1, -1]]","[1, -1, 1, 1, 1, -1, 1, 1, -1, 1, -1, -1, 1, -1, 1, 1]",EXACT_DERIVED
259,"[[-1, -1], [1, -1]]","[[-1, 1], [-1, 0]]","[1, -1, 1, 0, 1, -1, 1, 0, -1, 1, -1, 0, 1, -1, 1, 0]",EXACT_DERIVED
260,"[[-1, -1], [1, -1]]","[[-1, 1], [-1, 1]]","[1, -1, 1, -1, 1, -1, 1, -1, -1, 1, -1, 1, 1, -1, 1, -1]",EXACT_DERIVED
261,"[[-1, -1], [1, -1]]","[[-1, 1], [0, -1]]","[1, -1, 0, 1, 1, -1, 0, 1, -1, 1, 0, -1, 1, -1, 0, 1]",EXACT_DERIVED
262,"[[-1, -1], [1, -1]]","[[-1, 1], [0, 0]]","[1, -1, 0, 0, 1, -1, 0, 0, -1, 1, 0, 0, 1, -1, 0, 0]",EXACT_DERIVED
263,"[[-1, -1], [1, -1]]","[[-1, 1], [0, 1]]","[1, -1, 0, -1, 1, -1, 0, -1, -1, 1, 0, 1, 1, -1, 0, -1]",EXACT_DERIVED
264,"[[-1, -1], [1, -1]]","[[-1, 1], [1, -1]]","[1, -1, -1, 1, 1, -1, -1, 1, -1, 1, 1, -1, 1, -1, -1, 1]",EXACT_DERIVED
265,"[[-1, -1], [1, -1]]","[[-1, 1], [1, 0]]","[1, -1, -1, 0, 1, -1, -1, 0, -1, 1, 1, 0, 1, -1, -1, 0]",EXACT_DERIVED
266,"[[-1, -1], [1, -1]]","[[-1, 1], [1, 1]]","[1, -1, -1, -1, 1, -1, -1, -1, -1, 1, 1, 1, 1, -1, -1, -1]",EXACT_DERIVED
267,"[[-1, -1], [1, -1]]","[[0, -1], [-1, -1]]","[0, 1, 1, 1, 0, 1, 1, 1, 0, -1, -1, -1, 0, 1, 1, 1]",EXACT_DERIVED
268,"[[-1, -1], [1, -1]]","[[0, -1], [-1, 0]]","[0, 1, 1, 0, 0, 1, 1, 0, 0, -1, -1, 0, 0, 1, 1, 0]",EXACT_DERIVED
269,"[[-1, -1], [1, -1]]","[[0, -1], [-1, 1]]","[0, 1, 1, -1, 0, 1, 1, -1, 0, -1, -1, 1, 0, 1, 1, -1]",EXACT_DERIVED
270,"[[-1, -1], [1, -1]]","[[0, -1], [0, -1]]","[0, 1, 0, 1, 0, 1, 0, 1, 0, -1, 0, -1, 0, 1, 0, 1]",EXACT_DERIVED
271,"[[-1, -1], [1, -1]]","[[0, -1], [0, 0]]","[0, 1, 0, 0, 0, 1, 0, 0, 0, -1, 0, 0, 0, 1, 0, 0]",EXACT_DERIVED
272,"[[-1, -1], [1, -1]]","[[0, -1], [0, 1]]","[0, 1, 0, -1, 0, 1, 0, -1, 0, -1, 0, 1, 0, 1, 0, -1]",EXACT_DERIVED
273,"[[-1, -1], [1, -1]]","[[0, -1], [1, -1]]","[0, 1, -1, 1, 0, 1, -1, 1, 0, -1, 1, -1, 0, 1, -1, 1]",EXACT_DERIVED
274,"[[-1, -1], [1, -1]]","[[0, -1], [1, 0]]","[0, 1, -1, 0, 0, 1, -1, 0, 0, -1, 1, 0, 0, 1, -1, 0]",EXACT_DERIVED
275,"[[-1, -1], [1, -1]]","[[0, -1], [1, 1]]","[0, 1, -1, -1, 0, 1, -1, -1, 0, -1, 1, 1, 0, 1, -1, -1]",EXACT_DERIVED
276,"[[-1, -1], [1, -1]]","[[0, 0], [-1, -1]]","[0, 0, 1, 1, 0, 0, 1, 1, 0, 0, -1, -1, 0, 0, 1, 1]",EXACT_DERIVED
277,"[[-1, -1], [1, -1]]","[[0, 0], [-1, 0]]","[0, 0, 1, 0, 0, 0, 1, 0, 0, 0, -1, 0, 0, 0, 1, 0]",EXACT_DERIVED
278,"[[-1, -1], [1, -1]]","[[0, 0], [-1, 1]]","[0, 0, 1, -1, 0, 0, 1, -1, 0, 0, -1, 1, 0, 0, 1, -1]",EXACT_DERIVED
279,"[[-1, -1], [1, -1]]","[[0, 0], [0, -1]]","[0, 0, 0, 1, 0, 0, 0, 1, 0, 0, 0, -1, 0, 0, 0, 1]",EXACT_DERIVED
280,"[[-1, -1], [1, 0]]","[[-1, -1], [-1, -1]]","[1, 1, 1, 1, 1, 1, 1, 1, -1, -1, -1, -1, 0, 0, 0, 0]",EXACT_DERIVED
281,"[[-1, -1], [1, 0]]","[[-1, -1], [-1, 0]]","[1, 1, 1, 0, 1, 1, 1, 0, -1, -1, -1, 0, 0, 0, 0, 0]",EXACT_DERIVED
282,"[[-1, -1], [1, 0]]","[[-1, -1], [-1, 1]]","[1, 1, 1, -1, 1, 1, 1, -1, -1, -1, -1, 1, 0, 0, 0, 0]",EXACT_DERIVED
283,"[[-1, -1], [1, 0]]","[[-1, -1], [0, -1]]","[1, 1, 0, 1, 1, 1, 0, 1, -1, -1, 0, -1, 0, 0, 0, 0]",EXACT_DERIVED
284,"[[-1, -1], [1, 0]]","[[-1, -1], [0, 0]]","[1, 1, 0, 0, 1, 1, 0, 0, -1, -1, 0, 0, 0, 0, 0, 0]",EXACT_DERIVED
285,"[[-1, -1], [1, 0]]","[[-1, -1], [0, 1]]","[1, 1, 0, -1, 1, 1, 0, -1, -1, -1, 0, 1, 0, 0, 0, 0]",EXACT_DERIVED
286,"[[-1, -1], [1, 0]]","[[-1, -1], [1, -1]]","[1, 1, -1, 1, 1, 1, -1, 1, -1, -1, 1, -1, 0, 0, 0, 0]",EXACT_DERIVED
287,"[[-1, -1], [1, 0]]","[[-1, -1], [1, 0]]","[1, 1, -1, 0, 1, 1, -1, 0, -1, -1, 1, 0, 0, 0, 0, 0]",EXACT_DERIVED
288,"[[-1, -1], [1, 0]]","[[-1, -1], [1, 1]]","[1, 1, -1, -1, 1, 1, -1, -1, -1, -1, 1, 1, 0, 0, 0, 0]",EXACT_DERIVED
289,"[[-1, -1], [1, 0]]","[[-1, 0], [-1, -1]]","[1, 0, 1, 1, 1, 0, 1, 1, -1, 0, -1, -1, 0, 0, 0, 0]",EXACT_DERIVED
290,"[[-1, -1], [1, 0]]","[[-1, 0], [-1, 0]]","[1, 0, 1, 0, 1, 0, 1, 0, -1, 0, -1, 0, 0, 0, 0, 0]",EXACT_DERIVED
291,"[[-1, -1], [1, 0]]","[[-1, 0], [-1, 1]]","[1, 0, 1, -1, 1, 0, 1, -1, -1, 0, -1, 1, 0, 0, 0, 0]",EXACT_DERIVED
292,"[[-1, -1], [1, 0]]","[[-1, 0], [0, -1]]","[1, 0, 0, 1, 1, 0, 0, 1, -1, 0, 0, -1, 0, 0, 0, 0]",EXACT_DERIVED
293,"[[-1, -1], [1, 0]]","[[-1, 0], [0, 0]]","[1, 0, 0, 0, 1, 0, 0, 0, -1, 0, 0, 0, 0, 0, 0, 0]",EXACT_DERIVED
294,"[[-1, -1], [1, 0]]","[[-1, 0], [0, 1]]","[1, 0, 0, -1, 1, 0, 0, -1, -1, 0, 0, 1, 0, 0, 0, 0]",EXACT_DERIVED
295,"[[-1, -1], [1, 0]]","[[-1, 0], [1, -1]]","[1, 0, -1, 1, 1, 0, -1, 1, -1, 0, 1, -1, 0, 0, 0, 0]",EXACT_DERIVED
296,"[[-1, -1], [1, 0]]","[[-1, 0], [1, 0]]","[1, 0, -1, 0, 1, 0, -1, 0, -1, 0, 1, 0, 0, 0, 0, 0]",EXACT_DERIVED
297,"[[-1, -1], [1, 0]]","[[-1, 0], [1, 1]]","[1, 0, -1, -1, 1, 0, -1, -1, -1, 0, 1, 1, 0, 0, 0, 0]",EXACT_DERIVED
298,"[[-1, -1], [1, 0]]","[[-1, 1], [-1, -1]]","[1, -1, 1, 1, 1, -1, 1, 1, -1, 1, -1, -1, 0, 0, 0, 0]",EXACT_DERIVED
299,"[[-1, -1], [1, 0]]","[[-1, 1], [-1, 0]]","[1, -1, 1, 0, 1, -1, 1, 0, -1, 1, -1, 0, 0, 0, 0, 0]",EXACT_DERIVED
300,"[[-1, -1], [1, 0]]","[[-1, 1], [-1, 1]]","[1, -1, 1, -1, 1, -1, 1, -1, -1, 1, -1, 1, 0, 0, 0, 0]",EXACT_DERIVED
301,"[[-1, -1], [1, 0]]","[[-1, 1], [0, -1]]","[1, -1, 0, 1, 1, -1, 0, 1, -1, 1, 0, -1, 0, 0, 0, 0]",EXACT_DERIVED
302,"[[-1, -1], [1, 0]]","[[-1, 1], [0, 0]]","[1, -1, 0, 0, 1, -1, 0, 0, -1, 1, 0, 0, 0, 0, 0, 0]",EXACT_DERIVED
303,"[[-1, -1], [1, 0]]","[[-1, 1], [0, 1]]","[1, -1, 0, -1, 1, -1, 0, -1, -1, 1, 0, 1, 0, 0, 0, 0]",EXACT_DERIVED
304,"[[-1, -1], [1, 0]]","[[-1, 1], [1, -1]]","[1, -1, -1, 1, 1, -1, -1, 1, -1, 1, 1, -1, 0, 0, 0, 0]",EXACT_DERIVED
305,"[[-1, -1], [1, 0]]","[[-1, 1], [1, 0]]","[1, -1, -1, 0, 1, -1, -1, 0, -1, 1, 1, 0, 0, 0, 0, 0]",EXACT_DERIVED
306,"[[-1, -1], [1, 0]]","[[-1, 1], [1, 1]]","[1, -1, -1, -1, 1, -1, -1, -1, -1, 1, 1, 1, 0, 0, 0, 0]",EXACT_DERIVED
307,"[[-1, -1], [1, 0]]","[[0, -1], [-1, -1]]","[0, 1, 1, 1, 0, 1, 1, 1, 0, -1, -1, -1, 0, 0, 0, 0]",EXACT_DERIVED
308,"[[-1, -1], [1, 0]]","[[0, -1], [-1, 0]]","[0, 1, 1, 0, 0, 1, 1, 0, 0, -1, -1, 0, 0, 0, 0, 0]",EXACT_DERIVED
309,"[[-1, -1], [1, 0]]","[[0, -1], [-1, 1]]","[0, 1, 1, -1, 0, 1, 1, -1, 0, -1, -1, 1, 0, 0, 0, 0]",EXACT_DERIVED
310,"[[-1, -1], [1, 0]]","[[0, -1], [0, -1]]","[0, 1, 0, 1, 0, 1, 0, 1, 0, -1, 0, -1, 0, 0, 0, 0]",EXACT_DERIVED
311,"[[-1, -1], [1, 0]]","[[0, -1], [0, 0]]","[0, 1, 0, 0, 0, 1, 0, 0, 0, -1, 0, 0, 0, 0, 0, 0]",EXACT_DERIVED
312,"[[-1, -1], [1, 0]]","[[0, -1], [0, 1]]","[0, 1, 0, -1, 0, 1, 0, -1, 0, -1, 0, 1, 0, 0, 0, 0]",EXACT_DERIVED
313,"[[-1, -1], [1, 0]]","[[0, -1], [1, -1]]","[0, 1, -1, 1, 0, 1, -1, 1, 0, -1, 1, -1, 0, 0, 0, 0]",EXACT_DERIVED
314,"[[-1, -1], [1, 0]]","[[0, -1], [1, 0]]","[0, 1, -1, 0, 0, 1, -1, 0, 0, -1, 1, 0, 0, 0, 0, 0]",EXACT_DERIVED
315,"[[-1, -1], [1, 0]]","[[0, -1], [1, 1]]","[0, 1, -1, -1, 0, 1, -1, -1, 0, -1, 1, 1, 0, 0, 0, 0]",EXACT_DERIVED
316,"[[-1, -1], [1, 0]]","[[0, 0], [-1, -1]]","[0, 0, 1, 1, 0, 0, 1, 1, 0, 0, -1, -1, 0, 0, 0, 0]",EXACT_DERIVED
317,"[[-1, -1], [1, 0]]","[[0, 0], [-1, 0]]","[0, 0, 1, 0, 0, 0, 1, 0, 0, 0, -1, 0, 0, 0, 0, 0]",EXACT_DERIVED
318,"[[-1, -1], [1, 0]]","[[0, 0], [-1, 1]]","[0, 0, 1, -1, 0, 0, 1, -1, 0, 0, -1, 1, 0, 0, 0, 0]",EXACT_DERIVED
319,"[[-1, -1], [1, 0]]","[[0, 0], [0, -1]]","[0, 0, 0, 1, 0, 0, 0, 1, 0, 0, 0, -1, 0, 0, 0, 0]",EXACT_DERIVED
320,"[[-1, -1], [1, 1]]","[[-1, -1], [-1, -1]]","[1, 1, 1, 1, 1, 1, 1, 1, -1, -1, -1, -1, -1, -1, -1, -1]",EXACT_DERIVED
321,"[[-1, -1], [1, 1]]","[[-1, -1], [-1, 0]]","[1, 1, 1, 0, 1, 1, 1, 0, -1, -1, -1, 0, -1, -1, -1, 0]",EXACT_DERIVED
322,"[[-1, -1], [1, 1]]","[[-1, -1], [-1, 1]]","[1, 1, 1, -1, 1, 1, 1, -1, -1, -1, -1, 1, -1, -1, -1, 1]",EXACT_DERIVED
323,"[[-1, -1], [1, 1]]","[[-1, -1], [0, -1]]","[1, 1, 0, 1, 1, 1, 0, 1, -1, -1, 0, -1, -1, -1, 0, -1]",EXACT_DERIVED
324,"[[-1, -1], [1, 1]]","[[-1, -1], [0, 0]]","[1, 1, 0, 0, 1, 1, 0, 0, -1, -1, 0, 0, -1, -1, 0, 0]",EXACT_DERIVED
325,"[[-1, -1], [1, 1]]","[[-1, -1], [0, 1]]","[1, 1, 0, -1, 1, 1, 0, -1, -1, -1, 0, 1, -1, -1, 0, 1]",EXACT_DERIVED
326,"[[-1, -1], [1, 1]]","[[-1, -1], [1, -1]]","[1, 1, -1, 1, 1, 1, -1, 1, -1, -1, 1, -1, -1, -1, 1, -1]",EXACT_DERIVED
327,"[[-1, -1], [1, 1]]","[[-1, -1], [1, 0]]","[1, 1, -1, 0, 1, 1, -1, 0, -1, -1, 1, 0, -1, -1, 1, 0]",EXACT_DERIVED
328,"[[-1, -1], [1, 1]]","[[-1, -1], [1, 1]]","[1, 1, -1, -1, 1, 1, -1, -1, -1, -1, 1, 1, -1, -1, 1, 1]",EXACT_DERIVED
329,"[[-1, -1], [1, 1]]","[[-1, 0], [-1, -1]]","[1, 0, 1, 1, 1, 0, 1, 1, -1, 0, -1, -1, -1, 0, -1, -1]",EXACT_DERIVED
330,"[[-1, -1], [1, 1]]","[[-1, 0], [-1, 0]]","[1, 0, 1, 0, 1, 0, 1, 0, -1, 0, -1, 0, -1, 0, -1, 0]",EXACT_DERIVED
331,"[[-1, -1], [1, 1]]","[[-1, 0], [-1, 1]]","[1, 0, 1, -1, 1, 0, 1, -1, -1, 0, -1, 1, -1, 0, -1, 1]",EXACT_DERIVED
332,"[[-1, -1], [1, 1]]","[[-1, 0], [0, -1]]","[1, 0, 0, 1, 1, 0, 0, 1, -1, 0, 0, -1, -1, 0, 0, -1]",EXACT_DERIVED
333,"[[-1, -1], [1, 1]]","[[-1, 0], [0, 0]]","[1, 0, 0, 0, 1, 0, 0, 0, -1, 0, 0, 0, -1, 0, 0, 0]",EXACT_DERIVED
334,"[[-1, -1], [1, 1]]","[[-1, 0], [0, 1]]","[1, 0, 0, -1, 1, 0, 0, -1, -1, 0, 0, 1, -1, 0, 0, 1]",EXACT_DERIVED
335,"[[-1, -1], [1, 1]]","[[-1, 0], [1, -1]]","[1, 0, -1, 1, 1, 0, -1, 1, -1, 0, 1, -1, -1, 0, 1, -1]",EXACT_DERIVED
336,"[[-1, -1], [1, 1]]","[[-1, 0], [1, 0]]","[1, 0, -1, 0, 1, 0, -1, 0, -1, 0, 1, 0, -1, 0, 1, 0]",EXACT_DERIVED
337,"[[-1, -1], [1, 1]]","[[-1, 0], [1, 1]]","[1, 0, -1, -1, 1, 0, -1, -1, -1, 0, 1, 1, -1, 0, 1, 1]",EXACT_DERIVED
338,"[[-1, -1], [1, 1]]","[[-1, 1], [-1, -1]]","[1, -1, 1, 1, 1, -1, 1, 1, -1, 1, -1, -1, -1, 1, -1, -1]",EXACT_DERIVED
339,"[[-1, -1], [1, 1]]","[[-1, 1], [-1, 0]]","[1, -1, 1, 0, 1, -1, 1, 0, -1, 1, -1, 0, -1, 1, -1, 0]",EXACT_DERIVED
340,"[[-1, -1], [1, 1]]","[[-1, 1], [-1, 1]]","[1, -1, 1, -1, 1, -1, 1, -1, -1, 1, -1, 1, -1, 1, -1, 1]",EXACT_DERIVED
341,"[[-1, -1], [1, 1]]","[[-1, 1], [0, -1]]","[1, -1, 0, 1, 1, -1, 0, 1, -1, 1, 0, -1, -1, 1, 0, -1]",EXACT_DERIVED
342,"[[-1, -1], [1, 1]]","[[-1, 1], [0, 0]]","[1, -1, 0, 0, 1, -1, 0, 0, -1, 1, 0, 0, -1, 1, 0, 0]",EXACT_DERIVED
343,"[[-1, -1], [1, 1]]","[[-1, 1], [0, 1]]","[1, -1, 0, -1, 1, -1, 0, -1, -1, 1, 0, 1, -1, 1, 0, 1]",EXACT_DERIVED
344,"[[-1, -1], [1, 1]]","[[-1, 1], [1, -1]]","[1, -1, -1, 1, 1, -1, -1, 1, -1, 1, 1, -1, -1, 1, 1, -1]",EXACT_DERIVED
345,"[[-1, -1], [1, 1]]","[[-1, 1], [1, 0]]","[1, -1, -1, 0, 1, -1, -1, 0, -1, 1, 1, 0, -1, 1, 1, 0]",EXACT_DERIVED
346,"[[-1, -1], [1, 1]]","[[-1, 1], [1, 1]]","[1, -1, -1, -1, 1, -1, -1, -1, -1, 1, 1, 1, -1, 1, 1, 1]",EXACT_DERIVED
347,"[[-1, -1], [1, 1]]","[[0, -1], [-1, -1]]","[0, 1, 1, 1, 0, 1, 1, 1, 0, -1, -1, -1, 0, -1, -1, -1]",EXACT_DERIVED
348,"[[-1, -1], [1, 1]]","[[0, -1], [-1, 0]]","[0, 1, 1, 0, 0, 1, 1, 0, 0, -1, -1, 0, 0, -1, -1, 0]",EXACT_DERIVED
349,"[[-1, -1], [1, 1]]","[[0, -1], [-1, 1]]","[0, 1, 1, -1, 0, 1, 1, -1, 0, -1, -1, 1, 0, -1, -1, 1]",EXACT_DERIVED
350,"[[-1, -1], [1, 1]]","[[0, -1], [0, -1]]","[0, 1, 0, 1, 0, 1, 0, 1, 0, -1, 0, -1, 0, -1, 0, -1]",EXACT_DERIVED
351,"[[-1, -1], [1, 1]]","[[0, -1], [0, 0]]","[0, 1, 0, 0, 0, 1, 0, 0, 0, -1, 0, 0, 0, -1, 0, 0]",EXACT_DERIVED
352,"[[-1, -1], [1, 1]]","[[0, -1], [0, 1]]","[0, 1, 0, -1, 0, 1, 0, -1, 0, -1, 0, 1, 0, -1, 0, 1]",EXACT_DERIVED
353,"[[-1, -1], [1, 1]]","[[0, -1], [1, -1]]","[0, 1, -1, 1, 0, 1, -1, 1, 0, -1, 1, -1, 0, -1, 1, -1]",EXACT_DERIVED
354,"[[-1, -1], [1, 1]]","[[0, -1], [1, 0]]","[0, 1, -1, 0, 0, 1, -1, 0, 0, -1, 1, 0, 0, -1, 1, 0]",EXACT_DERIVED
355,"[[-1, -1], [1, 1]]","[[0, -1], [1, 1]]","[0, 1, -1, -1, 0, 1, -1, -1, 0, -1, 1, 1, 0, -1, 1, 1]",EXACT_DERIVED
356,"[[-1, -1], [1, 1]]","[[0, 0], [-1, -1]]","[0, 0, 1, 1, 0, 0, 1, 1, 0, 0, -1, -1, 0, 0, -1, -1]",EXACT_DERIVED
357,"[[-1, -1], [1, 1]]","[[0, 0], [-1, 0]]","[0, 0, 1, 0, 0, 0, 1, 0, 0, 0, -1, 0, 0, 0, -1, 0]",EXACT_DERIVED
358,"[[-1, -1], [1, 1]]","[[0, 0], [-1, 1]]","[0, 0, 1, -1, 0, 0, 1, -1, 0, 0, -1, 1, 0, 0, -1, 1]",EXACT_DERIVED
359,"[[-1, -1], [1, 1]]","[[0, 0], [0, -1]]","[0, 0, 0, 1, 0, 0, 0, 1, 0, 0, 0, -1, 0, 0, 0, -1]",EXACT_DERIVED
360,"[[-1, 0], [-1, -1]]","[[-1, -1], [-1, -1]]","[1, 1, 1, 1, 0, 0, 0, 0, 1, 1, 1, 1, 1, 1, 1, 1]",EXACT_DERIVED
361,"[[-1, 0], [-1, -1]]","[[-1, -1], [-1, 0]]","[1, 1, 1, 0, 0, 0, 0, 0, 1, 1, 1, 0, 1, 1, 1, 0]",EXACT_DERIVED
362,"[[-1, 0], [-1, -1]]","[[-1, -1], [-1, 1]]","[1, 1, 1, -1, 0, 0, 0, 0, 1, 1, 1, -1, 1, 1, 1, -1]",EXACT_DERIVED
363,"[[-1, 0], [-1, -1]]","[[-1, -1], [0, -1]]","[1, 1, 0, 1, 0, 0, 0, 0, 1, 1, 0, 1, 1, 1, 0, 1]",EXACT_DERIVED
364,"[[-1, 0], [-1, -1]]","[[-1, -1], [0, 0]]","[1, 1, 0, 0, 0, 0, 0, 0, 1, 1, 0, 0, 1, 1, 0, 0]",EXACT_DERIVED
365,"[[-1, 0], [-1, -1]]","[[-1, -1], [0, 1]]","[1, 1, 0, -1, 0, 0, 0, 0, 1, 1, 0, -1, 1, 1, 0, -1]",EXACT_DERIVED
366,"[[-1, 0], [-1, -1]]","[[-1, -1], [1, -1]]","[1, 1, -1, 1, 0, 0, 0, 0, 1, 1, -1, 1, 1, 1, -1, 1]",EXACT_DERIVED
367,"[[-1, 0], [-1, -1]]","[[-1, -1], [1, 0]]","[1, 1, -1, 0, 0, 0, 0, 0, 1, 1, -1, 0, 1, 1, -1, 0]",EXACT_DERIVED
368,"[[-1, 0], [-1, -1]]","[[-1, -1], [1, 1]]","[1, 1, -1, -1, 0, 0, 0, 0, 1, 1, -1, -1, 1, 1, -1, -1]",EXACT_DERIVED
369,"[[-1, 0], [-1, -1]]","[[-1, 0], [-1, -1]]","[1, 0, 1, 1, 0, 0, 0, 0, 1, 0, 1, 1, 1, 0, 1, 1]",EXACT_DERIVED
370,"[[-1, 0], [-1, -1]]","[[-1, 0], [-1, 0]]","[1, 0, 1, 0, 0, 0, 0, 0, 1, 0, 1, 0, 1, 0, 1, 0]",EXACT_DERIVED
371,"[[-1, 0], [-1, -1]]","[[-1, 0], [-1, 1]]","[1, 0, 1, -1, 0, 0, 0, 0, 1, 0, 1, -1, 1, 0, 1, -1]",EXACT_DERIVED
372,"[[-1, 0], [-1, -1]]","[[-1, 0], [0, -1]]","[1, 0, 0, 1, 0, 0, 0, 0, 1, 0, 0, 1, 1, 0, 0, 1]",EXACT_DERIVED
373,"[[-1, 0], [-1, -1]]","[[-1, 0], [0, 0]]","[1, 0, 0, 0, 0, 0, 0, 0, 1, 0, 0, 0, 1, 0, 0, 0]",EXACT_DERIVED
374,"[[-1, 0], [-1, -1]]","[[-1, 0], [0, 1]]","[1, 0, 0, -1, 0, 0, 0, 0, 1, 0, 0, -1, 1, 0, 0, -1]",EXACT_DERIVED
375,"[[-1, 0], [-1, -1]]","[[-1, 0], [1, -1]]","[1, 0, -1, 1, 0, 0, 0, 0, 1, 0, -1, 1, 1, 0, -1, 1]",EXACT_DERIVED
376,"[[-1, 0], [-1, -1]]","[[-1, 0], [1, 0]]","[1, 0, -1, 0, 0, 0, 0, 0, 1, 0, -1, 0, 1, 0, -1, 0]",EXACT_DERIVED
377,"[[-1, 0], [-1, -1]]","[[-1, 0], [1, 1]]","[1, 0, -1, -1, 0, 0, 0, 0, 1, 0, -1, -1, 1, 0, -1, -1]",EXACT_DERIVED
378,"[[-1, 0], [-1, -1]]","[[-1, 1], [-1, -1]]","[1, -1, 1, 1, 0, 0, 0, 0, 1, -1, 1, 1, 1, -1, 1, 1]",EXACT_DERIVED
379,"[[-1, 0], [-1, -1]]","[[-1, 1], [-1, 0]]","[1, -1, 1, 0, 0, 0, 0, 0, 1, -1, 1, 0, 1, -1, 1, 0]",EXACT_DERIVED
380,"[[-1, 0], [-1, -1]]","[[-1, 1], [-1, 1]]","[1, -1, 1, -1, 0, 0, 0, 0, 1, -1, 1, -1, 1, -1, 1, -1]",EXACT_DERIVED
381,"[[-1, 0], [-1, -1]]","[[-1, 1], [0, -1]]","[1, -1, 0, 1, 0, 0, 0, 0, 1, -1, 0, 1, 1, -1, 0, 1]",EXACT_DERIVED
382,"[[-1, 0], [-1, -1]]","[[-1, 1], [0, 0]]","[1, -1, 0, 0, 0, 0, 0, 0, 1, -1, 0, 0, 1, -1, 0, 0]",EXACT_DERIVED
383,"[[-1, 0], [-1, -1]]","[[-1, 1], [0, 1]]","[1, -1, 0, -1, 0, 0, 0, 0, 1, -1, 0, -1, 1, -1, 0, -1]",EXACT_DERIVED
384,"[[-1, 0], [-1, -1]]","[[-1, 1], [1, -1]]","[1, -1, -1, 1, 0, 0, 0, 0, 1, -1, -1, 1, 1, -1, -1, 1]",EXACT_DERIVED
385,"[[-1, 0], [-1, -1]]","[[-1, 1], [1, 0]]","[1, -1, -1, 0, 0, 0, 0, 0, 1, -1, -1, 0, 1, -1, -1, 0]",EXACT_DERIVED
386,"[[-1, 0], [-1, -1]]","[[-1, 1], [1, 1]]","[1, -1, -1, -1, 0, 0, 0, 0, 1, -1, -1, -1, 1, -1, -1, -1]",EXACT_DERIVED
387,"[[-1, 0], [-1, -1]]","[[0, -1], [-1, -1]]","[0, 1, 1, 1, 0, 0, 0, 0, 0, 1, 1, 1, 0, 1, 1, 1]",EXACT_DERIVED
388,"[[-1, 0], [-1, -1]]","[[0, -1], [-1, 0]]","[0, 1, 1, 0, 0, 0, 0, 0, 0, 1, 1, 0, 0, 1, 1, 0]",EXACT_DERIVED
389,"[[-1, 0], [-1, -1]]","[[0, -1], [-1, 1]]","[0, 1, 1, -1, 0, 0, 0, 0, 0, 1, 1, -1, 0, 1, 1, -1]",EXACT_DERIVED
390,"[[-1, 0], [-1, -1]]","[[0, -1], [0, -1]]","[0, 1, 0, 1, 0, 0, 0, 0, 0, 1, 0, 1, 0, 1, 0, 1]",EXACT_DERIVED
391,"[[-1, 0], [-1, -1]]","[[0, -1], [0, 0]]","[0, 1, 0, 0, 0, 0, 0, 0, 0, 1, 0, 0, 0, 1, 0, 0]",EXACT_DERIVED
392,"[[-1, 0], [-1, -1]]","[[0, -1], [0, 1]]","[0, 1, 0, -1, 0, 0, 0, 0, 0, 1, 0, -1, 0, 1, 0, -1]",EXACT_DERIVED
393,"[[-1, 0], [-1, -1]]","[[0, -1], [1, -1]]","[0, 1, -1, 1, 0, 0, 0, 0, 0, 1, -1, 1, 0, 1, -1, 1]",EXACT_DERIVED
394,"[[-1, 0], [-1, -1]]","[[0, -1], [1, 0]]","[0, 1, -1, 0, 0, 0, 0, 0, 0, 1, -1, 0, 0, 1, -1, 0]",EXACT_DERIVED
395,"[[-1, 0], [-1, -1]]","[[0, -1], [1, 1]]","[0, 1, -1, -1, 0, 0, 0, 0, 0, 1, -1, -1, 0, 1, -1, -1]",EXACT_DERIVED
396,"[[-1, 0], [-1, -1]]","[[0, 0], [-1, -1]]","[0, 0, 1, 1, 0, 0, 0, 0, 0, 0, 1, 1, 0, 0, 1, 1]",EXACT_DERIVED
397,"[[-1, 0], [-1, -1]]","[[0, 0], [-1, 0]]","[0, 0, 1, 0, 0, 0, 0, 0, 0, 0, 1, 0, 0, 0, 1, 0]",EXACT_DERIVED
398,"[[-1, 0], [-1, -1]]","[[0, 0], [-1, 1]]","[0, 0, 1, -1, 0, 0, 0, 0, 0, 0, 1, -1, 0, 0, 1, -1]",EXACT_DERIVED
399,"[[-1, 0], [-1, -1]]","[[0, 0], [0, -1]]","[0, 0, 0, 1, 0, 0, 0, 0, 0, 0, 0, 1, 0, 0, 0, 1]",EXACT_DERIVED
400,"[[-1, 0], [-1, 0]]","[[-1, -1], [-1, -1]]","[1, 1, 1, 1, 0, 0, 0, 0, 1, 1, 1, 1, 0, 0, 0, 0]",EXACT_DERIVED
401,"[[-1, 0], [-1, 0]]","[[-1, -1], [-1, 0]]","[1, 1, 1, 0, 0, 0, 0, 0, 1, 1, 1, 0, 0, 0, 0, 0]",EXACT_DERIVED
402,"[[-1, 0], [-1, 0]]","[[-1, -1], [-1, 1]]","[1, 1, 1, -1, 0, 0, 0, 0, 1, 1, 1, -1, 0, 0, 0, 0]",EXACT_DERIVED
403,"[[-1, 0], [-1, 0]]","[[-1, -1], [0, -1]]","[1, 1, 0, 1, 0, 0, 0, 0, 1, 1, 0, 1, 0, 0, 0, 0]",EXACT_DERIVED
404,"[[-1, 0], [-1, 0]]","[[-1, -1], [0, 0]]","[1, 1, 0, 0, 0, 0, 0, 0, 1, 1, 0, 0, 0, 0, 0, 0]",EXACT_DERIVED
405,"[[-1, 0], [-1, 0]]","[[-1, -1], [0, 1]]","[1, 1, 0, -1, 0, 0, 0, 0, 1, 1, 0, -1, 0, 0, 0, 0]",EXACT_DERIVED
406,"[[-1, 0], [-1, 0]]","[[-1, -1], [1, -1]]","[1, 1, -1, 1, 0, 0, 0, 0, 1, 1, -1, 1, 0, 0, 0, 0]",EXACT_DERIVED
407,"[[-1, 0], [-1, 0]]","[[-1, -1], [1, 0]]","[1, 1, -1, 0, 0, 0, 0, 0, 1, 1, -1, 0, 0, 0, 0, 0]",EXACT_DERIVED
408,"[[-1, 0], [-1, 0]]","[[-1, -1], [1, 1]]","[1, 1, -1, -1, 0, 0, 0, 0, 1, 1, -1, -1, 0, 0, 0, 0]",EXACT_DERIVED
409,"[[-1, 0], [-1, 0]]","[[-1, 0], [-1, -1]]","[1, 0, 1, 1, 0, 0, 0, 0, 1, 0, 1, 1, 0, 0, 0, 0]",EXACT_DERIVED
410,"[[-1, 0], [-1, 0]]","[[-1, 0], [-1, 0]]","[1, 0, 1, 0, 0, 0, 0, 0, 1, 0, 1, 0, 0, 0, 0, 0]",EXACT_DERIVED
411,"[[-1, 0], [-1, 0]]","[[-1, 0], [-1, 1]]","[1, 0, 1, -1, 0, 0, 0, 0, 1, 0, 1, -1, 0, 0, 0, 0]",EXACT_DERIVED
412,"[[-1, 0], [-1, 0]]","[[-1, 0], [0, -1]]","[1, 0, 0, 1, 0, 0, 0, 0, 1, 0, 0, 1, 0, 0, 0, 0]",EXACT_DERIVED
413,"[[-1, 0], [-1, 0]]","[[-1, 0], [0, 0]]","[1, 0, 0, 0, 0, 0, 0, 0, 1, 0, 0, 0, 0, 0, 0, 0]",EXACT_DERIVED
414,"[[-1, 0], [-1, 0]]","[[-1, 0], [0, 1]]","[1, 0, 0, -1, 0, 0, 0, 0, 1, 0, 0, -1, 0, 0, 0, 0]",EXACT_DERIVED
415,"[[-1, 0], [-1, 0]]","[[-1, 0], [1, -1]]","[1, 0, -1, 1, 0, 0, 0, 0, 1, 0, -1, 1, 0, 0, 0, 0]",EXACT_DERIVED
416,"[[-1, 0], [-1, 0]]","[[-1, 0], [1, 0]]","[1, 0, -1, 0, 0, 0, 0, 0, 1, 0, -1, 0, 0, 0, 0, 0]",EXACT_DERIVED
417,"[[-1, 0], [-1, 0]]","[[-1, 0], [1, 1]]","[1, 0, -1, -1, 0, 0, 0, 0, 1, 0, -1, -1, 0, 0, 0, 0]",EXACT_DERIVED
418,"[[-1, 0], [-1, 0]]","[[-1, 1], [-1, -1]]","[1, -1, 1, 1, 0, 0, 0, 0, 1, -1, 1, 1, 0, 0, 0, 0]",EXACT_DERIVED
419,"[[-1, 0], [-1, 0]]","[[-1, 1], [-1, 0]]","[1, -1, 1, 0, 0, 0, 0, 0, 1, -1, 1, 0, 0, 0, 0, 0]",EXACT_DERIVED
420,"[[-1, 0], [-1, 0]]","[[-1, 1], [-1, 1]]","[1, -1, 1, -1, 0, 0, 0, 0, 1, -1, 1, -1, 0, 0, 0, 0]",EXACT_DERIVED
421,"[[-1, 0], [-1, 0]]","[[-1, 1], [0, -1]]","[1, -1, 0, 1, 0, 0, 0, 0, 1, -1, 0, 1, 0, 0, 0, 0]",EXACT_DERIVED
422,"[[-1, 0], [-1, 0]]","[[-1, 1], [0, 0]]","[1, -1, 0, 0, 0, 0, 0, 0, 1, -1, 0, 0, 0, 0, 0, 0]",EXACT_DERIVED
423,"[[-1, 0], [-1, 0]]","[[-1, 1], [0, 1]]","[1, -1, 0, -1, 0, 0, 0, 0, 1, -1, 0, -1, 0, 0, 0, 0]",EXACT_DERIVED
424,"[[-1, 0], [-1, 0]]","[[-1, 1], [1, -1]]","[1, -1, -1, 1, 0, 0, 0, 0, 1, -1, -1, 1, 0, 0, 0, 0]",EXACT_DERIVED
425,"[[-1, 0], [-1, 0]]","[[-1, 1], [1, 0]]","[1, -1, -1, 0, 0, 0, 0, 0, 1, -1, -1, 0, 0, 0, 0, 0]",EXACT_DERIVED
426,"[[-1, 0], [-1, 0]]","[[-1, 1], [1, 1]]","[1, -1, -1, -1, 0, 0, 0, 0, 1, -1, -1, -1, 0, 0, 0, 0]",EXACT_DERIVED
427,"[[-1, 0], [-1, 0]]","[[0, -1], [-1, -1]]","[0, 1, 1, 1, 0, 0, 0, 0, 0, 1, 1, 1, 0, 0, 0, 0]",EXACT_DERIVED
428,"[[-1, 0], [-1, 0]]","[[0, -1], [-1, 0]]","[0, 1, 1, 0, 0, 0, 0, 0, 0, 1, 1, 0, 0, 0, 0, 0]",EXACT_DERIVED
429,"[[-1, 0], [-1, 0]]","[[0, -1], [-1, 1]]","[0, 1, 1, -1, 0, 0, 0, 0, 0, 1, 1, -1, 0, 0, 0, 0]",EXACT_DERIVED
430,"[[-1, 0], [-1, 0]]","[[0, -1], [0, -1]]","[0, 1, 0, 1, 0, 0, 0, 0, 0, 1, 0, 1, 0, 0, 0, 0]",EXACT_DERIVED
431,"[[-1, 0], [-1, 0]]","[[0, -1], [0, 0]]","[0, 1, 0, 0, 0, 0, 0, 0, 0, 1, 0, 0, 0, 0, 0, 0]",EXACT_DERIVED
432,"[[-1, 0], [-1, 0]]","[[0, -1], [0, 1]]","[0, 1, 0, -1, 0, 0, 0, 0, 0, 1, 0, -1, 0, 0, 0, 0]",EXACT_DERIVED
433,"[[-1, 0], [-1, 0]]","[[0, -1], [1, -1]]","[0, 1, -1, 1, 0, 0, 0, 0, 0, 1, -1, 1, 0, 0, 0, 0]",EXACT_DERIVED
434,"[[-1, 0], [-1, 0]]","[[0, -1], [1, 0]]","[0, 1, -1, 0, 0, 0, 0, 0, 0, 1, -1, 0, 0, 0, 0, 0]",EXACT_DERIVED
435,"[[-1, 0], [-1, 0]]","[[0, -1], [1, 1]]","[0, 1, -1, -1, 0, 0, 0, 0, 0, 1, -1, -1, 0, 0, 0, 0]",EXACT_DERIVED
436,"[[-1, 0], [-1, 0]]","[[0, 0], [-1, -1]]","[0, 0, 1, 1, 0, 0, 0, 0, 0, 0, 1, 1, 0, 0, 0, 0]",EXACT_DERIVED
437,"[[-1, 0], [-1, 0]]","[[0, 0], [-1, 0]]","[0, 0, 1, 0, 0, 0, 0, 0, 0, 0, 1, 0, 0, 0, 0, 0]",EXACT_DERIVED
438,"[[-1, 0], [-1, 0]]","[[0, 0], [-1, 1]]","[0, 0, 1, -1, 0, 0, 0, 0, 0, 0, 1, -1, 0, 0, 0, 0]",EXACT_DERIVED
439,"[[-1, 0], [-1, 0]]","[[0, 0], [0, -1]]","[0, 0, 0, 1, 0, 0, 0, 0, 0, 0, 0, 1, 0, 0, 0, 0]",EXACT_DERIVED
440,"[[-1, 0], [-1, 1]]","[[-1, -1], [-1, -1]]","[1, 1, 1, 1, 0, 0, 0, 0, 1, 1, 1, 1, -1, -1, -1, -1]",EXACT_DERIVED
441,"[[-1, 0], [-1, 1]]","[[-1, -1], [-1, 0]]","[1, 1, 1, 0, 0, 0, 0, 0, 1, 1, 1, 0, -1, -1, -1, 0]",EXACT_DERIVED
442,"[[-1, 0], [-1, 1]]","[[-1, -1], [-1, 1]]","[1, 1, 1, -1, 0, 0, 0, 0, 1, 1, 1, -1, -1, -1, -1, 1]",EXACT_DERIVED
443,"[[-1, 0], [-1, 1]]","[[-1, -1], [0, -1]]","[1, 1, 0, 1, 0, 0, 0, 0, 1, 1, 0, 1, -1, -1, 0, -1]",EXACT_DERIVED
444,"[[-1, 0], [-1, 1]]","[[-1, -1], [0, 0]]","[1, 1, 0, 0, 0, 0, 0, 0, 1, 1, 0, 0, -1, -1, 0, 0]",EXACT_DERIVED
445,"[[-1, 0], [-1, 1]]","[[-1, -1], [0, 1]]","[1, 1, 0, -1, 0, 0, 0, 0, 1, 1, 0, -1, -1, -1, 0, 1]",EXACT_DERIVED
446,"[[-1, 0], [-1, 1]]","[[-1, -1], [1, -1]]","[1, 1, -1, 1, 0, 0, 0, 0, 1, 1, -1, 1, -1, -1, 1, -1]",EXACT_DERIVED
447,"[[-1, 0], [-1, 1]]","[[-1, -1], [1, 0]]","[1, 1, -1, 0, 0, 0, 0, 0, 1, 1, -1, 0, -1, -1, 1, 0]",EXACT_DERIVED
448,"[[-1, 0], [-1, 1]]","[[-1, -1], [1, 1]]","[1, 1, -1, -1, 0, 0, 0, 0, 1, 1, -1, -1, -1, -1, 1, 1]",EXACT_DERIVED
449,"[[-1, 0], [-1, 1]]","[[-1, 0], [-1, -1]]","[1, 0, 1, 1, 0, 0, 0, 0, 1, 0, 1, 1, -1, 0, -1, -1]",EXACT_DERIVED
450,"[[-1, 0], [-1, 1]]","[[-1, 0], [-1, 0]]","[1, 0, 1, 0, 0, 0, 0, 0, 1, 0, 1, 0, -1, 0, -1, 0]",EXACT_DERIVED
451,"[[-1, 0], [-1, 1]]","[[-1, 0], [-1, 1]]","[1, 0, 1, -1, 0, 0, 0, 0, 1, 0, 1, -1, -1, 0, -1, 1]",EXACT_DERIVED
452,"[[-1, 0], [-1, 1]]","[[-1, 0], [0, -1]]","[1, 0, 0, 1, 0, 0, 0, 0, 1, 0, 0, 1, -1, 0, 0, -1]",EXACT_DERIVED
453,"[[-1, 0], [-1, 1]]","[[-1, 0], [0, 0]]","[1, 0, 0, 0, 0, 0, 0, 0, 1, 0, 0, 0, -1, 0, 0, 0]",EXACT_DERIVED
454,"[[-1, 0], [-1, 1]]","[[-1, 0], [0, 1]]","[1, 0, 0, -1, 0, 0, 0, 0, 1, 0, 0, -1, -1, 0, 0, 1]",EXACT_DERIVED
455,"[[-1, 0], [-1, 1]]","[[-1, 0], [1, -1]]","[1, 0, -1, 1, 0, 0, 0, 0, 1, 0, -1, 1, -1, 0, 1, -1]",EXACT_DERIVED
456,"[[-1, 0], [-1, 1]]","[[-1, 0], [1, 0]]","[1, 0, -1, 0, 0, 0, 0, 0, 1, 0, -1, 0, -1, 0, 1, 0]",EXACT_DERIVED
457,"[[-1, 0], [-1, 1]]","[[-1, 0], [1, 1]]","[1, 0, -1, -1, 0, 0, 0, 0, 1, 0, -1, -1, -1, 0, 1, 1]",EXACT_DERIVED
458,"[[-1, 0], [-1, 1]]","[[-1, 1], [-1, -1]]","[1, -1, 1, 1, 0, 0, 0, 0, 1, -1, 1, 1, -1, 1, -1, -1]",EXACT_DERIVED
459,"[[-1, 0], [-1, 1]]","[[-1, 1], [-1, 0]]","[1, -1, 1, 0, 0, 0, 0, 0, 1, -1, 1, 0, -1, 1, -1, 0]",EXACT_DERIVED
460,"[[-1, 0], [-1, 1]]","[[-1, 1], [-1, 1]]","[1, -1, 1, -1, 0, 0, 0, 0, 1, -1, 1, -1, -1, 1, -1, 1]",EXACT_DERIVED
461,"[[-1, 0], [-1, 1]]","[[-1, 1], [0, -1]]","[1, -1, 0, 1, 0, 0, 0, 0, 1, -1, 0, 1, -1, 1, 0, -1]",EXACT_DERIVED
462,"[[-1, 0], [-1, 1]]","[[-1, 1], [0, 0]]","[1, -1, 0, 0, 0, 0, 0, 0, 1, -1, 0, 0, -1, 1, 0, 0]",EXACT_DERIVED
463,"[[-1, 0], [-1, 1]]","[[-1, 1], [0, 1]]","[1, -1, 0, -1, 0, 0, 0, 0, 1, -1, 0, -1, -1, 1, 0, 1]",EXACT_DERIVED
464,"[[-1, 0], [-1, 1]]","[[-1, 1], [1, -1]]","[1, -1, -1, 1, 0, 0, 0, 0, 1, -1, -1, 1, -1, 1, 1, -1]",EXACT_DERIVED
465,"[[-1, 0], [-1, 1]]","[[-1, 1], [1, 0]]","[1, -1, -1, 0, 0, 0, 0, 0, 1, -1, -1, 0, -1, 1, 1, 0]",EXACT_DERIVED
466,"[[-1, 0], [-1, 1]]","[[-1, 1], [1, 1]]","[1, -1, -1, -1, 0, 0, 0, 0, 1, -1, -1, -1, -1, 1, 1, 1]",EXACT_DERIVED
467,"[[-1, 0], [-1, 1]]","[[0, -1], [-1, -1]]","[0, 1, 1, 1, 0, 0, 0, 0, 0, 1, 1, 1, 0, -1, -1, -1]",EXACT_DERIVED
468,"[[-1, 0], [-1, 1]]","[[0, -1], [-1, 0]]","[0, 1, 1, 0, 0, 0, 0, 0, 0, 1, 1, 0, 0, -1, -1, 0]",EXACT_DERIVED
469,"[[-1, 0], [-1, 1]]","[[0, -1], [-1, 1]]","[0, 1, 1, -1, 0, 0, 0, 0, 0, 1, 1, -1, 0, -1, -1, 1]",EXACT_DERIVED
470,"[[-1, 0], [-1, 1]]","[[0, -1], [0, -1]]","[0, 1, 0, 1, 0, 0, 0, 0, 0, 1, 0, 1, 0, -1, 0, -1]",EXACT_DERIVED
471,"[[-1, 0], [-1, 1]]","[[0, -1], [0, 0]]","[0, 1, 0, 0, 0, 0, 0, 0, 0, 1, 0, 0, 0, -1, 0, 0]",EXACT_DERIVED
472,"[[-1, 0], [-1, 1]]","[[0, -1], [0, 1]]","[0, 1, 0, -1, 0, 0, 0, 0, 0, 1, 0, -1, 0, -1, 0, 1]",EXACT_DERIVED
473,"[[-1, 0], [-1, 1]]","[[0, -1], [1, -1]]","[0, 1, -1, 1, 0, 0, 0, 0, 0, 1, -1, 1, 0, -1, 1, -1]",EXACT_DERIVED
474,"[[-1, 0], [-1, 1]]","[[0, -1], [1, 0]]","[0, 1, -1, 0, 0, 0, 0, 0, 0, 1, -1, 0, 0, -1, 1, 0]",EXACT_DERIVED
475,"[[-1, 0], [-1, 1]]","[[0, -1], [1, 1]]","[0, 1, -1, -1, 0, 0, 0, 0, 0, 1, -1, -1, 0, -1, 1, 1]",EXACT_DERIVED
476,"[[-1, 0], [-1, 1]]","[[0, 0], [-1, -1]]","[0, 0, 1, 1, 0, 0, 0, 0, 0, 0, 1, 1, 0, 0, -1, -1]",EXACT_DERIVED
477,"[[-1, 0], [-1, 1]]","[[0, 0], [-1, 0]]","[0, 0, 1, 0, 0, 0, 0, 0, 0, 0, 1, 0, 0, 0, -1, 0]",EXACT_DERIVED
478,"[[-1, 0], [-1, 1]]","[[0, 0], [-1, 1]]","[0, 0, 1, -1, 0, 0, 0, 0, 0, 0, 1, -1, 0, 0, -1, 1]",EXACT_DERIVED
479,"[[-1, 0], [-1, 1]]","[[0, 0], [0, -1]]","[0, 0, 0, 1, 0, 0, 0, 0, 0, 0, 0, 1, 0, 0, 0, -1]",EXACT_DERIVED
480,"[[-1, 0], [0, -1]]","[[-1, -1], [-1, -1]]","[1, 1, 1, 1, 0, 0, 0, 0, 0, 0, 0, 0, 1, 1, 1, 1]",EXACT_DERIVED
481,"[[-1, 0], [0, -1]]","[[-1, -1], [-1, 0]]","[1, 1, 1, 0, 0, 0, 0, 0, 0, 0, 0, 0, 1, 1, 1, 0]",EXACT_DERIVED
482,"[[-1, 0], [0, -1]]","[[-1, -1], [-1, 1]]","[1, 1, 1, -1, 0, 0, 0, 0, 0, 0, 0, 0, 1, 1, 1, -1]",EXACT_DERIVED
483,"[[-1, 0], [0, -1]]","[[-1, -1], [0, -1]]","[1, 1, 0, 1, 0, 0, 0, 0, 0, 0, 0, 0, 1, 1, 0, 1]",EXACT_DERIVED
484,"[[-1, 0], [0, -1]]","[[-1, -1], [0, 0]]","[1, 1, 0, 0, 0, 0, 0, 0, 0, 0, 0, 0, 1, 1, 0, 0]",EXACT_DERIVED
485,"[[-1, 0], [0, -1]]","[[-1, -1], [0, 1]]","[1, 1, 0, -1, 0, 0, 0, 0, 0, 0, 0, 0, 1, 1, 0, -1]",EXACT_DERIVED
486,"[[-1, 0], [0, -1]]","[[-1, -1], [1, -1]]","[1, 1, -1, 1, 0, 0, 0, 0, 0, 0, 0, 0, 1, 1, -1, 1]",EXACT_DERIVED
487,"[[-1, 0], [0, -1]]","[[-1, -1], [1, 0]]","[1, 1, -1, 0, 0, 0, 0, 0, 0, 0, 0, 0, 1, 1, -1, 0]",EXACT_DERIVED
488,"[[-1, 0], [0, -1]]","[[-1, -1], [1, 1]]","[1, 1, -1, -1, 0, 0, 0, 0, 0, 0, 0, 0, 1, 1, -1, -1]",EXACT_DERIVED
489,"[[-1, 0], [0, -1]]","[[-1, 0], [-1, -1]]","[1, 0, 1, 1, 0, 0, 0, 0, 0, 0, 0, 0, 1, 0, 1, 1]",EXACT_DERIVED
490,"[[-1, 0], [0, -1]]","[[-1, 0], [-1, 0]]","[1, 0, 1, 0, 0, 0, 0, 0, 0, 0, 0, 0, 1, 0, 1, 0]",EXACT_DERIVED
491,"[[-1, 0], [0, -1]]","[[-1, 0], [-1, 1]]","[1, 0, 1, -1, 0, 0, 0, 0, 0, 0, 0, 0, 1, 0, 1, -1]",EXACT_DERIVED
492,"[[-1, 0], [0, -1]]","[[-1, 0], [0, -1]]","[1, 0, 0, 1, 0, 0, 0, 0, 0, 0, 0, 0, 1, 0, 0, 1]",EXACT_DERIVED
493,"[[-1, 0], [0, -1]]","[[-1, 0], [0, 0]]","[1, 0, 0, 0, 0, 0, 0, 0, 0, 0, 0, 0, 1, 0, 0, 0]",EXACT_DERIVED
494,"[[-1, 0], [0, -1]]","[[-1, 0], [0, 1]]","[1, 0, 0, -1, 0, 0, 0, 0, 0, 0, 0, 0, 1, 0, 0, -1]",EXACT_DERIVED
495,"[[-1, 0], [0, -1]]","[[-1, 0], [1, -1]]","[1, 0, -1, 1, 0, 0, 0, 0, 0, 0, 0, 0, 1, 0, -1, 1]",EXACT_DERIVED
496,"[[-1, 0], [0, -1]]","[[-1, 0], [1, 0]]","[1, 0, -1, 0, 0, 0, 0, 0, 0, 0, 0, 0, 1, 0, -1, 0]",EXACT_DERIVED
497,"[[-1, 0], [0, -1]]","[[-1, 0], [1, 1]]","[1, 0, -1, -1, 0, 0, 0, 0, 0, 0, 0, 0, 1, 0, -1, -1]",EXACT_DERIVED
498,"[[-1, 0], [0, -1]]","[[-1, 1], [-1, -1]]","[1, -1, 1, 1, 0, 0, 0, 0, 0, 0, 0, 0, 1, -1, 1, 1]",EXACT_DERIVED
499,"[[-1, 0], [0, -1]]","[[-1, 1], [-1, 0]]","[1, -1, 1, 0, 0, 0, 0, 0, 0, 0, 0, 0, 1, -1, 1, 0]",EXACT_DERIVED
500,"[[-1, 0], [0, -1]]","[[-1, 1], [-1, 1]]","[1, -1, 1, -1, 0, 0, 0, 0, 0, 0, 0, 0, 1, -1, 1, -1]",EXACT_DERIVED
501,"[[-1, 0], [0, -1]]","[[-1, 1], [0, -1]]","[1, -1, 0, 1, 0, 0, 0, 0, 0, 0, 0, 0, 1, -1, 0, 1]",EXACT_DERIVED
502,"[[-1, 0], [0, -1]]","[[-1, 1], [0, 0]]","[1, -1, 0, 0, 0, 0, 0, 0, 0, 0, 0, 0, 1, -1, 0, 0]",EXACT_DERIVED
503,"[[-1, 0], [0, -1]]","[[-1, 1], [0, 1]]","[1, -1, 0, -1, 0, 0, 0, 0, 0, 0, 0, 0, 1, -1, 0, -1]",EXACT_DERIVED
504,"[[-1, 0], [0, -1]]","[[-1, 1], [1, -1]]","[1, -1, -1, 1, 0, 0, 0, 0, 0, 0, 0, 0, 1, -1, -1, 1]",EXACT_DERIVED
505,"[[-1, 0], [0, -1]]","[[-1, 1], [1, 0]]","[1, -1, -1, 0, 0, 0, 0, 0, 0, 0, 0, 0, 1, -1, -1, 0]",EXACT_DERIVED
506,"[[-1, 0], [0, -1]]","[[-1, 1], [1, 1]]","[1, -1, -1, -1, 0, 0, 0, 0, 0, 0, 0, 0, 1, -1, -1, -1]",EXACT_DERIVED
507,"[[-1, 0], [0, -1]]","[[0, -1], [-1, -1]]","[0, 1, 1, 1, 0, 0, 0, 0, 0, 0, 0, 0, 0, 1, 1, 1]",EXACT_DERIVED
508,"[[-1, 0], [0, -1]]","[[0, -1], [-1, 0]]","[0, 1, 1, 0, 0, 0, 0, 0, 0, 0, 0, 0, 0, 1, 1, 0]",EXACT_DERIVED
509,"[[-1, 0], [0, -1]]","[[0, -1], [-1, 1]]","[0, 1, 1, -1, 0, 0, 0, 0, 0, 0, 0, 0, 0, 1, 1, -1]",EXACT_DERIVED
510,"[[-1, 0], [0, -1]]","[[0, -1], [0, -1]]","[0, 1, 0, 1, 0, 0, 0, 0, 0, 0, 0, 0, 0, 1, 0, 1]",EXACT_DERIVED
511,"[[-1, 0], [0, -1]]","[[0, -1], [0, 0]]","[0, 1, 0, 0, 0, 0, 0, 0, 0, 0, 0, 0, 0, 1, 0, 0]",EXACT_DERIVED
512,"[[-1, 0], [0, -1]]","[[0, -1], [0, 1]]","[0, 1, 0, -1, 0, 0, 0, 0, 0, 0, 0, 0, 0, 1, 0, -1]",EXACT_DERIVED
513,"[[-1, 0], [0, -1]]","[[0, -1], [1, -1]]","[0, 1, -1, 1, 0, 0, 0, 0, 0, 0, 0, 0, 0, 1, -1, 1]",EXACT_DERIVED
514,"[[-1, 0], [0, -1]]","[[0, -1], [1, 0]]","[0, 1, -1, 0, 0, 0, 0, 0, 0, 0, 0, 0, 0, 1, -1, 0]",EXACT_DERIVED
515,"[[-1, 0], [0, -1]]","[[0, -1], [1, 1]]","[0, 1, -1, -1, 0, 0, 0, 0, 0, 0, 0, 0, 0, 1, -1, -1]",EXACT_DERIVED
516,"[[-1, 0], [0, -1]]","[[0, 0], [-1, -1]]","[0, 0, 1, 1, 0, 0, 0, 0, 0, 0, 0, 0, 0, 0, 1, 1]",EXACT_DERIVED
517,"[[-1, 0], [0, -1]]","[[0, 0], [-1, 0]]","[0, 0, 1, 0, 0, 0, 0, 0, 0, 0, 0, 0, 0, 0, 1, 0]",EXACT_DERIVED
518,"[[-1, 0], [0, -1]]","[[0, 0], [-1, 1]]","[0, 0, 1, -1, 0, 0, 0, 0, 0, 0, 0, 0, 0, 0, 1, -1]",EXACT_DERIVED
519,"[[-1, 0], [0, -1]]","[[0, 0], [0, -1]]","[0, 0, 0, 1, 0, 0, 0, 0, 0, 0, 0, 0, 0, 0, 0, 1]",EXACT_DERIVED
520,"[[-1, 0], [0, 0]]","[[-1, -1], [-1, -1]]","[1, 1, 1, 1, 0, 0, 0, 0, 0, 0, 0, 0, 0, 0, 0, 0]",EXACT_DERIVED
521,"[[-1, 0], [0, 0]]","[[-1, -1], [-1, 0]]","[1, 1, 1, 0, 0, 0, 0, 0, 0, 0, 0, 0, 0, 0, 0, 0]",EXACT_DERIVED
522,"[[-1, 0], [0, 0]]","[[-1, -1], [-1, 1]]","[1, 1, 1, -1, 0, 0, 0, 0, 0, 0, 0, 0, 0, 0, 0, 0]",EXACT_DERIVED
523,"[[-1, 0], [0, 0]]","[[-1, -1], [0, -1]]","[1, 1, 0, 1, 0, 0, 0, 0, 0, 0, 0, 0, 0, 0, 0, 0]",EXACT_DERIVED
524,"[[-1, 0], [0, 0]]","[[-1, -1], [0, 0]]","[1, 1, 0, 0, 0, 0, 0, 0, 0, 0, 0, 0, 0, 0, 0, 0]",EXACT_DERIVED
525,"[[-1, 0], [0, 0]]","[[-1, -1], [0, 1]]","[1, 1, 0, -1, 0, 0, 0, 0, 0, 0, 0, 0, 0, 0, 0, 0]",EXACT_DERIVED
526,"[[-1, 0], [0, 0]]","[[-1, -1], [1, -1]]","[1, 1, -1, 1, 0, 0, 0, 0, 0, 0, 0, 0, 0, 0, 0, 0]",EXACT_DERIVED
527,"[[-1, 0], [0, 0]]","[[-1, -1], [1, 0]]","[1, 1, -1, 0, 0, 0, 0, 0, 0, 0, 0, 0, 0, 0, 0, 0]",EXACT_DERIVED
528,"[[-1, 0], [0, 0]]","[[-1, -1], [1, 1]]","[1, 1, -1, -1, 0, 0, 0, 0, 0, 0, 0, 0, 0, 0, 0, 0]",EXACT_DERIVED
529,"[[-1, 0], [0, 0]]","[[-1, 0], [-1, -1]]","[1, 0, 1, 1, 0, 0, 0, 0, 0, 0, 0, 0, 0, 0, 0, 0]",EXACT_DERIVED
530,"[[-1, 0], [0, 0]]","[[-1, 0], [-1, 0]]","[1, 0, 1, 0, 0, 0, 0, 0, 0, 0, 0, 0, 0, 0, 0, 0]",EXACT_DERIVED
531,"[[-1, 0], [0, 0]]","[[-1, 0], [-1, 1]]","[1, 0, 1, -1, 0, 0, 0, 0, 0, 0, 0, 0, 0, 0, 0, 0]",EXACT_DERIVED
532,"[[-1, 0], [0, 0]]","[[-1, 0], [0, -1]]","[1, 0, 0, 1, 0, 0, 0, 0, 0, 0, 0, 0, 0, 0, 0, 0]",EXACT_DERIVED
533,"[[-1, 0], [0, 0]]","[[-1, 0], [0, 0]]","[1, 0, 0, 0, 0, 0, 0, 0, 0, 0, 0, 0, 0, 0, 0, 0]",EXACT_DERIVED
534,"[[-1, 0], [0, 0]]","[[-1, 0], [0, 1]]","[1, 0, 0, -1, 0, 0, 0, 0, 0, 0, 0, 0, 0, 0, 0, 0]",EXACT_DERIVED
535,"[[-1, 0], [0, 0]]","[[-1, 0], [1, -1]]","[1, 0, -1, 1, 0, 0, 0, 0, 0, 0, 0, 0, 0, 0, 0, 0]",EXACT_DERIVED
536,"[[-1, 0], [0, 0]]","[[-1, 0], [1, 0]]","[1, 0, -1, 0, 0, 0, 0, 0, 0, 0, 0, 0, 0, 0, 0, 0]",EXACT_DERIVED
537,"[[-1, 0], [0, 0]]","[[-1, 0], [1, 1]]","[1, 0, -1, -1, 0, 0, 0, 0, 0, 0, 0, 0, 0, 0, 0, 0]",EXACT_DERIVED
538,"[[-1, 0], [0, 0]]","[[-1, 1], [-1, -1]]","[1, -1, 1, 1, 0, 0, 0, 0, 0, 0, 0, 0, 0, 0, 0, 0]",EXACT_DERIVED
539,"[[-1, 0], [0, 0]]","[[-1, 1], [-1, 0]]","[1, -1, 1, 0, 0, 0, 0, 0, 0, 0, 0, 0, 0, 0, 0, 0]",EXACT_DERIVED
540,"[[-1, 0], [0, 0]]","[[-1, 1], [-1, 1]]","[1, -1, 1, -1, 0, 0, 0, 0, 0, 0, 0, 0, 0, 0, 0, 0]",EXACT_DERIVED
541,"[[-1, 0], [0, 0]]","[[-1, 1], [0, -1]]","[1, -1, 0, 1, 0, 0, 0, 0, 0, 0, 0, 0, 0, 0, 0, 0]",EXACT_DERIVED
542,"[[-1, 0], [0, 0]]","[[-1, 1], [0, 0]]","[1, -1, 0, 0, 0, 0, 0, 0, 0, 0, 0, 0, 0, 0, 0, 0]",EXACT_DERIVED
543,"[[-1, 0], [0, 0]]","[[-1, 1], [0, 1]]","[1, -1, 0, -1, 0, 0, 0, 0, 0, 0, 0, 0, 0, 0, 0, 0]",EXACT_DERIVED
544,"[[-1, 0], [0, 0]]","[[-1, 1], [1, -1]]","[1, -1, -1, 1, 0, 0, 0, 0, 0, 0, 0, 0, 0, 0, 0, 0]",EXACT_DERIVED
545,"[[-1, 0], [0, 0]]","[[-1, 1], [1, 0]]","[1, -1, -1, 0, 0, 0, 0, 0, 0, 0, 0, 0, 0, 0, 0, 0]",EXACT_DERIVED
546,"[[-1, 0], [0, 0]]","[[-1, 1], [1, 1]]","[1, -1, -1, -1, 0, 0, 0, 0, 0, 0, 0, 0, 0, 0, 0, 0]",EXACT_DERIVED
547,"[[-1, 0], [0, 0]]","[[0, -1], [-1, -1]]","[0, 1, 1, 1, 0, 0, 0, 0, 0, 0, 0, 0, 0, 0, 0, 0]",EXACT_DERIVED
548,"[[-1, 0], [0, 0]]","[[0, -1], [-1, 0]]","[0, 1, 1, 0, 0, 0, 0, 0, 0, 0, 0, 0, 0, 0, 0, 0]",EXACT_DERIVED
549,"[[-1, 0], [0, 0]]","[[0, -1], [-1, 1]]","[0, 1, 1, -1, 0, 0, 0, 0, 0, 0, 0, 0, 0, 0, 0, 0]",EXACT_DERIVED
550,"[[-1, 0], [0, 0]]","[[0, -1], [0, -1]]","[0, 1, 0, 1, 0, 0, 0, 0, 0, 0, 0, 0, 0, 0, 0, 0]",EXACT_DERIVED
551,"[[-1, 0], [0, 0]]","[[0, -1], [0, 0]]","[0, 1, 0, 0, 0, 0, 0, 0, 0, 0, 0, 0, 0, 0, 0, 0]",EXACT_DERIVED
552,"[[-1, 0], [0, 0]]","[[0, -1], [0, 1]]","[0, 1, 0, -1, 0, 0, 0, 0, 0, 0, 0, 0, 0, 0, 0, 0]",EXACT_DERIVED
553,"[[-1, 0], [0, 0]]","[[0, -1], [1, -1]]","[0, 1, -1, 1, 0, 0, 0, 0, 0, 0, 0, 0, 0, 0, 0, 0]",EXACT_DERIVED
554,"[[-1, 0], [0, 0]]","[[0, -1], [1, 0]]","[0, 1, -1, 0, 0, 0, 0, 0, 0, 0, 0, 0, 0, 0, 0, 0]",EXACT_DERIVED
555,"[[-1, 0], [0, 0]]","[[0, -1], [1, 1]]","[0, 1, -1, -1, 0, 0, 0, 0, 0, 0, 0, 0, 0, 0, 0, 0]",EXACT_DERIVED
556,"[[-1, 0], [0, 0]]","[[0, 0], [-1, -1]]","[0, 0, 1, 1, 0, 0, 0, 0, 0, 0, 0, 0, 0, 0, 0, 0]",EXACT_DERIVED
557,"[[-1, 0], [0, 0]]","[[0, 0], [-1, 0]]","[0, 0, 1, 0, 0, 0, 0, 0, 0, 0, 0, 0, 0, 0, 0, 0]",EXACT_DERIVED
558,"[[-1, 0], [0, 0]]","[[0, 0], [-1, 1]]","[0, 0, 1, -1, 0, 0, 0, 0, 0, 0, 0, 0, 0, 0, 0, 0]",EXACT_DERIVED
559,"[[-1, 0], [0, 0]]","[[0, 0], [0, -1]]","[0, 0, 0, 1, 0, 0, 0, 0, 0, 0, 0, 0, 0, 0, 0, 0]",EXACT_DERIVED
560,"[[-1, 0], [0, 1]]","[[-1, -1], [-1, -1]]","[1, 1, 1, 1, 0, 0, 0, 0, 0, 0, 0, 0, -1, -1, -1, -1]",EXACT_DERIVED
561,"[[-1, 0], [0, 1]]","[[-1, -1], [-1, 0]]","[1, 1, 1, 0, 0, 0, 0, 0, 0, 0, 0, 0, -1, -1, -1, 0]",EXACT_DERIVED
562,"[[-1, 0], [0, 1]]","[[-1, -1], [-1, 1]]","[1, 1, 1, -1, 0, 0, 0, 0, 0, 0, 0, 0, -1, -1, -1, 1]",EXACT_DERIVED
563,"[[-1, 0], [0, 1]]","[[-1, -1], [0, -1]]","[1, 1, 0, 1, 0, 0, 0, 0, 0, 0, 0, 0, -1, -1, 0, -1]",EXACT_DERIVED
564,"[[-1, 0], [0, 1]]","[[-1, -1], [0, 0]]","[1, 1, 0, 0, 0, 0, 0, 0, 0, 0, 0, 0, -1, -1, 0, 0]",EXACT_DERIVED
565,"[[-1, 0], [0, 1]]","[[-1, -1], [0, 1]]","[1, 1, 0, -1, 0, 0, 0, 0, 0, 0, 0, 0, -1, -1, 0, 1]",EXACT_DERIVED
566,"[[-1, 0], [0, 1]]","[[-1, -1], [1, -1]]","[1, 1, -1, 1, 0, 0, 0, 0, 0, 0, 0, 0, -1, -1, 1, -1]",EXACT_DERIVED
567,"[[-1, 0], [0, 1]]","[[-1, -1], [1, 0]]","[1, 1, -1, 0, 0, 0, 0, 0, 0, 0, 0, 0, -1, -1, 1, 0]",EXACT_DERIVED
568,"[[-1, 0], [0, 1]]","[[-1, -1], [1, 1]]","[1, 1, -1, -1, 0, 0, 0, 0, 0, 0, 0, 0, -1, -1, 1, 1]",EXACT_DERIVED
569,"[[-1, 0], [0, 1]]","[[-1, 0], [-1, -1]]","[1, 0, 1, 1, 0, 0, 0, 0, 0, 0, 0, 0, -1, 0, -1, -1]",EXACT_DERIVED
570,"[[-1, 0], [0, 1]]","[[-1, 0], [-1, 0]]","[1, 0, 1, 0, 0, 0, 0, 0, 0, 0, 0, 0, -1, 0, -1, 0]",EXACT_DERIVED
571,"[[-1, 0], [0, 1]]","[[-1, 0], [-1, 1]]","[1, 0, 1, -1, 0, 0, 0, 0, 0, 0, 0, 0, -1, 0, -1, 1]",EXACT_DERIVED
572,"[[-1, 0], [0, 1]]","[[-1, 0], [0, -1]]","[1, 0, 0, 1, 0, 0, 0, 0, 0, 0, 0, 0, -1, 0, 0, -1]",EXACT_DERIVED
573,"[[-1, 0], [0, 1]]","[[-1, 0], [0, 0]]","[1, 0, 0, 0, 0, 0, 0, 0, 0, 0, 0, 0, -1, 0, 0, 0]",EXACT_DERIVED
574,"[[-1, 0], [0, 1]]","[[-1, 0], [0, 1]]","[1, 0, 0, -1, 0, 0, 0, 0, 0, 0, 0, 0, -1, 0, 0, 1]",EXACT_DERIVED
575,"[[-1, 0], [0, 1]]","[[-1, 0], [1, -1]]","[1, 0, -1, 1, 0, 0, 0, 0, 0, 0, 0, 0, -1, 0, 1, -1]",EXACT_DERIVED
576,"[[-1, 0], [0, 1]]","[[-1, 0], [1, 0]]","[1, 0, -1, 0, 0, 0, 0, 0, 0, 0, 0, 0, -1, 0, 1, 0]",EXACT_DERIVED
577,"[[-1, 0], [0, 1]]","[[-1, 0], [1, 1]]","[1, 0, -1, -1, 0, 0, 0, 0, 0, 0, 0, 0, -1, 0, 1, 1]",EXACT_DERIVED
578,"[[-1, 0], [0, 1]]","[[-1, 1], [-1, -1]]","[1, -1, 1, 1, 0, 0, 0, 0, 0, 0, 0, 0, -1, 1, -1, -1]",EXACT_DERIVED
579,"[[-1, 0], [0, 1]]","[[-1, 1], [-1, 0]]","[1, -1, 1, 0, 0, 0, 0, 0, 0, 0, 0, 0, -1, 1, -1, 0]",EXACT_DERIVED
580,"[[-1, 0], [0, 1]]","[[-1, 1], [-1, 1]]","[1, -1, 1, -1, 0, 0, 0, 0, 0, 0, 0, 0, -1, 1, -1, 1]",EXACT_DERIVED
581,"[[-1, 0], [0, 1]]","[[-1, 1], [0, -1]]","[1, -1, 0, 1, 0, 0, 0, 0, 0, 0, 0, 0, -1, 1, 0, -1]",EXACT_DERIVED
582,"[[-1, 0], [0, 1]]","[[-1, 1], [0, 0]]","[1, -1, 0, 0, 0, 0, 0, 0, 0, 0, 0, 0, -1, 1, 0, 0]",EXACT_DERIVED
583,"[[-1, 0], [0, 1]]","[[-1, 1], [0, 1]]","[1, -1, 0, -1, 0, 0, 0, 0, 0, 0, 0, 0, -1, 1, 0, 1]",EXACT_DERIVED
584,"[[-1, 0], [0, 1]]","[[-1, 1], [1, -1]]","[1, -1, -1, 1, 0, 0, 0, 0, 0, 0, 0, 0, -1, 1, 1, -1]",EXACT_DERIVED
585,"[[-1, 0], [0, 1]]","[[-1, 1], [1, 0]]","[1, -1, -1, 0, 0, 0, 0, 0, 0, 0, 0, 0, -1, 1, 1, 0]",EXACT_DERIVED
586,"[[-1, 0], [0, 1]]","[[-1, 1], [1, 1]]","[1, -1, -1, -1, 0, 0, 0, 0, 0, 0, 0, 0, -1, 1, 1, 1]",EXACT_DERIVED
587,"[[-1, 0], [0, 1]]","[[0, -1], [-1, -1]]","[0, 1, 1, 1, 0, 0, 0, 0, 0, 0, 0, 0, 0, -1, -1, -1]",EXACT_DERIVED
588,"[[-1, 0], [0, 1]]","[[0, -1], [-1, 0]]","[0, 1, 1, 0, 0, 0, 0, 0, 0, 0, 0, 0, 0, -1, -1, 0]",EXACT_DERIVED
589,"[[-1, 0], [0, 1]]","[[0, -1], [-1, 1]]","[0, 1, 1, -1, 0, 0, 0, 0, 0, 0, 0, 0, 0, -1, -1, 1]",EXACT_DERIVED
590,"[[-1, 0], [0, 1]]","[[0, -1], [0, -1]]","[0, 1, 0, 1, 0, 0, 0, 0, 0, 0, 0, 0, 0, -1, 0, -1]",EXACT_DERIVED
591,"[[-1, 0], [0, 1]]","[[0, -1], [0, 0]]","[0, 1, 0, 0, 0, 0, 0, 0, 0, 0, 0, 0, 0, -1, 0, 0]",EXACT_DERIVED
592,"[[-1, 0], [0, 1]]","[[0, -1], [0, 1]]","[0, 1, 0, -1, 0, 0, 0, 0, 0, 0, 0, 0, 0, -1, 0, 1]",EXACT_DERIVED
593,"[[-1, 0], [0, 1]]","[[0, -1], [1, -1]]","[0, 1, -1, 1, 0, 0, 0, 0, 0, 0, 0, 0, 0, -1, 1, -1]",EXACT_DERIVED
594,"[[-1, 0], [0, 1]]","[[0, -1], [1, 0]]","[0, 1, -1, 0, 0, 0, 0, 0, 0, 0, 0, 0, 0, -1, 1, 0]",EXACT_DERIVED
595,"[[-1, 0], [0, 1]]","[[0, -1], [1, 1]]","[0, 1, -1, -1, 0, 0, 0, 0, 0, 0, 0, 0, 0, -1, 1, 1]",EXACT_DERIVED
596,"[[-1, 0], [0, 1]]","[[0, 0], [-1, -1]]","[0, 0, 1, 1, 0, 0, 0, 0, 0, 0, 0, 0, 0, 0, -1, -1]",EXACT_DERIVED
597,"[[-1, 0], [0, 1]]","[[0, 0], [-1, 0]]","[0, 0, 1, 0, 0, 0, 0, 0, 0, 0, 0, 0, 0, 0, -1, 0]",EXACT_DERIVED
598,"[[-1, 0], [0, 1]]","[[0, 0], [-1, 1]]","[0, 0, 1, -1, 0, 0, 0, 0, 0, 0, 0, 0, 0, 0, -1, 1]",EXACT_DERIVED
599,"[[-1, 0], [0, 1]]","[[0, 0], [0, -1]]","[0, 0, 0, 1, 0, 0, 0, 0, 0, 0, 0, 0, 0, 0, 0, -1]",EXACT_DERIVED
600,"[[-1, 0], [1, -1]]","[[-1, -1], [-1, -1]]","[1, 1, 1, 1, 0, 0, 0, 0, -1, -1, -1, -1, 1, 1, 1, 1]",EXACT_DERIVED
601,"[[-1, 0], [1, -1]]","[[-1, -1], [-1, 0]]","[1, 1, 1, 0, 0, 0, 0, 0, -1, -1, -1, 0, 1, 1, 1, 0]",EXACT_DERIVED
602,"[[-1, 0], [1, -1]]","[[-1, -1], [-1, 1]]","[1, 1, 1, -1, 0, 0, 0, 0, -1, -1, -1, 1, 1, 1, 1, -1]",EXACT_DERIVED
603,"[[-1, 0], [1, -1]]","[[-1, -1], [0, -1]]","[1, 1, 0, 1, 0, 0, 0, 0, -1, -1, 0, -1, 1, 1, 0, 1]",EXACT_DERIVED
604,"[[-1, 0], [1, -1]]","[[-1, -1], [0, 0]]","[1, 1, 0, 0, 0, 0, 0, 0, -1, -1, 0, 0, 1, 1, 0, 0]",EXACT_DERIVED
605,"[[-1, 0], [1, -1]]","[[-1, -1], [0, 1]]","[1, 1, 0, -1, 0, 0, 0, 0, -1, -1, 0, 1, 1, 1, 0, -1]",EXACT_DERIVED
606,"[[-1, 0], [1, -1]]","[[-1, -1], [1, -1]]","[1, 1, -1, 1, 0, 0, 0, 0, -1, -1, 1, -1, 1, 1, -1, 1]",EXACT_DERIVED
607,"[[-1, 0], [1, -1]]","[[-1, -1], [1, 0]]","[1, 1, -1, 0, 0, 0, 0, 0, -1, -1, 1, 0, 1, 1, -1, 0]",EXACT_DERIVED
608,"[[-1, 0], [1, -1]]","[[-1, -1], [1, 1]]","[1, 1, -1, -1, 0, 0, 0, 0, -1, -1, 1, 1, 1, 1, -1, -1]",EXACT_DERIVED
609,"[[-1, 0], [1, -1]]","[[-1, 0], [-1, -1]]","[1, 0, 1, 1, 0, 0, 0, 0, -1, 0, -1, -1, 1, 0, 1, 1]",EXACT_DERIVED
610,"[[-1, 0], [1, -1]]","[[-1, 0], [-1, 0]]","[1, 0, 1, 0, 0, 0, 0, 0, -1, 0, -1, 0, 1, 0, 1, 0]",EXACT_DERIVED
611,"[[-1, 0], [1, -1]]","[[-1, 0], [-1, 1]]","[1, 0, 1, -1, 0, 0, 0, 0, -1, 0, -1, 1, 1, 0, 1, -1]",EXACT_DERIVED
612,"[[-1, 0], [1, -1]]","[[-1, 0], [0, -1]]","[1, 0, 0, 1, 0, 0, 0, 0, -1, 0, 0, -1, 1, 0, 0, 1]",EXACT_DERIVED
613,"[[-1, 0], [1, -1]]","[[-1, 0], [0, 0]]","[1, 0, 0, 0, 0, 0, 0, 0, -1, 0, 0, 0, 1, 0, 0, 0]",EXACT_DERIVED
614,"[[-1, 0], [1, -1]]","[[-1, 0], [0, 1]]","[1, 0, 0, -1, 0, 0, 0, 0, -1, 0, 0, 1, 1, 0, 0, -1]",EXACT_DERIVED
615,"[[-1, 0], [1, -1]]","[[-1, 0], [1, -1]]","[1, 0, -1, 1, 0, 0, 0, 0, -1, 0, 1, -1, 1, 0, -1, 1]",EXACT_DERIVED
616,"[[-1, 0], [1, -1]]","[[-1, 0], [1, 0]]","[1, 0, -1, 0, 0, 0, 0, 0, -1, 0, 1, 0, 1, 0, -1, 0]",EXACT_DERIVED
617,"[[-1, 0], [1, -1]]","[[-1, 0], [1, 1]]","[1, 0, -1, -1, 0, 0, 0, 0, -1, 0, 1, 1, 1, 0, -1, -1]",EXACT_DERIVED
618,"[[-1, 0], [1, -1]]","[[-1, 1], [-1, -1]]","[1, -1, 1, 1, 0, 0, 0, 0, -1, 1, -1, -1, 1, -1, 1, 1]",EXACT_DERIVED
619,"[[-1, 0], [1, -1]]","[[-1, 1], [-1, 0]]","[1, -1, 1, 0, 0, 0, 0, 0, -1, 1, -1, 0, 1, -1, 1, 0]",EXACT_DERIVED
620,"[[-1, 0], [1, -1]]","[[-1, 1], [-1, 1]]","[1, -1, 1, -1, 0, 0, 0, 0, -1, 1, -1, 1, 1, -1, 1, -1]",EXACT_DERIVED
621,"[[-1, 0], [1, -1]]","[[-1, 1], [0, -1]]","[1, -1, 0, 1, 0, 0, 0, 0, -1, 1, 0, -1, 1, -1, 0, 1]",EXACT_DERIVED
622,"[[-1, 0], [1, -1]]","[[-1, 1], [0, 0]]","[1, -1, 0, 0, 0, 0, 0, 0, -1, 1, 0, 0, 1, -1, 0, 0]",EXACT_DERIVED
623,"[[-1, 0], [1, -1]]","[[-1, 1], [0, 1]]","[1, -1, 0, -1, 0, 0, 0, 0, -1, 1, 0, 1, 1, -1, 0, -1]",EXACT_DERIVED
624,"[[-1, 0], [1, -1]]","[[-1, 1], [1, -1]]","[1, -1, -1, 1, 0, 0, 0, 0, -1, 1, 1, -1, 1, -1, -1, 1]",EXACT_DERIVED
625,"[[-1, 0], [1, -1]]","[[-1, 1], [1, 0]]","[1, -1, -1, 0, 0, 0, 0, 0, -1, 1, 1, 0, 1, -1, -1, 0]",EXACT_DERIVED
626,"[[-1, 0], [1, -1]]","[[-1, 1], [1, 1]]","[1, -1, -1, -1, 0, 0, 0, 0, -1, 1, 1, 1, 1, -1, -1, -1]",EXACT_DERIVED
627,"[[-1, 0], [1, -1]]","[[0, -1], [-1, -1]]","[0, 1, 1, 1, 0, 0, 0, 0, 0, -1, -1, -1, 0, 1, 1, 1]",EXACT_DERIVED
628,"[[-1, 0], [1, -1]]","[[0, -1], [-1, 0]]","[0, 1, 1, 0, 0, 0, 0, 0, 0, -1, -1, 0, 0, 1, 1, 0]",EXACT_DERIVED
629,"[[-1, 0], [1, -1]]","[[0, -1], [-1, 1]]","[0, 1, 1, -1, 0, 0, 0, 0, 0, -1, -1, 1, 0, 1, 1, -1]",EXACT_DERIVED
630,"[[-1, 0], [1, -1]]","[[0, -1], [0, -1]]","[0, 1, 0, 1, 0, 0, 0, 0, 0, -1, 0, -1, 0, 1, 0, 1]",EXACT_DERIVED
631,"[[-1, 0], [1, -1]]","[[0, -1], [0, 0]]","[0, 1, 0, 0, 0, 0, 0, 0, 0, -1, 0, 0, 0, 1, 0, 0]",EXACT_DERIVED
632,"[[-1, 0], [1, -1]]","[[0, -1], [0, 1]]","[0, 1, 0, -1, 0, 0, 0, 0, 0, -1, 0, 1, 0, 1, 0, -1]",EXACT_DERIVED
633,"[[-1, 0], [1, -1]]","[[0, -1], [1, -1]]","[0, 1, -1, 1, 0, 0, 0, 0, 0, -1, 1, -1, 0, 1, -1, 1]",EXACT_DERIVED
634,"[[-1, 0], [1, -1]]","[[0, -1], [1, 0]]","[0, 1, -1, 0, 0, 0, 0, 0, 0, -1, 1, 0, 0, 1, -1, 0]",EXACT_DERIVED
635,"[[-1, 0], [1, -1]]","[[0, -1], [1, 1]]","[0, 1, -1, -1, 0, 0, 0, 0, 0, -1, 1, 1, 0, 1, -1, -1]",EXACT_DERIVED
636,"[[-1, 0], [1, -1]]","[[0, 0], [-1, -1]]","[0, 0, 1, 1, 0, 0, 0, 0, 0, 0, -1, -1, 0, 0, 1, 1]",EXACT_DERIVED
637,"[[-1, 0], [1, -1]]","[[0, 0], [-1, 0]]","[0, 0, 1, 0, 0, 0, 0, 0, 0, 0, -1, 0, 0, 0, 1, 0]",EXACT_DERIVED
638,"[[-1, 0], [1, -1]]","[[0, 0], [-1, 1]]","[0, 0, 1, -1, 0, 0, 0, 0, 0, 0, -1, 1, 0, 0, 1, -1]",EXACT_DERIVED
639,"[[-1, 0], [1, -1]]","[[0, 0], [0, -1]]","[0, 0, 0, 1, 0, 0, 0, 0, 0, 0, 0, -1, 0, 0, 0, 1]",EXACT_DERIVED
640,"[[-1, 0], [1, 0]]","[[-1, -1], [-1, -1]]","[1, 1, 1, 1, 0, 0, 0, 0, -1, -1, -1, -1, 0, 0, 0, 0]",EXACT_DERIVED
641,"[[-1, 0], [1, 0]]","[[-1, -1], [-1, 0]]","[1, 1, 1, 0, 0, 0, 0, 0, -1, -1, -1, 0, 0, 0, 0, 0]",EXACT_DERIVED
642,"[[-1, 0], [1, 0]]","[[-1, -1], [-1, 1]]","[1, 1, 1, -1, 0, 0, 0, 0, -1, -1, -1, 1, 0, 0, 0, 0]",EXACT_DERIVED
643,"[[-1, 0], [1, 0]]","[[-1, -1], [0, -1]]","[1, 1, 0, 1, 0, 0, 0, 0, -1, -1, 0, -1, 0, 0, 0, 0]",EXACT_DERIVED
644,"[[-1, 0], [1, 0]]","[[-1, -1], [0, 0]]","[1, 1, 0, 0, 0, 0, 0, 0, -1, -1, 0, 0, 0, 0, 0, 0]",EXACT_DERIVED
645,"[[-1, 0], [1, 0]]","[[-1, -1], [0, 1]]","[1, 1, 0, -1, 0, 0, 0, 0, -1, -1, 0, 1, 0, 0, 0, 0]",EXACT_DERIVED
646,"[[-1, 0], [1, 0]]","[[-1, -1], [1, -1]]","[1, 1, -1, 1, 0, 0, 0, 0, -1, -1, 1, -1, 0, 0, 0, 0]",EXACT_DERIVED
647,"[[-1, 0], [1, 0]]","[[-1, -1], [1, 0]]","[1, 1, -1, 0, 0, 0, 0, 0, -1, -1, 1, 0, 0, 0, 0, 0]",EXACT_DERIVED
648,"[[-1, 0], [1, 0]]","[[-1, -1], [1, 1]]","[1, 1, -1, -1, 0, 0, 0, 0, -1, -1, 1, 1, 0, 0, 0, 0]",EXACT_DERIVED
649,"[[-1, 0], [1, 0]]","[[-1, 0], [-1, -1]]","[1, 0, 1, 1, 0, 0, 0, 0, -1, 0, -1, -1, 0, 0, 0, 0]",EXACT_DERIVED
650,"[[-1, 0], [1, 0]]","[[-1, 0], [-1, 0]]","[1, 0, 1, 0, 0, 0, 0, 0, -1, 0, -1, 0, 0, 0, 0, 0]",EXACT_DERIVED
651,"[[-1, 0], [1, 0]]","[[-1, 0], [-1, 1]]","[1, 0, 1, -1, 0, 0, 0, 0, -1, 0, -1, 1, 0, 0, 0, 0]",EXACT_DERIVED
652,"[[-1, 0], [1, 0]]","[[-1, 0], [0, -1]]","[1, 0, 0, 1, 0, 0, 0, 0, -1, 0, 0, -1, 0, 0, 0, 0]",EXACT_DERIVED
653,"[[-1, 0], [1, 0]]","[[-1, 0], [0, 0]]","[1, 0, 0, 0, 0, 0, 0, 0, -1, 0, 0, 0, 0, 0, 0, 0]",EXACT_DERIVED
654,"[[-1, 0], [1, 0]]","[[-1, 0], [0, 1]]","[1, 0, 0, -1, 0, 0, 0, 0, -1, 0, 0, 1, 0, 0, 0, 0]",EXACT_DERIVED
655,"[[-1, 0], [1, 0]]","[[-1, 0], [1, -1]]","[1, 0, -1, 1, 0, 0, 0, 0, -1, 0, 1, -1, 0, 0, 0, 0]",EXACT_DERIVED
656,"[[-1, 0], [1, 0]]","[[-1, 0], [1, 0]]","[1, 0, -1, 0, 0, 0, 0, 0, -1, 0, 1, 0, 0, 0, 0, 0]",EXACT_DERIVED
657,"[[-1, 0], [1, 0]]","[[-1, 0], [1, 1]]","[1, 0, -1, -1, 0, 0, 0, 0, -1, 0, 1, 1, 0, 0, 0, 0]",EXACT_DERIVED
658,"[[-1, 0], [1, 0]]","[[-1, 1], [-1, -1]]","[1, -1, 1, 1, 0, 0, 0, 0, -1, 1, -1, -1, 0, 0, 0, 0]",EXACT_DERIVED
659,"[[-1, 0], [1, 0]]","[[-1, 1], [-1, 0]]","[1, -1, 1, 0, 0, 0, 0, 0, -1, 1, -1, 0, 0, 0, 0, 0]",EXACT_DERIVED
660,"[[-1, 0], [1, 0]]","[[-1, 1], [-1, 1]]","[1, -1, 1, -1, 0, 0, 0, 0, -1, 1, -1, 1, 0, 0, 0, 0]",EXACT_DERIVED
661,"[[-1, 0], [1, 0]]","[[-1, 1], [0, -1]]","[1, -1, 0, 1, 0, 0, 0, 0, -1, 1, 0, -1, 0, 0, 0, 0]",EXACT_DERIVED
662,"[[-1, 0], [1, 0]]","[[-1, 1], [0, 0]]","[1, -1, 0, 0, 0, 0, 0, 0, -1, 1, 0, 0, 0, 0, 0, 0]",EXACT_DERIVED
663,"[[-1, 0], [1, 0]]","[[-1, 1], [0, 1]]","[1, -1, 0, -1, 0, 0, 0, 0, -1, 1, 0, 1, 0, 0, 0, 0]",EXACT_DERIVED
664,"[[-1, 0], [1, 0]]","[[-1, 1], [1, -1]]","[1, -1, -1, 1, 0, 0, 0, 0, -1, 1, 1, -1, 0, 0, 0, 0]",EXACT_DERIVED
665,"[[-1, 0], [1, 0]]","[[-1, 1], [1, 0]]","[1, -1, -1, 0, 0, 0, 0, 0, -1, 1, 1, 0, 0, 0, 0, 0]",EXACT_DERIVED
666,"[[-1, 0], [1, 0]]","[[-1, 1], [1, 1]]","[1, -1, -1, -1, 0, 0, 0, 0, -1, 1, 1, 1, 0, 0, 0, 0]",EXACT_DERIVED
667,"[[-1, 0], [1, 0]]","[[0, -1], [-1, -1]]","[0, 1, 1, 1, 0, 0, 0, 0, 0, -1, -1, -1, 0, 0, 0, 0]",EXACT_DERIVED
668,"[[-1, 0], [1, 0]]","[[0, -1], [-1, 0]]","[0, 1, 1, 0, 0, 0, 0, 0, 0, -1, -1, 0, 0, 0, 0, 0]",EXACT_DERIVED
669,"[[-1, 0], [1, 0]]","[[0, -1], [-1, 1]]","[0, 1, 1, -1, 0, 0, 0, 0, 0, -1, -1, 1, 0, 0, 0, 0]",EXACT_DERIVED
670,"[[-1, 0], [1, 0]]","[[0, -1], [0, -1]]","[0, 1, 0, 1, 0, 0, 0, 0, 0, -1, 0, -1, 0, 0, 0, 0]",EXACT_DERIVED
671,"[[-1, 0], [1, 0]]","[[0, -1], [0, 0]]","[0, 1, 0, 0, 0, 0, 0, 0, 0, -1, 0, 0, 0, 0, 0, 0]",EXACT_DERIVED
672,"[[-1, 0], [1, 0]]","[[0, -1], [0, 1]]","[0, 1, 0, -1, 0, 0, 0, 0, 0, -1, 0, 1, 0, 0, 0, 0]",EXACT_DERIVED
673,"[[-1, 0], [1, 0]]","[[0, -1], [1, -1]]","[0, 1, -1, 1, 0, 0, 0, 0, 0, -1, 1, -1, 0, 0, 0, 0]",EXACT_DERIVED
674,"[[-1, 0], [1, 0]]","[[0, -1], [1, 0]]","[0, 1, -1, 0, 0, 0, 0, 0, 0, -1, 1, 0, 0, 0, 0, 0]",EXACT_DERIVED
675,"[[-1, 0], [1, 0]]","[[0, -1], [1, 1]]","[0, 1, -1, -1, 0, 0, 0, 0, 0, -1, 1, 1, 0, 0, 0, 0]",EXACT_DERIVED
676,"[[-1, 0], [1, 0]]","[[0, 0], [-1, -1]]","[0, 0, 1, 1, 0, 0, 0, 0, 0, 0, -1, -1, 0, 0, 0, 0]",EXACT_DERIVED
677,"[[-1, 0], [1, 0]]","[[0, 0], [-1, 0]]","[0, 0, 1, 0, 0, 0, 0, 0, 0, 0, -1, 0, 0, 0, 0, 0]",EXACT_DERIVED
678,"[[-1, 0], [1, 0]]","[[0, 0], [-1, 1]]","[0, 0, 1, -1, 0, 0, 0, 0, 0, 0, -1, 1, 0, 0, 0, 0]",EXACT_DERIVED
679,"[[-1, 0], [1, 0]]","[[0, 0], [0, -1]]","[0, 0, 0, 1, 0, 0, 0, 0, 0, 0, 0, -1, 0, 0, 0, 0]",EXACT_DERIVED
680,"[[-1, 0], [1, 1]]","[[-1, -1], [-1, -1]]","[1, 1, 1, 1, 0, 0, 0, 0, -1, -1, -1, -1, -1, -1, -1, -1]",EXACT_DERIVED
681,"[[-1, 0], [1, 1]]","[[-1, -1], [-1, 0]]","[1, 1, 1, 0, 0, 0, 0, 0, -1, -1, -1, 0, -1, -1, -1, 0]",EXACT_DERIVED
682,"[[-1, 0], [1, 1]]","[[-1, -1], [-1, 1]]","[1, 1, 1, -1, 0, 0, 0, 0, -1, -1, -1, 1, -1, -1, -1, 1]",EXACT_DERIVED
683,"[[-1, 0], [1, 1]]","[[-1, -1], [0, -1]]","[1, 1, 0, 1, 0, 0, 0, 0, -1, -1, 0, -1, -1, -1, 0, -1]",EXACT_DERIVED
684,"[[-1, 0], [1, 1]]","[[-1, -1], [0, 0]]","[1, 1, 0, 0, 0, 0, 0, 0, -1, -1, 0, 0, -1, -1, 0, 0]",EXACT_DERIVED
685,"[[-1, 0], [1, 1]]","[[-1, -1], [0, 1]]","[1, 1, 0, -1, 0, 0, 0, 0, -1, -1, 0, 1, -1, -1, 0, 1]",EXACT_DERIVED
686,"[[-1, 0], [1, 1]]","[[-1, -1], [1, -1]]","[1, 1, -1, 1, 0, 0, 0, 0, -1, -1, 1, -1, -1, -1, 1, -1]",EXACT_DERIVED
687,"[[-1, 0], [1, 1]]","[[-1, -1], [1, 0]]","[1, 1, -1, 0, 0, 0, 0, 0, -1, -1, 1, 0, -1, -1, 1, 0]",EXACT_DERIVED
688,"[[-1, 0], [1, 1]]","[[-1, -1], [1, 1]]","[1, 1, -1, -1, 0, 0, 0, 0, -1, -1, 1, 1, -1, -1, 1, 1]",EXACT_DERIVED
689,"[[-1, 0], [1, 1]]","[[-1, 0], [-1, -1]]","[1, 0, 1, 1, 0, 0, 0, 0, -1, 0, -1, -1, -1, 0, -1, -1]",EXACT_DERIVED
690,"[[-1, 0], [1, 1]]","[[-1, 0], [-1, 0]]","[1, 0, 1, 0, 0, 0, 0, 0, -1, 0, -1, 0, -1, 0, -1, 0]",EXACT_DERIVED
691,"[[-1, 0], [1, 1]]","[[-1, 0], [-1, 1]]","[1, 0, 1, -1, 0, 0, 0, 0, -1, 0, -1, 1, -1, 0, -1, 1]",EXACT_DERIVED
692,"[[-1, 0], [1, 1]]","[[-1, 0], [0, -1]]","[1, 0, 0, 1, 0, 0, 0, 0, -1, 0, 0, -1, -1, 0, 0, -1]",EXACT_DERIVED
693,"[[-1, 0], [1, 1]]","[[-1, 0], [0, 0]]","[1, 0, 0, 0, 0, 0, 0, 0, -1, 0, 0, 0, -1, 0, 0, 0]",EXACT_DERIVED
694,"[[-1, 0], [1, 1]]","[[-1, 0], [0, 1]]","[1, 0, 0, -1, 0, 0, 0, 0, -1, 0, 0, 1, -1, 0, 0, 1]",EXACT_DERIVED
695,"[[-1, 0], [1, 1]]","[[-1, 0], [1, -1]]","[1, 0, -1, 1, 0, 0, 0, 0, -1, 0, 1, -1, -1, 0, 1, -1]",EXACT_DERIVED
696,"[[-1, 0], [1, 1]]","[[-1, 0], [1, 0]]","[1, 0, -1, 0, 0, 0, 0, 0, -1, 0, 1, 0, -1, 0, 1, 0]",EXACT_DERIVED
697,"[[-1, 0], [1, 1]]","[[-1, 0], [1, 1]]","[1, 0, -1, -1, 0, 0, 0, 0, -1, 0, 1, 1, -1, 0, 1, 1]",EXACT_DERIVED
698,"[[-1, 0], [1, 1]]","[[-1, 1], [-1, -1]]","[1, -1, 1, 1, 0, 0, 0, 0, -1, 1, -1, -1, -1, 1, -1, -1]",EXACT_DERIVED
699,"[[-1, 0], [1, 1]]","[[-1, 1], [-1, 0]]","[1, -1, 1, 0, 0, 0, 0, 0, -1, 1, -1, 0, -1, 1, -1, 0]",EXACT_DERIVED
700,"[[-1, 0], [1, 1]]","[[-1, 1], [-1, 1]]","[1, -1, 1, -1, 0, 0, 0, 0, -1, 1, -1, 1, -1, 1, -1, 1]",EXACT_DERIVED
701,"[[-1, 0], [1, 1]]","[[-1, 1], [0, -1]]","[1, -1, 0, 1, 0, 0, 0, 0, -1, 1, 0, -1, -1, 1, 0, -1]",EXACT_DERIVED
702,"[[-1, 0], [1, 1]]","[[-1, 1], [0, 0]]","[1, -1, 0, 0, 0, 0, 0, 0, -1, 1, 0, 0, -1, 1, 0, 0]",EXACT_DERIVED
703,"[[-1, 0], [1, 1]]","[[-1, 1], [0, 1]]","[1, -1, 0, -1, 0, 0, 0, 0, -1, 1, 0, 1, -1, 1, 0, 1]",EXACT_DERIVED
704,"[[-1, 0], [1, 1]]","[[-1, 1], [1, -1]]","[1, -1, -1, 1, 0, 0, 0, 0, -1, 1, 1, -1, -1, 1, 1, -1]",EXACT_DERIVED
705,"[[-1, 0], [1, 1]]","[[-1, 1], [1, 0]]","[1, -1, -1, 0, 0, 0, 0, 0, -1, 1, 1, 0, -1, 1, 1, 0]",EXACT_DERIVED
706,"[[-1, 0], [1, 1]]","[[-1, 1], [1, 1]]","[1, -1, -1, -1, 0, 0, 0, 0, -1, 1, 1, 1, -1, 1, 1, 1]",EXACT_DERIVED
707,"[[-1, 0], [1, 1]]","[[0, -1], [-1, -1]]","[0, 1, 1, 1, 0, 0, 0, 0, 0, -1, -1, -1, 0, -1, -1, -1]",EXACT_DERIVED
708,"[[-1, 0], [1, 1]]","[[0, -1], [-1, 0]]","[0, 1, 1, 0, 0, 0, 0, 0, 0, -1, -1, 0, 0, -1, -1, 0]",EXACT_DERIVED
709,"[[-1, 0], [1, 1]]","[[0, -1], [-1, 1]]","[0, 1, 1, -1, 0, 0, 0, 0, 0, -1, -1, 1, 0, -1, -1, 1]",EXACT_DERIVED
710,"[[-1, 0], [1, 1]]","[[0, -1], [0, -1]]","[0, 1, 0, 1, 0, 0, 0, 0, 0, -1, 0, -1, 0, -1, 0, -1]",EXACT_DERIVED
711,"[[-1, 0], [1, 1]]","[[0, -1], [0, 0]]","[0, 1, 0, 0, 0, 0, 0, 0, 0, -1, 0, 0, 0, -1, 0, 0]",EXACT_DERIVED
712,"[[-1, 0], [1, 1]]","[[0, -1], [0, 1]]","[0, 1, 0, -1, 0, 0, 0, 0, 0, -1, 0, 1, 0, -1, 0, 1]",EXACT_DERIVED
713,"[[-1, 0], [1, 1]]","[[0, -1], [1, -1]]","[0, 1, -1, 1, 0, 0, 0, 0, 0, -1, 1, -1, 0, -1, 1, -1]",EXACT_DERIVED
714,"[[-1, 0], [1, 1]]","[[0, -1], [1, 0]]","[0, 1, -1, 0, 0, 0, 0, 0, 0, -1, 1, 0, 0, -1, 1, 0]",EXACT_DERIVED
715,"[[-1, 0], [1, 1]]","[[0, -1], [1, 1]]","[0, 1, -1, -1, 0, 0, 0, 0, 0, -1, 1, 1, 0, -1, 1, 1]",EXACT_DERIVED
716,"[[-1, 0], [1, 1]]","[[0, 0], [-1, -1]]","[0, 0, 1, 1, 0, 0, 0, 0, 0, 0, -1, -1, 0, 0, -1, -1]",EXACT_DERIVED
717,"[[-1, 0], [1, 1]]","[[0, 0], [-1, 0]]","[0, 0, 1, 0, 0, 0, 0, 0, 0, 0, -1, 0, 0, 0, -1, 0]",EXACT_DERIVED
718,"[[-1, 0], [1, 1]]","[[0, 0], [-1, 1]]","[0, 0, 1, -1, 0, 0, 0, 0, 0, 0, -1, 1, 0, 0, -1, 1]",EXACT_DERIVED
719,"[[-1, 0], [1, 1]]","[[0, 0], [0, -1]]","[0, 0, 0, 1, 0, 0, 0, 0, 0, 0, 0, -1, 0, 0, 0, -1]",EXACT_DERIVED
720,"[[-1, 1], [-1, -1]]","[[-1, -1], [-1, -1]]","[1, 1, 1, 1, -1, -1, -1, -1, 1, 1, 1, 1, 1, 1, 1, 1]",EXACT_DERIVED
721,"[[-1, 1], [-1, -1]]","[[-1, -1], [-1, 0]]","[1, 1, 1, 0, -1, -1, -1, 0, 1, 1, 1, 0, 1, 1, 1, 0]",EXACT_DERIVED
722,"[[-1, 1], [-1, -1]]","[[-1, -1], [-1, 1]]","[1, 1, 1, -1, -1, -1, -1, 1, 1, 1, 1, -1, 1, 1, 1, -1]",EXACT_DERIVED
723,"[[-1, 1], [-1, -1]]","[[-1, -1], [0, -1]]","[1, 1, 0, 1, -1, -1, 0, -1, 1, 1, 0, 1, 1, 1, 0, 1]",EXACT_DERIVED
724,"[[-1, 1], [-1, -1]]","[[-1, -1], [0, 0]]","[1, 1, 0, 0, -1, -1, 0, 0, 1, 1, 0, 0, 1, 1, 0, 0]",EXACT_DERIVED
725,"[[-1, 1], [-1, -1]]","[[-1, -1], [0, 1]]","[1, 1, 0, -1, -1, -1, 0, 1, 1, 1, 0, -1, 1, 1, 0, -1]",EXACT_DERIVED
726,"[[-1, 1], [-1, -1]]","[[-1, -1], [1, -1]]","[1, 1, -1, 1, -1, -1, 1, -1, 1, 1, -1, 1, 1, 1, -1, 1]",EXACT_DERIVED
727,"[[-1, 1], [-1, -1]]","[[-1, -1], [1, 0]]","[1, 1, -1, 0, -1, -1, 1, 0, 1, 1, -1, 0, 1, 1, -1, 0]",EXACT_DERIVED
728,"[[-1, 1], [-1, -1]]","[[-1, -1], [1, 1]]","[1, 1, -1, -1, -1, -1, 1, 1, 1, 1, -1, -1, 1, 1, -1, -1]",EXACT_DERIVED
729,"[[-1, 1], [-1, -1]]","[[-1, 0], [-1, -1]]","[1, 0, 1, 1, -1, 0, -1, -1, 1, 0, 1, 1, 1, 0, 1, 1]",EXACT_DERIVED
730,"[[-1, 1], [-1, -1]]","[[-1, 0], [-1, 0]]","[1, 0, 1, 0, -1, 0, -1, 0, 1, 0, 1, 0, 1, 0, 1, 0]",EXACT_DERIVED
731,"[[-1, 1], [-1, -1]]","[[-1, 0], [-1, 1]]","[1, 0, 1, -1, -1, 0, -1, 1, 1, 0, 1, -1, 1, 0, 1, -1]",EXACT_DERIVED
732,"[[-1, 1], [-1, -1]]","[[-1, 0], [0, -1]]","[1, 0, 0, 1, -1, 0, 0, -1, 1, 0, 0, 1, 1, 0, 0, 1]",EXACT_DERIVED
733,"[[-1, 1], [-1, -1]]","[[-1, 0], [0, 0]]","[1, 0, 0, 0, -1, 0, 0, 0, 1, 0, 0, 0, 1, 0, 0, 0]",EXACT_DERIVED
734,"[[-1, 1], [-1, -1]]","[[-1, 0], [0, 1]]","[1, 0, 0, -1, -1, 0, 0, 1, 1, 0, 0, -1, 1, 0, 0, -1]",EXACT_DERIVED
735,"[[-1, 1], [-1, -1]]","[[-1, 0], [1, -1]]","[1, 0, -1, 1, -1, 0, 1, -1, 1, 0, -1, 1, 1, 0, -1, 1]",EXACT_DERIVED
736,"[[-1, 1], [-1, -1]]","[[-1, 0], [1, 0]]","[1, 0, -1, 0, -1, 0, 1, 0, 1, 0, -1, 0, 1, 0, -1, 0]",EXACT_DERIVED
737,"[[-1, 1], [-1, -1]]","[[-1, 0], [1, 1]]","[1, 0, -1, -1, -1, 0, 1, 1, 1, 0, -1, -1, 1, 0, -1, -1]",EXACT_DERIVED
738,"[[-1, 1], [-1, -1]]","[[-1, 1], [-1, -1]]","[1, -1, 1, 1, -1, 1, -1, -1, 1, -1, 1, 1, 1, -1, 1, 1]",EXACT_DERIVED
739,"[[-1, 1], [-1, -1]]","[[-1, 1], [-1, 0]]","[1, -1, 1, 0, -1, 1, -1, 0, 1, -1, 1, 0, 1, -1, 1, 0]",EXACT_DERIVED
740,"[[-1, 1], [-1, -1]]","[[-1, 1], [-1, 1]]","[1, -1, 1, -1, -1, 1, -1, 1, 1, -1, 1, -1, 1, -1, 1, -1]",EXACT_DERIVED
741,"[[-1, 1], [-1, -1]]","[[-1, 1], [0, -1]]","[1, -1, 0, 1, -1, 1, 0, -1, 1, -1, 0, 1, 1, -1, 0, 1]",EXACT_DERIVED
742,"[[-1, 1], [-1, -1]]","[[-1, 1], [0, 0]]","[1, -1, 0, 0, -1, 1, 0, 0, 1, -1, 0, 0, 1, -1, 0, 0]",EXACT_DERIVED
743,"[[-1, 1], [-1, -1]]","[[-1, 1], [0, 1]]","[1, -1, 0, -1, -1, 1, 0, 1, 1, -1, 0, -1, 1, -1, 0, -1]",EXACT_DERIVED
744,"[[-1, 1], [-1, -1]]","[[-1, 1], [1, -1]]","[1, -1, -1, 1, -1, 1, 1, -1, 1, -1, -1, 1, 1, -1, -1, 1]",EXACT_DERIVED
745,"[[-1, 1], [-1, -1]]","[[-1, 1], [1, 0]]","[1, -1, -1, 0, -1, 1, 1, 0, 1, -1, -1, 0, 1, -1, -1, 0]",EXACT_DERIVED
746,"[[-1, 1], [-1, -1]]","[[-1, 1], [1, 1]]","[1, -1, -1, -1, -1, 1, 1, 1, 1, -1, -1, -1, 1, -1, -1, -1]",EXACT_DERIVED
747,"[[-1, 1], [-1, -1]]","[[0, -1], [-1, -1]]","[0, 1, 1, 1, 0, -1, -1, -1, 0, 1, 1, 1, 0, 1, 1, 1]",EXACT_DERIVED
748,"[[-1, 1], [-1, -1]]","[[0, -1], [-1, 0]]","[0, 1, 1, 0, 0, -1, -1, 0, 0, 1, 1, 0, 0, 1, 1, 0]",EXACT_DERIVED
749,"[[-1, 1], [-1, -1]]","[[0, -1], [-1, 1]]","[0, 1, 1, -1, 0, -1, -1, 1, 0, 1, 1, -1, 0, 1, 1, -1]",EXACT_DERIVED
750,"[[-1, 1], [-1, -1]]","[[0, -1], [0, -1]]","[0, 1, 0, 1, 0, -1, 0, -1, 0, 1, 0, 1, 0, 1, 0, 1]",EXACT_DERIVED
751,"[[-1, 1], [-1, -1]]","[[0, -1], [0, 0]]","[0, 1, 0, 0, 0, -1, 0, 0, 0, 1, 0, 0, 0, 1, 0, 0]",EXACT_DERIVED
752,"[[-1, 1], [-1, -1]]","[[0, -1], [0, 1]]","[0, 1, 0, -1, 0, -1, 0, 1, 0, 1, 0, -1, 0, 1, 0, -1]",EXACT_DERIVED
753,"[[-1, 1], [-1, -1]]","[[0, -1], [1, -1]]","[0, 1, -1, 1, 0, -1, 1, -1, 0, 1, -1, 1, 0, 1, -1, 1]",EXACT_DERIVED
754,"[[-1, 1], [-1, -1]]","[[0, -1], [1, 0]]","[0, 1, -1, 0, 0, -1, 1, 0, 0, 1, -1, 0, 0, 1, -1, 0]",EXACT_DERIVED
755,"[[-1, 1], [-1, -1]]","[[0, -1], [1, 1]]","[0, 1, -1, -1, 0, -1, 1, 1, 0, 1, -1, -1, 0, 1, -1, -1]",EXACT_DERIVED
756,"[[-1, 1], [-1, -1]]","[[0, 0], [-1, -1]]","[0, 0, 1, 1, 0, 0, -1, -1, 0, 0, 1, 1, 0, 0, 1, 1]",EXACT_DERIVED
757,"[[-1, 1], [-1, -1]]","[[0, 0], [-1, 0]]","[0, 0, 1, 0, 0, 0, -1, 0, 0, 0, 1, 0, 0, 0, 1, 0]",EXACT_DERIVED
758,"[[-1, 1], [-1, -1]]","[[0, 0], [-1, 1]]","[0, 0, 1, -1, 0, 0, -1, 1, 0, 0, 1, -1, 0, 0, 1, -1]",EXACT_DERIVED
759,"[[-1, 1], [-1, -1]]","[[0, 0], [0, -1]]","[0, 0, 0, 1, 0, 0, 0, -1, 0, 0, 0, 1, 0, 0, 0, 1]",EXACT_DERIVED
760,"[[-1, 1], [-1, 0]]","[[-1, -1], [-1, -1]]","[1, 1, 1, 1, -1, -1, -1, -1, 1, 1, 1, 1, 0, 0, 0, 0]",EXACT_DERIVED
761,"[[-1, 1], [-1, 0]]","[[-1, -1], [-1, 0]]","[1, 1, 1, 0, -1, -1, -1, 0, 1, 1, 1, 0, 0, 0, 0, 0]",EXACT_DERIVED
762,"[[-1, 1], [-1, 0]]","[[-1, -1], [-1, 1]]","[1, 1, 1, -1, -1, -1, -1, 1, 1, 1, 1, -1, 0, 0, 0, 0]",EXACT_DERIVED
763,"[[-1, 1], [-1, 0]]","[[-1, -1], [0, -1]]","[1, 1, 0, 1, -1, -1, 0, -1, 1, 1, 0, 1, 0, 0, 0, 0]",EXACT_DERIVED
764,"[[-1, 1], [-1, 0]]","[[-1, -1], [0, 0]]","[1, 1, 0, 0, -1, -1, 0, 0, 1, 1, 0, 0, 0, 0, 0, 0]",EXACT_DERIVED
765,"[[-1, 1], [-1, 0]]","[[-1, -1], [0, 1]]","[1, 1, 0, -1, -1, -1, 0, 1, 1, 1, 0, -1, 0, 0, 0, 0]",EXACT_DERIVED
766,"[[-1, 1], [-1, 0]]","[[-1, -1], [1, -1]]","[1, 1, -1, 1, -1, -1, 1, -1, 1, 1, -1, 1, 0, 0, 0, 0]",EXACT_DERIVED
767,"[[-1, 1], [-1, 0]]","[[-1, -1], [1, 0]]","[1, 1, -1, 0, -1, -1, 1, 0, 1, 1, -1, 0, 0, 0, 0, 0]",EXACT_DERIVED
768,"[[-1, 1], [-1, 0]]","[[-1, -1], [1, 1]]","[1, 1, -1, -1, -1, -1, 1, 1, 1, 1, -1, -1, 0, 0, 0, 0]",EXACT_DERIVED
769,"[[-1, 1], [-1, 0]]","[[-1, 0], [-1, -1]]","[1, 0, 1, 1, -1, 0, -1, -1, 1, 0, 1, 1, 0, 0, 0, 0]",EXACT_DERIVED
770,"[[-1, 1], [-1, 0]]","[[-1, 0], [-1, 0]]","[1, 0, 1, 0, -1, 0, -1, 0, 1, 0, 1, 0, 0, 0, 0, 0]",EXACT_DERIVED
771,"[[-1, 1], [-1, 0]]","[[-1, 0], [-1, 1]]","[1, 0, 1, -1, -1, 0, -1, 1, 1, 0, 1, -1, 0, 0, 0, 0]",EXACT_DERIVED
772,"[[-1, 1], [-1, 0]]","[[-1, 0], [0, -1]]","[1, 0, 0, 1, -1, 0, 0, -1, 1, 0, 0, 1, 0, 0, 0, 0]",EXACT_DERIVED
773,"[[-1, 1], [-1, 0]]","[[-1, 0], [0, 0]]","[1, 0, 0, 0, -1, 0, 0, 0, 1, 0, 0, 0, 0, 0, 0, 0]",EXACT_DERIVED
774,"[[-1, 1], [-1, 0]]","[[-1, 0], [0, 1]]","[1, 0, 0, -1, -1, 0, 0, 1, 1, 0, 0, -1, 0, 0, 0, 0]",EXACT_DERIVED
775,"[[-1, 1], [-1, 0]]","[[-1, 0], [1, -1]]","[1, 0, -1, 1, -1, 0, 1, -1, 1, 0, -1, 1, 0, 0, 0, 0]",EXACT_DERIVED
776,"[[-1, 1], [-1, 0]]","[[-1, 0], [1, 0]]","[1, 0, -1, 0, -1, 0, 1, 0, 1, 0, -1, 0, 0, 0, 0, 0]",EXACT_DERIVED
777,"[[-1, 1], [-1, 0]]","[[-1, 0], [1, 1]]","[1, 0, -1, -1, -1, 0, 1, 1, 1, 0, -1, -1, 0, 0, 0, 0]",EXACT_DERIVED
778,"[[-1, 1], [-1, 0]]","[[-1, 1], [-1, -1]]","[1, -1, 1, 1, -1, 1, -1, -1, 1, -1, 1, 1, 0, 0, 0, 0]",EXACT_DERIVED
779,"[[-1, 1], [-1, 0]]","[[-1, 1], [-1, 0]]","[1, -1, 1, 0, -1, 1, -1, 0, 1, -1, 1, 0, 0, 0, 0, 0]",EXACT_DERIVED
780,"[[-1, 1], [-1, 0]]","[[-1, 1], [-1, 1]]","[1, -1, 1, -1, -1, 1, -1, 1, 1, -1, 1, -1, 0, 0, 0, 0]",EXACT_DERIVED
781,"[[-1, 1], [-1, 0]]","[[-1, 1], [0, -1]]","[1, -1, 0, 1, -1, 1, 0, -1, 1, -1, 0, 1, 0, 0, 0, 0]",EXACT_DERIVED
782,"[[-1, 1], [-1, 0]]","[[-1, 1], [0, 0]]","[1, -1, 0, 0, -1, 1, 0, 0, 1, -1, 0, 0, 0, 0, 0, 0]",EXACT_DERIVED
783,"[[-1, 1], [-1, 0]]","[[-1, 1], [0, 1]]","[1, -1, 0, -1, -1, 1, 0, 1, 1, -1, 0, -1, 0, 0, 0, 0]",EXACT_DERIVED
784,"[[-1, 1], [-1, 0]]","[[-1, 1], [1, -1]]","[1, -1, -1, 1, -1, 1, 1, -1, 1, -1, -1, 1, 0, 0, 0, 0]",EXACT_DERIVED
785,"[[-1, 1], [-1, 0]]","[[-1, 1], [1, 0]]","[1, -1, -1, 0, -1, 1, 1, 0, 1, -1, -1, 0, 0, 0, 0, 0]",EXACT_DERIVED
786,"[[-1, 1], [-1, 0]]","[[-1, 1], [1, 1]]","[1, -1, -1, -1, -1, 1, 1, 1, 1, -1, -1, -1, 0, 0, 0, 0]",EXACT_DERIVED
787,"[[-1, 1], [-1, 0]]","[[0, -1], [-1, -1]]","[0, 1, 1, 1, 0, -1, -1, -1, 0, 1, 1, 1, 0, 0, 0, 0]",EXACT_DERIVED
788,"[[-1, 1], [-1, 0]]","[[0, -1], [-1, 0]]","[0, 1, 1, 0, 0, -1, -1, 0, 0, 1, 1, 0, 0, 0, 0, 0]",EXACT_DERIVED
789,"[[-1, 1], [-1, 0]]","[[0, -1], [-1, 1]]","[0, 1, 1, -1, 0, -1, -1, 1, 0, 1, 1, -1, 0, 0, 0, 0]",EXACT_DERIVED
790,"[[-1, 1], [-1, 0]]","[[0, -1], [0, -1]]","[0, 1, 0, 1, 0, -1, 0, -1, 0, 1, 0, 1, 0, 0, 0, 0]",EXACT_DERIVED
791,"[[-1, 1], [-1, 0]]","[[0, -1], [0, 0]]","[0, 1, 0, 0, 0, -1, 0, 0, 0, 1, 0, 0, 0, 0, 0, 0]",EXACT_DERIVED
792,"[[-1, 1], [-1, 0]]","[[0, -1], [0, 1]]","[0, 1, 0, -1, 0, -1, 0, 1, 0, 1, 0, -1, 0, 0, 0, 0]",EXACT_DERIVED
793,"[[-1, 1], [-1, 0]]","[[0, -1], [1, -1]]","[0, 1, -1, 1, 0, -1, 1, -1, 0, 1, -1, 1, 0, 0, 0, 0]",EXACT_DERIVED
794,"[[-1, 1], [-1, 0]]","[[0, -1], [1, 0]]","[0, 1, -1, 0, 0, -1, 1, 0, 0, 1, -1, 0, 0, 0, 0, 0]",EXACT_DERIVED
795,"[[-1, 1], [-1, 0]]","[[0, -1], [1, 1]]","[0, 1, -1, -1, 0, -1, 1, 1, 0, 1, -1, -1, 0, 0, 0, 0]",EXACT_DERIVED
796,"[[-1, 1], [-1, 0]]","[[0, 0], [-1, -1]]","[0, 0, 1, 1, 0, 0, -1, -1, 0, 0, 1, 1, 0, 0, 0, 0]",EXACT_DERIVED
797,"[[-1, 1], [-1, 0]]","[[0, 0], [-1, 0]]","[0, 0, 1, 0, 0, 0, -1, 0, 0, 0, 1, 0, 0, 0, 0, 0]",EXACT_DERIVED
798,"[[-1, 1], [-1, 0]]","[[0, 0], [-1, 1]]","[0, 0, 1, -1, 0, 0, -1, 1, 0, 0, 1, -1, 0, 0, 0, 0]",EXACT_DERIVED
799,"[[-1, 1], [-1, 0]]","[[0, 0], [0, -1]]","[0, 0, 0, 1, 0, 0, 0, -1, 0, 0, 0, 1, 0, 0, 0, 0]",EXACT_DERIVED
800,"[[-1, 1], [-1, 1]]","[[-1, -1], [-1, -1]]","[1, 1, 1, 1, -1, -1, -1, -1, 1, 1, 1, 1, -1, -1, -1, -1]",EXACT_DERIVED
801,"[[-1, 1], [-1, 1]]","[[-1, -1], [-1, 0]]","[1, 1, 1, 0, -1, -1, -1, 0, 1, 1, 1, 0, -1, -1, -1, 0]",EXACT_DERIVED
802,"[[-1, 1], [-1, 1]]","[[-1, -1], [-1, 1]]","[1, 1, 1, -1, -1, -1, -1, 1, 1, 1, 1, -1, -1, -1, -1, 1]",EXACT_DERIVED
803,"[[-1, 1], [-1, 1]]","[[-1, -1], [0, -1]]","[1, 1, 0, 1, -1, -1, 0, -1, 1, 1, 0, 1, -1, -1, 0, -1]",EXACT_DERIVED
804,"[[-1, 1], [-1, 1]]","[[-1, -1], [0, 0]]","[1, 1, 0, 0, -1, -1, 0, 0, 1, 1, 0, 0, -1, -1, 0, 0]",EXACT_DERIVED
805,"[[-1, 1], [-1, 1]]","[[-1, -1], [0, 1]]","[1, 1, 0, -1, -1, -1, 0, 1, 1, 1, 0, -1, -1, -1, 0, 1]",EXACT_DERIVED
806,"[[-1, 1], [-1, 1]]","[[-1, -1], [1, -1]]","[1, 1, -1, 1, -1, -1, 1, -1, 1, 1, -1, 1, -1, -1, 1, -1]",EXACT_DERIVED
807,"[[-1, 1], [-1, 1]]","[[-1, -1], [1, 0]]","[1, 1, -1, 0, -1, -1, 1, 0, 1, 1, -1, 0, -1, -1, 1, 0]",EXACT_DERIVED
808,"[[-1, 1], [-1, 1]]","[[-1, -1], [1, 1]]","[1, 1, -1, -1, -1, -1, 1, 1, 1, 1, -1, -1, -1, -1, 1, 1]",EXACT_DERIVED
809,"[[-1, 1], [-1, 1]]","[[-1, 0], [-1, -1]]","[1, 0, 1, 1, -1, 0, -1, -1, 1, 0, 1, 1, -1, 0, -1, -1]",EXACT_DERIVED
810,"[[-1, 1], [-1, 1]]","[[-1, 0], [-1, 0]]","[1, 0, 1, 0, -1, 0, -1, 0, 1, 0, 1, 0, -1, 0, -1, 0]",EXACT_DERIVED
811,"[[-1, 1], [-1, 1]]","[[-1, 0], [-1, 1]]","[1, 0, 1, -1, -1, 0, -1, 1, 1, 0, 1, -1, -1, 0, -1, 1]",EXACT_DERIVED
812,"[[-1, 1], [-1, 1]]","[[-1, 0], [0, -1]]","[1, 0, 0, 1, -1, 0, 0, -1, 1, 0, 0, 1, -1, 0, 0, -1]",EXACT_DERIVED
813,"[[-1, 1], [-1, 1]]","[[-1, 0], [0, 0]]","[1, 0, 0, 0, -1, 0, 0, 0, 1, 0, 0, 0, -1, 0, 0, 0]",EXACT_DERIVED
814,"[[-1, 1], [-1, 1]]","[[-1, 0], [0, 1]]","[1, 0, 0, -1, -1, 0, 0, 1, 1, 0, 0, -1, -1, 0, 0, 1]",EXACT_DERIVED
815,"[[-1, 1], [-1, 1]]","[[-1, 0], [1, -1]]","[1, 0, -1, 1, -1, 0, 1, -1, 1, 0, -1, 1, -1, 0, 1, -1]",EXACT_DERIVED
816,"[[-1, 1], [-1, 1]]","[[-1, 0], [1, 0]]","[1, 0, -1, 0, -1, 0, 1, 0, 1, 0, -1, 0, -1, 0, 1, 0]",EXACT_DERIVED
817,"[[-1, 1], [-1, 1]]","[[-1, 0], [1, 1]]","[1, 0, -1, -1, -1, 0, 1, 1, 1, 0, -1, -1, -1, 0, 1, 1]",EXACT_DERIVED
818,"[[-1, 1], [-1, 1]]","[[-1, 1], [-1, -1]]","[1, -1, 1, 1, -1, 1, -1, -1, 1, -1, 1, 1, -1, 1, -1, -1]",EXACT_DERIVED
819,"[[-1, 1], [-1, 1]]","[[-1, 1], [-1, 0]]","[1, -1, 1, 0, -1, 1, -1, 0, 1, -1, 1, 0, -1, 1, -1, 0]",EXACT_DERIVED
820,"[[-1, 1], [-1, 1]]","[[-1, 1], [-1, 1]]","[1, -1, 1, -1, -1, 1, -1, 1, 1, -1, 1, -1, -1, 1, -1, 1]",EXACT_DERIVED
821,"[[-1, 1], [-1, 1]]","[[-1, 1], [0, -1]]","[1, -1, 0, 1, -1, 1, 0, -1, 1, -1, 0, 1, -1, 1, 0, -1]",EXACT_DERIVED
822,"[[-1, 1], [-1, 1]]","[[-1, 1], [0, 0]]","[1, -1, 0, 0, -1, 1, 0, 0, 1, -1, 0, 0, -1, 1, 0, 0]",EXACT_DERIVED
823,"[[-1, 1], [-1, 1]]","[[-1, 1], [0, 1]]","[1, -1, 0, -1, -1, 1, 0, 1, 1, -1, 0, -1, -1, 1, 0, 1]",EXACT_DERIVED
824,"[[-1, 1], [-1, 1]]","[[-1, 1], [1, -1]]","[1, -1, -1, 1, -1, 1, 1, -1, 1, -1, -1, 1, -1, 1, 1, -1]",EXACT_DERIVED
825,"[[-1, 1], [-1, 1]]","[[-1, 1], [1, 0]]","[1, -1, -1, 0, -1, 1, 1, 0, 1, -1, -1, 0, -1, 1, 1, 0]",EXACT_DERIVED
826,"[[-1, 1], [-1, 1]]","[[-1, 1], [1, 1]]","[1, -1, -1, -1, -1, 1, 1, 1, 1, -1, -1, -1, -1, 1, 1, 1]",EXACT_DERIVED
827,"[[-1, 1], [-1, 1]]","[[0, -1], [-1, -1]]","[0, 1, 1, 1, 0, -1, -1, -1, 0, 1, 1, 1, 0, -1, -1, -1]",EXACT_DERIVED
828,"[[-1, 1], [-1, 1]]","[[0, -1], [-1, 0]]","[0, 1, 1, 0, 0, -1, -1, 0, 0, 1, 1, 0, 0, -1, -1, 0]",EXACT_DERIVED
829,"[[-1, 1], [-1, 1]]","[[0, -1], [-1, 1]]","[0, 1, 1, -1, 0, -1, -1, 1, 0, 1, 1, -1, 0, -1, -1, 1]",EXACT_DERIVED
830,"[[-1, 1], [-1, 1]]","[[0, -1], [0, -1]]","[0, 1, 0, 1, 0, -1, 0, -1, 0, 1, 0, 1, 0, -1, 0, -1]",EXACT_DERIVED
831,"[[-1, 1], [-1, 1]]","[[0, -1], [0, 0]]","[0, 1, 0, 0, 0, -1, 0, 0, 0, 1, 0, 0, 0, -1, 0, 0]",EXACT_DERIVED
832,"[[-1, 1], [-1, 1]]","[[0, -1], [0, 1]]","[0, 1, 0, -1, 0, -1, 0, 1, 0, 1, 0, -1, 0, -1, 0, 1]",EXACT_DERIVED
833,"[[-1, 1], [-1, 1]]","[[0, -1], [1, -1]]","[0, 1, -1, 1, 0, -1, 1, -1, 0, 1, -1, 1, 0, -1, 1, -1]",EXACT_DERIVED
834,"[[-1, 1], [-1, 1]]","[[0, -1], [1, 0]]","[0, 1, -1, 0, 0, -1, 1, 0, 0, 1, -1, 0, 0, -1, 1, 0]",EXACT_DERIVED
835,"[[-1, 1], [-1, 1]]","[[0, -1], [1, 1]]","[0, 1, -1, -1, 0, -1, 1, 1, 0, 1, -1, -1, 0, -1, 1, 1]",EXACT_DERIVED
836,"[[-1, 1], [-1, 1]]","[[0, 0], [-1, -1]]","[0, 0, 1, 1, 0, 0, -1, -1, 0, 0, 1, 1, 0, 0, -1, -1]",EXACT_DERIVED
837,"[[-1, 1], [-1, 1]]","[[0, 0], [-1, 0]]","[0, 0, 1, 0, 0, 0, -1, 0, 0, 0, 1, 0, 0, 0, -1, 0]",EXACT_DERIVED
838,"[[-1, 1], [-1, 1]]","[[0, 0], [-1, 1]]","[0, 0, 1, -1, 0, 0, -1, 1, 0, 0, 1, -1, 0, 0, -1, 1]",EXACT_DERIVED
839,"[[-1, 1], [-1, 1]]","[[0, 0], [0, -1]]","[0, 0, 0, 1, 0, 0, 0, -1, 0, 0, 0, 1, 0, 0, 0, -1]",EXACT_DERIVED
840,"[[-1, 1], [0, -1]]","[[-1, -1], [-1, -1]]","[1, 1, 1, 1, -1, -1, -1, -1, 0, 0, 0, 0, 1, 1, 1, 1]",EXACT_DERIVED
841,"[[-1, 1], [0, -1]]","[[-1, -1], [-1, 0]]","[1, 1, 1, 0, -1, -1, -1, 0, 0, 0, 0, 0, 1, 1, 1, 0]",EXACT_DERIVED
842,"[[-1, 1], [0, -1]]","[[-1, -1], [-1, 1]]","[1, 1, 1, -1, -1, -1, -1, 1, 0, 0, 0, 0, 1, 1, 1, -1]",EXACT_DERIVED
843,"[[-1, 1], [0, -1]]","[[-1, -1], [0, -1]]","[1, 1, 0, 1, -1, -1, 0, -1, 0, 0, 0, 0, 1, 1, 0, 1]",EXACT_DERIVED
844,"[[-1, 1], [0, -1]]","[[-1, -1], [0, 0]]","[1, 1, 0, 0, -1, -1, 0, 0, 0, 0, 0, 0, 1, 1, 0, 0]",EXACT_DERIVED
845,"[[-1, 1], [0, -1]]","[[-1, -1], [0, 1]]","[1, 1, 0, -1, -1, -1, 0, 1, 0, 0, 0, 0, 1, 1, 0, -1]",EXACT_DERIVED
846,"[[-1, 1], [0, -1]]","[[-1, -1], [1, -1]]","[1, 1, -1, 1, -1, -1, 1, -1, 0, 0, 0, 0, 1, 1, -1, 1]",EXACT_DERIVED
847,"[[-1, 1], [0, -1]]","[[-1, -1], [1, 0]]","[1, 1, -1, 0, -1, -1, 1, 0, 0, 0, 0, 0, 1, 1, -1, 0]",EXACT_DERIVED
848,"[[-1, 1], [0, -1]]","[[-1, -1], [1, 1]]","[1, 1, -1, -1, -1, -1, 1, 1, 0, 0, 0, 0, 1, 1, -1, -1]",EXACT_DERIVED
849,"[[-1, 1], [0, -1]]","[[-1, 0], [-1, -1]]","[1, 0, 1, 1, -1, 0, -1, -1, 0, 0, 0, 0, 1, 0, 1, 1]",EXACT_DERIVED
850,"[[-1, 1], [0, -1]]","[[-1, 0], [-1, 0]]","[1, 0, 1, 0, -1, 0, -1, 0, 0, 0, 0, 0, 1, 0, 1, 0]",EXACT_DERIVED
851,"[[-1, 1], [0, -1]]","[[-1, 0], [-1, 1]]","[1, 0, 1, -1, -1, 0, -1, 1, 0, 0, 0, 0, 1, 0, 1, -1]",EXACT_DERIVED
852,"[[-1, 1], [0, -1]]","[[-1, 0], [0, -1]]","[1, 0, 0, 1, -1, 0, 0, -1, 0, 0, 0, 0, 1, 0, 0, 1]",EXACT_DERIVED
853,"[[-1, 1], [0, -1]]","[[-1, 0], [0, 0]]","[1, 0, 0, 0, -1, 0, 0, 0, 0, 0, 0, 0, 1, 0, 0, 0]",EXACT_DERIVED
854,"[[-1, 1], [0, -1]]","[[-1, 0], [0, 1]]","[1, 0, 0, -1, -1, 0, 0, 1, 0, 0, 0, 0, 1, 0, 0, -1]",EXACT_DERIVED
855,"[[-1, 1], [0, -1]]","[[-1, 0], [1, -1]]","[1, 0, -1, 1, -1, 0, 1, -1, 0, 0, 0, 0, 1, 0, -1, 1]",EXACT_DERIVED
856,"[[-1, 1], [0, -1]]","[[-1, 0], [1, 0]]","[1, 0, -1, 0, -1, 0, 1, 0, 0, 0, 0, 0, 1, 0, -1, 0]",EXACT_DERIVED
857,"[[-1, 1], [0, -1]]","[[-1, 0], [1, 1]]","[1, 0, -1, -1, -1, 0, 1, 1, 0, 0, 0, 0, 1, 0, -1, -1]",EXACT_DERIVED
858,"[[-1, 1], [0, -1]]","[[-1, 1], [-1, -1]]","[1, -1, 1, 1, -1, 1, -1, -1, 0, 0, 0, 0, 1, -1, 1, 1]",EXACT_DERIVED
859,"[[-1, 1], [0, -1]]","[[-1, 1], [-1, 0]]","[1, -1, 1, 0, -1, 1, -1, 0, 0, 0, 0, 0, 1, -1, 1, 0]",EXACT_DERIVED
860,"[[-1, 1], [0, -1]]","[[-1, 1], [-1, 1]]","[1, -1, 1, -1, -1, 1, -1, 1, 0, 0, 0, 0, 1, -1, 1, -1]",EXACT_DERIVED
861,"[[-1, 1], [0, -1]]","[[-1, 1], [0, -1]]","[1, -1, 0, 1, -1, 1, 0, -1, 0, 0, 0, 0, 1, -1, 0, 1]",EXACT_DERIVED
862,"[[-1, 1], [0, -1]]","[[-1, 1], [0, 0]]","[1, -1, 0, 0, -1, 1, 0, 0, 0, 0, 0, 0, 1, -1, 0, 0]",EXACT_DERIVED
863,"[[-1, 1], [0, -1]]","[[-1, 1], [0, 1]]","[1, -1, 0, -1, -1, 1, 0, 1, 0, 0, 0, 0, 1, -1, 0, -1]",EXACT_DERIVED
864,"[[-1, 1], [0, -1]]","[[-1, 1], [1, -1]]","[1, -1, -1, 1, -1, 1, 1, -1, 0, 0, 0, 0, 1, -1, -1, 1]",EXACT_DERIVED
865,"[[-1, 1], [0, -1]]","[[-1, 1], [1, 0]]","[1, -1, -1, 0, -1, 1, 1, 0, 0, 0, 0, 0, 1, -1, -1, 0]",EXACT_DERIVED
866,"[[-1, 1], [0, -1]]","[[-1, 1], [1, 1]]","[1, -1, -1, -1, -1, 1, 1, 1, 0, 0, 0, 0, 1, -1, -1, -1]",EXACT_DERIVED
867,"[[-1, 1], [0, -1]]","[[0, -1], [-1, -1]]","[0, 1, 1, 1, 0, -1, -1, -1, 0, 0, 0, 0, 0, 1, 1, 1]",EXACT_DERIVED
868,"[[-1, 1], [0, -1]]","[[0, -1], [-1, 0]]","[0, 1, 1, 0, 0, -1, -1, 0, 0, 0, 0, 0, 0, 1, 1, 0]",EXACT_DERIVED
869,"[[-1, 1], [0, -1]]","[[0, -1], [-1, 1]]","[0, 1, 1, -1, 0, -1, -1, 1, 0, 0, 0, 0, 0, 1, 1, -1]",EXACT_DERIVED
870,"[[-1, 1], [0, -1]]","[[0, -1], [0, -1]]","[0, 1, 0, 1, 0, -1, 0, -1, 0, 0, 0, 0, 0, 1, 0, 1]",EXACT_DERIVED
871,"[[-1, 1], [0, -1]]","[[0, -1], [0, 0]]","[0, 1, 0, 0, 0, -1, 0, 0, 0, 0, 0, 0, 0, 1, 0, 0]",EXACT_DERIVED
872,"[[-1, 1], [0, -1]]","[[0, -1], [0, 1]]","[0, 1, 0, -1, 0, -1, 0, 1, 0, 0, 0, 0, 0, 1, 0, -1]",EXACT_DERIVED
873,"[[-1, 1], [0, -1]]","[[0, -1], [1, -1]]","[0, 1, -1, 1, 0, -1, 1, -1, 0, 0, 0, 0, 0, 1, -1, 1]",EXACT_DERIVED
874,"[[-1, 1], [0, -1]]","[[0, -1], [1, 0]]","[0, 1, -1, 0, 0, -1, 1, 0, 0, 0, 0, 0, 0, 1, -1, 0]",EXACT_DERIVED
875,"[[-1, 1], [0, -1]]","[[0, -1], [1, 1]]","[0, 1, -1, -1, 0, -1, 1, 1, 0, 0, 0, 0, 0, 1, -1, -1]",EXACT_DERIVED
876,"[[-1, 1], [0, -1]]","[[0, 0], [-1, -1]]","[0, 0, 1, 1, 0, 0, -1, -1, 0, 0, 0, 0, 0, 0, 1, 1]",EXACT_DERIVED
877,"[[-1, 1], [0, -1]]","[[0, 0], [-1, 0]]","[0, 0, 1, 0, 0, 0, -1, 0, 0, 0, 0, 0, 0, 0, 1, 0]",EXACT_DERIVED
878,"[[-1, 1], [0, -1]]","[[0, 0], [-1, 1]]","[0, 0, 1, -1, 0, 0, -1, 1, 0, 0, 0, 0, 0, 0, 1, -1]",EXACT_DERIVED
879,"[[-1, 1], [0, -1]]","[[0, 0], [0, -1]]","[0, 0, 0, 1, 0, 0, 0, -1, 0, 0, 0, 0, 0, 0, 0, 1]",EXACT_DERIVED
880,"[[-1, 1], [0, 0]]","[[-1, -1], [-1, -1]]","[1, 1, 1, 1, -1, -1, -1, -1, 0, 0, 0, 0, 0, 0, 0, 0]",EXACT_DERIVED
881,"[[-1, 1], [0, 0]]","[[-1, -1], [-1, 0]]","[1, 1, 1, 0, -1, -1, -1, 0, 0, 0, 0, 0, 0, 0, 0, 0]",EXACT_DERIVED
882,"[[-1, 1], [0, 0]]","[[-1, -1], [-1, 1]]","[1, 1, 1, -1, -1, -1, -1, 1, 0, 0, 0, 0, 0, 0, 0, 0]",EXACT_DERIVED
883,"[[-1, 1], [0, 0]]","[[-1, -1], [0, -1]]","[1, 1, 0, 1, -1, -1, 0, -1, 0, 0, 0, 0, 0, 0, 0, 0]",EXACT_DERIVED
884,"[[-1, 1], [0, 0]]","[[-1, -1], [0, 0]]","[1, 1, 0, 0, -1, -1, 0, 0, 0, 0, 0, 0, 0, 0, 0, 0]",EXACT_DERIVED
885,"[[-1, 1], [0, 0]]","[[-1, -1], [0, 1]]","[1, 1, 0, -1, -1, -1, 0, 1, 0, 0, 0, 0, 0, 0, 0, 0]",EXACT_DERIVED
886,"[[-1, 1], [0, 0]]","[[-1, -1], [1, -1]]","[1, 1, -1, 1, -1, -1, 1, -1, 0, 0, 0, 0, 0, 0, 0, 0]",EXACT_DERIVED
887,"[[-1, 1], [0, 0]]","[[-1, -1], [1, 0]]","[1, 1, -1, 0, -1, -1, 1, 0, 0, 0, 0, 0, 0, 0, 0, 0]",EXACT_DERIVED
888,"[[-1, 1], [0, 0]]","[[-1, -1], [1, 1]]","[1, 1, -1, -1, -1, -1, 1, 1, 0, 0, 0, 0, 0, 0, 0, 0]",EXACT_DERIVED
889,"[[-1, 1], [0, 0]]","[[-1, 0], [-1, -1]]","[1, 0, 1, 1, -1, 0, -1, -1, 0, 0, 0, 0, 0, 0, 0, 0]",EXACT_DERIVED
890,"[[-1, 1], [0, 0]]","[[-1, 0], [-1, 0]]","[1, 0, 1, 0, -1, 0, -1, 0, 0, 0, 0, 0, 0, 0, 0, 0]",EXACT_DERIVED
891,"[[-1, 1], [0, 0]]","[[-1, 0], [-1, 1]]","[1, 0, 1, -1, -1, 0, -1, 1, 0, 0, 0, 0, 0, 0, 0, 0]",EXACT_DERIVED
892,"[[-1, 1], [0, 0]]","[[-1, 0], [0, -1]]","[1, 0, 0, 1, -1, 0, 0, -1, 0, 0, 0, 0, 0, 0, 0, 0]",EXACT_DERIVED
893,"[[-1, 1], [0, 0]]","[[-1, 0], [0, 0]]","[1, 0, 0, 0, -1, 0, 0, 0, 0, 0, 0, 0, 0, 0, 0, 0]",EXACT_DERIVED
894,"[[-1, 1], [0, 0]]","[[-1, 0], [0, 1]]","[1, 0, 0, -1, -1, 0, 0, 1, 0, 0, 0, 0, 0, 0, 0, 0]",EXACT_DERIVED
895,"[[-1, 1], [0, 0]]","[[-1, 0], [1, -1]]","[1, 0, -1, 1, -1, 0, 1, -1, 0, 0, 0, 0, 0, 0, 0, 0]",EXACT_DERIVED
896,"[[-1, 1], [0, 0]]","[[-1, 0], [1, 0]]","[1, 0, -1, 0, -1, 0, 1, 0, 0, 0, 0, 0, 0, 0, 0, 0]",EXACT_DERIVED
897,"[[-1, 1], [0, 0]]","[[-1, 0], [1, 1]]","[1, 0, -1, -1, -1, 0, 1, 1, 0, 0, 0, 0, 0, 0, 0, 0]",EXACT_DERIVED
898,"[[-1, 1], [0, 0]]","[[-1, 1], [-1, -1]]","[1, -1, 1, 1, -1, 1, -1, -1, 0, 0, 0, 0, 0, 0, 0, 0]",EXACT_DERIVED
899,"[[-1, 1], [0, 0]]","[[-1, 1], [-1, 0]]","[1, -1, 1, 0, -1, 1, -1, 0, 0, 0, 0, 0, 0, 0, 0, 0]",EXACT_DERIVED
900,"[[-1, 1], [0, 0]]","[[-1, 1], [-1, 1]]","[1, -1, 1, -1, -1, 1, -1, 1, 0, 0, 0, 0, 0, 0, 0, 0]",EXACT_DERIVED
901,"[[-1, 1], [0, 0]]","[[-1, 1], [0, -1]]","[1, -1, 0, 1, -1, 1, 0, -1, 0, 0, 0, 0, 0, 0, 0, 0]",EXACT_DERIVED
902,"[[-1, 1], [0, 0]]","[[-1, 1], [0, 0]]","[1, -1, 0, 0, -1, 1, 0, 0, 0, 0, 0, 0, 0, 0, 0, 0]",EXACT_DERIVED
903,"[[-1, 1], [0, 0]]","[[-1, 1], [0, 1]]","[1, -1, 0, -1, -1, 1, 0, 1, 0, 0, 0, 0, 0, 0, 0, 0]",EXACT_DERIVED
904,"[[-1, 1], [0, 0]]","[[-1, 1], [1, -1]]","[1, -1, -1, 1, -1, 1, 1, -1, 0, 0, 0, 0, 0, 0, 0, 0]",EXACT_DERIVED
905,"[[-1, 1], [0, 0]]","[[-1, 1], [1, 0]]","[1, -1, -1, 0, -1, 1, 1, 0, 0, 0, 0, 0, 0, 0, 0, 0]",EXACT_DERIVED
906,"[[-1, 1], [0, 0]]","[[-1, 1], [1, 1]]","[1, -1, -1, -1, -1, 1, 1, 1, 0, 0, 0, 0, 0, 0, 0, 0]",EXACT_DERIVED
907,"[[-1, 1], [0, 0]]","[[0, -1], [-1, -1]]","[0, 1, 1, 1, 0, -1, -1, -1, 0, 0, 0, 0, 0, 0, 0, 0]",EXACT_DERIVED
908,"[[-1, 1], [0, 0]]","[[0, -1], [-1, 0]]","[0, 1, 1, 0, 0, -1, -1, 0, 0, 0, 0, 0, 0, 0, 0, 0]",EXACT_DERIVED
909,"[[-1, 1], [0, 0]]","[[0, -1], [-1, 1]]","[0, 1, 1, -1, 0, -1, -1, 1, 0, 0, 0, 0, 0, 0, 0, 0]",EXACT_DERIVED
910,"[[-1, 1], [0, 0]]","[[0, -1], [0, -1]]","[0, 1, 0, 1, 0, -1, 0, -1, 0, 0, 0, 0, 0, 0, 0, 0]",EXACT_DERIVED
911,"[[-1, 1], [0, 0]]","[[0, -1], [0, 0]]","[0, 1, 0, 0, 0, -1, 0, 0, 0, 0, 0, 0, 0, 0, 0, 0]",EXACT_DERIVED
912,"[[-1, 1], [0, 0]]","[[0, -1], [0, 1]]","[0, 1, 0, -1, 0, -1, 0, 1, 0, 0, 0, 0, 0, 0, 0, 0]",EXACT_DERIVED
913,"[[-1, 1], [0, 0]]","[[0, -1], [1, -1]]","[0, 1, -1, 1, 0, -1, 1, -1, 0, 0, 0, 0, 0, 0, 0, 0]",EXACT_DERIVED
914,"[[-1, 1], [0, 0]]","[[0, -1], [1, 0]]","[0, 1, -1, 0, 0, -1, 1, 0, 0, 0, 0, 0, 0, 0, 0, 0]",EXACT_DERIVED
915,"[[-1, 1], [0, 0]]","[[0, -1], [1, 1]]","[0, 1, -1, -1, 0, -1, 1, 1, 0, 0, 0, 0, 0, 0, 0, 0]",EXACT_DERIVED
916,"[[-1, 1], [0, 0]]","[[0, 0], [-1, -1]]","[0, 0, 1, 1, 0, 0, -1, -1, 0, 0, 0, 0, 0, 0, 0, 0]",EXACT_DERIVED
917,"[[-1, 1], [0, 0]]","[[0, 0], [-1, 0]]","[0, 0, 1, 0, 0, 0, -1, 0, 0, 0, 0, 0, 0, 0, 0, 0]",EXACT_DERIVED
918,"[[-1, 1], [0, 0]]","[[0, 0], [-1, 1]]","[0, 0, 1, -1, 0, 0, -1, 1, 0, 0, 0, 0, 0, 0, 0, 0]",EXACT_DERIVED
919,"[[-1, 1], [0, 0]]","[[0, 0], [0, -1]]","[0, 0, 0, 1, 0, 0, 0, -1, 0, 0, 0, 0, 0, 0, 0, 0]",EXACT_DERIVED
920,"[[-1, 1], [0, 1]]","[[-1, -1], [-1, -1]]","[1, 1, 1, 1, -1, -1, -1, -1, 0, 0, 0, 0, -1, -1, -1, -1]",EXACT_DERIVED
921,"[[-1, 1], [0, 1]]","[[-1, -1], [-1, 0]]","[1, 1, 1, 0, -1, -1, -1, 0, 0, 0, 0, 0, -1, -1, -1, 0]",EXACT_DERIVED
922,"[[-1, 1], [0, 1]]","[[-1, -1], [-1, 1]]","[1, 1, 1, -1, -1, -1, -1, 1, 0, 0, 0, 0, -1, -1, -1, 1]",EXACT_DERIVED
923,"[[-1, 1], [0, 1]]","[[-1, -1], [0, -1]]","[1, 1, 0, 1, -1, -1, 0, -1, 0, 0, 0, 0, -1, -1, 0, -1]",EXACT_DERIVED
924,"[[-1, 1], [0, 1]]","[[-1, -1], [0, 0]]","[1, 1, 0, 0, -1, -1, 0, 0, 0, 0, 0, 0, -1, -1, 0, 0]",EXACT_DERIVED
925,"[[-1, 1], [0, 1]]","[[-1, -1], [0, 1]]","[1, 1, 0, -1, -1, -1, 0, 1, 0, 0, 0, 0, -1, -1, 0, 1]",EXACT_DERIVED
926,"[[-1, 1], [0, 1]]","[[-1, -1], [1, -1]]","[1, 1, -1, 1, -1, -1, 1, -1, 0, 0, 0, 0, -1, -1, 1, -1]",EXACT_DERIVED
927,"[[-1, 1], [0, 1]]","[[-1, -1], [1, 0]]","[1, 1, -1, 0, -1, -1, 1, 0, 0, 0, 0, 0, -1, -1, 1, 0]",EXACT_DERIVED
928,"[[-1, 1], [0, 1]]","[[-1, -1], [1, 1]]","[1, 1, -1, -1, -1, -1, 1, 1, 0, 0, 0, 0, -1, -1, 1, 1]",EXACT_DERIVED
929,"[[-1, 1], [0, 1]]","[[-1, 0], [-1, -1]]","[1, 0, 1, 1, -1, 0, -1, -1, 0, 0, 0, 0, -1, 0, -1, -1]",EXACT_DERIVED
930,"[[-1, 1], [0, 1]]","[[-1, 0], [-1, 0]]","[1, 0, 1, 0, -1, 0, -1, 0, 0, 0, 0, 0, -1, 0, -1, 0]",EXACT_DERIVED
931,"[[-1, 1], [0, 1]]","[[-1, 0], [-1, 1]]","[1, 0, 1, -1, -1, 0, -1, 1, 0, 0, 0, 0, -1, 0, -1, 1]",EXACT_DERIVED
932,"[[-1, 1], [0, 1]]","[[-1, 0], [0, -1]]","[1, 0, 0, 1, -1, 0, 0, -1, 0, 0, 0, 0, -1, 0, 0, -1]",EXACT_DERIVED
933,"[[-1, 1], [0, 1]]","[[-1, 0], [0, 0]]","[1, 0, 0, 0, -1, 0, 0, 0, 0, 0, 0, 0, -1, 0, 0, 0]",EXACT_DERIVED
934,"[[-1, 1], [0, 1]]","[[-1, 0], [0, 1]]","[1, 0, 0, -1, -1, 0, 0, 1, 0, 0, 0, 0, -1, 0, 0, 1]",EXACT_DERIVED
935,"[[-1, 1], [0, 1]]","[[-1, 0], [1, -1]]","[1, 0, -1, 1, -1, 0, 1, -1, 0, 0, 0, 0, -1, 0, 1, -1]",EXACT_DERIVED
936,"[[-1, 1], [0, 1]]","[[-1, 0], [1, 0]]","[1, 0, -1, 0, -1, 0, 1, 0, 0, 0, 0, 0, -1, 0, 1, 0]",EXACT_DERIVED
937,"[[-1, 1], [0, 1]]","[[-1, 0], [1, 1]]","[1, 0, -1, -1, -1, 0, 1, 1, 0, 0, 0, 0, -1, 0, 1, 1]",EXACT_DERIVED
938,"[[-1, 1], [0, 1]]","[[-1, 1], [-1, -1]]","[1, -1, 1, 1, -1, 1, -1, -1, 0, 0, 0, 0, -1, 1, -1, -1]",EXACT_DERIVED
939,"[[-1, 1], [0, 1]]","[[-1, 1], [-1, 0]]","[1, -1, 1, 0, -1, 1, -1, 0, 0, 0, 0, 0, -1, 1, -1, 0]",EXACT_DERIVED
940,"[[-1, 1], [0, 1]]","[[-1, 1], [-1, 1]]","[1, -1, 1, -1, -1, 1, -1, 1, 0, 0, 0, 0, -1, 1, -1, 1]",EXACT_DERIVED
941,"[[-1, 1], [0, 1]]","[[-1, 1], [0, -1]]","[1, -1, 0, 1, -1, 1, 0, -1, 0, 0, 0, 0, -1, 1, 0, -1]",EXACT_DERIVED
942,"[[-1, 1], [0, 1]]","[[-1, 1], [0, 0]]","[1, -1, 0, 0, -1, 1, 0, 0, 0, 0, 0, 0, -1, 1, 0, 0]",EXACT_DERIVED
943,"[[-1, 1], [0, 1]]","[[-1, 1], [0, 1]]","[1, -1, 0, -1, -1, 1, 0, 1, 0, 0, 0, 0, -1, 1, 0, 1]",EXACT_DERIVED
944,"[[-1, 1], [0, 1]]","[[-1, 1], [1, -1]]","[1, -1, -1, 1, -1, 1, 1, -1, 0, 0, 0, 0, -1, 1, 1, -1]",EXACT_DERIVED
945,"[[-1, 1], [0, 1]]","[[-1, 1], [1, 0]]","[1, -1, -1, 0, -1, 1, 1, 0, 0, 0, 0, 0, -1, 1, 1, 0]",EXACT_DERIVED
946,"[[-1, 1], [0, 1]]","[[-1, 1], [1, 1]]","[1, -1, -1, -1, -1, 1, 1, 1, 0, 0, 0, 0, -1, 1, 1, 1]",EXACT_DERIVED
947,"[[-1, 1], [0, 1]]","[[0, -1], [-1, -1]]","[0, 1, 1, 1, 0, -1, -1, -1, 0, 0, 0, 0, 0, -1, -1, -1]",EXACT_DERIVED
948,"[[-1, 1], [0, 1]]","[[0, -1], [-1, 0]]","[0, 1, 1, 0, 0, -1, -1, 0, 0, 0, 0, 0, 0, -1, -1, 0]",EXACT_DERIVED
949,"[[-1, 1], [0, 1]]","[[0, -1], [-1, 1]]","[0, 1, 1, -1, 0, -1, -1, 1, 0, 0, 0, 0, 0, -1, -1, 1]",EXACT_DERIVED
950,"[[-1, 1], [0, 1]]","[[0, -1], [0, -1]]","[0, 1, 0, 1, 0, -1, 0, -1, 0, 0, 0, 0, 0, -1, 0, -1]",EXACT_DERIVED
951,"[[-1, 1], [0, 1]]","[[0, -1], [0, 0]]","[0, 1, 0, 0, 0, -1, 0, 0, 0, 0, 0, 0, 0, -1, 0, 0]",EXACT_DERIVED
952,"[[-1, 1], [0, 1]]","[[0, -1], [0, 1]]","[0, 1, 0, -1, 0, -1, 0, 1, 0, 0, 0, 0, 0, -1, 0, 1]",EXACT_DERIVED
953,"[[-1, 1], [0, 1]]","[[0, -1], [1, -1]]","[0, 1, -1, 1, 0, -1, 1, -1, 0, 0, 0, 0, 0, -1, 1, -1]",EXACT_DERIVED
954,"[[-1, 1], [0, 1]]","[[0, -1], [1, 0]]","[0, 1, -1, 0, 0, -1, 1, 0, 0, 0, 0, 0, 0, -1, 1, 0]",EXACT_DERIVED
955,"[[-1, 1], [0, 1]]","[[0, -1], [1, 1]]","[0, 1, -1, -1, 0, -1, 1, 1, 0, 0, 0, 0, 0, -1, 1, 1]",EXACT_DERIVED
956,"[[-1, 1], [0, 1]]","[[0, 0], [-1, -1]]","[0, 0, 1, 1, 0, 0, -1, -1, 0, 0, 0, 0, 0, 0, -1, -1]",EXACT_DERIVED
957,"[[-1, 1], [0, 1]]","[[0, 0], [-1, 0]]","[0, 0, 1, 0, 0, 0, -1, 0, 0, 0, 0, 0, 0, 0, -1, 0]",EXACT_DERIVED
958,"[[-1, 1], [0, 1]]","[[0, 0], [-1, 1]]","[0, 0, 1, -1, 0, 0, -1, 1, 0, 0, 0, 0, 0, 0, -1, 1]",EXACT_DERIVED
959,"[[-1, 1], [0, 1]]","[[0, 0], [0, -1]]","[0, 0, 0, 1, 0, 0, 0, -1, 0, 0, 0, 0, 0, 0, 0, -1]",EXACT_DERIVED
960,"[[-1, 1], [1, -1]]","[[-1, -1], [-1, -1]]","[1, 1, 1, 1, -1, -1, -1, -1, -1, -1, -1, -1, 1, 1, 1, 1]",EXACT_DERIVED
961,"[[-1, 1], [1, -1]]","[[-1, -1], [-1, 0]]","[1, 1, 1, 0, -1, -1, -1, 0, -1, -1, -1, 0, 1, 1, 1, 0]",EXACT_DERIVED
962,"[[-1, 1], [1, -1]]","[[-1, -1], [-1, 1]]","[1, 1, 1, -1, -1, -1, -1, 1, -1, -1, -1, 1, 1, 1, 1, -1]",EXACT_DERIVED
963,"[[-1, 1], [1, -1]]","[[-1, -1], [0, -1]]","[1, 1, 0, 1, -1, -1, 0, -1, -1, -1, 0, -1, 1, 1, 0, 1]",EXACT_DERIVED
964,"[[-1, 1], [1, -1]]","[[-1, -1], [0, 0]]","[1, 1, 0, 0, -1, -1, 0, 0, -1, -1, 0, 0, 1, 1, 0, 0]",EXACT_DERIVED
965,"[[-1, 1], [1, -1]]","[[-1, -1], [0, 1]]","[1, 1, 0, -1, -1, -1, 0, 1, -1, -1, 0, 1, 1, 1, 0, -1]",EXACT_DERIVED
966,"[[-1, 1], [1, -1]]","[[-1, -1], [1, -1]]","[1, 1, -1, 1, -1, -1, 1, -1, -1, -1, 1, -1, 1, 1, -1, 1]",EXACT_DERIVED
967,"[[-1, 1], [1, -1]]","[[-1, -1], [1, 0]]","[1, 1, -1, 0, -1, -1, 1, 0, -1, -1, 1, 0, 1, 1, -1, 0]",EXACT_DERIVED
968,"[[-1, 1], [1, -1]]","[[-1, -1], [1, 1]]","[1, 1, -1, -1, -1, -1, 1, 1, -1, -1, 1, 1, 1, 1, -1, -1]",EXACT_DERIVED
969,"[[-1, 1], [1, -1]]","[[-1, 0], [-1, -1]]","[1, 0, 1, 1, -1, 0, -1, -1, -1, 0, -1, -1, 1, 0, 1, 1]",EXACT_DERIVED
970,"[[-1, 1], [1, -1]]","[[-1, 0], [-1, 0]]","[1, 0, 1, 0, -1, 0, -1, 0, -1, 0, -1, 0, 1, 0, 1, 0]",EXACT_DERIVED
971,"[[-1, 1], [1, -1]]","[[-1, 0], [-1, 1]]","[1, 0, 1, -1, -1, 0, -1, 1, -1, 0, -1, 1, 1, 0, 1, -1]",EXACT_DERIVED
972,"[[-1, 1], [1, -1]]","[[-1, 0], [0, -1]]","[1, 0, 0, 1, -1, 0, 0, -1, -1, 0, 0, -1, 1, 0, 0, 1]",EXACT_DERIVED
973,"[[-1, 1], [1, -1]]","[[-1, 0], [0, 0]]","[1, 0, 0, 0, -1, 0, 0, 0, -1, 0, 0, 0, 1, 0, 0, 0]",EXACT_DERIVED
974,"[[-1, 1], [1, -1]]","[[-1, 0], [0, 1]]","[1, 0, 0, -1, -1, 0, 0, 1, -1, 0, 0, 1, 1, 0, 0, -1]",EXACT_DERIVED
975,"[[-1, 1], [1, -1]]","[[-1, 0], [1, -1]]","[1, 0, -1, 1, -1, 0, 1, -1, -1, 0, 1, -1, 1, 0, -1, 1]",EXACT_DERIVED
976,"[[-1, 1], [1, -1]]","[[-1, 0], [1, 0]]","[1, 0, -1, 0, -1, 0, 1, 0, -1, 0, 1, 0, 1, 0, -1, 0]",EXACT_DERIVED
977,"[[-1, 1], [1, -1]]","[[-1, 0], [1, 1]]","[1, 0, -1, -1, -1, 0, 1, 1, -1, 0, 1, 1, 1, 0, -1, -1]",EXACT_DERIVED
978,"[[-1, 1], [1, -1]]","[[-1, 1], [-1, -1]]","[1, -1, 1, 1, -1, 1, -1, -1, -1, 1, -1, -1, 1, -1, 1, 1]",EXACT_DERIVED
979,"[[-1, 1], [1, -1]]","[[-1, 1], [-1, 0]]","[1, -1, 1, 0, -1, 1, -1, 0, -1, 1, -1, 0, 1, -1, 1, 0]",EXACT_DERIVED
980,"[[-1, 1], [1, -1]]","[[-1, 1], [-1, 1]]","[1, -1, 1, -1, -1, 1, -1, 1, -1, 1, -1, 1, 1, -1, 1, -1]",EXACT_DERIVED
981,"[[-1, 1], [1, -1]]","[[-1, 1], [0, -1]]","[1, -1, 0, 1, -1, 1, 0, -1, -1, 1, 0, -1, 1, -1, 0, 1]",EXACT_DERIVED
982,"[[-1, 1], [1, -1]]","[[-1, 1], [0, 0]]","[1, -1, 0, 0, -1, 1, 0, 0, -1, 1, 0, 0, 1, -1, 0, 0]",EXACT_DERIVED
983,"[[-1, 1], [1, -1]]","[[-1, 1], [0, 1]]","[1, -1, 0, -1, -1, 1, 0, 1, -1, 1, 0, 1, 1, -1, 0, -1]",EXACT_DERIVED
984,"[[-1, 1], [1, -1]]","[[-1, 1], [1, -1]]","[1, -1, -1, 1, -1, 1, 1, -1, -1, 1, 1, -1, 1, -1, -1, 1]",EXACT_DERIVED
985,"[[-1, 1], [1, -1]]","[[-1, 1], [1, 0]]","[1, -1, -1, 0, -1, 1, 1, 0, -1, 1, 1, 0, 1, -1, -1, 0]",EXACT_DERIVED
986,"[[-1, 1], [1, -1]]","[[-1, 1], [1, 1]]","[1, -1, -1, -1, -1, 1, 1, 1, -1, 1, 1, 1, 1, -1, -1, -1]",EXACT_DERIVED
987,"[[-1, 1], [1, -1]]","[[0, -1], [-1, -1]]","[0, 1, 1, 1, 0, -1, -1, -1, 0, -1, -1, -1, 0, 1, 1, 1]",EXACT_DERIVED
988,"[[-1, 1], [1, -1]]","[[0, -1], [-1, 0]]","[0, 1, 1, 0, 0, -1, -1, 0, 0, -1, -1, 0, 0, 1, 1, 0]",EXACT_DERIVED
989,"[[-1, 1], [1, -1]]","[[0, -1], [-1, 1]]","[0, 1, 1, -1, 0, -1, -1, 1, 0, -1, -1, 1, 0, 1, 1, -1]",EXACT_DERIVED
990,"[[-1, 1], [1, -1]]","[[0, -1], [0, -1]]","[0, 1, 0, 1, 0, -1, 0, -1, 0, -1, 0, -1, 0, 1, 0, 1]",EXACT_DERIVED
991,"[[-1, 1], [1, -1]]","[[0, -1], [0, 0]]","[0, 1, 0, 0, 0, -1, 0, 0, 0, -1, 0, 0, 0, 1, 0, 0]",EXACT_DERIVED
992,"[[-1, 1], [1, -1]]","[[0, -1], [0, 1]]","[0, 1, 0, -1, 0, -1, 0, 1, 0, -1, 0, 1, 0, 1, 0, -1]",EXACT_DERIVED
993,"[[-1, 1], [1, -1]]","[[0, -1], [1, -1]]","[0, 1, -1, 1, 0, -1, 1, -1, 0, -1, 1, -1, 0, 1, -1, 1]",EXACT_DERIVED
994,"[[-1, 1], [1, -1]]","[[0, -1], [1, 0]]","[0, 1, -1, 0, 0, -1, 1, 0, 0, -1, 1, 0, 0, 1, -1, 0]",EXACT_DERIVED
995,"[[-1, 1], [1, -1]]","[[0, -1], [1, 1]]","[0, 1, -1, -1, 0, -1, 1, 1, 0, -1, 1, 1, 0, 1, -1, -1]",EXACT_DERIVED
996,"[[-1, 1], [1, -1]]","[[0, 0], [-1, -1]]","[0, 0, 1, 1, 0, 0, -1, -1, 0, 0, -1, -1, 0, 0, 1, 1]",EXACT_DERIVED
997,"[[-1, 1], [1, -1]]","[[0, 0], [-1, 0]]","[0, 0, 1, 0, 0, 0, -1, 0, 0, 0, -1, 0, 0, 0, 1, 0]",EXACT_DERIVED
998,"[[-1, 1], [1, -1]]","[[0, 0], [-1, 1]]","[0, 0, 1, -1, 0, 0, -1, 1, 0, 0, -1, 1, 0, 0, 1, -1]",EXACT_DERIVED
999,"[[-1, 1], [1, -1]]","[[0, 0], [0, -1]]","[0, 0, 0, 1, 0, 0, 0, -1, 0, 0, 0, -1, 0, 0, 0, 1]",EXACT_DERIVED
1000,"[[-1, 1], [1, 0]]","[[-1, -1], [-1, -1]]","[1, 1, 1, 1, -1, -1, -1, -1, -1, -1, -1, -1, 0, 0, 0, 0]",EXACT_DERIVED
1001,"[[-1, 1], [1, 0]]","[[-1, -1], [-1, 0]]","[1, 1, 1, 0, -1, -1, -1, 0, -1, -1, -1, 0, 0, 0, 0, 0]",EXACT_DERIVED
1002,"[[-1, 1], [1, 0]]","[[-1, -1], [-1, 1]]","[1, 1, 1, -1, -1, -1, -1, 1, -1, -1, -1, 1, 0, 0, 0, 0]",EXACT_DERIVED
1003,"[[-1, 1], [1, 0]]","[[-1, -1], [0, -1]]","[1, 1, 0, 1, -1, -1, 0, -1, -1, -1, 0, -1, 0, 0, 0, 0]",EXACT_DERIVED
1004,"[[-1, 1], [1, 0]]","[[-1, -1], [0, 0]]","[1, 1, 0, 0, -1, -1, 0, 0, -1, -1, 0, 0, 0, 0, 0, 0]",EXACT_DERIVED
1005,"[[-1, 1], [1, 0]]","[[-1, -1], [0, 1]]","[1, 1, 0, -1, -1, -1, 0, 1, -1, -1, 0, 1, 0, 0, 0, 0]",EXACT_DERIVED
1006,"[[-1, 1], [1, 0]]","[[-1, -1], [1, -1]]","[1, 1, -1, 1, -1, -1, 1, -1, -1, -1, 1, -1, 0, 0, 0, 0]",EXACT_DERIVED
1007,"[[-1, 1], [1, 0]]","[[-1, -1], [1, 0]]","[1, 1, -1, 0, -1, -1, 1, 0, -1, -1, 1, 0, 0, 0, 0, 0]",EXACT_DERIVED
1008,"[[-1, 1], [1, 0]]","[[-1, -1], [1, 1]]","[1, 1, -1, -1, -1, -1, 1, 1, -1, -1, 1, 1, 0, 0, 0, 0]",EXACT_DERIVED
1009,"[[-1, 1], [1, 0]]","[[-1, 0], [-1, -1]]","[1, 0, 1, 1, -1, 0, -1, -1, -1, 0, -1, -1, 0, 0, 0, 0]",EXACT_DERIVED
1010,"[[-1, 1], [1, 0]]","[[-1, 0], [-1, 0]]","[1, 0, 1, 0, -1, 0, -1, 0, -1, 0, -1, 0, 0, 0, 0, 0]",EXACT_DERIVED
1011,"[[-1, 1], [1, 0]]","[[-1, 0], [-1, 1]]","[1, 0, 1, -1, -1, 0, -1, 1, -1, 0, -1, 1, 0, 0, 0, 0]",EXACT_DERIVED
1012,"[[-1, 1], [1, 0]]","[[-1, 0], [0, -1]]","[1, 0, 0, 1, -1, 0, 0, -1, -1, 0, 0, -1, 0, 0, 0, 0]",EXACT_DERIVED
1013,"[[-1, 1], [1, 0]]","[[-1, 0], [0, 0]]","[1, 0, 0, 0, -1, 0, 0, 0, -1, 0, 0, 0, 0, 0, 0, 0]",EXACT_DERIVED
1014,"[[-1, 1], [1, 0]]","[[-1, 0], [0, 1]]","[1, 0, 0, -1, -1, 0, 0, 1, -1, 0, 0, 1, 0, 0, 0, 0]",EXACT_DERIVED
1015,"[[-1, 1], [1, 0]]","[[-1, 0], [1, -1]]","[1, 0, -1, 1, -1, 0, 1, -1, -1, 0, 1, -1, 0, 0, 0, 0]",EXACT_DERIVED
1016,"[[-1, 1], [1, 0]]","[[-1, 0], [1, 0]]","[1, 0, -1, 0, -1, 0, 1, 0, -1, 0, 1, 0, 0, 0, 0, 0]",EXACT_DERIVED
1017,"[[-1, 1], [1, 0]]","[[-1, 0], [1, 1]]","[1, 0, -1, -1, -1, 0, 1, 1, -1, 0, 1, 1, 0, 0, 0, 0]",EXACT_DERIVED
1018,"[[-1, 1], [1, 0]]","[[-1, 1], [-1, -1]]","[1, -1, 1, 1, -1, 1, -1, -1, -1, 1, -1, -1, 0, 0, 0, 0]",EXACT_DERIVED
1019,"[[-1, 1], [1, 0]]","[[-1, 1], [-1, 0]]","[1, -1, 1, 0, -1, 1, -1, 0, -1, 1, -1, 0, 0, 0, 0, 0]",EXACT_DERIVED
1020,"[[-1, 1], [1, 0]]","[[-1, 1], [-1, 1]]","[1, -1, 1, -1, -1, 1, -1, 1, -1, 1, -1, 1, 0, 0, 0, 0]",EXACT_DERIVED
1021,"[[-1, 1], [1, 0]]","[[-1, 1], [0, -1]]","[1, -1, 0, 1, -1, 1, 0, -1, -1, 1, 0, -1, 0, 0, 0, 0]",EXACT_DERIVED
1022,"[[-1, 1], [1, 0]]","[[-1, 1], [0, 0]]","[1, -1, 0, 0, -1, 1, 0, 0, -1, 1, 0, 0, 0, 0, 0, 0]",EXACT_DERIVED
1023,"[[-1, 1], [1, 0]]","[[-1, 1], [0, 1]]","[1, -1, 0, -1, -1, 1, 0, 1, -1, 1, 0, 1, 0, 0, 0, 0]",EXACT_DERIVED
1024,"[[-1, 1], [1, 0]]","[[-1, 1], [1, -1]]","[1, -1, -1, 1, -1, 1, 1, -1, -1, 1, 1, -1, 0, 0, 0, 0]",EXACT_DERIVED
1025,"[[-1, 1], [1, 0]]","[[-1, 1], [1, 0]]","[1, -1, -1, 0, -1, 1, 1, 0, -1, 1, 1, 0, 0, 0, 0, 0]",EXACT_DERIVED
1026,"[[-1, 1], [1, 0]]","[[-1, 1], [1, 1]]","[1, -1, -1, -1, -1, 1, 1, 1, -1, 1, 1, 1, 0, 0, 0, 0]",EXACT_DERIVED
1027,"[[-1, 1], [1, 0]]","[[0, -1], [-1, -1]]","[0, 1, 1, 1, 0, -1, -1, -1, 0, -1, -1, -1, 0, 0, 0, 0]",EXACT_DERIVED
1028,"[[-1, 1], [1, 0]]","[[0, -1], [-1, 0]]","[0, 1, 1, 0, 0, -1, -1, 0, 0, -1, -1, 0, 0, 0, 0, 0]",EXACT_DERIVED
1029,"[[-1, 1], [1, 0]]","[[0, -1], [-1, 1]]","[0, 1, 1, -1, 0, -1, -1, 1, 0, -1, -1, 1, 0, 0, 0, 0]",EXACT_DERIVED
1030,"[[-1, 1], [1, 0]]","[[0, -1], [0, -1]]","[0, 1, 0, 1, 0, -1, 0, -1, 0, -1, 0, -1, 0, 0, 0, 0]",EXACT_DERIVED
1031,"[[-1, 1], [1, 0]]","[[0, -1], [0, 0]]","[0, 1, 0, 0, 0, -1, 0, 0, 0, -1, 0, 0, 0, 0, 0, 0]",EXACT_DERIVED
1032,"[[-1, 1], [1, 0]]","[[0, -1], [0, 1]]","[0, 1, 0, -1, 0, -1, 0, 1, 0, -1, 0, 1, 0, 0, 0, 0]",EXACT_DERIVED
1033,"[[-1, 1], [1, 0]]","[[0, -1], [1, -1]]","[0, 1, -1, 1, 0, -1, 1, -1, 0, -1, 1, -1, 0, 0, 0, 0]",EXACT_DERIVED
1034,"[[-1, 1], [1, 0]]","[[0, -1], [1, 0]]","[0, 1, -1, 0, 0, -1, 1, 0, 0, -1, 1, 0, 0, 0, 0, 0]",EXACT_DERIVED
1035,"[[-1, 1], [1, 0]]","[[0, -1], [1, 1]]","[0, 1, -1, -1, 0, -1, 1, 1, 0, -1, 1, 1, 0, 0, 0, 0]",EXACT_DERIVED
1036,"[[-1, 1], [1, 0]]","[[0, 0], [-1, -1]]","[0, 0, 1, 1, 0, 0, -1, -1, 0, 0, -1, -1, 0, 0, 0, 0]",EXACT_DERIVED
1037,"[[-1, 1], [1, 0]]","[[0, 0], [-1, 0]]","[0, 0, 1, 0, 0, 0, -1, 0, 0, 0, -1, 0, 0, 0, 0, 0]",EXACT_DERIVED
1038,"[[-1, 1], [1, 0]]","[[0, 0], [-1, 1]]","[0, 0, 1, -1, 0, 0, -1, 1, 0, 0, -1, 1, 0, 0, 0, 0]",EXACT_DERIVED
1039,"[[-1, 1], [1, 0]]","[[0, 0], [0, -1]]","[0, 0, 0, 1, 0, 0, 0, -1, 0, 0, 0, -1, 0, 0, 0, 0]",EXACT_DERIVED
1040,"[[-1, 1], [1, 1]]","[[-1, -1], [-1, -1]]","[1, 1, 1, 1, -1, -1, -1, -1, -1, -1, -1, -1, -1, -1, -1, -1]",EXACT_DERIVED
1041,"[[-1, 1], [1, 1]]","[[-1, -1], [-1, 0]]","[1, 1, 1, 0, -1, -1, -1, 0, -1, -1, -1, 0, -1, -1, -1, 0]",EXACT_DERIVED
1042,"[[-1, 1], [1, 1]]","[[-1, -1], [-1, 1]]","[1, 1, 1, -1, -1, -1, -1, 1, -1, -1, -1, 1, -1, -1, -1, 1]",EXACT_DERIVED
1043,"[[-1, 1], [1, 1]]","[[-1, -1], [0, -1]]","[1, 1, 0, 1, -1, -1, 0, -1, -1, -1, 0, -1, -1, -1, 0, -1]",EXACT_DERIVED
1044,"[[-1, 1], [1, 1]]","[[-1, -1], [0, 0]]","[1, 1, 0, 0, -1, -1, 0, 0, -1, -1, 0, 0, -1, -1, 0, 0]",EXACT_DERIVED
1045,"[[-1, 1], [1, 1]]","[[-1, -1], [0, 1]]","[1, 1, 0, -1, -1, -1, 0, 1, -1, -1, 0, 1, -1, -1, 0, 1]",EXACT_DERIVED
1046,"[[-1, 1], [1, 1]]","[[-1, -1], [1, -1]]","[1, 1, -1, 1, -1, -1, 1, -1, -1, -1, 1, -1, -1, -1, 1, -1]",EXACT_DERIVED
1047,"[[-1, 1], [1, 1]]","[[-1, -1], [1, 0]]","[1, 1, -1, 0, -1, -1, 1, 0, -1, -1, 1, 0, -1, -1, 1, 0]",EXACT_DERIVED
1048,"[[-1, 1], [1, 1]]","[[-1, -1], [1, 1]]","[1, 1, -1, -1, -1, -1, 1, 1, -1, -1, 1, 1, -1, -1, 1, 1]",EXACT_DERIVED
1049,"[[-1, 1], [1, 1]]","[[-1, 0], [-1, -1]]","[1, 0, 1, 1, -1, 0, -1, -1, -1, 0, -1, -1, -1, 0, -1, -1]",EXACT_DERIVED
1050,"[[-1, 1], [1, 1]]","[[-1, 0], [-1, 0]]","[1, 0, 1, 0, -1, 0, -1, 0, -1, 0, -1, 0, -1, 0, -1, 0]",EXACT_DERIVED
1051,"[[-1, 1], [1, 1]]","[[-1, 0], [-1, 1]]","[1, 0, 1, -1, -1, 0, -1, 1, -1, 0, -1, 1, -1, 0, -1, 1]",EXACT_DERIVED
1052,"[[-1, 1], [1, 1]]","[[-1, 0], [0, -1]]","[1, 0, 0, 1, -1, 0, 0, -1, -1, 0, 0, -1, -1, 0, 0, -1]",EXACT_DERIVED
1053,"[[-1, 1], [1, 1]]","[[-1, 0], [0, 0]]","[1, 0, 0, 0, -1, 0, 0, 0, -1, 0, 0, 0, -1, 0, 0, 0]",EXACT_DERIVED
1054,"[[-1, 1], [1, 1]]","[[-1, 0], [0, 1]]","[1, 0, 0, -1, -1, 0, 0, 1, -1, 0, 0, 1, -1, 0, 0, 1]",EXACT_DERIVED
1055,"[[-1, 1], [1, 1]]","[[-1, 0], [1, -1]]","[1, 0, -1, 1, -1, 0, 1, -1, -1, 0, 1, -1, -1, 0, 1, -1]",EXACT_DERIVED
1056,"[[-1, 1], [1, 1]]","[[-1, 0], [1, 0]]","[1, 0, -1, 0, -1, 0, 1, 0, -1, 0, 1, 0, -1, 0, 1, 0]",EXACT_DERIVED
1057,"[[-1, 1], [1, 1]]","[[-1, 0], [1, 1]]","[1, 0, -1, -1, -1, 0, 1, 1, -1, 0, 1, 1, -1, 0, 1, 1]",EXACT_DERIVED
1058,"[[-1, 1], [1, 1]]","[[-1, 1], [-1, -1]]","[1, -1, 1, 1, -1, 1, -1, -1, -1, 1, -1, -1, -1, 1, -1, -1]",EXACT_DERIVED
1059,"[[-1, 1], [1, 1]]","[[-1, 1], [-1, 0]]","[1, -1, 1, 0, -1, 1, -1, 0, -1, 1, -1, 0, -1, 1, -1, 0]",EXACT_DERIVED
1060,"[[-1, 1], [1, 1]]","[[-1, 1], [-1, 1]]","[1, -1, 1, -1, -1, 1, -1, 1, -1, 1, -1, 1, -1, 1, -1, 1]",EXACT_DERIVED
1061,"[[-1, 1], [1, 1]]","[[-1, 1], [0, -1]]","[1, -1, 0, 1, -1, 1, 0, -1, -1, 1, 0, -1, -1, 1, 0, -1]",EXACT_DERIVED
1062,"[[-1, 1], [1, 1]]","[[-1, 1], [0, 0]]","[1, -1, 0, 0, -1, 1, 0, 0, -1, 1, 0, 0, -1, 1, 0, 0]",EXACT_DERIVED
1063,"[[-1, 1], [1, 1]]","[[-1, 1], [0, 1]]","[1, -1, 0, -1, -1, 1, 0, 1, -1, 1, 0, 1, -1, 1, 0, 1]",EXACT_DERIVED
1064,"[[-1, 1], [1, 1]]","[[-1, 1], [1, -1]]","[1, -1, -1, 1, -1, 1, 1, -1, -1, 1, 1, -1, -1, 1, 1, -1]",EXACT_DERIVED
1065,"[[-1, 1], [1, 1]]","[[-1, 1], [1, 0]]","[1, -1, -1, 0, -1, 1, 1, 0, -1, 1, 1, 0, -1, 1, 1, 0]",EXACT_DERIVED
1066,"[[-1, 1], [1, 1]]","[[-1, 1], [1, 1]]","[1, -1, -1, -1, -1, 1, 1, 1, -1, 1, 1, 1, -1, 1, 1, 1]",EXACT_DERIVED
1067,"[[-1, 1], [1, 1]]","[[0, -1], [-1, -1]]","[0, 1, 1, 1, 0, -1, -1, -1, 0, -1, -1, -1, 0, -1, -1, -1]",EXACT_DERIVED
1068,"[[-1, 1], [1, 1]]","[[0, -1], [-1, 0]]","[0, 1, 1, 0, 0, -1, -1, 0, 0, -1, -1, 0, 0, -1, -1, 0]",EXACT_DERIVED
1069,"[[-1, 1], [1, 1]]","[[0, -1], [-1, 1]]","[0, 1, 1, -1, 0, -1, -1, 1, 0, -1, -1, 1, 0, -1, -1, 1]",EXACT_DERIVED
1070,"[[-1, 1], [1, 1]]","[[0, -1], [0, -1]]","[0, 1, 0, 1, 0, -1, 0, -1, 0, -1, 0, -1, 0, -1, 0, -1]",EXACT_DERIVED
1071,"[[-1, 1], [1, 1]]","[[0, -1], [0, 0]]","[0, 1, 0, 0, 0, -1, 0, 0, 0, -1, 0, 0, 0, -1, 0, 0]",EXACT_DERIVED
1072,"[[-1, 1], [1, 1]]","[[0, -1], [0, 1]]","[0, 1, 0, -1, 0, -1, 0, 1, 0, -1, 0, 1, 0, -1, 0, 1]",EXACT_DERIVED
1073,"[[-1, 1], [1, 1]]","[[0, -1], [1, -1]]","[0, 1, -1, 1, 0, -1, 1, -1, 0, -1, 1, -1, 0, -1, 1, -1]",EXACT_DERIVED
1074,"[[-1, 1], [1, 1]]","[[0, -1], [1, 0]]","[0, 1, -1, 0, 0, -1, 1, 0, 0, -1, 1, 0, 0, -1, 1, 0]",EXACT_DERIVED
1075,"[[-1, 1], [1, 1]]","[[0, -1], [1, 1]]","[0, 1, -1, -1, 0, -1, 1, 1, 0, -1, 1, 1, 0, -1, 1, 1]",EXACT_DERIVED
1076,"[[-1, 1], [1, 1]]","[[0, 0], [-1, -1]]","[0, 0, 1, 1, 0, 0, -1, -1, 0, 0, -1, -1, 0, 0, -1, -1]",EXACT_DERIVED
1077,"[[-1, 1], [1, 1]]","[[0, 0], [-1, 0]]","[0, 0, 1, 0, 0, 0, -1, 0, 0, 0, -1, 0, 0, 0, -1, 0]",EXACT_DERIVED
1078,"[[-1, 1], [1, 1]]","[[0, 0], [-1, 1]]","[0, 0, 1, -1, 0, 0, -1, 1, 0, 0, -1, 1, 0, 0, -1, 1]",EXACT_DERIVED
1079,"[[-1, 1], [1, 1]]","[[0, 0], [0, -1]]","[0, 0, 0, 1, 0, 0, 0, -1, 0, 0, 0, -1, 0, 0, 0, -1]",EXACT_DERIVED
1080,"[[0, -1], [-1, -1]]","[[-1, -1], [-1, -1]]","[0, 0, 0, 0, 1, 1, 1, 1, 1, 1, 1, 1, 1, 1, 1, 1]",EXACT_DERIVED
1081,"[[0, -1], [-1, -1]]","[[-1, -1], [-1, 0]]","[0, 0, 0, 0, 1, 1, 1, 0, 1, 1, 1, 0, 1, 1, 1, 0]",EXACT_DERIVED
1082,"[[0, -1], [-1, -1]]","[[-1, -1], [-1, 1]]","[0, 0, 0, 0, 1, 1, 1, -1, 1, 1, 1, -1, 1, 1, 1, -1]",EXACT_DERIVED
1083,"[[0, -1], [-1, -1]]","[[-1, -1], [0, -1]]","[0, 0, 0, 0, 1, 1, 0, 1, 1, 1, 0, 1, 1, 1, 0, 1]",EXACT_DERIVED
1084,"[[0, -1], [-1, -1]]","[[-1, -1], [0, 0]]","[0, 0, 0, 0, 1, 1, 0, 0, 1, 1, 0, 0, 1, 1, 0, 0]",EXACT_DERIVED
1085,"[[0, -1], [-1, -1]]","[[-1, -1], [0, 1]]","[0, 0, 0, 0, 1, 1, 0, -1, 1, 1, 0, -1, 1, 1, 0, -1]",EXACT_DERIVED
1086,"[[0, -1], [-1, -1]]","[[-1, -1], [1, -1]]","[0, 0, 0, 0, 1, 1, -1, 1, 1, 1, -1, 1, 1, 1, -1, 1]",EXACT_DERIVED
1087,"[[0, -1], [-1, -1]]","[[-1, -1], [1, 0]]","[0, 0, 0, 0, 1, 1, -1, 0, 1, 1, -1, 0, 1, 1, -1, 0]",EXACT_DERIVED
1088,"[[0, -1], [-1, -1]]","[[-1, -1], [1, 1]]","[0, 0, 0, 0, 1, 1, -1, -1, 1, 1, -1, -1, 1, 1, -1, -1]",EXACT_DERIVED
1089,"[[0, -1], [-1, -1]]","[[-1, 0], [-1, -1]]","[0, 0, 0, 0, 1, 0, 1, 1, 1, 0, 1, 1, 1, 0, 1, 1]",EXACT_DERIVED
1090,"[[0, -1], [-1, -1]]","[[-1, 0], [-1, 0]]","[0, 0, 0, 0, 1, 0, 1, 0, 1, 0, 1, 0, 1, 0, 1, 0]",EXACT_DERIVED
1091,"[[0, -1], [-1, -1]]","[[-1, 0], [-1, 1]]","[0, 0, 0, 0, 1, 0, 1, -1, 1, 0, 1, -1, 1, 0, 1, -1]",EXACT_DERIVED
1092,"[[0, -1], [-1, -1]]","[[-1, 0], [0, -1]]","[0, 0, 0, 0, 1, 0, 0, 1, 1, 0, 0, 1, 1, 0, 0, 1]",EXACT_DERIVED
1093,"[[0, -1], [-1, -1]]","[[-1, 0], [0, 0]]","[0, 0, 0, 0, 1, 0, 0, 0, 1, 0, 0, 0, 1, 0, 0, 0]",EXACT_DERIVED
1094,"[[0, -1], [-1, -1]]","[[-1, 0], [0, 1]]","[0, 0, 0, 0, 1, 0, 0, -1, 1, 0, 0, -1, 1, 0, 0, -1]",EXACT_DERIVED
1095,"[[0, -1], [-1, -1]]","[[-1, 0], [1, -1]]","[0, 0, 0, 0, 1, 0, -1, 1, 1, 0, -1, 1, 1, 0, -1, 1]",EXACT_DERIVED
1096,"[[0, -1], [-1, -1]]","[[-1, 0], [1, 0]]","[0, 0, 0, 0, 1, 0, -1, 0, 1, 0, -1, 0, 1, 0, -1, 0]",EXACT_DERIVED
1097,"[[0, -1], [-1, -1]]","[[-1, 0], [1, 1]]","[0, 0, 0, 0, 1, 0, -1, -1, 1, 0, -1, -1, 1, 0, -1, -1]",EXACT_DERIVED
1098,"[[0, -1], [-1, -1]]","[[-1, 1], [-1, -1]]","[0, 0, 0, 0, 1, -1, 1, 1, 1, -1, 1, 1, 1, -1, 1, 1]",EXACT_DERIVED
1099,"[[0, -1], [-1, -1]]","[[-1, 1], [-1, 0]]","[0, 0, 0, 0, 1, -1, 1, 0, 1, -1, 1, 0, 1, -1, 1, 0]",EXACT_DERIVED
1100,"[[0, -1], [-1, -1]]","[[-1, 1], [-1, 1]]","[0, 0, 0, 0, 1, -1, 1, -1, 1, -1, 1, -1, 1, -1, 1, -1]",EXACT_DERIVED
1101,"[[0, -1], [-1, -1]]","[[-1, 1], [0, -1]]","[0, 0, 0, 0, 1, -1, 0, 1, 1, -1, 0, 1, 1, -1, 0, 1]",EXACT_DERIVED
1102,"[[0, -1], [-1, -1]]","[[-1, 1], [0, 0]]","[0, 0, 0, 0, 1, -1, 0, 0, 1, -1, 0, 0, 1, -1, 0, 0]",EXACT_DERIVED
1103,"[[0, -1], [-1, -1]]","[[-1, 1], [0, 1]]","[0, 0, 0, 0, 1, -1, 0, -1, 1, -1, 0, -1, 1, -1, 0, -1]",EXACT_DERIVED
1104,"[[0, -1], [-1, -1]]","[[-1, 1], [1, -1]]","[0, 0, 0, 0, 1, -1, -1, 1, 1, -1, -1, 1, 1, -1, -1, 1]",EXACT_DERIVED
1105,"[[0, -1], [-1, -1]]","[[-1, 1], [1, 0]]","[0, 0, 0, 0, 1, -1, -1, 0, 1, -1, -1, 0, 1, -1, -1, 0]",EXACT_DERIVED
1106,"[[0, -1], [-1, -1]]","[[-1, 1], [1, 1]]","[0, 0, 0, 0, 1, -1, -1, -1, 1, -1, -1, -1, 1, -1, -1, -1]",EXACT_DERIVED
1107,"[[0, -1], [-1, -1]]","[[0, -1], [-1, -1]]","[0, 0, 0, 0, 0, 1, 1, 1, 0, 1, 1, 1, 0, 1, 1, 1]",EXACT_DERIVED
1108,"[[0, -1], [-1, -1]]","[[0, -1], [-1, 0]]","[0, 0, 0, 0, 0, 1, 1, 0, 0, 1, 1, 0, 0, 1, 1, 0]",EXACT_DERIVED
1109,"[[0, -1], [-1, -1]]","[[0, -1], [-1, 1]]","[0, 0, 0, 0, 0, 1, 1, -1, 0, 1, 1, -1, 0, 1, 1, -1]",EXACT_DERIVED
1110,"[[0, -1], [-1, -1]]","[[0, -1], [0, -1]]","[0, 0, 0, 0, 0, 1, 0, 1, 0, 1, 0, 1, 0, 1, 0, 1]",EXACT_DERIVED
1111,"[[0, -1], [-1, -1]]","[[0, -1], [0, 0]]","[0, 0, 0, 0, 0, 1, 0, 0, 0, 1, 0, 0, 0, 1, 0, 0]",EXACT_DERIVED
1112,"[[0, -1], [-1, -1]]","[[0, -1], [0, 1]]","[0, 0, 0, 0, 0, 1, 0, -1, 0, 1, 0, -1, 0, 1, 0, -1]",EXACT_DERIVED
1113,"[[0, -1], [-1, -1]]","[[0, -1], [1, -1]]","[0, 0, 0, 0, 0, 1, -1, 1, 0, 1, -1, 1, 0, 1, -1, 1]",EXACT_DERIVED
1114,"[[0, -1], [-1, -1]]","[[0, -1], [1, 0]]","[0, 0, 0, 0, 0, 1, -1, 0, 0, 1, -1, 0, 0, 1, -1, 0]",EXACT_DERIVED
1115,"[[0, -1], [-1, -1]]","[[0, -1], [1, 1]]","[0, 0, 0, 0, 0, 1, -1, -1, 0, 1, -1, -1, 0, 1, -1, -1]",EXACT_DERIVED
1116,"[[0, -1], [-1, -1]]","[[0, 0], [-1, -1]]","[0, 0, 0, 0, 0, 0, 1, 1, 0, 0, 1, 1, 0, 0, 1, 1]",EXACT_DERIVED
1117,"[[0, -1], [-1, -1]]","[[0, 0], [-1, 0]]","[0, 0, 0, 0, 0, 0, 1, 0, 0, 0, 1, 0, 0, 0, 1, 0]",EXACT_DERIVED
1118,"[[0, -1], [-1, -1]]","[[0, 0], [-1, 1]]","[0, 0, 0, 0, 0, 0, 1, -1, 0, 0, 1, -1, 0, 0, 1, -1]",EXACT_DERIVED
1119,"[[0, -1], [-1, -1]]","[[0, 0], [0, -1]]","[0, 0, 0, 0, 0, 0, 0, 1, 0, 0, 0, 1, 0, 0, 0, 1]",EXACT_DERIVED
1120,"[[0, -1], [-1, 0]]","[[-1, -1], [-1, -1]]","[0, 0, 0, 0, 1, 1, 1, 1, 1, 1, 1, 1, 0, 0, 0, 0]",EXACT_DERIVED
1121,"[[0, -1], [-1, 0]]","[[-1, -1], [-1, 0]]","[0, 0, 0, 0, 1, 1, 1, 0, 1, 1, 1, 0, 0, 0, 0, 0]",EXACT_DERIVED
1122,"[[0, -1], [-1, 0]]","[[-1, -1], [-1, 1]]","[0, 0, 0, 0, 1, 1, 1, -1, 1, 1, 1, -1, 0, 0, 0, 0]",EXACT_DERIVED
1123,"[[0, -1], [-1, 0]]","[[-1, -1], [0, -1]]","[0, 0, 0, 0, 1, 1, 0, 1, 1, 1, 0, 1, 0, 0, 0, 0]",EXACT_DERIVED
1124,"[[0, -1], [-1, 0]]","[[-1, -1], [0, 0]]","[0, 0, 0, 0, 1, 1, 0, 0, 1, 1, 0, 0, 0, 0, 0, 0]",EXACT_DERIVED
1125,"[[0, -1], [-1, 0]]","[[-1, -1], [0, 1]]","[0, 0, 0, 0, 1, 1, 0, -1, 1, 1, 0, -1, 0, 0, 0, 0]",EXACT_DERIVED
1126,"[[0, -1], [-1, 0]]","[[-1, -1], [1, -1]]","[0, 0, 0, 0, 1, 1, -1, 1, 1, 1, -1, 1, 0, 0, 0, 0]",EXACT_DERIVED
1127,"[[0, -1], [-1, 0]]","[[-1, -1], [1, 0]]","[0, 0, 0, 0, 1, 1, -1, 0, 1, 1, -1, 0, 0, 0, 0, 0]",EXACT_DERIVED
1128,"[[0, -1], [-1, 0]]","[[-1, -1], [1, 1]]","[0, 0, 0, 0, 1, 1, -1, -1, 1, 1, -1, -1, 0, 0, 0, 0]",EXACT_DERIVED
1129,"[[0, -1], [-1, 0]]","[[-1, 0], [-1, -1]]","[0, 0, 0, 0, 1, 0, 1, 1, 1, 0, 1, 1, 0, 0, 0, 0]",EXACT_DERIVED
1130,"[[0, -1], [-1, 0]]","[[-1, 0], [-1, 0]]","[0, 0, 0, 0, 1, 0, 1, 0, 1, 0, 1, 0, 0, 0, 0, 0]",EXACT_DERIVED
1131,"[[0, -1], [-1, 0]]","[[-1, 0], [-1, 1]]","[0, 0, 0, 0, 1, 0, 1, -1, 1, 0, 1, -1, 0, 0, 0, 0]",EXACT_DERIVED
1132,"[[0, -1], [-1, 0]]","[[-1, 0], [0, -1]]","[0, 0, 0, 0, 1, 0, 0, 1, 1, 0, 0, 1, 0, 0, 0, 0]",EXACT_DERIVED
1133,"[[0, -1], [-1, 0]]","[[-1, 0], [0, 0]]","[0, 0, 0, 0, 1, 0, 0, 0, 1, 0, 0, 0, 0, 0, 0, 0]",EXACT_DERIVED
1134,"[[0, -1], [-1, 0]]","[[-1, 0], [0, 1]]","[0, 0, 0, 0, 1, 0, 0, -1, 1, 0, 0, -1, 0, 0, 0, 0]",EXACT_DERIVED
1135,"[[0, -1], [-1, 0]]","[[-1, 0], [1, -1]]","[0, 0, 0, 0, 1, 0, -1, 1, 1, 0, -1, 1, 0, 0, 0, 0]",EXACT_DERIVED
1136,"[[0, -1], [-1, 0]]","[[-1, 0], [1, 0]]","[0, 0, 0, 0, 1, 0, -1, 0, 1, 0, -1, 0, 0, 0, 0, 0]",EXACT_DERIVED
1137,"[[0, -1], [-1, 0]]","[[-1, 0], [1, 1]]","[0, 0, 0, 0, 1, 0, -1, -1, 1, 0, -1, -1, 0, 0, 0, 0]",EXACT_DERIVED
1138,"[[0, -1], [-1, 0]]","[[-1, 1], [-1, -1]]","[0, 0, 0, 0, 1, -1, 1, 1, 1, -1, 1, 1, 0, 0, 0, 0]",EXACT_DERIVED
1139,"[[0, -1], [-1, 0]]","[[-1, 1], [-1, 0]]","[0, 0, 0, 0, 1, -1, 1, 0, 1, -1, 1, 0, 0, 0, 0, 0]",EXACT_DERIVED
1140,"[[0, -1], [-1, 0]]","[[-1, 1], [-1, 1]]","[0, 0, 0, 0, 1, -1, 1, -1, 1, -1, 1, -1, 0, 0, 0, 0]",EXACT_DERIVED
1141,"[[0, -1], [-1, 0]]","[[-1, 1], [0, -1]]","[0, 0, 0, 0, 1, -1, 0, 1, 1, -1, 0, 1, 0, 0, 0, 0]",EXACT_DERIVED
1142,"[[0, -1], [-1, 0]]","[[-1, 1], [0, 0]]","[0, 0, 0, 0, 1, -1, 0, 0, 1, -1, 0, 0, 0, 0, 0, 0]",EXACT_DERIVED
1143,"[[0, -1], [-1, 0]]","[[-1, 1], [0, 1]]","[0, 0, 0, 0, 1, -1, 0, -1, 1, -1, 0, -1, 0, 0, 0, 0]",EXACT_DERIVED
1144,"[[0, -1], [-1, 0]]","[[-1, 1], [1, -1]]","[0, 0, 0, 0, 1, -1, -1, 1, 1, -1, -1, 1, 0, 0, 0, 0]",EXACT_DERIVED
1145,"[[0, -1], [-1, 0]]","[[-1, 1], [1, 0]]","[0, 0, 0, 0, 1, -1, -1, 0, 1, -1, -1, 0, 0, 0, 0, 0]",EXACT_DERIVED
1146,"[[0, -1], [-1, 0]]","[[-1, 1], [1, 1]]","[0, 0, 0, 0, 1, -1, -1, -1, 1, -1, -1, -1, 0, 0, 0, 0]",EXACT_DERIVED
1147,"[[0, -1], [-1, 0]]","[[0, -1], [-1, -1]]","[0, 0, 0, 0, 0, 1, 1, 1, 0, 1, 1, 1, 0, 0, 0, 0]",EXACT_DERIVED
1148,"[[0, -1], [-1, 0]]","[[0, -1], [-1, 0]]","[0, 0, 0, 0, 0, 1, 1, 0, 0, 1, 1, 0, 0, 0, 0, 0]",EXACT_DERIVED
1149,"[[0, -1], [-1, 0]]","[[0, -1], [-1, 1]]","[0, 0, 0, 0, 0, 1, 1, -1, 0, 1, 1, -1, 0, 0, 0, 0]",EXACT_DERIVED
1150,"[[0, -1], [-1, 0]]","[[0, -1], [0, -1]]","[0, 0, 0, 0, 0, 1, 0, 1, 0, 1, 0, 1, 0, 0, 0, 0]",EXACT_DERIVED
1151,"[[0, -1], [-1, 0]]","[[0, -1], [0, 0]]","[0, 0, 0, 0, 0, 1, 0, 0, 0, 1, 0, 0, 0, 0, 0, 0]",EXACT_DERIVED
1152,"[[0, -1], [-1, 0]]","[[0, -1], [0, 1]]","[0, 0, 0, 0, 0, 1, 0, -1, 0, 1, 0, -1, 0, 0, 0, 0]",EXACT_DERIVED
1153,"[[0, -1], [-1, 0]]","[[0, -1], [1, -1]]","[0, 0, 0, 0, 0, 1, -1, 1, 0, 1, -1, 1, 0, 0, 0, 0]",EXACT_DERIVED
1154,"[[0, -1], [-1, 0]]","[[0, -1], [1, 0]]","[0, 0, 0, 0, 0, 1, -1, 0, 0, 1, -1, 0, 0, 0, 0, 0]",EXACT_DERIVED
1155,"[[0, -1], [-1, 0]]","[[0, -1], [1, 1]]","[0, 0, 0, 0, 0, 1, -1, -1, 0, 1, -1, -1, 0, 0, 0, 0]",EXACT_DERIVED
1156,"[[0, -1], [-1, 0]]","[[0, 0], [-1, -1]]","[0, 0, 0, 0, 0, 0, 1, 1, 0, 0, 1, 1, 0, 0, 0, 0]",EXACT_DERIVED
1157,"[[0, -1], [-1, 0]]","[[0, 0], [-1, 0]]","[0, 0, 0, 0, 0, 0, 1, 0, 0, 0, 1, 0, 0, 0, 0, 0]",EXACT_DERIVED
1158,"[[0, -1], [-1, 0]]","[[0, 0], [-1, 1]]","[0, 0, 0, 0, 0, 0, 1, -1, 0, 0, 1, -1, 0, 0, 0, 0]",EXACT_DERIVED
1159,"[[0, -1], [-1, 0]]","[[0, 0], [0, -1]]","[0, 0, 0, 0, 0, 0, 0, 1, 0, 0, 0, 1, 0, 0, 0, 0]",EXACT_DERIVED
1160,"[[0, -1], [-1, 1]]","[[-1, -1], [-1, -1]]","[0, 0, 0, 0, 1, 1, 1, 1, 1, 1, 1, 1, -1, -1, -1, -1]",EXACT_DERIVED
1161,"[[0, -1], [-1, 1]]","[[-1, -1], [-1, 0]]","[0, 0, 0, 0, 1, 1, 1, 0, 1, 1, 1, 0, -1, -1, -1, 0]",EXACT_DERIVED
1162,"[[0, -1], [-1, 1]]","[[-1, -1], [-1, 1]]","[0, 0, 0, 0, 1, 1, 1, -1, 1, 1, 1, -1, -1, -1, -1, 1]",EXACT_DERIVED
1163,"[[0, -1], [-1, 1]]","[[-1, -1], [0, -1]]","[0, 0, 0, 0, 1, 1, 0, 1, 1, 1, 0, 1, -1, -1, 0, -1]",EXACT_DERIVED
1164,"[[0, -1], [-1, 1]]","[[-1, -1], [0, 0]]","[0, 0, 0, 0, 1, 1, 0, 0, 1, 1, 0, 0, -1, -1, 0, 0]",EXACT_DERIVED
1165,"[[0, -1], [-1, 1]]","[[-1, -1], [0, 1]]","[0, 0, 0, 0, 1, 1, 0, -1, 1, 1, 0, -1, -1, -1, 0, 1]",EXACT_DERIVED
1166,"[[0, -1], [-1, 1]]","[[-1, -1], [1, -1]]","[0, 0, 0, 0, 1, 1, -1, 1, 1, 1, -1, 1, -1, -1, 1, -1]",EXACT_DERIVED
1167,"[[0, -1], [-1, 1]]","[[-1, -1], [1, 0]]","[0, 0, 0, 0, 1, 1, -1, 0, 1, 1, -1, 0, -1, -1, 1, 0]",EXACT_DERIVED
1168,"[[0, -1], [-1, 1]]","[[-1, -1], [1, 1]]","[0, 0, 0, 0, 1, 1, -1, -1, 1, 1, -1, -1, -1, -1, 1, 1]",EXACT_DERIVED
1169,"[[0, -1], [-1, 1]]","[[-1, 0], [-1, -1]]","[0, 0, 0, 0, 1, 0, 1, 1, 1, 0, 1, 1, -1, 0, -1, -1]",EXACT_DERIVED
1170,"[[0, -1], [-1, 1]]","[[-1, 0], [-1, 0]]","[0, 0, 0, 0, 1, 0, 1, 0, 1, 0, 1, 0, -1, 0, -1, 0]",EXACT_DERIVED
1171,"[[0, -1], [-1, 1]]","[[-1, 0], [-1, 1]]","[0, 0, 0, 0, 1, 0, 1, -1, 1, 0, 1, -1, -1, 0, -1, 1]",EXACT_DERIVED
1172,"[[0, -1], [-1, 1]]","[[-1, 0], [0, -1]]","[0, 0, 0, 0, 1, 0, 0, 1, 1, 0, 0, 1, -1, 0, 0, -1]",EXACT_DERIVED
1173,"[[0, -1], [-1, 1]]","[[-1, 0], [0, 0]]","[0, 0, 0, 0, 1, 0, 0, 0, 1, 0, 0, 0, -1, 0, 0, 0]",EXACT_DERIVED
1174,"[[0, -1], [-1, 1]]","[[-1, 0], [0, 1]]","[0, 0, 0, 0, 1, 0, 0, -1, 1, 0, 0, -1, -1, 0, 0, 1]",EXACT_DERIVED
1175,"[[0, -1], [-1, 1]]","[[-1, 0], [1, -1]]","[0, 0, 0, 0, 1, 0, -1, 1, 1, 0, -1, 1, -1, 0, 1, -1]",EXACT_DERIVED
1176,"[[0, -1], [-1, 1]]","[[-1, 0], [1, 0]]","[0, 0, 0, 0, 1, 0, -1, 0, 1, 0, -1, 0, -1, 0, 1, 0]",EXACT_DERIVED
1177,"[[0, -1], [-1, 1]]","[[-1, 0], [1, 1]]","[0, 0, 0, 0, 1, 0, -1, -1, 1, 0, -1, -1, -1, 0, 1, 1]",EXACT_DERIVED
1178,"[[0, -1], [-1, 1]]","[[-1, 1], [-1, -1]]","[0, 0, 0, 0, 1, -1, 1, 1, 1, -1, 1, 1, -1, 1, -1, -1]",EXACT_DERIVED
1179,"[[0, -1], [-1, 1]]","[[-1, 1], [-1, 0]]","[0, 0, 0, 0, 1, -1, 1, 0, 1, -1, 1, 0, -1, 1, -1, 0]",EXACT_DERIVED
1180,"[[0, -1], [-1, 1]]","[[-1, 1], [-1, 1]]","[0, 0, 0, 0, 1, -1, 1, -1, 1, -1, 1, -1, -1, 1, -1, 1]",EXACT_DERIVED
1181,"[[0, -1], [-1, 1]]","[[-1, 1], [0, -1]]","[0, 0, 0, 0, 1, -1, 0, 1, 1, -1, 0, 1, -1, 1, 0, -1]",EXACT_DERIVED
1182,"[[0, -1], [-1, 1]]","[[-1, 1], [0, 0]]","[0, 0, 0, 0, 1, -1, 0, 0, 1, -1, 0, 0, -1, 1, 0, 0]",EXACT_DERIVED
1183,"[[0, -1], [-1, 1]]","[[-1, 1], [0, 1]]","[0, 0, 0, 0, 1, -1, 0, -1, 1, -1, 0, -1, -1, 1, 0, 1]",EXACT_DERIVED
1184,"[[0, -1], [-1, 1]]","[[-1, 1], [1, -1]]","[0, 0, 0, 0, 1, -1, -1, 1, 1, -1, -1, 1, -1, 1, 1, -1]",EXACT_DERIVED
1185,"[[0, -1], [-1, 1]]","[[-1, 1], [1, 0]]","[0, 0, 0, 0, 1, -1, -1, 0, 1, -1, -1, 0, -1, 1, 1, 0]",EXACT_DERIVED
1186,"[[0, -1], [-1, 1]]","[[-1, 1], [1, 1]]","[0, 0, 0, 0, 1, -1, -1, -1, 1, -1, -1, -1, -1, 1, 1, 1]",EXACT_DERIVED
1187,"[[0, -1], [-1, 1]]","[[0, -1], [-1, -1]]","[0, 0, 0, 0, 0, 1, 1, 1, 0, 1, 1, 1, 0, -1, -1, -1]",EXACT_DERIVED
1188,"[[0, -1], [-1, 1]]","[[0, -1], [-1, 0]]","[0, 0, 0, 0, 0, 1, 1, 0, 0, 1, 1, 0, 0, -1, -1, 0]",EXACT_DERIVED
1189,"[[0, -1], [-1, 1]]","[[0, -1], [-1, 1]]","[0, 0, 0, 0, 0, 1, 1, -1, 0, 1, 1, -1, 0, -1, -1, 1]",EXACT_DERIVED
1190,"[[0, -1], [-1, 1]]","[[0, -1], [0, -1]]","[0, 0, 0, 0, 0, 1, 0, 1, 0, 1, 0, 1, 0, -1, 0, -1]",EXACT_DERIVED
1191,"[[0, -1], [-1, 1]]","[[0, -1], [0, 0]]","[0, 0, 0, 0, 0, 1, 0, 0, 0, 1, 0, 0, 0, -1, 0, 0]",EXACT_DERIVED
1192,"[[0, -1], [-1, 1]]","[[0, -1], [0, 1]]","[0, 0, 0, 0, 0, 1, 0, -1, 0, 1, 0, -1, 0, -1, 0, 1]",EXACT_DERIVED
1193,"[[0, -1], [-1, 1]]","[[0, -1], [1, -1]]","[0, 0, 0, 0, 0, 1, -1, 1, 0, 1, -1, 1, 0, -1, 1, -1]",EXACT_DERIVED
1194,"[[0, -1], [-1, 1]]","[[0, -1], [1, 0]]","[0, 0, 0, 0, 0, 1, -1, 0, 0, 1, -1, 0, 0, -1, 1, 0]",EXACT_DERIVED
1195,"[[0, -1], [-1, 1]]","[[0, -1], [1, 1]]","[0, 0, 0, 0, 0, 1, -1, -1, 0, 1, -1, -1, 0, -1, 1, 1]",EXACT_DERIVED
1196,"[[0, -1], [-1, 1]]","[[0, 0], [-1, -1]]","[0, 0, 0, 0, 0, 0, 1, 1, 0, 0, 1, 1, 0, 0, -1, -1]",EXACT_DERIVED
1197,"[[0, -1], [-1, 1]]","[[0, 0], [-1, 0]]","[0, 0, 0, 0, 0, 0, 1, 0, 0, 0, 1, 0, 0, 0, -1, 0]",EXACT_DERIVED
1198,"[[0, -1], [-1, 1]]","[[0, 0], [-1, 1]]","[0, 0, 0, 0, 0, 0, 1, -1, 0, 0, 1, -1, 0, 0, -1, 1]",EXACT_DERIVED
1199,"[[0, -1], [-1, 1]]","[[0, 0], [0, -1]]","[0, 0, 0, 0, 0, 0, 0, 1, 0, 0, 0, 1, 0, 0, 0, -1]",EXACT_DERIVED
1200,"[[0, -1], [0, -1]]","[[-1, -1], [-1, -1]]","[0, 0, 0, 0, 1, 1, 1, 1, 0, 0, 0, 0, 1, 1, 1, 1]",EXACT_DERIVED
1201,"[[0, -1], [0, -1]]","[[-1, -1], [-1, 0]]","[0, 0, 0, 0, 1, 1, 1, 0, 0, 0, 0, 0, 1, 1, 1, 0]",EXACT_DERIVED
1202,"[[0, -1], [0, -1]]","[[-1, -1], [-1, 1]]","[0, 0, 0, 0, 1, 1, 1, -1, 0, 0, 0, 0, 1, 1, 1, -1]",EXACT_DERIVED
1203,"[[0, -1], [0, -1]]","[[-1, -1], [0, -1]]","[0, 0, 0, 0, 1, 1, 0, 1, 0, 0, 0, 0, 1, 1, 0, 1]",EXACT_DERIVED
1204,"[[0, -1], [0, -1]]","[[-1, -1], [0, 0]]","[0, 0, 0, 0, 1, 1, 0, 0, 0, 0, 0, 0, 1, 1, 0, 0]",EXACT_DERIVED
1205,"[[0, -1], [0, -1]]","[[-1, -1], [0, 1]]","[0, 0, 0, 0, 1, 1, 0, -1, 0, 0, 0, 0, 1, 1, 0, -1]",EXACT_DERIVED
1206,"[[0, -1], [0, -1]]","[[-1, -1], [1, -1]]","[0, 0, 0, 0, 1, 1, -1, 1, 0, 0, 0, 0, 1, 1, -1, 1]",EXACT_DERIVED
1207,"[[0, -1], [0, -1]]","[[-1, -1], [1, 0]]","[0, 0, 0, 0, 1, 1, -1, 0, 0, 0, 0, 0, 1, 1, -1, 0]",EXACT_DERIVED
1208,"[[0, -1], [0, -1]]","[[-1, -1], [1, 1]]","[0, 0, 0, 0, 1, 1, -1, -1, 0, 0, 0, 0, 1, 1, -1, -1]",EXACT_DERIVED
1209,"[[0, -1], [0, -1]]","[[-1, 0], [-1, -1]]","[0, 0, 0, 0, 1, 0, 1, 1, 0, 0, 0, 0, 1, 0, 1, 1]",EXACT_DERIVED
1210,"[[0, -1], [0, -1]]","[[-1, 0], [-1, 0]]","[0, 0, 0, 0, 1, 0, 1, 0, 0, 0, 0, 0, 1, 0, 1, 0]",EXACT_DERIVED
1211,"[[0, -1], [0, -1]]","[[-1, 0], [-1, 1]]","[0, 0, 0, 0, 1, 0, 1, -1, 0, 0, 0, 0, 1, 0, 1, -1]",EXACT_DERIVED
1212,"[[0, -1], [0, -1]]","[[-1, 0], [0, -1]]","[0, 0, 0, 0, 1, 0, 0, 1, 0, 0, 0, 0, 1, 0, 0, 1]",EXACT_DERIVED
1213,"[[0, -1], [0, -1]]","[[-1, 0], [0, 0]]","[0, 0, 0, 0, 1, 0, 0, 0, 0, 0, 0, 0, 1, 0, 0, 0]",EXACT_DERIVED
1214,"[[0, -1], [0, -1]]","[[-1, 0], [0, 1]]","[0, 0, 0, 0, 1, 0, 0, -1, 0, 0, 0, 0, 1, 0, 0, -1]",EXACT_DERIVED
1215,"[[0, -1], [0, -1]]","[[-1, 0], [1, -1]]","[0, 0, 0, 0, 1, 0, -1, 1, 0, 0, 0, 0, 1, 0, -1, 1]",EXACT_DERIVED
1216,"[[0, -1], [0, -1]]","[[-1, 0], [1, 0]]","[0, 0, 0, 0, 1, 0, -1, 0, 0, 0, 0, 0, 1, 0, -1, 0]",EXACT_DERIVED
1217,"[[0, -1], [0, -1]]","[[-1, 0], [1, 1]]","[0, 0, 0, 0, 1, 0, -1, -1, 0, 0, 0, 0, 1, 0, -1, -1]",EXACT_DERIVED
1218,"[[0, -1], [0, -1]]","[[-1, 1], [-1, -1]]","[0, 0, 0, 0, 1, -1, 1, 1, 0, 0, 0, 0, 1, -1, 1, 1]",EXACT_DERIVED
1219,"[[0, -1], [0, -1]]","[[-1, 1], [-1, 0]]","[0, 0, 0, 0, 1, -1, 1, 0, 0, 0, 0, 0, 1, -1, 1, 0]",EXACT_DERIVED
1220,"[[0, -1], [0, -1]]","[[-1, 1], [-1, 1]]","[0, 0, 0, 0, 1, -1, 1, -1, 0, 0, 0, 0, 1, -1, 1, -1]",EXACT_DERIVED
1221,"[[0, -1], [0, -1]]","[[-1, 1], [0, -1]]","[0, 0, 0, 0, 1, -1, 0, 1, 0, 0, 0, 0, 1, -1, 0, 1]",EXACT_DERIVED
1222,"[[0, -1], [0, -1]]","[[-1, 1], [0, 0]]","[0, 0, 0, 0, 1, -1, 0, 0, 0, 0, 0, 0, 1, -1, 0, 0]",EXACT_DERIVED
1223,"[[0, -1], [0, -1]]","[[-1, 1], [0, 1]]","[0, 0, 0, 0, 1, -1, 0, -1, 0, 0, 0, 0, 1, -1, 0, -1]",EXACT_DERIVED
1224,"[[0, -1], [0, -1]]","[[-1, 1], [1, -1]]","[0, 0, 0, 0, 1, -1, -1, 1, 0, 0, 0, 0, 1, -1, -1, 1]",EXACT_DERIVED
1225,"[[0, -1], [0, -1]]","[[-1, 1], [1, 0]]","[0, 0, 0, 0, 1, -1, -1, 0, 0, 0, 0, 0, 1, -1, -1, 0]",EXACT_DERIVED
1226,"[[0, -1], [0, -1]]","[[-1, 1], [1, 1]]","[0, 0, 0, 0, 1, -1, -1, -1, 0, 0, 0, 0, 1, -1, -1, -1]",EXACT_DERIVED
1227,"[[0, -1], [0, -1]]","[[0, -1], [-1, -1]]","[0, 0, 0, 0, 0, 1, 1, 1, 0, 0, 0, 0, 0, 1, 1, 1]",EXACT_DERIVED
1228,"[[0, -1], [0, -1]]","[[0, -1], [-1, 0]]","[0, 0, 0, 0, 0, 1, 1, 0, 0, 0, 0, 0, 0, 1, 1, 0]",EXACT_DERIVED
1229,"[[0, -1], [0, -1]]","[[0, -1], [-1, 1]]","[0, 0, 0, 0, 0, 1, 1, -1, 0, 0, 0, 0, 0, 1, 1, -1]",EXACT_DERIVED
1230,"[[0, -1], [0, -1]]","[[0, -1], [0, -1]]","[0, 0, 0, 0, 0, 1, 0, 1, 0, 0, 0, 0, 0, 1, 0, 1]",EXACT_DERIVED
1231,"[[0, -1], [0, -1]]","[[0, -1], [0, 0]]","[0, 0, 0, 0, 0, 1, 0, 0, 0, 0, 0, 0, 0, 1, 0, 0]",EXACT_DERIVED
1232,"[[0, -1], [0, -1]]","[[0, -1], [0, 1]]","[0, 0, 0, 0, 0, 1, 0, -1, 0, 0, 0, 0, 0, 1, 0, -1]",EXACT_DERIVED
1233,"[[0, -1], [0, -1]]","[[0, -1], [1, -1]]","[0, 0, 0, 0, 0, 1, -1, 1, 0, 0, 0, 0, 0, 1, -1, 1]",EXACT_DERIVED
1234,"[[0, -1], [0, -1]]","[[0, -1], [1, 0]]","[0, 0, 0, 0, 0, 1, -1, 0, 0, 0, 0, 0, 0, 1, -1, 0]",EXACT_DERIVED
1235,"[[0, -1], [0, -1]]","[[0, -1], [1, 1]]","[0, 0, 0, 0, 0, 1, -1, -1, 0, 0, 0, 0, 0, 1, -1, -1]",EXACT_DERIVED
1236,"[[0, -1], [0, -1]]","[[0, 0], [-1, -1]]","[0, 0, 0, 0, 0, 0, 1, 1, 0, 0, 0, 0, 0, 0, 1, 1]",EXACT_DERIVED
1237,"[[0, -1], [0, -1]]","[[0, 0], [-1, 0]]","[0, 0, 0, 0, 0, 0, 1, 0, 0, 0, 0, 0, 0, 0, 1, 0]",EXACT_DERIVED
1238,"[[0, -1], [0, -1]]","[[0, 0], [-1, 1]]","[0, 0, 0, 0, 0, 0, 1, -1, 0, 0, 0, 0, 0, 0, 1, -1]",EXACT_DERIVED
1239,"[[0, -1], [0, -1]]","[[0, 0], [0, -1]]","[0, 0, 0, 0, 0, 0, 0, 1, 0, 0, 0, 0, 0, 0, 0, 1]",EXACT_DERIVED
1240,"[[0, -1], [0, 0]]","[[-1, -1], [-1, -1]]","[0, 0, 0, 0, 1, 1, 1, 1, 0, 0, 0, 0, 0, 0, 0, 0]",EXACT_DERIVED
1241,"[[0, -1], [0, 0]]","[[-1, -1], [-1, 0]]","[0, 0, 0, 0, 1, 1, 1, 0, 0, 0, 0, 0, 0, 0, 0, 0]",EXACT_DERIVED
1242,"[[0, -1], [0, 0]]","[[-1, -1], [-1, 1]]","[0, 0, 0, 0, 1, 1, 1, -1, 0, 0, 0, 0, 0, 0, 0, 0]",EXACT_DERIVED
1243,"[[0, -1], [0, 0]]","[[-1, -1], [0, -1]]","[0, 0, 0, 0, 1, 1, 0, 1, 0, 0, 0, 0, 0, 0, 0, 0]",EXACT_DERIVED
1244,"[[0, -1], [0, 0]]","[[-1, -1], [0, 0]]","[0, 0, 0, 0, 1, 1, 0, 0, 0, 0, 0, 0, 0, 0, 0, 0]",EXACT_DERIVED
1245,"[[0, -1], [0, 0]]","[[-1, -1], [0, 1]]","[0, 0, 0, 0, 1, 1, 0, -1, 0, 0, 0, 0, 0, 0, 0, 0]",EXACT_DERIVED
1246,"[[0, -1], [0, 0]]","[[-1, -1], [1, -1]]","[0, 0, 0, 0, 1, 1, -1, 1, 0, 0, 0, 0, 0, 0, 0, 0]",EXACT_DERIVED
1247,"[[0, -1], [0, 0]]","[[-1, -1], [1, 0]]","[0, 0, 0, 0, 1, 1, -1, 0, 0, 0, 0, 0, 0, 0, 0, 0]",EXACT_DERIVED
1248,"[[0, -1], [0, 0]]","[[-1, -1], [1, 1]]","[0, 0, 0, 0, 1, 1, -1, -1, 0, 0, 0, 0, 0, 0, 0, 0]",EXACT_DERIVED
1249,"[[0, -1], [0, 0]]","[[-1, 0], [-1, -1]]","[0, 0, 0, 0, 1, 0, 1, 1, 0, 0, 0, 0, 0, 0, 0, 0]",EXACT_DERIVED
1250,"[[0, -1], [0, 0]]","[[-1, 0], [-1, 0]]","[0, 0, 0, 0, 1, 0, 1, 0, 0, 0, 0, 0, 0, 0, 0, 0]",EXACT_DERIVED
1251,"[[0, -1], [0, 0]]","[[-1, 0], [-1, 1]]","[0, 0, 0, 0, 1, 0, 1, -1, 0, 0, 0, 0, 0, 0, 0, 0]",EXACT_DERIVED
1252,"[[0, -1], [0, 0]]","[[-1, 0], [0, -1]]","[0, 0, 0, 0, 1, 0, 0, 1, 0, 0, 0, 0, 0, 0, 0, 0]",EXACT_DERIVED
1253,"[[0, -1], [0, 0]]","[[-1, 0], [0, 0]]","[0, 0, 0, 0, 1, 0, 0, 0, 0, 0, 0, 0, 0, 0, 0, 0]",EXACT_DERIVED
1254,"[[0, -1], [0, 0]]","[[-1, 0], [0, 1]]","[0, 0, 0, 0, 1, 0, 0, -1, 0, 0, 0, 0, 0, 0, 0, 0]",EXACT_DERIVED
1255,"[[0, -1], [0, 0]]","[[-1, 0], [1, -1]]","[0, 0, 0, 0, 1, 0, -1, 1, 0, 0, 0, 0, 0, 0, 0, 0]",EXACT_DERIVED
1256,"[[0, -1], [0, 0]]","[[-1, 0], [1, 0]]","[0, 0, 0, 0, 1, 0, -1, 0, 0, 0, 0, 0, 0, 0, 0, 0]",EXACT_DERIVED
1257,"[[0, -1], [0, 0]]","[[-1, 0], [1, 1]]","[0, 0, 0, 0, 1, 0, -1, -1, 0, 0, 0, 0, 0, 0, 0, 0]",EXACT_DERIVED
1258,"[[0, -1], [0, 0]]","[[-1, 1], [-1, -1]]","[0, 0, 0, 0, 1, -1, 1, 1, 0, 0, 0, 0, 0, 0, 0, 0]",EXACT_DERIVED
1259,"[[0, -1], [0, 0]]","[[-1, 1], [-1, 0]]","[0, 0, 0, 0, 1, -1, 1, 0, 0, 0, 0, 0, 0, 0, 0, 0]",EXACT_DERIVED
1260,"[[0, -1], [0, 0]]","[[-1, 1], [-1, 1]]","[0, 0, 0, 0, 1, -1, 1, -1, 0, 0, 0, 0, 0, 0, 0, 0]",EXACT_DERIVED
1261,"[[0, -1], [0, 0]]","[[-1, 1], [0, -1]]","[0, 0, 0, 0, 1, -1, 0, 1, 0, 0, 0, 0, 0, 0, 0, 0]",EXACT_DERIVED
1262,"[[0, -1], [0, 0]]","[[-1, 1], [0, 0]]","[0, 0, 0, 0, 1, -1, 0, 0, 0, 0, 0, 0, 0, 0, 0, 0]",EXACT_DERIVED
1263,"[[0, -1], [0, 0]]","[[-1, 1], [0, 1]]","[0, 0, 0, 0, 1, -1, 0, -1, 0, 0, 0, 0, 0, 0, 0, 0]",EXACT_DERIVED
1264,"[[0, -1], [0, 0]]","[[-1, 1], [1, -1]]","[0, 0, 0, 0, 1, -1, -1, 1, 0, 0, 0, 0, 0, 0, 0, 0]",EXACT_DERIVED
1265,"[[0, -1], [0, 0]]","[[-1, 1], [1, 0]]","[0, 0, 0, 0, 1, -1, -1, 0, 0, 0, 0, 0, 0, 0, 0, 0]",EXACT_DERIVED
1266,"[[0, -1], [0, 0]]","[[-1, 1], [1, 1]]","[0, 0, 0, 0, 1, -1, -1, -1, 0, 0, 0, 0, 0, 0, 0, 0]",EXACT_DERIVED
1267,"[[0, -1], [0, 0]]","[[0, -1], [-1, -1]]","[0, 0, 0, 0, 0, 1, 1, 1, 0, 0, 0, 0, 0, 0, 0, 0]",EXACT_DERIVED
1268,"[[0, -1], [0, 0]]","[[0, -1], [-1, 0]]","[0, 0, 0, 0, 0, 1, 1, 0, 0, 0, 0, 0, 0, 0, 0, 0]",EXACT_DERIVED
1269,"[[0, -1], [0, 0]]","[[0, -1], [-1, 1]]","[0, 0, 0, 0, 0, 1, 1, -1, 0, 0, 0, 0, 0, 0, 0, 0]",EXACT_DERIVED
1270,"[[0, -1], [0, 0]]","[[0, -1], [0, -1]]","[0, 0, 0, 0, 0, 1, 0, 1, 0, 0, 0, 0, 0, 0, 0, 0]",EXACT_DERIVED
1271,"[[0, -1], [0, 0]]","[[0, -1], [0, 0]]","[0, 0, 0, 0, 0, 1, 0, 0, 0, 0, 0, 0, 0, 0, 0, 0]",EXACT_DERIVED
1272,"[[0, -1], [0, 0]]","[[0, -1], [0, 1]]","[0, 0, 0, 0, 0, 1, 0, -1, 0, 0, 0, 0, 0, 0, 0, 0]",EXACT_DERIVED
1273,"[[0, -1], [0, 0]]","[[0, -1], [1, -1]]","[0, 0, 0, 0, 0, 1, -1, 1, 0, 0, 0, 0, 0, 0, 0, 0]",EXACT_DERIVED
1274,"[[0, -1], [0, 0]]","[[0, -1], [1, 0]]","[0, 0, 0, 0, 0, 1, -1, 0, 0, 0, 0, 0, 0, 0, 0, 0]",EXACT_DERIVED
1275,"[[0, -1], [0, 0]]","[[0, -1], [1, 1]]","[0, 0, 0, 0, 0, 1, -1, -1, 0, 0, 0, 0, 0, 0, 0, 0]",EXACT_DERIVED
1276,"[[0, -1], [0, 0]]","[[0, 0], [-1, -1]]","[0, 0, 0, 0, 0, 0, 1, 1, 0, 0, 0, 0, 0, 0, 0, 0]",EXACT_DERIVED
1277,"[[0, -1], [0, 0]]","[[0, 0], [-1, 0]]","[0, 0, 0, 0, 0, 0, 1, 0, 0, 0, 0, 0, 0, 0, 0, 0]",EXACT_DERIVED
1278,"[[0, -1], [0, 0]]","[[0, 0], [-1, 1]]","[0, 0, 0, 0, 0, 0, 1, -1, 0, 0, 0, 0, 0, 0, 0, 0]",EXACT_DERIVED
1279,"[[0, -1], [0, 0]]","[[0, 0], [0, -1]]","[0, 0, 0, 0, 0, 0, 0, 1, 0, 0, 0, 0, 0, 0, 0, 0]",EXACT_DERIVED
1280,"[[0, -1], [0, 1]]","[[-1, -1], [-1, -1]]","[0, 0, 0, 0, 1, 1, 1, 1, 0, 0, 0, 0, -1, -1, -1, -1]",EXACT_DERIVED
1281,"[[0, -1], [0, 1]]","[[-1, -1], [-1, 0]]","[0, 0, 0, 0, 1, 1, 1, 0, 0, 0, 0, 0, -1, -1, -1, 0]",EXACT_DERIVED
1282,"[[0, -1], [0, 1]]","[[-1, -1], [-1, 1]]","[0, 0, 0, 0, 1, 1, 1, -1, 0, 0, 0, 0, -1, -1, -1, 1]",EXACT_DERIVED
1283,"[[0, -1], [0, 1]]","[[-1, -1], [0, -1]]","[0, 0, 0, 0, 1, 1, 0, 1, 0, 0, 0, 0, -1, -1, 0, -1]",EXACT_DERIVED
1284,"[[0, -1], [0, 1]]","[[-1, -1], [0, 0]]","[0, 0, 0, 0, 1, 1, 0, 0, 0, 0, 0, 0, -1, -1, 0, 0]",EXACT_DERIVED
1285,"[[0, -1], [0, 1]]","[[-1, -1], [0, 1]]","[0, 0, 0, 0, 1, 1, 0, -1, 0, 0, 0, 0, -1, -1, 0, 1]",EXACT_DERIVED
1286,"[[0, -1], [0, 1]]","[[-1, -1], [1, -1]]","[0, 0, 0, 0, 1, 1, -1, 1, 0, 0, 0, 0, -1, -1, 1, -1]",EXACT_DERIVED
1287,"[[0, -1], [0, 1]]","[[-1, -1], [1, 0]]","[0, 0, 0, 0, 1, 1, -1, 0, 0, 0, 0, 0, -1, -1, 1, 0]",EXACT_DERIVED
1288,"[[0, -1], [0, 1]]","[[-1, -1], [1, 1]]","[0, 0, 0, 0, 1, 1, -1, -1, 0, 0, 0, 0, -1, -1, 1, 1]",EXACT_DERIVED
1289,"[[0, -1], [0, 1]]","[[-1, 0], [-1, -1]]","[0, 0, 0, 0, 1, 0, 1, 1, 0, 0, 0, 0, -1, 0, -1, -1]",EXACT_DERIVED
1290,"[[0, -1], [0, 1]]","[[-1, 0], [-1, 0]]","[0, 0, 0, 0, 1, 0, 1, 0, 0, 0, 0, 0, -1, 0, -1, 0]",EXACT_DERIVED
1291,"[[0, -1], [0, 1]]","[[-1, 0], [-1, 1]]","[0, 0, 0, 0, 1, 0, 1, -1, 0, 0, 0, 0, -1, 0, -1, 1]",EXACT_DERIVED
1292,"[[0, -1], [0, 1]]","[[-1, 0], [0, -1]]","[0, 0, 0, 0, 1, 0, 0, 1, 0, 0, 0, 0, -1, 0, 0, -1]",EXACT_DERIVED
1293,"[[0, -1], [0, 1]]","[[-1, 0], [0, 0]]","[0, 0, 0, 0, 1, 0, 0, 0, 0, 0, 0, 0, -1, 0, 0, 0]",EXACT_DERIVED
1294,"[[0, -1], [0, 1]]","[[-1, 0], [0, 1]]","[0, 0, 0, 0, 1, 0, 0, -1, 0, 0, 0, 0, -1, 0, 0, 1]",EXACT_DERIVED
1295,"[[0, -1], [0, 1]]","[[-1, 0], [1, -1]]","[0, 0, 0, 0, 1, 0, -1, 1, 0, 0, 0, 0, -1, 0, 1, -1]",EXACT_DERIVED
1296,"[[0, -1], [0, 1]]","[[-1, 0], [1, 0]]","[0, 0, 0, 0, 1, 0, -1, 0, 0, 0, 0, 0, -1, 0, 1, 0]",EXACT_DERIVED
1297,"[[0, -1], [0, 1]]","[[-1, 0], [1, 1]]","[0, 0, 0, 0, 1, 0, -1, -1, 0, 0, 0, 0, -1, 0, 1, 1]",EXACT_DERIVED
1298,"[[0, -1], [0, 1]]","[[-1, 1], [-1, -1]]","[0, 0, 0, 0, 1, -1, 1, 1, 0, 0, 0, 0, -1, 1, -1, -1]",EXACT_DERIVED
1299,"[[0, -1], [0, 1]]","[[-1, 1], [-1, 0]]","[0, 0, 0, 0, 1, -1, 1, 0, 0, 0, 0, 0, -1, 1, -1, 0]",EXACT_DERIVED
1300,"[[0, -1], [0, 1]]","[[-1, 1], [-1, 1]]","[0, 0, 0, 0, 1, -1, 1, -1, 0, 0, 0, 0, -1, 1, -1, 1]",EXACT_DERIVED
1301,"[[0, -1], [0, 1]]","[[-1, 1], [0, -1]]","[0, 0, 0, 0, 1, -1, 0, 1, 0, 0, 0, 0, -1, 1, 0, -1]",EXACT_DERIVED
1302,"[[0, -1], [0, 1]]","[[-1, 1], [0, 0]]","[0, 0, 0, 0, 1, -1, 0, 0, 0, 0, 0, 0, -1, 1, 0, 0]",EXACT_DERIVED
1303,"[[0, -1], [0, 1]]","[[-1, 1], [0, 1]]","[0, 0, 0, 0, 1, -1, 0, -1, 0, 0, 0, 0, -1, 1, 0, 1]",EXACT_DERIVED
1304,"[[0, -1], [0, 1]]","[[-1, 1], [1, -1]]","[0, 0, 0, 0, 1, -1, -1, 1, 0, 0, 0, 0, -1, 1, 1, -1]",EXACT_DERIVED
1305,"[[0, -1], [0, 1]]","[[-1, 1], [1, 0]]","[0, 0, 0, 0, 1, -1, -1, 0, 0, 0, 0, 0, -1, 1, 1, 0]",EXACT_DERIVED
1306,"[[0, -1], [0, 1]]","[[-1, 1], [1, 1]]","[0, 0, 0, 0, 1, -1, -1, -1, 0, 0, 0, 0, -1, 1, 1, 1]",EXACT_DERIVED
1307,"[[0, -1], [0, 1]]","[[0, -1], [-1, -1]]","[0, 0, 0, 0, 0, 1, 1, 1, 0, 0, 0, 0, 0, -1, -1, -1]",EXACT_DERIVED
1308,"[[0, -1], [0, 1]]","[[0, -1], [-1, 0]]","[0, 0, 0, 0, 0, 1, 1, 0, 0, 0, 0, 0, 0, -1, -1, 0]",EXACT_DERIVED
1309,"[[0, -1], [0, 1]]","[[0, -1], [-1, 1]]","[0, 0, 0, 0, 0, 1, 1, -1, 0, 0, 0, 0, 0, -1, -1, 1]",EXACT_DERIVED
1310,"[[0, -1], [0, 1]]","[[0, -1], [0, -1]]","[0, 0, 0, 0, 0, 1, 0, 1, 0, 0, 0, 0, 0, -1, 0, -1]",EXACT_DERIVED
1311,"[[0, -1], [0, 1]]","[[0, -1], [0, 0]]","[0, 0, 0, 0, 0, 1, 0, 0, 0, 0, 0, 0, 0, -1, 0, 0]",EXACT_DERIVED
1312,"[[0, -1], [0, 1]]","[[0, -1], [0, 1]]","[0, 0, 0, 0, 0, 1, 0, -1, 0, 0, 0, 0, 0, -1, 0, 1]",EXACT_DERIVED
1313,"[[0, -1], [0, 1]]","[[0, -1], [1, -1]]","[0, 0, 0, 0, 0, 1, -1, 1, 0, 0, 0, 0, 0, -1, 1, -1]",EXACT_DERIVED
1314,"[[0, -1], [0, 1]]","[[0, -1], [1, 0]]","[0, 0, 0, 0, 0, 1, -1, 0, 0, 0, 0, 0, 0, -1, 1, 0]",EXACT_DERIVED
1315,"[[0, -1], [0, 1]]","[[0, -1], [1, 1]]","[0, 0, 0, 0, 0, 1, -1, -1, 0, 0, 0, 0, 0, -1, 1, 1]",EXACT_DERIVED
1316,"[[0, -1], [0, 1]]","[[0, 0], [-1, -1]]","[0, 0, 0, 0, 0, 0, 1, 1, 0, 0, 0, 0, 0, 0, -1, -1]",EXACT_DERIVED
1317,"[[0, -1], [0, 1]]","[[0, 0], [-1, 0]]","[0, 0, 0, 0, 0, 0, 1, 0, 0, 0, 0, 0, 0, 0, -1, 0]",EXACT_DERIVED
1318,"[[0, -1], [0, 1]]","[[0, 0], [-1, 1]]","[0, 0, 0, 0, 0, 0, 1, -1, 0, 0, 0, 0, 0, 0, -1, 1]",EXACT_DERIVED
1319,"[[0, -1], [0, 1]]","[[0, 0], [0, -1]]","[0, 0, 0, 0, 0, 0, 0, 1, 0, 0, 0, 0, 0, 0, 0, -1]",EXACT_DERIVED
1320,"[[0, -1], [1, -1]]","[[-1, -1], [-1, -1]]","[0, 0, 0, 0, 1, 1, 1, 1, -1, -1, -1, -1, 1, 1, 1, 1]",EXACT_DERIVED
1321,"[[0, -1], [1, -1]]","[[-1, -1], [-1, 0]]","[0, 0, 0, 0, 1, 1, 1, 0, -1, -1, -1, 0, 1, 1, 1, 0]",EXACT_DERIVED
1322,"[[0, -1], [1, -1]]","[[-1, -1], [-1, 1]]","[0, 0, 0, 0, 1, 1, 1, -1, -1, -1, -1, 1, 1, 1, 1, -1]",EXACT_DERIVED
1323,"[[0, -1], [1, -1]]","[[-1, -1], [0, -1]]","[0, 0, 0, 0, 1, 1, 0, 1, -1, -1, 0, -1, 1, 1, 0, 1]",EXACT_DERIVED
1324,"[[0, -1], [1, -1]]","[[-1, -1], [0, 0]]","[0, 0, 0, 0, 1, 1, 0, 0, -1, -1, 0, 0, 1, 1, 0, 0]",EXACT_DERIVED
1325,"[[0, -1], [1, -1]]","[[-1, -1], [0, 1]]","[0, 0, 0, 0, 1, 1, 0, -1, -1, -1, 0, 1, 1, 1, 0, -1]",EXACT_DERIVED
1326,"[[0, -1], [1, -1]]","[[-1, -1], [1, -1]]","[0, 0, 0, 0, 1, 1, -1, 1, -1, -1, 1, -1, 1, 1, -1, 1]",EXACT_DERIVED
1327,"[[0, -1], [1, -1]]","[[-1, -1], [1, 0]]","[0, 0, 0, 0, 1, 1, -1, 0, -1, -1, 1, 0, 1, 1, -1, 0]",EXACT_DERIVED
1328,"[[0, -1], [1, -1]]","[[-1, -1], [1, 1]]","[0, 0, 0, 0, 1, 1, -1, -1, -1, -1, 1, 1, 1, 1, -1, -1]",EXACT_DERIVED
1329,"[[0, -1], [1, -1]]","[[-1, 0], [-1, -1]]","[0, 0, 0, 0, 1, 0, 1, 1, -1, 0, -1, -1, 1, 0, 1, 1]",EXACT_DERIVED
1330,"[[0, -1], [1, -1]]","[[-1, 0], [-1, 0]]","[0, 0, 0, 0, 1, 0, 1, 0, -1, 0, -1, 0, 1, 0, 1, 0]",EXACT_DERIVED
1331,"[[0, -1], [1, -1]]","[[-1, 0], [-1, 1]]","[0, 0, 0, 0, 1, 0, 1, -1, -1, 0, -1, 1, 1, 0, 1, -1]",EXACT_DERIVED
1332,"[[0, -1], [1, -1]]","[[-1, 0], [0, -1]]","[0, 0, 0, 0, 1, 0, 0, 1, -1, 0, 0, -1, 1, 0, 0, 1]",EXACT_DERIVED
1333,"[[0, -1], [1, -1]]","[[-1, 0], [0, 0]]","[0, 0, 0, 0, 1, 0, 0, 0, -1, 0, 0, 0, 1, 0, 0, 0]",EXACT_DERIVED
1334,"[[0, -1], [1, -1]]","[[-1, 0], [0, 1]]","[0, 0, 0, 0, 1, 0, 0, -1, -1, 0, 0, 1, 1, 0, 0, -1]",EXACT_DERIVED
1335,"[[0, -1], [1, -1]]","[[-1, 0], [1, -1]]","[0, 0, 0, 0, 1, 0, -1, 1, -1, 0, 1, -1, 1, 0, -1, 1]",EXACT_DERIVED
1336,"[[0, -1], [1, -1]]","[[-1, 0], [1, 0]]","[0, 0, 0, 0, 1, 0, -1, 0, -1, 0, 1, 0, 1, 0, -1, 0]",EXACT_DERIVED
1337,"[[0, -1], [1, -1]]","[[-1, 0], [1, 1]]","[0, 0, 0, 0, 1, 0, -1, -1, -1, 0, 1, 1, 1, 0, -1, -1]",EXACT_DERIVED
1338,"[[0, -1], [1, -1]]","[[-1, 1], [-1, -1]]","[0, 0, 0, 0, 1, -1, 1, 1, -1, 1, -1, -1, 1, -1, 1, 1]",EXACT_DERIVED
1339,"[[0, -1], [1, -1]]","[[-1, 1], [-1, 0]]","[0, 0, 0, 0, 1, -1, 1, 0, -1, 1, -1, 0, 1, -1, 1, 0]",EXACT_DERIVED
1340,"[[0, -1], [1, -1]]","[[-1, 1], [-1, 1]]","[0, 0, 0, 0, 1, -1, 1, -1, -1, 1, -1, 1, 1, -1, 1, -1]",EXACT_DERIVED
1341,"[[0, -1], [1, -1]]","[[-1, 1], [0, -1]]","[0, 0, 0, 0, 1, -1, 0, 1, -1, 1, 0, -1, 1, -1, 0, 1]",EXACT_DERIVED
1342,"[[0, -1], [1, -1]]","[[-1, 1], [0, 0]]","[0, 0, 0, 0, 1, -1, 0, 0, -1, 1, 0, 0, 1, -1, 0, 0]",EXACT_DERIVED
1343,"[[0, -1], [1, -1]]","[[-1, 1], [0, 1]]","[0, 0, 0, 0, 1, -1, 0, -1, -1, 1, 0, 1, 1, -1, 0, -1]",EXACT_DERIVED
1344,"[[0, -1], [1, -1]]","[[-1, 1], [1, -1]]","[0, 0, 0, 0, 1, -1, -1, 1, -1, 1, 1, -1, 1, -1, -1, 1]",EXACT_DERIVED
1345,"[[0, -1], [1, -1]]","[[-1, 1], [1, 0]]","[0, 0, 0, 0, 1, -1, -1, 0, -1, 1, 1, 0, 1, -1, -1, 0]",EXACT_DERIVED
1346,"[[0, -1], [1, -1]]","[[-1, 1], [1, 1]]","[0, 0, 0, 0, 1, -1, -1, -1, -1, 1, 1, 1, 1, -1, -1, -1]",EXACT_DERIVED
1347,"[[0, -1], [1, -1]]","[[0, -1], [-1, -1]]","[0, 0, 0, 0, 0, 1, 1, 1, 0, -1, -1, -1, 0, 1, 1, 1]",EXACT_DERIVED
1348,"[[0, -1], [1, -1]]","[[0, -1], [-1, 0]]","[0, 0, 0, 0, 0, 1, 1, 0, 0, -1, -1, 0, 0, 1, 1, 0]",EXACT_DERIVED
1349,"[[0, -1], [1, -1]]","[[0, -1], [-1, 1]]","[0, 0, 0, 0, 0, 1, 1, -1, 0, -1, -1, 1, 0, 1, 1, -1]",EXACT_DERIVED
1350,"[[0, -1], [1, -1]]","[[0, -1], [0, -1]]","[0, 0, 0, 0, 0, 1, 0, 1, 0, -1, 0, -1, 0, 1, 0, 1]",EXACT_DERIVED
1351,"[[0, -1], [1, -1]]","[[0, -1], [0, 0]]","[0, 0, 0, 0, 0, 1, 0, 0, 0, -1, 0, 0, 0, 1, 0, 0]",EXACT_DERIVED
1352,"[[0, -1], [1, -1]]","[[0, -1], [0, 1]]","[0, 0, 0, 0, 0, 1, 0, -1, 0, -1, 0, 1, 0, 1, 0, -1]",EXACT_DERIVED
1353,"[[0, -1], [1, -1]]","[[0, -1], [1, -1]]","[0, 0, 0, 0, 0, 1, -1, 1, 0, -1, 1, -1, 0, 1, -1, 1]",EXACT_DERIVED
1354,"[[0, -1], [1, -1]]","[[0, -1], [1, 0]]","[0, 0, 0, 0, 0, 1, -1, 0, 0, -1, 1, 0, 0, 1, -1, 0]",EXACT_DERIVED
1355,"[[0, -1], [1, -1]]","[[0, -1], [1, 1]]","[0, 0, 0, 0, 0, 1, -1, -1, 0, -1, 1, 1, 0, 1, -1, -1]",EXACT_DERIVED
1356,"[[0, -1], [1, -1]]","[[0, 0], [-1, -1]]","[0, 0, 0, 0, 0, 0, 1, 1, 0, 0, -1, -1, 0, 0, 1, 1]",EXACT_DERIVED
1357,"[[0, -1], [1, -1]]","[[0, 0], [-1, 0]]","[0, 0, 0, 0, 0, 0, 1, 0, 0, 0, -1, 0, 0, 0, 1, 0]",EXACT_DERIVED
1358,"[[0, -1], [1, -1]]","[[0, 0], [-1, 1]]","[0, 0, 0, 0, 0, 0, 1, -1, 0, 0, -1, 1, 0, 0, 1, -1]",EXACT_DERIVED
1359,"[[0, -1], [1, -1]]","[[0, 0], [0, -1]]","[0, 0, 0, 0, 0, 0, 0, 1, 0, 0, 0, -1, 0, 0, 0, 1]",EXACT_DERIVED
1360,"[[0, -1], [1, 0]]","[[-1, -1], [-1, -1]]","[0, 0, 0, 0, 1, 1, 1, 1, -1, -1, -1, -1, 0, 0, 0, 0]",EXACT_DERIVED
1361,"[[0, -1], [1, 0]]","[[-1, -1], [-1, 0]]","[0, 0, 0, 0, 1, 1, 1, 0, -1, -1, -1, 0, 0, 0, 0, 0]",EXACT_DERIVED
1362,"[[0, -1], [1, 0]]","[[-1, -1], [-1, 1]]","[0, 0, 0, 0, 1, 1, 1, -1, -1, -1, -1, 1, 0, 0, 0, 0]",EXACT_DERIVED
1363,"[[0, -1], [1, 0]]","[[-1, -1], [0, -1]]","[0, 0, 0, 0, 1, 1, 0, 1, -1, -1, 0, -1, 0, 0, 0, 0]",EXACT_DERIVED
1364,"[[0, -1], [1, 0]]","[[-1, -1], [0, 0]]","[0, 0, 0, 0, 1, 1, 0, 0, -1, -1, 0, 0, 0, 0, 0, 0]",EXACT_DERIVED
1365,"[[0, -1], [1, 0]]","[[-1, -1], [0, 1]]","[0, 0, 0, 0, 1, 1, 0, -1, -1, -1, 0, 1, 0, 0, 0, 0]",EXACT_DERIVED
1366,"[[0, -1], [1, 0]]","[[-1, -1], [1, -1]]","[0, 0, 0, 0, 1, 1, -1, 1, -1, -1, 1, -1, 0, 0, 0, 0]",EXACT_DERIVED
1367,"[[0, -1], [1, 0]]","[[-1, -1], [1, 0]]","[0, 0, 0, 0, 1, 1, -1, 0, -1, -1, 1, 0, 0, 0, 0, 0]",EXACT_DERIVED
1368,"[[0, -1], [1, 0]]","[[-1, -1], [1, 1]]","[0, 0, 0, 0, 1, 1, -1, -1, -1, -1, 1, 1, 0, 0, 0, 0]",EXACT_DERIVED
1369,"[[0, -1], [1, 0]]","[[-1, 0], [-1, -1]]","[0, 0, 0, 0, 1, 0, 1, 1, -1, 0, -1, -1, 0, 0, 0, 0]",EXACT_DERIVED
1370,"[[0, -1], [1, 0]]","[[-1, 0], [-1, 0]]","[0, 0, 0, 0, 1, 0, 1, 0, -1, 0, -1, 0, 0, 0, 0, 0]",EXACT_DERIVED
1371,"[[0, -1], [1, 0]]","[[-1, 0], [-1, 1]]","[0, 0, 0, 0, 1, 0, 1, -1, -1, 0, -1, 1, 0, 0, 0, 0]",EXACT_DERIVED
1372,"[[0, -1], [1, 0]]","[[-1, 0], [0, -1]]","[0, 0, 0, 0, 1, 0, 0, 1, -1, 0, 0, -1, 0, 0, 0, 0]",EXACT_DERIVED
1373,"[[0, -1], [1, 0]]","[[-1, 0], [0, 0]]","[0, 0, 0, 0, 1, 0, 0, 0, -1, 0, 0, 0, 0, 0, 0, 0]",EXACT_DERIVED
1374,"[[0, -1], [1, 0]]","[[-1, 0], [0, 1]]","[0, 0, 0, 0, 1, 0, 0, -1, -1, 0, 0, 1, 0, 0, 0, 0]",EXACT_DERIVED
1375,"[[0, -1], [1, 0]]","[[-1, 0], [1, -1]]","[0, 0, 0, 0, 1, 0, -1, 1, -1, 0, 1, -1, 0, 0, 0, 0]",EXACT_DERIVED
1376,"[[0, -1], [1, 0]]","[[-1, 0], [1, 0]]","[0, 0, 0, 0, 1, 0, -1, 0, -1, 0, 1, 0, 0, 0, 0, 0]",EXACT_DERIVED
1377,"[[0, -1], [1, 0]]","[[-1, 0], [1, 1]]","[0, 0, 0, 0, 1, 0, -1, -1, -1, 0, 1, 1, 0, 0, 0, 0]",EXACT_DERIVED
1378,"[[0, -1], [1, 0]]","[[-1, 1], [-1, -1]]","[0, 0, 0, 0, 1, -1, 1, 1, -1, 1, -1, -1, 0, 0, 0, 0]",EXACT_DERIVED
1379,"[[0, -1], [1, 0]]","[[-1, 1], [-1, 0]]","[0, 0, 0, 0, 1, -1, 1, 0, -1, 1, -1, 0, 0, 0, 0, 0]",EXACT_DERIVED
1380,"[[0, -1], [1, 0]]","[[-1, 1], [-1, 1]]","[0, 0, 0, 0, 1, -1, 1, -1, -1, 1, -1, 1, 0, 0, 0, 0]",EXACT_DERIVED
1381,"[[0, -1], [1, 0]]","[[-1, 1], [0, -1]]","[0, 0, 0, 0, 1, -1, 0, 1, -1, 1, 0, -1, 0, 0, 0, 0]",EXACT_DERIVED
1382,"[[0, -1], [1, 0]]","[[-1, 1], [0, 0]]","[0, 0, 0, 0, 1, -1, 0, 0, -1, 1, 0, 0, 0, 0, 0, 0]",EXACT_DERIVED
1383,"[[0, -1], [1, 0]]","[[-1, 1], [0, 1]]","[0, 0, 0, 0, 1, -1, 0, -1, -1, 1, 0, 1, 0, 0, 0, 0]",EXACT_DERIVED
1384,"[[0, -1], [1, 0]]","[[-1, 1], [1, -1]]","[0, 0, 0, 0, 1, -1, -1, 1, -1, 1, 1, -1, 0, 0, 0, 0]",EXACT_DERIVED
1385,"[[0, -1], [1, 0]]","[[-1, 1], [1, 0]]","[0, 0, 0, 0, 1, -1, -1, 0, -1, 1, 1, 0, 0, 0, 0, 0]",EXACT_DERIVED
1386,"[[0, -1], [1, 0]]","[[-1, 1], [1, 1]]","[0, 0, 0, 0, 1, -1, -1, -1, -1, 1, 1, 1, 0, 0, 0, 0]",EXACT_DERIVED
1387,"[[0, -1], [1, 0]]","[[0, -1], [-1, -1]]","[0, 0, 0, 0, 0, 1, 1, 1, 0, -1, -1, -1, 0, 0, 0, 0]",EXACT_DERIVED
1388,"[[0, -1], [1, 0]]","[[0, -1], [-1, 0]]","[0, 0, 0, 0, 0, 1, 1, 0, 0, -1, -1, 0, 0, 0, 0, 0]",EXACT_DERIVED
1389,"[[0, -1], [1, 0]]","[[0, -1], [-1, 1]]","[0, 0, 0, 0, 0, 1, 1, -1, 0, -1, -1, 1, 0, 0, 0, 0]",EXACT_DERIVED
1390,"[[0, -1], [1, 0]]","[[0, -1], [0, -1]]","[0, 0, 0, 0, 0, 1, 0, 1, 0, -1, 0, -1, 0, 0, 0, 0]",EXACT_DERIVED
1391,"[[0, -1], [1, 0]]","[[0, -1], [0, 0]]","[0, 0, 0, 0, 0, 1, 0, 0, 0, -1, 0, 0, 0, 0, 0, 0]",EXACT_DERIVED
1392,"[[0, -1], [1, 0]]","[[0, -1], [0, 1]]","[0, 0, 0, 0, 0, 1, 0, -1, 0, -1, 0, 1, 0, 0, 0, 0]",EXACT_DERIVED
1393,"[[0, -1], [1, 0]]","[[0, -1], [1, -1]]","[0, 0, 0, 0, 0, 1, -1, 1, 0, -1, 1, -1, 0, 0, 0, 0]",EXACT_DERIVED
1394,"[[0, -1], [1, 0]]","[[0, -1], [1, 0]]","[0, 0, 0, 0, 0, 1, -1, 0, 0, -1, 1, 0, 0, 0, 0, 0]",EXACT_DERIVED
1395,"[[0, -1], [1, 0]]","[[0, -1], [1, 1]]","[0, 0, 0, 0, 0, 1, -1, -1, 0, -1, 1, 1, 0, 0, 0, 0]",EXACT_DERIVED
1396,"[[0, -1], [1, 0]]","[[0, 0], [-1, -1]]","[0, 0, 0, 0, 0, 0, 1, 1, 0, 0, -1, -1, 0, 0, 0, 0]",EXACT_DERIVED
1397,"[[0, -1], [1, 0]]","[[0, 0], [-1, 0]]","[0, 0, 0, 0, 0, 0, 1, 0, 0, 0, -1, 0, 0, 0, 0, 0]",EXACT_DERIVED
1398,"[[0, -1], [1, 0]]","[[0, 0], [-1, 1]]","[0, 0, 0, 0, 0, 0, 1, -1, 0, 0, -1, 1, 0, 0, 0, 0]",EXACT_DERIVED
1399,"[[0, -1], [1, 0]]","[[0, 0], [0, -1]]","[0, 0, 0, 0, 0, 0, 0, 1, 0, 0, 0, -1, 0, 0, 0, 0]",EXACT_DERIVED
1400,"[[0, -1], [1, 1]]","[[-1, -1], [-1, -1]]","[0, 0, 0, 0, 1, 1, 1, 1, -1, -1, -1, -1, -1, -1, -1, -1]",EXACT_DERIVED
1401,"[[0, -1], [1, 1]]","[[-1, -1], [-1, 0]]","[0, 0, 0, 0, 1, 1, 1, 0, -1, -1, -1, 0, -1, -1, -1, 0]",EXACT_DERIVED
1402,"[[0, -1], [1, 1]]","[[-1, -1], [-1, 1]]","[0, 0, 0, 0, 1, 1, 1, -1, -1, -1, -1, 1, -1, -1, -1, 1]",EXACT_DERIVED
1403,"[[0, -1], [1, 1]]","[[-1, -1], [0, -1]]","[0, 0, 0, 0, 1, 1, 0, 1, -1, -1, 0, -1, -1, -1, 0, -1]",EXACT_DERIVED
1404,"[[0, -1], [1, 1]]","[[-1, -1], [0, 0]]","[0, 0, 0, 0, 1, 1, 0, 0, -1, -1, 0, 0, -1, -1, 0, 0]",EXACT_DERIVED
1405,"[[0, -1], [1, 1]]","[[-1, -1], [0, 1]]","[0, 0, 0, 0, 1, 1, 0, -1, -1, -1, 0, 1, -1, -1, 0, 1]",EXACT_DERIVED
1406,"[[0, -1], [1, 1]]","[[-1, -1], [1, -1]]","[0, 0, 0, 0, 1, 1, -1, 1, -1, -1, 1, -1, -1, -1, 1, -1]",EXACT_DERIVED
1407,"[[0, -1], [1, 1]]","[[-1, -1], [1, 0]]","[0, 0, 0, 0, 1, 1, -1, 0, -1, -1, 1, 0, -1, -1, 1, 0]",EXACT_DERIVED
1408,"[[0, -1], [1, 1]]","[[-1, -1], [1, 1]]","[0, 0, 0, 0, 1, 1, -1, -1, -1, -1, 1, 1, -1, -1, 1, 1]",EXACT_DERIVED
1409,"[[0, -1], [1, 1]]","[[-1, 0], [-1, -1]]","[0, 0, 0, 0, 1, 0, 1, 1, -1, 0, -1, -1, -1, 0, -1, -1]",EXACT_DERIVED
1410,"[[0, -1], [1, 1]]","[[-1, 0], [-1, 0]]","[0, 0, 0, 0, 1, 0, 1, 0, -1, 0, -1, 0, -1, 0, -1, 0]",EXACT_DERIVED
1411,"[[0, -1], [1, 1]]","[[-1, 0], [-1, 1]]","[0, 0, 0, 0, 1, 0, 1, -1, -1, 0, -1, 1, -1, 0, -1, 1]",EXACT_DERIVED
1412,"[[0, -1], [1, 1]]","[[-1, 0], [0, -1]]","[0, 0, 0, 0, 1, 0, 0, 1, -1, 0, 0, -1, -1, 0, 0, -1]",EXACT_DERIVED
1413,"[[0, -1], [1, 1]]","[[-1, 0], [0, 0]]","[0, 0, 0, 0, 1, 0, 0, 0, -1, 0, 0, 0, -1, 0, 0, 0]",EXACT_DERIVED
1414,"[[0, -1], [1, 1]]","[[-1, 0], [0, 1]]","[0, 0, 0, 0, 1, 0, 0, -1, -1, 0, 0, 1, -1, 0, 0, 1]",EXACT_DERIVED
1415,"[[0, -1], [1, 1]]","[[-1, 0], [1, -1]]","[0, 0, 0, 0, 1, 0, -1, 1, -1, 0, 1, -1, -1, 0, 1, -1]",EXACT_DERIVED
1416,"[[0, -1], [1, 1]]","[[-1, 0], [1, 0]]","[0, 0, 0, 0, 1, 0, -1, 0, -1, 0, 1, 0, -1, 0, 1, 0]",EXACT_DERIVED
1417,"[[0, -1], [1, 1]]","[[-1, 0], [1, 1]]","[0, 0, 0, 0, 1, 0, -1, -1, -1, 0, 1, 1, -1, 0, 1, 1]",EXACT_DERIVED
1418,"[[0, -1], [1, 1]]","[[-1, 1], [-1, -1]]","[0, 0, 0, 0, 1, -1, 1, 1, -1, 1, -1, -1, -1, 1, -1, -1]",EXACT_DERIVED
1419,"[[0, -1], [1, 1]]","[[-1, 1], [-1, 0]]","[0, 0, 0, 0, 1, -1, 1, 0, -1, 1, -1, 0, -1, 1, -1, 0]",EXACT_DERIVED
1420,"[[0, -1], [1, 1]]","[[-1, 1], [-1, 1]]","[0, 0, 0, 0, 1, -1, 1, -1, -1, 1, -1, 1, -1, 1, -1, 1]",EXACT_DERIVED
1421,"[[0, -1], [1, 1]]","[[-1, 1], [0, -1]]","[0, 0, 0, 0, 1, -1, 0, 1, -1, 1, 0, -1, -1, 1, 0, -1]",EXACT_DERIVED
1422,"[[0, -1], [1, 1]]","[[-1, 1], [0, 0]]","[0, 0, 0, 0, 1, -1, 0, 0, -1, 1, 0, 0, -1, 1, 0, 0]",EXACT_DERIVED
1423,"[[0, -1], [1, 1]]","[[-1, 1], [0, 1]]","[0, 0, 0, 0, 1, -1, 0, -1, -1, 1, 0, 1, -1, 1, 0, 1]",EXACT_DERIVED
1424,"[[0, -1], [1, 1]]","[[-1, 1], [1, -1]]","[0, 0, 0, 0, 1, -1, -1, 1, -1, 1, 1, -1, -1, 1, 1, -1]",EXACT_DERIVED
1425,"[[0, -1], [1, 1]]","[[-1, 1], [1, 0]]","[0, 0, 0, 0, 1, -1, -1, 0, -1, 1, 1, 0, -1, 1, 1, 0]",EXACT_DERIVED
1426,"[[0, -1], [1, 1]]","[[-1, 1], [1, 1]]","[0, 0, 0, 0, 1, -1, -1, -1, -1, 1, 1, 1, -1, 1, 1, 1]",EXACT_DERIVED
1427,"[[0, -1], [1, 1]]","[[0, -1], [-1, -1]]","[0, 0, 0, 0, 0, 1, 1, 1, 0, -1, -1, -1, 0, -1, -1, -1]",EXACT_DERIVED
1428,"[[0, -1], [1, 1]]","[[0, -1], [-1, 0]]","[0, 0, 0, 0, 0, 1, 1, 0, 0, -1, -1, 0, 0, -1, -1, 0]",EXACT_DERIVED
1429,"[[0, -1], [1, 1]]","[[0, -1], [-1, 1]]","[0, 0, 0, 0, 0, 1, 1, -1, 0, -1, -1, 1, 0, -1, -1, 1]",EXACT_DERIVED
1430,"[[0, -1], [1, 1]]","[[0, -1], [0, -1]]","[0, 0, 0, 0, 0, 1, 0, 1, 0, -1, 0, -1, 0, -1, 0, -1]",EXACT_DERIVED
1431,"[[0, -1], [1, 1]]","[[0, -1], [0, 0]]","[0, 0, 0, 0, 0, 1, 0, 0, 0, -1, 0, 0, 0, -1, 0, 0]",EXACT_DERIVED
1432,"[[0, -1], [1, 1]]","[[0, -1], [0, 1]]","[0, 0, 0, 0, 0, 1, 0, -1, 0, -1, 0, 1, 0, -1, 0, 1]",EXACT_DERIVED
1433,"[[0, -1], [1, 1]]","[[0, -1], [1, -1]]","[0, 0, 0, 0, 0, 1, -1, 1, 0, -1, 1, -1, 0, -1, 1, -1]",EXACT_DERIVED
1434,"[[0, -1], [1, 1]]","[[0, -1], [1, 0]]","[0, 0, 0, 0, 0, 1, -1, 0, 0, -1, 1, 0, 0, -1, 1, 0]",EXACT_DERIVED
1435,"[[0, -1], [1, 1]]","[[0, -1], [1, 1]]","[0, 0, 0, 0, 0, 1, -1, -1, 0, -1, 1, 1, 0, -1, 1, 1]",EXACT_DERIVED
1436,"[[0, -1], [1, 1]]","[[0, 0], [-1, -1]]","[0, 0, 0, 0, 0, 0, 1, 1, 0, 0, -1, -1, 0, 0, -1, -1]",EXACT_DERIVED
1437,"[[0, -1], [1, 1]]","[[0, 0], [-1, 0]]","[0, 0, 0, 0, 0, 0, 1, 0, 0, 0, -1, 0, 0, 0, -1, 0]",EXACT_DERIVED
1438,"[[0, -1], [1, 1]]","[[0, 0], [-1, 1]]","[0, 0, 0, 0, 0, 0, 1, -1, 0, 0, -1, 1, 0, 0, -1, 1]",EXACT_DERIVED
1439,"[[0, -1], [1, 1]]","[[0, 0], [0, -1]]","[0, 0, 0, 0, 0, 0, 0, 1, 0, 0, 0, -1, 0, 0, 0, -1]",EXACT_DERIVED
1440,"[[0, 0], [-1, -1]]","[[-1, -1], [-1, -1]]","[0, 0, 0, 0, 0, 0, 0, 0, 1, 1, 1, 1, 1, 1, 1, 1]",EXACT_DERIVED
1441,"[[0, 0], [-1, -1]]","[[-1, -1], [-1, 0]]","[0, 0, 0, 0, 0, 0, 0, 0, 1, 1, 1, 0, 1, 1, 1, 0]",EXACT_DERIVED
1442,"[[0, 0], [-1, -1]]","[[-1, -1], [-1, 1]]","[0, 0, 0, 0, 0, 0, 0, 0, 1, 1, 1, -1, 1, 1, 1, -1]",EXACT_DERIVED
1443,"[[0, 0], [-1, -1]]","[[-1, -1], [0, -1]]","[0, 0, 0, 0, 0, 0, 0, 0, 1, 1, 0, 1, 1, 1, 0, 1]",EXACT_DERIVED
1444,"[[0, 0], [-1, -1]]","[[-1, -1], [0, 0]]","[0, 0, 0, 0, 0, 0, 0, 0, 1, 1, 0, 0, 1, 1, 0, 0]",EXACT_DERIVED
1445,"[[0, 0], [-1, -1]]","[[-1, -1], [0, 1]]","[0, 0, 0, 0, 0, 0, 0, 0, 1, 1, 0, -1, 1, 1, 0, -1]",EXACT_DERIVED
1446,"[[0, 0], [-1, -1]]","[[-1, -1], [1, -1]]","[0, 0, 0, 0, 0, 0, 0, 0, 1, 1, -1, 1, 1, 1, -1, 1]",EXACT_DERIVED
1447,"[[0, 0], [-1, -1]]","[[-1, -1], [1, 0]]","[0, 0, 0, 0, 0, 0, 0, 0, 1, 1, -1, 0, 1, 1, -1, 0]",EXACT_DERIVED
1448,"[[0, 0], [-1, -1]]","[[-1, -1], [1, 1]]","[0, 0, 0, 0, 0, 0, 0, 0, 1, 1, -1, -1, 1, 1, -1, -1]",EXACT_DERIVED
1449,"[[0, 0], [-1, -1]]","[[-1, 0], [-1, -1]]","[0, 0, 0, 0, 0, 0, 0, 0, 1, 0, 1, 1, 1, 0, 1, 1]",EXACT_DERIVED
1450,"[[0, 0], [-1, -1]]","[[-1, 0], [-1, 0]]","[0, 0, 0, 0, 0, 0, 0, 0, 1, 0, 1, 0, 1, 0, 1, 0]",EXACT_DERIVED
1451,"[[0, 0], [-1, -1]]","[[-1, 0], [-1, 1]]","[0, 0, 0, 0, 0, 0, 0, 0, 1, 0, 1, -1, 1, 0, 1, -1]",EXACT_DERIVED
1452,"[[0, 0], [-1, -1]]","[[-1, 0], [0, -1]]","[0, 0, 0, 0, 0, 0, 0, 0, 1, 0, 0, 1, 1, 0, 0, 1]",EXACT_DERIVED
1453,"[[0, 0], [-1, -1]]","[[-1, 0], [0, 0]]","[0, 0, 0, 0, 0, 0, 0, 0, 1, 0, 0, 0, 1, 0, 0, 0]",EXACT_DERIVED
1454,"[[0, 0], [-1, -1]]","[[-1, 0], [0, 1]]","[0, 0, 0, 0, 0, 0, 0, 0, 1, 0, 0, -1, 1, 0, 0, -1]",EXACT_DERIVED
1455,"[[0, 0], [-1, -1]]","[[-1, 0], [1, -1]]","[0, 0, 0, 0, 0, 0, 0, 0, 1, 0, -1, 1, 1, 0, -1, 1]",EXACT_DERIVED
1456,"[[0, 0], [-1, -1]]","[[-1, 0], [1, 0]]","[0, 0, 0, 0, 0, 0, 0, 0, 1, 0, -1, 0, 1, 0, -1, 0]",EXACT_DERIVED
1457,"[[0, 0], [-1, -1]]","[[-1, 0], [1, 1]]","[0, 0, 0, 0, 0, 0, 0, 0, 1, 0, -1, -1, 1, 0, -1, -1]",EXACT_DERIVED
1458,"[[0, 0], [-1, -1]]","[[-1, 1], [-1, -1]]","[0, 0, 0, 0, 0, 0, 0, 0, 1, -1, 1, 1, 1, -1, 1, 1]",EXACT_DERIVED
1459,"[[0, 0], [-1, -1]]","[[-1, 1], [-1, 0]]","[0, 0, 0, 0, 0, 0, 0, 0, 1, -1, 1, 0, 1, -1, 1, 0]",EXACT_DERIVED
1460,"[[0, 0], [-1, -1]]","[[-1, 1], [-1, 1]]","[0, 0, 0, 0, 0, 0, 0, 0, 1, -1, 1, -1, 1, -1, 1, -1]",EXACT_DERIVED
1461,"[[0, 0], [-1, -1]]","[[-1, 1], [0, -1]]","[0, 0, 0, 0, 0, 0, 0, 0, 1, -1, 0, 1, 1, -1, 0, 1]",EXACT_DERIVED
1462,"[[0, 0], [-1, -1]]","[[-1, 1], [0, 0]]","[0, 0, 0, 0, 0, 0, 0, 0, 1, -1, 0, 0, 1, -1, 0, 0]",EXACT_DERIVED
1463,"[[0, 0], [-1, -1]]","[[-1, 1], [0, 1]]","[0, 0, 0, 0, 0, 0, 0, 0, 1, -1, 0, -1, 1, -1, 0, -1]",EXACT_DERIVED
1464,"[[0, 0], [-1, -1]]","[[-1, 1], [1, -1]]","[0, 0, 0, 0, 0, 0, 0, 0, 1, -1, -1, 1, 1, -1, -1, 1]",EXACT_DERIVED
1465,"[[0, 0], [-1, -1]]","[[-1, 1], [1, 0]]","[0, 0, 0, 0, 0, 0, 0, 0, 1, -1, -1, 0, 1, -1, -1, 0]",EXACT_DERIVED
1466,"[[0, 0], [-1, -1]]","[[-1, 1], [1, 1]]","[0, 0, 0, 0, 0, 0, 0, 0, 1, -1, -1, -1, 1, -1, -1, -1]",EXACT_DERIVED
1467,"[[0, 0], [-1, -1]]","[[0, -1], [-1, -1]]","[0, 0, 0, 0, 0, 0, 0, 0, 0, 1, 1, 1, 0, 1, 1, 1]",EXACT_DERIVED
1468,"[[0, 0], [-1, -1]]","[[0, -1], [-1, 0]]","[0, 0, 0, 0, 0, 0, 0, 0, 0, 1, 1, 0, 0, 1, 1, 0]",EXACT_DERIVED
1469,"[[0, 0], [-1, -1]]","[[0, -1], [-1, 1]]","[0, 0, 0, 0, 0, 0, 0, 0, 0, 1, 1, -1, 0, 1, 1, -1]",EXACT_DERIVED
1470,"[[0, 0], [-1, -1]]","[[0, -1], [0, -1]]","[0, 0, 0, 0, 0, 0, 0, 0, 0, 1, 0, 1, 0, 1, 0, 1]",EXACT_DERIVED
1471,"[[0, 0], [-1, -1]]","[[0, -1], [0, 0]]","[0, 0, 0, 0, 0, 0, 0, 0, 0, 1, 0, 0, 0, 1, 0, 0]",EXACT_DERIVED
1472,"[[0, 0], [-1, -1]]","[[0, -1], [0, 1]]","[0, 0, 0, 0, 0, 0, 0, 0, 0, 1, 0, -1, 0, 1, 0, -1]",EXACT_DERIVED
1473,"[[0, 0], [-1, -1]]","[[0, -1], [1, -1]]","[0, 0, 0, 0, 0, 0, 0, 0, 0, 1, -1, 1, 0, 1, -1, 1]",EXACT_DERIVED
1474,"[[0, 0], [-1, -1]]","[[0, -1], [1, 0]]","[0, 0, 0, 0, 0, 0, 0, 0, 0, 1, -1, 0, 0, 1, -1, 0]",EXACT_DERIVED
1475,"[[0, 0], [-1, -1]]","[[0, -1], [1, 1]]","[0, 0, 0, 0, 0, 0, 0, 0, 0, 1, -1, -1, 0, 1, -1, -1]",EXACT_DERIVED
1476,"[[0, 0], [-1, -1]]","[[0, 0], [-1, -1]]","[0, 0, 0, 0, 0, 0, 0, 0, 0, 0, 1, 1, 0, 0, 1, 1]",EXACT_DERIVED
1477,"[[0, 0], [-1, -1]]","[[0, 0], [-1, 0]]","[0, 0, 0, 0, 0, 0, 0, 0, 0, 0, 1, 0, 0, 0, 1, 0]",EXACT_DERIVED
1478,"[[0, 0], [-1, -1]]","[[0, 0], [-1, 1]]","[0, 0, 0, 0, 0, 0, 0, 0, 0, 0, 1, -1, 0, 0, 1, -1]",EXACT_DERIVED
1479,"[[0, 0], [-1, -1]]","[[0, 0], [0, -1]]","[0, 0, 0, 0, 0, 0, 0, 0, 0, 0, 0, 1, 0, 0, 0, 1]",EXACT_DERIVED
1480,"[[0, 0], [-1, 0]]","[[-1, -1], [-1, -1]]","[0, 0, 0, 0, 0, 0, 0, 0, 1, 1, 1, 1, 0, 0, 0, 0]",EXACT_DERIVED
1481,"[[0, 0], [-1, 0]]","[[-1, -1], [-1, 0]]","[0, 0, 0, 0, 0, 0, 0, 0, 1, 1, 1, 0, 0, 0, 0, 0]",EXACT_DERIVED
1482,"[[0, 0], [-1, 0]]","[[-1, -1], [-1, 1]]","[0, 0, 0, 0, 0, 0, 0, 0, 1, 1, 1, -1, 0, 0, 0, 0]",EXACT_DERIVED
1483,"[[0, 0], [-1, 0]]","[[-1, -1], [0, -1]]","[0, 0, 0, 0, 0, 0, 0, 0, 1, 1, 0, 1, 0, 0, 0, 0]",EXACT_DERIVED
1484,"[[0, 0], [-1, 0]]","[[-1, -1], [0, 0]]","[0, 0, 0, 0, 0, 0, 0, 0, 1, 1, 0, 0, 0, 0, 0, 0]",EXACT_DERIVED
1485,"[[0, 0], [-1, 0]]","[[-1, -1], [0, 1]]","[0, 0, 0, 0, 0, 0, 0, 0, 1, 1, 0, -1, 0, 0, 0, 0]",EXACT_DERIVED
1486,"[[0, 0], [-1, 0]]","[[-1, -1], [1, -1]]","[0, 0, 0, 0, 0, 0, 0, 0, 1, 1, -1, 1, 0, 0, 0, 0]",EXACT_DERIVED
1487,"[[0, 0], [-1, 0]]","[[-1, -1], [1, 0]]","[0, 0, 0, 0, 0, 0, 0, 0, 1, 1, -1, 0, 0, 0, 0, 0]",EXACT_DERIVED
1488,"[[0, 0], [-1, 0]]","[[-1, -1], [1, 1]]","[0, 0, 0, 0, 0, 0, 0, 0, 1, 1, -1, -1, 0, 0, 0, 0]",EXACT_DERIVED
1489,"[[0, 0], [-1, 0]]","[[-1, 0], [-1, -1]]","[0, 0, 0, 0, 0, 0, 0, 0, 1, 0, 1, 1, 0, 0, 0, 0]",EXACT_DERIVED
1490,"[[0, 0], [-1, 0]]","[[-1, 0], [-1, 0]]","[0, 0, 0, 0, 0, 0, 0, 0, 1, 0, 1, 0, 0, 0, 0, 0]",EXACT_DERIVED
1491,"[[0, 0], [-1, 0]]","[[-1, 0], [-1, 1]]","[0, 0, 0, 0, 0, 0, 0, 0, 1, 0, 1, -1, 0, 0, 0, 0]",EXACT_DERIVED
1492,"[[0, 0], [-1, 0]]","[[-1, 0], [0, -1]]","[0, 0, 0, 0, 0, 0, 0, 0, 1, 0, 0, 1, 0, 0, 0, 0]",EXACT_DERIVED
1493,"[[0, 0], [-1, 0]]","[[-1, 0], [0, 0]]","[0, 0, 0, 0, 0, 0, 0, 0, 1, 0, 0, 0, 0, 0, 0, 0]",EXACT_DERIVED
1494,"[[0, 0], [-1, 0]]","[[-1, 0], [0, 1]]","[0, 0, 0, 0, 0, 0, 0, 0, 1, 0, 0, -1, 0, 0, 0, 0]",EXACT_DERIVED
1495,"[[0, 0], [-1, 0]]","[[-1, 0], [1, -1]]","[0, 0, 0, 0, 0, 0, 0, 0, 1, 0, -1, 1, 0, 0, 0, 0]",EXACT_DERIVED
1496,"[[0, 0], [-1, 0]]","[[-1, 0], [1, 0]]","[0, 0, 0, 0, 0, 0, 0, 0, 1, 0, -1, 0, 0, 0, 0, 0]",EXACT_DERIVED
1497,"[[0, 0], [-1, 0]]","[[-1, 0], [1, 1]]","[0, 0, 0, 0, 0, 0, 0, 0, 1, 0, -1, -1, 0, 0, 0, 0]",EXACT_DERIVED
1498,"[[0, 0], [-1, 0]]","[[-1, 1], [-1, -1]]","[0, 0, 0, 0, 0, 0, 0, 0, 1, -1, 1, 1, 0, 0, 0, 0]",EXACT_DERIVED
1499,"[[0, 0], [-1, 0]]","[[-1, 1], [-1, 0]]","[0, 0, 0, 0, 0, 0, 0, 0, 1, -1, 1, 0, 0, 0, 0, 0]",EXACT_DERIVED
1500,"[[0, 0], [-1, 0]]","[[-1, 1], [-1, 1]]","[0, 0, 0, 0, 0, 0, 0, 0, 1, -1, 1, -1, 0, 0, 0, 0]",EXACT_DERIVED
1501,"[[0, 0], [-1, 0]]","[[-1, 1], [0, -1]]","[0, 0, 0, 0, 0, 0, 0, 0, 1, -1, 0, 1, 0, 0, 0, 0]",EXACT_DERIVED
1502,"[[0, 0], [-1, 0]]","[[-1, 1], [0, 0]]","[0, 0, 0, 0, 0, 0, 0, 0, 1, -1, 0, 0, 0, 0, 0, 0]",EXACT_DERIVED
1503,"[[0, 0], [-1, 0]]","[[-1, 1], [0, 1]]","[0, 0, 0, 0, 0, 0, 0, 0, 1, -1, 0, -1, 0, 0, 0, 0]",EXACT_DERIVED
1504,"[[0, 0], [-1, 0]]","[[-1, 1], [1, -1]]","[0, 0, 0, 0, 0, 0, 0, 0, 1, -1, -1, 1, 0, 0, 0, 0]",EXACT_DERIVED
1505,"[[0, 0], [-1, 0]]","[[-1, 1], [1, 0]]","[0, 0, 0, 0, 0, 0, 0, 0, 1, -1, -1, 0, 0, 0, 0, 0]",EXACT_DERIVED
1506,"[[0, 0], [-1, 0]]","[[-1, 1], [1, 1]]","[0, 0, 0, 0, 0, 0, 0, 0, 1, -1, -1, -1, 0, 0, 0, 0]",EXACT_DERIVED
1507,"[[0, 0], [-1, 0]]","[[0, -1], [-1, -1]]","[0, 0, 0, 0, 0, 0, 0, 0, 0, 1, 1, 1, 0, 0, 0, 0]",EXACT_DERIVED
1508,"[[0, 0], [-1, 0]]","[[0, -1], [-1, 0]]","[0, 0, 0, 0, 0, 0, 0, 0, 0, 1, 1, 0, 0, 0, 0, 0]",EXACT_DERIVED
1509,"[[0, 0], [-1, 0]]","[[0, -1], [-1, 1]]","[0, 0, 0, 0, 0, 0, 0, 0, 0, 1, 1, -1, 0, 0, 0, 0]",EXACT_DERIVED
1510,"[[0, 0], [-1, 0]]","[[0, -1], [0, -1]]","[0, 0, 0, 0, 0, 0, 0, 0, 0, 1, 0, 1, 0, 0, 0, 0]",EXACT_DERIVED
1511,"[[0, 0], [-1, 0]]","[[0, -1], [0, 0]]","[0, 0, 0, 0, 0, 0, 0, 0, 0, 1, 0, 0, 0, 0, 0, 0]",EXACT_DERIVED
1512,"[[0, 0], [-1, 0]]","[[0, -1], [0, 1]]","[0, 0, 0, 0, 0, 0, 0, 0, 0, 1, 0, -1, 0, 0, 0, 0]",EXACT_DERIVED
1513,"[[0, 0], [-1, 0]]","[[0, -1], [1, -1]]","[0, 0, 0, 0, 0, 0, 0, 0, 0, 1, -1, 1, 0, 0, 0, 0]",EXACT_DERIVED
1514,"[[0, 0], [-1, 0]]","[[0, -1], [1, 0]]","[0, 0, 0, 0, 0, 0, 0, 0, 0, 1, -1, 0, 0, 0, 0, 0]",EXACT_DERIVED
1515,"[[0, 0], [-1, 0]]","[[0, -1], [1, 1]]","[0, 0, 0, 0, 0, 0, 0, 0, 0, 1, -1, -1, 0, 0, 0, 0]",EXACT_DERIVED
1516,"[[0, 0], [-1, 0]]","[[0, 0], [-1, -1]]","[0, 0, 0, 0, 0, 0, 0, 0, 0, 0, 1, 1, 0, 0, 0, 0]",EXACT_DERIVED
1517,"[[0, 0], [-1, 0]]","[[0, 0], [-1, 0]]","[0, 0, 0, 0, 0, 0, 0, 0, 0, 0, 1, 0, 0, 0, 0, 0]",EXACT_DERIVED
1518,"[[0, 0], [-1, 0]]","[[0, 0], [-1, 1]]","[0, 0, 0, 0, 0, 0, 0, 0, 0, 0, 1, -1, 0, 0, 0, 0]",EXACT_DERIVED
1519,"[[0, 0], [-1, 0]]","[[0, 0], [0, -1]]","[0, 0, 0, 0, 0, 0, 0, 0, 0, 0, 0, 1, 0, 0, 0, 0]",EXACT_DERIVED
1520,"[[0, 0], [-1, 1]]","[[-1, -1], [-1, -1]]","[0, 0, 0, 0, 0, 0, 0, 0, 1, 1, 1, 1, -1, -1, -1, -1]",EXACT_DERIVED
1521,"[[0, 0], [-1, 1]]","[[-1, -1], [-1, 0]]","[0, 0, 0, 0, 0, 0, 0, 0, 1, 1, 1, 0, -1, -1, -1, 0]",EXACT_DERIVED
1522,"[[0, 0], [-1, 1]]","[[-1, -1], [-1, 1]]","[0, 0, 0, 0, 0, 0, 0, 0, 1, 1, 1, -1, -1, -1, -1, 1]",EXACT_DERIVED
1523,"[[0, 0], [-1, 1]]","[[-1, -1], [0, -1]]","[0, 0, 0, 0, 0, 0, 0, 0, 1, 1, 0, 1, -1, -1, 0, -1]",EXACT_DERIVED
1524,"[[0, 0], [-1, 1]]","[[-1, -1], [0, 0]]","[0, 0, 0, 0, 0, 0, 0, 0, 1, 1, 0, 0, -1, -1, 0, 0]",EXACT_DERIVED
1525,"[[0, 0], [-1, 1]]","[[-1, -1], [0, 1]]","[0, 0, 0, 0, 0, 0, 0, 0, 1, 1, 0, -1, -1, -1, 0, 1]",EXACT_DERIVED
1526,"[[0, 0], [-1, 1]]","[[-1, -1], [1, -1]]","[0, 0, 0, 0, 0, 0, 0, 0, 1, 1, -1, 1, -1, -1, 1, -1]",EXACT_DERIVED
1527,"[[0, 0], [-1, 1]]","[[-1, -1], [1, 0]]","[0, 0, 0, 0, 0, 0, 0, 0, 1, 1, -1, 0, -1, -1, 1, 0]",EXACT_DERIVED
1528,"[[0, 0], [-1, 1]]","[[-1, -1], [1, 1]]","[0, 0, 0, 0, 0, 0, 0, 0, 1, 1, -1, -1, -1, -1, 1, 1]",EXACT_DERIVED
1529,"[[0, 0], [-1, 1]]","[[-1, 0], [-1, -1]]","[0, 0, 0, 0, 0, 0, 0, 0, 1, 0, 1, 1, -1, 0, -1, -1]",EXACT_DERIVED
1530,"[[0, 0], [-1, 1]]","[[-1, 0], [-1, 0]]","[0, 0, 0, 0, 0, 0, 0, 0, 1, 0, 1, 0, -1, 0, -1, 0]",EXACT_DERIVED
1531,"[[0, 0], [-1, 1]]","[[-1, 0], [-1, 1]]","[0, 0, 0, 0, 0, 0, 0, 0, 1, 0, 1, -1, -1, 0, -1, 1]",EXACT_DERIVED
1532,"[[0, 0], [-1, 1]]","[[-1, 0], [0, -1]]","[0, 0, 0, 0, 0, 0, 0, 0, 1, 0, 0, 1, -1, 0, 0, -1]",EXACT_DERIVED
1533,"[[0, 0], [-1, 1]]","[[-1, 0], [0, 0]]","[0, 0, 0, 0, 0, 0, 0, 0, 1, 0, 0, 0, -1, 0, 0, 0]",EXACT_DERIVED
1534,"[[0, 0], [-1, 1]]","[[-1, 0], [0, 1]]","[0, 0, 0, 0, 0, 0, 0, 0, 1, 0, 0, -1, -1, 0, 0, 1]",EXACT_DERIVED
1535,"[[0, 0], [-1, 1]]","[[-1, 0], [1, -1]]","[0, 0, 0, 0, 0, 0, 0, 0, 1, 0, -1, 1, -1, 0, 1, -1]",EXACT_DERIVED
1536,"[[0, 0], [-1, 1]]","[[-1, 0], [1, 0]]","[0, 0, 0, 0, 0, 0, 0, 0, 1, 0, -1, 0, -1, 0, 1, 0]",EXACT_DERIVED
1537,"[[0, 0], [-1, 1]]","[[-1, 0], [1, 1]]","[0, 0, 0, 0, 0, 0, 0, 0, 1, 0, -1, -1, -1, 0, 1, 1]",EXACT_DERIVED
1538,"[[0, 0], [-1, 1]]","[[-1, 1], [-1, -1]]","[0, 0, 0, 0, 0, 0, 0, 0, 1, -1, 1, 1, -1, 1, -1, -1]",EXACT_DERIVED
1539,"[[0, 0], [-1, 1]]","[[-1, 1], [-1, 0]]","[0, 0, 0, 0, 0, 0, 0, 0, 1, -1, 1, 0, -1, 1, -1, 0]",EXACT_DERIVED
1540,"[[0, 0], [-1, 1]]","[[-1, 1], [-1, 1]]","[0, 0, 0, 0, 0, 0, 0, 0, 1, -1, 1, -1, -1, 1, -1, 1]",EXACT_DERIVED
1541,"[[0, 0], [-1, 1]]","[[-1, 1], [0, -1]]","[0, 0, 0, 0, 0, 0, 0, 0, 1, -1, 0, 1, -1, 1, 0, -1]",EXACT_DERIVED
1542,"[[0, 0], [-1, 1]]","[[-1, 1], [0, 0]]","[0, 0, 0, 0, 0, 0, 0, 0, 1, -1, 0, 0, -1, 1, 0, 0]",EXACT_DERIVED
1543,"[[0, 0], [-1, 1]]","[[-1, 1], [0, 1]]","[0, 0, 0, 0, 0, 0, 0, 0, 1, -1, 0, -1, -1, 1, 0, 1]",EXACT_DERIVED
1544,"[[0, 0], [-1, 1]]","[[-1, 1], [1, -1]]","[0, 0, 0, 0, 0, 0, 0, 0, 1, -1, -1, 1, -1, 1, 1, -1]",EXACT_DERIVED
1545,"[[0, 0], [-1, 1]]","[[-1, 1], [1, 0]]","[0, 0, 0, 0, 0, 0, 0, 0, 1, -1, -1, 0, -1, 1, 1, 0]",EXACT_DERIVED
1546,"[[0, 0], [-1, 1]]","[[-1, 1], [1, 1]]","[0, 0, 0, 0, 0, 0, 0, 0, 1, -1, -1, -1, -1, 1, 1, 1]",EXACT_DERIVED
1547,"[[0, 0], [-1, 1]]","[[0, -1], [-1, -1]]","[0, 0, 0, 0, 0, 0, 0, 0, 0, 1, 1, 1, 0, -1, -1, -1]",EXACT_DERIVED
1548,"[[0, 0], [-1, 1]]","[[0, -1], [-1, 0]]","[0, 0, 0, 0, 0, 0, 0, 0, 0, 1, 1, 0, 0, -1, -1, 0]",EXACT_DERIVED
1549,"[[0, 0], [-1, 1]]","[[0, -1], [-1, 1]]","[0, 0, 0, 0, 0, 0, 0, 0, 0, 1, 1, -1, 0, -1, -1, 1]",EXACT_DERIVED
1550,"[[0, 0], [-1, 1]]","[[0, -1], [0, -1]]","[0, 0, 0, 0, 0, 0, 0, 0, 0, 1, 0, 1, 0, -1, 0, -1]",EXACT_DERIVED
1551,"[[0, 0], [-1, 1]]","[[0, -1], [0, 0]]","[0, 0, 0, 0, 0, 0, 0, 0, 0, 1, 0, 0, 0, -1, 0, 0]",EXACT_DERIVED
1552,"[[0, 0], [-1, 1]]","[[0, -1], [0, 1]]","[0, 0, 0, 0, 0, 0, 0, 0, 0, 1, 0, -1, 0, -1, 0, 1]",EXACT_DERIVED
1553,"[[0, 0], [-1, 1]]","[[0, -1], [1, -1]]","[0, 0, 0, 0, 0, 0, 0, 0, 0, 1, -1, 1, 0, -1, 1, -1]",EXACT_DERIVED
1554,"[[0, 0], [-1, 1]]","[[0, -1], [1, 0]]","[0, 0, 0, 0, 0, 0, 0, 0, 0, 1, -1, 0, 0, -1, 1, 0]",EXACT_DERIVED
1555,"[[0, 0], [-1, 1]]","[[0, -1], [1, 1]]","[0, 0, 0, 0, 0, 0, 0, 0, 0, 1, -1, -1, 0, -1, 1, 1]",EXACT_DERIVED
1556,"[[0, 0], [-1, 1]]","[[0, 0], [-1, -1]]","[0, 0, 0, 0, 0, 0, 0, 0, 0, 0, 1, 1, 0, 0, -1, -1]",EXACT_DERIVED
1557,"[[0, 0], [-1, 1]]","[[0, 0], [-1, 0]]","[0, 0, 0, 0, 0, 0, 0, 0, 0, 0, 1, 0, 0, 0, -1, 0]",EXACT_DERIVED
1558,"[[0, 0], [-1, 1]]","[[0, 0], [-1, 1]]","[0, 0, 0, 0, 0, 0, 0, 0, 0, 0, 1, -1, 0, 0, -1, 1]",EXACT_DERIVED
1559,"[[0, 0], [-1, 1]]","[[0, 0], [0, -1]]","[0, 0, 0, 0, 0, 0, 0, 0, 0, 0, 0, 1, 0, 0, 0, -1]",EXACT_DERIVED
1560,"[[0, 0], [0, -1]]","[[-1, -1], [-1, -1]]","[0, 0, 0, 0, 0, 0, 0, 0, 0, 0, 0, 0, 1, 1, 1, 1]",EXACT_DERIVED
1561,"[[0, 0], [0, -1]]","[[-1, -1], [-1, 0]]","[0, 0, 0, 0, 0, 0, 0, 0, 0, 0, 0, 0, 1, 1, 1, 0]",EXACT_DERIVED
1562,"[[0, 0], [0, -1]]","[[-1, -1], [-1, 1]]","[0, 0, 0, 0, 0, 0, 0, 0, 0, 0, 0, 0, 1, 1, 1, -1]",EXACT_DERIVED
1563,"[[0, 0], [0, -1]]","[[-1, -1], [0, -1]]","[0, 0, 0, 0, 0, 0, 0, 0, 0, 0, 0, 0, 1, 1, 0, 1]",EXACT_DERIVED
1564,"[[0, 0], [0, -1]]","[[-1, -1], [0, 0]]","[0, 0, 0, 0, 0, 0, 0, 0, 0, 0, 0, 0, 1, 1, 0, 0]",EXACT_DERIVED
1565,"[[0, 0], [0, -1]]","[[-1, -1], [0, 1]]","[0, 0, 0, 0, 0, 0, 0, 0, 0, 0, 0, 0, 1, 1, 0, -1]",EXACT_DERIVED
1566,"[[0, 0], [0, -1]]","[[-1, -1], [1, -1]]","[0, 0, 0, 0, 0, 0, 0, 0, 0, 0, 0, 0, 1, 1, -1, 1]",EXACT_DERIVED
1567,"[[0, 0], [0, -1]]","[[-1, -1], [1, 0]]","[0, 0, 0, 0, 0, 0, 0, 0, 0, 0, 0, 0, 1, 1, -1, 0]",EXACT_DERIVED
1568,"[[0, 0], [0, -1]]","[[-1, -1], [1, 1]]","[0, 0, 0, 0, 0, 0, 0, 0, 0, 0, 0, 0, 1, 1, -1, -1]",EXACT_DERIVED
1569,"[[0, 0], [0, -1]]","[[-1, 0], [-1, -1]]","[0, 0, 0, 0, 0, 0, 0, 0, 0, 0, 0, 0, 1, 0, 1, 1]",EXACT_DERIVED
1570,"[[0, 0], [0, -1]]","[[-1, 0], [-1, 0]]","[0, 0, 0, 0, 0, 0, 0, 0, 0, 0, 0, 0, 1, 0, 1, 0]",EXACT_DERIVED
1571,"[[0, 0], [0, -1]]","[[-1, 0], [-1, 1]]","[0, 0, 0, 0, 0, 0, 0, 0, 0, 0, 0, 0, 1, 0, 1, -1]",EXACT_DERIVED
1572,"[[0, 0], [0, -1]]","[[-1, 0], [0, -1]]","[0, 0, 0, 0, 0, 0, 0, 0, 0, 0, 0, 0, 1, 0, 0, 1]",EXACT_DERIVED
1573,"[[0, 0], [0, -1]]","[[-1, 0], [0, 0]]","[0, 0, 0, 0, 0, 0, 0, 0, 0, 0, 0, 0, 1, 0, 0, 0]",EXACT_DERIVED
1574,"[[0, 0], [0, -1]]","[[-1, 0], [0, 1]]","[0, 0, 0, 0, 0, 0, 0, 0, 0, 0, 0, 0, 1, 0, 0, -1]",EXACT_DERIVED
1575,"[[0, 0], [0, -1]]","[[-1, 0], [1, -1]]","[0, 0, 0, 0, 0, 0, 0, 0, 0, 0, 0, 0, 1, 0, -1, 1]",EXACT_DERIVED
1576,"[[0, 0], [0, -1]]","[[-1, 0], [1, 0]]","[0, 0, 0, 0, 0, 0, 0, 0, 0, 0, 0, 0, 1, 0, -1, 0]",EXACT_DERIVED
1577,"[[0, 0], [0, -1]]","[[-1, 0], [1, 1]]","[0, 0, 0, 0, 0, 0, 0, 0, 0, 0, 0, 0, 1, 0, -1, -1]",EXACT_DERIVED
1578,"[[0, 0], [0, -1]]","[[-1, 1], [-1, -1]]","[0, 0, 0, 0, 0, 0, 0, 0, 0, 0, 0, 0, 1, -1, 1, 1]",EXACT_DERIVED
1579,"[[0, 0], [0, -1]]","[[-1, 1], [-1, 0]]","[0, 0, 0, 0, 0, 0, 0, 0, 0, 0, 0, 0, 1, -1, 1, 0]",EXACT_DERIVED
1580,"[[0, 0], [0, -1]]","[[-1, 1], [-1, 1]]","[0, 0, 0, 0, 0, 0, 0, 0, 0, 0, 0, 0, 1, -1, 1, -1]",EXACT_DERIVED
1581,"[[0, 0], [0, -1]]","[[-1, 1], [0, -1]]","[0, 0, 0, 0, 0, 0, 0, 0, 0, 0, 0, 0, 1, -1, 0, 1]",EXACT_DERIVED
1582,"[[0, 0], [0, -1]]","[[-1, 1], [0, 0]]","[0, 0, 0, 0, 0, 0, 0, 0, 0, 0, 0, 0, 1, -1, 0, 0]",EXACT_DERIVED
1583,"[[0, 0], [0, -1]]","[[-1, 1], [0, 1]]","[0, 0, 0, 0, 0, 0, 0, 0, 0, 0, 0, 0, 1, -1, 0, -1]",EXACT_DERIVED
1584,"[[0, 0], [0, -1]]","[[-1, 1], [1, -1]]","[0, 0, 0, 0, 0, 0, 0, 0, 0, 0, 0, 0, 1, -1, -1, 1]",EXACT_DERIVED
1585,"[[0, 0], [0, -1]]","[[-1, 1], [1, 0]]","[0, 0, 0, 0, 0, 0, 0, 0, 0, 0, 0, 0, 1, -1, -1, 0]",EXACT_DERIVED
1586,"[[0, 0], [0, -1]]","[[-1, 1], [1, 1]]","[0, 0, 0, 0, 0, 0, 0, 0, 0, 0, 0, 0, 1, -1, -1, -1]",EXACT_DERIVED
1587,"[[0, 0], [0, -1]]","[[0, -1], [-1, -1]]","[0, 0, 0, 0, 0, 0, 0, 0, 0, 0, 0, 0, 0, 1, 1, 1]",EXACT_DERIVED
1588,"[[0, 0], [0, -1]]","[[0, -1], [-1, 0]]","[0, 0, 0, 0, 0, 0, 0, 0, 0, 0, 0, 0, 0, 1, 1, 0]",EXACT_DERIVED
1589,"[[0, 0], [0, -1]]","[[0, -1], [-1, 1]]","[0, 0, 0, 0, 0, 0, 0, 0, 0, 0, 0, 0, 0, 1, 1, -1]",EXACT_DERIVED
1590,"[[0, 0], [0, -1]]","[[0, -1], [0, -1]]","[0, 0, 0, 0, 0, 0, 0, 0, 0, 0, 0, 0, 0, 1, 0, 1]",EXACT_DERIVED
1591,"[[0, 0], [0, -1]]","[[0, -1], [0, 0]]","[0, 0, 0, 0, 0, 0, 0, 0, 0, 0, 0, 0, 0, 1, 0, 0]",EXACT_DERIVED
1592,"[[0, 0], [0, -1]]","[[0, -1], [0, 1]]","[0, 0, 0, 0, 0, 0, 0, 0, 0, 0, 0, 0, 0, 1, 0, -1]",EXACT_DERIVED
1593,"[[0, 0], [0, -1]]","[[0, -1], [1, -1]]","[0, 0, 0, 0, 0, 0, 0, 0, 0, 0, 0, 0, 0, 1, -1, 1]",EXACT_DERIVED
1594,"[[0, 0], [0, -1]]","[[0, -1], [1, 0]]","[0, 0, 0, 0, 0, 0, 0, 0, 0, 0, 0, 0, 0, 1, -1, 0]",EXACT_DERIVED
1595,"[[0, 0], [0, -1]]","[[0, -1], [1, 1]]","[0, 0, 0, 0, 0, 0, 0, 0, 0, 0, 0, 0, 0, 1, -1, -1]",EXACT_DERIVED
1596,"[[0, 0], [0, -1]]","[[0, 0], [-1, -1]]","[0, 0, 0, 0, 0, 0, 0, 0, 0, 0, 0, 0, 0, 0, 1, 1]",EXACT_DERIVED
1597,"[[0, 0], [0, -1]]","[[0, 0], [-1, 0]]","[0, 0, 0, 0, 0, 0, 0, 0, 0, 0, 0, 0, 0, 0, 1, 0]",EXACT_DERIVED
1598,"[[0, 0], [0, -1]]","[[0, 0], [-1, 1]]","[0, 0, 0, 0, 0, 0, 0, 0, 0, 0, 0, 0, 0, 0, 1, -1]",EXACT_DERIVED
1599,"[[0, 0], [0, -1]]","[[0, 0], [0, -1]]","[0, 0, 0, 0, 0, 0, 0, 0, 0, 0, 0, 0, 0, 0, 0, 1]",EXACT_DERIVED
