closure_step,A_orbit,B_orbit,A_stab_type,B_stab_type,total_pairs,output_inside_set,output_outside_set,output_orbit_ids,output_counts
1,0,0,(Z2)^3,(Z2)^3,27,27,0,[0],{0: 27}
1,0,1,(Z2)^3,Z2xZ2,0,0,0,[],{}
1,0,2,(Z2)^3,Z2xZ2,0,0,0,[],{}
1,0,4,(Z2)^3,Z2xZ2,54,54,0,[4],{4: 54}
1,0,5,(Z2)^3,Z2xZ2,0,0,0,[],{}
1,0,6,(Z2)^3,Z2xZ2,0,0,0,[],{}
1,0,10,(Z2)^3,Z2xZ2,54,54,0,[10],{10: 54}
1,0,20,(Z2)^3,Z2xZ2,54,54,0,[20],{20: 54}
1,0,30,(Z2)^3,Z2xZ2,54,54,0,[30],{30: 54}
1,0,34,(Z2)^3,Z2,108,108,0,[34],{34: 108}
1,0,40,(Z2)^3,Z2xZ2,54,54,0,[40],{40: 54}
1,0,50,(Z2)^3,Z2xZ2,54,54,0,[50],{50: 54}
1,0,52,(Z2)^3,Z2xZ2,0,0,0,[],{}
1,0,54,(Z2)^3,Z2xZ2,0,0,0,[],{}
1,0,95,(Z2)^3,Z2,108,108,0,[95],{95: 108}
1,0,125,(Z2)^3,Z2xZ2,0,0,0,[],{}
1,0,126,(Z2)^3,Z2xZ2,0,0,0,[],{}
1,0,127,(Z2)^3,Z2xZ2,0,0,0,[],{}
1,0,131,(Z2)^3,Z2xZ2,0,0,0,[],{}
1,0,132,(Z2)^3,Z2xZ2,0,0,0,[],{}
1,0,133,(Z2)^3,Z2xZ2,0,0,0,[],{}
1,0,137,(Z2)^3,Z2xZ2,0,0,0,[],{}
1,0,138,(Z2)^3,Z2xZ2,0,0,0,[],{}
1,0,139,(Z2)^3,Z2xZ2,0,0,0,[],{}
1,0,143,(Z2)^3,Z2,0,0,0,[],{}
1,0,161,(Z2)^3,Z2,0,0,0,[],{}
1,0,179,(Z2)^3,Z2,0,0,0,[],{}
1,0,197,(Z2)^3,Z2,0,0,0,[],{}
1,0,215,(Z2)^3,Z2,0,0,0,[],{}
1,0,350,(Z2)^3,Z2xZ2,0,0,0,[],{}
1,0,354,(Z2)^3,Z2,0,0,0,[],{}
1,0,360,(Z2)^3,Z2xZ2,0,0,0,[],{}
1,0,370,(Z2)^3,Z2xZ2,0,0,0,[],{}
1,0,380,(Z2)^3,Z2xZ2,0,0,0,[],{}
1,0,390,(Z2)^3,Z2xZ2,0,0,0,[],{}
1,0,394,(Z2)^3,Z2,0,0,0,[],{}
1,0,400,(Z2)^3,Z2xZ2,0,0,0,[],{}
1,0,410,(Z2)^3,Z2xZ2,0,0,0,[],{}
1,0,420,(Z2)^3,Z2xZ2,0,0,0,[],{}
1,0,430,(Z2)^3,Z2xZ2,0,0,0,[],{}
1,0,434,(Z2)^3,Z2,0,0,0,[],{}
1,0,440,(Z2)^3,Z2,0,0,0,[],{}
1,0,500,(Z2)^3,Z2,0,0,0,[],{}
1,0,560,(Z2)^3,Z2,0,0,0,[],{}
1,0,980,(Z2)^3,Z2xZ2,0,0,0,[],{}
1,0,982,(Z2)^3,Z2xZ2,0,0,0,[],{}
1,0,984,(Z2)^3,Z2xZ2,0,0,0,[],{}
1,0,986,(Z2)^3,Z2,0,0,0,[],{}
1,0,995,(Z2)^3,Z2,0,0,0,[],{}
1,0,1010,(Z2)^3,Z2,0,0,0,[],{}
1,0,1025,(Z2)^3,Z2,0,0,0,[],{}
1,0,1040,(Z2)^3,Z2,0,0,0,[],{}
1,0,1055,(Z2)^3,Z2xZ2,0,0,0,[],{}
1,0,1057,(Z2)^3,Z2xZ2,0,0,0,[],{}
1,0,1059,(Z2)^3,Z2xZ2,0,0,0,[],{}
1,0,1130,(Z2)^3,Z2xZ2,0,0,0,[],{}
1,0,1132,(Z2)^3,Z2xZ2,0,0,0,[],{}
1,0,1134,(Z2)^3,Z2xZ2,0,0,0,[],{}
1,1,0,Z2xZ2,(Z2)^3,0,0,0,[],{}
1,1,1,Z2xZ2,Z2xZ2,54,54,0,[1],{1: 54}
1,1,2,Z2xZ2,Z2xZ2,0,0,0,[],{}
1,1,4,Z2xZ2,Z2xZ2,0,0,0,[],{}
1,1,5,Z2xZ2,Z2xZ2,54,54,0,[5],{5: 54}
1,1,6,Z2xZ2,Z2xZ2,54,54,0,[6],{6: 54}
1,1,10,Z2xZ2,Z2xZ2,0,0,0,[],{}
1,1,20,Z2xZ2,Z2xZ2,0,0,0,[],{}
1,1,30,Z2xZ2,Z2xZ2,0,0,0,[],{}
1,1,34,Z2xZ2,Z2,0,0,0,[],{}
1,1,40,Z2xZ2,Z2xZ2,0,0,0,[],{}
1,1,50,Z2xZ2,Z2xZ2,0,0,0,[],{}
1,1,52,Z2xZ2,Z2xZ2,0,0,0,[],{}
1,1,54,Z2xZ2,Z2xZ2,0,0,0,[],{}
1,1,95,Z2xZ2,Z2,0,0,0,[],{}
1,1,125,Z2xZ2,Z2xZ2,0,0,0,[],{}
1,1,126,Z2xZ2,Z2xZ2,0,0,0,[],{}
1,1,127,Z2xZ2,Z2xZ2,0,0,0,[],{}
1,1,131,Z2xZ2,Z2xZ2,0,0,0,[],{}
1,1,132,Z2xZ2,Z2xZ2,0,0,0,[],{}
1,1,133,Z2xZ2,Z2xZ2,0,0,0,[],{}
1,1,137,Z2xZ2,Z2xZ2,0,0,0,[],{}
1,1,138,Z2xZ2,Z2xZ2,0,0,0,[],{}
1,1,139,Z2xZ2,Z2xZ2,0,0,0,[],{}
1,1,143,Z2xZ2,Z2,0,0,0,[],{}
1,1,161,Z2xZ2,Z2,0,0,0,[],{}
1,1,179,Z2xZ2,Z2,0,0,0,[],{}
1,1,197,Z2xZ2,Z2,0,0,0,[],{}
1,1,215,Z2xZ2,Z2,0,0,0,[],{}
1,1,350,Z2xZ2,Z2xZ2,0,0,0,[],{}
1,1,354,Z2xZ2,Z2,0,0,0,[],{}
1,1,360,Z2xZ2,Z2xZ2,0,0,0,[],{}
1,1,370,Z2xZ2,Z2xZ2,0,0,0,[],{}
1,1,380,Z2xZ2,Z2xZ2,0,0,0,[],{}
1,1,390,Z2xZ2,Z2xZ2,0,0,0,[],{}
1,1,394,Z2xZ2,Z2,0,0,0,[],{}
1,1,400,Z2xZ2,Z2xZ2,0,0,0,[],{}
1,1,410,Z2xZ2,Z2xZ2,0,0,0,[],{}
1,1,420,Z2xZ2,Z2xZ2,0,0,0,[],{}
1,1,430,Z2xZ2,Z2xZ2,0,0,0,[],{}
1,1,434,Z2xZ2,Z2,0,0,0,[],{}
1,1,440,Z2xZ2,Z2,0,0,0,[],{}
1,1,500,Z2xZ2,Z2,0,0,0,[],{}
1,1,560,Z2xZ2,Z2,0,0,0,[],{}
1,1,980,Z2xZ2,Z2xZ2,0,0,0,[],{}
1,1,982,Z2xZ2,Z2xZ2,0,0,0,[],{}
1,1,984,Z2xZ2,Z2xZ2,0,0,0,[],{}
1,1,986,Z2xZ2,Z2,0,0,0,[],{}
1,1,995,Z2xZ2,Z2,0,0,0,[],{}
1,1,1010,Z2xZ2,Z2,0,0,0,[],{}
1,1,1025,Z2xZ2,Z2,0,0,0,[],{}
1,1,1040,Z2xZ2,Z2,0,0,0,[],{}
1,1,1055,Z2xZ2,Z2xZ2,0,0,0,[],{}
1,1,1057,Z2xZ2,Z2xZ2,0,0,0,[],{}
1,1,1059,Z2xZ2,Z2xZ2,0,0,0,[],{}
1,1,1130,Z2xZ2,Z2xZ2,0,0,0,[],{}
1,1,1132,Z2xZ2,Z2xZ2,0,0,0,[],{}
1,1,1134,Z2xZ2,Z2xZ2,0,0,0,[],{}
1,2,0,Z2xZ2,(Z2)^3,0,0,0,[],{}
1,2,1,Z2xZ2,Z2xZ2,0,0,0,[],{}
1,2,2,Z2xZ2,Z2xZ2,54,54,0,[2],{2: 54}
1,2,4,Z2xZ2,Z2xZ2,0,0,0,[],{}
1,2,5,Z2xZ2,Z2xZ2,0,0,0,[],{}
1,2,6,Z2xZ2,Z2xZ2,0,0,0,[],{}
1,2,10,Z2xZ2,Z2xZ2,0,0,0,[],{}
1,2,20,Z2xZ2,Z2xZ2,0,0,0,[],{}
1,2,30,Z2xZ2,Z2xZ2,0,0,0,[],{}
1,2,34,Z2xZ2,Z2,0,0,0,[],{}
1,2,40,Z2xZ2,Z2xZ2,0,0,0,[],{}
1,2,50,Z2xZ2,Z2xZ2,0,0,0,[],{}
1,2,52,Z2xZ2,Z2xZ2,54,54,0,[52],{52: 54}
1,2,54,Z2xZ2,Z2xZ2,54,54,0,[54],{54: 54}
1,2,95,Z2xZ2,Z2,0,0,0,[],{}
1,2,125,Z2xZ2,Z2xZ2,0,0,0,[],{}
1,2,126,Z2xZ2,Z2xZ2,0,0,0,[],{}
1,2,127,Z2xZ2,Z2xZ2,0,0,0,[],{}
1,2,131,Z2xZ2,Z2xZ2,0,0,0,[],{}
1,2,132,Z2xZ2,Z2xZ2,0,0,0,[],{}
1,2,133,Z2xZ2,Z2xZ2,0,0,0,[],{}
1,2,137,Z2xZ2,Z2xZ2,0,0,0,[],{}
1,2,138,Z2xZ2,Z2xZ2,0,0,0,[],{}
1,2,139,Z2xZ2,Z2xZ2,0,0,0,[],{}
1,2,143,Z2xZ2,Z2,0,0,0,[],{}
1,2,161,Z2xZ2,Z2,0,0,0,[],{}
1,2,179,Z2xZ2,Z2,0,0,0,[],{}
1,2,197,Z2xZ2,Z2,0,0,0,[],{}
1,2,215,Z2xZ2,Z2,0,0,0,[],{}
1,2,350,Z2xZ2,Z2xZ2,0,0,0,[],{}
1,2,354,Z2xZ2,Z2,0,0,0,[],{}
1,2,360,Z2xZ2,Z2xZ2,0,0,0,[],{}
1,2,370,Z2xZ2,Z2xZ2,0,0,0,[],{}
1,2,380,Z2xZ2,Z2xZ2,0,0,0,[],{}
1,2,390,Z2xZ2,Z2xZ2,0,0,0,[],{}
1,2,394,Z2xZ2,Z2,0,0,0,[],{}
1,2,400,Z2xZ2,Z2xZ2,0,0,0,[],{}
1,2,410,Z2xZ2,Z2xZ2,0,0,0,[],{}
1,2,420,Z2xZ2,Z2xZ2,0,0,0,[],{}
1,2,430,Z2xZ2,Z2xZ2,0,0,0,[],{}
1,2,434,Z2xZ2,Z2,0,0,0,[],{}
1,2,440,Z2xZ2,Z2,0,0,0,[],{}
1,2,500,Z2xZ2,Z2,0,0,0,[],{}
1,2,560,Z2xZ2,Z2,0,0,0,[],{}
1,2,980,Z2xZ2,Z2xZ2,0,0,0,[],{}
1,2,982,Z2xZ2,Z2xZ2,0,0,0,[],{}
1,2,984,Z2xZ2,Z2xZ2,0,0,0,[],{}
1,2,986,Z2xZ2,Z2,0,0,0,[],{}
1,2,995,Z2xZ2,Z2,0,0,0,[],{}
1,2,1010,Z2xZ2,Z2,0,0,0,[],{}
1,2,1025,Z2xZ2,Z2,0,0,0,[],{}
1,2,1040,Z2xZ2,Z2,0,0,0,[],{}
1,2,1055,Z2xZ2,Z2xZ2,0,0,0,[],{}
1,2,1057,Z2xZ2,Z2xZ2,0,0,0,[],{}
1,2,1059,Z2xZ2,Z2xZ2,0,0,0,[],{}
1,2,1130,Z2xZ2,Z2xZ2,0,0,0,[],{}
1,2,1132,Z2xZ2,Z2xZ2,0,0,0,[],{}
1,2,1134,Z2xZ2,Z2xZ2,0,0,0,[],{}
1,4,0,Z2xZ2,(Z2)^3,0,0,0,[],{}
1,4,1,Z2xZ2,Z2xZ2,0,0,0,[],{}
1,4,2,Z2xZ2,Z2xZ2,0,0,0,[],{}
1,4,4,Z2xZ2,Z2xZ2,0,0,0,[],{}
1,4,5,Z2xZ2,Z2xZ2,0,0,0,[],{}
1,4,6,Z2xZ2,Z2xZ2,0,0,0,[],{}
1,4,10,Z2xZ2,Z2xZ2,0,0,0,[],{}
1,4,20,Z2xZ2,Z2xZ2,0,0,0,[],{}
1,4,30,Z2xZ2,Z2xZ2,0,0,0,[],{}
1,4,34,Z2xZ2,Z2,0,0,0,[],{}
1,4,40,Z2xZ2,Z2xZ2,0,0,0,[],{}
1,4,50,Z2xZ2,Z2xZ2,0,0,0,[],{}
1,4,52,Z2xZ2,Z2xZ2,0,0,0,[],{}
1,4,54,Z2xZ2,Z2xZ2,0,0,0,[],{}
1,4,95,Z2xZ2,Z2,0,0,0,[],{}
1,4,125,Z2xZ2,Z2xZ2,54,54,0,[0],{0: 54}
1,4,126,Z2xZ2,Z2xZ2,0,0,0,[],{}
1,4,127,Z2xZ2,Z2xZ2,0,0,0,[],{}
1,4,131,Z2xZ2,Z2xZ2,54,54,0,[4],{4: 54}
1,4,132,Z2xZ2,Z2xZ2,0,0,0,[],{}
1,4,133,Z2xZ2,Z2xZ2,0,0,0,[],{}
1,4,137,Z2xZ2,Z2xZ2,54,54,0,[4],{4: 54}
1,4,138,Z2xZ2,Z2xZ2,0,0,0,[],{}
1,4,139,Z2xZ2,Z2xZ2,0,0,0,[],{}
1,4,143,Z2xZ2,Z2,108,108,0,[10],{10: 108}
1,4,161,Z2xZ2,Z2,108,108,0,[20],{20: 108}
1,4,179,Z2xZ2,Z2,108,108,0,[30],{30: 108}
1,4,197,Z2xZ2,Z2,108,108,0,[40],{40: 108}
1,4,215,Z2xZ2,Z2,108,108,0,[50],{50: 108}
1,4,350,Z2xZ2,Z2xZ2,0,0,0,[],{}
1,4,354,Z2xZ2,Z2,0,0,0,[],{}
1,4,360,Z2xZ2,Z2xZ2,0,0,0,[],{}
1,4,370,Z2xZ2,Z2xZ2,0,0,0,[],{}
1,4,380,Z2xZ2,Z2xZ2,0,0,0,[],{}
1,4,390,Z2xZ2,Z2xZ2,0,0,0,[],{}
1,4,394,Z2xZ2,Z2,0,0,0,[],{}
1,4,400,Z2xZ2,Z2xZ2,0,0,0,[],{}
1,4,410,Z2xZ2,Z2xZ2,0,0,0,[],{}
1,4,420,Z2xZ2,Z2xZ2,0,0,0,[],{}
1,4,430,Z2xZ2,Z2xZ2,0,0,0,[],{}
1,4,434,Z2xZ2,Z2,0,0,0,[],{}
1,4,440,Z2xZ2,Z2,0,0,0,[],{}
1,4,500,Z2xZ2,Z2,0,0,0,[],{}
1,4,560,Z2xZ2,Z2,0,0,0,[],{}
1,4,980,Z2xZ2,Z2xZ2,0,0,0,[],{}
1,4,982,Z2xZ2,Z2xZ2,0,0,0,[],{}
1,4,984,Z2xZ2,Z2xZ2,0,0,0,[],{}
1,4,986,Z2xZ2,Z2,0,0,0,[],{}
1,4,995,Z2xZ2,Z2,0,0,0,[],{}
1,4,1010,Z2xZ2,Z2,0,0,0,[],{}
1,4,1025,Z2xZ2,Z2,0,0,0,[],{}
1,4,1040,Z2xZ2,Z2,0,0,0,[],{}
1,4,1055,Z2xZ2,Z2xZ2,0,0,0,[],{}
1,4,1057,Z2xZ2,Z2xZ2,0,0,0,[],{}
1,4,1059,Z2xZ2,Z2xZ2,0,0,0,[],{}
1,4,1130,Z2xZ2,Z2xZ2,0,0,0,[],{}
1,4,1132,Z2xZ2,Z2xZ2,0,0,0,[],{}
1,4,1134,Z2xZ2,Z2xZ2,0,0,0,[],{}
1,5,0,Z2xZ2,(Z2)^3,0,0,0,[],{}
1,5,1,Z2xZ2,Z2xZ2,0,0,0,[],{}
1,5,2,Z2xZ2,Z2xZ2,0,0,0,[],{}
1,5,4,Z2xZ2,Z2xZ2,0,0,0,[],{}
1,5,5,Z2xZ2,Z2xZ2,0,0,0,[],{}
1,5,6,Z2xZ2,Z2xZ2,0,0,0,[],{}
1,5,10,Z2xZ2,Z2xZ2,0,0,0,[],{}
1,5,20,Z2xZ2,Z2xZ2,0,0,0,[],{}
1,5,30,Z2xZ2,Z2xZ2,0,0,0,[],{}
1,5,34,Z2xZ2,Z2,0,0,0,[],{}
1,5,40,Z2xZ2,Z2xZ2,0,0,0,[],{}
1,5,50,Z2xZ2,Z2xZ2,0,0,0,[],{}
1,5,52,Z2xZ2,Z2xZ2,0,0,0,[],{}
1,5,54,Z2xZ2,Z2xZ2,0,0,0,[],{}
1,5,95,Z2xZ2,Z2,0,0,0,[],{}
1,5,125,Z2xZ2,Z2xZ2,0,0,0,[],{}
1,5,126,Z2xZ2,Z2xZ2,54,54,0,[1],{1: 54}
1,5,127,Z2xZ2,Z2xZ2,0,0,0,[],{}
1,5,131,Z2xZ2,Z2xZ2,0,0,0,[],{}
1,5,132,Z2xZ2,Z2xZ2,54,54,0,[5],{5: 54}
1,5,133,Z2xZ2,Z2xZ2,0,0,0,[],{}
1,5,137,Z2xZ2,Z2xZ2,0,0,0,[],{}
1,5,138,Z2xZ2,Z2xZ2,54,54,0,[6],{6: 54}
1,5,139,Z2xZ2,Z2xZ2,0,0,0,[],{}
1,5,143,Z2xZ2,Z2,0,0,0,[],{}
1,5,161,Z2xZ2,Z2,0,0,0,[],{}
1,5,179,Z2xZ2,Z2,0,0,0,[],{}
1,5,197,Z2xZ2,Z2,0,0,0,[],{}
1,5,215,Z2xZ2,Z2,0,0,0,[],{}
1,5,350,Z2xZ2,Z2xZ2,0,0,0,[],{}
1,5,354,Z2xZ2,Z2,0,0,0,[],{}
1,5,360,Z2xZ2,Z2xZ2,0,0,0,[],{}
1,5,370,Z2xZ2,Z2xZ2,0,0,0,[],{}
1,5,380,Z2xZ2,Z2xZ2,0,0,0,[],{}
1,5,390,Z2xZ2,Z2xZ2,0,0,0,[],{}
1,5,394,Z2xZ2,Z2,0,0,0,[],{}
1,5,400,Z2xZ2,Z2xZ2,0,0,0,[],{}
1,5,410,Z2xZ2,Z2xZ2,0,0,0,[],{}
1,5,420,Z2xZ2,Z2xZ2,0,0,0,[],{}
1,5,430,Z2xZ2,Z2xZ2,0,0,0,[],{}
1,5,434,Z2xZ2,Z2,0,0,0,[],{}
1,5,440,Z2xZ2,Z2,0,0,0,[],{}
1,5,500,Z2xZ2,Z2,0,0,0,[],{}
1,5,560,Z2xZ2,Z2,0,0,0,[],{}
1,5,980,Z2xZ2,Z2xZ2,0,0,0,[],{}
1,5,982,Z2xZ2,Z2xZ2,0,0,0,[],{}
1,5,984,Z2xZ2,Z2xZ2,0,0,0,[],{}
1,5,986,Z2xZ2,Z2,0,0,0,[],{}
1,5,995,Z2xZ2,Z2,0,0,0,[],{}
1,5,1010,Z2xZ2,Z2,0,0,0,[],{}
1,5,1025,Z2xZ2,Z2,0,0,0,[],{}
1,5,1040,Z2xZ2,Z2,0,0,0,[],{}
1,5,1055,Z2xZ2,Z2xZ2,0,0,0,[],{}
1,5,1057,Z2xZ2,Z2xZ2,0,0,0,[],{}
1,5,1059,Z2xZ2,Z2xZ2,0,0,0,[],{}
1,5,1130,Z2xZ2,Z2xZ2,0,0,0,[],{}
1,5,1132,Z2xZ2,Z2xZ2,0,0,0,[],{}
1,5,1134,Z2xZ2,Z2xZ2,0,0,0,[],{}
1,6,0,Z2xZ2,(Z2)^3,0,0,0,[],{}
1,6,1,Z2xZ2,Z2xZ2,0,0,0,[],{}
1,6,2,Z2xZ2,Z2xZ2,0,0,0,[],{}
1,6,4,Z2xZ2,Z2xZ2,0,0,0,[],{}
1,6,5,Z2xZ2,Z2xZ2,0,0,0,[],{}
1,6,6,Z2xZ2,Z2xZ2,0,0,0,[],{}
1,6,10,Z2xZ2,Z2xZ2,0,0,0,[],{}
1,6,20,Z2xZ2,Z2xZ2,0,0,0,[],{}
1,6,30,Z2xZ2,Z2xZ2,0,0,0,[],{}
1,6,34,Z2xZ2,Z2,0,0,0,[],{}
1,6,40,Z2xZ2,Z2xZ2,0,0,0,[],{}
1,6,50,Z2xZ2,Z2xZ2,0,0,0,[],{}
1,6,52,Z2xZ2,Z2xZ2,0,0,0,[],{}
1,6,54,Z2xZ2,Z2xZ2,0,0,0,[],{}
1,6,95,Z2xZ2,Z2,0,0,0,[],{}
1,6,125,Z2xZ2,Z2xZ2,0,0,0,[],{}
1,6,126,Z2xZ2,Z2xZ2,0,0,0,[],{}
1,6,127,Z2xZ2,Z2xZ2,54,54,0,[1],{1: 54}
1,6,131,Z2xZ2,Z2xZ2,0,0,0,[],{}
1,6,132,Z2xZ2,Z2xZ2,0,0,0,[],{}
1,6,133,Z2xZ2,Z2xZ2,54,54,0,[6],{6: 54}
1,6,137,Z2xZ2,Z2xZ2,0,0,0,[],{}
1,6,138,Z2xZ2,Z2xZ2,0,0,0,[],{}
1,6,139,Z2xZ2,Z2xZ2,54,54,0,[5],{5: 54}
1,6,143,Z2xZ2,Z2,0,0,0,[],{}
1,6,161,Z2xZ2,Z2,0,0,0,[],{}
1,6,179,Z2xZ2,Z2,0,0,0,[],{}
1,6,197,Z2xZ2,Z2,0,0,0,[],{}
1,6,215,Z2xZ2,Z2,0,0,0,[],{}
1,6,350,Z2xZ2,Z2xZ2,0,0,0,[],{}
1,6,354,Z2xZ2,Z2,0,0,0,[],{}
1,6,360,Z2xZ2,Z2xZ2,0,0,0,[],{}
1,6,370,Z2xZ2,Z2xZ2,0,0,0,[],{}
1,6,380,Z2xZ2,Z2xZ2,0,0,0,[],{}
1,6,390,Z2xZ2,Z2xZ2,0,0,0,[],{}
1,6,394,Z2xZ2,Z2,0,0,0,[],{}
1,6,400,Z2xZ2,Z2xZ2,0,0,0,[],{}
1,6,410,Z2xZ2,Z2xZ2,0,0,0,[],{}
1,6,420,Z2xZ2,Z2xZ2,0,0,0,[],{}
1,6,430,Z2xZ2,Z2xZ2,0,0,0,[],{}
1,6,434,Z2xZ2,Z2,0,0,0,[],{}
1,6,440,Z2xZ2,Z2,0,0,0,[],{}
1,6,500,Z2xZ2,Z2,0,0,0,[],{}
1,6,560,Z2xZ2,Z2,0,0,0,[],{}
1,6,980,Z2xZ2,Z2xZ2,0,0,0,[],{}
1,6,982,Z2xZ2,Z2xZ2,0,0,0,[],{}
1,6,984,Z2xZ2,Z2xZ2,0,0,0,[],{}
1,6,986,Z2xZ2,Z2,0,0,0,[],{}
1,6,995,Z2xZ2,Z2,0,0,0,[],{}
1,6,1010,Z2xZ2,Z2,0,0,0,[],{}
1,6,1025,Z2xZ2,Z2,0,0,0,[],{}
1,6,1040,Z2xZ2,Z2,0,0,0,[],{}
1,6,1055,Z2xZ2,Z2xZ2,0,0,0,[],{}
1,6,1057,Z2xZ2,Z2xZ2,0,0,0,[],{}
1,6,1059,Z2xZ2,Z2xZ2,0,0,0,[],{}
1,6,1130,Z2xZ2,Z2xZ2,0,0,0,[],{}
1,6,1132,Z2xZ2,Z2xZ2,0,0,0,[],{}
1,6,1134,Z2xZ2,Z2xZ2,0,0,0,[],{}
1,10,0,Z2xZ2,(Z2)^3,0,0,0,[],{}
1,10,1,Z2xZ2,Z2xZ2,0,0,0,[],{}
1,10,2,Z2xZ2,Z2xZ2,0,0,0,[],{}
1,10,4,Z2xZ2,Z2xZ2,0,0,0,[],{}
1,10,5,Z2xZ2,Z2xZ2,0,0,0,[],{}
1,10,6,Z2xZ2,Z2xZ2,0,0,0,[],{}
1,10,10,Z2xZ2,Z2xZ2,0,0,0,[],{}
1,10,20,Z2xZ2,Z2xZ2,0,0,0,[],{}
1,10,30,Z2xZ2,Z2xZ2,0,0,0,[],{}
1,10,34,Z2xZ2,Z2,0,0,0,[],{}
1,10,40,Z2xZ2,Z2xZ2,0,0,0,[],{}
1,10,50,Z2xZ2,Z2xZ2,0,0,0,[],{}
1,10,52,Z2xZ2,Z2xZ2,0,0,0,[],{}
1,10,54,Z2xZ2,Z2xZ2,0,0,0,[],{}
1,10,95,Z2xZ2,Z2,0,0,0,[],{}
1,10,125,Z2xZ2,Z2xZ2,0,0,0,[],{}
1,10,126,Z2xZ2,Z2xZ2,0,0,0,[],{}
1,10,127,Z2xZ2,Z2xZ2,0,0,0,[],{}
1,10,131,Z2xZ2,Z2xZ2,0,0,0,[],{}
1,10,132,Z2xZ2,Z2xZ2,0,0,0,[],{}
1,10,133,Z2xZ2,Z2xZ2,0,0,0,[],{}
1,10,137,Z2xZ2,Z2xZ2,0,0,0,[],{}
1,10,138,Z2xZ2,Z2xZ2,0,0,0,[],{}
1,10,139,Z2xZ2,Z2xZ2,0,0,0,[],{}
1,10,143,Z2xZ2,Z2,0,0,0,[],{}
1,10,161,Z2xZ2,Z2,0,0,0,[],{}
1,10,179,Z2xZ2,Z2,0,0,0,[],{}
1,10,197,Z2xZ2,Z2,0,0,0,[],{}
1,10,215,Z2xZ2,Z2,0,0,0,[],{}
1,10,350,Z2xZ2,Z2xZ2,54,54,0,[0],{0: 54}
1,10,354,Z2xZ2,Z2,108,108,0,[4],{4: 108}
1,10,360,Z2xZ2,Z2xZ2,54,54,0,[10],{10: 54}
1,10,370,Z2xZ2,Z2xZ2,54,54,0,[10],{10: 54}
1,10,380,Z2xZ2,Z2xZ2,54,54,0,[20],{20: 54}
1,10,390,Z2xZ2,Z2xZ2,54,54,0,[30],{30: 54}
1,10,394,Z2xZ2,Z2,108,108,0,[34],{34: 108}
1,10,400,Z2xZ2,Z2xZ2,54,54,0,[40],{40: 54}
1,10,410,Z2xZ2,Z2xZ2,54,54,0,[20],{20: 54}
1,10,420,Z2xZ2,Z2xZ2,54,54,0,[40],{40: 54}
1,10,430,Z2xZ2,Z2xZ2,54,54,0,[30],{30: 54}
1,10,434,Z2xZ2,Z2,108,108,0,[34],{34: 108}
1,10,440,Z2xZ2,Z2,108,108,0,[50],{50: 108}
1,10,500,Z2xZ2,Z2,108,108,0,[95],{95: 108}
1,10,560,Z2xZ2,Z2,108,108,0,[95],{95: 108}
1,10,980,Z2xZ2,Z2xZ2,0,0,0,[],{}
1,10,982,Z2xZ2,Z2xZ2,0,0,0,[],{}
1,10,984,Z2xZ2,Z2xZ2,0,0,0,[],{}
1,10,986,Z2xZ2,Z2,0,0,0,[],{}
1,10,995,Z2xZ2,Z2,0,0,0,[],{}
1,10,1010,Z2xZ2,Z2,0,0,0,[],{}
1,10,1025,Z2xZ2,Z2,0,0,0,[],{}
1,10,1040,Z2xZ2,Z2,0,0,0,[],{}
1,10,1055,Z2xZ2,Z2xZ2,0,0,0,[],{}
1,10,1057,Z2xZ2,Z2xZ2,0,0,0,[],{}
1,10,1059,Z2xZ2,Z2xZ2,0,0,0,[],{}
1,10,1130,Z2xZ2,Z2xZ2,0,0,0,[],{}
1,10,1132,Z2xZ2,Z2xZ2,0,0,0,[],{}
1,10,1134,Z2xZ2,Z2xZ2,0,0,0,[],{}
1,20,0,Z2xZ2,(Z2)^3,0,0,0,[],{}
1,20,1,Z2xZ2,Z2xZ2,0,0,0,[],{}
1,20,2,Z2xZ2,Z2xZ2,0,0,0,[],{}
1,20,4,Z2xZ2,Z2xZ2,0,0,0,[],{}
1,20,5,Z2xZ2,Z2xZ2,0,0,0,[],{}
1,20,6,Z2xZ2,Z2xZ2,0,0,0,[],{}
1,20,10,Z2xZ2,Z2xZ2,0,0,0,[],{}
1,20,20,Z2xZ2,Z2xZ2,0,0,0,[],{}
1,20,30,Z2xZ2,Z2xZ2,0,0,0,[],{}
1,20,34,Z2xZ2,Z2,0,0,0,[],{}
1,20,40,Z2xZ2,Z2xZ2,0,0,0,[],{}
1,20,50,Z2xZ2,Z2xZ2,0,0,0,[],{}
1,20,52,Z2xZ2,Z2xZ2,0,0,0,[],{}
1,20,54,Z2xZ2,Z2xZ2,0,0,0,[],{}
1,20,95,Z2xZ2,Z2,0,0,0,[],{}
1,20,125,Z2xZ2,Z2xZ2,0,0,0,[],{}
1,20,126,Z2xZ2,Z2xZ2,0,0,0,[],{}
1,20,127,Z2xZ2,Z2xZ2,0,0,0,[],{}
1,20,131,Z2xZ2,Z2xZ2,0,0,0,[],{}
1,20,132,Z2xZ2,Z2xZ2,0,0,0,[],{}
1,20,133,Z2xZ2,Z2xZ2,0,0,0,[],{}
1,20,137,Z2xZ2,Z2xZ2,0,0,0,[],{}
1,20,138,Z2xZ2,Z2xZ2,0,0,0,[],{}
1,20,139,Z2xZ2,Z2xZ2,0,0,0,[],{}
1,20,143,Z2xZ2,Z2,0,0,0,[],{}
1,20,161,Z2xZ2,Z2,0,0,0,[],{}
1,20,179,Z2xZ2,Z2,0,0,0,[],{}
1,20,197,Z2xZ2,Z2,0,0,0,[],{}
1,20,215,Z2xZ2,Z2,0,0,0,[],{}
1,20,350,Z2xZ2,Z2xZ2,54,54,0,[30],{30: 54}
1,20,354,Z2xZ2,Z2,108,108,0,[34],{34: 108}
1,20,360,Z2xZ2,Z2xZ2,54,54,0,[20],{20: 54}
1,20,370,Z2xZ2,Z2xZ2,54,54,0,[40],{40: 54}
1,20,380,Z2xZ2,Z2xZ2,54,54,0,[10],{10: 54}
1,20,390,Z2xZ2,Z2xZ2,54,54,0,[0],{0: 54}
1,20,394,Z2xZ2,Z2,108,108,0,[4],{4: 108}
1,20,400,Z2xZ2,Z2xZ2,54,54,0,[10],{10: 54}
1,20,410,Z2xZ2,Z2xZ2,54,54,0,[40],{40: 54}
1,20,420,Z2xZ2,Z2xZ2,54,54,0,[20],{20: 54}
1,20,430,Z2xZ2,Z2xZ2,54,54,0,[30],{30: 54}
1,20,434,Z2xZ2,Z2,108,108,0,[34],{34: 108}
1,20,440,Z2xZ2,Z2,108,108,0,[95],{95: 108}
1,20,500,Z2xZ2,Z2,108,108,0,[50],{50: 108}
1,20,560,Z2xZ2,Z2,108,108,0,[95],{95: 108}
1,20,980,Z2xZ2,Z2xZ2,0,0,0,[],{}
1,20,982,Z2xZ2,Z2xZ2,0,0,0,[],{}
1,20,984,Z2xZ2,Z2xZ2,0,0,0,[],{}
1,20,986,Z2xZ2,Z2,0,0,0,[],{}
1,20,995,Z2xZ2,Z2,0,0,0,[],{}
1,20,1010,Z2xZ2,Z2,0,0,0,[],{}
1,20,1025,Z2xZ2,Z2,0,0,0,[],{}
1,20,1040,Z2xZ2,Z2,0,0,0,[],{}
1,20,1055,Z2xZ2,Z2xZ2,0,0,0,[],{}
1,20,1057,Z2xZ2,Z2xZ2,0,0,0,[],{}
1,20,1059,Z2xZ2,Z2xZ2,0,0,0,[],{}
1,20,1130,Z2xZ2,Z2xZ2,0,0,0,[],{}
1,20,1132,Z2xZ2,Z2xZ2,0,0,0,[],{}
1,20,1134,Z2xZ2,Z2xZ2,0,0,0,[],{}
1,30,0,Z2xZ2,(Z2)^3,54,54,0,[30],{30: 54}
1,30,1,Z2xZ2,Z2xZ2,0,0,0,[],{}
1,30,2,Z2xZ2,Z2xZ2,0,0,0,[],{}
1,30,4,Z2xZ2,Z2xZ2,108,108,0,[34],{34: 108}
1,30,5,Z2xZ2,Z2xZ2,0,0,0,[],{}
1,30,6,Z2xZ2,Z2xZ2,0,0,0,[],{}
1,30,10,Z2xZ2,Z2xZ2,108,108,0,"[20, 40]","{20: 54, 40: 54}"
1,30,20,Z2xZ2,Z2xZ2,108,108,0,"[10, 40]","{10: 54, 40: 54}"
1,30,30,Z2xZ2,Z2xZ2,108,108,0,"[0, 30]","{0: 54, 30: 54}"
1,30,34,Z2xZ2,Z2,216,216,0,"[4, 34]","{4: 108, 34: 108}"
1,30,40,Z2xZ2,Z2xZ2,108,108,0,"[10, 20]","{10: 54, 20: 54}"
1,30,50,Z2xZ2,Z2xZ2,108,108,0,[95],{95: 108}
1,30,52,Z2xZ2,Z2xZ2,0,0,0,[],{}
1,30,54,Z2xZ2,Z2xZ2,0,0,0,[],{}
1,30,95,Z2xZ2,Z2,216,216,0,"[50, 95]","{50: 108, 95: 108}"
1,30,125,Z2xZ2,Z2xZ2,0,0,0,[],{}
1,30,126,Z2xZ2,Z2xZ2,0,0,0,[],{}
1,30,127,Z2xZ2,Z2xZ2,0,0,0,[],{}
1,30,131,Z2xZ2,Z2xZ2,0,0,0,[],{}
1,30,132,Z2xZ2,Z2xZ2,0,0,0,[],{}
1,30,133,Z2xZ2,Z2xZ2,0,0,0,[],{}
1,30,137,Z2xZ2,Z2xZ2,0,0,0,[],{}
1,30,138,Z2xZ2,Z2xZ2,0,0,0,[],{}
1,30,139,Z2xZ2,Z2xZ2,0,0,0,[],{}
1,30,143,Z2xZ2,Z2,0,0,0,[],{}
1,30,161,Z2xZ2,Z2,0,0,0,[],{}
1,30,179,Z2xZ2,Z2,0,0,0,[],{}
1,30,197,Z2xZ2,Z2,0,0,0,[],{}
1,30,215,Z2xZ2,Z2,0,0,0,[],{}
1,30,350,Z2xZ2,Z2xZ2,0,0,0,[],{}
1,30,354,Z2xZ2,Z2,0,0,0,[],{}
1,30,360,Z2xZ2,Z2xZ2,0,0,0,[],{}
1,30,370,Z2xZ2,Z2xZ2,0,0,0,[],{}
1,30,380,Z2xZ2,Z2xZ2,0,0,0,[],{}
1,30,390,Z2xZ2,Z2xZ2,0,0,0,[],{}
1,30,394,Z2xZ2,Z2,0,0,0,[],{}
1,30,400,Z2xZ2,Z2xZ2,0,0,0,[],{}
1,30,410,Z2xZ2,Z2xZ2,0,0,0,[],{}
1,30,420,Z2xZ2,Z2xZ2,0,0,0,[],{}
1,30,430,Z2xZ2,Z2xZ2,0,0,0,[],{}
1,30,434,Z2xZ2,Z2,0,0,0,[],{}
1,30,440,Z2xZ2,Z2,0,0,0,[],{}
1,30,500,Z2xZ2,Z2,0,0,0,[],{}
1,30,560,Z2xZ2,Z2,0,0,0,[],{}
1,30,980,Z2xZ2,Z2xZ2,0,0,0,[],{}
1,30,982,Z2xZ2,Z2xZ2,0,0,0,[],{}
1,30,984,Z2xZ2,Z2xZ2,0,0,0,[],{}
1,30,986,Z2xZ2,Z2,0,0,0,[],{}
1,30,995,Z2xZ2,Z2,0,0,0,[],{}
1,30,1010,Z2xZ2,Z2,0,0,0,[],{}
1,30,1025,Z2xZ2,Z2,0,0,0,[],{}
1,30,1040,Z2xZ2,Z2,0,0,0,[],{}
1,30,1055,Z2xZ2,Z2xZ2,0,0,0,[],{}
1,30,1057,Z2xZ2,Z2xZ2,0,0,0,[],{}
1,30,1059,Z2xZ2,Z2xZ2,0,0,0,[],{}
1,30,1130,Z2xZ2,Z2xZ2,0,0,0,[],{}
1,30,1132,Z2xZ2,Z2xZ2,0,0,0,[],{}
1,30,1134,Z2xZ2,Z2xZ2,0,0,0,[],{}
1,34,0,Z2,(Z2)^3,0,0,0,[],{}
1,34,1,Z2,Z2xZ2,0,0,0,[],{}
1,34,2,Z2,Z2xZ2,0,0,0,[],{}
1,34,4,Z2,Z2xZ2,0,0,0,[],{}
1,34,5,Z2,Z2xZ2,0,0,0,[],{}
1,34,6,Z2,Z2xZ2,0,0,0,[],{}
1,34,10,Z2,Z2xZ2,0,0,0,[],{}
1,34,20,Z2,Z2xZ2,0,0,0,[],{}
1,34,30,Z2,Z2xZ2,0,0,0,[],{}
1,34,34,Z2,Z2,0,0,0,[],{}
1,34,40,Z2,Z2xZ2,0,0,0,[],{}
1,34,50,Z2,Z2xZ2,0,0,0,[],{}
1,34,52,Z2,Z2xZ2,0,0,0,[],{}
1,34,54,Z2,Z2xZ2,0,0,0,[],{}
1,34,95,Z2,Z2,0,0,0,[],{}
1,34,125,Z2,Z2xZ2,108,108,0,[30],{30: 108}
1,34,126,Z2,Z2xZ2,0,0,0,[],{}
1,34,127,Z2,Z2xZ2,0,0,0,[],{}
1,34,131,Z2,Z2xZ2,108,108,0,[34],{34: 108}
1,34,132,Z2,Z2xZ2,0,0,0,[],{}
1,34,133,Z2,Z2xZ2,0,0,0,[],{}
1,34,137,Z2,Z2xZ2,108,108,0,[34],{34: 108}
1,34,138,Z2,Z2xZ2,0,0,0,[],{}
1,34,139,Z2,Z2xZ2,0,0,0,[],{}
1,34,143,Z2,Z2,216,216,0,"[20, 40]","{20: 108, 40: 108}"
1,34,161,Z2,Z2,216,216,0,"[10, 40]","{10: 108, 40: 108}"
1,34,179,Z2,Z2,216,216,0,"[0, 30]","{0: 108, 30: 108}"
1,34,197,Z2,Z2,216,216,0,"[10, 20]","{10: 108, 20: 108}"
1,34,215,Z2,Z2,216,216,0,[95],{95: 216}
1,34,350,Z2,Z2xZ2,0,0,0,[],{}
1,34,354,Z2,Z2,0,0,0,[],{}
1,34,360,Z2,Z2xZ2,0,0,0,[],{}
1,34,370,Z2,Z2xZ2,0,0,0,[],{}
1,34,380,Z2,Z2xZ2,0,0,0,[],{}
1,34,390,Z2,Z2xZ2,0,0,0,[],{}
1,34,394,Z2,Z2,0,0,0,[],{}
1,34,400,Z2,Z2xZ2,0,0,0,[],{}
1,34,410,Z2,Z2xZ2,0,0,0,[],{}
1,34,420,Z2,Z2xZ2,0,0,0,[],{}
1,34,430,Z2,Z2xZ2,0,0,0,[],{}
1,34,434,Z2,Z2,0,0,0,[],{}
1,34,440,Z2,Z2,0,0,0,[],{}
1,34,500,Z2,Z2,0,0,0,[],{}
1,34,560,Z2,Z2,0,0,0,[],{}
1,34,980,Z2,Z2xZ2,0,0,0,[],{}
1,34,982,Z2,Z2xZ2,0,0,0,[],{}
1,34,984,Z2,Z2xZ2,0,0,0,[],{}
1,34,986,Z2,Z2,0,0,0,[],{}
1,34,995,Z2,Z2,0,0,0,[],{}
1,34,1010,Z2,Z2,0,0,0,[],{}
1,34,1025,Z2,Z2,0,0,0,[],{}
1,34,1040,Z2,Z2,0,0,0,[],{}
1,34,1055,Z2,Z2xZ2,0,0,0,[],{}
1,34,1057,Z2,Z2xZ2,0,0,0,[],{}
1,34,1059,Z2,Z2xZ2,0,0,0,[],{}
1,34,1130,Z2,Z2xZ2,0,0,0,[],{}
1,34,1132,Z2,Z2xZ2,0,0,0,[],{}
1,34,1134,Z2,Z2xZ2,0,0,0,[],{}
1,40,0,Z2xZ2,(Z2)^3,0,0,0,[],{}
1,40,1,Z2xZ2,Z2xZ2,0,0,0,[],{}
1,40,2,Z2xZ2,Z2xZ2,0,0,0,[],{}
1,40,4,Z2xZ2,Z2xZ2,0,0,0,[],{}
1,40,5,Z2xZ2,Z2xZ2,0,0,0,[],{}
1,40,6,Z2xZ2,Z2xZ2,0,0,0,[],{}
1,40,10,Z2xZ2,Z2xZ2,0,0,0,[],{}
1,40,20,Z2xZ2,Z2xZ2,0,0,0,[],{}
1,40,30,Z2xZ2,Z2xZ2,0,0,0,[],{}
1,40,34,Z2xZ2,Z2,0,0,0,[],{}
1,40,40,Z2xZ2,Z2xZ2,0,0,0,[],{}
1,40,50,Z2xZ2,Z2xZ2,0,0,0,[],{}
1,40,52,Z2xZ2,Z2xZ2,0,0,0,[],{}
1,40,54,Z2xZ2,Z2xZ2,0,0,0,[],{}
1,40,95,Z2xZ2,Z2,0,0,0,[],{}
1,40,125,Z2xZ2,Z2xZ2,0,0,0,[],{}
1,40,126,Z2xZ2,Z2xZ2,0,0,0,[],{}
1,40,127,Z2xZ2,Z2xZ2,0,0,0,[],{}
1,40,131,Z2xZ2,Z2xZ2,0,0,0,[],{}
1,40,132,Z2xZ2,Z2xZ2,0,0,0,[],{}
1,40,133,Z2xZ2,Z2xZ2,0,0,0,[],{}
1,40,137,Z2xZ2,Z2xZ2,0,0,0,[],{}
1,40,138,Z2xZ2,Z2xZ2,0,0,0,[],{}
1,40,139,Z2xZ2,Z2xZ2,0,0,0,[],{}
1,40,143,Z2xZ2,Z2,0,0,0,[],{}
1,40,161,Z2xZ2,Z2,0,0,0,[],{}
1,40,179,Z2xZ2,Z2,0,0,0,[],{}
1,40,197,Z2xZ2,Z2,0,0,0,[],{}
1,40,215,Z2xZ2,Z2,0,0,0,[],{}
1,40,350,Z2xZ2,Z2xZ2,54,54,0,[30],{30: 54}
1,40,354,Z2xZ2,Z2,108,108,0,[34],{34: 108}
1,40,360,Z2xZ2,Z2xZ2,54,54,0,[40],{40: 54}
1,40,370,Z2xZ2,Z2xZ2,54,54,0,[20],{20: 54}
1,40,380,Z2xZ2,Z2xZ2,54,54,0,[40],{40: 54}
1,40,390,Z2xZ2,Z2xZ2,54,54,0,[30],{30: 54}
1,40,394,Z2xZ2,Z2,108,108,0,[34],{34: 108}
1,40,400,Z2xZ2,Z2xZ2,54,54,0,[20],{20: 54}
1,40,410,Z2xZ2,Z2xZ2,54,54,0,[10],{10: 54}
1,40,420,Z2xZ2,Z2xZ2,54,54,0,[10],{10: 54}
1,40,430,Z2xZ2,Z2xZ2,54,54,0,[0],{0: 54}
1,40,434,Z2xZ2,Z2,108,108,0,[4],{4: 108}
1,40,440,Z2xZ2,Z2,108,108,0,[95],{95: 108}
1,40,500,Z2xZ2,Z2,108,108,0,[95],{95: 108}
1,40,560,Z2xZ2,Z2,108,108,0,[50],{50: 108}
1,40,980,Z2xZ2,Z2xZ2,0,0,0,[],{}
1,40,982,Z2xZ2,Z2xZ2,0,0,0,[],{}
1,40,984,Z2xZ2,Z2xZ2,0,0,0,[],{}
1,40,986,Z2xZ2,Z2,0,0,0,[],{}
1,40,995,Z2xZ2,Z2,0,0,0,[],{}
1,40,1010,Z2xZ2,Z2,0,0,0,[],{}
1,40,1025,Z2xZ2,Z2,0,0,0,[],{}
1,40,1040,Z2xZ2,Z2,0,0,0,[],{}
1,40,1055,Z2xZ2,Z2xZ2,0,0,0,[],{}
1,40,1057,Z2xZ2,Z2xZ2,0,0,0,[],{}
1,40,1059,Z2xZ2,Z2xZ2,0,0,0,[],{}
1,40,1130,Z2xZ2,Z2xZ2,0,0,0,[],{}
1,40,1132,Z2xZ2,Z2xZ2,0,0,0,[],{}
1,40,1134,Z2xZ2,Z2xZ2,0,0,0,[],{}
1,50,0,Z2xZ2,(Z2)^3,0,0,0,[],{}
1,50,1,Z2xZ2,Z2xZ2,0,0,0,[],{}
1,50,2,Z2xZ2,Z2xZ2,0,0,0,[],{}
1,50,4,Z2xZ2,Z2xZ2,0,0,0,[],{}
1,50,5,Z2xZ2,Z2xZ2,0,0,0,[],{}
1,50,6,Z2xZ2,Z2xZ2,0,0,0,[],{}
1,50,10,Z2xZ2,Z2xZ2,0,0,0,[],{}
1,50,20,Z2xZ2,Z2xZ2,0,0,0,[],{}
1,50,30,Z2xZ2,Z2xZ2,0,0,0,[],{}
1,50,34,Z2xZ2,Z2,0,0,0,[],{}
1,50,40,Z2xZ2,Z2xZ2,0,0,0,[],{}
1,50,50,Z2xZ2,Z2xZ2,0,0,0,[],{}
1,50,52,Z2xZ2,Z2xZ2,0,0,0,[],{}
1,50,54,Z2xZ2,Z2xZ2,0,0,0,[],{}
1,50,95,Z2xZ2,Z2,0,0,0,[],{}
1,50,125,Z2xZ2,Z2xZ2,0,0,0,[],{}
1,50,126,Z2xZ2,Z2xZ2,0,0,0,[],{}
1,50,127,Z2xZ2,Z2xZ2,0,0,0,[],{}
1,50,131,Z2xZ2,Z2xZ2,0,0,0,[],{}
1,50,132,Z2xZ2,Z2xZ2,0,0,0,[],{}
1,50,133,Z2xZ2,Z2xZ2,0,0,0,[],{}
1,50,137,Z2xZ2,Z2xZ2,0,0,0,[],{}
1,50,138,Z2xZ2,Z2xZ2,0,0,0,[],{}
1,50,139,Z2xZ2,Z2xZ2,0,0,0,[],{}
1,50,143,Z2xZ2,Z2,0,0,0,[],{}
1,50,161,Z2xZ2,Z2,0,0,0,[],{}
1,50,179,Z2xZ2,Z2,0,0,0,[],{}
1,50,197,Z2xZ2,Z2,0,0,0,[],{}
1,50,215,Z2xZ2,Z2,0,0,0,[],{}
1,50,350,Z2xZ2,Z2xZ2,0,0,0,[],{}
1,50,354,Z2xZ2,Z2,0,0,0,[],{}
1,50,360,Z2xZ2,Z2xZ2,0,0,0,[],{}
1,50,370,Z2xZ2,Z2xZ2,0,0,0,[],{}
1,50,380,Z2xZ2,Z2xZ2,0,0,0,[],{}
1,50,390,Z2xZ2,Z2xZ2,0,0,0,[],{}
1,50,394,Z2xZ2,Z2,0,0,0,[],{}
1,50,400,Z2xZ2,Z2xZ2,0,0,0,[],{}
1,50,410,Z2xZ2,Z2xZ2,0,0,0,[],{}
1,50,420,Z2xZ2,Z2xZ2,0,0,0,[],{}
1,50,430,Z2xZ2,Z2xZ2,0,0,0,[],{}
1,50,434,Z2xZ2,Z2,0,0,0,[],{}
1,50,440,Z2xZ2,Z2,0,0,0,[],{}
1,50,500,Z2xZ2,Z2,0,0,0,[],{}
1,50,560,Z2xZ2,Z2,0,0,0,[],{}
1,50,980,Z2xZ2,Z2xZ2,54,54,0,[0],{0: 54}
1,50,982,Z2xZ2,Z2xZ2,0,0,0,[],{}
1,50,984,Z2xZ2,Z2xZ2,0,0,0,[],{}
1,50,986,Z2xZ2,Z2,108,108,0,[4],{4: 108}
1,50,995,Z2xZ2,Z2,108,108,0,[10],{10: 108}
1,50,1010,Z2xZ2,Z2,108,108,0,[20],{20: 108}
1,50,1025,Z2xZ2,Z2,108,108,0,[30],{30: 108}
1,50,1040,Z2xZ2,Z2,108,108,0,[40],{40: 108}
1,50,1055,Z2xZ2,Z2xZ2,54,54,0,[50],{50: 54}
1,50,1057,Z2xZ2,Z2xZ2,0,0,0,[],{}
1,50,1059,Z2xZ2,Z2xZ2,0,0,0,[],{}
1,50,1130,Z2xZ2,Z2xZ2,54,54,0,[50],{50: 54}
1,50,1132,Z2xZ2,Z2xZ2,0,0,0,[],{}
1,50,1134,Z2xZ2,Z2xZ2,0,0,0,[],{}
1,52,0,Z2xZ2,(Z2)^3,0,0,0,[],{}
1,52,1,Z2xZ2,Z2xZ2,0,0,0,[],{}
1,52,2,Z2xZ2,Z2xZ2,0,0,0,[],{}
1,52,4,Z2xZ2,Z2xZ2,0,0,0,[],{}
1,52,5,Z2xZ2,Z2xZ2,0,0,0,[],{}
1,52,6,Z2xZ2,Z2xZ2,0,0,0,[],{}
1,52,10,Z2xZ2,Z2xZ2,0,0,0,[],{}
1,52,20,Z2xZ2,Z2xZ2,0,0,0,[],{}
1,52,30,Z2xZ2,Z2xZ2,0,0,0,[],{}
1,52,34,Z2xZ2,Z2,0,0,0,[],{}
1,52,40,Z2xZ2,Z2xZ2,0,0,0,[],{}
1,52,50,Z2xZ2,Z2xZ2,0,0,0,[],{}
1,52,52,Z2xZ2,Z2xZ2,0,0,0,[],{}
1,52,54,Z2xZ2,Z2xZ2,0,0,0,[],{}
1,52,95,Z2xZ2,Z2,0,0,0,[],{}
1,52,125,Z2xZ2,Z2xZ2,0,0,0,[],{}
1,52,126,Z2xZ2,Z2xZ2,0,0,0,[],{}
1,52,127,Z2xZ2,Z2xZ2,0,0,0,[],{}
1,52,131,Z2xZ2,Z2xZ2,0,0,0,[],{}
1,52,132,Z2xZ2,Z2xZ2,0,0,0,[],{}
1,52,133,Z2xZ2,Z2xZ2,0,0,0,[],{}
1,52,137,Z2xZ2,Z2xZ2,0,0,0,[],{}
1,52,138,Z2xZ2,Z2xZ2,0,0,0,[],{}
1,52,139,Z2xZ2,Z2xZ2,0,0,0,[],{}
1,52,143,Z2xZ2,Z2,0,0,0,[],{}
1,52,161,Z2xZ2,Z2,0,0,0,[],{}
1,52,179,Z2xZ2,Z2,0,0,0,[],{}
1,52,197,Z2xZ2,Z2,0,0,0,[],{}
1,52,215,Z2xZ2,Z2,0,0,0,[],{}
1,52,350,Z2xZ2,Z2xZ2,0,0,0,[],{}
1,52,354,Z2xZ2,Z2,0,0,0,[],{}
1,52,360,Z2xZ2,Z2xZ2,0,0,0,[],{}
1,52,370,Z2xZ2,Z2xZ2,0,0,0,[],{}
1,52,380,Z2xZ2,Z2xZ2,0,0,0,[],{}
1,52,390,Z2xZ2,Z2xZ2,0,0,0,[],{}
1,52,394,Z2xZ2,Z2,0,0,0,[],{}
1,52,400,Z2xZ2,Z2xZ2,0,0,0,[],{}
1,52,410,Z2xZ2,Z2xZ2,0,0,0,[],{}
1,52,420,Z2xZ2,Z2xZ2,0,0,0,[],{}
1,52,430,Z2xZ2,Z2xZ2,0,0,0,[],{}
1,52,434,Z2xZ2,Z2,0,0,0,[],{}
1,52,440,Z2xZ2,Z2,0,0,0,[],{}
1,52,500,Z2xZ2,Z2,0,0,0,[],{}
1,52,560,Z2xZ2,Z2,0,0,0,[],{}
1,52,980,Z2xZ2,Z2xZ2,0,0,0,[],{}
1,52,982,Z2xZ2,Z2xZ2,54,54,0,[2],{2: 54}
1,52,984,Z2xZ2,Z2xZ2,0,0,0,[],{}
1,52,986,Z2xZ2,Z2,0,0,0,[],{}
1,52,995,Z2xZ2,Z2,0,0,0,[],{}
1,52,1010,Z2xZ2,Z2,0,0,0,[],{}
1,52,1025,Z2xZ2,Z2,0,0,0,[],{}
1,52,1040,Z2xZ2,Z2,0,0,0,[],{}
1,52,1055,Z2xZ2,Z2xZ2,0,0,0,[],{}
1,52,1057,Z2xZ2,Z2xZ2,54,54,0,[52],{52: 54}
1,52,1059,Z2xZ2,Z2xZ2,0,0,0,[],{}
1,52,1130,Z2xZ2,Z2xZ2,0,0,0,[],{}
1,52,1132,Z2xZ2,Z2xZ2,54,54,0,[54],{54: 54}
1,52,1134,Z2xZ2,Z2xZ2,0,0,0,[],{}
1,54,0,Z2xZ2,(Z2)^3,0,0,0,[],{}
1,54,1,Z2xZ2,Z2xZ2,0,0,0,[],{}
1,54,2,Z2xZ2,Z2xZ2,0,0,0,[],{}
1,54,4,Z2xZ2,Z2xZ2,0,0,0,[],{}
1,54,5,Z2xZ2,Z2xZ2,0,0,0,[],{}
1,54,6,Z2xZ2,Z2xZ2,0,0,0,[],{}
1,54,10,Z2xZ2,Z2xZ2,0,0,0,[],{}
1,54,20,Z2xZ2,Z2xZ2,0,0,0,[],{}
1,54,30,Z2xZ2,Z2xZ2,0,0,0,[],{}
1,54,34,Z2xZ2,Z2,0,0,0,[],{}
1,54,40,Z2xZ2,Z2xZ2,0,0,0,[],{}
1,54,50,Z2xZ2,Z2xZ2,0,0,0,[],{}
1,54,52,Z2xZ2,Z2xZ2,0,0,0,[],{}
1,54,54,Z2xZ2,Z2xZ2,0,0,0,[],{}
1,54,95,Z2xZ2,Z2,0,0,0,[],{}
1,54,125,Z2xZ2,Z2xZ2,0,0,0,[],{}
1,54,126,Z2xZ2,Z2xZ2,0,0,0,[],{}
1,54,127,Z2xZ2,Z2xZ2,0,0,0,[],{}
1,54,131,Z2xZ2,Z2xZ2,0,0,0,[],{}
1,54,132,Z2xZ2,Z2xZ2,0,0,0,[],{}
1,54,133,Z2xZ2,Z2xZ2,0,0,0,[],{}
1,54,137,Z2xZ2,Z2xZ2,0,0,0,[],{}
1,54,138,Z2xZ2,Z2xZ2,0,0,0,[],{}
1,54,139,Z2xZ2,Z2xZ2,0,0,0,[],{}
1,54,143,Z2xZ2,Z2,0,0,0,[],{}
1,54,161,Z2xZ2,Z2,0,0,0,[],{}
1,54,179,Z2xZ2,Z2,0,0,0,[],{}
1,54,197,Z2xZ2,Z2,0,0,0,[],{}
1,54,215,Z2xZ2,Z2,0,0,0,[],{}
1,54,350,Z2xZ2,Z2xZ2,0,0,0,[],{}
1,54,354,Z2xZ2,Z2,0,0,0,[],{}
1,54,360,Z2xZ2,Z2xZ2,0,0,0,[],{}
1,54,370,Z2xZ2,Z2xZ2,0,0,0,[],{}
1,54,380,Z2xZ2,Z2xZ2,0,0,0,[],{}
1,54,390,Z2xZ2,Z2xZ2,0,0,0,[],{}
1,54,394,Z2xZ2,Z2,0,0,0,[],{}
1,54,400,Z2xZ2,Z2xZ2,0,0,0,[],{}
1,54,410,Z2xZ2,Z2xZ2,0,0,0,[],{}
1,54,420,Z2xZ2,Z2xZ2,0,0,0,[],{}
1,54,430,Z2xZ2,Z2xZ2,0,0,0,[],{}
1,54,434,Z2xZ2,Z2,0,0,0,[],{}
1,54,440,Z2xZ2,Z2,0,0,0,[],{}
1,54,500,Z2xZ2,Z2,0,0,0,[],{}
1,54,560,Z2xZ2,Z2,0,0,0,[],{}
1,54,980,Z2xZ2,Z2xZ2,0,0,0,[],{}
1,54,982,Z2xZ2,Z2xZ2,0,0,0,[],{}
1,54,984,Z2xZ2,Z2xZ2,54,54,0,[2],{2: 54}
1,54,986,Z2xZ2,Z2,0,0,0,[],{}
1,54,995,Z2xZ2,Z2,0,0,0,[],{}
1,54,1010,Z2xZ2,Z2,0,0,0,[],{}
1,54,1025,Z2xZ2,Z2,0,0,0,[],{}
1,54,1040,Z2xZ2,Z2,0,0,0,[],{}
1,54,1055,Z2xZ2,Z2xZ2,0,0,0,[],{}
1,54,1057,Z2xZ2,Z2xZ2,0,0,0,[],{}
1,54,1059,Z2xZ2,Z2xZ2,54,54,0,[54],{54: 54}
1,54,1130,Z2xZ2,Z2xZ2,0,0,0,[],{}
1,54,1132,Z2xZ2,Z2xZ2,0,0,0,[],{}
1,54,1134,Z2xZ2,Z2xZ2,54,54,0,[52],{52: 54}
1,95,0,Z2,(Z2)^3,0,0,0,[],{}
1,95,1,Z2,Z2xZ2,0,0,0,[],{}
1,95,2,Z2,Z2xZ2,0,0,0,[],{}
1,95,4,Z2,Z2xZ2,0,0,0,[],{}
1,95,5,Z2,Z2xZ2,0,0,0,[],{}
1,95,6,Z2,Z2xZ2,0,0,0,[],{}
1,95,10,Z2,Z2xZ2,0,0,0,[],{}
1,95,20,Z2,Z2xZ2,0,0,0,[],{}
1,95,30,Z2,Z2xZ2,0,0,0,[],{}
1,95,34,Z2,Z2,0,0,0,[],{}
1,95,40,Z2,Z2xZ2,0,0,0,[],{}
1,95,50,Z2,Z2xZ2,0,0,0,[],{}
1,95,52,Z2,Z2xZ2,0,0,0,[],{}
1,95,54,Z2,Z2xZ2,0,0,0,[],{}
1,95,95,Z2,Z2,0,0,0,[],{}
1,95,125,Z2,Z2xZ2,0,0,0,[],{}
1,95,126,Z2,Z2xZ2,0,0,0,[],{}
1,95,127,Z2,Z2xZ2,0,0,0,[],{}
1,95,131,Z2,Z2xZ2,0,0,0,[],{}
1,95,132,Z2,Z2xZ2,0,0,0,[],{}
1,95,133,Z2,Z2xZ2,0,0,0,[],{}
1,95,137,Z2,Z2xZ2,0,0,0,[],{}
1,95,138,Z2,Z2xZ2,0,0,0,[],{}
1,95,139,Z2,Z2xZ2,0,0,0,[],{}
1,95,143,Z2,Z2,0,0,0,[],{}
1,95,161,Z2,Z2,0,0,0,[],{}
1,95,179,Z2,Z2,0,0,0,[],{}
1,95,197,Z2,Z2,0,0,0,[],{}
1,95,215,Z2,Z2,0,0,0,[],{}
1,95,350,Z2,Z2xZ2,0,0,0,[],{}
1,95,354,Z2,Z2,0,0,0,[],{}
1,95,360,Z2,Z2xZ2,0,0,0,[],{}
1,95,370,Z2,Z2xZ2,0,0,0,[],{}
1,95,380,Z2,Z2xZ2,0,0,0,[],{}
1,95,390,Z2,Z2xZ2,0,0,0,[],{}
1,95,394,Z2,Z2,0,0,0,[],{}
1,95,400,Z2,Z2xZ2,0,0,0,[],{}
1,95,410,Z2,Z2xZ2,0,0,0,[],{}
1,95,420,Z2,Z2xZ2,0,0,0,[],{}
1,95,430,Z2,Z2xZ2,0,0,0,[],{}
1,95,434,Z2,Z2,0,0,0,[],{}
1,95,440,Z2,Z2,0,0,0,[],{}
1,95,500,Z2,Z2,0,0,0,[],{}
1,95,560,Z2,Z2,0,0,0,[],{}
1,95,980,Z2,Z2xZ2,108,108,0,[30],{30: 108}
1,95,982,Z2,Z2xZ2,0,0,0,[],{}
1,95,984,Z2,Z2xZ2,0,0,0,[],{}
1,95,986,Z2,Z2,216,216,0,[34],{34: 216}
1,95,995,Z2,Z2,216,216,0,"[20, 40]","{20: 108, 40: 108}"
1,95,1010,Z2,Z2,216,216,0,"[10, 40]","{10: 108, 40: 108}"
1,95,1025,Z2,Z2,216,216,0,"[0, 30]","{0: 108, 30: 108}"
1,95,1040,Z2,Z2,216,216,0,"[10, 20]","{10: 108, 20: 108}"
1,95,1055,Z2,Z2xZ2,108,108,0,[95],{95: 108}
1,95,1057,Z2,Z2xZ2,0,0,0,[],{}
1,95,1059,Z2,Z2xZ2,0,0,0,[],{}
1,95,1130,Z2,Z2xZ2,108,108,0,[95],{95: 108}
1,95,1132,Z2,Z2xZ2,0,0,0,[],{}
1,95,1134,Z2,Z2xZ2,0,0,0,[],{}
1,125,0,Z2xZ2,(Z2)^3,54,54,0,[125],{125: 54}
1,125,1,Z2xZ2,Z2xZ2,0,0,0,[],{}
1,125,2,Z2xZ2,Z2xZ2,0,0,0,[],{}
1,125,4,Z2xZ2,Z2xZ2,108,108,0,"[131, 137]","{131: 54, 137: 54}"
1,125,5,Z2xZ2,Z2xZ2,0,0,0,[],{}
1,125,6,Z2xZ2,Z2xZ2,0,0,0,[],{}
1,125,10,Z2xZ2,Z2xZ2,108,108,0,[143],{143: 108}
1,125,20,Z2xZ2,Z2xZ2,108,108,0,[161],{161: 108}
1,125,30,Z2xZ2,Z2xZ2,108,108,0,[179],{179: 108}
1,125,34,Z2xZ2,Z2,216,0,216,"[185, 191]","{185: 108, 191: 108}"
1,125,40,Z2xZ2,Z2xZ2,108,108,0,[197],{197: 108}
1,125,50,Z2xZ2,Z2xZ2,108,108,0,[215],{215: 108}
1,125,52,Z2xZ2,Z2xZ2,0,0,0,[],{}
1,125,54,Z2xZ2,Z2xZ2,0,0,0,[],{}
1,125,95,Z2xZ2,Z2,216,0,216,[296],{296: 216}
1,125,125,Z2xZ2,Z2xZ2,0,0,0,[],{}
1,125,126,Z2xZ2,Z2xZ2,0,0,0,[],{}
1,125,127,Z2xZ2,Z2xZ2,0,0,0,[],{}
1,125,131,Z2xZ2,Z2xZ2,0,0,0,[],{}
1,125,132,Z2xZ2,Z2xZ2,0,0,0,[],{}
1,125,133,Z2xZ2,Z2xZ2,0,0,0,[],{}
1,125,137,Z2xZ2,Z2xZ2,0,0,0,[],{}
1,125,138,Z2xZ2,Z2xZ2,0,0,0,[],{}
1,125,139,Z2xZ2,Z2xZ2,0,0,0,[],{}
1,125,143,Z2xZ2,Z2,0,0,0,[],{}
1,125,161,Z2xZ2,Z2,0,0,0,[],{}
1,125,179,Z2xZ2,Z2,0,0,0,[],{}
1,125,197,Z2xZ2,Z2,0,0,0,[],{}
1,125,215,Z2xZ2,Z2,0,0,0,[],{}
1,125,350,Z2xZ2,Z2xZ2,0,0,0,[],{}
1,125,354,Z2xZ2,Z2,0,0,0,[],{}
1,125,360,Z2xZ2,Z2xZ2,0,0,0,[],{}
1,125,370,Z2xZ2,Z2xZ2,0,0,0,[],{}
1,125,380,Z2xZ2,Z2xZ2,0,0,0,[],{}
1,125,390,Z2xZ2,Z2xZ2,0,0,0,[],{}
1,125,394,Z2xZ2,Z2,0,0,0,[],{}
1,125,400,Z2xZ2,Z2xZ2,0,0,0,[],{}
1,125,410,Z2xZ2,Z2xZ2,0,0,0,[],{}
1,125,420,Z2xZ2,Z2xZ2,0,0,0,[],{}
1,125,430,Z2xZ2,Z2xZ2,0,0,0,[],{}
1,125,434,Z2xZ2,Z2,0,0,0,[],{}
1,125,440,Z2xZ2,Z2,0,0,0,[],{}
1,125,500,Z2xZ2,Z2,0,0,0,[],{}
1,125,560,Z2xZ2,Z2,0,0,0,[],{}
1,125,980,Z2xZ2,Z2xZ2,0,0,0,[],{}
1,125,982,Z2xZ2,Z2xZ2,0,0,0,[],{}
1,125,984,Z2xZ2,Z2xZ2,0,0,0,[],{}
1,125,986,Z2xZ2,Z2,0,0,0,[],{}
1,125,995,Z2xZ2,Z2,0,0,0,[],{}
1,125,1010,Z2xZ2,Z2,0,0,0,[],{}
1,125,1025,Z2xZ2,Z2,0,0,0,[],{}
1,125,1040,Z2xZ2,Z2,0,0,0,[],{}
1,125,1055,Z2xZ2,Z2xZ2,0,0,0,[],{}
1,125,1057,Z2xZ2,Z2xZ2,0,0,0,[],{}
1,125,1059,Z2xZ2,Z2xZ2,0,0,0,[],{}
1,125,1130,Z2xZ2,Z2xZ2,0,0,0,[],{}
1,125,1132,Z2xZ2,Z2xZ2,0,0,0,[],{}
1,125,1134,Z2xZ2,Z2xZ2,0,0,0,[],{}
1,126,0,Z2xZ2,(Z2)^3,0,0,0,[],{}
1,126,1,Z2xZ2,Z2xZ2,54,54,0,[126],{126: 54}
1,126,2,Z2xZ2,Z2xZ2,0,0,0,[],{}
1,126,4,Z2xZ2,Z2xZ2,0,0,0,[],{}
1,126,5,Z2xZ2,Z2xZ2,54,54,0,[132],{132: 54}
1,126,6,Z2xZ2,Z2xZ2,54,54,0,[138],{138: 54}
1,126,10,Z2xZ2,Z2xZ2,0,0,0,[],{}
1,126,20,Z2xZ2,Z2xZ2,0,0,0,[],{}
1,126,30,Z2xZ2,Z2xZ2,0,0,0,[],{}
1,126,34,Z2xZ2,Z2,0,0,0,[],{}
1,126,40,Z2xZ2,Z2xZ2,0,0,0,[],{}
1,126,50,Z2xZ2,Z2xZ2,0,0,0,[],{}
1,126,52,Z2xZ2,Z2xZ2,0,0,0,[],{}
1,126,54,Z2xZ2,Z2xZ2,0,0,0,[],{}
1,126,95,Z2xZ2,Z2,0,0,0,[],{}
1,126,125,Z2xZ2,Z2xZ2,0,0,0,[],{}
1,126,126,Z2xZ2,Z2xZ2,0,0,0,[],{}
1,126,127,Z2xZ2,Z2xZ2,0,0,0,[],{}
1,126,131,Z2xZ2,Z2xZ2,0,0,0,[],{}
1,126,132,Z2xZ2,Z2xZ2,0,0,0,[],{}
1,126,133,Z2xZ2,Z2xZ2,0,0,0,[],{}
1,126,137,Z2xZ2,Z2xZ2,0,0,0,[],{}
1,126,138,Z2xZ2,Z2xZ2,0,0,0,[],{}
1,126,139,Z2xZ2,Z2xZ2,0,0,0,[],{}
1,126,143,Z2xZ2,Z2,0,0,0,[],{}
1,126,161,Z2xZ2,Z2,0,0,0,[],{}
1,126,179,Z2xZ2,Z2,0,0,0,[],{}
1,126,197,Z2xZ2,Z2,0,0,0,[],{}
1,126,215,Z2xZ2,Z2,0,0,0,[],{}
1,126,350,Z2xZ2,Z2xZ2,0,0,0,[],{}
1,126,354,Z2xZ2,Z2,0,0,0,[],{}
1,126,360,Z2xZ2,Z2xZ2,0,0,0,[],{}
1,126,370,Z2xZ2,Z2xZ2,0,0,0,[],{}
1,126,380,Z2xZ2,Z2xZ2,0,0,0,[],{}
1,126,390,Z2xZ2,Z2xZ2,0,0,0,[],{}
1,126,394,Z2xZ2,Z2,0,0,0,[],{}
1,126,400,Z2xZ2,Z2xZ2,0,0,0,[],{}
1,126,410,Z2xZ2,Z2xZ2,0,0,0,[],{}
1,126,420,Z2xZ2,Z2xZ2,0,0,0,[],{}
1,126,430,Z2xZ2,Z2xZ2,0,0,0,[],{}
1,126,434,Z2xZ2,Z2,0,0,0,[],{}
1,126,440,Z2xZ2,Z2,0,0,0,[],{}
1,126,500,Z2xZ2,Z2,0,0,0,[],{}
1,126,560,Z2xZ2,Z2,0,0,0,[],{}
1,126,980,Z2xZ2,Z2xZ2,0,0,0,[],{}
1,126,982,Z2xZ2,Z2xZ2,0,0,0,[],{}
1,126,984,Z2xZ2,Z2xZ2,0,0,0,[],{}
1,126,986,Z2xZ2,Z2,0,0,0,[],{}
1,126,995,Z2xZ2,Z2,0,0,0,[],{}
1,126,1010,Z2xZ2,Z2,0,0,0,[],{}
1,126,1025,Z2xZ2,Z2,0,0,0,[],{}
1,126,1040,Z2xZ2,Z2,0,0,0,[],{}
1,126,1055,Z2xZ2,Z2xZ2,0,0,0,[],{}
1,126,1057,Z2xZ2,Z2xZ2,0,0,0,[],{}
1,126,1059,Z2xZ2,Z2xZ2,0,0,0,[],{}
1,126,1130,Z2xZ2,Z2xZ2,0,0,0,[],{}
1,126,1132,Z2xZ2,Z2xZ2,0,0,0,[],{}
1,126,1134,Z2xZ2,Z2xZ2,0,0,0,[],{}
1,127,0,Z2xZ2,(Z2)^3,0,0,0,[],{}
1,127,1,Z2xZ2,Z2xZ2,54,54,0,[127],{127: 54}
1,127,2,Z2xZ2,Z2xZ2,0,0,0,[],{}
1,127,4,Z2xZ2,Z2xZ2,0,0,0,[],{}
1,127,5,Z2xZ2,Z2xZ2,54,54,0,[139],{139: 54}
1,127,6,Z2xZ2,Z2xZ2,54,54,0,[133],{133: 54}
1,127,10,Z2xZ2,Z2xZ2,0,0,0,[],{}
1,127,20,Z2xZ2,Z2xZ2,0,0,0,[],{}
1,127,30,Z2xZ2,Z2xZ2,0,0,0,[],{}
1,127,34,Z2xZ2,Z2,0,0,0,[],{}
1,127,40,Z2xZ2,Z2xZ2,0,0,0,[],{}
1,127,50,Z2xZ2,Z2xZ2,0,0,0,[],{}
1,127,52,Z2xZ2,Z2xZ2,0,0,0,[],{}
1,127,54,Z2xZ2,Z2xZ2,0,0,0,[],{}
1,127,95,Z2xZ2,Z2,0,0,0,[],{}
1,127,125,Z2xZ2,Z2xZ2,0,0,0,[],{}
1,127,126,Z2xZ2,Z2xZ2,0,0,0,[],{}
1,127,127,Z2xZ2,Z2xZ2,0,0,0,[],{}
1,127,131,Z2xZ2,Z2xZ2,0,0,0,[],{}
1,127,132,Z2xZ2,Z2xZ2,0,0,0,[],{}
1,127,133,Z2xZ2,Z2xZ2,0,0,0,[],{}
1,127,137,Z2xZ2,Z2xZ2,0,0,0,[],{}
1,127,138,Z2xZ2,Z2xZ2,0,0,0,[],{}
1,127,139,Z2xZ2,Z2xZ2,0,0,0,[],{}
1,127,143,Z2xZ2,Z2,0,0,0,[],{}
1,127,161,Z2xZ2,Z2,0,0,0,[],{}
1,127,179,Z2xZ2,Z2,0,0,0,[],{}
1,127,197,Z2xZ2,Z2,0,0,0,[],{}
1,127,215,Z2xZ2,Z2,0,0,0,[],{}
1,127,350,Z2xZ2,Z2xZ2,0,0,0,[],{}
1,127,354,Z2xZ2,Z2,0,0,0,[],{}
1,127,360,Z2xZ2,Z2xZ2,0,0,0,[],{}
1,127,370,Z2xZ2,Z2xZ2,0,0,0,[],{}
1,127,380,Z2xZ2,Z2xZ2,0,0,0,[],{}
1,127,390,Z2xZ2,Z2xZ2,0,0,0,[],{}
1,127,394,Z2xZ2,Z2,0,0,0,[],{}
1,127,400,Z2xZ2,Z2xZ2,0,0,0,[],{}
1,127,410,Z2xZ2,Z2xZ2,0,0,0,[],{}
1,127,420,Z2xZ2,Z2xZ2,0,0,0,[],{}
1,127,430,Z2xZ2,Z2xZ2,0,0,0,[],{}
1,127,434,Z2xZ2,Z2,0,0,0,[],{}
1,127,440,Z2xZ2,Z2,0,0,0,[],{}
1,127,500,Z2xZ2,Z2,0,0,0,[],{}
1,127,560,Z2xZ2,Z2,0,0,0,[],{}
1,127,980,Z2xZ2,Z2xZ2,0,0,0,[],{}
1,127,982,Z2xZ2,Z2xZ2,0,0,0,[],{}
1,127,984,Z2xZ2,Z2xZ2,0,0,0,[],{}
1,127,986,Z2xZ2,Z2,0,0,0,[],{}
1,127,995,Z2xZ2,Z2,0,0,0,[],{}
1,127,1010,Z2xZ2,Z2,0,0,0,[],{}
1,127,1025,Z2xZ2,Z2,0,0,0,[],{}
1,127,1040,Z2xZ2,Z2,0,0,0,[],{}
1,127,1055,Z2xZ2,Z2xZ2,0,0,0,[],{}
1,127,1057,Z2xZ2,Z2xZ2,0,0,0,[],{}
1,127,1059,Z2xZ2,Z2xZ2,0,0,0,[],{}
1,127,1130,Z2xZ2,Z2xZ2,0,0,0,[],{}
1,127,1132,Z2xZ2,Z2xZ2,0,0,0,[],{}
1,127,1134,Z2xZ2,Z2xZ2,0,0,0,[],{}
1,131,0,Z2xZ2,(Z2)^3,0,0,0,[],{}
1,131,1,Z2xZ2,Z2xZ2,0,0,0,[],{}
1,131,2,Z2xZ2,Z2xZ2,0,0,0,[],{}
1,131,4,Z2xZ2,Z2xZ2,0,0,0,[],{}
1,131,5,Z2xZ2,Z2xZ2,0,0,0,[],{}
1,131,6,Z2xZ2,Z2xZ2,0,0,0,[],{}
1,131,10,Z2xZ2,Z2xZ2,0,0,0,[],{}
1,131,20,Z2xZ2,Z2xZ2,0,0,0,[],{}
1,131,30,Z2xZ2,Z2xZ2,0,0,0,[],{}
1,131,34,Z2xZ2,Z2,0,0,0,[],{}
1,131,40,Z2xZ2,Z2xZ2,0,0,0,[],{}
1,131,50,Z2xZ2,Z2xZ2,0,0,0,[],{}
1,131,52,Z2xZ2,Z2xZ2,0,0,0,[],{}
1,131,54,Z2xZ2,Z2xZ2,0,0,0,[],{}
1,131,95,Z2xZ2,Z2,0,0,0,[],{}
1,131,125,Z2xZ2,Z2xZ2,54,54,0,[125],{125: 54}
1,131,126,Z2xZ2,Z2xZ2,0,0,0,[],{}
1,131,127,Z2xZ2,Z2xZ2,0,0,0,[],{}
1,131,131,Z2xZ2,Z2xZ2,54,54,0,[131],{131: 54}
1,131,132,Z2xZ2,Z2xZ2,0,0,0,[],{}
1,131,133,Z2xZ2,Z2xZ2,0,0,0,[],{}
1,131,137,Z2xZ2,Z2xZ2,54,54,0,[137],{137: 54}
1,131,138,Z2xZ2,Z2xZ2,0,0,0,[],{}
1,131,139,Z2xZ2,Z2xZ2,0,0,0,[],{}
1,131,143,Z2xZ2,Z2,108,108,0,[143],{143: 108}
1,131,161,Z2xZ2,Z2,108,108,0,[161],{161: 108}
1,131,179,Z2xZ2,Z2,108,108,0,[179],{179: 108}
1,131,197,Z2xZ2,Z2,108,108,0,[197],{197: 108}
1,131,215,Z2xZ2,Z2,108,108,0,[215],{215: 108}
1,131,350,Z2xZ2,Z2xZ2,0,0,0,[],{}
1,131,354,Z2xZ2,Z2,0,0,0,[],{}
1,131,360,Z2xZ2,Z2xZ2,0,0,0,[],{}
1,131,370,Z2xZ2,Z2xZ2,0,0,0,[],{}
1,131,380,Z2xZ2,Z2xZ2,0,0,0,[],{}
1,131,390,Z2xZ2,Z2xZ2,0,0,0,[],{}
1,131,394,Z2xZ2,Z2,0,0,0,[],{}
1,131,400,Z2xZ2,Z2xZ2,0,0,0,[],{}
1,131,410,Z2xZ2,Z2xZ2,0,0,0,[],{}
1,131,420,Z2xZ2,Z2xZ2,0,0,0,[],{}
1,131,430,Z2xZ2,Z2xZ2,0,0,0,[],{}
1,131,434,Z2xZ2,Z2,0,0,0,[],{}
1,131,440,Z2xZ2,Z2,0,0,0,[],{}
1,131,500,Z2xZ2,Z2,0,0,0,[],{}
1,131,560,Z2xZ2,Z2,0,0,0,[],{}
1,131,980,Z2xZ2,Z2xZ2,0,0,0,[],{}
1,131,982,Z2xZ2,Z2xZ2,0,0,0,[],{}
1,131,984,Z2xZ2,Z2xZ2,0,0,0,[],{}
1,131,986,Z2xZ2,Z2,0,0,0,[],{}
1,131,995,Z2xZ2,Z2,0,0,0,[],{}
1,131,1010,Z2xZ2,Z2,0,0,0,[],{}
1,131,1025,Z2xZ2,Z2,0,0,0,[],{}
1,131,1040,Z2xZ2,Z2,0,0,0,[],{}
1,131,1055,Z2xZ2,Z2xZ2,0,0,0,[],{}
1,131,1057,Z2xZ2,Z2xZ2,0,0,0,[],{}
1,131,1059,Z2xZ2,Z2xZ2,0,0,0,[],{}
1,131,1130,Z2xZ2,Z2xZ2,0,0,0,[],{}
1,131,1132,Z2xZ2,Z2xZ2,0,0,0,[],{}
1,131,1134,Z2xZ2,Z2xZ2,0,0,0,[],{}
1,132,0,Z2xZ2,(Z2)^3,0,0,0,[],{}
1,132,1,Z2xZ2,Z2xZ2,0,0,0,[],{}
1,132,2,Z2xZ2,Z2xZ2,0,0,0,[],{}
1,132,4,Z2xZ2,Z2xZ2,0,0,0,[],{}
1,132,5,Z2xZ2,Z2xZ2,0,0,0,[],{}
1,132,6,Z2xZ2,Z2xZ2,0,0,0,[],{}
1,132,10,Z2xZ2,Z2xZ2,0,0,0,[],{}
1,132,20,Z2xZ2,Z2xZ2,0,0,0,[],{}
1,132,30,Z2xZ2,Z2xZ2,0,0,0,[],{}
1,132,34,Z2xZ2,Z2,0,0,0,[],{}
1,132,40,Z2xZ2,Z2xZ2,0,0,0,[],{}
1,132,50,Z2xZ2,Z2xZ2,0,0,0,[],{}
1,132,52,Z2xZ2,Z2xZ2,0,0,0,[],{}
1,132,54,Z2xZ2,Z2xZ2,0,0,0,[],{}
1,132,95,Z2xZ2,Z2,0,0,0,[],{}
1,132,125,Z2xZ2,Z2xZ2,0,0,0,[],{}
1,132,126,Z2xZ2,Z2xZ2,54,54,0,[126],{126: 54}
1,132,127,Z2xZ2,Z2xZ2,0,0,0,[],{}
1,132,131,Z2xZ2,Z2xZ2,0,0,0,[],{}
1,132,132,Z2xZ2,Z2xZ2,54,54,0,[132],{132: 54}
1,132,133,Z2xZ2,Z2xZ2,0,0,0,[],{}
1,132,137,Z2xZ2,Z2xZ2,0,0,0,[],{}
1,132,138,Z2xZ2,Z2xZ2,54,54,0,[138],{138: 54}
1,132,139,Z2xZ2,Z2xZ2,0,0,0,[],{}
1,132,143,Z2xZ2,Z2,0,0,0,[],{}
1,132,161,Z2xZ2,Z2,0,0,0,[],{}
1,132,179,Z2xZ2,Z2,0,0,0,[],{}
1,132,197,Z2xZ2,Z2,0,0,0,[],{}
1,132,215,Z2xZ2,Z2,0,0,0,[],{}
1,132,350,Z2xZ2,Z2xZ2,0,0,0,[],{}
1,132,354,Z2xZ2,Z2,0,0,0,[],{}
1,132,360,Z2xZ2,Z2xZ2,0,0,0,[],{}
1,132,370,Z2xZ2,Z2xZ2,0,0,0,[],{}
1,132,380,Z2xZ2,Z2xZ2,0,0,0,[],{}
1,132,390,Z2xZ2,Z2xZ2,0,0,0,[],{}
1,132,394,Z2xZ2,Z2,0,0,0,[],{}
1,132,400,Z2xZ2,Z2xZ2,0,0,0,[],{}
1,132,410,Z2xZ2,Z2xZ2,0,0,0,[],{}
1,132,420,Z2xZ2,Z2xZ2,0,0,0,[],{}
1,132,430,Z2xZ2,Z2xZ2,0,0,0,[],{}
1,132,434,Z2xZ2,Z2,0,0,0,[],{}
1,132,440,Z2xZ2,Z2,0,0,0,[],{}
1,132,500,Z2xZ2,Z2,0,0,0,[],{}
1,132,560,Z2xZ2,Z2,0,0,0,[],{}
1,132,980,Z2xZ2,Z2xZ2,0,0,0,[],{}
1,132,982,Z2xZ2,Z2xZ2,0,0,0,[],{}
1,132,984,Z2xZ2,Z2xZ2,0,0,0,[],{}
1,132,986,Z2xZ2,Z2,0,0,0,[],{}
1,132,995,Z2xZ2,Z2,0,0,0,[],{}
1,132,1010,Z2xZ2,Z2,0,0,0,[],{}
1,132,1025,Z2xZ2,Z2,0,0,0,[],{}
1,132,1040,Z2xZ2,Z2,0,0,0,[],{}
1,132,1055,Z2xZ2,Z2xZ2,0,0,0,[],{}
1,132,1057,Z2xZ2,Z2xZ2,0,0,0,[],{}
1,132,1059,Z2xZ2,Z2xZ2,0,0,0,[],{}
1,132,1130,Z2xZ2,Z2xZ2,0,0,0,[],{}
1,132,1132,Z2xZ2,Z2xZ2,0,0,0,[],{}
1,132,1134,Z2xZ2,Z2xZ2,0,0,0,[],{}
1,133,0,Z2xZ2,(Z2)^3,0,0,0,[],{}
1,133,1,Z2xZ2,Z2xZ2,0,0,0,[],{}
1,133,2,Z2xZ2,Z2xZ2,0,0,0,[],{}
1,133,4,Z2xZ2,Z2xZ2,0,0,0,[],{}
1,133,5,Z2xZ2,Z2xZ2,0,0,0,[],{}
1,133,6,Z2xZ2,Z2xZ2,0,0,0,[],{}
1,133,10,Z2xZ2,Z2xZ2,0,0,0,[],{}
1,133,20,Z2xZ2,Z2xZ2,0,0,0,[],{}
1,133,30,Z2xZ2,Z2xZ2,0,0,0,[],{}
1,133,34,Z2xZ2,Z2,0,0,0,[],{}
1,133,40,Z2xZ2,Z2xZ2,0,0,0,[],{}
1,133,50,Z2xZ2,Z2xZ2,0,0,0,[],{}
1,133,52,Z2xZ2,Z2xZ2,0,0,0,[],{}
1,133,54,Z2xZ2,Z2xZ2,0,0,0,[],{}
1,133,95,Z2xZ2,Z2,0,0,0,[],{}
1,133,125,Z2xZ2,Z2xZ2,0,0,0,[],{}
1,133,126,Z2xZ2,Z2xZ2,0,0,0,[],{}
1,133,127,Z2xZ2,Z2xZ2,54,54,0,[127],{127: 54}
1,133,131,Z2xZ2,Z2xZ2,0,0,0,[],{}
1,133,132,Z2xZ2,Z2xZ2,0,0,0,[],{}
1,133,133,Z2xZ2,Z2xZ2,54,54,0,[133],{133: 54}
1,133,137,Z2xZ2,Z2xZ2,0,0,0,[],{}
1,133,138,Z2xZ2,Z2xZ2,0,0,0,[],{}
1,133,139,Z2xZ2,Z2xZ2,54,54,0,[139],{139: 54}
1,133,143,Z2xZ2,Z2,0,0,0,[],{}
1,133,161,Z2xZ2,Z2,0,0,0,[],{}
1,133,179,Z2xZ2,Z2,0,0,0,[],{}
1,133,197,Z2xZ2,Z2,0,0,0,[],{}
1,133,215,Z2xZ2,Z2,0,0,0,[],{}
1,133,350,Z2xZ2,Z2xZ2,0,0,0,[],{}
1,133,354,Z2xZ2,Z2,0,0,0,[],{}
1,133,360,Z2xZ2,Z2xZ2,0,0,0,[],{}
1,133,370,Z2xZ2,Z2xZ2,0,0,0,[],{}
1,133,380,Z2xZ2,Z2xZ2,0,0,0,[],{}
1,133,390,Z2xZ2,Z2xZ2,0,0,0,[],{}
1,133,394,Z2xZ2,Z2,0,0,0,[],{}
1,133,400,Z2xZ2,Z2xZ2,0,0,0,[],{}
1,133,410,Z2xZ2,Z2xZ2,0,0,0,[],{}
1,133,420,Z2xZ2,Z2xZ2,0,0,0,[],{}
1,133,430,Z2xZ2,Z2xZ2,0,0,0,[],{}
1,133,434,Z2xZ2,Z2,0,0,0,[],{}
1,133,440,Z2xZ2,Z2,0,0,0,[],{}
1,133,500,Z2xZ2,Z2,0,0,0,[],{}
1,133,560,Z2xZ2,Z2,0,0,0,[],{}
1,133,980,Z2xZ2,Z2xZ2,0,0,0,[],{}
1,133,982,Z2xZ2,Z2xZ2,0,0,0,[],{}
1,133,984,Z2xZ2,Z2xZ2,0,0,0,[],{}
1,133,986,Z2xZ2,Z2,0,0,0,[],{}
1,133,995,Z2xZ2,Z2,0,0,0,[],{}
1,133,1010,Z2xZ2,Z2,0,0,0,[],{}
1,133,1025,Z2xZ2,Z2,0,0,0,[],{}
1,133,1040,Z2xZ2,Z2,0,0,0,[],{}
1,133,1055,Z2xZ2,Z2xZ2,0,0,0,[],{}
1,133,1057,Z2xZ2,Z2xZ2,0,0,0,[],{}
1,133,1059,Z2xZ2,Z2xZ2,0,0,0,[],{}
1,133,1130,Z2xZ2,Z2xZ2,0,0,0,[],{}
1,133,1132,Z2xZ2,Z2xZ2,0,0,0,[],{}
1,133,1134,Z2xZ2,Z2xZ2,0,0,0,[],{}
1,137,0,Z2xZ2,(Z2)^3,0,0,0,[],{}
1,137,1,Z2xZ2,Z2xZ2,0,0,0,[],{}
1,137,2,Z2xZ2,Z2xZ2,0,0,0,[],{}
1,137,4,Z2xZ2,Z2xZ2,0,0,0,[],{}
1,137,5,Z2xZ2,Z2xZ2,0,0,0,[],{}
1,137,6,Z2xZ2,Z2xZ2,0,0,0,[],{}
1,137,10,Z2xZ2,Z2xZ2,0,0,0,[],{}
1,137,20,Z2xZ2,Z2xZ2,0,0,0,[],{}
1,137,30,Z2xZ2,Z2xZ2,0,0,0,[],{}
1,137,34,Z2xZ2,Z2,0,0,0,[],{}
1,137,40,Z2xZ2,Z2xZ2,0,0,0,[],{}
1,137,50,Z2xZ2,Z2xZ2,0,0,0,[],{}
1,137,52,Z2xZ2,Z2xZ2,0,0,0,[],{}
1,137,54,Z2xZ2,Z2xZ2,0,0,0,[],{}
1,137,95,Z2xZ2,Z2,0,0,0,[],{}
1,137,125,Z2xZ2,Z2xZ2,54,54,0,[125],{125: 54}
1,137,126,Z2xZ2,Z2xZ2,0,0,0,[],{}
1,137,127,Z2xZ2,Z2xZ2,0,0,0,[],{}
1,137,131,Z2xZ2,Z2xZ2,54,54,0,[137],{137: 54}
1,137,132,Z2xZ2,Z2xZ2,0,0,0,[],{}
1,137,133,Z2xZ2,Z2xZ2,0,0,0,[],{}
1,137,137,Z2xZ2,Z2xZ2,54,54,0,[131],{131: 54}
1,137,138,Z2xZ2,Z2xZ2,0,0,0,[],{}
1,137,139,Z2xZ2,Z2xZ2,0,0,0,[],{}
1,137,143,Z2xZ2,Z2,108,108,0,[143],{143: 108}
1,137,161,Z2xZ2,Z2,108,108,0,[161],{161: 108}
1,137,179,Z2xZ2,Z2,108,108,0,[179],{179: 108}
1,137,197,Z2xZ2,Z2,108,108,0,[197],{197: 108}
1,137,215,Z2xZ2,Z2,108,108,0,[215],{215: 108}
1,137,350,Z2xZ2,Z2xZ2,0,0,0,[],{}
1,137,354,Z2xZ2,Z2,0,0,0,[],{}
1,137,360,Z2xZ2,Z2xZ2,0,0,0,[],{}
1,137,370,Z2xZ2,Z2xZ2,0,0,0,[],{}
1,137,380,Z2xZ2,Z2xZ2,0,0,0,[],{}
1,137,390,Z2xZ2,Z2xZ2,0,0,0,[],{}
1,137,394,Z2xZ2,Z2,0,0,0,[],{}
1,137,400,Z2xZ2,Z2xZ2,0,0,0,[],{}
1,137,410,Z2xZ2,Z2xZ2,0,0,0,[],{}
1,137,420,Z2xZ2,Z2xZ2,0,0,0,[],{}
1,137,430,Z2xZ2,Z2xZ2,0,0,0,[],{}
1,137,434,Z2xZ2,Z2,0,0,0,[],{}
1,137,440,Z2xZ2,Z2,0,0,0,[],{}
1,137,500,Z2xZ2,Z2,0,0,0,[],{}
1,137,560,Z2xZ2,Z2,0,0,0,[],{}
1,137,980,Z2xZ2,Z2xZ2,0,0,0,[],{}
1,137,982,Z2xZ2,Z2xZ2,0,0,0,[],{}
1,137,984,Z2xZ2,Z2xZ2,0,0,0,[],{}
1,137,986,Z2xZ2,Z2,0,0,0,[],{}
1,137,995,Z2xZ2,Z2,0,0,0,[],{}
1,137,1010,Z2xZ2,Z2,0,0,0,[],{}
1,137,1025,Z2xZ2,Z2,0,0,0,[],{}
1,137,1040,Z2xZ2,Z2,0,0,0,[],{}
1,137,1055,Z2xZ2,Z2xZ2,0,0,0,[],{}
1,137,1057,Z2xZ2,Z2xZ2,0,0,0,[],{}
1,137,1059,Z2xZ2,Z2xZ2,0,0,0,[],{}
1,137,1130,Z2xZ2,Z2xZ2,0,0,0,[],{}
1,137,1132,Z2xZ2,Z2xZ2,0,0,0,[],{}
1,137,1134,Z2xZ2,Z2xZ2,0,0,0,[],{}
1,138,0,Z2xZ2,(Z2)^3,0,0,0,[],{}
1,138,1,Z2xZ2,Z2xZ2,0,0,0,[],{}
1,138,2,Z2xZ2,Z2xZ2,0,0,0,[],{}
1,138,4,Z2xZ2,Z2xZ2,0,0,0,[],{}
1,138,5,Z2xZ2,Z2xZ2,0,0,0,[],{}
1,138,6,Z2xZ2,Z2xZ2,0,0,0,[],{}
1,138,10,Z2xZ2,Z2xZ2,0,0,0,[],{}
1,138,20,Z2xZ2,Z2xZ2,0,0,0,[],{}
1,138,30,Z2xZ2,Z2xZ2,0,0,0,[],{}
1,138,34,Z2xZ2,Z2,0,0,0,[],{}
1,138,40,Z2xZ2,Z2xZ2,0,0,0,[],{}
1,138,50,Z2xZ2,Z2xZ2,0,0,0,[],{}
1,138,52,Z2xZ2,Z2xZ2,0,0,0,[],{}
1,138,54,Z2xZ2,Z2xZ2,0,0,0,[],{}
1,138,95,Z2xZ2,Z2,0,0,0,[],{}
1,138,125,Z2xZ2,Z2xZ2,0,0,0,[],{}
1,138,126,Z2xZ2,Z2xZ2,0,0,0,[],{}
1,138,127,Z2xZ2,Z2xZ2,54,54,0,[126],{126: 54}
1,138,131,Z2xZ2,Z2xZ2,0,0,0,[],{}
1,138,132,Z2xZ2,Z2xZ2,0,0,0,[],{}
1,138,133,Z2xZ2,Z2xZ2,54,54,0,[138],{138: 54}
1,138,137,Z2xZ2,Z2xZ2,0,0,0,[],{}
1,138,138,Z2xZ2,Z2xZ2,0,0,0,[],{}
1,138,139,Z2xZ2,Z2xZ2,54,54,0,[132],{132: 54}
1,138,143,Z2xZ2,Z2,0,0,0,[],{}
1,138,161,Z2xZ2,Z2,0,0,0,[],{}
1,138,179,Z2xZ2,Z2,0,0,0,[],{}
1,138,197,Z2xZ2,Z2,0,0,0,[],{}
1,138,215,Z2xZ2,Z2,0,0,0,[],{}
1,138,350,Z2xZ2,Z2xZ2,0,0,0,[],{}
1,138,354,Z2xZ2,Z2,0,0,0,[],{}
1,138,360,Z2xZ2,Z2xZ2,0,0,0,[],{}
1,138,370,Z2xZ2,Z2xZ2,0,0,0,[],{}
1,138,380,Z2xZ2,Z2xZ2,0,0,0,[],{}
1,138,390,Z2xZ2,Z2xZ2,0,0,0,[],{}
1,138,394,Z2xZ2,Z2,0,0,0,[],{}
1,138,400,Z2xZ2,Z2xZ2,0,0,0,[],{}
1,138,410,Z2xZ2,Z2xZ2,0,0,0,[],{}
1,138,420,Z2xZ2,Z2xZ2,0,0,0,[],{}
1,138,430,Z2xZ2,Z2xZ2,0,0,0,[],{}
1,138,434,Z2xZ2,Z2,0,0,0,[],{}
1,138,440,Z2xZ2,Z2,0,0,0,[],{}
1,138,500,Z2xZ2,Z2,0,0,0,[],{}
1,138,560,Z2xZ2,Z2,0,0,0,[],{}
1,138,980,Z2xZ2,Z2xZ2,0,0,0,[],{}
1,138,982,Z2xZ2,Z2xZ2,0,0,0,[],{}
1,138,984,Z2xZ2,Z2xZ2,0,0,0,[],{}
1,138,986,Z2xZ2,Z2,0,0,0,[],{}
1,138,995,Z2xZ2,Z2,0,0,0,[],{}
1,138,1010,Z2xZ2,Z2,0,0,0,[],{}
1,138,1025,Z2xZ2,Z2,0,0,0,[],{}
1,138,1040,Z2xZ2,Z2,0,0,0,[],{}
1,138,1055,Z2xZ2,Z2xZ2,0,0,0,[],{}
1,138,1057,Z2xZ2,Z2xZ2,0,0,0,[],{}
1,138,1059,Z2xZ2,Z2xZ2,0,0,0,[],{}
1,138,1130,Z2xZ2,Z2xZ2,0,0,0,[],{}
1,138,1132,Z2xZ2,Z2xZ2,0,0,0,[],{}
1,138,1134,Z2xZ2,Z2xZ2,0,0,0,[],{}
1,139,0,Z2xZ2,(Z2)^3,0,0,0,[],{}
1,139,1,Z2xZ2,Z2xZ2,0,0,0,[],{}
1,139,2,Z2xZ2,Z2xZ2,0,0,0,[],{}
1,139,4,Z2xZ2,Z2xZ2,0,0,0,[],{}
1,139,5,Z2xZ2,Z2xZ2,0,0,0,[],{}
1,139,6,Z2xZ2,Z2xZ2,0,0,0,[],{}
1,139,10,Z2xZ2,Z2xZ2,0,0,0,[],{}
1,139,20,Z2xZ2,Z2xZ2,0,0,0,[],{}
1,139,30,Z2xZ2,Z2xZ2,0,0,0,[],{}
1,139,34,Z2xZ2,Z2,0,0,0,[],{}
1,139,40,Z2xZ2,Z2xZ2,0,0,0,[],{}
1,139,50,Z2xZ2,Z2xZ2,0,0,0,[],{}
1,139,52,Z2xZ2,Z2xZ2,0,0,0,[],{}
1,139,54,Z2xZ2,Z2xZ2,0,0,0,[],{}
1,139,95,Z2xZ2,Z2,0,0,0,[],{}
1,139,125,Z2xZ2,Z2xZ2,0,0,0,[],{}
1,139,126,Z2xZ2,Z2xZ2,54,54,0,[127],{127: 54}
1,139,127,Z2xZ2,Z2xZ2,0,0,0,[],{}
1,139,131,Z2xZ2,Z2xZ2,0,0,0,[],{}
1,139,132,Z2xZ2,Z2xZ2,54,54,0,[139],{139: 54}
1,139,133,Z2xZ2,Z2xZ2,0,0,0,[],{}
1,139,137,Z2xZ2,Z2xZ2,0,0,0,[],{}
1,139,138,Z2xZ2,Z2xZ2,54,54,0,[133],{133: 54}
1,139,139,Z2xZ2,Z2xZ2,0,0,0,[],{}
1,139,143,Z2xZ2,Z2,0,0,0,[],{}
1,139,161,Z2xZ2,Z2,0,0,0,[],{}
1,139,179,Z2xZ2,Z2,0,0,0,[],{}
1,139,197,Z2xZ2,Z2,0,0,0,[],{}
1,139,215,Z2xZ2,Z2,0,0,0,[],{}
1,139,350,Z2xZ2,Z2xZ2,0,0,0,[],{}
1,139,354,Z2xZ2,Z2,0,0,0,[],{}
1,139,360,Z2xZ2,Z2xZ2,0,0,0,[],{}
1,139,370,Z2xZ2,Z2xZ2,0,0,0,[],{}
1,139,380,Z2xZ2,Z2xZ2,0,0,0,[],{}
1,139,390,Z2xZ2,Z2xZ2,0,0,0,[],{}
1,139,394,Z2xZ2,Z2,0,0,0,[],{}
1,139,400,Z2xZ2,Z2xZ2,0,0,0,[],{}
1,139,410,Z2xZ2,Z2xZ2,0,0,0,[],{}
1,139,420,Z2xZ2,Z2xZ2,0,0,0,[],{}
1,139,430,Z2xZ2,Z2xZ2,0,0,0,[],{}
1,139,434,Z2xZ2,Z2,0,0,0,[],{}
1,139,440,Z2xZ2,Z2,0,0,0,[],{}
1,139,500,Z2xZ2,Z2,0,0,0,[],{}
1,139,560,Z2xZ2,Z2,0,0,0,[],{}
1,139,980,Z2xZ2,Z2xZ2,0,0,0,[],{}
1,139,982,Z2xZ2,Z2xZ2,0,0,0,[],{}
1,139,984,Z2xZ2,Z2xZ2,0,0,0,[],{}
1,139,986,Z2xZ2,Z2,0,0,0,[],{}
1,139,995,Z2xZ2,Z2,0,0,0,[],{}
1,139,1010,Z2xZ2,Z2,0,0,0,[],{}
1,139,1025,Z2xZ2,Z2,0,0,0,[],{}
1,139,1040,Z2xZ2,Z2,0,0,0,[],{}
1,139,1055,Z2xZ2,Z2xZ2,0,0,0,[],{}
1,139,1057,Z2xZ2,Z2xZ2,0,0,0,[],{}
1,139,1059,Z2xZ2,Z2xZ2,0,0,0,[],{}
1,139,1130,Z2xZ2,Z2xZ2,0,0,0,[],{}
1,139,1132,Z2xZ2,Z2xZ2,0,0,0,[],{}
1,139,1134,Z2xZ2,Z2xZ2,0,0,0,[],{}
1,143,0,Z2,(Z2)^3,0,0,0,[],{}
1,143,1,Z2,Z2xZ2,0,0,0,[],{}
1,143,2,Z2,Z2xZ2,0,0,0,[],{}
1,143,4,Z2,Z2xZ2,0,0,0,[],{}
1,143,5,Z2,Z2xZ2,0,0,0,[],{}
1,143,6,Z2,Z2xZ2,0,0,0,[],{}
1,143,10,Z2,Z2xZ2,0,0,0,[],{}
1,143,20,Z2,Z2xZ2,0,0,0,[],{}
1,143,30,Z2,Z2xZ2,0,0,0,[],{}
1,143,34,Z2,Z2,0,0,0,[],{}
1,143,40,Z2,Z2xZ2,0,0,0,[],{}
1,143,50,Z2,Z2xZ2,0,0,0,[],{}
1,143,52,Z2,Z2xZ2,0,0,0,[],{}
1,143,54,Z2,Z2xZ2,0,0,0,[],{}
1,143,95,Z2,Z2,0,0,0,[],{}
1,143,125,Z2,Z2xZ2,0,0,0,[],{}
1,143,126,Z2,Z2xZ2,0,0,0,[],{}
1,143,127,Z2,Z2xZ2,0,0,0,[],{}
1,143,131,Z2,Z2xZ2,0,0,0,[],{}
1,143,132,Z2,Z2xZ2,0,0,0,[],{}
1,143,133,Z2,Z2xZ2,0,0,0,[],{}
1,143,137,Z2,Z2xZ2,0,0,0,[],{}
1,143,138,Z2,Z2xZ2,0,0,0,[],{}
1,143,139,Z2,Z2xZ2,0,0,0,[],{}
1,143,143,Z2,Z2,0,0,0,[],{}
1,143,161,Z2,Z2,0,0,0,[],{}
1,143,179,Z2,Z2,0,0,0,[],{}
1,143,197,Z2,Z2,0,0,0,[],{}
1,143,215,Z2,Z2,0,0,0,[],{}
1,143,350,Z2,Z2xZ2,108,108,0,[125],{125: 108}
1,143,354,Z2,Z2,216,216,0,"[131, 137]","{131: 108, 137: 108}"
1,143,360,Z2,Z2xZ2,108,108,0,[143],{143: 108}
1,143,370,Z2,Z2xZ2,108,108,0,[143],{143: 108}
1,143,380,Z2,Z2xZ2,108,108,0,[161],{161: 108}
1,143,390,Z2,Z2xZ2,108,108,0,[179],{179: 108}
1,143,394,Z2,Z2,216,0,216,"[185, 191]","{185: 108, 191: 108}"
1,143,400,Z2,Z2xZ2,108,108,0,[197],{197: 108}
1,143,410,Z2,Z2xZ2,108,108,0,[161],{161: 108}
1,143,420,Z2,Z2xZ2,108,108,0,[197],{197: 108}
1,143,430,Z2,Z2xZ2,108,108,0,[179],{179: 108}
1,143,434,Z2,Z2,216,0,216,"[185, 191]","{185: 108, 191: 108}"
1,143,440,Z2,Z2,216,216,0,[215],{215: 216}
1,143,500,Z2,Z2,216,0,216,[296],{296: 216}
1,143,560,Z2,Z2,216,0,216,[296],{296: 216}
1,143,980,Z2,Z2xZ2,0,0,0,[],{}
1,143,982,Z2,Z2xZ2,0,0,0,[],{}
1,143,984,Z2,Z2xZ2,0,0,0,[],{}
1,143,986,Z2,Z2,0,0,0,[],{}
1,143,995,Z2,Z2,0,0,0,[],{}
1,143,1010,Z2,Z2,0,0,0,[],{}
1,143,1025,Z2,Z2,0,0,0,[],{}
1,143,1040,Z2,Z2,0,0,0,[],{}
1,143,1055,Z2,Z2xZ2,0,0,0,[],{}
1,143,1057,Z2,Z2xZ2,0,0,0,[],{}
1,143,1059,Z2,Z2xZ2,0,0,0,[],{}
1,143,1130,Z2,Z2xZ2,0,0,0,[],{}
1,143,1132,Z2,Z2xZ2,0,0,0,[],{}
1,143,1134,Z2,Z2xZ2,0,0,0,[],{}
1,161,0,Z2,(Z2)^3,0,0,0,[],{}
1,161,1,Z2,Z2xZ2,0,0,0,[],{}
1,161,2,Z2,Z2xZ2,0,0,0,[],{}
1,161,4,Z2,Z2xZ2,0,0,0,[],{}
1,161,5,Z2,Z2xZ2,0,0,0,[],{}
1,161,6,Z2,Z2xZ2,0,0,0,[],{}
1,161,10,Z2,Z2xZ2,0,0,0,[],{}
1,161,20,Z2,Z2xZ2,0,0,0,[],{}
1,161,30,Z2,Z2xZ2,0,0,0,[],{}
1,161,34,Z2,Z2,0,0,0,[],{}
1,161,40,Z2,Z2xZ2,0,0,0,[],{}
1,161,50,Z2,Z2xZ2,0,0,0,[],{}
1,161,52,Z2,Z2xZ2,0,0,0,[],{}
1,161,54,Z2,Z2xZ2,0,0,0,[],{}
1,161,95,Z2,Z2,0,0,0,[],{}
1,161,125,Z2,Z2xZ2,0,0,0,[],{}
1,161,126,Z2,Z2xZ2,0,0,0,[],{}
1,161,127,Z2,Z2xZ2,0,0,0,[],{}
1,161,131,Z2,Z2xZ2,0,0,0,[],{}
1,161,132,Z2,Z2xZ2,0,0,0,[],{}
1,161,133,Z2,Z2xZ2,0,0,0,[],{}
1,161,137,Z2,Z2xZ2,0,0,0,[],{}
1,161,138,Z2,Z2xZ2,0,0,0,[],{}
1,161,139,Z2,Z2xZ2,0,0,0,[],{}
1,161,143,Z2,Z2,0,0,0,[],{}
1,161,161,Z2,Z2,0,0,0,[],{}
1,161,179,Z2,Z2,0,0,0,[],{}
1,161,197,Z2,Z2,0,0,0,[],{}
1,161,215,Z2,Z2,0,0,0,[],{}
1,161,350,Z2,Z2xZ2,108,108,0,[179],{179: 108}
1,161,354,Z2,Z2,216,0,216,"[185, 191]","{185: 108, 191: 108}"
1,161,360,Z2,Z2xZ2,108,108,0,[161],{161: 108}
1,161,370,Z2,Z2xZ2,108,108,0,[197],{197: 108}
1,161,380,Z2,Z2xZ2,108,108,0,[143],{143: 108}
1,161,390,Z2,Z2xZ2,108,108,0,[125],{125: 108}
1,161,394,Z2,Z2,216,216,0,"[131, 137]","{131: 108, 137: 108}"
1,161,400,Z2,Z2xZ2,108,108,0,[143],{143: 108}
1,161,410,Z2,Z2xZ2,108,108,0,[197],{197: 108}
1,161,420,Z2,Z2xZ2,108,108,0,[161],{161: 108}
1,161,430,Z2,Z2xZ2,108,108,0,[179],{179: 108}
1,161,434,Z2,Z2,216,0,216,"[185, 191]","{185: 108, 191: 108}"
1,161,440,Z2,Z2,216,0,216,[296],{296: 216}
1,161,500,Z2,Z2,216,216,0,[215],{215: 216}
1,161,560,Z2,Z2,216,0,216,[296],{296: 216}
1,161,980,Z2,Z2xZ2,0,0,0,[],{}
1,161,982,Z2,Z2xZ2,0,0,0,[],{}
1,161,984,Z2,Z2xZ2,0,0,0,[],{}
1,161,986,Z2,Z2,0,0,0,[],{}
1,161,995,Z2,Z2,0,0,0,[],{}
1,161,1010,Z2,Z2,0,0,0,[],{}
1,161,1025,Z2,Z2,0,0,0,[],{}
1,161,1040,Z2,Z2,0,0,0,[],{}
1,161,1055,Z2,Z2xZ2,0,0,0,[],{}
1,161,1057,Z2,Z2xZ2,0,0,0,[],{}
1,161,1059,Z2,Z2xZ2,0,0,0,[],{}
1,161,1130,Z2,Z2xZ2,0,0,0,[],{}
1,161,1132,Z2,Z2xZ2,0,0,0,[],{}
1,161,1134,Z2,Z2xZ2,0,0,0,[],{}
1,179,0,Z2,(Z2)^3,108,108,0,[179],{179: 108}
1,179,1,Z2,Z2xZ2,0,0,0,[],{}
1,179,2,Z2,Z2xZ2,0,0,0,[],{}
1,179,4,Z2,Z2xZ2,216,0,216,"[185, 191]","{185: 108, 191: 108}"
1,179,5,Z2,Z2xZ2,0,0,0,[],{}
1,179,6,Z2,Z2xZ2,0,0,0,[],{}
1,179,10,Z2,Z2xZ2,216,216,0,"[161, 197]","{161: 108, 197: 108}"
1,179,20,Z2,Z2xZ2,216,216,0,"[143, 197]","{143: 108, 197: 108}"
1,179,30,Z2,Z2xZ2,216,216,0,"[125, 179]","{125: 108, 179: 108}"
1,179,34,Z2,Z2,432,216,216,"[131, 137, 185, 191]","{131: 108, 137: 108, 185: 108, 191: 108}"
1,179,40,Z2,Z2xZ2,216,216,0,"[143, 161]","{143: 108, 161: 108}"
1,179,50,Z2,Z2xZ2,216,0,216,[296],{296: 216}
1,179,52,Z2,Z2xZ2,0,0,0,[],{}
1,179,54,Z2,Z2xZ2,0,0,0,[],{}
1,179,95,Z2,Z2,432,216,216,"[215, 296]","{215: 216, 296: 216}"
1,179,125,Z2,Z2xZ2,0,0,0,[],{}
1,179,126,Z2,Z2xZ2,0,0,0,[],{}
1,179,127,Z2,Z2xZ2,0,0,0,[],{}
1,179,131,Z2,Z2xZ2,0,0,0,[],{}
1,179,132,Z2,Z2xZ2,0,0,0,[],{}
1,179,133,Z2,Z2xZ2,0,0,0,[],{}
1,179,137,Z2,Z2xZ2,0,0,0,[],{}
1,179,138,Z2,Z2xZ2,0,0,0,[],{}
1,179,139,Z2,Z2xZ2,0,0,0,[],{}
1,179,143,Z2,Z2,0,0,0,[],{}
1,179,161,Z2,Z2,0,0,0,[],{}
1,179,179,Z2,Z2,0,0,0,[],{}
1,179,197,Z2,Z2,0,0,0,[],{}
1,179,215,Z2,Z2,0,0,0,[],{}
1,179,350,Z2,Z2xZ2,0,0,0,[],{}
1,179,354,Z2,Z2,0,0,0,[],{}
1,179,360,Z2,Z2xZ2,0,0,0,[],{}
1,179,370,Z2,Z2xZ2,0,0,0,[],{}
1,179,380,Z2,Z2xZ2,0,0,0,[],{}
1,179,390,Z2,Z2xZ2,0,0,0,[],{}
1,179,394,Z2,Z2,0,0,0,[],{}
1,179,400,Z2,Z2xZ2,0,0,0,[],{}
1,179,410,Z2,Z2xZ2,0,0,0,[],{}
1,179,420,Z2,Z2xZ2,0,0,0,[],{}
1,179,430,Z2,Z2xZ2,0,0,0,[],{}
1,179,434,Z2,Z2,0,0,0,[],{}
1,179,440,Z2,Z2,0,0,0,[],{}
1,179,500,Z2,Z2,0,0,0,[],{}
1,179,560,Z2,Z2,0,0,0,[],{}
1,179,980,Z2,Z2xZ2,0,0,0,[],{}
1,179,982,Z2,Z2xZ2,0,0,0,[],{}
1,179,984,Z2,Z2xZ2,0,0,0,[],{}
1,179,986,Z2,Z2,0,0,0,[],{}
1,179,995,Z2,Z2,0,0,0,[],{}
1,179,1010,Z2,Z2,0,0,0,[],{}
1,179,1025,Z2,Z2,0,0,0,[],{}
1,179,1040,Z2,Z2,0,0,0,[],{}
1,179,1055,Z2,Z2xZ2,0,0,0,[],{}
1,179,1057,Z2,Z2xZ2,0,0,0,[],{}
1,179,1059,Z2,Z2xZ2,0,0,0,[],{}
1,179,1130,Z2,Z2xZ2,0,0,0,[],{}
1,179,1132,Z2,Z2xZ2,0,0,0,[],{}
1,179,1134,Z2,Z2xZ2,0,0,0,[],{}
1,197,0,Z2,(Z2)^3,0,0,0,[],{}
1,197,1,Z2,Z2xZ2,0,0,0,[],{}
1,197,2,Z2,Z2xZ2,0,0,0,[],{}
1,197,4,Z2,Z2xZ2,0,0,0,[],{}
1,197,5,Z2,Z2xZ2,0,0,0,[],{}
1,197,6,Z2,Z2xZ2,0,0,0,[],{}
1,197,10,Z2,Z2xZ2,0,0,0,[],{}
1,197,20,Z2,Z2xZ2,0,0,0,[],{}
1,197,30,Z2,Z2xZ2,0,0,0,[],{}
1,197,34,Z2,Z2,0,0,0,[],{}
1,197,40,Z2,Z2xZ2,0,0,0,[],{}
1,197,50,Z2,Z2xZ2,0,0,0,[],{}
1,197,52,Z2,Z2xZ2,0,0,0,[],{}
1,197,54,Z2,Z2xZ2,0,0,0,[],{}
1,197,95,Z2,Z2,0,0,0,[],{}
1,197,125,Z2,Z2xZ2,0,0,0,[],{}
1,197,126,Z2,Z2xZ2,0,0,0,[],{}
1,197,127,Z2,Z2xZ2,0,0,0,[],{}
1,197,131,Z2,Z2xZ2,0,0,0,[],{}
1,197,132,Z2,Z2xZ2,0,0,0,[],{}
1,197,133,Z2,Z2xZ2,0,0,0,[],{}
1,197,137,Z2,Z2xZ2,0,0,0,[],{}
1,197,138,Z2,Z2xZ2,0,0,0,[],{}
1,197,139,Z2,Z2xZ2,0,0,0,[],{}
1,197,143,Z2,Z2,0,0,0,[],{}
1,197,161,Z2,Z2,0,0,0,[],{}
1,197,179,Z2,Z2,0,0,0,[],{}
1,197,197,Z2,Z2,0,0,0,[],{}
1,197,215,Z2,Z2,0,0,0,[],{}
1,197,350,Z2,Z2xZ2,108,108,0,[179],{179: 108}
1,197,354,Z2,Z2,216,0,216,"[185, 191]","{185: 108, 191: 108}"
1,197,360,Z2,Z2xZ2,108,108,0,[197],{197: 108}
1,197,370,Z2,Z2xZ2,108,108,0,[161],{161: 108}
1,197,380,Z2,Z2xZ2,108,108,0,[197],{197: 108}
1,197,390,Z2,Z2xZ2,108,108,0,[179],{179: 108}
1,197,394,Z2,Z2,216,0,216,"[185, 191]","{185: 108, 191: 108}"
1,197,400,Z2,Z2xZ2,108,108,0,[161],{161: 108}
1,197,410,Z2,Z2xZ2,108,108,0,[143],{143: 108}
1,197,420,Z2,Z2xZ2,108,108,0,[143],{143: 108}
1,197,430,Z2,Z2xZ2,108,108,0,[125],{125: 108}
1,197,434,Z2,Z2,216,216,0,"[131, 137]","{131: 108, 137: 108}"
1,197,440,Z2,Z2,216,0,216,[296],{296: 216}
1,197,500,Z2,Z2,216,0,216,[296],{296: 216}
1,197,560,Z2,Z2,216,216,0,[215],{215: 216}
1,197,980,Z2,Z2xZ2,0,0,0,[],{}
1,197,982,Z2,Z2xZ2,0,0,0,[],{}
1,197,984,Z2,Z2xZ2,0,0,0,[],{}
1,197,986,Z2,Z2,0,0,0,[],{}
1,197,995,Z2,Z2,0,0,0,[],{}
1,197,1010,Z2,Z2,0,0,0,[],{}
1,197,1025,Z2,Z2,0,0,0,[],{}
1,197,1040,Z2,Z2,0,0,0,[],{}
1,197,1055,Z2,Z2xZ2,0,0,0,[],{}
1,197,1057,Z2,Z2xZ2,0,0,0,[],{}
1,197,1059,Z2,Z2xZ2,0,0,0,[],{}
1,197,1130,Z2,Z2xZ2,0,0,0,[],{}
1,197,1132,Z2,Z2xZ2,0,0,0,[],{}
1,197,1134,Z2,Z2xZ2,0,0,0,[],{}
1,215,0,Z2,(Z2)^3,0,0,0,[],{}
1,215,1,Z2,Z2xZ2,0,0,0,[],{}
1,215,2,Z2,Z2xZ2,0,0,0,[],{}
1,215,4,Z2,Z2xZ2,0,0,0,[],{}
1,215,5,Z2,Z2xZ2,0,0,0,[],{}
1,215,6,Z2,Z2xZ2,0,0,0,[],{}
1,215,10,Z2,Z2xZ2,0,0,0,[],{}
1,215,20,Z2,Z2xZ2,0,0,0,[],{}
1,215,30,Z2,Z2xZ2,0,0,0,[],{}
1,215,34,Z2,Z2,0,0,0,[],{}
1,215,40,Z2,Z2xZ2,0,0,0,[],{}
1,215,50,Z2,Z2xZ2,0,0,0,[],{}
1,215,52,Z2,Z2xZ2,0,0,0,[],{}
1,215,54,Z2,Z2xZ2,0,0,0,[],{}
1,215,95,Z2,Z2,0,0,0,[],{}
1,215,125,Z2,Z2xZ2,0,0,0,[],{}
1,215,126,Z2,Z2xZ2,0,0,0,[],{}
1,215,127,Z2,Z2xZ2,0,0,0,[],{}
1,215,131,Z2,Z2xZ2,0,0,0,[],{}
1,215,132,Z2,Z2xZ2,0,0,0,[],{}
1,215,133,Z2,Z2xZ2,0,0,0,[],{}
1,215,137,Z2,Z2xZ2,0,0,0,[],{}
1,215,138,Z2,Z2xZ2,0,0,0,[],{}
1,215,139,Z2,Z2xZ2,0,0,0,[],{}
1,215,143,Z2,Z2,0,0,0,[],{}
1,215,161,Z2,Z2,0,0,0,[],{}
1,215,179,Z2,Z2,0,0,0,[],{}
1,215,197,Z2,Z2,0,0,0,[],{}
1,215,215,Z2,Z2,0,0,0,[],{}
1,215,350,Z2,Z2xZ2,0,0,0,[],{}
1,215,354,Z2,Z2,0,0,0,[],{}
1,215,360,Z2,Z2xZ2,0,0,0,[],{}
1,215,370,Z2,Z2xZ2,0,0,0,[],{}
1,215,380,Z2,Z2xZ2,0,0,0,[],{}
1,215,390,Z2,Z2xZ2,0,0,0,[],{}
1,215,394,Z2,Z2,0,0,0,[],{}
1,215,400,Z2,Z2xZ2,0,0,0,[],{}
1,215,410,Z2,Z2xZ2,0,0,0,[],{}
1,215,420,Z2,Z2xZ2,0,0,0,[],{}
1,215,430,Z2,Z2xZ2,0,0,0,[],{}
1,215,434,Z2,Z2,0,0,0,[],{}
1,215,440,Z2,Z2,0,0,0,[],{}
1,215,500,Z2,Z2,0,0,0,[],{}
1,215,560,Z2,Z2,0,0,0,[],{}
1,215,980,Z2,Z2xZ2,108,108,0,[125],{125: 108}
1,215,982,Z2,Z2xZ2,0,0,0,[],{}
1,215,984,Z2,Z2xZ2,0,0,0,[],{}
1,215,986,Z2,Z2,216,216,0,"[131, 137]","{131: 108, 137: 108}"
1,215,995,Z2,Z2,216,216,0,[143],{143: 216}
1,215,1010,Z2,Z2,216,216,0,[161],{161: 216}
1,215,1025,Z2,Z2,216,216,0,[179],{179: 216}
1,215,1040,Z2,Z2,216,216,0,[197],{197: 216}
1,215,1055,Z2,Z2xZ2,108,108,0,[215],{215: 108}
1,215,1057,Z2,Z2xZ2,0,0,0,[],{}
1,215,1059,Z2,Z2xZ2,0,0,0,[],{}
1,215,1130,Z2,Z2xZ2,108,108,0,[215],{215: 108}
1,215,1132,Z2,Z2xZ2,0,0,0,[],{}
1,215,1134,Z2,Z2xZ2,0,0,0,[],{}
1,350,0,Z2xZ2,(Z2)^3,54,54,0,[350],{350: 54}
1,350,1,Z2xZ2,Z2xZ2,0,0,0,[],{}
1,350,2,Z2xZ2,Z2xZ2,0,0,0,[],{}
1,350,4,Z2xZ2,Z2xZ2,108,108,0,[354],{354: 108}
1,350,5,Z2xZ2,Z2xZ2,0,0,0,[],{}
1,350,6,Z2xZ2,Z2xZ2,0,0,0,[],{}
1,350,10,Z2xZ2,Z2xZ2,108,108,0,"[360, 370]","{360: 54, 370: 54}"
1,350,20,Z2xZ2,Z2xZ2,108,108,0,"[380, 410]","{380: 54, 410: 54}"
1,350,30,Z2xZ2,Z2xZ2,108,108,0,"[390, 430]","{390: 54, 430: 54}"
1,350,34,Z2xZ2,Z2,216,216,0,"[394, 434]","{394: 108, 434: 108}"
1,350,40,Z2xZ2,Z2xZ2,108,108,0,"[400, 420]","{400: 54, 420: 54}"
1,350,50,Z2xZ2,Z2xZ2,108,108,0,[440],{440: 108}
1,350,52,Z2xZ2,Z2xZ2,0,0,0,[],{}
1,350,54,Z2xZ2,Z2xZ2,0,0,0,[],{}
1,350,95,Z2xZ2,Z2,216,216,0,"[500, 560]","{500: 108, 560: 108}"
1,350,125,Z2xZ2,Z2xZ2,0,0,0,[],{}
1,350,126,Z2xZ2,Z2xZ2,0,0,0,[],{}
1,350,127,Z2xZ2,Z2xZ2,0,0,0,[],{}
1,350,131,Z2xZ2,Z2xZ2,0,0,0,[],{}
1,350,132,Z2xZ2,Z2xZ2,0,0,0,[],{}
1,350,133,Z2xZ2,Z2xZ2,0,0,0,[],{}
1,350,137,Z2xZ2,Z2xZ2,0,0,0,[],{}
1,350,138,Z2xZ2,Z2xZ2,0,0,0,[],{}
1,350,139,Z2xZ2,Z2xZ2,0,0,0,[],{}
1,350,143,Z2xZ2,Z2,0,0,0,[],{}
1,350,161,Z2xZ2,Z2,0,0,0,[],{}
1,350,179,Z2xZ2,Z2,0,0,0,[],{}
1,350,197,Z2xZ2,Z2,0,0,0,[],{}
1,350,215,Z2xZ2,Z2,0,0,0,[],{}
1,350,350,Z2xZ2,Z2xZ2,0,0,0,[],{}
1,350,354,Z2xZ2,Z2,0,0,0,[],{}
1,350,360,Z2xZ2,Z2xZ2,0,0,0,[],{}
1,350,370,Z2xZ2,Z2xZ2,0,0,0,[],{}
1,350,380,Z2xZ2,Z2xZ2,0,0,0,[],{}
1,350,390,Z2xZ2,Z2xZ2,0,0,0,[],{}
1,350,394,Z2xZ2,Z2,0,0,0,[],{}
1,350,400,Z2xZ2,Z2xZ2,0,0,0,[],{}
1,350,410,Z2xZ2,Z2xZ2,0,0,0,[],{}
1,350,420,Z2xZ2,Z2xZ2,0,0,0,[],{}
1,350,430,Z2xZ2,Z2xZ2,0,0,0,[],{}
1,350,434,Z2xZ2,Z2,0,0,0,[],{}
1,350,440,Z2xZ2,Z2,0,0,0,[],{}
1,350,500,Z2xZ2,Z2,0,0,0,[],{}
1,350,560,Z2xZ2,Z2,0,0,0,[],{}
1,350,980,Z2xZ2,Z2xZ2,0,0,0,[],{}
1,350,982,Z2xZ2,Z2xZ2,0,0,0,[],{}
1,350,984,Z2xZ2,Z2xZ2,0,0,0,[],{}
1,350,986,Z2xZ2,Z2,0,0,0,[],{}
1,350,995,Z2xZ2,Z2,0,0,0,[],{}
1,350,1010,Z2xZ2,Z2,0,0,0,[],{}
1,350,1025,Z2xZ2,Z2,0,0,0,[],{}
1,350,1040,Z2xZ2,Z2,0,0,0,[],{}
1,350,1055,Z2xZ2,Z2xZ2,0,0,0,[],{}
1,350,1057,Z2xZ2,Z2xZ2,0,0,0,[],{}
1,350,1059,Z2xZ2,Z2xZ2,0,0,0,[],{}
1,350,1130,Z2xZ2,Z2xZ2,0,0,0,[],{}
1,350,1132,Z2xZ2,Z2xZ2,0,0,0,[],{}
1,350,1134,Z2xZ2,Z2xZ2,0,0,0,[],{}
1,354,0,Z2,(Z2)^3,0,0,0,[],{}
1,354,1,Z2,Z2xZ2,0,0,0,[],{}
1,354,2,Z2,Z2xZ2,0,0,0,[],{}
1,354,4,Z2,Z2xZ2,0,0,0,[],{}
1,354,5,Z2,Z2xZ2,0,0,0,[],{}
1,354,6,Z2,Z2xZ2,0,0,0,[],{}
1,354,10,Z2,Z2xZ2,0,0,0,[],{}
1,354,20,Z2,Z2xZ2,0,0,0,[],{}
1,354,30,Z2,Z2xZ2,0,0,0,[],{}
1,354,34,Z2,Z2,0,0,0,[],{}
1,354,40,Z2,Z2xZ2,0,0,0,[],{}
1,354,50,Z2,Z2xZ2,0,0,0,[],{}
1,354,52,Z2,Z2xZ2,0,0,0,[],{}
1,354,54,Z2,Z2xZ2,0,0,0,[],{}
1,354,95,Z2,Z2,0,0,0,[],{}
1,354,125,Z2,Z2xZ2,108,108,0,[350],{350: 108}
1,354,126,Z2,Z2xZ2,0,0,0,[],{}
1,354,127,Z2,Z2xZ2,0,0,0,[],{}
1,354,131,Z2,Z2xZ2,108,108,0,[354],{354: 108}
1,354,132,Z2,Z2xZ2,0,0,0,[],{}
1,354,133,Z2,Z2xZ2,0,0,0,[],{}
1,354,137,Z2,Z2xZ2,108,108,0,[354],{354: 108}
1,354,138,Z2,Z2xZ2,0,0,0,[],{}
1,354,139,Z2,Z2xZ2,0,0,0,[],{}
1,354,143,Z2,Z2,216,216,0,"[360, 370]","{360: 108, 370: 108}"
1,354,161,Z2,Z2,216,216,0,"[380, 410]","{380: 108, 410: 108}"
1,354,179,Z2,Z2,216,216,0,"[390, 430]","{390: 108, 430: 108}"
1,354,197,Z2,Z2,216,216,0,"[400, 420]","{400: 108, 420: 108}"
1,354,215,Z2,Z2,216,216,0,[440],{440: 216}
1,354,350,Z2,Z2xZ2,0,0,0,[],{}
1,354,354,Z2,Z2,0,0,0,[],{}
1,354,360,Z2,Z2xZ2,0,0,0,[],{}
1,354,370,Z2,Z2xZ2,0,0,0,[],{}
1,354,380,Z2,Z2xZ2,0,0,0,[],{}
1,354,390,Z2,Z2xZ2,0,0,0,[],{}
1,354,394,Z2,Z2,0,0,0,[],{}
1,354,400,Z2,Z2xZ2,0,0,0,[],{}
1,354,410,Z2,Z2xZ2,0,0,0,[],{}
1,354,420,Z2,Z2xZ2,0,0,0,[],{}
1,354,430,Z2,Z2xZ2,0,0,0,[],{}
1,354,434,Z2,Z2,0,0,0,[],{}
1,354,440,Z2,Z2,0,0,0,[],{}
1,354,500,Z2,Z2,0,0,0,[],{}
1,354,560,Z2,Z2,0,0,0,[],{}
1,354,980,Z2,Z2xZ2,0,0,0,[],{}
1,354,982,Z2,Z2xZ2,0,0,0,[],{}
1,354,984,Z2,Z2xZ2,0,0,0,[],{}
1,354,986,Z2,Z2,0,0,0,[],{}
1,354,995,Z2,Z2,0,0,0,[],{}
1,354,1010,Z2,Z2,0,0,0,[],{}
1,354,1025,Z2,Z2,0,0,0,[],{}
1,354,1040,Z2,Z2,0,0,0,[],{}
1,354,1055,Z2,Z2xZ2,0,0,0,[],{}
1,354,1057,Z2,Z2xZ2,0,0,0,[],{}
1,354,1059,Z2,Z2xZ2,0,0,0,[],{}
1,354,1130,Z2,Z2xZ2,0,0,0,[],{}
1,354,1132,Z2,Z2xZ2,0,0,0,[],{}
1,354,1134,Z2,Z2xZ2,0,0,0,[],{}
1,360,0,Z2xZ2,(Z2)^3,0,0,0,[],{}
1,360,1,Z2xZ2,Z2xZ2,0,0,0,[],{}
1,360,2,Z2xZ2,Z2xZ2,0,0,0,[],{}
1,360,4,Z2xZ2,Z2xZ2,0,0,0,[],{}
1,360,5,Z2xZ2,Z2xZ2,0,0,0,[],{}
1,360,6,Z2xZ2,Z2xZ2,0,0,0,[],{}
1,360,10,Z2xZ2,Z2xZ2,0,0,0,[],{}
1,360,20,Z2xZ2,Z2xZ2,0,0,0,[],{}
1,360,30,Z2xZ2,Z2xZ2,0,0,0,[],{}
1,360,34,Z2xZ2,Z2,0,0,0,[],{}
1,360,40,Z2xZ2,Z2xZ2,0,0,0,[],{}
1,360,50,Z2xZ2,Z2xZ2,0,0,0,[],{}
1,360,52,Z2xZ2,Z2xZ2,0,0,0,[],{}
1,360,54,Z2xZ2,Z2xZ2,0,0,0,[],{}
1,360,95,Z2xZ2,Z2,0,0,0,[],{}
1,360,125,Z2xZ2,Z2xZ2,0,0,0,[],{}
1,360,126,Z2xZ2,Z2xZ2,0,0,0,[],{}
1,360,127,Z2xZ2,Z2xZ2,0,0,0,[],{}
1,360,131,Z2xZ2,Z2xZ2,0,0,0,[],{}
1,360,132,Z2xZ2,Z2xZ2,0,0,0,[],{}
1,360,133,Z2xZ2,Z2xZ2,0,0,0,[],{}
1,360,137,Z2xZ2,Z2xZ2,0,0,0,[],{}
1,360,138,Z2xZ2,Z2xZ2,0,0,0,[],{}
1,360,139,Z2xZ2,Z2xZ2,0,0,0,[],{}
1,360,143,Z2xZ2,Z2,0,0,0,[],{}
1,360,161,Z2xZ2,Z2,0,0,0,[],{}
1,360,179,Z2xZ2,Z2,0,0,0,[],{}
1,360,197,Z2xZ2,Z2,0,0,0,[],{}
1,360,215,Z2xZ2,Z2,0,0,0,[],{}
1,360,350,Z2xZ2,Z2xZ2,54,54,0,[350],{350: 54}
1,360,354,Z2xZ2,Z2,108,108,0,[354],{354: 108}
1,360,360,Z2xZ2,Z2xZ2,54,54,0,[360],{360: 54}
1,360,370,Z2xZ2,Z2xZ2,54,54,0,[370],{370: 54}
1,360,380,Z2xZ2,Z2xZ2,54,54,0,[380],{380: 54}
1,360,390,Z2xZ2,Z2xZ2,54,54,0,[390],{390: 54}
1,360,394,Z2xZ2,Z2,108,108,0,[394],{394: 108}
1,360,400,Z2xZ2,Z2xZ2,54,54,0,[400],{400: 54}
1,360,410,Z2xZ2,Z2xZ2,54,54,0,[410],{410: 54}
1,360,420,Z2xZ2,Z2xZ2,54,54,0,[420],{420: 54}
1,360,430,Z2xZ2,Z2xZ2,54,54,0,[430],{430: 54}
1,360,434,Z2xZ2,Z2,108,108,0,[434],{434: 108}
1,360,440,Z2xZ2,Z2,108,108,0,[440],{440: 108}
1,360,500,Z2xZ2,Z2,108,108,0,[500],{500: 108}
1,360,560,Z2xZ2,Z2,108,108,0,[560],{560: 108}
1,360,980,Z2xZ2,Z2xZ2,0,0,0,[],{}
1,360,982,Z2xZ2,Z2xZ2,0,0,0,[],{}
1,360,984,Z2xZ2,Z2xZ2,0,0,0,[],{}
1,360,986,Z2xZ2,Z2,0,0,0,[],{}
1,360,995,Z2xZ2,Z2,0,0,0,[],{}
1,360,1010,Z2xZ2,Z2,0,0,0,[],{}
1,360,1025,Z2xZ2,Z2,0,0,0,[],{}
1,360,1040,Z2xZ2,Z2,0,0,0,[],{}
1,360,1055,Z2xZ2,Z2xZ2,0,0,0,[],{}
1,360,1057,Z2xZ2,Z2xZ2,0,0,0,[],{}
1,360,1059,Z2xZ2,Z2xZ2,0,0,0,[],{}
1,360,1130,Z2xZ2,Z2xZ2,0,0,0,[],{}
1,360,1132,Z2xZ2,Z2xZ2,0,0,0,[],{}
1,360,1134,Z2xZ2,Z2xZ2,0,0,0,[],{}
1,370,0,Z2xZ2,(Z2)^3,0,0,0,[],{}
1,370,1,Z2xZ2,Z2xZ2,0,0,0,[],{}
1,370,2,Z2xZ2,Z2xZ2,0,0,0,[],{}
1,370,4,Z2xZ2,Z2xZ2,0,0,0,[],{}
1,370,5,Z2xZ2,Z2xZ2,0,0,0,[],{}
1,370,6,Z2xZ2,Z2xZ2,0,0,0,[],{}
1,370,10,Z2xZ2,Z2xZ2,0,0,0,[],{}
1,370,20,Z2xZ2,Z2xZ2,0,0,0,[],{}
1,370,30,Z2xZ2,Z2xZ2,0,0,0,[],{}
1,370,34,Z2xZ2,Z2,0,0,0,[],{}
1,370,40,Z2xZ2,Z2xZ2,0,0,0,[],{}
1,370,50,Z2xZ2,Z2xZ2,0,0,0,[],{}
1,370,52,Z2xZ2,Z2xZ2,0,0,0,[],{}
1,370,54,Z2xZ2,Z2xZ2,0,0,0,[],{}
1,370,95,Z2xZ2,Z2,0,0,0,[],{}
1,370,125,Z2xZ2,Z2xZ2,0,0,0,[],{}
1,370,126,Z2xZ2,Z2xZ2,0,0,0,[],{}
1,370,127,Z2xZ2,Z2xZ2,0,0,0,[],{}
1,370,131,Z2xZ2,Z2xZ2,0,0,0,[],{}
1,370,132,Z2xZ2,Z2xZ2,0,0,0,[],{}
1,370,133,Z2xZ2,Z2xZ2,0,0,0,[],{}
1,370,137,Z2xZ2,Z2xZ2,0,0,0,[],{}
1,370,138,Z2xZ2,Z2xZ2,0,0,0,[],{}
1,370,139,Z2xZ2,Z2xZ2,0,0,0,[],{}
1,370,143,Z2xZ2,Z2,0,0,0,[],{}
1,370,161,Z2xZ2,Z2,0,0,0,[],{}
1,370,179,Z2xZ2,Z2,0,0,0,[],{}
1,370,197,Z2xZ2,Z2,0,0,0,[],{}
1,370,215,Z2xZ2,Z2,0,0,0,[],{}
1,370,350,Z2xZ2,Z2xZ2,54,54,0,[350],{350: 54}
1,370,354,Z2xZ2,Z2,108,108,0,[354],{354: 108}
1,370,360,Z2xZ2,Z2xZ2,54,54,0,[370],{370: 54}
1,370,370,Z2xZ2,Z2xZ2,54,54,0,[360],{360: 54}
1,370,380,Z2xZ2,Z2xZ2,54,54,0,[410],{410: 54}
1,370,390,Z2xZ2,Z2xZ2,54,54,0,[430],{430: 54}
1,370,394,Z2xZ2,Z2,108,108,0,[434],{434: 108}
1,370,400,Z2xZ2,Z2xZ2,54,54,0,[420],{420: 54}
1,370,410,Z2xZ2,Z2xZ2,54,54,0,[380],{380: 54}
1,370,420,Z2xZ2,Z2xZ2,54,54,0,[400],{400: 54}
1,370,430,Z2xZ2,Z2xZ2,54,54,0,[390],{390: 54}
1,370,434,Z2xZ2,Z2,108,108,0,[394],{394: 108}
1,370,440,Z2xZ2,Z2,108,108,0,[440],{440: 108}
1,370,500,Z2xZ2,Z2,108,108,0,[560],{560: 108}
1,370,560,Z2xZ2,Z2,108,108,0,[500],{500: 108}
1,370,980,Z2xZ2,Z2xZ2,0,0,0,[],{}
1,370,982,Z2xZ2,Z2xZ2,0,0,0,[],{}
1,370,984,Z2xZ2,Z2xZ2,0,0,0,[],{}
1,370,986,Z2xZ2,Z2,0,0,0,[],{}
1,370,995,Z2xZ2,Z2,0,0,0,[],{}
1,370,1010,Z2xZ2,Z2,0,0,0,[],{}
1,370,1025,Z2xZ2,Z2,0,0,0,[],{}
1,370,1040,Z2xZ2,Z2,0,0,0,[],{}
1,370,1055,Z2xZ2,Z2xZ2,0,0,0,[],{}
1,370,1057,Z2xZ2,Z2xZ2,0,0,0,[],{}
1,370,1059,Z2xZ2,Z2xZ2,0,0,0,[],{}
1,370,1130,Z2xZ2,Z2xZ2,0,0,0,[],{}
1,370,1132,Z2xZ2,Z2xZ2,0,0,0,[],{}
1,370,1134,Z2xZ2,Z2xZ2,0,0,0,[],{}
1,380,0,Z2xZ2,(Z2)^3,0,0,0,[],{}
1,380,1,Z2xZ2,Z2xZ2,0,0,0,[],{}
1,380,2,Z2xZ2,Z2xZ2,0,0,0,[],{}
1,380,4,Z2xZ2,Z2xZ2,0,0,0,[],{}
1,380,5,Z2xZ2,Z2xZ2,0,0,0,[],{}
1,380,6,Z2xZ2,Z2xZ2,0,0,0,[],{}
1,380,10,Z2xZ2,Z2xZ2,0,0,0,[],{}
1,380,20,Z2xZ2,Z2xZ2,0,0,0,[],{}
1,380,30,Z2xZ2,Z2xZ2,0,0,0,[],{}
1,380,34,Z2xZ2,Z2,0,0,0,[],{}
1,380,40,Z2xZ2,Z2xZ2,0,0,0,[],{}
1,380,50,Z2xZ2,Z2xZ2,0,0,0,[],{}
1,380,52,Z2xZ2,Z2xZ2,0,0,0,[],{}
1,380,54,Z2xZ2,Z2xZ2,0,0,0,[],{}
1,380,95,Z2xZ2,Z2,0,0,0,[],{}
1,380,125,Z2xZ2,Z2xZ2,0,0,0,[],{}
1,380,126,Z2xZ2,Z2xZ2,0,0,0,[],{}
1,380,127,Z2xZ2,Z2xZ2,0,0,0,[],{}
1,380,131,Z2xZ2,Z2xZ2,0,0,0,[],{}
1,380,132,Z2xZ2,Z2xZ2,0,0,0,[],{}
1,380,133,Z2xZ2,Z2xZ2,0,0,0,[],{}
1,380,137,Z2xZ2,Z2xZ2,0,0,0,[],{}
1,380,138,Z2xZ2,Z2xZ2,0,0,0,[],{}
1,380,139,Z2xZ2,Z2xZ2,0,0,0,[],{}
1,380,143,Z2xZ2,Z2,0,0,0,[],{}
1,380,161,Z2xZ2,Z2,0,0,0,[],{}
1,380,179,Z2xZ2,Z2,0,0,0,[],{}
1,380,197,Z2xZ2,Z2,0,0,0,[],{}
1,380,215,Z2xZ2,Z2,0,0,0,[],{}
1,380,350,Z2xZ2,Z2xZ2,54,54,0,[390],{390: 54}
1,380,354,Z2xZ2,Z2,108,108,0,[394],{394: 108}
1,380,360,Z2xZ2,Z2xZ2,54,54,0,[380],{380: 54}
1,380,370,Z2xZ2,Z2xZ2,54,54,0,[400],{400: 54}
1,380,380,Z2xZ2,Z2xZ2,54,54,0,[360],{360: 54}
1,380,390,Z2xZ2,Z2xZ2,54,54,0,[350],{350: 54}
1,380,394,Z2xZ2,Z2,108,108,0,[354],{354: 108}
1,380,400,Z2xZ2,Z2xZ2,54,54,0,[370],{370: 54}
1,380,410,Z2xZ2,Z2xZ2,54,54,0,[420],{420: 54}
1,380,420,Z2xZ2,Z2xZ2,54,54,0,[410],{410: 54}
1,380,430,Z2xZ2,Z2xZ2,54,54,0,[430],{430: 54}
1,380,434,Z2xZ2,Z2,108,108,0,[434],{434: 108}
1,380,440,Z2xZ2,Z2,108,108,0,[500],{500: 108}
1,380,500,Z2xZ2,Z2,108,108,0,[440],{440: 108}
1,380,560,Z2xZ2,Z2,108,108,0,[560],{560: 108}
1,380,980,Z2xZ2,Z2xZ2,0,0,0,[],{}
1,380,982,Z2xZ2,Z2xZ2,0,0,0,[],{}
1,380,984,Z2xZ2,Z2xZ2,0,0,0,[],{}
1,380,986,Z2xZ2,Z2,0,0,0,[],{}
1,380,995,Z2xZ2,Z2,0,0,0,[],{}
1,380,1010,Z2xZ2,Z2,0,0,0,[],{}
1,380,1025,Z2xZ2,Z2,0,0,0,[],{}
1,380,1040,Z2xZ2,Z2,0,0,0,[],{}
1,380,1055,Z2xZ2,Z2xZ2,0,0,0,[],{}
1,380,1057,Z2xZ2,Z2xZ2,0,0,0,[],{}
1,380,1059,Z2xZ2,Z2xZ2,0,0,0,[],{}
1,380,1130,Z2xZ2,Z2xZ2,0,0,0,[],{}
1,380,1132,Z2xZ2,Z2xZ2,0,0,0,[],{}
1,380,1134,Z2xZ2,Z2xZ2,0,0,0,[],{}
1,390,0,Z2xZ2,(Z2)^3,54,54,0,[390],{390: 54}
1,390,1,Z2xZ2,Z2xZ2,0,0,0,[],{}
1,390,2,Z2xZ2,Z2xZ2,0,0,0,[],{}
1,390,4,Z2xZ2,Z2xZ2,108,108,0,[394],{394: 108}
1,390,5,Z2xZ2,Z2xZ2,0,0,0,[],{}
1,390,6,Z2xZ2,Z2xZ2,0,0,0,[],{}
1,390,10,Z2xZ2,Z2xZ2,108,108,0,"[380, 400]","{380: 54, 400: 54}"
1,390,20,Z2xZ2,Z2xZ2,108,108,0,"[360, 420]","{360: 54, 420: 54}"
1,390,30,Z2xZ2,Z2xZ2,108,108,0,"[350, 430]","{350: 54, 430: 54}"
1,390,34,Z2xZ2,Z2,216,216,0,"[354, 434]","{354: 108, 434: 108}"
1,390,40,Z2xZ2,Z2xZ2,108,108,0,"[370, 410]","{370: 54, 410: 54}"
1,390,50,Z2xZ2,Z2xZ2,108,108,0,[500],{500: 108}
1,390,52,Z2xZ2,Z2xZ2,0,0,0,[],{}
1,390,54,Z2xZ2,Z2xZ2,0,0,0,[],{}
1,390,95,Z2xZ2,Z2,216,216,0,"[440, 560]","{440: 108, 560: 108}"
1,390,125,Z2xZ2,Z2xZ2,0,0,0,[],{}
1,390,126,Z2xZ2,Z2xZ2,0,0,0,[],{}
1,390,127,Z2xZ2,Z2xZ2,0,0,0,[],{}
1,390,131,Z2xZ2,Z2xZ2,0,0,0,[],{}
1,390,132,Z2xZ2,Z2xZ2,0,0,0,[],{}
1,390,133,Z2xZ2,Z2xZ2,0,0,0,[],{}
1,390,137,Z2xZ2,Z2xZ2,0,0,0,[],{}
1,390,138,Z2xZ2,Z2xZ2,0,0,0,[],{}
1,390,139,Z2xZ2,Z2xZ2,0,0,0,[],{}
1,390,143,Z2xZ2,Z2,0,0,0,[],{}
1,390,161,Z2xZ2,Z2,0,0,0,[],{}
1,390,179,Z2xZ2,Z2,0,0,0,[],{}
1,390,197,Z2xZ2,Z2,0,0,0,[],{}
1,390,215,Z2xZ2,Z2,0,0,0,[],{}
1,390,350,Z2xZ2,Z2xZ2,0,0,0,[],{}
1,390,354,Z2xZ2,Z2,0,0,0,[],{}
1,390,360,Z2xZ2,Z2xZ2,0,0,0,[],{}
1,390,370,Z2xZ2,Z2xZ2,0,0,0,[],{}
1,390,380,Z2xZ2,Z2xZ2,0,0,0,[],{}
1,390,390,Z2xZ2,Z2xZ2,0,0,0,[],{}
1,390,394,Z2xZ2,Z2,0,0,0,[],{}
1,390,400,Z2xZ2,Z2xZ2,0,0,0,[],{}
1,390,410,Z2xZ2,Z2xZ2,0,0,0,[],{}
1,390,420,Z2xZ2,Z2xZ2,0,0,0,[],{}
1,390,430,Z2xZ2,Z2xZ2,0,0,0,[],{}
1,390,434,Z2xZ2,Z2,0,0,0,[],{}
1,390,440,Z2xZ2,Z2,0,0,0,[],{}
1,390,500,Z2xZ2,Z2,0,0,0,[],{}
1,390,560,Z2xZ2,Z2,0,0,0,[],{}
1,390,980,Z2xZ2,Z2xZ2,0,0,0,[],{}
1,390,982,Z2xZ2,Z2xZ2,0,0,0,[],{}
1,390,984,Z2xZ2,Z2xZ2,0,0,0,[],{}
1,390,986,Z2xZ2,Z2,0,0,0,[],{}
1,390,995,Z2xZ2,Z2,0,0,0,[],{}
1,390,1010,Z2xZ2,Z2,0,0,0,[],{}
1,390,1025,Z2xZ2,Z2,0,0,0,[],{}
1,390,1040,Z2xZ2,Z2,0,0,0,[],{}
1,390,1055,Z2xZ2,Z2xZ2,0,0,0,[],{}
1,390,1057,Z2xZ2,Z2xZ2,0,0,0,[],{}
1,390,1059,Z2xZ2,Z2xZ2,0,0,0,[],{}
1,390,1130,Z2xZ2,Z2xZ2,0,0,0,[],{}
1,390,1132,Z2xZ2,Z2xZ2,0,0,0,[],{}
1,390,1134,Z2xZ2,Z2xZ2,0,0,0,[],{}
1,394,0,Z2,(Z2)^3,0,0,0,[],{}
1,394,1,Z2,Z2xZ2,0,0,0,[],{}
1,394,2,Z2,Z2xZ2,0,0,0,[],{}
1,394,4,Z2,Z2xZ2,0,0,0,[],{}
1,394,5,Z2,Z2xZ2,0,0,0,[],{}
1,394,6,Z2,Z2xZ2,0,0,0,[],{}
1,394,10,Z2,Z2xZ2,0,0,0,[],{}
1,394,20,Z2,Z2xZ2,0,0,0,[],{}
1,394,30,Z2,Z2xZ2,0,0,0,[],{}
1,394,34,Z2,Z2,0,0,0,[],{}
1,394,40,Z2,Z2xZ2,0,0,0,[],{}
1,394,50,Z2,Z2xZ2,0,0,0,[],{}
1,394,52,Z2,Z2xZ2,0,0,0,[],{}
1,394,54,Z2,Z2xZ2,0,0,0,[],{}
1,394,95,Z2,Z2,0,0,0,[],{}
1,394,125,Z2,Z2xZ2,108,108,0,[390],{390: 108}
1,394,126,Z2,Z2xZ2,0,0,0,[],{}
1,394,127,Z2,Z2xZ2,0,0,0,[],{}
1,394,131,Z2,Z2xZ2,108,108,0,[394],{394: 108}
1,394,132,Z2,Z2xZ2,0,0,0,[],{}
1,394,133,Z2,Z2xZ2,0,0,0,[],{}
1,394,137,Z2,Z2xZ2,108,108,0,[394],{394: 108}
1,394,138,Z2,Z2xZ2,0,0,0,[],{}
1,394,139,Z2,Z2xZ2,0,0,0,[],{}
1,394,143,Z2,Z2,216,216,0,"[380, 400]","{380: 108, 400: 108}"
1,394,161,Z2,Z2,216,216,0,"[360, 420]","{360: 108, 420: 108}"
1,394,179,Z2,Z2,216,216,0,"[350, 430]","{350: 108, 430: 108}"
1,394,197,Z2,Z2,216,216,0,"[370, 410]","{370: 108, 410: 108}"
1,394,215,Z2,Z2,216,216,0,[500],{500: 216}
1,394,350,Z2,Z2xZ2,0,0,0,[],{}
1,394,354,Z2,Z2,0,0,0,[],{}
1,394,360,Z2,Z2xZ2,0,0,0,[],{}
1,394,370,Z2,Z2xZ2,0,0,0,[],{}
1,394,380,Z2,Z2xZ2,0,0,0,[],{}
1,394,390,Z2,Z2xZ2,0,0,0,[],{}
1,394,394,Z2,Z2,0,0,0,[],{}
1,394,400,Z2,Z2xZ2,0,0,0,[],{}
1,394,410,Z2,Z2xZ2,0,0,0,[],{}
1,394,420,Z2,Z2xZ2,0,0,0,[],{}
1,394,430,Z2,Z2xZ2,0,0,0,[],{}
1,394,434,Z2,Z2,0,0,0,[],{}
1,394,440,Z2,Z2,0,0,0,[],{}
1,394,500,Z2,Z2,0,0,0,[],{}
1,394,560,Z2,Z2,0,0,0,[],{}
1,394,980,Z2,Z2xZ2,0,0,0,[],{}
1,394,982,Z2,Z2xZ2,0,0,0,[],{}
1,394,984,Z2,Z2xZ2,0,0,0,[],{}
1,394,986,Z2,Z2,0,0,0,[],{}
1,394,995,Z2,Z2,0,0,0,[],{}
1,394,1010,Z2,Z2,0,0,0,[],{}
1,394,1025,Z2,Z2,0,0,0,[],{}
1,394,1040,Z2,Z2,0,0,0,[],{}
1,394,1055,Z2,Z2xZ2,0,0,0,[],{}
1,394,1057,Z2,Z2xZ2,0,0,0,[],{}
1,394,1059,Z2,Z2xZ2,0,0,0,[],{}
1,394,1130,Z2,Z2xZ2,0,0,0,[],{}
1,394,1132,Z2,Z2xZ2,0,0,0,[],{}
1,394,1134,Z2,Z2xZ2,0,0,0,[],{}
1,400,0,Z2xZ2,(Z2)^3,0,0,0,[],{}
1,400,1,Z2xZ2,Z2xZ2,0,0,0,[],{}
1,400,2,Z2xZ2,Z2xZ2,0,0,0,[],{}
1,400,4,Z2xZ2,Z2xZ2,0,0,0,[],{}
1,400,5,Z2xZ2,Z2xZ2,0,0,0,[],{}
1,400,6,Z2xZ2,Z2xZ2,0,0,0,[],{}
1,400,10,Z2xZ2,Z2xZ2,0,0,0,[],{}
1,400,20,Z2xZ2,Z2xZ2,0,0,0,[],{}
1,400,30,Z2xZ2,Z2xZ2,0,0,0,[],{}
1,400,34,Z2xZ2,Z2,0,0,0,[],{}
1,400,40,Z2xZ2,Z2xZ2,0,0,0,[],{}
1,400,50,Z2xZ2,Z2xZ2,0,0,0,[],{}
1,400,52,Z2xZ2,Z2xZ2,0,0,0,[],{}
1,400,54,Z2xZ2,Z2xZ2,0,0,0,[],{}
1,400,95,Z2xZ2,Z2,0,0,0,[],{}
1,400,125,Z2xZ2,Z2xZ2,0,0,0,[],{}
1,400,126,Z2xZ2,Z2xZ2,0,0,0,[],{}
1,400,127,Z2xZ2,Z2xZ2,0,0,0,[],{}
1,400,131,Z2xZ2,Z2xZ2,0,0,0,[],{}
1,400,132,Z2xZ2,Z2xZ2,0,0,0,[],{}
1,400,133,Z2xZ2,Z2xZ2,0,0,0,[],{}
1,400,137,Z2xZ2,Z2xZ2,0,0,0,[],{}
1,400,138,Z2xZ2,Z2xZ2,0,0,0,[],{}
1,400,139,Z2xZ2,Z2xZ2,0,0,0,[],{}
1,400,143,Z2xZ2,Z2,0,0,0,[],{}
1,400,161,Z2xZ2,Z2,0,0,0,[],{}
1,400,179,Z2xZ2,Z2,0,0,0,[],{}
1,400,197,Z2xZ2,Z2,0,0,0,[],{}
1,400,215,Z2xZ2,Z2,0,0,0,[],{}
1,400,350,Z2xZ2,Z2xZ2,54,54,0,[390],{390: 54}
1,400,354,Z2xZ2,Z2,108,108,0,[394],{394: 108}
1,400,360,Z2xZ2,Z2xZ2,54,54,0,[400],{400: 54}
1,400,370,Z2xZ2,Z2xZ2,54,54,0,[380],{380: 54}
1,400,380,Z2xZ2,Z2xZ2,54,54,0,[420],{420: 54}
1,400,390,Z2xZ2,Z2xZ2,54,54,0,[430],{430: 54}
1,400,394,Z2xZ2,Z2,108,108,0,[434],{434: 108}
1,400,400,Z2xZ2,Z2xZ2,54,54,0,[410],{410: 54}
1,400,410,Z2xZ2,Z2xZ2,54,54,0,[360],{360: 54}
1,400,420,Z2xZ2,Z2xZ2,54,54,0,[370],{370: 54}
1,400,430,Z2xZ2,Z2xZ2,54,54,0,[350],{350: 54}
1,400,434,Z2xZ2,Z2,108,108,0,[354],{354: 108}
1,400,440,Z2xZ2,Z2,108,108,0,[500],{500: 108}
1,400,500,Z2xZ2,Z2,108,108,0,[560],{560: 108}
1,400,560,Z2xZ2,Z2,108,108,0,[440],{440: 108}
1,400,980,Z2xZ2,Z2xZ2,0,0,0,[],{}
1,400,982,Z2xZ2,Z2xZ2,0,0,0,[],{}
1,400,984,Z2xZ2,Z2xZ2,0,0,0,[],{}
1,400,986,Z2xZ2,Z2,0,0,0,[],{}
1,400,995,Z2xZ2,Z2,0,0,0,[],{}
1,400,1010,Z2xZ2,Z2,0,0,0,[],{}
1,400,1025,Z2xZ2,Z2,0,0,0,[],{}
1,400,1040,Z2xZ2,Z2,0,0,0,[],{}
1,400,1055,Z2xZ2,Z2xZ2,0,0,0,[],{}
1,400,1057,Z2xZ2,Z2xZ2,0,0,0,[],{}
1,400,1059,Z2xZ2,Z2xZ2,0,0,0,[],{}
1,400,1130,Z2xZ2,Z2xZ2,0,0,0,[],{}
1,400,1132,Z2xZ2,Z2xZ2,0,0,0,[],{}
1,400,1134,Z2xZ2,Z2xZ2,0,0,0,[],{}
1,410,0,Z2xZ2,(Z2)^3,0,0,0,[],{}
1,410,1,Z2xZ2,Z2xZ2,0,0,0,[],{}
1,410,2,Z2xZ2,Z2xZ2,0,0,0,[],{}
1,410,4,Z2xZ2,Z2xZ2,0,0,0,[],{}
1,410,5,Z2xZ2,Z2xZ2,0,0,0,[],{}
1,410,6,Z2xZ2,Z2xZ2,0,0,0,[],{}
1,410,10,Z2xZ2,Z2xZ2,0,0,0,[],{}
1,410,20,Z2xZ2,Z2xZ2,0,0,0,[],{}
1,410,30,Z2xZ2,Z2xZ2,0,0,0,[],{}
1,410,34,Z2xZ2,Z2,0,0,0,[],{}
1,410,40,Z2xZ2,Z2xZ2,0,0,0,[],{}
1,410,50,Z2xZ2,Z2xZ2,0,0,0,[],{}
1,410,52,Z2xZ2,Z2xZ2,0,0,0,[],{}
1,410,54,Z2xZ2,Z2xZ2,0,0,0,[],{}
1,410,95,Z2xZ2,Z2,0,0,0,[],{}
1,410,125,Z2xZ2,Z2xZ2,0,0,0,[],{}
1,410,126,Z2xZ2,Z2xZ2,0,0,0,[],{}
1,410,127,Z2xZ2,Z2xZ2,0,0,0,[],{}
1,410,131,Z2xZ2,Z2xZ2,0,0,0,[],{}
1,410,132,Z2xZ2,Z2xZ2,0,0,0,[],{}
1,410,133,Z2xZ2,Z2xZ2,0,0,0,[],{}
1,410,137,Z2xZ2,Z2xZ2,0,0,0,[],{}
1,410,138,Z2xZ2,Z2xZ2,0,0,0,[],{}
1,410,139,Z2xZ2,Z2xZ2,0,0,0,[],{}
1,410,143,Z2xZ2,Z2,0,0,0,[],{}
1,410,161,Z2xZ2,Z2,0,0,0,[],{}
1,410,179,Z2xZ2,Z2,0,0,0,[],{}
1,410,197,Z2xZ2,Z2,0,0,0,[],{}
1,410,215,Z2xZ2,Z2,0,0,0,[],{}
1,410,350,Z2xZ2,Z2xZ2,54,54,0,[430],{430: 54}
1,410,354,Z2xZ2,Z2,108,108,0,[434],{434: 108}
1,410,360,Z2xZ2,Z2xZ2,54,54,0,[410],{410: 54}
1,410,370,Z2xZ2,Z2xZ2,54,54,0,[420],{420: 54}
1,410,380,Z2xZ2,Z2xZ2,54,54,0,[370],{370: 54}
1,410,390,Z2xZ2,Z2xZ2,54,54,0,[350],{350: 54}
1,410,394,Z2xZ2,Z2,108,108,0,[354],{354: 108}
1,410,400,Z2xZ2,Z2xZ2,54,54,0,[360],{360: 54}
1,410,410,Z2xZ2,Z2xZ2,54,54,0,[400],{400: 54}
1,410,420,Z2xZ2,Z2xZ2,54,54,0,[380],{380: 54}
1,410,430,Z2xZ2,Z2xZ2,54,54,0,[390],{390: 54}
1,410,434,Z2xZ2,Z2,108,108,0,[394],{394: 108}
1,410,440,Z2xZ2,Z2,108,108,0,[560],{560: 108}
1,410,500,Z2xZ2,Z2,108,108,0,[440],{440: 108}
1,410,560,Z2xZ2,Z2,108,108,0,[500],{500: 108}
1,410,980,Z2xZ2,Z2xZ2,0,0,0,[],{}
1,410,982,Z2xZ2,Z2xZ2,0,0,0,[],{}
1,410,984,Z2xZ2,Z2xZ2,0,0,0,[],{}
1,410,986,Z2xZ2,Z2,0,0,0,[],{}
1,410,995,Z2xZ2,Z2,0,0,0,[],{}
1,410,1010,Z2xZ2,Z2,0,0,0,[],{}
1,410,1025,Z2xZ2,Z2,0,0,0,[],{}
1,410,1040,Z2xZ2,Z2,0,0,0,[],{}
1,410,1055,Z2xZ2,Z2xZ2,0,0,0,[],{}
1,410,1057,Z2xZ2,Z2xZ2,0,0,0,[],{}
1,410,1059,Z2xZ2,Z2xZ2,0,0,0,[],{}
1,410,1130,Z2xZ2,Z2xZ2,0,0,0,[],{}
1,410,1132,Z2xZ2,Z2xZ2,0,0,0,[],{}
1,410,1134,Z2xZ2,Z2xZ2,0,0,0,[],{}
1,420,0,Z2xZ2,(Z2)^3,0,0,0,[],{}
1,420,1,Z2xZ2,Z2xZ2,0,0,0,[],{}
1,420,2,Z2xZ2,Z2xZ2,0,0,0,[],{}
1,420,4,Z2xZ2,Z2xZ2,0,0,0,[],{}
1,420,5,Z2xZ2,Z2xZ2,0,0,0,[],{}
1,420,6,Z2xZ2,Z2xZ2,0,0,0,[],{}
1,420,10,Z2xZ2,Z2xZ2,0,0,0,[],{}
1,420,20,Z2xZ2,Z2xZ2,0,0,0,[],{}
1,420,30,Z2xZ2,Z2xZ2,0,0,0,[],{}
1,420,34,Z2xZ2,Z2,0,0,0,[],{}
1,420,40,Z2xZ2,Z2xZ2,0,0,0,[],{}
1,420,50,Z2xZ2,Z2xZ2,0,0,0,[],{}
1,420,52,Z2xZ2,Z2xZ2,0,0,0,[],{}
1,420,54,Z2xZ2,Z2xZ2,0,0,0,[],{}
1,420,95,Z2xZ2,Z2,0,0,0,[],{}
1,420,125,Z2xZ2,Z2xZ2,0,0,0,[],{}
1,420,126,Z2xZ2,Z2xZ2,0,0,0,[],{}
1,420,127,Z2xZ2,Z2xZ2,0,0,0,[],{}
1,420,131,Z2xZ2,Z2xZ2,0,0,0,[],{}
1,420,132,Z2xZ2,Z2xZ2,0,0,0,[],{}
1,420,133,Z2xZ2,Z2xZ2,0,0,0,[],{}
1,420,137,Z2xZ2,Z2xZ2,0,0,0,[],{}
1,420,138,Z2xZ2,Z2xZ2,0,0,0,[],{}
1,420,139,Z2xZ2,Z2xZ2,0,0,0,[],{}
1,420,143,Z2xZ2,Z2,0,0,0,[],{}
1,420,161,Z2xZ2,Z2,0,0,0,[],{}
1,420,179,Z2xZ2,Z2,0,0,0,[],{}
1,420,197,Z2xZ2,Z2,0,0,0,[],{}
1,420,215,Z2xZ2,Z2,0,0,0,[],{}
1,420,350,Z2xZ2,Z2xZ2,54,54,0,[430],{430: 54}
1,420,354,Z2xZ2,Z2,108,108,0,[434],{434: 108}
1,420,360,Z2xZ2,Z2xZ2,54,54,0,[420],{420: 54}
1,420,370,Z2xZ2,Z2xZ2,54,54,0,[410],{410: 54}
1,420,380,Z2xZ2,Z2xZ2,54,54,0,[400],{400: 54}
1,420,390,Z2xZ2,Z2xZ2,54,54,0,[390],{390: 54}
1,420,394,Z2xZ2,Z2,108,108,0,[394],{394: 108}
1,420,400,Z2xZ2,Z2xZ2,54,54,0,[380],{380: 54}
1,420,410,Z2xZ2,Z2xZ2,54,54,0,[370],{370: 54}
1,420,420,Z2xZ2,Z2xZ2,54,54,0,[360],{360: 54}
1,420,430,Z2xZ2,Z2xZ2,54,54,0,[350],{350: 54}
1,420,434,Z2xZ2,Z2,108,108,0,[354],{354: 108}
1,420,440,Z2xZ2,Z2,108,108,0,[560],{560: 108}
1,420,500,Z2xZ2,Z2,108,108,0,[500],{500: 108}
1,420,560,Z2xZ2,Z2,108,108,0,[440],{440: 108}
1,420,980,Z2xZ2,Z2xZ2,0,0,0,[],{}
1,420,982,Z2xZ2,Z2xZ2,0,0,0,[],{}
1,420,984,Z2xZ2,Z2xZ2,0,0,0,[],{}
1,420,986,Z2xZ2,Z2,0,0,0,[],{}
1,420,995,Z2xZ2,Z2,0,0,0,[],{}
1,420,1010,Z2xZ2,Z2,0,0,0,[],{}
1,420,1025,Z2xZ2,Z2,0,0,0,[],{}
1,420,1040,Z2xZ2,Z2,0,0,0,[],{}
1,420,1055,Z2xZ2,Z2xZ2,0,0,0,[],{}
1,420,1057,Z2xZ2,Z2xZ2,0,0,0,[],{}
1,420,1059,Z2xZ2,Z2xZ2,0,0,0,[],{}
1,420,1130,Z2xZ2,Z2xZ2,0,0,0,[],{}
1,420,1132,Z2xZ2,Z2xZ2,0,0,0,[],{}
1,420,1134,Z2xZ2,Z2xZ2,0,0,0,[],{}
1,430,0,Z2xZ2,(Z2)^3,54,54,0,[430],{430: 54}
1,430,1,Z2xZ2,Z2xZ2,0,0,0,[],{}
1,430,2,Z2xZ2,Z2xZ2,0,0,0,[],{}
1,430,4,Z2xZ2,Z2xZ2,108,108,0,[434],{434: 108}
1,430,5,Z2xZ2,Z2xZ2,0,0,0,[],{}
1,430,6,Z2xZ2,Z2xZ2,0,0,0,[],{}
1,430,10,Z2xZ2,Z2xZ2,108,108,0,"[410, 420]","{410: 54, 420: 54}"
1,430,20,Z2xZ2,Z2xZ2,108,108,0,"[370, 400]","{370: 54, 400: 54}"
1,430,30,Z2xZ2,Z2xZ2,108,108,0,"[350, 390]","{350: 54, 390: 54}"
1,430,34,Z2xZ2,Z2,216,216,0,"[354, 394]","{354: 108, 394: 108}"
1,430,40,Z2xZ2,Z2xZ2,108,108,0,"[360, 380]","{360: 54, 380: 54}"
1,430,50,Z2xZ2,Z2xZ2,108,108,0,[560],{560: 108}
1,430,52,Z2xZ2,Z2xZ2,0,0,0,[],{}
1,430,54,Z2xZ2,Z2xZ2,0,0,0,[],{}
1,430,95,Z2xZ2,Z2,216,216,0,"[440, 500]","{440: 108, 500: 108}"
1,430,125,Z2xZ2,Z2xZ2,0,0,0,[],{}
1,430,126,Z2xZ2,Z2xZ2,0,0,0,[],{}
1,430,127,Z2xZ2,Z2xZ2,0,0,0,[],{}
1,430,131,Z2xZ2,Z2xZ2,0,0,0,[],{}
1,430,132,Z2xZ2,Z2xZ2,0,0,0,[],{}
1,430,133,Z2xZ2,Z2xZ2,0,0,0,[],{}
1,430,137,Z2xZ2,Z2xZ2,0,0,0,[],{}
1,430,138,Z2xZ2,Z2xZ2,0,0,0,[],{}
1,430,139,Z2xZ2,Z2xZ2,0,0,0,[],{}
1,430,143,Z2xZ2,Z2,0,0,0,[],{}
1,430,161,Z2xZ2,Z2,0,0,0,[],{}
1,430,179,Z2xZ2,Z2,0,0,0,[],{}
1,430,197,Z2xZ2,Z2,0,0,0,[],{}
1,430,215,Z2xZ2,Z2,0,0,0,[],{}
1,430,350,Z2xZ2,Z2xZ2,0,0,0,[],{}
1,430,354,Z2xZ2,Z2,0,0,0,[],{}
1,430,360,Z2xZ2,Z2xZ2,0,0,0,[],{}
1,430,370,Z2xZ2,Z2xZ2,0,0,0,[],{}
1,430,380,Z2xZ2,Z2xZ2,0,0,0,[],{}
1,430,390,Z2xZ2,Z2xZ2,0,0,0,[],{}
1,430,394,Z2xZ2,Z2,0,0,0,[],{}
1,430,400,Z2xZ2,Z2xZ2,0,0,0,[],{}
1,430,410,Z2xZ2,Z2xZ2,0,0,0,[],{}
1,430,420,Z2xZ2,Z2xZ2,0,0,0,[],{}
1,430,430,Z2xZ2,Z2xZ2,0,0,0,[],{}
1,430,434,Z2xZ2,Z2,0,0,0,[],{}
1,430,440,Z2xZ2,Z2,0,0,0,[],{}
1,430,500,Z2xZ2,Z2,0,0,0,[],{}
1,430,560,Z2xZ2,Z2,0,0,0,[],{}
1,430,980,Z2xZ2,Z2xZ2,0,0,0,[],{}
1,430,982,Z2xZ2,Z2xZ2,0,0,0,[],{}
1,430,984,Z2xZ2,Z2xZ2,0,0,0,[],{}
1,430,986,Z2xZ2,Z2,0,0,0,[],{}
1,430,995,Z2xZ2,Z2,0,0,0,[],{}
1,430,1010,Z2xZ2,Z2,0,0,0,[],{}
1,430,1025,Z2xZ2,Z2,0,0,0,[],{}
1,430,1040,Z2xZ2,Z2,0,0,0,[],{}
1,430,1055,Z2xZ2,Z2xZ2,0,0,0,[],{}
1,430,1057,Z2xZ2,Z2xZ2,0,0,0,[],{}
1,430,1059,Z2xZ2,Z2xZ2,0,0,0,[],{}
1,430,1130,Z2xZ2,Z2xZ2,0,0,0,[],{}
1,430,1132,Z2xZ2,Z2xZ2,0,0,0,[],{}
1,430,1134,Z2xZ2,Z2xZ2,0,0,0,[],{}
1,434,0,Z2,(Z2)^3,0,0,0,[],{}
1,434,1,Z2,Z2xZ2,0,0,0,[],{}
1,434,2,Z2,Z2xZ2,0,0,0,[],{}
1,434,4,Z2,Z2xZ2,0,0,0,[],{}
1,434,5,Z2,Z2xZ2,0,0,0,[],{}
1,434,6,Z2,Z2xZ2,0,0,0,[],{}
1,434,10,Z2,Z2xZ2,0,0,0,[],{}
1,434,20,Z2,Z2xZ2,0,0,0,[],{}
1,434,30,Z2,Z2xZ2,0,0,0,[],{}
1,434,34,Z2,Z2,0,0,0,[],{}
1,434,40,Z2,Z2xZ2,0,0,0,[],{}
1,434,50,Z2,Z2xZ2,0,0,0,[],{}
1,434,52,Z2,Z2xZ2,0,0,0,[],{}
1,434,54,Z2,Z2xZ2,0,0,0,[],{}
1,434,95,Z2,Z2,0,0,0,[],{}
1,434,125,Z2,Z2xZ2,108,108,0,[430],{430: 108}
1,434,126,Z2,Z2xZ2,0,0,0,[],{}
1,434,127,Z2,Z2xZ2,0,0,0,[],{}
1,434,131,Z2,Z2xZ2,108,108,0,[434],{434: 108}
1,434,132,Z2,Z2xZ2,0,0,0,[],{}
1,434,133,Z2,Z2xZ2,0,0,0,[],{}
1,434,137,Z2,Z2xZ2,108,108,0,[434],{434: 108}
1,434,138,Z2,Z2xZ2,0,0,0,[],{}
1,434,139,Z2,Z2xZ2,0,0,0,[],{}
1,434,143,Z2,Z2,216,216,0,"[410, 420]","{410: 108, 420: 108}"
1,434,161,Z2,Z2,216,216,0,"[370, 400]","{370: 108, 400: 108}"
1,434,179,Z2,Z2,216,216,0,"[350, 390]","{350: 108, 390: 108}"
1,434,197,Z2,Z2,216,216,0,"[360, 380]","{360: 108, 380: 108}"
1,434,215,Z2,Z2,216,216,0,[560],{560: 216}
1,434,350,Z2,Z2xZ2,0,0,0,[],{}
1,434,354,Z2,Z2,0,0,0,[],{}
1,434,360,Z2,Z2xZ2,0,0,0,[],{}
1,434,370,Z2,Z2xZ2,0,0,0,[],{}
1,434,380,Z2,Z2xZ2,0,0,0,[],{}
1,434,390,Z2,Z2xZ2,0,0,0,[],{}
1,434,394,Z2,Z2,0,0,0,[],{}
1,434,400,Z2,Z2xZ2,0,0,0,[],{}
1,434,410,Z2,Z2xZ2,0,0,0,[],{}
1,434,420,Z2,Z2xZ2,0,0,0,[],{}
1,434,430,Z2,Z2xZ2,0,0,0,[],{}
1,434,434,Z2,Z2,0,0,0,[],{}
1,434,440,Z2,Z2,0,0,0,[],{}
1,434,500,Z2,Z2,0,0,0,[],{}
1,434,560,Z2,Z2,0,0,0,[],{}
1,434,980,Z2,Z2xZ2,0,0,0,[],{}
1,434,982,Z2,Z2xZ2,0,0,0,[],{}
1,434,984,Z2,Z2xZ2,0,0,0,[],{}
1,434,986,Z2,Z2,0,0,0,[],{}
1,434,995,Z2,Z2,0,0,0,[],{}
1,434,1010,Z2,Z2,0,0,0,[],{}
1,434,1025,Z2,Z2,0,0,0,[],{}
1,434,1040,Z2,Z2,0,0,0,[],{}
1,434,1055,Z2,Z2xZ2,0,0,0,[],{}
1,434,1057,Z2,Z2xZ2,0,0,0,[],{}
1,434,1059,Z2,Z2xZ2,0,0,0,[],{}
1,434,1130,Z2,Z2xZ2,0,0,0,[],{}
1,434,1132,Z2,Z2xZ2,0,0,0,[],{}
1,434,1134,Z2,Z2xZ2,0,0,0,[],{}
1,440,0,Z2,(Z2)^3,0,0,0,[],{}
1,440,1,Z2,Z2xZ2,0,0,0,[],{}
1,440,2,Z2,Z2xZ2,0,0,0,[],{}
1,440,4,Z2,Z2xZ2,0,0,0,[],{}
1,440,5,Z2,Z2xZ2,0,0,0,[],{}
1,440,6,Z2,Z2xZ2,0,0,0,[],{}
1,440,10,Z2,Z2xZ2,0,0,0,[],{}
1,440,20,Z2,Z2xZ2,0,0,0,[],{}
1,440,30,Z2,Z2xZ2,0,0,0,[],{}
1,440,34,Z2,Z2,0,0,0,[],{}
1,440,40,Z2,Z2xZ2,0,0,0,[],{}
1,440,50,Z2,Z2xZ2,0,0,0,[],{}
1,440,52,Z2,Z2xZ2,0,0,0,[],{}
1,440,54,Z2,Z2xZ2,0,0,0,[],{}
1,440,95,Z2,Z2,0,0,0,[],{}
1,440,125,Z2,Z2xZ2,0,0,0,[],{}
1,440,126,Z2,Z2xZ2,0,0,0,[],{}
1,440,127,Z2,Z2xZ2,0,0,0,[],{}
1,440,131,Z2,Z2xZ2,0,0,0,[],{}
1,440,132,Z2,Z2xZ2,0,0,0,[],{}
1,440,133,Z2,Z2xZ2,0,0,0,[],{}
1,440,137,Z2,Z2xZ2,0,0,0,[],{}
1,440,138,Z2,Z2xZ2,0,0,0,[],{}
1,440,139,Z2,Z2xZ2,0,0,0,[],{}
1,440,143,Z2,Z2,0,0,0,[],{}
1,440,161,Z2,Z2,0,0,0,[],{}
1,440,179,Z2,Z2,0,0,0,[],{}
1,440,197,Z2,Z2,0,0,0,[],{}
1,440,215,Z2,Z2,0,0,0,[],{}
1,440,350,Z2,Z2xZ2,0,0,0,[],{}
1,440,354,Z2,Z2,0,0,0,[],{}
1,440,360,Z2,Z2xZ2,0,0,0,[],{}
1,440,370,Z2,Z2xZ2,0,0,0,[],{}
1,440,380,Z2,Z2xZ2,0,0,0,[],{}
1,440,390,Z2,Z2xZ2,0,0,0,[],{}
1,440,394,Z2,Z2,0,0,0,[],{}
1,440,400,Z2,Z2xZ2,0,0,0,[],{}
1,440,410,Z2,Z2xZ2,0,0,0,[],{}
1,440,420,Z2,Z2xZ2,0,0,0,[],{}
1,440,430,Z2,Z2xZ2,0,0,0,[],{}
1,440,434,Z2,Z2,0,0,0,[],{}
1,440,440,Z2,Z2,0,0,0,[],{}
1,440,500,Z2,Z2,0,0,0,[],{}
1,440,560,Z2,Z2,0,0,0,[],{}
1,440,980,Z2,Z2xZ2,108,108,0,[350],{350: 108}
1,440,982,Z2,Z2xZ2,0,0,0,[],{}
1,440,984,Z2,Z2xZ2,0,0,0,[],{}
1,440,986,Z2,Z2,216,216,0,[354],{354: 216}
1,440,995,Z2,Z2,216,216,0,"[360, 370]","{360: 108, 370: 108}"
1,440,1010,Z2,Z2,216,216,0,"[380, 410]","{380: 108, 410: 108}"
1,440,1025,Z2,Z2,216,216,0,"[390, 430]","{390: 108, 430: 108}"
1,440,1040,Z2,Z2,216,216,0,"[400, 420]","{400: 108, 420: 108}"
1,440,1055,Z2,Z2xZ2,108,108,0,[440],{440: 108}
1,440,1057,Z2,Z2xZ2,0,0,0,[],{}
1,440,1059,Z2,Z2xZ2,0,0,0,[],{}
1,440,1130,Z2,Z2xZ2,108,108,0,[440],{440: 108}
1,440,1132,Z2,Z2xZ2,0,0,0,[],{}
1,440,1134,Z2,Z2xZ2,0,0,0,[],{}
1,500,0,Z2,(Z2)^3,0,0,0,[],{}
1,500,1,Z2,Z2xZ2,0,0,0,[],{}
1,500,2,Z2,Z2xZ2,0,0,0,[],{}
1,500,4,Z2,Z2xZ2,0,0,0,[],{}
1,500,5,Z2,Z2xZ2,0,0,0,[],{}
1,500,6,Z2,Z2xZ2,0,0,0,[],{}
1,500,10,Z2,Z2xZ2,0,0,0,[],{}
1,500,20,Z2,Z2xZ2,0,0,0,[],{}
1,500,30,Z2,Z2xZ2,0,0,0,[],{}
1,500,34,Z2,Z2,0,0,0,[],{}
1,500,40,Z2,Z2xZ2,0,0,0,[],{}
1,500,50,Z2,Z2xZ2,0,0,0,[],{}
1,500,52,Z2,Z2xZ2,0,0,0,[],{}
1,500,54,Z2,Z2xZ2,0,0,0,[],{}
1,500,95,Z2,Z2,0,0,0,[],{}
1,500,125,Z2,Z2xZ2,0,0,0,[],{}
1,500,126,Z2,Z2xZ2,0,0,0,[],{}
1,500,127,Z2,Z2xZ2,0,0,0,[],{}
1,500,131,Z2,Z2xZ2,0,0,0,[],{}
1,500,132,Z2,Z2xZ2,0,0,0,[],{}
1,500,133,Z2,Z2xZ2,0,0,0,[],{}
1,500,137,Z2,Z2xZ2,0,0,0,[],{}
1,500,138,Z2,Z2xZ2,0,0,0,[],{}
1,500,139,Z2,Z2xZ2,0,0,0,[],{}
1,500,143,Z2,Z2,0,0,0,[],{}
1,500,161,Z2,Z2,0,0,0,[],{}
1,500,179,Z2,Z2,0,0,0,[],{}
1,500,197,Z2,Z2,0,0,0,[],{}
1,500,215,Z2,Z2,0,0,0,[],{}
1,500,350,Z2,Z2xZ2,0,0,0,[],{}
1,500,354,Z2,Z2,0,0,0,[],{}
1,500,360,Z2,Z2xZ2,0,0,0,[],{}
1,500,370,Z2,Z2xZ2,0,0,0,[],{}
1,500,380,Z2,Z2xZ2,0,0,0,[],{}
1,500,390,Z2,Z2xZ2,0,0,0,[],{}
1,500,394,Z2,Z2,0,0,0,[],{}
1,500,400,Z2,Z2xZ2,0,0,0,[],{}
1,500,410,Z2,Z2xZ2,0,0,0,[],{}
1,500,420,Z2,Z2xZ2,0,0,0,[],{}
1,500,430,Z2,Z2xZ2,0,0,0,[],{}
1,500,434,Z2,Z2,0,0,0,[],{}
1,500,440,Z2,Z2,0,0,0,[],{}
1,500,500,Z2,Z2,0,0,0,[],{}
1,500,560,Z2,Z2,0,0,0,[],{}
1,500,980,Z2,Z2xZ2,108,108,0,[390],{390: 108}
1,500,982,Z2,Z2xZ2,0,0,0,[],{}
1,500,984,Z2,Z2xZ2,0,0,0,[],{}
1,500,986,Z2,Z2,216,216,0,[394],{394: 216}
1,500,995,Z2,Z2,216,216,0,"[380, 400]","{380: 108, 400: 108}"
1,500,1010,Z2,Z2,216,216,0,"[360, 420]","{360: 108, 420: 108}"
1,500,1025,Z2,Z2,216,216,0,"[350, 430]","{350: 108, 430: 108}"
1,500,1040,Z2,Z2,216,216,0,"[370, 410]","{370: 108, 410: 108}"
1,500,1055,Z2,Z2xZ2,108,108,0,[500],{500: 108}
1,500,1057,Z2,Z2xZ2,0,0,0,[],{}
1,500,1059,Z2,Z2xZ2,0,0,0,[],{}
1,500,1130,Z2,Z2xZ2,108,108,0,[500],{500: 108}
1,500,1132,Z2,Z2xZ2,0,0,0,[],{}
1,500,1134,Z2,Z2xZ2,0,0,0,[],{}
1,560,0,Z2,(Z2)^3,0,0,0,[],{}
1,560,1,Z2,Z2xZ2,0,0,0,[],{}
1,560,2,Z2,Z2xZ2,0,0,0,[],{}
1,560,4,Z2,Z2xZ2,0,0,0,[],{}
1,560,5,Z2,Z2xZ2,0,0,0,[],{}
1,560,6,Z2,Z2xZ2,0,0,0,[],{}
1,560,10,Z2,Z2xZ2,0,0,0,[],{}
1,560,20,Z2,Z2xZ2,0,0,0,[],{}
1,560,30,Z2,Z2xZ2,0,0,0,[],{}
1,560,34,Z2,Z2,0,0,0,[],{}
1,560,40,Z2,Z2xZ2,0,0,0,[],{}
1,560,50,Z2,Z2xZ2,0,0,0,[],{}
1,560,52,Z2,Z2xZ2,0,0,0,[],{}
1,560,54,Z2,Z2xZ2,0,0,0,[],{}
1,560,95,Z2,Z2,0,0,0,[],{}
1,560,125,Z2,Z2xZ2,0,0,0,[],{}
1,560,126,Z2,Z2xZ2,0,0,0,[],{}
1,560,127,Z2,Z2xZ2,0,0,0,[],{}
1,560,131,Z2,Z2xZ2,0,0,0,[],{}
1,560,132,Z2,Z2xZ2,0,0,0,[],{}
1,560,133,Z2,Z2xZ2,0,0,0,[],{}
1,560,137,Z2,Z2xZ2,0,0,0,[],{}
1,560,138,Z2,Z2xZ2,0,0,0,[],{}
1,560,139,Z2,Z2xZ2,0,0,0,[],{}
1,560,143,Z2,Z2,0,0,0,[],{}
1,560,161,Z2,Z2,0,0,0,[],{}
1,560,179,Z2,Z2,0,0,0,[],{}
1,560,197,Z2,Z2,0,0,0,[],{}
1,560,215,Z2,Z2,0,0,0,[],{}
1,560,350,Z2,Z2xZ2,0,0,0,[],{}
1,560,354,Z2,Z2,0,0,0,[],{}
1,560,360,Z2,Z2xZ2,0,0,0,[],{}
1,560,370,Z2,Z2xZ2,0,0,0,[],{}
1,560,380,Z2,Z2xZ2,0,0,0,[],{}
1,560,390,Z2,Z2xZ2,0,0,0,[],{}
1,560,394,Z2,Z2,0,0,0,[],{}
1,560,400,Z2,Z2xZ2,0,0,0,[],{}
1,560,410,Z2,Z2xZ2,0,0,0,[],{}
1,560,420,Z2,Z2xZ2,0,0,0,[],{}
1,560,430,Z2,Z2xZ2,0,0,0,[],{}
1,560,434,Z2,Z2,0,0,0,[],{}
1,560,440,Z2,Z2,0,0,0,[],{}
1,560,500,Z2,Z2,0,0,0,[],{}
1,560,560,Z2,Z2,0,0,0,[],{}
1,560,980,Z2,Z2xZ2,108,108,0,[430],{430: 108}
1,560,982,Z2,Z2xZ2,0,0,0,[],{}
1,560,984,Z2,Z2xZ2,0,0,0,[],{}
1,560,986,Z2,Z2,216,216,0,[434],{434: 216}
1,560,995,Z2,Z2,216,216,0,"[410, 420]","{410: 108, 420: 108}"
1,560,1010,Z2,Z2,216,216,0,"[370, 400]","{370: 108, 400: 108}"
1,560,1025,Z2,Z2,216,216,0,"[350, 390]","{350: 108, 390: 108}"
1,560,1040,Z2,Z2,216,216,0,"[360, 380]","{360: 108, 380: 108}"
1,560,1055,Z2,Z2xZ2,108,108,0,[560],{560: 108}
1,560,1057,Z2,Z2xZ2,0,0,0,[],{}
1,560,1059,Z2,Z2xZ2,0,0,0,[],{}
1,560,1130,Z2,Z2xZ2,108,108,0,[560],{560: 108}
1,560,1132,Z2,Z2xZ2,0,0,0,[],{}
1,560,1134,Z2,Z2xZ2,0,0,0,[],{}
1,980,0,Z2xZ2,(Z2)^3,54,54,0,[980],{980: 54}
1,980,1,Z2xZ2,Z2xZ2,0,0,0,[],{}
1,980,2,Z2xZ2,Z2xZ2,0,0,0,[],{}
1,980,4,Z2xZ2,Z2xZ2,108,108,0,[986],{986: 108}
1,980,5,Z2xZ2,Z2xZ2,0,0,0,[],{}
1,980,6,Z2xZ2,Z2xZ2,0,0,0,[],{}
1,980,10,Z2xZ2,Z2xZ2,108,108,0,[995],{995: 108}
1,980,20,Z2xZ2,Z2xZ2,108,108,0,[1010],{1010: 108}
1,980,30,Z2xZ2,Z2xZ2,108,108,0,[1025],{1025: 108}
1,980,34,Z2xZ2,Z2,216,0,216,[1031],{1031: 216}
1,980,40,Z2xZ2,Z2xZ2,108,108,0,[1040],{1040: 108}
1,980,50,Z2xZ2,Z2xZ2,108,108,0,"[1055, 1130]","{1055: 54, 1130: 54}"
1,980,52,Z2xZ2,Z2xZ2,0,0,0,[],{}
1,980,54,Z2xZ2,Z2xZ2,0,0,0,[],{}
1,980,95,Z2xZ2,Z2,216,0,216,"[1100, 1175]","{1100: 108, 1175: 108}"
1,980,125,Z2xZ2,Z2xZ2,0,0,0,[],{}
1,980,126,Z2xZ2,Z2xZ2,0,0,0,[],{}
1,980,127,Z2xZ2,Z2xZ2,0,0,0,[],{}
1,980,131,Z2xZ2,Z2xZ2,0,0,0,[],{}
1,980,132,Z2xZ2,Z2xZ2,0,0,0,[],{}
1,980,133,Z2xZ2,Z2xZ2,0,0,0,[],{}
1,980,137,Z2xZ2,Z2xZ2,0,0,0,[],{}
1,980,138,Z2xZ2,Z2xZ2,0,0,0,[],{}
1,980,139,Z2xZ2,Z2xZ2,0,0,0,[],{}
1,980,143,Z2xZ2,Z2,0,0,0,[],{}
1,980,161,Z2xZ2,Z2,0,0,0,[],{}
1,980,179,Z2xZ2,Z2,0,0,0,[],{}
1,980,197,Z2xZ2,Z2,0,0,0,[],{}
1,980,215,Z2xZ2,Z2,0,0,0,[],{}
1,980,350,Z2xZ2,Z2xZ2,0,0,0,[],{}
1,980,354,Z2xZ2,Z2,0,0,0,[],{}
1,980,360,Z2xZ2,Z2xZ2,0,0,0,[],{}
1,980,370,Z2xZ2,Z2xZ2,0,0,0,[],{}
1,980,380,Z2xZ2,Z2xZ2,0,0,0,[],{}
1,980,390,Z2xZ2,Z2xZ2,0,0,0,[],{}
1,980,394,Z2xZ2,Z2,0,0,0,[],{}
1,980,400,Z2xZ2,Z2xZ2,0,0,0,[],{}
1,980,410,Z2xZ2,Z2xZ2,0,0,0,[],{}
1,980,420,Z2xZ2,Z2xZ2,0,0,0,[],{}
1,980,430,Z2xZ2,Z2xZ2,0,0,0,[],{}
1,980,434,Z2xZ2,Z2,0,0,0,[],{}
1,980,440,Z2xZ2,Z2,0,0,0,[],{}
1,980,500,Z2xZ2,Z2,0,0,0,[],{}
1,980,560,Z2xZ2,Z2,0,0,0,[],{}
1,980,980,Z2xZ2,Z2xZ2,0,0,0,[],{}
1,980,982,Z2xZ2,Z2xZ2,0,0,0,[],{}
1,980,984,Z2xZ2,Z2xZ2,0,0,0,[],{}
1,980,986,Z2xZ2,Z2,0,0,0,[],{}
1,980,995,Z2xZ2,Z2,0,0,0,[],{}
1,980,1010,Z2xZ2,Z2,0,0,0,[],{}
1,980,1025,Z2xZ2,Z2,0,0,0,[],{}
1,980,1040,Z2xZ2,Z2,0,0,0,[],{}
1,980,1055,Z2xZ2,Z2xZ2,0,0,0,[],{}
1,980,1057,Z2xZ2,Z2xZ2,0,0,0,[],{}
1,980,1059,Z2xZ2,Z2xZ2,0,0,0,[],{}
1,980,1130,Z2xZ2,Z2xZ2,0,0,0,[],{}
1,980,1132,Z2xZ2,Z2xZ2,0,0,0,[],{}
1,980,1134,Z2xZ2,Z2xZ2,0,0,0,[],{}
1,982,0,Z2xZ2,(Z2)^3,0,0,0,[],{}
1,982,1,Z2xZ2,Z2xZ2,0,0,0,[],{}
1,982,2,Z2xZ2,Z2xZ2,54,54,0,[982],{982: 54}
1,982,4,Z2xZ2,Z2xZ2,0,0,0,[],{}
1,982,5,Z2xZ2,Z2xZ2,0,0,0,[],{}
1,982,6,Z2xZ2,Z2xZ2,0,0,0,[],{}
1,982,10,Z2xZ2,Z2xZ2,0,0,0,[],{}
1,982,20,Z2xZ2,Z2xZ2,0,0,0,[],{}
1,982,30,Z2xZ2,Z2xZ2,0,0,0,[],{}
1,982,34,Z2xZ2,Z2,0,0,0,[],{}
1,982,40,Z2xZ2,Z2xZ2,0,0,0,[],{}
1,982,50,Z2xZ2,Z2xZ2,0,0,0,[],{}
1,982,52,Z2xZ2,Z2xZ2,54,54,0,[1057],{1057: 54}
1,982,54,Z2xZ2,Z2xZ2,54,54,0,[1132],{1132: 54}
1,982,95,Z2xZ2,Z2,0,0,0,[],{}
1,982,125,Z2xZ2,Z2xZ2,0,0,0,[],{}
1,982,126,Z2xZ2,Z2xZ2,0,0,0,[],{}
1,982,127,Z2xZ2,Z2xZ2,0,0,0,[],{}
1,982,131,Z2xZ2,Z2xZ2,0,0,0,[],{}
1,982,132,Z2xZ2,Z2xZ2,0,0,0,[],{}
1,982,133,Z2xZ2,Z2xZ2,0,0,0,[],{}
1,982,137,Z2xZ2,Z2xZ2,0,0,0,[],{}
1,982,138,Z2xZ2,Z2xZ2,0,0,0,[],{}
1,982,139,Z2xZ2,Z2xZ2,0,0,0,[],{}
1,982,143,Z2xZ2,Z2,0,0,0,[],{}
1,982,161,Z2xZ2,Z2,0,0,0,[],{}
1,982,179,Z2xZ2,Z2,0,0,0,[],{}
1,982,197,Z2xZ2,Z2,0,0,0,[],{}
1,982,215,Z2xZ2,Z2,0,0,0,[],{}
1,982,350,Z2xZ2,Z2xZ2,0,0,0,[],{}
1,982,354,Z2xZ2,Z2,0,0,0,[],{}
1,982,360,Z2xZ2,Z2xZ2,0,0,0,[],{}
1,982,370,Z2xZ2,Z2xZ2,0,0,0,[],{}
1,982,380,Z2xZ2,Z2xZ2,0,0,0,[],{}
1,982,390,Z2xZ2,Z2xZ2,0,0,0,[],{}
1,982,394,Z2xZ2,Z2,0,0,0,[],{}
1,982,400,Z2xZ2,Z2xZ2,0,0,0,[],{}
1,982,410,Z2xZ2,Z2xZ2,0,0,0,[],{}
1,982,420,Z2xZ2,Z2xZ2,0,0,0,[],{}
1,982,430,Z2xZ2,Z2xZ2,0,0,0,[],{}
1,982,434,Z2xZ2,Z2,0,0,0,[],{}
1,982,440,Z2xZ2,Z2,0,0,0,[],{}
1,982,500,Z2xZ2,Z2,0,0,0,[],{}
1,982,560,Z2xZ2,Z2,0,0,0,[],{}
1,982,980,Z2xZ2,Z2xZ2,0,0,0,[],{}
1,982,982,Z2xZ2,Z2xZ2,0,0,0,[],{}
1,982,984,Z2xZ2,Z2xZ2,0,0,0,[],{}
1,982,986,Z2xZ2,Z2,0,0,0,[],{}
1,982,995,Z2xZ2,Z2,0,0,0,[],{}
1,982,1010,Z2xZ2,Z2,0,0,0,[],{}
1,982,1025,Z2xZ2,Z2,0,0,0,[],{}
1,982,1040,Z2xZ2,Z2,0,0,0,[],{}
1,982,1055,Z2xZ2,Z2xZ2,0,0,0,[],{}
1,982,1057,Z2xZ2,Z2xZ2,0,0,0,[],{}
1,982,1059,Z2xZ2,Z2xZ2,0,0,0,[],{}
1,982,1130,Z2xZ2,Z2xZ2,0,0,0,[],{}
1,982,1132,Z2xZ2,Z2xZ2,0,0,0,[],{}
1,982,1134,Z2xZ2,Z2xZ2,0,0,0,[],{}
1,984,0,Z2xZ2,(Z2)^3,0,0,0,[],{}
1,984,1,Z2xZ2,Z2xZ2,0,0,0,[],{}
1,984,2,Z2xZ2,Z2xZ2,54,54,0,[984],{984: 54}
1,984,4,Z2xZ2,Z2xZ2,0,0,0,[],{}
1,984,5,Z2xZ2,Z2xZ2,0,0,0,[],{}
1,984,6,Z2xZ2,Z2xZ2,0,0,0,[],{}
1,984,10,Z2xZ2,Z2xZ2,0,0,0,[],{}
1,984,20,Z2xZ2,Z2xZ2,0,0,0,[],{}
1,984,30,Z2xZ2,Z2xZ2,0,0,0,[],{}
1,984,34,Z2xZ2,Z2,0,0,0,[],{}
1,984,40,Z2xZ2,Z2xZ2,0,0,0,[],{}
1,984,50,Z2xZ2,Z2xZ2,0,0,0,[],{}
1,984,52,Z2xZ2,Z2xZ2,54,54,0,[1134],{1134: 54}
1,984,54,Z2xZ2,Z2xZ2,54,54,0,[1059],{1059: 54}
1,984,95,Z2xZ2,Z2,0,0,0,[],{}
1,984,125,Z2xZ2,Z2xZ2,0,0,0,[],{}
1,984,126,Z2xZ2,Z2xZ2,0,0,0,[],{}
1,984,127,Z2xZ2,Z2xZ2,0,0,0,[],{}
1,984,131,Z2xZ2,Z2xZ2,0,0,0,[],{}
1,984,132,Z2xZ2,Z2xZ2,0,0,0,[],{}
1,984,133,Z2xZ2,Z2xZ2,0,0,0,[],{}
1,984,137,Z2xZ2,Z2xZ2,0,0,0,[],{}
1,984,138,Z2xZ2,Z2xZ2,0,0,0,[],{}
1,984,139,Z2xZ2,Z2xZ2,0,0,0,[],{}
1,984,143,Z2xZ2,Z2,0,0,0,[],{}
1,984,161,Z2xZ2,Z2,0,0,0,[],{}
1,984,179,Z2xZ2,Z2,0,0,0,[],{}
1,984,197,Z2xZ2,Z2,0,0,0,[],{}
1,984,215,Z2xZ2,Z2,0,0,0,[],{}
1,984,350,Z2xZ2,Z2xZ2,0,0,0,[],{}
1,984,354,Z2xZ2,Z2,0,0,0,[],{}
1,984,360,Z2xZ2,Z2xZ2,0,0,0,[],{}
1,984,370,Z2xZ2,Z2xZ2,0,0,0,[],{}
1,984,380,Z2xZ2,Z2xZ2,0,0,0,[],{}
1,984,390,Z2xZ2,Z2xZ2,0,0,0,[],{}
1,984,394,Z2xZ2,Z2,0,0,0,[],{}
1,984,400,Z2xZ2,Z2xZ2,0,0,0,[],{}
1,984,410,Z2xZ2,Z2xZ2,0,0,0,[],{}
1,984,420,Z2xZ2,Z2xZ2,0,0,0,[],{}
1,984,430,Z2xZ2,Z2xZ2,0,0,0,[],{}
1,984,434,Z2xZ2,Z2,0,0,0,[],{}
1,984,440,Z2xZ2,Z2,0,0,0,[],{}
1,984,500,Z2xZ2,Z2,0,0,0,[],{}
1,984,560,Z2xZ2,Z2,0,0,0,[],{}
1,984,980,Z2xZ2,Z2xZ2,0,0,0,[],{}
1,984,982,Z2xZ2,Z2xZ2,0,0,0,[],{}
1,984,984,Z2xZ2,Z2xZ2,0,0,0,[],{}
1,984,986,Z2xZ2,Z2,0,0,0,[],{}
1,984,995,Z2xZ2,Z2,0,0,0,[],{}
1,984,1010,Z2xZ2,Z2,0,0,0,[],{}
1,984,1025,Z2xZ2,Z2,0,0,0,[],{}
1,984,1040,Z2xZ2,Z2,0,0,0,[],{}
1,984,1055,Z2xZ2,Z2xZ2,0,0,0,[],{}
1,984,1057,Z2xZ2,Z2xZ2,0,0,0,[],{}
1,984,1059,Z2xZ2,Z2xZ2,0,0,0,[],{}
1,984,1130,Z2xZ2,Z2xZ2,0,0,0,[],{}
1,984,1132,Z2xZ2,Z2xZ2,0,0,0,[],{}
1,984,1134,Z2xZ2,Z2xZ2,0,0,0,[],{}
1,986,0,Z2,(Z2)^3,0,0,0,[],{}
1,986,1,Z2,Z2xZ2,0,0,0,[],{}
1,986,2,Z2,Z2xZ2,0,0,0,[],{}
1,986,4,Z2,Z2xZ2,0,0,0,[],{}
1,986,5,Z2,Z2xZ2,0,0,0,[],{}
1,986,6,Z2,Z2xZ2,0,0,0,[],{}
1,986,10,Z2,Z2xZ2,0,0,0,[],{}
1,986,20,Z2,Z2xZ2,0,0,0,[],{}
1,986,30,Z2,Z2xZ2,0,0,0,[],{}
1,986,34,Z2,Z2,0,0,0,[],{}
1,986,40,Z2,Z2xZ2,0,0,0,[],{}
1,986,50,Z2,Z2xZ2,0,0,0,[],{}
1,986,52,Z2,Z2xZ2,0,0,0,[],{}
1,986,54,Z2,Z2xZ2,0,0,0,[],{}
1,986,95,Z2,Z2,0,0,0,[],{}
1,986,125,Z2,Z2xZ2,108,108,0,[980],{980: 108}
1,986,126,Z2,Z2xZ2,0,0,0,[],{}
1,986,127,Z2,Z2xZ2,0,0,0,[],{}
1,986,131,Z2,Z2xZ2,108,108,0,[986],{986: 108}
1,986,132,Z2,Z2xZ2,0,0,0,[],{}
1,986,133,Z2,Z2xZ2,0,0,0,[],{}
1,986,137,Z2,Z2xZ2,108,108,0,[986],{986: 108}
1,986,138,Z2,Z2xZ2,0,0,0,[],{}
1,986,139,Z2,Z2xZ2,0,0,0,[],{}
1,986,143,Z2,Z2,216,216,0,[995],{995: 216}
1,986,161,Z2,Z2,216,216,0,[1010],{1010: 216}
1,986,179,Z2,Z2,216,216,0,[1025],{1025: 216}
1,986,197,Z2,Z2,216,216,0,[1040],{1040: 216}
1,986,215,Z2,Z2,216,216,0,"[1055, 1130]","{1055: 108, 1130: 108}"
1,986,350,Z2,Z2xZ2,0,0,0,[],{}
1,986,354,Z2,Z2,0,0,0,[],{}
1,986,360,Z2,Z2xZ2,0,0,0,[],{}
1,986,370,Z2,Z2xZ2,0,0,0,[],{}
1,986,380,Z2,Z2xZ2,0,0,0,[],{}
1,986,390,Z2,Z2xZ2,0,0,0,[],{}
1,986,394,Z2,Z2,0,0,0,[],{}
1,986,400,Z2,Z2xZ2,0,0,0,[],{}
1,986,410,Z2,Z2xZ2,0,0,0,[],{}
1,986,420,Z2,Z2xZ2,0,0,0,[],{}
1,986,430,Z2,Z2xZ2,0,0,0,[],{}
1,986,434,Z2,Z2,0,0,0,[],{}
1,986,440,Z2,Z2,0,0,0,[],{}
1,986,500,Z2,Z2,0,0,0,[],{}
1,986,560,Z2,Z2,0,0,0,[],{}
1,986,980,Z2,Z2xZ2,0,0,0,[],{}
1,986,982,Z2,Z2xZ2,0,0,0,[],{}
1,986,984,Z2,Z2xZ2,0,0,0,[],{}
1,986,986,Z2,Z2,0,0,0,[],{}
1,986,995,Z2,Z2,0,0,0,[],{}
1,986,1010,Z2,Z2,0,0,0,[],{}
1,986,1025,Z2,Z2,0,0,0,[],{}
1,986,1040,Z2,Z2,0,0,0,[],{}
1,986,1055,Z2,Z2xZ2,0,0,0,[],{}
1,986,1057,Z2,Z2xZ2,0,0,0,[],{}
1,986,1059,Z2,Z2xZ2,0,0,0,[],{}
1,986,1130,Z2,Z2xZ2,0,0,0,[],{}
1,986,1132,Z2,Z2xZ2,0,0,0,[],{}
1,986,1134,Z2,Z2xZ2,0,0,0,[],{}
1,995,0,Z2,(Z2)^3,0,0,0,[],{}
1,995,1,Z2,Z2xZ2,0,0,0,[],{}
1,995,2,Z2,Z2xZ2,0,0,0,[],{}
1,995,4,Z2,Z2xZ2,0,0,0,[],{}
1,995,5,Z2,Z2xZ2,0,0,0,[],{}
1,995,6,Z2,Z2xZ2,0,0,0,[],{}
1,995,10,Z2,Z2xZ2,0,0,0,[],{}
1,995,20,Z2,Z2xZ2,0,0,0,[],{}
1,995,30,Z2,Z2xZ2,0,0,0,[],{}
1,995,34,Z2,Z2,0,0,0,[],{}
1,995,40,Z2,Z2xZ2,0,0,0,[],{}
1,995,50,Z2,Z2xZ2,0,0,0,[],{}
1,995,52,Z2,Z2xZ2,0,0,0,[],{}
1,995,54,Z2,Z2xZ2,0,0,0,[],{}
1,995,95,Z2,Z2,0,0,0,[],{}
1,995,125,Z2,Z2xZ2,0,0,0,[],{}
1,995,126,Z2,Z2xZ2,0,0,0,[],{}
1,995,127,Z2,Z2xZ2,0,0,0,[],{}
1,995,131,Z2,Z2xZ2,0,0,0,[],{}
1,995,132,Z2,Z2xZ2,0,0,0,[],{}
1,995,133,Z2,Z2xZ2,0,0,0,[],{}
1,995,137,Z2,Z2xZ2,0,0,0,[],{}
1,995,138,Z2,Z2xZ2,0,0,0,[],{}
1,995,139,Z2,Z2xZ2,0,0,0,[],{}
1,995,143,Z2,Z2,0,0,0,[],{}
1,995,161,Z2,Z2,0,0,0,[],{}
1,995,179,Z2,Z2,0,0,0,[],{}
1,995,197,Z2,Z2,0,0,0,[],{}
1,995,215,Z2,Z2,0,0,0,[],{}
1,995,350,Z2,Z2xZ2,108,108,0,[980],{980: 108}
1,995,354,Z2,Z2,216,216,0,[986],{986: 216}
1,995,360,Z2,Z2xZ2,108,108,0,[995],{995: 108}
1,995,370,Z2,Z2xZ2,108,108,0,[995],{995: 108}
1,995,380,Z2,Z2xZ2,108,108,0,[1010],{1010: 108}
1,995,390,Z2,Z2xZ2,108,108,0,[1025],{1025: 108}
1,995,394,Z2,Z2,216,0,216,[1031],{1031: 216}
1,995,400,Z2,Z2xZ2,108,108,0,[1040],{1040: 108}
1,995,410,Z2,Z2xZ2,108,108,0,[1010],{1010: 108}
1,995,420,Z2,Z2xZ2,108,108,0,[1040],{1040: 108}
1,995,430,Z2,Z2xZ2,108,108,0,[1025],{1025: 108}
1,995,434,Z2,Z2,216,0,216,[1031],{1031: 216}
1,995,440,Z2,Z2,216,216,0,"[1055, 1130]","{1055: 108, 1130: 108}"
1,995,500,Z2,Z2,216,0,216,"[1100, 1175]","{1100: 108, 1175: 108}"
1,995,560,Z2,Z2,216,0,216,"[1100, 1175]","{1100: 108, 1175: 108}"
1,995,980,Z2,Z2xZ2,0,0,0,[],{}
1,995,982,Z2,Z2xZ2,0,0,0,[],{}
1,995,984,Z2,Z2xZ2,0,0,0,[],{}
1,995,986,Z2,Z2,0,0,0,[],{}
1,995,995,Z2,Z2,0,0,0,[],{}
1,995,1010,Z2,Z2,0,0,0,[],{}
1,995,1025,Z2,Z2,0,0,0,[],{}
1,995,1040,Z2,Z2,0,0,0,[],{}
1,995,1055,Z2,Z2xZ2,0,0,0,[],{}
1,995,1057,Z2,Z2xZ2,0,0,0,[],{}
1,995,1059,Z2,Z2xZ2,0,0,0,[],{}
1,995,1130,Z2,Z2xZ2,0,0,0,[],{}
1,995,1132,Z2,Z2xZ2,0,0,0,[],{}
1,995,1134,Z2,Z2xZ2,0,0,0,[],{}
1,1010,0,Z2,(Z2)^3,0,0,0,[],{}
1,1010,1,Z2,Z2xZ2,0,0,0,[],{}
1,1010,2,Z2,Z2xZ2,0,0,0,[],{}
1,1010,4,Z2,Z2xZ2,0,0,0,[],{}
1,1010,5,Z2,Z2xZ2,0,0,0,[],{}
1,1010,6,Z2,Z2xZ2,0,0,0,[],{}
1,1010,10,Z2,Z2xZ2,0,0,0,[],{}
1,1010,20,Z2,Z2xZ2,0,0,0,[],{}
1,1010,30,Z2,Z2xZ2,0,0,0,[],{}
1,1010,34,Z2,Z2,0,0,0,[],{}
1,1010,40,Z2,Z2xZ2,0,0,0,[],{}
1,1010,50,Z2,Z2xZ2,0,0,0,[],{}
1,1010,52,Z2,Z2xZ2,0,0,0,[],{}
1,1010,54,Z2,Z2xZ2,0,0,0,[],{}
1,1010,95,Z2,Z2,0,0,0,[],{}
1,1010,125,Z2,Z2xZ2,0,0,0,[],{}
1,1010,126,Z2,Z2xZ2,0,0,0,[],{}
1,1010,127,Z2,Z2xZ2,0,0,0,[],{}
1,1010,131,Z2,Z2xZ2,0,0,0,[],{}
1,1010,132,Z2,Z2xZ2,0,0,0,[],{}
1,1010,133,Z2,Z2xZ2,0,0,0,[],{}
1,1010,137,Z2,Z2xZ2,0,0,0,[],{}
1,1010,138,Z2,Z2xZ2,0,0,0,[],{}
1,1010,139,Z2,Z2xZ2,0,0,0,[],{}
1,1010,143,Z2,Z2,0,0,0,[],{}
1,1010,161,Z2,Z2,0,0,0,[],{}
1,1010,179,Z2,Z2,0,0,0,[],{}
1,1010,197,Z2,Z2,0,0,0,[],{}
1,1010,215,Z2,Z2,0,0,0,[],{}
1,1010,350,Z2,Z2xZ2,108,108,0,[1025],{1025: 108}
1,1010,354,Z2,Z2,216,0,216,[1031],{1031: 216}
1,1010,360,Z2,Z2xZ2,108,108,0,[1010],{1010: 108}
1,1010,370,Z2,Z2xZ2,108,108,0,[1040],{1040: 108}
1,1010,380,Z2,Z2xZ2,108,108,0,[995],{995: 108}
1,1010,390,Z2,Z2xZ2,108,108,0,[980],{980: 108}
1,1010,394,Z2,Z2,216,216,0,[986],{986: 216}
1,1010,400,Z2,Z2xZ2,108,108,0,[995],{995: 108}
1,1010,410,Z2,Z2xZ2,108,108,0,[1040],{1040: 108}
1,1010,420,Z2,Z2xZ2,108,108,0,[1010],{1010: 108}
1,1010,430,Z2,Z2xZ2,108,108,0,[1025],{1025: 108}
1,1010,434,Z2,Z2,216,0,216,[1031],{1031: 216}
1,1010,440,Z2,Z2,216,0,216,"[1100, 1175]","{1100: 108, 1175: 108}"
1,1010,500,Z2,Z2,216,216,0,"[1055, 1130]","{1055: 108, 1130: 108}"
1,1010,560,Z2,Z2,216,0,216,"[1100, 1175]","{1100: 108, 1175: 108}"
1,1010,980,Z2,Z2xZ2,0,0,0,[],{}
1,1010,982,Z2,Z2xZ2,0,0,0,[],{}
1,1010,984,Z2,Z2xZ2,0,0,0,[],{}
1,1010,986,Z2,Z2,0,0,0,[],{}
1,1010,995,Z2,Z2,0,0,0,[],{}
1,1010,1010,Z2,Z2,0,0,0,[],{}
1,1010,1025,Z2,Z2,0,0,0,[],{}
1,1010,1040,Z2,Z2,0,0,0,[],{}
1,1010,1055,Z2,Z2xZ2,0,0,0,[],{}
1,1010,1057,Z2,Z2xZ2,0,0,0,[],{}
1,1010,1059,Z2,Z2xZ2,0,0,0,[],{}
1,1010,1130,Z2,Z2xZ2,0,0,0,[],{}
1,1010,1132,Z2,Z2xZ2,0,0,0,[],{}
1,1010,1134,Z2,Z2xZ2,0,0,0,[],{}
1,1025,0,Z2,(Z2)^3,108,108,0,[1025],{1025: 108}
1,1025,1,Z2,Z2xZ2,0,0,0,[],{}
1,1025,2,Z2,Z2xZ2,0,0,0,[],{}
1,1025,4,Z2,Z2xZ2,216,0,216,[1031],{1031: 216}
1,1025,5,Z2,Z2xZ2,0,0,0,[],{}
1,1025,6,Z2,Z2xZ2,0,0,0,[],{}
1,1025,10,Z2,Z2xZ2,216,216,0,"[1010, 1040]","{1010: 108, 1040: 108}"
1,1025,20,Z2,Z2xZ2,216,216,0,"[995, 1040]","{995: 108, 1040: 108}"
1,1025,30,Z2,Z2xZ2,216,216,0,"[980, 1025]","{980: 108, 1025: 108}"
1,1025,34,Z2,Z2,432,216,216,"[986, 1031]","{986: 216, 1031: 216}"
1,1025,40,Z2,Z2xZ2,216,216,0,"[995, 1010]","{995: 108, 1010: 108}"
1,1025,50,Z2,Z2xZ2,216,0,216,"[1100, 1175]","{1100: 108, 1175: 108}"
1,1025,52,Z2,Z2xZ2,0,0,0,[],{}
1,1025,54,Z2,Z2xZ2,0,0,0,[],{}
1,1025,95,Z2,Z2,432,216,216,"[1055, 1100, 1130, 1175]","{1055: 108, 1100: 108, 1130: 108, 1175: 108}"
1,1025,125,Z2,Z2xZ2,0,0,0,[],{}
1,1025,126,Z2,Z2xZ2,0,0,0,[],{}
1,1025,127,Z2,Z2xZ2,0,0,0,[],{}
1,1025,131,Z2,Z2xZ2,0,0,0,[],{}
1,1025,132,Z2,Z2xZ2,0,0,0,[],{}
1,1025,133,Z2,Z2xZ2,0,0,0,[],{}
1,1025,137,Z2,Z2xZ2,0,0,0,[],{}
1,1025,138,Z2,Z2xZ2,0,0,0,[],{}
1,1025,139,Z2,Z2xZ2,0,0,0,[],{}
1,1025,143,Z2,Z2,0,0,0,[],{}
1,1025,161,Z2,Z2,0,0,0,[],{}
1,1025,179,Z2,Z2,0,0,0,[],{}
1,1025,197,Z2,Z2,0,0,0,[],{}
1,1025,215,Z2,Z2,0,0,0,[],{}
1,1025,350,Z2,Z2xZ2,0,0,0,[],{}
1,1025,354,Z2,Z2,0,0,0,[],{}
1,1025,360,Z2,Z2xZ2,0,0,0,[],{}
1,1025,370,Z2,Z2xZ2,0,0,0,[],{}
1,1025,380,Z2,Z2xZ2,0,0,0,[],{}
1,1025,390,Z2,Z2xZ2,0,0,0,[],{}
1,1025,394,Z2,Z2,0,0,0,[],{}
1,1025,400,Z2,Z2xZ2,0,0,0,[],{}
1,1025,410,Z2,Z2xZ2,0,0,0,[],{}
1,1025,420,Z2,Z2xZ2,0,0,0,[],{}
1,1025,430,Z2,Z2xZ2,0,0,0,[],{}
1,1025,434,Z2,Z2,0,0,0,[],{}
1,1025,440,Z2,Z2,0,0,0,[],{}
1,1025,500,Z2,Z2,0,0,0,[],{}
1,1025,560,Z2,Z2,0,0,0,[],{}
1,1025,980,Z2,Z2xZ2,0,0,0,[],{}
1,1025,982,Z2,Z2xZ2,0,0,0,[],{}
1,1025,984,Z2,Z2xZ2,0,0,0,[],{}
1,1025,986,Z2,Z2,0,0,0,[],{}
1,1025,995,Z2,Z2,0,0,0,[],{}
1,1025,1010,Z2,Z2,0,0,0,[],{}
1,1025,1025,Z2,Z2,0,0,0,[],{}
1,1025,1040,Z2,Z2,0,0,0,[],{}
1,1025,1055,Z2,Z2xZ2,0,0,0,[],{}
1,1025,1057,Z2,Z2xZ2,0,0,0,[],{}
1,1025,1059,Z2,Z2xZ2,0,0,0,[],{}
1,1025,1130,Z2,Z2xZ2,0,0,0,[],{}
1,1025,1132,Z2,Z2xZ2,0,0,0,[],{}
1,1025,1134,Z2,Z2xZ2,0,0,0,[],{}
1,1040,0,Z2,(Z2)^3,0,0,0,[],{}
1,1040,1,Z2,Z2xZ2,0,0,0,[],{}
1,1040,2,Z2,Z2xZ2,0,0,0,[],{}
1,1040,4,Z2,Z2xZ2,0,0,0,[],{}
1,1040,5,Z2,Z2xZ2,0,0,0,[],{}
1,1040,6,Z2,Z2xZ2,0,0,0,[],{}
1,1040,10,Z2,Z2xZ2,0,0,0,[],{}
1,1040,20,Z2,Z2xZ2,0,0,0,[],{}
1,1040,30,Z2,Z2xZ2,0,0,0,[],{}
1,1040,34,Z2,Z2,0,0,0,[],{}
1,1040,40,Z2,Z2xZ2,0,0,0,[],{}
1,1040,50,Z2,Z2xZ2,0,0,0,[],{}
1,1040,52,Z2,Z2xZ2,0,0,0,[],{}
1,1040,54,Z2,Z2xZ2,0,0,0,[],{}
1,1040,95,Z2,Z2,0,0,0,[],{}
1,1040,125,Z2,Z2xZ2,0,0,0,[],{}
1,1040,126,Z2,Z2xZ2,0,0,0,[],{}
1,1040,127,Z2,Z2xZ2,0,0,0,[],{}
1,1040,131,Z2,Z2xZ2,0,0,0,[],{}
1,1040,132,Z2,Z2xZ2,0,0,0,[],{}
1,1040,133,Z2,Z2xZ2,0,0,0,[],{}
1,1040,137,Z2,Z2xZ2,0,0,0,[],{}
1,1040,138,Z2,Z2xZ2,0,0,0,[],{}
1,1040,139,Z2,Z2xZ2,0,0,0,[],{}
1,1040,143,Z2,Z2,0,0,0,[],{}
1,1040,161,Z2,Z2,0,0,0,[],{}
1,1040,179,Z2,Z2,0,0,0,[],{}
1,1040,197,Z2,Z2,0,0,0,[],{}
1,1040,215,Z2,Z2,0,0,0,[],{}
1,1040,350,Z2,Z2xZ2,108,108,0,[1025],{1025: 108}
1,1040,354,Z2,Z2,216,0,216,[1031],{1031: 216}
1,1040,360,Z2,Z2xZ2,108,108,0,[1040],{1040: 108}
1,1040,370,Z2,Z2xZ2,108,108,0,[1010],{1010: 108}
1,1040,380,Z2,Z2xZ2,108,108,0,[1040],{1040: 108}
1,1040,390,Z2,Z2xZ2,108,108,0,[1025],{1025: 108}
1,1040,394,Z2,Z2,216,0,216,[1031],{1031: 216}
1,1040,400,Z2,Z2xZ2,108,108,0,[1010],{1010: 108}
1,1040,410,Z2,Z2xZ2,108,108,0,[995],{995: 108}
1,1040,420,Z2,Z2xZ2,108,108,0,[995],{995: 108}
1,1040,430,Z2,Z2xZ2,108,108,0,[980],{980: 108}
1,1040,434,Z2,Z2,216,216,0,[986],{986: 216}
1,1040,440,Z2,Z2,216,0,216,"[1100, 1175]","{1100: 108, 1175: 108}"
1,1040,500,Z2,Z2,216,0,216,"[1100, 1175]","{1100: 108, 1175: 108}"
1,1040,560,Z2,Z2,216,216,0,"[1055, 1130]","{1055: 108, 1130: 108}"
1,1040,980,Z2,Z2xZ2,0,0,0,[],{}
1,1040,982,Z2,Z2xZ2,0,0,0,[],{}
1,1040,984,Z2,Z2xZ2,0,0,0,[],{}
1,1040,986,Z2,Z2,0,0,0,[],{}
1,1040,995,Z2,Z2,0,0,0,[],{}
1,1040,1010,Z2,Z2,0,0,0,[],{}
1,1040,1025,Z2,Z2,0,0,0,[],{}
1,1040,1040,Z2,Z2,0,0,0,[],{}
1,1040,1055,Z2,Z2xZ2,0,0,0,[],{}
1,1040,1057,Z2,Z2xZ2,0,0,0,[],{}
1,1040,1059,Z2,Z2xZ2,0,0,0,[],{}
1,1040,1130,Z2,Z2xZ2,0,0,0,[],{}
1,1040,1132,Z2,Z2xZ2,0,0,0,[],{}
1,1040,1134,Z2,Z2xZ2,0,0,0,[],{}
1,1055,0,Z2xZ2,(Z2)^3,0,0,0,[],{}
1,1055,1,Z2xZ2,Z2xZ2,0,0,0,[],{}
1,1055,2,Z2xZ2,Z2xZ2,0,0,0,[],{}
1,1055,4,Z2xZ2,Z2xZ2,0,0,0,[],{}
1,1055,5,Z2xZ2,Z2xZ2,0,0,0,[],{}
1,1055,6,Z2xZ2,Z2xZ2,0,0,0,[],{}
1,1055,10,Z2xZ2,Z2xZ2,0,0,0,[],{}
1,1055,20,Z2xZ2,Z2xZ2,0,0,0,[],{}
1,1055,30,Z2xZ2,Z2xZ2,0,0,0,[],{}
1,1055,34,Z2xZ2,Z2,0,0,0,[],{}
1,1055,40,Z2xZ2,Z2xZ2,0,0,0,[],{}
1,1055,50,Z2xZ2,Z2xZ2,0,0,0,[],{}
1,1055,52,Z2xZ2,Z2xZ2,0,0,0,[],{}
1,1055,54,Z2xZ2,Z2xZ2,0,0,0,[],{}
1,1055,95,Z2xZ2,Z2,0,0,0,[],{}
1,1055,125,Z2xZ2,Z2xZ2,0,0,0,[],{}
1,1055,126,Z2xZ2,Z2xZ2,0,0,0,[],{}
1,1055,127,Z2xZ2,Z2xZ2,0,0,0,[],{}
1,1055,131,Z2xZ2,Z2xZ2,0,0,0,[],{}
1,1055,132,Z2xZ2,Z2xZ2,0,0,0,[],{}
1,1055,133,Z2xZ2,Z2xZ2,0,0,0,[],{}
1,1055,137,Z2xZ2,Z2xZ2,0,0,0,[],{}
1,1055,138,Z2xZ2,Z2xZ2,0,0,0,[],{}
1,1055,139,Z2xZ2,Z2xZ2,0,0,0,[],{}
1,1055,143,Z2xZ2,Z2,0,0,0,[],{}
1,1055,161,Z2xZ2,Z2,0,0,0,[],{}
1,1055,179,Z2xZ2,Z2,0,0,0,[],{}
1,1055,197,Z2xZ2,Z2,0,0,0,[],{}
1,1055,215,Z2xZ2,Z2,0,0,0,[],{}
1,1055,350,Z2xZ2,Z2xZ2,0,0,0,[],{}
1,1055,354,Z2xZ2,Z2,0,0,0,[],{}
1,1055,360,Z2xZ2,Z2xZ2,0,0,0,[],{}
1,1055,370,Z2xZ2,Z2xZ2,0,0,0,[],{}
1,1055,380,Z2xZ2,Z2xZ2,0,0,0,[],{}
1,1055,390,Z2xZ2,Z2xZ2,0,0,0,[],{}
1,1055,394,Z2xZ2,Z2,0,0,0,[],{}
1,1055,400,Z2xZ2,Z2xZ2,0,0,0,[],{}
1,1055,410,Z2xZ2,Z2xZ2,0,0,0,[],{}
1,1055,420,Z2xZ2,Z2xZ2,0,0,0,[],{}
1,1055,430,Z2xZ2,Z2xZ2,0,0,0,[],{}
1,1055,434,Z2xZ2,Z2,0,0,0,[],{}
1,1055,440,Z2xZ2,Z2,0,0,0,[],{}
1,1055,500,Z2xZ2,Z2,0,0,0,[],{}
1,1055,560,Z2xZ2,Z2,0,0,0,[],{}
1,1055,980,Z2xZ2,Z2xZ2,54,54,0,[980],{980: 54}
1,1055,982,Z2xZ2,Z2xZ2,0,0,0,[],{}
1,1055,984,Z2xZ2,Z2xZ2,0,0,0,[],{}
1,1055,986,Z2xZ2,Z2,108,108,0,[986],{986: 108}
1,1055,995,Z2xZ2,Z2,108,108,0,[995],{995: 108}
1,1055,1010,Z2xZ2,Z2,108,108,0,[1010],{1010: 108}
1,1055,1025,Z2xZ2,Z2,108,108,0,[1025],{1025: 108}
1,1055,1040,Z2xZ2,Z2,108,108,0,[1040],{1040: 108}
1,1055,1055,Z2xZ2,Z2xZ2,54,54,0,[1055],{1055: 54}
1,1055,1057,Z2xZ2,Z2xZ2,0,0,0,[],{}
1,1055,1059,Z2xZ2,Z2xZ2,0,0,0,[],{}
1,1055,1130,Z2xZ2,Z2xZ2,54,54,0,[1130],{1130: 54}
1,1055,1132,Z2xZ2,Z2xZ2,0,0,0,[],{}
1,1055,1134,Z2xZ2,Z2xZ2,0,0,0,[],{}
1,1057,0,Z2xZ2,(Z2)^3,0,0,0,[],{}
1,1057,1,Z2xZ2,Z2xZ2,0,0,0,[],{}
1,1057,2,Z2xZ2,Z2xZ2,0,0,0,[],{}
1,1057,4,Z2xZ2,Z2xZ2,0,0,0,[],{}
1,1057,5,Z2xZ2,Z2xZ2,0,0,0,[],{}
1,1057,6,Z2xZ2,Z2xZ2,0,0,0,[],{}
1,1057,10,Z2xZ2,Z2xZ2,0,0,0,[],{}
1,1057,20,Z2xZ2,Z2xZ2,0,0,0,[],{}
1,1057,30,Z2xZ2,Z2xZ2,0,0,0,[],{}
1,1057,34,Z2xZ2,Z2,0,0,0,[],{}
1,1057,40,Z2xZ2,Z2xZ2,0,0,0,[],{}
1,1057,50,Z2xZ2,Z2xZ2,0,0,0,[],{}
1,1057,52,Z2xZ2,Z2xZ2,0,0,0,[],{}
1,1057,54,Z2xZ2,Z2xZ2,0,0,0,[],{}
1,1057,95,Z2xZ2,Z2,0,0,0,[],{}
1,1057,125,Z2xZ2,Z2xZ2,0,0,0,[],{}
1,1057,126,Z2xZ2,Z2xZ2,0,0,0,[],{}
1,1057,127,Z2xZ2,Z2xZ2,0,0,0,[],{}
1,1057,131,Z2xZ2,Z2xZ2,0,0,0,[],{}
1,1057,132,Z2xZ2,Z2xZ2,0,0,0,[],{}
1,1057,133,Z2xZ2,Z2xZ2,0,0,0,[],{}
1,1057,137,Z2xZ2,Z2xZ2,0,0,0,[],{}
1,1057,138,Z2xZ2,Z2xZ2,0,0,0,[],{}
1,1057,139,Z2xZ2,Z2xZ2,0,0,0,[],{}
1,1057,143,Z2xZ2,Z2,0,0,0,[],{}
1,1057,161,Z2xZ2,Z2,0,0,0,[],{}
1,1057,179,Z2xZ2,Z2,0,0,0,[],{}
1,1057,197,Z2xZ2,Z2,0,0,0,[],{}
1,1057,215,Z2xZ2,Z2,0,0,0,[],{}
1,1057,350,Z2xZ2,Z2xZ2,0,0,0,[],{}
1,1057,354,Z2xZ2,Z2,0,0,0,[],{}
1,1057,360,Z2xZ2,Z2xZ2,0,0,0,[],{}
1,1057,370,Z2xZ2,Z2xZ2,0,0,0,[],{}
1,1057,380,Z2xZ2,Z2xZ2,0,0,0,[],{}
1,1057,390,Z2xZ2,Z2xZ2,0,0,0,[],{}
1,1057,394,Z2xZ2,Z2,0,0,0,[],{}
1,1057,400,Z2xZ2,Z2xZ2,0,0,0,[],{}
1,1057,410,Z2xZ2,Z2xZ2,0,0,0,[],{}
1,1057,420,Z2xZ2,Z2xZ2,0,0,0,[],{}
1,1057,430,Z2xZ2,Z2xZ2,0,0,0,[],{}
1,1057,434,Z2xZ2,Z2,0,0,0,[],{}
1,1057,440,Z2xZ2,Z2,0,0,0,[],{}
1,1057,500,Z2xZ2,Z2,0,0,0,[],{}
1,1057,560,Z2xZ2,Z2,0,0,0,[],{}
1,1057,980,Z2xZ2,Z2xZ2,0,0,0,[],{}
1,1057,982,Z2xZ2,Z2xZ2,54,54,0,[982],{982: 54}
1,1057,984,Z2xZ2,Z2xZ2,0,0,0,[],{}
1,1057,986,Z2xZ2,Z2,0,0,0,[],{}
1,1057,995,Z2xZ2,Z2,0,0,0,[],{}
1,1057,1010,Z2xZ2,Z2,0,0,0,[],{}
1,1057,1025,Z2xZ2,Z2,0,0,0,[],{}
1,1057,1040,Z2xZ2,Z2,0,0,0,[],{}
1,1057,1055,Z2xZ2,Z2xZ2,0,0,0,[],{}
1,1057,1057,Z2xZ2,Z2xZ2,54,54,0,[1057],{1057: 54}
1,1057,1059,Z2xZ2,Z2xZ2,0,0,0,[],{}
1,1057,1130,Z2xZ2,Z2xZ2,0,0,0,[],{}
1,1057,1132,Z2xZ2,Z2xZ2,54,54,0,[1132],{1132: 54}
1,1057,1134,Z2xZ2,Z2xZ2,0,0,0,[],{}
1,1059,0,Z2xZ2,(Z2)^3,0,0,0,[],{}
1,1059,1,Z2xZ2,Z2xZ2,0,0,0,[],{}
1,1059,2,Z2xZ2,Z2xZ2,0,0,0,[],{}
1,1059,4,Z2xZ2,Z2xZ2,0,0,0,[],{}
1,1059,5,Z2xZ2,Z2xZ2,0,0,0,[],{}
1,1059,6,Z2xZ2,Z2xZ2,0,0,0,[],{}
1,1059,10,Z2xZ2,Z2xZ2,0,0,0,[],{}
1,1059,20,Z2xZ2,Z2xZ2,0,0,0,[],{}
1,1059,30,Z2xZ2,Z2xZ2,0,0,0,[],{}
1,1059,34,Z2xZ2,Z2,0,0,0,[],{}
1,1059,40,Z2xZ2,Z2xZ2,0,0,0,[],{}
1,1059,50,Z2xZ2,Z2xZ2,0,0,0,[],{}
1,1059,52,Z2xZ2,Z2xZ2,0,0,0,[],{}
1,1059,54,Z2xZ2,Z2xZ2,0,0,0,[],{}
1,1059,95,Z2xZ2,Z2,0,0,0,[],{}
1,1059,125,Z2xZ2,Z2xZ2,0,0,0,[],{}
1,1059,126,Z2xZ2,Z2xZ2,0,0,0,[],{}
1,1059,127,Z2xZ2,Z2xZ2,0,0,0,[],{}
1,1059,131,Z2xZ2,Z2xZ2,0,0,0,[],{}
1,1059,132,Z2xZ2,Z2xZ2,0,0,0,[],{}
1,1059,133,Z2xZ2,Z2xZ2,0,0,0,[],{}
1,1059,137,Z2xZ2,Z2xZ2,0,0,0,[],{}
1,1059,138,Z2xZ2,Z2xZ2,0,0,0,[],{}
1,1059,139,Z2xZ2,Z2xZ2,0,0,0,[],{}
1,1059,143,Z2xZ2,Z2,0,0,0,[],{}
1,1059,161,Z2xZ2,Z2,0,0,0,[],{}
1,1059,179,Z2xZ2,Z2,0,0,0,[],{}
1,1059,197,Z2xZ2,Z2,0,0,0,[],{}
1,1059,215,Z2xZ2,Z2,0,0,0,[],{}
1,1059,350,Z2xZ2,Z2xZ2,0,0,0,[],{}
1,1059,354,Z2xZ2,Z2,0,0,0,[],{}
1,1059,360,Z2xZ2,Z2xZ2,0,0,0,[],{}
1,1059,370,Z2xZ2,Z2xZ2,0,0,0,[],{}
1,1059,380,Z2xZ2,Z2xZ2,0,0,0,[],{}
1,1059,390,Z2xZ2,Z2xZ2,0,0,0,[],{}
1,1059,394,Z2xZ2,Z2,0,0,0,[],{}
1,1059,400,Z2xZ2,Z2xZ2,0,0,0,[],{}
1,1059,410,Z2xZ2,Z2xZ2,0,0,0,[],{}
1,1059,420,Z2xZ2,Z2xZ2,0,0,0,[],{}
1,1059,430,Z2xZ2,Z2xZ2,0,0,0,[],{}
1,1059,434,Z2xZ2,Z2,0,0,0,[],{}
1,1059,440,Z2xZ2,Z2,0,0,0,[],{}
1,1059,500,Z2xZ2,Z2,0,0,0,[],{}
1,1059,560,Z2xZ2,Z2,0,0,0,[],{}
1,1059,980,Z2xZ2,Z2xZ2,0,0,0,[],{}
1,1059,982,Z2xZ2,Z2xZ2,0,0,0,[],{}
1,1059,984,Z2xZ2,Z2xZ2,54,54,0,[984],{984: 54}
1,1059,986,Z2xZ2,Z2,0,0,0,[],{}
1,1059,995,Z2xZ2,Z2,0,0,0,[],{}
1,1059,1010,Z2xZ2,Z2,0,0,0,[],{}
1,1059,1025,Z2xZ2,Z2,0,0,0,[],{}
1,1059,1040,Z2xZ2,Z2,0,0,0,[],{}
1,1059,1055,Z2xZ2,Z2xZ2,0,0,0,[],{}
1,1059,1057,Z2xZ2,Z2xZ2,0,0,0,[],{}
1,1059,1059,Z2xZ2,Z2xZ2,54,54,0,[1059],{1059: 54}
1,1059,1130,Z2xZ2,Z2xZ2,0,0,0,[],{}
1,1059,1132,Z2xZ2,Z2xZ2,0,0,0,[],{}
1,1059,1134,Z2xZ2,Z2xZ2,54,54,0,[1134],{1134: 54}
1,1130,0,Z2xZ2,(Z2)^3,0,0,0,[],{}
1,1130,1,Z2xZ2,Z2xZ2,0,0,0,[],{}
1,1130,2,Z2xZ2,Z2xZ2,0,0,0,[],{}
1,1130,4,Z2xZ2,Z2xZ2,0,0,0,[],{}
1,1130,5,Z2xZ2,Z2xZ2,0,0,0,[],{}
1,1130,6,Z2xZ2,Z2xZ2,0,0,0,[],{}
1,1130,10,Z2xZ2,Z2xZ2,0,0,0,[],{}
1,1130,20,Z2xZ2,Z2xZ2,0,0,0,[],{}
1,1130,30,Z2xZ2,Z2xZ2,0,0,0,[],{}
1,1130,34,Z2xZ2,Z2,0,0,0,[],{}
1,1130,40,Z2xZ2,Z2xZ2,0,0,0,[],{}
1,1130,50,Z2xZ2,Z2xZ2,0,0,0,[],{}
1,1130,52,Z2xZ2,Z2xZ2,0,0,0,[],{}
1,1130,54,Z2xZ2,Z2xZ2,0,0,0,[],{}
1,1130,95,Z2xZ2,Z2,0,0,0,[],{}
1,1130,125,Z2xZ2,Z2xZ2,0,0,0,[],{}
1,1130,126,Z2xZ2,Z2xZ2,0,0,0,[],{}
1,1130,127,Z2xZ2,Z2xZ2,0,0,0,[],{}
1,1130,131,Z2xZ2,Z2xZ2,0,0,0,[],{}
1,1130,132,Z2xZ2,Z2xZ2,0,0,0,[],{}
1,1130,133,Z2xZ2,Z2xZ2,0,0,0,[],{}
1,1130,137,Z2xZ2,Z2xZ2,0,0,0,[],{}
1,1130,138,Z2xZ2,Z2xZ2,0,0,0,[],{}
1,1130,139,Z2xZ2,Z2xZ2,0,0,0,[],{}
1,1130,143,Z2xZ2,Z2,0,0,0,[],{}
1,1130,161,Z2xZ2,Z2,0,0,0,[],{}
1,1130,179,Z2xZ2,Z2,0,0,0,[],{}
1,1130,197,Z2xZ2,Z2,0,0,0,[],{}
1,1130,215,Z2xZ2,Z2,0,0,0,[],{}
1,1130,350,Z2xZ2,Z2xZ2,0,0,0,[],{}
1,1130,354,Z2xZ2,Z2,0,0,0,[],{}
1,1130,360,Z2xZ2,Z2xZ2,0,0,0,[],{}
1,1130,370,Z2xZ2,Z2xZ2,0,0,0,[],{}
1,1130,380,Z2xZ2,Z2xZ2,0,0,0,[],{}
1,1130,390,Z2xZ2,Z2xZ2,0,0,0,[],{}
1,1130,394,Z2xZ2,Z2,0,0,0,[],{}
1,1130,400,Z2xZ2,Z2xZ2,0,0,0,[],{}
1,1130,410,Z2xZ2,Z2xZ2,0,0,0,[],{}
1,1130,420,Z2xZ2,Z2xZ2,0,0,0,[],{}
1,1130,430,Z2xZ2,Z2xZ2,0,0,0,[],{}
1,1130,434,Z2xZ2,Z2,0,0,0,[],{}
1,1130,440,Z2xZ2,Z2,0,0,0,[],{}
1,1130,500,Z2xZ2,Z2,0,0,0,[],{}
1,1130,560,Z2xZ2,Z2,0,0,0,[],{}
1,1130,980,Z2xZ2,Z2xZ2,54,54,0,[980],{980: 54}
1,1130,982,Z2xZ2,Z2xZ2,0,0,0,[],{}
1,1130,984,Z2xZ2,Z2xZ2,0,0,0,[],{}
1,1130,986,Z2xZ2,Z2,108,108,0,[986],{986: 108}
1,1130,995,Z2xZ2,Z2,108,108,0,[995],{995: 108}
1,1130,1010,Z2xZ2,Z2,108,108,0,[1010],{1010: 108}
1,1130,1025,Z2xZ2,Z2,108,108,0,[1025],{1025: 108}
1,1130,1040,Z2xZ2,Z2,108,108,0,[1040],{1040: 108}
1,1130,1055,Z2xZ2,Z2xZ2,54,54,0,[1130],{1130: 54}
1,1130,1057,Z2xZ2,Z2xZ2,0,0,0,[],{}
1,1130,1059,Z2xZ2,Z2xZ2,0,0,0,[],{}
1,1130,1130,Z2xZ2,Z2xZ2,54,54,0,[1055],{1055: 54}
1,1130,1132,Z2xZ2,Z2xZ2,0,0,0,[],{}
1,1130,1134,Z2xZ2,Z2xZ2,0,0,0,[],{}
1,1132,0,Z2xZ2,(Z2)^3,0,0,0,[],{}
1,1132,1,Z2xZ2,Z2xZ2,0,0,0,[],{}
1,1132,2,Z2xZ2,Z2xZ2,0,0,0,[],{}
1,1132,4,Z2xZ2,Z2xZ2,0,0,0,[],{}
1,1132,5,Z2xZ2,Z2xZ2,0,0,0,[],{}
1,1132,6,Z2xZ2,Z2xZ2,0,0,0,[],{}
1,1132,10,Z2xZ2,Z2xZ2,0,0,0,[],{}
1,1132,20,Z2xZ2,Z2xZ2,0,0,0,[],{}
1,1132,30,Z2xZ2,Z2xZ2,0,0,0,[],{}
1,1132,34,Z2xZ2,Z2,0,0,0,[],{}
1,1132,40,Z2xZ2,Z2xZ2,0,0,0,[],{}
1,1132,50,Z2xZ2,Z2xZ2,0,0,0,[],{}
1,1132,52,Z2xZ2,Z2xZ2,0,0,0,[],{}
1,1132,54,Z2xZ2,Z2xZ2,0,0,0,[],{}
1,1132,95,Z2xZ2,Z2,0,0,0,[],{}
1,1132,125,Z2xZ2,Z2xZ2,0,0,0,[],{}
1,1132,126,Z2xZ2,Z2xZ2,0,0,0,[],{}
1,1132,127,Z2xZ2,Z2xZ2,0,0,0,[],{}
1,1132,131,Z2xZ2,Z2xZ2,0,0,0,[],{}
1,1132,132,Z2xZ2,Z2xZ2,0,0,0,[],{}
1,1132,133,Z2xZ2,Z2xZ2,0,0,0,[],{}
1,1132,137,Z2xZ2,Z2xZ2,0,0,0,[],{}
1,1132,138,Z2xZ2,Z2xZ2,0,0,0,[],{}
1,1132,139,Z2xZ2,Z2xZ2,0,0,0,[],{}
1,1132,143,Z2xZ2,Z2,0,0,0,[],{}
1,1132,161,Z2xZ2,Z2,0,0,0,[],{}
1,1132,179,Z2xZ2,Z2,0,0,0,[],{}
1,1132,197,Z2xZ2,Z2,0,0,0,[],{}
1,1132,215,Z2xZ2,Z2,0,0,0,[],{}
1,1132,350,Z2xZ2,Z2xZ2,0,0,0,[],{}
1,1132,354,Z2xZ2,Z2,0,0,0,[],{}
1,1132,360,Z2xZ2,Z2xZ2,0,0,0,[],{}
1,1132,370,Z2xZ2,Z2xZ2,0,0,0,[],{}
1,1132,380,Z2xZ2,Z2xZ2,0,0,0,[],{}
1,1132,390,Z2xZ2,Z2xZ2,0,0,0,[],{}
1,1132,394,Z2xZ2,Z2,0,0,0,[],{}
1,1132,400,Z2xZ2,Z2xZ2,0,0,0,[],{}
1,1132,410,Z2xZ2,Z2xZ2,0,0,0,[],{}
1,1132,420,Z2xZ2,Z2xZ2,0,0,0,[],{}
1,1132,430,Z2xZ2,Z2xZ2,0,0,0,[],{}
1,1132,434,Z2xZ2,Z2,0,0,0,[],{}
1,1132,440,Z2xZ2,Z2,0,0,0,[],{}
1,1132,500,Z2xZ2,Z2,0,0,0,[],{}
1,1132,560,Z2xZ2,Z2,0,0,0,[],{}
1,1132,980,Z2xZ2,Z2xZ2,0,0,0,[],{}
1,1132,982,Z2xZ2,Z2xZ2,0,0,0,[],{}
1,1132,984,Z2xZ2,Z2xZ2,54,54,0,[982],{982: 54}
1,1132,986,Z2xZ2,Z2,0,0,0,[],{}
1,1132,995,Z2xZ2,Z2,0,0,0,[],{}
1,1132,1010,Z2xZ2,Z2,0,0,0,[],{}
1,1132,1025,Z2xZ2,Z2,0,0,0,[],{}
1,1132,1040,Z2xZ2,Z2,0,0,0,[],{}
1,1132,1055,Z2xZ2,Z2xZ2,0,0,0,[],{}
1,1132,1057,Z2xZ2,Z2xZ2,0,0,0,[],{}
1,1132,1059,Z2xZ2,Z2xZ2,54,54,0,[1132],{1132: 54}
1,1132,1130,Z2xZ2,Z2xZ2,0,0,0,[],{}
1,1132,1132,Z2xZ2,Z2xZ2,0,0,0,[],{}
1,1132,1134,Z2xZ2,Z2xZ2,54,54,0,[1057],{1057: 54}
1,1134,0,Z2xZ2,(Z2)^3,0,0,0,[],{}
1,1134,1,Z2xZ2,Z2xZ2,0,0,0,[],{}
1,1134,2,Z2xZ2,Z2xZ2,0,0,0,[],{}
1,1134,4,Z2xZ2,Z2xZ2,0,0,0,[],{}
1,1134,5,Z2xZ2,Z2xZ2,0,0,0,[],{}
1,1134,6,Z2xZ2,Z2xZ2,0,0,0,[],{}
1,1134,10,Z2xZ2,Z2xZ2,0,0,0,[],{}
1,1134,20,Z2xZ2,Z2xZ2,0,0,0,[],{}
1,1134,30,Z2xZ2,Z2xZ2,0,0,0,[],{}
1,1134,34,Z2xZ2,Z2,0,0,0,[],{}
1,1134,40,Z2xZ2,Z2xZ2,0,0,0,[],{}
1,1134,50,Z2xZ2,Z2xZ2,0,0,0,[],{}
1,1134,52,Z2xZ2,Z2xZ2,0,0,0,[],{}
1,1134,54,Z2xZ2,Z2xZ2,0,0,0,[],{}
1,1134,95,Z2xZ2,Z2,0,0,0,[],{}
1,1134,125,Z2xZ2,Z2xZ2,0,0,0,[],{}
1,1134,126,Z2xZ2,Z2xZ2,0,0,0,[],{}
1,1134,127,Z2xZ2,Z2xZ2,0,0,0,[],{}
1,1134,131,Z2xZ2,Z2xZ2,0,0,0,[],{}
1,1134,132,Z2xZ2,Z2xZ2,0,0,0,[],{}
1,1134,133,Z2xZ2,Z2xZ2,0,0,0,[],{}
1,1134,137,Z2xZ2,Z2xZ2,0,0,0,[],{}
1,1134,138,Z2xZ2,Z2xZ2,0,0,0,[],{}
1,1134,139,Z2xZ2,Z2xZ2,0,0,0,[],{}
1,1134,143,Z2xZ2,Z2,0,0,0,[],{}
1,1134,161,Z2xZ2,Z2,0,0,0,[],{}
1,1134,179,Z2xZ2,Z2,0,0,0,[],{}
1,1134,197,Z2xZ2,Z2,0,0,0,[],{}
1,1134,215,Z2xZ2,Z2,0,0,0,[],{}
1,1134,350,Z2xZ2,Z2xZ2,0,0,0,[],{}
1,1134,354,Z2xZ2,Z2,0,0,0,[],{}
1,1134,360,Z2xZ2,Z2xZ2,0,0,0,[],{}
1,1134,370,Z2xZ2,Z2xZ2,0,0,0,[],{}
1,1134,380,Z2xZ2,Z2xZ2,0,0,0,[],{}
1,1134,390,Z2xZ2,Z2xZ2,0,0,0,[],{}
1,1134,394,Z2xZ2,Z2,0,0,0,[],{}
1,1134,400,Z2xZ2,Z2xZ2,0,0,0,[],{}
1,1134,410,Z2xZ2,Z2xZ2,0,0,0,[],{}
1,1134,420,Z2xZ2,Z2xZ2,0,0,0,[],{}
1,1134,430,Z2xZ2,Z2xZ2,0,0,0,[],{}
1,1134,434,Z2xZ2,Z2,0,0,0,[],{}
1,1134,440,Z2xZ2,Z2,0,0,0,[],{}
1,1134,500,Z2xZ2,Z2,0,0,0,[],{}
1,1134,560,Z2xZ2,Z2,0,0,0,[],{}
1,1134,980,Z2xZ2,Z2xZ2,0,0,0,[],{}
1,1134,982,Z2xZ2,Z2xZ2,54,54,0,[984],{984: 54}
1,1134,984,Z2xZ2,Z2xZ2,0,0,0,[],{}
1,1134,986,Z2xZ2,Z2,0,0,0,[],{}
1,1134,995,Z2xZ2,Z2,0,0,0,[],{}
1,1134,1010,Z2xZ2,Z2,0,0,0,[],{}
1,1134,1025,Z2xZ2,Z2,0,0,0,[],{}
1,1134,1040,Z2xZ2,Z2,0,0,0,[],{}
1,1134,1055,Z2xZ2,Z2xZ2,0,0,0,[],{}
1,1134,1057,Z2xZ2,Z2xZ2,54,54,0,[1134],{1134: 54}
1,1134,1059,Z2xZ2,Z2xZ2,0,0,0,[],{}
1,1134,1130,Z2xZ2,Z2xZ2,0,0,0,[],{}
1,1134,1132,Z2xZ2,Z2xZ2,54,54,0,[1059],{1059: 54}
1,1134,1134,Z2xZ2,Z2xZ2,0,0,0,[],{}
2,0,0,(Z2)^3,(Z2)^3,27,27,0,[0],{0: 27}
2,0,1,(Z2)^3,Z2xZ2,0,0,0,[],{}
2,0,2,(Z2)^3,Z2xZ2,0,0,0,[],{}
2,0,4,(Z2)^3,Z2xZ2,54,54,0,[4],{4: 54}
2,0,5,(Z2)^3,Z2xZ2,0,0,0,[],{}
2,0,6,(Z2)^3,Z2xZ2,0,0,0,[],{}
2,0,10,(Z2)^3,Z2xZ2,54,54,0,[10],{10: 54}
2,0,20,(Z2)^3,Z2xZ2,54,54,0,[20],{20: 54}
2,0,30,(Z2)^3,Z2xZ2,54,54,0,[30],{30: 54}
2,0,34,(Z2)^3,Z2,108,108,0,[34],{34: 108}
2,0,40,(Z2)^3,Z2xZ2,54,54,0,[40],{40: 54}
2,0,50,(Z2)^3,Z2xZ2,54,54,0,[50],{50: 54}
2,0,52,(Z2)^3,Z2xZ2,0,0,0,[],{}
2,0,54,(Z2)^3,Z2xZ2,0,0,0,[],{}
2,0,95,(Z2)^3,Z2,108,108,0,[95],{95: 108}
2,0,125,(Z2)^3,Z2xZ2,0,0,0,[],{}
2,0,126,(Z2)^3,Z2xZ2,0,0,0,[],{}
2,0,127,(Z2)^3,Z2xZ2,0,0,0,[],{}
2,0,131,(Z2)^3,Z2xZ2,0,0,0,[],{}
2,0,132,(Z2)^3,Z2xZ2,0,0,0,[],{}
2,0,133,(Z2)^3,Z2xZ2,0,0,0,[],{}
2,0,137,(Z2)^3,Z2xZ2,0,0,0,[],{}
2,0,138,(Z2)^3,Z2xZ2,0,0,0,[],{}
2,0,139,(Z2)^3,Z2xZ2,0,0,0,[],{}
2,0,143,(Z2)^3,Z2,0,0,0,[],{}
2,0,161,(Z2)^3,Z2,0,0,0,[],{}
2,0,179,(Z2)^3,Z2,0,0,0,[],{}
2,0,185,(Z2)^3,Z2,0,0,0,[],{}
2,0,191,(Z2)^3,Z2,0,0,0,[],{}
2,0,197,(Z2)^3,Z2,0,0,0,[],{}
2,0,215,(Z2)^3,Z2,0,0,0,[],{}
2,0,296,(Z2)^3,Trivial,0,0,0,[],{}
2,0,350,(Z2)^3,Z2xZ2,0,0,0,[],{}
2,0,354,(Z2)^3,Z2,0,0,0,[],{}
2,0,360,(Z2)^3,Z2xZ2,0,0,0,[],{}
2,0,370,(Z2)^3,Z2xZ2,0,0,0,[],{}
2,0,380,(Z2)^3,Z2xZ2,0,0,0,[],{}
2,0,390,(Z2)^3,Z2xZ2,0,0,0,[],{}
2,0,394,(Z2)^3,Z2,0,0,0,[],{}
2,0,400,(Z2)^3,Z2xZ2,0,0,0,[],{}
2,0,410,(Z2)^3,Z2xZ2,0,0,0,[],{}
2,0,420,(Z2)^3,Z2xZ2,0,0,0,[],{}
2,0,430,(Z2)^3,Z2xZ2,0,0,0,[],{}
2,0,434,(Z2)^3,Z2,0,0,0,[],{}
2,0,440,(Z2)^3,Z2,0,0,0,[],{}
2,0,500,(Z2)^3,Z2,0,0,0,[],{}
2,0,560,(Z2)^3,Z2,0,0,0,[],{}
2,0,980,(Z2)^3,Z2xZ2,0,0,0,[],{}
2,0,982,(Z2)^3,Z2xZ2,0,0,0,[],{}
2,0,984,(Z2)^3,Z2xZ2,0,0,0,[],{}
2,0,986,(Z2)^3,Z2,0,0,0,[],{}
2,0,995,(Z2)^3,Z2,0,0,0,[],{}
2,0,1010,(Z2)^3,Z2,0,0,0,[],{}
2,0,1025,(Z2)^3,Z2,0,0,0,[],{}
2,0,1031,(Z2)^3,Trivial,0,0,0,[],{}
2,0,1040,(Z2)^3,Z2,0,0,0,[],{}
2,0,1055,(Z2)^3,Z2xZ2,0,0,0,[],{}
2,0,1057,(Z2)^3,Z2xZ2,0,0,0,[],{}
2,0,1059,(Z2)^3,Z2xZ2,0,0,0,[],{}
2,0,1100,(Z2)^3,Z2,0,0,0,[],{}
2,0,1130,(Z2)^3,Z2xZ2,0,0,0,[],{}
2,0,1132,(Z2)^3,Z2xZ2,0,0,0,[],{}
2,0,1134,(Z2)^3,Z2xZ2,0,0,0,[],{}
2,0,1175,(Z2)^3,Z2,0,0,0,[],{}
2,1,0,Z2xZ2,(Z2)^3,0,0,0,[],{}
2,1,1,Z2xZ2,Z2xZ2,54,54,0,[1],{1: 54}
2,1,2,Z2xZ2,Z2xZ2,0,0,0,[],{}
2,1,4,Z2xZ2,Z2xZ2,0,0,0,[],{}
2,1,5,Z2xZ2,Z2xZ2,54,54,0,[5],{5: 54}
2,1,6,Z2xZ2,Z2xZ2,54,54,0,[6],{6: 54}
2,1,10,Z2xZ2,Z2xZ2,0,0,0,[],{}
2,1,20,Z2xZ2,Z2xZ2,0,0,0,[],{}
2,1,30,Z2xZ2,Z2xZ2,0,0,0,[],{}
2,1,34,Z2xZ2,Z2,0,0,0,[],{}
2,1,40,Z2xZ2,Z2xZ2,0,0,0,[],{}
2,1,50,Z2xZ2,Z2xZ2,0,0,0,[],{}
2,1,52,Z2xZ2,Z2xZ2,0,0,0,[],{}
2,1,54,Z2xZ2,Z2xZ2,0,0,0,[],{}
2,1,95,Z2xZ2,Z2,0,0,0,[],{}
2,1,125,Z2xZ2,Z2xZ2,0,0,0,[],{}
2,1,126,Z2xZ2,Z2xZ2,0,0,0,[],{}
2,1,127,Z2xZ2,Z2xZ2,0,0,0,[],{}
2,1,131,Z2xZ2,Z2xZ2,0,0,0,[],{}
2,1,132,Z2xZ2,Z2xZ2,0,0,0,[],{}
2,1,133,Z2xZ2,Z2xZ2,0,0,0,[],{}
2,1,137,Z2xZ2,Z2xZ2,0,0,0,[],{}
2,1,138,Z2xZ2,Z2xZ2,0,0,0,[],{}
2,1,139,Z2xZ2,Z2xZ2,0,0,0,[],{}
2,1,143,Z2xZ2,Z2,0,0,0,[],{}
2,1,161,Z2xZ2,Z2,0,0,0,[],{}
2,1,179,Z2xZ2,Z2,0,0,0,[],{}
2,1,185,Z2xZ2,Z2,0,0,0,[],{}
2,1,191,Z2xZ2,Z2,0,0,0,[],{}
2,1,197,Z2xZ2,Z2,0,0,0,[],{}
2,1,215,Z2xZ2,Z2,0,0,0,[],{}
2,1,296,Z2xZ2,Trivial,0,0,0,[],{}
2,1,350,Z2xZ2,Z2xZ2,0,0,0,[],{}
2,1,354,Z2xZ2,Z2,0,0,0,[],{}
2,1,360,Z2xZ2,Z2xZ2,0,0,0,[],{}
2,1,370,Z2xZ2,Z2xZ2,0,0,0,[],{}
2,1,380,Z2xZ2,Z2xZ2,0,0,0,[],{}
2,1,390,Z2xZ2,Z2xZ2,0,0,0,[],{}
2,1,394,Z2xZ2,Z2,0,0,0,[],{}
2,1,400,Z2xZ2,Z2xZ2,0,0,0,[],{}
2,1,410,Z2xZ2,Z2xZ2,0,0,0,[],{}
2,1,420,Z2xZ2,Z2xZ2,0,0,0,[],{}
2,1,430,Z2xZ2,Z2xZ2,0,0,0,[],{}
2,1,434,Z2xZ2,Z2,0,0,0,[],{}
2,1,440,Z2xZ2,Z2,0,0,0,[],{}
2,1,500,Z2xZ2,Z2,0,0,0,[],{}
2,1,560,Z2xZ2,Z2,0,0,0,[],{}
2,1,980,Z2xZ2,Z2xZ2,0,0,0,[],{}
2,1,982,Z2xZ2,Z2xZ2,0,0,0,[],{}
2,1,984,Z2xZ2,Z2xZ2,0,0,0,[],{}
2,1,986,Z2xZ2,Z2,0,0,0,[],{}
2,1,995,Z2xZ2,Z2,0,0,0,[],{}
2,1,1010,Z2xZ2,Z2,0,0,0,[],{}
2,1,1025,Z2xZ2,Z2,0,0,0,[],{}
2,1,1031,Z2xZ2,Trivial,0,0,0,[],{}
2,1,1040,Z2xZ2,Z2,0,0,0,[],{}
2,1,1055,Z2xZ2,Z2xZ2,0,0,0,[],{}
2,1,1057,Z2xZ2,Z2xZ2,0,0,0,[],{}
2,1,1059,Z2xZ2,Z2xZ2,0,0,0,[],{}
2,1,1100,Z2xZ2,Z2,0,0,0,[],{}
2,1,1130,Z2xZ2,Z2xZ2,0,0,0,[],{}
2,1,1132,Z2xZ2,Z2xZ2,0,0,0,[],{}
2,1,1134,Z2xZ2,Z2xZ2,0,0,0,[],{}
2,1,1175,Z2xZ2,Z2,0,0,0,[],{}
2,2,0,Z2xZ2,(Z2)^3,0,0,0,[],{}
2,2,1,Z2xZ2,Z2xZ2,0,0,0,[],{}
2,2,2,Z2xZ2,Z2xZ2,54,54,0,[2],{2: 54}
2,2,4,Z2xZ2,Z2xZ2,0,0,0,[],{}
2,2,5,Z2xZ2,Z2xZ2,0,0,0,[],{}
2,2,6,Z2xZ2,Z2xZ2,0,0,0,[],{}
2,2,10,Z2xZ2,Z2xZ2,0,0,0,[],{}
2,2,20,Z2xZ2,Z2xZ2,0,0,0,[],{}
2,2,30,Z2xZ2,Z2xZ2,0,0,0,[],{}
2,2,34,Z2xZ2,Z2,0,0,0,[],{}
2,2,40,Z2xZ2,Z2xZ2,0,0,0,[],{}
2,2,50,Z2xZ2,Z2xZ2,0,0,0,[],{}
2,2,52,Z2xZ2,Z2xZ2,54,54,0,[52],{52: 54}
2,2,54,Z2xZ2,Z2xZ2,54,54,0,[54],{54: 54}
2,2,95,Z2xZ2,Z2,0,0,0,[],{}
2,2,125,Z2xZ2,Z2xZ2,0,0,0,[],{}
2,2,126,Z2xZ2,Z2xZ2,0,0,0,[],{}
2,2,127,Z2xZ2,Z2xZ2,0,0,0,[],{}
2,2,131,Z2xZ2,Z2xZ2,0,0,0,[],{}
2,2,132,Z2xZ2,Z2xZ2,0,0,0,[],{}
2,2,133,Z2xZ2,Z2xZ2,0,0,0,[],{}
2,2,137,Z2xZ2,Z2xZ2,0,0,0,[],{}
2,2,138,Z2xZ2,Z2xZ2,0,0,0,[],{}
2,2,139,Z2xZ2,Z2xZ2,0,0,0,[],{}
2,2,143,Z2xZ2,Z2,0,0,0,[],{}
2,2,161,Z2xZ2,Z2,0,0,0,[],{}
2,2,179,Z2xZ2,Z2,0,0,0,[],{}
2,2,185,Z2xZ2,Z2,0,0,0,[],{}
2,2,191,Z2xZ2,Z2,0,0,0,[],{}
2,2,197,Z2xZ2,Z2,0,0,0,[],{}
2,2,215,Z2xZ2,Z2,0,0,0,[],{}
2,2,296,Z2xZ2,Trivial,0,0,0,[],{}
2,2,350,Z2xZ2,Z2xZ2,0,0,0,[],{}
2,2,354,Z2xZ2,Z2,0,0,0,[],{}
2,2,360,Z2xZ2,Z2xZ2,0,0,0,[],{}
2,2,370,Z2xZ2,Z2xZ2,0,0,0,[],{}
2,2,380,Z2xZ2,Z2xZ2,0,0,0,[],{}
2,2,390,Z2xZ2,Z2xZ2,0,0,0,[],{}
2,2,394,Z2xZ2,Z2,0,0,0,[],{}
2,2,400,Z2xZ2,Z2xZ2,0,0,0,[],{}
2,2,410,Z2xZ2,Z2xZ2,0,0,0,[],{}
2,2,420,Z2xZ2,Z2xZ2,0,0,0,[],{}
2,2,430,Z2xZ2,Z2xZ2,0,0,0,[],{}
2,2,434,Z2xZ2,Z2,0,0,0,[],{}
2,2,440,Z2xZ2,Z2,0,0,0,[],{}
2,2,500,Z2xZ2,Z2,0,0,0,[],{}
2,2,560,Z2xZ2,Z2,0,0,0,[],{}
2,2,980,Z2xZ2,Z2xZ2,0,0,0,[],{}
2,2,982,Z2xZ2,Z2xZ2,0,0,0,[],{}
2,2,984,Z2xZ2,Z2xZ2,0,0,0,[],{}
2,2,986,Z2xZ2,Z2,0,0,0,[],{}
2,2,995,Z2xZ2,Z2,0,0,0,[],{}
2,2,1010,Z2xZ2,Z2,0,0,0,[],{}
2,2,1025,Z2xZ2,Z2,0,0,0,[],{}
2,2,1031,Z2xZ2,Trivial,0,0,0,[],{}
2,2,1040,Z2xZ2,Z2,0,0,0,[],{}
2,2,1055,Z2xZ2,Z2xZ2,0,0,0,[],{}
2,2,1057,Z2xZ2,Z2xZ2,0,0,0,[],{}
2,2,1059,Z2xZ2,Z2xZ2,0,0,0,[],{}
2,2,1100,Z2xZ2,Z2,0,0,0,[],{}
2,2,1130,Z2xZ2,Z2xZ2,0,0,0,[],{}
2,2,1132,Z2xZ2,Z2xZ2,0,0,0,[],{}
2,2,1134,Z2xZ2,Z2xZ2,0,0,0,[],{}
2,2,1175,Z2xZ2,Z2,0,0,0,[],{}
2,4,0,Z2xZ2,(Z2)^3,0,0,0,[],{}
2,4,1,Z2xZ2,Z2xZ2,0,0,0,[],{}
2,4,2,Z2xZ2,Z2xZ2,0,0,0,[],{}
2,4,4,Z2xZ2,Z2xZ2,0,0,0,[],{}
2,4,5,Z2xZ2,Z2xZ2,0,0,0,[],{}
2,4,6,Z2xZ2,Z2xZ2,0,0,0,[],{}
2,4,10,Z2xZ2,Z2xZ2,0,0,0,[],{}
2,4,20,Z2xZ2,Z2xZ2,0,0,0,[],{}
2,4,30,Z2xZ2,Z2xZ2,0,0,0,[],{}
2,4,34,Z2xZ2,Z2,0,0,0,[],{}
2,4,40,Z2xZ2,Z2xZ2,0,0,0,[],{}
2,4,50,Z2xZ2,Z2xZ2,0,0,0,[],{}
2,4,52,Z2xZ2,Z2xZ2,0,0,0,[],{}
2,4,54,Z2xZ2,Z2xZ2,0,0,0,[],{}
2,4,95,Z2xZ2,Z2,0,0,0,[],{}
2,4,125,Z2xZ2,Z2xZ2,54,54,0,[0],{0: 54}
2,4,126,Z2xZ2,Z2xZ2,0,0,0,[],{}
2,4,127,Z2xZ2,Z2xZ2,0,0,0,[],{}
2,4,131,Z2xZ2,Z2xZ2,54,54,0,[4],{4: 54}
2,4,132,Z2xZ2,Z2xZ2,0,0,0,[],{}
2,4,133,Z2xZ2,Z2xZ2,0,0,0,[],{}
2,4,137,Z2xZ2,Z2xZ2,54,54,0,[4],{4: 54}
2,4,138,Z2xZ2,Z2xZ2,0,0,0,[],{}
2,4,139,Z2xZ2,Z2xZ2,0,0,0,[],{}
2,4,143,Z2xZ2,Z2,108,108,0,[10],{10: 108}
2,4,161,Z2xZ2,Z2,108,108,0,[20],{20: 108}
2,4,179,Z2xZ2,Z2,108,108,0,[30],{30: 108}
2,4,185,Z2xZ2,Z2,108,108,0,[34],{34: 108}
2,4,191,Z2xZ2,Z2,108,108,0,[34],{34: 108}
2,4,197,Z2xZ2,Z2,108,108,0,[40],{40: 108}
2,4,215,Z2xZ2,Z2,108,108,0,[50],{50: 108}
2,4,296,Z2xZ2,Trivial,216,216,0,[95],{95: 216}
2,4,350,Z2xZ2,Z2xZ2,0,0,0,[],{}
2,4,354,Z2xZ2,Z2,0,0,0,[],{}
2,4,360,Z2xZ2,Z2xZ2,0,0,0,[],{}
2,4,370,Z2xZ2,Z2xZ2,0,0,0,[],{}
2,4,380,Z2xZ2,Z2xZ2,0,0,0,[],{}
2,4,390,Z2xZ2,Z2xZ2,0,0,0,[],{}
2,4,394,Z2xZ2,Z2,0,0,0,[],{}
2,4,400,Z2xZ2,Z2xZ2,0,0,0,[],{}
2,4,410,Z2xZ2,Z2xZ2,0,0,0,[],{}
2,4,420,Z2xZ2,Z2xZ2,0,0,0,[],{}
2,4,430,Z2xZ2,Z2xZ2,0,0,0,[],{}
2,4,434,Z2xZ2,Z2,0,0,0,[],{}
2,4,440,Z2xZ2,Z2,0,0,0,[],{}
2,4,500,Z2xZ2,Z2,0,0,0,[],{}
2,4,560,Z2xZ2,Z2,0,0,0,[],{}
2,4,980,Z2xZ2,Z2xZ2,0,0,0,[],{}
2,4,982,Z2xZ2,Z2xZ2,0,0,0,[],{}
2,4,984,Z2xZ2,Z2xZ2,0,0,0,[],{}
2,4,986,Z2xZ2,Z2,0,0,0,[],{}
2,4,995,Z2xZ2,Z2,0,0,0,[],{}
2,4,1010,Z2xZ2,Z2,0,0,0,[],{}
2,4,1025,Z2xZ2,Z2,0,0,0,[],{}
2,4,1031,Z2xZ2,Trivial,0,0,0,[],{}
2,4,1040,Z2xZ2,Z2,0,0,0,[],{}
2,4,1055,Z2xZ2,Z2xZ2,0,0,0,[],{}
2,4,1057,Z2xZ2,Z2xZ2,0,0,0,[],{}
2,4,1059,Z2xZ2,Z2xZ2,0,0,0,[],{}
2,4,1100,Z2xZ2,Z2,0,0,0,[],{}
2,4,1130,Z2xZ2,Z2xZ2,0,0,0,[],{}
2,4,1132,Z2xZ2,Z2xZ2,0,0,0,[],{}
2,4,1134,Z2xZ2,Z2xZ2,0,0,0,[],{}
2,4,1175,Z2xZ2,Z2,0,0,0,[],{}
2,5,0,Z2xZ2,(Z2)^3,0,0,0,[],{}
2,5,1,Z2xZ2,Z2xZ2,0,0,0,[],{}
2,5,2,Z2xZ2,Z2xZ2,0,0,0,[],{}
2,5,4,Z2xZ2,Z2xZ2,0,0,0,[],{}
2,5,5,Z2xZ2,Z2xZ2,0,0,0,[],{}
2,5,6,Z2xZ2,Z2xZ2,0,0,0,[],{}
2,5,10,Z2xZ2,Z2xZ2,0,0,0,[],{}
2,5,20,Z2xZ2,Z2xZ2,0,0,0,[],{}
2,5,30,Z2xZ2,Z2xZ2,0,0,0,[],{}
2,5,34,Z2xZ2,Z2,0,0,0,[],{}
2,5,40,Z2xZ2,Z2xZ2,0,0,0,[],{}
2,5,50,Z2xZ2,Z2xZ2,0,0,0,[],{}
2,5,52,Z2xZ2,Z2xZ2,0,0,0,[],{}
2,5,54,Z2xZ2,Z2xZ2,0,0,0,[],{}
2,5,95,Z2xZ2,Z2,0,0,0,[],{}
2,5,125,Z2xZ2,Z2xZ2,0,0,0,[],{}
2,5,126,Z2xZ2,Z2xZ2,54,54,0,[1],{1: 54}
2,5,127,Z2xZ2,Z2xZ2,0,0,0,[],{}
2,5,131,Z2xZ2,Z2xZ2,0,0,0,[],{}
2,5,132,Z2xZ2,Z2xZ2,54,54,0,[5],{5: 54}
2,5,133,Z2xZ2,Z2xZ2,0,0,0,[],{}
2,5,137,Z2xZ2,Z2xZ2,0,0,0,[],{}
2,5,138,Z2xZ2,Z2xZ2,54,54,0,[6],{6: 54}
2,5,139,Z2xZ2,Z2xZ2,0,0,0,[],{}
2,5,143,Z2xZ2,Z2,0,0,0,[],{}
2,5,161,Z2xZ2,Z2,0,0,0,[],{}
2,5,179,Z2xZ2,Z2,0,0,0,[],{}
2,5,185,Z2xZ2,Z2,0,0,0,[],{}
2,5,191,Z2xZ2,Z2,0,0,0,[],{}
2,5,197,Z2xZ2,Z2,0,0,0,[],{}
2,5,215,Z2xZ2,Z2,0,0,0,[],{}
2,5,296,Z2xZ2,Trivial,0,0,0,[],{}
2,5,350,Z2xZ2,Z2xZ2,0,0,0,[],{}
2,5,354,Z2xZ2,Z2,0,0,0,[],{}
2,5,360,Z2xZ2,Z2xZ2,0,0,0,[],{}
2,5,370,Z2xZ2,Z2xZ2,0,0,0,[],{}
2,5,380,Z2xZ2,Z2xZ2,0,0,0,[],{}
2,5,390,Z2xZ2,Z2xZ2,0,0,0,[],{}
2,5,394,Z2xZ2,Z2,0,0,0,[],{}
2,5,400,Z2xZ2,Z2xZ2,0,0,0,[],{}
2,5,410,Z2xZ2,Z2xZ2,0,0,0,[],{}
2,5,420,Z2xZ2,Z2xZ2,0,0,0,[],{}
2,5,430,Z2xZ2,Z2xZ2,0,0,0,[],{}
2,5,434,Z2xZ2,Z2,0,0,0,[],{}
2,5,440,Z2xZ2,Z2,0,0,0,[],{}
2,5,500,Z2xZ2,Z2,0,0,0,[],{}
2,5,560,Z2xZ2,Z2,0,0,0,[],{}
2,5,980,Z2xZ2,Z2xZ2,0,0,0,[],{}
2,5,982,Z2xZ2,Z2xZ2,0,0,0,[],{}
2,5,984,Z2xZ2,Z2xZ2,0,0,0,[],{}
2,5,986,Z2xZ2,Z2,0,0,0,[],{}
2,5,995,Z2xZ2,Z2,0,0,0,[],{}
2,5,1010,Z2xZ2,Z2,0,0,0,[],{}
2,5,1025,Z2xZ2,Z2,0,0,0,[],{}
2,5,1031,Z2xZ2,Trivial,0,0,0,[],{}
2,5,1040,Z2xZ2,Z2,0,0,0,[],{}
2,5,1055,Z2xZ2,Z2xZ2,0,0,0,[],{}
2,5,1057,Z2xZ2,Z2xZ2,0,0,0,[],{}
2,5,1059,Z2xZ2,Z2xZ2,0,0,0,[],{}
2,5,1100,Z2xZ2,Z2,0,0,0,[],{}
2,5,1130,Z2xZ2,Z2xZ2,0,0,0,[],{}
2,5,1132,Z2xZ2,Z2xZ2,0,0,0,[],{}
2,5,1134,Z2xZ2,Z2xZ2,0,0,0,[],{}
2,5,1175,Z2xZ2,Z2,0,0,0,[],{}
2,6,0,Z2xZ2,(Z2)^3,0,0,0,[],{}
2,6,1,Z2xZ2,Z2xZ2,0,0,0,[],{}
2,6,2,Z2xZ2,Z2xZ2,0,0,0,[],{}
2,6,4,Z2xZ2,Z2xZ2,0,0,0,[],{}
2,6,5,Z2xZ2,Z2xZ2,0,0,0,[],{}
2,6,6,Z2xZ2,Z2xZ2,0,0,0,[],{}
2,6,10,Z2xZ2,Z2xZ2,0,0,0,[],{}
2,6,20,Z2xZ2,Z2xZ2,0,0,0,[],{}
2,6,30,Z2xZ2,Z2xZ2,0,0,0,[],{}
2,6,34,Z2xZ2,Z2,0,0,0,[],{}
2,6,40,Z2xZ2,Z2xZ2,0,0,0,[],{}
2,6,50,Z2xZ2,Z2xZ2,0,0,0,[],{}
2,6,52,Z2xZ2,Z2xZ2,0,0,0,[],{}
2,6,54,Z2xZ2,Z2xZ2,0,0,0,[],{}
2,6,95,Z2xZ2,Z2,0,0,0,[],{}
2,6,125,Z2xZ2,Z2xZ2,0,0,0,[],{}
2,6,126,Z2xZ2,Z2xZ2,0,0,0,[],{}
2,6,127,Z2xZ2,Z2xZ2,54,54,0,[1],{1: 54}
2,6,131,Z2xZ2,Z2xZ2,0,0,0,[],{}
2,6,132,Z2xZ2,Z2xZ2,0,0,0,[],{}
2,6,133,Z2xZ2,Z2xZ2,54,54,0,[6],{6: 54}
2,6,137,Z2xZ2,Z2xZ2,0,0,0,[],{}
2,6,138,Z2xZ2,Z2xZ2,0,0,0,[],{}
2,6,139,Z2xZ2,Z2xZ2,54,54,0,[5],{5: 54}
2,6,143,Z2xZ2,Z2,0,0,0,[],{}
2,6,161,Z2xZ2,Z2,0,0,0,[],{}
2,6,179,Z2xZ2,Z2,0,0,0,[],{}
2,6,185,Z2xZ2,Z2,0,0,0,[],{}
2,6,191,Z2xZ2,Z2,0,0,0,[],{}
2,6,197,Z2xZ2,Z2,0,0,0,[],{}
2,6,215,Z2xZ2,Z2,0,0,0,[],{}
2,6,296,Z2xZ2,Trivial,0,0,0,[],{}
2,6,350,Z2xZ2,Z2xZ2,0,0,0,[],{}
2,6,354,Z2xZ2,Z2,0,0,0,[],{}
2,6,360,Z2xZ2,Z2xZ2,0,0,0,[],{}
2,6,370,Z2xZ2,Z2xZ2,0,0,0,[],{}
2,6,380,Z2xZ2,Z2xZ2,0,0,0,[],{}
2,6,390,Z2xZ2,Z2xZ2,0,0,0,[],{}
2,6,394,Z2xZ2,Z2,0,0,0,[],{}
2,6,400,Z2xZ2,Z2xZ2,0,0,0,[],{}
2,6,410,Z2xZ2,Z2xZ2,0,0,0,[],{}
2,6,420,Z2xZ2,Z2xZ2,0,0,0,[],{}
2,6,430,Z2xZ2,Z2xZ2,0,0,0,[],{}
2,6,434,Z2xZ2,Z2,0,0,0,[],{}
2,6,440,Z2xZ2,Z2,0,0,0,[],{}
2,6,500,Z2xZ2,Z2,0,0,0,[],{}
2,6,560,Z2xZ2,Z2,0,0,0,[],{}
2,6,980,Z2xZ2,Z2xZ2,0,0,0,[],{}
2,6,982,Z2xZ2,Z2xZ2,0,0,0,[],{}
2,6,984,Z2xZ2,Z2xZ2,0,0,0,[],{}
2,6,986,Z2xZ2,Z2,0,0,0,[],{}
2,6,995,Z2xZ2,Z2,0,0,0,[],{}
2,6,1010,Z2xZ2,Z2,0,0,0,[],{}
2,6,1025,Z2xZ2,Z2,0,0,0,[],{}
2,6,1031,Z2xZ2,Trivial,0,0,0,[],{}
2,6,1040,Z2xZ2,Z2,0,0,0,[],{}
2,6,1055,Z2xZ2,Z2xZ2,0,0,0,[],{}
2,6,1057,Z2xZ2,Z2xZ2,0,0,0,[],{}
2,6,1059,Z2xZ2,Z2xZ2,0,0,0,[],{}
2,6,1100,Z2xZ2,Z2,0,0,0,[],{}
2,6,1130,Z2xZ2,Z2xZ2,0,0,0,[],{}
2,6,1132,Z2xZ2,Z2xZ2,0,0,0,[],{}
2,6,1134,Z2xZ2,Z2xZ2,0,0,0,[],{}
2,6,1175,Z2xZ2,Z2,0,0,0,[],{}
2,10,0,Z2xZ2,(Z2)^3,0,0,0,[],{}
2,10,1,Z2xZ2,Z2xZ2,0,0,0,[],{}
2,10,2,Z2xZ2,Z2xZ2,0,0,0,[],{}
2,10,4,Z2xZ2,Z2xZ2,0,0,0,[],{}
2,10,5,Z2xZ2,Z2xZ2,0,0,0,[],{}
2,10,6,Z2xZ2,Z2xZ2,0,0,0,[],{}
2,10,10,Z2xZ2,Z2xZ2,0,0,0,[],{}
2,10,20,Z2xZ2,Z2xZ2,0,0,0,[],{}
2,10,30,Z2xZ2,Z2xZ2,0,0,0,[],{}
2,10,34,Z2xZ2,Z2,0,0,0,[],{}
2,10,40,Z2xZ2,Z2xZ2,0,0,0,[],{}
2,10,50,Z2xZ2,Z2xZ2,0,0,0,[],{}
2,10,52,Z2xZ2,Z2xZ2,0,0,0,[],{}
2,10,54,Z2xZ2,Z2xZ2,0,0,0,[],{}
2,10,95,Z2xZ2,Z2,0,0,0,[],{}
2,10,125,Z2xZ2,Z2xZ2,0,0,0,[],{}
2,10,126,Z2xZ2,Z2xZ2,0,0,0,[],{}
2,10,127,Z2xZ2,Z2xZ2,0,0,0,[],{}
2,10,131,Z2xZ2,Z2xZ2,0,0,0,[],{}
2,10,132,Z2xZ2,Z2xZ2,0,0,0,[],{}
2,10,133,Z2xZ2,Z2xZ2,0,0,0,[],{}
2,10,137,Z2xZ2,Z2xZ2,0,0,0,[],{}
2,10,138,Z2xZ2,Z2xZ2,0,0,0,[],{}
2,10,139,Z2xZ2,Z2xZ2,0,0,0,[],{}
2,10,143,Z2xZ2,Z2,0,0,0,[],{}
2,10,161,Z2xZ2,Z2,0,0,0,[],{}
2,10,179,Z2xZ2,Z2,0,0,0,[],{}
2,10,185,Z2xZ2,Z2,0,0,0,[],{}
2,10,191,Z2xZ2,Z2,0,0,0,[],{}
2,10,197,Z2xZ2,Z2,0,0,0,[],{}
2,10,215,Z2xZ2,Z2,0,0,0,[],{}
2,10,296,Z2xZ2,Trivial,0,0,0,[],{}
2,10,350,Z2xZ2,Z2xZ2,54,54,0,[0],{0: 54}
2,10,354,Z2xZ2,Z2,108,108,0,[4],{4: 108}
2,10,360,Z2xZ2,Z2xZ2,54,54,0,[10],{10: 54}
2,10,370,Z2xZ2,Z2xZ2,54,54,0,[10],{10: 54}
2,10,380,Z2xZ2,Z2xZ2,54,54,0,[20],{20: 54}
2,10,390,Z2xZ2,Z2xZ2,54,54,0,[30],{30: 54}
2,10,394,Z2xZ2,Z2,108,108,0,[34],{34: 108}
2,10,400,Z2xZ2,Z2xZ2,54,54,0,[40],{40: 54}
2,10,410,Z2xZ2,Z2xZ2,54,54,0,[20],{20: 54}
2,10,420,Z2xZ2,Z2xZ2,54,54,0,[40],{40: 54}
2,10,430,Z2xZ2,Z2xZ2,54,54,0,[30],{30: 54}
2,10,434,Z2xZ2,Z2,108,108,0,[34],{34: 108}
2,10,440,Z2xZ2,Z2,108,108,0,[50],{50: 108}
2,10,500,Z2xZ2,Z2,108,108,0,[95],{95: 108}
2,10,560,Z2xZ2,Z2,108,108,0,[95],{95: 108}
2,10,980,Z2xZ2,Z2xZ2,0,0,0,[],{}
2,10,982,Z2xZ2,Z2xZ2,0,0,0,[],{}
2,10,984,Z2xZ2,Z2xZ2,0,0,0,[],{}
2,10,986,Z2xZ2,Z2,0,0,0,[],{}
2,10,995,Z2xZ2,Z2,0,0,0,[],{}
2,10,1010,Z2xZ2,Z2,0,0,0,[],{}
2,10,1025,Z2xZ2,Z2,0,0,0,[],{}
2,10,1031,Z2xZ2,Trivial,0,0,0,[],{}
2,10,1040,Z2xZ2,Z2,0,0,0,[],{}
2,10,1055,Z2xZ2,Z2xZ2,0,0,0,[],{}
2,10,1057,Z2xZ2,Z2xZ2,0,0,0,[],{}
2,10,1059,Z2xZ2,Z2xZ2,0,0,0,[],{}
2,10,1100,Z2xZ2,Z2,0,0,0,[],{}
2,10,1130,Z2xZ2,Z2xZ2,0,0,0,[],{}
2,10,1132,Z2xZ2,Z2xZ2,0,0,0,[],{}
2,10,1134,Z2xZ2,Z2xZ2,0,0,0,[],{}
2,10,1175,Z2xZ2,Z2,0,0,0,[],{}
2,20,0,Z2xZ2,(Z2)^3,0,0,0,[],{}
2,20,1,Z2xZ2,Z2xZ2,0,0,0,[],{}
2,20,2,Z2xZ2,Z2xZ2,0,0,0,[],{}
2,20,4,Z2xZ2,Z2xZ2,0,0,0,[],{}
2,20,5,Z2xZ2,Z2xZ2,0,0,0,[],{}
2,20,6,Z2xZ2,Z2xZ2,0,0,0,[],{}
2,20,10,Z2xZ2,Z2xZ2,0,0,0,[],{}
2,20,20,Z2xZ2,Z2xZ2,0,0,0,[],{}
2,20,30,Z2xZ2,Z2xZ2,0,0,0,[],{}
2,20,34,Z2xZ2,Z2,0,0,0,[],{}
2,20,40,Z2xZ2,Z2xZ2,0,0,0,[],{}
2,20,50,Z2xZ2,Z2xZ2,0,0,0,[],{}
2,20,52,Z2xZ2,Z2xZ2,0,0,0,[],{}
2,20,54,Z2xZ2,Z2xZ2,0,0,0,[],{}
2,20,95,Z2xZ2,Z2,0,0,0,[],{}
2,20,125,Z2xZ2,Z2xZ2,0,0,0,[],{}
2,20,126,Z2xZ2,Z2xZ2,0,0,0,[],{}
2,20,127,Z2xZ2,Z2xZ2,0,0,0,[],{}
2,20,131,Z2xZ2,Z2xZ2,0,0,0,[],{}
2,20,132,Z2xZ2,Z2xZ2,0,0,0,[],{}
2,20,133,Z2xZ2,Z2xZ2,0,0,0,[],{}
2,20,137,Z2xZ2,Z2xZ2,0,0,0,[],{}
2,20,138,Z2xZ2,Z2xZ2,0,0,0,[],{}
2,20,139,Z2xZ2,Z2xZ2,0,0,0,[],{}
2,20,143,Z2xZ2,Z2,0,0,0,[],{}
2,20,161,Z2xZ2,Z2,0,0,0,[],{}
2,20,179,Z2xZ2,Z2,0,0,0,[],{}
2,20,185,Z2xZ2,Z2,0,0,0,[],{}
2,20,191,Z2xZ2,Z2,0,0,0,[],{}
2,20,197,Z2xZ2,Z2,0,0,0,[],{}
2,20,215,Z2xZ2,Z2,0,0,0,[],{}
2,20,296,Z2xZ2,Trivial,0,0,0,[],{}
2,20,350,Z2xZ2,Z2xZ2,54,54,0,[30],{30: 54}
2,20,354,Z2xZ2,Z2,108,108,0,[34],{34: 108}
2,20,360,Z2xZ2,Z2xZ2,54,54,0,[20],{20: 54}
2,20,370,Z2xZ2,Z2xZ2,54,54,0,[40],{40: 54}
2,20,380,Z2xZ2,Z2xZ2,54,54,0,[10],{10: 54}
2,20,390,Z2xZ2,Z2xZ2,54,54,0,[0],{0: 54}
2,20,394,Z2xZ2,Z2,108,108,0,[4],{4: 108}
2,20,400,Z2xZ2,Z2xZ2,54,54,0,[10],{10: 54}
2,20,410,Z2xZ2,Z2xZ2,54,54,0,[40],{40: 54}
2,20,420,Z2xZ2,Z2xZ2,54,54,0,[20],{20: 54}
2,20,430,Z2xZ2,Z2xZ2,54,54,0,[30],{30: 54}
2,20,434,Z2xZ2,Z2,108,108,0,[34],{34: 108}
2,20,440,Z2xZ2,Z2,108,108,0,[95],{95: 108}
2,20,500,Z2xZ2,Z2,108,108,0,[50],{50: 108}
2,20,560,Z2xZ2,Z2,108,108,0,[95],{95: 108}
2,20,980,Z2xZ2,Z2xZ2,0,0,0,[],{}
2,20,982,Z2xZ2,Z2xZ2,0,0,0,[],{}
2,20,984,Z2xZ2,Z2xZ2,0,0,0,[],{}
2,20,986,Z2xZ2,Z2,0,0,0,[],{}
2,20,995,Z2xZ2,Z2,0,0,0,[],{}
2,20,1010,Z2xZ2,Z2,0,0,0,[],{}
2,20,1025,Z2xZ2,Z2,0,0,0,[],{}
2,20,1031,Z2xZ2,Trivial,0,0,0,[],{}
2,20,1040,Z2xZ2,Z2,0,0,0,[],{}
2,20,1055,Z2xZ2,Z2xZ2,0,0,0,[],{}
2,20,1057,Z2xZ2,Z2xZ2,0,0,0,[],{}
2,20,1059,Z2xZ2,Z2xZ2,0,0,0,[],{}
2,20,1100,Z2xZ2,Z2,0,0,0,[],{}
2,20,1130,Z2xZ2,Z2xZ2,0,0,0,[],{}
2,20,1132,Z2xZ2,Z2xZ2,0,0,0,[],{}
2,20,1134,Z2xZ2,Z2xZ2,0,0,0,[],{}
2,20,1175,Z2xZ2,Z2,0,0,0,[],{}
2,30,0,Z2xZ2,(Z2)^3,54,54,0,[30],{30: 54}
2,30,1,Z2xZ2,Z2xZ2,0,0,0,[],{}
2,30,2,Z2xZ2,Z2xZ2,0,0,0,[],{}
2,30,4,Z2xZ2,Z2xZ2,108,108,0,[34],{34: 108}
2,30,5,Z2xZ2,Z2xZ2,0,0,0,[],{}
2,30,6,Z2xZ2,Z2xZ2,0,0,0,[],{}
2,30,10,Z2xZ2,Z2xZ2,108,108,0,"[20, 40]","{20: 54, 40: 54}"
2,30,20,Z2xZ2,Z2xZ2,108,108,0,"[10, 40]","{10: 54, 40: 54}"
2,30,30,Z2xZ2,Z2xZ2,108,108,0,"[0, 30]","{0: 54, 30: 54}"
2,30,34,Z2xZ2,Z2,216,216,0,"[4, 34]","{4: 108, 34: 108}"
2,30,40,Z2xZ2,Z2xZ2,108,108,0,"[10, 20]","{10: 54, 20: 54}"
2,30,50,Z2xZ2,Z2xZ2,108,108,0,[95],{95: 108}
2,30,52,Z2xZ2,Z2xZ2,0,0,0,[],{}
2,30,54,Z2xZ2,Z2xZ2,0,0,0,[],{}
2,30,95,Z2xZ2,Z2,216,216,0,"[50, 95]","{50: 108, 95: 108}"
2,30,125,Z2xZ2,Z2xZ2,0,0,0,[],{}
2,30,126,Z2xZ2,Z2xZ2,0,0,0,[],{}
2,30,127,Z2xZ2,Z2xZ2,0,0,0,[],{}
2,30,131,Z2xZ2,Z2xZ2,0,0,0,[],{}
2,30,132,Z2xZ2,Z2xZ2,0,0,0,[],{}
2,30,133,Z2xZ2,Z2xZ2,0,0,0,[],{}
2,30,137,Z2xZ2,Z2xZ2,0,0,0,[],{}
2,30,138,Z2xZ2,Z2xZ2,0,0,0,[],{}
2,30,139,Z2xZ2,Z2xZ2,0,0,0,[],{}
2,30,143,Z2xZ2,Z2,0,0,0,[],{}
2,30,161,Z2xZ2,Z2,0,0,0,[],{}
2,30,179,Z2xZ2,Z2,0,0,0,[],{}
2,30,185,Z2xZ2,Z2,0,0,0,[],{}
2,30,191,Z2xZ2,Z2,0,0,0,[],{}
2,30,197,Z2xZ2,Z2,0,0,0,[],{}
2,30,215,Z2xZ2,Z2,0,0,0,[],{}
2,30,296,Z2xZ2,Trivial,0,0,0,[],{}
2,30,350,Z2xZ2,Z2xZ2,0,0,0,[],{}
2,30,354,Z2xZ2,Z2,0,0,0,[],{}
2,30,360,Z2xZ2,Z2xZ2,0,0,0,[],{}
2,30,370,Z2xZ2,Z2xZ2,0,0,0,[],{}
2,30,380,Z2xZ2,Z2xZ2,0,0,0,[],{}
2,30,390,Z2xZ2,Z2xZ2,0,0,0,[],{}
2,30,394,Z2xZ2,Z2,0,0,0,[],{}
2,30,400,Z2xZ2,Z2xZ2,0,0,0,[],{}
2,30,410,Z2xZ2,Z2xZ2,0,0,0,[],{}
2,30,420,Z2xZ2,Z2xZ2,0,0,0,[],{}
2,30,430,Z2xZ2,Z2xZ2,0,0,0,[],{}
2,30,434,Z2xZ2,Z2,0,0,0,[],{}
2,30,440,Z2xZ2,Z2,0,0,0,[],{}
2,30,500,Z2xZ2,Z2,0,0,0,[],{}
2,30,560,Z2xZ2,Z2,0,0,0,[],{}
2,30,980,Z2xZ2,Z2xZ2,0,0,0,[],{}
2,30,982,Z2xZ2,Z2xZ2,0,0,0,[],{}
2,30,984,Z2xZ2,Z2xZ2,0,0,0,[],{}
2,30,986,Z2xZ2,Z2,0,0,0,[],{}
2,30,995,Z2xZ2,Z2,0,0,0,[],{}
2,30,1010,Z2xZ2,Z2,0,0,0,[],{}
2,30,1025,Z2xZ2,Z2,0,0,0,[],{}
2,30,1031,Z2xZ2,Trivial,0,0,0,[],{}
2,30,1040,Z2xZ2,Z2,0,0,0,[],{}
2,30,1055,Z2xZ2,Z2xZ2,0,0,0,[],{}
2,30,1057,Z2xZ2,Z2xZ2,0,0,0,[],{}
2,30,1059,Z2xZ2,Z2xZ2,0,0,0,[],{}
2,30,1100,Z2xZ2,Z2,0,0,0,[],{}
2,30,1130,Z2xZ2,Z2xZ2,0,0,0,[],{}
2,30,1132,Z2xZ2,Z2xZ2,0,0,0,[],{}
2,30,1134,Z2xZ2,Z2xZ2,0,0,0,[],{}
2,30,1175,Z2xZ2,Z2,0,0,0,[],{}
2,34,0,Z2,(Z2)^3,0,0,0,[],{}
2,34,1,Z2,Z2xZ2,0,0,0,[],{}
2,34,2,Z2,Z2xZ2,0,0,0,[],{}
2,34,4,Z2,Z2xZ2,0,0,0,[],{}
2,34,5,Z2,Z2xZ2,0,0,0,[],{}
2,34,6,Z2,Z2xZ2,0,0,0,[],{}
2,34,10,Z2,Z2xZ2,0,0,0,[],{}
2,34,20,Z2,Z2xZ2,0,0,0,[],{}
2,34,30,Z2,Z2xZ2,0,0,0,[],{}
2,34,34,Z2,Z2,0,0,0,[],{}
2,34,40,Z2,Z2xZ2,0,0,0,[],{}
2,34,50,Z2,Z2xZ2,0,0,0,[],{}
2,34,52,Z2,Z2xZ2,0,0,0,[],{}
2,34,54,Z2,Z2xZ2,0,0,0,[],{}
2,34,95,Z2,Z2,0,0,0,[],{}
2,34,125,Z2,Z2xZ2,108,108,0,[30],{30: 108}
2,34,126,Z2,Z2xZ2,0,0,0,[],{}
2,34,127,Z2,Z2xZ2,0,0,0,[],{}
2,34,131,Z2,Z2xZ2,108,108,0,[34],{34: 108}
2,34,132,Z2,Z2xZ2,0,0,0,[],{}
2,34,133,Z2,Z2xZ2,0,0,0,[],{}
2,34,137,Z2,Z2xZ2,108,108,0,[34],{34: 108}
2,34,138,Z2,Z2xZ2,0,0,0,[],{}
2,34,139,Z2,Z2xZ2,0,0,0,[],{}
2,34,143,Z2,Z2,216,216,0,"[20, 40]","{20: 108, 40: 108}"
2,34,161,Z2,Z2,216,216,0,"[10, 40]","{10: 108, 40: 108}"
2,34,179,Z2,Z2,216,216,0,"[0, 30]","{0: 108, 30: 108}"
2,34,185,Z2,Z2,216,216,0,"[4, 34]","{4: 108, 34: 108}"
2,34,191,Z2,Z2,216,216,0,"[4, 34]","{4: 108, 34: 108}"
2,34,197,Z2,Z2,216,216,0,"[10, 20]","{10: 108, 20: 108}"
2,34,215,Z2,Z2,216,216,0,[95],{95: 216}
2,34,296,Z2,Trivial,432,432,0,"[50, 95]","{50: 216, 95: 216}"
2,34,350,Z2,Z2xZ2,0,0,0,[],{}
2,34,354,Z2,Z2,0,0,0,[],{}
2,34,360,Z2,Z2xZ2,0,0,0,[],{}
2,34,370,Z2,Z2xZ2,0,0,0,[],{}
2,34,380,Z2,Z2xZ2,0,0,0,[],{}
2,34,390,Z2,Z2xZ2,0,0,0,[],{}
2,34,394,Z2,Z2,0,0,0,[],{}
2,34,400,Z2,Z2xZ2,0,0,0,[],{}
2,34,410,Z2,Z2xZ2,0,0,0,[],{}
2,34,420,Z2,Z2xZ2,0,0,0,[],{}
2,34,430,Z2,Z2xZ2,0,0,0,[],{}
2,34,434,Z2,Z2,0,0,0,[],{}
2,34,440,Z2,Z2,0,0,0,[],{}
2,34,500,Z2,Z2,0,0,0,[],{}
2,34,560,Z2,Z2,0,0,0,[],{}
2,34,980,Z2,Z2xZ2,0,0,0,[],{}
2,34,982,Z2,Z2xZ2,0,0,0,[],{}
2,34,984,Z2,Z2xZ2,0,0,0,[],{}
2,34,986,Z2,Z2,0,0,0,[],{}
2,34,995,Z2,Z2,0,0,0,[],{}
2,34,1010,Z2,Z2,0,0,0,[],{}
2,34,1025,Z2,Z2,0,0,0,[],{}
2,34,1031,Z2,Trivial,0,0,0,[],{}
2,34,1040,Z2,Z2,0,0,0,[],{}
2,34,1055,Z2,Z2xZ2,0,0,0,[],{}
2,34,1057,Z2,Z2xZ2,0,0,0,[],{}
2,34,1059,Z2,Z2xZ2,0,0,0,[],{}
2,34,1100,Z2,Z2,0,0,0,[],{}
2,34,1130,Z2,Z2xZ2,0,0,0,[],{}
2,34,1132,Z2,Z2xZ2,0,0,0,[],{}
2,34,1134,Z2,Z2xZ2,0,0,0,[],{}
2,34,1175,Z2,Z2,0,0,0,[],{}
2,40,0,Z2xZ2,(Z2)^3,0,0,0,[],{}
2,40,1,Z2xZ2,Z2xZ2,0,0,0,[],{}
2,40,2,Z2xZ2,Z2xZ2,0,0,0,[],{}
2,40,4,Z2xZ2,Z2xZ2,0,0,0,[],{}
2,40,5,Z2xZ2,Z2xZ2,0,0,0,[],{}
2,40,6,Z2xZ2,Z2xZ2,0,0,0,[],{}
2,40,10,Z2xZ2,Z2xZ2,0,0,0,[],{}
2,40,20,Z2xZ2,Z2xZ2,0,0,0,[],{}
2,40,30,Z2xZ2,Z2xZ2,0,0,0,[],{}
2,40,34,Z2xZ2,Z2,0,0,0,[],{}
2,40,40,Z2xZ2,Z2xZ2,0,0,0,[],{}
2,40,50,Z2xZ2,Z2xZ2,0,0,0,[],{}
2,40,52,Z2xZ2,Z2xZ2,0,0,0,[],{}
2,40,54,Z2xZ2,Z2xZ2,0,0,0,[],{}
2,40,95,Z2xZ2,Z2,0,0,0,[],{}
2,40,125,Z2xZ2,Z2xZ2,0,0,0,[],{}
2,40,126,Z2xZ2,Z2xZ2,0,0,0,[],{}
2,40,127,Z2xZ2,Z2xZ2,0,0,0,[],{}
2,40,131,Z2xZ2,Z2xZ2,0,0,0,[],{}
2,40,132,Z2xZ2,Z2xZ2,0,0,0,[],{}
2,40,133,Z2xZ2,Z2xZ2,0,0,0,[],{}
2,40,137,Z2xZ2,Z2xZ2,0,0,0,[],{}
2,40,138,Z2xZ2,Z2xZ2,0,0,0,[],{}
2,40,139,Z2xZ2,Z2xZ2,0,0,0,[],{}
2,40,143,Z2xZ2,Z2,0,0,0,[],{}
2,40,161,Z2xZ2,Z2,0,0,0,[],{}
2,40,179,Z2xZ2,Z2,0,0,0,[],{}
2,40,185,Z2xZ2,Z2,0,0,0,[],{}
2,40,191,Z2xZ2,Z2,0,0,0,[],{}
2,40,197,Z2xZ2,Z2,0,0,0,[],{}
2,40,215,Z2xZ2,Z2,0,0,0,[],{}
2,40,296,Z2xZ2,Trivial,0,0,0,[],{}
2,40,350,Z2xZ2,Z2xZ2,54,54,0,[30],{30: 54}
2,40,354,Z2xZ2,Z2,108,108,0,[34],{34: 108}
2,40,360,Z2xZ2,Z2xZ2,54,54,0,[40],{40: 54}
2,40,370,Z2xZ2,Z2xZ2,54,54,0,[20],{20: 54}
2,40,380,Z2xZ2,Z2xZ2,54,54,0,[40],{40: 54}
2,40,390,Z2xZ2,Z2xZ2,54,54,0,[30],{30: 54}
2,40,394,Z2xZ2,Z2,108,108,0,[34],{34: 108}
2,40,400,Z2xZ2,Z2xZ2,54,54,0,[20],{20: 54}
2,40,410,Z2xZ2,Z2xZ2,54,54,0,[10],{10: 54}
2,40,420,Z2xZ2,Z2xZ2,54,54,0,[10],{10: 54}
2,40,430,Z2xZ2,Z2xZ2,54,54,0,[0],{0: 54}
2,40,434,Z2xZ2,Z2,108,108,0,[4],{4: 108}
2,40,440,Z2xZ2,Z2,108,108,0,[95],{95: 108}
2,40,500,Z2xZ2,Z2,108,108,0,[95],{95: 108}
2,40,560,Z2xZ2,Z2,108,108,0,[50],{50: 108}
2,40,980,Z2xZ2,Z2xZ2,0,0,0,[],{}
2,40,982,Z2xZ2,Z2xZ2,0,0,0,[],{}
2,40,984,Z2xZ2,Z2xZ2,0,0,0,[],{}
2,40,986,Z2xZ2,Z2,0,0,0,[],{}
2,40,995,Z2xZ2,Z2,0,0,0,[],{}
2,40,1010,Z2xZ2,Z2,0,0,0,[],{}
2,40,1025,Z2xZ2,Z2,0,0,0,[],{}
2,40,1031,Z2xZ2,Trivial,0,0,0,[],{}
2,40,1040,Z2xZ2,Z2,0,0,0,[],{}
2,40,1055,Z2xZ2,Z2xZ2,0,0,0,[],{}
2,40,1057,Z2xZ2,Z2xZ2,0,0,0,[],{}
2,40,1059,Z2xZ2,Z2xZ2,0,0,0,[],{}
2,40,1100,Z2xZ2,Z2,0,0,0,[],{}
2,40,1130,Z2xZ2,Z2xZ2,0,0,0,[],{}
2,40,1132,Z2xZ2,Z2xZ2,0,0,0,[],{}
2,40,1134,Z2xZ2,Z2xZ2,0,0,0,[],{}
2,40,1175,Z2xZ2,Z2,0,0,0,[],{}
2,50,0,Z2xZ2,(Z2)^3,0,0,0,[],{}
2,50,1,Z2xZ2,Z2xZ2,0,0,0,[],{}
2,50,2,Z2xZ2,Z2xZ2,0,0,0,[],{}
2,50,4,Z2xZ2,Z2xZ2,0,0,0,[],{}
2,50,5,Z2xZ2,Z2xZ2,0,0,0,[],{}
2,50,6,Z2xZ2,Z2xZ2,0,0,0,[],{}
2,50,10,Z2xZ2,Z2xZ2,0,0,0,[],{}
2,50,20,Z2xZ2,Z2xZ2,0,0,0,[],{}
2,50,30,Z2xZ2,Z2xZ2,0,0,0,[],{}
2,50,34,Z2xZ2,Z2,0,0,0,[],{}
2,50,40,Z2xZ2,Z2xZ2,0,0,0,[],{}
2,50,50,Z2xZ2,Z2xZ2,0,0,0,[],{}
2,50,52,Z2xZ2,Z2xZ2,0,0,0,[],{}
2,50,54,Z2xZ2,Z2xZ2,0,0,0,[],{}
2,50,95,Z2xZ2,Z2,0,0,0,[],{}
2,50,125,Z2xZ2,Z2xZ2,0,0,0,[],{}
2,50,126,Z2xZ2,Z2xZ2,0,0,0,[],{}
2,50,127,Z2xZ2,Z2xZ2,0,0,0,[],{}
2,50,131,Z2xZ2,Z2xZ2,0,0,0,[],{}
2,50,132,Z2xZ2,Z2xZ2,0,0,0,[],{}
2,50,133,Z2xZ2,Z2xZ2,0,0,0,[],{}
2,50,137,Z2xZ2,Z2xZ2,0,0,0,[],{}
2,50,138,Z2xZ2,Z2xZ2,0,0,0,[],{}
2,50,139,Z2xZ2,Z2xZ2,0,0,0,[],{}
2,50,143,Z2xZ2,Z2,0,0,0,[],{}
2,50,161,Z2xZ2,Z2,0,0,0,[],{}
2,50,179,Z2xZ2,Z2,0,0,0,[],{}
2,50,185,Z2xZ2,Z2,0,0,0,[],{}
2,50,191,Z2xZ2,Z2,0,0,0,[],{}
2,50,197,Z2xZ2,Z2,0,0,0,[],{}
2,50,215,Z2xZ2,Z2,0,0,0,[],{}
2,50,296,Z2xZ2,Trivial,0,0,0,[],{}
2,50,350,Z2xZ2,Z2xZ2,0,0,0,[],{}
2,50,354,Z2xZ2,Z2,0,0,0,[],{}
2,50,360,Z2xZ2,Z2xZ2,0,0,0,[],{}
2,50,370,Z2xZ2,Z2xZ2,0,0,0,[],{}
2,50,380,Z2xZ2,Z2xZ2,0,0,0,[],{}
2,50,390,Z2xZ2,Z2xZ2,0,0,0,[],{}
2,50,394,Z2xZ2,Z2,0,0,0,[],{}
2,50,400,Z2xZ2,Z2xZ2,0,0,0,[],{}
2,50,410,Z2xZ2,Z2xZ2,0,0,0,[],{}
2,50,420,Z2xZ2,Z2xZ2,0,0,0,[],{}
2,50,430,Z2xZ2,Z2xZ2,0,0,0,[],{}
2,50,434,Z2xZ2,Z2,0,0,0,[],{}
2,50,440,Z2xZ2,Z2,0,0,0,[],{}
2,50,500,Z2xZ2,Z2,0,0,0,[],{}
2,50,560,Z2xZ2,Z2,0,0,0,[],{}
2,50,980,Z2xZ2,Z2xZ2,54,54,0,[0],{0: 54}
2,50,982,Z2xZ2,Z2xZ2,0,0,0,[],{}
2,50,984,Z2xZ2,Z2xZ2,0,0,0,[],{}
2,50,986,Z2xZ2,Z2,108,108,0,[4],{4: 108}
2,50,995,Z2xZ2,Z2,108,108,0,[10],{10: 108}
2,50,1010,Z2xZ2,Z2,108,108,0,[20],{20: 108}
2,50,1025,Z2xZ2,Z2,108,108,0,[30],{30: 108}
2,50,1031,Z2xZ2,Trivial,216,216,0,[34],{34: 216}
2,50,1040,Z2xZ2,Z2,108,108,0,[40],{40: 108}
2,50,1055,Z2xZ2,Z2xZ2,54,54,0,[50],{50: 54}
2,50,1057,Z2xZ2,Z2xZ2,0,0,0,[],{}
2,50,1059,Z2xZ2,Z2xZ2,0,0,0,[],{}
2,50,1100,Z2xZ2,Z2,108,108,0,[95],{95: 108}
2,50,1130,Z2xZ2,Z2xZ2,54,54,0,[50],{50: 54}
2,50,1132,Z2xZ2,Z2xZ2,0,0,0,[],{}
2,50,1134,Z2xZ2,Z2xZ2,0,0,0,[],{}
2,50,1175,Z2xZ2,Z2,108,108,0,[95],{95: 108}
2,52,0,Z2xZ2,(Z2)^3,0,0,0,[],{}
2,52,1,Z2xZ2,Z2xZ2,0,0,0,[],{}
2,52,2,Z2xZ2,Z2xZ2,0,0,0,[],{}
2,52,4,Z2xZ2,Z2xZ2,0,0,0,[],{}
2,52,5,Z2xZ2,Z2xZ2,0,0,0,[],{}
2,52,6,Z2xZ2,Z2xZ2,0,0,0,[],{}
2,52,10,Z2xZ2,Z2xZ2,0,0,0,[],{}
2,52,20,Z2xZ2,Z2xZ2,0,0,0,[],{}
2,52,30,Z2xZ2,Z2xZ2,0,0,0,[],{}
2,52,34,Z2xZ2,Z2,0,0,0,[],{}
2,52,40,Z2xZ2,Z2xZ2,0,0,0,[],{}
2,52,50,Z2xZ2,Z2xZ2,0,0,0,[],{}
2,52,52,Z2xZ2,Z2xZ2,0,0,0,[],{}
2,52,54,Z2xZ2,Z2xZ2,0,0,0,[],{}
2,52,95,Z2xZ2,Z2,0,0,0,[],{}
2,52,125,Z2xZ2,Z2xZ2,0,0,0,[],{}
2,52,126,Z2xZ2,Z2xZ2,0,0,0,[],{}
2,52,127,Z2xZ2,Z2xZ2,0,0,0,[],{}
2,52,131,Z2xZ2,Z2xZ2,0,0,0,[],{}
2,52,132,Z2xZ2,Z2xZ2,0,0,0,[],{}
2,52,133,Z2xZ2,Z2xZ2,0,0,0,[],{}
2,52,137,Z2xZ2,Z2xZ2,0,0,0,[],{}
2,52,138,Z2xZ2,Z2xZ2,0,0,0,[],{}
2,52,139,Z2xZ2,Z2xZ2,0,0,0,[],{}
2,52,143,Z2xZ2,Z2,0,0,0,[],{}
2,52,161,Z2xZ2,Z2,0,0,0,[],{}
2,52,179,Z2xZ2,Z2,0,0,0,[],{}
2,52,185,Z2xZ2,Z2,0,0,0,[],{}
2,52,191,Z2xZ2,Z2,0,0,0,[],{}
2,52,197,Z2xZ2,Z2,0,0,0,[],{}
2,52,215,Z2xZ2,Z2,0,0,0,[],{}
2,52,296,Z2xZ2,Trivial,0,0,0,[],{}
2,52,350,Z2xZ2,Z2xZ2,0,0,0,[],{}
2,52,354,Z2xZ2,Z2,0,0,0,[],{}
2,52,360,Z2xZ2,Z2xZ2,0,0,0,[],{}
2,52,370,Z2xZ2,Z2xZ2,0,0,0,[],{}
2,52,380,Z2xZ2,Z2xZ2,0,0,0,[],{}
2,52,390,Z2xZ2,Z2xZ2,0,0,0,[],{}
2,52,394,Z2xZ2,Z2,0,0,0,[],{}
2,52,400,Z2xZ2,Z2xZ2,0,0,0,[],{}
2,52,410,Z2xZ2,Z2xZ2,0,0,0,[],{}
2,52,420,Z2xZ2,Z2xZ2,0,0,0,[],{}
2,52,430,Z2xZ2,Z2xZ2,0,0,0,[],{}
2,52,434,Z2xZ2,Z2,0,0,0,[],{}
2,52,440,Z2xZ2,Z2,0,0,0,[],{}
2,52,500,Z2xZ2,Z2,0,0,0,[],{}
2,52,560,Z2xZ2,Z2,0,0,0,[],{}
2,52,980,Z2xZ2,Z2xZ2,0,0,0,[],{}
2,52,982,Z2xZ2,Z2xZ2,54,54,0,[2],{2: 54}
2,52,984,Z2xZ2,Z2xZ2,0,0,0,[],{}
2,52,986,Z2xZ2,Z2,0,0,0,[],{}
2,52,995,Z2xZ2,Z2,0,0,0,[],{}
2,52,1010,Z2xZ2,Z2,0,0,0,[],{}
2,52,1025,Z2xZ2,Z2,0,0,0,[],{}
2,52,1031,Z2xZ2,Trivial,0,0,0,[],{}
2,52,1040,Z2xZ2,Z2,0,0,0,[],{}
2,52,1055,Z2xZ2,Z2xZ2,0,0,0,[],{}
2,52,1057,Z2xZ2,Z2xZ2,54,54,0,[52],{52: 54}
2,52,1059,Z2xZ2,Z2xZ2,0,0,0,[],{}
2,52,1100,Z2xZ2,Z2,0,0,0,[],{}
2,52,1130,Z2xZ2,Z2xZ2,0,0,0,[],{}
2,52,1132,Z2xZ2,Z2xZ2,54,54,0,[54],{54: 54}
2,52,1134,Z2xZ2,Z2xZ2,0,0,0,[],{}
2,52,1175,Z2xZ2,Z2,0,0,0,[],{}
2,54,0,Z2xZ2,(Z2)^3,0,0,0,[],{}
2,54,1,Z2xZ2,Z2xZ2,0,0,0,[],{}
2,54,2,Z2xZ2,Z2xZ2,0,0,0,[],{}
2,54,4,Z2xZ2,Z2xZ2,0,0,0,[],{}
2,54,5,Z2xZ2,Z2xZ2,0,0,0,[],{}
2,54,6,Z2xZ2,Z2xZ2,0,0,0,[],{}
2,54,10,Z2xZ2,Z2xZ2,0,0,0,[],{}
2,54,20,Z2xZ2,Z2xZ2,0,0,0,[],{}
2,54,30,Z2xZ2,Z2xZ2,0,0,0,[],{}
2,54,34,Z2xZ2,Z2,0,0,0,[],{}
2,54,40,Z2xZ2,Z2xZ2,0,0,0,[],{}
2,54,50,Z2xZ2,Z2xZ2,0,0,0,[],{}
2,54,52,Z2xZ2,Z2xZ2,0,0,0,[],{}
2,54,54,Z2xZ2,Z2xZ2,0,0,0,[],{}
2,54,95,Z2xZ2,Z2,0,0,0,[],{}
2,54,125,Z2xZ2,Z2xZ2,0,0,0,[],{}
2,54,126,Z2xZ2,Z2xZ2,0,0,0,[],{}
2,54,127,Z2xZ2,Z2xZ2,0,0,0,[],{}
2,54,131,Z2xZ2,Z2xZ2,0,0,0,[],{}
2,54,132,Z2xZ2,Z2xZ2,0,0,0,[],{}
2,54,133,Z2xZ2,Z2xZ2,0,0,0,[],{}
2,54,137,Z2xZ2,Z2xZ2,0,0,0,[],{}
2,54,138,Z2xZ2,Z2xZ2,0,0,0,[],{}
2,54,139,Z2xZ2,Z2xZ2,0,0,0,[],{}
2,54,143,Z2xZ2,Z2,0,0,0,[],{}
2,54,161,Z2xZ2,Z2,0,0,0,[],{}
2,54,179,Z2xZ2,Z2,0,0,0,[],{}
2,54,185,Z2xZ2,Z2,0,0,0,[],{}
2,54,191,Z2xZ2,Z2,0,0,0,[],{}
2,54,197,Z2xZ2,Z2,0,0,0,[],{}
2,54,215,Z2xZ2,Z2,0,0,0,[],{}
2,54,296,Z2xZ2,Trivial,0,0,0,[],{}
2,54,350,Z2xZ2,Z2xZ2,0,0,0,[],{}
2,54,354,Z2xZ2,Z2,0,0,0,[],{}
2,54,360,Z2xZ2,Z2xZ2,0,0,0,[],{}
2,54,370,Z2xZ2,Z2xZ2,0,0,0,[],{}
2,54,380,Z2xZ2,Z2xZ2,0,0,0,[],{}
2,54,390,Z2xZ2,Z2xZ2,0,0,0,[],{}
2,54,394,Z2xZ2,Z2,0,0,0,[],{}
2,54,400,Z2xZ2,Z2xZ2,0,0,0,[],{}
2,54,410,Z2xZ2,Z2xZ2,0,0,0,[],{}
2,54,420,Z2xZ2,Z2xZ2,0,0,0,[],{}
2,54,430,Z2xZ2,Z2xZ2,0,0,0,[],{}
2,54,434,Z2xZ2,Z2,0,0,0,[],{}
2,54,440,Z2xZ2,Z2,0,0,0,[],{}
2,54,500,Z2xZ2,Z2,0,0,0,[],{}
2,54,560,Z2xZ2,Z2,0,0,0,[],{}
2,54,980,Z2xZ2,Z2xZ2,0,0,0,[],{}
2,54,982,Z2xZ2,Z2xZ2,0,0,0,[],{}
2,54,984,Z2xZ2,Z2xZ2,54,54,0,[2],{2: 54}
2,54,986,Z2xZ2,Z2,0,0,0,[],{}
2,54,995,Z2xZ2,Z2,0,0,0,[],{}
2,54,1010,Z2xZ2,Z2,0,0,0,[],{}
2,54,1025,Z2xZ2,Z2,0,0,0,[],{}
2,54,1031,Z2xZ2,Trivial,0,0,0,[],{}
2,54,1040,Z2xZ2,Z2,0,0,0,[],{}
2,54,1055,Z2xZ2,Z2xZ2,0,0,0,[],{}
2,54,1057,Z2xZ2,Z2xZ2,0,0,0,[],{}
2,54,1059,Z2xZ2,Z2xZ2,54,54,0,[54],{54: 54}
2,54,1100,Z2xZ2,Z2,0,0,0,[],{}
2,54,1130,Z2xZ2,Z2xZ2,0,0,0,[],{}
2,54,1132,Z2xZ2,Z2xZ2,0,0,0,[],{}
2,54,1134,Z2xZ2,Z2xZ2,54,54,0,[52],{52: 54}
2,54,1175,Z2xZ2,Z2,0,0,0,[],{}
2,95,0,Z2,(Z2)^3,0,0,0,[],{}
2,95,1,Z2,Z2xZ2,0,0,0,[],{}
2,95,2,Z2,Z2xZ2,0,0,0,[],{}
2,95,4,Z2,Z2xZ2,0,0,0,[],{}
2,95,5,Z2,Z2xZ2,0,0,0,[],{}
2,95,6,Z2,Z2xZ2,0,0,0,[],{}
2,95,10,Z2,Z2xZ2,0,0,0,[],{}
2,95,20,Z2,Z2xZ2,0,0,0,[],{}
2,95,30,Z2,Z2xZ2,0,0,0,[],{}
2,95,34,Z2,Z2,0,0,0,[],{}
2,95,40,Z2,Z2xZ2,0,0,0,[],{}
2,95,50,Z2,Z2xZ2,0,0,0,[],{}
2,95,52,Z2,Z2xZ2,0,0,0,[],{}
2,95,54,Z2,Z2xZ2,0,0,0,[],{}
2,95,95,Z2,Z2,0,0,0,[],{}
2,95,125,Z2,Z2xZ2,0,0,0,[],{}
2,95,126,Z2,Z2xZ2,0,0,0,[],{}
2,95,127,Z2,Z2xZ2,0,0,0,[],{}
2,95,131,Z2,Z2xZ2,0,0,0,[],{}
2,95,132,Z2,Z2xZ2,0,0,0,[],{}
2,95,133,Z2,Z2xZ2,0,0,0,[],{}
2,95,137,Z2,Z2xZ2,0,0,0,[],{}
2,95,138,Z2,Z2xZ2,0,0,0,[],{}
2,95,139,Z2,Z2xZ2,0,0,0,[],{}
2,95,143,Z2,Z2,0,0,0,[],{}
2,95,161,Z2,Z2,0,0,0,[],{}
2,95,179,Z2,Z2,0,0,0,[],{}
2,95,185,Z2,Z2,0,0,0,[],{}
2,95,191,Z2,Z2,0,0,0,[],{}
2,95,197,Z2,Z2,0,0,0,[],{}
2,95,215,Z2,Z2,0,0,0,[],{}
2,95,296,Z2,Trivial,0,0,0,[],{}
2,95,350,Z2,Z2xZ2,0,0,0,[],{}
2,95,354,Z2,Z2,0,0,0,[],{}
2,95,360,Z2,Z2xZ2,0,0,0,[],{}
2,95,370,Z2,Z2xZ2,0,0,0,[],{}
2,95,380,Z2,Z2xZ2,0,0,0,[],{}
2,95,390,Z2,Z2xZ2,0,0,0,[],{}
2,95,394,Z2,Z2,0,0,0,[],{}
2,95,400,Z2,Z2xZ2,0,0,0,[],{}
2,95,410,Z2,Z2xZ2,0,0,0,[],{}
2,95,420,Z2,Z2xZ2,0,0,0,[],{}
2,95,430,Z2,Z2xZ2,0,0,0,[],{}
2,95,434,Z2,Z2,0,0,0,[],{}
2,95,440,Z2,Z2,0,0,0,[],{}
2,95,500,Z2,Z2,0,0,0,[],{}
2,95,560,Z2,Z2,0,0,0,[],{}
2,95,980,Z2,Z2xZ2,108,108,0,[30],{30: 108}
2,95,982,Z2,Z2xZ2,0,0,0,[],{}
2,95,984,Z2,Z2xZ2,0,0,0,[],{}
2,95,986,Z2,Z2,216,216,0,[34],{34: 216}
2,95,995,Z2,Z2,216,216,0,"[20, 40]","{20: 108, 40: 108}"
2,95,1010,Z2,Z2,216,216,0,"[10, 40]","{10: 108, 40: 108}"
2,95,1025,Z2,Z2,216,216,0,"[0, 30]","{0: 108, 30: 108}"
2,95,1031,Z2,Trivial,432,432,0,"[4, 34]","{4: 216, 34: 216}"
2,95,1040,Z2,Z2,216,216,0,"[10, 20]","{10: 108, 20: 108}"
2,95,1055,Z2,Z2xZ2,108,108,0,[95],{95: 108}
2,95,1057,Z2,Z2xZ2,0,0,0,[],{}
2,95,1059,Z2,Z2xZ2,0,0,0,[],{}
2,95,1100,Z2,Z2,216,216,0,"[50, 95]","{50: 108, 95: 108}"
2,95,1130,Z2,Z2xZ2,108,108,0,[95],{95: 108}
2,95,1132,Z2,Z2xZ2,0,0,0,[],{}
2,95,1134,Z2,Z2xZ2,0,0,0,[],{}
2,95,1175,Z2,Z2,216,216,0,"[50, 95]","{50: 108, 95: 108}"
2,125,0,Z2xZ2,(Z2)^3,54,54,0,[125],{125: 54}
2,125,1,Z2xZ2,Z2xZ2,0,0,0,[],{}
2,125,2,Z2xZ2,Z2xZ2,0,0,0,[],{}
2,125,4,Z2xZ2,Z2xZ2,108,108,0,"[131, 137]","{131: 54, 137: 54}"
2,125,5,Z2xZ2,Z2xZ2,0,0,0,[],{}
2,125,6,Z2xZ2,Z2xZ2,0,0,0,[],{}
2,125,10,Z2xZ2,Z2xZ2,108,108,0,[143],{143: 108}
2,125,20,Z2xZ2,Z2xZ2,108,108,0,[161],{161: 108}
2,125,30,Z2xZ2,Z2xZ2,108,108,0,[179],{179: 108}
2,125,34,Z2xZ2,Z2,216,216,0,"[185, 191]","{185: 108, 191: 108}"
2,125,40,Z2xZ2,Z2xZ2,108,108,0,[197],{197: 108}
2,125,50,Z2xZ2,Z2xZ2,108,108,0,[215],{215: 108}
2,125,52,Z2xZ2,Z2xZ2,0,0,0,[],{}
2,125,54,Z2xZ2,Z2xZ2,0,0,0,[],{}
2,125,95,Z2xZ2,Z2,216,216,0,[296],{296: 216}
2,125,125,Z2xZ2,Z2xZ2,0,0,0,[],{}
2,125,126,Z2xZ2,Z2xZ2,0,0,0,[],{}
2,125,127,Z2xZ2,Z2xZ2,0,0,0,[],{}
2,125,131,Z2xZ2,Z2xZ2,0,0,0,[],{}
2,125,132,Z2xZ2,Z2xZ2,0,0,0,[],{}
2,125,133,Z2xZ2,Z2xZ2,0,0,0,[],{}
2,125,137,Z2xZ2,Z2xZ2,0,0,0,[],{}
2,125,138,Z2xZ2,Z2xZ2,0,0,0,[],{}
2,125,139,Z2xZ2,Z2xZ2,0,0,0,[],{}
2,125,143,Z2xZ2,Z2,0,0,0,[],{}
2,125,161,Z2xZ2,Z2,0,0,0,[],{}
2,125,179,Z2xZ2,Z2,0,0,0,[],{}
2,125,185,Z2xZ2,Z2,0,0,0,[],{}
2,125,191,Z2xZ2,Z2,0,0,0,[],{}
2,125,197,Z2xZ2,Z2,0,0,0,[],{}
2,125,215,Z2xZ2,Z2,0,0,0,[],{}
2,125,296,Z2xZ2,Trivial,0,0,0,[],{}
2,125,350,Z2xZ2,Z2xZ2,0,0,0,[],{}
2,125,354,Z2xZ2,Z2,0,0,0,[],{}
2,125,360,Z2xZ2,Z2xZ2,0,0,0,[],{}
2,125,370,Z2xZ2,Z2xZ2,0,0,0,[],{}
2,125,380,Z2xZ2,Z2xZ2,0,0,0,[],{}
2,125,390,Z2xZ2,Z2xZ2,0,0,0,[],{}
2,125,394,Z2xZ2,Z2,0,0,0,[],{}
2,125,400,Z2xZ2,Z2xZ2,0,0,0,[],{}
2,125,410,Z2xZ2,Z2xZ2,0,0,0,[],{}
2,125,420,Z2xZ2,Z2xZ2,0,0,0,[],{}
2,125,430,Z2xZ2,Z2xZ2,0,0,0,[],{}
2,125,434,Z2xZ2,Z2,0,0,0,[],{}
2,125,440,Z2xZ2,Z2,0,0,0,[],{}
2,125,500,Z2xZ2,Z2,0,0,0,[],{}
2,125,560,Z2xZ2,Z2,0,0,0,[],{}
2,125,980,Z2xZ2,Z2xZ2,0,0,0,[],{}
2,125,982,Z2xZ2,Z2xZ2,0,0,0,[],{}
2,125,984,Z2xZ2,Z2xZ2,0,0,0,[],{}
2,125,986,Z2xZ2,Z2,0,0,0,[],{}
2,125,995,Z2xZ2,Z2,0,0,0,[],{}
2,125,1010,Z2xZ2,Z2,0,0,0,[],{}
2,125,1025,Z2xZ2,Z2,0,0,0,[],{}
2,125,1031,Z2xZ2,Trivial,0,0,0,[],{}
2,125,1040,Z2xZ2,Z2,0,0,0,[],{}
2,125,1055,Z2xZ2,Z2xZ2,0,0,0,[],{}
2,125,1057,Z2xZ2,Z2xZ2,0,0,0,[],{}
2,125,1059,Z2xZ2,Z2xZ2,0,0,0,[],{}
2,125,1100,Z2xZ2,Z2,0,0,0,[],{}
2,125,1130,Z2xZ2,Z2xZ2,0,0,0,[],{}
2,125,1132,Z2xZ2,Z2xZ2,0,0,0,[],{}
2,125,1134,Z2xZ2,Z2xZ2,0,0,0,[],{}
2,125,1175,Z2xZ2,Z2,0,0,0,[],{}
2,126,0,Z2xZ2,(Z2)^3,0,0,0,[],{}
2,126,1,Z2xZ2,Z2xZ2,54,54,0,[126],{126: 54}
2,126,2,Z2xZ2,Z2xZ2,0,0,0,[],{}
2,126,4,Z2xZ2,Z2xZ2,0,0,0,[],{}
2,126,5,Z2xZ2,Z2xZ2,54,54,0,[132],{132: 54}
2,126,6,Z2xZ2,Z2xZ2,54,54,0,[138],{138: 54}
2,126,10,Z2xZ2,Z2xZ2,0,0,0,[],{}
2,126,20,Z2xZ2,Z2xZ2,0,0,0,[],{}
2,126,30,Z2xZ2,Z2xZ2,0,0,0,[],{}
2,126,34,Z2xZ2,Z2,0,0,0,[],{}
2,126,40,Z2xZ2,Z2xZ2,0,0,0,[],{}
2,126,50,Z2xZ2,Z2xZ2,0,0,0,[],{}
2,126,52,Z2xZ2,Z2xZ2,0,0,0,[],{}
2,126,54,Z2xZ2,Z2xZ2,0,0,0,[],{}
2,126,95,Z2xZ2,Z2,0,0,0,[],{}
2,126,125,Z2xZ2,Z2xZ2,0,0,0,[],{}
2,126,126,Z2xZ2,Z2xZ2,0,0,0,[],{}
2,126,127,Z2xZ2,Z2xZ2,0,0,0,[],{}
2,126,131,Z2xZ2,Z2xZ2,0,0,0,[],{}
2,126,132,Z2xZ2,Z2xZ2,0,0,0,[],{}
2,126,133,Z2xZ2,Z2xZ2,0,0,0,[],{}
2,126,137,Z2xZ2,Z2xZ2,0,0,0,[],{}
2,126,138,Z2xZ2,Z2xZ2,0,0,0,[],{}
2,126,139,Z2xZ2,Z2xZ2,0,0,0,[],{}
2,126,143,Z2xZ2,Z2,0,0,0,[],{}
2,126,161,Z2xZ2,Z2,0,0,0,[],{}
2,126,179,Z2xZ2,Z2,0,0,0,[],{}
2,126,185,Z2xZ2,Z2,0,0,0,[],{}
2,126,191,Z2xZ2,Z2,0,0,0,[],{}
2,126,197,Z2xZ2,Z2,0,0,0,[],{}
2,126,215,Z2xZ2,Z2,0,0,0,[],{}
2,126,296,Z2xZ2,Trivial,0,0,0,[],{}
2,126,350,Z2xZ2,Z2xZ2,0,0,0,[],{}
2,126,354,Z2xZ2,Z2,0,0,0,[],{}
2,126,360,Z2xZ2,Z2xZ2,0,0,0,[],{}
2,126,370,Z2xZ2,Z2xZ2,0,0,0,[],{}
2,126,380,Z2xZ2,Z2xZ2,0,0,0,[],{}
2,126,390,Z2xZ2,Z2xZ2,0,0,0,[],{}
2,126,394,Z2xZ2,Z2,0,0,0,[],{}
2,126,400,Z2xZ2,Z2xZ2,0,0,0,[],{}
2,126,410,Z2xZ2,Z2xZ2,0,0,0,[],{}
2,126,420,Z2xZ2,Z2xZ2,0,0,0,[],{}
2,126,430,Z2xZ2,Z2xZ2,0,0,0,[],{}
2,126,434,Z2xZ2,Z2,0,0,0,[],{}
2,126,440,Z2xZ2,Z2,0,0,0,[],{}
2,126,500,Z2xZ2,Z2,0,0,0,[],{}
2,126,560,Z2xZ2,Z2,0,0,0,[],{}
2,126,980,Z2xZ2,Z2xZ2,0,0,0,[],{}
2,126,982,Z2xZ2,Z2xZ2,0,0,0,[],{}
2,126,984,Z2xZ2,Z2xZ2,0,0,0,[],{}
2,126,986,Z2xZ2,Z2,0,0,0,[],{}
2,126,995,Z2xZ2,Z2,0,0,0,[],{}
2,126,1010,Z2xZ2,Z2,0,0,0,[],{}
2,126,1025,Z2xZ2,Z2,0,0,0,[],{}
2,126,1031,Z2xZ2,Trivial,0,0,0,[],{}
2,126,1040,Z2xZ2,Z2,0,0,0,[],{}
2,126,1055,Z2xZ2,Z2xZ2,0,0,0,[],{}
2,126,1057,Z2xZ2,Z2xZ2,0,0,0,[],{}
2,126,1059,Z2xZ2,Z2xZ2,0,0,0,[],{}
2,126,1100,Z2xZ2,Z2,0,0,0,[],{}
2,126,1130,Z2xZ2,Z2xZ2,0,0,0,[],{}
2,126,1132,Z2xZ2,Z2xZ2,0,0,0,[],{}
2,126,1134,Z2xZ2,Z2xZ2,0,0,0,[],{}
2,126,1175,Z2xZ2,Z2,0,0,0,[],{}
2,127,0,Z2xZ2,(Z2)^3,0,0,0,[],{}
2,127,1,Z2xZ2,Z2xZ2,54,54,0,[127],{127: 54}
2,127,2,Z2xZ2,Z2xZ2,0,0,0,[],{}
2,127,4,Z2xZ2,Z2xZ2,0,0,0,[],{}
2,127,5,Z2xZ2,Z2xZ2,54,54,0,[139],{139: 54}
2,127,6,Z2xZ2,Z2xZ2,54,54,0,[133],{133: 54}
2,127,10,Z2xZ2,Z2xZ2,0,0,0,[],{}
2,127,20,Z2xZ2,Z2xZ2,0,0,0,[],{}
2,127,30,Z2xZ2,Z2xZ2,0,0,0,[],{}
2,127,34,Z2xZ2,Z2,0,0,0,[],{}
2,127,40,Z2xZ2,Z2xZ2,0,0,0,[],{}
2,127,50,Z2xZ2,Z2xZ2,0,0,0,[],{}
2,127,52,Z2xZ2,Z2xZ2,0,0,0,[],{}
2,127,54,Z2xZ2,Z2xZ2,0,0,0,[],{}
2,127,95,Z2xZ2,Z2,0,0,0,[],{}
2,127,125,Z2xZ2,Z2xZ2,0,0,0,[],{}
2,127,126,Z2xZ2,Z2xZ2,0,0,0,[],{}
2,127,127,Z2xZ2,Z2xZ2,0,0,0,[],{}
2,127,131,Z2xZ2,Z2xZ2,0,0,0,[],{}
2,127,132,Z2xZ2,Z2xZ2,0,0,0,[],{}
2,127,133,Z2xZ2,Z2xZ2,0,0,0,[],{}
2,127,137,Z2xZ2,Z2xZ2,0,0,0,[],{}
2,127,138,Z2xZ2,Z2xZ2,0,0,0,[],{}
2,127,139,Z2xZ2,Z2xZ2,0,0,0,[],{}
2,127,143,Z2xZ2,Z2,0,0,0,[],{}
2,127,161,Z2xZ2,Z2,0,0,0,[],{}
2,127,179,Z2xZ2,Z2,0,0,0,[],{}
2,127,185,Z2xZ2,Z2,0,0,0,[],{}
2,127,191,Z2xZ2,Z2,0,0,0,[],{}
2,127,197,Z2xZ2,Z2,0,0,0,[],{}
2,127,215,Z2xZ2,Z2,0,0,0,[],{}
2,127,296,Z2xZ2,Trivial,0,0,0,[],{}
2,127,350,Z2xZ2,Z2xZ2,0,0,0,[],{}
2,127,354,Z2xZ2,Z2,0,0,0,[],{}
2,127,360,Z2xZ2,Z2xZ2,0,0,0,[],{}
2,127,370,Z2xZ2,Z2xZ2,0,0,0,[],{}
2,127,380,Z2xZ2,Z2xZ2,0,0,0,[],{}
2,127,390,Z2xZ2,Z2xZ2,0,0,0,[],{}
2,127,394,Z2xZ2,Z2,0,0,0,[],{}
2,127,400,Z2xZ2,Z2xZ2,0,0,0,[],{}
2,127,410,Z2xZ2,Z2xZ2,0,0,0,[],{}
2,127,420,Z2xZ2,Z2xZ2,0,0,0,[],{}
2,127,430,Z2xZ2,Z2xZ2,0,0,0,[],{}
2,127,434,Z2xZ2,Z2,0,0,0,[],{}
2,127,440,Z2xZ2,Z2,0,0,0,[],{}
2,127,500,Z2xZ2,Z2,0,0,0,[],{}
2,127,560,Z2xZ2,Z2,0,0,0,[],{}
2,127,980,Z2xZ2,Z2xZ2,0,0,0,[],{}
2,127,982,Z2xZ2,Z2xZ2,0,0,0,[],{}
2,127,984,Z2xZ2,Z2xZ2,0,0,0,[],{}
2,127,986,Z2xZ2,Z2,0,0,0,[],{}
2,127,995,Z2xZ2,Z2,0,0,0,[],{}
2,127,1010,Z2xZ2,Z2,0,0,0,[],{}
2,127,1025,Z2xZ2,Z2,0,0,0,[],{}
2,127,1031,Z2xZ2,Trivial,0,0,0,[],{}
2,127,1040,Z2xZ2,Z2,0,0,0,[],{}
2,127,1055,Z2xZ2,Z2xZ2,0,0,0,[],{}
2,127,1057,Z2xZ2,Z2xZ2,0,0,0,[],{}
2,127,1059,Z2xZ2,Z2xZ2,0,0,0,[],{}
2,127,1100,Z2xZ2,Z2,0,0,0,[],{}
2,127,1130,Z2xZ2,Z2xZ2,0,0,0,[],{}
2,127,1132,Z2xZ2,Z2xZ2,0,0,0,[],{}
2,127,1134,Z2xZ2,Z2xZ2,0,0,0,[],{}
2,127,1175,Z2xZ2,Z2,0,0,0,[],{}
2,131,0,Z2xZ2,(Z2)^3,0,0,0,[],{}
2,131,1,Z2xZ2,Z2xZ2,0,0,0,[],{}
2,131,2,Z2xZ2,Z2xZ2,0,0,0,[],{}
2,131,4,Z2xZ2,Z2xZ2,0,0,0,[],{}
2,131,5,Z2xZ2,Z2xZ2,0,0,0,[],{}
2,131,6,Z2xZ2,Z2xZ2,0,0,0,[],{}
2,131,10,Z2xZ2,Z2xZ2,0,0,0,[],{}
2,131,20,Z2xZ2,Z2xZ2,0,0,0,[],{}
2,131,30,Z2xZ2,Z2xZ2,0,0,0,[],{}
2,131,34,Z2xZ2,Z2,0,0,0,[],{}
2,131,40,Z2xZ2,Z2xZ2,0,0,0,[],{}
2,131,50,Z2xZ2,Z2xZ2,0,0,0,[],{}
2,131,52,Z2xZ2,Z2xZ2,0,0,0,[],{}
2,131,54,Z2xZ2,Z2xZ2,0,0,0,[],{}
2,131,95,Z2xZ2,Z2,0,0,0,[],{}
2,131,125,Z2xZ2,Z2xZ2,54,54,0,[125],{125: 54}
2,131,126,Z2xZ2,Z2xZ2,0,0,0,[],{}
2,131,127,Z2xZ2,Z2xZ2,0,0,0,[],{}
2,131,131,Z2xZ2,Z2xZ2,54,54,0,[131],{131: 54}
2,131,132,Z2xZ2,Z2xZ2,0,0,0,[],{}
2,131,133,Z2xZ2,Z2xZ2,0,0,0,[],{}
2,131,137,Z2xZ2,Z2xZ2,54,54,0,[137],{137: 54}
2,131,138,Z2xZ2,Z2xZ2,0,0,0,[],{}
2,131,139,Z2xZ2,Z2xZ2,0,0,0,[],{}
2,131,143,Z2xZ2,Z2,108,108,0,[143],{143: 108}
2,131,161,Z2xZ2,Z2,108,108,0,[161],{161: 108}
2,131,179,Z2xZ2,Z2,108,108,0,[179],{179: 108}
2,131,185,Z2xZ2,Z2,108,108,0,[185],{185: 108}
2,131,191,Z2xZ2,Z2,108,108,0,[191],{191: 108}
2,131,197,Z2xZ2,Z2,108,108,0,[197],{197: 108}
2,131,215,Z2xZ2,Z2,108,108,0,[215],{215: 108}
2,131,296,Z2xZ2,Trivial,216,216,0,[296],{296: 216}
2,131,350,Z2xZ2,Z2xZ2,0,0,0,[],{}
2,131,354,Z2xZ2,Z2,0,0,0,[],{}
2,131,360,Z2xZ2,Z2xZ2,0,0,0,[],{}
2,131,370,Z2xZ2,Z2xZ2,0,0,0,[],{}
2,131,380,Z2xZ2,Z2xZ2,0,0,0,[],{}
2,131,390,Z2xZ2,Z2xZ2,0,0,0,[],{}
2,131,394,Z2xZ2,Z2,0,0,0,[],{}
2,131,400,Z2xZ2,Z2xZ2,0,0,0,[],{}
2,131,410,Z2xZ2,Z2xZ2,0,0,0,[],{}
2,131,420,Z2xZ2,Z2xZ2,0,0,0,[],{}
2,131,430,Z2xZ2,Z2xZ2,0,0,0,[],{}
2,131,434,Z2xZ2,Z2,0,0,0,[],{}
2,131,440,Z2xZ2,Z2,0,0,0,[],{}
2,131,500,Z2xZ2,Z2,0,0,0,[],{}
2,131,560,Z2xZ2,Z2,0,0,0,[],{}
2,131,980,Z2xZ2,Z2xZ2,0,0,0,[],{}
2,131,982,Z2xZ2,Z2xZ2,0,0,0,[],{}
2,131,984,Z2xZ2,Z2xZ2,0,0,0,[],{}
2,131,986,Z2xZ2,Z2,0,0,0,[],{}
2,131,995,Z2xZ2,Z2,0,0,0,[],{}
2,131,1010,Z2xZ2,Z2,0,0,0,[],{}
2,131,1025,Z2xZ2,Z2,0,0,0,[],{}
2,131,1031,Z2xZ2,Trivial,0,0,0,[],{}
2,131,1040,Z2xZ2,Z2,0,0,0,[],{}
2,131,1055,Z2xZ2,Z2xZ2,0,0,0,[],{}
2,131,1057,Z2xZ2,Z2xZ2,0,0,0,[],{}
2,131,1059,Z2xZ2,Z2xZ2,0,0,0,[],{}
2,131,1100,Z2xZ2,Z2,0,0,0,[],{}
2,131,1130,Z2xZ2,Z2xZ2,0,0,0,[],{}
2,131,1132,Z2xZ2,Z2xZ2,0,0,0,[],{}
2,131,1134,Z2xZ2,Z2xZ2,0,0,0,[],{}
2,131,1175,Z2xZ2,Z2,0,0,0,[],{}
2,132,0,Z2xZ2,(Z2)^3,0,0,0,[],{}
2,132,1,Z2xZ2,Z2xZ2,0,0,0,[],{}
2,132,2,Z2xZ2,Z2xZ2,0,0,0,[],{}
2,132,4,Z2xZ2,Z2xZ2,0,0,0,[],{}
2,132,5,Z2xZ2,Z2xZ2,0,0,0,[],{}
2,132,6,Z2xZ2,Z2xZ2,0,0,0,[],{}
2,132,10,Z2xZ2,Z2xZ2,0,0,0,[],{}
2,132,20,Z2xZ2,Z2xZ2,0,0,0,[],{}
2,132,30,Z2xZ2,Z2xZ2,0,0,0,[],{}
2,132,34,Z2xZ2,Z2,0,0,0,[],{}
2,132,40,Z2xZ2,Z2xZ2,0,0,0,[],{}
2,132,50,Z2xZ2,Z2xZ2,0,0,0,[],{}
2,132,52,Z2xZ2,Z2xZ2,0,0,0,[],{}
2,132,54,Z2xZ2,Z2xZ2,0,0,0,[],{}
2,132,95,Z2xZ2,Z2,0,0,0,[],{}
2,132,125,Z2xZ2,Z2xZ2,0,0,0,[],{}
2,132,126,Z2xZ2,Z2xZ2,54,54,0,[126],{126: 54}
2,132,127,Z2xZ2,Z2xZ2,0,0,0,[],{}
2,132,131,Z2xZ2,Z2xZ2,0,0,0,[],{}
2,132,132,Z2xZ2,Z2xZ2,54,54,0,[132],{132: 54}
2,132,133,Z2xZ2,Z2xZ2,0,0,0,[],{}
2,132,137,Z2xZ2,Z2xZ2,0,0,0,[],{}
2,132,138,Z2xZ2,Z2xZ2,54,54,0,[138],{138: 54}
2,132,139,Z2xZ2,Z2xZ2,0,0,0,[],{}
2,132,143,Z2xZ2,Z2,0,0,0,[],{}
2,132,161,Z2xZ2,Z2,0,0,0,[],{}
2,132,179,Z2xZ2,Z2,0,0,0,[],{}
2,132,185,Z2xZ2,Z2,0,0,0,[],{}
2,132,191,Z2xZ2,Z2,0,0,0,[],{}
2,132,197,Z2xZ2,Z2,0,0,0,[],{}
2,132,215,Z2xZ2,Z2,0,0,0,[],{}
2,132,296,Z2xZ2,Trivial,0,0,0,[],{}
2,132,350,Z2xZ2,Z2xZ2,0,0,0,[],{}
2,132,354,Z2xZ2,Z2,0,0,0,[],{}
2,132,360,Z2xZ2,Z2xZ2,0,0,0,[],{}
2,132,370,Z2xZ2,Z2xZ2,0,0,0,[],{}
2,132,380,Z2xZ2,Z2xZ2,0,0,0,[],{}
2,132,390,Z2xZ2,Z2xZ2,0,0,0,[],{}
2,132,394,Z2xZ2,Z2,0,0,0,[],{}
2,132,400,Z2xZ2,Z2xZ2,0,0,0,[],{}
2,132,410,Z2xZ2,Z2xZ2,0,0,0,[],{}
2,132,420,Z2xZ2,Z2xZ2,0,0,0,[],{}
2,132,430,Z2xZ2,Z2xZ2,0,0,0,[],{}
2,132,434,Z2xZ2,Z2,0,0,0,[],{}
2,132,440,Z2xZ2,Z2,0,0,0,[],{}
2,132,500,Z2xZ2,Z2,0,0,0,[],{}
2,132,560,Z2xZ2,Z2,0,0,0,[],{}
2,132,980,Z2xZ2,Z2xZ2,0,0,0,[],{}
2,132,982,Z2xZ2,Z2xZ2,0,0,0,[],{}
2,132,984,Z2xZ2,Z2xZ2,0,0,0,[],{}
2,132,986,Z2xZ2,Z2,0,0,0,[],{}
2,132,995,Z2xZ2,Z2,0,0,0,[],{}
2,132,1010,Z2xZ2,Z2,0,0,0,[],{}
2,132,1025,Z2xZ2,Z2,0,0,0,[],{}
2,132,1031,Z2xZ2,Trivial,0,0,0,[],{}
2,132,1040,Z2xZ2,Z2,0,0,0,[],{}
2,132,1055,Z2xZ2,Z2xZ2,0,0,0,[],{}
2,132,1057,Z2xZ2,Z2xZ2,0,0,0,[],{}
2,132,1059,Z2xZ2,Z2xZ2,0,0,0,[],{}
2,132,1100,Z2xZ2,Z2,0,0,0,[],{}
2,132,1130,Z2xZ2,Z2xZ2,0,0,0,[],{}
2,132,1132,Z2xZ2,Z2xZ2,0,0,0,[],{}
2,132,1134,Z2xZ2,Z2xZ2,0,0,0,[],{}
2,132,1175,Z2xZ2,Z2,0,0,0,[],{}
2,133,0,Z2xZ2,(Z2)^3,0,0,0,[],{}
2,133,1,Z2xZ2,Z2xZ2,0,0,0,[],{}
2,133,2,Z2xZ2,Z2xZ2,0,0,0,[],{}
2,133,4,Z2xZ2,Z2xZ2,0,0,0,[],{}
2,133,5,Z2xZ2,Z2xZ2,0,0,0,[],{}
2,133,6,Z2xZ2,Z2xZ2,0,0,0,[],{}
2,133,10,Z2xZ2,Z2xZ2,0,0,0,[],{}
2,133,20,Z2xZ2,Z2xZ2,0,0,0,[],{}
2,133,30,Z2xZ2,Z2xZ2,0,0,0,[],{}
2,133,34,Z2xZ2,Z2,0,0,0,[],{}
2,133,40,Z2xZ2,Z2xZ2,0,0,0,[],{}
2,133,50,Z2xZ2,Z2xZ2,0,0,0,[],{}
2,133,52,Z2xZ2,Z2xZ2,0,0,0,[],{}
2,133,54,Z2xZ2,Z2xZ2,0,0,0,[],{}
2,133,95,Z2xZ2,Z2,0,0,0,[],{}
2,133,125,Z2xZ2,Z2xZ2,0,0,0,[],{}
2,133,126,Z2xZ2,Z2xZ2,0,0,0,[],{}
2,133,127,Z2xZ2,Z2xZ2,54,54,0,[127],{127: 54}
2,133,131,Z2xZ2,Z2xZ2,0,0,0,[],{}
2,133,132,Z2xZ2,Z2xZ2,0,0,0,[],{}
2,133,133,Z2xZ2,Z2xZ2,54,54,0,[133],{133: 54}
2,133,137,Z2xZ2,Z2xZ2,0,0,0,[],{}
2,133,138,Z2xZ2,Z2xZ2,0,0,0,[],{}
2,133,139,Z2xZ2,Z2xZ2,54,54,0,[139],{139: 54}
2,133,143,Z2xZ2,Z2,0,0,0,[],{}
2,133,161,Z2xZ2,Z2,0,0,0,[],{}
2,133,179,Z2xZ2,Z2,0,0,0,[],{}
2,133,185,Z2xZ2,Z2,0,0,0,[],{}
2,133,191,Z2xZ2,Z2,0,0,0,[],{}
2,133,197,Z2xZ2,Z2,0,0,0,[],{}
2,133,215,Z2xZ2,Z2,0,0,0,[],{}
2,133,296,Z2xZ2,Trivial,0,0,0,[],{}
2,133,350,Z2xZ2,Z2xZ2,0,0,0,[],{}
2,133,354,Z2xZ2,Z2,0,0,0,[],{}
2,133,360,Z2xZ2,Z2xZ2,0,0,0,[],{}
2,133,370,Z2xZ2,Z2xZ2,0,0,0,[],{}
2,133,380,Z2xZ2,Z2xZ2,0,0,0,[],{}
2,133,390,Z2xZ2,Z2xZ2,0,0,0,[],{}
2,133,394,Z2xZ2,Z2,0,0,0,[],{}
2,133,400,Z2xZ2,Z2xZ2,0,0,0,[],{}
2,133,410,Z2xZ2,Z2xZ2,0,0,0,[],{}
2,133,420,Z2xZ2,Z2xZ2,0,0,0,[],{}
2,133,430,Z2xZ2,Z2xZ2,0,0,0,[],{}
2,133,434,Z2xZ2,Z2,0,0,0,[],{}
2,133,440,Z2xZ2,Z2,0,0,0,[],{}
2,133,500,Z2xZ2,Z2,0,0,0,[],{}
2,133,560,Z2xZ2,Z2,0,0,0,[],{}
2,133,980,Z2xZ2,Z2xZ2,0,0,0,[],{}
2,133,982,Z2xZ2,Z2xZ2,0,0,0,[],{}
2,133,984,Z2xZ2,Z2xZ2,0,0,0,[],{}
2,133,986,Z2xZ2,Z2,0,0,0,[],{}
2,133,995,Z2xZ2,Z2,0,0,0,[],{}
2,133,1010,Z2xZ2,Z2,0,0,0,[],{}
2,133,1025,Z2xZ2,Z2,0,0,0,[],{}
2,133,1031,Z2xZ2,Trivial,0,0,0,[],{}
2,133,1040,Z2xZ2,Z2,0,0,0,[],{}
2,133,1055,Z2xZ2,Z2xZ2,0,0,0,[],{}
2,133,1057,Z2xZ2,Z2xZ2,0,0,0,[],{}
2,133,1059,Z2xZ2,Z2xZ2,0,0,0,[],{}
2,133,1100,Z2xZ2,Z2,0,0,0,[],{}
2,133,1130,Z2xZ2,Z2xZ2,0,0,0,[],{}
2,133,1132,Z2xZ2,Z2xZ2,0,0,0,[],{}
2,133,1134,Z2xZ2,Z2xZ2,0,0,0,[],{}
2,133,1175,Z2xZ2,Z2,0,0,0,[],{}
2,137,0,Z2xZ2,(Z2)^3,0,0,0,[],{}
2,137,1,Z2xZ2,Z2xZ2,0,0,0,[],{}
2,137,2,Z2xZ2,Z2xZ2,0,0,0,[],{}
2,137,4,Z2xZ2,Z2xZ2,0,0,0,[],{}
2,137,5,Z2xZ2,Z2xZ2,0,0,0,[],{}
2,137,6,Z2xZ2,Z2xZ2,0,0,0,[],{}
2,137,10,Z2xZ2,Z2xZ2,0,0,0,[],{}
2,137,20,Z2xZ2,Z2xZ2,0,0,0,[],{}
2,137,30,Z2xZ2,Z2xZ2,0,0,0,[],{}
2,137,34,Z2xZ2,Z2,0,0,0,[],{}
2,137,40,Z2xZ2,Z2xZ2,0,0,0,[],{}
2,137,50,Z2xZ2,Z2xZ2,0,0,0,[],{}
2,137,52,Z2xZ2,Z2xZ2,0,0,0,[],{}
2,137,54,Z2xZ2,Z2xZ2,0,0,0,[],{}
2,137,95,Z2xZ2,Z2,0,0,0,[],{}
2,137,125,Z2xZ2,Z2xZ2,54,54,0,[125],{125: 54}
2,137,126,Z2xZ2,Z2xZ2,0,0,0,[],{}
2,137,127,Z2xZ2,Z2xZ2,0,0,0,[],{}
2,137,131,Z2xZ2,Z2xZ2,54,54,0,[137],{137: 54}
2,137,132,Z2xZ2,Z2xZ2,0,0,0,[],{}
2,137,133,Z2xZ2,Z2xZ2,0,0,0,[],{}
2,137,137,Z2xZ2,Z2xZ2,54,54,0,[131],{131: 54}
2,137,138,Z2xZ2,Z2xZ2,0,0,0,[],{}
2,137,139,Z2xZ2,Z2xZ2,0,0,0,[],{}
2,137,143,Z2xZ2,Z2,108,108,0,[143],{143: 108}
2,137,161,Z2xZ2,Z2,108,108,0,[161],{161: 108}
2,137,179,Z2xZ2,Z2,108,108,0,[179],{179: 108}
2,137,185,Z2xZ2,Z2,108,108,0,[191],{191: 108}
2,137,191,Z2xZ2,Z2,108,108,0,[185],{185: 108}
2,137,197,Z2xZ2,Z2,108,108,0,[197],{197: 108}
2,137,215,Z2xZ2,Z2,108,108,0,[215],{215: 108}
2,137,296,Z2xZ2,Trivial,216,216,0,[296],{296: 216}
2,137,350,Z2xZ2,Z2xZ2,0,0,0,[],{}
2,137,354,Z2xZ2,Z2,0,0,0,[],{}
2,137,360,Z2xZ2,Z2xZ2,0,0,0,[],{}
2,137,370,Z2xZ2,Z2xZ2,0,0,0,[],{}
2,137,380,Z2xZ2,Z2xZ2,0,0,0,[],{}
2,137,390,Z2xZ2,Z2xZ2,0,0,0,[],{}
2,137,394,Z2xZ2,Z2,0,0,0,[],{}
2,137,400,Z2xZ2,Z2xZ2,0,0,0,[],{}
2,137,410,Z2xZ2,Z2xZ2,0,0,0,[],{}
2,137,420,Z2xZ2,Z2xZ2,0,0,0,[],{}
2,137,430,Z2xZ2,Z2xZ2,0,0,0,[],{}
2,137,434,Z2xZ2,Z2,0,0,0,[],{}
2,137,440,Z2xZ2,Z2,0,0,0,[],{}
2,137,500,Z2xZ2,Z2,0,0,0,[],{}
2,137,560,Z2xZ2,Z2,0,0,0,[],{}
2,137,980,Z2xZ2,Z2xZ2,0,0,0,[],{}
2,137,982,Z2xZ2,Z2xZ2,0,0,0,[],{}
2,137,984,Z2xZ2,Z2xZ2,0,0,0,[],{}
2,137,986,Z2xZ2,Z2,0,0,0,[],{}
2,137,995,Z2xZ2,Z2,0,0,0,[],{}
2,137,1010,Z2xZ2,Z2,0,0,0,[],{}
2,137,1025,Z2xZ2,Z2,0,0,0,[],{}
2,137,1031,Z2xZ2,Trivial,0,0,0,[],{}
2,137,1040,Z2xZ2,Z2,0,0,0,[],{}
2,137,1055,Z2xZ2,Z2xZ2,0,0,0,[],{}
2,137,1057,Z2xZ2,Z2xZ2,0,0,0,[],{}
2,137,1059,Z2xZ2,Z2xZ2,0,0,0,[],{}
2,137,1100,Z2xZ2,Z2,0,0,0,[],{}
2,137,1130,Z2xZ2,Z2xZ2,0,0,0,[],{}
2,137,1132,Z2xZ2,Z2xZ2,0,0,0,[],{}
2,137,1134,Z2xZ2,Z2xZ2,0,0,0,[],{}
2,137,1175,Z2xZ2,Z2,0,0,0,[],{}
2,138,0,Z2xZ2,(Z2)^3,0,0,0,[],{}
2,138,1,Z2xZ2,Z2xZ2,0,0,0,[],{}
2,138,2,Z2xZ2,Z2xZ2,0,0,0,[],{}
2,138,4,Z2xZ2,Z2xZ2,0,0,0,[],{}
2,138,5,Z2xZ2,Z2xZ2,0,0,0,[],{}
2,138,6,Z2xZ2,Z2xZ2,0,0,0,[],{}
2,138,10,Z2xZ2,Z2xZ2,0,0,0,[],{}
2,138,20,Z2xZ2,Z2xZ2,0,0,0,[],{}
2,138,30,Z2xZ2,Z2xZ2,0,0,0,[],{}
2,138,34,Z2xZ2,Z2,0,0,0,[],{}
2,138,40,Z2xZ2,Z2xZ2,0,0,0,[],{}
2,138,50,Z2xZ2,Z2xZ2,0,0,0,[],{}
2,138,52,Z2xZ2,Z2xZ2,0,0,0,[],{}
2,138,54,Z2xZ2,Z2xZ2,0,0,0,[],{}
2,138,95,Z2xZ2,Z2,0,0,0,[],{}
2,138,125,Z2xZ2,Z2xZ2,0,0,0,[],{}
2,138,126,Z2xZ2,Z2xZ2,0,0,0,[],{}
2,138,127,Z2xZ2,Z2xZ2,54,54,0,[126],{126: 54}
2,138,131,Z2xZ2,Z2xZ2,0,0,0,[],{}
2,138,132,Z2xZ2,Z2xZ2,0,0,0,[],{}
2,138,133,Z2xZ2,Z2xZ2,54,54,0,[138],{138: 54}
2,138,137,Z2xZ2,Z2xZ2,0,0,0,[],{}
2,138,138,Z2xZ2,Z2xZ2,0,0,0,[],{}
2,138,139,Z2xZ2,Z2xZ2,54,54,0,[132],{132: 54}
2,138,143,Z2xZ2,Z2,0,0,0,[],{}
2,138,161,Z2xZ2,Z2,0,0,0,[],{}
2,138,179,Z2xZ2,Z2,0,0,0,[],{}
2,138,185,Z2xZ2,Z2,0,0,0,[],{}
2,138,191,Z2xZ2,Z2,0,0,0,[],{}
2,138,197,Z2xZ2,Z2,0,0,0,[],{}
2,138,215,Z2xZ2,Z2,0,0,0,[],{}
2,138,296,Z2xZ2,Trivial,0,0,0,[],{}
2,138,350,Z2xZ2,Z2xZ2,0,0,0,[],{}
2,138,354,Z2xZ2,Z2,0,0,0,[],{}
2,138,360,Z2xZ2,Z2xZ2,0,0,0,[],{}
2,138,370,Z2xZ2,Z2xZ2,0,0,0,[],{}
2,138,380,Z2xZ2,Z2xZ2,0,0,0,[],{}
2,138,390,Z2xZ2,Z2xZ2,0,0,0,[],{}
2,138,394,Z2xZ2,Z2,0,0,0,[],{}
2,138,400,Z2xZ2,Z2xZ2,0,0,0,[],{}
2,138,410,Z2xZ2,Z2xZ2,0,0,0,[],{}
2,138,420,Z2xZ2,Z2xZ2,0,0,0,[],{}
2,138,430,Z2xZ2,Z2xZ2,0,0,0,[],{}
2,138,434,Z2xZ2,Z2,0,0,0,[],{}
2,138,440,Z2xZ2,Z2,0,0,0,[],{}
2,138,500,Z2xZ2,Z2,0,0,0,[],{}
2,138,560,Z2xZ2,Z2,0,0,0,[],{}
2,138,980,Z2xZ2,Z2xZ2,0,0,0,[],{}
2,138,982,Z2xZ2,Z2xZ2,0,0,0,[],{}
2,138,984,Z2xZ2,Z2xZ2,0,0,0,[],{}
2,138,986,Z2xZ2,Z2,0,0,0,[],{}
2,138,995,Z2xZ2,Z2,0,0,0,[],{}
2,138,1010,Z2xZ2,Z2,0,0,0,[],{}
2,138,1025,Z2xZ2,Z2,0,0,0,[],{}
2,138,1031,Z2xZ2,Trivial,0,0,0,[],{}
2,138,1040,Z2xZ2,Z2,0,0,0,[],{}
2,138,1055,Z2xZ2,Z2xZ2,0,0,0,[],{}
2,138,1057,Z2xZ2,Z2xZ2,0,0,0,[],{}
2,138,1059,Z2xZ2,Z2xZ2,0,0,0,[],{}
2,138,1100,Z2xZ2,Z2,0,0,0,[],{}
2,138,1130,Z2xZ2,Z2xZ2,0,0,0,[],{}
2,138,1132,Z2xZ2,Z2xZ2,0,0,0,[],{}
2,138,1134,Z2xZ2,Z2xZ2,0,0,0,[],{}
2,138,1175,Z2xZ2,Z2,0,0,0,[],{}
2,139,0,Z2xZ2,(Z2)^3,0,0,0,[],{}
2,139,1,Z2xZ2,Z2xZ2,0,0,0,[],{}
2,139,2,Z2xZ2,Z2xZ2,0,0,0,[],{}
2,139,4,Z2xZ2,Z2xZ2,0,0,0,[],{}
2,139,5,Z2xZ2,Z2xZ2,0,0,0,[],{}
2,139,6,Z2xZ2,Z2xZ2,0,0,0,[],{}
2,139,10,Z2xZ2,Z2xZ2,0,0,0,[],{}
2,139,20,Z2xZ2,Z2xZ2,0,0,0,[],{}
2,139,30,Z2xZ2,Z2xZ2,0,0,0,[],{}
2,139,34,Z2xZ2,Z2,0,0,0,[],{}
2,139,40,Z2xZ2,Z2xZ2,0,0,0,[],{}
2,139,50,Z2xZ2,Z2xZ2,0,0,0,[],{}
2,139,52,Z2xZ2,Z2xZ2,0,0,0,[],{}
2,139,54,Z2xZ2,Z2xZ2,0,0,0,[],{}
2,139,95,Z2xZ2,Z2,0,0,0,[],{}
2,139,125,Z2xZ2,Z2xZ2,0,0,0,[],{}
2,139,126,Z2xZ2,Z2xZ2,54,54,0,[127],{127: 54}
2,139,127,Z2xZ2,Z2xZ2,0,0,0,[],{}
2,139,131,Z2xZ2,Z2xZ2,0,0,0,[],{}
2,139,132,Z2xZ2,Z2xZ2,54,54,0,[139],{139: 54}
2,139,133,Z2xZ2,Z2xZ2,0,0,0,[],{}
2,139,137,Z2xZ2,Z2xZ2,0,0,0,[],{}
2,139,138,Z2xZ2,Z2xZ2,54,54,0,[133],{133: 54}
2,139,139,Z2xZ2,Z2xZ2,0,0,0,[],{}
2,139,143,Z2xZ2,Z2,0,0,0,[],{}
2,139,161,Z2xZ2,Z2,0,0,0,[],{}
2,139,179,Z2xZ2,Z2,0,0,0,[],{}
2,139,185,Z2xZ2,Z2,0,0,0,[],{}
2,139,191,Z2xZ2,Z2,0,0,0,[],{}
2,139,197,Z2xZ2,Z2,0,0,0,[],{}
2,139,215,Z2xZ2,Z2,0,0,0,[],{}
2,139,296,Z2xZ2,Trivial,0,0,0,[],{}
2,139,350,Z2xZ2,Z2xZ2,0,0,0,[],{}
2,139,354,Z2xZ2,Z2,0,0,0,[],{}
2,139,360,Z2xZ2,Z2xZ2,0,0,0,[],{}
2,139,370,Z2xZ2,Z2xZ2,0,0,0,[],{}
2,139,380,Z2xZ2,Z2xZ2,0,0,0,[],{}
2,139,390,Z2xZ2,Z2xZ2,0,0,0,[],{}
2,139,394,Z2xZ2,Z2,0,0,0,[],{}
2,139,400,Z2xZ2,Z2xZ2,0,0,0,[],{}
2,139,410,Z2xZ2,Z2xZ2,0,0,0,[],{}
2,139,420,Z2xZ2,Z2xZ2,0,0,0,[],{}
2,139,430,Z2xZ2,Z2xZ2,0,0,0,[],{}
2,139,434,Z2xZ2,Z2,0,0,0,[],{}
2,139,440,Z2xZ2,Z2,0,0,0,[],{}
2,139,500,Z2xZ2,Z2,0,0,0,[],{}
2,139,560,Z2xZ2,Z2,0,0,0,[],{}
2,139,980,Z2xZ2,Z2xZ2,0,0,0,[],{}
2,139,982,Z2xZ2,Z2xZ2,0,0,0,[],{}
2,139,984,Z2xZ2,Z2xZ2,0,0,0,[],{}
2,139,986,Z2xZ2,Z2,0,0,0,[],{}
2,139,995,Z2xZ2,Z2,0,0,0,[],{}
2,139,1010,Z2xZ2,Z2,0,0,0,[],{}
2,139,1025,Z2xZ2,Z2,0,0,0,[],{}
2,139,1031,Z2xZ2,Trivial,0,0,0,[],{}
2,139,1040,Z2xZ2,Z2,0,0,0,[],{}
2,139,1055,Z2xZ2,Z2xZ2,0,0,0,[],{}
2,139,1057,Z2xZ2,Z2xZ2,0,0,0,[],{}
2,139,1059,Z2xZ2,Z2xZ2,0,0,0,[],{}
2,139,1100,Z2xZ2,Z2,0,0,0,[],{}
2,139,1130,Z2xZ2,Z2xZ2,0,0,0,[],{}
2,139,1132,Z2xZ2,Z2xZ2,0,0,0,[],{}
2,139,1134,Z2xZ2,Z2xZ2,0,0,0,[],{}
2,139,1175,Z2xZ2,Z2,0,0,0,[],{}
2,143,0,Z2,(Z2)^3,0,0,0,[],{}
2,143,1,Z2,Z2xZ2,0,0,0,[],{}
2,143,2,Z2,Z2xZ2,0,0,0,[],{}
2,143,4,Z2,Z2xZ2,0,0,0,[],{}
2,143,5,Z2,Z2xZ2,0,0,0,[],{}
2,143,6,Z2,Z2xZ2,0,0,0,[],{}
2,143,10,Z2,Z2xZ2,0,0,0,[],{}
2,143,20,Z2,Z2xZ2,0,0,0,[],{}
2,143,30,Z2,Z2xZ2,0,0,0,[],{}
2,143,34,Z2,Z2,0,0,0,[],{}
2,143,40,Z2,Z2xZ2,0,0,0,[],{}
2,143,50,Z2,Z2xZ2,0,0,0,[],{}
2,143,52,Z2,Z2xZ2,0,0,0,[],{}
2,143,54,Z2,Z2xZ2,0,0,0,[],{}
2,143,95,Z2,Z2,0,0,0,[],{}
2,143,125,Z2,Z2xZ2,0,0,0,[],{}
2,143,126,Z2,Z2xZ2,0,0,0,[],{}
2,143,127,Z2,Z2xZ2,0,0,0,[],{}
2,143,131,Z2,Z2xZ2,0,0,0,[],{}
2,143,132,Z2,Z2xZ2,0,0,0,[],{}
2,143,133,Z2,Z2xZ2,0,0,0,[],{}
2,143,137,Z2,Z2xZ2,0,0,0,[],{}
2,143,138,Z2,Z2xZ2,0,0,0,[],{}
2,143,139,Z2,Z2xZ2,0,0,0,[],{}
2,143,143,Z2,Z2,0,0,0,[],{}
2,143,161,Z2,Z2,0,0,0,[],{}
2,143,179,Z2,Z2,0,0,0,[],{}
2,143,185,Z2,Z2,0,0,0,[],{}
2,143,191,Z2,Z2,0,0,0,[],{}
2,143,197,Z2,Z2,0,0,0,[],{}
2,143,215,Z2,Z2,0,0,0,[],{}
2,143,296,Z2,Trivial,0,0,0,[],{}
2,143,350,Z2,Z2xZ2,108,108,0,[125],{125: 108}
2,143,354,Z2,Z2,216,216,0,"[131, 137]","{131: 108, 137: 108}"
2,143,360,Z2,Z2xZ2,108,108,0,[143],{143: 108}
2,143,370,Z2,Z2xZ2,108,108,0,[143],{143: 108}
2,143,380,Z2,Z2xZ2,108,108,0,[161],{161: 108}
2,143,390,Z2,Z2xZ2,108,108,0,[179],{179: 108}
2,143,394,Z2,Z2,216,216,0,"[185, 191]","{185: 108, 191: 108}"
2,143,400,Z2,Z2xZ2,108,108,0,[197],{197: 108}
2,143,410,Z2,Z2xZ2,108,108,0,[161],{161: 108}
2,143,420,Z2,Z2xZ2,108,108,0,[197],{197: 108}
2,143,430,Z2,Z2xZ2,108,108,0,[179],{179: 108}
2,143,434,Z2,Z2,216,216,0,"[185, 191]","{185: 108, 191: 108}"
2,143,440,Z2,Z2,216,216,0,[215],{215: 216}
2,143,500,Z2,Z2,216,216,0,[296],{296: 216}
2,143,560,Z2,Z2,216,216,0,[296],{296: 216}
2,143,980,Z2,Z2xZ2,0,0,0,[],{}
2,143,982,Z2,Z2xZ2,0,0,0,[],{}
2,143,984,Z2,Z2xZ2,0,0,0,[],{}
2,143,986,Z2,Z2,0,0,0,[],{}
2,143,995,Z2,Z2,0,0,0,[],{}
2,143,1010,Z2,Z2,0,0,0,[],{}
2,143,1025,Z2,Z2,0,0,0,[],{}
2,143,1031,Z2,Trivial,0,0,0,[],{}
2,143,1040,Z2,Z2,0,0,0,[],{}
2,143,1055,Z2,Z2xZ2,0,0,0,[],{}
2,143,1057,Z2,Z2xZ2,0,0,0,[],{}
2,143,1059,Z2,Z2xZ2,0,0,0,[],{}
2,143,1100,Z2,Z2,0,0,0,[],{}
2,143,1130,Z2,Z2xZ2,0,0,0,[],{}
2,143,1132,Z2,Z2xZ2,0,0,0,[],{}
2,143,1134,Z2,Z2xZ2,0,0,0,[],{}
2,143,1175,Z2,Z2,0,0,0,[],{}
2,161,0,Z2,(Z2)^3,0,0,0,[],{}
2,161,1,Z2,Z2xZ2,0,0,0,[],{}
2,161,2,Z2,Z2xZ2,0,0,0,[],{}
2,161,4,Z2,Z2xZ2,0,0,0,[],{}
2,161,5,Z2,Z2xZ2,0,0,0,[],{}
2,161,6,Z2,Z2xZ2,0,0,0,[],{}
2,161,10,Z2,Z2xZ2,0,0,0,[],{}
2,161,20,Z2,Z2xZ2,0,0,0,[],{}
2,161,30,Z2,Z2xZ2,0,0,0,[],{}
2,161,34,Z2,Z2,0,0,0,[],{}
2,161,40,Z2,Z2xZ2,0,0,0,[],{}
2,161,50,Z2,Z2xZ2,0,0,0,[],{}
2,161,52,Z2,Z2xZ2,0,0,0,[],{}
2,161,54,Z2,Z2xZ2,0,0,0,[],{}
2,161,95,Z2,Z2,0,0,0,[],{}
2,161,125,Z2,Z2xZ2,0,0,0,[],{}
2,161,126,Z2,Z2xZ2,0,0,0,[],{}
2,161,127,Z2,Z2xZ2,0,0,0,[],{}
2,161,131,Z2,Z2xZ2,0,0,0,[],{}
2,161,132,Z2,Z2xZ2,0,0,0,[],{}
2,161,133,Z2,Z2xZ2,0,0,0,[],{}
2,161,137,Z2,Z2xZ2,0,0,0,[],{}
2,161,138,Z2,Z2xZ2,0,0,0,[],{}
2,161,139,Z2,Z2xZ2,0,0,0,[],{}
2,161,143,Z2,Z2,0,0,0,[],{}
2,161,161,Z2,Z2,0,0,0,[],{}
2,161,179,Z2,Z2,0,0,0,[],{}
2,161,185,Z2,Z2,0,0,0,[],{}
2,161,191,Z2,Z2,0,0,0,[],{}
2,161,197,Z2,Z2,0,0,0,[],{}
2,161,215,Z2,Z2,0,0,0,[],{}
2,161,296,Z2,Trivial,0,0,0,[],{}
2,161,350,Z2,Z2xZ2,108,108,0,[179],{179: 108}
2,161,354,Z2,Z2,216,216,0,"[185, 191]","{185: 108, 191: 108}"
2,161,360,Z2,Z2xZ2,108,108,0,[161],{161: 108}
2,161,370,Z2,Z2xZ2,108,108,0,[197],{197: 108}
2,161,380,Z2,Z2xZ2,108,108,0,[143],{143: 108}
2,161,390,Z2,Z2xZ2,108,108,0,[125],{125: 108}
2,161,394,Z2,Z2,216,216,0,"[131, 137]","{131: 108, 137: 108}"
2,161,400,Z2,Z2xZ2,108,108,0,[143],{143: 108}
2,161,410,Z2,Z2xZ2,108,108,0,[197],{197: 108}
2,161,420,Z2,Z2xZ2,108,108,0,[161],{161: 108}
2,161,430,Z2,Z2xZ2,108,108,0,[179],{179: 108}
2,161,434,Z2,Z2,216,216,0,"[185, 191]","{185: 108, 191: 108}"
2,161,440,Z2,Z2,216,216,0,[296],{296: 216}
2,161,500,Z2,Z2,216,216,0,[215],{215: 216}
2,161,560,Z2,Z2,216,216,0,[296],{296: 216}
2,161,980,Z2,Z2xZ2,0,0,0,[],{}
2,161,982,Z2,Z2xZ2,0,0,0,[],{}
2,161,984,Z2,Z2xZ2,0,0,0,[],{}
2,161,986,Z2,Z2,0,0,0,[],{}
2,161,995,Z2,Z2,0,0,0,[],{}
2,161,1010,Z2,Z2,0,0,0,[],{}
2,161,1025,Z2,Z2,0,0,0,[],{}
2,161,1031,Z2,Trivial,0,0,0,[],{}
2,161,1040,Z2,Z2,0,0,0,[],{}
2,161,1055,Z2,Z2xZ2,0,0,0,[],{}
2,161,1057,Z2,Z2xZ2,0,0,0,[],{}
2,161,1059,Z2,Z2xZ2,0,0,0,[],{}
2,161,1100,Z2,Z2,0,0,0,[],{}
2,161,1130,Z2,Z2xZ2,0,0,0,[],{}
2,161,1132,Z2,Z2xZ2,0,0,0,[],{}
2,161,1134,Z2,Z2xZ2,0,0,0,[],{}
2,161,1175,Z2,Z2,0,0,0,[],{}
2,179,0,Z2,(Z2)^3,108,108,0,[179],{179: 108}
2,179,1,Z2,Z2xZ2,0,0,0,[],{}
2,179,2,Z2,Z2xZ2,0,0,0,[],{}
2,179,4,Z2,Z2xZ2,216,216,0,"[185, 191]","{185: 108, 191: 108}"
2,179,5,Z2,Z2xZ2,0,0,0,[],{}
2,179,6,Z2,Z2xZ2,0,0,0,[],{}
2,179,10,Z2,Z2xZ2,216,216,0,"[161, 197]","{161: 108, 197: 108}"
2,179,20,Z2,Z2xZ2,216,216,0,"[143, 197]","{143: 108, 197: 108}"
2,179,30,Z2,Z2xZ2,216,216,0,"[125, 179]","{125: 108, 179: 108}"
2,179,34,Z2,Z2,432,432,0,"[131, 137, 185, 191]","{131: 108, 137: 108, 185: 108, 191: 108}"
2,179,40,Z2,Z2xZ2,216,216,0,"[143, 161]","{143: 108, 161: 108}"
2,179,50,Z2,Z2xZ2,216,216,0,[296],{296: 216}
2,179,52,Z2,Z2xZ2,0,0,0,[],{}
2,179,54,Z2,Z2xZ2,0,0,0,[],{}
2,179,95,Z2,Z2,432,432,0,"[215, 296]","{215: 216, 296: 216}"
2,179,125,Z2,Z2xZ2,0,0,0,[],{}
2,179,126,Z2,Z2xZ2,0,0,0,[],{}
2,179,127,Z2,Z2xZ2,0,0,0,[],{}
2,179,131,Z2,Z2xZ2,0,0,0,[],{}
2,179,132,Z2,Z2xZ2,0,0,0,[],{}
2,179,133,Z2,Z2xZ2,0,0,0,[],{}
2,179,137,Z2,Z2xZ2,0,0,0,[],{}
2,179,138,Z2,Z2xZ2,0,0,0,[],{}
2,179,139,Z2,Z2xZ2,0,0,0,[],{}
2,179,143,Z2,Z2,0,0,0,[],{}
2,179,161,Z2,Z2,0,0,0,[],{}
2,179,179,Z2,Z2,0,0,0,[],{}
2,179,185,Z2,Z2,0,0,0,[],{}
2,179,191,Z2,Z2,0,0,0,[],{}
2,179,197,Z2,Z2,0,0,0,[],{}
2,179,215,Z2,Z2,0,0,0,[],{}
2,179,296,Z2,Trivial,0,0,0,[],{}
2,179,350,Z2,Z2xZ2,0,0,0,[],{}
2,179,354,Z2,Z2,0,0,0,[],{}
2,179,360,Z2,Z2xZ2,0,0,0,[],{}
2,179,370,Z2,Z2xZ2,0,0,0,[],{}
2,179,380,Z2,Z2xZ2,0,0,0,[],{}
2,179,390,Z2,Z2xZ2,0,0,0,[],{}
2,179,394,Z2,Z2,0,0,0,[],{}
2,179,400,Z2,Z2xZ2,0,0,0,[],{}
2,179,410,Z2,Z2xZ2,0,0,0,[],{}
2,179,420,Z2,Z2xZ2,0,0,0,[],{}
2,179,430,Z2,Z2xZ2,0,0,0,[],{}
2,179,434,Z2,Z2,0,0,0,[],{}
2,179,440,Z2,Z2,0,0,0,[],{}
2,179,500,Z2,Z2,0,0,0,[],{}
2,179,560,Z2,Z2,0,0,0,[],{}
2,179,980,Z2,Z2xZ2,0,0,0,[],{}
2,179,982,Z2,Z2xZ2,0,0,0,[],{}
2,179,984,Z2,Z2xZ2,0,0,0,[],{}
2,179,986,Z2,Z2,0,0,0,[],{}
2,179,995,Z2,Z2,0,0,0,[],{}
2,179,1010,Z2,Z2,0,0,0,[],{}
2,179,1025,Z2,Z2,0,0,0,[],{}
2,179,1031,Z2,Trivial,0,0,0,[],{}
2,179,1040,Z2,Z2,0,0,0,[],{}
2,179,1055,Z2,Z2xZ2,0,0,0,[],{}
2,179,1057,Z2,Z2xZ2,0,0,0,[],{}
2,179,1059,Z2,Z2xZ2,0,0,0,[],{}
2,179,1100,Z2,Z2,0,0,0,[],{}
2,179,1130,Z2,Z2xZ2,0,0,0,[],{}
2,179,1132,Z2,Z2xZ2,0,0,0,[],{}
2,179,1134,Z2,Z2xZ2,0,0,0,[],{}
2,179,1175,Z2,Z2,0,0,0,[],{}
2,185,0,Z2,(Z2)^3,0,0,0,[],{}
2,185,1,Z2,Z2xZ2,0,0,0,[],{}
2,185,2,Z2,Z2xZ2,0,0,0,[],{}
2,185,4,Z2,Z2xZ2,0,0,0,[],{}
2,185,5,Z2,Z2xZ2,0,0,0,[],{}
2,185,6,Z2,Z2xZ2,0,0,0,[],{}
2,185,10,Z2,Z2xZ2,0,0,0,[],{}
2,185,20,Z2,Z2xZ2,0,0,0,[],{}
2,185,30,Z2,Z2xZ2,0,0,0,[],{}
2,185,34,Z2,Z2,0,0,0,[],{}
2,185,40,Z2,Z2xZ2,0,0,0,[],{}
2,185,50,Z2,Z2xZ2,0,0,0,[],{}
2,185,52,Z2,Z2xZ2,0,0,0,[],{}
2,185,54,Z2,Z2xZ2,0,0,0,[],{}
2,185,95,Z2,Z2,0,0,0,[],{}
2,185,125,Z2,Z2xZ2,108,108,0,[179],{179: 108}
2,185,126,Z2,Z2xZ2,0,0,0,[],{}
2,185,127,Z2,Z2xZ2,0,0,0,[],{}
2,185,131,Z2,Z2xZ2,108,108,0,[185],{185: 108}
2,185,132,Z2,Z2xZ2,0,0,0,[],{}
2,185,133,Z2,Z2xZ2,0,0,0,[],{}
2,185,137,Z2,Z2xZ2,108,108,0,[191],{191: 108}
2,185,138,Z2,Z2xZ2,0,0,0,[],{}
2,185,139,Z2,Z2xZ2,0,0,0,[],{}
2,185,143,Z2,Z2,216,216,0,"[161, 197]","{161: 108, 197: 108}"
2,185,161,Z2,Z2,216,216,0,"[143, 197]","{143: 108, 197: 108}"
2,185,179,Z2,Z2,216,216,0,"[125, 179]","{125: 108, 179: 108}"
2,185,185,Z2,Z2,216,216,0,"[131, 185]","{131: 108, 185: 108}"
2,185,191,Z2,Z2,216,216,0,"[137, 191]","{137: 108, 191: 108}"
2,185,197,Z2,Z2,216,216,0,"[143, 161]","{143: 108, 161: 108}"
2,185,215,Z2,Z2,216,216,0,[296],{296: 216}
2,185,296,Z2,Trivial,432,432,0,"[215, 296]","{215: 216, 296: 216}"
2,185,350,Z2,Z2xZ2,0,0,0,[],{}
2,185,354,Z2,Z2,0,0,0,[],{}
2,185,360,Z2,Z2xZ2,0,0,0,[],{}
2,185,370,Z2,Z2xZ2,0,0,0,[],{}
2,185,380,Z2,Z2xZ2,0,0,0,[],{}
2,185,390,Z2,Z2xZ2,0,0,0,[],{}
2,185,394,Z2,Z2,0,0,0,[],{}
2,185,400,Z2,Z2xZ2,0,0,0,[],{}
2,185,410,Z2,Z2xZ2,0,0,0,[],{}
2,185,420,Z2,Z2xZ2,0,0,0,[],{}
2,185,430,Z2,Z2xZ2,0,0,0,[],{}
2,185,434,Z2,Z2,0,0,0,[],{}
2,185,440,Z2,Z2,0,0,0,[],{}
2,185,500,Z2,Z2,0,0,0,[],{}
2,185,560,Z2,Z2,0,0,0,[],{}
2,185,980,Z2,Z2xZ2,0,0,0,[],{}
2,185,982,Z2,Z2xZ2,0,0,0,[],{}
2,185,984,Z2,Z2xZ2,0,0,0,[],{}
2,185,986,Z2,Z2,0,0,0,[],{}
2,185,995,Z2,Z2,0,0,0,[],{}
2,185,1010,Z2,Z2,0,0,0,[],{}
2,185,1025,Z2,Z2,0,0,0,[],{}
2,185,1031,Z2,Trivial,0,0,0,[],{}
2,185,1040,Z2,Z2,0,0,0,[],{}
2,185,1055,Z2,Z2xZ2,0,0,0,[],{}
2,185,1057,Z2,Z2xZ2,0,0,0,[],{}
2,185,1059,Z2,Z2xZ2,0,0,0,[],{}
2,185,1100,Z2,Z2,0,0,0,[],{}
2,185,1130,Z2,Z2xZ2,0,0,0,[],{}
2,185,1132,Z2,Z2xZ2,0,0,0,[],{}
2,185,1134,Z2,Z2xZ2,0,0,0,[],{}
2,185,1175,Z2,Z2,0,0,0,[],{}
2,191,0,Z2,(Z2)^3,0,0,0,[],{}
2,191,1,Z2,Z2xZ2,0,0,0,[],{}
2,191,2,Z2,Z2xZ2,0,0,0,[],{}
2,191,4,Z2,Z2xZ2,0,0,0,[],{}
2,191,5,Z2,Z2xZ2,0,0,0,[],{}
2,191,6,Z2,Z2xZ2,0,0,0,[],{}
2,191,10,Z2,Z2xZ2,0,0,0,[],{}
2,191,20,Z2,Z2xZ2,0,0,0,[],{}
2,191,30,Z2,Z2xZ2,0,0,0,[],{}
2,191,34,Z2,Z2,0,0,0,[],{}
2,191,40,Z2,Z2xZ2,0,0,0,[],{}
2,191,50,Z2,Z2xZ2,0,0,0,[],{}
2,191,52,Z2,Z2xZ2,0,0,0,[],{}
2,191,54,Z2,Z2xZ2,0,0,0,[],{}
2,191,95,Z2,Z2,0,0,0,[],{}
2,191,125,Z2,Z2xZ2,108,108,0,[179],{179: 108}
2,191,126,Z2,Z2xZ2,0,0,0,[],{}
2,191,127,Z2,Z2xZ2,0,0,0,[],{}
2,191,131,Z2,Z2xZ2,108,108,0,[191],{191: 108}
2,191,132,Z2,Z2xZ2,0,0,0,[],{}
2,191,133,Z2,Z2xZ2,0,0,0,[],{}
2,191,137,Z2,Z2xZ2,108,108,0,[185],{185: 108}
2,191,138,Z2,Z2xZ2,0,0,0,[],{}
2,191,139,Z2,Z2xZ2,0,0,0,[],{}
2,191,143,Z2,Z2,216,216,0,"[161, 197]","{161: 108, 197: 108}"
2,191,161,Z2,Z2,216,216,0,"[143, 197]","{143: 108, 197: 108}"
2,191,179,Z2,Z2,216,216,0,"[125, 179]","{125: 108, 179: 108}"
2,191,185,Z2,Z2,216,216,0,"[137, 191]","{137: 108, 191: 108}"
2,191,191,Z2,Z2,216,216,0,"[131, 185]","{131: 108, 185: 108}"
2,191,197,Z2,Z2,216,216,0,"[143, 161]","{143: 108, 161: 108}"
2,191,215,Z2,Z2,216,216,0,[296],{296: 216}
2,191,296,Z2,Trivial,432,432,0,"[215, 296]","{215: 216, 296: 216}"
2,191,350,Z2,Z2xZ2,0,0,0,[],{}
2,191,354,Z2,Z2,0,0,0,[],{}
2,191,360,Z2,Z2xZ2,0,0,0,[],{}
2,191,370,Z2,Z2xZ2,0,0,0,[],{}
2,191,380,Z2,Z2xZ2,0,0,0,[],{}
2,191,390,Z2,Z2xZ2,0,0,0,[],{}
2,191,394,Z2,Z2,0,0,0,[],{}
2,191,400,Z2,Z2xZ2,0,0,0,[],{}
2,191,410,Z2,Z2xZ2,0,0,0,[],{}
2,191,420,Z2,Z2xZ2,0,0,0,[],{}
2,191,430,Z2,Z2xZ2,0,0,0,[],{}
2,191,434,Z2,Z2,0,0,0,[],{}
2,191,440,Z2,Z2,0,0,0,[],{}
2,191,500,Z2,Z2,0,0,0,[],{}
2,191,560,Z2,Z2,0,0,0,[],{}
2,191,980,Z2,Z2xZ2,0,0,0,[],{}
2,191,982,Z2,Z2xZ2,0,0,0,[],{}
2,191,984,Z2,Z2xZ2,0,0,0,[],{}
2,191,986,Z2,Z2,0,0,0,[],{}
2,191,995,Z2,Z2,0,0,0,[],{}
2,191,1010,Z2,Z2,0,0,0,[],{}
2,191,1025,Z2,Z2,0,0,0,[],{}
2,191,1031,Z2,Trivial,0,0,0,[],{}
2,191,1040,Z2,Z2,0,0,0,[],{}
2,191,1055,Z2,Z2xZ2,0,0,0,[],{}
2,191,1057,Z2,Z2xZ2,0,0,0,[],{}
2,191,1059,Z2,Z2xZ2,0,0,0,[],{}
2,191,1100,Z2,Z2,0,0,0,[],{}
2,191,1130,Z2,Z2xZ2,0,0,0,[],{}
2,191,1132,Z2,Z2xZ2,0,0,0,[],{}
2,191,1134,Z2,Z2xZ2,0,0,0,[],{}
2,191,1175,Z2,Z2,0,0,0,[],{}
2,197,0,Z2,(Z2)^3,0,0,0,[],{}
2,197,1,Z2,Z2xZ2,0,0,0,[],{}
2,197,2,Z2,Z2xZ2,0,0,0,[],{}
2,197,4,Z2,Z2xZ2,0,0,0,[],{}
2,197,5,Z2,Z2xZ2,0,0,0,[],{}
2,197,6,Z2,Z2xZ2,0,0,0,[],{}
2,197,10,Z2,Z2xZ2,0,0,0,[],{}
2,197,20,Z2,Z2xZ2,0,0,0,[],{}
2,197,30,Z2,Z2xZ2,0,0,0,[],{}
2,197,34,Z2,Z2,0,0,0,[],{}
2,197,40,Z2,Z2xZ2,0,0,0,[],{}
2,197,50,Z2,Z2xZ2,0,0,0,[],{}
2,197,52,Z2,Z2xZ2,0,0,0,[],{}
2,197,54,Z2,Z2xZ2,0,0,0,[],{}
2,197,95,Z2,Z2,0,0,0,[],{}
2,197,125,Z2,Z2xZ2,0,0,0,[],{}
2,197,126,Z2,Z2xZ2,0,0,0,[],{}
2,197,127,Z2,Z2xZ2,0,0,0,[],{}
2,197,131,Z2,Z2xZ2,0,0,0,[],{}
2,197,132,Z2,Z2xZ2,0,0,0,[],{}
2,197,133,Z2,Z2xZ2,0,0,0,[],{}
2,197,137,Z2,Z2xZ2,0,0,0,[],{}
2,197,138,Z2,Z2xZ2,0,0,0,[],{}
2,197,139,Z2,Z2xZ2,0,0,0,[],{}
2,197,143,Z2,Z2,0,0,0,[],{}
2,197,161,Z2,Z2,0,0,0,[],{}
2,197,179,Z2,Z2,0,0,0,[],{}
2,197,185,Z2,Z2,0,0,0,[],{}
2,197,191,Z2,Z2,0,0,0,[],{}
2,197,197,Z2,Z2,0,0,0,[],{}
2,197,215,Z2,Z2,0,0,0,[],{}
2,197,296,Z2,Trivial,0,0,0,[],{}
2,197,350,Z2,Z2xZ2,108,108,0,[179],{179: 108}
2,197,354,Z2,Z2,216,216,0,"[185, 191]","{185: 108, 191: 108}"
2,197,360,Z2,Z2xZ2,108,108,0,[197],{197: 108}
2,197,370,Z2,Z2xZ2,108,108,0,[161],{161: 108}
2,197,380,Z2,Z2xZ2,108,108,0,[197],{197: 108}
2,197,390,Z2,Z2xZ2,108,108,0,[179],{179: 108}
2,197,394,Z2,Z2,216,216,0,"[185, 191]","{185: 108, 191: 108}"
2,197,400,Z2,Z2xZ2,108,108,0,[161],{161: 108}
2,197,410,Z2,Z2xZ2,108,108,0,[143],{143: 108}
2,197,420,Z2,Z2xZ2,108,108,0,[143],{143: 108}
2,197,430,Z2,Z2xZ2,108,108,0,[125],{125: 108}
2,197,434,Z2,Z2,216,216,0,"[131, 137]","{131: 108, 137: 108}"
2,197,440,Z2,Z2,216,216,0,[296],{296: 216}
2,197,500,Z2,Z2,216,216,0,[296],{296: 216}
2,197,560,Z2,Z2,216,216,0,[215],{215: 216}
2,197,980,Z2,Z2xZ2,0,0,0,[],{}
2,197,982,Z2,Z2xZ2,0,0,0,[],{}
2,197,984,Z2,Z2xZ2,0,0,0,[],{}
2,197,986,Z2,Z2,0,0,0,[],{}
2,197,995,Z2,Z2,0,0,0,[],{}
2,197,1010,Z2,Z2,0,0,0,[],{}
2,197,1025,Z2,Z2,0,0,0,[],{}
2,197,1031,Z2,Trivial,0,0,0,[],{}
2,197,1040,Z2,Z2,0,0,0,[],{}
2,197,1055,Z2,Z2xZ2,0,0,0,[],{}
2,197,1057,Z2,Z2xZ2,0,0,0,[],{}
2,197,1059,Z2,Z2xZ2,0,0,0,[],{}
2,197,1100,Z2,Z2,0,0,0,[],{}
2,197,1130,Z2,Z2xZ2,0,0,0,[],{}
2,197,1132,Z2,Z2xZ2,0,0,0,[],{}
2,197,1134,Z2,Z2xZ2,0,0,0,[],{}
2,197,1175,Z2,Z2,0,0,0,[],{}
2,215,0,Z2,(Z2)^3,0,0,0,[],{}
2,215,1,Z2,Z2xZ2,0,0,0,[],{}
2,215,2,Z2,Z2xZ2,0,0,0,[],{}
2,215,4,Z2,Z2xZ2,0,0,0,[],{}
2,215,5,Z2,Z2xZ2,0,0,0,[],{}
2,215,6,Z2,Z2xZ2,0,0,0,[],{}
2,215,10,Z2,Z2xZ2,0,0,0,[],{}
2,215,20,Z2,Z2xZ2,0,0,0,[],{}
2,215,30,Z2,Z2xZ2,0,0,0,[],{}
2,215,34,Z2,Z2,0,0,0,[],{}
2,215,40,Z2,Z2xZ2,0,0,0,[],{}
2,215,50,Z2,Z2xZ2,0,0,0,[],{}
2,215,52,Z2,Z2xZ2,0,0,0,[],{}
2,215,54,Z2,Z2xZ2,0,0,0,[],{}
2,215,95,Z2,Z2,0,0,0,[],{}
2,215,125,Z2,Z2xZ2,0,0,0,[],{}
2,215,126,Z2,Z2xZ2,0,0,0,[],{}
2,215,127,Z2,Z2xZ2,0,0,0,[],{}
2,215,131,Z2,Z2xZ2,0,0,0,[],{}
2,215,132,Z2,Z2xZ2,0,0,0,[],{}
2,215,133,Z2,Z2xZ2,0,0,0,[],{}
2,215,137,Z2,Z2xZ2,0,0,0,[],{}
2,215,138,Z2,Z2xZ2,0,0,0,[],{}
2,215,139,Z2,Z2xZ2,0,0,0,[],{}
2,215,143,Z2,Z2,0,0,0,[],{}
2,215,161,Z2,Z2,0,0,0,[],{}
2,215,179,Z2,Z2,0,0,0,[],{}
2,215,185,Z2,Z2,0,0,0,[],{}
2,215,191,Z2,Z2,0,0,0,[],{}
2,215,197,Z2,Z2,0,0,0,[],{}
2,215,215,Z2,Z2,0,0,0,[],{}
2,215,296,Z2,Trivial,0,0,0,[],{}
2,215,350,Z2,Z2xZ2,0,0,0,[],{}
2,215,354,Z2,Z2,0,0,0,[],{}
2,215,360,Z2,Z2xZ2,0,0,0,[],{}
2,215,370,Z2,Z2xZ2,0,0,0,[],{}
2,215,380,Z2,Z2xZ2,0,0,0,[],{}
2,215,390,Z2,Z2xZ2,0,0,0,[],{}
2,215,394,Z2,Z2,0,0,0,[],{}
2,215,400,Z2,Z2xZ2,0,0,0,[],{}
2,215,410,Z2,Z2xZ2,0,0,0,[],{}
2,215,420,Z2,Z2xZ2,0,0,0,[],{}
2,215,430,Z2,Z2xZ2,0,0,0,[],{}
2,215,434,Z2,Z2,0,0,0,[],{}
2,215,440,Z2,Z2,0,0,0,[],{}
2,215,500,Z2,Z2,0,0,0,[],{}
2,215,560,Z2,Z2,0,0,0,[],{}
2,215,980,Z2,Z2xZ2,108,108,0,[125],{125: 108}
2,215,982,Z2,Z2xZ2,0,0,0,[],{}
2,215,984,Z2,Z2xZ2,0,0,0,[],{}
2,215,986,Z2,Z2,216,216,0,"[131, 137]","{131: 108, 137: 108}"
2,215,995,Z2,Z2,216,216,0,[143],{143: 216}
2,215,1010,Z2,Z2,216,216,0,[161],{161: 216}
2,215,1025,Z2,Z2,216,216,0,[179],{179: 216}
2,215,1031,Z2,Trivial,432,432,0,"[185, 191]","{185: 216, 191: 216}"
2,215,1040,Z2,Z2,216,216,0,[197],{197: 216}
2,215,1055,Z2,Z2xZ2,108,108,0,[215],{215: 108}
2,215,1057,Z2,Z2xZ2,0,0,0,[],{}
2,215,1059,Z2,Z2xZ2,0,0,0,[],{}
2,215,1100,Z2,Z2,216,216,0,[296],{296: 216}
2,215,1130,Z2,Z2xZ2,108,108,0,[215],{215: 108}
2,215,1132,Z2,Z2xZ2,0,0,0,[],{}
2,215,1134,Z2,Z2xZ2,0,0,0,[],{}
2,215,1175,Z2,Z2,216,216,0,[296],{296: 216}
2,296,0,Trivial,(Z2)^3,0,0,0,[],{}
2,296,1,Trivial,Z2xZ2,0,0,0,[],{}
2,296,2,Trivial,Z2xZ2,0,0,0,[],{}
2,296,4,Trivial,Z2xZ2,0,0,0,[],{}
2,296,5,Trivial,Z2xZ2,0,0,0,[],{}
2,296,6,Trivial,Z2xZ2,0,0,0,[],{}
2,296,10,Trivial,Z2xZ2,0,0,0,[],{}
2,296,20,Trivial,Z2xZ2,0,0,0,[],{}
2,296,30,Trivial,Z2xZ2,0,0,0,[],{}
2,296,34,Trivial,Z2,0,0,0,[],{}
2,296,40,Trivial,Z2xZ2,0,0,0,[],{}
2,296,50,Trivial,Z2xZ2,0,0,0,[],{}
2,296,52,Trivial,Z2xZ2,0,0,0,[],{}
2,296,54,Trivial,Z2xZ2,0,0,0,[],{}
2,296,95,Trivial,Z2,0,0,0,[],{}
2,296,125,Trivial,Z2xZ2,0,0,0,[],{}
2,296,126,Trivial,Z2xZ2,0,0,0,[],{}
2,296,127,Trivial,Z2xZ2,0,0,0,[],{}
2,296,131,Trivial,Z2xZ2,0,0,0,[],{}
2,296,132,Trivial,Z2xZ2,0,0,0,[],{}
2,296,133,Trivial,Z2xZ2,0,0,0,[],{}
2,296,137,Trivial,Z2xZ2,0,0,0,[],{}
2,296,138,Trivial,Z2xZ2,0,0,0,[],{}
2,296,139,Trivial,Z2xZ2,0,0,0,[],{}
2,296,143,Trivial,Z2,0,0,0,[],{}
2,296,161,Trivial,Z2,0,0,0,[],{}
2,296,179,Trivial,Z2,0,0,0,[],{}
2,296,185,Trivial,Z2,0,0,0,[],{}
2,296,191,Trivial,Z2,0,0,0,[],{}
2,296,197,Trivial,Z2,0,0,0,[],{}
2,296,215,Trivial,Z2,0,0,0,[],{}
2,296,296,Trivial,Trivial,0,0,0,[],{}
2,296,350,Trivial,Z2xZ2,0,0,0,[],{}
2,296,354,Trivial,Z2,0,0,0,[],{}
2,296,360,Trivial,Z2xZ2,0,0,0,[],{}
2,296,370,Trivial,Z2xZ2,0,0,0,[],{}
2,296,380,Trivial,Z2xZ2,0,0,0,[],{}
2,296,390,Trivial,Z2xZ2,0,0,0,[],{}
2,296,394,Trivial,Z2,0,0,0,[],{}
2,296,400,Trivial,Z2xZ2,0,0,0,[],{}
2,296,410,Trivial,Z2xZ2,0,0,0,[],{}
2,296,420,Trivial,Z2xZ2,0,0,0,[],{}
2,296,430,Trivial,Z2xZ2,0,0,0,[],{}
2,296,434,Trivial,Z2,0,0,0,[],{}
2,296,440,Trivial,Z2,0,0,0,[],{}
2,296,500,Trivial,Z2,0,0,0,[],{}
2,296,560,Trivial,Z2,0,0,0,[],{}
2,296,980,Trivial,Z2xZ2,216,216,0,[179],{179: 216}
2,296,982,Trivial,Z2xZ2,0,0,0,[],{}
2,296,984,Trivial,Z2xZ2,0,0,0,[],{}
2,296,986,Trivial,Z2,432,432,0,"[185, 191]","{185: 216, 191: 216}"
2,296,995,Trivial,Z2,432,432,0,"[161, 197]","{161: 216, 197: 216}"
2,296,1010,Trivial,Z2,432,432,0,"[143, 197]","{143: 216, 197: 216}"
2,296,1025,Trivial,Z2,432,432,0,"[125, 179]","{125: 216, 179: 216}"
2,296,1031,Trivial,Trivial,864,864,0,"[131, 137, 185, 191]","{131: 216, 137: 216, 185: 216, 191: 216}"
2,296,1040,Trivial,Z2,432,432,0,"[143, 161]","{143: 216, 161: 216}"
2,296,1055,Trivial,Z2xZ2,216,216,0,[296],{296: 216}
2,296,1057,Trivial,Z2xZ2,0,0,0,[],{}
2,296,1059,Trivial,Z2xZ2,0,0,0,[],{}
2,296,1100,Trivial,Z2,432,432,0,"[215, 296]","{215: 216, 296: 216}"
2,296,1130,Trivial,Z2xZ2,216,216,0,[296],{296: 216}
2,296,1132,Trivial,Z2xZ2,0,0,0,[],{}
2,296,1134,Trivial,Z2xZ2,0,0,0,[],{}
2,296,1175,Trivial,Z2,432,432,0,"[215, 296]","{215: 216, 296: 216}"
2,350,0,Z2xZ2,(Z2)^3,54,54,0,[350],{350: 54}
2,350,1,Z2xZ2,Z2xZ2,0,0,0,[],{}
2,350,2,Z2xZ2,Z2xZ2,0,0,0,[],{}
2,350,4,Z2xZ2,Z2xZ2,108,108,0,[354],{354: 108}
2,350,5,Z2xZ2,Z2xZ2,0,0,0,[],{}
2,350,6,Z2xZ2,Z2xZ2,0,0,0,[],{}
2,350,10,Z2xZ2,Z2xZ2,108,108,0,"[360, 370]","{360: 54, 370: 54}"
2,350,20,Z2xZ2,Z2xZ2,108,108,0,"[380, 410]","{380: 54, 410: 54}"
2,350,30,Z2xZ2,Z2xZ2,108,108,0,"[390, 430]","{390: 54, 430: 54}"
2,350,34,Z2xZ2,Z2,216,216,0,"[394, 434]","{394: 108, 434: 108}"
2,350,40,Z2xZ2,Z2xZ2,108,108,0,"[400, 420]","{400: 54, 420: 54}"
2,350,50,Z2xZ2,Z2xZ2,108,108,0,[440],{440: 108}
2,350,52,Z2xZ2,Z2xZ2,0,0,0,[],{}
2,350,54,Z2xZ2,Z2xZ2,0,0,0,[],{}
2,350,95,Z2xZ2,Z2,216,216,0,"[500, 560]","{500: 108, 560: 108}"
2,350,125,Z2xZ2,Z2xZ2,0,0,0,[],{}
2,350,126,Z2xZ2,Z2xZ2,0,0,0,[],{}
2,350,127,Z2xZ2,Z2xZ2,0,0,0,[],{}
2,350,131,Z2xZ2,Z2xZ2,0,0,0,[],{}
2,350,132,Z2xZ2,Z2xZ2,0,0,0,[],{}
2,350,133,Z2xZ2,Z2xZ2,0,0,0,[],{}
2,350,137,Z2xZ2,Z2xZ2,0,0,0,[],{}
2,350,138,Z2xZ2,Z2xZ2,0,0,0,[],{}
2,350,139,Z2xZ2,Z2xZ2,0,0,0,[],{}
2,350,143,Z2xZ2,Z2,0,0,0,[],{}
2,350,161,Z2xZ2,Z2,0,0,0,[],{}
2,350,179,Z2xZ2,Z2,0,0,0,[],{}
2,350,185,Z2xZ2,Z2,0,0,0,[],{}
2,350,191,Z2xZ2,Z2,0,0,0,[],{}
2,350,197,Z2xZ2,Z2,0,0,0,[],{}
2,350,215,Z2xZ2,Z2,0,0,0,[],{}
2,350,296,Z2xZ2,Trivial,0,0,0,[],{}
2,350,350,Z2xZ2,Z2xZ2,0,0,0,[],{}
2,350,354,Z2xZ2,Z2,0,0,0,[],{}
2,350,360,Z2xZ2,Z2xZ2,0,0,0,[],{}
2,350,370,Z2xZ2,Z2xZ2,0,0,0,[],{}
2,350,380,Z2xZ2,Z2xZ2,0,0,0,[],{}
2,350,390,Z2xZ2,Z2xZ2,0,0,0,[],{}
2,350,394,Z2xZ2,Z2,0,0,0,[],{}
2,350,400,Z2xZ2,Z2xZ2,0,0,0,[],{}
2,350,410,Z2xZ2,Z2xZ2,0,0,0,[],{}
2,350,420,Z2xZ2,Z2xZ2,0,0,0,[],{}
2,350,430,Z2xZ2,Z2xZ2,0,0,0,[],{}
2,350,434,Z2xZ2,Z2,0,0,0,[],{}
2,350,440,Z2xZ2,Z2,0,0,0,[],{}
2,350,500,Z2xZ2,Z2,0,0,0,[],{}
2,350,560,Z2xZ2,Z2,0,0,0,[],{}
2,350,980,Z2xZ2,Z2xZ2,0,0,0,[],{}
2,350,982,Z2xZ2,Z2xZ2,0,0,0,[],{}
2,350,984,Z2xZ2,Z2xZ2,0,0,0,[],{}
2,350,986,Z2xZ2,Z2,0,0,0,[],{}
2,350,995,Z2xZ2,Z2,0,0,0,[],{}
2,350,1010,Z2xZ2,Z2,0,0,0,[],{}
2,350,1025,Z2xZ2,Z2,0,0,0,[],{}
2,350,1031,Z2xZ2,Trivial,0,0,0,[],{}
2,350,1040,Z2xZ2,Z2,0,0,0,[],{}
2,350,1055,Z2xZ2,Z2xZ2,0,0,0,[],{}
2,350,1057,Z2xZ2,Z2xZ2,0,0,0,[],{}
2,350,1059,Z2xZ2,Z2xZ2,0,0,0,[],{}
2,350,1100,Z2xZ2,Z2,0,0,0,[],{}
2,350,1130,Z2xZ2,Z2xZ2,0,0,0,[],{}
2,350,1132,Z2xZ2,Z2xZ2,0,0,0,[],{}
2,350,1134,Z2xZ2,Z2xZ2,0,0,0,[],{}
2,350,1175,Z2xZ2,Z2,0,0,0,[],{}
2,354,0,Z2,(Z2)^3,0,0,0,[],{}
2,354,1,Z2,Z2xZ2,0,0,0,[],{}
2,354,2,Z2,Z2xZ2,0,0,0,[],{}
2,354,4,Z2,Z2xZ2,0,0,0,[],{}
2,354,5,Z2,Z2xZ2,0,0,0,[],{}
2,354,6,Z2,Z2xZ2,0,0,0,[],{}
2,354,10,Z2,Z2xZ2,0,0,0,[],{}
2,354,20,Z2,Z2xZ2,0,0,0,[],{}
2,354,30,Z2,Z2xZ2,0,0,0,[],{}
2,354,34,Z2,Z2,0,0,0,[],{}
2,354,40,Z2,Z2xZ2,0,0,0,[],{}
2,354,50,Z2,Z2xZ2,0,0,0,[],{}
2,354,52,Z2,Z2xZ2,0,0,0,[],{}
2,354,54,Z2,Z2xZ2,0,0,0,[],{}
2,354,95,Z2,Z2,0,0,0,[],{}
2,354,125,Z2,Z2xZ2,108,108,0,[350],{350: 108}
2,354,126,Z2,Z2xZ2,0,0,0,[],{}
2,354,127,Z2,Z2xZ2,0,0,0,[],{}
2,354,131,Z2,Z2xZ2,108,108,0,[354],{354: 108}
2,354,132,Z2,Z2xZ2,0,0,0,[],{}
2,354,133,Z2,Z2xZ2,0,0,0,[],{}
2,354,137,Z2,Z2xZ2,108,108,0,[354],{354: 108}
2,354,138,Z2,Z2xZ2,0,0,0,[],{}
2,354,139,Z2,Z2xZ2,0,0,0,[],{}
2,354,143,Z2,Z2,216,216,0,"[360, 370]","{360: 108, 370: 108}"
2,354,161,Z2,Z2,216,216,0,"[380, 410]","{380: 108, 410: 108}"
2,354,179,Z2,Z2,216,216,0,"[390, 430]","{390: 108, 430: 108}"
2,354,185,Z2,Z2,216,216,0,"[394, 434]","{394: 108, 434: 108}"
2,354,191,Z2,Z2,216,216,0,"[394, 434]","{394: 108, 434: 108}"
2,354,197,Z2,Z2,216,216,0,"[400, 420]","{400: 108, 420: 108}"
2,354,215,Z2,Z2,216,216,0,[440],{440: 216}
2,354,296,Z2,Trivial,432,432,0,"[500, 560]","{500: 216, 560: 216}"
2,354,350,Z2,Z2xZ2,0,0,0,[],{}
2,354,354,Z2,Z2,0,0,0,[],{}
2,354,360,Z2,Z2xZ2,0,0,0,[],{}
2,354,370,Z2,Z2xZ2,0,0,0,[],{}
2,354,380,Z2,Z2xZ2,0,0,0,[],{}
2,354,390,Z2,Z2xZ2,0,0,0,[],{}
2,354,394,Z2,Z2,0,0,0,[],{}
2,354,400,Z2,Z2xZ2,0,0,0,[],{}
2,354,410,Z2,Z2xZ2,0,0,0,[],{}
2,354,420,Z2,Z2xZ2,0,0,0,[],{}
2,354,430,Z2,Z2xZ2,0,0,0,[],{}
2,354,434,Z2,Z2,0,0,0,[],{}
2,354,440,Z2,Z2,0,0,0,[],{}
2,354,500,Z2,Z2,0,0,0,[],{}
2,354,560,Z2,Z2,0,0,0,[],{}
2,354,980,Z2,Z2xZ2,0,0,0,[],{}
2,354,982,Z2,Z2xZ2,0,0,0,[],{}
2,354,984,Z2,Z2xZ2,0,0,0,[],{}
2,354,986,Z2,Z2,0,0,0,[],{}
2,354,995,Z2,Z2,0,0,0,[],{}
2,354,1010,Z2,Z2,0,0,0,[],{}
2,354,1025,Z2,Z2,0,0,0,[],{}
2,354,1031,Z2,Trivial,0,0,0,[],{}
2,354,1040,Z2,Z2,0,0,0,[],{}
2,354,1055,Z2,Z2xZ2,0,0,0,[],{}
2,354,1057,Z2,Z2xZ2,0,0,0,[],{}
2,354,1059,Z2,Z2xZ2,0,0,0,[],{}
2,354,1100,Z2,Z2,0,0,0,[],{}
2,354,1130,Z2,Z2xZ2,0,0,0,[],{}
2,354,1132,Z2,Z2xZ2,0,0,0,[],{}
2,354,1134,Z2,Z2xZ2,0,0,0,[],{}
2,354,1175,Z2,Z2,0,0,0,[],{}
2,360,0,Z2xZ2,(Z2)^3,0,0,0,[],{}
2,360,1,Z2xZ2,Z2xZ2,0,0,0,[],{}
2,360,2,Z2xZ2,Z2xZ2,0,0,0,[],{}
2,360,4,Z2xZ2,Z2xZ2,0,0,0,[],{}
2,360,5,Z2xZ2,Z2xZ2,0,0,0,[],{}
2,360,6,Z2xZ2,Z2xZ2,0,0,0,[],{}
2,360,10,Z2xZ2,Z2xZ2,0,0,0,[],{}
2,360,20,Z2xZ2,Z2xZ2,0,0,0,[],{}
2,360,30,Z2xZ2,Z2xZ2,0,0,0,[],{}
2,360,34,Z2xZ2,Z2,0,0,0,[],{}
2,360,40,Z2xZ2,Z2xZ2,0,0,0,[],{}
2,360,50,Z2xZ2,Z2xZ2,0,0,0,[],{}
2,360,52,Z2xZ2,Z2xZ2,0,0,0,[],{}
2,360,54,Z2xZ2,Z2xZ2,0,0,0,[],{}
2,360,95,Z2xZ2,Z2,0,0,0,[],{}
2,360,125,Z2xZ2,Z2xZ2,0,0,0,[],{}
2,360,126,Z2xZ2,Z2xZ2,0,0,0,[],{}
2,360,127,Z2xZ2,Z2xZ2,0,0,0,[],{}
2,360,131,Z2xZ2,Z2xZ2,0,0,0,[],{}
2,360,132,Z2xZ2,Z2xZ2,0,0,0,[],{}
2,360,133,Z2xZ2,Z2xZ2,0,0,0,[],{}
2,360,137,Z2xZ2,Z2xZ2,0,0,0,[],{}
2,360,138,Z2xZ2,Z2xZ2,0,0,0,[],{}
2,360,139,Z2xZ2,Z2xZ2,0,0,0,[],{}
2,360,143,Z2xZ2,Z2,0,0,0,[],{}
2,360,161,Z2xZ2,Z2,0,0,0,[],{}
2,360,179,Z2xZ2,Z2,0,0,0,[],{}
2,360,185,Z2xZ2,Z2,0,0,0,[],{}
2,360,191,Z2xZ2,Z2,0,0,0,[],{}
2,360,197,Z2xZ2,Z2,0,0,0,[],{}
2,360,215,Z2xZ2,Z2,0,0,0,[],{}
2,360,296,Z2xZ2,Trivial,0,0,0,[],{}
2,360,350,Z2xZ2,Z2xZ2,54,54,0,[350],{350: 54}
2,360,354,Z2xZ2,Z2,108,108,0,[354],{354: 108}
2,360,360,Z2xZ2,Z2xZ2,54,54,0,[360],{360: 54}
2,360,370,Z2xZ2,Z2xZ2,54,54,0,[370],{370: 54}
2,360,380,Z2xZ2,Z2xZ2,54,54,0,[380],{380: 54}
2,360,390,Z2xZ2,Z2xZ2,54,54,0,[390],{390: 54}
2,360,394,Z2xZ2,Z2,108,108,0,[394],{394: 108}
2,360,400,Z2xZ2,Z2xZ2,54,54,0,[400],{400: 54}
2,360,410,Z2xZ2,Z2xZ2,54,54,0,[410],{410: 54}
2,360,420,Z2xZ2,Z2xZ2,54,54,0,[420],{420: 54}
2,360,430,Z2xZ2,Z2xZ2,54,54,0,[430],{430: 54}
2,360,434,Z2xZ2,Z2,108,108,0,[434],{434: 108}
2,360,440,Z2xZ2,Z2,108,108,0,[440],{440: 108}
2,360,500,Z2xZ2,Z2,108,108,0,[500],{500: 108}
2,360,560,Z2xZ2,Z2,108,108,0,[560],{560: 108}
2,360,980,Z2xZ2,Z2xZ2,0,0,0,[],{}
2,360,982,Z2xZ2,Z2xZ2,0,0,0,[],{}
2,360,984,Z2xZ2,Z2xZ2,0,0,0,[],{}
2,360,986,Z2xZ2,Z2,0,0,0,[],{}
2,360,995,Z2xZ2,Z2,0,0,0,[],{}
2,360,1010,Z2xZ2,Z2,0,0,0,[],{}
2,360,1025,Z2xZ2,Z2,0,0,0,[],{}
2,360,1031,Z2xZ2,Trivial,0,0,0,[],{}
2,360,1040,Z2xZ2,Z2,0,0,0,[],{}
2,360,1055,Z2xZ2,Z2xZ2,0,0,0,[],{}
2,360,1057,Z2xZ2,Z2xZ2,0,0,0,[],{}
2,360,1059,Z2xZ2,Z2xZ2,0,0,0,[],{}
2,360,1100,Z2xZ2,Z2,0,0,0,[],{}
2,360,1130,Z2xZ2,Z2xZ2,0,0,0,[],{}
2,360,1132,Z2xZ2,Z2xZ2,0,0,0,[],{}
2,360,1134,Z2xZ2,Z2xZ2,0,0,0,[],{}
2,360,1175,Z2xZ2,Z2,0,0,0,[],{}
2,370,0,Z2xZ2,(Z2)^3,0,0,0,[],{}
2,370,1,Z2xZ2,Z2xZ2,0,0,0,[],{}
2,370,2,Z2xZ2,Z2xZ2,0,0,0,[],{}
2,370,4,Z2xZ2,Z2xZ2,0,0,0,[],{}
2,370,5,Z2xZ2,Z2xZ2,0,0,0,[],{}
2,370,6,Z2xZ2,Z2xZ2,0,0,0,[],{}
2,370,10,Z2xZ2,Z2xZ2,0,0,0,[],{}
2,370,20,Z2xZ2,Z2xZ2,0,0,0,[],{}
2,370,30,Z2xZ2,Z2xZ2,0,0,0,[],{}
2,370,34,Z2xZ2,Z2,0,0,0,[],{}
2,370,40,Z2xZ2,Z2xZ2,0,0,0,[],{}
2,370,50,Z2xZ2,Z2xZ2,0,0,0,[],{}
2,370,52,Z2xZ2,Z2xZ2,0,0,0,[],{}
2,370,54,Z2xZ2,Z2xZ2,0,0,0,[],{}
2,370,95,Z2xZ2,Z2,0,0,0,[],{}
2,370,125,Z2xZ2,Z2xZ2,0,0,0,[],{}
2,370,126,Z2xZ2,Z2xZ2,0,0,0,[],{}
2,370,127,Z2xZ2,Z2xZ2,0,0,0,[],{}
2,370,131,Z2xZ2,Z2xZ2,0,0,0,[],{}
2,370,132,Z2xZ2,Z2xZ2,0,0,0,[],{}
2,370,133,Z2xZ2,Z2xZ2,0,0,0,[],{}
2,370,137,Z2xZ2,Z2xZ2,0,0,0,[],{}
2,370,138,Z2xZ2,Z2xZ2,0,0,0,[],{}
2,370,139,Z2xZ2,Z2xZ2,0,0,0,[],{}
2,370,143,Z2xZ2,Z2,0,0,0,[],{}
2,370,161,Z2xZ2,Z2,0,0,0,[],{}
2,370,179,Z2xZ2,Z2,0,0,0,[],{}
2,370,185,Z2xZ2,Z2,0,0,0,[],{}
2,370,191,Z2xZ2,Z2,0,0,0,[],{}
2,370,197,Z2xZ2,Z2,0,0,0,[],{}
2,370,215,Z2xZ2,Z2,0,0,0,[],{}
2,370,296,Z2xZ2,Trivial,0,0,0,[],{}
2,370,350,Z2xZ2,Z2xZ2,54,54,0,[350],{350: 54}
2,370,354,Z2xZ2,Z2,108,108,0,[354],{354: 108}
2,370,360,Z2xZ2,Z2xZ2,54,54,0,[370],{370: 54}
2,370,370,Z2xZ2,Z2xZ2,54,54,0,[360],{360: 54}
2,370,380,Z2xZ2,Z2xZ2,54,54,0,[410],{410: 54}
2,370,390,Z2xZ2,Z2xZ2,54,54,0,[430],{430: 54}
2,370,394,Z2xZ2,Z2,108,108,0,[434],{434: 108}
2,370,400,Z2xZ2,Z2xZ2,54,54,0,[420],{420: 54}
2,370,410,Z2xZ2,Z2xZ2,54,54,0,[380],{380: 54}
2,370,420,Z2xZ2,Z2xZ2,54,54,0,[400],{400: 54}
2,370,430,Z2xZ2,Z2xZ2,54,54,0,[390],{390: 54}
2,370,434,Z2xZ2,Z2,108,108,0,[394],{394: 108}
2,370,440,Z2xZ2,Z2,108,108,0,[440],{440: 108}
2,370,500,Z2xZ2,Z2,108,108,0,[560],{560: 108}
2,370,560,Z2xZ2,Z2,108,108,0,[500],{500: 108}
2,370,980,Z2xZ2,Z2xZ2,0,0,0,[],{}
2,370,982,Z2xZ2,Z2xZ2,0,0,0,[],{}
2,370,984,Z2xZ2,Z2xZ2,0,0,0,[],{}
2,370,986,Z2xZ2,Z2,0,0,0,[],{}
2,370,995,Z2xZ2,Z2,0,0,0,[],{}
2,370,1010,Z2xZ2,Z2,0,0,0,[],{}
2,370,1025,Z2xZ2,Z2,0,0,0,[],{}
2,370,1031,Z2xZ2,Trivial,0,0,0,[],{}
2,370,1040,Z2xZ2,Z2,0,0,0,[],{}
2,370,1055,Z2xZ2,Z2xZ2,0,0,0,[],{}
2,370,1057,Z2xZ2,Z2xZ2,0,0,0,[],{}
2,370,1059,Z2xZ2,Z2xZ2,0,0,0,[],{}
2,370,1100,Z2xZ2,Z2,0,0,0,[],{}
2,370,1130,Z2xZ2,Z2xZ2,0,0,0,[],{}
2,370,1132,Z2xZ2,Z2xZ2,0,0,0,[],{}
2,370,1134,Z2xZ2,Z2xZ2,0,0,0,[],{}
2,370,1175,Z2xZ2,Z2,0,0,0,[],{}
2,380,0,Z2xZ2,(Z2)^3,0,0,0,[],{}
2,380,1,Z2xZ2,Z2xZ2,0,0,0,[],{}
2,380,2,Z2xZ2,Z2xZ2,0,0,0,[],{}
2,380,4,Z2xZ2,Z2xZ2,0,0,0,[],{}
2,380,5,Z2xZ2,Z2xZ2,0,0,0,[],{}
2,380,6,Z2xZ2,Z2xZ2,0,0,0,[],{}
2,380,10,Z2xZ2,Z2xZ2,0,0,0,[],{}
2,380,20,Z2xZ2,Z2xZ2,0,0,0,[],{}
2,380,30,Z2xZ2,Z2xZ2,0,0,0,[],{}
2,380,34,Z2xZ2,Z2,0,0,0,[],{}
2,380,40,Z2xZ2,Z2xZ2,0,0,0,[],{}
2,380,50,Z2xZ2,Z2xZ2,0,0,0,[],{}
2,380,52,Z2xZ2,Z2xZ2,0,0,0,[],{}
2,380,54,Z2xZ2,Z2xZ2,0,0,0,[],{}
2,380,95,Z2xZ2,Z2,0,0,0,[],{}
2,380,125,Z2xZ2,Z2xZ2,0,0,0,[],{}
2,380,126,Z2xZ2,Z2xZ2,0,0,0,[],{}
2,380,127,Z2xZ2,Z2xZ2,0,0,0,[],{}
2,380,131,Z2xZ2,Z2xZ2,0,0,0,[],{}
2,380,132,Z2xZ2,Z2xZ2,0,0,0,[],{}
2,380,133,Z2xZ2,Z2xZ2,0,0,0,[],{}
2,380,137,Z2xZ2,Z2xZ2,0,0,0,[],{}
2,380,138,Z2xZ2,Z2xZ2,0,0,0,[],{}
2,380,139,Z2xZ2,Z2xZ2,0,0,0,[],{}
2,380,143,Z2xZ2,Z2,0,0,0,[],{}
2,380,161,Z2xZ2,Z2,0,0,0,[],{}
2,380,179,Z2xZ2,Z2,0,0,0,[],{}
2,380,185,Z2xZ2,Z2,0,0,0,[],{}
2,380,191,Z2xZ2,Z2,0,0,0,[],{}
2,380,197,Z2xZ2,Z2,0,0,0,[],{}
2,380,215,Z2xZ2,Z2,0,0,0,[],{}
2,380,296,Z2xZ2,Trivial,0,0,0,[],{}
2,380,350,Z2xZ2,Z2xZ2,54,54,0,[390],{390: 54}
2,380,354,Z2xZ2,Z2,108,108,0,[394],{394: 108}
2,380,360,Z2xZ2,Z2xZ2,54,54,0,[380],{380: 54}
2,380,370,Z2xZ2,Z2xZ2,54,54,0,[400],{400: 54}
2,380,380,Z2xZ2,Z2xZ2,54,54,0,[360],{360: 54}
2,380,390,Z2xZ2,Z2xZ2,54,54,0,[350],{350: 54}
2,380,394,Z2xZ2,Z2,108,108,0,[354],{354: 108}
2,380,400,Z2xZ2,Z2xZ2,54,54,0,[370],{370: 54}
2,380,410,Z2xZ2,Z2xZ2,54,54,0,[420],{420: 54}
2,380,420,Z2xZ2,Z2xZ2,54,54,0,[410],{410: 54}
2,380,430,Z2xZ2,Z2xZ2,54,54,0,[430],{430: 54}
2,380,434,Z2xZ2,Z2,108,108,0,[434],{434: 108}
2,380,440,Z2xZ2,Z2,108,108,0,[500],{500: 108}
2,380,500,Z2xZ2,Z2,108,108,0,[440],{440: 108}
2,380,560,Z2xZ2,Z2,108,108,0,[560],{560: 108}
2,380,980,Z2xZ2,Z2xZ2,0,0,0,[],{}
2,380,982,Z2xZ2,Z2xZ2,0,0,0,[],{}
2,380,984,Z2xZ2,Z2xZ2,0,0,0,[],{}
2,380,986,Z2xZ2,Z2,0,0,0,[],{}
2,380,995,Z2xZ2,Z2,0,0,0,[],{}
2,380,1010,Z2xZ2,Z2,0,0,0,[],{}
2,380,1025,Z2xZ2,Z2,0,0,0,[],{}
2,380,1031,Z2xZ2,Trivial,0,0,0,[],{}
2,380,1040,Z2xZ2,Z2,0,0,0,[],{}
2,380,1055,Z2xZ2,Z2xZ2,0,0,0,[],{}
2,380,1057,Z2xZ2,Z2xZ2,0,0,0,[],{}
2,380,1059,Z2xZ2,Z2xZ2,0,0,0,[],{}
2,380,1100,Z2xZ2,Z2,0,0,0,[],{}
2,380,1130,Z2xZ2,Z2xZ2,0,0,0,[],{}
2,380,1132,Z2xZ2,Z2xZ2,0,0,0,[],{}
2,380,1134,Z2xZ2,Z2xZ2,0,0,0,[],{}
2,380,1175,Z2xZ2,Z2,0,0,0,[],{}
2,390,0,Z2xZ2,(Z2)^3,54,54,0,[390],{390: 54}
2,390,1,Z2xZ2,Z2xZ2,0,0,0,[],{}
2,390,2,Z2xZ2,Z2xZ2,0,0,0,[],{}
2,390,4,Z2xZ2,Z2xZ2,108,108,0,[394],{394: 108}
2,390,5,Z2xZ2,Z2xZ2,0,0,0,[],{}
2,390,6,Z2xZ2,Z2xZ2,0,0,0,[],{}
2,390,10,Z2xZ2,Z2xZ2,108,108,0,"[380, 400]","{380: 54, 400: 54}"
2,390,20,Z2xZ2,Z2xZ2,108,108,0,"[360, 420]","{360: 54, 420: 54}"
2,390,30,Z2xZ2,Z2xZ2,108,108,0,"[350, 430]","{350: 54, 430: 54}"
2,390,34,Z2xZ2,Z2,216,216,0,"[354, 434]","{354: 108, 434: 108}"
2,390,40,Z2xZ2,Z2xZ2,108,108,0,"[370, 410]","{370: 54, 410: 54}"
2,390,50,Z2xZ2,Z2xZ2,108,108,0,[500],{500: 108}
2,390,52,Z2xZ2,Z2xZ2,0,0,0,[],{}
2,390,54,Z2xZ2,Z2xZ2,0,0,0,[],{}
2,390,95,Z2xZ2,Z2,216,216,0,"[440, 560]","{440: 108, 560: 108}"
2,390,125,Z2xZ2,Z2xZ2,0,0,0,[],{}
2,390,126,Z2xZ2,Z2xZ2,0,0,0,[],{}
2,390,127,Z2xZ2,Z2xZ2,0,0,0,[],{}
2,390,131,Z2xZ2,Z2xZ2,0,0,0,[],{}
2,390,132,Z2xZ2,Z2xZ2,0,0,0,[],{}
2,390,133,Z2xZ2,Z2xZ2,0,0,0,[],{}
2,390,137,Z2xZ2,Z2xZ2,0,0,0,[],{}
2,390,138,Z2xZ2,Z2xZ2,0,0,0,[],{}
2,390,139,Z2xZ2,Z2xZ2,0,0,0,[],{}
2,390,143,Z2xZ2,Z2,0,0,0,[],{}
2,390,161,Z2xZ2,Z2,0,0,0,[],{}
2,390,179,Z2xZ2,Z2,0,0,0,[],{}
2,390,185,Z2xZ2,Z2,0,0,0,[],{}
2,390,191,Z2xZ2,Z2,0,0,0,[],{}
2,390,197,Z2xZ2,Z2,0,0,0,[],{}
2,390,215,Z2xZ2,Z2,0,0,0,[],{}
2,390,296,Z2xZ2,Trivial,0,0,0,[],{}
2,390,350,Z2xZ2,Z2xZ2,0,0,0,[],{}
2,390,354,Z2xZ2,Z2,0,0,0,[],{}
2,390,360,Z2xZ2,Z2xZ2,0,0,0,[],{}
2,390,370,Z2xZ2,Z2xZ2,0,0,0,[],{}
2,390,380,Z2xZ2,Z2xZ2,0,0,0,[],{}
2,390,390,Z2xZ2,Z2xZ2,0,0,0,[],{}
2,390,394,Z2xZ2,Z2,0,0,0,[],{}
2,390,400,Z2xZ2,Z2xZ2,0,0,0,[],{}
2,390,410,Z2xZ2,Z2xZ2,0,0,0,[],{}
2,390,420,Z2xZ2,Z2xZ2,0,0,0,[],{}
2,390,430,Z2xZ2,Z2xZ2,0,0,0,[],{}
2,390,434,Z2xZ2,Z2,0,0,0,[],{}
2,390,440,Z2xZ2,Z2,0,0,0,[],{}
2,390,500,Z2xZ2,Z2,0,0,0,[],{}
2,390,560,Z2xZ2,Z2,0,0,0,[],{}
2,390,980,Z2xZ2,Z2xZ2,0,0,0,[],{}
2,390,982,Z2xZ2,Z2xZ2,0,0,0,[],{}
2,390,984,Z2xZ2,Z2xZ2,0,0,0,[],{}
2,390,986,Z2xZ2,Z2,0,0,0,[],{}
2,390,995,Z2xZ2,Z2,0,0,0,[],{}
2,390,1010,Z2xZ2,Z2,0,0,0,[],{}
2,390,1025,Z2xZ2,Z2,0,0,0,[],{}
2,390,1031,Z2xZ2,Trivial,0,0,0,[],{}
2,390,1040,Z2xZ2,Z2,0,0,0,[],{}
2,390,1055,Z2xZ2,Z2xZ2,0,0,0,[],{}
2,390,1057,Z2xZ2,Z2xZ2,0,0,0,[],{}
2,390,1059,Z2xZ2,Z2xZ2,0,0,0,[],{}
2,390,1100,Z2xZ2,Z2,0,0,0,[],{}
2,390,1130,Z2xZ2,Z2xZ2,0,0,0,[],{}
2,390,1132,Z2xZ2,Z2xZ2,0,0,0,[],{}
2,390,1134,Z2xZ2,Z2xZ2,0,0,0,[],{}
2,390,1175,Z2xZ2,Z2,0,0,0,[],{}
2,394,0,Z2,(Z2)^3,0,0,0,[],{}
2,394,1,Z2,Z2xZ2,0,0,0,[],{}
2,394,2,Z2,Z2xZ2,0,0,0,[],{}
2,394,4,Z2,Z2xZ2,0,0,0,[],{}
2,394,5,Z2,Z2xZ2,0,0,0,[],{}
2,394,6,Z2,Z2xZ2,0,0,0,[],{}
2,394,10,Z2,Z2xZ2,0,0,0,[],{}
2,394,20,Z2,Z2xZ2,0,0,0,[],{}
2,394,30,Z2,Z2xZ2,0,0,0,[],{}
2,394,34,Z2,Z2,0,0,0,[],{}
2,394,40,Z2,Z2xZ2,0,0,0,[],{}
2,394,50,Z2,Z2xZ2,0,0,0,[],{}
2,394,52,Z2,Z2xZ2,0,0,0,[],{}
2,394,54,Z2,Z2xZ2,0,0,0,[],{}
2,394,95,Z2,Z2,0,0,0,[],{}
2,394,125,Z2,Z2xZ2,108,108,0,[390],{390: 108}
2,394,126,Z2,Z2xZ2,0,0,0,[],{}
2,394,127,Z2,Z2xZ2,0,0,0,[],{}
2,394,131,Z2,Z2xZ2,108,108,0,[394],{394: 108}
2,394,132,Z2,Z2xZ2,0,0,0,[],{}
2,394,133,Z2,Z2xZ2,0,0,0,[],{}
2,394,137,Z2,Z2xZ2,108,108,0,[394],{394: 108}
2,394,138,Z2,Z2xZ2,0,0,0,[],{}
2,394,139,Z2,Z2xZ2,0,0,0,[],{}
2,394,143,Z2,Z2,216,216,0,"[380, 400]","{380: 108, 400: 108}"
2,394,161,Z2,Z2,216,216,0,"[360, 420]","{360: 108, 420: 108}"
2,394,179,Z2,Z2,216,216,0,"[350, 430]","{350: 108, 430: 108}"
2,394,185,Z2,Z2,216,216,0,"[354, 434]","{354: 108, 434: 108}"
2,394,191,Z2,Z2,216,216,0,"[354, 434]","{354: 108, 434: 108}"
2,394,197,Z2,Z2,216,216,0,"[370, 410]","{370: 108, 410: 108}"
2,394,215,Z2,Z2,216,216,0,[500],{500: 216}
2,394,296,Z2,Trivial,432,432,0,"[440, 560]","{440: 216, 560: 216}"
2,394,350,Z2,Z2xZ2,0,0,0,[],{}
2,394,354,Z2,Z2,0,0,0,[],{}
2,394,360,Z2,Z2xZ2,0,0,0,[],{}
2,394,370,Z2,Z2xZ2,0,0,0,[],{}
2,394,380,Z2,Z2xZ2,0,0,0,[],{}
2,394,390,Z2,Z2xZ2,0,0,0,[],{}
2,394,394,Z2,Z2,0,0,0,[],{}
2,394,400,Z2,Z2xZ2,0,0,0,[],{}
2,394,410,Z2,Z2xZ2,0,0,0,[],{}
2,394,420,Z2,Z2xZ2,0,0,0,[],{}
2,394,430,Z2,Z2xZ2,0,0,0,[],{}
2,394,434,Z2,Z2,0,0,0,[],{}
2,394,440,Z2,Z2,0,0,0,[],{}
2,394,500,Z2,Z2,0,0,0,[],{}
2,394,560,Z2,Z2,0,0,0,[],{}
2,394,980,Z2,Z2xZ2,0,0,0,[],{}
2,394,982,Z2,Z2xZ2,0,0,0,[],{}
2,394,984,Z2,Z2xZ2,0,0,0,[],{}
2,394,986,Z2,Z2,0,0,0,[],{}
2,394,995,Z2,Z2,0,0,0,[],{}
2,394,1010,Z2,Z2,0,0,0,[],{}
2,394,1025,Z2,Z2,0,0,0,[],{}
2,394,1031,Z2,Trivial,0,0,0,[],{}
2,394,1040,Z2,Z2,0,0,0,[],{}
2,394,1055,Z2,Z2xZ2,0,0,0,[],{}
2,394,1057,Z2,Z2xZ2,0,0,0,[],{}
2,394,1059,Z2,Z2xZ2,0,0,0,[],{}
2,394,1100,Z2,Z2,0,0,0,[],{}
2,394,1130,Z2,Z2xZ2,0,0,0,[],{}
2,394,1132,Z2,Z2xZ2,0,0,0,[],{}
2,394,1134,Z2,Z2xZ2,0,0,0,[],{}
2,394,1175,Z2,Z2,0,0,0,[],{}
2,400,0,Z2xZ2,(Z2)^3,0,0,0,[],{}
2,400,1,Z2xZ2,Z2xZ2,0,0,0,[],{}
2,400,2,Z2xZ2,Z2xZ2,0,0,0,[],{}
2,400,4,Z2xZ2,Z2xZ2,0,0,0,[],{}
2,400,5,Z2xZ2,Z2xZ2,0,0,0,[],{}
2,400,6,Z2xZ2,Z2xZ2,0,0,0,[],{}
2,400,10,Z2xZ2,Z2xZ2,0,0,0,[],{}
2,400,20,Z2xZ2,Z2xZ2,0,0,0,[],{}
2,400,30,Z2xZ2,Z2xZ2,0,0,0,[],{}
2,400,34,Z2xZ2,Z2,0,0,0,[],{}
2,400,40,Z2xZ2,Z2xZ2,0,0,0,[],{}
2,400,50,Z2xZ2,Z2xZ2,0,0,0,[],{}
2,400,52,Z2xZ2,Z2xZ2,0,0,0,[],{}
2,400,54,Z2xZ2,Z2xZ2,0,0,0,[],{}
2,400,95,Z2xZ2,Z2,0,0,0,[],{}
2,400,125,Z2xZ2,Z2xZ2,0,0,0,[],{}
2,400,126,Z2xZ2,Z2xZ2,0,0,0,[],{}
2,400,127,Z2xZ2,Z2xZ2,0,0,0,[],{}
2,400,131,Z2xZ2,Z2xZ2,0,0,0,[],{}
2,400,132,Z2xZ2,Z2xZ2,0,0,0,[],{}
2,400,133,Z2xZ2,Z2xZ2,0,0,0,[],{}
2,400,137,Z2xZ2,Z2xZ2,0,0,0,[],{}
2,400,138,Z2xZ2,Z2xZ2,0,0,0,[],{}
2,400,139,Z2xZ2,Z2xZ2,0,0,0,[],{}
2,400,143,Z2xZ2,Z2,0,0,0,[],{}
2,400,161,Z2xZ2,Z2,0,0,0,[],{}
2,400,179,Z2xZ2,Z2,0,0,0,[],{}
2,400,185,Z2xZ2,Z2,0,0,0,[],{}
2,400,191,Z2xZ2,Z2,0,0,0,[],{}
2,400,197,Z2xZ2,Z2,0,0,0,[],{}
2,400,215,Z2xZ2,Z2,0,0,0,[],{}
2,400,296,Z2xZ2,Trivial,0,0,0,[],{}
2,400,350,Z2xZ2,Z2xZ2,54,54,0,[390],{390: 54}
2,400,354,Z2xZ2,Z2,108,108,0,[394],{394: 108}
2,400,360,Z2xZ2,Z2xZ2,54,54,0,[400],{400: 54}
2,400,370,Z2xZ2,Z2xZ2,54,54,0,[380],{380: 54}
2,400,380,Z2xZ2,Z2xZ2,54,54,0,[420],{420: 54}
2,400,390,Z2xZ2,Z2xZ2,54,54,0,[430],{430: 54}
2,400,394,Z2xZ2,Z2,108,108,0,[434],{434: 108}
2,400,400,Z2xZ2,Z2xZ2,54,54,0,[410],{410: 54}
2,400,410,Z2xZ2,Z2xZ2,54,54,0,[360],{360: 54}
2,400,420,Z2xZ2,Z2xZ2,54,54,0,[370],{370: 54}
2,400,430,Z2xZ2,Z2xZ2,54,54,0,[350],{350: 54}
2,400,434,Z2xZ2,Z2,108,108,0,[354],{354: 108}
2,400,440,Z2xZ2,Z2,108,108,0,[500],{500: 108}
2,400,500,Z2xZ2,Z2,108,108,0,[560],{560: 108}
2,400,560,Z2xZ2,Z2,108,108,0,[440],{440: 108}
2,400,980,Z2xZ2,Z2xZ2,0,0,0,[],{}
2,400,982,Z2xZ2,Z2xZ2,0,0,0,[],{}
2,400,984,Z2xZ2,Z2xZ2,0,0,0,[],{}
2,400,986,Z2xZ2,Z2,0,0,0,[],{}
2,400,995,Z2xZ2,Z2,0,0,0,[],{}
2,400,1010,Z2xZ2,Z2,0,0,0,[],{}
2,400,1025,Z2xZ2,Z2,0,0,0,[],{}
2,400,1031,Z2xZ2,Trivial,0,0,0,[],{}
2,400,1040,Z2xZ2,Z2,0,0,0,[],{}
2,400,1055,Z2xZ2,Z2xZ2,0,0,0,[],{}
2,400,1057,Z2xZ2,Z2xZ2,0,0,0,[],{}
2,400,1059,Z2xZ2,Z2xZ2,0,0,0,[],{}
2,400,1100,Z2xZ2,Z2,0,0,0,[],{}
2,400,1130,Z2xZ2,Z2xZ2,0,0,0,[],{}
2,400,1132,Z2xZ2,Z2xZ2,0,0,0,[],{}
2,400,1134,Z2xZ2,Z2xZ2,0,0,0,[],{}
2,400,1175,Z2xZ2,Z2,0,0,0,[],{}
2,410,0,Z2xZ2,(Z2)^3,0,0,0,[],{}
2,410,1,Z2xZ2,Z2xZ2,0,0,0,[],{}
2,410,2,Z2xZ2,Z2xZ2,0,0,0,[],{}
2,410,4,Z2xZ2,Z2xZ2,0,0,0,[],{}
2,410,5,Z2xZ2,Z2xZ2,0,0,0,[],{}
2,410,6,Z2xZ2,Z2xZ2,0,0,0,[],{}
2,410,10,Z2xZ2,Z2xZ2,0,0,0,[],{}
2,410,20,Z2xZ2,Z2xZ2,0,0,0,[],{}
2,410,30,Z2xZ2,Z2xZ2,0,0,0,[],{}
2,410,34,Z2xZ2,Z2,0,0,0,[],{}
2,410,40,Z2xZ2,Z2xZ2,0,0,0,[],{}
2,410,50,Z2xZ2,Z2xZ2,0,0,0,[],{}
2,410,52,Z2xZ2,Z2xZ2,0,0,0,[],{}
2,410,54,Z2xZ2,Z2xZ2,0,0,0,[],{}
2,410,95,Z2xZ2,Z2,0,0,0,[],{}
2,410,125,Z2xZ2,Z2xZ2,0,0,0,[],{}
2,410,126,Z2xZ2,Z2xZ2,0,0,0,[],{}
2,410,127,Z2xZ2,Z2xZ2,0,0,0,[],{}
2,410,131,Z2xZ2,Z2xZ2,0,0,0,[],{}
2,410,132,Z2xZ2,Z2xZ2,0,0,0,[],{}
2,410,133,Z2xZ2,Z2xZ2,0,0,0,[],{}
2,410,137,Z2xZ2,Z2xZ2,0,0,0,[],{}
2,410,138,Z2xZ2,Z2xZ2,0,0,0,[],{}
2,410,139,Z2xZ2,Z2xZ2,0,0,0,[],{}
2,410,143,Z2xZ2,Z2,0,0,0,[],{}
2,410,161,Z2xZ2,Z2,0,0,0,[],{}
2,410,179,Z2xZ2,Z2,0,0,0,[],{}
2,410,185,Z2xZ2,Z2,0,0,0,[],{}
2,410,191,Z2xZ2,Z2,0,0,0,[],{}
2,410,197,Z2xZ2,Z2,0,0,0,[],{}
2,410,215,Z2xZ2,Z2,0,0,0,[],{}
2,410,296,Z2xZ2,Trivial,0,0,0,[],{}
2,410,350,Z2xZ2,Z2xZ2,54,54,0,[430],{430: 54}
2,410,354,Z2xZ2,Z2,108,108,0,[434],{434: 108}
2,410,360,Z2xZ2,Z2xZ2,54,54,0,[410],{410: 54}
2,410,370,Z2xZ2,Z2xZ2,54,54,0,[420],{420: 54}
2,410,380,Z2xZ2,Z2xZ2,54,54,0,[370],{370: 54}
2,410,390,Z2xZ2,Z2xZ2,54,54,0,[350],{350: 54}
2,410,394,Z2xZ2,Z2,108,108,0,[354],{354: 108}
2,410,400,Z2xZ2,Z2xZ2,54,54,0,[360],{360: 54}
2,410,410,Z2xZ2,Z2xZ2,54,54,0,[400],{400: 54}
2,410,420,Z2xZ2,Z2xZ2,54,54,0,[380],{380: 54}
2,410,430,Z2xZ2,Z2xZ2,54,54,0,[390],{390: 54}
2,410,434,Z2xZ2,Z2,108,108,0,[394],{394: 108}
2,410,440,Z2xZ2,Z2,108,108,0,[560],{560: 108}
2,410,500,Z2xZ2,Z2,108,108,0,[440],{440: 108}
2,410,560,Z2xZ2,Z2,108,108,0,[500],{500: 108}
2,410,980,Z2xZ2,Z2xZ2,0,0,0,[],{}
2,410,982,Z2xZ2,Z2xZ2,0,0,0,[],{}
2,410,984,Z2xZ2,Z2xZ2,0,0,0,[],{}
2,410,986,Z2xZ2,Z2,0,0,0,[],{}
2,410,995,Z2xZ2,Z2,0,0,0,[],{}
2,410,1010,Z2xZ2,Z2,0,0,0,[],{}
2,410,1025,Z2xZ2,Z2,0,0,0,[],{}
2,410,1031,Z2xZ2,Trivial,0,0,0,[],{}
2,410,1040,Z2xZ2,Z2,0,0,0,[],{}
2,410,1055,Z2xZ2,Z2xZ2,0,0,0,[],{}
2,410,1057,Z2xZ2,Z2xZ2,0,0,0,[],{}
2,410,1059,Z2xZ2,Z2xZ2,0,0,0,[],{}
2,410,1100,Z2xZ2,Z2,0,0,0,[],{}
2,410,1130,Z2xZ2,Z2xZ2,0,0,0,[],{}
2,410,1132,Z2xZ2,Z2xZ2,0,0,0,[],{}
2,410,1134,Z2xZ2,Z2xZ2,0,0,0,[],{}
2,410,1175,Z2xZ2,Z2,0,0,0,[],{}
2,420,0,Z2xZ2,(Z2)^3,0,0,0,[],{}
2,420,1,Z2xZ2,Z2xZ2,0,0,0,[],{}
2,420,2,Z2xZ2,Z2xZ2,0,0,0,[],{}
2,420,4,Z2xZ2,Z2xZ2,0,0,0,[],{}
2,420,5,Z2xZ2,Z2xZ2,0,0,0,[],{}
2,420,6,Z2xZ2,Z2xZ2,0,0,0,[],{}
2,420,10,Z2xZ2,Z2xZ2,0,0,0,[],{}
2,420,20,Z2xZ2,Z2xZ2,0,0,0,[],{}
2,420,30,Z2xZ2,Z2xZ2,0,0,0,[],{}
2,420,34,Z2xZ2,Z2,0,0,0,[],{}
2,420,40,Z2xZ2,Z2xZ2,0,0,0,[],{}
2,420,50,Z2xZ2,Z2xZ2,0,0,0,[],{}
2,420,52,Z2xZ2,Z2xZ2,0,0,0,[],{}
2,420,54,Z2xZ2,Z2xZ2,0,0,0,[],{}
2,420,95,Z2xZ2,Z2,0,0,0,[],{}
2,420,125,Z2xZ2,Z2xZ2,0,0,0,[],{}
2,420,126,Z2xZ2,Z2xZ2,0,0,0,[],{}
2,420,127,Z2xZ2,Z2xZ2,0,0,0,[],{}
2,420,131,Z2xZ2,Z2xZ2,0,0,0,[],{}
2,420,132,Z2xZ2,Z2xZ2,0,0,0,[],{}
2,420,133,Z2xZ2,Z2xZ2,0,0,0,[],{}
2,420,137,Z2xZ2,Z2xZ2,0,0,0,[],{}
2,420,138,Z2xZ2,Z2xZ2,0,0,0,[],{}
2,420,139,Z2xZ2,Z2xZ2,0,0,0,[],{}
2,420,143,Z2xZ2,Z2,0,0,0,[],{}
2,420,161,Z2xZ2,Z2,0,0,0,[],{}
2,420,179,Z2xZ2,Z2,0,0,0,[],{}
2,420,185,Z2xZ2,Z2,0,0,0,[],{}
2,420,191,Z2xZ2,Z2,0,0,0,[],{}
2,420,197,Z2xZ2,Z2,0,0,0,[],{}
2,420,215,Z2xZ2,Z2,0,0,0,[],{}
2,420,296,Z2xZ2,Trivial,0,0,0,[],{}
2,420,350,Z2xZ2,Z2xZ2,54,54,0,[430],{430: 54}
2,420,354,Z2xZ2,Z2,108,108,0,[434],{434: 108}
2,420,360,Z2xZ2,Z2xZ2,54,54,0,[420],{420: 54}
2,420,370,Z2xZ2,Z2xZ2,54,54,0,[410],{410: 54}
2,420,380,Z2xZ2,Z2xZ2,54,54,0,[400],{400: 54}
2,420,390,Z2xZ2,Z2xZ2,54,54,0,[390],{390: 54}
2,420,394,Z2xZ2,Z2,108,108,0,[394],{394: 108}
2,420,400,Z2xZ2,Z2xZ2,54,54,0,[380],{380: 54}
2,420,410,Z2xZ2,Z2xZ2,54,54,0,[370],{370: 54}
2,420,420,Z2xZ2,Z2xZ2,54,54,0,[360],{360: 54}
2,420,430,Z2xZ2,Z2xZ2,54,54,0,[350],{350: 54}
2,420,434,Z2xZ2,Z2,108,108,0,[354],{354: 108}
2,420,440,Z2xZ2,Z2,108,108,0,[560],{560: 108}
2,420,500,Z2xZ2,Z2,108,108,0,[500],{500: 108}
2,420,560,Z2xZ2,Z2,108,108,0,[440],{440: 108}
2,420,980,Z2xZ2,Z2xZ2,0,0,0,[],{}
2,420,982,Z2xZ2,Z2xZ2,0,0,0,[],{}
2,420,984,Z2xZ2,Z2xZ2,0,0,0,[],{}
2,420,986,Z2xZ2,Z2,0,0,0,[],{}
2,420,995,Z2xZ2,Z2,0,0,0,[],{}
2,420,1010,Z2xZ2,Z2,0,0,0,[],{}
2,420,1025,Z2xZ2,Z2,0,0,0,[],{}
2,420,1031,Z2xZ2,Trivial,0,0,0,[],{}
2,420,1040,Z2xZ2,Z2,0,0,0,[],{}
2,420,1055,Z2xZ2,Z2xZ2,0,0,0,[],{}
2,420,1057,Z2xZ2,Z2xZ2,0,0,0,[],{}
2,420,1059,Z2xZ2,Z2xZ2,0,0,0,[],{}
2,420,1100,Z2xZ2,Z2,0,0,0,[],{}
2,420,1130,Z2xZ2,Z2xZ2,0,0,0,[],{}
2,420,1132,Z2xZ2,Z2xZ2,0,0,0,[],{}
2,420,1134,Z2xZ2,Z2xZ2,0,0,0,[],{}
2,420,1175,Z2xZ2,Z2,0,0,0,[],{}
2,430,0,Z2xZ2,(Z2)^3,54,54,0,[430],{430: 54}
2,430,1,Z2xZ2,Z2xZ2,0,0,0,[],{}
2,430,2,Z2xZ2,Z2xZ2,0,0,0,[],{}
2,430,4,Z2xZ2,Z2xZ2,108,108,0,[434],{434: 108}
2,430,5,Z2xZ2,Z2xZ2,0,0,0,[],{}
2,430,6,Z2xZ2,Z2xZ2,0,0,0,[],{}
2,430,10,Z2xZ2,Z2xZ2,108,108,0,"[410, 420]","{410: 54, 420: 54}"
2,430,20,Z2xZ2,Z2xZ2,108,108,0,"[370, 400]","{370: 54, 400: 54}"
2,430,30,Z2xZ2,Z2xZ2,108,108,0,"[350, 390]","{350: 54, 390: 54}"
2,430,34,Z2xZ2,Z2,216,216,0,"[354, 394]","{354: 108, 394: 108}"
2,430,40,Z2xZ2,Z2xZ2,108,108,0,"[360, 380]","{360: 54, 380: 54}"
2,430,50,Z2xZ2,Z2xZ2,108,108,0,[560],{560: 108}
2,430,52,Z2xZ2,Z2xZ2,0,0,0,[],{}
2,430,54,Z2xZ2,Z2xZ2,0,0,0,[],{}
2,430,95,Z2xZ2,Z2,216,216,0,"[440, 500]","{440: 108, 500: 108}"
2,430,125,Z2xZ2,Z2xZ2,0,0,0,[],{}
2,430,126,Z2xZ2,Z2xZ2,0,0,0,[],{}
2,430,127,Z2xZ2,Z2xZ2,0,0,0,[],{}
2,430,131,Z2xZ2,Z2xZ2,0,0,0,[],{}
2,430,132,Z2xZ2,Z2xZ2,0,0,0,[],{}
2,430,133,Z2xZ2,Z2xZ2,0,0,0,[],{}
2,430,137,Z2xZ2,Z2xZ2,0,0,0,[],{}
2,430,138,Z2xZ2,Z2xZ2,0,0,0,[],{}
2,430,139,Z2xZ2,Z2xZ2,0,0,0,[],{}
2,430,143,Z2xZ2,Z2,0,0,0,[],{}
2,430,161,Z2xZ2,Z2,0,0,0,[],{}
2,430,179,Z2xZ2,Z2,0,0,0,[],{}
2,430,185,Z2xZ2,Z2,0,0,0,[],{}
2,430,191,Z2xZ2,Z2,0,0,0,[],{}
2,430,197,Z2xZ2,Z2,0,0,0,[],{}
2,430,215,Z2xZ2,Z2,0,0,0,[],{}
2,430,296,Z2xZ2,Trivial,0,0,0,[],{}
2,430,350,Z2xZ2,Z2xZ2,0,0,0,[],{}
2,430,354,Z2xZ2,Z2,0,0,0,[],{}
2,430,360,Z2xZ2,Z2xZ2,0,0,0,[],{}
2,430,370,Z2xZ2,Z2xZ2,0,0,0,[],{}
2,430,380,Z2xZ2,Z2xZ2,0,0,0,[],{}
2,430,390,Z2xZ2,Z2xZ2,0,0,0,[],{}
2,430,394,Z2xZ2,Z2,0,0,0,[],{}
2,430,400,Z2xZ2,Z2xZ2,0,0,0,[],{}
2,430,410,Z2xZ2,Z2xZ2,0,0,0,[],{}
2,430,420,Z2xZ2,Z2xZ2,0,0,0,[],{}
2,430,430,Z2xZ2,Z2xZ2,0,0,0,[],{}
2,430,434,Z2xZ2,Z2,0,0,0,[],{}
2,430,440,Z2xZ2,Z2,0,0,0,[],{}
2,430,500,Z2xZ2,Z2,0,0,0,[],{}
2,430,560,Z2xZ2,Z2,0,0,0,[],{}
2,430,980,Z2xZ2,Z2xZ2,0,0,0,[],{}
2,430,982,Z2xZ2,Z2xZ2,0,0,0,[],{}
2,430,984,Z2xZ2,Z2xZ2,0,0,0,[],{}
2,430,986,Z2xZ2,Z2,0,0,0,[],{}
2,430,995,Z2xZ2,Z2,0,0,0,[],{}
2,430,1010,Z2xZ2,Z2,0,0,0,[],{}
2,430,1025,Z2xZ2,Z2,0,0,0,[],{}
2,430,1031,Z2xZ2,Trivial,0,0,0,[],{}
2,430,1040,Z2xZ2,Z2,0,0,0,[],{}
2,430,1055,Z2xZ2,Z2xZ2,0,0,0,[],{}
2,430,1057,Z2xZ2,Z2xZ2,0,0,0,[],{}
2,430,1059,Z2xZ2,Z2xZ2,0,0,0,[],{}
2,430,1100,Z2xZ2,Z2,0,0,0,[],{}
2,430,1130,Z2xZ2,Z2xZ2,0,0,0,[],{}
2,430,1132,Z2xZ2,Z2xZ2,0,0,0,[],{}
2,430,1134,Z2xZ2,Z2xZ2,0,0,0,[],{}
2,430,1175,Z2xZ2,Z2,0,0,0,[],{}
2,434,0,Z2,(Z2)^3,0,0,0,[],{}
2,434,1,Z2,Z2xZ2,0,0,0,[],{}
2,434,2,Z2,Z2xZ2,0,0,0,[],{}
2,434,4,Z2,Z2xZ2,0,0,0,[],{}
2,434,5,Z2,Z2xZ2,0,0,0,[],{}
2,434,6,Z2,Z2xZ2,0,0,0,[],{}
2,434,10,Z2,Z2xZ2,0,0,0,[],{}
2,434,20,Z2,Z2xZ2,0,0,0,[],{}
2,434,30,Z2,Z2xZ2,0,0,0,[],{}
2,434,34,Z2,Z2,0,0,0,[],{}
2,434,40,Z2,Z2xZ2,0,0,0,[],{}
2,434,50,Z2,Z2xZ2,0,0,0,[],{}
2,434,52,Z2,Z2xZ2,0,0,0,[],{}
2,434,54,Z2,Z2xZ2,0,0,0,[],{}
2,434,95,Z2,Z2,0,0,0,[],{}
2,434,125,Z2,Z2xZ2,108,108,0,[430],{430: 108}
2,434,126,Z2,Z2xZ2,0,0,0,[],{}
2,434,127,Z2,Z2xZ2,0,0,0,[],{}
2,434,131,Z2,Z2xZ2,108,108,0,[434],{434: 108}
2,434,132,Z2,Z2xZ2,0,0,0,[],{}
2,434,133,Z2,Z2xZ2,0,0,0,[],{}
2,434,137,Z2,Z2xZ2,108,108,0,[434],{434: 108}
2,434,138,Z2,Z2xZ2,0,0,0,[],{}
2,434,139,Z2,Z2xZ2,0,0,0,[],{}
2,434,143,Z2,Z2,216,216,0,"[410, 420]","{410: 108, 420: 108}"
2,434,161,Z2,Z2,216,216,0,"[370, 400]","{370: 108, 400: 108}"
2,434,179,Z2,Z2,216,216,0,"[350, 390]","{350: 108, 390: 108}"
2,434,185,Z2,Z2,216,216,0,"[354, 394]","{354: 108, 394: 108}"
2,434,191,Z2,Z2,216,216,0,"[354, 394]","{354: 108, 394: 108}"
2,434,197,Z2,Z2,216,216,0,"[360, 380]","{360: 108, 380: 108}"
2,434,215,Z2,Z2,216,216,0,[560],{560: 216}
2,434,296,Z2,Trivial,432,432,0,"[440, 500]","{440: 216, 500: 216}"
2,434,350,Z2,Z2xZ2,0,0,0,[],{}
2,434,354,Z2,Z2,0,0,0,[],{}
2,434,360,Z2,Z2xZ2,0,0,0,[],{}
2,434,370,Z2,Z2xZ2,0,0,0,[],{}
2,434,380,Z2,Z2xZ2,0,0,0,[],{}
2,434,390,Z2,Z2xZ2,0,0,0,[],{}
2,434,394,Z2,Z2,0,0,0,[],{}
2,434,400,Z2,Z2xZ2,0,0,0,[],{}
2,434,410,Z2,Z2xZ2,0,0,0,[],{}
2,434,420,Z2,Z2xZ2,0,0,0,[],{}
2,434,430,Z2,Z2xZ2,0,0,0,[],{}
2,434,434,Z2,Z2,0,0,0,[],{}
2,434,440,Z2,Z2,0,0,0,[],{}
2,434,500,Z2,Z2,0,0,0,[],{}
2,434,560,Z2,Z2,0,0,0,[],{}
2,434,980,Z2,Z2xZ2,0,0,0,[],{}
2,434,982,Z2,Z2xZ2,0,0,0,[],{}
2,434,984,Z2,Z2xZ2,0,0,0,[],{}
2,434,986,Z2,Z2,0,0,0,[],{}
2,434,995,Z2,Z2,0,0,0,[],{}
2,434,1010,Z2,Z2,0,0,0,[],{}
2,434,1025,Z2,Z2,0,0,0,[],{}
2,434,1031,Z2,Trivial,0,0,0,[],{}
2,434,1040,Z2,Z2,0,0,0,[],{}
2,434,1055,Z2,Z2xZ2,0,0,0,[],{}
2,434,1057,Z2,Z2xZ2,0,0,0,[],{}
2,434,1059,Z2,Z2xZ2,0,0,0,[],{}
2,434,1100,Z2,Z2,0,0,0,[],{}
2,434,1130,Z2,Z2xZ2,0,0,0,[],{}
2,434,1132,Z2,Z2xZ2,0,0,0,[],{}
2,434,1134,Z2,Z2xZ2,0,0,0,[],{}
2,434,1175,Z2,Z2,0,0,0,[],{}
2,440,0,Z2,(Z2)^3,0,0,0,[],{}
2,440,1,Z2,Z2xZ2,0,0,0,[],{}
2,440,2,Z2,Z2xZ2,0,0,0,[],{}
2,440,4,Z2,Z2xZ2,0,0,0,[],{}
2,440,5,Z2,Z2xZ2,0,0,0,[],{}
2,440,6,Z2,Z2xZ2,0,0,0,[],{}
2,440,10,Z2,Z2xZ2,0,0,0,[],{}
2,440,20,Z2,Z2xZ2,0,0,0,[],{}
2,440,30,Z2,Z2xZ2,0,0,0,[],{}
2,440,34,Z2,Z2,0,0,0,[],{}
2,440,40,Z2,Z2xZ2,0,0,0,[],{}
2,440,50,Z2,Z2xZ2,0,0,0,[],{}
2,440,52,Z2,Z2xZ2,0,0,0,[],{}
2,440,54,Z2,Z2xZ2,0,0,0,[],{}
2,440,95,Z2,Z2,0,0,0,[],{}
2,440,125,Z2,Z2xZ2,0,0,0,[],{}
2,440,126,Z2,Z2xZ2,0,0,0,[],{}
2,440,127,Z2,Z2xZ2,0,0,0,[],{}
2,440,131,Z2,Z2xZ2,0,0,0,[],{}
2,440,132,Z2,Z2xZ2,0,0,0,[],{}
2,440,133,Z2,Z2xZ2,0,0,0,[],{}
2,440,137,Z2,Z2xZ2,0,0,0,[],{}
2,440,138,Z2,Z2xZ2,0,0,0,[],{}
2,440,139,Z2,Z2xZ2,0,0,0,[],{}
2,440,143,Z2,Z2,0,0,0,[],{}
2,440,161,Z2,Z2,0,0,0,[],{}
2,440,179,Z2,Z2,0,0,0,[],{}
2,440,185,Z2,Z2,0,0,0,[],{}
2,440,191,Z2,Z2,0,0,0,[],{}
2,440,197,Z2,Z2,0,0,0,[],{}
2,440,215,Z2,Z2,0,0,0,[],{}
2,440,296,Z2,Trivial,0,0,0,[],{}
2,440,350,Z2,Z2xZ2,0,0,0,[],{}
2,440,354,Z2,Z2,0,0,0,[],{}
2,440,360,Z2,Z2xZ2,0,0,0,[],{}
2,440,370,Z2,Z2xZ2,0,0,0,[],{}
2,440,380,Z2,Z2xZ2,0,0,0,[],{}
2,440,390,Z2,Z2xZ2,0,0,0,[],{}
2,440,394,Z2,Z2,0,0,0,[],{}
2,440,400,Z2,Z2xZ2,0,0,0,[],{}
2,440,410,Z2,Z2xZ2,0,0,0,[],{}
2,440,420,Z2,Z2xZ2,0,0,0,[],{}
2,440,430,Z2,Z2xZ2,0,0,0,[],{}
2,440,434,Z2,Z2,0,0,0,[],{}
2,440,440,Z2,Z2,0,0,0,[],{}
2,440,500,Z2,Z2,0,0,0,[],{}
2,440,560,Z2,Z2,0,0,0,[],{}
2,440,980,Z2,Z2xZ2,108,108,0,[350],{350: 108}
2,440,982,Z2,Z2xZ2,0,0,0,[],{}
2,440,984,Z2,Z2xZ2,0,0,0,[],{}
2,440,986,Z2,Z2,216,216,0,[354],{354: 216}
2,440,995,Z2,Z2,216,216,0,"[360, 370]","{360: 108, 370: 108}"
2,440,1010,Z2,Z2,216,216,0,"[380, 410]","{380: 108, 410: 108}"
2,440,1025,Z2,Z2,216,216,0,"[390, 430]","{390: 108, 430: 108}"
2,440,1031,Z2,Trivial,432,432,0,"[394, 434]","{394: 216, 434: 216}"
2,440,1040,Z2,Z2,216,216,0,"[400, 420]","{400: 108, 420: 108}"
2,440,1055,Z2,Z2xZ2,108,108,0,[440],{440: 108}
2,440,1057,Z2,Z2xZ2,0,0,0,[],{}
2,440,1059,Z2,Z2xZ2,0,0,0,[],{}
2,440,1100,Z2,Z2,216,216,0,"[500, 560]","{500: 108, 560: 108}"
2,440,1130,Z2,Z2xZ2,108,108,0,[440],{440: 108}
2,440,1132,Z2,Z2xZ2,0,0,0,[],{}
2,440,1134,Z2,Z2xZ2,0,0,0,[],{}
2,440,1175,Z2,Z2,216,216,0,"[500, 560]","{500: 108, 560: 108}"
2,500,0,Z2,(Z2)^3,0,0,0,[],{}
2,500,1,Z2,Z2xZ2,0,0,0,[],{}
2,500,2,Z2,Z2xZ2,0,0,0,[],{}
2,500,4,Z2,Z2xZ2,0,0,0,[],{}
2,500,5,Z2,Z2xZ2,0,0,0,[],{}
2,500,6,Z2,Z2xZ2,0,0,0,[],{}
2,500,10,Z2,Z2xZ2,0,0,0,[],{}
2,500,20,Z2,Z2xZ2,0,0,0,[],{}
2,500,30,Z2,Z2xZ2,0,0,0,[],{}
2,500,34,Z2,Z2,0,0,0,[],{}
2,500,40,Z2,Z2xZ2,0,0,0,[],{}
2,500,50,Z2,Z2xZ2,0,0,0,[],{}
2,500,52,Z2,Z2xZ2,0,0,0,[],{}
2,500,54,Z2,Z2xZ2,0,0,0,[],{}
2,500,95,Z2,Z2,0,0,0,[],{}
2,500,125,Z2,Z2xZ2,0,0,0,[],{}
2,500,126,Z2,Z2xZ2,0,0,0,[],{}
2,500,127,Z2,Z2xZ2,0,0,0,[],{}
2,500,131,Z2,Z2xZ2,0,0,0,[],{}
2,500,132,Z2,Z2xZ2,0,0,0,[],{}
2,500,133,Z2,Z2xZ2,0,0,0,[],{}
2,500,137,Z2,Z2xZ2,0,0,0,[],{}
2,500,138,Z2,Z2xZ2,0,0,0,[],{}
2,500,139,Z2,Z2xZ2,0,0,0,[],{}
2,500,143,Z2,Z2,0,0,0,[],{}
2,500,161,Z2,Z2,0,0,0,[],{}
2,500,179,Z2,Z2,0,0,0,[],{}
2,500,185,Z2,Z2,0,0,0,[],{}
2,500,191,Z2,Z2,0,0,0,[],{}
2,500,197,Z2,Z2,0,0,0,[],{}
2,500,215,Z2,Z2,0,0,0,[],{}
2,500,296,Z2,Trivial,0,0,0,[],{}
2,500,350,Z2,Z2xZ2,0,0,0,[],{}
2,500,354,Z2,Z2,0,0,0,[],{}
2,500,360,Z2,Z2xZ2,0,0,0,[],{}
2,500,370,Z2,Z2xZ2,0,0,0,[],{}
2,500,380,Z2,Z2xZ2,0,0,0,[],{}
2,500,390,Z2,Z2xZ2,0,0,0,[],{}
2,500,394,Z2,Z2,0,0,0,[],{}
2,500,400,Z2,Z2xZ2,0,0,0,[],{}
2,500,410,Z2,Z2xZ2,0,0,0,[],{}
2,500,420,Z2,Z2xZ2,0,0,0,[],{}
2,500,430,Z2,Z2xZ2,0,0,0,[],{}
2,500,434,Z2,Z2,0,0,0,[],{}
2,500,440,Z2,Z2,0,0,0,[],{}
2,500,500,Z2,Z2,0,0,0,[],{}
2,500,560,Z2,Z2,0,0,0,[],{}
2,500,980,Z2,Z2xZ2,108,108,0,[390],{390: 108}
2,500,982,Z2,Z2xZ2,0,0,0,[],{}
2,500,984,Z2,Z2xZ2,0,0,0,[],{}
2,500,986,Z2,Z2,216,216,0,[394],{394: 216}
2,500,995,Z2,Z2,216,216,0,"[380, 400]","{380: 108, 400: 108}"
2,500,1010,Z2,Z2,216,216,0,"[360, 420]","{360: 108, 420: 108}"
2,500,1025,Z2,Z2,216,216,0,"[350, 430]","{350: 108, 430: 108}"
2,500,1031,Z2,Trivial,432,432,0,"[354, 434]","{354: 216, 434: 216}"
2,500,1040,Z2,Z2,216,216,0,"[370, 410]","{370: 108, 410: 108}"
2,500,1055,Z2,Z2xZ2,108,108,0,[500],{500: 108}
2,500,1057,Z2,Z2xZ2,0,0,0,[],{}
2,500,1059,Z2,Z2xZ2,0,0,0,[],{}
2,500,1100,Z2,Z2,216,216,0,"[440, 560]","{440: 108, 560: 108}"
2,500,1130,Z2,Z2xZ2,108,108,0,[500],{500: 108}
2,500,1132,Z2,Z2xZ2,0,0,0,[],{}
2,500,1134,Z2,Z2xZ2,0,0,0,[],{}
2,500,1175,Z2,Z2,216,216,0,"[440, 560]","{440: 108, 560: 108}"
2,560,0,Z2,(Z2)^3,0,0,0,[],{}
2,560,1,Z2,Z2xZ2,0,0,0,[],{}
2,560,2,Z2,Z2xZ2,0,0,0,[],{}
2,560,4,Z2,Z2xZ2,0,0,0,[],{}
2,560,5,Z2,Z2xZ2,0,0,0,[],{}
2,560,6,Z2,Z2xZ2,0,0,0,[],{}
2,560,10,Z2,Z2xZ2,0,0,0,[],{}
2,560,20,Z2,Z2xZ2,0,0,0,[],{}
2,560,30,Z2,Z2xZ2,0,0,0,[],{}
2,560,34,Z2,Z2,0,0,0,[],{}
2,560,40,Z2,Z2xZ2,0,0,0,[],{}
2,560,50,Z2,Z2xZ2,0,0,0,[],{}
2,560,52,Z2,Z2xZ2,0,0,0,[],{}
2,560,54,Z2,Z2xZ2,0,0,0,[],{}
2,560,95,Z2,Z2,0,0,0,[],{}
2,560,125,Z2,Z2xZ2,0,0,0,[],{}
2,560,126,Z2,Z2xZ2,0,0,0,[],{}
2,560,127,Z2,Z2xZ2,0,0,0,[],{}
2,560,131,Z2,Z2xZ2,0,0,0,[],{}
2,560,132,Z2,Z2xZ2,0,0,0,[],{}
2,560,133,Z2,Z2xZ2,0,0,0,[],{}
2,560,137,Z2,Z2xZ2,0,0,0,[],{}
2,560,138,Z2,Z2xZ2,0,0,0,[],{}
2,560,139,Z2,Z2xZ2,0,0,0,[],{}
2,560,143,Z2,Z2,0,0,0,[],{}
2,560,161,Z2,Z2,0,0,0,[],{}
2,560,179,Z2,Z2,0,0,0,[],{}
2,560,185,Z2,Z2,0,0,0,[],{}
2,560,191,Z2,Z2,0,0,0,[],{}
2,560,197,Z2,Z2,0,0,0,[],{}
2,560,215,Z2,Z2,0,0,0,[],{}
2,560,296,Z2,Trivial,0,0,0,[],{}
2,560,350,Z2,Z2xZ2,0,0,0,[],{}
2,560,354,Z2,Z2,0,0,0,[],{}
2,560,360,Z2,Z2xZ2,0,0,0,[],{}
2,560,370,Z2,Z2xZ2,0,0,0,[],{}
2,560,380,Z2,Z2xZ2,0,0,0,[],{}
2,560,390,Z2,Z2xZ2,0,0,0,[],{}
2,560,394,Z2,Z2,0,0,0,[],{}
2,560,400,Z2,Z2xZ2,0,0,0,[],{}
2,560,410,Z2,Z2xZ2,0,0,0,[],{}
2,560,420,Z2,Z2xZ2,0,0,0,[],{}
2,560,430,Z2,Z2xZ2,0,0,0,[],{}
2,560,434,Z2,Z2,0,0,0,[],{}
2,560,440,Z2,Z2,0,0,0,[],{}
2,560,500,Z2,Z2,0,0,0,[],{}
2,560,560,Z2,Z2,0,0,0,[],{}
2,560,980,Z2,Z2xZ2,108,108,0,[430],{430: 108}
2,560,982,Z2,Z2xZ2,0,0,0,[],{}
2,560,984,Z2,Z2xZ2,0,0,0,[],{}
2,560,986,Z2,Z2,216,216,0,[434],{434: 216}
2,560,995,Z2,Z2,216,216,0,"[410, 420]","{410: 108, 420: 108}"
2,560,1010,Z2,Z2,216,216,0,"[370, 400]","{370: 108, 400: 108}"
2,560,1025,Z2,Z2,216,216,0,"[350, 390]","{350: 108, 390: 108}"
2,560,1031,Z2,Trivial,432,432,0,"[354, 394]","{354: 216, 394: 216}"
2,560,1040,Z2,Z2,216,216,0,"[360, 380]","{360: 108, 380: 108}"
2,560,1055,Z2,Z2xZ2,108,108,0,[560],{560: 108}
2,560,1057,Z2,Z2xZ2,0,0,0,[],{}
2,560,1059,Z2,Z2xZ2,0,0,0,[],{}
2,560,1100,Z2,Z2,216,216,0,"[440, 500]","{440: 108, 500: 108}"
2,560,1130,Z2,Z2xZ2,108,108,0,[560],{560: 108}
2,560,1132,Z2,Z2xZ2,0,0,0,[],{}
2,560,1134,Z2,Z2xZ2,0,0,0,[],{}
2,560,1175,Z2,Z2,216,216,0,"[440, 500]","{440: 108, 500: 108}"
2,980,0,Z2xZ2,(Z2)^3,54,54,0,[980],{980: 54}
2,980,1,Z2xZ2,Z2xZ2,0,0,0,[],{}
2,980,2,Z2xZ2,Z2xZ2,0,0,0,[],{}
2,980,4,Z2xZ2,Z2xZ2,108,108,0,[986],{986: 108}
2,980,5,Z2xZ2,Z2xZ2,0,0,0,[],{}
2,980,6,Z2xZ2,Z2xZ2,0,0,0,[],{}
2,980,10,Z2xZ2,Z2xZ2,108,108,0,[995],{995: 108}
2,980,20,Z2xZ2,Z2xZ2,108,108,0,[1010],{1010: 108}
2,980,30,Z2xZ2,Z2xZ2,108,108,0,[1025],{1025: 108}
2,980,34,Z2xZ2,Z2,216,216,0,[1031],{1031: 216}
2,980,40,Z2xZ2,Z2xZ2,108,108,0,[1040],{1040: 108}
2,980,50,Z2xZ2,Z2xZ2,108,108,0,"[1055, 1130]","{1055: 54, 1130: 54}"
2,980,52,Z2xZ2,Z2xZ2,0,0,0,[],{}
2,980,54,Z2xZ2,Z2xZ2,0,0,0,[],{}
2,980,95,Z2xZ2,Z2,216,216,0,"[1100, 1175]","{1100: 108, 1175: 108}"
2,980,125,Z2xZ2,Z2xZ2,0,0,0,[],{}
2,980,126,Z2xZ2,Z2xZ2,0,0,0,[],{}
2,980,127,Z2xZ2,Z2xZ2,0,0,0,[],{}
2,980,131,Z2xZ2,Z2xZ2,0,0,0,[],{}
2,980,132,Z2xZ2,Z2xZ2,0,0,0,[],{}
2,980,133,Z2xZ2,Z2xZ2,0,0,0,[],{}
2,980,137,Z2xZ2,Z2xZ2,0,0,0,[],{}
2,980,138,Z2xZ2,Z2xZ2,0,0,0,[],{}
2,980,139,Z2xZ2,Z2xZ2,0,0,0,[],{}
2,980,143,Z2xZ2,Z2,0,0,0,[],{}
2,980,161,Z2xZ2,Z2,0,0,0,[],{}
2,980,179,Z2xZ2,Z2,0,0,0,[],{}
2,980,185,Z2xZ2,Z2,0,0,0,[],{}
2,980,191,Z2xZ2,Z2,0,0,0,[],{}
2,980,197,Z2xZ2,Z2,0,0,0,[],{}
2,980,215,Z2xZ2,Z2,0,0,0,[],{}
2,980,296,Z2xZ2,Trivial,0,0,0,[],{}
2,980,350,Z2xZ2,Z2xZ2,0,0,0,[],{}
2,980,354,Z2xZ2,Z2,0,0,0,[],{}
2,980,360,Z2xZ2,Z2xZ2,0,0,0,[],{}
2,980,370,Z2xZ2,Z2xZ2,0,0,0,[],{}
2,980,380,Z2xZ2,Z2xZ2,0,0,0,[],{}
2,980,390,Z2xZ2,Z2xZ2,0,0,0,[],{}
2,980,394,Z2xZ2,Z2,0,0,0,[],{}
2,980,400,Z2xZ2,Z2xZ2,0,0,0,[],{}
2,980,410,Z2xZ2,Z2xZ2,0,0,0,[],{}
2,980,420,Z2xZ2,Z2xZ2,0,0,0,[],{}
2,980,430,Z2xZ2,Z2xZ2,0,0,0,[],{}
2,980,434,Z2xZ2,Z2,0,0,0,[],{}
2,980,440,Z2xZ2,Z2,0,0,0,[],{}
2,980,500,Z2xZ2,Z2,0,0,0,[],{}
2,980,560,Z2xZ2,Z2,0,0,0,[],{}
2,980,980,Z2xZ2,Z2xZ2,0,0,0,[],{}
2,980,982,Z2xZ2,Z2xZ2,0,0,0,[],{}
2,980,984,Z2xZ2,Z2xZ2,0,0,0,[],{}
2,980,986,Z2xZ2,Z2,0,0,0,[],{}
2,980,995,Z2xZ2,Z2,0,0,0,[],{}
2,980,1010,Z2xZ2,Z2,0,0,0,[],{}
2,980,1025,Z2xZ2,Z2,0,0,0,[],{}
2,980,1031,Z2xZ2,Trivial,0,0,0,[],{}
2,980,1040,Z2xZ2,Z2,0,0,0,[],{}
2,980,1055,Z2xZ2,Z2xZ2,0,0,0,[],{}
2,980,1057,Z2xZ2,Z2xZ2,0,0,0,[],{}
2,980,1059,Z2xZ2,Z2xZ2,0,0,0,[],{}
2,980,1100,Z2xZ2,Z2,0,0,0,[],{}
2,980,1130,Z2xZ2,Z2xZ2,0,0,0,[],{}
2,980,1132,Z2xZ2,Z2xZ2,0,0,0,[],{}
2,980,1134,Z2xZ2,Z2xZ2,0,0,0,[],{}
2,980,1175,Z2xZ2,Z2,0,0,0,[],{}
2,982,0,Z2xZ2,(Z2)^3,0,0,0,[],{}
2,982,1,Z2xZ2,Z2xZ2,0,0,0,[],{}
2,982,2,Z2xZ2,Z2xZ2,54,54,0,[982],{982: 54}
2,982,4,Z2xZ2,Z2xZ2,0,0,0,[],{}
2,982,5,Z2xZ2,Z2xZ2,0,0,0,[],{}
2,982,6,Z2xZ2,Z2xZ2,0,0,0,[],{}
2,982,10,Z2xZ2,Z2xZ2,0,0,0,[],{}
2,982,20,Z2xZ2,Z2xZ2,0,0,0,[],{}
2,982,30,Z2xZ2,Z2xZ2,0,0,0,[],{}
2,982,34,Z2xZ2,Z2,0,0,0,[],{}
2,982,40,Z2xZ2,Z2xZ2,0,0,0,[],{}
2,982,50,Z2xZ2,Z2xZ2,0,0,0,[],{}
2,982,52,Z2xZ2,Z2xZ2,54,54,0,[1057],{1057: 54}
2,982,54,Z2xZ2,Z2xZ2,54,54,0,[1132],{1132: 54}
2,982,95,Z2xZ2,Z2,0,0,0,[],{}
2,982,125,Z2xZ2,Z2xZ2,0,0,0,[],{}
2,982,126,Z2xZ2,Z2xZ2,0,0,0,[],{}
2,982,127,Z2xZ2,Z2xZ2,0,0,0,[],{}
2,982,131,Z2xZ2,Z2xZ2,0,0,0,[],{}
2,982,132,Z2xZ2,Z2xZ2,0,0,0,[],{}
2,982,133,Z2xZ2,Z2xZ2,0,0,0,[],{}
2,982,137,Z2xZ2,Z2xZ2,0,0,0,[],{}
2,982,138,Z2xZ2,Z2xZ2,0,0,0,[],{}
2,982,139,Z2xZ2,Z2xZ2,0,0,0,[],{}
2,982,143,Z2xZ2,Z2,0,0,0,[],{}
2,982,161,Z2xZ2,Z2,0,0,0,[],{}
2,982,179,Z2xZ2,Z2,0,0,0,[],{}
2,982,185,Z2xZ2,Z2,0,0,0,[],{}
2,982,191,Z2xZ2,Z2,0,0,0,[],{}
2,982,197,Z2xZ2,Z2,0,0,0,[],{}
2,982,215,Z2xZ2,Z2,0,0,0,[],{}
2,982,296,Z2xZ2,Trivial,0,0,0,[],{}
2,982,350,Z2xZ2,Z2xZ2,0,0,0,[],{}
2,982,354,Z2xZ2,Z2,0,0,0,[],{}
2,982,360,Z2xZ2,Z2xZ2,0,0,0,[],{}
2,982,370,Z2xZ2,Z2xZ2,0,0,0,[],{}
2,982,380,Z2xZ2,Z2xZ2,0,0,0,[],{}
2,982,390,Z2xZ2,Z2xZ2,0,0,0,[],{}
2,982,394,Z2xZ2,Z2,0,0,0,[],{}
2,982,400,Z2xZ2,Z2xZ2,0,0,0,[],{}
2,982,410,Z2xZ2,Z2xZ2,0,0,0,[],{}
2,982,420,Z2xZ2,Z2xZ2,0,0,0,[],{}
2,982,430,Z2xZ2,Z2xZ2,0,0,0,[],{}
2,982,434,Z2xZ2,Z2,0,0,0,[],{}
2,982,440,Z2xZ2,Z2,0,0,0,[],{}
2,982,500,Z2xZ2,Z2,0,0,0,[],{}
2,982,560,Z2xZ2,Z2,0,0,0,[],{}
2,982,980,Z2xZ2,Z2xZ2,0,0,0,[],{}
2,982,982,Z2xZ2,Z2xZ2,0,0,0,[],{}
2,982,984,Z2xZ2,Z2xZ2,0,0,0,[],{}
2,982,986,Z2xZ2,Z2,0,0,0,[],{}
2,982,995,Z2xZ2,Z2,0,0,0,[],{}
2,982,1010,Z2xZ2,Z2,0,0,0,[],{}
2,982,1025,Z2xZ2,Z2,0,0,0,[],{}
2,982,1031,Z2xZ2,Trivial,0,0,0,[],{}
2,982,1040,Z2xZ2,Z2,0,0,0,[],{}
2,982,1055,Z2xZ2,Z2xZ2,0,0,0,[],{}
2,982,1057,Z2xZ2,Z2xZ2,0,0,0,[],{}
2,982,1059,Z2xZ2,Z2xZ2,0,0,0,[],{}
2,982,1100,Z2xZ2,Z2,0,0,0,[],{}
2,982,1130,Z2xZ2,Z2xZ2,0,0,0,[],{}
2,982,1132,Z2xZ2,Z2xZ2,0,0,0,[],{}
2,982,1134,Z2xZ2,Z2xZ2,0,0,0,[],{}
2,982,1175,Z2xZ2,Z2,0,0,0,[],{}
2,984,0,Z2xZ2,(Z2)^3,0,0,0,[],{}
2,984,1,Z2xZ2,Z2xZ2,0,0,0,[],{}
2,984,2,Z2xZ2,Z2xZ2,54,54,0,[984],{984: 54}
2,984,4,Z2xZ2,Z2xZ2,0,0,0,[],{}
2,984,5,Z2xZ2,Z2xZ2,0,0,0,[],{}
2,984,6,Z2xZ2,Z2xZ2,0,0,0,[],{}
2,984,10,Z2xZ2,Z2xZ2,0,0,0,[],{}
2,984,20,Z2xZ2,Z2xZ2,0,0,0,[],{}
2,984,30,Z2xZ2,Z2xZ2,0,0,0,[],{}
2,984,34,Z2xZ2,Z2,0,0,0,[],{}
2,984,40,Z2xZ2,Z2xZ2,0,0,0,[],{}
2,984,50,Z2xZ2,Z2xZ2,0,0,0,[],{}
2,984,52,Z2xZ2,Z2xZ2,54,54,0,[1134],{1134: 54}
2,984,54,Z2xZ2,Z2xZ2,54,54,0,[1059],{1059: 54}
2,984,95,Z2xZ2,Z2,0,0,0,[],{}
2,984,125,Z2xZ2,Z2xZ2,0,0,0,[],{}
2,984,126,Z2xZ2,Z2xZ2,0,0,0,[],{}
2,984,127,Z2xZ2,Z2xZ2,0,0,0,[],{}
2,984,131,Z2xZ2,Z2xZ2,0,0,0,[],{}
2,984,132,Z2xZ2,Z2xZ2,0,0,0,[],{}
2,984,133,Z2xZ2,Z2xZ2,0,0,0,[],{}
2,984,137,Z2xZ2,Z2xZ2,0,0,0,[],{}
2,984,138,Z2xZ2,Z2xZ2,0,0,0,[],{}
2,984,139,Z2xZ2,Z2xZ2,0,0,0,[],{}
2,984,143,Z2xZ2,Z2,0,0,0,[],{}
2,984,161,Z2xZ2,Z2,0,0,0,[],{}
2,984,179,Z2xZ2,Z2,0,0,0,[],{}
2,984,185,Z2xZ2,Z2,0,0,0,[],{}
2,984,191,Z2xZ2,Z2,0,0,0,[],{}
2,984,197,Z2xZ2,Z2,0,0,0,[],{}
2,984,215,Z2xZ2,Z2,0,0,0,[],{}
2,984,296,Z2xZ2,Trivial,0,0,0,[],{}
2,984,350,Z2xZ2,Z2xZ2,0,0,0,[],{}
2,984,354,Z2xZ2,Z2,0,0,0,[],{}
2,984,360,Z2xZ2,Z2xZ2,0,0,0,[],{}
2,984,370,Z2xZ2,Z2xZ2,0,0,0,[],{}
2,984,380,Z2xZ2,Z2xZ2,0,0,0,[],{}
2,984,390,Z2xZ2,Z2xZ2,0,0,0,[],{}
2,984,394,Z2xZ2,Z2,0,0,0,[],{}
2,984,400,Z2xZ2,Z2xZ2,0,0,0,[],{}
2,984,410,Z2xZ2,Z2xZ2,0,0,0,[],{}
2,984,420,Z2xZ2,Z2xZ2,0,0,0,[],{}
2,984,430,Z2xZ2,Z2xZ2,0,0,0,[],{}
2,984,434,Z2xZ2,Z2,0,0,0,[],{}
2,984,440,Z2xZ2,Z2,0,0,0,[],{}
2,984,500,Z2xZ2,Z2,0,0,0,[],{}
2,984,560,Z2xZ2,Z2,0,0,0,[],{}
2,984,980,Z2xZ2,Z2xZ2,0,0,0,[],{}
2,984,982,Z2xZ2,Z2xZ2,0,0,0,[],{}
2,984,984,Z2xZ2,Z2xZ2,0,0,0,[],{}
2,984,986,Z2xZ2,Z2,0,0,0,[],{}
2,984,995,Z2xZ2,Z2,0,0,0,[],{}
2,984,1010,Z2xZ2,Z2,0,0,0,[],{}
2,984,1025,Z2xZ2,Z2,0,0,0,[],{}
2,984,1031,Z2xZ2,Trivial,0,0,0,[],{}
2,984,1040,Z2xZ2,Z2,0,0,0,[],{}
2,984,1055,Z2xZ2,Z2xZ2,0,0,0,[],{}
2,984,1057,Z2xZ2,Z2xZ2,0,0,0,[],{}
2,984,1059,Z2xZ2,Z2xZ2,0,0,0,[],{}
2,984,1100,Z2xZ2,Z2,0,0,0,[],{}
2,984,1130,Z2xZ2,Z2xZ2,0,0,0,[],{}
2,984,1132,Z2xZ2,Z2xZ2,0,0,0,[],{}
2,984,1134,Z2xZ2,Z2xZ2,0,0,0,[],{}
2,984,1175,Z2xZ2,Z2,0,0,0,[],{}
2,986,0,Z2,(Z2)^3,0,0,0,[],{}
2,986,1,Z2,Z2xZ2,0,0,0,[],{}
2,986,2,Z2,Z2xZ2,0,0,0,[],{}
2,986,4,Z2,Z2xZ2,0,0,0,[],{}
2,986,5,Z2,Z2xZ2,0,0,0,[],{}
2,986,6,Z2,Z2xZ2,0,0,0,[],{}
2,986,10,Z2,Z2xZ2,0,0,0,[],{}
2,986,20,Z2,Z2xZ2,0,0,0,[],{}
2,986,30,Z2,Z2xZ2,0,0,0,[],{}
2,986,34,Z2,Z2,0,0,0,[],{}
2,986,40,Z2,Z2xZ2,0,0,0,[],{}
2,986,50,Z2,Z2xZ2,0,0,0,[],{}
2,986,52,Z2,Z2xZ2,0,0,0,[],{}
2,986,54,Z2,Z2xZ2,0,0,0,[],{}
2,986,95,Z2,Z2,0,0,0,[],{}
2,986,125,Z2,Z2xZ2,108,108,0,[980],{980: 108}
2,986,126,Z2,Z2xZ2,0,0,0,[],{}
2,986,127,Z2,Z2xZ2,0,0,0,[],{}
2,986,131,Z2,Z2xZ2,108,108,0,[986],{986: 108}
2,986,132,Z2,Z2xZ2,0,0,0,[],{}
2,986,133,Z2,Z2xZ2,0,0,0,[],{}
2,986,137,Z2,Z2xZ2,108,108,0,[986],{986: 108}
2,986,138,Z2,Z2xZ2,0,0,0,[],{}
2,986,139,Z2,Z2xZ2,0,0,0,[],{}
2,986,143,Z2,Z2,216,216,0,[995],{995: 216}
2,986,161,Z2,Z2,216,216,0,[1010],{1010: 216}
2,986,179,Z2,Z2,216,216,0,[1025],{1025: 216}
2,986,185,Z2,Z2,216,216,0,[1031],{1031: 216}
2,986,191,Z2,Z2,216,216,0,[1031],{1031: 216}
2,986,197,Z2,Z2,216,216,0,[1040],{1040: 216}
2,986,215,Z2,Z2,216,216,0,"[1055, 1130]","{1055: 108, 1130: 108}"
2,986,296,Z2,Trivial,432,432,0,"[1100, 1175]","{1100: 216, 1175: 216}"
2,986,350,Z2,Z2xZ2,0,0,0,[],{}
2,986,354,Z2,Z2,0,0,0,[],{}
2,986,360,Z2,Z2xZ2,0,0,0,[],{}
2,986,370,Z2,Z2xZ2,0,0,0,[],{}
2,986,380,Z2,Z2xZ2,0,0,0,[],{}
2,986,390,Z2,Z2xZ2,0,0,0,[],{}
2,986,394,Z2,Z2,0,0,0,[],{}
2,986,400,Z2,Z2xZ2,0,0,0,[],{}
2,986,410,Z2,Z2xZ2,0,0,0,[],{}
2,986,420,Z2,Z2xZ2,0,0,0,[],{}
2,986,430,Z2,Z2xZ2,0,0,0,[],{}
2,986,434,Z2,Z2,0,0,0,[],{}
2,986,440,Z2,Z2,0,0,0,[],{}
2,986,500,Z2,Z2,0,0,0,[],{}
2,986,560,Z2,Z2,0,0,0,[],{}
2,986,980,Z2,Z2xZ2,0,0,0,[],{}
2,986,982,Z2,Z2xZ2,0,0,0,[],{}
2,986,984,Z2,Z2xZ2,0,0,0,[],{}
2,986,986,Z2,Z2,0,0,0,[],{}
2,986,995,Z2,Z2,0,0,0,[],{}
2,986,1010,Z2,Z2,0,0,0,[],{}
2,986,1025,Z2,Z2,0,0,0,[],{}
2,986,1031,Z2,Trivial,0,0,0,[],{}
2,986,1040,Z2,Z2,0,0,0,[],{}
2,986,1055,Z2,Z2xZ2,0,0,0,[],{}
2,986,1057,Z2,Z2xZ2,0,0,0,[],{}
2,986,1059,Z2,Z2xZ2,0,0,0,[],{}
2,986,1100,Z2,Z2,0,0,0,[],{}
2,986,1130,Z2,Z2xZ2,0,0,0,[],{}
2,986,1132,Z2,Z2xZ2,0,0,0,[],{}
2,986,1134,Z2,Z2xZ2,0,0,0,[],{}
2,986,1175,Z2,Z2,0,0,0,[],{}
2,995,0,Z2,(Z2)^3,0,0,0,[],{}
2,995,1,Z2,Z2xZ2,0,0,0,[],{}
2,995,2,Z2,Z2xZ2,0,0,0,[],{}
2,995,4,Z2,Z2xZ2,0,0,0,[],{}
2,995,5,Z2,Z2xZ2,0,0,0,[],{}
2,995,6,Z2,Z2xZ2,0,0,0,[],{}
2,995,10,Z2,Z2xZ2,0,0,0,[],{}
2,995,20,Z2,Z2xZ2,0,0,0,[],{}
2,995,30,Z2,Z2xZ2,0,0,0,[],{}
2,995,34,Z2,Z2,0,0,0,[],{}
2,995,40,Z2,Z2xZ2,0,0,0,[],{}
2,995,50,Z2,Z2xZ2,0,0,0,[],{}
2,995,52,Z2,Z2xZ2,0,0,0,[],{}
2,995,54,Z2,Z2xZ2,0,0,0,[],{}
2,995,95,Z2,Z2,0,0,0,[],{}
2,995,125,Z2,Z2xZ2,0,0,0,[],{}
2,995,126,Z2,Z2xZ2,0,0,0,[],{}
2,995,127,Z2,Z2xZ2,0,0,0,[],{}
2,995,131,Z2,Z2xZ2,0,0,0,[],{}
2,995,132,Z2,Z2xZ2,0,0,0,[],{}
2,995,133,Z2,Z2xZ2,0,0,0,[],{}
2,995,137,Z2,Z2xZ2,0,0,0,[],{}
2,995,138,Z2,Z2xZ2,0,0,0,[],{}
2,995,139,Z2,Z2xZ2,0,0,0,[],{}
2,995,143,Z2,Z2,0,0,0,[],{}
2,995,161,Z2,Z2,0,0,0,[],{}
2,995,179,Z2,Z2,0,0,0,[],{}
2,995,185,Z2,Z2,0,0,0,[],{}
2,995,191,Z2,Z2,0,0,0,[],{}
2,995,197,Z2,Z2,0,0,0,[],{}
2,995,215,Z2,Z2,0,0,0,[],{}
2,995,296,Z2,Trivial,0,0,0,[],{}
2,995,350,Z2,Z2xZ2,108,108,0,[980],{980: 108}
2,995,354,Z2,Z2,216,216,0,[986],{986: 216}
2,995,360,Z2,Z2xZ2,108,108,0,[995],{995: 108}
2,995,370,Z2,Z2xZ2,108,108,0,[995],{995: 108}
2,995,380,Z2,Z2xZ2,108,108,0,[1010],{1010: 108}
2,995,390,Z2,Z2xZ2,108,108,0,[1025],{1025: 108}
2,995,394,Z2,Z2,216,216,0,[1031],{1031: 216}
2,995,400,Z2,Z2xZ2,108,108,0,[1040],{1040: 108}
2,995,410,Z2,Z2xZ2,108,108,0,[1010],{1010: 108}
2,995,420,Z2,Z2xZ2,108,108,0,[1040],{1040: 108}
2,995,430,Z2,Z2xZ2,108,108,0,[1025],{1025: 108}
2,995,434,Z2,Z2,216,216,0,[1031],{1031: 216}
2,995,440,Z2,Z2,216,216,0,"[1055, 1130]","{1055: 108, 1130: 108}"
2,995,500,Z2,Z2,216,216,0,"[1100, 1175]","{1100: 108, 1175: 108}"
2,995,560,Z2,Z2,216,216,0,"[1100, 1175]","{1100: 108, 1175: 108}"
2,995,980,Z2,Z2xZ2,0,0,0,[],{}
2,995,982,Z2,Z2xZ2,0,0,0,[],{}
2,995,984,Z2,Z2xZ2,0,0,0,[],{}
2,995,986,Z2,Z2,0,0,0,[],{}
2,995,995,Z2,Z2,0,0,0,[],{}
2,995,1010,Z2,Z2,0,0,0,[],{}
2,995,1025,Z2,Z2,0,0,0,[],{}
2,995,1031,Z2,Trivial,0,0,0,[],{}
2,995,1040,Z2,Z2,0,0,0,[],{}
2,995,1055,Z2,Z2xZ2,0,0,0,[],{}
2,995,1057,Z2,Z2xZ2,0,0,0,[],{}
2,995,1059,Z2,Z2xZ2,0,0,0,[],{}
2,995,1100,Z2,Z2,0,0,0,[],{}
2,995,1130,Z2,Z2xZ2,0,0,0,[],{}
2,995,1132,Z2,Z2xZ2,0,0,0,[],{}
2,995,1134,Z2,Z2xZ2,0,0,0,[],{}
2,995,1175,Z2,Z2,0,0,0,[],{}
2,1010,0,Z2,(Z2)^3,0,0,0,[],{}
2,1010,1,Z2,Z2xZ2,0,0,0,[],{}
2,1010,2,Z2,Z2xZ2,0,0,0,[],{}
2,1010,4,Z2,Z2xZ2,0,0,0,[],{}
2,1010,5,Z2,Z2xZ2,0,0,0,[],{}
2,1010,6,Z2,Z2xZ2,0,0,0,[],{}
2,1010,10,Z2,Z2xZ2,0,0,0,[],{}
2,1010,20,Z2,Z2xZ2,0,0,0,[],{}
2,1010,30,Z2,Z2xZ2,0,0,0,[],{}
2,1010,34,Z2,Z2,0,0,0,[],{}
2,1010,40,Z2,Z2xZ2,0,0,0,[],{}
2,1010,50,Z2,Z2xZ2,0,0,0,[],{}
2,1010,52,Z2,Z2xZ2,0,0,0,[],{}
2,1010,54,Z2,Z2xZ2,0,0,0,[],{}
2,1010,95,Z2,Z2,0,0,0,[],{}
2,1010,125,Z2,Z2xZ2,0,0,0,[],{}
2,1010,126,Z2,Z2xZ2,0,0,0,[],{}
2,1010,127,Z2,Z2xZ2,0,0,0,[],{}
2,1010,131,Z2,Z2xZ2,0,0,0,[],{}
2,1010,132,Z2,Z2xZ2,0,0,0,[],{}
2,1010,133,Z2,Z2xZ2,0,0,0,[],{}
2,1010,137,Z2,Z2xZ2,0,0,0,[],{}
2,1010,138,Z2,Z2xZ2,0,0,0,[],{}
2,1010,139,Z2,Z2xZ2,0,0,0,[],{}
2,1010,143,Z2,Z2,0,0,0,[],{}
2,1010,161,Z2,Z2,0,0,0,[],{}
2,1010,179,Z2,Z2,0,0,0,[],{}
2,1010,185,Z2,Z2,0,0,0,[],{}
2,1010,191,Z2,Z2,0,0,0,[],{}
2,1010,197,Z2,Z2,0,0,0,[],{}
2,1010,215,Z2,Z2,0,0,0,[],{}
2,1010,296,Z2,Trivial,0,0,0,[],{}
2,1010,350,Z2,Z2xZ2,108,108,0,[1025],{1025: 108}
2,1010,354,Z2,Z2,216,216,0,[1031],{1031: 216}
2,1010,360,Z2,Z2xZ2,108,108,0,[1010],{1010: 108}
2,1010,370,Z2,Z2xZ2,108,108,0,[1040],{1040: 108}
2,1010,380,Z2,Z2xZ2,108,108,0,[995],{995: 108}
2,1010,390,Z2,Z2xZ2,108,108,0,[980],{980: 108}
2,1010,394,Z2,Z2,216,216,0,[986],{986: 216}
2,1010,400,Z2,Z2xZ2,108,108,0,[995],{995: 108}
2,1010,410,Z2,Z2xZ2,108,108,0,[1040],{1040: 108}
2,1010,420,Z2,Z2xZ2,108,108,0,[1010],{1010: 108}
2,1010,430,Z2,Z2xZ2,108,108,0,[1025],{1025: 108}
2,1010,434,Z2,Z2,216,216,0,[1031],{1031: 216}
2,1010,440,Z2,Z2,216,216,0,"[1100, 1175]","{1100: 108, 1175: 108}"
2,1010,500,Z2,Z2,216,216,0,"[1055, 1130]","{1055: 108, 1130: 108}"
2,1010,560,Z2,Z2,216,216,0,"[1100, 1175]","{1100: 108, 1175: 108}"
2,1010,980,Z2,Z2xZ2,0,0,0,[],{}
2,1010,982,Z2,Z2xZ2,0,0,0,[],{}
2,1010,984,Z2,Z2xZ2,0,0,0,[],{}
2,1010,986,Z2,Z2,0,0,0,[],{}
2,1010,995,Z2,Z2,0,0,0,[],{}
2,1010,1010,Z2,Z2,0,0,0,[],{}
2,1010,1025,Z2,Z2,0,0,0,[],{}
2,1010,1031,Z2,Trivial,0,0,0,[],{}
2,1010,1040,Z2,Z2,0,0,0,[],{}
2,1010,1055,Z2,Z2xZ2,0,0,0,[],{}
2,1010,1057,Z2,Z2xZ2,0,0,0,[],{}
2,1010,1059,Z2,Z2xZ2,0,0,0,[],{}
2,1010,1100,Z2,Z2,0,0,0,[],{}
2,1010,1130,Z2,Z2xZ2,0,0,0,[],{}
2,1010,1132,Z2,Z2xZ2,0,0,0,[],{}
2,1010,1134,Z2,Z2xZ2,0,0,0,[],{}
2,1010,1175,Z2,Z2,0,0,0,[],{}
2,1025,0,Z2,(Z2)^3,108,108,0,[1025],{1025: 108}
2,1025,1,Z2,Z2xZ2,0,0,0,[],{}
2,1025,2,Z2,Z2xZ2,0,0,0,[],{}
2,1025,4,Z2,Z2xZ2,216,216,0,[1031],{1031: 216}
2,1025,5,Z2,Z2xZ2,0,0,0,[],{}
2,1025,6,Z2,Z2xZ2,0,0,0,[],{}
2,1025,10,Z2,Z2xZ2,216,216,0,"[1010, 1040]","{1010: 108, 1040: 108}"
2,1025,20,Z2,Z2xZ2,216,216,0,"[995, 1040]","{995: 108, 1040: 108}"
2,1025,30,Z2,Z2xZ2,216,216,0,"[980, 1025]","{980: 108, 1025: 108}"
2,1025,34,Z2,Z2,432,432,0,"[986, 1031]","{986: 216, 1031: 216}"
2,1025,40,Z2,Z2xZ2,216,216,0,"[995, 1010]","{995: 108, 1010: 108}"
2,1025,50,Z2,Z2xZ2,216,216,0,"[1100, 1175]","{1100: 108, 1175: 108}"
2,1025,52,Z2,Z2xZ2,0,0,0,[],{}
2,1025,54,Z2,Z2xZ2,0,0,0,[],{}
2,1025,95,Z2,Z2,432,432,0,"[1055, 1100, 1130, 1175]","{1055: 108, 1100: 108, 1130: 108, 1175: 108}"
2,1025,125,Z2,Z2xZ2,0,0,0,[],{}
2,1025,126,Z2,Z2xZ2,0,0,0,[],{}
2,1025,127,Z2,Z2xZ2,0,0,0,[],{}
2,1025,131,Z2,Z2xZ2,0,0,0,[],{}
2,1025,132,Z2,Z2xZ2,0,0,0,[],{}
2,1025,133,Z2,Z2xZ2,0,0,0,[],{}
2,1025,137,Z2,Z2xZ2,0,0,0,[],{}
2,1025,138,Z2,Z2xZ2,0,0,0,[],{}
2,1025,139,Z2,Z2xZ2,0,0,0,[],{}
2,1025,143,Z2,Z2,0,0,0,[],{}
2,1025,161,Z2,Z2,0,0,0,[],{}
2,1025,179,Z2,Z2,0,0,0,[],{}
2,1025,185,Z2,Z2,0,0,0,[],{}
2,1025,191,Z2,Z2,0,0,0,[],{}
2,1025,197,Z2,Z2,0,0,0,[],{}
2,1025,215,Z2,Z2,0,0,0,[],{}
2,1025,296,Z2,Trivial,0,0,0,[],{}
2,1025,350,Z2,Z2xZ2,0,0,0,[],{}
2,1025,354,Z2,Z2,0,0,0,[],{}
2,1025,360,Z2,Z2xZ2,0,0,0,[],{}
2,1025,370,Z2,Z2xZ2,0,0,0,[],{}
2,1025,380,Z2,Z2xZ2,0,0,0,[],{}
2,1025,390,Z2,Z2xZ2,0,0,0,[],{}
2,1025,394,Z2,Z2,0,0,0,[],{}
2,1025,400,Z2,Z2xZ2,0,0,0,[],{}
2,1025,410,Z2,Z2xZ2,0,0,0,[],{}
2,1025,420,Z2,Z2xZ2,0,0,0,[],{}
2,1025,430,Z2,Z2xZ2,0,0,0,[],{}
2,1025,434,Z2,Z2,0,0,0,[],{}
2,1025,440,Z2,Z2,0,0,0,[],{}
2,1025,500,Z2,Z2,0,0,0,[],{}
2,1025,560,Z2,Z2,0,0,0,[],{}
2,1025,980,Z2,Z2xZ2,0,0,0,[],{}
2,1025,982,Z2,Z2xZ2,0,0,0,[],{}
2,1025,984,Z2,Z2xZ2,0,0,0,[],{}
2,1025,986,Z2,Z2,0,0,0,[],{}
2,1025,995,Z2,Z2,0,0,0,[],{}
2,1025,1010,Z2,Z2,0,0,0,[],{}
2,1025,1025,Z2,Z2,0,0,0,[],{}
2,1025,1031,Z2,Trivial,0,0,0,[],{}
2,1025,1040,Z2,Z2,0,0,0,[],{}
2,1025,1055,Z2,Z2xZ2,0,0,0,[],{}
2,1025,1057,Z2,Z2xZ2,0,0,0,[],{}
2,1025,1059,Z2,Z2xZ2,0,0,0,[],{}
2,1025,1100,Z2,Z2,0,0,0,[],{}
2,1025,1130,Z2,Z2xZ2,0,0,0,[],{}
2,1025,1132,Z2,Z2xZ2,0,0,0,[],{}
2,1025,1134,Z2,Z2xZ2,0,0,0,[],{}
2,1025,1175,Z2,Z2,0,0,0,[],{}
2,1031,0,Trivial,(Z2)^3,0,0,0,[],{}
2,1031,1,Trivial,Z2xZ2,0,0,0,[],{}
2,1031,2,Trivial,Z2xZ2,0,0,0,[],{}
2,1031,4,Trivial,Z2xZ2,0,0,0,[],{}
2,1031,5,Trivial,Z2xZ2,0,0,0,[],{}
2,1031,6,Trivial,Z2xZ2,0,0,0,[],{}
2,1031,10,Trivial,Z2xZ2,0,0,0,[],{}
2,1031,20,Trivial,Z2xZ2,0,0,0,[],{}
2,1031,30,Trivial,Z2xZ2,0,0,0,[],{}
2,1031,34,Trivial,Z2,0,0,0,[],{}
2,1031,40,Trivial,Z2xZ2,0,0,0,[],{}
2,1031,50,Trivial,Z2xZ2,0,0,0,[],{}
2,1031,52,Trivial,Z2xZ2,0,0,0,[],{}
2,1031,54,Trivial,Z2xZ2,0,0,0,[],{}
2,1031,95,Trivial,Z2,0,0,0,[],{}
2,1031,125,Trivial,Z2xZ2,216,216,0,[1025],{1025: 216}
2,1031,126,Trivial,Z2xZ2,0,0,0,[],{}
2,1031,127,Trivial,Z2xZ2,0,0,0,[],{}
2,1031,131,Trivial,Z2xZ2,216,216,0,[1031],{1031: 216}
2,1031,132,Trivial,Z2xZ2,0,0,0,[],{}
2,1031,133,Trivial,Z2xZ2,0,0,0,[],{}
2,1031,137,Trivial,Z2xZ2,216,216,0,[1031],{1031: 216}
2,1031,138,Trivial,Z2xZ2,0,0,0,[],{}
2,1031,139,Trivial,Z2xZ2,0,0,0,[],{}
2,1031,143,Trivial,Z2,432,432,0,"[1010, 1040]","{1010: 216, 1040: 216}"
2,1031,161,Trivial,Z2,432,432,0,"[995, 1040]","{995: 216, 1040: 216}"
2,1031,179,Trivial,Z2,432,432,0,"[980, 1025]","{980: 216, 1025: 216}"
2,1031,185,Trivial,Z2,432,432,0,"[986, 1031]","{986: 216, 1031: 216}"
2,1031,191,Trivial,Z2,432,432,0,"[986, 1031]","{986: 216, 1031: 216}"
2,1031,197,Trivial,Z2,432,432,0,"[995, 1010]","{995: 216, 1010: 216}"
2,1031,215,Trivial,Z2,432,432,0,"[1100, 1175]","{1100: 216, 1175: 216}"
2,1031,296,Trivial,Trivial,864,864,0,"[1055, 1100, 1130, 1175]","{1055: 216, 1100: 216, 1130: 216, 1175: 216}"
2,1031,350,Trivial,Z2xZ2,0,0,0,[],{}
2,1031,354,Trivial,Z2,0,0,0,[],{}
2,1031,360,Trivial,Z2xZ2,0,0,0,[],{}
2,1031,370,Trivial,Z2xZ2,0,0,0,[],{}
2,1031,380,Trivial,Z2xZ2,0,0,0,[],{}
2,1031,390,Trivial,Z2xZ2,0,0,0,[],{}
2,1031,394,Trivial,Z2,0,0,0,[],{}
2,1031,400,Trivial,Z2xZ2,0,0,0,[],{}
2,1031,410,Trivial,Z2xZ2,0,0,0,[],{}
2,1031,420,Trivial,Z2xZ2,0,0,0,[],{}
2,1031,430,Trivial,Z2xZ2,0,0,0,[],{}
2,1031,434,Trivial,Z2,0,0,0,[],{}
2,1031,440,Trivial,Z2,0,0,0,[],{}
2,1031,500,Trivial,Z2,0,0,0,[],{}
2,1031,560,Trivial,Z2,0,0,0,[],{}
2,1031,980,Trivial,Z2xZ2,0,0,0,[],{}
2,1031,982,Trivial,Z2xZ2,0,0,0,[],{}
2,1031,984,Trivial,Z2xZ2,0,0,0,[],{}
2,1031,986,Trivial,Z2,0,0,0,[],{}
2,1031,995,Trivial,Z2,0,0,0,[],{}
2,1031,1010,Trivial,Z2,0,0,0,[],{}
2,1031,1025,Trivial,Z2,0,0,0,[],{}
2,1031,1031,Trivial,Trivial,0,0,0,[],{}
2,1031,1040,Trivial,Z2,0,0,0,[],{}
2,1031,1055,Trivial,Z2xZ2,0,0,0,[],{}
2,1031,1057,Trivial,Z2xZ2,0,0,0,[],{}
2,1031,1059,Trivial,Z2xZ2,0,0,0,[],{}
2,1031,1100,Trivial,Z2,0,0,0,[],{}
2,1031,1130,Trivial,Z2xZ2,0,0,0,[],{}
2,1031,1132,Trivial,Z2xZ2,0,0,0,[],{}
2,1031,1134,Trivial,Z2xZ2,0,0,0,[],{}
2,1031,1175,Trivial,Z2,0,0,0,[],{}
2,1040,0,Z2,(Z2)^3,0,0,0,[],{}
2,1040,1,Z2,Z2xZ2,0,0,0,[],{}
2,1040,2,Z2,Z2xZ2,0,0,0,[],{}
2,1040,4,Z2,Z2xZ2,0,0,0,[],{}
2,1040,5,Z2,Z2xZ2,0,0,0,[],{}
2,1040,6,Z2,Z2xZ2,0,0,0,[],{}
2,1040,10,Z2,Z2xZ2,0,0,0,[],{}
2,1040,20,Z2,Z2xZ2,0,0,0,[],{}
2,1040,30,Z2,Z2xZ2,0,0,0,[],{}
2,1040,34,Z2,Z2,0,0,0,[],{}
2,1040,40,Z2,Z2xZ2,0,0,0,[],{}
2,1040,50,Z2,Z2xZ2,0,0,0,[],{}
2,1040,52,Z2,Z2xZ2,0,0,0,[],{}
2,1040,54,Z2,Z2xZ2,0,0,0,[],{}
2,1040,95,Z2,Z2,0,0,0,[],{}
2,1040,125,Z2,Z2xZ2,0,0,0,[],{}
2,1040,126,Z2,Z2xZ2,0,0,0,[],{}
2,1040,127,Z2,Z2xZ2,0,0,0,[],{}
2,1040,131,Z2,Z2xZ2,0,0,0,[],{}
2,1040,132,Z2,Z2xZ2,0,0,0,[],{}
2,1040,133,Z2,Z2xZ2,0,0,0,[],{}
2,1040,137,Z2,Z2xZ2,0,0,0,[],{}
2,1040,138,Z2,Z2xZ2,0,0,0,[],{}
2,1040,139,Z2,Z2xZ2,0,0,0,[],{}
2,1040,143,Z2,Z2,0,0,0,[],{}
2,1040,161,Z2,Z2,0,0,0,[],{}
2,1040,179,Z2,Z2,0,0,0,[],{}
2,1040,185,Z2,Z2,0,0,0,[],{}
2,1040,191,Z2,Z2,0,0,0,[],{}
2,1040,197,Z2,Z2,0,0,0,[],{}
2,1040,215,Z2,Z2,0,0,0,[],{}
2,1040,296,Z2,Trivial,0,0,0,[],{}
2,1040,350,Z2,Z2xZ2,108,108,0,[1025],{1025: 108}
2,1040,354,Z2,Z2,216,216,0,[1031],{1031: 216}
2,1040,360,Z2,Z2xZ2,108,108,0,[1040],{1040: 108}
2,1040,370,Z2,Z2xZ2,108,108,0,[1010],{1010: 108}
2,1040,380,Z2,Z2xZ2,108,108,0,[1040],{1040: 108}
2,1040,390,Z2,Z2xZ2,108,108,0,[1025],{1025: 108}
2,1040,394,Z2,Z2,216,216,0,[1031],{1031: 216}
2,1040,400,Z2,Z2xZ2,108,108,0,[1010],{1010: 108}
2,1040,410,Z2,Z2xZ2,108,108,0,[995],{995: 108}
2,1040,420,Z2,Z2xZ2,108,108,0,[995],{995: 108}
2,1040,430,Z2,Z2xZ2,108,108,0,[980],{980: 108}
2,1040,434,Z2,Z2,216,216,0,[986],{986: 216}
2,1040,440,Z2,Z2,216,216,0,"[1100, 1175]","{1100: 108, 1175: 108}"
2,1040,500,Z2,Z2,216,216,0,"[1100, 1175]","{1100: 108, 1175: 108}"
2,1040,560,Z2,Z2,216,216,0,"[1055, 1130]","{1055: 108, 1130: 108}"
2,1040,980,Z2,Z2xZ2,0,0,0,[],{}
2,1040,982,Z2,Z2xZ2,0,0,0,[],{}
2,1040,984,Z2,Z2xZ2,0,0,0,[],{}
2,1040,986,Z2,Z2,0,0,0,[],{}
2,1040,995,Z2,Z2,0,0,0,[],{}
2,1040,1010,Z2,Z2,0,0,0,[],{}
2,1040,1025,Z2,Z2,0,0,0,[],{}
2,1040,1031,Z2,Trivial,0,0,0,[],{}
2,1040,1040,Z2,Z2,0,0,0,[],{}
2,1040,1055,Z2,Z2xZ2,0,0,0,[],{}
2,1040,1057,Z2,Z2xZ2,0,0,0,[],{}
2,1040,1059,Z2,Z2xZ2,0,0,0,[],{}
2,1040,1100,Z2,Z2,0,0,0,[],{}
2,1040,1130,Z2,Z2xZ2,0,0,0,[],{}
2,1040,1132,Z2,Z2xZ2,0,0,0,[],{}
2,1040,1134,Z2,Z2xZ2,0,0,0,[],{}
2,1040,1175,Z2,Z2,0,0,0,[],{}
2,1055,0,Z2xZ2,(Z2)^3,0,0,0,[],{}
2,1055,1,Z2xZ2,Z2xZ2,0,0,0,[],{}
2,1055,2,Z2xZ2,Z2xZ2,0,0,0,[],{}
2,1055,4,Z2xZ2,Z2xZ2,0,0,0,[],{}
2,1055,5,Z2xZ2,Z2xZ2,0,0,0,[],{}
2,1055,6,Z2xZ2,Z2xZ2,0,0,0,[],{}
2,1055,10,Z2xZ2,Z2xZ2,0,0,0,[],{}
2,1055,20,Z2xZ2,Z2xZ2,0,0,0,[],{}
2,1055,30,Z2xZ2,Z2xZ2,0,0,0,[],{}
2,1055,34,Z2xZ2,Z2,0,0,0,[],{}
2,1055,40,Z2xZ2,Z2xZ2,0,0,0,[],{}
2,1055,50,Z2xZ2,Z2xZ2,0,0,0,[],{}
2,1055,52,Z2xZ2,Z2xZ2,0,0,0,[],{}
2,1055,54,Z2xZ2,Z2xZ2,0,0,0,[],{}
2,1055,95,Z2xZ2,Z2,0,0,0,[],{}
2,1055,125,Z2xZ2,Z2xZ2,0,0,0,[],{}
2,1055,126,Z2xZ2,Z2xZ2,0,0,0,[],{}
2,1055,127,Z2xZ2,Z2xZ2,0,0,0,[],{}
2,1055,131,Z2xZ2,Z2xZ2,0,0,0,[],{}
2,1055,132,Z2xZ2,Z2xZ2,0,0,0,[],{}
2,1055,133,Z2xZ2,Z2xZ2,0,0,0,[],{}
2,1055,137,Z2xZ2,Z2xZ2,0,0,0,[],{}
2,1055,138,Z2xZ2,Z2xZ2,0,0,0,[],{}
2,1055,139,Z2xZ2,Z2xZ2,0,0,0,[],{}
2,1055,143,Z2xZ2,Z2,0,0,0,[],{}
2,1055,161,Z2xZ2,Z2,0,0,0,[],{}
2,1055,179,Z2xZ2,Z2,0,0,0,[],{}
2,1055,185,Z2xZ2,Z2,0,0,0,[],{}
2,1055,191,Z2xZ2,Z2,0,0,0,[],{}
2,1055,197,Z2xZ2,Z2,0,0,0,[],{}
2,1055,215,Z2xZ2,Z2,0,0,0,[],{}
2,1055,296,Z2xZ2,Trivial,0,0,0,[],{}
2,1055,350,Z2xZ2,Z2xZ2,0,0,0,[],{}
2,1055,354,Z2xZ2,Z2,0,0,0,[],{}
2,1055,360,Z2xZ2,Z2xZ2,0,0,0,[],{}
2,1055,370,Z2xZ2,Z2xZ2,0,0,0,[],{}
2,1055,380,Z2xZ2,Z2xZ2,0,0,0,[],{}
2,1055,390,Z2xZ2,Z2xZ2,0,0,0,[],{}
2,1055,394,Z2xZ2,Z2,0,0,0,[],{}
2,1055,400,Z2xZ2,Z2xZ2,0,0,0,[],{}
2,1055,410,Z2xZ2,Z2xZ2,0,0,0,[],{}
2,1055,420,Z2xZ2,Z2xZ2,0,0,0,[],{}
2,1055,430,Z2xZ2,Z2xZ2,0,0,0,[],{}
2,1055,434,Z2xZ2,Z2,0,0,0,[],{}
2,1055,440,Z2xZ2,Z2,0,0,0,[],{}
2,1055,500,Z2xZ2,Z2,0,0,0,[],{}
2,1055,560,Z2xZ2,Z2,0,0,0,[],{}
2,1055,980,Z2xZ2,Z2xZ2,54,54,0,[980],{980: 54}
2,1055,982,Z2xZ2,Z2xZ2,0,0,0,[],{}
2,1055,984,Z2xZ2,Z2xZ2,0,0,0,[],{}
2,1055,986,Z2xZ2,Z2,108,108,0,[986],{986: 108}
2,1055,995,Z2xZ2,Z2,108,108,0,[995],{995: 108}
2,1055,1010,Z2xZ2,Z2,108,108,0,[1010],{1010: 108}
2,1055,1025,Z2xZ2,Z2,108,108,0,[1025],{1025: 108}
2,1055,1031,Z2xZ2,Trivial,216,216,0,[1031],{1031: 216}
2,1055,1040,Z2xZ2,Z2,108,108,0,[1040],{1040: 108}
2,1055,1055,Z2xZ2,Z2xZ2,54,54,0,[1055],{1055: 54}
2,1055,1057,Z2xZ2,Z2xZ2,0,0,0,[],{}
2,1055,1059,Z2xZ2,Z2xZ2,0,0,0,[],{}
2,1055,1100,Z2xZ2,Z2,108,108,0,[1100],{1100: 108}
2,1055,1130,Z2xZ2,Z2xZ2,54,54,0,[1130],{1130: 54}
2,1055,1132,Z2xZ2,Z2xZ2,0,0,0,[],{}
2,1055,1134,Z2xZ2,Z2xZ2,0,0,0,[],{}
2,1055,1175,Z2xZ2,Z2,108,108,0,[1175],{1175: 108}
2,1057,0,Z2xZ2,(Z2)^3,0,0,0,[],{}
2,1057,1,Z2xZ2,Z2xZ2,0,0,0,[],{}
2,1057,2,Z2xZ2,Z2xZ2,0,0,0,[],{}
2,1057,4,Z2xZ2,Z2xZ2,0,0,0,[],{}
2,1057,5,Z2xZ2,Z2xZ2,0,0,0,[],{}
2,1057,6,Z2xZ2,Z2xZ2,0,0,0,[],{}
2,1057,10,Z2xZ2,Z2xZ2,0,0,0,[],{}
2,1057,20,Z2xZ2,Z2xZ2,0,0,0,[],{}
2,1057,30,Z2xZ2,Z2xZ2,0,0,0,[],{}
2,1057,34,Z2xZ2,Z2,0,0,0,[],{}
2,1057,40,Z2xZ2,Z2xZ2,0,0,0,[],{}
2,1057,50,Z2xZ2,Z2xZ2,0,0,0,[],{}
2,1057,52,Z2xZ2,Z2xZ2,0,0,0,[],{}
2,1057,54,Z2xZ2,Z2xZ2,0,0,0,[],{}
2,1057,95,Z2xZ2,Z2,0,0,0,[],{}
2,1057,125,Z2xZ2,Z2xZ2,0,0,0,[],{}
2,1057,126,Z2xZ2,Z2xZ2,0,0,0,[],{}
2,1057,127,Z2xZ2,Z2xZ2,0,0,0,[],{}
2,1057,131,Z2xZ2,Z2xZ2,0,0,0,[],{}
2,1057,132,Z2xZ2,Z2xZ2,0,0,0,[],{}
2,1057,133,Z2xZ2,Z2xZ2,0,0,0,[],{}
2,1057,137,Z2xZ2,Z2xZ2,0,0,0,[],{}
2,1057,138,Z2xZ2,Z2xZ2,0,0,0,[],{}
2,1057,139,Z2xZ2,Z2xZ2,0,0,0,[],{}
2,1057,143,Z2xZ2,Z2,0,0,0,[],{}
2,1057,161,Z2xZ2,Z2,0,0,0,[],{}
2,1057,179,Z2xZ2,Z2,0,0,0,[],{}
2,1057,185,Z2xZ2,Z2,0,0,0,[],{}
2,1057,191,Z2xZ2,Z2,0,0,0,[],{}
2,1057,197,Z2xZ2,Z2,0,0,0,[],{}
2,1057,215,Z2xZ2,Z2,0,0,0,[],{}
2,1057,296,Z2xZ2,Trivial,0,0,0,[],{}
2,1057,350,Z2xZ2,Z2xZ2,0,0,0,[],{}
2,1057,354,Z2xZ2,Z2,0,0,0,[],{}
2,1057,360,Z2xZ2,Z2xZ2,0,0,0,[],{}
2,1057,370,Z2xZ2,Z2xZ2,0,0,0,[],{}
2,1057,380,Z2xZ2,Z2xZ2,0,0,0,[],{}
2,1057,390,Z2xZ2,Z2xZ2,0,0,0,[],{}
2,1057,394,Z2xZ2,Z2,0,0,0,[],{}
2,1057,400,Z2xZ2,Z2xZ2,0,0,0,[],{}
2,1057,410,Z2xZ2,Z2xZ2,0,0,0,[],{}
2,1057,420,Z2xZ2,Z2xZ2,0,0,0,[],{}
2,1057,430,Z2xZ2,Z2xZ2,0,0,0,[],{}
2,1057,434,Z2xZ2,Z2,0,0,0,[],{}
2,1057,440,Z2xZ2,Z2,0,0,0,[],{}
2,1057,500,Z2xZ2,Z2,0,0,0,[],{}
2,1057,560,Z2xZ2,Z2,0,0,0,[],{}
2,1057,980,Z2xZ2,Z2xZ2,0,0,0,[],{}
2,1057,982,Z2xZ2,Z2xZ2,54,54,0,[982],{982: 54}
2,1057,984,Z2xZ2,Z2xZ2,0,0,0,[],{}
2,1057,986,Z2xZ2,Z2,0,0,0,[],{}
2,1057,995,Z2xZ2,Z2,0,0,0,[],{}
2,1057,1010,Z2xZ2,Z2,0,0,0,[],{}
2,1057,1025,Z2xZ2,Z2,0,0,0,[],{}
2,1057,1031,Z2xZ2,Trivial,0,0,0,[],{}
2,1057,1040,Z2xZ2,Z2,0,0,0,[],{}
2,1057,1055,Z2xZ2,Z2xZ2,0,0,0,[],{}
2,1057,1057,Z2xZ2,Z2xZ2,54,54,0,[1057],{1057: 54}
2,1057,1059,Z2xZ2,Z2xZ2,0,0,0,[],{}
2,1057,1100,Z2xZ2,Z2,0,0,0,[],{}
2,1057,1130,Z2xZ2,Z2xZ2,0,0,0,[],{}
2,1057,1132,Z2xZ2,Z2xZ2,54,54,0,[1132],{1132: 54}
2,1057,1134,Z2xZ2,Z2xZ2,0,0,0,[],{}
2,1057,1175,Z2xZ2,Z2,0,0,0,[],{}
2,1059,0,Z2xZ2,(Z2)^3,0,0,0,[],{}
2,1059,1,Z2xZ2,Z2xZ2,0,0,0,[],{}
2,1059,2,Z2xZ2,Z2xZ2,0,0,0,[],{}
2,1059,4,Z2xZ2,Z2xZ2,0,0,0,[],{}
2,1059,5,Z2xZ2,Z2xZ2,0,0,0,[],{}
2,1059,6,Z2xZ2,Z2xZ2,0,0,0,[],{}
2,1059,10,Z2xZ2,Z2xZ2,0,0,0,[],{}
2,1059,20,Z2xZ2,Z2xZ2,0,0,0,[],{}
2,1059,30,Z2xZ2,Z2xZ2,0,0,0,[],{}
2,1059,34,Z2xZ2,Z2,0,0,0,[],{}
2,1059,40,Z2xZ2,Z2xZ2,0,0,0,[],{}
2,1059,50,Z2xZ2,Z2xZ2,0,0,0,[],{}
2,1059,52,Z2xZ2,Z2xZ2,0,0,0,[],{}
2,1059,54,Z2xZ2,Z2xZ2,0,0,0,[],{}
2,1059,95,Z2xZ2,Z2,0,0,0,[],{}
2,1059,125,Z2xZ2,Z2xZ2,0,0,0,[],{}
2,1059,126,Z2xZ2,Z2xZ2,0,0,0,[],{}
2,1059,127,Z2xZ2,Z2xZ2,0,0,0,[],{}
2,1059,131,Z2xZ2,Z2xZ2,0,0,0,[],{}
2,1059,132,Z2xZ2,Z2xZ2,0,0,0,[],{}
2,1059,133,Z2xZ2,Z2xZ2,0,0,0,[],{}
2,1059,137,Z2xZ2,Z2xZ2,0,0,0,[],{}
2,1059,138,Z2xZ2,Z2xZ2,0,0,0,[],{}
2,1059,139,Z2xZ2,Z2xZ2,0,0,0,[],{}
2,1059,143,Z2xZ2,Z2,0,0,0,[],{}
2,1059,161,Z2xZ2,Z2,0,0,0,[],{}
2,1059,179,Z2xZ2,Z2,0,0,0,[],{}
2,1059,185,Z2xZ2,Z2,0,0,0,[],{}
2,1059,191,Z2xZ2,Z2,0,0,0,[],{}
2,1059,197,Z2xZ2,Z2,0,0,0,[],{}
2,1059,215,Z2xZ2,Z2,0,0,0,[],{}
2,1059,296,Z2xZ2,Trivial,0,0,0,[],{}
2,1059,350,Z2xZ2,Z2xZ2,0,0,0,[],{}
2,1059,354,Z2xZ2,Z2,0,0,0,[],{}
2,1059,360,Z2xZ2,Z2xZ2,0,0,0,[],{}
2,1059,370,Z2xZ2,Z2xZ2,0,0,0,[],{}
2,1059,380,Z2xZ2,Z2xZ2,0,0,0,[],{}
2,1059,390,Z2xZ2,Z2xZ2,0,0,0,[],{}
2,1059,394,Z2xZ2,Z2,0,0,0,[],{}
2,1059,400,Z2xZ2,Z2xZ2,0,0,0,[],{}
2,1059,410,Z2xZ2,Z2xZ2,0,0,0,[],{}
2,1059,420,Z2xZ2,Z2xZ2,0,0,0,[],{}
2,1059,430,Z2xZ2,Z2xZ2,0,0,0,[],{}
2,1059,434,Z2xZ2,Z2,0,0,0,[],{}
2,1059,440,Z2xZ2,Z2,0,0,0,[],{}
2,1059,500,Z2xZ2,Z2,0,0,0,[],{}
2,1059,560,Z2xZ2,Z2,0,0,0,[],{}
2,1059,980,Z2xZ2,Z2xZ2,0,0,0,[],{}
2,1059,982,Z2xZ2,Z2xZ2,0,0,0,[],{}
2,1059,984,Z2xZ2,Z2xZ2,54,54,0,[984],{984: 54}
2,1059,986,Z2xZ2,Z2,0,0,0,[],{}
2,1059,995,Z2xZ2,Z2,0,0,0,[],{}
2,1059,1010,Z2xZ2,Z2,0,0,0,[],{}
2,1059,1025,Z2xZ2,Z2,0,0,0,[],{}
2,1059,1031,Z2xZ2,Trivial,0,0,0,[],{}
2,1059,1040,Z2xZ2,Z2,0,0,0,[],{}
2,1059,1055,Z2xZ2,Z2xZ2,0,0,0,[],{}
2,1059,1057,Z2xZ2,Z2xZ2,0,0,0,[],{}
2,1059,1059,Z2xZ2,Z2xZ2,54,54,0,[1059],{1059: 54}
2,1059,1100,Z2xZ2,Z2,0,0,0,[],{}
2,1059,1130,Z2xZ2,Z2xZ2,0,0,0,[],{}
2,1059,1132,Z2xZ2,Z2xZ2,0,0,0,[],{}
2,1059,1134,Z2xZ2,Z2xZ2,54,54,0,[1134],{1134: 54}
2,1059,1175,Z2xZ2,Z2,0,0,0,[],{}
2,1100,0,Z2,(Z2)^3,0,0,0,[],{}
2,1100,1,Z2,Z2xZ2,0,0,0,[],{}
2,1100,2,Z2,Z2xZ2,0,0,0,[],{}
2,1100,4,Z2,Z2xZ2,0,0,0,[],{}
2,1100,5,Z2,Z2xZ2,0,0,0,[],{}
2,1100,6,Z2,Z2xZ2,0,0,0,[],{}
2,1100,10,Z2,Z2xZ2,0,0,0,[],{}
2,1100,20,Z2,Z2xZ2,0,0,0,[],{}
2,1100,30,Z2,Z2xZ2,0,0,0,[],{}
2,1100,34,Z2,Z2,0,0,0,[],{}
2,1100,40,Z2,Z2xZ2,0,0,0,[],{}
2,1100,50,Z2,Z2xZ2,0,0,0,[],{}
2,1100,52,Z2,Z2xZ2,0,0,0,[],{}
2,1100,54,Z2,Z2xZ2,0,0,0,[],{}
2,1100,95,Z2,Z2,0,0,0,[],{}
2,1100,125,Z2,Z2xZ2,0,0,0,[],{}
2,1100,126,Z2,Z2xZ2,0,0,0,[],{}
2,1100,127,Z2,Z2xZ2,0,0,0,[],{}
2,1100,131,Z2,Z2xZ2,0,0,0,[],{}
2,1100,132,Z2,Z2xZ2,0,0,0,[],{}
2,1100,133,Z2,Z2xZ2,0,0,0,[],{}
2,1100,137,Z2,Z2xZ2,0,0,0,[],{}
2,1100,138,Z2,Z2xZ2,0,0,0,[],{}
2,1100,139,Z2,Z2xZ2,0,0,0,[],{}
2,1100,143,Z2,Z2,0,0,0,[],{}
2,1100,161,Z2,Z2,0,0,0,[],{}
2,1100,179,Z2,Z2,0,0,0,[],{}
2,1100,185,Z2,Z2,0,0,0,[],{}
2,1100,191,Z2,Z2,0,0,0,[],{}
2,1100,197,Z2,Z2,0,0,0,[],{}
2,1100,215,Z2,Z2,0,0,0,[],{}
2,1100,296,Z2,Trivial,0,0,0,[],{}
2,1100,350,Z2,Z2xZ2,0,0,0,[],{}
2,1100,354,Z2,Z2,0,0,0,[],{}
2,1100,360,Z2,Z2xZ2,0,0,0,[],{}
2,1100,370,Z2,Z2xZ2,0,0,0,[],{}
2,1100,380,Z2,Z2xZ2,0,0,0,[],{}
2,1100,390,Z2,Z2xZ2,0,0,0,[],{}
2,1100,394,Z2,Z2,0,0,0,[],{}
2,1100,400,Z2,Z2xZ2,0,0,0,[],{}
2,1100,410,Z2,Z2xZ2,0,0,0,[],{}
2,1100,420,Z2,Z2xZ2,0,0,0,[],{}
2,1100,430,Z2,Z2xZ2,0,0,0,[],{}
2,1100,434,Z2,Z2,0,0,0,[],{}
2,1100,440,Z2,Z2,0,0,0,[],{}
2,1100,500,Z2,Z2,0,0,0,[],{}
2,1100,560,Z2,Z2,0,0,0,[],{}
2,1100,980,Z2,Z2xZ2,108,108,0,[1025],{1025: 108}
2,1100,982,Z2,Z2xZ2,0,0,0,[],{}
2,1100,984,Z2,Z2xZ2,0,0,0,[],{}
2,1100,986,Z2,Z2,216,216,0,[1031],{1031: 216}
2,1100,995,Z2,Z2,216,216,0,"[1010, 1040]","{1010: 108, 1040: 108}"
2,1100,1010,Z2,Z2,216,216,0,"[995, 1040]","{995: 108, 1040: 108}"
2,1100,1025,Z2,Z2,216,216,0,"[980, 1025]","{980: 108, 1025: 108}"
2,1100,1031,Z2,Trivial,432,432,0,"[986, 1031]","{986: 216, 1031: 216}"
2,1100,1040,Z2,Z2,216,216,0,"[995, 1010]","{995: 108, 1010: 108}"
2,1100,1055,Z2,Z2xZ2,108,108,0,[1100],{1100: 108}
2,1100,1057,Z2,Z2xZ2,0,0,0,[],{}
2,1100,1059,Z2,Z2xZ2,0,0,0,[],{}
2,1100,1100,Z2,Z2,216,216,0,"[1055, 1100]","{1055: 108, 1100: 108}"
2,1100,1130,Z2,Z2xZ2,108,108,0,[1175],{1175: 108}
2,1100,1132,Z2,Z2xZ2,0,0,0,[],{}
2,1100,1134,Z2,Z2xZ2,0,0,0,[],{}
2,1100,1175,Z2,Z2,216,216,0,"[1130, 1175]","{1130: 108, 1175: 108}"
2,1130,0,Z2xZ2,(Z2)^3,0,0,0,[],{}
2,1130,1,Z2xZ2,Z2xZ2,0,0,0,[],{}
2,1130,2,Z2xZ2,Z2xZ2,0,0,0,[],{}
2,1130,4,Z2xZ2,Z2xZ2,0,0,0,[],{}
2,1130,5,Z2xZ2,Z2xZ2,0,0,0,[],{}
2,1130,6,Z2xZ2,Z2xZ2,0,0,0,[],{}
2,1130,10,Z2xZ2,Z2xZ2,0,0,0,[],{}
2,1130,20,Z2xZ2,Z2xZ2,0,0,0,[],{}
2,1130,30,Z2xZ2,Z2xZ2,0,0,0,[],{}
2,1130,34,Z2xZ2,Z2,0,0,0,[],{}
2,1130,40,Z2xZ2,Z2xZ2,0,0,0,[],{}
2,1130,50,Z2xZ2,Z2xZ2,0,0,0,[],{}
2,1130,52,Z2xZ2,Z2xZ2,0,0,0,[],{}
2,1130,54,Z2xZ2,Z2xZ2,0,0,0,[],{}
2,1130,95,Z2xZ2,Z2,0,0,0,[],{}
2,1130,125,Z2xZ2,Z2xZ2,0,0,0,[],{}
2,1130,126,Z2xZ2,Z2xZ2,0,0,0,[],{}
2,1130,127,Z2xZ2,Z2xZ2,0,0,0,[],{}
2,1130,131,Z2xZ2,Z2xZ2,0,0,0,[],{}
2,1130,132,Z2xZ2,Z2xZ2,0,0,0,[],{}
2,1130,133,Z2xZ2,Z2xZ2,0,0,0,[],{}
2,1130,137,Z2xZ2,Z2xZ2,0,0,0,[],{}
2,1130,138,Z2xZ2,Z2xZ2,0,0,0,[],{}
2,1130,139,Z2xZ2,Z2xZ2,0,0,0,[],{}
2,1130,143,Z2xZ2,Z2,0,0,0,[],{}
2,1130,161,Z2xZ2,Z2,0,0,0,[],{}
2,1130,179,Z2xZ2,Z2,0,0,0,[],{}
2,1130,185,Z2xZ2,Z2,0,0,0,[],{}
2,1130,191,Z2xZ2,Z2,0,0,0,[],{}
2,1130,197,Z2xZ2,Z2,0,0,0,[],{}
2,1130,215,Z2xZ2,Z2,0,0,0,[],{}
2,1130,296,Z2xZ2,Trivial,0,0,0,[],{}
2,1130,350,Z2xZ2,Z2xZ2,0,0,0,[],{}
2,1130,354,Z2xZ2,Z2,0,0,0,[],{}
2,1130,360,Z2xZ2,Z2xZ2,0,0,0,[],{}
2,1130,370,Z2xZ2,Z2xZ2,0,0,0,[],{}
2,1130,380,Z2xZ2,Z2xZ2,0,0,0,[],{}
2,1130,390,Z2xZ2,Z2xZ2,0,0,0,[],{}
2,1130,394,Z2xZ2,Z2,0,0,0,[],{}
2,1130,400,Z2xZ2,Z2xZ2,0,0,0,[],{}
2,1130,410,Z2xZ2,Z2xZ2,0,0,0,[],{}
2,1130,420,Z2xZ2,Z2xZ2,0,0,0,[],{}
2,1130,430,Z2xZ2,Z2xZ2,0,0,0,[],{}
2,1130,434,Z2xZ2,Z2,0,0,0,[],{}
2,1130,440,Z2xZ2,Z2,0,0,0,[],{}
2,1130,500,Z2xZ2,Z2,0,0,0,[],{}
2,1130,560,Z2xZ2,Z2,0,0,0,[],{}
2,1130,980,Z2xZ2,Z2xZ2,54,54,0,[980],{980: 54}
2,1130,982,Z2xZ2,Z2xZ2,0,0,0,[],{}
2,1130,984,Z2xZ2,Z2xZ2,0,0,0,[],{}
2,1130,986,Z2xZ2,Z2,108,108,0,[986],{986: 108}
2,1130,995,Z2xZ2,Z2,108,108,0,[995],{995: 108}
2,1130,1010,Z2xZ2,Z2,108,108,0,[1010],{1010: 108}
2,1130,1025,Z2xZ2,Z2,108,108,0,[1025],{1025: 108}
2,1130,1031,Z2xZ2,Trivial,216,216,0,[1031],{1031: 216}
2,1130,1040,Z2xZ2,Z2,108,108,0,[1040],{1040: 108}
2,1130,1055,Z2xZ2,Z2xZ2,54,54,0,[1130],{1130: 54}
2,1130,1057,Z2xZ2,Z2xZ2,0,0,0,[],{}
2,1130,1059,Z2xZ2,Z2xZ2,0,0,0,[],{}
2,1130,1100,Z2xZ2,Z2,108,108,0,[1175],{1175: 108}
2,1130,1130,Z2xZ2,Z2xZ2,54,54,0,[1055],{1055: 54}
2,1130,1132,Z2xZ2,Z2xZ2,0,0,0,[],{}
2,1130,1134,Z2xZ2,Z2xZ2,0,0,0,[],{}
2,1130,1175,Z2xZ2,Z2,108,108,0,[1100],{1100: 108}
2,1132,0,Z2xZ2,(Z2)^3,0,0,0,[],{}
2,1132,1,Z2xZ2,Z2xZ2,0,0,0,[],{}
2,1132,2,Z2xZ2,Z2xZ2,0,0,0,[],{}
2,1132,4,Z2xZ2,Z2xZ2,0,0,0,[],{}
2,1132,5,Z2xZ2,Z2xZ2,0,0,0,[],{}
2,1132,6,Z2xZ2,Z2xZ2,0,0,0,[],{}
2,1132,10,Z2xZ2,Z2xZ2,0,0,0,[],{}
2,1132,20,Z2xZ2,Z2xZ2,0,0,0,[],{}
2,1132,30,Z2xZ2,Z2xZ2,0,0,0,[],{}
2,1132,34,Z2xZ2,Z2,0,0,0,[],{}
2,1132,40,Z2xZ2,Z2xZ2,0,0,0,[],{}
2,1132,50,Z2xZ2,Z2xZ2,0,0,0,[],{}
2,1132,52,Z2xZ2,Z2xZ2,0,0,0,[],{}
2,1132,54,Z2xZ2,Z2xZ2,0,0,0,[],{}
2,1132,95,Z2xZ2,Z2,0,0,0,[],{}
2,1132,125,Z2xZ2,Z2xZ2,0,0,0,[],{}
2,1132,126,Z2xZ2,Z2xZ2,0,0,0,[],{}
2,1132,127,Z2xZ2,Z2xZ2,0,0,0,[],{}
2,1132,131,Z2xZ2,Z2xZ2,0,0,0,[],{}
2,1132,132,Z2xZ2,Z2xZ2,0,0,0,[],{}
2,1132,133,Z2xZ2,Z2xZ2,0,0,0,[],{}
2,1132,137,Z2xZ2,Z2xZ2,0,0,0,[],{}
2,1132,138,Z2xZ2,Z2xZ2,0,0,0,[],{}
2,1132,139,Z2xZ2,Z2xZ2,0,0,0,[],{}
2,1132,143,Z2xZ2,Z2,0,0,0,[],{}
2,1132,161,Z2xZ2,Z2,0,0,0,[],{}
2,1132,179,Z2xZ2,Z2,0,0,0,[],{}
2,1132,185,Z2xZ2,Z2,0,0,0,[],{}
2,1132,191,Z2xZ2,Z2,0,0,0,[],{}
2,1132,197,Z2xZ2,Z2,0,0,0,[],{}
2,1132,215,Z2xZ2,Z2,0,0,0,[],{}
2,1132,296,Z2xZ2,Trivial,0,0,0,[],{}
2,1132,350,Z2xZ2,Z2xZ2,0,0,0,[],{}
2,1132,354,Z2xZ2,Z2,0,0,0,[],{}
2,1132,360,Z2xZ2,Z2xZ2,0,0,0,[],{}
2,1132,370,Z2xZ2,Z2xZ2,0,0,0,[],{}
2,1132,380,Z2xZ2,Z2xZ2,0,0,0,[],{}
2,1132,390,Z2xZ2,Z2xZ2,0,0,0,[],{}
2,1132,394,Z2xZ2,Z2,0,0,0,[],{}
2,1132,400,Z2xZ2,Z2xZ2,0,0,0,[],{}
2,1132,410,Z2xZ2,Z2xZ2,0,0,0,[],{}
2,1132,420,Z2xZ2,Z2xZ2,0,0,0,[],{}
2,1132,430,Z2xZ2,Z2xZ2,0,0,0,[],{}
2,1132,434,Z2xZ2,Z2,0,0,0,[],{}
2,1132,440,Z2xZ2,Z2,0,0,0,[],{}
2,1132,500,Z2xZ2,Z2,0,0,0,[],{}
2,1132,560,Z2xZ2,Z2,0,0,0,[],{}
2,1132,980,Z2xZ2,Z2xZ2,0,0,0,[],{}
2,1132,982,Z2xZ2,Z2xZ2,0,0,0,[],{}
2,1132,984,Z2xZ2,Z2xZ2,54,54,0,[982],{982: 54}
2,1132,986,Z2xZ2,Z2,0,0,0,[],{}
2,1132,995,Z2xZ2,Z2,0,0,0,[],{}
2,1132,1010,Z2xZ2,Z2,0,0,0,[],{}
2,1132,1025,Z2xZ2,Z2,0,0,0,[],{}
2,1132,1031,Z2xZ2,Trivial,0,0,0,[],{}
2,1132,1040,Z2xZ2,Z2,0,0,0,[],{}
2,1132,1055,Z2xZ2,Z2xZ2,0,0,0,[],{}
2,1132,1057,Z2xZ2,Z2xZ2,0,0,0,[],{}
2,1132,1059,Z2xZ2,Z2xZ2,54,54,0,[1132],{1132: 54}
2,1132,1100,Z2xZ2,Z2,0,0,0,[],{}
2,1132,1130,Z2xZ2,Z2xZ2,0,0,0,[],{}
2,1132,1132,Z2xZ2,Z2xZ2,0,0,0,[],{}
2,1132,1134,Z2xZ2,Z2xZ2,54,54,0,[1057],{1057: 54}
2,1132,1175,Z2xZ2,Z2,0,0,0,[],{}
2,1134,0,Z2xZ2,(Z2)^3,0,0,0,[],{}
2,1134,1,Z2xZ2,Z2xZ2,0,0,0,[],{}
2,1134,2,Z2xZ2,Z2xZ2,0,0,0,[],{}
2,1134,4,Z2xZ2,Z2xZ2,0,0,0,[],{}
2,1134,5,Z2xZ2,Z2xZ2,0,0,0,[],{}
2,1134,6,Z2xZ2,Z2xZ2,0,0,0,[],{}
2,1134,10,Z2xZ2,Z2xZ2,0,0,0,[],{}
2,1134,20,Z2xZ2,Z2xZ2,0,0,0,[],{}
2,1134,30,Z2xZ2,Z2xZ2,0,0,0,[],{}
2,1134,34,Z2xZ2,Z2,0,0,0,[],{}
2,1134,40,Z2xZ2,Z2xZ2,0,0,0,[],{}
2,1134,50,Z2xZ2,Z2xZ2,0,0,0,[],{}
2,1134,52,Z2xZ2,Z2xZ2,0,0,0,[],{}
2,1134,54,Z2xZ2,Z2xZ2,0,0,0,[],{}
2,1134,95,Z2xZ2,Z2,0,0,0,[],{}
2,1134,125,Z2xZ2,Z2xZ2,0,0,0,[],{}
2,1134,126,Z2xZ2,Z2xZ2,0,0,0,[],{}
2,1134,127,Z2xZ2,Z2xZ2,0,0,0,[],{}
2,1134,131,Z2xZ2,Z2xZ2,0,0,0,[],{}
2,1134,132,Z2xZ2,Z2xZ2,0,0,0,[],{}
2,1134,133,Z2xZ2,Z2xZ2,0,0,0,[],{}
2,1134,137,Z2xZ2,Z2xZ2,0,0,0,[],{}
2,1134,138,Z2xZ2,Z2xZ2,0,0,0,[],{}
2,1134,139,Z2xZ2,Z2xZ2,0,0,0,[],{}
2,1134,143,Z2xZ2,Z2,0,0,0,[],{}
2,1134,161,Z2xZ2,Z2,0,0,0,[],{}
2,1134,179,Z2xZ2,Z2,0,0,0,[],{}
2,1134,185,Z2xZ2,Z2,0,0,0,[],{}
2,1134,191,Z2xZ2,Z2,0,0,0,[],{}
2,1134,197,Z2xZ2,Z2,0,0,0,[],{}
2,1134,215,Z2xZ2,Z2,0,0,0,[],{}
2,1134,296,Z2xZ2,Trivial,0,0,0,[],{}
2,1134,350,Z2xZ2,Z2xZ2,0,0,0,[],{}
2,1134,354,Z2xZ2,Z2,0,0,0,[],{}
2,1134,360,Z2xZ2,Z2xZ2,0,0,0,[],{}
2,1134,370,Z2xZ2,Z2xZ2,0,0,0,[],{}
2,1134,380,Z2xZ2,Z2xZ2,0,0,0,[],{}
2,1134,390,Z2xZ2,Z2xZ2,0,0,0,[],{}
2,1134,394,Z2xZ2,Z2,0,0,0,[],{}
2,1134,400,Z2xZ2,Z2xZ2,0,0,0,[],{}
2,1134,410,Z2xZ2,Z2xZ2,0,0,0,[],{}
2,1134,420,Z2xZ2,Z2xZ2,0,0,0,[],{}
2,1134,430,Z2xZ2,Z2xZ2,0,0,0,[],{}
2,1134,434,Z2xZ2,Z2,0,0,0,[],{}
2,1134,440,Z2xZ2,Z2,0,0,0,[],{}
2,1134,500,Z2xZ2,Z2,0,0,0,[],{}
2,1134,560,Z2xZ2,Z2,0,0,0,[],{}
2,1134,980,Z2xZ2,Z2xZ2,0,0,0,[],{}
2,1134,982,Z2xZ2,Z2xZ2,54,54,0,[984],{984: 54}
2,1134,984,Z2xZ2,Z2xZ2,0,0,0,[],{}
2,1134,986,Z2xZ2,Z2,0,0,0,[],{}
2,1134,995,Z2xZ2,Z2,0,0,0,[],{}
2,1134,1010,Z2xZ2,Z2,0,0,0,[],{}
2,1134,1025,Z2xZ2,Z2,0,0,0,[],{}
2,1134,1031,Z2xZ2,Trivial,0,0,0,[],{}
2,1134,1040,Z2xZ2,Z2,0,0,0,[],{}
2,1134,1055,Z2xZ2,Z2xZ2,0,0,0,[],{}
2,1134,1057,Z2xZ2,Z2xZ2,54,54,0,[1134],{1134: 54}
2,1134,1059,Z2xZ2,Z2xZ2,0,0,0,[],{}
2,1134,1100,Z2xZ2,Z2,0,0,0,[],{}
2,1134,1130,Z2xZ2,Z2xZ2,0,0,0,[],{}
2,1134,1132,Z2xZ2,Z2xZ2,54,54,0,[1059],{1059: 54}
2,1134,1134,Z2xZ2,Z2xZ2,0,0,0,[],{}
2,1134,1175,Z2xZ2,Z2,0,0,0,[],{}
2,1175,0,Z2,(Z2)^3,0,0,0,[],{}
2,1175,1,Z2,Z2xZ2,0,0,0,[],{}
2,1175,2,Z2,Z2xZ2,0,0,0,[],{}
2,1175,4,Z2,Z2xZ2,0,0,0,[],{}
2,1175,5,Z2,Z2xZ2,0,0,0,[],{}
2,1175,6,Z2,Z2xZ2,0,0,0,[],{}
2,1175,10,Z2,Z2xZ2,0,0,0,[],{}
2,1175,20,Z2,Z2xZ2,0,0,0,[],{}
2,1175,30,Z2,Z2xZ2,0,0,0,[],{}
2,1175,34,Z2,Z2,0,0,0,[],{}
2,1175,40,Z2,Z2xZ2,0,0,0,[],{}
2,1175,50,Z2,Z2xZ2,0,0,0,[],{}
2,1175,52,Z2,Z2xZ2,0,0,0,[],{}
2,1175,54,Z2,Z2xZ2,0,0,0,[],{}
2,1175,95,Z2,Z2,0,0,0,[],{}
2,1175,125,Z2,Z2xZ2,0,0,0,[],{}
2,1175,126,Z2,Z2xZ2,0,0,0,[],{}
2,1175,127,Z2,Z2xZ2,0,0,0,[],{}
2,1175,131,Z2,Z2xZ2,0,0,0,[],{}
2,1175,132,Z2,Z2xZ2,0,0,0,[],{}
2,1175,133,Z2,Z2xZ2,0,0,0,[],{}
2,1175,137,Z2,Z2xZ2,0,0,0,[],{}
2,1175,138,Z2,Z2xZ2,0,0,0,[],{}
2,1175,139,Z2,Z2xZ2,0,0,0,[],{}
2,1175,143,Z2,Z2,0,0,0,[],{}
2,1175,161,Z2,Z2,0,0,0,[],{}
2,1175,179,Z2,Z2,0,0,0,[],{}
2,1175,185,Z2,Z2,0,0,0,[],{}
2,1175,191,Z2,Z2,0,0,0,[],{}
2,1175,197,Z2,Z2,0,0,0,[],{}
2,1175,215,Z2,Z2,0,0,0,[],{}
2,1175,296,Z2,Trivial,0,0,0,[],{}
2,1175,350,Z2,Z2xZ2,0,0,0,[],{}
2,1175,354,Z2,Z2,0,0,0,[],{}
2,1175,360,Z2,Z2xZ2,0,0,0,[],{}
2,1175,370,Z2,Z2xZ2,0,0,0,[],{}
2,1175,380,Z2,Z2xZ2,0,0,0,[],{}
2,1175,390,Z2,Z2xZ2,0,0,0,[],{}
2,1175,394,Z2,Z2,0,0,0,[],{}
2,1175,400,Z2,Z2xZ2,0,0,0,[],{}
2,1175,410,Z2,Z2xZ2,0,0,0,[],{}
2,1175,420,Z2,Z2xZ2,0,0,0,[],{}
2,1175,430,Z2,Z2xZ2,0,0,0,[],{}
2,1175,434,Z2,Z2,0,0,0,[],{}
2,1175,440,Z2,Z2,0,0,0,[],{}
2,1175,500,Z2,Z2,0,0,0,[],{}
2,1175,560,Z2,Z2,0,0,0,[],{}
2,1175,980,Z2,Z2xZ2,108,108,0,[1025],{1025: 108}
2,1175,982,Z2,Z2xZ2,0,0,0,[],{}
2,1175,984,Z2,Z2xZ2,0,0,0,[],{}
2,1175,986,Z2,Z2,216,216,0,[1031],{1031: 216}
2,1175,995,Z2,Z2,216,216,0,"[1010, 1040]","{1010: 108, 1040: 108}"
2,1175,1010,Z2,Z2,216,216,0,"[995, 1040]","{995: 108, 1040: 108}"
2,1175,1025,Z2,Z2,216,216,0,"[980, 1025]","{980: 108, 1025: 108}"
2,1175,1031,Z2,Trivial,432,432,0,"[986, 1031]","{986: 216, 1031: 216}"
2,1175,1040,Z2,Z2,216,216,0,"[995, 1010]","{995: 108, 1010: 108}"
2,1175,1055,Z2,Z2xZ2,108,108,0,[1175],{1175: 108}
2,1175,1057,Z2,Z2xZ2,0,0,0,[],{}
2,1175,1059,Z2,Z2xZ2,0,0,0,[],{}
2,1175,1100,Z2,Z2,216,216,0,"[1130, 1175]","{1130: 108, 1175: 108}"
2,1175,1130,Z2,Z2xZ2,108,108,0,[1100],{1100: 108}
2,1175,1132,Z2,Z2xZ2,0,0,0,[],{}
2,1175,1134,Z2,Z2xZ2,0,0,0,[],{}
2,1175,1175,Z2,Z2,216,216,0,"[1055, 1100]","{1055: 108, 1100: 108}"
