case_id,track,seed,support_signature,nnz_alpha,nnz_beta,nnz_gamma,status,viable,initial_variable_count,reduced_variable_count,selected_equation_count,square_jacobian_condition_number,start_full_tensor_max_abs_residual,start_full_tensor_fro_residual,independent_variable_rank,dropped_variable_count,fixed_gauge_count,gamma_union_size,alpha_union_size,beta_union_size,full_gamma_coverage,unique_gamma_support_count,error
step83b_track2_screen_0001,track2_screen,8302001,"(3,3,3)",3,3,3,screened_ok,True,133,133,133,52.89723773526376,11.666125116847494,54.313062196092915,133,0,38,9,9,9,True,18,
step83b_track2_screen_0002,track2_screen,8302002,"(4,4,3)",4,4,3,screened_ok,True,171,171,171,70.62172710913737,9.311559588698438,62.07971155234791,171,0,38,9,9,9,True,16,
step83b_track2_screen_0003,track2_screen,8302003,"(4,3,3)",4,3,3,screened_ok,True,152,152,152,42.34445002036153,8.155910259979892,57.10430170014419,152,0,38,9,9,9,True,16,
step83b_track2_screen_0004,track2_screen,8302004,"(3,4,3)",3,4,3,screened_ok,True,152,152,152,95.56735269990487,11.07933858139816,56.9288344073524,152,0,38,9,9,9,True,18,
step83b_track2_screen_0005,track2_screen,8302005,"(4,4,4)",4,4,4,screened_ok,True,190,190,190,154.66812760081973,9.730656746399632,79.63494309515245,190,0,38,9,9,9,True,18,
step83b_track2_screen_0006,track2_screen,8302006,"(4,4,2)",4,4,2,screened_ok,True,152,152,152,116.17477353038693,9.562676383144451,63.3729007859042,152,0,38,9,9,9,True,15,
step83b_track2_screen_0007,track2_screen,8302007,"(3,3,3)",3,3,3,screened_ok,True,133,133,133,132.20221757601945,10.553631253150503,59.02032703854004,133,0,38,9,9,9,True,17,
step83b_track2_screen_0008,track2_screen,8302008,"(4,4,3)",4,4,3,screened_ok,True,171,171,171,131.6694877860137,14.26599344132217,72.47270454975622,171,0,38,9,9,9,True,17,
step83b_track2_screen_0009,track2_screen,8302009,"(4,3,3)",4,3,3,screened_ok,True,152,152,152,85.16902476648133,9.049463064106734,56.18294478045131,152,0,38,9,9,9,True,18,
step83b_track2_screen_0010,track2_screen,8302010,"(3,4,3)",3,4,3,screened_ok,True,152,152,152,94.54732967125759,9.290468371674143,60.35010882186734,152,0,38,9,9,9,True,17,
step83b_track2_screen_0011,track2_screen,8302011,"(4,4,4)",4,4,4,screened_ok,True,190,190,190,203.91236936386758,11.141725850373117,85.26126736125224,190,0,38,9,9,9,True,18,
step83b_track2_screen_0012,track2_screen,8302012,"(4,4,2)",4,4,2,screened_ok,True,152,152,152,96.50501617973532,10.271495321551022,48.17567792657538,152,0,38,8,9,9,False,18,
step83b_track2_screen_0013,track2_screen,8302013,"(3,3,3)",3,3,3,screened_ok,True,133,133,133,78.9749972049979,9.652369668007264,55.079970997570065,133,0,38,9,9,9,True,16,
step83b_track2_screen_0014,track2_screen,8302014,"(4,4,3)",4,4,3,screened_ok,True,171,171,171,106.63348894944879,10.547529974608484,66.85083763799453,171,0,38,9,9,9,True,16,
step83b_track2_screen_0015,track2_screen,8302015,"(4,3,3)",4,3,3,screened_ok,True,152,152,152,98.15797651045645,10.668683394487163,63.79762409705451,152,0,38,9,9,9,True,19,
step83b_track2_screen_0016,track2_screen,8302016,"(3,4,3)",3,4,3,screened_ok,True,152,152,152,97.76862163170907,9.407556574109455,59.39676593361723,152,0,38,9,9,9,True,17,
step83b_track2_screen_0017,track2_screen,8302017,"(4,4,4)",4,4,4,screened_ok,True,190,190,190,174.44873906573682,12.995464486162572,83.66849426525023,190,0,38,9,9,9,True,18,
step83b_track2_screen_0018,track2_screen,8302018,"(4,4,2)",4,4,2,screened_ok,True,152,152,152,124.7485386012325,8.660189110049924,52.26875785310896,152,0,38,9,9,9,True,14,
step83b_track2_screen_0019,track2_screen,8302019,"(3,3,3)",3,3,3,screened_ok,True,133,133,133,104.67871983727586,11.31265167190698,57.7478682461753,133,0,38,9,9,9,True,17,
step83b_track2_screen_0020,track2_screen,8302020,"(4,4,3)",4,4,3,screened_ok,True,171,171,171,137.41162792875883,13.238774375003679,64.9937294006672,171,0,38,9,9,9,True,17,
step83b_track2_screen_0021,track2_screen,8302021,"(4,3,3)",4,3,3,screened_ok,True,152,152,152,62.84329809017136,10.873093780062353,65.1827976970334,152,0,38,9,9,9,True,17,
step83b_track2_screen_0022,track2_screen,8302022,"(3,4,3)",3,4,3,screened_ok,True,152,152,152,194.14315797396702,9.607176883610176,57.88495189284275,152,0,38,9,9,9,True,18,
step83b_track2_screen_0023,track2_screen,8302023,"(4,4,4)",4,4,4,screened_ok,True,190,190,190,167.19832822500103,12.541237401839483,85.66094859625905,190,0,38,9,9,9,True,17,
step83b_track2_screen_0024,track2_screen,8302024,"(4,4,2)",4,4,2,screened_ok,True,152,152,152,94.0540842031357,9.46627415816393,51.49018790630397,152,0,38,9,9,9,True,17,
step83b_track2_screen_0025,track2_screen,8302025,"(3,3,3)",3,3,3,screened_ok,True,133,133,133,78.9354625355399,11.038368758953403,55.347836538272034,133,0,38,9,9,9,True,17,
step83b_track2_screen_0026,track2_screen,8302026,"(4,4,3)",4,4,3,screened_ok,True,171,171,171,92.49988502174483,12.016313691133867,65.93781987945952,171,0,38,9,9,9,True,15,
step83b_track2_screen_0027,track2_screen,8302027,"(4,3,3)",4,3,3,screened_ok,True,152,152,152,109.0431072047774,9.10768872613941,59.44238250843897,152,0,38,9,9,9,True,17,
step83b_track2_screen_0028,track2_screen,8302028,"(3,4,3)",3,4,3,screened_ok,True,152,152,152,143.2723015050163,10.872265811301903,57.883478677471984,152,0,38,9,9,9,True,19,
step83b_track2_screen_0029,track2_screen,8302029,"(4,4,4)",4,4,4,screened_ok,True,190,190,190,119.4081300440903,17.137095221711405,84.71880913418863,190,0,38,9,9,9,True,19,
step83b_track2_screen_0030,track2_screen,8302030,"(4,4,2)",4,4,2,screened_ok,True,152,152,152,52.37285780828317,8.590627366672875,50.273220549424636,152,0,38,9,9,9,True,17,
step83b_track2_screen_0031,track2_screen,8302031,"(3,3,3)",3,3,3,screened_ok,True,133,133,133,54.644024976278196,7.397930410583237,46.740379681349566,133,0,38,9,9,9,True,17,
step83b_track2_screen_0032,track2_screen,8302032,"(4,4,3)",4,4,3,screened_ok,True,171,171,171,158.5170346949583,12.875080504379211,84.17727149301314,171,0,38,9,9,9,True,18,
step83b_track2_screen_0033,track2_screen,8302033,"(4,3,3)",4,3,3,screened_ok,True,152,152,152,78.83769861304698,12.27891474018566,62.65155242020928,152,0,38,9,9,9,True,16,
step83b_track2_screen_0034,track2_screen,8302034,"(3,4,3)",3,4,3,screened_ok,True,152,152,152,81.84685191343179,10.301462259877589,57.31904012157933,152,0,38,9,9,9,True,17,
step83b_track2_screen_0035,track2_screen,8302035,"(4,4,4)",4,4,4,screened_ok,True,190,190,190,145.68680530810286,15.188659541588716,83.24723491312024,190,0,38,9,9,9,True,19,
step83b_track2_screen_0036,track2_screen,8302036,"(4,4,2)",4,4,2,screened_ok,True,152,152,152,112.7222596816939,8.967946051585367,53.82163105662478,152,0,38,8,9,9,False,16,
step83b_track2_screen_0037,track2_screen,8302037,"(3,3,3)",3,3,3,screened_ok,True,133,133,133,128.35124187705415,10.360250268975506,47.21615823332874,133,0,38,9,9,9,True,15,
step83b_track2_screen_0038,track2_screen,8302038,"(4,4,3)",4,4,3,screened_ok,True,171,171,171,107.62289441892818,13.288707050028094,72.94680315218751,171,0,38,9,9,9,True,17,
step83b_track2_screen_0039,track2_screen,8302039,"(4,3,3)",4,3,3,screened_ok,True,152,152,152,77.77970916625146,11.239837977075304,63.19347157539227,152,0,38,9,9,9,True,16,
step83b_track2_screen_0040,track2_screen,8302040,"(3,4,3)",3,4,3,screened_ok,True,152,152,152,112.8709283364128,7.905527551245966,56.13363580599358,152,0,38,9,9,9,True,16,
step83b_track2_screen_0041,track2_screen,8302041,"(4,4,4)",4,4,4,screened_ok,True,190,190,190,107.03834322142025,12.243021120499751,88.47998945470754,190,0,38,9,9,9,True,18,
step83b_track2_screen_0042,track2_screen,8302042,"(4,4,2)",4,4,2,screened_ok,True,152,152,152,150.48971497155526,12.361367472198634,61.16978611411767,152,0,38,9,9,9,True,15,
step83b_track2_screen_0043,track2_screen,8302043,"(3,3,3)",3,3,3,screened_ok,True,133,133,133,64.51676379180698,10.601805472228152,53.68511113607152,133,0,38,9,9,9,True,17,
step83b_track2_screen_0044,track2_screen,8302044,"(4,4,3)",4,4,3,screened_ok,True,171,171,171,200.1753901662761,10.193426307361436,57.54692920989,171,0,38,9,9,9,True,18,
step83b_track2_screen_0045,track2_screen,8302045,"(4,3,3)",4,3,3,screened_ok,True,152,152,152,65.84015162455128,8.671675180185826,52.89722090330121,152,0,38,9,9,9,True,19,
step83b_track2_screen_0046,track2_screen,8302046,"(3,4,3)",3,4,3,screened_ok,True,152,152,152,90.25537326940227,10.579489580741669,62.94460652240073,152,0,38,9,9,9,True,18,
step83b_track2_screen_0047,track2_screen,8302047,"(4,4,4)",4,4,4,screened_ok,True,190,190,190,96.1162426242681,11.91945871946604,78.7080623674248,190,0,38,9,9,9,True,19,
step83b_track2_screen_0048,track2_screen,8302048,"(4,4,2)",4,4,2,screened_ok,True,152,152,152,71.25345909593659,9.37144606399116,54.34732227189433,152,0,38,9,9,9,True,17,
step83b_track2_screen_0049,track2_screen,8302049,"(3,3,3)",3,3,3,screened_ok,True,133,133,133,60.64043265353923,10.301326630020444,57.03812125502061,133,0,38,9,9,9,True,17,
step83b_track2_screen_0050,track2_screen,8302050,"(4,4,3)",4,4,3,screened_ok,True,171,171,171,120.2351589309454,12.792533400120636,69.59140301447069,171,0,38,9,9,9,True,17,
step83b_track2_screen_0051,track2_screen,8302051,"(4,3,3)",4,3,3,screened_ok,True,152,152,152,130.4301714149135,11.93095114125795,70.55668198466026,152,0,38,9,9,9,True,16,
step83b_track2_screen_0052,track2_screen,8302052,"(3,4,3)",3,4,3,screened_ok,True,152,152,152,107.22566742001935,9.671571434007873,57.168513473266756,152,0,38,9,9,9,True,17,
step83b_track2_screen_0053,track2_screen,8302053,"(4,4,4)",4,4,4,screened_ok,True,190,190,190,164.31880263929804,10.625525387928876,82.67034971154352,190,0,38,9,9,9,True,16,
step83b_track2_screen_0054,track2_screen,8302054,"(4,4,2)",4,4,2,screened_ok,True,152,152,152,98.23308566294695,8.314546336990263,44.45757833804515,152,0,38,9,9,9,True,15,
step83b_track2_screen_0055,track2_screen,8302055,"(3,3,3)",3,3,3,screened_ok,True,133,133,133,50.249846490146346,9.751559001601805,53.00518708152532,133,0,38,9,9,9,True,16,
step83b_track2_screen_0056,track2_screen,8302056,"(4,4,3)",4,4,3,screened_ok,True,171,171,171,231.83775072383335,12.607198059335186,69.9268439957517,171,0,38,9,9,9,True,15,
step83b_track2_screen_0057,track2_screen,8302057,"(4,3,3)",4,3,3,screened_ok,True,152,152,152,161.7870684777233,8.798002340204702,62.692798241610056,152,0,38,9,9,9,True,19,
step83b_track2_screen_0058,track2_screen,8302058,"(3,4,3)",3,4,3,screened_ok,True,152,152,152,203.00645775797827,11.254465941637449,59.709025488107464,152,0,38,9,9,9,True,16,
step83b_track2_screen_0059,track2_screen,8302059,"(4,4,4)",4,4,4,screened_ok,True,190,190,190,175.60378171220472,11.958613572311524,92.04928778924214,190,0,38,9,9,9,True,19,
step83b_track2_screen_0060,track2_screen,8302060,"(4,4,2)",4,4,2,screened_ok,True,152,152,152,103.821473800302,7.2550801109697804,51.11823998704668,152,0,38,9,9,9,True,16,
step83b_track2_screen_0061,track2_screen,8302061,"(3,3,3)",3,3,3,screened_ok,True,133,133,133,88.55220915865962,9.184593417406386,53.70792801850664,133,0,38,9,9,9,True,17,
step83b_track2_screen_0062,track2_screen,8302062,"(4,4,3)",4,4,3,screened_ok,True,171,171,171,128.06874225025032,13.123877262936267,66.37947584524471,171,0,38,9,9,9,True,16,
step83b_track2_screen_0063,track2_screen,8302063,"(4,3,3)",4,3,3,screened_ok,True,152,152,152,118.92053346651686,10.186105280001309,62.24594921047225,152,0,38,9,9,8,True,16,
step83b_track2_screen_0064,track2_screen,8302064,"(3,4,3)",3,4,3,screened_ok,True,152,152,152,90.12153542998578,12.10730686317865,63.66022689875932,152,0,38,9,9,9,True,17,
step83b_track2_screen_0065,track2_screen,8302065,"(4,4,4)",4,4,4,screened_ok,True,190,190,190,152.1580694697263,14.139685191262101,88.14479876747009,190,0,38,9,9,9,True,18,
step83b_track2_screen_0066,track2_screen,8302066,"(4,4,2)",4,4,2,screened_ok,True,152,152,152,126.13893690901398,12.655377301589276,50.362370091794205,152,0,38,9,9,9,True,14,
step83b_track2_screen_0067,track2_screen,8302067,"(3,3,3)",3,3,3,screened_ok,True,133,133,133,79.52842143286287,7.510888999683931,49.76283580206137,133,0,38,9,9,9,True,18,
step83b_track2_screen_0068,track2_screen,8302068,"(4,4,3)",4,4,3,screened_ok,True,171,171,171,114.69269541686766,10.78140607138927,64.31380929269147,171,0,38,9,9,9,True,18,
step83b_track2_screen_0069,track2_screen,8302069,"(4,3,3)",4,3,3,screened_ok,True,152,152,152,140.18249940752372,11.299177046118908,59.90922792975559,152,0,38,9,9,9,True,19,
step83b_track2_screen_0070,track2_screen,8302070,"(3,4,3)",3,4,3,screened_ok,True,152,152,152,109.65946121183197,8.43637932446218,54.37156680979454,152,0,38,9,9,9,True,18,
step83b_track2_screen_0071,track2_screen,8302071,"(4,4,4)",4,4,4,screened_ok,True,190,190,190,135.69654252119565,14.130733935043516,82.81697079281543,190,0,38,9,9,9,True,18,
step83b_track2_screen_0072,track2_screen,8302072,"(4,4,2)",4,4,2,screened_ok,True,152,152,152,107.77702270198665,11.765703556656648,64.58102301710787,152,0,38,9,9,9,True,13,
step83b_track2_screen_0073,track2_screen,8302073,"(3,3,3)",3,3,3,screened_ok,True,133,133,133,94.26486487994431,7.840012533248644,54.194235368188004,133,0,38,9,9,9,True,17,
step83b_track2_screen_0074,track2_screen,8302074,"(4,4,3)",4,4,3,screened_ok,True,171,171,171,122.30175503599166,10.375585963913954,60.746580514593795,171,0,38,9,9,9,True,19,
step83b_track2_screen_0075,track2_screen,8302075,"(4,3,3)",4,3,3,screened_ok,True,152,152,152,117.64199184082962,14.843996795830725,70.60567367764314,152,0,38,9,9,9,True,16,
step83b_track2_screen_0076,track2_screen,8302076,"(3,4,3)",3,4,3,screened_ok,True,152,152,152,156.97157555730004,10.949146930075004,61.36895208568282,152,0,38,9,9,9,True,17,
step83b_track2_screen_0077,track2_screen,8302077,"(4,4,4)",4,4,4,screened_ok,True,190,190,190,143.0882860000465,14.238728024233854,74.36242965413922,190,0,38,9,9,9,True,19,
step83b_track2_screen_0078,track2_screen,8302078,"(4,4,2)",4,4,2,screened_ok,True,152,152,152,102.70734000207075,11.352988875396653,52.83246464255001,152,0,38,9,9,9,True,15,
step83b_track2_screen_0079,track2_screen,8302079,"(3,3,3)",3,3,3,screened_ok,True,133,133,133,71.69281658885461,11.683727305200701,49.743055606632986,133,0,38,9,9,9,True,18,
step83b_track2_screen_0080,track2_screen,8302080,"(4,4,3)",4,4,3,screened_ok,True,171,171,171,139.5229544047687,10.090219423516894,72.26664380917893,171,0,38,9,9,9,True,17,
step83b_track2_screen_0081,track2_screen,8302081,"(4,3,3)",4,3,3,screened_ok,True,152,152,152,80.9388867074897,9.988254370371536,58.406767608581276,152,0,38,9,9,9,True,18,
step83b_track2_screen_0082,track2_screen,8302082,"(3,4,3)",3,4,3,screened_ok,True,152,152,152,72.76678044814972,10.867471621613824,65.4394414316022,152,0,38,9,9,9,True,19,
step83b_track2_screen_0083,track2_screen,8302083,"(4,4,4)",4,4,4,screened_ok,True,190,190,190,134.277818147286,14.146637299811124,75.93504851093384,190,0,38,9,9,9,True,15,
step83b_track2_screen_0084,track2_screen,8302084,"(4,4,2)",4,4,2,screened_ok,True,152,152,152,51.65310873401976,9.5572277003574,64.83877901332248,152,0,38,9,9,9,True,12,
step83b_track2_screen_0085,track2_screen,8302085,"(3,3,3)",3,3,3,screened_ok,True,133,133,133,214.46410554407947,9.722639094694259,55.70049893202864,133,0,38,9,9,9,True,17,
step83b_track2_screen_0086,track2_screen,8302086,"(4,4,3)",4,4,3,screened_ok,True,171,171,171,123.39285350162689,14.544908440549928,67.10127998455086,171,0,38,9,9,9,True,16,
step83b_track2_screen_0087,track2_screen,8302087,"(4,3,3)",4,3,3,screened_ok,True,152,152,152,79.78408130374034,11.045881044802485,59.58369505434235,152,0,38,9,9,9,True,18,
step83b_track2_screen_0088,track2_screen,8302088,"(3,4,3)",3,4,3,screened_ok,True,152,152,152,187.1466510211318,13.890139945357607,70.5211881824603,152,0,38,9,9,9,True,17,
step83b_track2_screen_0089,track2_screen,8302089,"(4,4,4)",4,4,4,screened_ok,True,190,190,190,121.38097127841765,13.4271574546216,84.33221056149719,190,0,38,9,9,9,True,17,
step83b_track2_screen_0090,track2_screen,8302090,"(4,4,2)",4,4,2,screened_ok,True,152,152,152,96.71301661588483,8.175012545551676,56.058901026438775,152,0,38,9,9,9,True,14,
step83b_track2_screen_0091,track2_screen,8302091,"(3,3,3)",3,3,3,screened_ok,True,133,133,133,96.26683544333729,7.329785005063515,44.49178865284454,133,0,38,9,9,9,True,18,
step83b_track2_screen_0092,track2_screen,8302092,"(4,4,3)",4,4,3,screened_ok,True,171,171,171,105.92449589259562,13.241228496420888,82.04209345206934,171,0,38,9,9,9,True,18,
step83b_track2_screen_0093,track2_screen,8302093,"(4,3,3)",4,3,3,screened_ok,True,152,152,152,71.23036932137687,7.309779219419136,58.10512225420717,152,0,38,9,9,9,True,18,
step83b_track2_screen_0094,track2_screen,8302094,"(3,4,3)",3,4,3,screened_ok,True,152,152,152,137.33554677199015,9.786706244777973,56.70019011005927,152,0,38,9,9,9,True,18,
step83b_track2_screen_0095,track2_screen,8302095,"(4,4,4)",4,4,4,screened_ok,True,190,190,190,270.71122190091603,14.33514673886538,84.73229620159286,190,0,38,9,9,9,True,18,
step83b_track2_screen_0096,track2_screen,8302096,"(4,4,2)",4,4,2,screened_ok,True,152,152,152,195.20005087437545,11.878992254951465,64.52475675380816,152,0,38,9,9,9,True,14,
step83b_track2_screen_0097,track2_screen,8302097,"(3,3,3)",3,3,3,screened_ok,True,133,133,133,122.14621540725582,11.049037989770444,56.586122827105555,133,0,38,9,9,9,True,19,
step83b_track2_screen_0098,track2_screen,8302098,"(4,4,3)",4,4,3,screened_ok,True,171,171,171,88.71814213766669,13.475174710728849,76.82331857557745,171,0,38,9,9,9,True,17,
step83b_track2_screen_0099,track2_screen,8302099,"(4,3,3)",4,3,3,screened_ok,True,152,152,152,169.8701460756061,8.943371603709965,47.91674897743112,152,0,38,9,9,9,True,17,
step83b_track2_screen_0100,track2_screen,8302100,"(3,4,3)",3,4,3,screened_ok,True,152,152,152,83.56966483506315,12.606313894084677,57.99930881452674,152,0,38,9,9,9,True,19,
step83b_track2_screen_0101,track2_screen,8302101,"(4,4,4)",4,4,4,screened_ok,True,190,190,190,130.0159295887352,11.449439754532042,85.125228772367,190,0,38,9,9,9,True,19,
step83b_track2_screen_0102,track2_screen,8302102,"(4,4,2)",4,4,2,screened_ok,True,152,152,152,143.492055227951,11.940731329192353,55.789557473661965,152,0,38,9,9,9,True,16,
step83b_track2_screen_0103,track2_screen,8302103,"(3,3,3)",3,3,3,screened_ok,True,133,133,133,88.93054120390109,8.062170309456894,50.66431224815926,133,0,38,9,9,9,True,17,
step83b_track2_screen_0104,track2_screen,8302104,"(4,4,3)",4,4,3,screened_ok,True,171,171,171,114.86359696839614,12.000231414128768,64.5007685444075,171,0,38,9,9,9,True,18,
step83b_track2_screen_0105,track2_screen,8302105,"(4,3,3)",4,3,3,screened_ok,True,152,152,152,122.5035691229701,12.481110412387395,69.95866314757703,152,0,38,9,9,9,True,17,
step83b_track2_screen_0106,track2_screen,8302106,"(3,4,3)",3,4,3,screened_ok,True,152,152,152,126.88859551717063,9.981088482089389,58.63433169120174,152,0,38,9,9,9,True,16,
step83b_track2_screen_0107,track2_screen,8302107,"(4,4,4)",4,4,4,screened_ok,True,190,190,190,213.43282728007128,10.604024121250696,82.4508193838771,190,0,38,9,9,9,True,19,
step83b_track2_screen_0108,track2_screen,8302108,"(4,4,2)",4,4,2,screened_ok,True,152,152,152,98.53078953518771,14.01168307648,64.39347490542987,152,0,38,9,9,9,True,17,
step83b_track2_screen_0109,track2_screen,8302109,"(3,3,3)",3,3,3,screened_ok,True,133,133,133,73.93374008186679,13.084550456111412,63.65646391202322,133,0,38,9,9,9,True,16,
step83b_track2_screen_0110,track2_screen,8302110,"(4,4,3)",4,4,3,screened_ok,True,171,171,171,105.95116807829206,10.429326369391799,58.85267552082098,171,0,38,9,9,9,True,17,
step83b_track2_screen_0111,track2_screen,8302111,"(4,3,3)",4,3,3,screened_ok,True,152,152,152,86.37257245568749,13.28216150727624,67.09471664980433,152,0,38,9,9,9,True,16,
step83b_track2_screen_0112,track2_screen,8302112,"(3,4,3)",3,4,3,screened_ok,True,152,152,152,56.42814781031543,8.99915152521743,61.25272095278718,152,0,38,9,9,9,True,17,
step83b_track2_screen_0113,track2_screen,8302113,"(4,4,4)",4,4,4,screened_ok,True,190,190,190,238.4989008295825,13.827655983118348,84.74898964428226,190,0,38,9,9,9,True,17,
step83b_track2_screen_0114,track2_screen,8302114,"(4,4,2)",4,4,2,screened_ok,True,152,152,152,151.25435866024085,10.210495480639981,56.450919284215516,152,0,38,9,9,9,True,12,
step83b_track2_screen_0115,track2_screen,8302115,"(3,3,3)",3,3,3,screened_ok,True,133,133,133,70.61967120605428,9.72993562595926,55.94345782902424,133,0,38,9,9,9,True,18,
step83b_track2_screen_0116,track2_screen,8302116,"(4,4,3)",4,4,3,screened_ok,True,171,171,171,125.08550486105749,10.76063775001564,66.8535620960886,171,0,38,9,9,9,True,14,
step83b_track2_screen_0117,track2_screen,8302117,"(4,3,3)",4,3,3,screened_ok,True,152,152,152,96.72887283542028,13.182640834510455,61.632227748881895,152,0,38,9,9,9,True,17,
step83b_track2_screen_0118,track2_screen,8302118,"(3,4,3)",3,4,3,screened_ok,True,152,152,152,140.38125906090966,9.244937338560641,59.69101369435831,152,0,38,8,9,9,False,17,
step83b_track2_screen_0119,track2_screen,8302119,"(4,4,4)",4,4,4,screened_ok,True,190,190,190,123.89851925079611,11.353634184531629,73.7712330634407,190,0,38,9,9,9,True,17,
step83b_track2_screen_0120,track2_screen,8302120,"(4,4,2)",4,4,2,screened_ok,True,152,152,152,81.53592051272186,10.19900583625328,63.113703041088996,152,0,38,9,9,9,True,15,
step83b_track2_screen_0121,track2_screen,8302121,"(3,3,3)",3,3,3,screened_ok,True,133,133,133,59.4719205596859,11.804850448227436,51.135160737850015,133,0,38,9,9,9,True,18,
step83b_track2_screen_0122,track2_screen,8302122,"(4,4,3)",4,4,3,screened_ok,True,171,171,171,114.43049898284401,15.187458328700469,72.67137571735483,171,0,38,9,9,9,True,16,
step83b_track2_screen_0123,track2_screen,8302123,"(4,3,3)",4,3,3,screened_ok,True,152,152,152,104.9052074141069,9.497333009338401,61.49274064397816,152,0,38,9,9,9,True,18,
step83b_track2_screen_0124,track2_screen,8302124,"(3,4,3)",3,4,3,screened_ok,True,152,152,152,87.74910900318453,7.835267395340111,61.1745150697057,152,0,38,9,9,9,True,16,
step83b_track2_screen_0125,track2_screen,8302125,"(4,4,4)",4,4,4,screened_ok,True,190,190,190,178.62136667308073,11.643915107362263,77.44915106632969,190,0,38,9,9,9,True,16,
step83b_track2_screen_0126,track2_screen,8302126,"(4,4,2)",4,4,2,screened_ok,True,152,152,152,165.70503917656612,7.963833645235882,54.07716914696574,152,0,38,9,9,9,True,15,
step83b_track2_screen_0127,track2_screen,8302127,"(3,3,3)",3,3,3,screened_ok,True,133,133,133,78.17799562913824,10.13014409010701,57.17798461466808,133,0,38,9,9,9,True,18,
step83b_track2_screen_0128,track2_screen,8302128,"(4,4,3)",4,4,3,screened_ok,True,171,171,171,124.1039614582975,12.635409457042362,74.19988643227548,171,0,38,9,9,9,True,16,
step83b_track2_screen_0129,track2_screen,8302129,"(4,3,3)",4,3,3,screened_ok,True,152,152,152,135.2241453936614,9.0844396981721,53.7568236402329,152,0,38,9,9,9,True,19,
step83b_track2_screen_0130,track2_screen,8302130,"(3,4,3)",3,4,3,screened_ok,True,152,152,152,106.19704613547232,8.710197969571636,60.146130950659966,152,0,38,9,9,9,True,17,
step83b_track2_screen_0131,track2_screen,8302131,"(4,4,4)",4,4,4,screened_ok,True,190,190,190,131.91635414114,11.046980151828453,84.36137318203731,190,0,38,9,9,9,True,19,
step83b_track2_screen_0132,track2_screen,8302132,"(4,4,2)",4,4,2,screened_ok,True,152,152,152,87.28048975115,10.809656250833674,57.2578375202369,152,0,38,9,9,9,True,14,
step83b_track2_screen_0133,track2_screen,8302133,"(3,3,3)",3,3,3,screened_ok,True,133,133,133,67.10213366355954,8.49326986978799,47.74930468482928,133,0,38,9,9,9,True,17,
step83b_track2_screen_0134,track2_screen,8302134,"(4,4,3)",4,4,3,screened_ok,True,171,171,171,153.6016543280162,12.230255409655355,71.82884775740222,171,0,38,9,9,9,True,15,
step83b_track2_screen_0135,track2_screen,8302135,"(4,3,3)",4,3,3,screened_ok,True,152,152,152,91.2713073919998,9.86318718936779,61.415151261997885,152,0,38,9,9,9,True,18,
step83b_track2_screen_0136,track2_screen,8302136,"(3,4,3)",3,4,3,screened_ok,True,152,152,152,146.4752773324498,11.204641926041962,65.90016559198652,152,0,38,9,9,9,True,17,
step83b_track2_screen_0137,track2_screen,8302137,"(4,4,4)",4,4,4,screened_ok,True,190,190,190,127.9532316331267,16.08049198617079,85.22163939470684,190,0,38,9,9,9,True,18,
step83b_track2_screen_0138,track2_screen,8302138,"(4,4,2)",4,4,2,screened_ok,True,152,152,152,118.61827742035183,10.111167819154378,59.826849730923996,152,0,38,9,9,9,True,15,
step83b_track2_screen_0139,track2_screen,8302139,"(3,3,3)",3,3,3,screened_ok,True,133,133,133,76.64415178391673,7.234876814712216,46.1040313888227,133,0,38,9,9,9,True,18,
step83b_track2_screen_0140,track2_screen,8302140,"(4,4,3)",4,4,3,screened_ok,True,171,171,171,163.51970207598,9.522744497230935,62.25708855601062,171,0,38,9,9,9,True,17,
step83b_track2_screen_0141,track2_screen,8302141,"(4,3,3)",4,3,3,screened_ok,True,152,152,152,349.48337296693126,15.829767911809746,67.13069969865086,152,0,38,9,9,9,True,15,
step83b_track2_screen_0142,track2_screen,8302142,"(3,4,3)",3,4,3,screened_ok,True,152,152,152,83.28407744587267,11.479266832784745,57.686049414974995,152,0,38,9,9,9,True,19,
step83b_track2_screen_0143,track2_screen,8302143,"(4,4,4)",4,4,4,screened_ok,True,190,190,190,143.3196002963402,14.7370200733792,81.44288947470761,190,0,38,9,9,9,True,19,
step83b_track2_screen_0144,track2_screen,8302144,"(4,4,2)",4,4,2,screened_ok,True,152,152,152,211.4562642023329,9.1035228467041,55.016613646852214,152,0,38,9,9,9,True,13,
step83b_track2_screen_0145,track2_screen,8302145,"(3,3,3)",3,3,3,screened_ok,True,133,133,133,65.00891389434727,10.332700879435235,51.676463232399094,133,0,38,9,9,9,True,17,
step83b_track2_screen_0146,track2_screen,8302146,"(4,4,3)",4,4,3,screened_ok,True,171,171,171,108.69516918943744,8.420387850712144,58.237557523379365,171,0,38,9,9,9,True,17,
step83b_track2_screen_0147,track2_screen,8302147,"(4,3,3)",4,3,3,screened_ok,True,152,152,152,165.90099809314376,12.453982034981532,62.73015844109546,152,0,38,9,9,9,True,17,
step83b_track2_screen_0148,track2_screen,8302148,"(3,4,3)",3,4,3,screened_ok,True,152,152,152,166.01993553027896,9.69562962387374,62.940962280284616,152,0,38,9,9,9,True,18,
step83b_track2_screen_0149,track2_screen,8302149,"(4,4,4)",4,4,4,screened_ok,True,190,190,190,155.3867666989549,11.270182969336467,74.64452149097683,190,0,38,9,9,9,True,19,
step83b_track2_screen_0150,track2_screen,8302150,"(4,4,2)",4,4,2,screened_ok,True,152,152,152,94.94525513602116,11.905760458417285,55.59190848550161,152,0,38,9,9,9,True,15,
step83b_track2_screen_0151,track2_screen,8302151,"(3,3,3)",3,3,3,screened_ok,True,133,133,133,62.90630625530746,9.035327972904332,49.977909918722354,133,0,38,9,9,9,True,17,
step83b_track2_screen_0152,track2_screen,8302152,"(4,4,3)",4,4,3,screened_ok,True,171,171,171,123.35225204893327,9.749217563036886,58.42715258412208,171,0,38,9,9,9,True,18,
step83b_track2_screen_0153,track2_screen,8302153,"(4,3,3)",4,3,3,screened_ok,True,152,152,152,88.87508259480974,8.523658908595129,51.21711664233661,152,0,38,9,9,9,True,19,
step83b_track2_screen_0154,track2_screen,8302154,"(3,4,3)",3,4,3,screened_ok,True,152,152,152,83.25312283215345,10.968831429153681,69.65253918703428,152,0,38,9,9,9,True,18,
step83b_track2_screen_0155,track2_screen,8302155,"(4,4,4)",4,4,4,screened_ok,True,190,190,190,181.64860814510521,12.603758689291773,81.03235165842563,190,0,38,9,9,9,True,16,
step83b_track2_screen_0156,track2_screen,8302156,"(4,4,2)",4,4,2,screened_ok,True,152,152,152,103.15652385382224,7.793485730736878,48.37836737623194,152,0,38,9,9,9,True,13,
step83b_track2_screen_0157,track2_screen,8302157,"(3,3,3)",3,3,3,screened_ok,True,133,133,133,131.0438830541996,10.086077166097123,46.209987244610396,133,0,38,9,9,9,True,18,
step83b_track2_screen_0158,track2_screen,8302158,"(4,4,3)",4,4,3,screened_ok,True,171,171,171,227.36975809530458,10.047738031621472,69.8633930457542,171,0,38,9,9,9,True,19,
step83b_track2_screen_0159,track2_screen,8302159,"(4,3,3)",4,3,3,screened_ok,True,152,152,152,130.7300244361603,12.011496941918766,66.49013796947531,152,0,38,9,9,9,True,17,
step83b_track2_screen_0160,track2_screen,8302160,"(3,4,3)",3,4,3,screened_ok,True,152,152,152,90.6973456492778,7.737949438803755,51.97901888413578,152,0,38,9,9,9,True,16,
step83b_track2_screen_0161,track2_screen,8302161,"(4,4,4)",4,4,4,screened_ok,True,190,190,190,177.2915820053706,13.250573179913644,80.53576657401669,190,0,38,9,9,9,True,19,
step83b_track2_screen_0162,track2_screen,8302162,"(4,4,2)",4,4,2,screened_ok,True,152,152,152,114.3514704898406,11.370555435253667,57.88476353292005,152,0,38,9,9,9,True,15,
step83b_track2_screen_0163,track2_screen,8302163,"(3,3,3)",3,3,3,screened_ok,True,133,133,133,120.67983336042975,13.20331212815735,52.94490919118728,133,0,38,9,9,9,True,16,
step83b_track2_screen_0164,track2_screen,8302164,"(4,4,3)",4,4,3,screened_ok,True,171,171,171,131.29413314056785,11.789561480181241,68.94627814901826,171,0,38,9,9,9,True,16,
step83b_track2_screen_0165,track2_screen,8302165,"(4,3,3)",4,3,3,screened_ok,True,152,152,152,69.05731809090828,9.491044227016497,57.95693203812764,152,0,38,9,9,9,True,18,
step83b_track2_screen_0166,track2_screen,8302166,"(3,4,3)",3,4,3,screened_ok,True,152,152,152,76.54729917147415,13.87650972891002,61.65245015652389,152,0,38,9,9,9,True,18,
step83b_track2_screen_0167,track2_screen,8302167,"(4,4,4)",4,4,4,screened_ok,True,190,190,190,103.7417031352695,10.301441620545603,77.8237788172643,190,0,38,9,9,9,True,19,
step83b_track2_screen_0168,track2_screen,8302168,"(4,4,2)",4,4,2,screened_ok,True,152,152,152,124.23191222999462,10.691061942589672,61.70141158207791,152,0,38,9,9,9,True,14,
step83b_track2_screen_0169,track2_screen,8302169,"(3,3,3)",3,3,3,screened_ok,True,133,133,133,62.69499923022644,8.82194807461704,56.553639688450225,133,0,38,9,9,9,True,18,
step83b_track2_screen_0170,track2_screen,8302170,"(4,4,3)",4,4,3,screened_ok,True,171,171,171,110.72405834631006,10.226907459173232,71.59809992561851,171,0,38,9,9,9,True,19,
step83b_track2_screen_0171,track2_screen,8302171,"(4,3,3)",4,3,3,screened_ok,True,152,152,152,67.40278171526995,8.399691384945259,49.70940154458428,152,0,38,9,9,9,True,18,
step83b_track2_screen_0172,track2_screen,8302172,"(3,4,3)",3,4,3,screened_ok,True,152,152,152,73.45756115414835,10.052161190287132,58.385997111760396,152,0,38,9,9,9,True,19,
step83b_track2_screen_0173,track2_screen,8302173,"(4,4,4)",4,4,4,screened_ok,True,190,190,190,195.88059580573938,13.350205791466411,85.76724684220763,190,0,38,9,9,9,True,18,
step83b_track2_screen_0174,track2_screen,8302174,"(4,4,2)",4,4,2,screened_ok,True,152,152,152,58.70621478099634,7.342533064945618,49.96364992510323,152,0,38,9,9,9,True,15,
step83b_track2_screen_0175,track2_screen,8302175,"(3,3,3)",3,3,3,screened_ok,True,133,133,133,151.81487768458257,10.7083751211856,56.591032216647775,133,0,38,9,9,9,True,17,
step83b_track2_screen_0176,track2_screen,8302176,"(4,4,3)",4,4,3,screened_ok,True,171,171,171,116.89831467587706,10.462103626098557,72.4731461336794,171,0,38,9,9,9,True,17,
step83b_track2_screen_0177,track2_screen,8302177,"(4,3,3)",4,3,3,screened_ok,True,152,152,152,80.64523720235582,10.962033636370222,72.16805914800311,152,0,38,9,9,9,True,17,
step83b_track2_screen_0178,track2_screen,8302178,"(3,4,3)",3,4,3,screened_ok,True,152,152,152,130.79528412353724,9.141458412041874,53.25767317512626,152,0,38,9,9,9,True,17,
step83b_track2_screen_0179,track2_screen,8302179,"(4,4,4)",4,4,4,screened_ok,True,190,190,190,130.22006085712871,15.715902639182987,84.55044506206715,190,0,38,9,9,9,True,19,
step83b_track2_screen_0180,track2_screen,8302180,"(4,4,2)",4,4,2,screened_ok,True,152,152,152,100.332127052077,9.340962615998723,49.556075304828376,152,0,38,8,9,9,False,15,
step83b_track2_screen_0181,track2_screen,8302181,"(3,3,3)",3,3,3,screened_ok,True,133,133,133,65.21313966906584,7.30913102486843,49.156903218376115,133,0,38,9,9,9,True,18,
step83b_track2_screen_0182,track2_screen,8302182,"(4,4,3)",4,4,3,screened_ok,True,171,171,171,147.5436257675232,15.628464511330648,77.98652677424408,171,0,38,9,9,9,True,17,
step83b_track2_screen_0183,track2_screen,8302183,"(4,3,3)",4,3,3,screened_ok,True,152,152,152,69.75234379586419,10.489208287080217,56.38849522558737,152,0,38,9,9,9,True,18,
step83b_track2_screen_0184,track2_screen,8302184,"(3,4,3)",3,4,3,screened_ok,True,152,152,152,176.75649661153497,8.55653789466183,60.59668679963186,152,0,38,9,9,9,True,18,
step83b_track2_screen_0185,track2_screen,8302185,"(4,4,4)",4,4,4,screened_ok,True,190,190,190,222.3878593470432,9.371888523399994,71.08398461855919,190,0,38,9,9,9,True,16,
step83b_track2_screen_0186,track2_screen,8302186,"(4,4,2)",4,4,2,screened_ok,True,152,152,152,82.50946831930416,9.305909566821107,56.92143435956847,152,0,38,9,9,9,True,14,
step83b_track2_screen_0187,track2_screen,8302187,"(3,3,3)",3,3,3,screened_ok,True,133,133,133,89.07995234933618,9.471602232651076,54.976015221388266,133,0,38,9,9,9,True,19,
step83b_track2_screen_0188,track2_screen,8302188,"(4,4,3)",4,4,3,screened_ok,True,171,171,171,116.66665455515259,10.791679145288029,70.47459131485903,171,0,38,9,9,9,True,18,
step83b_track2_screen_0189,track2_screen,8302189,"(4,3,3)",4,3,3,screened_ok,True,152,152,152,148.24420436085376,13.077504714832806,70.56793296349217,152,0,38,9,9,9,True,17,
step83b_track2_screen_0190,track2_screen,8302190,"(3,4,3)",3,4,3,screened_ok,True,152,152,152,106.47113000826495,10.606581708237133,60.97185107126557,152,0,38,9,9,9,True,17,
step83b_track2_screen_0191,track2_screen,8302191,"(4,4,4)",4,4,4,screened_ok,True,190,190,190,140.4105397424332,10.66184875518987,81.57881955627703,190,0,38,9,9,9,True,18,
step83b_track2_screen_0192,track2_screen,8302192,"(4,4,2)",4,4,2,screened_ok,True,152,152,152,101.12160801924874,12.537861355736553,62.39099758642842,152,0,38,9,9,9,True,17,
step83b_track2_screen_0193,track2_screen,8302193,"(3,3,3)",3,3,3,screened_ok,True,133,133,133,67.95475020452153,8.968210440390772,53.10769528065559,133,0,38,9,9,9,True,19,
step83b_track2_screen_0194,track2_screen,8302194,"(4,4,3)",4,4,3,screened_ok,True,171,171,171,114.92318647914644,10.397718580790123,73.45160432000223,171,0,38,9,9,9,True,17,
step83b_track2_screen_0195,track2_screen,8302195,"(4,3,3)",4,3,3,screened_ok,True,152,152,152,112.99786130459009,8.6825782741117,53.70235028137779,152,0,38,9,9,9,True,18,
step83b_track2_screen_0196,track2_screen,8302196,"(3,4,3)",3,4,3,screened_ok,True,152,152,152,88.86558821973529,13.353645344149045,71.21783040790227,152,0,38,9,9,9,True,18,
step83b_track2_screen_0197,track2_screen,8302197,"(4,4,4)",4,4,4,screened_ok,True,190,190,190,104.55834990232309,11.91642918370541,84.68910498171748,190,0,38,9,9,9,True,18,
step83b_track2_screen_0198,track2_screen,8302198,"(4,4,2)",4,4,2,screened_ok,True,152,152,152,95.34897168075202,11.037661743148243,61.25001593574113,152,0,38,9,9,9,True,16,
step83b_track2_screen_0199,track2_screen,8302199,"(3,3,3)",3,3,3,screened_ok,True,133,133,133,53.712960750138755,10.370232104528903,56.40134378724721,133,0,38,9,9,9,True,18,
step83b_track2_screen_0200,track2_screen,8302200,"(4,4,3)",4,4,3,screened_ok,True,171,171,171,176.94209538122834,11.115950438775538,75.36220550809117,171,0,38,9,9,9,True,16,
step83b_track2_screen_0201,track2_screen,8302201,"(4,3,3)",4,3,3,screened_ok,True,152,152,152,88.37420499999476,7.060039774029834,50.97257061606819,152,0,38,9,9,9,True,18,
step83b_track2_screen_0202,track2_screen,8302202,"(3,4,3)",3,4,3,screened_ok,True,152,152,152,92.62066616849755,8.859440366890352,63.529766760050414,152,0,38,9,9,9,True,18,
step83b_track2_screen_0203,track2_screen,8302203,"(4,4,4)",4,4,4,screened_ok,True,190,190,190,98.03345076307231,14.492340823007725,86.7440759528834,190,0,38,9,9,9,True,18,
step83b_track2_screen_0204,track2_screen,8302204,"(4,4,2)",4,4,2,screened_ok,True,152,152,152,76.4588538896983,8.825532332780222,57.21012147290052,152,0,38,9,9,9,True,15,
step83b_track2_screen_0205,track2_screen,8302205,"(3,3,3)",3,3,3,screened_ok,True,133,133,133,91.6061902201011,8.511459854176547,53.1905811453371,133,0,38,9,9,9,True,17,
step83b_track2_screen_0206,track2_screen,8302206,"(4,4,3)",4,4,3,screened_ok,True,171,171,171,162.04778223366668,11.816041656277907,78.55876877396956,171,0,38,9,9,9,True,18,
step83b_track2_screen_0207,track2_screen,8302207,"(4,3,3)",4,3,3,screened_ok,True,152,152,152,83.75242347383083,9.508366336225976,64.69146043129227,152,0,38,9,9,9,True,17,
step83b_track2_screen_0208,track2_screen,8302208,"(3,4,3)",3,4,3,screened_ok,True,152,152,152,135.19938191666736,10.444572055040295,58.9638869189356,152,0,38,9,9,9,True,18,
step83b_track2_screen_0209,track2_screen,8302209,"(4,4,4)",4,4,4,screened_ok,True,190,190,190,158.4142722920122,10.790291030542827,85.97129441109136,190,0,38,9,9,9,True,19,
step83b_track2_screen_0210,track2_screen,8302210,"(4,4,2)",4,4,2,screened_ok,True,152,152,152,69.09970496296542,9.757922675856545,54.5078316984641,152,0,38,9,9,9,True,16,
step83b_track2_screen_0211,track2_screen,8302211,"(3,3,3)",3,3,3,screened_ok,True,133,133,133,59.60108531729273,6.681616557892527,48.27097255995846,133,0,38,9,9,9,True,16,
step83b_track2_screen_0212,track2_screen,8302212,"(4,4,3)",4,4,3,screened_ok,True,171,171,171,135.85889194780978,11.261864355181263,69.53456914370358,171,0,38,9,9,9,True,14,
step83b_track2_screen_0213,track2_screen,8302213,"(4,3,3)",4,3,3,screened_ok,True,152,152,152,106.7081437933328,9.323908058367639,57.716297621121626,152,0,38,9,9,9,True,16,
step83b_track2_screen_0214,track2_screen,8302214,"(3,4,3)",3,4,3,screened_ok,True,152,152,152,115.43610318896808,9.836525090502526,65.83388506451543,152,0,38,9,9,9,True,19,
step83b_track2_screen_0215,track2_screen,8302215,"(4,4,4)",4,4,4,screened_ok,True,190,190,190,175.5419461217863,11.75662190532648,73.67468396779151,190,0,38,9,9,9,True,17,
step83b_track2_screen_0216,track2_screen,8302216,"(4,4,2)",4,4,2,screened_ok,True,152,152,152,113.83492584877979,8.164210168653103,55.56874173605218,152,0,38,9,9,9,True,14,
step83b_track2_screen_0217,track2_screen,8302217,"(3,3,3)",3,3,3,screened_ok,True,133,133,133,65.90207015373232,8.820812222053899,51.43483466666701,133,0,38,9,9,9,True,18,
step83b_track2_screen_0218,track2_screen,8302218,"(4,4,3)",4,4,3,screened_ok,True,171,171,171,197.24647377824206,11.927103662202711,68.7663300923932,171,0,38,9,9,9,True,19,
step83b_track2_screen_0219,track2_screen,8302219,"(4,3,3)",4,3,3,screened_ok,True,152,152,152,140.83784709795086,10.235858813164056,52.01633754677257,152,0,38,9,9,9,True,16,
step83b_track2_screen_0220,track2_screen,8302220,"(3,4,3)",3,4,3,screened_ok,True,152,152,152,95.74216347420862,12.335215448765364,60.154615614897956,152,0,38,9,9,9,True,17,
step83b_track2_screen_0221,track2_screen,8302221,"(4,4,4)",4,4,4,screened_ok,True,190,190,190,105.20001031997792,11.858413173011543,83.75176690118838,190,0,38,9,9,9,True,17,
step83b_track2_screen_0222,track2_screen,8302222,"(4,4,2)",4,4,2,screened_ok,True,152,152,152,144.83591513142085,17.823757421941757,59.41821573563634,152,0,38,9,9,9,True,16,
step83b_track2_screen_0223,track2_screen,8302223,"(3,3,3)",3,3,3,screened_ok,True,133,133,133,96.59037124079458,12.227177233662893,51.70860500234438,133,0,38,9,9,9,True,18,
step83b_track2_screen_0224,track2_screen,8302224,"(4,4,3)",4,4,3,screened_ok,True,171,171,171,151.7339713593272,11.46465208250045,70.74444721002209,171,0,38,9,9,9,True,18,
step83b_track2_screen_0225,track2_screen,8302225,"(4,3,3)",4,3,3,screened_ok,True,152,152,152,141.64705436202,9.01398112558357,58.405172184841604,152,0,38,9,9,9,True,18,
step83b_track2_screen_0226,track2_screen,8302226,"(3,4,3)",3,4,3,screened_ok,True,152,152,152,53.38950654533445,8.484501078009428,62.18904837671142,152,0,38,9,9,9,True,17,
step83b_track2_screen_0227,track2_screen,8302227,"(4,4,4)",4,4,4,screened_ok,True,190,190,190,147.15908689335427,11.37673393467248,74.25526120458662,190,0,38,9,9,9,True,17,
step83b_track2_screen_0228,track2_screen,8302228,"(4,4,2)",4,4,2,screened_ok,True,152,152,152,61.87602740974275,9.533441148182828,50.89711410050707,152,0,38,9,9,9,True,13,
step83b_track2_screen_0229,track2_screen,8302229,"(3,3,3)",3,3,3,screened_ok,True,133,133,133,83.20928528556102,8.762819717698253,56.11760190615595,133,0,38,9,9,9,True,16,
step83b_track2_screen_0230,track2_screen,8302230,"(4,4,3)",4,4,3,screened_ok,True,171,171,171,127.66258580654987,11.493624393042737,72.17160552908828,171,0,38,9,9,9,True,17,
step83b_track2_screen_0231,track2_screen,8302231,"(4,3,3)",4,3,3,screened_ok,True,152,152,152,167.68488993522314,11.390574418050535,66.14915938849559,152,0,38,9,9,9,True,17,
step83b_track2_screen_0232,track2_screen,8302232,"(3,4,3)",3,4,3,screened_ok,True,152,152,152,96.25120952337427,9.442117876431272,57.510027912612586,152,0,38,9,9,9,True,16,
step83b_track2_screen_0233,track2_screen,8302233,"(4,4,4)",4,4,4,screened_ok,True,190,190,190,127.9155817471158,14.41900496774738,76.64981260892706,190,0,38,9,9,9,True,16,
step83b_track2_screen_0234,track2_screen,8302234,"(4,4,2)",4,4,2,screened_ok,True,152,152,152,142.48739879699366,10.253548069725515,62.58891730237425,152,0,38,9,9,9,True,15,
step83b_track2_screen_0235,track2_screen,8302235,"(3,3,3)",3,3,3,screened_ok,True,133,133,133,107.86094313998547,9.300192936894234,53.85782652896267,133,0,38,9,9,9,True,18,
step83b_track2_screen_0236,track2_screen,8302236,"(4,4,3)",4,4,3,screened_ok,True,171,171,171,103.4083394649023,13.457831296538766,72.62258929180044,171,0,38,9,9,9,True,16,
step83b_track2_screen_0237,track2_screen,8302237,"(4,3,3)",4,3,3,screened_ok,True,152,152,152,115.0289418697485,11.674921838730562,66.60073692959241,152,0,38,9,9,9,True,16,
step83b_track2_screen_0238,track2_screen,8302238,"(3,4,3)",3,4,3,screened_ok,True,152,152,152,78.11412116523874,11.405996596635864,54.14656287315355,152,0,38,9,9,9,True,17,
step83b_track2_screen_0239,track2_screen,8302239,"(4,4,4)",4,4,4,screened_ok,True,190,190,190,126.64373909049786,11.911637461934246,77.24663530263693,190,0,38,9,9,9,True,18,
step83b_track2_screen_0240,track2_screen,8302240,"(4,4,2)",4,4,2,screened_ok,True,152,152,152,76.73115170955855,9.847921751648226,56.93492030277813,152,0,38,9,9,9,True,14,
step83b_track2_screen_0241,track2_screen,8302241,"(3,3,3)",3,3,3,screened_ok,True,133,133,133,52.81621703423471,8.640231785747199,53.635952166065195,133,0,38,9,9,9,True,17,
step83b_track2_screen_0242,track2_screen,8302242,"(4,4,3)",4,4,3,screened_ok,True,171,171,171,125.30225633496909,13.721023478807549,77.59931517657272,171,0,38,9,9,9,True,17,
step83b_track2_screen_0243,track2_screen,8302243,"(4,3,3)",4,3,3,screened_ok,True,152,152,152,164.68720650166497,8.788631985957363,57.449095980426726,152,0,38,9,9,9,True,15,
step83b_track2_screen_0244,track2_screen,8302244,"(3,4,3)",3,4,3,screened_ok,True,152,152,152,86.20528716464152,8.757548114688323,62.89400796072049,152,0,38,9,9,9,True,18,
step83b_track2_screen_0245,track2_screen,8302245,"(4,4,4)",4,4,4,screened_ok,True,190,190,190,174.7931569931973,14.264002944628116,87.92932041615157,190,0,38,9,9,9,True,19,
step83b_track2_screen_0246,track2_screen,8302246,"(4,4,2)",4,4,2,screened_ok,True,152,152,152,222.10394763855922,11.158089009979761,54.76391870355298,152,0,38,9,9,9,True,14,
step83b_track2_screen_0247,track2_screen,8302247,"(3,3,3)",3,3,3,screened_ok,True,133,133,133,61.85433346810996,10.076072317708604,61.41916911984583,133,0,38,9,9,9,True,17,
step83b_track2_screen_0248,track2_screen,8302248,"(4,4,3)",4,4,3,screened_ok,True,171,171,171,204.16531828312318,10.51246897963658,64.60988752745408,171,0,38,9,9,9,True,16,
step83b_track2_screen_0249,track2_screen,8302249,"(4,3,3)",4,3,3,screened_ok,True,152,152,152,125.98941879795568,10.435761627447702,62.61709298469802,152,0,38,9,9,9,True,18,
step83b_track2_screen_0250,track2_screen,8302250,"(3,4,3)",3,4,3,screened_ok,True,152,152,152,90.39936394838037,8.957665324535887,60.20039161830641,152,0,38,9,9,9,True,18,
step83b_track2_screen_0251,track2_screen,8302251,"(4,4,4)",4,4,4,screened_ok,True,190,190,190,100.23380527183808,11.533055091286892,74.69668930227601,190,0,38,9,9,9,True,19,
step83b_track2_screen_0252,track2_screen,8302252,"(4,4,2)",4,4,2,screened_ok,True,152,152,152,93.42202768794168,9.027398026085063,53.63134901074635,152,0,38,9,9,9,True,18,
step83b_track2_screen_0253,track2_screen,8302253,"(3,3,3)",3,3,3,screened_ok,True,133,133,133,110.50952678600497,12.481533132300305,54.49199259528622,133,0,38,9,9,9,True,18,
step83b_track2_screen_0254,track2_screen,8302254,"(4,4,3)",4,4,3,screened_ok,True,171,171,171,137.91715356910458,12.200960292760715,73.93234702974449,171,0,38,9,9,9,True,18,
step83b_track2_screen_0255,track2_screen,8302255,"(4,3,3)",4,3,3,screened_ok,True,152,152,152,116.65934336466502,15.64097491601161,53.05627696617472,152,0,38,9,9,9,True,16,
step83b_track2_screen_0256,track2_screen,8302256,"(3,4,3)",3,4,3,screened_ok,True,152,152,152,123.82331115783218,9.990164033480497,65.85927981546537,152,0,38,9,9,9,True,18,
step83b_track2_screen_0257,track2_screen,8302257,"(4,4,4)",4,4,4,screened_ok,True,190,190,190,101.92934526813343,14.445011470457972,77.62871085211124,190,0,38,9,9,9,True,17,
step83b_track2_screen_0258,track2_screen,8302258,"(4,4,2)",4,4,2,screened_ok,True,152,152,152,82.0881709293901,7.463730535602742,55.92428998929873,152,0,38,9,9,9,True,15,
step83b_track2_screen_0259,track2_screen,8302259,"(3,3,3)",3,3,3,screened_ok,True,133,133,133,60.015580128974115,11.296219846830068,51.90101791869048,133,0,38,9,9,9,True,17,
step83b_track2_screen_0260,track2_screen,8302260,"(4,4,3)",4,4,3,screened_ok,True,171,171,171,119.60611041564397,11.18163863085529,66.73694096663306,171,0,38,9,9,9,True,17,
step83b_track2_screen_0261,track2_screen,8302261,"(4,3,3)",4,3,3,screened_ok,True,152,152,152,89.90225542089053,10.373021226755533,57.4833336292328,152,0,38,9,9,9,True,18,
step83b_track2_screen_0262,track2_screen,8302262,"(3,4,3)",3,4,3,screened_ok,True,152,152,152,105.12545769722594,10.750374913176756,59.74465340837888,152,0,38,9,9,9,True,18,
step83b_track2_screen_0263,track2_screen,8302263,"(4,4,4)",4,4,4,screened_ok,True,190,190,190,218.28950346978547,10.305838523782061,72.58394977101787,190,0,38,9,9,9,True,18,
step83b_track2_screen_0264,track2_screen,8302264,"(4,4,2)",4,4,2,screened_ok,True,152,152,152,107.0953683936721,9.449014909375352,57.91508941925667,152,0,38,8,9,9,False,13,
step83b_track2_screen_0265,track2_screen,8302265,"(3,3,3)",3,3,3,screened_ok,True,133,133,133,100.88608932562728,10.681274031722435,52.02802836968744,133,0,38,9,9,9,True,18,
step83b_track2_screen_0266,track2_screen,8302266,"(4,4,3)",4,4,3,screened_ok,True,171,171,171,109.98306885587998,11.719547213048056,68.55206006203905,171,0,38,9,9,9,True,18,
step83b_track2_screen_0267,track2_screen,8302267,"(4,3,3)",4,3,3,screened_ok,True,152,152,152,110.34048216203954,9.742683264432792,62.3063044367868,152,0,38,9,9,9,True,15,
step83b_track2_screen_0268,track2_screen,8302268,"(3,4,3)",3,4,3,screened_ok,True,152,152,152,122.19613447976747,10.800863648688672,60.50136005918349,152,0,38,9,9,9,True,17,
step83b_track2_screen_0269,track2_screen,8302269,"(4,4,4)",4,4,4,screened_ok,True,190,190,190,261.9038338081456,20.068615348583073,81.73748893906888,190,0,38,9,9,9,True,18,
step83b_track2_screen_0270,track2_screen,8302270,"(4,4,2)",4,4,2,screened_ok,True,152,152,152,103.54217000799702,10.182045101730818,54.68019085685175,152,0,38,9,9,9,True,14,
step83b_track2_screen_0271,track2_screen,8302271,"(3,3,3)",3,3,3,screened_ok,True,133,133,133,56.05243939475003,8.294922935519722,46.78502766695853,133,0,38,9,9,9,True,17,
step83b_track2_screen_0272,track2_screen,8302272,"(4,4,3)",4,4,3,screened_ok,True,171,171,171,157.99563413098235,11.250540108010645,69.1351886951504,171,0,38,9,9,9,True,18,
step83b_track2_screen_0273,track2_screen,8302273,"(4,3,3)",4,3,3,screened_ok,True,152,152,152,75.51043468500946,12.677952683618633,64.98203312518532,152,0,38,9,9,9,True,15,
step83b_track2_screen_0274,track2_screen,8302274,"(3,4,3)",3,4,3,screened_ok,True,152,152,152,81.53770166600447,9.88604437712921,68.82978912513008,152,0,38,9,9,9,True,14,
step83b_track2_screen_0275,track2_screen,8302275,"(4,4,4)",4,4,4,screened_ok,True,190,190,190,158.70293057862966,12.849271741028698,85.17201901776183,190,0,38,9,9,9,True,19,
step83b_track2_screen_0276,track2_screen,8302276,"(4,4,2)",4,4,2,screened_ok,True,152,152,152,68.94353685112918,11.061165794221562,58.86863885024113,152,0,38,9,9,9,True,14,
step83b_track2_screen_0277,track2_screen,8302277,"(3,3,3)",3,3,3,screened_ok,True,133,133,133,97.33058244945931,10.427484574971473,49.118722412757634,133,0,38,9,9,9,True,18,
step83b_track2_screen_0278,track2_screen,8302278,"(4,4,3)",4,4,3,screened_ok,True,171,171,171,153.8465921326599,13.056128727601127,71.02635540117058,171,0,38,9,9,9,True,15,
step83b_track2_screen_0279,track2_screen,8302279,"(4,3,3)",4,3,3,screened_ok,True,152,152,152,174.94243368426524,9.43581775660012,59.99642714651673,152,0,38,9,9,9,True,17,
step83b_track2_screen_0280,track2_screen,8302280,"(3,4,3)",3,4,3,screened_ok,True,152,152,152,89.99828750920754,10.57006598941672,59.07109003424796,152,0,38,9,9,9,True,19,
step83b_track2_screen_0281,track2_screen,8302281,"(4,4,4)",4,4,4,screened_ok,True,190,190,190,145.08052254364074,11.046042649709793,80.49901655334794,190,0,38,9,9,9,True,18,
step83b_track2_screen_0282,track2_screen,8302282,"(4,4,2)",4,4,2,screened_ok,True,152,152,152,162.8920300598556,10.338573379211955,60.80115313032847,152,0,38,9,9,9,True,14,
step83b_track2_screen_0283,track2_screen,8302283,"(3,3,3)",3,3,3,screened_ok,True,133,133,133,50.1613945378664,9.021576176139744,53.56830616296124,133,0,38,9,9,9,True,18,
step83b_track2_screen_0284,track2_screen,8302284,"(4,4,3)",4,4,3,screened_ok,True,171,171,171,171.58204315534854,8.917738241011078,70.41453272451587,171,0,38,9,9,9,True,16,
step83b_track2_screen_0285,track2_screen,8302285,"(4,3,3)",4,3,3,screened_ok,True,152,152,152,80.00128380268804,11.651744867640678,60.57981251288888,152,0,38,9,9,9,True,18,
step83b_track2_screen_0286,track2_screen,8302286,"(3,4,3)",3,4,3,screened_ok,True,152,152,152,111.69804148455519,9.455061648354576,55.243269180735304,152,0,38,9,9,9,True,18,
step83b_track2_screen_0287,track2_screen,8302287,"(4,4,4)",4,4,4,screened_ok,True,190,190,190,166.2405813882499,9.83139842551174,78.8847036838044,190,0,38,9,9,9,True,19,
step83b_track2_screen_0288,track2_screen,8302288,"(4,4,2)",4,4,2,screened_ok,True,152,152,152,115.54260774687303,11.463983786920137,65.2688612509092,152,0,38,9,9,9,True,16,
step83b_track2_screen_0289,track2_screen,8302289,"(3,3,3)",3,3,3,screened_ok,True,133,133,133,65.4408353377414,10.11599022812995,56.43399912880122,133,0,38,9,9,9,True,19,
step83b_track2_screen_0290,track2_screen,8302290,"(4,4,3)",4,4,3,screened_ok,True,171,171,171,113.91528238037091,12.862866037670917,79.05550479312724,171,0,38,9,9,9,True,17,
step83b_track2_screen_0291,track2_screen,8302291,"(4,3,3)",4,3,3,screened_ok,True,152,152,152,90.46102875042418,7.92483062699726,60.687510905682736,152,0,38,9,9,9,True,16,
step83b_track2_screen_0292,track2_screen,8302292,"(3,4,3)",3,4,3,screened_ok,True,152,152,152,76.07291425423226,9.462058353382027,58.75562013554642,152,0,38,9,9,9,True,15,
step83b_track2_screen_0293,track2_screen,8302293,"(4,4,4)",4,4,4,screened_ok,True,190,190,190,130.1219047672332,13.076660319297083,74.53805416732156,190,0,38,9,9,9,True,18,
step83b_track2_screen_0294,track2_screen,8302294,"(4,4,2)",4,4,2,screened_ok,True,152,152,152,108.5949766752113,10.150698483950954,55.68716705627333,152,0,38,9,9,9,True,16,
step83b_track2_screen_0295,track2_screen,8302295,"(3,3,3)",3,3,3,screened_ok,True,133,133,133,319.7706247612324,9.779274860314072,49.73120258182431,133,0,38,9,9,9,True,16,
step83b_track2_screen_0296,track2_screen,8302296,"(4,4,3)",4,4,3,screened_ok,True,171,171,171,86.8617564461031,12.42342124244795,66.64944858630852,171,0,38,9,9,9,True,18,
step83b_track2_screen_0297,track2_screen,8302297,"(4,3,3)",4,3,3,screened_ok,True,152,152,152,150.23004020262337,13.250861757481099,57.81337789958282,152,0,38,9,9,9,True,18,
step83b_track2_screen_0298,track2_screen,8302298,"(3,4,3)",3,4,3,screened_ok,True,152,152,152,122.71294002967916,11.939475131946862,71.14278778046261,152,0,38,9,9,9,True,17,
step83b_track2_screen_0299,track2_screen,8302299,"(4,4,4)",4,4,4,screened_ok,True,190,190,190,173.16338209947446,13.612398531892586,73.68106780527899,190,0,38,9,9,9,True,17,
step83b_track2_screen_0300,track2_screen,8302300,"(4,4,2)",4,4,2,screened_ok,True,152,152,152,85.60931096855475,8.483725965853054,49.526801347029426,152,0,38,9,9,9,True,14,
step83b_track2_screen_0301,track2_screen,8302301,"(3,3,3)",3,3,3,screened_ok,True,133,133,133,66.9635347278805,12.501899809018278,57.75299811159365,133,0,38,9,9,9,True,16,
step83b_track2_screen_0302,track2_screen,8302302,"(4,4,3)",4,4,3,screened_ok,True,171,171,171,179.08885751097242,11.809762259057537,70.92907348069505,171,0,38,9,9,9,True,15,
step83b_track2_screen_0303,track2_screen,8302303,"(4,3,3)",4,3,3,screened_ok,True,152,152,152,95.83690687825951,10.74207209534374,58.15015075156001,152,0,38,9,9,9,True,15,
step83b_track2_screen_0304,track2_screen,8302304,"(3,4,3)",3,4,3,screened_ok,True,152,152,152,163.12740211699668,9.941233890222167,57.90712882459723,152,0,38,9,9,9,True,17,
step83b_track2_screen_0305,track2_screen,8302305,"(4,4,4)",4,4,4,screened_ok,True,190,190,190,119.54892419674442,13.072749457559322,82.28207495704754,190,0,38,9,9,9,True,16,
step83b_track2_screen_0306,track2_screen,8302306,"(4,4,2)",4,4,2,screened_ok,True,152,152,152,134.9267119238128,10.158271838950007,54.94578806787534,152,0,38,9,9,9,True,17,
step83b_track2_screen_0307,track2_screen,8302307,"(3,3,3)",3,3,3,screened_ok,True,133,133,133,67.82753517037999,7.850300008762021,48.917231769033556,133,0,38,9,9,8,True,15,
step83b_track2_screen_0308,track2_screen,8302308,"(4,4,3)",4,4,3,screened_ok,True,171,171,171,128.35802284800846,10.827685727412646,69.08751332394758,171,0,38,9,9,9,True,18,
step83b_track2_screen_0309,track2_screen,8302309,"(4,3,3)",4,3,3,screened_ok,True,152,152,152,74.58678536424563,14.133186014069203,58.35645416972076,152,0,38,9,9,9,True,17,
step83b_track2_screen_0310,track2_screen,8302310,"(3,4,3)",3,4,3,screened_ok,True,152,152,152,132.50692859575383,9.518057762177474,62.42884128309262,152,0,38,9,9,9,True,15,
step83b_track2_screen_0311,track2_screen,8302311,"(4,4,4)",4,4,4,screened_ok,True,190,190,190,217.51538980616462,14.06729080253257,89.46455632917755,190,0,38,9,9,9,True,16,
step83b_track2_screen_0312,track2_screen,8302312,"(4,4,2)",4,4,2,screened_ok,True,152,152,152,88.58231381094049,8.751485831811651,51.9227241785505,152,0,38,9,9,9,True,16,
step83b_track2_screen_0313,track2_screen,8302313,"(3,3,3)",3,3,3,screened_ok,True,133,133,133,128.82588347543324,11.190159054213307,50.989368116346185,133,0,38,9,9,9,True,16,
step83b_track2_screen_0314,track2_screen,8302314,"(4,4,3)",4,4,3,screened_ok,True,171,171,171,194.37797436378582,14.184382091245956,64.70692201597993,171,0,38,9,9,9,True,18,
step83b_track2_screen_0315,track2_screen,8302315,"(4,3,3)",4,3,3,screened_ok,True,152,152,152,97.61870743363075,9.357470571714764,61.20774367585056,152,0,38,9,9,9,True,18,
step83b_track2_screen_0316,track2_screen,8302316,"(3,4,3)",3,4,3,screened_ok,True,152,152,152,156.85166445638598,8.757442325769548,57.7732802922212,152,0,38,9,9,9,True,16,
step83b_track2_screen_0317,track2_screen,8302317,"(4,4,4)",4,4,4,screened_ok,True,190,190,190,147.06077206058657,12.004039511823198,82.85309287509583,190,0,38,9,9,9,True,19,
step83b_track2_screen_0318,track2_screen,8302318,"(4,4,2)",4,4,2,screened_ok,True,152,152,152,63.702040949728236,10.737239364425854,57.87146655604771,152,0,38,9,9,9,True,13,
step83b_track2_screen_0319,track2_screen,8302319,"(3,3,3)",3,3,3,screened_ok,True,133,133,133,70.68203302931859,6.99429510416599,42.147887936861586,133,0,38,9,9,9,True,17,
step83b_track2_screen_0320,track2_screen,8302320,"(4,4,3)",4,4,3,screened_ok,True,171,171,171,184.06261238509657,8.658779852122569,62.80154391815752,171,0,38,9,9,9,True,15,
step83b_track2_screen_0321,track2_screen,8302321,"(4,3,3)",4,3,3,screened_ok,True,152,152,152,126.12162491687475,10.316771510317512,61.582779002158944,152,0,38,9,9,9,True,17,
step83b_track2_screen_0322,track2_screen,8302322,"(3,4,3)",3,4,3,screened_ok,True,152,152,152,86.26355927664189,9.102923385054668,57.528740268417856,152,0,38,9,9,9,True,19,
step83b_track2_screen_0323,track2_screen,8302323,"(4,4,4)",4,4,4,screened_ok,True,190,190,190,143.81307443522223,12.818115760725878,80.75294853290023,190,0,38,9,9,9,True,17,
step83b_track2_screen_0324,track2_screen,8302324,"(4,4,2)",4,4,2,screened_ok,True,152,152,152,138.49247234062244,10.055377194381437,66.03628487733984,152,0,38,9,9,9,True,16,
step83b_track2_screen_0325,track2_screen,8302325,"(3,3,3)",3,3,3,screened_ok,True,133,133,133,60.027562812129915,11.889915032594207,55.64787001456761,133,0,38,9,9,9,True,17,
step83b_track2_screen_0326,track2_screen,8302326,"(4,4,3)",4,4,3,screened_ok,True,171,171,171,66.50480723895707,11.001862775263898,76.64766034084727,171,0,38,9,9,9,True,17,
step83b_track2_screen_0327,track2_screen,8302327,"(4,3,3)",4,3,3,screened_ok,True,152,152,152,118.53433455496116,8.512801600151192,54.629165036933735,152,0,38,9,9,9,True,17,
step83b_track2_screen_0328,track2_screen,8302328,"(3,4,3)",3,4,3,screened_ok,True,152,152,152,121.47810869911703,12.156379412185299,67.91201862216505,152,0,38,9,9,9,True,17,
step83b_track2_screen_0329,track2_screen,8302329,"(4,4,4)",4,4,4,screened_ok,True,190,190,190,145.50725492806305,10.15492642285507,75.43434124601852,190,0,38,9,9,9,True,18,
step83b_track2_screen_0330,track2_screen,8302330,"(4,4,2)",4,4,2,screened_ok,True,152,152,152,60.21220472342174,8.180335494035285,57.9752412536908,152,0,38,9,9,9,True,17,
step83b_track2_screen_0331,track2_screen,8302331,"(3,3,3)",3,3,3,screened_ok,True,133,133,133,70.43652896497201,7.564168095266985,48.79531757460971,133,0,38,9,9,9,True,18,
step83b_track2_screen_0332,track2_screen,8302332,"(4,4,3)",4,4,3,screened_ok,True,171,171,171,120.57606052702776,9.83567193246645,62.90542823817927,171,0,38,9,9,9,True,16,
step83b_track2_screen_0333,track2_screen,8302333,"(4,3,3)",4,3,3,screened_ok,True,152,152,152,66.63877544031746,8.473914419465737,61.418339044775834,152,0,38,9,9,9,True,15,
step83b_track2_screen_0334,track2_screen,8302334,"(3,4,3)",3,4,3,screened_ok,True,152,152,152,86.11786962292081,9.50711325765131,64.78143007054909,152,0,38,9,9,9,True,16,
step83b_track2_screen_0335,track2_screen,8302335,"(4,4,4)",4,4,4,screened_ok,True,190,190,190,91.03278389033775,10.632440811536576,79.15242531235884,190,0,38,9,9,9,True,18,
step83b_track2_screen_0336,track2_screen,8302336,"(4,4,2)",4,4,2,screened_ok,True,152,152,152,75.41798251097529,11.135554815985191,56.366999286462374,152,0,38,9,9,9,True,14,
step83b_track2_screen_0337,track2_screen,8302337,"(3,3,3)",3,3,3,screened_ok,True,133,133,133,58.03334358992665,8.375088612355313,52.581048057476934,133,0,38,9,9,9,True,18,
step83b_track2_screen_0338,track2_screen,8302338,"(4,4,3)",4,4,3,screened_ok,True,171,171,171,219.44019087562458,10.4016913029414,70.68961199894075,171,0,38,9,9,9,True,19,
step83b_track2_screen_0339,track2_screen,8302339,"(4,3,3)",4,3,3,screened_ok,True,152,152,152,54.7780193728137,10.674272369327156,54.78522454634955,152,0,38,9,9,9,True,18,
step83b_track2_screen_0340,track2_screen,8302340,"(3,4,3)",3,4,3,screened_ok,True,152,152,152,97.15567411151984,11.442015579574733,58.15285811740566,152,0,38,9,9,9,True,16,
step83b_track2_screen_0341,track2_screen,8302341,"(4,4,4)",4,4,4,screened_ok,True,190,190,190,262.3245067435848,11.274968339720122,84.3997430827908,190,0,38,9,9,9,True,18,
step83b_track2_screen_0342,track2_screen,8302342,"(4,4,2)",4,4,2,screened_ok,True,152,152,152,89.52067805324239,8.379121155081812,54.25142040903114,152,0,38,9,9,9,True,15,
step83b_track2_screen_0343,track2_screen,8302343,"(3,3,3)",3,3,3,screened_ok,True,133,133,133,88.29650984975977,11.586552547240215,51.13218916151096,133,0,38,9,9,9,True,17,
step83b_track2_screen_0344,track2_screen,8302344,"(4,4,3)",4,4,3,screened_ok,True,171,171,171,107.78473209266268,13.674330623099905,77.15594598261656,171,0,38,9,9,9,True,17,
step83b_track2_screen_0345,track2_screen,8302345,"(4,3,3)",4,3,3,screened_ok,True,152,152,152,120.90765712337732,8.828181395364524,61.53700792338778,152,0,38,9,9,9,True,14,
step83b_track2_screen_0346,track2_screen,8302346,"(3,4,3)",3,4,3,screened_ok,True,152,152,152,104.15802689543568,10.603180025833094,70.48203210158506,152,0,38,9,9,9,True,16,
step83b_track2_screen_0347,track2_screen,8302347,"(4,4,4)",4,4,4,screened_ok,True,190,190,190,159.6317144233071,13.734645503250007,75.55255678018253,190,0,38,9,9,9,True,18,
step83b_track2_screen_0348,track2_screen,8302348,"(4,4,2)",4,4,2,screened_ok,True,152,152,152,176.2408236413704,13.519924467144888,55.34163227538733,152,0,38,9,9,9,True,15,
step83b_track2_screen_0349,track2_screen,8302349,"(3,3,3)",3,3,3,screened_ok,True,133,133,133,51.029598494969996,7.714892037786695,51.797447806620724,133,0,38,9,9,9,True,16,
step83b_track2_screen_0350,track2_screen,8302350,"(4,4,3)",4,4,3,screened_ok,True,171,171,171,157.95090794966907,14.256741504417885,69.15047944348167,171,0,38,9,9,9,True,16,
step83b_track2_screen_0351,track2_screen,8302351,"(4,3,3)",4,3,3,screened_ok,True,152,152,152,171.48172288469175,12.14941121530316,60.814650224641085,152,0,38,9,9,9,True,16,
step83b_track2_screen_0352,track2_screen,8302352,"(3,4,3)",3,4,3,screened_ok,True,152,152,152,108.41716707696399,10.003184280456573,56.27981492392876,152,0,38,9,9,9,True,15,
step83b_track2_screen_0353,track2_screen,8302353,"(4,4,4)",4,4,4,screened_ok,True,190,190,190,222.76781619673946,13.288719603067229,81.56329488243838,190,0,38,9,9,9,True,16,
step83b_track2_screen_0354,track2_screen,8302354,"(4,4,2)",4,4,2,screened_ok,True,152,152,152,81.70079694473519,9.195611388460975,55.138781205147716,152,0,38,9,9,9,True,15,
step83b_track2_screen_0355,track2_screen,8302355,"(3,3,3)",3,3,3,screened_ok,True,133,133,133,108.32322994123722,10.319490589700644,51.520697294962645,133,0,38,9,9,9,True,17,
step83b_track2_screen_0356,track2_screen,8302356,"(4,4,3)",4,4,3,screened_ok,True,171,171,171,102.01649531845051,12.808553950939514,71.91919195201605,171,0,38,9,9,9,True,14,
step83b_track2_screen_0357,track2_screen,8302357,"(4,3,3)",4,3,3,screened_ok,True,152,152,152,131.4461489900388,10.32971129503451,61.766239223933816,152,0,38,9,9,9,True,17,
step83b_track2_screen_0358,track2_screen,8302358,"(3,4,3)",3,4,3,screened_ok,True,152,152,152,159.43614956141585,8.120942456102362,61.744237747634315,152,0,38,9,9,9,True,17,
step83b_track2_screen_0359,track2_screen,8302359,"(4,4,4)",4,4,4,screened_ok,True,190,190,190,127.13107245367488,13.513500685979336,79.86533049549269,190,0,38,9,9,9,True,18,
step83b_track2_screen_0360,track2_screen,8302360,"(4,4,2)",4,4,2,screened_ok,True,152,152,152,152.93581604551503,10.256269233064724,60.946132941561125,152,0,38,9,9,9,True,13,
step83b_track2_screen_0361,track2_screen,8302361,"(3,3,3)",3,3,3,screened_ok,True,133,133,133,50.92606114404674,8.773549612884398,55.18700349480191,133,0,38,9,9,9,True,15,
step83b_track2_screen_0362,track2_screen,8302362,"(4,4,3)",4,4,3,screened_ok,True,171,171,171,92.95109303722954,9.277460230888536,62.08317335074355,171,0,38,9,9,9,True,18,
step83b_track2_screen_0363,track2_screen,8302363,"(4,3,3)",4,3,3,screened_ok,True,152,152,152,108.03265982683064,7.5507095961143165,54.20502138432512,152,0,38,9,9,9,True,17,
step83b_track2_screen_0364,track2_screen,8302364,"(3,4,3)",3,4,3,screened_ok,True,152,152,152,101.95218657284718,9.369720458904503,63.42298604230204,152,0,38,9,9,9,True,15,
step83b_track2_screen_0365,track2_screen,8302365,"(4,4,4)",4,4,4,screened_ok,True,190,190,190,163.93844616056637,9.498076649011175,72.84868224503691,190,0,38,9,9,9,True,16,
step83b_track2_screen_0366,track2_screen,8302366,"(4,4,2)",4,4,2,screened_ok,True,152,152,152,98.61511421848094,11.198904985179057,60.42869056964601,152,0,38,9,9,9,True,15,
step83b_track2_screen_0367,track2_screen,8302367,"(3,3,3)",3,3,3,screened_ok,True,133,133,133,76.77326431870465,11.308843502368124,55.9348478356626,133,0,38,9,9,9,True,16,
step83b_track2_screen_0368,track2_screen,8302368,"(4,4,3)",4,4,3,screened_ok,True,171,171,171,106.06263412509037,12.983443140413243,61.32851730076788,171,0,38,9,9,9,True,16,
step83b_track2_screen_0369,track2_screen,8302369,"(4,3,3)",4,3,3,screened_ok,True,152,152,152,197.1913125199513,8.36076328120795,61.839878852982764,152,0,38,9,9,9,True,17,
step83b_track2_screen_0370,track2_screen,8302370,"(3,4,3)",3,4,3,screened_ok,True,152,152,152,122.20501670743965,11.090407554997366,64.6731622579594,152,0,38,9,9,9,True,16,
step83b_track2_screen_0371,track2_screen,8302371,"(4,4,4)",4,4,4,screened_ok,True,190,190,190,105.53197225955155,16.497213626977615,85.6761515294799,190,0,38,9,9,9,True,16,
step83b_track2_screen_0372,track2_screen,8302372,"(4,4,2)",4,4,2,screened_ok,True,152,152,152,63.155416852266505,7.135226652765706,50.63386085556472,152,0,38,9,9,9,True,12,
step83b_track2_screen_0373,track2_screen,8302373,"(3,3,3)",3,3,3,screened_ok,True,133,133,133,68.26454688491215,7.50095640544828,48.57051963357175,133,0,38,9,9,9,True,16,
step83b_track2_screen_0374,track2_screen,8302374,"(4,4,3)",4,4,3,screened_ok,True,171,171,171,122.24429652122322,12.727427280953359,68.84047112221656,171,0,38,9,9,9,True,15,
step83b_track2_screen_0375,track2_screen,8302375,"(4,3,3)",4,3,3,screened_ok,True,152,152,152,101.98623277803125,10.25248058612203,60.60903759906633,152,0,38,9,9,9,True,18,
step83b_track2_screen_0376,track2_screen,8302376,"(3,4,3)",3,4,3,screened_ok,True,152,152,152,106.97702857395406,10.810725383317633,62.65847975932757,152,0,38,9,9,9,True,18,
step83b_track2_screen_0377,track2_screen,8302377,"(4,4,4)",4,4,4,screened_ok,True,190,190,190,139.86297025357194,14.466279205326343,87.52380638212529,190,0,38,9,9,9,True,17,
step83b_track2_screen_0378,track2_screen,8302378,"(4,4,2)",4,4,2,screened_ok,True,152,152,152,131.7710849161169,10.941103733240514,59.65873138333431,152,0,38,9,9,9,True,15,
step83b_track2_screen_0379,track2_screen,8302379,"(3,3,3)",3,3,3,screened_ok,True,133,133,133,71.77760318819607,7.141360655609726,46.04473801082963,133,0,38,9,9,9,True,16,
step83b_track2_screen_0380,track2_screen,8302380,"(4,4,3)",4,4,3,screened_ok,True,171,171,171,169.7385874696049,10.338807172269185,69.74539542864905,171,0,38,9,9,9,True,17,
step83b_track2_screen_0381,track2_screen,8302381,"(4,3,3)",4,3,3,screened_ok,True,152,152,152,71.7665370708231,10.84919871227057,60.07780732761309,152,0,38,9,9,9,True,16,
step83b_track2_screen_0382,track2_screen,8302382,"(3,4,3)",3,4,3,screened_ok,True,152,152,152,114.27260166959387,12.392832651235283,69.27678975265398,152,0,38,9,9,9,True,18,
step83b_track2_screen_0383,track2_screen,8302383,"(4,4,4)",4,4,4,screened_ok,True,190,190,190,167.2771250795331,11.611287311560845,78.25344302640796,190,0,38,9,9,9,True,18,
step83b_track2_screen_0384,track2_screen,8302384,"(4,4,2)",4,4,2,screened_ok,True,152,152,152,93.42173333906491,12.560195043044178,61.40150341576333,152,0,38,9,9,9,True,12,
step83b_track2_screen_0385,track2_screen,8302385,"(3,3,3)",3,3,3,screened_ok,True,133,133,133,75.42943765194917,9.58279513737456,47.18294352441132,133,0,38,9,9,9,True,19,
step83b_track2_screen_0386,track2_screen,8302386,"(4,4,3)",4,4,3,screened_ok,True,171,171,171,143.018566412962,12.294584937951413,80.30834007120087,171,0,38,9,9,9,True,17,
step83b_track2_screen_0387,track2_screen,8302387,"(4,3,3)",4,3,3,screened_ok,True,152,152,152,105.06852039099242,11.00505400342586,66.30904906666724,152,0,38,9,9,9,True,17,
step83b_track2_screen_0388,track2_screen,8302388,"(3,4,3)",3,4,3,screened_ok,True,152,152,152,138.5998620667579,11.831606610957632,68.0480556571752,152,0,38,9,9,9,True,17,
step83b_track2_screen_0389,track2_screen,8302389,"(4,4,4)",4,4,4,screened_ok,True,190,190,190,136.6274035544046,12.442178964522846,85.22979539725412,190,0,38,9,9,9,True,19,
step83b_track2_screen_0390,track2_screen,8302390,"(4,4,2)",4,4,2,screened_ok,True,152,152,152,89.90870060348217,9.296861060435573,54.47585165947525,152,0,38,9,9,9,True,16,
step83b_track2_screen_0391,track2_screen,8302391,"(3,3,3)",3,3,3,screened_ok,True,133,133,133,57.91612756686154,8.511541764635842,47.903131295367686,133,0,38,9,9,9,True,19,
step83b_track2_screen_0392,track2_screen,8302392,"(4,4,3)",4,4,3,screened_ok,True,171,171,171,131.53655218605823,16.767177096078225,72.43315675847522,171,0,38,9,9,9,True,18,
step83b_track2_screen_0393,track2_screen,8302393,"(4,3,3)",4,3,3,screened_ok,True,152,152,152,64.92957271400255,10.212877421443267,57.818175050792085,152,0,38,9,9,9,True,16,
step83b_track2_screen_0394,track2_screen,8302394,"(3,4,3)",3,4,3,screened_ok,True,152,152,152,169.50686683414685,9.203225760047914,57.592897713401534,152,0,38,9,9,9,True,18,
step83b_track2_screen_0395,track2_screen,8302395,"(4,4,4)",4,4,4,screened_ok,True,190,190,190,125.70036950753124,14.460219376728626,82.02768803664377,190,0,38,9,9,9,True,18,
step83b_track2_screen_0396,track2_screen,8302396,"(4,4,2)",4,4,2,screened_ok,True,152,152,152,144.08242351135252,10.441777146256063,63.70281558552653,152,0,38,9,9,9,True,14,
step83b_track2_screen_0397,track2_screen,8302397,"(3,3,3)",3,3,3,screened_ok,True,133,133,133,79.13627874955057,11.867192059491826,53.68349257790291,133,0,38,9,9,9,True,18,
step83b_track2_screen_0398,track2_screen,8302398,"(4,4,3)",4,4,3,screened_ok,True,171,171,171,138.17085068491957,11.360926071531262,71.25871933250153,171,0,38,9,9,9,True,17,
step83b_track2_screen_0399,track2_screen,8302399,"(4,3,3)",4,3,3,screened_ok,True,152,152,152,103.80122532077326,8.911555008881242,60.09999537466103,152,0,38,9,9,9,True,15,
step83b_track2_screen_0400,track2_screen,8302400,"(3,4,3)",3,4,3,screened_ok,True,152,152,152,192.58151076405375,14.414608326418312,69.89477200406257,152,0,38,9,9,9,True,17,
step83b_track2_screen_0401,track2_screen,8302401,"(4,4,4)",4,4,4,screened_ok,True,190,190,190,129.29958566546767,13.540826236919628,81.81071047179177,190,0,38,9,9,9,True,17,
step83b_track2_screen_0402,track2_screen,8302402,"(4,4,2)",4,4,2,screened_ok,True,152,152,152,159.1782608211933,10.928348187711457,62.554393777911145,152,0,38,9,9,9,True,14,
step83b_track2_screen_0403,track2_screen,8302403,"(3,3,3)",3,3,3,screened_ok,True,133,133,133,64.1523444656846,9.344992593524221,53.05582721902481,133,0,38,9,9,9,True,17,
step83b_track2_screen_0404,track2_screen,8302404,"(4,4,3)",4,4,3,screened_ok,True,171,171,171,143.32293905752974,11.89184184576273,67.86032257588877,171,0,38,9,9,9,True,17,
step83b_track2_screen_0405,track2_screen,8302405,"(4,3,3)",4,3,3,screened_ok,True,152,152,152,108.62750251842465,8.980457138874462,60.96927185050256,152,0,38,9,9,9,True,17,
step83b_track2_screen_0406,track2_screen,8302406,"(3,4,3)",3,4,3,screened_ok,True,152,152,152,104.16438871319414,11.180458684380902,63.95981308240931,152,0,38,9,9,9,True,15,
step83b_track2_screen_0407,track2_screen,8302407,"(4,4,4)",4,4,4,screened_ok,True,190,190,190,255.2822928263118,12.743740683912687,83.89991930176448,190,0,38,9,9,9,True,18,
step83b_track2_screen_0408,track2_screen,8302408,"(4,4,2)",4,4,2,screened_ok,True,152,152,152,99.10230433929544,7.9002686930295,52.905251784131224,152,0,38,9,9,9,True,14,
step83b_track2_screen_0409,track2_screen,8302409,"(3,3,3)",3,3,3,screened_ok,True,133,133,133,73.11917126608934,15.145784536877027,55.218627372169934,133,0,38,9,9,9,True,17,
step83b_track2_screen_0410,track2_screen,8302410,"(4,4,3)",4,4,3,screened_ok,True,171,171,171,129.80712947309408,12.584997661983502,73.64741169766634,171,0,38,9,9,9,True,16,
step83b_track2_screen_0411,track2_screen,8302411,"(4,3,3)",4,3,3,screened_ok,True,152,152,152,67.72766807443853,13.134700695359724,66.85749019870129,152,0,38,9,9,9,True,16,
step83b_track2_screen_0412,track2_screen,8302412,"(3,4,3)",3,4,3,screened_ok,True,152,152,152,106.65497245393749,11.077077001534224,66.52524489572727,152,0,38,9,9,9,True,18,
step83b_track2_screen_0413,track2_screen,8302413,"(4,4,4)",4,4,4,screened_ok,True,190,190,190,98.85811567780166,8.919571489507764,70.75917027191946,190,0,38,9,9,9,True,17,
step83b_track2_screen_0414,track2_screen,8302414,"(4,4,2)",4,4,2,screened_ok,True,152,152,152,153.19983719537203,9.794632073603003,56.749637163897745,152,0,38,9,9,9,True,13,
step83b_track2_screen_0415,track2_screen,8302415,"(3,3,3)",3,3,3,screened_ok,True,133,133,133,68.18174268038372,11.830416907890903,56.12149525564426,133,0,38,9,8,9,True,18,
step83b_track2_screen_0416,track2_screen,8302416,"(4,4,3)",4,4,3,screened_ok,True,171,171,171,145.74912070322262,10.153051056337283,62.55602449723402,171,0,38,9,9,9,True,18,
step83b_track2_screen_0417,track2_screen,8302417,"(4,3,3)",4,3,3,screened_ok,True,152,152,152,90.64293943284035,13.255192530787493,66.1518275956102,152,0,38,9,9,9,True,18,
step83b_track2_screen_0418,track2_screen,8302418,"(3,4,3)",3,4,3,screened_ok,True,152,152,152,98.8993811624483,12.75120410794441,69.71982029741328,152,0,38,9,9,9,True,19,
step83b_track2_screen_0419,track2_screen,8302419,"(4,4,4)",4,4,4,screened_ok,True,190,190,190,171.08281731122185,12.549938361524339,81.87165480925638,190,0,38,9,9,9,True,18,
step83b_track2_screen_0420,track2_screen,8302420,"(4,4,2)",4,4,2,screened_ok,True,152,152,152,87.05245943737705,8.614190986531465,54.98177997074604,152,0,38,9,9,9,True,17,
step83b_track2_screen_0421,track2_screen,8302421,"(3,3,3)",3,3,3,screened_ok,True,133,133,133,87.3509555138091,9.553298895797397,52.10478885230391,133,0,38,9,9,9,True,17,
step83b_track2_screen_0422,track2_screen,8302422,"(4,4,3)",4,4,3,screened_ok,True,171,171,171,135.80969543955197,10.641981963302701,67.13227381975689,171,0,38,9,9,9,True,19,
step83b_track2_screen_0423,track2_screen,8302423,"(4,3,3)",4,3,3,screened_ok,True,152,152,152,108.36191529079642,12.14087180718294,54.85214162396405,152,0,38,9,9,9,True,17,
step83b_track2_screen_0424,track2_screen,8302424,"(3,4,3)",3,4,3,screened_ok,True,152,152,152,129.09825909991878,12.738371890501652,59.88904540664578,152,0,38,9,9,9,True,16,
step83b_track2_screen_0425,track2_screen,8302425,"(4,4,4)",4,4,4,screened_ok,True,190,190,190,203.4114570332857,12.520454055353628,78.61953831256389,190,0,38,9,9,9,True,19,
step83b_track2_screen_0426,track2_screen,8302426,"(4,4,2)",4,4,2,screened_ok,True,152,152,152,102.63967343640203,13.712072231899905,62.81780552583543,152,0,38,8,9,9,False,14,
step83b_track2_screen_0427,track2_screen,8302427,"(3,3,3)",3,3,3,screened_ok,True,133,133,133,50.5344130042831,10.771364641258264,58.325817429364264,133,0,38,9,9,9,True,15,
step83b_track2_screen_0428,track2_screen,8302428,"(4,4,3)",4,4,3,screened_ok,True,171,171,171,144.72030703031817,12.34931698920872,69.82907483937218,171,0,38,9,9,9,True,16,
step83b_track2_screen_0429,track2_screen,8302429,"(4,3,3)",4,3,3,screened_ok,True,152,152,152,80.1663182779123,10.871080455041813,60.95984825736789,152,0,38,9,9,9,True,17,
step83b_track2_screen_0430,track2_screen,8302430,"(3,4,3)",3,4,3,screened_ok,True,152,152,152,191.69915296261001,11.221508256253216,61.87540097471917,152,0,38,9,8,9,True,17,
step83b_track2_screen_0431,track2_screen,8302431,"(4,4,4)",4,4,4,screened_ok,True,190,190,190,187.45433327904902,9.024866017874157,73.2611226115469,190,0,38,9,9,9,True,17,
step83b_track2_screen_0432,track2_screen,8302432,"(4,4,2)",4,4,2,screened_ok,True,152,152,152,100.77786950513786,8.16905912713058,52.10400445885398,152,0,38,9,9,9,True,16,
step83b_track2_screen_0433,track2_screen,8302433,"(3,3,3)",3,3,3,screened_ok,True,133,133,133,92.79095221709343,9.388250888146079,53.74457038014465,133,0,38,9,9,9,True,17,
step83b_track2_screen_0434,track2_screen,8302434,"(4,4,3)",4,4,3,screened_ok,True,171,171,171,128.3667963285645,10.941429272314002,78.2913025936223,171,0,38,9,9,9,True,18,
step83b_track2_screen_0435,track2_screen,8302435,"(4,3,3)",4,3,3,screened_ok,True,152,152,152,109.58366443648349,9.864289820186702,61.27445097724214,152,0,38,9,9,9,True,16,
step83b_track2_screen_0436,track2_screen,8302436,"(3,4,3)",3,4,3,screened_ok,True,152,152,152,81.2481852347981,11.64831793674816,61.73621295000323,152,0,38,9,9,9,True,18,
step83b_track2_screen_0437,track2_screen,8302437,"(4,4,4)",4,4,4,screened_ok,True,190,190,190,129.51426221644684,11.929301127244413,76.771144978758,190,0,38,9,9,9,True,18,
step83b_track2_screen_0438,track2_screen,8302438,"(4,4,2)",4,4,2,screened_ok,True,152,152,152,186.1326527964573,10.78873253050644,57.01175529821927,152,0,38,9,9,9,True,12,
step83b_track2_screen_0439,track2_screen,8302439,"(3,3,3)",3,3,3,screened_ok,True,133,133,133,70.82176918003994,9.19454192326687,54.744723238261535,133,0,38,9,9,9,True,18,
step83b_track2_screen_0440,track2_screen,8302440,"(4,4,3)",4,4,3,screened_ok,True,171,171,171,129.14419871792722,11.024796296856335,66.3271874888237,171,0,38,9,9,9,True,18,
step83b_track2_screen_0441,track2_screen,8302441,"(4,3,3)",4,3,3,screened_ok,True,152,152,152,64.04575607285886,10.89917054546054,62.91274426613295,152,0,38,9,9,9,True,16,
step83b_track2_screen_0442,track2_screen,8302442,"(3,4,3)",3,4,3,screened_ok,True,152,152,152,174.97915671511575,9.642989831603671,61.70963352884737,152,0,38,9,9,9,True,17,
step83b_track2_screen_0443,track2_screen,8302443,"(4,4,4)",4,4,4,screened_ok,True,190,190,190,204.98940811219956,13.0369829151416,80.9844484178745,190,0,38,9,9,9,True,18,
step83b_track2_screen_0444,track2_screen,8302444,"(4,4,2)",4,4,2,screened_ok,True,152,152,152,82.07527680676034,8.974809819755013,52.14723715371536,152,0,38,9,9,9,True,15,
step83b_track2_screen_0445,track2_screen,8302445,"(3,3,3)",3,3,3,screened_ok,True,133,133,133,63.448826153656825,9.632800540917469,53.748969813449584,133,0,38,9,9,9,True,15,
step83b_track2_screen_0446,track2_screen,8302446,"(4,4,3)",4,4,3,screened_ok,True,171,171,171,133.98769818951493,11.62688903845119,66.04482257060594,171,0,38,9,9,9,True,18,
step83b_track2_screen_0447,track2_screen,8302447,"(4,3,3)",4,3,3,screened_ok,True,152,152,152,166.60345728538826,10.204068029852905,63.42839204964362,152,0,38,9,9,9,True,18,
step83b_track2_screen_0448,track2_screen,8302448,"(3,4,3)",3,4,3,screened_ok,True,152,152,152,63.05906939490174,9.892877631731388,56.513315209023595,152,0,38,9,9,9,True,17,
step83b_track2_screen_0449,track2_screen,8302449,"(4,4,4)",4,4,4,screened_ok,True,190,190,190,254.38691838063525,13.001143666806954,80.38674328026684,190,0,38,9,9,9,True,18,
step83b_track2_screen_0450,track2_screen,8302450,"(4,4,2)",4,4,2,screened_ok,True,152,152,152,72.95611150741367,10.348641411130746,58.9862982584534,152,0,38,9,9,9,True,14,
step83b_track2_screen_0451,track2_screen,8302451,"(3,3,3)",3,3,3,screened_ok,True,133,133,133,95.02135053946901,9.741519658959607,54.4005541963168,133,0,38,9,9,9,True,17,
step83b_track2_screen_0452,track2_screen,8302452,"(4,4,3)",4,4,3,screened_ok,True,171,171,171,164.99061994397255,13.044120618773373,66.45506179584059,171,0,38,9,9,9,True,18,
step83b_track2_screen_0453,track2_screen,8302453,"(4,3,3)",4,3,3,screened_ok,True,152,152,152,137.5340307129883,10.201516062602682,57.27018084451353,152,0,38,9,9,9,True,18,
step83b_track2_screen_0454,track2_screen,8302454,"(3,4,3)",3,4,3,screened_ok,True,152,152,152,89.15327589934188,11.016945608102553,67.24844711347193,152,0,38,9,9,9,True,15,
step83b_track2_screen_0455,track2_screen,8302455,"(4,4,4)",4,4,4,screened_ok,True,190,190,190,191.9594827020773,11.551453445544666,87.4870015211407,190,0,38,9,9,9,True,19,
step83b_track2_screen_0456,track2_screen,8302456,"(4,4,2)",4,4,2,screened_ok,True,152,152,152,80.01235073085778,11.316037834185211,56.65313224679063,152,0,38,9,9,9,True,17,
step83b_track2_screen_0457,track2_screen,8302457,"(3,3,3)",3,3,3,screened_ok,True,133,133,133,41.81113611295842,9.957076399507308,52.18528807742692,133,0,38,9,9,9,True,19,
step83b_track2_screen_0458,track2_screen,8302458,"(4,4,3)",4,4,3,screened_ok,True,171,171,171,105.92567579958246,11.288888205809418,70.31376247024006,171,0,38,9,9,9,True,16,
step83b_track2_screen_0459,track2_screen,8302459,"(4,3,3)",4,3,3,screened_ok,True,152,152,152,88.36892712930941,11.432745161409121,62.08085610373734,152,0,38,9,9,9,True,16,
step83b_track2_screen_0460,track2_screen,8302460,"(3,4,3)",3,4,3,screened_ok,True,152,152,152,83.37310547922505,9.435565800272236,60.84532707743012,152,0,38,9,9,9,True,17,
step83b_track2_screen_0461,track2_screen,8302461,"(4,4,4)",4,4,4,screened_ok,True,190,190,190,164.81305189068826,14.327493939307887,80.97610554140527,190,0,38,9,9,9,True,18,
step83b_track2_screen_0462,track2_screen,8302462,"(4,4,2)",4,4,2,screened_ok,True,152,152,152,102.21131082848592,12.647429458539357,61.99769920291515,152,0,38,8,9,9,False,13,
step83b_track2_screen_0463,track2_screen,8302463,"(3,3,3)",3,3,3,screened_ok,True,133,133,133,74.81115838578836,9.470301941522958,48.309912623301585,133,0,38,9,9,9,True,14,
step83b_track2_screen_0464,track2_screen,8302464,"(4,4,3)",4,4,3,screened_ok,True,171,171,171,115.81678437261591,12.64594213122841,65.1371464379589,171,0,38,9,9,9,True,17,
step83b_track2_screen_0465,track2_screen,8302465,"(4,3,3)",4,3,3,screened_ok,True,152,152,152,61.179926830829295,9.584124877425342,59.05541759027976,152,0,38,9,9,9,True,18,
step83b_track2_screen_0466,track2_screen,8302466,"(3,4,3)",3,4,3,screened_ok,True,152,152,152,78.42833905892624,9.711979331708346,62.782436617411584,152,0,38,9,9,9,True,17,
step83b_track2_screen_0467,track2_screen,8302467,"(4,4,4)",4,4,4,screened_ok,True,190,190,190,172.39363058652836,13.076766132008288,90.70047858637967,190,0,38,9,9,9,True,18,
step83b_track2_screen_0468,track2_screen,8302468,"(4,4,2)",4,4,2,screened_ok,True,152,152,152,64.82403929157728,13.62401416601466,64.0586311651366,152,0,38,9,9,9,True,14,
step83b_track2_screen_0469,track2_screen,8302469,"(3,3,3)",3,3,3,screened_ok,True,133,133,133,84.6131371750649,10.27273866296257,56.79423133556314,133,0,38,9,9,9,True,17,
step83b_track2_screen_0470,track2_screen,8302470,"(4,4,3)",4,4,3,screened_ok,True,171,171,171,170.79040552263956,12.725823012728712,73.73267798893264,171,0,38,9,9,9,True,15,
step83b_track2_screen_0471,track2_screen,8302471,"(4,3,3)",4,3,3,screened_ok,True,152,152,152,72.91875352557894,11.101179699063948,61.85050800766006,152,0,38,9,9,9,True,17,
step83b_track2_screen_0472,track2_screen,8302472,"(3,4,3)",3,4,3,screened_ok,True,152,152,152,172.95209135964518,12.163010983119806,61.51113171052916,152,0,38,9,9,9,True,18,
step83b_track2_screen_0473,track2_screen,8302473,"(4,4,4)",4,4,4,screened_ok,True,190,190,190,172.32355878850387,12.360368604884941,78.25804206818584,190,0,38,9,9,9,True,17,
step83b_track2_screen_0474,track2_screen,8302474,"(4,4,2)",4,4,2,screened_ok,True,152,152,152,107.377630675867,8.494344687147064,56.72722654198081,152,0,38,9,9,9,True,14,
step83b_track2_screen_0475,track2_screen,8302475,"(3,3,3)",3,3,3,screened_ok,True,133,133,133,58.665128061761166,8.647349770610994,51.92962807647251,133,0,38,9,9,9,True,17,
step83b_track2_screen_0476,track2_screen,8302476,"(4,4,3)",4,4,3,screened_ok,True,171,171,171,148.14888817806929,9.84505935758508,74.32175367057962,171,0,38,9,9,9,True,17,
step83b_track2_screen_0477,track2_screen,8302477,"(4,3,3)",4,3,3,screened_ok,True,152,152,152,117.25483251856612,14.697813856487638,62.78839777364117,152,0,38,9,9,9,True,16,
step83b_track2_screen_0478,track2_screen,8302478,"(3,4,3)",3,4,3,screened_ok,True,152,152,152,82.88643460135225,12.713238519753354,67.4432485527513,152,0,38,9,9,9,True,17,
step83b_track2_screen_0479,track2_screen,8302479,"(4,4,4)",4,4,4,screened_ok,True,190,190,190,167.81720765020316,11.887067330535007,80.22998924521677,190,0,38,9,9,9,True,16,
step83b_track2_screen_0480,track2_screen,8302480,"(4,4,2)",4,4,2,screened_ok,True,152,152,152,56.61182960155497,8.448065787106719,57.54594717583805,152,0,38,9,9,9,True,14,
step83b_track2_screen_0481,track2_screen,8302481,"(3,3,3)",3,3,3,screened_ok,True,133,133,133,182.56090184122831,10.767939783504172,50.76948002374116,133,0,38,9,9,9,True,15,
step83b_track2_screen_0482,track2_screen,8302482,"(4,4,3)",4,4,3,screened_ok,True,171,171,171,128.70445880970004,11.73641642023829,71.01615423242397,171,0,38,9,9,9,True,17,
step83b_track2_screen_0483,track2_screen,8302483,"(4,3,3)",4,3,3,screened_ok,True,152,152,152,102.423228422457,11.228596937610433,69.74072420329888,152,0,38,9,9,9,True,17,
step83b_track2_screen_0484,track2_screen,8302484,"(3,4,3)",3,4,3,screened_ok,True,152,152,152,141.47091389897872,9.211108485157268,62.55235800874483,152,0,38,9,9,9,True,16,
step83b_track2_screen_0485,track2_screen,8302485,"(4,4,4)",4,4,4,screened_ok,True,190,190,190,152.95363332908363,14.66050829539454,73.21470435825314,190,0,38,9,9,9,True,18,
step83b_track2_screen_0486,track2_screen,8302486,"(4,4,2)",4,4,2,screened_ok,True,152,152,152,73.26619119816783,8.738429477324045,52.187079140299694,152,0,38,9,9,9,True,14,
step83b_track2_screen_0487,track2_screen,8302487,"(3,3,3)",3,3,3,screened_ok,True,133,133,133,83.12612587009045,6.659936468255142,43.829241037478596,133,0,38,9,9,9,True,18,
step83b_track2_screen_0488,track2_screen,8302488,"(4,4,3)",4,4,3,screened_ok,True,171,171,171,94.12682749375752,11.595450416975265,66.93136453920461,171,0,38,9,9,9,True,16,
step83b_track2_screen_0489,track2_screen,8302489,"(4,3,3)",4,3,3,screened_ok,True,152,152,152,128.35760286562117,13.558314212842477,62.75016951288928,152,0,38,9,9,9,True,14,
step83b_track2_screen_0490,track2_screen,8302490,"(3,4,3)",3,4,3,screened_ok,True,152,152,152,79.08342275961466,10.26237894166192,56.39227401709478,152,0,38,9,9,9,True,16,
step83b_track2_screen_0491,track2_screen,8302491,"(4,4,4)",4,4,4,screened_ok,True,190,190,190,126.69551997795661,12.132176371445553,80.02548937575325,190,0,38,9,9,9,True,18,
step83b_track2_screen_0492,track2_screen,8302492,"(4,4,2)",4,4,2,screened_ok,True,152,152,152,71.88580625150584,8.437001762543082,55.66717833883997,152,0,38,9,9,9,True,17,
step83b_track2_screen_0493,track2_screen,8302493,"(3,3,3)",3,3,3,screened_ok,True,133,133,133,110.26267314907889,8.399661407429189,52.70461799536067,133,0,38,9,9,9,True,16,
step83b_track2_screen_0494,track2_screen,8302494,"(4,4,3)",4,4,3,screened_ok,True,171,171,171,164.62832590603142,10.6930162766434,65.77203040928546,171,0,38,9,9,9,True,17,
step83b_track2_screen_0495,track2_screen,8302495,"(4,3,3)",4,3,3,screened_ok,True,152,152,152,122.53283161680372,10.113765242974653,65.05619179153463,152,0,38,9,9,9,True,16,
step83b_track2_screen_0496,track2_screen,8302496,"(3,4,3)",3,4,3,screened_ok,True,152,152,152,94.3030481180259,11.931903558370486,63.447804793524575,152,0,38,9,9,9,True,17,
step83b_track2_screen_0497,track2_screen,8302497,"(4,4,4)",4,4,4,screened_ok,True,190,190,190,184.322589656875,15.302735102313319,81.3693839583649,190,0,38,9,9,9,True,17,
step83b_track2_screen_0498,track2_screen,8302498,"(4,4,2)",4,4,2,screened_ok,True,152,152,152,106.05750694027293,7.782068529465171,57.722576691807916,152,0,38,9,9,9,True,16,
step83b_track2_screen_0499,track2_screen,8302499,"(3,3,3)",3,3,3,screened_ok,True,133,133,133,123.55140048832817,9.763206191111683,51.77523582064848,133,0,38,9,9,9,True,18,
step83b_track2_screen_0500,track2_screen,8302500,"(4,4,3)",4,4,3,screened_ok,True,171,171,171,198.35150740995485,11.068587457854235,64.88195634603244,171,0,38,9,9,9,True,17,
step83b_track2_screen_0501,track2_screen,8302501,"(4,3,3)",4,3,3,screened_ok,True,152,152,152,83.30878550403497,11.262858791388096,67.57822085772732,152,0,38,9,9,9,True,16,
step83b_track2_screen_0502,track2_screen,8302502,"(3,4,3)",3,4,3,screened_ok,True,152,152,152,82.00497303936639,9.30689005042686,59.59435836859267,152,0,38,9,9,9,True,19,
step83b_track2_screen_0503,track2_screen,8302503,"(4,4,4)",4,4,4,screened_ok,True,190,190,190,218.07078251598477,12.828766428251985,81.0865077164079,190,0,38,9,9,9,True,18,
step83b_track2_screen_0504,track2_screen,8302504,"(4,4,2)",4,4,2,screened_ok,True,152,152,152,168.8438365067272,11.378835357387151,63.874089726498596,152,0,38,9,9,9,True,15,
step83b_track2_screen_0505,track2_screen,8302505,"(3,3,3)",3,3,3,screened_ok,True,133,133,133,98.08660630912647,9.51713615043399,52.75558336183687,133,0,38,9,9,9,True,17,
step83b_track2_screen_0506,track2_screen,8302506,"(4,4,3)",4,4,3,screened_ok,True,171,171,171,127.42513088588458,12.247112266981286,86.12781385295298,171,0,38,9,9,9,True,15,
step83b_track2_screen_0507,track2_screen,8302507,"(4,3,3)",4,3,3,screened_ok,True,152,152,152,118.80943236204247,12.13632324522746,68.29946993211723,152,0,38,9,9,9,True,19,
step83b_track2_screen_0508,track2_screen,8302508,"(3,4,3)",3,4,3,screened_ok,True,152,152,152,102.22179861473298,12.112236950905318,58.56270959586781,152,0,38,9,9,9,True,17,
step83b_track2_screen_0509,track2_screen,8302509,"(4,4,4)",4,4,4,screened_ok,True,190,190,190,128.84394956347452,13.990546918822265,77.62982461932289,190,0,38,9,9,9,True,19,
step83b_track2_screen_0510,track2_screen,8302510,"(4,4,2)",4,4,2,screened_ok,True,152,152,152,132.83548056255205,15.197368993078062,61.65947533754303,152,0,38,9,9,9,True,14,
step83b_track2_screen_0511,track2_screen,8302511,"(3,3,3)",3,3,3,screened_ok,True,133,133,133,82.18023451806455,10.238420967252836,59.20157059766465,133,0,38,9,9,9,True,16,
step83b_track2_screen_0512,track2_screen,8302512,"(4,4,3)",4,4,3,screened_ok,True,171,171,171,104.82835789583832,14.998931711576937,76.33318858629991,171,0,38,9,9,9,True,16,
step83b_track2_screen_0513,track2_screen,8302513,"(4,3,3)",4,3,3,screened_ok,True,152,152,152,79.97044110747507,8.509084751713676,56.761517915316176,152,0,38,9,9,9,True,18,
step83b_track2_screen_0514,track2_screen,8302514,"(3,4,3)",3,4,3,screened_ok,True,152,152,152,117.23691132855254,9.663835469752037,56.334275885161915,152,0,38,9,9,9,True,17,
step83b_track2_screen_0515,track2_screen,8302515,"(4,4,4)",4,4,4,screened_ok,True,190,190,190,129.64521942184723,11.353900906189795,76.31756754574504,190,0,38,9,9,9,True,18,
step83b_track2_screen_0516,track2_screen,8302516,"(4,4,2)",4,4,2,screened_ok,True,152,152,152,102.35432437583188,9.547394450168571,57.176320781273276,152,0,38,9,9,9,True,16,
step83b_track2_screen_0517,track2_screen,8302517,"(3,3,3)",3,3,3,screened_ok,True,133,133,133,60.21453338632885,9.044070980356935,49.517118278596236,133,0,38,9,9,9,True,18,
step83b_track2_screen_0518,track2_screen,8302518,"(4,4,3)",4,4,3,screened_ok,True,171,171,171,164.23823599115048,10.632313737640164,63.12655261943622,171,0,38,9,9,9,True,18,
step83b_track2_screen_0519,track2_screen,8302519,"(4,3,3)",4,3,3,screened_ok,True,152,152,152,105.16608981465635,11.039499950235534,56.287411142727386,152,0,38,9,9,9,True,19,
step83b_track2_screen_0520,track2_screen,8302520,"(3,4,3)",3,4,3,screened_ok,True,152,152,152,161.8000400869505,13.114670433585314,63.25579119283466,152,0,38,9,9,9,True,19,
step83b_track2_screen_0521,track2_screen,8302521,"(4,4,4)",4,4,4,screened_ok,True,190,190,190,129.41510958227394,12.000215106568266,77.85917734239518,190,0,38,9,9,9,True,17,
step83b_track2_screen_0522,track2_screen,8302522,"(4,4,2)",4,4,2,screened_ok,True,152,152,152,93.40685520668367,10.47771405860232,56.12970678224712,152,0,38,9,9,9,True,16,
step83b_track2_screen_0523,track2_screen,8302523,"(3,3,3)",3,3,3,screened_ok,True,133,133,133,63.8512522732234,10.728887269604522,47.24840375849327,133,0,38,9,9,9,True,17,
step83b_track2_screen_0524,track2_screen,8302524,"(4,4,3)",4,4,3,screened_ok,True,171,171,171,180.36531541943273,10.974851110850064,70.36803983131131,171,0,38,9,9,9,True,18,
step83b_track2_screen_0525,track2_screen,8302525,"(4,3,3)",4,3,3,screened_ok,True,152,152,152,84.81046872372674,10.871788281033348,58.98364887382915,152,0,38,9,9,9,True,15,
step83b_track2_screen_0526,track2_screen,8302526,"(3,4,3)",3,4,3,screened_ok,True,152,152,152,80.0071081138958,9.90665893169448,61.695718430445375,152,0,38,9,9,9,True,18,
step83b_track2_screen_0527,track2_screen,8302527,"(4,4,4)",4,4,4,screened_ok,True,190,190,190,231.4442489422648,11.086958973618906,78.12927832399406,190,0,38,9,9,9,True,18,
step83b_track2_screen_0528,track2_screen,8302528,"(4,4,2)",4,4,2,screened_ok,True,152,152,152,69.22559294072296,9.599022793765755,57.87583598274799,152,0,38,9,9,9,True,15,
step83b_track2_screen_0529,track2_screen,8302529,"(3,3,3)",3,3,3,screened_ok,True,133,133,133,138.52203147878072,11.724158034166482,56.551764162774745,133,0,38,9,9,9,True,18,
step83b_track2_screen_0530,track2_screen,8302530,"(4,4,3)",4,4,3,screened_ok,True,171,171,171,198.05478258850647,10.364944836169943,70.5325550628155,171,0,38,9,9,9,True,18,
step83b_track2_screen_0531,track2_screen,8302531,"(4,3,3)",4,3,3,screened_ok,True,152,152,152,110.56399343590562,13.000682006148239,62.82737787842942,152,0,38,9,9,9,True,16,
step83b_track2_screen_0532,track2_screen,8302532,"(3,4,3)",3,4,3,screened_ok,True,152,152,152,192.9857316523684,12.262223686188072,59.173523413723736,152,0,38,9,9,9,True,15,
step83b_track2_screen_0533,track2_screen,8302533,"(4,4,4)",4,4,4,screened_ok,True,190,190,190,113.40401650838523,14.721387711337767,93.53384227297852,190,0,38,9,9,9,True,18,
step83b_track2_screen_0534,track2_screen,8302534,"(4,4,2)",4,4,2,screened_ok,True,152,152,152,134.37908669566497,9.824941421331987,52.62048252441326,152,0,38,9,9,9,True,13,
step83b_track2_screen_0535,track2_screen,8302535,"(3,3,3)",3,3,3,screened_ok,True,133,133,133,50.11044791564544,10.7625240131442,53.7296919776436,133,0,38,9,9,9,True,17,
step83b_track2_screen_0536,track2_screen,8302536,"(4,4,3)",4,4,3,screened_ok,True,171,171,171,108.890566530272,9.540903741303604,60.97416099689089,171,0,38,9,9,9,True,19,
step83b_track2_screen_0537,track2_screen,8302537,"(4,3,3)",4,3,3,screened_ok,True,152,152,152,73.56433214314079,11.872262603925051,61.523417899820615,152,0,38,9,9,9,True,17,
step83b_track2_screen_0538,track2_screen,8302538,"(3,4,3)",3,4,3,screened_ok,True,152,152,152,102.6858887227674,10.798808305503531,59.26270782069373,152,0,38,9,9,9,True,17,
step83b_track2_screen_0539,track2_screen,8302539,"(4,4,4)",4,4,4,screened_ok,True,190,190,190,182.68250228816223,11.41452833661156,78.93182746548129,190,0,38,9,9,9,True,19,
step83b_track2_screen_0540,track2_screen,8302540,"(4,4,2)",4,4,2,screened_ok,True,152,152,152,163.25651981398786,9.407092418146302,65.16767407892134,152,0,38,9,9,9,True,15,
step83b_track2_screen_0541,track2_screen,8302541,"(3,3,3)",3,3,3,screened_ok,True,133,133,133,77.5595690220415,9.209295727998771,50.99406651442634,133,0,38,9,9,9,True,18,
step83b_track2_screen_0542,track2_screen,8302542,"(4,4,3)",4,4,3,screened_ok,True,171,171,171,110.72480753482212,12.09456433109557,75.75782300198033,171,0,38,9,9,9,True,16,
step83b_track2_screen_0543,track2_screen,8302543,"(4,3,3)",4,3,3,screened_ok,True,152,152,152,71.82908145495054,9.673060435896183,58.54458018051931,152,0,38,9,9,9,True,18,
step83b_track2_screen_0544,track2_screen,8302544,"(3,4,3)",3,4,3,screened_ok,True,152,152,152,185.4665699094336,9.738573504078865,52.432533446998065,152,0,38,9,9,9,True,17,
step83b_track2_screen_0545,track2_screen,8302545,"(4,4,4)",4,4,4,screened_ok,True,190,190,190,117.35235967090391,10.441142365161149,79.080454769127,190,0,38,9,9,9,True,17,
step83b_track2_screen_0546,track2_screen,8302546,"(4,4,2)",4,4,2,screened_ok,True,152,152,152,140.04453630129234,9.860750686712088,54.196024217837156,152,0,38,9,9,9,True,15,
step83b_track2_screen_0547,track2_screen,8302547,"(3,3,3)",3,3,3,screened_ok,True,133,133,133,67.84174731613443,7.6739236264296675,45.93420250462634,133,0,38,9,9,9,True,17,
step83b_track2_screen_0548,track2_screen,8302548,"(4,4,3)",4,4,3,screened_ok,True,171,171,171,110.13430665074583,12.160721563638528,70.4063943998714,171,0,38,9,9,9,True,16,
step83b_track2_screen_0549,track2_screen,8302549,"(4,3,3)",4,3,3,screened_ok,True,152,152,152,98.79747092511069,9.654684630345795,58.76697841085687,152,0,38,9,9,9,True,18,
step83b_track2_screen_0550,track2_screen,8302550,"(3,4,3)",3,4,3,screened_ok,True,152,152,152,147.33132484197964,14.27250026828089,70.27506765154642,152,0,38,9,9,9,True,18,
step83b_track2_screen_0551,track2_screen,8302551,"(4,4,4)",4,4,4,screened_ok,True,190,190,190,219.6725485486516,10.759737677540201,78.81506519962818,190,0,38,9,9,9,True,18,
step83b_track2_screen_0552,track2_screen,8302552,"(4,4,2)",4,4,2,screened_ok,True,152,152,152,139.16730738717555,11.649732090216858,57.818066949792424,152,0,38,9,9,9,True,13,
step83b_track2_screen_0553,track2_screen,8302553,"(3,3,3)",3,3,3,screened_ok,True,133,133,133,76.032121431193,8.311021349616087,46.854460058758335,133,0,38,9,9,9,True,18,
step83b_track2_screen_0554,track2_screen,8302554,"(4,4,3)",4,4,3,screened_ok,True,171,171,171,98.43028822793613,10.462114747036571,65.95238039476767,171,0,38,9,9,9,True,17,
step83b_track2_screen_0555,track2_screen,8302555,"(4,3,3)",4,3,3,screened_ok,True,152,152,152,163.11077321731864,9.009990072353041,68.42174371091723,152,0,38,9,9,9,True,17,
step83b_track2_screen_0556,track2_screen,8302556,"(3,4,3)",3,4,3,screened_ok,True,152,152,152,69.60294831888511,10.45656551156369,60.54700944738425,152,0,38,9,9,9,True,19,
step83b_track2_screen_0557,track2_screen,8302557,"(4,4,4)",4,4,4,screened_ok,True,190,190,190,154.9696318867479,11.395828983627565,76.73247809071249,190,0,38,9,9,9,True,19,
step83b_track2_screen_0558,track2_screen,8302558,"(4,4,2)",4,4,2,screened_ok,True,152,152,152,83.37682522805444,7.448683345909304,54.60677505624981,152,0,38,9,9,9,True,15,
step83b_track2_screen_0559,track2_screen,8302559,"(3,3,3)",3,3,3,screened_ok,True,133,133,133,65.95120122456625,7.468848452349867,44.4974962323693,133,0,38,9,9,9,True,16,
step83b_track2_screen_0560,track2_screen,8302560,"(4,4,3)",4,4,3,screened_ok,True,171,171,171,140.96070810865345,10.172926519684308,74.63144902351088,171,0,38,9,9,9,True,17,
step83b_track2_screen_0561,track2_screen,8302561,"(4,3,3)",4,3,3,screened_ok,True,152,152,152,145.26888524568375,15.650961942589682,58.388569785147745,152,0,38,9,9,9,True,18,
step83b_track2_screen_0562,track2_screen,8302562,"(3,4,3)",3,4,3,screened_ok,True,152,152,152,97.25829246767204,8.94214128464662,58.44818404058251,152,0,38,9,9,9,True,18,
step83b_track2_screen_0563,track2_screen,8302563,"(4,4,4)",4,4,4,screened_ok,True,190,190,190,172.54556714559152,11.583635865860884,81.07327972736002,190,0,38,9,9,9,True,19,
step83b_track2_screen_0564,track2_screen,8302564,"(4,4,2)",4,4,2,screened_ok,True,152,152,152,68.48715791780376,10.43869147011889,69.6783020843497,152,0,38,9,9,9,True,12,
step83b_track2_screen_0565,track2_screen,8302565,"(3,3,3)",3,3,3,screened_ok,True,133,133,133,78.59829342866864,8.109624789495331,49.0288858742684,133,0,38,9,9,9,True,15,
step83b_track2_screen_0566,track2_screen,8302566,"(4,4,3)",4,4,3,screened_ok,True,171,171,171,113.75592903939646,14.226489159480186,74.0665675832171,171,0,38,9,9,9,True,18,
step83b_track2_screen_0567,track2_screen,8302567,"(4,3,3)",4,3,3,screened_ok,True,152,152,152,155.08532794407435,15.126608403961228,68.1208497709272,152,0,38,9,9,9,True,16,
step83b_track2_screen_0568,track2_screen,8302568,"(3,4,3)",3,4,3,screened_ok,True,152,152,152,80.75262568665858,10.376580782544309,64.88383032421842,152,0,38,9,9,9,True,15,
step83b_track2_screen_0569,track2_screen,8302569,"(4,4,4)",4,4,4,screened_ok,True,190,190,190,178.14131989625128,13.153356080848532,84.68926557180545,190,0,38,9,9,9,True,18,
step83b_track2_screen_0570,track2_screen,8302570,"(4,4,2)",4,4,2,screened_ok,True,152,152,152,116.52153784065531,11.636141422670814,59.821076823586125,152,0,38,9,9,9,True,16,
step83b_track2_screen_0571,track2_screen,8302571,"(3,3,3)",3,3,3,screened_ok,True,133,133,133,85.83926936004444,7.513282686548319,46.994886029398096,133,0,38,9,9,9,True,18,
step83b_track2_screen_0572,track2_screen,8302572,"(4,4,3)",4,4,3,screened_ok,True,171,171,171,127.62739216837993,13.465710063912878,66.67491490222748,171,0,38,9,9,9,True,19,
step83b_track2_screen_0573,track2_screen,8302573,"(4,3,3)",4,3,3,screened_ok,True,152,152,152,180.79822325124715,13.050111813865687,65.02115263268506,152,0,38,9,9,9,True,15,
step83b_track2_screen_0574,track2_screen,8302574,"(3,4,3)",3,4,3,screened_ok,True,152,152,152,141.2738578622516,11.92532071048304,57.953428546089754,152,0,38,9,9,9,True,18,
step83b_track2_screen_0575,track2_screen,8302575,"(4,4,4)",4,4,4,screened_ok,True,190,190,190,163.72263006424822,11.418300578761487,78.37059340053604,190,0,38,9,9,9,True,17,
step83b_track2_screen_0576,track2_screen,8302576,"(4,4,2)",4,4,2,screened_ok,True,152,152,152,116.1415884338293,12.154296037241883,56.29825545468438,152,0,38,9,9,9,True,16,
step83b_track2_screen_0577,track2_screen,8302577,"(3,3,3)",3,3,3,screened_ok,True,133,133,133,62.136189318179866,10.178761330673563,50.60193891151599,133,0,38,9,9,9,True,16,
step83b_track2_screen_0578,track2_screen,8302578,"(4,4,3)",4,4,3,screened_ok,True,171,171,171,109.46100406328786,12.044110845890469,72.13331740986538,171,0,38,9,9,9,True,17,
step83b_track2_screen_0579,track2_screen,8302579,"(4,3,3)",4,3,3,screened_ok,True,152,152,152,95.37640071889905,10.670504658638677,64.18732398189589,152,0,38,9,9,9,True,16,
step83b_track2_screen_0580,track2_screen,8302580,"(3,4,3)",3,4,3,screened_ok,True,152,152,152,100.1990593734564,12.889612845414014,69.26808479021821,152,0,38,9,9,9,True,19,
step83b_track2_screen_0581,track2_screen,8302581,"(4,4,4)",4,4,4,screened_ok,True,190,190,190,169.78603515061172,13.349529125110305,85.52379187100809,190,0,38,9,9,9,True,15,
step83b_track2_screen_0582,track2_screen,8302582,"(4,4,2)",4,4,2,screened_ok,True,152,152,152,117.55733607406744,18.19827671394107,71.8300876580887,152,0,38,9,9,9,True,15,
step83b_track2_screen_0583,track2_screen,8302583,"(3,3,3)",3,3,3,screened_ok,True,133,133,133,50.78643664969095,10.227127147977251,57.60275137351799,133,0,38,9,9,9,True,16,
step83b_track2_screen_0584,track2_screen,8302584,"(4,4,3)",4,4,3,screened_ok,True,171,171,171,81.03498552504432,7.5494023677419495,58.964792536995596,171,0,38,9,9,9,True,17,
step83b_track2_screen_0585,track2_screen,8302585,"(4,3,3)",4,3,3,screened_ok,True,152,152,152,122.52958273093918,8.255251777354319,57.07342075613339,152,0,38,9,9,9,True,17,
step83b_track2_screen_0586,track2_screen,8302586,"(3,4,3)",3,4,3,screened_ok,True,152,152,152,64.76154039789682,10.624597233892313,66.05579442452002,152,0,38,9,9,9,True,15,
step83b_track2_screen_0587,track2_screen,8302587,"(4,4,4)",4,4,4,screened_ok,True,190,190,190,146.41640362261722,13.088431593807908,88.22244227985172,190,0,38,9,9,9,True,18,
step83b_track2_screen_0588,track2_screen,8302588,"(4,4,2)",4,4,2,screened_ok,True,152,152,152,74.5618265000174,14.245379394334881,58.80200839192691,152,0,38,9,9,9,True,14,
step83b_track2_screen_0589,track2_screen,8302589,"(3,3,3)",3,3,3,screened_ok,True,133,133,133,59.01661269001511,10.70650607552215,52.691304761556275,133,0,38,9,9,9,True,16,
step83b_track2_screen_0590,track2_screen,8302590,"(4,4,3)",4,4,3,screened_ok,True,171,171,171,172.45534291801187,9.222391195150971,66.66843840869456,171,0,38,9,9,9,True,17,
step83b_track2_screen_0591,track2_screen,8302591,"(4,3,3)",4,3,3,screened_ok,True,152,152,152,84.72184143184072,11.964726330444773,66.24015380973412,152,0,38,9,9,9,True,19,
step83b_track2_screen_0592,track2_screen,8302592,"(3,4,3)",3,4,3,screened_ok,True,152,152,152,105.08632638589097,11.296755934718885,65.80131083413549,152,0,38,9,9,9,True,18,
step83b_track2_screen_0593,track2_screen,8302593,"(4,4,4)",4,4,4,screened_ok,True,190,190,190,211.08036133808895,14.969582622965707,76.79622250037849,190,0,38,9,9,9,True,17,
step83b_track2_screen_0594,track2_screen,8302594,"(4,4,2)",4,4,2,screened_ok,True,152,152,152,76.23613055708758,11.015281315441335,64.80497556296511,152,0,38,9,9,9,True,16,
step83b_track2_screen_0595,track2_screen,8302595,"(3,3,3)",3,3,3,screened_ok,True,133,133,133,70.82727095348412,7.64535670185401,46.23252417310001,133,0,38,9,9,9,True,18,
step83b_track2_screen_0596,track2_screen,8302596,"(4,4,3)",4,4,3,screened_ok,True,171,171,171,194.9096987394742,11.021536420846576,68.47135078855754,171,0,38,9,9,9,True,16,
step83b_track2_screen_0597,track2_screen,8302597,"(4,3,3)",4,3,3,screened_ok,True,152,152,152,192.86444461855774,8.865313888377894,57.34428992321971,152,0,38,9,9,9,True,16,
step83b_track2_screen_0598,track2_screen,8302598,"(3,4,3)",3,4,3,screened_ok,True,152,152,152,136.46823883895533,8.995043524509018,58.89253829492857,152,0,38,9,9,9,True,18,
step83b_track2_screen_0599,track2_screen,8302599,"(4,4,4)",4,4,4,screened_ok,True,190,190,190,161.81690007760457,11.641171712303144,76.25689339160219,190,0,38,9,9,9,True,18,
step83b_track2_screen_0600,track2_screen,8302600,"(4,4,2)",4,4,2,screened_ok,True,152,152,152,132.28087598783898,10.81704018310266,48.73183873330702,152,0,38,9,9,9,True,13,
step83b_track2_screen_0601,track2_screen,8302601,"(3,3,3)",3,3,3,screened_ok,True,133,133,133,92.04392428289435,9.623516518025976,51.084288739843224,133,0,38,9,9,9,True,18,
step83b_track2_screen_0602,track2_screen,8302602,"(4,4,3)",4,4,3,screened_ok,True,171,171,171,119.30977109311783,13.989850850499487,75.59572911993776,171,0,38,9,9,9,True,17,
step83b_track2_screen_0603,track2_screen,8302603,"(4,3,3)",4,3,3,screened_ok,True,152,152,152,108.04496644302202,10.937197118068108,62.95293409917838,152,0,38,9,9,9,True,17,
step83b_track2_screen_0604,track2_screen,8302604,"(3,4,3)",3,4,3,screened_ok,True,152,152,152,73.23172941776652,10.935536791165603,62.68166057243863,152,0,38,8,9,9,False,17,
step83b_track2_screen_0605,track2_screen,8302605,"(4,4,4)",4,4,4,screened_ok,True,190,190,190,178.0229674482814,10.646576656463623,75.20612935827349,190,0,38,9,9,9,True,17,
step83b_track2_screen_0606,track2_screen,8302606,"(4,4,2)",4,4,2,screened_ok,True,152,152,152,88.32060493290697,10.229994387812976,64.20983483597564,152,0,38,9,9,9,True,15,
step83b_track2_screen_0607,track2_screen,8302607,"(3,3,3)",3,3,3,screened_ok,True,133,133,133,54.903826007611514,8.350557915695493,62.57369604293093,133,0,38,9,9,9,True,15,
step83b_track2_screen_0608,track2_screen,8302608,"(4,4,3)",4,4,3,screened_ok,True,171,171,171,175.31834791808686,10.154623832289229,69.22720971508411,171,0,38,9,9,9,True,15,
step83b_track2_screen_0609,track2_screen,8302609,"(4,3,3)",4,3,3,screened_ok,True,152,152,152,118.05635721174166,13.043185462926635,62.70519993585209,152,0,38,9,9,9,True,18,
step83b_track2_screen_0610,track2_screen,8302610,"(3,4,3)",3,4,3,screened_ok,True,152,152,152,111.23171647637307,10.07199195691317,61.9705033431478,152,0,38,9,9,9,True,18,
step83b_track2_screen_0611,track2_screen,8302611,"(4,4,4)",4,4,4,screened_ok,True,190,190,190,134.67904865513654,10.621708864051602,75.21087242662267,190,0,38,9,9,9,True,19,
step83b_track2_screen_0612,track2_screen,8302612,"(4,4,2)",4,4,2,screened_ok,True,152,152,152,69.21234135877997,8.935901133409818,51.96238146714315,152,0,38,9,9,9,True,15,
step83b_track2_screen_0613,track2_screen,8302613,"(3,3,3)",3,3,3,screened_ok,True,133,133,133,164.9976307283392,7.588522867050546,48.65642561627289,133,0,38,9,9,9,True,19,
step83b_track2_screen_0614,track2_screen,8302614,"(4,4,3)",4,4,3,screened_ok,True,171,171,171,138.88640033791617,12.410272858083438,75.58558171020968,171,0,38,9,9,9,True,16,
step83b_track2_screen_0615,track2_screen,8302615,"(4,3,3)",4,3,3,screened_ok,True,152,152,152,94.22744292595203,10.762745660794266,60.1502425764436,152,0,38,9,9,9,True,16,
step83b_track2_screen_0616,track2_screen,8302616,"(3,4,3)",3,4,3,screened_ok,True,152,152,152,100.03179586459669,11.48653669472406,71.44555206471793,152,0,38,9,9,9,True,17,
step83b_track2_screen_0617,track2_screen,8302617,"(4,4,4)",4,4,4,screened_ok,True,190,190,190,186.02391516114443,10.955149621514613,78.54110372252941,190,0,38,9,9,9,True,18,
step83b_track2_screen_0618,track2_screen,8302618,"(4,4,2)",4,4,2,screened_ok,True,152,152,152,90.08180522520328,16.472818504759612,67.22053978151273,152,0,38,9,9,9,True,15,
step83b_track2_screen_0619,track2_screen,8302619,"(3,3,3)",3,3,3,screened_ok,True,133,133,133,74.35222842560935,8.194798128615686,46.068859488078246,133,0,38,9,9,9,True,19,
step83b_track2_screen_0620,track2_screen,8302620,"(4,4,3)",4,4,3,screened_ok,True,171,171,171,168.91151694987053,12.53129321650739,73.41625314813668,171,0,38,9,9,9,True,15,
step83b_track2_screen_0621,track2_screen,8302621,"(4,3,3)",4,3,3,screened_ok,True,152,152,152,109.63982504909059,10.61468866872363,56.016296346374766,152,0,38,9,9,9,True,19,
step83b_track2_screen_0622,track2_screen,8302622,"(3,4,3)",3,4,3,screened_ok,True,152,152,152,146.58031144510954,10.72080499158239,54.553191782542505,152,0,38,9,9,9,True,16,
step83b_track2_screen_0623,track2_screen,8302623,"(4,4,4)",4,4,4,screened_ok,True,190,190,190,164.58591685790122,13.22293508151314,79.61089946463173,190,0,38,9,9,9,True,16,
step83b_track2_screen_0624,track2_screen,8302624,"(4,4,2)",4,4,2,screened_ok,True,152,152,152,68.75760637712662,9.916776140192079,58.03697934401164,152,0,38,9,9,9,True,15,
step83b_track2_screen_0625,track2_screen,8302625,"(3,3,3)",3,3,3,screened_ok,True,133,133,133,133.76191603505438,15.259663574640115,52.799919082132824,133,0,38,9,9,9,True,16,
step83b_track2_screen_0626,track2_screen,8302626,"(4,4,3)",4,4,3,screened_ok,True,171,171,171,111.21067798516343,13.712319219652361,71.72375815416429,171,0,38,9,9,9,True,19,
step83b_track2_screen_0627,track2_screen,8302627,"(4,3,3)",4,3,3,screened_ok,True,152,152,152,132.38409859591036,11.29626948318603,64.66840983886773,152,0,38,9,9,9,True,17,
step83b_track2_screen_0628,track2_screen,8302628,"(3,4,3)",3,4,3,screened_ok,True,152,152,152,133.19989601543026,10.071756156633061,62.94593960155734,152,0,38,9,9,9,True,18,
step83b_track2_screen_0629,track2_screen,8302629,"(4,4,4)",4,4,4,screened_ok,True,190,190,190,165.54154505393888,12.681287688585012,84.11460352325368,190,0,38,9,9,9,True,19,
step83b_track2_screen_0630,track2_screen,8302630,"(4,4,2)",4,4,2,screened_ok,True,152,152,152,71.96978030194992,8.96458250840323,54.320083703734696,152,0,38,9,9,9,True,15,
step83b_track2_screen_0631,track2_screen,8302631,"(3,3,3)",3,3,3,screened_ok,True,133,133,133,102.92617721858848,7.233388577664437,45.028491674433084,133,0,38,9,9,9,True,16,
step83b_track2_screen_0632,track2_screen,8302632,"(4,4,3)",4,4,3,screened_ok,True,171,171,171,107.18847945850291,11.060547978920063,71.28636408618826,171,0,38,9,9,9,True,17,
step83b_track2_screen_0633,track2_screen,8302633,"(4,3,3)",4,3,3,screened_ok,True,152,152,152,100.87529877102705,11.954885153802882,63.750334430641246,152,0,38,9,9,9,True,19,
step83b_track2_screen_0634,track2_screen,8302634,"(3,4,3)",3,4,3,screened_ok,True,152,152,152,110.90734001199961,9.221858116894984,55.27139560355778,152,0,38,9,9,9,True,17,
step83b_track2_screen_0635,track2_screen,8302635,"(4,4,4)",4,4,4,screened_ok,True,190,190,190,170.00623694713357,10.848288159102218,70.69616371202655,190,0,38,9,9,9,True,19,
step83b_track2_screen_0636,track2_screen,8302636,"(4,4,2)",4,4,2,screened_ok,True,152,152,152,45.573487147484485,10.4008319371169,59.996071716805034,152,0,38,9,9,9,True,13,
step83b_track2_screen_0637,track2_screen,8302637,"(3,3,3)",3,3,3,screened_ok,True,133,133,133,91.28610465434403,9.288684139273458,48.61115116309086,133,0,38,9,9,9,True,18,
step83b_track2_screen_0638,track2_screen,8302638,"(4,4,3)",4,4,3,screened_ok,True,171,171,171,81.58736379367684,10.452392934298464,77.97374460871751,171,0,38,9,9,9,True,16,
step83b_track2_screen_0639,track2_screen,8302639,"(4,3,3)",4,3,3,screened_ok,True,152,152,152,105.80072048919298,10.59329884710895,56.88784360590951,152,0,38,9,9,9,True,17,
step83b_track2_screen_0640,track2_screen,8302640,"(3,4,3)",3,4,3,screened_ok,True,152,152,152,113.2122766743138,11.410318558809792,54.70740155938408,152,0,38,9,9,9,True,17,
step83b_track2_screen_0641,track2_screen,8302641,"(4,4,4)",4,4,4,screened_ok,True,190,190,190,103.10451853651368,12.608116655070233,80.90274447139606,190,0,38,9,9,9,True,19,
step83b_track2_screen_0642,track2_screen,8302642,"(4,4,2)",4,4,2,screened_ok,True,152,152,152,74.85449524671888,15.286039055665746,66.2749714199193,152,0,38,9,9,9,True,17,
step83b_track2_screen_0643,track2_screen,8302643,"(3,3,3)",3,3,3,screened_ok,True,133,133,133,90.85843991896245,11.817159832246647,56.545205953033445,133,0,38,9,9,9,True,14,
step83b_track2_screen_0644,track2_screen,8302644,"(4,4,3)",4,4,3,screened_ok,True,171,171,171,150.81893478087693,9.572617557280129,66.82239311573387,171,0,38,9,9,9,True,16,
step83b_track2_screen_0645,track2_screen,8302645,"(4,3,3)",4,3,3,screened_ok,True,152,152,152,62.65010703251941,10.899863379510753,55.37275355890494,152,0,38,9,9,9,True,18,
step83b_track2_screen_0646,track2_screen,8302646,"(3,4,3)",3,4,3,screened_ok,True,152,152,152,125.0266240135362,11.332667030049297,62.65516185342167,152,0,38,9,9,9,True,18,
step83b_track2_screen_0647,track2_screen,8302647,"(4,4,4)",4,4,4,screened_ok,True,190,190,190,177.26065455597745,10.474831697221605,71.34586186766482,190,0,38,9,9,9,True,18,
step83b_track2_screen_0648,track2_screen,8302648,"(4,4,2)",4,4,2,screened_ok,True,152,152,152,92.8791630914999,11.707538361437496,60.93334512032313,152,0,38,9,9,9,True,15,
step83b_track2_screen_0649,track2_screen,8302649,"(3,3,3)",3,3,3,screened_ok,True,133,133,133,73.32646500557571,8.398358856128738,51.25799340371034,133,0,38,9,9,9,True,17,
step83b_track2_screen_0650,track2_screen,8302650,"(4,4,3)",4,4,3,screened_ok,True,171,171,171,147.5191196926522,10.612098014573327,72.55527190291957,171,0,38,9,9,9,True,18,
step83b_track2_screen_0651,track2_screen,8302651,"(4,3,3)",4,3,3,screened_ok,True,152,152,152,139.15017446004407,12.034637141438084,61.90357863058807,152,0,38,9,9,9,True,17,
step83b_track2_screen_0652,track2_screen,8302652,"(3,4,3)",3,4,3,screened_ok,True,152,152,152,87.61771786923772,7.968862655982309,50.5663176303466,152,0,38,9,9,9,True,17,
step83b_track2_screen_0653,track2_screen,8302653,"(4,4,4)",4,4,4,screened_ok,True,190,190,190,144.51194095918027,13.756862353518606,82.05076239990991,190,0,38,9,9,9,True,17,
step83b_track2_screen_0654,track2_screen,8302654,"(4,4,2)",4,4,2,screened_ok,True,152,152,152,106.25608950056352,11.643297711582514,64.24655005592506,152,0,38,9,9,9,True,16,
step83b_track2_screen_0655,track2_screen,8302655,"(3,3,3)",3,3,3,screened_ok,True,133,133,133,70.0113231989608,10.048507190026076,52.93949676130744,133,0,38,9,9,9,True,18,
step83b_track2_screen_0656,track2_screen,8302656,"(4,4,3)",4,4,3,screened_ok,True,171,171,171,204.30223801630723,9.679316602812005,67.9631617976747,171,0,38,9,9,9,True,17,
step83b_track2_screen_0657,track2_screen,8302657,"(4,3,3)",4,3,3,screened_ok,True,152,152,152,79.01292657742086,9.204557875238022,60.260788874286675,152,0,38,9,9,9,True,19,
step83b_track2_screen_0658,track2_screen,8302658,"(3,4,3)",3,4,3,screened_ok,True,152,152,152,132.9721431869734,8.342093586081825,58.845015524039525,152,0,38,9,9,9,True,17,
step83b_track2_screen_0659,track2_screen,8302659,"(4,4,4)",4,4,4,screened_ok,True,190,190,190,127.40672787995025,13.797763834431247,83.25153966090278,190,0,38,9,9,9,True,18,
step83b_track2_screen_0660,track2_screen,8302660,"(4,4,2)",4,4,2,screened_ok,True,152,152,152,160.99699467047157,11.244052600662442,59.853029349957296,152,0,38,9,9,9,True,13,
step83b_track2_screen_0661,track2_screen,8302661,"(3,3,3)",3,3,3,screened_ok,True,133,133,133,109.45103514477056,10.538510491855948,54.12422309502668,133,0,38,9,9,9,True,18,
step83b_track2_screen_0662,track2_screen,8302662,"(4,4,3)",4,4,3,screened_ok,True,171,171,171,157.9190100081032,11.93491677413181,66.52372825179387,171,0,38,9,9,9,True,17,
step83b_track2_screen_0663,track2_screen,8302663,"(4,3,3)",4,3,3,screened_ok,True,152,152,152,84.70190383178215,11.41607523821704,59.688215706521795,152,0,38,9,9,9,True,17,
step83b_track2_screen_0664,track2_screen,8302664,"(3,4,3)",3,4,3,screened_ok,True,152,152,152,120.2354176802233,10.351576412308008,56.0842036250858,152,0,38,9,8,9,True,18,
step83b_track2_screen_0665,track2_screen,8302665,"(4,4,4)",4,4,4,screened_ok,True,190,190,190,188.83640800724245,11.182261787680531,80.91089837568134,190,0,38,9,9,9,True,18,
step83b_track2_screen_0666,track2_screen,8302666,"(4,4,2)",4,4,2,screened_ok,True,152,152,152,144.6505332578562,12.259732374596629,62.34799392135907,152,0,38,8,9,9,False,13,
step83b_track2_screen_0667,track2_screen,8302667,"(3,3,3)",3,3,3,screened_ok,True,133,133,133,144.36061421915477,10.154910509454897,60.54697370040301,133,0,38,9,9,9,True,18,
step83b_track2_screen_0668,track2_screen,8302668,"(4,4,3)",4,4,3,screened_ok,True,171,171,171,129.9918824880473,11.561115476073356,62.90960733740589,171,0,38,9,9,9,True,18,
step83b_track2_screen_0669,track2_screen,8302669,"(4,3,3)",4,3,3,screened_ok,True,152,152,152,123.03886295243414,10.409824302195208,62.877198328747795,152,0,38,9,9,9,True,19,
step83b_track2_screen_0670,track2_screen,8302670,"(3,4,3)",3,4,3,screened_ok,True,152,152,152,139.00026061519245,8.15462137202896,53.14678335928703,152,0,38,9,9,9,True,18,
step83b_track2_screen_0671,track2_screen,8302671,"(4,4,4)",4,4,4,screened_ok,True,190,190,190,156.94941686007422,12.84599189388093,76.99400316126398,190,0,38,9,9,9,True,16,
step83b_track2_screen_0672,track2_screen,8302672,"(4,4,2)",4,4,2,screened_ok,True,152,152,152,166.06612070425976,8.102223603336132,51.383884765716246,152,0,38,9,9,9,True,13,
step83b_track2_screen_0673,track2_screen,8302673,"(3,3,3)",3,3,3,screened_ok,True,133,133,133,130.4230621460974,10.211451004138166,49.60090814415465,133,0,38,9,9,9,True,17,
step83b_track2_screen_0674,track2_screen,8302674,"(4,4,3)",4,4,3,screened_ok,True,171,171,171,135.43145750700774,9.560912980908375,71.68036795585283,171,0,38,9,9,9,True,19,
step83b_track2_screen_0675,track2_screen,8302675,"(4,3,3)",4,3,3,screened_ok,True,152,152,152,107.66299318131047,11.542935539744237,63.36385032292457,152,0,38,9,9,9,True,19,
step83b_track2_screen_0676,track2_screen,8302676,"(3,4,3)",3,4,3,screened_ok,True,152,152,152,88.28155962334696,8.735122591008334,54.520440980499714,152,0,38,9,9,9,True,18,
step83b_track2_screen_0677,track2_screen,8302677,"(4,4,4)",4,4,4,screened_ok,True,190,190,190,173.5281766577562,16.384731188220425,81.31292354658689,190,0,38,9,9,9,True,16,
step83b_track2_screen_0678,track2_screen,8302678,"(4,4,2)",4,4,2,screened_ok,True,152,152,152,162.6775656102143,11.382431202793983,54.25787765280766,152,0,38,9,9,9,True,15,
step83b_track2_screen_0679,track2_screen,8302679,"(3,3,3)",3,3,3,screened_ok,True,133,133,133,70.53546201430281,7.060914420705651,49.86402701883049,133,0,38,9,9,9,True,16,
step83b_track2_screen_0680,track2_screen,8302680,"(4,4,3)",4,4,3,screened_ok,True,171,171,171,93.22041517918788,11.212163830297344,77.95352924174638,171,0,38,9,9,9,True,17,
step83b_track2_screen_0681,track2_screen,8302681,"(4,3,3)",4,3,3,screened_ok,True,152,152,152,132.44888757134447,10.402382382668005,60.83756376836879,152,0,38,9,9,9,True,16,
step83b_track2_screen_0682,track2_screen,8302682,"(3,4,3)",3,4,3,screened_ok,True,152,152,152,105.41121804845623,10.85801199037597,63.4431791368513,152,0,38,9,9,9,True,18,
step83b_track2_screen_0683,track2_screen,8302683,"(4,4,4)",4,4,4,screened_ok,True,190,190,190,169.5168480067371,12.739309034854776,76.98428919872173,190,0,38,9,9,9,True,17,
step83b_track2_screen_0684,track2_screen,8302684,"(4,4,2)",4,4,2,screened_ok,True,152,152,152,80.87421494307571,12.77831682342996,62.5866954051718,152,0,38,9,9,9,True,15,
step83b_track2_screen_0685,track2_screen,8302685,"(3,3,3)",3,3,3,screened_ok,True,133,133,133,61.96931599123169,10.010003654959235,56.86079679799335,133,0,38,9,9,9,True,18,
step83b_track2_screen_0686,track2_screen,8302686,"(4,4,3)",4,4,3,screened_ok,True,171,171,171,144.00677847199958,12.849871460930839,73.84266123349774,171,0,38,9,9,9,True,16,
step83b_track2_screen_0687,track2_screen,8302687,"(4,3,3)",4,3,3,screened_ok,True,152,152,152,68.68341931472803,8.35362632052407,57.88243167263092,152,0,38,9,9,9,True,18,
step83b_track2_screen_0688,track2_screen,8302688,"(3,4,3)",3,4,3,screened_ok,True,152,152,152,74.7146581261094,9.332337387970096,57.66796979302539,152,0,38,9,9,9,True,17,
step83b_track2_screen_0689,track2_screen,8302689,"(4,4,4)",4,4,4,screened_ok,True,190,190,190,174.33820472239458,13.462843078682052,79.171452452842,190,0,38,9,9,9,True,18,
step83b_track2_screen_0690,track2_screen,8302690,"(4,4,2)",4,4,2,screened_ok,True,152,152,152,97.37836456770471,9.128148348607656,54.86240412771754,152,0,38,9,9,9,True,16,
step83b_track2_screen_0691,track2_screen,8302691,"(3,3,3)",3,3,3,screened_ok,True,133,133,133,80.01052821752127,13.158596624128817,54.95628091050064,133,0,38,9,9,9,True,18,
step83b_track2_screen_0692,track2_screen,8302692,"(4,4,3)",4,4,3,screened_ok,True,171,171,171,97.80601152173831,12.87535570103015,71.52187171624092,171,0,38,9,9,9,True,16,
step83b_track2_screen_0693,track2_screen,8302693,"(4,3,3)",4,3,3,screened_ok,True,152,152,152,90.2638308542812,8.747131850799791,59.046875740306675,152,0,38,9,9,9,True,18,
step83b_track2_screen_0694,track2_screen,8302694,"(3,4,3)",3,4,3,screened_ok,True,152,152,152,90.17459455415924,8.805776867834489,58.25098025864545,152,0,38,9,9,9,True,17,
step83b_track2_screen_0695,track2_screen,8302695,"(4,4,4)",4,4,4,screened_ok,True,190,190,190,133.15198583429915,11.182500368102541,84.46721310215209,190,0,38,9,9,9,True,18,
step83b_track2_screen_0696,track2_screen,8302696,"(4,4,2)",4,4,2,screened_ok,True,152,152,152,90.38169589811667,9.802671880152072,60.62796382093545,152,0,38,9,9,9,True,14,
step83b_track2_screen_0697,track2_screen,8302697,"(3,3,3)",3,3,3,screened_ok,True,133,133,133,76.1441791423475,7.910502543964343,54.408497184834886,133,0,38,9,9,9,True,17,
step83b_track2_screen_0698,track2_screen,8302698,"(4,4,3)",4,4,3,screened_ok,True,171,171,171,93.46927019868231,12.129853418653722,70.61889829935343,171,0,38,9,9,9,True,17,
step83b_track2_screen_0699,track2_screen,8302699,"(4,3,3)",4,3,3,screened_ok,True,152,152,152,82.35495913290491,10.74232587526161,61.815066366238405,152,0,38,9,9,9,True,18,
step83b_track2_screen_0700,track2_screen,8302700,"(3,4,3)",3,4,3,screened_ok,True,152,152,152,93.67488458601807,9.31357815516881,51.44574844653317,152,0,38,9,9,9,True,18,
step83b_track2_screen_0701,track2_screen,8302701,"(4,4,4)",4,4,4,screened_ok,True,190,190,190,128.98986050459476,17.411377231185803,81.14747787116984,190,0,38,9,9,9,True,17,
step83b_track2_screen_0702,track2_screen,8302702,"(4,4,2)",4,4,2,screened_ok,True,152,152,152,167.77272606624908,10.096638646164603,59.37686286812091,152,0,38,9,9,9,True,13,
step83b_track2_screen_0703,track2_screen,8302703,"(3,3,3)",3,3,3,screened_ok,True,133,133,133,65.83081695040987,8.896411434738448,48.89278792965241,133,0,38,9,9,9,True,19,
step83b_track2_screen_0704,track2_screen,8302704,"(4,4,3)",4,4,3,screened_ok,True,171,171,171,132.77230774893042,10.871250002778186,72.04790015486886,171,0,38,9,9,9,True,18,
step83b_track2_screen_0705,track2_screen,8302705,"(4,3,3)",4,3,3,screened_ok,True,152,152,152,122.73955944641769,10.701343860466618,62.31755798858463,152,0,38,9,9,9,True,19,
step83b_track2_screen_0706,track2_screen,8302706,"(3,4,3)",3,4,3,screened_ok,True,152,152,152,70.41713867734754,9.143117646184539,64.64860614708088,152,0,38,9,9,9,True,19,
step83b_track2_screen_0707,track2_screen,8302707,"(4,4,4)",4,4,4,screened_ok,True,190,190,190,121.08028818755172,12.365435812445753,78.69952481253283,190,0,38,9,9,9,True,19,
step83b_track2_screen_0708,track2_screen,8302708,"(4,4,2)",4,4,2,screened_ok,True,152,152,152,65.08986130478684,10.25557140299898,57.09797506040605,152,0,38,8,9,9,False,13,
step83b_track2_screen_0709,track2_screen,8302709,"(3,3,3)",3,3,3,screened_ok,True,133,133,133,71.43698011462054,15.515873080355792,57.59397588347852,133,0,38,9,9,9,True,16,
step83b_track2_screen_0710,track2_screen,8302710,"(4,4,3)",4,4,3,screened_ok,True,171,171,171,104.7980038053236,9.690571009988664,71.47779348522438,171,0,38,9,9,9,True,17,
step83b_track2_screen_0711,track2_screen,8302711,"(4,3,3)",4,3,3,screened_ok,True,152,152,152,96.73025252829852,9.153963321586701,57.38900236745629,152,0,38,9,9,9,True,18,
step83b_track2_screen_0712,track2_screen,8302712,"(3,4,3)",3,4,3,screened_ok,True,152,152,152,93.23936142014375,8.795295590071966,52.74369359586954,152,0,38,9,9,9,True,16,
step83b_track2_screen_0713,track2_screen,8302713,"(4,4,4)",4,4,4,screened_ok,True,190,190,190,242.4492308376442,13.741453927494106,81.56288683994546,190,0,38,9,9,9,True,18,
step83b_track2_screen_0714,track2_screen,8302714,"(4,4,2)",4,4,2,screened_ok,True,152,152,152,92.57013469448312,11.159415708777097,57.31312174405369,152,0,38,9,9,9,True,16,
step83b_track2_screen_0715,track2_screen,8302715,"(3,3,3)",3,3,3,screened_ok,True,133,133,133,81.04132038672908,8.631674048070131,52.401981458502355,133,0,38,9,9,9,True,17,
step83b_track2_screen_0716,track2_screen,8302716,"(4,4,3)",4,4,3,screened_ok,True,171,171,171,90.3440272679238,9.298595486163705,73.81589738856724,171,0,38,9,9,9,True,16,
step83b_track2_screen_0717,track2_screen,8302717,"(4,3,3)",4,3,3,screened_ok,True,152,152,152,120.35661655264842,13.85336080957841,64.81240435068248,152,0,38,9,9,9,True,15,
step83b_track2_screen_0718,track2_screen,8302718,"(3,4,3)",3,4,3,screened_ok,True,152,152,152,179.4034854889527,10.710753704852504,59.0306733667542,152,0,38,9,9,9,True,19,
step83b_track2_screen_0719,track2_screen,8302719,"(4,4,4)",4,4,4,screened_ok,True,190,190,190,121.95602877329392,13.816544566614734,87.26566704131392,190,0,38,9,9,9,True,16,
step83b_track2_screen_0720,track2_screen,8302720,"(4,4,2)",4,4,2,screened_ok,True,152,152,152,103.15243985675711,9.286198421363752,51.95903314835525,152,0,38,9,9,9,True,18,
step83b_track2_screen_0721,track2_screen,8302721,"(3,3,3)",3,3,3,screened_ok,True,133,133,133,90.27348827785703,9.188234351229887,49.459706545439886,133,0,38,9,9,9,True,18,
step83b_track2_screen_0722,track2_screen,8302722,"(4,4,3)",4,4,3,screened_ok,True,171,171,171,132.24601642080515,10.721245287079032,84.50758615114307,171,0,38,9,9,9,True,17,
step83b_track2_screen_0723,track2_screen,8302723,"(4,3,3)",4,3,3,screened_ok,True,152,152,152,106.7530061928396,9.150299357448853,64.81689385149075,152,0,38,9,9,9,True,16,
step83b_track2_screen_0724,track2_screen,8302724,"(3,4,3)",3,4,3,screened_ok,True,152,152,152,88.69212808176894,12.295063466466686,66.17425994839638,152,0,38,9,9,9,True,17,
step83b_track2_screen_0725,track2_screen,8302725,"(4,4,4)",4,4,4,screened_ok,True,190,190,190,138.0202001330104,13.657087304746694,93.06406843298497,190,0,38,9,9,9,True,16,
step83b_track2_screen_0726,track2_screen,8302726,"(4,4,2)",4,4,2,screened_ok,True,152,152,152,123.05467601318739,13.250712444274182,56.62604252729672,152,0,38,9,9,9,True,13,
step83b_track2_screen_0727,track2_screen,8302727,"(3,3,3)",3,3,3,screened_ok,True,133,133,133,59.255223215848744,9.357935192480976,49.575133284294,133,0,38,9,9,9,True,16,
step83b_track2_screen_0728,track2_screen,8302728,"(4,4,3)",4,4,3,screened_ok,True,171,171,171,276.940070967321,9.645574934789154,66.31779927165353,171,0,38,9,9,9,True,18,
step83b_track2_screen_0729,track2_screen,8302729,"(4,3,3)",4,3,3,screened_ok,True,152,152,152,116.36287848591671,12.15680832995428,68.48742156573768,152,0,38,9,9,9,True,18,
step83b_track2_screen_0730,track2_screen,8302730,"(3,4,3)",3,4,3,screened_ok,True,152,152,152,122.24012333019577,9.22748124172169,55.964709376316904,152,0,38,9,9,9,True,16,
step83b_track2_screen_0731,track2_screen,8302731,"(4,4,4)",4,4,4,screened_ok,True,190,190,190,73.25576340849821,13.189730259896345,83.79261129630854,190,0,38,9,9,9,True,17,
step83b_track2_screen_0732,track2_screen,8302732,"(4,4,2)",4,4,2,screened_ok,True,152,152,152,73.37411660056804,8.957637314626801,50.077924559321325,152,0,38,9,9,9,True,14,
step83b_track2_screen_0733,track2_screen,8302733,"(3,3,3)",3,3,3,screened_ok,True,133,133,133,73.326926949852,6.433613608417658,44.04370365011592,133,0,38,9,9,9,True,16,
step83b_track2_screen_0734,track2_screen,8302734,"(4,4,3)",4,4,3,screened_ok,True,171,171,171,97.59310517350012,11.136420133803453,62.51491616944283,171,0,38,9,9,9,True,18,
step83b_track2_screen_0735,track2_screen,8302735,"(4,3,3)",4,3,3,screened_ok,True,152,152,152,122.30694712873664,8.592159679402469,57.25826759948678,152,0,38,9,9,9,True,18,
step83b_track2_screen_0736,track2_screen,8302736,"(3,4,3)",3,4,3,screened_ok,True,152,152,152,65.5721829279126,7.6465101452815905,52.82910417128954,152,0,38,9,9,9,True,19,
step83b_track2_screen_0737,track2_screen,8302737,"(4,4,4)",4,4,4,screened_ok,True,190,190,190,141.24737404735683,12.712025063224324,89.20086761162781,190,0,38,9,9,9,True,19,
step83b_track2_screen_0738,track2_screen,8302738,"(4,4,2)",4,4,2,screened_ok,True,152,152,152,92.41127225482634,9.77658325612186,54.99645011042198,152,0,38,9,9,9,True,16,
step83b_track2_screen_0739,track2_screen,8302739,"(3,3,3)",3,3,3,screened_ok,True,133,133,133,45.815795731605036,8.016870537098253,44.61262582834026,133,0,38,9,9,9,True,16,
step83b_track2_screen_0740,track2_screen,8302740,"(4,4,3)",4,4,3,screened_ok,True,171,171,171,115.29895872094056,11.023638589437395,69.77640026388006,171,0,38,9,9,9,True,16,
step83b_track2_screen_0741,track2_screen,8302741,"(4,3,3)",4,3,3,screened_ok,True,152,152,152,217.492116448552,11.153503971430684,64.48332452888485,152,0,38,9,9,9,True,16,
step83b_track2_screen_0742,track2_screen,8302742,"(3,4,3)",3,4,3,screened_ok,True,152,152,152,169.64080857897144,11.54235219381364,61.216288681099826,152,0,38,9,9,9,True,18,
step83b_track2_screen_0743,track2_screen,8302743,"(4,4,4)",4,4,4,screened_ok,True,190,190,190,141.83066620996718,14.043716710911193,83.50289488116503,190,0,38,9,9,9,True,15,
step83b_track2_screen_0744,track2_screen,8302744,"(4,4,2)",4,4,2,screened_ok,True,152,152,152,93.66025256184052,12.30843058519958,63.118599901471406,152,0,38,9,9,9,True,13,
step83b_track2_screen_0745,track2_screen,8302745,"(3,3,3)",3,3,3,screened_ok,True,133,133,133,79.52024501120279,9.063622763729564,50.35008489268711,133,0,38,9,9,9,True,18,
step83b_track2_screen_0746,track2_screen,8302746,"(4,4,3)",4,4,3,screened_ok,True,171,171,171,145.96747885176038,9.790715192268115,71.94966302075156,171,0,38,9,9,9,True,18,
step83b_track2_screen_0747,track2_screen,8302747,"(4,3,3)",4,3,3,screened_ok,True,152,152,152,108.4456114078102,12.782728529421576,58.53159078413856,152,0,38,9,9,9,True,15,
step83b_track2_screen_0748,track2_screen,8302748,"(3,4,3)",3,4,3,screened_ok,True,152,152,152,76.3225712929382,11.076729735425044,57.67110815066304,152,0,38,9,9,9,True,18,
step83b_track2_screen_0749,track2_screen,8302749,"(4,4,4)",4,4,4,screened_ok,True,190,190,190,177.1900411127978,11.236228340077592,77.31783711731802,190,0,38,9,9,9,True,18,
step83b_track2_screen_0750,track2_screen,8302750,"(4,4,2)",4,4,2,screened_ok,True,152,152,152,100.50039853511056,10.641768327602872,61.60559012438073,152,0,38,9,9,9,True,16,
step83b_track2_screen_0751,track2_screen,8302751,"(3,3,3)",3,3,3,screened_ok,True,133,133,133,84.73295407471535,9.469989369449419,56.11224766956837,133,0,38,9,9,9,True,16,
step83b_track2_screen_0752,track2_screen,8302752,"(4,4,3)",4,4,3,screened_ok,True,171,171,171,165.7746053122009,11.96422234515057,70.80262564369012,171,0,38,9,9,9,True,18,
step83b_track2_screen_0753,track2_screen,8302753,"(4,3,3)",4,3,3,screened_ok,True,152,152,152,127.82823825394729,11.006979667730318,66.29487641549287,152,0,38,9,9,9,True,18,
step83b_track2_screen_0754,track2_screen,8302754,"(3,4,3)",3,4,3,screened_ok,True,152,152,152,100.4499710453642,8.294024268198175,59.94677857267083,152,0,38,9,9,9,True,18,
step83b_track2_screen_0755,track2_screen,8302755,"(4,4,4)",4,4,4,screened_ok,True,190,190,190,151.56183150647223,13.389377432008072,79.4266343295909,190,0,38,9,9,9,True,19,
step83b_track2_screen_0756,track2_screen,8302756,"(4,4,2)",4,4,2,screened_ok,True,152,152,152,157.5043330051692,11.955703645641124,57.30776351518774,152,0,38,8,9,9,False,16,
step83b_track2_screen_0757,track2_screen,8302757,"(3,3,3)",3,3,3,screened_ok,True,133,133,133,90.23446215070821,11.59280219969542,52.06635197823668,133,0,38,9,9,9,True,16,
step83b_track2_screen_0758,track2_screen,8302758,"(4,4,3)",4,4,3,screened_ok,True,171,171,171,128.40225710695034,13.21851848693316,76.8759682680329,171,0,38,9,9,9,True,19,
step83b_track2_screen_0759,track2_screen,8302759,"(4,3,3)",4,3,3,screened_ok,True,152,152,152,113.40731195010103,9.753425188635955,55.68105424714447,152,0,38,9,9,9,True,18,
step83b_track2_screen_0760,track2_screen,8302760,"(3,4,3)",3,4,3,screened_ok,True,152,152,152,104.39340623707761,11.366461016520802,64.81277074977261,152,0,38,9,9,9,True,16,
step83b_track2_screen_0761,track2_screen,8302761,"(4,4,4)",4,4,4,screened_ok,True,190,190,190,174.28312255941785,12.654349616303275,81.58780342807712,190,0,38,9,9,9,True,17,
step83b_track2_screen_0762,track2_screen,8302762,"(4,4,2)",4,4,2,screened_ok,True,152,152,152,73.18251108434622,13.967383728282911,64.03535282720226,152,0,38,9,9,9,True,13,
step83b_track2_screen_0763,track2_screen,8302763,"(3,3,3)",3,3,3,screened_ok,True,133,133,133,48.900327622616125,8.58300234240435,54.307521863804226,133,0,38,9,9,9,True,17,
step83b_track2_screen_0764,track2_screen,8302764,"(4,4,3)",4,4,3,screened_ok,True,171,171,171,78.84434753240268,10.057252647772094,71.19585751195271,171,0,38,9,9,9,True,17,
step83b_track2_screen_0765,track2_screen,8302765,"(4,3,3)",4,3,3,screened_ok,True,152,152,152,117.67375593879578,6.854905287119134,50.93398809940305,152,0,38,9,9,9,True,19,
step83b_track2_screen_0766,track2_screen,8302766,"(3,4,3)",3,4,3,screened_ok,True,152,152,152,66.6439304032613,12.600601130285552,66.9525097949545,152,0,38,9,9,9,True,17,
step83b_track2_screen_0767,track2_screen,8302767,"(4,4,4)",4,4,4,screened_ok,True,190,190,190,131.0233763293884,12.321979568443666,85.96872219220546,190,0,38,9,9,9,True,17,
step83b_track2_screen_0768,track2_screen,8302768,"(4,4,2)",4,4,2,screened_ok,True,152,152,152,80.38430045919657,12.956600795523709,51.275455448535936,152,0,38,9,9,9,True,15,
step83b_track2_screen_0769,track2_screen,8302769,"(3,3,3)",3,3,3,screened_ok,True,133,133,133,59.323087536827245,8.063867594131283,49.9093910956598,133,0,38,9,9,9,True,15,
step83b_track2_screen_0770,track2_screen,8302770,"(4,4,3)",4,4,3,screened_ok,True,171,171,171,109.68764790785481,12.169874757969264,68.01490539043581,171,0,38,9,9,9,True,18,
step83b_track2_screen_0771,track2_screen,8302771,"(4,3,3)",4,3,3,screened_ok,True,152,152,152,76.82028796635085,9.79750558883871,61.4117705130691,152,0,38,9,9,9,True,17,
step83b_track2_screen_0772,track2_screen,8302772,"(3,4,3)",3,4,3,screened_ok,True,152,152,152,95.7181097204996,10.17649096493841,61.95044076093987,152,0,38,9,9,9,True,19,
step83b_track2_screen_0773,track2_screen,8302773,"(4,4,4)",4,4,4,screened_ok,True,190,190,190,208.97388108777707,12.049141291001646,73.87432838194674,190,0,38,9,9,9,True,17,
step83b_track2_screen_0774,track2_screen,8302774,"(4,4,2)",4,4,2,screened_ok,True,152,152,152,81.10446226664244,9.990579785550782,59.00898625350684,152,0,38,9,9,9,True,13,
step83b_track2_screen_0775,track2_screen,8302775,"(3,3,3)",3,3,3,screened_ok,True,133,133,133,69.03022290756435,10.422431185461527,51.1324515552166,133,0,38,9,9,9,True,17,
step83b_track2_screen_0776,track2_screen,8302776,"(4,4,3)",4,4,3,screened_ok,True,171,171,171,140.41275412769696,8.341894026293405,62.23796739339675,171,0,38,9,9,9,True,14,
step83b_track2_screen_0777,track2_screen,8302777,"(4,3,3)",4,3,3,screened_ok,True,152,152,152,76.41901291512826,11.848702837698747,62.01754267606789,152,0,38,9,9,9,True,18,
step83b_track2_screen_0778,track2_screen,8302778,"(3,4,3)",3,4,3,screened_ok,True,152,152,152,87.42846941348475,11.565824757470327,68.36701952910346,152,0,38,9,9,9,True,16,
step83b_track2_screen_0779,track2_screen,8302779,"(4,4,4)",4,4,4,screened_ok,True,190,190,190,129.04307356038143,13.532638894847338,81.05674268802922,190,0,38,9,9,9,True,18,
step83b_track2_screen_0780,track2_screen,8302780,"(4,4,2)",4,4,2,screened_ok,True,152,152,152,113.00211076624072,11.353402205199288,55.238240987197514,152,0,38,9,9,9,True,15,
step83b_track2_screen_0781,track2_screen,8302781,"(3,3,3)",3,3,3,screened_ok,True,133,133,133,86.8725462411694,7.891574223700388,46.76852743487157,133,0,38,9,9,9,True,17,
step83b_track2_screen_0782,track2_screen,8302782,"(4,4,3)",4,4,3,screened_ok,True,171,171,171,167.90789204602126,10.470048462127536,71.23919392603082,171,0,38,9,9,9,True,19,
step83b_track2_screen_0783,track2_screen,8302783,"(4,3,3)",4,3,3,screened_ok,True,152,152,152,80.16327779724158,12.46704899749021,68.95455980398225,152,0,38,9,9,9,True,18,
step83b_track2_screen_0784,track2_screen,8302784,"(3,4,3)",3,4,3,screened_ok,True,152,152,152,77.18706989147923,12.249824500410389,55.33822597844948,152,0,38,9,9,9,True,17,
step83b_track2_screen_0785,track2_screen,8302785,"(4,4,4)",4,4,4,screened_ok,True,190,190,190,173.15840837292413,15.44905034948346,80.8440046850253,190,0,38,9,9,9,True,14,
step83b_track2_screen_0786,track2_screen,8302786,"(4,4,2)",4,4,2,screened_ok,True,152,152,152,84.62477925580995,8.33608270262144,55.12504625691988,152,0,38,9,9,9,True,15,
step83b_track2_screen_0787,track2_screen,8302787,"(3,3,3)",3,3,3,screened_ok,True,133,133,133,57.039423279947634,9.980069249407372,53.129812550498045,133,0,38,9,9,9,True,18,
step83b_track2_screen_0788,track2_screen,8302788,"(4,4,3)",4,4,3,screened_ok,True,171,171,171,139.95374577497066,12.268545177252676,70.39451144534947,171,0,38,9,9,9,True,19,
step83b_track2_screen_0789,track2_screen,8302789,"(4,3,3)",4,3,3,screened_ok,True,152,152,152,92.52691252490987,12.08012918973341,60.524372213064616,152,0,38,9,9,9,True,16,
step83b_track2_screen_0790,track2_screen,8302790,"(3,4,3)",3,4,3,screened_ok,True,152,152,152,92.85703469944441,9.765132776885533,56.922145651977296,152,0,38,9,9,9,True,15,
step83b_track2_screen_0791,track2_screen,8302791,"(4,4,4)",4,4,4,screened_ok,True,190,190,190,143.75092668428155,11.318085635391299,76.9701097188592,190,0,38,9,9,9,True,18,
step83b_track2_screen_0792,track2_screen,8302792,"(4,4,2)",4,4,2,screened_ok,True,152,152,152,110.7413658454526,8.17385727191072,61.31614311538172,152,0,38,9,9,9,True,14,
step83b_track2_screen_0793,track2_screen,8302793,"(3,3,3)",3,3,3,screened_ok,True,133,133,133,73.83652159410106,8.476650996830477,52.07702630823886,133,0,38,9,9,9,True,11,
step83b_track2_screen_0794,track2_screen,8302794,"(4,4,3)",4,4,3,screened_ok,True,171,171,171,240.61054498542973,9.804862792391368,64.96378487858239,171,0,38,9,9,9,True,17,
step83b_track2_screen_0795,track2_screen,8302795,"(4,3,3)",4,3,3,screened_ok,True,152,152,152,115.30201756681272,11.621258721445546,67.11862776880238,152,0,38,9,9,9,True,17,
step83b_track2_screen_0796,track2_screen,8302796,"(3,4,3)",3,4,3,screened_ok,True,152,152,152,112.42172277944698,11.717792856972611,61.040193814380395,152,0,38,9,9,9,True,18,
step83b_track2_screen_0797,track2_screen,8302797,"(4,4,4)",4,4,4,screened_ok,True,190,190,190,291.2484637105571,11.000121037903995,77.7447401859418,190,0,38,9,9,9,True,19,
step83b_track2_screen_0798,track2_screen,8302798,"(4,4,2)",4,4,2,screened_ok,True,152,152,152,156.00179250747303,9.7454562850371,51.98469940737643,152,0,38,9,9,9,True,13,
step83b_track2_screen_0799,track2_screen,8302799,"(3,3,3)",3,3,3,screened_ok,True,133,133,133,102.73433584205908,10.190493130560217,48.34051875663421,133,0,38,9,9,9,True,18,
step83b_track2_screen_0800,track2_screen,8302800,"(4,4,3)",4,4,3,screened_ok,True,171,171,171,109.32107077064941,10.394677146667807,72.96395877610965,171,0,38,9,9,9,True,18,
step83b_track2_screen_0801,track2_screen,8302801,"(4,3,3)",4,3,3,screened_ok,True,152,152,152,100.24671363029731,11.238971530161196,59.08667431378041,152,0,38,9,9,9,True,17,
step83b_track2_screen_0802,track2_screen,8302802,"(3,4,3)",3,4,3,screened_ok,True,152,152,152,79.38792114046292,7.820026807521661,57.02993321357089,152,0,38,9,9,9,True,18,
step83b_track2_screen_0803,track2_screen,8302803,"(4,4,4)",4,4,4,screened_ok,True,190,190,190,190.69393634041245,12.609357496160857,78.88864820252384,190,0,38,9,9,9,True,18,
step83b_track2_screen_0804,track2_screen,8302804,"(4,4,2)",4,4,2,screened_ok,True,152,152,152,101.28110172182761,7.189181826509895,47.86894486896103,152,0,38,9,9,9,True,15,
step83b_track2_screen_0805,track2_screen,8302805,"(3,3,3)",3,3,3,screened_ok,True,133,133,133,49.67868077696388,8.938833281595516,53.84502394205246,133,0,38,9,9,9,True,17,
step83b_track2_screen_0806,track2_screen,8302806,"(4,4,3)",4,4,3,screened_ok,True,171,171,171,216.82112510750673,12.087517667864747,63.870738520525514,171,0,38,9,9,9,True,17,
step83b_track2_screen_0807,track2_screen,8302807,"(4,3,3)",4,3,3,screened_ok,True,152,152,152,109.88676011716846,10.908156261939313,58.79840470349932,152,0,38,9,9,9,True,15,
step83b_track2_screen_0808,track2_screen,8302808,"(3,4,3)",3,4,3,screened_ok,True,152,152,152,52.817275010596305,9.07728419828113,64.66695891300722,152,0,38,9,9,9,True,19,
step83b_track2_screen_0809,track2_screen,8302809,"(4,4,4)",4,4,4,screened_ok,True,190,190,190,178.4158264551231,11.821875767021389,84.1445930188956,190,0,38,9,9,9,True,19,
step83b_track2_screen_0810,track2_screen,8302810,"(4,4,2)",4,4,2,screened_ok,True,152,152,152,88.68012071854363,8.207077249394331,60.12236050513448,152,0,38,9,9,9,True,13,
step83b_track2_screen_0811,track2_screen,8302811,"(3,3,3)",3,3,3,screened_ok,True,133,133,133,107.8621646594421,9.123348851909741,65.87330832138083,133,0,38,9,9,9,True,18,
step83b_track2_screen_0812,track2_screen,8302812,"(4,4,3)",4,4,3,screened_ok,True,171,171,171,149.96215912569045,12.679841990533706,72.48581810921924,171,0,38,9,9,9,True,16,
step83b_track2_screen_0813,track2_screen,8302813,"(4,3,3)",4,3,3,screened_ok,True,152,152,152,179.9958756516092,9.58478836313728,60.570007656510356,152,0,38,9,9,9,True,19,
step83b_track2_screen_0814,track2_screen,8302814,"(3,4,3)",3,4,3,screened_ok,True,152,152,152,103.28977781261241,8.288489638931255,59.971749529014,152,0,38,9,9,9,True,16,
step83b_track2_screen_0815,track2_screen,8302815,"(4,4,4)",4,4,4,screened_ok,True,190,190,190,166.752073052581,13.137361475289238,85.73780488365281,190,0,38,9,9,9,True,17,
step83b_track2_screen_0816,track2_screen,8302816,"(4,4,2)",4,4,2,screened_ok,True,152,152,152,62.21837295802547,9.675166995730343,58.17967096516644,152,0,38,9,9,9,True,16,
step83b_track2_screen_0817,track2_screen,8302817,"(3,3,3)",3,3,3,screened_ok,True,133,133,133,81.91499629243675,9.398432414844123,52.283582612861316,133,0,38,9,9,9,True,16,
step83b_track2_screen_0818,track2_screen,8302818,"(4,4,3)",4,4,3,screened_ok,True,171,171,171,114.93132268482917,10.251205661325955,67.3687079834937,171,0,38,9,9,9,True,16,
step83b_track2_screen_0819,track2_screen,8302819,"(4,3,3)",4,3,3,screened_ok,True,152,152,152,127.27099285038497,8.605103891610861,54.64614196694464,152,0,38,9,9,9,True,17,
step83b_track2_screen_0820,track2_screen,8302820,"(3,4,3)",3,4,3,screened_ok,True,152,152,152,107.32291966020485,11.126598111546304,63.618881702584126,152,0,38,9,9,9,True,17,
step83b_track2_screen_0821,track2_screen,8302821,"(4,4,4)",4,4,4,screened_ok,True,190,190,190,205.90152797339306,12.082910658943149,86.90085535636726,190,0,38,9,9,9,True,18,
step83b_track2_screen_0822,track2_screen,8302822,"(4,4,2)",4,4,2,screened_ok,True,152,152,152,78.78438942475917,10.632278281953981,58.30930923088989,152,0,38,9,9,9,True,14,
step83b_track2_screen_0823,track2_screen,8302823,"(3,3,3)",3,3,3,screened_ok,True,133,133,133,55.29092288483348,8.384667274602936,53.87459804852926,133,0,38,9,9,9,True,17,
step83b_track2_screen_0824,track2_screen,8302824,"(4,4,3)",4,4,3,screened_ok,True,171,171,171,220.20271821119252,11.920563784785035,80.3202240713833,171,0,38,9,9,9,True,16,
step83b_track2_screen_0825,track2_screen,8302825,"(4,3,3)",4,3,3,screened_ok,True,152,152,152,71.06654928341037,9.091490829685828,62.16361905633257,152,0,38,9,9,9,True,17,
step83b_track2_screen_0826,track2_screen,8302826,"(3,4,3)",3,4,3,screened_ok,True,152,152,152,171.65502463649756,10.413865764929556,58.29422248251015,152,0,38,9,9,9,True,17,
step83b_track2_screen_0827,track2_screen,8302827,"(4,4,4)",4,4,4,screened_ok,True,190,190,190,129.56548641006154,10.022226287434993,79.3828108577551,190,0,38,9,9,9,True,17,
step83b_track2_screen_0828,track2_screen,8302828,"(4,4,2)",4,4,2,screened_ok,True,152,152,152,92.84961742249119,9.656175972758472,56.53592672656962,152,0,38,9,9,9,True,14,
step83b_track2_screen_0829,track2_screen,8302829,"(3,3,3)",3,3,3,screened_ok,True,133,133,133,45.29062649400593,11.722869342633537,56.65132035814558,133,0,38,9,9,9,True,17,
step83b_track2_screen_0830,track2_screen,8302830,"(4,4,3)",4,4,3,screened_ok,True,171,171,171,100.4737019218768,8.398205988854805,62.47181963054051,171,0,38,9,9,9,True,18,
step83b_track2_screen_0831,track2_screen,8302831,"(4,3,3)",4,3,3,screened_ok,True,152,152,152,144.71449276809201,10.60158655335599,66.34084972388861,152,0,38,9,9,9,True,17,
step83b_track2_screen_0832,track2_screen,8302832,"(3,4,3)",3,4,3,screened_ok,True,152,152,152,138.100838745671,9.928119839776613,54.330080033642304,152,0,38,9,9,9,True,18,
step83b_track2_screen_0833,track2_screen,8302833,"(4,4,4)",4,4,4,screened_ok,True,190,190,190,211.80627132177648,13.714959999837648,96.46282910117162,190,0,38,9,9,9,True,17,
step83b_track2_screen_0834,track2_screen,8302834,"(4,4,2)",4,4,2,screened_ok,True,152,152,152,108.10074800721792,12.787602423762987,70.41013316307941,152,0,38,9,9,9,True,14,
step83b_track2_screen_0835,track2_screen,8302835,"(3,3,3)",3,3,3,screened_ok,True,133,133,133,79.0708685689235,8.488882798280232,52.15189530221822,133,0,38,9,9,9,True,17,
step83b_track2_screen_0836,track2_screen,8302836,"(4,4,3)",4,4,3,screened_ok,True,171,171,171,70.7579600501252,12.616063575084835,71.41442767186076,171,0,38,9,9,9,True,17,
step83b_track2_screen_0837,track2_screen,8302837,"(4,3,3)",4,3,3,screened_ok,True,152,152,152,122.53802994326591,8.995671547052929,56.716448323461,152,0,38,9,9,9,True,16,
step83b_track2_screen_0838,track2_screen,8302838,"(3,4,3)",3,4,3,screened_ok,True,152,152,152,91.9806832012054,8.792660874222507,57.03094722009939,152,0,38,9,9,9,True,17,
step83b_track2_screen_0839,track2_screen,8302839,"(4,4,4)",4,4,4,screened_ok,True,190,190,190,115.37418218746724,12.91022616003662,77.73793804935084,190,0,38,9,9,9,True,17,
step83b_track2_screen_0840,track2_screen,8302840,"(4,4,2)",4,4,2,screened_ok,True,152,152,152,86.61479473012366,10.579829663579076,58.9878066218562,152,0,38,9,9,9,True,18,
step83b_track2_screen_0841,track2_screen,8302841,"(3,3,3)",3,3,3,screened_ok,True,133,133,133,55.708238302102686,11.932085938620325,47.373817607593224,133,0,38,9,9,9,True,18,
step83b_track2_screen_0842,track2_screen,8302842,"(4,4,3)",4,4,3,screened_ok,True,171,171,171,183.01686859350085,12.350004008430991,78.4589795709081,171,0,38,9,9,9,True,18,
step83b_track2_screen_0843,track2_screen,8302843,"(4,3,3)",4,3,3,screened_ok,True,152,152,152,118.25582741088894,10.038734895795905,59.91395168227946,152,0,38,9,9,9,True,16,
step83b_track2_screen_0844,track2_screen,8302844,"(3,4,3)",3,4,3,screened_ok,True,152,152,152,138.00866787996543,10.320838426907173,58.74666801509857,152,0,38,9,9,9,True,18,
step83b_track2_screen_0845,track2_screen,8302845,"(4,4,4)",4,4,4,screened_ok,True,190,190,190,127.10068874229015,14.016749248810855,89.99810994750318,190,0,38,9,9,9,True,19,
step83b_track2_screen_0846,track2_screen,8302846,"(4,4,2)",4,4,2,screened_ok,True,152,152,152,110.00458316842601,11.488306874818157,60.40499874746011,152,0,38,9,9,9,True,12,
step83b_track2_screen_0847,track2_screen,8302847,"(3,3,3)",3,3,3,screened_ok,True,133,133,133,63.94969016279652,7.488289441551386,50.8374365810849,133,0,38,9,9,9,True,15,
step83b_track2_screen_0848,track2_screen,8302848,"(4,4,3)",4,4,3,screened_ok,True,171,171,171,211.1762086253222,15.567361599149262,72.4162461994168,171,0,38,9,9,9,True,18,
step83b_track2_screen_0849,track2_screen,8302849,"(4,3,3)",4,3,3,screened_ok,True,152,152,152,146.5683782051037,10.176257048447306,63.18017190959382,152,0,38,9,9,9,True,18,
step83b_track2_screen_0850,track2_screen,8302850,"(3,4,3)",3,4,3,screened_ok,True,152,152,152,154.0122713840998,10.703912197936665,63.674764638162266,152,0,38,9,9,9,True,18,
step83b_track2_screen_0851,track2_screen,8302851,"(4,4,4)",4,4,4,screened_ok,True,190,190,190,131.31217731220454,13.21452062057693,80.57856348375202,190,0,38,9,9,9,True,19,
step83b_track2_screen_0852,track2_screen,8302852,"(4,4,2)",4,4,2,screened_ok,True,152,152,152,131.54167010027362,8.14316351373167,54.195338024704164,152,0,38,9,9,9,True,15,
step83b_track2_screen_0853,track2_screen,8302853,"(3,3,3)",3,3,3,screened_ok,True,133,133,133,63.95957232168885,10.222795530110467,55.91081646773093,133,0,38,9,9,9,True,18,
step83b_track2_screen_0854,track2_screen,8302854,"(4,4,3)",4,4,3,screened_ok,True,171,171,171,121.5489492847407,8.706326043330018,67.23715502353613,171,0,38,9,9,9,True,17,
step83b_track2_screen_0855,track2_screen,8302855,"(4,3,3)",4,3,3,screened_ok,True,152,152,152,93.27668162441083,9.960995487170365,59.29995392212121,152,0,38,9,9,9,True,18,
step83b_track2_screen_0856,track2_screen,8302856,"(3,4,3)",3,4,3,screened_ok,True,152,152,152,93.15621228009522,11.33527912822641,60.01740757562513,152,0,38,9,9,9,True,17,
step83b_track2_screen_0857,track2_screen,8302857,"(4,4,4)",4,4,4,screened_ok,True,190,190,190,149.03693392318564,12.392206256019396,85.43353303731473,190,0,38,9,9,9,True,18,
step83b_track2_screen_0858,track2_screen,8302858,"(4,4,2)",4,4,2,screened_ok,True,152,152,152,88.13816188777889,7.2573225399453625,47.64117032090865,152,0,38,9,9,9,True,17,
step83b_track2_screen_0859,track2_screen,8302859,"(3,3,3)",3,3,3,screened_ok,True,133,133,133,73.52528598153347,8.915373930898223,55.78276449388651,133,0,38,9,9,9,True,18,
step83b_track2_screen_0860,track2_screen,8302860,"(4,4,3)",4,4,3,screened_ok,True,171,171,171,122.73492386715628,12.447615960428362,68.50536507061118,171,0,38,9,9,9,True,16,
step83b_track2_screen_0861,track2_screen,8302861,"(4,3,3)",4,3,3,screened_ok,True,152,152,152,117.16552525508355,7.94589618915002,57.51822285590521,152,0,38,9,9,9,True,16,
step83b_track2_screen_0862,track2_screen,8302862,"(3,4,3)",3,4,3,screened_ok,True,152,152,152,97.86304955990532,11.74713155145001,61.93190460243406,152,0,38,9,9,9,True,18,
step83b_track2_screen_0863,track2_screen,8302863,"(4,4,4)",4,4,4,screened_ok,True,190,190,190,212.52368118234966,12.087962486675922,83.59490084738627,190,0,38,9,9,9,True,19,
step83b_track2_screen_0864,track2_screen,8302864,"(4,4,2)",4,4,2,screened_ok,True,152,152,152,70.333495773598,13.05349921103658,65.14480165369176,152,0,38,9,9,9,True,13,
step83b_track2_screen_0865,track2_screen,8302865,"(3,3,3)",3,3,3,screened_ok,True,133,133,133,50.45018019824158,12.089635119622528,52.29590301805447,133,0,38,9,9,9,True,18,
step83b_track2_screen_0866,track2_screen,8302866,"(4,4,3)",4,4,3,screened_ok,True,171,171,171,106.43188730965414,11.502715684856437,74.5171577210345,171,0,38,9,9,9,True,16,
step83b_track2_screen_0867,track2_screen,8302867,"(4,3,3)",4,3,3,screened_ok,True,152,152,152,108.05456434502833,10.96532836714911,63.38115180839377,152,0,38,9,9,9,True,16,
step83b_track2_screen_0868,track2_screen,8302868,"(3,4,3)",3,4,3,screened_ok,True,152,152,152,107.69051763868737,9.770445948341425,67.39228789992124,152,0,38,9,9,9,True,17,
step83b_track2_screen_0869,track2_screen,8302869,"(4,4,4)",4,4,4,screened_ok,True,190,190,190,176.86958608811005,12.630243742132336,66.23382359130328,190,0,38,9,9,9,True,17,
step83b_track2_screen_0870,track2_screen,8302870,"(4,4,2)",4,4,2,screened_ok,True,152,152,152,58.008960134120635,9.402580757649304,57.35803713203124,152,0,38,9,9,9,True,13,
step83b_track2_screen_0871,track2_screen,8302871,"(3,3,3)",3,3,3,screened_ok,True,133,133,133,76.45278952032244,14.374386545676474,53.635840763967835,133,0,38,9,9,9,True,17,
step83b_track2_screen_0872,track2_screen,8302872,"(4,4,3)",4,4,3,screened_ok,True,171,171,171,143.19034175742397,10.503751335842015,64.23419818452507,171,0,38,9,9,9,True,16,
step83b_track2_screen_0873,track2_screen,8302873,"(4,3,3)",4,3,3,screened_ok,True,152,152,152,83.7353048147319,11.058212811924603,59.34276890186412,152,0,38,9,9,9,True,18,
step83b_track2_screen_0874,track2_screen,8302874,"(3,4,3)",3,4,3,screened_ok,True,152,152,152,120.01339275799388,10.991143770746094,62.97002794940121,152,0,38,9,9,9,True,18,
step83b_track2_screen_0875,track2_screen,8302875,"(4,4,4)",4,4,4,screened_ok,True,190,190,190,161.67781685631817,15.063926814815282,83.8875156894018,190,0,38,9,9,9,True,19,
step83b_track2_screen_0876,track2_screen,8302876,"(4,4,2)",4,4,2,screened_ok,True,152,152,152,71.08697121703361,9.926312813805435,59.040818228136786,152,0,38,9,9,9,True,18,
step83b_track2_screen_0877,track2_screen,8302877,"(3,3,3)",3,3,3,screened_ok,True,133,133,133,145.00738242178866,7.4395185254548055,54.18295350234235,133,0,38,9,9,9,True,16,
step83b_track2_screen_0878,track2_screen,8302878,"(4,4,3)",4,4,3,screened_ok,True,171,171,171,87.0176847598297,10.84335430773923,71.75073995056657,171,0,38,9,9,9,True,18,
step83b_track2_screen_0879,track2_screen,8302879,"(4,3,3)",4,3,3,screened_ok,True,152,152,152,91.48186107485738,9.711201364394075,54.679266151181494,152,0,38,9,9,9,True,18,
step83b_track2_screen_0880,track2_screen,8302880,"(3,4,3)",3,4,3,screened_ok,True,152,152,152,102.06103340159613,10.409705804536863,60.6205848732775,152,0,38,9,9,9,True,18,
step83b_track2_screen_0881,track2_screen,8302881,"(4,4,4)",4,4,4,screened_ok,True,190,190,190,137.39753471904956,11.245265265079166,74.36880542484336,190,0,38,9,9,9,True,19,
step83b_track2_screen_0882,track2_screen,8302882,"(4,4,2)",4,4,2,screened_ok,True,152,152,152,150.06625895283244,8.509172743777352,52.5321843562411,152,0,38,9,9,9,True,14,
step83b_track2_screen_0883,track2_screen,8302883,"(3,3,3)",3,3,3,screened_ok,True,133,133,133,81.50094608145255,8.497978923637366,47.381899944734826,133,0,38,9,9,9,True,18,
step83b_track2_screen_0884,track2_screen,8302884,"(4,4,3)",4,4,3,screened_ok,True,171,171,171,130.90000149437344,10.22685025948254,62.22830403537113,171,0,38,9,9,9,True,16,
step83b_track2_screen_0885,track2_screen,8302885,"(4,3,3)",4,3,3,screened_ok,True,152,152,152,129.44482261579998,9.18280098983069,63.509444274106556,152,0,38,9,9,9,True,19,
step83b_track2_screen_0886,track2_screen,8302886,"(3,4,3)",3,4,3,screened_ok,True,152,152,152,67.89518667895098,9.331815202611354,62.61077601232551,152,0,38,9,9,9,True,16,
step83b_track2_screen_0887,track2_screen,8302887,"(4,4,4)",4,4,4,screened_ok,True,190,190,190,171.59770302223419,14.514238532875604,78.58260541628024,190,0,38,9,9,9,True,19,
step83b_track2_screen_0888,track2_screen,8302888,"(4,4,2)",4,4,2,screened_ok,True,152,152,152,93.2889236904909,8.128921707174536,51.14948866768398,152,0,38,9,9,9,True,15,
step83b_track2_screen_0889,track2_screen,8302889,"(3,3,3)",3,3,3,screened_ok,True,133,133,133,61.92323656692528,8.14580283157256,51.72558495410784,133,0,38,9,9,9,True,17,
step83b_track2_screen_0890,track2_screen,8302890,"(4,4,3)",4,4,3,screened_ok,True,171,171,171,146.29241709478518,9.479015736079855,67.22564260981083,171,0,38,9,9,9,True,17,
step83b_track2_screen_0891,track2_screen,8302891,"(4,3,3)",4,3,3,screened_ok,True,152,152,152,141.34002232814618,10.345790572693364,57.22271402719293,152,0,38,9,9,9,True,18,
step83b_track2_screen_0892,track2_screen,8302892,"(3,4,3)",3,4,3,screened_ok,True,152,152,152,64.68662299833537,11.362038138691483,57.71310171755991,152,0,38,9,9,9,True,16,
step83b_track2_screen_0893,track2_screen,8302893,"(4,4,4)",4,4,4,screened_ok,True,190,190,190,244.5201718221277,12.645639261044716,77.43522969113617,190,0,38,9,9,9,True,18,
step83b_track2_screen_0894,track2_screen,8302894,"(4,4,2)",4,4,2,screened_ok,True,152,152,152,83.40843448638691,11.6648911384397,69.20738571209385,152,0,38,9,9,9,True,14,
step83b_track2_screen_0895,track2_screen,8302895,"(3,3,3)",3,3,3,screened_ok,True,133,133,133,78.2753833734795,10.912938009361737,51.496482452949586,133,0,38,9,9,9,True,15,
step83b_track2_screen_0896,track2_screen,8302896,"(4,4,3)",4,4,3,screened_ok,True,171,171,171,155.6930158160855,10.077563305304022,66.20675742046423,171,0,38,9,9,9,True,18,
step83b_track2_screen_0897,track2_screen,8302897,"(4,3,3)",4,3,3,screened_ok,True,152,152,152,194.03714780040286,9.764242023250945,62.009855476444386,152,0,38,9,9,9,True,17,
step83b_track2_screen_0898,track2_screen,8302898,"(3,4,3)",3,4,3,screened_ok,True,152,152,152,124.88911543509725,11.854096093742271,53.85065235019933,152,0,38,9,9,9,True,14,
step83b_track2_screen_0899,track2_screen,8302899,"(4,4,4)",4,4,4,screened_ok,True,190,190,190,113.35378969262449,12.897341430020372,87.27363480391627,190,0,38,9,9,9,True,16,
step83b_track2_screen_0900,track2_screen,8302900,"(4,4,2)",4,4,2,screened_ok,True,152,152,152,81.45444462375413,11.526309958638446,54.75094673664558,152,0,38,9,9,9,True,14,
step83b_track2_screen_0901,track2_screen,8302901,"(3,3,3)",3,3,3,screened_ok,True,133,133,133,92.46166488133326,8.94624894636334,54.47814180925631,133,0,38,9,9,9,True,18,
step83b_track2_screen_0902,track2_screen,8302902,"(4,4,3)",4,4,3,screened_ok,True,171,171,171,95.58398074381903,9.705754005859221,62.29124425890516,171,0,38,9,9,9,True,19,
step83b_track2_screen_0903,track2_screen,8302903,"(4,3,3)",4,3,3,screened_ok,True,152,152,152,75.29100488534931,13.068261895493794,58.97835710954389,152,0,38,9,9,9,True,17,
step83b_track2_screen_0904,track2_screen,8302904,"(3,4,3)",3,4,3,screened_ok,True,152,152,152,147.48913963023293,8.386755639237899,56.07437146145422,152,0,38,9,9,9,True,15,
step83b_track2_screen_0905,track2_screen,8302905,"(4,4,4)",4,4,4,screened_ok,True,190,190,190,169.19393079505878,12.581428558548257,72.9550465633394,190,0,38,9,9,9,True,16,
step83b_track2_screen_0906,track2_screen,8302906,"(4,4,2)",4,4,2,screened_ok,True,152,152,152,70.00877311422035,10.052552596171136,57.283917834908394,152,0,38,9,9,9,True,16,
step83b_track2_screen_0907,track2_screen,8302907,"(3,3,3)",3,3,3,screened_ok,True,133,133,133,93.4972435441396,10.505239596515144,50.89901949617641,133,0,38,9,9,9,True,17,
step83b_track2_screen_0908,track2_screen,8302908,"(4,4,3)",4,4,3,screened_ok,True,171,171,171,103.05993789238917,10.548972352295449,71.5950770755568,171,0,38,9,9,9,True,18,
step83b_track2_screen_0909,track2_screen,8302909,"(4,3,3)",4,3,3,screened_ok,True,152,152,152,74.38651767021193,9.962496227225177,59.94317424488557,152,0,38,9,9,9,True,18,
step83b_track2_screen_0910,track2_screen,8302910,"(3,4,3)",3,4,3,screened_ok,True,152,152,152,84.84416695276578,13.132443727855009,58.05191456929169,152,0,38,9,9,9,True,17,
step83b_track2_screen_0911,track2_screen,8302911,"(4,4,4)",4,4,4,screened_ok,True,190,190,190,118.4911845441804,11.466791989531277,74.63622718716601,190,0,38,9,9,9,True,18,
step83b_track2_screen_0912,track2_screen,8302912,"(4,4,2)",4,4,2,screened_ok,True,152,152,152,96.49578656970411,10.325534324287291,53.748722902746806,152,0,38,9,9,9,True,13,
step83b_track2_screen_0913,track2_screen,8302913,"(3,3,3)",3,3,3,screened_ok,True,133,133,133,96.13431987917036,7.900453605072759,51.09196772422061,133,0,38,9,9,8,True,18,
step83b_track2_screen_0914,track2_screen,8302914,"(4,4,3)",4,4,3,screened_ok,True,171,171,171,123.3887846782405,12.583803417079126,73.25862349094135,171,0,38,9,9,9,True,19,
step83b_track2_screen_0915,track2_screen,8302915,"(4,3,3)",4,3,3,screened_ok,True,152,152,152,121.60446324308637,7.859242656282102,55.89018910810693,152,0,38,9,9,9,True,19,
step83b_track2_screen_0916,track2_screen,8302916,"(3,4,3)",3,4,3,screened_ok,True,152,152,152,85.16005555196567,9.56748924617903,52.352804887210866,152,0,38,9,9,9,True,15,
step83b_track2_screen_0917,track2_screen,8302917,"(4,4,4)",4,4,4,screened_ok,True,190,190,190,151.13700484631198,10.8150631880055,76.48553010950894,190,0,38,9,9,9,True,18,
step83b_track2_screen_0918,track2_screen,8302918,"(4,4,2)",4,4,2,screened_ok,True,152,152,152,123.32094305217967,8.513720923009823,56.11623921129644,152,0,38,9,9,9,True,13,
step83b_track2_screen_0919,track2_screen,8302919,"(3,3,3)",3,3,3,screened_ok,True,133,133,133,52.74520930371686,8.700841012088285,49.42064194009484,133,0,38,9,9,9,True,17,
step83b_track2_screen_0920,track2_screen,8302920,"(4,4,3)",4,4,3,screened_ok,True,171,171,171,158.17322282377103,10.667392841615834,65.70862742909858,171,0,38,9,9,9,True,16,
step83b_track2_screen_0921,track2_screen,8302921,"(4,3,3)",4,3,3,screened_ok,True,152,152,152,103.07958845305201,10.570159646727832,62.925819942064805,152,0,38,9,9,9,True,15,
step83b_track2_screen_0922,track2_screen,8302922,"(3,4,3)",3,4,3,screened_ok,True,152,152,152,107.6455779630559,8.394363308760996,54.33437259445519,152,0,38,9,9,9,True,17,
step83b_track2_screen_0923,track2_screen,8302923,"(4,4,4)",4,4,4,screened_ok,True,190,190,190,202.19451857836955,11.354785693261698,80.45219978146025,190,0,38,9,9,9,True,18,
step83b_track2_screen_0924,track2_screen,8302924,"(4,4,2)",4,4,2,screened_ok,True,152,152,152,56.73911052256822,9.613617616836198,55.88223519019085,152,0,38,9,9,9,True,14,
step83b_track2_screen_0925,track2_screen,8302925,"(3,3,3)",3,3,3,screened_ok,True,133,133,133,58.29603525687867,10.679814422389562,53.86416528867969,133,0,38,9,9,9,True,17,
step83b_track2_screen_0926,track2_screen,8302926,"(4,4,3)",4,4,3,screened_ok,True,171,171,171,116.02220964296308,12.290448351637519,66.89729539584822,171,0,38,9,9,9,True,16,
step83b_track2_screen_0927,track2_screen,8302927,"(4,3,3)",4,3,3,screened_ok,True,152,152,152,91.78309227341012,9.503282095096177,60.11088298648175,152,0,38,9,9,9,True,17,
step83b_track2_screen_0928,track2_screen,8302928,"(3,4,3)",3,4,3,screened_ok,True,152,152,152,101.89603366789268,10.76153402914961,60.641456557304956,152,0,38,9,9,9,True,18,
step83b_track2_screen_0929,track2_screen,8302929,"(4,4,4)",4,4,4,screened_ok,True,190,190,190,197.24802502413755,11.928151632125985,79.37647876680053,190,0,38,9,9,9,True,17,
step83b_track2_screen_0930,track2_screen,8302930,"(4,4,2)",4,4,2,screened_ok,True,152,152,152,79.13111489613095,11.154559827257124,65.27281347388679,152,0,38,9,9,9,True,18,
step83b_track2_screen_0931,track2_screen,8302931,"(3,3,3)",3,3,3,screened_ok,True,133,133,133,88.19261700311607,11.101011282944038,54.731673595756526,133,0,38,9,9,9,True,18,
step83b_track2_screen_0932,track2_screen,8302932,"(4,4,3)",4,4,3,screened_ok,True,171,171,171,139.3950943938811,13.85351809272997,80.31610010160831,171,0,38,9,9,9,True,16,
step83b_track2_screen_0933,track2_screen,8302933,"(4,3,3)",4,3,3,screened_ok,True,152,152,152,85.0662084112251,8.388472860158796,59.46389086919076,152,0,38,9,9,9,True,17,
step83b_track2_screen_0934,track2_screen,8302934,"(3,4,3)",3,4,3,screened_ok,True,152,152,152,112.67878772445472,9.991177225613534,65.0613576231278,152,0,38,9,9,9,True,17,
step83b_track2_screen_0935,track2_screen,8302935,"(4,4,4)",4,4,4,screened_ok,True,190,190,190,137.9877483893509,11.259531934773149,75.67990221184405,190,0,38,9,9,9,True,17,
step83b_track2_screen_0936,track2_screen,8302936,"(4,4,2)",4,4,2,screened_ok,True,152,152,152,80.93446577707279,10.39387593913408,59.39691305815278,152,0,38,9,9,9,True,16,
step83b_track2_screen_0937,track2_screen,8302937,"(3,3,3)",3,3,3,screened_ok,True,133,133,133,63.33204011997058,9.37846061055972,56.38175585657631,133,0,38,9,9,9,True,17,
step83b_track2_screen_0938,track2_screen,8302938,"(4,4,3)",4,4,3,screened_ok,True,171,171,171,184.14941063043156,11.439607731789446,79.63652673116069,171,0,38,9,9,9,True,17,
step83b_track2_screen_0939,track2_screen,8302939,"(4,3,3)",4,3,3,screened_ok,True,152,152,152,89.75122739387525,8.41230609804935,56.770473963766655,152,0,38,9,9,9,True,16,
step83b_track2_screen_0940,track2_screen,8302940,"(3,4,3)",3,4,3,screened_ok,True,152,152,152,158.87390621725217,9.570164219290827,64.80658271203556,152,0,38,9,9,9,True,16,
step83b_track2_screen_0941,track2_screen,8302941,"(4,4,4)",4,4,4,screened_ok,True,190,190,190,156.97326881187075,12.466530560199656,74.3602998646784,190,0,38,9,9,9,True,18,
step83b_track2_screen_0942,track2_screen,8302942,"(4,4,2)",4,4,2,screened_ok,True,152,152,152,74.30122037773127,8.320065571414371,56.90546863752766,152,0,38,9,9,9,True,14,
step83b_track2_screen_0943,track2_screen,8302943,"(3,3,3)",3,3,3,screened_ok,True,133,133,133,65.30793126182253,10.32692260755239,51.26969986770465,133,0,38,9,9,9,True,17,
step83b_track2_screen_0944,track2_screen,8302944,"(4,4,3)",4,4,3,screened_ok,True,171,171,171,128.77008407014,10.312871258227176,61.80225877448067,171,0,38,9,9,9,True,17,
step83b_track2_screen_0945,track2_screen,8302945,"(4,3,3)",4,3,3,screened_ok,True,152,152,152,87.87359171320976,12.36758737167615,54.31031958361266,152,0,38,9,9,9,True,15,
step83b_track2_screen_0946,track2_screen,8302946,"(3,4,3)",3,4,3,screened_ok,True,152,152,152,91.71849567735723,10.27105703150966,56.98878723408828,152,0,38,9,9,9,True,19,
step83b_track2_screen_0947,track2_screen,8302947,"(4,4,4)",4,4,4,screened_ok,True,190,190,190,251.0927565132567,16.74303090184641,85.23403356422835,190,0,38,9,9,9,True,16,
step83b_track2_screen_0948,track2_screen,8302948,"(4,4,2)",4,4,2,screened_ok,True,152,152,152,101.731274773535,9.283757887092266,51.0011157456252,152,0,38,9,9,9,True,13,
step83b_track2_screen_0949,track2_screen,8302949,"(3,3,3)",3,3,3,screened_ok,True,133,133,133,89.25866962255077,10.595642631368174,61.00346381277074,133,0,38,9,9,9,True,16,
step83b_track2_screen_0950,track2_screen,8302950,"(4,4,3)",4,4,3,screened_ok,True,171,171,171,147.42934251615767,12.318030681432244,76.87172009732953,171,0,38,9,9,9,True,18,
step83b_track2_screen_0951,track2_screen,8302951,"(4,3,3)",4,3,3,screened_ok,True,152,152,152,169.976077713497,11.331530569349578,52.10319981060556,152,0,38,9,9,9,True,18,
step83b_track2_screen_0952,track2_screen,8302952,"(3,4,3)",3,4,3,screened_ok,True,152,152,152,112.78821801413679,11.50398981063133,62.55697380059576,152,0,38,9,9,9,True,18,
step83b_track2_screen_0953,track2_screen,8302953,"(4,4,4)",4,4,4,screened_ok,True,190,190,190,230.5461308090597,10.339384826320382,78.02579712065749,190,0,38,9,9,9,True,19,
step83b_track2_screen_0954,track2_screen,8302954,"(4,4,2)",4,4,2,screened_ok,True,152,152,152,87.33393579503351,11.031974723971127,54.47843249411903,152,0,38,9,9,9,True,16,
step83b_track2_screen_0955,track2_screen,8302955,"(3,3,3)",3,3,3,screened_ok,True,133,133,133,86.35688427260772,9.870641784541025,56.10115112919732,133,0,38,9,9,9,True,18,
step83b_track2_screen_0956,track2_screen,8302956,"(4,4,3)",4,4,3,screened_ok,True,171,171,171,81.50756386555135,10.475725077147416,78.51179835735748,171,0,38,9,9,9,True,19,
step83b_track2_screen_0957,track2_screen,8302957,"(4,3,3)",4,3,3,screened_ok,True,152,152,152,102.63034461185647,9.8446674376532,61.57216025794016,152,0,38,9,9,9,True,19,
step83b_track2_screen_0958,track2_screen,8302958,"(3,4,3)",3,4,3,screened_ok,True,152,152,152,89.47944434522255,8.910176916768428,62.65363603183158,152,0,38,9,9,9,True,17,
step83b_track2_screen_0959,track2_screen,8302959,"(4,4,4)",4,4,4,screened_ok,True,190,190,190,144.6129130292787,11.816040578949972,78.66173529261457,190,0,38,9,9,9,True,18,
step83b_track2_screen_0960,track2_screen,8302960,"(4,4,2)",4,4,2,screened_ok,True,152,152,152,93.96069268900364,9.315922511418187,63.71536006224478,152,0,38,9,9,9,True,13,
step83b_track2_screen_0961,track2_screen,8302961,"(3,3,3)",3,3,3,screened_ok,True,133,133,133,117.74587392826228,9.63139585587863,50.44054745628579,133,0,38,9,9,9,True,16,
step83b_track2_screen_0962,track2_screen,8302962,"(4,4,3)",4,4,3,screened_ok,True,171,171,171,90.39409709884197,12.92105087160842,80.33755999050784,171,0,38,9,9,9,True,17,
step83b_track2_screen_0963,track2_screen,8302963,"(4,3,3)",4,3,3,screened_ok,True,152,152,152,127.0428667904111,11.917965050801229,61.364921652792184,152,0,38,9,9,9,True,15,
step83b_track2_screen_0964,track2_screen,8302964,"(3,4,3)",3,4,3,screened_ok,True,152,152,152,103.32151855240514,9.65682056464145,61.51418753654125,152,0,38,9,9,9,True,15,
step83b_track2_screen_0965,track2_screen,8302965,"(4,4,4)",4,4,4,screened_ok,True,190,190,190,135.64193405908475,13.454212556141517,87.35452545373099,190,0,38,9,9,9,True,16,
step83b_track2_screen_0966,track2_screen,8302966,"(4,4,2)",4,4,2,screened_ok,True,152,152,152,74.98089653591784,10.182997428383691,61.779051720603526,152,0,38,9,9,9,True,15,
step83b_track2_screen_0967,track2_screen,8302967,"(3,3,3)",3,3,3,screened_ok,True,133,133,133,74.92737013180901,10.71351131784496,54.509652930046094,133,0,38,9,8,9,True,19,
step83b_track2_screen_0968,track2_screen,8302968,"(4,4,3)",4,4,3,screened_ok,True,171,171,171,112.07939054195005,10.685597499909917,80.29672142568222,171,0,38,9,9,9,True,19,
step83b_track2_screen_0969,track2_screen,8302969,"(4,3,3)",4,3,3,screened_ok,True,152,152,152,93.36169291978436,8.64202972773534,52.08562412723601,152,0,38,9,9,9,True,17,
step83b_track2_screen_0970,track2_screen,8302970,"(3,4,3)",3,4,3,screened_ok,True,152,152,152,87.86926744079943,11.455728002539152,58.31170913160999,152,0,38,9,9,9,True,18,
step83b_track2_screen_0971,track2_screen,8302971,"(4,4,4)",4,4,4,screened_ok,True,190,190,190,141.3567531542294,12.82852604676457,79.73948242048553,190,0,38,9,9,9,True,17,
step83b_track2_screen_0972,track2_screen,8302972,"(4,4,2)",4,4,2,screened_ok,True,152,152,152,118.75858493152533,10.983829625605583,58.01252098137331,152,0,38,9,9,9,True,15,
step83b_track2_screen_0973,track2_screen,8302973,"(3,3,3)",3,3,3,screened_ok,True,133,133,133,109.3610527745274,9.490522977626977,55.96495215643348,133,0,38,9,9,9,True,18,
step83b_track2_screen_0974,track2_screen,8302974,"(4,4,3)",4,4,3,screened_ok,True,171,171,171,105.46545842129571,10.89961646761872,75.5400781675238,171,0,38,9,9,9,True,18,
step83b_track2_screen_0975,track2_screen,8302975,"(4,3,3)",4,3,3,screened_ok,True,152,152,152,114.65622931037237,14.893053679769082,67.53091318694678,152,0,38,9,9,9,True,18,
step83b_track2_screen_0976,track2_screen,8302976,"(3,4,3)",3,4,3,screened_ok,True,152,152,152,71.35065936000329,12.75507516941724,61.261963451783394,152,0,38,9,9,9,True,17,
step83b_track2_screen_0977,track2_screen,8302977,"(4,4,4)",4,4,4,screened_ok,True,190,190,190,142.22793202258887,12.763944398513821,79.80185116483443,190,0,38,9,9,9,True,19,
step83b_track2_screen_0978,track2_screen,8302978,"(4,4,2)",4,4,2,screened_ok,True,152,152,152,113.0484451636473,9.406909292077927,56.95531789430994,152,0,38,9,9,9,True,14,
step83b_track2_screen_0979,track2_screen,8302979,"(3,3,3)",3,3,3,screened_ok,True,133,133,133,64.12937150549577,9.196841895359398,53.3881076673636,133,0,38,9,9,9,True,16,
step83b_track2_screen_0980,track2_screen,8302980,"(4,4,3)",4,4,3,screened_ok,True,171,171,171,178.67206838793206,10.45698449683086,69.32356583911586,171,0,38,9,9,9,True,17,
step83b_track2_screen_0981,track2_screen,8302981,"(4,3,3)",4,3,3,screened_ok,True,152,152,152,65.70091608488542,11.298558532781176,60.16902089875,152,0,38,9,9,9,True,16,
step83b_track2_screen_0982,track2_screen,8302982,"(3,4,3)",3,4,3,screened_ok,True,152,152,152,60.08580440650042,8.68711917490443,54.97495821274602,152,0,38,9,9,9,True,17,
step83b_track2_screen_0983,track2_screen,8302983,"(4,4,4)",4,4,4,screened_ok,True,190,190,190,172.62249409378333,14.298668089869984,79.54801826959604,190,0,38,9,9,9,True,18,
step83b_track2_screen_0984,track2_screen,8302984,"(4,4,2)",4,4,2,screened_ok,True,152,152,152,123.4045522180648,8.189323486330645,52.313254023115796,152,0,38,8,9,9,False,12,
step83b_track2_screen_0985,track2_screen,8302985,"(3,3,3)",3,3,3,screened_ok,True,133,133,133,78.90462219384318,6.336045677461819,45.310268695309226,133,0,38,9,9,9,True,16,
step83b_track2_screen_0986,track2_screen,8302986,"(4,4,3)",4,4,3,screened_ok,True,171,171,171,98.76539382161718,10.018780030492996,72.15863793441083,171,0,38,9,9,9,True,17,
step83b_track2_screen_0987,track2_screen,8302987,"(4,3,3)",4,3,3,screened_ok,True,152,152,152,127.24084846109051,11.186564687011431,61.27705165811462,152,0,38,9,9,9,True,17,
step83b_track2_screen_0988,track2_screen,8302988,"(3,4,3)",3,4,3,screened_ok,True,152,152,152,103.00456384124463,8.19563957706593,55.23492079537995,152,0,38,9,9,9,True,19,
step83b_track2_screen_0989,track2_screen,8302989,"(4,4,4)",4,4,4,screened_ok,True,190,190,190,157.06584784170727,10.981632394638474,75.39813847277685,190,0,38,9,9,9,True,18,
step83b_track2_screen_0990,track2_screen,8302990,"(4,4,2)",4,4,2,screened_ok,True,152,152,152,157.55550931702925,7.360123486077335,53.726997485433166,152,0,38,9,9,9,True,15,
step83b_track2_screen_0991,track2_screen,8302991,"(3,3,3)",3,3,3,screened_ok,True,133,133,133,60.85345522987185,9.951521474009109,52.57133217276121,133,0,38,9,9,9,True,16,
step83b_track2_screen_0992,track2_screen,8302992,"(4,4,3)",4,4,3,screened_ok,True,171,171,171,177.9850701143515,9.396394077752202,68.1447116858657,171,0,38,9,9,9,True,18,
step83b_track2_screen_0993,track2_screen,8302993,"(4,3,3)",4,3,3,screened_ok,True,152,152,152,74.38557780617941,12.613605834562067,61.539300736514164,152,0,38,9,9,9,True,18,
step83b_track2_screen_0994,track2_screen,8302994,"(3,4,3)",3,4,3,screened_ok,True,152,152,152,105.524174595995,11.022672122875008,70.85770594673842,152,0,38,9,9,9,True,17,
step83b_track2_screen_0995,track2_screen,8302995,"(4,4,4)",4,4,4,screened_ok,True,190,190,190,187.72851199403337,14.318262417249475,85.53099100926538,190,0,38,9,9,9,True,18,
step83b_track2_screen_0996,track2_screen,8302996,"(4,4,2)",4,4,2,screened_ok,True,152,152,152,164.30522850241098,9.243771270879506,56.274371017678334,152,0,38,9,9,9,True,14,
step83b_track2_screen_0997,track2_screen,8302997,"(3,3,3)",3,3,3,screened_ok,True,133,133,133,64.52288520559895,11.308185517966542,52.16624878116453,133,0,38,9,9,9,True,17,
step83b_track2_screen_0998,track2_screen,8302998,"(4,4,3)",4,4,3,screened_ok,True,171,171,171,132.95318325763958,11.70663348054182,60.07113103759516,171,0,38,9,9,9,True,18,
step83b_track2_screen_0999,track2_screen,8302999,"(4,3,3)",4,3,3,screened_ok,True,152,152,152,78.84288409698792,8.591365778262471,54.92140464024528,152,0,38,9,9,9,True,19,
step83b_track2_screen_1000,track2_screen,8303000,"(3,4,3)",3,4,3,screened_ok,True,152,152,152,62.38793895984737,13.468337898124213,65.86721059894766,152,0,38,9,9,9,True,17,
