family,sample_id,sigma_rank,eta_rank,delta_rank,nuisance_rank,augmented_rank,quotient_gain,meets_nuisance_cap_7,meets_r22_target,full_quotient_target_holds,provenance
ternary_sample,1,9,16,16,16,16,0,False,False,False,EXACT_DERIVED
ternary_sample,2,9,16,16,16,16,0,False,False,False,EXACT_DERIVED
ternary_sample,3,9,16,16,16,16,0,False,False,False,EXACT_DERIVED
ternary_sample,4,9,16,16,16,16,0,False,False,False,EXACT_DERIVED
ternary_sample,5,9,16,16,16,16,0,False,False,False,EXACT_DERIVED
ternary_sample,6,9,16,16,16,16,0,False,False,False,EXACT_DERIVED
ternary_sample,7,9,16,16,16,16,0,False,False,False,EXACT_DERIVED
ternary_sample,8,9,16,16,16,16,0,False,False,False,EXACT_DERIVED
ternary_sample,9,9,16,16,16,16,0,False,False,False,EXACT_DERIVED
ternary_sample,10,9,16,16,16,16,0,False,False,False,EXACT_DERIVED
ternary_sample,11,9,16,16,16,16,0,False,False,False,EXACT_DERIVED
ternary_sample,12,9,16,16,16,16,0,False,False,False,EXACT_DERIVED
ternary_sample,13,9,16,16,16,16,0,False,False,False,EXACT_DERIVED
ternary_sample,14,9,15,16,16,16,0,False,False,False,EXACT_DERIVED
ternary_sample,15,9,16,16,16,16,0,False,False,False,EXACT_DERIVED
ternary_sample,16,9,16,16,16,16,0,False,False,False,EXACT_DERIVED
ternary_sample,17,9,16,16,16,16,0,False,False,False,EXACT_DERIVED
ternary_sample,18,9,16,16,16,16,0,False,False,False,EXACT_DERIVED
ternary_sample,19,9,16,16,16,16,0,False,False,False,EXACT_DERIVED
ternary_sample,20,9,16,16,16,16,0,False,False,False,EXACT_DERIVED
ternary_sample,21,9,16,16,16,16,0,False,False,False,EXACT_DERIVED
ternary_sample,22,9,16,16,16,16,0,False,False,False,EXACT_DERIVED
ternary_sample,23,9,16,16,16,16,0,False,False,False,EXACT_DERIVED
ternary_sample,24,9,15,16,16,16,0,False,False,False,EXACT_DERIVED
ternary_sample,25,9,16,16,16,16,0,False,False,False,EXACT_DERIVED
ternary_sample,26,9,15,16,16,16,0,False,False,False,EXACT_DERIVED
ternary_sample,27,9,16,16,16,16,0,False,False,False,EXACT_DERIVED
ternary_sample,28,9,16,16,16,16,0,False,False,False,EXACT_DERIVED
ternary_sample,29,9,16,16,16,16,0,False,False,False,EXACT_DERIVED
ternary_sample,30,8,13,16,16,16,0,False,False,False,EXACT_DERIVED
ternary_sample,31,9,16,16,16,16,0,False,False,False,EXACT_DERIVED
ternary_sample,32,9,16,16,16,16,0,False,False,False,EXACT_DERIVED
ternary_sample,33,9,16,16,16,16,0,False,False,False,EXACT_DERIVED
ternary_sample,34,9,16,16,16,16,0,False,False,False,EXACT_DERIVED
ternary_sample,35,9,16,16,16,16,0,False,False,False,EXACT_DERIVED
ternary_sample,36,9,15,16,16,16,0,False,False,False,EXACT_DERIVED
ternary_sample,37,9,16,16,16,16,0,False,False,False,EXACT_DERIVED
ternary_sample,38,9,16,16,16,16,0,False,False,False,EXACT_DERIVED
ternary_sample,39,9,16,16,16,16,0,False,False,False,EXACT_DERIVED
ternary_sample,40,9,16,16,16,16,0,False,False,False,EXACT_DERIVED
ternary_sample,41,9,16,16,16,16,0,False,False,False,EXACT_DERIVED
ternary_sample,42,9,15,16,16,16,0,False,False,False,EXACT_DERIVED
ternary_sample,43,9,16,16,16,16,0,False,False,False,EXACT_DERIVED
ternary_sample,44,9,16,16,16,16,0,False,False,False,EXACT_DERIVED
ternary_sample,45,9,16,16,16,16,0,False,False,False,EXACT_DERIVED
ternary_sample,46,9,16,16,16,16,0,False,False,False,EXACT_DERIVED
ternary_sample,47,9,15,16,16,16,0,False,False,False,EXACT_DERIVED
ternary_sample,48,9,16,16,16,16,0,False,False,False,EXACT_DERIVED
ternary_sample,49,9,16,16,16,16,0,False,False,False,EXACT_DERIVED
ternary_sample,50,9,15,16,16,16,0,False,False,False,EXACT_DERIVED
ternary_sample,51,9,16,16,16,16,0,False,False,False,EXACT_DERIVED
ternary_sample,52,9,16,16,16,16,0,False,False,False,EXACT_DERIVED
ternary_sample,53,9,16,16,16,16,0,False,False,False,EXACT_DERIVED
ternary_sample,54,9,16,16,16,16,0,False,False,False,EXACT_DERIVED
ternary_sample,55,9,16,16,16,16,0,False,False,False,EXACT_DERIVED
ternary_sample,56,9,16,16,16,16,0,False,False,False,EXACT_DERIVED
ternary_sample,57,9,16,16,16,16,0,False,False,False,EXACT_DERIVED
ternary_sample,58,9,16,16,16,16,0,False,False,False,EXACT_DERIVED
ternary_sample,59,9,16,16,16,16,0,False,False,False,EXACT_DERIVED
ternary_sample,60,9,16,16,16,16,0,False,False,False,EXACT_DERIVED
ternary_sample,61,9,16,16,16,16,0,False,False,False,EXACT_DERIVED
ternary_sample,62,9,16,16,16,16,0,False,False,False,EXACT_DERIVED
ternary_sample,63,9,16,16,16,16,0,False,False,False,EXACT_DERIVED
ternary_sample,64,9,16,16,16,16,0,False,False,False,EXACT_DERIVED
ternary_sample,65,9,16,16,16,16,0,False,False,False,EXACT_DERIVED
ternary_sample,66,9,16,16,16,16,0,False,False,False,EXACT_DERIVED
ternary_sample,67,9,16,16,16,16,0,False,False,False,EXACT_DERIVED
ternary_sample,68,9,16,16,16,16,0,False,False,False,EXACT_DERIVED
ternary_sample,69,9,16,16,16,16,0,False,False,False,EXACT_DERIVED
ternary_sample,70,9,16,16,16,16,0,False,False,False,EXACT_DERIVED
ternary_sample,71,9,16,16,16,16,0,False,False,False,EXACT_DERIVED
ternary_sample,72,9,16,16,16,16,0,False,False,False,EXACT_DERIVED
ternary_sample,73,9,16,16,16,16,0,False,False,False,EXACT_DERIVED
ternary_sample,74,9,16,16,16,16,0,False,False,False,EXACT_DERIVED
ternary_sample,75,9,16,16,16,16,0,False,False,False,EXACT_DERIVED
ternary_sample,76,9,16,16,16,16,0,False,False,False,EXACT_DERIVED
ternary_sample,77,9,16,16,16,16,0,False,False,False,EXACT_DERIVED
ternary_sample,78,9,16,16,16,16,0,False,False,False,EXACT_DERIVED
ternary_sample,79,9,16,16,16,16,0,False,False,False,EXACT_DERIVED
ternary_sample,80,9,15,16,16,16,0,False,False,False,EXACT_DERIVED
ternary_sample,81,9,16,16,16,16,0,False,False,False,EXACT_DERIVED
ternary_sample,82,9,16,16,16,16,0,False,False,False,EXACT_DERIVED
ternary_sample,83,9,16,16,16,16,0,False,False,False,EXACT_DERIVED
ternary_sample,84,9,16,16,16,16,0,False,False,False,EXACT_DERIVED
ternary_sample,85,9,16,16,16,16,0,False,False,False,EXACT_DERIVED
ternary_sample,86,9,16,16,16,16,0,False,False,False,EXACT_DERIVED
ternary_sample,87,9,16,16,16,16,0,False,False,False,EXACT_DERIVED
ternary_sample,88,9,16,16,16,16,0,False,False,False,EXACT_DERIVED
ternary_sample,89,9,16,16,16,16,0,False,False,False,EXACT_DERIVED
ternary_sample,90,9,15,16,16,16,0,False,False,False,EXACT_DERIVED
ternary_sample,91,9,16,16,16,16,0,False,False,False,EXACT_DERIVED
ternary_sample,92,9,15,16,16,16,0,False,False,False,EXACT_DERIVED
ternary_sample,93,9,16,16,16,16,0,False,False,False,EXACT_DERIVED
ternary_sample,94,9,15,16,16,16,0,False,False,False,EXACT_DERIVED
ternary_sample,95,9,16,16,16,16,0,False,False,False,EXACT_DERIVED
ternary_sample,96,9,16,16,16,16,0,False,False,False,EXACT_DERIVED
ternary_sample,97,9,16,16,16,16,0,False,False,False,EXACT_DERIVED
ternary_sample,98,9,16,16,16,16,0,False,False,False,EXACT_DERIVED
ternary_sample,99,9,16,16,16,16,0,False,False,False,EXACT_DERIVED
ternary_sample,100,9,16,16,16,16,0,False,False,False,EXACT_DERIVED
ternary_sample,101,9,16,16,16,16,0,False,False,False,EXACT_DERIVED
ternary_sample,102,9,16,16,16,16,0,False,False,False,EXACT_DERIVED
ternary_sample,103,9,16,16,16,16,0,False,False,False,EXACT_DERIVED
ternary_sample,104,9,16,16,16,16,0,False,False,False,EXACT_DERIVED
ternary_sample,105,9,16,16,16,16,0,False,False,False,EXACT_DERIVED
ternary_sample,106,9,16,16,16,16,0,False,False,False,EXACT_DERIVED
ternary_sample,107,9,16,16,16,16,0,False,False,False,EXACT_DERIVED
ternary_sample,108,9,16,16,16,16,0,False,False,False,EXACT_DERIVED
ternary_sample,109,9,15,16,16,16,0,False,False,False,EXACT_DERIVED
ternary_sample,110,9,16,16,16,16,0,False,False,False,EXACT_DERIVED
ternary_sample,111,9,16,16,16,16,0,False,False,False,EXACT_DERIVED
ternary_sample,112,9,16,16,16,16,0,False,False,False,EXACT_DERIVED
ternary_sample,113,9,16,16,16,16,0,False,False,False,EXACT_DERIVED
ternary_sample,114,9,15,16,16,16,0,False,False,False,EXACT_DERIVED
ternary_sample,115,9,15,16,16,16,0,False,False,False,EXACT_DERIVED
ternary_sample,116,9,16,16,16,16,0,False,False,False,EXACT_DERIVED
ternary_sample,117,9,16,16,16,16,0,False,False,False,EXACT_DERIVED
ternary_sample,118,9,16,16,16,16,0,False,False,False,EXACT_DERIVED
ternary_sample,119,9,16,16,16,16,0,False,False,False,EXACT_DERIVED
ternary_sample,120,9,16,16,16,16,0,False,False,False,EXACT_DERIVED
ternary_sample,121,9,16,16,16,16,0,False,False,False,EXACT_DERIVED
ternary_sample,122,9,16,16,16,16,0,False,False,False,EXACT_DERIVED
ternary_sample,123,9,15,16,16,16,0,False,False,False,EXACT_DERIVED
ternary_sample,124,9,16,16,16,16,0,False,False,False,EXACT_DERIVED
ternary_sample,125,9,16,16,16,16,0,False,False,False,EXACT_DERIVED
ternary_sample,126,9,15,16,16,16,0,False,False,False,EXACT_DERIVED
ternary_sample,127,9,16,16,16,16,0,False,False,False,EXACT_DERIVED
ternary_sample,128,9,15,16,16,16,0,False,False,False,EXACT_DERIVED
ternary_sample,129,9,16,16,16,16,0,False,False,False,EXACT_DERIVED
ternary_sample,130,9,16,16,16,16,0,False,False,False,EXACT_DERIVED
ternary_sample,131,9,16,16,16,16,0,False,False,False,EXACT_DERIVED
ternary_sample,132,9,16,16,16,16,0,False,False,False,EXACT_DERIVED
ternary_sample,133,9,16,16,16,16,0,False,False,False,EXACT_DERIVED
ternary_sample,134,9,16,16,16,16,0,False,False,False,EXACT_DERIVED
ternary_sample,135,9,16,16,16,16,0,False,False,False,EXACT_DERIVED
ternary_sample,136,9,16,16,16,16,0,False,False,False,EXACT_DERIVED
ternary_sample,137,9,16,16,16,16,0,False,False,False,EXACT_DERIVED
ternary_sample,138,9,16,16,16,16,0,False,False,False,EXACT_DERIVED
ternary_sample,139,9,16,16,16,16,0,False,False,False,EXACT_DERIVED
ternary_sample,140,9,16,16,16,16,0,False,False,False,EXACT_DERIVED
ternary_sample,141,9,16,16,16,16,0,False,False,False,EXACT_DERIVED
ternary_sample,142,9,16,16,16,16,0,False,False,False,EXACT_DERIVED
ternary_sample,143,9,16,16,16,16,0,False,False,False,EXACT_DERIVED
ternary_sample,144,9,16,16,16,16,0,False,False,False,EXACT_DERIVED
ternary_sample,145,9,15,16,16,16,0,False,False,False,EXACT_DERIVED
ternary_sample,146,9,16,16,16,16,0,False,False,False,EXACT_DERIVED
ternary_sample,147,9,16,16,16,16,0,False,False,False,EXACT_DERIVED
ternary_sample,148,9,16,16,16,16,0,False,False,False,EXACT_DERIVED
ternary_sample,149,9,16,16,16,16,0,False,False,False,EXACT_DERIVED
ternary_sample,150,9,16,16,16,16,0,False,False,False,EXACT_DERIVED
ternary_sample,151,9,16,16,16,16,0,False,False,False,EXACT_DERIVED
ternary_sample,152,9,15,16,16,16,0,False,False,False,EXACT_DERIVED
ternary_sample,153,9,16,16,16,16,0,False,False,False,EXACT_DERIVED
ternary_sample,154,9,16,16,16,16,0,False,False,False,EXACT_DERIVED
ternary_sample,155,9,16,16,16,16,0,False,False,False,EXACT_DERIVED
ternary_sample,156,9,16,16,16,16,0,False,False,False,EXACT_DERIVED
ternary_sample,157,9,16,16,16,16,0,False,False,False,EXACT_DERIVED
ternary_sample,158,9,16,16,16,16,0,False,False,False,EXACT_DERIVED
ternary_sample,159,8,12,16,16,16,0,False,False,False,EXACT_DERIVED
ternary_sample,160,9,16,16,16,16,0,False,False,False,EXACT_DERIVED
ternary_sample,161,9,14,16,16,16,0,False,False,False,EXACT_DERIVED
ternary_sample,162,9,16,16,16,16,0,False,False,False,EXACT_DERIVED
ternary_sample,163,9,16,16,16,16,0,False,False,False,EXACT_DERIVED
ternary_sample,164,9,16,16,16,16,0,False,False,False,EXACT_DERIVED
ternary_sample,165,9,16,16,16,16,0,False,False,False,EXACT_DERIVED
ternary_sample,166,9,16,16,16,16,0,False,False,False,EXACT_DERIVED
ternary_sample,167,9,14,16,16,16,0,False,False,False,EXACT_DERIVED
ternary_sample,168,9,15,16,16,16,0,False,False,False,EXACT_DERIVED
ternary_sample,169,9,16,16,16,16,0,False,False,False,EXACT_DERIVED
ternary_sample,170,9,16,16,16,16,0,False,False,False,EXACT_DERIVED
ternary_sample,171,9,16,16,16,16,0,False,False,False,EXACT_DERIVED
ternary_sample,172,9,16,16,16,16,0,False,False,False,EXACT_DERIVED
ternary_sample,173,9,16,16,16,16,0,False,False,False,EXACT_DERIVED
ternary_sample,174,9,16,16,16,16,0,False,False,False,EXACT_DERIVED
ternary_sample,175,9,16,16,16,16,0,False,False,False,EXACT_DERIVED
ternary_sample,176,9,16,16,16,16,0,False,False,False,EXACT_DERIVED
ternary_sample,177,9,16,16,16,16,0,False,False,False,EXACT_DERIVED
ternary_sample,178,9,16,16,16,16,0,False,False,False,EXACT_DERIVED
ternary_sample,179,9,16,16,16,16,0,False,False,False,EXACT_DERIVED
ternary_sample,180,9,16,16,16,16,0,False,False,False,EXACT_DERIVED
ternary_sample,181,9,16,16,16,16,0,False,False,False,EXACT_DERIVED
ternary_sample,182,9,15,16,16,16,0,False,False,False,EXACT_DERIVED
ternary_sample,183,9,16,16,16,16,0,False,False,False,EXACT_DERIVED
ternary_sample,184,9,16,16,16,16,0,False,False,False,EXACT_DERIVED
ternary_sample,185,9,16,16,16,16,0,False,False,False,EXACT_DERIVED
ternary_sample,186,9,13,16,16,16,0,False,False,False,EXACT_DERIVED
ternary_sample,187,9,16,16,16,16,0,False,False,False,EXACT_DERIVED
ternary_sample,188,9,16,16,16,16,0,False,False,False,EXACT_DERIVED
ternary_sample,189,9,16,16,16,16,0,False,False,False,EXACT_DERIVED
ternary_sample,190,9,16,16,16,16,0,False,False,False,EXACT_DERIVED
ternary_sample,191,9,16,16,16,16,0,False,False,False,EXACT_DERIVED
ternary_sample,192,9,16,16,16,16,0,False,False,False,EXACT_DERIVED
ternary_sample,193,9,16,16,16,16,0,False,False,False,EXACT_DERIVED
ternary_sample,194,9,16,16,16,16,0,False,False,False,EXACT_DERIVED
ternary_sample,195,9,16,16,16,16,0,False,False,False,EXACT_DERIVED
ternary_sample,196,9,15,16,16,16,0,False,False,False,EXACT_DERIVED
ternary_sample,197,9,16,16,16,16,0,False,False,False,EXACT_DERIVED
ternary_sample,198,9,16,16,16,16,0,False,False,False,EXACT_DERIVED
ternary_sample,199,9,16,16,16,16,0,False,False,False,EXACT_DERIVED
ternary_sample,200,9,15,16,16,16,0,False,False,False,EXACT_DERIVED
ternary_sample,201,9,15,16,16,16,0,False,False,False,EXACT_DERIVED
ternary_sample,202,9,15,16,16,16,0,False,False,False,EXACT_DERIVED
ternary_sample,203,9,16,16,16,16,0,False,False,False,EXACT_DERIVED
ternary_sample,204,9,16,16,16,16,0,False,False,False,EXACT_DERIVED
ternary_sample,205,9,16,16,16,16,0,False,False,False,EXACT_DERIVED
ternary_sample,206,8,11,16,16,16,0,False,False,False,EXACT_DERIVED
ternary_sample,207,9,16,16,16,16,0,False,False,False,EXACT_DERIVED
ternary_sample,208,9,16,16,16,16,0,False,False,False,EXACT_DERIVED
ternary_sample,209,9,16,16,16,16,0,False,False,False,EXACT_DERIVED
ternary_sample,210,9,16,16,16,16,0,False,False,False,EXACT_DERIVED
ternary_sample,211,9,16,16,16,16,0,False,False,False,EXACT_DERIVED
ternary_sample,212,9,15,16,16,16,0,False,False,False,EXACT_DERIVED
ternary_sample,213,9,16,16,16,16,0,False,False,False,EXACT_DERIVED
ternary_sample,214,9,16,16,16,16,0,False,False,False,EXACT_DERIVED
ternary_sample,215,9,16,16,16,16,0,False,False,False,EXACT_DERIVED
ternary_sample,216,9,16,16,16,16,0,False,False,False,EXACT_DERIVED
ternary_sample,217,9,16,16,16,16,0,False,False,False,EXACT_DERIVED
ternary_sample,218,9,15,16,16,16,0,False,False,False,EXACT_DERIVED
ternary_sample,219,9,16,16,16,16,0,False,False,False,EXACT_DERIVED
ternary_sample,220,9,15,16,16,16,0,False,False,False,EXACT_DERIVED
ternary_sample,221,9,16,16,16,16,0,False,False,False,EXACT_DERIVED
ternary_sample,222,9,16,16,16,16,0,False,False,False,EXACT_DERIVED
ternary_sample,223,9,16,16,16,16,0,False,False,False,EXACT_DERIVED
ternary_sample,224,9,16,16,16,16,0,False,False,False,EXACT_DERIVED
ternary_sample,225,9,16,16,16,16,0,False,False,False,EXACT_DERIVED
ternary_sample,226,9,16,16,16,16,0,False,False,False,EXACT_DERIVED
ternary_sample,227,9,15,16,16,16,0,False,False,False,EXACT_DERIVED
ternary_sample,228,9,16,16,16,16,0,False,False,False,EXACT_DERIVED
ternary_sample,229,9,16,16,16,16,0,False,False,False,EXACT_DERIVED
ternary_sample,230,9,16,16,16,16,0,False,False,False,EXACT_DERIVED
ternary_sample,231,9,16,16,16,16,0,False,False,False,EXACT_DERIVED
ternary_sample,232,9,14,16,16,16,0,False,False,False,EXACT_DERIVED
ternary_sample,233,9,16,16,16,16,0,False,False,False,EXACT_DERIVED
ternary_sample,234,9,15,16,16,16,0,False,False,False,EXACT_DERIVED
ternary_sample,235,9,14,16,16,16,0,False,False,False,EXACT_DERIVED
ternary_sample,236,9,16,16,16,16,0,False,False,False,EXACT_DERIVED
ternary_sample,237,9,16,16,16,16,0,False,False,False,EXACT_DERIVED
ternary_sample,238,9,16,16,16,16,0,False,False,False,EXACT_DERIVED
ternary_sample,239,9,16,16,16,16,0,False,False,False,EXACT_DERIVED
ternary_sample,240,9,16,16,16,16,0,False,False,False,EXACT_DERIVED
ternary_sample,241,9,16,16,16,16,0,False,False,False,EXACT_DERIVED
ternary_sample,242,9,16,16,16,16,0,False,False,False,EXACT_DERIVED
ternary_sample,243,9,16,16,16,16,0,False,False,False,EXACT_DERIVED
ternary_sample,244,9,16,16,16,16,0,False,False,False,EXACT_DERIVED
ternary_sample,245,9,16,16,16,16,0,False,False,False,EXACT_DERIVED
ternary_sample,246,9,16,16,16,16,0,False,False,False,EXACT_DERIVED
ternary_sample,247,9,15,16,16,16,0,False,False,False,EXACT_DERIVED
ternary_sample,248,9,16,16,16,16,0,False,False,False,EXACT_DERIVED
ternary_sample,249,9,16,16,16,16,0,False,False,False,EXACT_DERIVED
ternary_sample,250,9,16,16,16,16,0,False,False,False,EXACT_DERIVED
ternary_sample,251,9,14,15,16,16,0,False,False,False,EXACT_DERIVED
ternary_sample,252,9,16,16,16,16,0,False,False,False,EXACT_DERIVED
ternary_sample,253,9,16,16,16,16,0,False,False,False,EXACT_DERIVED
ternary_sample,254,9,16,16,16,16,0,False,False,False,EXACT_DERIVED
ternary_sample,255,9,16,16,16,16,0,False,False,False,EXACT_DERIVED
ternary_sample,256,9,16,16,16,16,0,False,False,False,EXACT_DERIVED
ternary_sample,257,9,16,16,16,16,0,False,False,False,EXACT_DERIVED
ternary_sample,258,9,16,16,16,16,0,False,False,False,EXACT_DERIVED
ternary_sample,259,9,16,16,16,16,0,False,False,False,EXACT_DERIVED
ternary_sample,260,9,15,16,16,16,0,False,False,False,EXACT_DERIVED
ternary_sample,261,9,16,16,16,16,0,False,False,False,EXACT_DERIVED
ternary_sample,262,9,16,16,16,16,0,False,False,False,EXACT_DERIVED
ternary_sample,263,9,16,16,16,16,0,False,False,False,EXACT_DERIVED
ternary_sample,264,9,16,16,16,16,0,False,False,False,EXACT_DERIVED
ternary_sample,265,9,16,16,16,16,0,False,False,False,EXACT_DERIVED
ternary_sample,266,9,16,16,16,16,0,False,False,False,EXACT_DERIVED
ternary_sample,267,9,16,16,16,16,0,False,False,False,EXACT_DERIVED
ternary_sample,268,9,16,16,16,16,0,False,False,False,EXACT_DERIVED
ternary_sample,269,9,16,16,16,16,0,False,False,False,EXACT_DERIVED
ternary_sample,270,9,16,16,16,16,0,False,False,False,EXACT_DERIVED
ternary_sample,271,9,16,16,16,16,0,False,False,False,EXACT_DERIVED
ternary_sample,272,9,16,16,16,16,0,False,False,False,EXACT_DERIVED
ternary_sample,273,9,16,16,16,16,0,False,False,False,EXACT_DERIVED
ternary_sample,274,9,15,16,16,16,0,False,False,False,EXACT_DERIVED
ternary_sample,275,9,16,16,16,16,0,False,False,False,EXACT_DERIVED
ternary_sample,276,9,16,16,16,16,0,False,False,False,EXACT_DERIVED
ternary_sample,277,9,16,16,16,16,0,False,False,False,EXACT_DERIVED
ternary_sample,278,9,16,16,16,16,0,False,False,False,EXACT_DERIVED
ternary_sample,279,9,16,16,16,16,0,False,False,False,EXACT_DERIVED
ternary_sample,280,9,15,16,16,16,0,False,False,False,EXACT_DERIVED
ternary_sample,281,9,16,16,16,16,0,False,False,False,EXACT_DERIVED
ternary_sample,282,9,15,16,16,16,0,False,False,False,EXACT_DERIVED
ternary_sample,283,9,15,16,16,16,0,False,False,False,EXACT_DERIVED
ternary_sample,284,9,16,16,16,16,0,False,False,False,EXACT_DERIVED
ternary_sample,285,9,16,16,16,16,0,False,False,False,EXACT_DERIVED
ternary_sample,286,9,16,16,16,16,0,False,False,False,EXACT_DERIVED
ternary_sample,287,9,16,16,16,16,0,False,False,False,EXACT_DERIVED
ternary_sample,288,9,16,16,16,16,0,False,False,False,EXACT_DERIVED
ternary_sample,289,9,16,16,16,16,0,False,False,False,EXACT_DERIVED
ternary_sample,290,9,16,16,16,16,0,False,False,False,EXACT_DERIVED
ternary_sample,291,9,16,16,16,16,0,False,False,False,EXACT_DERIVED
ternary_sample,292,9,14,15,16,16,0,False,False,False,EXACT_DERIVED
ternary_sample,293,9,16,16,16,16,0,False,False,False,EXACT_DERIVED
ternary_sample,294,9,15,16,16,16,0,False,False,False,EXACT_DERIVED
ternary_sample,295,9,16,16,16,16,0,False,False,False,EXACT_DERIVED
ternary_sample,296,9,16,16,16,16,0,False,False,False,EXACT_DERIVED
ternary_sample,297,9,14,16,16,16,0,False,False,False,EXACT_DERIVED
ternary_sample,298,9,14,16,16,16,0,False,False,False,EXACT_DERIVED
ternary_sample,299,9,16,16,16,16,0,False,False,False,EXACT_DERIVED
ternary_sample,300,9,16,16,16,16,0,False,False,False,EXACT_DERIVED
ternary_sample,301,9,16,16,16,16,0,False,False,False,EXACT_DERIVED
ternary_sample,302,9,16,16,16,16,0,False,False,False,EXACT_DERIVED
ternary_sample,303,9,16,16,16,16,0,False,False,False,EXACT_DERIVED
ternary_sample,304,9,16,16,16,16,0,False,False,False,EXACT_DERIVED
ternary_sample,305,9,16,16,16,16,0,False,False,False,EXACT_DERIVED
ternary_sample,306,9,16,16,16,16,0,False,False,False,EXACT_DERIVED
ternary_sample,307,9,16,16,16,16,0,False,False,False,EXACT_DERIVED
ternary_sample,308,9,16,16,16,16,0,False,False,False,EXACT_DERIVED
ternary_sample,309,9,16,16,16,16,0,False,False,False,EXACT_DERIVED
ternary_sample,310,9,16,16,16,16,0,False,False,False,EXACT_DERIVED
ternary_sample,311,9,15,16,16,16,0,False,False,False,EXACT_DERIVED
ternary_sample,312,9,14,16,16,16,0,False,False,False,EXACT_DERIVED
ternary_sample,313,9,16,16,16,16,0,False,False,False,EXACT_DERIVED
ternary_sample,314,9,16,16,16,16,0,False,False,False,EXACT_DERIVED
ternary_sample,315,9,16,16,16,16,0,False,False,False,EXACT_DERIVED
ternary_sample,316,9,15,16,16,16,0,False,False,False,EXACT_DERIVED
ternary_sample,317,9,16,16,16,16,0,False,False,False,EXACT_DERIVED
ternary_sample,318,9,15,16,16,16,0,False,False,False,EXACT_DERIVED
ternary_sample,319,9,16,16,16,16,0,False,False,False,EXACT_DERIVED
ternary_sample,320,9,14,16,16,16,0,False,False,False,EXACT_DERIVED
ternary_sample,321,9,16,16,16,16,0,False,False,False,EXACT_DERIVED
ternary_sample,322,9,14,16,16,16,0,False,False,False,EXACT_DERIVED
ternary_sample,323,9,15,16,16,16,0,False,False,False,EXACT_DERIVED
ternary_sample,324,9,16,16,16,16,0,False,False,False,EXACT_DERIVED
ternary_sample,325,9,16,16,16,16,0,False,False,False,EXACT_DERIVED
ternary_sample,326,9,15,16,16,16,0,False,False,False,EXACT_DERIVED
ternary_sample,327,9,16,16,16,16,0,False,False,False,EXACT_DERIVED
ternary_sample,328,9,16,16,16,16,0,False,False,False,EXACT_DERIVED
ternary_sample,329,9,16,16,16,16,0,False,False,False,EXACT_DERIVED
ternary_sample,330,9,14,16,16,16,0,False,False,False,EXACT_DERIVED
ternary_sample,331,9,15,16,16,16,0,False,False,False,EXACT_DERIVED
ternary_sample,332,9,16,16,16,16,0,False,False,False,EXACT_DERIVED
ternary_sample,333,9,16,16,16,16,0,False,False,False,EXACT_DERIVED
ternary_sample,334,9,15,16,16,16,0,False,False,False,EXACT_DERIVED
ternary_sample,335,9,16,16,16,16,0,False,False,False,EXACT_DERIVED
ternary_sample,336,9,16,16,16,16,0,False,False,False,EXACT_DERIVED
ternary_sample,337,9,14,16,16,16,0,False,False,False,EXACT_DERIVED
ternary_sample,338,9,16,16,16,16,0,False,False,False,EXACT_DERIVED
ternary_sample,339,9,16,16,16,16,0,False,False,False,EXACT_DERIVED
ternary_sample,340,9,16,16,16,16,0,False,False,False,EXACT_DERIVED
ternary_sample,341,9,16,16,16,16,0,False,False,False,EXACT_DERIVED
ternary_sample,342,9,15,16,16,16,0,False,False,False,EXACT_DERIVED
ternary_sample,343,9,15,16,16,16,0,False,False,False,EXACT_DERIVED
ternary_sample,344,9,16,16,16,16,0,False,False,False,EXACT_DERIVED
ternary_sample,345,9,16,16,16,16,0,False,False,False,EXACT_DERIVED
ternary_sample,346,9,16,16,16,16,0,False,False,False,EXACT_DERIVED
ternary_sample,347,9,16,16,16,16,0,False,False,False,EXACT_DERIVED
ternary_sample,348,9,16,16,16,16,0,False,False,False,EXACT_DERIVED
ternary_sample,349,9,16,16,16,16,0,False,False,False,EXACT_DERIVED
ternary_sample,350,9,16,16,16,16,0,False,False,False,EXACT_DERIVED
ternary_sample,351,9,16,16,16,16,0,False,False,False,EXACT_DERIVED
ternary_sample,352,9,16,16,16,16,0,False,False,False,EXACT_DERIVED
ternary_sample,353,9,15,16,16,16,0,False,False,False,EXACT_DERIVED
ternary_sample,354,9,16,16,16,16,0,False,False,False,EXACT_DERIVED
ternary_sample,355,9,16,16,16,16,0,False,False,False,EXACT_DERIVED
ternary_sample,356,9,15,16,16,16,0,False,False,False,EXACT_DERIVED
ternary_sample,357,9,16,16,16,16,0,False,False,False,EXACT_DERIVED
ternary_sample,358,8,14,16,16,16,0,False,False,False,EXACT_DERIVED
ternary_sample,359,9,15,16,16,16,0,False,False,False,EXACT_DERIVED
ternary_sample,360,9,16,16,16,16,0,False,False,False,EXACT_DERIVED
ternary_sample,361,9,16,16,16,16,0,False,False,False,EXACT_DERIVED
ternary_sample,362,9,14,16,16,16,0,False,False,False,EXACT_DERIVED
ternary_sample,363,9,16,16,16,16,0,False,False,False,EXACT_DERIVED
ternary_sample,364,9,16,16,16,16,0,False,False,False,EXACT_DERIVED
ternary_sample,365,9,16,16,16,16,0,False,False,False,EXACT_DERIVED
ternary_sample,366,9,16,16,16,16,0,False,False,False,EXACT_DERIVED
ternary_sample,367,9,16,16,16,16,0,False,False,False,EXACT_DERIVED
ternary_sample,368,9,16,16,16,16,0,False,False,False,EXACT_DERIVED
ternary_sample,369,9,16,16,16,16,0,False,False,False,EXACT_DERIVED
ternary_sample,370,9,16,16,16,16,0,False,False,False,EXACT_DERIVED
ternary_sample,371,9,16,16,16,16,0,False,False,False,EXACT_DERIVED
ternary_sample,372,9,16,16,16,16,0,False,False,False,EXACT_DERIVED
ternary_sample,373,9,16,16,16,16,0,False,False,False,EXACT_DERIVED
ternary_sample,374,9,16,16,16,16,0,False,False,False,EXACT_DERIVED
ternary_sample,375,9,16,16,16,16,0,False,False,False,EXACT_DERIVED
ternary_sample,376,9,16,16,16,16,0,False,False,False,EXACT_DERIVED
ternary_sample,377,9,16,16,16,16,0,False,False,False,EXACT_DERIVED
ternary_sample,378,9,16,16,16,16,0,False,False,False,EXACT_DERIVED
ternary_sample,379,9,16,16,16,16,0,False,False,False,EXACT_DERIVED
ternary_sample,380,9,16,16,16,16,0,False,False,False,EXACT_DERIVED
ternary_sample,381,9,16,16,16,16,0,False,False,False,EXACT_DERIVED
ternary_sample,382,9,15,16,16,16,0,False,False,False,EXACT_DERIVED
ternary_sample,383,9,16,16,16,16,0,False,False,False,EXACT_DERIVED
ternary_sample,384,9,16,16,16,16,0,False,False,False,EXACT_DERIVED
ternary_sample,385,9,16,16,16,16,0,False,False,False,EXACT_DERIVED
ternary_sample,386,9,16,16,16,16,0,False,False,False,EXACT_DERIVED
ternary_sample,387,9,16,16,16,16,0,False,False,False,EXACT_DERIVED
ternary_sample,388,9,16,16,16,16,0,False,False,False,EXACT_DERIVED
ternary_sample,389,9,16,16,16,16,0,False,False,False,EXACT_DERIVED
ternary_sample,390,9,16,16,16,16,0,False,False,False,EXACT_DERIVED
ternary_sample,391,9,16,16,16,16,0,False,False,False,EXACT_DERIVED
ternary_sample,392,9,16,16,16,16,0,False,False,False,EXACT_DERIVED
ternary_sample,393,9,15,16,16,16,0,False,False,False,EXACT_DERIVED
ternary_sample,394,9,14,16,16,16,0,False,False,False,EXACT_DERIVED
ternary_sample,395,9,16,16,16,16,0,False,False,False,EXACT_DERIVED
ternary_sample,396,9,16,16,16,16,0,False,False,False,EXACT_DERIVED
ternary_sample,397,9,16,16,16,16,0,False,False,False,EXACT_DERIVED
ternary_sample,398,9,15,16,16,16,0,False,False,False,EXACT_DERIVED
ternary_sample,399,9,15,16,16,16,0,False,False,False,EXACT_DERIVED
ternary_sample,400,9,16,16,16,16,0,False,False,False,EXACT_DERIVED
ternary_sample,401,9,16,16,16,16,0,False,False,False,EXACT_DERIVED
ternary_sample,402,9,16,16,16,16,0,False,False,False,EXACT_DERIVED
ternary_sample,403,9,15,16,16,16,0,False,False,False,EXACT_DERIVED
ternary_sample,404,9,15,16,16,16,0,False,False,False,EXACT_DERIVED
ternary_sample,405,9,14,16,16,16,0,False,False,False,EXACT_DERIVED
ternary_sample,406,9,16,16,16,16,0,False,False,False,EXACT_DERIVED
ternary_sample,407,9,16,16,16,16,0,False,False,False,EXACT_DERIVED
ternary_sample,408,9,16,16,16,16,0,False,False,False,EXACT_DERIVED
ternary_sample,409,9,15,16,16,16,0,False,False,False,EXACT_DERIVED
ternary_sample,410,9,16,16,16,16,0,False,False,False,EXACT_DERIVED
ternary_sample,411,9,16,16,16,16,0,False,False,False,EXACT_DERIVED
ternary_sample,412,9,16,16,16,16,0,False,False,False,EXACT_DERIVED
ternary_sample,413,9,16,16,16,16,0,False,False,False,EXACT_DERIVED
ternary_sample,414,9,16,16,16,16,0,False,False,False,EXACT_DERIVED
ternary_sample,415,9,16,16,16,16,0,False,False,False,EXACT_DERIVED
ternary_sample,416,9,16,16,16,16,0,False,False,False,EXACT_DERIVED
ternary_sample,417,9,16,16,16,16,0,False,False,False,EXACT_DERIVED
ternary_sample,418,9,16,16,16,16,0,False,False,False,EXACT_DERIVED
ternary_sample,419,9,15,16,16,16,0,False,False,False,EXACT_DERIVED
ternary_sample,420,9,15,16,16,16,0,False,False,False,EXACT_DERIVED
ternary_sample,421,9,14,16,16,16,0,False,False,False,EXACT_DERIVED
ternary_sample,422,9,16,16,16,16,0,False,False,False,EXACT_DERIVED
ternary_sample,423,9,16,16,16,16,0,False,False,False,EXACT_DERIVED
ternary_sample,424,9,16,16,16,16,0,False,False,False,EXACT_DERIVED
ternary_sample,425,9,16,16,16,16,0,False,False,False,EXACT_DERIVED
ternary_sample,426,9,16,16,16,16,0,False,False,False,EXACT_DERIVED
ternary_sample,427,9,16,16,16,16,0,False,False,False,EXACT_DERIVED
ternary_sample,428,9,16,16,16,16,0,False,False,False,EXACT_DERIVED
ternary_sample,429,9,16,16,16,16,0,False,False,False,EXACT_DERIVED
ternary_sample,430,9,16,16,16,16,0,False,False,False,EXACT_DERIVED
ternary_sample,431,9,16,16,16,16,0,False,False,False,EXACT_DERIVED
ternary_sample,432,9,16,16,16,16,0,False,False,False,EXACT_DERIVED
ternary_sample,433,9,16,16,16,16,0,False,False,False,EXACT_DERIVED
ternary_sample,434,9,16,16,16,16,0,False,False,False,EXACT_DERIVED
ternary_sample,435,9,16,16,16,16,0,False,False,False,EXACT_DERIVED
ternary_sample,436,9,16,16,16,16,0,False,False,False,EXACT_DERIVED
ternary_sample,437,9,15,16,16,16,0,False,False,False,EXACT_DERIVED
ternary_sample,438,9,16,16,16,16,0,False,False,False,EXACT_DERIVED
ternary_sample,439,9,16,16,16,16,0,False,False,False,EXACT_DERIVED
ternary_sample,440,9,16,16,16,16,0,False,False,False,EXACT_DERIVED
ternary_sample,441,9,15,16,16,16,0,False,False,False,EXACT_DERIVED
ternary_sample,442,9,16,16,16,16,0,False,False,False,EXACT_DERIVED
ternary_sample,443,9,15,16,16,16,0,False,False,False,EXACT_DERIVED
ternary_sample,444,9,16,16,16,16,0,False,False,False,EXACT_DERIVED
ternary_sample,445,9,16,16,16,16,0,False,False,False,EXACT_DERIVED
ternary_sample,446,9,16,16,16,16,0,False,False,False,EXACT_DERIVED
ternary_sample,447,9,16,16,16,16,0,False,False,False,EXACT_DERIVED
ternary_sample,448,9,16,16,16,16,0,False,False,False,EXACT_DERIVED
ternary_sample,449,9,16,16,16,16,0,False,False,False,EXACT_DERIVED
ternary_sample,450,9,16,16,16,16,0,False,False,False,EXACT_DERIVED
ternary_sample,451,9,14,16,16,16,0,False,False,False,EXACT_DERIVED
ternary_sample,452,9,16,16,16,16,0,False,False,False,EXACT_DERIVED
ternary_sample,453,9,16,16,16,16,0,False,False,False,EXACT_DERIVED
ternary_sample,454,9,16,16,16,16,0,False,False,False,EXACT_DERIVED
ternary_sample,455,9,16,16,16,16,0,False,False,False,EXACT_DERIVED
ternary_sample,456,9,15,16,16,16,0,False,False,False,EXACT_DERIVED
ternary_sample,457,9,16,16,16,16,0,False,False,False,EXACT_DERIVED
ternary_sample,458,9,15,16,16,16,0,False,False,False,EXACT_DERIVED
ternary_sample,459,9,16,16,16,16,0,False,False,False,EXACT_DERIVED
ternary_sample,460,9,16,16,16,16,0,False,False,False,EXACT_DERIVED
ternary_sample,461,9,16,16,16,16,0,False,False,False,EXACT_DERIVED
ternary_sample,462,9,15,16,16,16,0,False,False,False,EXACT_DERIVED
ternary_sample,463,9,16,16,16,16,0,False,False,False,EXACT_DERIVED
ternary_sample,464,9,16,16,16,16,0,False,False,False,EXACT_DERIVED
ternary_sample,465,9,15,16,16,16,0,False,False,False,EXACT_DERIVED
ternary_sample,466,9,14,16,16,16,0,False,False,False,EXACT_DERIVED
ternary_sample,467,9,16,16,16,16,0,False,False,False,EXACT_DERIVED
ternary_sample,468,9,16,16,16,16,0,False,False,False,EXACT_DERIVED
ternary_sample,469,9,16,16,16,16,0,False,False,False,EXACT_DERIVED
ternary_sample,470,9,16,16,16,16,0,False,False,False,EXACT_DERIVED
ternary_sample,471,9,16,16,16,16,0,False,False,False,EXACT_DERIVED
ternary_sample,472,9,15,16,16,16,0,False,False,False,EXACT_DERIVED
ternary_sample,473,9,16,16,16,16,0,False,False,False,EXACT_DERIVED
ternary_sample,474,9,16,16,16,16,0,False,False,False,EXACT_DERIVED
ternary_sample,475,9,16,16,16,16,0,False,False,False,EXACT_DERIVED
ternary_sample,476,9,16,16,16,16,0,False,False,False,EXACT_DERIVED
ternary_sample,477,9,15,16,16,16,0,False,False,False,EXACT_DERIVED
ternary_sample,478,9,15,16,16,16,0,False,False,False,EXACT_DERIVED
ternary_sample,479,9,16,16,16,16,0,False,False,False,EXACT_DERIVED
ternary_sample,480,9,16,16,16,16,0,False,False,False,EXACT_DERIVED
ternary_sample,481,9,16,16,16,16,0,False,False,False,EXACT_DERIVED
ternary_sample,482,9,16,16,16,16,0,False,False,False,EXACT_DERIVED
ternary_sample,483,9,16,16,16,16,0,False,False,False,EXACT_DERIVED
ternary_sample,484,9,15,16,16,16,0,False,False,False,EXACT_DERIVED
ternary_sample,485,9,16,16,16,16,0,False,False,False,EXACT_DERIVED
ternary_sample,486,9,16,16,16,16,0,False,False,False,EXACT_DERIVED
ternary_sample,487,9,16,16,16,16,0,False,False,False,EXACT_DERIVED
ternary_sample,488,9,16,16,16,16,0,False,False,False,EXACT_DERIVED
ternary_sample,489,9,16,16,16,16,0,False,False,False,EXACT_DERIVED
ternary_sample,490,9,16,16,16,16,0,False,False,False,EXACT_DERIVED
ternary_sample,491,9,16,16,16,16,0,False,False,False,EXACT_DERIVED
ternary_sample,492,9,16,16,16,16,0,False,False,False,EXACT_DERIVED
ternary_sample,493,9,16,16,16,16,0,False,False,False,EXACT_DERIVED
ternary_sample,494,9,15,16,16,16,0,False,False,False,EXACT_DERIVED
ternary_sample,495,9,16,16,16,16,0,False,False,False,EXACT_DERIVED
ternary_sample,496,9,16,16,16,16,0,False,False,False,EXACT_DERIVED
ternary_sample,497,9,16,16,16,16,0,False,False,False,EXACT_DERIVED
ternary_sample,498,9,16,16,16,16,0,False,False,False,EXACT_DERIVED
ternary_sample,499,9,16,16,16,16,0,False,False,False,EXACT_DERIVED
ternary_sample,500,9,16,16,16,16,0,False,False,False,EXACT_DERIVED
ternary_sample,501,9,16,16,16,16,0,False,False,False,EXACT_DERIVED
ternary_sample,502,9,16,16,16,16,0,False,False,False,EXACT_DERIVED
ternary_sample,503,9,16,16,16,16,0,False,False,False,EXACT_DERIVED
ternary_sample,504,9,16,16,16,16,0,False,False,False,EXACT_DERIVED
ternary_sample,505,9,16,16,16,16,0,False,False,False,EXACT_DERIVED
ternary_sample,506,9,16,16,16,16,0,False,False,False,EXACT_DERIVED
ternary_sample,507,9,16,16,16,16,0,False,False,False,EXACT_DERIVED
ternary_sample,508,9,16,16,16,16,0,False,False,False,EXACT_DERIVED
ternary_sample,509,9,16,16,16,16,0,False,False,False,EXACT_DERIVED
ternary_sample,510,9,15,16,16,16,0,False,False,False,EXACT_DERIVED
ternary_sample,511,9,16,16,16,16,0,False,False,False,EXACT_DERIVED
ternary_sample,512,9,15,16,16,16,0,False,False,False,EXACT_DERIVED
ternary_sample,513,9,16,16,16,16,0,False,False,False,EXACT_DERIVED
ternary_sample,514,9,16,16,16,16,0,False,False,False,EXACT_DERIVED
ternary_sample,515,9,16,16,16,16,0,False,False,False,EXACT_DERIVED
ternary_sample,516,9,16,16,16,16,0,False,False,False,EXACT_DERIVED
ternary_sample,517,9,16,16,16,16,0,False,False,False,EXACT_DERIVED
ternary_sample,518,9,15,16,16,16,0,False,False,False,EXACT_DERIVED
ternary_sample,519,9,16,16,16,16,0,False,False,False,EXACT_DERIVED
ternary_sample,520,9,16,16,16,16,0,False,False,False,EXACT_DERIVED
ternary_sample,521,9,16,16,16,16,0,False,False,False,EXACT_DERIVED
ternary_sample,522,9,13,15,16,16,0,False,False,False,EXACT_DERIVED
ternary_sample,523,9,16,16,16,16,0,False,False,False,EXACT_DERIVED
ternary_sample,524,9,16,16,16,16,0,False,False,False,EXACT_DERIVED
ternary_sample,525,9,14,16,16,16,0,False,False,False,EXACT_DERIVED
ternary_sample,526,9,14,16,16,16,0,False,False,False,EXACT_DERIVED
ternary_sample,527,9,16,16,16,16,0,False,False,False,EXACT_DERIVED
ternary_sample,528,9,16,16,16,16,0,False,False,False,EXACT_DERIVED
ternary_sample,529,9,16,16,16,16,0,False,False,False,EXACT_DERIVED
ternary_sample,530,9,16,16,16,16,0,False,False,False,EXACT_DERIVED
ternary_sample,531,9,16,16,16,16,0,False,False,False,EXACT_DERIVED
ternary_sample,532,9,16,16,16,16,0,False,False,False,EXACT_DERIVED
ternary_sample,533,9,16,16,16,16,0,False,False,False,EXACT_DERIVED
ternary_sample,534,9,14,16,16,16,0,False,False,False,EXACT_DERIVED
ternary_sample,535,9,16,16,16,16,0,False,False,False,EXACT_DERIVED
ternary_sample,536,9,16,16,16,16,0,False,False,False,EXACT_DERIVED
ternary_sample,537,9,15,16,16,16,0,False,False,False,EXACT_DERIVED
ternary_sample,538,9,16,16,16,16,0,False,False,False,EXACT_DERIVED
ternary_sample,539,9,16,16,16,16,0,False,False,False,EXACT_DERIVED
ternary_sample,540,9,16,16,16,16,0,False,False,False,EXACT_DERIVED
ternary_sample,541,9,16,16,16,16,0,False,False,False,EXACT_DERIVED
ternary_sample,542,9,16,16,16,16,0,False,False,False,EXACT_DERIVED
ternary_sample,543,9,16,16,16,16,0,False,False,False,EXACT_DERIVED
ternary_sample,544,9,16,16,16,16,0,False,False,False,EXACT_DERIVED
ternary_sample,545,9,15,16,16,16,0,False,False,False,EXACT_DERIVED
ternary_sample,546,9,16,16,16,16,0,False,False,False,EXACT_DERIVED
ternary_sample,547,9,16,16,16,16,0,False,False,False,EXACT_DERIVED
ternary_sample,548,9,16,16,16,16,0,False,False,False,EXACT_DERIVED
ternary_sample,549,9,16,16,16,16,0,False,False,False,EXACT_DERIVED
ternary_sample,550,9,16,16,16,16,0,False,False,False,EXACT_DERIVED
ternary_sample,551,9,16,16,16,16,0,False,False,False,EXACT_DERIVED
ternary_sample,552,9,16,16,16,16,0,False,False,False,EXACT_DERIVED
ternary_sample,553,9,16,16,16,16,0,False,False,False,EXACT_DERIVED
ternary_sample,554,9,15,16,16,16,0,False,False,False,EXACT_DERIVED
ternary_sample,555,9,16,16,16,16,0,False,False,False,EXACT_DERIVED
ternary_sample,556,9,16,16,16,16,0,False,False,False,EXACT_DERIVED
ternary_sample,557,9,16,16,16,16,0,False,False,False,EXACT_DERIVED
ternary_sample,558,9,16,16,16,16,0,False,False,False,EXACT_DERIVED
ternary_sample,559,9,16,16,16,16,0,False,False,False,EXACT_DERIVED
ternary_sample,560,9,16,16,16,16,0,False,False,False,EXACT_DERIVED
ternary_sample,561,9,16,16,16,16,0,False,False,False,EXACT_DERIVED
ternary_sample,562,9,16,16,16,16,0,False,False,False,EXACT_DERIVED
ternary_sample,563,9,15,16,16,16,0,False,False,False,EXACT_DERIVED
ternary_sample,564,9,16,16,16,16,0,False,False,False,EXACT_DERIVED
ternary_sample,565,9,16,16,16,16,0,False,False,False,EXACT_DERIVED
ternary_sample,566,9,16,16,16,16,0,False,False,False,EXACT_DERIVED
ternary_sample,567,9,16,16,16,16,0,False,False,False,EXACT_DERIVED
ternary_sample,568,9,16,16,16,16,0,False,False,False,EXACT_DERIVED
ternary_sample,569,9,16,16,16,16,0,False,False,False,EXACT_DERIVED
ternary_sample,570,9,16,16,16,16,0,False,False,False,EXACT_DERIVED
ternary_sample,571,9,16,16,16,16,0,False,False,False,EXACT_DERIVED
ternary_sample,572,9,16,16,16,16,0,False,False,False,EXACT_DERIVED
ternary_sample,573,9,16,16,16,16,0,False,False,False,EXACT_DERIVED
ternary_sample,574,9,16,16,16,16,0,False,False,False,EXACT_DERIVED
ternary_sample,575,9,16,16,16,16,0,False,False,False,EXACT_DERIVED
ternary_sample,576,9,16,16,16,16,0,False,False,False,EXACT_DERIVED
ternary_sample,577,9,16,16,16,16,0,False,False,False,EXACT_DERIVED
ternary_sample,578,9,16,16,16,16,0,False,False,False,EXACT_DERIVED
ternary_sample,579,9,16,16,16,16,0,False,False,False,EXACT_DERIVED
ternary_sample,580,9,16,16,16,16,0,False,False,False,EXACT_DERIVED
ternary_sample,581,9,16,16,16,16,0,False,False,False,EXACT_DERIVED
ternary_sample,582,9,15,16,16,16,0,False,False,False,EXACT_DERIVED
ternary_sample,583,9,16,16,16,16,0,False,False,False,EXACT_DERIVED
ternary_sample,584,9,16,16,16,16,0,False,False,False,EXACT_DERIVED
ternary_sample,585,9,16,16,16,16,0,False,False,False,EXACT_DERIVED
ternary_sample,586,9,16,16,16,16,0,False,False,False,EXACT_DERIVED
ternary_sample,587,9,16,16,16,16,0,False,False,False,EXACT_DERIVED
ternary_sample,588,9,15,16,16,16,0,False,False,False,EXACT_DERIVED
ternary_sample,589,9,16,16,16,16,0,False,False,False,EXACT_DERIVED
ternary_sample,590,9,16,16,16,16,0,False,False,False,EXACT_DERIVED
ternary_sample,591,9,16,16,16,16,0,False,False,False,EXACT_DERIVED
ternary_sample,592,9,16,16,16,16,0,False,False,False,EXACT_DERIVED
ternary_sample,593,9,16,16,16,16,0,False,False,False,EXACT_DERIVED
ternary_sample,594,9,16,16,16,16,0,False,False,False,EXACT_DERIVED
ternary_sample,595,9,16,16,16,16,0,False,False,False,EXACT_DERIVED
ternary_sample,596,9,16,16,16,16,0,False,False,False,EXACT_DERIVED
ternary_sample,597,9,16,16,16,16,0,False,False,False,EXACT_DERIVED
ternary_sample,598,9,16,16,16,16,0,False,False,False,EXACT_DERIVED
ternary_sample,599,9,16,16,16,16,0,False,False,False,EXACT_DERIVED
ternary_sample,600,9,16,16,16,16,0,False,False,False,EXACT_DERIVED
ternary_sample,601,9,15,16,16,16,0,False,False,False,EXACT_DERIVED
ternary_sample,602,9,16,16,16,16,0,False,False,False,EXACT_DERIVED
ternary_sample,603,9,16,16,16,16,0,False,False,False,EXACT_DERIVED
ternary_sample,604,9,16,16,16,16,0,False,False,False,EXACT_DERIVED
ternary_sample,605,9,16,16,16,16,0,False,False,False,EXACT_DERIVED
ternary_sample,606,9,15,16,16,16,0,False,False,False,EXACT_DERIVED
ternary_sample,607,9,15,16,16,16,0,False,False,False,EXACT_DERIVED
ternary_sample,608,9,16,16,16,16,0,False,False,False,EXACT_DERIVED
ternary_sample,609,9,16,16,16,16,0,False,False,False,EXACT_DERIVED
ternary_sample,610,9,16,16,16,16,0,False,False,False,EXACT_DERIVED
ternary_sample,611,9,15,16,16,16,0,False,False,False,EXACT_DERIVED
ternary_sample,612,9,16,16,16,16,0,False,False,False,EXACT_DERIVED
ternary_sample,613,9,16,16,16,16,0,False,False,False,EXACT_DERIVED
ternary_sample,614,9,16,16,16,16,0,False,False,False,EXACT_DERIVED
ternary_sample,615,9,16,16,16,16,0,False,False,False,EXACT_DERIVED
ternary_sample,616,9,16,16,16,16,0,False,False,False,EXACT_DERIVED
ternary_sample,617,9,15,16,16,16,0,False,False,False,EXACT_DERIVED
ternary_sample,618,9,15,16,16,16,0,False,False,False,EXACT_DERIVED
ternary_sample,619,9,16,16,16,16,0,False,False,False,EXACT_DERIVED
ternary_sample,620,9,16,16,16,16,0,False,False,False,EXACT_DERIVED
ternary_sample,621,9,16,16,16,16,0,False,False,False,EXACT_DERIVED
ternary_sample,622,9,16,16,16,16,0,False,False,False,EXACT_DERIVED
ternary_sample,623,9,15,16,16,16,0,False,False,False,EXACT_DERIVED
ternary_sample,624,9,16,16,16,16,0,False,False,False,EXACT_DERIVED
ternary_sample,625,9,15,16,16,16,0,False,False,False,EXACT_DERIVED
ternary_sample,626,9,16,16,16,16,0,False,False,False,EXACT_DERIVED
ternary_sample,627,9,16,16,16,16,0,False,False,False,EXACT_DERIVED
ternary_sample,628,9,16,16,16,16,0,False,False,False,EXACT_DERIVED
ternary_sample,629,9,16,16,16,16,0,False,False,False,EXACT_DERIVED
ternary_sample,630,9,16,16,16,16,0,False,False,False,EXACT_DERIVED
ternary_sample,631,9,16,16,16,16,0,False,False,False,EXACT_DERIVED
ternary_sample,632,9,16,16,16,16,0,False,False,False,EXACT_DERIVED
ternary_sample,633,9,15,16,16,16,0,False,False,False,EXACT_DERIVED
ternary_sample,634,9,16,16,16,16,0,False,False,False,EXACT_DERIVED
ternary_sample,635,9,14,16,16,16,0,False,False,False,EXACT_DERIVED
ternary_sample,636,9,16,16,16,16,0,False,False,False,EXACT_DERIVED
ternary_sample,637,9,16,16,16,16,0,False,False,False,EXACT_DERIVED
ternary_sample,638,9,16,16,16,16,0,False,False,False,EXACT_DERIVED
ternary_sample,639,9,16,16,16,16,0,False,False,False,EXACT_DERIVED
ternary_sample,640,9,16,16,16,16,0,False,False,False,EXACT_DERIVED
ternary_sample,641,9,16,16,16,16,0,False,False,False,EXACT_DERIVED
ternary_sample,642,9,16,16,16,16,0,False,False,False,EXACT_DERIVED
ternary_sample,643,9,16,16,16,16,0,False,False,False,EXACT_DERIVED
ternary_sample,644,9,15,16,16,16,0,False,False,False,EXACT_DERIVED
ternary_sample,645,9,16,16,16,16,0,False,False,False,EXACT_DERIVED
ternary_sample,646,9,15,16,16,16,0,False,False,False,EXACT_DERIVED
ternary_sample,647,9,16,16,16,16,0,False,False,False,EXACT_DERIVED
ternary_sample,648,9,16,16,16,16,0,False,False,False,EXACT_DERIVED
ternary_sample,649,9,16,16,16,16,0,False,False,False,EXACT_DERIVED
ternary_sample,650,9,16,16,16,16,0,False,False,False,EXACT_DERIVED
ternary_sample,651,9,16,16,16,16,0,False,False,False,EXACT_DERIVED
ternary_sample,652,9,15,16,16,16,0,False,False,False,EXACT_DERIVED
ternary_sample,653,9,16,16,16,16,0,False,False,False,EXACT_DERIVED
ternary_sample,654,9,16,16,16,16,0,False,False,False,EXACT_DERIVED
ternary_sample,655,9,15,16,16,16,0,False,False,False,EXACT_DERIVED
ternary_sample,656,9,16,16,16,16,0,False,False,False,EXACT_DERIVED
ternary_sample,657,9,16,16,16,16,0,False,False,False,EXACT_DERIVED
ternary_sample,658,9,15,16,16,16,0,False,False,False,EXACT_DERIVED
ternary_sample,659,9,16,16,16,16,0,False,False,False,EXACT_DERIVED
ternary_sample,660,9,16,16,16,16,0,False,False,False,EXACT_DERIVED
ternary_sample,661,9,16,16,16,16,0,False,False,False,EXACT_DERIVED
ternary_sample,662,9,16,16,16,16,0,False,False,False,EXACT_DERIVED
ternary_sample,663,9,16,16,16,16,0,False,False,False,EXACT_DERIVED
ternary_sample,664,9,15,16,16,16,0,False,False,False,EXACT_DERIVED
ternary_sample,665,9,16,16,16,16,0,False,False,False,EXACT_DERIVED
ternary_sample,666,9,16,16,16,16,0,False,False,False,EXACT_DERIVED
ternary_sample,667,9,16,16,16,16,0,False,False,False,EXACT_DERIVED
ternary_sample,668,9,15,16,16,16,0,False,False,False,EXACT_DERIVED
ternary_sample,669,9,16,16,16,16,0,False,False,False,EXACT_DERIVED
ternary_sample,670,9,14,16,16,16,0,False,False,False,EXACT_DERIVED
ternary_sample,671,9,16,16,16,16,0,False,False,False,EXACT_DERIVED
ternary_sample,672,9,16,16,16,16,0,False,False,False,EXACT_DERIVED
ternary_sample,673,9,16,16,16,16,0,False,False,False,EXACT_DERIVED
ternary_sample,674,9,16,16,16,16,0,False,False,False,EXACT_DERIVED
ternary_sample,675,9,16,16,16,16,0,False,False,False,EXACT_DERIVED
ternary_sample,676,9,15,16,16,16,0,False,False,False,EXACT_DERIVED
ternary_sample,677,9,16,16,16,16,0,False,False,False,EXACT_DERIVED
ternary_sample,678,9,16,16,16,16,0,False,False,False,EXACT_DERIVED
ternary_sample,679,9,16,16,16,16,0,False,False,False,EXACT_DERIVED
ternary_sample,680,9,16,16,16,16,0,False,False,False,EXACT_DERIVED
ternary_sample,681,9,15,16,16,16,0,False,False,False,EXACT_DERIVED
ternary_sample,682,9,14,16,16,16,0,False,False,False,EXACT_DERIVED
ternary_sample,683,9,16,16,16,16,0,False,False,False,EXACT_DERIVED
ternary_sample,684,9,15,16,16,16,0,False,False,False,EXACT_DERIVED
ternary_sample,685,9,16,16,16,16,0,False,False,False,EXACT_DERIVED
ternary_sample,686,9,16,16,16,16,0,False,False,False,EXACT_DERIVED
ternary_sample,687,9,16,16,16,16,0,False,False,False,EXACT_DERIVED
ternary_sample,688,9,16,16,16,16,0,False,False,False,EXACT_DERIVED
ternary_sample,689,9,15,16,16,16,0,False,False,False,EXACT_DERIVED
ternary_sample,690,9,16,16,16,16,0,False,False,False,EXACT_DERIVED
ternary_sample,691,9,16,16,16,16,0,False,False,False,EXACT_DERIVED
ternary_sample,692,9,16,16,16,16,0,False,False,False,EXACT_DERIVED
ternary_sample,693,9,16,16,16,16,0,False,False,False,EXACT_DERIVED
ternary_sample,694,9,16,16,16,16,0,False,False,False,EXACT_DERIVED
ternary_sample,695,9,16,16,16,16,0,False,False,False,EXACT_DERIVED
ternary_sample,696,9,16,16,16,16,0,False,False,False,EXACT_DERIVED
ternary_sample,697,9,16,16,16,16,0,False,False,False,EXACT_DERIVED
ternary_sample,698,9,16,16,16,16,0,False,False,False,EXACT_DERIVED
ternary_sample,699,9,16,16,16,16,0,False,False,False,EXACT_DERIVED
ternary_sample,700,9,16,16,16,16,0,False,False,False,EXACT_DERIVED
ternary_sample,701,9,16,16,16,16,0,False,False,False,EXACT_DERIVED
ternary_sample,702,9,16,16,16,16,0,False,False,False,EXACT_DERIVED
ternary_sample,703,9,16,16,16,16,0,False,False,False,EXACT_DERIVED
ternary_sample,704,9,16,16,16,16,0,False,False,False,EXACT_DERIVED
ternary_sample,705,9,16,16,16,16,0,False,False,False,EXACT_DERIVED
ternary_sample,706,9,16,16,16,16,0,False,False,False,EXACT_DERIVED
ternary_sample,707,9,16,16,16,16,0,False,False,False,EXACT_DERIVED
ternary_sample,708,9,16,16,16,16,0,False,False,False,EXACT_DERIVED
ternary_sample,709,9,16,16,16,16,0,False,False,False,EXACT_DERIVED
ternary_sample,710,9,16,16,16,16,0,False,False,False,EXACT_DERIVED
ternary_sample,711,9,16,16,16,16,0,False,False,False,EXACT_DERIVED
ternary_sample,712,9,14,16,16,16,0,False,False,False,EXACT_DERIVED
ternary_sample,713,9,16,16,16,16,0,False,False,False,EXACT_DERIVED
ternary_sample,714,9,15,16,16,16,0,False,False,False,EXACT_DERIVED
ternary_sample,715,9,16,16,16,16,0,False,False,False,EXACT_DERIVED
ternary_sample,716,9,16,16,16,16,0,False,False,False,EXACT_DERIVED
ternary_sample,717,9,16,16,16,16,0,False,False,False,EXACT_DERIVED
ternary_sample,718,9,16,16,16,16,0,False,False,False,EXACT_DERIVED
ternary_sample,719,9,16,16,16,16,0,False,False,False,EXACT_DERIVED
ternary_sample,720,9,16,16,16,16,0,False,False,False,EXACT_DERIVED
ternary_sample,721,9,16,16,16,16,0,False,False,False,EXACT_DERIVED
ternary_sample,722,9,16,16,16,16,0,False,False,False,EXACT_DERIVED
ternary_sample,723,9,16,16,16,16,0,False,False,False,EXACT_DERIVED
ternary_sample,724,9,16,16,16,16,0,False,False,False,EXACT_DERIVED
ternary_sample,725,9,14,16,16,16,0,False,False,False,EXACT_DERIVED
ternary_sample,726,9,16,16,16,16,0,False,False,False,EXACT_DERIVED
ternary_sample,727,9,16,16,16,16,0,False,False,False,EXACT_DERIVED
ternary_sample,728,9,16,16,16,16,0,False,False,False,EXACT_DERIVED
ternary_sample,729,9,16,16,16,16,0,False,False,False,EXACT_DERIVED
ternary_sample,730,9,16,16,16,16,0,False,False,False,EXACT_DERIVED
ternary_sample,731,9,16,16,16,16,0,False,False,False,EXACT_DERIVED
ternary_sample,732,9,16,16,16,16,0,False,False,False,EXACT_DERIVED
ternary_sample,733,9,16,16,16,16,0,False,False,False,EXACT_DERIVED
ternary_sample,734,9,16,16,16,16,0,False,False,False,EXACT_DERIVED
ternary_sample,735,9,16,16,16,16,0,False,False,False,EXACT_DERIVED
ternary_sample,736,9,16,16,16,16,0,False,False,False,EXACT_DERIVED
ternary_sample,737,9,14,16,16,16,0,False,False,False,EXACT_DERIVED
ternary_sample,738,9,16,16,16,16,0,False,False,False,EXACT_DERIVED
ternary_sample,739,9,15,16,16,16,0,False,False,False,EXACT_DERIVED
ternary_sample,740,9,16,16,16,16,0,False,False,False,EXACT_DERIVED
ternary_sample,741,9,16,16,16,16,0,False,False,False,EXACT_DERIVED
ternary_sample,742,9,16,16,16,16,0,False,False,False,EXACT_DERIVED
ternary_sample,743,9,16,16,16,16,0,False,False,False,EXACT_DERIVED
ternary_sample,744,9,16,16,16,16,0,False,False,False,EXACT_DERIVED
ternary_sample,745,9,16,16,16,16,0,False,False,False,EXACT_DERIVED
ternary_sample,746,9,16,16,16,16,0,False,False,False,EXACT_DERIVED
ternary_sample,747,9,16,16,16,16,0,False,False,False,EXACT_DERIVED
ternary_sample,748,9,16,16,16,16,0,False,False,False,EXACT_DERIVED
ternary_sample,749,9,16,16,16,16,0,False,False,False,EXACT_DERIVED
ternary_sample,750,9,16,16,16,16,0,False,False,False,EXACT_DERIVED
ternary_sample,751,9,16,16,16,16,0,False,False,False,EXACT_DERIVED
ternary_sample,752,9,16,16,16,16,0,False,False,False,EXACT_DERIVED
ternary_sample,753,9,15,16,16,16,0,False,False,False,EXACT_DERIVED
ternary_sample,754,9,16,16,16,16,0,False,False,False,EXACT_DERIVED
ternary_sample,755,9,15,16,16,16,0,False,False,False,EXACT_DERIVED
ternary_sample,756,9,16,16,16,16,0,False,False,False,EXACT_DERIVED
ternary_sample,757,9,15,16,16,16,0,False,False,False,EXACT_DERIVED
ternary_sample,758,9,14,16,16,16,0,False,False,False,EXACT_DERIVED
ternary_sample,759,9,16,16,16,16,0,False,False,False,EXACT_DERIVED
ternary_sample,760,9,16,16,16,16,0,False,False,False,EXACT_DERIVED
ternary_sample,761,9,16,16,16,16,0,False,False,False,EXACT_DERIVED
ternary_sample,762,9,16,16,16,16,0,False,False,False,EXACT_DERIVED
ternary_sample,763,9,16,16,16,16,0,False,False,False,EXACT_DERIVED
ternary_sample,764,9,16,16,16,16,0,False,False,False,EXACT_DERIVED
ternary_sample,765,9,16,16,16,16,0,False,False,False,EXACT_DERIVED
ternary_sample,766,9,15,16,16,16,0,False,False,False,EXACT_DERIVED
ternary_sample,767,9,16,16,16,16,0,False,False,False,EXACT_DERIVED
ternary_sample,768,9,16,16,16,16,0,False,False,False,EXACT_DERIVED
ternary_sample,769,9,16,16,16,16,0,False,False,False,EXACT_DERIVED
ternary_sample,770,9,16,16,16,16,0,False,False,False,EXACT_DERIVED
ternary_sample,771,9,16,16,16,16,0,False,False,False,EXACT_DERIVED
ternary_sample,772,9,16,16,16,16,0,False,False,False,EXACT_DERIVED
ternary_sample,773,9,16,16,16,16,0,False,False,False,EXACT_DERIVED
ternary_sample,774,9,16,16,16,16,0,False,False,False,EXACT_DERIVED
ternary_sample,775,9,16,16,16,16,0,False,False,False,EXACT_DERIVED
ternary_sample,776,9,16,16,16,16,0,False,False,False,EXACT_DERIVED
ternary_sample,777,9,16,16,16,16,0,False,False,False,EXACT_DERIVED
ternary_sample,778,9,16,16,16,16,0,False,False,False,EXACT_DERIVED
ternary_sample,779,9,16,16,16,16,0,False,False,False,EXACT_DERIVED
ternary_sample,780,9,16,16,16,16,0,False,False,False,EXACT_DERIVED
ternary_sample,781,9,16,16,16,16,0,False,False,False,EXACT_DERIVED
ternary_sample,782,9,15,16,16,16,0,False,False,False,EXACT_DERIVED
ternary_sample,783,9,16,16,16,16,0,False,False,False,EXACT_DERIVED
ternary_sample,784,9,15,16,16,16,0,False,False,False,EXACT_DERIVED
ternary_sample,785,9,16,16,16,16,0,False,False,False,EXACT_DERIVED
ternary_sample,786,9,15,16,16,16,0,False,False,False,EXACT_DERIVED
ternary_sample,787,9,15,16,16,16,0,False,False,False,EXACT_DERIVED
ternary_sample,788,9,16,16,16,16,0,False,False,False,EXACT_DERIVED
ternary_sample,789,9,16,16,16,16,0,False,False,False,EXACT_DERIVED
ternary_sample,790,9,16,16,16,16,0,False,False,False,EXACT_DERIVED
ternary_sample,791,9,16,16,16,16,0,False,False,False,EXACT_DERIVED
ternary_sample,792,9,16,16,16,16,0,False,False,False,EXACT_DERIVED
ternary_sample,793,9,16,16,16,16,0,False,False,False,EXACT_DERIVED
ternary_sample,794,9,16,16,16,16,0,False,False,False,EXACT_DERIVED
ternary_sample,795,9,16,16,16,16,0,False,False,False,EXACT_DERIVED
ternary_sample,796,9,16,16,16,16,0,False,False,False,EXACT_DERIVED
ternary_sample,797,9,16,16,16,16,0,False,False,False,EXACT_DERIVED
ternary_sample,798,9,15,16,16,16,0,False,False,False,EXACT_DERIVED
ternary_sample,799,9,15,16,16,16,0,False,False,False,EXACT_DERIVED
ternary_sample,800,9,16,16,16,16,0,False,False,False,EXACT_DERIVED
ternary_sample,801,9,16,16,16,16,0,False,False,False,EXACT_DERIVED
ternary_sample,802,9,16,16,16,16,0,False,False,False,EXACT_DERIVED
ternary_sample,803,9,16,16,16,16,0,False,False,False,EXACT_DERIVED
ternary_sample,804,9,16,16,16,16,0,False,False,False,EXACT_DERIVED
ternary_sample,805,9,16,16,16,16,0,False,False,False,EXACT_DERIVED
ternary_sample,806,9,16,16,16,16,0,False,False,False,EXACT_DERIVED
ternary_sample,807,9,15,16,16,16,0,False,False,False,EXACT_DERIVED
ternary_sample,808,9,16,16,16,16,0,False,False,False,EXACT_DERIVED
ternary_sample,809,9,16,16,16,16,0,False,False,False,EXACT_DERIVED
ternary_sample,810,9,16,16,16,16,0,False,False,False,EXACT_DERIVED
ternary_sample,811,9,15,16,16,16,0,False,False,False,EXACT_DERIVED
ternary_sample,812,9,16,16,16,16,0,False,False,False,EXACT_DERIVED
ternary_sample,813,9,14,16,16,16,0,False,False,False,EXACT_DERIVED
ternary_sample,814,9,16,16,16,16,0,False,False,False,EXACT_DERIVED
ternary_sample,815,9,16,16,16,16,0,False,False,False,EXACT_DERIVED
ternary_sample,816,9,16,16,16,16,0,False,False,False,EXACT_DERIVED
ternary_sample,817,9,14,16,16,16,0,False,False,False,EXACT_DERIVED
ternary_sample,818,9,16,16,16,16,0,False,False,False,EXACT_DERIVED
ternary_sample,819,9,16,16,16,16,0,False,False,False,EXACT_DERIVED
ternary_sample,820,9,16,16,16,16,0,False,False,False,EXACT_DERIVED
ternary_sample,821,9,16,16,16,16,0,False,False,False,EXACT_DERIVED
ternary_sample,822,9,16,16,16,16,0,False,False,False,EXACT_DERIVED
ternary_sample,823,9,15,16,16,16,0,False,False,False,EXACT_DERIVED
ternary_sample,824,9,16,16,16,16,0,False,False,False,EXACT_DERIVED
ternary_sample,825,9,16,16,16,16,0,False,False,False,EXACT_DERIVED
ternary_sample,826,9,15,16,16,16,0,False,False,False,EXACT_DERIVED
ternary_sample,827,9,16,16,16,16,0,False,False,False,EXACT_DERIVED
ternary_sample,828,9,16,16,16,16,0,False,False,False,EXACT_DERIVED
ternary_sample,829,9,16,16,16,16,0,False,False,False,EXACT_DERIVED
ternary_sample,830,9,15,16,16,16,0,False,False,False,EXACT_DERIVED
ternary_sample,831,9,14,16,16,16,0,False,False,False,EXACT_DERIVED
ternary_sample,832,9,16,16,16,16,0,False,False,False,EXACT_DERIVED
ternary_sample,833,9,16,16,16,16,0,False,False,False,EXACT_DERIVED
ternary_sample,834,9,16,16,16,16,0,False,False,False,EXACT_DERIVED
ternary_sample,835,9,16,16,16,16,0,False,False,False,EXACT_DERIVED
ternary_sample,836,9,16,16,16,16,0,False,False,False,EXACT_DERIVED
ternary_sample,837,9,16,16,16,16,0,False,False,False,EXACT_DERIVED
ternary_sample,838,9,16,16,16,16,0,False,False,False,EXACT_DERIVED
ternary_sample,839,9,16,16,16,16,0,False,False,False,EXACT_DERIVED
ternary_sample,840,9,16,16,16,16,0,False,False,False,EXACT_DERIVED
ternary_sample,841,9,16,16,16,16,0,False,False,False,EXACT_DERIVED
ternary_sample,842,9,15,16,16,16,0,False,False,False,EXACT_DERIVED
ternary_sample,843,9,16,16,16,16,0,False,False,False,EXACT_DERIVED
ternary_sample,844,9,16,16,16,16,0,False,False,False,EXACT_DERIVED
ternary_sample,845,9,16,16,16,16,0,False,False,False,EXACT_DERIVED
ternary_sample,846,9,16,16,16,16,0,False,False,False,EXACT_DERIVED
ternary_sample,847,9,16,16,16,16,0,False,False,False,EXACT_DERIVED
ternary_sample,848,9,16,16,16,16,0,False,False,False,EXACT_DERIVED
ternary_sample,849,9,15,16,16,16,0,False,False,False,EXACT_DERIVED
ternary_sample,850,9,16,16,16,16,0,False,False,False,EXACT_DERIVED
ternary_sample,851,9,16,16,16,16,0,False,False,False,EXACT_DERIVED
ternary_sample,852,9,16,16,16,16,0,False,False,False,EXACT_DERIVED
ternary_sample,853,9,16,16,16,16,0,False,False,False,EXACT_DERIVED
ternary_sample,854,9,16,16,16,16,0,False,False,False,EXACT_DERIVED
ternary_sample,855,9,16,16,16,16,0,False,False,False,EXACT_DERIVED
ternary_sample,856,9,16,16,16,16,0,False,False,False,EXACT_DERIVED
ternary_sample,857,9,16,16,16,16,0,False,False,False,EXACT_DERIVED
ternary_sample,858,9,16,16,16,16,0,False,False,False,EXACT_DERIVED
ternary_sample,859,9,16,16,16,16,0,False,False,False,EXACT_DERIVED
ternary_sample,860,9,16,16,16,16,0,False,False,False,EXACT_DERIVED
ternary_sample,861,9,16,16,16,16,0,False,False,False,EXACT_DERIVED
ternary_sample,862,9,16,16,16,16,0,False,False,False,EXACT_DERIVED
ternary_sample,863,9,15,16,16,16,0,False,False,False,EXACT_DERIVED
ternary_sample,864,9,13,16,16,16,0,False,False,False,EXACT_DERIVED
ternary_sample,865,9,16,16,16,16,0,False,False,False,EXACT_DERIVED
ternary_sample,866,9,15,16,16,16,0,False,False,False,EXACT_DERIVED
ternary_sample,867,9,15,16,16,16,0,False,False,False,EXACT_DERIVED
ternary_sample,868,9,16,16,16,16,0,False,False,False,EXACT_DERIVED
ternary_sample,869,9,16,16,16,16,0,False,False,False,EXACT_DERIVED
ternary_sample,870,9,16,16,16,16,0,False,False,False,EXACT_DERIVED
ternary_sample,871,9,16,16,16,16,0,False,False,False,EXACT_DERIVED
ternary_sample,872,9,16,16,16,16,0,False,False,False,EXACT_DERIVED
ternary_sample,873,9,16,16,16,16,0,False,False,False,EXACT_DERIVED
ternary_sample,874,9,16,16,16,16,0,False,False,False,EXACT_DERIVED
ternary_sample,875,9,16,16,16,16,0,False,False,False,EXACT_DERIVED
ternary_sample,876,9,16,16,16,16,0,False,False,False,EXACT_DERIVED
ternary_sample,877,9,15,16,16,16,0,False,False,False,EXACT_DERIVED
ternary_sample,878,9,16,16,16,16,0,False,False,False,EXACT_DERIVED
ternary_sample,879,9,16,16,16,16,0,False,False,False,EXACT_DERIVED
ternary_sample,880,9,16,16,16,16,0,False,False,False,EXACT_DERIVED
ternary_sample,881,9,16,16,16,16,0,False,False,False,EXACT_DERIVED
ternary_sample,882,9,16,16,16,16,0,False,False,False,EXACT_DERIVED
ternary_sample,883,9,16,16,16,16,0,False,False,False,EXACT_DERIVED
ternary_sample,884,9,15,16,16,16,0,False,False,False,EXACT_DERIVED
ternary_sample,885,9,16,16,16,16,0,False,False,False,EXACT_DERIVED
ternary_sample,886,9,16,16,16,16,0,False,False,False,EXACT_DERIVED
ternary_sample,887,9,15,16,16,16,0,False,False,False,EXACT_DERIVED
ternary_sample,888,9,16,16,16,16,0,False,False,False,EXACT_DERIVED
ternary_sample,889,9,15,16,16,16,0,False,False,False,EXACT_DERIVED
ternary_sample,890,9,16,16,16,16,0,False,False,False,EXACT_DERIVED
ternary_sample,891,9,16,16,16,16,0,False,False,False,EXACT_DERIVED
ternary_sample,892,9,16,16,16,16,0,False,False,False,EXACT_DERIVED
ternary_sample,893,9,15,16,16,16,0,False,False,False,EXACT_DERIVED
ternary_sample,894,9,15,16,16,16,0,False,False,False,EXACT_DERIVED
ternary_sample,895,9,16,16,16,16,0,False,False,False,EXACT_DERIVED
ternary_sample,896,9,16,16,16,16,0,False,False,False,EXACT_DERIVED
ternary_sample,897,9,16,16,16,16,0,False,False,False,EXACT_DERIVED
ternary_sample,898,9,16,16,16,16,0,False,False,False,EXACT_DERIVED
ternary_sample,899,9,16,16,16,16,0,False,False,False,EXACT_DERIVED
ternary_sample,900,9,16,16,16,16,0,False,False,False,EXACT_DERIVED
ternary_sample,901,9,16,16,16,16,0,False,False,False,EXACT_DERIVED
ternary_sample,902,9,16,16,16,16,0,False,False,False,EXACT_DERIVED
ternary_sample,903,9,15,16,16,16,0,False,False,False,EXACT_DERIVED
ternary_sample,904,9,16,16,16,16,0,False,False,False,EXACT_DERIVED
ternary_sample,905,9,15,16,16,16,0,False,False,False,EXACT_DERIVED
ternary_sample,906,9,16,16,16,16,0,False,False,False,EXACT_DERIVED
ternary_sample,907,9,15,16,16,16,0,False,False,False,EXACT_DERIVED
ternary_sample,908,9,15,16,16,16,0,False,False,False,EXACT_DERIVED
ternary_sample,909,9,16,16,16,16,0,False,False,False,EXACT_DERIVED
ternary_sample,910,9,16,16,16,16,0,False,False,False,EXACT_DERIVED
ternary_sample,911,9,16,16,16,16,0,False,False,False,EXACT_DERIVED
ternary_sample,912,9,16,16,16,16,0,False,False,False,EXACT_DERIVED
ternary_sample,913,9,16,16,16,16,0,False,False,False,EXACT_DERIVED
ternary_sample,914,9,16,16,16,16,0,False,False,False,EXACT_DERIVED
ternary_sample,915,9,16,16,16,16,0,False,False,False,EXACT_DERIVED
ternary_sample,916,9,16,16,16,16,0,False,False,False,EXACT_DERIVED
ternary_sample,917,9,16,16,16,16,0,False,False,False,EXACT_DERIVED
ternary_sample,918,9,16,16,16,16,0,False,False,False,EXACT_DERIVED
ternary_sample,919,9,16,16,16,16,0,False,False,False,EXACT_DERIVED
ternary_sample,920,9,16,16,16,16,0,False,False,False,EXACT_DERIVED
ternary_sample,921,9,16,16,16,16,0,False,False,False,EXACT_DERIVED
ternary_sample,922,9,15,16,16,16,0,False,False,False,EXACT_DERIVED
ternary_sample,923,9,15,16,16,16,0,False,False,False,EXACT_DERIVED
ternary_sample,924,9,16,16,16,16,0,False,False,False,EXACT_DERIVED
ternary_sample,925,9,15,16,16,16,0,False,False,False,EXACT_DERIVED
ternary_sample,926,9,16,16,16,16,0,False,False,False,EXACT_DERIVED
ternary_sample,927,9,16,16,16,16,0,False,False,False,EXACT_DERIVED
ternary_sample,928,9,16,16,16,16,0,False,False,False,EXACT_DERIVED
ternary_sample,929,9,16,16,16,16,0,False,False,False,EXACT_DERIVED
ternary_sample,930,9,16,16,16,16,0,False,False,False,EXACT_DERIVED
ternary_sample,931,9,15,16,16,16,0,False,False,False,EXACT_DERIVED
ternary_sample,932,9,16,16,16,16,0,False,False,False,EXACT_DERIVED
ternary_sample,933,9,16,16,16,16,0,False,False,False,EXACT_DERIVED
ternary_sample,934,9,16,16,16,16,0,False,False,False,EXACT_DERIVED
ternary_sample,935,9,16,16,16,16,0,False,False,False,EXACT_DERIVED
ternary_sample,936,9,16,16,16,16,0,False,False,False,EXACT_DERIVED
ternary_sample,937,9,15,16,16,16,0,False,False,False,EXACT_DERIVED
ternary_sample,938,9,16,16,16,16,0,False,False,False,EXACT_DERIVED
ternary_sample,939,9,15,16,16,16,0,False,False,False,EXACT_DERIVED
ternary_sample,940,9,16,16,16,16,0,False,False,False,EXACT_DERIVED
ternary_sample,941,9,16,16,16,16,0,False,False,False,EXACT_DERIVED
ternary_sample,942,9,16,16,16,16,0,False,False,False,EXACT_DERIVED
ternary_sample,943,9,15,16,16,16,0,False,False,False,EXACT_DERIVED
ternary_sample,944,9,16,16,16,16,0,False,False,False,EXACT_DERIVED
ternary_sample,945,9,16,16,16,16,0,False,False,False,EXACT_DERIVED
ternary_sample,946,9,16,16,16,16,0,False,False,False,EXACT_DERIVED
ternary_sample,947,9,15,16,16,16,0,False,False,False,EXACT_DERIVED
ternary_sample,948,9,16,16,16,16,0,False,False,False,EXACT_DERIVED
ternary_sample,949,9,16,16,16,16,0,False,False,False,EXACT_DERIVED
ternary_sample,950,9,16,16,16,16,0,False,False,False,EXACT_DERIVED
ternary_sample,951,9,16,16,16,16,0,False,False,False,EXACT_DERIVED
ternary_sample,952,9,13,16,16,16,0,False,False,False,EXACT_DERIVED
ternary_sample,953,9,16,16,16,16,0,False,False,False,EXACT_DERIVED
ternary_sample,954,9,16,16,16,16,0,False,False,False,EXACT_DERIVED
ternary_sample,955,9,16,16,16,16,0,False,False,False,EXACT_DERIVED
ternary_sample,956,9,16,16,16,16,0,False,False,False,EXACT_DERIVED
ternary_sample,957,9,16,16,16,16,0,False,False,False,EXACT_DERIVED
ternary_sample,958,9,16,16,16,16,0,False,False,False,EXACT_DERIVED
ternary_sample,959,9,15,16,16,16,0,False,False,False,EXACT_DERIVED
ternary_sample,960,9,16,16,16,16,0,False,False,False,EXACT_DERIVED
ternary_sample,961,9,16,16,16,16,0,False,False,False,EXACT_DERIVED
ternary_sample,962,9,16,16,16,16,0,False,False,False,EXACT_DERIVED
ternary_sample,963,9,15,16,16,16,0,False,False,False,EXACT_DERIVED
ternary_sample,964,9,16,16,16,16,0,False,False,False,EXACT_DERIVED
ternary_sample,965,9,16,16,16,16,0,False,False,False,EXACT_DERIVED
ternary_sample,966,9,16,16,16,16,0,False,False,False,EXACT_DERIVED
ternary_sample,967,9,16,16,16,16,0,False,False,False,EXACT_DERIVED
ternary_sample,968,9,16,16,16,16,0,False,False,False,EXACT_DERIVED
ternary_sample,969,9,16,16,16,16,0,False,False,False,EXACT_DERIVED
ternary_sample,970,9,16,16,16,16,0,False,False,False,EXACT_DERIVED
ternary_sample,971,9,16,16,16,16,0,False,False,False,EXACT_DERIVED
ternary_sample,972,9,16,16,16,16,0,False,False,False,EXACT_DERIVED
ternary_sample,973,9,16,16,16,16,0,False,False,False,EXACT_DERIVED
ternary_sample,974,9,16,16,16,16,0,False,False,False,EXACT_DERIVED
ternary_sample,975,9,16,16,16,16,0,False,False,False,EXACT_DERIVED
ternary_sample,976,9,16,16,16,16,0,False,False,False,EXACT_DERIVED
ternary_sample,977,9,15,16,16,16,0,False,False,False,EXACT_DERIVED
ternary_sample,978,9,16,16,16,16,0,False,False,False,EXACT_DERIVED
ternary_sample,979,9,16,16,16,16,0,False,False,False,EXACT_DERIVED
ternary_sample,980,9,16,16,16,16,0,False,False,False,EXACT_DERIVED
ternary_sample,981,9,15,16,16,16,0,False,False,False,EXACT_DERIVED
ternary_sample,982,9,16,16,16,16,0,False,False,False,EXACT_DERIVED
ternary_sample,983,9,16,16,16,16,0,False,False,False,EXACT_DERIVED
ternary_sample,984,9,16,16,16,16,0,False,False,False,EXACT_DERIVED
ternary_sample,985,9,16,16,16,16,0,False,False,False,EXACT_DERIVED
ternary_sample,986,9,16,16,16,16,0,False,False,False,EXACT_DERIVED
ternary_sample,987,9,16,16,16,16,0,False,False,False,EXACT_DERIVED
ternary_sample,988,9,16,16,16,16,0,False,False,False,EXACT_DERIVED
ternary_sample,989,9,16,16,16,16,0,False,False,False,EXACT_DERIVED
ternary_sample,990,9,15,16,16,16,0,False,False,False,EXACT_DERIVED
ternary_sample,991,9,16,16,16,16,0,False,False,False,EXACT_DERIVED
ternary_sample,992,9,16,16,16,16,0,False,False,False,EXACT_DERIVED
ternary_sample,993,9,15,16,16,16,0,False,False,False,EXACT_DERIVED
ternary_sample,994,9,16,16,16,16,0,False,False,False,EXACT_DERIVED
ternary_sample,995,9,16,16,16,16,0,False,False,False,EXACT_DERIVED
ternary_sample,996,9,14,16,16,16,0,False,False,False,EXACT_DERIVED
ternary_sample,997,9,16,16,16,16,0,False,False,False,EXACT_DERIVED
ternary_sample,998,9,16,16,16,16,0,False,False,False,EXACT_DERIVED
ternary_sample,999,9,15,16,16,16,0,False,False,False,EXACT_DERIVED
ternary_sample,1000,9,16,16,16,16,0,False,False,False,EXACT_DERIVED
ternary_sample,1001,9,16,16,16,16,0,False,False,False,EXACT_DERIVED
ternary_sample,1002,9,16,16,16,16,0,False,False,False,EXACT_DERIVED
ternary_sample,1003,9,16,16,16,16,0,False,False,False,EXACT_DERIVED
ternary_sample,1004,9,15,16,16,16,0,False,False,False,EXACT_DERIVED
ternary_sample,1005,9,15,16,16,16,0,False,False,False,EXACT_DERIVED
ternary_sample,1006,9,16,16,16,16,0,False,False,False,EXACT_DERIVED
ternary_sample,1007,9,16,16,16,16,0,False,False,False,EXACT_DERIVED
ternary_sample,1008,9,16,16,16,16,0,False,False,False,EXACT_DERIVED
ternary_sample,1009,9,15,16,16,16,0,False,False,False,EXACT_DERIVED
ternary_sample,1010,9,14,16,16,16,0,False,False,False,EXACT_DERIVED
ternary_sample,1011,9,16,16,16,16,0,False,False,False,EXACT_DERIVED
ternary_sample,1012,9,16,16,16,16,0,False,False,False,EXACT_DERIVED
ternary_sample,1013,9,16,16,16,16,0,False,False,False,EXACT_DERIVED
ternary_sample,1014,9,16,16,16,16,0,False,False,False,EXACT_DERIVED
ternary_sample,1015,9,16,16,16,16,0,False,False,False,EXACT_DERIVED
ternary_sample,1016,9,15,16,16,16,0,False,False,False,EXACT_DERIVED
ternary_sample,1017,9,15,16,16,16,0,False,False,False,EXACT_DERIVED
ternary_sample,1018,9,16,16,16,16,0,False,False,False,EXACT_DERIVED
ternary_sample,1019,9,16,16,16,16,0,False,False,False,EXACT_DERIVED
ternary_sample,1020,9,16,16,16,16,0,False,False,False,EXACT_DERIVED
ternary_sample,1021,9,16,16,16,16,0,False,False,False,EXACT_DERIVED
ternary_sample,1022,9,16,16,16,16,0,False,False,False,EXACT_DERIVED
ternary_sample,1023,9,16,16,16,16,0,False,False,False,EXACT_DERIVED
ternary_sample,1024,9,16,16,16,16,0,False,False,False,EXACT_DERIVED
ternary_sample,1025,9,16,16,16,16,0,False,False,False,EXACT_DERIVED
ternary_sample,1026,9,16,16,16,16,0,False,False,False,EXACT_DERIVED
ternary_sample,1027,9,16,16,16,16,0,False,False,False,EXACT_DERIVED
ternary_sample,1028,9,16,16,16,16,0,False,False,False,EXACT_DERIVED
ternary_sample,1029,9,15,16,16,16,0,False,False,False,EXACT_DERIVED
ternary_sample,1030,9,15,16,16,16,0,False,False,False,EXACT_DERIVED
ternary_sample,1031,9,16,16,16,16,0,False,False,False,EXACT_DERIVED
ternary_sample,1032,9,16,16,16,16,0,False,False,False,EXACT_DERIVED
ternary_sample,1033,9,15,16,16,16,0,False,False,False,EXACT_DERIVED
ternary_sample,1034,9,16,16,16,16,0,False,False,False,EXACT_DERIVED
ternary_sample,1035,9,16,16,16,16,0,False,False,False,EXACT_DERIVED
ternary_sample,1036,9,16,16,16,16,0,False,False,False,EXACT_DERIVED
ternary_sample,1037,9,16,16,16,16,0,False,False,False,EXACT_DERIVED
ternary_sample,1038,9,16,16,16,16,0,False,False,False,EXACT_DERIVED
ternary_sample,1039,9,16,16,16,16,0,False,False,False,EXACT_DERIVED
ternary_sample,1040,9,16,16,16,16,0,False,False,False,EXACT_DERIVED
ternary_sample,1041,9,16,16,16,16,0,False,False,False,EXACT_DERIVED
ternary_sample,1042,9,16,16,16,16,0,False,False,False,EXACT_DERIVED
ternary_sample,1043,9,15,16,16,16,0,False,False,False,EXACT_DERIVED
ternary_sample,1044,9,16,16,16,16,0,False,False,False,EXACT_DERIVED
ternary_sample,1045,9,16,16,16,16,0,False,False,False,EXACT_DERIVED
ternary_sample,1046,9,16,16,16,16,0,False,False,False,EXACT_DERIVED
ternary_sample,1047,9,15,16,16,16,0,False,False,False,EXACT_DERIVED
ternary_sample,1048,9,16,16,16,16,0,False,False,False,EXACT_DERIVED
ternary_sample,1049,9,16,16,16,16,0,False,False,False,EXACT_DERIVED
ternary_sample,1050,9,16,16,16,16,0,False,False,False,EXACT_DERIVED
ternary_sample,1051,9,16,16,16,16,0,False,False,False,EXACT_DERIVED
ternary_sample,1052,9,14,16,16,16,0,False,False,False,EXACT_DERIVED
ternary_sample,1053,9,16,16,16,16,0,False,False,False,EXACT_DERIVED
ternary_sample,1054,9,16,16,16,16,0,False,False,False,EXACT_DERIVED
ternary_sample,1055,9,16,16,16,16,0,False,False,False,EXACT_DERIVED
ternary_sample,1056,9,16,16,16,16,0,False,False,False,EXACT_DERIVED
ternary_sample,1057,9,16,16,16,16,0,False,False,False,EXACT_DERIVED
ternary_sample,1058,9,16,16,16,16,0,False,False,False,EXACT_DERIVED
ternary_sample,1059,9,16,16,16,16,0,False,False,False,EXACT_DERIVED
ternary_sample,1060,9,16,16,16,16,0,False,False,False,EXACT_DERIVED
ternary_sample,1061,9,16,16,16,16,0,False,False,False,EXACT_DERIVED
ternary_sample,1062,9,16,16,16,16,0,False,False,False,EXACT_DERIVED
ternary_sample,1063,9,16,16,16,16,0,False,False,False,EXACT_DERIVED
ternary_sample,1064,9,16,16,16,16,0,False,False,False,EXACT_DERIVED
ternary_sample,1065,9,16,16,16,16,0,False,False,False,EXACT_DERIVED
ternary_sample,1066,9,16,16,16,16,0,False,False,False,EXACT_DERIVED
ternary_sample,1067,9,15,16,16,16,0,False,False,False,EXACT_DERIVED
ternary_sample,1068,9,15,16,16,16,0,False,False,False,EXACT_DERIVED
ternary_sample,1069,9,16,16,16,16,0,False,False,False,EXACT_DERIVED
ternary_sample,1070,9,16,16,16,16,0,False,False,False,EXACT_DERIVED
ternary_sample,1071,9,16,16,16,16,0,False,False,False,EXACT_DERIVED
ternary_sample,1072,9,16,16,16,16,0,False,False,False,EXACT_DERIVED
ternary_sample,1073,9,16,16,16,16,0,False,False,False,EXACT_DERIVED
ternary_sample,1074,9,14,16,16,16,0,False,False,False,EXACT_DERIVED
ternary_sample,1075,9,16,16,16,16,0,False,False,False,EXACT_DERIVED
ternary_sample,1076,9,16,16,16,16,0,False,False,False,EXACT_DERIVED
ternary_sample,1077,9,16,16,16,16,0,False,False,False,EXACT_DERIVED
ternary_sample,1078,9,15,16,16,16,0,False,False,False,EXACT_DERIVED
ternary_sample,1079,9,16,16,16,16,0,False,False,False,EXACT_DERIVED
ternary_sample,1080,9,16,16,16,16,0,False,False,False,EXACT_DERIVED
ternary_sample,1081,9,16,16,16,16,0,False,False,False,EXACT_DERIVED
ternary_sample,1082,9,16,16,16,16,0,False,False,False,EXACT_DERIVED
ternary_sample,1083,9,16,16,16,16,0,False,False,False,EXACT_DERIVED
ternary_sample,1084,9,16,16,16,16,0,False,False,False,EXACT_DERIVED
ternary_sample,1085,9,16,16,16,16,0,False,False,False,EXACT_DERIVED
ternary_sample,1086,9,16,16,16,16,0,False,False,False,EXACT_DERIVED
ternary_sample,1087,9,16,16,16,16,0,False,False,False,EXACT_DERIVED
ternary_sample,1088,9,16,16,16,16,0,False,False,False,EXACT_DERIVED
ternary_sample,1089,9,16,16,16,16,0,False,False,False,EXACT_DERIVED
ternary_sample,1090,9,16,16,16,16,0,False,False,False,EXACT_DERIVED
ternary_sample,1091,9,16,16,16,16,0,False,False,False,EXACT_DERIVED
ternary_sample,1092,9,16,16,16,16,0,False,False,False,EXACT_DERIVED
ternary_sample,1093,9,15,16,16,16,0,False,False,False,EXACT_DERIVED
ternary_sample,1094,9,16,16,16,16,0,False,False,False,EXACT_DERIVED
ternary_sample,1095,9,16,16,16,16,0,False,False,False,EXACT_DERIVED
ternary_sample,1096,9,14,16,16,16,0,False,False,False,EXACT_DERIVED
ternary_sample,1097,9,16,16,16,16,0,False,False,False,EXACT_DERIVED
ternary_sample,1098,9,14,16,16,16,0,False,False,False,EXACT_DERIVED
ternary_sample,1099,9,16,16,16,16,0,False,False,False,EXACT_DERIVED
ternary_sample,1100,9,15,16,16,16,0,False,False,False,EXACT_DERIVED
ternary_sample,1101,9,16,16,16,16,0,False,False,False,EXACT_DERIVED
ternary_sample,1102,9,16,16,16,16,0,False,False,False,EXACT_DERIVED
ternary_sample,1103,9,16,16,16,16,0,False,False,False,EXACT_DERIVED
ternary_sample,1104,9,16,16,16,16,0,False,False,False,EXACT_DERIVED
ternary_sample,1105,9,16,16,16,16,0,False,False,False,EXACT_DERIVED
ternary_sample,1106,9,16,16,16,16,0,False,False,False,EXACT_DERIVED
ternary_sample,1107,9,16,16,16,16,0,False,False,False,EXACT_DERIVED
ternary_sample,1108,9,16,16,16,16,0,False,False,False,EXACT_DERIVED
ternary_sample,1109,9,16,16,16,16,0,False,False,False,EXACT_DERIVED
ternary_sample,1110,9,16,16,16,16,0,False,False,False,EXACT_DERIVED
ternary_sample,1111,9,16,16,16,16,0,False,False,False,EXACT_DERIVED
ternary_sample,1112,9,16,16,16,16,0,False,False,False,EXACT_DERIVED
ternary_sample,1113,9,16,16,16,16,0,False,False,False,EXACT_DERIVED
ternary_sample,1114,9,16,16,16,16,0,False,False,False,EXACT_DERIVED
ternary_sample,1115,9,16,16,16,16,0,False,False,False,EXACT_DERIVED
ternary_sample,1116,9,15,16,16,16,0,False,False,False,EXACT_DERIVED
ternary_sample,1117,9,15,16,16,16,0,False,False,False,EXACT_DERIVED
ternary_sample,1118,9,16,16,16,16,0,False,False,False,EXACT_DERIVED
ternary_sample,1119,9,16,16,16,16,0,False,False,False,EXACT_DERIVED
ternary_sample,1120,9,16,16,16,16,0,False,False,False,EXACT_DERIVED
ternary_sample,1121,9,16,16,16,16,0,False,False,False,EXACT_DERIVED
ternary_sample,1122,9,16,16,16,16,0,False,False,False,EXACT_DERIVED
ternary_sample,1123,9,14,16,16,16,0,False,False,False,EXACT_DERIVED
ternary_sample,1124,9,16,16,16,16,0,False,False,False,EXACT_DERIVED
ternary_sample,1125,9,15,16,16,16,0,False,False,False,EXACT_DERIVED
ternary_sample,1126,9,16,16,16,16,0,False,False,False,EXACT_DERIVED
ternary_sample,1127,9,16,16,16,16,0,False,False,False,EXACT_DERIVED
ternary_sample,1128,9,16,16,16,16,0,False,False,False,EXACT_DERIVED
ternary_sample,1129,9,16,16,16,16,0,False,False,False,EXACT_DERIVED
ternary_sample,1130,9,16,16,16,16,0,False,False,False,EXACT_DERIVED
ternary_sample,1131,9,16,16,16,16,0,False,False,False,EXACT_DERIVED
ternary_sample,1132,9,16,16,16,16,0,False,False,False,EXACT_DERIVED
ternary_sample,1133,9,16,16,16,16,0,False,False,False,EXACT_DERIVED
ternary_sample,1134,9,15,16,16,16,0,False,False,False,EXACT_DERIVED
ternary_sample,1135,9,16,16,16,16,0,False,False,False,EXACT_DERIVED
ternary_sample,1136,9,16,16,16,16,0,False,False,False,EXACT_DERIVED
ternary_sample,1137,9,16,16,16,16,0,False,False,False,EXACT_DERIVED
ternary_sample,1138,9,15,16,16,16,0,False,False,False,EXACT_DERIVED
ternary_sample,1139,9,16,16,16,16,0,False,False,False,EXACT_DERIVED
ternary_sample,1140,9,16,16,16,16,0,False,False,False,EXACT_DERIVED
ternary_sample,1141,9,15,16,16,16,0,False,False,False,EXACT_DERIVED
ternary_sample,1142,9,15,16,16,16,0,False,False,False,EXACT_DERIVED
ternary_sample,1143,9,16,16,16,16,0,False,False,False,EXACT_DERIVED
ternary_sample,1144,9,16,16,16,16,0,False,False,False,EXACT_DERIVED
ternary_sample,1145,9,16,16,16,16,0,False,False,False,EXACT_DERIVED
ternary_sample,1146,9,16,16,16,16,0,False,False,False,EXACT_DERIVED
ternary_sample,1147,9,16,16,16,16,0,False,False,False,EXACT_DERIVED
ternary_sample,1148,9,16,16,16,16,0,False,False,False,EXACT_DERIVED
ternary_sample,1149,9,16,16,16,16,0,False,False,False,EXACT_DERIVED
ternary_sample,1150,9,15,16,16,16,0,False,False,False,EXACT_DERIVED
ternary_sample,1151,9,16,16,16,16,0,False,False,False,EXACT_DERIVED
ternary_sample,1152,9,16,16,16,16,0,False,False,False,EXACT_DERIVED
ternary_sample,1153,9,16,16,16,16,0,False,False,False,EXACT_DERIVED
ternary_sample,1154,9,16,16,16,16,0,False,False,False,EXACT_DERIVED
ternary_sample,1155,9,15,16,16,16,0,False,False,False,EXACT_DERIVED
ternary_sample,1156,9,16,16,16,16,0,False,False,False,EXACT_DERIVED
ternary_sample,1157,9,16,16,16,16,0,False,False,False,EXACT_DERIVED
ternary_sample,1158,9,16,16,16,16,0,False,False,False,EXACT_DERIVED
ternary_sample,1159,9,16,16,16,16,0,False,False,False,EXACT_DERIVED
ternary_sample,1160,9,16,16,16,16,0,False,False,False,EXACT_DERIVED
ternary_sample,1161,9,16,16,16,16,0,False,False,False,EXACT_DERIVED
ternary_sample,1162,9,16,16,16,16,0,False,False,False,EXACT_DERIVED
ternary_sample,1163,9,16,16,16,16,0,False,False,False,EXACT_DERIVED
ternary_sample,1164,9,16,16,16,16,0,False,False,False,EXACT_DERIVED
ternary_sample,1165,9,16,16,16,16,0,False,False,False,EXACT_DERIVED
ternary_sample,1166,9,16,16,16,16,0,False,False,False,EXACT_DERIVED
ternary_sample,1167,9,15,16,16,16,0,False,False,False,EXACT_DERIVED
ternary_sample,1168,9,16,16,16,16,0,False,False,False,EXACT_DERIVED
ternary_sample,1169,9,16,16,16,16,0,False,False,False,EXACT_DERIVED
ternary_sample,1170,9,16,16,16,16,0,False,False,False,EXACT_DERIVED
ternary_sample,1171,9,16,16,16,16,0,False,False,False,EXACT_DERIVED
ternary_sample,1172,9,16,16,16,16,0,False,False,False,EXACT_DERIVED
ternary_sample,1173,9,16,16,16,16,0,False,False,False,EXACT_DERIVED
ternary_sample,1174,9,16,16,16,16,0,False,False,False,EXACT_DERIVED
ternary_sample,1175,9,16,16,16,16,0,False,False,False,EXACT_DERIVED
ternary_sample,1176,9,16,16,16,16,0,False,False,False,EXACT_DERIVED
ternary_sample,1177,9,16,16,16,16,0,False,False,False,EXACT_DERIVED
ternary_sample,1178,9,15,16,16,16,0,False,False,False,EXACT_DERIVED
ternary_sample,1179,9,16,16,16,16,0,False,False,False,EXACT_DERIVED
ternary_sample,1180,9,15,16,16,16,0,False,False,False,EXACT_DERIVED
ternary_sample,1181,9,16,16,16,16,0,False,False,False,EXACT_DERIVED
ternary_sample,1182,9,16,16,16,16,0,False,False,False,EXACT_DERIVED
ternary_sample,1183,9,16,16,16,16,0,False,False,False,EXACT_DERIVED
ternary_sample,1184,9,16,16,16,16,0,False,False,False,EXACT_DERIVED
ternary_sample,1185,9,16,16,16,16,0,False,False,False,EXACT_DERIVED
ternary_sample,1186,9,16,16,16,16,0,False,False,False,EXACT_DERIVED
ternary_sample,1187,9,16,16,16,16,0,False,False,False,EXACT_DERIVED
ternary_sample,1188,9,16,16,16,16,0,False,False,False,EXACT_DERIVED
ternary_sample,1189,9,16,16,16,16,0,False,False,False,EXACT_DERIVED
ternary_sample,1190,9,15,16,16,16,0,False,False,False,EXACT_DERIVED
ternary_sample,1191,9,16,16,16,16,0,False,False,False,EXACT_DERIVED
ternary_sample,1192,9,16,16,16,16,0,False,False,False,EXACT_DERIVED
ternary_sample,1193,9,16,16,16,16,0,False,False,False,EXACT_DERIVED
ternary_sample,1194,9,16,16,16,16,0,False,False,False,EXACT_DERIVED
ternary_sample,1195,9,16,16,16,16,0,False,False,False,EXACT_DERIVED
ternary_sample,1196,9,16,16,16,16,0,False,False,False,EXACT_DERIVED
ternary_sample,1197,9,16,16,16,16,0,False,False,False,EXACT_DERIVED
ternary_sample,1198,9,16,16,16,16,0,False,False,False,EXACT_DERIVED
ternary_sample,1199,9,16,16,16,16,0,False,False,False,EXACT_DERIVED
ternary_sample,1200,9,16,16,16,16,0,False,False,False,EXACT_DERIVED
ternary_sample,1201,9,16,16,16,16,0,False,False,False,EXACT_DERIVED
ternary_sample,1202,9,16,16,16,16,0,False,False,False,EXACT_DERIVED
ternary_sample,1203,9,16,16,16,16,0,False,False,False,EXACT_DERIVED
ternary_sample,1204,9,16,16,16,16,0,False,False,False,EXACT_DERIVED
ternary_sample,1205,9,16,16,16,16,0,False,False,False,EXACT_DERIVED
ternary_sample,1206,9,16,16,16,16,0,False,False,False,EXACT_DERIVED
ternary_sample,1207,9,15,16,16,16,0,False,False,False,EXACT_DERIVED
ternary_sample,1208,9,16,16,16,16,0,False,False,False,EXACT_DERIVED
ternary_sample,1209,9,16,16,16,16,0,False,False,False,EXACT_DERIVED
ternary_sample,1210,9,15,16,16,16,0,False,False,False,EXACT_DERIVED
ternary_sample,1211,9,16,16,16,16,0,False,False,False,EXACT_DERIVED
ternary_sample,1212,9,16,16,16,16,0,False,False,False,EXACT_DERIVED
ternary_sample,1213,9,16,16,16,16,0,False,False,False,EXACT_DERIVED
ternary_sample,1214,9,16,16,16,16,0,False,False,False,EXACT_DERIVED
ternary_sample,1215,9,14,16,16,16,0,False,False,False,EXACT_DERIVED
ternary_sample,1216,9,16,16,16,16,0,False,False,False,EXACT_DERIVED
ternary_sample,1217,9,16,16,16,16,0,False,False,False,EXACT_DERIVED
ternary_sample,1218,9,16,16,16,16,0,False,False,False,EXACT_DERIVED
ternary_sample,1219,9,15,16,16,16,0,False,False,False,EXACT_DERIVED
ternary_sample,1220,9,14,16,16,16,0,False,False,False,EXACT_DERIVED
ternary_sample,1221,9,16,16,16,16,0,False,False,False,EXACT_DERIVED
ternary_sample,1222,9,16,16,16,16,0,False,False,False,EXACT_DERIVED
ternary_sample,1223,9,16,16,16,16,0,False,False,False,EXACT_DERIVED
ternary_sample,1224,9,15,16,16,16,0,False,False,False,EXACT_DERIVED
ternary_sample,1225,9,16,16,16,16,0,False,False,False,EXACT_DERIVED
ternary_sample,1226,9,16,16,16,16,0,False,False,False,EXACT_DERIVED
ternary_sample,1227,9,16,16,16,16,0,False,False,False,EXACT_DERIVED
ternary_sample,1228,9,16,16,16,16,0,False,False,False,EXACT_DERIVED
ternary_sample,1229,9,15,16,16,16,0,False,False,False,EXACT_DERIVED
ternary_sample,1230,9,16,16,16,16,0,False,False,False,EXACT_DERIVED
ternary_sample,1231,9,15,16,16,16,0,False,False,False,EXACT_DERIVED
ternary_sample,1232,9,16,16,16,16,0,False,False,False,EXACT_DERIVED
ternary_sample,1233,9,16,16,16,16,0,False,False,False,EXACT_DERIVED
ternary_sample,1234,9,16,16,16,16,0,False,False,False,EXACT_DERIVED
ternary_sample,1235,9,16,16,16,16,0,False,False,False,EXACT_DERIVED
ternary_sample,1236,9,16,16,16,16,0,False,False,False,EXACT_DERIVED
ternary_sample,1237,9,16,16,16,16,0,False,False,False,EXACT_DERIVED
ternary_sample,1238,9,16,16,16,16,0,False,False,False,EXACT_DERIVED
ternary_sample,1239,9,16,16,16,16,0,False,False,False,EXACT_DERIVED
ternary_sample,1240,9,16,16,16,16,0,False,False,False,EXACT_DERIVED
ternary_sample,1241,9,16,16,16,16,0,False,False,False,EXACT_DERIVED
ternary_sample,1242,9,16,16,16,16,0,False,False,False,EXACT_DERIVED
ternary_sample,1243,9,16,16,16,16,0,False,False,False,EXACT_DERIVED
ternary_sample,1244,9,16,16,16,16,0,False,False,False,EXACT_DERIVED
ternary_sample,1245,9,15,16,16,16,0,False,False,False,EXACT_DERIVED
ternary_sample,1246,9,15,16,16,16,0,False,False,False,EXACT_DERIVED
ternary_sample,1247,9,16,16,16,16,0,False,False,False,EXACT_DERIVED
ternary_sample,1248,9,14,16,16,16,0,False,False,False,EXACT_DERIVED
ternary_sample,1249,9,15,16,16,16,0,False,False,False,EXACT_DERIVED
ternary_sample,1250,9,16,16,16,16,0,False,False,False,EXACT_DERIVED
ternary_sample,1251,9,16,16,16,16,0,False,False,False,EXACT_DERIVED
ternary_sample,1252,9,16,16,16,16,0,False,False,False,EXACT_DERIVED
ternary_sample,1253,9,14,16,16,16,0,False,False,False,EXACT_DERIVED
ternary_sample,1254,9,15,16,16,16,0,False,False,False,EXACT_DERIVED
ternary_sample,1255,9,16,16,16,16,0,False,False,False,EXACT_DERIVED
ternary_sample,1256,9,16,16,16,16,0,False,False,False,EXACT_DERIVED
ternary_sample,1257,9,13,16,16,16,0,False,False,False,EXACT_DERIVED
ternary_sample,1258,9,16,16,16,16,0,False,False,False,EXACT_DERIVED
ternary_sample,1259,9,15,16,16,16,0,False,False,False,EXACT_DERIVED
ternary_sample,1260,9,15,16,16,16,0,False,False,False,EXACT_DERIVED
ternary_sample,1261,9,16,16,16,16,0,False,False,False,EXACT_DERIVED
ternary_sample,1262,9,16,16,16,16,0,False,False,False,EXACT_DERIVED
ternary_sample,1263,9,16,16,16,16,0,False,False,False,EXACT_DERIVED
ternary_sample,1264,9,16,16,16,16,0,False,False,False,EXACT_DERIVED
ternary_sample,1265,9,16,16,16,16,0,False,False,False,EXACT_DERIVED
ternary_sample,1266,9,16,16,16,16,0,False,False,False,EXACT_DERIVED
ternary_sample,1267,9,16,16,16,16,0,False,False,False,EXACT_DERIVED
ternary_sample,1268,9,15,16,16,16,0,False,False,False,EXACT_DERIVED
ternary_sample,1269,9,15,16,16,16,0,False,False,False,EXACT_DERIVED
ternary_sample,1270,9,16,16,16,16,0,False,False,False,EXACT_DERIVED
ternary_sample,1271,9,16,16,16,16,0,False,False,False,EXACT_DERIVED
ternary_sample,1272,9,15,16,16,16,0,False,False,False,EXACT_DERIVED
ternary_sample,1273,9,16,16,16,16,0,False,False,False,EXACT_DERIVED
ternary_sample,1274,9,16,16,16,16,0,False,False,False,EXACT_DERIVED
ternary_sample,1275,9,16,16,16,16,0,False,False,False,EXACT_DERIVED
ternary_sample,1276,9,16,16,16,16,0,False,False,False,EXACT_DERIVED
ternary_sample,1277,9,16,16,16,16,0,False,False,False,EXACT_DERIVED
ternary_sample,1278,9,16,16,16,16,0,False,False,False,EXACT_DERIVED
ternary_sample,1279,9,16,16,16,16,0,False,False,False,EXACT_DERIVED
ternary_sample,1280,9,15,16,16,16,0,False,False,False,EXACT_DERIVED
ternary_sample,1281,9,16,16,16,16,0,False,False,False,EXACT_DERIVED
ternary_sample,1282,9,16,16,16,16,0,False,False,False,EXACT_DERIVED
ternary_sample,1283,9,16,16,16,16,0,False,False,False,EXACT_DERIVED
ternary_sample,1284,9,15,16,16,16,0,False,False,False,EXACT_DERIVED
ternary_sample,1285,9,16,16,16,16,0,False,False,False,EXACT_DERIVED
ternary_sample,1286,9,16,16,16,16,0,False,False,False,EXACT_DERIVED
ternary_sample,1287,9,16,16,16,16,0,False,False,False,EXACT_DERIVED
ternary_sample,1288,9,16,16,16,16,0,False,False,False,EXACT_DERIVED
ternary_sample,1289,9,16,16,16,16,0,False,False,False,EXACT_DERIVED
ternary_sample,1290,9,16,16,16,16,0,False,False,False,EXACT_DERIVED
ternary_sample,1291,9,16,16,16,16,0,False,False,False,EXACT_DERIVED
ternary_sample,1292,9,16,16,16,16,0,False,False,False,EXACT_DERIVED
ternary_sample,1293,9,16,16,16,16,0,False,False,False,EXACT_DERIVED
ternary_sample,1294,9,16,16,16,16,0,False,False,False,EXACT_DERIVED
ternary_sample,1295,9,16,16,16,16,0,False,False,False,EXACT_DERIVED
ternary_sample,1296,9,16,16,16,16,0,False,False,False,EXACT_DERIVED
ternary_sample,1297,9,16,16,16,16,0,False,False,False,EXACT_DERIVED
ternary_sample,1298,9,15,16,16,16,0,False,False,False,EXACT_DERIVED
ternary_sample,1299,9,16,16,16,16,0,False,False,False,EXACT_DERIVED
ternary_sample,1300,9,16,16,16,16,0,False,False,False,EXACT_DERIVED
ternary_sample,1301,9,16,16,16,16,0,False,False,False,EXACT_DERIVED
ternary_sample,1302,9,16,16,16,16,0,False,False,False,EXACT_DERIVED
ternary_sample,1303,9,15,16,16,16,0,False,False,False,EXACT_DERIVED
ternary_sample,1304,9,16,16,16,16,0,False,False,False,EXACT_DERIVED
ternary_sample,1305,9,13,16,16,16,0,False,False,False,EXACT_DERIVED
ternary_sample,1306,9,16,16,16,16,0,False,False,False,EXACT_DERIVED
ternary_sample,1307,9,15,16,16,16,0,False,False,False,EXACT_DERIVED
ternary_sample,1308,9,16,16,16,16,0,False,False,False,EXACT_DERIVED
ternary_sample,1309,9,16,16,16,16,0,False,False,False,EXACT_DERIVED
ternary_sample,1310,9,16,16,16,16,0,False,False,False,EXACT_DERIVED
ternary_sample,1311,9,16,16,16,16,0,False,False,False,EXACT_DERIVED
ternary_sample,1312,9,15,16,16,16,0,False,False,False,EXACT_DERIVED
ternary_sample,1313,9,16,16,16,16,0,False,False,False,EXACT_DERIVED
ternary_sample,1314,9,15,16,16,16,0,False,False,False,EXACT_DERIVED
ternary_sample,1315,9,16,16,16,16,0,False,False,False,EXACT_DERIVED
ternary_sample,1316,9,16,16,16,16,0,False,False,False,EXACT_DERIVED
ternary_sample,1317,9,16,16,16,16,0,False,False,False,EXACT_DERIVED
ternary_sample,1318,9,16,16,16,16,0,False,False,False,EXACT_DERIVED
ternary_sample,1319,9,16,16,16,16,0,False,False,False,EXACT_DERIVED
ternary_sample,1320,9,16,16,16,16,0,False,False,False,EXACT_DERIVED
ternary_sample,1321,9,16,16,16,16,0,False,False,False,EXACT_DERIVED
ternary_sample,1322,9,16,16,16,16,0,False,False,False,EXACT_DERIVED
ternary_sample,1323,9,15,16,16,16,0,False,False,False,EXACT_DERIVED
ternary_sample,1324,9,16,16,16,16,0,False,False,False,EXACT_DERIVED
ternary_sample,1325,9,16,16,16,16,0,False,False,False,EXACT_DERIVED
ternary_sample,1326,9,15,16,16,16,0,False,False,False,EXACT_DERIVED
ternary_sample,1327,9,16,16,16,16,0,False,False,False,EXACT_DERIVED
ternary_sample,1328,9,16,16,16,16,0,False,False,False,EXACT_DERIVED
ternary_sample,1329,9,16,16,16,16,0,False,False,False,EXACT_DERIVED
ternary_sample,1330,9,16,16,16,16,0,False,False,False,EXACT_DERIVED
ternary_sample,1331,9,16,16,16,16,0,False,False,False,EXACT_DERIVED
ternary_sample,1332,9,15,16,16,16,0,False,False,False,EXACT_DERIVED
ternary_sample,1333,9,15,16,16,16,0,False,False,False,EXACT_DERIVED
ternary_sample,1334,9,16,16,16,16,0,False,False,False,EXACT_DERIVED
ternary_sample,1335,9,16,16,16,16,0,False,False,False,EXACT_DERIVED
ternary_sample,1336,9,16,16,16,16,0,False,False,False,EXACT_DERIVED
ternary_sample,1337,9,16,16,16,16,0,False,False,False,EXACT_DERIVED
ternary_sample,1338,9,15,16,16,16,0,False,False,False,EXACT_DERIVED
ternary_sample,1339,9,14,16,16,16,0,False,False,False,EXACT_DERIVED
ternary_sample,1340,9,15,16,16,16,0,False,False,False,EXACT_DERIVED
ternary_sample,1341,9,15,16,16,16,0,False,False,False,EXACT_DERIVED
ternary_sample,1342,9,16,16,16,16,0,False,False,False,EXACT_DERIVED
ternary_sample,1343,9,16,16,16,16,0,False,False,False,EXACT_DERIVED
ternary_sample,1344,9,16,16,16,16,0,False,False,False,EXACT_DERIVED
ternary_sample,1345,9,15,16,16,16,0,False,False,False,EXACT_DERIVED
ternary_sample,1346,9,16,16,16,16,0,False,False,False,EXACT_DERIVED
ternary_sample,1347,9,16,16,16,16,0,False,False,False,EXACT_DERIVED
ternary_sample,1348,9,16,16,16,16,0,False,False,False,EXACT_DERIVED
ternary_sample,1349,9,16,16,16,16,0,False,False,False,EXACT_DERIVED
ternary_sample,1350,9,16,16,16,16,0,False,False,False,EXACT_DERIVED
ternary_sample,1351,9,16,16,16,16,0,False,False,False,EXACT_DERIVED
ternary_sample,1352,9,15,16,16,16,0,False,False,False,EXACT_DERIVED
ternary_sample,1353,9,16,16,16,16,0,False,False,False,EXACT_DERIVED
ternary_sample,1354,9,16,16,16,16,0,False,False,False,EXACT_DERIVED
ternary_sample,1355,9,16,16,16,16,0,False,False,False,EXACT_DERIVED
ternary_sample,1356,9,15,16,16,16,0,False,False,False,EXACT_DERIVED
ternary_sample,1357,9,16,16,16,16,0,False,False,False,EXACT_DERIVED
ternary_sample,1358,9,16,16,16,16,0,False,False,False,EXACT_DERIVED
ternary_sample,1359,9,16,16,16,16,0,False,False,False,EXACT_DERIVED
ternary_sample,1360,9,15,16,16,16,0,False,False,False,EXACT_DERIVED
ternary_sample,1361,9,16,16,16,16,0,False,False,False,EXACT_DERIVED
ternary_sample,1362,9,16,16,16,16,0,False,False,False,EXACT_DERIVED
ternary_sample,1363,9,16,16,16,16,0,False,False,False,EXACT_DERIVED
ternary_sample,1364,9,15,16,16,16,0,False,False,False,EXACT_DERIVED
ternary_sample,1365,9,16,16,16,16,0,False,False,False,EXACT_DERIVED
ternary_sample,1366,9,16,16,16,16,0,False,False,False,EXACT_DERIVED
ternary_sample,1367,9,16,16,16,16,0,False,False,False,EXACT_DERIVED
ternary_sample,1368,9,16,16,16,16,0,False,False,False,EXACT_DERIVED
ternary_sample,1369,9,16,16,16,16,0,False,False,False,EXACT_DERIVED
ternary_sample,1370,9,16,16,16,16,0,False,False,False,EXACT_DERIVED
ternary_sample,1371,9,16,16,16,16,0,False,False,False,EXACT_DERIVED
ternary_sample,1372,9,16,16,16,16,0,False,False,False,EXACT_DERIVED
ternary_sample,1373,9,16,16,16,16,0,False,False,False,EXACT_DERIVED
ternary_sample,1374,9,16,16,16,16,0,False,False,False,EXACT_DERIVED
ternary_sample,1375,9,16,16,16,16,0,False,False,False,EXACT_DERIVED
ternary_sample,1376,9,15,16,16,16,0,False,False,False,EXACT_DERIVED
ternary_sample,1377,9,15,16,16,16,0,False,False,False,EXACT_DERIVED
ternary_sample,1378,9,16,16,16,16,0,False,False,False,EXACT_DERIVED
ternary_sample,1379,9,16,16,16,16,0,False,False,False,EXACT_DERIVED
ternary_sample,1380,9,16,16,16,16,0,False,False,False,EXACT_DERIVED
ternary_sample,1381,9,16,16,16,16,0,False,False,False,EXACT_DERIVED
ternary_sample,1382,9,15,16,16,16,0,False,False,False,EXACT_DERIVED
ternary_sample,1383,9,15,16,16,16,0,False,False,False,EXACT_DERIVED
ternary_sample,1384,9,15,16,16,16,0,False,False,False,EXACT_DERIVED
ternary_sample,1385,9,16,16,16,16,0,False,False,False,EXACT_DERIVED
ternary_sample,1386,9,16,16,16,16,0,False,False,False,EXACT_DERIVED
ternary_sample,1387,9,16,16,16,16,0,False,False,False,EXACT_DERIVED
ternary_sample,1388,9,16,16,16,16,0,False,False,False,EXACT_DERIVED
ternary_sample,1389,9,16,16,16,16,0,False,False,False,EXACT_DERIVED
ternary_sample,1390,9,15,16,16,16,0,False,False,False,EXACT_DERIVED
ternary_sample,1391,9,16,16,16,16,0,False,False,False,EXACT_DERIVED
ternary_sample,1392,9,16,16,16,16,0,False,False,False,EXACT_DERIVED
ternary_sample,1393,9,16,16,16,16,0,False,False,False,EXACT_DERIVED
ternary_sample,1394,9,15,16,16,16,0,False,False,False,EXACT_DERIVED
ternary_sample,1395,9,16,16,16,16,0,False,False,False,EXACT_DERIVED
ternary_sample,1396,9,16,16,16,16,0,False,False,False,EXACT_DERIVED
ternary_sample,1397,9,16,16,16,16,0,False,False,False,EXACT_DERIVED
ternary_sample,1398,9,16,16,16,16,0,False,False,False,EXACT_DERIVED
ternary_sample,1399,9,16,16,16,16,0,False,False,False,EXACT_DERIVED
ternary_sample,1400,9,16,16,16,16,0,False,False,False,EXACT_DERIVED
ternary_sample,1401,9,16,16,16,16,0,False,False,False,EXACT_DERIVED
ternary_sample,1402,9,16,16,16,16,0,False,False,False,EXACT_DERIVED
ternary_sample,1403,9,16,16,16,16,0,False,False,False,EXACT_DERIVED
ternary_sample,1404,9,16,16,16,16,0,False,False,False,EXACT_DERIVED
ternary_sample,1405,9,16,16,16,16,0,False,False,False,EXACT_DERIVED
ternary_sample,1406,9,16,16,16,16,0,False,False,False,EXACT_DERIVED
ternary_sample,1407,9,16,16,16,16,0,False,False,False,EXACT_DERIVED
ternary_sample,1408,9,16,16,16,16,0,False,False,False,EXACT_DERIVED
ternary_sample,1409,9,15,16,16,16,0,False,False,False,EXACT_DERIVED
ternary_sample,1410,9,16,16,16,16,0,False,False,False,EXACT_DERIVED
ternary_sample,1411,9,16,16,16,16,0,False,False,False,EXACT_DERIVED
ternary_sample,1412,9,16,16,16,16,0,False,False,False,EXACT_DERIVED
ternary_sample,1413,9,15,16,16,16,0,False,False,False,EXACT_DERIVED
ternary_sample,1414,9,16,16,16,16,0,False,False,False,EXACT_DERIVED
ternary_sample,1415,9,16,16,16,16,0,False,False,False,EXACT_DERIVED
ternary_sample,1416,9,16,16,16,16,0,False,False,False,EXACT_DERIVED
ternary_sample,1417,9,14,16,16,16,0,False,False,False,EXACT_DERIVED
ternary_sample,1418,9,16,16,16,16,0,False,False,False,EXACT_DERIVED
ternary_sample,1419,9,16,16,16,16,0,False,False,False,EXACT_DERIVED
ternary_sample,1420,9,16,16,16,16,0,False,False,False,EXACT_DERIVED
ternary_sample,1421,9,16,16,16,16,0,False,False,False,EXACT_DERIVED
ternary_sample,1422,9,16,16,16,16,0,False,False,False,EXACT_DERIVED
ternary_sample,1423,9,16,16,16,16,0,False,False,False,EXACT_DERIVED
ternary_sample,1424,9,16,16,16,16,0,False,False,False,EXACT_DERIVED
ternary_sample,1425,9,16,16,16,16,0,False,False,False,EXACT_DERIVED
ternary_sample,1426,9,16,16,16,16,0,False,False,False,EXACT_DERIVED
ternary_sample,1427,9,15,16,16,16,0,False,False,False,EXACT_DERIVED
ternary_sample,1428,9,16,16,16,16,0,False,False,False,EXACT_DERIVED
ternary_sample,1429,9,16,16,16,16,0,False,False,False,EXACT_DERIVED
ternary_sample,1430,9,16,16,16,16,0,False,False,False,EXACT_DERIVED
ternary_sample,1431,9,15,16,16,16,0,False,False,False,EXACT_DERIVED
ternary_sample,1432,9,16,16,16,16,0,False,False,False,EXACT_DERIVED
ternary_sample,1433,9,16,16,16,16,0,False,False,False,EXACT_DERIVED
ternary_sample,1434,9,16,16,16,16,0,False,False,False,EXACT_DERIVED
ternary_sample,1435,9,15,16,16,16,0,False,False,False,EXACT_DERIVED
ternary_sample,1436,9,15,16,16,16,0,False,False,False,EXACT_DERIVED
ternary_sample,1437,9,15,16,16,16,0,False,False,False,EXACT_DERIVED
ternary_sample,1438,9,16,16,16,16,0,False,False,False,EXACT_DERIVED
ternary_sample,1439,9,16,16,16,16,0,False,False,False,EXACT_DERIVED
ternary_sample,1440,9,16,16,16,16,0,False,False,False,EXACT_DERIVED
ternary_sample,1441,9,16,16,16,16,0,False,False,False,EXACT_DERIVED
ternary_sample,1442,9,16,16,16,16,0,False,False,False,EXACT_DERIVED
ternary_sample,1443,9,16,16,16,16,0,False,False,False,EXACT_DERIVED
ternary_sample,1444,9,16,16,16,16,0,False,False,False,EXACT_DERIVED
ternary_sample,1445,9,16,16,16,16,0,False,False,False,EXACT_DERIVED
ternary_sample,1446,9,16,16,16,16,0,False,False,False,EXACT_DERIVED
ternary_sample,1447,9,16,16,16,16,0,False,False,False,EXACT_DERIVED
ternary_sample,1448,9,16,16,16,16,0,False,False,False,EXACT_DERIVED
ternary_sample,1449,9,16,16,16,16,0,False,False,False,EXACT_DERIVED
ternary_sample,1450,9,16,16,16,16,0,False,False,False,EXACT_DERIVED
ternary_sample,1451,9,16,16,16,16,0,False,False,False,EXACT_DERIVED
ternary_sample,1452,9,16,16,16,16,0,False,False,False,EXACT_DERIVED
ternary_sample,1453,9,15,16,16,16,0,False,False,False,EXACT_DERIVED
ternary_sample,1454,9,15,16,16,16,0,False,False,False,EXACT_DERIVED
ternary_sample,1455,9,16,16,16,16,0,False,False,False,EXACT_DERIVED
ternary_sample,1456,9,16,16,16,16,0,False,False,False,EXACT_DERIVED
ternary_sample,1457,9,16,16,16,16,0,False,False,False,EXACT_DERIVED
ternary_sample,1458,9,16,16,16,16,0,False,False,False,EXACT_DERIVED
ternary_sample,1459,9,16,16,16,16,0,False,False,False,EXACT_DERIVED
ternary_sample,1460,9,16,16,16,16,0,False,False,False,EXACT_DERIVED
ternary_sample,1461,9,15,16,16,16,0,False,False,False,EXACT_DERIVED
ternary_sample,1462,9,16,16,16,16,0,False,False,False,EXACT_DERIVED
ternary_sample,1463,9,16,16,16,16,0,False,False,False,EXACT_DERIVED
ternary_sample,1464,9,16,16,16,16,0,False,False,False,EXACT_DERIVED
ternary_sample,1465,9,16,16,16,16,0,False,False,False,EXACT_DERIVED
ternary_sample,1466,9,16,16,16,16,0,False,False,False,EXACT_DERIVED
ternary_sample,1467,9,16,16,16,16,0,False,False,False,EXACT_DERIVED
ternary_sample,1468,9,16,16,16,16,0,False,False,False,EXACT_DERIVED
ternary_sample,1469,9,16,16,16,16,0,False,False,False,EXACT_DERIVED
ternary_sample,1470,9,16,16,16,16,0,False,False,False,EXACT_DERIVED
ternary_sample,1471,9,16,16,16,16,0,False,False,False,EXACT_DERIVED
ternary_sample,1472,9,16,16,16,16,0,False,False,False,EXACT_DERIVED
ternary_sample,1473,9,16,16,16,16,0,False,False,False,EXACT_DERIVED
ternary_sample,1474,9,16,16,16,16,0,False,False,False,EXACT_DERIVED
ternary_sample,1475,9,15,16,16,16,0,False,False,False,EXACT_DERIVED
ternary_sample,1476,9,16,16,16,16,0,False,False,False,EXACT_DERIVED
ternary_sample,1477,9,16,16,16,16,0,False,False,False,EXACT_DERIVED
ternary_sample,1478,9,16,16,16,16,0,False,False,False,EXACT_DERIVED
ternary_sample,1479,9,16,16,16,16,0,False,False,False,EXACT_DERIVED
ternary_sample,1480,9,15,16,16,16,0,False,False,False,EXACT_DERIVED
ternary_sample,1481,9,16,16,16,16,0,False,False,False,EXACT_DERIVED
ternary_sample,1482,9,16,16,16,16,0,False,False,False,EXACT_DERIVED
ternary_sample,1483,9,16,16,16,16,0,False,False,False,EXACT_DERIVED
ternary_sample,1484,9,16,16,16,16,0,False,False,False,EXACT_DERIVED
ternary_sample,1485,9,16,16,16,16,0,False,False,False,EXACT_DERIVED
ternary_sample,1486,9,15,16,16,16,0,False,False,False,EXACT_DERIVED
ternary_sample,1487,9,16,16,16,16,0,False,False,False,EXACT_DERIVED
ternary_sample,1488,9,16,16,16,16,0,False,False,False,EXACT_DERIVED
ternary_sample,1489,9,16,16,16,16,0,False,False,False,EXACT_DERIVED
ternary_sample,1490,9,15,16,16,16,0,False,False,False,EXACT_DERIVED
ternary_sample,1491,9,16,16,16,16,0,False,False,False,EXACT_DERIVED
ternary_sample,1492,9,16,16,16,16,0,False,False,False,EXACT_DERIVED
ternary_sample,1493,9,16,16,16,16,0,False,False,False,EXACT_DERIVED
ternary_sample,1494,9,15,16,16,16,0,False,False,False,EXACT_DERIVED
ternary_sample,1495,9,16,16,16,16,0,False,False,False,EXACT_DERIVED
ternary_sample,1496,9,16,16,16,16,0,False,False,False,EXACT_DERIVED
ternary_sample,1497,9,16,16,16,16,0,False,False,False,EXACT_DERIVED
ternary_sample,1498,9,16,16,16,16,0,False,False,False,EXACT_DERIVED
ternary_sample,1499,9,16,16,16,16,0,False,False,False,EXACT_DERIVED
ternary_sample,1500,9,16,16,16,16,0,False,False,False,EXACT_DERIVED
ternary_sample,1501,9,14,16,16,16,0,False,False,False,EXACT_DERIVED
ternary_sample,1502,9,16,16,16,16,0,False,False,False,EXACT_DERIVED
ternary_sample,1503,9,16,16,16,16,0,False,False,False,EXACT_DERIVED
ternary_sample,1504,9,16,16,16,16,0,False,False,False,EXACT_DERIVED
ternary_sample,1505,9,16,16,16,16,0,False,False,False,EXACT_DERIVED
ternary_sample,1506,9,16,16,16,16,0,False,False,False,EXACT_DERIVED
ternary_sample,1507,9,16,16,16,16,0,False,False,False,EXACT_DERIVED
ternary_sample,1508,9,16,16,16,16,0,False,False,False,EXACT_DERIVED
ternary_sample,1509,9,16,16,16,16,0,False,False,False,EXACT_DERIVED
ternary_sample,1510,9,15,16,16,16,0,False,False,False,EXACT_DERIVED
ternary_sample,1511,9,16,16,16,16,0,False,False,False,EXACT_DERIVED
ternary_sample,1512,9,16,16,16,16,0,False,False,False,EXACT_DERIVED
ternary_sample,1513,9,16,16,16,16,0,False,False,False,EXACT_DERIVED
ternary_sample,1514,9,16,16,16,16,0,False,False,False,EXACT_DERIVED
ternary_sample,1515,9,16,16,16,16,0,False,False,False,EXACT_DERIVED
ternary_sample,1516,9,16,16,16,16,0,False,False,False,EXACT_DERIVED
ternary_sample,1517,9,16,16,16,16,0,False,False,False,EXACT_DERIVED
ternary_sample,1518,9,16,16,16,16,0,False,False,False,EXACT_DERIVED
ternary_sample,1519,9,16,16,16,16,0,False,False,False,EXACT_DERIVED
ternary_sample,1520,9,16,16,16,16,0,False,False,False,EXACT_DERIVED
ternary_sample,1521,9,16,16,16,16,0,False,False,False,EXACT_DERIVED
ternary_sample,1522,9,16,16,16,16,0,False,False,False,EXACT_DERIVED
ternary_sample,1523,9,16,16,16,16,0,False,False,False,EXACT_DERIVED
ternary_sample,1524,9,16,16,16,16,0,False,False,False,EXACT_DERIVED
ternary_sample,1525,9,16,16,16,16,0,False,False,False,EXACT_DERIVED
ternary_sample,1526,9,16,16,16,16,0,False,False,False,EXACT_DERIVED
ternary_sample,1527,9,16,16,16,16,0,False,False,False,EXACT_DERIVED
ternary_sample,1528,9,16,16,16,16,0,False,False,False,EXACT_DERIVED
ternary_sample,1529,9,16,16,16,16,0,False,False,False,EXACT_DERIVED
ternary_sample,1530,9,16,16,16,16,0,False,False,False,EXACT_DERIVED
ternary_sample,1531,9,15,16,16,16,0,False,False,False,EXACT_DERIVED
ternary_sample,1532,9,16,16,16,16,0,False,False,False,EXACT_DERIVED
ternary_sample,1533,9,15,16,16,16,0,False,False,False,EXACT_DERIVED
ternary_sample,1534,9,15,16,16,16,0,False,False,False,EXACT_DERIVED
ternary_sample,1535,9,16,16,16,16,0,False,False,False,EXACT_DERIVED
ternary_sample,1536,9,15,16,16,16,0,False,False,False,EXACT_DERIVED
ternary_sample,1537,9,16,16,16,16,0,False,False,False,EXACT_DERIVED
ternary_sample,1538,9,15,16,16,16,0,False,False,False,EXACT_DERIVED
ternary_sample,1539,9,16,16,16,16,0,False,False,False,EXACT_DERIVED
ternary_sample,1540,9,16,16,16,16,0,False,False,False,EXACT_DERIVED
ternary_sample,1541,9,16,16,16,16,0,False,False,False,EXACT_DERIVED
ternary_sample,1542,9,14,16,16,16,0,False,False,False,EXACT_DERIVED
ternary_sample,1543,9,15,16,16,16,0,False,False,False,EXACT_DERIVED
ternary_sample,1544,9,16,16,16,16,0,False,False,False,EXACT_DERIVED
ternary_sample,1545,9,16,16,16,16,0,False,False,False,EXACT_DERIVED
ternary_sample,1546,9,15,16,16,16,0,False,False,False,EXACT_DERIVED
ternary_sample,1547,9,15,16,16,16,0,False,False,False,EXACT_DERIVED
ternary_sample,1548,9,16,16,16,16,0,False,False,False,EXACT_DERIVED
ternary_sample,1549,9,16,16,16,16,0,False,False,False,EXACT_DERIVED
ternary_sample,1550,9,16,16,16,16,0,False,False,False,EXACT_DERIVED
ternary_sample,1551,9,16,16,16,16,0,False,False,False,EXACT_DERIVED
ternary_sample,1552,9,16,16,16,16,0,False,False,False,EXACT_DERIVED
ternary_sample,1553,9,16,16,16,16,0,False,False,False,EXACT_DERIVED
ternary_sample,1554,9,16,16,16,16,0,False,False,False,EXACT_DERIVED
ternary_sample,1555,9,16,16,16,16,0,False,False,False,EXACT_DERIVED
ternary_sample,1556,9,16,16,16,16,0,False,False,False,EXACT_DERIVED
ternary_sample,1557,9,16,16,16,16,0,False,False,False,EXACT_DERIVED
ternary_sample,1558,9,16,16,16,16,0,False,False,False,EXACT_DERIVED
ternary_sample,1559,9,15,16,16,16,0,False,False,False,EXACT_DERIVED
ternary_sample,1560,9,16,16,16,16,0,False,False,False,EXACT_DERIVED
ternary_sample,1561,9,16,16,16,16,0,False,False,False,EXACT_DERIVED
ternary_sample,1562,9,16,16,16,16,0,False,False,False,EXACT_DERIVED
ternary_sample,1563,9,16,16,16,16,0,False,False,False,EXACT_DERIVED
ternary_sample,1564,9,16,16,16,16,0,False,False,False,EXACT_DERIVED
ternary_sample,1565,9,15,16,16,16,0,False,False,False,EXACT_DERIVED
ternary_sample,1566,9,16,16,16,16,0,False,False,False,EXACT_DERIVED
ternary_sample,1567,9,16,16,16,16,0,False,False,False,EXACT_DERIVED
ternary_sample,1568,9,16,16,16,16,0,False,False,False,EXACT_DERIVED
ternary_sample,1569,9,15,16,16,16,0,False,False,False,EXACT_DERIVED
ternary_sample,1570,9,16,16,16,16,0,False,False,False,EXACT_DERIVED
ternary_sample,1571,9,16,16,16,16,0,False,False,False,EXACT_DERIVED
ternary_sample,1572,9,16,16,16,16,0,False,False,False,EXACT_DERIVED
ternary_sample,1573,9,16,16,16,16,0,False,False,False,EXACT_DERIVED
ternary_sample,1574,9,16,16,16,16,0,False,False,False,EXACT_DERIVED
ternary_sample,1575,9,16,16,16,16,0,False,False,False,EXACT_DERIVED
ternary_sample,1576,9,16,16,16,16,0,False,False,False,EXACT_DERIVED
ternary_sample,1577,9,16,16,16,16,0,False,False,False,EXACT_DERIVED
ternary_sample,1578,9,16,16,16,16,0,False,False,False,EXACT_DERIVED
ternary_sample,1579,9,16,16,16,16,0,False,False,False,EXACT_DERIVED
ternary_sample,1580,9,16,16,16,16,0,False,False,False,EXACT_DERIVED
ternary_sample,1581,9,12,16,16,16,0,False,False,False,EXACT_DERIVED
ternary_sample,1582,9,16,16,16,16,0,False,False,False,EXACT_DERIVED
ternary_sample,1583,9,16,16,16,16,0,False,False,False,EXACT_DERIVED
ternary_sample,1584,9,15,16,16,16,0,False,False,False,EXACT_DERIVED
ternary_sample,1585,9,16,16,16,16,0,False,False,False,EXACT_DERIVED
ternary_sample,1586,9,16,16,16,16,0,False,False,False,EXACT_DERIVED
ternary_sample,1587,9,16,16,16,16,0,False,False,False,EXACT_DERIVED
ternary_sample,1588,9,16,16,16,16,0,False,False,False,EXACT_DERIVED
ternary_sample,1589,9,16,16,16,16,0,False,False,False,EXACT_DERIVED
ternary_sample,1590,9,16,16,16,16,0,False,False,False,EXACT_DERIVED
ternary_sample,1591,9,15,16,16,16,0,False,False,False,EXACT_DERIVED
ternary_sample,1592,9,16,16,16,16,0,False,False,False,EXACT_DERIVED
ternary_sample,1593,9,16,16,16,16,0,False,False,False,EXACT_DERIVED
ternary_sample,1594,9,15,16,16,16,0,False,False,False,EXACT_DERIVED
ternary_sample,1595,9,16,16,16,16,0,False,False,False,EXACT_DERIVED
ternary_sample,1596,9,16,16,16,16,0,False,False,False,EXACT_DERIVED
ternary_sample,1597,9,15,16,16,16,0,False,False,False,EXACT_DERIVED
ternary_sample,1598,9,15,16,16,16,0,False,False,False,EXACT_DERIVED
ternary_sample,1599,9,16,16,16,16,0,False,False,False,EXACT_DERIVED
ternary_sample,1600,9,16,16,16,16,0,False,False,False,EXACT_DERIVED
ternary_sample,1601,9,16,16,16,16,0,False,False,False,EXACT_DERIVED
ternary_sample,1602,9,16,16,16,16,0,False,False,False,EXACT_DERIVED
ternary_sample,1603,9,16,16,16,16,0,False,False,False,EXACT_DERIVED
ternary_sample,1604,9,16,16,16,16,0,False,False,False,EXACT_DERIVED
ternary_sample,1605,9,16,16,16,16,0,False,False,False,EXACT_DERIVED
ternary_sample,1606,9,16,16,16,16,0,False,False,False,EXACT_DERIVED
ternary_sample,1607,9,16,16,16,16,0,False,False,False,EXACT_DERIVED
ternary_sample,1608,9,16,16,16,16,0,False,False,False,EXACT_DERIVED
ternary_sample,1609,9,16,16,16,16,0,False,False,False,EXACT_DERIVED
ternary_sample,1610,9,16,16,16,16,0,False,False,False,EXACT_DERIVED
ternary_sample,1611,9,15,16,16,16,0,False,False,False,EXACT_DERIVED
ternary_sample,1612,9,15,16,16,16,0,False,False,False,EXACT_DERIVED
ternary_sample,1613,9,16,16,16,16,0,False,False,False,EXACT_DERIVED
ternary_sample,1614,9,16,16,16,16,0,False,False,False,EXACT_DERIVED
ternary_sample,1615,9,15,16,16,16,0,False,False,False,EXACT_DERIVED
ternary_sample,1616,9,16,16,16,16,0,False,False,False,EXACT_DERIVED
ternary_sample,1617,9,16,16,16,16,0,False,False,False,EXACT_DERIVED
ternary_sample,1618,9,16,16,16,16,0,False,False,False,EXACT_DERIVED
ternary_sample,1619,9,16,16,16,16,0,False,False,False,EXACT_DERIVED
ternary_sample,1620,9,16,16,16,16,0,False,False,False,EXACT_DERIVED
ternary_sample,1621,9,16,16,16,16,0,False,False,False,EXACT_DERIVED
ternary_sample,1622,9,16,16,16,16,0,False,False,False,EXACT_DERIVED
ternary_sample,1623,9,16,16,16,16,0,False,False,False,EXACT_DERIVED
ternary_sample,1624,9,15,16,16,16,0,False,False,False,EXACT_DERIVED
ternary_sample,1625,9,16,16,16,16,0,False,False,False,EXACT_DERIVED
ternary_sample,1626,9,16,16,16,16,0,False,False,False,EXACT_DERIVED
ternary_sample,1627,9,16,16,16,16,0,False,False,False,EXACT_DERIVED
ternary_sample,1628,9,16,16,16,16,0,False,False,False,EXACT_DERIVED
ternary_sample,1629,9,16,16,16,16,0,False,False,False,EXACT_DERIVED
ternary_sample,1630,9,15,16,16,16,0,False,False,False,EXACT_DERIVED
ternary_sample,1631,9,16,16,16,16,0,False,False,False,EXACT_DERIVED
ternary_sample,1632,9,16,16,16,16,0,False,False,False,EXACT_DERIVED
ternary_sample,1633,9,15,16,16,16,0,False,False,False,EXACT_DERIVED
ternary_sample,1634,9,16,16,16,16,0,False,False,False,EXACT_DERIVED
ternary_sample,1635,9,16,16,16,16,0,False,False,False,EXACT_DERIVED
ternary_sample,1636,9,16,16,16,16,0,False,False,False,EXACT_DERIVED
ternary_sample,1637,9,15,16,16,16,0,False,False,False,EXACT_DERIVED
ternary_sample,1638,9,16,16,16,16,0,False,False,False,EXACT_DERIVED
ternary_sample,1639,9,16,16,16,16,0,False,False,False,EXACT_DERIVED
ternary_sample,1640,9,16,16,16,16,0,False,False,False,EXACT_DERIVED
ternary_sample,1641,9,16,16,16,16,0,False,False,False,EXACT_DERIVED
ternary_sample,1642,9,16,16,16,16,0,False,False,False,EXACT_DERIVED
ternary_sample,1643,9,16,16,16,16,0,False,False,False,EXACT_DERIVED
ternary_sample,1644,9,16,16,16,16,0,False,False,False,EXACT_DERIVED
ternary_sample,1645,9,16,16,16,16,0,False,False,False,EXACT_DERIVED
ternary_sample,1646,9,16,16,16,16,0,False,False,False,EXACT_DERIVED
ternary_sample,1647,9,16,16,16,16,0,False,False,False,EXACT_DERIVED
ternary_sample,1648,9,16,16,16,16,0,False,False,False,EXACT_DERIVED
ternary_sample,1649,9,16,16,16,16,0,False,False,False,EXACT_DERIVED
ternary_sample,1650,9,16,16,16,16,0,False,False,False,EXACT_DERIVED
ternary_sample,1651,9,16,16,16,16,0,False,False,False,EXACT_DERIVED
ternary_sample,1652,9,16,16,16,16,0,False,False,False,EXACT_DERIVED
ternary_sample,1653,9,16,16,16,16,0,False,False,False,EXACT_DERIVED
ternary_sample,1654,8,16,16,16,16,0,False,False,False,EXACT_DERIVED
ternary_sample,1655,9,16,16,16,16,0,False,False,False,EXACT_DERIVED
ternary_sample,1656,9,16,16,16,16,0,False,False,False,EXACT_DERIVED
ternary_sample,1657,9,16,16,16,16,0,False,False,False,EXACT_DERIVED
ternary_sample,1658,9,15,16,16,16,0,False,False,False,EXACT_DERIVED
ternary_sample,1659,9,15,16,16,16,0,False,False,False,EXACT_DERIVED
ternary_sample,1660,9,16,16,16,16,0,False,False,False,EXACT_DERIVED
ternary_sample,1661,9,16,16,16,16,0,False,False,False,EXACT_DERIVED
ternary_sample,1662,9,16,16,16,16,0,False,False,False,EXACT_DERIVED
ternary_sample,1663,9,16,16,16,16,0,False,False,False,EXACT_DERIVED
ternary_sample,1664,9,16,16,16,16,0,False,False,False,EXACT_DERIVED
ternary_sample,1665,9,16,16,16,16,0,False,False,False,EXACT_DERIVED
ternary_sample,1666,9,14,16,16,16,0,False,False,False,EXACT_DERIVED
ternary_sample,1667,9,15,16,16,16,0,False,False,False,EXACT_DERIVED
ternary_sample,1668,9,16,16,16,16,0,False,False,False,EXACT_DERIVED
ternary_sample,1669,9,16,16,16,16,0,False,False,False,EXACT_DERIVED
ternary_sample,1670,9,16,16,16,16,0,False,False,False,EXACT_DERIVED
ternary_sample,1671,9,16,16,16,16,0,False,False,False,EXACT_DERIVED
ternary_sample,1672,9,16,16,16,16,0,False,False,False,EXACT_DERIVED
ternary_sample,1673,9,16,16,16,16,0,False,False,False,EXACT_DERIVED
ternary_sample,1674,9,16,16,16,16,0,False,False,False,EXACT_DERIVED
ternary_sample,1675,9,16,16,16,16,0,False,False,False,EXACT_DERIVED
ternary_sample,1676,9,16,16,16,16,0,False,False,False,EXACT_DERIVED
ternary_sample,1677,9,16,16,16,16,0,False,False,False,EXACT_DERIVED
ternary_sample,1678,9,16,16,16,16,0,False,False,False,EXACT_DERIVED
ternary_sample,1679,9,16,16,16,16,0,False,False,False,EXACT_DERIVED
ternary_sample,1680,9,14,16,16,16,0,False,False,False,EXACT_DERIVED
ternary_sample,1681,9,16,16,16,16,0,False,False,False,EXACT_DERIVED
ternary_sample,1682,9,16,16,16,16,0,False,False,False,EXACT_DERIVED
ternary_sample,1683,9,16,16,16,16,0,False,False,False,EXACT_DERIVED
ternary_sample,1684,9,16,16,16,16,0,False,False,False,EXACT_DERIVED
ternary_sample,1685,9,13,16,16,16,0,False,False,False,EXACT_DERIVED
ternary_sample,1686,9,15,16,16,16,0,False,False,False,EXACT_DERIVED
ternary_sample,1687,9,15,16,16,16,0,False,False,False,EXACT_DERIVED
ternary_sample,1688,9,16,16,16,16,0,False,False,False,EXACT_DERIVED
ternary_sample,1689,9,16,16,16,16,0,False,False,False,EXACT_DERIVED
ternary_sample,1690,9,16,16,16,16,0,False,False,False,EXACT_DERIVED
ternary_sample,1691,9,16,16,16,16,0,False,False,False,EXACT_DERIVED
ternary_sample,1692,9,16,16,16,16,0,False,False,False,EXACT_DERIVED
ternary_sample,1693,9,16,16,16,16,0,False,False,False,EXACT_DERIVED
ternary_sample,1694,9,16,16,16,16,0,False,False,False,EXACT_DERIVED
ternary_sample,1695,9,16,16,16,16,0,False,False,False,EXACT_DERIVED
ternary_sample,1696,9,16,16,16,16,0,False,False,False,EXACT_DERIVED
ternary_sample,1697,9,16,16,16,16,0,False,False,False,EXACT_DERIVED
ternary_sample,1698,9,16,16,16,16,0,False,False,False,EXACT_DERIVED
ternary_sample,1699,9,16,16,16,16,0,False,False,False,EXACT_DERIVED
ternary_sample,1700,9,16,16,16,16,0,False,False,False,EXACT_DERIVED
ternary_sample,1701,9,16,16,16,16,0,False,False,False,EXACT_DERIVED
ternary_sample,1702,9,15,16,16,16,0,False,False,False,EXACT_DERIVED
ternary_sample,1703,9,16,16,16,16,0,False,False,False,EXACT_DERIVED
ternary_sample,1704,9,16,16,16,16,0,False,False,False,EXACT_DERIVED
ternary_sample,1705,9,15,16,16,16,0,False,False,False,EXACT_DERIVED
ternary_sample,1706,9,16,16,16,16,0,False,False,False,EXACT_DERIVED
ternary_sample,1707,9,16,16,16,16,0,False,False,False,EXACT_DERIVED
ternary_sample,1708,9,15,16,16,16,0,False,False,False,EXACT_DERIVED
ternary_sample,1709,9,15,16,16,16,0,False,False,False,EXACT_DERIVED
ternary_sample,1710,9,16,16,16,16,0,False,False,False,EXACT_DERIVED
ternary_sample,1711,9,15,16,16,16,0,False,False,False,EXACT_DERIVED
ternary_sample,1712,9,16,16,16,16,0,False,False,False,EXACT_DERIVED
ternary_sample,1713,9,15,16,16,16,0,False,False,False,EXACT_DERIVED
ternary_sample,1714,9,16,16,16,16,0,False,False,False,EXACT_DERIVED
ternary_sample,1715,9,16,16,16,16,0,False,False,False,EXACT_DERIVED
ternary_sample,1716,9,16,16,16,16,0,False,False,False,EXACT_DERIVED
ternary_sample,1717,9,16,16,16,16,0,False,False,False,EXACT_DERIVED
ternary_sample,1718,9,16,16,16,16,0,False,False,False,EXACT_DERIVED
ternary_sample,1719,9,16,16,16,16,0,False,False,False,EXACT_DERIVED
ternary_sample,1720,9,16,16,16,16,0,False,False,False,EXACT_DERIVED
ternary_sample,1721,9,16,16,16,16,0,False,False,False,EXACT_DERIVED
ternary_sample,1722,9,16,16,16,16,0,False,False,False,EXACT_DERIVED
ternary_sample,1723,9,16,16,16,16,0,False,False,False,EXACT_DERIVED
ternary_sample,1724,9,15,16,16,16,0,False,False,False,EXACT_DERIVED
ternary_sample,1725,9,14,16,16,16,0,False,False,False,EXACT_DERIVED
ternary_sample,1726,9,16,16,16,16,0,False,False,False,EXACT_DERIVED
ternary_sample,1727,9,16,16,16,16,0,False,False,False,EXACT_DERIVED
ternary_sample,1728,9,16,16,16,16,0,False,False,False,EXACT_DERIVED
ternary_sample,1729,9,16,16,16,16,0,False,False,False,EXACT_DERIVED
ternary_sample,1730,9,16,16,16,16,0,False,False,False,EXACT_DERIVED
ternary_sample,1731,9,15,16,16,16,0,False,False,False,EXACT_DERIVED
ternary_sample,1732,9,16,16,16,16,0,False,False,False,EXACT_DERIVED
ternary_sample,1733,9,16,16,16,16,0,False,False,False,EXACT_DERIVED
ternary_sample,1734,9,16,16,16,16,0,False,False,False,EXACT_DERIVED
ternary_sample,1735,9,16,16,16,16,0,False,False,False,EXACT_DERIVED
ternary_sample,1736,9,16,16,16,16,0,False,False,False,EXACT_DERIVED
ternary_sample,1737,9,16,16,16,16,0,False,False,False,EXACT_DERIVED
ternary_sample,1738,9,16,16,16,16,0,False,False,False,EXACT_DERIVED
ternary_sample,1739,9,16,16,16,16,0,False,False,False,EXACT_DERIVED
ternary_sample,1740,9,16,16,16,16,0,False,False,False,EXACT_DERIVED
ternary_sample,1741,9,16,16,16,16,0,False,False,False,EXACT_DERIVED
ternary_sample,1742,9,16,16,16,16,0,False,False,False,EXACT_DERIVED
ternary_sample,1743,9,15,16,16,16,0,False,False,False,EXACT_DERIVED
ternary_sample,1744,9,15,16,16,16,0,False,False,False,EXACT_DERIVED
ternary_sample,1745,9,16,16,16,16,0,False,False,False,EXACT_DERIVED
ternary_sample,1746,9,16,16,16,16,0,False,False,False,EXACT_DERIVED
ternary_sample,1747,9,16,16,16,16,0,False,False,False,EXACT_DERIVED
ternary_sample,1748,9,14,16,16,16,0,False,False,False,EXACT_DERIVED
ternary_sample,1749,9,15,16,16,16,0,False,False,False,EXACT_DERIVED
ternary_sample,1750,9,15,16,16,16,0,False,False,False,EXACT_DERIVED
ternary_sample,1751,9,16,16,16,16,0,False,False,False,EXACT_DERIVED
ternary_sample,1752,9,16,16,16,16,0,False,False,False,EXACT_DERIVED
ternary_sample,1753,9,16,16,16,16,0,False,False,False,EXACT_DERIVED
ternary_sample,1754,9,16,16,16,16,0,False,False,False,EXACT_DERIVED
ternary_sample,1755,9,16,16,16,16,0,False,False,False,EXACT_DERIVED
ternary_sample,1756,9,16,16,16,16,0,False,False,False,EXACT_DERIVED
ternary_sample,1757,9,16,16,16,16,0,False,False,False,EXACT_DERIVED
ternary_sample,1758,9,15,16,16,16,0,False,False,False,EXACT_DERIVED
ternary_sample,1759,9,16,16,16,16,0,False,False,False,EXACT_DERIVED
ternary_sample,1760,9,15,16,16,16,0,False,False,False,EXACT_DERIVED
ternary_sample,1761,9,16,16,16,16,0,False,False,False,EXACT_DERIVED
ternary_sample,1762,9,16,16,16,16,0,False,False,False,EXACT_DERIVED
ternary_sample,1763,9,16,16,16,16,0,False,False,False,EXACT_DERIVED
ternary_sample,1764,9,16,16,16,16,0,False,False,False,EXACT_DERIVED
ternary_sample,1765,9,16,16,16,16,0,False,False,False,EXACT_DERIVED
ternary_sample,1766,9,16,16,16,16,0,False,False,False,EXACT_DERIVED
ternary_sample,1767,9,16,16,16,16,0,False,False,False,EXACT_DERIVED
ternary_sample,1768,9,15,16,16,16,0,False,False,False,EXACT_DERIVED
ternary_sample,1769,9,16,16,16,16,0,False,False,False,EXACT_DERIVED
ternary_sample,1770,9,16,16,16,16,0,False,False,False,EXACT_DERIVED
ternary_sample,1771,9,16,16,16,16,0,False,False,False,EXACT_DERIVED
ternary_sample,1772,9,16,16,16,16,0,False,False,False,EXACT_DERIVED
ternary_sample,1773,9,16,16,16,16,0,False,False,False,EXACT_DERIVED
ternary_sample,1774,9,16,16,16,16,0,False,False,False,EXACT_DERIVED
ternary_sample,1775,9,16,16,16,16,0,False,False,False,EXACT_DERIVED
ternary_sample,1776,9,14,16,16,16,0,False,False,False,EXACT_DERIVED
ternary_sample,1777,9,16,16,16,16,0,False,False,False,EXACT_DERIVED
ternary_sample,1778,9,15,16,16,16,0,False,False,False,EXACT_DERIVED
ternary_sample,1779,9,16,16,16,16,0,False,False,False,EXACT_DERIVED
ternary_sample,1780,9,16,16,16,16,0,False,False,False,EXACT_DERIVED
ternary_sample,1781,9,16,16,16,16,0,False,False,False,EXACT_DERIVED
ternary_sample,1782,9,16,16,16,16,0,False,False,False,EXACT_DERIVED
ternary_sample,1783,9,14,16,16,16,0,False,False,False,EXACT_DERIVED
ternary_sample,1784,9,16,16,16,16,0,False,False,False,EXACT_DERIVED
ternary_sample,1785,9,15,16,16,16,0,False,False,False,EXACT_DERIVED
ternary_sample,1786,9,16,16,16,16,0,False,False,False,EXACT_DERIVED
ternary_sample,1787,9,16,16,16,16,0,False,False,False,EXACT_DERIVED
ternary_sample,1788,9,16,16,16,16,0,False,False,False,EXACT_DERIVED
ternary_sample,1789,9,16,16,16,16,0,False,False,False,EXACT_DERIVED
ternary_sample,1790,9,16,16,16,16,0,False,False,False,EXACT_DERIVED
ternary_sample,1791,9,16,16,16,16,0,False,False,False,EXACT_DERIVED
ternary_sample,1792,9,16,16,16,16,0,False,False,False,EXACT_DERIVED
ternary_sample,1793,9,16,16,16,16,0,False,False,False,EXACT_DERIVED
ternary_sample,1794,9,16,16,16,16,0,False,False,False,EXACT_DERIVED
ternary_sample,1795,9,16,16,16,16,0,False,False,False,EXACT_DERIVED
ternary_sample,1796,9,16,16,16,16,0,False,False,False,EXACT_DERIVED
ternary_sample,1797,9,16,16,16,16,0,False,False,False,EXACT_DERIVED
ternary_sample,1798,9,16,16,16,16,0,False,False,False,EXACT_DERIVED
ternary_sample,1799,9,16,16,16,16,0,False,False,False,EXACT_DERIVED
ternary_sample,1800,9,16,16,16,16,0,False,False,False,EXACT_DERIVED
ternary_sample,1801,9,16,16,16,16,0,False,False,False,EXACT_DERIVED
ternary_sample,1802,9,16,16,16,16,0,False,False,False,EXACT_DERIVED
ternary_sample,1803,9,16,16,16,16,0,False,False,False,EXACT_DERIVED
ternary_sample,1804,9,15,16,16,16,0,False,False,False,EXACT_DERIVED
ternary_sample,1805,9,16,16,16,16,0,False,False,False,EXACT_DERIVED
ternary_sample,1806,9,15,16,16,16,0,False,False,False,EXACT_DERIVED
ternary_sample,1807,9,16,16,16,16,0,False,False,False,EXACT_DERIVED
ternary_sample,1808,9,16,16,16,16,0,False,False,False,EXACT_DERIVED
ternary_sample,1809,9,16,16,16,16,0,False,False,False,EXACT_DERIVED
ternary_sample,1810,9,16,16,16,16,0,False,False,False,EXACT_DERIVED
ternary_sample,1811,9,15,16,16,16,0,False,False,False,EXACT_DERIVED
ternary_sample,1812,9,16,16,16,16,0,False,False,False,EXACT_DERIVED
ternary_sample,1813,9,16,16,16,16,0,False,False,False,EXACT_DERIVED
ternary_sample,1814,9,15,16,16,16,0,False,False,False,EXACT_DERIVED
ternary_sample,1815,9,16,16,16,16,0,False,False,False,EXACT_DERIVED
ternary_sample,1816,9,16,16,16,16,0,False,False,False,EXACT_DERIVED
ternary_sample,1817,9,15,16,16,16,0,False,False,False,EXACT_DERIVED
ternary_sample,1818,9,14,16,16,16,0,False,False,False,EXACT_DERIVED
ternary_sample,1819,9,16,16,16,16,0,False,False,False,EXACT_DERIVED
ternary_sample,1820,9,15,16,16,16,0,False,False,False,EXACT_DERIVED
ternary_sample,1821,9,16,16,16,16,0,False,False,False,EXACT_DERIVED
ternary_sample,1822,9,15,16,16,16,0,False,False,False,EXACT_DERIVED
ternary_sample,1823,9,15,16,16,16,0,False,False,False,EXACT_DERIVED
ternary_sample,1824,9,16,16,16,16,0,False,False,False,EXACT_DERIVED
ternary_sample,1825,9,15,16,16,16,0,False,False,False,EXACT_DERIVED
ternary_sample,1826,9,16,16,16,16,0,False,False,False,EXACT_DERIVED
ternary_sample,1827,9,16,16,16,16,0,False,False,False,EXACT_DERIVED
ternary_sample,1828,9,16,16,16,16,0,False,False,False,EXACT_DERIVED
ternary_sample,1829,9,16,16,16,16,0,False,False,False,EXACT_DERIVED
ternary_sample,1830,9,16,16,16,16,0,False,False,False,EXACT_DERIVED
ternary_sample,1831,9,16,16,16,16,0,False,False,False,EXACT_DERIVED
ternary_sample,1832,9,16,16,16,16,0,False,False,False,EXACT_DERIVED
ternary_sample,1833,9,16,16,16,16,0,False,False,False,EXACT_DERIVED
ternary_sample,1834,9,16,16,16,16,0,False,False,False,EXACT_DERIVED
ternary_sample,1835,9,16,16,16,16,0,False,False,False,EXACT_DERIVED
ternary_sample,1836,9,16,16,16,16,0,False,False,False,EXACT_DERIVED
ternary_sample,1837,9,15,16,16,16,0,False,False,False,EXACT_DERIVED
ternary_sample,1838,9,15,16,16,16,0,False,False,False,EXACT_DERIVED
ternary_sample,1839,9,16,16,16,16,0,False,False,False,EXACT_DERIVED
ternary_sample,1840,9,16,16,16,16,0,False,False,False,EXACT_DERIVED
ternary_sample,1841,9,16,16,16,16,0,False,False,False,EXACT_DERIVED
ternary_sample,1842,9,16,16,16,16,0,False,False,False,EXACT_DERIVED
ternary_sample,1843,9,16,16,16,16,0,False,False,False,EXACT_DERIVED
ternary_sample,1844,9,16,16,16,16,0,False,False,False,EXACT_DERIVED
ternary_sample,1845,9,16,16,16,16,0,False,False,False,EXACT_DERIVED
ternary_sample,1846,9,16,16,16,16,0,False,False,False,EXACT_DERIVED
ternary_sample,1847,9,16,16,16,16,0,False,False,False,EXACT_DERIVED
ternary_sample,1848,9,16,16,16,16,0,False,False,False,EXACT_DERIVED
ternary_sample,1849,9,15,16,16,16,0,False,False,False,EXACT_DERIVED
ternary_sample,1850,9,16,16,16,16,0,False,False,False,EXACT_DERIVED
ternary_sample,1851,9,16,16,16,16,0,False,False,False,EXACT_DERIVED
ternary_sample,1852,9,16,16,16,16,0,False,False,False,EXACT_DERIVED
ternary_sample,1853,9,16,16,16,16,0,False,False,False,EXACT_DERIVED
ternary_sample,1854,9,15,16,16,16,0,False,False,False,EXACT_DERIVED
ternary_sample,1855,9,15,16,16,16,0,False,False,False,EXACT_DERIVED
ternary_sample,1856,9,16,16,16,16,0,False,False,False,EXACT_DERIVED
ternary_sample,1857,9,16,16,16,16,0,False,False,False,EXACT_DERIVED
ternary_sample,1858,9,16,16,16,16,0,False,False,False,EXACT_DERIVED
ternary_sample,1859,8,16,16,16,16,0,False,False,False,EXACT_DERIVED
ternary_sample,1860,9,16,16,16,16,0,False,False,False,EXACT_DERIVED
ternary_sample,1861,9,16,16,16,16,0,False,False,False,EXACT_DERIVED
ternary_sample,1862,9,16,16,16,16,0,False,False,False,EXACT_DERIVED
ternary_sample,1863,9,16,16,16,16,0,False,False,False,EXACT_DERIVED
ternary_sample,1864,9,16,16,16,16,0,False,False,False,EXACT_DERIVED
ternary_sample,1865,9,16,16,16,16,0,False,False,False,EXACT_DERIVED
ternary_sample,1866,9,16,16,16,16,0,False,False,False,EXACT_DERIVED
ternary_sample,1867,9,16,16,16,16,0,False,False,False,EXACT_DERIVED
ternary_sample,1868,9,16,16,16,16,0,False,False,False,EXACT_DERIVED
ternary_sample,1869,9,15,16,16,16,0,False,False,False,EXACT_DERIVED
ternary_sample,1870,9,16,16,16,16,0,False,False,False,EXACT_DERIVED
ternary_sample,1871,9,15,16,16,16,0,False,False,False,EXACT_DERIVED
ternary_sample,1872,9,16,16,16,16,0,False,False,False,EXACT_DERIVED
ternary_sample,1873,9,16,16,16,16,0,False,False,False,EXACT_DERIVED
ternary_sample,1874,9,16,16,16,16,0,False,False,False,EXACT_DERIVED
ternary_sample,1875,9,16,16,16,16,0,False,False,False,EXACT_DERIVED
ternary_sample,1876,9,16,16,16,16,0,False,False,False,EXACT_DERIVED
ternary_sample,1877,9,16,16,16,16,0,False,False,False,EXACT_DERIVED
ternary_sample,1878,9,16,16,16,16,0,False,False,False,EXACT_DERIVED
ternary_sample,1879,9,16,16,16,16,0,False,False,False,EXACT_DERIVED
ternary_sample,1880,9,16,16,16,16,0,False,False,False,EXACT_DERIVED
ternary_sample,1881,9,16,16,16,16,0,False,False,False,EXACT_DERIVED
ternary_sample,1882,9,16,16,16,16,0,False,False,False,EXACT_DERIVED
ternary_sample,1883,9,16,16,16,16,0,False,False,False,EXACT_DERIVED
ternary_sample,1884,9,16,16,16,16,0,False,False,False,EXACT_DERIVED
ternary_sample,1885,9,16,16,16,16,0,False,False,False,EXACT_DERIVED
ternary_sample,1886,9,16,16,16,16,0,False,False,False,EXACT_DERIVED
ternary_sample,1887,9,16,16,16,16,0,False,False,False,EXACT_DERIVED
ternary_sample,1888,9,16,16,16,16,0,False,False,False,EXACT_DERIVED
ternary_sample,1889,9,16,16,16,16,0,False,False,False,EXACT_DERIVED
ternary_sample,1890,9,16,16,16,16,0,False,False,False,EXACT_DERIVED
ternary_sample,1891,9,16,16,16,16,0,False,False,False,EXACT_DERIVED
ternary_sample,1892,9,16,16,16,16,0,False,False,False,EXACT_DERIVED
ternary_sample,1893,9,16,16,16,16,0,False,False,False,EXACT_DERIVED
ternary_sample,1894,9,16,16,16,16,0,False,False,False,EXACT_DERIVED
ternary_sample,1895,9,16,16,16,16,0,False,False,False,EXACT_DERIVED
ternary_sample,1896,9,16,16,16,16,0,False,False,False,EXACT_DERIVED
ternary_sample,1897,9,16,16,16,16,0,False,False,False,EXACT_DERIVED
ternary_sample,1898,9,16,16,16,16,0,False,False,False,EXACT_DERIVED
ternary_sample,1899,9,16,16,16,16,0,False,False,False,EXACT_DERIVED
ternary_sample,1900,9,16,16,16,16,0,False,False,False,EXACT_DERIVED
ternary_sample,1901,9,16,16,16,16,0,False,False,False,EXACT_DERIVED
ternary_sample,1902,9,16,16,16,16,0,False,False,False,EXACT_DERIVED
ternary_sample,1903,9,14,16,16,16,0,False,False,False,EXACT_DERIVED
ternary_sample,1904,9,16,16,16,16,0,False,False,False,EXACT_DERIVED
ternary_sample,1905,9,16,16,16,16,0,False,False,False,EXACT_DERIVED
ternary_sample,1906,9,16,16,16,16,0,False,False,False,EXACT_DERIVED
ternary_sample,1907,9,16,16,16,16,0,False,False,False,EXACT_DERIVED
ternary_sample,1908,9,16,16,16,16,0,False,False,False,EXACT_DERIVED
ternary_sample,1909,9,16,16,16,16,0,False,False,False,EXACT_DERIVED
ternary_sample,1910,9,16,16,16,16,0,False,False,False,EXACT_DERIVED
ternary_sample,1911,9,15,16,16,16,0,False,False,False,EXACT_DERIVED
ternary_sample,1912,9,16,16,16,16,0,False,False,False,EXACT_DERIVED
ternary_sample,1913,9,16,16,16,16,0,False,False,False,EXACT_DERIVED
ternary_sample,1914,9,15,16,16,16,0,False,False,False,EXACT_DERIVED
ternary_sample,1915,9,15,16,16,16,0,False,False,False,EXACT_DERIVED
ternary_sample,1916,9,15,16,16,16,0,False,False,False,EXACT_DERIVED
ternary_sample,1917,9,16,16,16,16,0,False,False,False,EXACT_DERIVED
ternary_sample,1918,9,15,16,16,16,0,False,False,False,EXACT_DERIVED
ternary_sample,1919,9,16,16,16,16,0,False,False,False,EXACT_DERIVED
ternary_sample,1920,9,16,16,16,16,0,False,False,False,EXACT_DERIVED
ternary_sample,1921,9,16,16,16,16,0,False,False,False,EXACT_DERIVED
ternary_sample,1922,9,16,16,16,16,0,False,False,False,EXACT_DERIVED
ternary_sample,1923,9,16,16,16,16,0,False,False,False,EXACT_DERIVED
ternary_sample,1924,9,16,16,16,16,0,False,False,False,EXACT_DERIVED
ternary_sample,1925,9,16,16,16,16,0,False,False,False,EXACT_DERIVED
ternary_sample,1926,9,16,16,16,16,0,False,False,False,EXACT_DERIVED
ternary_sample,1927,9,16,16,16,16,0,False,False,False,EXACT_DERIVED
ternary_sample,1928,9,16,16,16,16,0,False,False,False,EXACT_DERIVED
ternary_sample,1929,9,15,16,16,16,0,False,False,False,EXACT_DERIVED
ternary_sample,1930,9,16,16,16,16,0,False,False,False,EXACT_DERIVED
ternary_sample,1931,9,16,16,16,16,0,False,False,False,EXACT_DERIVED
ternary_sample,1932,9,16,16,16,16,0,False,False,False,EXACT_DERIVED
ternary_sample,1933,9,16,16,16,16,0,False,False,False,EXACT_DERIVED
ternary_sample,1934,9,16,16,16,16,0,False,False,False,EXACT_DERIVED
ternary_sample,1935,9,16,16,16,16,0,False,False,False,EXACT_DERIVED
ternary_sample,1936,9,16,16,16,16,0,False,False,False,EXACT_DERIVED
ternary_sample,1937,9,16,16,16,16,0,False,False,False,EXACT_DERIVED
ternary_sample,1938,9,16,16,16,16,0,False,False,False,EXACT_DERIVED
ternary_sample,1939,9,16,16,16,16,0,False,False,False,EXACT_DERIVED
ternary_sample,1940,9,15,16,16,16,0,False,False,False,EXACT_DERIVED
ternary_sample,1941,9,15,16,16,16,0,False,False,False,EXACT_DERIVED
ternary_sample,1942,9,16,16,16,16,0,False,False,False,EXACT_DERIVED
ternary_sample,1943,9,16,16,16,16,0,False,False,False,EXACT_DERIVED
ternary_sample,1944,9,16,16,16,16,0,False,False,False,EXACT_DERIVED
ternary_sample,1945,9,16,16,16,16,0,False,False,False,EXACT_DERIVED
ternary_sample,1946,9,16,16,16,16,0,False,False,False,EXACT_DERIVED
ternary_sample,1947,9,15,16,16,16,0,False,False,False,EXACT_DERIVED
ternary_sample,1948,9,16,16,16,16,0,False,False,False,EXACT_DERIVED
ternary_sample,1949,9,16,16,16,16,0,False,False,False,EXACT_DERIVED
ternary_sample,1950,9,16,16,16,16,0,False,False,False,EXACT_DERIVED
ternary_sample,1951,9,15,16,16,16,0,False,False,False,EXACT_DERIVED
ternary_sample,1952,9,16,16,16,16,0,False,False,False,EXACT_DERIVED
ternary_sample,1953,9,16,16,16,16,0,False,False,False,EXACT_DERIVED
ternary_sample,1954,9,16,16,16,16,0,False,False,False,EXACT_DERIVED
ternary_sample,1955,9,16,16,16,16,0,False,False,False,EXACT_DERIVED
ternary_sample,1956,9,16,16,16,16,0,False,False,False,EXACT_DERIVED
ternary_sample,1957,9,15,16,16,16,0,False,False,False,EXACT_DERIVED
ternary_sample,1958,9,15,16,16,16,0,False,False,False,EXACT_DERIVED
ternary_sample,1959,9,16,16,16,16,0,False,False,False,EXACT_DERIVED
ternary_sample,1960,9,16,16,16,16,0,False,False,False,EXACT_DERIVED
ternary_sample,1961,9,16,16,16,16,0,False,False,False,EXACT_DERIVED
ternary_sample,1962,9,16,16,16,16,0,False,False,False,EXACT_DERIVED
ternary_sample,1963,9,16,16,16,16,0,False,False,False,EXACT_DERIVED
ternary_sample,1964,9,15,16,16,16,0,False,False,False,EXACT_DERIVED
ternary_sample,1965,9,16,16,16,16,0,False,False,False,EXACT_DERIVED
ternary_sample,1966,9,16,16,16,16,0,False,False,False,EXACT_DERIVED
ternary_sample,1967,9,16,16,16,16,0,False,False,False,EXACT_DERIVED
ternary_sample,1968,9,15,16,16,16,0,False,False,False,EXACT_DERIVED
ternary_sample,1969,9,16,16,16,16,0,False,False,False,EXACT_DERIVED
ternary_sample,1970,9,16,16,16,16,0,False,False,False,EXACT_DERIVED
ternary_sample,1971,9,16,16,16,16,0,False,False,False,EXACT_DERIVED
ternary_sample,1972,9,16,16,16,16,0,False,False,False,EXACT_DERIVED
ternary_sample,1973,9,16,16,16,16,0,False,False,False,EXACT_DERIVED
ternary_sample,1974,9,16,16,16,16,0,False,False,False,EXACT_DERIVED
ternary_sample,1975,9,16,16,16,16,0,False,False,False,EXACT_DERIVED
ternary_sample,1976,9,16,16,16,16,0,False,False,False,EXACT_DERIVED
ternary_sample,1977,9,16,16,16,16,0,False,False,False,EXACT_DERIVED
ternary_sample,1978,9,16,16,16,16,0,False,False,False,EXACT_DERIVED
ternary_sample,1979,9,16,16,16,16,0,False,False,False,EXACT_DERIVED
ternary_sample,1980,9,16,16,16,16,0,False,False,False,EXACT_DERIVED
ternary_sample,1981,9,16,16,16,16,0,False,False,False,EXACT_DERIVED
ternary_sample,1982,9,16,16,16,16,0,False,False,False,EXACT_DERIVED
ternary_sample,1983,9,16,16,16,16,0,False,False,False,EXACT_DERIVED
ternary_sample,1984,9,16,16,16,16,0,False,False,False,EXACT_DERIVED
ternary_sample,1985,9,15,16,16,16,0,False,False,False,EXACT_DERIVED
ternary_sample,1986,9,16,16,16,16,0,False,False,False,EXACT_DERIVED
ternary_sample,1987,9,15,16,16,16,0,False,False,False,EXACT_DERIVED
ternary_sample,1988,9,16,16,16,16,0,False,False,False,EXACT_DERIVED
ternary_sample,1989,9,16,16,16,16,0,False,False,False,EXACT_DERIVED
ternary_sample,1990,9,16,16,16,16,0,False,False,False,EXACT_DERIVED
ternary_sample,1991,9,16,16,16,16,0,False,False,False,EXACT_DERIVED
ternary_sample,1992,9,16,16,16,16,0,False,False,False,EXACT_DERIVED
ternary_sample,1993,8,16,16,16,16,0,False,False,False,EXACT_DERIVED
ternary_sample,1994,9,15,16,16,16,0,False,False,False,EXACT_DERIVED
ternary_sample,1995,9,16,16,16,16,0,False,False,False,EXACT_DERIVED
ternary_sample,1996,9,16,16,16,16,0,False,False,False,EXACT_DERIVED
ternary_sample,1997,9,16,16,16,16,0,False,False,False,EXACT_DERIVED
ternary_sample,1998,9,16,16,16,16,0,False,False,False,EXACT_DERIVED
ternary_sample,1999,9,14,15,16,16,0,False,False,False,EXACT_DERIVED
ternary_sample,2000,9,16,16,16,16,0,False,False,False,EXACT_DERIVED
ternary_sample,2001,9,16,16,16,16,0,False,False,False,EXACT_DERIVED
ternary_sample,2002,9,16,16,16,16,0,False,False,False,EXACT_DERIVED
ternary_sample,2003,9,16,16,16,16,0,False,False,False,EXACT_DERIVED
ternary_sample,2004,9,15,16,16,16,0,False,False,False,EXACT_DERIVED
ternary_sample,2005,9,16,16,16,16,0,False,False,False,EXACT_DERIVED
ternary_sample,2006,9,16,16,16,16,0,False,False,False,EXACT_DERIVED
ternary_sample,2007,9,16,16,16,16,0,False,False,False,EXACT_DERIVED
ternary_sample,2008,9,15,16,16,16,0,False,False,False,EXACT_DERIVED
ternary_sample,2009,9,16,16,16,16,0,False,False,False,EXACT_DERIVED
ternary_sample,2010,9,16,16,16,16,0,False,False,False,EXACT_DERIVED
ternary_sample,2011,9,16,16,16,16,0,False,False,False,EXACT_DERIVED
ternary_sample,2012,9,15,16,16,16,0,False,False,False,EXACT_DERIVED
ternary_sample,2013,9,16,16,16,16,0,False,False,False,EXACT_DERIVED
ternary_sample,2014,9,16,16,16,16,0,False,False,False,EXACT_DERIVED
ternary_sample,2015,9,16,16,16,16,0,False,False,False,EXACT_DERIVED
ternary_sample,2016,9,15,16,16,16,0,False,False,False,EXACT_DERIVED
ternary_sample,2017,9,16,16,16,16,0,False,False,False,EXACT_DERIVED
ternary_sample,2018,9,15,16,16,16,0,False,False,False,EXACT_DERIVED
ternary_sample,2019,9,15,16,16,16,0,False,False,False,EXACT_DERIVED
ternary_sample,2020,9,16,16,16,16,0,False,False,False,EXACT_DERIVED
ternary_sample,2021,9,15,16,16,16,0,False,False,False,EXACT_DERIVED
ternary_sample,2022,9,16,16,16,16,0,False,False,False,EXACT_DERIVED
ternary_sample,2023,9,16,16,16,16,0,False,False,False,EXACT_DERIVED
ternary_sample,2024,9,16,16,16,16,0,False,False,False,EXACT_DERIVED
ternary_sample,2025,9,16,16,16,16,0,False,False,False,EXACT_DERIVED
ternary_sample,2026,9,16,16,16,16,0,False,False,False,EXACT_DERIVED
ternary_sample,2027,9,16,16,16,16,0,False,False,False,EXACT_DERIVED
ternary_sample,2028,9,16,16,16,16,0,False,False,False,EXACT_DERIVED
ternary_sample,2029,9,16,16,16,16,0,False,False,False,EXACT_DERIVED
ternary_sample,2030,9,16,16,16,16,0,False,False,False,EXACT_DERIVED
ternary_sample,2031,9,16,16,16,16,0,False,False,False,EXACT_DERIVED
ternary_sample,2032,9,16,16,16,16,0,False,False,False,EXACT_DERIVED
ternary_sample,2033,9,14,16,16,16,0,False,False,False,EXACT_DERIVED
ternary_sample,2034,9,16,16,16,16,0,False,False,False,EXACT_DERIVED
ternary_sample,2035,9,16,16,16,16,0,False,False,False,EXACT_DERIVED
ternary_sample,2036,9,16,16,16,16,0,False,False,False,EXACT_DERIVED
ternary_sample,2037,9,16,16,16,16,0,False,False,False,EXACT_DERIVED
ternary_sample,2038,9,16,16,16,16,0,False,False,False,EXACT_DERIVED
ternary_sample,2039,9,15,16,16,16,0,False,False,False,EXACT_DERIVED
ternary_sample,2040,9,16,16,16,16,0,False,False,False,EXACT_DERIVED
ternary_sample,2041,9,15,16,16,16,0,False,False,False,EXACT_DERIVED
ternary_sample,2042,9,16,16,16,16,0,False,False,False,EXACT_DERIVED
ternary_sample,2043,9,16,16,16,16,0,False,False,False,EXACT_DERIVED
ternary_sample,2044,9,16,16,16,16,0,False,False,False,EXACT_DERIVED
ternary_sample,2045,9,16,16,16,16,0,False,False,False,EXACT_DERIVED
ternary_sample,2046,9,16,16,16,16,0,False,False,False,EXACT_DERIVED
ternary_sample,2047,9,16,16,16,16,0,False,False,False,EXACT_DERIVED
ternary_sample,2048,9,16,16,16,16,0,False,False,False,EXACT_DERIVED
ternary_sample,2049,9,16,16,16,16,0,False,False,False,EXACT_DERIVED
ternary_sample,2050,9,16,16,16,16,0,False,False,False,EXACT_DERIVED
ternary_sample,2051,9,16,16,16,16,0,False,False,False,EXACT_DERIVED
ternary_sample,2052,9,16,16,16,16,0,False,False,False,EXACT_DERIVED
ternary_sample,2053,9,16,16,16,16,0,False,False,False,EXACT_DERIVED
ternary_sample,2054,9,16,16,16,16,0,False,False,False,EXACT_DERIVED
ternary_sample,2055,9,16,16,16,16,0,False,False,False,EXACT_DERIVED
ternary_sample,2056,9,16,16,16,16,0,False,False,False,EXACT_DERIVED
ternary_sample,2057,9,16,16,16,16,0,False,False,False,EXACT_DERIVED
ternary_sample,2058,9,16,16,16,16,0,False,False,False,EXACT_DERIVED
ternary_sample,2059,9,16,16,16,16,0,False,False,False,EXACT_DERIVED
ternary_sample,2060,9,16,16,16,16,0,False,False,False,EXACT_DERIVED
ternary_sample,2061,9,16,16,16,16,0,False,False,False,EXACT_DERIVED
ternary_sample,2062,9,16,16,16,16,0,False,False,False,EXACT_DERIVED
ternary_sample,2063,9,16,16,16,16,0,False,False,False,EXACT_DERIVED
ternary_sample,2064,9,16,16,16,16,0,False,False,False,EXACT_DERIVED
ternary_sample,2065,9,16,16,16,16,0,False,False,False,EXACT_DERIVED
ternary_sample,2066,9,16,16,16,16,0,False,False,False,EXACT_DERIVED
ternary_sample,2067,9,16,16,16,16,0,False,False,False,EXACT_DERIVED
ternary_sample,2068,9,16,16,16,16,0,False,False,False,EXACT_DERIVED
ternary_sample,2069,9,16,16,16,16,0,False,False,False,EXACT_DERIVED
ternary_sample,2070,9,15,16,16,16,0,False,False,False,EXACT_DERIVED
ternary_sample,2071,9,15,16,16,16,0,False,False,False,EXACT_DERIVED
ternary_sample,2072,9,16,16,16,16,0,False,False,False,EXACT_DERIVED
ternary_sample,2073,9,16,16,16,16,0,False,False,False,EXACT_DERIVED
ternary_sample,2074,9,15,16,16,16,0,False,False,False,EXACT_DERIVED
ternary_sample,2075,9,16,16,16,16,0,False,False,False,EXACT_DERIVED
ternary_sample,2076,9,16,16,16,16,0,False,False,False,EXACT_DERIVED
ternary_sample,2077,9,16,16,16,16,0,False,False,False,EXACT_DERIVED
ternary_sample,2078,9,16,16,16,16,0,False,False,False,EXACT_DERIVED
ternary_sample,2079,9,16,16,16,16,0,False,False,False,EXACT_DERIVED
ternary_sample,2080,9,16,16,16,16,0,False,False,False,EXACT_DERIVED
ternary_sample,2081,9,15,16,16,16,0,False,False,False,EXACT_DERIVED
ternary_sample,2082,9,15,16,16,16,0,False,False,False,EXACT_DERIVED
ternary_sample,2083,9,16,16,16,16,0,False,False,False,EXACT_DERIVED
ternary_sample,2084,9,16,16,16,16,0,False,False,False,EXACT_DERIVED
ternary_sample,2085,9,16,16,16,16,0,False,False,False,EXACT_DERIVED
ternary_sample,2086,9,16,16,16,16,0,False,False,False,EXACT_DERIVED
ternary_sample,2087,9,16,16,16,16,0,False,False,False,EXACT_DERIVED
ternary_sample,2088,9,16,16,16,16,0,False,False,False,EXACT_DERIVED
ternary_sample,2089,9,16,16,16,16,0,False,False,False,EXACT_DERIVED
ternary_sample,2090,9,16,16,16,16,0,False,False,False,EXACT_DERIVED
ternary_sample,2091,9,16,16,16,16,0,False,False,False,EXACT_DERIVED
ternary_sample,2092,9,16,16,16,16,0,False,False,False,EXACT_DERIVED
ternary_sample,2093,9,16,16,16,16,0,False,False,False,EXACT_DERIVED
ternary_sample,2094,9,16,16,16,16,0,False,False,False,EXACT_DERIVED
ternary_sample,2095,9,16,16,16,16,0,False,False,False,EXACT_DERIVED
ternary_sample,2096,9,16,16,16,16,0,False,False,False,EXACT_DERIVED
ternary_sample,2097,9,16,16,16,16,0,False,False,False,EXACT_DERIVED
ternary_sample,2098,9,15,16,16,16,0,False,False,False,EXACT_DERIVED
ternary_sample,2099,9,16,16,16,16,0,False,False,False,EXACT_DERIVED
ternary_sample,2100,9,16,16,16,16,0,False,False,False,EXACT_DERIVED
ternary_sample,2101,9,16,16,16,16,0,False,False,False,EXACT_DERIVED
ternary_sample,2102,9,16,16,16,16,0,False,False,False,EXACT_DERIVED
ternary_sample,2103,9,16,16,16,16,0,False,False,False,EXACT_DERIVED
ternary_sample,2104,9,16,16,16,16,0,False,False,False,EXACT_DERIVED
ternary_sample,2105,9,16,16,16,16,0,False,False,False,EXACT_DERIVED
ternary_sample,2106,9,16,16,16,16,0,False,False,False,EXACT_DERIVED
ternary_sample,2107,9,16,16,16,16,0,False,False,False,EXACT_DERIVED
ternary_sample,2108,9,15,16,16,16,0,False,False,False,EXACT_DERIVED
ternary_sample,2109,9,16,16,16,16,0,False,False,False,EXACT_DERIVED
ternary_sample,2110,9,16,16,16,16,0,False,False,False,EXACT_DERIVED
ternary_sample,2111,9,16,16,16,16,0,False,False,False,EXACT_DERIVED
ternary_sample,2112,9,16,16,16,16,0,False,False,False,EXACT_DERIVED
ternary_sample,2113,9,16,16,16,16,0,False,False,False,EXACT_DERIVED
ternary_sample,2114,9,15,16,16,16,0,False,False,False,EXACT_DERIVED
ternary_sample,2115,9,16,16,16,16,0,False,False,False,EXACT_DERIVED
ternary_sample,2116,9,16,16,16,16,0,False,False,False,EXACT_DERIVED
ternary_sample,2117,9,16,16,16,16,0,False,False,False,EXACT_DERIVED
ternary_sample,2118,9,16,16,16,16,0,False,False,False,EXACT_DERIVED
ternary_sample,2119,9,16,16,16,16,0,False,False,False,EXACT_DERIVED
ternary_sample,2120,9,16,16,16,16,0,False,False,False,EXACT_DERIVED
ternary_sample,2121,9,16,16,16,16,0,False,False,False,EXACT_DERIVED
ternary_sample,2122,9,16,16,16,16,0,False,False,False,EXACT_DERIVED
ternary_sample,2123,9,16,16,16,16,0,False,False,False,EXACT_DERIVED
ternary_sample,2124,9,16,16,16,16,0,False,False,False,EXACT_DERIVED
ternary_sample,2125,9,14,16,16,16,0,False,False,False,EXACT_DERIVED
ternary_sample,2126,9,15,16,16,16,0,False,False,False,EXACT_DERIVED
ternary_sample,2127,9,16,16,16,16,0,False,False,False,EXACT_DERIVED
ternary_sample,2128,9,16,16,16,16,0,False,False,False,EXACT_DERIVED
ternary_sample,2129,9,16,16,16,16,0,False,False,False,EXACT_DERIVED
ternary_sample,2130,9,15,16,16,16,0,False,False,False,EXACT_DERIVED
ternary_sample,2131,9,16,16,16,16,0,False,False,False,EXACT_DERIVED
ternary_sample,2132,9,16,16,16,16,0,False,False,False,EXACT_DERIVED
ternary_sample,2133,9,16,16,16,16,0,False,False,False,EXACT_DERIVED
ternary_sample,2134,9,16,16,16,16,0,False,False,False,EXACT_DERIVED
ternary_sample,2135,9,15,16,16,16,0,False,False,False,EXACT_DERIVED
ternary_sample,2136,9,16,16,16,16,0,False,False,False,EXACT_DERIVED
ternary_sample,2137,9,16,16,16,16,0,False,False,False,EXACT_DERIVED
ternary_sample,2138,9,16,16,16,16,0,False,False,False,EXACT_DERIVED
ternary_sample,2139,9,16,16,16,16,0,False,False,False,EXACT_DERIVED
ternary_sample,2140,9,16,16,16,16,0,False,False,False,EXACT_DERIVED
ternary_sample,2141,9,16,16,16,16,0,False,False,False,EXACT_DERIVED
ternary_sample,2142,9,16,16,16,16,0,False,False,False,EXACT_DERIVED
ternary_sample,2143,9,16,16,16,16,0,False,False,False,EXACT_DERIVED
ternary_sample,2144,9,16,16,16,16,0,False,False,False,EXACT_DERIVED
ternary_sample,2145,9,16,16,16,16,0,False,False,False,EXACT_DERIVED
ternary_sample,2146,9,16,16,16,16,0,False,False,False,EXACT_DERIVED
ternary_sample,2147,9,16,16,16,16,0,False,False,False,EXACT_DERIVED
ternary_sample,2148,9,16,16,16,16,0,False,False,False,EXACT_DERIVED
ternary_sample,2149,9,16,16,16,16,0,False,False,False,EXACT_DERIVED
ternary_sample,2150,9,16,16,16,16,0,False,False,False,EXACT_DERIVED
ternary_sample,2151,9,15,16,16,16,0,False,False,False,EXACT_DERIVED
ternary_sample,2152,9,16,16,16,16,0,False,False,False,EXACT_DERIVED
ternary_sample,2153,9,16,16,16,16,0,False,False,False,EXACT_DERIVED
ternary_sample,2154,9,16,16,16,16,0,False,False,False,EXACT_DERIVED
ternary_sample,2155,9,16,16,16,16,0,False,False,False,EXACT_DERIVED
ternary_sample,2156,9,16,16,16,16,0,False,False,False,EXACT_DERIVED
ternary_sample,2157,9,16,16,16,16,0,False,False,False,EXACT_DERIVED
ternary_sample,2158,9,16,16,16,16,0,False,False,False,EXACT_DERIVED
ternary_sample,2159,9,16,16,16,16,0,False,False,False,EXACT_DERIVED
ternary_sample,2160,9,15,16,16,16,0,False,False,False,EXACT_DERIVED
ternary_sample,2161,9,15,16,16,16,0,False,False,False,EXACT_DERIVED
ternary_sample,2162,9,16,16,16,16,0,False,False,False,EXACT_DERIVED
ternary_sample,2163,9,16,16,16,16,0,False,False,False,EXACT_DERIVED
ternary_sample,2164,9,16,16,16,16,0,False,False,False,EXACT_DERIVED
ternary_sample,2165,9,16,16,16,16,0,False,False,False,EXACT_DERIVED
ternary_sample,2166,9,16,16,16,16,0,False,False,False,EXACT_DERIVED
ternary_sample,2167,9,16,16,16,16,0,False,False,False,EXACT_DERIVED
ternary_sample,2168,9,16,16,16,16,0,False,False,False,EXACT_DERIVED
ternary_sample,2169,9,16,16,16,16,0,False,False,False,EXACT_DERIVED
ternary_sample,2170,9,16,16,16,16,0,False,False,False,EXACT_DERIVED
ternary_sample,2171,9,16,16,16,16,0,False,False,False,EXACT_DERIVED
ternary_sample,2172,9,15,16,16,16,0,False,False,False,EXACT_DERIVED
ternary_sample,2173,9,14,16,16,16,0,False,False,False,EXACT_DERIVED
ternary_sample,2174,9,14,16,16,16,0,False,False,False,EXACT_DERIVED
ternary_sample,2175,9,16,16,16,16,0,False,False,False,EXACT_DERIVED
ternary_sample,2176,9,15,16,16,16,0,False,False,False,EXACT_DERIVED
ternary_sample,2177,9,16,16,16,16,0,False,False,False,EXACT_DERIVED
ternary_sample,2178,9,16,16,16,16,0,False,False,False,EXACT_DERIVED
ternary_sample,2179,9,16,16,16,16,0,False,False,False,EXACT_DERIVED
ternary_sample,2180,9,16,16,16,16,0,False,False,False,EXACT_DERIVED
ternary_sample,2181,9,16,16,16,16,0,False,False,False,EXACT_DERIVED
ternary_sample,2182,9,16,16,16,16,0,False,False,False,EXACT_DERIVED
ternary_sample,2183,9,16,16,16,16,0,False,False,False,EXACT_DERIVED
ternary_sample,2184,9,16,16,16,16,0,False,False,False,EXACT_DERIVED
ternary_sample,2185,9,16,16,16,16,0,False,False,False,EXACT_DERIVED
ternary_sample,2186,9,16,16,16,16,0,False,False,False,EXACT_DERIVED
ternary_sample,2187,9,16,16,16,16,0,False,False,False,EXACT_DERIVED
ternary_sample,2188,9,16,16,16,16,0,False,False,False,EXACT_DERIVED
ternary_sample,2189,9,16,16,16,16,0,False,False,False,EXACT_DERIVED
ternary_sample,2190,9,15,16,16,16,0,False,False,False,EXACT_DERIVED
ternary_sample,2191,9,16,16,16,16,0,False,False,False,EXACT_DERIVED
ternary_sample,2192,9,16,16,16,16,0,False,False,False,EXACT_DERIVED
ternary_sample,2193,9,16,16,16,16,0,False,False,False,EXACT_DERIVED
ternary_sample,2194,9,16,16,16,16,0,False,False,False,EXACT_DERIVED
ternary_sample,2195,9,16,16,16,16,0,False,False,False,EXACT_DERIVED
ternary_sample,2196,9,16,16,16,16,0,False,False,False,EXACT_DERIVED
ternary_sample,2197,9,15,16,16,16,0,False,False,False,EXACT_DERIVED
ternary_sample,2198,9,15,16,16,16,0,False,False,False,EXACT_DERIVED
ternary_sample,2199,9,16,16,16,16,0,False,False,False,EXACT_DERIVED
ternary_sample,2200,9,16,16,16,16,0,False,False,False,EXACT_DERIVED
ternary_sample,2201,9,16,16,16,16,0,False,False,False,EXACT_DERIVED
ternary_sample,2202,9,16,16,16,16,0,False,False,False,EXACT_DERIVED
ternary_sample,2203,9,16,16,16,16,0,False,False,False,EXACT_DERIVED
ternary_sample,2204,9,16,16,16,16,0,False,False,False,EXACT_DERIVED
ternary_sample,2205,9,15,16,16,16,0,False,False,False,EXACT_DERIVED
ternary_sample,2206,9,15,16,16,16,0,False,False,False,EXACT_DERIVED
ternary_sample,2207,9,16,16,16,16,0,False,False,False,EXACT_DERIVED
ternary_sample,2208,9,16,16,16,16,0,False,False,False,EXACT_DERIVED
ternary_sample,2209,9,16,16,16,16,0,False,False,False,EXACT_DERIVED
ternary_sample,2210,9,16,16,16,16,0,False,False,False,EXACT_DERIVED
ternary_sample,2211,9,15,16,16,16,0,False,False,False,EXACT_DERIVED
ternary_sample,2212,9,16,16,16,16,0,False,False,False,EXACT_DERIVED
ternary_sample,2213,9,15,16,16,16,0,False,False,False,EXACT_DERIVED
ternary_sample,2214,9,16,16,16,16,0,False,False,False,EXACT_DERIVED
ternary_sample,2215,9,16,16,16,16,0,False,False,False,EXACT_DERIVED
ternary_sample,2216,9,16,16,16,16,0,False,False,False,EXACT_DERIVED
ternary_sample,2217,9,16,16,16,16,0,False,False,False,EXACT_DERIVED
ternary_sample,2218,9,15,16,16,16,0,False,False,False,EXACT_DERIVED
ternary_sample,2219,9,16,16,16,16,0,False,False,False,EXACT_DERIVED
ternary_sample,2220,9,13,16,16,16,0,False,False,False,EXACT_DERIVED
ternary_sample,2221,9,15,16,16,16,0,False,False,False,EXACT_DERIVED
ternary_sample,2222,9,16,16,16,16,0,False,False,False,EXACT_DERIVED
ternary_sample,2223,9,16,16,16,16,0,False,False,False,EXACT_DERIVED
ternary_sample,2224,9,16,16,16,16,0,False,False,False,EXACT_DERIVED
ternary_sample,2225,9,15,16,16,16,0,False,False,False,EXACT_DERIVED
ternary_sample,2226,9,16,16,16,16,0,False,False,False,EXACT_DERIVED
ternary_sample,2227,9,16,16,16,16,0,False,False,False,EXACT_DERIVED
ternary_sample,2228,9,16,16,16,16,0,False,False,False,EXACT_DERIVED
ternary_sample,2229,9,16,16,16,16,0,False,False,False,EXACT_DERIVED
ternary_sample,2230,9,16,16,16,16,0,False,False,False,EXACT_DERIVED
ternary_sample,2231,9,16,16,16,16,0,False,False,False,EXACT_DERIVED
ternary_sample,2232,9,16,16,16,16,0,False,False,False,EXACT_DERIVED
ternary_sample,2233,9,15,16,16,16,0,False,False,False,EXACT_DERIVED
ternary_sample,2234,9,16,16,16,16,0,False,False,False,EXACT_DERIVED
ternary_sample,2235,9,16,16,16,16,0,False,False,False,EXACT_DERIVED
ternary_sample,2236,9,16,16,16,16,0,False,False,False,EXACT_DERIVED
ternary_sample,2237,9,16,16,16,16,0,False,False,False,EXACT_DERIVED
ternary_sample,2238,9,15,16,16,16,0,False,False,False,EXACT_DERIVED
ternary_sample,2239,9,16,16,16,16,0,False,False,False,EXACT_DERIVED
ternary_sample,2240,9,16,16,16,16,0,False,False,False,EXACT_DERIVED
ternary_sample,2241,9,16,16,16,16,0,False,False,False,EXACT_DERIVED
ternary_sample,2242,9,16,16,16,16,0,False,False,False,EXACT_DERIVED
ternary_sample,2243,9,16,16,16,16,0,False,False,False,EXACT_DERIVED
ternary_sample,2244,9,16,16,16,16,0,False,False,False,EXACT_DERIVED
ternary_sample,2245,9,16,16,16,16,0,False,False,False,EXACT_DERIVED
ternary_sample,2246,9,16,16,16,16,0,False,False,False,EXACT_DERIVED
ternary_sample,2247,9,15,16,16,16,0,False,False,False,EXACT_DERIVED
ternary_sample,2248,9,16,16,16,16,0,False,False,False,EXACT_DERIVED
ternary_sample,2249,9,15,16,16,16,0,False,False,False,EXACT_DERIVED
ternary_sample,2250,9,16,16,16,16,0,False,False,False,EXACT_DERIVED
ternary_sample,2251,9,16,16,16,16,0,False,False,False,EXACT_DERIVED
ternary_sample,2252,9,16,16,16,16,0,False,False,False,EXACT_DERIVED
ternary_sample,2253,9,16,16,16,16,0,False,False,False,EXACT_DERIVED
ternary_sample,2254,9,16,16,16,16,0,False,False,False,EXACT_DERIVED
ternary_sample,2255,9,16,16,16,16,0,False,False,False,EXACT_DERIVED
ternary_sample,2256,9,16,16,16,16,0,False,False,False,EXACT_DERIVED
ternary_sample,2257,9,15,16,16,16,0,False,False,False,EXACT_DERIVED
ternary_sample,2258,9,16,16,16,16,0,False,False,False,EXACT_DERIVED
ternary_sample,2259,9,15,16,16,16,0,False,False,False,EXACT_DERIVED
ternary_sample,2260,9,16,16,16,16,0,False,False,False,EXACT_DERIVED
ternary_sample,2261,9,15,16,16,16,0,False,False,False,EXACT_DERIVED
ternary_sample,2262,9,16,16,16,16,0,False,False,False,EXACT_DERIVED
ternary_sample,2263,9,16,16,16,16,0,False,False,False,EXACT_DERIVED
ternary_sample,2264,9,16,16,16,16,0,False,False,False,EXACT_DERIVED
ternary_sample,2265,9,16,16,16,16,0,False,False,False,EXACT_DERIVED
ternary_sample,2266,9,16,16,16,16,0,False,False,False,EXACT_DERIVED
ternary_sample,2267,9,15,16,16,16,0,False,False,False,EXACT_DERIVED
ternary_sample,2268,9,16,16,16,16,0,False,False,False,EXACT_DERIVED
ternary_sample,2269,9,16,16,16,16,0,False,False,False,EXACT_DERIVED
ternary_sample,2270,9,14,15,16,16,0,False,False,False,EXACT_DERIVED
ternary_sample,2271,9,16,16,16,16,0,False,False,False,EXACT_DERIVED
ternary_sample,2272,9,16,16,16,16,0,False,False,False,EXACT_DERIVED
ternary_sample,2273,9,16,16,16,16,0,False,False,False,EXACT_DERIVED
ternary_sample,2274,9,16,16,16,16,0,False,False,False,EXACT_DERIVED
ternary_sample,2275,9,16,16,16,16,0,False,False,False,EXACT_DERIVED
ternary_sample,2276,9,16,16,16,16,0,False,False,False,EXACT_DERIVED
ternary_sample,2277,9,16,16,16,16,0,False,False,False,EXACT_DERIVED
ternary_sample,2278,9,16,16,16,16,0,False,False,False,EXACT_DERIVED
ternary_sample,2279,9,16,16,16,16,0,False,False,False,EXACT_DERIVED
ternary_sample,2280,9,16,16,16,16,0,False,False,False,EXACT_DERIVED
ternary_sample,2281,9,15,16,16,16,0,False,False,False,EXACT_DERIVED
ternary_sample,2282,9,16,16,16,16,0,False,False,False,EXACT_DERIVED
ternary_sample,2283,9,15,16,16,16,0,False,False,False,EXACT_DERIVED
ternary_sample,2284,9,16,16,16,16,0,False,False,False,EXACT_DERIVED
ternary_sample,2285,9,16,16,16,16,0,False,False,False,EXACT_DERIVED
ternary_sample,2286,9,16,16,16,16,0,False,False,False,EXACT_DERIVED
ternary_sample,2287,9,15,16,16,16,0,False,False,False,EXACT_DERIVED
ternary_sample,2288,9,16,16,16,16,0,False,False,False,EXACT_DERIVED
ternary_sample,2289,9,14,16,16,16,0,False,False,False,EXACT_DERIVED
ternary_sample,2290,9,16,16,16,16,0,False,False,False,EXACT_DERIVED
ternary_sample,2291,9,15,16,16,16,0,False,False,False,EXACT_DERIVED
ternary_sample,2292,9,16,16,16,16,0,False,False,False,EXACT_DERIVED
ternary_sample,2293,9,16,16,16,16,0,False,False,False,EXACT_DERIVED
ternary_sample,2294,9,16,16,16,16,0,False,False,False,EXACT_DERIVED
ternary_sample,2295,9,16,16,16,16,0,False,False,False,EXACT_DERIVED
ternary_sample,2296,9,16,16,16,16,0,False,False,False,EXACT_DERIVED
ternary_sample,2297,9,16,16,16,16,0,False,False,False,EXACT_DERIVED
ternary_sample,2298,9,14,16,16,16,0,False,False,False,EXACT_DERIVED
ternary_sample,2299,9,16,16,16,16,0,False,False,False,EXACT_DERIVED
ternary_sample,2300,9,15,16,16,16,0,False,False,False,EXACT_DERIVED
ternary_sample,2301,9,16,16,16,16,0,False,False,False,EXACT_DERIVED
ternary_sample,2302,9,16,16,16,16,0,False,False,False,EXACT_DERIVED
ternary_sample,2303,9,16,16,16,16,0,False,False,False,EXACT_DERIVED
ternary_sample,2304,9,16,16,16,16,0,False,False,False,EXACT_DERIVED
ternary_sample,2305,9,16,16,16,16,0,False,False,False,EXACT_DERIVED
ternary_sample,2306,9,15,16,16,16,0,False,False,False,EXACT_DERIVED
ternary_sample,2307,9,16,16,16,16,0,False,False,False,EXACT_DERIVED
ternary_sample,2308,9,16,16,16,16,0,False,False,False,EXACT_DERIVED
ternary_sample,2309,9,16,16,16,16,0,False,False,False,EXACT_DERIVED
ternary_sample,2310,9,16,16,16,16,0,False,False,False,EXACT_DERIVED
ternary_sample,2311,9,16,16,16,16,0,False,False,False,EXACT_DERIVED
ternary_sample,2312,9,16,16,16,16,0,False,False,False,EXACT_DERIVED
ternary_sample,2313,9,16,16,16,16,0,False,False,False,EXACT_DERIVED
ternary_sample,2314,9,16,16,16,16,0,False,False,False,EXACT_DERIVED
ternary_sample,2315,9,16,16,16,16,0,False,False,False,EXACT_DERIVED
ternary_sample,2316,9,16,16,16,16,0,False,False,False,EXACT_DERIVED
ternary_sample,2317,9,16,16,16,16,0,False,False,False,EXACT_DERIVED
ternary_sample,2318,9,16,16,16,16,0,False,False,False,EXACT_DERIVED
ternary_sample,2319,9,16,16,16,16,0,False,False,False,EXACT_DERIVED
ternary_sample,2320,9,16,16,16,16,0,False,False,False,EXACT_DERIVED
ternary_sample,2321,9,16,16,16,16,0,False,False,False,EXACT_DERIVED
ternary_sample,2322,9,16,16,16,16,0,False,False,False,EXACT_DERIVED
ternary_sample,2323,9,16,16,16,16,0,False,False,False,EXACT_DERIVED
ternary_sample,2324,9,16,16,16,16,0,False,False,False,EXACT_DERIVED
ternary_sample,2325,9,16,16,16,16,0,False,False,False,EXACT_DERIVED
ternary_sample,2326,9,16,16,16,16,0,False,False,False,EXACT_DERIVED
ternary_sample,2327,9,16,16,16,16,0,False,False,False,EXACT_DERIVED
ternary_sample,2328,9,16,16,16,16,0,False,False,False,EXACT_DERIVED
ternary_sample,2329,9,16,16,16,16,0,False,False,False,EXACT_DERIVED
ternary_sample,2330,9,16,16,16,16,0,False,False,False,EXACT_DERIVED
ternary_sample,2331,9,16,16,16,16,0,False,False,False,EXACT_DERIVED
ternary_sample,2332,9,16,16,16,16,0,False,False,False,EXACT_DERIVED
ternary_sample,2333,9,16,16,16,16,0,False,False,False,EXACT_DERIVED
ternary_sample,2334,9,14,16,16,16,0,False,False,False,EXACT_DERIVED
ternary_sample,2335,9,16,16,16,16,0,False,False,False,EXACT_DERIVED
ternary_sample,2336,9,16,16,16,16,0,False,False,False,EXACT_DERIVED
ternary_sample,2337,9,16,16,16,16,0,False,False,False,EXACT_DERIVED
ternary_sample,2338,9,16,16,16,16,0,False,False,False,EXACT_DERIVED
ternary_sample,2339,9,15,16,16,16,0,False,False,False,EXACT_DERIVED
ternary_sample,2340,9,15,16,16,16,0,False,False,False,EXACT_DERIVED
ternary_sample,2341,9,16,16,16,16,0,False,False,False,EXACT_DERIVED
ternary_sample,2342,9,16,16,16,16,0,False,False,False,EXACT_DERIVED
ternary_sample,2343,9,16,16,16,16,0,False,False,False,EXACT_DERIVED
ternary_sample,2344,9,16,16,16,16,0,False,False,False,EXACT_DERIVED
ternary_sample,2345,9,16,16,16,16,0,False,False,False,EXACT_DERIVED
ternary_sample,2346,9,16,16,16,16,0,False,False,False,EXACT_DERIVED
ternary_sample,2347,9,16,16,16,16,0,False,False,False,EXACT_DERIVED
ternary_sample,2348,9,16,16,16,16,0,False,False,False,EXACT_DERIVED
ternary_sample,2349,9,16,16,16,16,0,False,False,False,EXACT_DERIVED
ternary_sample,2350,9,15,16,16,16,0,False,False,False,EXACT_DERIVED
ternary_sample,2351,9,14,16,16,16,0,False,False,False,EXACT_DERIVED
ternary_sample,2352,9,16,16,16,16,0,False,False,False,EXACT_DERIVED
ternary_sample,2353,9,15,16,16,16,0,False,False,False,EXACT_DERIVED
ternary_sample,2354,9,15,16,16,16,0,False,False,False,EXACT_DERIVED
ternary_sample,2355,9,16,16,16,16,0,False,False,False,EXACT_DERIVED
ternary_sample,2356,9,16,16,16,16,0,False,False,False,EXACT_DERIVED
ternary_sample,2357,9,16,16,16,16,0,False,False,False,EXACT_DERIVED
ternary_sample,2358,9,16,16,16,16,0,False,False,False,EXACT_DERIVED
ternary_sample,2359,9,16,16,16,16,0,False,False,False,EXACT_DERIVED
ternary_sample,2360,9,16,16,16,16,0,False,False,False,EXACT_DERIVED
ternary_sample,2361,9,16,16,16,16,0,False,False,False,EXACT_DERIVED
ternary_sample,2362,9,14,16,16,16,0,False,False,False,EXACT_DERIVED
ternary_sample,2363,9,16,16,16,16,0,False,False,False,EXACT_DERIVED
ternary_sample,2364,9,16,16,16,16,0,False,False,False,EXACT_DERIVED
ternary_sample,2365,9,15,16,16,16,0,False,False,False,EXACT_DERIVED
ternary_sample,2366,9,16,16,16,16,0,False,False,False,EXACT_DERIVED
ternary_sample,2367,9,16,16,16,16,0,False,False,False,EXACT_DERIVED
ternary_sample,2368,9,15,16,16,16,0,False,False,False,EXACT_DERIVED
ternary_sample,2369,9,16,16,16,16,0,False,False,False,EXACT_DERIVED
ternary_sample,2370,9,16,16,16,16,0,False,False,False,EXACT_DERIVED
ternary_sample,2371,9,15,16,16,16,0,False,False,False,EXACT_DERIVED
ternary_sample,2372,9,16,16,16,16,0,False,False,False,EXACT_DERIVED
ternary_sample,2373,9,16,16,16,16,0,False,False,False,EXACT_DERIVED
ternary_sample,2374,9,14,16,16,16,0,False,False,False,EXACT_DERIVED
ternary_sample,2375,9,16,16,16,16,0,False,False,False,EXACT_DERIVED
ternary_sample,2376,9,16,16,16,16,0,False,False,False,EXACT_DERIVED
ternary_sample,2377,9,16,16,16,16,0,False,False,False,EXACT_DERIVED
ternary_sample,2378,9,16,16,16,16,0,False,False,False,EXACT_DERIVED
ternary_sample,2379,9,16,16,16,16,0,False,False,False,EXACT_DERIVED
ternary_sample,2380,9,16,16,16,16,0,False,False,False,EXACT_DERIVED
ternary_sample,2381,9,16,16,16,16,0,False,False,False,EXACT_DERIVED
ternary_sample,2382,9,16,16,16,16,0,False,False,False,EXACT_DERIVED
ternary_sample,2383,9,16,16,16,16,0,False,False,False,EXACT_DERIVED
ternary_sample,2384,9,16,16,16,16,0,False,False,False,EXACT_DERIVED
ternary_sample,2385,9,16,16,16,16,0,False,False,False,EXACT_DERIVED
ternary_sample,2386,9,16,16,16,16,0,False,False,False,EXACT_DERIVED
ternary_sample,2387,9,16,16,16,16,0,False,False,False,EXACT_DERIVED
ternary_sample,2388,9,16,16,16,16,0,False,False,False,EXACT_DERIVED
ternary_sample,2389,9,16,16,16,16,0,False,False,False,EXACT_DERIVED
ternary_sample,2390,9,16,16,16,16,0,False,False,False,EXACT_DERIVED
ternary_sample,2391,9,16,16,16,16,0,False,False,False,EXACT_DERIVED
ternary_sample,2392,9,16,16,16,16,0,False,False,False,EXACT_DERIVED
ternary_sample,2393,9,16,16,16,16,0,False,False,False,EXACT_DERIVED
ternary_sample,2394,9,16,16,16,16,0,False,False,False,EXACT_DERIVED
ternary_sample,2395,9,16,16,16,16,0,False,False,False,EXACT_DERIVED
ternary_sample,2396,9,16,16,16,16,0,False,False,False,EXACT_DERIVED
ternary_sample,2397,9,16,16,16,16,0,False,False,False,EXACT_DERIVED
ternary_sample,2398,9,16,16,16,16,0,False,False,False,EXACT_DERIVED
ternary_sample,2399,9,16,16,16,16,0,False,False,False,EXACT_DERIVED
ternary_sample,2400,9,16,16,16,16,0,False,False,False,EXACT_DERIVED
ternary_sample,2401,9,16,16,16,16,0,False,False,False,EXACT_DERIVED
ternary_sample,2402,9,16,16,16,16,0,False,False,False,EXACT_DERIVED
ternary_sample,2403,9,16,16,16,16,0,False,False,False,EXACT_DERIVED
ternary_sample,2404,9,16,16,16,16,0,False,False,False,EXACT_DERIVED
ternary_sample,2405,9,16,16,16,16,0,False,False,False,EXACT_DERIVED
ternary_sample,2406,9,16,16,16,16,0,False,False,False,EXACT_DERIVED
ternary_sample,2407,9,16,16,16,16,0,False,False,False,EXACT_DERIVED
ternary_sample,2408,9,16,16,16,16,0,False,False,False,EXACT_DERIVED
ternary_sample,2409,9,16,16,16,16,0,False,False,False,EXACT_DERIVED
ternary_sample,2410,9,16,16,16,16,0,False,False,False,EXACT_DERIVED
ternary_sample,2411,9,16,16,16,16,0,False,False,False,EXACT_DERIVED
ternary_sample,2412,9,16,16,16,16,0,False,False,False,EXACT_DERIVED
ternary_sample,2413,9,16,16,16,16,0,False,False,False,EXACT_DERIVED
ternary_sample,2414,9,16,16,16,16,0,False,False,False,EXACT_DERIVED
ternary_sample,2415,9,16,16,16,16,0,False,False,False,EXACT_DERIVED
ternary_sample,2416,9,16,16,16,16,0,False,False,False,EXACT_DERIVED
ternary_sample,2417,9,16,16,16,16,0,False,False,False,EXACT_DERIVED
ternary_sample,2418,9,16,16,16,16,0,False,False,False,EXACT_DERIVED
ternary_sample,2419,9,16,16,16,16,0,False,False,False,EXACT_DERIVED
ternary_sample,2420,9,16,16,16,16,0,False,False,False,EXACT_DERIVED
ternary_sample,2421,9,16,16,16,16,0,False,False,False,EXACT_DERIVED
ternary_sample,2422,9,16,16,16,16,0,False,False,False,EXACT_DERIVED
ternary_sample,2423,9,16,16,16,16,0,False,False,False,EXACT_DERIVED
ternary_sample,2424,9,16,16,16,16,0,False,False,False,EXACT_DERIVED
ternary_sample,2425,9,16,16,16,16,0,False,False,False,EXACT_DERIVED
ternary_sample,2426,9,16,16,16,16,0,False,False,False,EXACT_DERIVED
ternary_sample,2427,9,16,16,16,16,0,False,False,False,EXACT_DERIVED
ternary_sample,2428,9,16,16,16,16,0,False,False,False,EXACT_DERIVED
ternary_sample,2429,9,15,16,16,16,0,False,False,False,EXACT_DERIVED
ternary_sample,2430,9,16,16,16,16,0,False,False,False,EXACT_DERIVED
ternary_sample,2431,9,16,16,16,16,0,False,False,False,EXACT_DERIVED
ternary_sample,2432,9,16,16,16,16,0,False,False,False,EXACT_DERIVED
ternary_sample,2433,9,13,16,16,16,0,False,False,False,EXACT_DERIVED
ternary_sample,2434,9,16,16,16,16,0,False,False,False,EXACT_DERIVED
ternary_sample,2435,9,15,16,16,16,0,False,False,False,EXACT_DERIVED
ternary_sample,2436,9,16,16,16,16,0,False,False,False,EXACT_DERIVED
ternary_sample,2437,9,16,16,16,16,0,False,False,False,EXACT_DERIVED
ternary_sample,2438,9,16,16,16,16,0,False,False,False,EXACT_DERIVED
ternary_sample,2439,9,16,16,16,16,0,False,False,False,EXACT_DERIVED
ternary_sample,2440,9,13,16,16,16,0,False,False,False,EXACT_DERIVED
ternary_sample,2441,9,16,16,16,16,0,False,False,False,EXACT_DERIVED
ternary_sample,2442,9,16,16,16,16,0,False,False,False,EXACT_DERIVED
ternary_sample,2443,9,16,16,16,16,0,False,False,False,EXACT_DERIVED
ternary_sample,2444,9,16,16,16,16,0,False,False,False,EXACT_DERIVED
ternary_sample,2445,9,16,16,16,16,0,False,False,False,EXACT_DERIVED
ternary_sample,2446,9,16,16,16,16,0,False,False,False,EXACT_DERIVED
ternary_sample,2447,9,16,16,16,16,0,False,False,False,EXACT_DERIVED
ternary_sample,2448,9,15,16,16,16,0,False,False,False,EXACT_DERIVED
ternary_sample,2449,9,16,16,16,16,0,False,False,False,EXACT_DERIVED
ternary_sample,2450,9,15,16,16,16,0,False,False,False,EXACT_DERIVED
ternary_sample,2451,9,16,16,16,16,0,False,False,False,EXACT_DERIVED
ternary_sample,2452,9,16,16,16,16,0,False,False,False,EXACT_DERIVED
ternary_sample,2453,9,16,16,16,16,0,False,False,False,EXACT_DERIVED
ternary_sample,2454,9,16,16,16,16,0,False,False,False,EXACT_DERIVED
ternary_sample,2455,9,16,16,16,16,0,False,False,False,EXACT_DERIVED
ternary_sample,2456,9,16,16,16,16,0,False,False,False,EXACT_DERIVED
ternary_sample,2457,9,15,16,16,16,0,False,False,False,EXACT_DERIVED
ternary_sample,2458,9,16,16,16,16,0,False,False,False,EXACT_DERIVED
ternary_sample,2459,9,16,16,16,16,0,False,False,False,EXACT_DERIVED
ternary_sample,2460,9,16,16,16,16,0,False,False,False,EXACT_DERIVED
ternary_sample,2461,9,15,16,16,16,0,False,False,False,EXACT_DERIVED
ternary_sample,2462,9,15,16,16,16,0,False,False,False,EXACT_DERIVED
ternary_sample,2463,9,16,16,16,16,0,False,False,False,EXACT_DERIVED
ternary_sample,2464,9,16,16,16,16,0,False,False,False,EXACT_DERIVED
ternary_sample,2465,9,15,16,16,16,0,False,False,False,EXACT_DERIVED
ternary_sample,2466,9,16,16,16,16,0,False,False,False,EXACT_DERIVED
ternary_sample,2467,9,16,16,16,16,0,False,False,False,EXACT_DERIVED
ternary_sample,2468,9,16,16,16,16,0,False,False,False,EXACT_DERIVED
ternary_sample,2469,9,15,16,16,16,0,False,False,False,EXACT_DERIVED
ternary_sample,2470,9,15,16,16,16,0,False,False,False,EXACT_DERIVED
ternary_sample,2471,9,15,16,16,16,0,False,False,False,EXACT_DERIVED
ternary_sample,2472,9,16,16,16,16,0,False,False,False,EXACT_DERIVED
ternary_sample,2473,9,16,16,16,16,0,False,False,False,EXACT_DERIVED
ternary_sample,2474,9,16,16,16,16,0,False,False,False,EXACT_DERIVED
ternary_sample,2475,9,16,16,16,16,0,False,False,False,EXACT_DERIVED
ternary_sample,2476,9,16,16,16,16,0,False,False,False,EXACT_DERIVED
ternary_sample,2477,9,14,16,16,16,0,False,False,False,EXACT_DERIVED
ternary_sample,2478,9,16,16,16,16,0,False,False,False,EXACT_DERIVED
ternary_sample,2479,9,16,16,16,16,0,False,False,False,EXACT_DERIVED
ternary_sample,2480,9,15,16,16,16,0,False,False,False,EXACT_DERIVED
ternary_sample,2481,9,16,16,16,16,0,False,False,False,EXACT_DERIVED
ternary_sample,2482,9,16,16,16,16,0,False,False,False,EXACT_DERIVED
ternary_sample,2483,9,16,16,16,16,0,False,False,False,EXACT_DERIVED
ternary_sample,2484,9,16,16,16,16,0,False,False,False,EXACT_DERIVED
ternary_sample,2485,9,14,16,16,16,0,False,False,False,EXACT_DERIVED
ternary_sample,2486,9,16,16,16,16,0,False,False,False,EXACT_DERIVED
ternary_sample,2487,9,16,16,16,16,0,False,False,False,EXACT_DERIVED
ternary_sample,2488,9,16,16,16,16,0,False,False,False,EXACT_DERIVED
ternary_sample,2489,9,16,16,16,16,0,False,False,False,EXACT_DERIVED
ternary_sample,2490,9,16,16,16,16,0,False,False,False,EXACT_DERIVED
ternary_sample,2491,9,16,16,16,16,0,False,False,False,EXACT_DERIVED
ternary_sample,2492,9,16,16,16,16,0,False,False,False,EXACT_DERIVED
ternary_sample,2493,9,16,16,16,16,0,False,False,False,EXACT_DERIVED
ternary_sample,2494,9,16,16,16,16,0,False,False,False,EXACT_DERIVED
ternary_sample,2495,9,16,16,16,16,0,False,False,False,EXACT_DERIVED
ternary_sample,2496,9,16,16,16,16,0,False,False,False,EXACT_DERIVED
ternary_sample,2497,9,16,16,16,16,0,False,False,False,EXACT_DERIVED
ternary_sample,2498,9,15,16,16,16,0,False,False,False,EXACT_DERIVED
ternary_sample,2499,9,16,16,16,16,0,False,False,False,EXACT_DERIVED
ternary_sample,2500,9,16,16,16,16,0,False,False,False,EXACT_DERIVED
ternary_sample,2501,9,16,16,16,16,0,False,False,False,EXACT_DERIVED
ternary_sample,2502,9,16,16,16,16,0,False,False,False,EXACT_DERIVED
ternary_sample,2503,9,16,16,16,16,0,False,False,False,EXACT_DERIVED
ternary_sample,2504,9,16,16,16,16,0,False,False,False,EXACT_DERIVED
ternary_sample,2505,9,16,16,16,16,0,False,False,False,EXACT_DERIVED
ternary_sample,2506,9,16,16,16,16,0,False,False,False,EXACT_DERIVED
ternary_sample,2507,9,16,16,16,16,0,False,False,False,EXACT_DERIVED
ternary_sample,2508,9,16,16,16,16,0,False,False,False,EXACT_DERIVED
ternary_sample,2509,9,16,16,16,16,0,False,False,False,EXACT_DERIVED
ternary_sample,2510,9,16,16,16,16,0,False,False,False,EXACT_DERIVED
ternary_sample,2511,9,16,16,16,16,0,False,False,False,EXACT_DERIVED
ternary_sample,2512,9,16,16,16,16,0,False,False,False,EXACT_DERIVED
ternary_sample,2513,9,16,16,16,16,0,False,False,False,EXACT_DERIVED
ternary_sample,2514,9,16,16,16,16,0,False,False,False,EXACT_DERIVED
ternary_sample,2515,9,16,16,16,16,0,False,False,False,EXACT_DERIVED
ternary_sample,2516,9,16,16,16,16,0,False,False,False,EXACT_DERIVED
ternary_sample,2517,9,16,16,16,16,0,False,False,False,EXACT_DERIVED
ternary_sample,2518,9,16,16,16,16,0,False,False,False,EXACT_DERIVED
ternary_sample,2519,9,16,16,16,16,0,False,False,False,EXACT_DERIVED
ternary_sample,2520,9,16,16,16,16,0,False,False,False,EXACT_DERIVED
ternary_sample,2521,9,16,16,16,16,0,False,False,False,EXACT_DERIVED
ternary_sample,2522,9,16,16,16,16,0,False,False,False,EXACT_DERIVED
ternary_sample,2523,9,16,16,16,16,0,False,False,False,EXACT_DERIVED
ternary_sample,2524,9,16,16,16,16,0,False,False,False,EXACT_DERIVED
ternary_sample,2525,9,16,16,16,16,0,False,False,False,EXACT_DERIVED
ternary_sample,2526,9,16,16,16,16,0,False,False,False,EXACT_DERIVED
ternary_sample,2527,9,16,16,16,16,0,False,False,False,EXACT_DERIVED
ternary_sample,2528,9,16,16,16,16,0,False,False,False,EXACT_DERIVED
ternary_sample,2529,9,16,16,16,16,0,False,False,False,EXACT_DERIVED
ternary_sample,2530,9,16,16,16,16,0,False,False,False,EXACT_DERIVED
ternary_sample,2531,9,16,16,16,16,0,False,False,False,EXACT_DERIVED
ternary_sample,2532,9,16,16,16,16,0,False,False,False,EXACT_DERIVED
ternary_sample,2533,9,16,16,16,16,0,False,False,False,EXACT_DERIVED
ternary_sample,2534,9,15,16,16,16,0,False,False,False,EXACT_DERIVED
ternary_sample,2535,9,16,16,16,16,0,False,False,False,EXACT_DERIVED
ternary_sample,2536,9,16,16,16,16,0,False,False,False,EXACT_DERIVED
ternary_sample,2537,9,16,16,16,16,0,False,False,False,EXACT_DERIVED
ternary_sample,2538,9,16,16,16,16,0,False,False,False,EXACT_DERIVED
ternary_sample,2539,9,16,16,16,16,0,False,False,False,EXACT_DERIVED
ternary_sample,2540,9,16,16,16,16,0,False,False,False,EXACT_DERIVED
ternary_sample,2541,9,16,16,16,16,0,False,False,False,EXACT_DERIVED
ternary_sample,2542,9,16,16,16,16,0,False,False,False,EXACT_DERIVED
ternary_sample,2543,9,16,16,16,16,0,False,False,False,EXACT_DERIVED
ternary_sample,2544,9,16,16,16,16,0,False,False,False,EXACT_DERIVED
ternary_sample,2545,9,16,16,16,16,0,False,False,False,EXACT_DERIVED
ternary_sample,2546,9,16,16,16,16,0,False,False,False,EXACT_DERIVED
ternary_sample,2547,9,16,16,16,16,0,False,False,False,EXACT_DERIVED
ternary_sample,2548,9,16,16,16,16,0,False,False,False,EXACT_DERIVED
ternary_sample,2549,9,15,16,16,16,0,False,False,False,EXACT_DERIVED
ternary_sample,2550,9,16,16,16,16,0,False,False,False,EXACT_DERIVED
ternary_sample,2551,9,16,16,16,16,0,False,False,False,EXACT_DERIVED
ternary_sample,2552,9,16,16,16,16,0,False,False,False,EXACT_DERIVED
ternary_sample,2553,9,16,16,16,16,0,False,False,False,EXACT_DERIVED
ternary_sample,2554,9,16,16,16,16,0,False,False,False,EXACT_DERIVED
ternary_sample,2555,9,16,16,16,16,0,False,False,False,EXACT_DERIVED
ternary_sample,2556,9,16,16,16,16,0,False,False,False,EXACT_DERIVED
ternary_sample,2557,9,15,16,16,16,0,False,False,False,EXACT_DERIVED
ternary_sample,2558,9,16,16,16,16,0,False,False,False,EXACT_DERIVED
ternary_sample,2559,9,15,16,16,16,0,False,False,False,EXACT_DERIVED
ternary_sample,2560,9,16,16,16,16,0,False,False,False,EXACT_DERIVED
ternary_sample,2561,9,16,16,16,16,0,False,False,False,EXACT_DERIVED
ternary_sample,2562,9,14,16,16,16,0,False,False,False,EXACT_DERIVED
ternary_sample,2563,9,16,16,16,16,0,False,False,False,EXACT_DERIVED
ternary_sample,2564,9,16,16,16,16,0,False,False,False,EXACT_DERIVED
ternary_sample,2565,9,16,16,16,16,0,False,False,False,EXACT_DERIVED
ternary_sample,2566,9,16,16,16,16,0,False,False,False,EXACT_DERIVED
ternary_sample,2567,9,16,16,16,16,0,False,False,False,EXACT_DERIVED
ternary_sample,2568,9,16,16,16,16,0,False,False,False,EXACT_DERIVED
ternary_sample,2569,9,16,16,16,16,0,False,False,False,EXACT_DERIVED
ternary_sample,2570,9,16,16,16,16,0,False,False,False,EXACT_DERIVED
ternary_sample,2571,9,16,16,16,16,0,False,False,False,EXACT_DERIVED
ternary_sample,2572,9,16,16,16,16,0,False,False,False,EXACT_DERIVED
ternary_sample,2573,9,16,16,16,16,0,False,False,False,EXACT_DERIVED
ternary_sample,2574,9,15,16,16,16,0,False,False,False,EXACT_DERIVED
ternary_sample,2575,9,16,16,16,16,0,False,False,False,EXACT_DERIVED
ternary_sample,2576,9,16,16,16,16,0,False,False,False,EXACT_DERIVED
ternary_sample,2577,9,16,16,16,16,0,False,False,False,EXACT_DERIVED
ternary_sample,2578,9,16,16,16,16,0,False,False,False,EXACT_DERIVED
ternary_sample,2579,9,16,16,16,16,0,False,False,False,EXACT_DERIVED
ternary_sample,2580,9,16,16,16,16,0,False,False,False,EXACT_DERIVED
ternary_sample,2581,9,16,16,16,16,0,False,False,False,EXACT_DERIVED
ternary_sample,2582,9,15,16,16,16,0,False,False,False,EXACT_DERIVED
ternary_sample,2583,9,16,16,16,16,0,False,False,False,EXACT_DERIVED
ternary_sample,2584,9,16,16,16,16,0,False,False,False,EXACT_DERIVED
ternary_sample,2585,9,16,16,16,16,0,False,False,False,EXACT_DERIVED
ternary_sample,2586,9,16,16,16,16,0,False,False,False,EXACT_DERIVED
ternary_sample,2587,9,15,16,16,16,0,False,False,False,EXACT_DERIVED
ternary_sample,2588,9,16,16,16,16,0,False,False,False,EXACT_DERIVED
ternary_sample,2589,9,16,16,16,16,0,False,False,False,EXACT_DERIVED
ternary_sample,2590,9,16,16,16,16,0,False,False,False,EXACT_DERIVED
ternary_sample,2591,9,16,16,16,16,0,False,False,False,EXACT_DERIVED
ternary_sample,2592,9,16,16,16,16,0,False,False,False,EXACT_DERIVED
ternary_sample,2593,9,16,16,16,16,0,False,False,False,EXACT_DERIVED
ternary_sample,2594,9,16,16,16,16,0,False,False,False,EXACT_DERIVED
ternary_sample,2595,9,16,16,16,16,0,False,False,False,EXACT_DERIVED
ternary_sample,2596,9,16,16,16,16,0,False,False,False,EXACT_DERIVED
ternary_sample,2597,9,16,16,16,16,0,False,False,False,EXACT_DERIVED
ternary_sample,2598,9,15,16,16,16,0,False,False,False,EXACT_DERIVED
ternary_sample,2599,9,16,16,16,16,0,False,False,False,EXACT_DERIVED
ternary_sample,2600,9,14,15,16,16,0,False,False,False,EXACT_DERIVED
ternary_sample,2601,9,16,16,16,16,0,False,False,False,EXACT_DERIVED
ternary_sample,2602,9,15,16,16,16,0,False,False,False,EXACT_DERIVED
ternary_sample,2603,9,16,16,16,16,0,False,False,False,EXACT_DERIVED
ternary_sample,2604,9,16,16,16,16,0,False,False,False,EXACT_DERIVED
ternary_sample,2605,9,16,16,16,16,0,False,False,False,EXACT_DERIVED
ternary_sample,2606,9,16,16,16,16,0,False,False,False,EXACT_DERIVED
ternary_sample,2607,9,16,16,16,16,0,False,False,False,EXACT_DERIVED
ternary_sample,2608,9,16,16,16,16,0,False,False,False,EXACT_DERIVED
ternary_sample,2609,9,16,16,16,16,0,False,False,False,EXACT_DERIVED
ternary_sample,2610,9,16,16,16,16,0,False,False,False,EXACT_DERIVED
ternary_sample,2611,9,16,16,16,16,0,False,False,False,EXACT_DERIVED
ternary_sample,2612,9,14,16,16,16,0,False,False,False,EXACT_DERIVED
ternary_sample,2613,9,15,16,16,16,0,False,False,False,EXACT_DERIVED
ternary_sample,2614,9,16,16,16,16,0,False,False,False,EXACT_DERIVED
ternary_sample,2615,9,16,16,16,16,0,False,False,False,EXACT_DERIVED
ternary_sample,2616,9,16,16,16,16,0,False,False,False,EXACT_DERIVED
ternary_sample,2617,9,16,16,16,16,0,False,False,False,EXACT_DERIVED
ternary_sample,2618,9,15,16,16,16,0,False,False,False,EXACT_DERIVED
ternary_sample,2619,9,16,16,16,16,0,False,False,False,EXACT_DERIVED
ternary_sample,2620,9,16,16,16,16,0,False,False,False,EXACT_DERIVED
ternary_sample,2621,9,14,16,16,16,0,False,False,False,EXACT_DERIVED
ternary_sample,2622,9,15,16,16,16,0,False,False,False,EXACT_DERIVED
ternary_sample,2623,9,16,16,16,16,0,False,False,False,EXACT_DERIVED
ternary_sample,2624,9,16,16,16,16,0,False,False,False,EXACT_DERIVED
ternary_sample,2625,9,16,16,16,16,0,False,False,False,EXACT_DERIVED
ternary_sample,2626,9,16,16,16,16,0,False,False,False,EXACT_DERIVED
ternary_sample,2627,9,16,16,16,16,0,False,False,False,EXACT_DERIVED
ternary_sample,2628,9,16,16,16,16,0,False,False,False,EXACT_DERIVED
ternary_sample,2629,9,16,16,16,16,0,False,False,False,EXACT_DERIVED
ternary_sample,2630,9,16,16,16,16,0,False,False,False,EXACT_DERIVED
ternary_sample,2631,9,16,16,16,16,0,False,False,False,EXACT_DERIVED
ternary_sample,2632,9,16,16,16,16,0,False,False,False,EXACT_DERIVED
ternary_sample,2633,9,16,16,16,16,0,False,False,False,EXACT_DERIVED
ternary_sample,2634,9,16,16,16,16,0,False,False,False,EXACT_DERIVED
ternary_sample,2635,9,16,16,16,16,0,False,False,False,EXACT_DERIVED
ternary_sample,2636,9,16,16,16,16,0,False,False,False,EXACT_DERIVED
ternary_sample,2637,9,16,16,16,16,0,False,False,False,EXACT_DERIVED
ternary_sample,2638,9,16,16,16,16,0,False,False,False,EXACT_DERIVED
ternary_sample,2639,9,16,16,16,16,0,False,False,False,EXACT_DERIVED
ternary_sample,2640,9,16,16,16,16,0,False,False,False,EXACT_DERIVED
ternary_sample,2641,9,16,16,16,16,0,False,False,False,EXACT_DERIVED
ternary_sample,2642,9,16,16,16,16,0,False,False,False,EXACT_DERIVED
ternary_sample,2643,9,15,16,16,16,0,False,False,False,EXACT_DERIVED
ternary_sample,2644,9,15,16,16,16,0,False,False,False,EXACT_DERIVED
ternary_sample,2645,9,16,16,16,16,0,False,False,False,EXACT_DERIVED
ternary_sample,2646,9,16,16,16,16,0,False,False,False,EXACT_DERIVED
ternary_sample,2647,9,16,16,16,16,0,False,False,False,EXACT_DERIVED
ternary_sample,2648,9,15,16,16,16,0,False,False,False,EXACT_DERIVED
ternary_sample,2649,9,16,16,16,16,0,False,False,False,EXACT_DERIVED
ternary_sample,2650,9,16,16,16,16,0,False,False,False,EXACT_DERIVED
ternary_sample,2651,9,16,16,16,16,0,False,False,False,EXACT_DERIVED
ternary_sample,2652,9,16,16,16,16,0,False,False,False,EXACT_DERIVED
ternary_sample,2653,9,16,16,16,16,0,False,False,False,EXACT_DERIVED
ternary_sample,2654,9,16,16,16,16,0,False,False,False,EXACT_DERIVED
ternary_sample,2655,9,16,16,16,16,0,False,False,False,EXACT_DERIVED
ternary_sample,2656,9,16,16,16,16,0,False,False,False,EXACT_DERIVED
ternary_sample,2657,9,16,16,16,16,0,False,False,False,EXACT_DERIVED
ternary_sample,2658,9,16,16,16,16,0,False,False,False,EXACT_DERIVED
ternary_sample,2659,9,16,16,16,16,0,False,False,False,EXACT_DERIVED
ternary_sample,2660,9,16,16,16,16,0,False,False,False,EXACT_DERIVED
ternary_sample,2661,9,16,16,16,16,0,False,False,False,EXACT_DERIVED
ternary_sample,2662,9,16,16,16,16,0,False,False,False,EXACT_DERIVED
ternary_sample,2663,9,16,16,16,16,0,False,False,False,EXACT_DERIVED
ternary_sample,2664,9,16,16,16,16,0,False,False,False,EXACT_DERIVED
ternary_sample,2665,9,16,16,16,16,0,False,False,False,EXACT_DERIVED
ternary_sample,2666,9,15,16,16,16,0,False,False,False,EXACT_DERIVED
ternary_sample,2667,9,16,16,16,16,0,False,False,False,EXACT_DERIVED
ternary_sample,2668,9,16,16,16,16,0,False,False,False,EXACT_DERIVED
ternary_sample,2669,9,16,16,16,16,0,False,False,False,EXACT_DERIVED
ternary_sample,2670,9,15,16,16,16,0,False,False,False,EXACT_DERIVED
ternary_sample,2671,9,16,16,16,16,0,False,False,False,EXACT_DERIVED
ternary_sample,2672,9,12,15,16,16,0,False,False,False,EXACT_DERIVED
ternary_sample,2673,9,16,16,16,16,0,False,False,False,EXACT_DERIVED
ternary_sample,2674,9,16,16,16,16,0,False,False,False,EXACT_DERIVED
ternary_sample,2675,9,16,16,16,16,0,False,False,False,EXACT_DERIVED
ternary_sample,2676,9,16,16,16,16,0,False,False,False,EXACT_DERIVED
ternary_sample,2677,9,16,16,16,16,0,False,False,False,EXACT_DERIVED
ternary_sample,2678,9,16,16,16,16,0,False,False,False,EXACT_DERIVED
ternary_sample,2679,9,16,16,16,16,0,False,False,False,EXACT_DERIVED
ternary_sample,2680,9,16,16,16,16,0,False,False,False,EXACT_DERIVED
ternary_sample,2681,9,16,16,16,16,0,False,False,False,EXACT_DERIVED
ternary_sample,2682,9,15,16,16,16,0,False,False,False,EXACT_DERIVED
ternary_sample,2683,9,16,16,16,16,0,False,False,False,EXACT_DERIVED
ternary_sample,2684,9,16,16,16,16,0,False,False,False,EXACT_DERIVED
ternary_sample,2685,9,16,16,16,16,0,False,False,False,EXACT_DERIVED
ternary_sample,2686,9,16,16,16,16,0,False,False,False,EXACT_DERIVED
ternary_sample,2687,9,16,16,16,16,0,False,False,False,EXACT_DERIVED
ternary_sample,2688,9,16,16,16,16,0,False,False,False,EXACT_DERIVED
ternary_sample,2689,9,16,16,16,16,0,False,False,False,EXACT_DERIVED
ternary_sample,2690,9,16,16,16,16,0,False,False,False,EXACT_DERIVED
ternary_sample,2691,9,16,16,16,16,0,False,False,False,EXACT_DERIVED
ternary_sample,2692,9,16,16,16,16,0,False,False,False,EXACT_DERIVED
ternary_sample,2693,9,16,16,16,16,0,False,False,False,EXACT_DERIVED
ternary_sample,2694,9,16,16,16,16,0,False,False,False,EXACT_DERIVED
ternary_sample,2695,9,15,16,16,16,0,False,False,False,EXACT_DERIVED
ternary_sample,2696,9,16,16,16,16,0,False,False,False,EXACT_DERIVED
ternary_sample,2697,9,16,16,16,16,0,False,False,False,EXACT_DERIVED
ternary_sample,2698,9,16,16,16,16,0,False,False,False,EXACT_DERIVED
ternary_sample,2699,9,16,16,16,16,0,False,False,False,EXACT_DERIVED
ternary_sample,2700,9,16,16,16,16,0,False,False,False,EXACT_DERIVED
ternary_sample,2701,9,16,16,16,16,0,False,False,False,EXACT_DERIVED
ternary_sample,2702,9,16,16,16,16,0,False,False,False,EXACT_DERIVED
ternary_sample,2703,9,16,16,16,16,0,False,False,False,EXACT_DERIVED
ternary_sample,2704,9,16,16,16,16,0,False,False,False,EXACT_DERIVED
ternary_sample,2705,9,16,16,16,16,0,False,False,False,EXACT_DERIVED
ternary_sample,2706,9,16,16,16,16,0,False,False,False,EXACT_DERIVED
ternary_sample,2707,9,14,16,16,16,0,False,False,False,EXACT_DERIVED
ternary_sample,2708,9,16,16,16,16,0,False,False,False,EXACT_DERIVED
ternary_sample,2709,9,16,16,16,16,0,False,False,False,EXACT_DERIVED
ternary_sample,2710,9,16,16,16,16,0,False,False,False,EXACT_DERIVED
ternary_sample,2711,9,16,16,16,16,0,False,False,False,EXACT_DERIVED
ternary_sample,2712,9,16,16,16,16,0,False,False,False,EXACT_DERIVED
ternary_sample,2713,9,16,16,16,16,0,False,False,False,EXACT_DERIVED
ternary_sample,2714,9,16,16,16,16,0,False,False,False,EXACT_DERIVED
ternary_sample,2715,9,16,16,16,16,0,False,False,False,EXACT_DERIVED
ternary_sample,2716,9,16,16,16,16,0,False,False,False,EXACT_DERIVED
ternary_sample,2717,9,16,16,16,16,0,False,False,False,EXACT_DERIVED
ternary_sample,2718,9,16,16,16,16,0,False,False,False,EXACT_DERIVED
ternary_sample,2719,9,15,16,16,16,0,False,False,False,EXACT_DERIVED
ternary_sample,2720,9,15,16,16,16,0,False,False,False,EXACT_DERIVED
ternary_sample,2721,9,15,16,16,16,0,False,False,False,EXACT_DERIVED
ternary_sample,2722,9,15,16,16,16,0,False,False,False,EXACT_DERIVED
ternary_sample,2723,9,16,16,16,16,0,False,False,False,EXACT_DERIVED
ternary_sample,2724,9,16,16,16,16,0,False,False,False,EXACT_DERIVED
ternary_sample,2725,9,16,16,16,16,0,False,False,False,EXACT_DERIVED
ternary_sample,2726,9,16,16,16,16,0,False,False,False,EXACT_DERIVED
ternary_sample,2727,9,15,16,16,16,0,False,False,False,EXACT_DERIVED
ternary_sample,2728,9,16,16,16,16,0,False,False,False,EXACT_DERIVED
ternary_sample,2729,9,16,16,16,16,0,False,False,False,EXACT_DERIVED
ternary_sample,2730,9,16,16,16,16,0,False,False,False,EXACT_DERIVED
ternary_sample,2731,9,16,16,16,16,0,False,False,False,EXACT_DERIVED
ternary_sample,2732,9,16,16,16,16,0,False,False,False,EXACT_DERIVED
ternary_sample,2733,9,16,16,16,16,0,False,False,False,EXACT_DERIVED
ternary_sample,2734,9,16,16,16,16,0,False,False,False,EXACT_DERIVED
ternary_sample,2735,9,16,16,16,16,0,False,False,False,EXACT_DERIVED
ternary_sample,2736,9,16,16,16,16,0,False,False,False,EXACT_DERIVED
ternary_sample,2737,9,16,16,16,16,0,False,False,False,EXACT_DERIVED
ternary_sample,2738,9,16,16,16,16,0,False,False,False,EXACT_DERIVED
ternary_sample,2739,9,16,16,16,16,0,False,False,False,EXACT_DERIVED
ternary_sample,2740,9,16,16,16,16,0,False,False,False,EXACT_DERIVED
ternary_sample,2741,9,16,16,16,16,0,False,False,False,EXACT_DERIVED
ternary_sample,2742,9,16,16,16,16,0,False,False,False,EXACT_DERIVED
ternary_sample,2743,9,16,16,16,16,0,False,False,False,EXACT_DERIVED
ternary_sample,2744,9,16,16,16,16,0,False,False,False,EXACT_DERIVED
ternary_sample,2745,9,16,16,16,16,0,False,False,False,EXACT_DERIVED
ternary_sample,2746,9,16,16,16,16,0,False,False,False,EXACT_DERIVED
ternary_sample,2747,9,16,16,16,16,0,False,False,False,EXACT_DERIVED
ternary_sample,2748,9,16,16,16,16,0,False,False,False,EXACT_DERIVED
ternary_sample,2749,9,16,16,16,16,0,False,False,False,EXACT_DERIVED
ternary_sample,2750,9,16,16,16,16,0,False,False,False,EXACT_DERIVED
ternary_sample,2751,9,16,16,16,16,0,False,False,False,EXACT_DERIVED
ternary_sample,2752,9,16,16,16,16,0,False,False,False,EXACT_DERIVED
ternary_sample,2753,9,16,16,16,16,0,False,False,False,EXACT_DERIVED
ternary_sample,2754,9,16,16,16,16,0,False,False,False,EXACT_DERIVED
ternary_sample,2755,9,16,16,16,16,0,False,False,False,EXACT_DERIVED
ternary_sample,2756,9,15,16,16,16,0,False,False,False,EXACT_DERIVED
ternary_sample,2757,9,16,16,16,16,0,False,False,False,EXACT_DERIVED
ternary_sample,2758,9,16,16,16,16,0,False,False,False,EXACT_DERIVED
ternary_sample,2759,9,16,16,16,16,0,False,False,False,EXACT_DERIVED
ternary_sample,2760,9,16,16,16,16,0,False,False,False,EXACT_DERIVED
ternary_sample,2761,9,16,16,16,16,0,False,False,False,EXACT_DERIVED
ternary_sample,2762,9,16,16,16,16,0,False,False,False,EXACT_DERIVED
ternary_sample,2763,9,16,16,16,16,0,False,False,False,EXACT_DERIVED
ternary_sample,2764,9,16,16,16,16,0,False,False,False,EXACT_DERIVED
ternary_sample,2765,9,16,16,16,16,0,False,False,False,EXACT_DERIVED
ternary_sample,2766,9,16,16,16,16,0,False,False,False,EXACT_DERIVED
ternary_sample,2767,9,16,16,16,16,0,False,False,False,EXACT_DERIVED
ternary_sample,2768,9,16,16,16,16,0,False,False,False,EXACT_DERIVED
ternary_sample,2769,9,16,16,16,16,0,False,False,False,EXACT_DERIVED
ternary_sample,2770,9,16,16,16,16,0,False,False,False,EXACT_DERIVED
ternary_sample,2771,9,16,16,16,16,0,False,False,False,EXACT_DERIVED
ternary_sample,2772,9,16,16,16,16,0,False,False,False,EXACT_DERIVED
ternary_sample,2773,9,15,16,16,16,0,False,False,False,EXACT_DERIVED
ternary_sample,2774,9,16,16,16,16,0,False,False,False,EXACT_DERIVED
ternary_sample,2775,9,16,16,16,16,0,False,False,False,EXACT_DERIVED
ternary_sample,2776,9,16,16,16,16,0,False,False,False,EXACT_DERIVED
ternary_sample,2777,9,16,16,16,16,0,False,False,False,EXACT_DERIVED
ternary_sample,2778,9,16,16,16,16,0,False,False,False,EXACT_DERIVED
ternary_sample,2779,9,16,16,16,16,0,False,False,False,EXACT_DERIVED
ternary_sample,2780,9,16,16,16,16,0,False,False,False,EXACT_DERIVED
ternary_sample,2781,9,16,16,16,16,0,False,False,False,EXACT_DERIVED
ternary_sample,2782,9,16,16,16,16,0,False,False,False,EXACT_DERIVED
ternary_sample,2783,9,16,16,16,16,0,False,False,False,EXACT_DERIVED
ternary_sample,2784,9,16,16,16,16,0,False,False,False,EXACT_DERIVED
ternary_sample,2785,9,16,16,16,16,0,False,False,False,EXACT_DERIVED
ternary_sample,2786,9,16,16,16,16,0,False,False,False,EXACT_DERIVED
ternary_sample,2787,9,16,16,16,16,0,False,False,False,EXACT_DERIVED
ternary_sample,2788,9,16,16,16,16,0,False,False,False,EXACT_DERIVED
ternary_sample,2789,9,14,16,16,16,0,False,False,False,EXACT_DERIVED
ternary_sample,2790,9,16,16,16,16,0,False,False,False,EXACT_DERIVED
ternary_sample,2791,9,16,16,16,16,0,False,False,False,EXACT_DERIVED
ternary_sample,2792,9,16,16,16,16,0,False,False,False,EXACT_DERIVED
ternary_sample,2793,9,16,16,16,16,0,False,False,False,EXACT_DERIVED
ternary_sample,2794,9,16,16,16,16,0,False,False,False,EXACT_DERIVED
ternary_sample,2795,9,16,16,16,16,0,False,False,False,EXACT_DERIVED
ternary_sample,2796,9,16,16,16,16,0,False,False,False,EXACT_DERIVED
ternary_sample,2797,9,16,16,16,16,0,False,False,False,EXACT_DERIVED
ternary_sample,2798,9,15,16,16,16,0,False,False,False,EXACT_DERIVED
ternary_sample,2799,9,16,16,16,16,0,False,False,False,EXACT_DERIVED
ternary_sample,2800,9,16,16,16,16,0,False,False,False,EXACT_DERIVED
ternary_sample,2801,9,16,16,16,16,0,False,False,False,EXACT_DERIVED
ternary_sample,2802,9,16,16,16,16,0,False,False,False,EXACT_DERIVED
ternary_sample,2803,9,16,16,16,16,0,False,False,False,EXACT_DERIVED
ternary_sample,2804,9,16,16,16,16,0,False,False,False,EXACT_DERIVED
ternary_sample,2805,9,16,16,16,16,0,False,False,False,EXACT_DERIVED
ternary_sample,2806,9,14,16,16,16,0,False,False,False,EXACT_DERIVED
ternary_sample,2807,9,16,16,16,16,0,False,False,False,EXACT_DERIVED
ternary_sample,2808,9,16,16,16,16,0,False,False,False,EXACT_DERIVED
ternary_sample,2809,9,15,16,16,16,0,False,False,False,EXACT_DERIVED
ternary_sample,2810,9,16,16,16,16,0,False,False,False,EXACT_DERIVED
ternary_sample,2811,9,15,16,16,16,0,False,False,False,EXACT_DERIVED
ternary_sample,2812,9,16,16,16,16,0,False,False,False,EXACT_DERIVED
ternary_sample,2813,9,16,16,16,16,0,False,False,False,EXACT_DERIVED
ternary_sample,2814,9,16,16,16,16,0,False,False,False,EXACT_DERIVED
ternary_sample,2815,9,15,16,16,16,0,False,False,False,EXACT_DERIVED
ternary_sample,2816,9,16,16,16,16,0,False,False,False,EXACT_DERIVED
ternary_sample,2817,9,16,16,16,16,0,False,False,False,EXACT_DERIVED
ternary_sample,2818,9,16,16,16,16,0,False,False,False,EXACT_DERIVED
ternary_sample,2819,9,16,16,16,16,0,False,False,False,EXACT_DERIVED
ternary_sample,2820,9,16,16,16,16,0,False,False,False,EXACT_DERIVED
ternary_sample,2821,9,16,16,16,16,0,False,False,False,EXACT_DERIVED
ternary_sample,2822,9,16,16,16,16,0,False,False,False,EXACT_DERIVED
ternary_sample,2823,9,16,16,16,16,0,False,False,False,EXACT_DERIVED
ternary_sample,2824,9,16,16,16,16,0,False,False,False,EXACT_DERIVED
ternary_sample,2825,9,16,16,16,16,0,False,False,False,EXACT_DERIVED
ternary_sample,2826,9,16,16,16,16,0,False,False,False,EXACT_DERIVED
ternary_sample,2827,9,16,16,16,16,0,False,False,False,EXACT_DERIVED
ternary_sample,2828,9,16,16,16,16,0,False,False,False,EXACT_DERIVED
ternary_sample,2829,9,16,16,16,16,0,False,False,False,EXACT_DERIVED
ternary_sample,2830,9,15,16,16,16,0,False,False,False,EXACT_DERIVED
ternary_sample,2831,9,16,16,16,16,0,False,False,False,EXACT_DERIVED
ternary_sample,2832,9,14,16,16,16,0,False,False,False,EXACT_DERIVED
ternary_sample,2833,9,16,16,16,16,0,False,False,False,EXACT_DERIVED
ternary_sample,2834,9,15,16,16,16,0,False,False,False,EXACT_DERIVED
ternary_sample,2835,9,16,16,16,16,0,False,False,False,EXACT_DERIVED
ternary_sample,2836,9,16,16,16,16,0,False,False,False,EXACT_DERIVED
ternary_sample,2837,9,16,16,16,16,0,False,False,False,EXACT_DERIVED
ternary_sample,2838,9,15,16,16,16,0,False,False,False,EXACT_DERIVED
ternary_sample,2839,9,16,16,16,16,0,False,False,False,EXACT_DERIVED
ternary_sample,2840,9,16,16,16,16,0,False,False,False,EXACT_DERIVED
ternary_sample,2841,9,16,16,16,16,0,False,False,False,EXACT_DERIVED
ternary_sample,2842,9,16,16,16,16,0,False,False,False,EXACT_DERIVED
ternary_sample,2843,9,16,16,16,16,0,False,False,False,EXACT_DERIVED
ternary_sample,2844,9,16,16,16,16,0,False,False,False,EXACT_DERIVED
ternary_sample,2845,9,16,16,16,16,0,False,False,False,EXACT_DERIVED
ternary_sample,2846,9,16,16,16,16,0,False,False,False,EXACT_DERIVED
ternary_sample,2847,9,15,16,16,16,0,False,False,False,EXACT_DERIVED
ternary_sample,2848,9,16,16,16,16,0,False,False,False,EXACT_DERIVED
ternary_sample,2849,9,16,16,16,16,0,False,False,False,EXACT_DERIVED
ternary_sample,2850,9,15,16,16,16,0,False,False,False,EXACT_DERIVED
ternary_sample,2851,9,16,16,16,16,0,False,False,False,EXACT_DERIVED
ternary_sample,2852,9,16,16,16,16,0,False,False,False,EXACT_DERIVED
ternary_sample,2853,9,16,16,16,16,0,False,False,False,EXACT_DERIVED
ternary_sample,2854,9,16,16,16,16,0,False,False,False,EXACT_DERIVED
ternary_sample,2855,9,16,16,16,16,0,False,False,False,EXACT_DERIVED
ternary_sample,2856,9,16,16,16,16,0,False,False,False,EXACT_DERIVED
ternary_sample,2857,9,16,16,16,16,0,False,False,False,EXACT_DERIVED
ternary_sample,2858,9,16,16,16,16,0,False,False,False,EXACT_DERIVED
ternary_sample,2859,9,14,16,16,16,0,False,False,False,EXACT_DERIVED
ternary_sample,2860,9,16,16,16,16,0,False,False,False,EXACT_DERIVED
ternary_sample,2861,9,16,16,16,16,0,False,False,False,EXACT_DERIVED
ternary_sample,2862,9,16,16,16,16,0,False,False,False,EXACT_DERIVED
ternary_sample,2863,9,16,16,16,16,0,False,False,False,EXACT_DERIVED
ternary_sample,2864,8,16,16,16,16,0,False,False,False,EXACT_DERIVED
ternary_sample,2865,9,16,16,16,16,0,False,False,False,EXACT_DERIVED
ternary_sample,2866,9,16,16,16,16,0,False,False,False,EXACT_DERIVED
ternary_sample,2867,9,16,16,16,16,0,False,False,False,EXACT_DERIVED
ternary_sample,2868,9,16,16,16,16,0,False,False,False,EXACT_DERIVED
ternary_sample,2869,9,16,16,16,16,0,False,False,False,EXACT_DERIVED
ternary_sample,2870,9,16,16,16,16,0,False,False,False,EXACT_DERIVED
ternary_sample,2871,9,16,16,16,16,0,False,False,False,EXACT_DERIVED
ternary_sample,2872,9,16,16,16,16,0,False,False,False,EXACT_DERIVED
ternary_sample,2873,9,16,16,16,16,0,False,False,False,EXACT_DERIVED
ternary_sample,2874,9,16,16,16,16,0,False,False,False,EXACT_DERIVED
ternary_sample,2875,9,15,16,16,16,0,False,False,False,EXACT_DERIVED
ternary_sample,2876,9,16,16,16,16,0,False,False,False,EXACT_DERIVED
ternary_sample,2877,9,16,16,16,16,0,False,False,False,EXACT_DERIVED
ternary_sample,2878,9,16,16,16,16,0,False,False,False,EXACT_DERIVED
ternary_sample,2879,9,16,16,16,16,0,False,False,False,EXACT_DERIVED
ternary_sample,2880,9,15,16,16,16,0,False,False,False,EXACT_DERIVED
ternary_sample,2881,9,16,16,16,16,0,False,False,False,EXACT_DERIVED
ternary_sample,2882,9,16,16,16,16,0,False,False,False,EXACT_DERIVED
ternary_sample,2883,9,15,16,16,16,0,False,False,False,EXACT_DERIVED
ternary_sample,2884,9,16,16,16,16,0,False,False,False,EXACT_DERIVED
ternary_sample,2885,9,16,16,16,16,0,False,False,False,EXACT_DERIVED
ternary_sample,2886,9,16,16,16,16,0,False,False,False,EXACT_DERIVED
ternary_sample,2887,9,16,16,16,16,0,False,False,False,EXACT_DERIVED
ternary_sample,2888,9,16,16,16,16,0,False,False,False,EXACT_DERIVED
ternary_sample,2889,9,16,16,16,16,0,False,False,False,EXACT_DERIVED
ternary_sample,2890,9,16,16,16,16,0,False,False,False,EXACT_DERIVED
ternary_sample,2891,9,16,16,16,16,0,False,False,False,EXACT_DERIVED
ternary_sample,2892,9,15,16,16,16,0,False,False,False,EXACT_DERIVED
ternary_sample,2893,9,16,16,16,16,0,False,False,False,EXACT_DERIVED
ternary_sample,2894,9,16,16,16,16,0,False,False,False,EXACT_DERIVED
ternary_sample,2895,9,16,16,16,16,0,False,False,False,EXACT_DERIVED
ternary_sample,2896,9,16,16,16,16,0,False,False,False,EXACT_DERIVED
ternary_sample,2897,9,16,16,16,16,0,False,False,False,EXACT_DERIVED
ternary_sample,2898,9,14,16,16,16,0,False,False,False,EXACT_DERIVED
ternary_sample,2899,9,16,16,16,16,0,False,False,False,EXACT_DERIVED
ternary_sample,2900,9,16,16,16,16,0,False,False,False,EXACT_DERIVED
ternary_sample,2901,9,15,16,16,16,0,False,False,False,EXACT_DERIVED
ternary_sample,2902,9,16,16,16,16,0,False,False,False,EXACT_DERIVED
ternary_sample,2903,9,16,16,16,16,0,False,False,False,EXACT_DERIVED
ternary_sample,2904,9,16,16,16,16,0,False,False,False,EXACT_DERIVED
ternary_sample,2905,9,16,16,16,16,0,False,False,False,EXACT_DERIVED
ternary_sample,2906,9,16,16,16,16,0,False,False,False,EXACT_DERIVED
ternary_sample,2907,9,16,16,16,16,0,False,False,False,EXACT_DERIVED
ternary_sample,2908,9,15,16,16,16,0,False,False,False,EXACT_DERIVED
ternary_sample,2909,9,16,16,16,16,0,False,False,False,EXACT_DERIVED
ternary_sample,2910,9,16,16,16,16,0,False,False,False,EXACT_DERIVED
ternary_sample,2911,9,16,16,16,16,0,False,False,False,EXACT_DERIVED
ternary_sample,2912,9,16,16,16,16,0,False,False,False,EXACT_DERIVED
ternary_sample,2913,9,16,16,16,16,0,False,False,False,EXACT_DERIVED
ternary_sample,2914,9,16,16,16,16,0,False,False,False,EXACT_DERIVED
ternary_sample,2915,9,16,16,16,16,0,False,False,False,EXACT_DERIVED
ternary_sample,2916,9,16,16,16,16,0,False,False,False,EXACT_DERIVED
ternary_sample,2917,9,16,16,16,16,0,False,False,False,EXACT_DERIVED
ternary_sample,2918,9,16,16,16,16,0,False,False,False,EXACT_DERIVED
ternary_sample,2919,9,16,16,16,16,0,False,False,False,EXACT_DERIVED
ternary_sample,2920,9,16,16,16,16,0,False,False,False,EXACT_DERIVED
ternary_sample,2921,9,15,16,16,16,0,False,False,False,EXACT_DERIVED
ternary_sample,2922,9,16,16,16,16,0,False,False,False,EXACT_DERIVED
ternary_sample,2923,9,16,16,16,16,0,False,False,False,EXACT_DERIVED
ternary_sample,2924,9,16,16,16,16,0,False,False,False,EXACT_DERIVED
ternary_sample,2925,9,16,16,16,16,0,False,False,False,EXACT_DERIVED
ternary_sample,2926,9,16,16,16,16,0,False,False,False,EXACT_DERIVED
ternary_sample,2927,9,16,16,16,16,0,False,False,False,EXACT_DERIVED
ternary_sample,2928,9,16,16,16,16,0,False,False,False,EXACT_DERIVED
ternary_sample,2929,9,16,16,16,16,0,False,False,False,EXACT_DERIVED
ternary_sample,2930,9,16,16,16,16,0,False,False,False,EXACT_DERIVED
ternary_sample,2931,9,16,16,16,16,0,False,False,False,EXACT_DERIVED
ternary_sample,2932,9,16,16,16,16,0,False,False,False,EXACT_DERIVED
ternary_sample,2933,8,14,16,16,16,0,False,False,False,EXACT_DERIVED
ternary_sample,2934,9,16,16,16,16,0,False,False,False,EXACT_DERIVED
ternary_sample,2935,9,16,16,16,16,0,False,False,False,EXACT_DERIVED
ternary_sample,2936,9,16,16,16,16,0,False,False,False,EXACT_DERIVED
ternary_sample,2937,9,16,16,16,16,0,False,False,False,EXACT_DERIVED
ternary_sample,2938,9,16,16,16,16,0,False,False,False,EXACT_DERIVED
ternary_sample,2939,9,14,16,16,16,0,False,False,False,EXACT_DERIVED
ternary_sample,2940,9,16,16,16,16,0,False,False,False,EXACT_DERIVED
ternary_sample,2941,9,16,16,16,16,0,False,False,False,EXACT_DERIVED
ternary_sample,2942,9,16,16,16,16,0,False,False,False,EXACT_DERIVED
ternary_sample,2943,9,15,16,16,16,0,False,False,False,EXACT_DERIVED
ternary_sample,2944,9,16,16,16,16,0,False,False,False,EXACT_DERIVED
ternary_sample,2945,9,16,16,16,16,0,False,False,False,EXACT_DERIVED
ternary_sample,2946,9,15,16,16,16,0,False,False,False,EXACT_DERIVED
ternary_sample,2947,9,16,16,16,16,0,False,False,False,EXACT_DERIVED
ternary_sample,2948,9,16,16,16,16,0,False,False,False,EXACT_DERIVED
ternary_sample,2949,9,15,16,16,16,0,False,False,False,EXACT_DERIVED
ternary_sample,2950,9,16,16,16,16,0,False,False,False,EXACT_DERIVED
ternary_sample,2951,9,16,16,16,16,0,False,False,False,EXACT_DERIVED
ternary_sample,2952,9,16,16,16,16,0,False,False,False,EXACT_DERIVED
ternary_sample,2953,9,16,16,16,16,0,False,False,False,EXACT_DERIVED
ternary_sample,2954,9,16,16,16,16,0,False,False,False,EXACT_DERIVED
ternary_sample,2955,9,16,16,16,16,0,False,False,False,EXACT_DERIVED
ternary_sample,2956,9,16,16,16,16,0,False,False,False,EXACT_DERIVED
ternary_sample,2957,9,15,16,16,16,0,False,False,False,EXACT_DERIVED
ternary_sample,2958,9,16,16,16,16,0,False,False,False,EXACT_DERIVED
ternary_sample,2959,9,15,16,16,16,0,False,False,False,EXACT_DERIVED
ternary_sample,2960,9,15,16,16,16,0,False,False,False,EXACT_DERIVED
ternary_sample,2961,9,15,16,16,16,0,False,False,False,EXACT_DERIVED
ternary_sample,2962,9,16,16,16,16,0,False,False,False,EXACT_DERIVED
ternary_sample,2963,9,16,16,16,16,0,False,False,False,EXACT_DERIVED
ternary_sample,2964,9,16,16,16,16,0,False,False,False,EXACT_DERIVED
ternary_sample,2965,9,16,16,16,16,0,False,False,False,EXACT_DERIVED
ternary_sample,2966,9,15,16,16,16,0,False,False,False,EXACT_DERIVED
ternary_sample,2967,9,16,16,16,16,0,False,False,False,EXACT_DERIVED
ternary_sample,2968,9,16,16,16,16,0,False,False,False,EXACT_DERIVED
ternary_sample,2969,9,15,16,16,16,0,False,False,False,EXACT_DERIVED
ternary_sample,2970,9,16,16,16,16,0,False,False,False,EXACT_DERIVED
ternary_sample,2971,9,16,16,16,16,0,False,False,False,EXACT_DERIVED
ternary_sample,2972,9,16,16,16,16,0,False,False,False,EXACT_DERIVED
ternary_sample,2973,9,16,16,16,16,0,False,False,False,EXACT_DERIVED
ternary_sample,2974,9,15,16,16,16,0,False,False,False,EXACT_DERIVED
ternary_sample,2975,9,16,16,16,16,0,False,False,False,EXACT_DERIVED
ternary_sample,2976,9,16,16,16,16,0,False,False,False,EXACT_DERIVED
ternary_sample,2977,9,16,16,16,16,0,False,False,False,EXACT_DERIVED
ternary_sample,2978,9,16,16,16,16,0,False,False,False,EXACT_DERIVED
ternary_sample,2979,9,16,16,16,16,0,False,False,False,EXACT_DERIVED
ternary_sample,2980,9,15,16,16,16,0,False,False,False,EXACT_DERIVED
ternary_sample,2981,9,16,16,16,16,0,False,False,False,EXACT_DERIVED
ternary_sample,2982,9,16,16,16,16,0,False,False,False,EXACT_DERIVED
ternary_sample,2983,9,16,16,16,16,0,False,False,False,EXACT_DERIVED
ternary_sample,2984,9,15,16,16,16,0,False,False,False,EXACT_DERIVED
ternary_sample,2985,9,16,16,16,16,0,False,False,False,EXACT_DERIVED
ternary_sample,2986,9,15,16,16,16,0,False,False,False,EXACT_DERIVED
ternary_sample,2987,9,16,16,16,16,0,False,False,False,EXACT_DERIVED
ternary_sample,2988,9,16,16,16,16,0,False,False,False,EXACT_DERIVED
ternary_sample,2989,9,16,16,16,16,0,False,False,False,EXACT_DERIVED
ternary_sample,2990,9,16,16,16,16,0,False,False,False,EXACT_DERIVED
ternary_sample,2991,9,16,16,16,16,0,False,False,False,EXACT_DERIVED
ternary_sample,2992,9,16,16,16,16,0,False,False,False,EXACT_DERIVED
ternary_sample,2993,9,16,16,16,16,0,False,False,False,EXACT_DERIVED
ternary_sample,2994,9,16,16,16,16,0,False,False,False,EXACT_DERIVED
ternary_sample,2995,9,16,16,16,16,0,False,False,False,EXACT_DERIVED
ternary_sample,2996,9,16,16,16,16,0,False,False,False,EXACT_DERIVED
ternary_sample,2997,9,16,16,16,16,0,False,False,False,EXACT_DERIVED
ternary_sample,2998,9,16,16,16,16,0,False,False,False,EXACT_DERIVED
ternary_sample,2999,9,15,16,16,16,0,False,False,False,EXACT_DERIVED
ternary_sample,3000,9,16,16,16,16,0,False,False,False,EXACT_DERIVED
ternary_sample,3001,9,16,16,16,16,0,False,False,False,EXACT_DERIVED
ternary_sample,3002,9,16,16,16,16,0,False,False,False,EXACT_DERIVED
ternary_sample,3003,9,16,16,16,16,0,False,False,False,EXACT_DERIVED
ternary_sample,3004,9,15,16,16,16,0,False,False,False,EXACT_DERIVED
ternary_sample,3005,9,16,16,16,16,0,False,False,False,EXACT_DERIVED
ternary_sample,3006,9,16,16,16,16,0,False,False,False,EXACT_DERIVED
ternary_sample,3007,9,16,16,16,16,0,False,False,False,EXACT_DERIVED
ternary_sample,3008,9,16,16,16,16,0,False,False,False,EXACT_DERIVED
ternary_sample,3009,9,16,16,16,16,0,False,False,False,EXACT_DERIVED
ternary_sample,3010,9,15,16,16,16,0,False,False,False,EXACT_DERIVED
ternary_sample,3011,9,16,16,16,16,0,False,False,False,EXACT_DERIVED
ternary_sample,3012,9,16,16,16,16,0,False,False,False,EXACT_DERIVED
ternary_sample,3013,9,14,15,16,16,0,False,False,False,EXACT_DERIVED
ternary_sample,3014,9,13,16,16,16,0,False,False,False,EXACT_DERIVED
ternary_sample,3015,9,16,16,16,16,0,False,False,False,EXACT_DERIVED
ternary_sample,3016,9,16,16,16,16,0,False,False,False,EXACT_DERIVED
ternary_sample,3017,9,16,16,16,16,0,False,False,False,EXACT_DERIVED
ternary_sample,3018,9,16,16,16,16,0,False,False,False,EXACT_DERIVED
ternary_sample,3019,9,16,16,16,16,0,False,False,False,EXACT_DERIVED
ternary_sample,3020,9,15,16,16,16,0,False,False,False,EXACT_DERIVED
ternary_sample,3021,9,16,16,16,16,0,False,False,False,EXACT_DERIVED
ternary_sample,3022,9,16,16,16,16,0,False,False,False,EXACT_DERIVED
ternary_sample,3023,9,16,16,16,16,0,False,False,False,EXACT_DERIVED
ternary_sample,3024,9,16,16,16,16,0,False,False,False,EXACT_DERIVED
ternary_sample,3025,9,15,16,16,16,0,False,False,False,EXACT_DERIVED
ternary_sample,3026,9,16,16,16,16,0,False,False,False,EXACT_DERIVED
ternary_sample,3027,9,16,16,16,16,0,False,False,False,EXACT_DERIVED
ternary_sample,3028,9,16,16,16,16,0,False,False,False,EXACT_DERIVED
ternary_sample,3029,9,16,16,16,16,0,False,False,False,EXACT_DERIVED
ternary_sample,3030,9,16,16,16,16,0,False,False,False,EXACT_DERIVED
ternary_sample,3031,9,16,16,16,16,0,False,False,False,EXACT_DERIVED
ternary_sample,3032,9,16,16,16,16,0,False,False,False,EXACT_DERIVED
ternary_sample,3033,9,16,16,16,16,0,False,False,False,EXACT_DERIVED
ternary_sample,3034,9,16,16,16,16,0,False,False,False,EXACT_DERIVED
ternary_sample,3035,9,16,16,16,16,0,False,False,False,EXACT_DERIVED
ternary_sample,3036,9,16,16,16,16,0,False,False,False,EXACT_DERIVED
ternary_sample,3037,9,16,16,16,16,0,False,False,False,EXACT_DERIVED
ternary_sample,3038,9,16,16,16,16,0,False,False,False,EXACT_DERIVED
ternary_sample,3039,9,16,16,16,16,0,False,False,False,EXACT_DERIVED
ternary_sample,3040,9,16,16,16,16,0,False,False,False,EXACT_DERIVED
ternary_sample,3041,9,16,16,16,16,0,False,False,False,EXACT_DERIVED
ternary_sample,3042,9,16,16,16,16,0,False,False,False,EXACT_DERIVED
ternary_sample,3043,9,15,16,16,16,0,False,False,False,EXACT_DERIVED
ternary_sample,3044,9,16,16,16,16,0,False,False,False,EXACT_DERIVED
ternary_sample,3045,9,16,16,16,16,0,False,False,False,EXACT_DERIVED
ternary_sample,3046,9,16,16,16,16,0,False,False,False,EXACT_DERIVED
ternary_sample,3047,9,16,16,16,16,0,False,False,False,EXACT_DERIVED
ternary_sample,3048,9,16,16,16,16,0,False,False,False,EXACT_DERIVED
ternary_sample,3049,9,16,16,16,16,0,False,False,False,EXACT_DERIVED
ternary_sample,3050,9,15,16,16,16,0,False,False,False,EXACT_DERIVED
ternary_sample,3051,9,15,16,16,16,0,False,False,False,EXACT_DERIVED
ternary_sample,3052,9,16,16,16,16,0,False,False,False,EXACT_DERIVED
ternary_sample,3053,9,16,16,16,16,0,False,False,False,EXACT_DERIVED
ternary_sample,3054,9,16,16,16,16,0,False,False,False,EXACT_DERIVED
ternary_sample,3055,9,15,16,16,16,0,False,False,False,EXACT_DERIVED
ternary_sample,3056,9,15,16,16,16,0,False,False,False,EXACT_DERIVED
ternary_sample,3057,9,16,16,16,16,0,False,False,False,EXACT_DERIVED
ternary_sample,3058,9,14,16,16,16,0,False,False,False,EXACT_DERIVED
ternary_sample,3059,9,16,16,16,16,0,False,False,False,EXACT_DERIVED
ternary_sample,3060,9,16,16,16,16,0,False,False,False,EXACT_DERIVED
ternary_sample,3061,9,16,16,16,16,0,False,False,False,EXACT_DERIVED
ternary_sample,3062,9,16,16,16,16,0,False,False,False,EXACT_DERIVED
ternary_sample,3063,9,16,16,16,16,0,False,False,False,EXACT_DERIVED
ternary_sample,3064,9,16,16,16,16,0,False,False,False,EXACT_DERIVED
ternary_sample,3065,9,16,16,16,16,0,False,False,False,EXACT_DERIVED
ternary_sample,3066,9,16,16,16,16,0,False,False,False,EXACT_DERIVED
ternary_sample,3067,9,16,16,16,16,0,False,False,False,EXACT_DERIVED
ternary_sample,3068,9,12,16,16,16,0,False,False,False,EXACT_DERIVED
ternary_sample,3069,9,16,16,16,16,0,False,False,False,EXACT_DERIVED
ternary_sample,3070,9,16,16,16,16,0,False,False,False,EXACT_DERIVED
ternary_sample,3071,9,16,16,16,16,0,False,False,False,EXACT_DERIVED
ternary_sample,3072,9,16,16,16,16,0,False,False,False,EXACT_DERIVED
ternary_sample,3073,9,16,16,16,16,0,False,False,False,EXACT_DERIVED
ternary_sample,3074,9,15,16,16,16,0,False,False,False,EXACT_DERIVED
ternary_sample,3075,9,16,16,16,16,0,False,False,False,EXACT_DERIVED
ternary_sample,3076,9,16,16,16,16,0,False,False,False,EXACT_DERIVED
ternary_sample,3077,9,16,16,16,16,0,False,False,False,EXACT_DERIVED
ternary_sample,3078,9,16,16,16,16,0,False,False,False,EXACT_DERIVED
ternary_sample,3079,9,15,16,16,16,0,False,False,False,EXACT_DERIVED
ternary_sample,3080,9,16,16,16,16,0,False,False,False,EXACT_DERIVED
ternary_sample,3081,9,16,16,16,16,0,False,False,False,EXACT_DERIVED
ternary_sample,3082,9,16,16,16,16,0,False,False,False,EXACT_DERIVED
ternary_sample,3083,9,16,16,16,16,0,False,False,False,EXACT_DERIVED
ternary_sample,3084,9,16,16,16,16,0,False,False,False,EXACT_DERIVED
ternary_sample,3085,9,16,16,16,16,0,False,False,False,EXACT_DERIVED
ternary_sample,3086,9,16,16,16,16,0,False,False,False,EXACT_DERIVED
ternary_sample,3087,9,15,16,16,16,0,False,False,False,EXACT_DERIVED
ternary_sample,3088,9,15,16,16,16,0,False,False,False,EXACT_DERIVED
ternary_sample,3089,9,16,16,16,16,0,False,False,False,EXACT_DERIVED
ternary_sample,3090,9,15,16,16,16,0,False,False,False,EXACT_DERIVED
ternary_sample,3091,9,16,16,16,16,0,False,False,False,EXACT_DERIVED
ternary_sample,3092,9,16,16,16,16,0,False,False,False,EXACT_DERIVED
ternary_sample,3093,9,16,16,16,16,0,False,False,False,EXACT_DERIVED
ternary_sample,3094,9,16,16,16,16,0,False,False,False,EXACT_DERIVED
ternary_sample,3095,9,16,16,16,16,0,False,False,False,EXACT_DERIVED
ternary_sample,3096,9,16,16,16,16,0,False,False,False,EXACT_DERIVED
ternary_sample,3097,9,15,16,16,16,0,False,False,False,EXACT_DERIVED
ternary_sample,3098,9,16,16,16,16,0,False,False,False,EXACT_DERIVED
ternary_sample,3099,9,16,16,16,16,0,False,False,False,EXACT_DERIVED
ternary_sample,3100,9,16,16,16,16,0,False,False,False,EXACT_DERIVED
ternary_sample,3101,9,15,16,16,16,0,False,False,False,EXACT_DERIVED
ternary_sample,3102,9,16,16,16,16,0,False,False,False,EXACT_DERIVED
ternary_sample,3103,9,16,16,16,16,0,False,False,False,EXACT_DERIVED
ternary_sample,3104,9,16,16,16,16,0,False,False,False,EXACT_DERIVED
ternary_sample,3105,9,15,16,16,16,0,False,False,False,EXACT_DERIVED
ternary_sample,3106,9,16,16,16,16,0,False,False,False,EXACT_DERIVED
ternary_sample,3107,9,15,16,16,16,0,False,False,False,EXACT_DERIVED
ternary_sample,3108,9,16,16,16,16,0,False,False,False,EXACT_DERIVED
ternary_sample,3109,9,16,16,16,16,0,False,False,False,EXACT_DERIVED
ternary_sample,3110,9,16,16,16,16,0,False,False,False,EXACT_DERIVED
ternary_sample,3111,9,16,16,16,16,0,False,False,False,EXACT_DERIVED
ternary_sample,3112,9,14,16,16,16,0,False,False,False,EXACT_DERIVED
ternary_sample,3113,9,16,16,16,16,0,False,False,False,EXACT_DERIVED
ternary_sample,3114,9,16,16,16,16,0,False,False,False,EXACT_DERIVED
ternary_sample,3115,9,16,16,16,16,0,False,False,False,EXACT_DERIVED
ternary_sample,3116,9,16,16,16,16,0,False,False,False,EXACT_DERIVED
ternary_sample,3117,9,16,16,16,16,0,False,False,False,EXACT_DERIVED
ternary_sample,3118,9,16,16,16,16,0,False,False,False,EXACT_DERIVED
ternary_sample,3119,9,15,16,16,16,0,False,False,False,EXACT_DERIVED
ternary_sample,3120,9,16,16,16,16,0,False,False,False,EXACT_DERIVED
ternary_sample,3121,9,16,16,16,16,0,False,False,False,EXACT_DERIVED
ternary_sample,3122,9,14,16,16,16,0,False,False,False,EXACT_DERIVED
ternary_sample,3123,9,16,16,16,16,0,False,False,False,EXACT_DERIVED
ternary_sample,3124,9,16,16,16,16,0,False,False,False,EXACT_DERIVED
ternary_sample,3125,9,16,16,16,16,0,False,False,False,EXACT_DERIVED
ternary_sample,3126,9,16,16,16,16,0,False,False,False,EXACT_DERIVED
ternary_sample,3127,9,15,16,16,16,0,False,False,False,EXACT_DERIVED
ternary_sample,3128,9,16,16,16,16,0,False,False,False,EXACT_DERIVED
ternary_sample,3129,9,16,16,16,16,0,False,False,False,EXACT_DERIVED
ternary_sample,3130,9,16,16,16,16,0,False,False,False,EXACT_DERIVED
ternary_sample,3131,9,16,16,16,16,0,False,False,False,EXACT_DERIVED
ternary_sample,3132,9,16,16,16,16,0,False,False,False,EXACT_DERIVED
ternary_sample,3133,9,16,16,16,16,0,False,False,False,EXACT_DERIVED
ternary_sample,3134,9,16,16,16,16,0,False,False,False,EXACT_DERIVED
ternary_sample,3135,9,16,16,16,16,0,False,False,False,EXACT_DERIVED
ternary_sample,3136,9,16,16,16,16,0,False,False,False,EXACT_DERIVED
ternary_sample,3137,9,16,16,16,16,0,False,False,False,EXACT_DERIVED
ternary_sample,3138,9,16,16,16,16,0,False,False,False,EXACT_DERIVED
ternary_sample,3139,9,16,16,16,16,0,False,False,False,EXACT_DERIVED
ternary_sample,3140,9,16,16,16,16,0,False,False,False,EXACT_DERIVED
ternary_sample,3141,9,16,16,16,16,0,False,False,False,EXACT_DERIVED
ternary_sample,3142,9,16,16,16,16,0,False,False,False,EXACT_DERIVED
ternary_sample,3143,9,16,16,16,16,0,False,False,False,EXACT_DERIVED
ternary_sample,3144,9,16,16,16,16,0,False,False,False,EXACT_DERIVED
ternary_sample,3145,9,16,16,16,16,0,False,False,False,EXACT_DERIVED
ternary_sample,3146,9,16,16,16,16,0,False,False,False,EXACT_DERIVED
ternary_sample,3147,9,16,16,16,16,0,False,False,False,EXACT_DERIVED
ternary_sample,3148,9,16,16,16,16,0,False,False,False,EXACT_DERIVED
ternary_sample,3149,9,16,16,16,16,0,False,False,False,EXACT_DERIVED
ternary_sample,3150,9,16,16,16,16,0,False,False,False,EXACT_DERIVED
ternary_sample,3151,9,16,16,16,16,0,False,False,False,EXACT_DERIVED
ternary_sample,3152,9,16,16,16,16,0,False,False,False,EXACT_DERIVED
ternary_sample,3153,9,16,16,16,16,0,False,False,False,EXACT_DERIVED
ternary_sample,3154,9,16,16,16,16,0,False,False,False,EXACT_DERIVED
ternary_sample,3155,9,16,16,16,16,0,False,False,False,EXACT_DERIVED
ternary_sample,3156,9,15,16,16,16,0,False,False,False,EXACT_DERIVED
ternary_sample,3157,9,14,16,16,16,0,False,False,False,EXACT_DERIVED
ternary_sample,3158,9,16,16,16,16,0,False,False,False,EXACT_DERIVED
ternary_sample,3159,9,15,16,16,16,0,False,False,False,EXACT_DERIVED
ternary_sample,3160,9,16,16,16,16,0,False,False,False,EXACT_DERIVED
ternary_sample,3161,9,15,16,16,16,0,False,False,False,EXACT_DERIVED
ternary_sample,3162,9,16,16,16,16,0,False,False,False,EXACT_DERIVED
ternary_sample,3163,9,16,16,16,16,0,False,False,False,EXACT_DERIVED
ternary_sample,3164,9,15,16,16,16,0,False,False,False,EXACT_DERIVED
ternary_sample,3165,9,16,16,16,16,0,False,False,False,EXACT_DERIVED
ternary_sample,3166,9,16,16,16,16,0,False,False,False,EXACT_DERIVED
ternary_sample,3167,9,16,16,16,16,0,False,False,False,EXACT_DERIVED
ternary_sample,3168,9,15,16,16,16,0,False,False,False,EXACT_DERIVED
ternary_sample,3169,9,16,16,16,16,0,False,False,False,EXACT_DERIVED
ternary_sample,3170,9,16,16,16,16,0,False,False,False,EXACT_DERIVED
ternary_sample,3171,9,16,16,16,16,0,False,False,False,EXACT_DERIVED
ternary_sample,3172,9,16,16,16,16,0,False,False,False,EXACT_DERIVED
ternary_sample,3173,9,16,16,16,16,0,False,False,False,EXACT_DERIVED
ternary_sample,3174,9,16,16,16,16,0,False,False,False,EXACT_DERIVED
ternary_sample,3175,9,16,16,16,16,0,False,False,False,EXACT_DERIVED
ternary_sample,3176,9,16,16,16,16,0,False,False,False,EXACT_DERIVED
ternary_sample,3177,9,16,16,16,16,0,False,False,False,EXACT_DERIVED
ternary_sample,3178,9,16,16,16,16,0,False,False,False,EXACT_DERIVED
ternary_sample,3179,9,16,16,16,16,0,False,False,False,EXACT_DERIVED
ternary_sample,3180,9,16,16,16,16,0,False,False,False,EXACT_DERIVED
ternary_sample,3181,9,16,16,16,16,0,False,False,False,EXACT_DERIVED
ternary_sample,3182,9,16,16,16,16,0,False,False,False,EXACT_DERIVED
ternary_sample,3183,9,16,16,16,16,0,False,False,False,EXACT_DERIVED
ternary_sample,3184,9,16,16,16,16,0,False,False,False,EXACT_DERIVED
ternary_sample,3185,9,16,16,16,16,0,False,False,False,EXACT_DERIVED
ternary_sample,3186,9,16,16,16,16,0,False,False,False,EXACT_DERIVED
ternary_sample,3187,9,16,16,16,16,0,False,False,False,EXACT_DERIVED
ternary_sample,3188,9,16,16,16,16,0,False,False,False,EXACT_DERIVED
ternary_sample,3189,9,16,16,16,16,0,False,False,False,EXACT_DERIVED
ternary_sample,3190,9,16,16,16,16,0,False,False,False,EXACT_DERIVED
ternary_sample,3191,9,16,16,16,16,0,False,False,False,EXACT_DERIVED
ternary_sample,3192,9,16,16,16,16,0,False,False,False,EXACT_DERIVED
ternary_sample,3193,9,16,16,16,16,0,False,False,False,EXACT_DERIVED
ternary_sample,3194,9,16,16,16,16,0,False,False,False,EXACT_DERIVED
ternary_sample,3195,9,16,16,16,16,0,False,False,False,EXACT_DERIVED
ternary_sample,3196,9,16,16,16,16,0,False,False,False,EXACT_DERIVED
ternary_sample,3197,9,16,16,16,16,0,False,False,False,EXACT_DERIVED
ternary_sample,3198,9,16,16,16,16,0,False,False,False,EXACT_DERIVED
ternary_sample,3199,9,16,16,16,16,0,False,False,False,EXACT_DERIVED
ternary_sample,3200,9,16,16,16,16,0,False,False,False,EXACT_DERIVED
ternary_sample,3201,9,16,16,16,16,0,False,False,False,EXACT_DERIVED
ternary_sample,3202,9,16,16,16,16,0,False,False,False,EXACT_DERIVED
ternary_sample,3203,9,16,16,16,16,0,False,False,False,EXACT_DERIVED
ternary_sample,3204,9,16,16,16,16,0,False,False,False,EXACT_DERIVED
ternary_sample,3205,9,16,16,16,16,0,False,False,False,EXACT_DERIVED
ternary_sample,3206,9,16,16,16,16,0,False,False,False,EXACT_DERIVED
ternary_sample,3207,9,16,16,16,16,0,False,False,False,EXACT_DERIVED
ternary_sample,3208,9,16,16,16,16,0,False,False,False,EXACT_DERIVED
ternary_sample,3209,9,16,16,16,16,0,False,False,False,EXACT_DERIVED
ternary_sample,3210,9,16,16,16,16,0,False,False,False,EXACT_DERIVED
ternary_sample,3211,9,16,16,16,16,0,False,False,False,EXACT_DERIVED
ternary_sample,3212,9,16,16,16,16,0,False,False,False,EXACT_DERIVED
ternary_sample,3213,9,16,16,16,16,0,False,False,False,EXACT_DERIVED
ternary_sample,3214,9,16,16,16,16,0,False,False,False,EXACT_DERIVED
ternary_sample,3215,9,16,16,16,16,0,False,False,False,EXACT_DERIVED
ternary_sample,3216,9,16,16,16,16,0,False,False,False,EXACT_DERIVED
ternary_sample,3217,9,16,16,16,16,0,False,False,False,EXACT_DERIVED
ternary_sample,3218,9,16,16,16,16,0,False,False,False,EXACT_DERIVED
ternary_sample,3219,9,16,16,16,16,0,False,False,False,EXACT_DERIVED
ternary_sample,3220,9,16,16,16,16,0,False,False,False,EXACT_DERIVED
ternary_sample,3221,9,16,16,16,16,0,False,False,False,EXACT_DERIVED
ternary_sample,3222,9,16,16,16,16,0,False,False,False,EXACT_DERIVED
ternary_sample,3223,9,16,16,16,16,0,False,False,False,EXACT_DERIVED
ternary_sample,3224,9,16,16,16,16,0,False,False,False,EXACT_DERIVED
ternary_sample,3225,9,16,16,16,16,0,False,False,False,EXACT_DERIVED
ternary_sample,3226,9,16,16,16,16,0,False,False,False,EXACT_DERIVED
ternary_sample,3227,9,16,16,16,16,0,False,False,False,EXACT_DERIVED
ternary_sample,3228,9,16,16,16,16,0,False,False,False,EXACT_DERIVED
ternary_sample,3229,9,15,16,16,16,0,False,False,False,EXACT_DERIVED
ternary_sample,3230,9,15,16,16,16,0,False,False,False,EXACT_DERIVED
ternary_sample,3231,9,16,16,16,16,0,False,False,False,EXACT_DERIVED
ternary_sample,3232,9,16,16,16,16,0,False,False,False,EXACT_DERIVED
ternary_sample,3233,9,15,16,16,16,0,False,False,False,EXACT_DERIVED
ternary_sample,3234,9,15,16,16,16,0,False,False,False,EXACT_DERIVED
ternary_sample,3235,9,16,16,16,16,0,False,False,False,EXACT_DERIVED
ternary_sample,3236,9,16,16,16,16,0,False,False,False,EXACT_DERIVED
ternary_sample,3237,9,15,16,16,16,0,False,False,False,EXACT_DERIVED
ternary_sample,3238,9,16,16,16,16,0,False,False,False,EXACT_DERIVED
ternary_sample,3239,9,16,16,16,16,0,False,False,False,EXACT_DERIVED
ternary_sample,3240,9,16,16,16,16,0,False,False,False,EXACT_DERIVED
ternary_sample,3241,9,16,16,16,16,0,False,False,False,EXACT_DERIVED
ternary_sample,3242,9,16,16,16,16,0,False,False,False,EXACT_DERIVED
ternary_sample,3243,9,16,16,16,16,0,False,False,False,EXACT_DERIVED
ternary_sample,3244,9,16,16,16,16,0,False,False,False,EXACT_DERIVED
ternary_sample,3245,9,16,16,16,16,0,False,False,False,EXACT_DERIVED
ternary_sample,3246,9,16,16,16,16,0,False,False,False,EXACT_DERIVED
ternary_sample,3247,9,16,16,16,16,0,False,False,False,EXACT_DERIVED
ternary_sample,3248,9,16,16,16,16,0,False,False,False,EXACT_DERIVED
ternary_sample,3249,9,16,16,16,16,0,False,False,False,EXACT_DERIVED
ternary_sample,3250,9,16,16,16,16,0,False,False,False,EXACT_DERIVED
ternary_sample,3251,9,16,16,16,16,0,False,False,False,EXACT_DERIVED
ternary_sample,3252,9,16,16,16,16,0,False,False,False,EXACT_DERIVED
ternary_sample,3253,9,15,16,16,16,0,False,False,False,EXACT_DERIVED
ternary_sample,3254,9,16,16,16,16,0,False,False,False,EXACT_DERIVED
ternary_sample,3255,9,14,16,16,16,0,False,False,False,EXACT_DERIVED
ternary_sample,3256,9,16,16,16,16,0,False,False,False,EXACT_DERIVED
ternary_sample,3257,9,16,16,16,16,0,False,False,False,EXACT_DERIVED
ternary_sample,3258,9,16,16,16,16,0,False,False,False,EXACT_DERIVED
ternary_sample,3259,9,16,16,16,16,0,False,False,False,EXACT_DERIVED
ternary_sample,3260,9,16,16,16,16,0,False,False,False,EXACT_DERIVED
ternary_sample,3261,9,16,16,16,16,0,False,False,False,EXACT_DERIVED
ternary_sample,3262,9,15,16,16,16,0,False,False,False,EXACT_DERIVED
ternary_sample,3263,9,16,16,16,16,0,False,False,False,EXACT_DERIVED
ternary_sample,3264,9,16,16,16,16,0,False,False,False,EXACT_DERIVED
ternary_sample,3265,9,16,16,16,16,0,False,False,False,EXACT_DERIVED
ternary_sample,3266,9,16,16,16,16,0,False,False,False,EXACT_DERIVED
ternary_sample,3267,9,16,16,16,16,0,False,False,False,EXACT_DERIVED
ternary_sample,3268,9,16,16,16,16,0,False,False,False,EXACT_DERIVED
ternary_sample,3269,9,16,16,16,16,0,False,False,False,EXACT_DERIVED
ternary_sample,3270,9,16,16,16,16,0,False,False,False,EXACT_DERIVED
ternary_sample,3271,9,16,16,16,16,0,False,False,False,EXACT_DERIVED
ternary_sample,3272,9,15,16,16,16,0,False,False,False,EXACT_DERIVED
ternary_sample,3273,9,14,16,16,16,0,False,False,False,EXACT_DERIVED
ternary_sample,3274,9,16,16,16,16,0,False,False,False,EXACT_DERIVED
ternary_sample,3275,9,16,16,16,16,0,False,False,False,EXACT_DERIVED
ternary_sample,3276,9,16,16,16,16,0,False,False,False,EXACT_DERIVED
ternary_sample,3277,9,15,16,16,16,0,False,False,False,EXACT_DERIVED
ternary_sample,3278,9,16,16,16,16,0,False,False,False,EXACT_DERIVED
ternary_sample,3279,9,12,16,16,16,0,False,False,False,EXACT_DERIVED
ternary_sample,3280,9,16,16,16,16,0,False,False,False,EXACT_DERIVED
ternary_sample,3281,9,16,16,16,16,0,False,False,False,EXACT_DERIVED
ternary_sample,3282,9,16,16,16,16,0,False,False,False,EXACT_DERIVED
ternary_sample,3283,9,16,16,16,16,0,False,False,False,EXACT_DERIVED
ternary_sample,3284,9,16,16,16,16,0,False,False,False,EXACT_DERIVED
ternary_sample,3285,9,16,16,16,16,0,False,False,False,EXACT_DERIVED
ternary_sample,3286,9,16,16,16,16,0,False,False,False,EXACT_DERIVED
ternary_sample,3287,9,16,16,16,16,0,False,False,False,EXACT_DERIVED
ternary_sample,3288,9,16,16,16,16,0,False,False,False,EXACT_DERIVED
ternary_sample,3289,9,16,16,16,16,0,False,False,False,EXACT_DERIVED
ternary_sample,3290,9,16,16,16,16,0,False,False,False,EXACT_DERIVED
ternary_sample,3291,9,16,16,16,16,0,False,False,False,EXACT_DERIVED
ternary_sample,3292,9,16,16,16,16,0,False,False,False,EXACT_DERIVED
ternary_sample,3293,9,16,16,16,16,0,False,False,False,EXACT_DERIVED
ternary_sample,3294,9,16,16,16,16,0,False,False,False,EXACT_DERIVED
ternary_sample,3295,9,16,16,16,16,0,False,False,False,EXACT_DERIVED
ternary_sample,3296,9,16,16,16,16,0,False,False,False,EXACT_DERIVED
ternary_sample,3297,9,16,16,16,16,0,False,False,False,EXACT_DERIVED
ternary_sample,3298,9,16,16,16,16,0,False,False,False,EXACT_DERIVED
ternary_sample,3299,9,16,16,16,16,0,False,False,False,EXACT_DERIVED
ternary_sample,3300,9,16,16,16,16,0,False,False,False,EXACT_DERIVED
ternary_sample,3301,9,16,16,16,16,0,False,False,False,EXACT_DERIVED
ternary_sample,3302,9,16,16,16,16,0,False,False,False,EXACT_DERIVED
ternary_sample,3303,9,16,16,16,16,0,False,False,False,EXACT_DERIVED
ternary_sample,3304,9,16,16,16,16,0,False,False,False,EXACT_DERIVED
ternary_sample,3305,9,16,16,16,16,0,False,False,False,EXACT_DERIVED
ternary_sample,3306,9,16,16,16,16,0,False,False,False,EXACT_DERIVED
ternary_sample,3307,9,16,16,16,16,0,False,False,False,EXACT_DERIVED
ternary_sample,3308,9,16,16,16,16,0,False,False,False,EXACT_DERIVED
ternary_sample,3309,9,16,16,16,16,0,False,False,False,EXACT_DERIVED
ternary_sample,3310,9,16,16,16,16,0,False,False,False,EXACT_DERIVED
ternary_sample,3311,9,16,16,16,16,0,False,False,False,EXACT_DERIVED
ternary_sample,3312,9,16,16,16,16,0,False,False,False,EXACT_DERIVED
ternary_sample,3313,9,16,16,16,16,0,False,False,False,EXACT_DERIVED
ternary_sample,3314,9,14,16,16,16,0,False,False,False,EXACT_DERIVED
ternary_sample,3315,9,16,16,16,16,0,False,False,False,EXACT_DERIVED
ternary_sample,3316,9,16,16,16,16,0,False,False,False,EXACT_DERIVED
ternary_sample,3317,9,16,16,16,16,0,False,False,False,EXACT_DERIVED
ternary_sample,3318,9,16,16,16,16,0,False,False,False,EXACT_DERIVED
ternary_sample,3319,9,16,16,16,16,0,False,False,False,EXACT_DERIVED
ternary_sample,3320,9,16,16,16,16,0,False,False,False,EXACT_DERIVED
ternary_sample,3321,9,16,16,16,16,0,False,False,False,EXACT_DERIVED
ternary_sample,3322,9,16,16,16,16,0,False,False,False,EXACT_DERIVED
ternary_sample,3323,9,16,16,16,16,0,False,False,False,EXACT_DERIVED
ternary_sample,3324,9,16,16,16,16,0,False,False,False,EXACT_DERIVED
ternary_sample,3325,9,16,16,16,16,0,False,False,False,EXACT_DERIVED
ternary_sample,3326,9,16,16,16,16,0,False,False,False,EXACT_DERIVED
ternary_sample,3327,9,16,16,16,16,0,False,False,False,EXACT_DERIVED
ternary_sample,3328,9,16,16,16,16,0,False,False,False,EXACT_DERIVED
ternary_sample,3329,9,16,16,16,16,0,False,False,False,EXACT_DERIVED
ternary_sample,3330,9,16,16,16,16,0,False,False,False,EXACT_DERIVED
ternary_sample,3331,9,16,16,16,16,0,False,False,False,EXACT_DERIVED
ternary_sample,3332,9,16,16,16,16,0,False,False,False,EXACT_DERIVED
ternary_sample,3333,9,16,16,16,16,0,False,False,False,EXACT_DERIVED
ternary_sample,3334,9,16,16,16,16,0,False,False,False,EXACT_DERIVED
ternary_sample,3335,9,16,16,16,16,0,False,False,False,EXACT_DERIVED
ternary_sample,3336,9,16,16,16,16,0,False,False,False,EXACT_DERIVED
ternary_sample,3337,9,16,16,16,16,0,False,False,False,EXACT_DERIVED
ternary_sample,3338,9,15,16,16,16,0,False,False,False,EXACT_DERIVED
ternary_sample,3339,9,16,16,16,16,0,False,False,False,EXACT_DERIVED
ternary_sample,3340,9,15,16,16,16,0,False,False,False,EXACT_DERIVED
ternary_sample,3341,9,14,16,16,16,0,False,False,False,EXACT_DERIVED
ternary_sample,3342,9,16,16,16,16,0,False,False,False,EXACT_DERIVED
ternary_sample,3343,9,16,16,16,16,0,False,False,False,EXACT_DERIVED
ternary_sample,3344,9,16,16,16,16,0,False,False,False,EXACT_DERIVED
ternary_sample,3345,9,16,16,16,16,0,False,False,False,EXACT_DERIVED
ternary_sample,3346,9,16,16,16,16,0,False,False,False,EXACT_DERIVED
ternary_sample,3347,9,16,16,16,16,0,False,False,False,EXACT_DERIVED
ternary_sample,3348,9,16,16,16,16,0,False,False,False,EXACT_DERIVED
ternary_sample,3349,9,16,16,16,16,0,False,False,False,EXACT_DERIVED
ternary_sample,3350,9,16,16,16,16,0,False,False,False,EXACT_DERIVED
ternary_sample,3351,9,16,16,16,16,0,False,False,False,EXACT_DERIVED
ternary_sample,3352,9,16,16,16,16,0,False,False,False,EXACT_DERIVED
ternary_sample,3353,9,16,16,16,16,0,False,False,False,EXACT_DERIVED
ternary_sample,3354,9,16,16,16,16,0,False,False,False,EXACT_DERIVED
ternary_sample,3355,9,16,16,16,16,0,False,False,False,EXACT_DERIVED
ternary_sample,3356,9,16,16,16,16,0,False,False,False,EXACT_DERIVED
ternary_sample,3357,9,16,16,16,16,0,False,False,False,EXACT_DERIVED
ternary_sample,3358,9,16,16,16,16,0,False,False,False,EXACT_DERIVED
ternary_sample,3359,9,16,16,16,16,0,False,False,False,EXACT_DERIVED
ternary_sample,3360,9,16,16,16,16,0,False,False,False,EXACT_DERIVED
ternary_sample,3361,9,16,16,16,16,0,False,False,False,EXACT_DERIVED
ternary_sample,3362,9,16,16,16,16,0,False,False,False,EXACT_DERIVED
ternary_sample,3363,9,16,16,16,16,0,False,False,False,EXACT_DERIVED
ternary_sample,3364,9,16,16,16,16,0,False,False,False,EXACT_DERIVED
ternary_sample,3365,9,16,16,16,16,0,False,False,False,EXACT_DERIVED
ternary_sample,3366,9,16,16,16,16,0,False,False,False,EXACT_DERIVED
ternary_sample,3367,9,16,16,16,16,0,False,False,False,EXACT_DERIVED
ternary_sample,3368,9,16,16,16,16,0,False,False,False,EXACT_DERIVED
ternary_sample,3369,9,16,16,16,16,0,False,False,False,EXACT_DERIVED
ternary_sample,3370,9,14,16,16,16,0,False,False,False,EXACT_DERIVED
ternary_sample,3371,9,16,16,16,16,0,False,False,False,EXACT_DERIVED
ternary_sample,3372,9,16,16,16,16,0,False,False,False,EXACT_DERIVED
ternary_sample,3373,9,16,16,16,16,0,False,False,False,EXACT_DERIVED
ternary_sample,3374,9,16,16,16,16,0,False,False,False,EXACT_DERIVED
ternary_sample,3375,9,16,16,16,16,0,False,False,False,EXACT_DERIVED
ternary_sample,3376,9,16,16,16,16,0,False,False,False,EXACT_DERIVED
ternary_sample,3377,9,16,16,16,16,0,False,False,False,EXACT_DERIVED
ternary_sample,3378,9,16,16,16,16,0,False,False,False,EXACT_DERIVED
ternary_sample,3379,9,16,16,16,16,0,False,False,False,EXACT_DERIVED
ternary_sample,3380,9,16,16,16,16,0,False,False,False,EXACT_DERIVED
ternary_sample,3381,9,16,16,16,16,0,False,False,False,EXACT_DERIVED
ternary_sample,3382,9,16,16,16,16,0,False,False,False,EXACT_DERIVED
ternary_sample,3383,9,16,16,16,16,0,False,False,False,EXACT_DERIVED
ternary_sample,3384,9,16,16,16,16,0,False,False,False,EXACT_DERIVED
ternary_sample,3385,9,15,16,16,16,0,False,False,False,EXACT_DERIVED
ternary_sample,3386,9,16,16,16,16,0,False,False,False,EXACT_DERIVED
ternary_sample,3387,9,16,16,16,16,0,False,False,False,EXACT_DERIVED
ternary_sample,3388,9,16,16,16,16,0,False,False,False,EXACT_DERIVED
ternary_sample,3389,9,16,16,16,16,0,False,False,False,EXACT_DERIVED
ternary_sample,3390,9,16,16,16,16,0,False,False,False,EXACT_DERIVED
ternary_sample,3391,9,15,16,16,16,0,False,False,False,EXACT_DERIVED
ternary_sample,3392,9,16,16,16,16,0,False,False,False,EXACT_DERIVED
ternary_sample,3393,9,16,16,16,16,0,False,False,False,EXACT_DERIVED
ternary_sample,3394,9,16,16,16,16,0,False,False,False,EXACT_DERIVED
ternary_sample,3395,9,16,16,16,16,0,False,False,False,EXACT_DERIVED
ternary_sample,3396,9,16,16,16,16,0,False,False,False,EXACT_DERIVED
ternary_sample,3397,9,16,16,16,16,0,False,False,False,EXACT_DERIVED
ternary_sample,3398,9,16,16,16,16,0,False,False,False,EXACT_DERIVED
ternary_sample,3399,9,16,16,16,16,0,False,False,False,EXACT_DERIVED
ternary_sample,3400,9,16,16,16,16,0,False,False,False,EXACT_DERIVED
ternary_sample,3401,9,16,16,16,16,0,False,False,False,EXACT_DERIVED
ternary_sample,3402,9,16,16,16,16,0,False,False,False,EXACT_DERIVED
ternary_sample,3403,9,16,16,16,16,0,False,False,False,EXACT_DERIVED
ternary_sample,3404,9,16,16,16,16,0,False,False,False,EXACT_DERIVED
ternary_sample,3405,9,16,16,16,16,0,False,False,False,EXACT_DERIVED
ternary_sample,3406,9,16,16,16,16,0,False,False,False,EXACT_DERIVED
ternary_sample,3407,9,15,16,16,16,0,False,False,False,EXACT_DERIVED
ternary_sample,3408,9,15,16,16,16,0,False,False,False,EXACT_DERIVED
ternary_sample,3409,9,16,16,16,16,0,False,False,False,EXACT_DERIVED
ternary_sample,3410,9,15,16,16,16,0,False,False,False,EXACT_DERIVED
ternary_sample,3411,9,16,16,16,16,0,False,False,False,EXACT_DERIVED
ternary_sample,3412,9,16,16,16,16,0,False,False,False,EXACT_DERIVED
ternary_sample,3413,9,16,16,16,16,0,False,False,False,EXACT_DERIVED
ternary_sample,3414,9,16,16,16,16,0,False,False,False,EXACT_DERIVED
ternary_sample,3415,9,16,16,16,16,0,False,False,False,EXACT_DERIVED
ternary_sample,3416,9,16,16,16,16,0,False,False,False,EXACT_DERIVED
ternary_sample,3417,9,16,16,16,16,0,False,False,False,EXACT_DERIVED
ternary_sample,3418,9,16,16,16,16,0,False,False,False,EXACT_DERIVED
ternary_sample,3419,9,15,16,16,16,0,False,False,False,EXACT_DERIVED
ternary_sample,3420,9,15,16,16,16,0,False,False,False,EXACT_DERIVED
ternary_sample,3421,9,16,16,16,16,0,False,False,False,EXACT_DERIVED
ternary_sample,3422,9,16,16,16,16,0,False,False,False,EXACT_DERIVED
ternary_sample,3423,9,16,16,16,16,0,False,False,False,EXACT_DERIVED
ternary_sample,3424,9,16,16,16,16,0,False,False,False,EXACT_DERIVED
ternary_sample,3425,9,16,16,16,16,0,False,False,False,EXACT_DERIVED
ternary_sample,3426,9,15,16,16,16,0,False,False,False,EXACT_DERIVED
ternary_sample,3427,9,16,16,16,16,0,False,False,False,EXACT_DERIVED
ternary_sample,3428,9,16,16,16,16,0,False,False,False,EXACT_DERIVED
ternary_sample,3429,9,15,16,16,16,0,False,False,False,EXACT_DERIVED
ternary_sample,3430,9,15,16,16,16,0,False,False,False,EXACT_DERIVED
ternary_sample,3431,9,16,16,16,16,0,False,False,False,EXACT_DERIVED
ternary_sample,3432,9,16,16,16,16,0,False,False,False,EXACT_DERIVED
ternary_sample,3433,9,16,16,16,16,0,False,False,False,EXACT_DERIVED
ternary_sample,3434,9,16,16,16,16,0,False,False,False,EXACT_DERIVED
ternary_sample,3435,9,16,16,16,16,0,False,False,False,EXACT_DERIVED
ternary_sample,3436,9,15,16,16,16,0,False,False,False,EXACT_DERIVED
ternary_sample,3437,9,16,16,16,16,0,False,False,False,EXACT_DERIVED
ternary_sample,3438,9,16,16,16,16,0,False,False,False,EXACT_DERIVED
ternary_sample,3439,9,16,16,16,16,0,False,False,False,EXACT_DERIVED
ternary_sample,3440,9,16,16,16,16,0,False,False,False,EXACT_DERIVED
ternary_sample,3441,9,16,16,16,16,0,False,False,False,EXACT_DERIVED
ternary_sample,3442,9,16,16,16,16,0,False,False,False,EXACT_DERIVED
ternary_sample,3443,9,16,16,16,16,0,False,False,False,EXACT_DERIVED
ternary_sample,3444,9,16,16,16,16,0,False,False,False,EXACT_DERIVED
ternary_sample,3445,9,16,16,16,16,0,False,False,False,EXACT_DERIVED
ternary_sample,3446,9,15,16,16,16,0,False,False,False,EXACT_DERIVED
ternary_sample,3447,9,16,16,16,16,0,False,False,False,EXACT_DERIVED
ternary_sample,3448,9,15,16,16,16,0,False,False,False,EXACT_DERIVED
ternary_sample,3449,9,16,16,16,16,0,False,False,False,EXACT_DERIVED
ternary_sample,3450,9,16,16,16,16,0,False,False,False,EXACT_DERIVED
ternary_sample,3451,9,16,16,16,16,0,False,False,False,EXACT_DERIVED
ternary_sample,3452,9,16,16,16,16,0,False,False,False,EXACT_DERIVED
ternary_sample,3453,9,16,16,16,16,0,False,False,False,EXACT_DERIVED
ternary_sample,3454,9,15,16,16,16,0,False,False,False,EXACT_DERIVED
ternary_sample,3455,9,16,16,16,16,0,False,False,False,EXACT_DERIVED
ternary_sample,3456,9,16,16,16,16,0,False,False,False,EXACT_DERIVED
ternary_sample,3457,9,16,16,16,16,0,False,False,False,EXACT_DERIVED
ternary_sample,3458,9,16,16,16,16,0,False,False,False,EXACT_DERIVED
ternary_sample,3459,9,16,16,16,16,0,False,False,False,EXACT_DERIVED
ternary_sample,3460,9,16,16,16,16,0,False,False,False,EXACT_DERIVED
ternary_sample,3461,9,16,16,16,16,0,False,False,False,EXACT_DERIVED
ternary_sample,3462,9,16,16,16,16,0,False,False,False,EXACT_DERIVED
ternary_sample,3463,9,16,16,16,16,0,False,False,False,EXACT_DERIVED
ternary_sample,3464,9,16,16,16,16,0,False,False,False,EXACT_DERIVED
ternary_sample,3465,9,16,16,16,16,0,False,False,False,EXACT_DERIVED
ternary_sample,3466,9,16,16,16,16,0,False,False,False,EXACT_DERIVED
ternary_sample,3467,9,16,16,16,16,0,False,False,False,EXACT_DERIVED
ternary_sample,3468,9,16,16,16,16,0,False,False,False,EXACT_DERIVED
ternary_sample,3469,9,16,16,16,16,0,False,False,False,EXACT_DERIVED
ternary_sample,3470,9,13,16,16,16,0,False,False,False,EXACT_DERIVED
ternary_sample,3471,9,16,16,16,16,0,False,False,False,EXACT_DERIVED
ternary_sample,3472,9,16,16,16,16,0,False,False,False,EXACT_DERIVED
ternary_sample,3473,9,16,16,16,16,0,False,False,False,EXACT_DERIVED
ternary_sample,3474,9,16,16,16,16,0,False,False,False,EXACT_DERIVED
ternary_sample,3475,9,16,16,16,16,0,False,False,False,EXACT_DERIVED
ternary_sample,3476,9,16,16,16,16,0,False,False,False,EXACT_DERIVED
ternary_sample,3477,9,16,16,16,16,0,False,False,False,EXACT_DERIVED
ternary_sample,3478,9,16,16,16,16,0,False,False,False,EXACT_DERIVED
ternary_sample,3479,9,16,16,16,16,0,False,False,False,EXACT_DERIVED
ternary_sample,3480,9,16,16,16,16,0,False,False,False,EXACT_DERIVED
ternary_sample,3481,9,15,16,16,16,0,False,False,False,EXACT_DERIVED
ternary_sample,3482,9,15,16,16,16,0,False,False,False,EXACT_DERIVED
ternary_sample,3483,9,16,16,16,16,0,False,False,False,EXACT_DERIVED
ternary_sample,3484,9,16,16,16,16,0,False,False,False,EXACT_DERIVED
ternary_sample,3485,9,13,16,16,16,0,False,False,False,EXACT_DERIVED
ternary_sample,3486,9,16,16,16,16,0,False,False,False,EXACT_DERIVED
ternary_sample,3487,9,16,16,16,16,0,False,False,False,EXACT_DERIVED
ternary_sample,3488,9,16,16,16,16,0,False,False,False,EXACT_DERIVED
ternary_sample,3489,9,16,16,16,16,0,False,False,False,EXACT_DERIVED
ternary_sample,3490,9,16,16,16,16,0,False,False,False,EXACT_DERIVED
ternary_sample,3491,9,16,16,16,16,0,False,False,False,EXACT_DERIVED
ternary_sample,3492,9,16,16,16,16,0,False,False,False,EXACT_DERIVED
ternary_sample,3493,9,16,16,16,16,0,False,False,False,EXACT_DERIVED
ternary_sample,3494,9,16,16,16,16,0,False,False,False,EXACT_DERIVED
ternary_sample,3495,9,16,16,16,16,0,False,False,False,EXACT_DERIVED
ternary_sample,3496,9,16,16,16,16,0,False,False,False,EXACT_DERIVED
ternary_sample,3497,9,16,16,16,16,0,False,False,False,EXACT_DERIVED
ternary_sample,3498,9,15,16,16,16,0,False,False,False,EXACT_DERIVED
ternary_sample,3499,9,16,16,16,16,0,False,False,False,EXACT_DERIVED
ternary_sample,3500,9,15,16,16,16,0,False,False,False,EXACT_DERIVED
ternary_sample,3501,9,16,16,16,16,0,False,False,False,EXACT_DERIVED
ternary_sample,3502,9,16,16,16,16,0,False,False,False,EXACT_DERIVED
ternary_sample,3503,9,16,16,16,16,0,False,False,False,EXACT_DERIVED
ternary_sample,3504,9,15,16,16,16,0,False,False,False,EXACT_DERIVED
ternary_sample,3505,9,16,16,16,16,0,False,False,False,EXACT_DERIVED
ternary_sample,3506,9,16,16,16,16,0,False,False,False,EXACT_DERIVED
ternary_sample,3507,9,16,16,16,16,0,False,False,False,EXACT_DERIVED
ternary_sample,3508,9,16,16,16,16,0,False,False,False,EXACT_DERIVED
ternary_sample,3509,9,16,16,16,16,0,False,False,False,EXACT_DERIVED
ternary_sample,3510,9,16,16,16,16,0,False,False,False,EXACT_DERIVED
ternary_sample,3511,9,16,16,16,16,0,False,False,False,EXACT_DERIVED
ternary_sample,3512,9,16,16,16,16,0,False,False,False,EXACT_DERIVED
ternary_sample,3513,9,16,16,16,16,0,False,False,False,EXACT_DERIVED
ternary_sample,3514,9,16,16,16,16,0,False,False,False,EXACT_DERIVED
ternary_sample,3515,9,15,16,16,16,0,False,False,False,EXACT_DERIVED
ternary_sample,3516,9,16,16,16,16,0,False,False,False,EXACT_DERIVED
ternary_sample,3517,9,16,16,16,16,0,False,False,False,EXACT_DERIVED
ternary_sample,3518,9,16,16,16,16,0,False,False,False,EXACT_DERIVED
ternary_sample,3519,9,15,16,16,16,0,False,False,False,EXACT_DERIVED
ternary_sample,3520,9,16,16,16,16,0,False,False,False,EXACT_DERIVED
ternary_sample,3521,9,16,16,16,16,0,False,False,False,EXACT_DERIVED
ternary_sample,3522,9,16,16,16,16,0,False,False,False,EXACT_DERIVED
ternary_sample,3523,9,16,16,16,16,0,False,False,False,EXACT_DERIVED
ternary_sample,3524,9,16,16,16,16,0,False,False,False,EXACT_DERIVED
ternary_sample,3525,9,16,16,16,16,0,False,False,False,EXACT_DERIVED
ternary_sample,3526,9,16,16,16,16,0,False,False,False,EXACT_DERIVED
ternary_sample,3527,9,15,16,16,16,0,False,False,False,EXACT_DERIVED
ternary_sample,3528,9,15,16,16,16,0,False,False,False,EXACT_DERIVED
ternary_sample,3529,9,16,16,16,16,0,False,False,False,EXACT_DERIVED
ternary_sample,3530,9,16,16,16,16,0,False,False,False,EXACT_DERIVED
ternary_sample,3531,9,16,16,16,16,0,False,False,False,EXACT_DERIVED
ternary_sample,3532,9,16,16,16,16,0,False,False,False,EXACT_DERIVED
ternary_sample,3533,9,15,16,16,16,0,False,False,False,EXACT_DERIVED
ternary_sample,3534,9,16,16,16,16,0,False,False,False,EXACT_DERIVED
ternary_sample,3535,9,16,16,16,16,0,False,False,False,EXACT_DERIVED
ternary_sample,3536,9,16,16,16,16,0,False,False,False,EXACT_DERIVED
ternary_sample,3537,9,16,16,16,16,0,False,False,False,EXACT_DERIVED
ternary_sample,3538,9,16,16,16,16,0,False,False,False,EXACT_DERIVED
ternary_sample,3539,9,16,16,16,16,0,False,False,False,EXACT_DERIVED
ternary_sample,3540,9,15,16,16,16,0,False,False,False,EXACT_DERIVED
ternary_sample,3541,9,16,16,16,16,0,False,False,False,EXACT_DERIVED
ternary_sample,3542,9,16,16,16,16,0,False,False,False,EXACT_DERIVED
ternary_sample,3543,9,15,16,16,16,0,False,False,False,EXACT_DERIVED
ternary_sample,3544,9,16,16,16,16,0,False,False,False,EXACT_DERIVED
ternary_sample,3545,9,16,16,16,16,0,False,False,False,EXACT_DERIVED
ternary_sample,3546,9,16,16,16,16,0,False,False,False,EXACT_DERIVED
ternary_sample,3547,9,16,16,16,16,0,False,False,False,EXACT_DERIVED
ternary_sample,3548,9,16,16,16,16,0,False,False,False,EXACT_DERIVED
ternary_sample,3549,9,16,16,16,16,0,False,False,False,EXACT_DERIVED
ternary_sample,3550,9,15,16,16,16,0,False,False,False,EXACT_DERIVED
ternary_sample,3551,9,15,16,16,16,0,False,False,False,EXACT_DERIVED
ternary_sample,3552,9,16,16,16,16,0,False,False,False,EXACT_DERIVED
ternary_sample,3553,9,16,16,16,16,0,False,False,False,EXACT_DERIVED
ternary_sample,3554,9,16,16,16,16,0,False,False,False,EXACT_DERIVED
ternary_sample,3555,9,16,16,16,16,0,False,False,False,EXACT_DERIVED
ternary_sample,3556,9,16,16,16,16,0,False,False,False,EXACT_DERIVED
ternary_sample,3557,9,16,16,16,16,0,False,False,False,EXACT_DERIVED
ternary_sample,3558,9,16,16,16,16,0,False,False,False,EXACT_DERIVED
ternary_sample,3559,9,15,16,16,16,0,False,False,False,EXACT_DERIVED
ternary_sample,3560,9,16,16,16,16,0,False,False,False,EXACT_DERIVED
ternary_sample,3561,9,16,16,16,16,0,False,False,False,EXACT_DERIVED
ternary_sample,3562,9,16,16,16,16,0,False,False,False,EXACT_DERIVED
ternary_sample,3563,9,16,16,16,16,0,False,False,False,EXACT_DERIVED
ternary_sample,3564,9,15,16,16,16,0,False,False,False,EXACT_DERIVED
ternary_sample,3565,9,15,16,16,16,0,False,False,False,EXACT_DERIVED
ternary_sample,3566,9,15,16,16,16,0,False,False,False,EXACT_DERIVED
ternary_sample,3567,9,16,16,16,16,0,False,False,False,EXACT_DERIVED
ternary_sample,3568,9,16,16,16,16,0,False,False,False,EXACT_DERIVED
ternary_sample,3569,9,16,16,16,16,0,False,False,False,EXACT_DERIVED
ternary_sample,3570,9,15,16,16,16,0,False,False,False,EXACT_DERIVED
ternary_sample,3571,9,16,16,16,16,0,False,False,False,EXACT_DERIVED
ternary_sample,3572,9,16,16,16,16,0,False,False,False,EXACT_DERIVED
ternary_sample,3573,9,16,16,16,16,0,False,False,False,EXACT_DERIVED
ternary_sample,3574,9,16,16,16,16,0,False,False,False,EXACT_DERIVED
ternary_sample,3575,9,16,16,16,16,0,False,False,False,EXACT_DERIVED
ternary_sample,3576,9,16,16,16,16,0,False,False,False,EXACT_DERIVED
ternary_sample,3577,9,16,16,16,16,0,False,False,False,EXACT_DERIVED
ternary_sample,3578,9,16,16,16,16,0,False,False,False,EXACT_DERIVED
ternary_sample,3579,9,15,16,16,16,0,False,False,False,EXACT_DERIVED
ternary_sample,3580,9,16,16,16,16,0,False,False,False,EXACT_DERIVED
ternary_sample,3581,9,16,16,16,16,0,False,False,False,EXACT_DERIVED
ternary_sample,3582,9,16,16,16,16,0,False,False,False,EXACT_DERIVED
ternary_sample,3583,9,16,16,16,16,0,False,False,False,EXACT_DERIVED
ternary_sample,3584,9,16,16,16,16,0,False,False,False,EXACT_DERIVED
ternary_sample,3585,9,16,16,16,16,0,False,False,False,EXACT_DERIVED
ternary_sample,3586,9,15,16,16,16,0,False,False,False,EXACT_DERIVED
ternary_sample,3587,9,15,16,16,16,0,False,False,False,EXACT_DERIVED
ternary_sample,3588,9,16,16,16,16,0,False,False,False,EXACT_DERIVED
ternary_sample,3589,9,16,16,16,16,0,False,False,False,EXACT_DERIVED
ternary_sample,3590,9,16,16,16,16,0,False,False,False,EXACT_DERIVED
ternary_sample,3591,9,16,16,16,16,0,False,False,False,EXACT_DERIVED
ternary_sample,3592,9,15,16,16,16,0,False,False,False,EXACT_DERIVED
ternary_sample,3593,9,16,16,16,16,0,False,False,False,EXACT_DERIVED
ternary_sample,3594,9,16,16,16,16,0,False,False,False,EXACT_DERIVED
ternary_sample,3595,9,16,16,16,16,0,False,False,False,EXACT_DERIVED
ternary_sample,3596,9,16,16,16,16,0,False,False,False,EXACT_DERIVED
ternary_sample,3597,9,16,16,16,16,0,False,False,False,EXACT_DERIVED
ternary_sample,3598,9,16,16,16,16,0,False,False,False,EXACT_DERIVED
ternary_sample,3599,9,15,16,16,16,0,False,False,False,EXACT_DERIVED
ternary_sample,3600,9,16,16,16,16,0,False,False,False,EXACT_DERIVED
ternary_sample,3601,9,16,16,16,16,0,False,False,False,EXACT_DERIVED
ternary_sample,3602,9,16,16,16,16,0,False,False,False,EXACT_DERIVED
ternary_sample,3603,9,16,16,16,16,0,False,False,False,EXACT_DERIVED
ternary_sample,3604,9,16,16,16,16,0,False,False,False,EXACT_DERIVED
ternary_sample,3605,9,16,16,16,16,0,False,False,False,EXACT_DERIVED
ternary_sample,3606,9,16,16,16,16,0,False,False,False,EXACT_DERIVED
ternary_sample,3607,9,16,16,16,16,0,False,False,False,EXACT_DERIVED
ternary_sample,3608,9,16,16,16,16,0,False,False,False,EXACT_DERIVED
ternary_sample,3609,9,16,16,16,16,0,False,False,False,EXACT_DERIVED
ternary_sample,3610,9,15,16,16,16,0,False,False,False,EXACT_DERIVED
ternary_sample,3611,9,16,16,16,16,0,False,False,False,EXACT_DERIVED
ternary_sample,3612,9,16,16,16,16,0,False,False,False,EXACT_DERIVED
ternary_sample,3613,9,16,16,16,16,0,False,False,False,EXACT_DERIVED
ternary_sample,3614,9,16,16,16,16,0,False,False,False,EXACT_DERIVED
ternary_sample,3615,9,16,16,16,16,0,False,False,False,EXACT_DERIVED
ternary_sample,3616,9,15,16,16,16,0,False,False,False,EXACT_DERIVED
ternary_sample,3617,9,16,16,16,16,0,False,False,False,EXACT_DERIVED
ternary_sample,3618,9,15,16,16,16,0,False,False,False,EXACT_DERIVED
ternary_sample,3619,9,15,16,16,16,0,False,False,False,EXACT_DERIVED
ternary_sample,3620,9,16,16,16,16,0,False,False,False,EXACT_DERIVED
ternary_sample,3621,9,16,16,16,16,0,False,False,False,EXACT_DERIVED
ternary_sample,3622,9,16,16,16,16,0,False,False,False,EXACT_DERIVED
ternary_sample,3623,9,16,16,16,16,0,False,False,False,EXACT_DERIVED
ternary_sample,3624,9,16,16,16,16,0,False,False,False,EXACT_DERIVED
ternary_sample,3625,9,16,16,16,16,0,False,False,False,EXACT_DERIVED
ternary_sample,3626,9,16,16,16,16,0,False,False,False,EXACT_DERIVED
ternary_sample,3627,9,16,16,16,16,0,False,False,False,EXACT_DERIVED
ternary_sample,3628,9,16,16,16,16,0,False,False,False,EXACT_DERIVED
ternary_sample,3629,9,15,16,16,16,0,False,False,False,EXACT_DERIVED
ternary_sample,3630,9,16,16,16,16,0,False,False,False,EXACT_DERIVED
ternary_sample,3631,9,16,16,16,16,0,False,False,False,EXACT_DERIVED
ternary_sample,3632,9,16,16,16,16,0,False,False,False,EXACT_DERIVED
ternary_sample,3633,9,16,16,16,16,0,False,False,False,EXACT_DERIVED
ternary_sample,3634,9,16,16,16,16,0,False,False,False,EXACT_DERIVED
ternary_sample,3635,9,16,16,16,16,0,False,False,False,EXACT_DERIVED
ternary_sample,3636,9,16,16,16,16,0,False,False,False,EXACT_DERIVED
ternary_sample,3637,9,16,16,16,16,0,False,False,False,EXACT_DERIVED
ternary_sample,3638,9,16,16,16,16,0,False,False,False,EXACT_DERIVED
ternary_sample,3639,9,16,16,16,16,0,False,False,False,EXACT_DERIVED
ternary_sample,3640,9,15,16,16,16,0,False,False,False,EXACT_DERIVED
ternary_sample,3641,9,16,16,16,16,0,False,False,False,EXACT_DERIVED
ternary_sample,3642,9,15,16,16,16,0,False,False,False,EXACT_DERIVED
ternary_sample,3643,9,16,16,16,16,0,False,False,False,EXACT_DERIVED
ternary_sample,3644,9,16,16,16,16,0,False,False,False,EXACT_DERIVED
ternary_sample,3645,9,16,16,16,16,0,False,False,False,EXACT_DERIVED
ternary_sample,3646,9,16,16,16,16,0,False,False,False,EXACT_DERIVED
ternary_sample,3647,9,16,16,16,16,0,False,False,False,EXACT_DERIVED
ternary_sample,3648,9,15,16,16,16,0,False,False,False,EXACT_DERIVED
ternary_sample,3649,9,16,16,16,16,0,False,False,False,EXACT_DERIVED
ternary_sample,3650,9,16,16,16,16,0,False,False,False,EXACT_DERIVED
ternary_sample,3651,9,16,16,16,16,0,False,False,False,EXACT_DERIVED
ternary_sample,3652,9,16,16,16,16,0,False,False,False,EXACT_DERIVED
ternary_sample,3653,9,14,16,16,16,0,False,False,False,EXACT_DERIVED
ternary_sample,3654,9,16,16,16,16,0,False,False,False,EXACT_DERIVED
ternary_sample,3655,9,16,16,16,16,0,False,False,False,EXACT_DERIVED
ternary_sample,3656,9,16,16,16,16,0,False,False,False,EXACT_DERIVED
ternary_sample,3657,9,16,16,16,16,0,False,False,False,EXACT_DERIVED
ternary_sample,3658,9,16,16,16,16,0,False,False,False,EXACT_DERIVED
ternary_sample,3659,9,16,16,16,16,0,False,False,False,EXACT_DERIVED
ternary_sample,3660,9,16,16,16,16,0,False,False,False,EXACT_DERIVED
ternary_sample,3661,9,16,16,16,16,0,False,False,False,EXACT_DERIVED
ternary_sample,3662,9,15,16,16,16,0,False,False,False,EXACT_DERIVED
ternary_sample,3663,9,16,16,16,16,0,False,False,False,EXACT_DERIVED
ternary_sample,3664,9,16,16,16,16,0,False,False,False,EXACT_DERIVED
ternary_sample,3665,9,16,16,16,16,0,False,False,False,EXACT_DERIVED
ternary_sample,3666,9,16,16,16,16,0,False,False,False,EXACT_DERIVED
ternary_sample,3667,9,16,16,16,16,0,False,False,False,EXACT_DERIVED
ternary_sample,3668,9,16,16,16,16,0,False,False,False,EXACT_DERIVED
ternary_sample,3669,9,16,16,16,16,0,False,False,False,EXACT_DERIVED
ternary_sample,3670,9,16,16,16,16,0,False,False,False,EXACT_DERIVED
ternary_sample,3671,9,16,16,16,16,0,False,False,False,EXACT_DERIVED
ternary_sample,3672,9,16,16,16,16,0,False,False,False,EXACT_DERIVED
ternary_sample,3673,9,16,16,16,16,0,False,False,False,EXACT_DERIVED
ternary_sample,3674,9,15,16,16,16,0,False,False,False,EXACT_DERIVED
ternary_sample,3675,8,15,16,16,16,0,False,False,False,EXACT_DERIVED
ternary_sample,3676,9,15,16,16,16,0,False,False,False,EXACT_DERIVED
ternary_sample,3677,9,16,16,16,16,0,False,False,False,EXACT_DERIVED
ternary_sample,3678,9,16,16,16,16,0,False,False,False,EXACT_DERIVED
ternary_sample,3679,9,16,16,16,16,0,False,False,False,EXACT_DERIVED
ternary_sample,3680,9,16,16,16,16,0,False,False,False,EXACT_DERIVED
ternary_sample,3681,9,16,16,16,16,0,False,False,False,EXACT_DERIVED
ternary_sample,3682,9,16,16,16,16,0,False,False,False,EXACT_DERIVED
ternary_sample,3683,9,14,16,16,16,0,False,False,False,EXACT_DERIVED
ternary_sample,3684,9,16,16,16,16,0,False,False,False,EXACT_DERIVED
ternary_sample,3685,9,15,16,16,16,0,False,False,False,EXACT_DERIVED
ternary_sample,3686,9,16,16,16,16,0,False,False,False,EXACT_DERIVED
ternary_sample,3687,9,16,16,16,16,0,False,False,False,EXACT_DERIVED
ternary_sample,3688,9,15,16,16,16,0,False,False,False,EXACT_DERIVED
ternary_sample,3689,9,16,16,16,16,0,False,False,False,EXACT_DERIVED
ternary_sample,3690,9,16,16,16,16,0,False,False,False,EXACT_DERIVED
ternary_sample,3691,9,16,16,16,16,0,False,False,False,EXACT_DERIVED
ternary_sample,3692,9,16,16,16,16,0,False,False,False,EXACT_DERIVED
ternary_sample,3693,9,16,16,16,16,0,False,False,False,EXACT_DERIVED
ternary_sample,3694,9,16,16,16,16,0,False,False,False,EXACT_DERIVED
ternary_sample,3695,9,16,16,16,16,0,False,False,False,EXACT_DERIVED
ternary_sample,3696,9,15,16,16,16,0,False,False,False,EXACT_DERIVED
ternary_sample,3697,9,16,16,16,16,0,False,False,False,EXACT_DERIVED
ternary_sample,3698,9,16,16,16,16,0,False,False,False,EXACT_DERIVED
ternary_sample,3699,9,16,16,16,16,0,False,False,False,EXACT_DERIVED
ternary_sample,3700,9,16,16,16,16,0,False,False,False,EXACT_DERIVED
ternary_sample,3701,9,16,16,16,16,0,False,False,False,EXACT_DERIVED
ternary_sample,3702,9,16,16,16,16,0,False,False,False,EXACT_DERIVED
ternary_sample,3703,9,16,16,16,16,0,False,False,False,EXACT_DERIVED
ternary_sample,3704,9,16,16,16,16,0,False,False,False,EXACT_DERIVED
ternary_sample,3705,9,16,16,16,16,0,False,False,False,EXACT_DERIVED
ternary_sample,3706,9,16,16,16,16,0,False,False,False,EXACT_DERIVED
ternary_sample,3707,9,16,16,16,16,0,False,False,False,EXACT_DERIVED
ternary_sample,3708,9,16,16,16,16,0,False,False,False,EXACT_DERIVED
ternary_sample,3709,9,16,16,16,16,0,False,False,False,EXACT_DERIVED
ternary_sample,3710,9,16,16,16,16,0,False,False,False,EXACT_DERIVED
ternary_sample,3711,9,16,16,16,16,0,False,False,False,EXACT_DERIVED
ternary_sample,3712,9,16,16,16,16,0,False,False,False,EXACT_DERIVED
ternary_sample,3713,9,16,16,16,16,0,False,False,False,EXACT_DERIVED
ternary_sample,3714,9,15,16,16,16,0,False,False,False,EXACT_DERIVED
ternary_sample,3715,9,14,16,16,16,0,False,False,False,EXACT_DERIVED
ternary_sample,3716,9,16,16,16,16,0,False,False,False,EXACT_DERIVED
ternary_sample,3717,9,16,16,16,16,0,False,False,False,EXACT_DERIVED
ternary_sample,3718,9,16,16,16,16,0,False,False,False,EXACT_DERIVED
ternary_sample,3719,9,16,16,16,16,0,False,False,False,EXACT_DERIVED
ternary_sample,3720,9,16,16,16,16,0,False,False,False,EXACT_DERIVED
ternary_sample,3721,9,15,16,16,16,0,False,False,False,EXACT_DERIVED
ternary_sample,3722,9,16,16,16,16,0,False,False,False,EXACT_DERIVED
ternary_sample,3723,9,16,16,16,16,0,False,False,False,EXACT_DERIVED
ternary_sample,3724,9,15,16,16,16,0,False,False,False,EXACT_DERIVED
ternary_sample,3725,9,16,16,16,16,0,False,False,False,EXACT_DERIVED
ternary_sample,3726,9,16,16,16,16,0,False,False,False,EXACT_DERIVED
ternary_sample,3727,9,15,16,16,16,0,False,False,False,EXACT_DERIVED
ternary_sample,3728,9,16,16,16,16,0,False,False,False,EXACT_DERIVED
ternary_sample,3729,9,16,16,16,16,0,False,False,False,EXACT_DERIVED
ternary_sample,3730,9,16,16,16,16,0,False,False,False,EXACT_DERIVED
ternary_sample,3731,9,16,16,16,16,0,False,False,False,EXACT_DERIVED
ternary_sample,3732,9,16,16,16,16,0,False,False,False,EXACT_DERIVED
ternary_sample,3733,9,16,16,16,16,0,False,False,False,EXACT_DERIVED
ternary_sample,3734,9,16,16,16,16,0,False,False,False,EXACT_DERIVED
ternary_sample,3735,9,16,16,16,16,0,False,False,False,EXACT_DERIVED
ternary_sample,3736,9,16,16,16,16,0,False,False,False,EXACT_DERIVED
ternary_sample,3737,9,16,16,16,16,0,False,False,False,EXACT_DERIVED
ternary_sample,3738,9,16,16,16,16,0,False,False,False,EXACT_DERIVED
ternary_sample,3739,9,16,16,16,16,0,False,False,False,EXACT_DERIVED
ternary_sample,3740,9,16,16,16,16,0,False,False,False,EXACT_DERIVED
ternary_sample,3741,9,15,16,16,16,0,False,False,False,EXACT_DERIVED
ternary_sample,3742,9,15,16,16,16,0,False,False,False,EXACT_DERIVED
ternary_sample,3743,9,15,16,16,16,0,False,False,False,EXACT_DERIVED
ternary_sample,3744,9,15,16,16,16,0,False,False,False,EXACT_DERIVED
ternary_sample,3745,9,16,16,16,16,0,False,False,False,EXACT_DERIVED
ternary_sample,3746,9,16,16,16,16,0,False,False,False,EXACT_DERIVED
ternary_sample,3747,9,16,16,16,16,0,False,False,False,EXACT_DERIVED
ternary_sample,3748,9,16,16,16,16,0,False,False,False,EXACT_DERIVED
ternary_sample,3749,9,16,16,16,16,0,False,False,False,EXACT_DERIVED
ternary_sample,3750,9,15,16,16,16,0,False,False,False,EXACT_DERIVED
ternary_sample,3751,9,16,16,16,16,0,False,False,False,EXACT_DERIVED
ternary_sample,3752,9,16,16,16,16,0,False,False,False,EXACT_DERIVED
ternary_sample,3753,9,15,16,16,16,0,False,False,False,EXACT_DERIVED
ternary_sample,3754,9,16,16,16,16,0,False,False,False,EXACT_DERIVED
ternary_sample,3755,9,16,16,16,16,0,False,False,False,EXACT_DERIVED
ternary_sample,3756,9,16,16,16,16,0,False,False,False,EXACT_DERIVED
ternary_sample,3757,9,16,16,16,16,0,False,False,False,EXACT_DERIVED
ternary_sample,3758,9,16,16,16,16,0,False,False,False,EXACT_DERIVED
ternary_sample,3759,9,16,16,16,16,0,False,False,False,EXACT_DERIVED
ternary_sample,3760,9,16,16,16,16,0,False,False,False,EXACT_DERIVED
ternary_sample,3761,9,16,16,16,16,0,False,False,False,EXACT_DERIVED
ternary_sample,3762,9,16,16,16,16,0,False,False,False,EXACT_DERIVED
ternary_sample,3763,9,15,16,16,16,0,False,False,False,EXACT_DERIVED
ternary_sample,3764,9,16,16,16,16,0,False,False,False,EXACT_DERIVED
ternary_sample,3765,9,16,16,16,16,0,False,False,False,EXACT_DERIVED
ternary_sample,3766,9,15,16,16,16,0,False,False,False,EXACT_DERIVED
ternary_sample,3767,9,15,16,16,16,0,False,False,False,EXACT_DERIVED
ternary_sample,3768,9,16,16,16,16,0,False,False,False,EXACT_DERIVED
ternary_sample,3769,9,16,16,16,16,0,False,False,False,EXACT_DERIVED
ternary_sample,3770,9,16,16,16,16,0,False,False,False,EXACT_DERIVED
ternary_sample,3771,9,15,16,16,16,0,False,False,False,EXACT_DERIVED
ternary_sample,3772,9,16,16,16,16,0,False,False,False,EXACT_DERIVED
ternary_sample,3773,9,16,16,16,16,0,False,False,False,EXACT_DERIVED
ternary_sample,3774,9,16,16,16,16,0,False,False,False,EXACT_DERIVED
ternary_sample,3775,9,16,16,16,16,0,False,False,False,EXACT_DERIVED
ternary_sample,3776,9,15,16,16,16,0,False,False,False,EXACT_DERIVED
ternary_sample,3777,9,16,16,16,16,0,False,False,False,EXACT_DERIVED
ternary_sample,3778,9,16,16,16,16,0,False,False,False,EXACT_DERIVED
ternary_sample,3779,9,15,16,16,16,0,False,False,False,EXACT_DERIVED
ternary_sample,3780,9,16,16,16,16,0,False,False,False,EXACT_DERIVED
ternary_sample,3781,9,16,16,16,16,0,False,False,False,EXACT_DERIVED
ternary_sample,3782,9,16,16,16,16,0,False,False,False,EXACT_DERIVED
ternary_sample,3783,9,16,16,16,16,0,False,False,False,EXACT_DERIVED
ternary_sample,3784,9,16,16,16,16,0,False,False,False,EXACT_DERIVED
ternary_sample,3785,9,14,16,16,16,0,False,False,False,EXACT_DERIVED
ternary_sample,3786,9,16,16,16,16,0,False,False,False,EXACT_DERIVED
ternary_sample,3787,9,16,16,16,16,0,False,False,False,EXACT_DERIVED
ternary_sample,3788,9,16,16,16,16,0,False,False,False,EXACT_DERIVED
ternary_sample,3789,9,16,16,16,16,0,False,False,False,EXACT_DERIVED
ternary_sample,3790,9,16,16,16,16,0,False,False,False,EXACT_DERIVED
ternary_sample,3791,9,16,16,16,16,0,False,False,False,EXACT_DERIVED
ternary_sample,3792,9,16,16,16,16,0,False,False,False,EXACT_DERIVED
ternary_sample,3793,9,16,16,16,16,0,False,False,False,EXACT_DERIVED
ternary_sample,3794,9,16,16,16,16,0,False,False,False,EXACT_DERIVED
ternary_sample,3795,9,16,16,16,16,0,False,False,False,EXACT_DERIVED
ternary_sample,3796,9,16,16,16,16,0,False,False,False,EXACT_DERIVED
ternary_sample,3797,9,16,16,16,16,0,False,False,False,EXACT_DERIVED
ternary_sample,3798,9,16,16,16,16,0,False,False,False,EXACT_DERIVED
ternary_sample,3799,9,16,16,16,16,0,False,False,False,EXACT_DERIVED
ternary_sample,3800,9,16,16,16,16,0,False,False,False,EXACT_DERIVED
ternary_sample,3801,9,16,16,16,16,0,False,False,False,EXACT_DERIVED
ternary_sample,3802,9,16,16,16,16,0,False,False,False,EXACT_DERIVED
ternary_sample,3803,9,16,16,16,16,0,False,False,False,EXACT_DERIVED
ternary_sample,3804,9,16,16,16,16,0,False,False,False,EXACT_DERIVED
ternary_sample,3805,9,16,16,16,16,0,False,False,False,EXACT_DERIVED
ternary_sample,3806,9,16,16,16,16,0,False,False,False,EXACT_DERIVED
ternary_sample,3807,9,16,16,16,16,0,False,False,False,EXACT_DERIVED
ternary_sample,3808,9,16,16,16,16,0,False,False,False,EXACT_DERIVED
ternary_sample,3809,9,16,16,16,16,0,False,False,False,EXACT_DERIVED
ternary_sample,3810,9,16,16,16,16,0,False,False,False,EXACT_DERIVED
ternary_sample,3811,9,16,16,16,16,0,False,False,False,EXACT_DERIVED
ternary_sample,3812,9,16,16,16,16,0,False,False,False,EXACT_DERIVED
ternary_sample,3813,9,16,16,16,16,0,False,False,False,EXACT_DERIVED
ternary_sample,3814,9,16,16,16,16,0,False,False,False,EXACT_DERIVED
ternary_sample,3815,9,16,16,16,16,0,False,False,False,EXACT_DERIVED
ternary_sample,3816,9,16,16,16,16,0,False,False,False,EXACT_DERIVED
ternary_sample,3817,9,16,16,16,16,0,False,False,False,EXACT_DERIVED
ternary_sample,3818,9,16,16,16,16,0,False,False,False,EXACT_DERIVED
ternary_sample,3819,9,16,16,16,16,0,False,False,False,EXACT_DERIVED
ternary_sample,3820,9,16,16,16,16,0,False,False,False,EXACT_DERIVED
ternary_sample,3821,9,15,16,16,16,0,False,False,False,EXACT_DERIVED
ternary_sample,3822,9,16,16,16,16,0,False,False,False,EXACT_DERIVED
ternary_sample,3823,9,16,16,16,16,0,False,False,False,EXACT_DERIVED
ternary_sample,3824,9,16,16,16,16,0,False,False,False,EXACT_DERIVED
ternary_sample,3825,9,16,16,16,16,0,False,False,False,EXACT_DERIVED
ternary_sample,3826,9,16,16,16,16,0,False,False,False,EXACT_DERIVED
ternary_sample,3827,9,16,16,16,16,0,False,False,False,EXACT_DERIVED
ternary_sample,3828,9,16,16,16,16,0,False,False,False,EXACT_DERIVED
ternary_sample,3829,9,16,16,16,16,0,False,False,False,EXACT_DERIVED
ternary_sample,3830,9,16,16,16,16,0,False,False,False,EXACT_DERIVED
ternary_sample,3831,9,16,16,16,16,0,False,False,False,EXACT_DERIVED
ternary_sample,3832,9,16,16,16,16,0,False,False,False,EXACT_DERIVED
ternary_sample,3833,9,16,16,16,16,0,False,False,False,EXACT_DERIVED
ternary_sample,3834,9,16,16,16,16,0,False,False,False,EXACT_DERIVED
ternary_sample,3835,9,16,16,16,16,0,False,False,False,EXACT_DERIVED
ternary_sample,3836,9,16,16,16,16,0,False,False,False,EXACT_DERIVED
ternary_sample,3837,9,16,16,16,16,0,False,False,False,EXACT_DERIVED
ternary_sample,3838,9,16,16,16,16,0,False,False,False,EXACT_DERIVED
ternary_sample,3839,9,16,16,16,16,0,False,False,False,EXACT_DERIVED
ternary_sample,3840,9,16,16,16,16,0,False,False,False,EXACT_DERIVED
ternary_sample,3841,9,16,16,16,16,0,False,False,False,EXACT_DERIVED
ternary_sample,3842,9,16,16,16,16,0,False,False,False,EXACT_DERIVED
ternary_sample,3843,9,16,16,16,16,0,False,False,False,EXACT_DERIVED
ternary_sample,3844,9,16,16,16,16,0,False,False,False,EXACT_DERIVED
ternary_sample,3845,9,16,16,16,16,0,False,False,False,EXACT_DERIVED
ternary_sample,3846,9,16,16,16,16,0,False,False,False,EXACT_DERIVED
ternary_sample,3847,9,16,16,16,16,0,False,False,False,EXACT_DERIVED
ternary_sample,3848,9,16,16,16,16,0,False,False,False,EXACT_DERIVED
ternary_sample,3849,9,16,16,16,16,0,False,False,False,EXACT_DERIVED
ternary_sample,3850,9,16,16,16,16,0,False,False,False,EXACT_DERIVED
ternary_sample,3851,9,16,16,16,16,0,False,False,False,EXACT_DERIVED
ternary_sample,3852,9,15,16,16,16,0,False,False,False,EXACT_DERIVED
ternary_sample,3853,9,16,16,16,16,0,False,False,False,EXACT_DERIVED
ternary_sample,3854,9,16,16,16,16,0,False,False,False,EXACT_DERIVED
ternary_sample,3855,9,15,16,16,16,0,False,False,False,EXACT_DERIVED
ternary_sample,3856,9,16,16,16,16,0,False,False,False,EXACT_DERIVED
ternary_sample,3857,9,16,16,16,16,0,False,False,False,EXACT_DERIVED
ternary_sample,3858,9,16,16,16,16,0,False,False,False,EXACT_DERIVED
ternary_sample,3859,9,15,16,16,16,0,False,False,False,EXACT_DERIVED
ternary_sample,3860,9,16,16,16,16,0,False,False,False,EXACT_DERIVED
ternary_sample,3861,9,16,16,16,16,0,False,False,False,EXACT_DERIVED
ternary_sample,3862,9,16,16,16,16,0,False,False,False,EXACT_DERIVED
ternary_sample,3863,9,16,16,16,16,0,False,False,False,EXACT_DERIVED
ternary_sample,3864,9,14,16,16,16,0,False,False,False,EXACT_DERIVED
ternary_sample,3865,9,16,16,16,16,0,False,False,False,EXACT_DERIVED
ternary_sample,3866,9,16,16,16,16,0,False,False,False,EXACT_DERIVED
ternary_sample,3867,9,16,16,16,16,0,False,False,False,EXACT_DERIVED
ternary_sample,3868,9,16,16,16,16,0,False,False,False,EXACT_DERIVED
ternary_sample,3869,9,16,16,16,16,0,False,False,False,EXACT_DERIVED
ternary_sample,3870,9,15,16,16,16,0,False,False,False,EXACT_DERIVED
ternary_sample,3871,9,16,16,16,16,0,False,False,False,EXACT_DERIVED
ternary_sample,3872,9,16,16,16,16,0,False,False,False,EXACT_DERIVED
ternary_sample,3873,9,15,16,16,16,0,False,False,False,EXACT_DERIVED
ternary_sample,3874,9,14,16,16,16,0,False,False,False,EXACT_DERIVED
ternary_sample,3875,9,16,16,16,16,0,False,False,False,EXACT_DERIVED
ternary_sample,3876,9,16,16,16,16,0,False,False,False,EXACT_DERIVED
ternary_sample,3877,9,16,16,16,16,0,False,False,False,EXACT_DERIVED
ternary_sample,3878,9,16,16,16,16,0,False,False,False,EXACT_DERIVED
ternary_sample,3879,9,16,16,16,16,0,False,False,False,EXACT_DERIVED
ternary_sample,3880,9,16,16,16,16,0,False,False,False,EXACT_DERIVED
ternary_sample,3881,9,15,16,16,16,0,False,False,False,EXACT_DERIVED
ternary_sample,3882,9,16,16,16,16,0,False,False,False,EXACT_DERIVED
ternary_sample,3883,9,16,16,16,16,0,False,False,False,EXACT_DERIVED
ternary_sample,3884,9,16,16,16,16,0,False,False,False,EXACT_DERIVED
ternary_sample,3885,9,16,16,16,16,0,False,False,False,EXACT_DERIVED
ternary_sample,3886,9,16,16,16,16,0,False,False,False,EXACT_DERIVED
ternary_sample,3887,9,16,16,16,16,0,False,False,False,EXACT_DERIVED
ternary_sample,3888,9,16,16,16,16,0,False,False,False,EXACT_DERIVED
ternary_sample,3889,9,16,16,16,16,0,False,False,False,EXACT_DERIVED
ternary_sample,3890,9,16,16,16,16,0,False,False,False,EXACT_DERIVED
ternary_sample,3891,9,16,16,16,16,0,False,False,False,EXACT_DERIVED
ternary_sample,3892,9,16,16,16,16,0,False,False,False,EXACT_DERIVED
ternary_sample,3893,9,16,16,16,16,0,False,False,False,EXACT_DERIVED
ternary_sample,3894,9,16,16,16,16,0,False,False,False,EXACT_DERIVED
ternary_sample,3895,9,15,16,16,16,0,False,False,False,EXACT_DERIVED
ternary_sample,3896,9,16,16,16,16,0,False,False,False,EXACT_DERIVED
ternary_sample,3897,9,16,16,16,16,0,False,False,False,EXACT_DERIVED
ternary_sample,3898,9,16,16,16,16,0,False,False,False,EXACT_DERIVED
ternary_sample,3899,9,16,16,16,16,0,False,False,False,EXACT_DERIVED
ternary_sample,3900,9,16,16,16,16,0,False,False,False,EXACT_DERIVED
ternary_sample,3901,9,14,16,16,16,0,False,False,False,EXACT_DERIVED
ternary_sample,3902,9,16,16,16,16,0,False,False,False,EXACT_DERIVED
ternary_sample,3903,9,16,16,16,16,0,False,False,False,EXACT_DERIVED
ternary_sample,3904,9,16,16,16,16,0,False,False,False,EXACT_DERIVED
ternary_sample,3905,9,16,16,16,16,0,False,False,False,EXACT_DERIVED
ternary_sample,3906,9,16,16,16,16,0,False,False,False,EXACT_DERIVED
ternary_sample,3907,9,16,16,16,16,0,False,False,False,EXACT_DERIVED
ternary_sample,3908,9,16,16,16,16,0,False,False,False,EXACT_DERIVED
ternary_sample,3909,9,16,16,16,16,0,False,False,False,EXACT_DERIVED
ternary_sample,3910,9,16,16,16,16,0,False,False,False,EXACT_DERIVED
ternary_sample,3911,9,16,16,16,16,0,False,False,False,EXACT_DERIVED
ternary_sample,3912,9,15,16,16,16,0,False,False,False,EXACT_DERIVED
ternary_sample,3913,9,16,16,16,16,0,False,False,False,EXACT_DERIVED
ternary_sample,3914,9,16,16,16,16,0,False,False,False,EXACT_DERIVED
ternary_sample,3915,9,16,16,16,16,0,False,False,False,EXACT_DERIVED
ternary_sample,3916,9,16,16,16,16,0,False,False,False,EXACT_DERIVED
ternary_sample,3917,9,16,16,16,16,0,False,False,False,EXACT_DERIVED
ternary_sample,3918,9,16,16,16,16,0,False,False,False,EXACT_DERIVED
ternary_sample,3919,9,16,16,16,16,0,False,False,False,EXACT_DERIVED
ternary_sample,3920,9,14,16,16,16,0,False,False,False,EXACT_DERIVED
ternary_sample,3921,9,16,16,16,16,0,False,False,False,EXACT_DERIVED
ternary_sample,3922,9,16,16,16,16,0,False,False,False,EXACT_DERIVED
ternary_sample,3923,9,16,16,16,16,0,False,False,False,EXACT_DERIVED
ternary_sample,3924,9,16,16,16,16,0,False,False,False,EXACT_DERIVED
ternary_sample,3925,9,16,16,16,16,0,False,False,False,EXACT_DERIVED
ternary_sample,3926,9,16,16,16,16,0,False,False,False,EXACT_DERIVED
ternary_sample,3927,9,16,16,16,16,0,False,False,False,EXACT_DERIVED
ternary_sample,3928,9,16,16,16,16,0,False,False,False,EXACT_DERIVED
ternary_sample,3929,9,16,16,16,16,0,False,False,False,EXACT_DERIVED
ternary_sample,3930,9,16,16,16,16,0,False,False,False,EXACT_DERIVED
ternary_sample,3931,9,15,16,16,16,0,False,False,False,EXACT_DERIVED
ternary_sample,3932,9,16,16,16,16,0,False,False,False,EXACT_DERIVED
ternary_sample,3933,9,16,16,16,16,0,False,False,False,EXACT_DERIVED
ternary_sample,3934,9,16,16,16,16,0,False,False,False,EXACT_DERIVED
ternary_sample,3935,9,16,16,16,16,0,False,False,False,EXACT_DERIVED
ternary_sample,3936,9,16,16,16,16,0,False,False,False,EXACT_DERIVED
ternary_sample,3937,9,16,16,16,16,0,False,False,False,EXACT_DERIVED
ternary_sample,3938,9,16,16,16,16,0,False,False,False,EXACT_DERIVED
ternary_sample,3939,9,16,16,16,16,0,False,False,False,EXACT_DERIVED
ternary_sample,3940,9,16,16,16,16,0,False,False,False,EXACT_DERIVED
ternary_sample,3941,9,16,16,16,16,0,False,False,False,EXACT_DERIVED
ternary_sample,3942,9,16,16,16,16,0,False,False,False,EXACT_DERIVED
ternary_sample,3943,9,16,16,16,16,0,False,False,False,EXACT_DERIVED
ternary_sample,3944,9,16,16,16,16,0,False,False,False,EXACT_DERIVED
ternary_sample,3945,9,16,16,16,16,0,False,False,False,EXACT_DERIVED
ternary_sample,3946,9,14,16,16,16,0,False,False,False,EXACT_DERIVED
ternary_sample,3947,9,15,16,16,16,0,False,False,False,EXACT_DERIVED
ternary_sample,3948,9,16,16,16,16,0,False,False,False,EXACT_DERIVED
ternary_sample,3949,9,15,16,16,16,0,False,False,False,EXACT_DERIVED
ternary_sample,3950,9,16,16,16,16,0,False,False,False,EXACT_DERIVED
ternary_sample,3951,9,16,16,16,16,0,False,False,False,EXACT_DERIVED
ternary_sample,3952,9,16,16,16,16,0,False,False,False,EXACT_DERIVED
ternary_sample,3953,9,16,16,16,16,0,False,False,False,EXACT_DERIVED
ternary_sample,3954,9,16,16,16,16,0,False,False,False,EXACT_DERIVED
ternary_sample,3955,9,16,16,16,16,0,False,False,False,EXACT_DERIVED
ternary_sample,3956,9,16,16,16,16,0,False,False,False,EXACT_DERIVED
ternary_sample,3957,9,16,16,16,16,0,False,False,False,EXACT_DERIVED
ternary_sample,3958,9,16,16,16,16,0,False,False,False,EXACT_DERIVED
ternary_sample,3959,9,16,16,16,16,0,False,False,False,EXACT_DERIVED
ternary_sample,3960,9,16,16,16,16,0,False,False,False,EXACT_DERIVED
ternary_sample,3961,9,16,16,16,16,0,False,False,False,EXACT_DERIVED
ternary_sample,3962,9,16,16,16,16,0,False,False,False,EXACT_DERIVED
ternary_sample,3963,9,16,16,16,16,0,False,False,False,EXACT_DERIVED
ternary_sample,3964,9,15,16,16,16,0,False,False,False,EXACT_DERIVED
ternary_sample,3965,9,16,16,16,16,0,False,False,False,EXACT_DERIVED
ternary_sample,3966,9,15,16,16,16,0,False,False,False,EXACT_DERIVED
ternary_sample,3967,9,16,16,16,16,0,False,False,False,EXACT_DERIVED
ternary_sample,3968,9,16,16,16,16,0,False,False,False,EXACT_DERIVED
ternary_sample,3969,9,16,16,16,16,0,False,False,False,EXACT_DERIVED
ternary_sample,3970,9,16,16,16,16,0,False,False,False,EXACT_DERIVED
ternary_sample,3971,9,16,16,16,16,0,False,False,False,EXACT_DERIVED
ternary_sample,3972,9,16,16,16,16,0,False,False,False,EXACT_DERIVED
ternary_sample,3973,9,15,16,16,16,0,False,False,False,EXACT_DERIVED
ternary_sample,3974,9,16,16,16,16,0,False,False,False,EXACT_DERIVED
ternary_sample,3975,9,16,16,16,16,0,False,False,False,EXACT_DERIVED
ternary_sample,3976,9,16,16,16,16,0,False,False,False,EXACT_DERIVED
ternary_sample,3977,9,16,16,16,16,0,False,False,False,EXACT_DERIVED
ternary_sample,3978,9,16,16,16,16,0,False,False,False,EXACT_DERIVED
ternary_sample,3979,9,15,16,16,16,0,False,False,False,EXACT_DERIVED
ternary_sample,3980,9,16,16,16,16,0,False,False,False,EXACT_DERIVED
ternary_sample,3981,9,16,16,16,16,0,False,False,False,EXACT_DERIVED
ternary_sample,3982,9,16,16,16,16,0,False,False,False,EXACT_DERIVED
ternary_sample,3983,9,16,16,16,16,0,False,False,False,EXACT_DERIVED
ternary_sample,3984,9,16,16,16,16,0,False,False,False,EXACT_DERIVED
ternary_sample,3985,9,15,16,16,16,0,False,False,False,EXACT_DERIVED
ternary_sample,3986,9,15,16,16,16,0,False,False,False,EXACT_DERIVED
ternary_sample,3987,9,16,16,16,16,0,False,False,False,EXACT_DERIVED
ternary_sample,3988,9,16,16,16,16,0,False,False,False,EXACT_DERIVED
ternary_sample,3989,9,16,16,16,16,0,False,False,False,EXACT_DERIVED
ternary_sample,3990,9,16,16,16,16,0,False,False,False,EXACT_DERIVED
ternary_sample,3991,9,16,16,16,16,0,False,False,False,EXACT_DERIVED
ternary_sample,3992,9,16,16,16,16,0,False,False,False,EXACT_DERIVED
ternary_sample,3993,9,16,16,16,16,0,False,False,False,EXACT_DERIVED
ternary_sample,3994,9,16,16,16,16,0,False,False,False,EXACT_DERIVED
ternary_sample,3995,9,16,16,16,16,0,False,False,False,EXACT_DERIVED
ternary_sample,3996,9,16,16,16,16,0,False,False,False,EXACT_DERIVED
ternary_sample,3997,9,16,16,16,16,0,False,False,False,EXACT_DERIVED
ternary_sample,3998,9,16,16,16,16,0,False,False,False,EXACT_DERIVED
ternary_sample,3999,9,15,16,16,16,0,False,False,False,EXACT_DERIVED
ternary_sample,4000,9,16,16,16,16,0,False,False,False,EXACT_DERIVED
ternary_sample,4001,9,16,16,16,16,0,False,False,False,EXACT_DERIVED
ternary_sample,4002,9,16,16,16,16,0,False,False,False,EXACT_DERIVED
ternary_sample,4003,9,16,16,16,16,0,False,False,False,EXACT_DERIVED
ternary_sample,4004,9,16,16,16,16,0,False,False,False,EXACT_DERIVED
ternary_sample,4005,9,16,16,16,16,0,False,False,False,EXACT_DERIVED
ternary_sample,4006,9,16,16,16,16,0,False,False,False,EXACT_DERIVED
ternary_sample,4007,9,14,16,16,16,0,False,False,False,EXACT_DERIVED
ternary_sample,4008,9,16,16,16,16,0,False,False,False,EXACT_DERIVED
ternary_sample,4009,9,16,16,16,16,0,False,False,False,EXACT_DERIVED
ternary_sample,4010,9,15,16,16,16,0,False,False,False,EXACT_DERIVED
ternary_sample,4011,9,16,16,16,16,0,False,False,False,EXACT_DERIVED
ternary_sample,4012,9,16,16,16,16,0,False,False,False,EXACT_DERIVED
ternary_sample,4013,9,15,16,16,16,0,False,False,False,EXACT_DERIVED
ternary_sample,4014,9,16,16,16,16,0,False,False,False,EXACT_DERIVED
ternary_sample,4015,9,16,16,16,16,0,False,False,False,EXACT_DERIVED
ternary_sample,4016,9,16,16,16,16,0,False,False,False,EXACT_DERIVED
ternary_sample,4017,9,16,16,16,16,0,False,False,False,EXACT_DERIVED
ternary_sample,4018,9,16,16,16,16,0,False,False,False,EXACT_DERIVED
ternary_sample,4019,9,16,16,16,16,0,False,False,False,EXACT_DERIVED
ternary_sample,4020,9,16,16,16,16,0,False,False,False,EXACT_DERIVED
ternary_sample,4021,9,16,16,16,16,0,False,False,False,EXACT_DERIVED
ternary_sample,4022,9,16,16,16,16,0,False,False,False,EXACT_DERIVED
ternary_sample,4023,9,16,16,16,16,0,False,False,False,EXACT_DERIVED
ternary_sample,4024,9,16,16,16,16,0,False,False,False,EXACT_DERIVED
ternary_sample,4025,9,16,16,16,16,0,False,False,False,EXACT_DERIVED
ternary_sample,4026,9,16,16,16,16,0,False,False,False,EXACT_DERIVED
ternary_sample,4027,9,16,16,16,16,0,False,False,False,EXACT_DERIVED
ternary_sample,4028,9,16,16,16,16,0,False,False,False,EXACT_DERIVED
ternary_sample,4029,9,16,16,16,16,0,False,False,False,EXACT_DERIVED
ternary_sample,4030,9,16,16,16,16,0,False,False,False,EXACT_DERIVED
ternary_sample,4031,9,16,16,16,16,0,False,False,False,EXACT_DERIVED
ternary_sample,4032,9,16,16,16,16,0,False,False,False,EXACT_DERIVED
ternary_sample,4033,9,16,16,16,16,0,False,False,False,EXACT_DERIVED
ternary_sample,4034,9,15,16,16,16,0,False,False,False,EXACT_DERIVED
ternary_sample,4035,9,16,16,16,16,0,False,False,False,EXACT_DERIVED
ternary_sample,4036,9,16,16,16,16,0,False,False,False,EXACT_DERIVED
ternary_sample,4037,9,16,16,16,16,0,False,False,False,EXACT_DERIVED
ternary_sample,4038,9,16,16,16,16,0,False,False,False,EXACT_DERIVED
ternary_sample,4039,9,16,16,16,16,0,False,False,False,EXACT_DERIVED
ternary_sample,4040,9,16,16,16,16,0,False,False,False,EXACT_DERIVED
ternary_sample,4041,9,16,16,16,16,0,False,False,False,EXACT_DERIVED
ternary_sample,4042,9,16,16,16,16,0,False,False,False,EXACT_DERIVED
ternary_sample,4043,9,16,16,16,16,0,False,False,False,EXACT_DERIVED
ternary_sample,4044,9,16,16,16,16,0,False,False,False,EXACT_DERIVED
ternary_sample,4045,9,15,16,16,16,0,False,False,False,EXACT_DERIVED
ternary_sample,4046,9,16,16,16,16,0,False,False,False,EXACT_DERIVED
ternary_sample,4047,9,15,16,16,16,0,False,False,False,EXACT_DERIVED
ternary_sample,4048,9,16,16,16,16,0,False,False,False,EXACT_DERIVED
ternary_sample,4049,9,16,16,16,16,0,False,False,False,EXACT_DERIVED
ternary_sample,4050,9,15,16,16,16,0,False,False,False,EXACT_DERIVED
ternary_sample,4051,9,16,16,16,16,0,False,False,False,EXACT_DERIVED
ternary_sample,4052,9,16,16,16,16,0,False,False,False,EXACT_DERIVED
ternary_sample,4053,9,16,16,16,16,0,False,False,False,EXACT_DERIVED
ternary_sample,4054,9,16,16,16,16,0,False,False,False,EXACT_DERIVED
ternary_sample,4055,9,16,16,16,16,0,False,False,False,EXACT_DERIVED
ternary_sample,4056,9,16,16,16,16,0,False,False,False,EXACT_DERIVED
ternary_sample,4057,9,16,16,16,16,0,False,False,False,EXACT_DERIVED
ternary_sample,4058,9,16,16,16,16,0,False,False,False,EXACT_DERIVED
ternary_sample,4059,9,16,16,16,16,0,False,False,False,EXACT_DERIVED
ternary_sample,4060,9,13,16,16,16,0,False,False,False,EXACT_DERIVED
ternary_sample,4061,9,16,16,16,16,0,False,False,False,EXACT_DERIVED
ternary_sample,4062,9,16,16,16,16,0,False,False,False,EXACT_DERIVED
ternary_sample,4063,9,16,16,16,16,0,False,False,False,EXACT_DERIVED
ternary_sample,4064,9,15,16,16,16,0,False,False,False,EXACT_DERIVED
ternary_sample,4065,9,16,16,16,16,0,False,False,False,EXACT_DERIVED
ternary_sample,4066,9,16,16,16,16,0,False,False,False,EXACT_DERIVED
ternary_sample,4067,9,14,16,16,16,0,False,False,False,EXACT_DERIVED
ternary_sample,4068,9,16,16,16,16,0,False,False,False,EXACT_DERIVED
ternary_sample,4069,9,16,16,16,16,0,False,False,False,EXACT_DERIVED
ternary_sample,4070,9,16,16,16,16,0,False,False,False,EXACT_DERIVED
ternary_sample,4071,9,16,16,16,16,0,False,False,False,EXACT_DERIVED
ternary_sample,4072,9,16,16,16,16,0,False,False,False,EXACT_DERIVED
ternary_sample,4073,9,16,16,16,16,0,False,False,False,EXACT_DERIVED
ternary_sample,4074,9,16,16,16,16,0,False,False,False,EXACT_DERIVED
ternary_sample,4075,9,16,16,16,16,0,False,False,False,EXACT_DERIVED
ternary_sample,4076,9,16,16,16,16,0,False,False,False,EXACT_DERIVED
ternary_sample,4077,9,16,16,16,16,0,False,False,False,EXACT_DERIVED
ternary_sample,4078,9,16,16,16,16,0,False,False,False,EXACT_DERIVED
ternary_sample,4079,9,16,16,16,16,0,False,False,False,EXACT_DERIVED
ternary_sample,4080,9,16,16,16,16,0,False,False,False,EXACT_DERIVED
ternary_sample,4081,9,16,16,16,16,0,False,False,False,EXACT_DERIVED
ternary_sample,4082,9,15,16,16,16,0,False,False,False,EXACT_DERIVED
ternary_sample,4083,9,16,16,16,16,0,False,False,False,EXACT_DERIVED
ternary_sample,4084,9,16,16,16,16,0,False,False,False,EXACT_DERIVED
ternary_sample,4085,9,16,16,16,16,0,False,False,False,EXACT_DERIVED
ternary_sample,4086,9,15,16,16,16,0,False,False,False,EXACT_DERIVED
ternary_sample,4087,9,16,16,16,16,0,False,False,False,EXACT_DERIVED
ternary_sample,4088,9,16,16,16,16,0,False,False,False,EXACT_DERIVED
ternary_sample,4089,9,16,16,16,16,0,False,False,False,EXACT_DERIVED
ternary_sample,4090,9,16,16,16,16,0,False,False,False,EXACT_DERIVED
ternary_sample,4091,9,16,16,16,16,0,False,False,False,EXACT_DERIVED
ternary_sample,4092,9,16,16,16,16,0,False,False,False,EXACT_DERIVED
ternary_sample,4093,9,15,16,16,16,0,False,False,False,EXACT_DERIVED
ternary_sample,4094,9,16,16,16,16,0,False,False,False,EXACT_DERIVED
ternary_sample,4095,9,16,16,16,16,0,False,False,False,EXACT_DERIVED
ternary_sample,4096,9,16,16,16,16,0,False,False,False,EXACT_DERIVED
ternary_sample,4097,9,16,16,16,16,0,False,False,False,EXACT_DERIVED
ternary_sample,4098,9,16,16,16,16,0,False,False,False,EXACT_DERIVED
ternary_sample,4099,9,16,16,16,16,0,False,False,False,EXACT_DERIVED
ternary_sample,4100,9,16,16,16,16,0,False,False,False,EXACT_DERIVED
ternary_sample,4101,9,16,16,16,16,0,False,False,False,EXACT_DERIVED
ternary_sample,4102,9,15,16,16,16,0,False,False,False,EXACT_DERIVED
ternary_sample,4103,9,16,16,16,16,0,False,False,False,EXACT_DERIVED
ternary_sample,4104,9,16,16,16,16,0,False,False,False,EXACT_DERIVED
ternary_sample,4105,9,16,16,16,16,0,False,False,False,EXACT_DERIVED
ternary_sample,4106,9,15,16,16,16,0,False,False,False,EXACT_DERIVED
ternary_sample,4107,9,16,16,16,16,0,False,False,False,EXACT_DERIVED
ternary_sample,4108,9,16,16,16,16,0,False,False,False,EXACT_DERIVED
ternary_sample,4109,9,16,16,16,16,0,False,False,False,EXACT_DERIVED
ternary_sample,4110,9,16,16,16,16,0,False,False,False,EXACT_DERIVED
ternary_sample,4111,9,16,16,16,16,0,False,False,False,EXACT_DERIVED
ternary_sample,4112,9,16,16,16,16,0,False,False,False,EXACT_DERIVED
ternary_sample,4113,9,16,16,16,16,0,False,False,False,EXACT_DERIVED
ternary_sample,4114,9,15,16,16,16,0,False,False,False,EXACT_DERIVED
ternary_sample,4115,9,15,16,16,16,0,False,False,False,EXACT_DERIVED
ternary_sample,4116,9,15,16,16,16,0,False,False,False,EXACT_DERIVED
ternary_sample,4117,9,16,16,16,16,0,False,False,False,EXACT_DERIVED
ternary_sample,4118,9,16,16,16,16,0,False,False,False,EXACT_DERIVED
ternary_sample,4119,9,16,16,16,16,0,False,False,False,EXACT_DERIVED
ternary_sample,4120,9,16,16,16,16,0,False,False,False,EXACT_DERIVED
ternary_sample,4121,9,15,16,16,16,0,False,False,False,EXACT_DERIVED
ternary_sample,4122,9,16,16,16,16,0,False,False,False,EXACT_DERIVED
ternary_sample,4123,9,16,16,16,16,0,False,False,False,EXACT_DERIVED
ternary_sample,4124,9,16,16,16,16,0,False,False,False,EXACT_DERIVED
ternary_sample,4125,9,16,16,16,16,0,False,False,False,EXACT_DERIVED
ternary_sample,4126,9,16,16,16,16,0,False,False,False,EXACT_DERIVED
ternary_sample,4127,9,16,16,16,16,0,False,False,False,EXACT_DERIVED
ternary_sample,4128,9,16,16,16,16,0,False,False,False,EXACT_DERIVED
ternary_sample,4129,9,15,16,16,16,0,False,False,False,EXACT_DERIVED
ternary_sample,4130,9,16,16,16,16,0,False,False,False,EXACT_DERIVED
ternary_sample,4131,9,16,16,16,16,0,False,False,False,EXACT_DERIVED
ternary_sample,4132,9,15,16,16,16,0,False,False,False,EXACT_DERIVED
ternary_sample,4133,9,16,16,16,16,0,False,False,False,EXACT_DERIVED
ternary_sample,4134,9,16,16,16,16,0,False,False,False,EXACT_DERIVED
ternary_sample,4135,9,16,16,16,16,0,False,False,False,EXACT_DERIVED
ternary_sample,4136,9,16,16,16,16,0,False,False,False,EXACT_DERIVED
ternary_sample,4137,9,16,16,16,16,0,False,False,False,EXACT_DERIVED
ternary_sample,4138,9,16,16,16,16,0,False,False,False,EXACT_DERIVED
ternary_sample,4139,9,16,16,16,16,0,False,False,False,EXACT_DERIVED
ternary_sample,4140,9,16,16,16,16,0,False,False,False,EXACT_DERIVED
ternary_sample,4141,9,16,16,16,16,0,False,False,False,EXACT_DERIVED
ternary_sample,4142,9,16,16,16,16,0,False,False,False,EXACT_DERIVED
ternary_sample,4143,9,16,16,16,16,0,False,False,False,EXACT_DERIVED
ternary_sample,4144,9,15,16,16,16,0,False,False,False,EXACT_DERIVED
ternary_sample,4145,9,16,16,16,16,0,False,False,False,EXACT_DERIVED
ternary_sample,4146,9,16,16,16,16,0,False,False,False,EXACT_DERIVED
ternary_sample,4147,9,15,16,16,16,0,False,False,False,EXACT_DERIVED
ternary_sample,4148,9,16,16,16,16,0,False,False,False,EXACT_DERIVED
ternary_sample,4149,9,16,16,16,16,0,False,False,False,EXACT_DERIVED
ternary_sample,4150,9,16,16,16,16,0,False,False,False,EXACT_DERIVED
ternary_sample,4151,9,16,16,16,16,0,False,False,False,EXACT_DERIVED
ternary_sample,4152,9,16,16,16,16,0,False,False,False,EXACT_DERIVED
ternary_sample,4153,9,16,16,16,16,0,False,False,False,EXACT_DERIVED
ternary_sample,4154,9,16,16,16,16,0,False,False,False,EXACT_DERIVED
ternary_sample,4155,9,16,16,16,16,0,False,False,False,EXACT_DERIVED
ternary_sample,4156,9,16,16,16,16,0,False,False,False,EXACT_DERIVED
ternary_sample,4157,9,15,16,16,16,0,False,False,False,EXACT_DERIVED
ternary_sample,4158,9,16,16,16,16,0,False,False,False,EXACT_DERIVED
ternary_sample,4159,9,16,16,16,16,0,False,False,False,EXACT_DERIVED
ternary_sample,4160,9,14,15,16,16,0,False,False,False,EXACT_DERIVED
ternary_sample,4161,9,16,16,16,16,0,False,False,False,EXACT_DERIVED
ternary_sample,4162,9,16,16,16,16,0,False,False,False,EXACT_DERIVED
ternary_sample,4163,9,16,16,16,16,0,False,False,False,EXACT_DERIVED
ternary_sample,4164,9,16,16,16,16,0,False,False,False,EXACT_DERIVED
ternary_sample,4165,9,16,16,16,16,0,False,False,False,EXACT_DERIVED
ternary_sample,4166,9,16,16,16,16,0,False,False,False,EXACT_DERIVED
ternary_sample,4167,9,16,16,16,16,0,False,False,False,EXACT_DERIVED
ternary_sample,4168,9,16,16,16,16,0,False,False,False,EXACT_DERIVED
ternary_sample,4169,9,16,16,16,16,0,False,False,False,EXACT_DERIVED
ternary_sample,4170,9,16,16,16,16,0,False,False,False,EXACT_DERIVED
ternary_sample,4171,9,16,16,16,16,0,False,False,False,EXACT_DERIVED
ternary_sample,4172,9,16,16,16,16,0,False,False,False,EXACT_DERIVED
ternary_sample,4173,9,16,16,16,16,0,False,False,False,EXACT_DERIVED
ternary_sample,4174,9,16,16,16,16,0,False,False,False,EXACT_DERIVED
ternary_sample,4175,9,16,16,16,16,0,False,False,False,EXACT_DERIVED
ternary_sample,4176,9,16,16,16,16,0,False,False,False,EXACT_DERIVED
ternary_sample,4177,9,16,16,16,16,0,False,False,False,EXACT_DERIVED
ternary_sample,4178,9,16,16,16,16,0,False,False,False,EXACT_DERIVED
ternary_sample,4179,9,14,16,16,16,0,False,False,False,EXACT_DERIVED
ternary_sample,4180,9,16,16,16,16,0,False,False,False,EXACT_DERIVED
ternary_sample,4181,9,16,16,16,16,0,False,False,False,EXACT_DERIVED
ternary_sample,4182,9,16,16,16,16,0,False,False,False,EXACT_DERIVED
ternary_sample,4183,9,16,16,16,16,0,False,False,False,EXACT_DERIVED
ternary_sample,4184,9,16,16,16,16,0,False,False,False,EXACT_DERIVED
ternary_sample,4185,9,16,16,16,16,0,False,False,False,EXACT_DERIVED
ternary_sample,4186,9,16,16,16,16,0,False,False,False,EXACT_DERIVED
ternary_sample,4187,9,16,16,16,16,0,False,False,False,EXACT_DERIVED
ternary_sample,4188,9,15,16,16,16,0,False,False,False,EXACT_DERIVED
ternary_sample,4189,9,16,16,16,16,0,False,False,False,EXACT_DERIVED
ternary_sample,4190,9,16,16,16,16,0,False,False,False,EXACT_DERIVED
ternary_sample,4191,9,16,16,16,16,0,False,False,False,EXACT_DERIVED
ternary_sample,4192,9,16,16,16,16,0,False,False,False,EXACT_DERIVED
ternary_sample,4193,9,16,16,16,16,0,False,False,False,EXACT_DERIVED
ternary_sample,4194,9,16,16,16,16,0,False,False,False,EXACT_DERIVED
ternary_sample,4195,9,16,16,16,16,0,False,False,False,EXACT_DERIVED
ternary_sample,4196,9,16,16,16,16,0,False,False,False,EXACT_DERIVED
ternary_sample,4197,9,16,16,16,16,0,False,False,False,EXACT_DERIVED
ternary_sample,4198,9,16,16,16,16,0,False,False,False,EXACT_DERIVED
ternary_sample,4199,9,15,16,16,16,0,False,False,False,EXACT_DERIVED
ternary_sample,4200,9,16,16,16,16,0,False,False,False,EXACT_DERIVED
ternary_sample,4201,9,14,16,16,16,0,False,False,False,EXACT_DERIVED
ternary_sample,4202,9,16,16,16,16,0,False,False,False,EXACT_DERIVED
ternary_sample,4203,9,16,16,16,16,0,False,False,False,EXACT_DERIVED
ternary_sample,4204,9,16,16,16,16,0,False,False,False,EXACT_DERIVED
ternary_sample,4205,9,16,16,16,16,0,False,False,False,EXACT_DERIVED
ternary_sample,4206,9,15,16,16,16,0,False,False,False,EXACT_DERIVED
ternary_sample,4207,9,16,16,16,16,0,False,False,False,EXACT_DERIVED
ternary_sample,4208,9,16,16,16,16,0,False,False,False,EXACT_DERIVED
ternary_sample,4209,9,16,16,16,16,0,False,False,False,EXACT_DERIVED
ternary_sample,4210,9,16,16,16,16,0,False,False,False,EXACT_DERIVED
ternary_sample,4211,9,16,16,16,16,0,False,False,False,EXACT_DERIVED
ternary_sample,4212,9,16,16,16,16,0,False,False,False,EXACT_DERIVED
ternary_sample,4213,9,16,16,16,16,0,False,False,False,EXACT_DERIVED
ternary_sample,4214,9,16,16,16,16,0,False,False,False,EXACT_DERIVED
ternary_sample,4215,9,15,16,16,16,0,False,False,False,EXACT_DERIVED
ternary_sample,4216,9,16,16,16,16,0,False,False,False,EXACT_DERIVED
ternary_sample,4217,9,13,16,16,16,0,False,False,False,EXACT_DERIVED
ternary_sample,4218,9,16,16,16,16,0,False,False,False,EXACT_DERIVED
ternary_sample,4219,9,16,16,16,16,0,False,False,False,EXACT_DERIVED
ternary_sample,4220,9,16,16,16,16,0,False,False,False,EXACT_DERIVED
ternary_sample,4221,9,15,16,16,16,0,False,False,False,EXACT_DERIVED
ternary_sample,4222,9,16,16,16,16,0,False,False,False,EXACT_DERIVED
ternary_sample,4223,9,16,16,16,16,0,False,False,False,EXACT_DERIVED
ternary_sample,4224,9,15,16,16,16,0,False,False,False,EXACT_DERIVED
ternary_sample,4225,9,16,16,16,16,0,False,False,False,EXACT_DERIVED
ternary_sample,4226,9,15,16,16,16,0,False,False,False,EXACT_DERIVED
ternary_sample,4227,9,15,16,16,16,0,False,False,False,EXACT_DERIVED
ternary_sample,4228,9,14,16,16,16,0,False,False,False,EXACT_DERIVED
ternary_sample,4229,9,16,16,16,16,0,False,False,False,EXACT_DERIVED
ternary_sample,4230,9,16,16,16,16,0,False,False,False,EXACT_DERIVED
ternary_sample,4231,9,16,16,16,16,0,False,False,False,EXACT_DERIVED
ternary_sample,4232,9,16,16,16,16,0,False,False,False,EXACT_DERIVED
ternary_sample,4233,9,16,16,16,16,0,False,False,False,EXACT_DERIVED
ternary_sample,4234,9,16,16,16,16,0,False,False,False,EXACT_DERIVED
ternary_sample,4235,9,16,16,16,16,0,False,False,False,EXACT_DERIVED
ternary_sample,4236,9,16,16,16,16,0,False,False,False,EXACT_DERIVED
ternary_sample,4237,9,16,16,16,16,0,False,False,False,EXACT_DERIVED
ternary_sample,4238,9,16,16,16,16,0,False,False,False,EXACT_DERIVED
ternary_sample,4239,9,16,16,16,16,0,False,False,False,EXACT_DERIVED
ternary_sample,4240,9,16,16,16,16,0,False,False,False,EXACT_DERIVED
ternary_sample,4241,9,16,16,16,16,0,False,False,False,EXACT_DERIVED
ternary_sample,4242,9,15,16,16,16,0,False,False,False,EXACT_DERIVED
ternary_sample,4243,9,16,16,16,16,0,False,False,False,EXACT_DERIVED
ternary_sample,4244,9,16,16,16,16,0,False,False,False,EXACT_DERIVED
ternary_sample,4245,9,15,16,16,16,0,False,False,False,EXACT_DERIVED
ternary_sample,4246,9,15,16,16,16,0,False,False,False,EXACT_DERIVED
ternary_sample,4247,9,16,16,16,16,0,False,False,False,EXACT_DERIVED
ternary_sample,4248,9,16,16,16,16,0,False,False,False,EXACT_DERIVED
ternary_sample,4249,9,16,16,16,16,0,False,False,False,EXACT_DERIVED
ternary_sample,4250,9,16,16,16,16,0,False,False,False,EXACT_DERIVED
ternary_sample,4251,9,16,16,16,16,0,False,False,False,EXACT_DERIVED
ternary_sample,4252,9,16,16,16,16,0,False,False,False,EXACT_DERIVED
ternary_sample,4253,9,16,16,16,16,0,False,False,False,EXACT_DERIVED
ternary_sample,4254,9,16,16,16,16,0,False,False,False,EXACT_DERIVED
ternary_sample,4255,9,16,16,16,16,0,False,False,False,EXACT_DERIVED
ternary_sample,4256,9,16,16,16,16,0,False,False,False,EXACT_DERIVED
ternary_sample,4257,9,15,16,16,16,0,False,False,False,EXACT_DERIVED
ternary_sample,4258,9,16,16,16,16,0,False,False,False,EXACT_DERIVED
ternary_sample,4259,9,16,16,16,16,0,False,False,False,EXACT_DERIVED
ternary_sample,4260,9,16,16,16,16,0,False,False,False,EXACT_DERIVED
ternary_sample,4261,9,16,16,16,16,0,False,False,False,EXACT_DERIVED
ternary_sample,4262,9,16,16,16,16,0,False,False,False,EXACT_DERIVED
ternary_sample,4263,9,15,16,16,16,0,False,False,False,EXACT_DERIVED
ternary_sample,4264,9,15,16,16,16,0,False,False,False,EXACT_DERIVED
ternary_sample,4265,9,16,16,16,16,0,False,False,False,EXACT_DERIVED
ternary_sample,4266,9,16,16,16,16,0,False,False,False,EXACT_DERIVED
ternary_sample,4267,9,15,16,16,16,0,False,False,False,EXACT_DERIVED
ternary_sample,4268,9,16,16,16,16,0,False,False,False,EXACT_DERIVED
ternary_sample,4269,9,16,16,16,16,0,False,False,False,EXACT_DERIVED
ternary_sample,4270,9,16,16,16,16,0,False,False,False,EXACT_DERIVED
ternary_sample,4271,9,16,16,16,16,0,False,False,False,EXACT_DERIVED
ternary_sample,4272,9,15,16,16,16,0,False,False,False,EXACT_DERIVED
ternary_sample,4273,9,16,16,16,16,0,False,False,False,EXACT_DERIVED
ternary_sample,4274,9,16,16,16,16,0,False,False,False,EXACT_DERIVED
ternary_sample,4275,9,15,16,16,16,0,False,False,False,EXACT_DERIVED
ternary_sample,4276,9,16,16,16,16,0,False,False,False,EXACT_DERIVED
ternary_sample,4277,9,16,16,16,16,0,False,False,False,EXACT_DERIVED
ternary_sample,4278,9,15,16,16,16,0,False,False,False,EXACT_DERIVED
ternary_sample,4279,9,16,16,16,16,0,False,False,False,EXACT_DERIVED
ternary_sample,4280,9,16,16,16,16,0,False,False,False,EXACT_DERIVED
ternary_sample,4281,9,15,16,16,16,0,False,False,False,EXACT_DERIVED
ternary_sample,4282,9,16,16,16,16,0,False,False,False,EXACT_DERIVED
ternary_sample,4283,9,16,16,16,16,0,False,False,False,EXACT_DERIVED
ternary_sample,4284,9,16,16,16,16,0,False,False,False,EXACT_DERIVED
ternary_sample,4285,9,16,16,16,16,0,False,False,False,EXACT_DERIVED
ternary_sample,4286,9,16,16,16,16,0,False,False,False,EXACT_DERIVED
ternary_sample,4287,9,16,16,16,16,0,False,False,False,EXACT_DERIVED
ternary_sample,4288,9,16,16,16,16,0,False,False,False,EXACT_DERIVED
ternary_sample,4289,9,16,16,16,16,0,False,False,False,EXACT_DERIVED
ternary_sample,4290,9,16,16,16,16,0,False,False,False,EXACT_DERIVED
ternary_sample,4291,9,16,16,16,16,0,False,False,False,EXACT_DERIVED
ternary_sample,4292,9,16,16,16,16,0,False,False,False,EXACT_DERIVED
ternary_sample,4293,9,16,16,16,16,0,False,False,False,EXACT_DERIVED
ternary_sample,4294,9,15,16,16,16,0,False,False,False,EXACT_DERIVED
ternary_sample,4295,9,16,16,16,16,0,False,False,False,EXACT_DERIVED
ternary_sample,4296,9,16,16,16,16,0,False,False,False,EXACT_DERIVED
ternary_sample,4297,9,16,16,16,16,0,False,False,False,EXACT_DERIVED
ternary_sample,4298,9,16,16,16,16,0,False,False,False,EXACT_DERIVED
ternary_sample,4299,9,16,16,16,16,0,False,False,False,EXACT_DERIVED
ternary_sample,4300,9,16,16,16,16,0,False,False,False,EXACT_DERIVED
ternary_sample,4301,9,16,16,16,16,0,False,False,False,EXACT_DERIVED
ternary_sample,4302,9,16,16,16,16,0,False,False,False,EXACT_DERIVED
ternary_sample,4303,9,16,16,16,16,0,False,False,False,EXACT_DERIVED
ternary_sample,4304,9,16,16,16,16,0,False,False,False,EXACT_DERIVED
ternary_sample,4305,9,16,16,16,16,0,False,False,False,EXACT_DERIVED
ternary_sample,4306,9,15,16,16,16,0,False,False,False,EXACT_DERIVED
ternary_sample,4307,9,16,16,16,16,0,False,False,False,EXACT_DERIVED
ternary_sample,4308,9,16,16,16,16,0,False,False,False,EXACT_DERIVED
ternary_sample,4309,9,16,16,16,16,0,False,False,False,EXACT_DERIVED
ternary_sample,4310,9,16,16,16,16,0,False,False,False,EXACT_DERIVED
ternary_sample,4311,9,15,16,16,16,0,False,False,False,EXACT_DERIVED
ternary_sample,4312,9,16,16,16,16,0,False,False,False,EXACT_DERIVED
ternary_sample,4313,9,16,16,16,16,0,False,False,False,EXACT_DERIVED
ternary_sample,4314,9,16,16,16,16,0,False,False,False,EXACT_DERIVED
ternary_sample,4315,9,16,16,16,16,0,False,False,False,EXACT_DERIVED
ternary_sample,4316,9,16,16,16,16,0,False,False,False,EXACT_DERIVED
ternary_sample,4317,9,16,16,16,16,0,False,False,False,EXACT_DERIVED
ternary_sample,4318,9,15,16,16,16,0,False,False,False,EXACT_DERIVED
ternary_sample,4319,9,14,16,16,16,0,False,False,False,EXACT_DERIVED
ternary_sample,4320,9,16,16,16,16,0,False,False,False,EXACT_DERIVED
ternary_sample,4321,9,16,16,16,16,0,False,False,False,EXACT_DERIVED
ternary_sample,4322,9,15,16,16,16,0,False,False,False,EXACT_DERIVED
ternary_sample,4323,9,16,16,16,16,0,False,False,False,EXACT_DERIVED
ternary_sample,4324,9,16,16,16,16,0,False,False,False,EXACT_DERIVED
ternary_sample,4325,9,15,16,16,16,0,False,False,False,EXACT_DERIVED
ternary_sample,4326,9,16,16,16,16,0,False,False,False,EXACT_DERIVED
ternary_sample,4327,9,16,16,16,16,0,False,False,False,EXACT_DERIVED
ternary_sample,4328,9,15,16,16,16,0,False,False,False,EXACT_DERIVED
ternary_sample,4329,9,16,16,16,16,0,False,False,False,EXACT_DERIVED
ternary_sample,4330,9,16,16,16,16,0,False,False,False,EXACT_DERIVED
ternary_sample,4331,9,15,16,16,16,0,False,False,False,EXACT_DERIVED
ternary_sample,4332,9,16,16,16,16,0,False,False,False,EXACT_DERIVED
ternary_sample,4333,9,14,16,16,16,0,False,False,False,EXACT_DERIVED
ternary_sample,4334,9,16,16,16,16,0,False,False,False,EXACT_DERIVED
ternary_sample,4335,9,16,16,16,16,0,False,False,False,EXACT_DERIVED
ternary_sample,4336,9,16,16,16,16,0,False,False,False,EXACT_DERIVED
ternary_sample,4337,9,16,16,16,16,0,False,False,False,EXACT_DERIVED
ternary_sample,4338,9,16,16,16,16,0,False,False,False,EXACT_DERIVED
ternary_sample,4339,9,16,16,16,16,0,False,False,False,EXACT_DERIVED
ternary_sample,4340,9,16,16,16,16,0,False,False,False,EXACT_DERIVED
ternary_sample,4341,9,16,16,16,16,0,False,False,False,EXACT_DERIVED
ternary_sample,4342,9,15,16,16,16,0,False,False,False,EXACT_DERIVED
ternary_sample,4343,9,16,16,16,16,0,False,False,False,EXACT_DERIVED
ternary_sample,4344,9,16,16,16,16,0,False,False,False,EXACT_DERIVED
ternary_sample,4345,9,16,16,16,16,0,False,False,False,EXACT_DERIVED
ternary_sample,4346,9,16,16,16,16,0,False,False,False,EXACT_DERIVED
ternary_sample,4347,9,16,16,16,16,0,False,False,False,EXACT_DERIVED
ternary_sample,4348,9,16,16,16,16,0,False,False,False,EXACT_DERIVED
ternary_sample,4349,9,16,16,16,16,0,False,False,False,EXACT_DERIVED
ternary_sample,4350,9,16,16,16,16,0,False,False,False,EXACT_DERIVED
ternary_sample,4351,9,16,16,16,16,0,False,False,False,EXACT_DERIVED
ternary_sample,4352,9,16,16,16,16,0,False,False,False,EXACT_DERIVED
ternary_sample,4353,9,16,16,16,16,0,False,False,False,EXACT_DERIVED
ternary_sample,4354,9,16,16,16,16,0,False,False,False,EXACT_DERIVED
ternary_sample,4355,9,16,16,16,16,0,False,False,False,EXACT_DERIVED
ternary_sample,4356,9,15,16,16,16,0,False,False,False,EXACT_DERIVED
ternary_sample,4357,9,16,16,16,16,0,False,False,False,EXACT_DERIVED
ternary_sample,4358,9,15,16,16,16,0,False,False,False,EXACT_DERIVED
ternary_sample,4359,9,16,16,16,16,0,False,False,False,EXACT_DERIVED
ternary_sample,4360,9,16,16,16,16,0,False,False,False,EXACT_DERIVED
ternary_sample,4361,9,16,16,16,16,0,False,False,False,EXACT_DERIVED
ternary_sample,4362,9,16,16,16,16,0,False,False,False,EXACT_DERIVED
ternary_sample,4363,9,16,16,16,16,0,False,False,False,EXACT_DERIVED
ternary_sample,4364,9,16,16,16,16,0,False,False,False,EXACT_DERIVED
ternary_sample,4365,9,16,16,16,16,0,False,False,False,EXACT_DERIVED
ternary_sample,4366,9,16,16,16,16,0,False,False,False,EXACT_DERIVED
ternary_sample,4367,9,15,16,16,16,0,False,False,False,EXACT_DERIVED
ternary_sample,4368,9,16,16,16,16,0,False,False,False,EXACT_DERIVED
ternary_sample,4369,9,16,16,16,16,0,False,False,False,EXACT_DERIVED
ternary_sample,4370,9,16,16,16,16,0,False,False,False,EXACT_DERIVED
ternary_sample,4371,9,16,16,16,16,0,False,False,False,EXACT_DERIVED
ternary_sample,4372,9,16,16,16,16,0,False,False,False,EXACT_DERIVED
ternary_sample,4373,9,15,16,16,16,0,False,False,False,EXACT_DERIVED
ternary_sample,4374,9,16,16,16,16,0,False,False,False,EXACT_DERIVED
ternary_sample,4375,9,16,16,16,16,0,False,False,False,EXACT_DERIVED
ternary_sample,4376,9,16,16,16,16,0,False,False,False,EXACT_DERIVED
ternary_sample,4377,9,16,16,16,16,0,False,False,False,EXACT_DERIVED
ternary_sample,4378,9,15,16,16,16,0,False,False,False,EXACT_DERIVED
ternary_sample,4379,9,16,16,16,16,0,False,False,False,EXACT_DERIVED
ternary_sample,4380,9,15,16,16,16,0,False,False,False,EXACT_DERIVED
ternary_sample,4381,9,16,16,16,16,0,False,False,False,EXACT_DERIVED
ternary_sample,4382,9,16,16,16,16,0,False,False,False,EXACT_DERIVED
ternary_sample,4383,9,16,16,16,16,0,False,False,False,EXACT_DERIVED
ternary_sample,4384,9,16,16,16,16,0,False,False,False,EXACT_DERIVED
ternary_sample,4385,9,14,16,16,16,0,False,False,False,EXACT_DERIVED
ternary_sample,4386,9,15,16,16,16,0,False,False,False,EXACT_DERIVED
ternary_sample,4387,9,15,16,16,16,0,False,False,False,EXACT_DERIVED
ternary_sample,4388,9,16,16,16,16,0,False,False,False,EXACT_DERIVED
ternary_sample,4389,9,16,16,16,16,0,False,False,False,EXACT_DERIVED
ternary_sample,4390,9,15,16,16,16,0,False,False,False,EXACT_DERIVED
ternary_sample,4391,9,16,16,16,16,0,False,False,False,EXACT_DERIVED
ternary_sample,4392,9,15,16,16,16,0,False,False,False,EXACT_DERIVED
ternary_sample,4393,9,15,16,16,16,0,False,False,False,EXACT_DERIVED
ternary_sample,4394,9,16,16,16,16,0,False,False,False,EXACT_DERIVED
ternary_sample,4395,9,16,16,16,16,0,False,False,False,EXACT_DERIVED
ternary_sample,4396,9,16,16,16,16,0,False,False,False,EXACT_DERIVED
ternary_sample,4397,9,16,16,16,16,0,False,False,False,EXACT_DERIVED
ternary_sample,4398,9,16,16,16,16,0,False,False,False,EXACT_DERIVED
ternary_sample,4399,9,16,16,16,16,0,False,False,False,EXACT_DERIVED
ternary_sample,4400,9,15,16,16,16,0,False,False,False,EXACT_DERIVED
ternary_sample,4401,9,16,16,16,16,0,False,False,False,EXACT_DERIVED
ternary_sample,4402,9,16,16,16,16,0,False,False,False,EXACT_DERIVED
ternary_sample,4403,9,16,16,16,16,0,False,False,False,EXACT_DERIVED
ternary_sample,4404,9,16,16,16,16,0,False,False,False,EXACT_DERIVED
ternary_sample,4405,9,15,16,16,16,0,False,False,False,EXACT_DERIVED
ternary_sample,4406,9,16,16,16,16,0,False,False,False,EXACT_DERIVED
ternary_sample,4407,9,16,16,16,16,0,False,False,False,EXACT_DERIVED
ternary_sample,4408,9,14,16,16,16,0,False,False,False,EXACT_DERIVED
ternary_sample,4409,9,16,16,16,16,0,False,False,False,EXACT_DERIVED
ternary_sample,4410,9,16,16,16,16,0,False,False,False,EXACT_DERIVED
ternary_sample,4411,9,16,16,16,16,0,False,False,False,EXACT_DERIVED
ternary_sample,4412,9,16,16,16,16,0,False,False,False,EXACT_DERIVED
ternary_sample,4413,9,15,16,16,16,0,False,False,False,EXACT_DERIVED
ternary_sample,4414,9,16,16,16,16,0,False,False,False,EXACT_DERIVED
ternary_sample,4415,9,15,16,16,16,0,False,False,False,EXACT_DERIVED
ternary_sample,4416,9,16,16,16,16,0,False,False,False,EXACT_DERIVED
ternary_sample,4417,9,16,16,16,16,0,False,False,False,EXACT_DERIVED
ternary_sample,4418,9,16,16,16,16,0,False,False,False,EXACT_DERIVED
ternary_sample,4419,9,16,16,16,16,0,False,False,False,EXACT_DERIVED
ternary_sample,4420,9,16,16,16,16,0,False,False,False,EXACT_DERIVED
ternary_sample,4421,9,16,16,16,16,0,False,False,False,EXACT_DERIVED
ternary_sample,4422,9,14,16,16,16,0,False,False,False,EXACT_DERIVED
ternary_sample,4423,9,16,16,16,16,0,False,False,False,EXACT_DERIVED
ternary_sample,4424,9,15,16,16,16,0,False,False,False,EXACT_DERIVED
ternary_sample,4425,9,15,16,16,16,0,False,False,False,EXACT_DERIVED
ternary_sample,4426,9,15,16,16,16,0,False,False,False,EXACT_DERIVED
ternary_sample,4427,9,15,16,16,16,0,False,False,False,EXACT_DERIVED
ternary_sample,4428,9,16,16,16,16,0,False,False,False,EXACT_DERIVED
ternary_sample,4429,9,16,16,16,16,0,False,False,False,EXACT_DERIVED
ternary_sample,4430,9,16,16,16,16,0,False,False,False,EXACT_DERIVED
ternary_sample,4431,9,16,16,16,16,0,False,False,False,EXACT_DERIVED
ternary_sample,4432,9,16,16,16,16,0,False,False,False,EXACT_DERIVED
ternary_sample,4433,9,16,16,16,16,0,False,False,False,EXACT_DERIVED
ternary_sample,4434,9,16,16,16,16,0,False,False,False,EXACT_DERIVED
ternary_sample,4435,9,16,16,16,16,0,False,False,False,EXACT_DERIVED
ternary_sample,4436,9,16,16,16,16,0,False,False,False,EXACT_DERIVED
ternary_sample,4437,9,16,16,16,16,0,False,False,False,EXACT_DERIVED
ternary_sample,4438,9,16,16,16,16,0,False,False,False,EXACT_DERIVED
ternary_sample,4439,9,16,16,16,16,0,False,False,False,EXACT_DERIVED
ternary_sample,4440,9,14,16,16,16,0,False,False,False,EXACT_DERIVED
ternary_sample,4441,9,16,16,16,16,0,False,False,False,EXACT_DERIVED
ternary_sample,4442,9,15,16,16,16,0,False,False,False,EXACT_DERIVED
ternary_sample,4443,9,16,16,16,16,0,False,False,False,EXACT_DERIVED
ternary_sample,4444,9,16,16,16,16,0,False,False,False,EXACT_DERIVED
ternary_sample,4445,9,16,16,16,16,0,False,False,False,EXACT_DERIVED
ternary_sample,4446,9,16,16,16,16,0,False,False,False,EXACT_DERIVED
ternary_sample,4447,9,16,16,16,16,0,False,False,False,EXACT_DERIVED
ternary_sample,4448,9,16,16,16,16,0,False,False,False,EXACT_DERIVED
ternary_sample,4449,9,15,16,16,16,0,False,False,False,EXACT_DERIVED
ternary_sample,4450,9,16,16,16,16,0,False,False,False,EXACT_DERIVED
ternary_sample,4451,9,16,16,16,16,0,False,False,False,EXACT_DERIVED
ternary_sample,4452,9,15,16,16,16,0,False,False,False,EXACT_DERIVED
ternary_sample,4453,9,16,16,16,16,0,False,False,False,EXACT_DERIVED
ternary_sample,4454,9,16,16,16,16,0,False,False,False,EXACT_DERIVED
ternary_sample,4455,9,16,16,16,16,0,False,False,False,EXACT_DERIVED
ternary_sample,4456,9,16,16,16,16,0,False,False,False,EXACT_DERIVED
ternary_sample,4457,9,14,16,16,16,0,False,False,False,EXACT_DERIVED
ternary_sample,4458,9,16,16,16,16,0,False,False,False,EXACT_DERIVED
ternary_sample,4459,9,15,16,16,16,0,False,False,False,EXACT_DERIVED
ternary_sample,4460,9,16,16,16,16,0,False,False,False,EXACT_DERIVED
ternary_sample,4461,9,16,16,16,16,0,False,False,False,EXACT_DERIVED
ternary_sample,4462,9,16,16,16,16,0,False,False,False,EXACT_DERIVED
ternary_sample,4463,9,16,16,16,16,0,False,False,False,EXACT_DERIVED
ternary_sample,4464,9,14,16,16,16,0,False,False,False,EXACT_DERIVED
ternary_sample,4465,9,16,16,16,16,0,False,False,False,EXACT_DERIVED
ternary_sample,4466,9,16,16,16,16,0,False,False,False,EXACT_DERIVED
ternary_sample,4467,9,15,16,16,16,0,False,False,False,EXACT_DERIVED
ternary_sample,4468,9,16,16,16,16,0,False,False,False,EXACT_DERIVED
ternary_sample,4469,9,16,16,16,16,0,False,False,False,EXACT_DERIVED
ternary_sample,4470,9,16,16,16,16,0,False,False,False,EXACT_DERIVED
ternary_sample,4471,9,16,16,16,16,0,False,False,False,EXACT_DERIVED
ternary_sample,4472,9,16,16,16,16,0,False,False,False,EXACT_DERIVED
ternary_sample,4473,9,15,16,16,16,0,False,False,False,EXACT_DERIVED
ternary_sample,4474,9,16,16,16,16,0,False,False,False,EXACT_DERIVED
ternary_sample,4475,9,15,16,16,16,0,False,False,False,EXACT_DERIVED
ternary_sample,4476,9,16,16,16,16,0,False,False,False,EXACT_DERIVED
ternary_sample,4477,9,16,16,16,16,0,False,False,False,EXACT_DERIVED
ternary_sample,4478,9,16,16,16,16,0,False,False,False,EXACT_DERIVED
ternary_sample,4479,9,16,16,16,16,0,False,False,False,EXACT_DERIVED
ternary_sample,4480,9,16,16,16,16,0,False,False,False,EXACT_DERIVED
ternary_sample,4481,9,16,16,16,16,0,False,False,False,EXACT_DERIVED
ternary_sample,4482,9,16,16,16,16,0,False,False,False,EXACT_DERIVED
ternary_sample,4483,9,16,16,16,16,0,False,False,False,EXACT_DERIVED
ternary_sample,4484,9,15,16,16,16,0,False,False,False,EXACT_DERIVED
ternary_sample,4485,9,16,16,16,16,0,False,False,False,EXACT_DERIVED
ternary_sample,4486,9,16,16,16,16,0,False,False,False,EXACT_DERIVED
ternary_sample,4487,9,16,16,16,16,0,False,False,False,EXACT_DERIVED
ternary_sample,4488,9,16,16,16,16,0,False,False,False,EXACT_DERIVED
ternary_sample,4489,9,16,16,16,16,0,False,False,False,EXACT_DERIVED
ternary_sample,4490,9,16,16,16,16,0,False,False,False,EXACT_DERIVED
ternary_sample,4491,9,16,16,16,16,0,False,False,False,EXACT_DERIVED
ternary_sample,4492,9,15,16,16,16,0,False,False,False,EXACT_DERIVED
ternary_sample,4493,9,16,16,16,16,0,False,False,False,EXACT_DERIVED
ternary_sample,4494,9,16,16,16,16,0,False,False,False,EXACT_DERIVED
ternary_sample,4495,9,16,16,16,16,0,False,False,False,EXACT_DERIVED
ternary_sample,4496,9,16,16,16,16,0,False,False,False,EXACT_DERIVED
ternary_sample,4497,9,16,16,16,16,0,False,False,False,EXACT_DERIVED
ternary_sample,4498,9,15,16,16,16,0,False,False,False,EXACT_DERIVED
ternary_sample,4499,9,16,16,16,16,0,False,False,False,EXACT_DERIVED
ternary_sample,4500,9,15,16,16,16,0,False,False,False,EXACT_DERIVED
ternary_sample,4501,9,16,16,16,16,0,False,False,False,EXACT_DERIVED
ternary_sample,4502,9,16,16,16,16,0,False,False,False,EXACT_DERIVED
ternary_sample,4503,9,15,16,16,16,0,False,False,False,EXACT_DERIVED
ternary_sample,4504,9,16,16,16,16,0,False,False,False,EXACT_DERIVED
ternary_sample,4505,9,16,16,16,16,0,False,False,False,EXACT_DERIVED
ternary_sample,4506,9,16,16,16,16,0,False,False,False,EXACT_DERIVED
ternary_sample,4507,9,16,16,16,16,0,False,False,False,EXACT_DERIVED
ternary_sample,4508,9,16,16,16,16,0,False,False,False,EXACT_DERIVED
ternary_sample,4509,9,15,16,16,16,0,False,False,False,EXACT_DERIVED
ternary_sample,4510,9,16,16,16,16,0,False,False,False,EXACT_DERIVED
ternary_sample,4511,9,16,16,16,16,0,False,False,False,EXACT_DERIVED
ternary_sample,4512,9,15,16,16,16,0,False,False,False,EXACT_DERIVED
ternary_sample,4513,9,16,16,16,16,0,False,False,False,EXACT_DERIVED
ternary_sample,4514,9,16,16,16,16,0,False,False,False,EXACT_DERIVED
ternary_sample,4515,9,16,16,16,16,0,False,False,False,EXACT_DERIVED
ternary_sample,4516,9,16,16,16,16,0,False,False,False,EXACT_DERIVED
ternary_sample,4517,9,15,16,16,16,0,False,False,False,EXACT_DERIVED
ternary_sample,4518,9,16,16,16,16,0,False,False,False,EXACT_DERIVED
ternary_sample,4519,9,16,16,16,16,0,False,False,False,EXACT_DERIVED
ternary_sample,4520,9,15,16,16,16,0,False,False,False,EXACT_DERIVED
ternary_sample,4521,9,16,16,16,16,0,False,False,False,EXACT_DERIVED
ternary_sample,4522,9,15,16,16,16,0,False,False,False,EXACT_DERIVED
ternary_sample,4523,9,16,16,16,16,0,False,False,False,EXACT_DERIVED
ternary_sample,4524,9,16,16,16,16,0,False,False,False,EXACT_DERIVED
ternary_sample,4525,9,16,16,16,16,0,False,False,False,EXACT_DERIVED
ternary_sample,4526,9,16,16,16,16,0,False,False,False,EXACT_DERIVED
ternary_sample,4527,9,16,16,16,16,0,False,False,False,EXACT_DERIVED
ternary_sample,4528,9,16,16,16,16,0,False,False,False,EXACT_DERIVED
ternary_sample,4529,9,16,16,16,16,0,False,False,False,EXACT_DERIVED
ternary_sample,4530,9,16,16,16,16,0,False,False,False,EXACT_DERIVED
ternary_sample,4531,9,16,16,16,16,0,False,False,False,EXACT_DERIVED
ternary_sample,4532,9,15,16,16,16,0,False,False,False,EXACT_DERIVED
ternary_sample,4533,9,14,16,16,16,0,False,False,False,EXACT_DERIVED
ternary_sample,4534,9,16,16,16,16,0,False,False,False,EXACT_DERIVED
ternary_sample,4535,9,16,16,16,16,0,False,False,False,EXACT_DERIVED
ternary_sample,4536,9,16,16,16,16,0,False,False,False,EXACT_DERIVED
ternary_sample,4537,9,16,16,16,16,0,False,False,False,EXACT_DERIVED
ternary_sample,4538,9,16,16,16,16,0,False,False,False,EXACT_DERIVED
ternary_sample,4539,9,14,16,16,16,0,False,False,False,EXACT_DERIVED
ternary_sample,4540,9,14,16,16,16,0,False,False,False,EXACT_DERIVED
ternary_sample,4541,9,16,16,16,16,0,False,False,False,EXACT_DERIVED
ternary_sample,4542,9,16,16,16,16,0,False,False,False,EXACT_DERIVED
ternary_sample,4543,9,16,16,16,16,0,False,False,False,EXACT_DERIVED
ternary_sample,4544,9,16,16,16,16,0,False,False,False,EXACT_DERIVED
ternary_sample,4545,9,16,16,16,16,0,False,False,False,EXACT_DERIVED
ternary_sample,4546,9,16,16,16,16,0,False,False,False,EXACT_DERIVED
ternary_sample,4547,9,16,16,16,16,0,False,False,False,EXACT_DERIVED
ternary_sample,4548,9,16,16,16,16,0,False,False,False,EXACT_DERIVED
ternary_sample,4549,9,16,16,16,16,0,False,False,False,EXACT_DERIVED
ternary_sample,4550,9,16,16,16,16,0,False,False,False,EXACT_DERIVED
ternary_sample,4551,9,16,16,16,16,0,False,False,False,EXACT_DERIVED
ternary_sample,4552,9,16,16,16,16,0,False,False,False,EXACT_DERIVED
ternary_sample,4553,9,16,16,16,16,0,False,False,False,EXACT_DERIVED
ternary_sample,4554,9,16,16,16,16,0,False,False,False,EXACT_DERIVED
ternary_sample,4555,9,16,16,16,16,0,False,False,False,EXACT_DERIVED
ternary_sample,4556,9,16,16,16,16,0,False,False,False,EXACT_DERIVED
ternary_sample,4557,9,16,16,16,16,0,False,False,False,EXACT_DERIVED
ternary_sample,4558,9,16,16,16,16,0,False,False,False,EXACT_DERIVED
ternary_sample,4559,9,15,16,16,16,0,False,False,False,EXACT_DERIVED
ternary_sample,4560,9,15,16,16,16,0,False,False,False,EXACT_DERIVED
ternary_sample,4561,9,16,16,16,16,0,False,False,False,EXACT_DERIVED
ternary_sample,4562,9,16,16,16,16,0,False,False,False,EXACT_DERIVED
ternary_sample,4563,9,16,16,16,16,0,False,False,False,EXACT_DERIVED
ternary_sample,4564,9,16,16,16,16,0,False,False,False,EXACT_DERIVED
ternary_sample,4565,9,16,16,16,16,0,False,False,False,EXACT_DERIVED
ternary_sample,4566,9,16,16,16,16,0,False,False,False,EXACT_DERIVED
ternary_sample,4567,9,16,16,16,16,0,False,False,False,EXACT_DERIVED
ternary_sample,4568,9,16,16,16,16,0,False,False,False,EXACT_DERIVED
ternary_sample,4569,9,16,16,16,16,0,False,False,False,EXACT_DERIVED
ternary_sample,4570,9,16,16,16,16,0,False,False,False,EXACT_DERIVED
ternary_sample,4571,9,16,16,16,16,0,False,False,False,EXACT_DERIVED
ternary_sample,4572,9,16,16,16,16,0,False,False,False,EXACT_DERIVED
ternary_sample,4573,9,14,16,16,16,0,False,False,False,EXACT_DERIVED
ternary_sample,4574,9,15,16,16,16,0,False,False,False,EXACT_DERIVED
ternary_sample,4575,9,16,16,16,16,0,False,False,False,EXACT_DERIVED
ternary_sample,4576,9,16,16,16,16,0,False,False,False,EXACT_DERIVED
ternary_sample,4577,9,15,16,16,16,0,False,False,False,EXACT_DERIVED
ternary_sample,4578,9,16,16,16,16,0,False,False,False,EXACT_DERIVED
ternary_sample,4579,9,16,16,16,16,0,False,False,False,EXACT_DERIVED
ternary_sample,4580,9,16,16,16,16,0,False,False,False,EXACT_DERIVED
ternary_sample,4581,9,15,16,16,16,0,False,False,False,EXACT_DERIVED
ternary_sample,4582,9,16,16,16,16,0,False,False,False,EXACT_DERIVED
ternary_sample,4583,9,16,16,16,16,0,False,False,False,EXACT_DERIVED
ternary_sample,4584,9,15,16,16,16,0,False,False,False,EXACT_DERIVED
ternary_sample,4585,9,16,16,16,16,0,False,False,False,EXACT_DERIVED
ternary_sample,4586,9,16,16,16,16,0,False,False,False,EXACT_DERIVED
ternary_sample,4587,9,16,16,16,16,0,False,False,False,EXACT_DERIVED
ternary_sample,4588,9,16,16,16,16,0,False,False,False,EXACT_DERIVED
ternary_sample,4589,9,16,16,16,16,0,False,False,False,EXACT_DERIVED
ternary_sample,4590,9,15,16,16,16,0,False,False,False,EXACT_DERIVED
ternary_sample,4591,9,16,16,16,16,0,False,False,False,EXACT_DERIVED
ternary_sample,4592,9,16,16,16,16,0,False,False,False,EXACT_DERIVED
ternary_sample,4593,9,16,16,16,16,0,False,False,False,EXACT_DERIVED
ternary_sample,4594,9,16,16,16,16,0,False,False,False,EXACT_DERIVED
ternary_sample,4595,9,16,16,16,16,0,False,False,False,EXACT_DERIVED
ternary_sample,4596,9,16,16,16,16,0,False,False,False,EXACT_DERIVED
ternary_sample,4597,9,16,16,16,16,0,False,False,False,EXACT_DERIVED
ternary_sample,4598,9,16,16,16,16,0,False,False,False,EXACT_DERIVED
ternary_sample,4599,9,16,16,16,16,0,False,False,False,EXACT_DERIVED
ternary_sample,4600,9,16,16,16,16,0,False,False,False,EXACT_DERIVED
ternary_sample,4601,9,16,16,16,16,0,False,False,False,EXACT_DERIVED
ternary_sample,4602,9,16,16,16,16,0,False,False,False,EXACT_DERIVED
ternary_sample,4603,9,14,16,16,16,0,False,False,False,EXACT_DERIVED
ternary_sample,4604,9,16,16,16,16,0,False,False,False,EXACT_DERIVED
ternary_sample,4605,9,16,16,16,16,0,False,False,False,EXACT_DERIVED
ternary_sample,4606,9,16,16,16,16,0,False,False,False,EXACT_DERIVED
ternary_sample,4607,9,16,16,16,16,0,False,False,False,EXACT_DERIVED
ternary_sample,4608,9,16,16,16,16,0,False,False,False,EXACT_DERIVED
ternary_sample,4609,9,15,16,16,16,0,False,False,False,EXACT_DERIVED
ternary_sample,4610,9,16,16,16,16,0,False,False,False,EXACT_DERIVED
ternary_sample,4611,9,16,16,16,16,0,False,False,False,EXACT_DERIVED
ternary_sample,4612,9,16,16,16,16,0,False,False,False,EXACT_DERIVED
ternary_sample,4613,9,16,16,16,16,0,False,False,False,EXACT_DERIVED
ternary_sample,4614,9,16,16,16,16,0,False,False,False,EXACT_DERIVED
ternary_sample,4615,9,16,16,16,16,0,False,False,False,EXACT_DERIVED
ternary_sample,4616,9,16,16,16,16,0,False,False,False,EXACT_DERIVED
ternary_sample,4617,9,16,16,16,16,0,False,False,False,EXACT_DERIVED
ternary_sample,4618,9,16,16,16,16,0,False,False,False,EXACT_DERIVED
ternary_sample,4619,9,14,16,16,16,0,False,False,False,EXACT_DERIVED
ternary_sample,4620,9,15,16,16,16,0,False,False,False,EXACT_DERIVED
ternary_sample,4621,9,15,16,16,16,0,False,False,False,EXACT_DERIVED
ternary_sample,4622,9,16,16,16,16,0,False,False,False,EXACT_DERIVED
ternary_sample,4623,9,16,16,16,16,0,False,False,False,EXACT_DERIVED
ternary_sample,4624,9,16,16,16,16,0,False,False,False,EXACT_DERIVED
ternary_sample,4625,9,16,16,16,16,0,False,False,False,EXACT_DERIVED
ternary_sample,4626,9,15,16,16,16,0,False,False,False,EXACT_DERIVED
ternary_sample,4627,9,14,16,16,16,0,False,False,False,EXACT_DERIVED
ternary_sample,4628,9,16,16,16,16,0,False,False,False,EXACT_DERIVED
ternary_sample,4629,9,16,16,16,16,0,False,False,False,EXACT_DERIVED
ternary_sample,4630,9,16,16,16,16,0,False,False,False,EXACT_DERIVED
ternary_sample,4631,9,16,16,16,16,0,False,False,False,EXACT_DERIVED
ternary_sample,4632,9,16,16,16,16,0,False,False,False,EXACT_DERIVED
ternary_sample,4633,9,16,16,16,16,0,False,False,False,EXACT_DERIVED
ternary_sample,4634,9,14,16,16,16,0,False,False,False,EXACT_DERIVED
ternary_sample,4635,9,16,16,16,16,0,False,False,False,EXACT_DERIVED
ternary_sample,4636,9,16,16,16,16,0,False,False,False,EXACT_DERIVED
ternary_sample,4637,9,16,16,16,16,0,False,False,False,EXACT_DERIVED
ternary_sample,4638,9,16,16,16,16,0,False,False,False,EXACT_DERIVED
ternary_sample,4639,9,16,16,16,16,0,False,False,False,EXACT_DERIVED
ternary_sample,4640,9,16,16,16,16,0,False,False,False,EXACT_DERIVED
ternary_sample,4641,9,15,16,16,16,0,False,False,False,EXACT_DERIVED
ternary_sample,4642,9,16,16,16,16,0,False,False,False,EXACT_DERIVED
ternary_sample,4643,9,16,16,16,16,0,False,False,False,EXACT_DERIVED
ternary_sample,4644,9,16,16,16,16,0,False,False,False,EXACT_DERIVED
ternary_sample,4645,9,16,16,16,16,0,False,False,False,EXACT_DERIVED
ternary_sample,4646,9,16,16,16,16,0,False,False,False,EXACT_DERIVED
ternary_sample,4647,9,16,16,16,16,0,False,False,False,EXACT_DERIVED
ternary_sample,4648,9,16,16,16,16,0,False,False,False,EXACT_DERIVED
ternary_sample,4649,9,16,16,16,16,0,False,False,False,EXACT_DERIVED
ternary_sample,4650,9,16,16,16,16,0,False,False,False,EXACT_DERIVED
ternary_sample,4651,9,16,16,16,16,0,False,False,False,EXACT_DERIVED
ternary_sample,4652,9,16,16,16,16,0,False,False,False,EXACT_DERIVED
ternary_sample,4653,9,16,16,16,16,0,False,False,False,EXACT_DERIVED
ternary_sample,4654,9,16,16,16,16,0,False,False,False,EXACT_DERIVED
ternary_sample,4655,9,16,16,16,16,0,False,False,False,EXACT_DERIVED
ternary_sample,4656,9,16,16,16,16,0,False,False,False,EXACT_DERIVED
ternary_sample,4657,9,16,16,16,16,0,False,False,False,EXACT_DERIVED
ternary_sample,4658,9,16,16,16,16,0,False,False,False,EXACT_DERIVED
ternary_sample,4659,9,16,16,16,16,0,False,False,False,EXACT_DERIVED
ternary_sample,4660,9,16,16,16,16,0,False,False,False,EXACT_DERIVED
ternary_sample,4661,9,16,16,16,16,0,False,False,False,EXACT_DERIVED
ternary_sample,4662,9,16,16,16,16,0,False,False,False,EXACT_DERIVED
ternary_sample,4663,9,16,16,16,16,0,False,False,False,EXACT_DERIVED
ternary_sample,4664,9,15,16,16,16,0,False,False,False,EXACT_DERIVED
ternary_sample,4665,9,15,16,16,16,0,False,False,False,EXACT_DERIVED
ternary_sample,4666,9,16,16,16,16,0,False,False,False,EXACT_DERIVED
ternary_sample,4667,9,16,16,16,16,0,False,False,False,EXACT_DERIVED
ternary_sample,4668,8,13,16,16,16,0,False,False,False,EXACT_DERIVED
ternary_sample,4669,9,16,16,16,16,0,False,False,False,EXACT_DERIVED
ternary_sample,4670,9,15,16,16,16,0,False,False,False,EXACT_DERIVED
ternary_sample,4671,9,16,16,16,16,0,False,False,False,EXACT_DERIVED
ternary_sample,4672,9,16,16,16,16,0,False,False,False,EXACT_DERIVED
ternary_sample,4673,9,16,16,16,16,0,False,False,False,EXACT_DERIVED
ternary_sample,4674,9,16,16,16,16,0,False,False,False,EXACT_DERIVED
ternary_sample,4675,9,13,16,16,16,0,False,False,False,EXACT_DERIVED
ternary_sample,4676,9,15,16,16,16,0,False,False,False,EXACT_DERIVED
ternary_sample,4677,9,16,16,16,16,0,False,False,False,EXACT_DERIVED
ternary_sample,4678,9,16,16,16,16,0,False,False,False,EXACT_DERIVED
ternary_sample,4679,9,16,16,16,16,0,False,False,False,EXACT_DERIVED
ternary_sample,4680,9,15,16,16,16,0,False,False,False,EXACT_DERIVED
ternary_sample,4681,9,16,16,16,16,0,False,False,False,EXACT_DERIVED
ternary_sample,4682,9,16,16,16,16,0,False,False,False,EXACT_DERIVED
ternary_sample,4683,9,16,16,16,16,0,False,False,False,EXACT_DERIVED
ternary_sample,4684,9,16,16,16,16,0,False,False,False,EXACT_DERIVED
ternary_sample,4685,9,16,16,16,16,0,False,False,False,EXACT_DERIVED
ternary_sample,4686,9,16,16,16,16,0,False,False,False,EXACT_DERIVED
ternary_sample,4687,9,16,16,16,16,0,False,False,False,EXACT_DERIVED
ternary_sample,4688,9,16,16,16,16,0,False,False,False,EXACT_DERIVED
ternary_sample,4689,9,16,16,16,16,0,False,False,False,EXACT_DERIVED
ternary_sample,4690,9,15,16,16,16,0,False,False,False,EXACT_DERIVED
ternary_sample,4691,9,16,16,16,16,0,False,False,False,EXACT_DERIVED
ternary_sample,4692,9,16,16,16,16,0,False,False,False,EXACT_DERIVED
ternary_sample,4693,9,16,16,16,16,0,False,False,False,EXACT_DERIVED
ternary_sample,4694,9,16,16,16,16,0,False,False,False,EXACT_DERIVED
ternary_sample,4695,9,16,16,16,16,0,False,False,False,EXACT_DERIVED
ternary_sample,4696,9,16,16,16,16,0,False,False,False,EXACT_DERIVED
ternary_sample,4697,9,16,16,16,16,0,False,False,False,EXACT_DERIVED
ternary_sample,4698,9,16,16,16,16,0,False,False,False,EXACT_DERIVED
ternary_sample,4699,9,16,16,16,16,0,False,False,False,EXACT_DERIVED
ternary_sample,4700,9,15,16,16,16,0,False,False,False,EXACT_DERIVED
ternary_sample,4701,9,16,16,16,16,0,False,False,False,EXACT_DERIVED
ternary_sample,4702,9,16,16,16,16,0,False,False,False,EXACT_DERIVED
ternary_sample,4703,9,16,16,16,16,0,False,False,False,EXACT_DERIVED
ternary_sample,4704,9,16,16,16,16,0,False,False,False,EXACT_DERIVED
ternary_sample,4705,9,15,16,16,16,0,False,False,False,EXACT_DERIVED
ternary_sample,4706,9,16,16,16,16,0,False,False,False,EXACT_DERIVED
ternary_sample,4707,9,16,16,16,16,0,False,False,False,EXACT_DERIVED
ternary_sample,4708,9,15,16,16,16,0,False,False,False,EXACT_DERIVED
ternary_sample,4709,9,16,16,16,16,0,False,False,False,EXACT_DERIVED
ternary_sample,4710,9,13,16,16,16,0,False,False,False,EXACT_DERIVED
ternary_sample,4711,9,16,16,16,16,0,False,False,False,EXACT_DERIVED
ternary_sample,4712,9,15,16,16,16,0,False,False,False,EXACT_DERIVED
ternary_sample,4713,9,16,16,16,16,0,False,False,False,EXACT_DERIVED
ternary_sample,4714,9,16,16,16,16,0,False,False,False,EXACT_DERIVED
ternary_sample,4715,9,16,16,16,16,0,False,False,False,EXACT_DERIVED
ternary_sample,4716,9,16,16,16,16,0,False,False,False,EXACT_DERIVED
ternary_sample,4717,9,16,16,16,16,0,False,False,False,EXACT_DERIVED
ternary_sample,4718,9,16,16,16,16,0,False,False,False,EXACT_DERIVED
ternary_sample,4719,9,16,16,16,16,0,False,False,False,EXACT_DERIVED
ternary_sample,4720,9,16,16,16,16,0,False,False,False,EXACT_DERIVED
ternary_sample,4721,9,16,16,16,16,0,False,False,False,EXACT_DERIVED
ternary_sample,4722,9,15,16,16,16,0,False,False,False,EXACT_DERIVED
ternary_sample,4723,9,16,16,16,16,0,False,False,False,EXACT_DERIVED
ternary_sample,4724,9,16,16,16,16,0,False,False,False,EXACT_DERIVED
ternary_sample,4725,9,16,16,16,16,0,False,False,False,EXACT_DERIVED
ternary_sample,4726,9,14,16,16,16,0,False,False,False,EXACT_DERIVED
ternary_sample,4727,9,15,16,16,16,0,False,False,False,EXACT_DERIVED
ternary_sample,4728,9,16,16,16,16,0,False,False,False,EXACT_DERIVED
ternary_sample,4729,9,16,16,16,16,0,False,False,False,EXACT_DERIVED
ternary_sample,4730,9,16,16,16,16,0,False,False,False,EXACT_DERIVED
ternary_sample,4731,9,16,16,16,16,0,False,False,False,EXACT_DERIVED
ternary_sample,4732,9,16,16,16,16,0,False,False,False,EXACT_DERIVED
ternary_sample,4733,9,16,16,16,16,0,False,False,False,EXACT_DERIVED
ternary_sample,4734,9,16,16,16,16,0,False,False,False,EXACT_DERIVED
ternary_sample,4735,9,15,16,16,16,0,False,False,False,EXACT_DERIVED
ternary_sample,4736,9,16,16,16,16,0,False,False,False,EXACT_DERIVED
ternary_sample,4737,9,14,16,16,16,0,False,False,False,EXACT_DERIVED
ternary_sample,4738,9,15,16,16,16,0,False,False,False,EXACT_DERIVED
ternary_sample,4739,9,16,16,16,16,0,False,False,False,EXACT_DERIVED
ternary_sample,4740,9,16,16,16,16,0,False,False,False,EXACT_DERIVED
ternary_sample,4741,9,16,16,16,16,0,False,False,False,EXACT_DERIVED
ternary_sample,4742,9,15,16,16,16,0,False,False,False,EXACT_DERIVED
ternary_sample,4743,9,16,16,16,16,0,False,False,False,EXACT_DERIVED
ternary_sample,4744,9,16,16,16,16,0,False,False,False,EXACT_DERIVED
ternary_sample,4745,9,16,16,16,16,0,False,False,False,EXACT_DERIVED
ternary_sample,4746,9,16,16,16,16,0,False,False,False,EXACT_DERIVED
ternary_sample,4747,9,16,16,16,16,0,False,False,False,EXACT_DERIVED
ternary_sample,4748,9,16,16,16,16,0,False,False,False,EXACT_DERIVED
ternary_sample,4749,9,16,16,16,16,0,False,False,False,EXACT_DERIVED
ternary_sample,4750,9,15,16,16,16,0,False,False,False,EXACT_DERIVED
ternary_sample,4751,9,16,16,16,16,0,False,False,False,EXACT_DERIVED
ternary_sample,4752,9,15,16,16,16,0,False,False,False,EXACT_DERIVED
ternary_sample,4753,9,16,16,16,16,0,False,False,False,EXACT_DERIVED
ternary_sample,4754,9,16,16,16,16,0,False,False,False,EXACT_DERIVED
ternary_sample,4755,9,16,16,16,16,0,False,False,False,EXACT_DERIVED
ternary_sample,4756,9,16,16,16,16,0,False,False,False,EXACT_DERIVED
ternary_sample,4757,9,16,16,16,16,0,False,False,False,EXACT_DERIVED
ternary_sample,4758,9,15,16,16,16,0,False,False,False,EXACT_DERIVED
ternary_sample,4759,9,16,16,16,16,0,False,False,False,EXACT_DERIVED
ternary_sample,4760,9,16,16,16,16,0,False,False,False,EXACT_DERIVED
ternary_sample,4761,9,16,16,16,16,0,False,False,False,EXACT_DERIVED
ternary_sample,4762,9,16,16,16,16,0,False,False,False,EXACT_DERIVED
ternary_sample,4763,9,16,16,16,16,0,False,False,False,EXACT_DERIVED
ternary_sample,4764,9,16,16,16,16,0,False,False,False,EXACT_DERIVED
ternary_sample,4765,9,13,16,16,16,0,False,False,False,EXACT_DERIVED
ternary_sample,4766,9,16,16,16,16,0,False,False,False,EXACT_DERIVED
ternary_sample,4767,9,16,16,16,16,0,False,False,False,EXACT_DERIVED
ternary_sample,4768,9,16,16,16,16,0,False,False,False,EXACT_DERIVED
ternary_sample,4769,9,16,16,16,16,0,False,False,False,EXACT_DERIVED
ternary_sample,4770,9,16,16,16,16,0,False,False,False,EXACT_DERIVED
ternary_sample,4771,9,16,16,16,16,0,False,False,False,EXACT_DERIVED
ternary_sample,4772,9,16,16,16,16,0,False,False,False,EXACT_DERIVED
ternary_sample,4773,9,16,16,16,16,0,False,False,False,EXACT_DERIVED
ternary_sample,4774,9,16,16,16,16,0,False,False,False,EXACT_DERIVED
ternary_sample,4775,9,16,16,16,16,0,False,False,False,EXACT_DERIVED
ternary_sample,4776,9,16,16,16,16,0,False,False,False,EXACT_DERIVED
ternary_sample,4777,9,16,16,16,16,0,False,False,False,EXACT_DERIVED
ternary_sample,4778,9,16,16,16,16,0,False,False,False,EXACT_DERIVED
ternary_sample,4779,9,16,16,16,16,0,False,False,False,EXACT_DERIVED
ternary_sample,4780,9,16,16,16,16,0,False,False,False,EXACT_DERIVED
ternary_sample,4781,9,16,16,16,16,0,False,False,False,EXACT_DERIVED
ternary_sample,4782,9,16,16,16,16,0,False,False,False,EXACT_DERIVED
ternary_sample,4783,9,16,16,16,16,0,False,False,False,EXACT_DERIVED
ternary_sample,4784,9,16,16,16,16,0,False,False,False,EXACT_DERIVED
ternary_sample,4785,9,16,16,16,16,0,False,False,False,EXACT_DERIVED
ternary_sample,4786,9,16,16,16,16,0,False,False,False,EXACT_DERIVED
ternary_sample,4787,9,16,16,16,16,0,False,False,False,EXACT_DERIVED
ternary_sample,4788,9,16,16,16,16,0,False,False,False,EXACT_DERIVED
ternary_sample,4789,9,16,16,16,16,0,False,False,False,EXACT_DERIVED
ternary_sample,4790,9,16,16,16,16,0,False,False,False,EXACT_DERIVED
ternary_sample,4791,9,16,16,16,16,0,False,False,False,EXACT_DERIVED
ternary_sample,4792,9,15,16,16,16,0,False,False,False,EXACT_DERIVED
ternary_sample,4793,9,16,16,16,16,0,False,False,False,EXACT_DERIVED
ternary_sample,4794,9,16,16,16,16,0,False,False,False,EXACT_DERIVED
ternary_sample,4795,9,16,16,16,16,0,False,False,False,EXACT_DERIVED
ternary_sample,4796,9,16,16,16,16,0,False,False,False,EXACT_DERIVED
ternary_sample,4797,9,16,16,16,16,0,False,False,False,EXACT_DERIVED
ternary_sample,4798,9,16,16,16,16,0,False,False,False,EXACT_DERIVED
ternary_sample,4799,9,16,16,16,16,0,False,False,False,EXACT_DERIVED
ternary_sample,4800,9,16,16,16,16,0,False,False,False,EXACT_DERIVED
ternary_sample,4801,9,16,16,16,16,0,False,False,False,EXACT_DERIVED
ternary_sample,4802,9,16,16,16,16,0,False,False,False,EXACT_DERIVED
ternary_sample,4803,9,16,16,16,16,0,False,False,False,EXACT_DERIVED
ternary_sample,4804,9,16,16,16,16,0,False,False,False,EXACT_DERIVED
ternary_sample,4805,9,15,16,16,16,0,False,False,False,EXACT_DERIVED
ternary_sample,4806,9,14,15,16,16,0,False,False,False,EXACT_DERIVED
ternary_sample,4807,9,16,16,16,16,0,False,False,False,EXACT_DERIVED
ternary_sample,4808,9,16,16,16,16,0,False,False,False,EXACT_DERIVED
ternary_sample,4809,9,16,16,16,16,0,False,False,False,EXACT_DERIVED
ternary_sample,4810,9,16,16,16,16,0,False,False,False,EXACT_DERIVED
ternary_sample,4811,9,15,16,16,16,0,False,False,False,EXACT_DERIVED
ternary_sample,4812,9,16,16,16,16,0,False,False,False,EXACT_DERIVED
ternary_sample,4813,9,16,16,16,16,0,False,False,False,EXACT_DERIVED
ternary_sample,4814,9,16,16,16,16,0,False,False,False,EXACT_DERIVED
ternary_sample,4815,9,15,16,16,16,0,False,False,False,EXACT_DERIVED
ternary_sample,4816,9,16,16,16,16,0,False,False,False,EXACT_DERIVED
ternary_sample,4817,9,16,16,16,16,0,False,False,False,EXACT_DERIVED
ternary_sample,4818,9,16,16,16,16,0,False,False,False,EXACT_DERIVED
ternary_sample,4819,9,16,16,16,16,0,False,False,False,EXACT_DERIVED
ternary_sample,4820,9,16,16,16,16,0,False,False,False,EXACT_DERIVED
ternary_sample,4821,9,16,16,16,16,0,False,False,False,EXACT_DERIVED
ternary_sample,4822,9,16,16,16,16,0,False,False,False,EXACT_DERIVED
ternary_sample,4823,9,15,16,16,16,0,False,False,False,EXACT_DERIVED
ternary_sample,4824,9,16,16,16,16,0,False,False,False,EXACT_DERIVED
ternary_sample,4825,9,15,16,16,16,0,False,False,False,EXACT_DERIVED
ternary_sample,4826,9,16,16,16,16,0,False,False,False,EXACT_DERIVED
ternary_sample,4827,9,16,16,16,16,0,False,False,False,EXACT_DERIVED
ternary_sample,4828,9,16,16,16,16,0,False,False,False,EXACT_DERIVED
ternary_sample,4829,9,16,16,16,16,0,False,False,False,EXACT_DERIVED
ternary_sample,4830,9,16,16,16,16,0,False,False,False,EXACT_DERIVED
ternary_sample,4831,9,15,16,16,16,0,False,False,False,EXACT_DERIVED
ternary_sample,4832,9,15,16,16,16,0,False,False,False,EXACT_DERIVED
ternary_sample,4833,9,15,16,16,16,0,False,False,False,EXACT_DERIVED
ternary_sample,4834,9,16,16,16,16,0,False,False,False,EXACT_DERIVED
ternary_sample,4835,9,16,16,16,16,0,False,False,False,EXACT_DERIVED
ternary_sample,4836,9,16,16,16,16,0,False,False,False,EXACT_DERIVED
ternary_sample,4837,9,16,16,16,16,0,False,False,False,EXACT_DERIVED
ternary_sample,4838,9,16,16,16,16,0,False,False,False,EXACT_DERIVED
ternary_sample,4839,9,16,16,16,16,0,False,False,False,EXACT_DERIVED
ternary_sample,4840,9,16,16,16,16,0,False,False,False,EXACT_DERIVED
ternary_sample,4841,9,16,16,16,16,0,False,False,False,EXACT_DERIVED
ternary_sample,4842,9,16,16,16,16,0,False,False,False,EXACT_DERIVED
ternary_sample,4843,9,16,16,16,16,0,False,False,False,EXACT_DERIVED
ternary_sample,4844,9,16,16,16,16,0,False,False,False,EXACT_DERIVED
ternary_sample,4845,9,16,16,16,16,0,False,False,False,EXACT_DERIVED
ternary_sample,4846,9,16,16,16,16,0,False,False,False,EXACT_DERIVED
ternary_sample,4847,9,16,16,16,16,0,False,False,False,EXACT_DERIVED
ternary_sample,4848,9,16,16,16,16,0,False,False,False,EXACT_DERIVED
ternary_sample,4849,9,16,16,16,16,0,False,False,False,EXACT_DERIVED
ternary_sample,4850,9,16,16,16,16,0,False,False,False,EXACT_DERIVED
ternary_sample,4851,9,16,16,16,16,0,False,False,False,EXACT_DERIVED
ternary_sample,4852,9,16,16,16,16,0,False,False,False,EXACT_DERIVED
ternary_sample,4853,9,15,16,16,16,0,False,False,False,EXACT_DERIVED
ternary_sample,4854,9,16,16,16,16,0,False,False,False,EXACT_DERIVED
ternary_sample,4855,9,16,16,16,16,0,False,False,False,EXACT_DERIVED
ternary_sample,4856,9,16,16,16,16,0,False,False,False,EXACT_DERIVED
ternary_sample,4857,9,16,16,16,16,0,False,False,False,EXACT_DERIVED
ternary_sample,4858,9,16,16,16,16,0,False,False,False,EXACT_DERIVED
ternary_sample,4859,9,16,16,16,16,0,False,False,False,EXACT_DERIVED
ternary_sample,4860,9,16,16,16,16,0,False,False,False,EXACT_DERIVED
ternary_sample,4861,9,16,16,16,16,0,False,False,False,EXACT_DERIVED
ternary_sample,4862,9,16,16,16,16,0,False,False,False,EXACT_DERIVED
ternary_sample,4863,9,16,16,16,16,0,False,False,False,EXACT_DERIVED
ternary_sample,4864,9,16,16,16,16,0,False,False,False,EXACT_DERIVED
ternary_sample,4865,9,14,16,16,16,0,False,False,False,EXACT_DERIVED
ternary_sample,4866,9,16,16,16,16,0,False,False,False,EXACT_DERIVED
ternary_sample,4867,9,16,16,16,16,0,False,False,False,EXACT_DERIVED
ternary_sample,4868,9,15,16,16,16,0,False,False,False,EXACT_DERIVED
ternary_sample,4869,9,15,16,16,16,0,False,False,False,EXACT_DERIVED
ternary_sample,4870,9,15,16,16,16,0,False,False,False,EXACT_DERIVED
ternary_sample,4871,9,16,16,16,16,0,False,False,False,EXACT_DERIVED
ternary_sample,4872,9,16,16,16,16,0,False,False,False,EXACT_DERIVED
ternary_sample,4873,9,15,16,16,16,0,False,False,False,EXACT_DERIVED
ternary_sample,4874,9,15,16,16,16,0,False,False,False,EXACT_DERIVED
ternary_sample,4875,9,15,16,16,16,0,False,False,False,EXACT_DERIVED
ternary_sample,4876,9,15,16,16,16,0,False,False,False,EXACT_DERIVED
ternary_sample,4877,9,16,16,16,16,0,False,False,False,EXACT_DERIVED
ternary_sample,4878,9,15,16,16,16,0,False,False,False,EXACT_DERIVED
ternary_sample,4879,9,16,16,16,16,0,False,False,False,EXACT_DERIVED
ternary_sample,4880,9,16,16,16,16,0,False,False,False,EXACT_DERIVED
ternary_sample,4881,9,15,16,16,16,0,False,False,False,EXACT_DERIVED
ternary_sample,4882,9,16,16,16,16,0,False,False,False,EXACT_DERIVED
ternary_sample,4883,9,16,16,16,16,0,False,False,False,EXACT_DERIVED
ternary_sample,4884,9,16,16,16,16,0,False,False,False,EXACT_DERIVED
ternary_sample,4885,9,15,16,16,16,0,False,False,False,EXACT_DERIVED
ternary_sample,4886,9,16,16,16,16,0,False,False,False,EXACT_DERIVED
ternary_sample,4887,9,16,16,16,16,0,False,False,False,EXACT_DERIVED
ternary_sample,4888,9,16,16,16,16,0,False,False,False,EXACT_DERIVED
ternary_sample,4889,9,15,16,16,16,0,False,False,False,EXACT_DERIVED
ternary_sample,4890,9,16,16,16,16,0,False,False,False,EXACT_DERIVED
ternary_sample,4891,9,16,16,16,16,0,False,False,False,EXACT_DERIVED
ternary_sample,4892,9,16,16,16,16,0,False,False,False,EXACT_DERIVED
ternary_sample,4893,9,16,16,16,16,0,False,False,False,EXACT_DERIVED
ternary_sample,4894,9,16,16,16,16,0,False,False,False,EXACT_DERIVED
ternary_sample,4895,9,16,16,16,16,0,False,False,False,EXACT_DERIVED
ternary_sample,4896,9,16,16,16,16,0,False,False,False,EXACT_DERIVED
ternary_sample,4897,9,16,16,16,16,0,False,False,False,EXACT_DERIVED
ternary_sample,4898,9,16,16,16,16,0,False,False,False,EXACT_DERIVED
ternary_sample,4899,9,16,16,16,16,0,False,False,False,EXACT_DERIVED
ternary_sample,4900,9,16,16,16,16,0,False,False,False,EXACT_DERIVED
ternary_sample,4901,9,16,16,16,16,0,False,False,False,EXACT_DERIVED
ternary_sample,4902,9,16,16,16,16,0,False,False,False,EXACT_DERIVED
ternary_sample,4903,9,16,16,16,16,0,False,False,False,EXACT_DERIVED
ternary_sample,4904,9,16,16,16,16,0,False,False,False,EXACT_DERIVED
ternary_sample,4905,9,16,16,16,16,0,False,False,False,EXACT_DERIVED
ternary_sample,4906,9,16,16,16,16,0,False,False,False,EXACT_DERIVED
ternary_sample,4907,9,16,16,16,16,0,False,False,False,EXACT_DERIVED
ternary_sample,4908,9,16,16,16,16,0,False,False,False,EXACT_DERIVED
ternary_sample,4909,9,16,16,16,16,0,False,False,False,EXACT_DERIVED
ternary_sample,4910,9,16,16,16,16,0,False,False,False,EXACT_DERIVED
ternary_sample,4911,9,16,16,16,16,0,False,False,False,EXACT_DERIVED
ternary_sample,4912,9,16,16,16,16,0,False,False,False,EXACT_DERIVED
ternary_sample,4913,9,16,16,16,16,0,False,False,False,EXACT_DERIVED
ternary_sample,4914,9,15,16,16,16,0,False,False,False,EXACT_DERIVED
ternary_sample,4915,9,16,16,16,16,0,False,False,False,EXACT_DERIVED
ternary_sample,4916,9,16,16,16,16,0,False,False,False,EXACT_DERIVED
ternary_sample,4917,9,16,16,16,16,0,False,False,False,EXACT_DERIVED
ternary_sample,4918,9,16,16,16,16,0,False,False,False,EXACT_DERIVED
ternary_sample,4919,9,16,16,16,16,0,False,False,False,EXACT_DERIVED
ternary_sample,4920,9,16,16,16,16,0,False,False,False,EXACT_DERIVED
ternary_sample,4921,9,16,16,16,16,0,False,False,False,EXACT_DERIVED
ternary_sample,4922,9,16,16,16,16,0,False,False,False,EXACT_DERIVED
ternary_sample,4923,9,16,16,16,16,0,False,False,False,EXACT_DERIVED
ternary_sample,4924,9,16,16,16,16,0,False,False,False,EXACT_DERIVED
ternary_sample,4925,9,16,16,16,16,0,False,False,False,EXACT_DERIVED
ternary_sample,4926,9,15,16,16,16,0,False,False,False,EXACT_DERIVED
ternary_sample,4927,9,16,16,16,16,0,False,False,False,EXACT_DERIVED
ternary_sample,4928,9,16,16,16,16,0,False,False,False,EXACT_DERIVED
ternary_sample,4929,9,15,16,16,16,0,False,False,False,EXACT_DERIVED
ternary_sample,4930,9,16,16,16,16,0,False,False,False,EXACT_DERIVED
ternary_sample,4931,9,16,16,16,16,0,False,False,False,EXACT_DERIVED
ternary_sample,4932,9,16,16,16,16,0,False,False,False,EXACT_DERIVED
ternary_sample,4933,9,14,16,16,16,0,False,False,False,EXACT_DERIVED
ternary_sample,4934,9,16,16,16,16,0,False,False,False,EXACT_DERIVED
ternary_sample,4935,9,16,16,16,16,0,False,False,False,EXACT_DERIVED
ternary_sample,4936,9,16,16,16,16,0,False,False,False,EXACT_DERIVED
ternary_sample,4937,9,16,16,16,16,0,False,False,False,EXACT_DERIVED
ternary_sample,4938,9,16,16,16,16,0,False,False,False,EXACT_DERIVED
ternary_sample,4939,9,16,16,16,16,0,False,False,False,EXACT_DERIVED
ternary_sample,4940,9,16,16,16,16,0,False,False,False,EXACT_DERIVED
ternary_sample,4941,9,16,16,16,16,0,False,False,False,EXACT_DERIVED
ternary_sample,4942,9,16,16,16,16,0,False,False,False,EXACT_DERIVED
ternary_sample,4943,9,16,16,16,16,0,False,False,False,EXACT_DERIVED
ternary_sample,4944,9,16,16,16,16,0,False,False,False,EXACT_DERIVED
ternary_sample,4945,9,16,16,16,16,0,False,False,False,EXACT_DERIVED
ternary_sample,4946,9,16,16,16,16,0,False,False,False,EXACT_DERIVED
ternary_sample,4947,9,16,16,16,16,0,False,False,False,EXACT_DERIVED
ternary_sample,4948,9,15,16,16,16,0,False,False,False,EXACT_DERIVED
ternary_sample,4949,9,16,16,16,16,0,False,False,False,EXACT_DERIVED
ternary_sample,4950,9,16,16,16,16,0,False,False,False,EXACT_DERIVED
ternary_sample,4951,9,16,16,16,16,0,False,False,False,EXACT_DERIVED
ternary_sample,4952,9,16,16,16,16,0,False,False,False,EXACT_DERIVED
ternary_sample,4953,9,15,16,16,16,0,False,False,False,EXACT_DERIVED
ternary_sample,4954,9,16,16,16,16,0,False,False,False,EXACT_DERIVED
ternary_sample,4955,9,16,16,16,16,0,False,False,False,EXACT_DERIVED
ternary_sample,4956,9,16,16,16,16,0,False,False,False,EXACT_DERIVED
ternary_sample,4957,9,16,16,16,16,0,False,False,False,EXACT_DERIVED
ternary_sample,4958,9,16,16,16,16,0,False,False,False,EXACT_DERIVED
ternary_sample,4959,9,16,16,16,16,0,False,False,False,EXACT_DERIVED
ternary_sample,4960,9,16,16,16,16,0,False,False,False,EXACT_DERIVED
ternary_sample,4961,9,16,16,16,16,0,False,False,False,EXACT_DERIVED
ternary_sample,4962,9,16,16,16,16,0,False,False,False,EXACT_DERIVED
ternary_sample,4963,9,16,16,16,16,0,False,False,False,EXACT_DERIVED
ternary_sample,4964,9,15,16,16,16,0,False,False,False,EXACT_DERIVED
ternary_sample,4965,9,16,16,16,16,0,False,False,False,EXACT_DERIVED
ternary_sample,4966,9,16,16,16,16,0,False,False,False,EXACT_DERIVED
ternary_sample,4967,9,16,16,16,16,0,False,False,False,EXACT_DERIVED
ternary_sample,4968,9,16,16,16,16,0,False,False,False,EXACT_DERIVED
ternary_sample,4969,9,16,16,16,16,0,False,False,False,EXACT_DERIVED
ternary_sample,4970,9,16,16,16,16,0,False,False,False,EXACT_DERIVED
ternary_sample,4971,9,13,16,16,16,0,False,False,False,EXACT_DERIVED
ternary_sample,4972,9,16,16,16,16,0,False,False,False,EXACT_DERIVED
ternary_sample,4973,9,16,16,16,16,0,False,False,False,EXACT_DERIVED
ternary_sample,4974,9,16,16,16,16,0,False,False,False,EXACT_DERIVED
ternary_sample,4975,9,16,16,16,16,0,False,False,False,EXACT_DERIVED
ternary_sample,4976,9,16,16,16,16,0,False,False,False,EXACT_DERIVED
ternary_sample,4977,9,16,16,16,16,0,False,False,False,EXACT_DERIVED
ternary_sample,4978,9,16,16,16,16,0,False,False,False,EXACT_DERIVED
ternary_sample,4979,9,15,16,16,16,0,False,False,False,EXACT_DERIVED
ternary_sample,4980,9,16,16,16,16,0,False,False,False,EXACT_DERIVED
ternary_sample,4981,9,16,16,16,16,0,False,False,False,EXACT_DERIVED
ternary_sample,4982,9,16,16,16,16,0,False,False,False,EXACT_DERIVED
ternary_sample,4983,9,16,16,16,16,0,False,False,False,EXACT_DERIVED
ternary_sample,4984,9,16,16,16,16,0,False,False,False,EXACT_DERIVED
ternary_sample,4985,9,16,16,16,16,0,False,False,False,EXACT_DERIVED
ternary_sample,4986,9,15,16,16,16,0,False,False,False,EXACT_DERIVED
ternary_sample,4987,9,16,16,16,16,0,False,False,False,EXACT_DERIVED
ternary_sample,4988,9,16,16,16,16,0,False,False,False,EXACT_DERIVED
ternary_sample,4989,9,15,16,16,16,0,False,False,False,EXACT_DERIVED
ternary_sample,4990,9,16,16,16,16,0,False,False,False,EXACT_DERIVED
ternary_sample,4991,9,16,16,16,16,0,False,False,False,EXACT_DERIVED
ternary_sample,4992,9,16,16,16,16,0,False,False,False,EXACT_DERIVED
ternary_sample,4993,9,16,16,16,16,0,False,False,False,EXACT_DERIVED
ternary_sample,4994,9,16,16,16,16,0,False,False,False,EXACT_DERIVED
ternary_sample,4995,9,16,16,16,16,0,False,False,False,EXACT_DERIVED
ternary_sample,4996,9,16,16,16,16,0,False,False,False,EXACT_DERIVED
ternary_sample,4997,9,16,16,16,16,0,False,False,False,EXACT_DERIVED
ternary_sample,4998,9,16,16,16,16,0,False,False,False,EXACT_DERIVED
ternary_sample,4999,9,16,16,16,16,0,False,False,False,EXACT_DERIVED
ternary_sample,5000,9,16,16,16,16,0,False,False,False,EXACT_DERIVED
ternary_sample,5001,9,16,16,16,16,0,False,False,False,EXACT_DERIVED
ternary_sample,5002,9,16,16,16,16,0,False,False,False,EXACT_DERIVED
ternary_sample,5003,9,16,16,16,16,0,False,False,False,EXACT_DERIVED
ternary_sample,5004,9,16,16,16,16,0,False,False,False,EXACT_DERIVED
ternary_sample,5005,9,16,16,16,16,0,False,False,False,EXACT_DERIVED
ternary_sample,5006,9,15,16,16,16,0,False,False,False,EXACT_DERIVED
ternary_sample,5007,9,15,16,16,16,0,False,False,False,EXACT_DERIVED
ternary_sample,5008,9,16,16,16,16,0,False,False,False,EXACT_DERIVED
ternary_sample,5009,9,15,16,16,16,0,False,False,False,EXACT_DERIVED
ternary_sample,5010,9,16,16,16,16,0,False,False,False,EXACT_DERIVED
ternary_sample,5011,9,16,16,16,16,0,False,False,False,EXACT_DERIVED
ternary_sample,5012,9,16,16,16,16,0,False,False,False,EXACT_DERIVED
ternary_sample,5013,9,16,16,16,16,0,False,False,False,EXACT_DERIVED
ternary_sample,5014,9,15,16,16,16,0,False,False,False,EXACT_DERIVED
ternary_sample,5015,9,16,16,16,16,0,False,False,False,EXACT_DERIVED
ternary_sample,5016,9,15,16,16,16,0,False,False,False,EXACT_DERIVED
ternary_sample,5017,9,16,16,16,16,0,False,False,False,EXACT_DERIVED
ternary_sample,5018,9,16,16,16,16,0,False,False,False,EXACT_DERIVED
ternary_sample,5019,9,16,16,16,16,0,False,False,False,EXACT_DERIVED
ternary_sample,5020,9,16,16,16,16,0,False,False,False,EXACT_DERIVED
ternary_sample,5021,9,16,16,16,16,0,False,False,False,EXACT_DERIVED
ternary_sample,5022,9,15,16,16,16,0,False,False,False,EXACT_DERIVED
ternary_sample,5023,9,16,16,16,16,0,False,False,False,EXACT_DERIVED
ternary_sample,5024,9,15,16,16,16,0,False,False,False,EXACT_DERIVED
ternary_sample,5025,9,16,16,16,16,0,False,False,False,EXACT_DERIVED
ternary_sample,5026,9,16,16,16,16,0,False,False,False,EXACT_DERIVED
ternary_sample,5027,9,16,16,16,16,0,False,False,False,EXACT_DERIVED
ternary_sample,5028,9,16,16,16,16,0,False,False,False,EXACT_DERIVED
ternary_sample,5029,9,16,16,16,16,0,False,False,False,EXACT_DERIVED
ternary_sample,5030,9,13,16,16,16,0,False,False,False,EXACT_DERIVED
ternary_sample,5031,9,16,16,16,16,0,False,False,False,EXACT_DERIVED
ternary_sample,5032,9,16,16,16,16,0,False,False,False,EXACT_DERIVED
ternary_sample,5033,9,16,16,16,16,0,False,False,False,EXACT_DERIVED
ternary_sample,5034,9,15,16,16,16,0,False,False,False,EXACT_DERIVED
ternary_sample,5035,9,16,16,16,16,0,False,False,False,EXACT_DERIVED
ternary_sample,5036,9,16,16,16,16,0,False,False,False,EXACT_DERIVED
ternary_sample,5037,9,16,16,16,16,0,False,False,False,EXACT_DERIVED
ternary_sample,5038,9,16,16,16,16,0,False,False,False,EXACT_DERIVED
ternary_sample,5039,9,16,16,16,16,0,False,False,False,EXACT_DERIVED
ternary_sample,5040,9,16,16,16,16,0,False,False,False,EXACT_DERIVED
ternary_sample,5041,9,15,16,16,16,0,False,False,False,EXACT_DERIVED
ternary_sample,5042,9,16,16,16,16,0,False,False,False,EXACT_DERIVED
ternary_sample,5043,9,16,16,16,16,0,False,False,False,EXACT_DERIVED
ternary_sample,5044,9,16,16,16,16,0,False,False,False,EXACT_DERIVED
ternary_sample,5045,9,16,16,16,16,0,False,False,False,EXACT_DERIVED
ternary_sample,5046,9,16,16,16,16,0,False,False,False,EXACT_DERIVED
ternary_sample,5047,9,15,16,16,16,0,False,False,False,EXACT_DERIVED
ternary_sample,5048,9,16,16,16,16,0,False,False,False,EXACT_DERIVED
ternary_sample,5049,9,16,16,16,16,0,False,False,False,EXACT_DERIVED
ternary_sample,5050,9,15,16,16,16,0,False,False,False,EXACT_DERIVED
ternary_sample,5051,9,16,16,16,16,0,False,False,False,EXACT_DERIVED
ternary_sample,5052,9,16,16,16,16,0,False,False,False,EXACT_DERIVED
ternary_sample,5053,9,16,16,16,16,0,False,False,False,EXACT_DERIVED
ternary_sample,5054,9,16,16,16,16,0,False,False,False,EXACT_DERIVED
ternary_sample,5055,9,16,16,16,16,0,False,False,False,EXACT_DERIVED
ternary_sample,5056,9,16,16,16,16,0,False,False,False,EXACT_DERIVED
ternary_sample,5057,9,16,16,16,16,0,False,False,False,EXACT_DERIVED
ternary_sample,5058,9,15,16,16,16,0,False,False,False,EXACT_DERIVED
ternary_sample,5059,9,16,16,16,16,0,False,False,False,EXACT_DERIVED
ternary_sample,5060,9,16,16,16,16,0,False,False,False,EXACT_DERIVED
ternary_sample,5061,9,16,16,16,16,0,False,False,False,EXACT_DERIVED
ternary_sample,5062,9,16,16,16,16,0,False,False,False,EXACT_DERIVED
ternary_sample,5063,9,16,16,16,16,0,False,False,False,EXACT_DERIVED
ternary_sample,5064,9,16,16,16,16,0,False,False,False,EXACT_DERIVED
ternary_sample,5065,9,15,16,16,16,0,False,False,False,EXACT_DERIVED
ternary_sample,5066,9,16,16,16,16,0,False,False,False,EXACT_DERIVED
ternary_sample,5067,9,16,16,16,16,0,False,False,False,EXACT_DERIVED
ternary_sample,5068,9,16,16,16,16,0,False,False,False,EXACT_DERIVED
ternary_sample,5069,9,16,16,16,16,0,False,False,False,EXACT_DERIVED
ternary_sample,5070,9,16,16,16,16,0,False,False,False,EXACT_DERIVED
ternary_sample,5071,9,16,16,16,16,0,False,False,False,EXACT_DERIVED
ternary_sample,5072,9,16,16,16,16,0,False,False,False,EXACT_DERIVED
ternary_sample,5073,9,16,16,16,16,0,False,False,False,EXACT_DERIVED
ternary_sample,5074,9,16,16,16,16,0,False,False,False,EXACT_DERIVED
ternary_sample,5075,9,16,16,16,16,0,False,False,False,EXACT_DERIVED
ternary_sample,5076,9,16,16,16,16,0,False,False,False,EXACT_DERIVED
ternary_sample,5077,9,14,16,16,16,0,False,False,False,EXACT_DERIVED
ternary_sample,5078,9,15,16,16,16,0,False,False,False,EXACT_DERIVED
ternary_sample,5079,9,16,16,16,16,0,False,False,False,EXACT_DERIVED
ternary_sample,5080,9,16,16,16,16,0,False,False,False,EXACT_DERIVED
ternary_sample,5081,9,15,16,16,16,0,False,False,False,EXACT_DERIVED
ternary_sample,5082,9,16,16,16,16,0,False,False,False,EXACT_DERIVED
ternary_sample,5083,9,15,16,16,16,0,False,False,False,EXACT_DERIVED
ternary_sample,5084,9,16,16,16,16,0,False,False,False,EXACT_DERIVED
ternary_sample,5085,9,16,16,16,16,0,False,False,False,EXACT_DERIVED
ternary_sample,5086,9,16,16,16,16,0,False,False,False,EXACT_DERIVED
ternary_sample,5087,9,15,16,16,16,0,False,False,False,EXACT_DERIVED
ternary_sample,5088,9,16,16,16,16,0,False,False,False,EXACT_DERIVED
ternary_sample,5089,9,15,16,16,16,0,False,False,False,EXACT_DERIVED
ternary_sample,5090,9,16,16,16,16,0,False,False,False,EXACT_DERIVED
ternary_sample,5091,9,16,16,16,16,0,False,False,False,EXACT_DERIVED
ternary_sample,5092,9,16,16,16,16,0,False,False,False,EXACT_DERIVED
ternary_sample,5093,9,16,16,16,16,0,False,False,False,EXACT_DERIVED
ternary_sample,5094,9,16,16,16,16,0,False,False,False,EXACT_DERIVED
ternary_sample,5095,9,16,16,16,16,0,False,False,False,EXACT_DERIVED
ternary_sample,5096,9,15,16,16,16,0,False,False,False,EXACT_DERIVED
ternary_sample,5097,9,16,16,16,16,0,False,False,False,EXACT_DERIVED
ternary_sample,5098,9,16,16,16,16,0,False,False,False,EXACT_DERIVED
ternary_sample,5099,9,16,16,16,16,0,False,False,False,EXACT_DERIVED
ternary_sample,5100,9,16,16,16,16,0,False,False,False,EXACT_DERIVED
ternary_sample,5101,9,16,16,16,16,0,False,False,False,EXACT_DERIVED
ternary_sample,5102,9,15,16,16,16,0,False,False,False,EXACT_DERIVED
ternary_sample,5103,9,16,16,16,16,0,False,False,False,EXACT_DERIVED
ternary_sample,5104,9,16,16,16,16,0,False,False,False,EXACT_DERIVED
ternary_sample,5105,9,16,16,16,16,0,False,False,False,EXACT_DERIVED
ternary_sample,5106,9,14,16,16,16,0,False,False,False,EXACT_DERIVED
ternary_sample,5107,9,14,16,16,16,0,False,False,False,EXACT_DERIVED
ternary_sample,5108,9,16,16,16,16,0,False,False,False,EXACT_DERIVED
ternary_sample,5109,9,16,16,16,16,0,False,False,False,EXACT_DERIVED
ternary_sample,5110,9,16,16,16,16,0,False,False,False,EXACT_DERIVED
ternary_sample,5111,9,16,16,16,16,0,False,False,False,EXACT_DERIVED
ternary_sample,5112,9,16,16,16,16,0,False,False,False,EXACT_DERIVED
ternary_sample,5113,9,16,16,16,16,0,False,False,False,EXACT_DERIVED
ternary_sample,5114,9,16,16,16,16,0,False,False,False,EXACT_DERIVED
ternary_sample,5115,9,16,16,16,16,0,False,False,False,EXACT_DERIVED
ternary_sample,5116,9,16,16,16,16,0,False,False,False,EXACT_DERIVED
ternary_sample,5117,9,16,16,16,16,0,False,False,False,EXACT_DERIVED
ternary_sample,5118,9,16,16,16,16,0,False,False,False,EXACT_DERIVED
ternary_sample,5119,9,16,16,16,16,0,False,False,False,EXACT_DERIVED
ternary_sample,5120,9,16,16,16,16,0,False,False,False,EXACT_DERIVED
ternary_sample,5121,9,16,16,16,16,0,False,False,False,EXACT_DERIVED
ternary_sample,5122,9,16,16,16,16,0,False,False,False,EXACT_DERIVED
ternary_sample,5123,9,16,16,16,16,0,False,False,False,EXACT_DERIVED
ternary_sample,5124,9,16,16,16,16,0,False,False,False,EXACT_DERIVED
ternary_sample,5125,9,16,16,16,16,0,False,False,False,EXACT_DERIVED
ternary_sample,5126,9,15,16,16,16,0,False,False,False,EXACT_DERIVED
ternary_sample,5127,9,16,16,16,16,0,False,False,False,EXACT_DERIVED
ternary_sample,5128,9,16,16,16,16,0,False,False,False,EXACT_DERIVED
ternary_sample,5129,9,16,16,16,16,0,False,False,False,EXACT_DERIVED
ternary_sample,5130,9,16,16,16,16,0,False,False,False,EXACT_DERIVED
ternary_sample,5131,9,16,16,16,16,0,False,False,False,EXACT_DERIVED
ternary_sample,5132,9,16,16,16,16,0,False,False,False,EXACT_DERIVED
ternary_sample,5133,9,16,16,16,16,0,False,False,False,EXACT_DERIVED
ternary_sample,5134,9,16,16,16,16,0,False,False,False,EXACT_DERIVED
ternary_sample,5135,9,16,16,16,16,0,False,False,False,EXACT_DERIVED
ternary_sample,5136,9,15,16,16,16,0,False,False,False,EXACT_DERIVED
ternary_sample,5137,9,16,16,16,16,0,False,False,False,EXACT_DERIVED
ternary_sample,5138,9,16,16,16,16,0,False,False,False,EXACT_DERIVED
ternary_sample,5139,9,16,16,16,16,0,False,False,False,EXACT_DERIVED
ternary_sample,5140,9,16,16,16,16,0,False,False,False,EXACT_DERIVED
ternary_sample,5141,9,16,16,16,16,0,False,False,False,EXACT_DERIVED
ternary_sample,5142,9,16,16,16,16,0,False,False,False,EXACT_DERIVED
ternary_sample,5143,9,15,16,16,16,0,False,False,False,EXACT_DERIVED
ternary_sample,5144,9,16,16,16,16,0,False,False,False,EXACT_DERIVED
ternary_sample,5145,9,16,16,16,16,0,False,False,False,EXACT_DERIVED
ternary_sample,5146,9,15,16,16,16,0,False,False,False,EXACT_DERIVED
ternary_sample,5147,9,15,16,16,16,0,False,False,False,EXACT_DERIVED
ternary_sample,5148,9,16,16,16,16,0,False,False,False,EXACT_DERIVED
ternary_sample,5149,9,16,16,16,16,0,False,False,False,EXACT_DERIVED
ternary_sample,5150,9,16,16,16,16,0,False,False,False,EXACT_DERIVED
ternary_sample,5151,9,16,16,16,16,0,False,False,False,EXACT_DERIVED
ternary_sample,5152,9,15,16,16,16,0,False,False,False,EXACT_DERIVED
ternary_sample,5153,9,16,16,16,16,0,False,False,False,EXACT_DERIVED
ternary_sample,5154,9,16,16,16,16,0,False,False,False,EXACT_DERIVED
ternary_sample,5155,9,16,16,16,16,0,False,False,False,EXACT_DERIVED
ternary_sample,5156,9,16,16,16,16,0,False,False,False,EXACT_DERIVED
ternary_sample,5157,9,16,16,16,16,0,False,False,False,EXACT_DERIVED
ternary_sample,5158,9,16,16,16,16,0,False,False,False,EXACT_DERIVED
ternary_sample,5159,9,16,16,16,16,0,False,False,False,EXACT_DERIVED
ternary_sample,5160,9,15,16,16,16,0,False,False,False,EXACT_DERIVED
ternary_sample,5161,9,16,16,16,16,0,False,False,False,EXACT_DERIVED
ternary_sample,5162,9,16,16,16,16,0,False,False,False,EXACT_DERIVED
ternary_sample,5163,9,16,16,16,16,0,False,False,False,EXACT_DERIVED
ternary_sample,5164,9,16,16,16,16,0,False,False,False,EXACT_DERIVED
ternary_sample,5165,9,16,16,16,16,0,False,False,False,EXACT_DERIVED
ternary_sample,5166,9,15,16,16,16,0,False,False,False,EXACT_DERIVED
ternary_sample,5167,9,16,16,16,16,0,False,False,False,EXACT_DERIVED
ternary_sample,5168,9,16,16,16,16,0,False,False,False,EXACT_DERIVED
ternary_sample,5169,9,15,16,16,16,0,False,False,False,EXACT_DERIVED
ternary_sample,5170,9,15,16,16,16,0,False,False,False,EXACT_DERIVED
ternary_sample,5171,9,14,16,16,16,0,False,False,False,EXACT_DERIVED
ternary_sample,5172,9,16,16,16,16,0,False,False,False,EXACT_DERIVED
ternary_sample,5173,9,16,16,16,16,0,False,False,False,EXACT_DERIVED
ternary_sample,5174,9,16,16,16,16,0,False,False,False,EXACT_DERIVED
ternary_sample,5175,9,16,16,16,16,0,False,False,False,EXACT_DERIVED
ternary_sample,5176,9,16,16,16,16,0,False,False,False,EXACT_DERIVED
ternary_sample,5177,9,16,16,16,16,0,False,False,False,EXACT_DERIVED
ternary_sample,5178,9,16,16,16,16,0,False,False,False,EXACT_DERIVED
ternary_sample,5179,9,16,16,16,16,0,False,False,False,EXACT_DERIVED
ternary_sample,5180,9,16,16,16,16,0,False,False,False,EXACT_DERIVED
ternary_sample,5181,9,15,16,16,16,0,False,False,False,EXACT_DERIVED
ternary_sample,5182,9,15,16,16,16,0,False,False,False,EXACT_DERIVED
ternary_sample,5183,9,16,16,16,16,0,False,False,False,EXACT_DERIVED
ternary_sample,5184,9,16,16,16,16,0,False,False,False,EXACT_DERIVED
ternary_sample,5185,9,16,16,16,16,0,False,False,False,EXACT_DERIVED
ternary_sample,5186,9,16,16,16,16,0,False,False,False,EXACT_DERIVED
ternary_sample,5187,9,16,16,16,16,0,False,False,False,EXACT_DERIVED
ternary_sample,5188,9,15,16,16,16,0,False,False,False,EXACT_DERIVED
ternary_sample,5189,9,16,16,16,16,0,False,False,False,EXACT_DERIVED
ternary_sample,5190,9,15,16,16,16,0,False,False,False,EXACT_DERIVED
ternary_sample,5191,9,16,16,16,16,0,False,False,False,EXACT_DERIVED
ternary_sample,5192,9,16,16,16,16,0,False,False,False,EXACT_DERIVED
ternary_sample,5193,9,16,16,16,16,0,False,False,False,EXACT_DERIVED
ternary_sample,5194,9,16,16,16,16,0,False,False,False,EXACT_DERIVED
ternary_sample,5195,9,16,16,16,16,0,False,False,False,EXACT_DERIVED
ternary_sample,5196,9,15,16,16,16,0,False,False,False,EXACT_DERIVED
ternary_sample,5197,9,16,16,16,16,0,False,False,False,EXACT_DERIVED
ternary_sample,5198,9,16,16,16,16,0,False,False,False,EXACT_DERIVED
ternary_sample,5199,9,16,16,16,16,0,False,False,False,EXACT_DERIVED
ternary_sample,5200,9,16,16,16,16,0,False,False,False,EXACT_DERIVED
ternary_sample,5201,9,16,16,16,16,0,False,False,False,EXACT_DERIVED
ternary_sample,5202,9,16,16,16,16,0,False,False,False,EXACT_DERIVED
ternary_sample,5203,9,15,16,16,16,0,False,False,False,EXACT_DERIVED
ternary_sample,5204,9,16,16,16,16,0,False,False,False,EXACT_DERIVED
ternary_sample,5205,9,15,16,16,16,0,False,False,False,EXACT_DERIVED
ternary_sample,5206,9,16,16,16,16,0,False,False,False,EXACT_DERIVED
ternary_sample,5207,9,16,16,16,16,0,False,False,False,EXACT_DERIVED
ternary_sample,5208,9,16,16,16,16,0,False,False,False,EXACT_DERIVED
ternary_sample,5209,9,16,16,16,16,0,False,False,False,EXACT_DERIVED
ternary_sample,5210,9,16,16,16,16,0,False,False,False,EXACT_DERIVED
ternary_sample,5211,9,16,16,16,16,0,False,False,False,EXACT_DERIVED
ternary_sample,5212,9,16,16,16,16,0,False,False,False,EXACT_DERIVED
ternary_sample,5213,9,16,16,16,16,0,False,False,False,EXACT_DERIVED
ternary_sample,5214,9,16,16,16,16,0,False,False,False,EXACT_DERIVED
ternary_sample,5215,9,16,16,16,16,0,False,False,False,EXACT_DERIVED
ternary_sample,5216,9,16,16,16,16,0,False,False,False,EXACT_DERIVED
ternary_sample,5217,9,16,16,16,16,0,False,False,False,EXACT_DERIVED
ternary_sample,5218,9,16,16,16,16,0,False,False,False,EXACT_DERIVED
ternary_sample,5219,9,16,16,16,16,0,False,False,False,EXACT_DERIVED
ternary_sample,5220,9,16,16,16,16,0,False,False,False,EXACT_DERIVED
ternary_sample,5221,9,15,16,16,16,0,False,False,False,EXACT_DERIVED
ternary_sample,5222,9,16,16,16,16,0,False,False,False,EXACT_DERIVED
ternary_sample,5223,9,16,16,16,16,0,False,False,False,EXACT_DERIVED
ternary_sample,5224,9,16,16,16,16,0,False,False,False,EXACT_DERIVED
ternary_sample,5225,8,15,16,16,16,0,False,False,False,EXACT_DERIVED
ternary_sample,5226,9,16,16,16,16,0,False,False,False,EXACT_DERIVED
ternary_sample,5227,9,16,16,16,16,0,False,False,False,EXACT_DERIVED
ternary_sample,5228,9,16,16,16,16,0,False,False,False,EXACT_DERIVED
ternary_sample,5229,9,16,16,16,16,0,False,False,False,EXACT_DERIVED
ternary_sample,5230,9,16,16,16,16,0,False,False,False,EXACT_DERIVED
ternary_sample,5231,9,16,16,16,16,0,False,False,False,EXACT_DERIVED
ternary_sample,5232,9,16,16,16,16,0,False,False,False,EXACT_DERIVED
ternary_sample,5233,9,15,16,16,16,0,False,False,False,EXACT_DERIVED
ternary_sample,5234,9,16,16,16,16,0,False,False,False,EXACT_DERIVED
ternary_sample,5235,9,16,16,16,16,0,False,False,False,EXACT_DERIVED
ternary_sample,5236,9,16,16,16,16,0,False,False,False,EXACT_DERIVED
ternary_sample,5237,9,16,16,16,16,0,False,False,False,EXACT_DERIVED
ternary_sample,5238,9,16,16,16,16,0,False,False,False,EXACT_DERIVED
ternary_sample,5239,9,16,16,16,16,0,False,False,False,EXACT_DERIVED
ternary_sample,5240,9,16,16,16,16,0,False,False,False,EXACT_DERIVED
ternary_sample,5241,9,15,16,16,16,0,False,False,False,EXACT_DERIVED
ternary_sample,5242,9,15,16,16,16,0,False,False,False,EXACT_DERIVED
ternary_sample,5243,9,16,16,16,16,0,False,False,False,EXACT_DERIVED
ternary_sample,5244,9,16,16,16,16,0,False,False,False,EXACT_DERIVED
ternary_sample,5245,9,16,16,16,16,0,False,False,False,EXACT_DERIVED
ternary_sample,5246,9,16,16,16,16,0,False,False,False,EXACT_DERIVED
ternary_sample,5247,9,16,16,16,16,0,False,False,False,EXACT_DERIVED
ternary_sample,5248,9,16,16,16,16,0,False,False,False,EXACT_DERIVED
ternary_sample,5249,9,16,16,16,16,0,False,False,False,EXACT_DERIVED
ternary_sample,5250,9,16,16,16,16,0,False,False,False,EXACT_DERIVED
ternary_sample,5251,9,14,16,16,16,0,False,False,False,EXACT_DERIVED
ternary_sample,5252,9,16,16,16,16,0,False,False,False,EXACT_DERIVED
ternary_sample,5253,9,16,16,16,16,0,False,False,False,EXACT_DERIVED
ternary_sample,5254,9,16,16,16,16,0,False,False,False,EXACT_DERIVED
ternary_sample,5255,9,16,16,16,16,0,False,False,False,EXACT_DERIVED
ternary_sample,5256,9,16,16,16,16,0,False,False,False,EXACT_DERIVED
ternary_sample,5257,9,16,16,16,16,0,False,False,False,EXACT_DERIVED
ternary_sample,5258,9,14,16,16,16,0,False,False,False,EXACT_DERIVED
ternary_sample,5259,9,16,16,16,16,0,False,False,False,EXACT_DERIVED
ternary_sample,5260,9,16,16,16,16,0,False,False,False,EXACT_DERIVED
ternary_sample,5261,9,16,16,16,16,0,False,False,False,EXACT_DERIVED
ternary_sample,5262,9,16,16,16,16,0,False,False,False,EXACT_DERIVED
ternary_sample,5263,9,16,16,16,16,0,False,False,False,EXACT_DERIVED
ternary_sample,5264,9,16,16,16,16,0,False,False,False,EXACT_DERIVED
ternary_sample,5265,9,16,16,16,16,0,False,False,False,EXACT_DERIVED
ternary_sample,5266,9,16,16,16,16,0,False,False,False,EXACT_DERIVED
ternary_sample,5267,9,15,16,16,16,0,False,False,False,EXACT_DERIVED
ternary_sample,5268,9,16,16,16,16,0,False,False,False,EXACT_DERIVED
ternary_sample,5269,9,16,16,16,16,0,False,False,False,EXACT_DERIVED
ternary_sample,5270,9,16,16,16,16,0,False,False,False,EXACT_DERIVED
ternary_sample,5271,9,16,16,16,16,0,False,False,False,EXACT_DERIVED
ternary_sample,5272,9,16,16,16,16,0,False,False,False,EXACT_DERIVED
ternary_sample,5273,9,16,16,16,16,0,False,False,False,EXACT_DERIVED
ternary_sample,5274,9,14,16,16,16,0,False,False,False,EXACT_DERIVED
ternary_sample,5275,9,16,16,16,16,0,False,False,False,EXACT_DERIVED
ternary_sample,5276,9,16,16,16,16,0,False,False,False,EXACT_DERIVED
ternary_sample,5277,9,15,16,16,16,0,False,False,False,EXACT_DERIVED
ternary_sample,5278,9,16,16,16,16,0,False,False,False,EXACT_DERIVED
ternary_sample,5279,9,16,16,16,16,0,False,False,False,EXACT_DERIVED
ternary_sample,5280,9,16,16,16,16,0,False,False,False,EXACT_DERIVED
ternary_sample,5281,9,16,16,16,16,0,False,False,False,EXACT_DERIVED
ternary_sample,5282,9,16,16,16,16,0,False,False,False,EXACT_DERIVED
ternary_sample,5283,9,16,16,16,16,0,False,False,False,EXACT_DERIVED
ternary_sample,5284,9,15,16,16,16,0,False,False,False,EXACT_DERIVED
ternary_sample,5285,9,16,16,16,16,0,False,False,False,EXACT_DERIVED
ternary_sample,5286,9,16,16,16,16,0,False,False,False,EXACT_DERIVED
ternary_sample,5287,9,16,16,16,16,0,False,False,False,EXACT_DERIVED
ternary_sample,5288,9,16,16,16,16,0,False,False,False,EXACT_DERIVED
ternary_sample,5289,9,16,16,16,16,0,False,False,False,EXACT_DERIVED
ternary_sample,5290,9,16,16,16,16,0,False,False,False,EXACT_DERIVED
ternary_sample,5291,9,16,16,16,16,0,False,False,False,EXACT_DERIVED
ternary_sample,5292,9,16,16,16,16,0,False,False,False,EXACT_DERIVED
ternary_sample,5293,9,16,16,16,16,0,False,False,False,EXACT_DERIVED
ternary_sample,5294,9,16,16,16,16,0,False,False,False,EXACT_DERIVED
ternary_sample,5295,9,16,16,16,16,0,False,False,False,EXACT_DERIVED
ternary_sample,5296,9,16,16,16,16,0,False,False,False,EXACT_DERIVED
ternary_sample,5297,9,14,16,16,16,0,False,False,False,EXACT_DERIVED
ternary_sample,5298,9,16,16,16,16,0,False,False,False,EXACT_DERIVED
ternary_sample,5299,9,16,16,16,16,0,False,False,False,EXACT_DERIVED
ternary_sample,5300,9,16,16,16,16,0,False,False,False,EXACT_DERIVED
ternary_sample,5301,9,15,16,16,16,0,False,False,False,EXACT_DERIVED
ternary_sample,5302,9,14,16,16,16,0,False,False,False,EXACT_DERIVED
ternary_sample,5303,9,16,16,16,16,0,False,False,False,EXACT_DERIVED
ternary_sample,5304,9,16,16,16,16,0,False,False,False,EXACT_DERIVED
ternary_sample,5305,9,16,16,16,16,0,False,False,False,EXACT_DERIVED
ternary_sample,5306,9,15,16,16,16,0,False,False,False,EXACT_DERIVED
ternary_sample,5307,9,16,16,16,16,0,False,False,False,EXACT_DERIVED
ternary_sample,5308,9,16,16,16,16,0,False,False,False,EXACT_DERIVED
ternary_sample,5309,9,16,16,16,16,0,False,False,False,EXACT_DERIVED
ternary_sample,5310,9,16,16,16,16,0,False,False,False,EXACT_DERIVED
ternary_sample,5311,9,16,16,16,16,0,False,False,False,EXACT_DERIVED
ternary_sample,5312,9,16,16,16,16,0,False,False,False,EXACT_DERIVED
ternary_sample,5313,9,16,16,16,16,0,False,False,False,EXACT_DERIVED
ternary_sample,5314,9,16,16,16,16,0,False,False,False,EXACT_DERIVED
ternary_sample,5315,9,16,16,16,16,0,False,False,False,EXACT_DERIVED
ternary_sample,5316,9,16,16,16,16,0,False,False,False,EXACT_DERIVED
ternary_sample,5317,9,16,16,16,16,0,False,False,False,EXACT_DERIVED
ternary_sample,5318,9,16,16,16,16,0,False,False,False,EXACT_DERIVED
ternary_sample,5319,9,16,16,16,16,0,False,False,False,EXACT_DERIVED
ternary_sample,5320,9,16,16,16,16,0,False,False,False,EXACT_DERIVED
ternary_sample,5321,9,16,16,16,16,0,False,False,False,EXACT_DERIVED
ternary_sample,5322,9,15,16,16,16,0,False,False,False,EXACT_DERIVED
ternary_sample,5323,9,16,16,16,16,0,False,False,False,EXACT_DERIVED
ternary_sample,5324,9,16,16,16,16,0,False,False,False,EXACT_DERIVED
ternary_sample,5325,9,15,16,16,16,0,False,False,False,EXACT_DERIVED
ternary_sample,5326,9,16,16,16,16,0,False,False,False,EXACT_DERIVED
ternary_sample,5327,8,14,16,16,16,0,False,False,False,EXACT_DERIVED
ternary_sample,5328,9,14,15,16,16,0,False,False,False,EXACT_DERIVED
ternary_sample,5329,9,16,16,16,16,0,False,False,False,EXACT_DERIVED
ternary_sample,5330,9,14,16,16,16,0,False,False,False,EXACT_DERIVED
ternary_sample,5331,9,15,16,16,16,0,False,False,False,EXACT_DERIVED
ternary_sample,5332,9,16,16,16,16,0,False,False,False,EXACT_DERIVED
ternary_sample,5333,9,16,16,16,16,0,False,False,False,EXACT_DERIVED
ternary_sample,5334,9,16,16,16,16,0,False,False,False,EXACT_DERIVED
ternary_sample,5335,9,15,16,16,16,0,False,False,False,EXACT_DERIVED
ternary_sample,5336,9,16,16,16,16,0,False,False,False,EXACT_DERIVED
ternary_sample,5337,9,15,16,16,16,0,False,False,False,EXACT_DERIVED
ternary_sample,5338,9,14,16,16,16,0,False,False,False,EXACT_DERIVED
ternary_sample,5339,9,16,16,16,16,0,False,False,False,EXACT_DERIVED
ternary_sample,5340,9,15,16,16,16,0,False,False,False,EXACT_DERIVED
ternary_sample,5341,9,15,16,16,16,0,False,False,False,EXACT_DERIVED
ternary_sample,5342,9,16,16,16,16,0,False,False,False,EXACT_DERIVED
ternary_sample,5343,9,16,16,16,16,0,False,False,False,EXACT_DERIVED
ternary_sample,5344,9,16,16,16,16,0,False,False,False,EXACT_DERIVED
ternary_sample,5345,9,16,16,16,16,0,False,False,False,EXACT_DERIVED
ternary_sample,5346,9,16,16,16,16,0,False,False,False,EXACT_DERIVED
ternary_sample,5347,9,16,16,16,16,0,False,False,False,EXACT_DERIVED
ternary_sample,5348,9,16,16,16,16,0,False,False,False,EXACT_DERIVED
ternary_sample,5349,9,16,16,16,16,0,False,False,False,EXACT_DERIVED
ternary_sample,5350,9,16,16,16,16,0,False,False,False,EXACT_DERIVED
ternary_sample,5351,9,16,16,16,16,0,False,False,False,EXACT_DERIVED
ternary_sample,5352,9,15,16,16,16,0,False,False,False,EXACT_DERIVED
ternary_sample,5353,9,16,16,16,16,0,False,False,False,EXACT_DERIVED
ternary_sample,5354,9,16,16,16,16,0,False,False,False,EXACT_DERIVED
ternary_sample,5355,9,15,16,16,16,0,False,False,False,EXACT_DERIVED
ternary_sample,5356,9,16,16,16,16,0,False,False,False,EXACT_DERIVED
ternary_sample,5357,9,16,16,16,16,0,False,False,False,EXACT_DERIVED
ternary_sample,5358,9,16,16,16,16,0,False,False,False,EXACT_DERIVED
ternary_sample,5359,9,16,16,16,16,0,False,False,False,EXACT_DERIVED
ternary_sample,5360,9,16,16,16,16,0,False,False,False,EXACT_DERIVED
ternary_sample,5361,9,15,16,16,16,0,False,False,False,EXACT_DERIVED
ternary_sample,5362,9,15,16,16,16,0,False,False,False,EXACT_DERIVED
ternary_sample,5363,9,16,16,16,16,0,False,False,False,EXACT_DERIVED
ternary_sample,5364,9,15,16,16,16,0,False,False,False,EXACT_DERIVED
ternary_sample,5365,9,15,16,16,16,0,False,False,False,EXACT_DERIVED
ternary_sample,5366,9,16,16,16,16,0,False,False,False,EXACT_DERIVED
ternary_sample,5367,9,16,16,16,16,0,False,False,False,EXACT_DERIVED
ternary_sample,5368,9,16,16,16,16,0,False,False,False,EXACT_DERIVED
ternary_sample,5369,9,16,16,16,16,0,False,False,False,EXACT_DERIVED
ternary_sample,5370,9,16,16,16,16,0,False,False,False,EXACT_DERIVED
ternary_sample,5371,9,16,16,16,16,0,False,False,False,EXACT_DERIVED
ternary_sample,5372,9,15,16,16,16,0,False,False,False,EXACT_DERIVED
ternary_sample,5373,9,16,16,16,16,0,False,False,False,EXACT_DERIVED
ternary_sample,5374,9,15,16,16,16,0,False,False,False,EXACT_DERIVED
ternary_sample,5375,9,16,16,16,16,0,False,False,False,EXACT_DERIVED
ternary_sample,5376,9,16,16,16,16,0,False,False,False,EXACT_DERIVED
ternary_sample,5377,9,16,16,16,16,0,False,False,False,EXACT_DERIVED
ternary_sample,5378,9,16,16,16,16,0,False,False,False,EXACT_DERIVED
ternary_sample,5379,9,16,16,16,16,0,False,False,False,EXACT_DERIVED
ternary_sample,5380,9,16,16,16,16,0,False,False,False,EXACT_DERIVED
ternary_sample,5381,9,16,16,16,16,0,False,False,False,EXACT_DERIVED
ternary_sample,5382,9,16,16,16,16,0,False,False,False,EXACT_DERIVED
ternary_sample,5383,9,16,16,16,16,0,False,False,False,EXACT_DERIVED
ternary_sample,5384,9,16,16,16,16,0,False,False,False,EXACT_DERIVED
ternary_sample,5385,9,16,16,16,16,0,False,False,False,EXACT_DERIVED
ternary_sample,5386,9,16,16,16,16,0,False,False,False,EXACT_DERIVED
ternary_sample,5387,9,15,16,16,16,0,False,False,False,EXACT_DERIVED
ternary_sample,5388,9,16,16,16,16,0,False,False,False,EXACT_DERIVED
ternary_sample,5389,9,16,16,16,16,0,False,False,False,EXACT_DERIVED
ternary_sample,5390,9,16,16,16,16,0,False,False,False,EXACT_DERIVED
ternary_sample,5391,9,16,16,16,16,0,False,False,False,EXACT_DERIVED
ternary_sample,5392,9,16,16,16,16,0,False,False,False,EXACT_DERIVED
ternary_sample,5393,9,15,16,16,16,0,False,False,False,EXACT_DERIVED
ternary_sample,5394,9,16,16,16,16,0,False,False,False,EXACT_DERIVED
ternary_sample,5395,9,16,16,16,16,0,False,False,False,EXACT_DERIVED
ternary_sample,5396,9,14,16,16,16,0,False,False,False,EXACT_DERIVED
ternary_sample,5397,9,16,16,16,16,0,False,False,False,EXACT_DERIVED
ternary_sample,5398,9,16,16,16,16,0,False,False,False,EXACT_DERIVED
ternary_sample,5399,9,16,16,16,16,0,False,False,False,EXACT_DERIVED
ternary_sample,5400,9,15,16,16,16,0,False,False,False,EXACT_DERIVED
ternary_sample,5401,9,16,16,16,16,0,False,False,False,EXACT_DERIVED
ternary_sample,5402,9,16,16,16,16,0,False,False,False,EXACT_DERIVED
ternary_sample,5403,9,14,16,16,16,0,False,False,False,EXACT_DERIVED
ternary_sample,5404,9,15,16,16,16,0,False,False,False,EXACT_DERIVED
ternary_sample,5405,9,16,16,16,16,0,False,False,False,EXACT_DERIVED
ternary_sample,5406,9,16,16,16,16,0,False,False,False,EXACT_DERIVED
ternary_sample,5407,9,15,16,16,16,0,False,False,False,EXACT_DERIVED
ternary_sample,5408,9,16,16,16,16,0,False,False,False,EXACT_DERIVED
ternary_sample,5409,9,16,16,16,16,0,False,False,False,EXACT_DERIVED
ternary_sample,5410,9,16,16,16,16,0,False,False,False,EXACT_DERIVED
ternary_sample,5411,9,16,16,16,16,0,False,False,False,EXACT_DERIVED
ternary_sample,5412,9,16,16,16,16,0,False,False,False,EXACT_DERIVED
ternary_sample,5413,9,16,16,16,16,0,False,False,False,EXACT_DERIVED
ternary_sample,5414,9,15,16,16,16,0,False,False,False,EXACT_DERIVED
ternary_sample,5415,9,16,16,16,16,0,False,False,False,EXACT_DERIVED
ternary_sample,5416,9,16,16,16,16,0,False,False,False,EXACT_DERIVED
ternary_sample,5417,9,16,16,16,16,0,False,False,False,EXACT_DERIVED
ternary_sample,5418,9,14,16,16,16,0,False,False,False,EXACT_DERIVED
ternary_sample,5419,9,16,16,16,16,0,False,False,False,EXACT_DERIVED
ternary_sample,5420,9,14,16,16,16,0,False,False,False,EXACT_DERIVED
ternary_sample,5421,9,16,16,16,16,0,False,False,False,EXACT_DERIVED
ternary_sample,5422,9,16,16,16,16,0,False,False,False,EXACT_DERIVED
ternary_sample,5423,9,16,16,16,16,0,False,False,False,EXACT_DERIVED
ternary_sample,5424,9,16,16,16,16,0,False,False,False,EXACT_DERIVED
ternary_sample,5425,9,14,16,16,16,0,False,False,False,EXACT_DERIVED
ternary_sample,5426,9,16,16,16,16,0,False,False,False,EXACT_DERIVED
ternary_sample,5427,9,14,15,16,16,0,False,False,False,EXACT_DERIVED
ternary_sample,5428,9,16,16,16,16,0,False,False,False,EXACT_DERIVED
ternary_sample,5429,9,16,16,16,16,0,False,False,False,EXACT_DERIVED
ternary_sample,5430,9,16,16,16,16,0,False,False,False,EXACT_DERIVED
ternary_sample,5431,9,16,16,16,16,0,False,False,False,EXACT_DERIVED
ternary_sample,5432,9,16,16,16,16,0,False,False,False,EXACT_DERIVED
ternary_sample,5433,9,16,16,16,16,0,False,False,False,EXACT_DERIVED
ternary_sample,5434,9,16,16,16,16,0,False,False,False,EXACT_DERIVED
ternary_sample,5435,9,15,16,16,16,0,False,False,False,EXACT_DERIVED
ternary_sample,5436,9,16,16,16,16,0,False,False,False,EXACT_DERIVED
ternary_sample,5437,9,16,16,16,16,0,False,False,False,EXACT_DERIVED
ternary_sample,5438,9,16,16,16,16,0,False,False,False,EXACT_DERIVED
ternary_sample,5439,9,16,16,16,16,0,False,False,False,EXACT_DERIVED
ternary_sample,5440,9,16,16,16,16,0,False,False,False,EXACT_DERIVED
ternary_sample,5441,9,16,16,16,16,0,False,False,False,EXACT_DERIVED
ternary_sample,5442,9,15,16,16,16,0,False,False,False,EXACT_DERIVED
ternary_sample,5443,9,16,16,16,16,0,False,False,False,EXACT_DERIVED
ternary_sample,5444,9,16,16,16,16,0,False,False,False,EXACT_DERIVED
ternary_sample,5445,9,16,16,16,16,0,False,False,False,EXACT_DERIVED
ternary_sample,5446,9,16,16,16,16,0,False,False,False,EXACT_DERIVED
ternary_sample,5447,9,16,16,16,16,0,False,False,False,EXACT_DERIVED
ternary_sample,5448,9,16,16,16,16,0,False,False,False,EXACT_DERIVED
ternary_sample,5449,9,16,16,16,16,0,False,False,False,EXACT_DERIVED
ternary_sample,5450,9,16,16,16,16,0,False,False,False,EXACT_DERIVED
ternary_sample,5451,9,16,16,16,16,0,False,False,False,EXACT_DERIVED
ternary_sample,5452,9,16,16,16,16,0,False,False,False,EXACT_DERIVED
ternary_sample,5453,9,15,16,16,16,0,False,False,False,EXACT_DERIVED
ternary_sample,5454,9,16,16,16,16,0,False,False,False,EXACT_DERIVED
ternary_sample,5455,9,16,16,16,16,0,False,False,False,EXACT_DERIVED
ternary_sample,5456,9,15,16,16,16,0,False,False,False,EXACT_DERIVED
ternary_sample,5457,9,16,16,16,16,0,False,False,False,EXACT_DERIVED
ternary_sample,5458,9,15,16,16,16,0,False,False,False,EXACT_DERIVED
ternary_sample,5459,9,16,16,16,16,0,False,False,False,EXACT_DERIVED
ternary_sample,5460,9,16,16,16,16,0,False,False,False,EXACT_DERIVED
ternary_sample,5461,9,16,16,16,16,0,False,False,False,EXACT_DERIVED
ternary_sample,5462,9,16,16,16,16,0,False,False,False,EXACT_DERIVED
ternary_sample,5463,9,16,16,16,16,0,False,False,False,EXACT_DERIVED
ternary_sample,5464,9,16,16,16,16,0,False,False,False,EXACT_DERIVED
ternary_sample,5465,9,16,16,16,16,0,False,False,False,EXACT_DERIVED
ternary_sample,5466,9,16,16,16,16,0,False,False,False,EXACT_DERIVED
ternary_sample,5467,9,16,16,16,16,0,False,False,False,EXACT_DERIVED
ternary_sample,5468,9,16,16,16,16,0,False,False,False,EXACT_DERIVED
ternary_sample,5469,9,15,16,16,16,0,False,False,False,EXACT_DERIVED
ternary_sample,5470,9,16,16,16,16,0,False,False,False,EXACT_DERIVED
ternary_sample,5471,9,16,16,16,16,0,False,False,False,EXACT_DERIVED
ternary_sample,5472,9,16,16,16,16,0,False,False,False,EXACT_DERIVED
ternary_sample,5473,9,15,16,16,16,0,False,False,False,EXACT_DERIVED
ternary_sample,5474,9,16,16,16,16,0,False,False,False,EXACT_DERIVED
ternary_sample,5475,9,16,16,16,16,0,False,False,False,EXACT_DERIVED
ternary_sample,5476,9,16,16,16,16,0,False,False,False,EXACT_DERIVED
ternary_sample,5477,9,13,15,16,16,0,False,False,False,EXACT_DERIVED
ternary_sample,5478,9,16,16,16,16,0,False,False,False,EXACT_DERIVED
ternary_sample,5479,9,16,16,16,16,0,False,False,False,EXACT_DERIVED
ternary_sample,5480,9,16,16,16,16,0,False,False,False,EXACT_DERIVED
ternary_sample,5481,9,16,16,16,16,0,False,False,False,EXACT_DERIVED
ternary_sample,5482,9,16,16,16,16,0,False,False,False,EXACT_DERIVED
ternary_sample,5483,9,16,16,16,16,0,False,False,False,EXACT_DERIVED
ternary_sample,5484,9,16,16,16,16,0,False,False,False,EXACT_DERIVED
ternary_sample,5485,9,14,16,16,16,0,False,False,False,EXACT_DERIVED
ternary_sample,5486,9,16,16,16,16,0,False,False,False,EXACT_DERIVED
ternary_sample,5487,9,16,16,16,16,0,False,False,False,EXACT_DERIVED
ternary_sample,5488,9,16,16,16,16,0,False,False,False,EXACT_DERIVED
ternary_sample,5489,9,16,16,16,16,0,False,False,False,EXACT_DERIVED
ternary_sample,5490,9,15,16,16,16,0,False,False,False,EXACT_DERIVED
ternary_sample,5491,9,16,16,16,16,0,False,False,False,EXACT_DERIVED
ternary_sample,5492,9,16,16,16,16,0,False,False,False,EXACT_DERIVED
ternary_sample,5493,9,15,16,16,16,0,False,False,False,EXACT_DERIVED
ternary_sample,5494,9,16,16,16,16,0,False,False,False,EXACT_DERIVED
ternary_sample,5495,9,16,16,16,16,0,False,False,False,EXACT_DERIVED
ternary_sample,5496,9,16,16,16,16,0,False,False,False,EXACT_DERIVED
ternary_sample,5497,9,15,16,16,16,0,False,False,False,EXACT_DERIVED
ternary_sample,5498,9,16,16,16,16,0,False,False,False,EXACT_DERIVED
ternary_sample,5499,9,16,16,16,16,0,False,False,False,EXACT_DERIVED
ternary_sample,5500,9,16,16,16,16,0,False,False,False,EXACT_DERIVED
ternary_sample,5501,9,15,16,16,16,0,False,False,False,EXACT_DERIVED
ternary_sample,5502,9,15,16,16,16,0,False,False,False,EXACT_DERIVED
ternary_sample,5503,9,16,16,16,16,0,False,False,False,EXACT_DERIVED
ternary_sample,5504,9,16,16,16,16,0,False,False,False,EXACT_DERIVED
ternary_sample,5505,9,16,16,16,16,0,False,False,False,EXACT_DERIVED
ternary_sample,5506,9,16,16,16,16,0,False,False,False,EXACT_DERIVED
ternary_sample,5507,9,16,16,16,16,0,False,False,False,EXACT_DERIVED
ternary_sample,5508,9,15,16,16,16,0,False,False,False,EXACT_DERIVED
ternary_sample,5509,9,15,16,16,16,0,False,False,False,EXACT_DERIVED
ternary_sample,5510,9,16,16,16,16,0,False,False,False,EXACT_DERIVED
ternary_sample,5511,9,16,16,16,16,0,False,False,False,EXACT_DERIVED
ternary_sample,5512,9,16,16,16,16,0,False,False,False,EXACT_DERIVED
ternary_sample,5513,9,16,16,16,16,0,False,False,False,EXACT_DERIVED
ternary_sample,5514,9,16,16,16,16,0,False,False,False,EXACT_DERIVED
ternary_sample,5515,9,16,16,16,16,0,False,False,False,EXACT_DERIVED
ternary_sample,5516,9,16,16,16,16,0,False,False,False,EXACT_DERIVED
ternary_sample,5517,9,16,16,16,16,0,False,False,False,EXACT_DERIVED
ternary_sample,5518,9,16,16,16,16,0,False,False,False,EXACT_DERIVED
ternary_sample,5519,9,16,16,16,16,0,False,False,False,EXACT_DERIVED
ternary_sample,5520,9,16,16,16,16,0,False,False,False,EXACT_DERIVED
ternary_sample,5521,9,16,16,16,16,0,False,False,False,EXACT_DERIVED
ternary_sample,5522,9,16,16,16,16,0,False,False,False,EXACT_DERIVED
ternary_sample,5523,9,15,16,16,16,0,False,False,False,EXACT_DERIVED
ternary_sample,5524,9,16,16,16,16,0,False,False,False,EXACT_DERIVED
ternary_sample,5525,9,16,16,16,16,0,False,False,False,EXACT_DERIVED
ternary_sample,5526,9,16,16,16,16,0,False,False,False,EXACT_DERIVED
ternary_sample,5527,9,14,16,16,16,0,False,False,False,EXACT_DERIVED
ternary_sample,5528,9,15,16,16,16,0,False,False,False,EXACT_DERIVED
ternary_sample,5529,9,16,16,16,16,0,False,False,False,EXACT_DERIVED
ternary_sample,5530,9,16,16,16,16,0,False,False,False,EXACT_DERIVED
ternary_sample,5531,9,16,16,16,16,0,False,False,False,EXACT_DERIVED
ternary_sample,5532,9,16,16,16,16,0,False,False,False,EXACT_DERIVED
ternary_sample,5533,9,16,16,16,16,0,False,False,False,EXACT_DERIVED
ternary_sample,5534,9,16,16,16,16,0,False,False,False,EXACT_DERIVED
ternary_sample,5535,9,16,16,16,16,0,False,False,False,EXACT_DERIVED
ternary_sample,5536,9,16,16,16,16,0,False,False,False,EXACT_DERIVED
ternary_sample,5537,9,16,16,16,16,0,False,False,False,EXACT_DERIVED
ternary_sample,5538,9,16,16,16,16,0,False,False,False,EXACT_DERIVED
ternary_sample,5539,9,16,16,16,16,0,False,False,False,EXACT_DERIVED
ternary_sample,5540,9,16,16,16,16,0,False,False,False,EXACT_DERIVED
ternary_sample,5541,9,16,16,16,16,0,False,False,False,EXACT_DERIVED
ternary_sample,5542,9,16,16,16,16,0,False,False,False,EXACT_DERIVED
ternary_sample,5543,9,16,16,16,16,0,False,False,False,EXACT_DERIVED
ternary_sample,5544,9,16,16,16,16,0,False,False,False,EXACT_DERIVED
ternary_sample,5545,9,16,16,16,16,0,False,False,False,EXACT_DERIVED
ternary_sample,5546,9,16,16,16,16,0,False,False,False,EXACT_DERIVED
ternary_sample,5547,9,16,16,16,16,0,False,False,False,EXACT_DERIVED
ternary_sample,5548,9,16,16,16,16,0,False,False,False,EXACT_DERIVED
ternary_sample,5549,9,16,16,16,16,0,False,False,False,EXACT_DERIVED
ternary_sample,5550,9,16,16,16,16,0,False,False,False,EXACT_DERIVED
ternary_sample,5551,9,16,16,16,16,0,False,False,False,EXACT_DERIVED
ternary_sample,5552,9,16,16,16,16,0,False,False,False,EXACT_DERIVED
ternary_sample,5553,9,16,16,16,16,0,False,False,False,EXACT_DERIVED
ternary_sample,5554,9,16,16,16,16,0,False,False,False,EXACT_DERIVED
ternary_sample,5555,9,16,16,16,16,0,False,False,False,EXACT_DERIVED
ternary_sample,5556,9,15,16,16,16,0,False,False,False,EXACT_DERIVED
ternary_sample,5557,9,15,16,16,16,0,False,False,False,EXACT_DERIVED
ternary_sample,5558,9,16,16,16,16,0,False,False,False,EXACT_DERIVED
ternary_sample,5559,9,16,16,16,16,0,False,False,False,EXACT_DERIVED
ternary_sample,5560,9,16,16,16,16,0,False,False,False,EXACT_DERIVED
ternary_sample,5561,9,16,16,16,16,0,False,False,False,EXACT_DERIVED
ternary_sample,5562,9,16,16,16,16,0,False,False,False,EXACT_DERIVED
ternary_sample,5563,9,16,16,16,16,0,False,False,False,EXACT_DERIVED
ternary_sample,5564,9,16,16,16,16,0,False,False,False,EXACT_DERIVED
ternary_sample,5565,9,16,16,16,16,0,False,False,False,EXACT_DERIVED
ternary_sample,5566,9,16,16,16,16,0,False,False,False,EXACT_DERIVED
ternary_sample,5567,9,16,16,16,16,0,False,False,False,EXACT_DERIVED
ternary_sample,5568,9,16,16,16,16,0,False,False,False,EXACT_DERIVED
ternary_sample,5569,9,16,16,16,16,0,False,False,False,EXACT_DERIVED
ternary_sample,5570,9,15,16,16,16,0,False,False,False,EXACT_DERIVED
ternary_sample,5571,9,16,16,16,16,0,False,False,False,EXACT_DERIVED
ternary_sample,5572,9,16,16,16,16,0,False,False,False,EXACT_DERIVED
ternary_sample,5573,9,16,16,16,16,0,False,False,False,EXACT_DERIVED
ternary_sample,5574,9,16,16,16,16,0,False,False,False,EXACT_DERIVED
ternary_sample,5575,9,16,16,16,16,0,False,False,False,EXACT_DERIVED
ternary_sample,5576,9,14,16,16,16,0,False,False,False,EXACT_DERIVED
ternary_sample,5577,9,16,16,16,16,0,False,False,False,EXACT_DERIVED
ternary_sample,5578,9,15,16,16,16,0,False,False,False,EXACT_DERIVED
ternary_sample,5579,9,16,16,16,16,0,False,False,False,EXACT_DERIVED
ternary_sample,5580,9,16,16,16,16,0,False,False,False,EXACT_DERIVED
ternary_sample,5581,9,16,16,16,16,0,False,False,False,EXACT_DERIVED
ternary_sample,5582,9,16,16,16,16,0,False,False,False,EXACT_DERIVED
ternary_sample,5583,9,16,16,16,16,0,False,False,False,EXACT_DERIVED
ternary_sample,5584,9,16,16,16,16,0,False,False,False,EXACT_DERIVED
ternary_sample,5585,9,16,16,16,16,0,False,False,False,EXACT_DERIVED
ternary_sample,5586,9,16,16,16,16,0,False,False,False,EXACT_DERIVED
ternary_sample,5587,9,16,16,16,16,0,False,False,False,EXACT_DERIVED
ternary_sample,5588,9,16,16,16,16,0,False,False,False,EXACT_DERIVED
ternary_sample,5589,9,16,16,16,16,0,False,False,False,EXACT_DERIVED
ternary_sample,5590,9,16,16,16,16,0,False,False,False,EXACT_DERIVED
ternary_sample,5591,9,14,16,16,16,0,False,False,False,EXACT_DERIVED
ternary_sample,5592,9,16,16,16,16,0,False,False,False,EXACT_DERIVED
ternary_sample,5593,9,16,16,16,16,0,False,False,False,EXACT_DERIVED
ternary_sample,5594,9,16,16,16,16,0,False,False,False,EXACT_DERIVED
ternary_sample,5595,9,16,16,16,16,0,False,False,False,EXACT_DERIVED
ternary_sample,5596,9,16,16,16,16,0,False,False,False,EXACT_DERIVED
ternary_sample,5597,9,16,16,16,16,0,False,False,False,EXACT_DERIVED
ternary_sample,5598,9,16,16,16,16,0,False,False,False,EXACT_DERIVED
ternary_sample,5599,9,16,16,16,16,0,False,False,False,EXACT_DERIVED
ternary_sample,5600,9,15,16,16,16,0,False,False,False,EXACT_DERIVED
ternary_sample,5601,9,16,16,16,16,0,False,False,False,EXACT_DERIVED
ternary_sample,5602,9,16,16,16,16,0,False,False,False,EXACT_DERIVED
ternary_sample,5603,9,16,16,16,16,0,False,False,False,EXACT_DERIVED
ternary_sample,5604,9,15,16,16,16,0,False,False,False,EXACT_DERIVED
ternary_sample,5605,9,15,16,16,16,0,False,False,False,EXACT_DERIVED
ternary_sample,5606,9,16,16,16,16,0,False,False,False,EXACT_DERIVED
ternary_sample,5607,9,16,16,16,16,0,False,False,False,EXACT_DERIVED
ternary_sample,5608,9,16,16,16,16,0,False,False,False,EXACT_DERIVED
ternary_sample,5609,9,16,16,16,16,0,False,False,False,EXACT_DERIVED
ternary_sample,5610,9,16,16,16,16,0,False,False,False,EXACT_DERIVED
ternary_sample,5611,9,16,16,16,16,0,False,False,False,EXACT_DERIVED
ternary_sample,5612,9,16,16,16,16,0,False,False,False,EXACT_DERIVED
ternary_sample,5613,9,16,16,16,16,0,False,False,False,EXACT_DERIVED
ternary_sample,5614,9,15,16,16,16,0,False,False,False,EXACT_DERIVED
ternary_sample,5615,9,15,16,16,16,0,False,False,False,EXACT_DERIVED
ternary_sample,5616,9,16,16,16,16,0,False,False,False,EXACT_DERIVED
ternary_sample,5617,9,15,16,16,16,0,False,False,False,EXACT_DERIVED
ternary_sample,5618,9,16,16,16,16,0,False,False,False,EXACT_DERIVED
ternary_sample,5619,9,16,16,16,16,0,False,False,False,EXACT_DERIVED
ternary_sample,5620,9,15,16,16,16,0,False,False,False,EXACT_DERIVED
ternary_sample,5621,9,16,16,16,16,0,False,False,False,EXACT_DERIVED
ternary_sample,5622,9,16,16,16,16,0,False,False,False,EXACT_DERIVED
ternary_sample,5623,9,15,16,16,16,0,False,False,False,EXACT_DERIVED
ternary_sample,5624,9,16,16,16,16,0,False,False,False,EXACT_DERIVED
ternary_sample,5625,9,16,16,16,16,0,False,False,False,EXACT_DERIVED
ternary_sample,5626,9,16,16,16,16,0,False,False,False,EXACT_DERIVED
ternary_sample,5627,9,16,16,16,16,0,False,False,False,EXACT_DERIVED
ternary_sample,5628,9,16,16,16,16,0,False,False,False,EXACT_DERIVED
ternary_sample,5629,9,16,16,16,16,0,False,False,False,EXACT_DERIVED
ternary_sample,5630,9,15,16,16,16,0,False,False,False,EXACT_DERIVED
ternary_sample,5631,9,16,16,16,16,0,False,False,False,EXACT_DERIVED
ternary_sample,5632,9,16,16,16,16,0,False,False,False,EXACT_DERIVED
ternary_sample,5633,9,16,16,16,16,0,False,False,False,EXACT_DERIVED
ternary_sample,5634,9,15,16,16,16,0,False,False,False,EXACT_DERIVED
ternary_sample,5635,9,16,16,16,16,0,False,False,False,EXACT_DERIVED
ternary_sample,5636,9,16,16,16,16,0,False,False,False,EXACT_DERIVED
ternary_sample,5637,9,16,16,16,16,0,False,False,False,EXACT_DERIVED
ternary_sample,5638,9,16,16,16,16,0,False,False,False,EXACT_DERIVED
ternary_sample,5639,9,15,16,16,16,0,False,False,False,EXACT_DERIVED
ternary_sample,5640,9,16,16,16,16,0,False,False,False,EXACT_DERIVED
ternary_sample,5641,9,16,16,16,16,0,False,False,False,EXACT_DERIVED
ternary_sample,5642,9,16,16,16,16,0,False,False,False,EXACT_DERIVED
ternary_sample,5643,9,16,16,16,16,0,False,False,False,EXACT_DERIVED
ternary_sample,5644,9,16,16,16,16,0,False,False,False,EXACT_DERIVED
ternary_sample,5645,9,14,16,16,16,0,False,False,False,EXACT_DERIVED
ternary_sample,5646,9,16,16,16,16,0,False,False,False,EXACT_DERIVED
ternary_sample,5647,9,16,16,16,16,0,False,False,False,EXACT_DERIVED
ternary_sample,5648,9,16,16,16,16,0,False,False,False,EXACT_DERIVED
ternary_sample,5649,9,16,16,16,16,0,False,False,False,EXACT_DERIVED
ternary_sample,5650,9,15,16,16,16,0,False,False,False,EXACT_DERIVED
ternary_sample,5651,9,16,16,16,16,0,False,False,False,EXACT_DERIVED
ternary_sample,5652,9,16,16,16,16,0,False,False,False,EXACT_DERIVED
ternary_sample,5653,9,15,16,16,16,0,False,False,False,EXACT_DERIVED
ternary_sample,5654,9,15,16,16,16,0,False,False,False,EXACT_DERIVED
ternary_sample,5655,9,16,16,16,16,0,False,False,False,EXACT_DERIVED
ternary_sample,5656,9,16,16,16,16,0,False,False,False,EXACT_DERIVED
ternary_sample,5657,9,16,16,16,16,0,False,False,False,EXACT_DERIVED
ternary_sample,5658,9,16,16,16,16,0,False,False,False,EXACT_DERIVED
ternary_sample,5659,9,16,16,16,16,0,False,False,False,EXACT_DERIVED
ternary_sample,5660,9,16,16,16,16,0,False,False,False,EXACT_DERIVED
ternary_sample,5661,9,16,16,16,16,0,False,False,False,EXACT_DERIVED
ternary_sample,5662,9,16,16,16,16,0,False,False,False,EXACT_DERIVED
ternary_sample,5663,9,14,16,16,16,0,False,False,False,EXACT_DERIVED
ternary_sample,5664,9,16,16,16,16,0,False,False,False,EXACT_DERIVED
ternary_sample,5665,9,16,16,16,16,0,False,False,False,EXACT_DERIVED
ternary_sample,5666,9,15,16,16,16,0,False,False,False,EXACT_DERIVED
ternary_sample,5667,9,16,16,16,16,0,False,False,False,EXACT_DERIVED
ternary_sample,5668,9,16,16,16,16,0,False,False,False,EXACT_DERIVED
ternary_sample,5669,9,16,16,16,16,0,False,False,False,EXACT_DERIVED
ternary_sample,5670,9,16,16,16,16,0,False,False,False,EXACT_DERIVED
ternary_sample,5671,9,15,16,16,16,0,False,False,False,EXACT_DERIVED
ternary_sample,5672,9,16,16,16,16,0,False,False,False,EXACT_DERIVED
ternary_sample,5673,9,16,16,16,16,0,False,False,False,EXACT_DERIVED
ternary_sample,5674,9,16,16,16,16,0,False,False,False,EXACT_DERIVED
ternary_sample,5675,9,16,16,16,16,0,False,False,False,EXACT_DERIVED
ternary_sample,5676,9,16,16,16,16,0,False,False,False,EXACT_DERIVED
ternary_sample,5677,9,16,16,16,16,0,False,False,False,EXACT_DERIVED
ternary_sample,5678,9,16,16,16,16,0,False,False,False,EXACT_DERIVED
ternary_sample,5679,9,16,16,16,16,0,False,False,False,EXACT_DERIVED
ternary_sample,5680,9,16,16,16,16,0,False,False,False,EXACT_DERIVED
ternary_sample,5681,9,16,16,16,16,0,False,False,False,EXACT_DERIVED
ternary_sample,5682,9,16,16,16,16,0,False,False,False,EXACT_DERIVED
ternary_sample,5683,9,16,16,16,16,0,False,False,False,EXACT_DERIVED
ternary_sample,5684,9,16,16,16,16,0,False,False,False,EXACT_DERIVED
ternary_sample,5685,9,16,16,16,16,0,False,False,False,EXACT_DERIVED
ternary_sample,5686,9,16,16,16,16,0,False,False,False,EXACT_DERIVED
ternary_sample,5687,9,16,16,16,16,0,False,False,False,EXACT_DERIVED
ternary_sample,5688,9,16,16,16,16,0,False,False,False,EXACT_DERIVED
ternary_sample,5689,9,16,16,16,16,0,False,False,False,EXACT_DERIVED
ternary_sample,5690,9,16,16,16,16,0,False,False,False,EXACT_DERIVED
ternary_sample,5691,9,16,16,16,16,0,False,False,False,EXACT_DERIVED
ternary_sample,5692,9,16,16,16,16,0,False,False,False,EXACT_DERIVED
ternary_sample,5693,9,16,16,16,16,0,False,False,False,EXACT_DERIVED
ternary_sample,5694,9,16,16,16,16,0,False,False,False,EXACT_DERIVED
ternary_sample,5695,9,15,16,16,16,0,False,False,False,EXACT_DERIVED
ternary_sample,5696,9,16,16,16,16,0,False,False,False,EXACT_DERIVED
ternary_sample,5697,9,15,16,16,16,0,False,False,False,EXACT_DERIVED
ternary_sample,5698,9,16,16,16,16,0,False,False,False,EXACT_DERIVED
ternary_sample,5699,9,16,16,16,16,0,False,False,False,EXACT_DERIVED
ternary_sample,5700,9,16,16,16,16,0,False,False,False,EXACT_DERIVED
ternary_sample,5701,9,16,16,16,16,0,False,False,False,EXACT_DERIVED
ternary_sample,5702,9,16,16,16,16,0,False,False,False,EXACT_DERIVED
ternary_sample,5703,9,16,16,16,16,0,False,False,False,EXACT_DERIVED
ternary_sample,5704,9,16,16,16,16,0,False,False,False,EXACT_DERIVED
ternary_sample,5705,9,16,16,16,16,0,False,False,False,EXACT_DERIVED
ternary_sample,5706,9,15,16,16,16,0,False,False,False,EXACT_DERIVED
ternary_sample,5707,9,16,16,16,16,0,False,False,False,EXACT_DERIVED
ternary_sample,5708,9,16,16,16,16,0,False,False,False,EXACT_DERIVED
ternary_sample,5709,9,16,16,16,16,0,False,False,False,EXACT_DERIVED
ternary_sample,5710,9,15,16,16,16,0,False,False,False,EXACT_DERIVED
ternary_sample,5711,9,16,16,16,16,0,False,False,False,EXACT_DERIVED
ternary_sample,5712,9,16,16,16,16,0,False,False,False,EXACT_DERIVED
ternary_sample,5713,9,16,16,16,16,0,False,False,False,EXACT_DERIVED
ternary_sample,5714,9,16,16,16,16,0,False,False,False,EXACT_DERIVED
ternary_sample,5715,9,16,16,16,16,0,False,False,False,EXACT_DERIVED
ternary_sample,5716,9,16,16,16,16,0,False,False,False,EXACT_DERIVED
ternary_sample,5717,9,16,16,16,16,0,False,False,False,EXACT_DERIVED
ternary_sample,5718,9,16,16,16,16,0,False,False,False,EXACT_DERIVED
ternary_sample,5719,9,16,16,16,16,0,False,False,False,EXACT_DERIVED
ternary_sample,5720,9,15,16,16,16,0,False,False,False,EXACT_DERIVED
ternary_sample,5721,9,16,16,16,16,0,False,False,False,EXACT_DERIVED
ternary_sample,5722,9,16,16,16,16,0,False,False,False,EXACT_DERIVED
ternary_sample,5723,9,16,16,16,16,0,False,False,False,EXACT_DERIVED
ternary_sample,5724,9,16,16,16,16,0,False,False,False,EXACT_DERIVED
ternary_sample,5725,9,16,16,16,16,0,False,False,False,EXACT_DERIVED
ternary_sample,5726,9,16,16,16,16,0,False,False,False,EXACT_DERIVED
ternary_sample,5727,9,16,16,16,16,0,False,False,False,EXACT_DERIVED
ternary_sample,5728,9,15,16,16,16,0,False,False,False,EXACT_DERIVED
ternary_sample,5729,9,16,16,16,16,0,False,False,False,EXACT_DERIVED
ternary_sample,5730,9,16,16,16,16,0,False,False,False,EXACT_DERIVED
ternary_sample,5731,9,16,16,16,16,0,False,False,False,EXACT_DERIVED
ternary_sample,5732,9,16,16,16,16,0,False,False,False,EXACT_DERIVED
ternary_sample,5733,9,16,16,16,16,0,False,False,False,EXACT_DERIVED
ternary_sample,5734,9,16,16,16,16,0,False,False,False,EXACT_DERIVED
ternary_sample,5735,9,16,16,16,16,0,False,False,False,EXACT_DERIVED
ternary_sample,5736,9,16,16,16,16,0,False,False,False,EXACT_DERIVED
ternary_sample,5737,9,16,16,16,16,0,False,False,False,EXACT_DERIVED
ternary_sample,5738,9,16,16,16,16,0,False,False,False,EXACT_DERIVED
ternary_sample,5739,9,16,16,16,16,0,False,False,False,EXACT_DERIVED
ternary_sample,5740,9,15,16,16,16,0,False,False,False,EXACT_DERIVED
ternary_sample,5741,9,16,16,16,16,0,False,False,False,EXACT_DERIVED
ternary_sample,5742,9,16,16,16,16,0,False,False,False,EXACT_DERIVED
ternary_sample,5743,9,14,16,16,16,0,False,False,False,EXACT_DERIVED
ternary_sample,5744,9,15,16,16,16,0,False,False,False,EXACT_DERIVED
ternary_sample,5745,9,16,16,16,16,0,False,False,False,EXACT_DERIVED
ternary_sample,5746,9,16,16,16,16,0,False,False,False,EXACT_DERIVED
ternary_sample,5747,9,16,16,16,16,0,False,False,False,EXACT_DERIVED
ternary_sample,5748,9,16,16,16,16,0,False,False,False,EXACT_DERIVED
ternary_sample,5749,9,16,16,16,16,0,False,False,False,EXACT_DERIVED
ternary_sample,5750,9,16,16,16,16,0,False,False,False,EXACT_DERIVED
ternary_sample,5751,9,16,16,16,16,0,False,False,False,EXACT_DERIVED
ternary_sample,5752,9,16,16,16,16,0,False,False,False,EXACT_DERIVED
ternary_sample,5753,9,16,16,16,16,0,False,False,False,EXACT_DERIVED
ternary_sample,5754,9,16,16,16,16,0,False,False,False,EXACT_DERIVED
ternary_sample,5755,9,16,16,16,16,0,False,False,False,EXACT_DERIVED
ternary_sample,5756,9,15,16,16,16,0,False,False,False,EXACT_DERIVED
ternary_sample,5757,9,16,16,16,16,0,False,False,False,EXACT_DERIVED
ternary_sample,5758,9,16,16,16,16,0,False,False,False,EXACT_DERIVED
ternary_sample,5759,9,16,16,16,16,0,False,False,False,EXACT_DERIVED
ternary_sample,5760,9,13,15,16,16,0,False,False,False,EXACT_DERIVED
ternary_sample,5761,9,16,16,16,16,0,False,False,False,EXACT_DERIVED
ternary_sample,5762,9,16,16,16,16,0,False,False,False,EXACT_DERIVED
ternary_sample,5763,9,16,16,16,16,0,False,False,False,EXACT_DERIVED
ternary_sample,5764,9,15,16,16,16,0,False,False,False,EXACT_DERIVED
ternary_sample,5765,9,16,16,16,16,0,False,False,False,EXACT_DERIVED
ternary_sample,5766,9,16,16,16,16,0,False,False,False,EXACT_DERIVED
ternary_sample,5767,9,16,16,16,16,0,False,False,False,EXACT_DERIVED
ternary_sample,5768,9,16,16,16,16,0,False,False,False,EXACT_DERIVED
ternary_sample,5769,9,16,16,16,16,0,False,False,False,EXACT_DERIVED
ternary_sample,5770,9,16,16,16,16,0,False,False,False,EXACT_DERIVED
ternary_sample,5771,9,16,16,16,16,0,False,False,False,EXACT_DERIVED
ternary_sample,5772,9,16,16,16,16,0,False,False,False,EXACT_DERIVED
ternary_sample,5773,9,16,16,16,16,0,False,False,False,EXACT_DERIVED
ternary_sample,5774,9,16,16,16,16,0,False,False,False,EXACT_DERIVED
ternary_sample,5775,9,16,16,16,16,0,False,False,False,EXACT_DERIVED
ternary_sample,5776,9,16,16,16,16,0,False,False,False,EXACT_DERIVED
ternary_sample,5777,9,16,16,16,16,0,False,False,False,EXACT_DERIVED
ternary_sample,5778,9,15,16,16,16,0,False,False,False,EXACT_DERIVED
ternary_sample,5779,9,16,16,16,16,0,False,False,False,EXACT_DERIVED
ternary_sample,5780,9,16,16,16,16,0,False,False,False,EXACT_DERIVED
ternary_sample,5781,9,16,16,16,16,0,False,False,False,EXACT_DERIVED
ternary_sample,5782,9,16,16,16,16,0,False,False,False,EXACT_DERIVED
ternary_sample,5783,9,16,16,16,16,0,False,False,False,EXACT_DERIVED
ternary_sample,5784,9,16,16,16,16,0,False,False,False,EXACT_DERIVED
ternary_sample,5785,9,16,16,16,16,0,False,False,False,EXACT_DERIVED
ternary_sample,5786,9,14,16,16,16,0,False,False,False,EXACT_DERIVED
ternary_sample,5787,9,14,16,16,16,0,False,False,False,EXACT_DERIVED
ternary_sample,5788,9,16,16,16,16,0,False,False,False,EXACT_DERIVED
ternary_sample,5789,9,16,16,16,16,0,False,False,False,EXACT_DERIVED
ternary_sample,5790,9,16,16,16,16,0,False,False,False,EXACT_DERIVED
ternary_sample,5791,9,16,16,16,16,0,False,False,False,EXACT_DERIVED
ternary_sample,5792,9,16,16,16,16,0,False,False,False,EXACT_DERIVED
ternary_sample,5793,9,15,16,16,16,0,False,False,False,EXACT_DERIVED
ternary_sample,5794,9,15,16,16,16,0,False,False,False,EXACT_DERIVED
ternary_sample,5795,9,16,16,16,16,0,False,False,False,EXACT_DERIVED
ternary_sample,5796,9,16,16,16,16,0,False,False,False,EXACT_DERIVED
ternary_sample,5797,9,16,16,16,16,0,False,False,False,EXACT_DERIVED
ternary_sample,5798,9,16,16,16,16,0,False,False,False,EXACT_DERIVED
ternary_sample,5799,9,16,16,16,16,0,False,False,False,EXACT_DERIVED
ternary_sample,5800,8,13,16,16,16,0,False,False,False,EXACT_DERIVED
ternary_sample,5801,9,15,16,16,16,0,False,False,False,EXACT_DERIVED
ternary_sample,5802,9,16,16,16,16,0,False,False,False,EXACT_DERIVED
ternary_sample,5803,9,16,16,16,16,0,False,False,False,EXACT_DERIVED
ternary_sample,5804,9,16,16,16,16,0,False,False,False,EXACT_DERIVED
ternary_sample,5805,9,16,16,16,16,0,False,False,False,EXACT_DERIVED
ternary_sample,5806,9,16,16,16,16,0,False,False,False,EXACT_DERIVED
ternary_sample,5807,9,16,16,16,16,0,False,False,False,EXACT_DERIVED
ternary_sample,5808,9,16,16,16,16,0,False,False,False,EXACT_DERIVED
ternary_sample,5809,9,14,16,16,16,0,False,False,False,EXACT_DERIVED
ternary_sample,5810,9,16,16,16,16,0,False,False,False,EXACT_DERIVED
ternary_sample,5811,9,16,16,16,16,0,False,False,False,EXACT_DERIVED
ternary_sample,5812,9,16,16,16,16,0,False,False,False,EXACT_DERIVED
ternary_sample,5813,9,16,16,16,16,0,False,False,False,EXACT_DERIVED
ternary_sample,5814,9,16,16,16,16,0,False,False,False,EXACT_DERIVED
ternary_sample,5815,9,16,16,16,16,0,False,False,False,EXACT_DERIVED
ternary_sample,5816,9,15,16,16,16,0,False,False,False,EXACT_DERIVED
ternary_sample,5817,9,16,16,16,16,0,False,False,False,EXACT_DERIVED
ternary_sample,5818,9,16,16,16,16,0,False,False,False,EXACT_DERIVED
ternary_sample,5819,9,16,16,16,16,0,False,False,False,EXACT_DERIVED
ternary_sample,5820,9,16,16,16,16,0,False,False,False,EXACT_DERIVED
ternary_sample,5821,9,16,16,16,16,0,False,False,False,EXACT_DERIVED
ternary_sample,5822,9,16,16,16,16,0,False,False,False,EXACT_DERIVED
ternary_sample,5823,9,16,16,16,16,0,False,False,False,EXACT_DERIVED
ternary_sample,5824,9,16,16,16,16,0,False,False,False,EXACT_DERIVED
ternary_sample,5825,9,16,16,16,16,0,False,False,False,EXACT_DERIVED
ternary_sample,5826,9,16,16,16,16,0,False,False,False,EXACT_DERIVED
ternary_sample,5827,9,16,16,16,16,0,False,False,False,EXACT_DERIVED
ternary_sample,5828,9,16,16,16,16,0,False,False,False,EXACT_DERIVED
ternary_sample,5829,9,16,16,16,16,0,False,False,False,EXACT_DERIVED
ternary_sample,5830,9,14,16,16,16,0,False,False,False,EXACT_DERIVED
ternary_sample,5831,9,16,16,16,16,0,False,False,False,EXACT_DERIVED
ternary_sample,5832,9,15,16,16,16,0,False,False,False,EXACT_DERIVED
ternary_sample,5833,9,16,16,16,16,0,False,False,False,EXACT_DERIVED
ternary_sample,5834,9,16,16,16,16,0,False,False,False,EXACT_DERIVED
ternary_sample,5835,9,16,16,16,16,0,False,False,False,EXACT_DERIVED
ternary_sample,5836,9,16,16,16,16,0,False,False,False,EXACT_DERIVED
ternary_sample,5837,9,16,16,16,16,0,False,False,False,EXACT_DERIVED
ternary_sample,5838,9,16,16,16,16,0,False,False,False,EXACT_DERIVED
ternary_sample,5839,9,16,16,16,16,0,False,False,False,EXACT_DERIVED
ternary_sample,5840,9,16,16,16,16,0,False,False,False,EXACT_DERIVED
ternary_sample,5841,9,16,16,16,16,0,False,False,False,EXACT_DERIVED
ternary_sample,5842,9,16,16,16,16,0,False,False,False,EXACT_DERIVED
ternary_sample,5843,9,16,16,16,16,0,False,False,False,EXACT_DERIVED
ternary_sample,5844,9,16,16,16,16,0,False,False,False,EXACT_DERIVED
ternary_sample,5845,9,15,16,16,16,0,False,False,False,EXACT_DERIVED
ternary_sample,5846,9,16,16,16,16,0,False,False,False,EXACT_DERIVED
ternary_sample,5847,9,16,16,16,16,0,False,False,False,EXACT_DERIVED
ternary_sample,5848,9,16,16,16,16,0,False,False,False,EXACT_DERIVED
ternary_sample,5849,9,16,16,16,16,0,False,False,False,EXACT_DERIVED
ternary_sample,5850,9,16,16,16,16,0,False,False,False,EXACT_DERIVED
ternary_sample,5851,9,16,16,16,16,0,False,False,False,EXACT_DERIVED
ternary_sample,5852,9,16,16,16,16,0,False,False,False,EXACT_DERIVED
ternary_sample,5853,9,16,16,16,16,0,False,False,False,EXACT_DERIVED
ternary_sample,5854,9,16,16,16,16,0,False,False,False,EXACT_DERIVED
ternary_sample,5855,9,16,16,16,16,0,False,False,False,EXACT_DERIVED
ternary_sample,5856,9,16,16,16,16,0,False,False,False,EXACT_DERIVED
ternary_sample,5857,9,16,16,16,16,0,False,False,False,EXACT_DERIVED
ternary_sample,5858,9,16,16,16,16,0,False,False,False,EXACT_DERIVED
ternary_sample,5859,9,15,16,16,16,0,False,False,False,EXACT_DERIVED
ternary_sample,5860,9,16,16,16,16,0,False,False,False,EXACT_DERIVED
ternary_sample,5861,9,16,16,16,16,0,False,False,False,EXACT_DERIVED
ternary_sample,5862,9,15,16,16,16,0,False,False,False,EXACT_DERIVED
ternary_sample,5863,9,16,16,16,16,0,False,False,False,EXACT_DERIVED
ternary_sample,5864,9,16,16,16,16,0,False,False,False,EXACT_DERIVED
ternary_sample,5865,9,16,16,16,16,0,False,False,False,EXACT_DERIVED
ternary_sample,5866,9,16,16,16,16,0,False,False,False,EXACT_DERIVED
ternary_sample,5867,9,16,16,16,16,0,False,False,False,EXACT_DERIVED
ternary_sample,5868,9,16,16,16,16,0,False,False,False,EXACT_DERIVED
ternary_sample,5869,9,16,16,16,16,0,False,False,False,EXACT_DERIVED
ternary_sample,5870,9,16,16,16,16,0,False,False,False,EXACT_DERIVED
ternary_sample,5871,9,16,16,16,16,0,False,False,False,EXACT_DERIVED
ternary_sample,5872,9,15,16,16,16,0,False,False,False,EXACT_DERIVED
ternary_sample,5873,9,16,16,16,16,0,False,False,False,EXACT_DERIVED
ternary_sample,5874,9,16,16,16,16,0,False,False,False,EXACT_DERIVED
ternary_sample,5875,9,16,16,16,16,0,False,False,False,EXACT_DERIVED
ternary_sample,5876,9,15,16,16,16,0,False,False,False,EXACT_DERIVED
ternary_sample,5877,9,16,16,16,16,0,False,False,False,EXACT_DERIVED
ternary_sample,5878,9,16,16,16,16,0,False,False,False,EXACT_DERIVED
ternary_sample,5879,9,16,16,16,16,0,False,False,False,EXACT_DERIVED
ternary_sample,5880,9,16,16,16,16,0,False,False,False,EXACT_DERIVED
ternary_sample,5881,9,16,16,16,16,0,False,False,False,EXACT_DERIVED
ternary_sample,5882,9,16,16,16,16,0,False,False,False,EXACT_DERIVED
ternary_sample,5883,9,16,16,16,16,0,False,False,False,EXACT_DERIVED
ternary_sample,5884,9,16,16,16,16,0,False,False,False,EXACT_DERIVED
ternary_sample,5885,9,15,16,16,16,0,False,False,False,EXACT_DERIVED
ternary_sample,5886,9,15,16,16,16,0,False,False,False,EXACT_DERIVED
ternary_sample,5887,9,16,16,16,16,0,False,False,False,EXACT_DERIVED
ternary_sample,5888,9,16,16,16,16,0,False,False,False,EXACT_DERIVED
ternary_sample,5889,9,16,16,16,16,0,False,False,False,EXACT_DERIVED
ternary_sample,5890,9,16,16,16,16,0,False,False,False,EXACT_DERIVED
ternary_sample,5891,9,16,16,16,16,0,False,False,False,EXACT_DERIVED
ternary_sample,5892,9,16,16,16,16,0,False,False,False,EXACT_DERIVED
ternary_sample,5893,9,15,16,16,16,0,False,False,False,EXACT_DERIVED
ternary_sample,5894,9,16,16,16,16,0,False,False,False,EXACT_DERIVED
ternary_sample,5895,9,16,16,16,16,0,False,False,False,EXACT_DERIVED
ternary_sample,5896,9,16,16,16,16,0,False,False,False,EXACT_DERIVED
ternary_sample,5897,9,16,16,16,16,0,False,False,False,EXACT_DERIVED
ternary_sample,5898,9,15,16,16,16,0,False,False,False,EXACT_DERIVED
ternary_sample,5899,9,16,16,16,16,0,False,False,False,EXACT_DERIVED
ternary_sample,5900,9,15,16,16,16,0,False,False,False,EXACT_DERIVED
ternary_sample,5901,9,16,16,16,16,0,False,False,False,EXACT_DERIVED
ternary_sample,5902,9,16,16,16,16,0,False,False,False,EXACT_DERIVED
ternary_sample,5903,9,16,16,16,16,0,False,False,False,EXACT_DERIVED
ternary_sample,5904,9,16,16,16,16,0,False,False,False,EXACT_DERIVED
ternary_sample,5905,9,16,16,16,16,0,False,False,False,EXACT_DERIVED
ternary_sample,5906,9,16,16,16,16,0,False,False,False,EXACT_DERIVED
ternary_sample,5907,9,16,16,16,16,0,False,False,False,EXACT_DERIVED
ternary_sample,5908,9,16,16,16,16,0,False,False,False,EXACT_DERIVED
ternary_sample,5909,9,16,16,16,16,0,False,False,False,EXACT_DERIVED
ternary_sample,5910,9,16,16,16,16,0,False,False,False,EXACT_DERIVED
ternary_sample,5911,9,16,16,16,16,0,False,False,False,EXACT_DERIVED
ternary_sample,5912,9,16,16,16,16,0,False,False,False,EXACT_DERIVED
ternary_sample,5913,9,15,16,16,16,0,False,False,False,EXACT_DERIVED
ternary_sample,5914,9,14,16,16,16,0,False,False,False,EXACT_DERIVED
ternary_sample,5915,9,16,16,16,16,0,False,False,False,EXACT_DERIVED
ternary_sample,5916,9,16,16,16,16,0,False,False,False,EXACT_DERIVED
ternary_sample,5917,9,15,16,16,16,0,False,False,False,EXACT_DERIVED
ternary_sample,5918,9,16,16,16,16,0,False,False,False,EXACT_DERIVED
ternary_sample,5919,9,16,16,16,16,0,False,False,False,EXACT_DERIVED
ternary_sample,5920,9,16,16,16,16,0,False,False,False,EXACT_DERIVED
ternary_sample,5921,9,16,16,16,16,0,False,False,False,EXACT_DERIVED
ternary_sample,5922,9,16,16,16,16,0,False,False,False,EXACT_DERIVED
ternary_sample,5923,9,16,16,16,16,0,False,False,False,EXACT_DERIVED
ternary_sample,5924,9,16,16,16,16,0,False,False,False,EXACT_DERIVED
ternary_sample,5925,9,16,16,16,16,0,False,False,False,EXACT_DERIVED
ternary_sample,5926,9,16,16,16,16,0,False,False,False,EXACT_DERIVED
ternary_sample,5927,9,16,16,16,16,0,False,False,False,EXACT_DERIVED
ternary_sample,5928,9,16,16,16,16,0,False,False,False,EXACT_DERIVED
ternary_sample,5929,9,16,16,16,16,0,False,False,False,EXACT_DERIVED
ternary_sample,5930,9,16,16,16,16,0,False,False,False,EXACT_DERIVED
ternary_sample,5931,9,16,16,16,16,0,False,False,False,EXACT_DERIVED
ternary_sample,5932,9,16,16,16,16,0,False,False,False,EXACT_DERIVED
ternary_sample,5933,9,16,16,16,16,0,False,False,False,EXACT_DERIVED
ternary_sample,5934,9,16,16,16,16,0,False,False,False,EXACT_DERIVED
ternary_sample,5935,9,16,16,16,16,0,False,False,False,EXACT_DERIVED
ternary_sample,5936,9,14,16,16,16,0,False,False,False,EXACT_DERIVED
ternary_sample,5937,9,15,16,16,16,0,False,False,False,EXACT_DERIVED
ternary_sample,5938,9,16,16,16,16,0,False,False,False,EXACT_DERIVED
ternary_sample,5939,9,16,16,16,16,0,False,False,False,EXACT_DERIVED
ternary_sample,5940,9,16,16,16,16,0,False,False,False,EXACT_DERIVED
ternary_sample,5941,9,16,16,16,16,0,False,False,False,EXACT_DERIVED
ternary_sample,5942,9,16,16,16,16,0,False,False,False,EXACT_DERIVED
ternary_sample,5943,9,16,16,16,16,0,False,False,False,EXACT_DERIVED
ternary_sample,5944,9,16,16,16,16,0,False,False,False,EXACT_DERIVED
ternary_sample,5945,9,14,16,16,16,0,False,False,False,EXACT_DERIVED
ternary_sample,5946,9,15,16,16,16,0,False,False,False,EXACT_DERIVED
ternary_sample,5947,9,16,16,16,16,0,False,False,False,EXACT_DERIVED
ternary_sample,5948,9,16,16,16,16,0,False,False,False,EXACT_DERIVED
ternary_sample,5949,9,15,16,16,16,0,False,False,False,EXACT_DERIVED
ternary_sample,5950,9,16,16,16,16,0,False,False,False,EXACT_DERIVED
ternary_sample,5951,9,14,16,16,16,0,False,False,False,EXACT_DERIVED
ternary_sample,5952,9,16,16,16,16,0,False,False,False,EXACT_DERIVED
ternary_sample,5953,9,16,16,16,16,0,False,False,False,EXACT_DERIVED
ternary_sample,5954,9,15,16,16,16,0,False,False,False,EXACT_DERIVED
ternary_sample,5955,9,16,16,16,16,0,False,False,False,EXACT_DERIVED
ternary_sample,5956,9,16,16,16,16,0,False,False,False,EXACT_DERIVED
ternary_sample,5957,9,16,16,16,16,0,False,False,False,EXACT_DERIVED
ternary_sample,5958,9,16,16,16,16,0,False,False,False,EXACT_DERIVED
ternary_sample,5959,9,16,16,16,16,0,False,False,False,EXACT_DERIVED
ternary_sample,5960,9,16,16,16,16,0,False,False,False,EXACT_DERIVED
ternary_sample,5961,9,16,16,16,16,0,False,False,False,EXACT_DERIVED
ternary_sample,5962,9,16,16,16,16,0,False,False,False,EXACT_DERIVED
ternary_sample,5963,9,15,16,16,16,0,False,False,False,EXACT_DERIVED
ternary_sample,5964,9,16,16,16,16,0,False,False,False,EXACT_DERIVED
ternary_sample,5965,9,16,16,16,16,0,False,False,False,EXACT_DERIVED
ternary_sample,5966,9,16,16,16,16,0,False,False,False,EXACT_DERIVED
ternary_sample,5967,9,16,16,16,16,0,False,False,False,EXACT_DERIVED
ternary_sample,5968,9,16,16,16,16,0,False,False,False,EXACT_DERIVED
ternary_sample,5969,9,16,16,16,16,0,False,False,False,EXACT_DERIVED
ternary_sample,5970,9,16,16,16,16,0,False,False,False,EXACT_DERIVED
ternary_sample,5971,9,16,16,16,16,0,False,False,False,EXACT_DERIVED
ternary_sample,5972,9,16,16,16,16,0,False,False,False,EXACT_DERIVED
ternary_sample,5973,9,16,16,16,16,0,False,False,False,EXACT_DERIVED
ternary_sample,5974,9,16,16,16,16,0,False,False,False,EXACT_DERIVED
ternary_sample,5975,9,16,16,16,16,0,False,False,False,EXACT_DERIVED
ternary_sample,5976,9,16,16,16,16,0,False,False,False,EXACT_DERIVED
ternary_sample,5977,9,16,16,16,16,0,False,False,False,EXACT_DERIVED
ternary_sample,5978,9,14,16,16,16,0,False,False,False,EXACT_DERIVED
ternary_sample,5979,9,16,16,16,16,0,False,False,False,EXACT_DERIVED
ternary_sample,5980,9,16,16,16,16,0,False,False,False,EXACT_DERIVED
ternary_sample,5981,9,16,16,16,16,0,False,False,False,EXACT_DERIVED
ternary_sample,5982,9,16,16,16,16,0,False,False,False,EXACT_DERIVED
ternary_sample,5983,9,16,16,16,16,0,False,False,False,EXACT_DERIVED
ternary_sample,5984,9,16,16,16,16,0,False,False,False,EXACT_DERIVED
ternary_sample,5985,9,16,16,16,16,0,False,False,False,EXACT_DERIVED
ternary_sample,5986,9,15,16,16,16,0,False,False,False,EXACT_DERIVED
ternary_sample,5987,9,15,16,16,16,0,False,False,False,EXACT_DERIVED
ternary_sample,5988,9,16,16,16,16,0,False,False,False,EXACT_DERIVED
ternary_sample,5989,9,16,16,16,16,0,False,False,False,EXACT_DERIVED
ternary_sample,5990,9,16,16,16,16,0,False,False,False,EXACT_DERIVED
ternary_sample,5991,9,16,16,16,16,0,False,False,False,EXACT_DERIVED
ternary_sample,5992,9,16,16,16,16,0,False,False,False,EXACT_DERIVED
ternary_sample,5993,9,16,16,16,16,0,False,False,False,EXACT_DERIVED
ternary_sample,5994,9,16,16,16,16,0,False,False,False,EXACT_DERIVED
ternary_sample,5995,9,16,16,16,16,0,False,False,False,EXACT_DERIVED
ternary_sample,5996,9,16,16,16,16,0,False,False,False,EXACT_DERIVED
ternary_sample,5997,9,16,16,16,16,0,False,False,False,EXACT_DERIVED
ternary_sample,5998,9,14,16,16,16,0,False,False,False,EXACT_DERIVED
ternary_sample,5999,9,16,16,16,16,0,False,False,False,EXACT_DERIVED
ternary_sample,6000,9,16,16,16,16,0,False,False,False,EXACT_DERIVED
ternary_sample,6001,9,16,16,16,16,0,False,False,False,EXACT_DERIVED
ternary_sample,6002,9,16,16,16,16,0,False,False,False,EXACT_DERIVED
ternary_sample,6003,9,16,16,16,16,0,False,False,False,EXACT_DERIVED
ternary_sample,6004,9,16,16,16,16,0,False,False,False,EXACT_DERIVED
ternary_sample,6005,9,16,16,16,16,0,False,False,False,EXACT_DERIVED
ternary_sample,6006,9,16,16,16,16,0,False,False,False,EXACT_DERIVED
ternary_sample,6007,9,16,16,16,16,0,False,False,False,EXACT_DERIVED
ternary_sample,6008,9,16,16,16,16,0,False,False,False,EXACT_DERIVED
ternary_sample,6009,9,16,16,16,16,0,False,False,False,EXACT_DERIVED
ternary_sample,6010,9,16,16,16,16,0,False,False,False,EXACT_DERIVED
ternary_sample,6011,9,16,16,16,16,0,False,False,False,EXACT_DERIVED
ternary_sample,6012,9,16,16,16,16,0,False,False,False,EXACT_DERIVED
ternary_sample,6013,9,16,16,16,16,0,False,False,False,EXACT_DERIVED
ternary_sample,6014,9,16,16,16,16,0,False,False,False,EXACT_DERIVED
ternary_sample,6015,9,16,16,16,16,0,False,False,False,EXACT_DERIVED
ternary_sample,6016,9,16,16,16,16,0,False,False,False,EXACT_DERIVED
ternary_sample,6017,9,16,16,16,16,0,False,False,False,EXACT_DERIVED
ternary_sample,6018,9,15,16,16,16,0,False,False,False,EXACT_DERIVED
ternary_sample,6019,9,16,16,16,16,0,False,False,False,EXACT_DERIVED
ternary_sample,6020,9,15,16,16,16,0,False,False,False,EXACT_DERIVED
ternary_sample,6021,9,16,16,16,16,0,False,False,False,EXACT_DERIVED
ternary_sample,6022,9,16,16,16,16,0,False,False,False,EXACT_DERIVED
ternary_sample,6023,9,15,16,16,16,0,False,False,False,EXACT_DERIVED
ternary_sample,6024,9,16,16,16,16,0,False,False,False,EXACT_DERIVED
ternary_sample,6025,9,16,16,16,16,0,False,False,False,EXACT_DERIVED
ternary_sample,6026,9,16,16,16,16,0,False,False,False,EXACT_DERIVED
ternary_sample,6027,9,16,16,16,16,0,False,False,False,EXACT_DERIVED
ternary_sample,6028,9,16,16,16,16,0,False,False,False,EXACT_DERIVED
ternary_sample,6029,9,15,16,16,16,0,False,False,False,EXACT_DERIVED
ternary_sample,6030,9,16,16,16,16,0,False,False,False,EXACT_DERIVED
ternary_sample,6031,9,15,16,16,16,0,False,False,False,EXACT_DERIVED
ternary_sample,6032,9,16,16,16,16,0,False,False,False,EXACT_DERIVED
ternary_sample,6033,9,16,16,16,16,0,False,False,False,EXACT_DERIVED
ternary_sample,6034,9,16,16,16,16,0,False,False,False,EXACT_DERIVED
ternary_sample,6035,9,16,16,16,16,0,False,False,False,EXACT_DERIVED
ternary_sample,6036,9,16,16,16,16,0,False,False,False,EXACT_DERIVED
ternary_sample,6037,9,16,16,16,16,0,False,False,False,EXACT_DERIVED
ternary_sample,6038,9,16,16,16,16,0,False,False,False,EXACT_DERIVED
ternary_sample,6039,9,16,16,16,16,0,False,False,False,EXACT_DERIVED
ternary_sample,6040,9,16,16,16,16,0,False,False,False,EXACT_DERIVED
ternary_sample,6041,9,16,16,16,16,0,False,False,False,EXACT_DERIVED
ternary_sample,6042,9,16,16,16,16,0,False,False,False,EXACT_DERIVED
ternary_sample,6043,9,15,16,16,16,0,False,False,False,EXACT_DERIVED
ternary_sample,6044,9,16,16,16,16,0,False,False,False,EXACT_DERIVED
ternary_sample,6045,9,16,16,16,16,0,False,False,False,EXACT_DERIVED
ternary_sample,6046,9,16,16,16,16,0,False,False,False,EXACT_DERIVED
ternary_sample,6047,9,15,16,16,16,0,False,False,False,EXACT_DERIVED
ternary_sample,6048,9,16,16,16,16,0,False,False,False,EXACT_DERIVED
ternary_sample,6049,9,15,16,16,16,0,False,False,False,EXACT_DERIVED
ternary_sample,6050,9,14,16,16,16,0,False,False,False,EXACT_DERIVED
ternary_sample,6051,9,16,16,16,16,0,False,False,False,EXACT_DERIVED
ternary_sample,6052,9,15,16,16,16,0,False,False,False,EXACT_DERIVED
ternary_sample,6053,9,16,16,16,16,0,False,False,False,EXACT_DERIVED
ternary_sample,6054,9,15,16,16,16,0,False,False,False,EXACT_DERIVED
ternary_sample,6055,9,16,16,16,16,0,False,False,False,EXACT_DERIVED
ternary_sample,6056,9,16,16,16,16,0,False,False,False,EXACT_DERIVED
ternary_sample,6057,9,16,16,16,16,0,False,False,False,EXACT_DERIVED
ternary_sample,6058,9,16,16,16,16,0,False,False,False,EXACT_DERIVED
ternary_sample,6059,9,16,16,16,16,0,False,False,False,EXACT_DERIVED
ternary_sample,6060,9,16,16,16,16,0,False,False,False,EXACT_DERIVED
ternary_sample,6061,9,16,16,16,16,0,False,False,False,EXACT_DERIVED
ternary_sample,6062,9,16,16,16,16,0,False,False,False,EXACT_DERIVED
ternary_sample,6063,9,16,16,16,16,0,False,False,False,EXACT_DERIVED
ternary_sample,6064,9,16,16,16,16,0,False,False,False,EXACT_DERIVED
ternary_sample,6065,9,16,16,16,16,0,False,False,False,EXACT_DERIVED
ternary_sample,6066,9,16,16,16,16,0,False,False,False,EXACT_DERIVED
ternary_sample,6067,9,15,16,16,16,0,False,False,False,EXACT_DERIVED
ternary_sample,6068,9,16,16,16,16,0,False,False,False,EXACT_DERIVED
ternary_sample,6069,9,16,16,16,16,0,False,False,False,EXACT_DERIVED
ternary_sample,6070,9,16,16,16,16,0,False,False,False,EXACT_DERIVED
ternary_sample,6071,9,16,16,16,16,0,False,False,False,EXACT_DERIVED
ternary_sample,6072,9,16,16,16,16,0,False,False,False,EXACT_DERIVED
ternary_sample,6073,9,16,16,16,16,0,False,False,False,EXACT_DERIVED
ternary_sample,6074,9,16,16,16,16,0,False,False,False,EXACT_DERIVED
ternary_sample,6075,9,16,16,16,16,0,False,False,False,EXACT_DERIVED
ternary_sample,6076,9,16,16,16,16,0,False,False,False,EXACT_DERIVED
ternary_sample,6077,9,16,16,16,16,0,False,False,False,EXACT_DERIVED
ternary_sample,6078,9,16,16,16,16,0,False,False,False,EXACT_DERIVED
ternary_sample,6079,9,16,16,16,16,0,False,False,False,EXACT_DERIVED
ternary_sample,6080,9,16,16,16,16,0,False,False,False,EXACT_DERIVED
ternary_sample,6081,9,16,16,16,16,0,False,False,False,EXACT_DERIVED
ternary_sample,6082,9,16,16,16,16,0,False,False,False,EXACT_DERIVED
ternary_sample,6083,9,15,16,16,16,0,False,False,False,EXACT_DERIVED
ternary_sample,6084,9,16,16,16,16,0,False,False,False,EXACT_DERIVED
ternary_sample,6085,9,16,16,16,16,0,False,False,False,EXACT_DERIVED
ternary_sample,6086,9,16,16,16,16,0,False,False,False,EXACT_DERIVED
ternary_sample,6087,9,16,16,16,16,0,False,False,False,EXACT_DERIVED
ternary_sample,6088,9,16,16,16,16,0,False,False,False,EXACT_DERIVED
ternary_sample,6089,9,16,16,16,16,0,False,False,False,EXACT_DERIVED
ternary_sample,6090,9,15,16,16,16,0,False,False,False,EXACT_DERIVED
ternary_sample,6091,9,16,16,16,16,0,False,False,False,EXACT_DERIVED
ternary_sample,6092,9,16,16,16,16,0,False,False,False,EXACT_DERIVED
ternary_sample,6093,9,16,16,16,16,0,False,False,False,EXACT_DERIVED
ternary_sample,6094,9,16,16,16,16,0,False,False,False,EXACT_DERIVED
ternary_sample,6095,9,16,16,16,16,0,False,False,False,EXACT_DERIVED
ternary_sample,6096,9,16,16,16,16,0,False,False,False,EXACT_DERIVED
ternary_sample,6097,9,16,16,16,16,0,False,False,False,EXACT_DERIVED
ternary_sample,6098,9,15,16,16,16,0,False,False,False,EXACT_DERIVED
ternary_sample,6099,9,16,16,16,16,0,False,False,False,EXACT_DERIVED
ternary_sample,6100,9,15,16,16,16,0,False,False,False,EXACT_DERIVED
ternary_sample,6101,9,16,16,16,16,0,False,False,False,EXACT_DERIVED
ternary_sample,6102,9,16,16,16,16,0,False,False,False,EXACT_DERIVED
ternary_sample,6103,9,16,16,16,16,0,False,False,False,EXACT_DERIVED
ternary_sample,6104,9,16,16,16,16,0,False,False,False,EXACT_DERIVED
ternary_sample,6105,9,16,16,16,16,0,False,False,False,EXACT_DERIVED
ternary_sample,6106,9,16,16,16,16,0,False,False,False,EXACT_DERIVED
ternary_sample,6107,9,15,16,16,16,0,False,False,False,EXACT_DERIVED
ternary_sample,6108,9,16,16,16,16,0,False,False,False,EXACT_DERIVED
ternary_sample,6109,9,15,16,16,16,0,False,False,False,EXACT_DERIVED
ternary_sample,6110,9,16,16,16,16,0,False,False,False,EXACT_DERIVED
ternary_sample,6111,9,16,16,16,16,0,False,False,False,EXACT_DERIVED
ternary_sample,6112,9,16,16,16,16,0,False,False,False,EXACT_DERIVED
ternary_sample,6113,9,16,16,16,16,0,False,False,False,EXACT_DERIVED
ternary_sample,6114,9,16,16,16,16,0,False,False,False,EXACT_DERIVED
ternary_sample,6115,9,16,16,16,16,0,False,False,False,EXACT_DERIVED
ternary_sample,6116,9,16,16,16,16,0,False,False,False,EXACT_DERIVED
ternary_sample,6117,9,16,16,16,16,0,False,False,False,EXACT_DERIVED
ternary_sample,6118,9,16,16,16,16,0,False,False,False,EXACT_DERIVED
ternary_sample,6119,9,16,16,16,16,0,False,False,False,EXACT_DERIVED
ternary_sample,6120,9,16,16,16,16,0,False,False,False,EXACT_DERIVED
ternary_sample,6121,9,16,16,16,16,0,False,False,False,EXACT_DERIVED
ternary_sample,6122,9,16,16,16,16,0,False,False,False,EXACT_DERIVED
ternary_sample,6123,9,16,16,16,16,0,False,False,False,EXACT_DERIVED
ternary_sample,6124,9,16,16,16,16,0,False,False,False,EXACT_DERIVED
ternary_sample,6125,9,15,16,16,16,0,False,False,False,EXACT_DERIVED
ternary_sample,6126,9,15,16,16,16,0,False,False,False,EXACT_DERIVED
ternary_sample,6127,9,15,16,16,16,0,False,False,False,EXACT_DERIVED
ternary_sample,6128,9,16,16,16,16,0,False,False,False,EXACT_DERIVED
ternary_sample,6129,9,16,16,16,16,0,False,False,False,EXACT_DERIVED
ternary_sample,6130,9,16,16,16,16,0,False,False,False,EXACT_DERIVED
ternary_sample,6131,9,16,16,16,16,0,False,False,False,EXACT_DERIVED
ternary_sample,6132,9,15,16,16,16,0,False,False,False,EXACT_DERIVED
ternary_sample,6133,9,15,16,16,16,0,False,False,False,EXACT_DERIVED
ternary_sample,6134,9,16,16,16,16,0,False,False,False,EXACT_DERIVED
ternary_sample,6135,9,16,16,16,16,0,False,False,False,EXACT_DERIVED
ternary_sample,6136,9,16,16,16,16,0,False,False,False,EXACT_DERIVED
ternary_sample,6137,9,15,16,16,16,0,False,False,False,EXACT_DERIVED
ternary_sample,6138,9,15,16,16,16,0,False,False,False,EXACT_DERIVED
ternary_sample,6139,9,16,16,16,16,0,False,False,False,EXACT_DERIVED
ternary_sample,6140,9,16,16,16,16,0,False,False,False,EXACT_DERIVED
ternary_sample,6141,9,14,16,16,16,0,False,False,False,EXACT_DERIVED
ternary_sample,6142,9,15,16,16,16,0,False,False,False,EXACT_DERIVED
ternary_sample,6143,9,16,16,16,16,0,False,False,False,EXACT_DERIVED
ternary_sample,6144,9,16,16,16,16,0,False,False,False,EXACT_DERIVED
ternary_sample,6145,9,16,16,16,16,0,False,False,False,EXACT_DERIVED
ternary_sample,6146,9,16,16,16,16,0,False,False,False,EXACT_DERIVED
ternary_sample,6147,9,16,16,16,16,0,False,False,False,EXACT_DERIVED
ternary_sample,6148,9,16,16,16,16,0,False,False,False,EXACT_DERIVED
ternary_sample,6149,9,16,16,16,16,0,False,False,False,EXACT_DERIVED
ternary_sample,6150,9,16,16,16,16,0,False,False,False,EXACT_DERIVED
ternary_sample,6151,9,16,16,16,16,0,False,False,False,EXACT_DERIVED
ternary_sample,6152,9,16,16,16,16,0,False,False,False,EXACT_DERIVED
ternary_sample,6153,9,16,16,16,16,0,False,False,False,EXACT_DERIVED
ternary_sample,6154,9,15,16,16,16,0,False,False,False,EXACT_DERIVED
ternary_sample,6155,9,16,16,16,16,0,False,False,False,EXACT_DERIVED
ternary_sample,6156,9,15,16,16,16,0,False,False,False,EXACT_DERIVED
ternary_sample,6157,9,16,16,16,16,0,False,False,False,EXACT_DERIVED
ternary_sample,6158,9,16,16,16,16,0,False,False,False,EXACT_DERIVED
ternary_sample,6159,9,16,16,16,16,0,False,False,False,EXACT_DERIVED
ternary_sample,6160,9,16,16,16,16,0,False,False,False,EXACT_DERIVED
ternary_sample,6161,9,15,16,16,16,0,False,False,False,EXACT_DERIVED
ternary_sample,6162,9,15,16,16,16,0,False,False,False,EXACT_DERIVED
ternary_sample,6163,9,16,16,16,16,0,False,False,False,EXACT_DERIVED
ternary_sample,6164,9,15,16,16,16,0,False,False,False,EXACT_DERIVED
ternary_sample,6165,9,16,16,16,16,0,False,False,False,EXACT_DERIVED
ternary_sample,6166,9,16,16,16,16,0,False,False,False,EXACT_DERIVED
ternary_sample,6167,9,16,16,16,16,0,False,False,False,EXACT_DERIVED
ternary_sample,6168,9,16,16,16,16,0,False,False,False,EXACT_DERIVED
ternary_sample,6169,9,16,16,16,16,0,False,False,False,EXACT_DERIVED
ternary_sample,6170,9,14,16,16,16,0,False,False,False,EXACT_DERIVED
ternary_sample,6171,9,16,16,16,16,0,False,False,False,EXACT_DERIVED
ternary_sample,6172,9,15,16,16,16,0,False,False,False,EXACT_DERIVED
ternary_sample,6173,9,16,16,16,16,0,False,False,False,EXACT_DERIVED
ternary_sample,6174,9,15,16,16,16,0,False,False,False,EXACT_DERIVED
ternary_sample,6175,9,16,16,16,16,0,False,False,False,EXACT_DERIVED
ternary_sample,6176,9,16,16,16,16,0,False,False,False,EXACT_DERIVED
ternary_sample,6177,9,16,16,16,16,0,False,False,False,EXACT_DERIVED
ternary_sample,6178,9,16,16,16,16,0,False,False,False,EXACT_DERIVED
ternary_sample,6179,9,16,16,16,16,0,False,False,False,EXACT_DERIVED
ternary_sample,6180,9,16,16,16,16,0,False,False,False,EXACT_DERIVED
ternary_sample,6181,9,14,16,16,16,0,False,False,False,EXACT_DERIVED
ternary_sample,6182,9,15,16,16,16,0,False,False,False,EXACT_DERIVED
ternary_sample,6183,9,16,16,16,16,0,False,False,False,EXACT_DERIVED
ternary_sample,6184,9,16,16,16,16,0,False,False,False,EXACT_DERIVED
ternary_sample,6185,9,15,16,16,16,0,False,False,False,EXACT_DERIVED
ternary_sample,6186,9,15,16,16,16,0,False,False,False,EXACT_DERIVED
ternary_sample,6187,9,16,16,16,16,0,False,False,False,EXACT_DERIVED
ternary_sample,6188,9,16,16,16,16,0,False,False,False,EXACT_DERIVED
ternary_sample,6189,9,16,16,16,16,0,False,False,False,EXACT_DERIVED
ternary_sample,6190,9,16,16,16,16,0,False,False,False,EXACT_DERIVED
ternary_sample,6191,9,16,16,16,16,0,False,False,False,EXACT_DERIVED
ternary_sample,6192,9,16,16,16,16,0,False,False,False,EXACT_DERIVED
ternary_sample,6193,9,16,16,16,16,0,False,False,False,EXACT_DERIVED
ternary_sample,6194,9,15,16,16,16,0,False,False,False,EXACT_DERIVED
ternary_sample,6195,9,16,16,16,16,0,False,False,False,EXACT_DERIVED
ternary_sample,6196,9,16,16,16,16,0,False,False,False,EXACT_DERIVED
ternary_sample,6197,9,16,16,16,16,0,False,False,False,EXACT_DERIVED
ternary_sample,6198,9,16,16,16,16,0,False,False,False,EXACT_DERIVED
ternary_sample,6199,9,16,16,16,16,0,False,False,False,EXACT_DERIVED
ternary_sample,6200,9,16,16,16,16,0,False,False,False,EXACT_DERIVED
ternary_sample,6201,9,16,16,16,16,0,False,False,False,EXACT_DERIVED
ternary_sample,6202,9,15,16,16,16,0,False,False,False,EXACT_DERIVED
ternary_sample,6203,9,16,16,16,16,0,False,False,False,EXACT_DERIVED
ternary_sample,6204,9,16,16,16,16,0,False,False,False,EXACT_DERIVED
ternary_sample,6205,9,14,16,16,16,0,False,False,False,EXACT_DERIVED
ternary_sample,6206,9,16,16,16,16,0,False,False,False,EXACT_DERIVED
ternary_sample,6207,9,16,16,16,16,0,False,False,False,EXACT_DERIVED
ternary_sample,6208,9,16,16,16,16,0,False,False,False,EXACT_DERIVED
ternary_sample,6209,9,16,16,16,16,0,False,False,False,EXACT_DERIVED
ternary_sample,6210,9,15,16,16,16,0,False,False,False,EXACT_DERIVED
ternary_sample,6211,9,16,16,16,16,0,False,False,False,EXACT_DERIVED
ternary_sample,6212,9,16,16,16,16,0,False,False,False,EXACT_DERIVED
ternary_sample,6213,9,16,16,16,16,0,False,False,False,EXACT_DERIVED
ternary_sample,6214,9,15,16,16,16,0,False,False,False,EXACT_DERIVED
ternary_sample,6215,9,16,16,16,16,0,False,False,False,EXACT_DERIVED
ternary_sample,6216,9,16,16,16,16,0,False,False,False,EXACT_DERIVED
ternary_sample,6217,9,16,16,16,16,0,False,False,False,EXACT_DERIVED
ternary_sample,6218,9,16,16,16,16,0,False,False,False,EXACT_DERIVED
ternary_sample,6219,9,16,16,16,16,0,False,False,False,EXACT_DERIVED
ternary_sample,6220,9,16,16,16,16,0,False,False,False,EXACT_DERIVED
ternary_sample,6221,9,16,16,16,16,0,False,False,False,EXACT_DERIVED
ternary_sample,6222,9,16,16,16,16,0,False,False,False,EXACT_DERIVED
ternary_sample,6223,9,16,16,16,16,0,False,False,False,EXACT_DERIVED
ternary_sample,6224,9,16,16,16,16,0,False,False,False,EXACT_DERIVED
ternary_sample,6225,9,15,16,16,16,0,False,False,False,EXACT_DERIVED
ternary_sample,6226,9,16,16,16,16,0,False,False,False,EXACT_DERIVED
ternary_sample,6227,9,16,16,16,16,0,False,False,False,EXACT_DERIVED
ternary_sample,6228,9,16,16,16,16,0,False,False,False,EXACT_DERIVED
ternary_sample,6229,9,16,16,16,16,0,False,False,False,EXACT_DERIVED
ternary_sample,6230,9,16,16,16,16,0,False,False,False,EXACT_DERIVED
ternary_sample,6231,9,16,16,16,16,0,False,False,False,EXACT_DERIVED
ternary_sample,6232,9,16,16,16,16,0,False,False,False,EXACT_DERIVED
ternary_sample,6233,9,16,16,16,16,0,False,False,False,EXACT_DERIVED
ternary_sample,6234,9,15,16,16,16,0,False,False,False,EXACT_DERIVED
ternary_sample,6235,9,15,16,16,16,0,False,False,False,EXACT_DERIVED
ternary_sample,6236,9,16,16,16,16,0,False,False,False,EXACT_DERIVED
ternary_sample,6237,9,16,16,16,16,0,False,False,False,EXACT_DERIVED
ternary_sample,6238,9,16,16,16,16,0,False,False,False,EXACT_DERIVED
ternary_sample,6239,9,16,16,16,16,0,False,False,False,EXACT_DERIVED
ternary_sample,6240,9,16,16,16,16,0,False,False,False,EXACT_DERIVED
ternary_sample,6241,9,16,16,16,16,0,False,False,False,EXACT_DERIVED
ternary_sample,6242,9,16,16,16,16,0,False,False,False,EXACT_DERIVED
ternary_sample,6243,9,16,16,16,16,0,False,False,False,EXACT_DERIVED
ternary_sample,6244,9,15,16,16,16,0,False,False,False,EXACT_DERIVED
ternary_sample,6245,9,16,16,16,16,0,False,False,False,EXACT_DERIVED
ternary_sample,6246,9,15,16,16,16,0,False,False,False,EXACT_DERIVED
ternary_sample,6247,9,16,16,16,16,0,False,False,False,EXACT_DERIVED
ternary_sample,6248,9,16,16,16,16,0,False,False,False,EXACT_DERIVED
ternary_sample,6249,9,16,16,16,16,0,False,False,False,EXACT_DERIVED
ternary_sample,6250,9,16,16,16,16,0,False,False,False,EXACT_DERIVED
ternary_sample,6251,9,16,16,16,16,0,False,False,False,EXACT_DERIVED
ternary_sample,6252,9,16,16,16,16,0,False,False,False,EXACT_DERIVED
ternary_sample,6253,9,16,16,16,16,0,False,False,False,EXACT_DERIVED
ternary_sample,6254,9,16,16,16,16,0,False,False,False,EXACT_DERIVED
ternary_sample,6255,9,16,16,16,16,0,False,False,False,EXACT_DERIVED
ternary_sample,6256,9,16,16,16,16,0,False,False,False,EXACT_DERIVED
ternary_sample,6257,9,16,16,16,16,0,False,False,False,EXACT_DERIVED
ternary_sample,6258,9,16,16,16,16,0,False,False,False,EXACT_DERIVED
ternary_sample,6259,9,16,16,16,16,0,False,False,False,EXACT_DERIVED
ternary_sample,6260,9,16,16,16,16,0,False,False,False,EXACT_DERIVED
ternary_sample,6261,9,16,16,16,16,0,False,False,False,EXACT_DERIVED
ternary_sample,6262,9,15,16,16,16,0,False,False,False,EXACT_DERIVED
ternary_sample,6263,9,16,16,16,16,0,False,False,False,EXACT_DERIVED
ternary_sample,6264,9,16,16,16,16,0,False,False,False,EXACT_DERIVED
ternary_sample,6265,9,16,16,16,16,0,False,False,False,EXACT_DERIVED
ternary_sample,6266,9,15,16,16,16,0,False,False,False,EXACT_DERIVED
ternary_sample,6267,9,15,16,16,16,0,False,False,False,EXACT_DERIVED
ternary_sample,6268,9,16,16,16,16,0,False,False,False,EXACT_DERIVED
ternary_sample,6269,9,16,16,16,16,0,False,False,False,EXACT_DERIVED
ternary_sample,6270,9,16,16,16,16,0,False,False,False,EXACT_DERIVED
ternary_sample,6271,9,16,16,16,16,0,False,False,False,EXACT_DERIVED
ternary_sample,6272,9,16,16,16,16,0,False,False,False,EXACT_DERIVED
ternary_sample,6273,9,15,16,16,16,0,False,False,False,EXACT_DERIVED
ternary_sample,6274,9,15,16,16,16,0,False,False,False,EXACT_DERIVED
ternary_sample,6275,9,15,16,16,16,0,False,False,False,EXACT_DERIVED
ternary_sample,6276,9,16,16,16,16,0,False,False,False,EXACT_DERIVED
ternary_sample,6277,9,16,16,16,16,0,False,False,False,EXACT_DERIVED
ternary_sample,6278,9,15,16,16,16,0,False,False,False,EXACT_DERIVED
ternary_sample,6279,9,16,16,16,16,0,False,False,False,EXACT_DERIVED
ternary_sample,6280,9,16,16,16,16,0,False,False,False,EXACT_DERIVED
ternary_sample,6281,9,16,16,16,16,0,False,False,False,EXACT_DERIVED
ternary_sample,6282,9,16,16,16,16,0,False,False,False,EXACT_DERIVED
ternary_sample,6283,9,16,16,16,16,0,False,False,False,EXACT_DERIVED
ternary_sample,6284,9,16,16,16,16,0,False,False,False,EXACT_DERIVED
ternary_sample,6285,9,16,16,16,16,0,False,False,False,EXACT_DERIVED
ternary_sample,6286,9,16,16,16,16,0,False,False,False,EXACT_DERIVED
ternary_sample,6287,9,16,16,16,16,0,False,False,False,EXACT_DERIVED
ternary_sample,6288,9,16,16,16,16,0,False,False,False,EXACT_DERIVED
ternary_sample,6289,9,16,16,16,16,0,False,False,False,EXACT_DERIVED
ternary_sample,6290,9,16,16,16,16,0,False,False,False,EXACT_DERIVED
ternary_sample,6291,9,15,16,16,16,0,False,False,False,EXACT_DERIVED
ternary_sample,6292,9,16,16,16,16,0,False,False,False,EXACT_DERIVED
ternary_sample,6293,9,16,16,16,16,0,False,False,False,EXACT_DERIVED
ternary_sample,6294,9,16,16,16,16,0,False,False,False,EXACT_DERIVED
ternary_sample,6295,9,16,16,16,16,0,False,False,False,EXACT_DERIVED
ternary_sample,6296,9,16,16,16,16,0,False,False,False,EXACT_DERIVED
ternary_sample,6297,9,16,16,16,16,0,False,False,False,EXACT_DERIVED
ternary_sample,6298,9,16,16,16,16,0,False,False,False,EXACT_DERIVED
ternary_sample,6299,9,16,16,16,16,0,False,False,False,EXACT_DERIVED
ternary_sample,6300,9,15,16,16,16,0,False,False,False,EXACT_DERIVED
ternary_sample,6301,9,16,16,16,16,0,False,False,False,EXACT_DERIVED
ternary_sample,6302,9,16,16,16,16,0,False,False,False,EXACT_DERIVED
ternary_sample,6303,9,16,16,16,16,0,False,False,False,EXACT_DERIVED
ternary_sample,6304,9,16,16,16,16,0,False,False,False,EXACT_DERIVED
ternary_sample,6305,9,16,16,16,16,0,False,False,False,EXACT_DERIVED
ternary_sample,6306,9,16,16,16,16,0,False,False,False,EXACT_DERIVED
ternary_sample,6307,9,16,16,16,16,0,False,False,False,EXACT_DERIVED
ternary_sample,6308,9,16,16,16,16,0,False,False,False,EXACT_DERIVED
ternary_sample,6309,9,16,16,16,16,0,False,False,False,EXACT_DERIVED
ternary_sample,6310,9,16,16,16,16,0,False,False,False,EXACT_DERIVED
ternary_sample,6311,9,16,16,16,16,0,False,False,False,EXACT_DERIVED
ternary_sample,6312,9,16,16,16,16,0,False,False,False,EXACT_DERIVED
ternary_sample,6313,9,16,16,16,16,0,False,False,False,EXACT_DERIVED
ternary_sample,6314,9,16,16,16,16,0,False,False,False,EXACT_DERIVED
ternary_sample,6315,9,16,16,16,16,0,False,False,False,EXACT_DERIVED
ternary_sample,6316,9,16,16,16,16,0,False,False,False,EXACT_DERIVED
ternary_sample,6317,9,16,16,16,16,0,False,False,False,EXACT_DERIVED
ternary_sample,6318,9,16,16,16,16,0,False,False,False,EXACT_DERIVED
ternary_sample,6319,9,16,16,16,16,0,False,False,False,EXACT_DERIVED
ternary_sample,6320,9,16,16,16,16,0,False,False,False,EXACT_DERIVED
ternary_sample,6321,9,16,16,16,16,0,False,False,False,EXACT_DERIVED
ternary_sample,6322,9,16,16,16,16,0,False,False,False,EXACT_DERIVED
ternary_sample,6323,9,16,16,16,16,0,False,False,False,EXACT_DERIVED
ternary_sample,6324,9,16,16,16,16,0,False,False,False,EXACT_DERIVED
ternary_sample,6325,9,16,16,16,16,0,False,False,False,EXACT_DERIVED
ternary_sample,6326,9,16,16,16,16,0,False,False,False,EXACT_DERIVED
ternary_sample,6327,9,16,16,16,16,0,False,False,False,EXACT_DERIVED
ternary_sample,6328,9,15,16,16,16,0,False,False,False,EXACT_DERIVED
ternary_sample,6329,9,16,16,16,16,0,False,False,False,EXACT_DERIVED
ternary_sample,6330,9,16,16,16,16,0,False,False,False,EXACT_DERIVED
ternary_sample,6331,9,16,16,16,16,0,False,False,False,EXACT_DERIVED
ternary_sample,6332,9,16,16,16,16,0,False,False,False,EXACT_DERIVED
ternary_sample,6333,9,15,16,16,16,0,False,False,False,EXACT_DERIVED
ternary_sample,6334,9,16,16,16,16,0,False,False,False,EXACT_DERIVED
ternary_sample,6335,9,16,16,16,16,0,False,False,False,EXACT_DERIVED
ternary_sample,6336,9,15,16,16,16,0,False,False,False,EXACT_DERIVED
ternary_sample,6337,9,16,16,16,16,0,False,False,False,EXACT_DERIVED
ternary_sample,6338,9,16,16,16,16,0,False,False,False,EXACT_DERIVED
ternary_sample,6339,9,15,16,16,16,0,False,False,False,EXACT_DERIVED
ternary_sample,6340,9,15,16,16,16,0,False,False,False,EXACT_DERIVED
ternary_sample,6341,9,15,16,16,16,0,False,False,False,EXACT_DERIVED
ternary_sample,6342,9,16,16,16,16,0,False,False,False,EXACT_DERIVED
ternary_sample,6343,9,16,16,16,16,0,False,False,False,EXACT_DERIVED
ternary_sample,6344,9,16,16,16,16,0,False,False,False,EXACT_DERIVED
ternary_sample,6345,9,16,16,16,16,0,False,False,False,EXACT_DERIVED
ternary_sample,6346,9,16,16,16,16,0,False,False,False,EXACT_DERIVED
ternary_sample,6347,9,16,16,16,16,0,False,False,False,EXACT_DERIVED
ternary_sample,6348,9,15,16,16,16,0,False,False,False,EXACT_DERIVED
ternary_sample,6349,9,15,16,16,16,0,False,False,False,EXACT_DERIVED
ternary_sample,6350,9,16,16,16,16,0,False,False,False,EXACT_DERIVED
ternary_sample,6351,9,16,16,16,16,0,False,False,False,EXACT_DERIVED
ternary_sample,6352,9,16,16,16,16,0,False,False,False,EXACT_DERIVED
ternary_sample,6353,9,16,16,16,16,0,False,False,False,EXACT_DERIVED
ternary_sample,6354,9,16,16,16,16,0,False,False,False,EXACT_DERIVED
ternary_sample,6355,9,16,16,16,16,0,False,False,False,EXACT_DERIVED
ternary_sample,6356,9,15,16,16,16,0,False,False,False,EXACT_DERIVED
ternary_sample,6357,9,16,16,16,16,0,False,False,False,EXACT_DERIVED
ternary_sample,6358,9,15,16,16,16,0,False,False,False,EXACT_DERIVED
ternary_sample,6359,9,16,16,16,16,0,False,False,False,EXACT_DERIVED
ternary_sample,6360,9,16,16,16,16,0,False,False,False,EXACT_DERIVED
ternary_sample,6361,9,14,16,16,16,0,False,False,False,EXACT_DERIVED
ternary_sample,6362,9,16,16,16,16,0,False,False,False,EXACT_DERIVED
ternary_sample,6363,9,16,16,16,16,0,False,False,False,EXACT_DERIVED
ternary_sample,6364,9,15,16,16,16,0,False,False,False,EXACT_DERIVED
ternary_sample,6365,9,16,16,16,16,0,False,False,False,EXACT_DERIVED
ternary_sample,6366,9,16,16,16,16,0,False,False,False,EXACT_DERIVED
ternary_sample,6367,9,16,16,16,16,0,False,False,False,EXACT_DERIVED
ternary_sample,6368,9,16,16,16,16,0,False,False,False,EXACT_DERIVED
ternary_sample,6369,9,16,16,16,16,0,False,False,False,EXACT_DERIVED
ternary_sample,6370,9,16,16,16,16,0,False,False,False,EXACT_DERIVED
ternary_sample,6371,9,15,16,16,16,0,False,False,False,EXACT_DERIVED
ternary_sample,6372,9,16,16,16,16,0,False,False,False,EXACT_DERIVED
ternary_sample,6373,9,16,16,16,16,0,False,False,False,EXACT_DERIVED
ternary_sample,6374,9,16,16,16,16,0,False,False,False,EXACT_DERIVED
ternary_sample,6375,9,16,16,16,16,0,False,False,False,EXACT_DERIVED
ternary_sample,6376,9,16,16,16,16,0,False,False,False,EXACT_DERIVED
ternary_sample,6377,9,16,16,16,16,0,False,False,False,EXACT_DERIVED
ternary_sample,6378,9,16,16,16,16,0,False,False,False,EXACT_DERIVED
ternary_sample,6379,9,16,16,16,16,0,False,False,False,EXACT_DERIVED
ternary_sample,6380,9,16,16,16,16,0,False,False,False,EXACT_DERIVED
ternary_sample,6381,9,16,16,16,16,0,False,False,False,EXACT_DERIVED
ternary_sample,6382,9,15,16,16,16,0,False,False,False,EXACT_DERIVED
ternary_sample,6383,9,16,16,16,16,0,False,False,False,EXACT_DERIVED
ternary_sample,6384,9,16,16,16,16,0,False,False,False,EXACT_DERIVED
ternary_sample,6385,9,15,16,16,16,0,False,False,False,EXACT_DERIVED
ternary_sample,6386,9,16,16,16,16,0,False,False,False,EXACT_DERIVED
ternary_sample,6387,9,15,16,16,16,0,False,False,False,EXACT_DERIVED
ternary_sample,6388,9,16,16,16,16,0,False,False,False,EXACT_DERIVED
ternary_sample,6389,9,16,16,16,16,0,False,False,False,EXACT_DERIVED
ternary_sample,6390,9,15,16,16,16,0,False,False,False,EXACT_DERIVED
ternary_sample,6391,9,15,16,16,16,0,False,False,False,EXACT_DERIVED
ternary_sample,6392,9,16,16,16,16,0,False,False,False,EXACT_DERIVED
ternary_sample,6393,9,15,16,16,16,0,False,False,False,EXACT_DERIVED
ternary_sample,6394,9,16,16,16,16,0,False,False,False,EXACT_DERIVED
ternary_sample,6395,9,16,16,16,16,0,False,False,False,EXACT_DERIVED
ternary_sample,6396,9,16,16,16,16,0,False,False,False,EXACT_DERIVED
ternary_sample,6397,9,14,16,16,16,0,False,False,False,EXACT_DERIVED
ternary_sample,6398,9,15,16,16,16,0,False,False,False,EXACT_DERIVED
ternary_sample,6399,9,16,16,16,16,0,False,False,False,EXACT_DERIVED
ternary_sample,6400,9,16,16,16,16,0,False,False,False,EXACT_DERIVED
ternary_sample,6401,9,16,16,16,16,0,False,False,False,EXACT_DERIVED
ternary_sample,6402,9,15,16,16,16,0,False,False,False,EXACT_DERIVED
ternary_sample,6403,9,16,16,16,16,0,False,False,False,EXACT_DERIVED
ternary_sample,6404,9,15,16,16,16,0,False,False,False,EXACT_DERIVED
ternary_sample,6405,9,16,16,16,16,0,False,False,False,EXACT_DERIVED
ternary_sample,6406,9,16,16,16,16,0,False,False,False,EXACT_DERIVED
ternary_sample,6407,9,16,16,16,16,0,False,False,False,EXACT_DERIVED
ternary_sample,6408,9,16,16,16,16,0,False,False,False,EXACT_DERIVED
ternary_sample,6409,9,16,16,16,16,0,False,False,False,EXACT_DERIVED
ternary_sample,6410,9,15,16,16,16,0,False,False,False,EXACT_DERIVED
ternary_sample,6411,9,16,16,16,16,0,False,False,False,EXACT_DERIVED
ternary_sample,6412,9,16,16,16,16,0,False,False,False,EXACT_DERIVED
ternary_sample,6413,9,16,16,16,16,0,False,False,False,EXACT_DERIVED
ternary_sample,6414,9,16,16,16,16,0,False,False,False,EXACT_DERIVED
ternary_sample,6415,9,16,16,16,16,0,False,False,False,EXACT_DERIVED
ternary_sample,6416,9,16,16,16,16,0,False,False,False,EXACT_DERIVED
ternary_sample,6417,9,16,16,16,16,0,False,False,False,EXACT_DERIVED
ternary_sample,6418,9,15,16,16,16,0,False,False,False,EXACT_DERIVED
ternary_sample,6419,9,15,16,16,16,0,False,False,False,EXACT_DERIVED
ternary_sample,6420,9,16,16,16,16,0,False,False,False,EXACT_DERIVED
ternary_sample,6421,9,16,16,16,16,0,False,False,False,EXACT_DERIVED
ternary_sample,6422,9,14,16,16,16,0,False,False,False,EXACT_DERIVED
ternary_sample,6423,9,16,16,16,16,0,False,False,False,EXACT_DERIVED
ternary_sample,6424,9,16,16,16,16,0,False,False,False,EXACT_DERIVED
ternary_sample,6425,9,16,16,16,16,0,False,False,False,EXACT_DERIVED
ternary_sample,6426,9,15,16,16,16,0,False,False,False,EXACT_DERIVED
ternary_sample,6427,9,16,16,16,16,0,False,False,False,EXACT_DERIVED
ternary_sample,6428,9,16,16,16,16,0,False,False,False,EXACT_DERIVED
ternary_sample,6429,9,16,16,16,16,0,False,False,False,EXACT_DERIVED
ternary_sample,6430,9,16,16,16,16,0,False,False,False,EXACT_DERIVED
ternary_sample,6431,9,16,16,16,16,0,False,False,False,EXACT_DERIVED
ternary_sample,6432,9,16,16,16,16,0,False,False,False,EXACT_DERIVED
ternary_sample,6433,9,16,16,16,16,0,False,False,False,EXACT_DERIVED
ternary_sample,6434,9,15,16,16,16,0,False,False,False,EXACT_DERIVED
ternary_sample,6435,9,16,16,16,16,0,False,False,False,EXACT_DERIVED
ternary_sample,6436,9,16,16,16,16,0,False,False,False,EXACT_DERIVED
ternary_sample,6437,9,16,16,16,16,0,False,False,False,EXACT_DERIVED
ternary_sample,6438,9,16,16,16,16,0,False,False,False,EXACT_DERIVED
ternary_sample,6439,9,16,16,16,16,0,False,False,False,EXACT_DERIVED
ternary_sample,6440,9,16,16,16,16,0,False,False,False,EXACT_DERIVED
ternary_sample,6441,9,16,16,16,16,0,False,False,False,EXACT_DERIVED
ternary_sample,6442,9,16,16,16,16,0,False,False,False,EXACT_DERIVED
ternary_sample,6443,9,16,16,16,16,0,False,False,False,EXACT_DERIVED
ternary_sample,6444,9,16,16,16,16,0,False,False,False,EXACT_DERIVED
ternary_sample,6445,9,16,16,16,16,0,False,False,False,EXACT_DERIVED
ternary_sample,6446,9,16,16,16,16,0,False,False,False,EXACT_DERIVED
ternary_sample,6447,9,16,16,16,16,0,False,False,False,EXACT_DERIVED
ternary_sample,6448,9,15,16,16,16,0,False,False,False,EXACT_DERIVED
ternary_sample,6449,9,15,16,16,16,0,False,False,False,EXACT_DERIVED
ternary_sample,6450,9,16,16,16,16,0,False,False,False,EXACT_DERIVED
ternary_sample,6451,9,14,16,16,16,0,False,False,False,EXACT_DERIVED
ternary_sample,6452,9,16,16,16,16,0,False,False,False,EXACT_DERIVED
ternary_sample,6453,9,16,16,16,16,0,False,False,False,EXACT_DERIVED
ternary_sample,6454,9,16,16,16,16,0,False,False,False,EXACT_DERIVED
ternary_sample,6455,9,16,16,16,16,0,False,False,False,EXACT_DERIVED
ternary_sample,6456,9,15,16,16,16,0,False,False,False,EXACT_DERIVED
ternary_sample,6457,9,16,16,16,16,0,False,False,False,EXACT_DERIVED
ternary_sample,6458,9,16,16,16,16,0,False,False,False,EXACT_DERIVED
ternary_sample,6459,9,16,16,16,16,0,False,False,False,EXACT_DERIVED
ternary_sample,6460,9,16,16,16,16,0,False,False,False,EXACT_DERIVED
ternary_sample,6461,9,16,16,16,16,0,False,False,False,EXACT_DERIVED
ternary_sample,6462,9,16,16,16,16,0,False,False,False,EXACT_DERIVED
ternary_sample,6463,9,16,16,16,16,0,False,False,False,EXACT_DERIVED
ternary_sample,6464,9,15,16,16,16,0,False,False,False,EXACT_DERIVED
ternary_sample,6465,9,16,16,16,16,0,False,False,False,EXACT_DERIVED
ternary_sample,6466,9,15,16,16,16,0,False,False,False,EXACT_DERIVED
ternary_sample,6467,9,16,16,16,16,0,False,False,False,EXACT_DERIVED
ternary_sample,6468,9,16,16,16,16,0,False,False,False,EXACT_DERIVED
ternary_sample,6469,9,15,16,16,16,0,False,False,False,EXACT_DERIVED
ternary_sample,6470,9,16,16,16,16,0,False,False,False,EXACT_DERIVED
ternary_sample,6471,9,16,16,16,16,0,False,False,False,EXACT_DERIVED
ternary_sample,6472,9,16,16,16,16,0,False,False,False,EXACT_DERIVED
ternary_sample,6473,9,16,16,16,16,0,False,False,False,EXACT_DERIVED
ternary_sample,6474,9,16,16,16,16,0,False,False,False,EXACT_DERIVED
ternary_sample,6475,9,15,16,16,16,0,False,False,False,EXACT_DERIVED
ternary_sample,6476,9,15,16,16,16,0,False,False,False,EXACT_DERIVED
ternary_sample,6477,9,16,16,16,16,0,False,False,False,EXACT_DERIVED
ternary_sample,6478,9,16,16,16,16,0,False,False,False,EXACT_DERIVED
ternary_sample,6479,9,16,16,16,16,0,False,False,False,EXACT_DERIVED
ternary_sample,6480,9,16,16,16,16,0,False,False,False,EXACT_DERIVED
ternary_sample,6481,9,16,16,16,16,0,False,False,False,EXACT_DERIVED
ternary_sample,6482,9,16,16,16,16,0,False,False,False,EXACT_DERIVED
ternary_sample,6483,9,16,16,16,16,0,False,False,False,EXACT_DERIVED
ternary_sample,6484,9,16,16,16,16,0,False,False,False,EXACT_DERIVED
ternary_sample,6485,9,15,16,16,16,0,False,False,False,EXACT_DERIVED
ternary_sample,6486,9,16,16,16,16,0,False,False,False,EXACT_DERIVED
ternary_sample,6487,9,14,15,16,16,0,False,False,False,EXACT_DERIVED
ternary_sample,6488,9,16,16,16,16,0,False,False,False,EXACT_DERIVED
ternary_sample,6489,9,16,16,16,16,0,False,False,False,EXACT_DERIVED
ternary_sample,6490,9,16,16,16,16,0,False,False,False,EXACT_DERIVED
ternary_sample,6491,9,16,16,16,16,0,False,False,False,EXACT_DERIVED
ternary_sample,6492,9,16,16,16,16,0,False,False,False,EXACT_DERIVED
ternary_sample,6493,9,15,16,16,16,0,False,False,False,EXACT_DERIVED
ternary_sample,6494,9,16,16,16,16,0,False,False,False,EXACT_DERIVED
ternary_sample,6495,9,16,16,16,16,0,False,False,False,EXACT_DERIVED
ternary_sample,6496,9,16,16,16,16,0,False,False,False,EXACT_DERIVED
ternary_sample,6497,9,16,16,16,16,0,False,False,False,EXACT_DERIVED
ternary_sample,6498,9,16,16,16,16,0,False,False,False,EXACT_DERIVED
ternary_sample,6499,9,16,16,16,16,0,False,False,False,EXACT_DERIVED
ternary_sample,6500,9,16,16,16,16,0,False,False,False,EXACT_DERIVED
ternary_sample,6501,9,16,16,16,16,0,False,False,False,EXACT_DERIVED
ternary_sample,6502,9,16,16,16,16,0,False,False,False,EXACT_DERIVED
ternary_sample,6503,9,16,16,16,16,0,False,False,False,EXACT_DERIVED
ternary_sample,6504,9,13,16,16,16,0,False,False,False,EXACT_DERIVED
ternary_sample,6505,9,16,16,16,16,0,False,False,False,EXACT_DERIVED
ternary_sample,6506,9,16,16,16,16,0,False,False,False,EXACT_DERIVED
ternary_sample,6507,9,16,16,16,16,0,False,False,False,EXACT_DERIVED
ternary_sample,6508,9,16,16,16,16,0,False,False,False,EXACT_DERIVED
ternary_sample,6509,9,16,16,16,16,0,False,False,False,EXACT_DERIVED
ternary_sample,6510,9,16,16,16,16,0,False,False,False,EXACT_DERIVED
ternary_sample,6511,9,16,16,16,16,0,False,False,False,EXACT_DERIVED
ternary_sample,6512,9,16,16,16,16,0,False,False,False,EXACT_DERIVED
ternary_sample,6513,9,16,16,16,16,0,False,False,False,EXACT_DERIVED
ternary_sample,6514,9,15,16,16,16,0,False,False,False,EXACT_DERIVED
ternary_sample,6515,9,16,16,16,16,0,False,False,False,EXACT_DERIVED
ternary_sample,6516,9,16,16,16,16,0,False,False,False,EXACT_DERIVED
ternary_sample,6517,9,16,16,16,16,0,False,False,False,EXACT_DERIVED
ternary_sample,6518,9,16,16,16,16,0,False,False,False,EXACT_DERIVED
ternary_sample,6519,9,16,16,16,16,0,False,False,False,EXACT_DERIVED
ternary_sample,6520,9,16,16,16,16,0,False,False,False,EXACT_DERIVED
ternary_sample,6521,9,15,16,16,16,0,False,False,False,EXACT_DERIVED
ternary_sample,6522,9,14,16,16,16,0,False,False,False,EXACT_DERIVED
ternary_sample,6523,9,16,16,16,16,0,False,False,False,EXACT_DERIVED
ternary_sample,6524,9,16,16,16,16,0,False,False,False,EXACT_DERIVED
ternary_sample,6525,9,15,16,16,16,0,False,False,False,EXACT_DERIVED
ternary_sample,6526,9,16,16,16,16,0,False,False,False,EXACT_DERIVED
ternary_sample,6527,9,15,16,16,16,0,False,False,False,EXACT_DERIVED
ternary_sample,6528,9,16,16,16,16,0,False,False,False,EXACT_DERIVED
ternary_sample,6529,9,16,16,16,16,0,False,False,False,EXACT_DERIVED
ternary_sample,6530,9,16,16,16,16,0,False,False,False,EXACT_DERIVED
ternary_sample,6531,9,16,16,16,16,0,False,False,False,EXACT_DERIVED
ternary_sample,6532,9,15,16,16,16,0,False,False,False,EXACT_DERIVED
ternary_sample,6533,9,16,16,16,16,0,False,False,False,EXACT_DERIVED
ternary_sample,6534,9,16,16,16,16,0,False,False,False,EXACT_DERIVED
ternary_sample,6535,9,15,16,16,16,0,False,False,False,EXACT_DERIVED
ternary_sample,6536,9,16,16,16,16,0,False,False,False,EXACT_DERIVED
ternary_sample,6537,9,16,16,16,16,0,False,False,False,EXACT_DERIVED
ternary_sample,6538,9,16,16,16,16,0,False,False,False,EXACT_DERIVED
ternary_sample,6539,9,16,16,16,16,0,False,False,False,EXACT_DERIVED
ternary_sample,6540,9,16,16,16,16,0,False,False,False,EXACT_DERIVED
ternary_sample,6541,9,16,16,16,16,0,False,False,False,EXACT_DERIVED
ternary_sample,6542,9,16,16,16,16,0,False,False,False,EXACT_DERIVED
ternary_sample,6543,9,16,16,16,16,0,False,False,False,EXACT_DERIVED
ternary_sample,6544,9,16,16,16,16,0,False,False,False,EXACT_DERIVED
ternary_sample,6545,9,16,16,16,16,0,False,False,False,EXACT_DERIVED
ternary_sample,6546,9,16,16,16,16,0,False,False,False,EXACT_DERIVED
ternary_sample,6547,9,16,16,16,16,0,False,False,False,EXACT_DERIVED
ternary_sample,6548,9,16,16,16,16,0,False,False,False,EXACT_DERIVED
ternary_sample,6549,9,16,16,16,16,0,False,False,False,EXACT_DERIVED
ternary_sample,6550,9,16,16,16,16,0,False,False,False,EXACT_DERIVED
ternary_sample,6551,9,16,16,16,16,0,False,False,False,EXACT_DERIVED
ternary_sample,6552,9,16,16,16,16,0,False,False,False,EXACT_DERIVED
ternary_sample,6553,9,16,16,16,16,0,False,False,False,EXACT_DERIVED
ternary_sample,6554,9,16,16,16,16,0,False,False,False,EXACT_DERIVED
ternary_sample,6555,9,16,16,16,16,0,False,False,False,EXACT_DERIVED
ternary_sample,6556,9,16,16,16,16,0,False,False,False,EXACT_DERIVED
ternary_sample,6557,9,16,16,16,16,0,False,False,False,EXACT_DERIVED
ternary_sample,6558,9,16,16,16,16,0,False,False,False,EXACT_DERIVED
ternary_sample,6559,9,16,16,16,16,0,False,False,False,EXACT_DERIVED
ternary_sample,6560,9,16,16,16,16,0,False,False,False,EXACT_DERIVED
ternary_sample,6561,9,16,16,16,16,0,False,False,False,EXACT_DERIVED
ternary_sample,6562,9,16,16,16,16,0,False,False,False,EXACT_DERIVED
ternary_sample,6563,9,16,16,16,16,0,False,False,False,EXACT_DERIVED
ternary_sample,6564,9,16,16,16,16,0,False,False,False,EXACT_DERIVED
ternary_sample,6565,9,16,16,16,16,0,False,False,False,EXACT_DERIVED
ternary_sample,6566,9,16,16,16,16,0,False,False,False,EXACT_DERIVED
ternary_sample,6567,9,16,16,16,16,0,False,False,False,EXACT_DERIVED
ternary_sample,6568,9,16,16,16,16,0,False,False,False,EXACT_DERIVED
ternary_sample,6569,9,15,16,16,16,0,False,False,False,EXACT_DERIVED
ternary_sample,6570,9,15,16,16,16,0,False,False,False,EXACT_DERIVED
ternary_sample,6571,9,16,16,16,16,0,False,False,False,EXACT_DERIVED
ternary_sample,6572,9,15,16,16,16,0,False,False,False,EXACT_DERIVED
ternary_sample,6573,9,16,16,16,16,0,False,False,False,EXACT_DERIVED
ternary_sample,6574,9,16,16,16,16,0,False,False,False,EXACT_DERIVED
ternary_sample,6575,9,16,16,16,16,0,False,False,False,EXACT_DERIVED
ternary_sample,6576,9,16,16,16,16,0,False,False,False,EXACT_DERIVED
ternary_sample,6577,9,16,16,16,16,0,False,False,False,EXACT_DERIVED
ternary_sample,6578,9,16,16,16,16,0,False,False,False,EXACT_DERIVED
ternary_sample,6579,9,16,16,16,16,0,False,False,False,EXACT_DERIVED
ternary_sample,6580,9,16,16,16,16,0,False,False,False,EXACT_DERIVED
ternary_sample,6581,9,16,16,16,16,0,False,False,False,EXACT_DERIVED
ternary_sample,6582,9,16,16,16,16,0,False,False,False,EXACT_DERIVED
ternary_sample,6583,9,16,16,16,16,0,False,False,False,EXACT_DERIVED
ternary_sample,6584,9,14,16,16,16,0,False,False,False,EXACT_DERIVED
ternary_sample,6585,9,16,16,16,16,0,False,False,False,EXACT_DERIVED
ternary_sample,6586,9,16,16,16,16,0,False,False,False,EXACT_DERIVED
ternary_sample,6587,9,16,16,16,16,0,False,False,False,EXACT_DERIVED
ternary_sample,6588,9,16,16,16,16,0,False,False,False,EXACT_DERIVED
ternary_sample,6589,9,16,16,16,16,0,False,False,False,EXACT_DERIVED
ternary_sample,6590,9,16,16,16,16,0,False,False,False,EXACT_DERIVED
ternary_sample,6591,9,16,16,16,16,0,False,False,False,EXACT_DERIVED
ternary_sample,6592,9,16,16,16,16,0,False,False,False,EXACT_DERIVED
ternary_sample,6593,9,15,16,16,16,0,False,False,False,EXACT_DERIVED
ternary_sample,6594,9,16,16,16,16,0,False,False,False,EXACT_DERIVED
ternary_sample,6595,9,15,16,16,16,0,False,False,False,EXACT_DERIVED
ternary_sample,6596,9,16,16,16,16,0,False,False,False,EXACT_DERIVED
ternary_sample,6597,9,16,16,16,16,0,False,False,False,EXACT_DERIVED
ternary_sample,6598,9,16,16,16,16,0,False,False,False,EXACT_DERIVED
ternary_sample,6599,9,16,16,16,16,0,False,False,False,EXACT_DERIVED
ternary_sample,6600,9,15,16,16,16,0,False,False,False,EXACT_DERIVED
ternary_sample,6601,9,15,16,16,16,0,False,False,False,EXACT_DERIVED
ternary_sample,6602,9,15,16,16,16,0,False,False,False,EXACT_DERIVED
ternary_sample,6603,9,15,16,16,16,0,False,False,False,EXACT_DERIVED
ternary_sample,6604,9,15,16,16,16,0,False,False,False,EXACT_DERIVED
ternary_sample,6605,9,16,16,16,16,0,False,False,False,EXACT_DERIVED
ternary_sample,6606,9,16,16,16,16,0,False,False,False,EXACT_DERIVED
ternary_sample,6607,9,16,16,16,16,0,False,False,False,EXACT_DERIVED
ternary_sample,6608,9,16,16,16,16,0,False,False,False,EXACT_DERIVED
ternary_sample,6609,9,15,16,16,16,0,False,False,False,EXACT_DERIVED
ternary_sample,6610,9,15,16,16,16,0,False,False,False,EXACT_DERIVED
ternary_sample,6611,9,16,16,16,16,0,False,False,False,EXACT_DERIVED
ternary_sample,6612,9,15,16,16,16,0,False,False,False,EXACT_DERIVED
ternary_sample,6613,9,16,16,16,16,0,False,False,False,EXACT_DERIVED
ternary_sample,6614,9,16,16,16,16,0,False,False,False,EXACT_DERIVED
ternary_sample,6615,8,13,16,16,16,0,False,False,False,EXACT_DERIVED
ternary_sample,6616,9,16,16,16,16,0,False,False,False,EXACT_DERIVED
ternary_sample,6617,9,16,16,16,16,0,False,False,False,EXACT_DERIVED
ternary_sample,6618,9,16,16,16,16,0,False,False,False,EXACT_DERIVED
ternary_sample,6619,9,16,16,16,16,0,False,False,False,EXACT_DERIVED
ternary_sample,6620,9,14,16,16,16,0,False,False,False,EXACT_DERIVED
ternary_sample,6621,9,15,16,16,16,0,False,False,False,EXACT_DERIVED
ternary_sample,6622,9,16,16,16,16,0,False,False,False,EXACT_DERIVED
ternary_sample,6623,9,16,16,16,16,0,False,False,False,EXACT_DERIVED
ternary_sample,6624,9,16,16,16,16,0,False,False,False,EXACT_DERIVED
ternary_sample,6625,9,16,16,16,16,0,False,False,False,EXACT_DERIVED
ternary_sample,6626,9,16,16,16,16,0,False,False,False,EXACT_DERIVED
ternary_sample,6627,9,16,16,16,16,0,False,False,False,EXACT_DERIVED
ternary_sample,6628,9,16,16,16,16,0,False,False,False,EXACT_DERIVED
ternary_sample,6629,9,16,16,16,16,0,False,False,False,EXACT_DERIVED
ternary_sample,6630,9,16,16,16,16,0,False,False,False,EXACT_DERIVED
ternary_sample,6631,9,16,16,16,16,0,False,False,False,EXACT_DERIVED
ternary_sample,6632,9,16,16,16,16,0,False,False,False,EXACT_DERIVED
ternary_sample,6633,9,16,16,16,16,0,False,False,False,EXACT_DERIVED
ternary_sample,6634,9,16,16,16,16,0,False,False,False,EXACT_DERIVED
ternary_sample,6635,9,16,16,16,16,0,False,False,False,EXACT_DERIVED
ternary_sample,6636,9,16,16,16,16,0,False,False,False,EXACT_DERIVED
ternary_sample,6637,9,16,16,16,16,0,False,False,False,EXACT_DERIVED
ternary_sample,6638,9,16,16,16,16,0,False,False,False,EXACT_DERIVED
ternary_sample,6639,9,16,16,16,16,0,False,False,False,EXACT_DERIVED
ternary_sample,6640,9,16,16,16,16,0,False,False,False,EXACT_DERIVED
ternary_sample,6641,9,16,16,16,16,0,False,False,False,EXACT_DERIVED
ternary_sample,6642,9,16,16,16,16,0,False,False,False,EXACT_DERIVED
ternary_sample,6643,9,16,16,16,16,0,False,False,False,EXACT_DERIVED
ternary_sample,6644,9,16,16,16,16,0,False,False,False,EXACT_DERIVED
ternary_sample,6645,9,16,16,16,16,0,False,False,False,EXACT_DERIVED
ternary_sample,6646,9,16,16,16,16,0,False,False,False,EXACT_DERIVED
ternary_sample,6647,9,16,16,16,16,0,False,False,False,EXACT_DERIVED
ternary_sample,6648,9,16,16,16,16,0,False,False,False,EXACT_DERIVED
ternary_sample,6649,9,16,16,16,16,0,False,False,False,EXACT_DERIVED
ternary_sample,6650,9,15,16,16,16,0,False,False,False,EXACT_DERIVED
ternary_sample,6651,9,16,16,16,16,0,False,False,False,EXACT_DERIVED
ternary_sample,6652,9,16,16,16,16,0,False,False,False,EXACT_DERIVED
ternary_sample,6653,9,15,16,16,16,0,False,False,False,EXACT_DERIVED
ternary_sample,6654,9,16,16,16,16,0,False,False,False,EXACT_DERIVED
ternary_sample,6655,9,15,16,16,16,0,False,False,False,EXACT_DERIVED
ternary_sample,6656,9,16,16,16,16,0,False,False,False,EXACT_DERIVED
ternary_sample,6657,9,16,16,16,16,0,False,False,False,EXACT_DERIVED
ternary_sample,6658,9,16,16,16,16,0,False,False,False,EXACT_DERIVED
ternary_sample,6659,9,15,16,16,16,0,False,False,False,EXACT_DERIVED
ternary_sample,6660,9,15,16,16,16,0,False,False,False,EXACT_DERIVED
ternary_sample,6661,9,14,16,16,16,0,False,False,False,EXACT_DERIVED
ternary_sample,6662,9,16,16,16,16,0,False,False,False,EXACT_DERIVED
ternary_sample,6663,9,15,16,16,16,0,False,False,False,EXACT_DERIVED
ternary_sample,6664,9,16,16,16,16,0,False,False,False,EXACT_DERIVED
ternary_sample,6665,9,16,16,16,16,0,False,False,False,EXACT_DERIVED
ternary_sample,6666,9,15,16,16,16,0,False,False,False,EXACT_DERIVED
ternary_sample,6667,9,16,16,16,16,0,False,False,False,EXACT_DERIVED
ternary_sample,6668,9,15,16,16,16,0,False,False,False,EXACT_DERIVED
ternary_sample,6669,9,16,16,16,16,0,False,False,False,EXACT_DERIVED
ternary_sample,6670,9,16,16,16,16,0,False,False,False,EXACT_DERIVED
ternary_sample,6671,9,16,16,16,16,0,False,False,False,EXACT_DERIVED
ternary_sample,6672,9,16,16,16,16,0,False,False,False,EXACT_DERIVED
ternary_sample,6673,9,15,16,16,16,0,False,False,False,EXACT_DERIVED
ternary_sample,6674,9,16,16,16,16,0,False,False,False,EXACT_DERIVED
ternary_sample,6675,9,16,16,16,16,0,False,False,False,EXACT_DERIVED
ternary_sample,6676,9,16,16,16,16,0,False,False,False,EXACT_DERIVED
ternary_sample,6677,9,15,16,16,16,0,False,False,False,EXACT_DERIVED
ternary_sample,6678,9,15,16,16,16,0,False,False,False,EXACT_DERIVED
ternary_sample,6679,9,16,16,16,16,0,False,False,False,EXACT_DERIVED
ternary_sample,6680,9,16,16,16,16,0,False,False,False,EXACT_DERIVED
ternary_sample,6681,9,16,16,16,16,0,False,False,False,EXACT_DERIVED
ternary_sample,6682,9,16,16,16,16,0,False,False,False,EXACT_DERIVED
ternary_sample,6683,9,16,16,16,16,0,False,False,False,EXACT_DERIVED
ternary_sample,6684,9,16,16,16,16,0,False,False,False,EXACT_DERIVED
ternary_sample,6685,9,16,16,16,16,0,False,False,False,EXACT_DERIVED
ternary_sample,6686,9,16,16,16,16,0,False,False,False,EXACT_DERIVED
ternary_sample,6687,9,16,16,16,16,0,False,False,False,EXACT_DERIVED
ternary_sample,6688,9,16,16,16,16,0,False,False,False,EXACT_DERIVED
ternary_sample,6689,9,16,16,16,16,0,False,False,False,EXACT_DERIVED
ternary_sample,6690,9,16,16,16,16,0,False,False,False,EXACT_DERIVED
ternary_sample,6691,9,16,16,16,16,0,False,False,False,EXACT_DERIVED
ternary_sample,6692,9,16,16,16,16,0,False,False,False,EXACT_DERIVED
ternary_sample,6693,9,16,16,16,16,0,False,False,False,EXACT_DERIVED
ternary_sample,6694,9,16,16,16,16,0,False,False,False,EXACT_DERIVED
ternary_sample,6695,9,16,16,16,16,0,False,False,False,EXACT_DERIVED
ternary_sample,6696,9,16,16,16,16,0,False,False,False,EXACT_DERIVED
ternary_sample,6697,9,16,16,16,16,0,False,False,False,EXACT_DERIVED
ternary_sample,6698,9,16,16,16,16,0,False,False,False,EXACT_DERIVED
ternary_sample,6699,9,16,16,16,16,0,False,False,False,EXACT_DERIVED
ternary_sample,6700,9,15,16,16,16,0,False,False,False,EXACT_DERIVED
ternary_sample,6701,9,16,16,16,16,0,False,False,False,EXACT_DERIVED
ternary_sample,6702,9,16,16,16,16,0,False,False,False,EXACT_DERIVED
ternary_sample,6703,9,16,16,16,16,0,False,False,False,EXACT_DERIVED
ternary_sample,6704,9,16,16,16,16,0,False,False,False,EXACT_DERIVED
ternary_sample,6705,9,16,16,16,16,0,False,False,False,EXACT_DERIVED
ternary_sample,6706,9,16,16,16,16,0,False,False,False,EXACT_DERIVED
ternary_sample,6707,9,16,16,16,16,0,False,False,False,EXACT_DERIVED
ternary_sample,6708,9,16,16,16,16,0,False,False,False,EXACT_DERIVED
ternary_sample,6709,9,16,16,16,16,0,False,False,False,EXACT_DERIVED
ternary_sample,6710,9,16,16,16,16,0,False,False,False,EXACT_DERIVED
ternary_sample,6711,9,16,16,16,16,0,False,False,False,EXACT_DERIVED
ternary_sample,6712,9,16,16,16,16,0,False,False,False,EXACT_DERIVED
ternary_sample,6713,9,16,16,16,16,0,False,False,False,EXACT_DERIVED
ternary_sample,6714,9,16,16,16,16,0,False,False,False,EXACT_DERIVED
ternary_sample,6715,9,16,16,16,16,0,False,False,False,EXACT_DERIVED
ternary_sample,6716,9,16,16,16,16,0,False,False,False,EXACT_DERIVED
ternary_sample,6717,9,16,16,16,16,0,False,False,False,EXACT_DERIVED
ternary_sample,6718,9,16,16,16,16,0,False,False,False,EXACT_DERIVED
ternary_sample,6719,9,15,16,16,16,0,False,False,False,EXACT_DERIVED
ternary_sample,6720,9,16,16,16,16,0,False,False,False,EXACT_DERIVED
ternary_sample,6721,9,16,16,16,16,0,False,False,False,EXACT_DERIVED
ternary_sample,6722,9,15,16,16,16,0,False,False,False,EXACT_DERIVED
ternary_sample,6723,9,16,16,16,16,0,False,False,False,EXACT_DERIVED
ternary_sample,6724,9,16,16,16,16,0,False,False,False,EXACT_DERIVED
ternary_sample,6725,9,16,16,16,16,0,False,False,False,EXACT_DERIVED
ternary_sample,6726,9,16,16,16,16,0,False,False,False,EXACT_DERIVED
ternary_sample,6727,9,16,16,16,16,0,False,False,False,EXACT_DERIVED
ternary_sample,6728,9,15,16,16,16,0,False,False,False,EXACT_DERIVED
ternary_sample,6729,9,16,16,16,16,0,False,False,False,EXACT_DERIVED
ternary_sample,6730,9,16,16,16,16,0,False,False,False,EXACT_DERIVED
ternary_sample,6731,9,16,16,16,16,0,False,False,False,EXACT_DERIVED
ternary_sample,6732,9,16,16,16,16,0,False,False,False,EXACT_DERIVED
ternary_sample,6733,9,16,16,16,16,0,False,False,False,EXACT_DERIVED
ternary_sample,6734,9,16,16,16,16,0,False,False,False,EXACT_DERIVED
ternary_sample,6735,9,16,16,16,16,0,False,False,False,EXACT_DERIVED
ternary_sample,6736,9,16,16,16,16,0,False,False,False,EXACT_DERIVED
ternary_sample,6737,9,16,16,16,16,0,False,False,False,EXACT_DERIVED
ternary_sample,6738,9,16,16,16,16,0,False,False,False,EXACT_DERIVED
ternary_sample,6739,9,16,16,16,16,0,False,False,False,EXACT_DERIVED
ternary_sample,6740,9,16,16,16,16,0,False,False,False,EXACT_DERIVED
ternary_sample,6741,9,16,16,16,16,0,False,False,False,EXACT_DERIVED
ternary_sample,6742,9,15,16,16,16,0,False,False,False,EXACT_DERIVED
ternary_sample,6743,9,16,16,16,16,0,False,False,False,EXACT_DERIVED
ternary_sample,6744,9,16,16,16,16,0,False,False,False,EXACT_DERIVED
ternary_sample,6745,9,16,16,16,16,0,False,False,False,EXACT_DERIVED
ternary_sample,6746,9,15,16,16,16,0,False,False,False,EXACT_DERIVED
ternary_sample,6747,9,16,16,16,16,0,False,False,False,EXACT_DERIVED
ternary_sample,6748,9,15,16,16,16,0,False,False,False,EXACT_DERIVED
ternary_sample,6749,9,16,16,16,16,0,False,False,False,EXACT_DERIVED
ternary_sample,6750,9,16,16,16,16,0,False,False,False,EXACT_DERIVED
ternary_sample,6751,9,16,16,16,16,0,False,False,False,EXACT_DERIVED
ternary_sample,6752,9,16,16,16,16,0,False,False,False,EXACT_DERIVED
ternary_sample,6753,9,16,16,16,16,0,False,False,False,EXACT_DERIVED
ternary_sample,6754,9,16,16,16,16,0,False,False,False,EXACT_DERIVED
ternary_sample,6755,9,15,16,16,16,0,False,False,False,EXACT_DERIVED
ternary_sample,6756,9,16,16,16,16,0,False,False,False,EXACT_DERIVED
ternary_sample,6757,9,16,16,16,16,0,False,False,False,EXACT_DERIVED
ternary_sample,6758,9,15,16,16,16,0,False,False,False,EXACT_DERIVED
ternary_sample,6759,9,15,16,16,16,0,False,False,False,EXACT_DERIVED
ternary_sample,6760,9,16,16,16,16,0,False,False,False,EXACT_DERIVED
ternary_sample,6761,9,16,16,16,16,0,False,False,False,EXACT_DERIVED
ternary_sample,6762,9,16,16,16,16,0,False,False,False,EXACT_DERIVED
ternary_sample,6763,9,16,16,16,16,0,False,False,False,EXACT_DERIVED
ternary_sample,6764,9,16,16,16,16,0,False,False,False,EXACT_DERIVED
ternary_sample,6765,9,16,16,16,16,0,False,False,False,EXACT_DERIVED
ternary_sample,6766,9,16,16,16,16,0,False,False,False,EXACT_DERIVED
ternary_sample,6767,9,16,16,16,16,0,False,False,False,EXACT_DERIVED
ternary_sample,6768,9,16,16,16,16,0,False,False,False,EXACT_DERIVED
ternary_sample,6769,9,16,16,16,16,0,False,False,False,EXACT_DERIVED
ternary_sample,6770,9,15,16,16,16,0,False,False,False,EXACT_DERIVED
ternary_sample,6771,9,15,16,16,16,0,False,False,False,EXACT_DERIVED
ternary_sample,6772,9,16,16,16,16,0,False,False,False,EXACT_DERIVED
ternary_sample,6773,9,16,16,16,16,0,False,False,False,EXACT_DERIVED
ternary_sample,6774,9,16,16,16,16,0,False,False,False,EXACT_DERIVED
ternary_sample,6775,9,16,16,16,16,0,False,False,False,EXACT_DERIVED
ternary_sample,6776,9,16,16,16,16,0,False,False,False,EXACT_DERIVED
ternary_sample,6777,9,16,16,16,16,0,False,False,False,EXACT_DERIVED
ternary_sample,6778,9,15,16,16,16,0,False,False,False,EXACT_DERIVED
ternary_sample,6779,9,16,16,16,16,0,False,False,False,EXACT_DERIVED
ternary_sample,6780,9,16,16,16,16,0,False,False,False,EXACT_DERIVED
ternary_sample,6781,9,16,16,16,16,0,False,False,False,EXACT_DERIVED
ternary_sample,6782,9,16,16,16,16,0,False,False,False,EXACT_DERIVED
ternary_sample,6783,9,16,16,16,16,0,False,False,False,EXACT_DERIVED
ternary_sample,6784,9,16,16,16,16,0,False,False,False,EXACT_DERIVED
ternary_sample,6785,9,16,16,16,16,0,False,False,False,EXACT_DERIVED
ternary_sample,6786,9,16,16,16,16,0,False,False,False,EXACT_DERIVED
ternary_sample,6787,9,16,16,16,16,0,False,False,False,EXACT_DERIVED
ternary_sample,6788,9,16,16,16,16,0,False,False,False,EXACT_DERIVED
ternary_sample,6789,9,16,16,16,16,0,False,False,False,EXACT_DERIVED
ternary_sample,6790,9,16,16,16,16,0,False,False,False,EXACT_DERIVED
ternary_sample,6791,9,16,16,16,16,0,False,False,False,EXACT_DERIVED
ternary_sample,6792,9,15,16,16,16,0,False,False,False,EXACT_DERIVED
ternary_sample,6793,9,14,16,16,16,0,False,False,False,EXACT_DERIVED
ternary_sample,6794,9,16,16,16,16,0,False,False,False,EXACT_DERIVED
ternary_sample,6795,9,16,16,16,16,0,False,False,False,EXACT_DERIVED
ternary_sample,6796,9,15,16,16,16,0,False,False,False,EXACT_DERIVED
ternary_sample,6797,9,16,16,16,16,0,False,False,False,EXACT_DERIVED
ternary_sample,6798,9,14,16,16,16,0,False,False,False,EXACT_DERIVED
ternary_sample,6799,9,16,16,16,16,0,False,False,False,EXACT_DERIVED
ternary_sample,6800,9,16,16,16,16,0,False,False,False,EXACT_DERIVED
ternary_sample,6801,9,16,16,16,16,0,False,False,False,EXACT_DERIVED
ternary_sample,6802,9,16,16,16,16,0,False,False,False,EXACT_DERIVED
ternary_sample,6803,9,15,16,16,16,0,False,False,False,EXACT_DERIVED
ternary_sample,6804,9,16,16,16,16,0,False,False,False,EXACT_DERIVED
ternary_sample,6805,9,16,16,16,16,0,False,False,False,EXACT_DERIVED
ternary_sample,6806,9,16,16,16,16,0,False,False,False,EXACT_DERIVED
ternary_sample,6807,9,16,16,16,16,0,False,False,False,EXACT_DERIVED
ternary_sample,6808,9,16,16,16,16,0,False,False,False,EXACT_DERIVED
ternary_sample,6809,9,16,16,16,16,0,False,False,False,EXACT_DERIVED
ternary_sample,6810,9,16,16,16,16,0,False,False,False,EXACT_DERIVED
ternary_sample,6811,9,16,16,16,16,0,False,False,False,EXACT_DERIVED
ternary_sample,6812,9,15,16,16,16,0,False,False,False,EXACT_DERIVED
ternary_sample,6813,9,16,16,16,16,0,False,False,False,EXACT_DERIVED
ternary_sample,6814,9,16,16,16,16,0,False,False,False,EXACT_DERIVED
ternary_sample,6815,9,16,16,16,16,0,False,False,False,EXACT_DERIVED
ternary_sample,6816,9,16,16,16,16,0,False,False,False,EXACT_DERIVED
ternary_sample,6817,9,16,16,16,16,0,False,False,False,EXACT_DERIVED
ternary_sample,6818,9,16,16,16,16,0,False,False,False,EXACT_DERIVED
ternary_sample,6819,9,15,16,16,16,0,False,False,False,EXACT_DERIVED
ternary_sample,6820,9,16,16,16,16,0,False,False,False,EXACT_DERIVED
ternary_sample,6821,9,16,16,16,16,0,False,False,False,EXACT_DERIVED
ternary_sample,6822,9,16,16,16,16,0,False,False,False,EXACT_DERIVED
ternary_sample,6823,9,16,16,16,16,0,False,False,False,EXACT_DERIVED
ternary_sample,6824,9,16,16,16,16,0,False,False,False,EXACT_DERIVED
ternary_sample,6825,9,16,16,16,16,0,False,False,False,EXACT_DERIVED
ternary_sample,6826,9,16,16,16,16,0,False,False,False,EXACT_DERIVED
ternary_sample,6827,9,16,16,16,16,0,False,False,False,EXACT_DERIVED
ternary_sample,6828,9,16,16,16,16,0,False,False,False,EXACT_DERIVED
ternary_sample,6829,9,16,16,16,16,0,False,False,False,EXACT_DERIVED
ternary_sample,6830,9,15,16,16,16,0,False,False,False,EXACT_DERIVED
ternary_sample,6831,9,16,16,16,16,0,False,False,False,EXACT_DERIVED
ternary_sample,6832,9,16,16,16,16,0,False,False,False,EXACT_DERIVED
ternary_sample,6833,9,15,16,16,16,0,False,False,False,EXACT_DERIVED
ternary_sample,6834,9,16,16,16,16,0,False,False,False,EXACT_DERIVED
ternary_sample,6835,9,15,16,16,16,0,False,False,False,EXACT_DERIVED
ternary_sample,6836,9,16,16,16,16,0,False,False,False,EXACT_DERIVED
ternary_sample,6837,9,16,16,16,16,0,False,False,False,EXACT_DERIVED
ternary_sample,6838,9,16,16,16,16,0,False,False,False,EXACT_DERIVED
ternary_sample,6839,9,16,16,16,16,0,False,False,False,EXACT_DERIVED
ternary_sample,6840,9,16,16,16,16,0,False,False,False,EXACT_DERIVED
ternary_sample,6841,9,16,16,16,16,0,False,False,False,EXACT_DERIVED
ternary_sample,6842,9,16,16,16,16,0,False,False,False,EXACT_DERIVED
ternary_sample,6843,9,16,16,16,16,0,False,False,False,EXACT_DERIVED
ternary_sample,6844,9,16,16,16,16,0,False,False,False,EXACT_DERIVED
ternary_sample,6845,9,16,16,16,16,0,False,False,False,EXACT_DERIVED
ternary_sample,6846,9,14,16,16,16,0,False,False,False,EXACT_DERIVED
ternary_sample,6847,9,16,16,16,16,0,False,False,False,EXACT_DERIVED
ternary_sample,6848,9,16,16,16,16,0,False,False,False,EXACT_DERIVED
ternary_sample,6849,9,16,16,16,16,0,False,False,False,EXACT_DERIVED
ternary_sample,6850,9,16,16,16,16,0,False,False,False,EXACT_DERIVED
ternary_sample,6851,9,16,16,16,16,0,False,False,False,EXACT_DERIVED
ternary_sample,6852,9,16,16,16,16,0,False,False,False,EXACT_DERIVED
ternary_sample,6853,9,16,16,16,16,0,False,False,False,EXACT_DERIVED
ternary_sample,6854,9,15,16,16,16,0,False,False,False,EXACT_DERIVED
ternary_sample,6855,9,16,16,16,16,0,False,False,False,EXACT_DERIVED
ternary_sample,6856,9,15,16,16,16,0,False,False,False,EXACT_DERIVED
ternary_sample,6857,9,16,16,16,16,0,False,False,False,EXACT_DERIVED
ternary_sample,6858,9,14,16,16,16,0,False,False,False,EXACT_DERIVED
ternary_sample,6859,9,16,16,16,16,0,False,False,False,EXACT_DERIVED
ternary_sample,6860,9,16,16,16,16,0,False,False,False,EXACT_DERIVED
ternary_sample,6861,9,15,16,16,16,0,False,False,False,EXACT_DERIVED
ternary_sample,6862,9,16,16,16,16,0,False,False,False,EXACT_DERIVED
ternary_sample,6863,9,14,16,16,16,0,False,False,False,EXACT_DERIVED
ternary_sample,6864,9,16,16,16,16,0,False,False,False,EXACT_DERIVED
ternary_sample,6865,9,16,16,16,16,0,False,False,False,EXACT_DERIVED
ternary_sample,6866,9,16,16,16,16,0,False,False,False,EXACT_DERIVED
ternary_sample,6867,9,16,16,16,16,0,False,False,False,EXACT_DERIVED
ternary_sample,6868,9,16,16,16,16,0,False,False,False,EXACT_DERIVED
ternary_sample,6869,9,16,16,16,16,0,False,False,False,EXACT_DERIVED
ternary_sample,6870,9,16,16,16,16,0,False,False,False,EXACT_DERIVED
ternary_sample,6871,9,16,16,16,16,0,False,False,False,EXACT_DERIVED
ternary_sample,6872,9,16,16,16,16,0,False,False,False,EXACT_DERIVED
ternary_sample,6873,9,16,16,16,16,0,False,False,False,EXACT_DERIVED
ternary_sample,6874,9,16,16,16,16,0,False,False,False,EXACT_DERIVED
ternary_sample,6875,9,16,16,16,16,0,False,False,False,EXACT_DERIVED
ternary_sample,6876,9,16,16,16,16,0,False,False,False,EXACT_DERIVED
ternary_sample,6877,9,16,16,16,16,0,False,False,False,EXACT_DERIVED
ternary_sample,6878,9,16,16,16,16,0,False,False,False,EXACT_DERIVED
ternary_sample,6879,9,16,16,16,16,0,False,False,False,EXACT_DERIVED
ternary_sample,6880,9,15,16,16,16,0,False,False,False,EXACT_DERIVED
ternary_sample,6881,9,14,16,16,16,0,False,False,False,EXACT_DERIVED
ternary_sample,6882,9,16,16,16,16,0,False,False,False,EXACT_DERIVED
ternary_sample,6883,9,16,16,16,16,0,False,False,False,EXACT_DERIVED
ternary_sample,6884,9,16,16,16,16,0,False,False,False,EXACT_DERIVED
ternary_sample,6885,9,16,16,16,16,0,False,False,False,EXACT_DERIVED
ternary_sample,6886,9,16,16,16,16,0,False,False,False,EXACT_DERIVED
ternary_sample,6887,9,16,16,16,16,0,False,False,False,EXACT_DERIVED
ternary_sample,6888,9,16,16,16,16,0,False,False,False,EXACT_DERIVED
ternary_sample,6889,9,16,16,16,16,0,False,False,False,EXACT_DERIVED
ternary_sample,6890,9,16,16,16,16,0,False,False,False,EXACT_DERIVED
ternary_sample,6891,9,16,16,16,16,0,False,False,False,EXACT_DERIVED
ternary_sample,6892,9,16,16,16,16,0,False,False,False,EXACT_DERIVED
ternary_sample,6893,9,16,16,16,16,0,False,False,False,EXACT_DERIVED
ternary_sample,6894,9,16,16,16,16,0,False,False,False,EXACT_DERIVED
ternary_sample,6895,9,16,16,16,16,0,False,False,False,EXACT_DERIVED
ternary_sample,6896,9,14,16,16,16,0,False,False,False,EXACT_DERIVED
ternary_sample,6897,9,16,16,16,16,0,False,False,False,EXACT_DERIVED
ternary_sample,6898,9,14,16,16,16,0,False,False,False,EXACT_DERIVED
ternary_sample,6899,9,16,16,16,16,0,False,False,False,EXACT_DERIVED
ternary_sample,6900,9,16,16,16,16,0,False,False,False,EXACT_DERIVED
ternary_sample,6901,9,16,16,16,16,0,False,False,False,EXACT_DERIVED
ternary_sample,6902,9,16,16,16,16,0,False,False,False,EXACT_DERIVED
ternary_sample,6903,9,15,16,16,16,0,False,False,False,EXACT_DERIVED
ternary_sample,6904,9,16,16,16,16,0,False,False,False,EXACT_DERIVED
ternary_sample,6905,9,16,16,16,16,0,False,False,False,EXACT_DERIVED
ternary_sample,6906,9,16,16,16,16,0,False,False,False,EXACT_DERIVED
ternary_sample,6907,9,16,16,16,16,0,False,False,False,EXACT_DERIVED
ternary_sample,6908,9,16,16,16,16,0,False,False,False,EXACT_DERIVED
ternary_sample,6909,9,16,16,16,16,0,False,False,False,EXACT_DERIVED
ternary_sample,6910,9,16,16,16,16,0,False,False,False,EXACT_DERIVED
ternary_sample,6911,9,16,16,16,16,0,False,False,False,EXACT_DERIVED
ternary_sample,6912,9,16,16,16,16,0,False,False,False,EXACT_DERIVED
ternary_sample,6913,9,16,16,16,16,0,False,False,False,EXACT_DERIVED
ternary_sample,6914,9,16,16,16,16,0,False,False,False,EXACT_DERIVED
ternary_sample,6915,9,16,16,16,16,0,False,False,False,EXACT_DERIVED
ternary_sample,6916,9,16,16,16,16,0,False,False,False,EXACT_DERIVED
ternary_sample,6917,9,16,16,16,16,0,False,False,False,EXACT_DERIVED
ternary_sample,6918,9,16,16,16,16,0,False,False,False,EXACT_DERIVED
ternary_sample,6919,9,16,16,16,16,0,False,False,False,EXACT_DERIVED
ternary_sample,6920,9,16,16,16,16,0,False,False,False,EXACT_DERIVED
ternary_sample,6921,9,16,16,16,16,0,False,False,False,EXACT_DERIVED
ternary_sample,6922,9,16,16,16,16,0,False,False,False,EXACT_DERIVED
ternary_sample,6923,9,16,16,16,16,0,False,False,False,EXACT_DERIVED
ternary_sample,6924,9,16,16,16,16,0,False,False,False,EXACT_DERIVED
ternary_sample,6925,9,16,16,16,16,0,False,False,False,EXACT_DERIVED
ternary_sample,6926,9,16,16,16,16,0,False,False,False,EXACT_DERIVED
ternary_sample,6927,9,16,16,16,16,0,False,False,False,EXACT_DERIVED
ternary_sample,6928,9,16,16,16,16,0,False,False,False,EXACT_DERIVED
ternary_sample,6929,9,16,16,16,16,0,False,False,False,EXACT_DERIVED
ternary_sample,6930,9,16,16,16,16,0,False,False,False,EXACT_DERIVED
ternary_sample,6931,9,16,16,16,16,0,False,False,False,EXACT_DERIVED
ternary_sample,6932,9,16,16,16,16,0,False,False,False,EXACT_DERIVED
ternary_sample,6933,9,16,16,16,16,0,False,False,False,EXACT_DERIVED
ternary_sample,6934,9,16,16,16,16,0,False,False,False,EXACT_DERIVED
ternary_sample,6935,9,16,16,16,16,0,False,False,False,EXACT_DERIVED
ternary_sample,6936,9,16,16,16,16,0,False,False,False,EXACT_DERIVED
ternary_sample,6937,9,16,16,16,16,0,False,False,False,EXACT_DERIVED
ternary_sample,6938,9,15,16,16,16,0,False,False,False,EXACT_DERIVED
ternary_sample,6939,9,15,16,16,16,0,False,False,False,EXACT_DERIVED
ternary_sample,6940,9,15,16,16,16,0,False,False,False,EXACT_DERIVED
ternary_sample,6941,9,16,16,16,16,0,False,False,False,EXACT_DERIVED
ternary_sample,6942,9,16,16,16,16,0,False,False,False,EXACT_DERIVED
ternary_sample,6943,9,15,16,16,16,0,False,False,False,EXACT_DERIVED
ternary_sample,6944,9,16,16,16,16,0,False,False,False,EXACT_DERIVED
ternary_sample,6945,9,15,16,16,16,0,False,False,False,EXACT_DERIVED
ternary_sample,6946,9,16,16,16,16,0,False,False,False,EXACT_DERIVED
ternary_sample,6947,9,16,16,16,16,0,False,False,False,EXACT_DERIVED
ternary_sample,6948,9,16,16,16,16,0,False,False,False,EXACT_DERIVED
ternary_sample,6949,9,16,16,16,16,0,False,False,False,EXACT_DERIVED
ternary_sample,6950,9,16,16,16,16,0,False,False,False,EXACT_DERIVED
ternary_sample,6951,9,14,16,16,16,0,False,False,False,EXACT_DERIVED
ternary_sample,6952,9,16,16,16,16,0,False,False,False,EXACT_DERIVED
ternary_sample,6953,9,15,16,16,16,0,False,False,False,EXACT_DERIVED
ternary_sample,6954,9,16,16,16,16,0,False,False,False,EXACT_DERIVED
ternary_sample,6955,9,16,16,16,16,0,False,False,False,EXACT_DERIVED
ternary_sample,6956,9,16,16,16,16,0,False,False,False,EXACT_DERIVED
ternary_sample,6957,9,15,16,16,16,0,False,False,False,EXACT_DERIVED
ternary_sample,6958,9,14,16,16,16,0,False,False,False,EXACT_DERIVED
ternary_sample,6959,9,16,16,16,16,0,False,False,False,EXACT_DERIVED
ternary_sample,6960,9,16,16,16,16,0,False,False,False,EXACT_DERIVED
ternary_sample,6961,9,16,16,16,16,0,False,False,False,EXACT_DERIVED
ternary_sample,6962,9,16,16,16,16,0,False,False,False,EXACT_DERIVED
ternary_sample,6963,9,15,16,16,16,0,False,False,False,EXACT_DERIVED
ternary_sample,6964,9,16,16,16,16,0,False,False,False,EXACT_DERIVED
ternary_sample,6965,9,16,16,16,16,0,False,False,False,EXACT_DERIVED
ternary_sample,6966,9,16,16,16,16,0,False,False,False,EXACT_DERIVED
ternary_sample,6967,9,16,16,16,16,0,False,False,False,EXACT_DERIVED
ternary_sample,6968,9,16,16,16,16,0,False,False,False,EXACT_DERIVED
ternary_sample,6969,9,16,16,16,16,0,False,False,False,EXACT_DERIVED
ternary_sample,6970,9,16,16,16,16,0,False,False,False,EXACT_DERIVED
ternary_sample,6971,9,15,16,16,16,0,False,False,False,EXACT_DERIVED
ternary_sample,6972,9,16,16,16,16,0,False,False,False,EXACT_DERIVED
ternary_sample,6973,9,16,16,16,16,0,False,False,False,EXACT_DERIVED
ternary_sample,6974,9,16,16,16,16,0,False,False,False,EXACT_DERIVED
ternary_sample,6975,9,15,16,16,16,0,False,False,False,EXACT_DERIVED
ternary_sample,6976,9,16,16,16,16,0,False,False,False,EXACT_DERIVED
ternary_sample,6977,9,16,16,16,16,0,False,False,False,EXACT_DERIVED
ternary_sample,6978,9,16,16,16,16,0,False,False,False,EXACT_DERIVED
ternary_sample,6979,9,15,16,16,16,0,False,False,False,EXACT_DERIVED
ternary_sample,6980,9,15,16,16,16,0,False,False,False,EXACT_DERIVED
ternary_sample,6981,9,16,16,16,16,0,False,False,False,EXACT_DERIVED
ternary_sample,6982,9,16,16,16,16,0,False,False,False,EXACT_DERIVED
ternary_sample,6983,9,16,16,16,16,0,False,False,False,EXACT_DERIVED
ternary_sample,6984,9,15,16,16,16,0,False,False,False,EXACT_DERIVED
ternary_sample,6985,9,16,16,16,16,0,False,False,False,EXACT_DERIVED
ternary_sample,6986,9,16,16,16,16,0,False,False,False,EXACT_DERIVED
ternary_sample,6987,9,16,16,16,16,0,False,False,False,EXACT_DERIVED
ternary_sample,6988,9,16,16,16,16,0,False,False,False,EXACT_DERIVED
ternary_sample,6989,9,15,16,16,16,0,False,False,False,EXACT_DERIVED
ternary_sample,6990,9,16,16,16,16,0,False,False,False,EXACT_DERIVED
ternary_sample,6991,9,16,16,16,16,0,False,False,False,EXACT_DERIVED
ternary_sample,6992,9,16,16,16,16,0,False,False,False,EXACT_DERIVED
ternary_sample,6993,9,15,16,16,16,0,False,False,False,EXACT_DERIVED
ternary_sample,6994,9,15,16,16,16,0,False,False,False,EXACT_DERIVED
ternary_sample,6995,9,16,16,16,16,0,False,False,False,EXACT_DERIVED
ternary_sample,6996,9,16,16,16,16,0,False,False,False,EXACT_DERIVED
ternary_sample,6997,9,16,16,16,16,0,False,False,False,EXACT_DERIVED
ternary_sample,6998,9,16,16,16,16,0,False,False,False,EXACT_DERIVED
ternary_sample,6999,9,16,16,16,16,0,False,False,False,EXACT_DERIVED
ternary_sample,7000,9,16,16,16,16,0,False,False,False,EXACT_DERIVED
ternary_sample,7001,9,16,16,16,16,0,False,False,False,EXACT_DERIVED
ternary_sample,7002,9,16,16,16,16,0,False,False,False,EXACT_DERIVED
ternary_sample,7003,9,16,16,16,16,0,False,False,False,EXACT_DERIVED
ternary_sample,7004,9,16,16,16,16,0,False,False,False,EXACT_DERIVED
ternary_sample,7005,9,16,16,16,16,0,False,False,False,EXACT_DERIVED
ternary_sample,7006,9,16,16,16,16,0,False,False,False,EXACT_DERIVED
ternary_sample,7007,9,16,16,16,16,0,False,False,False,EXACT_DERIVED
ternary_sample,7008,9,16,16,16,16,0,False,False,False,EXACT_DERIVED
ternary_sample,7009,9,16,16,16,16,0,False,False,False,EXACT_DERIVED
ternary_sample,7010,9,15,16,16,16,0,False,False,False,EXACT_DERIVED
ternary_sample,7011,9,16,16,16,16,0,False,False,False,EXACT_DERIVED
ternary_sample,7012,9,16,16,16,16,0,False,False,False,EXACT_DERIVED
ternary_sample,7013,9,16,16,16,16,0,False,False,False,EXACT_DERIVED
ternary_sample,7014,9,16,16,16,16,0,False,False,False,EXACT_DERIVED
ternary_sample,7015,9,16,16,16,16,0,False,False,False,EXACT_DERIVED
ternary_sample,7016,9,15,16,16,16,0,False,False,False,EXACT_DERIVED
ternary_sample,7017,9,16,16,16,16,0,False,False,False,EXACT_DERIVED
ternary_sample,7018,9,15,16,16,16,0,False,False,False,EXACT_DERIVED
ternary_sample,7019,9,16,16,16,16,0,False,False,False,EXACT_DERIVED
ternary_sample,7020,9,13,15,16,16,0,False,False,False,EXACT_DERIVED
ternary_sample,7021,9,16,16,16,16,0,False,False,False,EXACT_DERIVED
ternary_sample,7022,9,15,16,16,16,0,False,False,False,EXACT_DERIVED
ternary_sample,7023,9,16,16,16,16,0,False,False,False,EXACT_DERIVED
ternary_sample,7024,9,15,16,16,16,0,False,False,False,EXACT_DERIVED
ternary_sample,7025,9,15,16,16,16,0,False,False,False,EXACT_DERIVED
ternary_sample,7026,9,16,16,16,16,0,False,False,False,EXACT_DERIVED
ternary_sample,7027,9,16,16,16,16,0,False,False,False,EXACT_DERIVED
ternary_sample,7028,9,16,16,16,16,0,False,False,False,EXACT_DERIVED
ternary_sample,7029,9,16,16,16,16,0,False,False,False,EXACT_DERIVED
ternary_sample,7030,9,16,16,16,16,0,False,False,False,EXACT_DERIVED
ternary_sample,7031,9,16,16,16,16,0,False,False,False,EXACT_DERIVED
ternary_sample,7032,9,16,16,16,16,0,False,False,False,EXACT_DERIVED
ternary_sample,7033,9,16,16,16,16,0,False,False,False,EXACT_DERIVED
ternary_sample,7034,9,16,16,16,16,0,False,False,False,EXACT_DERIVED
ternary_sample,7035,9,16,16,16,16,0,False,False,False,EXACT_DERIVED
ternary_sample,7036,9,16,16,16,16,0,False,False,False,EXACT_DERIVED
ternary_sample,7037,9,16,16,16,16,0,False,False,False,EXACT_DERIVED
ternary_sample,7038,9,16,16,16,16,0,False,False,False,EXACT_DERIVED
ternary_sample,7039,9,16,16,16,16,0,False,False,False,EXACT_DERIVED
ternary_sample,7040,9,15,16,16,16,0,False,False,False,EXACT_DERIVED
ternary_sample,7041,9,16,16,16,16,0,False,False,False,EXACT_DERIVED
ternary_sample,7042,9,16,16,16,16,0,False,False,False,EXACT_DERIVED
ternary_sample,7043,9,16,16,16,16,0,False,False,False,EXACT_DERIVED
ternary_sample,7044,9,16,16,16,16,0,False,False,False,EXACT_DERIVED
ternary_sample,7045,9,16,16,16,16,0,False,False,False,EXACT_DERIVED
ternary_sample,7046,9,16,16,16,16,0,False,False,False,EXACT_DERIVED
ternary_sample,7047,9,14,16,16,16,0,False,False,False,EXACT_DERIVED
ternary_sample,7048,9,16,16,16,16,0,False,False,False,EXACT_DERIVED
ternary_sample,7049,9,15,16,16,16,0,False,False,False,EXACT_DERIVED
ternary_sample,7050,9,16,16,16,16,0,False,False,False,EXACT_DERIVED
ternary_sample,7051,9,16,16,16,16,0,False,False,False,EXACT_DERIVED
ternary_sample,7052,9,16,16,16,16,0,False,False,False,EXACT_DERIVED
ternary_sample,7053,9,16,16,16,16,0,False,False,False,EXACT_DERIVED
ternary_sample,7054,9,16,16,16,16,0,False,False,False,EXACT_DERIVED
ternary_sample,7055,9,16,16,16,16,0,False,False,False,EXACT_DERIVED
ternary_sample,7056,9,16,16,16,16,0,False,False,False,EXACT_DERIVED
ternary_sample,7057,9,15,16,16,16,0,False,False,False,EXACT_DERIVED
ternary_sample,7058,9,16,16,16,16,0,False,False,False,EXACT_DERIVED
ternary_sample,7059,9,16,16,16,16,0,False,False,False,EXACT_DERIVED
ternary_sample,7060,9,16,16,16,16,0,False,False,False,EXACT_DERIVED
ternary_sample,7061,9,16,16,16,16,0,False,False,False,EXACT_DERIVED
ternary_sample,7062,9,16,16,16,16,0,False,False,False,EXACT_DERIVED
ternary_sample,7063,9,15,16,16,16,0,False,False,False,EXACT_DERIVED
ternary_sample,7064,9,15,16,16,16,0,False,False,False,EXACT_DERIVED
ternary_sample,7065,9,16,16,16,16,0,False,False,False,EXACT_DERIVED
ternary_sample,7066,9,16,16,16,16,0,False,False,False,EXACT_DERIVED
ternary_sample,7067,9,15,16,16,16,0,False,False,False,EXACT_DERIVED
ternary_sample,7068,9,16,16,16,16,0,False,False,False,EXACT_DERIVED
ternary_sample,7069,9,16,16,16,16,0,False,False,False,EXACT_DERIVED
ternary_sample,7070,9,16,16,16,16,0,False,False,False,EXACT_DERIVED
ternary_sample,7071,9,16,16,16,16,0,False,False,False,EXACT_DERIVED
ternary_sample,7072,9,16,16,16,16,0,False,False,False,EXACT_DERIVED
ternary_sample,7073,9,16,16,16,16,0,False,False,False,EXACT_DERIVED
ternary_sample,7074,9,16,16,16,16,0,False,False,False,EXACT_DERIVED
ternary_sample,7075,9,16,16,16,16,0,False,False,False,EXACT_DERIVED
ternary_sample,7076,9,16,16,16,16,0,False,False,False,EXACT_DERIVED
ternary_sample,7077,9,16,16,16,16,0,False,False,False,EXACT_DERIVED
ternary_sample,7078,9,15,16,16,16,0,False,False,False,EXACT_DERIVED
ternary_sample,7079,9,15,16,16,16,0,False,False,False,EXACT_DERIVED
ternary_sample,7080,9,14,16,16,16,0,False,False,False,EXACT_DERIVED
ternary_sample,7081,9,16,16,16,16,0,False,False,False,EXACT_DERIVED
ternary_sample,7082,9,16,16,16,16,0,False,False,False,EXACT_DERIVED
ternary_sample,7083,9,16,16,16,16,0,False,False,False,EXACT_DERIVED
ternary_sample,7084,9,16,16,16,16,0,False,False,False,EXACT_DERIVED
ternary_sample,7085,9,16,16,16,16,0,False,False,False,EXACT_DERIVED
ternary_sample,7086,9,15,16,16,16,0,False,False,False,EXACT_DERIVED
ternary_sample,7087,9,16,16,16,16,0,False,False,False,EXACT_DERIVED
ternary_sample,7088,9,16,16,16,16,0,False,False,False,EXACT_DERIVED
ternary_sample,7089,9,16,16,16,16,0,False,False,False,EXACT_DERIVED
ternary_sample,7090,9,16,16,16,16,0,False,False,False,EXACT_DERIVED
ternary_sample,7091,9,16,16,16,16,0,False,False,False,EXACT_DERIVED
ternary_sample,7092,9,16,16,16,16,0,False,False,False,EXACT_DERIVED
ternary_sample,7093,9,16,16,16,16,0,False,False,False,EXACT_DERIVED
ternary_sample,7094,9,14,16,16,16,0,False,False,False,EXACT_DERIVED
ternary_sample,7095,9,16,16,16,16,0,False,False,False,EXACT_DERIVED
ternary_sample,7096,9,16,16,16,16,0,False,False,False,EXACT_DERIVED
ternary_sample,7097,9,16,16,16,16,0,False,False,False,EXACT_DERIVED
ternary_sample,7098,9,16,16,16,16,0,False,False,False,EXACT_DERIVED
ternary_sample,7099,9,16,16,16,16,0,False,False,False,EXACT_DERIVED
ternary_sample,7100,9,16,16,16,16,0,False,False,False,EXACT_DERIVED
ternary_sample,7101,9,16,16,16,16,0,False,False,False,EXACT_DERIVED
ternary_sample,7102,9,16,16,16,16,0,False,False,False,EXACT_DERIVED
ternary_sample,7103,9,16,16,16,16,0,False,False,False,EXACT_DERIVED
ternary_sample,7104,9,15,16,16,16,0,False,False,False,EXACT_DERIVED
ternary_sample,7105,9,16,16,16,16,0,False,False,False,EXACT_DERIVED
ternary_sample,7106,9,16,16,16,16,0,False,False,False,EXACT_DERIVED
ternary_sample,7107,9,16,16,16,16,0,False,False,False,EXACT_DERIVED
ternary_sample,7108,9,16,16,16,16,0,False,False,False,EXACT_DERIVED
ternary_sample,7109,9,16,16,16,16,0,False,False,False,EXACT_DERIVED
ternary_sample,7110,9,16,16,16,16,0,False,False,False,EXACT_DERIVED
ternary_sample,7111,9,16,16,16,16,0,False,False,False,EXACT_DERIVED
ternary_sample,7112,9,15,16,16,16,0,False,False,False,EXACT_DERIVED
ternary_sample,7113,9,16,16,16,16,0,False,False,False,EXACT_DERIVED
ternary_sample,7114,9,16,16,16,16,0,False,False,False,EXACT_DERIVED
ternary_sample,7115,9,15,16,16,16,0,False,False,False,EXACT_DERIVED
ternary_sample,7116,9,16,16,16,16,0,False,False,False,EXACT_DERIVED
ternary_sample,7117,9,16,16,16,16,0,False,False,False,EXACT_DERIVED
ternary_sample,7118,9,15,16,16,16,0,False,False,False,EXACT_DERIVED
ternary_sample,7119,9,16,16,16,16,0,False,False,False,EXACT_DERIVED
ternary_sample,7120,9,16,16,16,16,0,False,False,False,EXACT_DERIVED
ternary_sample,7121,9,16,16,16,16,0,False,False,False,EXACT_DERIVED
ternary_sample,7122,9,16,16,16,16,0,False,False,False,EXACT_DERIVED
ternary_sample,7123,9,16,16,16,16,0,False,False,False,EXACT_DERIVED
ternary_sample,7124,9,16,16,16,16,0,False,False,False,EXACT_DERIVED
ternary_sample,7125,9,16,16,16,16,0,False,False,False,EXACT_DERIVED
ternary_sample,7126,9,16,16,16,16,0,False,False,False,EXACT_DERIVED
ternary_sample,7127,9,16,16,16,16,0,False,False,False,EXACT_DERIVED
ternary_sample,7128,9,16,16,16,16,0,False,False,False,EXACT_DERIVED
ternary_sample,7129,9,16,16,16,16,0,False,False,False,EXACT_DERIVED
ternary_sample,7130,9,16,16,16,16,0,False,False,False,EXACT_DERIVED
ternary_sample,7131,9,16,16,16,16,0,False,False,False,EXACT_DERIVED
ternary_sample,7132,9,16,16,16,16,0,False,False,False,EXACT_DERIVED
ternary_sample,7133,9,16,16,16,16,0,False,False,False,EXACT_DERIVED
ternary_sample,7134,9,16,16,16,16,0,False,False,False,EXACT_DERIVED
ternary_sample,7135,9,16,16,16,16,0,False,False,False,EXACT_DERIVED
ternary_sample,7136,9,15,16,16,16,0,False,False,False,EXACT_DERIVED
ternary_sample,7137,9,14,16,16,16,0,False,False,False,EXACT_DERIVED
ternary_sample,7138,9,15,16,16,16,0,False,False,False,EXACT_DERIVED
ternary_sample,7139,9,15,16,16,16,0,False,False,False,EXACT_DERIVED
ternary_sample,7140,9,16,16,16,16,0,False,False,False,EXACT_DERIVED
ternary_sample,7141,9,15,16,16,16,0,False,False,False,EXACT_DERIVED
ternary_sample,7142,9,16,16,16,16,0,False,False,False,EXACT_DERIVED
ternary_sample,7143,9,16,16,16,16,0,False,False,False,EXACT_DERIVED
ternary_sample,7144,9,15,16,16,16,0,False,False,False,EXACT_DERIVED
ternary_sample,7145,9,16,16,16,16,0,False,False,False,EXACT_DERIVED
ternary_sample,7146,9,16,16,16,16,0,False,False,False,EXACT_DERIVED
ternary_sample,7147,9,16,16,16,16,0,False,False,False,EXACT_DERIVED
ternary_sample,7148,9,15,16,16,16,0,False,False,False,EXACT_DERIVED
ternary_sample,7149,9,16,16,16,16,0,False,False,False,EXACT_DERIVED
ternary_sample,7150,9,16,16,16,16,0,False,False,False,EXACT_DERIVED
ternary_sample,7151,9,16,16,16,16,0,False,False,False,EXACT_DERIVED
ternary_sample,7152,9,16,16,16,16,0,False,False,False,EXACT_DERIVED
ternary_sample,7153,9,15,16,16,16,0,False,False,False,EXACT_DERIVED
ternary_sample,7154,9,16,16,16,16,0,False,False,False,EXACT_DERIVED
ternary_sample,7155,9,16,16,16,16,0,False,False,False,EXACT_DERIVED
ternary_sample,7156,9,16,16,16,16,0,False,False,False,EXACT_DERIVED
ternary_sample,7157,9,16,16,16,16,0,False,False,False,EXACT_DERIVED
ternary_sample,7158,9,16,16,16,16,0,False,False,False,EXACT_DERIVED
ternary_sample,7159,9,16,16,16,16,0,False,False,False,EXACT_DERIVED
ternary_sample,7160,9,16,16,16,16,0,False,False,False,EXACT_DERIVED
ternary_sample,7161,9,16,16,16,16,0,False,False,False,EXACT_DERIVED
ternary_sample,7162,9,15,16,16,16,0,False,False,False,EXACT_DERIVED
ternary_sample,7163,9,16,16,16,16,0,False,False,False,EXACT_DERIVED
ternary_sample,7164,9,16,16,16,16,0,False,False,False,EXACT_DERIVED
ternary_sample,7165,9,16,16,16,16,0,False,False,False,EXACT_DERIVED
ternary_sample,7166,9,16,16,16,16,0,False,False,False,EXACT_DERIVED
ternary_sample,7167,9,16,16,16,16,0,False,False,False,EXACT_DERIVED
ternary_sample,7168,9,16,16,16,16,0,False,False,False,EXACT_DERIVED
ternary_sample,7169,9,15,16,16,16,0,False,False,False,EXACT_DERIVED
ternary_sample,7170,9,16,16,16,16,0,False,False,False,EXACT_DERIVED
ternary_sample,7171,9,16,16,16,16,0,False,False,False,EXACT_DERIVED
ternary_sample,7172,9,16,16,16,16,0,False,False,False,EXACT_DERIVED
ternary_sample,7173,9,16,16,16,16,0,False,False,False,EXACT_DERIVED
ternary_sample,7174,9,15,16,16,16,0,False,False,False,EXACT_DERIVED
ternary_sample,7175,9,16,16,16,16,0,False,False,False,EXACT_DERIVED
ternary_sample,7176,9,16,16,16,16,0,False,False,False,EXACT_DERIVED
ternary_sample,7177,9,16,16,16,16,0,False,False,False,EXACT_DERIVED
ternary_sample,7178,9,16,16,16,16,0,False,False,False,EXACT_DERIVED
ternary_sample,7179,9,15,16,16,16,0,False,False,False,EXACT_DERIVED
ternary_sample,7180,9,16,16,16,16,0,False,False,False,EXACT_DERIVED
ternary_sample,7181,9,16,16,16,16,0,False,False,False,EXACT_DERIVED
ternary_sample,7182,9,16,16,16,16,0,False,False,False,EXACT_DERIVED
ternary_sample,7183,9,16,16,16,16,0,False,False,False,EXACT_DERIVED
ternary_sample,7184,9,16,16,16,16,0,False,False,False,EXACT_DERIVED
ternary_sample,7185,9,14,16,16,16,0,False,False,False,EXACT_DERIVED
ternary_sample,7186,9,16,16,16,16,0,False,False,False,EXACT_DERIVED
ternary_sample,7187,9,16,16,16,16,0,False,False,False,EXACT_DERIVED
ternary_sample,7188,9,16,16,16,16,0,False,False,False,EXACT_DERIVED
ternary_sample,7189,9,16,16,16,16,0,False,False,False,EXACT_DERIVED
ternary_sample,7190,9,16,16,16,16,0,False,False,False,EXACT_DERIVED
ternary_sample,7191,9,16,16,16,16,0,False,False,False,EXACT_DERIVED
ternary_sample,7192,9,16,16,16,16,0,False,False,False,EXACT_DERIVED
ternary_sample,7193,9,16,16,16,16,0,False,False,False,EXACT_DERIVED
ternary_sample,7194,9,16,16,16,16,0,False,False,False,EXACT_DERIVED
ternary_sample,7195,9,16,16,16,16,0,False,False,False,EXACT_DERIVED
ternary_sample,7196,9,16,16,16,16,0,False,False,False,EXACT_DERIVED
ternary_sample,7197,9,16,16,16,16,0,False,False,False,EXACT_DERIVED
ternary_sample,7198,9,16,16,16,16,0,False,False,False,EXACT_DERIVED
ternary_sample,7199,9,16,16,16,16,0,False,False,False,EXACT_DERIVED
ternary_sample,7200,9,16,16,16,16,0,False,False,False,EXACT_DERIVED
ternary_sample,7201,9,16,16,16,16,0,False,False,False,EXACT_DERIVED
ternary_sample,7202,9,16,16,16,16,0,False,False,False,EXACT_DERIVED
ternary_sample,7203,9,16,16,16,16,0,False,False,False,EXACT_DERIVED
ternary_sample,7204,9,16,16,16,16,0,False,False,False,EXACT_DERIVED
ternary_sample,7205,9,15,16,16,16,0,False,False,False,EXACT_DERIVED
ternary_sample,7206,9,16,16,16,16,0,False,False,False,EXACT_DERIVED
ternary_sample,7207,9,15,16,16,16,0,False,False,False,EXACT_DERIVED
ternary_sample,7208,9,16,16,16,16,0,False,False,False,EXACT_DERIVED
ternary_sample,7209,9,16,16,16,16,0,False,False,False,EXACT_DERIVED
ternary_sample,7210,9,16,16,16,16,0,False,False,False,EXACT_DERIVED
ternary_sample,7211,9,16,16,16,16,0,False,False,False,EXACT_DERIVED
ternary_sample,7212,9,14,16,16,16,0,False,False,False,EXACT_DERIVED
ternary_sample,7213,9,16,16,16,16,0,False,False,False,EXACT_DERIVED
ternary_sample,7214,9,16,16,16,16,0,False,False,False,EXACT_DERIVED
ternary_sample,7215,9,16,16,16,16,0,False,False,False,EXACT_DERIVED
ternary_sample,7216,9,16,16,16,16,0,False,False,False,EXACT_DERIVED
ternary_sample,7217,9,16,16,16,16,0,False,False,False,EXACT_DERIVED
ternary_sample,7218,9,16,16,16,16,0,False,False,False,EXACT_DERIVED
ternary_sample,7219,9,15,16,16,16,0,False,False,False,EXACT_DERIVED
ternary_sample,7220,9,16,16,16,16,0,False,False,False,EXACT_DERIVED
ternary_sample,7221,9,15,16,16,16,0,False,False,False,EXACT_DERIVED
ternary_sample,7222,9,16,16,16,16,0,False,False,False,EXACT_DERIVED
ternary_sample,7223,9,15,16,16,16,0,False,False,False,EXACT_DERIVED
ternary_sample,7224,9,16,16,16,16,0,False,False,False,EXACT_DERIVED
ternary_sample,7225,9,16,16,16,16,0,False,False,False,EXACT_DERIVED
ternary_sample,7226,9,16,16,16,16,0,False,False,False,EXACT_DERIVED
ternary_sample,7227,9,16,16,16,16,0,False,False,False,EXACT_DERIVED
ternary_sample,7228,9,16,16,16,16,0,False,False,False,EXACT_DERIVED
ternary_sample,7229,9,16,16,16,16,0,False,False,False,EXACT_DERIVED
ternary_sample,7230,9,13,16,16,16,0,False,False,False,EXACT_DERIVED
ternary_sample,7231,9,16,16,16,16,0,False,False,False,EXACT_DERIVED
ternary_sample,7232,9,15,16,16,16,0,False,False,False,EXACT_DERIVED
ternary_sample,7233,9,16,16,16,16,0,False,False,False,EXACT_DERIVED
ternary_sample,7234,9,16,16,16,16,0,False,False,False,EXACT_DERIVED
ternary_sample,7235,9,16,16,16,16,0,False,False,False,EXACT_DERIVED
ternary_sample,7236,9,16,16,16,16,0,False,False,False,EXACT_DERIVED
ternary_sample,7237,9,15,16,16,16,0,False,False,False,EXACT_DERIVED
ternary_sample,7238,9,16,16,16,16,0,False,False,False,EXACT_DERIVED
ternary_sample,7239,9,16,16,16,16,0,False,False,False,EXACT_DERIVED
ternary_sample,7240,9,16,16,16,16,0,False,False,False,EXACT_DERIVED
ternary_sample,7241,9,16,16,16,16,0,False,False,False,EXACT_DERIVED
ternary_sample,7242,9,16,16,16,16,0,False,False,False,EXACT_DERIVED
ternary_sample,7243,9,16,16,16,16,0,False,False,False,EXACT_DERIVED
ternary_sample,7244,9,16,16,16,16,0,False,False,False,EXACT_DERIVED
ternary_sample,7245,9,15,16,16,16,0,False,False,False,EXACT_DERIVED
ternary_sample,7246,9,16,16,16,16,0,False,False,False,EXACT_DERIVED
ternary_sample,7247,9,16,16,16,16,0,False,False,False,EXACT_DERIVED
ternary_sample,7248,9,15,16,16,16,0,False,False,False,EXACT_DERIVED
ternary_sample,7249,9,16,16,16,16,0,False,False,False,EXACT_DERIVED
ternary_sample,7250,9,16,16,16,16,0,False,False,False,EXACT_DERIVED
ternary_sample,7251,9,16,16,16,16,0,False,False,False,EXACT_DERIVED
ternary_sample,7252,9,16,16,16,16,0,False,False,False,EXACT_DERIVED
ternary_sample,7253,9,16,16,16,16,0,False,False,False,EXACT_DERIVED
ternary_sample,7254,9,16,16,16,16,0,False,False,False,EXACT_DERIVED
ternary_sample,7255,9,16,16,16,16,0,False,False,False,EXACT_DERIVED
ternary_sample,7256,9,16,16,16,16,0,False,False,False,EXACT_DERIVED
ternary_sample,7257,9,16,16,16,16,0,False,False,False,EXACT_DERIVED
ternary_sample,7258,9,16,16,16,16,0,False,False,False,EXACT_DERIVED
ternary_sample,7259,9,16,16,16,16,0,False,False,False,EXACT_DERIVED
ternary_sample,7260,9,16,16,16,16,0,False,False,False,EXACT_DERIVED
ternary_sample,7261,9,15,16,16,16,0,False,False,False,EXACT_DERIVED
ternary_sample,7262,9,16,16,16,16,0,False,False,False,EXACT_DERIVED
ternary_sample,7263,9,16,16,16,16,0,False,False,False,EXACT_DERIVED
ternary_sample,7264,9,16,16,16,16,0,False,False,False,EXACT_DERIVED
ternary_sample,7265,9,16,16,16,16,0,False,False,False,EXACT_DERIVED
ternary_sample,7266,9,16,16,16,16,0,False,False,False,EXACT_DERIVED
ternary_sample,7267,9,15,16,16,16,0,False,False,False,EXACT_DERIVED
ternary_sample,7268,9,15,16,16,16,0,False,False,False,EXACT_DERIVED
ternary_sample,7269,9,16,16,16,16,0,False,False,False,EXACT_DERIVED
ternary_sample,7270,9,16,16,16,16,0,False,False,False,EXACT_DERIVED
ternary_sample,7271,9,15,16,16,16,0,False,False,False,EXACT_DERIVED
ternary_sample,7272,9,16,16,16,16,0,False,False,False,EXACT_DERIVED
ternary_sample,7273,9,14,16,16,16,0,False,False,False,EXACT_DERIVED
ternary_sample,7274,9,16,16,16,16,0,False,False,False,EXACT_DERIVED
ternary_sample,7275,9,16,16,16,16,0,False,False,False,EXACT_DERIVED
ternary_sample,7276,9,16,16,16,16,0,False,False,False,EXACT_DERIVED
ternary_sample,7277,9,16,16,16,16,0,False,False,False,EXACT_DERIVED
ternary_sample,7278,9,16,16,16,16,0,False,False,False,EXACT_DERIVED
ternary_sample,7279,9,15,16,16,16,0,False,False,False,EXACT_DERIVED
ternary_sample,7280,9,16,16,16,16,0,False,False,False,EXACT_DERIVED
ternary_sample,7281,9,16,16,16,16,0,False,False,False,EXACT_DERIVED
ternary_sample,7282,9,16,16,16,16,0,False,False,False,EXACT_DERIVED
ternary_sample,7283,9,16,16,16,16,0,False,False,False,EXACT_DERIVED
ternary_sample,7284,9,16,16,16,16,0,False,False,False,EXACT_DERIVED
ternary_sample,7285,9,16,16,16,16,0,False,False,False,EXACT_DERIVED
ternary_sample,7286,9,15,16,16,16,0,False,False,False,EXACT_DERIVED
ternary_sample,7287,9,15,16,16,16,0,False,False,False,EXACT_DERIVED
ternary_sample,7288,9,16,16,16,16,0,False,False,False,EXACT_DERIVED
ternary_sample,7289,9,16,16,16,16,0,False,False,False,EXACT_DERIVED
ternary_sample,7290,9,16,16,16,16,0,False,False,False,EXACT_DERIVED
ternary_sample,7291,9,16,16,16,16,0,False,False,False,EXACT_DERIVED
ternary_sample,7292,9,16,16,16,16,0,False,False,False,EXACT_DERIVED
ternary_sample,7293,9,16,16,16,16,0,False,False,False,EXACT_DERIVED
ternary_sample,7294,9,16,16,16,16,0,False,False,False,EXACT_DERIVED
ternary_sample,7295,9,16,16,16,16,0,False,False,False,EXACT_DERIVED
ternary_sample,7296,9,16,16,16,16,0,False,False,False,EXACT_DERIVED
ternary_sample,7297,9,15,16,16,16,0,False,False,False,EXACT_DERIVED
ternary_sample,7298,9,16,16,16,16,0,False,False,False,EXACT_DERIVED
ternary_sample,7299,9,16,16,16,16,0,False,False,False,EXACT_DERIVED
ternary_sample,7300,9,15,16,16,16,0,False,False,False,EXACT_DERIVED
ternary_sample,7301,9,16,16,16,16,0,False,False,False,EXACT_DERIVED
ternary_sample,7302,9,16,16,16,16,0,False,False,False,EXACT_DERIVED
ternary_sample,7303,9,16,16,16,16,0,False,False,False,EXACT_DERIVED
ternary_sample,7304,9,16,16,16,16,0,False,False,False,EXACT_DERIVED
ternary_sample,7305,9,15,16,16,16,0,False,False,False,EXACT_DERIVED
ternary_sample,7306,9,15,16,16,16,0,False,False,False,EXACT_DERIVED
ternary_sample,7307,9,16,16,16,16,0,False,False,False,EXACT_DERIVED
ternary_sample,7308,9,16,16,16,16,0,False,False,False,EXACT_DERIVED
ternary_sample,7309,9,15,16,16,16,0,False,False,False,EXACT_DERIVED
ternary_sample,7310,9,16,16,16,16,0,False,False,False,EXACT_DERIVED
ternary_sample,7311,9,16,16,16,16,0,False,False,False,EXACT_DERIVED
ternary_sample,7312,9,15,16,16,16,0,False,False,False,EXACT_DERIVED
ternary_sample,7313,9,16,16,16,16,0,False,False,False,EXACT_DERIVED
ternary_sample,7314,9,16,16,16,16,0,False,False,False,EXACT_DERIVED
ternary_sample,7315,9,16,16,16,16,0,False,False,False,EXACT_DERIVED
ternary_sample,7316,9,16,16,16,16,0,False,False,False,EXACT_DERIVED
ternary_sample,7317,9,16,16,16,16,0,False,False,False,EXACT_DERIVED
ternary_sample,7318,9,16,16,16,16,0,False,False,False,EXACT_DERIVED
ternary_sample,7319,9,16,16,16,16,0,False,False,False,EXACT_DERIVED
ternary_sample,7320,9,16,16,16,16,0,False,False,False,EXACT_DERIVED
ternary_sample,7321,9,16,16,16,16,0,False,False,False,EXACT_DERIVED
ternary_sample,7322,9,16,16,16,16,0,False,False,False,EXACT_DERIVED
ternary_sample,7323,9,16,16,16,16,0,False,False,False,EXACT_DERIVED
ternary_sample,7324,9,16,16,16,16,0,False,False,False,EXACT_DERIVED
ternary_sample,7325,9,15,16,16,16,0,False,False,False,EXACT_DERIVED
ternary_sample,7326,9,16,16,16,16,0,False,False,False,EXACT_DERIVED
ternary_sample,7327,9,16,16,16,16,0,False,False,False,EXACT_DERIVED
ternary_sample,7328,9,16,16,16,16,0,False,False,False,EXACT_DERIVED
ternary_sample,7329,9,16,16,16,16,0,False,False,False,EXACT_DERIVED
ternary_sample,7330,9,16,16,16,16,0,False,False,False,EXACT_DERIVED
ternary_sample,7331,9,16,16,16,16,0,False,False,False,EXACT_DERIVED
ternary_sample,7332,9,16,16,16,16,0,False,False,False,EXACT_DERIVED
ternary_sample,7333,9,16,16,16,16,0,False,False,False,EXACT_DERIVED
ternary_sample,7334,9,16,16,16,16,0,False,False,False,EXACT_DERIVED
ternary_sample,7335,9,14,16,16,16,0,False,False,False,EXACT_DERIVED
ternary_sample,7336,9,16,16,16,16,0,False,False,False,EXACT_DERIVED
ternary_sample,7337,9,16,16,16,16,0,False,False,False,EXACT_DERIVED
ternary_sample,7338,9,16,16,16,16,0,False,False,False,EXACT_DERIVED
ternary_sample,7339,9,16,16,16,16,0,False,False,False,EXACT_DERIVED
ternary_sample,7340,9,16,16,16,16,0,False,False,False,EXACT_DERIVED
ternary_sample,7341,9,16,16,16,16,0,False,False,False,EXACT_DERIVED
ternary_sample,7342,9,14,16,16,16,0,False,False,False,EXACT_DERIVED
ternary_sample,7343,9,16,16,16,16,0,False,False,False,EXACT_DERIVED
ternary_sample,7344,9,16,16,16,16,0,False,False,False,EXACT_DERIVED
ternary_sample,7345,9,16,16,16,16,0,False,False,False,EXACT_DERIVED
ternary_sample,7346,9,16,16,16,16,0,False,False,False,EXACT_DERIVED
ternary_sample,7347,9,16,16,16,16,0,False,False,False,EXACT_DERIVED
ternary_sample,7348,9,15,16,16,16,0,False,False,False,EXACT_DERIVED
ternary_sample,7349,9,16,16,16,16,0,False,False,False,EXACT_DERIVED
ternary_sample,7350,9,16,16,16,16,0,False,False,False,EXACT_DERIVED
ternary_sample,7351,9,16,16,16,16,0,False,False,False,EXACT_DERIVED
ternary_sample,7352,9,16,16,16,16,0,False,False,False,EXACT_DERIVED
ternary_sample,7353,9,16,16,16,16,0,False,False,False,EXACT_DERIVED
ternary_sample,7354,9,16,16,16,16,0,False,False,False,EXACT_DERIVED
ternary_sample,7355,9,16,16,16,16,0,False,False,False,EXACT_DERIVED
ternary_sample,7356,9,16,16,16,16,0,False,False,False,EXACT_DERIVED
ternary_sample,7357,9,16,16,16,16,0,False,False,False,EXACT_DERIVED
ternary_sample,7358,9,16,16,16,16,0,False,False,False,EXACT_DERIVED
ternary_sample,7359,9,16,16,16,16,0,False,False,False,EXACT_DERIVED
ternary_sample,7360,9,16,16,16,16,0,False,False,False,EXACT_DERIVED
ternary_sample,7361,9,16,16,16,16,0,False,False,False,EXACT_DERIVED
ternary_sample,7362,9,16,16,16,16,0,False,False,False,EXACT_DERIVED
ternary_sample,7363,9,16,16,16,16,0,False,False,False,EXACT_DERIVED
ternary_sample,7364,9,16,16,16,16,0,False,False,False,EXACT_DERIVED
ternary_sample,7365,9,16,16,16,16,0,False,False,False,EXACT_DERIVED
ternary_sample,7366,9,15,16,16,16,0,False,False,False,EXACT_DERIVED
ternary_sample,7367,9,16,16,16,16,0,False,False,False,EXACT_DERIVED
ternary_sample,7368,9,16,16,16,16,0,False,False,False,EXACT_DERIVED
ternary_sample,7369,9,16,16,16,16,0,False,False,False,EXACT_DERIVED
ternary_sample,7370,9,16,16,16,16,0,False,False,False,EXACT_DERIVED
ternary_sample,7371,9,16,16,16,16,0,False,False,False,EXACT_DERIVED
ternary_sample,7372,9,16,16,16,16,0,False,False,False,EXACT_DERIVED
ternary_sample,7373,9,16,16,16,16,0,False,False,False,EXACT_DERIVED
ternary_sample,7374,9,16,16,16,16,0,False,False,False,EXACT_DERIVED
ternary_sample,7375,9,15,16,16,16,0,False,False,False,EXACT_DERIVED
ternary_sample,7376,9,16,16,16,16,0,False,False,False,EXACT_DERIVED
ternary_sample,7377,9,14,16,16,16,0,False,False,False,EXACT_DERIVED
ternary_sample,7378,9,16,16,16,16,0,False,False,False,EXACT_DERIVED
ternary_sample,7379,9,16,16,16,16,0,False,False,False,EXACT_DERIVED
ternary_sample,7380,9,16,16,16,16,0,False,False,False,EXACT_DERIVED
ternary_sample,7381,9,15,16,16,16,0,False,False,False,EXACT_DERIVED
ternary_sample,7382,9,16,16,16,16,0,False,False,False,EXACT_DERIVED
ternary_sample,7383,9,15,16,16,16,0,False,False,False,EXACT_DERIVED
ternary_sample,7384,9,16,16,16,16,0,False,False,False,EXACT_DERIVED
ternary_sample,7385,9,16,16,16,16,0,False,False,False,EXACT_DERIVED
ternary_sample,7386,9,16,16,16,16,0,False,False,False,EXACT_DERIVED
ternary_sample,7387,9,16,16,16,16,0,False,False,False,EXACT_DERIVED
ternary_sample,7388,9,16,16,16,16,0,False,False,False,EXACT_DERIVED
ternary_sample,7389,9,16,16,16,16,0,False,False,False,EXACT_DERIVED
ternary_sample,7390,9,15,16,16,16,0,False,False,False,EXACT_DERIVED
ternary_sample,7391,9,16,16,16,16,0,False,False,False,EXACT_DERIVED
ternary_sample,7392,9,16,16,16,16,0,False,False,False,EXACT_DERIVED
ternary_sample,7393,9,15,16,16,16,0,False,False,False,EXACT_DERIVED
ternary_sample,7394,9,16,16,16,16,0,False,False,False,EXACT_DERIVED
ternary_sample,7395,9,16,16,16,16,0,False,False,False,EXACT_DERIVED
ternary_sample,7396,9,16,16,16,16,0,False,False,False,EXACT_DERIVED
ternary_sample,7397,9,16,16,16,16,0,False,False,False,EXACT_DERIVED
ternary_sample,7398,9,16,16,16,16,0,False,False,False,EXACT_DERIVED
ternary_sample,7399,9,16,16,16,16,0,False,False,False,EXACT_DERIVED
ternary_sample,7400,9,16,16,16,16,0,False,False,False,EXACT_DERIVED
ternary_sample,7401,9,16,16,16,16,0,False,False,False,EXACT_DERIVED
ternary_sample,7402,9,16,16,16,16,0,False,False,False,EXACT_DERIVED
ternary_sample,7403,9,16,16,16,16,0,False,False,False,EXACT_DERIVED
ternary_sample,7404,9,16,16,16,16,0,False,False,False,EXACT_DERIVED
ternary_sample,7405,9,16,16,16,16,0,False,False,False,EXACT_DERIVED
ternary_sample,7406,9,16,16,16,16,0,False,False,False,EXACT_DERIVED
ternary_sample,7407,9,16,16,16,16,0,False,False,False,EXACT_DERIVED
ternary_sample,7408,9,16,16,16,16,0,False,False,False,EXACT_DERIVED
ternary_sample,7409,9,16,16,16,16,0,False,False,False,EXACT_DERIVED
ternary_sample,7410,9,16,16,16,16,0,False,False,False,EXACT_DERIVED
ternary_sample,7411,9,16,16,16,16,0,False,False,False,EXACT_DERIVED
ternary_sample,7412,9,16,16,16,16,0,False,False,False,EXACT_DERIVED
ternary_sample,7413,9,15,16,16,16,0,False,False,False,EXACT_DERIVED
ternary_sample,7414,9,16,16,16,16,0,False,False,False,EXACT_DERIVED
ternary_sample,7415,9,15,16,16,16,0,False,False,False,EXACT_DERIVED
ternary_sample,7416,9,16,16,16,16,0,False,False,False,EXACT_DERIVED
ternary_sample,7417,9,16,16,16,16,0,False,False,False,EXACT_DERIVED
ternary_sample,7418,9,15,16,16,16,0,False,False,False,EXACT_DERIVED
ternary_sample,7419,9,16,16,16,16,0,False,False,False,EXACT_DERIVED
ternary_sample,7420,9,16,16,16,16,0,False,False,False,EXACT_DERIVED
ternary_sample,7421,9,16,16,16,16,0,False,False,False,EXACT_DERIVED
ternary_sample,7422,9,15,16,16,16,0,False,False,False,EXACT_DERIVED
ternary_sample,7423,9,16,16,16,16,0,False,False,False,EXACT_DERIVED
ternary_sample,7424,9,16,16,16,16,0,False,False,False,EXACT_DERIVED
ternary_sample,7425,9,16,16,16,16,0,False,False,False,EXACT_DERIVED
ternary_sample,7426,9,15,16,16,16,0,False,False,False,EXACT_DERIVED
ternary_sample,7427,9,16,16,16,16,0,False,False,False,EXACT_DERIVED
ternary_sample,7428,9,16,16,16,16,0,False,False,False,EXACT_DERIVED
ternary_sample,7429,9,16,16,16,16,0,False,False,False,EXACT_DERIVED
ternary_sample,7430,9,16,16,16,16,0,False,False,False,EXACT_DERIVED
ternary_sample,7431,9,16,16,16,16,0,False,False,False,EXACT_DERIVED
ternary_sample,7432,9,15,16,16,16,0,False,False,False,EXACT_DERIVED
ternary_sample,7433,9,16,16,16,16,0,False,False,False,EXACT_DERIVED
ternary_sample,7434,9,14,16,16,16,0,False,False,False,EXACT_DERIVED
ternary_sample,7435,9,16,16,16,16,0,False,False,False,EXACT_DERIVED
ternary_sample,7436,9,14,16,16,16,0,False,False,False,EXACT_DERIVED
ternary_sample,7437,9,15,16,16,16,0,False,False,False,EXACT_DERIVED
ternary_sample,7438,9,16,16,16,16,0,False,False,False,EXACT_DERIVED
ternary_sample,7439,9,16,16,16,16,0,False,False,False,EXACT_DERIVED
ternary_sample,7440,9,16,16,16,16,0,False,False,False,EXACT_DERIVED
ternary_sample,7441,9,16,16,16,16,0,False,False,False,EXACT_DERIVED
ternary_sample,7442,9,16,16,16,16,0,False,False,False,EXACT_DERIVED
ternary_sample,7443,9,16,16,16,16,0,False,False,False,EXACT_DERIVED
ternary_sample,7444,9,16,16,16,16,0,False,False,False,EXACT_DERIVED
ternary_sample,7445,9,15,16,16,16,0,False,False,False,EXACT_DERIVED
ternary_sample,7446,9,16,16,16,16,0,False,False,False,EXACT_DERIVED
ternary_sample,7447,9,16,16,16,16,0,False,False,False,EXACT_DERIVED
ternary_sample,7448,9,16,16,16,16,0,False,False,False,EXACT_DERIVED
ternary_sample,7449,9,16,16,16,16,0,False,False,False,EXACT_DERIVED
ternary_sample,7450,9,16,16,16,16,0,False,False,False,EXACT_DERIVED
ternary_sample,7451,9,16,16,16,16,0,False,False,False,EXACT_DERIVED
ternary_sample,7452,9,16,16,16,16,0,False,False,False,EXACT_DERIVED
ternary_sample,7453,9,16,16,16,16,0,False,False,False,EXACT_DERIVED
ternary_sample,7454,9,16,16,16,16,0,False,False,False,EXACT_DERIVED
ternary_sample,7455,9,16,16,16,16,0,False,False,False,EXACT_DERIVED
ternary_sample,7456,9,16,16,16,16,0,False,False,False,EXACT_DERIVED
ternary_sample,7457,9,16,16,16,16,0,False,False,False,EXACT_DERIVED
ternary_sample,7458,9,16,16,16,16,0,False,False,False,EXACT_DERIVED
ternary_sample,7459,9,16,16,16,16,0,False,False,False,EXACT_DERIVED
ternary_sample,7460,9,15,16,16,16,0,False,False,False,EXACT_DERIVED
ternary_sample,7461,9,16,16,16,16,0,False,False,False,EXACT_DERIVED
ternary_sample,7462,9,16,16,16,16,0,False,False,False,EXACT_DERIVED
ternary_sample,7463,9,16,16,16,16,0,False,False,False,EXACT_DERIVED
ternary_sample,7464,9,16,16,16,16,0,False,False,False,EXACT_DERIVED
ternary_sample,7465,9,16,16,16,16,0,False,False,False,EXACT_DERIVED
ternary_sample,7466,9,16,16,16,16,0,False,False,False,EXACT_DERIVED
ternary_sample,7467,9,16,16,16,16,0,False,False,False,EXACT_DERIVED
ternary_sample,7468,9,16,16,16,16,0,False,False,False,EXACT_DERIVED
ternary_sample,7469,9,16,16,16,16,0,False,False,False,EXACT_DERIVED
ternary_sample,7470,9,16,16,16,16,0,False,False,False,EXACT_DERIVED
ternary_sample,7471,9,16,16,16,16,0,False,False,False,EXACT_DERIVED
ternary_sample,7472,9,16,16,16,16,0,False,False,False,EXACT_DERIVED
ternary_sample,7473,9,15,16,16,16,0,False,False,False,EXACT_DERIVED
ternary_sample,7474,9,16,16,16,16,0,False,False,False,EXACT_DERIVED
ternary_sample,7475,9,16,16,16,16,0,False,False,False,EXACT_DERIVED
ternary_sample,7476,9,16,16,16,16,0,False,False,False,EXACT_DERIVED
ternary_sample,7477,9,16,16,16,16,0,False,False,False,EXACT_DERIVED
ternary_sample,7478,9,16,16,16,16,0,False,False,False,EXACT_DERIVED
ternary_sample,7479,9,16,16,16,16,0,False,False,False,EXACT_DERIVED
ternary_sample,7480,9,16,16,16,16,0,False,False,False,EXACT_DERIVED
ternary_sample,7481,9,16,16,16,16,0,False,False,False,EXACT_DERIVED
ternary_sample,7482,9,16,16,16,16,0,False,False,False,EXACT_DERIVED
ternary_sample,7483,9,16,16,16,16,0,False,False,False,EXACT_DERIVED
ternary_sample,7484,9,15,16,16,16,0,False,False,False,EXACT_DERIVED
ternary_sample,7485,9,16,16,16,16,0,False,False,False,EXACT_DERIVED
ternary_sample,7486,9,16,16,16,16,0,False,False,False,EXACT_DERIVED
ternary_sample,7487,9,16,16,16,16,0,False,False,False,EXACT_DERIVED
ternary_sample,7488,9,15,16,16,16,0,False,False,False,EXACT_DERIVED
ternary_sample,7489,9,16,16,16,16,0,False,False,False,EXACT_DERIVED
ternary_sample,7490,9,15,16,16,16,0,False,False,False,EXACT_DERIVED
ternary_sample,7491,9,16,16,16,16,0,False,False,False,EXACT_DERIVED
ternary_sample,7492,9,16,16,16,16,0,False,False,False,EXACT_DERIVED
ternary_sample,7493,9,16,16,16,16,0,False,False,False,EXACT_DERIVED
ternary_sample,7494,9,16,16,16,16,0,False,False,False,EXACT_DERIVED
ternary_sample,7495,9,16,16,16,16,0,False,False,False,EXACT_DERIVED
ternary_sample,7496,9,16,16,16,16,0,False,False,False,EXACT_DERIVED
ternary_sample,7497,9,16,16,16,16,0,False,False,False,EXACT_DERIVED
ternary_sample,7498,9,15,16,16,16,0,False,False,False,EXACT_DERIVED
ternary_sample,7499,9,16,16,16,16,0,False,False,False,EXACT_DERIVED
ternary_sample,7500,9,15,16,16,16,0,False,False,False,EXACT_DERIVED
ternary_sample,7501,9,16,16,16,16,0,False,False,False,EXACT_DERIVED
ternary_sample,7502,9,15,16,16,16,0,False,False,False,EXACT_DERIVED
ternary_sample,7503,9,16,16,16,16,0,False,False,False,EXACT_DERIVED
ternary_sample,7504,9,16,16,16,16,0,False,False,False,EXACT_DERIVED
ternary_sample,7505,9,16,16,16,16,0,False,False,False,EXACT_DERIVED
ternary_sample,7506,9,15,16,16,16,0,False,False,False,EXACT_DERIVED
ternary_sample,7507,9,16,16,16,16,0,False,False,False,EXACT_DERIVED
ternary_sample,7508,9,16,16,16,16,0,False,False,False,EXACT_DERIVED
ternary_sample,7509,9,16,16,16,16,0,False,False,False,EXACT_DERIVED
ternary_sample,7510,9,16,16,16,16,0,False,False,False,EXACT_DERIVED
ternary_sample,7511,9,16,16,16,16,0,False,False,False,EXACT_DERIVED
ternary_sample,7512,9,16,16,16,16,0,False,False,False,EXACT_DERIVED
ternary_sample,7513,9,16,16,16,16,0,False,False,False,EXACT_DERIVED
ternary_sample,7514,9,16,16,16,16,0,False,False,False,EXACT_DERIVED
ternary_sample,7515,9,16,16,16,16,0,False,False,False,EXACT_DERIVED
ternary_sample,7516,9,16,16,16,16,0,False,False,False,EXACT_DERIVED
ternary_sample,7517,9,16,16,16,16,0,False,False,False,EXACT_DERIVED
ternary_sample,7518,9,16,16,16,16,0,False,False,False,EXACT_DERIVED
ternary_sample,7519,9,16,16,16,16,0,False,False,False,EXACT_DERIVED
ternary_sample,7520,9,16,16,16,16,0,False,False,False,EXACT_DERIVED
ternary_sample,7521,9,16,16,16,16,0,False,False,False,EXACT_DERIVED
ternary_sample,7522,9,16,16,16,16,0,False,False,False,EXACT_DERIVED
ternary_sample,7523,9,16,16,16,16,0,False,False,False,EXACT_DERIVED
ternary_sample,7524,9,16,16,16,16,0,False,False,False,EXACT_DERIVED
ternary_sample,7525,9,16,16,16,16,0,False,False,False,EXACT_DERIVED
ternary_sample,7526,9,16,16,16,16,0,False,False,False,EXACT_DERIVED
ternary_sample,7527,9,15,16,16,16,0,False,False,False,EXACT_DERIVED
ternary_sample,7528,9,15,16,16,16,0,False,False,False,EXACT_DERIVED
ternary_sample,7529,9,16,16,16,16,0,False,False,False,EXACT_DERIVED
ternary_sample,7530,9,16,16,16,16,0,False,False,False,EXACT_DERIVED
ternary_sample,7531,9,16,16,16,16,0,False,False,False,EXACT_DERIVED
ternary_sample,7532,9,16,16,16,16,0,False,False,False,EXACT_DERIVED
ternary_sample,7533,9,16,16,16,16,0,False,False,False,EXACT_DERIVED
ternary_sample,7534,9,16,16,16,16,0,False,False,False,EXACT_DERIVED
ternary_sample,7535,9,16,16,16,16,0,False,False,False,EXACT_DERIVED
ternary_sample,7536,9,16,16,16,16,0,False,False,False,EXACT_DERIVED
ternary_sample,7537,9,16,16,16,16,0,False,False,False,EXACT_DERIVED
ternary_sample,7538,9,16,16,16,16,0,False,False,False,EXACT_DERIVED
ternary_sample,7539,9,15,16,16,16,0,False,False,False,EXACT_DERIVED
ternary_sample,7540,9,16,16,16,16,0,False,False,False,EXACT_DERIVED
ternary_sample,7541,9,16,16,16,16,0,False,False,False,EXACT_DERIVED
ternary_sample,7542,9,15,16,16,16,0,False,False,False,EXACT_DERIVED
ternary_sample,7543,9,16,16,16,16,0,False,False,False,EXACT_DERIVED
ternary_sample,7544,9,16,16,16,16,0,False,False,False,EXACT_DERIVED
ternary_sample,7545,9,16,16,16,16,0,False,False,False,EXACT_DERIVED
ternary_sample,7546,9,15,16,16,16,0,False,False,False,EXACT_DERIVED
ternary_sample,7547,9,16,16,16,16,0,False,False,False,EXACT_DERIVED
ternary_sample,7548,9,16,16,16,16,0,False,False,False,EXACT_DERIVED
ternary_sample,7549,9,16,16,16,16,0,False,False,False,EXACT_DERIVED
ternary_sample,7550,9,16,16,16,16,0,False,False,False,EXACT_DERIVED
ternary_sample,7551,9,16,16,16,16,0,False,False,False,EXACT_DERIVED
ternary_sample,7552,9,15,16,16,16,0,False,False,False,EXACT_DERIVED
ternary_sample,7553,9,16,16,16,16,0,False,False,False,EXACT_DERIVED
ternary_sample,7554,9,16,16,16,16,0,False,False,False,EXACT_DERIVED
ternary_sample,7555,9,16,16,16,16,0,False,False,False,EXACT_DERIVED
ternary_sample,7556,9,15,16,16,16,0,False,False,False,EXACT_DERIVED
ternary_sample,7557,9,16,16,16,16,0,False,False,False,EXACT_DERIVED
ternary_sample,7558,9,16,16,16,16,0,False,False,False,EXACT_DERIVED
ternary_sample,7559,9,16,16,16,16,0,False,False,False,EXACT_DERIVED
ternary_sample,7560,9,16,16,16,16,0,False,False,False,EXACT_DERIVED
ternary_sample,7561,9,16,16,16,16,0,False,False,False,EXACT_DERIVED
ternary_sample,7562,9,16,16,16,16,0,False,False,False,EXACT_DERIVED
ternary_sample,7563,9,16,16,16,16,0,False,False,False,EXACT_DERIVED
ternary_sample,7564,9,15,16,16,16,0,False,False,False,EXACT_DERIVED
ternary_sample,7565,9,16,16,16,16,0,False,False,False,EXACT_DERIVED
ternary_sample,7566,9,16,16,16,16,0,False,False,False,EXACT_DERIVED
ternary_sample,7567,9,16,16,16,16,0,False,False,False,EXACT_DERIVED
ternary_sample,7568,9,16,16,16,16,0,False,False,False,EXACT_DERIVED
ternary_sample,7569,9,16,16,16,16,0,False,False,False,EXACT_DERIVED
ternary_sample,7570,9,16,16,16,16,0,False,False,False,EXACT_DERIVED
ternary_sample,7571,9,15,16,16,16,0,False,False,False,EXACT_DERIVED
ternary_sample,7572,9,16,16,16,16,0,False,False,False,EXACT_DERIVED
ternary_sample,7573,9,15,16,16,16,0,False,False,False,EXACT_DERIVED
ternary_sample,7574,9,16,16,16,16,0,False,False,False,EXACT_DERIVED
ternary_sample,7575,9,16,16,16,16,0,False,False,False,EXACT_DERIVED
ternary_sample,7576,9,16,16,16,16,0,False,False,False,EXACT_DERIVED
ternary_sample,7577,9,16,16,16,16,0,False,False,False,EXACT_DERIVED
ternary_sample,7578,9,16,16,16,16,0,False,False,False,EXACT_DERIVED
ternary_sample,7579,9,15,16,16,16,0,False,False,False,EXACT_DERIVED
ternary_sample,7580,9,16,16,16,16,0,False,False,False,EXACT_DERIVED
ternary_sample,7581,9,16,16,16,16,0,False,False,False,EXACT_DERIVED
ternary_sample,7582,9,16,16,16,16,0,False,False,False,EXACT_DERIVED
ternary_sample,7583,9,16,16,16,16,0,False,False,False,EXACT_DERIVED
ternary_sample,7584,9,16,16,16,16,0,False,False,False,EXACT_DERIVED
ternary_sample,7585,8,13,16,16,16,0,False,False,False,EXACT_DERIVED
ternary_sample,7586,9,16,16,16,16,0,False,False,False,EXACT_DERIVED
ternary_sample,7587,9,16,16,16,16,0,False,False,False,EXACT_DERIVED
ternary_sample,7588,9,16,16,16,16,0,False,False,False,EXACT_DERIVED
ternary_sample,7589,9,16,16,16,16,0,False,False,False,EXACT_DERIVED
ternary_sample,7590,9,16,16,16,16,0,False,False,False,EXACT_DERIVED
ternary_sample,7591,9,16,16,16,16,0,False,False,False,EXACT_DERIVED
ternary_sample,7592,9,16,16,16,16,0,False,False,False,EXACT_DERIVED
ternary_sample,7593,9,15,16,16,16,0,False,False,False,EXACT_DERIVED
ternary_sample,7594,9,15,16,16,16,0,False,False,False,EXACT_DERIVED
ternary_sample,7595,9,16,16,16,16,0,False,False,False,EXACT_DERIVED
ternary_sample,7596,9,14,16,16,16,0,False,False,False,EXACT_DERIVED
ternary_sample,7597,9,16,16,16,16,0,False,False,False,EXACT_DERIVED
ternary_sample,7598,9,16,16,16,16,0,False,False,False,EXACT_DERIVED
ternary_sample,7599,9,16,16,16,16,0,False,False,False,EXACT_DERIVED
ternary_sample,7600,9,16,16,16,16,0,False,False,False,EXACT_DERIVED
ternary_sample,7601,9,16,16,16,16,0,False,False,False,EXACT_DERIVED
ternary_sample,7602,9,16,16,16,16,0,False,False,False,EXACT_DERIVED
ternary_sample,7603,9,16,16,16,16,0,False,False,False,EXACT_DERIVED
ternary_sample,7604,9,16,16,16,16,0,False,False,False,EXACT_DERIVED
ternary_sample,7605,9,16,16,16,16,0,False,False,False,EXACT_DERIVED
ternary_sample,7606,9,16,16,16,16,0,False,False,False,EXACT_DERIVED
ternary_sample,7607,9,16,16,16,16,0,False,False,False,EXACT_DERIVED
ternary_sample,7608,9,16,16,16,16,0,False,False,False,EXACT_DERIVED
ternary_sample,7609,9,16,16,16,16,0,False,False,False,EXACT_DERIVED
ternary_sample,7610,9,16,16,16,16,0,False,False,False,EXACT_DERIVED
ternary_sample,7611,9,16,16,16,16,0,False,False,False,EXACT_DERIVED
ternary_sample,7612,9,16,16,16,16,0,False,False,False,EXACT_DERIVED
ternary_sample,7613,9,16,16,16,16,0,False,False,False,EXACT_DERIVED
ternary_sample,7614,9,16,16,16,16,0,False,False,False,EXACT_DERIVED
ternary_sample,7615,9,16,16,16,16,0,False,False,False,EXACT_DERIVED
ternary_sample,7616,9,16,16,16,16,0,False,False,False,EXACT_DERIVED
ternary_sample,7617,9,16,16,16,16,0,False,False,False,EXACT_DERIVED
ternary_sample,7618,9,15,16,16,16,0,False,False,False,EXACT_DERIVED
ternary_sample,7619,9,16,16,16,16,0,False,False,False,EXACT_DERIVED
ternary_sample,7620,9,16,16,16,16,0,False,False,False,EXACT_DERIVED
ternary_sample,7621,9,16,16,16,16,0,False,False,False,EXACT_DERIVED
ternary_sample,7622,9,15,16,16,16,0,False,False,False,EXACT_DERIVED
ternary_sample,7623,9,16,16,16,16,0,False,False,False,EXACT_DERIVED
ternary_sample,7624,9,15,16,16,16,0,False,False,False,EXACT_DERIVED
ternary_sample,7625,9,16,16,16,16,0,False,False,False,EXACT_DERIVED
ternary_sample,7626,9,15,16,16,16,0,False,False,False,EXACT_DERIVED
ternary_sample,7627,9,16,16,16,16,0,False,False,False,EXACT_DERIVED
ternary_sample,7628,9,16,16,16,16,0,False,False,False,EXACT_DERIVED
ternary_sample,7629,9,16,16,16,16,0,False,False,False,EXACT_DERIVED
ternary_sample,7630,9,16,16,16,16,0,False,False,False,EXACT_DERIVED
ternary_sample,7631,9,16,16,16,16,0,False,False,False,EXACT_DERIVED
ternary_sample,7632,9,16,16,16,16,0,False,False,False,EXACT_DERIVED
ternary_sample,7633,9,15,16,16,16,0,False,False,False,EXACT_DERIVED
ternary_sample,7634,9,16,16,16,16,0,False,False,False,EXACT_DERIVED
ternary_sample,7635,9,16,16,16,16,0,False,False,False,EXACT_DERIVED
ternary_sample,7636,9,16,16,16,16,0,False,False,False,EXACT_DERIVED
ternary_sample,7637,9,15,16,16,16,0,False,False,False,EXACT_DERIVED
ternary_sample,7638,9,16,16,16,16,0,False,False,False,EXACT_DERIVED
ternary_sample,7639,9,16,16,16,16,0,False,False,False,EXACT_DERIVED
ternary_sample,7640,9,16,16,16,16,0,False,False,False,EXACT_DERIVED
ternary_sample,7641,9,16,16,16,16,0,False,False,False,EXACT_DERIVED
ternary_sample,7642,9,16,16,16,16,0,False,False,False,EXACT_DERIVED
ternary_sample,7643,9,13,16,16,16,0,False,False,False,EXACT_DERIVED
ternary_sample,7644,9,16,16,16,16,0,False,False,False,EXACT_DERIVED
ternary_sample,7645,9,16,16,16,16,0,False,False,False,EXACT_DERIVED
ternary_sample,7646,9,16,16,16,16,0,False,False,False,EXACT_DERIVED
ternary_sample,7647,9,16,16,16,16,0,False,False,False,EXACT_DERIVED
ternary_sample,7648,9,15,16,16,16,0,False,False,False,EXACT_DERIVED
ternary_sample,7649,9,16,16,16,16,0,False,False,False,EXACT_DERIVED
ternary_sample,7650,9,16,16,16,16,0,False,False,False,EXACT_DERIVED
ternary_sample,7651,9,16,16,16,16,0,False,False,False,EXACT_DERIVED
ternary_sample,7652,9,16,16,16,16,0,False,False,False,EXACT_DERIVED
ternary_sample,7653,9,16,16,16,16,0,False,False,False,EXACT_DERIVED
ternary_sample,7654,9,16,16,16,16,0,False,False,False,EXACT_DERIVED
ternary_sample,7655,9,14,16,16,16,0,False,False,False,EXACT_DERIVED
ternary_sample,7656,9,16,16,16,16,0,False,False,False,EXACT_DERIVED
ternary_sample,7657,9,16,16,16,16,0,False,False,False,EXACT_DERIVED
ternary_sample,7658,9,15,16,16,16,0,False,False,False,EXACT_DERIVED
ternary_sample,7659,9,15,16,16,16,0,False,False,False,EXACT_DERIVED
ternary_sample,7660,9,15,16,16,16,0,False,False,False,EXACT_DERIVED
ternary_sample,7661,9,16,16,16,16,0,False,False,False,EXACT_DERIVED
ternary_sample,7662,9,15,16,16,16,0,False,False,False,EXACT_DERIVED
ternary_sample,7663,9,15,16,16,16,0,False,False,False,EXACT_DERIVED
ternary_sample,7664,9,16,16,16,16,0,False,False,False,EXACT_DERIVED
ternary_sample,7665,9,16,16,16,16,0,False,False,False,EXACT_DERIVED
ternary_sample,7666,9,15,16,16,16,0,False,False,False,EXACT_DERIVED
ternary_sample,7667,9,15,16,16,16,0,False,False,False,EXACT_DERIVED
ternary_sample,7668,9,16,16,16,16,0,False,False,False,EXACT_DERIVED
ternary_sample,7669,9,16,16,16,16,0,False,False,False,EXACT_DERIVED
ternary_sample,7670,9,16,16,16,16,0,False,False,False,EXACT_DERIVED
ternary_sample,7671,9,16,16,16,16,0,False,False,False,EXACT_DERIVED
ternary_sample,7672,9,16,16,16,16,0,False,False,False,EXACT_DERIVED
ternary_sample,7673,9,16,16,16,16,0,False,False,False,EXACT_DERIVED
ternary_sample,7674,9,16,16,16,16,0,False,False,False,EXACT_DERIVED
ternary_sample,7675,9,16,16,16,16,0,False,False,False,EXACT_DERIVED
ternary_sample,7676,9,16,16,16,16,0,False,False,False,EXACT_DERIVED
ternary_sample,7677,9,16,16,16,16,0,False,False,False,EXACT_DERIVED
ternary_sample,7678,9,16,16,16,16,0,False,False,False,EXACT_DERIVED
ternary_sample,7679,9,16,16,16,16,0,False,False,False,EXACT_DERIVED
ternary_sample,7680,9,16,16,16,16,0,False,False,False,EXACT_DERIVED
ternary_sample,7681,9,16,16,16,16,0,False,False,False,EXACT_DERIVED
ternary_sample,7682,9,15,16,16,16,0,False,False,False,EXACT_DERIVED
ternary_sample,7683,9,16,16,16,16,0,False,False,False,EXACT_DERIVED
ternary_sample,7684,9,16,16,16,16,0,False,False,False,EXACT_DERIVED
ternary_sample,7685,9,16,16,16,16,0,False,False,False,EXACT_DERIVED
ternary_sample,7686,9,16,16,16,16,0,False,False,False,EXACT_DERIVED
ternary_sample,7687,9,16,16,16,16,0,False,False,False,EXACT_DERIVED
ternary_sample,7688,9,15,16,16,16,0,False,False,False,EXACT_DERIVED
ternary_sample,7689,9,15,16,16,16,0,False,False,False,EXACT_DERIVED
ternary_sample,7690,9,16,16,16,16,0,False,False,False,EXACT_DERIVED
ternary_sample,7691,9,16,16,16,16,0,False,False,False,EXACT_DERIVED
ternary_sample,7692,9,16,16,16,16,0,False,False,False,EXACT_DERIVED
ternary_sample,7693,9,15,16,16,16,0,False,False,False,EXACT_DERIVED
ternary_sample,7694,9,16,16,16,16,0,False,False,False,EXACT_DERIVED
ternary_sample,7695,9,16,16,16,16,0,False,False,False,EXACT_DERIVED
ternary_sample,7696,9,16,16,16,16,0,False,False,False,EXACT_DERIVED
ternary_sample,7697,9,16,16,16,16,0,False,False,False,EXACT_DERIVED
ternary_sample,7698,9,16,16,16,16,0,False,False,False,EXACT_DERIVED
ternary_sample,7699,9,15,16,16,16,0,False,False,False,EXACT_DERIVED
ternary_sample,7700,9,16,16,16,16,0,False,False,False,EXACT_DERIVED
ternary_sample,7701,9,16,16,16,16,0,False,False,False,EXACT_DERIVED
ternary_sample,7702,9,16,16,16,16,0,False,False,False,EXACT_DERIVED
ternary_sample,7703,9,15,16,16,16,0,False,False,False,EXACT_DERIVED
ternary_sample,7704,9,16,16,16,16,0,False,False,False,EXACT_DERIVED
ternary_sample,7705,9,16,16,16,16,0,False,False,False,EXACT_DERIVED
ternary_sample,7706,9,15,16,16,16,0,False,False,False,EXACT_DERIVED
ternary_sample,7707,9,15,16,16,16,0,False,False,False,EXACT_DERIVED
ternary_sample,7708,9,16,16,16,16,0,False,False,False,EXACT_DERIVED
ternary_sample,7709,9,16,16,16,16,0,False,False,False,EXACT_DERIVED
ternary_sample,7710,9,16,16,16,16,0,False,False,False,EXACT_DERIVED
ternary_sample,7711,9,16,16,16,16,0,False,False,False,EXACT_DERIVED
ternary_sample,7712,9,14,15,16,16,0,False,False,False,EXACT_DERIVED
ternary_sample,7713,9,16,16,16,16,0,False,False,False,EXACT_DERIVED
ternary_sample,7714,9,15,16,16,16,0,False,False,False,EXACT_DERIVED
ternary_sample,7715,9,16,16,16,16,0,False,False,False,EXACT_DERIVED
ternary_sample,7716,9,15,16,16,16,0,False,False,False,EXACT_DERIVED
ternary_sample,7717,9,16,16,16,16,0,False,False,False,EXACT_DERIVED
ternary_sample,7718,9,16,16,16,16,0,False,False,False,EXACT_DERIVED
ternary_sample,7719,9,16,16,16,16,0,False,False,False,EXACT_DERIVED
ternary_sample,7720,9,16,16,16,16,0,False,False,False,EXACT_DERIVED
ternary_sample,7721,9,16,16,16,16,0,False,False,False,EXACT_DERIVED
ternary_sample,7722,9,16,16,16,16,0,False,False,False,EXACT_DERIVED
ternary_sample,7723,9,16,16,16,16,0,False,False,False,EXACT_DERIVED
ternary_sample,7724,9,16,16,16,16,0,False,False,False,EXACT_DERIVED
ternary_sample,7725,9,16,16,16,16,0,False,False,False,EXACT_DERIVED
ternary_sample,7726,9,16,16,16,16,0,False,False,False,EXACT_DERIVED
ternary_sample,7727,9,16,16,16,16,0,False,False,False,EXACT_DERIVED
ternary_sample,7728,9,15,16,16,16,0,False,False,False,EXACT_DERIVED
ternary_sample,7729,9,15,16,16,16,0,False,False,False,EXACT_DERIVED
ternary_sample,7730,9,15,16,16,16,0,False,False,False,EXACT_DERIVED
ternary_sample,7731,9,15,16,16,16,0,False,False,False,EXACT_DERIVED
ternary_sample,7732,9,16,16,16,16,0,False,False,False,EXACT_DERIVED
ternary_sample,7733,9,16,16,16,16,0,False,False,False,EXACT_DERIVED
ternary_sample,7734,9,16,16,16,16,0,False,False,False,EXACT_DERIVED
ternary_sample,7735,9,16,16,16,16,0,False,False,False,EXACT_DERIVED
ternary_sample,7736,9,16,16,16,16,0,False,False,False,EXACT_DERIVED
ternary_sample,7737,9,16,16,16,16,0,False,False,False,EXACT_DERIVED
ternary_sample,7738,9,15,16,16,16,0,False,False,False,EXACT_DERIVED
ternary_sample,7739,9,16,16,16,16,0,False,False,False,EXACT_DERIVED
ternary_sample,7740,9,16,16,16,16,0,False,False,False,EXACT_DERIVED
ternary_sample,7741,9,16,16,16,16,0,False,False,False,EXACT_DERIVED
ternary_sample,7742,9,16,16,16,16,0,False,False,False,EXACT_DERIVED
ternary_sample,7743,9,16,16,16,16,0,False,False,False,EXACT_DERIVED
ternary_sample,7744,9,16,16,16,16,0,False,False,False,EXACT_DERIVED
ternary_sample,7745,9,16,16,16,16,0,False,False,False,EXACT_DERIVED
ternary_sample,7746,9,16,16,16,16,0,False,False,False,EXACT_DERIVED
ternary_sample,7747,9,16,16,16,16,0,False,False,False,EXACT_DERIVED
ternary_sample,7748,9,16,16,16,16,0,False,False,False,EXACT_DERIVED
ternary_sample,7749,9,16,16,16,16,0,False,False,False,EXACT_DERIVED
ternary_sample,7750,9,16,16,16,16,0,False,False,False,EXACT_DERIVED
ternary_sample,7751,9,15,16,16,16,0,False,False,False,EXACT_DERIVED
ternary_sample,7752,9,16,16,16,16,0,False,False,False,EXACT_DERIVED
ternary_sample,7753,9,16,16,16,16,0,False,False,False,EXACT_DERIVED
ternary_sample,7754,9,16,16,16,16,0,False,False,False,EXACT_DERIVED
ternary_sample,7755,9,16,16,16,16,0,False,False,False,EXACT_DERIVED
ternary_sample,7756,9,16,16,16,16,0,False,False,False,EXACT_DERIVED
ternary_sample,7757,9,16,16,16,16,0,False,False,False,EXACT_DERIVED
ternary_sample,7758,9,16,16,16,16,0,False,False,False,EXACT_DERIVED
ternary_sample,7759,9,16,16,16,16,0,False,False,False,EXACT_DERIVED
ternary_sample,7760,9,15,16,16,16,0,False,False,False,EXACT_DERIVED
ternary_sample,7761,9,16,16,16,16,0,False,False,False,EXACT_DERIVED
ternary_sample,7762,9,16,16,16,16,0,False,False,False,EXACT_DERIVED
ternary_sample,7763,9,16,16,16,16,0,False,False,False,EXACT_DERIVED
ternary_sample,7764,9,16,16,16,16,0,False,False,False,EXACT_DERIVED
ternary_sample,7765,9,16,16,16,16,0,False,False,False,EXACT_DERIVED
ternary_sample,7766,9,16,16,16,16,0,False,False,False,EXACT_DERIVED
ternary_sample,7767,9,16,16,16,16,0,False,False,False,EXACT_DERIVED
ternary_sample,7768,9,15,16,16,16,0,False,False,False,EXACT_DERIVED
ternary_sample,7769,9,15,16,16,16,0,False,False,False,EXACT_DERIVED
ternary_sample,7770,9,16,16,16,16,0,False,False,False,EXACT_DERIVED
ternary_sample,7771,9,16,16,16,16,0,False,False,False,EXACT_DERIVED
ternary_sample,7772,9,16,16,16,16,0,False,False,False,EXACT_DERIVED
ternary_sample,7773,9,16,16,16,16,0,False,False,False,EXACT_DERIVED
ternary_sample,7774,9,16,16,16,16,0,False,False,False,EXACT_DERIVED
ternary_sample,7775,9,16,16,16,16,0,False,False,False,EXACT_DERIVED
ternary_sample,7776,9,16,16,16,16,0,False,False,False,EXACT_DERIVED
ternary_sample,7777,9,16,16,16,16,0,False,False,False,EXACT_DERIVED
ternary_sample,7778,9,16,16,16,16,0,False,False,False,EXACT_DERIVED
ternary_sample,7779,9,16,16,16,16,0,False,False,False,EXACT_DERIVED
ternary_sample,7780,9,16,16,16,16,0,False,False,False,EXACT_DERIVED
ternary_sample,7781,9,16,16,16,16,0,False,False,False,EXACT_DERIVED
ternary_sample,7782,9,16,16,16,16,0,False,False,False,EXACT_DERIVED
ternary_sample,7783,9,16,16,16,16,0,False,False,False,EXACT_DERIVED
ternary_sample,7784,9,14,16,16,16,0,False,False,False,EXACT_DERIVED
ternary_sample,7785,9,16,16,16,16,0,False,False,False,EXACT_DERIVED
ternary_sample,7786,9,16,16,16,16,0,False,False,False,EXACT_DERIVED
ternary_sample,7787,9,16,16,16,16,0,False,False,False,EXACT_DERIVED
ternary_sample,7788,9,16,16,16,16,0,False,False,False,EXACT_DERIVED
ternary_sample,7789,9,16,16,16,16,0,False,False,False,EXACT_DERIVED
ternary_sample,7790,9,15,16,16,16,0,False,False,False,EXACT_DERIVED
ternary_sample,7791,9,16,16,16,16,0,False,False,False,EXACT_DERIVED
ternary_sample,7792,9,16,16,16,16,0,False,False,False,EXACT_DERIVED
ternary_sample,7793,9,16,16,16,16,0,False,False,False,EXACT_DERIVED
ternary_sample,7794,9,14,16,16,16,0,False,False,False,EXACT_DERIVED
ternary_sample,7795,9,16,16,16,16,0,False,False,False,EXACT_DERIVED
ternary_sample,7796,9,16,16,16,16,0,False,False,False,EXACT_DERIVED
ternary_sample,7797,9,16,16,16,16,0,False,False,False,EXACT_DERIVED
ternary_sample,7798,9,16,16,16,16,0,False,False,False,EXACT_DERIVED
ternary_sample,7799,9,14,16,16,16,0,False,False,False,EXACT_DERIVED
ternary_sample,7800,9,16,16,16,16,0,False,False,False,EXACT_DERIVED
ternary_sample,7801,9,16,16,16,16,0,False,False,False,EXACT_DERIVED
ternary_sample,7802,9,16,16,16,16,0,False,False,False,EXACT_DERIVED
ternary_sample,7803,9,15,16,16,16,0,False,False,False,EXACT_DERIVED
ternary_sample,7804,9,16,16,16,16,0,False,False,False,EXACT_DERIVED
ternary_sample,7805,9,15,16,16,16,0,False,False,False,EXACT_DERIVED
ternary_sample,7806,9,16,16,16,16,0,False,False,False,EXACT_DERIVED
ternary_sample,7807,9,16,16,16,16,0,False,False,False,EXACT_DERIVED
ternary_sample,7808,9,16,16,16,16,0,False,False,False,EXACT_DERIVED
ternary_sample,7809,9,14,16,16,16,0,False,False,False,EXACT_DERIVED
ternary_sample,7810,9,14,16,16,16,0,False,False,False,EXACT_DERIVED
ternary_sample,7811,9,16,16,16,16,0,False,False,False,EXACT_DERIVED
ternary_sample,7812,9,16,16,16,16,0,False,False,False,EXACT_DERIVED
ternary_sample,7813,9,15,16,16,16,0,False,False,False,EXACT_DERIVED
ternary_sample,7814,9,16,16,16,16,0,False,False,False,EXACT_DERIVED
ternary_sample,7815,9,16,16,16,16,0,False,False,False,EXACT_DERIVED
ternary_sample,7816,9,16,16,16,16,0,False,False,False,EXACT_DERIVED
ternary_sample,7817,9,16,16,16,16,0,False,False,False,EXACT_DERIVED
ternary_sample,7818,9,16,16,16,16,0,False,False,False,EXACT_DERIVED
ternary_sample,7819,9,16,16,16,16,0,False,False,False,EXACT_DERIVED
ternary_sample,7820,9,16,16,16,16,0,False,False,False,EXACT_DERIVED
ternary_sample,7821,9,16,16,16,16,0,False,False,False,EXACT_DERIVED
ternary_sample,7822,9,16,16,16,16,0,False,False,False,EXACT_DERIVED
ternary_sample,7823,9,15,16,16,16,0,False,False,False,EXACT_DERIVED
ternary_sample,7824,9,16,16,16,16,0,False,False,False,EXACT_DERIVED
ternary_sample,7825,9,16,16,16,16,0,False,False,False,EXACT_DERIVED
ternary_sample,7826,9,16,16,16,16,0,False,False,False,EXACT_DERIVED
ternary_sample,7827,9,16,16,16,16,0,False,False,False,EXACT_DERIVED
ternary_sample,7828,9,16,16,16,16,0,False,False,False,EXACT_DERIVED
ternary_sample,7829,9,16,16,16,16,0,False,False,False,EXACT_DERIVED
ternary_sample,7830,9,16,16,16,16,0,False,False,False,EXACT_DERIVED
ternary_sample,7831,9,16,16,16,16,0,False,False,False,EXACT_DERIVED
ternary_sample,7832,9,16,16,16,16,0,False,False,False,EXACT_DERIVED
ternary_sample,7833,9,16,16,16,16,0,False,False,False,EXACT_DERIVED
ternary_sample,7834,9,16,16,16,16,0,False,False,False,EXACT_DERIVED
ternary_sample,7835,9,16,16,16,16,0,False,False,False,EXACT_DERIVED
ternary_sample,7836,9,16,16,16,16,0,False,False,False,EXACT_DERIVED
ternary_sample,7837,9,16,16,16,16,0,False,False,False,EXACT_DERIVED
ternary_sample,7838,9,14,16,16,16,0,False,False,False,EXACT_DERIVED
ternary_sample,7839,9,16,16,16,16,0,False,False,False,EXACT_DERIVED
ternary_sample,7840,9,16,16,16,16,0,False,False,False,EXACT_DERIVED
ternary_sample,7841,9,16,16,16,16,0,False,False,False,EXACT_DERIVED
ternary_sample,7842,9,16,16,16,16,0,False,False,False,EXACT_DERIVED
ternary_sample,7843,9,16,16,16,16,0,False,False,False,EXACT_DERIVED
ternary_sample,7844,9,16,16,16,16,0,False,False,False,EXACT_DERIVED
ternary_sample,7845,9,16,16,16,16,0,False,False,False,EXACT_DERIVED
ternary_sample,7846,9,16,16,16,16,0,False,False,False,EXACT_DERIVED
ternary_sample,7847,9,16,16,16,16,0,False,False,False,EXACT_DERIVED
ternary_sample,7848,9,16,16,16,16,0,False,False,False,EXACT_DERIVED
ternary_sample,7849,9,15,16,16,16,0,False,False,False,EXACT_DERIVED
ternary_sample,7850,9,16,16,16,16,0,False,False,False,EXACT_DERIVED
ternary_sample,7851,9,16,16,16,16,0,False,False,False,EXACT_DERIVED
ternary_sample,7852,9,16,16,16,16,0,False,False,False,EXACT_DERIVED
ternary_sample,7853,9,16,16,16,16,0,False,False,False,EXACT_DERIVED
ternary_sample,7854,9,16,16,16,16,0,False,False,False,EXACT_DERIVED
ternary_sample,7855,9,16,16,16,16,0,False,False,False,EXACT_DERIVED
ternary_sample,7856,9,16,16,16,16,0,False,False,False,EXACT_DERIVED
ternary_sample,7857,9,16,16,16,16,0,False,False,False,EXACT_DERIVED
ternary_sample,7858,9,16,16,16,16,0,False,False,False,EXACT_DERIVED
ternary_sample,7859,9,14,16,16,16,0,False,False,False,EXACT_DERIVED
ternary_sample,7860,9,16,16,16,16,0,False,False,False,EXACT_DERIVED
ternary_sample,7861,9,16,16,16,16,0,False,False,False,EXACT_DERIVED
ternary_sample,7862,9,16,16,16,16,0,False,False,False,EXACT_DERIVED
ternary_sample,7863,9,16,16,16,16,0,False,False,False,EXACT_DERIVED
ternary_sample,7864,9,15,16,16,16,0,False,False,False,EXACT_DERIVED
ternary_sample,7865,9,16,16,16,16,0,False,False,False,EXACT_DERIVED
ternary_sample,7866,9,16,16,16,16,0,False,False,False,EXACT_DERIVED
ternary_sample,7867,9,16,16,16,16,0,False,False,False,EXACT_DERIVED
ternary_sample,7868,9,16,16,16,16,0,False,False,False,EXACT_DERIVED
ternary_sample,7869,9,16,16,16,16,0,False,False,False,EXACT_DERIVED
ternary_sample,7870,9,16,16,16,16,0,False,False,False,EXACT_DERIVED
ternary_sample,7871,9,14,16,16,16,0,False,False,False,EXACT_DERIVED
ternary_sample,7872,9,16,16,16,16,0,False,False,False,EXACT_DERIVED
ternary_sample,7873,9,14,16,16,16,0,False,False,False,EXACT_DERIVED
ternary_sample,7874,9,15,16,16,16,0,False,False,False,EXACT_DERIVED
ternary_sample,7875,9,16,16,16,16,0,False,False,False,EXACT_DERIVED
ternary_sample,7876,9,16,16,16,16,0,False,False,False,EXACT_DERIVED
ternary_sample,7877,9,16,16,16,16,0,False,False,False,EXACT_DERIVED
ternary_sample,7878,9,16,16,16,16,0,False,False,False,EXACT_DERIVED
ternary_sample,7879,9,16,16,16,16,0,False,False,False,EXACT_DERIVED
ternary_sample,7880,9,16,16,16,16,0,False,False,False,EXACT_DERIVED
ternary_sample,7881,9,16,16,16,16,0,False,False,False,EXACT_DERIVED
ternary_sample,7882,9,16,16,16,16,0,False,False,False,EXACT_DERIVED
ternary_sample,7883,9,16,16,16,16,0,False,False,False,EXACT_DERIVED
ternary_sample,7884,9,15,16,16,16,0,False,False,False,EXACT_DERIVED
ternary_sample,7885,9,16,16,16,16,0,False,False,False,EXACT_DERIVED
ternary_sample,7886,9,16,16,16,16,0,False,False,False,EXACT_DERIVED
ternary_sample,7887,9,14,16,16,16,0,False,False,False,EXACT_DERIVED
ternary_sample,7888,9,16,16,16,16,0,False,False,False,EXACT_DERIVED
ternary_sample,7889,9,16,16,16,16,0,False,False,False,EXACT_DERIVED
ternary_sample,7890,9,16,16,16,16,0,False,False,False,EXACT_DERIVED
ternary_sample,7891,9,16,16,16,16,0,False,False,False,EXACT_DERIVED
ternary_sample,7892,9,16,16,16,16,0,False,False,False,EXACT_DERIVED
ternary_sample,7893,9,16,16,16,16,0,False,False,False,EXACT_DERIVED
ternary_sample,7894,9,15,16,16,16,0,False,False,False,EXACT_DERIVED
ternary_sample,7895,9,16,16,16,16,0,False,False,False,EXACT_DERIVED
ternary_sample,7896,9,16,16,16,16,0,False,False,False,EXACT_DERIVED
ternary_sample,7897,9,16,16,16,16,0,False,False,False,EXACT_DERIVED
ternary_sample,7898,9,16,16,16,16,0,False,False,False,EXACT_DERIVED
ternary_sample,7899,9,15,16,16,16,0,False,False,False,EXACT_DERIVED
ternary_sample,7900,9,16,16,16,16,0,False,False,False,EXACT_DERIVED
ternary_sample,7901,9,15,16,16,16,0,False,False,False,EXACT_DERIVED
ternary_sample,7902,9,15,16,16,16,0,False,False,False,EXACT_DERIVED
ternary_sample,7903,9,16,16,16,16,0,False,False,False,EXACT_DERIVED
ternary_sample,7904,9,16,16,16,16,0,False,False,False,EXACT_DERIVED
ternary_sample,7905,9,16,16,16,16,0,False,False,False,EXACT_DERIVED
ternary_sample,7906,9,16,16,16,16,0,False,False,False,EXACT_DERIVED
ternary_sample,7907,9,15,16,16,16,0,False,False,False,EXACT_DERIVED
ternary_sample,7908,9,16,16,16,16,0,False,False,False,EXACT_DERIVED
ternary_sample,7909,9,16,16,16,16,0,False,False,False,EXACT_DERIVED
ternary_sample,7910,9,16,16,16,16,0,False,False,False,EXACT_DERIVED
ternary_sample,7911,9,16,16,16,16,0,False,False,False,EXACT_DERIVED
ternary_sample,7912,9,16,16,16,16,0,False,False,False,EXACT_DERIVED
ternary_sample,7913,9,16,16,16,16,0,False,False,False,EXACT_DERIVED
ternary_sample,7914,9,15,16,16,16,0,False,False,False,EXACT_DERIVED
ternary_sample,7915,9,15,16,16,16,0,False,False,False,EXACT_DERIVED
ternary_sample,7916,9,16,16,16,16,0,False,False,False,EXACT_DERIVED
ternary_sample,7917,9,16,16,16,16,0,False,False,False,EXACT_DERIVED
ternary_sample,7918,9,16,16,16,16,0,False,False,False,EXACT_DERIVED
ternary_sample,7919,9,15,16,16,16,0,False,False,False,EXACT_DERIVED
ternary_sample,7920,9,16,16,16,16,0,False,False,False,EXACT_DERIVED
ternary_sample,7921,9,14,15,16,16,0,False,False,False,EXACT_DERIVED
ternary_sample,7922,9,16,16,16,16,0,False,False,False,EXACT_DERIVED
ternary_sample,7923,9,15,16,16,16,0,False,False,False,EXACT_DERIVED
ternary_sample,7924,9,16,16,16,16,0,False,False,False,EXACT_DERIVED
ternary_sample,7925,9,16,16,16,16,0,False,False,False,EXACT_DERIVED
ternary_sample,7926,9,16,16,16,16,0,False,False,False,EXACT_DERIVED
ternary_sample,7927,9,16,16,16,16,0,False,False,False,EXACT_DERIVED
ternary_sample,7928,9,16,16,16,16,0,False,False,False,EXACT_DERIVED
ternary_sample,7929,9,16,16,16,16,0,False,False,False,EXACT_DERIVED
ternary_sample,7930,9,16,16,16,16,0,False,False,False,EXACT_DERIVED
ternary_sample,7931,9,15,16,16,16,0,False,False,False,EXACT_DERIVED
ternary_sample,7932,9,16,16,16,16,0,False,False,False,EXACT_DERIVED
ternary_sample,7933,9,16,16,16,16,0,False,False,False,EXACT_DERIVED
ternary_sample,7934,9,15,16,16,16,0,False,False,False,EXACT_DERIVED
ternary_sample,7935,9,16,16,16,16,0,False,False,False,EXACT_DERIVED
ternary_sample,7936,9,16,16,16,16,0,False,False,False,EXACT_DERIVED
ternary_sample,7937,9,16,16,16,16,0,False,False,False,EXACT_DERIVED
ternary_sample,7938,9,16,16,16,16,0,False,False,False,EXACT_DERIVED
ternary_sample,7939,9,16,16,16,16,0,False,False,False,EXACT_DERIVED
ternary_sample,7940,9,15,16,16,16,0,False,False,False,EXACT_DERIVED
ternary_sample,7941,9,16,16,16,16,0,False,False,False,EXACT_DERIVED
ternary_sample,7942,9,16,16,16,16,0,False,False,False,EXACT_DERIVED
ternary_sample,7943,9,16,16,16,16,0,False,False,False,EXACT_DERIVED
ternary_sample,7944,9,16,16,16,16,0,False,False,False,EXACT_DERIVED
ternary_sample,7945,9,15,16,16,16,0,False,False,False,EXACT_DERIVED
ternary_sample,7946,9,16,16,16,16,0,False,False,False,EXACT_DERIVED
ternary_sample,7947,9,15,16,16,16,0,False,False,False,EXACT_DERIVED
ternary_sample,7948,9,16,16,16,16,0,False,False,False,EXACT_DERIVED
ternary_sample,7949,9,16,16,16,16,0,False,False,False,EXACT_DERIVED
ternary_sample,7950,9,16,16,16,16,0,False,False,False,EXACT_DERIVED
ternary_sample,7951,9,16,16,16,16,0,False,False,False,EXACT_DERIVED
ternary_sample,7952,9,16,16,16,16,0,False,False,False,EXACT_DERIVED
ternary_sample,7953,9,16,16,16,16,0,False,False,False,EXACT_DERIVED
ternary_sample,7954,9,15,16,16,16,0,False,False,False,EXACT_DERIVED
ternary_sample,7955,9,16,16,16,16,0,False,False,False,EXACT_DERIVED
ternary_sample,7956,9,16,16,16,16,0,False,False,False,EXACT_DERIVED
ternary_sample,7957,9,16,16,16,16,0,False,False,False,EXACT_DERIVED
ternary_sample,7958,9,16,16,16,16,0,False,False,False,EXACT_DERIVED
ternary_sample,7959,9,15,16,16,16,0,False,False,False,EXACT_DERIVED
ternary_sample,7960,9,16,16,16,16,0,False,False,False,EXACT_DERIVED
ternary_sample,7961,9,16,16,16,16,0,False,False,False,EXACT_DERIVED
ternary_sample,7962,9,16,16,16,16,0,False,False,False,EXACT_DERIVED
ternary_sample,7963,9,13,15,16,16,0,False,False,False,EXACT_DERIVED
ternary_sample,7964,9,16,16,16,16,0,False,False,False,EXACT_DERIVED
ternary_sample,7965,9,16,16,16,16,0,False,False,False,EXACT_DERIVED
ternary_sample,7966,9,16,16,16,16,0,False,False,False,EXACT_DERIVED
ternary_sample,7967,9,15,16,16,16,0,False,False,False,EXACT_DERIVED
ternary_sample,7968,9,16,16,16,16,0,False,False,False,EXACT_DERIVED
ternary_sample,7969,9,16,16,16,16,0,False,False,False,EXACT_DERIVED
ternary_sample,7970,9,15,16,16,16,0,False,False,False,EXACT_DERIVED
ternary_sample,7971,9,15,16,16,16,0,False,False,False,EXACT_DERIVED
ternary_sample,7972,9,16,16,16,16,0,False,False,False,EXACT_DERIVED
ternary_sample,7973,9,16,16,16,16,0,False,False,False,EXACT_DERIVED
ternary_sample,7974,9,16,16,16,16,0,False,False,False,EXACT_DERIVED
ternary_sample,7975,9,16,16,16,16,0,False,False,False,EXACT_DERIVED
ternary_sample,7976,9,16,16,16,16,0,False,False,False,EXACT_DERIVED
ternary_sample,7977,9,15,16,16,16,0,False,False,False,EXACT_DERIVED
ternary_sample,7978,9,15,16,16,16,0,False,False,False,EXACT_DERIVED
ternary_sample,7979,9,16,16,16,16,0,False,False,False,EXACT_DERIVED
ternary_sample,7980,9,16,16,16,16,0,False,False,False,EXACT_DERIVED
ternary_sample,7981,9,14,16,16,16,0,False,False,False,EXACT_DERIVED
ternary_sample,7982,9,15,16,16,16,0,False,False,False,EXACT_DERIVED
ternary_sample,7983,9,16,16,16,16,0,False,False,False,EXACT_DERIVED
ternary_sample,7984,9,16,16,16,16,0,False,False,False,EXACT_DERIVED
ternary_sample,7985,9,16,16,16,16,0,False,False,False,EXACT_DERIVED
ternary_sample,7986,9,16,16,16,16,0,False,False,False,EXACT_DERIVED
ternary_sample,7987,9,15,16,16,16,0,False,False,False,EXACT_DERIVED
ternary_sample,7988,9,15,16,16,16,0,False,False,False,EXACT_DERIVED
ternary_sample,7989,9,16,16,16,16,0,False,False,False,EXACT_DERIVED
ternary_sample,7990,9,14,15,16,16,0,False,False,False,EXACT_DERIVED
ternary_sample,7991,9,16,16,16,16,0,False,False,False,EXACT_DERIVED
ternary_sample,7992,9,16,16,16,16,0,False,False,False,EXACT_DERIVED
ternary_sample,7993,9,15,16,16,16,0,False,False,False,EXACT_DERIVED
ternary_sample,7994,9,16,16,16,16,0,False,False,False,EXACT_DERIVED
ternary_sample,7995,9,15,16,16,16,0,False,False,False,EXACT_DERIVED
ternary_sample,7996,9,16,16,16,16,0,False,False,False,EXACT_DERIVED
ternary_sample,7997,9,15,16,16,16,0,False,False,False,EXACT_DERIVED
ternary_sample,7998,9,16,16,16,16,0,False,False,False,EXACT_DERIVED
ternary_sample,7999,9,16,16,16,16,0,False,False,False,EXACT_DERIVED
ternary_sample,8000,9,16,16,16,16,0,False,False,False,EXACT_DERIVED
ternary_sample,8001,9,16,16,16,16,0,False,False,False,EXACT_DERIVED
ternary_sample,8002,9,16,16,16,16,0,False,False,False,EXACT_DERIVED
ternary_sample,8003,9,16,16,16,16,0,False,False,False,EXACT_DERIVED
ternary_sample,8004,9,16,16,16,16,0,False,False,False,EXACT_DERIVED
ternary_sample,8005,9,16,16,16,16,0,False,False,False,EXACT_DERIVED
ternary_sample,8006,9,16,16,16,16,0,False,False,False,EXACT_DERIVED
ternary_sample,8007,9,16,16,16,16,0,False,False,False,EXACT_DERIVED
ternary_sample,8008,9,16,16,16,16,0,False,False,False,EXACT_DERIVED
ternary_sample,8009,9,16,16,16,16,0,False,False,False,EXACT_DERIVED
ternary_sample,8010,9,16,16,16,16,0,False,False,False,EXACT_DERIVED
ternary_sample,8011,9,16,16,16,16,0,False,False,False,EXACT_DERIVED
ternary_sample,8012,9,16,16,16,16,0,False,False,False,EXACT_DERIVED
ternary_sample,8013,9,16,16,16,16,0,False,False,False,EXACT_DERIVED
ternary_sample,8014,9,16,16,16,16,0,False,False,False,EXACT_DERIVED
ternary_sample,8015,9,15,16,16,16,0,False,False,False,EXACT_DERIVED
ternary_sample,8016,9,16,16,16,16,0,False,False,False,EXACT_DERIVED
ternary_sample,8017,9,16,16,16,16,0,False,False,False,EXACT_DERIVED
ternary_sample,8018,9,16,16,16,16,0,False,False,False,EXACT_DERIVED
ternary_sample,8019,9,16,16,16,16,0,False,False,False,EXACT_DERIVED
ternary_sample,8020,9,16,16,16,16,0,False,False,False,EXACT_DERIVED
ternary_sample,8021,9,16,16,16,16,0,False,False,False,EXACT_DERIVED
ternary_sample,8022,9,16,16,16,16,0,False,False,False,EXACT_DERIVED
ternary_sample,8023,9,16,16,16,16,0,False,False,False,EXACT_DERIVED
ternary_sample,8024,9,16,16,16,16,0,False,False,False,EXACT_DERIVED
ternary_sample,8025,9,16,16,16,16,0,False,False,False,EXACT_DERIVED
ternary_sample,8026,9,15,16,16,16,0,False,False,False,EXACT_DERIVED
ternary_sample,8027,9,16,16,16,16,0,False,False,False,EXACT_DERIVED
ternary_sample,8028,9,16,16,16,16,0,False,False,False,EXACT_DERIVED
ternary_sample,8029,9,14,16,16,16,0,False,False,False,EXACT_DERIVED
ternary_sample,8030,9,16,16,16,16,0,False,False,False,EXACT_DERIVED
ternary_sample,8031,9,15,16,16,16,0,False,False,False,EXACT_DERIVED
ternary_sample,8032,9,16,16,16,16,0,False,False,False,EXACT_DERIVED
ternary_sample,8033,9,16,16,16,16,0,False,False,False,EXACT_DERIVED
ternary_sample,8034,9,15,16,16,16,0,False,False,False,EXACT_DERIVED
ternary_sample,8035,9,16,16,16,16,0,False,False,False,EXACT_DERIVED
ternary_sample,8036,9,16,16,16,16,0,False,False,False,EXACT_DERIVED
ternary_sample,8037,9,15,16,16,16,0,False,False,False,EXACT_DERIVED
ternary_sample,8038,9,16,16,16,16,0,False,False,False,EXACT_DERIVED
ternary_sample,8039,9,16,16,16,16,0,False,False,False,EXACT_DERIVED
ternary_sample,8040,9,15,16,16,16,0,False,False,False,EXACT_DERIVED
ternary_sample,8041,9,16,16,16,16,0,False,False,False,EXACT_DERIVED
ternary_sample,8042,9,16,16,16,16,0,False,False,False,EXACT_DERIVED
ternary_sample,8043,9,16,16,16,16,0,False,False,False,EXACT_DERIVED
ternary_sample,8044,9,16,16,16,16,0,False,False,False,EXACT_DERIVED
ternary_sample,8045,9,16,16,16,16,0,False,False,False,EXACT_DERIVED
ternary_sample,8046,9,16,16,16,16,0,False,False,False,EXACT_DERIVED
ternary_sample,8047,9,16,16,16,16,0,False,False,False,EXACT_DERIVED
ternary_sample,8048,9,16,16,16,16,0,False,False,False,EXACT_DERIVED
ternary_sample,8049,9,16,16,16,16,0,False,False,False,EXACT_DERIVED
ternary_sample,8050,9,16,16,16,16,0,False,False,False,EXACT_DERIVED
ternary_sample,8051,9,16,16,16,16,0,False,False,False,EXACT_DERIVED
ternary_sample,8052,9,16,16,16,16,0,False,False,False,EXACT_DERIVED
ternary_sample,8053,9,16,16,16,16,0,False,False,False,EXACT_DERIVED
ternary_sample,8054,9,16,16,16,16,0,False,False,False,EXACT_DERIVED
ternary_sample,8055,9,16,16,16,16,0,False,False,False,EXACT_DERIVED
ternary_sample,8056,9,16,16,16,16,0,False,False,False,EXACT_DERIVED
ternary_sample,8057,9,16,16,16,16,0,False,False,False,EXACT_DERIVED
ternary_sample,8058,9,16,16,16,16,0,False,False,False,EXACT_DERIVED
ternary_sample,8059,9,15,16,16,16,0,False,False,False,EXACT_DERIVED
ternary_sample,8060,9,16,16,16,16,0,False,False,False,EXACT_DERIVED
ternary_sample,8061,9,15,16,16,16,0,False,False,False,EXACT_DERIVED
ternary_sample,8062,9,16,16,16,16,0,False,False,False,EXACT_DERIVED
ternary_sample,8063,9,16,16,16,16,0,False,False,False,EXACT_DERIVED
ternary_sample,8064,9,16,16,16,16,0,False,False,False,EXACT_DERIVED
ternary_sample,8065,9,16,16,16,16,0,False,False,False,EXACT_DERIVED
ternary_sample,8066,9,16,16,16,16,0,False,False,False,EXACT_DERIVED
ternary_sample,8067,9,15,16,16,16,0,False,False,False,EXACT_DERIVED
ternary_sample,8068,9,14,16,16,16,0,False,False,False,EXACT_DERIVED
ternary_sample,8069,9,16,16,16,16,0,False,False,False,EXACT_DERIVED
ternary_sample,8070,9,16,16,16,16,0,False,False,False,EXACT_DERIVED
ternary_sample,8071,9,15,16,16,16,0,False,False,False,EXACT_DERIVED
ternary_sample,8072,9,16,16,16,16,0,False,False,False,EXACT_DERIVED
ternary_sample,8073,9,16,16,16,16,0,False,False,False,EXACT_DERIVED
ternary_sample,8074,9,16,16,16,16,0,False,False,False,EXACT_DERIVED
ternary_sample,8075,9,16,16,16,16,0,False,False,False,EXACT_DERIVED
ternary_sample,8076,9,16,16,16,16,0,False,False,False,EXACT_DERIVED
ternary_sample,8077,9,16,16,16,16,0,False,False,False,EXACT_DERIVED
ternary_sample,8078,9,16,16,16,16,0,False,False,False,EXACT_DERIVED
ternary_sample,8079,9,16,16,16,16,0,False,False,False,EXACT_DERIVED
ternary_sample,8080,9,16,16,16,16,0,False,False,False,EXACT_DERIVED
ternary_sample,8081,9,16,16,16,16,0,False,False,False,EXACT_DERIVED
ternary_sample,8082,9,16,16,16,16,0,False,False,False,EXACT_DERIVED
ternary_sample,8083,9,16,16,16,16,0,False,False,False,EXACT_DERIVED
ternary_sample,8084,9,15,16,16,16,0,False,False,False,EXACT_DERIVED
ternary_sample,8085,9,16,16,16,16,0,False,False,False,EXACT_DERIVED
ternary_sample,8086,9,15,16,16,16,0,False,False,False,EXACT_DERIVED
ternary_sample,8087,9,15,16,16,16,0,False,False,False,EXACT_DERIVED
ternary_sample,8088,9,16,16,16,16,0,False,False,False,EXACT_DERIVED
ternary_sample,8089,9,16,16,16,16,0,False,False,False,EXACT_DERIVED
ternary_sample,8090,9,16,16,16,16,0,False,False,False,EXACT_DERIVED
ternary_sample,8091,9,16,16,16,16,0,False,False,False,EXACT_DERIVED
ternary_sample,8092,9,16,16,16,16,0,False,False,False,EXACT_DERIVED
ternary_sample,8093,9,16,16,16,16,0,False,False,False,EXACT_DERIVED
ternary_sample,8094,9,16,16,16,16,0,False,False,False,EXACT_DERIVED
ternary_sample,8095,9,16,16,16,16,0,False,False,False,EXACT_DERIVED
ternary_sample,8096,9,16,16,16,16,0,False,False,False,EXACT_DERIVED
ternary_sample,8097,9,16,16,16,16,0,False,False,False,EXACT_DERIVED
ternary_sample,8098,9,14,16,16,16,0,False,False,False,EXACT_DERIVED
ternary_sample,8099,9,16,16,16,16,0,False,False,False,EXACT_DERIVED
ternary_sample,8100,9,16,16,16,16,0,False,False,False,EXACT_DERIVED
ternary_sample,8101,9,16,16,16,16,0,False,False,False,EXACT_DERIVED
ternary_sample,8102,9,14,16,16,16,0,False,False,False,EXACT_DERIVED
ternary_sample,8103,9,16,16,16,16,0,False,False,False,EXACT_DERIVED
ternary_sample,8104,9,16,16,16,16,0,False,False,False,EXACT_DERIVED
ternary_sample,8105,9,16,16,16,16,0,False,False,False,EXACT_DERIVED
ternary_sample,8106,9,15,16,16,16,0,False,False,False,EXACT_DERIVED
ternary_sample,8107,9,15,16,16,16,0,False,False,False,EXACT_DERIVED
ternary_sample,8108,9,16,16,16,16,0,False,False,False,EXACT_DERIVED
ternary_sample,8109,9,16,16,16,16,0,False,False,False,EXACT_DERIVED
ternary_sample,8110,9,16,16,16,16,0,False,False,False,EXACT_DERIVED
ternary_sample,8111,9,15,16,16,16,0,False,False,False,EXACT_DERIVED
ternary_sample,8112,9,15,16,16,16,0,False,False,False,EXACT_DERIVED
ternary_sample,8113,9,16,16,16,16,0,False,False,False,EXACT_DERIVED
ternary_sample,8114,9,16,16,16,16,0,False,False,False,EXACT_DERIVED
ternary_sample,8115,9,16,16,16,16,0,False,False,False,EXACT_DERIVED
ternary_sample,8116,9,16,16,16,16,0,False,False,False,EXACT_DERIVED
ternary_sample,8117,9,16,16,16,16,0,False,False,False,EXACT_DERIVED
ternary_sample,8118,9,15,16,16,16,0,False,False,False,EXACT_DERIVED
ternary_sample,8119,9,16,16,16,16,0,False,False,False,EXACT_DERIVED
ternary_sample,8120,9,16,16,16,16,0,False,False,False,EXACT_DERIVED
ternary_sample,8121,9,16,16,16,16,0,False,False,False,EXACT_DERIVED
ternary_sample,8122,9,16,16,16,16,0,False,False,False,EXACT_DERIVED
ternary_sample,8123,9,16,16,16,16,0,False,False,False,EXACT_DERIVED
ternary_sample,8124,9,16,16,16,16,0,False,False,False,EXACT_DERIVED
ternary_sample,8125,9,16,16,16,16,0,False,False,False,EXACT_DERIVED
ternary_sample,8126,9,16,16,16,16,0,False,False,False,EXACT_DERIVED
ternary_sample,8127,9,16,16,16,16,0,False,False,False,EXACT_DERIVED
ternary_sample,8128,9,16,16,16,16,0,False,False,False,EXACT_DERIVED
ternary_sample,8129,9,16,16,16,16,0,False,False,False,EXACT_DERIVED
ternary_sample,8130,9,16,16,16,16,0,False,False,False,EXACT_DERIVED
ternary_sample,8131,9,16,16,16,16,0,False,False,False,EXACT_DERIVED
ternary_sample,8132,9,16,16,16,16,0,False,False,False,EXACT_DERIVED
ternary_sample,8133,9,16,16,16,16,0,False,False,False,EXACT_DERIVED
ternary_sample,8134,9,16,16,16,16,0,False,False,False,EXACT_DERIVED
ternary_sample,8135,9,15,16,16,16,0,False,False,False,EXACT_DERIVED
ternary_sample,8136,9,16,16,16,16,0,False,False,False,EXACT_DERIVED
ternary_sample,8137,9,16,16,16,16,0,False,False,False,EXACT_DERIVED
ternary_sample,8138,9,16,16,16,16,0,False,False,False,EXACT_DERIVED
ternary_sample,8139,9,16,16,16,16,0,False,False,False,EXACT_DERIVED
ternary_sample,8140,9,16,16,16,16,0,False,False,False,EXACT_DERIVED
ternary_sample,8141,9,15,16,16,16,0,False,False,False,EXACT_DERIVED
ternary_sample,8142,9,16,16,16,16,0,False,False,False,EXACT_DERIVED
ternary_sample,8143,9,16,16,16,16,0,False,False,False,EXACT_DERIVED
ternary_sample,8144,9,15,16,16,16,0,False,False,False,EXACT_DERIVED
ternary_sample,8145,9,16,16,16,16,0,False,False,False,EXACT_DERIVED
ternary_sample,8146,9,15,16,16,16,0,False,False,False,EXACT_DERIVED
ternary_sample,8147,9,14,16,16,16,0,False,False,False,EXACT_DERIVED
ternary_sample,8148,9,16,16,16,16,0,False,False,False,EXACT_DERIVED
ternary_sample,8149,9,16,16,16,16,0,False,False,False,EXACT_DERIVED
ternary_sample,8150,9,13,15,16,16,0,False,False,False,EXACT_DERIVED
ternary_sample,8151,9,16,16,16,16,0,False,False,False,EXACT_DERIVED
ternary_sample,8152,9,16,16,16,16,0,False,False,False,EXACT_DERIVED
ternary_sample,8153,9,16,16,16,16,0,False,False,False,EXACT_DERIVED
ternary_sample,8154,9,16,16,16,16,0,False,False,False,EXACT_DERIVED
ternary_sample,8155,9,16,16,16,16,0,False,False,False,EXACT_DERIVED
ternary_sample,8156,9,16,16,16,16,0,False,False,False,EXACT_DERIVED
ternary_sample,8157,9,15,16,16,16,0,False,False,False,EXACT_DERIVED
ternary_sample,8158,9,16,16,16,16,0,False,False,False,EXACT_DERIVED
ternary_sample,8159,9,16,16,16,16,0,False,False,False,EXACT_DERIVED
ternary_sample,8160,9,16,16,16,16,0,False,False,False,EXACT_DERIVED
ternary_sample,8161,9,16,16,16,16,0,False,False,False,EXACT_DERIVED
ternary_sample,8162,9,16,16,16,16,0,False,False,False,EXACT_DERIVED
ternary_sample,8163,9,15,16,16,16,0,False,False,False,EXACT_DERIVED
ternary_sample,8164,9,16,16,16,16,0,False,False,False,EXACT_DERIVED
ternary_sample,8165,9,16,16,16,16,0,False,False,False,EXACT_DERIVED
ternary_sample,8166,9,15,16,16,16,0,False,False,False,EXACT_DERIVED
ternary_sample,8167,9,16,16,16,16,0,False,False,False,EXACT_DERIVED
ternary_sample,8168,9,16,16,16,16,0,False,False,False,EXACT_DERIVED
ternary_sample,8169,9,16,16,16,16,0,False,False,False,EXACT_DERIVED
ternary_sample,8170,9,16,16,16,16,0,False,False,False,EXACT_DERIVED
ternary_sample,8171,9,16,16,16,16,0,False,False,False,EXACT_DERIVED
ternary_sample,8172,9,16,16,16,16,0,False,False,False,EXACT_DERIVED
ternary_sample,8173,9,16,16,16,16,0,False,False,False,EXACT_DERIVED
ternary_sample,8174,9,16,16,16,16,0,False,False,False,EXACT_DERIVED
ternary_sample,8175,9,15,16,16,16,0,False,False,False,EXACT_DERIVED
ternary_sample,8176,9,16,16,16,16,0,False,False,False,EXACT_DERIVED
ternary_sample,8177,9,16,16,16,16,0,False,False,False,EXACT_DERIVED
ternary_sample,8178,9,16,16,16,16,0,False,False,False,EXACT_DERIVED
ternary_sample,8179,9,16,16,16,16,0,False,False,False,EXACT_DERIVED
ternary_sample,8180,9,16,16,16,16,0,False,False,False,EXACT_DERIVED
ternary_sample,8181,9,16,16,16,16,0,False,False,False,EXACT_DERIVED
ternary_sample,8182,9,16,16,16,16,0,False,False,False,EXACT_DERIVED
ternary_sample,8183,9,16,16,16,16,0,False,False,False,EXACT_DERIVED
ternary_sample,8184,9,16,16,16,16,0,False,False,False,EXACT_DERIVED
ternary_sample,8185,9,16,16,16,16,0,False,False,False,EXACT_DERIVED
ternary_sample,8186,9,16,16,16,16,0,False,False,False,EXACT_DERIVED
ternary_sample,8187,9,16,16,16,16,0,False,False,False,EXACT_DERIVED
ternary_sample,8188,9,16,16,16,16,0,False,False,False,EXACT_DERIVED
ternary_sample,8189,9,15,16,16,16,0,False,False,False,EXACT_DERIVED
ternary_sample,8190,9,16,16,16,16,0,False,False,False,EXACT_DERIVED
ternary_sample,8191,9,16,16,16,16,0,False,False,False,EXACT_DERIVED
ternary_sample,8192,9,16,16,16,16,0,False,False,False,EXACT_DERIVED
ternary_sample,8193,9,16,16,16,16,0,False,False,False,EXACT_DERIVED
ternary_sample,8194,9,16,16,16,16,0,False,False,False,EXACT_DERIVED
ternary_sample,8195,9,16,16,16,16,0,False,False,False,EXACT_DERIVED
ternary_sample,8196,9,16,16,16,16,0,False,False,False,EXACT_DERIVED
ternary_sample,8197,9,16,16,16,16,0,False,False,False,EXACT_DERIVED
ternary_sample,8198,9,16,16,16,16,0,False,False,False,EXACT_DERIVED
ternary_sample,8199,9,16,16,16,16,0,False,False,False,EXACT_DERIVED
ternary_sample,8200,9,16,16,16,16,0,False,False,False,EXACT_DERIVED
ternary_sample,8201,9,16,16,16,16,0,False,False,False,EXACT_DERIVED
ternary_sample,8202,9,16,16,16,16,0,False,False,False,EXACT_DERIVED
ternary_sample,8203,9,16,16,16,16,0,False,False,False,EXACT_DERIVED
ternary_sample,8204,9,16,16,16,16,0,False,False,False,EXACT_DERIVED
ternary_sample,8205,9,15,16,16,16,0,False,False,False,EXACT_DERIVED
ternary_sample,8206,9,16,16,16,16,0,False,False,False,EXACT_DERIVED
ternary_sample,8207,9,16,16,16,16,0,False,False,False,EXACT_DERIVED
ternary_sample,8208,9,16,16,16,16,0,False,False,False,EXACT_DERIVED
ternary_sample,8209,9,16,16,16,16,0,False,False,False,EXACT_DERIVED
ternary_sample,8210,9,16,16,16,16,0,False,False,False,EXACT_DERIVED
ternary_sample,8211,9,16,16,16,16,0,False,False,False,EXACT_DERIVED
ternary_sample,8212,9,16,16,16,16,0,False,False,False,EXACT_DERIVED
ternary_sample,8213,9,16,16,16,16,0,False,False,False,EXACT_DERIVED
ternary_sample,8214,9,16,16,16,16,0,False,False,False,EXACT_DERIVED
ternary_sample,8215,9,16,16,16,16,0,False,False,False,EXACT_DERIVED
ternary_sample,8216,9,16,16,16,16,0,False,False,False,EXACT_DERIVED
ternary_sample,8217,9,16,16,16,16,0,False,False,False,EXACT_DERIVED
ternary_sample,8218,9,16,16,16,16,0,False,False,False,EXACT_DERIVED
ternary_sample,8219,9,16,16,16,16,0,False,False,False,EXACT_DERIVED
ternary_sample,8220,9,16,16,16,16,0,False,False,False,EXACT_DERIVED
ternary_sample,8221,9,16,16,16,16,0,False,False,False,EXACT_DERIVED
ternary_sample,8222,9,16,16,16,16,0,False,False,False,EXACT_DERIVED
ternary_sample,8223,9,16,16,16,16,0,False,False,False,EXACT_DERIVED
ternary_sample,8224,9,15,16,16,16,0,False,False,False,EXACT_DERIVED
ternary_sample,8225,9,16,16,16,16,0,False,False,False,EXACT_DERIVED
ternary_sample,8226,9,16,16,16,16,0,False,False,False,EXACT_DERIVED
ternary_sample,8227,9,16,16,16,16,0,False,False,False,EXACT_DERIVED
ternary_sample,8228,9,15,16,16,16,0,False,False,False,EXACT_DERIVED
ternary_sample,8229,9,16,16,16,16,0,False,False,False,EXACT_DERIVED
ternary_sample,8230,9,16,16,16,16,0,False,False,False,EXACT_DERIVED
ternary_sample,8231,9,16,16,16,16,0,False,False,False,EXACT_DERIVED
ternary_sample,8232,9,15,16,16,16,0,False,False,False,EXACT_DERIVED
ternary_sample,8233,9,15,16,16,16,0,False,False,False,EXACT_DERIVED
ternary_sample,8234,9,16,16,16,16,0,False,False,False,EXACT_DERIVED
ternary_sample,8235,9,16,16,16,16,0,False,False,False,EXACT_DERIVED
ternary_sample,8236,9,16,16,16,16,0,False,False,False,EXACT_DERIVED
ternary_sample,8237,9,16,16,16,16,0,False,False,False,EXACT_DERIVED
ternary_sample,8238,9,15,16,16,16,0,False,False,False,EXACT_DERIVED
ternary_sample,8239,9,16,16,16,16,0,False,False,False,EXACT_DERIVED
ternary_sample,8240,9,15,16,16,16,0,False,False,False,EXACT_DERIVED
ternary_sample,8241,9,16,16,16,16,0,False,False,False,EXACT_DERIVED
ternary_sample,8242,9,16,16,16,16,0,False,False,False,EXACT_DERIVED
ternary_sample,8243,9,15,16,16,16,0,False,False,False,EXACT_DERIVED
ternary_sample,8244,9,16,16,16,16,0,False,False,False,EXACT_DERIVED
ternary_sample,8245,9,16,16,16,16,0,False,False,False,EXACT_DERIVED
ternary_sample,8246,9,16,16,16,16,0,False,False,False,EXACT_DERIVED
ternary_sample,8247,9,14,16,16,16,0,False,False,False,EXACT_DERIVED
ternary_sample,8248,9,16,16,16,16,0,False,False,False,EXACT_DERIVED
ternary_sample,8249,9,15,16,16,16,0,False,False,False,EXACT_DERIVED
ternary_sample,8250,9,16,16,16,16,0,False,False,False,EXACT_DERIVED
ternary_sample,8251,9,16,16,16,16,0,False,False,False,EXACT_DERIVED
ternary_sample,8252,9,15,16,16,16,0,False,False,False,EXACT_DERIVED
ternary_sample,8253,9,16,16,16,16,0,False,False,False,EXACT_DERIVED
ternary_sample,8254,9,16,16,16,16,0,False,False,False,EXACT_DERIVED
ternary_sample,8255,9,15,16,16,16,0,False,False,False,EXACT_DERIVED
ternary_sample,8256,9,14,16,16,16,0,False,False,False,EXACT_DERIVED
ternary_sample,8257,9,16,16,16,16,0,False,False,False,EXACT_DERIVED
ternary_sample,8258,9,16,16,16,16,0,False,False,False,EXACT_DERIVED
ternary_sample,8259,9,16,16,16,16,0,False,False,False,EXACT_DERIVED
ternary_sample,8260,9,16,16,16,16,0,False,False,False,EXACT_DERIVED
ternary_sample,8261,9,16,16,16,16,0,False,False,False,EXACT_DERIVED
ternary_sample,8262,9,16,16,16,16,0,False,False,False,EXACT_DERIVED
ternary_sample,8263,9,16,16,16,16,0,False,False,False,EXACT_DERIVED
ternary_sample,8264,9,16,16,16,16,0,False,False,False,EXACT_DERIVED
ternary_sample,8265,9,16,16,16,16,0,False,False,False,EXACT_DERIVED
ternary_sample,8266,9,16,16,16,16,0,False,False,False,EXACT_DERIVED
ternary_sample,8267,9,16,16,16,16,0,False,False,False,EXACT_DERIVED
ternary_sample,8268,9,16,16,16,16,0,False,False,False,EXACT_DERIVED
ternary_sample,8269,9,16,16,16,16,0,False,False,False,EXACT_DERIVED
ternary_sample,8270,9,16,16,16,16,0,False,False,False,EXACT_DERIVED
ternary_sample,8271,9,16,16,16,16,0,False,False,False,EXACT_DERIVED
ternary_sample,8272,9,16,16,16,16,0,False,False,False,EXACT_DERIVED
ternary_sample,8273,9,16,16,16,16,0,False,False,False,EXACT_DERIVED
ternary_sample,8274,9,14,16,16,16,0,False,False,False,EXACT_DERIVED
ternary_sample,8275,9,16,16,16,16,0,False,False,False,EXACT_DERIVED
ternary_sample,8276,9,16,16,16,16,0,False,False,False,EXACT_DERIVED
ternary_sample,8277,9,16,16,16,16,0,False,False,False,EXACT_DERIVED
ternary_sample,8278,9,16,16,16,16,0,False,False,False,EXACT_DERIVED
ternary_sample,8279,9,16,16,16,16,0,False,False,False,EXACT_DERIVED
ternary_sample,8280,9,16,16,16,16,0,False,False,False,EXACT_DERIVED
ternary_sample,8281,9,16,16,16,16,0,False,False,False,EXACT_DERIVED
ternary_sample,8282,9,15,16,16,16,0,False,False,False,EXACT_DERIVED
ternary_sample,8283,9,16,16,16,16,0,False,False,False,EXACT_DERIVED
ternary_sample,8284,9,16,16,16,16,0,False,False,False,EXACT_DERIVED
ternary_sample,8285,9,16,16,16,16,0,False,False,False,EXACT_DERIVED
ternary_sample,8286,9,16,16,16,16,0,False,False,False,EXACT_DERIVED
ternary_sample,8287,9,15,16,16,16,0,False,False,False,EXACT_DERIVED
ternary_sample,8288,9,15,16,16,16,0,False,False,False,EXACT_DERIVED
ternary_sample,8289,9,16,16,16,16,0,False,False,False,EXACT_DERIVED
ternary_sample,8290,9,16,16,16,16,0,False,False,False,EXACT_DERIVED
ternary_sample,8291,9,16,16,16,16,0,False,False,False,EXACT_DERIVED
ternary_sample,8292,9,16,16,16,16,0,False,False,False,EXACT_DERIVED
ternary_sample,8293,9,16,16,16,16,0,False,False,False,EXACT_DERIVED
ternary_sample,8294,9,16,16,16,16,0,False,False,False,EXACT_DERIVED
ternary_sample,8295,9,16,16,16,16,0,False,False,False,EXACT_DERIVED
ternary_sample,8296,9,16,16,16,16,0,False,False,False,EXACT_DERIVED
ternary_sample,8297,9,16,16,16,16,0,False,False,False,EXACT_DERIVED
ternary_sample,8298,9,16,16,16,16,0,False,False,False,EXACT_DERIVED
ternary_sample,8299,9,16,16,16,16,0,False,False,False,EXACT_DERIVED
ternary_sample,8300,9,16,16,16,16,0,False,False,False,EXACT_DERIVED
ternary_sample,8301,9,15,16,16,16,0,False,False,False,EXACT_DERIVED
ternary_sample,8302,9,16,16,16,16,0,False,False,False,EXACT_DERIVED
ternary_sample,8303,9,16,16,16,16,0,False,False,False,EXACT_DERIVED
ternary_sample,8304,9,16,16,16,16,0,False,False,False,EXACT_DERIVED
ternary_sample,8305,9,16,16,16,16,0,False,False,False,EXACT_DERIVED
ternary_sample,8306,9,14,16,16,16,0,False,False,False,EXACT_DERIVED
ternary_sample,8307,9,16,16,16,16,0,False,False,False,EXACT_DERIVED
ternary_sample,8308,9,16,16,16,16,0,False,False,False,EXACT_DERIVED
ternary_sample,8309,9,16,16,16,16,0,False,False,False,EXACT_DERIVED
ternary_sample,8310,9,16,16,16,16,0,False,False,False,EXACT_DERIVED
ternary_sample,8311,9,16,16,16,16,0,False,False,False,EXACT_DERIVED
ternary_sample,8312,9,16,16,16,16,0,False,False,False,EXACT_DERIVED
ternary_sample,8313,9,16,16,16,16,0,False,False,False,EXACT_DERIVED
ternary_sample,8314,9,16,16,16,16,0,False,False,False,EXACT_DERIVED
ternary_sample,8315,9,16,16,16,16,0,False,False,False,EXACT_DERIVED
ternary_sample,8316,9,16,16,16,16,0,False,False,False,EXACT_DERIVED
ternary_sample,8317,9,15,16,16,16,0,False,False,False,EXACT_DERIVED
ternary_sample,8318,9,16,16,16,16,0,False,False,False,EXACT_DERIVED
ternary_sample,8319,9,16,16,16,16,0,False,False,False,EXACT_DERIVED
ternary_sample,8320,9,16,16,16,16,0,False,False,False,EXACT_DERIVED
ternary_sample,8321,9,16,16,16,16,0,False,False,False,EXACT_DERIVED
ternary_sample,8322,9,16,16,16,16,0,False,False,False,EXACT_DERIVED
ternary_sample,8323,9,16,16,16,16,0,False,False,False,EXACT_DERIVED
ternary_sample,8324,9,16,16,16,16,0,False,False,False,EXACT_DERIVED
ternary_sample,8325,9,16,16,16,16,0,False,False,False,EXACT_DERIVED
ternary_sample,8326,9,16,16,16,16,0,False,False,False,EXACT_DERIVED
ternary_sample,8327,9,16,16,16,16,0,False,False,False,EXACT_DERIVED
ternary_sample,8328,9,16,16,16,16,0,False,False,False,EXACT_DERIVED
ternary_sample,8329,9,16,16,16,16,0,False,False,False,EXACT_DERIVED
ternary_sample,8330,9,16,16,16,16,0,False,False,False,EXACT_DERIVED
ternary_sample,8331,9,15,16,16,16,0,False,False,False,EXACT_DERIVED
ternary_sample,8332,9,16,16,16,16,0,False,False,False,EXACT_DERIVED
ternary_sample,8333,9,15,16,16,16,0,False,False,False,EXACT_DERIVED
ternary_sample,8334,9,16,16,16,16,0,False,False,False,EXACT_DERIVED
ternary_sample,8335,9,15,16,16,16,0,False,False,False,EXACT_DERIVED
ternary_sample,8336,9,16,16,16,16,0,False,False,False,EXACT_DERIVED
ternary_sample,8337,9,15,16,16,16,0,False,False,False,EXACT_DERIVED
ternary_sample,8338,9,13,16,16,16,0,False,False,False,EXACT_DERIVED
ternary_sample,8339,9,16,16,16,16,0,False,False,False,EXACT_DERIVED
ternary_sample,8340,9,16,16,16,16,0,False,False,False,EXACT_DERIVED
ternary_sample,8341,9,16,16,16,16,0,False,False,False,EXACT_DERIVED
ternary_sample,8342,9,16,16,16,16,0,False,False,False,EXACT_DERIVED
ternary_sample,8343,9,16,16,16,16,0,False,False,False,EXACT_DERIVED
ternary_sample,8344,9,16,16,16,16,0,False,False,False,EXACT_DERIVED
ternary_sample,8345,9,16,16,16,16,0,False,False,False,EXACT_DERIVED
ternary_sample,8346,9,16,16,16,16,0,False,False,False,EXACT_DERIVED
ternary_sample,8347,9,16,16,16,16,0,False,False,False,EXACT_DERIVED
ternary_sample,8348,9,16,16,16,16,0,False,False,False,EXACT_DERIVED
ternary_sample,8349,9,16,16,16,16,0,False,False,False,EXACT_DERIVED
ternary_sample,8350,9,16,16,16,16,0,False,False,False,EXACT_DERIVED
ternary_sample,8351,9,16,16,16,16,0,False,False,False,EXACT_DERIVED
ternary_sample,8352,9,16,16,16,16,0,False,False,False,EXACT_DERIVED
ternary_sample,8353,9,16,16,16,16,0,False,False,False,EXACT_DERIVED
ternary_sample,8354,9,16,16,16,16,0,False,False,False,EXACT_DERIVED
ternary_sample,8355,9,16,16,16,16,0,False,False,False,EXACT_DERIVED
ternary_sample,8356,9,16,16,16,16,0,False,False,False,EXACT_DERIVED
ternary_sample,8357,9,16,16,16,16,0,False,False,False,EXACT_DERIVED
ternary_sample,8358,9,16,16,16,16,0,False,False,False,EXACT_DERIVED
ternary_sample,8359,9,14,16,16,16,0,False,False,False,EXACT_DERIVED
ternary_sample,8360,9,16,16,16,16,0,False,False,False,EXACT_DERIVED
ternary_sample,8361,9,15,16,16,16,0,False,False,False,EXACT_DERIVED
ternary_sample,8362,9,16,16,16,16,0,False,False,False,EXACT_DERIVED
ternary_sample,8363,9,16,16,16,16,0,False,False,False,EXACT_DERIVED
ternary_sample,8364,9,16,16,16,16,0,False,False,False,EXACT_DERIVED
ternary_sample,8365,9,16,16,16,16,0,False,False,False,EXACT_DERIVED
ternary_sample,8366,9,16,16,16,16,0,False,False,False,EXACT_DERIVED
ternary_sample,8367,9,16,16,16,16,0,False,False,False,EXACT_DERIVED
ternary_sample,8368,9,16,16,16,16,0,False,False,False,EXACT_DERIVED
ternary_sample,8369,9,16,16,16,16,0,False,False,False,EXACT_DERIVED
ternary_sample,8370,9,16,16,16,16,0,False,False,False,EXACT_DERIVED
ternary_sample,8371,9,16,16,16,16,0,False,False,False,EXACT_DERIVED
ternary_sample,8372,9,16,16,16,16,0,False,False,False,EXACT_DERIVED
ternary_sample,8373,9,16,16,16,16,0,False,False,False,EXACT_DERIVED
ternary_sample,8374,9,16,16,16,16,0,False,False,False,EXACT_DERIVED
ternary_sample,8375,9,14,16,16,16,0,False,False,False,EXACT_DERIVED
ternary_sample,8376,9,16,16,16,16,0,False,False,False,EXACT_DERIVED
ternary_sample,8377,9,16,16,16,16,0,False,False,False,EXACT_DERIVED
ternary_sample,8378,9,16,16,16,16,0,False,False,False,EXACT_DERIVED
ternary_sample,8379,9,16,16,16,16,0,False,False,False,EXACT_DERIVED
ternary_sample,8380,9,16,16,16,16,0,False,False,False,EXACT_DERIVED
ternary_sample,8381,9,16,16,16,16,0,False,False,False,EXACT_DERIVED
ternary_sample,8382,9,16,16,16,16,0,False,False,False,EXACT_DERIVED
ternary_sample,8383,9,16,16,16,16,0,False,False,False,EXACT_DERIVED
ternary_sample,8384,9,16,16,16,16,0,False,False,False,EXACT_DERIVED
ternary_sample,8385,9,16,16,16,16,0,False,False,False,EXACT_DERIVED
ternary_sample,8386,9,16,16,16,16,0,False,False,False,EXACT_DERIVED
ternary_sample,8387,9,15,16,16,16,0,False,False,False,EXACT_DERIVED
ternary_sample,8388,9,16,16,16,16,0,False,False,False,EXACT_DERIVED
ternary_sample,8389,9,16,16,16,16,0,False,False,False,EXACT_DERIVED
ternary_sample,8390,9,15,16,16,16,0,False,False,False,EXACT_DERIVED
ternary_sample,8391,9,16,16,16,16,0,False,False,False,EXACT_DERIVED
ternary_sample,8392,9,16,16,16,16,0,False,False,False,EXACT_DERIVED
ternary_sample,8393,9,16,16,16,16,0,False,False,False,EXACT_DERIVED
ternary_sample,8394,9,16,16,16,16,0,False,False,False,EXACT_DERIVED
ternary_sample,8395,9,16,16,16,16,0,False,False,False,EXACT_DERIVED
ternary_sample,8396,9,16,16,16,16,0,False,False,False,EXACT_DERIVED
ternary_sample,8397,9,15,16,16,16,0,False,False,False,EXACT_DERIVED
ternary_sample,8398,9,16,16,16,16,0,False,False,False,EXACT_DERIVED
ternary_sample,8399,9,16,16,16,16,0,False,False,False,EXACT_DERIVED
ternary_sample,8400,9,16,16,16,16,0,False,False,False,EXACT_DERIVED
ternary_sample,8401,9,16,16,16,16,0,False,False,False,EXACT_DERIVED
ternary_sample,8402,9,16,16,16,16,0,False,False,False,EXACT_DERIVED
ternary_sample,8403,9,15,16,16,16,0,False,False,False,EXACT_DERIVED
ternary_sample,8404,9,15,16,16,16,0,False,False,False,EXACT_DERIVED
ternary_sample,8405,9,16,16,16,16,0,False,False,False,EXACT_DERIVED
ternary_sample,8406,9,16,16,16,16,0,False,False,False,EXACT_DERIVED
ternary_sample,8407,9,16,16,16,16,0,False,False,False,EXACT_DERIVED
ternary_sample,8408,9,16,16,16,16,0,False,False,False,EXACT_DERIVED
ternary_sample,8409,9,16,16,16,16,0,False,False,False,EXACT_DERIVED
ternary_sample,8410,9,16,16,16,16,0,False,False,False,EXACT_DERIVED
ternary_sample,8411,9,16,16,16,16,0,False,False,False,EXACT_DERIVED
ternary_sample,8412,9,16,16,16,16,0,False,False,False,EXACT_DERIVED
ternary_sample,8413,9,15,16,16,16,0,False,False,False,EXACT_DERIVED
ternary_sample,8414,9,16,16,16,16,0,False,False,False,EXACT_DERIVED
ternary_sample,8415,9,16,16,16,16,0,False,False,False,EXACT_DERIVED
ternary_sample,8416,9,16,16,16,16,0,False,False,False,EXACT_DERIVED
ternary_sample,8417,9,16,16,16,16,0,False,False,False,EXACT_DERIVED
ternary_sample,8418,9,16,16,16,16,0,False,False,False,EXACT_DERIVED
ternary_sample,8419,9,14,16,16,16,0,False,False,False,EXACT_DERIVED
ternary_sample,8420,9,16,16,16,16,0,False,False,False,EXACT_DERIVED
ternary_sample,8421,9,16,16,16,16,0,False,False,False,EXACT_DERIVED
ternary_sample,8422,9,16,16,16,16,0,False,False,False,EXACT_DERIVED
ternary_sample,8423,9,16,16,16,16,0,False,False,False,EXACT_DERIVED
ternary_sample,8424,9,16,16,16,16,0,False,False,False,EXACT_DERIVED
ternary_sample,8425,9,15,16,16,16,0,False,False,False,EXACT_DERIVED
ternary_sample,8426,9,16,16,16,16,0,False,False,False,EXACT_DERIVED
ternary_sample,8427,9,16,16,16,16,0,False,False,False,EXACT_DERIVED
ternary_sample,8428,9,16,16,16,16,0,False,False,False,EXACT_DERIVED
ternary_sample,8429,9,16,16,16,16,0,False,False,False,EXACT_DERIVED
ternary_sample,8430,9,16,16,16,16,0,False,False,False,EXACT_DERIVED
ternary_sample,8431,9,16,16,16,16,0,False,False,False,EXACT_DERIVED
ternary_sample,8432,9,16,16,16,16,0,False,False,False,EXACT_DERIVED
ternary_sample,8433,9,16,16,16,16,0,False,False,False,EXACT_DERIVED
ternary_sample,8434,9,15,16,16,16,0,False,False,False,EXACT_DERIVED
ternary_sample,8435,9,16,16,16,16,0,False,False,False,EXACT_DERIVED
ternary_sample,8436,9,16,16,16,16,0,False,False,False,EXACT_DERIVED
ternary_sample,8437,9,16,16,16,16,0,False,False,False,EXACT_DERIVED
ternary_sample,8438,9,15,16,16,16,0,False,False,False,EXACT_DERIVED
ternary_sample,8439,9,13,16,16,16,0,False,False,False,EXACT_DERIVED
ternary_sample,8440,9,16,16,16,16,0,False,False,False,EXACT_DERIVED
ternary_sample,8441,9,16,16,16,16,0,False,False,False,EXACT_DERIVED
ternary_sample,8442,9,16,16,16,16,0,False,False,False,EXACT_DERIVED
ternary_sample,8443,9,16,16,16,16,0,False,False,False,EXACT_DERIVED
ternary_sample,8444,9,16,16,16,16,0,False,False,False,EXACT_DERIVED
ternary_sample,8445,9,16,16,16,16,0,False,False,False,EXACT_DERIVED
ternary_sample,8446,9,16,16,16,16,0,False,False,False,EXACT_DERIVED
ternary_sample,8447,9,16,16,16,16,0,False,False,False,EXACT_DERIVED
ternary_sample,8448,9,16,16,16,16,0,False,False,False,EXACT_DERIVED
ternary_sample,8449,9,16,16,16,16,0,False,False,False,EXACT_DERIVED
ternary_sample,8450,9,16,16,16,16,0,False,False,False,EXACT_DERIVED
ternary_sample,8451,9,15,16,16,16,0,False,False,False,EXACT_DERIVED
ternary_sample,8452,9,15,16,16,16,0,False,False,False,EXACT_DERIVED
ternary_sample,8453,9,16,16,16,16,0,False,False,False,EXACT_DERIVED
ternary_sample,8454,9,16,16,16,16,0,False,False,False,EXACT_DERIVED
ternary_sample,8455,9,16,16,16,16,0,False,False,False,EXACT_DERIVED
ternary_sample,8456,9,16,16,16,16,0,False,False,False,EXACT_DERIVED
ternary_sample,8457,9,16,16,16,16,0,False,False,False,EXACT_DERIVED
ternary_sample,8458,9,16,16,16,16,0,False,False,False,EXACT_DERIVED
ternary_sample,8459,9,16,16,16,16,0,False,False,False,EXACT_DERIVED
ternary_sample,8460,9,16,16,16,16,0,False,False,False,EXACT_DERIVED
ternary_sample,8461,9,16,16,16,16,0,False,False,False,EXACT_DERIVED
ternary_sample,8462,9,16,16,16,16,0,False,False,False,EXACT_DERIVED
ternary_sample,8463,9,16,16,16,16,0,False,False,False,EXACT_DERIVED
ternary_sample,8464,9,15,16,16,16,0,False,False,False,EXACT_DERIVED
ternary_sample,8465,9,16,16,16,16,0,False,False,False,EXACT_DERIVED
ternary_sample,8466,9,16,16,16,16,0,False,False,False,EXACT_DERIVED
ternary_sample,8467,9,16,16,16,16,0,False,False,False,EXACT_DERIVED
ternary_sample,8468,9,16,16,16,16,0,False,False,False,EXACT_DERIVED
ternary_sample,8469,9,16,16,16,16,0,False,False,False,EXACT_DERIVED
ternary_sample,8470,9,16,16,16,16,0,False,False,False,EXACT_DERIVED
ternary_sample,8471,9,16,16,16,16,0,False,False,False,EXACT_DERIVED
ternary_sample,8472,8,14,16,16,16,0,False,False,False,EXACT_DERIVED
ternary_sample,8473,9,16,16,16,16,0,False,False,False,EXACT_DERIVED
ternary_sample,8474,9,16,16,16,16,0,False,False,False,EXACT_DERIVED
ternary_sample,8475,9,16,16,16,16,0,False,False,False,EXACT_DERIVED
ternary_sample,8476,9,16,16,16,16,0,False,False,False,EXACT_DERIVED
ternary_sample,8477,9,16,16,16,16,0,False,False,False,EXACT_DERIVED
ternary_sample,8478,9,16,16,16,16,0,False,False,False,EXACT_DERIVED
ternary_sample,8479,9,16,16,16,16,0,False,False,False,EXACT_DERIVED
ternary_sample,8480,9,15,16,16,16,0,False,False,False,EXACT_DERIVED
ternary_sample,8481,9,16,16,16,16,0,False,False,False,EXACT_DERIVED
ternary_sample,8482,9,16,16,16,16,0,False,False,False,EXACT_DERIVED
ternary_sample,8483,9,15,16,16,16,0,False,False,False,EXACT_DERIVED
ternary_sample,8484,9,16,16,16,16,0,False,False,False,EXACT_DERIVED
ternary_sample,8485,9,16,16,16,16,0,False,False,False,EXACT_DERIVED
ternary_sample,8486,9,15,16,16,16,0,False,False,False,EXACT_DERIVED
ternary_sample,8487,9,16,16,16,16,0,False,False,False,EXACT_DERIVED
ternary_sample,8488,9,16,16,16,16,0,False,False,False,EXACT_DERIVED
ternary_sample,8489,9,16,16,16,16,0,False,False,False,EXACT_DERIVED
ternary_sample,8490,8,14,16,16,16,0,False,False,False,EXACT_DERIVED
ternary_sample,8491,9,16,16,16,16,0,False,False,False,EXACT_DERIVED
ternary_sample,8492,9,16,16,16,16,0,False,False,False,EXACT_DERIVED
ternary_sample,8493,9,16,16,16,16,0,False,False,False,EXACT_DERIVED
ternary_sample,8494,9,16,16,16,16,0,False,False,False,EXACT_DERIVED
ternary_sample,8495,9,16,16,16,16,0,False,False,False,EXACT_DERIVED
ternary_sample,8496,9,15,16,16,16,0,False,False,False,EXACT_DERIVED
ternary_sample,8497,9,16,16,16,16,0,False,False,False,EXACT_DERIVED
ternary_sample,8498,9,16,16,16,16,0,False,False,False,EXACT_DERIVED
ternary_sample,8499,9,16,16,16,16,0,False,False,False,EXACT_DERIVED
ternary_sample,8500,9,16,16,16,16,0,False,False,False,EXACT_DERIVED
ternary_sample,8501,9,16,16,16,16,0,False,False,False,EXACT_DERIVED
ternary_sample,8502,9,15,16,16,16,0,False,False,False,EXACT_DERIVED
ternary_sample,8503,9,16,16,16,16,0,False,False,False,EXACT_DERIVED
ternary_sample,8504,9,16,16,16,16,0,False,False,False,EXACT_DERIVED
ternary_sample,8505,9,16,16,16,16,0,False,False,False,EXACT_DERIVED
ternary_sample,8506,9,16,16,16,16,0,False,False,False,EXACT_DERIVED
ternary_sample,8507,9,16,16,16,16,0,False,False,False,EXACT_DERIVED
ternary_sample,8508,9,16,16,16,16,0,False,False,False,EXACT_DERIVED
ternary_sample,8509,9,14,16,16,16,0,False,False,False,EXACT_DERIVED
ternary_sample,8510,9,16,16,16,16,0,False,False,False,EXACT_DERIVED
ternary_sample,8511,9,16,16,16,16,0,False,False,False,EXACT_DERIVED
ternary_sample,8512,9,16,16,16,16,0,False,False,False,EXACT_DERIVED
ternary_sample,8513,9,16,16,16,16,0,False,False,False,EXACT_DERIVED
ternary_sample,8514,9,15,16,16,16,0,False,False,False,EXACT_DERIVED
ternary_sample,8515,9,16,16,16,16,0,False,False,False,EXACT_DERIVED
ternary_sample,8516,9,15,16,16,16,0,False,False,False,EXACT_DERIVED
ternary_sample,8517,9,16,16,16,16,0,False,False,False,EXACT_DERIVED
ternary_sample,8518,9,15,16,16,16,0,False,False,False,EXACT_DERIVED
ternary_sample,8519,9,16,16,16,16,0,False,False,False,EXACT_DERIVED
ternary_sample,8520,9,16,16,16,16,0,False,False,False,EXACT_DERIVED
ternary_sample,8521,9,16,16,16,16,0,False,False,False,EXACT_DERIVED
ternary_sample,8522,9,16,16,16,16,0,False,False,False,EXACT_DERIVED
ternary_sample,8523,9,16,16,16,16,0,False,False,False,EXACT_DERIVED
ternary_sample,8524,9,16,16,16,16,0,False,False,False,EXACT_DERIVED
ternary_sample,8525,9,16,16,16,16,0,False,False,False,EXACT_DERIVED
ternary_sample,8526,9,16,16,16,16,0,False,False,False,EXACT_DERIVED
ternary_sample,8527,9,16,16,16,16,0,False,False,False,EXACT_DERIVED
ternary_sample,8528,9,16,16,16,16,0,False,False,False,EXACT_DERIVED
ternary_sample,8529,9,16,16,16,16,0,False,False,False,EXACT_DERIVED
ternary_sample,8530,9,16,16,16,16,0,False,False,False,EXACT_DERIVED
ternary_sample,8531,9,16,16,16,16,0,False,False,False,EXACT_DERIVED
ternary_sample,8532,9,16,16,16,16,0,False,False,False,EXACT_DERIVED
ternary_sample,8533,9,16,16,16,16,0,False,False,False,EXACT_DERIVED
ternary_sample,8534,9,16,16,16,16,0,False,False,False,EXACT_DERIVED
ternary_sample,8535,9,16,16,16,16,0,False,False,False,EXACT_DERIVED
ternary_sample,8536,9,15,16,16,16,0,False,False,False,EXACT_DERIVED
ternary_sample,8537,9,16,16,16,16,0,False,False,False,EXACT_DERIVED
ternary_sample,8538,9,16,16,16,16,0,False,False,False,EXACT_DERIVED
ternary_sample,8539,9,15,16,16,16,0,False,False,False,EXACT_DERIVED
ternary_sample,8540,9,16,16,16,16,0,False,False,False,EXACT_DERIVED
ternary_sample,8541,9,15,16,16,16,0,False,False,False,EXACT_DERIVED
ternary_sample,8542,9,16,16,16,16,0,False,False,False,EXACT_DERIVED
ternary_sample,8543,9,14,16,16,16,0,False,False,False,EXACT_DERIVED
ternary_sample,8544,9,16,16,16,16,0,False,False,False,EXACT_DERIVED
ternary_sample,8545,9,16,16,16,16,0,False,False,False,EXACT_DERIVED
ternary_sample,8546,9,16,16,16,16,0,False,False,False,EXACT_DERIVED
ternary_sample,8547,9,16,16,16,16,0,False,False,False,EXACT_DERIVED
ternary_sample,8548,9,16,16,16,16,0,False,False,False,EXACT_DERIVED
ternary_sample,8549,9,16,16,16,16,0,False,False,False,EXACT_DERIVED
ternary_sample,8550,9,16,16,16,16,0,False,False,False,EXACT_DERIVED
ternary_sample,8551,9,16,16,16,16,0,False,False,False,EXACT_DERIVED
ternary_sample,8552,9,15,16,16,16,0,False,False,False,EXACT_DERIVED
ternary_sample,8553,9,15,16,16,16,0,False,False,False,EXACT_DERIVED
ternary_sample,8554,9,16,16,16,16,0,False,False,False,EXACT_DERIVED
ternary_sample,8555,9,16,16,16,16,0,False,False,False,EXACT_DERIVED
ternary_sample,8556,9,16,16,16,16,0,False,False,False,EXACT_DERIVED
ternary_sample,8557,9,16,16,16,16,0,False,False,False,EXACT_DERIVED
ternary_sample,8558,9,16,16,16,16,0,False,False,False,EXACT_DERIVED
ternary_sample,8559,9,16,16,16,16,0,False,False,False,EXACT_DERIVED
ternary_sample,8560,9,15,16,16,16,0,False,False,False,EXACT_DERIVED
ternary_sample,8561,9,16,16,16,16,0,False,False,False,EXACT_DERIVED
ternary_sample,8562,9,16,16,16,16,0,False,False,False,EXACT_DERIVED
ternary_sample,8563,9,16,16,16,16,0,False,False,False,EXACT_DERIVED
ternary_sample,8564,9,16,16,16,16,0,False,False,False,EXACT_DERIVED
ternary_sample,8565,9,16,16,16,16,0,False,False,False,EXACT_DERIVED
ternary_sample,8566,9,16,16,16,16,0,False,False,False,EXACT_DERIVED
ternary_sample,8567,9,16,16,16,16,0,False,False,False,EXACT_DERIVED
ternary_sample,8568,9,16,16,16,16,0,False,False,False,EXACT_DERIVED
ternary_sample,8569,9,16,16,16,16,0,False,False,False,EXACT_DERIVED
ternary_sample,8570,9,16,16,16,16,0,False,False,False,EXACT_DERIVED
ternary_sample,8571,9,16,16,16,16,0,False,False,False,EXACT_DERIVED
ternary_sample,8572,9,16,16,16,16,0,False,False,False,EXACT_DERIVED
ternary_sample,8573,9,16,16,16,16,0,False,False,False,EXACT_DERIVED
ternary_sample,8574,9,16,16,16,16,0,False,False,False,EXACT_DERIVED
ternary_sample,8575,9,16,16,16,16,0,False,False,False,EXACT_DERIVED
ternary_sample,8576,9,16,16,16,16,0,False,False,False,EXACT_DERIVED
ternary_sample,8577,9,16,16,16,16,0,False,False,False,EXACT_DERIVED
ternary_sample,8578,9,16,16,16,16,0,False,False,False,EXACT_DERIVED
ternary_sample,8579,9,16,16,16,16,0,False,False,False,EXACT_DERIVED
ternary_sample,8580,9,16,16,16,16,0,False,False,False,EXACT_DERIVED
ternary_sample,8581,9,16,16,16,16,0,False,False,False,EXACT_DERIVED
ternary_sample,8582,9,16,16,16,16,0,False,False,False,EXACT_DERIVED
ternary_sample,8583,9,16,16,16,16,0,False,False,False,EXACT_DERIVED
ternary_sample,8584,9,14,15,16,16,0,False,False,False,EXACT_DERIVED
ternary_sample,8585,9,15,16,16,16,0,False,False,False,EXACT_DERIVED
ternary_sample,8586,9,16,16,16,16,0,False,False,False,EXACT_DERIVED
ternary_sample,8587,9,15,16,16,16,0,False,False,False,EXACT_DERIVED
ternary_sample,8588,9,16,16,16,16,0,False,False,False,EXACT_DERIVED
ternary_sample,8589,9,16,16,16,16,0,False,False,False,EXACT_DERIVED
ternary_sample,8590,9,16,16,16,16,0,False,False,False,EXACT_DERIVED
ternary_sample,8591,9,16,16,16,16,0,False,False,False,EXACT_DERIVED
ternary_sample,8592,9,16,16,16,16,0,False,False,False,EXACT_DERIVED
ternary_sample,8593,9,16,16,16,16,0,False,False,False,EXACT_DERIVED
ternary_sample,8594,9,16,16,16,16,0,False,False,False,EXACT_DERIVED
ternary_sample,8595,9,16,16,16,16,0,False,False,False,EXACT_DERIVED
ternary_sample,8596,9,15,16,16,16,0,False,False,False,EXACT_DERIVED
ternary_sample,8597,9,16,16,16,16,0,False,False,False,EXACT_DERIVED
ternary_sample,8598,9,15,16,16,16,0,False,False,False,EXACT_DERIVED
ternary_sample,8599,9,16,16,16,16,0,False,False,False,EXACT_DERIVED
ternary_sample,8600,9,14,16,16,16,0,False,False,False,EXACT_DERIVED
ternary_sample,8601,9,16,16,16,16,0,False,False,False,EXACT_DERIVED
ternary_sample,8602,9,16,16,16,16,0,False,False,False,EXACT_DERIVED
ternary_sample,8603,9,16,16,16,16,0,False,False,False,EXACT_DERIVED
ternary_sample,8604,9,16,16,16,16,0,False,False,False,EXACT_DERIVED
ternary_sample,8605,9,16,16,16,16,0,False,False,False,EXACT_DERIVED
ternary_sample,8606,9,16,16,16,16,0,False,False,False,EXACT_DERIVED
ternary_sample,8607,9,16,16,16,16,0,False,False,False,EXACT_DERIVED
ternary_sample,8608,9,16,16,16,16,0,False,False,False,EXACT_DERIVED
ternary_sample,8609,9,16,16,16,16,0,False,False,False,EXACT_DERIVED
ternary_sample,8610,9,16,16,16,16,0,False,False,False,EXACT_DERIVED
ternary_sample,8611,9,15,16,16,16,0,False,False,False,EXACT_DERIVED
ternary_sample,8612,9,16,16,16,16,0,False,False,False,EXACT_DERIVED
ternary_sample,8613,9,15,16,16,16,0,False,False,False,EXACT_DERIVED
ternary_sample,8614,9,16,16,16,16,0,False,False,False,EXACT_DERIVED
ternary_sample,8615,9,16,16,16,16,0,False,False,False,EXACT_DERIVED
ternary_sample,8616,9,15,16,16,16,0,False,False,False,EXACT_DERIVED
ternary_sample,8617,9,16,16,16,16,0,False,False,False,EXACT_DERIVED
ternary_sample,8618,9,16,16,16,16,0,False,False,False,EXACT_DERIVED
ternary_sample,8619,9,16,16,16,16,0,False,False,False,EXACT_DERIVED
ternary_sample,8620,9,16,16,16,16,0,False,False,False,EXACT_DERIVED
ternary_sample,8621,9,14,16,16,16,0,False,False,False,EXACT_DERIVED
ternary_sample,8622,9,15,16,16,16,0,False,False,False,EXACT_DERIVED
ternary_sample,8623,9,15,16,16,16,0,False,False,False,EXACT_DERIVED
ternary_sample,8624,9,16,16,16,16,0,False,False,False,EXACT_DERIVED
ternary_sample,8625,9,16,16,16,16,0,False,False,False,EXACT_DERIVED
ternary_sample,8626,9,16,16,16,16,0,False,False,False,EXACT_DERIVED
ternary_sample,8627,9,16,16,16,16,0,False,False,False,EXACT_DERIVED
ternary_sample,8628,9,16,16,16,16,0,False,False,False,EXACT_DERIVED
ternary_sample,8629,9,16,16,16,16,0,False,False,False,EXACT_DERIVED
ternary_sample,8630,9,16,16,16,16,0,False,False,False,EXACT_DERIVED
ternary_sample,8631,9,16,16,16,16,0,False,False,False,EXACT_DERIVED
ternary_sample,8632,9,16,16,16,16,0,False,False,False,EXACT_DERIVED
ternary_sample,8633,9,16,16,16,16,0,False,False,False,EXACT_DERIVED
ternary_sample,8634,9,16,16,16,16,0,False,False,False,EXACT_DERIVED
ternary_sample,8635,9,16,16,16,16,0,False,False,False,EXACT_DERIVED
ternary_sample,8636,9,15,16,16,16,0,False,False,False,EXACT_DERIVED
ternary_sample,8637,9,16,16,16,16,0,False,False,False,EXACT_DERIVED
ternary_sample,8638,9,16,16,16,16,0,False,False,False,EXACT_DERIVED
ternary_sample,8639,9,16,16,16,16,0,False,False,False,EXACT_DERIVED
ternary_sample,8640,9,15,16,16,16,0,False,False,False,EXACT_DERIVED
ternary_sample,8641,9,16,16,16,16,0,False,False,False,EXACT_DERIVED
ternary_sample,8642,9,16,16,16,16,0,False,False,False,EXACT_DERIVED
ternary_sample,8643,9,16,16,16,16,0,False,False,False,EXACT_DERIVED
ternary_sample,8644,9,16,16,16,16,0,False,False,False,EXACT_DERIVED
ternary_sample,8645,9,16,16,16,16,0,False,False,False,EXACT_DERIVED
ternary_sample,8646,9,16,16,16,16,0,False,False,False,EXACT_DERIVED
ternary_sample,8647,9,16,16,16,16,0,False,False,False,EXACT_DERIVED
ternary_sample,8648,9,16,16,16,16,0,False,False,False,EXACT_DERIVED
ternary_sample,8649,9,16,16,16,16,0,False,False,False,EXACT_DERIVED
ternary_sample,8650,9,16,16,16,16,0,False,False,False,EXACT_DERIVED
ternary_sample,8651,9,16,16,16,16,0,False,False,False,EXACT_DERIVED
ternary_sample,8652,9,16,16,16,16,0,False,False,False,EXACT_DERIVED
ternary_sample,8653,9,16,16,16,16,0,False,False,False,EXACT_DERIVED
ternary_sample,8654,9,15,16,16,16,0,False,False,False,EXACT_DERIVED
ternary_sample,8655,9,16,16,16,16,0,False,False,False,EXACT_DERIVED
ternary_sample,8656,9,16,16,16,16,0,False,False,False,EXACT_DERIVED
ternary_sample,8657,9,16,16,16,16,0,False,False,False,EXACT_DERIVED
ternary_sample,8658,9,15,16,16,16,0,False,False,False,EXACT_DERIVED
ternary_sample,8659,9,16,16,16,16,0,False,False,False,EXACT_DERIVED
ternary_sample,8660,9,16,16,16,16,0,False,False,False,EXACT_DERIVED
ternary_sample,8661,9,16,16,16,16,0,False,False,False,EXACT_DERIVED
ternary_sample,8662,9,16,16,16,16,0,False,False,False,EXACT_DERIVED
ternary_sample,8663,9,16,16,16,16,0,False,False,False,EXACT_DERIVED
ternary_sample,8664,9,14,16,16,16,0,False,False,False,EXACT_DERIVED
ternary_sample,8665,9,16,16,16,16,0,False,False,False,EXACT_DERIVED
ternary_sample,8666,9,16,16,16,16,0,False,False,False,EXACT_DERIVED
ternary_sample,8667,9,16,16,16,16,0,False,False,False,EXACT_DERIVED
ternary_sample,8668,9,16,16,16,16,0,False,False,False,EXACT_DERIVED
ternary_sample,8669,9,16,16,16,16,0,False,False,False,EXACT_DERIVED
ternary_sample,8670,9,16,16,16,16,0,False,False,False,EXACT_DERIVED
ternary_sample,8671,9,16,16,16,16,0,False,False,False,EXACT_DERIVED
ternary_sample,8672,9,16,16,16,16,0,False,False,False,EXACT_DERIVED
ternary_sample,8673,9,16,16,16,16,0,False,False,False,EXACT_DERIVED
ternary_sample,8674,9,16,16,16,16,0,False,False,False,EXACT_DERIVED
ternary_sample,8675,9,16,16,16,16,0,False,False,False,EXACT_DERIVED
ternary_sample,8676,9,16,16,16,16,0,False,False,False,EXACT_DERIVED
ternary_sample,8677,9,16,16,16,16,0,False,False,False,EXACT_DERIVED
ternary_sample,8678,9,16,16,16,16,0,False,False,False,EXACT_DERIVED
ternary_sample,8679,9,15,16,16,16,0,False,False,False,EXACT_DERIVED
ternary_sample,8680,9,16,16,16,16,0,False,False,False,EXACT_DERIVED
ternary_sample,8681,9,16,16,16,16,0,False,False,False,EXACT_DERIVED
ternary_sample,8682,9,16,16,16,16,0,False,False,False,EXACT_DERIVED
ternary_sample,8683,9,16,16,16,16,0,False,False,False,EXACT_DERIVED
ternary_sample,8684,9,16,16,16,16,0,False,False,False,EXACT_DERIVED
ternary_sample,8685,9,14,16,16,16,0,False,False,False,EXACT_DERIVED
ternary_sample,8686,9,15,16,16,16,0,False,False,False,EXACT_DERIVED
ternary_sample,8687,9,16,16,16,16,0,False,False,False,EXACT_DERIVED
ternary_sample,8688,9,16,16,16,16,0,False,False,False,EXACT_DERIVED
ternary_sample,8689,9,16,16,16,16,0,False,False,False,EXACT_DERIVED
ternary_sample,8690,9,16,16,16,16,0,False,False,False,EXACT_DERIVED
ternary_sample,8691,9,14,16,16,16,0,False,False,False,EXACT_DERIVED
ternary_sample,8692,9,16,16,16,16,0,False,False,False,EXACT_DERIVED
ternary_sample,8693,9,15,16,16,16,0,False,False,False,EXACT_DERIVED
ternary_sample,8694,9,16,16,16,16,0,False,False,False,EXACT_DERIVED
ternary_sample,8695,9,16,16,16,16,0,False,False,False,EXACT_DERIVED
ternary_sample,8696,9,16,16,16,16,0,False,False,False,EXACT_DERIVED
ternary_sample,8697,9,16,16,16,16,0,False,False,False,EXACT_DERIVED
ternary_sample,8698,9,16,16,16,16,0,False,False,False,EXACT_DERIVED
ternary_sample,8699,9,16,16,16,16,0,False,False,False,EXACT_DERIVED
ternary_sample,8700,9,16,16,16,16,0,False,False,False,EXACT_DERIVED
ternary_sample,8701,9,16,16,16,16,0,False,False,False,EXACT_DERIVED
ternary_sample,8702,9,16,16,16,16,0,False,False,False,EXACT_DERIVED
ternary_sample,8703,9,16,16,16,16,0,False,False,False,EXACT_DERIVED
ternary_sample,8704,9,15,16,16,16,0,False,False,False,EXACT_DERIVED
ternary_sample,8705,9,16,16,16,16,0,False,False,False,EXACT_DERIVED
ternary_sample,8706,9,16,16,16,16,0,False,False,False,EXACT_DERIVED
ternary_sample,8707,9,16,16,16,16,0,False,False,False,EXACT_DERIVED
ternary_sample,8708,9,16,16,16,16,0,False,False,False,EXACT_DERIVED
ternary_sample,8709,9,16,16,16,16,0,False,False,False,EXACT_DERIVED
ternary_sample,8710,9,16,16,16,16,0,False,False,False,EXACT_DERIVED
ternary_sample,8711,9,16,16,16,16,0,False,False,False,EXACT_DERIVED
ternary_sample,8712,9,16,16,16,16,0,False,False,False,EXACT_DERIVED
ternary_sample,8713,9,16,16,16,16,0,False,False,False,EXACT_DERIVED
ternary_sample,8714,9,13,16,16,16,0,False,False,False,EXACT_DERIVED
ternary_sample,8715,9,16,16,16,16,0,False,False,False,EXACT_DERIVED
ternary_sample,8716,9,16,16,16,16,0,False,False,False,EXACT_DERIVED
ternary_sample,8717,9,15,16,16,16,0,False,False,False,EXACT_DERIVED
ternary_sample,8718,9,16,16,16,16,0,False,False,False,EXACT_DERIVED
ternary_sample,8719,9,16,16,16,16,0,False,False,False,EXACT_DERIVED
ternary_sample,8720,9,15,16,16,16,0,False,False,False,EXACT_DERIVED
ternary_sample,8721,9,16,16,16,16,0,False,False,False,EXACT_DERIVED
ternary_sample,8722,9,16,16,16,16,0,False,False,False,EXACT_DERIVED
ternary_sample,8723,9,16,16,16,16,0,False,False,False,EXACT_DERIVED
ternary_sample,8724,9,15,16,16,16,0,False,False,False,EXACT_DERIVED
ternary_sample,8725,9,16,16,16,16,0,False,False,False,EXACT_DERIVED
ternary_sample,8726,9,16,16,16,16,0,False,False,False,EXACT_DERIVED
ternary_sample,8727,9,16,16,16,16,0,False,False,False,EXACT_DERIVED
ternary_sample,8728,9,15,16,16,16,0,False,False,False,EXACT_DERIVED
ternary_sample,8729,9,16,16,16,16,0,False,False,False,EXACT_DERIVED
ternary_sample,8730,9,16,16,16,16,0,False,False,False,EXACT_DERIVED
ternary_sample,8731,9,15,16,16,16,0,False,False,False,EXACT_DERIVED
ternary_sample,8732,9,15,16,16,16,0,False,False,False,EXACT_DERIVED
ternary_sample,8733,9,16,16,16,16,0,False,False,False,EXACT_DERIVED
ternary_sample,8734,9,16,16,16,16,0,False,False,False,EXACT_DERIVED
ternary_sample,8735,9,16,16,16,16,0,False,False,False,EXACT_DERIVED
ternary_sample,8736,9,16,16,16,16,0,False,False,False,EXACT_DERIVED
ternary_sample,8737,9,16,16,16,16,0,False,False,False,EXACT_DERIVED
ternary_sample,8738,9,14,16,16,16,0,False,False,False,EXACT_DERIVED
ternary_sample,8739,9,16,16,16,16,0,False,False,False,EXACT_DERIVED
ternary_sample,8740,9,16,16,16,16,0,False,False,False,EXACT_DERIVED
ternary_sample,8741,9,16,16,16,16,0,False,False,False,EXACT_DERIVED
ternary_sample,8742,9,16,16,16,16,0,False,False,False,EXACT_DERIVED
ternary_sample,8743,9,16,16,16,16,0,False,False,False,EXACT_DERIVED
ternary_sample,8744,9,15,16,16,16,0,False,False,False,EXACT_DERIVED
ternary_sample,8745,9,16,16,16,16,0,False,False,False,EXACT_DERIVED
ternary_sample,8746,9,16,16,16,16,0,False,False,False,EXACT_DERIVED
ternary_sample,8747,9,16,16,16,16,0,False,False,False,EXACT_DERIVED
ternary_sample,8748,9,15,16,16,16,0,False,False,False,EXACT_DERIVED
ternary_sample,8749,9,16,16,16,16,0,False,False,False,EXACT_DERIVED
ternary_sample,8750,9,16,16,16,16,0,False,False,False,EXACT_DERIVED
ternary_sample,8751,9,16,16,16,16,0,False,False,False,EXACT_DERIVED
ternary_sample,8752,9,16,16,16,16,0,False,False,False,EXACT_DERIVED
ternary_sample,8753,9,16,16,16,16,0,False,False,False,EXACT_DERIVED
ternary_sample,8754,9,16,16,16,16,0,False,False,False,EXACT_DERIVED
ternary_sample,8755,9,16,16,16,16,0,False,False,False,EXACT_DERIVED
ternary_sample,8756,9,16,16,16,16,0,False,False,False,EXACT_DERIVED
ternary_sample,8757,9,16,16,16,16,0,False,False,False,EXACT_DERIVED
ternary_sample,8758,9,16,16,16,16,0,False,False,False,EXACT_DERIVED
ternary_sample,8759,9,16,16,16,16,0,False,False,False,EXACT_DERIVED
ternary_sample,8760,9,14,16,16,16,0,False,False,False,EXACT_DERIVED
ternary_sample,8761,9,16,16,16,16,0,False,False,False,EXACT_DERIVED
ternary_sample,8762,9,16,16,16,16,0,False,False,False,EXACT_DERIVED
ternary_sample,8763,9,16,16,16,16,0,False,False,False,EXACT_DERIVED
ternary_sample,8764,9,14,16,16,16,0,False,False,False,EXACT_DERIVED
ternary_sample,8765,9,16,16,16,16,0,False,False,False,EXACT_DERIVED
ternary_sample,8766,9,16,16,16,16,0,False,False,False,EXACT_DERIVED
ternary_sample,8767,9,16,16,16,16,0,False,False,False,EXACT_DERIVED
ternary_sample,8768,9,16,16,16,16,0,False,False,False,EXACT_DERIVED
ternary_sample,8769,9,16,16,16,16,0,False,False,False,EXACT_DERIVED
ternary_sample,8770,9,16,16,16,16,0,False,False,False,EXACT_DERIVED
ternary_sample,8771,9,16,16,16,16,0,False,False,False,EXACT_DERIVED
ternary_sample,8772,9,16,16,16,16,0,False,False,False,EXACT_DERIVED
ternary_sample,8773,9,16,16,16,16,0,False,False,False,EXACT_DERIVED
ternary_sample,8774,9,16,16,16,16,0,False,False,False,EXACT_DERIVED
ternary_sample,8775,9,14,16,16,16,0,False,False,False,EXACT_DERIVED
ternary_sample,8776,9,15,16,16,16,0,False,False,False,EXACT_DERIVED
ternary_sample,8777,9,16,16,16,16,0,False,False,False,EXACT_DERIVED
ternary_sample,8778,9,16,16,16,16,0,False,False,False,EXACT_DERIVED
ternary_sample,8779,9,16,16,16,16,0,False,False,False,EXACT_DERIVED
ternary_sample,8780,9,16,16,16,16,0,False,False,False,EXACT_DERIVED
ternary_sample,8781,9,16,16,16,16,0,False,False,False,EXACT_DERIVED
ternary_sample,8782,9,15,16,16,16,0,False,False,False,EXACT_DERIVED
ternary_sample,8783,9,16,16,16,16,0,False,False,False,EXACT_DERIVED
ternary_sample,8784,9,16,16,16,16,0,False,False,False,EXACT_DERIVED
ternary_sample,8785,9,16,16,16,16,0,False,False,False,EXACT_DERIVED
ternary_sample,8786,9,16,16,16,16,0,False,False,False,EXACT_DERIVED
ternary_sample,8787,9,16,16,16,16,0,False,False,False,EXACT_DERIVED
ternary_sample,8788,9,16,16,16,16,0,False,False,False,EXACT_DERIVED
ternary_sample,8789,9,16,16,16,16,0,False,False,False,EXACT_DERIVED
ternary_sample,8790,9,16,16,16,16,0,False,False,False,EXACT_DERIVED
ternary_sample,8791,9,16,16,16,16,0,False,False,False,EXACT_DERIVED
ternary_sample,8792,9,16,16,16,16,0,False,False,False,EXACT_DERIVED
ternary_sample,8793,9,16,16,16,16,0,False,False,False,EXACT_DERIVED
ternary_sample,8794,9,16,16,16,16,0,False,False,False,EXACT_DERIVED
ternary_sample,8795,9,16,16,16,16,0,False,False,False,EXACT_DERIVED
ternary_sample,8796,9,16,16,16,16,0,False,False,False,EXACT_DERIVED
ternary_sample,8797,9,16,16,16,16,0,False,False,False,EXACT_DERIVED
ternary_sample,8798,9,16,16,16,16,0,False,False,False,EXACT_DERIVED
ternary_sample,8799,9,16,16,16,16,0,False,False,False,EXACT_DERIVED
ternary_sample,8800,9,16,16,16,16,0,False,False,False,EXACT_DERIVED
ternary_sample,8801,9,16,16,16,16,0,False,False,False,EXACT_DERIVED
ternary_sample,8802,9,16,16,16,16,0,False,False,False,EXACT_DERIVED
ternary_sample,8803,9,15,16,16,16,0,False,False,False,EXACT_DERIVED
ternary_sample,8804,9,16,16,16,16,0,False,False,False,EXACT_DERIVED
ternary_sample,8805,9,16,16,16,16,0,False,False,False,EXACT_DERIVED
ternary_sample,8806,9,16,16,16,16,0,False,False,False,EXACT_DERIVED
ternary_sample,8807,9,16,16,16,16,0,False,False,False,EXACT_DERIVED
ternary_sample,8808,9,16,16,16,16,0,False,False,False,EXACT_DERIVED
ternary_sample,8809,9,16,16,16,16,0,False,False,False,EXACT_DERIVED
ternary_sample,8810,9,16,16,16,16,0,False,False,False,EXACT_DERIVED
ternary_sample,8811,9,15,16,16,16,0,False,False,False,EXACT_DERIVED
ternary_sample,8812,9,16,16,16,16,0,False,False,False,EXACT_DERIVED
ternary_sample,8813,9,16,16,16,16,0,False,False,False,EXACT_DERIVED
ternary_sample,8814,9,16,16,16,16,0,False,False,False,EXACT_DERIVED
ternary_sample,8815,9,16,16,16,16,0,False,False,False,EXACT_DERIVED
ternary_sample,8816,9,15,16,16,16,0,False,False,False,EXACT_DERIVED
ternary_sample,8817,9,14,16,16,16,0,False,False,False,EXACT_DERIVED
ternary_sample,8818,9,16,16,16,16,0,False,False,False,EXACT_DERIVED
ternary_sample,8819,9,16,16,16,16,0,False,False,False,EXACT_DERIVED
ternary_sample,8820,9,16,16,16,16,0,False,False,False,EXACT_DERIVED
ternary_sample,8821,9,16,16,16,16,0,False,False,False,EXACT_DERIVED
ternary_sample,8822,9,16,16,16,16,0,False,False,False,EXACT_DERIVED
ternary_sample,8823,9,16,16,16,16,0,False,False,False,EXACT_DERIVED
ternary_sample,8824,9,16,16,16,16,0,False,False,False,EXACT_DERIVED
ternary_sample,8825,9,16,16,16,16,0,False,False,False,EXACT_DERIVED
ternary_sample,8826,9,16,16,16,16,0,False,False,False,EXACT_DERIVED
ternary_sample,8827,9,16,16,16,16,0,False,False,False,EXACT_DERIVED
ternary_sample,8828,9,16,16,16,16,0,False,False,False,EXACT_DERIVED
ternary_sample,8829,9,15,16,16,16,0,False,False,False,EXACT_DERIVED
ternary_sample,8830,9,16,16,16,16,0,False,False,False,EXACT_DERIVED
ternary_sample,8831,9,16,16,16,16,0,False,False,False,EXACT_DERIVED
ternary_sample,8832,9,16,16,16,16,0,False,False,False,EXACT_DERIVED
ternary_sample,8833,9,16,16,16,16,0,False,False,False,EXACT_DERIVED
ternary_sample,8834,9,16,16,16,16,0,False,False,False,EXACT_DERIVED
ternary_sample,8835,9,15,16,16,16,0,False,False,False,EXACT_DERIVED
ternary_sample,8836,9,15,16,16,16,0,False,False,False,EXACT_DERIVED
ternary_sample,8837,9,16,16,16,16,0,False,False,False,EXACT_DERIVED
ternary_sample,8838,9,16,16,16,16,0,False,False,False,EXACT_DERIVED
ternary_sample,8839,9,16,16,16,16,0,False,False,False,EXACT_DERIVED
ternary_sample,8840,9,16,16,16,16,0,False,False,False,EXACT_DERIVED
ternary_sample,8841,9,16,16,16,16,0,False,False,False,EXACT_DERIVED
ternary_sample,8842,9,16,16,16,16,0,False,False,False,EXACT_DERIVED
ternary_sample,8843,9,16,16,16,16,0,False,False,False,EXACT_DERIVED
ternary_sample,8844,9,16,16,16,16,0,False,False,False,EXACT_DERIVED
ternary_sample,8845,9,16,16,16,16,0,False,False,False,EXACT_DERIVED
ternary_sample,8846,9,16,16,16,16,0,False,False,False,EXACT_DERIVED
ternary_sample,8847,9,16,16,16,16,0,False,False,False,EXACT_DERIVED
ternary_sample,8848,9,16,16,16,16,0,False,False,False,EXACT_DERIVED
ternary_sample,8849,9,16,16,16,16,0,False,False,False,EXACT_DERIVED
ternary_sample,8850,9,16,16,16,16,0,False,False,False,EXACT_DERIVED
ternary_sample,8851,9,16,16,16,16,0,False,False,False,EXACT_DERIVED
ternary_sample,8852,9,16,16,16,16,0,False,False,False,EXACT_DERIVED
ternary_sample,8853,9,15,16,16,16,0,False,False,False,EXACT_DERIVED
ternary_sample,8854,9,16,16,16,16,0,False,False,False,EXACT_DERIVED
ternary_sample,8855,9,16,16,16,16,0,False,False,False,EXACT_DERIVED
ternary_sample,8856,9,16,16,16,16,0,False,False,False,EXACT_DERIVED
ternary_sample,8857,9,16,16,16,16,0,False,False,False,EXACT_DERIVED
ternary_sample,8858,9,15,16,16,16,0,False,False,False,EXACT_DERIVED
ternary_sample,8859,9,16,16,16,16,0,False,False,False,EXACT_DERIVED
ternary_sample,8860,9,16,16,16,16,0,False,False,False,EXACT_DERIVED
ternary_sample,8861,9,16,16,16,16,0,False,False,False,EXACT_DERIVED
ternary_sample,8862,9,16,16,16,16,0,False,False,False,EXACT_DERIVED
ternary_sample,8863,9,16,16,16,16,0,False,False,False,EXACT_DERIVED
ternary_sample,8864,9,16,16,16,16,0,False,False,False,EXACT_DERIVED
ternary_sample,8865,9,16,16,16,16,0,False,False,False,EXACT_DERIVED
ternary_sample,8866,9,15,16,16,16,0,False,False,False,EXACT_DERIVED
ternary_sample,8867,9,16,16,16,16,0,False,False,False,EXACT_DERIVED
ternary_sample,8868,9,16,16,16,16,0,False,False,False,EXACT_DERIVED
ternary_sample,8869,9,15,16,16,16,0,False,False,False,EXACT_DERIVED
ternary_sample,8870,9,16,16,16,16,0,False,False,False,EXACT_DERIVED
ternary_sample,8871,9,16,16,16,16,0,False,False,False,EXACT_DERIVED
ternary_sample,8872,9,16,16,16,16,0,False,False,False,EXACT_DERIVED
ternary_sample,8873,9,16,16,16,16,0,False,False,False,EXACT_DERIVED
ternary_sample,8874,9,16,16,16,16,0,False,False,False,EXACT_DERIVED
ternary_sample,8875,9,16,16,16,16,0,False,False,False,EXACT_DERIVED
ternary_sample,8876,9,16,16,16,16,0,False,False,False,EXACT_DERIVED
ternary_sample,8877,9,15,16,16,16,0,False,False,False,EXACT_DERIVED
ternary_sample,8878,9,16,16,16,16,0,False,False,False,EXACT_DERIVED
ternary_sample,8879,9,16,16,16,16,0,False,False,False,EXACT_DERIVED
ternary_sample,8880,9,16,16,16,16,0,False,False,False,EXACT_DERIVED
ternary_sample,8881,9,16,16,16,16,0,False,False,False,EXACT_DERIVED
ternary_sample,8882,9,15,16,16,16,0,False,False,False,EXACT_DERIVED
ternary_sample,8883,9,16,16,16,16,0,False,False,False,EXACT_DERIVED
ternary_sample,8884,9,16,16,16,16,0,False,False,False,EXACT_DERIVED
ternary_sample,8885,9,16,16,16,16,0,False,False,False,EXACT_DERIVED
ternary_sample,8886,9,16,16,16,16,0,False,False,False,EXACT_DERIVED
ternary_sample,8887,9,15,16,16,16,0,False,False,False,EXACT_DERIVED
ternary_sample,8888,9,16,16,16,16,0,False,False,False,EXACT_DERIVED
ternary_sample,8889,9,15,16,16,16,0,False,False,False,EXACT_DERIVED
ternary_sample,8890,9,16,16,16,16,0,False,False,False,EXACT_DERIVED
ternary_sample,8891,9,16,16,16,16,0,False,False,False,EXACT_DERIVED
ternary_sample,8892,9,16,16,16,16,0,False,False,False,EXACT_DERIVED
ternary_sample,8893,9,16,16,16,16,0,False,False,False,EXACT_DERIVED
ternary_sample,8894,9,16,16,16,16,0,False,False,False,EXACT_DERIVED
ternary_sample,8895,9,16,16,16,16,0,False,False,False,EXACT_DERIVED
ternary_sample,8896,9,16,16,16,16,0,False,False,False,EXACT_DERIVED
ternary_sample,8897,9,14,16,16,16,0,False,False,False,EXACT_DERIVED
ternary_sample,8898,9,16,16,16,16,0,False,False,False,EXACT_DERIVED
ternary_sample,8899,9,16,16,16,16,0,False,False,False,EXACT_DERIVED
ternary_sample,8900,9,16,16,16,16,0,False,False,False,EXACT_DERIVED
ternary_sample,8901,9,16,16,16,16,0,False,False,False,EXACT_DERIVED
ternary_sample,8902,9,15,16,16,16,0,False,False,False,EXACT_DERIVED
ternary_sample,8903,9,16,16,16,16,0,False,False,False,EXACT_DERIVED
ternary_sample,8904,9,15,16,16,16,0,False,False,False,EXACT_DERIVED
ternary_sample,8905,9,16,16,16,16,0,False,False,False,EXACT_DERIVED
ternary_sample,8906,9,16,16,16,16,0,False,False,False,EXACT_DERIVED
ternary_sample,8907,9,16,16,16,16,0,False,False,False,EXACT_DERIVED
ternary_sample,8908,9,15,16,16,16,0,False,False,False,EXACT_DERIVED
ternary_sample,8909,9,16,16,16,16,0,False,False,False,EXACT_DERIVED
ternary_sample,8910,9,16,16,16,16,0,False,False,False,EXACT_DERIVED
ternary_sample,8911,9,16,16,16,16,0,False,False,False,EXACT_DERIVED
ternary_sample,8912,9,16,16,16,16,0,False,False,False,EXACT_DERIVED
ternary_sample,8913,9,16,16,16,16,0,False,False,False,EXACT_DERIVED
ternary_sample,8914,9,16,16,16,16,0,False,False,False,EXACT_DERIVED
ternary_sample,8915,9,16,16,16,16,0,False,False,False,EXACT_DERIVED
ternary_sample,8916,9,16,16,16,16,0,False,False,False,EXACT_DERIVED
ternary_sample,8917,9,16,16,16,16,0,False,False,False,EXACT_DERIVED
ternary_sample,8918,9,16,16,16,16,0,False,False,False,EXACT_DERIVED
ternary_sample,8919,9,16,16,16,16,0,False,False,False,EXACT_DERIVED
ternary_sample,8920,9,16,16,16,16,0,False,False,False,EXACT_DERIVED
ternary_sample,8921,9,16,16,16,16,0,False,False,False,EXACT_DERIVED
ternary_sample,8922,9,16,16,16,16,0,False,False,False,EXACT_DERIVED
ternary_sample,8923,9,16,16,16,16,0,False,False,False,EXACT_DERIVED
ternary_sample,8924,9,16,16,16,16,0,False,False,False,EXACT_DERIVED
ternary_sample,8925,9,16,16,16,16,0,False,False,False,EXACT_DERIVED
ternary_sample,8926,9,16,16,16,16,0,False,False,False,EXACT_DERIVED
ternary_sample,8927,9,16,16,16,16,0,False,False,False,EXACT_DERIVED
ternary_sample,8928,9,16,16,16,16,0,False,False,False,EXACT_DERIVED
ternary_sample,8929,9,16,16,16,16,0,False,False,False,EXACT_DERIVED
ternary_sample,8930,9,16,16,16,16,0,False,False,False,EXACT_DERIVED
ternary_sample,8931,9,16,16,16,16,0,False,False,False,EXACT_DERIVED
ternary_sample,8932,9,15,16,16,16,0,False,False,False,EXACT_DERIVED
ternary_sample,8933,9,16,16,16,16,0,False,False,False,EXACT_DERIVED
ternary_sample,8934,9,15,16,16,16,0,False,False,False,EXACT_DERIVED
ternary_sample,8935,9,15,16,16,16,0,False,False,False,EXACT_DERIVED
ternary_sample,8936,9,16,16,16,16,0,False,False,False,EXACT_DERIVED
ternary_sample,8937,9,14,16,16,16,0,False,False,False,EXACT_DERIVED
ternary_sample,8938,9,16,16,16,16,0,False,False,False,EXACT_DERIVED
ternary_sample,8939,9,15,16,16,16,0,False,False,False,EXACT_DERIVED
ternary_sample,8940,9,16,16,16,16,0,False,False,False,EXACT_DERIVED
ternary_sample,8941,9,14,15,16,16,0,False,False,False,EXACT_DERIVED
ternary_sample,8942,9,16,16,16,16,0,False,False,False,EXACT_DERIVED
ternary_sample,8943,9,15,16,16,16,0,False,False,False,EXACT_DERIVED
ternary_sample,8944,9,16,16,16,16,0,False,False,False,EXACT_DERIVED
ternary_sample,8945,9,16,16,16,16,0,False,False,False,EXACT_DERIVED
ternary_sample,8946,9,15,16,16,16,0,False,False,False,EXACT_DERIVED
ternary_sample,8947,9,16,16,16,16,0,False,False,False,EXACT_DERIVED
ternary_sample,8948,9,14,16,16,16,0,False,False,False,EXACT_DERIVED
ternary_sample,8949,9,16,16,16,16,0,False,False,False,EXACT_DERIVED
ternary_sample,8950,9,16,16,16,16,0,False,False,False,EXACT_DERIVED
ternary_sample,8951,9,16,16,16,16,0,False,False,False,EXACT_DERIVED
ternary_sample,8952,9,15,16,16,16,0,False,False,False,EXACT_DERIVED
ternary_sample,8953,9,16,16,16,16,0,False,False,False,EXACT_DERIVED
ternary_sample,8954,9,16,16,16,16,0,False,False,False,EXACT_DERIVED
ternary_sample,8955,9,16,16,16,16,0,False,False,False,EXACT_DERIVED
ternary_sample,8956,9,16,16,16,16,0,False,False,False,EXACT_DERIVED
ternary_sample,8957,9,16,16,16,16,0,False,False,False,EXACT_DERIVED
ternary_sample,8958,9,16,16,16,16,0,False,False,False,EXACT_DERIVED
ternary_sample,8959,9,16,16,16,16,0,False,False,False,EXACT_DERIVED
ternary_sample,8960,9,16,16,16,16,0,False,False,False,EXACT_DERIVED
ternary_sample,8961,9,16,16,16,16,0,False,False,False,EXACT_DERIVED
ternary_sample,8962,9,16,16,16,16,0,False,False,False,EXACT_DERIVED
ternary_sample,8963,9,16,16,16,16,0,False,False,False,EXACT_DERIVED
ternary_sample,8964,9,15,16,16,16,0,False,False,False,EXACT_DERIVED
ternary_sample,8965,9,16,16,16,16,0,False,False,False,EXACT_DERIVED
ternary_sample,8966,9,16,16,16,16,0,False,False,False,EXACT_DERIVED
ternary_sample,8967,9,16,16,16,16,0,False,False,False,EXACT_DERIVED
ternary_sample,8968,9,16,16,16,16,0,False,False,False,EXACT_DERIVED
ternary_sample,8969,9,16,16,16,16,0,False,False,False,EXACT_DERIVED
ternary_sample,8970,9,16,16,16,16,0,False,False,False,EXACT_DERIVED
ternary_sample,8971,9,16,16,16,16,0,False,False,False,EXACT_DERIVED
ternary_sample,8972,9,15,16,16,16,0,False,False,False,EXACT_DERIVED
ternary_sample,8973,9,16,16,16,16,0,False,False,False,EXACT_DERIVED
ternary_sample,8974,9,16,16,16,16,0,False,False,False,EXACT_DERIVED
ternary_sample,8975,9,16,16,16,16,0,False,False,False,EXACT_DERIVED
ternary_sample,8976,9,16,16,16,16,0,False,False,False,EXACT_DERIVED
ternary_sample,8977,9,16,16,16,16,0,False,False,False,EXACT_DERIVED
ternary_sample,8978,9,16,16,16,16,0,False,False,False,EXACT_DERIVED
ternary_sample,8979,9,16,16,16,16,0,False,False,False,EXACT_DERIVED
ternary_sample,8980,9,16,16,16,16,0,False,False,False,EXACT_DERIVED
ternary_sample,8981,9,16,16,16,16,0,False,False,False,EXACT_DERIVED
ternary_sample,8982,9,16,16,16,16,0,False,False,False,EXACT_DERIVED
ternary_sample,8983,9,16,16,16,16,0,False,False,False,EXACT_DERIVED
ternary_sample,8984,9,16,16,16,16,0,False,False,False,EXACT_DERIVED
ternary_sample,8985,9,16,16,16,16,0,False,False,False,EXACT_DERIVED
ternary_sample,8986,9,16,16,16,16,0,False,False,False,EXACT_DERIVED
ternary_sample,8987,9,16,16,16,16,0,False,False,False,EXACT_DERIVED
ternary_sample,8988,9,16,16,16,16,0,False,False,False,EXACT_DERIVED
ternary_sample,8989,9,16,16,16,16,0,False,False,False,EXACT_DERIVED
ternary_sample,8990,9,16,16,16,16,0,False,False,False,EXACT_DERIVED
ternary_sample,8991,9,16,16,16,16,0,False,False,False,EXACT_DERIVED
ternary_sample,8992,9,16,16,16,16,0,False,False,False,EXACT_DERIVED
ternary_sample,8993,9,16,16,16,16,0,False,False,False,EXACT_DERIVED
ternary_sample,8994,9,16,16,16,16,0,False,False,False,EXACT_DERIVED
ternary_sample,8995,9,16,16,16,16,0,False,False,False,EXACT_DERIVED
ternary_sample,8996,9,16,16,16,16,0,False,False,False,EXACT_DERIVED
ternary_sample,8997,9,15,16,16,16,0,False,False,False,EXACT_DERIVED
ternary_sample,8998,9,16,16,16,16,0,False,False,False,EXACT_DERIVED
ternary_sample,8999,9,16,16,16,16,0,False,False,False,EXACT_DERIVED
ternary_sample,9000,9,16,16,16,16,0,False,False,False,EXACT_DERIVED
ternary_sample,9001,9,15,16,16,16,0,False,False,False,EXACT_DERIVED
ternary_sample,9002,9,16,16,16,16,0,False,False,False,EXACT_DERIVED
ternary_sample,9003,9,16,16,16,16,0,False,False,False,EXACT_DERIVED
ternary_sample,9004,9,16,16,16,16,0,False,False,False,EXACT_DERIVED
ternary_sample,9005,9,16,16,16,16,0,False,False,False,EXACT_DERIVED
ternary_sample,9006,9,16,16,16,16,0,False,False,False,EXACT_DERIVED
ternary_sample,9007,9,16,16,16,16,0,False,False,False,EXACT_DERIVED
ternary_sample,9008,9,16,16,16,16,0,False,False,False,EXACT_DERIVED
ternary_sample,9009,9,15,16,16,16,0,False,False,False,EXACT_DERIVED
ternary_sample,9010,9,15,16,16,16,0,False,False,False,EXACT_DERIVED
ternary_sample,9011,9,16,16,16,16,0,False,False,False,EXACT_DERIVED
ternary_sample,9012,9,16,16,16,16,0,False,False,False,EXACT_DERIVED
ternary_sample,9013,9,15,16,16,16,0,False,False,False,EXACT_DERIVED
ternary_sample,9014,9,16,16,16,16,0,False,False,False,EXACT_DERIVED
ternary_sample,9015,9,16,16,16,16,0,False,False,False,EXACT_DERIVED
ternary_sample,9016,9,16,16,16,16,0,False,False,False,EXACT_DERIVED
ternary_sample,9017,9,16,16,16,16,0,False,False,False,EXACT_DERIVED
ternary_sample,9018,9,16,16,16,16,0,False,False,False,EXACT_DERIVED
ternary_sample,9019,9,16,16,16,16,0,False,False,False,EXACT_DERIVED
ternary_sample,9020,9,16,16,16,16,0,False,False,False,EXACT_DERIVED
ternary_sample,9021,9,16,16,16,16,0,False,False,False,EXACT_DERIVED
ternary_sample,9022,9,16,16,16,16,0,False,False,False,EXACT_DERIVED
ternary_sample,9023,9,16,16,16,16,0,False,False,False,EXACT_DERIVED
ternary_sample,9024,9,16,16,16,16,0,False,False,False,EXACT_DERIVED
ternary_sample,9025,9,16,16,16,16,0,False,False,False,EXACT_DERIVED
ternary_sample,9026,9,16,16,16,16,0,False,False,False,EXACT_DERIVED
ternary_sample,9027,9,16,16,16,16,0,False,False,False,EXACT_DERIVED
ternary_sample,9028,9,16,16,16,16,0,False,False,False,EXACT_DERIVED
ternary_sample,9029,9,16,16,16,16,0,False,False,False,EXACT_DERIVED
ternary_sample,9030,9,16,16,16,16,0,False,False,False,EXACT_DERIVED
ternary_sample,9031,9,16,16,16,16,0,False,False,False,EXACT_DERIVED
ternary_sample,9032,9,16,16,16,16,0,False,False,False,EXACT_DERIVED
ternary_sample,9033,9,16,16,16,16,0,False,False,False,EXACT_DERIVED
ternary_sample,9034,9,16,16,16,16,0,False,False,False,EXACT_DERIVED
ternary_sample,9035,9,16,16,16,16,0,False,False,False,EXACT_DERIVED
ternary_sample,9036,9,15,16,16,16,0,False,False,False,EXACT_DERIVED
ternary_sample,9037,9,16,16,16,16,0,False,False,False,EXACT_DERIVED
ternary_sample,9038,9,16,16,16,16,0,False,False,False,EXACT_DERIVED
ternary_sample,9039,9,16,16,16,16,0,False,False,False,EXACT_DERIVED
ternary_sample,9040,9,16,16,16,16,0,False,False,False,EXACT_DERIVED
ternary_sample,9041,9,16,16,16,16,0,False,False,False,EXACT_DERIVED
ternary_sample,9042,9,16,16,16,16,0,False,False,False,EXACT_DERIVED
ternary_sample,9043,9,16,16,16,16,0,False,False,False,EXACT_DERIVED
ternary_sample,9044,9,15,16,16,16,0,False,False,False,EXACT_DERIVED
ternary_sample,9045,9,16,16,16,16,0,False,False,False,EXACT_DERIVED
ternary_sample,9046,9,16,16,16,16,0,False,False,False,EXACT_DERIVED
ternary_sample,9047,9,16,16,16,16,0,False,False,False,EXACT_DERIVED
ternary_sample,9048,9,15,16,16,16,0,False,False,False,EXACT_DERIVED
ternary_sample,9049,9,16,16,16,16,0,False,False,False,EXACT_DERIVED
ternary_sample,9050,9,16,16,16,16,0,False,False,False,EXACT_DERIVED
ternary_sample,9051,9,15,16,16,16,0,False,False,False,EXACT_DERIVED
ternary_sample,9052,9,16,16,16,16,0,False,False,False,EXACT_DERIVED
ternary_sample,9053,9,15,16,16,16,0,False,False,False,EXACT_DERIVED
ternary_sample,9054,9,16,16,16,16,0,False,False,False,EXACT_DERIVED
ternary_sample,9055,9,16,16,16,16,0,False,False,False,EXACT_DERIVED
ternary_sample,9056,9,16,16,16,16,0,False,False,False,EXACT_DERIVED
ternary_sample,9057,9,15,16,16,16,0,False,False,False,EXACT_DERIVED
ternary_sample,9058,9,16,16,16,16,0,False,False,False,EXACT_DERIVED
ternary_sample,9059,9,15,16,16,16,0,False,False,False,EXACT_DERIVED
ternary_sample,9060,9,16,16,16,16,0,False,False,False,EXACT_DERIVED
ternary_sample,9061,9,16,16,16,16,0,False,False,False,EXACT_DERIVED
ternary_sample,9062,9,16,16,16,16,0,False,False,False,EXACT_DERIVED
ternary_sample,9063,9,16,16,16,16,0,False,False,False,EXACT_DERIVED
ternary_sample,9064,9,15,16,16,16,0,False,False,False,EXACT_DERIVED
ternary_sample,9065,9,16,16,16,16,0,False,False,False,EXACT_DERIVED
ternary_sample,9066,9,16,16,16,16,0,False,False,False,EXACT_DERIVED
ternary_sample,9067,9,16,16,16,16,0,False,False,False,EXACT_DERIVED
ternary_sample,9068,9,16,16,16,16,0,False,False,False,EXACT_DERIVED
ternary_sample,9069,9,16,16,16,16,0,False,False,False,EXACT_DERIVED
ternary_sample,9070,9,15,16,16,16,0,False,False,False,EXACT_DERIVED
ternary_sample,9071,9,16,16,16,16,0,False,False,False,EXACT_DERIVED
ternary_sample,9072,9,16,16,16,16,0,False,False,False,EXACT_DERIVED
ternary_sample,9073,9,16,16,16,16,0,False,False,False,EXACT_DERIVED
ternary_sample,9074,9,16,16,16,16,0,False,False,False,EXACT_DERIVED
ternary_sample,9075,9,16,16,16,16,0,False,False,False,EXACT_DERIVED
ternary_sample,9076,9,16,16,16,16,0,False,False,False,EXACT_DERIVED
ternary_sample,9077,9,16,16,16,16,0,False,False,False,EXACT_DERIVED
ternary_sample,9078,9,15,16,16,16,0,False,False,False,EXACT_DERIVED
ternary_sample,9079,9,16,16,16,16,0,False,False,False,EXACT_DERIVED
ternary_sample,9080,9,16,16,16,16,0,False,False,False,EXACT_DERIVED
ternary_sample,9081,9,16,16,16,16,0,False,False,False,EXACT_DERIVED
ternary_sample,9082,9,16,16,16,16,0,False,False,False,EXACT_DERIVED
ternary_sample,9083,9,16,16,16,16,0,False,False,False,EXACT_DERIVED
ternary_sample,9084,9,16,16,16,16,0,False,False,False,EXACT_DERIVED
ternary_sample,9085,9,15,16,16,16,0,False,False,False,EXACT_DERIVED
ternary_sample,9086,9,16,16,16,16,0,False,False,False,EXACT_DERIVED
ternary_sample,9087,9,16,16,16,16,0,False,False,False,EXACT_DERIVED
ternary_sample,9088,9,15,16,16,16,0,False,False,False,EXACT_DERIVED
ternary_sample,9089,9,16,16,16,16,0,False,False,False,EXACT_DERIVED
ternary_sample,9090,9,16,16,16,16,0,False,False,False,EXACT_DERIVED
ternary_sample,9091,9,16,16,16,16,0,False,False,False,EXACT_DERIVED
ternary_sample,9092,9,16,16,16,16,0,False,False,False,EXACT_DERIVED
ternary_sample,9093,9,16,16,16,16,0,False,False,False,EXACT_DERIVED
ternary_sample,9094,9,15,16,16,16,0,False,False,False,EXACT_DERIVED
ternary_sample,9095,9,16,16,16,16,0,False,False,False,EXACT_DERIVED
ternary_sample,9096,9,16,16,16,16,0,False,False,False,EXACT_DERIVED
ternary_sample,9097,9,16,16,16,16,0,False,False,False,EXACT_DERIVED
ternary_sample,9098,9,16,16,16,16,0,False,False,False,EXACT_DERIVED
ternary_sample,9099,9,16,16,16,16,0,False,False,False,EXACT_DERIVED
ternary_sample,9100,9,16,16,16,16,0,False,False,False,EXACT_DERIVED
ternary_sample,9101,9,16,16,16,16,0,False,False,False,EXACT_DERIVED
ternary_sample,9102,9,15,16,16,16,0,False,False,False,EXACT_DERIVED
ternary_sample,9103,9,16,16,16,16,0,False,False,False,EXACT_DERIVED
ternary_sample,9104,9,16,16,16,16,0,False,False,False,EXACT_DERIVED
ternary_sample,9105,9,16,16,16,16,0,False,False,False,EXACT_DERIVED
ternary_sample,9106,9,16,16,16,16,0,False,False,False,EXACT_DERIVED
ternary_sample,9107,9,16,16,16,16,0,False,False,False,EXACT_DERIVED
ternary_sample,9108,9,16,16,16,16,0,False,False,False,EXACT_DERIVED
ternary_sample,9109,9,16,16,16,16,0,False,False,False,EXACT_DERIVED
ternary_sample,9110,9,16,16,16,16,0,False,False,False,EXACT_DERIVED
ternary_sample,9111,9,16,16,16,16,0,False,False,False,EXACT_DERIVED
ternary_sample,9112,9,16,16,16,16,0,False,False,False,EXACT_DERIVED
ternary_sample,9113,9,16,16,16,16,0,False,False,False,EXACT_DERIVED
ternary_sample,9114,9,15,16,16,16,0,False,False,False,EXACT_DERIVED
ternary_sample,9115,9,15,16,16,16,0,False,False,False,EXACT_DERIVED
ternary_sample,9116,9,16,16,16,16,0,False,False,False,EXACT_DERIVED
ternary_sample,9117,9,16,16,16,16,0,False,False,False,EXACT_DERIVED
ternary_sample,9118,9,15,16,16,16,0,False,False,False,EXACT_DERIVED
ternary_sample,9119,9,13,16,16,16,0,False,False,False,EXACT_DERIVED
ternary_sample,9120,9,16,16,16,16,0,False,False,False,EXACT_DERIVED
ternary_sample,9121,9,15,16,16,16,0,False,False,False,EXACT_DERIVED
ternary_sample,9122,9,16,16,16,16,0,False,False,False,EXACT_DERIVED
ternary_sample,9123,9,16,16,16,16,0,False,False,False,EXACT_DERIVED
ternary_sample,9124,9,16,16,16,16,0,False,False,False,EXACT_DERIVED
ternary_sample,9125,9,16,16,16,16,0,False,False,False,EXACT_DERIVED
ternary_sample,9126,9,16,16,16,16,0,False,False,False,EXACT_DERIVED
ternary_sample,9127,9,16,16,16,16,0,False,False,False,EXACT_DERIVED
ternary_sample,9128,9,15,16,16,16,0,False,False,False,EXACT_DERIVED
ternary_sample,9129,9,16,16,16,16,0,False,False,False,EXACT_DERIVED
ternary_sample,9130,9,16,16,16,16,0,False,False,False,EXACT_DERIVED
ternary_sample,9131,9,16,16,16,16,0,False,False,False,EXACT_DERIVED
ternary_sample,9132,9,16,16,16,16,0,False,False,False,EXACT_DERIVED
ternary_sample,9133,9,16,16,16,16,0,False,False,False,EXACT_DERIVED
ternary_sample,9134,9,16,16,16,16,0,False,False,False,EXACT_DERIVED
ternary_sample,9135,9,16,16,16,16,0,False,False,False,EXACT_DERIVED
ternary_sample,9136,9,15,16,16,16,0,False,False,False,EXACT_DERIVED
ternary_sample,9137,9,16,16,16,16,0,False,False,False,EXACT_DERIVED
ternary_sample,9138,9,16,16,16,16,0,False,False,False,EXACT_DERIVED
ternary_sample,9139,9,16,16,16,16,0,False,False,False,EXACT_DERIVED
ternary_sample,9140,9,16,16,16,16,0,False,False,False,EXACT_DERIVED
ternary_sample,9141,9,16,16,16,16,0,False,False,False,EXACT_DERIVED
ternary_sample,9142,9,14,16,16,16,0,False,False,False,EXACT_DERIVED
ternary_sample,9143,9,16,16,16,16,0,False,False,False,EXACT_DERIVED
ternary_sample,9144,8,14,16,16,16,0,False,False,False,EXACT_DERIVED
ternary_sample,9145,9,16,16,16,16,0,False,False,False,EXACT_DERIVED
ternary_sample,9146,9,16,16,16,16,0,False,False,False,EXACT_DERIVED
ternary_sample,9147,9,16,16,16,16,0,False,False,False,EXACT_DERIVED
ternary_sample,9148,9,16,16,16,16,0,False,False,False,EXACT_DERIVED
ternary_sample,9149,9,16,16,16,16,0,False,False,False,EXACT_DERIVED
ternary_sample,9150,9,16,16,16,16,0,False,False,False,EXACT_DERIVED
ternary_sample,9151,9,16,16,16,16,0,False,False,False,EXACT_DERIVED
ternary_sample,9152,9,16,16,16,16,0,False,False,False,EXACT_DERIVED
ternary_sample,9153,9,16,16,16,16,0,False,False,False,EXACT_DERIVED
ternary_sample,9154,9,15,16,16,16,0,False,False,False,EXACT_DERIVED
ternary_sample,9155,9,16,16,16,16,0,False,False,False,EXACT_DERIVED
ternary_sample,9156,9,16,16,16,16,0,False,False,False,EXACT_DERIVED
ternary_sample,9157,9,16,16,16,16,0,False,False,False,EXACT_DERIVED
ternary_sample,9158,9,16,16,16,16,0,False,False,False,EXACT_DERIVED
ternary_sample,9159,9,16,16,16,16,0,False,False,False,EXACT_DERIVED
ternary_sample,9160,9,15,16,16,16,0,False,False,False,EXACT_DERIVED
ternary_sample,9161,9,16,16,16,16,0,False,False,False,EXACT_DERIVED
ternary_sample,9162,9,16,16,16,16,0,False,False,False,EXACT_DERIVED
ternary_sample,9163,9,16,16,16,16,0,False,False,False,EXACT_DERIVED
ternary_sample,9164,9,16,16,16,16,0,False,False,False,EXACT_DERIVED
ternary_sample,9165,9,16,16,16,16,0,False,False,False,EXACT_DERIVED
ternary_sample,9166,9,15,16,16,16,0,False,False,False,EXACT_DERIVED
ternary_sample,9167,9,16,16,16,16,0,False,False,False,EXACT_DERIVED
ternary_sample,9168,9,13,16,16,16,0,False,False,False,EXACT_DERIVED
ternary_sample,9169,9,16,16,16,16,0,False,False,False,EXACT_DERIVED
ternary_sample,9170,9,16,16,16,16,0,False,False,False,EXACT_DERIVED
ternary_sample,9171,9,16,16,16,16,0,False,False,False,EXACT_DERIVED
ternary_sample,9172,9,16,16,16,16,0,False,False,False,EXACT_DERIVED
ternary_sample,9173,9,16,16,16,16,0,False,False,False,EXACT_DERIVED
ternary_sample,9174,9,16,16,16,16,0,False,False,False,EXACT_DERIVED
ternary_sample,9175,9,16,16,16,16,0,False,False,False,EXACT_DERIVED
ternary_sample,9176,9,16,16,16,16,0,False,False,False,EXACT_DERIVED
ternary_sample,9177,9,16,16,16,16,0,False,False,False,EXACT_DERIVED
ternary_sample,9178,9,16,16,16,16,0,False,False,False,EXACT_DERIVED
ternary_sample,9179,9,16,16,16,16,0,False,False,False,EXACT_DERIVED
ternary_sample,9180,9,16,16,16,16,0,False,False,False,EXACT_DERIVED
ternary_sample,9181,9,15,16,16,16,0,False,False,False,EXACT_DERIVED
ternary_sample,9182,9,15,16,16,16,0,False,False,False,EXACT_DERIVED
ternary_sample,9183,9,16,16,16,16,0,False,False,False,EXACT_DERIVED
ternary_sample,9184,9,15,16,16,16,0,False,False,False,EXACT_DERIVED
ternary_sample,9185,9,16,16,16,16,0,False,False,False,EXACT_DERIVED
ternary_sample,9186,9,16,16,16,16,0,False,False,False,EXACT_DERIVED
ternary_sample,9187,9,16,16,16,16,0,False,False,False,EXACT_DERIVED
ternary_sample,9188,9,15,16,16,16,0,False,False,False,EXACT_DERIVED
ternary_sample,9189,9,16,16,16,16,0,False,False,False,EXACT_DERIVED
ternary_sample,9190,9,15,16,16,16,0,False,False,False,EXACT_DERIVED
ternary_sample,9191,9,16,16,16,16,0,False,False,False,EXACT_DERIVED
ternary_sample,9192,9,16,16,16,16,0,False,False,False,EXACT_DERIVED
ternary_sample,9193,9,16,16,16,16,0,False,False,False,EXACT_DERIVED
ternary_sample,9194,9,16,16,16,16,0,False,False,False,EXACT_DERIVED
ternary_sample,9195,9,16,16,16,16,0,False,False,False,EXACT_DERIVED
ternary_sample,9196,9,15,16,16,16,0,False,False,False,EXACT_DERIVED
ternary_sample,9197,9,16,16,16,16,0,False,False,False,EXACT_DERIVED
ternary_sample,9198,9,16,16,16,16,0,False,False,False,EXACT_DERIVED
ternary_sample,9199,9,16,16,16,16,0,False,False,False,EXACT_DERIVED
ternary_sample,9200,9,16,16,16,16,0,False,False,False,EXACT_DERIVED
ternary_sample,9201,9,16,16,16,16,0,False,False,False,EXACT_DERIVED
ternary_sample,9202,9,16,16,16,16,0,False,False,False,EXACT_DERIVED
ternary_sample,9203,9,16,16,16,16,0,False,False,False,EXACT_DERIVED
ternary_sample,9204,9,16,16,16,16,0,False,False,False,EXACT_DERIVED
ternary_sample,9205,9,16,16,16,16,0,False,False,False,EXACT_DERIVED
ternary_sample,9206,9,16,16,16,16,0,False,False,False,EXACT_DERIVED
ternary_sample,9207,9,16,16,16,16,0,False,False,False,EXACT_DERIVED
ternary_sample,9208,9,16,16,16,16,0,False,False,False,EXACT_DERIVED
ternary_sample,9209,9,16,16,16,16,0,False,False,False,EXACT_DERIVED
ternary_sample,9210,9,16,16,16,16,0,False,False,False,EXACT_DERIVED
ternary_sample,9211,9,16,16,16,16,0,False,False,False,EXACT_DERIVED
ternary_sample,9212,9,16,16,16,16,0,False,False,False,EXACT_DERIVED
ternary_sample,9213,9,16,16,16,16,0,False,False,False,EXACT_DERIVED
ternary_sample,9214,9,16,16,16,16,0,False,False,False,EXACT_DERIVED
ternary_sample,9215,9,16,16,16,16,0,False,False,False,EXACT_DERIVED
ternary_sample,9216,9,16,16,16,16,0,False,False,False,EXACT_DERIVED
ternary_sample,9217,9,16,16,16,16,0,False,False,False,EXACT_DERIVED
ternary_sample,9218,9,16,16,16,16,0,False,False,False,EXACT_DERIVED
ternary_sample,9219,9,16,16,16,16,0,False,False,False,EXACT_DERIVED
ternary_sample,9220,9,16,16,16,16,0,False,False,False,EXACT_DERIVED
ternary_sample,9221,9,16,16,16,16,0,False,False,False,EXACT_DERIVED
ternary_sample,9222,9,16,16,16,16,0,False,False,False,EXACT_DERIVED
ternary_sample,9223,9,14,16,16,16,0,False,False,False,EXACT_DERIVED
ternary_sample,9224,9,16,16,16,16,0,False,False,False,EXACT_DERIVED
ternary_sample,9225,9,15,16,16,16,0,False,False,False,EXACT_DERIVED
ternary_sample,9226,9,15,16,16,16,0,False,False,False,EXACT_DERIVED
ternary_sample,9227,9,16,16,16,16,0,False,False,False,EXACT_DERIVED
ternary_sample,9228,9,16,16,16,16,0,False,False,False,EXACT_DERIVED
ternary_sample,9229,9,16,16,16,16,0,False,False,False,EXACT_DERIVED
ternary_sample,9230,9,16,16,16,16,0,False,False,False,EXACT_DERIVED
ternary_sample,9231,9,16,16,16,16,0,False,False,False,EXACT_DERIVED
ternary_sample,9232,9,16,16,16,16,0,False,False,False,EXACT_DERIVED
ternary_sample,9233,9,16,16,16,16,0,False,False,False,EXACT_DERIVED
ternary_sample,9234,9,16,16,16,16,0,False,False,False,EXACT_DERIVED
ternary_sample,9235,9,15,16,16,16,0,False,False,False,EXACT_DERIVED
ternary_sample,9236,9,16,16,16,16,0,False,False,False,EXACT_DERIVED
ternary_sample,9237,9,15,16,16,16,0,False,False,False,EXACT_DERIVED
ternary_sample,9238,9,16,16,16,16,0,False,False,False,EXACT_DERIVED
ternary_sample,9239,9,16,16,16,16,0,False,False,False,EXACT_DERIVED
ternary_sample,9240,9,16,16,16,16,0,False,False,False,EXACT_DERIVED
ternary_sample,9241,9,16,16,16,16,0,False,False,False,EXACT_DERIVED
ternary_sample,9242,9,14,16,16,16,0,False,False,False,EXACT_DERIVED
ternary_sample,9243,9,15,16,16,16,0,False,False,False,EXACT_DERIVED
ternary_sample,9244,9,16,16,16,16,0,False,False,False,EXACT_DERIVED
ternary_sample,9245,9,15,16,16,16,0,False,False,False,EXACT_DERIVED
ternary_sample,9246,9,15,16,16,16,0,False,False,False,EXACT_DERIVED
ternary_sample,9247,9,14,16,16,16,0,False,False,False,EXACT_DERIVED
ternary_sample,9248,9,16,16,16,16,0,False,False,False,EXACT_DERIVED
ternary_sample,9249,9,16,16,16,16,0,False,False,False,EXACT_DERIVED
ternary_sample,9250,9,16,16,16,16,0,False,False,False,EXACT_DERIVED
ternary_sample,9251,9,16,16,16,16,0,False,False,False,EXACT_DERIVED
ternary_sample,9252,9,15,16,16,16,0,False,False,False,EXACT_DERIVED
ternary_sample,9253,9,16,16,16,16,0,False,False,False,EXACT_DERIVED
ternary_sample,9254,9,15,16,16,16,0,False,False,False,EXACT_DERIVED
ternary_sample,9255,9,16,16,16,16,0,False,False,False,EXACT_DERIVED
ternary_sample,9256,9,16,16,16,16,0,False,False,False,EXACT_DERIVED
ternary_sample,9257,9,16,16,16,16,0,False,False,False,EXACT_DERIVED
ternary_sample,9258,9,16,16,16,16,0,False,False,False,EXACT_DERIVED
ternary_sample,9259,9,16,16,16,16,0,False,False,False,EXACT_DERIVED
ternary_sample,9260,9,16,16,16,16,0,False,False,False,EXACT_DERIVED
ternary_sample,9261,9,15,16,16,16,0,False,False,False,EXACT_DERIVED
ternary_sample,9262,9,15,16,16,16,0,False,False,False,EXACT_DERIVED
ternary_sample,9263,9,16,16,16,16,0,False,False,False,EXACT_DERIVED
ternary_sample,9264,9,13,16,16,16,0,False,False,False,EXACT_DERIVED
ternary_sample,9265,9,16,16,16,16,0,False,False,False,EXACT_DERIVED
ternary_sample,9266,9,16,16,16,16,0,False,False,False,EXACT_DERIVED
ternary_sample,9267,9,16,16,16,16,0,False,False,False,EXACT_DERIVED
ternary_sample,9268,9,16,16,16,16,0,False,False,False,EXACT_DERIVED
ternary_sample,9269,9,15,16,16,16,0,False,False,False,EXACT_DERIVED
ternary_sample,9270,9,16,16,16,16,0,False,False,False,EXACT_DERIVED
ternary_sample,9271,9,16,16,16,16,0,False,False,False,EXACT_DERIVED
ternary_sample,9272,9,16,16,16,16,0,False,False,False,EXACT_DERIVED
ternary_sample,9273,9,15,16,16,16,0,False,False,False,EXACT_DERIVED
ternary_sample,9274,9,15,16,16,16,0,False,False,False,EXACT_DERIVED
ternary_sample,9275,9,16,16,16,16,0,False,False,False,EXACT_DERIVED
ternary_sample,9276,9,16,16,16,16,0,False,False,False,EXACT_DERIVED
ternary_sample,9277,9,16,16,16,16,0,False,False,False,EXACT_DERIVED
ternary_sample,9278,9,16,16,16,16,0,False,False,False,EXACT_DERIVED
ternary_sample,9279,9,15,16,16,16,0,False,False,False,EXACT_DERIVED
ternary_sample,9280,9,16,16,16,16,0,False,False,False,EXACT_DERIVED
ternary_sample,9281,9,15,16,16,16,0,False,False,False,EXACT_DERIVED
ternary_sample,9282,9,16,16,16,16,0,False,False,False,EXACT_DERIVED
ternary_sample,9283,9,16,16,16,16,0,False,False,False,EXACT_DERIVED
ternary_sample,9284,9,16,16,16,16,0,False,False,False,EXACT_DERIVED
ternary_sample,9285,9,16,16,16,16,0,False,False,False,EXACT_DERIVED
ternary_sample,9286,9,16,16,16,16,0,False,False,False,EXACT_DERIVED
ternary_sample,9287,9,16,16,16,16,0,False,False,False,EXACT_DERIVED
ternary_sample,9288,9,16,16,16,16,0,False,False,False,EXACT_DERIVED
ternary_sample,9289,9,16,16,16,16,0,False,False,False,EXACT_DERIVED
ternary_sample,9290,9,16,16,16,16,0,False,False,False,EXACT_DERIVED
ternary_sample,9291,9,15,16,16,16,0,False,False,False,EXACT_DERIVED
ternary_sample,9292,9,16,16,16,16,0,False,False,False,EXACT_DERIVED
ternary_sample,9293,9,16,16,16,16,0,False,False,False,EXACT_DERIVED
ternary_sample,9294,9,16,16,16,16,0,False,False,False,EXACT_DERIVED
ternary_sample,9295,9,16,16,16,16,0,False,False,False,EXACT_DERIVED
ternary_sample,9296,9,16,16,16,16,0,False,False,False,EXACT_DERIVED
ternary_sample,9297,9,16,16,16,16,0,False,False,False,EXACT_DERIVED
ternary_sample,9298,9,16,16,16,16,0,False,False,False,EXACT_DERIVED
ternary_sample,9299,9,16,16,16,16,0,False,False,False,EXACT_DERIVED
ternary_sample,9300,9,16,16,16,16,0,False,False,False,EXACT_DERIVED
ternary_sample,9301,9,15,16,16,16,0,False,False,False,EXACT_DERIVED
ternary_sample,9302,9,15,16,16,16,0,False,False,False,EXACT_DERIVED
ternary_sample,9303,9,15,16,16,16,0,False,False,False,EXACT_DERIVED
ternary_sample,9304,9,16,16,16,16,0,False,False,False,EXACT_DERIVED
ternary_sample,9305,9,16,16,16,16,0,False,False,False,EXACT_DERIVED
ternary_sample,9306,9,16,16,16,16,0,False,False,False,EXACT_DERIVED
ternary_sample,9307,9,16,16,16,16,0,False,False,False,EXACT_DERIVED
ternary_sample,9308,9,16,16,16,16,0,False,False,False,EXACT_DERIVED
ternary_sample,9309,9,16,16,16,16,0,False,False,False,EXACT_DERIVED
ternary_sample,9310,9,16,16,16,16,0,False,False,False,EXACT_DERIVED
ternary_sample,9311,9,16,16,16,16,0,False,False,False,EXACT_DERIVED
ternary_sample,9312,9,16,16,16,16,0,False,False,False,EXACT_DERIVED
ternary_sample,9313,9,16,16,16,16,0,False,False,False,EXACT_DERIVED
ternary_sample,9314,9,16,16,16,16,0,False,False,False,EXACT_DERIVED
ternary_sample,9315,9,16,16,16,16,0,False,False,False,EXACT_DERIVED
ternary_sample,9316,9,16,16,16,16,0,False,False,False,EXACT_DERIVED
ternary_sample,9317,9,16,16,16,16,0,False,False,False,EXACT_DERIVED
ternary_sample,9318,9,16,16,16,16,0,False,False,False,EXACT_DERIVED
ternary_sample,9319,9,16,16,16,16,0,False,False,False,EXACT_DERIVED
ternary_sample,9320,9,16,16,16,16,0,False,False,False,EXACT_DERIVED
ternary_sample,9321,9,16,16,16,16,0,False,False,False,EXACT_DERIVED
ternary_sample,9322,9,16,16,16,16,0,False,False,False,EXACT_DERIVED
ternary_sample,9323,9,16,16,16,16,0,False,False,False,EXACT_DERIVED
ternary_sample,9324,9,15,16,16,16,0,False,False,False,EXACT_DERIVED
ternary_sample,9325,9,16,16,16,16,0,False,False,False,EXACT_DERIVED
ternary_sample,9326,9,16,16,16,16,0,False,False,False,EXACT_DERIVED
ternary_sample,9327,9,15,16,16,16,0,False,False,False,EXACT_DERIVED
ternary_sample,9328,9,15,16,16,16,0,False,False,False,EXACT_DERIVED
ternary_sample,9329,9,16,16,16,16,0,False,False,False,EXACT_DERIVED
ternary_sample,9330,9,16,16,16,16,0,False,False,False,EXACT_DERIVED
ternary_sample,9331,9,16,16,16,16,0,False,False,False,EXACT_DERIVED
ternary_sample,9332,9,16,16,16,16,0,False,False,False,EXACT_DERIVED
ternary_sample,9333,9,16,16,16,16,0,False,False,False,EXACT_DERIVED
ternary_sample,9334,9,16,16,16,16,0,False,False,False,EXACT_DERIVED
ternary_sample,9335,9,16,16,16,16,0,False,False,False,EXACT_DERIVED
ternary_sample,9336,9,16,16,16,16,0,False,False,False,EXACT_DERIVED
ternary_sample,9337,9,16,16,16,16,0,False,False,False,EXACT_DERIVED
ternary_sample,9338,9,16,16,16,16,0,False,False,False,EXACT_DERIVED
ternary_sample,9339,9,16,16,16,16,0,False,False,False,EXACT_DERIVED
ternary_sample,9340,9,16,16,16,16,0,False,False,False,EXACT_DERIVED
ternary_sample,9341,9,16,16,16,16,0,False,False,False,EXACT_DERIVED
ternary_sample,9342,9,16,16,16,16,0,False,False,False,EXACT_DERIVED
ternary_sample,9343,9,15,16,16,16,0,False,False,False,EXACT_DERIVED
ternary_sample,9344,9,16,16,16,16,0,False,False,False,EXACT_DERIVED
ternary_sample,9345,9,16,16,16,16,0,False,False,False,EXACT_DERIVED
ternary_sample,9346,9,16,16,16,16,0,False,False,False,EXACT_DERIVED
ternary_sample,9347,9,15,16,16,16,0,False,False,False,EXACT_DERIVED
ternary_sample,9348,9,16,16,16,16,0,False,False,False,EXACT_DERIVED
ternary_sample,9349,9,16,16,16,16,0,False,False,False,EXACT_DERIVED
ternary_sample,9350,9,16,16,16,16,0,False,False,False,EXACT_DERIVED
ternary_sample,9351,9,16,16,16,16,0,False,False,False,EXACT_DERIVED
ternary_sample,9352,9,16,16,16,16,0,False,False,False,EXACT_DERIVED
ternary_sample,9353,9,16,16,16,16,0,False,False,False,EXACT_DERIVED
ternary_sample,9354,9,16,16,16,16,0,False,False,False,EXACT_DERIVED
ternary_sample,9355,9,16,16,16,16,0,False,False,False,EXACT_DERIVED
ternary_sample,9356,9,16,16,16,16,0,False,False,False,EXACT_DERIVED
ternary_sample,9357,9,16,16,16,16,0,False,False,False,EXACT_DERIVED
ternary_sample,9358,9,16,16,16,16,0,False,False,False,EXACT_DERIVED
ternary_sample,9359,9,16,16,16,16,0,False,False,False,EXACT_DERIVED
ternary_sample,9360,9,16,16,16,16,0,False,False,False,EXACT_DERIVED
ternary_sample,9361,9,16,16,16,16,0,False,False,False,EXACT_DERIVED
ternary_sample,9362,9,16,16,16,16,0,False,False,False,EXACT_DERIVED
ternary_sample,9363,9,16,16,16,16,0,False,False,False,EXACT_DERIVED
ternary_sample,9364,9,16,16,16,16,0,False,False,False,EXACT_DERIVED
ternary_sample,9365,9,13,16,16,16,0,False,False,False,EXACT_DERIVED
ternary_sample,9366,9,16,16,16,16,0,False,False,False,EXACT_DERIVED
ternary_sample,9367,9,15,16,16,16,0,False,False,False,EXACT_DERIVED
ternary_sample,9368,9,15,16,16,16,0,False,False,False,EXACT_DERIVED
ternary_sample,9369,9,16,16,16,16,0,False,False,False,EXACT_DERIVED
ternary_sample,9370,9,16,16,16,16,0,False,False,False,EXACT_DERIVED
ternary_sample,9371,9,16,16,16,16,0,False,False,False,EXACT_DERIVED
ternary_sample,9372,9,16,16,16,16,0,False,False,False,EXACT_DERIVED
ternary_sample,9373,9,15,16,16,16,0,False,False,False,EXACT_DERIVED
ternary_sample,9374,9,15,16,16,16,0,False,False,False,EXACT_DERIVED
ternary_sample,9375,9,16,16,16,16,0,False,False,False,EXACT_DERIVED
ternary_sample,9376,9,16,16,16,16,0,False,False,False,EXACT_DERIVED
ternary_sample,9377,9,16,16,16,16,0,False,False,False,EXACT_DERIVED
ternary_sample,9378,9,16,16,16,16,0,False,False,False,EXACT_DERIVED
ternary_sample,9379,9,16,16,16,16,0,False,False,False,EXACT_DERIVED
ternary_sample,9380,9,15,16,16,16,0,False,False,False,EXACT_DERIVED
ternary_sample,9381,9,16,16,16,16,0,False,False,False,EXACT_DERIVED
ternary_sample,9382,9,16,16,16,16,0,False,False,False,EXACT_DERIVED
ternary_sample,9383,9,16,16,16,16,0,False,False,False,EXACT_DERIVED
ternary_sample,9384,9,15,16,16,16,0,False,False,False,EXACT_DERIVED
ternary_sample,9385,9,16,16,16,16,0,False,False,False,EXACT_DERIVED
ternary_sample,9386,9,16,16,16,16,0,False,False,False,EXACT_DERIVED
ternary_sample,9387,9,15,16,16,16,0,False,False,False,EXACT_DERIVED
ternary_sample,9388,9,16,16,16,16,0,False,False,False,EXACT_DERIVED
ternary_sample,9389,9,16,16,16,16,0,False,False,False,EXACT_DERIVED
ternary_sample,9390,9,16,16,16,16,0,False,False,False,EXACT_DERIVED
ternary_sample,9391,9,16,16,16,16,0,False,False,False,EXACT_DERIVED
ternary_sample,9392,9,16,16,16,16,0,False,False,False,EXACT_DERIVED
ternary_sample,9393,9,16,16,16,16,0,False,False,False,EXACT_DERIVED
ternary_sample,9394,9,16,16,16,16,0,False,False,False,EXACT_DERIVED
ternary_sample,9395,8,13,16,16,16,0,False,False,False,EXACT_DERIVED
ternary_sample,9396,9,16,16,16,16,0,False,False,False,EXACT_DERIVED
ternary_sample,9397,9,16,16,16,16,0,False,False,False,EXACT_DERIVED
ternary_sample,9398,9,15,16,16,16,0,False,False,False,EXACT_DERIVED
ternary_sample,9399,9,16,16,16,16,0,False,False,False,EXACT_DERIVED
ternary_sample,9400,9,16,16,16,16,0,False,False,False,EXACT_DERIVED
ternary_sample,9401,9,15,16,16,16,0,False,False,False,EXACT_DERIVED
ternary_sample,9402,9,16,16,16,16,0,False,False,False,EXACT_DERIVED
ternary_sample,9403,9,15,16,16,16,0,False,False,False,EXACT_DERIVED
ternary_sample,9404,9,15,16,16,16,0,False,False,False,EXACT_DERIVED
ternary_sample,9405,9,16,16,16,16,0,False,False,False,EXACT_DERIVED
ternary_sample,9406,9,16,16,16,16,0,False,False,False,EXACT_DERIVED
ternary_sample,9407,9,16,16,16,16,0,False,False,False,EXACT_DERIVED
ternary_sample,9408,9,15,16,16,16,0,False,False,False,EXACT_DERIVED
ternary_sample,9409,9,16,16,16,16,0,False,False,False,EXACT_DERIVED
ternary_sample,9410,9,15,16,16,16,0,False,False,False,EXACT_DERIVED
ternary_sample,9411,9,15,16,16,16,0,False,False,False,EXACT_DERIVED
ternary_sample,9412,9,16,16,16,16,0,False,False,False,EXACT_DERIVED
ternary_sample,9413,9,16,16,16,16,0,False,False,False,EXACT_DERIVED
ternary_sample,9414,9,16,16,16,16,0,False,False,False,EXACT_DERIVED
ternary_sample,9415,9,15,16,16,16,0,False,False,False,EXACT_DERIVED
ternary_sample,9416,9,16,16,16,16,0,False,False,False,EXACT_DERIVED
ternary_sample,9417,9,16,16,16,16,0,False,False,False,EXACT_DERIVED
ternary_sample,9418,9,12,16,16,16,0,False,False,False,EXACT_DERIVED
ternary_sample,9419,9,16,16,16,16,0,False,False,False,EXACT_DERIVED
ternary_sample,9420,9,16,16,16,16,0,False,False,False,EXACT_DERIVED
ternary_sample,9421,9,16,16,16,16,0,False,False,False,EXACT_DERIVED
ternary_sample,9422,9,16,16,16,16,0,False,False,False,EXACT_DERIVED
ternary_sample,9423,9,16,16,16,16,0,False,False,False,EXACT_DERIVED
ternary_sample,9424,9,16,16,16,16,0,False,False,False,EXACT_DERIVED
ternary_sample,9425,9,14,16,16,16,0,False,False,False,EXACT_DERIVED
ternary_sample,9426,9,16,16,16,16,0,False,False,False,EXACT_DERIVED
ternary_sample,9427,9,16,16,16,16,0,False,False,False,EXACT_DERIVED
ternary_sample,9428,9,16,16,16,16,0,False,False,False,EXACT_DERIVED
ternary_sample,9429,9,16,16,16,16,0,False,False,False,EXACT_DERIVED
ternary_sample,9430,9,16,16,16,16,0,False,False,False,EXACT_DERIVED
ternary_sample,9431,9,14,16,16,16,0,False,False,False,EXACT_DERIVED
ternary_sample,9432,9,16,16,16,16,0,False,False,False,EXACT_DERIVED
ternary_sample,9433,9,16,16,16,16,0,False,False,False,EXACT_DERIVED
ternary_sample,9434,9,15,16,16,16,0,False,False,False,EXACT_DERIVED
ternary_sample,9435,9,16,16,16,16,0,False,False,False,EXACT_DERIVED
ternary_sample,9436,9,16,16,16,16,0,False,False,False,EXACT_DERIVED
ternary_sample,9437,9,16,16,16,16,0,False,False,False,EXACT_DERIVED
ternary_sample,9438,9,13,16,16,16,0,False,False,False,EXACT_DERIVED
ternary_sample,9439,9,16,16,16,16,0,False,False,False,EXACT_DERIVED
ternary_sample,9440,9,16,16,16,16,0,False,False,False,EXACT_DERIVED
ternary_sample,9441,9,16,16,16,16,0,False,False,False,EXACT_DERIVED
ternary_sample,9442,9,15,16,16,16,0,False,False,False,EXACT_DERIVED
ternary_sample,9443,9,16,16,16,16,0,False,False,False,EXACT_DERIVED
ternary_sample,9444,9,16,16,16,16,0,False,False,False,EXACT_DERIVED
ternary_sample,9445,9,15,16,16,16,0,False,False,False,EXACT_DERIVED
ternary_sample,9446,9,16,16,16,16,0,False,False,False,EXACT_DERIVED
ternary_sample,9447,9,16,16,16,16,0,False,False,False,EXACT_DERIVED
ternary_sample,9448,9,15,16,16,16,0,False,False,False,EXACT_DERIVED
ternary_sample,9449,9,16,16,16,16,0,False,False,False,EXACT_DERIVED
ternary_sample,9450,9,16,16,16,16,0,False,False,False,EXACT_DERIVED
ternary_sample,9451,9,16,16,16,16,0,False,False,False,EXACT_DERIVED
ternary_sample,9452,9,16,16,16,16,0,False,False,False,EXACT_DERIVED
ternary_sample,9453,9,15,16,16,16,0,False,False,False,EXACT_DERIVED
ternary_sample,9454,9,16,16,16,16,0,False,False,False,EXACT_DERIVED
ternary_sample,9455,9,16,16,16,16,0,False,False,False,EXACT_DERIVED
ternary_sample,9456,9,15,16,16,16,0,False,False,False,EXACT_DERIVED
ternary_sample,9457,9,16,16,16,16,0,False,False,False,EXACT_DERIVED
ternary_sample,9458,9,16,16,16,16,0,False,False,False,EXACT_DERIVED
ternary_sample,9459,9,16,16,16,16,0,False,False,False,EXACT_DERIVED
ternary_sample,9460,9,16,16,16,16,0,False,False,False,EXACT_DERIVED
ternary_sample,9461,9,16,16,16,16,0,False,False,False,EXACT_DERIVED
ternary_sample,9462,9,16,16,16,16,0,False,False,False,EXACT_DERIVED
ternary_sample,9463,9,16,16,16,16,0,False,False,False,EXACT_DERIVED
ternary_sample,9464,9,16,16,16,16,0,False,False,False,EXACT_DERIVED
ternary_sample,9465,9,16,16,16,16,0,False,False,False,EXACT_DERIVED
ternary_sample,9466,9,16,16,16,16,0,False,False,False,EXACT_DERIVED
ternary_sample,9467,9,16,16,16,16,0,False,False,False,EXACT_DERIVED
ternary_sample,9468,9,16,16,16,16,0,False,False,False,EXACT_DERIVED
ternary_sample,9469,9,16,16,16,16,0,False,False,False,EXACT_DERIVED
ternary_sample,9470,9,16,16,16,16,0,False,False,False,EXACT_DERIVED
ternary_sample,9471,9,16,16,16,16,0,False,False,False,EXACT_DERIVED
ternary_sample,9472,9,16,16,16,16,0,False,False,False,EXACT_DERIVED
ternary_sample,9473,9,16,16,16,16,0,False,False,False,EXACT_DERIVED
ternary_sample,9474,9,16,16,16,16,0,False,False,False,EXACT_DERIVED
ternary_sample,9475,9,16,16,16,16,0,False,False,False,EXACT_DERIVED
ternary_sample,9476,9,16,16,16,16,0,False,False,False,EXACT_DERIVED
ternary_sample,9477,9,16,16,16,16,0,False,False,False,EXACT_DERIVED
ternary_sample,9478,9,16,16,16,16,0,False,False,False,EXACT_DERIVED
ternary_sample,9479,9,16,16,16,16,0,False,False,False,EXACT_DERIVED
ternary_sample,9480,9,16,16,16,16,0,False,False,False,EXACT_DERIVED
ternary_sample,9481,9,16,16,16,16,0,False,False,False,EXACT_DERIVED
ternary_sample,9482,9,15,16,16,16,0,False,False,False,EXACT_DERIVED
ternary_sample,9483,9,16,16,16,16,0,False,False,False,EXACT_DERIVED
ternary_sample,9484,9,15,16,16,16,0,False,False,False,EXACT_DERIVED
ternary_sample,9485,9,16,16,16,16,0,False,False,False,EXACT_DERIVED
ternary_sample,9486,9,16,16,16,16,0,False,False,False,EXACT_DERIVED
ternary_sample,9487,9,16,16,16,16,0,False,False,False,EXACT_DERIVED
ternary_sample,9488,9,16,16,16,16,0,False,False,False,EXACT_DERIVED
ternary_sample,9489,9,16,16,16,16,0,False,False,False,EXACT_DERIVED
ternary_sample,9490,9,16,16,16,16,0,False,False,False,EXACT_DERIVED
ternary_sample,9491,9,16,16,16,16,0,False,False,False,EXACT_DERIVED
ternary_sample,9492,9,16,16,16,16,0,False,False,False,EXACT_DERIVED
ternary_sample,9493,9,16,16,16,16,0,False,False,False,EXACT_DERIVED
ternary_sample,9494,9,16,16,16,16,0,False,False,False,EXACT_DERIVED
ternary_sample,9495,9,16,16,16,16,0,False,False,False,EXACT_DERIVED
ternary_sample,9496,9,16,16,16,16,0,False,False,False,EXACT_DERIVED
ternary_sample,9497,9,16,16,16,16,0,False,False,False,EXACT_DERIVED
ternary_sample,9498,9,15,16,16,16,0,False,False,False,EXACT_DERIVED
ternary_sample,9499,9,15,16,16,16,0,False,False,False,EXACT_DERIVED
ternary_sample,9500,9,14,16,16,16,0,False,False,False,EXACT_DERIVED
ternary_sample,9501,9,16,16,16,16,0,False,False,False,EXACT_DERIVED
ternary_sample,9502,9,16,16,16,16,0,False,False,False,EXACT_DERIVED
ternary_sample,9503,9,16,16,16,16,0,False,False,False,EXACT_DERIVED
ternary_sample,9504,9,15,16,16,16,0,False,False,False,EXACT_DERIVED
ternary_sample,9505,9,16,16,16,16,0,False,False,False,EXACT_DERIVED
ternary_sample,9506,9,16,16,16,16,0,False,False,False,EXACT_DERIVED
ternary_sample,9507,9,16,16,16,16,0,False,False,False,EXACT_DERIVED
ternary_sample,9508,9,16,16,16,16,0,False,False,False,EXACT_DERIVED
ternary_sample,9509,9,16,16,16,16,0,False,False,False,EXACT_DERIVED
ternary_sample,9510,9,16,16,16,16,0,False,False,False,EXACT_DERIVED
ternary_sample,9511,9,16,16,16,16,0,False,False,False,EXACT_DERIVED
ternary_sample,9512,9,16,16,16,16,0,False,False,False,EXACT_DERIVED
ternary_sample,9513,9,16,16,16,16,0,False,False,False,EXACT_DERIVED
ternary_sample,9514,9,16,16,16,16,0,False,False,False,EXACT_DERIVED
ternary_sample,9515,9,15,16,16,16,0,False,False,False,EXACT_DERIVED
ternary_sample,9516,9,16,16,16,16,0,False,False,False,EXACT_DERIVED
ternary_sample,9517,9,16,16,16,16,0,False,False,False,EXACT_DERIVED
ternary_sample,9518,9,16,16,16,16,0,False,False,False,EXACT_DERIVED
ternary_sample,9519,9,16,16,16,16,0,False,False,False,EXACT_DERIVED
ternary_sample,9520,9,15,16,16,16,0,False,False,False,EXACT_DERIVED
ternary_sample,9521,9,16,16,16,16,0,False,False,False,EXACT_DERIVED
ternary_sample,9522,9,16,16,16,16,0,False,False,False,EXACT_DERIVED
ternary_sample,9523,9,16,16,16,16,0,False,False,False,EXACT_DERIVED
ternary_sample,9524,9,16,16,16,16,0,False,False,False,EXACT_DERIVED
ternary_sample,9525,9,16,16,16,16,0,False,False,False,EXACT_DERIVED
ternary_sample,9526,9,16,16,16,16,0,False,False,False,EXACT_DERIVED
ternary_sample,9527,9,16,16,16,16,0,False,False,False,EXACT_DERIVED
ternary_sample,9528,9,15,16,16,16,0,False,False,False,EXACT_DERIVED
ternary_sample,9529,9,16,16,16,16,0,False,False,False,EXACT_DERIVED
ternary_sample,9530,9,15,16,16,16,0,False,False,False,EXACT_DERIVED
ternary_sample,9531,9,16,16,16,16,0,False,False,False,EXACT_DERIVED
ternary_sample,9532,9,16,16,16,16,0,False,False,False,EXACT_DERIVED
ternary_sample,9533,9,16,16,16,16,0,False,False,False,EXACT_DERIVED
ternary_sample,9534,9,15,16,16,16,0,False,False,False,EXACT_DERIVED
ternary_sample,9535,9,15,16,16,16,0,False,False,False,EXACT_DERIVED
ternary_sample,9536,9,16,16,16,16,0,False,False,False,EXACT_DERIVED
ternary_sample,9537,9,16,16,16,16,0,False,False,False,EXACT_DERIVED
ternary_sample,9538,9,16,16,16,16,0,False,False,False,EXACT_DERIVED
ternary_sample,9539,9,15,16,16,16,0,False,False,False,EXACT_DERIVED
ternary_sample,9540,9,15,16,16,16,0,False,False,False,EXACT_DERIVED
ternary_sample,9541,9,16,16,16,16,0,False,False,False,EXACT_DERIVED
ternary_sample,9542,9,16,16,16,16,0,False,False,False,EXACT_DERIVED
ternary_sample,9543,9,16,16,16,16,0,False,False,False,EXACT_DERIVED
ternary_sample,9544,9,14,16,16,16,0,False,False,False,EXACT_DERIVED
ternary_sample,9545,9,16,16,16,16,0,False,False,False,EXACT_DERIVED
ternary_sample,9546,9,16,16,16,16,0,False,False,False,EXACT_DERIVED
ternary_sample,9547,9,16,16,16,16,0,False,False,False,EXACT_DERIVED
ternary_sample,9548,9,15,16,16,16,0,False,False,False,EXACT_DERIVED
ternary_sample,9549,9,16,16,16,16,0,False,False,False,EXACT_DERIVED
ternary_sample,9550,9,16,16,16,16,0,False,False,False,EXACT_DERIVED
ternary_sample,9551,9,15,16,16,16,0,False,False,False,EXACT_DERIVED
ternary_sample,9552,9,16,16,16,16,0,False,False,False,EXACT_DERIVED
ternary_sample,9553,9,16,16,16,16,0,False,False,False,EXACT_DERIVED
ternary_sample,9554,9,16,16,16,16,0,False,False,False,EXACT_DERIVED
ternary_sample,9555,9,16,16,16,16,0,False,False,False,EXACT_DERIVED
ternary_sample,9556,9,16,16,16,16,0,False,False,False,EXACT_DERIVED
ternary_sample,9557,9,16,16,16,16,0,False,False,False,EXACT_DERIVED
ternary_sample,9558,9,14,16,16,16,0,False,False,False,EXACT_DERIVED
ternary_sample,9559,9,16,16,16,16,0,False,False,False,EXACT_DERIVED
ternary_sample,9560,9,16,16,16,16,0,False,False,False,EXACT_DERIVED
ternary_sample,9561,9,16,16,16,16,0,False,False,False,EXACT_DERIVED
ternary_sample,9562,9,15,16,16,16,0,False,False,False,EXACT_DERIVED
ternary_sample,9563,9,16,16,16,16,0,False,False,False,EXACT_DERIVED
ternary_sample,9564,9,16,16,16,16,0,False,False,False,EXACT_DERIVED
ternary_sample,9565,9,16,16,16,16,0,False,False,False,EXACT_DERIVED
ternary_sample,9566,9,16,16,16,16,0,False,False,False,EXACT_DERIVED
ternary_sample,9567,9,15,16,16,16,0,False,False,False,EXACT_DERIVED
ternary_sample,9568,9,16,16,16,16,0,False,False,False,EXACT_DERIVED
ternary_sample,9569,9,16,16,16,16,0,False,False,False,EXACT_DERIVED
ternary_sample,9570,9,16,16,16,16,0,False,False,False,EXACT_DERIVED
ternary_sample,9571,9,16,16,16,16,0,False,False,False,EXACT_DERIVED
ternary_sample,9572,9,16,16,16,16,0,False,False,False,EXACT_DERIVED
ternary_sample,9573,9,16,16,16,16,0,False,False,False,EXACT_DERIVED
ternary_sample,9574,9,15,16,16,16,0,False,False,False,EXACT_DERIVED
ternary_sample,9575,9,16,16,16,16,0,False,False,False,EXACT_DERIVED
ternary_sample,9576,9,16,16,16,16,0,False,False,False,EXACT_DERIVED
ternary_sample,9577,9,16,16,16,16,0,False,False,False,EXACT_DERIVED
ternary_sample,9578,9,16,16,16,16,0,False,False,False,EXACT_DERIVED
ternary_sample,9579,9,15,16,16,16,0,False,False,False,EXACT_DERIVED
ternary_sample,9580,9,16,16,16,16,0,False,False,False,EXACT_DERIVED
ternary_sample,9581,9,16,16,16,16,0,False,False,False,EXACT_DERIVED
ternary_sample,9582,9,16,16,16,16,0,False,False,False,EXACT_DERIVED
ternary_sample,9583,9,14,16,16,16,0,False,False,False,EXACT_DERIVED
ternary_sample,9584,9,16,16,16,16,0,False,False,False,EXACT_DERIVED
ternary_sample,9585,9,16,16,16,16,0,False,False,False,EXACT_DERIVED
ternary_sample,9586,9,16,16,16,16,0,False,False,False,EXACT_DERIVED
ternary_sample,9587,9,16,16,16,16,0,False,False,False,EXACT_DERIVED
ternary_sample,9588,9,16,16,16,16,0,False,False,False,EXACT_DERIVED
ternary_sample,9589,9,16,16,16,16,0,False,False,False,EXACT_DERIVED
ternary_sample,9590,9,16,16,16,16,0,False,False,False,EXACT_DERIVED
ternary_sample,9591,9,16,16,16,16,0,False,False,False,EXACT_DERIVED
ternary_sample,9592,9,16,16,16,16,0,False,False,False,EXACT_DERIVED
ternary_sample,9593,9,16,16,16,16,0,False,False,False,EXACT_DERIVED
ternary_sample,9594,9,16,16,16,16,0,False,False,False,EXACT_DERIVED
ternary_sample,9595,9,16,16,16,16,0,False,False,False,EXACT_DERIVED
ternary_sample,9596,9,15,16,16,16,0,False,False,False,EXACT_DERIVED
ternary_sample,9597,9,16,16,16,16,0,False,False,False,EXACT_DERIVED
ternary_sample,9598,9,16,16,16,16,0,False,False,False,EXACT_DERIVED
ternary_sample,9599,9,15,16,16,16,0,False,False,False,EXACT_DERIVED
ternary_sample,9600,9,16,16,16,16,0,False,False,False,EXACT_DERIVED
ternary_sample,9601,9,16,16,16,16,0,False,False,False,EXACT_DERIVED
ternary_sample,9602,9,16,16,16,16,0,False,False,False,EXACT_DERIVED
ternary_sample,9603,9,15,16,16,16,0,False,False,False,EXACT_DERIVED
ternary_sample,9604,9,16,16,16,16,0,False,False,False,EXACT_DERIVED
ternary_sample,9605,9,16,16,16,16,0,False,False,False,EXACT_DERIVED
ternary_sample,9606,9,16,16,16,16,0,False,False,False,EXACT_DERIVED
ternary_sample,9607,9,16,16,16,16,0,False,False,False,EXACT_DERIVED
ternary_sample,9608,9,16,16,16,16,0,False,False,False,EXACT_DERIVED
ternary_sample,9609,9,16,16,16,16,0,False,False,False,EXACT_DERIVED
ternary_sample,9610,9,16,16,16,16,0,False,False,False,EXACT_DERIVED
ternary_sample,9611,9,15,16,16,16,0,False,False,False,EXACT_DERIVED
ternary_sample,9612,9,16,16,16,16,0,False,False,False,EXACT_DERIVED
ternary_sample,9613,9,16,16,16,16,0,False,False,False,EXACT_DERIVED
ternary_sample,9614,9,16,16,16,16,0,False,False,False,EXACT_DERIVED
ternary_sample,9615,9,16,16,16,16,0,False,False,False,EXACT_DERIVED
ternary_sample,9616,9,14,16,16,16,0,False,False,False,EXACT_DERIVED
ternary_sample,9617,9,16,16,16,16,0,False,False,False,EXACT_DERIVED
ternary_sample,9618,9,16,16,16,16,0,False,False,False,EXACT_DERIVED
ternary_sample,9619,9,16,16,16,16,0,False,False,False,EXACT_DERIVED
ternary_sample,9620,9,16,16,16,16,0,False,False,False,EXACT_DERIVED
ternary_sample,9621,9,16,16,16,16,0,False,False,False,EXACT_DERIVED
ternary_sample,9622,9,14,16,16,16,0,False,False,False,EXACT_DERIVED
ternary_sample,9623,9,15,16,16,16,0,False,False,False,EXACT_DERIVED
ternary_sample,9624,9,16,16,16,16,0,False,False,False,EXACT_DERIVED
ternary_sample,9625,9,16,16,16,16,0,False,False,False,EXACT_DERIVED
ternary_sample,9626,9,16,16,16,16,0,False,False,False,EXACT_DERIVED
ternary_sample,9627,9,16,16,16,16,0,False,False,False,EXACT_DERIVED
ternary_sample,9628,9,16,16,16,16,0,False,False,False,EXACT_DERIVED
ternary_sample,9629,9,16,16,16,16,0,False,False,False,EXACT_DERIVED
ternary_sample,9630,9,16,16,16,16,0,False,False,False,EXACT_DERIVED
ternary_sample,9631,9,16,16,16,16,0,False,False,False,EXACT_DERIVED
ternary_sample,9632,9,16,16,16,16,0,False,False,False,EXACT_DERIVED
ternary_sample,9633,9,14,16,16,16,0,False,False,False,EXACT_DERIVED
ternary_sample,9634,9,16,16,16,16,0,False,False,False,EXACT_DERIVED
ternary_sample,9635,9,16,16,16,16,0,False,False,False,EXACT_DERIVED
ternary_sample,9636,9,16,16,16,16,0,False,False,False,EXACT_DERIVED
ternary_sample,9637,9,16,16,16,16,0,False,False,False,EXACT_DERIVED
ternary_sample,9638,9,16,16,16,16,0,False,False,False,EXACT_DERIVED
ternary_sample,9639,9,16,16,16,16,0,False,False,False,EXACT_DERIVED
ternary_sample,9640,9,16,16,16,16,0,False,False,False,EXACT_DERIVED
ternary_sample,9641,9,16,16,16,16,0,False,False,False,EXACT_DERIVED
ternary_sample,9642,9,16,16,16,16,0,False,False,False,EXACT_DERIVED
ternary_sample,9643,9,14,16,16,16,0,False,False,False,EXACT_DERIVED
ternary_sample,9644,9,16,16,16,16,0,False,False,False,EXACT_DERIVED
ternary_sample,9645,9,16,16,16,16,0,False,False,False,EXACT_DERIVED
ternary_sample,9646,9,16,16,16,16,0,False,False,False,EXACT_DERIVED
ternary_sample,9647,9,16,16,16,16,0,False,False,False,EXACT_DERIVED
ternary_sample,9648,9,16,16,16,16,0,False,False,False,EXACT_DERIVED
ternary_sample,9649,9,16,16,16,16,0,False,False,False,EXACT_DERIVED
ternary_sample,9650,9,16,16,16,16,0,False,False,False,EXACT_DERIVED
ternary_sample,9651,9,16,16,16,16,0,False,False,False,EXACT_DERIVED
ternary_sample,9652,9,16,16,16,16,0,False,False,False,EXACT_DERIVED
ternary_sample,9653,9,16,16,16,16,0,False,False,False,EXACT_DERIVED
ternary_sample,9654,9,14,16,16,16,0,False,False,False,EXACT_DERIVED
ternary_sample,9655,9,16,16,16,16,0,False,False,False,EXACT_DERIVED
ternary_sample,9656,9,16,16,16,16,0,False,False,False,EXACT_DERIVED
ternary_sample,9657,9,16,16,16,16,0,False,False,False,EXACT_DERIVED
ternary_sample,9658,9,16,16,16,16,0,False,False,False,EXACT_DERIVED
ternary_sample,9659,9,16,16,16,16,0,False,False,False,EXACT_DERIVED
ternary_sample,9660,9,16,16,16,16,0,False,False,False,EXACT_DERIVED
ternary_sample,9661,9,14,16,16,16,0,False,False,False,EXACT_DERIVED
ternary_sample,9662,9,16,16,16,16,0,False,False,False,EXACT_DERIVED
ternary_sample,9663,9,16,16,16,16,0,False,False,False,EXACT_DERIVED
ternary_sample,9664,9,16,16,16,16,0,False,False,False,EXACT_DERIVED
ternary_sample,9665,9,15,16,16,16,0,False,False,False,EXACT_DERIVED
ternary_sample,9666,9,16,16,16,16,0,False,False,False,EXACT_DERIVED
ternary_sample,9667,9,15,16,16,16,0,False,False,False,EXACT_DERIVED
ternary_sample,9668,9,15,16,16,16,0,False,False,False,EXACT_DERIVED
ternary_sample,9669,9,16,16,16,16,0,False,False,False,EXACT_DERIVED
ternary_sample,9670,9,16,16,16,16,0,False,False,False,EXACT_DERIVED
ternary_sample,9671,9,15,16,16,16,0,False,False,False,EXACT_DERIVED
ternary_sample,9672,9,16,16,16,16,0,False,False,False,EXACT_DERIVED
ternary_sample,9673,9,16,16,16,16,0,False,False,False,EXACT_DERIVED
ternary_sample,9674,9,16,16,16,16,0,False,False,False,EXACT_DERIVED
ternary_sample,9675,9,16,16,16,16,0,False,False,False,EXACT_DERIVED
ternary_sample,9676,9,16,16,16,16,0,False,False,False,EXACT_DERIVED
ternary_sample,9677,9,16,16,16,16,0,False,False,False,EXACT_DERIVED
ternary_sample,9678,9,16,16,16,16,0,False,False,False,EXACT_DERIVED
ternary_sample,9679,9,16,16,16,16,0,False,False,False,EXACT_DERIVED
ternary_sample,9680,9,15,16,16,16,0,False,False,False,EXACT_DERIVED
ternary_sample,9681,9,16,16,16,16,0,False,False,False,EXACT_DERIVED
ternary_sample,9682,9,16,16,16,16,0,False,False,False,EXACT_DERIVED
ternary_sample,9683,9,16,16,16,16,0,False,False,False,EXACT_DERIVED
ternary_sample,9684,9,16,16,16,16,0,False,False,False,EXACT_DERIVED
ternary_sample,9685,9,16,16,16,16,0,False,False,False,EXACT_DERIVED
ternary_sample,9686,9,16,16,16,16,0,False,False,False,EXACT_DERIVED
ternary_sample,9687,9,16,16,16,16,0,False,False,False,EXACT_DERIVED
ternary_sample,9688,9,16,16,16,16,0,False,False,False,EXACT_DERIVED
ternary_sample,9689,9,16,16,16,16,0,False,False,False,EXACT_DERIVED
ternary_sample,9690,9,16,16,16,16,0,False,False,False,EXACT_DERIVED
ternary_sample,9691,9,16,16,16,16,0,False,False,False,EXACT_DERIVED
ternary_sample,9692,9,14,16,16,16,0,False,False,False,EXACT_DERIVED
ternary_sample,9693,9,16,16,16,16,0,False,False,False,EXACT_DERIVED
ternary_sample,9694,9,16,16,16,16,0,False,False,False,EXACT_DERIVED
ternary_sample,9695,9,16,16,16,16,0,False,False,False,EXACT_DERIVED
ternary_sample,9696,9,16,16,16,16,0,False,False,False,EXACT_DERIVED
ternary_sample,9697,9,16,16,16,16,0,False,False,False,EXACT_DERIVED
ternary_sample,9698,9,16,16,16,16,0,False,False,False,EXACT_DERIVED
ternary_sample,9699,9,16,16,16,16,0,False,False,False,EXACT_DERIVED
ternary_sample,9700,9,15,16,16,16,0,False,False,False,EXACT_DERIVED
ternary_sample,9701,9,16,16,16,16,0,False,False,False,EXACT_DERIVED
ternary_sample,9702,9,16,16,16,16,0,False,False,False,EXACT_DERIVED
ternary_sample,9703,9,15,16,16,16,0,False,False,False,EXACT_DERIVED
ternary_sample,9704,9,16,16,16,16,0,False,False,False,EXACT_DERIVED
ternary_sample,9705,9,16,16,16,16,0,False,False,False,EXACT_DERIVED
ternary_sample,9706,9,16,16,16,16,0,False,False,False,EXACT_DERIVED
ternary_sample,9707,9,16,16,16,16,0,False,False,False,EXACT_DERIVED
ternary_sample,9708,9,16,16,16,16,0,False,False,False,EXACT_DERIVED
ternary_sample,9709,9,16,16,16,16,0,False,False,False,EXACT_DERIVED
ternary_sample,9710,9,15,16,16,16,0,False,False,False,EXACT_DERIVED
ternary_sample,9711,9,16,16,16,16,0,False,False,False,EXACT_DERIVED
ternary_sample,9712,9,16,16,16,16,0,False,False,False,EXACT_DERIVED
ternary_sample,9713,9,16,16,16,16,0,False,False,False,EXACT_DERIVED
ternary_sample,9714,9,16,16,16,16,0,False,False,False,EXACT_DERIVED
ternary_sample,9715,9,16,16,16,16,0,False,False,False,EXACT_DERIVED
ternary_sample,9716,9,16,16,16,16,0,False,False,False,EXACT_DERIVED
ternary_sample,9717,9,15,16,16,16,0,False,False,False,EXACT_DERIVED
ternary_sample,9718,9,16,16,16,16,0,False,False,False,EXACT_DERIVED
ternary_sample,9719,9,16,16,16,16,0,False,False,False,EXACT_DERIVED
ternary_sample,9720,9,16,16,16,16,0,False,False,False,EXACT_DERIVED
ternary_sample,9721,9,16,16,16,16,0,False,False,False,EXACT_DERIVED
ternary_sample,9722,9,16,16,16,16,0,False,False,False,EXACT_DERIVED
ternary_sample,9723,9,16,16,16,16,0,False,False,False,EXACT_DERIVED
ternary_sample,9724,9,16,16,16,16,0,False,False,False,EXACT_DERIVED
ternary_sample,9725,9,15,16,16,16,0,False,False,False,EXACT_DERIVED
ternary_sample,9726,9,16,16,16,16,0,False,False,False,EXACT_DERIVED
ternary_sample,9727,9,16,16,16,16,0,False,False,False,EXACT_DERIVED
ternary_sample,9728,9,16,16,16,16,0,False,False,False,EXACT_DERIVED
ternary_sample,9729,9,16,16,16,16,0,False,False,False,EXACT_DERIVED
ternary_sample,9730,9,16,16,16,16,0,False,False,False,EXACT_DERIVED
ternary_sample,9731,9,16,16,16,16,0,False,False,False,EXACT_DERIVED
ternary_sample,9732,9,16,16,16,16,0,False,False,False,EXACT_DERIVED
ternary_sample,9733,9,16,16,16,16,0,False,False,False,EXACT_DERIVED
ternary_sample,9734,9,16,16,16,16,0,False,False,False,EXACT_DERIVED
ternary_sample,9735,9,16,16,16,16,0,False,False,False,EXACT_DERIVED
ternary_sample,9736,9,16,16,16,16,0,False,False,False,EXACT_DERIVED
ternary_sample,9737,9,15,16,16,16,0,False,False,False,EXACT_DERIVED
ternary_sample,9738,9,16,16,16,16,0,False,False,False,EXACT_DERIVED
ternary_sample,9739,9,16,16,16,16,0,False,False,False,EXACT_DERIVED
ternary_sample,9740,9,15,16,16,16,0,False,False,False,EXACT_DERIVED
ternary_sample,9741,9,16,16,16,16,0,False,False,False,EXACT_DERIVED
ternary_sample,9742,9,16,16,16,16,0,False,False,False,EXACT_DERIVED
ternary_sample,9743,9,16,16,16,16,0,False,False,False,EXACT_DERIVED
ternary_sample,9744,9,16,16,16,16,0,False,False,False,EXACT_DERIVED
ternary_sample,9745,9,16,16,16,16,0,False,False,False,EXACT_DERIVED
ternary_sample,9746,9,16,16,16,16,0,False,False,False,EXACT_DERIVED
ternary_sample,9747,9,16,16,16,16,0,False,False,False,EXACT_DERIVED
ternary_sample,9748,9,16,16,16,16,0,False,False,False,EXACT_DERIVED
ternary_sample,9749,9,16,16,16,16,0,False,False,False,EXACT_DERIVED
ternary_sample,9750,9,16,16,16,16,0,False,False,False,EXACT_DERIVED
ternary_sample,9751,9,16,16,16,16,0,False,False,False,EXACT_DERIVED
ternary_sample,9752,9,16,16,16,16,0,False,False,False,EXACT_DERIVED
ternary_sample,9753,9,16,16,16,16,0,False,False,False,EXACT_DERIVED
ternary_sample,9754,9,16,16,16,16,0,False,False,False,EXACT_DERIVED
ternary_sample,9755,9,16,16,16,16,0,False,False,False,EXACT_DERIVED
ternary_sample,9756,9,16,16,16,16,0,False,False,False,EXACT_DERIVED
ternary_sample,9757,9,16,16,16,16,0,False,False,False,EXACT_DERIVED
ternary_sample,9758,9,16,16,16,16,0,False,False,False,EXACT_DERIVED
ternary_sample,9759,9,16,16,16,16,0,False,False,False,EXACT_DERIVED
ternary_sample,9760,9,16,16,16,16,0,False,False,False,EXACT_DERIVED
ternary_sample,9761,9,15,16,16,16,0,False,False,False,EXACT_DERIVED
ternary_sample,9762,9,16,16,16,16,0,False,False,False,EXACT_DERIVED
ternary_sample,9763,9,16,16,16,16,0,False,False,False,EXACT_DERIVED
ternary_sample,9764,9,16,16,16,16,0,False,False,False,EXACT_DERIVED
ternary_sample,9765,9,16,16,16,16,0,False,False,False,EXACT_DERIVED
ternary_sample,9766,9,16,16,16,16,0,False,False,False,EXACT_DERIVED
ternary_sample,9767,9,16,16,16,16,0,False,False,False,EXACT_DERIVED
ternary_sample,9768,9,16,16,16,16,0,False,False,False,EXACT_DERIVED
ternary_sample,9769,9,16,16,16,16,0,False,False,False,EXACT_DERIVED
ternary_sample,9770,9,16,16,16,16,0,False,False,False,EXACT_DERIVED
ternary_sample,9771,9,16,16,16,16,0,False,False,False,EXACT_DERIVED
ternary_sample,9772,9,16,16,16,16,0,False,False,False,EXACT_DERIVED
ternary_sample,9773,9,16,16,16,16,0,False,False,False,EXACT_DERIVED
ternary_sample,9774,9,14,16,16,16,0,False,False,False,EXACT_DERIVED
ternary_sample,9775,9,16,16,16,16,0,False,False,False,EXACT_DERIVED
ternary_sample,9776,9,16,16,16,16,0,False,False,False,EXACT_DERIVED
ternary_sample,9777,9,16,16,16,16,0,False,False,False,EXACT_DERIVED
ternary_sample,9778,9,16,16,16,16,0,False,False,False,EXACT_DERIVED
ternary_sample,9779,9,16,16,16,16,0,False,False,False,EXACT_DERIVED
ternary_sample,9780,9,16,16,16,16,0,False,False,False,EXACT_DERIVED
ternary_sample,9781,9,16,16,16,16,0,False,False,False,EXACT_DERIVED
ternary_sample,9782,9,16,16,16,16,0,False,False,False,EXACT_DERIVED
ternary_sample,9783,9,16,16,16,16,0,False,False,False,EXACT_DERIVED
ternary_sample,9784,9,15,16,16,16,0,False,False,False,EXACT_DERIVED
ternary_sample,9785,9,16,16,16,16,0,False,False,False,EXACT_DERIVED
ternary_sample,9786,9,15,16,16,16,0,False,False,False,EXACT_DERIVED
ternary_sample,9787,9,16,16,16,16,0,False,False,False,EXACT_DERIVED
ternary_sample,9788,9,16,16,16,16,0,False,False,False,EXACT_DERIVED
ternary_sample,9789,9,16,16,16,16,0,False,False,False,EXACT_DERIVED
ternary_sample,9790,9,16,16,16,16,0,False,False,False,EXACT_DERIVED
ternary_sample,9791,9,16,16,16,16,0,False,False,False,EXACT_DERIVED
ternary_sample,9792,9,16,16,16,16,0,False,False,False,EXACT_DERIVED
ternary_sample,9793,9,16,16,16,16,0,False,False,False,EXACT_DERIVED
ternary_sample,9794,9,16,16,16,16,0,False,False,False,EXACT_DERIVED
ternary_sample,9795,9,16,16,16,16,0,False,False,False,EXACT_DERIVED
ternary_sample,9796,9,16,16,16,16,0,False,False,False,EXACT_DERIVED
ternary_sample,9797,9,16,16,16,16,0,False,False,False,EXACT_DERIVED
ternary_sample,9798,9,15,16,16,16,0,False,False,False,EXACT_DERIVED
ternary_sample,9799,9,16,16,16,16,0,False,False,False,EXACT_DERIVED
ternary_sample,9800,9,16,16,16,16,0,False,False,False,EXACT_DERIVED
ternary_sample,9801,9,16,16,16,16,0,False,False,False,EXACT_DERIVED
ternary_sample,9802,9,16,16,16,16,0,False,False,False,EXACT_DERIVED
ternary_sample,9803,9,16,16,16,16,0,False,False,False,EXACT_DERIVED
ternary_sample,9804,9,16,16,16,16,0,False,False,False,EXACT_DERIVED
ternary_sample,9805,9,16,16,16,16,0,False,False,False,EXACT_DERIVED
ternary_sample,9806,9,16,16,16,16,0,False,False,False,EXACT_DERIVED
ternary_sample,9807,9,16,16,16,16,0,False,False,False,EXACT_DERIVED
ternary_sample,9808,9,16,16,16,16,0,False,False,False,EXACT_DERIVED
ternary_sample,9809,9,16,16,16,16,0,False,False,False,EXACT_DERIVED
ternary_sample,9810,9,15,16,16,16,0,False,False,False,EXACT_DERIVED
ternary_sample,9811,9,16,16,16,16,0,False,False,False,EXACT_DERIVED
ternary_sample,9812,9,16,16,16,16,0,False,False,False,EXACT_DERIVED
ternary_sample,9813,9,16,16,16,16,0,False,False,False,EXACT_DERIVED
ternary_sample,9814,9,16,16,16,16,0,False,False,False,EXACT_DERIVED
ternary_sample,9815,9,16,16,16,16,0,False,False,False,EXACT_DERIVED
ternary_sample,9816,9,15,16,16,16,0,False,False,False,EXACT_DERIVED
ternary_sample,9817,9,15,16,16,16,0,False,False,False,EXACT_DERIVED
ternary_sample,9818,9,16,16,16,16,0,False,False,False,EXACT_DERIVED
ternary_sample,9819,9,16,16,16,16,0,False,False,False,EXACT_DERIVED
ternary_sample,9820,9,15,16,16,16,0,False,False,False,EXACT_DERIVED
ternary_sample,9821,9,16,16,16,16,0,False,False,False,EXACT_DERIVED
ternary_sample,9822,9,16,16,16,16,0,False,False,False,EXACT_DERIVED
ternary_sample,9823,9,15,16,16,16,0,False,False,False,EXACT_DERIVED
ternary_sample,9824,9,16,16,16,16,0,False,False,False,EXACT_DERIVED
ternary_sample,9825,9,16,16,16,16,0,False,False,False,EXACT_DERIVED
ternary_sample,9826,9,12,16,16,16,0,False,False,False,EXACT_DERIVED
ternary_sample,9827,9,16,16,16,16,0,False,False,False,EXACT_DERIVED
ternary_sample,9828,9,16,16,16,16,0,False,False,False,EXACT_DERIVED
ternary_sample,9829,9,16,16,16,16,0,False,False,False,EXACT_DERIVED
ternary_sample,9830,9,16,16,16,16,0,False,False,False,EXACT_DERIVED
ternary_sample,9831,9,15,16,16,16,0,False,False,False,EXACT_DERIVED
ternary_sample,9832,9,13,16,16,16,0,False,False,False,EXACT_DERIVED
ternary_sample,9833,9,16,16,16,16,0,False,False,False,EXACT_DERIVED
ternary_sample,9834,9,16,16,16,16,0,False,False,False,EXACT_DERIVED
ternary_sample,9835,9,16,16,16,16,0,False,False,False,EXACT_DERIVED
ternary_sample,9836,9,16,16,16,16,0,False,False,False,EXACT_DERIVED
ternary_sample,9837,9,16,16,16,16,0,False,False,False,EXACT_DERIVED
ternary_sample,9838,9,15,16,16,16,0,False,False,False,EXACT_DERIVED
ternary_sample,9839,9,16,16,16,16,0,False,False,False,EXACT_DERIVED
ternary_sample,9840,9,16,16,16,16,0,False,False,False,EXACT_DERIVED
ternary_sample,9841,9,16,16,16,16,0,False,False,False,EXACT_DERIVED
ternary_sample,9842,9,15,16,16,16,0,False,False,False,EXACT_DERIVED
ternary_sample,9843,9,16,16,16,16,0,False,False,False,EXACT_DERIVED
ternary_sample,9844,9,15,16,16,16,0,False,False,False,EXACT_DERIVED
ternary_sample,9845,9,15,16,16,16,0,False,False,False,EXACT_DERIVED
ternary_sample,9846,9,16,16,16,16,0,False,False,False,EXACT_DERIVED
ternary_sample,9847,9,16,16,16,16,0,False,False,False,EXACT_DERIVED
ternary_sample,9848,9,16,16,16,16,0,False,False,False,EXACT_DERIVED
ternary_sample,9849,9,15,16,16,16,0,False,False,False,EXACT_DERIVED
ternary_sample,9850,9,15,16,16,16,0,False,False,False,EXACT_DERIVED
ternary_sample,9851,9,16,16,16,16,0,False,False,False,EXACT_DERIVED
ternary_sample,9852,9,16,16,16,16,0,False,False,False,EXACT_DERIVED
ternary_sample,9853,9,16,16,16,16,0,False,False,False,EXACT_DERIVED
ternary_sample,9854,9,16,16,16,16,0,False,False,False,EXACT_DERIVED
ternary_sample,9855,9,16,16,16,16,0,False,False,False,EXACT_DERIVED
ternary_sample,9856,9,16,16,16,16,0,False,False,False,EXACT_DERIVED
ternary_sample,9857,9,15,16,16,16,0,False,False,False,EXACT_DERIVED
ternary_sample,9858,9,16,16,16,16,0,False,False,False,EXACT_DERIVED
ternary_sample,9859,9,16,16,16,16,0,False,False,False,EXACT_DERIVED
ternary_sample,9860,9,16,16,16,16,0,False,False,False,EXACT_DERIVED
ternary_sample,9861,9,16,16,16,16,0,False,False,False,EXACT_DERIVED
ternary_sample,9862,9,16,16,16,16,0,False,False,False,EXACT_DERIVED
ternary_sample,9863,9,16,16,16,16,0,False,False,False,EXACT_DERIVED
ternary_sample,9864,9,16,16,16,16,0,False,False,False,EXACT_DERIVED
ternary_sample,9865,9,16,16,16,16,0,False,False,False,EXACT_DERIVED
ternary_sample,9866,9,16,16,16,16,0,False,False,False,EXACT_DERIVED
ternary_sample,9867,9,15,16,16,16,0,False,False,False,EXACT_DERIVED
ternary_sample,9868,9,15,16,16,16,0,False,False,False,EXACT_DERIVED
ternary_sample,9869,9,14,16,16,16,0,False,False,False,EXACT_DERIVED
ternary_sample,9870,9,16,16,16,16,0,False,False,False,EXACT_DERIVED
ternary_sample,9871,9,16,16,16,16,0,False,False,False,EXACT_DERIVED
ternary_sample,9872,9,16,16,16,16,0,False,False,False,EXACT_DERIVED
ternary_sample,9873,9,16,16,16,16,0,False,False,False,EXACT_DERIVED
ternary_sample,9874,9,16,16,16,16,0,False,False,False,EXACT_DERIVED
ternary_sample,9875,9,15,16,16,16,0,False,False,False,EXACT_DERIVED
ternary_sample,9876,9,16,16,16,16,0,False,False,False,EXACT_DERIVED
ternary_sample,9877,9,16,16,16,16,0,False,False,False,EXACT_DERIVED
ternary_sample,9878,9,16,16,16,16,0,False,False,False,EXACT_DERIVED
ternary_sample,9879,9,16,16,16,16,0,False,False,False,EXACT_DERIVED
ternary_sample,9880,9,16,16,16,16,0,False,False,False,EXACT_DERIVED
ternary_sample,9881,9,16,16,16,16,0,False,False,False,EXACT_DERIVED
ternary_sample,9882,9,16,16,16,16,0,False,False,False,EXACT_DERIVED
ternary_sample,9883,9,16,16,16,16,0,False,False,False,EXACT_DERIVED
ternary_sample,9884,9,16,16,16,16,0,False,False,False,EXACT_DERIVED
ternary_sample,9885,9,16,16,16,16,0,False,False,False,EXACT_DERIVED
ternary_sample,9886,9,16,16,16,16,0,False,False,False,EXACT_DERIVED
ternary_sample,9887,9,15,16,16,16,0,False,False,False,EXACT_DERIVED
ternary_sample,9888,9,16,16,16,16,0,False,False,False,EXACT_DERIVED
ternary_sample,9889,9,16,16,16,16,0,False,False,False,EXACT_DERIVED
ternary_sample,9890,9,15,16,16,16,0,False,False,False,EXACT_DERIVED
ternary_sample,9891,9,16,16,16,16,0,False,False,False,EXACT_DERIVED
ternary_sample,9892,9,16,16,16,16,0,False,False,False,EXACT_DERIVED
ternary_sample,9893,9,16,16,16,16,0,False,False,False,EXACT_DERIVED
ternary_sample,9894,9,16,16,16,16,0,False,False,False,EXACT_DERIVED
ternary_sample,9895,9,15,16,16,16,0,False,False,False,EXACT_DERIVED
ternary_sample,9896,9,16,16,16,16,0,False,False,False,EXACT_DERIVED
ternary_sample,9897,9,16,16,16,16,0,False,False,False,EXACT_DERIVED
ternary_sample,9898,9,14,16,16,16,0,False,False,False,EXACT_DERIVED
ternary_sample,9899,9,16,16,16,16,0,False,False,False,EXACT_DERIVED
ternary_sample,9900,9,16,16,16,16,0,False,False,False,EXACT_DERIVED
ternary_sample,9901,9,16,16,16,16,0,False,False,False,EXACT_DERIVED
ternary_sample,9902,9,16,16,16,16,0,False,False,False,EXACT_DERIVED
ternary_sample,9903,9,14,16,16,16,0,False,False,False,EXACT_DERIVED
ternary_sample,9904,9,16,16,16,16,0,False,False,False,EXACT_DERIVED
ternary_sample,9905,9,16,16,16,16,0,False,False,False,EXACT_DERIVED
ternary_sample,9906,9,16,16,16,16,0,False,False,False,EXACT_DERIVED
ternary_sample,9907,9,15,16,16,16,0,False,False,False,EXACT_DERIVED
ternary_sample,9908,9,16,16,16,16,0,False,False,False,EXACT_DERIVED
ternary_sample,9909,9,14,16,16,16,0,False,False,False,EXACT_DERIVED
ternary_sample,9910,9,16,16,16,16,0,False,False,False,EXACT_DERIVED
ternary_sample,9911,9,16,16,16,16,0,False,False,False,EXACT_DERIVED
ternary_sample,9912,9,15,16,16,16,0,False,False,False,EXACT_DERIVED
ternary_sample,9913,9,16,16,16,16,0,False,False,False,EXACT_DERIVED
ternary_sample,9914,9,16,16,16,16,0,False,False,False,EXACT_DERIVED
ternary_sample,9915,9,15,16,16,16,0,False,False,False,EXACT_DERIVED
ternary_sample,9916,9,16,16,16,16,0,False,False,False,EXACT_DERIVED
ternary_sample,9917,9,15,16,16,16,0,False,False,False,EXACT_DERIVED
ternary_sample,9918,9,16,16,16,16,0,False,False,False,EXACT_DERIVED
ternary_sample,9919,9,16,16,16,16,0,False,False,False,EXACT_DERIVED
ternary_sample,9920,9,16,16,16,16,0,False,False,False,EXACT_DERIVED
ternary_sample,9921,9,16,16,16,16,0,False,False,False,EXACT_DERIVED
ternary_sample,9922,9,16,16,16,16,0,False,False,False,EXACT_DERIVED
ternary_sample,9923,9,16,16,16,16,0,False,False,False,EXACT_DERIVED
ternary_sample,9924,9,16,16,16,16,0,False,False,False,EXACT_DERIVED
ternary_sample,9925,9,16,16,16,16,0,False,False,False,EXACT_DERIVED
ternary_sample,9926,9,16,16,16,16,0,False,False,False,EXACT_DERIVED
ternary_sample,9927,9,16,16,16,16,0,False,False,False,EXACT_DERIVED
ternary_sample,9928,9,16,16,16,16,0,False,False,False,EXACT_DERIVED
ternary_sample,9929,9,15,16,16,16,0,False,False,False,EXACT_DERIVED
ternary_sample,9930,9,15,16,16,16,0,False,False,False,EXACT_DERIVED
ternary_sample,9931,9,16,16,16,16,0,False,False,False,EXACT_DERIVED
ternary_sample,9932,9,16,16,16,16,0,False,False,False,EXACT_DERIVED
ternary_sample,9933,9,16,16,16,16,0,False,False,False,EXACT_DERIVED
ternary_sample,9934,9,15,16,16,16,0,False,False,False,EXACT_DERIVED
ternary_sample,9935,9,16,16,16,16,0,False,False,False,EXACT_DERIVED
ternary_sample,9936,9,15,16,16,16,0,False,False,False,EXACT_DERIVED
ternary_sample,9937,9,15,16,16,16,0,False,False,False,EXACT_DERIVED
ternary_sample,9938,9,16,16,16,16,0,False,False,False,EXACT_DERIVED
ternary_sample,9939,9,16,16,16,16,0,False,False,False,EXACT_DERIVED
ternary_sample,9940,9,16,16,16,16,0,False,False,False,EXACT_DERIVED
ternary_sample,9941,9,14,16,16,16,0,False,False,False,EXACT_DERIVED
ternary_sample,9942,9,16,16,16,16,0,False,False,False,EXACT_DERIVED
ternary_sample,9943,9,16,16,16,16,0,False,False,False,EXACT_DERIVED
ternary_sample,9944,9,15,16,16,16,0,False,False,False,EXACT_DERIVED
ternary_sample,9945,9,16,16,16,16,0,False,False,False,EXACT_DERIVED
ternary_sample,9946,9,15,16,16,16,0,False,False,False,EXACT_DERIVED
ternary_sample,9947,9,16,16,16,16,0,False,False,False,EXACT_DERIVED
ternary_sample,9948,9,16,16,16,16,0,False,False,False,EXACT_DERIVED
ternary_sample,9949,9,16,16,16,16,0,False,False,False,EXACT_DERIVED
ternary_sample,9950,9,16,16,16,16,0,False,False,False,EXACT_DERIVED
ternary_sample,9951,9,16,16,16,16,0,False,False,False,EXACT_DERIVED
ternary_sample,9952,9,16,16,16,16,0,False,False,False,EXACT_DERIVED
ternary_sample,9953,9,14,16,16,16,0,False,False,False,EXACT_DERIVED
ternary_sample,9954,9,15,16,16,16,0,False,False,False,EXACT_DERIVED
ternary_sample,9955,9,15,16,16,16,0,False,False,False,EXACT_DERIVED
ternary_sample,9956,9,15,16,16,16,0,False,False,False,EXACT_DERIVED
ternary_sample,9957,9,16,16,16,16,0,False,False,False,EXACT_DERIVED
ternary_sample,9958,9,16,16,16,16,0,False,False,False,EXACT_DERIVED
ternary_sample,9959,9,16,16,16,16,0,False,False,False,EXACT_DERIVED
ternary_sample,9960,9,16,16,16,16,0,False,False,False,EXACT_DERIVED
ternary_sample,9961,9,16,16,16,16,0,False,False,False,EXACT_DERIVED
ternary_sample,9962,9,16,16,16,16,0,False,False,False,EXACT_DERIVED
ternary_sample,9963,9,16,16,16,16,0,False,False,False,EXACT_DERIVED
ternary_sample,9964,9,16,16,16,16,0,False,False,False,EXACT_DERIVED
ternary_sample,9965,9,16,16,16,16,0,False,False,False,EXACT_DERIVED
ternary_sample,9966,9,16,16,16,16,0,False,False,False,EXACT_DERIVED
ternary_sample,9967,9,16,16,16,16,0,False,False,False,EXACT_DERIVED
ternary_sample,9968,9,16,16,16,16,0,False,False,False,EXACT_DERIVED
ternary_sample,9969,9,16,16,16,16,0,False,False,False,EXACT_DERIVED
ternary_sample,9970,9,16,16,16,16,0,False,False,False,EXACT_DERIVED
ternary_sample,9971,9,16,16,16,16,0,False,False,False,EXACT_DERIVED
ternary_sample,9972,9,16,16,16,16,0,False,False,False,EXACT_DERIVED
ternary_sample,9973,9,15,16,16,16,0,False,False,False,EXACT_DERIVED
ternary_sample,9974,9,16,16,16,16,0,False,False,False,EXACT_DERIVED
ternary_sample,9975,9,15,16,16,16,0,False,False,False,EXACT_DERIVED
ternary_sample,9976,9,16,16,16,16,0,False,False,False,EXACT_DERIVED
ternary_sample,9977,9,16,16,16,16,0,False,False,False,EXACT_DERIVED
ternary_sample,9978,9,16,16,16,16,0,False,False,False,EXACT_DERIVED
ternary_sample,9979,9,16,16,16,16,0,False,False,False,EXACT_DERIVED
ternary_sample,9980,9,16,16,16,16,0,False,False,False,EXACT_DERIVED
ternary_sample,9981,9,16,16,16,16,0,False,False,False,EXACT_DERIVED
ternary_sample,9982,9,16,16,16,16,0,False,False,False,EXACT_DERIVED
ternary_sample,9983,9,16,16,16,16,0,False,False,False,EXACT_DERIVED
ternary_sample,9984,9,15,16,16,16,0,False,False,False,EXACT_DERIVED
ternary_sample,9985,9,16,16,16,16,0,False,False,False,EXACT_DERIVED
ternary_sample,9986,9,16,16,16,16,0,False,False,False,EXACT_DERIVED
ternary_sample,9987,9,16,16,16,16,0,False,False,False,EXACT_DERIVED
ternary_sample,9988,9,16,16,16,16,0,False,False,False,EXACT_DERIVED
ternary_sample,9989,9,16,16,16,16,0,False,False,False,EXACT_DERIVED
ternary_sample,9990,9,16,16,16,16,0,False,False,False,EXACT_DERIVED
ternary_sample,9991,9,15,16,16,16,0,False,False,False,EXACT_DERIVED
ternary_sample,9992,9,16,16,16,16,0,False,False,False,EXACT_DERIVED
ternary_sample,9993,9,16,16,16,16,0,False,False,False,EXACT_DERIVED
ternary_sample,9994,9,15,16,16,16,0,False,False,False,EXACT_DERIVED
ternary_sample,9995,9,16,16,16,16,0,False,False,False,EXACT_DERIVED
ternary_sample,9996,9,15,16,16,16,0,False,False,False,EXACT_DERIVED
ternary_sample,9997,9,15,16,16,16,0,False,False,False,EXACT_DERIVED
ternary_sample,9998,9,16,16,16,16,0,False,False,False,EXACT_DERIVED
ternary_sample,9999,9,16,16,16,16,0,False,False,False,EXACT_DERIVED
ternary_sample,10000,9,16,16,16,16,0,False,False,False,EXACT_DERIVED
