rank_target,packet_file,completion_id,fiber_partition_str,rank_H,rank_H_target,gate1_pass,rank_N,delta_leak,gate2_pass,rank_sigma,rank_SN,augmented_gap,gate3_pass,eta_nullity,conservation,conservation_violation,sigma_innovation,sigma_condition_number,sigma_rank_gap,sigma_sv_min,sigma_sv_max,delta_rank,delta_in_H_span,delta_residual_frobenius,delta_residual_max,delta_leak_dims,n_channels_leaking,H_sv_1,H_sv_last,H_spectral_gap,SN_spectral_gap,SN_sv_min,Z_dim,omega_exists,omega_pd,omega_condition,omega_eig_min,omega_eig_max,gamma_lstsq_residual,gamma_max_entry_residual,tensor_reconstruction_error,tensor_reconstruction_rmse,n_zero_alpha_rows,n_zero_beta_cols,alpha_density,beta_density,n_hits_in_pool,basis_size
13,basis_0000_18a1b592de96.npz,0,"(10, 1, 1, 1, 0, 0, 0, 0, 0)",4,4,1,10,6,0,4,10,3,0,14,27,0,0,inf,5,0.0,3.75165271979635,9,0,6.0,1.0,6,6,15.085150186396456,0.46311709149581387,0.46311709149581387,0.0,0.0,-1,0,0,nan,nan,nan,8.509801669503421,2.962959230244905,1.037040769755095,0.19164873094218593,2,1,0.49572649572649574,0.5299145299145299,219337,4
13,basis_0000_18a1b592de96.npz,1,"(8, 2, 1, 1, 1, 0, 0, 0, 0)",4,4,1,11,7,0,5,11,2,0,14,27,0,0,inf,4,3.491440597127669e-51,5.192744773976666,10,0,8.675985665774654,1.1818181818181817,7,6,15.11287612822284,0.6631022328375051,0.6631022328375049,0.0,2.52923051191257e-17,-1,0,0,nan,nan,nan,8.25008257709497,2.93405034857249,1.0171185883059555,0.19073518295844608,2,0,0.48717948717948717,0.6752136752136753,219337,4
13,basis_0000_18a1b592de96.npz,2,"(9, 2, 1, 1, 0, 0, 0, 0, 0)",4,4,1,10,6,0,4,10,3,0,14,27,0,0,inf,5,9.745568923008336e-51,5.12832540616373,9,0,7.062904174956318,1.0769230769230766,6,6,15.623838375195552,1.1200904526314996,1.120090452631499,0.0,1.528398864287187e-34,-1,0,0,nan,nan,nan,8.306317050161136,2.8446872307271063,1.0013599016533417,0.1911006935854129,2,1,0.5042735042735043,0.6153846153846154,219337,4
13,basis_0000_18a1b592de96.npz,3,"(9, 2, 1, 1, 0, 0, 0, 0, 0)",4,4,1,11,7,0,4,11,2,0,14,27,0,0,inf,5,7.878108725466035e-50,5.8374418003522,10,0,9.13151769338566,1.346153846153846,7,6,16.227822110269717,0.8714655260215847,0.8714655260215842,0.0,0.0,-1,0,0,nan,nan,nan,8.268079835991683,2.8211918507580287,0.993204443078163,0.1899923553190073,1,1,0.5384615384615384,0.6153846153846154,219337,4
13,basis_0000_18a1b592de96.npz,4,"(9, 2, 1, 1, 0, 0, 0, 0, 0)",4,4,1,11,7,0,4,11,2,0,14,27,0,0,inf,5,6.5410339313286365e-34,5.018461558418699,10,0,7.609109719582027,1.304347826086957,7,6,15.678970670384047,0.8701207564843317,0.8701207564843314,0.0,1.5843703809010332e-16,-1,0,0,nan,nan,nan,8.230042423207507,2.819096776615362,0.9945845048993334,0.1892271177561956,1,1,0.49572649572649574,0.6068376068376068,219337,4
13,basis_0000_18a1b592de96.npz,5,"(8, 2, 1, 1, 1, 0, 0, 0, 0)",4,4,1,12,8,0,5,12,1,0,14,27,0,0,inf,4,0.0,6.0,11,0,10.457055034760025,1.0,8,6,15.230757908428203,0.7401613542757651,0.7401613542757645,0.0,4.033344213997983e-17,-1,0,0,nan,nan,nan,7.975622992014198,2.9045687574047028,1.0175215914084712,0.19004856103659296,0,1,0.6923076923076923,0.5982905982905983,219337,4
13,basis_0000_18a1b592de96.npz,6,"(9, 2, 1, 1, 0, 0, 0, 0, 0)",4,4,1,10,6,0,4,10,3,0,14,27,0,0,inf,5,0.0,5.6504245402642495,9,0,9.26612708261176,1.3888888888888904,6,6,15.394326273297876,1.0253855444108075,1.0253855444108073,0.0,0.0,-1,0,0,nan,nan,nan,8.365635071283643,2.8821631073314453,1.010606549721773,0.19103789421441314,1,2,0.5811965811965812,0.5555555555555556,219337,4
13,basis_0000_18a1b592de96.npz,7,"(10, 1, 1, 1, 0, 0, 0, 0, 0)",4,4,1,10,6,0,4,10,3,0,14,27,0,0,inf,5,0.0,3.764871623634902,9,0,7.187952884282608,1.0,6,6,15.087055269438888,1.1973419730054087,1.1973419730054085,0.0,8.708826202023514e-31,-1,0,0,nan,nan,nan,8.488348685862496,2.964282229005422,1.035717770994578,0.19153211044480772,1,2,0.5897435897435898,0.46153846153846156,219337,4
13,basis_0000_18a1b592de96.npz,8,"(7, 3, 1, 1, 1, 0, 0, 0, 0)",4,4,1,10,6,0,5,10,3,0,14,27,0,0,inf,4,1.067982259705851e-47,6.1369832587285496,9,0,7.665091205485151,1.1739130434782608,6,6,15.620953854079923,1.332265440129864,1.3322654401298633,0.0,2.4060403853591085e-34,-1,0,0,nan,nan,nan,7.840894329227864,2.751766515327065,0.9951091958089837,0.18620354261940844,1,2,0.6153846153846154,0.5384615384615384,219337,4
13,basis_0000_18a1b592de96.npz,9,"(8, 3, 1, 1, 0, 0, 0, 0, 0)",4,4,1,12,8,0,4,12,1,0,14,27,0,0,inf,5,0.0,5.613600618382749,11,0,9.033271832508971,1.3478260869565224,8,6,16.266368556028986,1.2023275679341638,1.2023275679341632,0.0,0.0,-1,0,0,nan,nan,nan,8.189676836716227,2.7565098132266312,0.9858290231685036,0.18807348733986182,1,0,0.5726495726495726,0.5726495726495726,219337,4
13,basis_0000_18a1b592de96.npz,10,"(10, 1, 1, 1, 0, 0, 0, 0, 0)",4,4,1,12,8,0,4,12,1,0,14,27,0,0,inf,5,1.1740828755934816e-49,3.917519013070346,11,0,7.324926310519817,1.0,8,6,15.099760800901555,1.7861360066154772,1.7861360066154761,0.0,1.412719510599542e-16,-1,0,0,nan,nan,nan,8.395134619779233,2.965948369507236,1.034051630492764,0.18964479594952707,0,1,0.5213675213675214,0.5555555555555556,219337,4
13,basis_0000_18a1b592de96.npz,11,"(10, 1, 1, 1, 0, 0, 0, 0, 0)",4,4,1,12,8,0,4,12,1,0,14,27,0,0,inf,5,0.0,3.775409425773908,11,0,7.122979861354597,1.0,8,6,15.087894184759303,1.4313516042539565,1.4313516042539562,0.0,0.0,-1,0,0,nan,nan,nan,8.431636125106968,2.9641002078862506,1.0358997921137494,0.19061674396805356,0,1,0.5470085470085471,0.5128205128205128,219337,4
13,basis_0000_18a1b592de96.npz,12,"(10, 1, 1, 1, 0, 0, 0, 0, 0)",4,4,1,11,7,0,4,11,2,0,14,27,0,0,inf,5,0.0,5.62877352407408,10,0,9.47804480540862,1.333333333333334,7,6,16.200482548702716,0.4775940378746325,0.47759403787463217,0.0,1.735444889347066e-17,-1,0,0,nan,nan,nan,8.265040939928177,2.7631005808866207,0.9737012371203979,0.18960999203511544,2,0,0.5384615384615384,0.5726495726495726,219337,4
13,basis_0000_18a1b592de96.npz,13,"(8, 3, 1, 1, 0, 0, 0, 0, 0)",4,4,1,11,7,0,4,11,2,0,14,27,0,0,inf,5,1.540109501597971e-49,5.116159123927056,10,0,8.932726607881984,1.3837209302325582,7,6,15.686499450029919,1.7058371798181218,1.7058371798181209,0.0,0.0,-1,0,0,nan,nan,nan,8.287628183626609,2.8440340883486,0.9994976058876441,0.19026080237032114,1,1,0.5384615384615384,0.5641025641025641,219337,4
13,basis_0000_18a1b592de96.npz,14,"(9, 2, 1, 1, 0, 0, 0, 0, 0)",4,4,1,11,7,0,5,11,2,0,14,27,0,0,inf,4,8.594406840631055e-64,4.466890153349079,10,0,7.405745770854899,1.0281690140845072,7,6,15.100709649158581,2.019680557004006,2.0196805570040057,0.0,0.0,-1,0,0,nan,nan,nan,8.145480040875597,2.963544729596429,1.0364552704035714,0.18809269223097114,2,0,0.47863247863247865,0.6410256410256411,219337,4
13,basis_0000_18a1b592de96.npz,15,"(8, 2, 2, 1, 0, 0, 0, 0, 0)",4,4,1,13,9,0,4,13,0,1,14,27,0,0,inf,5,5.431309484327352e-49,7.19849607513545,12,0,9.336309049440612,1.2777777777777772,9,6,16.03642179669954,1.1371114184595104,1.13711141845951,0.0,0.6239049102828279,-1,0,0,nan,nan,nan,8.154200445142788,2.7190620890971497,0.9791059296142358,0.18731164851504964,0,0,0.5470085470085471,0.5811965811965812,219337,4
13,basis_0000_18a1b592de96.npz,16,"(10, 1, 1, 1, 0, 0, 0, 0, 0)",4,4,1,11,7,0,4,11,2,0,14,27,0,0,inf,5,6.723498364927086e-51,3.864199498294344,10,0,5.491620410847977,1.0526315789473684,7,6,15.097985581565274,1.251377703694533,1.2513777036945326,0.0,5.604606993239619e-18,-1,0,0,nan,nan,nan,8.435475302406699,2.9647096128812604,1.0352903871187393,0.19067742925203973,1,1,0.48717948717948717,0.5470085470085471,219337,4
13,basis_0000_18a1b592de96.npz,17,"(9, 2, 1, 1, 0, 0, 0, 0, 0)",4,4,1,11,7,0,5,11,2,0,14,27,0,0,inf,4,2.1955570246079374e-33,5.1974009019258665,10,0,9.171409602583493,1.3852459016393444,7,6,16.22411432587439,1.6086465696974628,1.6086465696974623,0.0,0.0,-1,0,0,nan,nan,nan,8.11670588282581,2.774866843405765,0.9883106615069681,0.1900976771813147,1,1,0.5299145299145299,0.6068376068376068,219337,4
13,basis_0000_18a1b592de96.npz,18,"(9, 2, 1, 1, 0, 0, 0, 0, 0)",4,4,1,11,7,0,4,11,2,0,14,27,0,0,inf,5,1.060568077158363e-49,3.833390852098637,10,0,7.538407405208115,1.0344827586206895,7,6,15.09331298381494,1.4896138103830177,1.4896138103830168,0.0,3.893618074923351e-17,-1,0,0,nan,nan,nan,8.47787825482343,2.9664016565760956,1.0335983434239044,0.1913022839517469,0,2,0.5213675213675214,0.5213675213675214,219337,4
13,basis_0000_18a1b592de96.npz,19,"(10, 1, 1, 1, 0, 0, 0, 0, 0)",4,4,1,11,7,0,4,11,2,0,14,27,0,0,inf,5,0.0,3.75165271979635,10,0,7.14142842854285,1.0,7,6,15.085150186396456,0.46311709149581387,0.46311709149581387,0.0,0.0,-1,0,0,nan,nan,nan,8.515380492510547,2.963913262911472,1.0360867370885278,0.19163124467093565,2,0,0.4700854700854701,0.5982905982905983,219337,4
13,basis_0000_18a1b592de96.npz,20,"(8, 2, 1, 1, 1, 0, 0, 0, 0)",4,4,1,12,8,0,4,12,1,0,14,27,0,0,inf,5,1.2065427699538438e-48,5.851037234415017,11,0,9.637860214516657,1.0679611650485437,8,6,15.718917295073906,1.197583518839178,1.1975835188391775,0.0,2.7466621844128666e-16,-1,0,0,nan,nan,nan,8.181794023477233,2.735744016637501,0.9673134225221499,0.18873253118739008,0,1,0.5811965811965812,0.6410256410256411,219337,4
13,basis_0000_18a1b592de96.npz,21,"(10, 1, 1, 1, 0, 0, 0, 0, 0)",4,4,1,12,8,0,4,12,1,0,14,27,0,0,inf,5,2.089894590499518e-64,6.3739019103273025,11,0,11.464230084422216,1.2857142857142858,8,6,16.73348111655876,0.48189574657241346,0.481895746572413,0.0,5.969590168289562e-17,-1,0,0,nan,nan,nan,8.281542597540868,2.8032531481510037,0.9903599482912416,0.19036379358255826,1,0,0.5555555555555556,0.6495726495726496,219337,4
13,basis_0000_18a1b592de96.npz,22,"(10, 1, 1, 1, 0, 0, 0, 0, 0)",4,4,1,8,4,0,4,8,5,0,14,27,0,0,inf,5,0.0,3.771104090667206,7,0,5.402019824271121,1.0,4,6,15.086957817516769,1.108454698168722,1.1084546981687218,0.0,0.0,-1,0,0,nan,nan,nan,8.493540733074466,2.9641929653955583,1.0358070346044417,0.19146868802172007,1,4,0.5299145299145299,0.47863247863247865,219337,4
13,basis_0000_18a1b592de96.npz,23,"(10, 1, 1, 1, 0, 0, 0, 0, 0)",4,4,1,11,7,0,4,11,2,0,14,27,0,0,inf,5,0.0,5.89729251129952,10,0,8.52726718909908,1.2857142857142856,7,6,16.167564122437188,0.9486102000206986,0.9486102000206983,0.0,2.9509513489443068e-18,-1,0,0,nan,nan,nan,8.274749649659073,2.805408321615045,0.9871563591023138,0.18981659408092286,1,1,0.6153846153846154,0.5384615384615384,219337,4
13,basis_0000_18a1b592de96.npz,24,"(9, 1, 1, 1, 1, 0, 0, 0, 0)",4,4,1,12,8,0,5,12,1,0,14,27,0,0,inf,4,1.828122355605718e-48,5.960552462588198,11,0,7.256691702703451,1.3191489361702131,8,6,15.109039724971957,1.6069237409781403,1.6069237409781396,0.0,7.114746159050689e-17,-1,0,0,nan,nan,nan,8.12483905211367,2.935339972386819,1.0181166218837072,0.18931927204975954,0,1,0.5811965811965812,0.5641025641025641,219337,4
13,basis_0000_18a1b592de96.npz,25,"(9, 2, 1, 1, 0, 0, 0, 0, 0)",4,4,1,11,7,0,4,11,2,0,14,27,0,0,inf,5,1.5545705926737623e-51,3.9597767277875535,10,0,6.61403466466986,1.0181818181818183,7,6,15.104370277547035,1.8053835913096439,1.8053835913096432,0.0,0.0,-1,0,0,nan,nan,nan,8.423432141577962,2.9656898879433156,1.0343101120566842,0.19031507665939293,2,0,0.42735042735042733,0.6581196581196581,219337,4
13,basis_0000_18a1b592de96.npz,26,"(10, 1, 1, 1, 0, 0, 0, 0, 0)",4,4,1,12,8,0,4,12,1,0,14,27,0,0,inf,5,1.7063523615756827e-50,7.106663949275357,11,0,8.349508112115691,1.0,8,6,15.662326993298446,0.532040379525648,0.5320403795256478,0.0,1.5915931995683603e-17,-1,0,0,nan,nan,nan,8.245762354348708,2.756639772480933,0.973637252515368,0.18978144490481796,1,0,0.5299145299145299,0.5897435897435898,219337,4
13,basis_0000_18a1b592de96.npz,27,"(10, 1, 1, 1, 0, 0, 0, 0, 0)",4,4,1,12,8,0,4,12,1,0,14,27,0,0,inf,5,0.0,3.8065597991063154,11,0,8.33809387832792,1.0000000000000002,8,6,15.088813442565458,1.174794437242431,1.1747944372424304,0.0,0.0,-1,0,0,nan,nan,nan,8.44000358044041,2.964967157554918,1.035032842445082,0.19076239762429806,0,1,0.6068376068376068,0.47863247863247865,219337,4
13,basis_0000_18a1b592de96.npz,28,"(9, 2, 1, 1, 0, 0, 0, 0, 0)",4,4,1,13,9,0,4,13,0,1,14,27,0,0,inf,5,0.0,4.836700820566537,12,0,8.845387267520216,1.3576642335766427,9,6,15.65952159525187,1.5122682889298904,1.5122682889298897,0.0,0.5544952382148136,-1,0,0,nan,nan,nan,8.228126275224268,2.8110463291215675,0.9913879006314381,0.18942816251726313,0,0,0.5042735042735043,0.5982905982905983,219337,4
13,basis_0000_18a1b592de96.npz,29,"(9, 1, 1, 1, 1, 0, 0, 0, 0)",4,4,1,11,7,0,4,11,2,0,14,27,0,0,inf,5,1.2303544113777817e-32,5.5885384958923705,10,0,8.089400188856576,1.3438395415472784,7,6,15.820840005739667,1.5272926244992011,1.5272926244992002,0.0,2.156758445218793e-16,-1,0,0,nan,nan,nan,8.210006269370693,2.7590743920082326,0.975638750909777,0.18908069053419793,2,0,0.5042735042735043,0.6581196581196581,219337,4
13,basis_0000_18a1b592de96.npz,30,"(10, 1, 1, 1, 0, 0, 0, 0, 0)",4,4,1,11,7,0,4,11,2,0,14,27,0,0,inf,5,0.0,4.7739032914210435,10,0,8.786353054595516,1.200000000000001,7,6,15.65145336535908,0.47169542609957765,0.47169542609957704,0.0,2.1361551496844937e-32,-1,0,0,nan,nan,nan,8.329123952198069,2.8400621176477356,1.0020719055124596,0.19068612890336814,1,1,0.5982905982905983,0.47863247863247865,219337,4
13,basis_0000_18a1b592de96.npz,31,"(8, 2, 1, 1, 1, 0, 0, 0, 0)",4,4,1,12,8,0,4,12,1,0,14,27,0,0,inf,5,0.0,5.184436013201081,11,0,8.415644771678338,1.0000000000000004,8,6,15.324777877581624,1.1774633710910702,1.1774633710910698,0.0,0.0,-1,0,0,nan,nan,nan,8.169822068676561,2.7804419528397744,0.9745244603907055,0.18874868213045407,0,1,0.5811965811965812,0.5555555555555556,219337,4
13,basis_0000_18a1b592de96.npz,32,"(10, 1, 1, 1, 0, 0, 0, 0, 0)",4,4,1,10,6,0,4,10,3,0,14,27,0,0,inf,5,0.0,3.764871623634902,9,0,5.811865258054231,1.0,6,6,15.087055269438888,1.1973419730054085,1.1973419730054082,0.0,1.9400615218759615e-33,-1,0,0,nan,nan,nan,8.485615963360612,2.965330890243964,1.0346691097560359,0.19148953069094324,1,2,0.5897435897435898,0.48717948717948717,219337,4
13,basis_0000_18a1b592de96.npz,33,"(8, 2, 2, 1, 0, 0, 0, 0, 0)",4,4,1,12,8,0,5,12,1,0,14,27,0,0,inf,4,1.7643465386241292e-32,7.54331991551255,11,0,10.451568978753718,1.2745098039215685,8,6,16.643574806322345,0.9348955526205632,0.934895552620563,0.0,0.0,-1,0,0,nan,nan,nan,7.8962672377283765,2.7120089686898976,0.9502700289479046,0.1858225672965031,0,1,0.5982905982905983,0.6068376068376068,219337,4
13,basis_0000_18a1b592de96.npz,34,"(10, 1, 1, 1, 0, 0, 0, 0, 0)",4,4,1,12,8,0,4,12,1,0,14,27,0,0,inf,5,8.373785513394021e-50,3.87794792269519,11,0,7.749114819629715,1.048780487804878,8,6,15.098832252053594,1.788947271368401,1.7889472713684003,0.0,9.611665541392506e-17,-1,0,0,nan,nan,nan,8.411735239138375,2.9652570282826334,1.0347429717173666,0.19046620226826239,1,0,0.5213675213675214,0.5555555555555556,219337,4
13,basis_0000_18a1b592de96.npz,35,"(10, 1, 1, 1, 0, 0, 0, 0, 0)",4,4,1,12,8,0,4,12,1,0,14,27,0,0,inf,5,8.892773002207546e-50,4.873399280854649,11,0,8.763138284461371,1.2888888888888892,8,6,15.664105102952854,1.516906335107706,1.5169063351077055,0.0,6.899091282083426e-17,-1,0,0,nan,nan,nan,8.20183196012274,2.7777605920371915,0.9859530220591524,0.18875510314570884,1,0,0.5384615384615384,0.6239316239316239,219337,4
13,basis_0000_18a1b592de96.npz,36,"(10, 1, 1, 1, 0, 0, 0, 0, 0)",4,4,1,13,9,0,4,13,0,1,14,27,0,0,inf,5,0.0,3.757773794440037,12,0,8.099382692526634,1.0,9,6,15.0860986658366,0.9879057158181986,0.9879057158181985,0.0,0.5057829057144326,-1,0,0,nan,nan,nan,8.51432666986706,2.9648717259460464,1.0351282740539536,0.19166024004228052,0,0,0.5128205128205128,0.5299145299145299,219337,4
13,basis_0000_18a1b592de96.npz,37,"(9, 2, 1, 1, 0, 0, 0, 0, 0)",4,4,1,12,8,0,4,12,1,0,14,27,0,0,inf,5,7.038090021813553e-52,4.202241592715548,11,0,7.55440040752682,1.0,8,6,15.09331298381494,1.4896138103830185,1.4896138103830183,0.0,5.962046001274079e-17,-1,0,0,nan,nan,nan,8.260500641257138,2.9621566174233833,1.0378433825766167,0.1877872769880088,0,1,0.5384615384615384,0.5641025641025641,219337,4
13,basis_0000_18a1b592de96.npz,38,"(10, 1, 1, 1, 0, 0, 0, 0, 0)",4,4,1,12,8,0,4,12,1,0,14,27,0,0,inf,5,0.0,3.75165271979635,11,0,8.12403840463596,1.0,8,6,15.085150186396456,0.46311709149581387,0.46311709149581387,0.0,0.0,-1,0,0,nan,nan,nan,8.495241868668455,2.964828100286322,1.0351718997136778,0.19149050904126216,1,0,0.4188034188034188,0.6153846153846154,219337,4
13,basis_0000_18a1b592de96.npz,39,"(9, 2, 1, 1, 0, 0, 0, 0, 0)",4,4,1,13,9,0,4,13,0,1,14,27,0,0,inf,5,7.315175854342595e-50,3.919526700792647,12,0,7.886093848698239,1.0,9,6,15.102487637565932,1.2100476919952856,1.2100476919952852,0.0,0.48941032433530535,-1,0,0,nan,nan,nan,8.422288924831712,2.9637374076254,1.0362625923745996,0.19033902755156498,0,0,0.5213675213675214,0.5213675213675214,219337,4
13,basis_0000_18a1b592de96.npz,40,"(6, 3, 2, 1, 1, 0, 0, 0, 0)",4,4,1,13,9,0,6,13,0,1,14,27,0,0,inf,3,3.8893088237558015e-17,8.011274058453774,12,0,10.721728245490834,1.1826280623608019,9,6,15.403912419523806,1.961947705357655,1.9619477053576544,0.0,0.5594342105513239,-1,0,0,nan,nan,nan,7.713068819552448,2.469093456409634,0.9908149670157249,0.18861127010611103,0,0,0.6324786324786325,0.6410256410256411,219337,4
13,basis_0000_18a1b592de96.npz,41,"(10, 1, 1, 1, 0, 0, 0, 0, 0)",4,4,1,13,9,0,4,13,0,1,14,27,0,0,inf,5,1.8284693058792758e-50,6.250323345702573,12,0,10.184085443979505,1.3486238532110089,9,6,16.06428370318166,1.423083168995513,1.4230831689955126,0.0,0.39775004498259187,-1,0,0,nan,nan,nan,8.253203709461745,2.8283916599138204,1.0016845711487226,0.18969264204051847,0,0,0.5299145299145299,0.5897435897435898,219337,4
13,basis_0000_18a1b592de96.npz,42,"(8, 3, 1, 1, 0, 0, 0, 0, 0)",4,4,1,10,6,0,4,10,3,0,14,27,0,0,inf,5,8.131707085585423e-50,4.661655827969186,9,0,6.985699678629192,1.0000000000000002,6,6,15.10709023558623,0.9201674526872573,0.9201674526872566,0.0,1.243769897461949e-32,-1,0,0,nan,nan,nan,8.286416687842234,2.965606111129519,1.034393888870481,0.18851599075578418,2,1,0.48717948717948717,0.5897435897435898,219337,4
13,basis_0000_18a1b592de96.npz,43,"(10, 1, 1, 1, 0, 0, 0, 0, 0)",4,4,1,12,8,0,4,12,1,0,14,27,0,0,inf,5,8.556153244216632e-50,4.786804855915856,11,0,8.807614550721102,1.2222222222222228,8,6,15.653201066162614,1.145571182815515,1.1455711828155144,0.0,1.2759721012039482e-16,-1,0,0,nan,nan,nan,8.289660318938047,2.794331950577483,0.9835715495660331,0.19056728747371232,0,1,0.5982905982905983,0.5299145299145299,219337,4
13,basis_0000_18a1b592de96.npz,44,"(10, 1, 1, 1, 0, 0, 0, 0, 0)",4,4,1,13,9,0,4,13,0,1,14,27,0,0,inf,5,0.0,5.823742285832533,12,0,10.499169402363927,1.2558139534883717,9,6,16.158047322355582,1.2461363096584748,1.2461363096584746,0.0,0.5980540104048327,-1,0,0,nan,nan,nan,8.283239878070587,2.7914545972176565,0.9869533861247329,0.19028669626727293,0,0,0.5726495726495726,0.5897435897435898,219337,4
13,basis_0000_18a1b592de96.npz,45,"(9, 2, 1, 1, 0, 0, 0, 0, 0)",4,4,1,12,8,0,4,12,1,0,14,27,0,0,inf,5,0.0,3.829893283076806,11,0,8.036680614166377,1.0588235294117645,8,6,15.092378428688662,1.1463423953827814,1.1463423953827812,0.0,1.953914316837194e-17,-1,0,0,nan,nan,nan,8.466398476479535,2.9654223693896924,1.0345776306103076,0.19119201571450709,1,0,0.5128205128205128,0.5641025641025641,219337,4
13,basis_0000_18a1b592de96.npz,46,"(10, 1, 1, 1, 0, 0, 0, 0, 0)",4,4,1,9,5,0,4,9,4,0,14,27,0,0,inf,5,0.0,3.843675597672732,8,0,6.429100507328636,1.0,5,6,15.096029680565566,0.5308799480083837,0.5308799480083835,0.0,0.0,-1,0,0,nan,nan,nan,8.452808485992866,2.9664663659078885,1.0335336340921115,0.19105410772260661,1,3,0.5982905982905983,0.47863247863247865,219337,4
13,basis_0000_18a1b592de96.npz,47,"(10, 1, 1, 1, 0, 0, 0, 0, 0)",4,4,1,10,6,0,4,10,3,0,14,27,0,0,inf,5,1.7841906432730376e-50,4.789439433880865,9,0,7.687198661138786,1.255813953488372,6,6,15.6534011725528,1.2071724052034747,1.2071724052034745,0.0,1.8131376013557763e-18,-1,0,0,nan,nan,nan,8.366154434843015,2.8425967217460646,0.9985764018745058,0.1917525976215897,2,1,0.49572649572649574,0.5641025641025641,219337,4
13,basis_0000_18a1b592de96.npz,48,"(7, 3, 2, 1, 0, 0, 0, 0, 0)",4,4,1,13,9,0,6,13,0,1,14,27,0,0,inf,3,1.1818024364013708e-16,7.348469228349536,12,0,10.335436906035822,1.3043478260869565,9,6,15.67075077952267,1.7054078300056572,1.7054078300056568,0.0,0.43844269373804834,-1,0,0,nan,nan,nan,7.578247170843739,2.459015696757879,0.8911497364707849,0.1865190002659081,0,0,0.6239316239316239,0.5726495726495726,219337,4
13,basis_0000_18a1b592de96.npz,49,"(10, 1, 1, 1, 0, 0, 0, 0, 0)",4,4,1,11,7,0,4,11,2,0,14,27,0,0,inf,5,0.0,3.75165271979635,10,0,8.602325267042627,1.0,7,6,15.085150186396456,0.46311709149581387,0.46311709149581387,0.0,0.0,-1,0,0,nan,nan,nan,8.479957617993687,2.9659394502829257,1.0340605497170743,0.1913801651872501,1,1,0.5128205128205128,0.5641025641025641,219337,4
13,basis_0001_0f7d13bf86cd.npz,0,"(9, 2, 1, 1, 0, 0, 0, 0, 0)",4,4,1,11,7,0,4,11,2,0,14,27,0,0,inf,5,0.0,5.084923248526479,10,0,9.165629925423813,1.4912280701754392,7,6,15.161352320606937,1.50280893570485,1.5028089357048493,0.0,0.0,-1,0,0,nan,nan,nan,8.370757288226558,2.8835816685531515,1.018071182247814,0.1917953547927409,1,1,0.5641025641025641,0.5299145299145299,219337,4
13,basis_0001_0f7d13bf86cd.npz,1,"(10, 2, 1, 0, 0, 0, 0, 0, 0)",4,4,1,11,7,0,4,11,2,0,14,27,0,0,inf,5,0.0,4.809358632363385,10,0,7.2571803523590805,1.0,7,6,15.490803071070106,1.1643448037716144,1.1643448037716142,0.0,0.0,-1,0,0,nan,nan,nan,8.242879700043497,2.744924363992729,0.9819659748759871,0.1885117633216359,1,1,0.5726495726495726,0.47863247863247865,219337,4
13,basis_0001_0f7d13bf86cd.npz,2,"(10, 2, 1, 0, 0, 0, 0, 0, 0)",4,4,1,13,9,0,4,13,0,1,14,27,0,0,inf,5,0.0,4.818411652161843,12,0,8.546441754710942,1.2500000000000002,9,6,15.490881402963135,1.178827265009873,1.1788272650098726,0.0,0.7724805748542405,-1,0,0,nan,nan,nan,8.297809410369942,2.8090368084454465,0.9904277702412229,0.19079816096767493,0,0,0.5811965811965812,0.49572649572649574,219337,4
13,basis_0001_0f7d13bf86cd.npz,3,"(9, 3, 1, 0, 0, 0, 0, 0, 0)",4,4,1,12,8,0,4,12,1,0,14,27,0,0,inf,5,0.0,5.1491035453017755,11,0,7.815582725128903,1.0000000000000002,8,6,14.9220376978025,1.5067935255608342,1.506793525560834,0.0,4.945727256120921e-17,-1,0,0,nan,nan,nan,8.297210100879893,2.9656719647388274,1.0343280352611723,0.1893489443731239,1,0,0.48717948717948717,0.5897435897435898,219337,4
13,basis_0001_0f7d13bf86cd.npz,4,"(7, 5, 1, 0, 0, 0, 0, 0, 0)",4,4,1,13,9,0,4,13,0,1,14,27,0,0,inf,5,4.678104481481994e-53,5.083203977734227,12,0,9.175277341078813,1.2857142857142863,9,6,15.512079744607284,1.0586365161465543,1.0586365161465536,0.0,0.7774170804798046,-1,0,0,nan,nan,nan,8.183564616984981,2.7607960069141795,0.9889425462234297,0.18834953815790834,0,0,0.5299145299145299,0.5811965811965812,219337,4
13,basis_0001_0f7d13bf86cd.npz,5,"(8, 4, 1, 0, 0, 0, 0, 0, 0)",4,4,1,13,9,0,4,13,0,1,14,27,0,0,inf,5,9.661013475722756e-65,3.899137296747937,12,0,8.190050248742255,1.3076923076923073,9,6,14.929294488504482,1.1774687087010933,1.1774687087010927,0.0,0.7461547795861341,-1,0,0,nan,nan,nan,8.452801210408461,2.9648658682938356,1.0351341317061642,0.19096910165970224,0,0,0.5726495726495726,0.5299145299145299,219337,4
13,basis_0001_0f7d13bf86cd.npz,6,"(9, 3, 1, 0, 0, 0, 0, 0, 0)",4,4,1,13,9,0,4,13,0,1,14,27,0,0,inf,5,0.0,4.947245189242271,12,0,9.32354929351325,1.333333333333334,9,6,15.50335625473752,0.9719309368533172,0.9719309368533169,0.0,0.779594478556104,-1,0,0,nan,nan,nan,8.275435388628111,2.820980864613959,0.9943498696192951,0.19042621462098278,0,0,0.5897435897435898,0.5299145299145299,219337,4
13,basis_0001_0f7d13bf86cd.npz,7,"(10, 2, 1, 0, 0, 0, 0, 0, 0)",4,4,1,11,7,0,4,11,2,0,14,27,0,0,inf,5,0.0,4.076355826626761,10,0,8.351092188494912,1.2592592592592595,7,6,14.932556484131366,1.9171192112058844,1.9171192112058835,0.0,0.0,-1,0,0,nan,nan,nan,8.36994781008902,2.9656572070799196,1.0343427929200806,0.18883435132937643,0,2,0.5641025641025641,0.5641025641025641,219337,4
13,basis_0001_0f7d13bf86cd.npz,8,"(9, 3, 1, 0, 0, 0, 0, 0, 0)",4,4,1,11,7,0,4,11,2,0,14,27,0,0,inf,5,0.0,3.861241206640892,10,0,7.136040703574842,1.0,7,6,14.925257369625887,1.1642104507066304,1.1642104507066298,0.0,1.9289379484685405e-31,-1,0,0,nan,nan,nan,8.431236883348381,2.9642821651445392,1.035717834855461,0.1906190516739241,2,0,0.4188034188034188,0.6923076923076923,219337,4
13,basis_0001_0f7d13bf86cd.npz,9,"(9, 3, 1, 0, 0, 0, 0, 0, 0)",4,4,1,11,7,0,4,11,2,0,14,27,0,0,inf,5,7.347771026025388e-50,3.9490716075434444,10,0,7.348469228349534,1.3333333333333335,7,6,14.933382369056329,0.9624449054698636,0.962444905469863,0.0,0.0,-1,0,0,nan,nan,nan,8.413384029640683,2.965966218524461,1.0340337814755387,0.1901261847470551,1,1,0.5384615384615384,0.5641025641025641,219337,4
13,basis_0001_0f7d13bf86cd.npz,10,"(9, 2, 1, 1, 0, 0, 0, 0, 0)",4,4,1,10,6,0,5,10,3,0,14,27,0,0,inf,4,1.9228521137742623e-32,4.979474261138947,9,0,6.993503478878873,1.0909090909090904,6,6,14.93028234131163,1.5305214945356953,1.5305214945356946,0.0,1.3465102992853172e-32,-1,0,0,nan,nan,nan,8.135073708312996,2.965282764691749,1.034717235308251,0.1888373779385821,1,2,0.5726495726495726,0.5128205128205128,219337,4
13,basis_0001_0f7d13bf86cd.npz,11,"(8, 4, 1, 0, 0, 0, 0, 0, 0)",4,4,1,11,7,0,4,11,2,0,14,27,0,0,inf,5,6.150967835364157e-49,5.652583504408428,10,0,8.23720129343182,1.2772277227722773,7,6,16.106631304807102,1.393327228357112,1.393327228357111,0.0,0.0,-1,0,0,nan,nan,nan,8.271980468257404,2.795234926023832,0.9885942161112368,0.19033968887908181,1,1,0.5213675213675214,0.6239316239316239,219337,4
13,basis_0001_0f7d13bf86cd.npz,12,"(10, 2, 1, 0, 0, 0, 0, 0, 0)",4,4,1,10,6,0,4,10,3,0,14,27,0,0,inf,5,0.0,3.7661958226682395,9,0,5.916079783099616,1.0,6,6,14.920065315331616,0.6176735838958431,0.6176735838958431,0.0,0.0,-1,0,0,nan,nan,nan,8.506268196269689,2.9638182678594815,1.0361817321405185,0.19159781429908201,3,0,0.4444444444444444,0.6153846153846154,219337,4
13,basis_0001_0f7d13bf86cd.npz,13,"(8, 3, 1, 1, 0, 0, 0, 0, 0)",4,4,1,10,6,0,5,10,3,0,14,27,0,0,inf,4,0.0,5.5750439307820905,9,0,8.247589179434636,1.34090909090909,6,6,15.449006379765533,1.4210407363452784,1.4210407363452777,0.0,0.0,-1,0,0,nan,nan,nan,7.983434272792181,2.881284104939214,1.0065906777279863,0.18752974309145165,2,1,0.5470085470085471,0.6666666666666666,219337,4
13,basis_0001_0f7d13bf86cd.npz,14,"(9, 3, 1, 0, 0, 0, 0, 0, 0)",4,4,1,9,5,0,5,9,4,0,14,27,0,0,inf,4,0.0,7.348469228349537,8,0,7.810249675906654,1.0,5,6,14.929191166872831,0.8767341723193824,0.8767341723193818,0.0,2.4513243261700735e-48,-1,0,0,nan,nan,nan,8.172475050751645,2.93632945703999,1.0169399957156822,0.18990831907859113,0,4,0.7094017094017094,0.46153846153846156,219337,4
13,basis_0001_0f7d13bf86cd.npz,15,"(9, 3, 1, 0, 0, 0, 0, 0, 0)",4,4,1,11,7,0,4,11,2,0,14,27,0,0,inf,5,0.0,3.8195187444727794,10,0,7.094598884597588,1.0,7,6,14.924154986117001,0.641259021470029,0.6412590214700287,0.0,0.0,-1,0,0,nan,nan,nan,8.434483804496823,2.9652897315747,1.0347102684252998,0.19104497102188495,2,0,0.42735042735042733,0.6153846153846154,219337,4
13,basis_0001_0f7d13bf86cd.npz,16,"(9, 2, 2, 0, 0, 0, 0, 0, 0)",4,4,1,12,8,0,5,12,1,0,14,27,0,0,inf,4,0.0,7.905459860179846,11,0,9.773689170420758,1.2999999999999998,8,6,15.491875082487319,1.5143045569226172,1.5143045569226168,0.0,1.7240856396253926e-18,-1,0,0,nan,nan,nan,8.007076636974553,2.551449875600644,0.9910246905816849,0.18901373598559554,1,0,0.5811965811965812,0.6068376068376068,219337,4
13,basis_0001_0f7d13bf86cd.npz,17,"(9, 3, 1, 0, 0, 0, 0, 0, 0)",4,4,1,11,7,0,4,11,2,0,14,27,0,0,inf,5,0.0,4.87831517751085,10,0,7.817057181492496,1.4042553191489362,7,6,15.49496579419456,1.1832180173117472,1.1832180173117461,0.0,1.9723502958802915e-28,-1,0,0,nan,nan,nan,8.154718369168254,2.817283939825948,1.0037456974640624,0.1883315981714939,1,1,0.5641025641025641,0.47863247863247865,219337,4
13,basis_0001_0f7d13bf86cd.npz,18,"(9, 2, 2, 0, 0, 0, 0, 0, 0)",4,4,1,13,9,0,5,13,0,1,14,27,0,0,inf,4,5.979731216739476e-33,4.121158352183693,12,0,8.99758421684012,1.0,9,6,14.942725047142954,1.9999999999999993,1.9999999999999982,0.0,0.8106688939187031,-1,0,0,nan,nan,nan,8.221751764561516,2.962071568063346,1.0379284319366542,0.18952420420795033,0,0,0.5726495726495726,0.5641025641025641,219337,4
13,basis_0001_0f7d13bf86cd.npz,19,"(10, 2, 1, 0, 0, 0, 0, 0, 0)",4,4,1,12,8,0,4,12,1,0,14,27,0,0,inf,5,1.3348096764447237e-33,5.495877560179538,11,0,9.29709080497214,1.3846153846153846,8,6,15.50973783157048,1.7034755583696504,1.7034755583696497,0.0,1.8490707136500765e-16,-1,0,0,nan,nan,nan,8.128884064705115,2.8164675187050623,0.9930194662536146,0.1880751074615111,0,1,0.5213675213675214,0.6239316239316239,219337,4
13,basis_0001_0f7d13bf86cd.npz,20,"(10, 2, 1, 0, 0, 0, 0, 0, 0)",4,4,1,9,5,0,4,9,4,0,14,27,0,0,inf,5,0.0,3.869869918041716,8,0,7.0,1.0,5,6,14.929191166872831,0.8767341723193831,0.876734172319383,0.0,0.0,-1,0,0,nan,nan,nan,8.471966666762636,2.963748214550327,1.036251785449673,0.1913345735817701,1,3,0.5982905982905983,0.47863247863247865,219337,4
13,basis_0001_0f7d13bf86cd.npz,21,"(10, 2, 1, 0, 0, 0, 0, 0, 0)",4,4,1,12,8,0,4,12,1,0,14,27,0,0,inf,5,1.5693872995367107e-49,4.637536186794542,11,0,9.036961141150636,1.0729166666666665,8,6,15.618239741291937,1.7074895962281438,1.7074895962281433,0.0,9.883809634429462e-17,-1,0,0,nan,nan,nan,8.211772294691158,2.8043527768303256,0.9898785845937385,0.18918455848102964,0,1,0.5641025641025641,0.5982905982905983,219337,4
13,basis_0001_0f7d13bf86cd.npz,22,"(8, 4, 1, 0, 0, 0, 0, 0, 0)",4,4,1,12,8,0,4,12,1,0,14,27,0,0,inf,5,0.0,4.160593337226917,11,0,9.323254631461962,1.4615384615384603,8,6,14.955167366177484,0.846854400412591,0.8468544004125905,0.0,7.021924605998364e-17,-1,0,0,nan,nan,nan,8.316136990799576,2.963851859761952,1.0361481402380481,0.18938888381978244,1,0,0.5384615384615384,0.6153846153846154,219337,4
13,basis_0001_0f7d13bf86cd.npz,23,"(9, 3, 1, 0, 0, 0, 0, 0, 0)",4,4,1,12,8,0,4,12,1,0,14,27,0,0,inf,5,0.0,3.8195187444727794,11,0,8.0,1.0000000000000007,8,6,14.936854132310245,0.6661885448248839,0.6661885448248838,0.0,1.9785760183780224e-16,-1,0,0,nan,nan,nan,8.383646234185528,2.9661879046728474,1.0338120953271526,0.19137539537323794,1,0,0.47863247863247865,0.5982905982905983,219337,4
13,basis_0001_0f7d13bf86cd.npz,24,"(8, 4, 1, 0, 0, 0, 0, 0, 0)",4,4,1,11,7,0,4,11,2,0,14,27,0,0,inf,5,0.0,5.384730083197257,10,0,8.13698508759783,1.368421052631579,7,6,15.404880974862328,0.7101273940046975,0.7101273940046967,0.0,1.5382118100347786e-29,-1,0,0,nan,nan,nan,8.225697537612632,2.7940777343381753,0.9858675574244714,0.18977503149209327,0,2,0.5641025641025641,0.5213675213675214,219337,4
13,basis_0001_0f7d13bf86cd.npz,25,"(8, 4, 1, 0, 0, 0, 0, 0, 0)",4,4,1,12,8,0,4,12,1,0,14,27,0,0,inf,5,0.0,4.732050807568877,11,0,7.577188997474478,1.2183908045976999,8,6,15.545920218461637,1.5798331927651408,1.5798331927651406,0.0,1.4536212749862154e-17,-1,0,0,nan,nan,nan,8.28046578535595,2.830781784947859,0.9980295826424118,0.19073897918329036,1,0,0.48717948717948717,0.5726495726495726,219337,4
13,basis_0001_0f7d13bf86cd.npz,26,"(10, 2, 1, 0, 0, 0, 0, 0, 0)",4,4,1,10,6,0,4,10,3,0,14,27,0,0,inf,5,0.0,4.802071025333616,9,0,6.723094525588644,1.2000000000000002,6,6,15.489800343016407,0.6421237138735982,0.6421237138735973,0.0,0.0,-1,0,0,nan,nan,nan,8.29868217249348,2.7859787749920506,0.9891883072326252,0.1903975712926229,3,0,0.4444444444444444,0.5726495726495726,219337,4
13,basis_0001_0f7d13bf86cd.npz,27,"(6, 5, 1, 1, 0, 0, 0, 0, 0)",4,4,1,11,7,0,5,11,2,0,14,27,0,0,inf,4,2.470480983281886e-19,6.3758406516649275,10,0,9.591572858306076,1.6989619377162632,7,6,16.275914165927958,2.2877626202676553,2.2877626202676544,0.0,7.225680716862565e-17,-1,0,0,nan,nan,nan,7.960426285738067,2.7071745075934346,0.9564716350882834,0.18553261879458646,2,0,0.5042735042735043,0.7606837606837606,219337,4
13,basis_0001_0f7d13bf86cd.npz,28,"(10, 2, 1, 0, 0, 0, 0, 0, 0)",4,4,1,10,6,0,4,10,3,0,14,27,0,0,inf,5,2.586285232596539e-99,3.8365576497708496,9,0,6.999999999999999,1.1111111111111112,6,6,14.922224444812494,1.3120249195744034,1.312024919574403,0.0,5.267740237706499e-20,-1,0,0,nan,nan,nan,8.44701146473554,2.965868627709655,1.0341313722903451,0.19085145950418397,1,2,0.5555555555555556,0.5811965811965812,219337,4
13,basis_0001_0f7d13bf86cd.npz,29,"(9, 3, 1, 0, 0, 0, 0, 0, 0)",4,4,1,11,7,0,5,11,2,0,14,27,0,0,inf,4,1.7337157095940547e-30,7.48655892750016,10,0,10.602111200358252,1.4285714285714284,7,6,15.50335625473752,0.9719309368533177,0.9719309368533171,0.0,8.984652901716024e-18,-1,0,0,nan,nan,nan,8.04845159921416,2.8333345109795722,1.0118119141732034,0.19001331157641582,2,0,0.5641025641025641,0.6153846153846154,219337,4
13,basis_0001_0f7d13bf86cd.npz,30,"(9, 2, 1, 1, 0, 0, 0, 0, 0)",4,4,1,13,9,0,5,13,0,1,14,27,0,0,inf,4,2.9670870739469836e-34,4.251198609985861,12,0,8.413863764542178,1.0,9,6,14.93432156436071,2.466327728099024,2.4663277280990235,0.0,0.6909764819984299,-1,0,0,nan,nan,nan,8.200623184289507,2.961004582874878,1.038995417125122,0.18914811048990796,0,0,0.5213675213675214,0.6068376068376068,219337,4
13,basis_0001_0f7d13bf86cd.npz,31,"(8, 3, 2, 0, 0, 0, 0, 0, 0)",4,4,1,11,7,0,4,11,2,0,14,27,0,0,inf,5,0.0,6.420487296550322,10,0,8.640987597877146,1.0,7,6,15.363838341572276,0.8449616226865813,0.844961622686581,0.0,3.508706476556498e-17,-1,0,0,nan,nan,nan,8.29304598428811,2.8045744922818003,1.012971553936446,0.1893963172530665,1,1,0.6239316239316239,0.5128205128205128,219337,4
13,basis_0001_0f7d13bf86cd.npz,32,"(9, 3, 1, 0, 0, 0, 0, 0, 0)",4,4,1,11,7,0,4,11,2,0,14,27,0,0,inf,5,0.0,4.846558087248729,10,0,8.266397845091497,1.3333333333333333,7,6,15.493964352673201,0.6690247808423593,0.669024780842359,0.0,0.0,-1,0,0,nan,nan,nan,8.331331827889848,2.829444690104836,0.9922816870634029,0.1913102269178529,0,2,0.6068376068376068,0.48717948717948717,219337,4
13,basis_0001_0f7d13bf86cd.npz,33,"(9, 3, 1, 0, 0, 0, 0, 0, 0)",4,4,1,12,8,0,4,12,1,0,14,27,0,0,inf,5,3.484323969731052e-33,5.629102443736932,11,0,8.930042818479894,1.3294797687861273,8,6,16.103275366587138,1.8570191804876353,1.8570191804876341,0.0,2.283078248165523e-16,-1,0,0,nan,nan,nan,8.223452462403047,2.7789017490395236,0.9806435433893038,0.18919440601340465,0,1,0.5470085470085471,0.5811965811965812,219337,4
13,basis_0001_0f7d13bf86cd.npz,34,"(10, 2, 1, 0, 0, 0, 0, 0, 0)",4,4,1,10,6,0,4,10,3,0,14,27,0,0,inf,5,0.0,3.7661958226682395,9,0,7.615773105863909,1.0,6,6,14.920065315331616,0.6176735838958431,0.6176735838958431,0.0,0.0,-1,0,0,nan,nan,nan,8.494656382180443,2.9661133012697682,1.0338866987302315,0.19149993616575645,1,2,0.6068376068376068,0.48717948717948717,219337,4
13,basis_0001_0f7d13bf86cd.npz,35,"(10, 2, 1, 0, 0, 0, 0, 0, 0)",4,4,1,10,6,0,4,10,3,0,14,27,0,0,inf,5,0.0,3.772418370552588,9,0,6.938505396903366,1.0,6,6,14.921047210837761,1.1536952887911265,1.1536952887911263,0.0,0.0,-1,0,0,nan,nan,nan,8.440687855081105,2.9632402107086317,1.036759789291368,0.1910705356176301,1,2,0.5470085470085471,0.5128205128205128,219337,4
13,basis_0001_0f7d13bf86cd.npz,36,"(10, 2, 1, 0, 0, 0, 0, 0, 0)",4,4,1,12,8,0,4,12,1,0,14,27,0,0,inf,5,0.0,4.809358632363385,11,0,7.617762337478312,1.2727272727272727,8,6,15.490803071070106,1.1643448037716146,1.1643448037716142,0.0,1.8258446845331739e-16,-1,0,0,nan,nan,nan,8.310618534992996,2.8252473879795086,0.9930208780024508,0.19122057359966219,0,1,0.5384615384615384,0.5042735042735043,219337,4
13,basis_0001_0f7d13bf86cd.npz,37,"(7, 4, 2, 0, 0, 0, 0, 0, 0)",4,4,1,11,7,0,4,11,2,0,14,27,0,0,inf,5,4.302378425658923e-50,4.439346660646625,10,0,8.512965889470843,1.2499999999999996,7,6,15.660653458125479,1.0841820501705624,1.0841820501705621,0.0,0.0,-1,0,0,nan,nan,nan,8.315868750790035,2.857105341039813,1.0047745430582535,0.1909104956329744,1,1,0.5384615384615384,0.6495726495726496,219337,4
13,basis_0001_0f7d13bf86cd.npz,38,"(10, 2, 1, 0, 0, 0, 0, 0, 0)",4,4,1,8,4,0,4,8,5,0,14,27,0,0,inf,5,0.0,3.7661958226682395,7,0,5.291502622129181,1.0,4,6,14.920065315331616,0.6176735838958431,0.6176735838958431,0.0,0.0,-1,0,0,nan,nan,nan,8.504364002792435,2.963629603951855,1.0363703960481452,0.1916306887749689,2,3,0.5982905982905983,0.47863247863247865,219337,4
13,basis_0001_0f7d13bf86cd.npz,39,"(9, 2, 1, 1, 0, 0, 0, 0, 0)",4,4,1,11,7,0,5,11,2,0,14,27,0,0,inf,4,0.0,4.964714154327569,10,0,8.660254037844387,1.0,7,6,14.920065315331616,0.6176735838958431,0.6176735838958431,0.0,0.0,-1,0,0,nan,nan,nan,8.175722706065423,2.9636908715947703,1.0363091284052297,0.18993007814219143,1,1,0.5726495726495726,0.5213675213675214,219337,4
13,basis_0001_0f7d13bf86cd.npz,40,"(7, 5, 1, 0, 0, 0, 0, 0, 0)",4,4,1,9,5,0,4,9,4,0,14,27,0,0,inf,5,2.5148668653314926e-49,4.2785688733224,8,0,7.768985960673559,1.357142857142857,5,6,16.58631820048191,1.0341254052386148,1.0341254052386142,0.0,0.0,-1,0,0,nan,nan,nan,8.450835222800922,2.9647664888251777,1.0352335111748225,0.19074265676479277,1,2,0.6495726495726496,0.5726495726495726,219337,4
13,basis_0001_0f7d13bf86cd.npz,41,"(9, 3, 1, 0, 0, 0, 0, 0, 0)",4,4,1,13,9,0,5,13,0,1,14,27,0,0,inf,4,1.174579348816313e-33,6.321474426751809,12,0,9.686386682170072,1.3913043478260871,9,6,14.926390402334077,1.3618689996673465,1.3618689996673459,0.0,0.6598139830666809,-1,0,0,nan,nan,nan,8.131879199862635,2.966183524333622,1.033816475666378,0.18857688111211376,0,0,0.5555555555555556,0.6324786324786325,219337,4
13,basis_0001_0f7d13bf86cd.npz,42,"(10, 2, 1, 0, 0, 0, 0, 0, 0)",4,4,1,13,9,0,4,13,0,1,14,27,0,0,inf,5,0.0,3.7948626590838304,12,0,9.238665551716363,1.2941176470588238,9,6,14.922102483659602,1.4949310962064293,1.4949310962064288,0.0,0.6327580030180107,-1,0,0,nan,nan,nan,8.467329097614135,2.9603522723852995,1.0396477276147007,0.19128816006041183,0,0,0.5128205128205128,0.6239316239316239,219337,4
13,basis_0001_0f7d13bf86cd.npz,43,"(9, 3, 1, 0, 0, 0, 0, 0, 0)",4,4,1,13,9,0,4,13,0,1,14,27,0,0,inf,5,2.600186996804863e-51,4.868647733171847,12,0,8.499525603459935,1.2903225806451617,9,6,15.495080652459967,1.1886525985422585,1.1886525985422574,0.0,0.7880762976478158,-1,0,0,nan,nan,nan,8.245880093032373,2.783109689148494,0.9858434325879906,0.18951241825075016,0,0,0.5042735042735043,0.5726495726495726,219337,4
13,basis_0001_0f7d13bf86cd.npz,44,"(10, 2, 1, 0, 0, 0, 0, 0, 0)",4,4,1,12,8,0,4,12,1,0,14,27,0,0,inf,5,2.5102261474091036e-50,4.945264858000869,11,0,8.031189202104505,1.3008849557522129,8,6,15.502343768547881,2.038393785644654,2.038393785644653,0.0,1.9056760796299617e-18,-1,0,0,nan,nan,nan,8.288410712300728,2.8393134006016565,0.9971093499856158,0.1905057665678914,1,0,0.5641025641025641,0.5042735042735043,219337,4
13,basis_0001_0f7d13bf86cd.npz,45,"(9, 3, 1, 0, 0, 0, 0, 0, 0)",4,4,1,13,9,0,5,13,0,1,14,27,0,0,inf,4,0.0,4.157943359414868,12,0,8.506053207949654,1.2941176470588236,9,6,14.92303688594182,1.7849318426240297,1.7849318426240295,0.0,0.6482852412046204,-1,0,0,nan,nan,nan,8.213351906941012,2.965626587104751,1.034373412895249,0.18897019034563664,0,0,0.5811965811965812,0.5470085470085471,219337,4
13,basis_0001_0f7d13bf86cd.npz,46,"(9, 3, 1, 0, 0, 0, 0, 0, 0)",4,4,1,11,7,0,4,11,2,0,14,27,0,0,inf,5,2.8695733136644827e-53,3.9490716075434444,10,0,8.103497187428813,1.333333333333333,7,6,14.933382369056329,0.9624449054698629,0.9624449054698628,0.0,0.0,-1,0,0,nan,nan,nan,8.427193643116023,2.963622373218371,1.036377626781629,0.19048737808163566,2,0,0.49572649572649574,0.5897435897435898,219337,4
13,basis_0001_0f7d13bf86cd.npz,47,"(10, 2, 1, 0, 0, 0, 0, 0, 0)",4,4,1,12,8,0,4,12,1,0,14,27,0,0,inf,5,0.0,4.143604636695757,11,0,9.087695356720081,1.1724137931034484,8,6,14.940812000201703,2.0625975963558227,2.0625975963558223,0.0,1.4326345835813675e-16,-1,0,0,nan,nan,nan,8.440610933098144,2.9630730533065153,1.0369269466934847,0.19076838454363673,0,1,0.6153846153846154,0.5470085470085471,219337,4
13,basis_0001_0f7d13bf86cd.npz,48,"(10, 2, 1, 0, 0, 0, 0, 0, 0)",4,4,1,11,7,0,4,11,2,0,14,27,0,0,inf,5,0.0,3.7661958226682395,10,0,6.928203230275509,1.0,7,6,14.920065315331616,0.6176735838958431,0.6176735838958431,0.0,3.5421513978201507e-17,-1,0,0,nan,nan,nan,8.514655795118673,2.9643831889485117,1.035616811051488,0.19165654054925663,0,2,0.5641025641025641,0.47863247863247865,219337,4
13,basis_0001_0f7d13bf86cd.npz,49,"(10, 2, 1, 0, 0, 0, 0, 0, 0)",4,4,1,12,8,0,4,12,1,0,14,27,0,0,inf,5,0.0,4.802071025333616,11,0,8.79772697916911,1.2000000000000002,8,6,15.489800343016407,0.6421237138735982,0.6421237138735973,0.0,1.386546269709358e-16,-1,0,0,nan,nan,nan,8.308732064101086,2.8210034193339606,0.9971443285726063,0.1904399041665437,0,1,0.6239316239316239,0.49572649572649574,219337,4
13,basis_0002_68c98d85d463.npz,0,"(10, 2, 1, 0, 0, 0, 0, 0, 0)",4,4,1,11,7,0,4,11,2,0,14,27,0,0,inf,5,0.0,4.983758028561617,11,0,9.06642156531451,1.2000000000000013,7,6,15.989182231287803,0.5831411956130576,0.5831411956130569,0.0,0.0,-1,0,0,nan,nan,nan,8.491637144533428,2.853666692189695,1.027670237846632,0.19499524049436104,1,1,0.5897435897435898,0.5299145299145299,207901,4
13,basis_0002_68c98d85d463.npz,1,"(10, 2, 1, 0, 0, 0, 0, 0, 0)",4,4,1,10,6,0,5,10,3,0,14,27,0,0,inf,4,0.0,7.475984226566949,10,0,8.89622712968015,1.0,6,6,15.43892177583377,1.0319029297136122,1.0319029297136117,0.0,2.6208205492069273e-33,-1,0,0,nan,nan,nan,8.234666926274553,2.6321248317539645,1.0178073585968523,0.19255191063485302,2,1,0.5470085470085471,0.6068376068376068,207901,4
13,basis_0002_68c98d85d463.npz,2,"(10, 2, 1, 0, 0, 0, 0, 0, 0)",4,4,1,13,9,0,4,13,0,1,14,27,0,0,inf,5,9.075002924452187e-50,6.595484974548814,13,0,10.36822067666386,1.3333333333333333,9,6,17.07116717043997,0.5863572560248641,0.5863572560248632,0.0,1.1606538671771864,-1,0,0,nan,nan,nan,8.383551482188507,2.7366267453267294,1.0157949445095287,0.1926457338849562,0,0,0.5641025641025641,0.5811965811965812,207901,4
13,basis_0002_68c98d85d463.npz,3,"(10, 2, 1, 0, 0, 0, 0, 0, 0)",4,4,1,11,7,0,4,11,2,0,14,27,0,0,inf,5,0.0,4.292608901422296,11,0,7.6681158050723255,1.0,7,6,15.453886028873352,0.5824529633545036,0.582452963354503,0.0,1.0331457747672273e-29,-1,0,0,nan,nan,nan,8.55634120759053,2.965351193278558,1.0416600456361564,0.19404865851947029,1,1,0.5042735042735043,0.5811965811965812,207901,4
13,basis_0002_68c98d85d463.npz,4,"(10, 2, 1, 0, 0, 0, 0, 0, 0)",4,4,1,11,7,0,4,11,2,0,14,27,0,0,inf,5,3.3850193015459757e-49,5.878294224193513,11,0,9.348796714016197,1.3500000000000003,7,6,16.542503934123204,1.1065851270567084,1.1065851270567073,0.0,1.1452849995047184e-16,-1,0,0,nan,nan,nan,8.370854522566404,2.7873211405168092,1.0185444002739483,0.19269135551780986,1,1,0.6068376068376068,0.5299145299145299,207901,4
13,basis_0002_68c98d85d463.npz,5,"(9, 2, 1, 1, 0, 0, 0, 0, 0)",4,4,1,11,7,0,5,11,2,0,14,27,0,0,inf,4,3.0385816786431356e-64,8.300208484641814,11,0,8.12403840463596,1.0,7,6,15.444782977153107,0.9186787206531117,0.9186787206531113,0.0,0.0,-1,0,0,nan,nan,nan,8.242255537395932,2.7181750080943266,1.005227389828165,0.1906816095065396,2,0,0.49572649572649574,0.6410256410256411,207901,4
13,basis_0002_68c98d85d463.npz,6,"(9, 2, 1, 1, 0, 0, 0, 0, 0)",4,4,1,12,8,0,4,12,1,0,14,27,0,0,inf,5,0.0,4.066628778597677,12,0,7.852812659593164,1.0,8,6,15.432328818153502,0.8956715518904227,0.8956715518904222,0.0,0.0,-1,0,0,nan,nan,nan,8.570862966939245,2.9645658085498496,1.041124458274597,0.194372879599567,0,1,0.5555555555555556,0.47863247863247865,207901,4
13,basis_0002_68c98d85d463.npz,7,"(9, 2, 1, 1, 0, 0, 0, 0, 0)",4,4,1,12,8,0,5,12,1,0,14,27,0,0,inf,4,1.2705790635731462e-49,6.076828130087218,12,0,7.3484692283495345,1.2000000000000017,8,6,15.453886028873349,0.5824529633545036,0.582452963354503,0.0,1.346708102888163e-17,-1,0,0,nan,nan,nan,8.2439113083292,2.700589218709943,1.044457858249676,0.19176963515904427,0,1,0.5641025641025641,0.5128205128205128,207901,4
13,basis_0002_68c98d85d463.npz,8,"(9, 2, 1, 1, 0, 0, 0, 0, 0)",4,4,1,9,5,0,4,9,4,0,14,27,0,0,inf,5,1.9302972701116906e-50,4.152885043714782,9,0,7.182153808805081,1.1666666666666676,5,6,15.442563940659486,1.1507853978208917,1.150785397820891,0.0,0.0,-1,0,0,nan,nan,nan,8.58199402194516,2.9640544604399506,1.041678078261319,0.1944208592032377,3,1,0.5042735042735043,0.6239316239316239,207901,4
13,basis_0002_68c98d85d463.npz,9,"(9, 2, 1, 1, 0, 0, 0, 0, 0)",4,4,1,13,9,0,4,13,0,1,14,27,0,0,inf,5,3.329891918183021e-36,4.269159813477022,13,0,9.175536833912018,1.0,9,6,15.453029181297163,1.1508823414763152,1.1508823414763147,0.0,0.3581099149668936,-1,0,0,nan,nan,nan,8.517349054367592,2.964167111121401,1.03973105465969,0.1934439097994422,0,0,0.5897435897435898,0.5470085470085471,207901,4
13,basis_0002_68c98d85d463.npz,10,"(8, 2, 2, 1, 0, 0, 0, 0, 0)",4,4,1,11,7,0,4,11,2,0,14,27,0,0,inf,5,0.0,4.10960789179986,11,0,6.511528238439883,1.200000000000001,7,6,15.43604114808495,1.0045860990006807,1.0045860990006805,0.0,0.0,-1,0,0,nan,nan,nan,8.557491986020072,2.965551121138775,1.0384120197882396,0.19409663768266694,1,1,0.4700854700854701,0.5555555555555556,207901,4
13,basis_0002_68c98d85d463.npz,11,"(9, 2, 1, 1, 0, 0, 0, 0, 0)",4,4,1,13,9,0,4,13,0,1,14,27,0,0,inf,5,0.0,4.169777080868131,13,0,8.962886439832502,1.0,9,6,15.444782977153107,0.9186787206531117,0.9186787206531114,0.0,1.1227483888876832,-1,0,0,nan,nan,nan,8.548940617531068,2.959612533462138,1.0524723642745641,0.1940224629795175,0,0,0.5470085470085471,0.5726495726495726,207901,4
13,basis_0002_68c98d85d463.npz,12,"(9, 2, 1, 1, 0, 0, 0, 0, 0)",4,4,1,12,8,0,5,12,1,0,14,27,0,0,inf,4,3.173539493970719e-33,7.852377494181688,12,0,8.908627075124222,1.2121212121212128,8,6,15.455071763926842,1.5902834339615413,1.5902834339615408,0.0,9.953688078298766e-19,-1,0,0,nan,nan,nan,8.224253850777886,2.6542758054400855,1.0058293018353364,0.190725480436623,1,0,0.5470085470085471,0.6068376068376068,207901,4
13,basis_0002_68c98d85d463.npz,13,"(9, 3, 1, 0, 0, 0, 0, 0, 0)",4,4,1,11,7,0,4,11,2,0,14,27,0,0,inf,5,0.0,5.543183563299402,11,0,8.82223190020159,1.3644859813084105,7,6,16.720135437571443,1.1052766593004402,1.1052766593004375,0.0,3.266657626811517e-18,-1,0,0,nan,nan,nan,8.225900267334056,2.6618919364904863,1.0195796394567442,0.18973442043768826,1,1,0.6837606837606838,0.5042735042735043,207901,4
13,basis_0002_68c98d85d463.npz,14,"(10, 2, 1, 0, 0, 0, 0, 0, 0)",4,4,1,11,7,0,4,11,2,0,14,27,0,0,inf,5,8.353964900478543e-49,5.068353971325838,11,0,9.494580497501161,1.2352941176470589,7,6,15.999450711324798,1.074396327736822,1.0743963277368214,0.0,3.856814498224067e-17,-1,0,0,nan,nan,nan,8.46097564604755,2.856860076919215,1.0272215158333635,0.19438367483298927,1,1,0.5641025641025641,0.5641025641025641,207901,4
13,basis_0002_68c98d85d463.npz,15,"(10, 2, 1, 0, 0, 0, 0, 0, 0)",4,4,1,11,7,0,4,11,2,0,14,27,0,0,inf,5,0.0,4.231460230149292,11,0,7.088723439378913,1.0,7,6,15.451445235696383,1.3203377003286416,1.320337700328641,0.0,1.142160412982837e-17,-1,0,0,nan,nan,nan,8.580299836773667,2.9575086517861884,1.0570702669742174,0.19433604179914413,1,1,0.5641025641025641,0.5299145299145299,207901,4
13,basis_0002_68c98d85d463.npz,16,"(10, 2, 1, 0, 0, 0, 0, 0, 0)",4,4,1,11,7,0,4,11,2,0,14,27,0,0,inf,5,0.0,5.158198249439414,11,0,8.262013650752303,1.3043478260869568,7,6,16.011784755494787,1.3301626820896504,1.3301626820896495,0.0,1.762283432408128e-30,-1,0,0,nan,nan,nan,8.424280680117223,2.8324893676775296,1.0293916195039796,0.19418527386725942,0,2,0.6410256410256411,0.49572649572649574,207901,4
13,basis_0002_68c98d85d463.npz,17,"(9, 2, 1, 1, 0, 0, 0, 0, 0)",4,4,1,10,6,0,4,10,3,0,14,27,0,0,inf,5,0.0,4.066628778597677,10,0,5.773502691896257,1.0,6,6,15.432328818153502,0.8956715518904228,0.8956715518904221,0.0,0.0,-1,0,0,nan,nan,nan,8.550974136663227,2.964496944849854,1.0355030551501463,0.19401186760964967,1,2,0.5299145299145299,0.48717948717948717,207901,4
13,basis_0002_68c98d85d463.npz,18,"(7, 3, 2, 1, 0, 0, 0, 0, 0)",4,4,1,12,8,0,5,12,1,0,14,27,0,0,inf,4,1.2333318665610166e-32,7.420313507787805,12,0,9.184107255849995,1.1304347826086958,8,6,15.721218898402254,0.9028541820819448,0.9028541820819441,0.0,3.8009825352996354e-16,-1,0,0,nan,nan,nan,8.203612845867209,2.769263053579968,1.005442180771604,0.19255623979130387,1,0,0.5128205128205128,0.6410256410256411,207901,4
13,basis_0002_68c98d85d463.npz,19,"(9, 2, 1, 1, 0, 0, 0, 0, 0)",4,4,1,13,9,0,4,13,0,1,14,27,0,0,inf,5,3.955175407835078e-50,5.101016966581939,13,0,8.919719923224715,1.2631578947368423,9,6,16.00317838316334,1.1886146960938762,1.188614696093875,0.0,1.10854944335601,-1,0,0,nan,nan,nan,8.330901749390035,2.805800069121464,1.0238521899953006,0.19215769314563697,0,0,0.5982905982905983,0.5042735042735043,207901,4
13,basis_0002_68c98d85d463.npz,20,"(7, 3, 2, 1, 0, 0, 0, 0, 0)",4,4,1,10,6,0,4,10,3,0,14,27,0,0,inf,5,5.0067728797380506e-48,5.260782243320731,10,0,7.944828553963874,1.443609022556391,6,6,16.023090268185808,1.851765444750352,1.851765444750351,0.0,0.0,-1,0,0,nan,nan,nan,8.347576160868655,2.8457203273361578,1.0280680144811485,0.19289721376133376,0,3,0.6239316239316239,0.5128205128205128,207901,4
13,basis_0002_68c98d85d463.npz,21,"(8, 2, 2, 1, 0, 0, 0, 0, 0)",4,4,1,13,9,0,4,13,0,1,14,27,0,0,inf,5,2.227837633379712e-48,5.141608168333119,13,0,8.047182293022997,1.0,9,6,16.008970516682382,1.1018915567220762,1.101891556722075,0.0,1.1532062491011028,-1,0,0,nan,nan,nan,8.202121392019423,2.685813100691961,1.0127240191995295,0.189204280511941,0,0,0.5299145299145299,0.5726495726495726,207901,4
13,basis_0002_68c98d85d463.npz,22,"(9, 2, 2, 0, 0, 0, 0, 0, 0)",4,4,1,13,9,0,5,13,0,1,14,27,0,0,inf,4,7.2544030768659e-33,7.348469228349535,13,0,11.084094137869043,1.2857142857142867,9,6,16.398322716958532,0.5843266034010529,0.5843266034010524,0.0,0.8806839484693872,-1,0,0,nan,nan,nan,7.970274571390644,2.472611889847241,0.9275672125206408,0.19165445691624608,0,0,0.5811965811965812,0.5641025641025641,207901,4
13,basis_0002_68c98d85d463.npz,23,"(10, 2, 1, 0, 0, 0, 0, 0, 0)",4,4,1,12,8,0,4,12,1,0,14,27,0,0,inf,5,0.0,4.983758028561617,12,0,8.79772697916911,1.2000000000000002,8,6,15.989182231287803,0.5831411956130578,0.5831411956130572,0.0,2.640934905830724e-18,-1,0,0,nan,nan,nan,8.376192197136536,2.7287149726718845,1.0181386162170505,0.1926849889076602,1,0,0.47863247863247865,0.6068376068376068,207901,4
13,basis_0002_68c98d85d463.npz,24,"(9, 2, 1, 1, 0, 0, 0, 0, 0)",4,4,1,11,7,0,5,11,2,0,14,27,0,0,inf,4,0.0,4.380059657246679,11,0,7.54983443527075,1.0,7,6,15.428675688872383,0.5802286999649177,0.5802286999649177,0.0,0.0,-1,0,0,nan,nan,nan,8.292129883324982,2.9640577101581207,1.0474244002468205,0.19262823744582988,1,1,0.5213675213675214,0.5384615384615384,207901,4
13,basis_0002_68c98d85d463.npz,25,"(10, 2, 1, 0, 0, 0, 0, 0, 0)",4,4,1,11,7,0,4,11,2,0,14,27,0,0,inf,5,1.6403253767730046e-49,4.241836260781981,11,0,7.5955452531275,1.0000000000000004,7,6,15.449398302688444,1.0488263064506034,1.048826306450603,0.0,9.262503031039422e-17,-1,0,0,nan,nan,nan,8.518813870966673,2.964859795906172,1.0457529784805102,0.19337587795048586,1,1,0.5811965811965812,0.5042735042735043,207901,4
13,basis_0002_68c98d85d463.npz,26,"(7, 3, 2, 1, 0, 0, 0, 0, 0)",4,4,1,11,7,0,4,11,2,0,14,27,0,0,inf,5,3.611463374315636e-52,6.590621805463293,11,0,8.273622555367101,1.3584905660377353,7,6,15.861460313711493,1.15008910865991,1.1500891086599092,0.0,2.951417550008785e-17,-1,0,0,nan,nan,nan,8.411214472787192,2.813890564482357,1.015182825516694,0.19266377789927833,0,2,0.6239316239316239,0.5213675213675214,207901,4
13,basis_0002_68c98d85d463.npz,27,"(10, 2, 1, 0, 0, 0, 0, 0, 0)",4,4,1,12,8,0,4,12,1,0,14,27,0,0,inf,5,0.0,4.036815905132693,12,0,8.48528137423857,1.0,8,6,15.428675688872383,0.5802286999649177,0.5802286999649177,0.0,0.0,-1,0,0,nan,nan,nan,8.592985519899683,2.9627577974439645,1.0530468383979237,0.19448498254750898,0,1,0.5128205128205128,0.5726495726495726,207901,4
13,basis_0002_68c98d85d463.npz,28,"(8, 2, 2, 1, 0, 0, 0, 0, 0)",4,4,1,11,7,0,4,11,2,0,14,27,0,0,inf,5,2.56944790205887e-34,4.329650374518382,11,0,8.62554346113913,1.0000000000000002,7,6,15.461187635567553,1.0902445992780168,1.090244599278016,0.0,1.5348380894377194e-33,-1,0,0,nan,nan,nan,8.520458112763814,2.9628836443482736,1.0420349206762909,0.19362618577315607,1,1,0.5726495726495726,0.5811965811965812,207901,4
13,basis_0002_68c98d85d463.npz,29,"(10, 2, 1, 0, 0, 0, 0, 0, 0)",4,4,1,11,7,0,4,11,2,0,14,27,0,0,inf,5,0.0,4.983758028561617,11,0,7.937253933193771,1.2000000000000008,7,6,15.989182231287803,0.5831411956130572,0.5831411956130566,0.0,0.0,-1,0,0,nan,nan,nan,8.447303096594835,2.7941580386409477,1.0202530233670373,0.1944446670177159,0,2,0.5555555555555556,0.46153846153846156,207901,4
13,basis_0002_68c98d85d463.npz,30,"(10, 2, 1, 0, 0, 0, 0, 0, 0)",4,4,1,10,6,0,4,10,3,0,14,27,0,0,inf,5,0.0,4.147374016117977,10,0,6.708203932499369,1.0,6,6,15.441145449430785,0.5821539166998386,0.5821539166998384,0.0,0.0,-1,0,0,nan,nan,nan,8.574689358408294,2.965508179603178,1.0397587452791275,0.19411253773865095,1,2,0.5213675213675214,0.5470085470085471,207901,4
13,basis_0002_68c98d85d463.npz,31,"(8, 2, 2, 1, 0, 0, 0, 0, 0)",4,4,1,12,8,0,4,12,1,0,14,27,0,0,inf,5,1.2387384368105174e-48,4.201958989033887,12,0,7.321202087089249,1.0,8,6,15.448479376844393,1.0854318054649439,1.0854318054649432,0.0,2.487974245513402e-16,-1,0,0,nan,nan,nan,8.494957209028934,2.961279040753962,1.0475134845011556,0.19273347360898954,0,1,0.5811965811965812,0.49572649572649574,207901,4
13,basis_0002_68c98d85d463.npz,32,"(10, 2, 1, 0, 0, 0, 0, 0, 0)",4,4,1,11,7,0,4,11,2,0,14,27,0,0,inf,5,0.0,4.147374016117977,11,0,7.810249675906654,1.0,7,6,15.441145449430785,0.5821539166998385,0.5821539166998384,0.0,0.0,-1,0,0,nan,nan,nan,8.58315685270097,2.9653568195377407,1.0404012804179628,0.1942868870394012,2,0,0.46153846153846156,0.6410256410256411,207901,4
13,basis_0002_68c98d85d463.npz,33,"(9, 2, 1, 1, 0, 0, 0, 0, 0)",4,4,1,11,7,0,4,11,2,0,14,27,0,0,inf,5,0.0,4.066628778597677,11,0,7.141428428542851,1.0,7,6,15.432328818153502,0.8956715518904227,0.8956715518904221,0.0,4.1005934461292464e-17,-1,0,0,nan,nan,nan,8.583786100038983,2.964769407834771,1.0401295385669065,0.19448249752452215,2,0,0.4700854700854701,0.6068376068376068,207901,4
13,basis_0002_68c98d85d463.npz,34,"(10, 2, 1, 0, 0, 0, 0, 0, 0)",4,4,1,9,5,0,4,9,4,0,14,27,0,0,inf,5,0.0,4.371974460223557,9,0,6.157035886617107,1.0303030303030303,5,6,15.464240238548458,1.359184887277935,1.3591848872779344,0.0,0.0,-1,0,0,nan,nan,nan,8.528625991207752,2.9653593239519154,1.0434386456990197,0.19345693530390995,0,4,0.6752136752136753,0.4188034188034188,207901,4
13,basis_0002_68c98d85d463.npz,35,"(9, 2, 1, 1, 0, 0, 0, 0, 0)",4,4,1,12,8,0,5,12,1,0,14,27,0,0,inf,4,0.0,5.256235570025112,12,0,7.54983443527075,1.0,8,6,15.428675688872383,0.5802286999649177,0.5802286999649177,0.0,4.315930813580973e-16,-1,0,0,nan,nan,nan,8.229559522188515,2.965123781960607,1.0369102613555783,0.19154694167507158,1,0,0.5384615384615384,0.48717948717948717,207901,4
13,basis_0002_68c98d85d463.npz,36,"(7, 3, 1, 1, 1, 0, 0, 0, 0)",4,4,1,12,8,0,5,12,1,0,14,27,0,0,inf,4,4.375420489879585e-17,8.502697494365707,12,0,9.659839543180828,1.416666666666667,8,6,16.420822601425808,1.21800223659478,1.2180022365947791,0.0,2.830334665637451e-16,-1,0,0,nan,nan,nan,7.980985648829158,2.6226660331790392,0.9937508662560334,0.18769738470872277,0,1,0.7521367521367521,0.5042735042735043,207901,4
13,basis_0002_68c98d85d463.npz,37,"(7, 5, 1, 0, 0, 0, 0, 0, 0)",4,4,1,13,9,0,6,13,0,1,14,27,0,0,inf,3,6.027186635496882e-17,7.788478718030028,13,0,9.968437585658029,1.3109243697478992,9,6,15.742872396852317,1.626524317086747,1.626524317086746,0.0,0.9727421093602078,-1,0,0,nan,nan,nan,7.9494898131127725,2.692443600486397,0.9930666076264995,0.19032211116535624,0,0,0.6410256410256411,0.5726495726495726,207901,4
13,basis_0002_68c98d85d463.npz,38,"(10, 2, 1, 0, 0, 0, 0, 0, 0)",4,4,1,10,6,0,4,10,3,0,14,27,0,0,inf,5,1.9254931590748284e-48,5.0683539713258385,10,0,7.441932070448942,1.2352941176470589,6,6,15.999450711324798,1.0743963277368216,1.074396327736821,0.0,4.81480276897448e-35,-1,0,0,nan,nan,nan,8.443852017514418,2.814043369634994,1.0204790850987309,0.1939568921564628,2,1,0.5213675213675214,0.5811965811965812,207901,4
13,basis_0002_68c98d85d463.npz,39,"(10, 2, 1, 0, 0, 0, 0, 0, 0)",4,4,1,12,8,0,4,12,1,0,14,27,0,0,inf,5,1.0687391577408865e-50,5.0683539713258385,12,0,8.502594759663594,1.2352941176470593,8,6,15.999450711324798,1.0743963277368216,1.074396327736821,0.0,8.242925407386802e-17,-1,0,0,nan,nan,nan,8.413442120339324,2.749031359262308,1.032607721016997,0.19441202046425057,0,1,0.5726495726495726,0.5299145299145299,207901,4
13,basis_0002_68c98d85d463.npz,40,"(10, 2, 1, 0, 0, 0, 0, 0, 0)",4,4,1,11,7,0,4,11,2,0,14,27,0,0,inf,5,0.0,4.379552620966299,11,0,8.224354077980836,1.0,7,6,15.853807466052524,1.1074335755160327,1.1074335755160323,0.0,0.0,-1,0,0,nan,nan,nan,8.490011401076993,2.8547715793359125,0.9972263493399331,0.19486236865665554,2,0,0.5384615384615384,0.6153846153846154,207901,4
13,basis_0002_68c98d85d463.npz,41,"(10, 2, 1, 0, 0, 0, 0, 0, 0)",4,4,1,9,5,0,4,9,4,0,14,27,0,0,inf,5,0.0,4.036815905132693,9,0,7.0710678118654755,1.0,5,6,15.428675688872383,0.5802286999649177,0.5802286999649177,0.0,0.0,-1,0,0,nan,nan,nan,8.600759371584196,2.9642638544913646,1.0428750446033281,0.19463084873748362,4,0,0.4358974358974359,0.6410256410256411,207901,4
13,basis_0002_68c98d85d463.npz,42,"(10, 2, 1, 0, 0, 0, 0, 0, 0)",4,4,1,12,8,0,4,12,1,0,14,27,0,0,inf,5,0.0,4.983758028561617,12,0,8.461678320522472,1.2,8,6,15.989182231287803,0.5831411956130572,0.5831411956130566,0.0,2.865041185395813e-17,-1,0,0,nan,nan,nan,8.372714597059666,2.7367674700321833,1.0236156190612815,0.1930495942576527,1,0,0.5299145299145299,0.5299145299145299,207901,4
13,basis_0002_68c98d85d463.npz,43,"(10, 2, 1, 0, 0, 0, 0, 0, 0)",4,4,1,11,7,0,4,11,2,0,14,27,0,0,inf,5,1.1921636739417476e-51,5.068353971325838,11,0,8.199713050933374,1.235294117647059,7,6,15.999450711324798,1.0743963277368216,1.0743963277368211,0.0,7.227467619591248e-18,-1,0,0,nan,nan,nan,8.43636831537503,2.8088060407031823,1.0234030887832861,0.1941136066071749,1,1,0.5982905982905983,0.5384615384615384,207901,4
13,basis_0002_68c98d85d463.npz,44,"(10, 2, 1, 0, 0, 0, 0, 0, 0)",4,4,1,11,7,0,4,11,2,0,14,27,0,0,inf,5,0.0,4.537464577052114,11,0,7.519828860217267,1.0,7,6,15.861463011561463,1.329558140989463,1.3295581409894623,0.0,0.0,-1,0,0,nan,nan,nan,8.382270703231642,2.839862685084429,0.9959994818648576,0.19280032986101756,0,2,0.6410256410256411,0.47863247863247865,207901,4
13,basis_0002_68c98d85d463.npz,45,"(10, 2, 1, 0, 0, 0, 0, 0, 0)",4,4,1,12,8,0,4,12,1,0,14,27,0,0,inf,5,0.0,4.588014344040445,12,0,7.764387566686396,1.0,8,6,15.43892177583377,1.031902929713612,1.0319029297136115,0.0,9.874517224159357e-17,-1,0,0,nan,nan,nan,8.405856746993829,2.9632634520718484,1.0367365479281518,0.1916361035807267,0,1,0.5897435897435898,0.48717948717948717,207901,4
13,basis_0002_68c98d85d463.npz,46,"(8, 2, 2, 1, 0, 0, 0, 0, 0)",4,4,1,13,9,0,4,13,0,1,14,27,0,0,inf,5,1.3284041446870737e-48,6.2606598968498055,13,0,9.64947801881029,1.2603550295857986,9,6,15.754579149352667,1.6584224971306696,1.658422497130669,0.0,1.021406340229689,-1,0,0,nan,nan,nan,8.294478026796794,2.7995026783584867,1.031203680243215,0.19073183882238862,0,0,0.6153846153846154,0.5811965811965812,207901,4
13,basis_0002_68c98d85d463.npz,47,"(10, 2, 1, 0, 0, 0, 0, 0, 0)",4,4,1,9,5,0,4,9,4,0,14,27,0,0,inf,5,0.0,4.231460230149292,9,0,6.730527468185536,1.0,5,6,15.451445235696383,1.3203377003286414,1.320337700328641,0.0,0.0,-1,0,0,nan,nan,nan,8.547910513840836,2.965661854636163,1.043305655302659,0.19386008879127403,2,2,0.5299145299145299,0.5555555555555556,207901,4
13,basis_0002_68c98d85d463.npz,48,"(9, 2, 1, 1, 0, 0, 0, 0, 0)",4,4,1,13,9,0,4,13,0,1,14,27,0,0,inf,5,0.0,4.483123520847258,13,0,8.654753717163874,1.0000000000000002,9,6,15.470510008646412,0.9214537662447391,0.9214537662447384,0.0,1.0993506054155966,-1,0,0,nan,nan,nan,8.462403451978592,2.9623671659307647,1.0376328340692351,0.19230507435946823,0,0,0.5299145299145299,0.5897435897435898,207901,4
13,basis_0002_68c98d85d463.npz,49,"(8, 2, 1, 1, 1, 0, 0, 0, 0)",4,4,1,13,9,0,5,13,0,1,14,27,0,0,inf,4,1.3240863218057216e-17,5.1115184152386055,13,0,9.006220072816344,1.0000000000000002,9,6,15.801680533657304,1.6396713805908094,1.6396713805908087,0.0,0.8463741402658113,-1,0,0,nan,nan,nan,8.053826525502016,2.866303495105311,0.9906933638448872,0.19095543488917882,0,0,0.5213675213675214,0.6410256410256411,207901,4
13,basis_0003_f9fb8639dd23.npz,0,"(9, 2, 1, 1, 0, 0, 0, 0, 0)",4,4,1,11,7,0,4,11,2,0,14,27,0,0,inf,5,0.0,4.193364950346119,11,0,7.164728420068226,1.0,7,6,15.229405645292854,1.6268179676247838,1.6268179676247831,0.0,1.6114538749260012e-29,-1,0,0,nan,nan,nan,8.428820816738083,2.9646875946222244,1.0353124053777756,0.193157887140701,0,2,0.6153846153846154,0.47863247863247865,206965,4
13,basis_0003_f9fb8639dd23.npz,1,"(10, 1, 1, 1, 0, 0, 0, 0, 0)",4,4,1,9,5,0,4,9,4,0,14,27,0,0,inf,5,0.0,3.8449753841714402,9,0,6.164414002968976,1.0,5,6,15.227473853181362,0.5216707704598393,0.5216707704598393,0.0,0.0,-1,0,0,nan,nan,nan,8.60741192639612,2.9648840914603847,1.0351159085396155,0.19443276135284163,3,1,0.46153846153846156,0.5555555555555556,206965,4
13,basis_0003_f9fb8639dd23.npz,2,"(7, 3, 2, 1, 0, 0, 0, 0, 0)",4,4,1,13,9,0,4,13,0,1,14,27,0,0,inf,5,1.7969748743273595e-48,7.504177396897511,13,0,10.856758186136243,1.4135021097046414,9,6,16.154365939097772,1.9218774642329453,1.9218774642329444,0.0,0.6477245512265702,-1,0,0,nan,nan,nan,8.182766372769866,2.6829332434251563,0.9508925681620684,0.18845614835148142,0,0,0.6410256410256411,0.5641025641025641,206965,4
13,basis_0003_f9fb8639dd23.npz,3,"(8, 3, 1, 1, 0, 0, 0, 0, 0)",4,4,1,9,5,0,4,9,4,0,14,27,0,0,inf,5,6.62089019544714e-97,3.851153629162472,9,0,5.882176467941097,1.0,5,6,15.22768377870727,0.6609780755155906,0.6609780755155904,0.0,0.0,-1,0,0,nan,nan,nan,8.552427136904617,2.964719819193981,1.0352801808060188,0.19374043924827675,1,3,0.5726495726495726,0.5213675213675214,206965,4
13,basis_0003_f9fb8639dd23.npz,4,"(10, 1, 1, 1, 0, 0, 0, 0, 0)",4,4,1,10,6,0,4,10,3,0,14,27,0,0,inf,5,0.0,4.91664506126388,10,0,7.230886134196437,1.285714285714286,6,6,15.804211454065975,0.6048118022185687,0.604811802218568,0.0,8.95793813699448e-33,-1,0,0,nan,nan,nan,8.383628912997478,2.781300553024625,0.9772221646083314,0.192795762027726,0,3,0.5555555555555556,0.5213675213675214,206965,4
13,basis_0003_f9fb8639dd23.npz,5,"(9, 1, 1, 1, 1, 0, 0, 0, 0)",4,4,1,11,7,0,5,11,2,0,14,27,0,0,inf,4,1.3760389424357035e-49,4.752078626278691,11,0,7.27149636598582,1.0,7,6,15.548053504266326,2.129458390568825,2.1294583905688245,0.0,4.675423341766836e-17,-1,0,0,nan,nan,nan,8.408691076472799,2.7885366715517184,1.0172149858351625,0.19393084250385006,0,2,0.6410256410256411,0.5384615384615384,206965,4
13,basis_0003_f9fb8639dd23.npz,6,"(9, 2, 1, 1, 0, 0, 0, 0, 0)",4,4,1,11,7,0,4,11,2,0,14,27,0,0,inf,5,1.0939784404498424e-51,4.916925387396999,11,0,8.287971777852295,1.428571428571428,7,6,15.804312267600874,0.8367867285488972,0.8367867285488966,0.0,1.1995535119702491e-16,-1,0,0,nan,nan,nan,8.34866247207899,2.8049985904036836,0.990485478031139,0.1923371482543821,1,1,0.5384615384615384,0.6068376068376068,206965,4
13,basis_0003_f9fb8639dd23.npz,7,"(10, 1, 1, 1, 0, 0, 0, 0, 0)",4,4,1,11,7,0,5,11,2,0,14,27,0,0,inf,4,5.409295445511019e-49,8.481147633589584,11,0,9.490688633166052,1.0,7,6,15.865039847450225,1.3194883766975902,1.31948837669759,0.0,7.608065269456898e-17,-1,0,0,nan,nan,nan,8.23259141768415,2.6093221728937905,0.95727757359101,0.19225083492953784,1,1,0.5982905982905983,0.6068376068376068,206965,4
13,basis_0003_f9fb8639dd23.npz,8,"(10, 1, 1, 1, 0, 0, 0, 0, 0)",4,4,1,12,8,0,4,12,1,0,14,27,0,0,inf,5,0.0,4.838269301092714,12,0,8.497058314499201,1.2000000000000004,8,6,15.79368308859134,0.5270096572463512,0.5270096572463507,0.0,1.2100256601248577e-16,-1,0,0,nan,nan,nan,8.375791873201495,2.8028828875048717,0.9906390252118052,0.1924417391431682,1,0,0.46153846153846156,0.6068376068376068,206965,4
13,basis_0003_f9fb8639dd23.npz,9,"(9, 2, 1, 1, 0, 0, 0, 0, 0)",4,4,1,13,9,0,5,13,0,1,14,27,0,0,inf,4,4.1509567350351427e-35,5.022048154713993,13,0,9.354828727070341,1.3846153846153846,9,6,15.823792399351337,0.9995080373508181,0.9995080373508174,0.0,0.8852413489744765,-1,0,0,nan,nan,nan,8.137658940496603,2.774471367147689,0.9825010926127384,0.19258972464426008,0,0,0.5299145299145299,0.6410256410256411,206965,4
13,basis_0003_f9fb8639dd23.npz,10,"(10, 1, 1, 1, 0, 0, 0, 0, 0)",4,4,1,11,7,0,4,11,2,0,14,27,0,0,inf,5,0.0,3.8836532453732544,11,0,7.04530791636275,1.0,7,6,15.229302710525978,1.4195457097280302,1.41954570972803,0.0,0.0,-1,0,0,nan,nan,nan,8.553709054961093,2.965035844646177,1.0349641553538231,0.19349612531537103,0,2,0.6581196581196581,0.41025641025641024,206965,4
13,basis_0003_f9fb8639dd23.npz,11,"(10, 1, 1, 1, 0, 0, 0, 0, 0)",4,4,1,11,7,0,4,11,2,0,14,27,0,0,inf,5,0.0,3.8449753841714402,11,0,9.219544457292887,1.0,7,6,15.227473853181362,0.5216707704598393,0.5216707704598393,0.0,0.0,-1,0,0,nan,nan,nan,8.571949521854853,2.9592211965352564,1.0407788034647436,0.19391051087211555,0,2,0.5470085470085471,0.5641025641025641,206965,4
13,basis_0003_f9fb8639dd23.npz,12,"(9, 2, 1, 1, 0, 0, 0, 0, 0)",4,4,1,11,7,0,4,11,2,0,14,27,0,0,inf,5,0.0,6.832515861952538,11,0,9.9498743710662,1.3076923076923088,7,6,16.59093497105618,0.5705724108043844,0.5705724108043837,0.0,3.0654562024587467e-17,-1,0,0,nan,nan,nan,8.30245995128639,2.6348538173322984,0.9428076019984198,0.1909076386558924,0,2,0.6752136752136753,0.48717948717948717,206965,4
13,basis_0003_f9fb8639dd23.npz,13,"(10, 1, 1, 1, 0, 0, 0, 0, 0)",4,4,1,12,8,0,4,12,1,0,14,27,0,0,inf,5,0.0,3.924415358031047,12,0,8.774964387392123,1.0,8,6,15.237994878981976,0.6048100977215483,0.6048100977215477,0.0,1.5489589097921478e-16,-1,0,0,nan,nan,nan,8.582852004597836,2.9649994660260077,1.0350005339739923,0.19409934325215797,0,1,0.5213675213675214,0.5897435897435898,206965,4
13,basis_0003_f9fb8639dd23.npz,14,"(9, 2, 1, 1, 0, 0, 0, 0, 0)",4,4,1,13,9,0,6,13,0,1,14,27,0,0,inf,3,0.0,6.650047563324221,13,0,8.28808226867396,1.0,9,6,15.613824319277946,1.3925223987077053,1.392522398707705,0.0,0.9434069401273972,-1,0,0,nan,nan,nan,8.161006455472279,2.8908344274988553,0.9849357637582791,0.19208538242991413,0,0,0.5641025641025641,0.5641025641025641,206965,4
13,basis_0003_f9fb8639dd23.npz,15,"(10, 1, 1, 1, 0, 0, 0, 0, 0)",4,4,1,11,7,0,5,11,2,0,14,27,0,0,inf,4,0.0,6.184843586346587,11,0,8.54400374531753,1.0,7,6,15.227473853181362,0.5216707704598393,0.5216707704598393,0.0,1.348025832073254e-31,-1,0,0,nan,nan,nan,8.298852712091909,2.9632508071373174,1.0367491928626829,0.191272796042032,2,0,0.48717948717948717,0.5811965811965812,206965,4
13,basis_0003_f9fb8639dd23.npz,16,"(9, 2, 1, 1, 0, 0, 0, 0, 0)",4,4,1,12,8,0,4,12,1,0,14,27,0,0,inf,5,0.0,3.884884954774245,12,0,7.155999813676167,1.0,8,6,15.229405645292854,1.6268179676247836,1.6268179676247831,0.0,6.080202579790613e-17,-1,0,0,nan,nan,nan,8.488377135639588,2.963509218005611,1.036490781994389,0.19282196051324643,0,1,0.5384615384615384,0.49572649572649574,206965,4
13,basis_0003_f9fb8639dd23.npz,17,"(9, 2, 1, 1, 0, 0, 0, 0, 0)",4,4,1,11,7,0,4,11,2,0,14,27,0,0,inf,5,1.0133491915926071e-49,4.916925387396999,11,0,7.46260518790028,1.285714285714286,7,6,15.804312267600874,0.8367867285488975,0.8367867285488968,0.0,3.1572673304789955e-17,-1,0,0,nan,nan,nan,8.313902472405605,2.7538372050405484,0.9900331548576238,0.19179025997758178,1,1,0.5555555555555556,0.5299145299145299,206965,4
13,basis_0003_f9fb8639dd23.npz,18,"(7, 2, 2, 1, 1, 0, 0, 0, 0)",4,4,1,10,6,0,5,10,3,0,14,27,0,0,inf,4,0.0,7.398005684589774,10,0,9.124739424510562,1.1304347826086971,6,6,15.817286428165094,0.6370014172983786,0.6370014172983769,0.0,4.5778783370652795e-33,-1,0,0,nan,nan,nan,8.175718425073963,2.8735208093521254,1.0117357741955586,0.18983462593729628,2,1,0.5726495726495726,0.5811965811965812,206965,4
13,basis_0003_f9fb8639dd23.npz,19,"(8, 2, 1, 1, 1, 0, 0, 0, 0)",4,4,1,8,4,0,5,8,5,0,14,27,0,0,inf,4,0.0,5.360620793802015,8,0,6.321260422837627,1.0,4,6,15.229405645292854,1.6268179676247836,1.6268179676247831,0.0,0.0,-1,0,0,nan,nan,nan,8.107621129212108,2.603521123225624,1.011158604784241,0.1896899954427329,3,2,0.5128205128205128,0.5897435897435898,206965,4
13,basis_0003_f9fb8639dd23.npz,20,"(9, 2, 1, 1, 0, 0, 0, 0, 0)",4,4,1,12,8,0,4,12,1,0,14,27,0,0,inf,5,0.0,4.838601192819465,12,0,8.888194417315589,1.200000000000001,8,6,15.793767944958375,0.6442763683119914,0.6442763683119904,0.0,6.234373782431951e-17,-1,0,0,nan,nan,nan,8.404085642530902,2.771407463916562,0.9900657539394738,0.19374925146277044,0,1,0.5213675213675214,0.5555555555555556,206965,4
13,basis_0003_f9fb8639dd23.npz,21,"(9, 2, 1, 1, 0, 0, 0, 0, 0)",4,4,1,12,8,0,4,12,1,0,14,27,0,0,inf,5,0.0,3.8458013916074854,12,0,7.958224257542215,1.0,8,6,15.227576935322071,0.632645105170532,0.6326451051705312,0.0,0.0,-1,0,0,nan,nan,nan,8.564552082699572,2.9619831500735345,1.0380168499264653,0.19392957944944442,0,1,0.5299145299145299,0.5384615384615384,206965,4
13,basis_0003_f9fb8639dd23.npz,22,"(9, 1, 1, 1, 1, 0, 0, 0, 0)",4,4,1,12,8,0,4,12,1,0,14,27,0,0,inf,5,3.230027576700505e-49,5.708779034251041,12,0,9.076916379415648,1.1095890410958922,8,6,15.505875711269805,1.8773414943296973,1.8773414943296967,0.0,1.0957066175719733e-16,-1,0,0,nan,nan,nan,8.365317114149398,2.786311681610705,1.014066650153414,0.19215324921647045,0,1,0.6153846153846154,0.5470085470085471,206965,4
13,basis_0003_f9fb8639dd23.npz,23,"(9, 2, 1, 1, 0, 0, 0, 0, 0)",4,4,1,11,7,0,5,11,2,0,14,27,0,0,inf,4,6.2120144893908974e-18,5.242817437564404,11,0,8.47623215986366,1.2069767441860468,7,6,15.944580151679553,1.8734380838855305,1.8734380838855296,0.0,2.700857268459853e-30,-1,0,0,nan,nan,nan,8.164402473439344,2.6602501825721268,0.9702358375162432,0.19078344959394855,0,2,0.6239316239316239,0.5470085470085471,206965,4
13,basis_0003_f9fb8639dd23.npz,24,"(9, 2, 1, 1, 0, 0, 0, 0, 0)",4,4,1,11,7,0,4,11,2,0,14,27,0,0,inf,5,2.3186241718681903e-49,5.8364309514131145,11,0,9.739557195220652,1.461538461538462,7,6,16.363382350000226,0.8977924511796173,0.8977924511796163,0.0,6.88473715698581e-17,-1,0,0,nan,nan,nan,8.28807098949556,2.7618914427835266,0.9810359422153573,0.1905747154471277,1,1,0.5641025641025641,0.5982905982905983,206965,4
13,basis_0003_f9fb8639dd23.npz,25,"(9, 2, 1, 1, 0, 0, 0, 0, 0)",4,4,1,13,9,0,5,13,0,1,14,27,0,0,inf,4,0.0,6.89602809206785,13,0,9.754120008635178,1.2857142857142858,9,6,15.806038729121404,1.847502394176255,1.8475023941762543,0.0,0.8660233095186266,-1,0,0,nan,nan,nan,8.140058296382213,2.619748614488533,0.9851779421037181,0.19084140361545796,0,0,0.5042735042735043,0.6923076923076923,206965,4
13,basis_0003_f9fb8639dd23.npz,26,"(10, 1, 1, 1, 0, 0, 0, 0, 0)",4,4,1,10,6,0,4,10,3,0,14,27,0,0,inf,5,3.3212871890456853e-49,6.041559063611335,10,0,8.551315688243536,1.3749999999999996,6,6,16.35424718812892,1.6191167708589302,1.6191167708589294,0.0,0.0,-1,0,0,nan,nan,nan,8.178508051531463,2.6777656403730457,0.9655658554351914,0.19017617109078008,3,0,0.46153846153846156,0.7264957264957265,206965,4
13,basis_0003_f9fb8639dd23.npz,27,"(10, 1, 1, 1, 0, 0, 0, 0, 0)",4,4,1,8,4,0,4,8,5,0,14,27,0,0,inf,5,2.524169923911332e-52,4.889717725734424,8,0,5.658570267808659,1.300970873786408,4,6,15.797260585949674,1.490263400252057,1.4902634002520563,0.0,0.0,-1,0,0,nan,nan,nan,8.366913416262141,2.765856140770745,0.9816751346435875,0.1926203037286243,4,1,0.5384615384615384,0.6068376068376068,206965,4
13,basis_0003_f9fb8639dd23.npz,28,"(10, 1, 1, 1, 0, 0, 0, 0, 0)",4,4,1,11,7,0,4,11,2,0,14,27,0,0,inf,5,0.0,3.8449753841714402,11,0,8.306623862918075,1.0,7,6,15.227473853181362,0.5216707704598393,0.5216707704598393,0.0,3.8525255802820115e-18,-1,0,0,nan,nan,nan,8.606336043187369,2.9628907292909052,1.037109270709095,0.1942797442229304,2,0,0.5042735042735043,0.5555555555555556,206965,4
13,basis_0003_f9fb8639dd23.npz,29,"(9, 2, 1, 1, 0, 0, 0, 0, 0)",4,4,1,10,6,0,5,10,3,0,14,27,0,0,inf,4,0.0,4.966064858183257,10,0,6.46970964241386,1.2857142857142858,6,6,15.804211454065975,0.6048118022185677,0.604811802218567,0.0,8.871945412389893e-30,-1,0,0,nan,nan,nan,8.24096407592158,2.6934399858585265,0.9759002523940616,0.19341492799253984,3,0,0.42735042735042733,0.5470085470085471,206965,4
13,basis_0003_f9fb8639dd23.npz,30,"(9, 2, 1, 1, 0, 0, 0, 0, 0)",4,4,1,10,6,0,4,10,3,0,14,27,0,0,inf,5,1.4441172801386077e-51,4.500467614930124,10,0,7.361542480506899,1.0,6,6,15.976101612853725,0.618794789878482,0.6187947898784812,0.0,3.4135854262836742e-18,-1,0,0,nan,nan,nan,8.450683892589515,2.812625442568998,0.9960255437630383,0.19440308601627712,1,2,0.5299145299145299,0.5299145299145299,206965,4
13,basis_0003_f9fb8639dd23.npz,31,"(10, 1, 1, 1, 0, 0, 0, 0, 0)",4,4,1,9,5,0,4,9,4,0,14,27,0,0,inf,5,0.0,4.91664506126388,9,0,7.959720023791217,1.2857142857142863,5,6,15.804211454065975,0.6048118022185677,0.604811802218567,0.0,1.2495403614832077e-32,-1,0,0,nan,nan,nan,8.443549329689494,2.812560125665603,0.9900847617144276,0.19420606715739655,3,1,0.5042735042735043,0.6239316239316239,206965,4
13,basis_0003_f9fb8639dd23.npz,32,"(10, 1, 1, 1, 0, 0, 0, 0, 0)",4,4,1,11,7,0,4,11,2,0,14,27,0,0,inf,5,0.0,4.0426334279700145,11,0,8.037412518964047,1.0000000000000009,7,6,15.248758863558537,0.6237022602049798,0.6237022602049795,0.0,0.0,-1,0,0,nan,nan,nan,8.526494472826542,2.9630773207472076,1.0369226792527924,0.19314965742590395,2,0,0.48717948717948717,0.5641025641025641,206965,4
13,basis_0003_f9fb8639dd23.npz,33,"(7, 3, 2, 1, 0, 0, 0, 0, 0)",4,4,1,11,7,0,5,11,2,0,14,27,0,0,inf,4,3.7025059321939054e-34,7.784811087748452,11,0,8.449852069711044,1.0000000000000007,7,6,15.249049979544077,1.001929848316696,1.0019298483166952,0.0,1.0783008272461991e-30,-1,0,0,nan,nan,nan,8.160501236726722,2.6209583096103444,1.0141266080437927,0.190295579968591,1,1,0.5555555555555556,0.5726495726495726,206965,4
13,basis_0003_f9fb8639dd23.npz,34,"(10, 1, 1, 1, 0, 0, 0, 0, 0)",4,4,1,9,5,0,4,9,4,0,14,27,0,0,inf,5,0.0,3.8449753841714402,9,0,5.656854249492381,1.0,5,6,15.227473853181362,0.5216707704598393,0.5216707704598393,0.0,0.0,-1,0,0,nan,nan,nan,8.606686833385856,2.9648443933209836,1.0351556066790164,0.19444011755143945,1,3,0.5213675213675214,0.46153846153846156,206965,4
13,basis_0003_f9fb8639dd23.npz,35,"(10, 1, 1, 1, 0, 0, 0, 0, 0)",4,4,1,11,7,0,4,11,2,0,14,27,0,0,inf,5,0.0,3.8449753841714402,11,0,6.082762530298219,1.0,7,6,15.227473853181362,0.5216707704598393,0.5216707704598393,0.0,0.0,-1,0,0,nan,nan,nan,8.610366595703928,2.9647687693891855,1.0352312306108147,0.19445224602553976,1,1,0.5555555555555556,0.4444444444444444,206965,4
13,basis_0003_f9fb8639dd23.npz,36,"(10, 1, 1, 1, 0, 0, 0, 0, 0)",4,4,1,12,8,0,5,12,1,0,14,27,0,0,inf,4,3.061403861126207e-33,8.33770893722671,12,0,10.22228671242731,1.242718446601942,8,6,15.797260585949674,1.4902634002520567,1.4902634002520563,0.0,5.965476823681211e-16,-1,0,0,nan,nan,nan,8.26479394883151,2.804204967559237,0.9901462423184512,0.19260182736368534,1,0,0.5811965811965812,0.5982905982905983,206965,4
13,basis_0003_f9fb8639dd23.npz,37,"(9, 2, 1, 1, 0, 0, 0, 0, 0)",4,4,1,12,8,0,4,12,1,0,14,27,0,0,inf,5,0.0,6.3987188901074346,12,0,8.905054744357274,1.3333333333333328,8,6,16.077984054537048,0.6321307710084743,0.6321307710084737,0.0,9.291233205387877e-17,-1,0,0,nan,nan,nan,8.30455870416134,2.619430696895532,0.9578209256103507,0.1910033364383313,0,1,0.5982905982905983,0.5470085470085471,206965,4
13,basis_0003_f9fb8639dd23.npz,38,"(8, 2, 2, 1, 0, 0, 0, 0, 0)",4,4,1,12,8,0,4,12,1,0,14,27,0,0,inf,5,1.1481203532044362e-49,4.512639890473903,12,0,7.950971558114689,1.2307692307692302,8,6,15.976379960068794,0.879670961127252,0.8796709611272504,0.0,2.1040700520053224e-16,-1,0,0,nan,nan,nan,8.339244523252535,2.786040129829174,1.0055424412566767,0.1925924502052728,1,0,0.49572649572649574,0.5897435897435898,206965,4
13,basis_0003_f9fb8639dd23.npz,39,"(9, 2, 1, 1, 0, 0, 0, 0, 0)",4,4,1,10,6,0,4,10,3,0,14,27,0,0,inf,5,7.100351160964956e-51,3.9515018291859842,10,0,7.689820110596433,1.0666666666666669,6,6,15.239900980997305,1.8469916500307337,1.8469916500307335,0.0,0.0,-1,0,0,nan,nan,nan,8.524144461818478,2.9619585013975938,1.0380414986024062,0.19343041353301846,2,1,0.5384615384615384,0.5982905982905983,206965,4
13,basis_0003_f9fb8639dd23.npz,40,"(9, 2, 1, 1, 0, 0, 0, 0, 0)",4,4,1,11,7,0,4,11,2,0,14,27,0,0,inf,5,0.0,5.455794153316384,11,0,8.673074554171793,1.0,7,6,15.502617793641505,1.681192895019672,1.6811928950196715,0.0,0.0,-1,0,0,nan,nan,nan,8.354956363891457,2.648613356086205,0.9827987017529972,0.1924634309033839,1,1,0.5897435897435898,0.5641025641025641,206965,4
13,basis_0003_f9fb8639dd23.npz,41,"(8, 3, 1, 1, 0, 0, 0, 0, 0)",4,4,1,12,8,0,4,12,1,0,14,27,0,0,inf,5,9.005580928453693e-65,3.851153629162472,12,0,7.848566748139433,1.0,8,6,15.22768377870727,0.6609780755155902,0.6609780755155901,0.0,3.49644358495725e-16,-1,0,0,nan,nan,nan,8.508043261938917,2.962492477224852,1.037507522775148,0.19300815161551205,0,1,0.5042735042735043,0.5470085470085471,206965,4
13,basis_0003_f9fb8639dd23.npz,42,"(10, 1, 1, 1, 0, 0, 0, 0, 0)",4,4,1,11,7,0,4,11,2,0,14,27,0,0,inf,5,4.9468467849024577e-51,7.1023912156779945,11,0,10.116313845726749,1.2621359223300974,7,6,15.797260585949674,1.4902634002520572,1.4902634002520565,0.0,1.7795564227389843e-32,-1,0,0,nan,nan,nan,8.34842735745498,2.825651409410261,1.017617094398677,0.1906418922495715,1,1,0.5641025641025641,0.5982905982905983,206965,4
13,basis_0003_f9fb8639dd23.npz,43,"(10, 1, 1, 1, 0, 0, 0, 0, 0)",4,4,1,12,8,0,4,12,1,0,14,27,0,0,inf,5,0.0,4.860569460322497,12,0,8.553751613570894,1.0,8,6,15.795450516328012,1.473813849424937,1.4738138494249367,0.0,1.9485347956442312e-16,-1,0,0,nan,nan,nan,8.337229689582346,2.709549049174197,0.9772191024564071,0.1920973179518653,1,0,0.5555555555555556,0.5641025641025641,206965,4
13,basis_0003_f9fb8639dd23.npz,44,"(10, 1, 1, 1, 0, 0, 0, 0, 0)",4,4,1,10,6,0,4,10,3,0,14,27,0,0,inf,5,6.471238834462275e-49,5.714635845878649,10,0,9.014105521939253,1.344262295081967,6,6,16.345532558318084,1.537393592101038,1.5373935921010367,0.0,2.4352998034039598e-32,-1,0,0,nan,nan,nan,8.352522260603424,2.7225418375222143,0.9736934943934787,0.19215665617489458,3,0,0.48717948717948717,0.6837606837606838,206965,4
13,basis_0003_f9fb8639dd23.npz,45,"(7, 3, 2, 1, 0, 0, 0, 0, 0)",4,4,1,13,9,0,4,13,0,1,14,27,0,0,inf,5,4.2168791772922093e-81,4.531808225742774,13,0,8.631937489786763,1.2000000000000002,9,6,15.543438358991155,1.102466641517338,1.1024666415173374,0.0,0.9593755505537367,-1,0,0,nan,nan,nan,8.37859019042094,2.804442781888519,1.0096008422951455,0.19316044242220154,0,0,0.5042735042735043,0.6752136752136753,206965,4
13,basis_0003_f9fb8639dd23.npz,46,"(9, 2, 1, 1, 0, 0, 0, 0, 0)",4,4,1,9,5,0,5,9,4,0,14,27,0,0,inf,4,0.0,7.968784246311152,9,0,7.549834435270749,1.0,5,6,15.238116878522161,0.8367867191146863,0.8367867191146859,0.0,0.0,-1,0,0,nan,nan,nan,8.150145088392964,2.963797858836607,1.0362021411633928,0.1870937239614807,3,1,0.5042735042735043,0.6581196581196581,206965,4
13,basis_0003_f9fb8639dd23.npz,47,"(10, 1, 1, 1, 0, 0, 0, 0, 0)",4,4,1,10,6,0,4,10,3,0,14,27,0,0,inf,5,0.0,5.560957762131105,10,0,6.152356064835232,1.0,6,6,15.457380435839095,1.0620928330005583,1.0620928330005581,0.0,9.472056570950234e-30,-1,0,0,nan,nan,nan,8.399606869163877,2.667050553675178,0.9598607915373991,0.1936379812059084,1,2,0.5726495726495726,0.5128205128205128,206965,4
13,basis_0003_f9fb8639dd23.npz,48,"(9, 1, 1, 1, 1, 0, 0, 0, 0)",4,4,1,11,7,0,5,11,2,0,14,27,0,0,inf,4,0.0,6.480690957855456,11,0,7.483314773547883,1.0,7,6,15.272693793403521,1.633368157482167,1.6333681574821666,0.0,0.0,-1,0,0,nan,nan,nan,8.35600978853629,2.716702582130902,1.0069066198720291,0.19384947342455228,0,2,0.5641025641025641,0.5641025641025641,206965,4
13,basis_0003_f9fb8639dd23.npz,49,"(7, 4, 1, 1, 0, 0, 0, 0, 0)",4,4,1,11,7,0,4,11,2,0,14,27,0,0,inf,5,7.597120600032629e-50,5.873836890297984,11,0,8.001768672411897,1.283018867924528,7,6,15.527352937549264,0.9212556715184564,0.921255671518456,0.0,0.0,-1,0,0,nan,nan,nan,8.25727681097046,2.6571653664310544,0.958613108398292,0.19088679067305644,0,2,0.5982905982905983,0.5470085470085471,206965,4
13,basis_0004_59fcc8e128ed.npz,0,"(10, 2, 1, 0, 0, 0, 0, 0, 0)",4,4,1,12,8,0,4,12,1,0,14,27,0,0,inf,5,0.0,4.776301476269118,12,0,8.35463942968217,1.0,8,6,15.628751175500971,0.6203074345084225,0.6203074345084223,0.0,1.134179794867913e-16,-1,0,0,nan,nan,nan,8.278054059409762,2.680464404083104,0.9551365786256003,0.19047205853466773,1,0,0.4700854700854701,0.5982905982905983,179501,4
13,basis_0004_59fcc8e128ed.npz,1,"(10, 2, 1, 0, 0, 0, 0, 0, 0)",4,4,1,12,8,0,4,12,1,0,14,27,0,0,inf,5,0.0,3.83573654323857,12,0,8.406346808612327,1.0,8,6,15.068314386910004,0.8698189764975586,0.869818976497558,0.0,2.2334280360350605e-16,-1,0,0,nan,nan,nan,8.524249358217812,2.9624213320851305,1.0375786679148693,0.19286825302321578,0,1,0.5811965811965812,0.5213675213675214,179501,4
13,basis_0004_59fcc8e128ed.npz,2,"(8, 2, 2, 1, 0, 0, 0, 0, 0)",4,4,1,12,8,0,6,12,1,0,14,27,0,0,inf,3,0.0,7.680777894597773,12,0,10.04987562112089,1.0,8,6,15.059558452445945,0.6018658285476883,0.6018658285476883,0.0,0.0,-1,0,0,nan,nan,nan,7.892123816614718,2.6608940737434046,1.0194268142666587,0.18816659324139373,1,0,0.5299145299145299,0.6239316239316239,179501,4
13,basis_0004_59fcc8e128ed.npz,3,"(10, 2, 1, 0, 0, 0, 0, 0, 0)",4,4,1,10,6,0,4,10,3,0,14,27,0,0,inf,5,0.0,3.7602596666764887,10,0,7.937253933193772,1.0,6,6,15.059558452445945,0.6018658285476883,0.6018658285476883,0.0,0.0,-1,0,0,nan,nan,nan,8.558144403363388,2.964776009803127,1.0352239901968732,0.19312463399426227,1,2,0.5982905982905983,0.49572649572649574,179501,4
13,basis_0004_59fcc8e128ed.npz,4,"(10, 2, 1, 0, 0, 0, 0, 0, 0)",4,4,1,10,6,0,4,10,3,0,14,27,0,0,inf,5,0.0,5.6297509216005714,10,0,8.06225774829855,1.3333333333333344,6,6,16.18018078984659,0.6334326413267308,0.6334326413267303,0.0,0.0,-1,0,0,nan,nan,nan,8.310328962659238,2.715427663415019,0.9752348392820234,0.1900855831021214,1,2,0.5726495726495726,0.5299145299145299,179501,4
13,basis_0004_59fcc8e128ed.npz,5,"(9, 2, 1, 1, 0, 0, 0, 0, 0)",4,4,1,13,9,0,4,13,0,1,14,27,0,0,inf,5,5.143469108044535e-49,6.103640749965199,13,0,10.273802626494403,1.3469387755102047,9,6,15.854851568249893,1.0868190760360175,1.086819076036017,0.0,0.8392037228048065,-1,0,0,nan,nan,nan,7.987907041108798,2.657859353074433,0.9596168432227679,0.18672407874824284,0,0,0.5555555555555556,0.6068376068376068,179501,4
13,basis_0004_59fcc8e128ed.npz,6,"(9, 2, 1, 1, 0, 0, 0, 0, 0)",4,4,1,11,7,0,5,11,2,0,14,27,0,0,inf,4,0.0,4.046724609452511,11,0,6.845227743263394,1.0,7,6,15.071089626406337,1.2919265963892848,1.291926596389284,0.0,5.5115577493073663e-17,-1,0,0,nan,nan,nan,8.406403615021844,2.9655645200747487,1.0344354799252513,0.1930513841223742,1,1,0.5470085470085471,0.5213675213675214,179501,4
13,basis_0004_59fcc8e128ed.npz,7,"(10, 2, 1, 0, 0, 0, 0, 0, 0)",4,4,1,10,6,0,4,10,3,0,14,27,0,0,inf,5,0.0,3.83573654323857,10,0,7.810249675906654,1.0,6,6,15.068314386910004,0.8698189764975569,0.8698189764975565,0.0,1.7483490679551106e-17,-1,0,0,nan,nan,nan,8.522486291590056,2.961513464448896,1.0384865355511044,0.19271860981745714,1,2,0.5982905982905983,0.5042735042735043,179501,4
13,basis_0004_59fcc8e128ed.npz,8,"(9, 2, 2, 0, 0, 0, 0, 0, 0)",4,4,1,12,8,0,4,12,1,0,14,27,0,0,inf,5,0.0,6.086993575294661,12,0,7.908964795593102,1.0,8,6,15.39777904074993,1.0575287781367166,1.057528778136716,0.0,0.0,-1,0,0,nan,nan,nan,8.342824834602096,2.7350665352689876,0.9873311358596187,0.19189605430326928,1,0,0.49572649572649574,0.6239316239316239,179501,4
13,basis_0004_59fcc8e128ed.npz,9,"(10, 2, 1, 0, 0, 0, 0, 0, 0)",4,4,1,11,7,0,4,11,2,0,14,27,0,0,inf,5,0.0,3.7602596666764887,11,0,8.306623862918075,1.0,7,6,15.059558452445945,0.6018658285476883,0.6018658285476883,0.0,6.141963983766478e-18,-1,0,0,nan,nan,nan,8.550960639651501,2.9651748589181643,1.0348251410818357,0.19298922139152033,0,2,0.5726495726495726,0.5213675213675214,179501,4
13,basis_0004_59fcc8e128ed.npz,10,"(10, 2, 1, 0, 0, 0, 0, 0, 0)",4,4,1,11,7,0,4,11,2,0,14,27,0,0,inf,5,1.9986494535369261e-50,5.235050238532795,11,0,8.585702400752412,1.4285714285714284,7,6,15.637686686228248,0.8720713166734978,0.8720713166734971,0.0,9.464625514036615e-17,-1,0,0,nan,nan,nan,8.248250884117798,2.8429398149397462,1.000376041399548,0.1899292601836068,1,1,0.5982905982905983,0.5213675213675214,179501,4
13,basis_0004_59fcc8e128ed.npz,11,"(10, 2, 1, 0, 0, 0, 0, 0, 0)",4,4,1,9,5,0,4,9,4,0,14,27,0,0,inf,5,0.0,3.7602596666764887,9,0,6.0,1.0,5,6,15.059558452445945,0.6018658285476883,0.6018658285476883,0.0,4.979621182542013e-35,-1,0,0,nan,nan,nan,8.550386549558228,2.9645531359898007,1.0354468640101993,0.1929178654587499,3,1,0.4700854700854701,0.5384615384615384,179501,4
13,basis_0004_59fcc8e128ed.npz,12,"(10, 2, 1, 0, 0, 0, 0, 0, 0)",4,4,1,9,5,0,4,9,4,0,14,27,0,0,inf,5,0.0,3.7602596666764887,9,0,6.48074069840786,1.0,5,6,15.059558452445945,0.6018658285476883,0.6018658285476883,0.0,0.0,-1,0,0,nan,nan,nan,8.53991670950148,2.964099420994181,1.035900579005819,0.1929691357942006,3,1,0.4444444444444444,0.6153846153846154,179501,4
13,basis_0004_59fcc8e128ed.npz,13,"(10, 2, 1, 0, 0, 0, 0, 0, 0)",4,4,1,12,8,0,4,12,1,0,14,27,0,0,inf,5,0.0,4.776301476269118,12,0,9.06642156531451,1.2000000000000008,8,6,15.628751175500971,0.6203074345084219,0.6203074345084215,0.0,2.367437315369323e-16,-1,0,0,nan,nan,nan,8.40418813981829,2.820003716626812,0.9908367235590702,0.19277081033392865,1,0,0.5384615384615384,0.5384615384615384,179501,4
13,basis_0004_59fcc8e128ed.npz,14,"(10, 2, 1, 0, 0, 0, 0, 0, 0)",4,4,1,11,7,0,5,11,2,0,14,27,0,0,inf,4,0.0,6.16719502929271,11,0,9.308714944236044,1.3043478260869565,7,6,15.646824019616291,0.9737916676160658,0.9737916676160654,0.0,5.361285422303884e-31,-1,0,0,nan,nan,nan,8.321612367808056,2.8058818996083534,1.0145401213867942,0.1910254240123738,1,1,0.49572649572649574,0.6239316239316239,179501,4
13,basis_0004_59fcc8e128ed.npz,15,"(10, 2, 1, 0, 0, 0, 0, 0, 0)",4,4,1,9,5,0,4,9,4,0,14,27,0,0,inf,5,0.0,4.423562425775633,9,0,6.506407098647712,1.0,5,6,15.068314386910004,0.8698189764975572,0.8698189764975568,0.0,0.0,-1,0,0,nan,nan,nan,8.362225739158232,2.96382785574031,1.0361721442596903,0.19051990813708336,2,2,0.5042735042735043,0.5811965811965812,179501,4
13,basis_0004_59fcc8e128ed.npz,16,"(10, 2, 1, 0, 0, 0, 0, 0, 0)",4,4,1,11,7,0,4,11,2,0,14,27,0,0,inf,5,0.0,4.776301476269118,11,0,9.16515138991168,1.2000000000000008,7,6,15.628751175500971,0.6203074345084221,0.6203074345084214,0.0,1.3949977262290397e-17,-1,0,0,nan,nan,nan,8.411469231378682,2.826570229772549,0.996557605338712,0.19292576685814247,0,2,0.6581196581196581,0.4444444444444444,179501,4
13,basis_0004_59fcc8e128ed.npz,17,"(9, 2, 2, 0, 0, 0, 0, 0, 0)",4,4,1,8,4,0,4,8,5,0,14,27,0,0,inf,5,0.0,6.403560661887411,8,0,6.5149400952306875,1.0,4,6,15.501781519158454,0.7993557784597711,0.7993557784597709,0.0,0.0,-1,0,0,nan,nan,nan,8.367369308719448,2.74523288418864,0.9843445481393804,0.1921740439157584,3,2,0.5555555555555556,0.5555555555555556,179501,4
13,basis_0004_59fcc8e128ed.npz,18,"(10, 2, 1, 0, 0, 0, 0, 0, 0)",4,4,1,10,6,0,4,10,3,0,14,27,0,0,inf,5,0.0,3.7602596666764887,10,0,6.4031242374328485,1.0,6,6,15.059558452445945,0.6018658285476883,0.6018658285476883,0.0,4.665537645914756e-33,-1,0,0,nan,nan,nan,8.546855456805389,2.9646317203455563,1.0353682796544434,0.19292320571711097,1,2,0.5384615384615384,0.49572649572649574,179501,4
13,basis_0004_59fcc8e128ed.npz,19,"(9, 3, 1, 0, 0, 0, 0, 0, 0)",4,4,1,12,8,0,5,12,1,0,14,27,0,0,inf,4,1.5283404733243494e-35,5.999999999999998,12,0,9.621404708847278,1.4285714285714284,8,6,15.637686686228248,0.8720713166734977,0.8720713166734974,0.0,9.420876106392313e-17,-1,0,0,nan,nan,nan,8.036334677040708,2.7918585454863605,0.9757929284385715,0.19127107314911637,0,1,0.6068376068376068,0.5299145299145299,179501,4
13,basis_0004_59fcc8e128ed.npz,20,"(10, 2, 1, 0, 0, 0, 0, 0, 0)",4,4,1,11,7,0,4,11,2,0,14,27,0,0,inf,5,0.0,3.83573654323857,11,0,7.280109889280518,1.0,7,6,15.068314386910004,0.8698189764975586,0.869818976497558,0.0,0.0,-1,0,0,nan,nan,nan,8.51907592141061,2.9648563200005755,1.0351436799994245,0.19272473568783774,0,2,0.5641025641025641,0.48717948717948717,179501,4
13,basis_0004_59fcc8e128ed.npz,21,"(10, 2, 1, 0, 0, 0, 0, 0, 0)",4,4,1,12,8,0,4,12,1,0,14,27,0,0,inf,5,2.9762335783701753e-50,4.856565508747494,12,0,8.128433340529316,1.4285714285714288,8,6,15.637686686228248,0.8720713166734986,0.8720713166734981,0.0,9.555443659999465e-17,-1,0,0,nan,nan,nan,8.269371474232393,2.727712909137602,0.9796503670481425,0.19058362304963547,0,1,0.49572649572649574,0.5641025641025641,179501,4
13,basis_0004_59fcc8e128ed.npz,22,"(10, 2, 1, 0, 0, 0, 0, 0, 0)",4,4,1,10,6,0,4,10,3,0,14,27,0,0,inf,5,2.5874259979720226e-50,3.9662453615511577,10,0,8.35463942968217,1.0000000000000002,6,6,15.077285361247181,0.9736767504278365,0.9736767504278361,0.0,5.638181127263124e-33,-1,0,0,nan,nan,nan,8.50468717104433,2.9649511992651734,1.0350488007348264,0.1925143110709443,1,2,0.5811965811965812,0.5726495726495726,179501,4
13,basis_0004_59fcc8e128ed.npz,23,"(9, 2, 2, 0, 0, 0, 0, 0, 0)",4,4,1,11,7,0,4,11,2,0,14,27,0,0,inf,5,0.0,6.403560661887411,11,0,8.027729719194863,1.0,7,6,15.501781519158454,0.7993557784597711,0.7993557784597709,0.0,1.7504410201506e-16,-1,0,0,nan,nan,nan,8.358342046212773,2.742254162862068,0.9860992429492446,0.19176452473200523,1,1,0.5384615384615384,0.5982905982905983,179501,4
13,basis_0004_59fcc8e128ed.npz,24,"(9, 3, 1, 0, 0, 0, 0, 0, 0)",4,4,1,11,7,0,5,11,2,0,14,27,0,0,inf,4,0.0,6.278569477119687,11,0,8.1117199162693,1.0,7,6,15.628751175500971,0.6203074345084225,0.6203074345084223,0.0,0.0,-1,0,0,nan,nan,nan,7.961337350433348,2.5940622048633464,0.9257161182157881,0.18959991593207307,2,0,0.49572649572649574,0.5982905982905983,179501,4
13,basis_0004_59fcc8e128ed.npz,25,"(9, 2, 2, 0, 0, 0, 0, 0, 0)",4,4,1,10,6,0,4,10,3,0,14,27,0,0,inf,5,0.0,6.086993575294663,10,0,7.208711205297331,1.0,6,6,15.39777904074993,1.0575287781367158,1.0575287781367153,0.0,3.731368724942382e-30,-1,0,0,nan,nan,nan,8.393921349476733,2.7976038633507048,1.0176139709614187,0.19138032512385153,0,3,0.6068376068376068,0.5042735042735043,179501,4
13,basis_0004_59fcc8e128ed.npz,26,"(9, 2, 1, 1, 0, 0, 0, 0, 0)",4,4,1,13,9,0,4,13,0,1,14,27,0,0,inf,5,3.3677641679908486e-34,10.306233150467866,13,0,12.567996875180443,1.454545454545455,9,6,16.815597385853447,0.9195938814690443,0.9195938814690438,0.0,0.6481034241497974,-1,0,0,nan,nan,nan,8.103806059105276,2.57565217562945,0.947846344829748,0.1854717338614566,0,0,0.6153846153846154,0.6837606837606838,179501,4
13,basis_0004_59fcc8e128ed.npz,27,"(10, 2, 1, 0, 0, 0, 0, 0, 0)",4,4,1,11,7,0,4,11,2,0,14,27,0,0,inf,5,0.0,3.9662453615511577,11,0,7.443117626371358,1.0000000000000004,7,6,15.077285361247181,0.973676750427837,0.9736767504278367,0.0,9.337290108507531e-17,-1,0,0,nan,nan,nan,8.472027336370516,2.964781483097759,1.035218516902241,0.19187781043010052,1,1,0.5213675213675214,0.5299145299145299,179501,4
13,basis_0004_59fcc8e128ed.npz,28,"(10, 2, 1, 0, 0, 0, 0, 0, 0)",4,4,1,9,5,0,4,9,4,0,14,27,0,0,inf,5,6.370909279485518e-51,5.704442830622615,9,0,8.12403840463596,1.2500000000000004,5,6,16.189237726104512,0.8737434898839638,0.8737434898839633,0.0,0.0,-1,0,0,nan,nan,nan,8.303777567047378,2.7671512065695043,0.992218500941427,0.1909906534811597,2,2,0.5384615384615384,0.5811965811965812,179501,4
13,basis_0004_59fcc8e128ed.npz,29,"(10, 2, 1, 0, 0, 0, 0, 0, 0)",4,4,1,10,6,0,4,10,3,0,14,27,0,0,inf,5,0.0,4.776301476269118,10,0,8.567379996241558,1.2000000000000008,6,6,15.628751175500971,0.6203074345084225,0.6203074345084223,0.0,0.0,-1,0,0,nan,nan,nan,8.367276010950706,2.7783655513712624,0.9838081130631622,0.19214633757796898,1,2,0.5726495726495726,0.5299145299145299,179501,4
13,basis_0004_59fcc8e128ed.npz,30,"(9, 2, 2, 0, 0, 0, 0, 0, 0)",4,4,1,12,8,0,4,12,1,0,14,27,0,0,inf,5,0.0,6.655536223142183,12,0,9.57017425620441,1.4117647058823504,8,6,15.950105371672313,1.0586332592013823,1.0586332592013818,0.0,2.0638898095721957e-16,-1,0,0,nan,nan,nan,8.243349417038427,2.6705284822311652,0.9834989053670282,0.19047060765034932,0,1,0.6068376068376068,0.5726495726495726,179501,4
13,basis_0004_59fcc8e128ed.npz,31,"(9, 2, 2, 0, 0, 0, 0, 0, 0)",4,4,1,12,8,0,4,12,1,0,14,27,0,0,inf,5,2.667190119334749e-50,7.982147800986491,12,0,11.589326986499259,1.3749999999999998,8,6,16.8793557147964,0.9710495995846343,0.9710495995846331,0.0,3.8180836097923837e-16,-1,0,0,nan,nan,nan,8.173918308371226,2.61571728246602,0.944085866651462,0.18657659299124207,0,1,0.6666666666666666,0.6153846153846154,179501,4
13,basis_0004_59fcc8e128ed.npz,32,"(10, 2, 1, 0, 0, 0, 0, 0, 0)",4,4,1,10,6,0,4,10,3,0,14,27,0,0,inf,5,0.0,4.776301476269118,10,0,8.977750274985375,1.2000000000000002,6,6,15.628751175500971,0.620307434508422,0.6203074345084214,0.0,0.0,-1,0,0,nan,nan,nan,8.386968187146712,2.8056017989886026,0.9899276059285469,0.1925529810044029,3,0,0.4358974358974359,0.6581196581196581,179501,4
13,basis_0004_59fcc8e128ed.npz,33,"(8, 2, 2, 1, 0, 0, 0, 0, 0)",4,4,1,11,7,0,5,11,2,0,14,27,0,0,inf,4,1.3419537115904712e-33,5.4754428456557065,11,0,7.881563780053272,1.2857142857142863,7,6,15.641922977219144,1.0108287491677408,1.0108287491677401,0.0,1.2948526093950471e-31,-1,0,0,nan,nan,nan,7.782781228031422,2.7276232523622785,0.9723678276828223,0.18964158150330152,0,2,0.6068376068376068,0.5384615384615384,179501,4
13,basis_0004_59fcc8e128ed.npz,34,"(10, 2, 1, 0, 0, 0, 0, 0, 0)",4,4,1,12,8,0,4,12,1,0,14,27,0,0,inf,5,0.0,3.83573654323857,12,0,7.416198487095663,1.0,8,6,15.068314386910004,0.8698189764975564,0.8698189764975559,0.0,4.8288825081020804e-17,-1,0,0,nan,nan,nan,8.528318669071341,2.9633901269967504,1.0366098730032498,0.1928257726983899,1,0,0.47863247863247865,0.5299145299145299,179501,4
13,basis_0004_59fcc8e128ed.npz,35,"(10, 2, 1, 0, 0, 0, 0, 0, 0)",4,4,1,11,7,0,4,11,2,0,14,27,0,0,inf,5,0.0,3.7602596666764887,11,0,7.810249675906654,1.0,7,6,15.059558452445945,0.6018658285476883,0.6018658285476883,0.0,5.28715886290304e-17,-1,0,0,nan,nan,nan,8.523937567032721,2.9645136448092946,1.0354863551907056,0.19274334661729253,1,1,0.5128205128205128,0.5555555555555556,179501,4
13,basis_0004_59fcc8e128ed.npz,36,"(10, 2, 1, 0, 0, 0, 0, 0, 0)",4,4,1,8,4,0,4,8,5,0,14,27,0,0,inf,5,0.0,3.7602596666764887,8,0,5.291502622129181,1.0,4,6,15.059558452445945,0.6018658285476883,0.6018658285476883,0.0,0.0,-1,0,0,nan,nan,nan,8.54018192023948,2.965713701839046,1.034286298160954,0.1928911090101322,2,3,0.5299145299145299,0.452991452991453,179501,4
13,basis_0004_59fcc8e128ed.npz,37,"(9, 2, 1, 1, 0, 0, 0, 0, 0)",4,4,1,10,6,0,5,10,3,0,14,27,0,0,inf,4,0.0,4.859305725468278,10,0,8.539822681330769,1.4285714285714284,6,6,15.637686686228248,0.8720713166734985,0.8720713166734981,0.0,3.047291397579129e-17,-1,0,0,nan,nan,nan,8.100228460636908,2.8396143456160328,0.9917865569699917,0.19072106374361675,2,1,0.5384615384615384,0.6068376068376068,179501,4
13,basis_0004_59fcc8e128ed.npz,38,"(10, 2, 1, 0, 0, 0, 0, 0, 0)",4,4,1,12,8,0,4,12,1,0,14,27,0,0,inf,5,0.0,3.7602596666764887,12,0,8.246211251235321,1.0,8,6,15.059558452445945,0.6018658285476883,0.6018658285476883,0.0,7.983762595464926e-17,-1,0,0,nan,nan,nan,8.55552730470732,2.963961385520198,1.0360386144798024,0.19302483129934095,1,0,0.4700854700854701,0.5897435897435898,179501,4
13,basis_0004_59fcc8e128ed.npz,39,"(10, 2, 1, 0, 0, 0, 0, 0, 0)",4,4,1,13,9,0,4,13,0,1,14,27,0,0,inf,5,1.6713186499297337e-51,7.713197386793541,13,0,9.226321043622967,1.3749999999999998,9,6,16.189237726104512,0.8737434898839642,0.8737434898839637,0.0,0.8798212953360851,-1,0,0,nan,nan,nan,8.216268191839408,2.64324942682175,0.949624872329589,0.18925651732398802,0,0,0.5299145299145299,0.6324786324786325,179501,4
13,basis_0004_59fcc8e128ed.npz,40,"(10, 2, 1, 0, 0, 0, 0, 0, 0)",4,4,1,10,6,0,4,10,3,0,14,27,0,0,inf,5,0.0,3.7602596666764887,10,0,7.681145747868608,1.0,6,6,15.059558452445945,0.6018658285476883,0.6018658285476883,0.0,3.851180916493089e-17,-1,0,0,nan,nan,nan,8.546210923740391,2.96581136761284,1.0341886323871599,0.19293468182992302,2,1,0.47863247863247865,0.6153846153846154,179501,4
13,basis_0004_59fcc8e128ed.npz,41,"(10, 2, 1, 0, 0, 0, 0, 0, 0)",4,4,1,12,8,0,4,12,1,0,14,27,0,0,inf,5,0.0,5.6297509216005714,12,0,9.027735042633894,1.1666666666666674,8,6,16.18018078984659,0.6334326413267307,0.63343264132673,0.0,0.0,-1,0,0,nan,nan,nan,8.307033390283056,2.749480169349412,0.9813823861473439,0.19066871965237778,0,1,0.6153846153846154,0.49572649572649574,179501,4
13,basis_0004_59fcc8e128ed.npz,42,"(10, 2, 1, 0, 0, 0, 0, 0, 0)",4,4,1,12,8,0,4,12,1,0,14,27,0,0,inf,5,0.0,4.856565508747494,12,0,9.34650431215558,1.285714285714286,8,6,15.637686686228248,0.8720713166734986,0.8720713166734982,0.0,6.345099096430799e-18,-1,0,0,nan,nan,nan,8.351544984011435,2.8239956202407206,0.9938060017144825,0.1919858185432483,1,0,0.5128205128205128,0.5897435897435898,179501,4
13,basis_0004_59fcc8e128ed.npz,43,"(10, 2, 1, 0, 0, 0, 0, 0, 0)",4,4,1,10,6,0,4,10,3,0,14,27,0,0,inf,5,6.216793823986067e-52,3.9662453615511577,10,0,7.496665925596525,1.2000000000000002,6,6,15.077285361247181,0.9736767504278363,0.973676750427836,0.0,0.0,-1,0,0,nan,nan,nan,8.488765375335628,2.963955717465563,1.0360442825344371,0.1922827361275442,3,0,0.41025641025641024,0.6752136752136753,179501,4
13,basis_0004_59fcc8e128ed.npz,44,"(10, 2, 1, 0, 0, 0, 0, 0, 0)",4,4,1,11,7,0,4,11,2,0,14,27,0,0,inf,5,0.0,3.9662453615511577,11,0,7.37563556583431,1.0,7,6,15.077285361247181,0.973676750427837,0.9736767504278367,0.0,0.0,-1,0,0,nan,nan,nan,8.454255284348399,2.964361717786224,1.0356382822137757,0.1916765492349863,0,2,0.5299145299145299,0.5384615384615384,179501,4
13,basis_0004_59fcc8e128ed.npz,45,"(10, 2, 1, 0, 0, 0, 0, 0, 0)",4,4,1,8,4,0,4,8,5,0,14,27,0,0,inf,5,0.0,5.6297509216005714,8,0,7.713624310270756,1.3333333333333341,4,6,16.18018078984659,0.6334326413267305,0.6334326413267299,0.0,0.0,-1,0,0,nan,nan,nan,8.327625493167114,2.7357929956974045,0.9790043169003313,0.19113108013677915,4,1,0.452991452991453,0.6581196581196581,179501,4
13,basis_0004_59fcc8e128ed.npz,46,"(10, 2, 1, 0, 0, 0, 0, 0, 0)",4,4,1,9,5,0,4,9,4,0,14,27,0,0,inf,5,1.0598099154531304e-51,5.704442830622616,9,0,8.18535277187245,1.375,5,6,16.189237726104512,0.8737434898839637,0.8737434898839632,0.0,0.0,-1,0,0,nan,nan,nan,8.325974924370323,2.7459015001318976,0.9841175843212489,0.19120259899327527,2,2,0.6068376068376068,0.5213675213675214,179501,4
13,basis_0004_59fcc8e128ed.npz,47,"(9, 2, 2, 0, 0, 0, 0, 0, 0)",4,4,1,10,6,0,6,10,3,0,14,27,0,0,inf,3,2.9399799973332664e-33,5.236169210512688,10,0,7.937253933193772,1.0,6,6,15.068314386910004,0.8698189764975564,0.8698189764975559,0.0,0.0,-1,0,0,nan,nan,nan,8.035973653274864,2.965321711706848,1.034678288293152,0.18821794219389407,2,1,0.5811965811965812,0.5470085470085471,179501,4
13,basis_0004_59fcc8e128ed.npz,48,"(8, 2, 2, 1, 0, 0, 0, 0, 0)",4,4,1,13,9,0,5,13,0,1,14,27,0,0,inf,4,4.806943077187253e-34,7.0356956702212985,13,0,10.153369346719792,1.3636363636363633,9,6,16.053931174845676,0.8140220249904757,0.8140220249904754,0.0,0.905452840217786,-1,0,0,nan,nan,nan,7.900694682072052,2.637227979218232,0.9570488025758429,0.18746640808036807,0,0,0.5982905982905983,0.5384615384615384,179501,4
13,basis_0004_59fcc8e128ed.npz,49,"(10, 2, 1, 0, 0, 0, 0, 0, 0)",4,4,1,11,7,0,4,11,2,0,14,27,0,0,inf,5,2.1835357446863034e-50,4.856565508747494,11,0,8.438855711190097,1.4285714285714284,7,6,15.637686686228248,0.8720713166734987,0.8720713166734985,0.0,0.0,-1,0,0,nan,nan,nan,8.344271929736797,2.756741362839008,0.9827542580325024,0.19207797313411046,0,2,0.5811965811965812,0.5470085470085471,179501,4
13,basis_0005_28a508d44809.npz,0,"(9, 2, 1, 1, 0, 0, 0, 0, 0)",4,4,1,10,6,0,4,10,3,0,14,27,0,0,inf,5,4.038437350225126e-49,5.9486528357741335,10,0,7.801970795851503,1.0,6,6,16.036357922096357,1.7080770228880169,1.7080770228880162,0.0,0.0,-1,0,0,nan,nan,nan,8.3370378214159,2.865295532257492,1.0216080619790693,0.1917651097453517,1,2,0.5811965811965812,0.5042735042735043,207901,4
13,basis_0005_28a508d44809.npz,1,"(10, 2, 1, 0, 0, 0, 0, 0, 0)",4,4,1,12,8,0,4,12,1,0,14,27,0,0,inf,5,0.0,4.363698524025067,12,0,8.225975119502044,1.0,8,6,15.618887276584227,1.2051901626273784,1.205190162627378,0.0,2.4684986794357016e-16,-1,0,0,nan,nan,nan,8.55830453165466,2.9636905931838062,1.0457790367515132,0.19416268127565128,1,0,0.5299145299145299,0.5470085470085471,207901,4
13,basis_0005_28a508d44809.npz,2,"(9, 2, 1, 1, 0, 0, 0, 0, 0)",4,4,1,11,7,0,5,11,2,0,14,27,0,0,inf,4,0.0,4.930617541251311,11,0,7.916228058025278,1.3333333333333335,7,6,15.61408943075513,1.0646285973654108,1.0646285973654108,0.0,0.0,-1,0,0,nan,nan,nan,8.281175405309302,2.964794420797544,1.0352055792024561,0.18988820228566242,2,0,0.5213675213675214,0.5213675213675214,207901,4
13,basis_0005_28a508d44809.npz,3,"(9, 2, 2, 0, 0, 0, 0, 0, 0)",4,4,1,12,8,0,4,12,1,0,14,27,0,0,inf,5,0.0,5.634774338034025,12,0,9.210977432561535,1.421052631578948,8,6,16.88188991741246,1.2409851791882287,1.2409851791882278,0.0,3.453727592190654e-16,-1,0,0,nan,nan,nan,8.450852327072734,2.800309191333892,1.035954537926402,0.19487002502531556,0,1,0.5811965811965812,0.5470085470085471,207901,4
13,basis_0005_28a508d44809.npz,4,"(10, 2, 1, 0, 0, 0, 0, 0, 0)",4,4,1,12,8,0,4,12,1,0,14,27,0,0,inf,5,0.0,5.206973767115934,12,0,9.497368056467012,1.200000000000001,8,6,16.16690491634227,1.1260331001001578,1.126033100100157,0.0,0.0,-1,0,0,nan,nan,nan,8.478685301256377,2.81953904246673,1.0249478895577246,0.19505583821897138,0,1,0.6324786324786325,0.47863247863247865,207901,4
13,basis_0005_28a508d44809.npz,5,"(8, 3, 2, 0, 0, 0, 0, 0, 0)",4,4,1,13,9,0,5,13,0,1,14,27,0,0,inf,4,5.857259273229443e-34,7.347421526381223,13,0,10.027852368740362,1.5782312925170068,9,6,16.036357922096357,1.7080770228880169,1.7080770228880164,0.0,1.4623221673417188,-1,0,0,nan,nan,nan,8.191597654338103,2.786756951771903,1.0082731790940607,0.1905534413769228,0,0,0.5299145299145299,0.6495726495726496,207901,4
13,basis_0005_28a508d44809.npz,6,"(9, 2, 1, 1, 0, 0, 0, 0, 0)",4,4,1,11,7,0,4,11,2,0,14,27,0,0,inf,5,3.1818484224028972e-52,4.421751237785561,11,0,7.5303308262613,1.0,7,6,15.62391911546147,1.2308117675579866,1.2308117675579862,0.0,3.710502891359618e-17,-1,0,0,nan,nan,nan,8.517513142986232,2.9622531605273887,1.0428346605410705,0.1936151398089599,0,2,0.5726495726495726,0.48717948717948717,207901,4
13,basis_0005_28a508d44809.npz,7,"(9, 3, 1, 0, 0, 0, 0, 0, 0)",4,4,1,9,5,0,4,9,4,0,14,27,0,0,inf,5,8.75482059486565e-50,4.936002280290885,9,0,7.309485031694876,1.4285714285714288,5,6,16.353520235528688,1.2415872207192247,1.2415872207192233,0.0,0.0,-1,0,0,nan,nan,nan,8.308993787301837,2.8054200472658244,1.01771244046375,0.19146672251418853,1,3,0.6239316239316239,0.49572649572649574,207901,4
13,basis_0005_28a508d44809.npz,8,"(10, 2, 1, 0, 0, 0, 0, 0, 0)",4,4,1,11,7,0,4,11,2,0,14,27,0,0,inf,5,0.0,4.639745331816431,11,0,8.560707580902077,1.1428571428571428,7,6,15.645945622796305,1.2117028810466792,1.2117028810466786,0.0,0.0,-1,0,0,nan,nan,nan,8.538970008688347,2.9647764770755303,1.0438796381287692,0.19331679432150448,2,0,0.5042735042735043,0.6666666666666666,207901,4
13,basis_0005_28a508d44809.npz,9,"(8, 3, 2, 0, 0, 0, 0, 0, 0)",4,4,1,11,7,0,5,11,2,0,14,27,0,0,inf,4,1.9027829131710497e-32,5.951268920834896,11,0,8.41786582907325,1.372093023255814,7,6,16.462728130139595,1.4597155686268404,1.4597155686268395,0.0,1.5401296838152788e-33,-1,0,0,nan,nan,nan,7.950853222202555,2.697255373877139,0.9787360518864847,0.19078326669880147,1,1,0.6495726495726496,0.5299145299145299,207901,4
13,basis_0005_28a508d44809.npz,10,"(8, 2, 2, 1, 0, 0, 0, 0, 0)",4,4,1,12,8,0,4,12,1,0,14,27,0,0,inf,5,3.436645336451436e-52,8.261119286898843,12,0,8.996077576627819,1.0,8,6,16.356382506050153,2.089139538530045,2.0891395385300426,0.0,5.95726322179217e-17,-1,0,0,nan,nan,nan,8.274374871562914,2.5976570775823156,1.0075253727008875,0.1926467175093519,1,0,0.5641025641025641,0.6410256410256411,207901,4
13,basis_0005_28a508d44809.npz,11,"(10, 2, 1, 0, 0, 0, 0, 0, 0)",4,4,1,11,7,0,4,11,2,0,14,27,0,0,inf,5,0.0,4.363698524025067,11,0,8.306623862918075,1.0,7,6,15.618887276584227,1.2051901626273784,1.205190162627378,0.0,0.0,-1,0,0,nan,nan,nan,8.564703061102005,2.962542239223552,1.0467487043805659,0.1941896586367106,1,1,0.5555555555555556,0.5555555555555556,207901,4
13,basis_0005_28a508d44809.npz,12,"(8, 3, 2, 0, 0, 0, 0, 0, 0)",4,4,1,10,6,0,5,10,3,0,14,27,0,0,inf,4,1.5882238294664326e-50,6.560140905617948,10,0,8.711422896914653,1.0,6,6,15.877263895119523,1.0856659635574297,1.0856659635574295,0.0,0.0,-1,0,0,nan,nan,nan,8.11700453582073,2.630976064790043,1.0049588348347573,0.19001059826618713,1,2,0.6239316239316239,0.6153846153846154,207901,4
13,basis_0005_28a508d44809.npz,13,"(9, 3, 1, 0, 0, 0, 0, 0, 0)",4,4,1,11,7,0,4,11,2,0,14,27,0,0,inf,5,3.1194934613188804e-50,8.9393173601461,11,0,9.390517460812166,1.3636363636363638,7,6,16.576320827056517,1.204087873143404,1.2040878731434035,0.0,2.6871395506174656e-17,-1,0,0,nan,nan,nan,8.36129977054763,2.70823321827623,0.996601329510775,0.19076576434699344,0,2,0.6410256410256411,0.48717948717948717,207901,4
13,basis_0005_28a508d44809.npz,14,"(10, 2, 1, 0, 0, 0, 0, 0, 0)",4,4,1,11,7,0,4,11,2,0,14,27,0,0,inf,5,0.0,5.994833622191556,11,0,8.689073598491383,1.3333333333333335,7,6,16.707203129311107,1.1828978441908133,1.1828978441908127,0.0,1.2799204710347713e-16,-1,0,0,nan,nan,nan,8.3300355213879,2.711724276614389,1.0173989728953334,0.1913080164165489,0,2,0.6239316239316239,0.49572649572649574,207901,4
13,basis_0005_28a508d44809.npz,15,"(7, 3, 2, 1, 0, 0, 0, 0, 0)",4,4,1,11,7,0,5,11,2,0,14,27,0,0,inf,4,1.6088562299685213e-34,9.089145766005405,11,0,9.949596732437026,1.408839779005525,7,6,17.444765247549643,1.7097832807726145,1.7097832807726139,0.0,0.0,-1,0,0,nan,nan,nan,7.743394948098165,2.4245637287890127,0.8814849146452071,0.18427171794154942,2,0,0.5555555555555556,0.7435897435897436,207901,4
13,basis_0005_28a508d44809.npz,16,"(9, 2, 1, 1, 0, 0, 0, 0, 0)",4,4,1,11,7,0,4,11,2,0,14,27,0,0,inf,5,1.1191574215055598e-48,6.105917126518204,11,0,10.031201323869439,1.5,7,6,16.723864347706368,1.3690044375761787,1.3690044375761778,0.0,0.0,-1,0,0,nan,nan,nan,8.407430690149491,2.792763362299131,1.0254789106649198,0.19349877084538236,2,0,0.5213675213675214,0.5897435897435898,207901,4
13,basis_0005_28a508d44809.npz,17,"(10, 2, 1, 0, 0, 0, 0, 0, 0)",4,4,1,12,8,0,4,12,1,0,14,27,0,0,inf,5,0.0,4.383400294174951,12,0,7.54983443527075,1.0,8,6,15.62108457932834,1.2036640806849792,1.203664080684979,0.0,9.623060456851228e-18,-1,0,0,nan,nan,nan,8.579583981622807,2.9637840895748515,1.0401050590544154,0.19421160056170633,0,1,0.5299145299145299,0.5726495726495726,207901,4
13,basis_0005_28a508d44809.npz,18,"(10, 2, 1, 0, 0, 0, 0, 0, 0)",4,4,1,13,9,0,4,13,0,1,14,27,0,0,inf,5,2.6783646953833778e-48,5.162188572042596,13,0,9.347926022933244,1.0,9,6,16.312171706045376,1.9783866011178348,1.978386601117834,0.0,1.673603161359473,-1,0,0,nan,nan,nan,8.37219780267314,2.8367933529922182,1.0289072666730772,0.19281514183782267,0,0,0.5384615384615384,0.6239316239316239,207901,4
13,basis_0005_28a508d44809.npz,19,"(8, 3, 1, 1, 0, 0, 0, 0, 0)",4,4,1,13,9,0,5,13,0,1,14,27,0,0,inf,4,8.487664712013499e-48,6.40055222492045,13,0,9.33095207718198,1.2500000000000016,9,6,15.654815355852598,1.2825743310941162,1.2825743310941158,0.0,1.6609577643105489,-1,0,0,nan,nan,nan,8.263306529609606,2.604481359350582,1.0481696815619426,0.1917584385614336,0,0,0.6153846153846154,0.5555555555555556,207901,4
13,basis_0005_28a508d44809.npz,20,"(9, 2, 1, 1, 0, 0, 0, 0, 0)",4,4,1,10,6,0,5,10,3,0,14,27,0,0,inf,4,8.703500748205491e-33,5.397177594578271,10,0,7.132671308843553,1.0,6,6,15.630981172126248,1.7360277412169025,1.736027741216902,0.0,8.068629621304057e-31,-1,0,0,nan,nan,nan,8.246877408793608,2.7060747920299932,1.0385493162507073,0.19226011007673305,1,2,0.5470085470085471,0.6068376068376068,207901,4
13,basis_0005_28a508d44809.npz,21,"(10, 2, 1, 0, 0, 0, 0, 0, 0)",4,4,1,11,7,0,4,11,2,0,14,27,0,0,inf,5,0.0,4.297375886954372,11,0,7.810249675906654,1.0,7,6,15.60904230939883,1.0527616511919549,1.0527616511919549,0.0,3.475938958667671e-29,-1,0,0,nan,nan,nan,8.578587400692811,2.9630825614003586,1.043605878458243,0.19446458571469147,1,1,0.5470085470085471,0.5299145299145299,207901,4
13,basis_0005_28a508d44809.npz,22,"(9, 3, 1, 0, 0, 0, 0, 0, 0)",4,4,1,11,7,0,4,11,2,0,14,27,0,0,inf,5,1.3417876034179575e-50,6.955232255296819,11,0,8.933327925587808,1.4347826086956519,7,6,16.504771700539802,1.3267587619649424,1.3267587619649415,0.0,1.2465790387216967e-17,-1,0,0,nan,nan,nan,8.257614194751381,2.6197134184620214,1.0172208820661433,0.19063828710768613,1,1,0.5811965811965812,0.5982905982905983,207901,4
13,basis_0005_28a508d44809.npz,23,"(9, 2, 1, 1, 0, 0, 0, 0, 0)",4,4,1,12,8,0,4,12,1,0,14,27,0,0,inf,5,3.120197233086173e-49,5.330773173752075,12,0,8.665750867365048,1.3333333333333335,8,6,16.183778066497677,1.3441535289301434,1.3441535289301425,0.0,4.874654725024908e-17,-1,0,0,nan,nan,nan,8.384042164589141,2.802257741725646,1.0315301960132441,0.1937791019490767,0,1,0.5470085470085471,0.5470085470085471,207901,4
13,basis_0005_28a508d44809.npz,24,"(10, 2, 1, 0, 0, 0, 0, 0, 0)",4,4,1,10,6,0,4,10,3,0,14,27,0,0,inf,5,0.0,4.4525747721858595,10,0,6.276941930590086,1.2000000000000002,6,6,15.628949489940368,1.2113100021529066,1.211310002152906,0.0,1.6142655893675103e-30,-1,0,0,nan,nan,nan,8.523755562413818,2.964578806388365,1.046626139382881,0.1927446590925913,2,1,0.5128205128205128,0.5299145299145299,207901,4
13,basis_0005_28a508d44809.npz,25,"(10, 2, 1, 0, 0, 0, 0, 0, 0)",4,4,1,12,8,0,4,12,1,0,14,27,0,0,inf,5,4.743400181945639e-50,6.134867498013201,12,0,9.118873074774438,1.2692307692307696,8,6,16.727160960982342,1.2654618178832824,1.2654618178832817,0.0,2.4420557573270198e-17,-1,0,0,nan,nan,nan,8.294723874963058,2.718183146741687,1.0144436937424919,0.190848230527728,1,0,0.5470085470085471,0.6068376068376068,207901,4
13,basis_0005_28a508d44809.npz,26,"(8, 2, 2, 1, 0, 0, 0, 0, 0)",4,4,1,12,8,0,4,12,1,0,14,27,0,0,inf,5,5.37150427539441e-65,4.503408223154709,12,0,7.604823031033224,1.0,8,6,15.631215330215634,1.3670274495657264,1.367027449565726,0.0,0.0,-1,0,0,nan,nan,nan,8.56041065576488,2.9622211347251346,1.0469190104671167,0.19415553427469148,0,1,0.5641025641025641,0.5299145299145299,207901,4
13,basis_0005_28a508d44809.npz,27,"(10, 2, 1, 0, 0, 0, 0, 0, 0)",4,4,1,10,6,0,4,10,3,0,14,27,0,0,inf,5,0.0,4.363698524025067,10,0,7.2571803523590805,1.0,6,6,15.618887276584227,1.2051901626273784,1.205190162627378,0.0,0.0,-1,0,0,nan,nan,nan,8.576455699587244,2.965574887302863,1.0376072358068038,0.19417021677029705,1,2,0.6153846153846154,0.5042735042735043,207901,4
13,basis_0005_28a508d44809.npz,28,"(10, 2, 1, 0, 0, 0, 0, 0, 0)",4,4,1,12,8,0,4,12,1,0,14,27,0,0,inf,5,0.0,5.2756694688290775,12,0,9.827076298239907,1.285714285714286,8,6,16.17678684693394,1.2383198776221034,1.2383198776221027,0.0,1.5299068443312297e-16,-1,0,0,nan,nan,nan,8.394379116207931,2.8043264358774582,1.0120167715479793,0.19297001804203118,1,0,0.5384615384615384,0.6324786324786325,207901,4
13,basis_0005_28a508d44809.npz,29,"(10, 2, 1, 0, 0, 0, 0, 0, 0)",4,4,1,10,6,0,4,10,3,0,14,27,0,0,inf,5,0.0,6.611927181541923,10,0,8.286535263104037,1.0,6,6,16.034282120724946,1.1488391649087026,1.1488391649087024,0.0,3.546457177149905e-17,-1,0,0,nan,nan,nan,8.434524100298125,2.8217962361824407,1.009978124395381,0.19318496113090072,2,1,0.5897435897435898,0.5641025641025641,207901,4
13,basis_0005_28a508d44809.npz,30,"(10, 2, 1, 0, 0, 0, 0, 0, 0)",4,4,1,12,8,0,4,12,1,0,14,27,0,0,inf,5,0.0,5.354771151769517,12,0,8.16736691675727,1.3529411764705883,8,6,16.225944802936112,1.8138809971962933,1.813880997196292,0.0,0.0,-1,0,0,nan,nan,nan,8.17876693651989,2.784835899898385,0.9753596753419865,0.1907493459230729,0,1,0.5726495726495726,0.5299145299145299,207901,4
13,basis_0005_28a508d44809.npz,31,"(8, 2, 2, 1, 0, 0, 0, 0, 0)",4,4,1,13,9,0,4,13,0,1,14,27,0,0,inf,5,1.3295062441208575e-49,4.562028549419784,13,0,8.642317696799498,1.5517241379310347,9,6,15.641080953966867,1.9600299837979347,1.9600299837979342,0.0,1.0153087601402897,-1,0,0,nan,nan,nan,8.481755213417756,2.9625672413610795,1.0374327586389203,0.19301191518788738,0,0,0.5299145299145299,0.5726495726495726,207901,4
13,basis_0005_28a508d44809.npz,32,"(10, 2, 1, 0, 0, 0, 0, 0, 0)",4,4,1,10,6,0,4,10,3,0,14,27,0,0,inf,5,0.0,4.297375886954372,10,0,6.782329983125268,1.0,6,6,15.60904230939883,1.0527616511919549,1.0527616511919549,0.0,1.7939403994817852e-32,-1,0,0,nan,nan,nan,8.625118332595067,2.965230732680792,1.0398933822572871,0.19479458955655346,0,3,0.5213675213675214,0.48717948717948717,207901,4
13,basis_0005_28a508d44809.npz,33,"(8, 3, 1, 1, 0, 0, 0, 0, 0)",4,4,1,11,7,0,4,11,2,0,14,27,0,0,inf,5,2.8493695827540366e-49,6.341127249591741,11,0,8.89662857491533,1.0999999999999994,7,6,15.96554808318664,1.4916754503130745,1.4916754503130742,0.0,0.0,-1,0,0,nan,nan,nan,8.414115283116162,2.737290419875892,1.0396563308251545,0.19326372968407915,0,2,0.5897435897435898,0.5555555555555556,207901,4
13,basis_0005_28a508d44809.npz,34,"(10, 2, 1, 0, 0, 0, 0, 0, 0)",4,4,1,10,6,0,4,10,3,0,14,27,0,0,inf,5,0.0,4.297375886954372,10,0,7.14142842854285,1.0,6,6,15.60904230939883,1.0527616511919549,1.0527616511919549,0.0,0.0,-1,0,0,nan,nan,nan,8.629085364483473,2.966085048545832,1.0387796502934452,0.19482908118260284,1,2,0.5641025641025641,0.49572649572649574,207901,4
13,basis_0005_28a508d44809.npz,35,"(9, 3, 1, 0, 0, 0, 0, 0, 0)",4,4,1,13,9,0,4,13,0,1,14,27,0,0,inf,5,0.0,4.858981684289855,13,0,8.858362615929318,1.0,9,6,16.330082537585042,1.2379478159525368,1.2379478159525348,0.0,1.5216624254024502,-1,0,0,nan,nan,nan,8.433704739936923,2.7902889508542428,1.0218637192981637,0.19414368140047458,0,0,0.6239316239316239,0.5042735042735043,207901,4
13,basis_0005_28a508d44809.npz,36,"(9, 2, 1, 1, 0, 0, 0, 0, 0)",4,4,1,12,8,0,5,12,1,0,14,27,0,0,inf,4,3.380791996311994e-17,8.637668130277671,12,0,9.635582205785203,1.0,8,6,15.635992660881447,1.889384198536741,1.8893841985367408,0.0,2.567670886071274e-16,-1,0,0,nan,nan,nan,8.12414433380168,2.655433786533116,1.0160273178023704,0.1883971503788564,0,1,0.6153846153846154,0.5897435897435898,207901,4
13,basis_0005_28a508d44809.npz,37,"(8, 2, 2, 1, 0, 0, 0, 0, 0)",4,4,1,12,8,0,5,12,1,0,14,27,0,0,inf,4,3.283452788122585e-34,6.036339637580045,12,0,9.50805185665983,1.2418300653594772,8,6,16.097071250493528,2.1388133200018067,2.138813320001806,0.0,3.79657408052906e-17,-1,0,0,nan,nan,nan,8.079527241077972,2.786190026030599,0.977244131380453,0.19220025990944137,1,0,0.6153846153846154,0.5726495726495726,207901,4
13,basis_0005_28a508d44809.npz,38,"(7, 3, 2, 1, 0, 0, 0, 0, 0)",4,4,1,13,9,0,4,13,0,1,14,27,0,0,inf,5,0.0,5.227519383754745,13,0,8.95286804068094,1.4615384615384621,9,6,15.620620844354153,1.4384302401541031,1.438430240154103,0.0,1.0621099405165277,-1,0,0,nan,nan,nan,8.41592623703769,2.9651719813553314,1.0405517791056285,0.1922378653203383,0,0,0.5641025641025641,0.5299145299145299,207901,4
13,basis_0005_28a508d44809.npz,39,"(9, 3, 1, 0, 0, 0, 0, 0, 0)",4,4,1,11,7,0,4,11,2,0,14,27,0,0,inf,5,0.0,5.543183563299401,11,0,11.696687565289585,1.484375,7,6,17.828689580833448,1.2454273922869157,1.2454273922869148,0.0,0.0,-1,0,0,nan,nan,nan,8.404942471641656,2.8203915696672865,1.0165020976274022,0.1937473143179251,0,2,0.7094017094017094,0.5213675213675214,207901,4
13,basis_0005_28a508d44809.npz,40,"(10, 2, 1, 0, 0, 0, 0, 0, 0)",4,4,1,12,8,0,4,12,1,0,14,27,0,0,inf,5,0.0,4.383400294174951,12,0,8.944271909999161,1.0,8,6,15.62108457932834,1.203664080684979,1.2036640806849785,0.0,5.199031943763399e-17,-1,0,0,nan,nan,nan,8.597807062464335,2.9636394848798866,1.0383120891623736,0.19445002046291304,0,1,0.6153846153846154,0.5128205128205128,207901,4
13,basis_0005_28a508d44809.npz,41,"(6, 4, 2, 1, 0, 0, 0, 0, 0)",4,4,1,11,7,0,5,11,2,0,14,27,0,0,inf,4,2.1263977631075817e-17,5.928517245426042,11,0,9.235026490796562,1.4285714285714286,7,6,16.835930293603848,1.183355331920528,1.1833553319205272,0.0,8.236698846343381e-29,-1,0,0,nan,nan,nan,8.003442125547814,2.7129242656040304,1.017346703340946,0.1895106119244008,1,1,0.5555555555555556,0.6239316239316239,207901,4
13,basis_0005_28a508d44809.npz,42,"(10, 2, 1, 0, 0, 0, 0, 0, 0)",4,4,1,12,8,0,4,12,1,0,14,27,0,0,inf,5,0.0,5.286169123848698,12,0,9.308214498111715,1.285714285714286,8,6,16.17878883363131,1.2247844935430645,1.2247844935430636,0.0,0.0,-1,0,0,nan,nan,nan,8.423576284835795,2.8099777619635797,1.0213772565584471,0.19385309337563228,1,0,0.49572649572649574,0.6153846153846154,207901,4
13,basis_0005_28a508d44809.npz,43,"(9, 2, 1, 1, 0, 0, 0, 0, 0)",4,4,1,12,8,0,4,12,1,0,14,27,0,0,inf,5,0.0,4.742459963714128,12,0,9.682974749528164,1.52,8,6,16.039390054841935,1.1556639010012315,1.155663901001231,0.0,1.1959084771299746e-16,-1,0,0,nan,nan,nan,8.375986073073138,2.790176763672547,0.981978713674829,0.19324933904672903,0,1,0.6666666666666666,0.5299145299145299,207901,4
13,basis_0005_28a508d44809.npz,44,"(9, 2, 1, 1, 0, 0, 0, 0, 0)",4,4,1,11,7,0,4,11,2,0,14,27,0,0,inf,5,0.0,6.036325215675133,11,0,9.327379053088816,1.3333333333333341,7,6,16.712164352205225,1.2020726849629348,1.202072684962934,0.0,8.397741435942693e-28,-1,0,0,nan,nan,nan,8.295434599135474,2.7303044885571643,0.998532278187609,0.19093589266336647,1,1,0.6324786324786325,0.5470085470085471,207901,4
13,basis_0005_28a508d44809.npz,45,"(9, 2, 1, 1, 0, 0, 0, 0, 0)",4,4,1,11,7,0,4,11,2,0,14,27,0,0,inf,5,0.0,6.036325215675133,11,0,9.15605446321358,1.3333333333333344,7,6,16.712164352205225,1.2020726849629346,1.2020726849629337,0.0,0.0,-1,0,0,nan,nan,nan,8.37223458059815,2.7480432483071495,1.0208718071196907,0.1934098566775628,1,1,0.5470085470085471,0.6068376068376068,207901,4
13,basis_0005_28a508d44809.npz,46,"(10, 2, 1, 0, 0, 0, 0, 0, 0)",4,4,1,13,9,0,5,13,0,1,14,27,0,0,inf,4,1.3339063367108358e-17,7.424339268380325,13,0,9.758285604092272,1.4827586206896548,9,6,16.198848818846844,1.8205984274334719,1.8205984274334712,0.0,1.414213562373095,-1,0,0,nan,nan,nan,8.059481445406329,2.7730767006220347,0.9721691549033484,0.18913697642774366,0,0,0.5982905982905983,0.5726495726495726,207901,4
13,basis_0005_28a508d44809.npz,47,"(9, 2, 1, 1, 0, 0, 0, 0, 0)",4,4,1,11,7,0,4,11,2,0,14,27,0,0,inf,5,0.0,5.256178277413193,11,0,9.280804562823922,1.3333333333333335,7,6,16.171913246186776,1.1414312979363734,1.1414312979363725,0.0,0.0,-1,0,0,nan,nan,nan,8.396503849096158,2.836280177327702,1.0247597395712722,0.19356670497295328,2,0,0.49572649572649574,0.6153846153846154,207901,4
13,basis_0005_28a508d44809.npz,48,"(10, 2, 1, 0, 0, 0, 0, 0, 0)",4,4,1,12,8,0,4,12,1,0,14,27,0,0,inf,5,1.392766631851022e-50,4.496131122167917,12,0,7.0,1.0,8,6,15.63338336690885,1.2097580356068944,1.2097580356068938,0.0,1.2485806300892185e-16,-1,0,0,nan,nan,nan,8.566487001024853,2.964998533880615,1.0390340476750115,0.19380783344587033,1,0,0.4700854700854701,0.5897435897435898,207901,4
13,basis_0005_28a508d44809.npz,49,"(10, 2, 1, 0, 0, 0, 0, 0, 0)",4,4,1,11,7,0,4,11,2,0,14,27,0,0,inf,5,0.0,4.450393395922876,11,0,8.0156097709407,1.0,7,6,15.630981172126248,1.7360277412169032,1.7360277412169027,0.0,2.240277022544553e-17,-1,0,0,nan,nan,nan,8.503989288383329,2.9619405865295354,1.0451157618390234,0.19314076464897145,1,1,0.5982905982905983,0.5213675213675214,207901,4
13,basis_0006_7a57720af5cc.npz,0,"(9, 2, 1, 1, 0, 0, 0, 0, 0)",4,4,1,12,8,0,4,12,1,0,14,27,0,0,inf,5,0.0,6.710443370183638,12,0,8.035248433701623,1.0,8,6,15.836432557200046,1.4462212957018339,1.446221295701833,0.0,1.8034368899380887e-16,-1,0,0,nan,nan,nan,8.326514122719656,2.7078688686643266,0.957059884517911,0.19201498505197326,0,1,0.5726495726495726,0.5641025641025641,192993,4
13,basis_0006_7a57720af5cc.npz,1,"(10, 1, 1, 1, 0, 0, 0, 0, 0)",4,4,1,11,7,0,4,11,2,0,14,27,0,0,inf,5,0.0,7.18053786751133,11,0,8.390470785361213,1.2000000000000006,7,6,15.965903358879885,0.8306016750049398,0.8306016750049391,0.0,7.12329031883708e-18,-1,0,0,nan,nan,nan,8.394605547106915,2.7181458751655154,0.9809744822586453,0.19207064209295174,1,1,0.5384615384615384,0.5641025641025641,192993,4
13,basis_0006_7a57720af5cc.npz,2,"(10, 1, 1, 1, 0, 0, 0, 0, 0)",4,4,1,10,6,0,4,10,3,0,14,27,0,0,inf,5,0.0,4.997134284426712,10,0,7.733045971672481,1.2000000000000004,6,6,15.965903358879885,0.8306016750049402,0.830601675004939,0.0,0.0,-1,0,0,nan,nan,nan,8.436149206282282,2.7685092606526425,1.0007166273090993,0.1944291537935605,1,2,0.5470085470085471,0.5213675213675214,192993,4
13,basis_0006_7a57720af5cc.npz,3,"(9, 2, 1, 1, 0, 0, 0, 0, 0)",4,4,1,10,6,0,4,10,3,0,14,27,0,0,inf,5,0.0,7.29917502277265,10,0,6.938505396903366,1.0,6,6,15.403437776690234,1.3929737351001634,1.3929737351001632,0.0,4.8478201213486295e-18,-1,0,0,nan,nan,nan,8.367701362119563,2.715822564845487,1.0191860650096796,0.193150995337923,3,0,0.4700854700854701,0.6153846153846154,192993,4
13,basis_0006_7a57720af5cc.npz,4,"(8, 3, 1, 1, 0, 0, 0, 0, 0)",4,4,1,11,7,0,4,11,2,0,14,27,0,0,inf,5,0.0,5.0924376781385305,11,0,8.648699324175862,1.2000000000000006,7,6,15.976156819319515,1.2883313134235244,1.2883313134235237,0.0,8.761637171705588e-18,-1,0,0,nan,nan,nan,8.465523161240025,2.84797075540592,1.010960915603993,0.19455850725427457,1,1,0.5726495726495726,0.5299145299145299,192993,4
13,basis_0006_7a57720af5cc.npz,5,"(9, 2, 1, 1, 0, 0, 0, 0, 0)",4,4,1,12,8,0,4,12,1,0,14,27,0,0,inf,5,0.0,4.233262273921878,12,0,7.060180864974625,1.0,8,6,15.428108082779282,1.6236091212109627,1.6236091212109616,0.0,2.3343668612935685e-16,-1,0,0,nan,nan,nan,8.526794590147869,2.9628113173783954,1.0371886826216048,0.193570060498265,1,0,0.4700854700854701,0.6153846153846154,192993,4
13,basis_0006_7a57720af5cc.npz,6,"(10, 1, 1, 1, 0, 0, 0, 0, 0)",4,4,1,10,6,0,4,10,3,0,14,27,0,0,inf,5,0.0,4.056406475623314,10,0,7.0710678118654755,1.0,6,6,15.402607934914863,0.8219005189062131,0.8219005189062131,0.0,4.289598420250913e-18,-1,0,0,nan,nan,nan,8.634024661813022,2.9647864275252114,1.0352135724747886,0.19486218327321012,2,1,0.47863247863247865,0.5384615384615384,192993,4
13,basis_0006_7a57720af5cc.npz,7,"(9, 2, 1, 1, 0, 0, 0, 0, 0)",4,4,1,10,6,0,4,10,3,0,14,27,0,0,inf,5,3.3950572851435787e-49,5.264118637971313,10,0,8.04379902177464,1.2972972972972974,6,6,15.981092692760937,1.5683703667336943,1.5683703667336935,0.0,9.483727446282387e-19,-1,0,0,nan,nan,nan,8.24847842157814,2.7411236452478778,0.9936241452522581,0.19194961572951982,1,2,0.6068376068376068,0.5213675213675214,192993,4
13,basis_0006_7a57720af5cc.npz,8,"(10, 1, 1, 1, 0, 0, 0, 0, 0)",4,4,1,8,4,0,4,8,5,0,14,27,0,0,inf,5,0.0,4.056406475623314,8,0,5.385164807134504,1.0,4,6,15.402607934914863,0.8219005189062131,0.8219005189062131,0.0,0.0,-1,0,0,nan,nan,nan,8.618902128120014,2.964538820797588,1.0354611792024124,0.19470851714049237,1,4,0.5982905982905983,0.42735042735042733,192993,4
13,basis_0006_7a57720af5cc.npz,9,"(7, 4, 1, 1, 0, 0, 0, 0, 0)",4,4,1,12,8,0,6,12,1,0,14,27,0,0,inf,3,2.9447560691050263e-33,8.260963756904696,12,0,10.919434168178839,1.2553191489361757,8,6,15.736538787389403,1.0833962960085206,1.0833962960085202,0.0,3.057385236658804e-16,-1,0,0,nan,nan,nan,7.920704749660717,2.803360413657702,1.0057002137595652,0.18854465966636422,1,0,0.5470085470085471,0.7350427350427351,192993,4
13,basis_0006_7a57720af5cc.npz,10,"(9, 2, 1, 1, 0, 0, 0, 0, 0)",4,4,1,10,6,0,6,10,3,0,14,27,0,0,inf,3,0.0,5.589423756637678,10,0,5.909575020513482,1.0,6,6,15.428108082779282,1.6236091212109622,1.6236091212109613,0.0,0.0,-1,0,0,nan,nan,nan,8.028904621085948,2.9642580038983124,1.0357419961016876,0.19043945340242938,1,2,0.5982905982905983,0.49572649572649574,192993,4
13,basis_0006_7a57720af5cc.npz,11,"(9, 2, 1, 1, 0, 0, 0, 0, 0)",4,4,1,13,9,0,4,13,0,1,14,27,0,0,inf,5,0.0,4.1097337019866975,13,0,8.94427190999916,1.0,9,6,15.407740809738572,1.1470407632878086,1.1470407632878084,0.0,1.2550508010303676,-1,0,0,nan,nan,nan,8.579037564207031,2.9630889077994467,1.0369110922005533,0.19442150651341378,0,0,0.5299145299145299,0.5384615384615384,192993,4
13,basis_0006_7a57720af5cc.npz,12,"(9, 1, 1, 1, 1, 0, 0, 0, 0)",4,4,1,13,9,0,5,13,0,1,14,27,0,0,inf,4,0.0,4.439606872158843,13,0,8.755950357709132,1.0,9,6,15.41269431688421,0.9996638855010309,0.9996638855010305,0.0,1.4458291760853348,-1,0,0,nan,nan,nan,8.240538058878936,2.9599077885258773,1.0400922114741227,0.19206643539391208,0,0,0.5982905982905983,0.49572649572649574,192993,4
13,basis_0006_7a57720af5cc.npz,13,"(9, 2, 1, 1, 0, 0, 0, 0, 0)",4,4,1,11,7,0,4,11,2,0,14,27,0,0,inf,5,0.0,5.041851957870947,11,0,9.025888691240695,1.2000000000000008,7,6,15.970993506014887,1.2076384822616522,1.2076384822616513,0.0,3.757329189020678e-18,-1,0,0,nan,nan,nan,8.422726868606786,2.7858545559455763,0.9976737209696396,0.19403310232594168,1,1,0.5213675213675214,0.5982905982905983,192993,4
13,basis_0006_7a57720af5cc.npz,14,"(10, 1, 1, 1, 0, 0, 0, 0, 0)",4,4,1,12,8,0,4,12,1,0,14,27,0,0,inf,5,0.0,4.1092255816093575,12,0,8.48528137423857,1.0,8,6,15.41269431688421,0.9996638855010309,0.9996638855010305,0.0,9.653436950761039e-17,-1,0,0,nan,nan,nan,8.560508313632647,2.9641081552599604,1.0358918447400398,0.19382655238970264,1,0,0.5042735042735043,0.5641025641025641,192993,4
13,basis_0006_7a57720af5cc.npz,15,"(9, 1, 1, 1, 1, 0, 0, 0, 0)",4,4,1,12,8,0,5,12,1,0,14,27,0,0,inf,4,0.0,4.551074082507004,12,0,8.774964387392123,1.0,8,6,15.41269431688421,0.9996638855010328,0.999663885501032,0.0,1.3020585507804377e-16,-1,0,0,nan,nan,nan,8.280750352343933,2.9633633331024787,1.0366366668975213,0.19252760479770306,0,1,0.6495726495726496,0.48717948717948717,192993,4
13,basis_0006_7a57720af5cc.npz,16,"(8, 3, 1, 1, 0, 0, 0, 0, 0)",4,4,1,11,7,0,4,11,2,0,14,27,0,0,inf,5,0.0,5.0924376781385305,11,0,8.354639429682166,1.2000000000000006,7,6,15.976156819319513,1.2883313134235248,1.2883313134235237,0.0,1.2282973529694578e-17,-1,0,0,nan,nan,nan,8.378838210037799,2.7865416979504363,0.9991324866941512,0.19342099696684695,0,2,0.6666666666666666,0.46153846153846156,192993,4
13,basis_0006_7a57720af5cc.npz,17,"(10, 1, 1, 1, 0, 0, 0, 0, 0)",4,4,1,11,7,0,5,11,2,0,14,27,0,0,inf,4,0.0,5.096456105191434,11,0,7.132087118555596,1.2000000000000008,7,6,15.970993506014887,1.2076384822616522,1.2076384822616513,0.0,3.808446541455185e-29,-1,0,0,nan,nan,nan,8.167883550238471,2.7620782380348405,0.9699374141891576,0.1908932297881701,1,1,0.47863247863247865,0.5213675213675214,192993,4
13,basis_0006_7a57720af5cc.npz,18,"(9, 2, 1, 1, 0, 0, 0, 0, 0)",4,4,1,10,6,0,5,10,3,0,14,27,0,0,inf,4,1.1837966682737848e-49,5.298817311232937,10,0,7.094598884597588,1.0,6,6,15.41269431688421,0.9996638855010336,0.9996638855010334,0.0,5.183249570065596e-17,-1,0,0,nan,nan,nan,8.329361686471909,2.9628560205476466,1.0371439794523536,0.19082040556297955,1,2,0.5641025641025641,0.5726495726495726,192993,4
13,basis_0006_7a57720af5cc.npz,19,"(9, 2, 1, 1, 0, 0, 0, 0, 0)",4,4,1,11,7,0,4,11,2,0,14,27,0,0,inf,5,0.0,4.158730591000857,11,0,7.322909257938405,1.0,7,6,15.417810273710074,1.5658820768656032,1.565882076865602,0.0,2.971842238201557e-17,-1,0,0,nan,nan,nan,8.507385331365652,2.965299724222417,1.0347002757775832,0.19299417803485935,1,1,0.5213675213675214,0.5299145299145299,192993,4
13,basis_0006_7a57720af5cc.npz,20,"(8, 2, 2, 1, 0, 0, 0, 0, 0)",4,4,1,12,8,0,4,12,1,0,14,27,0,0,inf,5,1.242163586789532e-49,6.690764291558604,12,0,9.519489989236419,1.1034482758620696,8,6,16.12798114121631,1.4219282692125228,1.4219282692125224,0.0,3.080150864870881e-16,-1,0,0,nan,nan,nan,8.305827928311503,2.6382285228897837,0.9807311293398713,0.1912314640942074,0,1,0.6324786324786325,0.5299145299145299,192993,4
13,basis_0006_7a57720af5cc.npz,21,"(10, 1, 1, 1, 0, 0, 0, 0, 0)",4,4,1,10,6,0,4,10,3,0,14,27,0,0,inf,5,0.0,4.997134284426712,10,0,9.132360045464699,1.200000000000001,6,6,15.965903358879885,0.8306016750049396,0.8306016750049385,0.0,1.921338906596168e-34,-1,0,0,nan,nan,nan,8.473223026699214,2.7839350721040366,1.0039761546122687,0.19449925221919065,0,3,0.6837606837606838,0.5042735042735043,192993,4
13,basis_0006_7a57720af5cc.npz,22,"(9, 2, 1, 1, 0, 0, 0, 0, 0)",4,4,1,12,8,0,4,12,1,0,14,27,0,0,inf,5,0.0,6.007970919152797,12,0,12.006942436218585,1.1666666666666672,8,6,18.11799555846479,0.9061610479687376,0.9061610479687366,0.0,1.6916441263916496e-16,-1,0,0,nan,nan,nan,8.404484602312268,2.694008937223086,1.0048524903671296,0.19417389811033398,0,1,0.6068376068376068,0.5726495726495726,192993,4
13,basis_0006_7a57720af5cc.npz,23,"(8, 3, 1, 1, 0, 0, 0, 0, 0)",4,4,1,10,6,0,4,10,3,0,14,27,0,0,inf,5,3.1349773033753126e-48,4.219132454628133,10,0,6.6332495807108005,1.0000000000000002,6,6,15.423005518631664,1.7936112163623492,1.7936112163623483,0.0,2.3624842843605396e-19,-1,0,0,nan,nan,nan,8.50492256546805,2.9611310352522766,1.0388689647477234,0.19329224982995175,3,0,0.42735042735042733,0.6581196581196581,192993,4
13,basis_0006_7a57720af5cc.npz,24,"(8, 3, 1, 1, 0, 0, 0, 0, 0)",4,4,1,10,6,0,5,10,3,0,14,27,0,0,inf,4,1.1560303964847343e-33,7.0806179887220235,10,0,8.342661445845682,1.2000000000000004,6,6,15.976156819319513,1.2883313134235248,1.2883313134235237,0.0,6.640703801192496e-18,-1,0,0,nan,nan,nan,8.135935648362192,2.7515987612137343,0.9728225673840771,0.19114346933386167,2,1,0.5470085470085471,0.6153846153846154,192993,4
13,basis_0006_7a57720af5cc.npz,25,"(7, 4, 1, 1, 0, 0, 0, 0, 0)",4,4,1,10,6,0,4,10,3,0,14,27,0,0,inf,5,0.0,5.2433535491392105,10,0,6.164414002968976,1.0,6,6,15.763398555232003,1.7945739831325092,1.7945739831325076,0.0,0.0,-1,0,0,nan,nan,nan,8.299656695309487,2.7126416528591526,0.9676699957680143,0.1909209996811085,0,3,0.6239316239316239,0.48717948717948717,192993,4
13,basis_0006_7a57720af5cc.npz,26,"(9, 2, 1, 1, 0, 0, 0, 0, 0)",4,4,1,10,6,0,4,10,3,0,14,27,0,0,inf,5,0.0,4.678317837856523,10,0,8.0,1.0,6,6,16.131961770002402,0.9731002142267255,0.9731002142267233,0.0,0.0,-1,0,0,nan,nan,nan,8.546020887416116,2.8550077615192166,1.0200984130891835,0.19550660414181828,1,2,0.5897435897435898,0.5299145299145299,192993,4
13,basis_0006_7a57720af5cc.npz,27,"(9, 1, 1, 1, 1, 0, 0, 0, 0)",4,4,1,11,7,0,5,11,2,0,14,27,0,0,inf,4,0.0,6.102274505951512,11,0,8.406346808612327,1.0,7,6,15.407740809738572,1.1470407632878088,1.1470407632878086,0.0,0.0,-1,0,0,nan,nan,nan,8.351231784921783,2.964517384946618,1.035482615053382,0.19309614525253063,1,1,0.5470085470085471,0.5811965811965812,192993,4
13,basis_0006_7a57720af5cc.npz,28,"(10, 1, 1, 1, 0, 0, 0, 0, 0)",4,4,1,9,5,0,5,9,4,0,14,27,0,0,inf,4,0.0,9.228984840892704,9,0,9.695359714832659,1.0,5,6,15.402607934914863,0.8219005189062131,0.8219005189062131,0.0,1.510126736645385e-34,-1,0,0,nan,nan,nan,8.312795771421051,2.749375968366711,0.9683559056331874,0.1919426613460936,1,3,0.6581196581196581,0.5213675213675214,192993,4
13,basis_0006_7a57720af5cc.npz,29,"(9, 2, 1, 1, 0, 0, 0, 0, 0)",4,4,1,11,7,0,4,11,2,0,14,27,0,0,inf,5,2.0785347973892169e-50,4.430975301140382,11,0,7.054731091206153,1.230769230769231,7,6,15.428108082779282,1.6236091212109618,1.623609121210961,0.0,4.5202763600402324e-17,-1,0,0,nan,nan,nan,8.404288300271455,2.965062017191103,1.0349379828088972,0.19261047160410552,2,0,0.4358974358974359,0.6752136752136753,192993,4
13,basis_0006_7a57720af5cc.npz,30,"(10, 1, 1, 1, 0, 0, 0, 0, 0)",4,4,1,10,6,0,4,10,3,0,14,27,0,0,inf,5,0.0,4.56605494949372,10,0,7.702813338860896,1.0,6,6,15.831233473222401,1.0161425315144796,1.0161425315144792,0.0,0.0,-1,0,0,nan,nan,nan,8.501978120821796,2.8477553029930336,0.9901161766547637,0.19502513640996658,1,2,0.5982905982905983,0.5042735042735043,192993,4
13,basis_0006_7a57720af5cc.npz,31,"(8, 2, 2, 1, 0, 0, 0, 0, 0)",4,4,1,12,8,0,5,12,1,0,14,27,0,0,inf,4,0.0,5.453896825795077,12,0,8.886551801441772,1.0,8,6,16.152167778673466,2.1381542928045487,2.1381542928045465,0.0,1.35763629051165e-16,-1,0,0,nan,nan,nan,8.323693839107369,2.8486041918748026,1.0163968472618288,0.19468729505942847,0,1,0.5982905982905983,0.5555555555555556,192993,4
13,basis_0006_7a57720af5cc.npz,32,"(8, 3, 1, 1, 0, 0, 0, 0, 0)",4,4,1,11,7,0,4,11,2,0,14,27,0,0,inf,5,0.0,5.0924376781385305,10,0,8.330666239863413,1.2000000000000004,7,6,15.976156819319513,1.288331313423525,1.2883313134235244,0.0,1.504630658302358e-36,-1,0,0,nan,nan,nan,8.31044264456205,2.8253979636653286,1.004355052804088,0.19087604085409526,2,0,0.5042735042735043,0.5726495726495726,192993,4
13,basis_0006_7a57720af5cc.npz,33,"(10, 1, 1, 1, 0, 0, 0, 0, 0)",4,4,1,13,9,0,4,13,0,1,14,27,0,0,inf,5,0.0,4.997134284426712,13,0,9.2951600308978,1.2000000000000013,9,6,15.965903358879885,0.8306016750049395,0.8306016750049382,0.0,1.599861291437493,-1,0,0,nan,nan,nan,8.438275771595446,2.793152869766531,1.003483008662766,0.1940158110821931,0,0,0.5555555555555556,0.5384615384615384,192993,4
13,basis_0006_7a57720af5cc.npz,34,"(9, 2, 1, 1, 0, 0, 0, 0, 0)",4,4,1,10,6,0,4,10,3,0,14,27,0,0,inf,5,0.0,5.041851957870947,10,0,8.418234177466594,1.2000000000000008,6,6,15.970993506014887,1.2076384822616524,1.2076384822616515,0.0,1.514032782743927e-29,-1,0,0,nan,nan,nan,8.394430505254638,2.803657520642952,1.0010268123573551,0.19284598072915532,0,3,0.6324786324786325,0.47863247863247865,192993,4
13,basis_0006_7a57720af5cc.npz,35,"(10, 1, 1, 1, 0, 0, 0, 0, 0)",4,4,1,11,7,0,4,11,2,0,14,27,0,0,inf,5,0.0,4.1092255816093575,11,0,8.48528137423857,1.0,7,6,15.41269431688421,0.9996638855010336,0.9996638855010329,0.0,0.0,-1,0,0,nan,nan,nan,8.572550967413104,2.964268672164696,1.035731327835304,0.19404151591749128,2,0,0.5042735042735043,0.5982905982905983,192993,4
13,basis_0006_7a57720af5cc.npz,36,"(10, 1, 1, 1, 0, 0, 0, 0, 0)",4,4,1,8,4,0,4,8,5,0,14,27,0,0,inf,5,0.0,4.056406475623314,8,0,6.0,1.0,4,6,15.402607934914863,0.8219005189062131,0.8219005189062131,0.0,0.0,-1,0,0,nan,nan,nan,8.618634940279582,2.9650769299515285,1.0349230700484715,0.19479605936435096,4,1,0.4358974358974359,0.6581196581196581,192993,4
13,basis_0006_7a57720af5cc.npz,37,"(9, 2, 1, 1, 0, 0, 0, 0, 0)",4,4,1,12,8,0,4,12,1,0,14,27,0,0,inf,5,0.0,4.699806315296397,12,0,9.072358695934167,1.1538461538461546,8,6,16.143873555868232,1.0124578029812246,1.0124578029812217,0.0,6.72594312460439e-17,-1,0,0,nan,nan,nan,8.507565425680122,2.8222951681939286,1.0357305384078261,0.19520513612146578,0,1,0.5213675213675214,0.5811965811965812,192993,4
13,basis_0006_7a57720af5cc.npz,38,"(9, 2, 1, 1, 0, 0, 0, 0, 0)",4,4,1,10,6,0,4,10,3,0,14,27,0,0,inf,5,0.0,7.2315611133593665,10,0,8.058904760942763,1.2432432432432436,6,6,15.967758060992889,1.5264881318355044,1.526488131835504,0.0,1.6634808046895577e-33,-1,0,0,nan,nan,nan,8.334465315968735,2.6584281019631004,1.0077865871417468,0.19369395350296456,1,2,0.5470085470085471,0.5726495726495726,192993,4
13,basis_0006_7a57720af5cc.npz,39,"(10, 1, 1, 1, 0, 0, 0, 0, 0)",4,4,1,9,5,0,4,9,4,0,14,27,0,0,inf,5,0.0,4.056406475623314,9,0,6.855654600401044,1.0,5,6,15.402607934914863,0.8219005189062131,0.8219005189062131,0.0,7.6440841293435814e-34,-1,0,0,nan,nan,nan,8.64355279214845,2.9644168858184163,1.0355831141815834,0.19496453996534743,4,0,0.42735042735042733,0.6581196581196581,192993,4
13,basis_0006_7a57720af5cc.npz,40,"(10, 1, 1, 1, 0, 0, 0, 0, 0)",4,4,1,10,6,0,4,10,3,0,14,27,0,0,inf,5,5.056274453281218e-50,5.061350230749919,10,0,8.639609779547751,1.285714285714286,6,6,15.976018723168844,1.0023494170256315,1.0023494170256306,0.0,1.909879152835395e-33,-1,0,0,nan,nan,nan,8.384607071441454,2.7699031794223203,1.0024384906033075,0.19336299054117903,1,2,0.5982905982905983,0.5726495726495726,192993,4
13,basis_0006_7a57720af5cc.npz,41,"(10, 1, 1, 1, 0, 0, 0, 0, 0)",4,4,1,12,8,0,4,12,1,0,14,27,0,0,inf,5,0.0,5.061350230749919,12,0,8.489489299800582,1.2857142857142863,8,6,15.976018723168844,1.002349417025632,1.0023494170256313,0.0,8.834566733709188e-17,-1,0,0,nan,nan,nan,8.440703461639622,2.76205054300326,0.9972393937243952,0.19403307327384192,1,0,0.5042735042735043,0.6068376068376068,192993,4
13,basis_0006_7a57720af5cc.npz,42,"(10, 1, 1, 1, 0, 0, 0, 0, 0)",4,4,1,10,6,0,4,10,3,0,14,27,0,0,inf,5,0.0,5.736647557084567,10,0,7.2226495600068175,1.333333333333333,6,6,15.84000881181066,1.0578553408320561,1.0578553408320555,0.0,1.863810588203635e-34,-1,0,0,nan,nan,nan,8.434201047547756,2.841445306980651,0.9991639687418075,0.1928688117931673,1,2,0.5555555555555556,0.5384615384615384,192993,4
13,basis_0006_7a57720af5cc.npz,43,"(10, 1, 1, 1, 0, 0, 0, 0, 0)",4,4,1,10,6,0,4,10,3,0,14,27,0,0,inf,5,0.0,4.056406475623314,10,0,7.416198487095663,1.0,6,6,15.402607934914863,0.8219005189062131,0.8219005189062131,0.0,8.308635327320567e-35,-1,0,0,nan,nan,nan,8.644404544999647,2.965581668451721,1.0344183315482791,0.1949656406426753,1,2,0.6068376068376068,0.49572649572649574,192993,4
13,basis_0006_7a57720af5cc.npz,44,"(10, 1, 1, 1, 0, 0, 0, 0, 0)",4,4,1,12,8,0,4,12,1,0,14,27,0,0,inf,5,5.824783264806972e-50,5.8738916047880085,12,0,9.239859306288166,1.375,8,6,16.52141316823501,1.0042883230513133,1.0042883230513122,0.0,1.814489286387653e-17,-1,0,0,nan,nan,nan,8.415639545377084,2.742858115349265,0.9953770530122366,0.19364225594037893,0,1,0.5982905982905983,0.5299145299145299,192993,4
13,basis_0006_7a57720af5cc.npz,45,"(7, 3, 2, 1, 0, 0, 0, 0, 0)",4,4,1,12,8,0,5,12,1,0,14,27,0,0,inf,4,9.395282377928844e-33,6.568544769190586,12,0,10.127931674335091,1.0,8,6,16.407851249761393,1.2164913432853168,1.2164913432853162,0.0,4.766417239826939e-17,-1,0,0,nan,nan,nan,7.979002815604119,2.6398015978080096,0.9690382089234866,0.18886826039664606,0,1,0.6239316239316239,0.5641025641025641,192993,4
13,basis_0006_7a57720af5cc.npz,46,"(8, 3, 1, 1, 0, 0, 0, 0, 0)",4,4,1,12,8,0,5,12,1,0,14,27,0,0,inf,4,6.9135860261082844e-18,6.097825019845934,12,0,9.933563090637502,1.2972972972972974,8,6,15.981092692760937,1.5683703667336946,1.5683703667336937,0.0,2.1292089126924814e-16,-1,0,0,nan,nan,nan,8.101401751901289,2.7849901370303933,1.0083026938686381,0.1925283070850378,1,0,0.5299145299145299,0.6752136752136753,192993,4
13,basis_0006_7a57720af5cc.npz,47,"(9, 2, 1, 1, 0, 0, 0, 0, 0)",4,4,1,10,6,0,5,10,3,0,14,27,0,0,inf,4,2.8547110769616622e-33,4.332301417912029,10,0,6.2182527020592095,1.0,6,6,15.407740809738572,1.1470407632878086,1.1470407632878084,0.0,0.0,-1,0,0,nan,nan,nan,8.226906097392794,2.964330426189673,1.0356695738103272,0.19210200032572847,1,2,0.5897435897435898,0.49572649572649574,192993,4
13,basis_0006_7a57720af5cc.npz,48,"(9, 2, 1, 1, 0, 0, 0, 0, 0)",4,4,1,12,8,0,4,12,1,0,14,27,0,0,inf,5,8.044631918774101e-34,6.486069079480128,12,0,6.978959976453595,1.0,8,6,16.232176244596644,1.6423379284542383,1.6423379284542374,0.0,1.4895138262296952e-16,-1,0,0,nan,nan,nan,8.280818778645536,2.6202150879640618,0.9824151901800205,0.19006251906426397,0,1,0.6410256410256411,0.49572649572649574,192993,4
13,basis_0006_7a57720af5cc.npz,49,"(9, 2, 1, 1, 0, 0, 0, 0, 0)",4,4,1,12,8,0,4,12,1,0,14,27,0,0,inf,5,2.9240160414839813e-50,4.1587305910008565,12,0,7.088723439378913,1.0,8,6,15.417810273710074,1.5658820768656025,1.565882076865602,0.0,1.554159253785937e-16,-1,0,0,nan,nan,nan,8.498871199378955,2.964537036169441,1.0354629638305586,0.19318092619153357,1,0,0.5128205128205128,0.5299145299145299,192993,4
13,basis_0007_bc189197bb7a.npz,0,"(7, 3, 3, 0, 0, 0, 0, 0, 0)",4,4,1,13,9,0,4,13,0,1,14,27,0,0,inf,5,6.32165174395068e-33,7.9527341281882435,13,0,12.241331106784,1.436329588014981,9,6,16.699914864030305,2.1222004429847785,2.122200442984777,0.0,0.9530938616499396,-1,0,0,nan,nan,nan,8.177204581902458,2.6612293095379256,0.958635273179776,0.18796191757117123,0,0,0.6495726495726496,0.6324786324786325,206965,4
13,basis_0007_bc189197bb7a.npz,1,"(9, 3, 1, 0, 0, 0, 0, 0, 0)",4,4,1,12,8,0,4,12,1,0,14,27,0,0,inf,5,0.0,4.879680913013009,12,0,9.72967967955095,1.3333333333333388,8,6,15.796814481074103,0.7031708794912808,0.7031708794912801,0.0,3.516115847866659e-16,-1,0,0,nan,nan,nan,8.372782884289801,2.8099697532190757,0.9847239123302604,0.1930197878924077,1,0,0.5128205128205128,0.5726495726495726,206965,4
13,basis_0007_bc189197bb7a.npz,2,"(9, 2, 2, 0, 0, 0, 0, 0, 0)",4,4,1,10,6,0,4,10,3,0,14,27,0,0,inf,5,8.399560210422855e-50,7.111774175765057,10,0,8.251721583458151,1.3636363636363633,6,6,16.221743900871044,0.940031699262774,0.940031699262773,0.0,0.0,-1,0,0,nan,nan,nan,8.311874488282445,2.632387197843316,0.953532419388624,0.19113371201337617,1,2,0.5982905982905983,0.5213675213675214,206965,4
13,basis_0007_bc189197bb7a.npz,3,"(10, 2, 1, 0, 0, 0, 0, 0, 0)",4,4,1,10,6,0,4,10,3,0,14,27,0,0,inf,5,0.0,3.9363650998019986,10,0,6.4031242374328485,1.0,6,6,15.23078225792035,0.6765331772944242,0.6765331772944242,0.0,0.0,-1,0,0,nan,nan,nan,8.617023904878044,2.9645279288033657,1.0354720711966345,0.19452663239933546,1,2,0.5042735042735043,0.5299145299145299,206965,4
13,basis_0007_bc189197bb7a.npz,4,"(8, 3, 1, 1, 0, 0, 0, 0, 0)",4,4,1,11,7,0,4,11,2,0,14,27,0,0,inf,5,0.0,5.898169917989885,11,0,8.815705681717526,1.4,7,6,15.245919745271625,2.038906974522195,2.0389069745221944,0.0,0.0,-1,0,0,nan,nan,nan,8.243278205769272,2.6179626446881277,1.0129445749904833,0.19118601734310156,2,0,0.5811965811965812,0.6410256410256411,206965,4
13,basis_0007_bc189197bb7a.npz,5,"(8, 4, 1, 0, 0, 0, 0, 0, 0)",4,4,1,11,7,0,4,11,2,0,14,27,0,0,inf,5,0.0,8.689682787300562,11,0,8.703797881440929,1.4146341463414633,7,6,15.232782407255705,1.6530224823818447,1.6530224823818442,0.0,0.0,-1,0,0,nan,nan,nan,8.310808906858817,2.712537279702633,0.9622914715024367,0.1913890748523713,1,1,0.5982905982905983,0.6153846153846154,206965,4
13,basis_0007_bc189197bb7a.npz,6,"(9, 2, 1, 1, 0, 0, 0, 0, 0)",4,4,1,10,6,0,4,10,3,0,14,27,0,0,inf,5,5.817953501745309e-49,5.475556228328215,10,0,7.377572190671632,1.0,6,6,15.505652705153723,1.7459522422999418,1.7459522422999416,0.0,0.0,-1,0,0,nan,nan,nan,8.462459553612735,2.741152010565001,1.0143754973440142,0.19395025536748622,2,1,0.5299145299145299,0.5726495726495726,206965,4
13,basis_0007_bc189197bb7a.npz,7,"(9, 2, 1, 1, 0, 0, 0, 0, 0)",4,4,1,11,7,0,5,11,2,0,14,27,0,0,inf,4,1.7811581098040768e-48,4.0091395383239865,11,0,7.698590304914714,1.3658536585365857,7,6,15.232782407255705,1.6530224823818451,1.6530224823818445,0.0,1.1527092234015773e-16,-1,0,0,nan,nan,nan,8.30851893852754,2.9622195909838585,1.0377804090161415,0.19333540309439357,0,2,0.6239316239316239,0.46153846153846156,206965,4
13,basis_0007_bc189197bb7a.npz,8,"(9, 3, 1, 0, 0, 0, 0, 0, 0)",4,4,1,10,6,0,4,10,3,0,14,27,0,0,inf,5,0.0,5.8137500007782545,10,0,7.768363711070352,1.2727272727272727,6,6,15.484035752414623,1.6591030975567194,1.659103097556719,0.0,6.553452121343598e-18,-1,0,0,nan,nan,nan,8.373847198111674,2.7609856270231865,1.021833763213039,0.1923674393862403,1,2,0.6239316239316239,0.5042735042735043,206965,4
13,basis_0007_bc189197bb7a.npz,9,"(10, 2, 1, 0, 0, 0, 0, 0, 0)",4,4,1,11,7,0,4,11,2,0,14,27,0,0,inf,5,1.1890895960069438e-49,4.890580337610924,11,0,8.2479944086248,1.2352941176470593,7,6,15.798450220843048,1.7065648343628557,1.706564834362855,0.0,9.18951973938838e-29,-1,0,0,nan,nan,nan,8.34390456268417,2.8123068429435736,0.986786274426086,0.19173923333846468,1,1,0.6581196581196581,0.4700854700854701,206965,4
13,basis_0007_bc189197bb7a.npz,10,"(9, 3, 1, 0, 0, 0, 0, 0, 0)",4,4,1,11,7,0,4,11,2,0,14,27,0,0,inf,5,0.0,4.057426035038543,11,0,7.697006069831594,1.3658536585365852,7,6,15.232782407255705,1.653022482381845,1.6530224823818445,0.0,0.0,-1,0,0,nan,nan,nan,8.523551928697433,2.965280392773048,1.0347196072269524,0.19324854635464525,1,1,0.5726495726495726,0.5470085470085471,206965,4
13,basis_0007_bc189197bb7a.npz,11,"(10, 2, 1, 0, 0, 0, 0, 0, 0)",4,4,1,13,9,0,4,13,0,1,14,27,0,0,inf,5,1.1517866942864827e-49,5.030851697082877,13,0,10.20356711914452,1.3533834586466165,9,6,15.817309013533388,2.360059191623881,2.36005919162388,0.0,0.9479210250453255,-1,0,0,nan,nan,nan,8.31940803848704,2.7964621739498674,0.9856888523072894,0.1916853710053156,0,0,0.6410256410256411,0.5555555555555556,206965,4
13,basis_0007_bc189197bb7a.npz,12,"(10, 2, 1, 0, 0, 0, 0, 0, 0)",4,4,1,8,4,0,4,8,5,0,14,27,0,0,inf,5,0.0,4.868429394019274,8,0,7.758865896508329,1.2000000000000006,4,6,15.796677703956943,0.692260969274673,0.6922609692746723,0.0,0.0,-1,0,0,nan,nan,nan,8.458897144143778,2.806750239200867,0.9846370590628454,0.19403185158469036,3,2,0.49572649572649574,0.5982905982905983,206965,4
13,basis_0007_bc189197bb7a.npz,13,"(10, 2, 1, 0, 0, 0, 0, 0, 0)",4,4,1,11,7,0,4,11,2,0,14,27,0,0,inf,5,0.0,3.960842012556972,11,0,8.366600265340756,1.0,7,6,15.239085527879036,0.9785168490698861,0.9785168490698857,0.0,0.0,-1,0,0,nan,nan,nan,8.594523869868064,2.9649907130031843,1.0350092869968157,0.19425024645465552,1,1,0.5811965811965812,0.5299145299145299,206965,4
13,basis_0007_bc189197bb7a.npz,14,"(9, 3, 1, 0, 0, 0, 0, 0, 0)",4,4,1,13,9,0,4,13,0,1,14,27,0,0,inf,5,0.0,5.167061618109259,13,0,10.780272988857273,1.4285714285714284,9,6,15.80529708621497,1.013148450461286,1.013148450461285,0.0,1.1810241825481667,-1,0,0,nan,nan,nan,8.188382411154691,2.8407228168847762,0.9950660328174201,0.18998138665256512,0,0,0.5726495726495726,0.6324786324786325,206965,4
13,basis_0007_bc189197bb7a.npz,15,"(9, 3, 1, 0, 0, 0, 0, 0, 0)",4,4,1,10,6,0,4,10,3,0,14,27,0,0,inf,5,6.6448686625658855e-53,4.057478430788521,10,0,6.68656450859006,1.101449275362319,6,6,15.241025843413006,1.9675429735065388,1.9675429735065382,0.0,0.0,-1,0,0,nan,nan,nan,8.421048240929208,2.9631774665182666,1.0368225334817331,0.19142459726184155,0,3,0.6410256410256411,0.4358974358974359,206965,4
13,basis_0007_bc189197bb7a.npz,16,"(10, 2, 1, 0, 0, 0, 0, 0, 0)",4,4,1,8,4,0,4,8,5,0,14,27,0,0,inf,5,0.0,3.9912838368995676,8,0,5.446711546122731,1.416666666666667,4,6,15.240881690587452,1.9277131859874823,1.9277131859874819,0.0,0.0,-1,0,0,nan,nan,nan,8.49944425385001,2.9653944495150277,1.0346055504849725,0.19267250453227616,2,3,0.5470085470085471,0.5811965811965812,206965,4
13,basis_0007_bc189197bb7a.npz,17,"(9, 3, 1, 0, 0, 0, 0, 0, 0)",4,4,1,9,5,0,4,9,4,0,14,27,0,0,inf,5,2.9820409664610286e-49,4.92959369311373,9,0,8.020806277010644,1.285714285714286,5,6,15.80529708621497,1.0131484504612858,1.0131484504612849,0.0,1.0695584584028714e-32,-1,0,0,nan,nan,nan,8.371621265593916,2.835906865644568,0.9892631108825476,0.1927644767589108,3,1,0.5470085470085471,0.5811965811965812,206965,4
13,basis_0007_bc189197bb7a.npz,18,"(9, 3, 1, 0, 0, 0, 0, 0, 0)",4,4,1,11,7,0,4,11,2,0,14,27,0,0,inf,5,0.0,4.965538779332608,11,0,8.176621726430962,1.428571428571428,7,6,15.823709919499132,0.7184029045160112,0.7184029045160106,0.0,0.0,-1,0,0,nan,nan,nan,8.442846328447493,2.7770177838378194,0.9882728982039883,0.19416832765628178,0,2,0.5726495726495726,0.5042735042735043,206965,4
13,basis_0007_bc189197bb7a.npz,19,"(8, 4, 1, 0, 0, 0, 0, 0, 0)",4,4,1,12,8,0,4,12,1,0,14,27,0,0,inf,5,1.6082793959705928e-50,7.079413874237402,12,0,9.255628917943213,1.0,8,6,15.239229677245227,1.0130970538869666,1.0130970538869655,0.0,1.676410991646259e-17,-1,0,0,nan,nan,nan,8.291151005514473,2.964368685627547,1.0356313143724527,0.18846520334538522,1,0,0.5982905982905983,0.5726495726495726,206965,4
13,basis_0007_bc189197bb7a.npz,20,"(10, 2, 1, 0, 0, 0, 0, 0, 0)",4,4,1,13,9,0,4,13,0,1,14,27,0,0,inf,5,7.931038505193443e-50,6.938543662608972,13,0,10.91125820222194,1.4074074074074074,9,6,16.756231886325846,1.8709285165330298,1.8709285165330292,0.0,1.049120351709515,-1,0,0,nan,nan,nan,8.26596217950642,2.6791305552321596,0.9585250429675953,0.1889553542276886,0,0,0.6581196581196581,0.5982905982905983,206965,4
13,basis_0007_bc189197bb7a.npz,21,"(9, 3, 1, 0, 0, 0, 0, 0, 0)",4,4,1,10,6,0,4,10,3,0,14,27,0,0,inf,5,0.0,4.0284056290328625,10,0,7.302967433402214,1.3333333333333381,6,6,15.230947440310286,0.6866198898896029,0.6866198898896028,0.0,1.5370187041490574e-33,-1,0,0,nan,nan,nan,8.555182494251149,2.9646689389635803,1.0353310610364197,0.19381584098630442,1,2,0.5384615384615384,0.5384615384615384,206965,4
13,basis_0007_bc189197bb7a.npz,22,"(10, 2, 1, 0, 0, 0, 0, 0, 0)",4,4,1,13,9,0,4,13,0,1,14,27,0,0,inf,5,0.0,3.9912838368995676,13,0,8.916277250063503,1.0,9,6,15.240881690587452,1.927713185987481,1.9277131859874799,0.0,0.8077552512939055,-1,0,0,nan,nan,nan,8.54364217083276,2.9623322391031377,1.0376677608968625,0.19359664220099718,0,0,0.5384615384615384,0.5555555555555556,206965,4
13,basis_0007_bc189197bb7a.npz,23,"(10, 2, 1, 0, 0, 0, 0, 0, 0)",4,4,1,10,6,0,4,10,3,0,14,27,0,0,inf,5,0.0,4.868429394019274,10,0,8.555699854482976,1.2000000000000004,6,6,15.796677703956943,0.6922609692746738,0.6922609692746731,0.0,0.0,-1,0,0,nan,nan,nan,8.485260971873307,2.7753681133108086,0.9925173191807858,0.1950078480481501,0,3,0.717948717948718,0.4358974358974359,206965,4
13,basis_0007_bc189197bb7a.npz,24,"(9, 3, 1, 0, 0, 0, 0, 0, 0)",4,4,1,12,8,0,4,12,1,0,14,27,0,0,inf,5,1.3514189363328012e-50,4.466823352964847,12,0,9.24256457916308,1.4500000000000002,8,6,15.242868755492244,2.167453809443812,2.167453809443811,0.0,2.9372862082755177e-16,-1,0,0,nan,nan,nan,8.216448062197934,2.965071304720611,1.0349286952793888,0.1880970744420876,1,0,0.5299145299145299,0.6324786324786325,206965,4
13,basis_0007_bc189197bb7a.npz,25,"(9, 3, 1, 0, 0, 0, 0, 0, 0)",4,4,1,9,5,0,4,9,4,0,14,27,0,0,inf,5,0.0,4.0284056290328625,9,0,6.757711644237764,1.3333333333333384,5,6,15.230947440310286,0.6866198898896029,0.6866198898896025,0.0,3.7794024717488994e-33,-1,0,0,nan,nan,nan,8.573686555828207,2.962004717160007,1.037995282839993,0.1940848584450547,0,4,0.5897435897435898,0.46153846153846156,206965,4
13,basis_0007_bc189197bb7a.npz,26,"(8, 3, 2, 0, 0, 0, 0, 0, 0)",4,4,1,10,6,0,5,10,3,0,14,27,0,0,inf,4,4.2264515270490977e-47,4.406398299038579,10,0,7.659416862050706,1.0,6,6,15.257361954903113,1.349873503495727,1.3498735034957259,0.0,0.0,-1,0,0,nan,nan,nan,8.309129451010369,2.963498369723906,1.036501630276094,0.19218139517746927,1,2,0.5897435897435898,0.5299145299145299,206965,4
13,basis_0007_bc189197bb7a.npz,27,"(9, 2, 2, 0, 0, 0, 0, 0, 0)",4,4,1,11,7,0,4,11,2,0,14,27,0,0,inf,5,0.0,4.608270037346376,11,0,8.419165810291211,1.0,7,6,15.949560074288666,0.9635615292722689,0.9635615292722671,0.0,5.3534974001878214e-18,-1,0,0,nan,nan,nan,8.529801701232227,2.83970251709859,1.0068370139490461,0.19517001974928327,2,0,0.49572649572649574,0.6410256410256411,206965,4
13,basis_0007_bc189197bb7a.npz,28,"(10, 2, 1, 0, 0, 0, 0, 0, 0)",4,4,1,9,5,0,4,9,4,0,14,27,0,0,inf,5,0.0,3.960842012556972,9,0,7.14142842854285,1.0,5,6,15.239085527879036,0.9785168490698869,0.9785168490698866,0.0,0.0,-1,0,0,nan,nan,nan,8.578312772782573,2.9652929236982053,1.0347070763017947,0.194155301415957,1,3,0.6239316239316239,0.47863247863247865,206965,4
13,basis_0007_bc189197bb7a.npz,29,"(9, 3, 1, 0, 0, 0, 0, 0, 0)",4,4,1,12,8,0,4,12,1,0,14,27,0,0,inf,5,5.71303319282919e-49,4.172436688071795,12,0,9.042442466820885,1.333333333333336,8,6,15.236597268313984,1.849305670068168,1.8493056700681674,0.0,2.331768754005356e-16,-1,0,0,nan,nan,nan,8.441649041104988,2.962009086422505,1.0379909135774952,0.19207072989139876,1,0,0.5726495726495726,0.5641025641025641,206965,4
13,basis_0007_bc189197bb7a.npz,30,"(10, 2, 1, 0, 0, 0, 0, 0, 0)",4,4,1,10,6,0,4,10,3,0,14,27,0,0,inf,5,0.0,3.960842012556972,10,0,6.831300510639732,1.0,6,6,15.239085527879036,0.9785168490698867,0.9785168490698862,0.0,0.0,-1,0,0,nan,nan,nan,8.597391845978185,2.965343013155521,1.034656986844479,0.19432145691987174,3,0,0.4358974358974359,0.6752136752136753,206965,4
13,basis_0007_bc189197bb7a.npz,31,"(10, 2, 1, 0, 0, 0, 0, 0, 0)",4,4,1,12,8,0,4,12,1,0,14,27,0,0,inf,5,0.0,3.960842012556972,12,0,6.027713773341707,1.0,8,6,15.239085527879036,0.9785168490698869,0.9785168490698863,0.0,1.7647360958518014e-17,-1,0,0,nan,nan,nan,8.560603523993164,2.9636010279555323,1.0363989720444677,0.19372595190121483,0,1,0.4700854700854701,0.4700854700854701,206965,4
13,basis_0007_bc189197bb7a.npz,32,"(8, 4, 1, 0, 0, 0, 0, 0, 0)",4,4,1,11,7,0,4,11,2,0,14,27,0,0,inf,5,0.0,4.2940335975603245,11,0,7.6763224219626105,1.2777777777777777,7,6,15.23295366132485,1.6537705345394023,1.6537705345394018,0.0,0.0,-1,0,0,nan,nan,nan,8.397701726993438,2.963184177484998,1.0368158225150022,0.1903036525465888,0,2,0.6239316239316239,0.47863247863247865,206965,4
13,basis_0007_bc189197bb7a.npz,33,"(8, 4, 1, 0, 0, 0, 0, 0, 0)",4,4,1,10,6,0,4,10,3,0,14,27,0,0,inf,5,8.598771184507485e-50,6.279042789952136,10,0,9.19372558672133,1.5081967213114753,6,6,16.04970081257856,0.7080475263527254,0.7080475263527246,0.0,0.0,-1,0,0,nan,nan,nan,8.264894126677099,2.648617430168634,0.9621695949170008,0.1902986678746655,0,3,0.717948717948718,0.47863247863247865,206965,4
13,basis_0007_bc189197bb7a.npz,34,"(9, 2, 1, 1, 0, 0, 0, 0, 0)",4,4,1,13,9,0,4,13,0,1,14,27,0,0,inf,5,1.2993220333792425e-49,6.227663483291682,13,0,8.756364145207659,1.391304347826087,9,6,16.064669682642005,0.9980155876183219,0.9980155876183215,0.0,1.0551112646017895,-1,0,0,nan,nan,nan,8.271118083195978,2.593258948670928,0.959123963451223,0.19094341602591752,0,0,0.5384615384615384,0.5384615384615384,206965,4
13,basis_0007_bc189197bb7a.npz,35,"(10, 2, 1, 0, 0, 0, 0, 0, 0)",4,4,1,12,8,0,4,12,1,0,14,27,0,0,inf,5,0.0,3.960842012556972,12,0,7.549834435270751,1.0,8,6,15.239085527879036,0.9785168490698869,0.9785168490698866,0.0,1.5986150512446482e-16,-1,0,0,nan,nan,nan,8.58335421708675,2.964389064061788,1.0356109359382122,0.19413086779560265,0,1,0.5384615384615384,0.5213675213675214,206965,4
13,basis_0007_bc189197bb7a.npz,36,"(8, 4, 1, 0, 0, 0, 0, 0, 0)",4,4,1,12,8,0,6,12,1,0,14,27,0,0,inf,3,3.510366277851667e-33,7.3484692283495345,12,0,11.263087625386872,1.2857142857142863,8,6,15.231673066482632,0.6982391804236988,0.6982391804236984,0.0,5.710036096162304e-17,-1,0,0,nan,nan,nan,8.062112349005707,2.712146685174549,1.004428180211811,0.19136067847808136,1,0,0.6068376068376068,0.6410256410256411,206965,4
13,basis_0007_bc189197bb7a.npz,37,"(9, 3, 1, 0, 0, 0, 0, 0, 0)",4,4,1,11,7,0,4,11,2,0,14,27,0,0,inf,5,0.0,4.057426035038543,11,0,6.78232998312527,1.0,7,6,15.232782407255705,1.6530224823818451,1.6530224823818447,0.0,1.198046232203045e-17,-1,0,0,nan,nan,nan,8.517801311741778,2.9616910741319353,1.0383089258680647,0.19325735665772759,1,1,0.5128205128205128,0.5641025641025641,206965,4
13,basis_0007_bc189197bb7a.npz,38,"(10, 2, 1, 0, 0, 0, 0, 0, 0)",4,4,1,10,6,0,4,10,3,0,14,27,0,0,inf,5,0.0,4.890580337610924,10,0,7.426106572325057,1.2941176470588236,6,6,15.798450220843048,1.706564834362856,1.7065648343628552,0.0,0.0,-1,0,0,nan,nan,nan,8.430045017438514,2.8343159029851948,0.9960783617799039,0.19371205134569078,2,1,0.5213675213675214,0.5641025641025641,206965,4
13,basis_0007_bc189197bb7a.npz,39,"(10, 2, 1, 0, 0, 0, 0, 0, 0)",4,4,1,11,7,0,5,11,2,0,14,27,0,0,inf,4,3.5137431126141114e-33,5.566741690461683,11,0,8.988087354143499,1.2857142857142856,7,6,15.808693078302493,2.2197147510852675,2.2197147510852666,0.0,0.0,-1,0,0,nan,nan,nan,8.099996358795554,2.84285646752643,0.9962133410461259,0.19109919581188653,1,1,0.6324786324786325,0.5555555555555556,206965,4
13,basis_0007_bc189197bb7a.npz,40,"(10, 2, 1, 0, 0, 0, 0, 0, 0)",4,4,1,12,8,0,4,12,1,0,14,27,0,0,inf,5,0.0,5.010388448433281,12,0,8.45054818966689,1.2941176470588238,8,6,15.798450220843048,1.7065648343628557,1.706564834362855,0.0,1.5784631707474332e-16,-1,0,0,nan,nan,nan,8.177513244142377,2.7503565886407912,0.9761421560916501,0.1897681696426605,1,0,0.6153846153846154,0.5213675213675214,206965,4
13,basis_0007_bc189197bb7a.npz,41,"(9, 3, 1, 0, 0, 0, 0, 0, 0)",4,4,1,12,8,0,4,12,1,0,14,27,0,0,inf,5,0.0,6.260854205431564,12,0,9.757238528585006,1.1666666666666674,8,6,16.12542717074544,1.7923978567079113,1.7923978567079106,0.0,2.459902726369315e-16,-1,0,0,nan,nan,nan,8.33692873822066,2.655765864213205,0.9744123451506521,0.1924239462312076,0,1,0.6581196581196581,0.5726495726495726,206965,4
13,basis_0007_bc189197bb7a.npz,42,"(9, 3, 1, 0, 0, 0, 0, 0, 0)",4,4,1,11,7,0,4,11,2,0,14,27,0,0,inf,5,0.0,5.044806651217361,11,0,7.874007874011811,1.3333333333333282,7,6,15.230947440310286,0.6866198898896029,0.6866198898896028,0.0,0.0,-1,0,0,nan,nan,nan,8.328428560708135,2.964150387549605,1.0358496124503953,0.19044574768407466,1,1,0.5641025641025641,0.5555555555555556,206965,4
13,basis_0007_bc189197bb7a.npz,43,"(10, 2, 1, 0, 0, 0, 0, 0, 0)",4,4,1,9,5,0,4,9,4,0,14,27,0,0,inf,5,0.0,3.960842012556972,9,0,6.271629240742262,1.0,5,6,15.239085527879036,0.9785168490698869,0.9785168490698866,0.0,3.4763561254199464e-47,-1,0,0,nan,nan,nan,8.558354684885519,2.9628798638243388,1.037120136175661,0.1937102915993061,2,2,0.5213675213675214,0.5555555555555556,206965,4
13,basis_0007_bc189197bb7a.npz,44,"(10, 2, 1, 0, 0, 0, 0, 0, 0)",4,4,1,11,7,0,4,11,2,0,14,27,0,0,inf,5,0.0,4.868429394019274,11,0,8.414273587185052,1.2000000000000002,7,6,15.796677703956943,0.6922609692746734,0.6922609692746726,0.0,1.9483742128932503e-17,-1,0,0,nan,nan,nan,8.403215789461917,2.8050399396904937,0.9844554431368238,0.19291708185272813,1,1,0.5470085470085471,0.5726495726495726,206965,4
13,basis_0007_bc189197bb7a.npz,45,"(8, 4, 1, 0, 0, 0, 0, 0, 0)",4,4,1,12,8,0,4,12,1,0,14,27,0,0,inf,5,6.6482379141845645e-49,8.291129913505799,12,0,9.615216115739726,1.285714285714286,8,6,15.80529708621497,1.0131484504612855,1.0131484504612844,0.0,1.0647099564877908e-16,-1,0,0,nan,nan,nan,8.049730607510241,2.625401178585227,0.9867952849445238,0.1873685281584844,0,1,0.6324786324786325,0.5384615384615384,206965,4
13,basis_0007_bc189197bb7a.npz,46,"(10, 2, 1, 0, 0, 0, 0, 0, 0)",4,4,1,12,8,0,4,12,1,0,14,27,0,0,inf,5,0.0,4.868429394019274,12,0,8.843076387773658,1.200000000000001,8,6,15.796677703956943,0.6922609692746733,0.6922609692746725,0.0,2.3531081565897666e-16,-1,0,0,nan,nan,nan,8.372394408507255,2.7588581436419184,0.9902360554866926,0.1925602369379884,0,1,0.5299145299145299,0.5726495726495726,206965,4
13,basis_0007_bc189197bb7a.npz,47,"(10, 2, 1, 0, 0, 0, 0, 0, 0)",4,4,1,12,8,0,4,12,1,0,14,27,0,0,inf,5,0.0,3.960842012556972,12,0,9.0,1.0,8,6,15.239085527879036,0.9785168490698861,0.9785168490698857,0.0,6.062576570238551e-18,-1,0,0,nan,nan,nan,8.561706343162768,2.964725713331027,1.0352742866689728,0.19381522580551638,0,1,0.5641025641025641,0.5641025641025641,206965,4
13,basis_0007_bc189197bb7a.npz,48,"(6, 4, 2, 1, 0, 0, 0, 0, 0)",4,4,1,13,9,0,6,13,0,1,14,27,0,0,inf,3,5.574116582462525e-17,8.912976546979404,13,0,13.445847993485623,1.4890032756200284,9,6,16.806837708237502,2.6102596722437985,2.6102596722437976,0.0,0.7767289464980192,-1,0,0,nan,nan,nan,7.688748023647033,2.6105769155572176,0.9142810349985317,0.18633452504508105,0,0,0.7435897435897436,0.6495726495726496,206965,4
13,basis_0007_bc189197bb7a.npz,49,"(10, 2, 1, 0, 0, 0, 0, 0, 0)",4,4,1,11,7,0,4,11,2,0,14,27,0,0,inf,5,0.0,5.0022159081221185,11,0,7.7991080872444485,1.3043478260869572,7,6,15.813867846627081,1.0907872274966444,1.0907872274966437,0.0,3.0698291793061995e-33,-1,0,0,nan,nan,nan,8.427731214116253,2.8133946549861646,0.9849907387618075,0.19378016269982187,2,0,0.5213675213675214,0.6153846153846154,206965,4
13,basis_0008_045f34f22f34.npz,0,"(11, 1, 1, 0, 0, 0, 0, 0, 0)",4,4,1,12,8,0,4,12,1,0,14,27,0,0,inf,5,6.40443905083856e-51,6.505895750375616,12,0,9.678154093971983,1.3333333333333337,8,6,16.070517337900554,1.4250385892812383,1.4250385892812374,0.0,3.0239002021220177e-16,-1,0,0,nan,nan,nan,8.19841230046591,2.5852179487224354,0.9512040659082426,0.19075117063067115,0,1,0.5982905982905983,0.6153846153846154,236141,4
13,basis_0008_045f34f22f34.npz,1,"(10, 2, 1, 0, 0, 0, 0, 0, 0)",4,4,1,13,9,0,5,13,0,1,14,27,0,0,inf,4,3.018325549480086e-49,5.164500663312536,13,0,7.954415583355403,1.0,9,6,15.266727206092067,1.2954278632150091,1.2954278632150087,0.0,1.5075797656436896,-1,0,0,nan,nan,nan,8.207914538157066,2.9655397165817563,1.0365111089818946,0.19118920376769333,0,0,0.5299145299145299,0.5213675213675214,236141,4
13,basis_0008_045f34f22f34.npz,2,"(11, 1, 1, 0, 0, 0, 0, 0, 0)",4,4,1,13,9,0,4,13,0,1,14,27,0,0,inf,5,2.778637800026209e-49,5.818466665755968,13,0,9.782244511987404,1.3846153846153844,9,6,16.350108016530122,1.03454147445795,1.034541474457949,0.0,1.263250030537084,-1,0,0,nan,nan,nan,8.282019281536696,2.719677632653906,1.0088239733936641,0.19137360024257286,0,0,0.5299145299145299,0.6324786324786325,236141,4
13,basis_0008_045f34f22f34.npz,3,"(11, 1, 1, 0, 0, 0, 0, 0, 0)",4,4,1,11,7,0,4,11,2,0,14,27,0,0,inf,5,0.0,3.91852332220273,11,0,7.615773105863909,1.0,7,6,15.226084143061913,0.8902108483051726,0.8902108483051726,0.0,8.39010587394449e-30,-1,0,0,nan,nan,nan,8.578995104759933,2.9644892706454518,1.035510729354548,0.19414164335065126,2,0,0.4188034188034188,0.6752136752136753,236141,4
13,basis_0008_045f34f22f34.npz,4,"(10, 2, 1, 0, 0, 0, 0, 0, 0)",4,4,1,11,7,0,4,11,2,0,14,27,0,0,inf,5,1.6296424183878891e-49,5.369576763403618,11,0,8.66901296078658,1.2879464285714282,7,6,16.146810609152073,2.011553767871241,2.0115537678712396,0.0,7.567509233167252e-29,-1,0,0,nan,nan,nan,8.286628848434335,2.7725708257242623,0.9777502997931988,0.19188829441295926,1,1,0.6239316239316239,0.5811965811965812,236141,4
13,basis_0008_045f34f22f34.npz,5,"(9, 2, 1, 1, 0, 0, 0, 0, 0)",4,4,1,13,9,0,4,13,0,1,14,27,0,0,inf,5,2.7359176856674726e-48,6.12767081330552,13,0,10.50921665000279,1.4023323615160344,9,6,15.915420834068366,2.395252390597725,2.3952523905977237,0.0,1.2774495820911986,-1,0,0,nan,nan,nan,8.131625387464759,2.7136479999532175,0.9397324196613843,0.19005635960715198,0,0,0.5982905982905983,0.6837606837606838,236141,4
13,basis_0008_045f34f22f34.npz,6,"(11, 1, 1, 0, 0, 0, 0, 0, 0)",4,4,1,11,7,0,4,11,2,0,14,27,0,0,inf,5,0.0,4.90044737723848,11,0,8.851957007190153,1.2857142857142858,7,6,15.796232200737824,1.018746888850415,1.0187468888504145,0.0,0.0,-1,0,0,nan,nan,nan,8.338349091251477,2.818872257991907,1.0056346271798535,0.19153599926373843,1,1,0.5213675213675214,0.6153846153846154,236141,4
13,basis_0008_045f34f22f34.npz,7,"(11, 1, 1, 0, 0, 0, 0, 0, 0)",4,4,1,13,9,0,4,13,0,1,14,27,0,0,inf,5,2.4461120590194032e-49,6.212463759855277,13,0,9.841235165571785,1.4231464737793855,9,6,16.639915905727328,1.90988577509268,1.9098857750926796,0.0,1.57030484309634,-1,0,0,nan,nan,nan,7.983043498161385,2.510440668600748,0.9270103707720929,0.1873023818171023,0,0,0.6410256410256411,0.6324786324786325,236141,4
13,basis_0008_045f34f22f34.npz,8,"(10, 2, 1, 0, 0, 0, 0, 0, 0)",4,4,1,12,8,0,4,12,1,0,14,27,0,0,inf,5,4.059051614136714e-49,4.057615449823199,12,0,8.629109946080096,1.164835164835165,8,6,15.246704955865265,1.8048282008877645,1.8048282008877634,0.0,8.201095539456905e-17,-1,0,0,nan,nan,nan,8.502881824717438,2.9610016371285295,1.039321183127893,0.19329680575876496,1,0,0.5811965811965812,0.5555555555555556,236141,4
13,basis_0008_045f34f22f34.npz,9,"(11, 1, 1, 0, 0, 0, 0, 0, 0)",4,4,1,11,7,0,4,11,2,0,14,27,0,0,inf,5,0.0,3.91852332220273,11,0,7.937253933193772,1.0,7,6,15.226084143061913,0.8902108483051726,0.8902108483051726,0.0,0.0,-1,0,0,nan,nan,nan,8.584556593614318,2.9659625944504886,1.0340374055495114,0.1941748206740565,2,0,0.49572649572649574,0.5811965811965812,236141,4
13,basis_0008_045f34f22f34.npz,10,"(11, 1, 1, 0, 0, 0, 0, 0, 0)",4,4,1,13,9,0,4,13,0,1,14,27,0,0,inf,5,3.912819533122841e-34,4.410231333283323,13,0,8.708233651742088,1.2222222222222228,9,6,15.226793890120359,1.1472070687052158,1.1472070687052152,0.0,1.1701959270099753,-1,0,0,nan,nan,nan,8.483352213040758,2.964743167900674,1.0361731269184693,0.1926005151795199,0,0,0.5897435897435898,0.5470085470085471,236141,4
13,basis_0008_045f34f22f34.npz,11,"(11, 1, 1, 0, 0, 0, 0, 0, 0)",4,4,1,11,7,0,4,11,2,0,14,27,0,0,inf,5,2.2671668268572923e-32,5.735196137432403,11,0,9.03696114115064,1.25,7,6,16.338875544842793,1.563392863702895,1.5633928637028942,0.0,0.0,-1,0,0,nan,nan,nan,8.2650464602155,2.725734739120597,0.9987926372150782,0.1905212129385046,2,0,0.5213675213675214,0.6923076923076923,236141,4
13,basis_0008_045f34f22f34.npz,12,"(9, 2, 1, 1, 0, 0, 0, 0, 0)",4,4,1,13,9,0,4,13,0,1,14,27,0,0,inf,5,1.2177415365242796e-48,7.427741076444363,13,0,9.78798096793059,1.1548571428571432,9,6,16.185483905796893,2.7787657026731987,2.7787657026731973,0.0,1.5916472062427605,-1,0,0,nan,nan,nan,8.207375240463712,2.646858106072311,0.9755706362973602,0.1910529113694514,0,0,0.6068376068376068,0.6581196581196581,236141,4
13,basis_0008_045f34f22f34.npz,13,"(9, 2, 1, 1, 0, 0, 0, 0, 0)",4,4,1,10,6,0,5,10,3,0,14,27,0,0,inf,4,5.409295445511017e-50,5.432997166573174,10,0,8.318653737234168,1.0,6,6,15.23464692682612,1.1093930231413778,1.1093930231413776,0.0,7.635083976701384e-33,-1,0,0,nan,nan,nan,8.30890913102544,2.964496101988367,1.035503898011633,0.19164062974625737,1,2,0.6239316239316239,0.5726495726495726,236141,4
13,basis_0008_045f34f22f34.npz,14,"(9, 3, 1, 0, 0, 0, 0, 0, 0)",4,4,1,11,7,0,4,11,2,0,14,27,0,0,inf,5,7.613301401268029e-33,5.445131812565739,11,0,8.721907283769227,1.3799999999999997,7,6,15.844084309705021,2.0492655620700932,2.049265562070092,0.0,1.301604521757251e-17,-1,0,0,nan,nan,nan,8.324273385941298,2.8482681648952743,1.0161678127257723,0.19147054118907242,1,1,0.5299145299145299,0.6495726495726496,236141,4
13,basis_0008_045f34f22f34.npz,15,"(11, 1, 1, 0, 0, 0, 0, 0, 0)",4,4,1,13,9,0,4,13,0,1,14,27,0,0,inf,5,4.192856362875119e-53,4.140741798894804,13,0,8.33939173713854,1.0,9,6,15.238098685544927,1.1738784766410457,1.1738784766410448,0.0,1.4988094708031179,-1,0,0,nan,nan,nan,8.513984197545907,2.9653648187104586,1.0346351812895414,0.19276551367629213,0,0,0.5726495726495726,0.5213675213675214,236141,4
13,basis_0008_045f34f22f34.npz,16,"(11, 1, 1, 0, 0, 0, 0, 0, 0)",4,4,1,11,7,0,5,11,2,0,14,27,0,0,inf,4,6.51751216953989e-17,7.491636122870497,11,0,9.774281833764242,1.130081300813008,7,6,15.29182738669435,2.313839133092462,2.3138391330924613,0.0,1.4315878531263433e-29,-1,0,0,nan,nan,nan,7.802016551299252,2.9655694734591314,1.0344305265408684,0.18670417348278293,2,0,0.5384615384615384,0.7350427350427351,236141,4
13,basis_0008_045f34f22f34.npz,17,"(7, 3, 1, 1, 1, 0, 0, 0, 0)",4,4,1,13,9,0,5,13,0,1,14,27,0,0,inf,4,2.7138970206091456e-33,7.012324639791886,13,0,8.615316837500888,1.0657894736842088,9,6,15.459630251648344,1.6778483893652716,1.6778483893652707,0.0,0.65481491711578,-1,0,0,nan,nan,nan,8.0126159558941,2.666433520882011,0.9830830870565072,0.18925424622855072,0,0,0.5299145299145299,0.6752136752136753,236141,4
13,basis_0008_045f34f22f34.npz,18,"(11, 1, 1, 0, 0, 0, 0, 0, 0)",4,4,1,11,7,0,4,11,2,0,14,27,0,0,inf,5,5.4450823860660824e-33,5.939359476351728,11,0,9.17447833021469,1.342105263157895,7,6,16.30864302465374,1.1575245129713438,1.157524512971343,0.0,8.433591347906517e-18,-1,0,0,nan,nan,nan,8.202134999254595,2.6671549413892635,0.9782560938847156,0.19041784332415632,1,1,0.6153846153846154,0.5811965811965812,236141,4
13,basis_0008_045f34f22f34.npz,19,"(10, 2, 1, 0, 0, 0, 0, 0, 0)",4,4,1,9,5,0,4,9,4,0,14,27,0,0,inf,5,1.8843501464773955e-34,4.98909581039623,9,0,7.9827713033231396,1.4347826086956523,5,6,15.805204644360455,1.7671305088261313,1.7671305088261307,0.0,0.0,-1,0,0,nan,nan,nan,8.398116162953162,2.852169857371089,1.018841965080503,0.19362547729838203,3,1,0.5384615384615384,0.6581196581196581,236141,4
13,basis_0008_045f34f22f34.npz,20,"(10, 1, 1, 1, 0, 0, 0, 0, 0)",4,4,1,12,8,0,5,12,1,0,14,27,0,0,inf,4,2.948735292349639e-17,6.708731711626785,12,0,10.468334227821366,1.193548387096774,8,6,15.6607899137871,1.207465372927638,1.2074653729276372,0.0,0.0,-1,0,0,nan,nan,nan,7.944987710706737,2.6012587087111028,0.9106976168860126,0.18970589839550836,1,0,0.5384615384615384,0.7008547008547008,236141,4
13,basis_0008_045f34f22f34.npz,21,"(10, 2, 1, 0, 0, 0, 0, 0, 0)",4,4,1,12,8,0,4,12,1,0,14,27,0,0,inf,5,2.5439912623447386e-50,4.482332712317862,12,0,8.239178233963294,1.0,8,6,15.287777024106072,1.732880245530578,1.7328802455305774,0.0,3.115956318621335e-16,-1,0,0,nan,nan,nan,8.487529922312694,2.962016133840327,1.0384535659238008,0.19292850443752152,1,0,0.5299145299145299,0.5726495726495726,236141,4
13,basis_0008_045f34f22f34.npz,22,"(8, 4, 1, 0, 0, 0, 0, 0, 0)",4,4,1,13,9,0,4,13,0,1,14,27,0,0,inf,5,4.532554261016797e-33,6.798578472116343,13,0,9.781708346798027,1.3522727272727268,9,6,16.89843814442037,1.6449336050491816,1.6449336050491803,0.0,1.3800756142081627,-1,0,0,nan,nan,nan,8.249126697852972,2.7432301358301303,1.004237803579189,0.190725059434294,0,0,0.5982905982905983,0.6666666666666666,236141,4
13,basis_0008_045f34f22f34.npz,23,"(9, 2, 1, 1, 0, 0, 0, 0, 0)",4,4,1,11,7,0,4,11,2,0,14,27,0,0,inf,5,3.400479463599667e-33,5.523623099874241,11,0,8.465693998855652,1.3430141287284143,7,6,15.91524125346478,2.2306071294410224,2.2306071294410215,0.0,3.248289016021559e-29,-1,0,0,nan,nan,nan,8.296443878808335,2.6476249513836705,1.0087123905053246,0.19207490819420006,0,2,0.6666666666666666,0.5555555555555556,236141,4
13,basis_0008_045f34f22f34.npz,24,"(9, 2, 1, 1, 0, 0, 0, 0, 0)",4,4,1,12,8,0,4,12,1,0,14,27,0,0,inf,5,0.0,9.778312064368372,12,0,9.931911051900189,1.0714285714285712,8,6,15.26120314145614,1.0520435321724968,1.0520435321724961,0.0,2.7714981468573935e-17,-1,0,0,nan,nan,nan,8.116720599635528,2.6974519904906247,1.0178162853581938,0.18707568284081505,1,0,0.5213675213675214,0.6837606837606838,236141,4
13,basis_0008_045f34f22f34.npz,25,"(9, 3, 1, 0, 0, 0, 0, 0, 0)",4,4,1,12,8,0,4,12,1,0,14,27,0,0,inf,5,2.691725038670346e-48,7.422585126131592,12,0,10.48733413290479,1.4113924050632911,8,6,15.856075129683473,2.4805449840650224,2.4805449840650207,0.0,0.0,-1,0,0,nan,nan,nan,8.135488194126683,2.607347466830147,0.9866636764151274,0.19012848476299343,1,0,0.5555555555555556,0.7435897435897436,236141,4
13,basis_0008_045f34f22f34.npz,26,"(11, 1, 1, 0, 0, 0, 0, 0, 0)",4,4,1,11,7,0,4,11,2,0,14,27,0,0,inf,5,0.0,5.4336985895844006,11,0,9.589732163254768,1.4320987654320994,7,6,16.088706417133675,1.4685529602401208,1.46855296024012,0.0,0.0,-1,0,0,nan,nan,nan,8.150004574669317,2.6052078672477608,0.9346601992260352,0.19094410842529203,0,2,0.6324786324786325,0.5811965811965812,236141,4
13,basis_0008_045f34f22f34.npz,27,"(10, 2, 1, 0, 0, 0, 0, 0, 0)",4,4,1,12,8,0,4,12,1,0,14,27,0,0,inf,5,0.0,4.0855313999163005,12,0,8.483380336604263,1.0,8,6,15.234859715092202,1.2306277536421477,1.2306277536421473,0.0,1.1322438219058829e-16,-1,0,0,nan,nan,nan,8.514917890512876,2.963892054248896,1.0394005245978253,0.1933694321872594,1,0,0.5213675213675214,0.6324786324786325,236141,4
13,basis_0008_045f34f22f34.npz,28,"(10, 2, 1, 0, 0, 0, 0, 0, 0)",4,4,1,12,8,0,4,12,1,0,14,27,0,0,inf,5,3.542378233312711e-50,6.072131852761524,12,0,7.9445754493092595,1.0,8,6,15.551311691324297,1.1046910712962728,1.1046910712962712,0.0,4.4082904902902255e-17,-1,0,0,nan,nan,nan,8.290647255730969,2.707621266282525,1.00814337194157,0.19144915073769228,0,1,0.5726495726495726,0.5726495726495726,236141,4
13,basis_0008_045f34f22f34.npz,29,"(11, 1, 1, 0, 0, 0, 0, 0, 0)",4,4,1,10,6,0,4,10,3,0,14,27,0,0,inf,5,0.0,4.242640687119286,10,0,6.052798000624475,1.0,6,6,15.266727206092067,1.2954278632150091,1.2954278632150087,0.0,1.1380563704382265e-32,-1,0,0,nan,nan,nan,8.55691416332279,2.9650982786309985,1.0349017213690017,0.19390541916074366,1,2,0.5042735042735043,0.5299145299145299,236141,4
13,basis_0008_045f34f22f34.npz,30,"(11, 1, 1, 0, 0, 0, 0, 0, 0)",4,4,1,10,6,0,4,10,3,0,14,27,0,0,inf,5,1.9605190865397186e-50,4.90044737723848,10,0,6.654751256486924,1.142857142857143,6,6,15.796232200737824,1.018746888850416,1.0187468888504154,0.0,1.5043705731645244e-33,-1,0,0,nan,nan,nan,8.328241202776448,2.7487933920288588,1.0142395276324232,0.19186328303828457,3,0,0.452991452991453,0.6324786324786325,236141,4
13,basis_0008_045f34f22f34.npz,31,"(8, 4, 1, 0, 0, 0, 0, 0, 0)",4,4,1,11,7,0,4,11,2,0,14,27,0,0,inf,5,0.0,6.135051625388243,11,0,9.67416440159095,1.3817891373801918,7,6,16.624710641297728,1.7006659115737695,1.7006659115737683,0.0,1.2650961105168189e-17,-1,0,0,nan,nan,nan,8.115066112626092,2.698208742558899,0.9514632520013641,0.189366460713063,2,0,0.5641025641025641,0.6581196581196581,236141,4
13,basis_0008_045f34f22f34.npz,32,"(11, 1, 1, 0, 0, 0, 0, 0, 0)",4,4,1,10,6,0,4,10,3,0,14,27,0,0,inf,5,5.512659190939226e-49,5.008698345039865,10,0,8.195969316894633,1.3913043478260874,6,6,15.808105051058403,1.033136759671062,1.0331367596710614,0.0,0.0,-1,0,0,nan,nan,nan,8.382495634310398,2.7983191715142746,1.0102225945181,0.19325546805553934,3,0,0.4700854700854701,0.6923076923076923,236141,4
13,basis_0008_045f34f22f34.npz,33,"(9, 3, 1, 0, 0, 0, 0, 0, 0)",4,4,1,13,9,0,5,13,0,1,14,27,0,0,inf,4,2.5990514311664906e-33,4.936999206872164,13,0,9.49819384275294,1.2941176470588234,9,6,15.793595729831013,1.156816553125139,1.1568165531251382,0.0,1.2751038028410548,-1,0,0,nan,nan,nan,8.128824856578245,2.694193832298164,1.0140133330953884,0.19205838144437617,0,0,0.5811965811965812,0.5470085470085471,236141,4
13,basis_0008_045f34f22f34.npz,34,"(9, 2, 2, 0, 0, 0, 0, 0, 0)",4,4,1,12,8,0,4,12,1,0,14,27,0,0,inf,5,1.1446180939091725e-48,6.420085104939947,12,0,8.086765630591508,1.0142480211081795,8,6,15.623854385432402,2.4899310547027147,2.4899310547027134,0.0,3.1005513355296256e-16,-1,0,0,nan,nan,nan,8.2324804675185,2.6888537197610294,1.0221448024661335,0.19083193297266313,0,1,0.6153846153846154,0.5811965811965812,236141,4
13,basis_0008_045f34f22f34.npz,35,"(11, 1, 1, 0, 0, 0, 0, 0, 0)",4,4,1,11,7,0,4,11,2,0,14,27,0,0,inf,5,0.0,3.91852332220273,11,0,7.745966692414834,1.0,7,6,15.226084143061913,0.8902108483051726,0.8902108483051726,0.0,0.0,-1,0,0,nan,nan,nan,8.598088134315853,2.9658866879930685,1.0341133120069317,0.19435930601805293,0,2,0.6068376068376068,0.49572649572649574,236141,4
13,basis_0008_045f34f22f34.npz,36,"(8, 4, 1, 0, 0, 0, 0, 0, 0)",4,4,1,13,9,0,4,13,0,1,14,27,0,0,inf,5,2.5820942162360417e-31,6.208489608681816,13,0,11.008362190531674,1.435378201310303,9,6,17.119405515452325,2.626036924526651,2.6260369245266495,0.0,1.3823251665300804,-1,0,0,nan,nan,nan,8.175750815952707,2.671063199776412,1.007272309571743,0.18978496241644052,0,0,0.6068376068376068,0.6923076923076923,236141,4
13,basis_0008_045f34f22f34.npz,37,"(11, 1, 1, 0, 0, 0, 0, 0, 0)",4,4,1,11,7,0,4,11,2,0,14,27,0,0,inf,5,3.359019330970576e-49,4.242640687119285,11,0,7.538307963762275,1.420289855072464,7,6,15.267160479760506,2.164033799690143,2.164033799690142,0.0,1.49764039256603e-17,-1,0,0,nan,nan,nan,8.49704375223658,2.9648337418153425,1.036624749111078,0.19307744385153144,1,1,0.5384615384615384,0.5726495726495726,236141,4
13,basis_0008_045f34f22f34.npz,38,"(10, 2, 1, 0, 0, 0, 0, 0, 0)",4,4,1,12,8,0,4,12,1,0,14,27,0,0,inf,5,9.935198633224825e-49,6.108861559032902,12,0,9.591083822430544,1.0222222222222217,8,6,15.964147122405212,1.8433844477553463,1.8433844477553456,0.0,3.3131879851287576e-16,-1,0,0,nan,nan,nan,8.039905868934223,2.6082989666992398,0.9061450524757241,0.18791040118430546,0,1,0.717948717948718,0.5555555555555556,236141,4
13,basis_0008_045f34f22f34.npz,39,"(11, 1, 1, 0, 0, 0, 0, 0, 0)",4,4,1,12,8,0,4,12,1,0,14,27,0,0,inf,5,0.0,4.90304294475825,12,0,7.577735672486731,1.4285714285714286,8,6,15.79647741314873,1.1815942734456506,1.1815942734456495,0.0,1.4835318509321146e-16,-1,0,0,nan,nan,nan,8.35201378068582,2.7911478837196477,0.9941889897966862,0.1929608033679043,0,1,0.5555555555555556,0.5897435897435898,236141,4
13,basis_0008_045f34f22f34.npz,40,"(10, 2, 1, 0, 0, 0, 0, 0, 0)",4,4,1,12,8,0,4,12,1,0,14,27,0,0,inf,5,9.842231794719419e-33,7.129182636425612,12,0,8.420092587595072,1.0,8,6,15.793723037259037,1.2589413346652272,1.258941334665226,0.0,2.000943399568277e-16,-1,0,0,nan,nan,nan,8.17767992889549,2.6922554873324724,0.984741201256157,0.18867190388069838,0,1,0.6324786324786325,0.5897435897435898,236141,4
13,basis_0008_045f34f22f34.npz,41,"(10, 2, 1, 0, 0, 0, 0, 0, 0)",4,4,1,12,8,0,4,12,1,0,14,27,0,0,inf,5,0.0,6.82810889256273,12,0,10.864621484432856,1.5350000000000001,8,6,16.144038050809986,1.4926815111794605,1.4926815111794594,0.0,2.4879413185973948e-17,-1,0,0,nan,nan,nan,8.257961913658423,2.677205034850783,1.0217359865148559,0.19112335433414224,0,1,0.6324786324786325,0.5641025641025641,236141,4
13,basis_0008_045f34f22f34.npz,42,"(10, 2, 1, 0, 0, 0, 0, 0, 0)",4,4,1,12,8,0,4,12,1,0,14,27,0,0,inf,5,5.3515997460355613e-48,7.104691078393304,12,0,9.694647381173999,1.2762430939226606,8,6,15.334028293347156,2.221928214653534,2.221928214653533,0.0,1.5708969523708466e-17,-1,0,0,nan,nan,nan,8.224049551358585,2.6154302106453864,1.0290104838105518,0.19077659878403008,0,1,0.6666666666666666,0.5982905982905983,236141,4
13,basis_0008_045f34f22f34.npz,43,"(11, 1, 1, 0, 0, 0, 0, 0, 0)",4,4,1,12,8,0,5,12,1,0,14,27,0,0,inf,4,4.506846814626799e-17,9.411736939957859,12,0,9.960422488784744,1.369951534733441,8,6,15.570124598815841,2.774649255012319,2.7746492550123176,0.0,1.4038670653937575e-16,-1,0,0,nan,nan,nan,8.023606592208486,2.778163782915817,0.9667873028766885,0.18871212417259015,1,0,0.6495726495726496,0.5897435897435898,236141,4
13,basis_0008_045f34f22f34.npz,44,"(11, 1, 1, 0, 0, 0, 0, 0, 0)",4,4,1,11,7,0,4,11,2,0,14,27,0,0,inf,5,0.0,4.2426406871192865,11,0,7.479973261984297,1.3800000000000001,7,6,15.267352125092383,2.2904409305677307,2.2904409305677293,0.0,2.013821083236161e-29,-1,0,0,nan,nan,nan,8.400883258476014,2.9654022229993364,1.0351397335410764,0.1914130770093657,1,1,0.5470085470085471,0.5897435897435898,236141,4
13,basis_0008_045f34f22f34.npz,45,"(9, 3, 1, 0, 0, 0, 0, 0, 0)",4,4,1,12,8,0,4,12,1,0,14,27,0,0,inf,5,1.5308038692637267e-48,7.869425433372413,12,0,9.608725511558331,1.3848797250859104,8,6,16.88742133277516,2.06032331297671,2.060323312976709,0.0,6.640326036634765e-17,-1,0,0,nan,nan,nan,8.035916706841196,2.486374714125227,0.945118904349488,0.18789770381514276,0,1,0.7094017094017094,0.5726495726495726,236141,4
13,basis_0008_045f34f22f34.npz,46,"(10, 2, 1, 0, 0, 0, 0, 0, 0)",4,4,1,11,7,0,4,11,2,0,14,27,0,0,inf,5,0.0,3.9557321041779154,11,0,7.758865896508329,1.0,7,6,15.23464692682612,1.1093930231413778,1.1093930231413776,0.0,2.1113518498285078e-30,-1,0,0,nan,nan,nan,8.527677892448898,2.964569730057878,1.0354302699421216,0.1931629318620328,0,2,0.5384615384615384,0.49572649572649574,236141,4
13,basis_0008_045f34f22f34.npz,47,"(10, 2, 1, 0, 0, 0, 0, 0, 0)",4,4,1,13,9,0,4,13,0,1,14,27,0,0,inf,5,0.0,6.372642626518656,13,0,9.424339861135199,1.0,9,6,16.080566255067115,1.0802565152745396,1.080256515274539,0.0,1.6737987399850436,-1,0,0,nan,nan,nan,8.28596605709333,2.6204302142320253,0.9810230688283655,0.19111822444214183,0,0,0.6153846153846154,0.5470085470085471,236141,4
13,basis_0008_045f34f22f34.npz,48,"(9, 3, 1, 0, 0, 0, 0, 0, 0)",4,4,1,12,8,0,4,12,1,0,14,27,0,0,inf,5,1.5202392337871198e-49,4.158373555414949,12,0,8.554175181949356,1.0,8,6,15.25506404360562,1.7076251597586378,1.7076251597586374,0.0,4.159644616385853e-17,-1,0,0,nan,nan,nan,8.506736840989216,2.965230591231683,1.0372122291682806,0.19330254280733628,1,0,0.5042735042735043,0.5982905982905983,236141,4
13,basis_0008_045f34f22f34.npz,49,"(9, 3, 1, 0, 0, 0, 0, 0, 0)",4,4,1,11,7,0,4,11,2,0,14,27,0,0,inf,5,4.671046602217701e-50,6.79416953997828,11,0,8.140566147652207,1.0967741935483866,7,6,15.679187027701907,1.6640291445389819,1.6640291445389812,0.0,0.0,-1,0,0,nan,nan,nan,8.164262550534383,2.742439499273149,0.9863570853063756,0.1889095497480241,1,1,0.5299145299145299,0.7008547008547008,236141,4
13,basis_0009_f8601358c622.npz,0,"(10, 2, 1, 0, 0, 0, 0, 0, 0)",4,4,1,11,7,0,4,11,2,0,14,27,0,0,inf,5,0.0,3.754801746489562,11,0,8.06225774829855,1.0,7,6,15.098677023308158,0.8226477970367597,0.8226477970367597,0.0,0.0,-1,0,0,nan,nan,nan,8.595517427216256,2.9657379873744247,1.0342620126255753,0.19414317617096946,1,1,0.49572649572649574,0.5470085470085471,193097,4
13,basis_0009_f8601358c622.npz,1,"(10, 2, 1, 0, 0, 0, 0, 0, 0)",4,4,1,12,8,0,4,12,1,0,14,27,0,0,inf,5,1.0155576394560301e-32,4.869422207720668,12,0,8.399346379799034,1.333333333333334,8,6,15.676045947291891,1.9675203064398337,1.9675203064398326,0.0,5.21663416322834e-17,-1,0,0,nan,nan,nan,8.39030120599558,2.8423506755681536,1.0049590963839818,0.19320250189261223,1,0,0.5042735042735043,0.5811965811965812,193097,4
13,basis_0009_f8601358c622.npz,2,"(9, 3, 1, 0, 0, 0, 0, 0, 0)",4,4,1,13,9,0,4,13,0,1,14,27,0,0,inf,5,1.2589476238132595e-50,5.443416725302552,13,0,10.58747347550843,1.4189189189189202,9,6,15.35779432885888,2.302133878718201,2.3021338787181995,0.0,0.9892337309408882,-1,0,0,nan,nan,nan,8.360494299538217,2.741509012967218,1.031501772439378,0.1928780470127229,0,0,0.5384615384615384,0.6666666666666666,193097,4
13,basis_0009_f8601358c622.npz,3,"(10, 2, 1, 0, 0, 0, 0, 0, 0)",4,4,1,11,7,0,4,11,2,0,14,27,0,0,inf,5,0.0,3.8471421516116444,11,0,7.615773105863909,1.0,7,6,15.109518216546508,1.038148351656676,1.0381483516566758,0.0,8.747307539051581e-17,-1,0,0,nan,nan,nan,8.58002242743007,2.964751157642947,1.0352488423570532,0.19379505089485785,1,1,0.5299145299145299,0.5641025641025641,193097,4
13,basis_0009_f8601358c622.npz,4,"(10, 2, 1, 0, 0, 0, 0, 0, 0)",4,4,1,11,7,0,4,11,2,0,14,27,0,0,inf,5,4.523009782692105e-51,4.198859035249695,11,0,7.558467753626306,1.4782608695652175,7,6,15.133823804887424,1.9666521020187753,1.9666521020187746,0.0,0.0,-1,0,0,nan,nan,nan,8.481307972693218,2.965981457796607,1.0340185422033927,0.1923267291298777,0,2,0.6068376068376068,0.5042735042735043,193097,4
13,basis_0009_f8601358c622.npz,5,"(10, 2, 1, 0, 0, 0, 0, 0, 0)",4,4,1,10,6,0,4,10,3,0,14,27,0,0,inf,5,0.0,3.8471421516116444,10,0,6.531972647421808,1.0,6,6,15.109518216546508,1.0381483516566767,1.0381483516566765,0.0,0.0,-1,0,0,nan,nan,nan,8.513333341272835,2.9635837072888496,1.0364162927111504,0.192872296458588,1,2,0.5299145299145299,0.5213675213675214,193097,4
13,basis_0009_f8601358c622.npz,6,"(10, 2, 1, 0, 0, 0, 0, 0, 0)",4,4,1,12,8,0,5,12,1,0,14,27,0,0,inf,4,0.0,5.477225575051662,12,0,7.771743691090179,1.0,8,6,15.120613159794528,1.0827483930216626,1.082748393021662,0.0,2.516151890911376e-17,-1,0,0,nan,nan,nan,8.215826044596074,2.962957642727475,1.037042357272525,0.19048639127428635,0,1,0.5641025641025641,0.5299145299145299,193097,4
13,basis_0009_f8601358c622.npz,7,"(9, 2, 2, 0, 0, 0, 0, 0, 0)",4,4,1,12,8,0,5,12,1,0,14,27,0,0,inf,4,3.6372971256779444e-48,7.621775621073061,12,0,9.816800151647751,1.347826086956521,8,6,16.229224774784235,1.5867149197259827,1.5867149197259818,0.0,7.967609100917208e-17,-1,0,0,nan,nan,nan,8.14748247015509,2.562641312960263,0.9605266647585738,0.19073902890038752,0,1,0.6324786324786325,0.5555555555555556,193097,4
13,basis_0009_f8601358c622.npz,8,"(10, 2, 1, 0, 0, 0, 0, 0, 0)",4,4,1,11,7,0,4,11,2,0,14,27,0,0,inf,5,0.0,7.652983734299981,11,0,11.052903087726168,1.333333333333334,7,6,16.211252776812703,0.8717226659833367,0.8717226659833358,0.0,0.0,-1,0,0,nan,nan,nan,8.32758682263501,2.7406923702919563,0.9793421702752018,0.1911089423472289,1,1,0.5982905982905983,0.5811965811965812,193097,4
13,basis_0009_f8601358c622.npz,9,"(10, 2, 1, 0, 0, 0, 0, 0, 0)",4,4,1,11,7,0,4,11,2,0,14,27,0,0,inf,5,2.3269855020137165e-49,4.78345844692367,11,0,7.842193570679063,1.0,7,6,15.6651760584811,1.5393437998601003,1.5393437998600998,0.0,2.2534615792077533e-28,-1,0,0,nan,nan,nan,8.304938382372182,2.690457872545416,0.9863544857937254,0.1912504407411065,1,1,0.5555555555555556,0.5726495726495726,193097,4
13,basis_0009_f8601358c622.npz,10,"(10, 2, 1, 0, 0, 0, 0, 0, 0)",4,4,1,12,8,0,4,12,1,0,14,27,0,0,inf,5,0.0,4.774164468520087,12,0,9.011104260855047,1.2000000000000006,8,6,15.663476903055578,0.8514003210624862,0.8514003210624853,0.0,0.0,-1,0,0,nan,nan,nan,8.462227509942702,2.776602077463376,1.0083562888626378,0.19455566747896247,0,1,0.5213675213675214,0.5470085470085471,193097,4
13,basis_0009_f8601358c622.npz,11,"(9, 3, 1, 0, 0, 0, 0, 0, 0)",4,4,1,12,8,0,4,12,1,0,14,27,0,0,inf,5,0.0,6.392162005797422,12,0,9.46924847422786,1.0,8,6,15.524101261943663,0.9760940228956422,0.9760940228956413,0.0,1.7878096762163086e-16,-1,0,0,nan,nan,nan,8.379143531214806,2.7599780757658112,1.010901726487176,0.19153662221258794,1,0,0.5641025641025641,0.5811965811965812,193097,4
13,basis_0009_f8601358c622.npz,12,"(10, 2, 1, 0, 0, 0, 0, 0, 0)",4,4,1,10,6,0,4,10,3,0,14,27,0,0,inf,5,4.526829440009038e-50,4.78345844692367,10,0,7.167635593415728,1.333333333333333,6,6,15.6651760584811,1.5393437998601007,1.5393437998600998,0.0,0.0,-1,0,0,nan,nan,nan,8.355041133200928,2.6921571399389945,1.0020380261164765,0.19326095691868783,3,0,0.4358974358974359,0.6752136752136753,193097,4
13,basis_0009_f8601358c622.npz,13,"(10, 2, 1, 0, 0, 0, 0, 0, 0)",4,4,1,13,9,0,4,13,0,1,14,27,0,0,inf,5,0.0,3.8471421516116444,13,0,8.524474568362947,1.0,9,6,15.109518216546508,1.0381483516566765,1.0381483516566763,0.0,1.252111235845313,-1,0,0,nan,nan,nan,8.557795772155444,2.9647387654072284,1.0352612345927719,0.19371213665033263,0,0,0.5042735042735043,0.5641025641025641,193097,4
13,basis_0009_f8601358c622.npz,14,"(10, 2, 1, 0, 0, 0, 0, 0, 0)",4,4,1,8,4,0,4,8,5,0,14,27,0,0,inf,5,0.0,4.399865411560355,8,0,5.066228051190221,1.0,4,6,15.109518216546508,1.0381483516566765,1.0381483516566763,0.0,0.0,-1,0,0,nan,nan,nan,8.391275846462445,2.9655871824421047,1.0344128175578953,0.1911115062213017,3,2,0.49572649572649574,0.5982905982905983,193097,4
13,basis_0009_f8601358c622.npz,15,"(9, 2, 2, 0, 0, 0, 0, 0, 0)",4,4,1,12,8,0,5,12,1,0,14,27,0,0,inf,4,8.436476383577353e-50,6.6630638016440535,12,0,8.351851570612007,1.0,8,6,15.127157174471556,2.179296787359709,2.179296787359708,0.0,4.3333196713275796e-17,-1,0,0,nan,nan,nan,8.304722858993713,2.9638459338914815,1.0361540661085182,0.1900700751004415,0,1,0.5897435897435898,0.5213675213675214,193097,4
13,basis_0009_f8601358c622.npz,16,"(10, 2, 1, 0, 0, 0, 0, 0, 0)",4,4,1,12,8,0,5,12,1,0,14,27,0,0,inf,4,5.460460457537572e-48,4.818958648563006,12,0,8.168288084571833,1.2558139534883723,8,6,15.666917010458679,1.575295195188945,1.5752951951889438,0.0,5.51297553489974e-17,-1,0,0,nan,nan,nan,8.189699040975446,2.8073191939286977,0.9954609319486225,0.1933467857984718,1,0,0.5641025641025641,0.5555555555555556,193097,4
13,basis_0009_f8601358c622.npz,17,"(10, 2, 1, 0, 0, 0, 0, 0, 0)",4,4,1,11,7,0,4,11,2,0,14,27,0,0,inf,5,0.0,5.6173064764579275,11,0,9.246621004453466,1.3333333333333337,7,6,15.533519161019028,1.064163507471744,1.064163507471743,0.0,2.0151022606095505e-17,-1,0,0,nan,nan,nan,8.48242422403008,2.8746105166492995,1.011449100238864,0.19440237433688246,0,2,0.5726495726495726,0.5726495726495726,193097,4
13,basis_0009_f8601358c622.npz,18,"(9, 3, 1, 0, 0, 0, 0, 0, 0)",4,4,1,12,8,0,5,12,1,0,14,27,0,0,inf,4,3.234519271025138e-33,6.098504788943358,12,0,8.820430828479978,1.0,8,6,15.120613159794528,1.0827483930216624,1.0827483930216621,0.0,6.739583621971093e-18,-1,0,0,nan,nan,nan,8.254194176180082,2.9649067768347717,1.0350932231652283,0.19067558266003365,1,0,0.5128205128205128,0.6239316239316239,193097,4
13,basis_0009_f8601358c622.npz,19,"(10, 2, 1, 0, 0, 0, 0, 0, 0)",4,4,1,9,5,0,4,9,4,0,14,27,0,0,inf,5,0.0,3.754801746489562,9,0,5.916079783099616,1.0,5,6,15.098677023308158,0.8226477970367597,0.8226477970367597,0.0,0.0,-1,0,0,nan,nan,nan,8.605007187603452,2.9653433565701675,1.0346566434298325,0.19421043454079354,0,4,0.5384615384615384,0.452991452991453,193097,4
13,basis_0009_f8601358c622.npz,20,"(9, 2, 1, 1, 0, 0, 0, 0, 0)",4,4,1,12,8,0,4,12,1,0,14,27,0,0,inf,5,3.2672249883208277e-50,7.506930010489589,12,0,8.458454619222975,1.0,8,6,15.10428199748324,1.6119394952930897,1.611939495293089,0.0,4.0671897838497035e-17,-1,0,0,nan,nan,nan,8.289095896686364,2.6326109396137993,1.0286631219830629,0.19136780889410063,1,0,0.5555555555555556,0.5897435897435898,193097,4
13,basis_0009_f8601358c622.npz,21,"(9, 2, 1, 1, 0, 0, 0, 0, 0)",4,4,1,13,9,0,5,13,0,1,14,27,0,0,inf,4,0.0,5.756830814767178,13,0,8.516420126127285,1.0,9,6,15.105981102380062,1.546325038761905,1.5463250387619045,0.0,1.429354831760955,-1,0,0,nan,nan,nan,8.372063228736012,2.96353189938058,1.03646810061942,0.19361750247999168,0,0,0.5641025641025641,0.5641025641025641,193097,4
13,basis_0009_f8601358c622.npz,22,"(9, 3, 1, 0, 0, 0, 0, 0, 0)",4,4,1,11,7,0,4,11,2,0,14,27,0,0,inf,5,1.595022518025043e-48,6.076962331922514,11,0,8.838834764831844,1.2500000000000002,7,6,16.921558594316828,1.0945408993791528,1.0945408993791519,0.0,0.0,-1,0,0,nan,nan,nan,8.278525062765365,2.653428244424425,0.9981218501483587,0.19081351584320214,1,1,0.5811965811965812,0.5641025641025641,193097,4
13,basis_0009_f8601358c622.npz,23,"(10, 2, 1, 0, 0, 0, 0, 0, 0)",4,4,1,12,8,0,5,12,1,0,14,27,0,0,inf,4,1.2554587685072454e-19,7.422621533547173,12,0,11.07442355803936,1.2142857142857142,8,6,16.212901043535744,1.5736673353641573,1.5736673353641566,0.0,1.4968415490116734e-17,-1,0,0,nan,nan,nan,8.05660176109791,2.664883793527346,0.9933618327745488,0.1904061757544557,0,1,0.6068376068376068,0.5897435897435898,193097,4
13,basis_0009_f8601358c622.npz,24,"(10, 2, 1, 0, 0, 0, 0, 0, 0)",4,4,1,13,9,0,4,13,0,1,14,27,0,0,inf,5,0.0,4.858074161045157,13,0,9.015859043136949,1.0,9,6,15.674317334181689,1.0431436978260096,1.043143697826009,0.0,1.137556325236616,-1,0,0,nan,nan,nan,8.267760690638475,2.735322691455853,0.9858982975301462,0.18928486812175369,0,0,0.6239316239316239,0.5042735042735043,193097,4
13,basis_0009_f8601358c622.npz,25,"(10, 2, 1, 0, 0, 0, 0, 0, 0)",4,4,1,11,7,0,4,11,2,0,14,27,0,0,inf,5,1.9732836629932495e-51,5.230403380266418,11,0,9.636241116594315,1.4285714285714293,7,6,15.674317334181689,1.0431436978260096,1.0431436978260087,0.0,1.925916203519347e-34,-1,0,0,nan,nan,nan,8.287500418790694,2.8038536483644734,0.9956017020628649,0.19219542555731906,1,1,0.5897435897435898,0.5726495726495726,193097,4
13,basis_0009_f8601358c622.npz,26,"(10, 2, 1, 0, 0, 0, 0, 0, 0)",4,4,1,12,8,0,4,12,1,0,14,27,0,0,inf,5,0.0,5.628837968314428,12,0,8.573214099741124,1.333333333333333,8,6,16.211252776812703,0.8717226659833368,0.8717226659833358,0.0,2.0228675436003287e-16,-1,0,0,nan,nan,nan,8.28170187702504,2.646292705758203,0.9796707743405277,0.18956314943017455,0,1,0.47863247863247865,0.6153846153846154,193097,4
13,basis_0009_f8601358c622.npz,27,"(10, 2, 1, 0, 0, 0, 0, 0, 0)",4,4,1,11,7,0,4,11,2,0,14,27,0,0,inf,5,1.3213780504533386e-64,7.652983734299981,11,0,10.653637876331258,1.166666666666667,7,6,16.211252776812703,0.8717226659833364,0.8717226659833354,0.0,3.739865425460539e-17,-1,0,0,nan,nan,nan,8.284093615622174,2.6936424420020635,0.9670755267620117,0.18994230346840593,0,2,0.5897435897435898,0.5641025641025641,193097,4
13,basis_0009_f8601358c622.npz,28,"(9, 2, 1, 1, 0, 0, 0, 0, 0)",4,4,1,12,8,0,5,12,1,0,14,27,0,0,inf,4,8.9800292208316e-34,5.756971137532105,12,0,9.40744386111339,1.357142857142857,8,6,16.212901043535744,1.5736673353641573,1.5736673353641564,0.0,1.0657244631202717e-16,-1,0,0,nan,nan,nan,8.051016045274597,2.7698023832673724,0.9982668088844442,0.19016957280096847,0,1,0.6581196581196581,0.47863247863247865,193097,4
13,basis_0009_f8601358c622.npz,29,"(9, 3, 1, 0, 0, 0, 0, 0, 0)",4,4,1,11,7,0,4,11,2,0,14,27,0,0,inf,5,1.5192908393215678e-64,8.198253985765632,11,0,8.019373094424914,1.0,7,6,15.145484994668145,1.9666791674465132,1.9666791674465123,0.0,5.3219855993786847e-17,-1,0,0,nan,nan,nan,8.30552964961922,2.7089262272686154,0.9653001480550906,0.19184423578665652,1,1,0.6068376068376068,0.5811965811965812,193097,4
13,basis_0009_f8601358c622.npz,30,"(10, 2, 1, 0, 0, 0, 0, 0, 0)",4,4,1,9,5,0,4,9,4,0,14,27,0,0,inf,5,0.0,3.754801746489562,9,0,5.5677643628300215,1.0,5,6,15.098677023308158,0.8226477970367597,0.8226477970367597,0.0,9.315771974916644e-49,-1,0,0,nan,nan,nan,8.600834691065764,2.965341116401675,1.034658883598325,0.19414676767984473,0,4,0.6666666666666666,0.39316239316239315,193097,4
13,basis_0009_f8601358c622.npz,31,"(8, 4, 1, 0, 0, 0, 0, 0, 0)",4,4,1,12,8,0,4,12,1,0,14,27,0,0,inf,5,1.3957731448003906e-49,6.767343412041557,12,0,11.010932826569688,1.4598930481283432,8,6,15.653236052065644,1.9921784163243657,1.992178416324365,0.0,3.6790756488328304e-18,-1,0,0,nan,nan,nan,8.329681217645476,2.7052184981692307,1.0030046758347226,0.19215606608798688,0,1,0.6239316239316239,0.5897435897435898,193097,4
13,basis_0009_f8601358c622.npz,32,"(10, 2, 1, 0, 0, 0, 0, 0, 0)",4,4,1,10,6,0,4,10,3,0,14,27,0,0,inf,5,2.804906030791605e-33,5.647313611505963,10,0,8.522910301065007,1.36,6,6,16.214587086554413,1.6060016352089013,1.6060016352089004,0.0,0.0,-1,0,0,nan,nan,nan,8.338468462097605,2.7478656428696895,0.9871336692270188,0.19160050970942646,1,2,0.5811965811965812,0.5726495726495726,193097,4
13,basis_0009_f8601358c622.npz,33,"(10, 2, 1, 0, 0, 0, 0, 0, 0)",4,4,1,11,7,0,4,11,2,0,14,27,0,0,inf,5,0.0,3.767778181197325,11,0,7.1693793315739685,1.0,7,6,15.100431355102067,1.4935692136543355,1.493569213654335,0.0,6.068161639098419e-33,-1,0,0,nan,nan,nan,8.54131761418157,2.964199282146275,1.0358007178537252,0.1936097242438747,1,1,0.5128205128205128,0.5213675213675214,193097,4
13,basis_0009_f8601358c622.npz,34,"(10, 2, 1, 0, 0, 0, 0, 0, 0)",4,4,1,11,7,0,4,11,2,0,14,27,0,0,inf,5,0.0,4.774164468520087,11,0,7.797435475847171,1.0,7,6,15.663476903055578,0.8514003210624862,0.8514003210624852,0.0,0.0,-1,0,0,nan,nan,nan,8.313207063393467,2.7677725140230924,0.9833732746368935,0.19012363748962666,1,1,0.5641025641025641,0.5213675213675214,193097,4
13,basis_0009_f8601358c622.npz,35,"(9, 3, 1, 0, 0, 0, 0, 0, 0)",4,4,1,10,6,0,4,10,3,0,14,27,0,0,inf,5,0.0,6.024464070104765,10,0,7.54036755451237,1.380952380952381,6,6,16.909222779579288,1.066275360124697,1.0662753601246953,0.0,0.0,-1,0,0,nan,nan,nan,8.319384687705703,2.67501486355727,0.9716482199846066,0.19057143970353094,1,2,0.5811965811965812,0.5042735042735043,193097,4
13,basis_0009_f8601358c622.npz,36,"(10, 2, 1, 0, 0, 0, 0, 0, 0)",4,4,1,11,7,0,4,11,2,0,14,27,0,0,inf,5,8.276112744308925e-98,6.897652820589113,11,0,9.17294157524494,1.1428571428571457,7,6,15.944718257556211,1.024063483476699,1.0240634834766988,0.0,2.751034493597147e-17,-1,0,0,nan,nan,nan,8.251664273962964,2.687499011996545,0.9949854073873604,0.1892418343220887,0,2,0.6324786324786325,0.5213675213675214,193097,4
13,basis_0009_f8601358c622.npz,37,"(10, 2, 1, 0, 0, 0, 0, 0, 0)",4,4,1,10,6,0,4,10,3,0,14,27,0,0,inf,5,0.0,3.8471421516116444,10,0,7.702813338860895,1.0,6,6,15.109518216546508,1.0381483516566758,1.0381483516566754,0.0,0.0,-1,0,0,nan,nan,nan,8.536662235995923,2.9660941513691275,1.0339058486308723,0.19301822870870386,2,1,0.49572649572649574,0.6239316239316239,193097,4
13,basis_0009_f8601358c622.npz,38,"(9, 2, 1, 1, 0, 0, 0, 0, 0)",4,4,1,11,7,0,5,11,2,0,14,27,0,0,inf,4,0.0,4.200036654459456,11,0,6.928203230275509,1.0,7,6,15.098677023308158,0.8226477970367597,0.8226477970367597,0.0,2.13198544357586e-17,-1,0,0,nan,nan,nan,8.277770886327783,2.964249279614328,1.0357507203856724,0.19255291152880383,0,2,0.5726495726495726,0.4444444444444444,193097,4
13,basis_0009_f8601358c622.npz,39,"(10, 2, 1, 0, 0, 0, 0, 0, 0)",4,4,1,13,9,0,4,13,0,1,14,27,0,0,inf,5,0.0,4.858074161045157,13,0,10.078265156832726,1.2857142857142858,9,6,15.674317334181689,1.0431436978260091,1.0431436978260085,0.0,1.3037403917249073,-1,0,0,nan,nan,nan,8.379623460839143,2.788114648858118,1.0005498306840428,0.19308314139888252,0,0,0.5128205128205128,0.6495726495726496,193097,4
13,basis_0009_f8601358c622.npz,40,"(10, 2, 1, 0, 0, 0, 0, 0, 0)",4,4,1,9,5,0,4,9,4,0,14,27,0,0,inf,5,0.0,4.774164468520087,9,0,8.449852069711044,1.2000000000000006,5,6,15.663476903055578,0.8514003210624862,0.8514003210624854,0.0,0.0,-1,0,0,nan,nan,nan,8.453178850089676,2.83767915568436,1.0059377755008512,0.19422546582228226,3,1,0.5042735042735043,0.5982905982905983,193097,4
13,basis_0009_f8601358c622.npz,41,"(10, 2, 1, 0, 0, 0, 0, 0, 0)",4,4,1,12,8,0,4,12,1,0,14,27,0,0,inf,5,1.4349348656829316e-50,5.7143957403877375,12,0,9.220479454958419,1.4827586206896548,8,6,16.223732055824513,1.9683518054966211,1.9683518054966203,0.0,5.850973283749519e-17,-1,0,0,nan,nan,nan,8.25078949186984,2.748073001627747,0.9951657726538197,0.18996363228229537,0,1,0.5726495726495726,0.5726495726495726,193097,4
13,basis_0009_f8601358c622.npz,42,"(10, 2, 1, 0, 0, 0, 0, 0, 0)",4,4,1,11,7,0,4,11,2,0,14,27,0,0,inf,5,1.3053005636907106e-49,4.476245483594098,11,0,8.398250546685183,1.4285714285714284,7,6,15.14742428247485,2.4936800010126228,2.493680001012622,0.0,1.0720257326014218e-31,-1,0,0,nan,nan,nan,8.494060277056986,2.96272683855822,1.0372731614417798,0.19246495943420938,1,1,0.5384615384615384,0.6239316239316239,193097,4
13,basis_0009_f8601358c622.npz,43,"(10, 2, 1, 0, 0, 0, 0, 0, 0)",4,4,1,9,5,0,5,9,4,0,14,27,0,0,inf,4,0.0,7.656225958317512,9,0,8.246211251235321,1.0,5,6,15.098677023308158,0.8226477970367597,0.8226477970367597,0.0,0.0,-1,0,0,nan,nan,nan,8.286342840594378,2.966292901861067,1.0337070981389331,0.19234049662053868,2,2,0.5726495726495726,0.5042735042735043,193097,4
13,basis_0009_f8601358c622.npz,44,"(10, 2, 1, 0, 0, 0, 0, 0, 0)",4,4,1,10,6,0,4,10,3,0,14,27,0,0,inf,5,0.0,3.8651660392605183,10,0,6.529652642856559,1.090909090909091,6,6,15.111304921292758,1.966180220716117,1.966180220716116,0.0,0.0,-1,0,0,nan,nan,nan,8.551524779675043,2.965890336565954,1.0341096634340459,0.19344647701052722,0,3,0.6068376068376068,0.5042735042735043,193097,4
13,basis_0009_f8601358c622.npz,45,"(10, 2, 1, 0, 0, 0, 0, 0, 0)",4,4,1,12,8,0,4,12,1,0,14,27,0,0,inf,5,2.4345327002906424e-50,8.247586629748541,12,0,11.900630235411905,1.3750000000000004,8,6,16.744796507202043,1.6002549764578213,1.6002549764578204,0.0,2.800039583113382e-16,-1,0,0,nan,nan,nan,8.059621690753893,2.6656323440163887,0.9472200687078086,0.18703155794309137,1,0,0.6153846153846154,0.6324786324786325,193097,4
13,basis_0009_f8601358c622.npz,46,"(10, 2, 1, 0, 0, 0, 0, 0, 0)",4,4,1,11,7,0,4,11,2,0,14,27,0,0,inf,5,0.0,4.783458446923669,11,0,7.86871442274192,1.2500000000000007,7,6,15.6651760584811,1.5393437998601005,1.5393437998600998,0.0,1.1797483284953243e-29,-1,0,0,nan,nan,nan,8.371460309015045,2.7765377986677553,0.995932188847747,0.1927357540379104,0,2,0.5641025641025641,0.5299145299145299,193097,4
13,basis_0009_f8601358c622.npz,47,"(9, 2, 1, 1, 0, 0, 0, 0, 0)",4,4,1,10,6,0,4,10,3,0,14,27,0,0,inf,5,0.0,4.795682177790879,10,0,7.3006848993775915,1.0,6,6,15.745005594506235,1.8923602603610175,1.8923602603610168,0.0,0.0,-1,0,0,nan,nan,nan,8.357554700056864,2.8277440198522514,1.0057065994163836,0.1920396491861802,2,1,0.5726495726495726,0.5726495726495726,193097,4
13,basis_0009_f8601358c622.npz,48,"(9, 2, 1, 1, 0, 0, 0, 0, 0)",4,4,1,11,7,0,5,11,2,0,14,27,0,0,inf,4,0.0,4.242640687119286,11,0,6.701424543266223,1.0,7,6,15.111304921292758,1.966180220716117,1.9661802207161159,0.0,1.119943289967063e-30,-1,0,0,nan,nan,nan,8.206654900336297,2.7517015038925705,1.0346490925626088,0.1916166285040607,1,1,0.5213675213675214,0.5384615384615384,193097,4
13,basis_0009_f8601358c622.npz,49,"(10, 2, 1, 0, 0, 0, 0, 0, 0)",4,4,1,11,7,0,4,11,2,0,14,27,0,0,inf,5,0.0,3.8471421516116444,11,0,7.745966692414834,1.0,7,6,15.109518216546508,1.038148351656676,1.0381483516566758,0.0,6.057031485140503e-17,-1,0,0,nan,nan,nan,8.557962898562165,2.9665166567898056,1.0334833432101944,0.193658485413083,1,1,0.5042735042735043,0.5811965811965812,193097,4
