source,source_detail,attempt_id,sigma,restart_seed,rank,max_abs_residual,loss_value,exact_hit
symmetry_orbit,action_id=0,sym_000,,,23,0.0,0.0,True
symmetry_orbit,action_id=1,sym_001,,,23,0.0,0.0,True
symmetry_orbit,action_id=2,sym_002,,,23,0.0,0.0,True
symmetry_orbit,action_id=3,sym_003,,,23,0.0,0.0,True
symmetry_orbit,action_id=4,sym_004,,,23,0.0,0.0,True
symmetry_orbit,action_id=5,sym_005,,,23,0.0,0.0,True
symmetry_orbit,action_id=6,sym_006,,,23,0.0,0.0,True
symmetry_orbit,action_id=7,sym_007,,,23,0.0,0.0,True
symmetry_orbit,action_id=8,sym_008,,,23,0.0,0.0,True
symmetry_orbit,action_id=9,sym_009,,,23,0.0,0.0,True
symmetry_orbit,action_id=10,sym_010,,,23,0.0,0.0,True
symmetry_orbit,action_id=11,sym_011,,,23,0.0,0.0,True
symmetry_orbit,action_id=12,sym_012,,,23,0.0,0.0,True
symmetry_orbit,action_id=13,sym_013,,,23,0.0,0.0,True
symmetry_orbit,action_id=14,sym_014,,,23,0.0,0.0,True
symmetry_orbit,action_id=15,sym_015,,,23,0.0,0.0,True
symmetry_orbit,action_id=16,sym_016,,,23,0.0,0.0,True
symmetry_orbit,action_id=17,sym_017,,,23,0.0,0.0,True
symmetry_orbit,action_id=18,sym_018,,,23,0.0,0.0,True
symmetry_orbit,action_id=19,sym_019,,,23,0.0,0.0,True
symmetry_orbit,action_id=20,sym_020,,,23,0.0,0.0,True
symmetry_orbit,action_id=21,sym_021,,,23,0.0,0.0,True
symmetry_orbit,action_id=22,sym_022,,,23,0.0,0.0,True
symmetry_orbit,action_id=23,sym_023,,,23,0.0,0.0,True
symmetry_orbit,action_id=24,sym_024,,,23,0.0,0.0,True
symmetry_orbit,action_id=25,sym_025,,,23,0.0,0.0,True
symmetry_orbit,action_id=26,sym_026,,,23,0.0,0.0,True
symmetry_orbit,action_id=27,sym_027,,,23,0.0,0.0,True
symmetry_orbit,action_id=28,sym_028,,,23,0.0,0.0,True
symmetry_orbit,action_id=29,sym_029,,,23,0.0,0.0,True
symmetry_orbit,action_id=30,sym_030,,,23,0.0,0.0,True
symmetry_orbit,action_id=31,sym_031,,,23,0.0,0.0,True
symmetry_orbit,action_id=32,sym_032,,,23,0.0,0.0,True
symmetry_orbit,action_id=33,sym_033,,,23,0.0,0.0,True
symmetry_orbit,action_id=34,sym_034,,,23,0.0,0.0,True
symmetry_orbit,action_id=35,sym_035,,,23,0.0,0.0,True
symmetry_orbit,action_id=36,sym_036,,,23,0.0,0.0,True
symmetry_orbit,action_id=37,sym_037,,,23,0.0,0.0,True
symmetry_orbit,action_id=38,sym_038,,,23,0.0,0.0,True
symmetry_orbit,action_id=39,sym_039,,,23,0.0,0.0,True
symmetry_orbit,action_id=40,sym_040,,,23,0.0,0.0,True
symmetry_orbit,action_id=41,sym_041,,,23,0.0,0.0,True
symmetry_orbit,action_id=42,sym_042,,,23,0.0,0.0,True
symmetry_orbit,action_id=43,sym_043,,,23,0.0,0.0,True
symmetry_orbit,action_id=44,sym_044,,,23,0.0,0.0,True
symmetry_orbit,action_id=45,sym_045,,,23,0.0,0.0,True
symmetry_orbit,action_id=46,sym_046,,,23,0.0,0.0,True
symmetry_orbit,action_id=47,sym_047,,,23,0.0,0.0,True
symmetry_orbit,action_id=48,sym_048,,,23,0.0,0.0,True
symmetry_orbit,action_id=49,sym_049,,,23,0.0,0.0,True
symmetry_orbit,action_id=50,sym_050,,,23,0.0,0.0,True
symmetry_orbit,action_id=51,sym_051,,,23,0.0,0.0,True
symmetry_orbit,action_id=52,sym_052,,,23,0.0,0.0,True
symmetry_orbit,action_id=53,sym_053,,,23,0.0,0.0,True
symmetry_orbit,action_id=54,sym_054,,,23,0.0,0.0,True
symmetry_orbit,action_id=55,sym_055,,,23,0.0,0.0,True
symmetry_orbit,action_id=56,sym_056,,,23,0.0,0.0,True
symmetry_orbit,action_id=57,sym_057,,,23,0.0,0.0,True
symmetry_orbit,action_id=58,sym_058,,,23,0.0,0.0,True
symmetry_orbit,action_id=59,sym_059,,,23,0.0,0.0,True
symmetry_orbit,action_id=60,sym_060,,,23,0.0,0.0,True
symmetry_orbit,action_id=61,sym_061,,,23,0.0,0.0,True
symmetry_orbit,action_id=62,sym_062,,,23,0.0,0.0,True
symmetry_orbit,action_id=63,sym_063,,,23,0.0,0.0,True
symmetry_orbit,action_id=64,sym_064,,,23,0.0,0.0,True
symmetry_orbit,action_id=65,sym_065,,,23,0.0,0.0,True
symmetry_orbit,action_id=66,sym_066,,,23,0.0,0.0,True
symmetry_orbit,action_id=67,sym_067,,,23,0.0,0.0,True
symmetry_orbit,action_id=68,sym_068,,,23,0.0,0.0,True
symmetry_orbit,action_id=69,sym_069,,,23,0.0,0.0,True
symmetry_orbit,action_id=70,sym_070,,,23,0.0,0.0,True
symmetry_orbit,action_id=71,sym_071,,,23,0.0,0.0,True
symmetry_orbit,action_id=72,sym_072,,,23,0.0,0.0,True
symmetry_orbit,action_id=73,sym_073,,,23,0.0,0.0,True
symmetry_orbit,action_id=74,sym_074,,,23,0.0,0.0,True
symmetry_orbit,action_id=75,sym_075,,,23,0.0,0.0,True
symmetry_orbit,action_id=76,sym_076,,,23,0.0,0.0,True
symmetry_orbit,action_id=77,sym_077,,,23,0.0,0.0,True
symmetry_orbit,action_id=78,sym_078,,,23,0.0,0.0,True
symmetry_orbit,action_id=79,sym_079,,,23,0.0,0.0,True
symmetry_orbit,action_id=80,sym_080,,,23,0.0,0.0,True
symmetry_orbit,action_id=81,sym_081,,,23,0.0,0.0,True
symmetry_orbit,action_id=82,sym_082,,,23,0.0,0.0,True
symmetry_orbit,action_id=83,sym_083,,,23,0.0,0.0,True
symmetry_orbit,action_id=84,sym_084,,,23,0.0,0.0,True
symmetry_orbit,action_id=85,sym_085,,,23,0.0,0.0,True
symmetry_orbit,action_id=86,sym_086,,,23,0.0,0.0,True
symmetry_orbit,action_id=87,sym_087,,,23,0.0,0.0,True
symmetry_orbit,action_id=88,sym_088,,,23,0.0,0.0,True
symmetry_orbit,action_id=89,sym_089,,,23,0.0,0.0,True
symmetry_orbit,action_id=90,sym_090,,,23,0.0,0.0,True
symmetry_orbit,action_id=91,sym_091,,,23,0.0,0.0,True
symmetry_orbit,action_id=92,sym_092,,,23,0.0,0.0,True
symmetry_orbit,action_id=93,sym_093,,,23,0.0,0.0,True
symmetry_orbit,action_id=94,sym_094,,,23,0.0,0.0,True
symmetry_orbit,action_id=95,sym_095,,,23,0.0,0.0,True
symmetry_orbit,action_id=96,sym_096,,,23,0.0,0.0,True
symmetry_orbit,action_id=97,sym_097,,,23,0.0,0.0,True
symmetry_orbit,action_id=98,sym_098,,,23,0.0,0.0,True
symmetry_orbit,action_id=99,sym_099,,,23,0.0,0.0,True
symmetry_orbit,action_id=100,sym_100,,,23,0.0,0.0,True
symmetry_orbit,action_id=101,sym_101,,,23,0.0,0.0,True
symmetry_orbit,action_id=102,sym_102,,,23,0.0,0.0,True
symmetry_orbit,action_id=103,sym_103,,,23,0.0,0.0,True
symmetry_orbit,action_id=104,sym_104,,,23,0.0,0.0,True
symmetry_orbit,action_id=105,sym_105,,,23,0.0,0.0,True
symmetry_orbit,action_id=106,sym_106,,,23,0.0,0.0,True
symmetry_orbit,action_id=107,sym_107,,,23,0.0,0.0,True
symmetry_orbit,action_id=108,sym_108,,,23,0.0,0.0,True
symmetry_orbit,action_id=109,sym_109,,,23,0.0,0.0,True
symmetry_orbit,action_id=110,sym_110,,,23,0.0,0.0,True
symmetry_orbit,action_id=111,sym_111,,,23,0.0,0.0,True
symmetry_orbit,action_id=112,sym_112,,,23,0.0,0.0,True
symmetry_orbit,action_id=113,sym_113,,,23,0.0,0.0,True
symmetry_orbit,action_id=114,sym_114,,,23,0.0,0.0,True
symmetry_orbit,action_id=115,sym_115,,,23,0.0,0.0,True
symmetry_orbit,action_id=116,sym_116,,,23,0.0,0.0,True
symmetry_orbit,action_id=117,sym_117,,,23,0.0,0.0,True
symmetry_orbit,action_id=118,sym_118,,,23,0.0,0.0,True
symmetry_orbit,action_id=119,sym_119,,,23,0.0,0.0,True
symmetry_orbit,action_id=120,sym_120,,,23,0.0,0.0,True
symmetry_orbit,action_id=121,sym_121,,,23,0.0,0.0,True
symmetry_orbit,action_id=122,sym_122,,,23,0.0,0.0,True
symmetry_orbit,action_id=123,sym_123,,,23,0.0,0.0,True
symmetry_orbit,action_id=124,sym_124,,,23,0.0,0.0,True
symmetry_orbit,action_id=125,sym_125,,,23,0.0,0.0,True
symmetry_orbit,action_id=126,sym_126,,,23,0.0,0.0,True
symmetry_orbit,action_id=127,sym_127,,,23,0.0,0.0,True
symmetry_orbit,action_id=128,sym_128,,,23,0.0,0.0,True
symmetry_orbit,action_id=129,sym_129,,,23,0.0,0.0,True
symmetry_orbit,action_id=130,sym_130,,,23,0.0,0.0,True
symmetry_orbit,action_id=131,sym_131,,,23,0.0,0.0,True
symmetry_orbit,action_id=132,sym_132,,,23,0.0,0.0,True
symmetry_orbit,action_id=133,sym_133,,,23,0.0,0.0,True
symmetry_orbit,action_id=134,sym_134,,,23,0.0,0.0,True
symmetry_orbit,action_id=135,sym_135,,,23,0.0,0.0,True
symmetry_orbit,action_id=136,sym_136,,,23,0.0,0.0,True
symmetry_orbit,action_id=137,sym_137,,,23,0.0,0.0,True
symmetry_orbit,action_id=138,sym_138,,,23,0.0,0.0,True
symmetry_orbit,action_id=139,sym_139,,,23,0.0,0.0,True
symmetry_orbit,action_id=140,sym_140,,,23,0.0,0.0,True
symmetry_orbit,action_id=141,sym_141,,,23,0.0,0.0,True
symmetry_orbit,action_id=142,sym_142,,,23,0.0,0.0,True
symmetry_orbit,action_id=143,sym_143,,,23,0.0,0.0,True
symmetry_orbit,action_id=144,sym_144,,,23,0.0,0.0,True
symmetry_orbit,action_id=145,sym_145,,,23,0.0,0.0,True
symmetry_orbit,action_id=146,sym_146,,,23,0.0,0.0,True
symmetry_orbit,action_id=147,sym_147,,,23,0.0,0.0,True
symmetry_orbit,action_id=148,sym_148,,,23,0.0,0.0,True
symmetry_orbit,action_id=149,sym_149,,,23,0.0,0.0,True
symmetry_orbit,action_id=150,sym_150,,,23,0.0,0.0,True
symmetry_orbit,action_id=151,sym_151,,,23,0.0,0.0,True
symmetry_orbit,action_id=152,sym_152,,,23,0.0,0.0,True
symmetry_orbit,action_id=153,sym_153,,,23,0.0,0.0,True
symmetry_orbit,action_id=154,sym_154,,,23,0.0,0.0,True
symmetry_orbit,action_id=155,sym_155,,,23,0.0,0.0,True
symmetry_orbit,action_id=156,sym_156,,,23,0.0,0.0,True
symmetry_orbit,action_id=157,sym_157,,,23,0.0,0.0,True
symmetry_orbit,action_id=158,sym_158,,,23,0.0,0.0,True
symmetry_orbit,action_id=159,sym_159,,,23,0.0,0.0,True
symmetry_orbit,action_id=160,sym_160,,,23,0.0,0.0,True
symmetry_orbit,action_id=161,sym_161,,,23,0.0,0.0,True
symmetry_orbit,action_id=162,sym_162,,,23,0.0,0.0,True
symmetry_orbit,action_id=163,sym_163,,,23,0.0,0.0,True
symmetry_orbit,action_id=164,sym_164,,,23,0.0,0.0,True
symmetry_orbit,action_id=165,sym_165,,,23,0.0,0.0,True
symmetry_orbit,action_id=166,sym_166,,,23,0.0,0.0,True
symmetry_orbit,action_id=167,sym_167,,,23,0.0,0.0,True
symmetry_orbit,action_id=168,sym_168,,,23,0.0,0.0,True
symmetry_orbit,action_id=169,sym_169,,,23,0.0,0.0,True
symmetry_orbit,action_id=170,sym_170,,,23,0.0,0.0,True
symmetry_orbit,action_id=171,sym_171,,,23,0.0,0.0,True
symmetry_orbit,action_id=172,sym_172,,,23,0.0,0.0,True
symmetry_orbit,action_id=173,sym_173,,,23,0.0,0.0,True
symmetry_orbit,action_id=174,sym_174,,,23,0.0,0.0,True
symmetry_orbit,action_id=175,sym_175,,,23,0.0,0.0,True
symmetry_orbit,action_id=176,sym_176,,,23,0.0,0.0,True
symmetry_orbit,action_id=177,sym_177,,,23,0.0,0.0,True
symmetry_orbit,action_id=178,sym_178,,,23,0.0,0.0,True
symmetry_orbit,action_id=179,sym_179,,,23,0.0,0.0,True
symmetry_orbit,action_id=180,sym_180,,,23,0.0,0.0,True
symmetry_orbit,action_id=181,sym_181,,,23,0.0,0.0,True
symmetry_orbit,action_id=182,sym_182,,,23,0.0,0.0,True
symmetry_orbit,action_id=183,sym_183,,,23,0.0,0.0,True
symmetry_orbit,action_id=184,sym_184,,,23,0.0,0.0,True
symmetry_orbit,action_id=185,sym_185,,,23,0.0,0.0,True
symmetry_orbit,action_id=186,sym_186,,,23,0.0,0.0,True
symmetry_orbit,action_id=187,sym_187,,,23,0.0,0.0,True
symmetry_orbit,action_id=188,sym_188,,,23,0.0,0.0,True
symmetry_orbit,action_id=189,sym_189,,,23,0.0,0.0,True
symmetry_orbit,action_id=190,sym_190,,,23,0.0,0.0,True
symmetry_orbit,action_id=191,sym_191,,,23,0.0,0.0,True
symmetry_orbit,action_id=192,sym_192,,,23,0.0,0.0,True
symmetry_orbit,action_id=193,sym_193,,,23,0.0,0.0,True
symmetry_orbit,action_id=194,sym_194,,,23,0.0,0.0,True
symmetry_orbit,action_id=195,sym_195,,,23,0.0,0.0,True
symmetry_orbit,action_id=196,sym_196,,,23,0.0,0.0,True
symmetry_orbit,action_id=197,sym_197,,,23,0.0,0.0,True
symmetry_orbit,action_id=198,sym_198,,,23,0.0,0.0,True
symmetry_orbit,action_id=199,sym_199,,,23,0.0,0.0,True
symmetry_orbit,action_id=200,sym_200,,,23,0.0,0.0,True
symmetry_orbit,action_id=201,sym_201,,,23,0.0,0.0,True
symmetry_orbit,action_id=202,sym_202,,,23,0.0,0.0,True
symmetry_orbit,action_id=203,sym_203,,,23,0.0,0.0,True
symmetry_orbit,action_id=204,sym_204,,,23,0.0,0.0,True
symmetry_orbit,action_id=205,sym_205,,,23,0.0,0.0,True
symmetry_orbit,action_id=206,sym_206,,,23,0.0,0.0,True
symmetry_orbit,action_id=207,sym_207,,,23,0.0,0.0,True
symmetry_orbit,action_id=208,sym_208,,,23,0.0,0.0,True
symmetry_orbit,action_id=209,sym_209,,,23,0.0,0.0,True
symmetry_orbit,action_id=210,sym_210,,,23,0.0,0.0,True
symmetry_orbit,action_id=211,sym_211,,,23,0.0,0.0,True
symmetry_orbit,action_id=212,sym_212,,,23,0.0,0.0,True
symmetry_orbit,action_id=213,sym_213,,,23,0.0,0.0,True
symmetry_orbit,action_id=214,sym_214,,,23,0.0,0.0,True
symmetry_orbit,action_id=215,sym_215,,,23,0.0,0.0,True
perturbation,sigma=0.01,perturb_sigma_0.01_00000,0.01,7310,23,0.0010282427782583332,1.904499530002762e-05,False
perturbation,sigma=0.01,perturb_sigma_0.01_00001,0.01,7311,23,0.00040782379943549846,4.709279796728763e-06,False
perturbation,sigma=0.01,perturb_sigma_0.01_00002,0.01,7312,23,0.00022560149206969702,7.196640467572719e-07,False
perturbation,sigma=0.01,perturb_sigma_0.01_00003,0.01,7313,23,1.986346980737206e-05,2.5048008508346055e-09,False
perturbation,sigma=0.01,perturb_sigma_0.01_00004,0.01,7314,23,3.571281116224702e-05,2.2181934068343547e-08,False
perturbation,sigma=0.01,perturb_sigma_0.01_00005,0.01,7315,23,0.0006725087954554431,9.609786792634295e-06,False
perturbation,sigma=0.01,perturb_sigma_0.01_00006,0.01,7316,23,0.00026875233349598964,2.7715512745104864e-06,False
perturbation,sigma=0.01,perturb_sigma_0.01_00007,0.01,7317,23,0.0006050654668826283,6.841831993490343e-06,False
perturbation,sigma=0.01,perturb_sigma_0.01_00008,0.01,7318,23,0.000865071481738437,2.1774225021425808e-05,False
perturbation,sigma=0.01,perturb_sigma_0.01_00009,0.01,7319,23,0.0002929638580827035,1.4280082463719876e-06,False
perturbation,sigma=0.01,perturb_sigma_0.01_00010,0.01,7320,23,0.0003635950879585828,2.250466969337023e-06,False
perturbation,sigma=0.01,perturb_sigma_0.01_00011,0.01,7321,23,0.0004554459486410091,6.39457745097545e-06,False
perturbation,sigma=0.01,perturb_sigma_0.01_00012,0.01,7322,23,0.0003257337323377334,1.0120220295146496e-06,False
perturbation,sigma=0.01,perturb_sigma_0.01_00013,0.01,7323,23,0.0005459834688426834,9.257816068750546e-06,False
perturbation,sigma=0.01,perturb_sigma_0.01_00014,0.01,7324,23,0.0002657897235482517,2.6238249275088157e-06,False
perturbation,sigma=0.01,perturb_sigma_0.01_00015,0.01,7325,23,0.0007859263826353693,1.93787159224178e-05,False
perturbation,sigma=0.01,perturb_sigma_0.01_00016,0.01,7326,23,9.328568215265329e-05,1.9905423207420175e-07,False
perturbation,sigma=0.01,perturb_sigma_0.01_00017,0.01,7327,23,0.0010528120294697521,1.6935753097247805e-05,False
perturbation,sigma=0.01,perturb_sigma_0.01_00018,0.01,7328,23,9.921994359830821e-05,1.540461109212433e-07,False
perturbation,sigma=0.01,perturb_sigma_0.01_00019,0.01,7329,23,0.00019152172000893176,1.194477374961347e-06,False
perturbation,sigma=0.01,perturb_sigma_0.01_00020,0.01,7330,23,0.0007833324068787733,1.209756951584024e-05,False
perturbation,sigma=0.01,perturb_sigma_0.01_00021,0.01,7331,23,0.0002674841176694449,2.13205062823648e-06,False
perturbation,sigma=0.01,perturb_sigma_0.01_00022,0.01,7332,23,0.00021977322006416224,1.2840821263631826e-06,False
perturbation,sigma=0.01,perturb_sigma_0.01_00023,0.01,7333,23,0.0012102726671252674,1.167931451276675e-05,False
perturbation,sigma=0.01,perturb_sigma_0.01_00024,0.01,7334,23,0.0002885444791007733,8.917046634610736e-07,False
perturbation,sigma=0.01,perturb_sigma_0.01_00025,0.01,7335,23,0.0009553394282068833,1.4284132154942008e-05,False
perturbation,sigma=0.01,perturb_sigma_0.01_00026,0.01,7336,23,5.928747321419116e-05,1.8511061346044166e-08,False
perturbation,sigma=0.01,perturb_sigma_0.01_00027,0.01,7337,23,0.0008987930085136726,1.9035191113700884e-05,False
perturbation,sigma=0.01,perturb_sigma_0.01_00028,0.01,7338,23,4.004357102982712e-05,2.8214735637410613e-08,False
perturbation,sigma=0.01,perturb_sigma_0.01_00029,0.01,7339,23,0.0006084407054222676,9.385260056520036e-06,False
perturbation,sigma=0.01,perturb_sigma_0.01_00030,0.01,7340,23,0.0003599900031235198,9.684823159684787e-07,False
perturbation,sigma=0.01,perturb_sigma_0.01_00031,0.01,7341,23,6.716428355728592e-05,6.222136193313722e-08,False
perturbation,sigma=0.01,perturb_sigma_0.01_00032,0.01,7342,23,4.7423601673523026e-05,4.357276930320694e-09,False
perturbation,sigma=0.01,perturb_sigma_0.01_00033,0.01,7343,23,0.0003390346411152542,1.062426917906866e-06,False
perturbation,sigma=0.01,perturb_sigma_0.01_00034,0.01,7344,23,7.508688042275146e-05,6.009661789807146e-08,False
perturbation,sigma=0.01,perturb_sigma_0.01_00035,0.01,7345,23,0.0011610206665906692,2.6422900419960257e-05,False
perturbation,sigma=0.01,perturb_sigma_0.01_00036,0.01,7346,23,0.0006672913190648771,4.987932031289869e-06,False
perturbation,sigma=0.01,perturb_sigma_0.01_00037,0.01,7347,23,0.0015221912285281636,7.47258923676081e-05,False
perturbation,sigma=0.01,perturb_sigma_0.01_00038,0.01,7348,23,0.00016590183023101047,6.472435342121105e-07,False
perturbation,sigma=0.01,perturb_sigma_0.01_00039,0.01,7349,23,0.0005812981788750568,6.060180600279839e-06,False
perturbation,sigma=0.01,perturb_sigma_0.01_00040,0.01,7350,23,1.113385432090148e-05,1.7796962031638215e-09,False
perturbation,sigma=0.01,perturb_sigma_0.01_00041,0.01,7351,23,0.00013426605208233445,1.1329247848544987e-07,False
perturbation,sigma=0.01,perturb_sigma_0.01_00042,0.01,7352,23,0.0005625548878983089,8.289521697657504e-06,False
perturbation,sigma=0.01,perturb_sigma_0.01_00043,0.01,7353,23,2.0303628629136398e-05,4.0337691412457374e-09,False
perturbation,sigma=0.01,perturb_sigma_0.01_00044,0.01,7354,23,0.00021539953966984442,1.7688882548709151e-06,False
perturbation,sigma=0.01,perturb_sigma_0.01_00045,0.01,7355,23,4.9643570977115834e-05,5.093517362246228e-08,False
perturbation,sigma=0.01,perturb_sigma_0.01_00046,0.01,7356,23,0.0001879963694817438,1.1474549941197696e-06,False
perturbation,sigma=0.01,perturb_sigma_0.01_00047,0.01,7357,23,0.0007704637208008804,9.08338432346567e-06,False
perturbation,sigma=0.01,perturb_sigma_0.01_00048,0.01,7358,23,3.735029452831985e-05,5.064100130940124e-09,False
perturbation,sigma=0.01,perturb_sigma_0.01_00049,0.01,7359,23,0.0005123992848968167,3.0094474911984416e-06,False
perturbation,sigma=0.01,perturb_sigma_0.01_00050,0.01,7360,23,8.131416150853359e-05,1.6214938805787666e-07,False
perturbation,sigma=0.01,perturb_sigma_0.01_00051,0.01,7361,23,0.00020644475684589226,4.332106629060922e-07,False
perturbation,sigma=0.01,perturb_sigma_0.01_00052,0.01,7362,23,0.00010865776793760668,2.3247720953447998e-07,False
perturbation,sigma=0.01,perturb_sigma_0.01_00053,0.01,7363,23,0.00021242304299770945,1.6606162819579514e-06,False
perturbation,sigma=0.01,perturb_sigma_0.01_00054,0.01,7364,23,0.00015394456551646573,5.010544714442824e-07,False
perturbation,sigma=0.01,perturb_sigma_0.01_00055,0.01,7365,23,8.874717154366946e-05,1.351128091716351e-07,False
perturbation,sigma=0.01,perturb_sigma_0.01_00056,0.01,7366,23,0.00035980219665219376,2.4868974563265375e-06,False
perturbation,sigma=0.01,perturb_sigma_0.01_00057,0.01,7367,23,3.436745821334205e-05,4.161729811488038e-08,False
perturbation,sigma=0.01,perturb_sigma_0.01_00058,0.01,7368,23,0.00037914599790510306,1.7176806338637943e-06,False
perturbation,sigma=0.01,perturb_sigma_0.01_00059,0.01,7369,23,2.77692908217156e-05,5.004646406187824e-09,False
perturbation,sigma=0.01,perturb_sigma_0.01_00060,0.01,7370,23,0.00046910985966998537,2.149756853021452e-06,False
perturbation,sigma=0.01,perturb_sigma_0.01_00061,0.01,7371,23,4.83830914831749e-05,8.163325996605791e-09,False
perturbation,sigma=0.01,perturb_sigma_0.01_00062,0.01,7372,23,0.000991645728367582,1.3890676621250457e-05,False
perturbation,sigma=0.01,perturb_sigma_0.01_00063,0.01,7373,23,0.00022214144324164646,1.0453244982711214e-06,False
perturbation,sigma=0.01,perturb_sigma_0.01_00064,0.01,7374,23,0.00150506029887122,3.356975347472338e-05,False
perturbation,sigma=0.01,perturb_sigma_0.01_00065,0.01,7375,23,0.000866590680220998,2.6585659035752786e-05,False
perturbation,sigma=0.01,perturb_sigma_0.01_00066,0.01,7376,23,0.0004129884874319853,2.2029735981024123e-06,False
perturbation,sigma=0.01,perturb_sigma_0.01_00067,0.01,7377,23,0.00044591272877569915,4.169547535401885e-06,False
perturbation,sigma=0.01,perturb_sigma_0.01_00068,0.01,7378,23,0.0004082201314465745,4.356355263248855e-06,False
perturbation,sigma=0.01,perturb_sigma_0.01_00069,0.01,7379,23,3.9042363679132135e-05,2.9913236778929255e-08,False
perturbation,sigma=0.01,perturb_sigma_0.01_00070,0.01,7380,23,0.0002756816767769066,2.1152546227792684e-06,False
perturbation,sigma=0.01,perturb_sigma_0.01_00071,0.01,7381,23,9.663402871171471e-05,8.53284572519891e-08,False
perturbation,sigma=0.01,perturb_sigma_0.01_00072,0.01,7382,23,0.00033207479940281035,1.2216465713027092e-06,False
perturbation,sigma=0.01,perturb_sigma_0.01_00073,0.01,7383,23,0.0005956360082186615,1.2892166116933737e-05,False
perturbation,sigma=0.01,perturb_sigma_0.01_00074,0.01,7384,23,4.087795926230847e-05,1.350303221046108e-08,False
perturbation,sigma=0.01,perturb_sigma_0.01_00075,0.01,7385,23,0.00023445686302992586,1.6689523739702368e-06,False
perturbation,sigma=0.01,perturb_sigma_0.01_00076,0.01,7386,23,0.000255288917654727,7.49005370479832e-07,False
perturbation,sigma=0.01,perturb_sigma_0.01_00077,0.01,7387,23,0.00012040744291410494,1.9377851354612792e-07,False
perturbation,sigma=0.01,perturb_sigma_0.01_00078,0.01,7388,23,0.00045615396154320877,5.075718955737932e-06,False
perturbation,sigma=0.01,perturb_sigma_0.01_00079,0.01,7389,23,0.00033837328985082465,2.2912983597868064e-06,False
perturbation,sigma=0.01,perturb_sigma_0.01_00080,0.01,7390,23,0.0010495635596753977,3.944953071528242e-05,False
perturbation,sigma=0.01,perturb_sigma_0.01_00081,0.01,7391,23,0.00044619152839222697,4.7969186921548895e-06,False
perturbation,sigma=0.01,perturb_sigma_0.01_00082,0.01,7392,23,0.00015954555648586648,4.386649915049034e-07,False
perturbation,sigma=0.01,perturb_sigma_0.01_00083,0.01,7393,23,0.00029381842398495527,8.237056320961608e-07,False
perturbation,sigma=0.01,perturb_sigma_0.01_00084,0.01,7394,23,0.0002121254569606917,6.169652085280788e-07,False
perturbation,sigma=0.01,perturb_sigma_0.01_00085,0.01,7395,23,0.0006908182800278133,1.09771580622164e-05,False
perturbation,sigma=0.01,perturb_sigma_0.01_00086,0.01,7396,23,0.00015348600277637794,4.786419066415923e-07,False
perturbation,sigma=0.01,perturb_sigma_0.01_00087,0.01,7397,23,0.002173552461223783,6.394675814084158e-05,False
perturbation,sigma=0.01,perturb_sigma_0.01_00088,0.01,7398,23,0.0005715741877656028,5.9177972000189535e-06,False
perturbation,sigma=0.01,perturb_sigma_0.01_00089,0.01,7399,23,0.0006544367698209971,5.6656336576638214e-06,False
perturbation,sigma=0.01,perturb_sigma_0.01_00090,0.01,7400,23,0.0003372130607589792,1.5793624164072836e-06,False
perturbation,sigma=0.01,perturb_sigma_0.01_00091,0.01,7401,23,0.00041993899954375914,3.798611265094002e-06,False
perturbation,sigma=0.01,perturb_sigma_0.01_00092,0.01,7402,23,0.0002319362549337525,6.096775944686489e-07,False
perturbation,sigma=0.01,perturb_sigma_0.01_00093,0.01,7403,23,0.0005168094254756812,5.80283991056548e-06,False
perturbation,sigma=0.01,perturb_sigma_0.01_00094,0.01,7404,23,0.00038164159712487895,2.9748298158570814e-06,False
perturbation,sigma=0.01,perturb_sigma_0.01_00095,0.01,7405,23,4.43025560986664e-05,4.46491070778603e-08,False
perturbation,sigma=0.01,perturb_sigma_0.01_00096,0.01,7406,23,0.00025692419695629845,1.5839227387900222e-06,False
perturbation,sigma=0.01,perturb_sigma_0.01_00097,0.01,7407,23,9.602463515494897e-05,1.7618196060493666e-07,False
perturbation,sigma=0.01,perturb_sigma_0.01_00098,0.01,7408,23,0.0009133986518190448,1.396971327108612e-05,False
perturbation,sigma=0.01,perturb_sigma_0.01_00099,0.01,7409,23,4.215808184897336e-05,4.48764974922659e-08,False
perturbation,sigma=0.01,perturb_sigma_0.01_00100,0.01,7410,23,0.0001326472327967458,5.0526526263572e-07,False
perturbation,sigma=0.01,perturb_sigma_0.01_00101,0.01,7411,23,0.00027658779005456866,1.7189024524001508e-06,False
perturbation,sigma=0.01,perturb_sigma_0.01_00102,0.01,7412,23,0.0005993230184265262,5.948838589088052e-06,False
perturbation,sigma=0.01,perturb_sigma_0.01_00103,0.01,7413,23,0.0009850195521823126,3.8395231962864e-06,False
perturbation,sigma=0.01,perturb_sigma_0.01_00104,0.01,7414,23,0.0009204658399049559,2.073740773279819e-05,False
perturbation,sigma=0.01,perturb_sigma_0.01_00105,0.01,7415,23,0.0003146270456650711,1.9681907023519802e-07,False
perturbation,sigma=0.01,perturb_sigma_0.01_00106,0.01,7416,23,0.0009906910293618215,2.344138901472724e-05,False
perturbation,sigma=0.01,perturb_sigma_0.01_00107,0.01,7417,23,0.0004747036490015699,5.540306451337704e-06,False
perturbation,sigma=0.01,perturb_sigma_0.01_00108,0.01,7418,23,0.0003868853560139957,5.550408365162739e-06,False
perturbation,sigma=0.01,perturb_sigma_0.01_00109,0.01,7419,23,0.0004281554799782634,3.1541484603871364e-06,False
perturbation,sigma=0.01,perturb_sigma_0.01_00110,0.01,7420,23,0.00038947033810825016,1.7293842337664884e-06,False
perturbation,sigma=0.01,perturb_sigma_0.01_00111,0.01,7421,23,0.0002359652916180273,1.2688798037855497e-06,False
perturbation,sigma=0.01,perturb_sigma_0.01_00112,0.01,7422,23,0.0009858037659776979,2.84731362196602e-05,False
perturbation,sigma=0.01,perturb_sigma_0.01_00113,0.01,7423,23,0.00019916975312921615,8.927485850302502e-07,False
perturbation,sigma=0.01,perturb_sigma_0.01_00114,0.01,7424,23,0.00010178722521910582,1.2266636706150383e-07,False
perturbation,sigma=0.01,perturb_sigma_0.01_00115,0.01,7425,23,0.0009229884447179865,2.411198608822265e-05,False
perturbation,sigma=0.01,perturb_sigma_0.01_00116,0.01,7426,23,0.00019426615008960637,1.0123741947379309e-06,False
perturbation,sigma=0.01,perturb_sigma_0.01_00117,0.01,7427,23,0.0006985599234986424,8.107659166642731e-06,False
perturbation,sigma=0.01,perturb_sigma_0.01_00118,0.01,7428,23,0.00021772496243626646,1.930194935950984e-06,False
perturbation,sigma=0.01,perturb_sigma_0.01_00119,0.01,7429,23,0.00014108345650723042,2.5025615792321377e-07,False
perturbation,sigma=0.01,perturb_sigma_0.01_00120,0.01,7430,23,3.884349192194698e-05,6.670049197631524e-09,False
perturbation,sigma=0.01,perturb_sigma_0.01_00121,0.01,7431,23,6.38885810940261e-05,2.6326691822653783e-08,False
perturbation,sigma=0.01,perturb_sigma_0.01_00122,0.01,7432,23,0.0008160658178288048,1.0147501183312197e-05,False
perturbation,sigma=0.01,perturb_sigma_0.01_00123,0.01,7433,23,0.0003184890693174129,1.6286520615018147e-06,False
perturbation,sigma=0.01,perturb_sigma_0.01_00124,0.01,7434,23,0.00043357587011192637,6.035056821044508e-06,False
perturbation,sigma=0.01,perturb_sigma_0.01_00125,0.01,7435,23,0.00018588495796310948,5.446350979222577e-07,False
perturbation,sigma=0.01,perturb_sigma_0.01_00126,0.01,7436,23,0.0008223197766149275,1.4800624901144921e-05,False
perturbation,sigma=0.01,perturb_sigma_0.01_00127,0.01,7437,23,0.0002660746722398452,1.1280975075882926e-06,False
perturbation,sigma=0.05,perturb_sigma_0.05_00128,0.05,7478,23,0.0009095256538294695,2.1154468150293033e-06,False
perturbation,sigma=0.05,perturb_sigma_0.05_00129,0.05,7479,23,0.0002497878378850692,3.970560448656081e-07,False
perturbation,sigma=0.05,perturb_sigma_0.05_00130,0.05,7480,23,0.00037873779374327535,8.617523003736012e-07,False
perturbation,sigma=0.05,perturb_sigma_0.05_00131,0.05,7481,23,0.0004458184591567514,3.513315828148569e-06,False
perturbation,sigma=0.05,perturb_sigma_0.05_00132,0.05,7482,23,0.0005907680890868142,3.3349146035068236e-06,False
perturbation,sigma=0.05,perturb_sigma_0.05_00133,0.05,7483,23,0.00039871113497222957,5.841500077907938e-07,False
perturbation,sigma=0.05,perturb_sigma_0.05_00134,0.05,7484,23,0.000686324910023433,2.0317269528726298e-06,False
perturbation,sigma=0.05,perturb_sigma_0.05_00135,0.05,7485,23,0.0008575136966506506,3.046743046340636e-06,False
perturbation,sigma=0.05,perturb_sigma_0.05_00136,0.05,7486,23,0.0010900046102163428,2.1374859974804686e-06,False
perturbation,sigma=0.05,perturb_sigma_0.05_00137,0.05,7487,23,0.00035651755631168144,1.1442054452665273e-06,False
perturbation,sigma=0.05,perturb_sigma_0.05_00138,0.05,7488,23,0.0006210167152840401,1.6911415494442294e-06,False
perturbation,sigma=0.05,perturb_sigma_0.05_00139,0.05,7489,23,0.0006328940141575333,1.4121667649055603e-06,False
perturbation,sigma=0.05,perturb_sigma_0.05_00140,0.05,7490,23,0.002111759589989253,8.193158648590844e-06,False
perturbation,sigma=0.05,perturb_sigma_0.05_00141,0.05,7491,23,0.0003715691026439499,1.0060651940331014e-06,False
perturbation,sigma=0.05,perturb_sigma_0.05_00142,0.05,7492,23,0.0005903267889147097,1.887811811016692e-06,False
perturbation,sigma=0.05,perturb_sigma_0.05_00143,0.05,7493,23,0.0003056353334561638,8.989412119515754e-07,False
perturbation,sigma=0.05,perturb_sigma_0.05_00144,0.05,7494,23,0.0006458902345992293,1.7182955089323198e-06,False
perturbation,sigma=0.05,perturb_sigma_0.05_00145,0.05,7495,23,0.000377880519076105,9.346328604723103e-07,False
perturbation,sigma=0.05,perturb_sigma_0.05_00146,0.05,7496,23,0.000519861744759075,1.0795591892822232e-06,False
perturbation,sigma=0.05,perturb_sigma_0.05_00147,0.05,7497,23,0.00047138689080798387,9.154345281806147e-07,False
perturbation,sigma=0.05,perturb_sigma_0.05_00148,0.05,7498,23,0.0003876752751319921,5.825398952218583e-07,False
perturbation,sigma=0.05,perturb_sigma_0.05_00149,0.05,7499,23,0.00046773556814100087,1.7817738958677144e-06,False
perturbation,sigma=0.05,perturb_sigma_0.05_00150,0.05,7500,23,0.0004453136403345181,1.1749991042562195e-06,False
perturbation,sigma=0.05,perturb_sigma_0.05_00151,0.05,7501,23,0.0013271121475424293,5.323387902386796e-06,False
perturbation,sigma=0.05,perturb_sigma_0.05_00152,0.05,7502,23,0.0005779924208769744,3.4724832009583e-06,False
perturbation,sigma=0.05,perturb_sigma_0.05_00153,0.05,7503,23,0.0002789369463243607,5.707778341714838e-07,False
perturbation,sigma=0.05,perturb_sigma_0.05_00154,0.05,7504,23,0.0005383613272184937,1.1920303640604648e-06,False
perturbation,sigma=0.05,perturb_sigma_0.05_00155,0.05,7505,23,0.00031865211324769415,6.204487253138272e-07,False
perturbation,sigma=0.05,perturb_sigma_0.05_00156,0.05,7506,23,0.0012244666467186244,2.5052535881672184e-06,False
perturbation,sigma=0.05,perturb_sigma_0.05_00157,0.05,7507,23,0.0007887980711147137,4.26091876699349e-06,False
perturbation,sigma=0.05,perturb_sigma_0.05_00158,0.05,7508,23,0.0008177580595478825,1.0727479621652136e-06,False
perturbation,sigma=0.05,perturb_sigma_0.05_00159,0.05,7509,23,0.0008682563257683623,2.5213710078396283e-06,False
perturbation,sigma=0.05,perturb_sigma_0.05_00160,0.05,7510,23,0.0003810413922250534,8.575179968319771e-07,False
perturbation,sigma=0.05,perturb_sigma_0.05_00161,0.05,7511,23,0.0003130715607678827,9.779927733269362e-07,False
perturbation,sigma=0.05,perturb_sigma_0.05_00162,0.05,7512,23,0.0008992777752480993,2.6129115013082075e-06,False
perturbation,sigma=0.05,perturb_sigma_0.05_00163,0.05,7513,23,0.0006806587836880028,3.2376128982394563e-06,False
perturbation,sigma=0.05,perturb_sigma_0.05_00164,0.05,7514,23,0.0007586422569257407,2.353997904174654e-06,False
perturbation,sigma=0.05,perturb_sigma_0.05_00165,0.05,7515,23,0.000829554500367431,1.5648333020943452e-06,False
perturbation,sigma=0.05,perturb_sigma_0.05_00166,0.05,7516,23,0.0004320325791759001,8.325145677220224e-07,False
perturbation,sigma=0.05,perturb_sigma_0.05_00167,0.05,7517,23,0.0009835167253326028,3.868245213405463e-06,False
perturbation,sigma=0.05,perturb_sigma_0.05_00168,0.05,7518,23,0.00022926883074300637,5.328875016681595e-07,False
perturbation,sigma=0.05,perturb_sigma_0.05_00169,0.05,7519,23,0.0007053278453764322,2.0296129900998083e-06,False
perturbation,sigma=0.05,perturb_sigma_0.05_00170,0.05,7520,23,0.00017331553290628096,1.5462521644490994e-07,False
perturbation,sigma=0.05,perturb_sigma_0.05_00171,0.05,7521,23,0.00033129550912632346,7.822918884941254e-07,False
perturbation,sigma=0.05,perturb_sigma_0.05_00172,0.05,7522,23,0.001260569686645971,2.186278681897731e-06,False
perturbation,sigma=0.05,perturb_sigma_0.05_00173,0.05,7523,23,0.0011514237963149451,5.359688639215503e-06,False
perturbation,sigma=0.05,perturb_sigma_0.05_00174,0.05,7524,23,0.00031061500291273665,1.2649157859497737e-06,False
perturbation,sigma=0.05,perturb_sigma_0.05_00175,0.05,7525,23,0.00024187332968365362,2.586562896426144e-07,False
perturbation,sigma=0.05,perturb_sigma_0.05_00176,0.05,7526,23,0.0004772660122150692,1.5781509475045073e-06,False
perturbation,sigma=0.05,perturb_sigma_0.05_00177,0.05,7527,23,0.0003232102337950763,5.581672962185549e-07,False
perturbation,sigma=0.05,perturb_sigma_0.05_00178,0.05,7528,23,0.0006878232599503076,1.1608610467324117e-06,False
perturbation,sigma=0.05,perturb_sigma_0.05_00179,0.05,7529,23,0.0002046794374101842,2.4647695612171815e-07,False
perturbation,sigma=0.05,perturb_sigma_0.05_00180,0.05,7530,23,0.0005270024405364811,1.5837552041416899e-06,False
perturbation,sigma=0.05,perturb_sigma_0.05_00181,0.05,7531,23,0.001451981009690392,5.044582631605062e-06,False
perturbation,sigma=0.05,perturb_sigma_0.05_00182,0.05,7532,23,0.00033517351320892926,7.470846503449221e-07,False
perturbation,sigma=0.05,perturb_sigma_0.05_00183,0.05,7533,23,0.0005620472802882453,9.60967103170181e-07,False
perturbation,sigma=0.05,perturb_sigma_0.05_00184,0.05,7534,23,0.0005576406826936332,1.6786893914332388e-06,False
perturbation,sigma=0.05,perturb_sigma_0.05_00185,0.05,7535,23,0.00031522457808829193,8.765180730394372e-07,False
perturbation,sigma=0.05,perturb_sigma_0.05_00186,0.05,7536,23,0.00028064946503806524,7.76134984186062e-07,False
perturbation,sigma=0.05,perturb_sigma_0.05_00187,0.05,7537,23,0.0003942043012734752,1.0276284657021013e-06,False
perturbation,sigma=0.05,perturb_sigma_0.05_00188,0.05,7538,23,0.0002525817753687742,5.031100959499874e-07,False
perturbation,sigma=0.05,perturb_sigma_0.05_00189,0.05,7539,23,0.0005095389794736033,3.0386528624378835e-06,False
perturbation,sigma=0.05,perturb_sigma_0.05_00190,0.05,7540,23,0.0008263676368145066,2.0512326727861456e-06,False
perturbation,sigma=0.05,perturb_sigma_0.05_00191,0.05,7541,23,0.0008499781541399884,1.7151405667937934e-06,False
perturbation,sigma=0.05,perturb_sigma_0.05_00192,0.05,7542,23,0.0003158229345176859,5.666472689364301e-07,False
perturbation,sigma=0.05,perturb_sigma_0.05_00193,0.05,7543,23,0.0004080753852625243,6.619796597426872e-07,False
perturbation,sigma=0.05,perturb_sigma_0.05_00194,0.05,7544,23,0.001164850411401801,4.3988306892137225e-06,False
perturbation,sigma=0.05,perturb_sigma_0.05_00195,0.05,7545,23,0.0009104223655506064,1.95844945994466e-06,False
perturbation,sigma=0.05,perturb_sigma_0.05_00196,0.05,7546,23,0.0005480857474200695,2.3371889215370665e-06,False
perturbation,sigma=0.05,perturb_sigma_0.05_00197,0.05,7547,23,0.0003640285858307147,8.201299415002969e-07,False
perturbation,sigma=0.05,perturb_sigma_0.05_00198,0.05,7548,23,0.0006092107937651699,2.8236076874849933e-06,False
perturbation,sigma=0.05,perturb_sigma_0.05_00199,0.05,7549,23,0.00034766776820763023,9.112704974239655e-07,False
perturbation,sigma=0.05,perturb_sigma_0.05_00200,0.05,7550,23,0.0001526083408149347,1.9194223773662874e-07,False
perturbation,sigma=0.05,perturb_sigma_0.05_00201,0.05,7551,23,0.0004759073039267406,1.0198801959082446e-06,False
perturbation,sigma=0.05,perturb_sigma_0.05_00202,0.05,7552,23,0.0006729634687043919,1.7737431502594545e-06,False
perturbation,sigma=0.05,perturb_sigma_0.05_00203,0.05,7553,23,0.0002945194011248577,2.3135977984549454e-07,False
perturbation,sigma=0.05,perturb_sigma_0.05_00204,0.05,7554,23,0.0008723624015776325,3.757422161208504e-06,False
perturbation,sigma=0.05,perturb_sigma_0.05_00205,0.05,7555,23,0.0005409756484548761,1.201354714193488e-06,False
perturbation,sigma=0.05,perturb_sigma_0.05_00206,0.05,7556,23,0.0005538377029292794,1.563280604384377e-06,False
perturbation,sigma=0.05,perturb_sigma_0.05_00207,0.05,7557,23,0.001020005543571106,4.309545374477638e-06,False
perturbation,sigma=0.05,perturb_sigma_0.05_00208,0.05,7558,23,0.0003155855671955481,4.209944318025405e-07,False
perturbation,sigma=0.05,perturb_sigma_0.05_00209,0.05,7559,23,0.0009038974869356752,4.853081031979333e-06,False
perturbation,sigma=0.05,perturb_sigma_0.05_00210,0.05,7560,23,0.000632386876531744,1.3471537509570347e-06,False
perturbation,sigma=0.05,perturb_sigma_0.05_00211,0.05,7561,23,0.001300457225520448,3.4841624865202977e-06,False
perturbation,sigma=0.05,perturb_sigma_0.05_00212,0.05,7562,23,0.0008807294986006758,3.806008627251176e-06,False
perturbation,sigma=0.05,perturb_sigma_0.05_00213,0.05,7563,23,0.001111180903688173,1.9193759577721075e-06,False
perturbation,sigma=0.05,perturb_sigma_0.05_00214,0.05,7564,23,0.00012996854921726886,1.2205496580948458e-07,False
perturbation,sigma=0.05,perturb_sigma_0.05_00215,0.05,7565,23,0.000738796870702808,1.1170492494193913e-06,False
perturbation,sigma=0.05,perturb_sigma_0.05_00216,0.05,7566,23,0.00043886066244899,1.2448435937828126e-06,False
perturbation,sigma=0.05,perturb_sigma_0.05_00217,0.05,7567,23,0.0003984535812130169,8.71338311705656e-07,False
perturbation,sigma=0.05,perturb_sigma_0.05_00218,0.05,7568,23,0.00033744329771332425,8.238647914491533e-07,False
perturbation,sigma=0.05,perturb_sigma_0.05_00219,0.05,7569,23,0.0005837308442972515,1.6270797381050467e-06,False
perturbation,sigma=0.05,perturb_sigma_0.05_00220,0.05,7570,23,0.0005942852733913506,1.120263848694195e-06,False
perturbation,sigma=0.05,perturb_sigma_0.05_00221,0.05,7571,23,0.0004336258204893114,9.90068968843385e-07,False
perturbation,sigma=0.05,perturb_sigma_0.05_00222,0.05,7572,23,0.0009695575650966015,2.0524368716969273e-06,False
perturbation,sigma=0.05,perturb_sigma_0.05_00223,0.05,7573,23,0.0017479689544536896,7.892752614581874e-06,False
perturbation,sigma=0.05,perturb_sigma_0.05_00224,0.05,7574,23,0.000789634218111382,3.01639173693404e-06,False
perturbation,sigma=0.05,perturb_sigma_0.05_00225,0.05,7575,23,0.00030668976808680224,5.179200788372412e-07,False
perturbation,sigma=0.05,perturb_sigma_0.05_00226,0.05,7576,23,0.00011458340453377471,1.0228985157218105e-07,False
perturbation,sigma=0.05,perturb_sigma_0.05_00227,0.05,7577,23,0.0002601491418965571,4.993298292524019e-07,False
perturbation,sigma=0.05,perturb_sigma_0.05_00228,0.05,7578,23,0.00032573791345423813,2.0671748731684423e-06,False
perturbation,sigma=0.05,perturb_sigma_0.05_00229,0.05,7579,23,0.0006125814115523322,8.072921993038517e-07,False
perturbation,sigma=0.05,perturb_sigma_0.05_00230,0.05,7580,23,0.00024184702716852104,1.899571852714541e-07,False
perturbation,sigma=0.05,perturb_sigma_0.05_00231,0.05,7581,23,0.000572087113546459,2.7171225524835117e-06,False
perturbation,sigma=0.05,perturb_sigma_0.05_00232,0.05,7582,23,0.0005529387694808848,1.1737794514953872e-06,False
perturbation,sigma=0.05,perturb_sigma_0.05_00233,0.05,7583,23,0.000488857542373133,4.6576654068681885e-07,False
perturbation,sigma=0.05,perturb_sigma_0.05_00234,0.05,7584,23,0.0004696854121572211,1.332499552540271e-06,False
perturbation,sigma=0.05,perturb_sigma_0.05_00235,0.05,7585,23,0.0008345660008182752,3.9926042037115015e-06,False
perturbation,sigma=0.05,perturb_sigma_0.05_00236,0.05,7586,23,0.00032375912171284533,5.387619352001347e-07,False
perturbation,sigma=0.05,perturb_sigma_0.05_00237,0.05,7587,23,0.00026878466958562565,5.519846883535315e-07,False
perturbation,sigma=0.05,perturb_sigma_0.05_00238,0.05,7588,23,0.00041187013268584874,6.391322476669188e-07,False
perturbation,sigma=0.05,perturb_sigma_0.05_00239,0.05,7589,23,0.00035371414723429304,1.0724482425835006e-06,False
perturbation,sigma=0.05,perturb_sigma_0.05_00240,0.05,7590,23,0.00023300585480632812,6.918830036374176e-07,False
perturbation,sigma=0.05,perturb_sigma_0.05_00241,0.05,7591,23,0.0010399555898373053,3.6188804039409184e-06,False
perturbation,sigma=0.05,perturb_sigma_0.05_00242,0.05,7592,23,0.0005546707734402901,1.963782213993697e-06,False
perturbation,sigma=0.05,perturb_sigma_0.05_00243,0.05,7593,23,0.0008227459501485554,2.6566237518243955e-06,False
perturbation,sigma=0.05,perturb_sigma_0.05_00244,0.05,7594,23,0.0005032421730209807,2.4291610198562564e-06,False
perturbation,sigma=0.05,perturb_sigma_0.05_00245,0.05,7595,23,0.0014263325701335259,5.034144196617992e-06,False
perturbation,sigma=0.05,perturb_sigma_0.05_00246,0.05,7596,23,0.000617520177142337,1.1358339005897521e-06,False
perturbation,sigma=0.05,perturb_sigma_0.05_00247,0.05,7597,23,0.0008124123141205954,3.688205527564382e-06,False
perturbation,sigma=0.05,perturb_sigma_0.05_00248,0.05,7598,23,0.0010989143920914256,2.7553707703294166e-06,False
perturbation,sigma=0.05,perturb_sigma_0.05_00249,0.05,7599,23,0.0001831774826344873,4.749377648531654e-07,False
perturbation,sigma=0.05,perturb_sigma_0.05_00250,0.05,7600,23,0.0006961904826336248,1.433782962876054e-06,False
perturbation,sigma=0.05,perturb_sigma_0.05_00251,0.05,7601,23,0.0008344380562360311,1.7915466639972643e-06,False
perturbation,sigma=0.05,perturb_sigma_0.05_00252,0.05,7602,23,0.0006992082978984344,1.5526818445041063e-06,False
perturbation,sigma=0.05,perturb_sigma_0.05_00253,0.05,7603,23,0.0004870699887871428,1.288351306286382e-06,False
perturbation,sigma=0.05,perturb_sigma_0.05_00254,0.05,7604,23,0.0006525661124565852,2.736820306126133e-06,False
perturbation,sigma=0.05,perturb_sigma_0.05_00255,0.05,7605,23,0.0002546783446935501,5.335091251457532e-07,False
perturbation,sigma=0.1,perturb_sigma_0.10_00256,0.1,7656,23,0.001507253567961036,3.56976352941623e-05,False
perturbation,sigma=0.1,perturb_sigma_0.10_00257,0.1,7657,23,0.003665774372364338,6.715650636192596e-05,False
perturbation,sigma=0.1,perturb_sigma_0.10_00258,0.1,7658,23,0.0013871968625592216,2.94646123237191e-05,False
perturbation,sigma=0.1,perturb_sigma_0.10_00259,0.1,7659,23,0.0017373939882590983,2.2754791424351916e-05,False
perturbation,sigma=0.1,perturb_sigma_0.10_00260,0.1,7660,23,0.0034901182174094264,4.8231076789705934e-05,False
perturbation,sigma=0.1,perturb_sigma_0.10_00261,0.1,7661,23,0.004128981203748712,0.0001779393929380576,False
perturbation,sigma=0.1,perturb_sigma_0.10_00262,0.1,7662,23,0.0013049058403725577,1.3503717584575993e-05,False
perturbation,sigma=0.1,perturb_sigma_0.10_00263,0.1,7663,23,0.0017521827593246942,4.889955186083865e-05,False
perturbation,sigma=0.1,perturb_sigma_0.10_00264,0.1,7664,23,0.002385074099474188,3.781192990574826e-05,False
perturbation,sigma=0.1,perturb_sigma_0.10_00265,0.1,7665,23,0.0017416853806956386,1.198925679110199e-05,False
perturbation,sigma=0.1,perturb_sigma_0.10_00266,0.1,7666,23,0.002833205940561695,4.224517605644945e-05,False
perturbation,sigma=0.1,perturb_sigma_0.10_00267,0.1,7667,23,0.004031677109638382,8.822187313333547e-05,False
perturbation,sigma=0.1,perturb_sigma_0.10_00268,0.1,7668,23,0.003513736891578349,6.634115986469399e-05,False
perturbation,sigma=0.1,perturb_sigma_0.10_00269,0.1,7669,23,0.002344915228402874,3.112396521079106e-05,False
perturbation,sigma=0.1,perturb_sigma_0.10_00270,0.1,7670,23,0.0021783975738604833,4.6884427001430844e-05,False
perturbation,sigma=0.1,perturb_sigma_0.10_00271,0.1,7671,23,0.0012737682202442209,1.688310781320949e-05,False
perturbation,sigma=0.1,perturb_sigma_0.10_00272,0.1,7672,23,0.00249684903825711,6.574882551208463e-05,False
perturbation,sigma=0.1,perturb_sigma_0.10_00273,0.1,7673,23,0.0042923641989606265,6.308621455238153e-05,False
perturbation,sigma=0.1,perturb_sigma_0.10_00274,0.1,7674,23,0.0010499416752589317,5.152140795252237e-06,False
perturbation,sigma=0.1,perturb_sigma_0.10_00275,0.1,7675,23,0.0019045487355690849,2.6963463640273688e-05,False
perturbation,sigma=0.1,perturb_sigma_0.10_00276,0.1,7676,23,0.0017186210473541358,4.598384470464452e-05,False
perturbation,sigma=0.1,perturb_sigma_0.10_00277,0.1,7677,23,0.0006293559125627977,8.145322092866461e-06,False
perturbation,sigma=0.1,perturb_sigma_0.10_00278,0.1,7678,23,0.0033097417878025534,4.2697746003672154e-05,False
perturbation,sigma=0.1,perturb_sigma_0.10_00279,0.1,7679,23,0.0013553929840376885,2.8565160215384466e-05,False
perturbation,sigma=0.1,perturb_sigma_0.10_00280,0.1,7680,23,0.0006353045765666527,9.560163884323296e-06,False
perturbation,sigma=0.1,perturb_sigma_0.10_00281,0.1,7681,23,0.0050341186302249,0.0001035843111650707,False
perturbation,sigma=0.1,perturb_sigma_0.10_00282,0.1,7682,23,0.0012244535734540595,1.5725787120455934e-05,False
perturbation,sigma=0.1,perturb_sigma_0.10_00283,0.1,7683,23,0.0025030878351097884,2.7275947393952218e-05,False
perturbation,sigma=0.1,perturb_sigma_0.10_00284,0.1,7684,23,0.0019353825155091456,4.5698352186799386e-05,False
perturbation,sigma=0.1,perturb_sigma_0.10_00285,0.1,7685,23,0.002456433404084144,5.7418564116753945e-05,False
perturbation,sigma=0.1,perturb_sigma_0.10_00286,0.1,7686,23,0.0009460524199023209,6.259771792687686e-06,False
perturbation,sigma=0.1,perturb_sigma_0.10_00287,0.1,7687,23,0.0039012231886978873,4.437839109838339e-05,False
perturbation,sigma=0.1,perturb_sigma_0.10_00288,0.1,7688,23,0.001654802834619578,3.851503857615873e-05,False
perturbation,sigma=0.1,perturb_sigma_0.10_00289,0.1,7689,23,0.0007292310137591027,1.2025618579340515e-05,False
perturbation,sigma=0.1,perturb_sigma_0.10_00290,0.1,7690,23,0.003282137717710765,7.749853584734323e-05,False
perturbation,sigma=0.1,perturb_sigma_0.10_00291,0.1,7691,23,0.004729948295676144,0.00012856537103798292,False
perturbation,sigma=0.1,perturb_sigma_0.10_00292,0.1,7692,23,0.0010854281294287288,2.2673671641543388e-05,False
perturbation,sigma=0.1,perturb_sigma_0.10_00293,0.1,7693,23,0.0024219226246865295,5.0741900150376784e-05,False
perturbation,sigma=0.1,perturb_sigma_0.10_00294,0.1,7694,23,0.0015867684217441903,2.3795786335369836e-05,False
perturbation,sigma=0.1,perturb_sigma_0.10_00295,0.1,7695,23,0.003991617848892703,7.042692851809973e-05,False
perturbation,sigma=0.1,perturb_sigma_0.10_00296,0.1,7696,23,0.0010972715512969735,2.018329689847803e-05,False
perturbation,sigma=0.1,perturb_sigma_0.10_00297,0.1,7697,23,0.0013823372418646659,8.576350081368067e-06,False
perturbation,sigma=0.1,perturb_sigma_0.10_00298,0.1,7698,23,0.0018722962510223614,2.0039144402731796e-05,False
perturbation,sigma=0.1,perturb_sigma_0.10_00299,0.1,7699,23,0.002911931886393329,4.608224001534237e-05,False
perturbation,sigma=0.1,perturb_sigma_0.10_00300,0.1,7700,23,0.0014909996641140617,1.283110287741769e-05,False
perturbation,sigma=0.1,perturb_sigma_0.10_00301,0.1,7701,23,0.0008600122574210166,1.587773590829882e-05,False
perturbation,sigma=0.1,perturb_sigma_0.10_00302,0.1,7702,23,0.00111955595005851,2.857314065370203e-05,False
perturbation,sigma=0.1,perturb_sigma_0.10_00303,0.1,7703,23,0.002773787783315817,7.101472555030013e-05,False
perturbation,sigma=0.1,perturb_sigma_0.10_00304,0.1,7704,23,0.005060960222304154,0.00014250096855702416,False
perturbation,sigma=0.1,perturb_sigma_0.10_00305,0.1,7705,23,0.0026503808961818127,4.408736789796102e-05,False
perturbation,sigma=0.1,perturb_sigma_0.10_00306,0.1,7706,23,0.0019281354285031397,3.718256898497287e-05,False
perturbation,sigma=0.1,perturb_sigma_0.10_00307,0.1,7707,23,0.0010654491268160193,8.63833677505721e-06,False
perturbation,sigma=0.1,perturb_sigma_0.10_00308,0.1,7708,23,0.002290757042516124,2.1400395886503953e-05,False
perturbation,sigma=0.1,perturb_sigma_0.10_00309,0.1,7709,23,0.0015358696582489836,4.749629691416843e-05,False
perturbation,sigma=0.1,perturb_sigma_0.10_00310,0.1,7710,23,0.0005237418388793108,2.210326910555846e-06,False
perturbation,sigma=0.1,perturb_sigma_0.10_00311,0.1,7711,23,0.0007242351748403085,2.484940992236733e-05,False
perturbation,sigma=0.1,perturb_sigma_0.10_00312,0.1,7712,23,0.002011926609499396,2.7647142515857305e-05,False
perturbation,sigma=0.1,perturb_sigma_0.10_00313,0.1,7713,23,0.0026164554741214025,2.1417180951143387e-05,False
perturbation,sigma=0.1,perturb_sigma_0.10_00314,0.1,7714,23,0.002918333004389731,7.972397712025055e-05,False
perturbation,sigma=0.1,perturb_sigma_0.10_00315,0.1,7715,23,0.0013290487618413617,2.4263716032626323e-05,False
perturbation,sigma=0.1,perturb_sigma_0.10_00316,0.1,7716,23,0.0030911243409038926,7.98195315655531e-05,False
perturbation,sigma=0.1,perturb_sigma_0.10_00317,0.1,7717,23,0.002627810281885661,3.467333538371547e-05,False
perturbation,sigma=0.1,perturb_sigma_0.10_00318,0.1,7718,23,0.001472468141647914,1.0847322925455676e-05,False
perturbation,sigma=0.1,perturb_sigma_0.10_00319,0.1,7719,23,0.002788239987599502,0.00013969955379590097,False
perturbation,sigma=0.1,perturb_sigma_0.10_00320,0.1,7720,23,0.005109379830522067,6.807345578670811e-05,False
perturbation,sigma=0.1,perturb_sigma_0.10_00321,0.1,7721,23,0.001254865143449457,2.0407597333232383e-05,False
perturbation,sigma=0.1,perturb_sigma_0.10_00322,0.1,7722,23,0.003676290855267832,9.366037928470731e-05,False
perturbation,sigma=0.1,perturb_sigma_0.10_00323,0.1,7723,23,0.0015945622635348206,1.469066285670275e-05,False
perturbation,sigma=0.1,perturb_sigma_0.10_00324,0.1,7724,23,0.0018981070100476851,5.899637120583108e-05,False
perturbation,sigma=0.1,perturb_sigma_0.10_00325,0.1,7725,23,0.0033724365730832167,3.0948612160863507e-05,False
perturbation,sigma=0.1,perturb_sigma_0.10_00326,0.1,7726,23,0.0025251277247920196,5.722803283889429e-05,False
perturbation,sigma=0.1,perturb_sigma_0.10_00327,0.1,7727,23,0.002182118124946072,5.255653769998786e-05,False
perturbation,sigma=0.1,perturb_sigma_0.10_00328,0.1,7728,23,0.0025682339215822546,4.15607979282444e-05,False
perturbation,sigma=0.1,perturb_sigma_0.10_00329,0.1,7729,23,0.0012750332281425433,5.157043709187252e-05,False
perturbation,sigma=0.1,perturb_sigma_0.10_00330,0.1,7730,23,0.0009184917704328958,2.3598219338077872e-05,False
perturbation,sigma=0.1,perturb_sigma_0.10_00331,0.1,7731,23,0.00271559618260703,0.00011377247350826272,False
perturbation,sigma=0.1,perturb_sigma_0.10_00332,0.1,7732,23,0.0025626955232489735,2.3567623152618607e-05,False
perturbation,sigma=0.1,perturb_sigma_0.10_00333,0.1,7733,23,0.0044711395228232914,9.248609685504382e-05,False
perturbation,sigma=0.1,perturb_sigma_0.10_00334,0.1,7734,23,0.0015795032274582641,2.6418903993110095e-05,False
perturbation,sigma=0.1,perturb_sigma_0.10_00335,0.1,7735,23,0.0018542582603397174,3.3279542024712315e-05,False
perturbation,sigma=0.1,perturb_sigma_0.10_00336,0.1,7736,23,0.0018841364403864673,9.593397812760119e-05,False
perturbation,sigma=0.1,perturb_sigma_0.10_00337,0.1,7737,23,0.0022219363093706084,8.400985266368571e-05,False
perturbation,sigma=0.1,perturb_sigma_0.10_00338,0.1,7738,23,0.00233944672985224,7.92886531994851e-05,False
perturbation,sigma=0.1,perturb_sigma_0.10_00339,0.1,7739,23,0.0025023460972378652,3.160568091651551e-05,False
perturbation,sigma=0.1,perturb_sigma_0.10_00340,0.1,7740,23,0.0015837691410882917,3.554095312203696e-05,False
perturbation,sigma=0.1,perturb_sigma_0.10_00341,0.1,7741,23,0.001744042236926917,1.667054686566138e-05,False
perturbation,sigma=0.1,perturb_sigma_0.10_00342,0.1,7742,23,0.0009603324808547942,1.4829988723884661e-05,False
perturbation,sigma=0.1,perturb_sigma_0.10_00343,0.1,7743,23,0.0015457185301598012,2.53213219521846e-05,False
perturbation,sigma=0.1,perturb_sigma_0.10_00344,0.1,7744,23,0.0019407931207496769,0.00010371547456895601,False
perturbation,sigma=0.1,perturb_sigma_0.10_00345,0.1,7745,23,0.0023523750491814665,6.15354113108682e-05,False
perturbation,sigma=0.1,perturb_sigma_0.10_00346,0.1,7746,23,0.0024839573313004456,5.9382005826408226e-05,False
perturbation,sigma=0.1,perturb_sigma_0.10_00347,0.1,7747,23,0.0015005325004772434,4.011795228439872e-05,False
perturbation,sigma=0.1,perturb_sigma_0.10_00348,0.1,7748,23,0.002164987296829959,1.3977994328514116e-05,False
perturbation,sigma=0.1,perturb_sigma_0.10_00349,0.1,7749,23,0.002040164904521032,2.82872782122553e-05,False
perturbation,sigma=0.1,perturb_sigma_0.10_00350,0.1,7750,23,0.0026857980036060283,2.9423741919571463e-05,False
perturbation,sigma=0.1,perturb_sigma_0.10_00351,0.1,7751,23,0.0023510458843019194,5.885461898326577e-05,False
perturbation,sigma=0.1,perturb_sigma_0.10_00352,0.1,7752,23,0.004336701217165293,0.00013254554304374162,False
perturbation,sigma=0.1,perturb_sigma_0.10_00353,0.1,7753,23,0.0012247172878526982,3.62731258606869e-05,False
perturbation,sigma=0.1,perturb_sigma_0.10_00354,0.1,7754,23,0.0009181687672679346,7.134768257077909e-06,False
perturbation,sigma=0.1,perturb_sigma_0.10_00355,0.1,7755,23,0.0021741673286692163,6.522990703256873e-05,False
perturbation,sigma=0.1,perturb_sigma_0.10_00356,0.1,7756,23,0.0045985857773343,0.00011319749070720198,False
perturbation,sigma=0.1,perturb_sigma_0.10_00357,0.1,7757,23,0.0012298828823337192,1.5697648581855353e-05,False
perturbation,sigma=0.1,perturb_sigma_0.10_00358,0.1,7758,23,0.0015887458262020609,4.607182015742544e-05,False
perturbation,sigma=0.1,perturb_sigma_0.10_00359,0.1,7759,23,0.001273609816696819,1.2943982906113742e-05,False
perturbation,sigma=0.1,perturb_sigma_0.10_00360,0.1,7760,23,0.0019543930379241695,3.176561477225265e-05,False
perturbation,sigma=0.1,perturb_sigma_0.10_00361,0.1,7761,23,0.0011818414898232352,2.5589062966490246e-05,False
perturbation,sigma=0.1,perturb_sigma_0.10_00362,0.1,7762,23,0.0027141383574518425,3.816392169848775e-05,False
perturbation,sigma=0.1,perturb_sigma_0.10_00363,0.1,7763,23,0.003936928095869897,0.00021202292673618987,False
perturbation,sigma=0.1,perturb_sigma_0.10_00364,0.1,7764,23,0.0021706878774913167,7.170653377379588e-05,False
perturbation,sigma=0.1,perturb_sigma_0.10_00365,0.1,7765,23,0.0021374756953213532,3.7413761106290584e-05,False
perturbation,sigma=0.1,perturb_sigma_0.10_00366,0.1,7766,23,0.0037532119389782027,4.9698875247982324e-05,False
perturbation,sigma=0.1,perturb_sigma_0.10_00367,0.1,7767,23,0.003489036974786125,5.989799220772141e-05,False
perturbation,sigma=0.1,perturb_sigma_0.10_00368,0.1,7768,23,0.0020851185714217853,8.392122160296315e-05,False
perturbation,sigma=0.1,perturb_sigma_0.10_00369,0.1,7769,23,0.0011494154667482698,2.3358451880107188e-05,False
perturbation,sigma=0.1,perturb_sigma_0.10_00370,0.1,7770,23,0.0027967956003973884,5.503801481518081e-05,False
perturbation,sigma=0.1,perturb_sigma_0.10_00371,0.1,7771,23,0.00206106633268285,9.89698628612348e-05,False
perturbation,sigma=0.1,perturb_sigma_0.10_00372,0.1,7772,23,0.002942368117038516,5.373174886444135e-05,False
perturbation,sigma=0.1,perturb_sigma_0.10_00373,0.1,7773,23,0.0005132852244140132,4.608151498816296e-06,False
perturbation,sigma=0.1,perturb_sigma_0.10_00374,0.1,7774,23,0.0019846397186401594,4.497386989032533e-05,False
perturbation,sigma=0.1,perturb_sigma_0.10_00375,0.1,7775,23,0.0023816352944510018,4.0470352686361165e-05,False
perturbation,sigma=0.1,perturb_sigma_0.10_00376,0.1,7776,23,0.004329025982504269,4.36038304868681e-05,False
perturbation,sigma=0.1,perturb_sigma_0.10_00377,0.1,7777,23,0.0038765657210060255,8.702365812187938e-05,False
perturbation,sigma=0.1,perturb_sigma_0.10_00378,0.1,7778,23,0.0046765015871754355,4.884825361771773e-05,False
perturbation,sigma=0.1,perturb_sigma_0.10_00379,0.1,7779,23,0.0015101711323465307,3.072512340774758e-05,False
perturbation,sigma=0.1,perturb_sigma_0.10_00380,0.1,7780,23,0.0013691947429749014,6.549490105961589e-06,False
perturbation,sigma=0.1,perturb_sigma_0.10_00381,0.1,7781,23,0.003593594642648297,6.397972753173693e-05,False
perturbation,sigma=0.1,perturb_sigma_0.10_00382,0.1,7782,23,0.0012168381208074964,1.709396393390484e-05,False
perturbation,sigma=0.1,perturb_sigma_0.10_00383,0.1,7783,23,0.002242901986147886,2.25904979729361e-05,False
perturbation,sigma=0.5,perturb_sigma_0.50_00384,0.5,8184,23,0.34646553574955297,3.856893576670905,False
perturbation,sigma=0.5,perturb_sigma_0.50_00385,0.5,8185,23,0.695311103004886,6.7016344559336,False
perturbation,sigma=0.5,perturb_sigma_0.50_00386,0.5,8186,23,0.4923587427449617,4.329580645566788,False
perturbation,sigma=0.5,perturb_sigma_0.50_00387,0.5,8187,23,0.421491442478664,5.335949889875771,False
perturbation,sigma=0.5,perturb_sigma_0.50_00388,0.5,8188,23,0.6243470315477246,5.964264115213966,False
perturbation,sigma=0.5,perturb_sigma_0.50_00389,0.5,8189,23,0.3306115242471671,4.590208505566139,False
perturbation,sigma=0.5,perturb_sigma_0.50_00390,0.5,8190,23,0.4284603100220291,3.3837369633215495,False
perturbation,sigma=0.5,perturb_sigma_0.50_00391,0.5,8191,23,0.19122265142991496,1.8157527401005622,False
perturbation,sigma=0.5,perturb_sigma_0.50_00392,0.5,8192,23,0.4138243332570857,3.087970067586618,False
perturbation,sigma=0.5,perturb_sigma_0.50_00393,0.5,8193,23,0.6386399867429793,5.926643583380354,False
perturbation,sigma=0.5,perturb_sigma_0.50_00394,0.5,8194,23,0.6609149549832339,6.050114997495731,False
perturbation,sigma=0.5,perturb_sigma_0.50_00395,0.5,8195,23,0.5079404261457469,3.636675601764666,False
perturbation,sigma=0.5,perturb_sigma_0.50_00396,0.5,8196,23,0.27836109812133086,3.165336376295995,False
perturbation,sigma=0.5,perturb_sigma_0.50_00397,0.5,8197,23,0.4941612165809912,6.012348940933512,False
perturbation,sigma=0.5,perturb_sigma_0.50_00398,0.5,8198,23,0.5350006367308955,5.452070913366703,False
perturbation,sigma=0.5,perturb_sigma_0.50_00399,0.5,8199,23,0.4577602434832684,5.571012819330168,False
perturbation,sigma=0.5,perturb_sigma_0.50_00400,0.5,8200,23,0.6431643992579166,3.790545112497484,False
perturbation,sigma=0.5,perturb_sigma_0.50_00401,0.5,8201,23,0.501891269114441,4.33264895518549,False
perturbation,sigma=0.5,perturb_sigma_0.50_00402,0.5,8202,23,0.5726786854274171,5.42428091799988,False
perturbation,sigma=0.5,perturb_sigma_0.50_00403,0.5,8203,23,0.7339851944637448,4.5520525372775555,False
perturbation,sigma=0.5,perturb_sigma_0.50_00404,0.5,8204,23,0.5079150510607868,6.498898444293638,False
perturbation,sigma=0.5,perturb_sigma_0.50_00405,0.5,8205,23,0.3841595368933961,5.524361855345118,False
perturbation,sigma=0.5,perturb_sigma_0.50_00406,0.5,8206,23,0.7208304507715827,3.0158624269583876,False
perturbation,sigma=0.5,perturb_sigma_0.50_00407,0.5,8207,23,0.43342145881248995,5.0059547451756865,False
perturbation,sigma=0.5,perturb_sigma_0.50_00408,0.5,8208,23,0.4328448824214287,4.619080152850002,False
perturbation,sigma=0.5,perturb_sigma_0.50_00409,0.5,8209,23,0.5290008954829568,5.1926023205044585,False
perturbation,sigma=0.5,perturb_sigma_0.50_00410,0.5,8210,23,0.6177448779664477,4.598782262274821,False
perturbation,sigma=0.5,perturb_sigma_0.50_00411,0.5,8211,23,0.42818722642091733,4.118077852630403,False
perturbation,sigma=0.5,perturb_sigma_0.50_00412,0.5,8212,23,0.42179147118544835,3.7640114152092714,False
perturbation,sigma=0.5,perturb_sigma_0.50_00413,0.5,8213,23,0.35520736936063635,3.623057090776359,False
perturbation,sigma=0.5,perturb_sigma_0.50_00414,0.5,8214,23,0.6304198943381422,4.535223330069819,False
perturbation,sigma=0.5,perturb_sigma_0.50_00415,0.5,8215,23,0.41635958767341497,5.662325171309237,False
perturbation,sigma=0.5,perturb_sigma_0.50_00416,0.5,8216,23,0.5922185701658371,6.039049411421397,False
perturbation,sigma=0.5,perturb_sigma_0.50_00417,0.5,8217,23,0.39802217569352694,3.5532359157838966,False
perturbation,sigma=0.5,perturb_sigma_0.50_00418,0.5,8218,23,0.436142547448614,4.944680332230188,False
perturbation,sigma=0.5,perturb_sigma_0.50_00419,0.5,8219,23,0.4939602651400309,5.050146704119289,False
perturbation,sigma=0.5,perturb_sigma_0.50_00420,0.5,8220,23,0.3936500881782419,3.7249645218709277,False
perturbation,sigma=0.5,perturb_sigma_0.50_00421,0.5,8221,23,0.7662172742385323,4.903887328484537,False
perturbation,sigma=0.5,perturb_sigma_0.50_00422,0.5,8222,23,0.43263717785155775,4.916552988577471,False
perturbation,sigma=0.5,perturb_sigma_0.50_00423,0.5,8223,23,0.48951254037426484,5.581194903368823,False
perturbation,sigma=0.5,perturb_sigma_0.50_00424,0.5,8224,23,0.23180781070756196,2.606286399378355,False
perturbation,sigma=0.5,perturb_sigma_0.50_00425,0.5,8225,23,0.557910641907482,2.8592864875912882,False
perturbation,sigma=0.5,perturb_sigma_0.50_00426,0.5,8226,23,0.7177482629827008,5.6845678849212815,False
perturbation,sigma=0.5,perturb_sigma_0.50_00427,0.5,8227,23,0.45469341039112066,3.6648356290743114,False
perturbation,sigma=0.5,perturb_sigma_0.50_00428,0.5,8228,23,0.42558741711173353,5.913815544633046,False
perturbation,sigma=0.5,perturb_sigma_0.50_00429,0.5,8229,23,0.5300746071916584,5.200483272839977,False
perturbation,sigma=0.5,perturb_sigma_0.50_00430,0.5,8230,23,0.2905670338647015,3.066635701518374,False
perturbation,sigma=0.5,perturb_sigma_0.50_00431,0.5,8231,23,0.5493502597162985,6.095509102009261,False
perturbation,sigma=0.5,perturb_sigma_0.50_00432,0.5,8232,23,0.4758874064205808,4.766873469256836,False
perturbation,sigma=0.5,perturb_sigma_0.50_00433,0.5,8233,23,0.34760414551637275,3.3607697368574807,False
perturbation,sigma=0.5,perturb_sigma_0.50_00434,0.5,8234,23,0.6946966341390023,4.77804040829462,False
perturbation,sigma=0.5,perturb_sigma_0.50_00435,0.5,8235,23,0.4825714435129921,3.3596471404042765,False
perturbation,sigma=0.5,perturb_sigma_0.50_00436,0.5,8236,23,0.5616629127308943,4.591404448147503,False
perturbation,sigma=0.5,perturb_sigma_0.50_00437,0.5,8237,23,0.40248928662384287,4.75826111709438,False
perturbation,sigma=0.5,perturb_sigma_0.50_00438,0.5,8238,23,0.45447894729258786,4.114557563099234,False
perturbation,sigma=0.5,perturb_sigma_0.50_00439,0.5,8239,23,0.36064558490831644,3.930921831762886,False
perturbation,sigma=0.5,perturb_sigma_0.50_00440,0.5,8240,23,0.7113085590849546,5.423983152936872,False
perturbation,sigma=0.5,perturb_sigma_0.50_00441,0.5,8241,23,0.6036990926201365,5.5634592547008355,False
perturbation,sigma=0.5,perturb_sigma_0.50_00442,0.5,8242,23,0.503894790931389,4.579184104054961,False
perturbation,sigma=0.5,perturb_sigma_0.50_00443,0.5,8243,23,0.42677564644221166,4.52340270504926,False
perturbation,sigma=0.5,perturb_sigma_0.50_00444,0.5,8244,23,0.487804831852821,3.7276232016608257,False
perturbation,sigma=0.5,perturb_sigma_0.50_00445,0.5,8245,23,0.6900051658747675,4.204767424629188,False
perturbation,sigma=0.5,perturb_sigma_0.50_00446,0.5,8246,23,0.506412884176437,4.88579016749639,False
perturbation,sigma=0.5,perturb_sigma_0.50_00447,0.5,8247,23,0.4745258289216041,3.953703321102136,False
perturbation,sigma=0.5,perturb_sigma_0.50_00448,0.5,8248,23,0.3706968303006829,4.4763376133349055,False
perturbation,sigma=0.5,perturb_sigma_0.50_00449,0.5,8249,23,0.45713974002960855,2.7016040281708964,False
perturbation,sigma=0.5,perturb_sigma_0.50_00450,0.5,8250,23,0.6605339027981785,4.212599558766569,False
perturbation,sigma=0.5,perturb_sigma_0.50_00451,0.5,8251,23,0.7568114810603301,3.543648789121888,False
perturbation,sigma=0.5,perturb_sigma_0.50_00452,0.5,8252,23,0.622930363767759,5.2541617703157915,False
perturbation,sigma=0.5,perturb_sigma_0.50_00453,0.5,8253,23,0.40875210361884395,5.324221736466706,False
perturbation,sigma=0.5,perturb_sigma_0.50_00454,0.5,8254,23,0.5614201755105124,4.656927989272849,False
perturbation,sigma=0.5,perturb_sigma_0.50_00455,0.5,8255,23,0.6117228746059604,5.419166017426285,False
perturbation,sigma=0.5,perturb_sigma_0.50_00456,0.5,8256,23,0.4015760225192202,3.137640473390679,False
perturbation,sigma=0.5,perturb_sigma_0.50_00457,0.5,8257,23,0.6545877082166789,5.404124858775028,False
perturbation,sigma=0.5,perturb_sigma_0.50_00458,0.5,8258,23,0.46669250118969463,3.9763792475809137,False
perturbation,sigma=0.5,perturb_sigma_0.50_00459,0.5,8259,23,0.6404874279652725,3.394848773020861,False
perturbation,sigma=0.5,perturb_sigma_0.50_00460,0.5,8260,23,0.6580756141421247,4.415362093491901,False
perturbation,sigma=0.5,perturb_sigma_0.50_00461,0.5,8261,23,0.5198351569530366,5.6067797406087205,False
perturbation,sigma=0.5,perturb_sigma_0.50_00462,0.5,8262,23,0.5647288623738475,5.113686961677272,False
perturbation,sigma=0.5,perturb_sigma_0.50_00463,0.5,8263,23,0.5041602328292731,4.934315600790723,False
perturbation,sigma=0.5,perturb_sigma_0.50_00464,0.5,8264,23,0.6551782748495483,5.7536443867091505,False
perturbation,sigma=0.5,perturb_sigma_0.50_00465,0.5,8265,23,0.6212044180561627,3.7562253514359223,False
perturbation,sigma=0.5,perturb_sigma_0.50_00466,0.5,8266,23,0.6404253642644199,5.023852598632181,False
perturbation,sigma=0.5,perturb_sigma_0.50_00467,0.5,8267,23,0.46304586634819167,4.592459886869686,False
perturbation,sigma=0.5,perturb_sigma_0.50_00468,0.5,8268,23,0.6797516957958836,3.6199160941838855,False
perturbation,sigma=0.5,perturb_sigma_0.50_00469,0.5,8269,23,0.3511323102263568,4.26381648860326,False
perturbation,sigma=0.5,perturb_sigma_0.50_00470,0.5,8270,23,0.4792526750418491,4.520361464213792,False
perturbation,sigma=0.5,perturb_sigma_0.50_00471,0.5,8271,23,0.4928813162118353,5.932322574594948,False
perturbation,sigma=0.5,perturb_sigma_0.50_00472,0.5,8272,23,0.8106113185324033,4.673857493611185,False
perturbation,sigma=0.5,perturb_sigma_0.50_00473,0.5,8273,23,0.47969545734496544,4.70430771074458,False
perturbation,sigma=0.5,perturb_sigma_0.50_00474,0.5,8274,23,0.3904417560327763,4.4825465680483685,False
perturbation,sigma=0.5,perturb_sigma_0.50_00475,0.5,8275,23,0.46312355890399404,4.574970860452189,False
perturbation,sigma=0.5,perturb_sigma_0.50_00476,0.5,8276,23,0.6023689839733773,6.143316876094977,False
perturbation,sigma=0.5,perturb_sigma_0.50_00477,0.5,8277,23,0.33087631752443714,4.041394453430698,False
perturbation,sigma=0.5,perturb_sigma_0.50_00478,0.5,8278,23,0.36791532478648514,4.400314395094284,False
perturbation,sigma=0.5,perturb_sigma_0.50_00479,0.5,8279,23,0.39234472289353983,4.235051166650978,False
perturbation,sigma=0.5,perturb_sigma_0.50_00480,0.5,8280,23,0.5295638252895645,4.246969324138721,False
perturbation,sigma=0.5,perturb_sigma_0.50_00481,0.5,8281,23,0.4506542828578316,5.373064802182299,False
perturbation,sigma=0.5,perturb_sigma_0.50_00482,0.5,8282,23,0.4568038242414446,3.1823408761958176,False
perturbation,sigma=0.5,perturb_sigma_0.50_00483,0.5,8283,23,0.6945225085765457,4.472706780292079,False
perturbation,sigma=0.5,perturb_sigma_0.50_00484,0.5,8284,23,0.48730224829694235,4.247256534325317,False
perturbation,sigma=0.5,perturb_sigma_0.50_00485,0.5,8285,23,0.6582699652398685,4.7609868557511295,False
perturbation,sigma=0.5,perturb_sigma_0.50_00486,0.5,8286,23,0.5333722760793582,3.5064696551127477,False
perturbation,sigma=0.5,perturb_sigma_0.50_00487,0.5,8287,23,0.6870498534427576,3.439051775679106,False
perturbation,sigma=0.5,perturb_sigma_0.50_00488,0.5,8288,23,0.3387559984009483,4.078086302317316,False
perturbation,sigma=0.5,perturb_sigma_0.50_00489,0.5,8289,23,0.710771699846602,5.918420595059944,False
perturbation,sigma=0.5,perturb_sigma_0.50_00490,0.5,8290,23,0.5259160771738978,6.849666704662711,False
perturbation,sigma=0.5,perturb_sigma_0.50_00491,0.5,8291,23,0.5332388793063736,5.215153941784229,False
perturbation,sigma=0.5,perturb_sigma_0.50_00492,0.5,8292,23,0.49380765050424946,5.224682295844253,False
perturbation,sigma=0.5,perturb_sigma_0.50_00493,0.5,8293,23,0.5552863903179761,4.270644742184369,False
perturbation,sigma=0.5,perturb_sigma_0.50_00494,0.5,8294,23,0.37945711953243,3.231900347022126,False
perturbation,sigma=0.5,perturb_sigma_0.50_00495,0.5,8295,23,0.7364180316585611,4.039359682837393,False
perturbation,sigma=0.5,perturb_sigma_0.50_00496,0.5,8296,23,0.3586976660743355,4.359922552931163,False
perturbation,sigma=0.5,perturb_sigma_0.50_00497,0.5,8297,23,0.6522021771541352,4.463574096729829,False
perturbation,sigma=0.5,perturb_sigma_0.50_00498,0.5,8298,23,0.42780535963474087,5.52379663265512,False
perturbation,sigma=0.5,perturb_sigma_0.50_00499,0.5,8299,23,0.40585332013493447,2.4557240425102527,False
perturbation,sigma=0.5,perturb_sigma_0.50_00500,0.5,8300,23,0.33843517885539054,4.188428190623834,False
perturbation,sigma=0.5,perturb_sigma_0.50_00501,0.5,8301,23,0.41815482037991714,4.60315237557771,False
perturbation,sigma=0.5,perturb_sigma_0.50_00502,0.5,8302,23,0.49244922421170045,4.294666466515816,False
perturbation,sigma=0.5,perturb_sigma_0.50_00503,0.5,8303,23,0.5031476628860594,4.37192106722133,False
perturbation,sigma=0.5,perturb_sigma_0.50_00504,0.5,8304,23,0.3972887829177649,3.9804104483394918,False
perturbation,sigma=0.5,perturb_sigma_0.50_00505,0.5,8305,23,0.7048582561577694,5.162896823236925,False
perturbation,sigma=0.5,perturb_sigma_0.50_00506,0.5,8306,23,0.35150637445791066,3.9636140525321553,False
perturbation,sigma=0.5,perturb_sigma_0.50_00507,0.5,8307,23,0.5768682050166831,5.904910486514392,False
perturbation,sigma=0.5,perturb_sigma_0.50_00508,0.5,8308,23,0.4900821622937255,6.117325209132935,False
perturbation,sigma=0.5,perturb_sigma_0.50_00509,0.5,8309,23,0.6467590296968191,4.21203765211564,False
perturbation,sigma=0.5,perturb_sigma_0.50_00510,0.5,8310,23,0.3244587027981307,3.9175389766000914,False
perturbation,sigma=0.5,perturb_sigma_0.50_00511,0.5,8311,23,0.5375725419807764,4.439128769778771,False
random_rank23,cold_random,random_rank23_00000,,910000,23,0.007197590401905873,0.0019679950574250614,False
random_rank23,cold_random,random_rank23_00001,,910001,23,0.21088407098350492,1.0001051370371223,False
random_rank23,cold_random,random_rank23_00002,,910002,23,0.20240003820637364,1.0000503579333286,False
random_rank23,cold_random,random_rank23_00003,,910003,23,0.029898542274924576,0.032425756038508544,False
random_rank23,cold_random,random_rank23_00004,,910004,23,0.21762123949306666,1.0042135793054532,False
random_rank23,cold_random,random_rank23_00005,,910005,23,0.36088374265157064,1.0011537294806565,False
random_rank23,cold_random,random_rank23_00006,,910006,23,0.12275249775040642,1.0011229466234768,False
random_rank23,cold_random,random_rank23_00007,,910007,23,0.01599982986433718,0.006299323585850907,False
random_rank23,cold_random,random_rank23_00008,,910008,23,0.02315457634014509,0.025786180034696914,False
random_rank23,cold_random,random_rank23_00009,,910009,23,0.02919029314052528,0.0171845154896417,False
random_rank23,cold_random,random_rank23_00010,,910010,23,0.19469461887139317,1.0065323108362918,False
random_rank23,cold_random,random_rank23_00011,,910011,23,0.15564804835282764,1.0004787916106992,False
random_rank23,cold_random,random_rank23_00012,,910012,23,0.36290187857595413,1.0000031487614562,False
random_rank23,cold_random,random_rank23_00013,,910013,23,0.006710658763215409,0.0019759146043770697,False
random_rank23,cold_random,random_rank23_00014,,910014,23,0.16774775537384334,1.000167262943632,False
random_rank23,cold_random,random_rank23_00015,,910015,23,0.2850803873488861,1.0010613395957815,False
random_rank23,cold_random,random_rank23_00016,,910016,23,0.011234144545438477,0.006128987313189275,False
random_rank23,cold_random,random_rank23_00017,,910017,23,0.1973310099806651,1.002576384080991,False
random_rank23,cold_random,random_rank23_00018,,910018,23,0.03089742216101468,0.030379854728167635,False
random_rank23,cold_random,random_rank23_00019,,910019,23,0.0051969410769759005,0.0013071097866658534,False
random_rank23,cold_random,random_rank23_00020,,910020,23,0.021890831294493943,0.01400367394554024,False
random_rank23,cold_random,random_rank23_00021,,910021,23,0.38359412094582424,1.0019973762434526,False
random_rank23,cold_random,random_rank23_00022,,910022,23,0.02500573393670336,0.011544325164329485,False
random_rank23,cold_random,random_rank23_00023,,910023,23,0.009669163109223033,0.005492359199219115,False
random_rank23,cold_random,random_rank23_00024,,910024,23,0.02769631665893703,0.03757602035994007,False
random_rank23,cold_random,random_rank23_00025,,910025,23,0.0071039206538883876,0.002688843416492984,False
random_rank23,cold_random,random_rank23_00026,,910026,23,0.1464834819089238,1.0016751748952122,False
random_rank23,cold_random,random_rank23_00027,,910027,23,0.022291342781191624,0.02497199838328242,False
random_rank23,cold_random,random_rank23_00028,,910028,23,0.17989522396445212,1.000000317283478,False
random_rank23,cold_random,random_rank23_00029,,910029,23,0.005310901045088741,0.0018065972964232137,False
random_rank23,cold_random,random_rank23_00030,,910030,23,0.05454871321295611,0.10022905749427288,False
random_rank23,cold_random,random_rank23_00031,,910031,23,0.2293265763025455,2.000018083918168,False
random_rank23,cold_random,random_rank23_00032,,910032,23,0.17120431912327627,1.0095072174136086,False
random_rank23,cold_random,random_rank23_00033,,910033,23,0.3266066455172798,1.0030132595741994,False
random_rank23,cold_random,random_rank23_00034,,910034,23,0.018843186930484618,0.011750546575780053,False
random_rank23,cold_random,random_rank23_00035,,910035,23,0.18469779120282426,1.0024233017445552,False
random_rank23,cold_random,random_rank23_00036,,910036,23,0.04587202371802536,0.049706715161195014,False
random_rank23,cold_random,random_rank23_00037,,910037,23,0.008127860024707091,0.0030899084334650015,False
random_rank23,cold_random,random_rank23_00038,,910038,23,0.20130784253619183,2.00006343547934,False
random_rank23,cold_random,random_rank23_00039,,910039,23,0.007459502877358026,0.003633526390377749,False
random_rank23,cold_random,random_rank23_00040,,910040,23,0.23806355801438783,2.0000969436633964,False
random_rank23,cold_random,random_rank23_00041,,910041,23,0.18784660132247155,1.0033924961724228,False
random_rank23,cold_random,random_rank23_00042,,910042,23,0.21265613321932997,1.004400350537509,False
random_rank23,cold_random,random_rank23_00043,,910043,23,0.013615526963024968,0.01195768880026233,False
random_rank23,cold_random,random_rank23_00044,,910044,23,0.030943517905078835,0.028733677315699882,False
random_rank23,cold_random,random_rank23_00045,,910045,23,0.019608998767832286,0.017353356867373028,False
random_rank23,cold_random,random_rank23_00046,,910046,23,0.048904129315583536,0.055010103267881395,False
random_rank23,cold_random,random_rank23_00047,,910047,23,0.05543346253288843,0.054913377646993146,False
random_rank23,cold_random,random_rank23_00048,,910048,23,0.016146610863154373,0.010251769530169635,False
random_rank23,cold_random,random_rank23_00049,,910049,23,0.01966108241721276,0.014295363985849553,False
random_rank23,cold_random,random_rank23_00050,,910050,23,0.13098397431222164,1.001332442390494,False
random_rank23,cold_random,random_rank23_00051,,910051,23,0.13941359808939902,1.0096768423154328,False
random_rank23,cold_random,random_rank23_00052,,910052,23,0.02488455060926292,0.03162301044684736,False
random_rank23,cold_random,random_rank23_00053,,910053,23,0.0028845657103477584,0.0001848695944888453,False
random_rank23,cold_random,random_rank23_00054,,910054,23,0.20246505701517492,1.0206612358310854,False
random_rank23,cold_random,random_rank23_00055,,910055,23,0.23545113048106148,1.0005155384908206,False
random_rank23,cold_random,random_rank23_00056,,910056,23,0.026724416029746574,0.028750312237172934,False
random_rank23,cold_random,random_rank23_00057,,910057,23,0.23168924695898563,1.0000281950362535,False
random_rank23,cold_random,random_rank23_00058,,910058,23,0.02764165711660562,0.027388791184159482,False
random_rank23,cold_random,random_rank23_00059,,910059,23,0.026540973759567335,0.01794613771387119,False
random_rank23,cold_random,random_rank23_00060,,910060,23,0.007705606314056951,0.0027038252651324446,False
random_rank23,cold_random,random_rank23_00061,,910061,23,0.18989315309182297,1.0012931801126088,False
random_rank23,cold_random,random_rank23_00062,,910062,23,0.020714794906593177,0.016163934390664433,False
random_rank23,cold_random,random_rank23_00063,,910063,23,0.17842745548256167,1.0062724038621302,False
random_rank23,cold_random,random_rank23_00064,,910064,23,0.01587952718305849,0.013540092265652934,False
random_rank23,cold_random,random_rank23_00065,,910065,23,0.1662879117751488,1.0068200622337573,False
random_rank23,cold_random,random_rank23_00066,,910066,23,0.00025905048287589404,3.346521279306987e-06,False
random_rank23,cold_random,random_rank23_00067,,910067,23,0.1656150603830896,1.0120838367889746,False
random_rank23,cold_random,random_rank23_00068,,910068,23,0.019435443901426114,0.01272290782293589,False
random_rank23,cold_random,random_rank23_00069,,910069,23,0.12608428312985687,1.0094940344062655,False
random_rank23,cold_random,random_rank23_00070,,910070,23,0.014806380795583142,0.005434056115975869,False
random_rank23,cold_random,random_rank23_00071,,910071,23,0.028362294967092617,0.01877964746903522,False
random_rank23,cold_random,random_rank23_00072,,910072,23,0.01654679327912703,0.013736590792916404,False
random_rank23,cold_random,random_rank23_00073,,910073,23,0.018458089151402637,0.01865712794955717,False
random_rank23,cold_random,random_rank23_00074,,910074,23,0.16409789104622796,2.000033425445258,False
random_rank23,cold_random,random_rank23_00075,,910075,23,0.012786678699736043,0.0064961254403676305,False
random_rank23,cold_random,random_rank23_00076,,910076,23,0.019838763478636938,0.011385829634287904,False
random_rank23,cold_random,random_rank23_00077,,910077,23,0.0383691569077357,0.04033981862901741,False
random_rank23,cold_random,random_rank23_00078,,910078,23,0.14362023260419057,1.0056905545813146,False
random_rank23,cold_random,random_rank23_00079,,910079,23,0.013914041162472279,0.00976188230532291,False
random_rank23,cold_random,random_rank23_00080,,910080,23,0.22187473072442854,1.000125305512451,False
random_rank23,cold_random,random_rank23_00081,,910081,23,0.016507369173085804,0.012740021788778515,False
random_rank23,cold_random,random_rank23_00082,,910082,23,0.036437084198620545,0.058128277381522875,False
random_rank23,cold_random,random_rank23_00083,,910083,23,0.36327072405365335,1.0016430214504628,False
random_rank23,cold_random,random_rank23_00084,,910084,23,0.13225727943490628,1.000059196597624,False
random_rank23,cold_random,random_rank23_00085,,910085,23,0.023963279079883937,0.026417965399741648,False
random_rank23,cold_random,random_rank23_00086,,910086,23,0.26514532345463426,1.027173791836288,False
random_rank23,cold_random,random_rank23_00087,,910087,23,0.016029256819711245,0.008405817413830726,False
random_rank23,cold_random,random_rank23_00088,,910088,23,0.24000386404495455,1.0038347122708713,False
random_rank23,cold_random,random_rank23_00089,,910089,23,0.19659170840892715,1.0000379895719789,False
random_rank23,cold_random,random_rank23_00090,,910090,23,0.22234979583993397,1.0051461444713414,False
random_rank23,cold_random,random_rank23_00091,,910091,23,0.3617872164083077,1.002313510154629,False
random_rank23,cold_random,random_rank23_00092,,910092,23,0.21970490226302508,1.0000565078216481,False
random_rank23,cold_random,random_rank23_00093,,910093,23,0.0171467962252414,0.005908112214323318,False
random_rank23,cold_random,random_rank23_00094,,910094,23,0.24182863038655966,1.0000497832105086,False
random_rank23,cold_random,random_rank23_00095,,910095,23,0.22739210304078195,2.000075182072318,False
random_rank23,cold_random,random_rank23_00096,,910096,23,0.011529938896327427,0.0025179355054323056,False
random_rank23,cold_random,random_rank23_00097,,910097,23,0.020087445894639733,0.01304876336405851,False
random_rank23,cold_random,random_rank23_00098,,910098,23,0.023255987330573824,0.02081196325244226,False
random_rank23,cold_random,random_rank23_00099,,910099,23,0.4049198232281751,1.0014643614699748,False
random_rank23,cold_random,random_rank23_00100,,910100,23,0.018205771689414424,0.011234536073593631,False
random_rank23,cold_random,random_rank23_00101,,910101,23,0.04545855791817249,0.07426786345582641,False
random_rank23,cold_random,random_rank23_00102,,910102,23,0.1517502007856093,1.000033918279615,False
random_rank23,cold_random,random_rank23_00103,,910103,23,0.01924499810828942,0.015009310435974952,False
random_rank23,cold_random,random_rank23_00104,,910104,23,0.2804759915782723,1.0002887174920454,False
random_rank23,cold_random,random_rank23_00105,,910105,23,0.30948372487732945,1.006007328074626,False
random_rank23,cold_random,random_rank23_00106,,910106,23,0.017725342244762618,0.018379517753325515,False
random_rank23,cold_random,random_rank23_00107,,910107,23,0.02380547259636377,0.02335110556680017,False
random_rank23,cold_random,random_rank23_00108,,910108,23,0.47632063394849933,1.0151817392621698,False
random_rank23,cold_random,random_rank23_00109,,910109,23,0.02014797772336885,0.008849236920144018,False
random_rank23,cold_random,random_rank23_00110,,910110,23,0.022680186586908513,0.008921312021556967,False
random_rank23,cold_random,random_rank23_00111,,910111,23,0.18769808316260794,1.0032160736993305,False
random_rank23,cold_random,random_rank23_00112,,910112,23,0.6227895045865022,1.0002850045312175,False
random_rank23,cold_random,random_rank23_00113,,910113,23,0.02890649010122264,0.027382312378819815,False
random_rank23,cold_random,random_rank23_00114,,910114,23,0.009839182076518238,0.003444690738863885,False
random_rank23,cold_random,random_rank23_00115,,910115,23,0.13645700835040883,1.0105013502524918,False
random_rank23,cold_random,random_rank23_00116,,910116,23,0.027283954651629458,0.016555229852058297,False
random_rank23,cold_random,random_rank23_00117,,910117,23,0.1855601913413516,1.0024740036835822,False
random_rank23,cold_random,random_rank23_00118,,910118,23,0.026057998064404155,0.026280652444381943,False
random_rank23,cold_random,random_rank23_00119,,910119,23,0.25176051200495075,1.0031992248977624,False
random_rank23,cold_random,random_rank23_00120,,910120,23,0.015151346332921235,0.006897413295417775,False
random_rank23,cold_random,random_rank23_00121,,910121,23,0.017452136841680677,0.013502538453881175,False
random_rank23,cold_random,random_rank23_00122,,910122,23,0.02890662406474835,0.02275733064463482,False
random_rank23,cold_random,random_rank23_00123,,910123,23,0.11772523629649778,1.0190367602679653,False
random_rank23,cold_random,random_rank23_00124,,910124,23,0.02630580714298185,0.022524560791988342,False
random_rank23,cold_random,random_rank23_00125,,910125,23,0.2247719689030101,1.0023647988410302,False
random_rank23,cold_random,random_rank23_00126,,910126,23,0.029061978103670477,0.03945320365244249,False
random_rank23,cold_random,random_rank23_00127,,910127,23,0.32440609519837804,1.0268587323637037,False
random_rank23,cold_random,random_rank23_00128,,910128,23,0.003076583776566649,0.0002183296300872122,False
random_rank23,cold_random,random_rank23_00129,,910129,23,0.022261827523458427,0.014822787755882971,False
random_rank23,cold_random,random_rank23_00130,,910130,23,0.011955864331933118,0.007929002766917933,False
random_rank23,cold_random,random_rank23_00131,,910131,23,0.02518760862926001,0.026279854145245498,False
random_rank23,cold_random,random_rank23_00132,,910132,23,0.034128372436464625,0.041457045409746054,False
random_rank23,cold_random,random_rank23_00133,,910133,23,0.22057781839270119,1.0024889539978594,False
random_rank23,cold_random,random_rank23_00134,,910134,23,0.02234259799479372,0.017178265196678047,False
random_rank23,cold_random,random_rank23_00135,,910135,23,0.014316389323533456,0.0048063909856885,False
random_rank23,cold_random,random_rank23_00136,,910136,23,0.017019700582782356,0.016678713072730004,False
random_rank23,cold_random,random_rank23_00137,,910137,23,0.41661338563907957,1.0043255789170695,False
random_rank23,cold_random,random_rank23_00138,,910138,23,0.027580770298507105,0.03566285644609939,False
random_rank23,cold_random,random_rank23_00139,,910139,23,0.025432903814042174,0.03800199414957384,False
random_rank23,cold_random,random_rank23_00140,,910140,23,0.017407732476074862,0.008825946246693006,False
random_rank23,cold_random,random_rank23_00141,,910141,23,0.14201885490845023,1.0013393565914717,False
random_rank23,cold_random,random_rank23_00142,,910142,23,0.24179712573537604,1.0080372417473085,False
random_rank23,cold_random,random_rank23_00143,,910143,23,0.00039809173505157835,4.714175797642802e-06,False
random_rank23,cold_random,random_rank23_00144,,910144,23,0.013074955494976762,0.009697187714191351,False
random_rank23,cold_random,random_rank23_00145,,910145,23,0.163347590222076,1.0001622933903132,False
random_rank23,cold_random,random_rank23_00146,,910146,23,0.2583964918624968,1.0006590953929368,False
random_rank23,cold_random,random_rank23_00147,,910147,23,0.21052253739174998,1.0081595674013748,False
random_rank23,cold_random,random_rank23_00148,,910148,23,0.16757596672598285,1.0015767159850082,False
random_rank23,cold_random,random_rank23_00149,,910149,23,0.012056108193261757,0.006877655287606196,False
random_rank23,cold_random,random_rank23_00150,,910150,23,0.23668988899414578,1.0107099186289104,False
random_rank23,cold_random,random_rank23_00151,,910151,23,0.01878456758773453,0.01821214367988446,False
random_rank23,cold_random,random_rank23_00152,,910152,23,0.3631775666157411,1.0003523257287013,False
random_rank23,cold_random,random_rank23_00153,,910153,23,0.1771592690990864,1.0062145319709084,False
random_rank23,cold_random,random_rank23_00154,,910154,23,0.009725100455412335,0.0024115485199200258,False
random_rank23,cold_random,random_rank23_00155,,910155,23,0.14878943294042646,1.0086173820731439,False
random_rank23,cold_random,random_rank23_00156,,910156,23,0.02814581406031478,0.020231808083924146,False
random_rank23,cold_random,random_rank23_00157,,910157,23,0.0073023606389560096,0.0027977847355967244,False
random_rank23,cold_random,random_rank23_00158,,910158,23,0.13624936532257037,1.0083422873827819,False
random_rank23,cold_random,random_rank23_00159,,910159,23,0.0018945530471676242,0.00012759254791278404,False
random_rank23,cold_random,random_rank23_00160,,910160,23,0.04188044768115802,0.02949603501621772,False
random_rank23,cold_random,random_rank23_00161,,910161,23,0.18524582809647372,1.000000427263953,False
random_rank23,cold_random,random_rank23_00162,,910162,23,0.04603405764103351,0.03717610848123541,False
random_rank23,cold_random,random_rank23_00163,,910163,23,0.23558941396458433,1.0000619411028813,False
random_rank23,cold_random,random_rank23_00164,,910164,23,0.04705166778869746,0.053004955174257726,False
random_rank23,cold_random,random_rank23_00165,,910165,23,0.3417343395489013,1.9993105964813067,False
random_rank23,cold_random,random_rank23_00166,,910166,23,0.5009908884526657,1.0107917022008266,False
random_rank23,cold_random,random_rank23_00167,,910167,23,0.017181244919982283,0.004922016344319595,False
random_rank23,cold_random,random_rank23_00168,,910168,23,0.14364379894619883,1.0007553606771808,False
random_rank23,cold_random,random_rank23_00169,,910169,23,0.01871321423525477,0.020112229163251224,False
random_rank23,cold_random,random_rank23_00170,,910170,23,0.25003515171298374,1.0043752919629438,False
random_rank23,cold_random,random_rank23_00171,,910171,23,0.21173207541085848,1.002661993415661,False
random_rank23,cold_random,random_rank23_00172,,910172,23,0.2015856195447474,1.000421429542553,False
random_rank23,cold_random,random_rank23_00173,,910173,23,0.017650245425578318,0.014663487437279457,False
random_rank23,cold_random,random_rank23_00174,,910174,23,0.35270954100009877,1.0081027662874538,False
random_rank23,cold_random,random_rank23_00175,,910175,23,0.01041997725382764,0.0029826182849697425,False
random_rank23,cold_random,random_rank23_00176,,910176,23,0.009321594814480822,0.003966484639735352,False
random_rank23,cold_random,random_rank23_00177,,910177,23,0.20858524850054727,1.0009815132501112,False
random_rank23,cold_random,random_rank23_00178,,910178,23,0.34761065158246307,1.0023883984852335,False
random_rank23,cold_random,random_rank23_00179,,910179,23,0.021332551541318107,0.013615603962055007,False
random_rank23,cold_random,random_rank23_00180,,910180,23,0.188103916948951,0.9999889313361322,False
random_rank23,cold_random,random_rank23_00181,,910181,23,0.005627383797987728,0.0012162773063848092,False
random_rank23,cold_random,random_rank23_00182,,910182,23,0.036327717793440406,0.029671012103734386,False
random_rank23,cold_random,random_rank23_00183,,910183,23,0.008081231271808365,0.0034290063254119743,False
random_rank23,cold_random,random_rank23_00184,,910184,23,0.1416726878063035,1.0121116078424344,False
random_rank23,cold_random,random_rank23_00185,,910185,23,0.40340488180147316,1.002109549754232,False
random_rank23,cold_random,random_rank23_00186,,910186,23,0.35685837358194517,1.0083721563721428,False
random_rank23,cold_random,random_rank23_00187,,910187,23,0.2267002428191831,1.0100265144385838,False
random_rank23,cold_random,random_rank23_00188,,910188,23,0.00886336769774473,0.0032954805345563397,False
random_rank23,cold_random,random_rank23_00189,,910189,23,0.025000190797987543,0.02541052014463859,False
random_rank23,cold_random,random_rank23_00190,,910190,23,0.22107044801100717,1.0072168657814446,False
random_rank23,cold_random,random_rank23_00191,,910191,23,0.003989707050146958,0.0004737522127778767,False
random_rank23,cold_random,random_rank23_00192,,910192,23,0.3342172305962916,2.0006677652899327,False
random_rank23,cold_random,random_rank23_00193,,910193,23,0.019599358483961864,0.015855259470161472,False
random_rank23,cold_random,random_rank23_00194,,910194,23,0.01326192897599019,0.006218258801220752,False
random_rank23,cold_random,random_rank23_00195,,910195,23,0.034890996213070596,0.017342858078408064,False
random_rank23,cold_random,random_rank23_00196,,910196,23,0.23902873572832128,1.0001463173521572,False
random_rank23,cold_random,random_rank23_00197,,910197,23,0.13125550472418873,1.0032754659131742,False
random_rank23,cold_random,random_rank23_00198,,910198,23,0.01570422389244853,0.017398836077300868,False
random_rank23,cold_random,random_rank23_00199,,910199,23,0.04186570583421346,0.0335367121520606,False
random_rank23,cold_random,random_rank23_00200,,910200,23,0.01897970564510279,0.011378225526311875,False
random_rank23,cold_random,random_rank23_00201,,910201,23,0.013908204352814193,0.007722061422467697,False
random_rank23,cold_random,random_rank23_00202,,910202,23,0.018392752564295317,0.008365847571976047,False
random_rank23,cold_random,random_rank23_00203,,910203,23,0.24335549461939965,1.0003061127915793,False
random_rank23,cold_random,random_rank23_00204,,910204,23,0.19430750481472625,1.0002228082683082,False
random_rank23,cold_random,random_rank23_00205,,910205,23,0.016838717561324178,0.018095798435928245,False
random_rank23,cold_random,random_rank23_00206,,910206,23,0.014544563022670052,0.007582884914033965,False
random_rank23,cold_random,random_rank23_00207,,910207,23,0.23151553078568565,1.0000891009136919,False
random_rank23,cold_random,random_rank23_00208,,910208,23,0.017749154661748263,0.01694992554151304,False
random_rank23,cold_random,random_rank23_00209,,910209,23,0.006856160903245319,0.0019914346300862664,False
random_rank23,cold_random,random_rank23_00210,,910210,23,0.19984689773740316,1.0096281701100627,False
random_rank23,cold_random,random_rank23_00211,,910211,23,0.021258834235535873,0.015008657321117173,False
random_rank23,cold_random,random_rank23_00212,,910212,23,0.010318505710861075,0.00666890350882614,False
random_rank23,cold_random,random_rank23_00213,,910213,23,0.10652783432904578,1.005505454942333,False
random_rank23,cold_random,random_rank23_00214,,910214,23,0.21160219223690613,1.0120137806122596,False
random_rank23,cold_random,random_rank23_00215,,910215,23,0.03090578717967378,0.047244857456966355,False
random_rank23,cold_random,random_rank23_00216,,910216,23,0.020327427687630684,0.014100793521640745,False
random_rank23,cold_random,random_rank23_00217,,910217,23,0.14452980920795488,1.0101729048883918,False
random_rank23,cold_random,random_rank23_00218,,910218,23,0.028487493038722903,0.03208096717137607,False
random_rank23,cold_random,random_rank23_00219,,910219,23,0.17862595640300605,1.0013099407431325,False
random_rank23,cold_random,random_rank23_00220,,910220,23,0.023587936783684108,0.019466442692656405,False
random_rank23,cold_random,random_rank23_00221,,910221,23,0.17871460799532302,1.010837142648549,False
random_rank23,cold_random,random_rank23_00222,,910222,23,0.021854689783335306,0.010172915091922873,False
random_rank23,cold_random,random_rank23_00223,,910223,23,0.03498562012037366,0.03413543176030488,False
random_rank23,cold_random,random_rank23_00224,,910224,23,0.018576439123046958,0.008941571835713358,False
random_rank23,cold_random,random_rank23_00225,,910225,23,0.20667189453249968,1.015715505700088,False
random_rank23,cold_random,random_rank23_00226,,910226,23,0.12088252996708215,1.002633802863242,False
random_rank23,cold_random,random_rank23_00227,,910227,23,0.12386599956847988,1.000350978861733,False
random_rank23,cold_random,random_rank23_00228,,910228,23,0.023682313077668993,0.015754381431072904,False
random_rank23,cold_random,random_rank23_00229,,910229,23,0.016814126640858254,0.0030375543467896548,False
random_rank23,cold_random,random_rank23_00230,,910230,23,0.010189518966809853,0.002983799498963134,False
random_rank23,cold_random,random_rank23_00231,,910231,23,0.24831666020166432,1.0059239017249693,False
random_rank23,cold_random,random_rank23_00232,,910232,23,0.020436799159245143,0.007561602790624143,False
random_rank23,cold_random,random_rank23_00233,,910233,23,0.004153965328580999,0.00029627688227603537,False
random_rank23,cold_random,random_rank23_00234,,910234,23,0.23440368466285733,1.0009864334016425,False
random_rank23,cold_random,random_rank23_00235,,910235,23,0.34530922710220824,1.002455766931939,False
random_rank23,cold_random,random_rank23_00236,,910236,23,0.017133572842739694,0.011677743225658965,False
random_rank23,cold_random,random_rank23_00237,,910237,23,0.029401704952229366,0.028212776641431445,False
random_rank23,cold_random,random_rank23_00238,,910238,23,0.02500979450609762,0.029394533168175065,False
random_rank23,cold_random,random_rank23_00239,,910239,23,0.18317674157317143,1.0016811739896399,False
random_rank23,cold_random,random_rank23_00240,,910240,23,0.0170133966732686,0.0164078337912388,False
random_rank23,cold_random,random_rank23_00241,,910241,23,0.026706683797849087,0.05308137093756674,False
random_rank23,cold_random,random_rank23_00242,,910242,23,0.012005504556793703,0.006869503578246465,False
random_rank23,cold_random,random_rank23_00243,,910243,23,0.22490847876614917,2.000057301582242,False
random_rank23,cold_random,random_rank23_00244,,910244,23,0.01005866431275951,0.006159524379042396,False
random_rank23,cold_random,random_rank23_00245,,910245,23,0.014467058820259178,0.006851184103530788,False
random_rank23,cold_random,random_rank23_00246,,910246,23,0.029340753882220114,0.03423193232637854,False
random_rank23,cold_random,random_rank23_00247,,910247,23,0.1281810434022007,1.0076006590090214,False
random_rank23,cold_random,random_rank23_00248,,910248,23,0.01343463798842065,0.004641844207528752,False
random_rank23,cold_random,random_rank23_00249,,910249,23,0.014979888444979819,0.011484745499734182,False
random_rank23,cold_random,random_rank23_00250,,910250,23,0.15570596467958242,1.0002638645672022,False
random_rank23,cold_random,random_rank23_00251,,910251,23,0.15069487684302119,1.002150630954597,False
random_rank23,cold_random,random_rank23_00252,,910252,23,0.020845027114958503,0.02259095618002526,False
random_rank23,cold_random,random_rank23_00253,,910253,23,0.0006861016464682309,1.9323435264847834e-05,False
random_rank23,cold_random,random_rank23_00254,,910254,23,0.17612775046556595,1.0033370808977837,False
random_rank23,cold_random,random_rank23_00255,,910255,23,0.0229079707046245,0.021896106039247645,False
random_rank23,cold_random,random_rank23_00256,,910256,23,0.11950745325375711,1.0042783783495488,False
random_rank23,cold_random,random_rank23_00257,,910257,23,0.021876205938784032,0.017647414950181704,False
random_rank23,cold_random,random_rank23_00258,,910258,23,0.03529779494363881,0.021733068052578144,False
random_rank23,cold_random,random_rank23_00259,,910259,23,0.020852287835317198,0.013071540315571712,False
random_rank23,cold_random,random_rank23_00260,,910260,23,0.2164575630404847,1.0015773205880596,False
random_rank23,cold_random,random_rank23_00261,,910261,23,0.05127139788535463,0.05693859343866321,False
random_rank23,cold_random,random_rank23_00262,,910262,23,0.012040201038979702,0.008374415063817205,False
random_rank23,cold_random,random_rank23_00263,,910263,23,0.028182079404309966,0.014628061498441822,False
random_rank23,cold_random,random_rank23_00264,,910264,23,0.12844786485763615,1.021001402665088,False
random_rank23,cold_random,random_rank23_00265,,910265,23,0.24011942413964404,1.0094506044854268,False
random_rank23,cold_random,random_rank23_00266,,910266,23,0.1978167744237238,1.0073134389017186,False
random_rank23,cold_random,random_rank23_00267,,910267,23,0.10415732050180204,1.0116792415938642,False
random_rank23,cold_random,random_rank23_00268,,910268,23,0.028404600351096043,0.021432343259368623,False
random_rank23,cold_random,random_rank23_00269,,910269,23,0.14788575436678442,1.0000299326697104,False
random_rank23,cold_random,random_rank23_00270,,910270,23,0.09417534686405626,1.0059403454989473,False
random_rank23,cold_random,random_rank23_00271,,910271,23,0.005217894308782986,0.0007375165224084072,False
random_rank23,cold_random,random_rank23_00272,,910272,23,0.15589166369492957,1.0067849474574282,False
random_rank23,cold_random,random_rank23_00273,,910273,23,0.1353439639721934,1.0048112010246657,False
random_rank23,cold_random,random_rank23_00274,,910274,23,0.026973046834250832,0.02538990303762525,False
random_rank23,cold_random,random_rank23_00275,,910275,23,0.023526060424312798,0.016244303220853032,False
random_rank23,cold_random,random_rank23_00276,,910276,23,0.1656543546951903,1.0098299965033877,False
random_rank23,cold_random,random_rank23_00277,,910277,23,0.17538237895957853,1.0051569377981973,False
random_rank23,cold_random,random_rank23_00278,,910278,23,0.24765786979169357,1.0069297159285833,False
random_rank23,cold_random,random_rank23_00279,,910279,23,0.02580087222509743,0.029127730893981588,False
random_rank23,cold_random,random_rank23_00280,,910280,23,0.14136191684661203,1.0041777113156058,False
random_rank23,cold_random,random_rank23_00281,,910281,23,0.2091461914459195,1.0001338746179163,False
random_rank23,cold_random,random_rank23_00282,,910282,23,0.3422593894144449,2.0007454039854116,False
random_rank23,cold_random,random_rank23_00283,,910283,23,0.052368008465949106,0.039450643737056514,False
random_rank23,cold_random,random_rank23_00284,,910284,23,0.3000594571247507,1.009319507617112,False
random_rank23,cold_random,random_rank23_00285,,910285,23,0.03621387457394322,0.04769274524889269,False
random_rank23,cold_random,random_rank23_00286,,910286,23,0.29119034729203375,1.0013763372255884,False
random_rank23,cold_random,random_rank23_00287,,910287,23,0.03068379619316687,0.03787847213278156,False
random_rank23,cold_random,random_rank23_00288,,910288,23,0.23839018895622588,1.0101906493947062,False
random_rank23,cold_random,random_rank23_00289,,910289,23,0.012443148504882113,0.0059501576342570785,False
random_rank23,cold_random,random_rank23_00290,,910290,23,0.3039391621180799,1.0073578591944419,False
random_rank23,cold_random,random_rank23_00291,,910291,23,0.23226818174905042,1.0001085997988701,False
random_rank23,cold_random,random_rank23_00292,,910292,23,0.18325996777914977,1.0014126892060329,False
random_rank23,cold_random,random_rank23_00293,,910293,23,0.20817451913408647,1.0000666840351782,False
random_rank23,cold_random,random_rank23_00294,,910294,23,0.008564390518344182,0.0017668507587779102,False
random_rank23,cold_random,random_rank23_00295,,910295,23,0.20508154441414528,1.0000197376019409,False
random_rank23,cold_random,random_rank23_00296,,910296,23,0.42933569436795727,1.0000790948618403,False
random_rank23,cold_random,random_rank23_00297,,910297,23,0.01978432904047725,0.0194740357293412,False
random_rank23,cold_random,random_rank23_00298,,910298,23,0.30278020584950394,1.000775081742803,False
random_rank23,cold_random,random_rank23_00299,,910299,23,0.03111548497088202,0.011216055133271952,False
random_rank23,cold_random,random_rank23_00300,,910300,23,0.029100199206319406,0.02174777031821117,False
random_rank23,cold_random,random_rank23_00301,,910301,23,0.013324591687797472,0.005115798596270529,False
random_rank23,cold_random,random_rank23_00302,,910302,23,0.02033203984478713,0.017858284986420576,False
random_rank23,cold_random,random_rank23_00303,,910303,23,0.02199757191767532,0.02230600574269756,False
random_rank23,cold_random,random_rank23_00304,,910304,23,0.012621376551569162,0.012362217919905848,False
random_rank23,cold_random,random_rank23_00305,,910305,23,0.16849543255990374,1.006811925514627,False
random_rank23,cold_random,random_rank23_00306,,910306,23,0.15655737313697815,1.0042902150116728,False
random_rank23,cold_random,random_rank23_00307,,910307,23,0.22429257194548557,1.0005827535228033,False
random_rank23,cold_random,random_rank23_00308,,910308,23,0.024481866554526558,0.024142362689918512,False
random_rank23,cold_random,random_rank23_00309,,910309,23,0.01319237915547869,0.006111959336783997,False
random_rank23,cold_random,random_rank23_00310,,910310,23,0.029440747098616216,0.05031929790531237,False
random_rank23,cold_random,random_rank23_00311,,910311,23,0.0022101556715569265,0.00033323910924160853,False
random_rank23,cold_random,random_rank23_00312,,910312,23,0.07695733961724349,1.01381802583822,False
random_rank23,cold_random,random_rank23_00313,,910313,23,0.015607029041132661,0.011687979911962841,False
random_rank23,cold_random,random_rank23_00314,,910314,23,0.03214480019328235,0.024067777415238266,False
random_rank23,cold_random,random_rank23_00315,,910315,23,0.017086046425836478,0.007390389674431657,False
random_rank23,cold_random,random_rank23_00316,,910316,23,0.020015493060387822,0.014728464501287784,False
random_rank23,cold_random,random_rank23_00317,,910317,23,0.01955006164588808,0.019632736609303203,False
random_rank23,cold_random,random_rank23_00318,,910318,23,0.1485483905217322,1.0026500717678601,False
random_rank23,cold_random,random_rank23_00319,,910319,23,0.022035350249950805,0.014860990040043934,False
random_rank23,cold_random,random_rank23_00320,,910320,23,0.15195945386146437,1.0064962058642877,False
random_rank23,cold_random,random_rank23_00321,,910321,23,0.167965428739284,2.000120613657606,False
random_rank23,cold_random,random_rank23_00322,,910322,23,0.00039723612750303117,4.978016056947495e-06,False
random_rank23,cold_random,random_rank23_00323,,910323,23,0.02047932048978557,0.013105002922271895,False
random_rank23,cold_random,random_rank23_00324,,910324,23,0.01581773292336134,0.00932840869431611,False
random_rank23,cold_random,random_rank23_00325,,910325,23,0.027460258567445578,0.02279715581546673,False
random_rank23,cold_random,random_rank23_00326,,910326,23,0.4645482240091283,1.006335011370675,False
random_rank23,cold_random,random_rank23_00327,,910327,23,0.2497304691682115,1.0016135680725737,False
random_rank23,cold_random,random_rank23_00328,,910328,23,0.014643531199836496,0.005940696665594471,False
random_rank23,cold_random,random_rank23_00329,,910329,23,0.02142898176772201,0.018913397401674317,False
random_rank23,cold_random,random_rank23_00330,,910330,23,0.016319970506344858,0.010519639690961976,False
random_rank23,cold_random,random_rank23_00331,,910331,23,0.03915783159154933,0.09426282418673376,False
random_rank23,cold_random,random_rank23_00332,,910332,23,0.13224312820110307,2.000264418178842,False
random_rank23,cold_random,random_rank23_00333,,910333,23,0.01543989142143029,0.009691721807169276,False
random_rank23,cold_random,random_rank23_00334,,910334,23,0.2840384911955488,1.000266523679971,False
random_rank23,cold_random,random_rank23_00335,,910335,23,0.020355500919422953,0.013214026085433603,False
random_rank23,cold_random,random_rank23_00336,,910336,23,0.01603323419078778,0.006628740382232701,False
random_rank23,cold_random,random_rank23_00337,,910337,23,0.02239421103051307,0.019165268633010955,False
random_rank23,cold_random,random_rank23_00338,,910338,23,0.01127461914026373,0.008966841783969785,False
random_rank23,cold_random,random_rank23_00339,,910339,23,0.022672370878532196,0.01559460637803157,False
random_rank23,cold_random,random_rank23_00340,,910340,23,0.023718796598889133,0.015297060726004473,False
random_rank23,cold_random,random_rank23_00341,,910341,23,0.4640783529124163,1.0019522299662924,False
random_rank23,cold_random,random_rank23_00342,,910342,23,0.24806626767120699,1.010282136252438,False
random_rank23,cold_random,random_rank23_00343,,910343,23,0.018261121287081405,0.011360260919967675,False
random_rank23,cold_random,random_rank23_00344,,910344,23,0.2941247123535019,1.00000669442742,False
random_rank23,cold_random,random_rank23_00345,,910345,23,0.02550267954758019,0.022062733683912827,False
random_rank23,cold_random,random_rank23_00346,,910346,23,0.028586700347775,0.020464203322918963,False
random_rank23,cold_random,random_rank23_00347,,910347,23,0.01709498403953922,0.010578012502362519,False
random_rank23,cold_random,random_rank23_00348,,910348,23,0.031131021960252015,0.028124573693500153,False
random_rank23,cold_random,random_rank23_00349,,910349,23,0.20464588841552867,1.0010688426401961,False
random_rank23,cold_random,random_rank23_00350,,910350,23,0.0224382247574499,0.009295750495207528,False
random_rank23,cold_random,random_rank23_00351,,910351,23,0.015435656527799678,0.014933245310208666,False
random_rank23,cold_random,random_rank23_00352,,910352,23,0.15422808350722095,1.0041402740067058,False
random_rank23,cold_random,random_rank23_00353,,910353,23,0.015998643214227302,0.012578608448605665,False
random_rank23,cold_random,random_rank23_00354,,910354,23,0.22164598804223445,1.0101924967316802,False
random_rank23,cold_random,random_rank23_00355,,910355,23,0.027810316011353767,0.03219765719119512,False
random_rank23,cold_random,random_rank23_00356,,910356,23,0.16981014438484643,1.0007564087475869,False
random_rank23,cold_random,random_rank23_00357,,910357,23,0.01803203247447905,0.011922179409837745,False
random_rank23,cold_random,random_rank23_00358,,910358,23,0.027936306740298296,0.021298241126840638,False
random_rank23,cold_random,random_rank23_00359,,910359,23,0.19090484935622629,1.0055260308321117,False
random_rank23,cold_random,random_rank23_00360,,910360,23,0.00041090017170682114,6.007269777083045e-06,False
random_rank23,cold_random,random_rank23_00361,,910361,23,0.023255059843817594,0.019260270254130653,False
random_rank23,cold_random,random_rank23_00362,,910362,23,0.2084610429535671,1.0041807741435995,False
random_rank23,cold_random,random_rank23_00363,,910363,23,0.0924615947747384,1.0046999507893697,False
random_rank23,cold_random,random_rank23_00364,,910364,23,0.15198155285072568,1.0061959697577625,False
random_rank23,cold_random,random_rank23_00365,,910365,23,0.014396140586801665,0.008809283805807134,False
random_rank23,cold_random,random_rank23_00366,,910366,23,0.16264881776244997,1.0209158239369667,False
random_rank23,cold_random,random_rank23_00367,,910367,23,0.027334654971966563,0.022411875359559623,False
random_rank23,cold_random,random_rank23_00368,,910368,23,0.022524170242786884,0.025171724734872714,False
random_rank23,cold_random,random_rank23_00369,,910369,23,0.006286651995108257,0.002464393528397451,False
random_rank23,cold_random,random_rank23_00370,,910370,23,0.03302337525225171,0.04376781995801232,False
random_rank23,cold_random,random_rank23_00371,,910371,23,0.1573859608015995,1.0014825744651126,False
random_rank23,cold_random,random_rank23_00372,,910372,23,0.01149514368962054,0.004402928492626419,False
random_rank23,cold_random,random_rank23_00373,,910373,23,0.021646444614323666,0.018308627300014313,False
random_rank23,cold_random,random_rank23_00374,,910374,23,0.09654051005255322,0.364049339448906,False
random_rank23,cold_random,random_rank23_00375,,910375,23,0.024643128163793035,0.030126870400090974,False
random_rank23,cold_random,random_rank23_00376,,910376,23,0.28196815009405607,1.0274191751744637,False
random_rank23,cold_random,random_rank23_00377,,910377,23,0.20035940154095477,1.0084386493082862,False
random_rank23,cold_random,random_rank23_00378,,910378,23,0.2855909214924067,1.0000531259955068,False
random_rank23,cold_random,random_rank23_00379,,910379,23,0.03921456274829524,0.06875591257106912,False
random_rank23,cold_random,random_rank23_00380,,910380,23,0.009808939587427321,0.007076728596966522,False
random_rank23,cold_random,random_rank23_00381,,910381,23,0.035314047004310026,0.04592610762196837,False
random_rank23,cold_random,random_rank23_00382,,910382,23,0.21163112118724703,1.0090655451721577,False
random_rank23,cold_random,random_rank23_00383,,910383,23,0.023352282314141413,0.012355854020895679,False
random_rank23,cold_random,random_rank23_00384,,910384,23,0.12550559067334463,1.0167926263680132,False
random_rank23,cold_random,random_rank23_00385,,910385,23,0.2357699242024861,1.0005644774717495,False
random_rank23,cold_random,random_rank23_00386,,910386,23,0.30622846292951567,1.7682121578802807,False
random_rank23,cold_random,random_rank23_00387,,910387,23,0.17972393710653944,1.0001863200884227,False
random_rank23,cold_random,random_rank23_00388,,910388,23,0.4478744185992811,1.0024758609028395,False
random_rank23,cold_random,random_rank23_00389,,910389,23,0.18526279393522194,1.0059126887346634,False
random_rank23,cold_random,random_rank23_00390,,910390,23,0.2229252787055639,1.0051396984438834,False
random_rank23,cold_random,random_rank23_00391,,910391,23,0.22024788414206148,1.0070521717564682,False
random_rank23,cold_random,random_rank23_00392,,910392,23,0.041406902794567824,0.09860588094399667,False
random_rank23,cold_random,random_rank23_00393,,910393,23,0.03945370896537777,0.06576817999610661,False
random_rank23,cold_random,random_rank23_00394,,910394,23,0.02270713182245685,0.01961825912126333,False
random_rank23,cold_random,random_rank23_00395,,910395,23,0.03148845742007989,0.02495614501514635,False
random_rank23,cold_random,random_rank23_00396,,910396,23,0.012478620461933893,0.00399831445607262,False
random_rank23,cold_random,random_rank23_00397,,910397,23,0.20318158541507336,1.0105001533887876,False
random_rank23,cold_random,random_rank23_00398,,910398,23,0.025389686134617048,0.018885785977336277,False
random_rank23,cold_random,random_rank23_00399,,910399,23,0.24063421226664927,1.0065838958442306,False
random_rank23,cold_random,random_rank23_00400,,910400,23,0.024479562287323148,0.02886898057392241,False
random_rank23,cold_random,random_rank23_00401,,910401,23,0.031350277148048056,0.0389013112551921,False
random_rank23,cold_random,random_rank23_00402,,910402,23,0.019661115767379524,0.024530266436696795,False
random_rank23,cold_random,random_rank23_00403,,910403,23,0.009781582097117708,0.0016861908708012687,False
random_rank23,cold_random,random_rank23_00404,,910404,23,0.01415725864695358,0.014866292600336922,False
random_rank23,cold_random,random_rank23_00405,,910405,23,0.30593749361774536,1.0045933908978493,False
random_rank23,cold_random,random_rank23_00406,,910406,23,0.11340108525834935,1.0000756372784376,False
random_rank23,cold_random,random_rank23_00407,,910407,23,0.23263123450496526,1.0016550564190354,False
random_rank23,cold_random,random_rank23_00408,,910408,23,0.02186349997710508,0.021152554190250812,False
random_rank23,cold_random,random_rank23_00409,,910409,23,0.023094932623986212,0.015130738229783017,False
random_rank23,cold_random,random_rank23_00410,,910410,23,0.011361253636002322,0.007388779020556622,False
random_rank23,cold_random,random_rank23_00411,,910411,23,0.036504060128788256,0.04487097057795489,False
random_rank23,cold_random,random_rank23_00412,,910412,23,0.23993438424070812,1.0065167413187308,False
random_rank23,cold_random,random_rank23_00413,,910413,23,0.2017099941451327,1.0000301367289501,False
random_rank23,cold_random,random_rank23_00414,,910414,23,0.01153776995316989,0.006104856733660534,False
random_rank23,cold_random,random_rank23_00415,,910415,23,0.0008324674781189993,2.0787703759779947e-05,False
random_rank23,cold_random,random_rank23_00416,,910416,23,0.18212998974130623,2.0000344282664706,False
random_rank23,cold_random,random_rank23_00417,,910417,23,0.017213009661892133,0.006571259439374918,False
random_rank23,cold_random,random_rank23_00418,,910418,23,0.023470812552041115,0.021706596977138032,False
random_rank23,cold_random,random_rank23_00419,,910419,23,0.011435830517648418,0.005653021513708662,False
random_rank23,cold_random,random_rank23_00420,,910420,23,0.03683524511466524,0.01858037276872743,False
random_rank23,cold_random,random_rank23_00421,,910421,23,0.026114846464722105,0.020415400071127833,False
random_rank23,cold_random,random_rank23_00422,,910422,23,0.29895113722624156,2.00143720993277,False
random_rank23,cold_random,random_rank23_00423,,910423,23,0.24400397917955774,1.0055638496660366,False
random_rank23,cold_random,random_rank23_00424,,910424,23,0.2379109440261029,1.0017342709624146,False
random_rank23,cold_random,random_rank23_00425,,910425,23,0.006688862675489168,0.0014594185121898017,False
random_rank23,cold_random,random_rank23_00426,,910426,23,0.03180701126242576,0.023013285000950012,False
random_rank23,cold_random,random_rank23_00427,,910427,23,0.03320060997129205,0.02578506266050702,False
random_rank23,cold_random,random_rank23_00428,,910428,23,0.04669325832033503,0.08858498222392396,False
random_rank23,cold_random,random_rank23_00429,,910429,23,0.015201235770144293,0.009888888158079832,False
random_rank23,cold_random,random_rank23_00430,,910430,23,0.006934983957551995,0.0017884433044663048,False
random_rank23,cold_random,random_rank23_00431,,910431,23,0.021975422899803535,0.0147608106653475,False
random_rank23,cold_random,random_rank23_00432,,910432,23,0.025933661527634152,0.023834163995815356,False
random_rank23,cold_random,random_rank23_00433,,910433,23,0.01771819519254926,0.0039243400798187455,False
random_rank23,cold_random,random_rank23_00434,,910434,23,0.02031554439637226,0.018783754043817866,False
random_rank23,cold_random,random_rank23_00435,,910435,23,0.15154290952290284,1.0008849552740084,False
random_rank23,cold_random,random_rank23_00436,,910436,23,0.030158455758557412,0.04695875839125194,False
random_rank23,cold_random,random_rank23_00437,,910437,23,0.2421547030756942,1.0057538050121604,False
random_rank23,cold_random,random_rank23_00438,,910438,23,0.02863172261536709,0.02902386380958287,False
random_rank23,cold_random,random_rank23_00439,,910439,23,0.030694567993142664,0.026579842659119647,False
random_rank23,cold_random,random_rank23_00440,,910440,23,0.04207308150295157,0.048234558155581427,False
random_rank23,cold_random,random_rank23_00441,,910441,23,0.22695629402080209,1.0054094408321235,False
random_rank23,cold_random,random_rank23_00442,,910442,23,0.01988596671573622,0.014335250446905246,False
random_rank23,cold_random,random_rank23_00443,,910443,23,0.1395950865202008,1.0027232295396715,False
random_rank23,cold_random,random_rank23_00444,,910444,23,0.017602086577534037,0.010841764143109533,False
random_rank23,cold_random,random_rank23_00445,,910445,23,0.024266256942647745,0.019198328513184676,False
random_rank23,cold_random,random_rank23_00446,,910446,23,0.29139720208342124,1.0153679410374372,False
random_rank23,cold_random,random_rank23_00447,,910447,23,0.20320263549647066,1.0034371486321543,False
random_rank23,cold_random,random_rank23_00448,,910448,23,0.3851943443200263,1.0003777405859762,False
random_rank23,cold_random,random_rank23_00449,,910449,23,0.13928772227252983,1.0018662476955476,False
random_rank23,cold_random,random_rank23_00450,,910450,23,0.026197768607286002,0.01920374359409474,False
random_rank23,cold_random,random_rank23_00451,,910451,23,0.01717772829868204,0.011664979531733389,False
random_rank23,cold_random,random_rank23_00452,,910452,23,0.032775442472123634,0.032754279922046575,False
random_rank23,cold_random,random_rank23_00453,,910453,23,0.01761603159905131,0.016918311303378973,False
random_rank23,cold_random,random_rank23_00454,,910454,23,0.19413244295530552,1.0002415476589799,False
random_rank23,cold_random,random_rank23_00455,,910455,23,0.1219004042503884,1.0001376780266078,False
random_rank23,cold_random,random_rank23_00456,,910456,23,0.05360336510145619,0.09131978294161706,False
random_rank23,cold_random,random_rank23_00457,,910457,23,0.026775667854520124,0.022647538128188816,False
random_rank23,cold_random,random_rank23_00458,,910458,23,0.006227152642341704,0.0011419566271384184,False
random_rank23,cold_random,random_rank23_00459,,910459,23,0.024122711236627195,0.015737291572321947,False
random_rank23,cold_random,random_rank23_00460,,910460,23,0.006658329581137976,0.0021304303784132747,False
random_rank23,cold_random,random_rank23_00461,,910461,23,0.02812685136804279,0.023119698957784703,False
random_rank23,cold_random,random_rank23_00462,,910462,23,0.023204568445305426,0.020822429782013374,False
random_rank23,cold_random,random_rank23_00463,,910463,23,0.10042758701335866,0.28364130234912854,False
random_rank23,cold_random,random_rank23_00464,,910464,23,0.4186956993422688,2.0000452714210137,False
random_rank23,cold_random,random_rank23_00465,,910465,23,0.026157748355961276,0.019209584726050038,False
random_rank23,cold_random,random_rank23_00466,,910466,23,0.21057433261701253,1.002133743910634,False
random_rank23,cold_random,random_rank23_00467,,910467,23,0.10281104986225961,1.0001164061255494,False
random_rank23,cold_random,random_rank23_00468,,910468,23,0.33937375342669684,1.0038879203948752,False
random_rank23,cold_random,random_rank23_00469,,910469,23,0.02042133242547884,0.016504671725476337,False
random_rank23,cold_random,random_rank23_00470,,910470,23,0.1620306664432034,1.0011370570673828,False
random_rank23,cold_random,random_rank23_00471,,910471,23,0.2796511708298788,1.0004518297973946,False
random_rank23,cold_random,random_rank23_00472,,910472,23,0.004662162864062791,0.000317185306816661,False
random_rank23,cold_random,random_rank23_00473,,910473,23,0.023800448571820385,0.023535650120586275,False
random_rank23,cold_random,random_rank23_00474,,910474,23,0.22364921690570205,1.0009592102686262,False
random_rank23,cold_random,random_rank23_00475,,910475,23,0.00975705057962373,0.0031504237175452583,False
random_rank23,cold_random,random_rank23_00476,,910476,23,0.1816115648577099,1.0026586282119934,False
random_rank23,cold_random,random_rank23_00477,,910477,23,0.014033194285828287,0.009512741153426572,False
random_rank23,cold_random,random_rank23_00478,,910478,23,0.3262941296794979,1.0034996086334873,False
random_rank23,cold_random,random_rank23_00479,,910479,23,0.27286829281121217,1.00009313808622,False
random_rank23,cold_random,random_rank23_00480,,910480,23,0.15904401332958207,1.0049015135293717,False
random_rank23,cold_random,random_rank23_00481,,910481,23,0.01320762379200435,0.008319883856782978,False
random_rank23,cold_random,random_rank23_00482,,910482,23,0.08956909093113297,1.0023331271264138,False
random_rank23,cold_random,random_rank23_00483,,910483,23,0.3425723804323615,1.0026214637640614,False
random_rank23,cold_random,random_rank23_00484,,910484,23,0.13737451246163324,1.0001566323874962,False
random_rank23,cold_random,random_rank23_00485,,910485,23,0.01332904631322506,0.0020206806632044397,False
random_rank23,cold_random,random_rank23_00486,,910486,23,0.029940152287579964,0.03974787618709287,False
random_rank23,cold_random,random_rank23_00487,,910487,23,0.4221657761586056,1.002205694660993,False
random_rank23,cold_random,random_rank23_00488,,910488,23,0.031737357234330285,0.018185478649787923,False
random_rank23,cold_random,random_rank23_00489,,910489,23,0.005035493493458021,0.0013746368564127689,False
random_rank23,cold_random,random_rank23_00490,,910490,23,0.017474650484456483,0.012136639755232617,False
random_rank23,cold_random,random_rank23_00491,,910491,23,0.01996244600899278,0.014310042326618672,False
random_rank23,cold_random,random_rank23_00492,,910492,23,0.17468436838024448,1.0079959334735922,False
random_rank23,cold_random,random_rank23_00493,,910493,23,0.02366407013498597,0.019641397821237676,False
random_rank23,cold_random,random_rank23_00494,,910494,23,0.23449272565427226,1.0020175691727227,False
random_rank23,cold_random,random_rank23_00495,,910495,23,0.1478862819018244,1.0018111628768271,False
random_rank23,cold_random,random_rank23_00496,,910496,23,0.17443547125762637,1.000605111166474,False
random_rank23,cold_random,random_rank23_00497,,910497,23,0.30732214956244797,1.0045439135001835,False
random_rank23,cold_random,random_rank23_00498,,910498,23,0.19134308885378593,1.0224097271680832,False
random_rank23,cold_random,random_rank23_00499,,910499,23,0.13125739153305505,1.0052384391266913,False
random_rank23,cold_random,random_rank23_00500,,910500,23,0.012150296210597343,0.003615453846337654,False
random_rank23,cold_random,random_rank23_00501,,910501,23,0.21372266766907988,1.0000122473925739,False
random_rank23,cold_random,random_rank23_00502,,910502,23,0.015497345175467527,0.013313271714711201,False
random_rank23,cold_random,random_rank23_00503,,910503,23,0.027904057221358358,0.018623312682063506,False
random_rank23,cold_random,random_rank23_00504,,910504,23,0.02681579393949223,0.02372502812810838,False
random_rank23,cold_random,random_rank23_00505,,910505,23,0.01427504794383051,0.007373474829109865,False
random_rank23,cold_random,random_rank23_00506,,910506,23,0.13732435085970074,1.0143744799991898,False
random_rank23,cold_random,random_rank23_00507,,910507,23,0.1606645807403646,1.009139072916204,False
random_rank23,cold_random,random_rank23_00508,,910508,23,0.004828421787441528,0.0015925586349490699,False
random_rank23,cold_random,random_rank23_00509,,910509,23,0.025819282916439524,0.023734121167055595,False
random_rank23,cold_random,random_rank23_00510,,910510,23,0.17863760199266365,1.0001281089413203,False
random_rank23,cold_random,random_rank23_00511,,910511,23,0.1324580789545673,1.0002231902780976,False
