base_label,step_idx,branch,sample_index,eps,step_norm,delta_norm,dot_lambda_norm,base_kappa_ker,kappa_ker_state,honest_defect_l2,tensor_max_abs_residual,tensor_loss,restricted_rank,kernel_dim,is_regular
alphatensor_rank23_transpose,0,structured,0,0.001,2.98433915262839,2.9126425604127832,0.6502257247931716,0.6245923009701738,0.6239670716119048,0.623967559121639,2.5495347402774828e-15,2.8221079051823196e-28,14,14,1
alphatensor_rank23_transpose,0,structured,0,0.003,2.98433915262839,2.9126425604127832,0.6502257247931716,0.6245923009701738,0.6227128426484574,0.6227171809869965,2.6645352591003757e-15,2.6415107538257526e-28,14,14,1
alphatensor_rank23_transpose,0,structured,0,0.01,2.98433915262839,2.9126425604127832,0.6502257247931716,0.6245923009701738,0.6182852022162333,0.6183316092284173,3.0654149253262746e-15,2.627388505347261e-28,14,14,1
alphatensor_rank23_transpose,0,structured,0,0.03,2.98433915262839,2.9126425604127832,0.6502257247931716,0.6245923009701738,0.6053488503195167,0.6057295230993113,3.0030078388482373e-15,2.2962835395715707e-28,14,14,1
alphatensor_rank23_transpose,0,structured,0,0.05,2.98433915262839,2.9126425604127832,0.6502257247931716,0.6245923009701738,0.5920644505108291,0.5930582165028025,2.497101157017693e-15,2.539425130755831e-28,14,14,1
alphatensor_rank23_transpose,0,wildcard,1,0.001,3.0470380622219304,2.935302149980557,0.8175831706613689,0.6245923009701738,0.6240135654096867,0.6240150538302486,3.4032686990161848e-15,2.3455569348805334e-28,14,14,1
alphatensor_rank23_transpose,0,wildcard,1,0.003,3.0470380622219304,2.935302149980557,0.8175831706613689,0.6245923009701738,0.6228529749460402,0.6228663514894934,2.3123742910900706e-15,1.300111247239868e-28,14,14,1
alphatensor_rank23_transpose,0,wildcard,1,0.01,3.0470380622219304,2.935302149980557,0.8175831706613689,0.6245923009701738,0.6187595661094851,0.6189075525149169,2.220446049250313e-15,1.2026901484549646e-28,14,14,1
alphatensor_rank23_transpose,0,wildcard,1,0.03,3.0470380622219304,2.935302149980557,0.8175831706613689,0.6245923009701738,0.6068262698776216,0.6081497669722995,2.6819473656034192e-15,1.4785192143215403e-28,14,14,1
alphatensor_rank23_transpose,0,wildcard,1,0.05,3.0470380622219304,2.935302149980557,0.8175831706613689,0.6245923009701738,0.5946010161600506,0.5982877471237387,2.9244699399559973e-15,2.500496648222832e-28,14,14,1
alphatensor_rank23_transpose,0,wildcard,2,0.001,3.5978747336888635,3.4845346645464135,0.8959468571802263,0.6245923009701738,0.6239251773911757,0.6239276752320528,2.3754017733791488e-15,2.8298197974769983e-28,14,14,1
alphatensor_rank23_transpose,0,wildcard,2,0.003,3.5978747336888635,3.4845346645464135,0.8959468571802263,0.6245923009701738,0.6225836945925531,0.6226060562985453,3.60479324128937e-15,2.6540148661076244e-28,14,14,1
alphatensor_rank23_transpose,0,wildcard,2,0.01,3.5978747336888635,3.4845346645464135,0.8959468571802263,0.6245923009701738,0.6178176988781112,0.6180618866047689,2.9976021664879227e-15,2.4122212536700097e-28,14,14,1
alphatensor_rank23_transpose,0,wildcard,2,0.03,3.5978747336888635,3.4845346645464135,0.8959468571802263,0.6245923009701738,0.6037031248365486,0.6058176226951713,1.9984014443252818e-15,2.2088958742498107e-28,14,14,1
alphatensor_rank23_transpose,0,wildcard,2,0.05,3.5978747336888635,3.4845346645464135,0.8959468571802263,0.6245923009701738,0.5890519541085175,0.5948014975516837,4.329435695920686e-15,5.377629982774498e-28,14,14,1
alphatensor_rank23_transpose,0,wildcard,3,0.001,3.729730765397041,3.5576892109885363,1.119704898785818,0.6245923009701738,0.624033964343625,0.6240387920515005,2.167379609968618e-15,1.549976917730001e-28,14,14,1
alphatensor_rank23_transpose,0,wildcard,3,0.003,3.729730765397041,3.5576892109885363,1.119704898785818,0.6245923009701738,0.6229155202399528,0.6229589848420218,2.220446049250313e-15,1.3765628048628227e-28,14,14,1
alphatensor_rank23_transpose,0,wildcard,3,0.01,3.729730765397041,3.5576892109885363,1.119704898785818,0.6245923009701738,0.6189828147576936,0.6194662422818135,5.056332392203306e-15,6.4445972014828115e-28,14,14,1
alphatensor_rank23_transpose,0,wildcard,3,0.03,3.729730765397041,3.5576892109885363,1.119704898785818,0.6245923009701738,0.6076013088045964,0.6119564013521697,1.8496105000053493e-15,1.3125897586695905e-28,14,14,1
alphatensor_rank23_transpose,0,wildcard,3,0.05,3.729730765397041,3.5576892109885363,1.119704898785818,0.6245923009701738,0.5960273884332978,0.6081018891893911,3.809551489877979e-15,4.041924181730017e-28,14,14,1
alphatensor_rank23_transpose,0,wildcard,4,0.001,3.2838640849076484,3.1654728976019815,0.8738104272058452,0.6245923009701738,0.6240183269007437,0.6240203266450334,4.363381689666513e-15,5.209424169055313e-28,14,14,1
alphatensor_rank23_transpose,0,wildcard,4,0.003,3.2838640849076484,3.1654728976019815,0.8738104272058452,0.6245923009701738,0.6228650561437308,0.6228829733799031,2.6554564262550917e-15,2.581195814709591e-28,14,14,1
alphatensor_rank23_transpose,0,wildcard,4,0.01,3.2838640849076484,3.1654728976019815,0.8738104272058452,0.6245923009701738,0.6187760621127172,0.6189722111110002,3.774758283725532e-15,1.7020387053234506e-28,14,14,1
alphatensor_rank23_transpose,0,wildcard,4,0.03,3.2838640849076484,3.1654728976019815,0.8738104272058452,0.6245923009701738,0.6067143996298364,0.608419296123713,1.9984014443252818e-15,1.5686772766587387e-28,14,14,1
alphatensor_rank23_transpose,0,wildcard,4,0.05,3.2838640849076484,3.1654728976019815,0.8738104272058452,0.6245923009701738,0.594225071215876,0.5988508907079269,1.8433845518844968e-15,1.4401920492280448e-28,14,14,1
alphatensor_rank23_transpose,0,wildcard,5,0.001,3.223134960681564,3.0940620123915084,0.9029835204717501,0.6245923009701738,0.6239907070306864,0.6239936897694633,2.911953379573778e-15,3.636683197978737e-28,14,14,1
alphatensor_rank23_transpose,0,wildcard,5,0.003,3.223134960681564,3.0940620123915084,0.9029835204717501,0.6245923009701738,0.6227840527067513,0.6228108986319522,2.6553451515154717e-15,3.256248425084167e-28,14,14,1
alphatensor_rank23_transpose,0,wildcard,5,0.01,3.223134960681564,3.0940620123915084,0.9029835204717501,0.6245923009701738,0.6185258553505693,0.6188242576682349,2.584953559439353e-15,2.658914278475576e-28,14,14,1
alphatensor_rank23_transpose,0,wildcard,5,0.03,3.223134960681564,3.0940620123915084,0.9029835204717501,0.6245923009701738,0.6060933882049819,0.6087868301210573,3.2055519604358206e-15,3.1336629460654217e-28,14,14,1
alphatensor_rank23_transpose,0,wildcard,5,0.05,3.223134960681564,3.0940620123915084,0.9029835204717501,0.6245923009701738,0.5933322761998369,0.6008553405594677,3.2036395786046544e-15,3.8878038933116244e-28,14,14,1
alphatensor_rank23_transpose,0,wildcard,6,0.001,3.2254066121317386,3.096893584776765,0.9013866751575933,0.6245923009701738,0.6239794725903949,0.6239812043445778,3.1087475326973635e-15,3.446063097732275e-28,14,14,1
alphatensor_rank23_transpose,0,wildcard,6,0.003,3.2254066121317386,3.096893584776765,0.9013866751575933,0.6245923009701738,0.6227508283079976,0.622766397131147,2.779665935825435e-15,3.1441356090153064e-28,14,14,1
alphatensor_rank23_transpose,0,wildcard,6,0.01,3.2254066121317386,3.096893584776765,0.9013866751575933,0.6245923009701738,0.6184203302524662,0.6185927424967125,3.752323011603576e-15,3.3031652105181164e-28,14,14,1
alphatensor_rank23_transpose,0,wildcard,6,0.03,3.2254066121317386,3.096893584776765,0.9013866751575933,0.6245923009701738,0.6058131833004099,0.607356898999396,3.9210587779781196e-15,4.616180512926965e-28,14,14,1
alphatensor_rank23_transpose,0,wildcard,6,0.05,3.2254066121317386,3.096893584776765,0.9013866751575933,0.6245923009701738,0.5929088703557006,0.5972048978142118,2.038029452243009e-15,1.3547747796768897e-28,14,14,1
alphatensor_rank23_transpose,0,wildcard,7,0.001,3.5112606477198343,3.424419502130443,0.7760814452456635,0.6245923009701738,0.6239471577840353,0.6239482979938699,2.9373907322173796e-15,3.4730754798112763e-28,14,14,1
alphatensor_rank23_transpose,0,wildcard,7,0.003,3.5112606477198343,3.424419502130443,0.7760814452456635,0.6245923009701738,0.6226536074769065,0.6226638655855294,3.552713678800501e-15,3.0904238981419723e-28,14,14,1
alphatensor_rank23_transpose,0,wildcard,7,0.01,3.5112606477198343,3.424419502130443,0.7760814452456635,0.6245923009701738,0.6180929435011995,0.6182068609801524,2.4580505643975987e-15,1.782483912318337e-28,14,14,1
alphatensor_rank23_transpose,0,wildcard,7,0.03,3.5112606477198343,3.424419502130443,0.7760814452456635,0.6245923009701738,0.6048005287359348,0.6058309537706741,5.390602626993977e-15,4.690737432857281e-28,14,14,1
alphatensor_rank23_transpose,0,wildcard,7,0.05,3.5112606477198343,3.424419502130443,0.7760814452456635,0.6245923009701738,0.5911662952977629,0.5940724027889386,1.9984014443252818e-15,1.7487084031521916e-28,14,14,1
alphatensor_rank23_transpose,0,wildcard,8,0.001,3.1104191982664604,3.018039547041857,0.7524259973153187,0.6245923009701738,0.6240044830923883,0.6240062480732199,3.3933355787815827e-15,3.300196252891252e-28,14,14,1
alphatensor_rank23_transpose,0,wildcard,8,0.003,3.1104191982664604,3.018039547041857,0.7524259973153187,0.6245923009701738,0.622826187183226,0.6228420724846697,2.8130545163886565e-15,3.314882778284927e-28,14,14,1
alphatensor_rank23_transpose,0,wildcard,8,0.01,3.1104191982664604,3.018039547041857,0.7524259973153187,0.6245923009701738,0.6186750671923954,0.6188516381373635,3.0254649741691456e-15,3.320113206724663e-28,14,14,1
alphatensor_rank23_transpose,0,wildcard,8,0.03,3.1104191982664604,3.018039547041857,0.7524259973153187,0.6245923009701738,0.6066013400043474,0.6081958667064672,2.242645856762896e-15,1.9196519272756868e-28,14,14,1
alphatensor_rank23_transpose,0,wildcard,8,0.05,3.1104191982664604,3.018039547041857,0.7524259973153187,0.6245923009701738,0.5942492601566151,0.5987079660113782,3.793216503440947e-15,2.9759520609298937e-28,14,14,1
alphatensor_rank23_transpose,0,wildcard,9,0.001,3.6688175193783428,3.4401824898468907,1.2748985948099187,0.6245923009701738,0.6240240082284431,0.6240289471219503,2.844771187944826e-15,3.910412080657575e-28,14,14,1
alphatensor_rank23_transpose,0,wildcard,9,0.003,3.6688175193783428,3.4401824898468907,1.2748985948099187,0.6245923009701738,0.6228844387437912,0.6229289604203242,2.53469055478815e-15,3.389522870608535e-28,14,14,1
alphatensor_rank23_transpose,0,wildcard,9,0.01,3.6688175193783428,3.4401824898468907,1.2748985948099187,0.6245923009701738,0.6188658661565675,0.6193633617984389,3.1075682276536126e-15,3.287556508658325e-28,14,14,1
alphatensor_rank23_transpose,0,wildcard,9,0.03,3.6688175193783428,3.4401824898468907,1.2748985948099187,0.6245923009701738,0.6071528696971609,0.6117032200240248,2.215834836734176e-15,1.5193282931370543e-28,14,14,1
alphatensor_rank23_transpose,0,wildcard,9,0.05,3.6688175193783428,3.4401824898468907,1.2748985948099187,0.6245923009701738,0.5951470809313859,0.607985398169095,2.0487559467219304e-15,1.0980032803908033e-28,14,14,1
alphatensor_rank23_transpose,0,wildcard,10,0.001,3.204081626318582,3.108570766068484,0.7764836511200548,0.6245923009701738,0.6240070049808375,0.6240096615294509,3.707965834880969e-15,3.208312233613575e-28,14,14,1
alphatensor_rank23_transpose,0,wildcard,10,0.003,3.204081626318582,3.108570766068484,0.7764836511200548,0.6245923009701738,0.6228330137858626,0.6228569116442512,2.4251466490030693e-15,2.3108522513972696e-28,14,14,1
alphatensor_rank23_transpose,0,wildcard,10,0.01,3.204081626318582,3.108570766068484,0.7764836511200548,0.6245923009701738,0.6186898509128651,0.618955027591728,2.442942286333645e-15,2.1823538267731475e-28,14,14,1
alphatensor_rank23_transpose,0,wildcard,10,0.03,3.204081626318582,3.108570766068484,0.7764836511200548,0.6245923009701738,0.6065915290820736,0.6089743432803293,4.900437971319279e-15,4.380499327762192e-28,14,14,1
alphatensor_rank23_transpose,0,wildcard,10,0.05,3.204081626318582,3.108570766068484,0.7764836511200548,0.6245923009701738,0.5941692638460395,0.6007970338891864,3.280863509524396e-15,3.639269333399205e-28,14,14,1
alphatensor_rank23_transpose,0,wildcard,11,0.001,4.215969337586164,3.9862877582472245,1.3725550495025838,0.6245923009701738,0.6238588205888057,0.6238695118428144,2.3895218459944095e-15,2.6123732484273813e-28,14,14,1
alphatensor_rank23_transpose,0,wildcard,11,0.003,4.215969337586164,3.9862877582472245,1.3725550495025838,0.6245923009701738,0.6223853611976478,0.6224816733254522,3.774758283725532e-15,3.022969061395178e-28,14,14,1
alphatensor_rank23_transpose,0,wildcard,11,0.01,4.215969337586164,3.9862877582472245,1.3725550495025838,0.6245923009701738,0.6171633228016232,0.6182366933027696,1.860559110916323e-15,1.4286765448063594e-28,14,14,1
alphatensor_rank23_transpose,0,wildcard,11,0.03,4.215969337586164,3.9862877582472245,1.3725550495025838,0.6245923009701738,0.6017583291786406,0.6114761995396147,2.6645352591003757e-15,2.4285273162623705e-28,14,14,1
alphatensor_rank23_transpose,0,wildcard,11,0.05,4.215969337586164,3.9862877582472245,1.3725550495025838,0.6245923009701738,0.5857724973145496,0.6128072423501549,2.220446049250313e-15,1.8062731411384993e-28,14,14,1
alphatensor_rank23_transpose,0,wildcard,12,0.001,3.5489472452150075,3.459592643037711,0.7913566159188491,0.6245923009701738,0.6238868107412872,0.6238876458755581,4.5723513795018e-15,1.9020854241855077e-28,14,14,1
alphatensor_rank23_transpose,0,wildcard,12,0.003,3.5489472452150075,3.459592643037711,0.7913566159188491,0.6245923009701738,0.6224716188421744,0.6224790942873125,2.542827315229287e-15,2.9110089300863026e-28,14,14,1
alphatensor_rank23_transpose,0,wildcard,12,0.01,3.5489472452150075,3.459592643037711,0.7913566159188491,0.6245923009701738,0.61747586098073,0.6175574512751881,3.0586878307989256e-15,4.406069800818255e-28,14,14,1
alphatensor_rank23_transpose,0,wildcard,12,0.03,3.5489472452150075,3.459592643037711,0.7913566159188491,0.6245923009701738,0.6028739782517342,0.6035799807866956,2.41896344107109e-15,2.419365032259616e-28,14,14,1
alphatensor_rank23_transpose,0,wildcard,12,0.05,3.5489472452150075,3.459592643037711,0.7913566159188491,0.6245923009701738,0.5878609320294748,0.5897876917845326,3.4701702231049337e-15,3.8904358072784185e-28,14,14,1
alphatensor_rank23_transpose,0,wildcard,13,0.001,4.077616006988392,3.781643225025713,1.5251645219664296,0.6245923009701738,0.6240435253004111,0.624052990397042,3.9968028886505635e-15,2.878216526603252e-28,14,14,1
alphatensor_rank23_transpose,0,wildcard,13,0.003,4.077616006988392,3.781643225025713,1.5251645219664296,0.6245923009701738,0.6229408089790189,0.6230261291095752,3.1683361561471328e-15,3.267064991272546e-28,14,14,1
alphatensor_rank23_transpose,0,wildcard,13,0.01,4.077616006988392,3.781643225025713,1.5251645219664296,0.6245923009701738,0.6190296536714583,0.6199826487504154,2.7692914506480976e-15,2.625690738729077e-28,14,14,1
alphatensor_rank23_transpose,0,wildcard,13,0.03,4.077616006988392,3.781643225025713,1.5251645219664296,0.6245923009701738,0.6074685606912548,0.6161540660634561,1.6160544443650268e-15,1.1178654660395968e-28,14,14,1
alphatensor_rank23_transpose,0,wildcard,13,0.05,4.077616006988392,3.781643225025713,1.5251645219664296,0.6245923009701738,0.5954443836785385,0.619779253335054,2.73319687747899e-15,2.36502376976232e-28,14,14,1
alphatensor_rank23_transpose,0,wildcard,14,0.001,4.154698784929825,3.9757872590928467,1.2060836056975284,0.6245923009701738,0.6240588032329017,0.6240633587413357,2.384164002535196e-15,1.9457900664285077e-28,14,14,1
alphatensor_rank23_transpose,0,wildcard,14,0.003,4.154698784929825,3.9757872590928467,1.2060836056975284,0.6245923009701738,0.6229904934733473,0.623031519509222,2.1759317381799692e-15,1.4037501318076668e-28,14,14,1
alphatensor_rank23_transpose,0,wildcard,14,0.01,4.154698784929825,3.9757872590928467,1.2060836056975284,0.6245923009701738,0.6192377007119397,0.6196944604536113,3.1312786082903752e-15,2.8565213739463866e-28,14,14,1
alphatensor_rank23_transpose,0,wildcard,14,0.03,4.154698784929825,3.9757872590928467,1.2060836056975284,0.6245923009701738,0.6084002372798787,0.6125256259578459,3.0276066687309083e-15,1.7758870652037678e-28,14,14,1
alphatensor_rank23_transpose,0,wildcard,14,0.05,4.154698784929825,3.9757872590928467,1.2060836056975284,0.6245923009701738,0.597397821297246,0.6088602782440584,2.7031708184421843e-15,3.0188286759393138e-28,14,14,1
alphatensor_rank23_transpose,0,wildcard,15,0.001,3.0880498647618735,3.002482562934967,0.7219074916686355,0.6245923009701738,0.6239927016079726,0.6239942374469148,3.021332560061533e-15,3.151906018058418e-28,14,14,1
alphatensor_rank23_transpose,0,wildcard,15,0.003,3.0880498647618735,3.002482562934967,0.7219074916686355,0.6245923009701738,0.6227895392997078,0.6228033151882317,3.219646771412954e-15,2.8421377615902096e-28,14,14,1
alphatensor_rank23_transpose,0,wildcard,15,0.01,3.0880498647618735,3.002482562934967,0.7219074916686355,0.6245923009701738,0.6185389040003835,0.6186902601875095,2.409624441878675e-15,2.06960703427297e-28,14,14,1
alphatensor_rank23_transpose,0,wildcard,15,0.03,3.0880498647618735,3.002482562934967,0.7219074916686355,0.6245923009701738,0.6061004428857193,0.607426905286697,4.472815861738016e-15,5.737271183671929e-28,14,14,1
alphatensor_rank23_transpose,0,wildcard,15,0.05,3.0880498647618735,3.002482562934967,0.7219074916686355,0.6245923009701738,0.5933162362137294,0.5969354173082304,1.7406825656136333e-15,1.4580643020626934e-28,14,14,1
alphatensor_rank23_transpose,0,wildcard,16,0.001,3.2690222063916736,2.9881480325553404,1.3256988803712297,0.6245923009701738,0.6240616497790589,0.6240643684975388,3.2355274721287187e-15,3.8278621714952257e-28,14,14,1
alphatensor_rank23_transpose,0,wildcard,16,0.003,3.2690222063916736,2.9881480325553404,1.3256988803712297,0.6245923009701738,0.6229980940388901,0.6230225671184038,2.7589101492979494e-15,2.6273814753066267e-28,14,14,1
alphatensor_rank23_transpose,0,wildcard,16,0.01,3.2690222063916736,2.9881480325553404,1.3256988803712297,0.6245923009701738,0.6192528516960317,0.6195249681152296,3.1086244689504383e-15,2.763617891956957e-28,14,14,1
alphatensor_rank23_transpose,0,wildcard,16,0.03,3.2690222063916736,2.9881480325553404,1.3256988803712297,0.6245923009701738,0.6083756633942373,0.6108304815518466,2.765758669772494e-15,2.874570461452092e-28,14,14,1
alphatensor_rank23_transpose,0,wildcard,16,0.05,3.2690222063916736,2.9881480325553404,1.3256988803712297,0.6245923009701738,0.5972741773269115,0.6041109883599555,4.6629367034256575e-15,4.280467261782094e-28,14,14,1
alphatensor_rank23_transpose,0,wildcard,17,0.001,3.3418981670559416,3.118410348005312,1.2015823985167433,0.6245923009701738,0.6240445253126503,0.6240488052622222,4.109890978241868e-15,4.134367146670405e-28,14,14,1
alphatensor_rank23_transpose,0,wildcard,17,0.003,3.3418981670559416,3.118410348005312,1.2015823985167433,0.6245923009701738,0.622946801787674,0.6229853451960218,2.7383117820181722e-15,3.378923858849201e-28,14,14,1
alphatensor_rank23_transpose,0,wildcard,17,0.01,3.3418981670559416,3.118410348005312,1.2015823985167433,0.6245923009701738,0.6190827869400148,0.6195119349961624,3.3831680938002243e-15,3.4305447177388217e-28,14,14,1
alphatensor_rank23_transpose,0,wildcard,17,0.03,3.3418981670559416,3.118410348005312,1.2015823985167433,0.6245923009701738,0.6078725630383089,0.6117542207285237,3.1086244689504383e-15,3.226139909972956e-28,14,14,1
alphatensor_rank23_transpose,0,wildcard,17,0.05,3.3418981670559416,3.118410348005312,1.2015823985167433,0.6245923009701738,0.5964466011379169,0.6072660609469325,2.3414447507416038e-15,2.146966054295525e-28,14,14,1
alphatensor_rank23_transpose,0,wildcard,18,0.001,3.169580382694229,2.9706595411727,1.1051794844276184,0.6245923009701738,0.6240750073463934,0.6240779812022133,2.0302929386360157e-15,1.5932703483662019e-28,14,14,1
alphatensor_rank23_transpose,0,wildcard,18,0.003,3.169580382694229,2.9706595411727,1.1051794844276184,0.6245923009701738,0.6230384347739945,0.6230652227814033,2.1920967603396066e-15,1.3377368497439292e-28,14,14,1
alphatensor_rank23_transpose,0,wildcard,18,0.01,3.169580382694229,2.9706595411727,1.1051794844276184,0.6245923009701738,0.6193901541915902,0.6196887047329375,2.220229434052697e-15,1.1848294199266485e-28,14,14,1
alphatensor_rank23_transpose,0,wildcard,18,0.03,3.169580382694229,2.9706595411727,1.1051794844276184,0.6245923009701738,0.608804845507591,0.6115145802661046,2.55351295663786e-15,1.87729362203396e-28,14,14,1
alphatensor_rank23_transpose,0,wildcard,18,0.05,3.169580382694229,2.9706595411727,1.1051794844276184,0.6245923009701738,0.5980032783504581,0.6055888551422767,2.3589951676323018e-15,1.7472850185344035e-28,14,14,1
alphatensor_rank23_transpose,0,wildcard,19,0.001,3.356250257394019,3.1591044435485016,1.1333467717382568,0.6245923009701738,0.6239888772412997,0.6239968130721264,2.9596835797781172e-15,2.9789353789685933e-28,14,14,1
alphatensor_rank23_transpose,0,wildcard,19,0.003,3.356250257394019,3.1591044435485016,1.1333467717382568,0.6245923009701738,0.6227781744990285,0.6228496918500805,3.4071865989192896e-15,2.7624189104610026e-28,14,14,1
alphatensor_rank23_transpose,0,wildcard,19,0.01,3.356250257394019,3.1591044435485016,1.1333467717382568,0.6245923009701738,0.6185016343583754,0.6192997594675534,2.8339134286658888e-15,2.994453885468702e-28,14,14,1
alphatensor_rank23_transpose,0,wildcard,19,0.03,3.356250257394019,3.1591044435485016,1.1333467717382568,0.6245923009701738,0.605979817611326,0.6132358456158951,3.587051792862687e-15,3.643970577605648e-28,14,14,1
alphatensor_rank23_transpose,0,wildcard,19,0.05,3.356250257394019,3.1591044435485016,1.1333467717382568,0.6245923009701738,0.593075511361177,0.613359070043275,1.7763568394002505e-15,1.9327328121066637e-28,14,14,1
alphatensor_rank23_transpose,0,wildcard,20,0.001,3.8434962261373764,3.6612215577820413,1.1695810981562151,0.6245923009701738,0.6239850732958666,0.6239895299447474,3.9968028886505635e-15,4.586479904921363e-28,14,14,1
alphatensor_rank23_transpose,0,wildcard,20,0.003,3.8434962261373764,3.6612215577820413,1.1695810981562151,0.6245923009701738,0.6227643360802733,0.6228044437832748,3.1086244689504383e-15,3.0794411727167933e-28,14,14,1
alphatensor_rank23_transpose,0,wildcard,20,0.01,3.8434962261373764,3.6612215577820413,1.1695810981562151,0.6245923009701738,0.6184296246077156,0.6188753680813682,2.4424906541753444e-15,2.4927901807319442e-28,14,14,1
alphatensor_rank23_transpose,0,wildcard,20,0.03,3.8434962261373764,3.6612215577820413,1.1695810981562151,0.6245923009701738,0.6055958174661528,0.609624614033142,3.3306690738754696e-15,2.4584161135884154e-28,14,14,1
alphatensor_rank23_transpose,0,wildcard,20,0.05,3.8434962261373764,3.6612215577820413,1.1695810981562151,0.6245923009701738,0.5922574003764817,0.6035536730788497,5.050191031341545e-15,5.924155234184771e-28,14,14,1
alphatensor_rank23_transpose,0,wildcard,21,0.001,4.187423467673157,3.7992892473911364,1.7606579770864035,0.6245923009701738,0.624002980480465,0.6240076425315056,3.4416913763379853e-15,4.473020019390823e-28,14,14,1
alphatensor_rank23_transpose,0,wildcard,21,0.003,4.187423467673157,3.7992892473911364,1.7606579770864035,0.6245923009701738,0.6228182715003843,0.6228601827322318,2.473059998491794e-15,2.489043657974998e-28,14,14,1
alphatensor_rank23_transpose,0,wildcard,21,0.01,4.187423467673157,3.7992892473911364,1.7606579770864035,0.6245923009701738,0.6186113497265503,0.6190752255167015,3.81862603960668e-15,5.497332904651485e-28,14,14,1
alphatensor_rank23_transpose,0,wildcard,21,0.03,4.187423467673157,3.7992892473911364,1.7606579770864035,0.6245923009701738,0.6061462007085872,0.6102773830453998,2.9016490034133277e-15,1.7600720514788692e-28,14,14,1
alphatensor_rank23_transpose,0,wildcard,21,0.05,4.187423467673157,3.7992892473911364,1.7606579770864035,0.6245923009701738,0.593163796977211,0.6045279216826764,1.9984014443252818e-15,2.325879073109478e-28,14,14,1
alphatensor_rank23_transpose,0,wildcard,22,0.001,3.412307710075715,3.1062033042803505,1.4125667915960676,0.6245923009701738,0.6240340513021657,0.624041241501911,2.6645352591003757e-15,3.1156840180996814e-28,14,14,1
alphatensor_rank23_transpose,0,wildcard,22,0.003,3.412307710075715,3.1062033042803505,1.4125667915960676,0.6245923009701738,0.6229137380555941,0.6229785070490268,3.1876808722225426e-15,2.8507029002336755e-28,14,14,1
alphatensor_rank23_transpose,0,wildcard,22,0.01,3.412307710075715,3.1062033042803505,1.4125667915960676,0.6245923009701738,0.6189546990310957,0.6196764665078845,3.0387359991004955e-15,3.027920042132712e-28,14,14,1
alphatensor_rank23_transpose,0,wildcard,22,0.03,3.412307710075715,3.1062033042803505,1.4125667915960676,0.6245923009701738,0.6073637198832647,0.6139040434323967,3.19223305343868e-15,3.456053359404849e-28,14,14,1
alphatensor_rank23_transpose,0,wildcard,22,0.05,3.412307710075715,3.1062033042803505,1.4125667915960676,0.6245923009701738,0.5954470475142775,0.6136907421995874,3.1086244689504383e-15,2.7669219437751475e-28,14,14,1
alphatensor_rank23_transpose,0,wildcard,23,0.001,3.5751372576233487,3.4542124806248715,0.9219666748543422,0.6245923009701738,0.6239152340625674,0.623919857858894,6.059170882898671e-15,3.8147754363378934e-28,14,14,1
alphatensor_rank23_transpose,0,wildcard,23,0.003,3.5751372576233487,3.4542124806248715,0.9219666748543422,0.6245923009701738,0.6225567962666279,0.6225983944709773,2.7813651071523866e-15,2.943873464122084e-28,14,14,1
alphatensor_rank23_transpose,0,wildcard,23,0.01,3.5751372576233487,3.4542124806248715,0.9219666748543422,0.6245923009701738,0.6177591476006751,0.6182207812586599,2.940426823526808e-15,3.431827486938647e-28,14,14,1
alphatensor_rank23_transpose,0,wildcard,23,0.03,3.5751372576233487,3.4542124806248715,0.9219666748543422,0.6245923009701738,0.6037277110738714,0.607871647330352,3.343816602925716e-15,4.0598896958177e-28,14,14,1
alphatensor_rank23_transpose,0,wildcard,23,0.05,3.5751372576233487,3.4542124806248715,0.9219666748543422,0.6245923009701738,0.5893065210218837,0.6008026605945327,1.6653345369377348e-15,1.5534479760258326e-28,14,14,1
alphatensor_rank23_transpose,0,wildcard,24,0.001,3.347040057064647,3.155881740451559,1.1149383767185308,0.6245923009701738,0.6240129847821719,0.624015183659908,2.8627129713725586e-15,1.7662713010540082e-28,14,14,1
alphatensor_rank23_transpose,0,wildcard,24,0.003,3.347040057064647,3.155881740451559,1.1149383767185308,0.6245923009701738,0.6228527098364818,0.6228724883953244,3.579710289122557e-15,2.144457626884354e-28,14,14,1
alphatensor_rank23_transpose,0,wildcard,24,0.01,3.347040057064647,3.155881740451559,1.1149383767185308,0.6245923009701738,0.6187748205426508,0.6189941438731157,1.9984014443252818e-15,1.6111704775464596e-28,14,14,1
alphatensor_rank23_transpose,0,wildcard,24,0.03,3.347040057064647,3.155881740451559,1.1149383767185308,0.6245923009701738,0.6069861666015839,0.60894926165192,1.5543122344752192e-15,1.03974672619159e-28,14,14,1
alphatensor_rank23_transpose,0,wildcard,24,0.05,3.347040057064647,3.155881740451559,1.1149383767185308,0.6245923009701738,0.5950105002593015,0.6004374595357063,4.1569627485724275e-15,4.691237016445383e-28,14,14,1
alphatensor_rank23_transpose,0,wildcard,25,0.001,3.2007390376841673,3.1041915757490774,0.780208336538279,0.6245923009701738,0.6239634040838039,0.6239646612485966,2.652964261603577e-15,3.3894406606078485e-28,14,14,1
alphatensor_rank23_transpose,0,wildcard,25,0.003,3.2007390376841673,3.1041915757490774,0.780208336538279,0.6245923009701738,0.6227021083409395,0.6227133895261199,2.55351295663786e-15,2.148342813630628e-28,14,14,1
alphatensor_rank23_transpose,0,wildcard,25,0.01,3.2007390376841673,3.1041915757490774,0.780208336538279,0.6245923009701738,0.6182524528982956,0.6183766092769996,2.388011276875245e-15,2.5860496734135464e-28,14,14,1
alphatensor_rank23_transpose,0,wildcard,25,0.03,3.2007390376841673,3.1041915757490774,0.780208336538279,0.6245923009701738,0.6052742396010954,0.6063689693281314,2.3314683517128287e-15,2.890996696846085e-28,14,14,1
alphatensor_rank23_transpose,0,wildcard,25,0.05,3.2007390376841673,3.1041915757490774,0.780208336538279,0.6245923009701738,0.5919744694251707,0.5949845362998026,2.450892650541878e-15,1.6085906656238826e-28,14,14,1
alphatensor_rank23_transpose,0,wildcard,26,0.001,3.1168909684234807,3.038518426759037,0.6945610695148806,0.6245923009701738,0.623974833268118,0.6239762783315922,3.101515946860158e-15,3.0813044461977063e-28,14,14,1
alphatensor_rank23_transpose,0,wildcard,26,0.003,3.1168909684234807,3.038518426759037,0.6945610695148806,0.6245923009701738,0.6227355004698035,0.622748455224726,2.3007055232182656e-15,2.5981457749260337e-28,14,14,1
alphatensor_rank23_transpose,0,wildcard,26,0.01,3.1168909684234807,3.038518426759037,0.6945610695148806,0.6245923009701738,0.6183537039471922,0.6184957860080802,2.4424906541753444e-15,2.267227079936589e-28,14,14,1
alphatensor_rank23_transpose,0,wildcard,26,0.03,3.1168909684234807,3.038518426759037,0.6945610695148806,0.6245923009701738,0.6055007738024282,0.6067406409144794,6.0859956372501136e-15,9.77423268089082e-28,14,14,1
alphatensor_rank23_transpose,0,wildcard,26,0.05,3.1168909684234807,3.038518426759037,0.6945610695148806,0.6245923009701738,0.5922412697078473,0.5956139247300537,3.760113921959671e-15,4.221482447276933e-28,14,14,1
alphatensor_rank23_transpose,0,wildcard,27,0.001,4.132053384382816,3.923326930903756,1.2966768929208246,0.6245923009701738,0.6238545569686457,0.6238617054051743,3.074602645180736e-15,1.5027706188097426e-28,14,14,1
alphatensor_rank23_transpose,0,wildcard,27,0.003,4.132053384382816,3.923326930903756,1.2966768929208246,0.6245923009701738,0.6223738909786235,0.622438258956967,1.9202034583223537e-15,1.5136638332634563e-28,14,14,1
alphatensor_rank23_transpose,0,wildcard,27,0.01,4.132053384382816,3.923326930903756,1.2966768929208246,0.6245923009701738,0.6171396452113795,0.6178560257545443,2.1175217986080784e-15,1.4322853077827768e-28,14,14,1
alphatensor_rank23_transpose,0,wildcard,27,0.03,4.132053384382816,3.923326930903756,1.2966768929208246,0.6245923009701738,0.6017931285277738,0.6082646827973178,1.9072273281697493e-15,1.1286687860099455e-28,14,14,1
alphatensor_rank23_transpose,0,wildcard,27,0.05,4.132053384382816,3.923326930903756,1.2966768929208246,0.6245923009701738,0.5859705893258192,0.6039826462424268,1.8508356723234777e-15,1.621516172819379e-28,14,14,1
alphatensor_rank23_transpose,0,wildcard,28,0.001,3.248377896107599,3.1098124251860013,0.938629658640291,0.6245923009701738,0.6240039891203842,0.6240075065172401,3.100136697251626e-15,1.37768627515957e-28,14,14,1
alphatensor_rank23_transpose,0,wildcard,28,0.003,3.248377896107599,3.1098124251860013,0.938629658640291,0.6245923009701738,0.6228230741806053,0.6228547342758963,4.958616723222852e-15,2.463084213542649e-28,14,14,1
alphatensor_rank23_transpose,0,wildcard,28,0.01,3.248377896107599,3.1098124251860013,0.938629658640291,0.6245923009701738,0.6186461760574875,0.618998145967609,2.052360507049948e-15,1.5252656258745356e-28,14,14,1
alphatensor_rank23_transpose,0,wildcard,28,0.03,3.248377896107599,3.1098124251860013,0.938629658640291,0.6245923009701738,0.6063692780828394,0.6095466828248438,2.8216892927743485e-15,2.660065782418135e-28,14,14,1
alphatensor_rank23_transpose,0,wildcard,28,0.05,3.248377896107599,3.1098124251860013,0.938629658640291,0.6245923009701738,0.5936523895844938,0.6025294881280712,2.215468487091486e-15,2.489307336903461e-28,14,14,1
alphatensor_rank23_transpose,0,wildcard,29,0.001,3.2950905612016808,3.2181758713472153,0.7077894232036838,0.6245923009701738,0.6239497596515734,0.6239515003672196,2.6103738271272636e-15,2.7928986825160282e-28,14,14,1
alphatensor_rank23_transpose,0,wildcard,29,0.003,3.2950905612016808,3.2181758713472153,0.7077894232036838,0.6245923009701738,0.6226607992762977,0.6226764313123101,2.5756175500094335e-15,2.6827251301528172e-28,14,14,1
alphatensor_rank23_transpose,0,wildcard,29,0.01,3.2950905612016808,3.2181758713472153,0.7077894232036838,0.6245923009701738,0.6181105358128559,0.6182830064871718,2.735099784858165e-15,2.8961237309326788e-28,14,14,1
alphatensor_rank23_transpose,0,wildcard,29,0.03,3.2950905612016808,3.2181758713472153,0.7077894232036838,0.6245923009701738,0.604816064598389,0.6063460794946132,6.684436287852931e-15,5.032744707791508e-28,14,14,1
alphatensor_rank23_transpose,0,wildcard,29,0.05,3.2950905612016808,3.2181758713472153,0.7077894232036838,0.6245923009701738,0.5911647104507229,0.5953907828550948,4.092791844468299e-15,4.384297065505052e-28,14,14,1
alphatensor_rank23_transpose,0,wildcard,30,0.001,3.2814353035708668,3.1652457070811315,0.8654693901725796,0.6245923009701738,0.6239499834734165,0.6239524508063332,3.0085214551431104e-15,2.8764602398664384e-28,14,14,1
alphatensor_rank23_transpose,0,wildcard,30,0.003,3.2814353035708668,3.1652457070811315,0.8654693901725796,0.6245923009701738,0.6226621016991509,0.6226843039465739,2.9233472370013324e-15,3.3414357495262117e-28,14,14,1
alphatensor_rank23_transpose,0,wildcard,30,0.01,3.2814353035708668,3.1652457070811315,0.8654693901725796,0.6245923009701738,0.6181217410863512,0.6183683606743658,2.6645352591003757e-15,2.1552990199384093e-28,14,14,1
alphatensor_rank23_transpose,0,wildcard,30,0.03,3.2814353035708668,3.1652457070811315,0.8654693901725796,0.6245923009701738,0.6048976149377547,0.607121050606053,3.000353646866271e-15,2.974026223308891e-28,14,14,1
alphatensor_rank23_transpose,0,wildcard,30,0.05,3.2814353035708668,3.1652457070811315,0.8654693901725796,0.6245923009701738,0.5913594942592088,0.597570614826183,1.7763568394002505e-15,1.3977829970409608e-28,14,14,1
alphatensor_rank23_transpose,0,wildcard,31,0.001,4.360192934273488,4.113593515615622,1.4455555376302782,0.6245923009701738,0.6239513104490559,0.6239642543827982,2.5234588937750674e-15,3.050745134329196e-28,14,14,1
alphatensor_rank23_transpose,0,wildcard,31,0.003,4.360192934273488,4.113593515615622,1.4455555376302782,0.6245923009701738,0.6226650488810955,0.6227817737703931,3.470010304901961e-15,3.4449434104669135e-28,14,14,1
alphatensor_rank23_transpose,0,wildcard,31,0.01,4.360192934273488,4.113593515615622,1.4455555376302782,0.6245923009701738,0.6181204536074754,0.6194256914325379,3.668559366342043e-15,4.360965877349215e-28,14,14,1
alphatensor_rank23_transpose,0,wildcard,31,0.03,4.360192934273488,4.113593515615622,1.4455555376302782,0.6245923009701738,0.6048186901788039,0.6167252297035901,2.886579864025407e-15,3.285609444801735e-28,14,14,1
alphatensor_rank23_transpose,0,wildcard,31,0.05,4.360192934273488,4.113593515615622,1.4455555376302782,0.6245923009701738,0.5911401534266678,0.6244132924670958,4.711035634707836e-15,5.974226930514481e-28,14,14,1
alphatensor_rank23_transpose,0,wildcard,32,0.001,3.2616664326390743,3.1352647874502124,0.8992122276633473,0.6245923009701738,0.624010702427958,0.6240135916952678,2.6554353901847355e-15,3.2003777078194603e-28,14,14,1
alphatensor_rank23_transpose,0,wildcard,32,0.003,3.2616664326390743,3.1352647874502124,0.8992122276633473,0.6245923009701738,0.6228442536509391,0.6228702720332896,2.9976021664879227e-15,2.694193573406797e-28,14,14,1
alphatensor_rank23_transpose,0,wildcard,32,0.01,3.2616664326390743,3.1352647874502124,0.8992122276633473,0.6245923009701738,0.6187288307319776,0.6190185681376515,2.302912821407484e-15,1.8290600557161264e-28,14,14,1
alphatensor_rank23_transpose,0,wildcard,32,0.03,3.2616664326390743,3.1352647874502124,0.8992122276633473,0.6245923009701738,0.606718011419098,0.6093470152204853,2.4442995650274464e-15,1.719648995848559e-28,14,14,1
alphatensor_rank23_transpose,0,wildcard,32,0.05,3.2616664326390743,3.1352647874502124,0.8992122276633473,0.6245923009701738,0.5943933275926603,0.6017759368005057,3.4299939461274156e-15,4.781977644745217e-28,14,14,1
alphatensor_rank23_transpose,0,wildcard,33,0.001,3.396635417955752,3.236869084911592,1.0294710727626288,0.6245923009701738,0.6239605864733734,0.6239627286327646,2.886579864025407e-15,3.3642005201182245e-28,14,14,1
alphatensor_rank23_transpose,0,wildcard,33,0.003,3.396635417955752,3.236869084911592,1.0294710727626288,0.6245923009701738,0.6226943991600152,0.6227136840204409,2.8639680367789723e-15,3.056375119264534e-28,14,14,1
alphatensor_rank23_transpose,0,wildcard,33,0.01,3.396635417955752,3.236869084911592,1.0294710727626288,0.6245923009701738,0.6182350363856495,0.6184496116345423,2.4140625828416986e-15,2.135698124249622e-28,14,14,1
alphatensor_rank23_transpose,0,wildcard,33,0.03,3.396635417955752,3.236869084911592,1.0294710727626288,0.6245923009701738,0.605284093171994,0.6072296706348409,2.2137518183092204e-15,2.036597648251071e-28,14,14,1
alphatensor_rank23_transpose,0,wildcard,33,0.05,3.396635417955752,3.236869084911592,1.0294710727626288,0.6245923009701738,0.5920773263299342,0.5975500266281528,2.253850321340535e-15,1.864403724898054e-28,14,14,1
alphatensor_rank23_transpose,0,wildcard,34,0.001,3.160937926407843,3.0295604902800006,0.9018269292596665,0.6245923009701738,0.6240082271801349,0.6240096480266474,4.931663235236633e-15,2.2709448138977344e-28,14,14,1
alphatensor_rank23_transpose,0,wildcard,34,0.003,3.160937926407843,3.0295604902800006,0.9018269292596665,0.6245923009701738,0.6228366809883523,0.6228494444675222,2.6645352591003757e-15,3.5526361120638624e-28,14,14,1
alphatensor_rank23_transpose,0,wildcard,34,0.01,3.160937926407843,3.0295604902800006,0.9018269292596665,0.6245923009701738,0.6187021503665906,0.6188431342676892,4.205586295909604e-15,4.069703244004927e-28,14,14,1
alphatensor_rank23_transpose,0,wildcard,34,0.03,3.160937926407843,3.0295604902800006,0.9018269292596665,0.6245923009701738,0.6066308159525571,0.6078863342098753,2.4424906541753444e-15,2.096027711983286e-28,14,14,1
alphatensor_rank23_transpose,0,wildcard,34,0.05,3.160937926407843,3.0295604902800006,0.9018269292596665,0.6245923009701738,0.5942425678055868,0.5977259101380886,2.222104141529881e-15,2.25283274486194e-28,14,14,1
alphatensor_rank23_transpose,0,wildcard,35,0.001,3.2877578751752985,3.1777149089548153,0.8434926218903684,0.6245923009701738,0.6239590253656385,0.6239610289208849,2.9045051481682185e-15,3.074091999305568e-28,14,14,1
alphatensor_rank23_transpose,0,wildcard,35,0.003,3.2877578751752985,3.1777149089548153,0.8434926218903684,0.6245923009701738,0.6226868978252087,0.6227048529243373,2.17318784275616e-15,2.3517980628113413e-28,14,14,1
alphatensor_rank23_transpose,0,wildcard,35,0.01,3.2877578751752985,3.1777149089548153,0.8434926218903684,0.6245923009701738,0.6181791017542185,0.6183758091535696,2.8110882439932526e-15,2.74591632891651e-28,14,14,1
alphatensor_rank23_transpose,0,wildcard,35,0.03,3.2877578751752985,3.1777149089548153,0.8434926218903684,0.6245923009701738,0.6048956242696286,0.606610103042127,2.886579864025407e-15,3.5450987840712653e-28,14,14,1
alphatensor_rank23_transpose,0,wildcard,35,0.05,3.2877578751752985,3.1777149089548153,0.8434926218903684,0.6245923009701738,0.5911502817634166,0.5958269743044471,2.325676356512641e-15,2.2106189944287822e-28,14,14,1
alphatensor_rank23_transpose,0,wildcard,36,0.001,3.3974188158451244,3.245835185229353,1.0034981617250813,0.6245923009701738,0.6239539171074541,0.6239562050033798,3.111129419925163e-15,3.381564357636517e-28,14,14,1
alphatensor_rank23_transpose,0,wildcard,36,0.003,3.3974188158451244,3.245835185229353,1.0034981617250813,0.6245923009701738,0.6226739961901503,0.6226945577896352,2.55351295663786e-15,2.1445304141744377e-28,14,14,1
alphatensor_rank23_transpose,0,wildcard,36,0.01,3.3974188158451244,3.245835185229353,1.0034981617250813,0.6245923009701738,0.6181628108870622,0.6183902335742836,2.6645352591003757e-15,2.514527951971124e-28,14,14,1
alphatensor_rank23_transpose,0,wildcard,36,0.03,3.3974188158451244,3.245835185229353,1.0034981617250813,0.6245923009701738,0.6050394780012042,0.6070674337173285,2.769342887349973e-15,2.837776003054116e-28,14,14,1
alphatensor_rank23_transpose,0,wildcard,36,0.05,3.3974188158451244,3.245835185229353,1.0034981617250813,0.6245923009701738,0.5916370449547508,0.5972492132983728,2.942053979104189e-15,4.2874164257399305e-28,14,14,1
alphatensor_rank23_transpose,0,wildcard,37,0.001,3.942125234886587,3.797454554188072,1.0581541836641302,0.6245923009701738,0.6239720732039508,0.6239782432435527,1.7763568394002505e-15,1.1666242763109006e-28,14,14,1
alphatensor_rank23_transpose,0,wildcard,37,0.003,3.942125234886587,3.797454554188072,1.0581541836641302,0.6245923009701738,0.6227275912126637,0.6227831794302747,2.3594765153222442e-15,1.5785823932488432e-28,14,14,1
alphatensor_rank23_transpose,0,wildcard,37,0.01,3.942125234886587,3.797454554188072,1.0581541836641302,0.6245923009701738,0.6183314020132203,0.618951263249515,1.9984014443252818e-15,1.4254349742608494e-28,14,14,1
alphatensor_rank23_transpose,0,wildcard,37,0.03,3.942125234886587,3.797454554188072,1.0581541836641302,0.6245923009701738,0.6054617197387729,0.6110929667738287,2.2098734508011813e-15,2.273031183298107e-28,14,14,1
alphatensor_rank23_transpose,0,wildcard,37,0.05,3.942125234886587,3.797454554188072,1.0581541836641302,0.6245923009701738,0.592206754020395,0.6079674808765627,1.9094005352743387e-15,1.4445139588922804e-28,14,14,1
alphatensor_rank23_transpose,0,wildcard,38,0.001,3.7520988161755966,3.553810852875117,1.2036087189503688,0.6245923009701738,0.6241148280357711,0.6241222113960988,3.1271787287018788e-15,2.924998368432012e-28,14,14,1
alphatensor_rank23_transpose,0,wildcard,38,0.003,3.7520988161755966,3.553810852875117,1.2036087189503688,0.6245923009701738,0.6231560352574553,0.6232225314771954,3.1086244689504383e-15,2.844529182541103e-28,14,14,1
alphatensor_rank23_transpose,0,wildcard,38,0.01,3.7520988161755966,3.553810852875117,1.2036087189503688,0.6245923009701738,0.6197621206781657,0.6205026168327207,2.2208379333101235e-15,2.1368577451982604e-28,14,14,1
alphatensor_rank23_transpose,0,wildcard,38,0.03,3.7520988161755966,3.553810852875117,1.2036087189503688,0.6245923009701738,0.6097864680275115,0.6164807717466321,2.8277869723982077e-15,2.220672043940635e-28,14,14,1
alphatensor_rank23_transpose,0,wildcard,38,0.05,3.7520988161755966,3.553810852875117,1.2036087189503688,0.6245923009701738,0.599487784130952,0.6181035453194138,3.219646771412954e-15,1.4385540395934894e-28,14,14,1
alphatensor_rank23_transpose,0,wildcard,39,0.001,3.448228913642318,3.222740086526553,1.2264701282842991,0.6245923009701738,0.6240336339983311,0.6240368696986203,3.080984012597667e-15,3.681250489119313e-28,14,14,1
alphatensor_rank23_transpose,0,wildcard,39,0.003,3.448228913642318,3.222740086526553,1.2264701282842991,0.6245923009701738,0.6229134631709712,0.6229426144506213,2.4812321992028062e-15,2.5870441578351773e-28,14,14,1
alphatensor_rank23_transpose,0,wildcard,39,0.01,3.448228913642318,3.222740086526553,1.2264701282842991,0.6245923009701738,0.6189643908225837,0.6192895281905052,2.638749023232912e-15,2.1980724504104373e-28,14,14,1
alphatensor_rank23_transpose,0,wildcard,39,0.03,3.448228913642318,3.222740086526553,1.2264701282842991,0.6245923009701738,0.6074657046167206,0.6104284763081089,2.019510339909245e-15,1.6994710317057675e-28,14,14,1
alphatensor_rank23_transpose,0,wildcard,39,0.05,3.448228913642318,3.222740086526553,1.2264701282842991,0.6245923009701738,0.5957028158015942,0.6040515409141426,3.2915140538877233e-15,2.9614983513850783e-28,14,14,1
alphatensor_rank23_transpose,0,wildcard,40,0.001,3.2681755758945346,3.1671040870827354,0.8064882494230213,0.6245923009701738,0.6239554998905217,0.6239566107487298,3.459499855890702e-15,3.1155153983464102e-28,14,14,1
alphatensor_rank23_transpose,0,wildcard,40,0.003,3.2681755758945346,3.1671040870827354,0.8064882494230213,0.6245923009701738,0.6226774768487252,0.6226874366679254,2.6645352591003757e-15,2.5434705349060146e-28,14,14,1
alphatensor_rank23_transpose,0,wildcard,40,0.01,3.2681755758945346,3.1671040870827354,0.8064882494230213,0.6245923009701738,0.6181597910398928,0.6182690836935688,3.355486354868174e-15,2.578680969688951e-28,14,14,1
alphatensor_rank23_transpose,0,wildcard,40,0.03,3.2681755758945346,3.1671040870827354,0.8064882494230213,0.6245923009701738,0.6049100025901094,0.6058663017319297,2.2730390002542693e-15,2.4206846640438355e-28,14,14,1
alphatensor_rank23_transpose,0,wildcard,40,0.05,3.2681755758945346,3.1671040870827354,0.8064882494230213,0.6245923009701738,0.5912333227634333,0.5938468635190858,2.5563503983756275e-15,2.4959876330366057e-28,14,14,1
alphatensor_rank23_transpose,0,wildcard,41,0.001,3.781381874673643,3.617590532160027,1.100857676421659,0.6245923009701738,0.623920708669286,0.623925858655498,2.886579864025407e-15,3.1108025618563684e-28,14,14,1
alphatensor_rank23_transpose,0,wildcard,41,0.003,3.781381874673643,3.617590532160027,1.100857676421659,0.6245923009701738,0.6225734087605518,0.6226197655532102,3.1086244689504383e-15,2.848446952246973e-28,14,14,1
alphatensor_rank23_transpose,0,wildcard,41,0.01,3.781381874673643,3.617590532160027,1.100857676421659,0.6245923009701738,0.617816339931585,0.618331704723203,2.5805859725002772e-15,2.7885822708542187e-28,14,14,1
alphatensor_rank23_transpose,0,wildcard,41,0.03,3.781381874673643,3.617590532160027,1.100857676421659,0.6245923009701738,0.6039061785603568,0.6085533411531451,2.55351295663786e-15,2.0135269741036497e-28,14,14,1
alphatensor_rank23_transpose,0,wildcard,41,0.05,3.781381874673643,3.617590532160027,1.100857676421659,0.6245923009701738,0.5895987625309859,0.6025388147624248,4.4721823586876325e-15,5.946081670747124e-28,14,14,1
alphatensor_rank23_transpose,0,wildcard,42,0.001,3.4927936965697857,3.2175170506631736,1.3591143570315873,0.6245923009701738,0.6240090705367674,0.624016042497529,2.69557771797363e-15,2.6210879194469926e-28,14,14,1
alphatensor_rank23_transpose,0,wildcard,42,0.003,3.4927936965697857,3.2175170506631736,1.3591143570315873,0.6245923009701738,0.6228351739821257,0.6228978340242675,2.6645352591003757e-15,3.0865455848603077e-28,14,14,1
alphatensor_rank23_transpose,0,wildcard,42,0.01,3.4927936965697857,3.2175170506631736,1.3591143570315873,0.6245923009701738,0.6186534986054149,0.6193464108188151,2.886579864025407e-15,2.9416859697892546e-28,14,14,1
alphatensor_rank23_transpose,0,wildcard,42,0.03,3.4927936965697857,3.2175170506631736,1.3591143570315873,0.6245923009701738,0.6061884803682945,0.6123474271264877,1.936406385919225e-15,1.555284384554585e-28,14,14,1
alphatensor_rank23_transpose,0,wildcard,42,0.05,3.4927936965697857,3.2175170506631736,1.3591143570315873,0.6245923009701738,0.5931593174119707,0.6100825912768069,3.1086244689504383e-15,2.4088411345285796e-28,14,14,1
alphatensor_rank23_transpose,0,wildcard,43,0.001,4.105926177446417,3.929520708911894,1.1905867347120522,0.6245923009701738,0.623991748269824,0.6240002680265424,2.886579864025407e-15,1.5631749662067823e-28,14,14,1
alphatensor_rank23_transpose,0,wildcard,43,0.003,4.105926177446417,3.929520708911894,1.1905867347120522,0.6245923009701738,0.6227893156258586,0.622866151832679,1.5543122344752192e-15,1.0499109730623811e-28,14,14,1
alphatensor_rank23_transpose,0,wildcard,43,0.01,4.105926177446417,3.929520708911894,1.1905867347120522,0.6245923009701738,0.618567006549626,0.6194265373895533,3.4788961682512138e-15,5.288570242562005e-28,14,14,1
alphatensor_rank23_transpose,0,wildcard,43,0.03,4.105926177446417,3.929520708911894,1.1905867347120522,0.6245923009701738,0.6063884807152793,0.6142430951247325,1.9536241744877863e-15,1.468355801482724e-28,14,14,1
alphatensor_rank23_transpose,0,wildcard,43,0.05,4.105926177446417,3.929520708911894,1.1905867347120522,0.6245923009701738,0.5940480625065189,0.6160624646267968,2.7755575615628914e-15,2.354480104590322e-28,14,14,1
alphatensor_rank23_transpose,0,wildcard,44,0.001,3.56197262422622,3.409829027678474,1.0299101794517294,0.6245923009701738,0.6240008958460799,0.6240060612918532,3.0963071164076258e-15,1.7722096019806703e-28,14,14,1
alphatensor_rank23_transpose,0,wildcard,44,0.003,3.56197262422622,3.409829027678474,1.0299101794517294,0.6245923009701738,0.6228147836874808,0.6228612762439858,2.3725585056720834e-15,1.6641760174829154e-28,14,14,1
alphatensor_rank23_transpose,0,wildcard,44,0.01,3.56197262422622,3.409829027678474,1.0299101794517294,0.6245923009701738,0.6186297502895373,0.6191463877303277,1.6569285413766196e-15,9.664492980795075e-29,14,14,1
alphatensor_rank23_transpose,0,wildcard,44,0.03,3.56197262422622,3.409829027678474,1.0299101794517294,0.6245923009701738,0.6064082154715652,0.6110527591614567,3.1537005898277844e-15,3.125118051355439e-28,14,14,1
alphatensor_rank23_transpose,0,wildcard,44,0.05,3.56197262422622,3.409829027678474,1.0299101794517294,0.6245923009701738,0.5938471888570497,0.6067073992608824,3.024870389963945e-15,3.4242089321453452e-28,14,14,1
alphatensor_rank23_transpose,0,wildcard,45,0.001,4.144867000568027,3.9543790474679574,1.2420985473561263,0.6245923009701738,0.623887984895378,0.6238937844333569,3.31020233585782e-15,3.6489876135835245e-28,14,14,1
alphatensor_rank23_transpose,0,wildcard,45,0.003,4.144867000568027,3.9543790474679574,1.2420985473561263,0.6245923009701738,0.6224733773758484,0.6225255379849759,2.586706786510091e-15,2.6206220463927515e-28,14,14,1
alphatensor_rank23_transpose,0,wildcard,45,0.01,4.144867000568027,3.9543790474679574,1.2420985473561263,0.6245923009701738,0.6174634014473008,0.6180417198346113,3.896396257270782e-15,4.610741607554321e-28,14,14,1
alphatensor_rank23_transpose,0,wildcard,45,0.03,4.144867000568027,3.9543790474679574,1.2420985473561263,0.6245923009701738,0.6027273454410922,0.6079086475287669,3.396610686535061e-15,4.0059685106176505e-28,14,14,1
alphatensor_rank23_transpose,0,wildcard,45,0.05,4.144867000568027,3.9543790474679574,1.2420985473561263,0.6245923009701738,0.5875188892025655,0.601871298367713,4.418464765641853e-15,2.41841976085761e-28,14,14,1
alphatensor_rank23_transpose,0,wildcard,46,0.001,3.143649871637734,3.030458920090861,0.8359744308827117,0.6245923009701738,0.623989552263526,0.6239911678201847,3.1830125470397335e-15,3.223128580358717e-28,14,14,1
alphatensor_rank23_transpose,0,wildcard,46,0.003,3.143649871637734,3.030458920090861,0.8359744308827117,0.6245923009701738,0.6227803335233526,0.6227948293316952,4.6629367034256575e-15,4.892882749670538e-28,14,14,1
alphatensor_rank23_transpose,0,wildcard,46,0.01,3.143649871637734,3.030458920090861,0.8359744308827117,0.6245923009701738,0.6185106728534473,0.6186701271622104,3.086956363083753e-15,2.693417790447968e-28,14,14,1
alphatensor_rank23_transpose,0,wildcard,46,0.03,3.143649871637734,3.030458920090861,0.8359744308827117,0.6245923009701738,0.6060278559705603,0.6074299363235427,2.7755575615628914e-15,2.13176533503516e-28,14,14,1
alphatensor_rank23_transpose,0,wildcard,46,0.05,3.143649871637734,3.030458920090861,0.8359744308827117,0.6245923009701738,0.5931966698984876,0.5970349473366146,3.1906824508961262e-15,3.454160565911637e-28,14,14,1
alphatensor_rank23_transpose,0,wildcard,47,0.001,4.027134582968476,3.8037180242374253,1.3227025899392575,0.6245923009701738,0.624022878239989,0.624033643138856,2.6645352591003757e-15,2.9298903094934354e-28,14,14,1
alphatensor_rank23_transpose,0,wildcard,47,0.003,4.027134582968476,3.8037180242374253,1.3227025899392575,0.6245923009701738,0.6228803032622499,0.6229772414771021,2.790975893126966e-15,2.2896526991009355e-28,14,14,1
alphatensor_rank23_transpose,0,wildcard,47,0.01,4.027134582968476,3.8037180242374253,1.3227025899392575,0.6245923009701738,0.6188438608742798,0.6199225658089403,2.220446049250313e-15,1.901331920212216e-28,14,14,1
alphatensor_rank23_transpose,0,wildcard,47,0.03,4.027134582968476,3.8037180242374253,1.3227025899392575,0.6245923009701738,0.6070279604193528,0.6167381636932621,4.081817851959821e-15,4.586243773028625e-28,14,14,1
alphatensor_rank23_transpose,0,wildcard,47,0.05,4.027134582968476,3.8037180242374253,1.3227025899392575,0.6245923009701738,0.5948648867755864,0.6216751929028056,3.1653135770677905e-15,2.9676005452641486e-28,14,14,1
alphatensor_rank23_transpose,0,wildcard,48,0.001,4.452511560895019,4.228511515414295,1.394471069586062,0.6245923009701738,0.6238930690546441,0.6238972577117863,2.886579864025407e-15,1.4638964978174884e-28,14,14,1
alphatensor_rank23_transpose,0,wildcard,48,0.003,4.452511560895019,4.228511515414295,1.394471069586062,0.6245923009701738,0.6224906799097744,0.622528408425035,1.6653345369377348e-15,1.115017868614383e-28,14,14,1
alphatensor_rank23_transpose,0,wildcard,48,0.01,4.452511560895019,4.228511515414295,1.394471069586062,0.6245923009701738,0.6175421612185124,0.617962563885073,2.220446049250313e-15,1.2796454158559684e-28,14,14,1
alphatensor_rank23_transpose,0,wildcard,48,0.03,4.452511560895019,4.228511515414295,1.394471069586062,0.6245923009701738,0.6030824136514273,0.6068968122680861,2.55351295663786e-15,2.051927924726195e-28,14,14,1
alphatensor_rank23_transpose,0,wildcard,48,0.05,4.452511560895019,4.228511515414295,1.394471069586062,0.6245923009701738,0.5881927100013074,0.5988715995067362,1.887379141862766e-15,1.5245007682316583e-28,14,14,1
alphatensor_rank23_transpose,1,structured,0,0.001,2.787708380879081,2.7054890204656563,0.6720470050251335,0.5857724973145496,0.5851863925237611,0.5851866270166656,2.1964969825416474e-15,2.0068708137520366e-28,14,14,1
alphatensor_rank23_transpose,1,structured,0,0.003,2.787708380879081,2.7054890204656563,0.6720470050251335,0.5857724973145496,0.5840122143444978,0.5840143025304744,2.497405483846484e-15,2.072484167010497e-28,14,14,1
alphatensor_rank23_transpose,1,structured,0,0.01,2.787708380879081,2.7054890204656563,0.6720470050251335,0.5857724973145496,0.5798827670090719,0.5799051871448977,2.1757203112586214e-15,2.1304777641720473e-28,14,14,1
alphatensor_rank23_transpose,1,structured,0,0.03,2.787708380879081,2.7054890204656563,0.6720470050251335,0.5857724973145496,0.5679332577855474,0.5681216646007035,3.725971784275554e-15,3.306664713660092e-28,14,14,1
alphatensor_rank23_transpose,1,structured,0,0.05,2.787708380879081,2.7054890204656563,0.6720470050251335,0.5857724973145496,0.5557982409473323,0.5563153530868901,2.8509656330517e-15,2.9340322127321974e-28,14,14,1
alphatensor_rank23_transpose,1,wildcard,1,0.001,3.9706436225068495,3.66208936171781,1.5346375089080664,0.5857724973145496,0.5852122913583647,0.5852340335894247,2.2269681290206082e-15,1.811945616177011e-28,14,14,1
alphatensor_rank23_transpose,1,wildcard,1,0.003,3.9706436225068495,3.66208936171781,1.5346375089080664,0.5857724973145496,0.5840902413407987,0.5842861154604284,2.951482229107628e-15,2.019497991052171e-28,14,14,1
alphatensor_rank23_transpose,1,wildcard,1,0.01,3.9706436225068495,3.66208936171781,1.5346375089080664,0.5857724973145496,0.5801464744030382,0.5823276976735586,2.348166326003294e-15,2.1919558850631274e-28,14,14,1
alphatensor_rank23_transpose,1,wildcard,1,0.03,3.9706436225068495,3.66208936171781,1.5346375089080664,0.5857724973145496,0.5687499517843728,0.5882946035556336,1.7763568394002505e-15,1.1681074365416417e-28,14,14,1
alphatensor_rank23_transpose,1,wildcard,1,0.05,3.9706436225068495,3.66208936171781,1.5346375089080664,0.5857724973145496,0.5571908629750012,0.6104286477314359,2.6645352591003757e-15,1.8160908905118046e-28,14,14,1
alphatensor_rank23_transpose,1,wildcard,2,0.001,3.1026184667868772,2.952274328474149,0.9541056754256652,0.5857724973145496,0.5852441422976191,0.5852456421380366,2.251858242056891e-15,2.0516761126194705e-28,14,14,1
alphatensor_rank23_transpose,1,wildcard,2,0.003,3.1026184667868772,2.952274328474149,0.9541056754256652,0.5857724973145496,0.5841855645401118,0.5841990655091166,2.6645352591003757e-15,2.1367411066664547e-28,14,14,1
alphatensor_rank23_transpose,1,wildcard,2,0.01,3.1026184667868772,2.952274328474149,0.9541056754256652,0.5857724973145496,0.5804616653927831,0.5806118198437232,2.06472825800974e-15,1.7793444765862348e-28,14,14,1
alphatensor_rank23_transpose,1,wildcard,2,0.03,3.1026184667868772,2.952274328474149,0.9541056754256652,0.5857724973145496,0.5696762132077057,0.5710350091538594,3.3156217203471853e-15,3.184565323292695e-28,14,14,1
alphatensor_rank23_transpose,1,wildcard,2,0.05,3.1026184667868772,2.952274328474149,0.9541056754256652,0.5857724973145496,0.5587065743364946,0.5625163196226616,2.123686344808216e-15,1.7342271587597845e-28,14,14,1
alphatensor_rank23_transpose,1,wildcard,3,0.001,3.36658579209236,3.1804443524004027,1.1039355129728021,0.5857724973145496,0.5851981374105072,0.5851996876849147,2.240475001051009e-15,1.685921513557579e-28,14,14,1
alphatensor_rank23_transpose,1,wildcard,3,0.003,3.36658579209236,3.1804443524004027,1.1039355129728021,0.5857724973145496,0.5840484274874153,0.5840624044051227,2.220446049250313e-15,1.6902797651493892e-28,14,14,1
alphatensor_rank23_transpose,1,wildcard,3,0.01,3.36658579209236,3.1804443524004027,1.1039355129728021,0.5857724973145496,0.5800143928413269,0.5801706915188863,2.0712958430993307e-15,2.1249792973999647e-28,14,14,1
alphatensor_rank23_transpose,1,wildcard,3,0.03,3.36658579209236,3.1804443524004027,1.1039355129728021,0.5857724973145496,0.5684103200806812,0.5698468080247011,4.69692087049511e-15,6.108418106050015e-28,14,14,1
alphatensor_rank23_transpose,1,wildcard,3,0.05,3.36658579209236,3.1804443524004027,1.1039355129728021,0.5857724973145496,0.5567070241481552,0.5607997009475153,3.7841573819884486e-15,3.8355531547023538e-28,14,14,1
alphatensor_rank23_transpose,1,wildcard,4,0.001,3.3891924660123927,3.2405837390531333,0.992593875590405,0.5857724973145496,0.5851505559013612,0.5851527544927919,2.3314683517128287e-15,2.262568308864471e-28,14,14,1
alphatensor_rank23_transpose,1,wildcard,4,0.003,3.3891924660123927,3.2405837390531333,0.992593875590405,0.5857724973145496,0.5839040946786951,0.5839238509990116,1.9687713332934438e-15,2.2080899205732007e-28,14,14,1
alphatensor_rank23_transpose,1,wildcard,4,0.01,3.3891924660123927,3.2405837390531333,0.992593875590405,0.5857724973145496,0.5795156341301834,0.5797340163718921,3.219646771412954e-15,1.9675676871010458e-28,14,14,1
alphatensor_rank23_transpose,1,wildcard,4,0.03,3.3891924660123927,3.2405837390531333,0.992593875590405,0.5857724973145496,0.5667822405372658,0.5687239448932908,2.407228298260098e-15,2.371870895188016e-28,14,14,1
alphatensor_rank23_transpose,1,wildcard,4,0.05,3.3891924660123927,3.2405837390531333,0.992593875590405,0.5857724973145496,0.5538122821528793,0.5591618486954876,2.1286923111385928e-15,2.224501745321695e-28,14,14,1
alphatensor_rank23_transpose,1,wildcard,5,0.001,3.549167950398042,3.390711090674132,1.0486522015006121,0.5857724973145496,0.5852841841860712,0.5852898942773698,2.220446049250313e-15,2.2203473497845725e-28,14,14,1
alphatensor_rank23_transpose,1,wildcard,5,0.003,3.549167950398042,3.390711090674132,1.0486522015006121,0.5857724973145496,0.584306055873912,0.5843575074484908,3.3306690738754696e-15,2.3244810255916017e-28,14,14,1
alphatensor_rank23_transpose,1,wildcard,5,0.01,3.549167950398042,3.390711090674132,1.0486522015006121,0.5857724973145496,0.5808674988903437,0.5814414114663532,2.3544766768779344e-15,1.895372855419325e-28,14,14,1
alphatensor_rank23_transpose,1,wildcard,5,0.03,3.549167950398042,3.390711090674132,1.0486522015006121,0.5857724973145496,0.5709279951966035,0.5761390800215066,3.915274848729204e-15,5.132958814859836e-28,14,14,1
alphatensor_rank23_transpose,1,wildcard,5,0.05,3.549167950398042,3.390711090674132,1.0486522015006121,0.5857724973145496,0.5608464856158589,0.5753966139103656,1.6697818204784336e-15,1.5917202740221684e-28,14,14,1
alphatensor_rank23_transpose,1,wildcard,6,0.001,2.8563426158914234,2.743386828871255,0.795312420708478,0.5857724973145496,0.5852188919051409,0.5852199588034036,1.9747975340233733e-15,2.0472862849997647e-28,14,14,1
alphatensor_rank23_transpose,1,wildcard,6,0.003,2.8563426158914234,2.743386828871255,0.795312420708478,0.5857724973145496,0.5841099118852943,0.5841195123919373,2.6245299117612957e-15,2.1871743383352155e-28,14,14,1
alphatensor_rank23_transpose,1,wildcard,6,0.01,2.8563426158914234,2.743386828871255,0.795312420708478,0.5857724973145496,0.5802106966694295,0.5803173830858651,2.220446049250313e-15,1.841385857784148e-28,14,14,1
alphatensor_rank23_transpose,1,wildcard,6,0.03,2.8563426158914234,2.743386828871255,0.795312420708478,0.5857724973145496,0.5689355215544853,0.5699022568279103,1.9984014443252818e-15,1.4710035995672525e-28,14,14,1
alphatensor_rank23_transpose,1,wildcard,6,0.05,2.8563426158914234,2.743386828871255,0.795312420708478,0.5857724973145496,0.557498124998392,0.5602305052782266,2.0656721282110527e-15,2.1973337487688264e-28,14,14,1
alphatensor_rank23_transpose,1,wildcard,7,0.001,4.1679746726330675,3.8849022256258468,1.5098170647591937,0.5857724973145496,0.585083033864203,0.5850915467908199,2.900447822075081e-15,2.4843152713988524e-28,14,14,1
alphatensor_rank23_transpose,1,wildcard,7,0.003,4.1679746726330675,3.8849022256258468,1.5098170647591937,0.5857724973145496,0.5837000231647689,0.5837767621852205,2.699094993322025e-15,2.2488448599445233e-28,14,14,1
alphatensor_rank23_transpose,1,wildcard,7,0.01,4.1679746726330675,3.8849022256258468,1.5098170647591937,0.5857724973145496,0.5788185440749488,0.5796758422944467,2.978427884805986e-15,2.9024483097244266e-28,14,14,1
alphatensor_rank23_transpose,1,wildcard,7,0.03,4.1679746726330675,3.8849022256258468,1.5098170647591937,0.5857724973145496,0.5645621707804235,0.5723856215109303,2.6425676944827043e-15,2.4390195329291516e-28,14,14,1
alphatensor_rank23_transpose,1,wildcard,7,0.05,4.1679746726330675,3.8849022256258468,1.5098170647591937,0.5857724973145496,0.5499281624882748,0.571906444610428,3.114957146333795e-15,3.218492372848202e-28,14,14,1
alphatensor_rank23_transpose,1,wildcard,8,0.001,4.282036103399487,4.124487645984761,1.150840931204546,0.5857724973145496,0.5851287163045716,0.5851329482136972,2.3297956072237497e-15,1.9827873815589396e-28,14,14,1
alphatensor_rank23_transpose,1,wildcard,8,0.003,4.282036103399487,4.124487645984761,1.150840931204546,0.5857724973145496,0.5838382292931914,0.5838763478835409,3.400215018130652e-15,2.828295047587613e-28,14,14,1
alphatensor_rank23_transpose,1,wildcard,8,0.01,4.282036103399487,4.124487645984761,1.150840931204546,0.5857724973145496,0.5792923592406777,0.5797171733090618,3.5163726356189942e-15,2.3409476617523707e-28,14,14,1
alphatensor_rank23_transpose,1,wildcard,8,0.03,4.282036103399487,4.124487645984761,1.150840931204546,0.5857724973145496,0.5660865728774139,0.5699452678574226,1.9984014443252818e-15,1.345453557092479e-28,14,14,1
alphatensor_rank23_transpose,1,wildcard,8,0.05,4.282036103399487,4.124487645984761,1.150840931204546,0.5857724973145496,0.5526185238979452,0.5634383918770564,2.243628390266034e-15,1.3455229212550669e-28,14,14,1
alphatensor_rank23_transpose,1,wildcard,9,0.001,3.760738766552043,3.577639293978334,1.159160537815876,0.5857724973145496,0.5851458382914607,0.5851501273362155,2.1752415978330424e-15,2.091251775909889e-28,14,14,1
alphatensor_rank23_transpose,1,wildcard,9,0.003,3.760738766552043,3.577639293978334,1.159160537815876,0.5857724973145496,0.5838893804675415,0.583927994595483,2.220446049250313e-15,2.2570734043312006e-28,14,14,1
alphatensor_rank23_transpose,1,wildcard,9,0.01,3.760738766552043,3.577639293978334,1.159160537815876,0.5857724973145496,0.5794604068438355,0.579890048790924,2.4424906541753444e-15,1.5840305648500606e-28,14,14,1
alphatensor_rank23_transpose,1,wildcard,9,0.03,3.760738766552043,3.577639293978334,1.159160537815876,0.5857724973145496,0.566572472079339,0.5704629472419225,3.0103273734933185e-15,3.2982412096496246e-28,14,14,1
alphatensor_rank23_transpose,1,wildcard,9,0.05,3.760738766552043,3.577639293978334,1.159160537815876,0.5857724973145496,0.5534094309831475,0.564323855453646,1.7763568394002505e-15,1.5014841788937643e-28,14,14,1
alphatensor_rank23_transpose,1,wildcard,10,0.001,3.8361203340096113,3.544881654528882,1.46616277145022,0.5857724973145496,0.5852657166111214,0.5852754637986967,2.319062626660105e-15,2.0092629594868222e-28,14,14,1
alphatensor_rank23_transpose,1,wildcard,10,0.003,3.8361203340096113,3.544881654528882,1.46616277145022,0.5857724973145496,0.5842509637940714,0.5843388405219133,2.0432842797678346e-15,1.7741234664052083e-28,14,14,1
alphatensor_rank23_transpose,1,wildcard,10,0.01,3.8361203340096113,3.544881654528882,1.46616277145022,0.5857724973145496,0.5806872695107608,0.5816690607753539,2.965211375294711e-15,3.239824623913982e-28,14,14,1
alphatensor_rank23_transpose,1,wildcard,10,0.03,3.8361203340096113,3.544881654528882,1.46616277145022,0.5857724973145496,0.5704122732094872,0.57934381635908,4.723137366984219e-15,6.396333198045071e-28,14,14,1
alphatensor_rank23_transpose,1,wildcard,10,0.05,3.8361203340096113,3.544881654528882,1.46616277145022,0.5857724973145496,0.5600216452415883,0.5849126600153207,2.6645352591003757e-15,3.303094012171158e-28,14,14,1
alphatensor_rank23_transpose,1,wildcard,11,0.001,3.069208626620588,2.8893704300634675,1.0351715372811852,0.5857724973145496,0.585210540501359,0.5852120186258459,2.2685849330736886e-15,1.700540603257108e-28,14,14,1
alphatensor_rank23_transpose,1,wildcard,11,0.003,3.069208626620588,2.8893704300634675,1.0351715372811852,0.5857724973145496,0.5840845690924275,0.5840978624047872,2.2436457193859894e-15,1.8384375087937314e-28,14,14,1
alphatensor_rank23_transpose,1,wildcard,11,0.01,3.069208626620588,2.8893704300634675,1.0351715372811852,0.5857724973145496,0.5801230482992813,0.5802704386873254,2.3314683517128287e-15,2.2241899291001465e-28,14,14,1
alphatensor_rank23_transpose,1,wildcard,11,0.03,3.069208626620588,2.8893704300634675,1.0351715372811852,0.5857724973145496,0.5686493922091888,0.5699731356963886,4.295726517896596e-15,5.0832039592299535e-28,14,14,1
alphatensor_rank23_transpose,1,wildcard,11,0.05,3.069208626620588,2.8893704300634675,1.0351715372811852,0.5857724973145496,0.5569893979064843,0.5606813268476404,2.55351295663786e-15,1.4539139426183717e-28,14,14,1
alphatensor_rank23_transpose,1,wildcard,12,0.001,3.998217506026687,3.7423932970148326,1.4072084550473363,0.5857724973145496,0.5851533399648738,0.5851594164133329,1.9984014443252818e-15,1.7867198520629584e-28,14,14,1
alphatensor_rank23_transpose,1,wildcard,12,0.003,3.998217506026687,3.7423932970148326,1.4072084550473363,0.5857724973145496,0.5839128880452177,0.5839676505230241,1.6653345369377348e-15,1.5788213564282804e-28,14,14,1
alphatensor_rank23_transpose,1,wildcard,12,0.01,3.998217506026687,3.7423932970148326,1.4072084550473363,0.5857724973145496,0.5795502687319127,0.5801615990904194,2.560685241155586e-15,2.090991041648952e-28,14,14,1
alphatensor_rank23_transpose,1,wildcard,12,0.03,3.998217506026687,3.7423932970148326,1.4072084550473363,0.5857724973145496,0.5669357367015633,0.5725077630231188,3.1086244689504383e-15,2.9986707757965997e-28,14,14,1
alphatensor_rank23_transpose,1,wildcard,12,0.05,3.998217506026687,3.7423932970148326,1.4072084550473363,0.5857724973145496,0.5541586037277652,0.5698156800751583,3.569319733835217e-15,3.60853097685408e-28,14,14,1
alphatensor_rank23_transpose,1,wildcard,13,0.001,3.1252581730489486,2.997223474775178,0.8853756775888201,0.5857724973145496,0.5852186244939812,0.5852200929993451,2.9946264306461415e-15,2.4064268923028127e-28,14,14,1
alphatensor_rank23_transpose,1,wildcard,13,0.003,3.1252581730489486,2.997223474775178,0.8853756775888201,0.5857724973145496,0.5841096050389525,0.584122834527231,2.6645352591003757e-15,2.6239855153356173e-28,14,14,1
alphatensor_rank23_transpose,1,wildcard,13,0.01,3.1252581730489486,2.997223474775178,0.8853756775888201,0.5857724973145496,0.5802150480485992,0.5803625874963902,2.4424906541753444e-15,1.7954888293599518e-28,14,14,1
alphatensor_rank23_transpose,1,wildcard,13,0.03,3.1252581730489486,2.997223474775178,0.8853756775888201,0.5857724973145496,0.5689854270441423,0.5703309174861603,3.0071050182596736e-15,2.407473984720552e-28,14,14,1
alphatensor_rank23_transpose,1,wildcard,13,0.05,3.1252581730489486,2.997223474775178,0.8853756775888201,0.5857724973145496,0.5576240773331698,0.5614286280957296,2.866008232313302e-15,3.555803654806363e-28,14,14,1
alphatensor_rank23_transpose,1,wildcard,14,0.001,3.244889382535941,3.0862960960379118,1.0020396760985173,0.5857724973145496,0.5851920916711981,0.5851961736880866,2.5404489924714234e-15,2.1403223132167104e-28,14,14,1
alphatensor_rank23_transpose,1,wildcard,14,0.003,3.244889382535941,3.0862960960379118,1.0020396760985173,0.5857724973145496,0.5840296215066804,0.5840664317792593,2.2235676006541053e-15,1.7691933497131236e-28,14,14,1
alphatensor_rank23_transpose,1,wildcard,14,0.01,3.244889382535941,3.0862960960379118,1.0020396760985173,0.5857724973145496,0.5799439578760835,0.5803557390623912,2.4424906541753444e-15,2.082907154162852e-28,14,14,1
alphatensor_rank23_transpose,1,wildcard,14,0.03,3.244889382535941,3.0862960960379118,1.0020396760985173,0.5857724973145496,0.568134026007406,0.571909235715273,3.5287054180712167e-15,4.064543562023539e-28,14,14,1
alphatensor_rank23_transpose,1,wildcard,14,0.05,3.244889382535941,3.0862960960379118,1.0020396760985173,0.5857724973145496,0.5561418034117331,0.5668105716836024,1.6775078715882962e-15,1.3828045952028613e-28,14,14,1
alphatensor_rank23_transpose,1,wildcard,15,0.001,3.4968617156512787,3.266504866760287,1.2481938206139969,0.5857724973145496,0.5852126384671876,0.5852210129163744,2.880291280616847e-15,2.0900382680402063e-28,14,14,1
alphatensor_rank23_transpose,1,wildcard,15,0.003,3.4968617156512787,3.266504866760287,1.2481938206139969,0.5857724973145496,0.5840908019235923,0.584166286939762,2.2496158969850864e-15,2.0370262592427947e-28,14,14,1
alphatensor_rank23_transpose,1,wildcard,15,0.01,3.4968617156512787,3.266504866760287,1.2481938206139969,0.5857724973145496,0.5801427687963444,0.5809856523056594,4.0698024953097994e-15,2.822405260676907e-28,14,14,1
alphatensor_rank23_transpose,1,wildcard,15,0.03,3.4968617156512787,3.266504866760287,1.2481938206139969,0.5857724973145496,0.5686924133447787,0.5763602728428499,4.253525428514947e-15,3.7551725386790978e-28,14,14,1
alphatensor_rank23_transpose,1,wildcard,15,0.05,3.4968617156512787,3.266504866760287,1.2481938206139969,0.5857724973145496,0.5570221933969738,0.5784424901723931,2.606971298152321e-15,1.5724812892116266e-28,14,14,1
alphatensor_rank23_transpose,1,wildcard,16,0.001,4.06126938909663,3.8042119768092095,1.4219283689112765,0.5857724973145496,0.5851696863584788,0.5851727941641959,1.9210473197645124e-15,1.972067177214201e-28,14,14,1
alphatensor_rank23_transpose,1,wildcard,16,0.003,4.06126938909663,3.8042119768092095,1.4219283689112765,0.5857724973145496,0.5839622757162984,0.5839903043491715,2.6645352591003757e-15,2.1148917115792755e-28,14,14,1
alphatensor_rank23_transpose,1,wildcard,16,0.01,4.06126938909663,3.8042119768092095,1.4219283689112765,0.5857724973145496,0.5797183179506107,0.5800320337361546,2.548720830635051e-15,3.0955456923779114e-28,14,14,1
alphatensor_rank23_transpose,1,wildcard,16,0.03,4.06126938909663,3.8042119768092095,1.4219283689112765,0.5857724973145496,0.5674548599297242,0.5703378908249319,1.7296735747324838e-15,1.0523011948786275e-28,14,14,1
alphatensor_rank23_transpose,1,wildcard,16,0.05,4.06126938909663,3.8042119768092095,1.4219283689112765,0.5857724973145496,0.5550197967112306,0.563194681405445,2.2165993165872385e-15,1.7775881845643502e-28,14,14,1
alphatensor_rank23_transpose,1,wildcard,17,0.001,3.8828101506900587,3.6220709789526784,1.3988625699941148,0.5857724973145496,0.5852157920001008,0.5852217966242992,2.079156516154317e-15,1.709104284429279e-28,14,14,1
alphatensor_rank23_transpose,1,wildcard,17,0.003,3.8828101506900587,3.6220709789526784,1.3988625699941148,0.5857724973145496,0.5841003733552035,0.5841545125665631,2.214981949713068e-15,1.6658663720288607e-28,14,14,1
alphatensor_rank23_transpose,1,wildcard,17,0.01,3.8828101506900587,3.6220709789526784,1.3988625699941148,0.5857724973145496,0.5801758512279614,0.5807810139144695,2.55351295663786e-15,2.2702007203280804e-28,14,14,1
alphatensor_rank23_transpose,1,wildcard,17,0.03,3.8828101506900587,3.6220709789526784,1.3988625699941148,0.5857724973145496,0.5687988206254336,0.5743232851402305,2.4647773683352655e-15,1.7136522695211455e-28,14,14,1
alphatensor_rank23_transpose,1,wildcard,17,0.05,3.8828101506900587,3.6220709789526784,1.3988625699941148,0.5857724973145496,0.5572044489461633,0.5726992631520238,2.507607717123209e-15,2.8330209280312415e-28,14,14,1
alphatensor_rank23_transpose,1,wildcard,18,0.001,3.8821749270072203,3.6075173671549443,1.4342596032653845,0.5857724973145496,0.585197663244797,0.5852030441615838,2.5597870539956253e-15,2.1406069463167992e-28,14,14,1
alphatensor_rank23_transpose,1,wildcard,18,0.003,3.8821749270072203,3.6075173671549443,1.4342596032653845,0.5857724973145496,0.5840457975008133,0.5840942444131291,1.834403051110141e-15,1.7490647709609294e-28,14,14,1
alphatensor_rank23_transpose,1,wildcard,18,0.01,3.8821749270072203,3.6075173671549443,1.4342596032653845,0.5857724973145496,0.5799927094095477,0.5805316832592893,2.4424906541753444e-15,2.299578140920024e-28,14,14,1
alphatensor_rank23_transpose,1,wildcard,18,0.03,3.8821749270072203,3.6075173671549443,1.4342596032653845,0.5857724973145496,0.568260392807002,0.5731236035895333,3.060368065853936e-15,2.61974811132545e-28,14,14,1
alphatensor_rank23_transpose,1,wildcard,18,0.05,3.8821749270072203,3.6075173671549443,1.4342596032653845,0.5857724973145496,0.5563661987168966,0.5698852475008453,2.3725253062093387e-15,2.067308935911431e-28,14,14,1
alphatensor_rank23_transpose,1,wildcard,19,0.001,3.0298922785111735,2.9319692964266206,0.764070195854556,0.5857724973145496,0.5851798234681227,0.5851822600051334,2.0803485816799793e-15,1.6402468090630483e-28,14,14,1
alphatensor_rank23_transpose,1,wildcard,19,0.003,3.0298922785111735,2.9319692964266206,0.764070195854556,0.5857724973145496,0.5839932215152837,0.5840151881428861,2.304131417947951e-15,2.0130582352612643e-28,14,14,1
alphatensor_rank23_transpose,1,wildcard,19,0.01,3.0298922785111735,2.9319692964266206,0.764070195854556,0.5857724973145496,0.5798273540970903,0.5800729309552523,3.3651174608904873e-15,2.267317676677934e-28,14,14,1
alphatensor_rank23_transpose,1,wildcard,19,0.03,3.0298922785111735,2.9319692964266206,0.764070195854556,0.5857724973145496,0.56782494061439,0.5700765494296126,2.1094237467877974e-15,2.734162569264606e-28,14,14,1
alphatensor_rank23_transpose,1,wildcard,19,0.05,3.0298922785111735,2.9319692964266206,0.764070195854556,0.5857724973145496,0.5556948584983037,0.5620774686339199,2.4424906541753444e-15,1.5682639024937326e-28,14,14,1
alphatensor_rank23_transpose,1,wildcard,20,0.001,3.1603841239810477,2.9145161551357512,1.2221388597717415,0.5857724973145496,0.5852244925832714,0.5852281579859064,3.534841232192855e-15,2.7117714527141727e-28,14,14,1
alphatensor_rank23_transpose,1,wildcard,20,0.003,3.1603841239810477,2.9145161551357512,1.2221388597717415,0.5857724973145496,0.5841269932408124,0.5841600368055191,2.5220759103100307e-15,2.4688852921294434e-28,14,14,1
alphatensor_rank23_transpose,1,wildcard,20,0.01,3.1603841239810477,2.9145161551357512,1.2221388597717415,0.5857724973145496,0.580270639003366,0.5806399115906576,2.370637137801037e-15,2.8057446031549966e-28,14,14,1
alphatensor_rank23_transpose,1,wildcard,20,0.03,3.1603841239810477,2.9145161551357512,1.2221388597717415,0.5857724973145496,0.5691352287303684,0.5725120001229734,3.961993455533067e-15,6.564344479617485e-28,14,14,1
alphatensor_rank23_transpose,1,wildcard,20,0.05,3.1603841239810477,2.9145161551357512,1.2221388597717415,0.5857724973145496,0.5578519205681006,0.567374841371036,3.837349442956547e-15,2.950020752967714e-28,14,14,1
alphatensor_rank23_transpose,1,wildcard,21,0.001,3.2778801887263476,3.1341147252529047,0.9601163578429388,0.5857724973145496,0.5852016897838295,0.5852082261117856,2.5147609580716387e-15,2.24021667296609e-28,14,14,1
alphatensor_rank23_transpose,1,wildcard,21,0.003,3.2778801887263476,3.1341147252529047,0.9601163578429388,0.5857724973145496,0.5840574840114605,0.5841163464274339,2.9976021664879227e-15,1.8785356438279987e-28,14,14,1
alphatensor_rank23_transpose,1,wildcard,21,0.01,3.2778801887263476,3.1341147252529047,0.9601163578429388,0.5857724973145496,0.5800272609189842,0.5806825811591217,2.8186795231464107e-15,2.48653365928881e-28,14,14,1
alphatensor_rank23_transpose,1,wildcard,21,0.03,3.2778801887263476,3.1341147252529047,0.9601163578429388,0.5857724973145496,0.5683305614200028,0.5742537548416995,3.712949569050414e-15,4.52507770152653e-28,14,14,1
alphatensor_rank23_transpose,1,wildcard,21,0.05,3.2778801887263476,3.1341147252529047,0.9601163578429388,0.5857724973145496,0.5564362406345441,0.5729209611068553,2.2599361647757475e-15,2.8237911458550857e-28,14,14,1
alphatensor_rank23_transpose,1,wildcard,22,0.001,2.998121916007385,2.860610943553179,0.8975745388922208,0.5857724973145496,0.5851877671446714,0.5851895173967044,1.9177404523710893e-15,1.9586137856401526e-28,14,14,1
alphatensor_rank23_transpose,1,wildcard,22,0.003,2.998121916007385,2.860610943553179,0.8975745388922208,0.5857724973145496,0.5840161592612536,0.5840319021055642,1.7763568394002505e-15,1.9429266983857596e-28,14,14,1
alphatensor_rank23_transpose,1,wildcard,22,0.01,2.998121916007385,2.860610943553179,0.8975745388922208,0.5857724973145496,0.5798939281539853,0.5800685598246265,2.59292809602145e-15,2.1368398287120514e-28,14,14,1
alphatensor_rank23_transpose,1,wildcard,22,0.03,2.998121916007385,2.860610943553179,0.8975745388922208,0.5857724973145496,0.5679517995899698,0.5695221558286608,2.972252293007448e-15,2.785711660553537e-28,14,14,1
alphatensor_rank23_transpose,1,wildcard,22,0.05,2.998121916007385,2.860610943553179,0.8975745388922208,0.5857724973145496,0.5558080280991204,0.5601932568205907,2.4597589856455605e-15,2.003121089155219e-28,14,14,1
alphatensor_rank23_transpose,1,wildcard,23,0.001,3.992183035836969,3.694150085902089,1.5135324689130627,0.5857724973145496,0.5851397701420872,0.5851450397524399,2.1167605864244296e-15,1.8613966135469472e-28,14,14,1
alphatensor_rank23_transpose,1,wildcard,23,0.003,3.992183035836969,3.694150085902089,1.5135324689130627,0.5857724973145496,0.5838716886040178,0.5839191071189058,1.9984014443252818e-15,1.9507512707590674e-28,14,14,1
alphatensor_rank23_transpose,1,wildcard,23,0.01,3.992183035836969,3.694150085902089,1.5135324689130627,0.5857724973145496,0.5794073148325601,0.579933778088494,2.7504483534040064e-15,2.8741012660461112e-28,14,14,1
alphatensor_rank23_transpose,1,wildcard,23,0.03,3.992183035836969,3.694150085902089,1.5135324689130627,0.5857724973145496,0.5664621452525453,0.5711816938976626,2.3758180770897536e-15,2.52282857506124e-28,14,14,1
alphatensor_rank23_transpose,1,wildcard,23,0.05,3.992183035836969,3.694150085902089,1.5135324689130627,0.5857724973145496,0.5533062467107402,0.5663300130069683,2.3314683517128287e-15,2.4523727104853734e-28,14,14,1
alphatensor_rank23_transpose,1,wildcard,24,0.001,3.1572367973537436,2.973884112502637,1.060262929640062,0.5857724973145496,0.5851910777534013,0.5851942040598568,3.1086244689504383e-15,2.065287807527259e-28,14,14,1
alphatensor_rank23_transpose,1,wildcard,24,0.003,3.1572367973537436,2.973884112502637,1.060262929640062,0.5857724973145496,0.5840267642630766,0.5840549155669944,2.4424906541753444e-15,2.25312190257121e-28,14,14,1
alphatensor_rank23_transpose,1,wildcard,24,0.01,3.1572367973537436,2.973884112502637,1.060262929640062,0.5857724973145496,0.5799365758881879,0.5802499347241653,2.335961885785449e-15,2.3848129974404806e-28,14,14,1
alphatensor_rank23_transpose,1,wildcard,24,0.03,3.1572367973537436,2.973884112502637,1.060262929640062,0.5857724973145496,0.5681300147575766,0.5709651538819784,4.537314790694912e-15,3.2141021862445676e-28,14,14,1
alphatensor_rank23_transpose,1,wildcard,24,0.05,3.1572367973537436,2.973884112502637,1.060262929640062,0.5857724973145496,0.5561649037928137,0.5640855630018254,3.984605442626886e-15,3.4345619400326916e-28,14,14,1
alphatensor_rank23_transpose,1,wildcard,25,0.001,3.544464945477367,3.338727403525793,1.1900130565097995,0.5857724973145496,0.5851786642591565,0.5851803274307634,2.1939926117501024e-15,1.9498540572643452e-28,14,14,1
alphatensor_rank23_transpose,1,wildcard,25,0.003,3.544464945477367,3.338727403525793,1.1900130565097995,0.5857724973145496,0.583988587728032,0.5840035386984537,2.5634119191262175e-15,2.3504546433156226e-28,14,14,1
alphatensor_rank23_transpose,1,wildcard,25,0.01,3.544464945477367,3.338727403525793,1.1900130565097995,0.5857724973145496,0.5797992142783749,0.5799647419237196,2.717031359752971e-15,2.528628365591743e-28,14,14,1
alphatensor_rank23_transpose,1,wildcard,25,0.03,3.544464945477367,3.338727403525793,1.1900130565097995,0.5857724973145496,0.5676492750296456,0.5691307002510925,3.810821040506442e-15,4.493119891702543e-28,14,14,1
alphatensor_rank23_transpose,1,wildcard,25,0.05,3.544464945477367,3.338727403525793,1.1900130565097995,0.5857724973145496,0.5552840859487819,0.5594063964282563,3.147110764002905e-15,3.0360834245797854e-28,14,14,1
alphatensor_rank23_transpose,1,wildcard,26,0.001,3.4908684848073754,3.3328889289058936,1.0382746100131055,0.5857724973145496,0.5850987740244706,0.5850999049187121,2.4424906541753444e-15,2.1176419425011777e-28,14,14,1
alphatensor_rank23_transpose,1,wildcard,26,0.003,3.4908684848073754,3.3328889289058936,1.0382746100131055,0.5857724973145496,0.5837487986411809,0.5837589617780841,2.6645352591003757e-15,2.5943011495127466e-28,14,14,1
alphatensor_rank23_transpose,1,wildcard,26,0.01,3.4908684848073754,3.3328889289058936,1.0382746100131055,0.5857724973145496,0.57899869182166,0.5791111931774899,3.5172269902028196e-15,2.666638794858204e-28,14,14,1
alphatensor_rank23_transpose,1,wildcard,26,0.03,3.4908684848073754,3.3328889289058936,1.0382746100131055,0.5857724973145496,0.5652405545680856,0.5662549224800004,2.6645352591003757e-15,1.7970306131000784e-28,14,14,1
alphatensor_rank23_transpose,1,wildcard,26,0.05,3.4908684848073754,3.3328889289058936,1.0382746100131055,0.5857724973145496,0.5512642784956557,0.554145796495758,2.688688700185525e-15,2.0736321117339333e-28,14,14,1
alphatensor_rank23_transpose,1,wildcard,27,0.001,3.4553663757833117,3.234674475047227,1.2150875817700764,0.5857724973145496,0.5851736399969825,0.5851765540967167,2.1094237467877974e-15,1.9085350080841501e-28,14,14,1
alphatensor_rank23_transpose,1,wildcard,27,0.003,3.4553663757833117,3.234674475047227,1.2150875817700764,0.5857724973145496,0.5839741820792052,0.5840004775448565,2.878671625742907e-15,1.8581454524110683e-28,14,14,1
alphatensor_rank23_transpose,1,wildcard,27,0.01,3.4553663757833117,3.234674475047227,1.2150875817700764,0.5857724973145496,0.579758560893514,0.580053485726314,5.339503050081238e-15,5.627324551422221e-28,14,14,1
alphatensor_rank23_transpose,1,wildcard,27,0.03,3.4553663757833117,3.234674475047227,1.2150875817700764,0.5857724973145496,0.5675817712505269,0.5703139746984284,3.1086244689504383e-15,2.473218224403854e-28,14,14,1
alphatensor_rank23_transpose,1,wildcard,27,0.05,3.4553663757833117,3.234674475047227,1.2150875817700764,0.5857724973145496,0.5552474860403399,0.5630861352452562,3.906935354256885e-15,1.6103691357139018e-28,14,14,1
alphatensor_rank23_transpose,1,wildcard,28,0.001,3.695710358835131,3.4803383025843075,1.2431895897110303,0.5857724973145496,0.585242039929076,0.5852561205245707,2.4424906541753444e-15,1.7599253054962607e-28,14,14,1
alphatensor_rank23_transpose,1,wildcard,28,0.003,3.695710358835131,3.4803383025843075,1.2431895897110303,0.5857724973145496,0.5841787211452398,0.5843055536090317,5.727954888953503e-15,7.398317164330654e-28,14,14,1
alphatensor_rank23_transpose,1,wildcard,28,0.01,3.695710358835131,3.4803383025843075,1.2431895897110303,0.5857724973145496,0.580433296543834,0.5818457077064861,4.458321699777095e-15,3.4254455164939623e-28,14,14,1
alphatensor_rank23_transpose,1,wildcard,28,0.03,3.695710358835131,3.4803383025843075,1.2431895897110303,0.5857724973145496,0.5695591311869023,0.5822718517061642,2.0959747251364547e-15,1.6033808964380531e-28,14,14,1
alphatensor_rank23_transpose,1,wildcard,28,0.05,3.695710358835131,3.4803383025843075,1.2431895897110303,0.5857724973145496,0.5584893179680916,0.593475769646002,4.3320578679412474e-15,6.0534779469447075e-28,14,14,1
alphatensor_rank23_transpose,1,wildcard,29,0.001,4.070375118633267,3.737919895719019,1.6111823172989148,0.5857724973145496,0.5852044147210206,0.5852162208803134,1.7763568394002505e-15,1.4994782557182743e-28,14,14,1
alphatensor_rank23_transpose,1,wildcard,29,0.003,4.070375118633267,3.737919895719019,1.6111823172989148,0.5857724973145496,0.584067118959852,0.5841734317129964,2.1912413655082542e-15,2.2035316096761443e-28,14,14,1
alphatensor_rank23_transpose,1,wildcard,29,0.01,4.070375118633267,3.737919895719019,1.6111823172989148,0.5857724973145496,0.5800753259959199,0.5812580008337217,1.7763568394002505e-15,1.865874514367621e-28,14,14,1
alphatensor_rank23_transpose,1,wildcard,29,0.03,4.070375118633267,3.737919895719019,1.6111823172989148,0.5857724973145496,0.5685875665009985,0.5792052076252016,1.6950861512416527e-15,1.3602857931867814e-28,14,14,1
alphatensor_rank23_transpose,1,wildcard,29,0.05,4.070375118633267,3.737919895719019,1.6111823172989148,0.5857724973145496,0.5570061792778136,0.5861751033366289,3.890480337080834e-15,5.125500432858292e-28,14,14,1
alphatensor_rank23_transpose,1,wildcard,30,0.001,3.420833615212539,3.212961923116181,1.1742990690508381,0.5857724973145496,0.5853204735540946,0.5853247716656129,2.0231426351587325e-15,1.5967094449795865e-28,14,14,1
alphatensor_rank23_transpose,1,wildcard,30,0.003,3.420833615212539,3.212961923116181,1.1742990690508381,0.5857724973145496,0.5844156327410408,0.5844543541025448,2.3314683517128287e-15,1.902414663216081e-28,14,14,1
alphatensor_rank23_transpose,1,wildcard,30,0.01,3.420833615212539,3.212961923116181,1.1742990690508381,0.5857724973145496,0.5812405170795858,0.5816721370701119,3.0220168913019967e-15,3.0074359763147456e-28,14,14,1
alphatensor_rank23_transpose,1,wildcard,30,0.03,3.420833615212539,3.212961923116181,1.1742990690508381,0.5857724973145496,0.572102444320973,0.5760138575688669,3.4546025543494995e-15,4.148631098614966e-28,14,14,1
alphatensor_rank23_transpose,1,wildcard,30,0.05,3.420833615212539,3.212961923116181,1.1742990690508381,0.5857724973145496,0.5628745326649435,0.573776803306972,2.0727391804838833e-15,1.2963683737022016e-28,14,14,1
alphatensor_rank23_transpose,1,wildcard,31,0.001,3.8492209112612055,3.679340203516168,1.1309099391552568,0.5857724973145496,0.5851004041194922,0.5851031590623206,2.6645352591003757e-15,2.113225412534591e-28,14,14,1
alphatensor_rank23_transpose,1,wildcard,31,0.003,3.8492209112612055,3.679340203516168,1.1309099391552568,0.5857724973145496,0.5837529954343199,0.5837777357586637,2.0761162393524945e-15,2.010411195817839e-28,14,14,1
alphatensor_rank23_transpose,1,wildcard,31,0.01,3.8492209112612055,3.679340203516168,1.1309099391552568,0.5857724973145496,0.5790052103334051,0.579278134905173,1.9984014443252818e-15,1.832248811058671e-28,14,14,1
alphatensor_rank23_transpose,1,wildcard,31,0.03,3.8492209112612055,3.679340203516168,1.1309099391552568,0.5857724973145496,0.5652079664471412,0.5676231359143403,2.944503383850446e-15,4.265612678866406e-28,14,14,1
alphatensor_rank23_transpose,1,wildcard,31,0.05,3.8492209112612055,3.679340203516168,1.1309099391552568,0.5857724973145496,0.5511411596629114,0.557769903324181,3.0853373910148016e-15,3.746869444125902e-28,14,14,1
alphatensor_rank23_transpose,1,wildcard,32,0.001,2.8700700396723207,2.714127690966767,0.9331735689313543,0.5857724973145496,0.5852475752945161,0.5852501835125531,2.886579864025407e-15,2.58658981604408e-28,14,14,1
alphatensor_rank23_transpose,1,wildcard,32,0.003,2.8700700396723207,2.714127690966767,0.9331735689313543,0.5857724973145496,0.5841963292597974,0.5842198305958023,1.887379141862766e-15,1.8966467378383182e-28,14,14,1
alphatensor_rank23_transpose,1,wildcard,32,0.01,2.8700700396723207,2.714127690966767,0.9331735689313543,0.5857724973145496,0.5805027337601362,0.5807649456559455,1.9984014443252818e-15,2.110601300592402e-28,14,14,1
alphatensor_rank23_transpose,1,wildcard,32,0.03,2.8700700396723207,2.714127690966767,0.9331735689313543,0.5857724973145496,0.5698385594168479,0.5722280941948727,2.55351295663786e-15,3.0523428572654407e-28,14,14,1
alphatensor_rank23_transpose,1,wildcard,32,0.05,2.8700700396723207,2.714127690966767,0.9331735689313543,0.5857724973145496,0.5590325849566544,0.5657602934782052,3.3306690738754696e-15,3.534283025780251e-28,14,14,1
alphatensor_rank23_transpose,1,wildcard,33,0.001,3.3628964339052296,3.167923336316645,1.128421091788405,0.5857724973145496,0.5852054013817125,0.5852076278067213,3.1190440150680854e-15,2.339197599131072e-28,14,14,1
alphatensor_rank23_transpose,1,wildcard,33,0.003,3.3628964339052296,3.167923336316645,1.128421091788405,0.5857724973145496,0.5840685362318848,0.58408856820391,2.0267802579825684e-15,2.143971415290145e-28,14,14,1
alphatensor_rank23_transpose,1,wildcard,33,0.01,3.3628964339052296,3.167923336316645,1.128421091788405,0.5857724973145496,0.5800626253243261,0.5802850807909418,3.833047280763825e-15,2.512020313177378e-28,14,14,1
alphatensor_rank23_transpose,1,wildcard,33,0.03,3.3628964339052296,3.167923336316645,1.128421091788405,0.5857724973145496,0.5684129079773219,0.5704204250825652,2.2527762079505987e-15,2.5536402551204414e-28,14,14,1
alphatensor_rank23_transpose,1,wildcard,33,0.05,3.3628964339052296,3.167923336316645,1.128421091788405,0.5857724973145496,0.5565129798427811,0.562143877367211,2.3484510532349146e-15,2.2521719830581374e-28,14,14,1
alphatensor_rank23_transpose,1,wildcard,34,0.001,3.1732022007672884,2.9590152441638216,1.1460545326294387,0.5857724973145496,0.585226200459063,0.5852289968278698,1.9984014443252818e-15,2.07577083726193e-28,14,14,1
alphatensor_rank23_transpose,1,wildcard,34,0.003,3.1732022007672884,2.9590152441638216,1.1460545326294387,0.5857724973145496,0.5841315300274386,0.5841567305253976,2.6748935883097777e-15,2.0508244743401357e-28,14,14,1
alphatensor_rank23_transpose,1,wildcard,34,0.01,3.1732022007672884,2.9590152441638216,1.1460545326294387,0.5857724973145496,0.5802791663725793,0.5805605037930208,2.5969573456984957e-15,2.4634330307531863e-28,14,14,1
alphatensor_rank23_transpose,1,wildcard,34,0.03,3.1732022007672884,2.9590152441638216,1.1460545326294387,0.5857724973145496,0.5691094883809773,0.5716787273368685,2.4997716374086386e-15,1.957642445781573e-28,14,14,1
alphatensor_rank23_transpose,1,wildcard,34,0.05,3.1732022007672884,2.9590152441638216,1.1460545326294387,0.5857724973145496,0.5577325771820459,0.5649839681226781,1.8334956946296155e-15,1.896575626912018e-28,14,14,1
alphatensor_rank23_transpose,1,wildcard,35,0.001,2.998017651067853,2.9466823239335036,0.5524247622366762,0.5857724973145496,0.5852394391849414,0.58524029822021,2.55351295663786e-15,2.0935133600546595e-28,14,14,1
alphatensor_rank23_transpose,1,wildcard,35,0.003,2.998017651067853,2.9466823239335036,0.5524247622366762,0.5857724973145496,0.584172186239325,0.5841799176156562,1.893210919561162e-15,1.7304134237332502e-28,14,14,1
alphatensor_rank23_transpose,1,wildcard,35,0.01,2.998017651067853,2.9466823239335036,0.5524247622366762,0.5857724973145496,0.5804251393673859,0.5805110617792625,2.0573022294707865e-15,1.806023544566255e-28,14,14,1
alphatensor_rank23_transpose,1,wildcard,35,0.03,2.998017651067853,2.9466823239335036,0.5524247622366762,0.5857724973145496,0.5696256128995545,0.5704006320777958,2.4069259085395437e-15,2.6306422808224716e-28,14,14,1
alphatensor_rank23_transpose,1,wildcard,35,0.05,2.998017651067853,2.9466823239335036,0.5524247622366762,0.5857724973145496,0.558700702735839,0.5608637382438517,1.9984014443252818e-15,1.1456271749922464e-28,14,14,1
alphatensor_rank23_transpose,1,wildcard,36,0.001,3.1723893725991394,3.046646438012165,0.8843075331171535,0.5857724973145496,0.5851600139582491,0.5851621226125701,2.1607596475092783e-15,1.7154606036160484e-28,14,14,1
alphatensor_rank23_transpose,1,wildcard,36,0.003,3.1723893725991394,3.046646438012165,0.8843075331171535,0.5857724973145496,0.5839326686034524,0.5839516518143435,1.9984014443252818e-15,1.9368157510852885e-28,14,14,1
alphatensor_rank23_transpose,1,wildcard,36,0.01,3.1723893725991394,3.046646438012165,0.8843075331171535,0.5857724973145496,0.5796133019408468,0.5798245294475138,2.203645982077971e-15,2.405535819778176e-28,14,14,1
alphatensor_rank23_transpose,1,wildcard,36,0.03,3.1723893725991394,3.046646438012165,0.8843075331171535,0.5857724973145496,0.5670979593452998,0.5690138367129857,2.220446049250313e-15,1.9030937950999076e-28,14,14,1
alphatensor_rank23_transpose,1,wildcard,36,0.05,3.1723893725991394,3.046646438012165,0.8843075331171535,0.5857724973145496,0.5543799604149144,0.5597710971872222,1.8905097923866206e-15,1.3548136371306716e-28,14,14,1
alphatensor_rank23_transpose,1,wildcard,37,0.001,3.033257032619806,2.883532968095627,0.9412150911683985,0.5857724973145496,0.5851811421393371,0.5851826800610822,2.7140794641881724e-15,1.850883120701699e-28,14,14,1
alphatensor_rank23_transpose,1,wildcard,37,0.003,3.033257032619806,2.883532968095627,0.9412150911683985,0.5857724973145496,0.5839962380195179,0.5840100773656531,2.4424906541753444e-15,1.9970223907665708e-28,14,14,1
alphatensor_rank23_transpose,1,wildcard,37,0.01,3.033257032619806,2.883532968095627,0.9412150911683985,0.5857724973145496,0.579827073497356,0.5799808653527627,2.1094237467877974e-15,1.6084362241258556e-28,14,14,1
alphatensor_rank23_transpose,1,wildcard,37,0.03,3.033257032619806,2.883532968095627,0.9412150911683985,0.5857724973145496,0.567749645604076,0.5691421361347496,2.2271293922981885e-15,1.550240063413174e-28,14,14,1
alphatensor_rank23_transpose,1,wildcard,37,0.05,3.033257032619806,2.883532968095627,0.9412150911683985,0.5857724973145496,0.5554739855797756,0.5594007977956784,1.9984014443252818e-15,1.2730577928575105e-28,14,14,1
alphatensor_rank23_transpose,1,wildcard,38,0.001,4.651019901363941,4.257273764422555,1.8728604373104918,0.5857724973145496,0.5849703208510229,0.5849798209510783,2.220446049250313e-15,1.873323515785007e-28,14,14,1
alphatensor_rank23_transpose,1,wildcard,38,0.003,4.651019901363941,4.257273764422555,1.8728604373104918,0.5857724973145496,0.5833627229553278,0.583448398361387,2.0694225822159512e-15,2.215398548883048e-28,14,14,1
alphatensor_rank23_transpose,1,wildcard,38,0.01,4.651019901363941,4.257273764422555,1.8728604373104918,0.5857724973145496,0.5777032379774112,0.5786615313762556,4.3801278369017425e-15,6.617247404537459e-28,14,14,1
alphatensor_rank23_transpose,1,wildcard,38,0.03,4.651019901363941,4.257273764422555,1.8728604373104918,0.5857724973145496,0.5612768836456481,0.5700270250927189,2.080199554273313e-15,2.097466843224242e-28,14,14,1
alphatensor_rank23_transpose,1,wildcard,38,0.05,4.651019901363941,4.257273764422555,1.8728604373104918,0.5857724973145496,0.5445212159991388,0.5690054618545213,2.55351295663786e-15,2.179573555702569e-28,14,14,1
alphatensor_rank23_transpose,1,wildcard,39,0.001,3.4915466664705823,3.314497831322961,1.097725944986828,0.5857724973145496,0.5851231306404063,0.5851270808113334,2.712564130334877e-15,2.3979275965466607e-28,14,14,1
alphatensor_rank23_transpose,1,wildcard,39,0.003,3.4915466664705823,3.314497831322961,1.097725944986828,0.5857724973145496,0.5838220073484486,0.5838576216242399,2.029509332762599e-15,1.9740141400839408e-28,14,14,1
alphatensor_rank23_transpose,1,wildcard,39,0.01,3.4915466664705823,3.314497831322961,1.097725944986828,0.5857724973145496,0.5792441920055829,0.5796424002609656,3.544199434309497e-15,1.999708245081052e-28,14,14,1
alphatensor_rank23_transpose,1,wildcard,39,0.03,3.4915466664705823,3.314497831322961,1.097725944986828,0.5857724973145496,0.5659864840164939,0.5696382282012843,2.9239971792340262e-15,3.752144503899814e-28,14,14,1
alphatensor_rank23_transpose,1,wildcard,39,0.05,3.4915466664705823,3.314497831322961,1.097725944986828,0.5857724973145496,0.552517196000093,0.5628631170527069,3.834396284651226e-15,4.33721398889275e-28,14,14,1
alphatensor_rank23_transpose,1,wildcard,40,0.001,3.3125862816679383,3.1422924702117867,1.0484397479802667,0.5857724973145496,0.5851727433292572,0.5851747647587595,2.5007044214179465e-15,2.2535834558167354e-28,14,14,1
alphatensor_rank23_transpose,1,wildcard,40,0.003,3.3125862816679383,3.1422924702117867,1.0484397479802667,0.5857724973145496,0.5839721744247846,0.5839904069729535,1.942087772499591e-15,2.050069399563229e-28,14,14,1
alphatensor_rank23_transpose,1,wildcard,40,0.01,3.3125862816679383,3.1422924702117867,1.0484397479802667,0.5857724973145496,0.5797595023054533,0.5799636890807962,3.885780586188048e-15,2.232291030210021e-28,14,14,1
alphatensor_rank23_transpose,1,wildcard,40,0.03,3.3125862816679383,3.1422924702117867,1.0484397479802667,0.5857724973145496,0.5676427276235594,0.5695268879680778,2.6645352591003757e-15,1.9557039983432059e-28,14,14,1
alphatensor_rank23_transpose,1,wildcard,40,0.05,3.3125862816679383,3.1422924702117867,1.0484397479802667,0.5857724973145496,0.5554316256307671,0.5608214977600042,2.38880583734562e-15,2.110153513678461e-28,14,14,1
alphatensor_rank23_transpose,1,wildcard,41,0.001,2.797418955499129,2.679424312213658,0.803889400169081,0.5857724973145496,0.5852290596221803,0.5852303343543686,2.393895234358481e-15,1.9453489423142196e-28,14,14,1
alphatensor_rank23_transpose,1,wildcard,41,0.003,2.797418955499129,2.679424312213658,0.803889400169081,0.5857724973145496,0.5841399869188012,0.5841514551381809,2.5471704466494993e-15,1.9617543739387873e-28,14,14,1
alphatensor_rank23_transpose,1,wildcard,41,0.01,2.797418955499129,2.679424312213658,0.803889400169081,0.5857724973145496,0.5803059677573378,0.5804332881565256,1.9984014443252818e-15,1.8538882049253103e-28,14,14,1
alphatensor_rank23_transpose,1,wildcard,41,0.03,2.797418955499129,2.679424312213658,0.803889400169081,0.5857724973145496,0.5691787765039329,0.5703272058058756,2.5642813814230373e-15,2.8999585230936252e-28,14,14,1
alphatensor_rank23_transpose,1,wildcard,41,0.05,2.797418955499129,2.679424312213658,0.803889400169081,0.5857724973145496,0.5578320455952785,0.5610524501946167,3.1086244689504383e-15,1.9191904831387811e-28,14,14,1
alphatensor_rank23_transpose,1,wildcard,42,0.001,3.2545937463530725,3.0554682327662652,1.1209345798737416,0.5857724973145496,0.5852253048660421,0.5852325253880758,2.220820894551312e-15,2.173778113556444e-28,14,14,1
alphatensor_rank23_transpose,1,wildcard,42,0.003,3.2545937463530725,3.0554682327662652,1.1209345798737416,0.5857724973145496,0.5841296451075818,0.5841947272640146,3.2258347929127337e-15,2.8505944491078364e-28,14,14,1
alphatensor_rank23_transpose,1,wildcard,42,0.01,3.2545937463530725,3.0554682327662652,1.1209345798737416,0.5857724973145496,0.5802816605079629,0.5810083231199926,2.5831032365944053e-15,2.491681645162562e-28,14,14,1
alphatensor_rank23_transpose,1,wildcard,42,0.03,3.2545937463530725,3.0554682327662652,1.1209345798737416,0.5857724973145496,0.5691793773682209,0.5757886751479059,2.864334385325049e-15,2.779917250852006e-28,14,14,1
alphatensor_rank23_transpose,1,wildcard,42,0.05,3.2545937463530725,3.0554682327662652,1.1209345798737416,0.5857724973145496,0.557927674150312,0.5763865828041347,6.31489317459063e-15,3.326615479250465e-28,14,14,1
alphatensor_rank23_transpose,1,wildcard,43,0.001,3.529864310827665,3.3289835520508566,1.173801756273063,0.5857724973145496,0.5851694956881235,0.5851760320029705,2.5204953899574795e-15,1.8595734530504476e-28,14,14,1
alphatensor_rank23_transpose,1,wildcard,43,0.003,3.529864310827665,3.3289835520508566,1.173801756273063,0.5857724973145496,0.5839613208400853,0.58402021798621,2.0809044117767742e-15,1.8884859279336945e-28,14,14,1
alphatensor_rank23_transpose,1,wildcard,43,0.01,3.529864310827665,3.3289835520508566,1.173801756273063,0.5857724973145496,0.579711002371087,0.5803680458668646,2.4969894658695117e-15,2.2335802966218363e-28,14,14,1
alphatensor_rank23_transpose,1,wildcard,43,0.03,3.529864310827665,3.3289835520508566,1.173801756273063,0.5857724973145496,0.5674053946315998,0.5733777484769953,2.733275814011266e-15,2.1795971736925845e-28,14,14,1
alphatensor_rank23_transpose,1,wildcard,43,0.05,3.529864310827665,3.3289835520508566,1.173801756273063,0.5857724973145496,0.5549085917046352,0.571624175228239,2.4514045717114423e-15,2.496427664633064e-28,14,14,1
alphatensor_rank23_transpose,1,wildcard,44,0.001,3.6787318363551695,3.45708121353656,1.2576396172296966,0.5857724973145496,0.585161622719631,0.5851671051536028,2.4177157684007783e-15,2.502001893312117e-28,14,14,1
alphatensor_rank23_transpose,1,wildcard,44,0.003,3.6787318363551695,3.45708121353656,1.2576396172296966,0.5857724973145496,0.5839366089965881,0.5839859621227262,2.068319840288269e-15,1.7406812023939122e-28,14,14,1
alphatensor_rank23_transpose,1,wildcard,44,0.01,3.6787318363551695,3.45708121353656,1.2576396172296966,0.5857724973145496,0.5796161779785842,0.5801649474273223,2.9876794674593967e-15,2.126845273357398e-28,14,14,1
alphatensor_rank23_transpose,1,wildcard,44,0.03,3.6787318363551695,3.45708121353656,1.2576396172296966,0.5857724973145496,0.5670207265312046,0.5719667852667035,2.138110185796716e-15,1.7958681068542892e-28,14,14,1
alphatensor_rank23_transpose,1,wildcard,44,0.05,3.6787318363551695,3.45708121353656,1.2576396172296966,0.5857724973145496,0.5541138248355396,0.5678591170920536,1.8519758114983917e-15,1.581972325380535e-28,14,14,1
alphatensor_rank23_transpose,1,wildcard,45,0.001,3.0244822184411264,2.8917580309270035,0.8861310175339399,0.5857724973145496,0.5852361987487293,0.5852387304314888,1.908079716094009e-15,1.8088788896633891e-28,14,14,1
alphatensor_rank23_transpose,1,wildcard,45,0.003,3.0244822184411264,2.8917580309270035,0.8861310175339399,0.5857724973145496,0.5841622260611508,0.5841850266505991,1.939871662329815e-15,2.011321175115699e-28,14,14,1
alphatensor_rank23_transpose,1,wildcard,45,0.01,3.0244822184411264,2.8917580309270035,0.8861310175339399,0.5857724973145496,0.5803894280792196,0.5806433805259257,4.869802396321589e-15,7.394777198845312e-28,14,14,1
alphatensor_rank23_transpose,1,wildcard,45,0.03,3.0244822184411264,2.8917580309270035,0.8861310175339399,0.5857724973145496,0.5695031974172943,0.5718053208525289,2.269223118704921e-15,2.2581052014746443e-28,14,14,1
alphatensor_rank23_transpose,1,wildcard,45,0.05,3.0244822184411264,2.8917580309270035,0.8861310175339399,0.5857724973145496,0.5584838747306571,0.5649275804815258,2.417791267056035e-15,2.6512352894497178e-28,14,14,1
alphatensor_rank23_transpose,1,wildcard,46,0.001,4.560723931944297,4.3462601897107875,1.3821089489416523,0.5857724973145496,0.5849476178362789,0.5849529636596611,2.4393418435336302e-15,2.154813801586295e-28,14,14,1
alphatensor_rank23_transpose,1,wildcard,46,0.003,4.560723931944297,4.3462601897107875,1.3821089489416523,0.5857724973145496,0.5832949192922032,0.5833431193907783,2.31647090688597e-15,2.0342584208791665e-28,14,14,1
alphatensor_rank23_transpose,1,wildcard,46,0.01,4.560723931944297,4.3462601897107875,1.3821089489416523,0.5857724973145496,0.577480845438815,0.5780198853986879,2.3629076880441977e-15,2.403118765477824e-28,14,14,1
alphatensor_rank23_transpose,1,wildcard,46,0.03,4.560723931944297,4.3462601897107875,1.3821089489416523,0.5857724973145496,0.5606422931997724,0.5655892981647841,4.6507533335988445e-15,5.454467738090838e-28,14,14,1
alphatensor_rank23_transpose,1,wildcard,46,0.05,4.560723931944297,4.3462601897107875,1.3821089489416523,0.5857724973145496,0.5435221812683717,0.5575619838411147,2.4361815127336766e-15,1.5833910624256896e-28,14,14,1
alphatensor_rank23_transpose,1,wildcard,47,0.001,3.882121780980558,3.567201411709146,1.5316473519266531,0.5857724973145496,0.5851289800142501,0.5851430899543575,2.4533754825881363e-15,2.20558322634786e-28,14,14,1
alphatensor_rank23_transpose,1,wildcard,47,0.003,3.882121780980558,3.567201411709146,1.5316473519266531,0.5857724973145496,0.5838395293121091,0.5839667242422368,2.645706755391632e-15,2.186071772459419e-28,14,14,1
alphatensor_rank23_transpose,1,wildcard,47,0.01,3.882121780980558,3.567201411709146,1.5316473519266531,0.5857724973145496,0.5793020631782996,0.5807222561615277,3.5343586865603013e-15,3.1286151350992385e-28,14,14,1
alphatensor_rank23_transpose,1,wildcard,47,0.03,3.882121780980558,3.567201411709146,1.5316473519266531,0.5857724973145496,0.5661510810540541,0.5790233771097653,2.205760890790458e-15,1.7250521786527009e-28,14,14,1
alphatensor_rank23_transpose,1,wildcard,47,0.05,3.882121780980558,3.567201411709146,1.5316473519266531,0.5857724973145496,0.5527703307705574,0.5884114462503489,3.617353378811022e-15,6.078965161698922e-28,14,14,1
alphatensor_rank23_transpose,1,wildcard,48,0.001,3.979950050000054,3.7060236130594726,1.4509966850206946,0.5857724973145496,0.5851337119317783,0.585150473105643,2.39714178404463e-15,1.7868735520797736e-28,14,14,1
alphatensor_rank23_transpose,1,wildcard,48,0.003,3.979950050000054,3.7060236130594726,1.4509966850206946,0.5857724973145496,0.5838536839081218,0.5840047496860318,2.304734040657976e-15,1.974702559914799e-28,14,14,1
alphatensor_rank23_transpose,1,wildcard,48,0.01,3.979950050000054,3.7060236130594726,1.4509966850206946,0.5857724973145496,0.5793489030767822,0.5810342633091713,2.339601822294156e-15,1.9137566343526383e-28,14,14,1
alphatensor_rank23_transpose,1,wildcard,48,0.03,3.979950050000054,3.7060236130594726,1.4509966850206946,0.5857724973145496,0.5662909043363019,0.5815126602723991,3.2996919933624895e-15,2.089239729991238e-28,14,14,1
alphatensor_rank23_transpose,1,wildcard,48,0.05,3.979950050000054,3.7060236130594726,1.4509966850206946,0.5857724973145496,0.5530038041314015,0.5949282484390679,3.8422713010671156e-15,2.464470174875882e-28,14,14,1
alphatensor_rank23_transpose,2,structured,0,0.001,2.7279638970005946,2.649614898297883,0.6490977692586614,0.5435221812683717,0.5429785052611985,0.5429786047771009,2.886579864025407e-15,1.8090148382702958e-28,14,14,1
alphatensor_rank23_transpose,2,structured,0,0.003,2.7279638970005946,2.649614898297883,0.6490977692586614,0.5435221812683717,0.5418902394502777,0.5418911285288079,2.220446049250313e-15,2.2682383379026274e-28,14,14,1
alphatensor_rank23_transpose,2,structured,0,0.01,2.7279638970005946,2.649614898297883,0.6490977692586614,0.5435221812683717,0.5380720284705711,0.5380817074880151,3.055047267042141e-15,3.063562031292378e-28,14,14,1
alphatensor_rank23_transpose,2,structured,0,0.03,2.7279638970005946,2.649614898297883,0.6490977692586614,0.5435221812683717,0.5270906993117481,0.5271775409025897,5.660552041922493e-15,3.811361756498805e-28,14,14,1
alphatensor_rank23_transpose,2,structured,0,0.05,2.7279638970005946,2.649614898297883,0.6490977692586614,0.5435221812683717,0.5160188992559656,0.5162840420646501,1.9303388369561774e-15,1.6431046091327894e-28,14,14,1
alphatensor_rank23_transpose,2,wildcard,1,0.001,3.962998312464998,3.6994731073451854,1.4210046983139009,0.5435221812683717,0.5429283861854118,0.5429358387709784,2.3314683517128287e-15,1.5750719891501132e-28,14,14,1
alphatensor_rank23_transpose,2,wildcard,1,0.003,3.962998312464998,3.6994731073451854,1.4210046983139009,0.5435221812683717,0.541739002746841,0.541806168721345,2.55351295663786e-15,1.5173502881478983e-28,14,14,1
alphatensor_rank23_transpose,2,wildcard,1,0.01,3.962998312464998,3.6994731073451854,1.4210046983139009,0.5435221812683717,0.5375580385605998,0.5383076828072205,3.4613178524573818e-15,2.661656497306061e-28,14,14,1
alphatensor_rank23_transpose,2,wildcard,1,0.03,3.962998312464998,3.6994731073451854,1.4210046983139009,0.5435221812683717,0.5254732964544205,0.5322864486876462,1.962084257416648e-15,1.9170350933963887e-28,14,14,1
alphatensor_rank23_transpose,2,wildcard,1,0.05,3.962998312464998,3.6994731073451854,1.4210046983139009,0.5435221812683717,0.5132169306169829,0.5322442738187422,4.3709332913492665e-15,5.2955364456277425e-28,14,14,1
alphatensor_rank23_transpose,2,wildcard,2,0.001,4.268682005821017,4.014112355968138,1.4520840404343196,0.5435221812683717,0.5429170946351728,0.542923438343454,2.1659704883906053e-15,1.8429093615099974e-28,14,14,1
alphatensor_rank23_transpose,2,wildcard,2,0.003,4.268682005821017,4.014112355968138,1.4520840404343196,0.5435221812683717,0.541705171409352,0.5417623973618524,2.4424906541753444e-15,2.1975332318163303e-28,14,14,1
alphatensor_rank23_transpose,2,wildcard,2,0.01,4.268682005821017,4.014112355968138,1.4520840404343196,0.5435221812683717,0.5374463947775305,0.5380874000985756,4.71756510235451e-15,5.490865152727243e-28,14,14,1
alphatensor_rank23_transpose,2,wildcard,2,0.03,4.268682005821017,4.014112355968138,1.4520840404343196,0.5435221812683717,0.5251618796429176,0.5310642590742096,2.785998060841335e-15,1.9798459459067818e-28,14,14,1
alphatensor_rank23_transpose,2,wildcard,2,0.05,4.268682005821017,4.014112355968138,1.4520840404343196,0.5435221812683717,0.5127647051830745,0.5295383866557443,1.9599233710521447e-15,1.4322529259399553e-28,14,14,1
alphatensor_rank23_transpose,2,wildcard,3,0.001,3.4658535536005974,3.2409700188736403,1.2281100080074616,0.5435221812683717,0.5429957526045702,0.5430009881266065,2.3314683517128287e-15,1.702150180111371e-28,14,14,1
alphatensor_rank23_transpose,2,wildcard,3,0.003,3.4658535536005974,3.2409700188736403,1.2281100080074616,0.5435221812683717,0.5419418074194529,0.5419889822816729,2.886579864025407e-15,2.333532580145457e-28,14,14,1
alphatensor_rank23_transpose,2,wildcard,3,0.01,3.4658535536005974,3.2409700188736403,1.2281100080074616,0.5435221812683717,0.5382417812587713,0.5387679489513552,3.4411841934952708e-15,2.9032857739461487e-28,14,14,1
alphatensor_rank23_transpose,2,wildcard,3,0.03,3.4658535536005974,3.2409700188736403,1.2281100080074616,0.5435221812683717,0.527578963265357,0.5323546302507582,2.9390734079383953e-15,2.3879414608610485e-28,14,14,1
alphatensor_rank23_transpose,2,wildcard,3,0.05,3.4658535536005974,3.2409700188736403,1.2281100080074616,0.5435221812683717,0.5167916822416928,0.5301215360696662,3.1236575085911134e-15,1.5590120273575663e-28,14,14,1
alphatensor_rank23_transpose,2,wildcard,4,0.001,3.2438573854313506,3.034045330302543,1.1476844822018155,0.5435221812683717,0.5430207789252371,0.5430242010137114,2.5757858144529703e-15,1.4115115441317554e-28,14,14,1
alphatensor_rank23_transpose,2,wildcard,4,0.003,3.2438573854313506,3.034045330302543,1.1476844822018155,0.5435221812683717,0.5420170790411389,0.5420479378496527,2.1576564295656913e-15,1.7818490002676766e-28,14,14,1
alphatensor_rank23_transpose,2,wildcard,4,0.01,3.2438573854313506,3.034045330302543,1.1476844822018155,0.5435221812683717,0.5384949808546285,0.5388401501318588,4.556007949347245e-15,2.9330210517462857e-28,14,14,1
alphatensor_rank23_transpose,2,wildcard,4,0.03,3.2438573854313506,3.034045330302543,1.1476844822018155,0.5435221812683717,0.5283591849060522,0.5315212604202204,5.081261283369269e-15,6.243919097429679e-28,14,14,1
alphatensor_rank23_transpose,2,wildcard,4,0.05,3.2438573854313506,3.034045330302543,1.1476844822018155,0.5435221812683717,0.5181279840347728,0.5270498616078332,5.8656191589725065e-15,5.204885446016933e-28,14,14,1
alphatensor_rank23_transpose,2,wildcard,5,0.001,2.68588204873973,2.5469091251891016,0.8527697741892687,0.5435221812683717,0.5430389497623764,0.5430419378494578,3.51569437009153e-15,1.7601984863653863e-28,14,14,1
alphatensor_rank23_transpose,2,wildcard,5,0.003,2.68588204873973,2.5469091251891016,0.8527697741892687,0.5435221812683717,0.5420718666879245,0.5420988050160285,3.2461548708154637e-15,2.8885891374449243e-28,14,14,1
alphatensor_rank23_transpose,2,wildcard,5,0.01,2.68588204873973,2.5469091251891016,0.8527697741892687,0.5435221812683717,0.5386807935665737,0.5389818677382345,2.6645352591003757e-15,1.790915644368739e-28,14,14,1
alphatensor_rank23_transpose,2,wildcard,5,0.03,2.68588204873973,2.5469091251891016,0.8527697741892687,0.5435221812683717,0.5289435173614976,0.5316974957467681,2.1094237467877974e-15,2.0272410726863433e-28,14,14,1
alphatensor_rank23_transpose,2,wildcard,5,0.05,2.68588204873973,2.5469091251891016,0.8527697741892687,0.5435221812683717,0.5191462006789016,0.5269155475092689,1.475006932646058e-15,1.3089916636920345e-28,14,14,1
alphatensor_rank23_transpose,2,wildcard,6,0.001,3.4047782685913224,3.2606498941472433,0.9801414826795624,0.5435221812683717,0.5429128625032911,0.5429152720270662,2.0610250073110505e-15,1.7872438122821252e-28,14,14,1
alphatensor_rank23_transpose,2,wildcard,6,0.003,3.4047782685913224,3.2606498941472433,0.9801414826795624,0.5435221812683717,0.5416929699423224,0.5417146772288419,3.843225728410166e-15,5.756227478989663e-28,14,14,1
alphatensor_rank23_transpose,2,wildcard,6,0.01,3.4047782685913224,3.2606498941472433,0.9801414826795624,0.5435221812683717,0.5374107119647826,0.5376527941545388,2.6645352591003757e-15,2.0705790008075887e-28,14,14,1
alphatensor_rank23_transpose,2,wildcard,6,0.03,3.4047782685913224,3.2606498941472433,0.9801414826795624,0.5435221812683717,0.5250800615368983,0.527286274638216,1.9984014443252818e-15,1.5321403212548288e-28,14,14,1
alphatensor_rank23_transpose,2,wildcard,6,0.05,3.4047782685913224,3.2606498941472433,0.9801414826795624,0.5435221812683717,0.5126355126593749,0.5188645420005502,2.501499746346489e-15,2.601241526304118e-28,14,14,1
alphatensor_rank23_transpose,2,wildcard,7,0.001,3.1632988878981756,3.044214207933181,0.8597788729641982,0.5435221812683717,0.5429378459036731,0.5429381779716784,2.2777313071928682e-15,1.661126265832243e-28,14,14,1
alphatensor_rank23_transpose,2,wildcard,7,0.003,3.1632988878981756,3.044214207933181,0.8597788729641982,0.5435221812683717,0.5417681268414598,0.5417711130837727,2.7501034651163957e-15,3.066456361400766e-28,14,14,1
alphatensor_rank23_transpose,2,wildcard,7,0.01,3.1632988878981756,3.044214207933181,0.8597788729641982,0.5435221812683717,0.5376634145992853,0.5376965914233344,2.4145019897511934e-15,2.189949441830874e-28,14,14,1
alphatensor_rank23_transpose,2,wildcard,7,0.03,3.1632988878981756,3.044214207933181,0.8597788729641982,0.5435221812683717,0.52585147870843,0.5261579026958363,2.4424906541753444e-15,2.097088801913846e-28,14,14,1
alphatensor_rank23_transpose,2,wildcard,7,0.05,3.1632988878981756,3.044214207933181,0.8597788729641982,0.5435221812683717,0.5139320076896005,0.5148464411608424,2.325919462417828e-15,1.9140750908216167e-28,14,14,1
alphatensor_rank23_transpose,2,wildcard,8,0.001,3.9325538520426218,3.701720745320004,1.327495131020366,0.5435221812683717,0.5429517406963046,0.542960737683561,3.825401484758203e-15,3.269743820769891e-28,14,14,1
alphatensor_rank23_transpose,2,wildcard,8,0.003,3.9325538520426218,3.701720745320004,1.327495131020366,0.5435221812683717,0.5418098782818259,0.5418908763410276,9.298211309235847e-15,7.132836626940396e-28,14,14,1
alphatensor_rank23_transpose,2,wildcard,8,0.01,3.9325538520426218,3.701720745320004,1.327495131020366,0.5435221812683717,0.5378036081836387,0.5387041535646852,2.441452778045529e-15,1.7199172153341825e-28,14,14,1
alphatensor_rank23_transpose,2,wildcard,8,0.03,3.9325538520426218,3.701720745320004,1.327495131020366,0.5435221812683717,0.5262863093595298,0.5343743492877676,2.220446049250313e-15,2.1168216176981314e-28,14,14,1
alphatensor_rank23_transpose,2,wildcard,8,0.05,3.9325538520426218,3.701720745320004,1.327495131020366,0.5435221812683717,0.5146916796641192,0.5369909648234938,2.220446049250313e-15,1.986584783932154e-28,14,14,1
alphatensor_rank23_transpose,2,wildcard,9,0.001,2.9547373897568874,2.724637929637962,1.1431628032810996,0.5435221812683717,0.5430521199210886,0.5430578689735494,2.710632195293865e-15,1.6470344984639018e-28,14,14,1
alphatensor_rank23_transpose,2,wildcard,9,0.003,2.9547373897568874,2.724637929637962,1.1431628032810996,0.5435221812683717,0.5421113271632797,0.5421631516427263,1.6653345369377348e-15,1.4852556731621105e-28,14,14,1
alphatensor_rank23_transpose,2,wildcard,9,0.01,2.9547373897568874,2.724637929637962,1.1431628032810996,0.5435221812683717,0.538811687345551,0.5393905554342806,6.7570856745675105e-15,5.500908924247296e-28,14,14,1
alphatensor_rank23_transpose,2,wildcard,9,0.03,2.9547373897568874,2.724637929637962,1.1431628032810996,0.5435221812683717,0.5293293437925318,0.5346021028831269,2.6645352591003757e-15,2.102421048634398e-28,14,14,1
alphatensor_rank23_transpose,2,wildcard,9,0.05,2.9547373897568874,2.724637929637962,1.1431628032810996,0.5435221812683717,0.5197748770603111,0.5345300688996635,3.987986826733793e-15,4.0820216147175435e-28,14,14,1
alphatensor_rank23_transpose,2,wildcard,10,0.001,2.950422751863607,2.842034812651953,0.7923588444567252,0.5435221812683717,0.5429824735670967,0.5429833589572659,2.1094237467877974e-15,1.208626785356944e-28,14,14,1
alphatensor_rank23_transpose,2,wildcard,10,0.003,2.950422751863607,2.842034812651953,0.7923588444567252,0.5435221812683717,0.5419022700677254,0.5419102545483712,2.7053537479932978e-15,2.53252727837711e-28,14,14,1
alphatensor_rank23_transpose,2,wildcard,10,0.01,2.950422751863607,2.842034812651953,0.7923588444567252,0.5435221812683717,0.5381136030816774,0.5382029925565721,6.190085545763607e-15,6.26823089043454e-28,14,14,1
alphatensor_rank23_transpose,2,wildcard,10,0.03,2.950422751863607,2.842034812651953,0.7923588444567252,0.5435221812683717,0.5272280270648558,0.5280541685487591,4.107825191113079e-15,5.1265251673264855e-28,14,14,1
alphatensor_rank23_transpose,2,wildcard,10,0.05,2.950422751863607,2.842034812651953,0.7923588444567252,0.5435221812683717,0.5162681713090075,0.518643518947613,2.2904020749401577e-15,1.7329231572805355e-28,14,14,1
alphatensor_rank23_transpose,2,wildcard,11,0.001,3.3608256421010037,3.2114376924427392,0.9908667640816676,0.5435221812683717,0.5429303413864819,0.5429325206717064,2.5257797050942798e-15,2.1579289232437807e-28,14,14,1
alphatensor_rank23_transpose,2,wildcard,11,0.003,3.3608256421010037,3.2114376924427392,0.9908667640816676,0.5435221812683717,0.5417457367170901,0.5417653700349903,9.888153467013686e-15,8.80591091947574e-28,14,14,1
alphatensor_rank23_transpose,2,wildcard,11,0.01,3.3608256421010037,3.2114376924427392,0.9908667640816676,0.5435221812683717,0.5375902680277446,0.5378092362111812,3.786054423417441e-15,2.4929257706197857e-28,14,14,1
alphatensor_rank23_transpose,2,wildcard,11,0.03,3.3608256421010037,3.2114376924427392,0.9908667640816676,0.5435221812683717,0.5256458732888428,0.5276425094914615,3.020438807851798e-15,3.081015301576061e-28,14,14,1
alphatensor_rank23_transpose,2,wildcard,11,0.05,3.3608256421010037,3.2114376924427392,0.9908667640816676,0.5435221812683717,0.5136146203097817,0.5192592940987322,1.7763568394002505e-15,1.4672512901032278e-28,14,14,1
alphatensor_rank23_transpose,2,wildcard,12,0.001,4.078182069499076,3.677884211797032,1.7620263098483764,0.5435221812683717,0.5429297835375351,0.542958643827155,1.7384822833333134e-15,1.637006446595169e-28,14,14,1
alphatensor_rank23_transpose,2,wildcard,12,0.003,4.078182069499076,3.677884211797032,1.7620263098483764,0.5435221812683717,0.541744606421921,0.5420048040143381,4.6629367034256575e-15,3.6823366453233294e-28,14,14,1
alphatensor_rank23_transpose,2,wildcard,12,0.01,4.078182069499076,3.677884211797032,1.7620263098483764,0.5435221812683717,0.5375927964583781,0.5404963934688973,3.478761431073314e-15,4.274155381430367e-28,14,14,1
alphatensor_rank23_transpose,2,wildcard,12,0.03,4.078182069499076,3.677884211797032,1.7620263098483764,0.5435221812683717,0.525706772938101,0.5517557603609125,2.886579864025407e-15,2.7174642269802715e-28,14,14,1
alphatensor_rank23_transpose,2,wildcard,12,0.05,4.078182069499076,3.677884211797032,1.7620263098483764,0.5435221812683717,0.5138048739241019,0.5844199649606382,6.8833827526759706e-15,8.289661421791813e-28,14,14,1
alphatensor_rank23_transpose,2,wildcard,13,0.001,3.1476324283946164,2.9777008736474584,1.0202388991606597,0.5435221812683717,0.5430149030474114,0.5430165883899007,2.145521778837368e-15,2.1530452799590964e-28,14,14,1
alphatensor_rank23_transpose,2,wildcard,13,0.003,3.1476324283946164,2.9777008736474584,1.0202388991606597,0.5435221812683717,0.5419995983846249,0.5420147946758546,2.4268925465116336e-15,1.8279428321660931e-28,14,14,1
alphatensor_rank23_transpose,2,wildcard,13,0.01,3.1476324283946164,2.9777008736474584,1.0202388991606597,0.5435221812683717,0.5384384975786278,0.5386084788842704,8.28131064017168e-15,1.0540876993298568e-27,14,14,1
alphatensor_rank23_transpose,2,wildcard,13,0.03,3.1476324283946164,2.9777008736474584,1.0202388991606597,0.5435221812683717,0.5282069751049892,0.5297691687478261,5.256682454501964e-15,3.2708646366625996e-28,14,14,1
alphatensor_rank23_transpose,2,wildcard,13,0.05,3.1476324283946164,2.9777008736474584,1.0202388991606597,0.5435221812683717,0.517908212848833,0.5223538680926563,2.3314683517128287e-15,1.3497918846028465e-28,14,14,1
alphatensor_rank23_transpose,2,wildcard,14,0.001,3.257247215438088,3.1049754190580936,0.9842698154084542,0.5435221812683717,0.5429439805005024,0.542944973031765,2.0894913874694743e-15,1.5544176793948215e-28,14,14,1
alphatensor_rank23_transpose,2,wildcard,14,0.003,3.257247215438088,3.1049754190580936,0.9842698154084542,0.5435221812683717,0.5417867088243453,0.5417956530075426,4.300757460696083e-15,6.098195639097377e-28,14,14,1
alphatensor_rank23_transpose,2,wildcard,14,0.01,3.257247215438088,3.1049754190580936,0.9842698154084542,0.5435221812683717,0.537727547511589,0.5378274472708215,3.4416913763379853e-15,2.1545989340638934e-28,14,14,1
alphatensor_rank23_transpose,2,wildcard,14,0.03,3.257247215438088,3.1049754190580936,0.9842698154084542,0.5435221812683717,0.5260653353996154,0.5269845221684463,2.418705567849813e-15,2.2028091713212434e-28,14,14,1
alphatensor_rank23_transpose,2,wildcard,14,0.05,3.257247215438088,3.1049754190580936,0.9842698154084542,0.5435221812683717,0.5143298701003349,0.5169732348507543,2.928277546960617e-15,2.07674739393765e-28,14,14,1
alphatensor_rank23_transpose,2,wildcard,15,0.001,3.8547308094401975,3.642719965884279,1.2607699486407178,0.5435221812683717,0.5429598193559355,0.5429678622621071,2.220446049250313e-15,1.5850996727601497e-28,14,14,1
alphatensor_rank23_transpose,2,wildcard,15,0.003,3.8547308094401975,3.642719965884279,1.2607699486407178,0.5435221812683717,0.5418340327662186,0.5419065749731137,2.2929287318716492e-15,2.7339331839824406e-28,14,14,1
alphatensor_rank23_transpose,2,wildcard,15,0.01,3.8547308094401975,3.642719965884279,1.2607699486407178,0.5435221812683717,0.5378828305922807,0.5386945926924143,4.794235916028251e-15,7.8035298674159995e-28,14,14,1
alphatensor_rank23_transpose,2,wildcard,15,0.03,3.8547308094401975,3.642719965884279,1.2607699486407178,0.5435221812683717,0.5265052098736418,0.5339313060644855,2.9439710293804403e-15,2.951873567031391e-28,14,14,1
alphatensor_rank23_transpose,2,wildcard,15,0.05,3.8547308094401975,3.642719965884279,1.2607699486407178,0.5435221812683717,0.5150100847636717,0.5358521426928592,2.5753762410870814e-15,2.595595346914924e-28,14,14,1
alphatensor_rank23_transpose,2,wildcard,16,0.001,3.1629022404577984,3.062677519966906,0.7899094830310147,0.5435221812683717,0.5429421682863385,0.5429452504735571,1.6653345369377348e-15,1.5780736004039654e-28,14,14,1
alphatensor_rank23_transpose,2,wildcard,16,0.003,3.1629022404577984,3.062677519966906,0.7899094830310147,0.5435221812683717,0.5417807697990875,0.541808518760649,1.9984014443252818e-15,1.5794125916397696e-28,14,14,1
alphatensor_rank23_transpose,2,wildcard,16,0.01,3.1629022404577984,3.062677519966906,0.7899094830310147,0.5435221812683717,0.5377018283485843,0.538010495166823,2.509091037900902e-15,2.3453948151905493e-28,14,14,1
alphatensor_rank23_transpose,2,wildcard,16,0.03,3.1629022404577984,3.062677519966906,0.7899094830310147,0.5435221812683717,0.5259357692270452,0.5287214879661561,2.5703980808383143e-15,1.8488568232788386e-28,14,14,1
alphatensor_rank23_transpose,2,wildcard,16,0.05,3.1629022404577984,3.062677519966906,0.7899094830310147,0.5435221812683717,0.5140222562419997,0.5217779326023189,2.55351295663786e-15,2.3503559649716844e-28,14,14,1
alphatensor_rank23_transpose,2,wildcard,17,0.001,3.193263099570731,3.1035474404005408,0.7516132704145999,0.5435221812683717,0.5429555004206272,0.5429570291414691,2.6961264838997746e-15,1.448413213538482e-28,14,14,1
alphatensor_rank23_transpose,2,wildcard,17,0.003,3.193263099570731,3.1035474404005408,0.7516132704145999,0.5435221812683717,0.5418214482252232,0.5418352292504337,6.354235057209465e-15,4.027260865272397e-28,14,14,1
alphatensor_rank23_transpose,2,wildcard,17,0.01,3.193263099570731,3.1035474404005408,0.7516132704145999,0.5435221812683717,0.5378453464595816,0.5379993892394774,2.7788422242402003e-15,2.9692797769275495e-28,14,14,1
alphatensor_rank23_transpose,2,wildcard,17,0.03,3.193263099570731,3.1035474404005408,0.7516132704145999,0.5435221812683717,0.5264334896812979,0.5278472373703028,2.609587234286279e-15,1.7733447818089983e-28,14,14,1
alphatensor_rank23_transpose,2,wildcard,17,0.05,3.193263099570731,3.1035474404005408,0.7516132704145999,0.5435221812683717,0.5149622846162424,0.5189831931121871,3.989678408352934e-15,5.34236925980649e-28,14,14,1
alphatensor_rank23_transpose,2,wildcard,18,0.001,3.0265700506097573,2.9057473363097865,0.8466160220410018,0.5435221812683717,0.5429822879143736,0.5429833801118373,1.831269142918968e-15,1.7300406638422662e-28,14,14,1
alphatensor_rank23_transpose,2,wildcard,18,0.003,3.0265700506097573,2.9057473363097865,0.8466160220410018,0.5435221812683717,0.5419017120051874,0.5419115534078025,2.886579864025407e-15,2.0726057976489364e-28,14,14,1
alphatensor_rank23_transpose,2,wildcard,18,0.01,3.0265700506097573,2.9057473363097865,0.8466160220410018,0.5435221812683717,0.5381117304555854,0.5382215885809889,1.5947092128391019e-15,1.5025607210775386e-28,14,14,1
alphatensor_rank23_transpose,2,wildcard,18,0.03,3.0265700506097573,2.9057473363097865,0.8466160220410018,0.5435221812683717,0.5272225142154495,0.5282293375752486,2.4424906541753444e-15,1.9881845642774842e-28,14,14,1
alphatensor_rank23_transpose,2,wildcard,18,0.05,3.0265700506097573,2.9057473363097865,0.8466160220410018,0.5435221812683717,0.5162603173430879,0.5191327067982248,4.9960036108132044e-15,6.017074410772362e-28,14,14,1
alphatensor_rank23_transpose,2,wildcard,19,0.001,3.659473704663459,3.538473095331443,0.9332502069321065,0.5435221812683717,0.5429514178405596,0.5429580974106045,2.223948825610634e-15,2.0078848740061641e-28,14,14,1
alphatensor_rank23_transpose,2,wildcard,19,0.003,3.659473704663459,3.538473095331443,0.9332502069321065,0.5435221812683717,0.5418092551161809,0.5418694836330796,2.495081747405651e-15,1.7241642350242869e-28,14,14,1
alphatensor_rank23_transpose,2,wildcard,19,0.01,3.659473704663459,3.538473095331443,0.9332502069321065,0.5435221812683717,0.5378051727061883,0.5384785196679194,2.6462033618911746e-15,2.259488281042824e-28,14,14,1
alphatensor_rank23_transpose,2,wildcard,19,0.03,3.659473704663459,3.538473095331443,0.9332502069321065,0.5435221812683717,0.5263130685706218,0.532460756168289,2.58577739434354e-15,2.032692064734991e-28,14,14,1
alphatensor_rank23_transpose,2,wildcard,19,0.05,3.659473704663459,3.538473095331443,0.9332502069321065,0.5435221812683717,0.514753247475697,0.5319896548761308,2.6645352591003757e-15,2.520396234426687e-28,14,14,1
alphatensor_rank23_transpose,2,wildcard,20,0.001,2.938120602454778,2.817658811509465,0.8326773063391945,0.5435221812683717,0.5429789319638068,0.5429795899760465,2.6645352591003757e-15,1.7344979215514503e-28,14,14,1
alphatensor_rank23_transpose,2,wildcard,20,0.003,2.938120602454778,2.817658811509465,0.8326773063391945,0.5435221812683717,0.5418913301870586,0.5418972528708228,2.42538127523902e-15,2.170754168851518e-28,14,14,1
alphatensor_rank23_transpose,2,wildcard,20,0.01,2.938120602454778,2.817658811509465,0.8326773063391945,0.5435221812683717,0.5380735384269926,0.5381394470925867,2.3314683517128287e-15,1.9327077299782666e-28,14,14,1
alphatensor_rank23_transpose,2,wildcard,20,0.03,2.938120602454778,2.817658811509465,0.8326773063391945,0.5435221812683717,0.527079067604317,0.5276817857328466,2.886579864025407e-15,2.416799228746427e-28,14,14,1
alphatensor_rank23_transpose,2,wildcard,20,0.05,2.938120602454778,2.817658811509465,0.8326773063391945,0.5435221812683717,0.5159773655224238,0.5177136404141782,5.061663751914024e-15,3.500553232846503e-28,14,14,1
alphatensor_rank23_transpose,2,wildcard,21,0.001,3.257758621880017,3.046185016212206,1.15488011734458,0.5435221812683717,0.5429599289362674,0.5429634130610473,2.9351437273964067e-15,1.726280447799046e-28,14,14,1
alphatensor_rank23_transpose,2,wildcard,21,0.003,3.257758621880017,3.046185016212206,1.15488011734458,0.5435221812683717,0.5418344677134589,0.5418658753899366,2.339266950504499e-15,1.9590800719864062e-28,14,14,1
alphatensor_rank23_transpose,2,wildcard,21,0.01,3.257758621880017,3.046185016212206,1.15488011734458,0.5435221812683717,0.5378857822383192,0.538236720233472,2.3447544785428367e-15,2.0322033024316624e-28,14,14,1
alphatensor_rank23_transpose,2,wildcard,21,0.03,3.257758621880017,3.046185016212206,1.15488011734458,0.5435221812683717,0.5265328019596345,0.5297417757630685,2.144140802495671e-15,1.725866010750316e-28,14,14,1
alphatensor_rank23_transpose,2,wildcard,21,0.05,3.257758621880017,3.046185016212206,1.15488011734458,0.5435221812683717,0.5150987383850265,0.5241553130605138,5.4218386784906945e-15,6.299272258873127e-28,14,14,1
alphatensor_rank23_transpose,2,wildcard,22,0.001,4.084206056009183,3.833893395056326,1.407835410580925,0.5435221812683717,0.542957596953197,0.5429637597264486,3.2497034801046307e-15,2.345511277114379e-28,14,14,1
alphatensor_rank23_transpose,2,wildcard,22,0.003,4.084206056009183,3.833893395056326,1.407835410580925,0.5435221812683717,0.5418268154292256,0.5418823810705339,5.103800606011106e-15,3.0077798742838675e-28,14,14,1
alphatensor_rank23_transpose,2,wildcard,22,0.01,4.084206056009183,3.833893395056326,1.407835410580925,0.5435221812683717,0.5378525562951204,0.5384737338441863,3.158676111216288e-15,2.7682557593509194e-28,14,14,1
alphatensor_rank23_transpose,2,wildcard,22,0.03,4.084206056009183,3.833893395056326,1.407835410580925,0.5435221812683717,0.5263656449754229,0.5320430251416677,1.6653345369377348e-15,1.4301912467943973e-28,14,14,1
alphatensor_rank23_transpose,2,wildcard,22,0.05,4.084206056009183,3.833893395056326,1.407835410580925,0.5435221812683717,0.5147052060732599,0.5306753165597164,3.1086244689504383e-15,2.8339189633904003e-28,14,14,1
alphatensor_rank23_transpose,2,wildcard,23,0.001,3.660568719932538,3.5850347289897257,0.7397900683883943,0.5435221812683717,0.5429037299867783,0.542906572126491,2.3293578618430493e-15,2.3583569061313384e-28,14,14,1
alphatensor_rank23_transpose,2,wildcard,23,0.003,3.660568719932538,3.5850347289897257,0.7397900683883943,0.5435221812683717,0.5416649692946474,0.5416905994506414,3.3306690738754696e-15,1.704032275670073e-28,14,14,1
alphatensor_rank23_transpose,2,wildcard,23,0.01,3.660568719932538,3.5850347289897257,0.7397900683883943,0.5435221812683717,0.5373101698018977,0.5375969625565152,2.55351295663786e-15,2.040325946096249e-28,14,14,1
alphatensor_rank23_transpose,2,wildcard,23,0.03,3.660568719932538,3.5850347289897257,0.7397900683883943,0.5435221812683717,0.5247125057964149,0.527348308352057,3.261874819010124e-15,3.9998009551345354e-28,14,14,1
alphatensor_rank23_transpose,2,wildcard,23,0.05,3.660568719932538,3.5850347289897257,0.7397900683883943,0.5435221812683717,0.511903461782598,0.5193915838420041,4.091717019799631e-15,4.178199492343461e-28,14,14,1
alphatensor_rank23_transpose,2,wildcard,24,0.001,3.220457993712113,3.127196480766244,0.7694100726839167,0.5435221812683717,0.5429201328065762,0.5429216591057009,2.4424906541753444e-15,1.7843901858330937e-28,14,14,1
alphatensor_rank23_transpose,2,wildcard,24,0.003,3.220457993712113,3.127196480766244,0.7694100726839167,0.5435221812683717,0.5417148083716922,0.5417285542809056,4.177780804421319e-15,6.758064047136297e-28,14,14,1
alphatensor_rank23_transpose,2,wildcard,24,0.01,3.220457993712113,3.127196480766244,0.7694100726839167,0.5435221812683717,0.5374836908606884,0.5376368486738856,2.3127619897340298e-15,1.838197353284872e-28,14,14,1
alphatensor_rank23_transpose,2,wildcard,24,0.03,3.220457993712113,3.127196480766244,0.7694100726839167,0.5435221812683717,0.5252973529896082,0.5266926177882407,1.803697128202044e-15,1.6191637903593128e-28,14,14,1
alphatensor_rank23_transpose,2,wildcard,24,0.05,3.220457993712113,3.127196480766244,0.7694100726839167,0.5435221812683717,0.512987920216926,0.5169406882575073,2.4424906541753444e-15,2.3691920303238694e-28,14,14,1
alphatensor_rank23_transpose,2,wildcard,25,0.001,3.772755593184526,3.6612217946185273,0.9105711045906378,0.5435221812683717,0.542917254627213,0.5429225169350392,2.4870101651879533e-15,1.6991659053844678e-28,14,14,1
alphatensor_rank23_transpose,2,wildcard,25,0.003,3.772755593184526,3.6612217946185273,0.9105711045906378,0.5435221812683717,0.5417060826612373,0.5417534433391569,2.571615072188592e-15,1.8977083522887356e-28,14,14,1
alphatensor_rank23_transpose,2,wildcard,25,0.01,3.772755593184526,3.6612217946185273,0.9105711045906378,0.5435221812683717,0.5374538412749211,0.5379799984028383,3.701449759957634e-15,4.157127384046671e-28,14,14,1
alphatensor_rank23_transpose,2,wildcard,25,0.03,3.772755593184526,3.6612217946185273,0.9105711045906378,0.5435221812683717,0.5252079107038156,0.5299363983950744,2.220446049250313e-15,1.8142645634067012e-28,14,14,1
alphatensor_rank23_transpose,2,wildcard,25,0.05,3.772755593184526,3.6612217946185273,0.9105711045906378,0.5435221812683717,0.512852199917421,0.5259507232632249,1.5543122344752192e-15,1.2105087309593698e-28,14,14,1
alphatensor_rank23_transpose,2,wildcard,26,0.001,3.6135915868707915,3.4170676105915874,1.1754544233398698,0.5435221812683717,0.5429173165820879,0.5429218211729254,2.4424906541753444e-15,2.061014142496183e-28,14,14,1
alphatensor_rank23_transpose,2,wildcard,26,0.003,3.6135915868707915,3.4170676105915874,1.1754544233398698,0.5435221812683717,0.5417062349533119,0.5417468399922931,3.1086244689504383e-15,3.070817486550658e-28,14,14,1
alphatensor_rank23_transpose,2,wildcard,26,0.01,3.6135915868707915,3.4170676105915874,1.1754544233398698,0.5435221812683717,0.5374535613934551,0.5379071383459416,1.147961149006555e-14,1.0425612574402285e-27,14,14,1
alphatensor_rank23_transpose,2,wildcard,26,0.03,3.6135915868707915,3.4170676105915874,1.1754544233398698,0.5435221812683717,0.5251914543588558,0.5293302809305828,2.3314683517128287e-15,1.5561141528961155e-28,14,14,1
alphatensor_rank23_transpose,2,wildcard,26,0.05,3.6135915868707915,3.4170676105915874,1.1754544233398698,0.5435221812683717,0.5127809552076921,0.5244137370263365,3.4317242599452228e-15,4.530205726292582e-28,14,14,1
alphatensor_rank23_transpose,2,wildcard,27,0.001,3.0290057363539082,2.950646471195227,0.6845152685572712,0.5435221812683717,0.5430427934422062,0.5430438449672473,1.9984014443252818e-15,1.542340558280203e-28,14,14,1
alphatensor_rank23_transpose,2,wildcard,27,0.003,3.0290057363539082,2.950646471195227,0.6845152685572712,0.5435221812683717,0.5420831042333554,0.5420925764731113,2.6893394512262485e-15,1.9132694956241879e-28,14,14,1
alphatensor_rank23_transpose,2,wildcard,27,0.01,3.0290057363539082,2.950646471195227,0.6845152685572712,0.5435221812683717,0.53871473689004,0.5388203303275083,1.683560774311682e-15,1.5409172000171254e-28,14,14,1
alphatensor_rank23_transpose,2,wildcard,27,0.03,3.0290057363539082,2.950646471195227,0.6845152685572712,0.5435221812683717,0.5290130750465021,0.5299736224506951,6.6600256282662055e-15,5.279294703915162e-28,14,14,1
alphatensor_rank23_transpose,2,wildcard,27,0.05,3.0290057363539082,2.950646471195227,0.6845152685572712,0.5435221812683717,0.5192037252997619,0.521906596209812,2.2839195295986034e-15,1.7527749684191787e-28,14,14,1
alphatensor_rank23_transpose,2,wildcard,28,0.001,3.670431266723349,3.4571333978113055,1.2330021709137524,0.5435221812683717,0.542899016000127,0.5429095312945624,2.0654344166302403e-15,1.6276568482680848e-28,14,14,1
alphatensor_rank23_transpose,2,wildcard,28,0.003,3.670431266723349,3.4571333978113055,1.2330021709137524,0.5435221812683717,0.5416514775203943,0.5417463632597664,1.9904907785468358e-15,1.6026567284852255e-28,14,14,1
alphatensor_rank23_transpose,2,wildcard,28,0.01,3.670431266723349,3.4571333978113055,1.2330021709137524,0.5435221812683717,0.5372729812820336,0.5383364186863532,2.1800503972299085e-15,1.4312494149011337e-28,14,14,1
alphatensor_rank23_transpose,2,wildcard,28,0.03,3.670431266723349,3.4571333978113055,1.2330021709137524,0.5435221812683717,0.5246723545632179,0.5344370485853253,1.8025706236189013e-15,1.910565598685927e-28,14,14,1
alphatensor_rank23_transpose,2,wildcard,28,0.05,3.670431266723349,3.4571333978113055,1.2330021709137524,0.5435221812683717,0.5119658798976876,0.5394449983446621,2.618884069100777e-15,1.8407055599011445e-28,14,14,1
alphatensor_rank23_transpose,2,wildcard,29,0.001,3.436675462162472,3.027548645132462,1.6262494991809324,0.5435221812683717,0.543093862245151,0.5431097833453099,2.886579864025407e-15,1.8775561621982642e-28,14,14,1
alphatensor_rank23_transpose,2,wildcard,29,0.003,3.436675462162472,3.027548645132462,1.6262494991809324,0.5435221812683717,0.5422364322700473,0.5423798241372634,2.7255704840870423e-15,1.753283203234511e-28,14,14,1
alphatensor_rank23_transpose,2,wildcard,29,0.01,3.436675462162472,3.027548645132462,1.6262494991809324,0.5435221812683717,0.5392273616447406,0.5408229042405323,2.9312220321942718e-15,3.022907911392833e-28,14,14,1
alphatensor_rank23_transpose,2,wildcard,29,0.03,3.436675462162472,3.027548645132462,1.6262494991809324,0.5435221812683717,0.5305666335504212,0.544856419487264,1.887379141862766e-15,1.5403442470040807e-28,14,14,1
alphatensor_rank23_transpose,2,wildcard,29,0.05,3.436675462162472,3.027548645132462,1.6262494991809324,0.5435221812683717,0.5218243360139254,0.5608215355934363,1.5543122344752192e-15,9.142404501770943e-29,14,14,1
alphatensor_rank23_transpose,2,wildcard,30,0.001,3.6212282681349683,3.477743642224359,1.0092538476061552,0.5435221812683717,0.5429300094494849,0.5429322682938184,1.9984014443252818e-15,1.4076523686335214e-28,14,14,1
alphatensor_rank23_transpose,2,wildcard,30,0.003,3.6212282681349683,3.477743642224359,1.0092538476061552,0.5435221812683717,0.5417443673323024,0.5417647177272168,1.9984014443252818e-15,1.5569858314125628e-28,14,14,1
alphatensor_rank23_transpose,2,wildcard,30,0.01,3.6212282681349683,3.477743642224359,1.0092538476061552,0.5435221812683717,0.5375815555367411,0.5378085346076645,4.2811999099306886e-15,3.055855099702739e-28,14,14,1
alphatensor_rank23_transpose,2,wildcard,30,0.03,3.6212282681349683,3.477743642224359,1.0092538476061552,0.5435221812683717,0.5255886976258862,0.5276582406137961,1.8839491967238417e-15,1.22311506776705e-28,14,14,1
alphatensor_rank23_transpose,2,wildcard,30,0.05,3.6212282681349683,3.477743642224359,1.0092538476061552,0.5435221812683717,0.5134758808709331,0.5193202180943529,3.4416913763379853e-15,2.5933120751990074e-28,14,14,1
alphatensor_rank23_transpose,2,wildcard,31,0.001,3.1061714381972383,2.8709198894678876,1.1857993049964173,0.5435221812683717,0.5430678580628574,0.5430702075644889,2.6645352591003757e-15,2.8077887097433237e-28,14,14,1
alphatensor_rank23_transpose,2,wildcard,31,0.003,3.1061714381972383,2.8709198894678876,1.1857993049964173,0.5435221812683717,0.5421582894310008,0.5421794723443509,2.298435723298759e-15,1.7871295107432135e-28,14,14,1
alphatensor_rank23_transpose,2,wildcard,31,0.01,3.1061714381972383,2.8709198894678876,1.1857993049964173,0.5435221812683717,0.538965392672717,0.5392022141273813,1.667855341016818e-15,1.669194398019727e-28,14,14,1
alphatensor_rank23_transpose,2,wildcard,31,0.03,3.1061714381972383,2.8709198894678876,1.1857993049964173,0.5435221812683717,0.5297686478551042,0.531937611279924,1.8916020248684123e-15,1.5927889357738645e-28,14,14,1
alphatensor_rank23_transpose,2,wildcard,31,0.05,3.1061714381972383,2.8709198894678876,1.1857993049964173,0.5435221812683717,0.5204760696304852,0.5266063784383305,1.916584937044662e-15,1.5133913324638713e-28,14,14,1
alphatensor_rank23_transpose,2,wildcard,32,0.001,2.930805978367029,2.7990640283833117,0.8688292397488143,0.5435221812683717,0.5430308286753995,0.543033709421497,1.9984014443252818e-15,1.767398192980443e-28,14,14,1
alphatensor_rank23_transpose,2,wildcard,32,0.003,2.930805978367029,2.7990640283833117,0.8688292397488143,0.5435221812683717,0.5420474389655354,0.5420733822808896,2.1094237467877974e-15,2.4229890234650367e-28,14,14,1
alphatensor_rank23_transpose,2,wildcard,32,0.01,2.930805978367029,2.7990640283833117,0.8688292397488143,0.5435221812683717,0.5385985047275773,0.538887375962119,2.9976021664879227e-15,2.399557370293544e-28,14,14,1
alphatensor_rank23_transpose,2,wildcard,32,0.03,2.930805978367029,2.7990640283833117,0.8688292397488143,0.5435221812683717,0.5286866898857412,0.5312997361327084,3.3185446625395437e-15,2.054831712707924e-28,14,14,1
alphatensor_rank23_transpose,2,wildcard,32,0.05,2.930805978367029,2.7990640283833117,0.8688292397488143,0.5435221812683717,0.5186962277308584,0.5259815134581134,2.3980826738102357e-15,1.4209592012030676e-28,14,14,1
alphatensor_rank23_transpose,2,wildcard,33,0.001,3.231441975103428,3.0983093687534464,0.9179849094374927,0.5435221812683717,0.5429506321500087,0.5429525719029684,2.1094237467877974e-15,1.5066816509700713e-28,14,14,1
alphatensor_rank23_transpose,2,wildcard,33,0.003,3.231441975103428,3.0983093687534464,0.9179849094374927,0.5435221812683717,0.5418065706111869,0.5418240589343362,2.3102502014103807e-15,2.5324572901353993e-28,14,14,1
alphatensor_rank23_transpose,2,wildcard,33,0.01,3.231441975103428,3.0983093687534464,0.9179849094374927,0.5435221812683717,0.5377926914131608,0.5379882516045992,5.5601542812894494e-15,4.399914966219618e-28,14,14,1
alphatensor_rank23_transpose,2,wildcard,33,0.03,3.231441975103428,3.0983093687534464,0.9179849094374927,0.5435221812683717,0.5262521665608334,0.5280492467508784,1.9984014443252818e-15,1.551295291295093e-28,14,14,1
alphatensor_rank23_transpose,2,wildcard,33,0.05,3.231441975103428,3.0983093687534464,0.9179849094374927,0.5435221812683717,0.5146276898290788,0.5197478080570018,4.3952909687695934e-15,2.8275873345590143e-28,14,14,1
alphatensor_rank23_transpose,2,wildcard,34,0.001,3.3479576689037986,3.164734449495597,1.0923719224456276,0.5435221812683717,0.5429335097642345,0.5429356970275475,2.640066817757062e-15,2.0790774340101365e-28,14,14,1
alphatensor_rank23_transpose,2,wildcard,34,0.003,3.3479576689037986,3.164734449495597,1.0923719224456276,0.5435221812683717,0.5417553226364058,0.5417749958085947,5.146322647507255e-15,6.250035224433305e-28,14,14,1
alphatensor_rank23_transpose,2,wildcard,34,0.01,3.3479576689037986,3.164734449495597,1.0923719224456276,0.5435221812683717,0.537623177708556,0.5378413595547705,2.6195877945843137e-15,1.9191664323684618e-28,14,14,1
alphatensor_rank23_transpose,2,wildcard,34,0.03,3.3479576689037986,3.164734449495597,1.0923719224456276,0.5435221812683717,0.5257531354841232,0.5277125391909472,4.161482148413641e-15,4.718187766927224e-28,14,14,1
alphatensor_rank23_transpose,2,wildcard,34,0.05,3.3479576689037986,3.164734449495597,1.0923719224456276,0.5435221812683717,0.5138083698151019,0.5192751218504398,4.4558121050664976e-15,7.42691785137953e-28,14,14,1
alphatensor_rank23_transpose,2,wildcard,35,0.001,2.987723677263345,2.893820269179432,0.7431668866185326,0.5435221812683717,0.5429600395269417,0.5429615422116275,2.220446049250313e-15,2.0853720192146726e-28,14,14,1
alphatensor_rank23_transpose,2,wildcard,35,0.003,2.987723677263345,2.893820269179432,0.7431668866185326,0.5435221812683717,0.54183475761556,0.5418482937599504,2.619138447015775e-15,2.0908166063679503e-28,14,14,1
alphatensor_rank23_transpose,2,wildcard,35,0.01,2.987723677263345,2.893820269179432,0.7431668866185326,0.5435221812683717,0.5378861208251303,0.5380370398375193,4.97283435627341e-15,2.979601025706943e-28,14,14,1
alphatensor_rank23_transpose,2,wildcard,35,0.03,2.987723677263345,2.893820269179432,0.7431668866185326,0.5435221812683717,0.5265251062833073,0.5279012219462909,2.4424906541753444e-15,2.0210021813427026e-28,14,14,1
alphatensor_rank23_transpose,2,wildcard,35,0.05,2.987723677263345,2.893820269179432,0.7431668866185326,0.5435221812683717,0.5150639622668253,0.5189593795762834,5.179275709950382e-15,3.7901566167252912e-28,14,14,1
alphatensor_rank23_transpose,2,wildcard,36,0.001,3.6156054955510113,3.3962150270406153,1.24029294505862,0.5435221812683717,0.5430498970561336,0.5430529092740078,2.0056629755633384e-15,1.9599689289461127e-28,14,14,1
alphatensor_rank23_transpose,2,wildcard,36,0.003,3.6156054955510113,3.3962150270406153,1.24029294505862,0.5435221812683717,0.5421044880868521,0.542131645578184,8.181429993374978e-15,4.9257731061870945e-28,14,14,1
alphatensor_rank23_transpose,2,wildcard,36,0.01,3.6156054955510113,3.3962150270406153,1.24029294505862,0.5435221812683717,0.5387868638831053,0.5390904119755444,2.1094237467877974e-15,2.1150924365257394e-28,14,14,1
alphatensor_rank23_transpose,2,wildcard,36,0.03,3.6156054955510113,3.3962150270406153,1.24029294505862,0.5435221812683717,0.5292365493549338,0.53201056779044,1.7763568394002505e-15,1.5169012113036514e-28,14,14,1
alphatensor_rank23_transpose,2,wildcard,36,0.05,3.6156054955510113,3.3962150270406153,1.24029294505862,0.5435221812683717,0.5195873852199254,0.5273911726178709,3.67325581394273e-15,3.7156291421004657e-28,14,14,1
alphatensor_rank23_transpose,2,wildcard,37,0.001,4.04395620736601,3.7843924917378793,1.4254666869387203,0.5435221812683717,0.5429734810543926,0.5429816508472419,2.0495779821745843e-15,1.4116223773457127e-28,14,14,1
alphatensor_rank23_transpose,2,wildcard,37,0.003,4.04395620736601,3.7843924917378793,1.4254666869387203,0.5435221812683717,0.5418752838321919,0.5419489434184671,2.4424906541753444e-15,1.6567401470225208e-28,14,14,1
alphatensor_rank23_transpose,2,wildcard,37,0.01,4.04395620736601,3.7843924917378793,1.4254666869387203,0.5435221812683717,0.5380236041617718,0.5388468153779099,2.220446049250313e-15,2.1529638057461907e-28,14,14,1
alphatensor_rank23_transpose,2,wildcard,37,0.03,4.04395620736601,3.7843924917378793,1.4254666869387203,0.5435221812683717,0.5269592399414795,0.5344634651491237,2.220446049250313e-15,1.7685134257501746e-28,14,14,1
alphatensor_rank23_transpose,2,wildcard,37,0.05,4.04395620736601,3.7843924917378793,1.4254666869387203,0.5435221812683717,0.5158266079922839,0.5368216194508588,2.886579864025407e-15,2.41587715802404e-28,14,14,1
alphatensor_rank23_transpose,2,wildcard,38,0.001,3.509438785472862,3.3401631397561333,1.0767872532657905,0.5435221812683717,0.5428924107613369,0.542894311337955,1.7205206919117727e-15,1.5117565211869007e-28,14,14,1
alphatensor_rank23_transpose,2,wildcard,38,0.003,3.509438785472862,3.3401631397561333,1.0767872532657905,0.5435221812683717,0.5416316783802708,0.5416488265661307,3.3306690738754696e-15,2.2384514791258186e-28,14,14,1
alphatensor_rank23_transpose,2,wildcard,38,0.01,3.509438785472862,3.3401631397561333,1.0767872532657905,0.5435221812683717,0.5372070669783723,0.5373993536441286,2.176967806927037e-15,1.7335866075583181e-28,14,14,1
alphatensor_rank23_transpose,2,wildcard,38,0.03,3.509438785472862,3.3401631397561333,1.0767872532657905,0.5435221812683717,0.5244726458757241,0.5262549997002213,2.0704461282128114e-15,1.8162434693102846e-28,14,14,1
alphatensor_rank23_transpose,2,wildcard,38,0.05,3.509438785472862,3.3401631397561333,1.0767872532657905,0.5435221812683717,0.5116236365281794,0.5167513988812082,2.4462617039412293e-15,2.764681506235605e-28,14,14,1
alphatensor_rank23_transpose,2,wildcard,39,0.001,2.732885998178151,2.621226936310912,0.7731980518575411,0.5435221812683717,0.5430236376306032,0.5430245607566078,2.0009975339373188e-15,1.5734047714615718e-28,14,14,1
alphatensor_rank23_transpose,2,wildcard,39,0.003,2.732885998178151,2.621226936310912,0.7731980518575411,0.5435221812683717,0.5420258637183979,0.5420341793543246,2.2069838971602044e-15,1.8116605063271301e-28,14,14,1
alphatensor_rank23_transpose,2,wildcard,39,0.01,2.732885998178151,2.621226936310912,0.7731980518575411,0.5435221812683717,0.5385266423169044,0.5386193613296365,2.6645352591003757e-15,2.1798141820725537e-28,14,14,1
alphatensor_rank23_transpose,2,wildcard,39,0.03,2.732885998178151,2.621226936310912,0.7731980518575411,0.5435221812683717,0.5284734528546675,0.5293189677907633,2.55351295663786e-15,2.0041337802021583e-28,14,14,1
alphatensor_rank23_transpose,2,wildcard,39,0.05,2.732885998178151,2.621226936310912,0.7731980518575411,0.5435221812683717,0.5183487900292094,0.5207418960996595,2.0132092597886125e-15,1.3151574033157388e-28,14,14,1
alphatensor_rank23_transpose,2,wildcard,40,0.001,3.5121201285928176,3.272214133155962,1.2757752405659857,0.5435221812683717,0.5430595769603717,0.5430674889880025,2.60962827011119e-15,1.7849631687831684e-28,14,14,1
alphatensor_rank23_transpose,2,wildcard,40,0.003,3.5121201285928176,3.272214133155962,1.2757752405659857,0.5435221812683717,0.5421334258687328,0.5422047540184695,2.4424906541753444e-15,2.0465992101588316e-28,14,14,1
alphatensor_rank23_transpose,2,wildcard,40,0.01,3.5121201285928176,3.272214133155962,1.2757752405659857,0.5435221812683717,0.5388820712655541,0.5396788863344751,2.8539236660996454e-15,1.763808689807046e-28,14,14,1
alphatensor_rank23_transpose,2,wildcard,40,0.03,3.5121201285928176,3.272214133155962,1.2757752405659857,0.5435221812683717,0.529510089640814,0.536760500786207,2.0965622031030884e-15,1.5806865644927042e-28,14,14,1
alphatensor_rank23_transpose,2,wildcard,40,0.05,3.5121201285928176,3.272214133155962,1.2757752405659857,0.5435221812683717,0.5200207306484187,0.5402476050078354,3.13237598864451e-15,3.134875241158028e-28,14,14,1
alphatensor_rank23_transpose,2,wildcard,41,0.001,3.478548872815174,3.2653604216950916,1.1990511152536294,0.5435221812683717,0.5430172606685674,0.5430198387324653,2.2671445952597908e-15,1.367190845407063e-28,14,14,1
alphatensor_rank23_transpose,2,wildcard,41,0.003,3.478548872815174,3.2653604216950916,1.1990511152536294,0.5435221812683717,0.5420060539203172,0.5420292749963753,3.4177469338256726e-15,3.224157692369217e-28,14,14,1
alphatensor_rank23_transpose,2,wildcard,41,0.01,3.478548872815174,3.2653604216950916,1.1990511152536294,0.5435221812683717,0.5384527704492617,0.5387114951294057,1.0794793857556345e-14,8.010445745658523e-28,14,14,1
alphatensor_rank23_transpose,2,wildcard,41,0.03,3.478548872815174,3.2653604216950916,1.1990511152536294,0.5435221812683717,0.5281865094944641,0.5305330128367491,2.600204178820707e-15,3.0418498682404462e-28,14,14,1
alphatensor_rank23_transpose,2,wildcard,41,0.05,3.478548872815174,3.2653604216950916,1.1990511152536294,0.5435221812683717,0.5177654939172929,0.524333690073183,2.8168649087807663e-15,2.6534847895362792e-28,14,14,1
alphatensor_rank23_transpose,2,wildcard,42,0.001,2.7520892548431997,2.638922008324727,0.7810799578806167,0.5435221812683717,0.543009209601572,0.5430111364674257,2.9776028956944413e-15,2.352323497158255e-28,14,14,1
alphatensor_rank23_transpose,2,wildcard,42,0.003,2.7520892548431997,2.638922008324727,0.7810799578806167,0.5435221812683717,0.5419823288823362,0.5419996686850994,4.1462467669765995e-15,5.707943657490852e-28,14,14,1
alphatensor_rank23_transpose,2,wildcard,42,0.01,2.7520892548431997,2.638922008324727,0.7810799578806167,0.5435221812683717,0.5383787452164853,0.5385713544987957,8.184140074777468e-15,4.80537920381469e-28,14,14,1
alphatensor_rank23_transpose,2,wildcard,42,0.03,2.7520892548431997,2.638922008324727,0.7810799578806167,0.5435221812683717,0.5280094366747824,0.5297435771089053,3.589484380526432e-15,2.915702693849794e-28,14,14,1
alphatensor_rank23_transpose,2,wildcard,42,0.05,2.7520892548431997,2.638922008324727,0.7810799578806167,0.5435221812683717,0.5175495910058222,0.5223800040142124,3.739340245192209e-15,3.993111346452055e-28,14,14,1
alphatensor_rank23_transpose,2,wildcard,43,0.001,3.8447545134868166,3.4389589345381752,1.7192145635543294,0.5435221812683717,0.542954259295743,0.542976568328506,2.6571002847280817e-15,1.9583031535124313e-28,14,14,1
alphatensor_rank23_transpose,2,wildcard,43,0.003,3.8447545134868166,3.4389589345381752,1.7192145635543294,0.5435221812683717,0.5418172705872116,0.542018488160568,2.2706610601540226e-15,1.628999796599321e-28,14,14,1
alphatensor_rank23_transpose,2,wildcard,43,0.01,3.8447545134868166,3.4389589345381752,1.7192145635543294,0.5435221812683717,0.5378265803294042,0.5400762394044707,2.371215721115498e-15,1.9043552910643383e-28,14,14,1
alphatensor_rank23_transpose,2,wildcard,43,0.03,3.8447545134868166,3.4389589345381752,1.7192145635543294,0.5435221812683717,0.5263458153577826,0.5467043123101085,3.0661258404635212e-15,2.3973221469876267e-28,14,14,1
alphatensor_rank23_transpose,2,wildcard,43,0.05,3.8447545134868166,3.4389589345381752,1.7192145635543294,0.5435221812683717,0.5147835049164551,0.5706617220742649,2.4883366720213822e-15,1.5568630217825904e-28,14,14,1
alphatensor_rank23_transpose,2,wildcard,44,0.001,3.9722141214806634,3.634229692710028,1.6033900235174152,0.5435221812683717,0.5430057179597838,0.5430166467817328,2.0093872316864756e-15,1.6228218613373858e-28,14,14,1
alphatensor_rank23_transpose,2,wildcard,44,0.003,3.9722141214806634,3.634229692710028,1.6033900235174152,0.5435221812683717,0.5419717189353295,0.542070118498664,2.6645352591003757e-15,1.9374793761048867e-28,14,14,1
alphatensor_rank23_transpose,2,wildcard,44,0.01,3.9722141214806634,3.634229692710028,1.6033900235174152,0.5435221812683717,0.5383417647171127,0.5394358914012882,6.820942720458238e-15,8.248432247425081e-28,14,14,1
alphatensor_rank23_transpose,2,wildcard,44,0.03,3.9722141214806634,3.634229692710028,1.6033900235174152,0.5435221812683717,0.5278837519995272,0.5376923255773987,1.7959369228085897e-15,1.5198130123779816e-28,14,14,1
alphatensor_rank23_transpose,2,wildcard,44,0.05,3.9722141214806634,3.634229692710028,1.6033900235174152,0.5435221812683717,0.5173136018361343,0.5442201214640904,4.300817459119645e-15,2.2476005350489195e-28,14,14,1
alphatensor_rank23_transpose,2,wildcard,45,0.001,3.9804255117925234,3.7619819442983102,1.3004918706790434,0.5435221812683717,0.5428952272241746,0.5429020671281607,2.1214386359535682e-15,1.8228668002701532e-28,14,14,1
alphatensor_rank23_transpose,2,wildcard,45,0.003,3.9804255117925234,3.7619819442983102,1.3004918706790434,0.5435221812683717,0.5416398148331277,0.5417014476823057,1.908503360618815e-15,1.5736981131394944e-28,14,14,1
alphatensor_rank23_transpose,2,wildcard,45,0.01,3.9804255117925234,3.7619819442983102,1.3004918706790434,0.5435221812683717,0.5372307009946307,0.5379181700941917,2.2649940024246695e-15,2.1398809013277225e-28,14,14,1
alphatensor_rank23_transpose,2,wildcard,45,0.03,3.9804255117925234,3.7619819442983102,1.3004918706790434,0.5435221812683717,0.5245177894507821,0.5307569588856048,2.3491339822683025e-15,2.4630939920405374e-28,14,14,1
alphatensor_rank23_transpose,2,wildcard,45,0.05,3.9804255117925234,3.7619819442983102,1.3004918706790434,0.5435221812683717,0.5116658927404332,0.5290736008333348,2.261586614824057e-15,1.9457566286303334e-28,14,14,1
alphatensor_rank23_transpose,2,wildcard,46,0.001,3.5047121884268955,3.170901122769233,1.4927804906713016,0.5435221812683717,0.5430513018859005,0.5430659542136573,1.921208258351622e-15,1.4523513924561618e-28,14,14,1
alphatensor_rank23_transpose,2,wildcard,46,0.003,3.5047121884268955,3.170901122769233,1.4927804906713016,0.5435221812683717,0.5421087963847337,0.542240849101629,1.1627265958664973e-14,9.645116231565863e-28,14,14,1
alphatensor_rank23_transpose,2,wildcard,46,0.01,3.5047121884268955,3.170901122769233,1.4927804906713016,0.5435221812683717,0.5388024240013438,0.5402753820156979,3.9141099009470126e-15,6.140192218883992e-28,14,14,1
alphatensor_rank23_transpose,2,wildcard,46,0.03,3.5047121884268955,3.170901122769233,1.4927804906713016,0.5435221812683717,0.5292961475885847,0.542591344537899,2.220446049250313e-15,1.7225644766077024e-28,14,14,1
alphatensor_rank23_transpose,2,wildcard,46,0.05,3.5047121884268955,3.170901122769233,1.4927804906713016,0.5435221812683717,0.5197146110953226,0.5563159613420967,2.1965909770430467e-15,1.9420339237908866e-28,14,14,1
alphatensor_rank23_transpose,2,wildcard,47,0.001,3.667203852117024,3.2720147552845305,1.6559901974897835,0.5435221812683717,0.5430204554549719,0.5430261619464114,3.646635656605914e-15,2.8183681595288266e-28,14,14,1
alphatensor_rank23_transpose,2,wildcard,47,0.003,3.667203852117024,3.2720147552845305,1.6559901974897835,0.5435221812683717,0.5420161457457325,0.5420675904305383,1.887379141862766e-15,1.6628756934888526e-28,14,14,1
alphatensor_rank23_transpose,2,wildcard,47,0.01,3.667203852117024,3.2720147552845305,1.6559901974897835,0.5435221812683717,0.5384924021827326,0.5390672022928142,2.220446049250313e-15,2.123960250673398e-28,14,14,1
alphatensor_rank23_transpose,2,wildcard,47,0.03,3.667203852117024,3.2720147552845305,1.6559901974897835,0.5435221812683717,0.5283586675702437,0.5336012903757562,2.3314683517128287e-15,1.545873324252281e-28,14,14,1
alphatensor_rank23_transpose,2,wildcard,47,0.05,3.667203852117024,3.2720147552845305,1.6559901974897835,0.5435221812683717,0.5181461286697348,0.5328508767549766,3.1678536539602164e-15,3.930528595797229e-28,14,14,1
alphatensor_rank23_transpose,2,wildcard,48,0.001,3.97006077397281,3.7188258172180424,1.3898622558477323,0.5435221812683717,0.5429714654531729,0.5429890922303812,2.8353712856973814e-15,1.7121943139521877e-28,14,14,1
alphatensor_rank23_transpose,2,wildcard,48,0.003,3.97006077397281,3.7188258172180424,1.3898622558477323,0.5435221812683717,0.5418695337835128,0.5420284281757302,2.220446049250313e-15,2.5523488069160295e-28,14,14,1
alphatensor_rank23_transpose,2,wildcard,48,0.01,3.97006077397281,3.7188258172180424,1.3898622558477323,0.5435221812683717,0.5380076667718626,0.5397810723976687,3.287159494784759e-15,3.2565976180029584e-28,14,14,1
alphatensor_rank23_transpose,2,wildcard,48,0.03,3.97006077397281,3.7188258172180424,1.3898622558477323,0.5435221812683717,0.5269334507318082,0.542942614502391,1.8008657804751818e-15,1.4817645257861798e-28,14,14,1
alphatensor_rank23_transpose,2,wildcard,48,0.05,3.97006077397281,3.7188258172180424,1.3898622558477323,0.5435221812683717,0.5158074278633508,0.559787836221715,2.5970881363876948e-15,1.6790814543424423e-28,14,14,1
alphatensor_rank23_transpose,3,structured,0,0.001,2.720592923629738,2.6460624266740638,0.632439317443161,0.5116236365281794,0.5111119269077452,0.511111980113435,2.236041250419089e-15,2.3224704629025027e-28,14,14,1
alphatensor_rank23_transpose,3,structured,0,0.003,2.720592923629738,2.6460624266740638,0.632439317443161,0.5116236365281794,0.5100879965407906,0.5100884729881042,2.458592583117147e-15,2.6875600987078736e-28,14,14,1
alphatensor_rank23_transpose,3,structured,0,0.01,2.720592923629738,2.6460624266740638,0.632439317443161,0.5116236365281794,0.5064990392784365,0.5065042901641124,2.8616990685493614e-15,2.981768727462826e-28,14,14,1
alphatensor_rank23_transpose,3,structured,0,0.03,2.720592923629738,2.6460624266740638,0.632439317443161,0.5116236365281794,0.4962043317997906,0.49625498747773084,3.219646771412954e-15,1.8039615280507841e-28,14,14,1
alphatensor_rank23_transpose,3,structured,0,0.05,2.720592923629738,2.6460624266740638,0.632439317443161,0.5116236365281794,0.48585899444390657,0.4860325074651065,2.089543628904715e-15,1.4104239660111598e-28,14,14,1
alphatensor_rank23_transpose,3,wildcard,1,0.001,3.4460912083462376,3.1341298716473136,1.4327506984431144,0.5116236365281794,0.511160010078629,0.5111770059248752,2.6236170429718615e-15,2.0061101621813944e-28,14,14,1
alphatensor_rank23_transpose,3,wildcard,1,0.003,3.4460912083462376,3.1341298716473136,1.4327506984431144,0.5116236365281794,0.5102322736019677,0.5103854806597371,3.4108867667837106e-15,2.0096344360709664e-28,14,14,1
alphatensor_rank23_transpose,3,wildcard,1,0.01,3.4460912083462376,3.1341298716473136,1.4327506984431144,0.5116236365281794,0.5069802541577266,0.5086901599164282,2.4424906541753444e-15,1.3910703420473795e-28,14,14,1
alphatensor_rank23_transpose,3,wildcard,1,0.03,3.4460912083462376,3.1341298716473136,1.4327506984431144,0.5116236365281794,0.49764967932867493,0.5130835319106132,3.159979040048383e-15,4.052635943607421e-28,14,14,1
alphatensor_rank23_transpose,3,wildcard,1,0.05,3.4460912083462376,3.1341298716473136,1.4327506984431144,0.5116236365281794,0.48826869509569903,0.5306632052053267,1.9972585084634724e-15,1.2999108399285058e-28,14,14,1
alphatensor_rank23_transpose,3,wildcard,2,0.001,3.7822176180278624,3.5795820513381127,1.2213772749885219,0.5116236365281794,0.5110840653375677,0.5110879778592469,2.8223225810380116e-15,2.631701717954057e-28,14,14,1
alphatensor_rank23_transpose,3,wildcard,2,0.003,3.7822176180278624,3.5795820513381127,1.2213772749885219,0.5116236365281794,0.5100045866600709,0.5100398620082179,2.28951175501639e-15,1.9307625598591442e-28,14,14,1
alphatensor_rank23_transpose,3,wildcard,2,0.01,3.7822176180278624,3.5795820513381127,1.2213772749885219,0.5116236365281794,0.5062231969540476,0.50661758531,2.220446049250313e-15,1.4873458320853039e-28,14,14,1
alphatensor_rank23_transpose,3,wildcard,2,0.03,3.7822176180278624,3.5795820513381127,1.2213772749885219,0.5116236365281794,0.49539941367649293,0.4990125332964935,3.8020915548158135e-15,4.070126655311845e-28,14,14,1
alphatensor_rank23_transpose,3,wildcard,2,0.05,3.7822176180278624,3.5795820513381127,1.2213772749885219,0.5116236365281794,0.48456448251620754,0.4947866605816985,2.1094237467877974e-15,1.3336915204031144e-28,14,14,1
alphatensor_rank23_transpose,3,wildcard,3,0.001,3.382321524837691,3.091265708345204,1.3726526209458056,0.5116236365281794,0.5111020610538539,0.5111037202109064,2.7070370119017516e-15,3.002107743467956e-28,14,14,1
alphatensor_rank23_transpose,3,wildcard,3,0.003,3.382321524837691,3.091265708345204,1.3726526209458056,0.5116236365281794,0.510058023778708,0.5100729865233127,2.3903124583524825e-15,2.487230028872209e-28,14,14,1
alphatensor_rank23_transpose,3,wildcard,3,0.01,3.382321524837691,3.091265708345204,1.3726526209458056,0.5116236365281794,0.5063947566855691,0.5065622388966958,2.1307043875355134e-15,2.0375917350100754e-28,14,14,1
alphatensor_rank23_transpose,3,wildcard,3,0.03,3.382321524837691,3.091265708345204,1.3726526209458056,0.5116236365281794,0.49585412037577803,0.4973976340481853,9.441401040587453e-15,7.33687413350401e-28,14,14,1
alphatensor_rank23_transpose,3,wildcard,3,0.05,3.382321524837691,3.091265708345204,1.3726526209458056,0.5116236365281794,0.48521342742391715,0.4896256561886507,4.918283851725837e-15,5.933202095746391e-28,14,14,1
alphatensor_rank23_transpose,3,wildcard,4,0.001,3.264429079313671,3.097236258022114,1.0313218585203519,0.5116236365281794,0.5111394356559491,0.5111415249151098,2.2113980803432803e-15,2.112950266170284e-28,14,14,1
alphatensor_rank23_transpose,3,wildcard,4,0.003,3.264429079313671,3.097236258022114,1.0313218585203519,0.5116236365281794,0.5101699822858429,0.5101888248152618,1.9984014443252818e-15,2.038230108020084e-28,14,14,1
alphatensor_rank23_transpose,3,wildcard,4,0.01,3.264429079313671,3.097236258022114,1.0313218585203519,0.5116236365281794,0.5067660339516492,0.5069769543525372,2.220446049250313e-15,1.1749480728580959e-28,14,14,1
alphatensor_rank23_transpose,3,wildcard,4,0.03,3.264429079313671,3.097236258022114,1.0313218585203519,0.5116236365281794,0.4969516525369818,0.4988931197305245,2.220446049250313e-15,1.553327650483555e-28,14,14,1
alphatensor_rank23_transpose,3,wildcard,4,0.05,3.264429079313671,3.097236258022114,1.0313218585203519,0.5116236365281794,0.4870153193513676,0.49254437894900543,2.2273786951414693e-15,1.5511291032210445e-28,14,14,1
alphatensor_rank23_transpose,3,wildcard,5,0.001,3.8492791828703314,3.6944838531749067,1.0806198620739762,0.5116236365281794,0.5110351291862462,0.5110367182487705,2.6975936071633057e-15,2.3624452015857547e-28,14,14,1
alphatensor_rank23_transpose,3,wildcard,5,0.003,3.8492791828703314,3.6944838531749067,1.0806198620739762,0.5116236365281794,0.5098569089203626,0.5098712413095734,2.1090176760329255e-15,1.7864513555927463e-28,14,14,1
alphatensor_rank23_transpose,3,wildcard,5,0.01,3.8492791828703314,3.6944838531749067,1.0806198620739762,0.5116236365281794,0.5057208730507364,0.5058814465543527,1.9984014443252818e-15,1.3045340482063703e-28,14,14,1
alphatensor_rank23_transpose,3,wildcard,5,0.03,3.8492791828703314,3.6944838531749067,1.0806198620739762,0.5116236365281794,0.4938080576808587,0.49529878564310875,5.247232882867678e-15,5.709005359530377e-28,14,14,1
alphatensor_rank23_transpose,3,wildcard,5,0.05,3.8492791828703314,3.6944838531749067,1.0806198620739762,0.5116236365281794,0.48177597115045784,0.48610523815175904,4.023593525749136e-15,5.993395817477511e-28,14,14,1
alphatensor_rank23_transpose,3,wildcard,6,0.001,4.6809330149169766,4.48835317493151,1.328841475580127,0.5116236365281794,0.5109244175006505,0.5109317428328225,3.1086244689504383e-15,2.355098166327782e-28,14,14,1
alphatensor_rank23_transpose,3,wildcard,6,0.003,4.6809330149169766,4.48835317493151,1.328841475580127,0.5116236365281794,0.5095249493335409,0.5095910273496792,4.218847493575595e-15,4.045581052867216e-28,14,14,1
alphatensor_rank23_transpose,3,wildcard,6,0.01,4.6809330149169766,4.48835317493151,1.328841475580127,0.5116236365281794,0.504616719181506,0.5053565904781455,1.9984014443252818e-15,1.0805243891352204e-28,14,14,1
alphatensor_rank23_transpose,3,wildcard,6,0.03,4.6809330149169766,4.48835317493151,1.328841475580127,0.5116236365281794,0.4905234232469255,0.4973149909161775,1.6152326034989625e-15,1.2396331524479681e-28,14,14,1
alphatensor_rank23_transpose,3,wildcard,6,0.05,4.6809330149169766,4.48835317493151,1.328841475580127,0.5116236365281794,0.47636312572227885,0.49554520957839165,2.1094237467877974e-15,1.999759649183689e-28,14,14,1
alphatensor_rank23_transpose,3,wildcard,7,0.001,2.9910476527245993,2.863652737734738,0.8636313209545337,0.5116236365281794,0.5111986794253743,0.5112018243275994,2.6645352591003757e-15,2.1807566398507653e-28,14,14,1
alphatensor_rank23_transpose,3,wildcard,7,0.003,2.9910476527245993,2.863652737734738,0.8636313209545337,0.5116236365281794,0.510348458079848,0.5103767839972426,2.128396103150404e-15,2.336721387227977e-28,14,14,1
alphatensor_rank23_transpose,3,wildcard,7,0.01,2.9910476527245993,2.863652737734738,0.8636313209545337,0.5116236365281794,0.5073695029259024,0.5076850291583241,3.312839722635617e-15,2.25555698078893e-28,14,14,1
alphatensor_rank23_transpose,3,wildcard,7,0.03,2.9910476527245993,2.863652737734738,0.8636313209545337,0.5116236365281794,0.4988320585917318,0.501687979824427,6.334340966347613e-15,4.614012167431502e-28,14,14,1
alphatensor_rank23_transpose,3,wildcard,7,0.05,2.9910476527245993,2.863652737734738,0.8636313209545337,0.5116236365281794,0.49025861745605404,0.4982191257208716,2.7204148914998796e-15,2.1348510227621004e-28,14,14,1
alphatensor_rank23_transpose,3,wildcard,8,0.001,3.955098125865267,3.752153608246064,1.2506576211533638,0.5116236365281794,0.5110403298926122,0.5110489625904477,2.7166414539838837e-15,2.5157311425076933e-28,14,14,1
alphatensor_rank23_transpose,3,wildcard,8,0.003,3.955098125865267,3.752153608246064,1.2506576211533638,0.5116236365281794,0.5098728715913843,0.5099507218457591,2.0020316235065838e-15,2.0363215895389193e-28,14,14,1
alphatensor_rank23_transpose,3,wildcard,8,0.01,3.955098125865267,3.752153608246064,1.2506576211533638,0.5116236365281794,0.5057779877400469,0.5066486335912765,2.220446049250313e-15,1.4681183564766122e-28,14,14,1
alphatensor_rank23_transpose,3,wildcard,8,0.03,3.955098125865267,3.752153608246064,1.2506576211533638,0.5116236365281794,0.4940053638426332,0.5019516627112719,4.5630083234190315e-15,6.189688826836254e-28,14,14,1
alphatensor_rank23_transpose,3,wildcard,8,0.05,3.955098125865267,3.752153608246064,1.2506576211533638,0.5116236365281794,0.4821301735022161,0.5043602190500888,1.7814329515138676e-15,1.1396393568523306e-28,14,14,1
alphatensor_rank23_transpose,3,wildcard,9,0.001,3.4955765167682453,3.2790138742922306,1.2112486106413811,0.5116236365281794,0.5110937348559401,0.511098093135632,2.4731103045855506e-15,2.2468272724188713e-28,14,14,1
alphatensor_rank23_transpose,3,wildcard,9,0.003,3.4955765167682453,3.2790138742922306,1.2112486106413811,0.5116236365281794,0.5100333865610412,0.5100726845320492,3.0265555417708926e-15,2.581878630065673e-28,14,14,1
alphatensor_rank23_transpose,3,wildcard,9,0.01,3.4955765167682453,3.2790138742922306,1.2112486106413811,0.5116236365281794,0.5063166284649918,0.5067560747286936,2.8354826399662616e-15,2.3349478600897883e-28,14,14,1
alphatensor_rank23_transpose,3,wildcard,9,0.03,3.4955765167682453,3.2790138742922306,1.2112486106413811,0.5116236365281794,0.49565423104785844,0.499677147812154,1.7763568394002505e-15,1.630770688856308e-28,14,14,1
alphatensor_rank23_transpose,3,wildcard,9,0.05,3.4955765167682453,3.2790138742922306,1.2112486106413811,0.5116236365281794,0.4849380276785722,0.4962856096156846,2.093245597599875e-15,1.019137420101851e-28,14,14,1
alphatensor_rank23_transpose,3,wildcard,10,0.001,3.365353650570353,3.187063820353267,1.080846611875358,0.5116236365281794,0.5110802802227704,0.5110822213700007,2.4424906541753444e-15,2.756153923466642e-28,14,14,1
alphatensor_rank23_transpose,3,wildcard,10,0.003,3.365353650570353,3.187063820353267,1.080846611875358,0.5116236365281794,0.5099930055729365,0.5100105142844369,2.8009312661683824e-15,2.255229426627462e-28,14,14,1
alphatensor_rank23_transpose,3,wildcard,10,0.01,3.365353650570353,3.187063820353267,1.080846611875358,0.5116236365281794,0.5061818247812264,0.5063779166613375,2.6645352591003757e-15,2.3504331620169783e-28,14,14,1
alphatensor_rank23_transpose,3,wildcard,10,0.03,3.365353650570353,3.187063820353267,1.080846611875358,0.5116236365281794,0.49524818998868586,0.4970581977093375,2.6645352591003757e-15,1.8421538983528299e-28,14,14,1
alphatensor_rank23_transpose,3,wildcard,10,0.05,3.365353650570353,3.187063820353267,1.080846611875358,0.5116236365281794,0.4842592244272002,0.4894410466813239,4.935759858346702e-15,5.507269164205311e-28,14,14,1
alphatensor_rank23_transpose,3,wildcard,11,0.001,3.860646668214613,3.6152846991398295,1.3543667306021752,0.5116236365281794,0.5111106279611936,0.5111184911998905,3.1086244689504383e-15,2.9861608306593963e-28,14,14,1
alphatensor_rank23_transpose,3,wildcard,11,0.003,3.860646668214613,3.6152846991398295,1.3543667306021752,0.5116236365281794,0.5100834759792532,0.510154321546669,2.08841959069462e-15,1.9645760136841164e-28,14,14,1
alphatensor_rank23_transpose,3,wildcard,11,0.01,3.860646668214613,3.6152846991398295,1.3543667306021752,0.5116236365281794,0.5064770079553288,0.5072668061710313,1.5615649074063713e-15,1.1159992064333753e-28,14,14,1
alphatensor_rank23_transpose,3,wildcard,11,0.03,3.860646668214613,3.6152846991398295,1.3543667306021752,0.5116236365281794,0.4960860291647117,0.5032344084428426,1.6653345369377348e-15,1.2122021154035793e-28,14,14,1
alphatensor_rank23_transpose,3,wildcard,11,0.05,3.860646668214613,3.6152846991398295,1.3543667306021752,0.5116236365281794,0.4855912643099543,0.5054485076382057,2.220446049250313e-15,2.9958081625661465e-28,14,14,1
alphatensor_rank23_transpose,3,wildcard,12,0.001,3.338941442134686,3.2003348389881285,0.9520435244059435,0.5116236365281794,0.5110657617814943,0.511069137718437,2.586918593412184e-15,2.2747145636117807e-28,14,14,1
alphatensor_rank23_transpose,3,wildcard,12,0.003,3.338941442134686,3.2003348389881285,0.9520435244059435,0.5116236365281794,0.5099492088222622,0.5099796868969931,2.378484504308787e-15,2.0542353968766405e-28,14,14,1
alphatensor_rank23_transpose,3,wildcard,12,0.01,3.338941442134686,3.2003348389881285,0.9520435244059435,0.5116236365281794,0.5060330345130555,0.5063754125846707,1.1375842990587292e-15,9.298701956445083e-29,14,14,1
alphatensor_rank23_transpose,3,wildcard,12,0.03,3.338941442134686,3.2003348389881285,0.9520435244059435,0.5116236365281794,0.4947783227421672,0.49796048026525724,2.4487659779986383e-15,1.7778337065745024e-28,14,14,1
alphatensor_rank23_transpose,3,wildcard,12,0.05,3.338941442134686,3.2003348389881285,0.9520435244059435,0.5116236365281794,0.48343861924802256,0.49258356149103105,3.8273618286111224e-15,4.486883698723001e-28,14,14,1
alphatensor_rank23_transpose,3,wildcard,13,0.001,3.2004127862567007,3.0727835429468477,0.8947867347197257,0.5116236365281794,0.5110947125246104,0.5110966824499594,3.6637144470030035e-15,2.552089087280845e-28,14,14,1
alphatensor_rank23_transpose,3,wildcard,13,0.003,3.2004127862567007,3.0727835429468477,0.8947867347197257,0.5116236365281794,0.5100363121926804,0.5100540514311163,3.1086244689504383e-15,2.446788671069573e-28,14,14,1
alphatensor_rank23_transpose,3,wildcard,13,0.01,3.2004127862567007,3.0727835429468477,0.8947867347197257,0.5116236365281794,0.5063263211389158,0.5065238362237716,2.3068692226051292e-15,1.3358298928894523e-28,14,14,1
alphatensor_rank23_transpose,3,wildcard,13,0.03,3.2004127862567007,3.0727835429468477,0.8947867347197257,0.5116236365281794,0.4956834774511776,0.49747432465957536,4.33588500123599e-15,4.9328209727581755e-28,14,14,1
alphatensor_rank23_transpose,3,wildcard,13,0.05,3.2004127862567007,3.0727835429468477,0.8947867347197257,0.5116236365281794,0.48498873476765075,0.49001489761461364,5.88418203051333e-15,6.909113013779727e-28,14,14,1
alphatensor_rank23_transpose,3,wildcard,14,0.001,2.8006045401314403,2.6712692024303193,0.841253016845778,0.5116236365281794,0.511154508701386,0.5111557433730585,2.3314201618178585e-15,2.3960215906084636e-28,14,14,1
alphatensor_rank23_transpose,3,wildcard,14,0.003,2.8006045401314403,2.6712692024303193,0.841253016845778,0.5116236365281794,0.510215586187177,0.5102267098548927,2.3999854933732594e-15,2.229938756870957e-28,14,14,1
alphatensor_rank23_transpose,3,wildcard,14,0.01,2.8006045401314403,2.6712692024303193,0.841253016845778,0.5116236365281794,0.5069224963714384,0.5070465771609083,2.5541804736465276e-15,2.5056416958198756e-28,14,14,1
alphatensor_rank23_transpose,3,wildcard,14,0.03,2.8006045401314403,2.6712692024303193,0.841253016845778,0.5116236365281794,0.4974582744142553,0.49859036725508815,4.128752961228792e-15,3.3061821022750445e-28,14,14,1
alphatensor_rank23_transpose,3,wildcard,14,0.05,2.8006045401314403,2.6712692024303193,0.841253016845778,0.5116236365281794,0.48791990397246304,0.4911223510002061,2.8057580413525348e-15,2.775273261389577e-28,14,14,1
alphatensor_rank23_transpose,3,wildcard,15,0.001,3.052296279178432,2.954651265732904,0.7658645270473425,0.5116236365281794,0.5111015188714283,0.5111029365376512,2.4748358808172604e-15,2.1974926048719567e-28,14,14,1
alphatensor_rank23_transpose,3,wildcard,15,0.003,3.052296279178432,2.954651265732904,0.7658645270473425,0.5116236365281794,0.510056281033518,0.5100690559967138,2.4326256026688003e-15,2.0919153867062147e-28,14,14,1
alphatensor_rank23_transpose,3,wildcard,15,0.01,3.052296279178432,2.954651265732904,0.7658645270473425,0.5116236365281794,0.5063876287669905,0.5065302194728211,8.006918818718046e-15,4.275515961629306e-28,14,14,1
alphatensor_rank23_transpose,3,wildcard,15,0.03,3.052296279178432,2.954651265732904,0.7658645270473425,0.5116236365281794,0.49582220409776845,0.4971243928497335,2.220446049250313e-15,1.681882240387689e-28,14,14,1
alphatensor_rank23_transpose,3,wildcard,15,0.05,3.052296279178432,2.954651265732904,0.7658645270473425,0.5116236365281794,0.4851439646257022,0.4888249162956232,4.6159023172518006e-15,7.13256159632885e-28,14,14,1
alphatensor_rank23_transpose,3,wildcard,16,0.001,2.8797767797131604,2.7464287867732304,0.866165815625635,0.5116236365281794,0.5111547144194653,0.5111567648677486,2.4266491449188154e-15,2.1987254679339754e-28,14,14,1
alphatensor_rank23_transpose,3,wildcard,16,0.003,2.8797767797131604,2.7464287867732304,0.866165815625635,0.5116236365281794,0.5102163957857115,0.510234888384188,2.505243683827064e-15,2.517949004706998e-28,14,14,1
alphatensor_rank23_transpose,3,wildcard,16,0.01,2.8797767797131604,2.7464287867732304,0.866165815625635,0.5116236365281794,0.5069274620571194,0.5071344785666145,3.321054018841657e-15,4.393039828492009e-28,14,14,1
alphatensor_rank23_transpose,3,wildcard,16,0.03,2.8797767797131604,2.7464287867732304,0.866165815625635,0.5116236365281794,0.49749322806819546,0.4993999972593544,2.710293419370748e-15,2.027872859456568e-28,14,14,1
alphatensor_rank23_transpose,3,wildcard,16,0.05,2.8797767797131604,2.7464287867732304,0.866165815625635,0.5116236365281794,0.48801335207164775,0.493451880913773,1.6237762796660918e-15,1.1181746482631157e-28,14,14,1
alphatensor_rank23_transpose,3,wildcard,17,0.001,3.0611657085089723,2.8595969250124957,1.0924472167616675,0.5116236365281794,0.5111587190483121,0.511166698233359,2.220446049250313e-15,1.9204652458211283e-28,14,14,1
alphatensor_rank23_transpose,3,wildcard,17,0.003,3.0611657085089723,2.8595969250124957,1.0924472167616675,0.5116236365281794,0.5102280741538552,0.5102999643504388,2.6645352591003757e-15,2.755745317117068e-28,14,14,1
alphatensor_rank23_transpose,3,wildcard,17,0.01,3.0611657085089723,2.8595969250124957,1.0924472167616675,0.5116236365281794,0.5069624587561873,0.507763853369526,2.6111293462627237e-15,2.945480575964919e-28,14,14,1
alphatensor_rank23_transpose,3,wildcard,17,0.03,3.0611657085089723,2.8595969250124957,1.0924472167616675,0.5116236365281794,0.49756400956233293,0.504811813588555,3.069301915842783e-15,3.4325648988387595e-28,14,14,1
alphatensor_rank23_transpose,3,wildcard,17,0.05,3.0611657085089723,2.8595969250124957,1.0924472167616675,0.5116236365281794,0.4880727542560263,0.5081694590225384,2.379877897431677e-15,1.6513276344463336e-28,14,14,1
alphatensor_rank23_transpose,3,wildcard,18,0.001,3.6755614813099964,3.45726875897422,1.2478160646147316,0.5116236365281794,0.5111423950586774,0.5111474025165355,2.121680764171692e-15,2.22100033244646e-28,14,14,1
alphatensor_rank23_transpose,3,wildcard,18,0.003,3.6755614813099964,3.45726875897422,1.2478160646147316,0.5116236365281794,0.5101793750388339,0.5102245644353764,2.4424906541753444e-15,2.116567727405117e-28,14,14,1
alphatensor_rank23_transpose,3,wildcard,18,0.01,3.6755614813099964,3.45726875897422,1.2478160646147316,0.5116236365281794,0.5068032979758271,0.5073100411266176,1.5543122344752192e-15,1.030533956388206e-28,14,14,1
alphatensor_rank23_transpose,3,wildcard,18,0.03,3.6755614813099964,3.45726875897422,1.2478160646147316,0.5116236365281794,0.4971134149536907,0.5017836247888374,3.0799430801074345e-15,2.3139799376342428e-28,14,14,1
alphatensor_rank23_transpose,3,wildcard,18,0.05,3.6755614813099964,3.45726875897422,1.2478160646147316,0.5116236365281794,0.4873661488781401,0.5005989435323188,2.2038586286230426e-15,1.732554153840813e-28,14,14,1
alphatensor_rank23_transpose,3,wildcard,19,0.001,3.0877301528834282,2.961957058341546,0.872288875067322,0.5116236365281794,0.5110940842154902,0.511095849414763,2.6828854372659767e-15,2.147826567810427e-28,14,14,1
alphatensor_rank23_transpose,3,wildcard,19,0.003,3.0877301528834282,2.961957058341546,0.872288875067322,0.5116236365281794,0.5100344849129611,0.5100503779992521,2.4424906541753444e-15,2.414843973012162e-28,14,14,1
alphatensor_rank23_transpose,3,wildcard,19,0.01,3.0877301528834282,2.961957058341546,0.872288875067322,0.5116236365281794,0.5063208382930283,0.5064977117683926,3.840347058293997e-15,2.1391351989357035e-28,14,14,1
alphatensor_rank23_transpose,3,wildcard,19,0.03,3.0877301528834282,2.961957058341546,0.872288875067322,0.5116236365281794,0.4956707719881039,0.49727364655102674,1.9984014443252818e-15,1.4027396429760658e-28,14,14,1
alphatensor_rank23_transpose,3,wildcard,19,0.05,3.0877301528834282,2.961957058341546,0.872288875067322,0.5116236365281794,0.4849708213952784,0.4894747761364265,2.1653691670668452e-15,1.1405178370205643e-28,14,14,1
alphatensor_rank23_transpose,3,wildcard,20,0.001,3.3142339757481345,2.9873160027418177,1.435301343191016,0.5116236365281794,0.511197055338017,0.5112089405087341,1.9984014443252818e-15,1.668324828837329e-28,14,14,1
alphatensor_rank23_transpose,3,wildcard,20,0.003,3.3142339757481345,2.9873160027418177,1.435301343191016,0.5116236365281794,0.5103435558314766,0.5104507300514594,3.066248093392837e-15,2.894664001897775e-28,14,14,1
alphatensor_rank23_transpose,3,wildcard,20,0.01,3.3142339757481345,2.9873160027418177,1.435301343191016,0.5116236365281794,0.5073529220735656,0.5085508829270781,3.353504832543736e-15,3.594262861793309e-28,14,14,1
alphatensor_rank23_transpose,3,wildcard,20,0.03,3.3142339757481345,2.9873160027418177,1.435301343191016,0.5116236365281794,0.498783014218057,0.5096721886019155,2.1094237467877974e-15,1.82337448749432e-28,14,14,1
alphatensor_rank23_transpose,3,wildcard,20,0.05,3.3142339757481345,2.9873160027418177,1.435301343191016,0.5116236365281794,0.49018459984574997,0.5204129226414494,2.641168384850181e-15,2.1163585283301003e-28,14,14,1
alphatensor_rank23_transpose,3,wildcard,21,0.001,2.849888506998924,2.7564345880893057,0.7238320688595479,0.5116236365281794,0.511135363949506,0.5111364665660122,3.552713678800501e-15,2.3956036713367495e-28,14,14,1
alphatensor_rank23_transpose,3,wildcard,21,0.003,2.849888506998924,2.7564345880893057,0.7238320688595479,0.5116236365281794,0.5101583339038044,0.5101682696552581,2.6645352591003757e-15,2.3447768472456463e-28,14,14,1
alphatensor_rank23_transpose,3,wildcard,21,0.01,2.849888506998924,2.7564345880893057,0.7238320688595479,0.5116236365281794,0.5067337916295367,0.5068446985045527,2.9365842194160127e-15,3.0923599499493704e-28,14,14,1
alphatensor_rank23_transpose,3,wildcard,21,0.03,2.849888506998924,2.7564345880893057,0.7238320688595479,0.5116236365281794,0.49691072474180176,0.49792505633124196,4.467498180771433e-15,2.9505454150456113e-28,14,14,1
alphatensor_rank23_transpose,3,wildcard,21,0.05,2.849888506998924,2.7564345880893057,0.7238320688595479,0.5116236365281794,0.4870385999051242,0.48991651639772915,3.1615617977983e-15,2.2410573078488757e-28,14,14,1
alphatensor_rank23_transpose,3,wildcard,22,0.001,3.802462333821213,3.5581586240100713,1.3409798680486669,0.5116236365281794,0.5111410791274477,0.5111461675248391,2.4424906541753444e-15,2.3096464535993044e-28,14,14,1
alphatensor_rank23_transpose,3,wildcard,22,0.003,3.802462333821213,3.5581586240100713,1.3409798680486669,0.5116236365281794,0.510175038640904,0.5102208765409695,2.6645352591003757e-15,2.4055391501572093e-28,14,14,1
alphatensor_rank23_transpose,3,wildcard,22,0.01,3.802462333821213,3.5581586240100713,1.3409798680486669,0.5116236365281794,0.5067842260218388,0.5072950206763055,3.959030694059916e-15,3.28707029005434e-28,14,14,1
alphatensor_rank23_transpose,3,wildcard,22,0.03,3.802462333821213,3.5581586240100713,1.3409798680486669,0.5116236365281794,0.4970143972478227,0.501636907061461,3.6690609277367466e-15,2.686496801983356e-28,14,14,1
alphatensor_rank23_transpose,3,wildcard,22,0.05,3.802462333821213,3.5581586240100713,1.3409798680486669,0.5116236365281794,0.48712565925925005,0.4999824433568715,5.58922834978255e-15,7.01173118831582e-28,14,14,1
alphatensor_rank23_transpose,3,wildcard,23,0.001,3.271119036000709,3.1172006411668103,0.9916047147908478,0.5116236365281794,0.5110948057923318,0.5110962325676138,2.769134191143996e-15,2.7079297936408766e-28,14,14,1
alphatensor_rank23_transpose,3,wildcard,23,0.003,3.271119036000709,3.1172006411668103,0.9916047147908478,0.5116236365281794,0.5100368465630278,0.5100497040449671,2.7436730661838255e-15,2.3664670502689427e-28,14,14,1
alphatensor_rank23_transpose,3,wildcard,23,0.01,3.271119036000709,3.1172006411668103,0.9916047147908478,0.5116236365281794,0.5063310874799504,0.5064746441441826,2.220446049250313e-15,1.282962666532749e-28,14,14,1
alphatensor_rank23_transpose,3,wildcard,23,0.03,3.271119036000709,3.1172006411668103,0.9916047147908478,0.5116236365281794,0.49572380905073427,0.49703864163980216,2.3304815093127875e-15,1.5528687059321147e-28,14,14,1
alphatensor_rank23_transpose,3,wildcard,23,0.05,3.271119036000709,3.1172006411668103,0.9916047147908478,0.5116236365281794,0.4851006240436029,0.488842746508938,1.9865969202254593e-15,1.3791694415093965e-28,14,14,1
alphatensor_rank23_transpose,3,wildcard,24,0.001,3.247838050525628,3.035015312766782,1.156345127422288,0.5116236365281794,0.5111090984176135,0.5111164291197521,2.7109272505123507e-15,2.6988979394969733e-28,14,14,1
alphatensor_rank23_transpose,3,wildcard,24,0.003,3.247838050525628,3.035015312766782,1.156345127422288,0.5116236365281794,0.5100794917266397,0.5101456031028369,2.135264991482035e-15,2.0450665283226263e-28,14,14,1
alphatensor_rank23_transpose,3,wildcard,24,0.01,3.247838050525628,3.035015312766782,1.156345127422288,0.5116236365281794,0.506470451090288,0.5072099970940355,1.6540223946094113e-15,1.203651426072311e-28,14,14,1
alphatensor_rank23_transpose,3,wildcard,24,0.03,3.247838050525628,3.035015312766782,1.156345127422288,0.5116236365281794,0.49611618231332405,0.5028774647644646,2.2486253341813774e-15,2.22200721529004e-28,14,14,1
alphatensor_rank23_transpose,3,wildcard,24,0.05,3.247838050525628,3.035015312766782,1.156345127422288,0.5116236365281794,0.48570727995245083,0.5046842412779439,2.4144780527359287e-15,2.660280907421854e-28,14,14,1
alphatensor_rank23_transpose,3,wildcard,25,0.001,3.307213255435214,3.046396293881336,1.2872952798610138,0.5116236365281794,0.5110920972725868,0.5110949183433087,2.2969077233872497e-15,2.6604964048922918e-28,14,14,1
alphatensor_rank23_transpose,3,wildcard,25,0.003,3.307213255435214,3.046396293881336,1.2872952798610138,0.5116236365281794,0.5100287044135122,0.5100541605613258,2.71915816322966e-15,2.740251528933286e-28,14,14,1
alphatensor_rank23_transpose,3,wildcard,25,0.01,3.307213255435214,3.046396293881336,1.2872952798610138,0.5116236365281794,0.506303771258525,0.506589300690799,7.911384851376978e-15,5.732489277307942e-28,14,14,1
alphatensor_rank23_transpose,3,wildcard,25,0.03,3.307213255435214,3.046396293881336,1.2872952798610138,0.5116236365281794,0.49564083578164636,0.4982884767503848,2.2531411379336072e-15,1.556476660004543e-28,14,14,1
alphatensor_rank23_transpose,3,wildcard,25,0.05,3.307213255435214,3.046396293881336,1.2872952798610138,0.5116236365281794,0.4849619208546777,0.49258027144975475,1.94524461273211e-15,1.6264036735487929e-28,14,14,1
alphatensor_rank23_transpose,3,wildcard,26,0.001,3.9403689251107252,3.6673886987186823,1.4410993714830165,0.5116236365281794,0.5110900142923257,0.5110988101108337,3.4177774188909793e-15,2.5153421422975245e-28,14,14,1
alphatensor_rank23_transpose,3,wildcard,26,0.003,3.9403689251107252,3.6673886987186823,1.4410993714830165,0.5116236365281794,0.5100221711355727,0.510101509692754,3.648263847349007e-15,2.9378813130594862e-28,14,14,1
alphatensor_rank23_transpose,3,wildcard,26,0.01,3.9403689251107252,3.6673886987186823,1.4410993714830165,0.5116236365281794,0.5062785240830001,0.5071664269555212,1.887379141862766e-15,1.2057231396689218e-28,14,14,1
alphatensor_rank23_transpose,3,wildcard,26,0.03,3.9403689251107252,3.6673886987186823,1.4410993714830165,0.5116236365281794,0.49553151331578826,0.5036460254987647,6.917916571244609e-15,9.273607056300242e-28,14,14,1
alphatensor_rank23_transpose,3,wildcard,26,0.05,3.9403689251107252,3.6673886987186823,1.4410993714830165,0.5116236365281794,0.4847144733469925,0.5074217263145465,1.996482584205094e-15,1.4635916785891423e-28,14,14,1
alphatensor_rank23_transpose,3,wildcard,27,0.001,3.0386390492566093,2.8639751253740955,1.0153687768025694,0.5116236365281794,0.5111435602405854,0.5111478359296509,2.5286981677129717e-15,2.4145193387453357e-28,14,14,1
alphatensor_rank23_transpose,3,wildcard,27,0.003,3.0386390492566093,2.8639751253740955,1.0153687768025694,0.5116236365281794,0.510182927094052,0.5102214859359712,2.220446049250313e-15,2.769051228119001e-28,14,14,1
alphatensor_rank23_transpose,3,wildcard,27,0.01,3.0386390492566093,2.8639751253740955,1.0153687768025694,0.5116236365281794,0.5068158025846702,0.5072471770338198,2.6645352591003757e-15,2.1024978025097467e-28,14,14,1
alphatensor_rank23_transpose,3,wildcard,27,0.03,3.0386390492566093,2.8639751253740955,1.0153687768025694,0.5116236365281794,0.4971567053446857,0.5011085308144749,2.220446049250313e-15,1.146135681121649e-28,14,14,1
alphatensor_rank23_transpose,3,wildcard,27,0.05,3.0386390492566093,2.8639751253740955,1.0153687768025694,0.5116236365281794,0.4874479392867983,0.4985912285269552,2.7062759014809406e-15,2.8694560040973345e-28,14,14,1
alphatensor_rank23_transpose,3,wildcard,28,0.001,3.521506514092127,3.389533552480317,0.9550237826376088,0.5116236365281794,0.5111478146683295,0.5111515144504518,2.4424906541753444e-15,1.9535513392941754e-28,14,14,1
alphatensor_rank23_transpose,3,wildcard,28,0.003,3.521506514092127,3.389533552480317,0.9550237826376088,0.5116236365281794,0.5101955801284352,0.5102289300822933,2.672012172632085e-15,3.2180640724680227e-28,14,14,1
alphatensor_rank23_transpose,3,wildcard,28,0.01,3.521506514092127,3.389533552480317,0.9550237826376088,0.5116236365281794,0.5068566077705359,0.5072291077480611,2.2309556652882958e-15,1.744412798137034e-28,14,14,1
alphatensor_rank23_transpose,3,wildcard,28,0.03,3.521506514092127,3.389533552480317,0.9550237826376088,0.5116236365281794,0.49726517405068354,0.5006615945844632,2.3314683517128287e-15,1.339915557770051e-28,14,14,1
alphatensor_rank23_transpose,3,wildcard,28,0.05,3.521506514092127,3.389533552480317,0.9550237826376088,0.5116236365281794,0.4876000447985791,0.4971292863759953,1.887379141862766e-15,1.5060493445705265e-28,14,14,1
alphatensor_rank23_transpose,3,wildcard,29,0.001,3.454865901816224,3.2861023677681356,1.0665972192355864,0.5116236365281794,0.5112353179177104,0.5112382275119153,2.354879834859432e-15,2.515386087312099e-28,14,14,1
alphatensor_rank23_transpose,3,wildcard,29,0.003,3.454865901816224,3.2861023677681356,1.0665972192355864,0.5116236365281794,0.5104582957530873,0.5104845025610001,2.7733187748968644e-15,2.2340919425151077e-28,14,14,1
alphatensor_rank23_transpose,3,wildcard,29,0.01,3.454865901816224,3.2861023677681356,1.0665972192355864,0.5116236365281794,0.5077347214118674,0.5080266481991926,1.9984014443252818e-15,1.207982429870776e-28,14,14,1
alphatensor_rank23_transpose,3,wildcard,29,0.03,3.454865901816224,3.2861023677681356,1.0665972192355864,0.5116236365281794,0.4999199324281449,0.5025619028913462,1.9984014443252818e-15,1.76327637903175e-28,14,14,1
alphatensor_rank23_transpose,3,wildcard,29,0.05,3.454865901816224,3.2861023677681356,1.0665972192355864,0.5116236365281794,0.49205866519598246,0.4994195400018309,1.9984014443252818e-15,1.2390239966625556e-28,14,14,1
alphatensor_rank23_transpose,3,wildcard,30,0.001,3.656163329115711,3.1688147200201477,1.8237717947578078,0.5116236365281794,0.5112114647982642,0.5112387539114062,2.7009327107033403e-15,2.326170442957942e-28,14,14,1
alphatensor_rank23_transpose,3,wildcard,30,0.003,3.656163329115711,3.1688147200201477,1.8237717947578078,0.5116236365281794,0.5103869516520992,0.510632777759101,2.5138439359981137e-15,2.4417344711390505e-28,14,14,1
alphatensor_rank23_transpose,3,wildcard,30,0.01,3.656163329115711,3.1688147200201477,1.8237717947578078,0.5116236365281794,0.5074995047119415,0.5102345213080284,1.9984014443252818e-15,1.4045302889921062e-28,14,14,1
alphatensor_rank23_transpose,3,wildcard,30,0.03,3.656163329115711,3.1688147200201477,1.8237717947578078,0.5116236365281794,0.49923877222139884,0.5235598316650365,2.6791934124078455e-15,1.9409334789261153e-28,14,14,1
alphatensor_rank23_transpose,3,wildcard,30,0.05,3.656163329115711,3.1688147200201477,1.8237717947578078,0.5116236365281794,0.49096983485550383,0.5563309206388067,4.077048166557916e-15,5.4049604026365255e-28,14,14,1
alphatensor_rank23_transpose,3,wildcard,31,0.001,3.1380945585108044,2.9932958300316743,0.9422406975237856,0.5116236365281794,0.5111360978256564,0.5111432092533565,2.4594679004243394e-15,2.5139054494276404e-28,14,14,1
alphatensor_rank23_transpose,3,wildcard,31,0.003,3.1380945585108044,2.9932958300316743,0.9422406975237856,0.5116236365281794,0.5101603858303239,0.5102244812891013,2.6669753540226647e-15,3.141052414930605e-28,14,14,1
alphatensor_rank23_transpose,3,wildcard,31,0.01,3.1380945585108044,2.9932958300316743,0.9422406975237856,0.5116236365281794,0.5067388771327862,0.5074543849596523,2.1788207713152205e-15,1.939428185952256e-28,14,14,1
alphatensor_rank23_transpose,3,wildcard,31,0.03,3.1380945585108044,2.9932958300316743,0.9422406975237856,0.5116236365281794,0.4969108838110853,0.5034149736088868,1.9984014443252818e-15,1.626147234172269e-28,14,14,1
alphatensor_rank23_transpose,3,wildcard,31,0.05,3.1380945585108044,2.9932958300316743,0.9422406975237856,0.5116236365281794,0.48701403653633474,0.5051707378031188,2.3314683517128287e-15,1.332014229156818e-28,14,14,1
alphatensor_rank23_transpose,3,wildcard,32,0.001,4.053641684812095,3.760041238747664,1.5146289287357388,0.5116236365281794,0.5110265576301622,0.5110419249795656,3.2225143328138984e-15,2.161227346272493e-28,14,14,1
alphatensor_rank23_transpose,3,wildcard,32,0.003,4.053641684812095,3.760041238747664,1.5146289287357388,0.5116236365281794,0.5098317404686323,0.5099702245628078,3.2101542440566477e-15,2.9577147544327128e-28,14,14,1
alphatensor_rank23_transpose,3,wildcard,32,0.01,4.053641684812095,3.760041238747664,1.5146289287357388,0.5116236365281794,0.5056432046858014,0.5071872521501023,3.219646771412954e-15,1.221066807121469e-28,14,14,1
alphatensor_rank23_transpose,3,wildcard,32,0.03,4.053641684812095,3.760041238747664,1.5146289287357388,0.5116236365281794,0.4936248502405192,0.5075324527190361,2.33969343076644e-15,1.6528259323151916e-28,14,14,1
alphatensor_rank23_transpose,3,wildcard,32,0.05,4.053641684812095,3.760041238747664,1.5146289287357388,0.5116236365281794,0.48154536972880513,0.5197012724471622,4.221155420941053e-15,5.353278633552996e-28,14,14,1
alphatensor_rank23_transpose,3,wildcard,33,0.001,2.9005454894500287,2.738006369084565,0.957332366120179,0.5116236365281794,0.511142326172769,0.5111436578987039,2.175549005823437e-15,2.079517653043081e-28,14,14,1
alphatensor_rank23_transpose,3,wildcard,33,0.003,2.9005454894500287,2.738006369084565,0.957332366120179,0.5116236365281794,0.510179274576839,0.5101912743025491,2.220446049250313e-15,2.2065198900920553e-28,14,14,1
alphatensor_rank23_transpose,3,wildcard,33,0.01,2.9005454894500287,2.738006369084565,0.957332366120179,0.5116236365281794,0.5068041737083829,0.5069380726749915,2.1486662974904664e-15,1.5350693904857852e-28,14,14,1
alphatensor_rank23_transpose,3,wildcard,33,0.03,2.9005454894500287,2.738006369084565,0.957332366120179,0.5116236365281794,0.4971257285993008,0.4983469753612241,2.6492056268545823e-15,2.1976543032637287e-28,14,14,1
alphatensor_rank23_transpose,3,wildcard,33,0.05,2.9005454894500287,2.738006369084565,0.957332366120179,0.5116236365281794,0.48740124035986904,0.49084661657497514,2.4647514994573053e-15,2.102118435444996e-28,14,14,1
alphatensor_rank23_transpose,3,wildcard,34,0.001,3.2876675467516736,3.007692350418338,1.3276086106978902,0.5116236365281794,0.5112039341217434,0.5112076271244355,2.7755575615628914e-15,2.652197743011898e-28,14,14,1
alphatensor_rank23_transpose,3,wildcard,34,0.003,3.2876675467516736,3.007692350418338,1.3276086106978902,0.5116236365281794,0.5103636827769568,0.5103970093711783,2.469321696720962e-15,2.299119122197657e-28,14,14,1
alphatensor_rank23_transpose,3,wildcard,34,0.01,3.2876675467516736,3.007692350418338,1.3276086106978902,0.5116236365281794,0.5074140564836528,0.507787796191223,1.1049539695392811e-14,8.872432154537648e-28,14,14,1
alphatensor_rank23_transpose,3,wildcard,34,0.03,3.2876675467516736,3.007692350418338,1.3276086106978902,0.5116236365281794,0.49891493503198353,0.5023638739470284,2.3314683517128287e-15,1.6325745668335652e-28,14,14,1
alphatensor_rank23_transpose,3,wildcard,34,0.05,3.2876675467516736,3.007692350418338,1.3276086106978902,0.5116236365281794,0.49031717910534334,0.500119641703039,2.08818275267407e-15,1.350758665594095e-28,14,14,1
alphatensor_rank23_transpose,3,wildcard,35,0.001,4.5425701721453775,4.184283554828467,1.7682519338762042,0.5116236365281794,0.5109692595683502,0.5109826543675078,3.219646771412954e-15,2.9207839728700184e-28,14,14,1
alphatensor_rank23_transpose,3,wildcard,35,0.003,4.5425701721453775,4.184283554828467,1.7682519338762042,0.5116236365281794,0.5096594080635575,0.5097802985281018,2.9474491147631827e-15,2.3870891734796182e-28,14,14,1
alphatensor_rank23_transpose,3,wildcard,35,0.01,4.5425701721453775,4.184283554828467,1.7682519338762042,0.5116236365281794,0.5050638819299236,0.5064190996368152,1.7763568394002505e-15,1.2063962542868294e-28,14,14,1
alphatensor_rank23_transpose,3,wildcard,35,0.03,4.5425701721453775,4.184283554828467,1.7682519338762042,0.5116236365281794,0.49185049959970895,0.504262390503051,3.0322383725687785e-15,3.6457252036456272e-28,14,14,1
alphatensor_rank23_transpose,3,wildcard,35,0.05,4.5425701721453775,4.184283554828467,1.7682519338762042,0.5116236365281794,0.47853941193958877,0.5132123787762825,3.307536126131961e-15,2.2870960677987983e-28,14,14,1
alphatensor_rank23_transpose,3,wildcard,36,0.001,3.7174964399048713,3.3265755893440563,1.659419967665098,0.5116236365281794,0.5111391258888273,0.5111651971633404,2.886579864025407e-15,2.376154539783068e-28,14,14,1
alphatensor_rank23_transpose,3,wildcard,36,0.003,3.7174964399048713,3.3265755893440563,1.659419967665098,0.5116236365281794,0.5101697216608853,0.5104046719853966,2.886579864025407e-15,2.0261077554423753e-28,14,14,1
alphatensor_rank23_transpose,3,wildcard,36,0.01,3.7174964399048713,3.3265755893440563,1.659419967665098,0.5116236365281794,0.506772981456715,0.5093910388390828,2.3314683517128287e-15,2.053973323834999e-28,14,14,1
alphatensor_rank23_transpose,3,wildcard,36,0.03,3.7174964399048713,3.3265755893440563,1.659419967665098,0.5116236365281794,0.49703995339104823,0.5204464806789577,3.600248408619821e-15,4.0633029674812465e-28,14,14,1
alphatensor_rank23_transpose,3,wildcard,36,0.05,3.7174964399048713,3.3265755893440563,1.659419967665098,0.5116236365281794,0.4872763035025482,0.5505753370702519,2.132057856248758e-15,1.574407580404335e-28,14,14,1
alphatensor_rank23_transpose,3,wildcard,37,0.001,3.011119988821488,2.8387367845127502,1.004199708889886,0.5116236365281794,0.5111616783212484,0.5111670506245966,2.6645352591003757e-15,2.5093156994357915e-28,14,14,1
alphatensor_rank23_transpose,3,wildcard,37,0.003,3.011119988821488,2.8387367845127502,1.004199708889886,0.5116236365281794,0.5102373228064742,0.5102857431132055,2.3314683517128287e-15,2.089300593201102e-28,14,14,1
alphatensor_rank23_transpose,3,wildcard,37,0.01,3.011119988821488,2.8387367845127502,1.004199708889886,0.5116236365281794,0.5069975788707203,0.5075381436845822,2.6599405683636452e-15,2.1747606068955957e-28,14,14,1
alphatensor_rank23_transpose,3,wildcard,37,0.03,3.011119988821488,2.8387367845127502,1.004199708889886,0.5116236365281794,0.4977053098021734,0.5026247550788024,2.220446049250313e-15,1.7675463893994122e-28,14,14,1
alphatensor_rank23_transpose,3,wildcard,37,0.05,3.011119988821488,2.8387367845127502,1.004199708889886,0.5116236365281794,0.4883662742703795,0.502134093740285,3.333164673018414e-15,3.598626449296983e-28,14,14,1
alphatensor_rank23_transpose,3,wildcard,38,0.001,4.357700784727329,4.16242736292087,1.2898661084084555,0.5116236365281794,0.5110254996697523,0.5110298633167017,2.5269139336525885e-15,2.2435548267403117e-28,14,14,1
alphatensor_rank23_transpose,3,wildcard,38,0.003,4.357700784727329,4.16242736292087,1.2898661084084555,0.5116236365281794,0.5098283220046479,0.5098676114034784,2.220446049250313e-15,1.9200697323847044e-28,14,14,1
alphatensor_rank23_transpose,3,wildcard,38,0.01,4.357700784727329,4.16242736292087,1.2898661084084555,0.5116236365281794,0.5056289501307312,0.5060661544144044,2.51690622212486e-15,2.2608770101279804e-28,14,14,1
alphatensor_rank23_transpose,3,wildcard,38,0.03,4.357700784727329,4.16242736292087,1.2898661084084555,0.5116236365281794,0.4935575865052992,0.49751216503555945,3.1032677164973515e-15,3.284159383980848e-28,14,14,1
alphatensor_rank23_transpose,3,wildcard,38,0.05,4.357700784727329,4.16242736292087,1.2898661084084555,0.5116236365281794,0.48139307813420346,0.4924617017101858,2.557631260013424e-15,1.438031185209712e-28,14,14,1
alphatensor_rank23_transpose,3,wildcard,39,0.001,3.3026574668142503,3.1264726743206257,1.0642908248361225,0.5116236365281794,0.5111471669695766,0.5111504968900621,2.220446049250313e-15,2.519509223335915e-28,14,14,1
alphatensor_rank23_transpose,3,wildcard,39,0.003,3.3026574668142503,3.1264726743206257,1.0642908248361225,0.5116236365281794,0.5101939230032936,0.5102239235625943,2.1094237467877974e-15,2.100031538281292e-28,14,14,1
alphatensor_rank23_transpose,3,wildcard,39,0.01,3.3026574668142503,3.1264726743206257,1.0642908248361225,0.5116236365281794,0.5068544387547057,0.5071889496991296,2.7108820633244208e-15,2.2336584989674545e-28,14,14,1
alphatensor_rank23_transpose,3,wildcard,39,0.03,3.3026574668142503,3.1264726743206257,1.0642908248361225,0.5116236365281794,0.4972879923157436,0.5003253382841206,6.413545625003308e-15,8.072298584119909e-28,14,14,1
alphatensor_rank23_transpose,3,wildcard,39,0.05,3.3026574668142503,3.1264726743206257,1.0642908248361225,0.5116236365281794,0.48768873020657494,0.4961873048805466,3.717019924531667e-15,4.647571468118692e-28,14,14,1
alphatensor_rank23_transpose,3,wildcard,40,0.001,3.5489205224459943,3.3652101843975193,1.1270302966050059,0.5116236365281794,0.5111066661047649,0.5111094659962313,2.886579864025407e-15,2.871661545754994e-28,14,14,1
alphatensor_rank23_transpose,3,wildcard,40,0.003,3.5489205224459943,3.3652101843975193,1.1270302966050059,0.5116236365281794,0.5100719287613652,0.5100971809959132,2.841482989807813e-15,2.4270670041386736e-28,14,14,1
alphatensor_rank23_transpose,3,wildcard,40,0.01,3.5489205224459943,3.3652101843975193,1.1270302966050059,0.5116236365281794,0.5064422507641324,0.506724925696564,2.0327312164705787e-15,1.5976949720887236e-28,14,14,1
alphatensor_rank23_transpose,3,wildcard,40,0.03,3.5489205224459943,3.3652101843975193,1.1270302966050059,0.5116236365281794,0.4960088682515122,0.498609283483288,1.5096120932813499e-15,1.0361815070903902e-28,14,14,1
alphatensor_rank23_transpose,3,wildcard,40,0.05,3.5489205224459943,3.3652101843975193,1.1270302966050059,0.5116236365281794,0.4854978435413839,0.4928924088307951,5.285704188739923e-15,6.794742728512445e-28,14,14,1
alphatensor_rank23_transpose,3,wildcard,41,0.001,2.965340768471615,2.8779684896590454,0.7145230896825234,0.5116236365281794,0.5111045887083389,0.5111055521656747,2.8824270543277244e-15,2.383947892141986e-28,14,14,1
alphatensor_rank23_transpose,3,wildcard,41,0.003,2.965340768471615,2.8779684896590454,0.7145230896825234,0.5116236365281794,0.5100659573952722,0.510074644329761,2.133090327319394e-15,2.331948171027903e-28,14,14,1
alphatensor_rank23_transpose,3,wildcard,41,0.01,2.965340768471615,2.8779684896590454,0.7145230896825234,0.5116236365281794,0.506425269217297,0.5065224448472097,2.805702135571536e-15,3.301262837417583e-28,14,14,1
alphatensor_rank23_transpose,3,wildcard,41,0.03,2.965340768471615,2.8779684896590454,0.7145230896825234,0.5116236365281794,0.49597993832981147,0.49687479720966,1.7763568394002505e-15,1.0236126846366034e-28,14,14,1
alphatensor_rank23_transpose,3,wildcard,41,0.05,2.965340768471615,2.8779684896590454,0.7145230896825234,0.5116236365281794,0.48547891456258224,0.48803872050968855,2.4327861601847565e-15,2.080230640548349e-28,14,14,1
alphatensor_rank23_transpose,3,wildcard,42,0.001,3.150704013635131,2.9848381865519658,1.0087996736903206,0.5116236365281794,0.5110812155020218,0.5110843066205912,2.4730377655534507e-15,2.3950996983851196e-28,14,14,1
alphatensor_rank23_transpose,3,wildcard,42,0.003,3.150704013635131,2.9848381865519658,1.0087996736903206,0.5116236365281794,0.5099957718398549,0.5100236513374138,2.886579864025407e-15,2.5990265717033918e-28,14,14,1
alphatensor_rank23_transpose,3,wildcard,42,0.01,3.150704013635131,2.9848381865519658,1.0087996736903206,0.5116236365281794,0.5061906225019884,0.5065027567233018,3.1086244689504383e-15,2.4974225401880806e-28,14,14,1
alphatensor_rank23_transpose,3,wildcard,42,0.03,3.150704013635131,2.9848381865519658,1.0087996736903206,0.5116236365281794,0.4952719505378911,0.4981468121921227,2.237306835499213e-15,1.4093335351292638e-28,14,14,1
alphatensor_rank23_transpose,3,wildcard,42,0.05,3.150704013635131,2.9848381865519658,1.0087996736903206,0.5116236365281794,0.4842969058707918,0.49249328560185374,2.4047503569723576e-15,2.131705072986292e-28,14,14,1
alphatensor_rank23_transpose,3,wildcard,43,0.001,4.160984982874291,3.9674001649843342,1.2544050217484157,0.5116236365281794,0.5110337094581457,0.511044066343963,2.4359835948121165e-15,2.0633978478066127e-28,14,14,1
alphatensor_rank23_transpose,3,wildcard,43,0.003,4.160984982874291,3.9674001649843342,1.2544050217484157,0.5116236365281794,0.5098527097511859,0.5099460220760539,2.370963912901176e-15,2.6409001449423407e-28,14,14,1
alphatensor_rank23_transpose,3,wildcard,43,0.01,4.160984982874291,3.9674001649843342,1.2544050217484157,0.5116236365281794,0.5057073321741962,0.5067473629204621,7.923702794652083e-15,6.404566501335799e-28,14,14,1
alphatensor_rank23_transpose,3,wildcard,43,0.03,4.160984982874291,3.9674001649843342,1.2544050217484157,0.5116236365281794,0.49376520417673553,0.503154477230757,3.7737706870735174e-15,2.3258447251543748e-28,14,14,1
alphatensor_rank23_transpose,3,wildcard,43,0.05,4.160984982874291,3.9674001649843342,1.2544050217484157,0.5116236365281794,0.48168599400990214,0.5076236826858093,2.220446049250313e-15,1.2937519896868051e-28,14,14,1
alphatensor_rank23_transpose,3,wildcard,44,0.001,2.8881630446203466,2.784923677531454,0.765301171196903,0.5116236365281794,0.5111258936927576,0.5111265846282926,2.9976021664879227e-15,3.090413226180878e-28,14,14,1
alphatensor_rank23_transpose,3,wildcard,44,0.003,2.8881630446203466,2.784923677531454,0.765301171196903,0.5116236365281794,0.510130010772454,0.5101362282221377,2.6396282034260566e-15,2.583385392138891e-28,14,14,1
alphatensor_rank23_transpose,3,wildcard,44,0.01,2.8881630446203466,2.784923677531454,0.765301171196903,0.5116236365281794,0.506640447134562,0.5067095552653916,1.597772777744042e-15,1.0912058479719143e-28,14,14,1
alphatensor_rank23_transpose,3,wildcard,44,0.03,2.8881630446203466,2.784923677531454,0.765301171196903,0.5116236365281794,0.4966410377309537,0.4972693760000082,3.6459448633344355e-15,3.9533031808618908e-28,14,14,1
alphatensor_rank23_transpose,3,wildcard,44,0.05,2.8881630446203466,2.784923677531454,0.765301171196903,0.5116236365281794,0.48660969013046346,0.48840297322702264,2.1022044376554065e-15,1.6026032814410775e-28,14,14,1
alphatensor_rank23_transpose,3,wildcard,45,0.001,2.9726161768335517,2.8776447782923262,0.7453908134257032,0.5116236365281794,0.511115524661654,0.5111185712388776,2.2179875116145494e-15,1.9056420860410497e-28,14,14,1
alphatensor_rank23_transpose,3,wildcard,45,0.003,2.9726161768335517,2.8776447782923262,0.7453908134257032,0.5116236365281794,0.5100987656742991,0.5101262470381883,2.1094237467877974e-15,2.0066408382395377e-28,14,14,1
alphatensor_rank23_transpose,3,wildcard,45,0.01,2.9726161768335517,2.8776447782923262,0.7453908134257032,0.5116236365281794,0.5065346136150994,0.5068423822424682,1.888564466459529e-15,1.3088366370241784e-28,14,14,1
alphatensor_rank23_transpose,3,wildcard,45,0.03,2.9726161768335517,2.8776447782923262,0.7453908134257032,0.5116236365281794,0.49630733017838286,0.4991397711976564,3.697995621076724e-15,3.670827285767875e-28,14,14,1
alphatensor_rank23_transpose,3,wildcard,45,0.05,2.9726161768335517,2.8776447782923262,0.7453908134257032,0.5116236365281794,0.4860224493384499,0.49406625924453207,2.9973103222908045e-15,2.5976042899769053e-28,14,14,1
alphatensor_rank23_transpose,3,wildcard,46,0.001,3.4364915978924904,3.267059350867297,1.0657381011750664,0.5116236365281794,0.5110839786920202,0.5110857042536386,2.1280504042662523e-15,1.9328528608371795e-28,14,14,1
alphatensor_rank23_transpose,3,wildcard,46,0.003,3.4364915978924904,3.267059350867297,1.0657381011750664,0.5116236365281794,0.5100038194323488,0.51001938675799,2.4424906541753444e-15,2.06351606017739e-28,14,14,1
alphatensor_rank23_transpose,3,wildcard,46,0.01,3.4364915978924904,3.267059350867297,1.0657381011750664,0.5116236365281794,0.5062145265959884,0.5063889653398358,2.6612650042532683e-15,2.6555737786299055e-28,14,14,1
alphatensor_rank23_transpose,3,wildcard,46,0.03,3.4364915978924904,3.267059350867297,1.0657381011750664,0.5116236365281794,0.4953160393987878,0.496925421858511,3.5774483256929355e-15,1.7762490044279585e-28,14,14,1
alphatensor_rank23_transpose,3,wildcard,46,0.05,3.4364915978924904,3.267059350867297,1.0657381011750664,0.5116236365281794,0.4843177211122756,0.4889063329331166,2.6645352591003757e-15,1.5321131141614275e-28,14,14,1
alphatensor_rank23_transpose,3,wildcard,47,0.001,3.36468885749325,3.173952387613809,1.116761992950975,0.5116236365281794,0.5110650385239857,0.5110688255449326,2.4424906541753444e-15,2.216480919124851e-28,14,14,1
alphatensor_rank23_transpose,3,wildcard,47,0.003,3.36468885749325,3.173952387613809,1.116761992950975,0.5116236365281794,0.509947294293156,0.5099814519715674,2.758909967656642e-15,2.6878368584898264e-28,14,14,1
alphatensor_rank23_transpose,3,wildcard,47,0.01,3.36468885749325,3.173952387613809,1.116761992950975,0.5116236365281794,0.5060297307136501,0.5064121614528118,1.823452874809139e-15,1.3677275776657148e-28,14,14,1
alphatensor_rank23_transpose,3,wildcard,47,0.03,3.36468885749325,3.173952387613809,1.116761992950975,0.5116236365281794,0.49479694349124687,0.4983140757624672,2.220446049250313e-15,2.0063224812694445e-28,14,14,1
alphatensor_rank23_transpose,3,wildcard,47,0.05,3.36468885749325,3.173952387613809,1.116761992950975,0.5116236365281794,0.483521055962596,0.4935059090404828,1.7763568394002505e-15,1.2037419797129336e-28,14,14,1
alphatensor_rank23_transpose,3,wildcard,48,0.001,3.105619812860511,2.970209782682195,0.9070436973435954,0.5116236365281794,0.5110765002927271,0.5110774675384594,2.8192404334326907e-15,2.7167598814529895e-28,14,14,1
alphatensor_rank23_transpose,3,wildcard,48,0.003,3.105619812860511,2.970209782682195,0.9070436973435954,0.5116236365281794,0.5099815488501813,0.5099902802334391,3.403606236808966e-15,3.111743160217112e-28,14,14,1
alphatensor_rank23_transpose,3,wildcard,48,0.01,3.105619812860511,2.970209782682195,0.9070436973435954,0.5116236365281794,0.5061423143804837,0.5062404559592601,2.603436514356427e-15,3.6078288888537756e-28,14,14,1
alphatensor_rank23_transpose,3,wildcard,48,0.03,3.105619812860511,2.970209782682195,0.9070436973435954,0.5116236365281794,0.4951194102799611,0.49604144282984425,2.55351295663786e-15,1.456083727250874e-28,14,14,1
alphatensor_rank23_transpose,3,wildcard,48,0.05,3.105619812860511,2.970209782682195,0.9070436973435954,0.5116236365281794,0.4840300932612952,0.4867507230821352,2.2982659703110582e-15,2.0595906734434137e-28,14,14,1
alphatensor_rank23_transpose,4,structured,0,0.001,2.760997380796058,2.6929366988015726,0.6092605953205735,0.47636312572227885,0.47588671744735,0.4758867447990271,1.7763568394002505e-15,1.078753590956081e-28,14,14,1
alphatensor_rank23_transpose,4,structured,0,0.003,2.760997380796058,2.6929366988015726,0.6092605953205735,0.47636312572227885,0.4749336325574032,0.4749338782693503,2.3314683517128287e-15,1.3413010518523507e-28,14,14,1
alphatensor_rank23_transpose,4,structured,0,0.01,2.760997380796058,2.6929366988015726,0.6092605953205735,0.47636312572227885,0.47159510742394234,0.4715978670027429,4.783101614696289e-15,3.4729953655738773e-28,14,14,1
alphatensor_rank23_transpose,4,structured,0,0.03,2.760997380796058,2.6929366988015726,0.6092605953205735,0.47636312572227885,0.4620353201067696,0.4620651327647235,2.1533379060139367e-15,1.8530988782705174e-28,14,14,1
alphatensor_rank23_transpose,4,structured,0,0.05,2.760997380796058,2.6929366988015726,0.6092605953205735,0.47636312572227885,0.4524496561113214,0.45256832052977874,2.6645352591003757e-15,1.4803832556177007e-28,14,14,1
alphatensor_rank23_transpose,4,wildcard,1,0.001,3.0571217564107016,2.941014782737755,0.8345211089227424,0.47636312572227885,0.4758878896775572,0.4758893803256572,1.9984014443252818e-15,1.494595824888742e-28,14,14,1
alphatensor_rank23_transpose,4,wildcard,1,0.003,3.0571217564107016,2.941014782737755,0.8345211089227424,0.47636312572227885,0.47493728027894516,0.47495071219110396,2.3984897003512755e-15,1.89280162890465e-28,14,14,1
alphatensor_rank23_transpose,4,wildcard,1,0.01,3.0571217564107016,2.941014782737755,0.8345211089227424,0.47636312572227885,0.4716088007634664,0.47175870121638186,2.6189288073202923e-15,2.4297803240057024e-28,14,14,1
alphatensor_rank23_transpose,4,wildcard,1,0.03,3.0571217564107016,2.941014782737755,0.8345211089227424,0.47636312572227885,0.46208970882647427,0.4634586925220311,3.225405006788375e-15,2.0955138357419863e-28,14,14,1
alphatensor_rank23_transpose,4,wildcard,1,0.05,3.0571217564107016,2.941014782737755,0.8345211089227424,0.47636312572227885,0.4525629266596314,0.45643743805600434,3.976213376504882e-15,2.8006523805135827e-28,14,14,1
alphatensor_rank23_transpose,4,wildcard,2,0.001,4.128233484621375,3.5067385317733235,2.178324258076702,0.47636312572227885,0.47589541921268114,0.4759181559175302,2.307871987498299e-15,1.6797163345199541e-28,14,14,1
alphatensor_rank23_transpose,4,wildcard,2,0.003,4.128233484621375,3.5067385317733235,2.178324258076702,0.47636312572227885,0.4749598395305674,0.47516473208412263,1.7166203138311008e-15,1.3294916313609222e-28,14,14,1
alphatensor_rank23_transpose,4,wildcard,2,0.01,4.128233484621375,3.5067385317733235,2.178324258076702,0.47636312572227885,0.4716837122071174,0.47396649233388294,2.7155998985088216e-15,1.508377065450982e-28,14,14,1
alphatensor_rank23_transpose,4,wildcard,2,0.03,4.128233484621375,3.5067385317733235,2.178324258076702,0.47636312572227885,0.4623133859859167,0.482708743075214,3.219646771412954e-15,2.6325376625161033e-28,14,14,1
alphatensor_rank23_transpose,4,wildcard,2,0.05,4.128233484621375,3.5067385317733235,2.178324258076702,0.47636312572227885,0.45293722023930744,0.5080316670816076,2.8890711539497027e-15,3.126315838624152e-28,14,14,1
alphatensor_rank23_transpose,4,wildcard,3,0.001,3.5347374470733937,3.4359581894704045,0.8297952397755681,0.47636312572227885,0.4757902510056556,0.4757939788539195,2.269554880432249e-15,1.9133866238152022e-28,14,14,1
alphatensor_rank23_transpose,4,wildcard,3,0.003,3.5347374470733937,3.4359581894704045,0.8297952397755681,0.47636312572227885,0.47464399911024935,0.47467761556467314,2.2076419600421545e-15,1.7182522542641416e-28,14,14,1
alphatensor_rank23_transpose,4,wildcard,3,0.01,3.5347374470733937,3.4359581894704045,0.8297952397755681,0.47636312572227885,0.4706269914504484,0.4710030679627431,2.1925745785543335e-15,1.25651497429882e-28,14,14,1
alphatensor_rank23_transpose,4,wildcard,3,0.03,3.5347374470733937,3.4359581894704045,0.8297952397755681,0.47636312572227885,0.4591096557994133,0.4625607676809187,6.5503158452884236e-15,3.281332036628371e-28,14,14,1
alphatensor_rank23_transpose,4,wildcard,3,0.05,3.5347374470733937,3.4359581894704045,0.8297952397755681,0.47636312572227885,0.4475420646331767,0.4573202760084439,2.73936290056543e-15,3.0650205172615806e-28,14,14,1
alphatensor_rank23_transpose,4,wildcard,4,0.001,3.6688559259945905,3.4285211648265377,1.30604227651409,0.47636312572227885,0.475961907928343,0.4759664935615538,2.1094237467877974e-15,1.714742775463174e-28,14,14,1
alphatensor_rank23_transpose,4,wildcard,4,0.003,3.6688559259945905,3.4285211648265377,1.30604227651409,0.47636312572227885,0.4751588886040537,0.47520023991583815,1.6621138359671094e-15,1.3033607874744651e-28,14,14,1
alphatensor_rank23_transpose,4,wildcard,4,0.01,3.6688559259945905,3.4285211648265377,1.30604227651409,0.47636312572227885,0.47234225231295424,0.47280472921478944,2.6645352591003757e-15,1.3927093769170447e-28,14,14,1
alphatensor_rank23_transpose,4,wildcard,4,0.03,3.6688559259945905,3.4285211648265377,1.30604227651409,0.47636312572227885,0.4642441999764306,0.4684746167855633,3.9609676183473e-15,5.323642195646384e-28,14,14,1
alphatensor_rank23_transpose,4,wildcard,4,0.05,3.6688559259945905,3.4285211648265377,1.30604227651409,0.47636312572227885,0.4560748752374039,0.46797435424310885,3.510733857890041e-15,4.2119605675215265e-28,14,14,1
alphatensor_rank23_transpose,4,wildcard,5,0.001,4.313077249925296,4.0210445872339555,1.5600755723040012,0.47636312572227885,0.4758208775552282,0.47583159298562827,1.887379141862766e-15,1.2682990577016381e-28,14,14,1
alphatensor_rank23_transpose,4,wildcard,5,0.003,4.313077249925296,4.0210445872339555,1.5600755723040012,0.47636312572227885,0.47473620457502885,0.47483290206471557,1.914684369243708e-15,1.341289249077455e-28,14,14,1
alphatensor_rank23_transpose,4,wildcard,5,0.01,4.313077249925296,4.0210445872339555,1.5600755723040012,0.47636312572227885,0.4709381987676098,0.4720220705040068,4.530304170745621e-15,4.818943395344693e-28,14,14,1
alphatensor_rank23_transpose,4,wildcard,5,0.03,4.313077249925296,4.0210445872339555,1.5600755723040012,0.47636312572227885,0.4600776889576224,0.4700268701451676,3.3306690738754696e-15,3.4557469278760167e-28,14,14,1
alphatensor_rank23_transpose,4,wildcard,5,0.05,4.313077249925296,4.0210445872339555,1.5600755723040012,0.47636312572227885,0.4492160157889427,0.4771900246046587,4.045662295534953e-15,3.6750715709651445e-28,14,14,1
alphatensor_rank23_transpose,4,wildcard,6,0.001,3.493615728877382,3.3470264251257604,1.0013815309707461,0.47636312572227885,0.47583079096216824,0.4758340917741412,1.887379141862766e-15,1.2250611363482368e-28,14,14,1
alphatensor_rank23_transpose,4,wildcard,6,0.003,3.493615728877382,3.3470264251257604,1.0013815309707461,0.47636312572227885,0.4747658070556548,0.47479558952916123,3.1086244689504383e-15,1.9842862478755521e-28,14,14,1
alphatensor_rank23_transpose,4,wildcard,6,0.01,3.493615728877382,3.3470264251257604,1.0013815309707461,0.47636312572227885,0.4710351828322878,0.471369032202685,3.3702616378097357e-15,2.649150490048206e-28,14,14,1
alphatensor_rank23_transpose,4,wildcard,6,0.03,3.493615728877382,3.3470264251257604,1.0013815309707461,0.47636312572227885,0.46035202475965603,0.4634333445190034,3.9419852568600205e-15,3.5423072932248634e-28,14,14,1
alphatensor_rank23_transpose,4,wildcard,6,0.05,3.493615728877382,3.3470264251257604,1.0013815309707461,0.47636312572227885,0.44964040631868496,0.45842217363856896,4.107825191113079e-15,4.945019560654641e-28,14,14,1
alphatensor_rank23_transpose,4,wildcard,7,0.001,4.319612074300195,4.061206825455917,1.4716139416675496,0.47636312572227885,0.4758114074471157,0.4758227254653958,2.1147298452421487e-15,1.8346447119840701e-28,14,14,1
alphatensor_rank23_transpose,4,wildcard,7,0.003,4.319612074300195,4.061206825455917,1.4716139416675496,0.47636312572227885,0.4747071199062889,0.4748090837520371,2.7242575598463436e-15,1.816529691533086e-28,14,14,1
alphatensor_rank23_transpose,4,wildcard,7,0.01,4.319612074300195,4.061206825455917,1.4716139416675496,0.47636312572227885,0.47083330944471546,0.47196928091770973,2.2478994734514453e-15,1.3570718378252194e-28,14,14,1
alphatensor_rank23_transpose,4,wildcard,7,0.03,4.319612074300195,4.061206825455917,1.4716139416675496,0.47636312572227885,0.459693187175342,0.4699227090880075,1.8247635057546226e-15,1.729692784245796e-28,14,14,1
alphatensor_rank23_transpose,4,wildcard,7,0.05,4.319612074300195,4.061206825455917,1.4716139416675496,0.47636312572227885,0.44845480296609036,0.4765925714542975,2.886579864025407e-15,2.3138172375891708e-28,14,14,1
alphatensor_rank23_transpose,4,wildcard,8,0.001,2.982118333931188,2.8073025842369335,1.00602284174126,0.47636312572227885,0.4759319512103659,0.47593661651664526,2.1642834359633107e-15,1.784558004689532e-28,14,14,1
alphatensor_rank23_transpose,4,wildcard,8,0.003,2.982118333931188,2.8073025842369335,1.00602284174126,0.47636312572227885,0.47506924925421645,0.47511127635428385,1.8434212129109654e-15,1.7990251897599052e-28,14,14,1
alphatensor_rank23_transpose,4,wildcard,8,0.01,2.982118333931188,2.8073025842369335,1.00602284174126,0.47636312572227885,0.4720461663976679,0.4725145409052275,3.612080554842856e-15,3.269156189683754e-28,14,14,1
alphatensor_rank23_transpose,4,wildcard,8,0.03,2.982118333931188,2.8073025842369335,1.00602284174126,0.47636312572227885,0.4633796969844957,0.4676216268575314,2.9899898410386217e-15,3.1134590287813653e-28,14,14,1
alphatensor_rank23_transpose,4,wildcard,8,0.05,2.982118333931188,2.8073025842369335,1.00602284174126,0.47636312572227885,0.4546749537860746,0.4664928984970808,2.6645352591003757e-15,1.2785568323356657e-28,14,14,1
alphatensor_rank23_transpose,4,wildcard,9,0.001,3.387407082729697,3.126813175057238,1.3029067934490906,0.47636312572227885,0.4759777238794272,0.47599371936618795,2.620699374900446e-15,1.6213064522156551e-28,14,14,1
alphatensor_rank23_transpose,4,wildcard,9,0.003,3.387407082729697,3.126813175057238,1.3029067934490906,0.47636312572227885,0.47520670316841407,0.4753508264509419,3.6530185033721735e-15,1.802639831203676e-28,14,14,1
alphatensor_rank23_transpose,4,wildcard,9,0.01,3.387407082729697,3.126813175057238,1.3029067934490906,0.47636312572227885,0.4725059186656779,0.47411184736597717,2.341451585926011e-15,1.540808463581668e-28,14,14,1
alphatensor_rank23_transpose,4,wildcard,9,0.03,3.387407082729697,3.126813175057238,1.3029067934490906,0.47636312572227885,0.46477205853841586,0.47920066748338375,4.819056729135868e-15,5.524877542877516e-28,14,14,1
alphatensor_rank23_transpose,4,wildcard,9,0.05,3.387407082729697,3.126813175057238,1.3029067934490906,0.47636312572227885,0.4570163220780652,0.49647347936910396,3.752487567846293e-15,3.5050861919328536e-28,14,14,1
alphatensor_rank23_transpose,4,wildcard,10,0.001,3.9171394905805967,3.7388118820251877,1.1684466181616058,0.47636312572227885,0.47588022107818034,0.47588598605452365,2.1943398185906634e-15,1.397965284158725e-28,14,14,1
alphatensor_rank23_transpose,4,wildcard,10,0.003,3.9171394905805967,3.7388118820251877,1.1684466181616058,0.47636312572227885,0.47491412935536664,0.4749660662196487,1.5543122344752192e-15,1.4169594160358427e-28,14,14,1
alphatensor_rank23_transpose,4,wildcard,10,0.01,3.9171394905805967,3.7388118820251877,1.1684466181616058,0.47636312572227885,0.47152999801732093,0.4721088856330133,6.696109516763045e-15,4.097754950529608e-28,14,14,1
alphatensor_rank23_transpose,4,wildcard,10,0.03,3.9171394905805967,3.7388118820251877,1.1684466181616058,0.47636312572227885,0.46184078747804946,0.4670804527951496,4.3654677814186235e-15,4.149031179014029e-28,14,14,1
alphatensor_rank23_transpose,4,wildcard,10,0.05,3.9171394905805967,3.7388118820251877,1.1684466181616058,0.47636312572227885,0.4521306532551257,0.4666978496718162,2.0749501033168614e-15,1.2150540406254878e-28,14,14,1
alphatensor_rank23_transpose,4,wildcard,11,0.001,3.7902284407944067,3.5262860726061755,1.3896539740347278,0.47636312572227885,0.4759065216393583,0.4759150932402212,1.828520016819451e-15,1.2956196241405737e-28,14,14,1
alphatensor_rank23_transpose,4,wildcard,11,0.003,3.7902284407944067,3.5262860726061755,1.3896539740347278,0.47636312572227885,0.4749933165778216,0.475070598568612,1.7763568394002505e-15,1.195356822101744e-28,14,14,1
alphatensor_rank23_transpose,4,wildcard,11,0.01,3.7902284407944067,3.5262860726061755,1.3896539740347278,0.47636312572227885,0.47179723748232444,0.47266079075502343,2.8608591628895555e-15,3.9854050129165523e-28,14,14,1
alphatensor_rank23_transpose,4,wildcard,11,0.03,3.7902284407944067,3.5262860726061755,1.3896539740347278,0.47636312572227885,0.46266940541362817,0.47052746453586264,3.332035486918601e-15,3.683899612865038e-28,14,14,1
alphatensor_rank23_transpose,4,wildcard,11,0.05,3.7902284407944067,3.5262860726061755,1.3896539740347278,0.47636312572227885,0.45355358053096706,0.4754575471043464,2.2041078565832776e-15,2.2766053135589375e-28,14,14,1
alphatensor_rank23_transpose,4,wildcard,12,0.001,3.8868544024697607,3.6929564640307047,1.2123158420033924,0.47636312572227885,0.4759233814829123,0.4759298862234833,2.220446049250313e-15,1.6248624431413207e-28,14,14,1
alphatensor_rank23_transpose,4,wildcard,12,0.003,3.8868544024697607,3.6929564640307047,1.2123158420033924,0.47636312572227885,0.47504357880364034,0.47510216914862136,2.1726246825451533e-15,1.9203613677333852e-28,14,14,1
alphatensor_rank23_transpose,4,wildcard,12,0.01,3.8868544024697607,3.6929564640307047,1.2123158420033924,0.47636312572227885,0.4719610650168224,0.4726136487175678,4.1695186266306025e-15,4.72331431922649e-28,14,14,1
alphatensor_rank23_transpose,4,wildcard,12,0.03,3.8868544024697607,3.6929564640307047,1.2123158420033924,0.47636312572227885,0.46312874668447823,0.46902107782284835,2.4424906541753444e-15,2.3746808513236173e-28,14,14,1
alphatensor_rank23_transpose,4,wildcard,12,0.05,3.8868544024697607,3.6929564640307047,1.2123158420033924,0.47636312572227885,0.4542647212989459,0.4705972223359545,2.1094237467877974e-15,1.609932715610398e-28,14,14,1
alphatensor_rank23_transpose,4,wildcard,13,0.001,3.7263599943693593,3.441759777333182,1.4283026439686557,0.47636312572227885,0.4758534258802556,0.47586119582578557,2.0583809650654166e-15,1.5581601268513975e-28,14,14,1
alphatensor_rank23_transpose,4,wildcard,13,0.003,3.7263599943693593,3.441759777333182,1.4283026439686557,0.47636312572227885,0.4748335368343543,0.4749034437260001,1.9984014443252818e-15,1.5588521150288212e-28,14,14,1
alphatensor_rank23_transpose,4,wildcard,13,0.01,3.7263599943693593,3.441759777333182,1.4283026439686557,0.47636312572227885,0.47125889550816236,0.47203435555617523,4.249958304415367e-15,5.233983381838241e-28,14,14,1
alphatensor_rank23_transpose,4,wildcard,13,0.03,3.7263599943693593,3.441759777333182,1.4283026439686557,0.47636312572227885,0.4610052396292551,0.46792123264587615,3.794322057699658e-15,4.340781890541943e-28,14,14,1
alphatensor_rank23_transpose,4,wildcard,13,0.05,3.7263599943693593,3.441759777333182,1.4283026439686557,0.47636312572227885,0.4506983489346879,0.4696221195349765,4.114923557318513e-15,4.207251920011189e-28,14,14,1
alphatensor_rank23_transpose,4,wildcard,14,0.001,3.479113695950705,3.325285282805437,1.0230884112867944,0.47636312572227885,0.4758851341466133,0.4758928333617347,2.145800551537704e-15,1.4929648930174494e-28,14,14,1
alphatensor_rank23_transpose,4,wildcard,14,0.003,3.479113695950705,3.325285282805437,1.0230884112867944,0.47636312572227885,0.474929016026113,0.4749984244675549,1.5613547136279728e-15,1.3724247190608498e-28,14,14,1
alphatensor_rank23_transpose,4,wildcard,14,0.01,3.479113695950705,3.325285282805437,1.0230884112867944,0.47636312572227885,0.47158128824579154,0.47235663167536246,5.787500011569547e-15,7.208423646447806e-28,14,14,1
alphatensor_rank23_transpose,4,wildcard,14,0.03,3.479113695950705,3.325285282805437,1.0230884112867944,0.47636312572227885,0.46200763514635257,0.4690636280148982,7.105427357601002e-15,7.598217793075299e-28,14,14,1
alphatensor_rank23_transpose,4,wildcard,14,0.05,3.479113695950705,3.325285282805437,1.0230884112867944,0.47636312572227885,0.45242719372411766,0.4721227579720877,3.2457500470986295e-15,3.708666536133799e-28,14,14,1
alphatensor_rank23_transpose,4,wildcard,15,0.001,3.356483765887628,3.0764788622633676,1.3421106812457335,0.47636312572227885,0.4759478700098826,0.47596047204996633,2.0999451589339884e-15,1.6275146248113329e-28,14,14,1
alphatensor_rank23_transpose,4,wildcard,15,0.003,3.356483765887628,3.0764788622633676,1.3421106812457335,0.47636312572227885,0.47511692123768867,0.47523044787226304,1.888427742433685e-15,1.5196047223235602e-28,14,14,1
alphatensor_rank23_transpose,4,wildcard,15,0.01,3.356483765887628,3.0764788622633676,1.3421106812457335,0.47636312572227885,0.4722040603791929,0.47346853128945626,2.1094237467877974e-15,1.1775940808536862e-28,14,14,1
alphatensor_rank23_transpose,4,wildcard,15,0.03,3.356483765887628,3.0764788622633676,1.3421106812457335,0.47636312572227885,0.4638439830962891,0.4752129733112117,1.632129069764599e-15,1.4848649644563143e-28,14,14,1
alphatensor_rank23_transpose,4,wildcard,15,0.05,3.356483765887628,3.0764788622633676,1.3421106812457335,0.47636312572227885,0.4554313208937726,0.486621982099375,3.1353164006429154e-15,2.5921731807533943e-28,14,14,1
alphatensor_rank23_transpose,4,wildcard,16,0.001,3.5601475774008122,3.3700172374680237,1.1478826560416626,0.47636312572227885,0.4759083830010633,0.4759143820698763,2.6645352591003757e-15,2.01610091181043e-28,14,14,1
alphatensor_rank23_transpose,4,wildcard,16,0.003,3.5601475774008122,3.3700172374680237,1.1478826560416626,0.47636312572227885,0.4749985219819553,0.4750526376946463,2.1094237467877974e-15,2.0062791668091919e-28,14,14,1
alphatensor_rank23_transpose,4,wildcard,16,0.01,3.5601475774008122,3.3700172374680237,1.1478826560416626,0.47636312572227885,0.4718101860936389,0.47241611932675787,1.8443057993727567e-15,1.2108935637827696e-28,14,14,1
alphatensor_rank23_transpose,4,wildcard,16,0.03,3.5601475774008122,3.3700172374680237,1.1478826560416626,0.47636312572227885,0.4626708636134151,0.4682292059982903,1.7763568394002505e-15,1.0038929349688172e-28,14,14,1
alphatensor_rank23_transpose,4,wildcard,16,0.05,3.5601475774008122,3.3700172374680237,1.1478826560416626,0.47636312572227885,0.45349441905537036,0.4691627898714891,4.5505695908525135e-15,6.987458098487496e-28,14,14,1
alphatensor_rank23_transpose,4,wildcard,17,0.001,3.7065862125620095,3.4090266386703587,1.4551009339529173,0.47636312572227885,0.47588996124683625,0.47589445352151655,2.4424906541753444e-15,2.362206186378282e-28,14,14,1
alphatensor_rank23_transpose,4,wildcard,17,0.003,3.7065862125620095,3.4090266386703587,1.4551009339529173,0.47636312572227885,0.4749435107980504,0.4749840050300823,2.220446049250313e-15,1.6160284940201532e-28,14,14,1
alphatensor_rank23_transpose,4,wildcard,17,0.01,3.7065862125620095,3.4090266386703587,1.4551009339529173,0.47636312572227885,0.47162971990944574,0.4720820376644426,3.313539206513316e-15,3.885326821123508e-28,14,14,1
alphatensor_rank23_transpose,4,wildcard,17,0.03,3.7065862125620095,3.4090266386703587,1.4551009339529173,0.47636312572227885,0.46215289337011917,0.4662775715655942,2.4424906541753444e-15,1.8265488088889778e-28,14,14,1
alphatensor_rank23_transpose,4,wildcard,17,0.05,3.7065862125620095,3.4090266386703587,1.4551009339529173,0.47636312572227885,0.4526668119401328,0.4642452486489905,2.7755575615628914e-15,1.3896618555273125e-28,14,14,1
alphatensor_rank23_transpose,4,wildcard,18,0.001,4.267362383001051,4.059167140346665,1.3166411183698783,0.47636312572227885,0.4758493640731373,0.4758628469342007,2.220446049250313e-15,1.471687536767007e-28,14,14,1
alphatensor_rank23_transpose,4,wildcard,18,0.003,4.267362383001051,4.059167140346665,1.3166411183698783,0.47636312572227885,0.47482195500269353,0.474943389428831,2.220446049250313e-15,1.4451222281658854e-28,14,14,1
alphatensor_rank23_transpose,4,wildcard,18,0.01,4.267362383001051,4.059167140346665,1.3166411183698783,0.47636312572227885,0.47122729311110645,0.47257872580627713,4.572602148184451e-15,6.668385583574993e-28,14,14,1
alphatensor_rank23_transpose,4,wildcard,18,0.03,4.267362383001051,4.059167140346665,1.3166411183698783,0.47636312572227885,0.46096951574776074,0.47308746676435937,3.1010579395996574e-15,4.219612655648671e-28,14,14,1
alphatensor_rank23_transpose,4,wildcard,18,0.05,4.267362383001051,4.059167140346665,1.3166411183698783,0.47636312572227885,0.4507350593705929,0.4838762734237198,2.036929782111835e-15,1.5172545901320826e-28,14,14,1
alphatensor_rank23_transpose,4,wildcard,19,0.001,3.415448344357724,3.278001941374212,0.9591614386133421,0.47636312572227885,0.47585670454542767,0.4758578302311675,2.220446049250313e-15,1.8588180707144912e-28,14,14,1
alphatensor_rank23_transpose,4,wildcard,19,0.003,3.415448344357724,3.278001941374212,0.9591614386133421,0.47636312572227885,0.47484354859426725,0.4748536992023227,1.7763568394002505e-15,1.2629038873027973e-28,14,14,1
alphatensor_rank23_transpose,4,wildcard,19,0.01,3.415448344357724,3.278001941374212,0.9591614386133421,0.47636312572227885,0.47129435086914306,0.4714079594677559,1.887379141862766e-15,1.1119109560303768e-28,14,14,1
alphatensor_rank23_transpose,4,wildcard,19,0.03,3.415448344357724,3.278001941374212,0.9591614386133421,0.47636312572227885,0.4611302773160907,0.46218024151417325,3.05942275830359e-15,3.510253855639097e-28,14,14,1
alphatensor_rank23_transpose,4,wildcard,19,0.05,3.415448344357724,3.278001941374212,0.9591614386133421,0.47636312572227885,0.4509398595259639,0.45396696971932027,2.554371082349473e-15,2.2677448758550303e-28,14,14,1
alphatensor_rank23_transpose,4,wildcard,20,0.001,4.153897396891621,3.953614610849755,1.2742821872640007,0.47636312572227885,0.4758315286447442,0.47583665667079017,2.233808778685185e-15,1.9347307475463142e-28,14,14,1
alphatensor_rank23_transpose,4,wildcard,20,0.003,4.153897396891621,3.953614610849755,1.2742821872640007,0.47636312572227885,0.4747679464917371,0.47481415510191466,2.187839281143828e-15,1.9792746459264326e-28,14,14,1
alphatensor_rank23_transpose,4,wildcard,20,0.01,4.153897396891621,3.953614610849755,1.2742821872640007,0.47636312572227885,0.47104150617623197,0.47155700883532187,2.1448569392682815e-15,1.807047516472441e-28,14,14,1
alphatensor_rank23_transpose,4,wildcard,20,0.03,4.153897396891621,3.953614610849755,1.2742821872640007,0.47636312572227885,0.4603653998934273,0.4650493884711241,3.7196473810265045e-15,3.289443252192632e-28,14,14,1
alphatensor_rank23_transpose,4,wildcard,20,0.05,4.153897396891621,3.953614610849755,1.2742821872640007,0.47636312572227885,0.44965677628701395,0.4627591425221779,1.9666949308765585e-15,1.4538961318560934e-28,14,14,1
alphatensor_rank23_transpose,4,wildcard,21,0.001,2.9969279416482264,2.886905791320516,0.8045819035200454,0.47636312572227885,0.47588788851925945,0.47588997026133684,2.55351295663786e-15,1.7651550556477477e-28,14,14,1
alphatensor_rank23_transpose,4,wildcard,21,0.003,2.9969279416482264,2.886905791320516,0.8045819035200454,0.47636312572227885,0.47493697572727056,0.4749557596635378,2.8123391798795883e-15,1.7838147594039815e-28,14,14,1
alphatensor_rank23_transpose,4,wildcard,21,0.01,2.9969279416482264,2.886905791320516,0.8045819035200454,0.47636312572227885,0.47160426353136076,0.47181488825240697,3.6704221159481254e-15,4.131061081794514e-28,14,14,1
alphatensor_rank23_transpose,4,wildcard,21,0.03,2.9969279416482264,2.886905791320516,0.8045819035200454,0.47636312572227885,0.4620456662033319,0.4639938419064107,4.297959374710964e-15,6.248693065773142e-28,14,14,1
alphatensor_rank23_transpose,4,wildcard,21,0.05,2.9969279416482264,2.886905791320516,0.8045819035200454,0.47636312572227885,0.4524382161474665,0.4580127733048505,4.218847493575595e-15,2.7023218004316954e-28,14,14,1
alphatensor_rank23_transpose,4,wildcard,22,0.001,3.0581035790388933,2.9688053884279677,0.7336157480394995,0.47636312572227885,0.47587502438282875,0.4758778568860044,1.9984014443252818e-15,1.6632118094536e-28,14,14,1
alphatensor_rank23_transpose,4,wildcard,22,0.003,3.0581035790388933,2.9688053884279677,0.7336157480394995,0.47636312572227885,0.47489849163189146,0.4749239914260329,2.013321318573931e-15,1.3267919959509682e-28,14,14,1
alphatensor_rank23_transpose,4,wildcard,22,0.01,3.0581035790388933,2.9688053884279677,0.7336157480394995,0.47636312572227885,0.47147721824246536,0.4717607925825121,2.220446049250313e-15,2.357132365118448e-28,14,14,1
alphatensor_rank23_transpose,4,wildcard,22,0.03,3.0581035790388933,2.9688053884279677,0.7336157480394995,0.47636312572227885,0.4616743661593553,0.46422982038359756,3.0008212807240555e-15,2.2526765731617736e-28,14,14,1
alphatensor_rank23_transpose,4,wildcard,22,0.05,3.0581035790388933,2.9688053884279677,0.7336157480394995,0.47636312572227885,0.4518338648686624,0.45892997574383537,4.177447594436484e-15,5.941595515239878e-28,14,14,1
alphatensor_rank23_transpose,4,wildcard,23,0.001,4.07903792081934,3.7894957400998495,1.5093947115474031,0.47636312572227885,0.47590037580162536,0.475934240412413,1.9669010590115213e-15,1.4964932722123215e-28,14,14,1
alphatensor_rank23_transpose,4,wildcard,23,0.003,4.07903792081934,3.7894957400998495,1.5093947115474031,0.47636312572227885,0.47497405015875066,0.4752796173314055,2.220446049250313e-15,1.6410479249335093e-28,14,14,1
alphatensor_rank23_transpose,4,wildcard,23,0.01,4.07903792081934,3.7894957400998495,1.5093947115474031,0.47636312572227885,0.47172327635601896,0.4751410597237739,2.0991702949496956e-15,1.2332193385621923e-28,14,14,1
alphatensor_rank23_transpose,4,wildcard,23,0.03,4.07903792081934,3.7894957400998495,1.5093947115474031,0.47636312572227885,0.4623622329164709,0.49307883271809577,3.63323144030782e-15,3.9136921907633126e-28,14,14,1
alphatensor_rank23_transpose,4,wildcard,23,0.05,4.07903792081934,3.7894957400998495,1.5093947115474031,0.47636312572227885,0.4528949012778251,0.5358375774366119,2.6702010011900926e-15,3.0483350674138375e-28,14,14,1
alphatensor_rank23_transpose,4,wildcard,24,0.001,4.208097214023757,3.91361996943521,1.5464995627262421,0.47636312572227885,0.4758020599250193,0.47580714783418787,1.9703179615834253e-15,1.7494571841397059e-28,14,14,1
alphatensor_rank23_transpose,4,wildcard,24,0.003,4.208097214023757,3.91361996943521,1.5464995627262421,0.47636312572227885,0.47467954632586096,0.47472542459406486,2.3314683517128287e-15,1.7339559742648118e-28,14,14,1
alphatensor_rank23_transpose,4,wildcard,24,0.01,4.208097214023757,3.91361996943521,1.5464995627262421,0.47636312572227885,0.4707469276163476,0.47125993829565216,2.3314683517128287e-15,1.5006449345554259e-28,14,14,1
alphatensor_rank23_transpose,4,wildcard,24,0.03,4.208097214023757,3.91361996943521,1.5464995627262421,0.47636312572227885,0.45948291059905516,0.4641731302811192,3.3029217695634216e-15,2.9276528295419166e-28,14,14,1
alphatensor_rank23_transpose,4,wildcard,24,0.05,4.208097214023757,3.91361996943521,1.5464995627262421,0.47636312572227885,0.44818927814351234,0.4613789502611046,3.991004307795202e-15,6.341480619981206e-28,14,14,1
alphatensor_rank23_transpose,4,wildcard,25,0.001,3.628912273147292,3.507541155570126,0.9306768118852166,0.47636312572227885,0.4758783891026803,0.4758813129341428,1.6029956677703704e-15,1.4214549220377928e-28,14,14,1
alphatensor_rank23_transpose,4,wildcard,25,0.003,3.628912273147292,3.507541155570126,0.9306768118852166,0.47636312572227885,0.47490867904998685,0.4749350511841704,2.55351295663786e-15,1.9812569931468767e-28,14,14,1
alphatensor_rank23_transpose,4,wildcard,25,0.01,3.628912273147292,3.507541155570126,0.9306768118852166,0.47636312572227885,0.47151233171472,0.4718075916388889,1.5543122344752192e-15,1.160931328041069e-28,14,14,1
alphatensor_rank23_transpose,4,wildcard,25,0.03,3.628912273147292,3.507541155570126,0.9306768118852166,0.47636312572227885,0.4617912714127322,0.46450575185735893,2.8078059710554573e-15,2.0331259438048446e-28,14,14,1
alphatensor_rank23_transpose,4,wildcard,25,0.05,3.628912273147292,3.507541155570126,0.9306768118852166,0.47636312572227885,0.45205183928285303,0.4597502952146286,3.5054566883529608e-15,5.144543468168268e-28,14,14,1
alphatensor_rank23_transpose,4,wildcard,26,0.001,3.059210011471764,2.96581995265557,0.7501185924366778,0.47636312572227885,0.4758785254371717,0.47587993375977183,1.6718258376433583e-15,1.432839828707016e-28,14,14,1
alphatensor_rank23_transpose,4,wildcard,26,0.003,3.059210011471764,2.96581995265557,0.7501185924366778,0.47636312572227885,0.47490929198510873,0.4749219734702026,1.7763568394002505e-15,1.445431341664489e-28,14,14,1
alphatensor_rank23_transpose,4,wildcard,26,0.01,3.059210011471764,2.96581995265557,0.7501185924366778,0.47636312572227885,0.4715167513590298,0.47165794782721526,2.9976021664879227e-15,2.5463675306693237e-28,14,14,1
alphatensor_rank23_transpose,4,wildcard,26,0.03,3.059210011471764,2.96581995265557,0.7501185924366778,0.47636312572227885,0.46182489884112465,0.4631064642478171,1.895686960171949e-15,1.9783793191307448e-28,14,14,1
alphatensor_rank23_transpose,4,wildcard,26,0.05,3.059210011471764,2.96581995265557,0.7501185924366778,0.47636312572227885,0.45214206958044534,0.4557503544446241,3.690217932588158e-15,6.169570420835583e-28,14,14,1
alphatensor_rank23_transpose,4,wildcard,27,0.001,4.019130108335538,3.8263788927940885,1.229728179928037,0.47636312572227885,0.4758750270667988,0.4758821272880777,1.6653345369377348e-15,1.688448863663918e-28,14,14,1
alphatensor_rank23_transpose,4,wildcard,27,0.003,4.019130108335538,3.8263788927940885,1.229728179928037,0.47636312572227885,0.47489860657276134,0.4749626185000013,2.220446049250313e-15,1.6473481719411758e-28,14,14,1
alphatensor_rank23_transpose,4,wildcard,27,0.01,4.019130108335538,3.8263788927940885,1.229728179928037,0.47636312572227885,0.47147895943045376,0.4721942222554926,1.9984014443252818e-15,1.1664554052607324e-28,14,14,1
alphatensor_rank23_transpose,4,wildcard,27,0.03,4.019130108335538,3.8263788927940885,1.229728179928037,0.47636312572227885,0.4616941074597913,0.46821473633291244,2.220446049250313e-15,2.6439278240336366e-28,14,14,1
alphatensor_rank23_transpose,4,wildcard,27,0.05,4.019130108335538,3.8263788927940885,1.229728179928037,0.47636312572227885,0.4518981892985039,0.47016186585824427,9.103828801926284e-15,1.1475786139294132e-27,14,14,1
alphatensor_rank23_transpose,4,wildcard,28,0.001,3.2395806340551085,3.0610117993450747,1.0607023375175197,0.47636312572227885,0.47596812951327044,0.47597471609553427,2.3314683517128287e-15,1.8261858850382433e-28,14,14,1
alphatensor_rank23_transpose,4,wildcard,28,0.003,3.2395806340551085,3.0610117993450747,1.0607023375175197,0.47636312572227885,0.47517787563402963,0.4752372670998157,2.2513192139081015e-15,1.4879980401777217e-28,14,14,1
alphatensor_rank23_transpose,4,wildcard,28,0.01,3.2395806340551085,3.0610117993450747,1.0607023375175197,0.47636312572227885,0.4724092999208373,0.4730732885117837,2.3200074932738308e-15,1.589671507524352e-28,14,14,1
alphatensor_rank23_transpose,4,wildcard,28,0.03,3.2395806340551085,3.0610117993450747,1.0607023375175197,0.47636312572227885,0.4644775040121028,0.4705354653990675,2.273558159948134e-15,1.3338066728985402e-28,14,14,1
alphatensor_rank23_transpose,4,wildcard,28,0.05,3.2395806340551085,3.0610117993450747,1.0607023375175197,0.47636312572227885,0.45651725999846277,0.4734731560674794,3.3316693056139335e-15,2.548495427864337e-28,14,14,1
alphatensor_rank23_transpose,4,wildcard,29,0.001,3.1598301489882954,3.0310352957426425,0.8929454666538751,0.47636312572227885,0.47588574762785396,0.47588953799637146,2.220446049250313e-15,1.6952512198082292e-28,14,14,1
alphatensor_rank23_transpose,4,wildcard,29,0.003,3.1598301489882954,3.0310352957426425,0.8929454666538751,0.47636312572227885,0.47493048144295563,0.47496465578824254,2.1007983544045252e-15,1.5236948285829005e-28,14,14,1
alphatensor_rank23_transpose,4,wildcard,29,0.01,3.1598301489882954,3.0310352957426425,0.8929454666538751,0.47636312572227885,0.4715817973746793,0.47196384204828856,5.226553260612816e-15,2.755072432625327e-28,14,14,1
alphatensor_rank23_transpose,4,wildcard,29,0.03,3.1598301489882954,3.0310352957426425,0.8929454666538751,0.47636312572227885,0.46197166059921424,0.46546658381260836,3.29827519098604e-15,2.835431510918348e-28,14,14,1
alphatensor_rank23_transpose,4,wildcard,29,0.05,3.1598301489882954,3.0310352957426425,0.8929454666538751,0.47636312572227885,0.45230478008641956,0.46215654417615754,5.569719209505899e-15,6.382871087039866e-28,14,14,1
alphatensor_rank23_transpose,4,wildcard,30,0.001,3.5917147986803477,3.44168179661194,1.0272495344021413,0.47636312572227885,0.4758599944383307,0.4758617941274583,2.293896492887196e-15,1.6696327165259195e-28,14,14,1
alphatensor_rank23_transpose,4,wildcard,30,0.003,3.5917147986803477,3.44168179661194,1.0272495344021413,0.47636312572227885,0.4748534992828848,0.4748697241168194,1.8819210646746345e-15,1.2096195635372878e-28,14,14,1
alphatensor_rank23_transpose,4,wildcard,30,0.01,3.5917147986803477,3.44168179661194,1.0272495344021413,0.47636312572227885,0.47132840442503454,0.47150980072778415,5.1013137713754044e-15,6.424995215342389e-28,14,14,1
alphatensor_rank23_transpose,4,wildcard,30,0.03,3.5917147986803477,3.44168179661194,1.0272495344021413,0.47636312572227885,0.46123846967409626,0.46290414243396827,2.6645352591003757e-15,2.387787496211871e-28,14,14,1
alphatensor_rank23_transpose,4,wildcard,30,0.05,3.5917147986803477,3.44168179661194,1.0272495344021413,0.47636312572227885,0.4511264092443978,0.4558689398515715,4.5048929982666895e-15,7.079666372482908e-28,14,14,1
alphatensor_rank23_transpose,4,wildcard,31,0.001,3.2340402428487627,3.115013338620663,0.8693147833671288,0.47636312572227885,0.4759100256605722,0.4759126994635739,2.414487346706033e-15,2.5494856869088633e-28,14,14,1
alphatensor_rank23_transpose,4,wildcard,31,0.003,3.2340402428487627,3.115013338620663,0.8693147833671288,0.47636312572227885,0.47500368326898396,0.4750277525225504,2.7755575615628914e-15,1.4768913440183712e-28,14,14,1
alphatensor_rank23_transpose,4,wildcard,31,0.01,3.2340402428487627,3.115013338620663,0.8693147833671288,0.47636312572227885,0.47183005663150834,0.47209766992162805,4.219806538924746e-15,6.848414970449845e-28,14,14,1
alphatensor_rank23_transpose,4,wildcard,31,0.03,3.2340402428487627,3.115013338620663,0.8693147833671288,0.47636312572227885,0.46275195762099175,0.4651639544119064,2.3368955502725323e-15,1.6141831307377555e-28,14,14,1
alphatensor_rank23_transpose,4,wildcard,31,0.05,3.2340402428487627,3.115013338620663,0.8693147833671288,0.47636312572227885,0.45366220214360825,0.4603701833503097,4.773959005888173e-15,5.088161016085184e-28,14,14,1
alphatensor_rank23_transpose,4,wildcard,32,0.001,3.7540057803503775,3.5908327763014944,1.094750826235334,0.47636312572227885,0.47591384896878747,0.4759195704233394,2.06082373186789e-15,1.783622002451373e-28,14,14,1
alphatensor_rank23_transpose,4,wildcard,32,0.003,3.7540057803503775,3.5908327763014944,1.094750826235334,0.47636312572227885,0.47501497358457045,0.4750665753597599,1.821833196672839e-15,1.5223747890539735e-28,14,14,1
alphatensor_rank23_transpose,4,wildcard,32,0.01,3.7540057803503775,3.5908327763014944,1.094750826235334,0.47636312572227885,0.47186559386629123,0.47244299004302864,2.148807327636705e-15,1.1791972210133433e-28,14,14,1
alphatensor_rank23_transpose,4,wildcard,32,0.03,3.7540057803503775,3.5908327763014944,1.094750826235334,0.47636312572227885,0.4628405015391356,0.46812598285168955,2.2171819280929717e-15,2.2507112362910905e-28,14,14,1
alphatensor_rank23_transpose,4,wildcard,32,0.05,3.7540057803503775,3.5908327763014944,1.094750826235334,0.47636312572227885,0.4537792510435146,0.46864218957157766,1.9343751185289264e-15,1.487547158918614e-28,14,14,1
alphatensor_rank23_transpose,4,wildcard,33,0.001,3.211977012354872,3.0617118201289153,0.9709361762644418,0.47636312572227885,0.47591810967207054,0.47592705136911456,1.9475328747952486e-15,1.635292463580783e-28,14,14,1
alphatensor_rank23_transpose,4,wildcard,33,0.003,3.211977012354872,3.0617118201289153,0.9709361762644418,0.47636312572227885,0.4750278250359507,0.47510841414175564,1.9984014443252818e-15,1.7923284237049034e-28,14,14,1
alphatensor_rank23_transpose,4,wildcard,33,0.01,3.211977012354872,3.0617118201289153,0.9709361762644418,0.47636312572227885,0.4719092393072516,0.47280858464370573,4.6126035899248375e-15,6.558871042039453e-28,14,14,1
alphatensor_rank23_transpose,4,wildcard,33,0.03,3.211977012354872,3.0617118201289153,0.9709361762644418,0.47636312572227885,0.46297837666292635,0.4711317047177821,2.1094237467877974e-15,1.7484114394419477e-28,14,14,1
alphatensor_rank23_transpose,4,wildcard,33,0.05,3.211977012354872,3.0617118201289153,0.9709361762644418,0.47636312572227885,0.45402089841367466,0.47666094627839345,3.765214874342701e-15,4.022487487614585e-28,14,14,1
alphatensor_rank23_transpose,4,wildcard,34,0.001,2.861699146720423,2.781571848140625,0.6724433507530184,0.47636312572227885,0.4759065382428315,0.4759068595697525,2.0656448488031174e-15,1.6132398145193006e-28,14,14,1
alphatensor_rank23_transpose,4,wildcard,34,0.003,2.861699146720423,2.781571848140625,0.6724433507530184,0.47636312572227885,0.4749930501220656,0.47499594827411784,2.315101854980936e-15,1.989378250154936e-28,14,14,1
alphatensor_rank23_transpose,4,wildcard,34,0.01,2.861699146720423,2.781571848140625,0.6724433507530184,0.47636312572227885,0.4717926119213443,0.4718250903987417,2.3314683517128287e-15,1.1221353011886159e-28,14,14,1
alphatensor_rank23_transpose,4,wildcard,34,0.03,2.861699146720423,2.781571848140625,0.6724433507530184,0.47636312572227885,0.4626223079855741,0.4629248219566028,3.890722512228252e-15,5.662204976945368e-28,14,14,1
alphatensor_rank23_transpose,4,wildcard,34,0.05,2.861699146720423,2.781571848140625,0.6724433507530184,0.47636312572227885,0.4534169264314545,0.45430113091457575,3.3413884267851582e-15,4.21299131343931e-28,14,14,1
alphatensor_rank23_transpose,4,wildcard,35,0.001,3.2921847642253925,3.204885376786215,0.7531203379671052,0.47636312572227885,0.4758500230655123,0.47585070827156767,2.7755575615628914e-15,1.608628916390921e-28,14,14,1
alphatensor_rank23_transpose,4,wildcard,35,0.003,3.2921847642253925,3.204885376786215,0.7531203379671052,0.47636312572227885,0.4748237018715542,0.4748298842163013,3.2088886525789616e-15,1.3284135813583207e-28,14,14,1
alphatensor_rank23_transpose,4,wildcard,35,0.01,3.2921847642253925,3.204885376786215,0.7531203379671052,0.47636312572227885,0.4712304569192086,0.4712998061551628,2.8394276990638186e-15,1.9600039429728458e-28,14,14,1
alphatensor_rank23_transpose,4,wildcard,35,0.03,3.2921847642253925,3.204885376786215,0.7531203379671052,0.47636312572227885,0.4609568377112904,0.4616026839950195,2.1094237467877974e-15,1.345003812601933e-28,14,14,1
alphatensor_rank23_transpose,4,wildcard,35,0.05,3.2921847642253925,3.204885376786215,0.7531203379671052,0.47636312572227885,0.45067839249160113,0.45255758455773615,5.281274667274024e-15,5.087225085209365e-28,14,14,1
alphatensor_rank23_transpose,4,wildcard,36,0.001,4.127626776015932,3.9216108836591252,1.2877386688493782,0.47636312572227885,0.4758007783836104,0.4758058152054691,1.7763568394002505e-15,1.3267637388057557e-28,14,14,1
alphatensor_rank23_transpose,4,wildcard,36,0.003,4.127626776015932,3.9216108836591252,1.2877386688493782,0.47636312572227885,0.47467550416310567,0.47472086818877857,1.7763568394002505e-15,1.1578001530885257e-28,14,14,1
alphatensor_rank23_transpose,4,wildcard,36,0.01,4.127626776015932,3.9216108836591252,1.2877386688493782,0.47636312572227885,0.4707310545102425,0.4712362236907897,3.229107081245567e-15,2.9450963967312916e-28,14,14,1
alphatensor_rank23_transpose,4,wildcard,36,0.03,4.127626776015932,3.9216108836591252,1.2877386688493782,0.47636312572227885,0.45941228241330545,0.46397669742290776,5.974368040438184e-15,8.0722658177715e-28,14,14,1
alphatensor_rank23_transpose,4,wildcard,36,0.05,4.127626776015932,3.9216108836591252,1.2877386688493782,0.47636312572227885,0.448027104607682,0.4607131476677223,2.712139367105376e-15,2.3385556206226135e-28,14,14,1
alphatensor_rank23_transpose,4,wildcard,37,0.001,3.328768236180443,3.165378836777993,1.0300848459626306,0.47636312572227885,0.4758602328873729,0.4758656574361222,2.420272102353295e-15,1.8090129913376263e-28,14,14,1
alphatensor_rank23_transpose,4,wildcard,37,0.003,3.328768236180443,3.165378836777993,1.0300848459626306,0.47636312572227885,0.47485420620484536,0.4749031208240837,2.2337216676220865e-15,1.482288133484039e-28,14,14,1
alphatensor_rank23_transpose,4,wildcard,37,0.01,3.328768236180443,3.165378836777993,1.0300848459626306,0.47636312572227885,0.4713306757411217,0.4718776536662553,1.7763568394002505e-15,1.1606033791148333e-28,14,14,1
alphatensor_rank23_transpose,4,wildcard,37,0.03,3.328768236180443,3.165378836777993,1.0300848459626306,0.47636312572227885,0.4612449075914826,0.46624412931315284,3.2759457642789727e-15,4.393637413716602e-28,14,14,1
alphatensor_rank23_transpose,4,wildcard,37,0.05,3.328768236180443,3.165378836777993,1.0300848459626306,0.47636312572227885,0.45113744023789776,0.46517951259706514,3.2280263174801625e-15,3.0299163541592955e-28,14,14,1
alphatensor_rank23_transpose,4,wildcard,38,0.001,2.901606905214864,2.7612664343100977,0.8914764781770648,0.47636312572227885,0.4759209708330587,0.4759227325237099,2.351568559971459e-15,1.559299313342307e-28,14,14,1
alphatensor_rank23_transpose,4,wildcard,38,0.003,2.901606905214864,2.7612664343100977,0.8914764781770648,0.47636312572227885,0.4750364406117404,0.47505231033507206,2.3203040285228555e-15,1.3904067344389555e-28,14,14,1
alphatensor_rank23_transpose,4,wildcard,38,0.01,2.901606905214864,2.7612664343100977,0.8914764781770648,0.47636312572227885,0.4719383226140407,0.47211521563905207,5.535078557134141e-15,3.1464910963088256e-28,14,14,1
alphatensor_rank23_transpose,4,wildcard,38,0.03,2.901606905214864,2.7612664343100977,0.8914764781770648,0.47636312572227885,0.46306847402453716,0.4646750133380158,1.9984014443252818e-15,2.23331327726319e-28,14,14,1
alphatensor_rank23_transpose,4,wildcard,38,0.05,2.901606905214864,2.7612664343100977,0.8914764781770648,0.47636312572227885,0.45417500329468236,0.4586791448608598,1.7992545514435667e-15,1.2835083579698892e-28,14,14,1
alphatensor_rank23_transpose,4,wildcard,39,0.001,3.2723402630617713,3.144779510157533,0.9047500371641508,0.47636312572227885,0.475877147911219,0.4758795577267515,2.220446049250313e-15,1.5083838276514336e-28,14,14,1
alphatensor_rank23_transpose,4,wildcard,39,0.003,3.2723402630617713,3.144779510157533,0.9047500371641508,0.47636312572227885,0.47490489111860007,0.4749266197125377,1.7763568394002505e-15,1.50175272719422e-28,14,14,1
alphatensor_rank23_transpose,4,wildcard,39,0.01,3.2723402630617713,3.144779510157533,0.9047500371641508,0.47636312572227885,0.4714988850329753,0.47174188030384956,2.168878383414477e-15,1.3623508700266219e-28,14,14,1
alphatensor_rank23_transpose,4,wildcard,39,0.03,3.2723402630617713,3.144779510157533,0.9047500371641508,0.47636312572227885,0.4617422061679464,0.4639696438732447,2.55351295663786e-15,1.4529960419633517e-28,14,14,1
alphatensor_rank23_transpose,4,wildcard,39,0.05,3.2723402630617713,3.144779510157533,0.9047500371641508,0.47636312572227885,0.45195165594364517,0.458253328986067,5.028930153186045e-15,4.631809382096515e-28,14,14,1
alphatensor_rank23_transpose,4,wildcard,40,0.001,3.2236692639327025,3.0799474058372813,0.9518232506619125,0.47636312572227885,0.47584516284919925,0.4758481874955793,2.104764179486678e-15,2.078066191597283e-28,14,14,1
alphatensor_rank23_transpose,4,wildcard,40,0.003,3.2236692639327025,3.0799474058372813,0.9518232506619125,0.47636312572227885,0.4748088105649692,0.4748360587634527,1.6159881022003108e-15,1.238579142374098e-28,14,14,1
alphatensor_rank23_transpose,4,wildcard,40,0.01,3.2236692639327025,3.0799474058372813,0.9518232506619125,0.47636312572227885,0.4711772432511918,0.4714810207407029,2.939302448047425e-15,3.532417456366419e-28,14,14,1
alphatensor_rank23_transpose,4,wildcard,40,0.03,3.2236692639327025,3.0799474058372813,0.9518232506619125,0.47636312572227885,0.46076775927215,0.4635279474247964,2.55351295663786e-15,2.9488856040999296e-28,14,14,1
alphatensor_rank23_transpose,4,wildcard,40,0.05,3.2236692639327025,3.0799474058372813,0.9518232506619125,0.47636312572227885,0.4503171082981172,0.45806072131707964,3.1266523238963883e-15,3.4332672075937258e-28,14,14,1
alphatensor_rank23_transpose,4,wildcard,41,0.001,2.889052516108256,2.770056127044402,0.8206177513649202,0.47636312572227885,0.4759381177433037,0.47594000628211924,2.4531770067593222e-15,1.8152968068154734e-28,14,14,1
alphatensor_rank23_transpose,4,wildcard,41,0.003,2.889052516108256,2.770056127044402,0.8206177513649202,0.47636312572227885,0.4750878255092195,0.4751048662828066,2.4424906541753444e-15,1.3190563130153409e-28,14,14,1
alphatensor_rank23_transpose,4,wildcard,41,0.01,2.889052516108256,2.770056127044402,0.8206177513649202,0.47636312572227885,0.4721089650385125,0.4723000267935335,2.9225516049189487e-15,3.838445065723748e-28,14,14,1
alphatensor_rank23_transpose,4,wildcard,41,0.03,2.889052516108256,2.770056127044402,0.8206177513649202,0.47636312572227885,0.4635751998038813,0.4653400223755055,3.2995665308783374e-15,3.5281694551194285e-28,14,14,1
alphatensor_rank23_transpose,4,wildcard,41,0.05,2.889052516108256,2.770056127044402,0.8206177513649202,0.47636312572227885,0.45501163209269485,0.46004513551604886,2.316117933733365e-15,1.9968982474831142e-28,14,14,1
alphatensor_rank23_transpose,4,wildcard,42,0.001,3.4797201694729765,3.1864289917103688,1.3982570359646627,0.47636312572227885,0.4759170688895426,0.4759217915230963,2.4424906541753444e-15,1.7722438898135453e-28,14,14,1
alphatensor_rank23_transpose,4,wildcard,42,0.003,3.4797201694729765,3.1864289917103688,1.3982570359646627,0.47636312572227885,0.4750247872811308,0.47506735615668516,2.0329507459149543e-15,1.8095536657448445e-28,14,14,1
alphatensor_rank23_transpose,4,wildcard,42,0.01,3.4797201694729765,3.1864289917103688,1.3982570359646627,0.47636312572227885,0.4719001726901223,0.47237558600891527,6.1402162025805385e-15,3.9041206760524973e-28,14,14,1
alphatensor_rank23_transpose,4,wildcard,42,0.03,3.4797201694729765,3.1864289917103688,1.3982570359646627,0.47636312572227885,0.46296205608313773,0.4672949108322805,1.857237970776799e-15,1.3845957970303505e-28,14,14,1
alphatensor_rank23_transpose,4,wildcard,42,0.05,3.4797201694729765,3.1864289917103688,1.3982570359646627,0.47636312572227885,0.45401606724593113,0.4661708845151622,2.4424906541753444e-15,1.9853182635269242e-28,14,14,1
alphatensor_rank23_transpose,4,wildcard,43,0.001,3.70520965145351,3.509196177907693,1.1891680899613324,0.47636312572227885,0.47586200226353575,0.4758716503972272,2.0930162676215332e-15,1.6146309211450935e-28,14,14,1
alphatensor_rank23_transpose,4,wildcard,43,0.003,3.70520965145351,3.509196177907693,1.1891680899613324,0.47636312572227885,0.47485957592142625,0.4749464987954622,2.886579864025407e-15,1.3961192121872865e-28,14,14,1
alphatensor_rank23_transpose,4,wildcard,43,0.01,3.70520965145351,3.509196177907693,1.1891680899613324,0.47636312572227885,0.47134928459145464,0.47231795547714794,4.4420355770631205e-15,5.123506580787877e-28,14,14,1
alphatensor_rank23_transpose,4,wildcard,43,0.03,3.70520965145351,3.509196177907693,1.1891680899613324,0.47636312572227885,0.46130659410816255,0.4700486884657037,2.1451506505215523e-15,1.5702456149105312e-28,14,14,1
alphatensor_rank23_transpose,4,wildcard,43,0.05,3.70520965145351,3.509196177907693,1.1891680899613324,0.47636312572227885,0.4512494648128256,0.4753981462045845,2.628320214970826e-15,2.985781919881723e-28,14,14,1
alphatensor_rank23_transpose,4,wildcard,44,0.001,2.9865654311004954,2.8860972126929236,0.7681249593201781,0.47636312572227885,0.47589004559888887,0.47589083464792303,2.220446049250313e-15,1.5390213632787061e-28,14,14,1
alphatensor_rank23_transpose,4,wildcard,44,0.003,2.9865654311004954,2.8860972126929236,0.7681249593201781,0.47636312572227885,0.4749435030558453,0.47495061877749306,2.220446049250313e-15,1.4876997600579187e-28,14,14,1
alphatensor_rank23_transpose,4,wildcard,44,0.01,2.9865654311004954,2.8860972126929236,0.7681249593201781,0.47636312572227885,0.47162667514728823,0.47170634960411456,3.198122454212923e-15,3.1422882747415636e-28,14,14,1
alphatensor_rank23_transpose,4,wildcard,44,0.03,2.9865654311004954,2.8860972126929236,0.7681249593201781,0.47636312572227885,0.4621184542224273,0.4628561891762846,3.1086244689504383e-15,2.991525962053979e-28,14,14,1
alphatensor_rank23_transpose,4,wildcard,44,0.05,2.9865654311004954,2.8860972126929236,0.7681249593201781,0.47636312572227885,0.45256851202624576,0.4547008057663898,5.9305925442892674e-15,6.717452975198592e-28,14,14,1
alphatensor_rank23_transpose,4,wildcard,45,0.001,3.2229586507851353,3.0215609238392047,1.12144195043645,0.47636312572227885,0.47594995242922306,0.47595682385021565,1.6653345369377348e-15,1.45104822658459e-28,14,14,1
alphatensor_rank23_transpose,4,wildcard,45,0.003,3.2229586507851353,3.0215609238392047,1.12144195043645,0.47636312572227885,0.47512309546839526,0.4751850244735607,2.1094237467877974e-15,1.5404767250074092e-28,14,14,1
alphatensor_rank23_transpose,4,wildcard,45,0.01,3.2229586507851353,3.0215609238392047,1.12144195043645,0.47636312572227885,0.4722238020435586,0.47291492454478407,2.3223476693336602e-15,2.4714708980993842e-28,14,14,1
alphatensor_rank23_transpose,4,wildcard,45,0.03,3.2229586507851353,3.0215609238392047,1.12144195043645,0.47636312572227885,0.4638962870264405,0.4701674542286175,1.887379141862766e-15,1.4127668118958153e-28,14,14,1
alphatensor_rank23_transpose,4,wildcard,45,0.05,3.2229586507851353,3.0215609238392047,1.12144195043645,0.47636312572227885,0.4555074067918145,0.4729553903317774,3.219646771412954e-15,2.650874188402377e-28,14,14,1
alphatensor_rank23_transpose,4,wildcard,46,0.001,3.9668506209573895,3.7118358601769605,1.3993492759473543,0.47636312572227885,0.475898143971755,0.47590765880664604,2.6645352591003757e-15,1.3550730784642445e-28,14,14,1
alphatensor_rank23_transpose,4,wildcard,46,0.003,3.9668506209573895,3.7118358601769605,1.3993492759473543,0.47636312572227885,0.4749679656497421,0.4750536246824208,1.5543122344752192e-15,1.179963103609596e-28,14,14,1
alphatensor_rank23_transpose,4,wildcard,46,0.01,3.9668506209573895,3.7118358601769605,1.3993492759473543,0.47636312572227885,0.4717101863386952,0.47266228542297006,2.5367986543732054e-15,2.603238300358512e-28,14,14,1
alphatensor_rank23_transpose,4,wildcard,46,0.03,3.9668506209573895,3.7118358601769605,1.3993492759473543,0.47636312572227885,0.462386262471576,0.47091259886568326,4.7676286108044795e-15,7.802054501541976e-28,14,14,1
alphatensor_rank23_transpose,4,wildcard,46,0.05,3.9668506209573895,3.7118358601769605,1.3993492759473543,0.47636312572227885,0.4530446352519191,0.4764093033927584,2.4309059479456988e-15,2.5228942370737684e-28,14,14,1
alphatensor_rank23_transpose,4,wildcard,47,0.001,3.3213743900515467,3.1071476069003907,1.1735252821407234,0.47636312572227885,0.4759521010093296,0.475957191882828,2.4424906541753444e-15,1.4947021711398763e-28,14,14,1
alphatensor_rank23_transpose,4,wildcard,47,0.003,3.3213743900515467,3.1071476069003907,1.1735252821407234,0.47636312572227885,0.47512969365268326,0.475175557390937,2.3192303812345724e-15,1.8593890487631695e-28,14,14,1
alphatensor_rank23_transpose,4,wildcard,47,0.01,3.3213743900515467,3.1071476069003907,1.1735252821407234,0.47636312572227885,0.4722475331613584,0.4727587338059475,3.977613473323527e-15,3.098545563451822e-28,14,14,1
alphatensor_rank23_transpose,4,wildcard,47,0.03,3.3213743900515467,3.1071476069003907,1.1735252821407234,0.47636312572227885,0.4639813541926646,0.46860905350620774,2.6306377728895175e-15,2.776354910210096e-28,14,14,1
alphatensor_rank23_transpose,4,wildcard,47,0.05,3.3213743900515467,3.1071476069003907,1.1735252821407234,0.47636312572227885,0.4556699648794662,0.46853915920293293,2.891187842887707e-15,2.393795527153673e-28,14,14,1
alphatensor_rank23_transpose,4,wildcard,48,0.001,3.356363307915175,3.2070837045595426,0.9898427989675612,0.47636312572227885,0.4758970105683969,0.4759055012064663,2.2026258771487183e-15,1.768006159808307e-28,14,14,1
alphatensor_rank23_transpose,4,wildcard,48,0.003,3.356363307915175,3.2070837045595426,0.9898427989675612,0.47636312572227885,0.47496478327823416,0.47504131871877964,2.3314683517128287e-15,1.5975318277713792e-28,14,14,1
alphatensor_rank23_transpose,4,wildcard,48,0.01,3.356363307915175,3.2070837045595426,0.9898427989675612,0.47636312572227885,0.47170210191179734,0.4725567065761346,2.0651077556335726e-15,1.2692163185142877e-28,14,14,1
alphatensor_rank23_transpose,4,wildcard,48,0.03,3.356363307915175,3.2070837045595426,0.9898427989675612,0.47636312572227885,0.4623832090502226,0.47014731232566903,3.2054660297175155e-15,2.9642548955100535e-28,14,14,1
alphatensor_rank23_transpose,4,wildcard,48,0.05,3.356363307915175,3.2070837045595426,0.9898427989675612,0.47636312572227885,0.4530739402265641,0.4746938283454522,1.7763568394002505e-15,1.6199453826027034e-28,14,14,1
alphatensor_rank23_transpose,5,structured,0,0.001,2.792827827248213,2.7302813473996412,0.5877508287476733,0.4475420646331767,0.4470944890748106,0.44709450737950923,2.433885322164054e-15,2.0106315170049533e-28,14,14,1
alphatensor_rank23_transpose,5,structured,0,0.003,2.792827827248213,2.7302813473996412,0.5877508287476733,0.4475420646331767,0.44619913871833783,0.4461993036174525,5.446209759230003e-15,6.674425749085937e-28,14,14,1
alphatensor_rank23_transpose,5,structured,0,0.01,2.792827827248213,2.7302813473996412,0.5877508287476733,0.4475420646331767,0.44306338101759124,0.44306526411313574,8.215650382226158e-15,1.6153487236208591e-27,14,14,1
alphatensor_rank23_transpose,5,structured,0,0.03,2.792827827248213,2.7302813473996412,0.5877508287476733,0.4475420646331767,0.43408818914932024,0.43411045723028097,2.9956253916217838e-15,3.748120519377626e-28,14,14,1
alphatensor_rank23_transpose,5,structured,0,0.05,2.792827827248213,2.7302813473996412,0.5877508287476733,0.4475420646331767,0.4250932356403066,0.4251907877931338,2.517729021705731e-15,1.6166921683261993e-28,14,14,1
alphatensor_rank23_transpose,5,wildcard,1,0.001,3.759847130842182,3.55159958850216,1.233933065548321,0.4475420646331767,0.44712404091439184,0.4471268704582086,3.6637359812630166e-15,2.716349957708207e-28,14,14,1
alphatensor_rank23_transpose,5,wildcard,1,0.003,3.759847130842182,3.55159958850216,1.233933065548321,0.4475420646331767,0.446287545056734,0.44631308917727786,2.3319093575034676e-15,2.4584971730584796e-28,14,14,1
alphatensor_rank23_transpose,5,wildcard,1,0.01,3.759847130842182,3.55159958850216,1.233933065548321,0.4475420646331767,0.4433551462167484,0.4436420163633787,4.7783385589065265e-15,5.171843956032705e-28,14,14,1
alphatensor_rank23_transpose,5,wildcard,1,0.03,3.759847130842182,3.55159958850216,1.233933065548321,0.4475420646331767,0.43493802626034117,0.43759878374560807,3.885780586188048e-15,3.666884966554062e-28,14,14,1
alphatensor_rank23_transpose,5,wildcard,1,0.05,3.759847130842182,3.55159958850216,1.233933065548321,0.4475420646331767,0.42646614923200266,0.4340811026247847,2.0131441443356666e-15,1.5056755492648237e-28,14,14,1
alphatensor_rank23_transpose,5,wildcard,2,0.001,3.2683946908695733,3.1371294077285268,0.9169639766475415,0.4475420646331767,0.4471552418516189,0.44715958650539234,2.7249718094668754e-15,3.1925907887461706e-28,14,14,1
alphatensor_rank23_transpose,5,wildcard,2,0.003,3.2683946908695733,3.1371294077285268,0.9169639766475415,0.4475420646331767,0.44638139531962767,0.44642051940617183,3.0011625247439164e-15,3.0919865494665503e-28,14,14,1
alphatensor_rank23_transpose,5,wildcard,2,0.01,3.2683946908695733,3.1371294077285268,0.9169639766475415,0.4475420646331767,0.4436708510028153,0.44410631045344806,2.886579864025407e-15,2.8199156018504704e-28,14,14,1
alphatensor_rank23_transpose,5,wildcard,2,0.03,3.2683946908695733,3.1371294077285268,0.9169639766475415,0.4475420646331767,0.43590932947994754,0.439838736952087,2.4424906541753444e-15,2.707923650635341e-28,14,14,1
alphatensor_rank23_transpose,5,wildcard,2,0.05,3.2683946908695733,3.1371294077285268,0.9169639766475415,0.4475420646331767,0.4281242929827054,0.4390321883154781,5.15381889212327e-15,4.0366667248398903e-28,14,14,1
alphatensor_rank23_transpose,5,wildcard,3,0.001,3.4555147438701606,3.2955940257745557,1.0390583055743883,0.4475420646331767,0.4470588293091733,0.44706201679999374,3.3344481848740646e-15,3.726262070605758e-28,14,14,1
alphatensor_rank23_transpose,5,wildcard,3,0.003,3.4555147438701606,3.2955940257745557,1.0390583055743883,0.4475420646331767,0.4460921148495051,0.446120878635016,2.4424906541753444e-15,3.0879681723704896e-28,14,14,1
alphatensor_rank23_transpose,5,wildcard,3,0.01,3.4555147438701606,3.2955940257745557,1.0390583055743883,0.4475420646331767,0.44270617972859355,0.44302880895766,5.3021452970581464e-15,6.325339607128983e-28,14,14,1
alphatensor_rank23_transpose,5,wildcard,3,0.03,3.4555147438701606,3.2955940257745557,1.0390583055743883,0.4475420646331767,0.43301438588274516,0.43600207632798627,2.7128511266878212e-15,1.916182142079321e-28,14,14,1
alphatensor_rank23_transpose,5,wildcard,3,0.05,3.4555147438701606,3.2955940257745557,1.0390583055743883,0.4475420646331767,0.423304231252267,0.43187248199320627,2.249687298874738e-15,1.918053512395953e-28,14,14,1
alphatensor_rank23_transpose,5,wildcard,4,0.001,4.260788614787591,3.9706278140030498,1.5454560435576685,0.4475420646331767,0.44705360283130074,0.4470662890150635,2.797729724769762e-15,2.7183522161810177e-28,14,14,1
alphatensor_rank23_transpose,5,wildcard,4,0.003,4.260788614787591,3.9706278140030498,1.5454560435576685,0.4475420646331767,0.4460762372609642,0.4461906765090082,5.88140070422884e-15,5.508726822798876e-28,14,14,1
alphatensor_rank23_transpose,5,wildcard,4,0.01,4.260788614787591,3.9706278140030498,1.5454560435576685,0.4475420646331767,0.44265089320295015,0.44393147414908357,5.056071941392989e-15,6.305382078804456e-28,14,14,1
alphatensor_rank23_transpose,5,wildcard,4,0.03,4.260788614787591,3.9706278140030498,1.5454560435576685,0.4475420646331767,0.4328269658983073,0.4444850429166938,4.419742971277919e-15,5.202029744061684e-28,14,14,1
alphatensor_rank23_transpose,5,wildcard,4,0.05,4.260788614787591,3.9706278140030498,1.5454560435576685,0.4475420646331767,0.42295247613375087,0.45528656026966347,1.5594881889949032e-15,1.6479389358709575e-28,14,14,1
alphatensor_rank23_transpose,5,wildcard,5,0.001,3.3150727928881842,3.171063915946427,0.9664684491125287,0.4475420646331767,0.4471056277429993,0.4471081337258041,2.4867091707298962e-15,2.799476142920359e-28,14,14,1
alphatensor_rank23_transpose,5,wildcard,5,0.003,3.3150727928881842,3.171063915946427,0.9664684491125287,0.4475420646331767,0.44623278244507464,0.4462553517038762,2.810665540692598e-15,3.135626841361787e-28,14,14,1
alphatensor_rank23_transpose,5,wildcard,5,0.01,3.3150727928881842,3.171063915946427,0.9664684491125287,0.4475420646331767,0.4431782110492949,0.4434295942968851,2.6987377905401336e-15,3.0515781756721474e-28,14,14,1
alphatensor_rank23_transpose,5,wildcard,5,0.03,3.3150727928881842,3.171063915946427,0.9664684491125287,0.4475420646331767,0.43445640146648906,0.4367364350963338,5.103867634993813e-15,5.790456320811415e-28,14,14,1
alphatensor_rank23_transpose,5,wildcard,5,0.05,3.3150727928881842,3.171063915946427,0.9664684491125287,0.4475420646331767,0.42574825296669794,0.43214351029863035,2.6741223200135484e-15,2.079873520617807e-28,14,14,1
alphatensor_rank23_transpose,5,wildcard,6,0.001,3.5070048844517663,3.377492296667427,0.9442611108802154,0.4475420646331767,0.4470733870728753,0.44707605956140883,2.886579864025407e-15,3.3316284591925636e-28,14,14,1
alphatensor_rank23_transpose,5,wildcard,6,0.003,3.5070048844517663,3.377492296667427,0.9442611108802154,0.4475420646331767,0.4461356143730627,0.44615975541272584,2.7420129901955385e-15,2.5882636092661376e-28,14,14,1
alphatensor_rank23_transpose,5,wildcard,6,0.01,3.5070048844517663,3.377492296667427,0.9442611108802154,0.4475420646331767,0.4428490984732273,0.4431208087270076,2.1094237467877974e-15,1.9406580863224117e-28,14,14,1
alphatensor_rank23_transpose,5,wildcard,6,0.03,3.5070048844517663,3.377492296667427,0.9442611108802154,0.4475420646331767,0.4334239309960427,0.4359612148636768,6.157079384898708e-15,1.1500389269739668e-27,14,14,1
alphatensor_rank23_transpose,5,wildcard,6,0.05,3.5070048844517663,3.377492296667427,0.9442611108802154,0.4475420646331767,0.4239512048869011,0.43126685027329614,2.2876707669364108e-15,1.5694195193919923e-28,14,14,1
alphatensor_rank23_transpose,5,wildcard,7,0.001,3.0560190578439608,2.9281271692557014,0.8748278473917515,0.4475420646331767,0.4471309222028799,0.4471363606829892,2.9099550561855374e-15,3.442615393792082e-28,14,14,1
alphatensor_rank23_transpose,5,wildcard,7,0.003,3.0560190578439608,2.9281271692557014,0.8748278473917515,0.4475420646331767,0.4463084811354518,0.44635748568046063,2.4055543480237707e-15,2.2756922533448474e-28,14,14,1
alphatensor_rank23_transpose,5,wildcard,7,0.01,3.0560190578439608,2.9281271692557014,0.8748278473917515,0.4475420646331767,0.44342835900661437,0.44397492491721774,2.373451107393336e-15,2.71892611757683e-28,14,14,1
alphatensor_rank23_transpose,5,wildcard,7,0.03,3.0560190578439608,2.9281271692557014,0.8748278473917515,0.4475420646331767,0.4351874840761731,0.44014439985873643,2.55351295663786e-15,2.8568613887699e-28,14,14,1
alphatensor_rank23_transpose,5,wildcard,7,0.05,3.0560190578439608,2.9281271692557014,0.8748278473917515,0.4475420646331767,0.42693283914206587,0.44074214977817683,2.8328506966026563e-15,2.9266317423684535e-28,14,14,1
alphatensor_rank23_transpose,5,wildcard,8,0.001,4.114856103307758,3.839382261192183,1.480265044974011,0.4475420646331767,0.4470947447597496,0.44710287518117986,2.9976021664879227e-15,2.9783362872562975e-28,14,14,1
alphatensor_rank23_transpose,5,wildcard,8,0.003,4.114856103307758,3.839382261192183,1.480265044974011,0.4475420646331767,0.4461999262376607,0.44627319109759,2.4424906541753444e-15,2.6213207634910437e-28,14,14,1
alphatensor_rank23_transpose,5,wildcard,8,0.01,4.114856103307758,3.839382261192183,1.480265044974011,0.4475420646331767,0.4430662213086218,0.44388330467659276,2.3314683517128287e-15,1.7619581699661584e-28,14,14,1
alphatensor_rank23_transpose,5,wildcard,8,0.03,4.114856103307758,3.839382261192183,1.480265044974011,0.4475420646331767,0.4340979456623626,0.44148881971651743,3.86701433079491e-15,6.321608341908784e-28,14,14,1
alphatensor_rank23_transpose,5,wildcard,8,0.05,4.114856103307758,3.839382261192183,1.480265044974011,0.4475420646331767,0.42511003144386444,0.445574498001319,2.886579864025407e-15,2.8771986522897755e-28,14,14,1
alphatensor_rank23_transpose,5,wildcard,9,0.001,3.3483898607486875,3.2202535039020583,0.9174323027728711,0.4475420646331767,0.4471149931538137,0.4471198383107058,2.7344319610392597e-15,1.915090846014286e-28,14,14,1
alphatensor_rank23_transpose,5,wildcard,9,0.003,3.3483898607486875,3.2202535039020583,0.9174323027728711,0.4475420646331767,0.44626073834135827,0.44630444033861016,2.0319053283421236e-15,1.9683211243993777e-28,14,14,1
alphatensor_rank23_transpose,5,wildcard,9,0.01,3.3483898607486875,3.2202535039020583,0.9174323027728711,0.4475420646331767,0.44326974052050955,0.44375890319632644,2.4424906541753444e-15,2.096803414035537e-28,14,14,1
alphatensor_rank23_transpose,5,wildcard,9,0.03,3.3483898607486875,3.2202535039020583,0.9174323027728711,0.4475420646331767,0.43471623902295337,0.4391999402190379,6.4329084648368645e-15,8.408665050226317e-28,14,14,1
alphatensor_rank23_transpose,5,wildcard,9,0.05,3.3483898607486875,3.2202535039020583,0.9174323027728711,0.4475420646331767,0.4261551977745164,0.438786861323943,4.856868930825693e-15,6.549287023456757e-28,14,14,1
alphatensor_rank23_transpose,5,wildcard,10,0.001,3.2074707155653197,3.1161111414744314,0.7600787756463274,0.4475420646331767,0.44705693311213174,0.44705844988257254,2.8487399651922204e-15,3.471868099137717e-28,14,14,1
alphatensor_rank23_transpose,5,wildcard,10,0.003,3.2074707155653197,3.1161111414744314,0.7600787756463274,0.4475420646331767,0.44608636576589755,0.44610003363681566,5.093139573609578e-15,3.8516490402336996e-28,14,14,1
alphatensor_rank23_transpose,5,wildcard,10,0.01,3.2074707155653197,3.1161111414744314,0.7600787756463274,0.4475420646331767,0.4426862831568933,0.4428388441069791,4.551914400963142e-15,3.961993662020128e-28,14,14,1
alphatensor_rank23_transpose,5,wildcard,10,0.03,3.2074707155653197,3.1161111414744314,0.7600787756463274,0.4475420646331767,0.43294769321973187,0.434342079220327,2.065883305302521e-15,1.6688176796271973e-28,14,14,1
alphatensor_rank23_transpose,5,wildcard,10,0.05,3.2074707155653197,3.1161111414744314,0.7600787756463274,0.4475420646331767,0.4231795492202899,0.427130918526398,2.220446049250313e-15,1.9837246936914845e-28,14,14,1
alphatensor_rank23_transpose,5,wildcard,11,0.001,3.7956225466817792,3.5619079862099086,1.3113207138809122,0.4475420646331767,0.4470694816010313,0.4470752557090904,4.359319307871162e-15,4.305215877573929e-28,14,14,1
alphatensor_rank23_transpose,5,wildcard,11,0.003,3.7956225466817792,3.5619079862099086,1.3113207138809122,0.4475420646331767,0.44612375000556825,0.4461758904138464,6.217248937900877e-15,5.923858032717801e-28,14,14,1
alphatensor_rank23_transpose,5,wildcard,11,0.01,3.7956225466817792,3.5619079862099086,1.3113207138809122,0.4475420646331767,0.4428078028035438,0.4433937365205486,4.218847493575595e-15,7.829253301914994e-28,14,14,1
alphatensor_rank23_transpose,5,wildcard,11,0.03,3.7956225466817792,3.5619079862099086,1.3113207138809122,0.4475420646331767,0.43328448970591804,0.43871474055320003,2.2977747965662622e-15,1.6920998127515238e-28,14,14,1
alphatensor_rank23_transpose,5,wildcard,11,0.05,3.7956225466817792,3.5619079862099086,1.3113207138809122,0.4475420646331767,0.42369139634371805,0.4391521613883972,3.4133044270638807e-15,3.231796050794398e-28,14,14,1
alphatensor_rank23_transpose,5,wildcard,12,0.001,3.4017041488203428,3.2777825718238813,0.9097980698754844,0.4475420646331767,0.44706032143818447,0.4470630784393737,4.299667795984448e-15,5.683935416466289e-28,14,14,1
alphatensor_rank23_transpose,5,wildcard,12,0.003,3.4017041488203428,3.2777825718238813,0.9097980698754844,0.4475420646331767,0.44609623026182177,0.4461210628388484,2.55351295663786e-15,1.7244446872293213e-28,14,14,1
alphatensor_rank23_transpose,5,wildcard,12,0.01,3.4017041488203428,3.2777825718238813,0.9097980698754844,0.4475420646331767,0.44271564272110564,0.4429923032039647,4.452749673101582e-15,6.865975632216117e-28,14,14,1
alphatensor_rank23_transpose,5,wildcard,12,0.03,3.4017041488203428,3.2777825718238813,0.9097980698754844,0.4475420646331767,0.4330051553516538,0.4355130444888186,2.7188860908260993e-15,3.708846655576407e-28,14,14,1
alphatensor_rank23_transpose,5,wildcard,12,0.05,3.4017041488203428,3.2777825718238813,0.9097980698754844,0.4475420646331767,0.42322320938425334,0.4302366432586822,4.952001288546964e-15,6.692632936869498e-28,14,14,1
alphatensor_rank23_transpose,5,wildcard,13,0.001,3.504924342009818,3.26050119751239,1.285934129041307,0.4475420646331767,0.44706765977908436,0.44707355733403054,1.868342978558747e-15,1.5214838597950885e-28,14,14,1
alphatensor_rank23_transpose,5,wildcard,13,0.003,3.504924342009818,3.26050119751239,1.285934129041307,0.4475420646331767,0.44611862280154424,0.4461717667335055,5.0241139521780824e-15,4.65363471656636e-28,14,14,1
alphatensor_rank23_transpose,5,wildcard,13,0.01,3.504924342009818,3.26050119751239,1.285934129041307,0.4475420646331767,0.4427947132031495,0.44338756025683085,2.45118269088524e-15,2.5642108618148815e-28,14,14,1
alphatensor_rank23_transpose,5,wildcard,13,0.03,3.504924342009818,3.26050119751239,1.285934129041307,0.4475420646331767,0.4332809613882786,0.43866130231940537,8.418257062357875e-15,1.0343284459092491e-27,14,14,1
alphatensor_rank23_transpose,5,wildcard,13,0.05,3.504924342009818,3.26050119751239,1.285934129041307,0.4475420646331767,0.4237488219023835,0.43875507232049454,2.5684608932299225e-15,2.374840614850256e-28,14,14,1
alphatensor_rank23_transpose,5,wildcard,14,0.001,3.7059720898047965,3.5298626278510503,1.1288485101698118,0.4475420646331767,0.4470543874920378,0.44705804616584344,2.758681635106751e-15,3.424168219868604e-28,14,14,1
alphatensor_rank23_transpose,5,wildcard,14,0.003,3.7059720898047965,3.5298626278510503,1.1288485101698118,0.4475420646331767,0.4460788196343629,0.44611184561244094,2.7755575615628914e-15,2.2338661512813658e-28,14,14,1
alphatensor_rank23_transpose,5,wildcard,14,0.01,3.7059720898047965,3.5298626278510503,1.1288485101698118,0.4475420646331767,0.4426622102198189,0.4430330128328172,4.167169743328938e-15,6.538417828501819e-28,14,14,1
alphatensor_rank23_transpose,5,wildcard,14,0.03,3.7059720898047965,3.5298626278510503,1.1288485101698118,0.4475420646331767,0.43288529128325903,0.43632531907814576,2.4424906541753444e-15,3.0031727127861957e-28,14,14,1
alphatensor_rank23_transpose,5,wildcard,14,0.05,3.7059720898047965,3.5298626278510503,1.1288485101698118,0.4475420646331767,0.42309319413207336,0.4329572633244353,1.887379141862766e-15,1.8427757209196804e-28,14,14,1
alphatensor_rank23_transpose,5,wildcard,15,0.001,4.667588604492117,4.373755256233942,1.6299228016536944,0.4475420646331767,0.44695843098176125,0.44696446915855814,2.627922764297604e-15,1.9666916983143757e-28,14,14,1
alphatensor_rank23_transpose,5,wildcard,15,0.003,4.667588604492117,4.373755256233942,1.6299228016536944,0.4475420646331767,0.44579054576399413,0.44584505877874786,2.4424906541753444e-15,2.677147517741452e-28,14,14,1
alphatensor_rank23_transpose,5,wildcard,15,0.01,4.667588604492117,4.373755256233942,1.6299228016536944,0.4475420646331767,0.44169654510840595,0.4423087356891007,3.0198210826434777e-15,2.555033283216367e-28,14,14,1
alphatensor_rank23_transpose,5,wildcard,15,0.03,4.667588604492117,4.373755256233942,1.6299228016536944,0.4475420646331767,0.42994658867316554,0.43561515372020254,1.8374851226043804e-15,1.0976879160689817e-28,14,14,1
alphatensor_rank23_transpose,5,wildcard,15,0.05,4.667588604492117,4.373755256233942,1.6299228016536944,0.4475420646331767,0.41812315810010864,0.43427700768204136,2.4424906541753444e-15,1.9087762899432465e-28,14,14,1
alphatensor_rank23_transpose,5,wildcard,16,0.001,3.884915482244278,3.550295607916324,1.5773298325307081,0.4475420646331767,0.4471281456667708,0.44714120271687907,2.9710696391342473e-15,3.3269150248764307e-28,14,14,1
alphatensor_rank23_transpose,5,wildcard,16,0.003,3.884915482244278,3.550295607916324,1.5773298325307081,0.4475420646331767,0.44630028264789107,0.4464179306566471,3.9968028886505635e-15,4.5354074563164635e-28,14,14,1
alphatensor_rank23_transpose,5,wildcard,16,0.01,3.884915482244278,3.550295607916324,1.5773298325307081,0.4475420646331767,0.4434025439878979,0.4447136151288673,2.6645352591003757e-15,2.8549199999941326e-28,14,14,1
alphatensor_rank23_transpose,5,wildcard,16,0.03,3.884915482244278,3.550295607916324,1.5773298325307081,0.4475420646331767,0.43512255223021407,0.4469145969592486,1.887379141862766e-15,1.273055210447698e-28,14,14,1
alphatensor_rank23_transpose,5,wildcard,16,0.05,3.884915482244278,3.550295607916324,1.5773298325307081,0.4475420646331767,0.42684420786602967,0.45915346209391744,2.351359021496691e-15,2.2774002366853113e-28,14,14,1
alphatensor_rank23_transpose,5,wildcard,17,0.001,3.4795201188861498,3.281815985889969,1.156176497119077,0.4475420646331767,0.4470677020912003,0.4470738954799219,2.3314683517128287e-15,2.43679549080736e-28,14,14,1
alphatensor_rank23_transpose,5,wildcard,17,0.003,3.4795201188861498,3.281815985889969,1.156176497119077,0.4475420646331767,0.446118703589165,0.44617451840390765,7.539505429526675e-15,1.0060104027501452e-27,14,14,1
alphatensor_rank23_transpose,5,wildcard,17,0.01,3.4795201188861498,3.281815985889969,1.156176497119077,0.4475420646331767,0.44279437318449,0.4434171921606429,3.4416913763379853e-15,2.701624212784947e-28,14,14,1
alphatensor_rank23_transpose,5,wildcard,17,0.03,3.4795201188861498,3.281815985889969,1.156176497119077,0.4475420646331767,0.43327286001388127,0.43892787358854557,2.5903822765760854e-15,3.114920719503601e-28,14,14,1
alphatensor_rank23_transpose,5,wildcard,17,0.05,3.4795201188861498,3.281815985889969,1.156176497119077,0.4475420646331767,0.4237187758916936,0.4394887764200954,4.751346123677379e-15,5.528025849981591e-28,14,14,1
alphatensor_rank23_transpose,5,wildcard,18,0.001,3.015197592924039,2.862698255291587,0.9467709456491686,0.4475420646331767,0.4471387785518627,0.4471432384961277,2.3314683517128287e-15,2.7520424522457486e-28,14,14,1
alphatensor_rank23_transpose,5,wildcard,18,0.003,3.015197592924039,2.862698255291587,0.9467709456491686,0.4475420646331767,0.4463321746873411,0.44637240270297535,2.3974528475010735e-15,1.4564226929256742e-28,14,14,1
alphatensor_rank23_transpose,5,wildcard,18,0.01,3.015197592924039,2.862698255291587,0.9467709456491686,0.4475420646331767,0.4435087867900266,0.44395910917139886,5.773979239110609e-15,7.384566798344724e-28,14,14,1
alphatensor_rank23_transpose,5,wildcard,18,0.03,3.015197592924039,2.862698255291587,0.9467709456491686,0.4475420646331767,0.4354410817034703,0.4395719369407125,3.9358707775972855e-15,6.6991939599836825e-28,14,14,1
alphatensor_rank23_transpose,5,wildcard,18,0.05,3.015197592924039,2.862698255291587,0.9467709456491686,0.4475420646331767,0.42737566273763566,0.4390313731274328,1.887379141862766e-15,1.394762455914905e-28,14,14,1
alphatensor_rank23_transpose,5,wildcard,19,0.001,2.839488117234341,2.723137361661865,0.8044971581281577,0.4475420646331767,0.44713118772884064,0.4471327967891421,2.6645352591003757e-15,3.1617133779305033e-28,14,14,1
alphatensor_rank23_transpose,5,wildcard,19,0.003,2.839488117234341,2.723137361661865,0.8044971581281577,0.4475420646331767,0.44630915156054446,0.4463236674359507,2.871033047974164e-15,3.1816915119220385e-28,14,14,1
alphatensor_rank23_transpose,5,wildcard,19,0.01,2.839488117234341,2.723137361661865,0.8044971581281577,0.4475420646331767,0.44342910462405477,0.4435917524964184,3.2414828280669735e-15,2.1622275272822084e-28,14,14,1
alphatensor_rank23_transpose,5,wildcard,19,0.03,2.839488117234341,2.723137361661865,0.8044971581281577,0.4475420646331767,0.4351764758129402,0.4366775250297992,2.6645352591003757e-15,2.659792662019321e-28,14,14,1
alphatensor_rank23_transpose,5,wildcard,19,0.05,2.839488117234341,2.723137361661865,0.8044971581281577,0.4475420646331767,0.42689108852188395,0.43117553934041597,1.7763568394002505e-15,2.034924180886772e-28,14,14,1
alphatensor_rank23_transpose,5,wildcard,20,0.001,3.1499123646008775,3.0635529042982705,0.7325240659740303,0.4475420646331767,0.447066102234829,0.44706667660144284,3.3306690738754696e-15,3.99990461578634e-28,14,14,1
alphatensor_rank23_transpose,5,wildcard,20,0.003,3.1499123646008775,3.0635529042982705,0.7325240659740303,0.4475420646331767,0.44611377242742484,0.4461189550465176,2.4424906541753444e-15,2.6187028790555735e-28,14,14,1
alphatensor_rank23_transpose,5,wildcard,20,0.01,3.1499123646008775,3.0635529042982705,0.7325240659740303,0.4475420646331767,0.442776439022876,0.44283459876767123,2.4967154142402154e-15,2.788269523139048e-28,14,14,1
alphatensor_rank23_transpose,5,wildcard,20,0.03,3.1499123646008775,3.0635529042982705,0.7325240659740303,0.4475420646331767,0.43320725180270747,0.43375058527215143,2.55351295663786e-15,2.4511563662761863e-28,14,14,1
alphatensor_rank23_transpose,5,wildcard,20,0.05,3.1499123646008775,3.0635529042982705,0.7325240659740303,0.4475420646331767,0.42359244969538123,0.42518348634872744,3.919542221466794e-15,4.279057714749399e-28,14,14,1
alphatensor_rank23_transpose,5,wildcard,21,0.001,3.301859284250263,3.1428785319990826,1.0122199692205989,0.4475420646331767,0.4471063688017249,0.4471091569688106,2.886579864025407e-15,1.9582602067911738e-28,14,14,1
alphatensor_rank23_transpose,5,wildcard,21,0.003,3.301859284250263,3.1428785319990826,1.0122199692205989,0.4475420646331767,0.44623458676608874,0.44625973114004003,4.884981308350689e-15,5.340458140122917e-28,14,14,1
alphatensor_rank23_transpose,5,wildcard,21,0.01,3.301859284250263,3.1428785319990826,1.0122199692205989,0.4475420646331767,0.44317936875837366,0.4434607391970816,5.5552737112296316e-15,7.990356970161772e-28,14,14,1
alphatensor_rank23_transpose,5,wildcard,21,0.03,3.301859284250263,3.1428785319990826,1.0122199692205989,0.4475420646331767,0.43441904754467947,0.43700374621993004,8.659739592076221e-15,1.1608626345384487e-27,14,14,1
alphatensor_rank23_transpose,5,wildcard,21,0.05,3.301859284250263,3.1428785319990826,1.0122199692205989,0.4475420646331767,0.4256200534017603,0.43295402029554586,4.893467762470841e-15,7.156755317122317e-28,14,14,1
alphatensor_rank23_transpose,5,wildcard,22,0.001,3.9783581109345394,3.869074310181476,0.9260654626603742,0.4475420646331767,0.44706424789354415,0.4470702537383453,3.330822063905574e-15,3.6041234476453063e-28,14,14,1
alphatensor_rank23_transpose,5,wildcard,22,0.003,3.9783581109345394,3.869074310181476,0.9260654626603742,0.4475420646331767,0.44610860681143744,0.44616270307272116,3.4416913763379853e-15,2.4578220266501644e-28,14,14,1
alphatensor_rank23_transpose,5,wildcard,22,0.01,3.9783581109345394,3.869074310181476,0.9260654626603742,0.4475420646331767,0.4427638427425608,0.44336636099739757,2.925554679471511e-15,2.3718423019244994e-28,14,14,1
alphatensor_rank23_transpose,5,wildcard,22,0.03,3.9783581109345394,3.869074310181476,0.9260654626603742,0.4475420646331767,0.43320869944500473,0.43864888035678223,2.2275064882994526e-15,1.9568024859369173e-28,14,14,1
alphatensor_rank23_transpose,5,wildcard,22,0.05,3.9783581109345394,3.869074310181476,0.9260654626603742,0.4475420646331767,0.4236592046137416,0.43873760683535584,2.751942992048736e-15,2.0675955737053126e-28,14,14,1
alphatensor_rank23_transpose,5,wildcard,23,0.001,2.8665373243241814,2.693538366290704,0.9807585335155847,0.4475420646331767,0.4471340588531679,0.44713652332445625,4.732205671816696e-15,4.0261533995747625e-28,14,14,1
alphatensor_rank23_transpose,5,wildcard,23,0.003,2.8665373243241814,2.693538366290704,0.9807585335155847,0.4475420646331767,0.44631779615442985,0.44633997046347706,2.561556865526442e-15,2.891961417618121e-28,14,14,1
alphatensor_rank23_transpose,5,wildcard,23,0.01,2.8665373243241814,2.693538366290704,0.9807585335155847,0.4475420646331767,0.4434582920840616,0.4437044154537237,2.220446049250313e-15,1.265505634659621e-28,14,14,1
alphatensor_rank23_transpose,5,wildcard,23,0.03,2.8665373243241814,2.693538366290704,0.9807585335155847,0.4475420646331767,0.43526745539441714,0.43747411510471995,2.6645352591003757e-15,1.737035907827808e-28,14,14,1
alphatensor_rank23_transpose,5,wildcard,23,0.05,2.8665373243241814,2.693538366290704,0.9807585335155847,0.4475420646331767,0.4270490736971796,0.4331499502820989,2.2526059445129112e-15,1.9292809334152758e-28,14,14,1
alphatensor_rank23_transpose,5,wildcard,24,0.001,3.4293382884241774,3.2040830011720516,1.2223801446572866,0.4475420646331767,0.44709090683489155,0.4471036226020624,4.440892098500626e-15,4.7397148704199045e-28,14,14,1
alphatensor_rank23_transpose,5,wildcard,24,0.003,3.4293382884241774,3.2040830011720516,1.2223801446572866,0.4475420646331767,0.44618864512829315,0.4463033295834227,1.5666616701200423e-14,1.8029080530167966e-27,14,14,1
alphatensor_rank23_transpose,5,wildcard,24,0.01,3.4293382884241774,3.2040830011720516,1.2223801446572866,0.4475420646331767,0.443031397057531,0.4443139446563266,4.553057134919553e-15,5.568528890808124e-28,14,14,1
alphatensor_rank23_transpose,5,wildcard,24,0.03,3.4293382884241774,3.2040830011720516,1.2223801446572866,0.4475420646331767,0.4340189833724136,0.4456809477073879,2.1232577115441883e-15,2.458840223158614e-28,14,14,1
alphatensor_rank23_transpose,5,wildcard,24,0.05,3.4293382884241774,3.2040830011720516,1.2223801446572866,0.4475420646331767,0.4250251766726248,0.4573606656609747,1.9858000265861477e-15,1.7018815418140902e-28,14,14,1
alphatensor_rank23_transpose,5,wildcard,25,0.001,3.0452039371604727,2.903917763332768,0.9168034918662029,0.4475420646331767,0.447097018450877,0.44709799078653273,1.7763568394002505e-15,1.5456056625174475e-28,14,14,1
alphatensor_rank23_transpose,5,wildcard,25,0.003,3.0452039371604727,2.903917763332768,0.9168034918662029,0.4475420646331767,0.4462066705772045,0.44621542818394067,2.3326005191960312e-15,1.9024324487653188e-28,14,14,1
alphatensor_rank23_transpose,5,wildcard,25,0.01,3.0452039371604727,2.903917763332768,0.9168034918662029,0.4475420646331767,0.443087823359616,0.4431854285525551,2.6645352591003757e-15,2.637252332702979e-28,14,14,1
alphatensor_rank23_transpose,5,wildcard,25,0.03,3.0452039371604727,2.903917763332768,0.9168034918662029,0.4475420646331767,0.4341556182299008,0.43504558919450664,3.732890104263298e-15,4.577252740003106e-28,14,14,1
alphatensor_rank23_transpose,5,wildcard,25,0.05,3.0452039371604727,2.903917763332768,0.9168034918662029,0.4475420646331767,0.42519520265107685,0.42771974199814283,5.5251056395813834e-15,6.434531506099275e-28,14,14,1
alphatensor_rank23_transpose,5,wildcard,26,0.001,3.57416498963415,3.339585356825524,1.2735089389568557,0.4475420646331767,0.44715487070877147,0.44716995938759535,2.4424906541753444e-15,2.3454853065304357e-28,14,14,1
alphatensor_rank23_transpose,5,wildcard,26,0.003,3.57416498963415,3.339585356825524,1.2735089389568557,0.4475420646331767,0.4463799144953755,0.4465159155124513,2.220446049250313e-15,2.270307601805969e-28,14,14,1
alphatensor_rank23_transpose,5,wildcard,26,0.01,3.57416498963415,3.339585356825524,1.2735089389568557,0.4475420646331767,0.4436615822550104,0.4451788971417306,3.1086244689504383e-15,2.4478860207272557e-28,14,14,1
alphatensor_rank23_transpose,5,wildcard,26,0.03,3.57416498963415,3.339585356825524,1.2735089389568557,0.4475420646331767,0.4358431342847065,0.4495237692981852,2.804564732361722e-15,2.7638786011072805e-28,14,14,1
alphatensor_rank23_transpose,5,wildcard,26,0.05,3.57416498963415,3.339585356825524,1.2735089389568557,0.4475420646331767,0.4279466582181843,0.46548351002849403,4.203153138222582e-15,4.7944026306542745e-28,14,14,1
alphatensor_rank23_transpose,5,wildcard,27,0.001,3.8912537854128466,3.700220885277191,1.204251395119927,0.4475420646331767,0.44710562125582065,0.4471115507593655,2.2954690661786883e-15,2.627943679051326e-28,14,14,1
alphatensor_rank23_transpose,5,wildcard,27,0.003,3.8912537854128466,3.700220885277191,1.204251395119927,0.4475420646331767,0.446232976452823,0.446286394417621,6.224173726816148e-15,5.469327070619812e-28,14,14,1
alphatensor_rank23_transpose,5,wildcard,27,0.01,3.8912537854128466,3.700220885277191,1.204251395119927,0.4475420646331767,0.443181361873585,0.44377668173955837,4.246932722702425e-15,3.8739038029685893e-28,14,14,1
alphatensor_rank23_transpose,5,wildcard,27,0.03,3.8912537854128466,3.700220885277191,1.204251395119927,0.4475420646331767,0.4344876438511288,0.43987155460205485,2.2183874940946707e-15,1.7914763732186884e-28,14,14,1
alphatensor_rank23_transpose,5,wildcard,27,0.05,3.8912537854128466,3.700220885277191,1.204251395119927,0.4475420646331767,0.42583734789849365,0.4407827672587007,4.094700744340792e-15,4.486677356074298e-28,14,14,1
alphatensor_rank23_transpose,5,wildcard,28,0.001,3.1178550382026233,3.02993109535768,0.7352126200155206,0.4475420646331767,0.4471653041693486,0.4471669511254696,2.4075709222947747e-15,1.4037064042080243e-28,14,14,1
alphatensor_rank23_transpose,5,wildcard,28,0.003,3.1178550382026233,3.02993109535768,0.7352126200155206,0.4475420646331767,0.44641165451198805,0.44642649120124395,7.475014795658215e-15,1.0226238820439373e-27,14,14,1
alphatensor_rank23_transpose,5,wildcard,28,0.01,3.1178550382026233,3.02993109535768,0.7352126200155206,0.4475420646331767,0.4437725606419411,0.44393795847990786,2.6645352591003757e-15,2.2331656176156016e-28,14,14,1
alphatensor_rank23_transpose,5,wildcard,28,0.03,3.1178550382026233,3.02993109535768,0.7352126200155206,0.4475420646331767,0.4362217777400222,0.43772432247322546,2.9269792962643285e-15,2.3467373964662173e-28,14,14,1
alphatensor_rank23_transpose,5,wildcard,28,0.05,3.1178550382026233,3.02993109535768,0.7352126200155206,0.4475420646331767,0.42865740168206135,0.43287031310339563,2.220446049250313e-15,1.2842752494539868e-28,14,14,1
alphatensor_rank23_transpose,5,wildcard,29,0.001,3.255465869906458,3.004222309972281,1.2540758917986687,0.4475420646331767,0.4471727670550374,0.447178088256525,2.6645352591003757e-15,2.8248773090845453e-28,14,14,1
alphatensor_rank23_transpose,5,wildcard,29,0.003,3.255465869906458,3.004222309972281,1.2540758917986687,0.4475420646331767,0.44643418350255526,0.44648215659398677,3.503428164020385e-15,3.1754190491695644e-28,14,14,1
alphatensor_rank23_transpose,5,wildcard,29,0.01,3.255465869906458,3.004222309972281,1.2540758917986687,0.4475420646331767,0.44384930498520947,0.44438533163221805,3.488872434968478e-15,2.546824716777218e-28,14,14,1
alphatensor_rank23_transpose,5,wildcard,29,0.03,3.255465869906458,3.004222309972281,1.2540758917986687,0.4475420646331767,0.43646640636456624,0.4413508717746875,3.3306690738754696e-15,2.803295455984551e-28,14,14,1
alphatensor_rank23_transpose,5,wildcard,29,0.05,3.255465869906458,3.004222309972281,1.2540758917986687,0.4475420646331767,0.4290897915056545,0.4427535606864606,2.220446049250313e-15,1.9710729683575522e-28,14,14,1
alphatensor_rank23_transpose,5,wildcard,30,0.001,4.104926430693381,3.842595103183444,1.44391269625131,0.4475420646331767,0.4470583722377818,0.4470719737640922,2.656817179524386e-15,3.628405114340474e-28,14,14,1
alphatensor_rank23_transpose,5,wildcard,30,0.003,4.104926430693381,3.842595103183444,1.44391269625131,0.4475420646331767,0.44609072984894244,0.4462133400171486,2.5983022508087473e-15,2.947040870557372e-28,14,14,1
alphatensor_rank23_transpose,5,wildcard,30,0.01,4.104926430693381,3.842595103183444,1.44391269625131,0.4475420646331767,0.4427013557713002,0.4440699792285056,1.943863584510674e-15,1.7777100275289723e-28,14,14,1
alphatensor_rank23_transpose,5,wildcard,30,0.03,4.104926430693381,3.842595103183444,1.44391269625131,0.4475420646331767,0.4329968996240474,0.4453687169688582,1.9235857094632335e-15,1.517640583926129e-28,14,14,1
alphatensor_rank23_transpose,5,wildcard,30,0.05,4.104926430693381,3.842595103183444,1.44391269625131,0.4475420646331767,0.4232668297300112,0.4573513948147928,2.6645352591003757e-15,1.7041494148925099e-28,14,14,1
alphatensor_rank23_transpose,5,wildcard,31,0.001,3.3485774384243836,3.205450802834768,0.9685329172159043,0.4475420646331767,0.4470991127573622,0.4471130874671931,3.774758283725532e-15,5.217896508883804e-28,14,14,1
alphatensor_rank23_transpose,5,wildcard,31,0.003,3.3485774384243836,3.205450802834768,0.9685329172159043,0.4475420646331767,0.44621283188029887,0.4463388041080456,2.9976021664879227e-15,2.6167326801782335e-28,14,14,1
alphatensor_rank23_transpose,5,wildcard,31,0.01,3.3485774384243836,3.205450802834768,0.9685329172159043,0.4475420646331767,0.44310694388002514,0.44451307026589876,4.33550913619968e-15,3.6972582692227633e-28,14,14,1
alphatensor_rank23_transpose,5,wildcard,31,0.03,3.3485774384243836,3.205450802834768,0.9685329172159043,0.4475420646331767,0.4342008737486754,0.4469149617856721,6.661338147750939e-15,6.225441063365683e-28,14,14,1
alphatensor_rank23_transpose,5,wildcard,31,0.05,3.3485774384243836,3.205450802834768,0.9685329172159043,0.4475420646331767,0.425250542924049,0.4603022377543463,2.4424049177723664e-15,1.9747271494621462e-28,14,14,1
alphatensor_rank23_transpose,5,wildcard,32,0.001,2.920991256367368,2.8529115558790634,0.6269653691443541,0.4475420646331767,0.447104646088542,0.4471061600457392,3.057232050029391e-15,2.6018920391949557e-28,14,14,1
alphatensor_rank23_transpose,5,wildcard,32,0.003,2.920991256367368,2.8529115558790634,0.6269653691443541,0.4475420646331767,0.4462294850442218,0.44624314806782894,2.3496650420899094e-15,2.830943207654719e-28,14,14,1
alphatensor_rank23_transpose,5,wildcard,32,0.01,2.920991256367368,2.8529115558790634,0.6269653691443541,0.4475420646331767,0.44316304682453667,0.4433163279257064,1.9984014443252818e-15,2.2160332582820626e-28,14,14,1
alphatensor_rank23_transpose,5,wildcard,32,0.03,2.920991256367368,2.8529115558790634,0.6269653691443541,0.4475420646331767,0.4343735523466176,0.4357921410971938,3.364503391250117e-15,4.371808600892054e-28,14,14,1
alphatensor_rank23_transpose,5,wildcard,32,0.05,2.920991256367368,2.8529115558790634,0.6269653691443541,0.4475420646331767,0.425543909823204,0.4295990410144534,2.886579864025407e-15,1.614486155493464e-28,14,14,1
alphatensor_rank23_transpose,5,wildcard,33,0.001,3.4039822886687743,3.246383321641846,1.0237630343670177,0.4475420646331767,0.4471074927482225,0.4471100959112497,2.220446049250313e-15,2.482766092782668e-28,14,14,1
alphatensor_rank23_transpose,5,wildcard,33,0.003,3.4039822886687743,3.246383321641846,1.0237630343670177,0.4475420646331767,0.4462382704766832,0.44626173155622945,2.2109510209649922e-15,2.087891569621842e-28,14,14,1
alphatensor_rank23_transpose,5,wildcard,33,0.01,3.4039822886687743,3.246383321641846,1.0237630343670177,0.4475420646331767,0.4431952506515502,0.4434572200743926,4.570562380789559e-15,6.244898837658761e-28,14,14,1
alphatensor_rank23_transpose,5,wildcard,33,0.03,3.4039822886687743,3.246383321641846,1.0237630343670177,0.4475420646331767,0.43449664364321905,0.4368899265778004,2.1262689650314984e-15,2.0114177395920041e-28,14,14,1
alphatensor_rank23_transpose,5,wildcard,33,0.05,3.4039822886687743,3.246383321641846,1.0237630343670177,0.4475420646331767,0.42579693854689754,0.43255838312027745,1.9984014443252818e-15,1.412119559650143e-28,14,14,1
alphatensor_rank23_transpose,5,wildcard,34,0.001,3.104614329740833,3.01086344493568,0.7571865373751508,0.4475420646331767,0.4471096560967778,0.4471121564356662,3.552713678800501e-15,4.282963607822118e-28,14,14,1
alphatensor_rank23_transpose,5,wildcard,34,0.003,3.104614329740833,3.01086344493568,0.7571865373751508,0.4475420646331767,0.4462446711760425,0.44626720257593555,2.2950878669784355e-15,2.496094106445068e-28,14,14,1
alphatensor_rank23_transpose,5,wildcard,34,0.01,3.104614329740833,3.01086344493568,0.7571865373751508,0.4475420646331767,0.4432155073869598,0.4434669471505675,2.068359759413631e-15,2.3201227100336743e-28,14,14,1
alphatensor_rank23_transpose,5,wildcard,34,0.03,3.104614329740833,3.01086344493568,0.7571865373751508,0.4475420646331767,0.4345472104053054,0.43683745399799007,3.1513478665317393e-15,3.323503078814444e-28,14,14,1
alphatensor_rank23_transpose,5,wildcard,34,0.05,3.104614329740833,3.01086344493568,0.7571865373751508,0.4475420646331767,0.4258617863828668,0.43229740735923905,1.0658141036401503e-14,1.5011996706844794e-27,14,14,1
alphatensor_rank23_transpose,5,wildcard,35,0.001,3.449876077803655,3.300418045612964,1.0044330123976568,0.4475420646331767,0.4471156029719412,0.4471224207137103,3.1300876376762903e-15,2.9277187108942038e-28,14,14,1
alphatensor_rank23_transpose,5,wildcard,35,0.003,3.449876077803655,3.300418045612964,1.0044330123976568,0.4475420646331767,0.44626237067965413,0.4463238401286186,2.7755575615628914e-15,2.9142923348244647e-28,14,14,1
alphatensor_rank23_transpose,5,wildcard,35,0.01,3.449876077803655,3.300418045612964,1.0044330123976568,0.4475420646331767,0.44327290923593005,0.44395990128469354,2.55351295663786e-15,2.1859956351873426e-28,14,14,1
alphatensor_rank23_transpose,5,wildcard,35,0.03,3.449876077803655,3.300418045612964,1.0044330123976568,0.4475420646331767,0.4347070278060382,0.4409710153861095,2.283500884256268e-15,2.68602256476644e-28,14,14,1
alphatensor_rank23_transpose,5,wildcard,35,0.05,3.449876077803655,3.300418045612964,1.0044330123976568,0.4475420646331767,0.42611075300010653,0.44364452051776393,2.220446049250313e-15,1.390573962137894e-28,14,14,1
alphatensor_rank23_transpose,5,wildcard,36,0.001,3.117343131565773,2.9158633572968773,1.1025284946402456,0.4475420646331767,0.44710012566573254,0.4471031250268054,3.399843922397676e-15,4.784985080775029e-28,14,14,1
alphatensor_rank23_transpose,5,wildcard,36,0.003,3.117343131565773,2.9158633572968773,1.1025284946402456,0.4475420646331767,0.4462160800603271,0.4462431173287456,2.6539320754907903e-15,2.399546191322577e-28,14,14,1
alphatensor_rank23_transpose,5,wildcard,36,0.01,3.117343131565773,2.9158633572968773,1.1025284946402456,0.4475420646331767,0.4431202353563847,0.44342231976587054,2.4424906541753444e-15,3.1802228699309078e-28,14,14,1
alphatensor_rank23_transpose,5,wildcard,36,0.03,3.117343131565773,2.9158633572968773,1.1025284946402456,0.4475420646331767,0.43426243181345436,0.43702441197739134,3.672223296734912e-15,4.862705965683145e-28,14,14,1
alphatensor_rank23_transpose,5,wildcard,36,0.05,3.117343131565773,2.9158633572968773,1.1025284946402456,0.4475420646331767,0.42539079728248913,0.4331881331625315,2.2498427694058104e-15,1.4052041351976522e-28,14,14,1
alphatensor_rank23_transpose,5,wildcard,37,0.001,3.2323610832153413,3.1452818870802326,0.7452248137911595,0.4475420646331767,0.4470567856839071,0.44705982414181533,2.7645052499078793e-15,3.418179700384465e-28,14,14,1
alphatensor_rank23_transpose,5,wildcard,37,0.003,3.2323610832153413,3.1452818870802326,0.7452248137911595,0.4475420646331767,0.4460859790284218,0.4461133892598239,2.615495695810533e-15,2.7883313820570955e-28,14,14,1
alphatensor_rank23_transpose,5,wildcard,37,0.01,3.2323610832153413,3.1452818870802326,0.7452248137911595,0.4475420646331767,0.4426856272458583,0.4429926937837527,3.959305193437735e-15,5.68168987912496e-28,14,14,1
alphatensor_rank23_transpose,5,wildcard,37,0.03,3.2323610832153413,3.1452818870802326,0.7452248137911595,0.4475420646331767,0.43295077500639534,0.4357804231002362,3.3306690738754696e-15,2.859099352373121e-28,14,14,1
alphatensor_rank23_transpose,5,wildcard,37,0.05,3.2323610832153413,3.1452818870802326,0.7452248137911595,0.4475420646331767,0.42319217217849675,0.43124532661650183,2.1595077910812714e-15,1.5908163104448428e-28,14,14,1
alphatensor_rank23_transpose,5,wildcard,38,0.001,4.117882906392809,3.9331811418236096,1.2194448476110784,0.4475420646331767,0.44709690303957283,0.44710484064140704,2.7883093963119564e-15,3.3789268518695697e-28,14,14,1
alphatensor_rank23_transpose,5,wildcard,38,0.003,4.117882906392809,3.9331811418236096,1.2194448476110784,0.4475420646331767,0.4462066239965868,0.4462781662135277,7.019743799606289e-15,6.320961515507788e-28,14,14,1
alphatensor_rank23_transpose,5,wildcard,38,0.01,4.117882906392809,3.9331811418236096,1.2194448476110784,0.4475420646331767,0.44309126297895,0.4438897921130524,2.9066271710275187e-15,2.751712895597004e-28,14,14,1
alphatensor_rank23_transpose,5,wildcard,38,0.03,4.117882906392809,3.9331811418236096,1.2194448476110784,0.4475420646331767,0.4341993081766688,0.4414456146637934,1.7763568394002505e-15,1.6642459634511767e-28,14,14,1
alphatensor_rank23_transpose,5,wildcard,38,0.05,4.117882906392809,3.9331811418236096,1.2194448476110784,0.4475420646331767,0.4253300250267779,0.4454869071485321,1.887379141862766e-15,2.1605654045734707e-28,14,14,1
alphatensor_rank23_transpose,5,wildcard,39,0.001,4.582751662630919,4.394660914613738,1.2994492090546659,0.4475420646331767,0.4469844806221152,0.44699177353441005,2.454645864787595e-15,2.9655021983529012e-28,14,14,1
alphatensor_rank23_transpose,5,wildcard,39,0.003,4.582751662630919,4.394660914613738,1.2994492090546659,0.4475420646331767,0.4458687602302178,0.4459343941815217,3.1071138018917545e-15,2.873830498830081e-28,14,14,1
alphatensor_rank23_transpose,5,wildcard,39,0.01,4.582751662630919,4.394660914613738,1.2994492090546659,0.4475420646331767,0.44195801868037815,0.4426868339272352,3.585440643085337e-15,5.907135835285172e-28,14,14,1
alphatensor_rank23_transpose,5,wildcard,39,0.03,4.582751662630919,4.394660914613738,1.2994492090546659,0.4475420646331767,0.4307373428778017,0.437257575184889,3.5867092501313355e-15,2.6952484109728044e-28,14,14,1
alphatensor_rank23_transpose,5,wildcard,39,0.05,4.582751662630919,4.394660914613738,1.2994492090546659,0.4475420646331767,0.4194511265047403,0.43734999337644404,4.060652932323055e-15,2.740801844040842e-28,14,14,1
alphatensor_rank23_transpose,5,wildcard,40,0.001,3.3555773131928794,3.217044093709006,0.9542150721649403,0.4475420646331767,0.4470788432863814,0.4470837238182413,2.757377159246551e-15,2.5874689496633053e-28,14,14,1
alphatensor_rank23_transpose,5,wildcard,40,0.003,3.3555773131928794,3.217044093709006,0.9542150721649403,0.4475420646331767,0.44615233971331114,0.4461963699061871,2.4887692290874746e-15,2.6326164050799144e-28,14,14,1
alphatensor_rank23_transpose,5,wildcard,40,0.01,3.3555773131928794,3.217044093709006,0.9542150721649403,0.4475420646331767,0.44290900535051325,0.4434022491359692,4.30206639209474e-15,8.22627191586054e-28,14,14,1
alphatensor_rank23_transpose,5,wildcard,40,0.03,3.3555773131928794,3.217044093709006,0.9542150721649403,0.4475420646331767,0.43363914182976887,0.43817536410569935,2.224211439934951e-15,1.2731554986347468e-28,14,14,1
alphatensor_rank23_transpose,5,wildcard,40,0.05,3.3555773131928794,3.217044093709006,0.9542150721649403,0.4475420646331767,0.4243687868274107,0.43721320048334783,6.986843874442835e-15,8.106528621174895e-28,14,14,1
alphatensor_rank23_transpose,5,wildcard,41,0.001,2.9689908627312067,2.8077379171666164,0.9651500046553732,0.4475420646331767,0.4471470170846098,0.4471490219332642,2.3133206066023656e-15,2.627972870562623e-28,14,14,1
alphatensor_rank23_transpose,5,wildcard,41,0.003,2.9689908627312067,2.8077379171666164,0.9651500046553732,0.4475420646331767,0.4463566717209023,0.44637474065776833,1.9984014443252818e-15,1.193900740716207e-28,14,14,1
alphatensor_rank23_transpose,5,wildcard,41,0.01,2.9689908627312067,2.8077379171666164,0.9651500046553732,0.4475420646331767,0.4435878839973304,0.4437896527170248,5.317299567452138e-15,3.094998284601879e-28,14,14,1
alphatensor_rank23_transpose,5,wildcard,41,0.03,2.9689908627312067,2.8077379171666164,0.9651500046553732,0.4475420646331767,0.4356561952774931,0.437499760607461,2.220446049250313e-15,2.247735140341652e-28,14,14,1
alphatensor_rank23_transpose,5,wildcard,41,0.05,2.9689908627312067,2.8077379171666164,0.9651500046553732,0.4475420646331767,0.4276966677783273,0.4329052589331732,1.9984014443252818e-15,1.680413505936573e-28,14,14,1
alphatensor_rank23_transpose,5,wildcard,42,0.001,3.277591801892254,3.114597771650405,1.0207295139563863,0.4475420646331767,0.44706875616147174,0.44707313005939786,2.187189753032048e-15,1.8225672625991908e-28,14,14,1
alphatensor_rank23_transpose,5,wildcard,42,0.003,3.277591801892254,3.114597771650405,1.0207295139563863,0.4475420646331767,0.446122101187879,0.4461615240669653,2.1033171416502443e-15,2.188324116632759e-28,14,14,1
alphatensor_rank23_transpose,5,wildcard,42,0.01,3.277591801892254,3.114597771650405,1.0207295139563863,0.4475420646331767,0.44280850399293403,0.44324872764747936,2.9614667387368662e-15,2.11411216632939e-28,14,14,1
alphatensor_rank23_transpose,5,wildcard,42,0.03,3.277591801892254,3.114597771650405,1.0207295139563863,0.4475420646331767,0.4333408611840427,0.4373553984936964,1.8109491520713315e-15,1.2159609113943233e-28,14,14,1
alphatensor_rank23_transpose,5,wildcard,42,0.05,3.277591801892254,3.114597771650405,1.0207295139563863,0.4475420646331767,0.42387880390623,0.43516535964279657,4.828954187147161e-15,4.455918084371432e-28,14,14,1
alphatensor_rank23_transpose,5,wildcard,43,0.001,4.248772062751094,4.028048481216986,1.3516247534651484,0.4475420646331767,0.44702311781265947,0.4470318741426854,2.5691455784305927e-15,2.807542475580527e-28,14,14,1
alphatensor_rank23_transpose,5,wildcard,43,0.003,4.248772062751094,4.028048481216986,1.3516247534651484,0.4475420646331767,0.4459850752212206,0.44606410659019946,2.463197937365397e-15,2.0453162440029695e-28,14,14,1
alphatensor_rank23_transpose,5,wildcard,43,0.01,4.248772062751094,4.028048481216986,1.3516247534651484,0.4475420646331767,0.44235045474849805,0.4432368673446643,2.4752390061925827e-15,1.8273546652649048e-28,14,14,1
alphatensor_rank23_transpose,5,wildcard,43,0.03,4.248772062751094,4.028048481216986,1.3516247534651484,0.4475420646331767,0.4319555665246077,0.4401098546034465,2.944201794624029e-15,1.5295001346551505e-28,14,14,1
alphatensor_rank23_transpose,5,wildcard,43,0.05,4.248772062751094,4.028048481216986,1.3516247534651484,0.4475420646331767,0.42155136204654803,0.444533970974426,2.220446049250313e-15,1.4926832213260781e-28,14,14,1
alphatensor_rank23_transpose,5,wildcard,44,0.001,3.0967267432899472,2.9069818078372553,1.0673206132697004,0.4475420646331767,0.44711168808097584,0.4471147378553056,1.8169593898120507e-15,1.5778357819405208e-28,14,14,1
alphatensor_rank23_transpose,5,wildcard,44,0.003,3.0967267432899472,2.9069818078372553,1.0673206132697004,0.4475420646331767,0.44625055173987177,0.44627806660977276,2.7105370844341144e-15,3.95473109607154e-28,14,14,1
alphatensor_rank23_transpose,5,wildcard,44,0.01,3.0967267432899472,2.9069818078372553,1.0673206132697004,0.4475420646331767,0.4432325838551717,0.44354088197877933,3.150685446311461e-15,3.3497680013341228e-28,14,14,1
alphatensor_rank23_transpose,5,wildcard,44,0.03,3.0967267432899472,2.9069818078372553,1.0673206132697004,0.4475420646331767,0.4345764576904331,0.43741546517333035,3.774758283725532e-15,2.6111923347054584e-28,14,14,1
alphatensor_rank23_transpose,5,wildcard,44,0.05,3.0967267432899472,2.9069818078372553,1.0673206132697004,0.4475420646331767,0.4258730118839163,0.4339297068003314,1.8919491411667786e-15,1.0089638209955323e-28,14,14,1
alphatensor_rank23_transpose,5,wildcard,45,0.001,3.204414784635472,2.989232635852471,1.1544532735216635,0.4475420646331767,0.4470952517820784,0.44709811128925586,3.0793318532968654e-15,4.218189532920874e-28,14,14,1
alphatensor_rank23_transpose,5,wildcard,45,0.003,3.204414784635472,2.989232635852471,1.1544532735216635,0.4475420646331767,0.4462014181872349,0.44622719756172646,4.884981308350689e-15,3.899724312121647e-28,14,14,1
alphatensor_rank23_transpose,5,wildcard,45,0.01,3.204414784635472,2.989232635852471,1.1544532735216635,0.4475420646331767,0.4430708945825761,0.4433590295055581,2.4463762994111497e-15,1.974291356579942e-28,14,14,1
alphatensor_rank23_transpose,5,wildcard,45,0.03,3.204414784635472,2.989232635852471,1.1544532735216635,0.4475420646331767,0.4341104091375143,0.43674712433364243,4.3298697960381105e-15,5.357005633257921e-28,14,14,1
alphatensor_rank23_transpose,5,wildcard,45,0.05,3.204414784635472,2.989232635852471,1.1544532735216635,0.4475420646331767,0.4251306820025778,0.43257800980558375,3.0200597677653113e-15,2.9376641891746037e-28,14,14,1
alphatensor_rank23_transpose,5,wildcard,46,0.001,3.821965563202377,3.67345326808917,1.0550648574707917,0.4475420646331767,0.44713677303165733,0.44714817742735136,5.818772563326678e-15,6.301834010289804e-28,14,14,1
alphatensor_rank23_transpose,5,wildcard,46,0.003,3.821965563202377,3.67345326808917,1.0550648574707917,0.4475420646331767,0.4463256167968842,0.4464283535239153,3.1086244689504383e-15,2.405819675435199e-28,14,14,1
alphatensor_rank23_transpose,5,wildcard,46,0.01,3.821965563202377,3.67345326808917,1.0550648574707917,0.4475420646331767,0.44348057413075936,0.44462494875775344,2.55351295663786e-15,1.7365639428600308e-28,14,14,1
alphatensor_rank23_transpose,5,wildcard,46,0.03,3.821965563202377,3.67345326808917,1.0550648574707917,0.4475420646331767,0.43530096371902194,0.44560116168739605,2.3770775905671137e-15,2.233663726582916e-28,14,14,1
alphatensor_rank23_transpose,5,wildcard,46,0.05,3.821965563202377,3.67345326808917,1.0550648574707917,0.4475420646331767,0.4270469003766061,0.4553703800611326,2.7721227980018075e-15,2.6558548617831413e-28,14,14,1
alphatensor_rank23_transpose,5,wildcard,47,0.001,2.9754117956753214,2.722145980840603,1.2012479397847835,0.4475420646331767,0.4471512019227371,0.44715636176723755,2.1094237467877974e-15,1.7148515119949755e-28,14,14,1
alphatensor_rank23_transpose,5,wildcard,47,0.003,2.9754117956753214,2.722145980840603,1.2012479397847835,0.4475420646331767,0.446369272396994,0.4464157820065057,2.6854944685737467e-15,2.8266615037873107e-28,14,14,1
alphatensor_rank23_transpose,5,wildcard,47,0.01,2.9754117956753214,2.722145980840603,1.2012479397847835,0.4475420646331767,0.44363044414728997,0.44414979476253047,2.879957511301982e-15,2.215717346677321e-28,14,14,1
alphatensor_rank23_transpose,5,wildcard,47,0.03,2.9754117956753214,2.722145980840603,1.2012479397847835,0.4475420646331767,0.43578915767474247,0.4405147914332677,6.654056232949683e-15,6.860455800233404e-28,14,14,1
alphatensor_rank23_transpose,5,wildcard,47,0.05,2.9754117956753214,2.722145980840603,1.2012479397847835,0.4475420646331767,0.4279283229697437,0.4411351989745913,3.641500014712982e-15,4.89127016673308e-28,14,14,1
alphatensor_rank23_transpose,5,wildcard,48,0.001,3.0912772701711364,3.00432989841716,0.7280089440064917,0.4475420646331767,0.44710679649832563,0.4471092178274159,4.6629367034256575e-15,4.785901900776853e-28,14,14,1
alphatensor_rank23_transpose,5,wildcard,48,0.003,3.0912772701711364,3.00432989841716,0.7280089440064917,0.4475420646331767,0.44623612162868553,0.44625793469095365,5.450972662471716e-15,4.590108631065847e-28,14,14,1
alphatensor_rank23_transpose,5,wildcard,48,0.01,3.0912772701711364,3.00432989841716,0.7280089440064917,0.4475420646331767,0.44318737466960617,0.4434305591867739,4.9960036108132044e-15,4.616580908009875e-28,14,14,1
alphatensor_rank23_transpose,5,wildcard,48,0.03,3.0912772701711364,3.00432989841716,0.7280089440064917,0.4475420646331767,0.43446656513173115,0.436676252769768,3.6637359812630166e-15,4.918869717889493e-28,14,14,1
alphatensor_rank23_transpose,5,wildcard,48,0.05,3.0912772701711364,3.00432989841716,0.7280089440064917,0.4475420646331767,0.42573510978192836,0.43193389004828797,3.330998514204411e-15,3.5743721305922902e-28,14,14,1
alphatensor_rank23_transpose,6,structured,0,0.001,2.8182242191392737,2.760491172122497,0.5675176102791281,0.41812315810010864,0.41770500255039356,0.41770501557690365,2.886579864025407e-15,2.3846911927983604e-28,14,14,1
alphatensor_rank23_transpose,6,structured,0,0.003,2.8182242191392737,2.760491172122497,0.5675176102791281,0.41812315810010864,0.4168684981726133,0.4168686160105805,2.131981582977665e-15,1.4322419380795335e-28,14,14,1
alphatensor_rank23_transpose,6,structured,0,0.01,2.8182242191392737,2.760491172122497,0.5675176102791281,0.41812315810010864,0.4139387411651739,0.4139401158645051,2.836010540356392e-15,1.9193352188331544e-28,14,14,1
alphatensor_rank23_transpose,6,structured,0,0.03,2.8182242191392737,2.760491172122497,0.5675176102791281,0.41812315810010864,0.40555189290059074,0.4055697090082077,2.5673549889051866e-15,2.7273400900761334e-28,14,14,1
alphatensor_rank23_transpose,6,structured,0,0.05,2.8182242191392737,2.760491172122497,0.5675176102791281,0.41812315810010864,0.39714355468930296,0.39722773340020007,4.404079109198382e-15,4.974776394575572e-28,14,14,1
alphatensor_rank23_transpose,6,wildcard,1,0.001,3.3400992448014835,3.1879931621990734,0.9964750688779915,0.41812315810010864,0.4177494103884169,0.41775249100240575,2.0515258902038093e-15,2.021881372868582e-28,14,14,1
alphatensor_rank23_transpose,6,wildcard,1,0.003,3.3400992448014835,3.1879931621990734,0.9964750688779915,0.41812315810010864,0.4170016318976967,0.41702941464441734,1.9984014443252818e-15,1.703470713220825e-28,14,14,1
alphatensor_rank23_transpose,6,wildcard,1,0.01,3.3400992448014835,3.1879931621990734,0.9964750688779915,0.41812315810010864,0.41438147338503273,0.41469235333153287,4.524471040964553e-15,3.2647184139288947e-28,14,14,1
alphatensor_rank23_transpose,6,wildcard,1,0.03,3.3400992448014835,3.1879931621990734,0.9964750688779915,0.41812315810010864,0.40687111639421986,0.4097216633794312,9.845321074464585e-15,5.209919853929434e-28,14,14,1
alphatensor_rank23_transpose,6,wildcard,1,0.05,3.3400992448014835,3.1879931621990734,0.9964750688779915,0.41812315810010864,0.39932723449751745,0.40737606521323566,2.0003513521040443e-15,1.6060300070191692e-28,14,14,1
alphatensor_rank23_transpose,6,wildcard,2,0.001,3.342652771243661,3.273108751424992,0.6782968748623665,0.41812315810010864,0.4176759954438562,0.4176764964572801,2.251584339270899e-15,1.9867671992970706e-28,14,14,1
alphatensor_rank23_transpose,6,wildcard,2,0.003,3.342652771243661,3.273108751424992,0.6782968748623665,0.41812315810010864,0.41678135318982007,0.41678587663637323,2.722418789187498e-15,1.3972020235764304e-28,14,14,1
alphatensor_rank23_transpose,6,wildcard,2,0.01,3.342652771243661,3.273108751424992,0.6782968748623665,0.41812315810010864,0.41364682911313105,0.41369769290061825,3.104145480512095e-15,3.669712240888447e-28,14,14,1
alphatensor_rank23_transpose,6,wildcard,2,0.03,3.342652771243661,3.273108751424992,0.6782968748623665,0.41812315810010864,0.40466428086007067,0.4051416943777634,7.491661342508356e-15,4.228820699296417e-28,14,14,1
alphatensor_rank23_transpose,6,wildcard,2,0.05,3.342652771243661,3.273108751424992,0.6782968748623665,0.41812315810010864,0.39564537406476247,0.39704752795037473,2.560569818101511e-15,2.2473346289164786e-28,14,14,1
alphatensor_rank23_transpose,6,wildcard,3,0.001,3.1348067727166464,3.04049246778922,0.7631638458333654,0.41812315810010864,0.4176948726260883,0.4176969081678351,2.2529358706419733e-15,1.863459370752653e-28,14,14,1
alphatensor_rank23_transpose,6,wildcard,3,0.003,3.1348067727166464,3.04049246778922,0.7631638458333654,0.41812315810010864,0.4168380358102105,0.41685640239275196,1.887379141862766e-15,1.1529819853553055e-28,14,14,1
alphatensor_rank23_transpose,6,wildcard,3,0.01,3.1348067727166464,3.04049246778922,0.7631638458333654,0.41812315810010864,0.4138363514420377,0.41404226416555845,6.5219012078700995e-15,6.886971514895324e-28,14,14,1
alphatensor_rank23_transpose,6,wildcard,3,0.03,3.1348067727166464,3.04049246778922,0.7631638458333654,0.41812315810010864,0.40523738932807213,0.40713997807161434,4.456023741017672e-15,5.60819845412951e-28,14,14,1
alphatensor_rank23_transpose,6,wildcard,3,0.05,3.1348067727166464,3.04049246778922,0.7631638458333654,0.41812315810010864,0.3966069320412224,0.40203982401260085,4.6629367034256575e-15,3.9358753045087163e-28,14,14,1
alphatensor_rank23_transpose,6,wildcard,4,0.001,3.4104379199070536,3.134975485115971,1.342764131655978,0.41812315810010864,0.41778966887794994,0.4177990604149628,1.887379141862766e-15,1.6224004540155278e-28,14,14,1
alphatensor_rank23_transpose,6,wildcard,4,0.003,3.4104379199070536,3.134975485115971,1.342764131655978,0.41812315810010864,0.41712265614908095,0.4172073200470616,2.6106887634199633e-15,1.9483546962836335e-28,14,14,1
alphatensor_rank23_transpose,6,wildcard,4,0.01,3.4104379199070536,3.134975485115971,1.342764131655978,0.41812315810010864,0.41478777749747453,0.41573321331305896,1.7763568394002505e-15,1.3121577261313655e-28,14,14,1
alphatensor_rank23_transpose,6,wildcard,4,0.03,3.4104379199070536,3.134975485115971,1.342764131655978,0.41812315810010864,0.4081144748438032,0.41668709342130983,7.993605777301127e-15,9.51026824951163e-28,14,14,1
alphatensor_rank23_transpose,6,wildcard,4,0.05,3.4104379199070536,3.134975485115971,1.342764131655978,0.41812315810010864,0.4014394260384901,0.42518928421231605,2.0213608150985465e-15,1.7250789836689543e-28,14,14,1
alphatensor_rank23_transpose,6,wildcard,5,0.001,4.501654349330567,4.296208441933744,1.3444273518134253,0.41812315810010864,0.4176388721021312,0.41764949794198203,1.887379141862766e-15,1.3238522594201604e-28,14,14,1
alphatensor_rank23_transpose,6,wildcard,5,0.003,4.501654349330567,4.296208441933744,1.3444273518134253,0.41812315810010864,0.4166701588755421,0.4167658966922356,1.5543122344752192e-15,1.2789190571704417e-28,14,14,1
alphatensor_rank23_transpose,6,wildcard,5,0.01,4.501654349330567,4.296208441933744,1.3444273518134253,0.41812315810010864,0.4132782553410856,0.4143452979247116,5.1315351695816424e-15,7.420178554575762e-28,14,14,1
alphatensor_rank23_transpose,6,wildcard,5,0.03,4.501654349330567,4.296208441933744,1.3444273518134253,0.41812315810010864,0.4035769500520356,0.41320246415967543,4.381361477952938e-15,5.392575703683668e-28,14,14,1
alphatensor_rank23_transpose,6,wildcard,5,0.05,4.501654349330567,4.296208441933744,1.3444273518134253,0.41812315810010864,0.39386532134824037,0.4204226146258148,2.220446049250313e-15,2.0686172028993488e-28,14,14,1
alphatensor_rank23_transpose,6,wildcard,6,0.001,3.48703959803275,3.2877937358970892,1.1618336836416234,0.41812315810010864,0.41771757967900547,0.4177221272446745,2.251421908622315e-15,1.9746744714779112e-28,14,14,1
alphatensor_rank23_transpose,6,wildcard,6,0.003,3.48703959803275,3.2877937358970892,1.1618336836416234,0.41812315810010864,0.4169063252166216,0.4169473540662019,3.479461205559692e-15,5.317730459750435e-28,14,14,1
alphatensor_rank23_transpose,6,wildcard,6,0.01,3.48703959803275,3.2877937358970892,1.1618336836416234,0.41812315810010864,0.41406597538503426,0.414525671979325,4.1546597680410615e-15,5.137398280258544e-28,14,14,1
alphatensor_rank23_transpose,6,wildcard,6,0.03,3.48703959803275,3.2877937358970892,1.1618336836416234,0.41812315810010864,0.4059441156781558,0.41017168708082175,4.6141623794332575e-15,5.084666733308879e-28,14,14,1
alphatensor_rank23_transpose,6,wildcard,6,0.05,3.48703959803275,3.2877937358970892,1.1618336836416234,0.41812315810010864,0.3978165322911071,0.40977679704556413,3.569218659551739e-15,5.157437177457481e-28,14,14,1
alphatensor_rank23_transpose,6,wildcard,7,0.001,4.228930483833469,3.903878629782592,1.625910416050886,0.41812315810010864,0.4176324948078761,0.4176444742794034,1.951639407326609e-15,1.8285626632599956e-28,14,14,1
alphatensor_rank23_transpose,6,wildcard,7,0.003,4.228930483833469,3.903878629782592,1.625910416050886,0.41812315810010864,0.41665052857029994,0.4167585708761824,3.138061569672881e-15,1.7011250409795012e-28,14,14,1
alphatensor_rank23_transpose,6,wildcard,7,0.01,4.228930483833469,3.903878629782592,1.625910416050886,0.41812315810010864,0.4132069682139493,0.4144150888312056,5.294919430175666e-15,3.7571319555463897e-28,14,14,1
alphatensor_rank23_transpose,6,wildcard,7,0.03,4.228930483833469,3.903878629782592,1.625910416050886,0.41812315810010864,0.40331192851518216,0.4142858905977763,2.5701788471610814e-15,3.372478705799556e-28,14,14,1
alphatensor_rank23_transpose,6,wildcard,7,0.05,4.228930483833469,3.903878629782592,1.625910416050886,0.41812315810010864,0.39333581200419176,0.423699503184275,8.34335540728256e-15,7.479829230568687e-28,14,14,1
alphatensor_rank23_transpose,6,wildcard,8,0.001,4.017974830450195,3.782399683477912,1.3555716036261127,0.41812315810010864,0.41769898783588405,0.4177078007510712,2.3424436781635e-15,2.091359951745519e-28,14,14,1
alphatensor_rank23_transpose,6,wildcard,8,0.003,4.017974830450195,3.782399683477912,1.3555716036261127,0.41812315810010864,0.41685037561193955,0.4169297295169891,3.3306690738754696e-15,3.5732624968816122e-28,14,14,1
alphatensor_rank23_transpose,6,wildcard,8,0.01,4.017974830450195,3.782399683477912,1.3555716036261127,0.41812315810010864,0.41387741878704987,0.41475996966796136,2.1741223218459466e-15,2.1307369043007816e-28,14,14,1
alphatensor_rank23_transpose,6,wildcard,8,0.03,4.017974830450195,3.782399683477912,1.3555716036261127,0.41812315810010864,0.4053601068475298,0.41327614296725007,1.3562935935463372e-14,1.77876251672524e-27,14,14,1
alphatensor_rank23_transpose,6,wildcard,8,0.05,4.017974830450195,3.782399683477912,1.3555716036261127,0.41812315810010864,0.39681086861963294,0.41853254679897384,1.9807944732368584e-15,1.4906831119248136e-28,14,14,1
alphatensor_rank23_transpose,6,wildcard,9,0.001,3.3062662797540185,3.1762925148240706,0.9179120725380291,0.41812315810010864,0.417692753388788,0.41769389582665506,2.1424026876400565e-15,2.2516986980698167e-28,14,14,1
alphatensor_rank23_transpose,6,wildcard,9,0.003,3.3062662797540185,3.1762925148240706,0.9179120725380291,0.41812315810010864,0.4168318027119512,0.4168421068807123,2.220446049250313e-15,1.9025456182555465e-28,14,14,1
alphatensor_rank23_transpose,6,wildcard,9,0.01,3.3062662797540185,3.1762925148240706,0.9179120725380291,0.41812315810010864,0.4138170286727651,0.4139324267077017,4.045126432443725e-15,7.064904489893866e-28,14,14,1
alphatensor_rank23_transpose,6,wildcard,9,0.03,3.3062662797540185,3.1762925148240706,0.9179120725380291,0.41812315810010864,0.40519191086864315,0.406257623383469,1.0007427927526545e-14,5.583883818194775e-28,14,14,1
alphatensor_rank23_transpose,6,wildcard,9,0.05,3.3062662797540185,3.1762925148240706,0.9179120725380291,0.41812315810010864,0.3965520686067025,0.39960715825072546,5.10702591327572e-15,5.562542904994798e-28,14,14,1
alphatensor_rank23_transpose,6,wildcard,10,0.001,3.0698531755173666,2.976293725167363,0.7521131435917333,0.41812315810010864,0.41771101186622056,0.41771393960615527,2.220446049250313e-15,1.393292925984244e-28,14,14,1
alphatensor_rank23_transpose,6,wildcard,10,0.003,3.0698531755173666,2.976293725167363,0.7521131435917333,0.41812315810010864,0.41688661668680077,0.4169130163090204,2.9976021664879227e-15,1.3304805333337337e-28,14,14,1
alphatensor_rank23_transpose,6,wildcard,10,0.01,3.0698531755173666,2.976293725167363,0.7521131435917333,0.41812315810010864,0.41400020781145874,0.4142954556694479,2.2242364309051247e-15,1.7655033896441375e-28,14,14,1
alphatensor_rank23_transpose,6,wildcard,10,0.03,3.0698531755173666,2.976293725167363,0.7521131435917333,0.41812315810010864,0.40574586764907195,0.408450579785708,2.1911462858188636e-15,2.224557239269909e-28,14,14,1
alphatensor_rank23_transpose,6,wildcard,10,0.05,3.0698531755173666,2.976293725167363,0.7521131435917333,0.41812315810010864,0.397483784822196,0.40512166801535304,2.350110753191425e-15,1.5547255630528054e-28,14,14,1
alphatensor_rank23_transpose,6,wildcard,11,0.001,3.617117243756894,3.4304459973059345,1.1469862312387016,0.41812315810010864,0.4176590721653017,0.41767122963302034,2.886579864025407e-15,1.9084970571196938e-28,14,14,1
alphatensor_rank23_transpose,6,wildcard,11,0.003,3.617117243756894,3.4304459973059345,1.1469862312387016,0.41812315810010864,0.4167306788762479,0.41684029151949303,2.3044635030108523e-15,1.6403623096417267e-28,14,14,1
alphatensor_rank23_transpose,6,wildcard,11,0.01,3.617117243756894,3.4304459973059345,1.1469862312387016,0.41812315810010864,0.41347905276253316,0.41470345624415844,2.3974928978645777e-15,3.2901190123728486e-28,14,14,1
alphatensor_rank23_transpose,6,wildcard,11,0.03,3.617117243756894,3.4304459973059345,1.1469862312387016,0.41812315810010864,0.4041713366549794,0.41526783794511984,3.4764437867193632e-15,3.9067824084534788e-28,14,14,1
alphatensor_rank23_transpose,6,wildcard,11,0.05,3.617117243756894,3.4304459973059345,1.1469862312387016,0.41812315810010864,0.39484276250985767,0.4255096836096791,2.6258008666336647e-15,2.2621392012583254e-28,14,14,1
alphatensor_rank23_transpose,6,wildcard,12,0.001,3.936776017929259,3.6835514048202183,1.3891200320310513,0.41812315810010864,0.41773213141382737,0.41774192947643085,2.088673422246873e-15,1.956680701087044e-28,14,14,1
alphatensor_rank23_transpose,6,wildcard,12,0.003,3.936776017929259,3.6835514048202183,1.3891200320310513,0.41812315810010864,0.41694933306523674,0.41703756556945476,1.9984014443252818e-15,1.5069433141933973e-28,14,14,1
alphatensor_rank23_transpose,6,wildcard,12,0.01,3.936776017929259,3.6835514048202183,1.3891200320310513,0.41812315810010864,0.4142017067046826,0.415183227214977,1.5364854597828426e-15,1.446714397070548e-28,14,14,1
alphatensor_rank23_transpose,6,wildcard,12,0.03,3.936776017929259,3.6835514048202183,1.3891200320310513,0.41812315810010864,0.40628394066541784,0.4150863890360249,1.9984014443252818e-15,1.5146108902758816e-28,14,14,1
alphatensor_rank23_transpose,6,wildcard,12,0.05,3.936776017929259,3.6835514048202183,1.3891200320310513,0.41812315810010864,0.3982655601384939,0.4223877291092761,1.8983896890189727e-15,1.4558206980467305e-28,14,14,1
alphatensor_rank23_transpose,6,wildcard,13,0.001,3.135076892121266,3.048192894406076,0.7329578419015969,0.41812315810010864,0.41771490257446703,0.4177191019195535,2.4945652012975246e-15,2.1277441136849265e-28,14,14,1
alphatensor_rank23_transpose,6,wildcard,13,0.003,3.135076892121266,3.048192894406076,0.7329578419015969,0.41812315810010864,0.4168981756241305,0.41693604624903513,2.1680984622251247e-15,1.6091939221375482e-28,14,14,1
alphatensor_rank23_transpose,6,wildcard,13,0.01,3.135076892121266,3.048192894406076,0.7329578419015969,0.41812315810010864,0.41403740556774377,0.4144610690033069,1.8146102798298207e-15,1.7106072588150055e-28,14,14,1
alphatensor_rank23_transpose,6,wildcard,13,0.03,3.135076892121266,3.048192894406076,0.7329578419015969,0.41812315810010864,0.4058457448057811,0.40972473663703163,3.933049811761787e-15,2.516524428411811e-28,14,14,1
alphatensor_rank23_transpose,6,wildcard,13,0.05,3.135076892121266,3.048192894406076,0.7329578419015969,0.41812315810010864,0.39762996925577204,0.40855282611606714,2.0324364424772404e-15,1.1986410917123868e-28,14,14,1
alphatensor_rank23_transpose,6,wildcard,14,0.001,3.758410192493886,3.6276913112484372,0.9826000841311402,0.41812315810010864,0.41769893481737935,0.417702894682291,2.1701340046702243e-15,2.532306739407323e-28,14,14,1
alphatensor_rank23_transpose,6,wildcard,14,0.003,3.758410192493886,3.6276913112484372,0.9826000841311402,0.41812315810010864,0.4168505117533722,0.4168861654024256,1.887379141862766e-15,1.483633719688621e-28,14,14,1
alphatensor_rank23_transpose,6,wildcard,14,0.01,3.758410192493886,3.6276913112484372,0.9826000841311402,0.41812315810010864,0.4138813391647642,0.4142779876088772,2.1094237467877974e-15,2.0122246688420982e-28,14,14,1
alphatensor_rank23_transpose,6,wildcard,14,0.03,3.758410192493886,3.6276913112484372,0.9826000841311402,0.41812315810010864,0.4054021647405517,0.40897895597557093,2.886579864025407e-15,1.821392573385781e-28,14,14,1
alphatensor_rank23_transpose,6,wildcard,14,0.05,3.758410192493886,3.6276913112484372,0.9826000841311402,0.41812315810010864,0.3969329069254356,0.40686832305680337,2.712250952578301e-15,1.4278882435596576e-28,14,14,1
alphatensor_rank23_transpose,6,wildcard,15,0.001,2.997413457877533,2.847705218857041,0.9354477131083941,0.41812315810010864,0.4177483740941859,0.41774997930069674,2.0400103759334012e-15,1.7435066666753727e-28,14,14,1
alphatensor_rank23_transpose,6,wildcard,15,0.003,2.997413457877533,2.847705218857041,0.9354477131083941,0.41812315810010864,0.4169988030149526,0.4170132716921439,3.1405392787108957e-15,3.8625042561736526e-28,14,14,1
alphatensor_rank23_transpose,6,wildcard,15,0.01,2.997413457877533,2.847705218857041,0.9354477131083941,0.41812315810010864,0.4143753219273535,0.41453696298561554,3.4584836141207935e-15,3.8876982057151733e-28,14,14,1
alphatensor_rank23_transpose,6,wildcard,15,0.03,2.997413457877533,2.847705218857041,0.9354477131083941,0.41812315810010864,0.4068810721126663,0.40836116648400106,2.2509538495666023e-15,2.094771312357398e-28,14,14,1
alphatensor_rank23_transpose,6,wildcard,15,0.05,2.997413457877533,2.847705218857041,0.9354477131083941,0.41812315810010864,0.3993920148488835,0.4035886676507106,7.081841219566235e-15,6.401951764559927e-28,14,14,1
alphatensor_rank23_transpose,6,wildcard,16,0.001,4.14556697091889,3.8304761529736275,1.5853005872306927,0.41812315810010864,0.41769085325376654,0.41770068927225057,2.3314683517128287e-15,2.097593008218073e-28,14,14,1
alphatensor_rank23_transpose,6,wildcard,16,0.003,4.14556697091889,3.8304761529736275,1.5853005872306927,0.41812315810010864,0.4168263594788227,0.41691507396536454,1.751308388453235e-15,1.3419166975477665e-28,14,14,1
alphatensor_rank23_transpose,6,wildcard,16,0.01,4.14556697091889,3.8304761529736275,1.5853005872306927,0.41812315810010864,0.4138019349142094,0.41479426039650336,4.48507556963603e-15,4.756506740048836e-28,14,14,1
alphatensor_rank23_transpose,6,wildcard,16,0.03,4.14556697091889,3.8304761529736275,1.5853005872306927,0.41812315810010864,0.40517408940917526,0.4142104652573451,8.500129499203918e-15,4.468240970337438e-28,14,14,1
alphatensor_rank23_transpose,6,wildcard,16,0.05,4.14556697091889,3.8304761529736275,1.5853005872306927,0.41812315810010864,0.39657149632656546,0.4216928115026865,4.6629367034256575e-15,3.9060673402530403e-28,14,14,1
alphatensor_rank23_transpose,6,wildcard,17,0.001,4.094024405914607,3.8685082189639175,1.3400298489336235,0.41812315810010864,0.41762997564379417,0.41763903722053475,2.886579864025407e-15,1.9347335442155618e-28,14,14,1
alphatensor_rank23_transpose,6,wildcard,17,0.003,4.094024405914607,3.8685082189639175,1.3400298489336235,0.41812315810010864,0.41664332456255426,0.4167251421923409,1.8772799139655537e-15,1.3500889075805126e-28,14,14,1
alphatensor_rank23_transpose,6,wildcard,17,0.01,4.094024405914607,3.8685082189639175,1.3400298489336235,0.41812315810010864,0.4131870893171744,0.4141058888920771,3.840107252310501e-15,3.3059503969911336e-28,14,14,1
alphatensor_rank23_transpose,6,wildcard,17,0.03,4.094024405914607,3.8685082189639175,1.3400298489336235,0.41812315810010864,0.4032880147748081,0.4117622173802397,1.7763568394002505e-15,1.692673869403918e-28,14,14,1
alphatensor_rank23_transpose,6,wildcard,17,0.05,4.094024405914607,3.8685082189639175,1.3400298489336235,0.41812315810010864,0.39335625472350705,0.41726537618082266,2.220446049250313e-15,1.3635329786768625e-28,14,14,1
alphatensor_rank23_transpose,6,wildcard,18,0.001,3.3410976323316137,3.0929717975852253,1.2635105255257428,0.41812315810010864,0.41771156426840583,0.41772251790524095,2.2611941955524783e-15,1.7294965466681453e-28,14,14,1
alphatensor_rank23_transpose,6,wildcard,18,0.003,3.3410976323316137,3.0929717975852253,1.2635105255257428,0.41812315810010864,0.4168878026170306,0.41698656080675467,2.093389024432472e-15,1.7682130847515688e-28,14,14,1
alphatensor_rank23_transpose,6,wildcard,18,0.01,3.3410976323316137,3.0929717975852253,1.2635105255257428,0.41812315810010864,0.41399866332257257,0.41510189241950024,2.55351295663786e-15,2.4351841559539604e-28,14,14,1
alphatensor_rank23_transpose,6,wildcard,18,0.03,3.3410976323316137,3.0929717975852253,1.2635105255257428,0.41812315810010864,0.40569411130823096,0.41570225703220437,3.756150431349136e-15,5.087411011019618e-28,14,14,1
alphatensor_rank23_transpose,6,wildcard,18,0.05,3.3410976323316137,3.0929717975852253,1.2635105255257428,0.41812315810010864,0.3973189146016954,0.4250370535847108,1.7260258017072505e-15,1.2983213088275448e-28,14,14,1
alphatensor_rank23_transpose,6,wildcard,19,0.001,3.9449296205304285,3.633325416082369,1.5366899920895658,0.41812315810010864,0.41766735406242467,0.41768257479993487,2.9090854911433964e-15,2.38302277687378e-28,14,14,1
alphatensor_rank23_transpose,6,wildcard,19,0.003,3.9449296205304285,3.633325416082369,1.5366899920895658,0.41812315810010864,0.4167552693224672,0.4168925044981908,1.8864479741756846e-15,1.267135199647458e-28,14,14,1
alphatensor_rank23_transpose,6,wildcard,19,0.01,3.9449296205304285,3.633325416082369,1.5366899920895658,0.41812315810010864,0.41355798055715326,0.41509060977518547,6.014904535235466e-15,5.133641981618484e-28,14,14,1
alphatensor_rank23_transpose,6,wildcard,19,0.03,3.9449296205304285,3.633325416082369,1.5366899920895658,0.41812315810010864,0.40438040164766487,0.4182249480781986,1.3009145059855704e-14,6.234924281830721e-28,14,14,1
alphatensor_rank23_transpose,6,wildcard,19,0.05,3.9449296205304285,3.633325416082369,1.5366899920895658,0.41812315810010864,0.39514069828033876,0.43314092023081985,2.6192786344781315e-15,2.30052001991201e-28,14,14,1
alphatensor_rank23_transpose,6,wildcard,20,0.001,3.6107749139982936,3.3371303329304665,1.3788606240642245,0.41812315810010864,0.41773460621700276,0.4177420088342316,1.789597994364168e-15,1.698735357533785e-28,14,14,1
alphatensor_rank23_transpose,6,wildcard,20,0.003,3.6107749139982936,3.3371303329304665,1.3788606240642245,0.41812315810010864,0.4169572595664243,0.417023945252908,3.388336880357816e-15,3.9891106851416915e-28,14,14,1
alphatensor_rank23_transpose,6,wildcard,20,0.01,3.6107749139982936,3.3371303329304665,1.3788606240642245,0.41812315810010864,0.41423403508731105,0.41497694343738234,3.565725259977737e-15,4.222269263716043e-28,14,14,1
alphatensor_rank23_transpose,6,wildcard,20,0.03,3.6107749139982936,3.3371303329304665,1.3788606240642245,0.41812315810010864,0.406432846873988,0.41313291322323326,3.7745694340415334e-15,3.635447832041066e-28,14,14,1
alphatensor_rank23_transpose,6,wildcard,20,0.05,3.6107749139982936,3.3371303329304665,1.3788606240642245,0.41812315810010864,0.3986035966252344,0.41710367583454194,2.2326630346108673e-15,2.053091333570037e-28,14,14,1
alphatensor_rank23_transpose,6,wildcard,21,0.001,2.9121397154330944,2.794573844027855,0.8190938606033624,0.41812315810010864,0.4177269467744537,0.4177277223182912,2.0966229287280628e-15,1.988750112391279e-28,14,14,1
alphatensor_rank23_transpose,6,wildcard,21,0.003,2.9121397154330944,2.794573844027855,0.8190938606033624,0.41812315810010864,0.41693447649062637,0.4169414548342706,2.3314683517128287e-15,1.8998542960150268e-28,14,14,1
alphatensor_rank23_transpose,6,wildcard,21,0.01,2.9121397154330944,2.794573844027855,0.8190938606033624,0.41812315810010864,0.4141603831165408,0.4142379300999321,1.7763568394002505e-15,1.8529102406220422e-28,14,14,1
alphatensor_rank23_transpose,6,wildcard,21,0.03,2.9121397154330944,2.794573844027855,0.8190938606033624,0.41812315810010864,0.4062319053683223,0.4069364528526596,4.5387046548491155e-15,6.7370419516864025e-28,14,14,1
alphatensor_rank23_transpose,6,wildcard,21,0.05,2.9121397154330944,2.794573844027855,0.8190938606033624,0.41812315810010864,0.3983030531324723,0.4003122076789114,2.4424906541753444e-15,2.062127423462917e-28,14,14,1
alphatensor_rank23_transpose,6,wildcard,22,0.001,3.491150637088823,3.3895527975312243,0.8361008333890968,0.41812315810010864,0.4176816549038746,0.417683845186015,2.1094237467877974e-15,1.7616548121702083e-28,14,14,1
alphatensor_rank23_transpose,6,wildcard,22,0.003,3.491150637088823,3.3895527975312243,0.8361008333890968,0.41812315810010864,0.41679846126679637,0.4168181840087843,1.6121777768568954e-15,1.0956664749174636e-28,14,14,1
alphatensor_rank23_transpose,6,wildcard,22,0.01,3.491150637088823,3.3895527975312243,0.8361008333890968,0.41812315810010864,0.4137053909885106,0.4139249955541043,3.025784161759037e-15,3.966622624634107e-28,14,14,1
alphatensor_rank23_transpose,6,wildcard,22,0.03,3.491150637088823,3.3895527975312243,0.8361008333890968,0.41812315810010864,0.4048537019480806,0.4068486164108938,4.520568303726008e-15,6.267410846441981e-28,14,14,1
alphatensor_rank23_transpose,6,wildcard,22,0.05,3.491150637088823,3.3895527975312243,0.8361008333890968,0.41812315810010864,0.39598546725343037,0.4016168859344656,2.3362038752913355e-15,1.8448931062242682e-28,14,14,1
alphatensor_rank23_transpose,6,wildcard,23,0.001,3.5355282118276925,3.2140064253775185,1.4731335425756713,0.41812315810010864,0.41771493515728936,0.4177225930124114,1.9984014443252818e-15,1.508176503331615e-28,14,14,1
alphatensor_rank23_transpose,6,wildcard,23,0.003,3.5355282118276925,3.2140064253775185,1.4731335425756713,0.41812315810010864,0.4168982687283979,0.4169673194304288,2.4431815048666653e-15,1.6257319115784298e-28,14,14,1
alphatensor_rank23_transpose,6,wildcard,23,0.01,3.5355282118276925,3.2140064253775185,1.4731335425756713,0.41812315810010864,0.4140376609095934,0.41480947515453226,2.9679420301681862e-15,2.740043524702838e-28,14,14,1
alphatensor_rank23_transpose,6,wildcard,23,0.03,3.5355282118276925,3.2140064253775185,1.4731335425756713,0.41812315810010864,0.4058460185763122,0.4128720211002755,3.737331606314606e-15,5.723121675505044e-28,14,14,1
alphatensor_rank23_transpose,6,wildcard,23,0.05,3.5355282118276925,3.2140064253775185,1.4731335425756713,0.41812315810010864,0.39762955671120065,0.4172052301305917,3.1691587008820505e-15,3.4671343582328687e-28,14,14,1
alphatensor_rank23_transpose,6,wildcard,24,0.001,3.0806713441281026,2.978850684281029,0.7854836289131023,0.41812315810010864,0.41770220707290795,0.4177058360214113,2.886579864025407e-15,1.6545379525732297e-28,14,14,1
alphatensor_rank23_transpose,6,wildcard,24,0.003,3.0806713441281026,2.978850684281029,0.7854836289131023,0.41812315810010864,0.41686010907253784,0.41689279860314493,1.5543122344752192e-15,1.3177181110512578e-28,14,14,1
alphatensor_rank23_transpose,6,wildcard,24,0.01,3.0806713441281026,2.978850684281029,0.7854836289131023,0.41812315810010864,0.41391074588948645,0.41427501704110115,2.6645352591003757e-15,1.6908320534982705e-28,14,14,1
alphatensor_rank23_transpose,6,wildcard,24,0.03,3.0806713441281026,2.978850684281029,0.7854836289131023,0.41812315810010864,0.4054676217099196,0.4087675009200351,2.220446049250313e-15,2.171524130699309e-28,14,14,1
alphatensor_rank23_transpose,6,wildcard,24,0.05,3.0806713441281026,2.978850684281029,0.7854836289131023,0.41812315810010864,0.3970025840819268,0.40620591764401853,3.591061192843379e-15,3.1335261679435847e-28,14,14,1
alphatensor_rank23_transpose,6,wildcard,25,0.001,3.0228456971500424,2.9092402610159382,0.8209246082695043,0.41812315810010864,0.4177502093980938,0.4177514921547196,3.552713678800501e-15,2.665007833444917e-28,14,14,1
alphatensor_rank23_transpose,6,wildcard,25,0.003,3.0228456971500424,2.9092402610159382,0.8209246082695043,0.41812315810010864,0.41700439245704535,0.4170159616458424,2.305236358731057e-15,1.6331078553842127e-28,14,14,1
alphatensor_rank23_transpose,6,wildcard,25,0.01,3.0228456971500424,2.9092402610159382,0.8209246082695043,0.41812315810010864,0.41439493574219416,0.41452448672485576,2.0299028745332744e-15,1.5225609335439782e-28,14,14,1
alphatensor_rank23_transpose,6,wildcard,25,0.03,3.0228456971500424,2.9092402610159382,0.8209246082695043,0.41812315810010864,0.4069485306744501,0.40814536413905045,3.99481386167118e-15,4.638431558099834e-28,14,14,1
alphatensor_rank23_transpose,6,wildcard,25,0.05,3.0228456971500424,2.9092402610159382,0.8209246082695043,0.41812315810010864,0.3995192784228393,0.4029556555784847,8.088876139294833e-15,6.904082987199693e-28,14,14,1
alphatensor_rank23_transpose,6,wildcard,26,0.001,3.4013246642307315,3.163576650263068,1.2493167130133995,0.41812315810010864,0.4177391029616805,0.41774404605864696,1.9793861088752263e-15,1.8105160303142686e-28,14,14,1
alphatensor_rank23_transpose,6,wildcard,26,0.003,3.4013246642307315,3.163576650263068,1.2493167130133995,0.41812315810010864,0.41697076431887264,0.4170153479512237,2.3137292080737582e-15,1.7372786696927736e-28,14,14,1
alphatensor_rank23_transpose,6,wildcard,26,0.01,3.4013246642307315,3.163576650263068,1.2493167130133995,0.41812315810010864,0.4142792082177338,0.4147781444776478,2.7755575615628914e-15,2.6101094821092e-28,14,14,1
alphatensor_rank23_transpose,6,wildcard,26,0.03,3.4013246642307315,3.163576650263068,1.2493167130133995,0.41812315810010864,0.40656939138257886,0.41113817503929034,9.037149123939681e-15,4.494451209808542e-28,14,14,1
alphatensor_rank23_transpose,6,wildcard,26,0.05,3.4013246642307315,3.163576650263068,1.2493167130133995,0.41812315810010864,0.39883203047421956,0.41168254528019255,2.0003101457975647e-15,1.6629223548704989e-28,14,14,1
alphatensor_rank23_transpose,6,wildcard,27,0.001,3.580237811101298,3.3939561939343994,1.1398088162905793,0.41812315810010864,0.41772144109960574,0.4177333875508508,2.1700963117663583e-15,1.77389385166017e-28,14,14,1
alphatensor_rank23_transpose,6,wildcard,27,0.003,3.580237811101298,3.3939561939343994,1.1398088162905793,0.41812315810010864,0.41691780068499484,0.41702539137054384,2.1094237467877974e-15,1.7881603646905002e-28,14,14,1
alphatensor_rank23_transpose,6,wildcard,27,0.01,3.580237811101298,3.3939561939343994,1.1398088162905793,0.41812315810010864,0.4141029596001939,0.4153000942458457,2.7267583373114797e-15,2.18905514930439e-28,14,14,1
alphatensor_rank23_transpose,6,wildcard,27,0.03,3.580237811101298,3.3939561939343994,1.1398088162905793,0.41812315810010864,0.406044248430685,0.41677266409479463,2.220446049250313e-15,1.754922038041369e-28,14,14,1
alphatensor_rank23_transpose,6,wildcard,27,0.05,3.580237811101298,3.3939561939343994,1.1398088162905793,0.41812315810010864,0.39796546788674675,0.42728979835989517,1.9984014443252818e-15,1.4176108235814532e-28,14,14,1
alphatensor_rank23_transpose,6,wildcard,28,0.001,2.89732888708917,2.59956748848096,1.279360603111635,0.41812315810010864,0.41781127010980684,0.4178243124021347,1.842567268120763e-15,1.8075847303680322e-28,14,14,1
alphatensor_rank23_transpose,6,wildcard,28,0.003,2.89732888708917,2.59956748848096,1.279360603111635,0.41812315810010864,0.4171873158394412,0.417304799379788,1.7763568394002505e-15,1.3606058929395778e-28,14,14,1
alphatensor_rank23_transpose,6,wildcard,28,0.01,2.89732888708917,2.59956748848096,1.279360603111635,0.41812315810010864,0.4150016296620787,0.41630962051644355,1.9984014443252818e-15,1.5136912736378685e-28,14,14,1
alphatensor_rank23_transpose,6,wildcard,28,0.03,2.89732888708917,2.59956748848096,1.279360603111635,0.41812315810010864,0.4087416431861122,0.42047333553113303,3.774758283725532e-15,3.9538283169573618e-28,14,14,1
alphatensor_rank23_transpose,6,wildcard,28,0.05,2.89732888708917,2.59956748848096,1.279360603111635,0.41812315810010864,0.40246081834063363,0.4345197321667567,2.415353238700067e-15,1.6627966363414232e-28,14,14,1
alphatensor_rank23_transpose,6,wildcard,29,0.001,3.739618208820373,3.5110673877937524,1.2873034397965615,0.41812315810010864,0.417739564771941,0.4177440675377188,2.220446049250313e-15,1.5357347617761185e-28,14,14,1
alphatensor_rank23_transpose,6,wildcard,29,0.003,3.739618208820373,3.5110673877937524,1.2873034397965615,0.41812315810010864,0.4169717541052429,0.4170123252535095,1.727437034773816e-15,1.2716286046524989e-28,14,14,1
alphatensor_rank23_transpose,6,wildcard,29,0.01,3.739618208820373,3.5110673877937524,1.2873034397965615,0.41812315810010864,0.41427790696751854,0.4147303293805352,3.3306690738754696e-15,2.717775552278216e-28,14,14,1
alphatensor_rank23_transpose,6,wildcard,29,0.03,3.739618208820373,3.5110673877937524,1.2873034397965615,0.41812315810010864,0.4065264818632892,0.410626886133439,2.220446049250313e-15,1.4852944652636822e-28,14,14,1
alphatensor_rank23_transpose,6,wildcard,29,0.05,3.739618208820373,3.5110673877937524,1.2873034397965615,0.41812315810010864,0.3986966937861808,0.4101094256196708,4.3168316851443884e-15,5.867541540488465e-28,14,14,1
alphatensor_rank23_transpose,6,wildcard,30,0.001,3.221048040088863,3.0717857127948887,0.9691661422220144,0.41812315810010864,0.41769700781207464,0.41770036190066934,2.6605348262421997e-15,1.6576494448656398e-28,14,14,1
alphatensor_rank23_transpose,6,wildcard,30,0.003,3.221048040088863,3.0717857127948887,0.9691661422220144,0.41812315810010864,0.41684460720150046,0.416874868983019,3.377536010904332e-15,4.087743356123432e-28,14,14,1
alphatensor_rank23_transpose,6,wildcard,30,0.01,3.221048040088863,3.0717857127948887,0.9691661422220144,0.41812315810010864,0.4138602000802878,0.4141993244341606,4.3298697960381105e-15,5.820762280583697e-28,14,14,1
alphatensor_rank23_transpose,6,wildcard,30,0.03,3.221048040088863,3.0717857127948887,0.9691661422220144,0.41812315810010864,0.40532584888761464,0.408449409944129,2.2563298943568864e-15,2.455745265012389e-28,14,14,1
alphatensor_rank23_transpose,6,wildcard,30,0.05,3.221048040088863,3.0717857127948887,0.9691661422220144,0.41812315810010864,0.39678322190853893,0.40564738346125634,2.26735211999538e-15,1.2900512021548186e-28,14,14,1
alphatensor_rank23_transpose,6,wildcard,31,0.001,3.753671612686894,3.572838415582222,1.1510326806964868,0.41812315810010864,0.4177377006778974,0.4177454236923049,2.55351295663786e-15,1.9161924049104278e-28,14,14,1
alphatensor_rank23_transpose,6,wildcard,31,0.003,3.753671612686894,3.572838415582222,1.1510326806964868,0.41812315810010864,0.41696666827558565,0.4170361845456216,2.7755575615628914e-15,1.9758592708103067e-28,14,14,1
alphatensor_rank23_transpose,6,wildcard,31,0.01,3.753671612686894,3.572838415582222,1.1510326806964868,0.41812315810010864,0.4142668709247211,0.4150391624546424,1.7763568394002505e-15,1.6276252460953796e-28,14,14,1
alphatensor_rank23_transpose,6,wildcard,31,0.03,3.753671612686894,3.572838415582222,1.1510326806964868,0.41812315810010864,0.40654426697918955,0.413456143193498,3.9968028886505635e-15,5.346786810521253e-28,14,14,1
alphatensor_rank23_transpose,6,wildcard,31,0.05,3.753671612686894,3.572838415582222,1.1510326806964868,0.41812315810010864,0.39881148139536815,0.4177633516511777,2.7755575615628914e-15,2.220411433733336e-28,14,14,1
alphatensor_rank23_transpose,6,wildcard,32,0.001,3.7921290866726185,3.5286263548169963,1.3888985053197491,0.41812315810010864,0.41768685238315445,0.41769174559208305,2.55351295663786e-15,2.144046700724282e-28,14,14,1
alphatensor_rank23_transpose,6,wildcard,32,0.003,3.7921290866726185,3.5286263548169963,1.3888985053197491,0.41812315810010864,0.41681394770255004,0.4168581238566695,2.55351295663786e-15,1.8453063506752566e-28,14,14,1
alphatensor_rank23_transpose,6,wildcard,32,0.01,3.7921290866726185,3.5286263548169963,1.3888985053197491,0.41812315810010864,0.4137557415500885,0.4142518137781956,2.34420886003574e-15,2.319078126033889e-28,14,14,1
alphatensor_rank23_transpose,6,wildcard,32,0.03,3.7921290866726185,3.5286263548169963,1.3888985053197491,0.41812315810010864,0.4049929536469743,0.40958264563999514,3.954730509531284e-15,3.9118613998011976e-28,14,14,1
alphatensor_rank23_transpose,6,wildcard,32,0.05,3.7921290866726185,3.5286263548169963,1.3888985053197491,0.41812315810010864,0.39619553641324656,0.40925094372431386,2.2480354322226596e-15,2.1445446857469657e-28,14,14,1
alphatensor_rank23_transpose,6,wildcard,33,0.001,3.6931018622489207,3.552654585861789,1.0087847929571734,0.41812315810010864,0.4176597043604509,0.4176642439319317,2.220446049250313e-15,1.7892165135949638e-28,14,14,1
alphatensor_rank23_transpose,6,wildcard,33,0.003,3.6931018622489207,3.552654585861789,1.0087847929571734,0.41812315810010864,0.4167324944882483,0.4167734399084592,2.1094237467877974e-15,1.3597219945760126e-28,14,14,1
alphatensor_rank23_transpose,6,wildcard,33,0.01,3.6931018622489207,3.552654585861789,1.0087847929571734,0.41812315810010864,0.41348410990537515,0.41394241550188693,1.7763568394002505e-15,1.2031986976202299e-28,14,14,1
alphatensor_rank23_transpose,6,wildcard,33,0.03,3.6931018622489207,3.552654585861789,1.0087847929571734,0.41812315810010864,0.40417664820365495,0.40837820105075034,2.4424906541753444e-15,2.213346595635683e-28,14,14,1
alphatensor_rank23_transpose,6,wildcard,33,0.05,3.6931018622489207,3.552654585861789,1.0087847929571734,0.41812315810010864,0.39483172168121966,0.4066740752551199,4.187980958906463e-15,3.4744942583691567e-28,14,14,1
alphatensor_rank23_transpose,6,wildcard,34,0.001,3.918738146139919,3.5898593690853637,1.5714383119302422,0.41812315810010864,0.4177258092676677,0.41777114824464756,2.1094237467877974e-15,1.764210894718667e-28,14,14,1
alphatensor_rank23_transpose,6,wildcard,34,0.003,3.918738146139919,3.5898593690853637,1.5714383119302422,0.41812315810010864,0.41693105504177636,0.41733975808590423,1.9984014443252818e-15,1.36951313603521e-28,14,14,1
alphatensor_rank23_transpose,6,wildcard,34,0.01,3.918738146139919,3.5898593690853637,1.5714383119302422,0.41812315810010864,0.41414885479307667,0.41869916189469514,5.460574357172317e-15,7.102884055297811e-28,14,14,1
alphatensor_rank23_transpose,6,wildcard,34,0.03,3.918738146139919,3.5898593690853637,1.5714383119302422,0.41812315810010864,0.40619574882727916,0.4461970785419444,4.1520895485094545e-15,4.448662646403791e-28,14,14,1
alphatensor_rank23_transpose,6,wildcard,34,0.05,3.918738146139919,3.5898593690853637,1.5714383119302422,0.41812315810010864,0.39823883819887484,0.5031067816197267,3.774758283725532e-15,5.186050699354106e-28,14,14,1
alphatensor_rank23_transpose,6,wildcard,35,0.001,3.409947235602804,3.253591954885082,1.0207250073855714,0.41812315810010864,0.41771759463712366,0.4177224328859472,2.163419205575997e-15,1.983511604792015e-28,14,14,1
alphatensor_rank23_transpose,6,wildcard,35,0.003,3.409947235602804,3.253591954885082,1.0207250073855714,0.41812315810010864,0.4169063080396858,0.4169499016978421,3.822710954638131e-15,4.661639588518553e-28,14,14,1
alphatensor_rank23_transpose,6,wildcard,35,0.01,3.409947235602804,3.253591954885082,1.0207250073855714,0.41812315810010864,0.41406517236655227,0.4145512970993382,4.975265865180094e-15,5.503107628388191e-28,14,14,1
alphatensor_rank23_transpose,6,wildcard,35,0.03,3.409947235602804,3.253591954885082,1.0207250073855714,0.41812315810010864,0.4059347650095684,0.41034126246629077,3.909550851057739e-15,4.895028321550516e-28,14,14,1
alphatensor_rank23_transpose,6,wildcard,35,0.05,3.409947235602804,3.253591954885082,1.0207250073855714,0.41812315810010864,0.3977880621770506,0.41005803670947266,3.2678437365746e-15,4.307770137687945e-28,14,14,1
alphatensor_rank23_transpose,6,wildcard,36,0.001,3.48019987753438,3.1827164415130875,1.407873304140889,0.41812315810010864,0.41773552975152284,0.41774860330001923,2.55351295663786e-15,1.8141697025933752e-28,14,14,1
alphatensor_rank23_transpose,6,wildcard,36,0.003,3.48019987753438,3.1827164415130875,1.407873304140889,0.41812315810010864,0.41696021725458077,0.41707807185537327,2.1386563949120686e-15,1.1711880736396814e-28,14,14,1
alphatensor_rank23_transpose,6,wildcard,36,0.01,3.48019987753438,3.1827164415130875,1.407873304140889,0.41812315810010864,0.41424607585046885,0.4155616580979596,2.883955979056013e-15,3.4435211672050233e-28,14,14,1
alphatensor_rank23_transpose,6,wildcard,36,0.03,3.48019987753438,3.1827164415130875,1.407873304140889,0.41812315810010864,0.40648764907184143,0.41837238568933194,2.55351295663786e-15,1.7565055486283121e-28,14,14,1
alphatensor_rank23_transpose,6,wildcard,36,0.05,3.48019987753438,3.1827164415130875,1.407873304140889,0.41812315810010864,0.3987260152213381,0.43141138847227306,2.6111476223715268e-15,3.6987198017909076e-28,14,14,1
alphatensor_rank23_transpose,6,wildcard,37,0.001,3.2817369339876694,3.1433859781177067,0.9428265463338293,0.41812315810010864,0.4177384579165851,0.4177409554838246,2.6554984241483538e-15,2.5657288725667433e-28,14,14,1
alphatensor_rank23_transpose,6,wildcard,37,0.003,3.2817369339876694,3.1433859781177067,0.9428265463338293,0.41812315810010864,0.4169689064576764,0.41699142260695127,2.0612711390990008e-15,1.7944423258151022e-28,14,14,1
alphatensor_rank23_transpose,6,wildcard,37,0.01,3.2817369339876694,3.1433859781177067,0.9428265463338293,0.41812315810010864,0.4142739288317759,0.41452557281560726,5.355038795092867e-15,5.52440220905387e-28,14,14,1
alphatensor_rank23_transpose,6,wildcard,37,0.03,3.2817369339876694,3.1433859781177067,0.9428265463338293,0.41812315810010864,0.40656170022539195,0.40886306023036223,2.220446049250313e-15,1.8297067099941592e-28,14,14,1
alphatensor_rank23_transpose,6,wildcard,37,0.05,3.2817369339876694,3.1433859781177067,0.9428265463338293,0.41812315810010864,0.3988336146255787,0.40532402721267147,1.9984014443252818e-15,1.1976953334428818e-28,14,14,1
alphatensor_rank23_transpose,6,wildcard,38,0.001,3.113812498521331,2.9763684324560646,0.914909410940057,0.41812315810010864,0.41770973068995887,0.41771423132332525,2.3314683517128287e-15,2.0569659273007943e-28,14,14,1
alphatensor_rank23_transpose,6,wildcard,38,0.003,3.113812498521331,2.9763684324560646,0.914909410940057,0.41812315810010864,0.416882677549906,0.4169231641885488,1.9984014443252818e-15,1.653840972579977e-28,14,14,1
alphatensor_rank23_transpose,6,wildcard,38,0.01,3.113812498521331,2.9763684324560646,0.914909410940057,0.41812315810010864,0.41398593063198846,0.41443489678231776,8.017762522919117e-15,1.0281025159940958e-27,14,14,1
alphatensor_rank23_transpose,6,wildcard,38,0.03,3.113812498521331,2.9763684324560646,0.914909410940057,0.41812315810010864,0.4056923805272336,0.4096994344372494,1.9984014443252818e-15,1.2940795263154937e-28,14,14,1
alphatensor_rank23_transpose,6,wildcard,38,0.05,3.113812498521331,2.9763684324560646,0.914909410940057,0.41812315810010864,0.3973747480080317,0.408370222436815,5.1298631602289396e-15,6.19656491910056e-28,14,14,1
alphatensor_rank23_transpose,6,wildcard,39,0.001,3.5462153050403216,3.380773954574306,1.0705187797391635,0.41812315810010864,0.41767609494156194,0.4176812252067372,2.4424906541753444e-15,1.877357258864309e-28,14,14,1
alphatensor_rank23_transpose,6,wildcard,39,0.003,3.5462153050403216,3.380773954574306,1.0705187797391635,0.41812315810010864,0.41678196907773285,0.4168282472036728,2.0666484605136723e-15,1.3374349509299297e-28,14,14,1
alphatensor_rank23_transpose,6,wildcard,39,0.01,3.5462153050403216,3.380773954574306,1.0705187797391635,0.41812315810010864,0.4136526336924319,0.41417085541505605,2.30078420708641e-15,2.2240708234281412e-28,14,14,1
alphatensor_rank23_transpose,6,wildcard,39,0.03,3.5462153050403216,3.380773954574306,1.0705187797391635,0.41812315810010864,0.40471513025758166,0.4094753852466008,7.229639570350604e-15,3.361094085338646e-28,14,14,1
alphatensor_rank23_transpose,6,wildcard,39,0.05,3.5462153050403216,3.380773954574306,1.0705187797391635,0.41812315810010864,0.39578912206334466,0.40925184564906764,5.382153210787353e-15,3.3645207769813033e-28,14,14,1
alphatensor_rank23_transpose,6,wildcard,40,0.001,2.9759709432975074,2.8317331572691486,0.9152542714314743,0.41812315810010864,0.41774176292744064,0.4177452653202687,2.6645352591003757e-15,2.221181005311649e-28,14,14,1
alphatensor_rank23_transpose,6,wildcard,40,0.003,2.9759709432975074,2.8317331572691486,0.9152542714314743,0.41812315810010864,0.41697890745239236,0.41701045985627183,1.7763568394002505e-15,1.6395448733008224e-28,14,14,1
alphatensor_rank23_transpose,6,wildcard,40,0.01,2.9759709432975074,2.8317331572691486,0.9152542714314743,0.41812315810010864,0.41430827504729567,0.414660002807016,2.55351295663786e-15,2.247348964256163e-28,14,14,1
alphatensor_rank23_transpose,6,wildcard,40,0.03,2.9759709432975074,2.8317331572691486,0.9152542714314743,0.41812315810010864,0.40667358752678096,0.4098645964744025,3.9296668414355135e-15,4.449784360637565e-28,14,14,1
alphatensor_rank23_transpose,6,wildcard,40,0.05,2.9759709432975074,2.8317331572691486,0.9152542714314743,0.41812315810010864,0.3990354174522115,0.40795616754156444,3.258056362278959e-15,2.3168020192389945e-28,14,14,1
alphatensor_rank23_transpose,6,wildcard,41,0.001,3.7919311538175804,3.5851469132524025,1.2350965491365833,0.41812315810010864,0.41773940219322414,0.4177488258358857,2.55351295663786e-15,1.8129654050311018e-28,14,14,1
alphatensor_rank23_transpose,6,wildcard,41,0.003,3.7919311538175804,3.5851469132524025,1.2350965491365833,0.41812315810010864,0.41697168901546977,0.4170566578514272,2.9309702606947127e-15,3.951342306292976e-28,14,14,1
alphatensor_rank23_transpose,6,wildcard,41,0.01,3.7919311538175804,3.5851469132524025,1.2350965491365833,0.41812315810010864,0.41428262191772636,0.41523212341489446,2.587319842962178e-15,2.6132573150473043e-28,14,14,1
alphatensor_rank23_transpose,6,wildcard,41,0.03,3.7919311538175804,3.5851469132524025,1.2350965491365833,0.41812315810010864,0.4065829182860194,0.4152138160865344,2.4424906541753444e-15,2.3587354891132437e-28,14,14,1
alphatensor_rank23_transpose,6,wildcard,41,0.05,3.7919311538175804,3.5851469132524025,1.2350965491365833,0.41812315810010864,0.39886125536101247,0.42285017197551356,2.3729708352465583e-15,1.4666048121669874e-28,14,14,1
alphatensor_rank23_transpose,6,wildcard,42,0.001,3.379872906121617,3.2645414100369576,0.8753914802469213,0.41812315810010864,0.41770098854436105,0.41770967020444794,1.856348139535338e-15,1.6993285041186545e-28,14,14,1
alphatensor_rank23_transpose,6,wildcard,42,0.003,3.379872906121617,3.2645414100369576,0.8753914802469213,0.41812315810010864,0.4168562953002814,0.41693456776838006,2.220446049250313e-15,1.4774233250929517e-28,14,14,1
alphatensor_rank23_transpose,6,wildcard,42,0.01,3.379872906121617,3.2645414100369576,0.8753914802469213,0.41812315810010864,0.4138961664918983,0.4147706673313746,2.114338428660754e-15,1.571693840162719e-28,14,14,1
alphatensor_rank23_transpose,6,wildcard,42,0.03,3.379872906121617,3.2645414100369576,0.8753914802469213,0.41812315810010864,0.4054073239446322,0.41335744556151294,2.220446049250313e-15,1.610171484051228e-28,14,14,1
alphatensor_rank23_transpose,6,wildcard,42,0.05,3.379872906121617,3.2645414100369576,0.8753914802469213,0.41812315810010864,0.3968730673987269,0.4189911327748074,4.413569056051322e-15,2.1632303203075725e-28,14,14,1
alphatensor_rank23_transpose,6,wildcard,43,0.001,3.379442880257434,3.286087177244214,0.7888379076044808,0.41812315810010864,0.4176609131796945,0.417663548334301,2.2011349089633905e-15,1.854340919786731e-28,14,14,1
alphatensor_rank23_transpose,6,wildcard,43,0.003,3.379442880257434,3.286087177244214,0.7888379076044808,0.41812315810010864,0.4167361249328012,0.41675985557730716,2.2213622956863428e-15,1.5983233081466123e-28,14,14,1
alphatensor_rank23_transpose,6,wildcard,43,0.01,3.379442880257434,3.286087177244214,0.7888379076044808,0.41812315810010864,0.4134962812751149,0.4137605069866493,2.9976021664879227e-15,2.4094923913540047e-28,14,14,1
alphatensor_rank23_transpose,6,wildcard,43,0.03,3.379442880257434,3.286087177244214,0.7888379076044808,0.41812315810010864,0.40421437467417043,0.4066069546144215,6.552062269218601e-15,4.7109120982053185e-28,14,14,1
alphatensor_rank23_transpose,6,wildcard,43,0.05,3.379442880257434,3.286087177244214,0.7888379076044808,0.41812315810010864,0.3948981838732492,0.4015906594965292,4.107825191113079e-15,4.632363465935354e-28,14,14,1
alphatensor_rank23_transpose,6,wildcard,44,0.001,4.107004575112814,3.7987325879013,1.5611269344977272,0.41812315810010864,0.41770310304330177,0.41771122349513257,2.767192147298307e-15,1.7394658688956874e-28,14,14,1
alphatensor_rank23_transpose,6,wildcard,44,0.003,4.107004575112814,3.7987325879013,1.5611269344977272,0.41812315810010864,0.41686275870238243,0.4169359604442134,2.9976021664879227e-15,4.352018446929455e-28,14,14,1
alphatensor_rank23_transpose,6,wildcard,44,0.01,4.107004575112814,3.7987325879013,1.5611269344977272,0.41812315810010864,0.4139191443379667,0.414736520075627,8.659739592076221e-15,1.1655497522614313e-27,14,14,1
alphatensor_rank23_transpose,6,wildcard,44,0.03,4.107004575112814,3.7987325879013,1.5611269344977272,0.41812315810010864,0.40548938892764796,0.412904937429214,4.287455085812119e-15,5.642858539606625e-28,14,14,1
alphatensor_rank23_transpose,6,wildcard,44,0.05,4.107004575112814,3.7987325879013,1.5611269344977272,0.41812315810010864,0.3970336951194865,0.417612769843073,2.228128463468727e-15,1.4620343961025616e-28,14,14,1
alphatensor_rank23_transpose,6,wildcard,45,0.001,4.59465913984643,4.290651532910474,1.6435333992673617,0.41812315810010864,0.4175982150444443,0.41761130402389396,2.281089734850809e-15,1.9491490666274338e-28,14,14,1
alphatensor_rank23_transpose,6,wildcard,45,0.003,4.59465913984643,4.290651532910474,1.6435333992673617,0.41812315810010864,0.4165475789208747,0.4166655020511126,3.6637359812630166e-15,2.141799154774178e-28,14,14,1
alphatensor_rank23_transpose,6,wildcard,45,0.01,4.59465913984643,4.290651532910474,1.6435333992673617,0.41812315810010864,0.4128625715572836,0.41417619915085385,4.94258897383344e-15,1.8921214166155465e-28,14,14,1
alphatensor_rank23_transpose,6,wildcard,45,0.03,4.59465913984643,4.290651532910474,1.6435333992673617,0.41812315810010864,0.40226966262963876,0.41406986435014376,2.6645352591003757e-15,1.7460856305634048e-28,14,14,1
alphatensor_rank23_transpose,6,wildcard,45,0.05,4.59465913984643,4.290651532910474,1.6435333992673617,0.41812315810010864,0.39158733937959056,0.4238720922843047,1.814335497058322e-15,1.5865587972036613e-28,14,14,1
alphatensor_rank23_transpose,6,wildcard,46,0.001,3.273976275234233,3.0956848662649166,1.0656715533291634,0.41812315810010864,0.41777668602142254,0.41778259343726626,3.552713678800501e-15,2.444881737236937e-28,14,14,1
alphatensor_rank23_transpose,6,wildcard,46,0.003,3.273976275234233,3.0956848662649166,1.0656715533291634,0.41812315810010864,0.41708346334503316,0.4171367142220697,2.4424906541753444e-15,2.148653867880415e-28,14,14,1
alphatensor_rank23_transpose,6,wildcard,46,0.01,3.273976275234233,3.0956848662649166,1.0656715533291634,0.41812315810010864,0.4146542920739211,0.4152489652384772,2.3791816995041463e-15,1.629469579556171e-28,14,14,1
alphatensor_rank23_transpose,6,wildcard,46,0.03,3.273976275234233,3.0956848662649166,1.0656715533291634,0.41812315810010864,0.407689817642486,0.4130966449413669,2.4416293416105237e-15,1.6169692136982713e-28,14,14,1
alphatensor_rank23_transpose,6,wildcard,46,0.05,3.273976275234233,3.0956848662649166,1.0656715533291634,0.41812315810010864,0.4006917195280687,0.4157670182834856,1.887379141862766e-15,1.7568096735504532e-28,14,14,1
alphatensor_rank23_transpose,6,wildcard,47,0.001,3.5881886829023206,3.3510017773170087,1.2829205402231818,0.41812315810010864,0.41778848337822394,0.4177954549319864,2.3314683517128287e-15,1.9506702260718456e-28,14,14,1
alphatensor_rank23_transpose,6,wildcard,47,0.003,3.5881886829023206,3.3510017773170087,1.2829205402231818,0.41812315810010864,0.41711892646290105,0.4171817741234945,1.9984014443252818e-15,1.3962316159607633e-28,14,14,1
alphatensor_rank23_transpose,6,wildcard,47,0.01,3.5881886829023206,3.3510017773170087,1.2829205402231818,0.41812315810010864,0.4147733553186422,0.41547534348780474,1.9984014443252818e-15,1.8435476774151716e-28,14,14,1
alphatensor_rank23_transpose,6,wildcard,47,0.03,3.5881886829023206,3.3510017773170087,1.2829205402231818,0.41812315810010864,0.40805494653581864,0.4144395501043568,2.420443634181579e-15,1.528042604585416e-28,14,14,1
alphatensor_rank23_transpose,6,wildcard,47,0.05,3.5881886829023206,3.3510017773170087,1.2829205402231818,0.41812315810010864,0.40131510223219535,0.4191198473202572,7.838510068090521e-15,6.325563782209331e-28,14,14,1
alphatensor_rank23_transpose,6,wildcard,48,0.001,3.667097553671532,3.4893982241382124,1.1276987636442721,0.41812315810010864,0.4177067537906888,0.4177116839711152,2.220446049250313e-15,1.972240996111478e-28,14,14,1
alphatensor_rank23_transpose,6,wildcard,48,0.003,3.667097553671532,3.4893982241382124,1.1276987636442721,0.41812315810010864,0.41687361124521205,0.41691814984340597,2.858539578595565e-15,3.2457943009714247e-28,14,14,1
alphatensor_rank23_transpose,6,wildcard,48,0.01,3.667097553671532,3.4893982241382124,1.1276987636442721,0.41812315810010864,0.4139540940615339,0.41445532362893134,2.5622860292512006e-15,2.7670089412852472e-28,14,14,1
alphatensor_rank23_transpose,6,wildcard,48,0.03,3.667097553671532,3.4893982241382124,1.1276987636442721,0.41812315810010864,0.4055821436040759,0.41024440628764086,2.07039090055367e-15,2.16082096695954e-28,14,14,1
alphatensor_rank23_transpose,6,wildcard,48,0.05,3.667097553671532,3.4893982241382124,1.1276987636442721,0.41812315810010864,0.39716422171395027,0.4104745095789039,2.326179798297267e-15,2.357826633076669e-28,14,14,1
alphatensor_rank23_transpose,7,structured,0,0.001,2.829165093476156,2.774548002282942,0.5532255499989864,0.39158733937959056,0.39119571955963,0.3911957294020698,1.887379141862766e-15,1.0441551496990057e-28,14,14,1
alphatensor_rank23_transpose,7,structured,0,0.003,2.829165093476156,2.774548002282942,0.5532255499989864,0.39158733937959056,0.3904122856750859,0.3904123751410737,3.4416913763379853e-15,2.2871957220883857e-28,14,14,1
alphatensor_rank23_transpose,7,structured,0,0.01,2.829165093476156,2.774548002282942,0.5532255499989864,0.39158733937959056,0.38766825002225136,0.3876693192812913,1.9984014443252818e-15,1.4153922646782445e-28,14,14,1
alphatensor_rank23_transpose,7,structured,0,0.03,2.829165093476156,2.774548002282942,0.5532255499989864,0.39158733937959056,0.3798114309052263,0.3798266291660205,2.1094237467877974e-15,1.490576084175366e-28,14,14,1
alphatensor_rank23_transpose,7,structured,0,0.05,2.829165093476156,2.774548002282942,0.5532255499989864,0.39158733937959056,0.37193127022866096,0.3720078605367552,2.1868126690213968e-15,2.2592610384302882e-28,14,14,1
alphatensor_rank23_transpose,7,wildcard,1,0.001,3.194139126423132,3.108764980576225,0.7335564426068588,0.39158733937959056,0.39117161379350573,0.39117352793925575,2.0778664347702405e-15,1.3206627159175755e-28,14,14,1
alphatensor_rank23_transpose,7,wildcard,1,0.003,3.194139126423132,3.108764980576225,0.7335564426068588,0.39158733937959056,0.39033999964537663,0.3903572678474455,1.9984014443252818e-15,1.2128531730114668e-28,14,14,1
alphatensor_rank23_transpose,7,wildcard,1,0.01,3.194139126423132,3.108764980576225,0.7335564426068588,0.39158733937959056,0.3874276911233989,0.3876212134782519,1.887379141862766e-15,1.3857624597641225e-28,14,14,1
alphatensor_rank23_transpose,7,wildcard,1,0.03,3.194139126423132,3.108764980576225,0.7335564426068588,0.39158733937959056,0.3790939222243481,0.3808839817109099,2.990029559398059e-15,1.449404643288966e-28,14,14,1
alphatensor_rank23_transpose,7,wildcard,1,0.05,3.194139126423132,3.108764980576225,0.7335564426068588,0.39158733937959056,0.370744401348529,0.3758827264783178,2.6162778197442256e-15,2.6356098332904545e-28,14,14,1
alphatensor_rank23_transpose,7,wildcard,2,0.001,4.654774082102841,4.3851196830085195,1.5612966153513588,0.39158733937959056,0.3910776576023853,0.3910885478502405,1.9090617969582217e-15,1.2686377991230023e-28,14,14,1
alphatensor_rank23_transpose,7,wildcard,2,0.003,4.654774082102841,4.3851196830085195,1.5612966153513588,0.39158733937959056,0.39005813368646586,0.390156354440162,2.220446049250313e-15,1.360022600720712e-28,14,14,1
alphatensor_rank23_transpose,7,wildcard,2,0.01,4.654774082102841,4.3851196830085195,1.5612966153513588,0.39158733937959056,0.386488188621048,0.3875868286481305,2.6645352591003757e-15,1.6520448693211125e-28,14,14,1
alphatensor_rank23_transpose,7,wildcard,2,0.03,4.654774082102841,4.3851196830085195,1.5612966153513588,0.39158733937959056,0.3762763947428471,0.3862871470531539,3.117165580507028e-15,2.7636590250694823e-28,14,14,1
alphatensor_rank23_transpose,7,wildcard,2,0.05,4.654774082102841,4.3851196830085195,1.5612966153513588,0.39158733937959056,0.366051620160242,0.3939415589704634,2.5403668408299228e-15,2.116434888720575e-28,14,14,1
alphatensor_rank23_transpose,7,wildcard,3,0.001,3.910786103362474,3.720483852280497,1.2050924658187496,0.39158733937959056,0.39122668326653864,0.3912323672093442,2.886579864025407e-15,1.8786594070685415e-28,14,14,1
alphatensor_rank23_transpose,7,wildcard,3,0.003,3.910786103362474,3.720483852280497,1.2050924658187496,0.39158733937959056,0.390505330285026,0.39055652154315906,1.887379141862766e-15,1.084509005821881e-28,14,14,1
alphatensor_rank23_transpose,7,wildcard,3,0.01,3.910786103362474,3.720483852280497,1.2050924658187496,0.39158733937959056,0.3879802050428587,0.38855016423297484,2.7421987999437093e-15,1.904817401867649e-28,14,14,1
alphatensor_rank23_transpose,7,wildcard,3,0.03,3.910786103362474,3.720483852280497,1.2050924658187496,0.39158733937959056,0.3807631869847767,0.38590587748075594,1.887379141862766e-15,1.7413441971577513e-28,14,14,1
alphatensor_rank23_transpose,7,wildcard,3,0.05,3.910786103362474,3.720483852280497,1.2050924658187496,0.39158733937959056,0.37354505131927,0.3878020088495472,2.641529367740309e-15,1.7711248373684656e-28,14,14,1
alphatensor_rank23_transpose,7,wildcard,4,0.001,3.505518432348329,3.2790624951156224,1.2395195168532012,0.39158733937959056,0.3911943890121773,0.3912025220439034,2.55351295663786e-15,1.4965315146455908e-28,14,14,1
alphatensor_rank23_transpose,7,wildcard,4,0.003,3.505518432348329,3.2790624951156224,1.2395195168532012,0.39158733937959056,0.39040815912753657,0.3904814688897437,2.4424906541753444e-15,1.8185756938690557e-28,14,14,1
alphatensor_rank23_transpose,7,wildcard,4,0.01,3.505518432348329,3.2790624951156224,1.2395195168532012,0.39158733937959056,0.38765291298494925,0.3884712915667053,3.086191639249885e-15,2.698997502494171e-28,14,14,1
alphatensor_rank23_transpose,7,wildcard,4,0.03,3.505518432348329,3.2790624951156224,1.2395195168532012,0.39158733937959056,0.37975164528830374,0.38717129545577944,2.4424906541753444e-15,1.4484936463908728e-28,14,14,1
alphatensor_rank23_transpose,7,wildcard,4,0.05,3.505518432348329,3.2790624951156224,1.2395195168532012,0.39158733937959056,0.37180809534968484,0.3923841040286665,3.9968028886505635e-15,4.313292788771814e-28,14,14,1
alphatensor_rank23_transpose,7,wildcard,5,0.001,3.590229919744002,3.3794152253136893,1.212148345518423,0.39158733937959056,0.3911969020877063,0.39120955949735153,2.0437544008258377e-15,1.6798728469994732e-28,14,14,1
alphatensor_rank23_transpose,7,wildcard,5,0.003,3.590229919744002,3.3794152253136893,1.212148345518423,0.39158733937959056,0.3904157551347621,0.39052981831556766,1.7763568394002505e-15,1.4453173875737817e-28,14,14,1
alphatensor_rank23_transpose,7,wildcard,5,0.01,3.590229919744002,3.3794152253136893,1.212148345518423,0.39158733937959056,0.3876789013993483,0.3889506128278991,1.6588253032802764e-15,1.1507011767307477e-28,14,14,1
alphatensor_rank23_transpose,7,wildcard,5,0.03,3.590229919744002,3.3794152253136893,1.212148345518423,0.39158733937959056,0.37983549726222443,0.39128551092741803,5.805777033701631e-15,3.9141803189346097e-28,14,14,1
alphatensor_rank23_transpose,7,wildcard,5,0.05,3.590229919744002,3.3794152253136893,1.212148345518423,0.39158733937959056,0.37195806884288796,0.4033510439712718,2.4424906541753444e-15,1.9654422276070342e-28,14,14,1
alphatensor_rank23_transpose,7,wildcard,6,0.001,3.6292633135016863,3.49951971486358,0.9617244740622742,0.39158733937959056,0.39125548016129025,0.3912583238966787,2.6849625653054892e-15,1.548340731754623e-28,14,14,1
alphatensor_rank23_transpose,7,wildcard,6,0.003,3.6292633135016863,3.49951971486358,0.9617244740622742,0.39158733937959056,0.39059168514091863,0.39061730649323123,2.1263271194133515e-15,1.4554701305893204e-28,14,14,1
alphatensor_rank23_transpose,7,wildcard,6,0.01,3.6292633135016863,3.49951971486358,0.9617244740622742,0.39158733937959056,0.3882676187931571,0.3885533224659379,1.5543122344752192e-15,9.859727062516965e-29,14,14,1
alphatensor_rank23_transpose,7,wildcard,6,0.03,3.6292633135016863,3.49951971486358,0.9617244740622742,0.39158733937959056,0.3816212301501993,0.3842143497040171,2.221500128517525e-15,1.9625688348108696e-28,14,14,1
alphatensor_rank23_transpose,7,wildcard,6,0.05,3.6292633135016863,3.49951971486358,0.9617244740622742,0.39158733937959056,0.3749669580611924,0.38221159082514905,2.7755575615628914e-15,2.1177300606060457e-28,14,14,1
alphatensor_rank23_transpose,7,wildcard,7,0.001,3.8943428032079996,3.762710482210931,1.0039500465451068,0.39158733937959056,0.39118820679221217,0.39119949969041257,1.9984014443252818e-15,1.6779437948772143e-28,14,14,1
alphatensor_rank23_transpose,7,wildcard,7,0.003,3.8943428032079996,3.762710482210931,1.0039500465451068,0.39158733937959056,0.390389792396254,0.3904916039893692,1.6653345369377348e-15,1.2323050538618938e-28,14,14,1
alphatensor_rank23_transpose,7,wildcard,7,0.01,3.8943428032079996,3.762710482210931,1.0039500465451068,0.39158733937959056,0.38759382813873633,0.3887308754616271,2.607103600809843e-15,2.1261746554896476e-28,14,14,1
alphatensor_rank23_transpose,7,wildcard,7,0.03,3.8943428032079996,3.762710482210931,1.0039500465451068,0.39158733937959056,0.3795937402340281,0.3898946642071291,1.9984014443252818e-15,1.8578673106112798e-28,14,14,1
alphatensor_rank23_transpose,7,wildcard,7,0.05,3.8943428032079996,3.762710482210931,1.0039500465451068,0.39158733937959056,0.37157986803206555,0.4000452109510215,2.1256729338746023e-15,1.565475033770418e-28,14,14,1
alphatensor_rank23_transpose,7,wildcard,8,0.001,4.354856882747253,4.025424896685358,1.6615453260013056,0.39158733937959056,0.3911585101374802,0.3911706229219465,2.220446049250313e-15,1.5025119876748512e-28,14,14,1
alphatensor_rank23_transpose,7,wildcard,8,0.003,4.354856882747253,4.025424896685358,1.6615453260013056,0.39158733937959056,0.3903007914539716,0.390409933688462,1.8864329449552984e-15,1.093097630744276e-28,14,14,1
alphatensor_rank23_transpose,7,wildcard,8,0.01,4.354856882747253,4.025424896685358,1.6615453260013056,0.39158733937959056,0.3872981975377135,0.3885145323792132,1.81334245480996e-15,1.3681952902348678e-28,14,14,1
alphatensor_rank23_transpose,7,wildcard,8,0.03,4.354856882747253,4.025424896685358,1.6615453260013056,0.39158733937959056,0.3787157584297617,0.38965405588500895,3.211631742244527e-15,4.201977294906417e-28,14,14,1
alphatensor_rank23_transpose,7,wildcard,8,0.05,4.354856882747253,4.025424896685358,1.6615453260013056,0.39158733937959056,0.370131371419555,0.40008722691293436,2.983295246493259e-15,3.864121916663436e-28,14,14,1
alphatensor_rank23_transpose,7,wildcard,9,0.001,4.096825421746761,3.973054276595098,0.999408951080552,0.39158733937959056,0.39116432851293487,0.39116970354776415,1.629527446735665e-15,1.365129473126508e-28,14,14,1
alphatensor_rank23_transpose,7,wildcard,9,0.003,4.096825421746761,3.973054276595098,0.999408951080552,0.39158733937959056,0.39031797054956313,0.3903663970621883,1.887379141862766e-15,1.0702726917698833e-28,14,14,1
alphatensor_rank23_transpose,7,wildcard,9,0.01,4.096825421746761,3.973054276595098,0.999408951080552,0.39158733937959056,0.3873522237056973,0.3878920824952259,1.8712102741525467e-15,1.512539741251126e-28,14,14,1
alphatensor_rank23_transpose,7,wildcard,9,0.03,4.096825421746761,3.973054276595098,0.999408951080552,0.39158733937959056,0.37884963646495606,0.38373802911618865,4.73782822191651e-15,5.64963921846962e-28,14,14,1
alphatensor_rank23_transpose,7,wildcard,9,0.05,4.096825421746761,3.973054276595098,0.999408951080552,0.39158733937959056,0.37030634212639996,0.38389986908824875,2.2811045609509733e-15,1.650768739489453e-28,14,14,1
alphatensor_rank23_transpose,7,wildcard,10,0.001,3.393249801322665,3.2768858506626857,0.8810013257101242,0.39158733937959056,0.3911511102035699,0.39115527862331534,1.864425150938387e-15,1.1497139235583313e-28,14,14,1
alphatensor_rank23_transpose,7,wildcard,10,0.003,3.393249801322665,3.2768858506626857,0.8810013257101242,0.39158733937959056,0.3902785302710784,0.39031612423695883,2.220446049250313e-15,1.574462089727786e-28,14,14,1
alphatensor_rank23_transpose,7,wildcard,10,0.01,3.393249801322665,3.2768858506626857,0.8810013257101242,0.39158733937959056,0.3872232601292265,0.38764393784098183,1.6653345369377348e-15,1.287620464485716e-28,14,14,1
alphatensor_rank23_transpose,7,wildcard,10,0.03,3.393249801322665,3.2768858506626857,0.8810013257101242,0.39158733937959056,0.3784842090046287,0.38234073104969596,2.3807228058792956e-15,1.6557000150628945e-28,14,14,1
alphatensor_rank23_transpose,7,wildcard,10,0.05,3.393249801322665,3.2768858506626857,0.8810013257101242,0.39158733937959056,0.3697330952941263,0.38061705410362934,3.3972215242789075e-15,2.8719489114892795e-28,14,14,1
alphatensor_rank23_transpose,7,wildcard,11,0.001,4.635179049830189,4.494756087731351,1.132277587779011,0.39158733937959056,0.39106750262627604,0.39107147089427846,1.9192178807037405e-15,1.2737176533042623e-28,14,14,1
alphatensor_rank23_transpose,7,wildcard,11,0.003,4.635179049830189,4.494756087731351,1.132277587779011,0.39158733937959056,0.3900277775087101,0.39006360410585345,2.4923498577961664e-15,2.126572879526891e-28,14,14,1
alphatensor_rank23_transpose,7,wildcard,11,0.01,4.635179049830189,4.494756087731351,1.132277587779011,0.39158733937959056,0.3863882716501549,0.3867908180568492,1.8686199001528087e-15,1.613318135773449e-28,14,14,1
alphatensor_rank23_transpose,7,wildcard,11,0.03,4.635179049830189,4.494756087731351,1.132277587779011,0.39158733937959056,0.3759875732113837,0.37973661630411476,1.7763568394002505e-15,1.3411969620509504e-28,14,14,1
alphatensor_rank23_transpose,7,wildcard,11,0.05,4.635179049830189,4.494756087731351,1.132277587779011,0.39158733937959056,0.3655885791544301,0.3764202930468826,7.419880396206864e-15,8.627439134439576e-28,14,14,1
alphatensor_rank23_transpose,7,wildcard,12,0.001,3.3572372406679682,3.219870529182344,0.9505133694119645,0.39158733937959056,0.3912500595660776,0.39125326941053845,1.9715581364503574e-15,1.5250102338356036e-28,14,14,1
alphatensor_rank23_transpose,7,wildcard,12,0.003,3.3572372406679682,3.219870529182344,0.9505133694119645,0.39158733937959056,0.3905749951445494,0.3906039542837366,1.9984014443252818e-15,1.6012852325384304e-28,14,14,1
alphatensor_rank23_transpose,7,wildcard,12,0.01,3.3572372406679682,3.219870529182344,0.9505133694119645,0.39158733937959056,0.38820693472813667,0.38853137495147516,1.807102811859578e-15,1.2508576609199961e-28,14,14,1
alphatensor_rank23_transpose,7,wildcard,12,0.03,3.3572372406679682,3.219870529182344,0.9505133694119645,0.39158733937959056,0.38139443369720505,0.3843770789328071,2.6341576065293416e-15,2.159667530176204e-28,14,14,1
alphatensor_rank23_transpose,7,wildcard,12,0.05,3.3572372406679682,3.219870529182344,0.9505133694119645,0.39158733937959056,0.37451064183263394,0.38294189117277566,4.033629147373693e-15,4.0960220403087445e-28,14,14,1
alphatensor_rank23_transpose,7,wildcard,13,0.001,3.9177149340105513,3.6403068472331697,1.4479835503750023,0.39158733937959056,0.3912032790798595,0.3912094389081363,2.0268807508209567e-15,1.6987358576670107e-28,14,14,1
alphatensor_rank23_transpose,7,wildcard,13,0.003,3.9177149340105513,3.6403068472331697,1.4479835503750023,0.39158733937959056,0.3904347608202234,0.39049019636161497,2.072608124961696e-15,1.2842453762661528e-28,14,14,1
alphatensor_rank23_transpose,7,wildcard,13,0.01,3.9177149340105513,3.6403068472331697,1.4479835503750023,0.39158733937959056,0.3877408108472896,0.388356350771932,1.9184650881902477e-15,1.5338783653231243e-28,14,14,1
alphatensor_rank23_transpose,7,wildcard,13,0.03,3.9177149340105513,3.6403068472331697,1.4479835503750023,0.39158733937959056,0.3800093470807048,0.38551632293356813,1.887379141862766e-15,1.5625746227764102e-28,14,14,1
alphatensor_rank23_transpose,7,wildcard,13,0.05,3.9177149340105513,3.6403068472331697,1.4479835503750023,0.39158733937959056,0.37222923993693735,0.38735125744693594,3.874588477039595e-15,4.537291048258084e-28,14,14,1
alphatensor_rank23_transpose,7,wildcard,14,0.001,2.9869568942490434,2.8862607208626367,0.7690322095383145,0.39158733937959056,0.39121830211753,0.3912194250975841,2.201663059315177e-15,1.2738922256569403e-28,14,14,1
alphatensor_rank23_transpose,7,wildcard,14,0.003,2.9869568942490434,2.8862607208626367,0.7690322095383145,0.39158733937959056,0.39048011680259115,0.39049024511999003,2.1094237467877974e-15,1.9413338032875951e-28,14,14,1
alphatensor_rank23_transpose,7,wildcard,14,0.01,2.9869568942490434,2.8862607208626367,0.7690322095383145,0.39158733937959056,0.38789531882737704,0.3880087128068921,2.4424906541753444e-15,1.2661600488567618e-28,14,14,1
alphatensor_rank23_transpose,7,wildcard,14,0.03,2.9869568942490434,2.8862607208626367,0.7690322095383145,0.39158733937959056,0.3805006839932117,0.38154508931090736,4.249087665170948e-15,5.694140584029463e-28,14,14,1
alphatensor_rank23_transpose,7,wildcard,14,0.05,2.9869568942490434,2.8862607208626367,0.7690322095383145,0.39158733937959056,0.3730928605818654,0.37606915963210485,2.9976021664879227e-15,2.7414174565996725e-28,14,14,1
alphatensor_rank23_transpose,7,wildcard,15,0.001,4.829643279511135,4.5514841333703595,1.6153780953711536,0.39158733937959056,0.3910739555990458,0.3910875815839652,1.6653345369377348e-15,8.8695852678386e-29,14,14,1
alphatensor_rank23_transpose,7,wildcard,15,0.003,4.829643279511135,4.5514841333703595,1.6153780953711536,0.39158733937959056,0.39004660753687936,0.3901695262618644,1.9984014443252818e-15,1.456682225944545e-28,14,14,1
alphatensor_rank23_transpose,7,wildcard,15,0.01,4.829643279511135,4.5514841333703595,1.6153780953711536,0.39158733937959056,0.3864449317675112,0.38782046169003115,2.4424906541753444e-15,1.6378719586781235e-28,14,14,1
alphatensor_rank23_transpose,7,wildcard,15,0.03,4.829643279511135,4.5514841333703595,1.6153780953711536,0.39158733937959056,0.3761068837745077,0.38863351102901056,2.8320347195781187e-15,3.010711915316799e-28,14,14,1
alphatensor_rank23_transpose,7,wildcard,15,0.05,4.829643279511135,4.5514841333703595,1.6153780953711536,0.39158733937959056,0.36570725660272296,0.4005031771278838,1.786073648438856e-15,1.632527631443007e-28,14,14,1
alphatensor_rank23_transpose,7,wildcard,16,0.001,4.277196093972038,4.0811807378761,1.2799883636497429,0.39158733937959056,0.3911407443202706,0.3911553043733839,1.7763568394002505e-15,1.3309292114355554e-28,14,14,1
alphatensor_rank23_transpose,7,wildcard,16,0.003,4.277196093972038,4.0811807378761,1.2799883636497429,0.39158733937959056,0.3902474646958743,0.39037873034420867,2.7755575615628914e-15,1.8233110058859726e-28,14,14,1
alphatensor_rank23_transpose,7,wildcard,16,0.01,4.277196093972038,4.0811807378761,1.2799883636497429,0.39158733937959056,0.38712008215137916,0.38858558763856416,2.069468327695138e-15,1.3798069937560264e-28,14,14,1
alphatensor_rank23_transpose,7,wildcard,16,0.03,4.277196093972038,4.0811807378761,1.2799883636497429,0.39158733937959056,0.3781778764516242,0.3914071259347584,2.057485218621563e-15,1.2354427953515966e-28,14,14,1
alphatensor_rank23_transpose,7,wildcard,16,0.05,4.277196093972038,4.0811807378761,1.2799883636497429,0.39158733937959056,0.3692278784733179,0.40552781429271995,2.4424906541753444e-15,1.8242764974799026e-28,14,14,1
alphatensor_rank23_transpose,7,wildcard,17,0.001,3.852976076607913,3.492023411865226,1.6282497160749192,0.39158733937959056,0.39123693379252766,0.39124948650895364,2.220446049250313e-15,1.4984816321927217e-28,14,14,1
alphatensor_rank23_transpose,7,wildcard,17,0.003,3.852976076607913,3.492023411865226,1.6282497160749192,0.39158733937959056,0.39053560041071134,0.39064875076717687,2.549633405568905e-15,1.2763482482374204e-28,14,14,1
alphatensor_rank23_transpose,7,wildcard,17,0.01,3.852976076607913,3.492023411865226,1.6282497160749192,0.39158733937959056,0.38807542521327876,0.38933809026888,1.5543122344752192e-15,1.152775173062633e-28,14,14,1
alphatensor_rank23_transpose,7,wildcard,17,0.03,3.852976076607913,3.492023411865226,1.6282497160749192,0.39158733937959056,0.3809984894006267,0.3923911581269642,4.062253462320725e-15,4.566410619788639e-28,14,14,1
alphatensor_rank23_transpose,7,wildcard,17,0.05,3.852976076607913,3.492023411865226,1.6282497160749192,0.39158733937959056,0.3738489914086345,0.4051309447971788,2.902231256042316e-15,3.002817102658004e-28,14,14,1
alphatensor_rank23_transpose,7,wildcard,18,0.001,3.5769823406873384,3.4621366687526303,0.899117540963089,0.39158733937959056,0.39122948835653726,0.3912321035569263,1.7855368843812893e-15,1.508868445419884e-28,14,14,1
alphatensor_rank23_transpose,7,wildcard,18,0.003,3.5769823406873384,3.4621366687526303,0.899117540963089,0.39158733937959056,0.3905135592160782,0.39053715307695547,2.0406934532873887e-15,1.4913014931461644e-28,14,14,1
alphatensor_rank23_transpose,7,wildcard,18,0.01,3.5769823406873384,3.4621366687526303,0.899117540963089,0.39158733937959056,0.3880054144903978,0.3882697772972771,1.8287670496854453e-15,1.711050058937566e-28,14,14,1
alphatensor_rank23_transpose,7,wildcard,18,0.03,3.5769823406873384,3.4621366687526303,0.899117540963089,0.39158733937959056,0.38081856285354304,0.38325383136221436,5.016109118407344e-15,4.786946988997188e-28,14,14,1
alphatensor_rank23_transpose,7,wildcard,18,0.05,3.5769823406873384,3.4621366687526303,0.899117540963089,0.39158733937959056,0.37360045450209783,0.3805175873318505,2.961094020677608e-15,2.833507532220634e-28,14,14,1
alphatensor_rank23_transpose,7,wildcard,19,0.001,4.424331926045706,4.293248456778876,1.0689858185182413,0.39158733937959056,0.3911017452767495,0.39110500888171273,1.7763568394002505e-15,1.227992400119325e-28,14,14,1
alphatensor_rank23_transpose,7,wildcard,19,0.003,4.424331926045706,4.293248456778876,1.0689858185182413,0.39158733937959056,0.3901305075779478,0.3901599759105509,2.1094237467877974e-15,1.3806497106526974e-28,14,14,1
alphatensor_rank23_transpose,7,wildcard,19,0.01,4.424331926045706,4.293248456778876,1.0689858185182413,0.39158733937959056,0.38673075706180443,0.3870619603287149,1.9984014443252818e-15,1.3737710513252677e-28,14,14,1
alphatensor_rank23_transpose,7,wildcard,19,0.03,4.424331926045706,4.293248456778876,1.0689858185182413,0.39158733937959056,0.37701613647358917,0.38009864107393837,3.361630600216244e-15,3.478540617277007e-28,14,14,1
alphatensor_rank23_transpose,7,wildcard,19,0.05,4.424331926045706,4.293248456778876,1.0689858185182413,0.39158733937959056,0.3673061877782273,0.3761767391160942,4.574073519982695e-15,7.318904126793257e-28,14,14,1
alphatensor_rank23_transpose,7,wildcard,20,0.001,3.5013303641502387,3.0743138739724483,1.6756815100790965,0.39158733937959056,0.39126378326503136,0.39127837691724815,1.9984014443252818e-15,1.303670518264105e-28,14,14,1
alphatensor_rank23_transpose,7,wildcard,20,0.003,3.5013303641502387,3.0743138739724483,1.6756815100790965,0.39158733937959056,0.39061640221417726,0.3907478740839465,1.6859087428965452e-15,1.229908427136892e-28,14,14,1
alphatensor_rank23_transpose,7,wildcard,20,0.01,3.5013303641502387,3.0743138739724483,1.6756815100790965,0.39158733937959056,0.3883477675989446,0.38981164553513215,1.7853468727321762e-15,1.178386846779725e-28,14,14,1
alphatensor_rank23_transpose,7,wildcard,20,0.03,3.5013303641502387,3.0743138739724483,1.6756815100790965,0.39158733937959056,0.3818424867394741,0.39494650711030616,3.70907164414172e-15,4.1792072016575675e-28,14,14,1
alphatensor_rank23_transpose,7,wildcard,20,0.05,3.5013303641502387,3.0743138739724483,1.6756815100790965,0.39158733937959056,0.37530374321155985,0.41093531681559464,1.887379141862766e-15,1.2134442179181448e-28,14,14,1
alphatensor_rank23_transpose,7,wildcard,21,0.001,3.614317753771067,3.372981898169764,1.298570729626934,0.39158733937959056,0.39123077866410516,0.39123620242119894,1.974248048827444e-15,1.5175666875368666e-28,14,14,1
alphatensor_rank23_transpose,7,wildcard,21,0.003,3.614317753771067,3.372981898169764,1.298570729626934,0.39158733937959056,0.39051729402309365,0.3905661647107995,2.0871497953077225e-15,1.3396382230784993e-28,14,14,1
alphatensor_rank23_transpose,7,wildcard,21,0.01,3.614317753771067,3.372981898169764,1.298570729626934,0.39158733937959056,0.3880163291922419,0.3885613003449416,2.3586370259625406e-15,1.6710964700918726e-28,14,14,1
alphatensor_rank23_transpose,7,wildcard,21,0.03,3.614317753771067,3.372981898169764,1.298570729626934,0.39158733937959056,0.38083956048939854,0.38577503018502796,2.719446120222591e-15,2.5221904412363515e-28,14,14,1
alphatensor_rank23_transpose,7,wildcard,21,0.05,3.614317753771067,3.372981898169764,1.298570729626934,0.39158733937959056,0.37361949732679284,0.38733186357392296,3.701466278272936e-15,5.486212944722199e-28,14,14,1
alphatensor_rank23_transpose,7,wildcard,22,0.001,3.9580897053992348,3.739526477245813,1.2970797361630928,0.39158733937959056,0.39117848408566536,0.3911820356402316,2.886579864025407e-15,1.5358515668918783e-28,14,14,1
alphatensor_rank23_transpose,7,wildcard,22,0.003,3.9580897053992348,3.739526477245813,1.2970797361630928,0.39158733937959056,0.39036066981815176,0.390392697504696,1.9094047459531106e-15,1.266126829469174e-28,14,14,1
alphatensor_rank23_transpose,7,wildcard,22,0.01,3.9580897053992348,3.739526477245813,1.2970797361630928,0.39158733937959056,0.3874972586387602,0.3878555410180607,2.048625034361989e-15,1.461058943106475e-28,14,14,1
alphatensor_rank23_transpose,7,wildcard,22,0.03,3.9580897053992348,3.739526477245813,1.2970797361630928,0.39158733937959056,0.37930767738963345,0.3825899210727091,1.876800524646927e-15,1.4037315193665327e-28,14,14,1
alphatensor_rank23_transpose,7,wildcard,22,0.05,3.9580897053992348,3.739526477245813,1.2970797361630928,0.39158733937959056,0.37110733985940714,0.380367013541547,4.6308061686248844e-15,7.185765673818898e-28,14,14,1
alphatensor_rank23_transpose,7,wildcard,23,0.001,3.039775229483885,2.889702649822247,0.9433196920419331,0.39158733937959056,0.3912381655437759,0.39124442964830525,1.7763568394002505e-15,1.1468405151000757e-28,14,14,1
alphatensor_rank23_transpose,7,wildcard,23,0.003,3.039775229483885,2.889702649822247,0.9433196920419331,0.39158733937959056,0.39053976813745717,0.39059619628377495,1.2911836161889478e-15,8.310628991413435e-29,14,14,1
alphatensor_rank23_transpose,7,wildcard,23,0.01,3.039775229483885,2.889702649822247,0.9433196920419331,0.39158733937959056,0.38809488272496584,0.3887235394863796,4.667865092740242e-15,6.746459866562117e-28,14,14,1
alphatensor_rank23_transpose,7,wildcard,23,0.03,3.039775229483885,2.889702649822247,0.9433196920419331,0.39158733937959056,0.381105957400982,0.3867821802411032,2.7506006890657686e-15,2.76344298165975e-28,14,14,1
alphatensor_rank23_transpose,7,wildcard,23,0.05,3.039775229483885,2.889702649822247,0.9433196920419331,0.39158733937959056,0.3741135171406538,0.3898295033995536,5.016341723843763e-15,6.168079550154836e-28,14,14,1
alphatensor_rank23_transpose,7,wildcard,24,0.001,3.2017784425586933,3.093195549330505,0.8267566079781435,0.39158733937959056,0.3911760800833926,0.39117887890335284,1.5579196228284284e-15,1.4693960174952051e-28,14,14,1
alphatensor_rank23_transpose,7,wildcard,24,0.003,3.2017784425586933,3.093195549330505,0.8267566079781435,0.39158733937959056,0.3903534014417948,0.3903786719587137,1.9605000227890448e-15,1.4538172982850732e-28,14,14,1
alphatensor_rank23_transpose,7,wildcard,24,0.01,3.2017784425586933,3.093195549330505,0.8267566079781435,0.39158733937959056,0.3874723887488108,0.38775635141575093,2.2104292590280082e-15,1.8006409939495695e-28,14,14,1
alphatensor_rank23_transpose,7,wildcard,24,0.03,3.2017784425586933,3.093195549330505,0.8267566079781435,0.39158733937959056,0.3792279896281153,0.38186749094565947,2.3604270885600998e-15,1.7631452558605667e-28,14,14,1
alphatensor_rank23_transpose,7,wildcard,24,0.05,3.2017784425586933,3.093195549330505,0.8267566079781435,0.39158733937959056,0.370967198608732,0.37854283272736683,3.3739517758633964e-15,3.6042000055204984e-28,14,14,1
alphatensor_rank23_transpose,7,wildcard,25,0.001,3.3033042179485923,3.1662928412141214,0.9414926446835163,0.39158733937959056,0.39117138154690606,0.3911780525890819,1.887379141862766e-15,1.333774289285187e-28,14,14,1
alphatensor_rank23_transpose,7,wildcard,25,0.003,3.3033042179485923,3.1662928412141214,0.9414926446835163,0.39158733937959056,0.3903391605613693,0.3903993286901693,1.9984014443252818e-15,1.376821282994019e-28,14,14,1
alphatensor_rank23_transpose,7,wildcard,25,0.01,3.3033042179485923,3.1662928412141214,0.9414926446835163,0.39158733937959056,0.38742322425280745,0.3880964525920334,2.080695136442389e-15,1.325205274284191e-28,14,14,1
alphatensor_rank23_transpose,7,wildcard,25,0.03,3.3033042179485923,3.1662928412141214,0.9414926446835163,0.39158733937959056,0.3790659660759516,0.38521984682914817,2.55351295663786e-15,2.372169855358111e-28,14,14,1
alphatensor_rank23_transpose,7,wildcard,25,0.05,3.3033042179485923,3.1662928412141214,0.9414926446835163,0.39158733937959056,0.37067293327287426,0.3879171224699319,2.390370954632903e-15,1.6228750591630999e-28,14,14,1
alphatensor_rank23_transpose,7,wildcard,26,0.001,3.891644668116654,3.6391691146632286,1.3788931712652845,0.39158733937959056,0.39114107076544047,0.39114539631842027,1.7547596099598736e-15,1.5070994971168343e-28,14,14,1
alphatensor_rank23_transpose,7,wildcard,26,0.003,3.891644668116654,3.6391691146632286,1.3788931712652845,0.39158733937959056,0.39024827950365115,0.3902873114199238,2.220446049250313e-15,1.2396867938128028e-28,14,14,1
alphatensor_rank23_transpose,7,wildcard,26,0.01,3.891644668116654,3.6391691146632286,1.3788931712652845,0.39158733937959056,0.3871208909670327,0.38755846794076626,1.9138770462723305e-15,1.7048532767265644e-28,14,14,1
alphatensor_rank23_transpose,7,wildcard,26,0.03,3.891644668116654,3.6391691146632286,1.3788931712652845,0.39158733937959056,0.37816426488350074,0.38219651831700907,2.3314683517128287e-15,1.553340312153781e-28,14,14,1
alphatensor_rank23_transpose,7,wildcard,26,0.05,3.891644668116654,3.6391691146632286,1.3788931712652845,0.39158733937959056,0.36917920615704997,0.38061752809878385,2.4424906541753444e-15,1.754602032609433e-28,14,14,1
alphatensor_rank23_transpose,7,wildcard,27,0.001,3.2429857752435924,2.9263902036456955,1.3975682861451846,0.39158733937959056,0.39123404531134515,0.3912421828766753,1.7763568394002505e-15,1.693330257220751e-28,14,14,1
alphatensor_rank23_transpose,7,wildcard,27,0.003,3.2429857752435924,2.9263902036456955,1.3975682861451846,0.39158733937959056,0.3905271171086834,0.39060045993209114,2.4039475981245384e-15,1.4663811569426548e-28,14,14,1
alphatensor_rank23_transpose,7,wildcard,27,0.01,3.2429857752435924,2.9263902036456955,1.3975682861451846,0.39158733937959056,0.38804930802647264,0.388867706679229,2.2244668110141957e-15,1.0874196223851586e-28,14,14,1
alphatensor_rank23_transpose,7,wildcard,27,0.03,3.2429857752435924,2.9263902036456955,1.3975682861451846,0.39158733937959056,0.3809396003032744,0.3883470812224293,2.0258561555065758e-15,1.4219046989175897e-28,14,14,1
alphatensor_rank23_transpose,7,wildcard,27,0.05,3.2429857752435924,2.9263902036456955,1.3975682861451846,0.39158733937959056,0.37378573912294205,0.3942811842201884,5.710720474533978e-15,3.49534070774262e-28,14,14,1
alphatensor_rank23_transpose,7,wildcard,28,0.001,3.71932765229401,3.516534192448248,1.2113568666834826,0.39158733937959056,0.39120242364019314,0.3912073329641402,1.7763568394002505e-15,1.5194714565706045e-28,14,14,1
alphatensor_rank23_transpose,7,wildcard,28,0.003,3.71932765229401,3.516534192448248,1.2113568666834826,0.39158733937959056,0.3904324673292155,0.3904767507480084,1.8452702613134286e-15,1.2390405177219557e-28,14,14,1
alphatensor_rank23_transpose,7,wildcard,28,0.01,3.71932765229401,3.516534192448248,1.2113568666834826,0.39158733937959056,0.3877363747332072,0.38823214322624505,2.461390181577292e-15,1.5560520810232818e-28,14,14,1
alphatensor_rank23_transpose,7,wildcard,28,0.03,3.71932765229401,3.516534192448248,1.2113568666834826,0.39158733937959056,0.3800242182421108,0.3845708978773261,4.385659706239201e-15,6.640968356789392e-28,14,14,1
alphatensor_rank23_transpose,7,wildcard,28,0.05,3.71932765229401,3.516534192448248,1.2113568666834826,0.39158733937959056,0.3723027036000708,0.3851210341608964,1.9984014443252818e-15,1.9279307172837395e-28,14,14,1
alphatensor_rank23_transpose,7,wildcard,29,0.001,4.024272247808887,3.73100214440356,1.5081081270720715,0.39158733937959056,0.39113024222714615,0.39115219583025695,2.220446049250313e-15,1.7098822207892062e-28,14,14,1
alphatensor_rank23_transpose,7,wildcard,29,0.003,4.024272247808887,3.73100214440356,1.5081081270720715,0.39158733937959056,0.39021577143644826,0.39041362006213154,2.6645352591003757e-15,1.3899708427462996e-28,14,14,1
alphatensor_rank23_transpose,7,wildcard,29,0.01,4.024272247808887,3.73100214440356,1.5081081270720715,0.39158733937959056,0.3870122832995968,0.3892168502574248,1.935106341251266e-15,1.5116023161144729e-28,14,14,1
alphatensor_rank23_transpose,7,wildcard,29,0.03,4.024272247808887,3.73100214440356,1.5081081270720715,0.39158733937959056,0.37783673564946807,0.39752083392471294,4.924266569835393e-15,5.684530803953364e-28,14,14,1
alphatensor_rank23_transpose,7,wildcard,29,0.05,4.024272247808887,3.73100214440356,1.5081081270720715,0.39158733937959056,0.3686316737213407,0.42171183561033476,1.0794862353864061e-14,7.097086282707636e-28,14,14,1
alphatensor_rank23_transpose,7,wildcard,30,0.001,3.4429416401836592,3.315665681223564,0.9274741118041118,0.39158733937959056,0.39119786572840004,0.3912008293068504,1.8208186598642565e-15,1.6733930940631278e-28,14,14,1
alphatensor_rank23_transpose,7,wildcard,30,0.003,3.4429416401836592,3.315665681223564,0.9274741118041118,0.39158733937959056,0.3904187122393825,0.39044545439447964,1.9493601114474743e-15,1.3447155528305643e-28,14,14,1
alphatensor_rank23_transpose,7,wildcard,30,0.01,3.4429416401836592,3.315665681223564,0.9274741118041118,0.39158733937959056,0.3876895313276095,0.38798937614429013,4.304628276368913e-15,5.067473408750163e-28,14,14,1
alphatensor_rank23_transpose,7,wildcard,30,0.03,3.4429416401836592,3.315665681223564,0.9274741118041118,0.39158733937959056,0.379874019164419,0.3826415624969997,2.1226688114489687e-15,1.783818973676185e-28,14,14,1
alphatensor_rank23_transpose,7,wildcard,30,0.05,3.4429416401836592,3.315665681223564,0.9274741118041118,0.39158733937959056,0.3720332929215511,0.3799103798658216,1.8857808101821834e-15,1.4877362399609806e-28,14,14,1
alphatensor_rank23_transpose,7,wildcard,31,0.001,3.3625962921482477,3.061443655233537,1.3909049463566767,0.39158733937959056,0.39125224291229593,0.39125878381031776,2.6052821175015134e-15,1.834331572438341e-28,14,14,1
alphatensor_rank23_transpose,7,wildcard,31,0.003,3.3625962921482477,3.061443655233537,1.3909049463566767,0.39158733937959056,0.39058203175058814,0.39064092463065025,1.9984014443252818e-15,9.993039106249281e-29,14,14,1
alphatensor_rank23_transpose,7,wildcard,31,0.01,3.3625962921482477,3.061443655233537,1.3909049463566767,0.39158733937959056,0.38823612971727645,0.38889107197142114,1.7824523871089234e-15,1.0445307529842157e-28,14,14,1
alphatensor_rank23_transpose,7,wildcard,31,0.03,3.3625962921482477,3.061443655233537,1.3909049463566767,0.39158733937959056,0.38153287688504495,0.38741208196420746,1.6891370632423138e-15,1.2281667274040685e-28,14,14,1
alphatensor_rank23_transpose,7,wildcard,31,0.05,3.3625962921482477,3.061443655233537,1.3909049463566767,0.39158733937959056,0.3748304163761561,0.3909986130569795,3.2066254866322067e-15,2.597667119753672e-28,14,14,1
alphatensor_rank23_transpose,7,wildcard,32,0.001,3.2581685458003333,3.1447513936024825,0.8521742458428926,0.39158733937959056,0.3911660266659997,0.3911707659782344,2.1094237467877974e-15,1.500282679992334e-28,14,14,1
alphatensor_rank23_transpose,7,wildcard,32,0.003,3.2581685458003333,3.1447513936024825,0.8521742458428926,0.39158733937959056,0.3903233307098223,0.39036607158219333,1.830638492686171e-15,1.3731547441559662e-28,14,14,1
alphatensor_rank23_transpose,7,wildcard,32,0.01,3.2581685458003333,3.1447513936024825,0.8521742458428926,0.39158733937959056,0.38737321174409195,0.3878514167831674,1.7763568394002505e-15,1.522061053134946e-28,14,14,1
alphatensor_rank23_transpose,7,wildcard,32,0.03,3.2581685458003333,3.1447513936024825,0.8521742458428926,0.39158733937959056,0.3789399070241671,0.383322743650107,1.9984014443252818e-15,1.257480916309395e-28,14,14,1
alphatensor_rank23_transpose,7,wildcard,32,0.05,3.2581685458003333,3.1447513936024825,0.8521742458428926,0.39158733937959056,0.3705037486916464,0.3828752929607445,2.220446049250313e-15,2.3047792781867406e-28,14,14,1
alphatensor_rank23_transpose,7,wildcard,33,0.001,3.1935776621286,3.1070343693472044,0.7384278649549971,0.39158733937959056,0.3911909086840993,0.3911920773136318,1.887379141862766e-15,1.936529045873003e-28,14,14,1
alphatensor_rank23_transpose,7,wildcard,33,0.003,3.1935776621286,3.1070343693472044,0.7384278649549971,0.39158733937959056,0.39039764617889733,0.39040821513486507,1.9984014443252818e-15,1.2395363476691306e-28,14,14,1
alphatensor_rank23_transpose,7,wildcard,33,0.01,3.1935776621286,3.1070343693472044,0.7384278649549971,0.39158733937959056,0.3876170355301,0.387736503333737,1.6771626274961243e-15,1.0445818015608384e-28,14,14,1
alphatensor_rank23_transpose,7,wildcard,33,0.03,3.1935776621286,3.1070343693472044,0.7384278649549971,0.39158733937959056,0.37963700646740034,0.3807678800993019,2.820135623667778e-15,3.1009327407342396e-28,14,14,1
alphatensor_rank23_transpose,7,wildcard,33,0.05,3.1935776621286,3.1070343693472044,0.7384278649549971,0.39158733937959056,0.37160574522953327,0.3749170648198746,4.0989951691758374e-15,4.685704877561633e-28,14,14,1
alphatensor_rank23_transpose,7,wildcard,34,0.001,3.790836540757561,3.580406935965595,1.2454428335464514,0.39158733937959056,0.3911676081618313,0.39117951175013416,2.2287599632036797e-15,1.369375050376697e-28,14,14,1
alphatensor_rank23_transpose,7,wildcard,34,0.003,3.790836540757561,3.580406935965595,1.2454428335464514,0.39158733937959056,0.39032785127117964,0.3904352197407384,1.7763568394002505e-15,1.2553725931153612e-28,14,14,1
alphatensor_rank23_transpose,7,wildcard,34,0.01,3.790836540757561,3.580406935965595,1.2454428335464514,0.39158733937959056,0.3873856633977836,0.3885868034140939,4.595668865268565e-15,6.324249637251518e-28,14,14,1
alphatensor_rank23_transpose,7,wildcard,34,0.03,3.790836540757561,3.580406935965595,1.2454428335464514,0.39158733937959056,0.3789547086654727,0.3898920305036568,3.470557539943527e-15,2.6449354364522055e-28,14,14,1
alphatensor_rank23_transpose,7,wildcard,34,0.05,3.790836540757561,3.580406935965595,1.2454428335464514,0.39158733937959056,0.3704904844868995,0.40088819968066275,2.8868619651434956e-15,3.5912362892680425e-28,14,14,1
alphatensor_rank23_transpose,7,wildcard,35,0.001,3.0584168181665072,2.967120606978057,0.7416931557523692,0.39158733937959056,0.39120330191639746,0.3912045640848936,2.4204222639841116e-15,1.9320280074684115e-28,14,14,1
alphatensor_rank23_transpose,7,wildcard,35,0.003,3.0584168181665072,2.967120606978057,0.7416931557523692,0.39158733937959056,0.3904349429761429,0.3904463175653466,2.1094237467877974e-15,1.6087183883951759e-28,14,14,1
alphatensor_rank23_transpose,7,wildcard,35,0.01,3.0584168181665072,2.967120606978057,0.7416931557523692,0.39158733937959056,0.3877426982733187,0.38786968830263646,2.157028187553522e-15,1.483909115443153e-28,14,14,1
alphatensor_rank23_transpose,7,wildcard,35,0.03,3.0584168181665072,2.967120606978057,0.7416931557523692,0.39158733937959056,0.3800247895496994,0.38118507593707496,4.350831259232131e-15,6.220875678823537e-28,14,14,1
alphatensor_rank23_transpose,7,wildcard,35,0.05,3.0584168181665072,2.967120606978057,0.7416931557523692,0.39158733937959056,0.37226824801859354,0.3755492493367304,3.067658867838398e-15,2.8165445461728873e-28,14,14,1
alphatensor_rank23_transpose,7,wildcard,36,0.001,3.4868302212851754,3.349963166907755,0.967332296798258,0.39158733937959056,0.3912345248417656,0.39123901283504575,1.887379141862766e-15,1.4759476051557597e-28,14,14,1
alphatensor_rank23_transpose,7,wildcard,36,0.003,3.4868302212851754,3.349963166907755,0.967332296798258,0.39158733937959056,0.390528569754846,0.39056900399536365,1.4432899320127035e-15,1.2966062614490602e-28,14,14,1
alphatensor_rank23_transpose,7,wildcard,36,0.01,3.4868302212851754,3.349963166907755,0.967332296798258,0.39158733937959056,0.3880542870667576,0.38850504932825897,1.887379141862766e-15,1.455999793415552e-28,14,14,1
alphatensor_rank23_transpose,7,wildcard,36,0.03,3.4868302212851754,3.349963166907755,0.967332296798258,0.39158733937959056,0.38095497695008745,0.3850381295521172,1.9631741104045748e-15,1.2945480425754824e-28,14,14,1
alphatensor_rank23_transpose,7,wildcard,36,0.05,3.4868302212851754,3.349963166907755,0.967332296798258,0.39158733937959056,0.37381013575964256,0.3851744768869116,5.037959809576089e-15,7.009700906450315e-28,14,14,1
alphatensor_rank23_transpose,7,wildcard,37,0.001,3.529831107655177,3.4252504198424543,0.8528582589969246,0.39158733937959056,0.39114039013053303,0.39114580603748916,1.8521752108258196e-15,1.6191284511053034e-28,14,14,1
alphatensor_rank23_transpose,7,wildcard,37,0.003,3.529831107655177,3.4252504198424543,0.8528582589969246,0.39158733937959056,0.3902463387326495,0.39029520830817194,2.12712111712037e-15,1.4784700629900598e-28,14,14,1
alphatensor_rank23_transpose,7,wildcard,37,0.01,3.529831107655177,3.4252504198424543,0.8528582589969246,0.39158733937959056,0.38711560030502784,0.3876633952183281,1.7763568394002505e-15,1.3359114925057387e-28,14,14,1
alphatensor_rank23_transpose,7,wildcard,37,0.03,3.529831107655177,3.4252504198424543,0.8528582589969246,0.39158733937959056,0.3781584733547169,0.3832027529504246,3.32978662195617e-15,2.554432053908697e-28,14,14,1
alphatensor_rank23_transpose,7,wildcard,37,0.05,3.529831107655177,3.4252504198424543,0.8528582589969246,0.39158733937959056,0.3691863477452878,0.38347771687215604,2.7578224184982817e-15,3.4031316178206468e-28,14,14,1
alphatensor_rank23_transpose,7,wildcard,38,0.001,3.166657099511519,3.0918590769869057,0.6841963416596044,0.39158733937959056,0.3911845590039271,0.3911854632071712,1.7763568394002505e-15,1.0983533623867323e-28,14,14,1
alphatensor_rank23_transpose,7,wildcard,38,0.003,3.166657099511519,3.0918590769869057,0.6841963416596044,0.39158733937959056,0.3903788454043226,0.39038700289509826,1.7746309352358119e-15,1.5420288772956794e-28,14,14,1
alphatensor_rank23_transpose,7,wildcard,38,0.01,3.166657099511519,3.0918590769869057,0.6841963416596044,0.39158733937959056,0.3875572791846333,0.387648724268228,2.0371613723689334e-15,1.507208654580667e-28,14,14,1
alphatensor_rank23_transpose,7,wildcard,38,0.03,3.166657099511519,3.0918590769869057,0.6841963416596044,0.39158733937959056,0.3794831371062752,0.3803306113128797,1.954395842512815e-15,1.1351721729403162e-28,14,14,1
alphatensor_rank23_transpose,7,wildcard,38,0.05,3.166657099511519,3.0918590769869057,0.6841963416596044,0.39158733937959056,0.3713927319523313,0.3738342261035612,1.5173213668244867e-15,1.3749537671395732e-28,14,14,1
alphatensor_rank23_transpose,7,wildcard,39,0.001,3.179474568971842,3.112333361557204,0.6499535223973455,0.39158733937959056,0.39117464287199705,0.3911758215074978,2.3622664929282306e-15,1.4496625277222194e-28,14,14,1
alphatensor_rank23_transpose,7,wildcard,39,0.003,3.179474568971842,3.112333361557204,0.6499535223973455,0.39158733937959056,0.39034918377143074,0.39035981178292084,2.55351295663786e-15,1.7281645331896227e-28,14,14,1
alphatensor_rank23_transpose,7,wildcard,39,0.01,3.179474568971842,3.112333361557204,0.6499535223973455,0.39158733937959056,0.3874594358446576,0.38757836692894854,1.887379141862766e-15,1.519061399916089e-28,14,14,1
alphatensor_rank23_transpose,7,wildcard,39,0.03,3.179474568971842,3.112333361557204,0.6499535223973455,0.39158733937959056,0.37919886946072723,0.3802956853880425,3.219646771412954e-15,3.053971469449593e-28,14,14,1
alphatensor_rank23_transpose,7,wildcard,39,0.05,3.179474568971842,3.112333361557204,0.6499535223973455,0.39158733937959056,0.37093556701752395,0.3740808182290198,3.902787585461733e-15,4.100161264889982e-28,14,14,1
alphatensor_rank23_transpose,7,wildcard,40,0.001,4.525264471661884,4.2367248722183986,1.5900254386679795,0.39158733937959056,0.3911233108187523,0.3911369150490749,2.4424906541753444e-15,1.6697531193066e-28,14,14,1
alphatensor_rank23_transpose,7,wildcard,40,0.003,4.525264471661884,4.2367248722183986,1.5900254386679795,0.39158733937959056,0.390195053235329,0.3903178360617857,1.9984014443252818e-15,1.7767017124495878e-28,14,14,1
alphatensor_rank23_transpose,7,wildcard,40,0.01,4.525264471661884,4.2367248722183986,1.5900254386679795,0.39158733937959056,0.3869442116560707,0.3883204076425557,3.9968028886505635e-15,4.596230699835426e-28,14,14,1
alphatensor_rank23_transpose,7,wildcard,40,0.03,4.525264471661884,4.2367248722183986,1.5900254386679795,0.39158733937959056,0.37764361871555546,0.39021614099196766,3.993423120576226e-15,2.9367189595378583e-28,14,14,1
alphatensor_rank23_transpose,7,wildcard,40,0.05,4.525264471661884,4.2367248722183986,1.5900254386679795,0.39158733937959056,0.36833478604829234,0.4032760885720351,3.2979321247686823e-15,3.51886759634631e-28,14,14,1
alphatensor_rank23_transpose,7,wildcard,41,0.001,4.155567397556737,3.813442502007147,1.65118038975817,0.39158733937959056,0.3911557125871745,0.3911647041882921,1.9984014443252818e-15,1.1243944250517816e-28,14,14,1
alphatensor_rank23_transpose,7,wildcard,41,0.003,4.155567397556737,3.813442502007147,1.65118038975817,0.39158733937959056,0.3902922922881279,0.3903733146035565,2.220446049250313e-15,1.5445596666498127e-28,14,14,1
alphatensor_rank23_transpose,7,wildcard,41,0.01,4.155567397556737,3.813442502007147,1.65118038975817,0.39158733937959056,0.38726866632453744,0.38817211206981744,2.0328521114808658e-15,9.174730504281002e-29,14,14,1
alphatensor_rank23_transpose,7,wildcard,41,0.03,4.155567397556737,3.813442502007147,1.65118038975817,0.39158733937959056,0.37861799336966084,0.38678409632176447,3.624204057031932e-15,3.5324630256738272e-28,14,14,1
alphatensor_rank23_transpose,7,wildcard,41,0.05,4.155567397556737,3.813442502007147,1.65118038975817,0.39158733937959056,0.3699560695446445,0.39255494070864305,2.6645352591003757e-15,2.7134064793493958e-28,14,14,1
alphatensor_rank23_transpose,7,wildcard,42,0.001,3.8240731420286527,3.5029482192531347,1.5339130251797808,0.39158733937959056,0.3912095879097252,0.39122186628779043,2.55351295663786e-15,1.4574229300592916e-28,14,14,1
alphatensor_rank23_transpose,7,wildcard,42,0.003,3.8240731420286527,3.5029482192531347,1.5339130251797808,0.39158733937959056,0.39045402351302017,0.3905646918073673,1.9984014443252818e-15,1.686947921071182e-28,14,14,1
alphatensor_rank23_transpose,7,wildcard,42,0.01,3.8240731420286527,3.5029482192531347,1.5339130251797808,0.39158733937959056,0.38780892227014596,0.3890435648913487,2.429991403697397e-15,2.380376685717674e-28,14,14,1
alphatensor_rank23_transpose,7,wildcard,42,0.03,3.8240731420286527,3.5029482192531347,1.5339130251797808,0.39158733937959056,0.38024662274912485,0.39138071852044487,2.7755575615628914e-15,2.6493392556709898e-28,14,14,1
alphatensor_rank23_transpose,7,wildcard,42,0.05,3.8240731420286527,3.5029482192531347,1.5339130251797808,0.39158733937959056,0.37267836474043387,0.40324488169432904,7.14730894600187e-15,8.249240683503253e-28,14,14,1
alphatensor_rank23_transpose,7,wildcard,43,0.001,3.817678954719611,3.6255973681488687,1.1957074581104772,0.39158733937959056,0.3911290826538169,0.39113422011208,1.9467438148852348e-15,1.119452927541783e-28,14,14,1
alphatensor_rank23_transpose,7,wildcard,43,0.003,3.817678954719611,3.6255973681488687,1.1957074581104772,0.39158733937959056,0.3902125758336146,0.3902588556056293,2.4424906541753444e-15,1.3992276502606856e-28,14,14,1
alphatensor_rank23_transpose,7,wildcard,43,0.01,3.817678954719611,3.6255973681488687,1.1957074581104772,0.39158733937959056,0.38700496834874887,0.38752073173417523,1.6653345369377348e-15,1.271862695480419e-28,14,14,1
alphatensor_rank23_transpose,7,wildcard,43,0.03,3.817678954719611,3.6255973681488687,1.1957074581104772,0.39158733937959056,0.37784427721761005,0.38251786001208143,2.4183792818828546e-15,2.8496153161811543e-28,14,14,1
alphatensor_rank23_transpose,7,wildcard,43,0.05,3.817678954719611,3.6255973681488687,1.1957074581104772,0.39158733937959056,0.368695605382296,0.38174163804704514,3.2633917275034367e-15,2.9011625429480447e-28,14,14,1
alphatensor_rank23_transpose,7,wildcard,44,0.001,3.0110921090136498,2.930983317081612,0.6899365796604361,0.39158733937959056,0.3911979709507141,0.3911988793271986,2.1094237467877974e-15,1.4011051074965818e-28,14,14,1
alphatensor_rank23_transpose,7,wildcard,44,0.003,3.0110921090136498,2.930983317081612,0.6899365796604361,0.39158733937959056,0.3904190686974802,0.3904272668798351,2.220446049250313e-15,1.7811897771810549e-28,14,14,1
alphatensor_rank23_transpose,7,wildcard,44,0.01,3.0110921090136498,2.930983317081612,0.6899365796604361,0.39158733937959056,0.38769120989374994,0.3877832497757052,2.4424906541753444e-15,1.8080023653058274e-28,14,14,1
alphatensor_rank23_transpose,7,wildcard,44,0.03,3.0110921090136498,2.930983317081612,0.6899365796604361,0.39158733937959056,0.3798836546334123,0.3807419930087237,2.1133716233910976e-15,1.772035020169443e-28,14,14,1
alphatensor_rank23_transpose,7,wildcard,44,0.05,3.0110921090136498,2.930983317081612,0.6899365796604361,0.39158733937959056,0.37205809546543367,0.374554454519117,1.887379141862766e-15,2.026951189460142e-28,14,14,1
alphatensor_rank23_transpose,7,wildcard,45,0.001,3.641780512156767,3.5263925328272916,0.9094619305637381,0.39158733937959056,0.39115507169042596,0.3911588535685761,1.9639132916453073e-15,1.4926941839755548e-28,14,14,1
alphatensor_rank23_transpose,7,wildcard,45,0.003,3.641780512156767,3.5263925328272916,0.9094619305637381,0.39158733937959056,0.390290299164941,0.39032443666454353,1.8613520769096064e-15,1.8145515704863468e-28,14,14,1
alphatensor_rank23_transpose,7,wildcard,45,0.01,3.641780512156767,3.5263925328272916,0.9094619305637381,0.39158733937959056,0.3872611151577499,0.3876443032831123,2.215142457589816e-15,1.8227851984535155e-28,14,14,1
alphatensor_rank23_transpose,7,wildcard,45,0.03,3.641780512156767,3.5263925328272916,0.9094619305637381,0.39158733937959056,0.3785852849009505,0.38213150119851624,3.047108166257914e-15,4.087602511432658e-28,14,14,1
alphatensor_rank23_transpose,7,wildcard,45,0.05,3.641780512156767,3.5263925328272916,0.9094619305637381,0.39158733937959056,0.3698788720079477,0.37999169406158484,3.385601218976929e-15,3.5280618483988666e-28,14,14,1
alphatensor_rank23_transpose,7,wildcard,46,0.001,2.889204243115325,2.803255522118212,0.6994709687680724,0.39158733937959056,0.3912148727989959,0.3912200894756286,2.0437814344942585e-15,1.3237891614644496e-28,14,14,1
alphatensor_rank23_transpose,7,wildcard,46,0.003,2.889204243115325,2.803255522118212,0.6994709687680724,0.39158733937959056,0.39046972547322223,0.3905167419899082,1.7763568394002505e-15,1.4615990263765562e-28,14,14,1
alphatensor_rank23_transpose,7,wildcard,46,0.01,2.889204243115325,2.803255522118212,0.6994709687680724,0.39158733937959056,0.38785947113423586,0.3883842703780767,2.9976021664879227e-15,1.6824999985746448e-28,14,14,1
alphatensor_rank23_transpose,7,wildcard,46,0.03,2.889204243115325,2.803255522118212,0.6994709687680724,0.39158733937959056,0.38038266224545525,0.38515209988588156,2.3314683517128287e-15,1.4813681505456176e-28,14,14,1
alphatensor_rank23_transpose,7,wildcard,46,0.05,2.889204243115325,2.803255522118212,0.6994709687680724,0.39158733937959056,0.37287839629946107,0.3861899993161123,2.8863294158847377e-15,2.936450338542398e-28,14,14,1
alphatensor_rank23_transpose,7,wildcard,47,0.001,3.3725010824814383,3.2270013610580324,0.9799111016148756,0.39158733937959056,0.391181723506993,0.391187559565286,1.6653345369377348e-15,1.2754856879697453e-28,14,14,1
alphatensor_rank23_transpose,7,wildcard,47,0.003,3.3725010824814383,3.2270013610580324,0.9799111016148756,0.39158733937959056,0.3903701003192247,0.39042271496629455,2.2778016133995655e-15,1.5727834660211994e-28,14,14,1
alphatensor_rank23_transpose,7,wildcard,47,0.01,3.3725010824814383,3.2270013610580324,0.9799111016148756,0.39158733937959056,0.3875253401376545,0.38811319265405037,2.390946101055397e-15,1.8339839222903992e-28,14,14,1
alphatensor_rank23_transpose,7,wildcard,47,0.03,3.3725010824814383,3.2270013610580324,0.9799111016148756,0.39158733937959056,0.37936329031918925,0.38471621890226315,2.220446049250313e-15,1.8075808743661334e-28,14,14,1
alphatensor_rank23_transpose,7,wildcard,47,0.05,3.3725010824814383,3.2270013610580324,0.9799111016148756,0.39158733937959056,0.3711526529280646,0.3861027849219711,3.3192894250244417e-15,3.8690620085777013e-28,14,14,1
alphatensor_rank23_transpose,7,wildcard,48,0.001,3.2918453987398038,3.1732519295931,0.8756245317132715,0.39158733937959056,0.3912143938954811,0.3912163907190187,2.579053203011087e-15,2.0095417530219304e-28,14,14,1
alphatensor_rank23_transpose,7,wildcard,48,0.003,3.2918453987398038,3.1732519295931,0.8756245317132715,0.39158733937959056,0.3904685043540708,0.39048649877746083,1.887379141862766e-15,1.446598620419939e-28,14,14,1
alphatensor_rank23_transpose,7,wildcard,48,0.01,3.2918453987398038,3.1732519295931,0.8756245317132715,0.39158733937959056,0.3878579571446413,0.3880588413732238,2.929413797163711e-15,1.7931486269158224e-28,14,14,1
alphatensor_rank23_transpose,7,wildcard,48,0.03,3.2918453987398038,3.1732519295931,0.8756245317132715,0.39158733937959056,0.3804011141447469,0.38223837442220915,2.001879576240766e-15,1.7450378777807776e-28,14,14,1
alphatensor_rank23_transpose,7,wildcard,48,0.05,3.2918453987398038,3.1732519295931,0.8756245317132715,0.39158733937959056,0.37295024033742946,0.3781635678874524,2.55351295663786e-15,2.2329460173915062e-28,14,14,1
standard_rank27,0,structured,0,0.001,1.4879244215787957,1.4741830495921262,0.20175088754663054,0.9999999999999996,0.9989583273605811,0.9989999389651399,3.3306690738754696e-16,3.4512664603419266e-31,18,18,1
standard_rank27,0,structured,0,0.003,1.4879244215787957,1.4741830495921262,0.20175088754663054,0.9999999999999996,0.996874982081745,0.9969994510531955,3.3306690738754696e-16,5.669937756276022e-31,18,18,1
standard_rank27,0,structured,0,0.01,1.4879244215787957,1.4741830495921262,0.20175088754663054,0.9999999999999996,0.9895832736058153,0.9899939148531268,3.3306690738754696e-16,7.888609052210118e-31,18,18,1
standard_rank27,0,structured,0,0.03,1.4879244215787957,1.4741830495921262,0.20175088754663054,0.9999999999999996,0.9687498208174451,0.9699456011092907,3.3306690738754696e-16,3.2047474274603605e-31,18,18,1
standard_rank27,0,structured,0,0.05,1.4879244215787957,1.4741830495921262,0.20175088754663054,0.9999999999999996,0.9479163680290742,0.9498499155834977,0.0,0.0,18,18,1
standard_rank27,0,wildcard,1,0.001,1.968909146254618,1.8511449114940708,0.6707203164171329,0.9999999999999996,0.9989043501196071,0.9989500705883229,3.3306690738754696e-16,5.423418723394456e-31,18,18,1
standard_rank27,0,wildcard,1,0.003,1.968909146254618,1.8511449114940708,0.6707203164171329,0.9999999999999996,0.9967130349151762,0.9968498174765943,3.3306690738754696e-16,5.300159206953673e-31,18,18,1
standard_rank27,0,wildcard,1,0.01,1.968909146254618,1.8511449114940708,0.6707203164171329,0.9999999999999996,0.989043275957442,0.9894950790382203,3.3306690738754696e-16,4.807121141190541e-31,18,18,1
standard_rank27,0,wildcard,1,0.03,1.968909146254618,1.8511449114940708,0.6707203164171329,0.9999999999999996,0.9671285040776134,0.968455795566431,3.3306690738754696e-16,4.807121141190541e-31,18,18,1
standard_rank27,0,wildcard,1,0.05,1.968909146254618,1.8511449114940708,0.6707203164171329,0.9999999999999996,0.9452123787124285,0.9473963653175999,3.3306690738754696e-16,2.834968878138011e-31,18,18,1
standard_rank27,0,wildcard,2,0.001,2.1320600721265017,1.980818478267277,0.7886940517786191,0.9999999999999996,0.9989151143555391,0.9989584818403024,3.3306690738754696e-16,3.4512664603419266e-31,18,18,1
standard_rank27,0,wildcard,2,0.003,2.1320600721265017,1.980818478267277,0.7886940517786191,0.9999999999999996,0.996745339105805,0.9968757341343957,3.3306690738754696e-16,2.9582283945787943e-31,18,18,1
standard_rank27,0,wildcard,2,0.01,2.1320600721265017,1.980818478267277,0.7886940517786191,0.9999999999999996,0.9891510855059903,0.9895895950739384,3.3306690738754696e-16,5.9164567891575885e-31,18,18,1
standard_rank27,0,wildcard,2,0.03,2.1320600721265017,1.980818478267277,0.7886940517786191,0.9999999999999996,0.9674529075621683,0.9688131963989559,3.3306690738754696e-16,7.518830502887769e-31,18,18,1
standard_rank27,0,wildcard,2,0.05,2.1320600721265017,1.980818478267277,0.7886940517786191,0.9999999999999996,0.9457543535538877,0.9481257845729913,3.3306690738754696e-16,2.341930812374879e-31,18,18,1
standard_rank27,0,wildcard,3,0.001,1.6656367110051336,1.6295556831824287,0.34480998891541254,0.9999999999999996,0.9989684664270633,0.9990105108501611,3.3306690738754696e-16,4.5606021083089745e-31,18,18,1
standard_rank27,0,wildcard,3,0.003,1.6656367110051336,1.6295556831824287,0.34480998891541254,0.9999999999999996,0.9969053988557284,0.9970313971942646,3.3306690738754696e-16,4.437342591868191e-31,18,18,1
standard_rank27,0,wildcard,3,0.01,1.6656367110051336,1.6295556831824287,0.34480998891541254,0.9999999999999996,0.989684658044012,0.9901031629806173,3.3306690738754696e-16,3.0814879110195774e-31,18,18,1
standard_rank27,0,wildcard,3,0.03,1.6656367110051336,1.6295556831824287,0.34480998891541254,0.9999999999999996,0.9690539369354377,0.9702988999999492,3.3306690738754696e-16,3.697785493223493e-31,18,18,1
standard_rank27,0,wildcard,3,0.05,1.6656367110051336,1.6295556831824287,0.34480998891541254,0.9999999999999996,0.9484231762620521,0.9504861595026302,3.3306690738754696e-16,3.3280069439011436e-31,18,18,1
standard_rank27,0,wildcard,4,0.001,2.187791690401826,2.080705917311061,0.6760882828876836,0.9999999999999996,0.9988610734094943,0.998904925240247,2.220446049250313e-16,2.2186712959340957e-31,18,18,1
standard_rank27,0,wildcard,4,0.003,2.187791690401826,2.080705917311061,0.6760882828876836,0.9999999999999996,0.9965832201676417,0.9967149023484301,3.3306690738754696e-16,4.437342591868191e-31,18,18,1
standard_rank27,0,wildcard,4,0.01,2.187791690401826,2.080705917311061,0.6760882828876836,0.9999999999999996,0.9886107332059645,0.9890515272210536,3.3306690738754696e-16,5.9164567891575885e-31,18,18,1
standard_rank27,0,wildcard,4,0.03,2.187791690401826,2.080705917311061,0.6760882828876836,0.9999999999999996,0.9658321943495847,0.967180299436392,3.3306690738754696e-16,6.162975822039155e-31,18,18,1
standard_rank27,0,wildcard,4,0.05,2.187791690401826,2.080705917311061,0.6760882828876836,0.9999999999999996,0.9430536500057703,0.9453684030075606,3.3306690738754696e-16,3.697785493223493e-31,18,18,1
standard_rank27,0,wildcard,5,0.001,1.8013488064242835,1.7259266118708705,0.5157856656035804,0.9999999999999996,0.9989992872708455,0.9990392617550569,3.3306690738754696e-16,4.314083075427408e-31,18,18,1
standard_rank27,0,wildcard,5,0.003,1.8013488064242835,1.7259266118708705,0.5157856656035804,0.9999999999999996,0.9969978601699919,0.9971174548884335,3.3306690738754696e-16,3.821045009664276e-31,18,18,1
standard_rank27,0,wildcard,5,0.01,1.8013488064242835,1.7259266118708705,0.5157856656035804,0.9999999999999996,0.9899928486949436,0.9903878308300577,3.3306690738754696e-16,4.930380657631324e-31,18,18,1
standard_rank27,0,wildcard,5,0.03,1.8013488064242835,1.7259266118708705,0.5157856656035804,0.9999999999999996,0.969978403295752,0.9711363210578629,3.3306690738754696e-16,3.944304526105059e-31,18,18,1
standard_rank27,0,wildcard,5,0.05,1.8013488064242835,1.7259266118708705,0.5157856656035804,0.9999999999999996,0.949963807517321,0.9518597985199153,3.3306690738754696e-16,2.711709361697228e-31,18,18,1
standard_rank27,0,wildcard,6,0.001,1.557901025497469,1.5208892667077147,0.33756694692954653,0.9999999999999996,0.9989991376846044,0.9990396681362127,3.3306690738754696e-16,3.821045009664276e-31,18,18,1
standard_rank27,0,wildcard,6,0.003,1.557901025497469,1.5208892667077147,0.33756694692954653,0.9999999999999996,0.9969974115042206,0.9971187751496553,3.3306690738754696e-16,5.300159206953673e-31,18,18,1
standard_rank27,0,wildcard,6,0.01,1.557901025497469,1.5208892667077147,0.33756694692954653,0.9999999999999996,0.9899913540913515,0.9903933115446949,3.3306690738754696e-16,2.341930812374879e-31,18,18,1
standard_rank27,0,wildcard,6,0.03,1.557901025497469,1.5208892667077147,0.33756694692954653,0.9999999999999996,0.9699739242207344,0.9711594073260787,2.220446049250313e-16,1.6023737137301802e-31,18,18,1
standard_rank27,0,wildcard,6,0.05,1.557901025497469,1.5208892667077147,0.33756694692954653,0.9999999999999996,0.9499563422328071,0.9519027227707142,3.3306690738754696e-16,2.465190328815662e-31,18,18,1
standard_rank27,0,wildcard,7,0.001,1.6999129792736078,1.6489598593599044,0.4130805240175793,0.9999999999999996,0.9989574355505102,0.9990017886854453,3.3306690738754696e-16,6.286235338479938e-31,18,18,1
standard_rank27,0,wildcard,7,0.003,1.6999129792736078,1.6489598593599044,0.4130805240175793,0.9999999999999996,0.9968723045847637,0.9970049999635463,3.3306690738754696e-16,5.300159206953673e-31,18,18,1
standard_rank27,0,wildcard,7,0.01,1.6999129792736078,1.6489598593599044,0.4130805240175793,0.9999999999999996,0.9895743251632478,0.9900124945766365,3.3306690738754696e-16,4.5606021083089745e-31,18,18,1
standard_rank27,0,wildcard,7,0.03,1.6999129792736078,1.6489598593599044,0.4130805240175793,0.9999999999999996,0.9687227916389257,0.9700043138936265,3.3306690738754696e-16,5.546678239835239e-31,18,18,1
standard_rank27,0,wildcard,7,0.05,1.6999129792736078,1.6489598593599044,0.4130805240175793,0.9999999999999996,0.9478710562590636,0.9499584735740969,3.3306690738754696e-16,4.190823558986625e-31,18,18,1
standard_rank27,0,wildcard,8,0.001,1.721078683462741,1.6665908248698365,0.42963572608608824,0.9999999999999996,0.9989540769356264,0.9989944554458742,2.220446049250313e-16,2.834968878138011e-31,18,18,1
standard_rank27,0,wildcard,8,0.003,1.721078683462741,1.6665908248698365,0.42963572608608824,0.9999999999999996,0.9968622283214217,0.9969835087454317,3.3306690738754696e-16,3.4512664603419266e-31,18,18,1
standard_rank27,0,wildcard,8,0.01,1.721078683462741,1.6665908248698365,0.42963572608608824,0.9999999999999996,0.9895407325780271,0.9899468513877029,3.3306690738754696e-16,3.5745259767827097e-31,18,18,1
standard_rank27,0,wildcard,8,0.03,1.721078683462741,1.6665908248698365,0.42963572608608824,0.9999999999999996,0.968621966825064,0.969860387143088,3.3306690738754696e-16,3.5745259767827097e-31,18,18,1
standard_rank27,0,wildcard,8,0.05,1.721078683462741,1.6665908248698365,0.42963572608608824,0.9999999999999996,0.9477029276248465,0.9498110986234957,3.3306690738754696e-16,5.7931972727168054e-31,18,18,1
standard_rank27,0,wildcard,9,0.001,1.9354266225400196,1.8929321055878972,0.40334136270811355,0.9999999999999996,0.9988865260769627,0.9989284549111919,3.3306690738754696e-16,6.532754371361504e-31,18,18,1
standard_rank27,0,wildcard,9,0.003,1.9354266225400196,1.8929321055878972,0.40334136270811355,0.9999999999999996,0.9966595653149735,0.9967862899829031,3.3306690738754696e-16,2.834968878138011e-31,18,18,1
standard_rank27,0,wildcard,9,0.01,1.9354266225400196,1.8929321055878972,0.40334136270811355,0.9999999999999996,0.9888650723431083,0.9892986151397991,3.3306690738754696e-16,4.067564042545842e-31,18,18,1
standard_rank27,0,wildcard,9,0.03,1.9354266225400196,1.8929321055878972,0.40334136270811355,0.9999999999999996,0.9665941082405719,0.9679948869478341,3.3306690738754696e-16,4.314083075427408e-31,18,18,1
standard_rank27,0,wildcard,9,0.05,1.9354266225400196,1.8929321055878972,0.40334136270811355,0.9999999999999996,0.9443220077014954,0.9468357359729245,3.3306690738754696e-16,3.821045009664276e-31,18,18,1
standard_rank27,0,wildcard,10,0.001,2.2136691176867176,2.131891182691806,0.5961299755597154,0.9999999999999996,0.9988431137538768,0.9988919909769495,3.3306690738754696e-16,4.437342591868191e-31,18,18,1
standard_rank27,0,wildcard,10,0.003,2.2136691176867176,2.131891182691806,0.5961299755597154,0.9999999999999996,0.9965293401494884,0.996676531160104,2.220446049250313e-16,1.232595164407831e-31,18,18,1
standard_rank27,0,wildcard,10,0.01,2.2136691176867176,2.131891182691806,0.5961299755597154,0.9999999999999996,0.9884311212488965,0.9889286379335196,3.3306690738754696e-16,3.4512664603419266e-31,18,18,1
standard_rank27,0,wildcard,10,0.03,2.2136691176867176,2.131891182691806,0.5961299755597154,0.9999999999999996,0.9652932661230372,0.9668540843132034,3.3306690738754696e-16,3.3280069439011436e-31,18,18,1
standard_rank27,0,wildcard,10,0.05,2.2136691176867176,2.131891182691806,0.5961299755597154,0.9999999999999996,0.942155306683992,0.9448941686391191,3.3306690738754696e-16,3.2047474274603605e-31,18,18,1
standard_rank27,0,wildcard,11,0.001,1.6456840960385877,1.5884863914462612,0.43010129986362494,0.9999999999999996,0.9990493424923436,0.9990883677155551,3.3306690738754696e-16,2.9582283945787943e-31,18,18,1
standard_rank27,0,wildcard,11,0.003,1.6456840960385877,1.5884863914462612,0.43010129986362494,0.9999999999999996,0.9971480274746455,0.9972648373949542,3.3306690738754696e-16,6.77927340424307e-31,18,18,1
standard_rank27,0,wildcard,11,0.01,1.6456840960385877,1.5884863914462612,0.43010129986362494,0.9999999999999996,0.9904934248884638,0.9908797932415379,3.3306690738754696e-16,1.9721522630525295e-31,18,18,1
standard_rank27,0,wildcard,11,0.03,1.6456840960385877,1.5884863914462612,0.43010129986362494,0.9999999999999996,0.971480274453952,0.972616357062938,3.3306690738754696e-16,3.5745259767827097e-31,18,18,1
standard_rank27,0,wildcard,11,0.05,1.6456840960385877,1.5884863914462612,0.43010129986362494,0.9999999999999996,0.9524671237879379,0.9543290075229712,3.3306690738754696e-16,2.834968878138011e-31,18,18,1
standard_rank27,0,wildcard,12,0.001,1.605766796970165,1.5690069538641025,0.3416199423012558,0.9999999999999996,0.999039818145241,0.9990782400387456,2.220446049250313e-16,2.588449845256445e-31,18,18,1
standard_rank27,0,wildcard,12,0.003,1.605766796970165,1.5690069538641025,0.3416199423012558,0.9999999999999996,0.9971194531704654,0.9972346947090731,3.3306690738754696e-16,8.011868568650901e-31,18,18,1
standard_rank27,0,wildcard,12,0.01,1.605766796970165,1.5690069538641025,0.3416199423012558,0.9999999999999996,0.9903981628267965,0.9907820971406085,3.3306690738754696e-16,4.930380657631324e-31,18,18,1
standard_rank27,0,wildcard,12,0.03,1.605766796970165,1.5690069538641025,0.3416199423012558,0.9999999999999996,0.9711943741855933,0.9723464535158981,3.3306690738754696e-16,4.314083075427408e-31,18,18,1
standard_rank27,0,wildcard,12,0.05,1.605766796970165,1.5690069538641025,0.3416199423012558,0.9999999999999996,0.9519904563722997,0.9539161899986077,3.3306690738754696e-16,1.8488927466117464e-31,18,18,1
standard_rank27,0,wildcard,13,0.001,2.089879741945515,1.9966816512443457,0.6171383308290003,0.9999999999999996,0.9989771056500004,0.999018321911046,3.3306690738754696e-16,3.697785493223493e-31,18,18,1
standard_rank27,0,wildcard,13,0.003,2.089879741945515,1.9966816512443457,0.6171383308290003,0.9999999999999996,0.996931292394846,0.9970554650962354,3.3306690738754696e-16,4.5606021083089745e-31,18,18,1
standard_rank27,0,wildcard,13,0.01,2.089879741945515,1.9966816512443457,0.6171383308290003,0.9999999999999996,0.9897706943371406,0.9901910005775542,2.220446049250313e-16,1.9721522630525295e-31,18,18,1
standard_rank27,0,wildcard,13,0.03,2.089879741945515,1.9966816512443457,0.6171383308290003,0.9999999999999996,0.9693098420689359,0.9706330501242967,3.3306690738754696e-16,3.4512664603419266e-31,18,18,1
standard_rank27,0,wildcard,13,0.05,2.089879741945515,1.9966816512443457,0.6171383308290003,0.9999999999999996,0.9488464146053018,0.9511745329278697,2.220446049250313e-16,1.355854680848614e-31,18,18,1
standard_rank27,0,wildcard,14,0.001,2.051450020377322,1.9595227881432922,0.6072212355091456,0.9999999999999996,0.9989073131120478,0.9989505562443575,2.220446049250313e-16,1.4791141972893971e-31,18,18,1
standard_rank27,0,wildcard,14,0.003,2.051450020377322,1.9595227881432922,0.6072212355091456,0.9999999999999996,0.9967219110647073,0.9968529407923348,3.3306690738754696e-16,3.2047474274603605e-31,18,18,1
standard_rank27,0,wildcard,14,0.01,2.051450020377322,1.9595227881432922,0.6072212355091456,0.9999999999999996,0.9890727158705163,0.9895250080330849,3.3306690738754696e-16,5.423418723394456e-31,18,18,1
standard_rank27,0,wildcard,14,0.03,2.051450020377322,1.9595227881432922,0.6072212355091456,0.9999999999999996,0.9672156265460498,0.9687148900719816,3.3306690738754696e-16,4.807121141190541e-31,18,18,1
standard_rank27,0,wildcard,14,0.05,2.051450020377322,1.9595227881432922,0.6072212355091456,0.9999999999999996,0.9453557599914443,0.9481154367902762,3.3306690738754696e-16,3.5745259767827097e-31,18,18,1
standard_rank27,0,wildcard,15,0.001,1.8440280367137813,1.7394032923177052,0.6123035087771512,0.9999999999999996,0.9989611305832325,0.9990065906538969,3.3306690738754696e-16,1.9721522630525295e-31,18,18,1
standard_rank27,0,wildcard,15,0.003,1.8440280367137813,1.7394032923177052,0.6123035087771512,0.9999999999999996,0.9968833386377205,0.9970191158410874,2.220446049250313e-16,1.1093356479670479e-31,18,18,1
standard_rank27,0,wildcard,15,0.01,1.8440280367137813,1.7394032923177052,0.6123035087771512,0.9999999999999996,0.989610522850324,0.9900562953791389,2.220446049250313e-16,1.9721522630525295e-31,18,18,1
standard_rank27,0,wildcard,15,0.03,1.8440280367137813,1.7394032923177052,0.6123035087771512,0.9999999999999996,0.9688267341808676,0.9701113244269157,2.220446049250313e-16,1.8488927466117464e-31,18,18,1
standard_rank27,0,wildcard,15,0.05,1.8440280367137813,1.7394032923177052,0.6123035087771512,0.9999999999999996,0.948037417029231,0.9501052131043722,2.220446049250313e-16,1.6023737137301802e-31,18,18,1
standard_rank27,0,wildcard,16,0.001,1.8756161266893108,1.8358625628223406,0.38411522376026586,0.9999999999999996,0.9989278363539172,0.9989730319154488,3.3306690738754696e-16,5.423418723394456e-31,18,18,1
standard_rank27,0,wildcard,16,0.003,1.8756161266893108,1.8358625628223406,0.38411522376026586,0.9999999999999996,0.9967834869704045,0.9969192578246224,3.3306690738754696e-16,2.9582283945787943e-31,18,18,1
standard_rank27,0,wildcard,16,0.01,1.8756161266893108,1.8358625628223406,0.38411522376026586,0.9999999999999996,0.9892780399917822,0.9897328871784457,3.3306690738754696e-16,2.341930812374879e-31,18,18,1
standard_rank27,0,wildcard,16,0.03,1.8756161266893108,1.8358625628223406,0.38411522376026586,0.9999999999999996,0.9678321809983881,0.9692196451914852,3.3306690738754696e-16,6.902532920683853e-31,18,18,1
standard_rank27,0,wildcard,16,0.05,1.8756161266893108,1.8358625628223406,0.38411522376026586,0.9999999999999996,0.9463842464458674,0.9487436377663089,3.3306690738754696e-16,4.067564042545842e-31,18,18,1
standard_rank27,0,wildcard,17,0.001,1.6252675126565415,1.574593100732421,0.40267984158962,0.9999999999999996,0.998995209492657,0.9990368710648486,3.3306690738754696e-16,4.314083075427408e-31,18,18,1
standard_rank27,0,wildcard,17,0.003,1.6252675126565415,1.574593100732421,0.40267984158962,0.9999999999999996,0.996985570031824,0.9971102736383719,3.3306690738754696e-16,3.5745259767827097e-31,18,18,1
standard_rank27,0,wildcard,17,0.01,1.6252675126565415,1.574593100732421,0.40267984158962,0.9999999999999996,0.9899512377044232,0.9903637119059624,2.220446049250313e-16,2.588449845256445e-31,18,18,1
standard_rank27,0,wildcard,17,0.03,1.6252675126565415,1.574593100732421,0.40267984158962,0.9999999999999996,0.9698485405672235,0.9710604906592587,3.3306690738754696e-16,4.930380657631324e-31,18,18,1
standard_rank27,0,wildcard,17,0.05,1.6252675126565415,1.574593100732421,0.40267984158962,0.9999999999999996,0.9497402131073622,0.9517228812692248,3.3306690738754696e-16,3.5745259767827097e-31,18,18,1
standard_rank27,0,wildcard,18,0.001,1.8120672354107612,1.7281426371645303,0.545078610168498,0.9999999999999996,0.9989923851911034,0.9990334005798404,2.220446049250313e-16,2.2186712959340957e-31,18,18,1
standard_rank27,0,wildcard,18,0.003,1.8120672354107612,1.7281426371645303,0.545078610168498,0.9999999999999996,0.9969771519316495,0.997101172189134,3.3306690738754696e-16,2.711709361697228e-31,18,18,1
standard_rank27,0,wildcard,18,0.01,1.8120672354107612,1.7281426371645303,0.545078610168498,0.9999999999999996,0.9899237982864109,0.9903488469518772,3.3306690738754696e-16,5.9164567891575885e-31,18,18,1
standard_rank27,0,wildcard,18,0.03,1.8120672354107612,1.7281426371645303,0.545078610168498,0.9999999999999996,0.9697710654060522,0.9711534525273424,3.3306690738754696e-16,4.190823558986625e-31,18,18,1
standard_rank27,0,wildcard,18,0.05,1.8120672354107612,1.7281426371645303,0.545078610168498,0.9999999999999996,0.94961795953041,0.952119419076222,3.3306690738754696e-16,4.930380657631324e-31,18,18,1
standard_rank27,0,wildcard,19,0.001,2.2266978583439068,2.0591104497111177,0.8474948426060308,0.9999999999999996,0.998845301254743,0.998891745759332,3.3306690738754696e-16,5.17689969051289e-31,18,18,1
standard_rank27,0,wildcard,19,0.003,2.2266978583439068,2.0591104497111177,0.8474948426060308,0.9999999999999996,0.9965358253975307,0.996675712335419,3.3306690738754696e-16,4.5606021083089745e-31,18,18,1
standard_rank27,0,wildcard,19,0.01,2.2266978583439068,2.0591104497111177,0.8474948426060308,0.9999999999999996,0.9884518666212995,0.9889252056591411,3.3306690738754696e-16,5.7931972727168054e-31,18,18,1
standard_rank27,0,wildcard,19,0.03,2.2266978583439068,2.0591104497111177,0.8474948426060308,0.9999999999999996,0.9653487857132818,0.9668447965245434,3.3306690738754696e-16,4.437342591868191e-31,18,18,1
standard_rank27,0,wildcard,19,0.05,2.2266978583439068,2.0591104497111177,0.8474948426060308,0.9999999999999996,0.9422385542188705,0.9448983902255343,3.3306690738754696e-16,6.286235338479938e-31,18,18,1
standard_rank27,0,wildcard,20,0.001,1.7036995840205913,1.6270146947344695,0.5053864419531228,0.9999999999999996,0.9989964499301248,0.9990377269740045,3.3306690738754696e-16,4.067564042545842e-31,18,18,1
standard_rank27,0,wildcard,20,0.003,1.7036995840205913,1.6270146947344695,0.5053864419531228,0.9999999999999996,0.9969893460595786,0.997113883688389,1.1102230246251565e-16,7.395570986446986e-32,18,18,1
standard_rank27,0,wildcard,20,0.01,1.7036995840205913,1.6270146947344695,0.5053864419531228,0.9999999999999996,0.9899644445803776,0.9903880556612233,1.1102230246251565e-16,7.395570986446986e-32,18,18,1
standard_rank27,0,wildcard,20,0.03,1.7036995840205913,1.6270146947344695,0.5053864419531228,0.9999999999999996,0.9698930034921558,0.971242930267281,3.3306690738754696e-16,4.437342591868191e-31,18,18,1
standard_rank27,0,wildcard,20,0.05,1.7036995840205913,1.6270146947344695,0.5053864419531228,0.9999999999999996,0.9498212027442742,0.9522190401972769,2.220446049250313e-16,1.8488927466117464e-31,18,18,1
standard_rank27,0,wildcard,21,0.001,1.527316242132024,1.4989444134982501,0.29301970705512825,0.9999999999999996,0.9990093304337019,0.9990471905186384,3.3306690738754696e-16,2.711709361697228e-31,18,18,1
standard_rank27,0,wildcard,21,0.003,1.527316242132024,1.4989444134982501,0.29301970705512825,0.9999999999999996,0.9970279912633127,0.9971415914730182,3.3306690738754696e-16,4.5606021083089745e-31,18,18,1
standard_rank27,0,wildcard,21,0.01,1.527316242132024,1.4989444134982501,0.29301970705512825,0.9999999999999996,0.9900933037831233,0.9904722679878893,3.3306690738754696e-16,4.807121141190541e-31,18,18,1
standard_rank27,0,wildcard,21,0.03,1.527316242132024,1.4989444134982501,0.29301970705512825,0.9999999999999996,0.9702799080186317,0.9714210213847555,3.3306690738754696e-16,4.314083075427408e-31,18,18,1
standard_rank27,0,wildcard,21,0.05,1.527316242132024,1.4989444134982501,0.29301970705512825,0.9999999999999996,0.9504665086551783,0.9523796633957438,3.3306690738754696e-16,5.546678239835239e-31,18,18,1
standard_rank27,0,wildcard,22,0.001,2.056016367268496,1.9724244727823035,0.5802973389956184,0.9999999999999996,0.9989832739708823,0.9990220308728117,3.3306690738754696e-16,8.628166150854817e-31,18,18,1
standard_rank27,0,wildcard,22,0.003,2.056016367268496,1.9724244727823035,0.5802973389956184,0.9999999999999996,0.9969498149697728,0.9970670789123925,3.3306690738754696e-16,1.035379938102578e-30,18,18,1
standard_rank27,0,wildcard,22,0.01,2.056016367268496,1.9724244727823035,0.5802973389956184,0.9999999999999996,0.9898326376691512,0.9902354319624797,2.220446049250313e-16,1.355854680848614e-31,18,18,1
standard_rank27,0,wildcard,22,0.03,2.056016367268496,1.9724244727823035,0.5802973389956184,0.9999999999999996,0.9694972915457291,0.9708163350544554,3.3306690738754696e-16,2.834968878138011e-31,18,18,1
standard_rank27,0,wildcard,22,0.05,2.056016367268496,1.9724244727823035,0.5802973389956184,0.9999999999999996,0.9491612550643177,0.9515657200497725,3.3306690738754696e-16,6.162975822039155e-31,18,18,1
standard_rank27,0,wildcard,23,0.001,1.6101697887385205,1.568564783358327,0.36366367563216523,0.9999999999999996,0.9989848494484191,0.9990247592770426,3.3306690738754696e-16,5.546678239835239e-31,18,18,1
standard_rank27,0,wildcard,23,0.003,1.6101697887385205,1.568564783358327,0.36366367563216523,0.9999999999999996,0.9969545461486681,0.9970740253727094,3.3306690738754696e-16,5.423418723394456e-31,18,18,1
standard_rank27,0,wildcard,23,0.01,1.6101697887385205,1.568564783358327,0.36366367563216523,0.9999999999999996,0.9898484621701563,0.9902438897225562,3.3306690738754696e-16,3.5745259767827097e-31,18,18,1
standard_rank27,0,wildcard,23,0.03,1.6101697887385205,1.568564783358327,0.36366367563216523,0.9999999999999996,0.9695451888565867,0.9707093360586462,3.3306690738754696e-16,3.944304526105059e-31,18,18,1
standard_rank27,0,wildcard,23,0.05,1.6101697887385205,1.568564783358327,0.36366367563216523,0.9999999999999996,0.9492416939067301,0.9511505852585982,3.3306690738754696e-16,6.77927340424307e-31,18,18,1
standard_rank27,0,wildcard,24,0.001,1.923782471440059,1.8402897760743433,0.5606001583091695,0.9999999999999996,0.9990942739881364,0.9991302254662512,2.220446049250313e-16,1.9721522630525295e-31,18,18,1
standard_rank27,0,wildcard,24,0.003,1.923782471440059,1.8402897760743433,0.5606001583091695,0.9999999999999996,0.9972828208992649,0.9973920621170289,2.220446049250313e-16,3.2047474274603605e-31,18,18,1
standard_rank27,0,wildcard,24,0.01,1.923782471440059,1.8402897760743433,0.5606001583091695,0.9999999999999996,0.9909427242689792,0.991323326334341,3.3306690738754696e-16,5.053640174072107e-31,18,18,1
standard_rank27,0,wildcard,24,0.03,1.923782471440059,1.8402897760743433,0.5606001583091695,0.9999999999999996,0.972828078825404,0.974118450538832,3.3306690738754696e-16,4.5606021083089745e-31,18,18,1
standard_rank27,0,wildcard,24,0.05,1.923782471440059,1.8402897760743433,0.5606001583091695,0.9999999999999996,0.9547133314197656,0.9571303227310862,3.3306690738754696e-16,2.9582283945787943e-31,18,18,1
standard_rank27,0,wildcard,25,0.001,2.188849017420467,2.0800891020484116,0.6813878107230678,0.9999999999999996,0.9989326377350161,0.9989723114160837,2.220446049250313e-16,1.355854680848614e-31,18,18,1
standard_rank27,0,wildcard,25,0.003,2.188849017420467,2.0800891020484116,0.6813878107230678,0.9999999999999996,0.9967979081061713,0.9969176283262673,3.3306690738754696e-16,4.190823558986625e-31,18,18,1
standard_rank27,0,wildcard,25,0.01,2.188849017420467,2.0800891020484116,0.6813878107230678,0.9999999999999996,0.9893263028322147,0.9897339132336832,3.3306690738754696e-16,4.930380657631324e-31,18,18,1
standard_rank27,0,wildcard,25,0.03,2.188849017420467,2.0800891020484116,0.6813878107230678,0.9999999999999996,0.9679784662727942,0.9692846102383097,3.3306690738754696e-16,6.039716305598372e-31,18,18,1
standard_rank27,0,wildcard,25,0.05,2.188849017420467,2.0800891020484116,0.6813878107230678,0.9999999999999996,0.946630166816099,0.9489714917526026,3.3306690738754696e-16,4.314083075427408e-31,18,18,1
standard_rank27,0,wildcard,26,0.001,1.8642300706288566,1.8207085779430665,0.4004672651308805,0.9999999999999996,0.9989131381035581,0.9989552604720645,3.3306690738754696e-16,3.2047474274603605e-31,18,18,1
standard_rank27,0,wildcard,26,0.003,1.8642300706288566,1.8207085779430665,0.4004672651308805,0.9999999999999996,0.9967394119595326,0.9968663194394015,3.3306690738754696e-16,2.711709361697228e-31,18,18,1
standard_rank27,0,wildcard,26,0.01,1.8642300706288566,1.8207085779430665,0.4004672651308805,0.9999999999999996,0.9891313466232242,0.989560840485395,3.3306690738754696e-16,3.2047474274603605e-31,18,18,1
standard_rank27,0,wildcard,26,0.03,1.8642300706288566,1.8207085779430665,0.4004672651308805,0.9999999999999996,0.9673938342641719,0.9687420824365766,3.3306690738754696e-16,5.300159206953673e-31,18,18,1
standard_rank27,0,wildcard,26,0.05,1.8642300706288566,1.8207085779430665,0.4004672651308805,0.9999999999999996,0.9456561033951711,0.9480138202467052,3.3306690738754696e-16,4.5606021083089745e-31,18,18,1
standard_rank27,0,wildcard,27,0.001,1.5641692646841459,1.5413142205555073,0.266413141747759,0.9999999999999996,0.9990093420261149,0.9990488609033435,3.3306690738754696e-16,6.162975822039155e-31,18,18,1
standard_rank27,0,wildcard,27,0.003,1.5641692646841459,1.5413142205555073,0.266413141747759,0.9999999999999996,0.997028025918908,0.9971466608543823,3.3306690738754696e-16,6.902532920683853e-31,18,18,1
standard_rank27,0,wildcard,27,0.01,1.5641692646841459,1.5413142205555073,0.266413141747759,0.9999999999999996,0.9900934179266175,0.9904898466475339,3.3306690738754696e-16,4.5606021083089745e-31,18,18,1
standard_rank27,0,wildcard,27,0.03,1.5641692646841459,1.5413142205555073,0.266413141747759,0.9999999999999996,0.9702802397984653,0.9714796302811862,3.3306690738754696e-16,3.2047474274603605e-31,18,18,1
standard_rank27,0,wildcard,27,0.05,1.5641692646841459,1.5413142205555073,0.266413141747759,0.9999999999999996,0.9504670466999928,0.9524872353699149,3.3306690738754696e-16,6.286235338479938e-31,18,18,1
standard_rank27,0,wildcard,28,0.001,1.608301487285052,1.5211535162347805,0.5222314180991733,0.9999999999999996,0.9990271437888648,0.9990647938269183,3.3306690738754696e-16,4.190823558986625e-31,18,18,1
standard_rank27,0,wildcard,28,0.003,1.608301487285052,1.5211535162347805,0.5222314180991733,0.9999999999999996,0.9970814242232819,0.9971944849307888,3.3306690738754696e-16,3.697785493223493e-31,18,18,1
standard_rank27,0,wildcard,28,0.01,1.608301487285052,1.5211535162347805,0.5222314180991733,0.9999999999999996,0.9902713327272542,0.990649672560418,3.3306690738754696e-16,2.834968878138011e-31,18,18,1
standard_rank27,0,wildcard,28,0.03,1.608301487285052,1.5211535162347805,0.5222314180991733,0.9999999999999996,0.9708133527337954,0.9719657009795676,2.220446049250313e-16,2.0954117794933126e-31,18,18,1
standard_rank27,0,wildcard,28,0.05,1.608301487285052,1.5211535162347805,0.5222314180991733,0.9999999999999996,0.9513546431116601,0.9533160913725496,3.3306690738754696e-16,3.3280069439011436e-31,18,18,1
standard_rank27,0,wildcard,29,0.001,2.308435331067516,2.131363170970326,0.8866592982381164,0.9999999999999996,0.9988442978694309,0.9988906002710694,3.3306690738754696e-16,4.314083075427408e-31,18,18,1
standard_rank27,0,wildcard,29,0.003,2.308435331067516,2.131363170970326,0.8866592982381164,0.9999999999999996,0.9965328935558213,0.9966740392887259,2.220446049250313e-16,3.2047474274603605e-31,18,18,1
standard_rank27,0,wildcard,29,0.01,2.308435331067516,2.131363170970326,0.8866592982381164,0.9999999999999996,0.9884429779256972,0.9889404946140713,2.220446049250313e-16,2.711709361697228e-31,18,18,1
standard_rank27,0,wildcard,29,0.03,2.308435331067516,2.131363170970326,0.8866592982381164,0.9999999999999996,0.9653289291696592,0.9670770563551716,1.1102230246251565e-16,4.930380657631324e-32,18,18,1
standard_rank27,0,wildcard,29,0.05,2.308435331067516,2.131363170970326,0.8866592982381164,0.9999999999999996,0.9422148754873749,0.9456147460620581,3.3306690738754696e-16,3.821045009664276e-31,18,18,1
standard_rank27,0,wildcard,30,0.001,1.6052083881207693,1.556769157775976,0.3913614169674322,0.9999999999999996,0.9990058946902829,0.9990445331041599,3.3306690738754696e-16,4.807121141190541e-31,18,18,1
standard_rank27,0,wildcard,30,0.003,1.6052083881207693,1.556769157775976,0.3913614169674322,0.9999999999999996,0.997017675314542,0.9971334882341534,3.3306690738754696e-16,3.5745259767827097e-31,18,18,1
standard_rank27,0,wildcard,30,0.01,1.6052083881207693,1.556769157775976,0.3913614169674322,0.9999999999999996,0.9900588181961177,0.9904437725237287,3.3306690738754696e-16,3.944304526105059e-31,18,18,1
standard_rank27,0,wildcard,30,0.03,1.6052083881207693,1.556769157775976,0.3913614169674322,0.9999999999999996,0.9701756702244705,0.9713239576655828,3.3306690738754696e-16,3.697785493223493e-31,18,18,1
standard_rank27,0,wildcard,30,0.05,1.6052083881207693,1.556769157775976,0.3913614169674322,0.9999999999999996,0.9502916494021362,0.9522015471600913,3.3306690738754696e-16,4.437342591868191e-31,18,18,1
standard_rank27,0,wildcard,31,0.001,1.7509050276336835,1.6970109585240671,0.4310710178638043,0.9999999999999996,0.9989824162647626,0.9990229465034427,3.3306690738754696e-16,4.437342591868191e-31,18,18,1
standard_rank27,0,wildcard,31,0.003,1.7509050276336835,1.6970109585240671,0.4310710178638043,0.9999999999999996,0.9969472396017885,0.9970695089903567,3.3306690738754696e-16,7.025792437124636e-31,18,18,1
standard_rank27,0,wildcard,31,0.01,1.7509050276336835,1.6970109585240671,0.4310710178638043,0.9999999999999996,0.9898240273735739,0.9902396840814476,2.220446049250313e-16,1.232595164407831e-31,18,18,1
standard_rank27,0,wildcard,31,0.03,1.7509050276336835,1.6970109585240671,0.4310710178638043,0.9999999999999996,0.9694712535169699,0.9707921426814083,3.3306690738754696e-16,4.930380657631324e-31,18,18,1
standard_rank27,0,wildcard,31,0.05,1.7509050276336835,1.6970109585240671,0.4310710178638043,0.9999999999999996,0.9491175477057829,0.9514538066716532,3.3306690738754696e-16,8.628166150854817e-31,18,18,1
standard_rank27,0,wildcard,32,0.001,1.6177809122082476,1.5870635479645951,0.31375846542743774,0.9999999999999996,0.9989740858042397,0.9990144299442302,3.3306690738754696e-16,8.135128085091684e-31,18,18,1
standard_rank27,0,wildcard,32,0.003,1.6177809122082476,1.5870635479645951,0.31375846542743774,0.9999999999999996,0.9969222570190438,0.9970431150277622,3.3306690738754696e-16,2.588449845256445e-31,18,18,1
standard_rank27,0,wildcard,32,0.01,1.6177809122082476,1.5870635479645951,0.31375846542743774,0.9999999999999996,0.9897408522222664,0.9901417455160132,3.3306690738754696e-16,4.5606021083089745e-31,18,18,1
standard_rank27,0,wildcard,32,0.03,1.6177809122082476,1.5870635479645951,0.31375846542743774,0.9999999999999996,0.9692225202689925,0.9704101233424486,3.3306690738754696e-16,6.656013887802287e-31,18,18,1
standard_rank27,0,wildcard,32,0.05,1.6177809122082476,1.5870635479645951,0.31375846542743774,0.9999999999999996,0.9487041455496115,0.9506628819830983,3.3306690738754696e-16,3.0814879110195774e-31,18,18,1
standard_rank27,0,wildcard,33,0.001,2.151059450698534,2.0428655396067628,0.6736149846363654,0.9999999999999996,0.998946402120785,0.9989903043924799,3.3306690738754696e-16,2.2186712959340957e-31,18,18,1
standard_rank27,0,wildcard,33,0.003,2.151059450698534,2.0428655396067628,0.6736149846363654,0.9999999999999996,0.9968392059162476,0.9969718762690928,3.3306690738754696e-16,6.162975822039155e-31,18,18,1
standard_rank27,0,wildcard,33,0.01,2.151059450698534,2.0428655396067628,0.6736149846363654,0.9999999999999996,0.9894640146244349,0.9899179176706154,3.3306690738754696e-16,4.190823558986625e-31,18,18,1
standard_rank27,0,wildcard,33,0.03,2.151059450698534,2.0428655396067628,0.6736149846363654,0.9999999999999996,0.968392003035901,0.9698648940253254,3.3306690738754696e-16,3.944304526105059e-31,18,18,1
standard_rank27,0,wildcard,33,0.05,2.151059450698534,2.0428655396067628,0.6736149846363654,0.9999999999999996,0.9473199442913828,0.9499883554034552,3.3306690738754696e-16,2.834968878138011e-31,18,18,1
standard_rank27,0,wildcard,34,0.001,2.0026634977542357,1.9418103293735718,0.48993237285908114,0.9999999999999996,0.9989306109754053,0.9989775637990136,3.3306690738754696e-16,3.697785493223493e-31,18,18,1
standard_rank27,0,wildcard,34,0.003,2.0026634977542357,1.9418103293735718,0.48993237285908114,0.9999999999999996,0.9967917679972472,0.9969330019171965,3.3306690738754696e-16,5.423418723394456e-31,18,18,1
standard_rank27,0,wildcard,34,0.01,2.0026634977542357,1.9418103293735718,0.48993237285908114,0.9999999999999996,0.9893051533947247,0.989780507127102,3.3306690738754696e-16,3.5745259767827097e-31,18,18,1
standard_rank27,0,wildcard,34,0.03,2.0026634977542357,1.9418103293735718,0.48993237285908114,0.9999999999999996,0.9679095790856399,0.9693799513806126,3.3306690738754696e-16,2.834968878138011e-31,18,18,1
standard_rank27,0,wildcard,34,0.05,2.0026634977542357,1.9418103293735718,0.48993237285908114,0.9999999999999996,0.946507340303233,0.9490449541818581,3.3306690738754696e-16,4.190823558986625e-31,18,18,1
standard_rank27,0,wildcard,35,0.001,1.6905500856949267,1.6680656680773416,0.27480269144391023,0.9999999999999996,0.998882008941854,0.9989280710377904,3.3306690738754696e-16,4.683861624749758e-31,18,18,1
standard_rank27,0,wildcard,35,0.003,1.6905500856949267,1.6680656680773416,0.27480269144391023,0.9999999999999996,0.9966460191544197,0.9967840793106831,3.3306690738754696e-16,6.902532920683853e-31,18,18,1
standard_rank27,0,wildcard,35,0.01,1.6905500856949267,1.6680656680773416,0.27480269144391023,0.9999999999999996,0.9888199770691475,0.9892787544684792,3.3306690738754696e-16,3.5745259767827097e-31,18,18,1
standard_rank27,0,wildcard,35,0.03,1.6905500856949267,1.6680656680773416,0.27480269144391023,0.9999999999999996,0.9664592581034797,0.967824660623342,2.220446049250313e-16,2.465190328815662e-31,18,18,1
standard_rank27,0,wildcard,35,0.05,1.6905500856949267,1.6680656680773416,0.27480269144391023,0.9999999999999996,0.944097819781584,0.9463585063392146,3.3306690738754696e-16,7.395570986446986e-31,18,18,1
standard_rank27,0,wildcard,36,0.001,1.76765214338521,1.697283394203431,0.49378454793118765,0.9999999999999996,0.9989405136176891,0.99898676310191,2.220446049250313e-16,2.711709361697228e-31,18,18,1
standard_rank27,0,wildcard,36,0.003,1.76765214338521,1.697283394203431,0.49378454793118765,0.9999999999999996,0.9968215370567788,0.9969602104277121,3.3306690738754696e-16,4.190823558986625e-31,18,18,1
standard_rank27,0,wildcard,36,0.01,1.76765214338521,1.697283394203431,0.49378454793118765,0.9999999999999996,0.989405080557524,0.9898666369856233,3.3306690738754696e-16,4.807121141190541e-31,18,18,1
standard_rank27,0,wildcard,36,0.03,1.76765214338521,1.697283394203431,0.49378454793118765,0.9999999999999996,0.96821490779708,0.969598597657592,3.3306690738754696e-16,4.314083075427408e-31,18,18,1
standard_rank27,0,wildcard,36,0.05,1.76765214338521,1.697283394203431,0.49378454793118765,0.9999999999999996,0.9470243761823898,0.9493414088911247,3.3306690738754696e-16,2.588449845256445e-31,18,18,1
standard_rank27,0,wildcard,37,0.001,1.9458433397706985,1.903181939039223,0.4052219266585766,0.9999999999999996,0.9989250439866286,0.9989685867522407,3.3306690738754696e-16,4.067564042545842e-31,18,18,1
standard_rank27,0,wildcard,37,0.003,1.9458433397706985,1.903181939039223,0.4052219266585766,0.9999999999999996,0.9967750826182497,0.9969064392649584,2.220446049250313e-16,2.9582283945787943e-31,18,18,1
standard_rank27,0,wildcard,37,0.01,1.9458433397706985,1.903181939039223,0.4052219266585766,0.9999999999999996,0.9892497167855924,0.9896962159504977,3.3306690738754696e-16,3.821045009664276e-31,18,18,1
standard_rank27,0,wildcard,37,0.03,1.9458433397706985,1.903181939039223,0.4052219266585766,0.9999999999999996,0.9677448053745212,0.9691622376781649,3.3306690738754696e-16,2.834968878138011e-31,18,18,1
standard_rank27,0,wildcard,37,0.05,1.9458433397706985,1.903181939039223,0.4052219266585766,0.9999999999999996,0.9462352149960955,0.9487373533471697,3.3306690738754696e-16,4.190823558986625e-31,18,18,1
standard_rank27,0,wildcard,38,0.001,1.7400707390589796,1.6859483565086033,0.4306092383068476,0.9999999999999996,0.998966578134131,0.9990080013523203,3.3306690738754696e-16,7.025792437124636e-31,18,18,1
standard_rank27,0,wildcard,38,0.003,1.7400707390589796,1.6859483565086033,0.4306092383068476,0.9999999999999996,0.9968997293187752,0.9970239991724689,3.3306690738754696e-16,6.77927340424307e-31,18,18,1
standard_rank27,0,wildcard,38,0.01,1.7400707390589796,1.6859483565086033,0.4306092383068476,0.9999999999999996,0.9896657069877517,0.9900800706139354,2.220446049250313e-16,1.355854680848614e-31,18,18,1
standard_rank27,0,wildcard,38,0.03,1.7400707390589796,1.6859483565086033,0.4306092383068476,0.9999999999999996,0.9689966780304834,0.9702442500265562,3.3306690738754696e-16,2.0954117794933126e-31,18,18,1
standard_rank27,0,wildcard,38,0.05,1.7400707390589796,1.6859483565086033,0.4306092383068476,0.9999999999999996,0.9483271809702414,0.9504224686785263,3.3306690738754696e-16,3.5745259767827097e-31,18,18,1
standard_rank27,0,wildcard,39,0.001,2.189229463646519,2.0896669851738996,0.6527001881202827,0.9999999999999996,0.99883406519738,0.9988795023222141,3.3306690738754696e-16,7.395570986446986e-31,18,18,1
standard_rank27,0,wildcard,39,0.003,2.189229463646519,2.0896669851738996,0.6527001881202827,0.9999999999999996,0.9965021587454179,0.9966392555174465,3.3306690738754696e-16,5.300159206953673e-31,18,18,1
standard_rank27,0,wildcard,39,0.01,2.189229463646519,2.0896669851738996,0.6527001881202827,0.9999999999999996,0.9883401143952926,0.9888066206283098,3.3306690738754696e-16,1.7256332301709633e-31,18,18,1
standard_rank27,0,wildcard,39,0.03,2.189229463646519,2.0896669851738996,0.6527001881202827,0.9999999999999996,0.965017179972399,0.9665076317257989,3.3306690738754696e-16,3.5745259767827097e-31,18,18,1
standard_rank27,0,wildcard,39,0.05,2.189229463646519,2.0896669851738996,0.6527001881202827,0.9999999999999996,0.9416910083673166,0.9443508746925363,3.3306690738754696e-16,3.697785493223493e-31,18,18,1
standard_rank27,0,wildcard,40,0.001,2.0464839227826848,1.999206519985688,0.4373439569203174,0.9999999999999996,0.9988544918263,0.9988993948332472,2.220446049250313e-16,2.465190328815662e-31,18,18,1
standard_rank27,0,wildcard,40,0.003,2.0464839227826848,1.999206519985688,0.4373439569203174,0.9999999999999996,0.996563474889467,0.9966988383628048,2.220446049250313e-16,3.4512664603419266e-31,18,18,1
standard_rank27,0,wildcard,40,0.01,2.0464839227826848,1.999206519985688,0.4373439569203174,0.9999999999999996,0.9885449096701318,0.98900397454404,3.3306690738754696e-16,7.765349535769335e-31,18,18,1
standard_rank27,0,wildcard,40,0.03,2.0464839227826848,1.999206519985688,0.4373439569203174,0.9999999999999996,0.9656346786246869,0.9670849129058173,3.3306690738754696e-16,3.2047474274603605e-31,18,18,1
standard_rank27,0,wildcard,40,0.05,2.0464839227826848,1.999206519985688,0.4373439569203174,0.9999999999999996,0.9427243964156594,0.9452778217584675,3.3306690738754696e-16,2.341930812374879e-31,18,18,1
standard_rank27,0,wildcard,41,0.001,1.6917583499603184,1.6452361439876368,0.3940105901840096,0.9999999999999996,0.9990010823850928,0.9990395393218725,3.3306690738754696e-16,5.423418723394456e-31,18,18,1
standard_rank27,0,wildcard,41,0.003,1.6917583499603184,1.6452361439876368,0.3940105901840096,0.9999999999999996,0.9970032466691573,0.9971185600159098,3.3306690738754696e-16,3.697785493223493e-31,18,18,1
standard_rank27,0,wildcard,41,0.01,1.6917583499603184,1.6452361439876368,0.3940105901840096,0.9999999999999996,0.9900108167565752,0.9903946360871614,3.3306690738754696e-16,4.190823558986625e-31,18,18,1
standard_rank27,0,wildcard,41,0.03,1.6917583499603184,1.6452361439876368,0.3940105901840096,0.9999999999999996,0.9700324084278698,0.971182009008788,2.220446049250313e-16,1.232595164407831e-31,18,18,1
standard_rank27,0,wildcard,41,0.05,1.6917583499603184,1.6452361439876368,0.3940105901840096,0.9999999999999996,0.9500539568576258,0.9519743118819806,3.3306690738754696e-16,4.807121141190541e-31,18,18,1
standard_rank27,0,wildcard,42,0.001,1.921298358704977,1.8857459456463759,0.3678989149762377,0.9999999999999996,0.9988359770776031,0.9988795254505247,3.3306690738754696e-16,4.314083075427408e-31,18,18,1
standard_rank27,0,wildcard,42,0.003,1.921298358704977,1.8857459456463759,0.3678989149762377,0.9999999999999996,0.99650793034751,0.9966387113091182,3.3306690738754696e-16,4.190823558986625e-31,18,18,1
standard_rank27,0,wildcard,42,0.01,1.921298358704977,1.8857459456463759,0.3678989149762377,0.9999999999999996,0.9883597578169624,0.98879740751099,3.3306690738754696e-16,2.588449845256445e-31,18,18,1
standard_rank27,0,wildcard,42,0.03,1.921298358704977,1.8857459456463759,0.3678989149762377,0.9999999999999996,0.9650791960163463,0.9664101987849292,3.3306690738754696e-16,5.17689969051289e-31,18,18,1
standard_rank27,0,wildcard,42,0.05,1.921298358704977,1.8857459456463759,0.3678989149762377,0.9999999999999996,0.9417985520456233,0.9440555926327957,3.3306690738754696e-16,6.532754371361504e-31,18,18,1
standard_rank27,0,wildcard,43,0.001,1.621134359847467,1.5871018369477146,0.33043058550207877,0.9999999999999996,0.99907906479605,0.9991139982637978,3.3306690738754696e-16,6.039716305598372e-31,18,18,1
standard_rank27,0,wildcard,43,0.003,1.621134359847467,1.5871018369477146,0.33043058550207877,0.9999999999999996,0.9972371837143573,0.9973420646046592,3.3306690738754696e-16,3.0814879110195774e-31,18,18,1
standard_rank27,0,wildcard,43,0.01,1.621134359847467,1.5871018369477146,0.33043058550207877,0.9999999999999996,0.9907904909795537,0.991141104079281,2.220446049250313e-16,2.2186712959340957e-31,18,18,1
standard_rank27,0,wildcard,43,0.03,1.621134359847467,1.5871018369477146,0.33043058550207877,0.9999999999999996,0.972370513498734,0.9734328721110002,3.3306690738754696e-16,4.807121141190541e-31,18,18,1
standard_rank27,0,wildcard,43,0.05,1.621134359847467,1.5871018369477146,0.33043058550207877,0.9999999999999996,0.9539494603214396,0.9557423218245178,3.3306690738754696e-16,6.902532920683853e-31,18,18,1
standard_rank27,0,wildcard,44,0.001,1.6245309314353145,1.5720847158833808,0.40945133199924927,0.9999999999999996,0.9989742149768079,0.9990138070801539,3.3306690738754696e-16,3.3280069439011436e-31,18,18,1
standard_rank27,0,wildcard,44,0.003,1.6245309314353145,1.5720847158833808,0.40945133199924927,0.9999999999999996,0.9969226423758771,0.9970411920096829,3.3306690738754696e-16,3.0814879110195774e-31,18,18,1
standard_rank27,0,wildcard,44,0.01,1.6245309314353145,1.5720847158833808,0.40945133199924927,0.9999999999999996,0.9897421123312784,0.9901347413759104,3.3306690738754696e-16,4.437342591868191e-31,18,18,1
standard_rank27,0,wildcard,44,0.03,1.6245309314353145,1.5720847158833808,0.40945133199924927,0.9999999999999996,0.9692261119481772,0.9703850878246131,3.3306690738754696e-16,4.190823558986625e-31,18,18,1
standard_rank27,0,wildcard,44,0.05,1.6245309314353145,1.5720847158833808,0.40945133199924927,0.9999999999999996,0.9487098687414206,0.9506171635510648,3.3306690738754696e-16,5.546678239835239e-31,18,18,1
standard_rank27,0,wildcard,45,0.001,2.0680753248473924,1.9239678946535927,0.758474185180268,0.9999999999999996,0.9989968711390252,0.9990381305964872,3.3306690738754696e-16,4.5606021083089745e-31,18,18,1
standard_rank27,0,wildcard,45,0.003,2.0680753248473924,1.9239678946535927,0.758474185180268,0.9999999999999996,0.996990594090289,0.9971164240645923,3.3306690738754696e-16,3.944304526105059e-31,18,18,1
standard_rank27,0,wildcard,45,0.01,2.0680753248473924,1.9239678946535927,0.758474185180268,0.9999999999999996,0.9899684275743896,0.9904122576283855,3.3306690738754696e-16,5.546678239835239e-31,18,18,1
standard_rank27,0,wildcard,45,0.03,2.0680753248473924,1.9239678946535927,0.758474185180268,0.9999999999999996,0.9699035604235645,0.9714561446270745,3.3306690738754696e-16,3.4512664603419266e-31,18,18,1
standard_rank27,0,wildcard,45,0.05,2.0680753248473924,1.9239678946535927,0.758474185180268,0.9999999999999996,0.9498367947278233,0.9528229392467876,3.3306690738754696e-16,4.067564042545842e-31,18,18,1
standard_rank27,0,wildcard,46,0.001,1.8874418592609776,1.8018490921005539,0.5619400514173613,0.9999999999999996,0.9988700883328272,0.9989136942557976,3.3306690738754696e-16,3.5745259767827097e-31,18,18,1
standard_rank27,0,wildcard,46,0.003,1.8874418592609776,1.8018490921005539,0.5619400514173613,0.9999999999999996,0.9966102615338759,0.9967407110449311,3.3306690738754696e-16,4.067564042545842e-31,18,18,1
standard_rank27,0,wildcard,46,0.01,1.8874418592609776,1.8018490921005539,0.5619400514173613,0.9999999999999996,0.988700832548951,0.989131587127003,3.3306690738754696e-16,6.039716305598372e-31,18,18,1
standard_rank27,0,wildcard,46,0.03,1.8874418592609776,1.8018490921005539,0.5619400514173613,0.9999999999999996,0.9661021924014211,0.9673652519624009,3.3306690738754696e-16,3.821045009664276e-31,18,18,1
standard_rank27,0,wildcard,46,0.05,1.8874418592609776,1.8018490921005539,0.5619400514173613,0.9999999999999996,0.9435032236242454,0.9455742666470622,3.3306690738754696e-16,5.669937756276022e-31,18,18,1
standard_rank27,0,wildcard,47,0.001,1.934455723822004,1.886021192699884,0.4301662563644666,0.9999999999999996,0.9987981764150323,0.9988471107475346,2.220446049250313e-16,2.0954117794933126e-31,18,18,1
standard_rank27,0,wildcard,47,0.003,1.934455723822004,1.886021192699884,0.4301662563644666,0.9999999999999996,0.9963945240010161,0.9965411011172254,3.3306690738754696e-16,6.532754371361504e-31,18,18,1
standard_rank27,0,wildcard,47,0.01,1.934455723822004,1.886021192699884,0.4301662563644666,0.9999999999999996,0.9879816874374511,0.988467774128323,3.3306690738754696e-16,5.300159206953673e-31,18,18,1
standard_rank27,0,wildcard,47,0.03,1.934455723822004,1.886021192699884,0.4301662563644666,0.9999999999999996,0.9639446054070909,0.9653848529079364,3.3306690738754696e-16,3.2047474274603605e-31,18,18,1
standard_rank27,0,wildcard,47,0.05,1.934455723822004,1.886021192699884,0.4301662563644666,0.9999999999999996,0.9399070425783675,0.9422862151325978,3.3306690738754696e-16,5.423418723394456e-31,18,18,1
standard_rank27,0,wildcard,48,0.001,2.1288527114343423,2.0330765243767996,0.6313586247207716,0.9999999999999996,0.9987994302519814,0.9988481669926337,3.3306690738754696e-16,1.6023737137301802e-31,18,18,1
standard_rank27,0,wildcard,48,0.003,2.1288527114343423,2.0330765243767996,0.6313586247207716,0.9999999999999996,0.9963982790062211,0.9965458044526322,3.3306690738754696e-16,3.944304526105059e-31,18,18,1
standard_rank27,0,wildcard,48,0.01,2.1288527114343423,2.0330765243767996,0.6313586247207716,0.9999999999999996,0.9879941307675205,0.9885016113223137,3.3306690738754696e-16,2.588449845256445e-31,18,18,1
standard_rank27,0,wildcard,48,0.03,2.1288527114343423,2.0330765243767996,0.6313586247207716,0.9999999999999996,0.9639813728564707,0.9656487776923531,3.3306690738754696e-16,5.669937756276022e-31,18,18,1
standard_rank27,0,wildcard,48,0.05,2.1288527114343423,2.0330765243767996,0.6313586247207716,0.9999999999999996,0.9399675507964023,0.9430142791172533,3.3306690738754696e-16,3.3280069439011436e-31,18,18,1
standard_rank27,1,structured,0,0.001,1.4142291630321544,1.4142259780768822,0.003001416851006251,0.9399070425783675,0.9389671355206206,0.9389671355265603,3.3306690738754696e-16,4.683861624749758e-31,18,18,1
standard_rank27,1,structured,0,0.003,1.4142291630321544,1.4142259780768822,0.003001416851006251,0.9399070425783675,0.9370873213145966,0.9370873213680287,3.3306690738754696e-16,4.437342591868191e-31,18,18,1
standard_rank27,1,structured,0,0.01,1.4142291630321544,1.4142259780768822,0.003001416851006251,0.9399070425783675,0.9305079706464829,0.9305079712392699,3.3306690738754696e-16,4.5606021083089745e-31,18,18,1
standard_rank27,1,structured,0,0.03,1.4142291630321544,1.4142259780768822,0.003001416851006251,0.9399070425783675,0.9117098178506794,0.911709823165325,3.3306690738754696e-16,3.944304526105059e-31,18,18,1
standard_rank27,1,structured,0,0.05,1.4142291630321544,1.4142259780768822,0.003001416851006251,0.9399070425783675,0.8929116533694433,0.892911668088221,3.3306690738754696e-16,5.17689969051289e-31,18,18,1
standard_rank27,1,wildcard,1,0.001,2.1147208135959894,2.0267353674506716,0.603645483525449,0.9399070425783675,0.9389378316813914,0.9389380276032301,3.3306690738754696e-16,6.162975822039155e-31,18,18,1
standard_rank27,1,wildcard,1,0.003,2.1147208135959894,2.0267353674506716,0.603645483525449,0.9399070425783675,0.9369994054695365,0.937001176914412,3.3306690738754696e-16,4.190823558986625e-31,18,18,1
standard_rank27,1,wildcard,1,0.01,2.1147208135959894,2.0267353674506716,0.603645483525449,0.9399070425783675,0.930214868548566,0.9302348696096719,3.3306690738754696e-16,2.2186712959340957e-31,18,18,1
standard_rank27,1,wildcard,1,0.03,2.1147208135959894,2.0267353674506716,0.603645483525449,0.9399070425783675,0.9108301203875014,0.9110184295946868,3.3306690738754696e-16,4.190823558986625e-31,18,18,1
standard_rank27,1,wildcard,1,0.05,2.1147208135959894,2.0267353674506716,0.603645483525449,0.9399070425783675,0.8914449172005567,0.8919915283185391,3.3306690738754696e-16,5.423418723394456e-31,18,18,1
standard_rank27,1,wildcard,2,0.001,1.9265115618963697,1.8644609312095946,0.4850074577915709,0.9399070425783675,0.938910916640842,0.9389111032120662,3.3306690738754696e-16,2.9582283945787943e-31,18,18,1
standard_rank27,1,wildcard,2,0.003,1.9265115618963697,1.8644609312095946,0.4850074577915709,0.9399070425783675,0.936918662459338,0.9369203477911432,3.3306690738754696e-16,5.7931972727168054e-31,18,18,1
standard_rank27,1,wildcard,2,0.01,1.9265115618963697,1.8644609312095946,0.4850074577915709,0.9399070425783675,0.9299457491365254,0.9299647171113958,3.3306690738754696e-16,3.3280069439011436e-31,18,18,1
standard_rank27,1,wildcard,2,0.03,1.9265115618963697,1.8644609312095946,0.4850074577915709,0.9399070425783675,0.9100229499170056,0.9101999895911738,3.3306690738754696e-16,4.683861624749758e-31,18,18,1
standard_rank27,1,wildcard,2,0.05,1.9265115618963697,1.8644609312095946,0.4850074577915709,0.9399070425783675,0.8900999021255955,0.8906096960417464,3.3306690738754696e-16,5.7931972727168054e-31,18,18,1
standard_rank27,1,wildcard,3,0.001,1.879163388520471,1.8132337459567163,0.49339479454035,0.9399070425783675,0.9389675260553536,0.9389676344891494,3.3306690738754696e-16,6.162975822039155e-31,18,18,1
standard_rank27,1,wildcard,3,0.003,1.879163388520471,1.8132337459567163,0.49339479454035,0.9399070425783675,0.9370884867373911,0.9370894695241894,3.3306690738754696e-16,5.9164567891575885e-31,18,18,1
standard_rank27,1,wildcard,3,0.01,1.879163388520471,1.8132337459567163,0.49339479454035,0.9399070425783675,0.9305117854536779,0.9305229745726231,3.3306690738754696e-16,4.437342591868191e-31,18,18,1
standard_rank27,1,wildcard,3,0.03,1.879163388520471,1.8132337459567163,0.49339479454035,0.9399070425783675,0.9117207187119419,0.9118284710342572,3.3306690738754696e-16,4.437342591868191e-31,18,18,1
standard_rank27,1,wildcard,3,0.05,1.879163388520471,1.8132337459567163,0.49339479454035,0.9399070425783675,0.892929052880134,0.8932484841451146,3.3306690738754696e-16,3.4512664603419266e-31,18,18,1
standard_rank27,1,wildcard,4,0.001,1.6385072495465343,1.6013206082158211,0.3470998653411733,0.9399070425783675,0.9390095902565045,0.9390096679154734,3.3306690738754696e-16,3.0814879110195774e-31,18,18,1
standard_rank27,1,wildcard,4,0.003,1.6385072495465343,1.6013206082158211,0.3470998653411733,0.9399070425783675,0.9372146812066993,0.9372153832486786,3.3306690738754696e-16,4.067564042545842e-31,18,18,1
standard_rank27,1,wildcard,4,0.01,1.6385072495465343,1.6013206082158211,0.3470998653411733,0.9399070425783675,0.9309324544566617,0.9309403766022888,3.3306690738754696e-16,4.190823558986625e-31,18,18,1
standard_rank27,1,wildcard,4,0.03,1.6385072495465343,1.6013206082158211,0.3470998653411733,0.9399070425783675,0.9129828785190752,0.9130573608927658,3.3306690738754696e-16,3.2047474274603605e-31,18,18,1
standard_rank27,1,wildcard,4,0.05,1.6385072495465343,1.6013206082158211,0.3470998653411733,0.9399070425783675,0.8950328463023187,0.895248815430678,3.3306690738754696e-16,4.5606021083089745e-31,18,18,1
standard_rank27,1,wildcard,5,0.001,1.6003268337821837,1.5805774007918916,0.25064128755904874,0.9399070425783675,0.9389233336233049,0.938923379890881,3.3306690738754696e-16,4.067564042545842e-31,18,18,1
standard_rank27,1,wildcard,5,0.003,1.6003268337821837,1.5805774007918916,0.25064128755904874,0.9399070425783675,0.9369559139602323,0.9369563323122907,3.3306690738754696e-16,2.834968878138011e-31,18,18,1
standard_rank27,1,wildcard,5,0.01,1.6003268337821837,1.5805774007918916,0.25064128755904874,0.9399070425783675,0.9300699270715491,0.9300746515173529,3.3306690738754696e-16,6.409494854920721e-31,18,18,1
standard_rank27,1,wildcard,5,0.03,1.6003268337821837,1.5805774007918916,0.25064128755904874,0.9399070425783675,0.910395532480431,0.9104400483073837,3.3306690738754696e-16,4.930380657631324e-31,18,18,1
standard_rank27,1,wildcard,5,0.05,1.6003268337821837,1.5805774007918916,0.25064128755904874,0.9399070425783675,0.890720942099698,0.8908503100688544,3.3306690738754696e-16,8.504906634414034e-31,18,18,1
standard_rank27,1,wildcard,6,0.001,1.7164278959732064,1.637606095844114,0.5141702022960938,0.9399070425783675,0.93902978514172,0.9390299089640459,3.3306690738754696e-16,2.834968878138011e-31,18,18,1
standard_rank27,1,wildcard,6,0.003,1.7164278959732064,1.637606095844114,0.5141702022960938,0.9399070425783675,0.9372752612266094,0.9372763814861474,3.3306690738754696e-16,6.162975822039155e-31,18,18,1
standard_rank27,1,wildcard,6,0.01,1.7164278959732064,1.637606095844114,0.5141702022960938,0.9399070425783675,0.9311343352285122,0.9311470114278113,2.220446049250313e-16,2.588449845256445e-31,18,18,1
standard_rank27,1,wildcard,6,0.03,1.7164278959732064,1.637606095844114,0.5141702022960938,0.9399070425783675,0.9135881074782786,0.9137081593662248,2.220446049250313e-16,2.465190328815662e-31,18,18,1
standard_rank27,1,wildcard,6,0.05,1.7164278959732064,1.637606095844114,0.5141702022960938,0.9399070425783675,0.8960409667761583,0.8963913555602622,3.3306690738754696e-16,4.807121141190541e-31,18,18,1
standard_rank27,1,wildcard,7,0.001,1.6277825511415365,1.605316754817115,0.2695072364599792,0.9399070425783675,0.938923367086677,0.9389234110672754,3.3306690738754696e-16,3.697785493223493e-31,18,18,1
standard_rank27,1,wildcard,7,0.003,1.6277825511415365,1.605316754817115,0.2695072364599792,0.9399070425783675,0.9369560162362301,0.9369564139220454,3.3306690738754696e-16,2.834968878138011e-31,18,18,1
standard_rank27,1,wildcard,7,0.01,1.6277825511415365,1.605316754817115,0.2695072364599792,0.9399070425783675,0.9300702898854802,0.9300747814249943,3.3306690738754696e-16,4.5606021083089745e-31,18,18,1
standard_rank27,1,wildcard,7,0.03,1.6277825511415365,1.605316754817115,0.2695072364599792,0.9399070425783675,0.9103968057387464,0.9104391381791407,3.3306690738754696e-16,4.190823558986625e-31,18,18,1
standard_rank27,1,wildcard,7,0.05,1.6277825511415365,1.605316754817115,0.2695072364599792,0.9399070425783675,0.8907233649201375,0.8908464134256925,3.3306690738754696e-16,4.683861624749758e-31,18,18,1
standard_rank27,1,wildcard,8,0.001,1.811469547705956,1.7608164032431102,0.4253792617606283,0.9399070425783675,0.9389676582341059,0.9389678029209412,3.3306690738754696e-16,6.77927340424307e-31,18,18,1
standard_rank27,1,wildcard,8,0.003,1.811469547705956,1.7608164032431102,0.4253792617606283,0.9399070425783675,0.9370888868356653,0.9370901943384603,3.3306690738754696e-16,3.3280069439011436e-31,18,18,1
standard_rank27,1,wildcard,8,0.01,1.811469547705956,1.7608164032431102,0.4253792617606283,0.9399070425783675,0.9305131591534072,0.9305278950237855,3.3306690738754696e-16,2.465190328815662e-31,18,18,1
standard_rank27,1,wildcard,8,0.03,1.811469547705956,1.7608164032431102,0.4253792617606283,0.9399070425783675,0.9117251442659442,0.9118632053555207,3.3306690738754696e-16,6.162975822039155e-31,18,18,1
standard_rank27,1,wildcard,8,0.05,1.811469547705956,1.7608164032431102,0.4253792617606283,0.9399070425783675,0.8929368416893411,0.8933358236925558,3.3306690738754696e-16,7.395570986446986e-31,18,18,1
standard_rank27,1,wildcard,9,0.001,1.7294086874199472,1.6851311271742082,0.3888283584721777,0.9399070425783675,0.9390239115680901,0.9390239794618815,3.3306690738754696e-16,4.067564042545842e-31,18,18,1
standard_rank27,1,wildcard,9,0.003,1.7294086874199472,1.6851311271742082,0.3888283584721777,0.9399070425783675,0.9372576469815913,0.9372582614421386,3.3306690738754696e-16,5.423418723394456e-31,18,18,1
standard_rank27,1,wildcard,9,0.01,1.7294086874199472,1.6851311271742082,0.3888283584721777,0.9399070425783675,0.9310756950514283,0.9310826559439399,3.3306690738754696e-16,7.272311470006203e-31,18,18,1
standard_rank27,1,wildcard,9,0.03,1.7294086874199472,1.6851311271742082,0.3888283584721777,0.9399070425783675,0.9134127804551709,0.9134789172695745,2.220446049250313e-16,2.0954117794933126e-31,18,18,1
standard_rank27,1,wildcard,9,0.05,1.7294086874199472,1.6851311271742082,0.3888283584721777,0.9399070425783675,0.8957496443205514,0.8959432813126097,3.3306690738754696e-16,3.4512664603419266e-31,18,18,1
standard_rank27,1,wildcard,10,0.001,1.661447618795499,1.63018201523789,0.3208033466099832,0.9399070425783675,0.9389301435925481,0.9389301902313517,3.3306690738754696e-16,4.807121141190541e-31,18,18,1
standard_rank27,1,wildcard,10,0.003,1.661447618795499,1.63018201523789,0.3208033466099832,0.9399070425783675,0.9369763237984025,0.936976745765914,3.3306690738754696e-16,2.834968878138011e-31,18,18,1
standard_rank27,1,wildcard,10,0.01,1.661447618795499,1.63018201523789,0.3208033466099832,0.9399070425783675,0.9301377366955303,0.9301425123754308,3.3306690738754696e-16,6.532754371361504e-31,18,18,1
standard_rank27,1,wildcard,10,0.03,1.661447618795499,1.63018201523789,0.3208033466099832,0.9399070425783675,0.910597333137631,0.910642628159091,3.3306690738754696e-16,3.697785493223493e-31,18,18,1
standard_rank27,1,wildcard,10,0.05,1.661447618795499,1.63018201523789,0.3208033466099832,0.9399070425783675,0.8910552762120748,0.8911878569096194,3.3306690738754696e-16,5.423418723394456e-31,18,18,1
standard_rank27,1,wildcard,11,0.001,1.6313215200609819,1.5929102383481972,0.3519188462977829,0.9399070425783675,0.9390332462334843,0.9390333444257086,3.3306690738754696e-16,2.341930812374879e-31,18,18,1
standard_rank27,1,wildcard,11,0.003,1.6313215200609819,1.5929102383481972,0.3519188462977829,0.9399070425783675,0.9372856532746608,0.9372865405157442,3.3306690738754696e-16,6.77927340424307e-31,18,18,1
standard_rank27,1,wildcard,11,0.01,1.6313215200609819,1.5929102383481972,0.3519188462977829,0.9399070425783675,0.9311690751181194,0.9311790706296734,3.3306690738754696e-16,8.135128085091684e-31,18,18,1
standard_rank27,1,wildcard,11,0.03,1.6313215200609819,1.5929102383481972,0.3519188462977829,0.9399070425783675,0.9136931141304376,0.9137866615948436,3.3306690738754696e-16,3.2047474274603605e-31,18,18,1
standard_rank27,1,wildcard,11,0.05,1.6313215200609819,1.5929102383481972,0.3519188462977829,0.9399070425783675,0.8962171199430826,0.8964871860529773,3.3306690738754696e-16,3.821045009664276e-31,18,18,1
standard_rank27,1,wildcard,12,0.001,1.7364150941868597,1.6841678868916208,0.42274804326332965,0.9399070425783675,0.9388933641719751,0.938893462463322,3.3306690738754696e-16,4.683861624749758e-31,18,18,1
standard_rank27,1,wildcard,12,0.003,1.7364150941868597,1.6841678868916208,0.42274804326332965,0.9399070425783675,0.9368660070610991,0.9368668963506257,3.3306690738754696e-16,4.930380657631324e-31,18,18,1
standard_rank27,1,wildcard,12,0.01,1.7364150941868597,1.6841678868916208,0.42274804326332965,0.9399070425783675,0.9297702540715171,0.9297803176394432,3.3306690738754696e-16,5.669937756276022e-31,18,18,1
standard_rank27,1,wildcard,12,0.03,1.7364150941868597,1.6841678868916208,0.42274804326332965,0.9399070425783675,0.9094966482224506,0.9095919990738148,3.3306690738754696e-16,5.7931972727168054e-31,18,18,1
standard_rank27,1,wildcard,12,0.05,1.7364150941868597,1.6841678868916208,0.42274804326332965,0.9399070425783675,0.8892230057259094,0.8895015030712272,3.3306690738754696e-16,2.0954117794933126e-31,18,18,1
standard_rank27,1,wildcard,13,0.001,1.572154318702951,1.5632875337698755,0.16673718414331298,0.9399070425783675,0.9389305766075471,0.9389305985314829,3.3306690738754696e-16,4.067564042545842e-31,18,18,1
standard_rank27,1,wildcard,13,0.003,1.572154318702951,1.5632875337698755,0.16673718414331298,0.9399070425783675,0.9369776443520416,0.93697784253642,3.3306690738754696e-16,2.588449845256445e-31,18,18,1
standard_rank27,1,wildcard,13,0.01,1.572154318702951,1.5632875337698755,0.16673718414331298,0.9399070425783675,0.9301423781918929,0.9301446142623617,2.220446049250313e-16,1.6023737137301802e-31,18,18,1
standard_rank27,1,wildcard,13,0.03,1.572154318702951,1.5632875337698755,0.16673718414331298,0.9399070425783675,0.9106130190529488,0.9106340367358452,3.3306690738754696e-16,6.039716305598372e-31,18,18,1
standard_rank27,1,wildcard,13,0.05,1.572154318702951,1.5632875337698755,0.16673718414331298,0.9399070425783675,0.8910836213281607,0.8911445631017717,3.3306690738754696e-16,5.669937756276022e-31,18,18,1
standard_rank27,1,wildcard,14,0.001,2.083866067889347,1.9673180859879489,0.6871370587046809,0.9399070425783675,0.9389755416031447,0.9389757083384265,3.3306690738754696e-16,4.190823558986625e-31,18,18,1
standard_rank27,1,wildcard,14,0.003,2.083866067889347,1.9673180859879489,0.6871370587046809,0.9399070425783675,0.9371125132395957,0.9371140245792858,3.3306690738754696e-16,2.834968878138011e-31,18,18,1
standard_rank27,1,wildcard,14,0.01,2.083866067889347,1.9673180859879489,0.6871370587046809,0.9399070425783675,0.9305916457153114,0.9306088577893841,3.3306690738754696e-16,5.17689969051289e-31,18,18,1
standard_rank27,1,wildcard,14,0.03,2.083866067889347,1.9673180859879489,0.6871370587046809,0.9399070425783675,0.9119585240403871,0.9121244099287357,3.3306690738754696e-16,3.3280069439011436e-31,18,18,1
standard_rank27,1,wildcard,14,0.05,2.083866067889347,1.9673180859879489,0.6871370587046809,0.9399070425783675,0.8933228877414803,0.8938149973440768,3.3306690738754696e-16,4.314083075427408e-31,18,18,1
standard_rank27,1,wildcard,15,0.001,1.9776331539745349,1.9357927707557838,0.4046470565677095,0.9399070425783675,0.9388770747501247,0.9388771519734328,3.3306690738754696e-16,3.697785493223493e-31,18,18,1
standard_rank27,1,wildcard,15,0.003,1.9776331539745349,1.9357927707557838,0.4046470565677095,0.9399070425783675,0.9368171389109177,0.9368178388172416,2.220446049250313e-16,2.711709361697228e-31,18,18,1
standard_rank27,1,wildcard,15,0.01,1.9776331539745349,1.9357927707557838,0.4046470565677095,0.9399070425783675,0.9296073620419248,0.9296153304449282,3.3306690738754696e-16,2.2186712959340957e-31,18,18,1
standard_rank27,1,wildcard,15,0.03,1.9776331539745349,1.9357927707557838,0.4046470565677095,0.9399070425783675,0.9090079995536161,0.9090847421307042,3.3306690738754696e-16,8.504906634414034e-31,18,18,1
standard_rank27,1,wildcard,15,0.05,1.9776331539745349,1.9357927707557838,0.4046470565677095,0.9399070425783675,0.8884086672041822,0.8886362261353056,3.3306690738754696e-16,3.3280069439011436e-31,18,18,1
standard_rank27,1,wildcard,16,0.001,1.5738470678219876,1.5403459831547202,0.3229997601717156,0.9399070425783675,0.9390397237817648,0.9390397913018866,3.3306690738754696e-16,5.17689969051289e-31,18,18,1
standard_rank27,1,wildcard,16,0.003,1.5738470678219876,1.5403459831547202,0.3229997601717156,0.9399070425783675,0.9373050820509108,0.9373056922526057,2.220446049250313e-16,2.588449845256445e-31,18,18,1
standard_rank27,1,wildcard,16,0.01,1.5738470678219876,1.5403459831547202,0.3229997601717156,0.9399070425783675,0.9312337937845047,0.9312406723461081,3.3306690738754696e-16,4.067564042545842e-31,18,18,1
standard_rank27,1,wildcard,16,0.03,1.5738470678219876,1.5403459831547202,0.3229997601717156,0.9399070425783675,0.9138869247690518,0.9139514066604445,3.3306690738754696e-16,4.437342591868191e-31,18,18,1
standard_rank27,1,wildcard,16,0.05,1.5738470678219876,1.5403459831547202,0.3229997601717156,0.9399070425783675,0.8965396386540156,0.8967260811024085,3.3306690738754696e-16,6.409494854920721e-31,18,18,1
standard_rank27,1,wildcard,17,0.001,1.6964830352231053,1.6490607210670423,0.3983132272893381,0.9399070425783675,0.938972474916375,0.9389725673002762,3.3306690738754696e-16,2.9582283945787943e-31,18,18,1
standard_rank27,1,wildcard,17,0.003,1.6964830352231053,1.6490607210670423,0.3983132272893381,0.9399070425783675,0.9371033322679968,0.9371041678684416,3.3306690738754696e-16,6.286235338479938e-31,18,18,1
standard_rank27,1,wildcard,17,0.01,1.6964830352231053,1.6490607210670423,0.3983132272893381,0.9399070425783675,0.9305612589102733,0.9305707055445351,3.3306690738754696e-16,3.5745259767827097e-31,18,18,1
standard_rank27,1,wildcard,17,0.03,1.6964830352231053,1.6490607210670423,0.3983132272893381,0.9399070425783675,0.9118690572142814,0.911958325151473,3.3306690738754696e-16,5.300159206953673e-31,18,18,1
standard_rank27,1,wildcard,17,0.05,1.6964830352231053,1.6490607210670423,0.3983132272893381,0.9399070425783675,0.8931761983677421,0.8934363024455511,3.3306690738754696e-16,6.656013887802287e-31,18,18,1
standard_rank27,1,wildcard,18,0.001,1.945447095621937,1.8476063581857163,0.6091922086300392,0.9399070425783675,0.939015293352996,0.9390155646621012,3.3306690738754696e-16,3.2047474274603605e-31,18,18,1
standard_rank27,1,wildcard,18,0.003,1.945447095621937,1.8476063581857163,0.6091922086300392,0.9399070425783675,0.9372317905681172,0.9372342428852362,3.3306690738754696e-16,3.4512664603419266e-31,18,18,1
standard_rank27,1,wildcard,18,0.01,1.945447095621937,1.8476063581857163,0.6091922086300392,0.9399070425783675,0.9309894870541222,0.9310171464815257,3.3306690738754696e-16,3.5745259767827097e-31,18,18,1
standard_rank27,1,wildcard,18,0.03,1.945447095621937,1.8476063581857163,0.6091922086300392,0.9399070425783675,0.913154003133245,0.9134136537256352,2.220446049250313e-16,2.711709361697228e-31,18,18,1
standard_rank27,1,wildcard,18,0.05,1.945447095621937,1.8476063581857163,0.6091922086300392,0.9399070425783675,0.8953181381354985,0.8960697100856648,3.3306690738754696e-16,6.162975822039155e-31,18,18,1
standard_rank27,1,wildcard,19,0.001,1.4974209606419893,1.4591714034647565,0.33628611134073066,0.9399070425783675,0.9390671312240501,0.9390672047659143,3.3306690738754696e-16,2.0954117794933126e-31,18,18,1
standard_rank27,1,wildcard,19,0.003,1.4974209606419893,1.4591714034647565,0.33628611134073066,0.9399070425783675,0.9373873056732998,0.9373879706514903,3.3306690738754696e-16,5.669937756276022e-31,18,18,1
standard_rank27,1,wildcard,19,0.01,1.4974209606419893,1.4591714034647565,0.33628611134073066,0.9399070425783675,0.9315078869654912,0.9315153968757481,2.220446049250313e-16,2.341930812374879e-31,18,18,1
standard_rank27,1,wildcard,19,0.03,1.4974209606419893,1.4591714034647565,0.33628611134073066,0.9399070425783675,0.9147093109977203,0.9147800697742184,3.3306690738754696e-16,4.067564042545842e-31,18,18,1
standard_rank27,1,wildcard,19,0.05,1.4974209606419893,1.4591714034647565,0.33628611134073066,0.9399070425783675,0.8979104190464917,0.8981159939090266,2.220446049250313e-16,1.9721522630525295e-31,18,18,1
standard_rank27,1,wildcard,20,0.001,1.579501853648299,1.5523903069741924,0.2913939609720564,0.9399070425783675,0.938946346962528,0.938946378203668,3.3306690738754696e-16,3.4512664603419266e-31,18,18,1
standard_rank27,1,wildcard,20,0.003,1.579501853648299,1.5523903069741924,0.2913939609720564,0.9399070425783675,0.9370249558554433,0.9370252389894714,3.3306690738754696e-16,2.465190328815662e-31,18,18,1
standard_rank27,1,wildcard,20,0.01,1.579501853648299,1.5523903069741924,0.2913939609720564,0.9399070425783675,0.930300088324051,0.9303033110590093,3.3306690738754696e-16,2.9582283945787943e-31,18,18,1
standard_rank27,1,wildcard,20,0.03,1.579501853648299,1.5523903069741924,0.2913939609720564,0.9399070425783675,0.911086193498211,0.9111172072402467,3.3306690738754696e-16,4.190823558986625e-31,18,18,1
standard_rank27,1,wildcard,20,0.05,1.579501853648299,1.5523903069741924,0.2913939609720564,0.9399070425783675,0.8918723192674644,0.8919641964702641,3.3306690738754696e-16,1.8488927466117464e-31,18,18,1
standard_rank27,1,wildcard,21,0.001,1.5541161232955911,1.474999913427953,0.4895428276206772,0.9399070425783675,0.939075160485517,0.9390753549983504,3.3306690738754696e-16,3.4512664603419266e-31,18,18,1
standard_rank27,1,wildcard,21,0.003,1.5541161232955911,1.474999913427953,0.4895428276206772,0.9399070425783675,0.937411387016023,0.937413144096095,3.3306690738754696e-16,7.025792437124636e-31,18,18,1
standard_rank27,1,wildcard,21,0.01,1.5541161232955911,1.474999913427953,0.4895428276206772,0.9399070425783675,0.9315880846567304,0.9316078602679184,3.3306690738754696e-16,5.053640174072107e-31,18,18,1
standard_rank27,1,wildcard,21,0.03,1.5541161232955911,1.474999913427953,0.4895428276206772,0.9399070425783675,0.9149493187910086,0.9151338777247167,3.3306690738754696e-16,4.807121141190541e-31,18,18,1
standard_rank27,1,wildcard,21,0.05,1.5541161232955911,1.474999913427953,0.4895428276206772,0.9399070425783675,0.8983095682092511,0.8988408627951978,3.3306690738754696e-16,3.821045009664276e-31,18,18,1
standard_rank27,1,wildcard,22,0.001,1.7825362959358821,1.7222660841082806,0.45960328747643237,0.9399070425783675,0.9389749279517289,0.938975036654715,2.220446049250313e-16,2.465190328815662e-31,18,18,1
standard_rank27,1,wildcard,22,0.003,1.7825362959358821,1.7222660841082806,0.45960328747643237,0.9399070425783675,0.9371106969861451,0.9371116809214478,3.3306690738754696e-16,3.4512664603419266e-31,18,18,1
standard_rank27,1,wildcard,22,0.01,1.7825362959358821,1.7222660841082806,0.45960328747643237,0.9399070425783675,0.9305858721231928,0.9305970241268294,3.3306690738754696e-16,2.9582283945787943e-31,18,18,1
standard_rank27,1,wildcard,22,0.03,1.7825362959358821,1.7222660841082806,0.45960328747643237,0.9399070425783675,0.9119434114796338,0.9120495223434029,3.3306690738754696e-16,3.697785493223493e-31,18,18,1
standard_rank27,1,wildcard,22,0.05,1.7825362959358821,1.7222660841082806,0.45960328747643237,0.9399070425783675,0.8933008876234125,0.8936120265112769,3.3306690738754696e-16,2.588449845256445e-31,18,18,1
standard_rank27,1,wildcard,23,0.001,1.5739367106436053,1.535907561559537,0.34389639639846403,0.9399070425783675,0.9389819099481665,0.9389819841111673,3.3306690738754696e-16,6.409494854920721e-31,18,18,1
standard_rank27,1,wildcard,23,0.003,1.5739367106436053,1.535907561559537,0.34389639639846403,0.9399070425783675,0.937131642915005,0.9371323136523985,3.3306690738754696e-16,4.807121141190541e-31,18,18,1
standard_rank27,1,wildcard,23,0.01,1.5739367106436053,1.535907561559537,0.34389639639846403,0.9399070425783675,0.9306556908206359,0.9306632714135747,3.3306690738754696e-16,7.642090019328552e-31,18,18,1
standard_rank27,1,wildcard,23,0.03,1.5739367106436053,1.535907561559537,0.34389639639846403,0.9399070425783675,0.9121528493585849,0.9122244263311524,3.3306690738754696e-16,4.190823558986625e-31,18,18,1
standard_rank27,1,wildcard,23,0.05,1.5739367106436053,1.535907561559537,0.34389639639846403,0.9399070425783675,0.8936498986854644,0.8938582981550439,3.3306690738754696e-16,5.17689969051289e-31,18,18,1
standard_rank27,1,wildcard,24,0.001,1.5987319667531457,1.581297883076889,0.23545892740546365,0.9399070425783675,0.9389287151888164,0.9389287511496157,3.3306690738754696e-16,5.300159206953673e-31,18,18,1
standard_rank27,1,wildcard,24,0.003,1.5987319667531457,1.581297883076889,0.23545892740546365,0.9399070425783675,0.936972055957496,0.9369723810191317,3.3306690738754696e-16,3.821045009664276e-31,18,18,1
standard_rank27,1,wildcard,24,0.01,1.5987319667531457,1.581297883076889,0.23545892740546365,0.9399070425783675,0.9301237047567714,0.9301273719508173,3.3306690738754696e-16,3.697785493223493e-31,18,18,1
standard_rank27,1,wildcard,24,0.03,1.5987319667531457,1.581297883076889,0.23545892740546365,0.9399070425783675,0.9105566825712205,0.9105911432690514,3.3306690738754696e-16,2.588449845256445e-31,18,18,1
standard_rank27,1,wildcard,24,0.05,1.5987319667531457,1.581297883076889,0.23545892740546365,0.9399070425783675,0.8909893845701705,0.8910892910637506,3.3306690738754696e-16,4.5606021083089745e-31,18,18,1
standard_rank27,1,wildcard,25,0.001,1.6467752832251865,1.613497163485305,0.3293869105873325,0.9399070425783675,0.9389662077286562,0.9389662898345158,3.3306690738754696e-16,3.3280069439011436e-31,18,18,1
standard_rank27,1,wildcard,25,0.003,1.6467752832251865,1.613497163485305,0.3293869105873325,0.9399070425783675,0.9370845372543832,0.9370852793995477,3.3306690738754696e-16,3.5745259767827097e-31,18,18,1
standard_rank27,1,wildcard,25,0.01,1.6467752832251865,1.613497163485305,0.3293869105873325,0.9399070425783675,0.9304986825644659,0.93050705350591,3.3306690738754696e-16,6.162975822039155e-31,18,18,1
standard_rank27,1,wildcard,25,0.03,1.6467752832251865,1.613497163485305,0.3293869105873325,0.9399070425783675,0.9116818887253165,0.9117604964580668,3.3306690738754696e-16,2.588449845256445e-31,18,18,1
standard_rank27,1,wildcard,25,0.05,1.6467752832251865,1.613497163485305,0.3293869105873325,0.9399070425783675,0.8928650034714185,0.8930926871393667,3.3306690738754696e-16,8.011868568650901e-31,18,18,1
standard_rank27,1,wildcard,26,0.001,1.4608504673320806,1.4371617341413228,0.2620119039743522,0.9399070425783675,0.9390096025354921,0.9390096432161578,3.3306690738754696e-16,3.944304526105059e-31,18,18,1
standard_rank27,1,wildcard,26,0.003,1.4608504673320806,1.4371617341413228,0.2620119039743522,0.9399070425783675,0.9372147221230774,0.9372150900341335,3.3306690738754696e-16,6.409494854920721e-31,18,18,1
standard_rank27,1,wildcard,26,0.01,1.4608504673320806,1.4371617341413228,0.2620119039743522,0.9399070425783675,0.9309326372817232,0.9309367949971249,3.3306690738754696e-16,5.423418723394456e-31,18,18,1
standard_rank27,1,wildcard,26,0.03,1.4608504673320806,1.4371617341413228,0.2620119039743522,0.9399070425783675,0.9129837951249313,0.9130230410589384,3.3306690738754696e-16,3.0814879110195774e-31,18,18,1
standard_rank27,1,wildcard,26,0.05,1.4608504673320806,1.4371617341413228,0.2620119039743522,0.9399070425783675,0.895034912943225,0.8951491368684921,3.3306690738754696e-16,5.7931972727168054e-31,18,18,1
standard_rank27,1,wildcard,27,0.001,1.7175830245739483,1.6281349653634265,0.5470539103832697,0.9399070425783675,0.9389759504984279,0.93897612293358,3.3306690738754696e-16,3.944304526105059e-31,18,18,1
standard_rank27,1,wildcard,27,0.003,1.7175830245739483,1.6281349653634265,0.5470539103832697,0.9399070425783675,0.9371137596450738,0.9371153195574872,3.3306690738754696e-16,3.944304526105059e-31,18,18,1
standard_rank27,1,wildcard,27,0.01,1.7175830245739483,1.6281349653634265,0.5470539103832697,0.9399070425783675,0.9305960232227033,0.9306136681083843,3.3306690738754696e-16,3.3280069439011436e-31,18,18,1
standard_rank27,1,wildcard,27,0.03,1.7175830245739483,1.6281349653634265,0.5470539103832697,0.9399070425783675,0.9119733789382067,0.9121403417978426,3.3306690738754696e-16,2.0954117794933126e-31,18,18,1
standard_rank27,1,wildcard,27,0.05,1.7175830245739483,1.6281349653634265,0.5470539103832697,0.9399070425783675,0.8933500476767772,0.8938370116543528,3.3306690738754696e-16,5.17689969051289e-31,18,18,1
standard_rank27,1,wildcard,28,0.001,1.5199019064305148,1.4899580076770274,0.30021149300154354,0.9399070425783675,0.9390251399398027,0.9390251808528968,3.3306690738754696e-16,5.9164567891575885e-31,18,18,1
standard_rank27,1,wildcard,28,0.003,1.5199019064305148,1.4899580076770274,0.30021149300154354,0.9399070425783675,0.9372613346378517,0.937261704954937,3.3306690738754696e-16,4.190823558986625e-31,18,18,1
standard_rank27,1,wildcard,28,0.01,1.5199019064305148,1.4899580076770274,0.30021149300154354,0.9399070425783675,0.9310880158217288,0.9310922125315712,3.3306690738754696e-16,6.039716305598372e-31,18,18,1
standard_rank27,1,wildcard,28,0.03,1.5199019064305148,1.4899580076770274,0.30021149300154354,0.9399070425783675,0.9134499598714849,0.9134898753775558,3.3306690738754696e-16,2.0954117794933126e-31,18,18,1
standard_rank27,1,wildcard,28,0.05,1.5199019064305148,1.4899580076770274,0.30021149300154354,0.9399070425783675,0.8958119007563649,0.8959288836364134,3.3306690738754696e-16,2.341930812374879e-31,18,18,1
standard_rank27,1,wildcard,29,0.001,2.018107584706343,1.9602914737569248,0.47959937590156915,0.9399070425783675,0.9390069160886143,0.9390069926490644,3.3306690738754696e-16,3.821045009664276e-31,18,18,1
standard_rank27,1,wildcard,29,0.003,2.018107584706343,1.9602914737569248,0.47959937590156915,0.9399070425783675,0.9372066627849913,0.9372073565826357,2.220446049250313e-16,1.6023737137301802e-31,18,18,1
standard_rank27,1,wildcard,29,0.01,2.018107584706343,1.9602914737569248,0.47959937590156915,0.9399070425783675,0.9309057728555283,0.9309136674647069,3.3306690738754696e-16,4.807121141190541e-31,18,18,1
standard_rank27,1,wildcard,29,0.03,2.018107584706343,1.9602914737569248,0.47959937590156915,0.9399070425783675,0.9129032022407728,0.91297909940772,3.3306690738754696e-16,2.588449845256445e-31,18,18,1
standard_rank27,1,wildcard,29,0.05,2.018107584706343,1.9602914737569248,0.47959937590156915,0.9399070425783675,0.8949005923393218,0.8951251711190314,3.3306690738754696e-16,4.190823558986625e-31,18,18,1
standard_rank27,1,wildcard,30,0.001,2.2900700915867542,2.2063766224268284,0.6134518924810206,0.9399070425783675,0.9387409577130796,0.9387413211624397,3.3306690738754696e-16,4.5606021083089745e-31,18,18,1
standard_rank27,1,wildcard,30,0.003,2.2900700915867542,2.2063766224268284,0.6134518924810206,0.9399070425783675,0.9364087259383234,0.9364120130744567,3.3306690738754696e-16,2.834968878138011e-31,18,18,1
standard_rank27,1,wildcard,30,0.01,2.2900700915867542,2.2063766224268284,0.6134518924810206,0.9399070425783675,0.9282452891463642,0.9282824436077652,1.1102230246251565e-16,6.162975822039155e-32,18,18,1
standard_rank27,1,wildcard,30,0.03,2.2900700915867542,2.2063766224268284,0.6134518924810206,0.9399070425783675,0.9049164745812774,0.9052674759805063,3.3306690738754696e-16,4.314083075427408e-31,18,18,1
standard_rank27,1,wildcard,30,0.05,2.2900700915867542,2.2063766224268284,0.6134518924810206,0.9399070425783675,0.8815822887418475,0.8826051398368139,3.3306690738754696e-16,4.437342591868191e-31,18,18,1
standard_rank27,1,wildcard,31,0.001,1.6443244837991358,1.598715722777348,0.3845920510954379,0.9399070425783675,0.9390273858062235,0.939027471438849,3.3306690738754696e-16,3.5745259767827097e-31,18,18,1
standard_rank27,1,wildcard,31,0.003,1.6443244837991358,1.598715722777348,0.3845920510954379,0.9399070425783675,0.9372680698353889,0.9372688444141589,3.3306690738754696e-16,4.067564042545842e-31,18,18,1
standard_rank27,1,wildcard,31,0.01,1.6443244837991358,1.598715722777348,0.3845920510954379,0.9399070425783675,0.9311104390221828,0.9311191974702796,1.1102230246251565e-16,4.930380657631324e-32,18,18,1
standard_rank27,1,wildcard,31,0.03,1.6443244837991358,1.598715722777348,0.3845920510954379,0.9399070425783675,0.9135170086542835,0.9135998172853131,3.3306690738754696e-16,4.067564042545842e-31,18,18,1
standard_rank27,1,wildcard,31,0.05,1.6443244837991358,1.598715722777348,0.3845920510954379,0.9399070425783675,0.8959233169311717,0.8961647204646118,3.3306690738754696e-16,4.683861624749758e-31,18,18,1
standard_rank27,1,wildcard,32,0.001,1.6078018682871813,1.5890791676350915,0.24465127560655656,0.9399070425783675,0.9389220276038851,0.9389220567244748,3.3306690738754696e-16,2.588449845256445e-31,18,18,1
standard_rank27,1,wildcard,32,0.003,1.6078018682871813,1.5890791676350915,0.24465127560655656,0.9399070425783675,0.9369519975088485,0.9369522612217597,3.3306690738754696e-16,5.423418723394456e-31,18,18,1
standard_rank27,1,wildcard,32,0.01,1.6078018682871813,1.5890791676350915,0.24465127560655656,0.9399070425783675,0.9300568906513873,0.930059884491475,3.3306690738754696e-16,3.944304526105059e-31,18,18,1
standard_rank27,1,wildcard,32,0.03,1.6078018682871813,1.5890791676350915,0.24465127560655656,0.9399070425783675,0.9103565724943874,0.9103851868159415,2.220446049250313e-16,3.821045009664276e-31,18,18,1
standard_rank27,1,wildcard,32,0.05,1.6078018682871813,1.5890791676350915,0.24465127560655656,0.9399070425783675,0.8906562358254215,0.890740495651054,3.3306690738754696e-16,3.5745259767827097e-31,18,18,1
standard_rank27,1,wildcard,33,0.001,1.5731501338993208,1.4906321337078514,0.5028092936144175,0.9399070425783675,0.9390963224652132,0.9390965270414018,3.3306690738754696e-16,1.8488927466117464e-31,18,18,1
standard_rank27,1,wildcard,33,0.003,1.5731501338993208,1.4906321337078514,0.5028092936144175,0.9399070425783675,0.9374748795281345,0.9374767273810667,2.220446049250313e-16,2.0954117794933126e-31,18,18,1
standard_rank27,1,wildcard,33,0.01,1.5731501338993208,1.4906321337078514,0.5028092936144175,0.9399070425783675,0.9317998020040017,0.9318205940820453,3.3306690738754696e-16,5.300159206953673e-31,18,18,1
standard_rank27,1,wildcard,33,0.03,1.5731501338993208,1.4906321337078514,0.5028092936144175,0.9399070425783675,0.9155850919693014,0.9157790015467424,3.3306690738754696e-16,3.697785493223493e-31,18,18,1
standard_rank27,1,wildcard,33,0.05,1.5731501338993208,1.4906321337078514,0.5028092936144175,0.9399070425783675,0.8993701568225113,0.8999279869903266,3.3306690738754696e-16,7.1490519535654195e-31,18,18,1
standard_rank27,1,wildcard,34,0.001,1.9224934076835707,1.85435932696316,0.5072793994353847,0.9399070425783675,0.9389206941100503,0.9389208426417756,3.3306690738754696e-16,4.190823558986625e-31,18,18,1
standard_rank27,1,wildcard,34,0.003,1.9224934076835707,1.85435932696316,0.5072793994353847,0.9399070425783675,0.9369479922769149,0.936949335235294,3.3306690738754696e-16,5.7931972727168054e-31,18,18,1
standard_rank27,1,wildcard,34,0.01,1.9224934076835707,1.85435932696316,0.5072793994353847,0.9399070425783675,0.9300434858936937,0.9300586488949256,3.3306690738754696e-16,5.300159206953673e-31,18,18,1
standard_rank27,1,wildcard,34,0.03,1.9224934076835707,1.85435932696316,0.5072793994353847,0.9399070425783675,0.91031593266469,0.9104586958242866,3.3306690738754696e-16,1.9721522630525295e-31,18,18,1
standard_rank27,1,wildcard,34,0.05,1.9224934076835707,1.85435932696316,0.5072793994353847,0.9399070425783675,0.8905878862195422,0.8910023307662572,1.1102230246251565e-16,9.860761315262648e-32,18,18,1
standard_rank27,1,wildcard,35,0.001,2.112634751113669,1.993797521701228,0.6985678450022975,0.9399070425783675,0.9389296300751038,0.9389299469473092,2.220446049250313e-16,3.944304526105059e-31,18,18,1
standard_rank27,1,wildcard,35,0.003,2.112634751113669,1.993797521701228,0.6985678450022975,0.9399070425783675,0.9369748049361704,0.9369776734216724,3.3306690738754696e-16,2.2186712959340957e-31,18,18,1
standard_rank27,1,wildcard,35,0.01,2.112634751113669,1.993797521701228,0.6985678450022975,0.9399070425783675,0.9301329155638556,0.9301654378584383,3.3306690738754696e-16,5.053640174072107e-31,18,18,1
standard_rank27,1,wildcard,35,0.03,2.112634751113669,1.993797521701228,0.6985678450022975,0.9399070425783675,0.9105846484412778,0.9108943221536381,3.3306690738754696e-16,3.821045009664276e-31,18,18,1
standard_rank27,1,wildcard,35,0.05,2.112634751113669,1.993797521701228,0.6985678450022975,0.9399070425783675,0.891036364145227,0.8919447462915684,3.3306690738754696e-16,3.4512664603419266e-31,18,18,1
standard_rank27,1,wildcard,36,0.001,1.4249024388525802,1.394557767214807,0.29249887888483056,0.9399070425783675,0.9390402373326404,0.9390402996585584,3.3306690738754696e-16,6.656013887802287e-31,18,18,1
standard_rank27,1,wildcard,36,0.003,1.4249024388525802,1.394557767214807,0.29249887888483056,0.9399070425783675,0.9373066252675619,0.9373071885548571,3.3306690738754696e-16,3.4512664603419266e-31,18,18,1
standard_rank27,1,wildcard,36,0.01,1.4249024388525802,1.394557767214807,0.29249887888483056,0.9399070425783675,0.9312389668353018,0.9312453176623398,3.3306690738754696e-16,4.437342591868191e-31,18,18,1
standard_rank27,1,wildcard,36,0.03,1.4249024388525802,1.394557767214807,0.29249887888483056,0.9399070425783675,0.9139026689545002,0.9139622363524429,3.3306690738754696e-16,4.190823558986625e-31,18,18,1
standard_rank27,1,wildcard,36,0.05,1.4249024388525802,1.394557767214807,0.29249887888483056,0.9399070425783675,0.8965661964146927,0.8967385367109774,3.3306690738754696e-16,4.807121141190541e-31,18,18,1
standard_rank27,1,wildcard,37,0.001,1.971575713249213,1.8917834048614337,0.55521738280157,0.9399070425783675,0.9390982983918347,0.9390985557269569,3.3306690738754696e-16,4.807121141190541e-31,18,18,1
standard_rank27,1,wildcard,37,0.003,1.971575713249213,1.8917834048614337,0.55521738280157,0.9399070425783675,0.9374808100538192,0.9374831334516615,3.3306690738754696e-16,3.944304526105059e-31,18,18,1
standard_rank27,1,wildcard,37,0.01,1.971575713249213,1.8917834048614337,0.55521738280157,0.9399070425783675,0.9318196013658568,0.9318457048922308,3.3306690738754696e-16,4.807121141190541e-31,18,18,1
standard_rank27,1,wildcard,37,0.03,1.971575713249213,1.8917834048614337,0.55521738280157,0.9399070425783675,0.9156447268406398,0.9158871351080897,3.3306690738754696e-16,6.532754371361504e-31,18,18,1
standard_rank27,1,wildcard,37,0.05,1.971575713249213,1.8917834048614337,0.55521738280157,0.9399070425783675,0.8994698711716669,0.9001642833032375,3.3306690738754696e-16,5.669937756276022e-31,18,18,1
standard_rank27,1,wildcard,38,0.001,1.7884013657023061,1.7116030306590553,0.5184539615863798,0.9399070425783675,0.9390574810942622,0.9390576706650642,3.3306690738754696e-16,1.7256332301709633e-31,18,18,1
standard_rank27,1,wildcard,38,0.003,1.7884013657023061,1.7116030306590553,0.5184539615863798,0.9399070425783675,0.9373583548333194,0.9373600666995463,3.3306690738754696e-16,5.669937756276022e-31,18,18,1
standard_rank27,1,wildcard,38,0.01,1.7884013657023061,1.7116030306590553,0.5184539615863798,0.9399070425783675,0.9314113789701619,0.9314306233806903,3.3306690738754696e-16,5.423418723394456e-31,18,18,1
standard_rank27,1,wildcard,38,0.03,1.7884013657023061,1.7116030306590553,0.5184539615863798,0.9399070425783675,0.9144197441470021,0.914598763732517,3.3306690738754696e-16,2.2186712959340957e-31,18,18,1
standard_rank27,1,wildcard,38,0.05,1.7884013657023061,1.7116030306590553,0.5184539615863798,0.9399070425783675,0.8974277406269477,0.89794146706151,3.3306690738754696e-16,5.17689969051289e-31,18,18,1
standard_rank27,1,wildcard,39,0.001,1.7013542748839974,1.6745509325254406,0.30080814989662363,0.9399070425783675,0.938960156943866,0.9389602110204748,2.220446049250313e-16,1.355854680848614e-31,18,18,1
standard_rank27,1,wildcard,39,0.003,1.7013542748839974,1.6745509325254406,0.30080814989662363,0.9399070425783675,0.9370663858184717,0.9370668749234933,3.3306690738754696e-16,4.437342591868191e-31,18,18,1
standard_rank27,1,wildcard,39,0.01,1.7013542748839974,1.6745509325254406,0.30080814989662363,0.9399070425783675,0.9304381884799457,0.9304437174773461,3.3306690738754696e-16,2.711709361697228e-31,18,18,1
standard_rank27,1,wildcard,39,0.03,1.7013542748839974,1.6745509325254406,0.30080814989662363,0.9399070425783675,0.9115004978499237,0.9115527329802937,3.3306690738754696e-16,2.588449845256445e-31,18,18,1
standard_rank27,1,wildcard,39,0.05,1.7013542748839974,1.6745509325254406,0.30080814989662363,0.9399070425783675,0.8925628367520452,0.892714996537954,3.3306690738754696e-16,4.930380657631324e-31,18,18,1
standard_rank27,1,wildcard,40,0.001,1.704824877873546,1.6331091271976426,0.48926725097875196,0.9399070425783675,0.9390360666562985,0.9390362016260485,3.3306690738754696e-16,1.9721522630525295e-31,18,18,1
standard_rank27,1,wildcard,40,0.003,1.704824877873546,1.6331091271976426,0.48926725097875196,0.9399070425783675,0.9372941112559825,0.9372953317083069,3.3306690738754696e-16,4.190823558986625e-31,18,18,1
standard_rank27,1,wildcard,40,0.01,1.704824877873546,1.6331091271976426,0.48926725097875196,0.9399070425783675,0.9311972306816263,0.9312110149994097,3.3306690738754696e-16,3.821045009664276e-31,18,18,1
standard_rank27,1,wildcard,40,0.03,1.704824877873546,1.6331091271976426,0.48926725097875196,0.9399070425783675,0.9137772744583232,0.9139071740138568,3.3306690738754696e-16,2.834968878138011e-31,18,18,1
standard_rank27,1,wildcard,40,0.05,1.704824877873546,1.6331091271976426,0.48926725097875196,0.9399070425783675,0.8963569195212183,0.8967343464786971,3.3306690738754696e-16,5.053640174072107e-31,18,18,1
standard_rank27,1,wildcard,41,0.001,1.952189794677496,1.89696137248736,0.4610667475906664,0.9399070425783675,0.9389328012533555,0.9389329237580433,3.3306690738754696e-16,6.409494854920721e-31,18,18,1
standard_rank27,1,wildcard,41,0.003,1.952189794677496,1.89696137248736,0.4610667475906664,0.9399070425783675,0.9369843165627385,0.9369854249468048,3.3306690738754696e-16,5.300159206953673e-31,18,18,1
standard_rank27,1,wildcard,41,0.01,1.952189794677496,1.89696137248736,0.4610667475906664,0.9399070425783675,0.9301645998773633,0.9301771437267842,3.3306690738754696e-16,6.902532920683853e-31,18,18,1
standard_rank27,1,wildcard,41,0.03,1.952189794677496,1.89696137248736,0.4610667475906664,0.9399070425783675,0.910679550675346,0.9107984215108847,2.220446049250313e-16,1.9721522630525295e-31,18,18,1
standard_rank27,1,wildcard,41,0.05,1.952189794677496,1.89696137248736,0.4610667475906664,0.9399070425783675,0.8911943602925483,0.8915415877592254,3.3306690738754696e-16,5.546678239835239e-31,18,18,1
standard_rank27,1,wildcard,42,0.001,1.8027692751371105,1.7457535914024807,0.449801575679459,0.9399070425783675,0.9390132998294225,0.9390133800845877,3.3306690738754696e-16,3.4512664603419266e-31,18,18,1
standard_rank27,1,wildcard,42,0.003,1.8027692751371105,1.7457535914024807,0.449801575679459,0.9399070425783675,0.9372257736685643,0.9372264995983195,3.3306690738754696e-16,3.2047474274603605e-31,18,18,1
standard_rank27,1,wildcard,42,0.01,1.8027692751371105,1.7457535914024807,0.449801575679459,0.9399070425783675,0.9309690179881349,0.9309772260365946,3.3306690738754696e-16,3.697785493223493e-31,18,18,1
standard_rank27,1,wildcard,42,0.03,1.8027692751371105,1.7457535914024807,0.449801575679459,0.9399070425783675,0.9130893465586568,0.9131669443885309,2.220446049250313e-16,1.232595164407831e-31,18,18,1
standard_rank27,1,wildcard,42,0.05,1.8027692751371105,1.7457535914024807,0.449801575679459,0.9399070425783675,0.8952056854583595,0.8954318911436301,3.3306690738754696e-16,3.944304526105059e-31,18,18,1
standard_rank27,1,wildcard,43,0.001,1.788755802644328,1.7321062497605024,0.4466041435481346,0.9399070425783675,0.9389008579289535,0.9389009725181223,3.3306690738754696e-16,7.272311470006203e-31,18,18,1
standard_rank27,1,wildcard,43,0.003,1.788755802644328,1.7321062497605024,0.4466041435481346,0.9399070425783675,0.9368884887435868,0.9368895259221932,3.3306690738754696e-16,3.5745259767827097e-31,18,18,1
standard_rank27,1,wildcard,43,0.01,1.788755802644328,1.7321062497605024,0.4466041435481346,0.9399070425783675,0.9298451978012221,0.9298569518946853,3.3306690738754696e-16,2.711709361697228e-31,18,18,1
standard_rank27,1,wildcard,43,0.03,1.788755802644328,1.7321062497605024,0.4466041435481346,0.9399070425783675,0.9097215201178506,0.909833326445057,3.3306690738754696e-16,2.2186712959340957e-31,18,18,1
standard_rank27,1,wildcard,43,0.05,1.788755802644328,1.7321062497605024,0.4466041435481346,0.9399070425783675,0.8895978592725058,0.8899256137897156,3.3306690738754696e-16,4.930380657631324e-31,18,18,1
standard_rank27,1,wildcard,44,0.001,1.8958381466462975,1.8538913494301945,0.39659695256918026,0.9399070425783675,0.9389375596333803,0.9389376009116002,3.3306690738754696e-16,5.17689969051289e-31,18,18,1
standard_rank27,1,wildcard,44,0.003,1.8958381466462975,1.8538913494301945,0.39659695256918026,0.9399070425783675,0.9369985801960853,0.936998955059388,3.3306690738754696e-16,4.437342591868191e-31,18,18,1
standard_rank27,1,wildcard,44,0.01,1.8958381466462975,1.8538913494301945,0.39659695256918026,0.9399070425783675,0.9302120153259115,0.9302163119973823,3.3306690738754696e-16,2.465190328815662e-31,18,18,1
standard_rank27,1,wildcard,44,0.03,1.8958381466462975,1.8538913494301945,0.39659695256918026,0.9399070425783675,0.9108207941482602,0.9108629174416808,3.3306690738754696e-16,5.17689969051289e-31,18,18,1
standard_rank27,1,wildcard,44,0.05,1.8958381466462975,1.8538913494301945,0.39659695256918026,0.9399070425783675,0.8914283784322743,0.8915552957878862,3.3306690738754696e-16,3.3280069439011436e-31,18,18,1
standard_rank27,1,wildcard,45,0.001,1.5236088805068735,1.504996110726798,0.23742520392035119,0.9399070425783675,0.9389745438019225,0.9389745673434432,2.220446049250313e-16,2.2186712959340957e-31,18,18,1
standard_rank27,1,wildcard,45,0.003,1.5236088805068735,1.504996110726798,0.23742520392035119,0.9399070425783675,0.9371095425757386,0.9371097557524319,3.3306690738754696e-16,2.588449845256445e-31,18,18,1
standard_rank27,1,wildcard,45,0.01,1.5236088805068735,1.504996110726798,0.23742520392035119,0.9399070425783675,0.9305820006013675,0.9305844202024804,3.3306690738754696e-16,4.314083075427408e-31,18,18,1
standard_rank27,1,wildcard,45,0.03,1.5236088805068735,1.504996110726798,0.23742520392035119,0.9399070425783675,0.9119315799799895,0.9119546908061329,3.3306690738754696e-16,2.834968878138011e-31,18,18,1
standard_rank27,1,wildcard,45,0.05,1.5236088805068735,1.504996110726798,0.23742520392035119,0.9399070425783675,0.8932807684792023,0.8933487744920963,3.3306690738754696e-16,5.300159206953673e-31,18,18,1
standard_rank27,1,wildcard,46,0.001,1.703554540828143,1.6708334193445837,0.33228565779683034,0.9399070425783675,0.9389006545787646,0.938900736997499,3.3306690738754696e-16,4.067564042545842e-31,18,18,1
standard_rank27,1,wildcard,46,0.003,1.703554540828143,1.6708334193445837,0.33228565779683034,0.9399070425783675,0.9368878782457835,0.9368886235192381,3.3306690738754696e-16,4.067564042545842e-31,18,18,1
standard_rank27,1,wildcard,46,0.01,1.703554540828143,1.6708334193445837,0.33228565779683034,0.9399070425783675,0.9298431580728654,0.9298515760722452,2.220446049250313e-16,1.355854680848614e-31,18,18,1
standard_rank27,1,wildcard,46,0.03,1.703554540828143,1.6708334193445837,0.33228565779683034,0.9399070425783675,0.9097153729288414,0.9097947324882873,3.3306690738754696e-16,4.5606021083089745e-31,18,18,1
standard_rank27,1,wildcard,46,0.05,1.703554540828143,1.6708334193445837,0.33228565779683034,0.9399070425783675,0.8895875991700869,0.8898183364913865,3.3306690738754696e-16,3.5745259767827097e-31,18,18,1
standard_rank27,1,wildcard,47,0.001,1.618625998531331,1.598008940338474,0.2575219402688944,0.9399070425783675,0.9389080094723335,0.9389080501297797,3.3306690738754696e-16,3.0814879110195774e-31,18,18,1
standard_rank27,1,wildcard,47,0.003,1.618625998531331,1.598008940338474,0.2575219402688944,0.9399070425783675,0.936909943390192,0.9369103112661391,3.3306690738754696e-16,1.1093356479670479e-30,18,18,1
standard_rank27,1,wildcard,47,0.01,1.618625998531331,1.598008940338474,0.2575219402688944,0.9399070425783675,0.9299167135065505,0.9299208776919816,3.3306690738754696e-16,5.053640174072107e-31,18,18,1
standard_rank27,1,wildcard,47,0.03,1.618625998531331,1.598008940338474,0.2575219402688944,0.9399070425783675,0.909936069736416,0.9099755582324245,3.3306690738754696e-16,6.532754371361504e-31,18,18,1
standard_rank27,1,wildcard,47,0.05,1.618625998531331,1.598008940338474,0.2575219402688944,0.9399070425783675,0.8899554477930055,0.8900708924885778,3.3306690738754696e-16,5.423418723394456e-31,18,18,1
standard_rank27,1,wildcard,48,0.001,1.779325691948195,1.7182950570807338,0.46201949616746757,0.9399070425783675,0.9389051665400966,0.9389053256876747,3.3306690738754696e-16,6.902532920683853e-31,18,18,1
standard_rank27,1,wildcard,48,0.003,1.779325691948195,1.7182950570807338,0.46201949616746757,0.9399070425783675,0.9369014144809072,0.9369028541445422,3.3306690738754696e-16,3.2047474274603605e-31,18,18,1
standard_rank27,1,wildcard,48,0.01,1.779325691948195,1.7182950570807338,0.46201949616746757,0.9399070425783675,0.9298882827383301,0.9299045660530798,2.220446049250313e-16,1.9721522630525295e-31,18,18,1
standard_rank27,1,wildcard,48,0.03,1.779325691948195,1.7182950570807338,0.46201949616746757,0.9399070425783675,0.9098507745779717,0.9100048460631255,3.3306690738754696e-16,5.669937756276022e-31,18,18,1
standard_rank27,1,wildcard,48,0.05,1.779325691948195,1.7182950570807338,0.46201949616746757,0.9399070425783675,0.8898133003959046,0.8902627651783932,3.3306690738754696e-16,6.039716305598372e-31,18,18,1
standard_rank27,2,structured,0,0.001,1.4143149895647718,1.4142928662621388,0.00791063509613442,0.8815822887418475,0.8807007063432037,0.8807007063817671,3.3306690738754696e-16,5.669937756276022e-31,18,18,1
standard_rank27,2,structured,0,0.003,1.4143149895647718,1.4142928662621388,0.00791063509613442,0.8815822887418475,0.8789375408877359,0.8789375412344933,3.3306690738754696e-16,5.7931972727168054e-31,18,18,1
standard_rank27,2,structured,0,0.01,1.4143149895647718,1.4142928662621388,0.00791063509613442,0.8815822887418475,0.8727664549111301,0.8727664587522049,2.220446049250313e-16,2.711709361697228e-31,18,18,1
standard_rank27,2,structured,0,0.03,1.4143149895647718,1.4142928662621388,0.00791063509613442,0.8815822887418475,0.8551347224069228,0.8551347567014815,2.220446049250313e-16,3.2047474274603605e-31,18,18,1
standard_rank27,2,structured,0,0.05,1.4143149895647718,1.4142928662621388,0.00791063509613442,0.8815822887418475,0.8375029052552009,0.8375029998856693,3.3306690738754696e-16,3.697785493223493e-31,18,18,1
standard_rank27,2,wildcard,1,0.001,1.9432131711065825,1.8226482370825217,0.6738181002481869,0.8815822887418475,0.8807021665240446,0.8807023626976949,3.3306690738754696e-16,4.190823558986625e-31,18,18,1
standard_rank27,2,wildcard,1,0.003,1.9432131711065825,1.8226482370825217,0.6738181002481869,0.8815822887418475,0.8789419184518907,0.8789436950189625,3.3306690738754696e-16,4.437342591868191e-31,18,18,1
standard_rank27,2,wildcard,1,0.01,1.9432131711065825,1.8226482370825217,0.6738181002481869,0.8815822887418475,0.8727810179929064,0.8728011877329453,3.3306690738754696e-16,3.5745259767827097e-31,18,18,1
standard_rank27,2,wildcard,1,0.03,1.9432131711065825,1.8226482370825217,0.6738181002481869,0.8815822887418475,0.8551783195783484,0.8553710756788291,3.3306690738754696e-16,3.5745259767827097e-31,18,18,1
standard_rank27,2,wildcard,1,0.05,1.9432131711065825,1.8226482370825217,0.6738181002481869,0.8815822887418475,0.837575803505251,0.8381431325961698,2.220446049250313e-16,2.711709361697228e-31,18,18,1
standard_rank27,2,wildcard,2,0.001,1.4730658744125777,1.4447991931098756,0.2871904628429452,0.8815822887418475,0.8807362702173518,0.8807363236261881,2.220446049250313e-16,2.465190328815662e-31,18,18,1
standard_rank27,2,wildcard,2,0.003,1.4730658744125777,1.4447991931098756,0.2871904628429452,0.8815822887418475,0.8790442336430502,0.8790447163857918,3.3306690738754696e-16,5.423418723394456e-31,18,18,1
standard_rank27,2,wildcard,2,0.01,1.4730658744125777,1.4447991931098756,0.2871904628429452,0.8815822887418475,0.8731221106669882,0.8731275551622475,3.3306690738754696e-16,2.588449845256445e-31,18,18,1
standard_rank27,2,wildcard,2,0.03,1.4730658744125777,1.4447991931098756,0.2871904628429452,0.8815822887418475,0.8562018037196236,0.8562529145793795,3.3306690738754696e-16,4.683861624749758e-31,18,18,1
standard_rank27,2,wildcard,2,0.05,1.4730658744125777,1.4447991931098756,0.2871904628429452,0.8815822887418475,0.8392815657169543,0.8394295547474295,3.3306690738754696e-16,4.067564042545842e-31,18,18,1
standard_rank27,2,wildcard,3,0.001,1.7874650771793485,1.7061547494385219,0.5329797117190761,0.8815822887418475,0.8806501248817122,0.8806502850890716,3.3306690738754696e-16,4.067564042545842e-31,18,18,1
standard_rank27,2,wildcard,3,0.003,1.7874650771793485,1.7061547494385219,0.5329797117190761,0.8815822887418475,0.8787857947512189,0.8787872442868926,3.3306690738754696e-16,6.286235338479938e-31,18,18,1
standard_rank27,2,wildcard,3,0.01,1.7874650771793485,1.7061547494385219,0.5329797117190761,0.8815822887418475,0.8722606142480217,0.8722770201568314,3.3306690738754696e-16,4.190823558986625e-31,18,18,1
standard_rank27,2,wildcard,3,0.03,1.7874650771793485,1.7061547494385219,0.5329797117190761,0.8815822887418475,0.8536170332558276,0.8537725329404877,3.3306690738754696e-16,3.2047474274603605e-31,18,18,1
standard_rank27,2,wildcard,3,0.05,1.7874650771793485,1.7061547494385219,0.5329797117190761,0.8815822887418475,0.834973159974676,0.8354274625807946,3.3306690738754696e-16,2.465190328815662e-31,18,18,1
standard_rank27,2,wildcard,4,0.001,1.4857136754203595,1.4595103860595402,0.2778030927030976,0.8815822887418475,0.8807411908626952,0.88074125082627,3.3306690738754696e-16,7.025792437124636e-31,18,18,1
standard_rank27,2,wildcard,4,0.003,1.4857136754203595,1.4595103860595402,0.2778030927030976,0.8815822887418475,0.8790589921458872,0.8790595339242738,3.3306690738754696e-16,2.0954117794933126e-31,18,18,1
standard_rank27,2,wildcard,4,0.01,1.4857136754203595,1.4595103860595402,0.2778030927030976,0.8815822887418475,0.8731712659282089,0.8731773680807975,3.3306690738754696e-16,4.067564042545842e-31,18,18,1
standard_rank27,2,wildcard,4,0.03,1.4857136754203595,1.4595103860595402,0.2778030927030976,0.8815822887418475,0.8563489367796219,0.8564060131530643,3.3306690738754696e-16,4.683861624749758e-31,18,18,1
standard_rank27,2,wildcard,4,0.05,1.4857136754203595,1.4595103860595402,0.2778030927030976,0.8815822887418475,0.8395262531153415,0.8396909546436101,3.3306690738754696e-16,2.711709361697228e-31,18,18,1
standard_rank27,2,wildcard,5,0.001,1.6984398338402071,1.6329754095752878,0.4670001936804439,0.8815822887418475,0.8807852765423438,0.8807854530277297,3.3306690738754696e-16,1.8488927466117464e-31,18,18,1
standard_rank27,2,wildcard,5,0.003,1.6984398338402071,1.6329754095752878,0.4670001936804439,0.8815822887418475,0.8791912420425483,0.8791928357145689,3.3306690738754696e-16,3.4512664603419266e-31,18,18,1
standard_rank27,2,wildcard,5,0.01,1.6984398338402071,1.6329754095752878,0.4670001936804439,0.8815822887418475,0.8736120178709825,0.8736299324838253,3.3306690738754696e-16,7.1490519535654195e-31,18,18,1
standard_rank27,2,wildcard,5,0.03,1.6984398338402071,1.6329754095752878,0.4670001936804439,0.8815822887418475,0.8576705563309286,0.8578371841183643,3.3306690738754696e-16,2.341930812374879e-31,18,18,1
standard_rank27,2,wildcard,5,0.05,1.6984398338402071,1.6329754095752878,0.4670001936804439,0.8815822887418475,0.8417280352499696,0.842206169495983,2.220446049250313e-16,2.465190328815662e-31,18,18,1
standard_rank27,2,wildcard,6,0.001,1.8513888359422013,1.744381496388125,0.6203013919943636,0.8815822887418475,0.8807789985349104,0.880779280618962,3.3306690738754696e-16,6.286235338479938e-31,18,18,1
standard_rank27,2,wildcard,6,0.003,1.8513888359422013,1.744381496388125,0.6203013919943636,0.8815822887418475,0.8791723917638892,0.8791749390185778,3.3306690738754696e-16,1.8488927466117464e-31,18,18,1
standard_rank27,2,wildcard,6,0.01,1.8513888359422013,1.744381496388125,0.6203013919943636,0.8815822887418475,0.8735490013475082,0.8735776359031282,3.3306690738754696e-16,6.039716305598372e-31,18,18,1
standard_rank27,2,wildcard,6,0.03,1.8513888359422013,1.744381496388125,0.6203013919943636,0.8815822887418475,0.8574801330623165,0.8577464697999178,3.3306690738754696e-16,2.834968878138011e-31,18,18,1
standard_rank27,2,wildcard,6,0.05,1.8513888359422013,1.744381496388125,0.6203013919943636,0.8815822887418475,0.8414088330776479,0.8421730119748458,3.3306690738754696e-16,6.039716305598372e-31,18,18,1
standard_rank27,2,wildcard,7,0.001,2.087803045995148,2.0193784364009937,0.530124786692055,0.8815822887418475,0.8807082355823647,0.8807084877468836,3.3306690738754696e-16,6.039716305598372e-31,18,18,1
standard_rank27,2,wildcard,7,0.003,2.087803045995148,2.0193784364009937,0.530124786692055,0.8815822887418475,0.8789601267627425,0.87896240372522,3.3306690738754696e-16,3.0814879110195774e-31,18,18,1
standard_rank27,2,wildcard,7,0.01,2.087803045995148,2.0193784364009937,0.530124786692055,0.8815822887418475,0.8728417239182258,0.8728673157648045,3.3306690738754696e-16,5.17689969051289e-31,18,18,1
standard_rank27,2,wildcard,7,0.03,2.087803045995148,2.0193784364009937,0.530124786692055,0.8815822887418475,0.8553604926186401,0.8555984361485808,3.3306690738754696e-16,5.300159206953673e-31,18,18,1
standard_rank27,2,wildcard,7,0.05,2.087803045995148,2.0193784364009937,0.530124786692055,0.8815822887418475,0.83787940847159,0.838561945205926,3.3306690738754696e-16,2.834968878138011e-31,18,18,1
standard_rank27,2,wildcard,8,0.001,1.5693013938179985,1.524500200123917,0.37229827351365785,0.8815822887418475,0.8807559277297834,0.8807560599523014,3.3306690738754696e-16,3.3280069439011436e-31,18,18,1
standard_rank27,2,wildcard,8,0.003,1.5693013938179985,1.524500200123917,0.37229827351365785,0.8815822887418475,0.8791031857286011,0.8791043791380255,3.3306690738754696e-16,2.465190328815662e-31,18,18,1
standard_rank27,2,wildcard,8,0.01,1.5693013938179985,1.524500200123917,0.37229827351365785,0.8815822887418475,0.8733183851121696,0.8733317784100241,3.3306690738754696e-16,3.0814879110195774e-31,18,18,1
standard_rank27,2,wildcard,8,0.03,1.5693013938179985,1.524500200123917,0.37229827351365785,0.8815822887418475,0.8567887915671863,0.8569128119077214,3.3306690738754696e-16,2.9582283945787943e-31,18,18,1
standard_rank27,2,wildcard,8,0.05,1.5693013938179985,1.524500200123917,0.37229827351365785,0.8815822887418475,0.840257211212047,0.8406116174523074,2.220446049250313e-16,1.232595164407831e-31,18,18,1
standard_rank27,2,wildcard,9,0.001,1.9178321640417688,1.8181155690036779,0.610357261920891,0.8815822887418475,0.8807795037353963,0.8807797325250601,3.3306690738754696e-16,6.039716305598372e-31,18,18,1
standard_rank27,2,wildcard,9,0.003,1.9178321640417688,1.8181155690036779,0.610357261920891,0.8815822887418475,0.8791739330120572,0.879176001026759,3.3306690738754696e-16,2.465190328815662e-31,18,18,1
standard_rank27,2,wildcard,9,0.01,1.9178321640417688,1.8181155690036779,0.610357261920891,0.8815822887418475,0.8735544317890775,0.87357775769209,3.3306690738754696e-16,5.17689969051289e-31,18,18,1
standard_rank27,2,wildcard,9,0.03,1.9178321640417688,1.8181155690036779,0.610357261920891,0.8815822887418475,0.8574987765939743,0.8577177778887374,3.3306690738754696e-16,7.518830502887769e-31,18,18,1
standard_rank27,2,wildcard,9,0.05,1.9178321640417688,1.8181155690036779,0.610357261920891,0.8815822887418475,0.8414434427352295,0.8420774721110117,3.3306690738754696e-16,5.053640174072107e-31,18,18,1
standard_rank27,2,wildcard,10,0.001,1.9172992453194329,1.743963733048822,0.7966347305464933,0.8815822887418475,0.8808851714148271,0.8808857723335779,2.220446049250313e-16,2.711709361697228e-31,18,18,1
standard_rank27,2,wildcard,10,0.003,1.9172992453194329,1.743963733048822,0.7966347305464933,0.8815822887418475,0.8794909351093538,0.8794963615153714,3.3306690738754696e-16,2.341930812374879e-31,18,18,1
standard_rank27,2,wildcard,10,0.01,1.9172992453194329,1.743963733048822,0.7966347305464933,0.8815822887418475,0.8746110908906489,0.8746720898693058,3.3306690738754696e-16,5.669937756276022e-31,18,18,1
standard_rank27,2,wildcard,10,0.03,1.9172992453194329,1.743963733048822,0.7966347305464933,0.8815822887418475,0.8606685365210816,0.8612356748436113,2.220446049250313e-16,1.9721522630525295e-31,18,18,1
standard_rank27,2,wildcard,10,0.05,1.9172992453194329,1.743963733048822,0.7966347305464933,0.8815822887418475,0.8467257823404709,0.8483514917073351,3.3306690738754696e-16,4.314083075427408e-31,18,18,1
standard_rank27,2,wildcard,11,0.001,1.8601274985358585,1.8183426071266788,0.39205162149520856,0.8815822887418475,0.8806603242167075,0.880660471879834,3.3306690738754696e-16,4.437342591868191e-31,18,18,1
standard_rank27,2,wildcard,11,0.003,1.8601274985358585,1.8183426071266788,0.39205162149520856,0.8815822887418475,0.8788163966382213,0.8788177307131467,3.3306690738754696e-16,2.9582283945787943e-31,18,18,1
standard_rank27,2,wildcard,11,0.01,1.8601274985358585,1.8183426071266788,0.39205162149520856,0.8815822887418475,0.8723626658939554,0.8723776887753786,3.3306690738754696e-16,3.944304526105059e-31,18,18,1
standard_rank27,2,wildcard,11,0.03,1.8601274985358585,1.8183426071266788,0.39205162149520856,0.8815822887418475,0.8539235786749101,0.8540640198984066,2.220446049250313e-16,2.341930812374879e-31,18,18,1
standard_rank27,2,wildcard,11,0.05,1.8601274985358585,1.8183426071266788,0.39205162149520856,0.8815822887418475,0.8354847241723222,0.8358897940486226,2.220446049250313e-16,2.834968878138011e-31,18,18,1
standard_rank27,2,wildcard,12,0.001,2.0012302332752894,1.8663446698574626,0.7222741999197448,0.8815822887418475,0.8807446459714546,0.8807451076099455,2.220446049250313e-16,2.711709361697228e-31,18,18,1
standard_rank27,2,wildcard,12,0.003,2.0012302332752894,1.8663446698574626,0.7222741999197448,0.8815822887418475,0.8790693430117831,0.8790735131226183,3.3306690738754696e-16,5.053640174072107e-31,18,18,1
standard_rank27,2,wildcard,12,0.01,2.0012302332752894,1.8663446698574626,0.7222741999197448,0.8815822887418475,0.8732056047763076,0.8732525391392995,3.3306690738754696e-16,2.2186712959340957e-31,18,18,1
standard_rank27,2,wildcard,12,0.03,2.0012302332752894,1.8663446698574626,0.7222741999197448,0.8815822887418475,0.8564506679668535,0.8568886763569573,3.3306690738754696e-16,5.546678239835239e-31,18,18,1
standard_rank27,2,wildcard,12,0.05,2.0012302332752894,1.8663446698574626,0.7222741999197448,0.8815822887418475,0.8396939638144767,0.8409547000193396,3.3306690738754696e-16,6.286235338479938e-31,18,18,1
standard_rank27,2,wildcard,13,0.001,1.6609784208899194,1.6060918170697962,0.4234600214936585,0.8815822887418475,0.8807309437983071,0.8807310290455411,3.3306690738754696e-16,3.821045009664276e-31,18,18,1
standard_rank27,2,wildcard,13,0.003,1.6609784208899194,1.6060918170697962,0.4234600214936585,0.8815822887418475,0.8790282523540287,0.8790290236554571,3.3306690738754696e-16,2.834968878138011e-31,18,18,1
standard_rank27,2,wildcard,13,0.01,1.6609784208899194,1.6060918170697962,0.4234600214936585,0.8815822887418475,0.8730688160731193,0.8730775454397263,2.220446049250313e-16,3.5745259767827097e-31,18,18,1
standard_rank27,2,wildcard,13,0.03,1.6609784208899194,1.6060918170697962,0.4234600214936585,0.8815822887418475,0.8560417193250279,0.8561244461806048,3.3306690738754696e-16,4.190823558986625e-31,18,18,1
standard_rank27,2,wildcard,13,0.05,1.6609784208899194,1.6060918170697962,0.4234600214936585,0.8815822887418475,0.8390144288500884,0.8392560634992763,3.3306690738754696e-16,2.711709361697228e-31,18,18,1
standard_rank27,2,wildcard,14,0.001,1.985885600755106,1.8832728576816777,0.630099169024968,0.8815822887418475,0.8807303118646712,0.8807306247759831,3.3306690738754696e-16,3.821045009664276e-31,18,18,1
standard_rank27,2,wildcard,14,0.003,1.985885600755106,1.8832728576816777,0.630099169024968,0.8815822887418475,0.8790263555152387,0.8790291832063688,2.220446049250313e-16,1.9721522630525295e-31,18,18,1
standard_rank27,2,wildcard,14,0.01,1.985885600755106,1.8832728576816777,0.630099169024968,0.8815822887418475,0.873062486470911,0.8730943541681329,2.220446049250313e-16,1.8488927466117464e-31,18,18,1
standard_rank27,2,wildcard,14,0.03,1.985885600755106,1.8832728576816777,0.630099169024968,0.8815822887418475,0.856022809724608,0.8563213253188886,2.220446049250313e-16,1.4791141972893971e-31,18,18,1
standard_rank27,2,wildcard,14,0.05,1.985885600755106,1.8832728576816777,0.630099169024968,0.8815822887418475,0.8389833895876024,0.8398457949686281,3.3306690738754696e-16,4.683861624749758e-31,18,18,1
standard_rank27,2,wildcard,15,0.001,2.0099000962452305,1.945399765278529,0.505092219441984,0.8815822887418475,0.8806831158481143,0.8806833564373102,3.3306690738754696e-16,3.3280069439011436e-31,18,18,1
standard_rank27,2,wildcard,15,0.003,2.0099000962452305,1.945399765278529,0.505092219441984,0.8815822887418475,0.8788847715453695,0.8788869450788739,3.3306690738754696e-16,4.314083075427408e-31,18,18,1
standard_rank27,2,wildcard,15,0.01,2.0099000962452305,1.945399765278529,0.505092219441984,0.8815822887418475,0.872590582321764,0.8726150544457308,3.3306690738754696e-16,5.17689969051289e-31,18,18,1
standard_rank27,2,wildcard,15,0.03,2.0099000962452305,1.945399765278529,0.505092219441984,0.8815822887418475,0.8546073264589275,0.8548359790303256,2.220446049250313e-16,1.355854680848614e-31,18,18,1
standard_rank27,2,wildcard,15,0.05,2.0099000962452305,1.945399765278529,0.505092219441984,0.8815822887418475,0.836624295938196,0.8372833270307207,3.3306690738754696e-16,6.409494854920721e-31,18,18,1
standard_rank27,2,wildcard,16,0.001,1.633474558528548,1.585912036213206,0.3913082503016231,0.8815822887418475,0.8807174073604032,0.8807175602569558,3.3306690738754696e-16,4.437342591868191e-31,18,18,1
standard_rank27,2,wildcard,16,0.003,1.633474558528548,1.585912036213206,0.3913082503016231,0.8815822887418475,0.8789876234043189,0.8789890034497216,3.3306690738754696e-16,4.437342591868191e-31,18,18,1
standard_rank27,2,wildcard,16,0.01,1.633474558528548,1.585912036213206,0.3913082503016231,0.8815822887418475,0.8729331629022924,0.8729486522361203,3.3306690738754696e-16,6.162975822039155e-31,18,18,1
standard_rank27,2,wildcard,16,0.03,1.633474558528548,1.585912036213206,0.3913082503016231,0.8815822887418475,0.8556329952933827,0.8557764653755889,2.220446049250313e-16,2.2186712959340957e-31,18,18,1
standard_rank27,2,wildcard,16,0.05,1.633474558528548,1.585912036213206,0.3913082503016231,0.8815822887418475,0.8383306595116705,0.8387407708762247,3.3306690738754696e-16,3.821045009664276e-31,18,18,1
standard_rank27,2,wildcard,17,0.001,1.8857714513707011,1.8228209473733261,0.483174668853584,0.8815822887418475,0.8808904663191969,0.8808907595593363,2.220446049250313e-16,3.2047474274603605e-31,18,18,1
standard_rank27,2,wildcard,17,0.003,1.8857714513707011,1.8228209473733261,0.483174668853584,0.8815822887418475,0.879506801029396,0.8795094473788877,3.3306690738754696e-16,2.2186712959340957e-31,18,18,1
standard_rank27,2,wildcard,17,0.01,1.8857714513707011,1.8228209473733261,0.483174668853584,0.8815822887418475,0.8746637647691299,0.8746934491728455,3.3306690738754696e-16,5.546678239835239e-31,18,18,1
standard_rank27,2,wildcard,17,0.03,1.8857714513707011,1.8228209473733261,0.483174668853584,0.8815822887418475,0.8608249083490391,0.8610993557257008,3.3306690738754696e-16,5.9164567891575885e-31,18,18,1
standard_rank27,2,wildcard,17,0.05,1.8857714513707011,1.8228209473733261,0.483174668853584,0.8815822887418475,0.846984071841903,0.8477669674599617,3.3306690738754696e-16,6.902532920683853e-31,18,18,1
standard_rank27,2,wildcard,18,0.001,2.04660106759837,1.9072914122818512,0.7421693866838532,0.8815822887418475,0.8806237664525578,0.8806241186839014,3.3306690738754696e-16,3.821045009664276e-31,18,18,1
standard_rank27,2,wildcard,18,0.003,2.04660106759837,1.9072914122818512,0.7421693866838532,0.8815822887418475,0.878706721122765,0.8787099077952897,3.3306690738754696e-16,2.588449845256445e-31,18,18,1
standard_rank27,2,wildcard,18,0.01,2.04660106759837,1.9072914122818512,0.7421693866838532,0.8815822887418475,0.8719970577143363,0.8720331133788047,3.3306690738754696e-16,5.9164567891575885e-31,18,18,1
standard_rank27,2,wildcard,18,0.03,2.04660106759837,1.9072914122818512,0.7421693866838532,0.8815822887418475,0.8528266295544704,0.8531680291208208,3.3306690738754696e-16,3.2047474274603605e-31,18,18,1
standard_rank27,2,wildcard,18,0.05,2.04660106759837,1.9072914122818512,0.7421693866838532,0.8815822887418475,0.833656456060647,0.8346526683493788,3.3306690738754696e-16,4.437342591868191e-31,18,18,1
standard_rank27,2,wildcard,19,0.001,1.6148314102827082,1.5164031691564157,0.555159357489378,0.8815822887418475,0.8808592359165142,0.8808594540634801,3.3306690738754696e-16,2.711709361697228e-31,18,18,1
standard_rank27,2,wildcard,19,0.003,1.6148314102827082,1.5164031691564157,0.555159357489378,0.8815822887418475,0.879413122181951,0.879415092798616,2.220446049250313e-16,2.341930812374879e-31,18,18,1
standard_rank27,2,wildcard,19,0.01,1.6148314102827082,1.5164031691564157,0.555159357489378,0.8815822887418475,0.8743516410769341,0.8743738214350076,2.220446049250313e-16,2.2186712959340957e-31,18,18,1
standard_rank27,2,wildcard,19,0.03,1.6148314102827082,1.5164031691564157,0.555159357489378,0.8815822887418475,0.8598896007039588,0.8600966162590544,3.3306690738754696e-16,5.9164567891575885e-31,18,18,1
standard_rank27,2,wildcard,19,0.05,1.6148314102827082,1.5164031691564157,0.555159357489378,0.8815822887418475,0.8454266844311157,0.8460225594911227,3.3306690738754696e-16,3.5745259767827097e-31,18,18,1
standard_rank27,2,wildcard,20,0.001,1.9883188498313635,1.8905626283834605,0.6157798281484531,0.8815822887418475,0.8806128883796838,0.8806130779454356,3.3306690738754696e-16,5.423418723394456e-31,18,18,1
standard_rank27,2,wildcard,20,0.003,1.9883188498313635,1.8905626283834605,0.6157798281484531,0.8815822887418475,0.8786740804348274,0.878675796103958,3.3306690738754696e-16,2.0954117794933126e-31,18,18,1
standard_rank27,2,wildcard,20,0.01,1.9883188498313635,1.8905626283834605,0.6157798281484531,0.8815822887418475,0.8718881859259343,0.8719076237437018,3.3306690738754696e-16,2.9582283945787943e-31,18,18,1
standard_rank27,2,wildcard,20,0.03,1.9883188498313635,1.8905626283834605,0.6157798281484531,0.8815822887418475,0.8524995744890863,0.8526843426813339,3.3306690738754696e-16,3.4512664603419266e-31,18,18,1
standard_rank27,2,wildcard,20,0.05,1.9883188498313635,1.8905626283834605,0.6157798281484531,0.8815822887418475,0.8331110258567185,0.8336523961800533,3.3306690738754696e-16,5.053640174072107e-31,18,18,1
standard_rank27,2,wildcard,21,0.001,1.8697641810337338,1.8159338124368072,0.44542393461226604,0.8815822887418475,0.880623560199963,0.8806236677403334,3.3306690738754696e-16,5.7931972727168054e-31,18,18,1
standard_rank27,2,wildcard,21,0.003,1.8697641810337338,1.8159338124368072,0.44542393461226604,0.8815822887418475,0.8787061034022988,0.8787070762457992,3.3306690738754696e-16,1.8488927466117464e-31,18,18,1
standard_rank27,2,wildcard,21,0.01,1.8697641810337338,1.8159338124368072,0.44542393461226604,0.8815822887418475,0.8719950076397732,0.8720060118657972,2.220446049250313e-16,1.232595164407831e-31,18,18,1
standard_rank27,2,wildcard,21,0.03,1.8697641810337338,1.8159338124368072,0.44542393461226604,0.8815822887418475,0.85282047492871,0.8529246167721879,3.3306690738754696e-16,2.711709361697228e-31,18,18,1
standard_rank27,2,wildcard,21,0.05,1.8697641810337338,1.8159338124368072,0.44542393461226604,0.8815822887418475,0.8336459832671295,0.8339498427189646,3.3306690738754696e-16,2.0954117794933126e-31,18,18,1
standard_rank27,2,wildcard,22,0.001,2.3129626049752576,2.2420998913599326,0.5681409060943473,0.8815822887418475,0.8805068092737979,0.8805069661508826,2.220446049250313e-16,1.8488927466117464e-31,18,18,1
standard_rank27,2,wildcard,22,0.003,2.3129626049752576,2.2420998913599326,0.5681409060943473,0.8815822887418475,0.8783558512375349,0.8783572737182863,3.3306690738754696e-16,3.0814879110195774e-31,18,18,1
standard_rank27,2,wildcard,22,0.01,2.3129626049752576,2.2420998913599326,0.5681409060943473,0.8815822887418475,0.870827507745539,0.8708437277108867,3.3306690738754696e-16,2.0954117794933126e-31,18,18,1
standard_rank27,2,wildcard,22,0.03,2.3129626049752576,2.2420998913599326,0.5681409060943473,0.8815822887418475,0.8493180422726094,0.8494749128827909,3.3306690738754696e-16,2.2186712959340957e-31,18,18,1
standard_rank27,2,wildcard,22,0.05,2.3129626049752576,2.2420998913599326,0.5681409060943473,0.8815822887418475,0.8278087182600188,0.828275699248742,3.3306690738754696e-16,3.2047474274603605e-31,18,18,1
standard_rank27,2,wildcard,23,0.001,2.0807670485661123,1.9480531934194691,0.7312183435928936,0.8815822887418475,0.8806749047943544,0.8806752597583196,3.3306690738754696e-16,3.5745259767827097e-31,18,18,1
standard_rank27,2,wildcard,23,0.003,2.0807670485661123,1.9480531934194691,0.7312183435928936,0.8815822887418475,0.8788601285902766,0.8788633381930778,3.3306690738754696e-16,5.7931972727168054e-31,18,18,1
standard_rank27,2,wildcard,23,0.01,2.0807670485661123,1.9480531934194691,0.7312183435928936,0.8815822887418475,0.8725083264368285,0.8725445716035534,3.3306690738754696e-16,3.944304526105059e-31,18,18,1
standard_rank27,2,wildcard,23,0.03,2.0807670485661123,1.9480531934194691,0.7312183435928936,0.8815822887418475,0.8543596333390389,0.8547010126562213,3.3306690738754696e-16,6.532754371361504e-31,18,18,1
standard_rank27,2,wildcard,23,0.05,2.0807670485661123,1.9480531934194691,0.7312183435928936,0.8815822887418475,0.8362100335589395,0.8372011917068641,2.220446049250313e-16,1.1093356479670479e-31,18,18,1
standard_rank27,2,wildcard,24,0.001,1.9284235051807872,1.7713017758561689,0.7624350688304778,0.8815822887418475,0.8808129216105328,0.8808134245745652,3.3306690738754696e-16,5.053640174072107e-31,18,18,1
standard_rank27,2,wildcard,24,0.003,1.9284235051807872,1.7713017758561689,0.7624350688304778,0.8815822887418475,0.8792741851465873,0.8792787252448983,3.3306690738754696e-16,3.944304526105059e-31,18,18,1
standard_rank27,2,wildcard,24,0.01,1.9284235051807872,1.7713017758561689,0.7624350688304778,0.8815822887418475,0.873888587267595,0.8739395551037193,3.3306690738754696e-16,3.2047474274603605e-31,18,18,1
standard_rank27,2,wildcard,24,0.03,1.9284235051807872,1.7713017758561689,0.7624350688304778,0.8815822887418475,0.8585010632491151,0.858973221696111,3.3306690738754696e-16,3.821045009664276e-31,18,18,1
standard_rank27,2,wildcard,24,0.05,1.9284235051807872,1.7713017758561689,0.7624350688304778,0.8815822887418475,0.8431135662648498,0.8444624867765413,3.3306690738754696e-16,3.0814879110195774e-31,18,18,1
standard_rank27,2,wildcard,25,0.001,1.8790704539446081,1.7519246794621122,0.6794598504541467,0.8815822887418475,0.880879024936849,0.8808794279810913,3.3306690738754696e-16,6.77927340424307e-31,18,18,1
standard_rank27,2,wildcard,25,0.003,1.8790704539446081,1.7519246794621122,0.6794598504541467,0.8815822887418475,0.8794724650292016,0.8794761042430183,2.220446049250313e-16,1.1093356479670479e-31,18,18,1
standard_rank27,2,wildcard,25,0.01,1.8790704539446081,1.7519246794621122,0.6794598504541467,0.8815822887418475,0.8745491728216488,0.8745900689993681,3.3306690738754696e-16,3.944304526105059e-31,18,18,1
standard_rank27,2,wildcard,25,0.03,1.8790704539446081,1.7519246794621122,0.6794598504541467,0.8815822887418475,0.8604799407924654,0.8608599180493561,3.3306690738754696e-16,2.465190328815662e-31,18,18,1
standard_rank27,2,wildcard,25,0.05,1.8790704539446081,1.7519246794621122,0.6794598504541467,0.8815822887418475,0.8464071501504797,0.8474959954094783,3.3306690738754696e-16,3.944304526105059e-31,18,18,1
standard_rank27,2,wildcard,26,0.001,1.5308129023059869,1.5106277474737881,0.24777399062199196,0.8815822887418475,0.8806915435278933,0.8806915881679028,2.220446049250313e-16,2.588449845256445e-31,18,18,1
standard_rank27,2,wildcard,26,0.003,1.5308129023059869,1.5106277474737881,0.24777399062199196,0.8815822887418475,0.8789100505000801,0.8789104540351577,3.3306690738754696e-16,4.683861624749758e-31,18,18,1
standard_rank27,2,wildcard,26,0.01,1.5308129023059869,1.5106277474737881,0.24777399062199196,0.8815822887418475,0.8726747979267646,0.8726793511168767,3.3306690738754696e-16,2.2186712959340957e-31,18,18,1
standard_rank27,2,wildcard,26,0.03,1.5308129023059869,1.5106277474737881,0.24777399062199196,0.8815822887418475,0.8548595674070624,0.8549023672115763,3.3306690738754696e-16,4.190823558986625e-31,18,18,1
standard_rank27,2,wildcard,26,0.05,1.5308129023059869,1.5106277474737881,0.24777399062199196,0.8815822887418475,0.8370440257198755,0.8371681221684326,3.3306690738754696e-16,3.2047474274603605e-31,18,18,1
standard_rank27,2,wildcard,27,0.001,1.6260237090564802,1.5907574907210782,0.33681405571705575,0.8815822887418475,0.8807864229301193,0.8807865034106326,3.3306690738754696e-16,5.17689969051289e-31,18,18,1
standard_rank27,2,wildcard,27,0.003,1.6260237090564802,1.5907574907210782,0.33681405571705575,0.8815822887418475,0.879194690703655,0.8791954177421891,2.220446049250313e-16,1.8488927466117464e-31,18,18,1
standard_rank27,2,wildcard,27,0.01,1.6260237090564802,1.5907574907210782,0.33681405571705575,0.8815822887418475,0.8736236216060805,0.8736318059085372,2.220446049250313e-16,1.7256332301709633e-31,18,18,1
standard_rank27,2,wildcard,27,0.03,1.6260237090564802,1.5907574907210782,0.33681405571705575,0.8815822887418475,0.8577062279470178,0.8577826586028378,3.3306690738754696e-16,4.067564042545842e-31,18,18,1
standard_rank27,2,wildcard,27,0.05,1.6260237090564802,1.5907574907210782,0.33681405571705575,0.8815822887418475,0.8417887567960491,0.842008950189941,3.3306690738754696e-16,6.039716305598372e-31,18,18,1
standard_rank27,2,wildcard,28,0.001,2.03723631776182,1.9995403271672871,0.3900901106660833,0.8815822887418475,0.8805130890058555,0.8805132032823593,3.3306690738754696e-16,4.807121141190541e-31,18,18,1
standard_rank27,2,wildcard,28,0.003,2.03723631776182,1.9995403271672871,0.3900901106660833,0.8815822887418475,0.8783746916105076,0.8783757249864873,3.3306690738754696e-16,5.9164567891575885e-31,18,18,1
standard_rank27,2,wildcard,28,0.01,2.03723631776182,1.9995403271672871,0.3900901106660833,0.8815822887418475,0.8708903233103615,0.8709019966869119,3.3306690738754696e-16,3.697785493223493e-31,18,18,1
standard_rank27,2,wildcard,28,0.03,2.03723631776182,1.9995403271672871,0.3900901106660833,0.8815822887418475,0.8495066271168502,0.8496167171410004,2.220446049250313e-16,2.834968878138011e-31,18,18,1
standard_rank27,2,wildcard,28,0.05,2.03723631776182,1.9995403271672871,0.3900901106660833,0.8815822887418475,0.8281232953119257,0.8284435345233805,3.3306690738754696e-16,3.2047474274603605e-31,18,18,1
standard_rank27,2,wildcard,29,0.001,1.540660534297449,1.5211766690054938,0.24424664504359672,0.8815822887418475,0.8806917366667972,0.8806917761310388,3.3306690738754696e-16,4.437342591868191e-31,18,18,1
standard_rank27,2,wildcard,29,0.003,1.540660534297449,1.5211766690054938,0.24424664504359672,0.8815822887418475,0.8789106319334665,0.8789109887542998,2.220446049250313e-16,3.2047474274603605e-31,18,18,1
standard_rank27,2,wildcard,29,0.01,1.540660534297449,1.5211766690054938,0.24424664504359672,0.8815822887418475,0.8726767592688721,0.8726807882225189,3.3306690738754696e-16,4.314083075427408e-31,18,18,1
standard_rank27,2,wildcard,29,0.03,1.540660534297449,1.5211766690054938,0.24424664504359672,0.8815822887418475,0.8548656428883675,0.8549035877446531,3.3306690738754696e-16,4.930380657631324e-31,18,18,1
standard_rank27,2,wildcard,29,0.05,1.540660534297449,1.5211766690054938,0.24424664504359672,0.8815822887418475,0.837054451565287,0.8371646674768684,3.3306690738754696e-16,2.588449845256445e-31,18,18,1
standard_rank27,2,wildcard,30,0.001,1.7649477032994207,1.7293582672113545,0.35264766979187706,0.8815822887418475,0.8806602838644659,0.8806603674724719,3.3306690738754696e-16,3.3280069439011436e-31,18,18,1
standard_rank27,2,wildcard,30,0.003,1.7649477032994207,1.7293582672113545,0.35264766979187706,0.8815822887418475,0.8788162763179538,0.8788170321870987,2.220446049250313e-16,3.5745259767827097e-31,18,18,1
standard_rank27,2,wildcard,30,0.01,1.7649477032994207,1.7293582672113545,0.35264766979187706,0.8815822887418475,0.8723622747340396,0.8723708062226039,2.220446049250313e-16,1.7256332301709633e-31,18,18,1
standard_rank27,2,wildcard,30,0.03,1.7649477032994207,1.7293582672113545,0.35264766979187706,0.8815822887418475,0.8539225240369355,0.8540027918872847,3.3306690738754696e-16,3.944304526105059e-31,18,18,1
standard_rank27,2,wildcard,30,0.05,1.7649477032994207,1.7293582672113545,0.35264766979187706,0.8815822887418475,0.8354832487251327,0.8357161768485036,3.3306690738754696e-16,3.3280069439011436e-31,18,18,1
standard_rank27,2,wildcard,31,0.001,1.737815779496931,1.7108019603578677,0.30522178150355256,0.8815822887418475,0.8806656261756984,0.8806656878090781,3.3306690738754696e-16,3.3280069439011436e-31,18,18,1
standard_rank27,2,wildcard,31,0.003,1.737815779496931,1.7108019603578677,0.30522178150355256,0.8815822887418475,0.8788323001037449,0.8788328573662247,3.3306690738754696e-16,3.821045009664276e-31,18,18,1
standard_rank27,2,wildcard,31,0.01,1.737815779496931,1.7108019603578677,0.30522178150355256,0.8815822887418475,0.8724156512956451,0.8724219434542917,3.3306690738754696e-16,4.930380657631324e-31,18,18,1
standard_rank27,2,wildcard,31,0.03,1.737815779496931,1.7108019603578677,0.30522178150355256,0.8815822887418475,0.8540823629866758,0.8541416305837953,2.220446049250313e-16,2.588449845256445e-31,18,18,1
standard_rank27,2,wildcard,31,0.05,1.737815779496931,1.7108019603578677,0.30522178150355256,0.8815822887418475,0.8357492124019371,0.8359214268645128,3.3306690738754696e-16,3.5745259767827097e-31,18,18,1
standard_rank27,2,wildcard,32,0.001,1.568663981538104,1.5525690757057915,0.2241337817845425,0.8815822887418475,0.8807215803230634,0.8807216302331127,3.3306690738754696e-16,4.190823558986625e-31,18,18,1
standard_rank27,2,wildcard,32,0.003,1.568663981538104,1.5525690757057915,0.2241337817845425,0.8815822887418475,0.8790001648204703,0.8790006154882172,3.3306690738754696e-16,2.711709361697228e-31,18,18,1
standard_rank27,2,wildcard,32,0.01,1.568663981538104,1.5525690757057915,0.2241337817845425,0.8815822887418475,0.872975225327122,0.8729802905665041,3.3306690738754696e-16,4.437342591868191e-31,18,18,1
standard_rank27,2,wildcard,32,0.03,1.568663981538104,1.5525690757057915,0.2241337817845425,0.8815822887418475,0.8557612579026838,0.8558083611369087,3.3306690738754696e-16,5.053640174072107e-31,18,18,1
standard_rank27,2,wildcard,32,0.05,1.568663981538104,1.5525690757057915,0.2241337817845425,0.8815822887418475,0.8385475521794616,0.8386827319926835,2.220446049250313e-16,2.2186712959340957e-31,18,18,1
standard_rank27,2,wildcard,33,0.001,1.6239757055257185,1.601394829027991,0.26987347720768556,0.8815822887418475,0.8806436621583096,0.8806436871232657,3.3306690738754696e-16,4.314083075427408e-31,18,18,1
standard_rank27,2,wildcard,33,0.003,1.6239757055257185,1.601394829027991,0.26987347720768556,0.8815822887418475,0.8787664049909987,0.8787666313208042,3.3306690738754696e-16,5.053640174072107e-31,18,18,1
standard_rank27,2,wildcard,33,0.01,1.6239757055257185,1.601394829027991,0.26987347720768556,0.8815822887418475,0.8721959635022767,0.8721985426464005,3.3306690738754696e-16,2.2186712959340957e-31,18,18,1
standard_rank27,2,wildcard,33,0.03,1.6239757055257185,1.601394829027991,0.26987347720768556,0.8815822887418475,0.853422933724612,0.853447832075555,3.3306690738754696e-16,8.504906634414034e-31,18,18,1
standard_rank27,2,wildcard,33,0.05,1.6239757055257185,1.601394829027991,0.26987347720768556,0.8815822887418475,0.8346494374436418,0.8347234163828543,2.220446049250313e-16,1.4791141972893971e-31,18,18,1
standard_rank27,2,wildcard,34,0.001,2.1045502577702777,2.0209511670858777,0.5872718005618635,0.8815822887418475,0.8807047142815642,0.8807050188292493,3.3306690738754696e-16,2.465190328815662e-31,18,18,1
standard_rank27,2,wildcard,34,0.003,2.1045502577702777,2.0209511670858777,0.5872718005618635,0.8815822887418475,0.8789495657382128,0.8789523182615101,3.3306690738754696e-16,3.5745259767827097e-31,18,18,1
standard_rank27,2,wildcard,34,0.01,2.1045502577702777,2.0209511670858777,0.5872718005618635,0.8815822887418475,0.8728065549773005,0.8728375921745873,3.3306690738754696e-16,3.944304526105059e-31,18,18,1
standard_rank27,2,wildcard,34,0.03,2.1045502577702777,2.0209511670858777,0.5872718005618635,0.8815822887418475,0.855255302815269,0.8555465155152395,3.3306690738754696e-16,6.656013887802287e-31,18,18,1
standard_rank27,2,wildcard,34,0.05,2.1045502577702777,2.0209511670858777,0.5872718005618635,0.8815822887418475,0.8377046673713883,0.8385474923976436,3.3306690738754696e-16,2.465190328815662e-31,18,18,1
standard_rank27,2,wildcard,35,0.001,1.6422138509436577,1.572379600564372,0.47380241025159936,0.8815822887418475,0.8807203600591458,0.8807205765617546,3.3306690738754696e-16,6.409494854920721e-31,18,18,1
standard_rank27,2,wildcard,35,0.003,1.6422138509436577,1.572379600564372,0.47380241025159936,0.8815822887418475,0.8789965038556092,0.8789984596943756,3.3306690738754696e-16,3.4512664603419266e-31,18,18,1
standard_rank27,2,wildcard,35,0.01,1.6422138509436577,1.572379600564372,0.47380241025159936,0.8815822887418475,0.8729630196688191,0.8729850371748216,3.3306690738754696e-16,3.944304526105059e-31,18,18,1
standard_rank27,2,wildcard,35,0.03,1.6422138509436577,1.572379600564372,0.47380241025159936,0.8815822887418475,0.8557246090094229,0.8559302355595578,3.3306690738754696e-16,3.944304526105059e-31,18,18,1
standard_rank27,2,wildcard,35,0.05,1.6422138509436577,1.572379600564372,0.47380241025159936,0.8815822887418475,0.8384863898535678,0.8390788071089814,3.3306690738754696e-16,2.834968878138011e-31,18,18,1
standard_rank27,2,wildcard,36,0.001,1.6026906518690025,1.5793402337874287,0.2725834762573814,0.8815822887418475,0.8807438439277232,0.8807438973314914,2.220446049250313e-16,1.355854680848614e-31,18,18,1
standard_rank27,2,wildcard,36,0.003,1.6026906518690025,1.5793402337874287,0.2725834762573814,0.8815822887418475,0.879066948486218,0.8790674311673042,3.3306690738754696e-16,4.5606021083089745e-31,18,18,1
standard_rank27,2,wildcard,36,0.01,1.6026906518690025,1.5793402337874287,0.2725834762573814,0.8815822887418475,0.8731977546016157,0.8732031978343733,2.220446049250313e-16,3.0814879110195774e-31,18,18,1
standard_rank27,2,wildcard,36,0.03,1.6026906518690025,1.5793402337874287,0.2725834762573814,0.8815822887418475,0.8564281460906843,0.8564792345310331,3.3306690738754696e-16,4.5606021083089745e-31,18,18,1
standard_rank27,2,wildcard,36,0.05,1.6026906518690025,1.5793402337874287,0.2725834762573814,0.8815822887418475,0.8396578932285522,0.8398058063273985,3.3306690738754696e-16,2.9582283945787943e-31,18,18,1
standard_rank27,2,wildcard,37,0.001,1.8795875734385976,1.784862468552989,0.5891650147248442,0.8815822887418475,0.8807210670491348,0.880721227225459,2.220446049250313e-16,1.232595164407831e-31,18,18,1
standard_rank27,2,wildcard,37,0.003,1.8795875734385976,1.784862468552989,0.5891650147248442,0.8815822887418475,0.8789986239237069,0.8790000738815442,2.220446049250313e-16,1.1093356479670479e-31,18,18,1
standard_rank27,2,wildcard,37,0.01,1.8795875734385976,1.784862468552989,0.5891650147248442,0.8815822887418475,0.8729700757340482,0.8729865134403876,3.3306690738754696e-16,3.821045009664276e-31,18,18,1
standard_rank27,2,wildcard,37,0.03,1.8795875734385976,1.784862468552989,0.5891650147248442,0.8815822887418475,0.8557456763957166,0.8559021444431268,2.220446049250313e-16,2.2186712959340957e-31,18,18,1
standard_rank27,2,wildcard,37,0.05,1.8795875734385976,1.784862468552989,0.5891650147248442,0.8815822887418475,0.8385213139481362,0.8389801295235394,3.3306690738754696e-16,3.821045009664276e-31,18,18,1
standard_rank27,2,wildcard,38,0.001,1.644267888207021,1.6252517788402765,0.24934623230619177,0.8815822887418475,0.8806314424875871,0.8806314939311368,2.220446049250313e-16,1.7256332301709633e-31,18,18,1
standard_rank27,2,wildcard,38,0.003,1.644267888207021,1.6252517788402765,0.24934623230619177,0.8815822887418475,0.8787297495363902,0.8787302145753171,2.220446049250313e-16,1.8488927466117464e-31,18,18,1
standard_rank27,2,wildcard,38,0.01,1.644267888207021,1.6252517788402765,0.24934623230619177,0.8815822887418475,0.8720738195789246,0.8720790668451214,3.3306690738754696e-16,2.9582283945787943e-31,18,18,1
standard_rank27,2,wildcard,38,0.03,1.644267888207021,1.6252517788402765,0.24934623230619177,0.8815822887418475,0.8530568376646644,0.8531061691366436,2.220446049250313e-16,2.834968878138011e-31,18,18,1
standard_rank27,2,wildcard,38,0.05,1.644267888207021,1.6252517788402765,0.24934623230619177,0.8815822887418475,0.8340397988846516,0.8341828737165173,3.3306690738754696e-16,6.039716305598372e-31,18,18,1
standard_rank27,2,wildcard,39,0.001,2.0385024812564327,1.9965083955372134,0.41163891050052215,0.8815822887418475,0.8806646181846284,0.8806647130053264,3.3306690738754696e-16,4.190823558986625e-31,18,18,1
standard_rank27,2,wildcard,39,0.003,2.0385024812564327,1.9965083955372134,0.41163891050052215,0.8815822887418475,0.878829277729224,0.8788301354191427,3.3306690738754696e-16,3.697785493223493e-31,18,18,1
standard_rank27,2,wildcard,39,0.01,2.0385024812564327,1.9965083955372134,0.41163891050052215,0.8815822887418475,0.8724055940974818,0.8724152923698383,3.3306690738754696e-16,6.039716305598372e-31,18,18,1
standard_rank27,2,wildcard,39,0.03,2.0385024812564327,1.9965083955372134,0.41163891050052215,0.8815822887418475,0.8540523070476539,0.8541440018600029,3.3306690738754696e-16,2.834968878138011e-31,18,18,1
standard_rank27,2,wildcard,39,0.05,2.0385024812564327,1.9965083955372134,0.41163891050052215,0.8815822887418475,0.8356992264759203,0.8359665285726415,2.220446049250313e-16,1.9721522630525295e-31,18,18,1
standard_rank27,2,wildcard,40,0.001,1.8485018467344299,1.772175105699434,0.5256942762859396,0.8815822887418475,0.880667937656677,0.8806680481483538,3.3306690738754696e-16,3.697785493223493e-31,18,18,1
standard_rank27,2,wildcard,40,0.003,1.8485018467344299,1.772175105699434,0.5256942762859396,0.8815822887418475,0.8788392337995194,0.8788402349311071,3.3306690738754696e-16,4.437342591868191e-31,18,18,1
standard_rank27,2,wildcard,40,0.01,1.8485018467344299,1.772175105699434,0.5256942762859396,0.8815822887418475,0.8724387570884894,0.8724501433519778,3.3306690738754696e-16,4.930380657631324e-31,18,18,1
standard_rank27,2,wildcard,40,0.03,1.8485018467344299,1.772175105699434,0.5256942762859396,0.8815822887418475,0.8541516809972136,0.8542610509168236,3.3306690738754696e-16,6.039716305598372e-31,18,18,1
standard_rank27,2,wildcard,40,0.05,1.8485018467344299,1.772175105699434,0.5256942762859396,0.8815822887418475,0.8358648842397417,0.8361884564584852,3.3306690738754696e-16,3.5745259767827097e-31,18,18,1
standard_rank27,2,wildcard,41,0.001,2.137431306418515,2.075150754224622,0.5122127847866971,0.8815822887418475,0.8806326840313976,0.8806328333072453,3.3306690738754696e-16,3.697785493223493e-31,18,18,1
standard_rank27,2,wildcard,41,0.003,2.137431306418515,2.075150754224622,0.5122127847866971,0.8815822887418475,0.8787334612591963,0.8787348107266194,3.3306690738754696e-16,4.437342591868191e-31,18,18,1
standard_rank27,2,wildcard,41,0.01,2.137431306418515,2.075150754224622,0.5122127847866971,0.8815822887418475,0.8720860446358238,0.8721012727088855,3.3306690738754696e-16,4.930380657631324e-31,18,18,1
standard_rank27,2,wildcard,41,0.03,2.137431306418515,2.075150754224622,0.5122127847866971,0.8815822887418475,0.8530923347486264,0.85323550251543,3.3306690738754696e-16,3.0814879110195774e-31,18,18,1
standard_rank27,2,wildcard,41,0.05,2.137431306418515,2.075150754224622,0.5122127847866971,0.8815822887418475,0.8340972128211361,0.8345123050591667,3.3306690738754696e-16,8.011868568650901e-31,18,18,1
standard_rank27,2,wildcard,42,0.001,1.8457939964711827,1.7695519046093038,0.5250157467187498,0.8815822887418475,0.8807194053330274,0.8807195904140337,2.220446049250313e-16,3.0814879110195774e-31,18,18,1
standard_rank27,2,wildcard,42,0.003,1.8457939964711827,1.7695519046093038,0.5250157467187498,0.8815822887418475,0.8789936354307633,0.8789953082670104,3.3306690738754696e-16,3.4512664603419266e-31,18,18,1
standard_rank27,2,wildcard,42,0.01,1.8457939964711827,1.7695519046093038,0.5250157467187498,0.8815822887418475,0.8729534115432729,0.8729722766252074,3.3306690738754696e-16,4.930380657631324e-31,18,18,1
standard_rank27,2,wildcard,42,0.03,1.8457939964711827,1.7695519046093038,0.5250157467187498,0.8815822887418475,0.8556954587663008,0.8558725222118955,3.3306690738754696e-16,4.807121141190541e-31,18,18,1
standard_rank27,2,wildcard,42,0.05,1.8457939964711827,1.7695519046093038,0.5250157467187498,0.8815822887418475,0.8384374538213668,0.8389500697053904,3.3306690738754696e-16,2.834968878138011e-31,18,18,1
standard_rank27,2,wildcard,43,0.001,1.573654451211489,1.5561024901545812,0.23437869346944495,0.8815822887418475,0.8806957740605439,0.8806957965009217,3.3306690738754696e-16,4.314083075427408e-31,18,18,1
standard_rank27,2,wildcard,43,0.003,1.573654451211489,1.5561024901545812,0.23437869346944495,0.8815822887418475,0.8789227404222923,0.8789229437159602,3.3306690738754696e-16,1.8488927466117464e-31,18,18,1
standard_rank27,2,wildcard,43,0.01,1.573654451211489,1.5561024901545812,0.23437869346944495,0.8815822887418475,0.8727170784970464,0.872719389380292,3.3306690738754696e-16,2.465190328815662e-31,18,18,1
standard_rank27,2,wildcard,43,0.03,1.573654451211489,1.5561024901545812,0.23437869346944495,0.8815822887418475,0.8549862546490129,0.8550084178507791,3.3306690738754696e-16,3.944304526105059e-31,18,18,1
standard_rank27,2,wildcard,43,0.05,1.573654451211489,1.5561024901545812,0.23437869346944495,0.8815822887418475,0.8372549383395637,0.8373204098651302,2.220446049250313e-16,1.8488927466117464e-31,18,18,1
standard_rank27,2,wildcard,44,0.001,1.7607177060105663,1.6609451288007544,0.5842842795867074,0.8815822887418475,0.8807400265818252,0.8807401314973182,2.220446049250313e-16,2.9582283945787943e-31,18,18,1
standard_rank27,2,wildcard,44,0.003,1.7607177060105663,1.6609451288007544,0.5842842795867074,0.8815822887418475,0.8790555038595705,0.8790564549083697,3.3306690738754696e-16,4.067564042545842e-31,18,18,1
standard_rank27,2,wildcard,44,0.01,1.7607177060105663,1.6609451288007544,0.5842842795867074,0.8815822887418475,0.8731596917765183,0.873170525034741,2.220446049250313e-16,2.2186712959340957e-31,18,18,1
standard_rank27,2,wildcard,44,0.03,1.7607177060105663,1.6609451288007544,0.5842842795867074,0.8815822887418475,0.8563146806618892,0.8564191180362501,3.3306690738754696e-16,4.314083075427408e-31,18,18,1
standard_rank27,2,wildcard,44,0.05,1.7607177060105663,1.6609451288007544,0.5842842795867074,0.8815822887418475,0.8394699566249924,0.8397797385027009,3.3306690738754696e-16,5.423418723394456e-31,18,18,1
standard_rank27,2,wildcard,45,0.001,1.852705770481954,1.8064935536447915,0.4112173544695599,0.8815822887418475,0.8806259430707318,0.8806260286704991,2.220446049250313e-16,1.232595164407831e-31,18,18,1
standard_rank27,2,wildcard,45,0.003,1.852705770481954,1.8064935536447915,0.4112173544695599,0.8815822887418475,0.8787132532201696,0.8787140280711181,3.3306690738754696e-16,5.300159206953673e-31,18,18,1
standard_rank27,2,wildcard,45,0.01,1.852705770481954,1.8064935536447915,0.4112173544695599,0.8815822887418475,0.8720188547725959,0.8720276386303265,3.3306690738754696e-16,3.2047474274603605e-31,18,18,1
standard_rank27,2,wildcard,45,0.03,1.852705770481954,1.8064935536447915,0.4112173544695599,0.8815822887418475,0.8528921487134316,0.8529757862290306,1.1102230246251565e-16,6.162975822039155e-32,18,18,1
standard_rank27,2,wildcard,45,0.05,1.852705770481954,1.8064935536447915,0.4112173544695599,0.8815822887418475,0.8337656826903279,0.8340111673001814,3.3306690738754696e-16,6.162975822039155e-31,18,18,1
standard_rank27,2,wildcard,46,0.001,1.9928762666898834,1.9088809861498184,0.5724763707363867,0.8815822887418475,0.8807938134475625,0.8807941359764575,3.3306690738754696e-16,5.053640174072107e-31,18,18,1
standard_rank27,2,wildcard,46,0.003,1.9928762666898834,1.9088809861498184,0.5724763707363867,0.8815822887418475,0.8792168159290696,0.8792197285036957,3.3306690738754696e-16,2.9582283945787943e-31,18,18,1
standard_rank27,2,wildcard,46,0.01,1.9928762666898834,1.9088809861498184,0.5724763707363867,0.8815822887418475,0.8736968478335385,0.8737295932273238,3.3306690738754696e-16,2.0954117794933126e-31,18,18,1
standard_rank27,2,wildcard,46,0.03,1.9928762666898834,1.9088809861498184,0.5724763707363867,0.8815822887418475,0.8579218241116046,0.8582265310975812,3.3306690738754696e-16,4.683861624749758e-31,18,18,1
standard_rank27,2,wildcard,46,0.05,1.9928762666898834,1.9088809861498184,0.5724763707363867,0.8815822887418475,0.8421423132885247,0.8430170726967702,2.220446049250313e-16,1.4791141972893971e-31,18,18,1
standard_rank27,2,wildcard,47,0.001,1.7464942995240682,1.7071999087013856,0.36838948139170175,0.8815822887418475,0.8808273812979178,0.8808275137810477,3.3306690738754696e-16,2.9582283945787943e-31,18,18,1
standard_rank27,2,wildcard,47,0.003,1.7464942995240682,1.7071999087013856,0.36838948139170175,0.8815822887418475,0.8793175673974823,0.8793187631129474,3.3306690738754696e-16,3.3280069439011436e-31,18,18,1
standard_rank27,2,wildcard,47,0.01,1.7464942995240682,1.7071999087013856,0.36838948139170175,0.8815822887418475,0.8740332295630707,0.8740466468501776,2.220446049250313e-16,2.341930812374879e-31,18,18,1
standard_rank27,2,wildcard,47,0.03,1.7464942995240682,1.7071999087013856,0.36838948139170175,0.8815822887418475,0.8589352254847359,0.8590594118212966,3.3306690738754696e-16,6.532754371361504e-31,18,18,1
standard_rank27,2,wildcard,47,0.05,1.7464942995240682,1.7071999087013856,0.36838948139170175,0.8815822887418475,0.8438374032078233,0.8441920972318011,3.3306690738754696e-16,3.3280069439011436e-31,18,18,1
standard_rank27,2,wildcard,48,0.001,1.8672568638931892,1.8296714689445404,0.37276066247198997,0.8815822887418475,0.880763889415867,0.880763959099651,3.3306690738754696e-16,5.546678239835239e-31,18,18,1
standard_rank27,2,wildcard,48,0.003,1.8672568638931892,1.8296714689445404,0.37276066247198997,0.8815822887418475,0.8791270780964582,0.8791277079308903,2.220446049250313e-16,1.4791141972893971e-31,18,18,1
standard_rank27,2,wildcard,48,0.01,1.8672568638931892,1.8296714689445404,0.37276066247198997,0.8815822887418475,0.8733981160689755,0.8734052193958032,2.220446049250313e-16,2.2186712959340957e-31,18,18,1
standard_rank27,2,wildcard,48,0.03,1.8672568638931892,1.8296714689445404,0.37276066247198997,0.8815822887418475,0.8570288704911595,0.8570955807787357,3.3306690738754696e-16,5.9164567891575885e-31,18,18,1
standard_rank27,2,wildcard,48,0.05,1.8672568638931892,1.8296714689445404,0.37276066247198997,0.8815822887418475,0.8406591183722849,0.8408524931742017,3.3306690738754696e-16,5.053640174072107e-31,18,18,1
standard_rank27,3,structured,0,0.001,1.4143327930812755,1.414304466370718,0.008951312134009414,0.8278087182600188,0.8269809094036762,0.8269809094482569,3.3306690738754696e-16,2.834968878138011e-31,18,18,1
standard_rank27,3,structured,0,0.003,1.4143327930812755,1.414304466370718,0.008951312134009414,0.8278087182600188,0.8253252908642541,0.8253252912649834,3.3306690738754696e-16,2.588449845256445e-31,18,18,1
standard_rank27,3,structured,0,0.01,1.4143327930812755,1.414304466370718,0.008951312134009414,0.8278087182600188,0.8195306173341624,0.8195306217679171,3.3306690738754696e-16,2.711709361697228e-31,18,18,1
standard_rank27,3,structured,0,0.03,1.4143327930812755,1.414304466370718,0.008951312134009414,0.8278087182600188,0.8029743341345215,0.8029743736064232,3.3306690738754696e-16,2.465190328815662e-31,18,18,1
standard_rank27,3,structured,0,0.05,1.4143327930812755,1.414304466370718,0.008951312134009414,0.8278087182600188,0.7864179449339326,0.7864180536277855,3.3306690738754696e-16,3.5745259767827097e-31,18,18,1
standard_rank27,3,wildcard,1,0.001,1.8201064174912422,1.7243817082199195,0.5824904251138873,0.8278087182600188,0.8269459494523868,0.826946306279218,3.3306690738754696e-16,3.697785493223493e-31,18,18,1
standard_rank27,3,wildcard,1,0.003,1.8201064174912422,1.7243817082199195,0.5824904251138873,0.8278087182600188,0.8252204141821102,0.8252236376588876,2.220446049250313e-16,1.4791141972893971e-31,18,18,1
standard_rank27,3,wildcard,1,0.01,1.8201064174912422,1.7243817082199195,0.5824904251138873,0.8278087182600188,0.8191810664366362,0.8192173535812548,3.3306690738754696e-16,4.067564042545842e-31,18,18,1
standard_rank27,3,wildcard,1,0.03,1.8201064174912422,1.7243817082199195,0.5824904251138873,0.8278087182600188,0.801926034611531,0.8022649350207383,3.3306690738754696e-16,5.17689969051289e-31,18,18,1
standard_rank27,3,wildcard,1,0.05,1.8201064174912422,1.7243817082199195,0.5824904251138873,0.8278087182600188,0.7846714360826746,0.7856479316599161,3.3306690738754696e-16,3.3280069439011436e-31,18,18,1
standard_rank27,3,wildcard,2,0.001,1.8741887350397872,1.8314986189964333,0.39773888817187003,0.8278087182600188,0.8268708932918198,0.8268709845291705,3.3306690738754696e-16,4.067564042545842e-31,18,18,1
standard_rank27,3,wildcard,2,0.003,1.8741887350397872,1.8314986189964333,0.39773888817187003,0.8278087182600188,0.8249952404790057,0.8249960662908846,3.3306690738754696e-16,4.930380657631324e-31,18,18,1
standard_rank27,3,wildcard,2,0.01,1.8741887350397872,1.8314986189964333,0.39773888817187003,0.8278087182600188,0.8184304257796924,0.818439784615222,2.220446049250313e-16,1.355854680848614e-31,18,18,1
standard_rank27,3,wildcard,2,0.03,1.8741887350397872,1.8314986189964333,0.39773888817187003,0.8278087182600188,0.79967356516438,0.7997626086446475,3.3306690738754696e-16,2.834968878138011e-31,18,18,1
standard_rank27,3,wildcard,2,0.05,1.8741887350397872,1.8314986189964333,0.39773888817187003,0.8278087182600188,0.7809163594944485,0.7811775260305335,3.3306690738754696e-16,1.8488927466117464e-31,18,18,1
standard_rank27,3,wildcard,3,0.001,1.5360355639757146,1.5197000368632916,0.22342124284835033,0.8278087182600188,0.8269805502753194,0.8269805850284644,2.220446049250313e-16,1.9721522630525295e-31,18,18,1
standard_rank27,3,wildcard,3,0.003,1.5360355639757146,1.5197000368632916,0.22342124284835033,0.8278087182600188,0.825324211905741,0.825324526014267,3.3306690738754696e-16,5.546678239835239e-31,18,18,1
standard_rank27,3,wildcard,3,0.01,1.5360355639757146,1.5197000368632916,0.22342124284835033,0.8278087182600188,0.8195270026841603,0.8195305448393286,2.220446049250313e-16,1.8488927466117464e-31,18,18,1
standard_rank27,3,wildcard,3,0.03,1.5360355639757146,1.5197000368632916,0.22342124284835033,0.8278087182600188,0.8029633409275674,0.8029965851798566,2.220446049250313e-16,2.711709361697228e-31,18,18,1
standard_rank27,3,wildcard,3,0.05,1.5360355639757146,1.5197000368632916,0.22342124284835033,0.8278087182600188,0.7863993892554211,0.7864956383063559,3.3306690738754696e-16,4.314083075427408e-31,18,18,1
standard_rank27,3,wildcard,4,0.001,1.9914911193289109,1.9150258044146324,0.5465464726736494,0.8278087182600188,0.8268841614037276,0.8268843968250389,3.3306690738754696e-16,3.4512664603419266e-31,18,18,1
standard_rank27,3,wildcard,4,0.003,1.9914911193289109,1.9150258044146324,0.5465464726736494,0.8278087182600188,0.8250350361687846,0.8250371648631506,3.3306690738754696e-16,5.546678239835239e-31,18,18,1
standard_rank27,3,wildcard,4,0.01,1.9914911193289109,1.9150258044146324,0.5465464726736494,0.8278087182600188,0.8185629800173573,0.8185870198722276,3.3306690738754696e-16,6.162975822039155e-31,18,18,1
standard_rank27,3,wildcard,4,0.03,1.9914911193289109,1.9150258044146324,0.5465464726736494,0.8278087182600188,0.8000704605981064,0.8002969940235293,3.3306690738754696e-16,4.437342591868191e-31,18,18,1
standard_rank27,3,wildcard,4,0.05,1.9914911193289109,1.9150258044146324,0.5465464726736494,0.8278087182600188,0.781576758365383,0.7822351635841441,3.3306690738754696e-16,4.067564042545842e-31,18,18,1
standard_rank27,3,wildcard,5,0.001,1.9733871992899592,1.919628635656321,0.4574745233231246,0.8278087182600188,0.826892187492043,0.8268924498528163,3.3306690738754696e-16,2.711709361697228e-31,18,18,1
standard_rank27,3,wildcard,5,0.003,1.9733871992899592,1.919628635656321,0.4574745233231246,0.8278087182600188,0.8250590873369428,0.8250614558643857,3.3306690738754696e-16,4.5606021083089745e-31,18,18,1
standard_rank27,3,wildcard,5,0.01,1.9733871992899592,1.919628635656321,0.4574745233231246,0.8278087182600188,0.8186428487440384,0.8186694509021054,3.3306690738754696e-16,4.190823558986625e-31,18,18,1
standard_rank27,3,wildcard,5,0.03,1.9733871992899592,1.919628635656321,0.4574745233231246,0.8278087182600188,0.8003078495517956,0.8005547665783918,3.3306690738754696e-16,3.821045009664276e-31,18,18,1
standard_rank27,3,wildcard,5,0.05,1.9733871992899592,1.919628635656321,0.4574745233231246,0.8278087182600188,0.7819696349013203,0.782677059229735,3.3306690738754696e-16,5.546678239835239e-31,18,18,1
standard_rank27,3,wildcard,6,0.001,1.9378268852016047,1.8803581195059003,0.4684296952781575,0.8278087182600188,0.8268702265154324,0.8268704171346988,3.3306690738754696e-16,4.683861624749758e-31,18,18,1
standard_rank27,3,wildcard,6,0.003,1.9378268852016047,1.8803581195059003,0.4684296952781575,0.8278087182600188,0.824993245902915,0.8249949691400275,3.3306690738754696e-16,4.437342591868191e-31,18,18,1
standard_rank27,3,wildcard,6,0.01,1.9378268852016047,1.8803581195059003,0.4684296952781575,0.8278087182600188,0.8184238450036675,0.818443292085555,3.3306690738754696e-16,4.190823558986625e-31,18,18,1
standard_rank27,3,wildcard,6,0.03,1.9378268852016047,1.8803581195059003,0.4684296952781575,0.8278087182600188,0.7996544221013021,0.7998373153007344,3.3306690738754696e-16,1.7256332301709633e-31,18,18,1
standard_rank27,3,wildcard,6,0.05,1.9378268852016047,1.8803581195059003,0.4684296952781575,0.8278087182600188,0.7808854987374976,0.781416055185581,2.220446049250313e-16,2.2186712959340957e-31,18,18,1
standard_rank27,3,wildcard,7,0.001,1.7768937299015306,1.7479487935336853,0.31941562664889817,0.8278087182600188,0.8269800514946896,0.8269801705344766,2.220446049250313e-16,1.1093356479670479e-31,18,18,1
standard_rank27,3,wildcard,7,0.003,1.7768937299015306,1.7479487935336853,0.31941562664889817,0.8278087182600188,0.8253227197771803,0.8253237941896687,3.3306690738754696e-16,4.190823558986625e-31,18,18,1
standard_rank27,3,wildcard,7,0.01,1.7768937299015306,1.7479487935336853,0.31941562664889817,0.8278087182600188,0.8195220793709962,0.8195341367994611,3.3306690738754696e-16,2.0954117794933126e-31,18,18,1
standard_rank27,3,wildcard,7,0.03,1.7768937299015306,1.7479487935336853,0.31941562664889817,0.8278087182600188,0.802949037279712,0.8030606848856958,3.3306690738754696e-16,2.834968878138011e-31,18,18,1
standard_rank27,3,wildcard,7,0.05,1.7768937299015306,1.7479487935336853,0.31941562664889817,0.8278087182600188,0.7863764132307367,0.7866954881124211,3.3306690738754696e-16,5.9164567891575885e-31,18,18,1
standard_rank27,3,wildcard,8,0.001,1.902541135879496,1.826259167950741,0.5333293777671633,0.8278087182600188,0.8270070395703907,0.8270072723422883,3.3306690738754696e-16,7.395570986446986e-31,18,18,1
standard_rank27,3,wildcard,8,0.003,1.902541135879496,1.826259167950741,0.5333293777671633,0.8278087182600188,0.8254036836972837,0.8254057872459034,3.3306690738754696e-16,4.314083075427408e-31,18,18,1
standard_rank27,3,wildcard,8,0.01,1.902541135879496,1.826259167950741,0.5333293777671633,0.8278087182600188,0.8197919547034163,0.8198156638201977,3.3306690738754696e-16,3.2047474274603605e-31,18,18,1
standard_rank27,3,wildcard,8,0.03,1.902541135879496,1.826259167950741,0.5333293777671633,0.8278087182600188,0.8037586041810184,0.8039807803192379,3.3306690738754696e-16,4.437342591868191e-31,18,18,1
standard_rank27,3,wildcard,8,0.05,1.902541135879496,1.826259167950741,0.5333293777671633,0.8278087182600188,0.7877255388926998,0.7883677351361601,3.3306690738754696e-16,3.3280069439011436e-31,18,18,1
standard_rank27,3,wildcard,9,0.001,2.00667519696598,1.923216026424883,0.5727001500095293,0.8278087182600188,0.8269588807546079,0.8269590984418238,3.3306690738754696e-16,5.17689969051289e-31,18,18,1
standard_rank27,3,wildcard,9,0.003,2.00667519696598,1.923216026424883,0.5727001500095293,0.8278087182600188,0.8252592079395713,0.8252611761700561,3.3306690738754696e-16,3.4512664603419266e-31,18,18,1
standard_rank27,3,wildcard,9,0.01,2.00667519696598,1.923216026424883,0.5727001500095293,0.8278087182600188,0.819310378321128,0.8193326011515112,3.3306690738754696e-16,5.423418723394456e-31,18,18,1
standard_rank27,3,wildcard,9,0.03,2.00667519696598,1.923216026424883,0.5727001500095293,0.8278087182600188,0.8023139934509449,0.80252323436463,1.1102230246251565e-16,7.395570986446986e-32,18,18,1
standard_rank27,3,wildcard,9,0.05,2.00667519696598,1.923216026424883,0.5727001500095293,0.8278087182600188,0.7853181451961079,0.7859256217892767,3.3306690738754696e-16,3.4512664603419266e-31,18,18,1
standard_rank27,3,wildcard,10,0.001,1.6595413188365273,1.6015537123122956,0.4348598573154187,0.8278087182600188,0.82701791596368,0.8270180419373786,2.220446049250313e-16,3.697785493223493e-31,18,18,1
standard_rank27,3,wildcard,10,0.003,1.6595413188365273,1.6015537123122956,0.4348598573154187,0.8278087182600188,0.8254362944800311,0.8254374328626476,2.220446049250313e-16,2.2186712959340957e-31,18,18,1
standard_rank27,3,wildcard,10,0.01,1.6595413188365273,1.6015537123122956,0.4348598573154187,0.8278087182600188,0.8199004470329512,0.8199132765054872,2.220446049250313e-16,1.1093356479670479e-31,18,18,1
standard_rank27,3,wildcard,10,0.03,1.6595413188365273,1.6015537123122956,0.4348598573154187,0.8278087182600188,0.8040823920583734,0.8042025965722533,3.3306690738754696e-16,3.5745259767827097e-31,18,18,1
standard_rank27,3,wildcard,10,0.05,1.6595413188365273,1.6015537123122956,0.4348598573154187,0.8278087182600188,0.788262655480303,0.788610117080998,3.3306690738754696e-16,3.821045009664276e-31,18,18,1
standard_rank27,3,wildcard,11,0.001,1.8766391080878122,1.8316068363521618,0.408645003680022,0.8278087182600188,0.8269764495273658,0.8269765653248915,3.3306690738754696e-16,3.821045009664276e-31,18,18,1
standard_rank27,3,wildcard,11,0.003,1.8766391080878122,1.8316068363521618,0.408645003680022,0.8278087182600188,0.82531190217174,0.8253129486051459,3.3306690738754696e-16,4.930380657631324e-31,18,18,1
standard_rank27,3,wildcard,11,0.01,1.8766391080878122,1.8316068363521618,0.408645003680022,0.8278087182600188,0.819485885044791,0.819497678774396,3.3306690738754696e-16,4.190823558986625e-31,18,18,1
standard_rank27,3,wildcard,11,0.03,1.8766391080878122,1.8316068363521618,0.408645003680022,0.8278087182600188,0.8028393149883094,0.8029498407438286,2.220446049250313e-16,1.7256332301709633e-31,18,18,1
standard_rank27,3,wildcard,11,0.05,1.8766391080878122,1.8316068363521618,0.408645003680022,0.8278087182600188,0.786191702352742,0.7865113130816627,3.3306690738754696e-16,8.38164711797325e-31,18,18,1
standard_rank27,3,wildcard,12,0.001,2.057301966171994,1.9952466190523976,0.5014801184245778,0.8278087182600188,0.8269499769477944,0.8269501662150772,3.3306690738754696e-16,3.5745259767827097e-31,18,18,1
standard_rank27,3,wildcard,12,0.003,2.057301966171994,1.9952466190523976,0.5014801184245778,0.8278087182600188,0.8252324719104546,0.8252341822625848,3.3306690738754696e-16,5.423418723394456e-31,18,18,1
standard_rank27,3,wildcard,12,0.01,2.057301966171994,1.9952466190523976,0.5014801184245778,0.8278087182600188,0.819220977063061,0.8192402528171346,3.3306690738754696e-16,5.17689969051289e-31,18,18,1
standard_rank27,3,wildcard,12,0.03,2.057301966171994,1.9952466190523976,0.5014801184245778,0.8278087182600188,0.8020435336795086,0.802224140280109,3.3306690738754696e-16,5.300159206953673e-31,18,18,1
standard_rank27,3,wildcard,12,0.05,2.057301966171994,1.9952466190523976,0.5014801184245778,0.8278087182600188,0.7848640041975792,0.7853860613458443,3.3306690738754696e-16,4.314083075427408e-31,18,18,1
standard_rank27,3,wildcard,13,0.001,1.8016251821762592,1.7259773736992239,0.5165804898851363,0.8278087182600188,0.8269998351797652,0.827000115359022,3.3306690738754696e-16,5.300159206953673e-31,18,18,1
standard_rank27,3,wildcard,13,0.003,1.8016251821762592,1.7259773736992239,0.5165804898851363,0.8278087182600188,0.8253820705904431,0.8253846014020595,3.3306690738754696e-16,4.314083075427408e-31,18,18,1
standard_rank27,3,wildcard,13,0.01,1.8016251821762592,1.7259773736992239,0.5165804898851363,0.8278087182600188,0.8197199125193813,0.8197483921438433,2.220446049250313e-16,2.0954117794933126e-31,18,18,1
standard_rank27,3,wildcard,13,0.03,1.8016251821762592,1.7259773736992239,0.5165804898851363,0.8278087182600188,0.8035425100302157,0.8038082092044057,2.220446049250313e-16,1.232595164407831e-31,18,18,1
standard_rank27,3,wildcard,13,0.05,1.8016251821762592,1.7259773736992239,0.5165804898851363,0.8278087182600188,0.787365485362848,0.7881301755953835,2.220446049250313e-16,2.341930812374879e-31,18,18,1
standard_rank27,3,wildcard,14,0.001,1.4570587985335193,1.4386655325705604,0.23078524168024395,0.8278087182600188,0.8270168580628819,0.8270169016864829,3.3306690738754696e-16,2.834968878138011e-31,18,18,1
standard_rank27,3,wildcard,14,0.003,1.4570587985335193,1.4386655325705604,0.23078524168024395,0.8278087182600188,0.8254331277314984,0.8254335215886994,3.3306690738754696e-16,4.930380657631324e-31,18,18,1
standard_rank27,3,wildcard,14,0.01,1.4570587985335193,1.4386655325705604,0.23078524168024395,0.8278087182600188,0.8198899698077172,0.8198943947336864,2.220446049250313e-16,2.465190328815662e-31,18,18,1
standard_rank27,3,wildcard,14,0.03,1.4570587985335193,1.4386655325705604,0.23078524168024395,0.8278087182600188,0.8040515680763458,0.8040926716717414,3.3306690738754696e-16,5.9164567891575885e-31,18,18,1
standard_rank27,3,wildcard,14,0.05,1.4570587985335193,1.4386655325705604,0.23078524168024395,0.8278087182600188,0.7882121272907464,0.7883299713388013,3.3306690738754696e-16,1.8488927466117464e-31,18,18,1
standard_rank27,3,wildcard,15,0.001,1.5938509905677003,1.5811561205796572,0.20076429584746303,0.8278087182600188,0.8269641471319755,0.8269641842291724,3.3306690738754696e-16,4.5606021083089745e-31,18,18,1
standard_rank27,3,wildcard,15,0.003,1.5938509905677003,1.5811561205796572,0.20076429584746303,0.8278087182600188,0.8252750027036975,0.8252753377708018,3.3306690738754696e-16,2.588449845256445e-31,18,18,1
standard_rank27,3,wildcard,15,0.01,1.5938509905677003,1.5811561205796572,0.20076429584746303,0.8278087182600188,0.8193629746127665,0.8193667442842851,3.3306690738754696e-16,2.9582283945787943e-31,18,18,1
standard_rank27,3,wildcard,15,0.03,1.5938509905677003,1.5811561205796572,0.20076429584746303,0.8278087182600188,0.8024712775648006,0.8025064323112594,2.220446049250313e-16,3.0814879110195774e-31,18,18,1
standard_rank27,3,wildcard,15,0.05,1.5938509905677003,1.5811561205796572,0.20076429584746303,0.8278087182600188,0.7855793149502128,0.7856804937603061,2.220446049250313e-16,2.2186712959340957e-31,18,18,1
standard_rank27,3,wildcard,16,0.001,1.722281041420978,1.6972298113110564,0.2926823418574555,0.8278087182600188,0.826931198649761,0.8269312940392066,3.3306690738754696e-16,3.944304526105059e-31,18,18,1
standard_rank27,3,wildcard,16,0.003,1.722281041420978,1.6972298113110564,0.2926823418574555,0.8278087182600188,0.8251761508113133,0.8251770120076034,3.3306690738754696e-16,2.465190328815662e-31,18,18,1
standard_rank27,3,wildcard,16,0.01,1.722281041420978,1.6972298113110564,0.2926823418574555,0.8278087182600188,0.8190333951130698,0.8190430693380107,3.3306690738754696e-16,2.465190328815662e-31,18,18,1
standard_rank27,3,wildcard,16,0.03,1.722281041420978,1.6972298113110564,0.2926823418574555,0.8278087182600188,0.8014819633843013,0.8015717979370248,3.3306690738754696e-16,6.532754371361504e-31,18,18,1
standard_rank27,3,wildcard,16,0.05,1.722281041420978,1.6972298113110564,0.2926823418574555,0.8278087182600188,0.7839296263365179,0.7841870964025845,3.3306690738754696e-16,3.4512664603419266e-31,18,18,1
standard_rank27,3,wildcard,17,0.001,2.1036983563741063,1.9854185021793866,0.6954567893225845,0.8278087182600188,0.8269732378776417,0.8269735185029415,3.3306690738754696e-16,4.190823558986625e-31,18,18,1
standard_rank27,3,wildcard,17,0.003,2.1036983563741063,1.9854185021793866,0.6954567893225845,0.8278087182600188,0.8253022739303603,0.8253048106670604,3.3306690738754696e-16,3.944304526105059e-31,18,18,1
standard_rank27,3,wildcard,17,0.01,2.1036983563741063,1.9854185021793866,0.6954567893225845,0.8278087182600188,0.8194538751898772,0.8194824954025175,3.3306690738754696e-16,3.697785493223493e-31,18,18,1
standard_rank27,3,wildcard,17,0.03,2.1036983563741063,1.9854185021793866,0.6954567893225845,0.8278087182600188,0.8027441651642897,0.8030130896078758,3.3306690738754696e-16,2.711709361697228e-31,18,18,1
standard_rank27,3,wildcard,17,0.05,2.1036983563741063,1.9854185021793866,0.6954567893225845,0.8278087182600188,0.7860349839544408,0.7868142574725102,3.3306690738754696e-16,3.2047474274603605e-31,18,18,1
standard_rank27,3,wildcard,18,0.001,1.5048042584949108,1.4806774098884783,0.2683845454387511,0.8278087182600188,0.826986591714381,0.8269866857431013,3.3306690738754696e-16,3.3280069439011436e-31,18,18,1
standard_rank27,3,wildcard,18,0.003,1.5048042584949108,1.4806774098884783,0.2683845454387511,0.8278087182600188,0.8253423137533884,0.8253431619534873,2.220446049250313e-16,2.0954117794933126e-31,18,18,1
standard_rank27,3,wildcard,18,0.01,1.5048042584949108,1.4806774098884783,0.2683845454387511,0.8278087182600188,0.8195870890143582,0.8195965896529808,3.3306690738754696e-16,2.834968878138011e-31,18,18,1
standard_rank27,3,wildcard,18,0.03,1.5048042584949108,1.4806774098884783,0.2683845454387511,0.8278087182600188,0.8031416628409491,0.8032291836145914,3.3306690738754696e-16,5.9164567891575885e-31,18,18,1
standard_rank27,3,wildcard,18,0.05,1.5048042584949108,1.4806774098884783,0.2683845454387511,0.8278087182600188,0.7866939471019622,0.7869429085791546,3.3306690738754696e-16,3.4512664603419266e-31,18,18,1
standard_rank27,3,wildcard,19,0.001,1.7402145020121076,1.7059184570523247,0.3437858794387324,0.8278087182600188,0.827014640983708,0.8270147758208274,2.220446049250313e-16,1.6023737137301802e-31,18,18,1
standard_rank27,3,wildcard,19,0.003,1.7402145020121076,1.7059184570523247,0.3437858794387324,0.8278087182600188,0.8254264842940816,0.8254277017707699,3.3306690738754696e-16,3.697785493223493e-31,18,18,1
standard_rank27,3,wildcard,19,0.01,1.7402145020121076,1.7059184570523247,0.3437858794387324,0.8278087182600188,0.8198679136601785,0.8198815953996597,3.3306690738754696e-16,2.9582283945787943e-31,18,18,1
standard_rank27,3,wildcard,19,0.03,1.7402145020121076,1.7059184570523247,0.3437858794387324,0.8278087182600188,0.8039860982983833,0.8041132701166542,2.220446049250313e-16,1.6023737137301802e-31,18,18,1
standard_rank27,3,wildcard,19,0.05,1.7402145020121076,1.7059184570523247,0.3437858794387324,0.8278087182600188,0.7881040222667604,0.7884687878332102,3.3306690738754696e-16,5.300159206953673e-31,18,18,1
standard_rank27,3,wildcard,20,0.001,1.5786268567678472,1.5526253402191579,0.28533717917242596,0.8278087182600188,0.8270073237346334,0.8270073542060955,3.3306690738754696e-16,3.821045009664276e-31,18,18,1
standard_rank27,3,wildcard,20,0.003,1.5786268567678472,1.5526253402191579,0.28533717917242596,0.8278087182600188,0.8254045306497636,0.8254048064854288,3.3306690738754696e-16,4.067564042545842e-31,18,18,1
standard_rank27,3,wildcard,20,0.01,1.5786268567678472,1.5526253402191579,0.28533717917242596,0.8278087182600188,0.8197947131643875,0.8197978404131329,3.3306690738754696e-16,4.683861624749758e-31,18,18,1
standard_rank27,3,wildcard,20,0.03,1.5786268567678472,1.5526253402191579,0.28533717917242596,0.8278087182600188,0.8037663225822937,0.8037961111110125,3.3306690738754696e-16,2.2186712959340957e-31,18,18,1
standard_rank27,3,wildcard,20,0.05,1.5786268567678472,1.5526253402191579,0.28533717917242596,0.8278087182600188,0.7877374677349727,0.7878249490548178,3.3306690738754696e-16,3.0814879110195774e-31,18,18,1
standard_rank27,3,wildcard,21,0.001,2.005860101512952,1.9314780451426958,0.5411721611218565,0.8278087182600188,0.8269758678574701,0.8269761104123429,3.3306690738754696e-16,4.190823558986625e-31,18,18,1
standard_rank27,3,wildcard,21,0.003,2.005860101512952,1.9314780451426958,0.5411721611218565,0.8278087182600188,0.8253101685707089,0.8253123608182361,3.3306690738754696e-16,4.067564042545842e-31,18,18,1
standard_rank27,3,wildcard,21,0.01,2.005860101512952,1.9314780451426958,0.5411721611218565,0.8278087182600188,0.8194802382877666,0.8195049583780766,2.220446049250313e-16,2.0954117794933126e-31,18,18,1
standard_rank27,3,wildcard,21,0.03,2.005860101512952,1.9314780451426958,0.5411721611218565,0.8278087182600188,0.8028234746440821,0.8030554075918233,3.3306690738754696e-16,7.518830502887769e-31,18,18,1
standard_rank27,3,wildcard,21,0.05,2.005860101512952,1.9314780451426958,0.5411721611218565,0.8278087182600188,0.7861670581663771,0.7868381923320343,3.3306690738754696e-16,2.2186712959340957e-31,18,18,1
standard_rank27,3,wildcard,22,0.001,1.7369463476943487,1.6734655542786643,0.46529093416005896,0.8278087182600188,0.8271078595549617,0.8271080656054624,2.220446049250313e-16,1.8488927466117464e-31,18,18,1
standard_rank27,3,wildcard,22,0.003,1.7369463476943487,1.6734655542786643,0.46529093416005896,0.8278087182600188,0.8257061423832494,0.8257080023300932,2.220446049250313e-16,2.588449845256445e-31,18,18,1
standard_rank27,3,wildcard,22,0.01,1.7369463476943487,1.6734655542786643,0.46529093416005896,0.8278087182600188,0.8208001348013307,0.8208210153592028,3.3306690738754696e-16,3.821045009664276e-31,18,18,1
standard_rank27,3,wildcard,22,0.03,1.7369463476943487,1.6734655542786643,0.46529093416005896,0.8278087182600188,0.8067829922783372,0.8069765017766081,3.3306690738754696e-16,5.423418723394456e-31,18,18,1
standard_rank27,3,wildcard,22,0.05,1.7369463476943487,1.6734655542786643,0.46529093416005896,0.8278087182600188,0.792765883358687,0.793319210367626,3.3306690738754696e-16,2.341930812374879e-31,18,18,1
standard_rank27,3,wildcard,23,0.001,1.444670812791589,1.4158195601864902,0.2872781410501756,0.8278087182600188,0.8270387654147249,0.8270388592086018,3.3306690738754696e-16,4.437342591868191e-31,18,18,1
standard_rank27,3,wildcard,23,0.003,1.444670812791589,1.4158195601864902,0.2872781410501756,0.8278087182600188,0.8254988571378123,0.8254997037600437,3.3306690738754696e-16,2.465190328815662e-31,18,18,1
standard_rank27,3,wildcard,23,0.01,1.444670812791589,1.4158195601864902,0.2872781410501756,0.8278087182600188,0.8201091513193525,0.8201186551242055,3.3306690738754696e-16,5.546678239835239e-31,18,18,1
standard_rank27,3,wildcard,23,0.03,1.444670812791589,1.4158195601864902,0.2872781410501756,0.8278087182600188,0.8047097694178531,0.8047978384713982,3.3306690738754696e-16,4.683861624749758e-31,18,18,1
standard_rank27,3,wildcard,23,0.05,1.444670812791589,1.4158195601864902,0.2872781410501756,0.8278087182600188,0.789310076864916,0.7895619386106707,3.3306690738754696e-16,4.807121141190541e-31,18,18,1
standard_rank27,3,wildcard,24,0.001,1.7809100525169517,1.726368869654994,0.4373684271207402,0.8278087182600188,0.8270030396347181,0.8270032169291289,3.3306690738754696e-16,3.697785493223493e-31,18,18,1
standard_rank27,3,wildcard,24,0.003,1.7809100525169517,1.726368869654994,0.4373684271207402,0.8278087182600188,0.8253916736625675,0.8253932745220303,2.220446049250313e-16,3.5745259767827097e-31,18,18,1
standard_rank27,3,wildcard,24,0.01,1.7809100525169517,1.726368869654994,0.4373684271207402,0.8278087182600188,0.819751803450195,0.8197697944114839,3.3306690738754696e-16,5.17689969051289e-31,18,18,1
standard_rank27,3,wildcard,24,0.03,1.7809100525169517,1.726368869654994,0.4373684271207402,0.8278087182600188,0.8036371794649873,0.8038044149885045,3.3306690738754696e-16,7.1490519535654195e-31,18,18,1
standard_rank27,3,wildcard,24,0.05,1.7809100525169517,1.726368869654994,0.4373684271207402,0.8278087182600188,0.7875216408760988,0.7880012910398744,3.3306690738754696e-16,4.314083075427408e-31,18,18,1
standard_rank27,3,wildcard,25,0.001,1.8755684473632588,1.8292599843230912,0.4142039479518622,0.8278087182600188,0.8270260530478792,0.8270261470021877,3.3306690738754696e-16,2.341930812374879e-31,18,18,1
standard_rank27,3,wildcard,25,0.003,1.8755684473632588,1.8292599843230912,0.4142039479518622,0.8278087182600188,0.8254606594992533,0.8254615077321487,3.3306690738754696e-16,5.9164567891575885e-31,18,18,1
standard_rank27,3,wildcard,25,0.01,1.8755684473632588,1.8292599843230912,0.4142039479518622,0.8278087182600188,0.8199811515328684,0.8199906808371514,3.3306690738754696e-16,1.7256332301709633e-31,18,18,1
standard_rank27,3,wildcard,25,0.03,1.8755684473632588,1.8292599843230912,0.4142039479518622,0.8278087182600188,0.804320812096146,0.8044094008789474,3.3306690738754696e-16,5.053640174072107e-31,18,18,1
standard_rank27,3,wildcard,25,0.05,1.8755684473632588,1.8292599843230912,0.4142039479518622,0.8278087182600188,0.7886555839315306,0.7889101498552374,3.3306690738754696e-16,2.465190328815662e-31,18,18,1
standard_rank27,3,wildcard,26,0.001,1.6273527897063886,1.5895714784645418,0.3486253246928818,0.8278087182600188,0.8270360073352627,0.827036146996727,3.3306690738754696e-16,5.423418723394456e-31,18,18,1
standard_rank27,3,wildcard,26,0.003,1.6273527897063886,1.5895714784645418,0.3486253246928818,0.8278087182600188,0.8254905776297478,0.8254918383173862,3.3306690738754696e-16,6.409494854920721e-31,18,18,1
standard_rank27,3,wildcard,26,0.01,1.6273527897063886,1.5895714784645418,0.3486253246928818,0.8278087182600188,0.8200814929693078,0.820095646648667,3.3306690738754696e-16,4.683861624749758e-31,18,18,1
standard_rank27,3,wildcard,26,0.03,1.6273527897063886,1.5895714784645418,0.3486253246928818,0.8278087182600188,0.8046263188571487,0.8047575209619737,3.3306690738754696e-16,4.807121141190541e-31,18,18,1
standard_rank27,3,wildcard,26,0.05,1.6273527897063886,1.5895714784645418,0.3486253246928818,0.8278087182600188,0.7891702972001936,0.7895456265675858,3.3306690738754696e-16,5.053640174072107e-31,18,18,1
standard_rank27,3,wildcard,27,0.001,1.8005335178223894,1.7143572251691306,0.5503637463644083,0.8278087182600188,0.8270295133934973,0.8270297128932508,3.3306690738754696e-16,4.190823558986625e-31,18,18,1
standard_rank27,3,wildcard,27,0.003,1.8005335178223894,1.7143572251691306,0.5503637463644083,0.8278087182600188,0.8254711022595165,0.8254729038654852,3.3306690738754696e-16,4.807121141190541e-31,18,18,1
standard_rank27,3,wildcard,27,0.01,1.8005335178223894,1.7143572251691306,0.5503637463644083,0.8278087182600188,0.8200166532793624,0.8200369096222433,3.3306690738754696e-16,4.190823558986625e-31,18,18,1
standard_rank27,3,wildcard,27,0.03,1.8005335178223894,1.7143572251691306,0.5503637463644083,0.8278087182600188,0.80443254630691,0.804621060343371,3.3306690738754696e-16,2.9582283945787943e-31,18,18,1
standard_rank27,3,wildcard,27,0.05,1.8005335178223894,1.7143572251691306,0.5503637463644083,0.8278087182600188,0.7888487814970574,0.7893899794564269,2.220446049250313e-16,3.697785493223493e-31,18,18,1
standard_rank27,3,wildcard,28,0.001,1.62510455168996,1.5559867498260997,0.4689030158668604,0.8278087182600188,0.8270575442081052,0.8270577553600632,3.3306690738754696e-16,3.821045009664276e-31,18,18,1
standard_rank27,3,wildcard,28,0.003,1.62510455168996,1.5559867498260997,0.4689030158668604,0.8278087182600188,0.8255551911486092,0.8255570971640277,3.3306690738754696e-16,2.834968878138011e-31,18,18,1
standard_rank27,3,wildcard,28,0.01,1.62510455168996,1.5559867498260997,0.4689030158668604,0.8278087182600188,0.8202969043245759,0.820318302946762,3.3306690738754696e-16,5.7931972727168054e-31,18,18,1
standard_rank27,3,wildcard,28,0.03,1.62510455168996,1.5559867498260997,0.4689030158668604,0.8278087182600188,0.8052728125444482,0.8054711558516947,3.3306690738754696e-16,4.807121141190541e-31,18,18,1
standard_rank27,3,wildcard,28,0.05,1.62510455168996,1.5559867498260997,0.4689030158668604,0.8278087182600188,0.7902481616146122,0.7908154466885343,3.3306690738754696e-16,3.5745259767827097e-31,18,18,1
standard_rank27,3,wildcard,29,0.001,1.6167610314898575,1.601840800551482,0.21913987002080573,0.8278087182600188,0.8269399630402768,0.826939983424484,3.3306690738754696e-16,5.423418723394456e-31,18,18,1
standard_rank27,3,wildcard,29,0.003,1.6167610314898575,1.601840800551482,0.21913987002080573,0.8278087182600188,0.825202437885167,0.8252026223056715,3.3306690738754696e-16,4.807121141190541e-31,18,18,1
standard_rank27,3,wildcard,29,0.01,1.6167610314898575,1.601840800551482,0.21913987002080573,0.8278087182600188,0.8191209498757884,0.819123036968957,3.3306690738754696e-16,3.3280069439011436e-31,18,18,1
standard_rank27,3,wildcard,29,0.03,1.6167610314898575,1.601840800551482,0.21913987002080573,0.8278087182600188,0.8017440986511407,0.8017639041659406,3.3306690738754696e-16,4.314083075427408e-31,18,18,1
standard_rank27,3,wildcard,29,0.05,1.6167610314898575,1.601840800551482,0.21913987002080573,0.8278087182600188,0.7843657915280942,0.784423856810511,3.3306690738754696e-16,3.2047474274603605e-31,18,18,1
standard_rank27,3,wildcard,30,0.001,1.7052079683476575,1.6224072176532653,0.5249085972080628,0.8278087182600188,0.8270502344861994,0.8270504993375052,3.3306690738754696e-16,4.683861624749758e-31,18,18,1
standard_rank27,3,wildcard,30,0.003,1.7052079683476575,1.6224072176532653,0.5249085972080628,0.8278087182600188,0.8255332687142825,0.8255356611319102,3.3306690738754696e-16,4.067564042545842e-31,18,18,1
standard_rank27,3,wildcard,30,0.01,1.7052079683476575,1.6224072176532653,0.5249085972080628,0.8278087182600188,0.8202239084791559,0.8202508330117753,3.3306690738754696e-16,3.2047474274603605e-31,18,18,1
standard_rank27,3,wildcard,30,0.03,1.7052079683476575,1.6224072176532653,0.5249085972080628,0.8278087182600188,0.8050545122037145,0.8053057549773531,3.3306690738754696e-16,2.588449845256445e-31,18,18,1
standard_rank27,3,wildcard,30,0.05,1.7052079683476575,1.6224072176532653,0.5249085972080628,0.8278087182600188,0.789885500255245,0.790608697735516,3.3306690738754696e-16,3.697785493223493e-31,18,18,1
standard_rank27,3,wildcard,31,0.001,1.534448349494911,1.5094452241361382,0.27587470453135093,0.8278087182600188,0.8269703813902253,0.8269704599319205,3.3306690738754696e-16,3.2047474274603605e-31,18,18,1
standard_rank27,3,wildcard,31,0.003,1.534448349494911,1.5094452241361382,0.27587470453135093,0.8278087182600188,0.8252937029334584,0.8252944124581505,3.3306690738754696e-16,3.821045009664276e-31,18,18,1
standard_rank27,3,wildcard,31,0.01,1.534448349494911,1.5094452241361382,0.27587470453135093,0.8278087182600188,0.8194252796599685,0.8194332670254247,3.3306690738754696e-16,4.437342591868191e-31,18,18,1
standard_rank27,3,wildcard,31,0.03,1.534448349494911,1.5094452241361382,0.27587470453135093,0.8278087182600188,0.8026579601491713,0.8027325720279274,2.220446049250313e-16,1.6023737137301802e-31,18,18,1
standard_rank27,3,wildcard,31,0.05,1.534448349494911,1.5094452241361382,0.27587470453135093,0.8278087182600188,0.7858901057280656,0.7861051804312315,3.3306690738754696e-16,4.437342591868191e-31,18,18,1
standard_rank27,3,wildcard,32,0.001,1.758185160649002,1.7249225556160768,0.3403780783970361,0.8278087182600188,0.8269739386386867,0.8269740570383858,3.3306690738754696e-16,4.437342591868191e-31,18,18,1
standard_rank27,3,wildcard,32,0.003,1.758185160649002,1.7249225556160768,0.3403780783970361,0.8278087182600188,0.8253043766173214,0.8253054458048151,3.3306690738754696e-16,2.465190328815662e-31,18,18,1
standard_rank27,3,wildcard,32,0.01,1.758185160649002,1.7249225556160768,0.3403780783970361,0.8278087182600188,0.8194608806920496,0.81947290101447,3.3306690738754696e-16,3.821045009664276e-31,18,18,1
standard_rank27,3,wildcard,32,0.03,1.758185160649002,1.7249225556160768,0.3403780783970361,0.8278087182600188,0.8027649389881981,0.8028768001216814,2.220446049250313e-16,1.7256332301709633e-31,18,18,1
standard_rank27,3,wildcard,32,0.05,1.758185160649002,1.7249225556160768,0.3403780783970361,0.8278087182600188,0.7860686634065249,0.7863898888236281,3.3306690738754696e-16,4.807121141190541e-31,18,18,1
standard_rank27,3,wildcard,33,0.001,1.62390604154405,1.6023391955503083,0.26378008675117554,0.8278087182600188,0.8269645418739556,0.8269646162875531,3.3306690738754696e-16,3.5745259767827097e-31,18,18,1
standard_rank27,3,wildcard,33,0.003,1.62390604154405,1.6023391955503083,0.26378008675117554,0.8278087182600188,0.8252761852093226,0.8252768573939548,3.3306690738754696e-16,4.437342591868191e-31,18,18,1
standard_rank27,3,wildcard,33,0.01,1.62390604154405,1.6023391955503083,0.26378008675117554,0.8278087182600188,0.8193668966165677,0.8193744617713712,3.3306690738754696e-16,4.314083075427408e-31,18,18,1
standard_rank27,3,wildcard,33,0.03,1.62390604154405,1.6023391955503083,0.26378008675117554,0.8278087182600188,0.8024828849420598,0.8025535053375797,3.3306690738754696e-16,5.9164567891575885e-31,18,18,1
standard_rank27,3,wildcard,33,0.05,1.62390604154405,1.6023391955503083,0.26378008675117554,0.8278087182600188,0.7855984213391842,0.7858018621640377,3.3306690738754696e-16,2.711709361697228e-31,18,18,1
standard_rank27,3,wildcard,34,0.001,1.473287545771003,1.4526845723996198,0.24552744375340002,0.8278087182600188,0.8270077512411097,0.8270078104906421,3.3306690738754696e-16,4.067564042545842e-31,18,18,1
standard_rank27,3,wildcard,34,0.003,1.473287545771003,1.4526845723996198,0.24552744375340002,0.8278087182600188,0.8254058144533267,0.8254063495755757,3.3306690738754696e-16,3.3280069439011436e-31,18,18,1
standard_rank27,3,wildcard,34,0.01,1.473287545771003,1.4526845723996198,0.24552744375340002,0.8278087182600188,0.8197990071544277,0.8198050264201365,3.3306690738754696e-16,2.465190328815662e-31,18,18,1
standard_rank27,3,wildcard,34,0.03,1.473287545771003,1.4526845723996198,0.24552744375340002,0.8278087182600188,0.8037793214636805,0.8038354228309342,3.3306690738754696e-16,4.314083075427408e-31,18,18,1
standard_rank27,3,wildcard,34,0.05,1.473287545771003,1.4526845723996198,0.24552744375340002,0.8278087182600188,0.7877593062806606,0.7879206671177187,3.3306690738754696e-16,3.5745259767827097e-31,18,18,1
standard_rank27,3,wildcard,35,0.001,1.75504298322521,1.6692875909999139,0.5418992632415631,0.8278087182600188,0.8270409938337162,0.8270412797271575,3.3306690738754696e-16,6.656013887802287e-31,18,18,1
standard_rank27,3,wildcard,35,0.003,1.75504298322521,1.6692875909999139,0.5418992632415631,0.8278087182600188,0.8255055275641661,0.8255081097407961,3.3306690738754696e-16,3.944304526105059e-31,18,18,1
standard_rank27,3,wildcard,35,0.01,1.75504298322521,1.6692875909999139,0.5418992632415631,0.8278087182600188,0.8201312172203253,0.8201602650270909,2.220446049250313e-16,1.8488927466117464e-31,18,18,1
standard_rank27,3,wildcard,35,0.03,1.75504298322521,1.6692875909999139,0.5418992632415631,0.8278087182600188,0.804774629454804,0.8050453692822367,3.3306690738754696e-16,5.7931972727168054e-31,18,18,1
standard_rank27,3,wildcard,35,0.05,1.75504298322521,1.6692875909999139,0.5418992632415631,0.8278087182600188,0.7894162282362663,0.7901946890785793,2.220446049250313e-16,1.4791141972893971e-31,18,18,1
standard_rank27,3,wildcard,36,0.001,1.5399659135904629,1.5096380745871574,0.30411823157661794,0.8278087182600188,0.8270041409437927,0.8270042145247575,3.3306690738754696e-16,4.067564042545842e-31,18,18,1
standard_rank27,3,wildcard,36,0.003,1.5399659135904629,1.5096380745871574,0.30411823157661794,0.8278087182600188,0.8253949857584715,0.8253956506944745,3.3306690738754696e-16,3.3280069439011436e-31,18,18,1
standard_rank27,3,wildcard,36,0.01,1.5399659135904629,1.5096380745871574,0.30411823157661794,0.8278087182600188,0.8197629368188831,0.8197704309219312,3.3306690738754696e-16,4.314083075427408e-31,18,18,1
standard_rank27,3,wildcard,36,0.03,1.5399659135904629,1.5096380745871574,0.30411823157661794,0.8278087182600188,0.8036713191382706,0.8037415404164577,3.3306690738754696e-16,3.5745259767827097e-31,18,18,1
standard_rank27,3,wildcard,36,0.05,1.5399659135904629,1.5096380745871574,0.30411823157661794,0.8278087182600188,0.7875796293134689,0.78778261085764,3.3306690738754696e-16,4.683861624749758e-31,18,18,1
standard_rank27,3,wildcard,37,0.001,1.901920417359565,1.7929558378005266,0.6345160657274124,0.8278087182600188,0.8270660969563568,0.8270663028969706,3.3306690738754696e-16,1.9721522630525295e-31,18,18,1
standard_rank27,3,wildcard,37,0.003,1.901920417359565,1.7929558378005266,0.6345160657274124,0.8278087182600188,0.8255808534773538,0.825582715273555,3.3306690738754696e-16,2.9582283945787943e-31,18,18,1
standard_rank27,3,wildcard,37,0.01,1.901920417359565,1.7929558378005266,0.6345160657274124,0.8278087182600188,0.8203824921905509,0.8204035039854674,3.3306690738754696e-16,2.711709361697228e-31,18,18,1
standard_rank27,3,wildcard,37,0.03,1.901920417359565,1.7929558378005266,0.6345160657274124,0.8278087182600188,0.805529954343717,0.805727513907695,3.3306690738754696e-16,3.3280069439011436e-31,18,18,1
standard_rank27,3,wildcard,37,0.05,1.901920417359565,1.7929558378005266,0.6345160657274124,0.8278087182600188,0.7906773049629209,0.7912499363846108,3.3306690738754696e-16,2.9582283945787943e-31,18,18,1
standard_rank27,3,wildcard,38,0.001,1.5390801544390922,1.4723873514048005,0.4481553404919061,0.8278087182600188,0.8270428685907891,0.8270429857088488,3.3306690738754696e-16,4.683861624749758e-31,18,18,1
standard_rank27,3,wildcard,38,0.003,1.5390801544390922,1.4723873514048005,0.4481553404919061,0.8278087182600188,0.8255111716187793,0.8255122304033984,3.3306690738754696e-16,8.258387601532467e-31,18,18,1
standard_rank27,3,wildcard,38,0.01,1.5390801544390922,1.4723873514048005,0.4481553404919061,0.8278087182600188,0.8201502585111453,0.820162207435199,3.3306690738754696e-16,2.834968878138011e-31,18,18,1
standard_rank27,3,wildcard,38,0.03,1.5390801544390922,1.4723873514048005,0.4481553404919061,0.8278087182600188,0.8048336255092714,0.8049459939838606,3.3306690738754696e-16,2.2186712959340957e-31,18,18,1
standard_rank27,3,wildcard,38,0.05,1.5390801544390922,1.4723873514048005,0.4481553404919061,0.8278087182600188,0.789517468068962,0.7898433562338892,2.220446049250313e-16,2.341930812374879e-31,18,18,1
standard_rank27,3,wildcard,39,0.001,1.740962195902222,1.690885923704551,0.4145529647445473,0.8278087182600188,0.8269559567185284,0.8269561157697084,3.3306690738754696e-16,4.807121141190541e-31,18,18,1
standard_rank27,3,wildcard,39,0.003,1.740962195902222,1.690885923704551,0.4145529647445473,0.8278087182600188,0.8252504351194302,0.8252518725143255,3.3306690738754696e-16,2.588449845256445e-31,18,18,1
standard_rank27,3,wildcard,39,0.01,1.740962195902222,1.690885923704551,0.4145529647445473,0.8278087182600188,0.8192811254049401,0.8192973286819735,3.3306690738754696e-16,4.5606021083089745e-31,18,18,1
standard_rank27,3,wildcard,39,0.03,1.740962195902222,1.690885923704551,0.4145529647445473,0.8278087182600188,0.8022260985526876,0.8023780131449546,3.3306690738754696e-16,5.423418723394456e-31,18,18,1
standard_rank27,3,wildcard,39,0.05,1.740962195902222,1.690885923704551,0.4145529647445473,0.8278087182600188,0.7851713035291075,0.7856106740535073,3.3306690738754696e-16,3.0814879110195774e-31,18,18,1
standard_rank27,3,wildcard,40,0.001,1.7893371119771528,1.7049320920675244,0.5430781359408539,0.8278087182600188,0.8269673891823098,0.826967619414731,2.220446049250313e-16,1.9721522630525295e-31,18,18,1
standard_rank27,3,wildcard,40,0.003,1.7893371119771528,1.7049320920675244,0.5430781359408539,0.8278087182600188,0.8252847322235382,0.8252868121196202,3.3306690738754696e-16,6.162975822039155e-31,18,18,1
standard_rank27,3,wildcard,40,0.01,1.7893371119771528,1.7049320920675244,0.5430781359408539,0.8278087182600188,0.8193954457652154,0.8194188608292053,3.3306690738754696e-16,4.5606021083089745e-31,18,18,1
standard_rank27,3,wildcard,40,0.03,1.7893371119771528,1.7049320920675244,0.5430781359408539,0.8278087182600188,0.8025690320355163,0.802787739536567,3.3306690738754696e-16,3.4512664603419266e-31,18,18,1
standard_rank27,3,wildcard,40,0.05,1.7893371119771528,1.7049320920675244,0.5430781359408539,0.8278087182600188,0.7857428157116653,0.7863730169464169,3.3306690738754696e-16,2.711709361697228e-31,18,18,1
standard_rank27,3,wildcard,41,0.001,1.9694580297976734,1.8766212227866315,0.5975430673360224,0.8278087182600188,0.8269915094182854,0.826991694771504,3.3306690738754696e-16,4.314083075427408e-31,18,18,1
standard_rank27,3,wildcard,41,0.003,1.9694580297976734,1.8766212227866315,0.5975430673360224,0.8278087182600188,0.8253570931285448,0.825358769836007,3.3306690738754696e-16,7.025792437124636e-31,18,18,1
standard_rank27,3,wildcard,41,0.01,1.9694580297976734,1.8766212227866315,0.5975430673360224,0.8278087182600188,0.8196366514881656,0.8196556148182025,3.3306690738754696e-16,4.190823558986625e-31,18,18,1
standard_rank27,3,wildcard,41,0.03,1.9694580297976734,1.8766212227866315,0.5975430673360224,0.8278087182600188,0.8032926830660077,0.8034720448827563,2.220446049250313e-16,2.465190328815662e-31,18,18,1
standard_rank27,3,wildcard,41,0.05,1.9694580297976734,1.8766212227866315,0.5975430673360224,0.8278087182600188,0.7869489843687818,0.787471862922904,3.3306690738754696e-16,2.341930812374879e-31,18,18,1
standard_rank27,3,wildcard,42,0.001,1.5874520455228454,1.5553978204807928,0.3173981992360152,0.8278087182600188,0.8269998006569235,0.8269998867616151,3.3306690738754696e-16,5.17689969051289e-31,18,18,1
standard_rank27,3,wildcard,42,0.003,1.5874520455228454,1.5553978204807928,0.3173981992360152,0.8278087182600188,0.8253819617036923,0.8253827396139735,3.3306690738754696e-16,4.5606021083089745e-31,18,18,1
standard_rank27,3,wildcard,42,0.01,1.5874520455228454,1.5553978204807928,0.3173981992360152,0.8278087182600188,0.8197194865860359,0.8197282461684778,3.3306690738754696e-16,2.341930812374879e-31,18,18,1
standard_rank27,3,wildcard,42,0.03,1.5874520455228454,1.5553978204807928,0.3173981992360152,0.8278087182600188,0.8035406679831067,0.8036225466918476,3.3306690738754696e-16,7.025792437124636e-31,18,18,1
standard_rank27,3,wildcard,42,0.05,1.5874520455228454,1.5553978204807928,0.3173981992360152,0.8278087182600188,0.7873614124951446,0.787597544985835,2.220446049250313e-16,1.8488927466117464e-31,18,18,1
standard_rank27,3,wildcard,43,0.001,1.7037756409093303,1.6241114211701342,0.5148917616166778,0.8278087182600188,0.8271318032508159,0.827132088304743,3.3306690738754696e-16,3.944304526105059e-31,18,18,1
standard_rank27,3,wildcard,43,0.003,1.7037756409093303,1.6241114211701342,0.5148917616166778,0.8278087182600188,0.8257779746794122,0.8257805461837509,3.3306690738754696e-16,3.4512664603419266e-31,18,18,1
standard_rank27,3,wildcard,43,0.01,1.7037756409093303,1.6241114211701342,0.5148917616166778,0.8278087182600188,0.8210395905328383,0.8210683974914518,3.3306690738754696e-16,6.409494854920721e-31,18,18,1
standard_rank27,3,wildcard,43,0.03,1.7037756409093303,1.6241114211701342,0.5148917616166778,0.8278087182600188,0.8075015025770259,0.807766847009713,2.220446049250313e-16,1.8488927466117464e-31,18,18,1
standard_rank27,3,wildcard,43,0.05,1.7037756409093303,1.6241114211701342,0.5148917616166778,0.8278087182600188,0.793963681020426,0.7947178319343864,2.220446049250313e-16,1.6023737137301802e-31,18,18,1
standard_rank27,3,wildcard,44,0.001,1.6404305738398441,1.5884597164066132,0.4096439880456459,0.8278087182600188,0.8269981703822944,0.8269982995775291,3.3306690738754696e-16,3.3280069439011436e-31,18,18,1
standard_rank27,3,wildcard,44,0.003,1.6404305738398441,1.5884597164066132,0.4096439880456459,0.8278087182600188,0.8253770492364491,0.8253782162785065,3.3306690738754696e-16,4.807121141190541e-31,18,18,1
standard_rank27,3,wildcard,44,0.01,1.6404305738398441,1.5884597164066132,0.4096439880456459,0.8278087182600188,0.8197028675738688,0.8197160025938837,3.3306690738754696e-16,4.437342591868191e-31,18,18,1
standard_rank27,3,wildcard,44,0.03,1.6404305738398441,1.5884597164066132,0.4096439880456459,0.8278087182600188,0.8034889366622086,0.8036115697029563,3.3306690738754696e-16,3.944304526105059e-31,18,18,1
standard_rank27,3,wildcard,44,0.05,1.6404305738398441,1.5884597164066132,0.4096439880456459,0.8278087182600188,0.7872726193766062,0.7876259859581487,3.3306690738754696e-16,4.190823558986625e-31,18,18,1
standard_rank27,3,wildcard,45,0.001,1.6069566381955782,1.5879341980324726,0.2465250895138292,0.8278087182600188,0.826933809085369,0.8269338682283623,3.3306690738754696e-16,6.77927340424307e-31,18,18,1
standard_rank27,3,wildcard,45,0.003,1.6069566381955782,1.5879341980324726,0.2465250895138292,0.8278087182600188,0.8251839927175594,0.8251845270856798,3.3306690738754696e-16,5.546678239835239e-31,18,18,1
standard_rank27,3,wildcard,45,0.01,1.6069566381955782,1.5879341980324726,0.2465250895138292,0.8278087182600188,0.8190596568890363,0.8190656758560653,3.3306690738754696e-16,2.711709361697228e-31,18,18,1
standard_rank27,3,wildcard,45,0.03,1.6069566381955782,1.5879341980324726,0.2465250895138292,0.8278087182600188,0.8015617549558097,0.8016180710982859,3.3306690738754696e-16,3.4512664603419266e-31,18,18,1
standard_rank27,3,wildcard,45,0.05,1.6069566381955782,1.5879341980324726,0.2465250895138292,0.8278087182600188,0.7840641906855292,0.7842267958029946,3.3306690738754696e-16,6.532754371361504e-31,18,18,1
standard_rank27,3,wildcard,46,0.001,1.5220435031349666,1.493997912442895,0.29083786385481625,0.8278087182600188,0.8269809336066255,0.8269809949639998,3.3306690738754696e-16,4.683861624749758e-31,18,18,1
standard_rank27,3,wildcard,46,0.003,1.5220435031349666,1.493997912442895,0.29083786385481625,0.8278087182600188,0.8253253641527938,0.825325918685734,3.3306690738754696e-16,3.944304526105059e-31,18,18,1
standard_rank27,3,wildcard,46,0.01,1.5220435031349666,1.493997912442895,0.29083786385481625,0.8278087182600188,0.8195308695320281,0.8195371216497337,3.3306690738754696e-16,5.669937756276022e-31,18,18,1
standard_rank27,3,wildcard,46,0.03,1.5220435031349666,1.493997912442895,0.29083786385481625,0.8278087182600188,0.80297515777354,0.8030338011942115,3.3306690738754696e-16,2.834968878138011e-31,18,18,1
standard_rank27,3,wildcard,46,0.05,1.5220435031349666,1.493997912442895,0.29083786385481625,0.8278087182600188,0.7864194277081636,0.7865891082343515,3.3306690738754696e-16,4.437342591868191e-31,18,18,1
standard_rank27,3,wildcard,47,0.001,1.9790675298233122,1.9300747192595242,0.437629827224123,0.8278087182600188,0.8269625902603833,0.8269627933594149,3.3306690738754696e-16,4.067564042545842e-31,18,18,1
standard_rank27,3,wildcard,47,0.003,1.9790675298233122,1.9300747192595242,0.437629827224123,0.8278087182600188,0.8252703302222176,0.8252721650824159,3.3306690738754696e-16,7.1490519535654195e-31,18,18,1
standard_rank27,3,wildcard,47,0.01,1.9790675298233122,1.9300747192595242,0.437629827224123,0.8278087182600188,0.8193473782989211,0.8193680383227359,3.3306690738754696e-16,3.5745259767827097e-31,18,18,1
standard_rank27,3,wildcard,47,0.03,1.9790675298233122,1.9300747192595242,0.437629827224123,0.8278087182600188,0.8024243159206468,0.8026173996761173,3.3306690738754696e-16,5.423418723394456e-31,18,18,1
standard_rank27,3,wildcard,47,0.05,1.9790675298233122,1.9300747192595242,0.437629827224123,0.8278087182600188,0.7855007843541739,0.7860575286735739,3.3306690738754696e-16,4.683861624749758e-31,18,18,1
standard_rank27,3,wildcard,48,0.001,2.0674095258216583,1.9656526503450558,0.6406182994963479,0.8278087182600188,0.8268671512883742,0.8268675176448395,3.3306690738754696e-16,3.944304526105059e-31,18,18,1
standard_rank27,3,wildcard,48,0.003,2.0674095258216583,1.9656526503450558,0.6406182994963479,0.8278087182600188,0.8249839966088359,0.8249873075353302,3.3306690738754696e-16,2.341930812374879e-31,18,18,1
standard_rank27,3,wildcard,48,0.01,2.0674095258216583,1.9656526503450558,0.6406182994963479,0.8278087182600188,0.8183927446734593,0.8184300694131229,3.3306690738754696e-16,3.944304526105059e-31,18,18,1
standard_rank27,3,wildcard,48,0.03,2.0674095258216583,1.9656526503450558,0.6406182994963479,0.8278087182600188,0.7995589725625554,0.7999089454303004,3.3306690738754696e-16,3.0814879110195774e-31,18,18,1
standard_rank27,3,wildcard,48,0.05,2.0674095258216583,1.9656526503450558,0.6406182994963479,0.8278087182600188,0.7807232409479936,0.781735482320023,2.220446049250313e-16,2.588449845256445e-31,18,18,1
standard_rank27,4,structured,0,0.001,1.4142214904609487,1.41421934593412,0.002462857538996786,0.7807232409479936,0.7799425176970254,0.7799425176999742,2.220446049250313e-16,3.0814879110195774e-31,18,18,1
standard_rank27,4,structured,0,0.003,1.4142214904609487,1.41421934593412,0.002462857538996786,0.7807232409479936,0.7783810711353953,0.7783810711618913,2.220446049250313e-16,2.9582283945787943e-31,18,18,1
standard_rank27,4,structured,0,0.01,1.4142214904609487,1.41421934593412,0.002462857538996786,0.7807232409479936,0.7729160075459356,0.7729160078387151,2.220446049250313e-16,1.9721522630525295e-31,18,18,1
standard_rank27,4,structured,0,0.03,1.4142214904609487,1.41421934593412,0.002462857538996786,0.7807232409479936,0.7573015348766721,0.7573015374757455,2.220446049250313e-16,2.834968878138011e-31,18,18,1
standard_rank27,4,structured,0,0.05,1.4142214904609487,1.41421934593412,0.002462857538996786,0.7807232409479936,0.7416870545812544,0.7416870617289367,2.220446049250313e-16,3.821045009664276e-31,18,18,1
standard_rank27,4,wildcard,1,0.001,1.4377442965639033,1.4203848358982105,0.22274555046610256,0.7807232409479936,0.7799944038306809,0.7799944509007588,3.3306690738754696e-16,3.0814879110195774e-31,18,18,1
standard_rank27,4,wildcard,1,0.003,1.4377442965639033,1.4203848358982105,0.22274555046610256,0.7807232409479936,0.7785367283499435,0.7785371533570699,2.220446049250313e-16,3.0814879110195774e-31,18,18,1
standard_rank27,4,wildcard,1,0.01,1.4377442965639033,1.4203848358982105,0.22274555046610256,0.7807232409479936,0.7734348516080284,0.773439627776974,3.3306690738754696e-16,5.053640174072107e-31,18,18,1
standard_rank27,4,wildcard,1,0.03,1.4377442965639033,1.4203848358982105,0.22274555046610256,0.7807232409479936,0.7588579664525947,0.7589023640892978,3.3306690738754696e-16,3.0814879110195774e-31,18,18,1
standard_rank27,4,wildcard,1,0.05,1.4377442965639033,1.4203848358982105,0.22274555046610256,0.7807232409479936,0.7442809735943121,0.7444083390019215,3.3306690738754696e-16,4.683861624749758e-31,18,18,1
standard_rank27,4,wildcard,2,0.001,1.9240599980346964,1.8653663178648243,0.4716093470370395,0.7807232409479936,0.7798560689376003,0.7798563536538111,3.3306690738754696e-16,3.5745259767827097e-31,18,18,1
standard_rank27,4,wildcard,2,0.003,1.9240599980346964,1.8653663178648243,0.4716093470370395,0.7807232409479936,0.7781217244763619,0.7781242958551782,2.220446049250313e-16,1.7256332301709633e-31,18,18,1
standard_rank27,4,wildcard,2,0.01,1.9240599980346964,1.8653663178648243,0.4716093470370395,0.7807232409479936,0.7720515143439427,0.7720804347202225,3.3306690738754696e-16,1.7256332301709633e-31,18,18,1
standard_rank27,4,wildcard,2,0.03,1.9240599980346964,1.8653663178648243,0.4716093470370395,0.7807232409479936,0.7547080207976913,0.7549774561866344,3.3306690738754696e-16,4.807121141190541e-31,18,18,1
standard_rank27,4,wildcard,2,0.05,1.9240599980346964,1.8653663178648243,0.4716093470370395,0.7807232409479936,0.7373644805738271,0.7381390265637473,3.3306690738754696e-16,3.697785493223493e-31,18,18,1
standard_rank27,4,wildcard,3,0.001,1.9047678045959937,1.7778916744922708,0.6835507173549826,0.7807232409479936,0.7799469604400981,0.7799472951387035,3.3306690738754696e-16,3.4512664603419266e-31,18,18,1
standard_rank27,4,wildcard,3,0.003,1.9047678045959937,1.7778916744922708,0.6835507173549826,0.7807232409479936,0.7783943994901824,0.7783974262569721,3.3306690738754696e-16,4.314083075427408e-31,18,18,1
standard_rank27,4,wildcard,3,0.01,1.9047678045959937,1.7778916744922708,0.6835507173549826,0.7807232409479936,0.772960436865917,0.7729946332435511,3.3306690738754696e-16,4.437342591868191e-31,18,18,1
standard_rank27,4,wildcard,3,0.03,1.9047678045959937,1.7778916744922708,0.6835507173549826,0.7807232409479936,0.7574348355942588,0.7577573419839913,3.3306690738754696e-16,4.314083075427408e-31,18,18,1
standard_rank27,4,wildcard,3,0.05,1.9047678045959937,1.7778916744922708,0.6835507173549826,0.7807232409479936,0.7419092441002056,0.7428468148049507,3.3306690738754696e-16,2.711709361697228e-31,18,18,1
standard_rank27,4,wildcard,4,0.001,1.475988578938832,1.4551366807716737,0.2472236344500043,0.7807232409479936,0.7799764043485327,0.7799764678243222,3.3306690738754696e-16,3.4512664603419266e-31,18,18,1
standard_rank27,4,wildcard,4,0.003,1.475988578938832,1.4551366807716737,0.2472236344500043,0.7807232409479936,0.7784827298855812,0.7784833030387389,3.3306690738754696e-16,4.5606021083089745e-31,18,18,1
standard_rank27,4,wildcard,4,0.01,1.475988578938832,1.4551366807716737,0.2472236344500043,0.7807232409479936,0.7732548565346724,0.7732612981697589,3.3306690738754696e-16,3.3280069439011436e-31,18,18,1
standard_rank27,4,wildcard,4,0.03,1.475988578938832,1.4551366807716737,0.2472236344500043,0.7807232409479936,0.7583179800204439,0.7583778788112494,2.220446049250313e-16,1.7256332301709633e-31,18,18,1
standard_rank27,4,wildcard,4,0.05,1.475988578938832,1.4551366807716737,0.2472236344500043,0.7807232409479936,0.7433809952636241,0.7435528992314563,3.3306690738754696e-16,4.314083075427408e-31,18,18,1
standard_rank27,4,wildcard,5,0.001,1.6289152391238195,1.5878717363665429,0.3633568564071821,0.7807232409479936,0.7799429841365046,0.7799431307349598,3.3306690738754696e-16,5.17689969051289e-31,18,18,1
standard_rank27,4,wildcard,5,0.003,1.6289152391238195,1.5878717363665429,0.3633568564071821,0.7807232409479936,0.7783824701863732,0.7783837938616593,3.3306690738754696e-16,3.2047474274603605e-31,18,18,1
standard_rank27,4,wildcard,5,0.01,1.6289152391238195,1.5878717363665429,0.3633568564071821,0.7807232409479936,0.7729206679934265,0.772935543307635,3.3306690738754696e-16,3.697785493223493e-31,18,18,1
standard_rank27,4,wildcard,5,0.03,1.6289152391238195,1.5878717363665429,0.3633568564071821,0.7807232409479936,0.757315491713527,0.7574537641453079,3.3306690738754696e-16,7.765349535769335e-31,18,18,1
standard_rank27,4,wildcard,5,0.05,1.6289152391238195,1.5878717363665429,0.3633568564071821,0.7807232409479936,0.7417102794048192,0.7421069148156935,3.3306690738754696e-16,3.697785493223493e-31,18,18,1
standard_rank27,4,wildcard,6,0.001,1.671780464467208,1.6242653855103477,0.39574218729763405,0.7807232409479936,0.7799687856024337,0.7799689826443057,3.3306690738754696e-16,3.5745259767827097e-31,18,18,1
standard_rank27,4,wildcard,6,0.003,1.671780464467208,1.6242653855103477,0.39574218729763405,0.7807232409479936,0.7784598744017462,0.7784616529567446,3.3306690738754696e-16,3.697785493223493e-31,18,18,1
standard_rank27,4,wildcard,6,0.01,1.671780464467208,1.6242653855103477,0.39574218729763405,0.7807232409479936,0.7731786799939042,0.7731986441661532,3.3306690738754696e-16,3.4512664603419266e-31,18,18,1
standard_rank27,4,wildcard,6,0.03,1.671780464467208,1.6242653855103477,0.39574218729763405,0.7807232409479936,0.7580895121173497,0.7582744797438381,3.3306690738754696e-16,3.2047474274603605e-31,18,18,1
standard_rank27,4,wildcard,6,0.05,1.671780464467208,1.6242653855103477,0.39574218729763405,0.7807232409479936,0.743000292270244,0.7435291396535176,3.3306690738754696e-16,2.9582283945787943e-31,18,18,1
standard_rank27,4,wildcard,7,0.001,2.0479856493741058,1.935016161116704,0.6707888462545054,0.7807232409479936,0.7799488695770505,0.7799492568810074,3.3306690738754696e-16,4.437342591868191e-31,18,18,1
standard_rank27,4,wildcard,7,0.003,2.0479856493741058,1.935016161116704,0.6707888462545054,0.7807232409479936,0.7784001192445572,0.7784036144656552,2.220446049250313e-16,1.6023737137301802e-31,18,18,1
standard_rank27,4,wildcard,7,0.01,2.0479856493741058,1.935016161116704,0.6707888462545054,0.7807232409479936,0.7729794188694471,0.7730186242505657,3.3306690738754696e-16,3.944304526105059e-31,18,18,1
standard_rank27,4,wildcard,7,0.03,2.0479856493741058,1.935016161116704,0.6707888462545054,0.7807232409479936,0.7574912052155072,0.7578536088296488,3.3306690738754696e-16,5.9164567891575885e-31,18,18,1
standard_rank27,4,wildcard,7,0.05,2.0479856493741058,1.935016161116704,0.6707888462545054,0.7807232409479936,0.7420025897925434,0.7430359955068114,3.3306690738754696e-16,3.4512664603419266e-31,18,18,1
standard_rank27,4,wildcard,8,0.001,1.5723255872082522,1.539257446377017,0.3207713608829193,0.7807232409479936,0.7800290426741743,0.7800291878293037,3.3306690738754696e-16,6.162975822039155e-31,18,18,1
standard_rank27,4,wildcard,8,0.003,1.5723255872082522,1.539257446377017,0.3207713608829193,0.7807232409479936,0.7786406450871673,0.7786419544891016,2.220446049250313e-16,2.9582283945787943e-31,18,18,1
standard_rank27,4,wildcard,8,0.01,1.5723255872082522,1.539257446377017,0.3207713608829193,0.7807232409479936,0.773781243028055,0.773795909439218,3.3306690738754696e-16,5.300159206953673e-31,18,18,1
standard_rank27,4,wildcard,8,0.03,1.5723255872082522,1.539257446377017,0.3207713608829193,0.7807232409479936,0.7598971573566166,0.760032224273015,3.3306690738754696e-16,4.437342591868191e-31,18,18,1
standard_rank27,4,wildcard,8,0.05,1.5723255872082522,1.539257446377017,0.3207713608829193,0.7807232409479936,0.7460129784630813,0.746396891551369,3.3306690738754696e-16,4.314083075427408e-31,18,18,1
standard_rank27,4,wildcard,9,0.001,1.8119420310060934,1.7890358958145964,0.2872011267619791,0.7807232409479936,0.7799428981547052,0.7799429617722815,3.3306690738754696e-16,6.286235338479938e-31,18,18,1
standard_rank27,4,wildcard,9,0.003,1.8119420310060934,1.7890358958145964,0.2872011267619791,0.7807232409479936,0.7783822127918437,0.7783827876791726,3.3306690738754696e-16,5.053640174072107e-31,18,18,1
standard_rank27,4,wildcard,9,0.01,1.8119420310060934,1.7890358958145964,0.2872011267619791,0.7807232409479936,0.7729198167517088,0.7729262956198668,3.3306690738754696e-16,5.7931972727168054e-31,18,18,1
standard_rank27,4,wildcard,9,0.03,1.8119420310060934,1.7890358958145964,0.2872011267619791,0.7807232409479936,0.7573130039005294,0.7573737118049221,3.3306690738754696e-16,3.5745259767827097e-31,18,18,1
standard_rank27,4,wildcard,9,0.05,1.8119420310060934,1.7890358958145964,0.2872011267619791,0.7807232409479936,0.7417062633693492,0.7418817848295438,3.3306690738754696e-16,5.053640174072107e-31,18,18,1
standard_rank27,4,wildcard,10,0.001,1.8035967871920264,1.7600213949916612,0.3940635227231853,0.7807232409479936,0.7799561453075151,0.7799562727963509,3.3306690738754696e-16,4.190823558986625e-31,18,18,1
standard_rank27,4,wildcard,10,0.003,1.8035967871920264,1.7600213949916612,0.3940635227231853,0.7807232409479936,0.7784219541847303,0.778423105734726,3.3306690738754696e-16,5.053640174072107e-31,18,18,1
standard_rank27,4,wildcard,10,0.01,1.8035967871920264,1.7600213949916612,0.3940635227231853,0.7807232409479936,0.7730522871039396,0.7730652444688734,3.3306690738754696e-16,6.902532920683853e-31,18,18,1
standard_rank27,4,wildcard,10,0.03,1.8035967871920264,1.7600213949916612,0.3940635227231853,0.7807232409479936,0.7577104017730726,0.7578312687015193,3.3306690738754696e-16,4.5606021083089745e-31,18,18,1
standard_rank27,4,wildcard,10,0.05,1.8035967871920264,1.7600213949916612,0.3940635227231853,0.7807232409479936,0.7423685587892122,0.7427164301887214,3.3306690738754696e-16,3.2047474274603605e-31,18,18,1
standard_rank27,4,wildcard,11,0.001,1.990796957712988,1.9135737382050162,0.5490975098207674,0.7807232409479936,0.779844768553996,0.7798450338514821,3.3306690738754696e-16,6.039716305598372e-31,18,18,1
standard_rank27,4,wildcard,11,0.003,1.990796957712988,1.9135737382050162,0.5490975098207674,0.7807232409479936,0.778087818723212,0.7780902159083142,2.220446049250313e-16,2.711709361697228e-31,18,18,1
standard_rank27,4,wildcard,11,0.01,1.990796957712988,1.9135737382050162,0.5490975098207674,0.7807232409479936,0.7719384447861721,0.7719654526165237,2.220446049250313e-16,1.4791141972893971e-31,18,18,1
standard_rank27,4,wildcard,11,0.03,1.990796957712988,1.9135737382050162,0.5490975098207674,0.7807232409479936,0.7543684667652596,0.754621330099777,3.3306690738754696e-16,3.2047474274603605e-31,18,18,1
standard_rank27,4,wildcard,11,0.05,1.990796957712988,1.9135737382050162,0.5490975098207674,0.7807232409479936,0.7367982004988791,0.7375287470117976,3.3306690738754696e-16,4.683861624749758e-31,18,18,1
standard_rank27,4,wildcard,12,0.001,1.8760402661897078,1.8173620391544805,0.4655344230080304,0.7807232409479936,0.7798750188350907,0.7798751542623282,3.3306690738754696e-16,3.2047474274603605e-31,18,18,1
standard_rank27,4,wildcard,12,0.003,1.8760402661897078,1.8173620391544805,0.4655344230080304,0.7807232409479936,0.7781785744588825,0.778179797990859,3.3306690738754696e-16,3.4512664603419266e-31,18,18,1
standard_rank27,4,wildcard,12,0.01,1.8760402661897078,1.8173620391544805,0.4655344230080304,0.7807232409479936,0.7722410187672059,0.7722547968222138,3.3306690738754696e-16,3.944304526105059e-31,18,18,1
standard_rank27,4,wildcard,12,0.03,1.8760402661897078,1.8173620391544805,0.4655344230080304,0.7807232409479936,0.7552766011861735,0.7554053936813764,3.3306690738754696e-16,5.669937756276022e-31,18,18,1
standard_rank27,4,wildcard,12,0.05,1.8760402661897078,1.8173620391544805,0.4655344230080304,0.7807232409479936,0.7383122993243456,0.7386836912097097,3.3306690738754696e-16,5.669937756276022e-31,18,18,1
standard_rank27,4,wildcard,13,0.001,2.121423379275481,1.9935036173376488,0.7255208348478418,0.7807232409479936,0.7798842719493554,0.7798849387636814,3.3306690738754696e-16,4.930380657631324e-31,18,18,1
standard_rank27,4,wildcard,13,0.003,2.121423379275481,1.9935036173376488,0.7255208348478418,0.7807232409479936,0.778206320696742,0.7782123416635799,2.220446049250313e-16,3.2047474274603605e-31,18,18,1
standard_rank27,4,wildcard,13,0.01,2.121423379275481,1.9935036173376488,0.7255208348478418,0.7807232409479936,0.7723333637674435,0.7724010295463573,3.3306690738754696e-16,4.807121141190541e-31,18,18,1
standard_rank27,4,wildcard,13,0.03,2.121423379275481,1.9935036173376488,0.7255208348478418,0.7807232409479936,0.7555526850268545,0.7561815587845998,2.220446049250313e-16,2.588449845256445e-31,18,18,1
standard_rank27,4,wildcard,13,0.05,2.121423379275481,1.9935036173376488,0.7255208348478418,0.7807232409479936,0.7387715277219885,0.7405743109243402,3.3306690738754696e-16,6.77927340424307e-31,18,18,1
standard_rank27,4,wildcard,14,0.001,1.7121020329994365,1.6098362551613221,0.5828555592674523,0.7807232409479936,0.7800596867660973,0.7800601414346412,3.3306690738754696e-16,5.669937756276022e-31,18,18,1
standard_rank27,4,wildcard,14,0.003,1.7121020329994365,1.6098362551613221,0.5828555592674523,0.7807232409479936,0.7787325727076682,0.7787366727398131,3.3306690738754696e-16,1.4791141972893971e-31,18,18,1
standard_rank27,4,wildcard,14,0.01,1.7121020329994365,1.6098362551613221,0.5828555592674523,0.7807232409479936,0.7740876168412334,0.7741334846157641,3.3306690738754696e-16,3.4512664603419266e-31,18,18,1
standard_rank27,4,wildcard,14,0.03,1.7121020329994365,1.6098362551613221,0.5828555592674523,0.7807232409479936,0.7608159076490937,0.761236745226099,3.3306690738754696e-16,6.162975822039155e-31,18,18,1
standard_rank27,4,wildcard,14,0.05,1.7121020329994365,1.6098362551613221,0.5828555592674523,0.7807232409479936,0.747543790014269,0.7487350891535911,2.220446049250313e-16,2.465190328815662e-31,18,18,1
standard_rank27,4,wildcard,15,0.001,2.3309241815587485,2.2572108127980695,0.5815555749563404,0.7807232409479936,0.7797615336743854,0.7797617728017366,3.3306690738754696e-16,5.423418723394456e-31,18,18,1
standard_rank27,4,wildcard,15,0.003,2.3309241815587485,2.2572108127980695,0.5815555749563404,0.7807232409479936,0.7778381099604077,0.7778402716754977,3.3306690738754696e-16,2.711709361697228e-31,18,18,1
standard_rank27,4,wildcard,15,0.01,2.3309241815587485,2.2572108127980695,0.5815555749563404,0.7807232409479936,0.7711060429468899,0.7711304371813534,2.220446049250313e-16,2.711709361697228e-31,18,18,1
standard_rank27,4,wildcard,15,0.03,2.3309241815587485,2.2572108127980695,0.5815555749563404,0.7807232409479936,0.7518711581284757,0.7521006022521529,3.3306690738754696e-16,3.0814879110195774e-31,18,18,1
standard_rank27,4,wildcard,15,0.05,2.3309241815587485,2.2572108127980695,0.5815555749563404,0.7807232409479936,0.7326364541004431,0.7333024105230738,3.3306690738754696e-16,6.286235338479938e-31,18,18,1
standard_rank27,4,wildcard,16,0.001,1.6337828192707717,1.6110577647691444,0.2715495886967979,0.7807232409479936,0.7799135814063616,0.7799136633359047,3.3306690738754696e-16,6.77927340424307e-31,18,18,1
standard_rank27,4,wildcard,16,0.003,1.6337828192707717,1.6110577647691444,0.2715495886967979,0.7807232409479936,0.7782942624709877,0.7782950023202339,3.3306690738754696e-16,3.4512664603419266e-31,18,18,1
standard_rank27,4,wildcard,16,0.01,1.6337828192707717,1.6110577647691444,0.2715495886967979,0.7807232409479936,0.7726266481434437,0.7726349659273718,3.3306690738754696e-16,4.437342591868191e-31,18,18,1
standard_rank27,4,wildcard,16,0.03,1.6337828192707717,1.6110577647691444,0.2715495886967979,0.7807232409479936,0.7564334909955001,0.7565109038324589,3.3306690738754696e-16,4.807121141190541e-31,18,18,1
standard_rank27,4,wildcard,16,0.05,1.6337828192707717,1.6110577647691444,0.2715495886967979,0.7807232409479936,0.7402403979962789,0.740462749935689,2.220446049250313e-16,2.711709361697228e-31,18,18,1
standard_rank27,4,wildcard,17,0.001,1.8124471687698716,1.7471477860112776,0.48211964637194993,0.7807232409479936,0.7800040250638962,0.7800041526199039,3.3306690738754696e-16,4.437342591868191e-31,18,18,1
standard_rank27,4,wildcard,17,0.003,1.8124471687698716,1.7471477860112776,0.48211964637194993,0.7807232409479936,0.7785655813917237,0.7785667342296465,3.3306690738754696e-16,4.5606021083089745e-31,18,18,1
standard_rank27,4,wildcard,17,0.01,1.8124471687698716,1.7471477860112776,0.48211964637194993,0.7807232409479936,0.7735309149712749,0.773543913990379,3.3306690738754696e-16,3.944304526105059e-31,18,18,1
standard_rank27,4,wildcard,17,0.03,1.8124471687698716,1.7471477860112776,0.48211964637194993,0.7807232409479936,0.7591454693959496,0.7592674804472597,3.3306690738754696e-16,4.683861624749758e-31,18,18,1
standard_rank27,4,wildcard,17,0.05,1.8124471687698716,1.7471477860112776,0.48211964637194993,0.7807232409479936,0.7447597247680053,0.7451132350477236,3.3306690738754696e-16,7.642090019328552e-31,18,18,1
standard_rank27,4,wildcard,18,0.001,1.689054498197756,1.6334247685621022,0.42991699586073023,0.7807232409479936,0.7799766928044727,0.7799769130787548,3.3306690738754696e-16,4.190823558986625e-31,18,18,1
standard_rank27,4,wildcard,18,0.003,1.689054498197756,1.6334247685621022,0.42991699586073023,0.7807232409479936,0.7784835964512239,0.7784855847869123,3.3306690738754696e-16,7.395570986446986e-31,18,18,1
standard_rank27,4,wildcard,18,0.01,1.689054498197756,1.6334247685621022,0.42991699586073023,0.7807232409479936,0.7732577597229443,0.7732800816463055,3.3306690738754696e-16,4.930380657631324e-31,18,18,1
standard_rank27,4,wildcard,18,0.03,1.689054498197756,1.6334247685621022,0.42991699586073023,0.7807232409479936,0.7583268321291871,0.7585337145013621,3.3306690738754696e-16,2.711709361697228e-31,18,18,1
standard_rank27,4,wildcard,18,0.05,1.689054498197756,1.6334247685621022,0.42991699586073023,0.7807232409479936,0.7433960289221222,0.7439876980890706,3.3306690738754696e-16,2.0954117794933126e-31,18,18,1
standard_rank27,4,wildcard,19,0.001,1.5715715689866383,1.545309264185731,0.2861057050617469,0.7807232409479936,0.7799432624898537,0.7799433361443903,2.220446049250313e-16,3.0814879110195774e-31,18,18,1
standard_rank27,4,wildcard,19,0.003,1.5715715689866383,1.545309264185731,0.2861057050617469,0.7807232409479936,0.7783833028773606,0.7783839681737118,3.3306690738754696e-16,4.314083075427408e-31,18,18,1
standard_rank27,4,wildcard,19,0.01,1.5715715689866383,1.545309264185731,0.2861057050617469,0.7807232409479936,0.7729234174891022,0.772930904049899,3.3306690738754696e-16,4.314083075427408e-31,18,18,1
standard_rank27,4,wildcard,19,0.03,1.5715715689866383,1.545309264185731,0.2861057050617469,0.7807232409479936,0.7573235549514854,0.7573934280988999,3.3306690738754696e-16,5.17689969051289e-31,18,18,1
standard_rank27,4,wildcard,19,0.05,1.5715715689866383,1.545309264185731,0.2861057050617469,0.7807232409479936,0.7417235065006181,0.7419248257727776,3.3306690738754696e-16,2.465190328815662e-31,18,18,1
standard_rank27,4,wildcard,20,0.001,1.9549586850579408,1.7627175333263,0.8453936112767337,0.7807232409479936,0.7800582208974275,0.780058639527989,3.3306690738754696e-16,6.039716305598372e-31,18,18,1
standard_rank27,4,wildcard,20,0.003,1.9549586850579408,1.7627175333263,0.8453936112767337,0.7807232409479936,0.7787281798527351,0.778731964636378,3.3306690738754696e-16,3.5745259767827097e-31,18,18,1
standard_rank27,4,wildcard,20,0.01,1.9549586850579408,1.7627175333263,0.8453936112767337,0.7807232409479936,0.7740730279801199,0.7741157478058746,3.3306690738754696e-16,6.286235338479938e-31,18,18,1
standard_rank27,4,wildcard,20,0.03,1.9549586850579408,1.7627175333263,0.8453936112767337,0.7807232409479936,0.7607725661723715,0.7611742802448447,3.3306690738754696e-16,2.834968878138011e-31,18,18,1
standard_rank27,4,wildcard,20,0.05,1.9549586850579408,1.7627175333263,0.8453936112767337,0.7807232409479936,0.7474721672366464,0.7486362211748011,3.3306690738754696e-16,2.0954117794933126e-31,18,18,1
standard_rank27,4,wildcard,21,0.001,1.9172645147949916,1.8365089719305798,0.5505797087711819,0.7807232409479936,0.7798679914324708,0.7798682108112837,3.3306690738754696e-16,3.3280069439011436e-31,18,18,1
standard_rank27,4,wildcard,21,0.003,1.9172645147949916,1.8365089719305798,0.5505797087711819,0.7807232409479936,0.7781574888557669,0.7781594718963812,3.3306690738754696e-16,5.300159206953673e-31,18,18,1
standard_rank27,4,wildcard,21,0.01,1.9172645147949916,1.8365089719305798,0.5505797087711819,0.7807232409479936,0.7721706946254897,0.7721930660523068,3.3306690738754696e-16,3.944304526105059e-31,18,18,1
standard_rank27,4,wildcard,21,0.03,1.9172645147949916,1.8365089719305798,0.5505797087711819,0.7807232409479936,0.755065317624377,0.7552754982165388,3.3306690738754696e-16,2.834968878138011e-31,18,18,1
standard_rank27,4,wildcard,21,0.05,1.9172645147949916,1.8365089719305798,0.5505797087711819,0.7807232409479936,0.737959696477926,0.7385687397999361,3.3306690738754696e-16,4.930380657631324e-31,18,18,1
standard_rank27,4,wildcard,22,0.001,1.6952766612301327,1.6567865148930965,0.35919549298393527,0.7807232409479936,0.7799452145640305,0.7799453066049803,2.220446049250313e-16,1.8488927466117464e-31,18,18,1
standard_rank27,4,wildcard,22,0.003,1.6952766612301327,1.6567865148930965,0.35919549298393527,0.7807232409479936,0.7783891600973194,0.7783899917254566,3.3306690738754696e-16,2.711709361697228e-31,18,18,1
standard_rank27,4,wildcard,22,0.01,1.6952766612301327,1.6567865148930965,0.35919549298393527,0.7807232409479936,0.7729429547676088,0.7729523226712096,3.3306690738754696e-16,4.5606021083089745e-31,18,18,1
standard_rank27,4,wildcard,22,0.03,1.6952766612301327,1.6567865148930965,0.35919549298393527,0.7807232409479936,0.7573823213891123,0.7574699794645066,3.3306690738754696e-16,5.546678239835239e-31,18,18,1
standard_rank27,4,wildcard,22,0.05,1.6952766612301327,1.6567865148930965,0.35919549298393527,0.7807232409479936,0.7418218138724516,0.7420748924715876,3.3306690738754696e-16,2.711709361697228e-31,18,18,1
standard_rank27,4,wildcard,23,0.001,1.478714645345423,1.4516218175111517,0.28176426545014616,0.7807232409479936,0.7799779783281844,0.7799780346947065,3.3306690738754696e-16,4.190823558986625e-31,18,18,1
standard_rank27,4,wildcard,23,0.003,1.478714645345423,1.4516218175111517,0.28176426545014616,0.7807232409479936,0.7784874517579775,0.7784879609893729,3.3306690738754696e-16,4.437342591868191e-31,18,18,1
standard_rank27,4,wildcard,23,0.01,1.478714645345423,1.4516218175111517,0.28176426545014616,0.7807232409479936,0.7732705953656275,0.7732763291069372,3.3306690738754696e-16,5.9164567891575885e-31,18,18,1
standard_rank27,4,wildcard,23,0.03,1.478714645345423,1.4516218175111517,0.28176426545014616,0.7807232409479936,0.7583651910081455,0.7584187750426543,3.3306690738754696e-16,3.4512664603419266e-31,18,18,1
standard_rank27,4,wildcard,23,0.05,1.478714645345423,1.4516218175111517,0.28176426545014616,0.7807232409479936,0.7434596733191106,0.7436141737264658,3.3306690738754696e-16,5.053640174072107e-31,18,18,1
standard_rank27,4,wildcard,24,0.001,2.051626225040027,1.8958015431635933,0.7842873683864405,0.7807232409479936,0.7799528548842646,0.7799535060854447,3.3306690738754696e-16,4.930380657631324e-31,18,18,1
standard_rank27,4,wildcard,24,0.003,2.051626225040027,1.8958015431635933,0.7842873683864405,0.7807232409479936,0.7784120829896954,0.7784179655710335,3.3306690738754696e-16,3.944304526105059e-31,18,18,1
standard_rank27,4,wildcard,24,0.01,2.051626225040027,1.8958015431635933,0.7842873683864405,0.7807232409479936,0.773019384158742,0.7730855946138546,3.3306690738754696e-16,3.821045009664276e-31,18,18,1
standard_rank27,4,wildcard,24,0.03,2.051626225040027,1.8958015431635933,0.7842873683864405,0.7807232409479936,0.757611706124302,0.7582295401148488,3.3306690738754696e-16,2.0954117794933126e-31,18,18,1
standard_rank27,4,wildcard,24,0.05,2.051626225040027,1.8958015431635933,0.7842873683864405,0.7807232409479936,0.7422040986373765,0.7439816374794116,2.220446049250313e-16,1.8488927466117464e-31,18,18,1
standard_rank27,4,wildcard,25,0.001,2.1114854474779077,1.9209397063146634,0.8765622850743205,0.7807232409479936,0.7799253790875652,0.7799260207177185,3.3306690738754696e-16,5.423418723394456e-31,18,18,1
standard_rank27,4,wildcard,25,0.003,2.1114854474779077,1.9209397063146634,0.8765622850743205,0.7807232409479936,0.7783296554289627,0.7783354492828084,3.3306690738754696e-16,4.314083075427408e-31,18,18,1
standard_rank27,4,wildcard,25,0.01,2.1114854474779077,1.9209397063146634,0.8765622850743205,0.7807232409479936,0.77274462388526,0.7728097461953519,3.3306690738754696e-16,3.821045009664276e-31,18,18,1
standard_rank27,4,wildcard,25,0.03,2.1114854474779077,1.9209397063146634,0.8765622850743205,0.7807232409479936,0.7567874170853225,0.7573927011968418,2.220446049250313e-16,2.0954117794933126e-31,18,18,1
standard_rank27,4,wildcard,25,0.05,2.1114854474779077,1.9209397063146634,0.8765622850743205,0.7807232409479936,0.7408302870606778,0.7425647863648711,3.3306690738754696e-16,8.011868568650901e-31,18,18,1
standard_rank27,4,wildcard,26,0.001,1.8894239095978043,1.812018210450695,0.5352688251289376,0.7807232409479936,0.7799865452859769,0.77998679386523,3.3306690738754696e-16,9.121204216617949e-31,18,18,1
standard_rank27,4,wildcard,26,0.003,1.8894239095978043,1.812018210450695,0.5352688251289376,0.7807232409479936,0.7785131523717547,0.7785153979102957,2.220446049250313e-16,2.2186712959340957e-31,18,18,1
standard_rank27,4,wildcard,26,0.01,1.8894239095978043,1.812018210450695,0.5352688251289376,0.7807232409479936,0.7733562611922058,0.7733815368869738,2.220446049250313e-16,1.8488927466117464e-31,18,18,1
standard_rank27,4,wildcard,26,0.03,1.8894239095978043,1.812018210450695,0.5352688251289376,0.7807232409479936,0.7586221674834719,0.7588581290581706,3.3306690738754696e-16,1.6023737137301802e-31,18,18,1
standard_rank27,4,wildcard,26,0.05,1.8894239095978043,1.812018210450695,0.5352688251289376,0.7807232409479936,0.7438879419244113,0.7445674259159428,3.3306690738754696e-16,4.807121141190541e-31,18,18,1
standard_rank27,4,wildcard,27,0.001,1.7367419487866085,1.6997805643706962,0.3563967307127607,0.7807232409479936,0.7799787361862504,0.7799788040035768,3.3306690738754696e-16,5.423418723394456e-31,18,18,1
standard_rank27,4,wildcard,27,0.003,1.7367419487866085,1.6997805643706962,0.3563967307127607,0.7807232409479936,0.7784897266736509,0.7784903397940859,3.3306690738754696e-16,4.930380657631324e-31,18,18,1
standard_rank27,4,wildcard,27,0.01,1.7367419487866085,1.6997805643706962,0.3563967307127607,0.7807232409479936,0.7732781942049013,0.7732851147908434,1.1102230246251565e-16,9.860761315262648e-32,18,18,1
standard_rank27,4,wildcard,27,0.03,1.7367419487866085,1.6997805643706962,0.3563967307127607,0.7807232409479936,0.7583881264178688,0.7584532421272598,3.3306690738754696e-16,2.9582283945787943e-31,18,18,1
standard_rank27,4,wildcard,27,0.05,1.7367419487866085,1.6997805643706962,0.3563967307127607,0.7807232409479936,0.7434981395910968,0.7436870928832106,3.3306690738754696e-16,2.341930812374879e-31,18,18,1
standard_rank27,4,wildcard,28,0.001,2.130407696452343,2.046007888119473,0.5937075667837426,0.7807232409479936,0.779875267573418,0.7798755893198392,3.3306690738754696e-16,4.683861624749758e-31,18,18,1
standard_rank27,4,wildcard,28,0.003,2.130407696452343,2.046007888119473,0.5937075667837426,0.7807232409479936,0.7781793210376142,0.7781822292885847,3.3306690738754696e-16,2.9582283945787943e-31,18,18,1
standard_rank27,4,wildcard,28,0.01,2.130407696452343,2.046007888119473,0.5937075667837426,0.7807232409479936,0.7722435105294904,0.7722763145245821,3.3306690738754696e-16,8.011868568650901e-31,18,18,1
standard_rank27,4,wildcard,28,0.03,2.130407696452343,2.046007888119473,0.5937075667837426,0.7807232409479936,0.7552840754405341,0.755592122353987,2.220446049250313e-16,1.9721522630525295e-31,18,18,1
standard_rank27,4,wildcard,28,0.05,2.130407696452343,2.046007888119473,0.5937075667837426,0.7807232409479936,0.7383246831322442,0.7392168159174571,3.3306690738754696e-16,3.5745259767827097e-31,18,18,1
standard_rank27,4,wildcard,29,0.001,1.6392089351442563,1.6173676293130024,0.26669811530493526,0.7807232409479936,0.7798931401267232,0.779893217245013,3.3306690738754696e-16,1.9721522630525295e-31,18,18,1
standard_rank27,4,wildcard,29,0.003,1.6392089351442563,1.6173676293130024,0.26669811530493526,0.7807232409479936,0.7782329387094143,0.7782336350278057,2.220446049250313e-16,1.8488927466117464e-31,18,18,1
standard_rank27,4,wildcard,29,0.01,1.6392089351442563,1.6173676293130024,0.26669811530493526,0.7807232409479936,0.7724222365774664,0.7724300616962025,3.3306690738754696e-16,3.821045009664276e-31,18,18,1
standard_rank27,4,wildcard,29,0.03,1.6392089351442563,1.6173676293130024,0.26669811530493526,0.7807232409479936,0.7558202664231032,0.7558930093171508,3.3306690738754696e-16,6.162975822039155e-31,18,18,1
standard_rank27,4,wildcard,29,0.05,1.6392089351442563,1.6173676293130024,0.26669811530493526,0.7807232409479936,0.7392183782675664,0.7394270821871033,3.3306690738754696e-16,3.0814879110195774e-31,18,18,1
standard_rank27,4,wildcard,30,0.001,1.7552509710169695,1.6921020207368203,0.46657981383079944,0.7807232409479936,0.7799078205195178,0.7799079577335166,2.220446049250313e-16,1.355854680848614e-31,18,18,1
standard_rank27,4,wildcard,30,0.003,1.7552509710169695,1.6921020207368203,0.46657981383079944,0.7807232409479936,0.7782769776341191,0.7782782184639874,3.3306690738754696e-16,2.0954117794933126e-31,18,18,1
standard_rank27,4,wildcard,30,0.01,1.7552509710169695,1.6921020207368203,0.46657981383079944,0.7807232409479936,0.7725690100523545,0.7725830283527094,3.3306690738754696e-16,3.2047474274603605e-31,18,18,1
standard_rank27,4,wildcard,30,0.03,1.7552509710169695,1.6921020207368203,0.46657981383079944,0.7807232409479936,0.7562604777478484,0.7563927272644951,3.3306690738754696e-16,4.190823558986625e-31,18,18,1
standard_rank27,4,wildcard,30,0.05,1.7552509710169695,1.6921020207368203,0.46657981383079944,0.7807232409479936,0.7399521037374492,0.7403369693061843,3.3306690738754696e-16,3.821045009664276e-31,18,18,1
standard_rank27,4,wildcard,31,0.001,2.0007429134386405,1.922248990193396,0.5549153317177389,0.7807232409479936,0.7799245687961477,0.7799248760062266,3.3306690738754696e-16,3.697785493223493e-31,18,18,1
standard_rank27,4,wildcard,31,0.003,2.0007429134386405,1.922248990193396,0.5549153317177389,0.7807232409479936,0.7783272244471694,0.7783299996671016,3.3306690738754696e-16,2.9582283945787943e-31,18,18,1
standard_rank27,4,wildcard,31,0.01,2.0007429134386405,1.922248990193396,0.5549153317177389,0.7807232409479936,0.7727365187519649,0.7727677582294548,3.3306690738754696e-16,3.4512664603419266e-31,18,18,1
standard_rank27,4,wildcard,31,0.03,2.0007429134386405,1.922248990193396,0.5549153317177389,0.7807232409479936,0.7567630698910083,0.7570547611583409,3.3306690738754696e-16,5.423418723394456e-31,18,18,1
standard_rank27,4,wildcard,31,0.05,2.0007429134386405,1.922248990193396,0.5549153317177389,0.7807232409479936,0.7407896151828489,0.7416297733334835,3.3306690738754696e-16,6.039716305598372e-31,18,18,1
standard_rank27,4,wildcard,32,0.001,1.6976693601744484,1.6732774335710787,0.28674707806167016,0.7807232409479936,0.7798997294888362,0.7798997837835983,2.220446049250313e-16,2.0954117794933126e-31,18,18,1
standard_rank27,4,wildcard,32,0.003,1.6976693601744484,1.6732774335710787,0.28674707806167016,0.7807232409479936,0.7782527045841398,0.7782531955006178,3.3306690738754696e-16,5.669937756276022e-31,18,18,1
standard_rank27,4,wildcard,32,0.01,1.6976693601744484,1.6732774335710787,0.28674707806167016,0.7807232409479936,0.7724880975622811,0.7724936408730306,3.3306690738754696e-16,2.711709361697228e-31,18,18,1
standard_rank27,4,wildcard,32,0.03,1.6976693601744484,1.6732774335710787,0.28674707806167016,0.7807232409479936,0.7560176468630161,0.7560698694551556,3.3306690738754696e-16,3.944304526105059e-31,18,18,1
standard_rank27,4,wildcard,32,0.05,1.6976693601744484,1.6732774335710787,0.28674707806167016,0.7807232409479936,0.7395470436597352,0.7396988159649496,3.3306690738754696e-16,4.437342591868191e-31,18,18,1
standard_rank27,4,wildcard,33,0.001,1.859826347745443,1.8095854916170246,0.4293651037256356,0.7807232409479936,0.7799256090368358,0.7799257709659071,2.220446049250313e-16,1.232595164407831e-31,18,18,1
standard_rank27,4,wildcard,33,0.003,1.859826347745443,1.8095854916170246,0.4293651037256356,0.7807232409479936,0.7783303429429238,0.778331806015598,3.3306690738754696e-16,8.135128085091684e-31,18,18,1
standard_rank27,4,wildcard,33,0.01,1.859826347745443,1.8095854916170246,0.4293651037256356,0.7807232409479936,0.7727468890033715,0.7727633688166755,3.3306690738754696e-16,3.944304526105059e-31,18,18,1
standard_rank27,4,wildcard,33,0.03,1.859826347745443,1.8095854916170246,0.4293651037256356,0.7807232409479936,0.75679400080723,0.7569481716577054,3.3306690738754696e-16,3.5745259767827097e-31,18,18,1
standard_rank27,4,wildcard,33,0.05,1.859826347745443,1.8095854916170246,0.4293651037256356,0.7807232409479936,0.7408409477269022,0.741285911211627,3.3306690738754696e-16,3.821045009664276e-31,18,18,1
standard_rank27,4,wildcard,34,0.001,1.811989286497366,1.755924064335435,0.447253680442051,0.7807232409479936,0.7799021095071431,0.7799023294009337,2.220446049250313e-16,1.7256332301709633e-31,18,18,1
standard_rank27,4,wildcard,34,0.003,1.811989286497366,1.755924064335435,0.447253680442051,0.7807232409479936,0.7782598453100834,0.7782618306338354,3.3306690738754696e-16,1.9721522630525295e-31,18,18,1
standard_rank27,4,wildcard,34,0.01,1.811989286497366,1.755924064335435,0.447253680442051,0.7807232409479936,0.7725119093808103,0.7725342143663197,3.3306690738754696e-16,3.821045009664276e-31,18,18,1
standard_rank27,4,wildcard,34,0.03,1.811989286497366,1.755924064335435,0.447253680442051,0.7807232409479936,0.7560892041114164,0.7562964000700482,3.3306690738754696e-16,4.437342591868191e-31,18,18,1
standard_rank27,4,wildcard,34,0.05,1.811989286497366,1.755924064335435,0.447253680442051,0.7807232409479936,0.7396666141216941,0.7402606436157334,3.3306690738754696e-16,7.765349535769335e-31,18,18,1
standard_rank27,4,wildcard,35,0.001,2.099931461040786,2.0517685707320097,0.44716649385348367,0.7807232409479936,0.7797749364946805,0.7797750414286262,3.3306690738754696e-16,2.341930812374879e-31,18,18,1
standard_rank27,4,wildcard,35,0.003,2.099931461040786,2.0517685707320097,0.44716649385348367,0.7807232409479936,0.7778783204772849,0.7778792701101671,3.3306690738754696e-16,6.162975822039155e-31,18,18,1
standard_rank27,4,wildcard,35,0.01,2.099931461040786,2.0517685707320097,0.44716649385348367,0.7807232409479936,0.7712400953207075,0.7712508518937099,2.220446049250313e-16,7.395570986446986e-32,18,18,1
standard_rank27,4,wildcard,35,0.03,2.099931461040786,2.0517685707320097,0.44716649385348367,0.7807232409479936,0.752273285969458,0.7523755164934618,3.3306690738754696e-16,3.3280069439011436e-31,18,18,1
standard_rank27,4,wildcard,35,0.05,2.099931461040786,2.0517685707320097,0.44716649385348367,0.7807232409479936,0.7333061534397582,0.7336058524621109,3.3306690738754696e-16,4.314083075427408e-31,18,18,1
standard_rank27,4,wildcard,36,0.001,1.8091252499504502,1.7663680571414226,0.39099623619507345,0.7807232409479936,0.7799064422799279,0.7799065243575374,3.3306690738754696e-16,2.711709361697228e-31,18,18,1
standard_rank27,4,wildcard,36,0.003,1.8091252499504502,1.7663680571414226,0.39099623619507345,0.7807232409479936,0.7782728451608435,0.7782735873125053,3.3306690738754696e-16,5.053640174072107e-31,18,18,1
standard_rank27,4,wildcard,36,0.01,1.8091252499504502,1.7663680571414226,0.39099623619507345,0.7807232409479936,0.772555258242492,0.7725636394678014,3.3306690738754696e-16,4.190823558986625e-31,18,18,1
standard_rank27,4,wildcard,36,0.03,1.8091252499504502,1.7663680571414226,0.39099623619507345,0.7807232409479936,0.7562193393807779,0.756298308088084,3.3306690738754696e-16,5.546678239835239e-31,18,18,1
standard_rank27,4,wildcard,36,0.05,1.8091252499504502,1.7663680571414226,0.39099623619507345,0.7807232409479936,0.7398835294687431,0.7401129880496053,3.3306690738754696e-16,4.190823558986625e-31,18,18,1
standard_rank27,4,wildcard,37,0.001,1.614197547670986,1.5618394284248804,0.40778833078506416,0.7807232409479936,0.7800193736918337,0.7800194700976587,3.3306690738754696e-16,3.2047474274603605e-31,18,18,1
standard_rank27,4,wildcard,37,0.003,1.614197547670986,1.5618394284248804,0.40778833078506416,0.7807232409479936,0.7786116373087463,0.7786125085077387,3.3306690738754696e-16,2.9582283945787943e-31,18,18,1
standard_rank27,4,wildcard,37,0.01,1.614197547670986,1.5618394284248804,0.40778833078506416,0.7807232409479936,0.7736845436785063,0.773694362476809,3.3306690738754696e-16,2.0954117794933126e-31,18,18,1
standard_rank27,4,wildcard,37,0.03,1.614197547670986,1.5618394284248804,0.40778833078506416,0.7807232409479936,0.7596070778103418,0.7596990873792747,2.220446049250313e-16,2.588449845256445e-31,18,18,1
standard_rank27,4,wildcard,37,0.05,1.614197547670986,1.5618394284248804,0.40778833078506416,0.7807232409479936,0.7455297349055521,0.7457957398630354,3.3306690738754696e-16,4.807121141190541e-31,18,18,1
standard_rank27,4,wildcard,38,0.001,1.5776043738945087,1.5232056447400282,0.4107068594060716,0.7807232409479936,0.7800087790328796,0.7800089610326991,3.3306690738754696e-16,2.9582283945787943e-31,18,18,1
standard_rank27,4,wildcard,38,0.003,1.5776043738945087,1.5232056447400282,0.4107068594060716,0.7807232409479936,0.7785798542295993,0.7785814975913641,3.3306690738754696e-16,3.821045009664276e-31,18,18,1
standard_rank27,4,wildcard,38,0.01,1.5776043738945087,1.5232056447400282,0.4107068594060716,0.7807232409479936,0.7735786075621087,0.7735970768023024,3.3306690738754696e-16,4.930380657631324e-31,18,18,1
standard_rank27,4,wildcard,38,0.03,1.5776043738945087,1.5232056447400282,0.4107068594060716,0.7807232409479936,0.7592892559805765,0.7594609554487248,3.3306690738754696e-16,2.341930812374879e-31,18,18,1
standard_rank27,4,wildcard,38,0.05,1.5776043738945087,1.5232056447400282,0.4107068594060716,0.7807232409479936,0.7449998150195871,0.7454923253735807,3.3306690738754696e-16,5.300159206953673e-31,18,18,1
standard_rank27,4,wildcard,39,0.001,1.7682421546299751,1.6965925539258542,0.49825096424774096,0.7807232409479936,0.7799685664277295,0.7799687150423412,3.3306690738754696e-16,3.697785493223493e-31,18,18,1
standard_rank27,4,wildcard,39,0.003,1.7682421546299751,1.6965925539258542,0.49825096424774096,0.7807232409479936,0.7784592147640079,0.7784605579846922,3.3306690738754696e-16,5.423418723394456e-31,18,18,1
standard_rank27,4,wildcard,39,0.01,1.7682421546299751,1.6965925539258542,0.49825096424774096,0.7807232409479936,0.7731764608089724,0.7731916084683655,2.220446049250313e-16,1.4791141972893971e-31,18,18,1
standard_rank27,4,wildcard,39,0.03,1.7682421546299751,1.6965925539258542,0.49825096424774096,0.7807232409479936,0.758082790794618,0.7582249942580311,3.3306690738754696e-16,4.683861624749758e-31,18,18,1
standard_rank27,4,wildcard,39,0.05,1.7682421546299751,1.6965925539258542,0.49825096424774096,0.7807232409479936,0.7429892634590101,0.7434012173748121,3.3306690738754696e-16,2.711709361697228e-31,18,18,1
standard_rank27,4,wildcard,40,0.001,1.964741606250972,1.8948928327455363,0.5192212743554003,0.7807232409479936,0.7798133753315912,0.7798137216853641,2.220446049250313e-16,1.8488927466117464e-31,18,18,1
standard_rank27,4,wildcard,40,0.003,1.964741606250972,1.8948928327455363,0.5192212743554003,0.7807232409479936,0.7779936442941825,0.7779967737626725,3.3306690738754696e-16,2.588449845256445e-31,18,18,1
standard_rank27,4,wildcard,40,0.01,1.964741606250972,1.8948928327455363,0.5192212743554003,0.7807232409479936,0.7716245878670303,0.7716598405475976,3.3306690738754696e-16,3.3280069439011436e-31,18,18,1
standard_rank27,4,wildcard,40,0.03,1.964741606250972,1.8948928327455363,0.5192212743554003,0.7807232409479936,0.7534273065581084,0.7537571842435894,3.3306690738754696e-16,5.9164567891575885e-31,18,18,1
standard_rank27,4,wildcard,40,0.05,1.964741606250972,1.8948928327455363,0.5192212743554003,0.7807232409479936,0.7352300686986137,0.7361824086397495,3.3306690738754696e-16,2.9582283945787943e-31,18,18,1
standard_rank27,4,wildcard,41,0.001,1.5874157506821474,1.5240848979482269,0.4439076360684835,0.7807232409479936,0.780001699573363,0.7800019090042305,3.3306690738754696e-16,3.0814879110195774e-31,18,18,1
standard_rank27,4,wildcard,41,0.003,1.5874157506821474,1.5240848979482269,0.4439076360684835,0.7807232409479936,0.7785586165466518,0.7785605074187343,3.3306690738754696e-16,3.944304526105059e-31,18,18,1
standard_rank27,4,wildcard,41,0.01,1.5874157506821474,1.5240848979482269,0.4439076360684835,0.7807232409479936,0.7735078230939246,0.7735290669945714,2.220446049250313e-16,3.5745259767827097e-31,18,18,1
standard_rank27,4,wildcard,41,0.03,1.5874157506821474,1.5240848979482269,0.4439076360684835,0.7807232409479936,0.7590769614992433,0.7592742646241423,3.3306690738754696e-16,2.834968878138011e-31,18,18,1
standard_rank27,4,wildcard,41,0.05,1.5874157506821474,1.5240848979482269,0.4439076360684835,0.7807232409479936,0.7446460688669608,0.7452114550870064,3.3306690738754696e-16,4.930380657631324e-31,18,18,1
standard_rank27,4,wildcard,42,0.001,1.9988735143003697,1.8976743118528372,0.6279550400350106,0.7807232409479936,0.7798658439037403,0.7798663042053074,2.220446049250313e-16,3.0814879110195774e-31,18,18,1
standard_rank27,4,wildcard,42,0.003,1.9988735143003697,1.8976743118528372,0.6279550400350106,0.7807232409479936,0.7781510492211994,0.7781552058068308,3.3306690738754696e-16,4.437342591868191e-31,18,18,1
standard_rank27,4,wildcard,42,0.01,1.9988735143003697,1.8976743118528372,0.6279550400350106,0.7807232409479936,0.7721492617675705,0.7721959877978642,3.3306690738754696e-16,3.821045009664276e-31,18,18,1
standard_rank27,4,wildcard,42,0.03,1.9988735143003697,1.8976743118528372,0.6279550400350106,0.7807232409479936,0.7550012500018517,0.7554358897296368,3.3306690738754696e-16,4.067564042545842e-31,18,18,1
standard_rank27,4,wildcard,42,0.05,1.9988735143003697,1.8976743118528372,0.6279550400350106,0.7807232409479936,0.7378531785224391,0.7391003936643387,3.3306690738754696e-16,2.9582283945787943e-31,18,18,1
standard_rank27,4,wildcard,43,0.001,1.544157295202799,1.520971280361908,0.26658603984883,0.7807232409479936,0.7799927715062184,0.7799928391507465,2.220446049250313e-16,1.9721522630525295e-31,18,18,1
standard_rank27,4,wildcard,43,0.003,1.544157295202799,1.520971280361908,0.26658603984883,0.7807232409479936,0.7785318288155675,0.778532439414233,3.3306690738754696e-16,4.067564042545842e-31,18,18,1
standard_rank27,4,wildcard,43,0.01,1.544157295202799,1.520971280361908,0.26658603984883,0.7807232409479936,0.7734184916276572,0.7734253464964014,3.3306690738754696e-16,3.697785493223493e-31,18,18,1
standard_rank27,4,wildcard,43,0.03,1.544157295202799,1.520971280361908,0.26658603984883,0.7807232409479936,0.7588086885012154,0.7588722355155373,3.3306690738754696e-16,6.532754371361504e-31,18,18,1
standard_rank27,4,wildcard,43,0.05,1.544157295202799,1.520971280361908,0.26658603984883,0.7807232409479936,0.7441986237331077,0.7443804763139815,3.3306690738754696e-16,5.423418723394456e-31,18,18,1
standard_rank27,4,wildcard,44,0.001,1.957622112180369,1.8993780823916349,0.47396965538713937,0.7807232409479936,0.7798570883422136,0.7798573579474692,3.3306690738754696e-16,3.3280069439011436e-31,18,18,1
standard_rank27,4,wildcard,44,0.003,1.957622112180369,1.8993780823916349,0.47396965538713937,0.7807232409479936,0.7781247801136489,0.7781272150794598,3.3306690738754696e-16,4.437342591868191e-31,18,18,1
standard_rank27,4,wildcard,44,0.01,1.957622112180369,1.8993780823916349,0.47396965538713937,0.7807232409479936,0.7720616711844763,0.7720890596970151,3.3306690738754696e-16,3.2047474274603605e-31,18,18,1
standard_rank27,4,wildcard,44,0.03,1.957622112180369,1.8993780823916349,0.47396965538713937,0.7807232409479936,0.754738284064165,0.7549935140530621,2.220446049250313e-16,2.2186712959340957e-31,18,18,1
standard_rank27,4,wildcard,44,0.05,1.957622112180369,1.8993780823916349,0.47396965538713937,0.7807232409479936,0.7374146717588044,0.738148588773731,3.3306690738754696e-16,4.437342591868191e-31,18,18,1
standard_rank27,4,wildcard,45,0.001,1.8512514872572423,1.760361688720961,0.5729387349059565,0.7807232409479936,0.780025746632333,0.7800260617187171,3.3306690738754696e-16,5.7931972727168054e-31,18,18,1
standard_rank27,4,wildcard,45,0.003,1.8512514872572423,1.760361688720961,0.5729387349059565,0.7807232409479936,0.7786307562283731,0.7786335997069868,3.3306690738754696e-16,4.067564042545842e-31,18,18,1
standard_rank27,4,wildcard,45,0.01,1.8512514872572423,1.760361688720961,0.5729387349059565,0.7807232409479936,0.773748273765497,0.7737801683274448,3.3306690738754696e-16,4.067564042545842e-31,18,18,1
standard_rank27,4,wildcard,45,0.03,1.8512514872572423,1.760361688720961,0.5729387349059565,0.7807232409479936,0.7597982509637912,0.760093090660237,3.3306690738754696e-16,3.2047474274603605e-31,18,18,1
standard_rank27,4,wildcard,45,0.05,1.8512514872572423,1.760361688720961,0.5729387349059565,0.7807232409479936,0.745848279188553,0.7466891702745716,3.3306690738754696e-16,4.437342591868191e-31,18,18,1
standard_rank27,4,wildcard,46,0.001,1.8077338702729588,1.7417206987524525,0.4840565599899665,0.7807232409479936,0.7798706745514354,0.7798708512657995,2.220446049250313e-16,1.9721522630525295e-31,18,18,1
standard_rank27,4,wildcard,46,0.003,1.8077338702729588,1.7417206987524525,0.4840565599899665,0.7807232409479936,0.7781655377584079,0.7781671354744278,3.3306690738754696e-16,5.053640174072107e-31,18,18,1
standard_rank27,4,wildcard,46,0.01,1.8077338702729588,1.7417206987524525,0.4840565599899665,0.7807232409479936,0.7721975195088892,0.7722155574977774,3.3306690738754696e-16,4.5606021083089745e-31,18,18,1
standard_rank27,4,wildcard,46,0.03,1.8077338702729588,1.7417206987524525,0.4840565599899665,0.7807232409479936,0.7551457641595084,0.7553156274215068,3.3306690738754696e-16,5.300159206953673e-31,18,18,1
standard_rank27,4,wildcard,46,0.05,1.8077338702729588,1.7417206987524525,0.4840565599899665,0.7807232409479936,0.7380937588218502,0.7385872741942556,3.3306690738754696e-16,6.162975822039155e-31,18,18,1
standard_rank27,4,wildcard,47,0.001,1.4473123809333055,1.4293001571552972,0.22762730231383962,0.7807232409479936,0.7799893941657076,0.7799894566977387,2.220446049250313e-16,1.9721522630525295e-31,18,18,1
standard_rank27,4,wildcard,47,0.003,1.4473123809333055,1.4293001571552972,0.22762730231383962,0.7807232409479936,0.7785216995441485,0.7785222641711083,2.220446049250313e-16,1.4791141972893971e-31,18,18,1
standard_rank27,4,wildcard,47,0.01,1.4473123809333055,1.4293001571552972,0.22762730231383962,0.7807232409479936,0.773384757682432,0.7733911033261809,3.3306690738754696e-16,6.77927340424307e-31,18,18,1
standard_rank27,4,wildcard,47,0.03,1.4473123809333055,1.4293001571552972,0.22762730231383962,0.7807232409479936,0.7587076997084441,0.7587667024829727,3.3306690738754696e-16,3.944304526105059e-31,18,18,1
standard_rank27,4,wildcard,47,0.05,1.4473123809333055,1.4293001571552972,0.22762730231383962,0.7807232409479936,0.7440305468175247,0.7441998731363568,3.3306690738754696e-16,2.588449845256445e-31,18,18,1
standard_rank27,4,wildcard,48,0.001,1.7926721347856776,1.7495279300681794,0.3909288998633767,0.7807232409479936,0.7799553395991101,0.7799554939849033,2.220446049250313e-16,1.355854680848614e-31,18,18,1
standard_rank27,4,wildcard,48,0.003,1.7926721347856776,1.7495279300681794,0.3909288998633767,0.7807232409479936,0.7784195367113295,0.7784209308392175,3.3306690738754696e-16,3.5745259767827097e-31,18,18,1
standard_rank27,4,wildcard,48,0.01,1.7926721347856776,1.7495279300681794,0.3909288998633767,0.7807232409479936,0.773044225299693,0.773059897712231,3.3306690738754696e-16,3.944304526105059e-31,18,18,1
standard_rank27,4,wildcard,48,0.03,1.7926721347856776,1.7495279300681794,0.3909288998633767,0.7807232409479936,0.7576861990647623,0.7578320157190565,3.3306690738754696e-16,3.944304526105059e-31,18,18,1
standard_rank27,4,wildcard,48,0.05,1.7926721347856776,1.7495279300681794,0.3909288998633767,0.7807232409479936,0.7423282259619474,0.7427468581523629,3.3306690738754696e-16,5.300159206953673e-31,18,18,1
standard_rank27,5,structured,0,0.001,1.4143739261059036,1.4143233026898994,0.01196654990225034,0.7326364541004431,0.7319038174297833,0.7319038174890137,3.3306690738754696e-16,5.7931972727168054e-31,18,18,1
standard_rank27,5,structured,0,0.003,1.4143739261059036,1.4143233026898994,0.01196654990225034,0.7326364541004431,0.7304385427913617,0.730438543323374,3.3306690738754696e-16,6.902532920683853e-31,18,18,1
standard_rank27,5,structured,0,0.01,1.4143739261059036,1.4143233026898994,0.01196654990225034,0.7326364541004431,0.7253100680084836,0.7253100738806219,3.3306690738754696e-16,5.9164567891575885e-31,18,18,1
standard_rank27,5,structured,0,0.03,1.4143739261059036,1.4143233026898994,0.01196654990225034,0.7326364541004431,0.7106571685602164,0.7106572205932552,3.3306690738754696e-16,3.697785493223493e-31,18,18,1
standard_rank27,5,structured,0,0.05,1.4143739261059036,1.4143233026898994,0.01196654990225034,0.7326364541004431,0.696004103984234,0.696004247190949,2.220446049250313e-16,2.834968878138011e-31,18,18,1
standard_rank27,5,wildcard,1,0.001,1.9468233826103039,1.8209859212155808,0.688572115186832,0.7326364541004431,0.7319577182690434,0.7319582006492833,3.3306690738754696e-16,3.821045009664276e-31,18,18,1
standard_rank27,5,wildcard,1,0.003,1.9468233826103039,1.8209859212155808,0.688572115186832,0.7326364541004431,0.7306002487895379,0.7306046014001476,3.3306690738754696e-16,5.053640174072107e-31,18,18,1
standard_rank27,5,wildcard,1,0.01,1.9468233826103039,1.8209859212155808,0.688572115186832,0.7326364541004431,0.7258491288444392,0.7258979266778415,3.3306690738754696e-16,7.395570986446986e-31,18,18,1
standard_rank27,5,wildcard,1,0.03,1.9468233826103039,1.8209859212155808,0.688572115186832,0.7326364541004431,0.7122747073545493,0.7127251097842469,3.3306690738754696e-16,5.17689969051289e-31,18,18,1
standard_rank27,5,wildcard,1,0.05,1.9468233826103039,1.8209859212155808,0.688572115186832,0.7326364541004431,0.6987006115772273,0.6999829537923699,4.440892098500626e-16,3.944304526105059e-31,18,18,1
standard_rank27,5,wildcard,2,0.001,1.7087267813109444,1.6818828542305322,0.3016906989196348,0.7326364541004431,0.7318598454616252,0.7318599552225854,2.220446049250313e-16,2.9582283945787943e-31,18,18,1
standard_rank27,5,wildcard,2,0.003,1.7087267813109444,1.6818828542305322,0.3016906989196348,0.7326364541004431,0.7303066263350444,0.7303076173203334,2.220446049250313e-16,2.465190328815662e-31,18,18,1
standard_rank27,5,wildcard,2,0.01,1.7087267813109444,1.6818828542305322,0.3016906989196348,0.7326364541004431,0.7248703401094365,0.7248814738636008,3.3306690738754696e-16,4.190823558986625e-31,18,18,1
standard_rank27,5,wildcard,2,0.03,1.7087267813109444,1.6818828542305322,0.3016906989196348,0.7326364541004431,0.7093379317758364,0.7094413587130627,3.3306690738754696e-16,5.546678239835239e-31,18,18,1
standard_rank27,5,wildcard,2,0.05,1.7087267813109444,1.6818828542305322,0.3016906989196348,0.7326364541004431,0.6938052915757046,0.694101821188151,3.3306690738754696e-16,6.532754371361504e-31,18,18,1
standard_rank27,5,wildcard,3,0.001,1.808409536375063,1.7244454648136225,0.5446401473780642,0.7326364541004431,0.7319143487784774,0.731914744243816,3.3306690738754696e-16,5.9164567891575885e-31,18,18,1
standard_rank27,5,wildcard,3,0.003,1.808409536375063,1.7244454648136225,0.5446401473780642,0.7326364541004431,0.7304701305200488,0.7304736998282345,3.3306690738754696e-16,4.683861624749758e-31,18,18,1
standard_rank27,5,wildcard,3,0.01,1.808409536375063,1.7244454648136225,0.5446401473780642,0.7326364541004431,0.7254152888196559,0.7254553428440251,3.3306690738754696e-16,4.190823558986625e-31,18,18,1
standard_rank27,5,wildcard,3,0.03,1.808409536375063,1.7244454648136225,0.5446401473780642,0.7326364541004431,0.7109722714354524,0.7113430287869152,2.220446049250313e-16,1.355854680848614e-31,18,18,1
standard_rank27,5,wildcard,3,0.05,1.808409536375063,1.7244454648136225,0.5446401473780642,0.7326364541004431,0.6965284798356679,0.6975873443570128,3.3306690738754696e-16,6.532754371361504e-31,18,18,1
standard_rank27,5,wildcard,4,0.001,1.7417574614020053,1.6874671955051646,0.4314782942900977,0.7326364541004431,0.7319062791831789,0.7319064987223517,3.3306690738754696e-16,3.2047474274603605e-31,18,18,1
standard_rank27,5,wildcard,4,0.003,1.7417574614020053,1.6874671955051646,0.4314782942900977,0.7326364541004431,0.7304459297575094,0.7304479118890227,3.3306690738754696e-16,5.7931972727168054e-31,18,18,1
standard_rank27,5,wildcard,4,0.01,1.7417574614020053,1.6874671955051646,0.4314782942900977,0.7326364541004431,0.7253347110962992,0.7253569802866463,3.3306690738754696e-16,3.4512664603419266e-31,18,18,1
standard_rank27,5,wildcard,4,0.03,1.7417574614020053,1.6874671955051646,0.4314782942900977,0.7326364541004431,0.7107312672200021,0.7109381062948221,3.3306690738754696e-16,4.5606021083089745e-31,18,18,1
standard_rank27,5,wildcard,4,0.05,1.7417574614020053,1.6874671955051646,0.4314782942900977,0.7326364541004431,0.6961278819475032,0.6967206904919091,3.3306690738754696e-16,2.9582283945787943e-31,18,18,1
standard_rank27,5,wildcard,5,0.001,1.8526553579597729,1.749781284786361,0.6087670579034699,0.7326364541004431,0.731889484405301,0.7318897940562873,3.3306690738754696e-16,4.437342591868191e-31,18,18,1
standard_rank27,5,wildcard,5,0.003,1.8526553579597729,1.749781284786361,0.6087670579034699,0.7326364541004431,0.7303955518907161,0.7303983485782916,3.3306690738754696e-16,1.9721522630525295e-31,18,18,1
standard_rank27,5,wildcard,5,0.01,1.8526553579597729,1.749781284786361,0.6087670579034699,0.7326364541004431,0.7251668700103018,0.7251983285857436,3.3306690738754696e-16,4.437342591868191e-31,18,18,1
standard_rank27,5,wildcard,5,0.03,1.8526553579597729,1.749781284786361,0.6087670579034699,0.7326364541004431,0.710228727750386,0.7105218980732723,3.3306690738754696e-16,2.465190328815662e-31,18,18,1
standard_rank27,5,wildcard,5,0.05,1.8526553579597729,1.749781284786361,0.6087670579034699,0.7326364541004431,0.6952926034641845,0.6961355630341115,3.3306690738754696e-16,3.2047474274603605e-31,18,18,1
standard_rank27,5,wildcard,6,0.001,2.1022735008523585,1.9946550672039105,0.6640068036276386,0.7326364541004431,0.7319152635478443,0.7319157878134003,2.220446049250313e-16,3.944304526105059e-31,18,18,1
standard_rank27,5,wildcard,6,0.003,2.1022735008523585,1.9946550672039105,0.6640068036276386,0.7326364541004431,0.730472875209818,0.730477607526258,3.3306690738754696e-16,4.190823558986625e-31,18,18,1
standard_rank27,5,wildcard,6,0.01,2.1022735008523585,1.9946550672039105,0.6640068036276386,0.7326364541004431,0.725424442010501,0.7254775661817259,3.3306690738754696e-16,4.930380657631324e-31,18,18,1
standard_rank27,5,wildcard,6,0.03,2.1022735008523585,1.9946550672039105,0.6640068036276386,0.7326364541004431,0.7109997609433835,0.7114919316030623,3.3306690738754696e-16,2.588449845256445e-31,18,18,1
standard_rank27,5,wildcard,6,0.05,2.1022735008523585,1.9946550672039105,0.6640068036276386,0.7326364541004431,0.6965743283607305,0.6979808438574295,3.3306690738754696e-16,2.834968878138011e-31,18,18,1
standard_rank27,5,wildcard,7,0.001,1.6204333906300412,1.5849469003703358,0.3372650240911996,0.7326364541004431,0.7319027763973379,0.7319028972413676,3.3306690738754696e-16,4.930380657631324e-31,18,18,1
standard_rank27,5,wildcard,7,0.003,1.6204333906300412,1.5849469003703358,0.3372650240911996,0.7326364541004431,0.7304354259185661,0.7304365172140254,3.3306690738754696e-16,7.025792437124636e-31,18,18,1
standard_rank27,5,wildcard,7,0.01,1.6204333906300412,1.5849469003703358,0.3372650240911996,0.7326364541004431,0.7252997534403358,0.7253120240405858,3.3306690738754696e-16,5.7931972727168054e-31,18,18,1
standard_rank27,5,wildcard,7,0.03,1.6204333906300412,1.5849469003703358,0.3372650240911996,0.7326364541004431,0.7106269303209748,0.7107411968936516,3.3306690738754696e-16,5.17689969051289e-31,18,18,1
standard_rank27,5,wildcard,7,0.05,1.6204333906300412,1.5849469003703358,0.3372650240911996,0.7326364541004431,0.695955041855166,0.6962835376682512,3.3306690738754696e-16,3.4512664603419266e-31,18,18,1
standard_rank27,5,wildcard,8,0.001,1.7904333109484147,1.712767389739624,0.5216122214808785,0.7326364541004431,0.7319317941388652,0.7319320675032585,3.3306690738754696e-16,2.711709361697228e-31,18,18,1
standard_rank27,5,wildcard,8,0.003,1.7904333109484147,1.712767389739624,0.5216122214808785,0.7326364541004431,0.7305224783512827,0.7305249473240261,3.3306690738754696e-16,3.697785493223493e-31,18,18,1
standard_rank27,5,wildcard,8,0.01,1.7904333109484147,1.712767389739624,0.5216122214808785,0.7326364541004431,0.7255899194517551,0.7256176923141178,3.3306690738754696e-16,4.5606021083089745e-31,18,18,1
standard_rank27,5,wildcard,8,0.03,1.7904333109484147,1.712767389739624,0.5216122214808785,0.7326364541004431,0.7114973660153507,0.7117561980531578,3.3306690738754696e-16,4.5606021083089745e-31,18,18,1
standard_rank27,5,wildcard,8,0.05,1.7904333109484147,1.712767389739624,0.5216122214808785,0.7326364541004431,0.6974056981123427,0.6981499114110757,3.3306690738754696e-16,4.683861624749758e-31,18,18,1
standard_rank27,5,wildcard,9,0.001,1.7425071509532697,1.6884641536933305,0.43060419507471925,0.7326364541004431,0.7319333088094959,0.7319334456172671,3.3306690738754696e-16,3.944304526105059e-31,18,18,1
standard_rank27,5,wildcard,9,0.003,1.7425071509532697,1.6884641536933305,0.43060419507471925,0.7326364541004431,0.7305270169402869,0.7305282524409358,3.3306690738754696e-16,4.437342591868191e-31,18,18,1
standard_rank27,5,wildcard,9,0.01,1.7425071509532697,1.6884641536933305,0.43060419507471925,0.7326364541004431,0.725604981946685,0.7256188751034837,3.3306690738754696e-16,3.2047474274603605e-31,18,18,1
standard_rank27,5,wildcard,9,0.03,1.7425071509532697,1.6884641536933305,0.43060419507471925,0.7326364541004431,0.7115419111816748,0.7116712681076869,3.3306690738754696e-16,2.588449845256445e-31,18,18,1
standard_rank27,5,wildcard,9,0.05,1.7425071509532697,1.6884641536933305,0.43060419507471925,0.7326364541004431,0.6974786761632398,0.6978502753901005,3.3306690738754696e-16,4.190823558986625e-31,18,18,1
standard_rank27,5,wildcard,10,0.001,1.8515156810183768,1.7884054489526835,0.4792872491661918,0.7326364541004431,0.7319298341276734,0.7319300920028392,3.3306690738754696e-16,6.039716305598372e-31,18,18,1
standard_rank27,5,wildcard,10,0.003,1.8515156810183768,1.7884054489526835,0.4792872491661918,0.7326364541004431,0.7305165998065776,0.7305189268495561,3.3306690738754696e-16,1.355854680848614e-31,18,18,1
standard_rank27,5,wildcard,10,0.01,1.8515156810183768,1.7884054489526835,0.4792872491661918,0.7326364541004431,0.7255703460164225,0.7255964437679506,3.3306690738754696e-16,4.437342591868191e-31,18,18,1
standard_rank27,5,wildcard,10,0.03,1.8515156810183768,1.7884054489526835,0.4792872491661918,0.7326364541004431,0.7114389455370304,0.7116801972244738,2.220446049250313e-16,2.465190328815662e-31,18,18,1
standard_rank27,5,wildcard,10,0.05,1.8515156810183768,1.7884054489526835,0.4792872491661918,0.7326364541004431,0.697309119551318,0.6979976726435188,3.3306690738754696e-16,3.944304526105059e-31,18,18,1
standard_rank27,5,wildcard,11,0.001,1.6284318020954889,1.5991555131552664,0.3073951509394355,0.7326364541004431,0.7319609804161309,0.7319610492596367,2.220446049250313e-16,5.053640174072107e-31,18,18,1
standard_rank27,5,wildcard,11,0.003,1.6284318020954889,1.5991555131552664,0.3073951509394355,0.7326364541004431,0.7306100314573128,0.7306106531755722,3.3306690738754696e-16,2.834968878138011e-31,18,18,1
standard_rank27,5,wildcard,11,0.01,1.6284318020954889,1.5991555131552664,0.3073951509394355,0.7326364541004431,0.7258816935228499,0.7258886846660151,3.3306690738754696e-16,3.821045009664276e-31,18,18,1
standard_rank27,5,wildcard,11,0.03,1.6284318020954889,1.5991555131552664,0.3073951509394355,0.7326364541004431,0.7123720174115997,0.7124371121808544,3.3306690738754696e-16,1.8488927466117464e-31,18,18,1
standard_rank27,5,wildcard,11,0.05,1.6284318020954889,1.5991555131552664,0.3073951509394355,0.7326364541004431,0.6988621422340401,0.6990491545372923,3.3306690738754696e-16,4.314083075427408e-31,18,18,1
standard_rank27,5,wildcard,12,0.001,2.1487060400739173,2.0760305574013516,0.5541071840230616,0.7326364541004431,0.7318447526884951,0.7318450659225857,3.3306690738754696e-16,7.025792437124636e-31,18,18,1
standard_rank27,5,wildcard,12,0.003,2.1487060400739173,2.0760305574013516,0.5541071840230616,0.7326364541004431,0.7302613155420024,0.7302641441861435,3.3306690738754696e-16,4.5606021083089745e-31,18,18,1
standard_rank27,5,wildcard,12,0.01,2.1487060400739173,2.0760305574013516,0.5541071840230616,0.7326364541004431,0.7247189491193906,0.7247507534136913,3.3306690738754696e-16,4.314083075427408e-31,18,18,1
standard_rank27,5,wildcard,12,0.03,2.1487060400739173,2.0760305574013516,0.5541071840230616,0.7326364541004431,0.7088813400762467,0.7091775530678196,3.3306690738754696e-16,3.3280069439011436e-31,18,18,1
standard_rank27,5,wildcard,12,0.05,2.1487060400739173,2.0760305574013516,0.5541071840230616,0.7326364541004431,0.6930418618857409,0.6938939349707127,3.3306690738754696e-16,3.944304526105059e-31,18,18,1
standard_rank27,5,wildcard,13,0.001,1.962622814338085,1.8964743196020735,0.5052459464955638,0.7326364541004431,0.7318964663575358,0.7318967836808907,3.3306690738754696e-16,5.053640174072107e-31,18,18,1
standard_rank27,5,wildcard,13,0.003,1.962622814338085,1.8964743196020735,0.5052459464955638,0.7326364541004431,0.730416475443679,0.7304193397069905,3.3306690738754696e-16,3.5745259767827097e-31,18,18,1
standard_rank27,5,wildcard,13,0.01,1.962622814338085,1.8964743196020735,0.5052459464955638,0.7326364541004431,0.725236352254884,0.7252685038592175,3.3306690738754696e-16,3.5745259767827097e-31,18,18,1
standard_rank27,5,wildcard,13,0.03,1.962622814338085,1.8964743196020735,0.5052459464955638,0.7326364541004431,0.7104348466070997,0.7107327311665397,3.3306690738754696e-16,5.546678239835239e-31,18,18,1
standard_rank27,5,wildcard,13,0.05,1.962622814338085,1.8964743196020735,0.5052459464955638,0.7326364541004431,0.6956320547271092,0.6964837031032372,3.3306690738754696e-16,6.902532920683853e-31,18,18,1
standard_rank27,5,wildcard,14,0.001,1.6434907615183434,1.587088939881042,0.4268613124931972,0.7326364541004431,0.7320248338775402,0.7320250786114817,3.3306690738754696e-16,4.314083075427408e-31,18,18,1
standard_rank27,5,wildcard,14,0.003,1.6434907615183434,1.587088939881042,0.4268613124931972,0.7326364541004431,0.7308015974197677,0.7308038051677499,3.3306690738754696e-16,3.4512664603419266e-31,18,18,1
standard_rank27,5,wildcard,14,0.01,1.6434907615183434,1.587088939881042,0.4268613124931972,0.7326364541004431,0.7265203132951084,0.7265450446035184,3.3306690738754696e-16,1.7256332301709633e-31,18,18,1
standard_rank27,5,wildcard,14,0.03,1.6434907615183434,1.587088939881042,0.4268613124931972,0.7326364541004431,0.7142884859164109,0.714516291815226,3.3306690738754696e-16,6.409494854920721e-31,18,18,1
standard_rank27,5,wildcard,14,0.05,1.6434907615183434,1.587088939881042,0.4268613124931972,0.7326364541004431,0.702057369051064,0.7027049303811392,3.3306690738754696e-16,6.656013887802287e-31,18,18,1
standard_rank27,5,wildcard,15,0.001,1.5267860733031648,1.513648104008019,0.1998627800903062,0.7326364541004431,0.7319035411788948,0.7319035719125855,3.3306690738754696e-16,3.697785493223493e-31,18,18,1
standard_rank27,5,wildcard,15,0.003,1.5267860733031648,1.513648104008019,0.1998627800903062,0.7326364541004431,0.7304377099294204,0.7304379875992325,3.3306690738754696e-16,7.395570986446986e-31,18,18,1
standard_rank27,5,wildcard,15,0.01,1.5267860733031648,1.513648104008019,0.1998627800903062,0.7326364541004431,0.72530724492787,0.7253103719672119,3.3306690738754696e-16,3.0814879110195774e-31,18,18,1
standard_rank27,5,wildcard,15,0.03,1.5267860733031648,1.513648104008019,0.1998627800903062,0.7326364541004431,0.7106483252239718,0.7106775713753218,3.3306690738754696e-16,5.053640174072107e-31,18,18,1
standard_rank27,5,wildcard,15,0.05,1.5267860733031648,1.513648104008019,0.1998627800903062,0.7326364541004431,0.6959888109608161,0.6960732352104937,3.3306690738754696e-16,4.5606021083089745e-31,18,18,1
standard_rank27,5,wildcard,16,0.001,1.611407164461351,1.5889389556424798,0.26815302519113465,0.7326364541004431,0.7318656755315807,0.731865752368589,3.3306690738754696e-16,2.9582283945787943e-31,18,18,1
standard_rank27,5,wildcard,16,0.003,1.611407164461351,1.5889389556424798,0.26815302519113465,0.7326364541004431,0.7303241094370524,0.7303248032326909,3.3306690738754696e-16,3.697785493223493e-31,18,18,1
standard_rank27,5,wildcard,16,0.01,1.611407164461351,1.5889389556424798,0.26815302519113465,0.7326364541004431,0.7249285368368809,0.7249363344241384,3.3306690738754696e-16,6.162975822039155e-31,18,18,1
standard_rank27,5,wildcard,16,0.03,1.611407164461351,1.5889389556424798,0.26815302519113465,0.7326364541004431,0.7095119027928884,0.7095844244685662,3.3306690738754696e-16,6.532754371361504e-31,18,18,1
standard_rank27,5,wildcard,16,0.05,1.611407164461351,1.5889389556424798,0.26815302519113465,0.7326364541004431,0.694094385387305,0.694302617233398,3.3306690738754696e-16,5.546678239835239e-31,18,18,1
standard_rank27,5,wildcard,17,0.001,1.9616220602266847,1.9051154645161559,0.467435743209026,0.7326364541004431,0.7319135344714623,0.7319137315337177,3.3306690738754696e-16,3.821045009664276e-31,18,18,1
standard_rank27,5,wildcard,17,0.003,1.9616220602266847,1.9051154645161559,0.467435743209026,0.7326364541004431,0.7304676961411111,0.730469476189905,3.3306690738754696e-16,6.286235338479938e-31,18,18,1
standard_rank27,5,wildcard,17,0.01,1.9616220602266847,1.9051154645161559,0.467435743209026,0.7326364541004431,0.7254072718052499,0.7254273039539727,3.3306690738754696e-16,6.286235338479938e-31,18,18,1
standard_rank27,5,wildcard,17,0.03,1.9616220602266847,1.9051154645161559,0.467435743209026,0.7326364541004431,0.7109490027860625,0.7111359369197917,2.220446049250313e-16,2.2186712959340957e-31,18,18,1
standard_rank27,5,wildcard,17,0.05,1.9616220602266847,1.9051154645161559,0.467435743209026,0.7326364541004431,0.6964908666494427,0.6970290855045734,3.3306690738754696e-16,3.0814879110195774e-31,18,18,1
standard_rank27,5,wildcard,18,0.001,1.970084946164938,1.8639766833296851,0.6378288321399196,0.7326364541004431,0.7318939015449554,0.7318943707820951,3.3306690738754696e-16,4.930380657631324e-31,18,18,1
standard_rank27,5,wildcard,18,0.003,1.970084946164938,1.8639766833296851,0.6378288321399196,0.7326364541004431,0.7304087783142805,0.7304130155751808,3.3306690738754696e-16,5.300159206953673e-31,18,18,1
standard_rank27,5,wildcard,18,0.01,1.970084946164938,1.8639766833296851,0.6378288321399196,0.7326364541004431,0.7252106658908012,0.7252583002649026,3.3306690738754696e-16,1.9721522630525295e-31,18,18,1
standard_rank27,5,wildcard,18,0.03,1.970084946164938,1.8639766833296851,0.6378288321399196,0.7326364541004431,0.7103575922382427,0.7108008875055783,3.3306690738754696e-16,3.944304526105059e-31,18,18,1
standard_rank27,5,wildcard,18,0.05,1.970084946164938,1.8639766833296851,0.6378288321399196,0.7326364541004431,0.6955031118898407,0.6967765395479929,3.3306690738754696e-16,6.532754371361504e-31,18,18,1
standard_rank27,5,wildcard,19,0.001,1.9333812843744769,1.86913522428157,0.49426380013044385,0.7326364541004431,0.7318423388806281,0.7318424892407734,3.3306690738754696e-16,3.4512664603419266e-31,18,18,1
standard_rank27,5,wildcard,19,0.003,1.9333812843744769,1.86913522428157,0.49426380013044385,0.7326364541004431,0.7302540954484747,0.7302554548912957,3.3306690738754696e-16,4.5606021083089745e-31,18,18,1
standard_rank27,5,wildcard,19,0.01,1.9333812843744769,1.86913522428157,0.49426380013044385,0.7326364541004431,0.7246951122178907,0.7247104601753606,2.220446049250313e-16,1.355854680848614e-31,18,18,1
standard_rank27,5,wildcard,19,0.03,1.9333812843744769,1.86913522428157,0.49426380013044385,0.7326364541004431,0.7088113094194257,0.7089558410938048,3.3306690738754696e-16,5.546678239835239e-31,18,18,1
standard_rank27,5,wildcard,19,0.05,1.9333812843744769,1.86913522428157,0.49426380013044385,0.7326364541004431,0.692926357105126,0.6933462793131194,3.3306690738754696e-16,3.0814879110195774e-31,18,18,1
standard_rank27,5,wildcard,20,0.001,1.5997784753630349,1.565063796106133,0.33146113550873146,0.7326364541004431,0.7319058571368827,0.731905965606359,3.3306690738754696e-16,5.053640174072107e-31,18,18,1
standard_rank27,5,wildcard,20,0.003,1.5997784753630349,1.565063796106133,0.33146113550873146,0.7326364541004431,0.7304446589104892,0.7304456385432202,3.3306690738754696e-16,4.437342591868191e-31,18,18,1
standard_rank27,5,wildcard,20,0.01,1.5997784753630349,1.565063796106133,0.33146113550873146,0.7326364541004431,0.7253304207524005,0.7253414389629037,1.1102230246251565e-16,3.697785493223493e-32,18,18,1
standard_rank27,5,wildcard,20,0.03,1.5997784753630349,1.565063796106133,0.33146113550873146,0.7326364541004431,0.7107179511616625,0.7108206161062823,3.3306690738754696e-16,5.423418723394456e-31,18,18,1
standard_rank27,5,wildcard,20,0.05,1.5997784753630349,1.565063796106133,0.33146113550873146,0.7326364541004431,0.696104996373185,0.696400207111985,3.3306690738754696e-16,3.3280069439011436e-31,18,18,1
standard_rank27,5,wildcard,21,0.001,1.4571326763802526,1.4256956103730387,0.3010442876689859,0.7326364541004431,0.731953130806607,0.7319532100176456,3.3306690738754696e-16,6.532754371361504e-31,18,18,1
standard_rank27,5,wildcard,21,0.003,1.4571326763802526,1.4256956103730387,0.3010442876689859,0.7326364541004431,0.7305864884067486,0.730587203591794,2.220446049250313e-16,1.355854680848614e-31,18,18,1
standard_rank27,5,wildcard,21,0.01,1.4571326763802526,1.4256956103730387,0.3010442876689859,0.7326364541004431,0.7258032858488714,0.7258113218671665,3.3306690738754696e-16,1.0477058897466563e-30,18,18,1
standard_rank27,5,wildcard,21,0.03,1.4571326763802526,1.4256956103730387,0.3010442876689859,0.7326364541004431,0.7121374330241572,0.712212109667097,3.3306690738754696e-16,3.944304526105059e-31,18,18,1
standard_rank27,5,wildcard,21,0.05,1.4571326763802526,1.4256956103730387,0.3010442876689859,0.7326364541004431,0.6984723491111361,0.6986865418672865,3.3306690738754696e-16,5.300159206953673e-31,18,18,1
standard_rank27,5,wildcard,22,0.001,1.7832957678886225,1.7210347569566917,0.46710080402038834,0.7326364541004431,0.731907239605629,0.7319074266089026,3.3306690738754696e-16,4.807121141190541e-31,18,18,1
standard_rank27,5,wildcard,22,0.003,1.7832957678886225,1.7210347569566917,0.46710080402038834,0.7326364541004431,0.7304488135260668,0.730450502016026,3.3306690738754696e-16,7.518830502887769e-31,18,18,1
standard_rank27,5,wildcard,22,0.01,1.7832957678886225,1.7210347569566917,0.46710080402038834,0.7326364541004431,0.7253443534818064,0.725363327871049,3.3306690738754696e-16,4.067564042545842e-31,18,18,1
standard_rank27,5,wildcard,22,0.03,1.7832957678886225,1.7210347569566917,0.46710080402038834,0.7326364541004431,0.710760466826699,0.7109368043680817,3.3306690738754696e-16,4.807121141190541e-31,18,18,1
standard_rank27,5,wildcard,22,0.05,1.7832957678886225,1.7210347569566917,0.46710080402038834,0.7326364541004431,0.6961770447798011,0.6966826766588081,3.3306690738754696e-16,4.683861624749758e-31,18,18,1
standard_rank27,5,wildcard,23,0.001,1.5024640430260117,1.4594392014771662,0.3569809767729367,0.7326364541004431,0.7319554058618575,0.731955564331834,3.3306690738754696e-16,4.437342591868191e-31,18,18,1
standard_rank27,5,wildcard,23,0.003,1.5024640430260117,1.4594392014771662,0.3569809767729367,0.7326364541004431,0.7305933151794545,0.7305947450395432,3.3306690738754696e-16,5.9164567891575885e-31,18,18,1
standard_rank27,5,wildcard,23,0.01,1.5024640430260117,1.4594392014771662,0.3569809767729367,0.7326364541004431,0.7258260619566127,0.7258420913085297,3.3306690738754696e-16,3.4512664603419266e-31,18,18,1
standard_rank27,5,wildcard,23,0.03,1.5024640430260117,1.4594392014771662,0.3569809767729367,0.7326364541004431,0.7122059720147296,0.7123539547400506,3.3306690738754696e-16,2.341930812374879e-31,18,18,1
standard_rank27,5,wildcard,23,0.05,1.5024640430260117,1.4594392014771662,0.3569809767729367,0.7326364541004431,0.6985870255388235,0.6990087066706573,3.3306690738754696e-16,3.0814879110195774e-31,18,18,1
standard_rank27,5,wildcard,24,0.001,1.6724857744217168,1.645726538661362,0.2979812503979092,0.7326364541004431,0.7318724578950283,0.7318725600754321,3.3306690738754696e-16,3.697785493223493e-31,18,18,1
standard_rank27,5,wildcard,24,0.003,1.6724857744217168,1.645726538661362,0.2979812503979092,0.7326364541004431,0.7303444542724428,0.7303453768355576,3.3306690738754696e-16,3.0814879110195774e-31,18,18,1
standard_rank27,5,wildcard,24,0.01,1.6724857744217168,1.645726538661362,0.2979812503979092,0.7326364541004431,0.724996327995983,0.7250066940544438,3.3306690738754696e-16,6.656013887802287e-31,18,18,1
standard_rank27,5,wildcard,24,0.03,1.6724857744217168,1.645726538661362,0.2979812503979092,0.7326364541004431,0.7097150977127865,0.7098114434253018,3.3306690738754696e-16,2.465190328815662e-31,18,18,1
standard_rank27,5,wildcard,24,0.05,1.6724857744217168,1.645726538661362,0.2979812503979092,0.7326364541004431,0.6944328362150978,0.6947093199268655,3.3306690738754696e-16,4.190823558986625e-31,18,18,1
standard_rank27,5,wildcard,25,0.001,1.649735197816079,1.6254393789497266,0.2820869516173767,0.7326364541004431,0.7318733506401656,0.7318734339556262,3.3306690738754696e-16,5.669937756276022e-31,18,18,1
standard_rank27,5,wildcard,25,0.003,1.649735197816079,1.6254393789497266,0.2820869516173767,0.7326364541004431,0.730347137504904,0.7303478899357969,3.3306690738754696e-16,2.711709361697228e-31,18,18,1
standard_rank27,5,wildcard,25,0.01,1.649735197816079,1.6254393789497266,0.2820869516173767,0.7326364541004431,0.725005327750064,0.7250137897657426,2.220446049250313e-16,1.7256332301709633e-31,18,18,1
standard_rank27,5,wildcard,25,0.03,1.649735197816079,1.6254393789497266,0.2820869516173767,0.7326364541004431,0.7097425047423679,0.7098213486676187,3.3306690738754696e-16,5.17689969051289e-31,18,18,1
standard_rank27,5,wildcard,25,0.05,1.649735197816079,1.6254393789497266,0.2820869516173767,0.7326364541004431,0.6944790192449894,0.694705808437211,3.3306690738754696e-16,7.1490519535654195e-31,18,18,1
standard_rank27,5,wildcard,26,0.001,1.4674294473355296,1.4355371251507194,0.3042734711102262,0.7326364541004431,0.7319610729556729,0.7319611989256902,3.3306690738754696e-16,5.546678239835239e-31,18,18,1
standard_rank27,5,wildcard,26,0.003,1.4674294473355296,1.4355371251507194,0.3042734711102262,0.7326364541004431,0.730610313867815,0.7306114506343517,3.3306690738754696e-16,4.807121141190541e-31,18,18,1
standard_rank27,5,wildcard,26,0.01,1.4674294473355296,1.4355371251507194,0.3042734711102262,0.7326364541004431,0.725882691644017,0.7258954411672656,3.3306690738754696e-16,4.807121141190541e-31,18,18,1
standard_rank27,5,wildcard,26,0.03,1.4674294473355296,1.4355371251507194,0.3042734711102262,0.7326364541004431,0.712375520428801,0.7124933760169763,3.3306690738754696e-16,4.930380657631324e-31,18,18,1
standard_rank27,5,wildcard,26,0.05,1.4674294473355296,1.4355371251507194,0.3042734711102262,0.7326364541004431,0.6988688848601536,0.6992051369457006,3.3306690738754696e-16,4.807121141190541e-31,18,18,1
standard_rank27,5,wildcard,27,0.001,1.5829768543682232,1.554315801013837,0.29986348924840617,0.7326364541004431,0.7318929913220734,0.7318930851196181,2.220446049250313e-16,1.7256332301709633e-31,18,18,1
standard_rank27,5,wildcard,27,0.003,1.5829768543682232,1.554315801013837,0.29986348924840617,0.7326364541004431,0.7304060641577774,0.7304069110390145,3.3306690738754696e-16,1.8488927466117464e-31,18,18,1
standard_rank27,5,wildcard,27,0.01,1.5829768543682232,1.554315801013837,0.29986348924840617,0.7326364541004431,0.7252018023129942,0.7252113178992965,2.220446049250313e-16,8.628166150854817e-32,18,18,1
standard_rank27,5,wildcard,27,0.03,1.5829768543682232,1.554315801013837,0.29986348924840617,0.7326364541004431,0.7103323417454749,0.7104207549778525,3.3306690738754696e-16,3.2047474274603605e-31,18,18,1
standard_rank27,5,wildcard,27,0.05,1.5829768543682232,1.554315801013837,0.29986348924840617,0.7326364541004431,0.695462678854076,0.695716198163539,2.220446049250313e-16,1.6023737137301802e-31,18,18,1
standard_rank27,5,wildcard,28,0.001,1.9126607154577642,1.8469785356647577,0.496931887937445,0.7326364541004431,0.7318725149806601,0.7318727827990136,2.220446049250313e-16,3.3280069439011436e-31,18,18,1
standard_rank27,5,wildcard,28,0.003,1.9126607154577642,1.8469785356647577,0.496931887937445,0.7326364541004431,0.7303446393605055,0.7303470586913108,3.3306690738754696e-16,4.5606021083089745e-31,18,18,1
standard_rank27,5,wildcard,28,0.01,1.9126607154577642,1.8469785356647577,0.496931887937445,0.7326364541004431,0.7249971026534368,0.7250243347468569,3.3306690738754696e-16,6.77927340424307e-31,18,18,1
standard_rank27,5,wildcard,28,0.03,1.9126607154577642,1.8469785356647577,0.496931887937445,0.7326364541004431,0.7097186776730117,0.7099729368362372,3.3306690738754696e-16,3.944304526105059e-31,18,18,1
standard_rank27,5,wildcard,28,0.05,1.9126607154577642,1.8469785356647577,0.496931887937445,0.7326364541004431,0.6944406538582666,0.6951730441199094,3.3306690738754696e-16,5.7931972727168054e-31,18,18,1
standard_rank27,5,wildcard,29,0.001,1.8841490067733613,1.8085775350083246,0.5282658228470368,0.7326364541004431,0.7319411360831015,0.7319413842805219,3.3306690738754696e-16,4.437342591868191e-31,18,18,1
standard_rank27,5,wildcard,29,0.003,1.8841490067733613,1.8085775350083246,0.5282658228470368,0.7326364541004431,0.730550480838812,0.730552722592862,3.3306690738754696e-16,3.4512664603419266e-31,18,18,1
standard_rank27,5,wildcard,29,0.01,1.8841490067733613,1.8085775350083246,0.5282658228470368,0.7326364541004431,0.7256829957649148,0.7257082169161587,3.3306690738754696e-16,3.821045009664276e-31,18,18,1
standard_rank27,5,wildcard,29,0.03,1.8841490067733613,1.8085775350083246,0.5282658228470368,0.7326364541004431,0.7117745044514721,0.7120097435510132,3.3306690738754696e-16,3.5745259767827097e-31,18,18,1
standard_rank27,5,wildcard,29,0.05,1.8841490067733613,1.8085775350083246,0.5282658228470368,0.7326364541004431,0.6978645744690004,0.6985418481902491,3.3306690738754696e-16,5.17689969051289e-31,18,18,1
standard_rank27,5,wildcard,30,0.001,1.720188949569372,1.689520237082866,0.32337500012838943,0.7326364541004431,0.731878819177878,0.7318788970219041,3.3306690738754696e-16,8.135128085091684e-31,18,18,1
standard_rank27,5,wildcard,30,0.003,1.720188949569372,1.689520237082866,0.32337500012838943,0.7326364541004431,0.730363538894178,0.7303642423280001,3.3306690738754696e-16,3.2047474274603605e-31,18,18,1
standard_rank27,5,wildcard,30,0.01,1.720188949569372,1.689520237082866,0.32337500012838943,0.7326364541004431,0.7250599519661408,0.7250678794869881,3.3306690738754696e-16,4.683861624749758e-31,18,18,1
standard_rank27,5,wildcard,30,0.03,1.720188949569372,1.689520237082866,0.32337500012838943,0.7326364541004431,0.7099060311762909,0.7099803502756399,3.3306690738754696e-16,5.053640174072107e-31,18,18,1
standard_rank27,5,wildcard,30,0.05,1.720188949569372,1.689520237082866,0.32337500012838943,0.7326364541004431,0.6947511314274633,0.6949662945524696,2.220446049250313e-16,3.3280069439011436e-31,18,18,1
standard_rank27,5,wildcard,31,0.001,1.52177341017634,1.4985455540315435,0.2648689004243835,0.7326364541004431,0.7319166563652709,0.7319167367681967,3.3306690738754696e-16,4.314083075427408e-31,18,18,1
standard_rank27,5,wildcard,31,0.003,1.52177341017634,1.4985455540315435,0.2648689004243835,0.7326364541004431,0.7304770622853651,0.7304777881624662,2.220446049250313e-16,1.9721522630525295e-31,18,18,1
standard_rank27,5,wildcard,31,0.01,1.52177341017634,1.4985455540315435,0.2648689004243835,0.7326364541004431,0.7254384977737577,0.7254466511718973,3.3306690738754696e-16,3.4512664603419266e-31,18,18,1
standard_rank27,5,wildcard,31,0.03,1.52177341017634,1.4985455540315435,0.2648689004243835,0.7326364541004431,0.7110427300315263,0.7111184207651183,2.220446049250313e-16,1.9721522630525295e-31,18,18,1
standard_rank27,5,wildcard,31,0.05,1.52177341017634,1.4985455540315435,0.2648689004243835,0.7326364541004431,0.6966471668128851,0.6968640275070855,3.3306690738754696e-16,3.3280069439011436e-31,18,18,1
standard_rank27,5,wildcard,32,0.001,1.6574429213242776,1.627859091853175,0.31175601761459504,0.7326364541004431,0.7318477419157495,0.7318478375177254,3.3306690738754696e-16,5.423418723394456e-31,18,18,1
standard_rank27,5,wildcard,32,0.003,1.6574429213242776,1.627859091853175,0.31175601761459504,0.7326364541004431,0.7302703199296094,0.7302711834835813,3.3306690738754696e-16,7.272311470006203e-31,18,18,1
standard_rank27,5,wildcard,32,0.01,1.6574429213242776,1.627859091853175,0.31175601761459504,0.7326364541004431,0.7247493684532924,0.7247590864014175,3.3306690738754696e-16,6.656013887802287e-31,18,18,1
standard_rank27,5,wildcard,32,0.03,1.6574429213242776,1.627859091853175,0.31175601761459504,0.7326364541004431,0.7089754512042385,0.7090661484220019,3.3306690738754696e-16,4.807121141190541e-31,18,18,1
standard_rank27,5,wildcard,32,0.05,1.6574429213242776,1.627859091853175,0.31175601761459504,0.7326364541004431,0.6932019030274452,0.6934631570888278,3.3306690738754696e-16,4.190823558986625e-31,18,18,1
standard_rank27,5,wildcard,33,0.001,1.6313221718206863,1.6103415104778687,0.2607915794377129,0.7326364541004431,0.731877522759795,0.7318775859223601,3.3306690738754696e-16,6.286235338479938e-31,18,18,1
standard_rank27,5,wildcard,33,0.003,1.6313221718206863,1.6103415104778687,0.2607915794377129,0.7326364541004431,0.730359656804669,0.730360227413997,3.3306690738754696e-16,3.5745259767827097e-31,18,18,1
standard_rank27,5,wildcard,33,0.01,1.6313221718206863,1.6103415104778687,0.2607915794377129,0.7326364541004431,0.7250470920177589,0.7250535162532351,3.3306690738754696e-16,3.821045009664276e-31,18,18,1
standard_rank27,5,wildcard,33,0.03,1.6313221718206863,1.6103415104778687,0.2607915794377129,0.7326364541004431,0.7098680553650735,0.7099280902691213,3.3306690738754696e-16,5.300159206953673e-31,18,18,1
standard_rank27,5,wildcard,33,0.05,1.6313221718206863,1.6103415104778687,0.2607915794377129,0.7326364541004431,0.6946886301770925,0.6948617853353126,3.3306690738754696e-16,4.314083075427408e-31,18,18,1
standard_rank27,5,wildcard,34,0.001,1.7293289364547784,1.6680025887163321,0.45644926826037346,0.7326364541004431,0.7318850335004348,0.7318852460021963,3.3306690738754696e-16,5.669937756276022e-31,18,18,1
standard_rank27,5,wildcard,34,0.003,1.7293289364547784,1.6680025887163321,0.45644926826037346,0.7326364541004431,0.7303821914177064,0.7303841106243403,3.3306690738754696e-16,2.2186712959340957e-31,18,18,1
standard_rank27,5,wildcard,34,0.01,1.7293289364547784,1.6680025887163321,0.45644926826037346,0.7326364541004431,0.7251222348926464,0.7251438210800902,3.3306690738754696e-16,3.821045009664276e-31,18,18,1
standard_rank27,5,wildcard,34,0.03,1.7293289364547784,1.6680025887163321,0.45644926826037346,0.7326364541004431,0.7100937093372746,0.7102948287530898,3.3306690738754696e-16,3.697785493223493e-31,18,18,1
standard_rank27,5,wildcard,34,0.05,1.7293289364547784,1.6680025887163321,0.45644926826037346,0.7326364541004431,0.6950650696972361,0.6956432287260252,3.3306690738754696e-16,4.930380657631324e-31,18,18,1
standard_rank27,5,wildcard,35,0.001,1.5838700470568998,1.555755131545586,0.29710317506482703,0.7326364541004431,0.7318930685182796,0.7318931415293751,3.3306690738754696e-16,4.5606021083089745e-31,18,18,1
standard_rank27,5,wildcard,35,0.003,1.5838700470568998,1.555755131545586,0.29710317506482703,0.7326364541004431,0.7304062952713386,0.7304069548857902,3.3306690738754696e-16,5.7931972727168054e-31,18,18,1
standard_rank27,5,wildcard,35,0.01,1.5838700470568998,1.555755131545586,0.29710317506482703,0.7326364541004431,0.7252025672237411,0.7252099947163071,3.3306690738754696e-16,3.697785493223493e-31,18,18,1
standard_rank27,5,wildcard,35,0.03,1.5838700470568998,1.555755131545586,0.29710317506482703,0.7326364541004431,0.7103345915267466,0.7104040221401469,2.220446049250313e-16,3.4512664603419266e-31,18,18,1
standard_rank27,5,wildcard,35,0.05,1.5838700470568998,1.555755131545586,0.29710317506482703,0.7326364541004431,0.6954663582979037,0.695666619314259,3.3306690738754696e-16,4.314083075427408e-31,18,18,1
standard_rank27,5,wildcard,36,0.001,2.1546881747627347,2.094088606333871,0.5074189977573075,0.7326364541004431,0.7318790451619354,0.7318793680208073,3.3306690738754696e-16,4.437342591868191e-31,18,18,1
standard_rank27,5,wildcard,36,0.003,2.1546881747627347,2.094088606333871,0.5074189977573075,0.7326364541004431,0.730364213269654,0.7303671283785662,3.3306690738754696e-16,6.286235338479938e-31,18,18,1
standard_rank27,5,wildcard,36,0.01,2.1546881747627347,2.094088606333871,0.5074189977573075,0.7326364541004431,0.7250621604022927,0.7250949171887421,3.3306690738754696e-16,8.258387601532467e-31,18,18,1
standard_rank27,5,wildcard,36,0.03,2.1546881747627347,2.094088606333871,0.5074189977573075,0.7326364541004431,0.7099123749185531,0.7102167658732227,3.3306690738754696e-16,6.409494854920721e-31,18,18,1
standard_rank27,5,wildcard,36,0.05,2.1546881747627347,2.094088606333871,0.5074189977573075,0.7326364541004431,0.6947613719144359,0.6956341371292823,2.220446049250313e-16,1.4791141972893971e-31,18,18,1
standard_rank27,5,wildcard,37,0.001,2.1528326294067406,2.0793636946432423,0.557615419117823,0.7326364541004431,0.731804620072663,0.7318050516675874,3.3306690738754696e-16,3.4512664603419266e-31,18,18,1
standard_rank27,5,wildcard,37,0.003,2.1528326294067406,2.0793636946432423,0.557615419117823,0.7326364541004431,0.7301409466201543,0.730144842210158,3.3306690738754696e-16,7.395570986446986e-31,18,18,1
standard_rank27,5,wildcard,37,0.01,2.1528326294067406,2.0793636946432423,0.557615419117823,0.7326364541004431,0.7243180339137077,0.7243617572337302,3.3306690738754696e-16,2.341930812374879e-31,18,18,1
standard_rank27,5,wildcard,37,0.03,2.1528326294067406,2.0793636946432423,0.557615419117823,0.7326364541004431,0.7076806900022112,0.7080856450078771,3.3306690738754696e-16,2.834968878138011e-31,18,18,1
standard_rank27,5,wildcard,37,0.05,2.1528326294067406,2.0793636946432423,0.557615419117823,0.7326364541004431,0.691042743210319,0.6922000487906685,3.3306690738754696e-16,2.834968878138011e-31,18,18,1
standard_rank27,5,wildcard,38,0.001,1.5181244812526327,1.4619520184150923,0.40914329571754354,0.7326364541004431,0.7319619277123494,0.7319620968789539,3.3306690738754696e-16,4.437342591868191e-31,18,18,1
standard_rank27,5,wildcard,38,0.003,1.5181244812526327,1.4619520184150923,0.40914329571754354,0.7326364541004431,0.730612873918384,0.7306144013702282,3.3306690738754696e-16,3.821045009664276e-31,18,18,1
standard_rank27,5,wildcard,38,0.01,1.5181244812526327,1.4619520184150923,0.40914329571754354,0.7326364541004431,0.725891174998153,0.7259083402629345,3.3306690738754696e-16,3.4512664603419266e-31,18,18,1
standard_rank27,5,wildcard,38,0.03,1.5181244812526327,1.4619520184150923,0.40914329571754354,0.7326364541004431,0.7124005165762547,0.7125600584142063,3.3306690738754696e-16,4.190823558986625e-31,18,18,1
standard_rank27,5,wildcard,38,0.05,1.5181244812526327,1.4619520184150923,0.40914329571754354,0.7326364541004431,0.69890972745342,0.6993672605753247,3.3306690738754696e-16,2.588449845256445e-31,18,18,1
standard_rank27,5,wildcard,39,0.001,1.9301059954721247,1.8592941167436794,0.5180101748033362,0.7326364541004431,0.7318611927134027,0.731861541768155,3.3306690738754696e-16,4.807121141190541e-31,18,18,1
standard_rank27,5,wildcard,39,0.003,1.9301059954721247,1.8592941167436794,0.5180101748033362,0.7326364541004431,0.7303106572499435,0.730313806760794,3.3306690738754696e-16,4.5606021083089745e-31,18,18,1
standard_rank27,5,wildcard,39,0.01,1.9301059954721247,1.8592941167436794,0.5180101748033362,0.7326364541004431,0.7248836549273286,0.7249189626291503,3.3306690738754696e-16,3.944304526105059e-31,18,18,1
standard_rank27,5,wildcard,39,0.03,1.9301059954721247,1.8592941167436794,0.5180101748033362,0.7326364541004431,0.7093769620243565,0.7097028850978889,3.3306690738754696e-16,3.4512664603419266e-31,18,18,1
standard_rank27,5,wildcard,39,0.05,1.9301059954721247,1.8592941167436794,0.5180101748033362,0.7326364541004431,0.693869140635923,0.694797546859944,3.3306690738754696e-16,3.944304526105059e-31,18,18,1
standard_rank27,5,wildcard,40,0.001,1.7373233930846061,1.6573655605786124,0.520991334637104,0.7326364541004431,0.7319224863902084,0.7319227132510624,3.3306690738754696e-16,6.162975822039155e-31,18,18,1
standard_rank27,5,wildcard,40,0.003,1.7373233930846061,1.6573655605786124,0.520991334637104,0.7326364541004431,0.7304945337094686,0.7304965820350635,2.220446049250313e-16,1.355854680848614e-31,18,18,1
standard_rank27,5,wildcard,40,0.01,1.7373233930846061,1.6573655605786124,0.520991334637104,0.7326364541004431,0.7254965266178789,0.7255195431514464,3.3306690738754696e-16,2.588449845256445e-31,18,18,1
standard_rank27,5,wildcard,40,0.03,1.7373233930846061,1.6573655605786124,0.520991334637104,0.7326364541004431,0.7112152399536299,0.7114291307881638,3.3306690738754696e-16,5.17689969051289e-31,18,18,1
standard_rank27,5,wildcard,40,0.05,1.7373233930846061,1.6573655605786124,0.520991334637104,0.7326364541004431,0.6969325995359632,0.6975460125291623,3.3306690738754696e-16,3.3280069439011436e-31,18,18,1
standard_rank27,5,wildcard,41,0.001,1.586846852651556,1.5519868349571346,0.3307866349928392,0.7326364541004431,0.7319002209557565,0.7319003195669932,3.3306690738754696e-16,5.17689969051289e-31,18,18,1
standard_rank27,5,wildcard,41,0.003,1.586846852651556,1.5519868349571346,0.3307866349928392,0.7326364541004431,0.730427751491854,0.7304286421447547,3.3306690738754696e-16,5.053640174072107e-31,18,18,1
standard_rank27,5,wildcard,41,0.01,1.586846852651556,1.5519868349571346,0.3307866349928392,0.7326364541004431,0.7252740754538706,0.7252840949316837,3.3306690738754696e-16,3.4512664603419266e-31,18,18,1
standard_rank27,5,wildcard,41,0.03,1.586846852651556,1.5519868349571346,0.3307866349928392,0.7326364541004431,0.710549015166457,0.7106424223014203,3.3306690738754696e-16,6.162975822039155e-31,18,18,1
standard_rank27,5,wildcard,41,0.05,1.586846852651556,1.5519868349571346,0.3307866349928392,0.7326364541004431,0.6958235782385708,0.6960922771243406,2.220446049250313e-16,3.2047474274603605e-31,18,18,1
standard_rank27,5,wildcard,42,0.001,1.8808353494827537,1.6987527300500107,0.8073294086130817,0.7326364541004431,0.732009174098223,0.7320097139242754,3.3306690738754696e-16,2.0954117794933126e-31,18,18,1
standard_rank27,5,wildcard,42,0.003,1.8808353494827537,1.6987527300500107,0.8073294086130817,0.7326364541004431,0.7307546124876039,0.7307594877140671,3.3306690738754696e-16,3.821045009664276e-31,18,18,1
standard_rank27,5,wildcard,42,0.01,1.8808353494827537,1.6987527300500107,0.8073294086130817,0.7326364541004431,0.726363630111972,0.7264184527940307,3.3306690738754696e-16,7.272311470006203e-31,18,18,1
standard_rank27,5,wildcard,42,0.03,1.8808353494827537,1.6987527300500107,0.8073294086130817,0.7326364541004431,0.7138178258709772,0.7143280575093901,3.3306690738754696e-16,3.4512664603419266e-31,18,18,1
standard_rank27,5,wildcard,42,0.05,1.8808353494827537,1.6987527300500107,0.8073294086130817,0.7326364541004431,0.7012718214348093,0.7027358745879959,3.3306690738754696e-16,6.162975822039155e-31,18,18,1
standard_rank27,5,wildcard,43,0.001,1.471582400672083,1.4623124356905617,0.16491544012780512,0.7326364541004431,0.7319382866375387,0.731938318185011,3.3306690738754696e-16,4.437342591868191e-31,18,18,1
standard_rank27,5,wildcard,43,0.003,1.471582400672083,1.4623124356905617,0.16491544012780512,0.7326364541004431,0.730541953320399,0.7305422380814548,3.3306690738754696e-16,8.38164711797325e-31,18,18,1
standard_rank27,5,wildcard,43,0.01,1.471582400672083,1.4623124356905617,0.16491544012780512,0.7326364541004431,0.7256548038673908,0.7256580005328932,3.3306690738754696e-16,6.162975822039155e-31,18,18,1
standard_rank27,5,wildcard,43,0.03,1.471582400672083,1.4623124356905617,0.16491544012780512,0.7326364541004431,0.7116916735326052,0.7117213013277973,3.3306690738754696e-16,5.9164567891575885e-31,18,18,1
standard_rank27,5,wildcard,43,0.05,1.471582400672083,1.4623124356905617,0.16491544012780512,0.7326364541004431,0.6977287878958023,0.6978135487004561,3.3306690738754696e-16,6.532754371361504e-31,18,18,1
standard_rank27,5,wildcard,44,0.001,2.0934330245342574,2.0033253096334724,0.6075767704517694,0.7326364541004431,0.7319011258043688,0.7319016162192307,3.3306690738754696e-16,7.765349535769335e-31,18,18,1
standard_rank27,5,wildcard,44,0.003,2.0934330245342574,2.0033253096334724,0.6075767704517694,0.7326364541004431,0.7304304682571511,0.7304348955079378,3.3306690738754696e-16,6.162975822039155e-31,18,18,1
standard_rank27,5,wildcard,44,0.01,2.0934330245342574,2.0033253096334724,0.6075767704517694,0.7326364541004431,0.7252831568741634,0.7253328759914246,3.3306690738754696e-16,4.067564042545842e-31,18,18,1
standard_rank27,5,wildcard,44,0.03,2.0934330245342574,2.0033253096334724,0.6075767704517694,0.7326364541004431,0.7105764689737881,0.7110376362913936,2.220446049250313e-16,2.341930812374879e-31,18,18,1
standard_rank27,5,wildcard,44,0.05,2.0934330245342574,2.0033253096334724,0.6075767704517694,0.7326364541004431,0.6958696602182662,0.6971892323262682,3.3306690738754696e-16,4.5606021083089745e-31,18,18,1
standard_rank27,5,wildcard,45,0.001,1.4312488784957529,1.418636403586809,0.18958931038862303,0.7326364541004431,0.7319476817588869,0.7319477232749086,2.220446049250313e-16,2.711709361697228e-31,18,18,1
standard_rank27,5,wildcard,45,0.003,1.4312488784957529,1.418636403586809,0.18958931038862303,0.7326364541004431,0.7305701358007242,0.7305705104980448,3.3306690738754696e-16,3.944304526105059e-31,18,18,1
standard_rank27,5,wildcard,45,0.01,1.4312488784957529,1.418636403586809,0.18958931038862303,0.7326364541004431,0.7257487116308342,0.725752916161746,3.3306690738754696e-16,4.314083075427408e-31,18,18,1
standard_rank27,5,wildcard,45,0.03,1.4312488784957529,1.418636403586809,0.18958931038862303,0.7326364541004431,0.7119731016550456,0.712012024144443,3.3306690738754696e-16,4.930380657631324e-31,18,18,1
standard_rank27,5,wildcard,45,0.05,1.4312488784957529,1.418636403586809,0.18958931038862303,0.7326364541004431,0.6981973295828517,0.6983085450582202,3.3306690738754696e-16,3.4512664603419266e-31,18,18,1
standard_rank27,5,wildcard,46,0.001,1.5770433715030767,1.5490298573548844,0.29592616752308065,0.7326364541004431,0.7319292506996076,0.7319293267914521,3.3306690738754696e-16,4.067564042545842e-31,18,18,1
standard_rank27,5,wildcard,46,0.003,1.5770433715030767,1.5490298573548844,0.29592616752308065,0.7326364541004431,0.7305148311840256,0.7305155182197077,3.3306690738754696e-16,3.944304526105059e-31,18,18,1
standard_rank27,5,wildcard,46,0.01,1.5770433715030767,1.5490298573548844,0.29592616752308065,0.7326364541004431,0.7255642345760058,0.7255719551353144,3.3306690738754696e-16,3.5745259767827097e-31,18,18,1
standard_rank27,5,wildcard,46,0.03,1.5770433715030767,1.5490298573548844,0.29592616752308065,0.7326364541004431,0.711418703557652,0.7114904970074807,3.3306690738754696e-16,4.5606021083089745e-31,18,18,1
standard_rank27,5,wildcard,46,0.05,1.5770433715030767,1.5490298573548844,0.29592616752308065,0.7326364541004431,0.6972720555714506,0.6974782397932642,3.3306690738754696e-16,4.314083075427408e-31,18,18,1
standard_rank27,5,wildcard,47,0.001,1.945089867278815,1.9149688197773496,0.3409824204724685,0.7326364541004431,0.7318003153106809,0.7318004716764026,3.3306690738754696e-16,3.697785493223493e-31,18,18,1
standard_rank27,5,wildcard,47,0.003,1.945089867278815,1.9149688197773496,0.3409824204724685,0.7326364541004431,0.7301280403811641,0.73012945283595,3.3306690738754696e-16,3.0814879110195774e-31,18,18,1
standard_rank27,5,wildcard,47,0.01,1.945089867278815,1.9149688197773496,0.3409824204724685,0.7326364541004431,0.724275106332254,0.7242910026242432,3.3306690738754696e-16,5.546678239835239e-31,18,18,1
standard_rank27,5,wildcard,47,0.03,1.945089867278815,1.9149688197773496,0.3409824204724685,0.7326364541004431,0.7075526890009454,0.7077010821603968,3.3306690738754696e-16,5.17689969051289e-31,18,18,1
standard_rank27,5,wildcard,47,0.05,1.945089867278815,1.9149688197773496,0.3409824204724685,0.7326364541004431,0.6908306680413401,0.6912581972367277,3.3306690738754696e-16,3.4512664603419266e-31,18,18,1
standard_rank27,5,wildcard,48,0.001,2.1555803457107903,2.0473681426156527,0.6743962599371262,0.7326364541004431,0.7318749807333454,0.7318755971835086,3.3306690738754696e-16,5.17689969051289e-31,18,18,1
standard_rank27,5,wildcard,48,0.003,2.1555803457107903,2.0473681426156527,0.6743962599371262,0.7326364541004431,0.7303520360147843,0.7303576054152231,3.3306690738754696e-16,3.0814879110195774e-31,18,18,1
standard_rank27,5,wildcard,48,0.01,2.1555803457107903,2.0473681426156527,0.6743962599371262,0.7326364541004431,0.725021750917738,0.7250844669452975,3.3306690738754696e-16,2.341930812374879e-31,18,18,1
standard_rank27,5,wildcard,48,0.03,2.1555803457107903,2.0473681426156527,0.6743962599371262,0.7326364541004431,0.7097925549435157,0.710378705542075,3.3306690738754696e-16,7.272311470006203e-31,18,18,1
standard_rank27,5,wildcard,48,0.05,2.1555803457107903,2.0473681426156527,0.6743962599371262,0.7326364541004431,0.694563656460834,0.6962531725643524,3.3306690738754696e-16,5.053640174072107e-31,18,18,1
standard_rank27,6,structured,0,0.001,1.4143804193385476,1.4143121675046397,0.013894727655244616,0.6908306680413401,0.6901398371144204,0.6901398371785107,3.3306690738754696e-16,3.2047474274603605e-31,18,18,1
standard_rank27,6,structured,0,0.003,1.4143804193385476,1.4143121675046397,0.013894727655244616,0.6908306680413401,0.6887581737103498,0.6887581742857275,3.3306690738754696e-16,3.2047474274603605e-31,18,18,1
standard_rank27,6,structured,0,0.01,1.4143804193385476,1.4143121675046397,0.013894727655244616,0.6908306680413401,0.6839223356127423,0.6839223419540391,3.3306690738754696e-16,3.697785493223493e-31,18,18,1
standard_rank27,6,structured,0,0.03,1.4143804193385476,1.4143121675046397,0.013894727655244616,0.6908306680413401,0.6701055189682172,0.6701055750643629,3.3306690738754696e-16,2.2186712959340957e-31,18,18,1
standard_rank27,6,structured,0,0.05,1.4143804193385476,1.4143121675046397,0.013894727655244616,0.6908306680413401,0.6562885059838551,0.6562886608705083,3.3306690738754696e-16,2.2186712959340957e-31,18,18,1
standard_rank27,6,wildcard,1,0.001,1.519552181888723,1.4812506271497525,0.3390212575211824,0.6908306680413401,0.6901506800913021,0.6901508254604551,3.3306690738754696e-16,6.532754371361504e-31,18,18,1
standard_rank27,6,wildcard,1,0.003,1.519552181888723,1.4812506271497525,0.3390212575211824,0.6908306680413401,0.6887907005951213,0.6887920124430102,3.3306690738754696e-16,5.300159206953673e-31,18,18,1
standard_rank27,6,wildcard,1,0.01,1.519552181888723,1.4812506271497525,0.3390212575211824,0.6908306680413401,0.6840307351854394,0.6840454495246452,2.220446049250313e-16,2.465190328815662e-31,18,18,1
standard_rank27,6,wildcard,1,0.03,1.519552181888723,1.4812506271497525,0.3390212575211824,0.6908306680413401,0.6704305301226162,0.6705666067369765,3.3306690738754696e-16,7.395570986446986e-31,18,18,1
standard_rank27,6,wildcard,1,0.05,1.519552181888723,1.4812506271497525,0.3390212575211824,0.6908306680413401,0.6568299109090747,0.6572184428503773,2.220446049250313e-16,2.341930812374879e-31,18,18,1
standard_rank27,6,wildcard,2,0.001,1.8798525074457981,1.7779543627012466,0.610511043226786,0.6908306680413401,0.6902777211921258,0.6902781132350546,3.3306690738754696e-16,4.067564042545842e-31,18,18,1
standard_rank27,6,wildcard,2,0.003,1.8798525074457981,1.7779543627012466,0.610511043226786,0.6908306680413401,0.6891718184551985,0.6891753564774006,3.3306690738754696e-16,2.9582283945787943e-31,18,18,1
standard_rank27,6,wildcard,2,0.01,1.8798525074457981,1.7779543627012466,0.610511043226786,0.6908306680413401,0.6853010694777575,0.6853407565915881,2.220446049250313e-16,1.4791141972893971e-31,18,18,1
standard_rank27,6,wildcard,2,0.03,1.8798525074457981,1.7779543627012466,0.610511043226786,0.6908306680413401,0.6742411587361931,0.6746080831193172,3.3306690738754696e-16,5.423418723394456e-31,18,18,1
standard_rank27,6,wildcard,2,0.05,1.8798525074457981,1.7779543627012466,0.610511043226786,0.6908306680413401,0.663180655772341,0.6642272593013762,3.3306690738754696e-16,3.944304526105059e-31,18,18,1
standard_rank27,6,wildcard,3,0.001,2.0578073723250143,1.9504253511510259,0.6560580242498187,0.6908306680413401,0.6900928761137612,0.6900931575515499,3.3306690738754696e-16,4.5606021083089745e-31,18,18,1
standard_rank27,6,wildcard,3,0.003,2.0578073723250143,1.9504253511510259,0.6560580242498187,0.6908306680413401,0.6886172843056417,0.6886198286799602,3.3306690738754696e-16,6.532754371361504e-31,18,18,1
standard_rank27,6,wildcard,3,0.01,2.0578073723250143,1.9504253511510259,0.6560580242498187,0.6908306680413401,0.6834526317972391,0.6834813502532943,3.3306690738754696e-16,7.642090019328552e-31,18,18,1
standard_rank27,6,wildcard,3,0.03,2.0578073723250143,1.9504253511510259,0.6560580242498187,0.6908306680413401,0.6686958435375595,0.6689660542916247,3.3306690738754696e-16,5.7931972727168054e-31,18,18,1
standard_rank27,6,wildcard,3,0.05,2.0578073723250143,1.9504253511510259,0.6560580242498187,0.6908306680413401,0.6539382473006838,0.6547224586887858,3.3306690738754696e-16,5.300159206953673e-31,18,18,1
standard_rank27,6,wildcard,4,0.001,1.6312742478164581,1.6144630935447573,0.23359064872345284,0.6908306680413401,0.6900976752674397,0.690097709401142,3.3306690738754696e-16,7.025792437124636e-31,18,18,1
standard_rank27,6,wildcard,4,0.003,1.6312742478164581,1.6144630935447573,0.23359064872345284,0.6908306680413401,0.6886316910889158,0.68863199963455,2.220446049250313e-16,2.465190328815662e-31,18,18,1
standard_rank27,6,wildcard,4,0.01,1.6312742478164581,1.6144630935447573,0.23359064872345284,0.6908306680413401,0.6835007609796976,0.68350424182478,3.3306690738754696e-16,2.588449845256445e-31,18,18,1
standard_rank27,6,wildcard,4,0.03,1.6312742478164581,1.6144630935447573,0.23359064872345284,0.6908306680413401,0.6688410886179592,0.668873796301922,3.3306690738754696e-16,3.5745259767827097e-31,18,18,1
standard_rank27,6,wildcard,4,0.05,1.6312742478164581,1.6144630935447573,0.23359064872345284,0.6908306680413401,0.6541816146834398,0.6542764261103934,4.440892098500626e-16,6.532754371361504e-31,18,18,1
standard_rank27,6,wildcard,5,0.001,1.8895037877483263,1.8040820409328218,0.5617050413686321,0.6908306680413401,0.690122739731427,0.6901229818938986,3.3306690738754696e-16,3.5745259767827097e-31,18,18,1
standard_rank27,6,wildcard,5,0.003,1.8895037877483263,1.8040820409328218,0.5617050413686321,0.6908306680413401,0.6887068860420567,0.6887090740153042,2.220446049250313e-16,1.7256332301709633e-31,18,18,1
standard_rank27,6,wildcard,5,0.01,1.8895037877483263,1.8040820409328218,0.5617050413686321,0.6908306680413401,0.6837514293736824,0.6837760729036843,3.3306690738754696e-16,4.190823558986625e-31,18,18,1
standard_rank27,6,wildcard,5,0.03,1.8895037877483263,1.8040820409328218,0.5617050413686321,0.6908306680413401,0.6695932616073207,0.6698237439799226,3.3306690738754696e-16,4.437342591868191e-31,18,18,1
standard_rank27,6,wildcard,5,0.05,1.8895037877483263,1.8040820409328218,0.5617050413686321,0.6908306680413401,0.6554355384070749,0.6561004727691615,3.3306690738754696e-16,2.2186712959340957e-31,18,18,1
standard_rank27,6,wildcard,6,0.001,1.4717297407218954,1.436216270125433,0.32135845274759267,0.6908306680413401,0.6901859881634248,0.690186084935718,3.3306690738754696e-16,6.039716305598372e-31,18,18,1
standard_rank27,6,wildcard,6,0.003,1.4717297407218954,1.436216270125433,0.32135845274759267,0.6908306680413401,0.6888966215788525,0.6888974949987189,3.3306690738754696e-16,4.190823558986625e-31,18,18,1
standard_rank27,6,wildcard,6,0.01,1.4717297407218954,1.436216270125433,0.32135845274759267,0.6908306680413401,0.6843837696763349,0.6843935710767699,3.3306690738754696e-16,2.465190328815662e-31,18,18,1
standard_rank27,6,wildcard,6,0.03,1.4717297407218954,1.436216270125433,0.32135845274759267,0.6908306680413401,0.6714893889277318,0.671580146404243,1.1102230246251565e-16,8.628166150854817e-32,18,18,1
standard_rank27,6,wildcard,6,0.05,1.4717297407218954,1.436216270125433,0.32135845274759267,0.6908306680413401,0.6585944187837991,0.6588538476713852,3.3306690738754696e-16,5.546678239835239e-31,18,18,1
standard_rank27,6,wildcard,7,0.001,1.5424502777022393,1.5265822825174686,0.2206793916238446,0.6908306680413401,0.6901977467150917,0.6901978151301924,3.3306690738754696e-16,3.3280069439011436e-31,18,18,1
standard_rank27,6,wildcard,7,0.003,1.5424502777022393,1.5265822825174686,0.2206793916238446,0.6908306680413401,0.688931897628931,0.6889325144230165,3.3306690738754696e-16,2.834968878138011e-31,18,18,1
standard_rank27,6,wildcard,7,0.01,1.5424502777022393,1.5265822825174686,0.2206793916238446,0.6908306680413401,0.6845013606293017,0.6845082553280253,2.220446049250313e-16,2.834968878138011e-31,18,18,1
standard_rank27,6,wildcard,7,0.03,1.5424502777022393,1.5265822825174686,0.2206793916238446,0.6908306680413401,0.6718421840544655,0.6719053241823811,3.3306690738754696e-16,3.0814879110195774e-31,18,18,1
standard_rank27,6,wildcard,7,0.05,1.5424502777022393,1.5265822825174686,0.2206793916238446,0.6908306680413401,0.6591824137307822,0.6593609237782145,3.3306690738754696e-16,3.2047474274603605e-31,18,18,1
standard_rank27,6,wildcard,8,0.001,1.555624405510283,1.5226803656985088,0.31845218626267424,0.6908306680413401,0.6901906822412172,0.6901907896521311,3.3306690738754696e-16,1.9721522630525295e-31,18,18,1
standard_rank27,6,wildcard,8,0.003,1.555624405510283,1.5226803656985088,0.31845218626267424,0.6908306680413401,0.6889107065916483,0.6889116759137555,3.3306690738754696e-16,6.162975822039155e-31,18,18,1
standard_rank27,6,wildcard,8,0.01,1.555624405510283,1.5226803656985088,0.31845218626267424,0.6908306680413401,0.6844307500628319,0.6844416229094515,3.3306690738754696e-16,4.683861624749758e-31,18,18,1
standard_rank27,6,wildcard,8,0.03,1.555624405510283,1.5226803656985088,0.31845218626267424,0.6908306680413401,0.6716305354325551,0.6717310734199196,3.3306690738754696e-16,4.190823558986625e-31,18,18,1
standard_rank27,6,wildcard,8,0.05,1.555624405510283,1.5226803656985088,0.31845218626267424,0.6908306680413401,0.6588298650905925,0.6591167748864247,3.3306690738754696e-16,4.930380657631324e-31,18,18,1
standard_rank27,6,wildcard,9,0.001,1.706206026711266,1.6810650293213174,0.29182078880498413,0.6908306680413401,0.6901016912650121,0.6901017811252589,3.3306690738754696e-16,2.588449845256445e-31,18,18,1
standard_rank27,6,wildcard,9,0.003,1.706206026711266,1.6810650293213174,0.29182078880498413,0.6908306680413401,0.6886437231727067,0.688644533625051,2.220446049250313e-16,2.2186712959340957e-31,18,18,1
standard_rank27,6,wildcard,9,0.01,1.706206026711266,1.6810650293213174,0.29182078880498413,0.6908306680413401,0.6835406935486115,0.6835497661222636,2.220446049250313e-16,2.2186712959340957e-31,18,18,1
standard_rank27,6,wildcard,9,0.03,1.706206026711266,1.6810650293213174,0.29182078880498413,0.6908306680413401,0.6689596848422723,0.6690431635250506,2.220446049250313e-16,1.6023737137301802e-31,18,18,1
standard_rank27,6,wildcard,9,0.05,1.706206026711266,1.6810650293213174,0.29182078880498413,0.6908306680413401,0.6543780153456107,0.654615398401751,3.3306690738754696e-16,8.135128085091684e-31,18,18,1
standard_rank27,6,wildcard,10,0.001,2.1092801572085085,2.0427671865872585,0.5255140369161666,0.6908306680413401,0.6901146506363001,0.690115034145013,1.1102230246251565e-16,1.1093356479670479e-31,18,18,1
standard_rank27,6,wildcard,10,0.003,2.1092801572085085,2.0427671865872585,0.5255140369161666,0.6908306680413401,0.6886826200370111,0.6886860826009289,3.3306690738754696e-16,2.465190328815662e-31,18,18,1
standard_rank27,6,wildcard,10,0.01,2.1092801572085085,2.0427671865872585,0.5255140369161666,0.6908306680413401,0.683670558144116,0.683709460552111,2.220446049250313e-16,2.341930812374879e-31,18,18,1
standard_rank27,6,wildcard,10,0.03,2.1092801572085085,2.0427671865872585,0.5255140369161666,0.6908306680413401,0.6693507939629716,0.6697121350148393,3.3306690738754696e-16,4.067564042545842e-31,18,18,1
standard_rank27,6,wildcard,10,0.05,2.1092801572085085,2.0427671865872585,0.5255140369161666,0.6908306680413401,0.6550317038539643,0.6560673249904412,3.3306690738754696e-16,4.5606021083089745e-31,18,18,1
standard_rank27,6,wildcard,11,0.001,1.654734469333331,1.6185115462615969,0.3443349221582896,0.6908306680413401,0.6901232251461389,0.6901233095066108,3.3306690738754696e-16,2.588449845256445e-31,18,18,1
standard_rank27,6,wildcard,11,0.003,1.654734469333331,1.6185115462615969,0.3443349221582896,0.6908306680413401,0.6887083435749111,0.6887091053811579,3.3306690738754696e-16,5.669937756276022e-31,18,18,1
standard_rank27,6,wildcard,11,0.01,1.654734469333331,1.6185115462615969,0.3443349221582896,0.6908306680413401,0.6837563033144797,0.6837648680517511,3.3306690738754696e-16,5.9164567891575885e-31,18,18,1
standard_rank27,6,wildcard,11,0.03,1.654734469333331,1.6185115462615969,0.3443349221582896,0.6908306680413401,0.6696080283945769,0.6696877348878744,3.3306690738754696e-16,5.423418723394456e-31,18,18,1
standard_rank27,6,wildcard,11,0.05,1.654734469333331,1.6185115462615969,0.3443349221582896,0.6908306680413401,0.655460422201459,0.655689317918476,3.3306690738754696e-16,5.17689969051289e-31,18,18,1
standard_rank27,6,wildcard,12,0.001,1.6232874729251032,1.5817409901484831,0.364907741545264,0.6908306680413401,0.6901734839776515,0.6901736553305795,3.3306690738754696e-16,3.821045009664276e-31,18,18,1
standard_rank27,6,wildcard,12,0.003,1.6232874729251032,1.5817409901484831,0.364907741545264,0.6908306680413401,0.688859112137408,0.6888606590936136,3.3306690738754696e-16,3.3280069439011436e-31,18,18,1
standard_rank27,6,wildcard,12,0.01,1.6232874729251032,1.5817409901484831,0.364907741545264,0.6908306680413401,0.6842587723983694,0.6842761478352712,3.3306690738754696e-16,1.7256332301709633e-31,18,18,1
standard_rank27,6,wildcard,12,0.03,1.6232874729251032,1.5817409901484831,0.364907741545264,0.6908306680413401,0.67111463363008,0.6712759127291457,2.220446049250313e-16,2.834968878138011e-31,18,18,1
standard_rank27,6,wildcard,12,0.05,1.6232874729251032,1.5817409901484831,0.364907741545264,0.6908306680413401,0.6579700768427915,0.6584320723444311,3.3306690738754696e-16,4.807121141190541e-31,18,18,1
standard_rank27,6,wildcard,13,0.001,1.6071257860752204,1.5773043293856848,0.308162854297969,0.6908306680413401,0.6901245259501283,0.690124602763792,3.3306690738754696e-16,8.628166150854817e-31,18,18,1
standard_rank27,6,wildcard,13,0.003,1.6071257860752204,1.5773043293856848,0.308162854297969,0.6908306680413401,0.6887122292442985,0.6887129226549,3.3306690738754696e-16,6.162975822039155e-31,18,18,1
standard_rank27,6,wildcard,13,0.01,1.6071257860752204,1.5773043293856848,0.308162854297969,0.6908306680413401,0.6837690687863396,0.6837768557815106,3.3306690738754696e-16,2.588449845256445e-31,18,18,1
standard_rank27,6,wildcard,13,0.03,1.6071257860752204,1.5773043293856848,0.308162854297969,0.6908306680413401,0.6696449486021434,0.6697172567063097,3.3306690738754696e-16,2.711709361697228e-31,18,18,1
standard_rank27,6,wildcard,13,0.05,1.6071257860752204,1.5773043293856848,0.308162854297969,0.6908306680413401,0.6555202342814432,0.6557277751217726,3.3306690738754696e-16,4.067564042545842e-31,18,18,1
standard_rank27,6,wildcard,14,0.001,1.6481331269974058,1.611061174305764,0.3475984708694486,0.6908306680413401,0.690120532432561,0.6901206838710104,3.3306690738754696e-16,5.053640174072107e-31,18,18,1
standard_rank27,6,wildcard,14,0.003,1.6481331269974058,1.611061174305764,0.3475984708694486,0.6908306680413401,0.6887002673037934,0.6887016338168126,3.3306690738754696e-16,4.5606021083089745e-31,18,18,1
standard_rank27,6,wildcard,14,0.01,1.6481331269974058,1.611061174305764,0.3475984708694486,0.6908306680413401,0.6837294050559527,0.6837447280924958,3.3306690738754696e-16,6.286235338479938e-31,18,18,1
standard_rank27,6,wildcard,14,0.03,1.6481331269974058,1.611061174305764,0.3475984708694486,0.6908306680413401,0.6695275494817026,0.6696691119168148,3.3306690738754696e-16,6.162975822039155e-31,18,18,1
standard_rank27,6,wildcard,14,0.05,1.6481331269974058,1.611061174305764,0.3475984708694486,0.6908306680413401,0.6553267056220538,0.6557303712668089,3.3306690738754696e-16,4.437342591868191e-31,18,18,1
standard_rank27,6,wildcard,15,0.001,1.8831598829983158,1.83237337545097,0.4343949330651203,0.6908306680413401,0.6901354244825031,0.6901356728926663,3.3306690738754696e-16,4.190823558986625e-31,18,18,1
standard_rank27,6,wildcard,15,0.003,1.8831598829983158,1.83237337545097,0.4343949330651203,0.6908306680413401,0.6887449220235807,0.6887471635903298,3.3306690738754696e-16,4.067564042545842e-31,18,18,1
standard_rank27,6,wildcard,15,0.01,1.8831598829983158,1.83237337545097,0.4343949330651203,0.6908306680413401,0.6838780159737784,0.6839031526648494,3.3306690738754696e-16,3.4512664603419266e-31,18,18,1
standard_rank27,6,wildcard,15,0.03,1.8831598829983158,1.83237337545097,0.4343949330651203,0.6908306680413401,0.669971650536459,0.6702039613045089,3.3306690738754696e-16,3.3280069439011436e-31,18,18,1
standard_rank27,6,wildcard,15,0.05,1.8831598829983158,1.83237337545097,0.4343949330651203,0.6908306680413401,0.6560647705842524,0.6567276771926333,2.220446049250313e-16,2.9582283945787943e-31,18,18,1
standard_rank27,6,wildcard,16,0.001,2.054250474363389,1.9847410836877213,0.5298564354089697,0.6908306680413401,0.6901761748127356,0.6901763742008786,3.3306690738754696e-16,3.821045009664276e-31,18,18,1
standard_rank27,6,wildcard,16,0.003,2.054250474363389,1.9847410836877213,0.5298564354089697,0.6908306680413401,0.6888671902278597,0.6888689911510884,2.220446049250313e-16,1.7256332301709633e-31,18,18,1
standard_rank27,6,wildcard,16,0.01,2.054250474363389,1.9847410836877213,0.5298564354089697,0.6908306680413401,0.6842857641043258,0.6843060255855636,3.3306690738754696e-16,6.902532920683853e-31,18,18,1
standard_rank27,6,wildcard,16,0.03,2.054250474363389,1.9847410836877213,0.5298564354089697,0.6908306680413401,0.6711961526638858,0.6713850567459815,3.3306690738754696e-16,5.669937756276022e-31,18,18,1
standard_rank27,6,wildcard,16,0.05,2.054250474363389,1.9847410836877213,0.5298564354089697,0.6908306680413401,0.6581068208825952,0.658650127185206,3.3306690738754696e-16,3.821045009664276e-31,18,18,1
standard_rank27,6,wildcard,17,0.001,2.09895530773246,1.975785592796264,0.708438194309837,0.6908306680413401,0.6900618485768025,0.6900623080111536,3.3306690738754696e-16,3.3280069439011436e-31,18,18,1
standard_rank27,6,wildcard,17,0.003,2.09895530773246,1.975785592796264,0.708438194309837,0.6908306680413401,0.6885242015998924,0.6885283524824756,2.220446049250313e-16,2.2186712959340957e-31,18,18,1
standard_rank27,6,wildcard,17,0.01,2.09895530773246,1.975785592796264,0.708438194309837,0.6908306680413401,0.6831423555643491,0.6831891002651148,3.3306690738754696e-16,2.711709361697228e-31,18,18,1
standard_rank27,6,wildcard,17,0.03,2.09895530773246,1.975785592796264,0.708438194309837,0.6908306680413401,0.6677650259152754,0.6682019636307578,3.3306690738754696e-16,3.2047474274603605e-31,18,18,1
standard_rank27,6,wildcard,17,0.05,2.09895530773246,1.975785592796264,0.708438194309837,0.6908306680413401,0.6523869475513763,0.6536465280836525,3.3306690738754696e-16,4.930380657631324e-31,18,18,1
standard_rank27,6,wildcard,18,0.001,1.9605154611688003,1.926092015569687,0.3657737292925971,0.6908306680413401,0.6900662227438038,0.6900663621030247,3.3306690738754696e-16,3.2047474274603605e-31,18,18,1
standard_rank27,6,wildcard,18,0.003,1.9605154611688003,1.926092015569687,0.3657737292925971,0.6908306680413401,0.688537323132073,0.6885385816766698,3.3306690738754696e-16,3.2047474274603605e-31,18,18,1
standard_rank27,6,wildcard,18,0.01,1.9605154611688003,1.926092015569687,0.3657737292925971,0.6908306680413401,0.6831860836612849,0.6832002368288888,3.3306690738754696e-16,4.683861624749758e-31,18,18,1
standard_rank27,6,wildcard,18,0.03,1.9605154611688003,1.926092015569687,0.3657737292925971,0.6908306680413401,0.6678961467863329,0.6680280157570287,3.3306690738754696e-16,5.423418723394456e-31,18,18,1
standard_rank27,6,wildcard,18,0.05,1.9605154611688003,1.926092015569687,0.3657737292925971,0.6908306680413401,0.6526054413555459,0.6529848341648329,3.3306690738754696e-16,4.683861624749758e-31,18,18,1
standard_rank27,6,wildcard,19,0.001,1.9427029677371432,1.8743470550541517,0.5108012706175787,0.6908306680413401,0.6900703031669333,0.6900705938615809,3.3306690738754696e-16,5.7931972727168054e-31,18,18,1
standard_rank27,6,wildcard,19,0.003,1.9427029677371432,1.8743470550541517,0.5108012706175787,0.6908306680413401,0.6885495689120168,0.6885521947003547,3.3306690738754696e-16,3.4512664603419266e-31,18,18,1
standard_rank27,6,wildcard,19,0.01,1.9427029677371432,1.8743470550541517,0.5108012706175787,0.6908306680413401,0.6832269524587565,0.6832565009754075,3.3306690738754696e-16,5.300159206953673e-31,18,18,1
standard_rank27,6,wildcard,19,0.03,1.9427029677371432,1.8743470550541517,0.5108012706175787,0.6908306680413401,0.6680190964921534,0.668294800016029,2.220446049250313e-16,2.834968878138011e-31,18,18,1
standard_rank27,6,wildcard,19,0.05,1.9427029677371432,1.8743470550541517,0.5108012706175787,0.6908306680413401,0.6528107219117169,0.6536044156789435,3.3306690738754696e-16,3.821045009664276e-31,18,18,1
standard_rank27,6,wildcard,20,0.001,1.5572413940729757,1.4963987702132513,0.43103535808401416,0.6908306680413401,0.690199548422223,0.6901997019146512,3.3306690738754696e-16,6.656013887802287e-31,18,18,1
standard_rank27,6,wildcard,20,0.003,1.5572413940729757,1.4963987702132513,0.43103535808401416,0.6908306680413401,0.6889373055295339,0.6889386915103848,3.3306690738754696e-16,2.465190328815662e-31,18,18,1
standard_rank27,6,wildcard,20,0.01,1.5572413940729757,1.4963987702132513,0.43103535808401416,0.6908306680413401,0.6845194177047477,0.6845349952495863,3.3306690738754696e-16,3.3280069439011436e-31,18,18,1
standard_rank27,6,wildcard,20,0.03,1.5572413940729757,1.4963987702132513,0.43103535808401416,0.6908306680413401,0.6718965747980568,0.6720414100076675,3.3306690738754696e-16,3.5745259767827097e-31,18,18,1
standard_rank27,6,wildcard,20,0.05,1.5572413940729757,1.4963987702132513,0.43103535808401416,0.6908306680413401,0.6592733194864158,0.6596887985052985,3.3306690738754696e-16,3.2047474274603605e-31,18,18,1
standard_rank27,6,wildcard,21,0.001,1.8820061006428523,1.8361989238876808,0.4126990123208897,0.6908306680413401,0.6900677879217336,0.6900680445739655,3.3306690738754696e-16,3.4512664603419266e-31,18,18,1
standard_rank27,6,wildcard,21,0.003,1.8820061006428523,1.8361989238876808,0.4126990123208897,0.6908306680413401,0.6885420300935355,0.6885443467780674,3.3306690738754696e-16,4.190823558986625e-31,18,18,1
standard_rank27,6,wildcard,21,0.01,1.8820061006428523,1.8361989238876808,0.4126990123208897,0.6908306680413401,0.6832019033817577,0.6832279110311226,2.220446049250313e-16,2.341930812374879e-31,18,18,1
standard_rank27,6,wildcard,21,0.03,1.8820061006428523,1.8361989238876808,0.4126990123208897,0.6908306680413401,0.6679446281349541,0.6681856891067983,2.220446049250313e-16,2.9582283945787943e-31,18,18,1
standard_rank27,6,wildcard,21,0.05,1.8820061006428523,1.8361989238876808,0.4126990123208897,0.6908306680413401,0.6526877168401821,0.6533773206600479,3.3306690738754696e-16,2.465190328815662e-31,18,18,1
standard_rank27,6,wildcard,22,0.001,1.6628261391656565,1.6107969331519656,0.41270329443897785,0.6908306680413401,0.6901614434272049,0.6901615889644286,3.3306690738754696e-16,4.437342591868191e-31,18,18,1
standard_rank27,6,wildcard,22,0.003,1.6628261391656565,1.6107969331519656,0.41270329443897785,0.6908306680413401,0.6888229886869671,0.6888243031576632,3.3306690738754696e-16,3.697785493223493e-31,18,18,1
standard_rank27,6,wildcard,22,0.01,1.6628261391656565,1.6107969331519656,0.41270329443897785,0.6908306680413401,0.6841383407362757,0.6841531275322613,3.3306690738754696e-16,4.5606021083089745e-31,18,18,1
standard_rank27,6,wildcard,22,0.03,1.6628261391656565,1.6107969331519656,0.41270329443897785,0.6908306680413401,0.6707531874008966,0.6708910405990042,3.3306690738754696e-16,3.5745259767827097e-31,18,18,1
standard_rank27,6,wildcard,22,0.05,1.6628261391656565,1.6107969331519656,0.41270329443897785,0.6908306680413401,0.6573674686780242,0.6577641014619138,3.3306690738754696e-16,4.807121141190541e-31,18,18,1
standard_rank27,6,wildcard,23,0.001,1.89186902402718,1.8609282405371643,0.34075575951817455,0.6908306680413401,0.6900632005108683,0.6900633612627541,3.3306690738754696e-16,2.465190328815662e-31,18,18,1
standard_rank27,6,wildcard,23,0.003,1.89186902402718,1.8609282405371643,0.34075575951817455,0.6908306680413401,0.6885282612873589,0.6885297126319083,2.220446049250313e-16,2.2186712959340957e-31,18,18,1
standard_rank27,6,wildcard,23,0.01,1.89186902402718,1.8609282405371643,0.34075575951817455,0.6908306680413401,0.6831559309746997,0.6831722363110548,2.220446049250313e-16,2.711709361697228e-31,18,18,1
standard_rank27,6,wildcard,23,0.03,1.89186902402718,1.8609282405371643,0.34075575951817455,0.6908306680413401,0.6678060639597038,0.6679575222645185,2.220446049250313e-16,1.4791141972893971e-31,18,18,1
standard_rank27,6,wildcard,23,0.05,1.89186902402718,1.8609282405371643,0.34075575951817455,0.6908306680413401,0.652455717254794,0.652889945590706,3.3306690738754696e-16,3.4512664603419266e-31,18,18,1
standard_rank27,6,wildcard,24,0.001,1.5982709443713117,1.5661518319802523,0.3188078587589457,0.6908306680413401,0.6901440739004788,0.6901441785516477,3.3306690738754696e-16,3.2047474274603605e-31,18,18,1
standard_rank27,6,wildcard,24,0.003,1.5982709443713117,1.5661518319802523,0.3188078587589457,0.6908306680413401,0.6887708838295492,0.6887718287808379,3.3306690738754696e-16,3.821045009664276e-31,18,18,1
standard_rank27,6,wildcard,24,0.01,1.5982709443713117,1.5661518319802523,0.3188078587589457,0.6908306680413401,0.683964699923193,0.6839753203992486,2.220446049250313e-16,1.9721522630525295e-31,18,18,1
standard_rank27,6,wildcard,24,0.03,1.5982709443713117,1.5661518319802523,0.3188078587589457,0.6908306680413401,0.6702325891898823,0.6703313504045627,3.3306690738754696e-16,3.4512664603419266e-31,18,18,1
standard_rank27,6,wildcard,24,0.05,1.5982709443713117,1.5661518319802523,0.3188078587589457,0.6908306680413401,0.6565002540593302,0.6567836956028087,2.220446049250313e-16,2.588449845256445e-31,18,18,1
standard_rank27,6,wildcard,25,0.001,1.679650817801319,1.6412550365825322,0.3570837081597395,0.6908306680413401,0.6901217230462161,0.6901218763764633,2.220446049250313e-16,2.341930812374879e-31,18,18,1
standard_rank27,6,wildcard,25,0.003,1.679650817801319,1.6412550365825322,0.3570837081597395,0.6908306680413401,0.6887038338636003,0.6887052181519465,3.3306690738754696e-16,5.669937756276022e-31,18,18,1
standard_rank27,6,wildcard,25,0.01,1.679650817801319,1.6412550365825322,0.3570837081597395,0.6908306680413401,0.6837412302793199,0.683756780225768,3.3306690738754696e-16,4.930380657631324e-31,18,18,1
standard_rank27,6,wildcard,25,0.03,1.679650817801319,1.6412550365825322,0.3570837081597395,0.6908306680413401,0.6695624381340646,0.6697068203553,3.3306690738754696e-16,2.711709361697228e-31,18,18,1
standard_rank27,6,wildcard,25,0.05,1.679650817801319,1.6412550365825322,0.3570837081597395,0.6908306680413401,0.6553837622603309,0.6557975112042161,3.3306690738754696e-16,6.409494854920721e-31,18,18,1
standard_rank27,6,wildcard,26,0.001,1.9896226801348618,1.939975290150225,0.44169478479327956,0.6908306680413401,0.690111163987238,0.6901113728501853,3.3306690738754696e-16,4.930380657631324e-31,18,18,1
standard_rank27,6,wildcard,26,0.003,1.9896226801348618,1.939975290150225,0.44169478479327956,0.6908306680413401,0.6886721595474172,0.6886740453893138,3.3306690738754696e-16,3.4512664603419266e-31,18,18,1
standard_rank27,6,wildcard,26,0.01,1.9896226801348618,1.939975290150225,0.44169478479327956,0.6908306680413401,0.683635683183935,0.6836568749471468,3.3306690738754696e-16,4.437342591868191e-31,18,18,1
standard_rank27,6,wildcard,26,0.03,1.9896226801348618,1.939975290150225,0.44169478479327956,0.6908306680413401,0.669246103182393,0.6694430838250754,3.3306690738754696e-16,4.314083075427408e-31,18,18,1
standard_rank27,6,wildcard,26,0.05,1.9896226801348618,1.939975290150225,0.44169478479327956,0.6908306680413401,0.6548570867092399,0.6554222208221614,3.3306690738754696e-16,4.067564042545842e-31,18,18,1
standard_rank27,6,wildcard,27,0.001,1.9187453318660468,1.7981022947704817,0.6696355621521856,0.6908306680413401,0.6901715379876331,0.6901720039622056,3.3306690738754696e-16,3.2047474274603605e-31,18,18,1
standard_rank27,6,wildcard,27,0.003,1.9187453318660468,1.7981022947704817,0.6696355621521856,0.6908306680413401,0.6888532725794939,0.6888574798205983,3.3306690738754696e-16,3.4512664603419266e-31,18,18,1
standard_rank27,6,wildcard,27,0.01,1.9187453318660468,1.7981022947704817,0.6696355621521856,0.6908306680413401,0.6842392894083009,0.6842865621264138,3.3306690738754696e-16,6.532754371361504e-31,18,18,1
standard_rank27,6,wildcard,27,0.03,1.9187453318660468,1.7981022947704817,0.6696355621521856,0.6908306680413401,0.6710560510315494,0.6714951537781025,3.3306690738754696e-16,7.642090019328552e-31,18,18,1
standard_rank27,6,wildcard,27,0.05,1.9187453318660468,1.7981022947704817,0.6696355621521856,0.6908306680413401,0.6578722640129482,0.6591304310783385,3.3306690738754696e-16,2.2186712959340957e-31,18,18,1
standard_rank27,6,wildcard,28,0.001,1.684413011715224,1.6451592362257386,0.36152217289773286,0.6908306680413401,0.69015223255438,0.6901523926397818,3.3306690738754696e-16,2.9582283945787943e-31,18,18,1
standard_rank27,6,wildcard,28,0.003,1.684413011715224,1.6451592362257386,0.36152217289773286,0.6908306680413401,0.688795355842281,0.6887968012364682,3.3306690738754696e-16,3.0814879110195774e-31,18,18,1
standard_rank27,6,wildcard,28,0.01,1.684413011715224,1.6451592362257386,0.36152217289773286,0.6908306680413401,0.6840462286112673,0.6840624696057768,3.3306690738754696e-16,4.5606021083089745e-31,18,18,1
standard_rank27,6,wildcard,28,0.03,1.684413011715224,1.6451592362257386,0.36152217289773286,0.6908306680413401,0.6704768281139527,0.6706277457724842,3.3306690738754696e-16,3.5745259767827097e-31,18,18,1
standard_rank27,6,wildcard,28,0.05,1.684413011715224,1.6451592362257386,0.36152217289773286,0.6908306680413401,0.6569068303555844,0.6573396347914401,3.3306690738754696e-16,2.465190328815662e-31,18,18,1
standard_rank27,6,wildcard,29,0.001,2.0075327194110666,1.9531127392931735,0.4642609687629453,0.6908306680413401,0.6900576253055922,0.6900577936759766,3.3306690738754696e-16,3.4512664603419266e-31,18,18,1
standard_rank27,6,wildcard,29,0.003,2.0075327194110666,1.9531127392931735,0.4642609687629453,0.6908306680413401,0.6885115312699281,0.688513052700648,3.3306690738754696e-16,4.437342591868191e-31,18,18,1
standard_rank27,6,wildcard,29,0.01,2.0075327194110666,1.9531127392931735,0.4642609687629453,0.6908306680413401,0.6831001158295172,0.6831172593948265,3.3306690738754696e-16,3.4512664603419266e-31,18,18,1
standard_rank27,6,wildcard,29,0.03,2.0075327194110666,1.9531127392931735,0.4642609687629453,0.6908306680413401,0.6676382806188841,0.6677988450179525,3.3306690738754696e-16,4.807121141190541e-31,18,18,1
standard_rank27,6,wildcard,29,0.05,2.0075327194110666,1.9531127392931735,0.4642609687629453,0.6908306680413401,0.6521757129257176,0.6526397208072434,3.3306690738754696e-16,6.409494854920721e-31,18,18,1
standard_rank27,6,wildcard,30,0.001,1.805607961919055,1.7420708855745561,0.4747727264481042,0.6908306680413401,0.6901044955362052,0.690104724072438,3.3306690738754696e-16,3.821045009664276e-31,18,18,1
standard_rank27,6,wildcard,30,0.003,1.805607961919055,1.7420708855745561,0.4747727264481042,0.6908306680413401,0.6886521512131306,0.6886542155204177,3.3306690738754696e-16,4.930380657631324e-31,18,18,1
standard_rank27,6,wildcard,30,0.01,1.805607961919055,1.7420708855745561,0.4747727264481042,0.6908306680413401,0.6835689533595369,0.6835921827402949,3.3306690738754696e-16,3.4512664603419266e-31,18,18,1
standard_rank27,6,wildcard,30,0.03,1.805607961919055,1.7420708855745561,0.4747727264481042,0.6908306680413401,0.6690455948771444,0.6692623165735635,3.3306690738754696e-16,5.300159206953673e-31,18,18,1
standard_rank27,6,wildcard,30,0.05,1.805607961919055,1.7420708855745561,0.4747727264481042,0.6908306680413401,0.6545223351432479,0.6551461641244646,2.220446049250313e-16,1.6023737137301802e-31,18,18,1
standard_rank27,6,wildcard,31,0.001,1.6746805412936046,1.6005652462394993,0.492692407002311,0.6908306680413401,0.6901413283515375,0.6901415713090697,3.3306690738754696e-16,2.341930812374879e-31,18,18,1
standard_rank27,6,wildcard,31,0.003,1.6746805412936046,1.6005652462394993,0.492692407002311,0.6908306680413401,0.6887626416285718,0.6887648352316166,3.3306690738754696e-16,4.807121141190541e-31,18,18,1
standard_rank27,6,wildcard,31,0.01,1.6746805412936046,1.6005652462394993,0.492692407002311,0.6908306680413401,0.6839371633812328,0.6839618097420076,3.3306690738754696e-16,3.944304526105059e-31,18,18,1
standard_rank27,6,wildcard,31,0.03,1.6746805412936046,1.6005652462394993,0.492692407002311,0.6908306680413401,0.670149501995445,0.6703784436642984,2.220446049250313e-16,1.4791141972893971e-31,18,18,1
standard_rank27,6,wildcard,31,0.05,1.6746805412936046,1.6005652462394993,0.492692407002311,0.6908306680413401,0.6563611254614584,0.6570173005255199,3.3306690738754696e-16,2.9582283945787943e-31,18,18,1
standard_rank27,6,wildcard,32,0.001,2.0274964228568986,1.9300711519527836,0.6209404907856921,0.6908306680413401,0.6900388620913159,0.690039276776537,3.3306690738754696e-16,6.409494854920721e-31,18,18,1
standard_rank27,6,wildcard,32,0.003,2.0274964228568986,1.9300711519527836,0.6209404907856921,0.6908306680413401,0.688455255775136,0.688459002759491,2.220446049250313e-16,1.6023737137301802e-31,18,18,1
standard_rank27,6,wildcard,32,0.01,2.0274964228568986,1.9300711519527836,0.6209404907856921,0.6908306680413401,0.6829126940200259,0.6829549067349906,3.3306690738754696e-16,2.465190328815662e-31,18,18,1
standard_rank27,6,wildcard,32,0.03,2.0274964228568986,1.9300711519527836,0.6209404907856921,0.6908306680413401,0.6670773645448904,0.6674724397211612,3.3306690738754696e-16,3.697785493223493e-31,18,18,1
standard_rank27,6,wildcard,32,0.05,2.0274964228568986,1.9300711519527836,0.6209404907856921,0.6908306680413401,0.6512429769613854,0.6523835909932962,3.3306690738754696e-16,4.5606021083089745e-31,18,18,1
standard_rank27,6,wildcard,33,0.001,1.5695638013982722,1.5447205205464054,0.2781529077012095,0.6908306680413401,0.6901199197260272,0.6901199911472784,3.3306690738754696e-16,6.409494854920721e-31,18,18,1
standard_rank27,6,wildcard,33,0.003,1.5695638013982722,1.5447205205464054,0.2781529077012095,0.6908306680413401,0.688698422618303,0.6886990677171303,3.3306690738754696e-16,6.039716305598372e-31,18,18,1
standard_rank27,6,wildcard,33,0.01,1.5695638013982722,1.5447205205464054,0.2781529077012095,0.6908306680413401,0.6837231777495928,0.6837304358688068,3.3306690738754696e-16,3.5745259767827097e-31,18,18,1
standard_rank27,6,wildcard,33,0.03,1.5695638013982722,1.5447205205464054,0.2781529077012095,0.6908306680413401,0.6695081500714445,0.6695758453195046,3.3306690738754696e-16,5.300159206953673e-31,18,18,1
standard_rank27,6,wildcard,33,0.05,1.5695638013982722,1.5447205205464054,0.2781529077012095,0.6908306680413401,0.6552930607535917,0.6554879020289974,3.3306690738754696e-16,2.341930812374879e-31,18,18,1
standard_rank27,6,wildcard,34,0.001,1.8392956349860226,1.7651807098415424,0.5168611945986505,0.6908306680413401,0.6901549970236559,0.6901553424586749,3.3306690738754696e-16,3.821045009664276e-31,18,18,1
standard_rank27,6,wildcard,34,0.003,1.8392956349860226,1.7651807098415424,0.5168611945986505,0.6908306680413401,0.6888036643168967,0.6888067816097951,3.3306690738754696e-16,5.300159206953673e-31,18,18,1
standard_rank27,6,wildcard,34,0.01,1.8392956349860226,1.7651807098415424,0.5168611945986505,0.6908306680413401,0.684074101661529,0.6841090654186684,3.3306690738754696e-16,1.7256332301709633e-31,18,18,1
standard_rank27,6,wildcard,34,0.03,1.8392956349860226,1.7651807098415424,0.5168611945986505,0.6908306680413401,0.6705620358119065,0.670885228469103,2.220446049250313e-16,1.8488927466117464e-31,18,18,1
standard_rank27,6,wildcard,34,0.05,1.8392956349860226,1.7651807098415424,0.5168611945986505,0.6908306680413401,0.6570516476987438,0.6579735066707226,2.220446049250313e-16,1.6023737137301802e-31,18,18,1
standard_rank27,6,wildcard,35,0.001,1.9879523746753283,1.8548623462934366,0.7151505577709386,0.6908306680413401,0.6901682866382939,0.6901688717744097,3.3306690738754696e-16,4.683861624749758e-31,18,18,1
standard_rank27,6,wildcard,35,0.003,1.9879523746753283,1.8548623462934366,0.7151505577709386,0.6908306680413401,0.6888435352804853,0.6888488175980524,3.3306690738754696e-16,5.053640174072107e-31,18,18,1
standard_rank27,6,wildcard,35,0.01,1.9879523746753283,1.8548623462934366,0.7151505577709386,0.6908306680413401,0.6842070326417654,0.6842663527681071,3.3306690738754696e-16,4.807121141190541e-31,18,18,1
standard_rank27,6,wildcard,35,0.03,1.9879523746753283,1.8548623462934366,0.7151505577709386,0.6908306680413401,0.6709611472017891,0.671511312591426,3.3306690738754696e-16,5.546678239835239e-31,18,18,1
standard_rank27,6,wildcard,35,0.05,1.9879523746753283,1.8548623462934366,0.7151505577709386,0.6908306680413401,0.6577175722061395,0.6592916171592635,2.220446049250313e-16,2.588449845256445e-31,18,18,1
standard_rank27,6,wildcard,36,0.001,1.7001298728290868,1.616364255653622,0.5270751156440219,0.6908306680413401,0.6901984665357289,0.6901988311546556,3.3306690738754696e-16,2.465190328815662e-31,18,18,1
standard_rank27,6,wildcard,36,0.003,1.7001298728290868,1.616364255653622,0.5270751156440219,0.6908306680413401,0.6889340634022324,0.6889373535009107,3.3306690738754696e-16,5.423418723394456e-31,18,18,1
standard_rank27,6,wildcard,36,0.01,1.7001298728290868,1.616364255653622,0.5270751156440219,0.6908306680413401,0.6845086511633408,0.6845455404910622,3.3306690738754696e-16,4.683861624749758e-31,18,18,1
standard_rank27,6,wildcard,36,0.03,1.7001298728290868,1.616364255653622,0.5270751156440219,0.6908306680413401,0.6718646056043305,0.6722052404878299,3.3306690738754696e-16,6.286235338479938e-31,18,18,1
standard_rank27,6,wildcard,36,0.05,1.7001298728290868,1.616364255653622,0.5270751156440219,0.6908306680413401,0.6592205451227069,0.6601910263838426,3.3306690738754696e-16,4.437342591868191e-31,18,18,1
standard_rank27,6,wildcard,37,0.001,2.218699227905897,2.1337107356788434,0.6081979614887502,0.6908306680413401,0.690041641601689,0.6900420275284848,2.220446049250313e-16,3.4512664603419266e-31,18,18,1
standard_rank27,6,wildcard,37,0.003,2.218699227905897,2.1337107356788434,0.6081979614887502,0.6908306680413401,0.6884635774564243,0.6884670649144319,3.3306690738754696e-16,5.053640174072107e-31,18,18,1
standard_rank27,6,wildcard,37,0.01,2.218699227905897,2.1337107356788434,0.6081979614887502,0.6908306680413401,0.6829402402151822,0.6829795425223342,3.3306690738754696e-16,3.4512664603419266e-31,18,18,1
standard_rank27,6,wildcard,37,0.03,2.218699227905897,2.1337107356788434,0.6081979614887502,0.6908306680413401,0.6671584506065907,0.6675266839340933,3.3306690738754696e-16,3.5745259767827097e-31,18,18,1
standard_rank27,6,wildcard,37,0.05,2.218699227905897,2.1337107356788434,0.6081979614887502,0.6908306680413401,0.6513757822878047,0.6524402391221973,2.220446049250313e-16,7.395570986446986e-32,18,18,1
standard_rank27,6,wildcard,38,0.001,2.118012124854326,2.0186395447678174,0.641147213461555,0.6908306680413401,0.6901472106331348,0.6901476809807375,3.3306690738754696e-16,4.067564042545842e-31,18,18,1
standard_rank27,6,wildcard,38,0.003,2.118012124854326,2.0186395447678174,0.641147213461555,0.6908306680413401,0.6887802974704254,0.6887845443549039,3.3306690738754696e-16,3.697785493223493e-31,18,18,1
standard_rank27,6,wildcard,38,0.01,2.118012124854326,2.0186395447678174,0.641147213461555,0.6908306680413401,0.6839961190064782,0.6840438434474706,3.3306690738754696e-16,5.669937756276022e-31,18,18,1
standard_rank27,6,wildcard,38,0.03,2.118012124854326,2.0186395447678174,0.641147213461555,0.6908306680413401,0.6703271947480197,0.670770658724132,2.220446049250313e-16,1.355854680848614e-31,18,18,1
standard_rank27,6,wildcard,38,0.05,2.118012124854326,2.0186395447678174,0.641147213461555,0.6908306680413401,0.6566585186148258,0.6579296320753316,3.3306690738754696e-16,2.588449845256445e-31,18,18,1
standard_rank27,6,wildcard,39,0.001,1.5686206251707697,1.526249404620805,0.36212348806142797,0.6908306680413401,0.6901420212744576,0.690142168553385,3.3306690738754696e-16,5.300159206953673e-31,18,18,1
standard_rank27,6,wildcard,39,0.003,1.5686206251707697,1.526249404620805,0.36212348806142797,0.6908306680413401,0.6887647223070255,0.6887660522515778,3.3306690738754696e-16,2.834968878138011e-31,18,18,1
standard_rank27,6,wildcard,39,0.01,1.5686206251707697,1.526249404620805,0.36212348806142797,0.6908306680413401,0.683944120370329,0.6839590713199759,3.3306690738754696e-16,4.314083075427408e-31,18,18,1
standard_rank27,6,wildcard,39,0.03,1.5686206251707697,1.526249404620805,0.36212348806142797,0.6908306680413401,0.67017053382267,0.6703096692031261,3.3306690738754696e-16,4.437342591868191e-31,18,18,1
standard_rank27,6,wildcard,39,0.05,1.5686206251707697,1.526249404620805,0.36212348806142797,0.6908306680413401,0.6563963919779139,0.6567960669040317,3.3306690738754696e-16,4.067564042545842e-31,18,18,1
standard_rank27,6,wildcard,40,0.001,1.970433954352622,1.9061976055821066,0.4990196959427084,0.6908306680413401,0.6901738289255255,0.6901741641067495,3.3306690738754696e-16,4.5606021083089745e-31,18,18,1
standard_rank27,6,wildcard,40,0.003,1.970433954352622,1.9061976055821066,0.4990196959427084,0.6908306680413401,0.6888601478087885,0.688863174816386,3.3306690738754696e-16,4.190823558986625e-31,18,18,1
standard_rank27,6,wildcard,40,0.01,1.970433954352622,1.9061976055821066,0.4990196959427084,0.6908306680413401,0.6842622339711504,0.6842962730035166,3.3306690738754696e-16,6.162975822039155e-31,18,18,1
standard_rank27,6,wildcard,40,0.03,1.970433954352622,1.9061976055821066,0.4990196959427084,0.6908306680413401,0.6711250898570905,0.6714420314702106,3.3306690738754696e-16,3.944304526105059e-31,18,18,1
standard_rank27,6,wildcard,40,0.05,1.970433954352622,1.9061976055821066,0.4990196959427084,0.6908306680413401,0.657987601179978,0.6588980678461689,3.3306690738754696e-16,3.821045009664276e-31,18,18,1
standard_rank27,6,wildcard,41,0.001,1.6774427729844572,1.6511963317049654,0.29557559236488157,0.6908306680413401,0.6901295974674179,0.690129682452637,3.3306690738754696e-16,3.5745259767827097e-31,18,18,1
standard_rank27,6,wildcard,41,0.003,1.6774427729844572,1.6511963317049654,0.29557559236488157,0.6908306680413401,0.6887274589697007,0.6887282262495518,3.3306690738754696e-16,4.314083075427408e-31,18,18,1
standard_rank27,6,wildcard,41,0.01,1.6774427729844572,1.6511963317049654,0.29557559236488157,0.6908306680413401,0.6838200024194737,0.6838286221886335,3.3306690738754696e-16,2.465190328815662e-31,18,18,1
standard_rank27,6,wildcard,41,0.03,1.6774427729844572,1.6511963317049654,0.29557559236488157,0.6908306680413401,0.6697989489046555,0.669879002803634,3.3306690738754696e-16,3.821045009664276e-31,18,18,1
standard_rank27,6,wildcard,41,0.05,1.6774427729844572,1.6511963317049654,0.29557559236488157,0.6908306680413401,0.6557782901450582,0.656007742928354,3.3306690738754696e-16,3.0814879110195774e-31,18,18,1
standard_rank27,6,wildcard,42,0.001,1.515628490655781,1.493079742994263,0.260466125912193,0.6908306680413401,0.6901425912745719,0.6901426459235295,3.3306690738754696e-16,6.77927340424307e-31,18,18,1
standard_rank27,6,wildcard,42,0.003,1.515628490655781,1.493079742994263,0.260466125912193,0.6908306680413401,0.6887664337966061,0.688766927391343,2.220446049250313e-16,2.0954117794933126e-31,18,18,1
standard_rank27,6,wildcard,42,0.01,1.515628490655781,1.493079742994263,0.260466125912193,0.6908306680413401,0.6839498419200525,0.6839553950651873,3.3306690738754696e-16,3.4512664603419266e-31,18,18,1
standard_rank27,6,wildcard,42,0.03,1.515628490655781,1.493079742994263,0.260466125912193,0.6908306680413401,0.6701878199021684,0.6702396100667444,3.3306690738754696e-16,3.5745259767827097e-31,18,18,1
standard_rank27,6,wildcard,42,0.05,1.515628490655781,1.493079742994263,0.260466125912193,0.6908306680413401,0.6564253516244586,0.6565744396570149,3.3306690738754696e-16,4.807121141190541e-31,18,18,1
standard_rank27,6,wildcard,43,0.001,1.881367498058332,1.8242638541272191,0.46000549265761137,0.6908306680413401,0.6900956874144837,0.6900959977067592,3.3306690738754696e-16,2.9582283945787943e-31,18,18,1
standard_rank27,6,wildcard,43,0.003,1.881367498058332,1.8242638541272191,0.46000549265761137,0.6908306680413401,0.68862572584207,0.6886285263981645,2.220446049250313e-16,2.9582283945787943e-31,18,18,1
standard_rank27,6,wildcard,43,0.01,1.881367498058332,1.8242638541272191,0.46000549265761137,0.6908306680413401,0.6834808570244919,0.6835122842012439,3.3306690738754696e-16,5.300159206953673e-31,18,18,1
standard_rank27,6,wildcard,43,0.03,1.881367498058332,1.8242638541272191,0.46000549265761137,0.6908306680413401,0.6687812042351257,0.6690721469334249,3.3306690738754696e-16,2.465190328815662e-31,18,18,1
standard_rank27,6,wildcard,43,0.05,1.881367498058332,1.8242638541272191,0.46000549265761137,0.6908306680413401,0.6540815125442329,0.6549127199059288,3.3306690738754696e-16,3.821045009664276e-31,18,18,1
standard_rank27,6,wildcard,44,0.001,1.9157063373358403,1.8197747290984305,0.5986240107475089,0.6908306680413401,0.6901057252276196,0.6901060548575957,3.3306690738754696e-16,3.5745259767827097e-31,18,18,1
standard_rank27,6,wildcard,44,0.003,1.9157063373358403,1.8197747290984305,0.5986240107475089,0.6908306680413401,0.6886558327348372,0.6886588102721909,3.3306690738754696e-16,5.7931972727168054e-31,18,18,1
standard_rank27,6,wildcard,44,0.01,1.9157063373358403,1.8197747290984305,0.5986240107475089,0.6908306680413401,0.6835811395585419,0.6836146480240097,2.220446049250313e-16,3.697785493223493e-31,18,18,1
standard_rank27,6,wildcard,44,0.03,1.9157063373358403,1.8197747290984305,0.5986240107475089,0.6908306680413401,0.6690814879458393,0.6693941474189439,3.3306690738754696e-16,3.4512664603419266e-31,18,18,1
standard_rank27,6,wildcard,44,0.05,1.9157063373358403,1.8197747290984305,0.5986240107475089,0.6908306680413401,0.6545812211169885,0.6554811784131382,3.3306690738754696e-16,5.9164567891575885e-31,18,18,1
standard_rank27,6,wildcard,45,0.001,1.5710861612373546,1.5569327125899952,0.21040973004755933,0.6908306680413401,0.6901170841015034,0.6901171363981062,3.3306690738754696e-16,2.588449845256445e-31,18,18,1
standard_rank27,6,wildcard,45,0.003,1.5710861612373546,1.5569327125899952,0.21040973004755933,0.6908306680413401,0.6886899146581731,0.6886903867234978,3.3306690738754696e-16,2.834968878138011e-31,18,18,1
standard_rank27,6,wildcard,45,0.01,1.5710861612373546,1.5569327125899952,0.21040973004755933,0.6908306680413401,0.6836948052854148,0.6837001051309649,3.3306690738754696e-16,3.4512664603419266e-31,18,18,1
standard_rank27,6,wildcard,45,0.03,1.5710861612373546,1.5569327125899952,0.21040973004755933,0.6908306680413401,0.6694229267414478,0.6694720622426731,3.3306690738754696e-16,5.053640174072107e-31,18,18,1
standard_rank27,6,wildcard,45,0.05,1.5710861612373546,1.5569327125899952,0.21040973004755933,0.6908306680413401,0.6551508503174049,0.65529146248064,3.3306690738754696e-16,3.821045009664276e-31,18,18,1
standard_rank27,6,wildcard,46,0.001,1.7384743541374954,1.621108859180181,0.6279324379909946,0.6908306680413401,0.6901955230915217,0.6901958513536927,2.220446049250313e-16,1.8488927466117464e-31,18,18,1
standard_rank27,6,wildcard,46,0.003,1.7384743541374954,1.621108859180181,0.6279324379909946,0.6908306680413401,0.6889252364585712,0.6889282002500982,3.3306690738754696e-16,5.300159206953673e-31,18,18,1
standard_rank27,6,wildcard,46,0.01,1.7384743541374954,1.621108859180181,0.6279324379909946,0.6908306680413401,0.6844792682574937,0.6845125676723305,3.3306690738754696e-16,2.834968878138011e-31,18,18,1
standard_rank27,6,wildcard,46,0.03,1.7384743541374954,1.621108859180181,0.6279324379909946,0.6908306680413401,0.6717768202094514,0.6720861128421275,3.3306690738754696e-16,3.821045009664276e-31,18,18,1
standard_rank27,6,wildcard,46,0.05,1.7384743541374954,1.621108859180181,0.6279324379909946,0.6908306680413401,0.6590748886488514,0.6599612202259697,3.3306690738754696e-16,2.834968878138011e-31,18,18,1
standard_rank27,6,wildcard,47,0.001,2.2092821579349184,2.1679305175475827,0.4254467351566375,0.6908306680413401,0.6900290067847047,0.6900292395900234,2.220446049250313e-16,1.9721522630525295e-31,18,18,1
standard_rank27,6,wildcard,47,0.003,2.2092821579349184,2.1679305175475827,0.4254467351566375,0.6908306680413401,0.6884256820226127,0.6884277838861422,3.3306690738754696e-16,3.821045009664276e-31,18,18,1
standard_rank27,6,wildcard,47,0.01,2.2092821579349184,2.1679305175475827,0.4254467351566375,0.6908306680413401,0.6828140219191876,0.6828376349866695,2.220446049250313e-16,1.1093356479670479e-31,18,18,1
standard_rank27,6,wildcard,47,0.03,2.2092821579349184,2.1679305175475827,0.4254467351566375,0.6908306680413401,0.6667805108503074,0.6669998272712355,3.3306690738754696e-16,4.314083075427408e-31,18,18,1
standard_rank27,6,wildcard,47,0.05,2.2092821579349184,2.1679305175475827,0.4254467351566375,0.6908306680413401,0.6507467192580398,0.6513754053137013,3.3306690738754696e-16,8.38164711797325e-31,18,18,1
standard_rank27,6,wildcard,48,0.001,1.715172562233362,1.686588918130034,0.3118248538508715,0.6908306680413401,0.6901283593296931,0.6901284604161597,3.3306690738754696e-16,4.190823558986625e-31,18,18,1
standard_rank27,6,wildcard,48,0.003,1.715172562233362,1.686588918130034,0.3118248538508715,0.6908306680413401,0.688723734245381,0.6887246467102356,3.3306690738754696e-16,4.683861624749758e-31,18,18,1
standard_rank27,6,wildcard,48,0.01,1.715172562233362,1.686588918130034,0.3118248538508715,0.6908306680413401,0.6838074690541909,0.6838177133466957,3.3306690738754696e-16,4.807121141190541e-31,18,18,1
standard_rank27,6,wildcard,48,0.03,1.715172562233362,1.686588918130034,0.3118248538508715,0.6908306680413401,0.6697604106463496,0.6698554383848839,3.3306690738754696e-16,3.5745259767827097e-31,18,18,1
standard_rank27,6,wildcard,48,0.05,1.715172562233362,1.686588918130034,0.3118248538508715,0.6908306680413401,0.6557126735036841,0.6559850004417768,3.3306690738754696e-16,4.314083075427408e-31,18,18,1
standard_rank27,7,structured,0,0.001,1.4143271964128135,1.414264637176998,0.013302426227667375,0.6507467192580398,0.650095972333071,0.6500959723798398,3.3306690738754696e-16,5.669937756276022e-31,18,18,1
standard_rank27,7,structured,0,0.003,1.4143271964128135,1.414264637176998,0.013302426227667375,0.6507467192580398,0.6487944772517233,0.6487944776713973,3.3306690738754696e-16,4.067564042545842e-31,18,18,1
standard_rank27,7,structured,0,0.01,1.4143271964128135,1.414264637176998,0.013302426227667375,0.6507467192580398,0.6442392316191254,0.6442392362387109,3.3306690738754696e-16,6.039716305598372e-31,18,18,1
standard_rank27,7,structured,0,0.03,1.4143271964128135,1.414264637176998,0.013302426227667375,0.6507467192580398,0.6312241360203077,0.6312241769100593,3.3306690738754696e-16,5.300159206953673e-31,18,18,1
standard_rank27,7,structured,0,0.05,1.4143271964128135,1.414264637176998,0.013302426227667375,0.6507467192580398,0.6182088852703683,0.6182089990981633,3.3306690738754696e-16,6.286235338479938e-31,18,18,1
standard_rank27,7,wildcard,1,0.001,1.947936733174364,1.8439137715668736,0.6280442018489142,0.6507467192580398,0.6501268015828803,0.6501273105850612,3.3306690738754696e-16,3.4512664603419266e-31,18,18,1
standard_rank27,7,wildcard,1,0.003,1.947936733174364,1.8439137715668736,0.6280442018489142,0.6507467192580398,0.648886962831596,0.6488915575125513,3.3306690738754696e-16,4.683861624749758e-31,18,18,1
standard_rank27,7,wildcard,1,0.01,1.947936733174364,1.8439137715668736,0.6280442018489142,0.6507467192580398,0.6445474932081986,0.6445990780634926,3.3306690738754696e-16,5.669937756276022e-31,18,18,1
standard_rank27,7,wildcard,1,0.03,1.947936733174364,1.8439137715668736,0.6280442018489142,0.6507467192580398,0.6321487607272686,0.6326268421649135,3.3306690738754696e-16,4.190823558986625e-31,18,18,1
standard_rank27,7,wildcard,1,0.05,1.947936733174364,1.8439137715668736,0.6280442018489142,0.6507467192580398,0.6197497691659011,0.6211165960415196,3.3306690738754696e-16,2.341930812374879e-31,18,18,1
standard_rank27,7,wildcard,2,0.001,1.6728227881412325,1.652473141458941,0.2601318843998657,0.6507467192580398,0.6500929480595448,0.6500930303517094,2.220446049250313e-16,1.4791141972893971e-31,18,18,1
standard_rank27,7,wildcard,2,0.003,1.6728227881412325,1.652473141458941,0.2601318843998657,0.6507467192580398,0.6487854054303851,0.6487861481711595,3.3306690738754696e-16,4.930380657631324e-31,18,18,1
standard_rank27,7,wildcard,2,0.01,1.6728227881412325,1.652473141458941,0.2601318843998657,0.6507467192580398,0.6442090037969875,0.6442173391225796,3.3306690738754696e-16,1.8488927466117464e-31,18,18,1
standard_rank27,7,wildcard,2,0.03,1.6728227881412325,1.652473141458941,0.2601318843998657,0.6507467192580398,0.631133549882098,0.6312107361028035,3.3306690738754696e-16,5.669937756276022e-31,18,18,1
standard_rank27,7,wildcard,2,0.05,1.6728227881412325,1.652473141458941,0.2601318843998657,0.6507467192580398,0.6180580657411379,0.6182786787997745,3.3306690738754696e-16,5.546678239835239e-31,18,18,1
standard_rank27,7,wildcard,3,0.001,2.073669741537527,1.967957122874243,0.6536443677542444,0.6507467192580398,0.650077487653309,0.650077969109367,2.220446049250313e-16,8.628166150854817e-32,18,18,1
standard_rank27,7,wildcard,3,0.003,2.073669741537527,1.967957122874243,0.6536443677542444,0.6507467192580398,0.6487390195179633,0.648743365580617,3.3306690738754696e-16,3.0814879110195774e-31,18,18,1
standard_rank27,7,wildcard,3,0.01,2.073669741537527,1.967957122874243,0.6536443677542444,0.6507467192580398,0.6440543337418059,0.6441031292662598,3.3306690738754696e-16,3.821045009664276e-31,18,18,1
standard_rank27,7,wildcard,3,0.03,2.073669741537527,1.967957122874243,0.6536443677542444,0.6507467192580398,0.6306692238213247,0.6311215488934164,3.3306690738754696e-16,4.190823558986625e-31,18,18,1
standard_rank27,7,wildcard,3,0.05,2.073669741537527,1.967957122874243,0.6536443677542444,0.6507467192580398,0.6172839571586675,0.618577629308219,3.3306690738754696e-16,3.697785493223493e-31,18,18,1
standard_rank27,7,wildcard,4,0.001,1.7333027555162093,1.6543461331680855,0.5171820897439189,0.6507467192580398,0.6500894313244752,0.6500897626204802,3.3306690738754696e-16,4.067564042545842e-31,18,18,1
standard_rank27,7,wildcard,4,0.003,1.7333027555162093,1.6543461331680855,0.5171820897439189,0.6507467192580398,0.6487748583779616,0.6487778486694669,3.3306690738754696e-16,5.423418723394456e-31,18,18,1
standard_rank27,7,wildcard,4,0.01,1.7333027555162093,1.6543461331680855,0.5171820897439189,0.6507467192580398,0.6441738843191424,0.6442074467383048,2.220446049250313e-16,1.9721522630525295e-31,18,18,1
standard_rank27,7,wildcard,4,0.03,1.7333027555162093,1.6543461331680855,0.5171820897439189,0.6507467192580398,0.6310285270164196,0.6313393640982521,2.220446049250313e-16,1.7256332301709633e-31,18,18,1
standard_rank27,7,wildcard,4,0.05,1.7333027555162093,1.6543461331680855,0.5171820897439189,0.6507467192580398,0.6178836262462453,0.6187718869068515,3.3306690738754696e-16,4.067564042545842e-31,18,18,1
standard_rank27,7,wildcard,5,0.001,1.6117405349732234,1.5769298231028253,0.3331664525198539,0.6507467192580398,0.650090803164352,0.6500909780807654,2.220446049250313e-16,1.6023737137301802e-31,18,18,1
standard_rank27,7,wildcard,5,0.003,1.6117405349732234,1.5769298231028253,0.3331664525198539,0.6507467192580398,0.6487789658428168,0.6487805441306571,3.3306690738754696e-16,2.2186712959340957e-31,18,18,1
standard_rank27,7,wildcard,5,0.01,1.6117405349732234,1.5769298231028253,0.3331664525198539,0.6507467192580398,0.64418748351938,0.6442051781485802,3.3306690738754696e-16,3.5745259767827097e-31,18,18,1
standard_rank27,7,wildcard,5,0.03,1.6117405349732234,1.5769298231028253,0.3331664525198539,0.6507467192580398,0.6310685748151784,0.6312319691891087,3.3306690738754696e-16,6.286235338479938e-31,18,18,1
standard_rank27,7,wildcard,5,0.05,1.6117405349732234,1.5769298231028253,0.3331664525198539,0.6507467192580398,0.6179492262115152,0.6184149364867716,3.3306690738754696e-16,4.683861624749758e-31,18,18,1
standard_rank27,7,wildcard,6,0.001,1.541573913174142,1.5108333490827939,0.30632127101836254,0.6507467192580398,0.6501047996942135,0.650104910510364,3.3306690738754696e-16,3.697785493223493e-31,18,18,1
standard_rank27,7,wildcard,6,0.003,1.541573913174142,1.5108333490827939,0.30632127101836254,0.6507467192580398,0.648820963404699,0.648821963641398,3.3306690738754696e-16,5.546678239835239e-31,18,18,1
standard_rank27,7,wildcard,6,0.01,1.541573913174142,1.5108333490827939,0.30632127101836254,0.6507467192580398,0.644327566674197,0.6443387938360197,3.3306690738754696e-16,4.5606021083089745e-31,18,18,1
standard_rank27,7,wildcard,6,0.03,1.541573913174142,1.5108333490827939,0.30632127101836254,0.6507467192580398,0.6314895621055863,0.6315936022119831,3.3306690738754696e-16,3.821045009664276e-31,18,18,1
standard_rank27,7,wildcard,6,0.05,1.541573913174142,1.5108333490827939,0.30632127101836254,0.6507467192580398,0.6186519906141933,0.6189496636138413,3.3306690738754696e-16,5.669937756276022e-31,18,18,1
standard_rank27,7,wildcard,7,0.001,1.57824870503876,1.5218685108190022,0.4180732121699221,0.6507467192580398,0.6501341352227435,0.6501344122052487,3.3306690738754696e-16,5.423418723394456e-31,18,18,1
standard_rank27,7,wildcard,7,0.003,1.57824870503876,1.5218685108190022,0.4180732121699221,0.6507467192580398,0.6489089667998019,0.6489114668658986,3.3306690738754696e-16,4.930380657631324e-31,18,18,1
standard_rank27,7,wildcard,7,0.01,1.57824870503876,1.5218685108190022,0.4180732121699221,0.6507467192580398,0.6446208736321236,0.6446489345010102,3.3306690738754696e-16,5.669937756276022e-31,18,18,1
standard_rank27,7,wildcard,7,0.03,1.57824870503876,1.5218685108190022,0.4180732121699221,0.6507467192580398,0.6323691475680752,0.6326290673313492,3.3306690738754696e-16,3.0814879110195774e-31,18,18,1
standard_rank27,7,wildcard,7,0.05,1.57824870503876,1.5218685108190022,0.4180732121699221,0.6507467192580398,0.6201173758759098,0.6208603114494284,3.3306690738754696e-16,8.011868568650901e-31,18,18,1
standard_rank27,7,wildcard,8,0.001,2.1312499113766905,2.068309251040089,0.5141235520817303,0.6507467192580398,0.6500794305744709,0.6500796701793812,3.3306690738754696e-16,2.465190328815662e-31,18,18,1
standard_rank27,7,wildcard,8,0.003,2.1312499113766905,2.068309251040089,0.5141235520817303,0.6507467192580398,0.6487448501837237,0.6487470146501108,3.3306690738754696e-16,4.807121141190541e-31,18,18,1
standard_rank27,7,wildcard,8,0.01,2.1312499113766905,2.068309251040089,0.5141235520817303,0.6507467192580398,0.6440737879272226,0.6440981515179757,3.3306690738754696e-16,3.0814879110195774e-31,18,18,1
standard_rank27,7,wildcard,8,0.03,2.1312499113766905,2.068309251040089,0.5141235520817303,0.6507467192580398,0.6307276527988386,0.6309551556126299,3.3306690738754696e-16,2.341930812374879e-31,18,18,1
standard_rank27,7,wildcard,8,0.05,2.1312499113766905,2.068309251040089,0.5141235520817303,0.6507467192580398,0.6173812118616188,0.6180366990631444,3.3306690738754696e-16,4.930380657631324e-31,18,18,1
standard_rank27,7,wildcard,9,0.001,1.8609479009024832,1.7461969596169435,0.6433686875329732,0.6507467192580398,0.6501644989263148,0.6501650503590225,3.3306690738754696e-16,5.300159206953673e-31,18,18,1
standard_rank27,7,wildcard,9,0.003,1.8609479009024832,1.7461969596169435,0.6433686875329732,0.6507467192580398,0.6490000557330879,0.6490050295578181,3.3306690738754696e-16,4.930380657631324e-31,18,18,1
standard_rank27,7,wildcard,9,0.01,1.8609479009024832,1.7461969596169435,0.6433686875329732,0.6507467192580398,0.6449244952966495,0.6449801859782818,3.3306690738754696e-16,2.9582283945787943e-31,18,18,1
standard_rank27,7,wildcard,9,0.03,1.8609479009024832,1.7461969596169435,0.6433686875329732,0.6507467192580398,0.63328039332553,0.633792632012057,3.3306690738754696e-16,4.190823558986625e-31,18,18,1
standard_rank27,7,wildcard,9,0.05,1.8609479009024832,1.7461969596169435,0.6433686875329732,0.6507467192580398,0.6216378891318988,0.6230916841411143,3.3306690738754696e-16,4.683861624749758e-31,18,18,1
standard_rank27,7,wildcard,10,0.001,1.5747965649365858,1.5604642598008935,0.2119799868386627,0.6507467192580398,0.6500682886542267,0.6500683509449694,3.3306690738754696e-16,3.821045009664276e-31,18,18,1
standard_rank27,7,wildcard,10,0.003,1.5747965649365858,1.5604642598008935,0.2119799868386627,0.6507467192580398,0.6487114224384425,0.6487119846573336,3.3306690738754696e-16,4.190823558986625e-31,18,18,1
standard_rank27,7,wildcard,10,0.01,1.5747965649365858,1.5604642598008935,0.2119799868386627,0.6507467192580398,0.6439623402452732,0.6439686500677811,3.3306690738754696e-16,5.7931972727168054e-31,18,18,1
standard_rank27,7,wildcard,10,0.03,1.5747965649365858,1.5604642598008935,0.2119799868386627,0.6507467192580398,0.6303931556071135,0.6304516146617913,3.3306690738754696e-16,6.039716305598372e-31,18,18,1
standard_rank27,7,wildcard,10,0.05,1.5747965649365858,1.5604642598008935,0.2119799868386627,0.6507467192580398,0.6168235423365498,0.6169908046799361,2.220446049250313e-16,3.0814879110195774e-31,18,18,1
standard_rank27,7,wildcard,11,0.001,1.8036767023853832,1.7349289867047326,0.4932251593537178,0.6507467192580398,0.650031302807943,0.6500316242572547,3.3306690738754696e-16,5.669937756276022e-31,18,18,1
standard_rank27,7,wildcard,11,0.003,1.8036767023853832,1.7349289867047326,0.4932251593537178,0.6507467192580398,0.6486004614533779,0.648603364341042,2.220446049250313e-16,2.834968878138011e-31,18,18,1
standard_rank27,7,wildcard,11,0.01,1.8036767023853832,1.7349289867047326,0.4932251593537178,0.6507467192580398,0.6435924350040034,0.6436250754363002,3.3306690738754696e-16,3.0814879110195774e-31,18,18,1
standard_rank27,7,wildcard,11,0.03,1.8036767023853832,1.7349289867047326,0.4932251593537178,0.6507467192580398,0.6292832643059286,0.6295872238393171,3.3306690738754696e-16,4.930380657631324e-31,18,18,1
standard_rank27,7,wildcard,11,0.05,1.8036767023853832,1.7349289867047326,0.4932251593537178,0.6507467192580398,0.6149737468488125,0.6158475831216627,3.3306690738754696e-16,4.5606021083089745e-31,18,18,1
standard_rank27,7,wildcard,12,0.001,1.8836517173303917,1.7886899587685379,0.5905353703228458,0.6507467192580398,0.6501638902707845,0.6501643267659187,3.3306690738754696e-16,4.5606021083089745e-31,18,18,1
standard_rank27,7,wildcard,12,0.003,1.8836517173303917,1.7886899587685379,0.5905353703228458,0.6507467192580398,0.6489982372781946,0.6490021783993801,3.3306690738754696e-16,2.834968878138011e-31,18,18,1
standard_rank27,7,wildcard,12,0.01,1.8836517173303917,1.7886899587685379,0.5905353703228458,0.6507467192580398,0.6449185054352707,0.6449627899176008,3.3306690738754696e-16,4.807121141190541e-31,18,18,1
standard_rank27,7,wildcard,12,0.03,1.8836517173303917,1.7886899587685379,0.5905353703228458,0.6507467192580398,0.6332626219196426,0.6336740199706632,3.3306690738754696e-16,4.5606021083089745e-31,18,18,1
standard_rank27,7,wildcard,12,0.05,1.8836517173303917,1.7886899587685379,0.5905353703228458,0.6507467192580398,0.6216075520810169,0.6227864827580867,3.3306690738754696e-16,2.341930812374879e-31,18,18,1
standard_rank27,7,wildcard,13,0.001,1.7378381042112019,1.6499679281263664,0.545607104611707,0.6507467192580398,0.6501187296361025,0.6501190905185175,3.3306690738754696e-16,3.4512664603419266e-31,18,18,1
standard_rank27,7,wildcard,13,0.003,1.7378381042112019,1.6499679281263664,0.545607104611707,0.6507467192580398,0.648862750958022,0.6488660090947415,3.3306690738754696e-16,2.465190328815662e-31,18,18,1
standard_rank27,7,wildcard,13,0.01,1.7378381042112019,1.6499679281263664,0.545607104611707,0.6507467192580398,0.6444668315725618,0.6445034311617145,3.3306690738754696e-16,3.821045009664276e-31,18,18,1
standard_rank27,7,wildcard,13,0.03,1.7378381042112019,1.6499679281263664,0.545607104611707,0.6507467192580398,0.6319071144258565,0.632246868025927,3.3306690738754696e-16,2.9582283945787943e-31,18,18,1
standard_rank27,7,wildcard,13,0.05,1.7378381042112019,1.6499679281263664,0.545607104611707,0.6507467192580398,0.6193474781216766,0.6203204909357419,2.220446049250313e-16,1.7256332301709633e-31,18,18,1
standard_rank27,7,wildcard,14,0.001,1.597225658286804,1.574961147175208,0.26575776259267997,0.6507467192580398,0.6501192917658859,0.6501193787325635,3.3306690738754696e-16,4.930380657631324e-31,18,18,1
standard_rank27,7,wildcard,14,0.003,1.597225658286804,1.574961147175208,0.26575776259267997,0.6507467192580398,0.6488644371512801,0.6488652218227255,3.3306690738754696e-16,4.067564042545842e-31,18,18,1
standard_rank27,7,wildcard,14,0.01,1.597225658286804,1.574961147175208,0.26575776259267997,0.6507467192580398,0.6444724499145483,0.6444812457057074,3.3306690738754696e-16,3.697785493223493e-31,18,18,1
standard_rank27,7,wildcard,14,0.03,1.597225658286804,1.574961147175208,0.26575776259267997,0.6507467192580398,0.6319239493365174,0.6320051412630608,3.3306690738754696e-16,9.244463733058732e-31,18,18,1
standard_rank27,7,wildcard,14,0.05,1.597225658286804,1.574961147175208,0.26575776259267997,0.6507467192580398,0.6193755017944856,0.619606863834387,3.3306690738754696e-16,2.588449845256445e-31,18,18,1
standard_rank27,7,wildcard,15,0.001,1.9927400340098576,1.880522215919404,0.6592791810600295,0.6507467192580398,0.6501483019094306,0.6501489086937932,3.3306690738754696e-16,5.300159206953673e-31,18,18,1
standard_rank27,7,wildcard,15,0.003,1.9927400340098576,1.880522215919404,0.6592791810600295,0.6507467192580398,0.6489514645280635,0.6489569426365965,3.3306690738754696e-16,3.821045009664276e-31,18,18,1
standard_rank27,7,wildcard,15,0.01,1.9927400340098576,1.880522215919404,0.6592791810600295,0.6507467192580398,0.6447625059888883,0.6448240382520718,3.3306690738754696e-16,4.683861624749758e-31,18,18,1
standard_rank27,7,wildcard,15,0.03,1.9927400340098576,1.880522215919404,0.6592791810600295,0.6507467192580398,0.6327938274661233,0.6333647945326915,3.3306690738754696e-16,4.067564042545842e-31,18,18,1
standard_rank27,7,wildcard,15,0.05,1.9927400340098576,1.880522215919404,0.6592791810600295,0.6507467192580398,0.6208248434206195,0.6224588634323934,3.3306690738754696e-16,4.067564042545842e-31,18,18,1
standard_rank27,7,wildcard,16,0.001,1.6484202793516345,1.6067226122428753,0.36841805694774454,0.6507467192580398,0.6501335709073663,0.650133776634644,3.3306690738754696e-16,4.683861624749758e-31,18,18,1
standard_rank27,7,wildcard,16,0.003,1.6484202793516345,1.6067226122428753,0.36841805694774454,0.6507467192580398,0.6489072686612045,0.6489091249695296,3.3306690738754696e-16,4.683861624749758e-31,18,18,1
standard_rank27,7,wildcard,16,0.01,1.6484202793516345,1.6067226122428753,0.36841805694774454,0.6507467192580398,0.6446151556895068,0.6446359678193941,3.3306690738754696e-16,7.025792437124636e-31,18,18,1
standard_rank27,7,wildcard,16,0.03,1.6484202793516345,1.6067226122428753,0.36841805694774454,0.6507467192580398,0.6323515811522397,0.6325437861237772,3.3306690738754696e-16,4.190823558986625e-31,18,18,1
standard_rank27,7,wildcard,16,0.05,1.6484202793516345,1.6067226122428753,0.36841805694774454,0.6507467192580398,0.6200876105901486,0.6206355505351193,3.3306690738754696e-16,6.162975822039155e-31,18,18,1
standard_rank27,7,wildcard,17,0.001,1.5088496467375863,1.4713182437263446,0.3344396539559322,0.6507467192580398,0.6501238458131496,0.6501239695649301,3.3306690738754696e-16,3.4512664603419266e-31,18,18,1
standard_rank27,7,wildcard,17,0.003,1.5088496467375863,1.4713182437263446,0.3344396539559322,0.6507467192580398,0.6488781002760435,0.6488792173690682,3.3306690738754696e-16,4.314083075427408e-31,18,18,1
standard_rank27,7,wildcard,17,0.01,1.5088496467375863,1.4713182437263446,0.3344396539559322,0.6507467192580398,0.6445180052548615,0.6445305475383964,3.3306690738754696e-16,2.465190328815662e-31,18,18,1
standard_rank27,7,wildcard,17,0.03,1.5088496467375863,1.4713182437263446,0.3344396539559322,0.6507467192580398,0.6320607179410359,0.6321770042414275,3.3306690738754696e-16,5.7931972727168054e-31,18,18,1
standard_rank27,7,wildcard,17,0.05,1.5088496467375863,1.4713182437263446,0.3344396539559322,0.6507467192580398,0.619603628697587,0.6199363577848648,3.3306690738754696e-16,3.3280069439011436e-31,18,18,1
standard_rank27,7,wildcard,18,0.001,1.732512965464461,1.618718725802335,0.6175361222141795,0.6507467192580398,0.6501915390325814,0.6501920363143422,3.3306690738754696e-16,5.17689969051289e-31,18,18,1
standard_rank27,7,wildcard,18,0.003,1.732512965464461,1.618718725802335,0.6175361222141795,0.6507467192580398,0.6490811792339906,0.6490856654841415,3.3306690738754696e-16,3.4512664603419266e-31,18,18,1
standard_rank27,7,wildcard,18,0.01,1.732512965464461,1.618718725802335,0.6175361222141795,0.6507467192580398,0.6451949268510255,0.6452451910012188,3.3306690738754696e-16,6.162975822039155e-31,18,18,1
standard_rank27,7,wildcard,18,0.03,1.732512965464461,1.618718725802335,0.6175361222141795,0.6507467192580398,0.6340914094542546,0.6345545206458018,3.3306690738754696e-16,5.7931972727168054e-31,18,18,1
standard_rank27,7,wildcard,18,0.05,1.732512965464461,1.618718725802335,0.6175361222141795,0.6507467192580398,0.6229879861640418,0.6243042250917665,2.220446049250313e-16,1.8488927466117464e-31,18,18,1
standard_rank27,7,wildcard,19,0.001,1.5611676646370782,1.5126139640536296,0.3863204277000546,0.6507467192580398,0.6501615920603029,0.6501618361832747,3.3306690738754696e-16,5.17689969051289e-31,18,18,1
standard_rank27,7,wildcard,19,0.003,1.5611676646370782,1.5126139640536296,0.3863204277000546,0.6507467192580398,0.6489913363025323,0.6489935390983403,3.3306690738754696e-16,4.683861624749758e-31,18,18,1
standard_rank27,7,wildcard,19,0.01,1.5611676646370782,1.5126139640536296,0.3863204277000546,0.6507467192580398,0.6448954269672595,0.6449201247645373,3.3306690738754696e-16,3.821045009664276e-31,18,18,1
standard_rank27,7,wildcard,19,0.03,1.5611676646370782,1.5126139640536296,0.3863204277000546,0.6507467192580398,0.6331927103272572,0.6334207875094969,2.220446049250313e-16,4.5606021083089745e-31,18,18,1
standard_rank27,7,wildcard,19,0.05,1.5611676646370782,1.5126139640536296,0.3863204277000546,0.6507467192580398,0.6214898254347226,0.6221398106461666,3.3306690738754696e-16,3.0814879110195774e-31,18,18,1
standard_rank27,7,wildcard,20,0.001,1.4908204138641328,1.4766678753656375,0.2049328969618088,0.6507467192580398,0.6501147606746954,0.650114806293727,3.3306690738754696e-16,3.5745259767827097e-31,18,18,1
standard_rank27,7,wildcard,20,0.003,1.4908204138641328,1.4766678753656375,0.2049328969618088,0.6507467192580398,0.6488508458798375,0.6488512576650229,3.3306690738754696e-16,4.683861624749758e-31,18,18,1
standard_rank27,7,wildcard,20,0.01,1.4908204138641328,1.4766678753656375,0.2049328969618088,0.6507467192580398,0.644427169377016,0.6444317923503639,3.3306690738754696e-16,4.807121141190541e-31,18,18,1
standard_rank27,7,wildcard,20,0.03,1.4908204138641328,1.4766678753656375,0.2049328969618088,0.6507467192580398,0.6317883198546556,0.6318311803284754,3.3306690738754696e-16,4.314083075427408e-31,18,18,1
standard_rank27,7,wildcard,20,0.05,1.4908204138641328,1.4766678753656375,0.2049328969618088,0.6507467192580398,0.6191498291316704,0.6192725016013091,3.3306690738754696e-16,5.546678239835239e-31,18,18,1
standard_rank27,7,wildcard,21,0.001,1.731170625133601,1.692154516818068,0.36546521659068,0.6507467192580398,0.6501035511065414,0.650103709383518,3.3306690738754696e-16,5.546678239835239e-31,18,18,1
standard_rank27,7,wildcard,21,0.003,1.731170625133601,1.692154516818068,0.36546521659068,0.6507467192580398,0.6488172166691454,0.648818645503889,3.3306690738754696e-16,3.944304526105059e-31,18,18,1
standard_rank27,7,wildcard,21,0.01,1.731170625133601,1.692154516818068,0.36546521659068,0.6507467192580398,0.6443150660054764,0.6443311118146263,2.220446049250313e-16,3.0814879110195774e-31,18,18,1
standard_rank27,7,wildcard,21,0.03,1.731170625133601,1.692154516818068,0.36546521659068,0.6507467192580398,0.6314519557746432,0.6316008156267477,3.3306690738754696e-16,3.944304526105059e-31,18,18,1
standard_rank27,7,wildcard,21,0.05,1.731170625133601,1.692154516818068,0.36546521659068,0.6507467192580398,0.6185891260424314,0.6190153165246798,3.3306690738754696e-16,3.0814879110195774e-31,18,18,1
standard_rank27,7,wildcard,22,0.001,2.043913600301347,1.9898332494962094,0.46706149990784984,0.6507467192580398,0.6499639057783487,0.6499641955886819,3.3306690738754696e-16,7.025792437124636e-31,18,18,1
standard_rank27,7,wildcard,22,0.003,2.043913600301347,1.9898332494962094,0.46706149990784984,0.6507467192580398,0.6483982729794938,0.6484008899044673,3.3306690738754696e-16,7.1490519535654195e-31,18,18,1
standard_rank27,7,wildcard,22,0.01,2.043913600301347,1.9898332494962094,0.46706149990784984,0.6507467192580398,0.642918499291493,0.6429479152681024,3.3306690738754696e-16,5.7931972727168054e-31,18,18,1
standard_rank27,7,wildcard,22,0.03,2.043913600301347,1.9898332494962094,0.46706149990784984,0.6507467192580398,0.6272615592808286,0.627535293143727,3.3306690738754696e-16,4.930380657631324e-31,18,18,1
standard_rank27,7,wildcard,22,0.05,2.043913600301347,1.9898332494962094,0.46706149990784984,0.6507467192580398,0.6116041118104862,0.6123906805163672,3.3306690738754696e-16,7.1490519535654195e-31,18,18,1
standard_rank27,7,wildcard,23,0.001,2.1934515972608644,2.08561688697524,0.6792879435776447,0.6507467192580398,0.6500383418086105,0.6500388258198787,3.3306690738754696e-16,2.2186712959340957e-31,18,18,1
standard_rank27,7,wildcard,23,0.003,2.1934515972608644,2.08561688697524,0.6792879435776447,0.6507467192580398,0.6486215936564459,0.6486259632034826,3.3306690738754696e-16,6.532754371361504e-31,18,18,1
standard_rank27,7,wildcard,23,0.01,2.1934515972608644,2.08561688697524,0.6792879435776447,0.6507467192580398,0.6436630479467214,0.6437121230351881,3.3306690738754696e-16,1.9721522630525295e-31,18,18,1
standard_rank27,7,wildcard,23,0.03,2.1934515972608644,2.08561688697524,0.6792879435776447,0.6507467192580398,0.6294964490509776,0.6299517374629067,3.3306690738754696e-16,3.697785493223493e-31,18,18,1
standard_rank27,7,wildcard,23,0.05,2.1934515972608644,2.08561688697524,0.6792879435776447,0.6507467192580398,0.615330974921762,0.6166339433006163,3.3306690738754696e-16,3.944304526105059e-31,18,18,1
standard_rank27,7,wildcard,24,0.001,1.6807829605290325,1.6202197205057618,0.44712349266055224,0.6507467192580398,0.650126417868863,0.6501265663988036,3.3306690738754696e-16,6.039716305598372e-31,18,18,1
standard_rank27,7,wildcard,24,0.003,1.6807829605290325,1.6202197205057618,0.44712349266055224,0.6507467192580398,0.6488858120516737,0.6488871534626832,3.3306690738754696e-16,2.465190328815662e-31,18,18,1
standard_rank27,7,wildcard,24,0.01,1.6807829605290325,1.6202197205057618,0.44712349266055224,0.6507467192580398,0.6445436607412518,0.6445587467543483,3.3306690738754696e-16,2.341930812374879e-31,18,18,1
standard_rank27,7,wildcard,24,0.03,1.6807829605290325,1.6202197205057618,0.44712349266055224,0.6507467192580398,0.6321372730640314,0.6322777866313224,3.3306690738754696e-16,4.683861624749758e-31,18,18,1
standard_rank27,7,wildcard,24,0.05,1.6807829605290325,1.6202197205057618,0.44712349266055224,0.6507467192580398,0.6197305880540537,0.6201343788528092,3.3306690738754696e-16,4.314083075427408e-31,18,18,1
standard_rank27,7,wildcard,25,0.001,2.0141982605976665,1.9189551964060403,0.6120503142560428,0.6507467192580398,0.6501309737256165,0.6501314712399354,2.220446049250313e-16,1.6023737137301802e-31,18,18,1
standard_rank27,7,wildcard,25,0.003,2.0141982605976665,1.9189551964060403,0.6120503142560428,0.6507467192580398,0.6488994758030298,0.6489039657472758,3.3306690738754696e-16,4.683861624749758e-31,18,18,1
standard_rank27,7,wildcard,25,0.01,2.0141982605976665,1.9189551964060403,0.6120503142560428,0.6507467192580398,0.6445891679577844,0.6446395368440015,3.3306690738754696e-16,2.465190328815662e-31,18,18,1
standard_rank27,7,wildcard,25,0.03,2.0141982605976665,1.9189551964060403,0.6120503142560428,0.6507467192580398,0.6322736168522659,0.632739424411909,3.3306690738754696e-16,2.2186712959340957e-31,18,18,1
standard_rank27,7,wildcard,25,0.05,2.0141982605976665,1.9189551964060403,0.6120503142560428,0.6507467192580398,0.6199579123653921,0.6212870326952471,3.3306690738754696e-16,3.0814879110195774e-31,18,18,1
standard_rank27,7,wildcard,26,0.001,1.5892485521023851,1.5450165627903658,0.37233691874829006,0.6507467192580398,0.6501993892715999,0.6501995702369949,3.3306690738754696e-16,2.588449845256445e-31,18,18,1
standard_rank27,7,wildcard,26,0.003,1.5892485521023851,1.5450165627903658,0.37233691874829006,0.6507467192580398,0.6491047277434623,0.6491063601137192,3.3306690738754696e-16,6.039716305598372e-31,18,18,1
standard_rank27,7,wildcard,26,0.01,1.5892485521023851,1.5450165627903658,0.37233691874829006,0.6507467192580398,0.6452733962536222,0.645291677495074,3.3306690738754696e-16,5.053640174072107e-31,18,18,1
standard_rank27,7,wildcard,26,0.03,1.5892485521023851,1.5450165627903658,0.37233691874829006,0.6507467192580398,0.6343266012373056,0.6344948778361453,3.3306690738754696e-16,4.437342591868191e-31,18,18,1
standard_rank27,7,wildcard,26,0.05,1.5892485521023851,1.5450165627903658,0.37233691874829006,0.6507467192580398,0.6233796198250432,0.6238576574118523,3.3306690738754696e-16,3.821045009664276e-31,18,18,1
standard_rank27,7,wildcard,27,0.001,1.9165313738446845,1.8282758352446604,0.5748912742349052,0.6507467192580398,0.6501462508176722,0.6501464803932346,3.3306690738754696e-16,3.4512664603419266e-31,18,18,1
standard_rank27,7,wildcard,27,0.003,1.9165313738446845,1.8282758352446604,0.5748912742349052,0.6507467192580398,0.648945313751191,0.6489473870436967,2.220446049250313e-16,1.355854680848614e-31,18,18,1
standard_rank27,7,wildcard,27,0.01,1.9165313738446845,1.8282758352446604,0.5748912742349052,0.6507467192580398,0.6447420320876253,0.6447653463000105,2.220446049250313e-16,1.6023737137301802e-31,18,18,1
standard_rank27,7,wildcard,27,0.03,1.9165313738446845,1.8282758352446604,0.5748912742349052,0.6507467192580398,0.632732639843078,0.6329496857936989,2.220446049250313e-16,1.9721522630525295e-31,18,18,1
standard_rank27,7,wildcard,27,0.05,1.9165313738446845,1.8282758352446604,0.5748912742349052,0.6507467192580398,0.6207232249889387,0.6213464997364629,2.220446049250313e-16,3.821045009664276e-31,18,18,1
standard_rank27,7,wildcard,28,0.001,1.5810538770344853,1.5312121244210513,0.39385376996005517,0.6507467192580398,0.6501322109646193,0.6501323763414788,3.3306690738754696e-16,5.669937756276022e-31,18,18,1
standard_rank27,7,wildcard,28,0.003,1.5810538770344853,1.5312121244210513,0.39385376996005517,0.6507467192580398,0.6489031935199229,0.6489046861833886,3.3306690738754696e-16,6.162975822039155e-31,18,18,1
standard_rank27,7,wildcard,28,0.01,1.5810538770344853,1.5312121244210513,0.39385376996005517,0.6507467192580398,0.6446016235070118,0.6446183758141539,3.3306690738754696e-16,3.2047474274603605e-31,18,18,1
standard_rank27,7,wildcard,28,0.03,1.5810538770344853,1.5312121244210513,0.39385376996005517,0.6507467192580398,0.6323113479578032,0.6324664986797137,3.3306690738754696e-16,4.683861624749758e-31,18,18,1
standard_rank27,7,wildcard,28,0.05,1.5810538770344853,1.5312121244210513,0.39385376996005517,0.6507467192580398,0.6200209635154473,0.6204644527790191,3.3306690738754696e-16,5.9164567891575885e-31,18,18,1
standard_rank27,7,wildcard,29,0.001,2.030538771469559,1.9694167449555418,0.49445463606869383,0.6507467192580398,0.6501226063957196,0.6501228614638676,3.3306690738754696e-16,3.821045009664276e-31,18,18,1
standard_rank27,7,wildcard,29,0.003,2.030538771469559,1.9694167449555418,0.49445463606869383,0.6507467192580398,0.6488743750801063,0.6488766775355752,3.3306690738754696e-16,5.546678239835239e-31,18,18,1
standard_rank27,7,wildcard,29,0.01,2.030538771469559,1.9694167449555418,0.49445463606869383,0.6507467192580398,0.6445055197243357,0.644531371004634,2.220446049250313e-16,8.628166150854817e-32,18,18,1
standard_rank27,7,wildcard,29,0.03,2.030538771469559,1.9694167449555418,0.49445463606869383,0.6507467192580398,0.6320230095975371,0.6322627669357479,3.3306690738754696e-16,5.300159206953673e-31,18,18,1
standard_rank27,7,wildcard,29,0.05,2.030538771469559,1.9694167449555418,0.49445463606869383,0.6507467192580398,0.6195411999813684,0.6202277804835756,3.3306690738754696e-16,3.0814879110195774e-31,18,18,1
standard_rank27,7,wildcard,30,0.001,1.7553000663936826,1.6803027549083571,0.5076031667839084,0.6507467192580398,0.6500937841485224,0.6500941280900242,3.3306690738754696e-16,5.546678239835239e-31,18,18,1
standard_rank27,7,wildcard,30,0.003,1.7553000663936826,1.6803027549083571,0.5076031667839084,0.6507467192580398,0.6487879196143311,0.6487910235099359,3.3306690738754696e-16,1.9721522630525295e-31,18,18,1
standard_rank27,7,wildcard,30,0.01,1.7553000663936826,1.6803027549083571,0.5076031667839084,0.6507467192580398,0.6442174551444367,0.6442522718381297,3.3306690738754696e-16,2.0954117794933126e-31,18,18,1
standard_rank27,7,wildcard,30,0.03,1.7553000663936826,1.6803027549083571,0.5076031667839084,0.6507467192580398,0.6311595550991059,0.6314814755310106,3.3306690738754696e-16,2.341930812374879e-31,18,18,1
standard_rank27,7,wildcard,30,0.05,1.7553000663936826,1.6803027549083571,0.5076031667839084,0.6507467192580398,0.6181026084938016,0.6190210953104436,3.3306690738754696e-16,3.0814879110195774e-31,18,18,1
standard_rank27,7,wildcard,31,0.001,2.249230126606989,2.1544380653268584,0.6460903846267605,0.6507467192580398,0.6499972938435296,0.6499976409464225,3.3306690738754696e-16,4.314083075427408e-31,18,18,1
standard_rank27,7,wildcard,31,0.003,2.249230126606989,2.1544380653268584,0.6460903846267605,0.6507467192580398,0.64849843890748,0.6485015767328162,3.3306690738754696e-16,1.9721522630525295e-31,18,18,1
standard_rank27,7,wildcard,31,0.01,2.249230126606989,2.1544380653268584,0.6460903846267605,0.6507467192580398,0.6432524050355094,0.6432878135540354,3.3306690738754696e-16,2.588449845256445e-31,18,18,1
standard_rank27,7,wildcard,31,0.03,2.249230126606989,2.1544380653268584,0.6460903846267605,0.6507467192580398,0.6282634191726393,0.6285963316911949,3.3306690738754696e-16,2.834968878138011e-31,18,18,1
standard_rank27,7,wildcard,31,0.05,2.249230126606989,2.1544380653268584,0.6460903846267605,0.6507467192580398,0.613274059751893,0.6142394035723016,3.3306690738754696e-16,4.5606021083089745e-31,18,18,1
standard_rank27,7,wildcard,32,0.001,1.457466034301767,1.4280714307667768,0.29123741135206327,0.6507467192580398,0.6501780402146681,0.6501781650685791,3.3306690738754696e-16,3.4512664603419266e-31,18,18,1
standard_rank27,7,wildcard,32,0.003,1.457466034301767,1.4280714307667768,0.29123741135206327,0.6507467192580398,0.6490406790471908,0.6490418051703374,3.3306690738754696e-16,3.821045009664276e-31,18,18,1
standard_rank27,7,wildcard,32,0.01,1.457466034301767,1.4280714307667768,0.29123741135206327,0.6507467192580398,0.6450598834953412,0.6450724913039464,3.3306690738754696e-16,2.2186712959340957e-31,18,18,1
standard_rank27,7,wildcard,32,0.03,1.457466034301767,1.4280714307667768,0.29123741135206327,0.6507467192580398,0.6336859343279201,0.6338018969531225,3.3306690738754696e-16,2.588449845256445e-31,18,18,1
standard_rank27,7,wildcard,32,0.05,1.457466034301767,1.4280714307667768,0.29123741135206327,0.6507467192580398,0.6223116722483548,0.6226408889494766,3.3306690738754696e-16,5.053640174072107e-31,18,18,1
standard_rank27,7,wildcard,33,0.001,1.9644285918896016,1.9184434194783329,0.42255714275544376,0.6507467192580398,0.6500647070989154,0.6500649465530308,3.3306690738754696e-16,6.656013887802287e-31,18,18,1
standard_rank27,7,wildcard,33,0.003,1.9644285918896016,1.9184434194783329,0.42255714275544376,0.6507467192580398,0.64870068184501,0.64870284426957,3.3306690738754696e-16,7.642090019328552e-31,18,18,1
standard_rank27,7,wildcard,33,0.01,1.9644285918896016,1.9184434194783329,0.42255714275544376,0.6507467192580398,0.6439265836759241,0.6439508977519508,3.3306690738754696e-16,3.821045009664276e-31,18,18,1
standard_rank27,7,wildcard,33,0.03,1.9644285918896016,1.9184434194783329,0.42255714275544376,0.6507467192580398,0.6302862204542234,0.6305125702577841,3.3306690738754696e-16,2.341930812374879e-31,18,18,1
standard_rank27,7,wildcard,33,0.05,1.9644285918896016,1.9184434194783329,0.42255714275544376,0.6507467192580398,0.6166457372870625,0.617295969142837,2.220446049250313e-16,1.9721522630525295e-31,18,18,1
standard_rank27,7,wildcard,34,0.001,1.6447276603291499,1.621530607397988,0.2752590887206296,0.6507467192580398,0.6500801797345508,0.6500802826089771,3.3306690738754696e-16,2.711709361697228e-31,18,18,1
standard_rank27,7,wildcard,34,0.003,1.6447276603291499,1.621530607397988,0.2752590887206296,0.6507467192580398,0.648747099155276,0.6487480278227828,3.3306690738754696e-16,4.683861624749758e-31,18,18,1
standard_rank27,7,wildcard,34,0.01,1.6447276603291499,1.621530607397988,0.2752590887206296,0.6507467192580398,0.6440813011701323,0.6440917292490344,3.3306690738754696e-16,4.067564042545842e-31,18,18,1
standard_rank27,7,wildcard,34,0.03,1.6447276603291499,1.621530607397988,0.2752590887206296,0.6507467192580398,0.6307503163051424,0.630847045471037,3.3306690738754696e-16,6.656013887802287e-31,18,18,1
standard_rank27,7,wildcard,34,0.05,1.6447276603291499,1.621530607397988,0.2752590887206296,0.6507467192580398,0.6174191417600751,0.617696077981101,2.220446049250313e-16,1.9721522630525295e-31,18,18,1
standard_rank27,7,wildcard,35,0.001,1.6416012358147622,1.619311912823204,0.2695988620476906,0.6507467192580398,0.6500447392339923,0.6500448247139298,3.3306690738754696e-16,4.930380657631324e-31,18,18,1
standard_rank27,7,wildcard,35,0.003,1.6416012358147622,1.619311912823204,0.2695988620476906,0.6507467192580398,0.6486407772450966,0.648641549069506,3.3306690738754696e-16,2.465190328815662e-31,18,18,1
standard_rank27,7,wildcard,35,0.01,1.6416012358147622,1.619311912823204,0.2695988620476906,0.6507467192580398,0.6437268901044295,0.6437355640706803,3.3306690738754696e-16,2.465190328815662e-31,18,18,1
standard_rank27,7,wildcard,35,0.03,1.6416012358147622,1.619311912823204,0.2695988620476906,0.6507467192580398,0.6296870445458943,0.6297676912415345,2.220446049250313e-16,1.7256332301709633e-31,18,18,1
standard_rank27,7,wildcard,35,0.05,1.6416012358147622,1.619311912823204,0.2695988620476906,0.6507467192580398,0.6156469620190191,0.6158783973472076,2.220446049250313e-16,1.8488927466117464e-31,18,18,1
standard_rank27,7,wildcard,36,0.001,1.824578213410757,1.7481444526458878,0.5225673444988707,0.6507467192580398,0.6501749590310553,0.6501751486536171,3.3306690738754696e-16,5.300159206953673e-31,18,18,1
standard_rank27,7,wildcard,36,0.003,1.824578213410757,1.7481444526458878,0.5225673444988707,0.6507467192580398,0.6490314345976299,0.6490331468093133,3.3306690738754696e-16,2.9582283945787943e-31,18,18,1
standard_rank27,7,wildcard,36,0.01,1.824578213410757,1.7481444526458878,0.5225673444988707,0.6507467192580398,0.6450290696428034,0.6450483147643861,3.3306690738754696e-16,5.300159206953673e-31,18,18,1
standard_rank27,7,wildcard,36,0.03,1.824578213410757,1.7481444526458878,0.5225673444988707,0.6507467192580398,0.6335937994508744,0.6337728773649279,3.3306690738754696e-16,3.0814879110195774e-31,18,18,1
standard_rank27,7,wildcard,36,0.05,1.824578213410757,1.7481444526458878,0.5225673444988707,0.6507467192580398,0.6221593763841752,0.6226740463918927,3.3306690738754696e-16,5.7931972727168054e-31,18,18,1
standard_rank27,7,wildcard,37,0.001,1.837089622552068,1.7905498501128125,0.4108886899751363,0.6507467192580398,0.6500498073201829,0.6500501152817462,3.3306690738754696e-16,5.669937756276022e-31,18,18,1
standard_rank27,7,wildcard,37,0.003,1.837089622552068,1.7905498501128125,0.4108886899751363,0.6507467192580398,0.6486559790710721,0.6486587587580253,3.3306690738754696e-16,6.162975822039155e-31,18,18,1
standard_rank27,7,wildcard,37,0.01,1.837089622552068,1.7905498501128125,0.4108886899751363,0.6507467192580398,0.6437775359314184,0.6438087357569512,2.220446049250313e-16,1.6023737137301802e-31,18,18,1
standard_rank27,7,wildcard,37,0.03,1.837089622552068,1.7905498501128125,0.4108886899751363,0.6507467192580398,0.6298387892407317,0.6301278317947634,3.3306690738754696e-16,4.067564042545842e-31,18,18,1
standard_rank27,7,wildcard,37,0.05,1.837089622552068,1.7905498501128125,0.4108886899751363,0.6507467192580398,0.6158996449990699,0.6167261170584838,3.3306690738754696e-16,2.834968878138011e-31,18,18,1
standard_rank27,7,wildcard,38,0.001,1.82235675412615,1.7915756072323537,0.3335280840937107,0.6507467192580398,0.6501316137962608,0.6501317524006123,2.220446049250313e-16,2.9582283945787943e-31,18,18,1
standard_rank27,7,wildcard,38,0.003,1.82235675412615,1.7915756072323537,0.3335280840937107,0.6507467192580398,0.6489013993476764,0.6489026502936044,3.3306690738754696e-16,5.300159206953673e-31,18,18,1
standard_rank27,7,wildcard,38,0.01,1.82235675412615,1.7915756072323537,0.3335280840937107,0.6507467192580398,0.6445956127162881,0.6446096494138644,3.3306690738754696e-16,8.997944700177166e-31,18,18,1
standard_rank27,7,wildcard,38,0.03,1.82235675412615,1.7915756072323537,0.3335280840937107,0.6507467192580398,0.6322930798889276,0.6324230140695578,3.3306690738754696e-16,8.135128085091684e-31,18,18,1
standard_rank27,7,wildcard,38,0.05,1.82235675412615,1.7915756072323537,0.3335280840937107,0.6507467192580398,0.6199901820913327,0.6203614378797198,3.3306690738754696e-16,4.437342591868191e-31,18,18,1
standard_rank27,7,wildcard,39,0.001,2.1224165163340123,1.987359229410541,0.7450202427344812,0.6507467192580398,0.6500709538803411,0.6500716161237909,3.3306690738754696e-16,4.5606021083089745e-31,18,18,1
standard_rank27,7,wildcard,39,0.003,2.1224165163340123,1.987359229410541,0.7450202427344812,0.6507467192580398,0.6487194176031618,0.6487253944675371,3.3306690738754696e-16,4.067564042545842e-31,18,18,1
standard_rank27,7,wildcard,39,0.01,2.1224165163340123,1.987359229410541,0.7450202427344812,0.6507467192580398,0.6439889918659499,0.6440560508263911,3.3306690738754696e-16,2.2186712959340957e-31,18,18,1
standard_rank27,7,wildcard,39,0.03,2.1224165163340123,1.987359229410541,0.7450202427344812,0.6507467192580398,0.6304733049554228,0.6310935961699816,3.3306690738754696e-16,4.683861624749758e-31,18,18,1
standard_rank27,7,wildcard,39,0.05,2.1224165163340123,1.987359229410541,0.7450202427344812,0.6507467192580398,0.6169579215761998,0.6187276967445082,3.3306690738754696e-16,5.053640174072107e-31,18,18,1
standard_rank27,7,wildcard,40,0.001,1.5031509782119739,1.4783657328071738,0.27184117304250005,0.6507467192580398,0.6501145799658258,0.6501146782484413,3.3306690738754696e-16,2.711709361697228e-31,18,18,1
standard_rank27,7,wildcard,40,0.003,1.5031509782119739,1.4783657328071738,0.27184117304250005,0.6507467192580398,0.6488503007923944,0.6488511878624863,3.3306690738754696e-16,3.5745259767827097e-31,18,18,1
standard_rank27,7,wildcard,40,0.01,1.5031509782119739,1.4783657328071738,0.27184117304250005,0.6507467192580398,0.6444253175220462,0.6444352727451711,3.3306690738754696e-16,4.5606021083089745e-31,18,18,1
standard_rank27,7,wildcard,40,0.03,1.5031509782119739,1.4783657328071738,0.27184117304250005,0.6507467192580398,0.6317824558759957,0.6318746456980139,3.3306690738754696e-16,2.711709361697228e-31,18,18,1
standard_rank27,7,wildcard,40,0.05,1.5031509782119739,1.4783657328071738,0.27184117304250005,0.6507467192580398,0.6191395180070502,0.6194030159999281,3.3306690738754696e-16,3.0814879110195774e-31,18,18,1
standard_rank27,7,wildcard,41,0.001,1.4866859870381441,1.4580931430895854,0.2901716907810175,0.6507467192580398,0.6501111134749689,0.6501112218021612,3.3306690738754696e-16,5.300159206953673e-31,18,18,1
standard_rank27,7,wildcard,41,0.003,1.4866859870381441,1.4580931430895854,0.2901716907810175,0.6507467192580398,0.648839899008193,0.6488408768349911,3.3306690738754696e-16,6.656013887802287e-31,18,18,1
standard_rank27,7,wildcard,41,0.01,1.4866859870381441,1.4580931430895854,0.2901716907810175,0.6507467192580398,0.6443906184836086,0.6444015960315785,2.220446049250313e-16,1.6023737137301802e-31,18,18,1
standard_rank27,7,wildcard,41,0.03,1.4866859870381441,1.4580931430895854,0.2901716907810175,0.6507467192580398,0.6316781463448308,0.6317799021685986,3.3306690738754696e-16,2.9582283945787943e-31,18,18,1
standard_rank27,7,wildcard,41,0.05,1.4866859870381441,1.4580931430895854,0.2901716907810175,0.6507467192580398,0.6189653498563734,0.6192564649880752,3.3306690738754696e-16,5.546678239835239e-31,18,18,1
standard_rank27,7,wildcard,42,0.001,1.6748978120518614,1.6432404301737544,0.32410425708170904,0.6507467192580398,0.6500818306186913,0.6500819546142402,2.220446049250313e-16,2.465190328815662e-31,18,18,1
standard_rank27,7,wildcard,42,0.003,1.6748978120518614,1.6432404301737544,0.32410425708170904,0.6507467192580398,0.6487520530350505,0.6487531725391076,3.3306690738754696e-16,4.807121141190541e-31,18,18,1
standard_rank27,7,wildcard,42,0.01,1.6748978120518614,1.6432404301737544,0.32410425708170904,0.6507467192580398,0.6440978283082813,0.6441104059693289,3.3306690738754696e-16,3.0814879110195774e-31,18,18,1
standard_rank27,7,wildcard,42,0.03,1.6748978120518614,1.6432404301737544,0.32410425708170904,0.6507467192580398,0.6308000165307837,0.6309168536477479,3.3306690738754696e-16,4.314083075427408e-31,18,18,1
standard_rank27,7,wildcard,42,0.05,1.6748978120518614,1.6432404301737544,0.32410425708170904,0.6507467192580398,0.6175021660747197,0.6178371212321228,3.3306690738754696e-16,4.190823558986625e-31,18,18,1
standard_rank27,7,wildcard,43,0.001,1.5017465559397134,1.4865942409071375,0.212791637943135,0.6507467192580398,0.6501125421533329,0.6501125958954792,3.3306690738754696e-16,6.039716305598372e-31,18,18,1
standard_rank27,7,wildcard,43,0.003,1.5017465559397134,1.4865942409071375,0.212791637943135,0.6507467192580398,0.6488441864809609,0.6488446716463581,3.3306690738754696e-16,4.190823558986625e-31,18,18,1
standard_rank27,7,wildcard,43,0.01,1.5017465559397134,1.4865942409071375,0.212791637943135,0.6507467192580398,0.6444049263936297,0.6444103753456045,3.3306690738754696e-16,5.300159206953673e-31,18,18,1
standard_rank27,7,wildcard,43,0.03,1.5017465559397134,1.4865942409071375,0.212791637943135,0.6507467192580398,0.6317211987528133,0.6317717710361799,3.3306690738754696e-16,3.2047474274603605e-31,18,18,1
standard_rank27,7,wildcard,43,0.05,1.5017465559397134,1.4865942409071375,0.212791637943135,0.6507467192580398,0.6190372901492321,0.6191821730393829,2.220446049250313e-16,2.2186712959340957e-31,18,18,1
standard_rank27,7,wildcard,44,0.001,1.6968744676252834,1.6628115539082688,0.33829084390174824,0.6507467192580398,0.6500629813823667,0.6500631137800296,3.3306690738754696e-16,4.067564042545842e-31,18,18,1
standard_rank27,7,wildcard,44,0.003,1.6968744676252834,1.6628115539082688,0.33829084390174824,0.6507467192580398,0.6486955152736824,0.6486967104181909,3.3306690738754696e-16,3.4512664603419266e-31,18,18,1
standard_rank27,7,wildcard,44,0.01,1.6968744676252834,1.6628115539082688,0.33829084390174824,0.6507467192580398,0.6439094885237923,0.6439229077540856,3.3306690738754696e-16,4.930380657631324e-31,18,18,1
standard_rank27,7,wildcard,44,0.03,1.6968744676252834,1.6628115539082688,0.33829084390174824,0.6507467192580398,0.6302361087955413,0.6303605743410218,3.3306690738754696e-16,4.314083075427408e-31,18,18,1
standard_rank27,7,wildcard,44,0.05,1.6968744676252834,1.6628115539082688,0.33829084390174824,0.6507467192580398,0.6165643962187208,0.6169208234770528,2.220446049250313e-16,1.7256332301709633e-31,18,18,1
standard_rank27,7,wildcard,45,0.001,2.0954520853901255,2.0239263693339895,0.5428088924109109,0.6507467192580398,0.6499968302166285,0.649997302039582,3.3306690738754696e-16,4.807121141190541e-31,18,18,1
standard_rank27,7,wildcard,45,0.003,2.0954520853901255,2.0239263693339895,0.5428088924109109,0.6507467192580398,0.6484970510869673,0.6485013111589695,3.3306690738754696e-16,5.669937756276022e-31,18,18,1
standard_rank27,7,wildcard,45,0.01,2.0954520853901255,2.0239263693339895,0.5428088924109109,0.6507467192580398,0.6432478131869891,0.6432956816440947,3.3306690738754696e-16,5.7931972727168054e-31,18,18,1
standard_rank27,7,wildcard,45,0.03,2.0954520853901255,2.0239263693339895,0.5428088924109109,0.6507467192580398,0.6282498979325136,0.6286946755869199,3.3306690738754696e-16,5.300159206953673e-31,18,18,1
standard_rank27,7,wildcard,45,0.05,2.0954520853901255,2.0239263693339895,0.5428088924109109,0.6507467192580398,0.6132518481375979,0.6145270244523764,3.3306690738754696e-16,4.683861624749758e-31,18,18,1
standard_rank27,7,wildcard,46,0.001,1.8591662133361813,1.799682827251666,0.4665198067673491,0.6507467192580398,0.6501674979532609,0.6501677167600602,3.3306690738754696e-16,5.423418723394456e-31,18,18,1
standard_rank27,7,wildcard,46,0.003,1.8591662133361813,1.799682827251666,0.4665198067673491,0.6507467192580398,0.6490090559931755,0.64901103118323,3.3306690738754696e-16,4.683861624749758e-31,18,18,1
standard_rank27,7,wildcard,46,0.01,1.8591662133361813,1.799682827251666,0.4665198067673491,0.6507467192580398,0.6449545160035237,0.6449766942180044,3.3306690738754696e-16,2.834968878138011e-31,18,18,1
standard_rank27,7,wildcard,46,0.03,1.8591662133361813,1.799682827251666,0.4665198067673491,0.6507467192580398,0.6333701762288407,0.6335758219364209,2.220446049250313e-16,1.232595164407831e-31,18,18,1
standard_rank27,7,wildcard,46,0.05,1.8591662133361813,1.799682827251666,0.4665198067673491,0.6507467192580398,0.6217859288963201,0.6223743030608624,3.3306690738754696e-16,5.669937756276022e-31,18,18,1
standard_rank27,7,wildcard,47,0.001,2.0195004887515835,1.9036547338984773,0.6741519696431963,0.6507467192580398,0.6501426308589912,0.650143263582198,3.3306690738754696e-16,4.930380657631324e-31,18,18,1
standard_rank27,7,wildcard,47,0.003,2.0195004887515835,1.9036547338984773,0.6741519696431963,0.6507467192580398,0.6489344513361094,0.648940156808016,3.3306690738754696e-16,3.3280069439011436e-31,18,18,1
standard_rank27,7,wildcard,47,0.01,2.0195004887515835,1.9036547338984773,0.6741519696431963,0.6507467192580398,0.6447057950594146,0.6447696147318884,3.3306690738754696e-16,4.683861624749758e-31,18,18,1
standard_rank27,7,wildcard,47,0.03,2.0195004887515835,1.9036547338984773,0.6741519696431963,0.6507467192580398,0.6326236971610021,0.6332089445581526,3.3306690738754696e-16,3.5745259767827097e-31,18,18,1
standard_rank27,7,wildcard,47,0.05,2.0195004887515835,1.9036547338984773,0.6741519696431963,0.6507467192580398,0.6205413102209407,0.6221968241221405,3.3306690738754696e-16,2.9582283945787943e-31,18,18,1
standard_rank27,7,wildcard,48,0.001,1.4733717315788302,1.4614099383226362,0.1873639548777405,0.6507467192580398,0.6501271670487228,0.6501272002135001,3.3306690738754696e-16,3.944304526105059e-31,18,18,1
standard_rank27,7,wildcard,48,0.003,1.4733717315788302,1.4614099383226362,0.1873639548777405,0.6507467192580398,0.6488880658467409,0.6488883652834366,3.3306690738754696e-16,6.162975822039155e-31,18,18,1
standard_rank27,7,wildcard,48,0.01,1.4733717315788302,1.4614099383226362,0.1873639548777405,0.6507467192580398,0.6445512460436637,0.6445546105778612,3.3306690738754696e-16,5.546678239835239e-31,18,18,1
standard_rank27,7,wildcard,48,0.03,1.4733717315788302,1.4614099383226362,0.1873639548777405,0.6507467192580398,0.6321606431690732,0.6321919175847244,3.3306690738754696e-16,4.437342591868191e-31,18,18,1
standard_rank27,7,wildcard,48,0.05,1.4733717315788302,1.4614099383226362,0.1873639548777405,0.6507467192580398,0.6197705404544223,0.6198603113027017,3.3306690738754696e-16,2.465190328815662e-31,18,18,1
